Date,Close,High,Low,Open,Volume
2018-01-02,40.23237609863281,40.24172033918654,39.5317077360136,39.741910383069516,102223600
2018-01-03,40.22537612915039,40.7672281267938,40.16231853236063,40.295443689367616,118071600
2018-01-04,40.41221618652344,40.514981452143,40.19033857963591,40.297772401850075,89738400
2018-01-05,40.87232971191406,40.958744354322555,40.41689589359532,40.50798265725906,94640000
2018-01-08,40.72050857543945,41.01478798653484,40.6224118746243,40.72050857543945,82271200
2018-01-09,40.71584701538086,40.886342019408715,40.500975769423384,40.76722965721681,86336000
2018-01-10,40.70648956298828,40.70882740472124,40.40520377343591,40.44257360333201,95839600
2018-01-11,40.93771743774414,40.98676579221811,40.7532096664602,40.776563140765795,74670800
2018-01-12,41.36045455932617,41.42351571282372,41.024133159050905,41.147917623904476,101672400
2018-01-16,41.15026092529297,41.89763993406561,41.13858240438722,41.54963996826612,118263600
2018-01-17,41.82990646362305,41.86493845941443,40.88867549633279,41.14091299359858,137547200
2018-01-18,41.86726760864258,42.06345745239051,41.63137721705079,41.89295892367008,124773600
2018-01-19,41.680423736572266,41.942005431691854,41.43518911550599,41.71545572653174,129700400
2018-01-22,41.33943176269531,41.52160524468248,41.24601074354723,41.4094993089481,108434400
2018-01-23,41.34877014160156,41.909306916694824,41.29739107857335,41.4094970080787,130756400
2018-01-24,40.69015884399414,41.4095123215931,40.4519305373865,41.397833799583836,204420400
2018-01-25,39.96379470825195,40.86064950797437,39.828331707702596,40.75788422729664,166116000
2018-01-26,40.05721664428711,40.171660448294,39.71856091721823,40.171660448294,156572000
2018-01-29,39.22808074951172,39.74190341255403,39.020215980944386,39.74190341255403,202561600
2018-01-30,38.99686813354492,39.09028916200144,38.4666947094055,38.66054672904738,184192800
2018-01-31,39.10429382324219,39.34018775125438,38.88708837357323,38.97350298510393,129915600
2018-02-01,39.186038970947266,39.38222522360861,38.947810770553936,39.04356961903732,188923200
2018-02-02,37.48575973510742,38.95716410101793,37.392338706452456,38.770318479924185,346375200
2018-02-05,36.549198150634766,38.275177718301975,36.43475436997214,37.158779760529875,290954000
2018-02-06,38.076656341552734,38.237810644644064,35.967644731061384,36.16149675044778,272975200
2018-02-07,37.26154708862305,38.163073981925415,37.151778975373574,38.09067214468713,206434400
2018-02-08,36.236228942871094,37.60253360818496,36.20820335015767,37.436707202469265,217562000
2018-02-09,36.67945098876953,37.026522336386975,35.232534933914586,36.83422735479435,282690400
2018-02-12,38.1568603515625,38.43357852431035,36.93741390436866,37.16957849038807,243278000
2018-02-13,38.539100646972656,38.63524992743858,37.90827262494443,37.9786258442686,130196800
2018-02-14,39.24966049194336,39.28952648112908,38.19672031477499,38.234238930394085,162579600
2018-02-15,40.56760787963867,40.59105657176893,39.63191811060933,39.81717816518889,204588800
2018-02-16,40.436275482177734,40.99675390725299,40.2815026814743,40.419861757422765,160704400
2018-02-20,40.30025863647461,40.865421001998236,40.199418192113605,40.3471595876204,135722000
2018-02-21,40.117347717285156,40.83259536786897,40.10327420960197,40.53008115148343,149886400
2018-02-22,40.45268630981445,40.79272266748071,40.26742630638958,40.28853119697347,123967600
2018-02-23,41.156211853027344,41.191386671149125,40.696573952461684,40.727061180375976,135249600
2018-02-26,41.96996307373047,42.06845615928356,41.32272126367563,41.35555229219334,152648800
2018-02-27,41.83395004272461,42.32407170138227,41.78001411689453,42.00045256808782,155712400
2018-02-28,41.7706298828125,42.35690081010692,41.75421615757141,42.037969282526205,151128400
2018-03-01,41.03895950317383,42.159909082195455,40.49021084632658,41.86911745238018,195208000
2018-03-02,41.32273483276367,41.343839734102296,40.440980785924424,40.523060173327835,153816000
2018-03-05,41.46577835083008,41.68152565643168,40.92640829766891,41.08821967144869,113605600
2018-03-06,41.43058395385742,41.80110752428369,41.303951037077454,41.72137555526249,95154000
2018-03-07,41.04600524902344,41.23830385594145,40.867780151986494,41.02490035167319,126814000
2018-03-08,41.4939079284668,41.53611771378168,41.055378460010644,41.151524163776784,95096400
2018-03-09,42.20681381225586,42.21150498140383,41.59943801604093,41.733109499405906,128740800
2018-03-12,42.61485290527344,42.771973052888505,42.26074662437796,42.27950414137444,128828400
2018-03-13,42.2044677734375,43.03228195752703,42.03327768092932,42.818878501558245,126774000
2018-03-14,41.84568405151367,42.333462006333335,41.69794259827233,42.28656103685953,117473600
2018-03-15,41.89491271972656,42.26778369281401,41.758901034006826,41.85973790071512,90975200
2018-03-16,41.74717712402344,42.005134159904195,41.653371637810366,41.894914950049724,157618800
2018-03-19,41.10932159423828,41.61820437252176,40.72472797672701,41.58302954525192,133787200
2018-03-20,41.095245361328125,41.46107782208997,41.02489213926311,41.095245361328125,78597600
2018-03-21,40.164249420166016,41.06006953035237,40.16190204635174,41.04834339622222,148219600
2018-03-22,39.59672927856445,40.49489295022914,39.5381022015031,39.86641240172156,165963200
2018-03-23,38.679805755615234,39.847656274311774,38.679805755615234,39.488858804240465,164115200
2018-03-26,40.51601028442383,40.59339847247877,39.031571938963225,39.413821710118775,150164800
2018-03-27,39.47714614868164,41.07414789954992,39.144144625182754,40.7294202395115,163690400
2018-03-28,39.04095458984375,39.87111626930547,38.7384403503099,39.22152704663509,166674000
2018-03-29,39.34580612182617,40.27680444981325,39.13943765265633,39.35284108524669,153594000
2018-04-02,39.087852478027344,39.61784367192837,38.569590996327946,39.078473717905176,150347200
2018-04-03,39.48885726928711,39.573280410628975,38.66573432493875,39.31297602301765,121112000
2018-04-04,40.24397659301758,40.33777849821083,38.639940397345,38.66573645802015,138422000
2018-04-05,40.523048400878906,40.85839366355364,40.35420208259207,40.471456271496045,107732800
2018-04-06,39.48651123046875,40.447993175120004,39.44429787303993,40.09388690761146,140021200
2018-04-09,39.878150939941406,40.59105484435307,39.83124997936275,39.838284944533854,116070800
2018-04-10,40.628578186035156,40.80445947688379,40.225223472757165,40.56995108908561,113634400
2018-04-11,40.43861770629883,40.78568903885256,40.26508025086536,40.389369381678115,89726400
2018-04-12,40.83728790283203,41.03896524660504,40.579327261385,40.66609779258834,91557200
2018-04-13,40.975650787353516,41.23595524849731,40.76928583335497,40.98737692274658,100497200
2018-04-16,41.23125076293945,41.31801768833088,40.99908625921456,41.04598720325553,86313600
2018-04-17,41.798763275146484,41.96291837967504,41.3696126301064,41.38837372466865,106421600
2018-04-18,41.7049674987793,41.93478827686572,41.479841468316096,41.69793253397193,83018000
2018-04-19,40.523048400878906,41.1304242406062,40.49021737111835,40.74817443971879,139235200
2018-04-20,38.86271667480469,40.15251235509052,38.794707262352645,40.00711835073657,261964400
2018-04-23,38.750160217285156,39.144132519307874,38.48047347353814,39.12302762705238,146062000
2018-04-24,38.21078872680664,39.0057718403514,37.80743410382036,38.85099548025622,134768000
2018-04-25,38.377281188964844,38.792361874594874,38.086493192197295,38.135737930476424,113528400
2018-04-26,38.51097869873047,38.86508517696515,38.31164508100453,38.48752642194564,111852000
2018-04-27,38.065406799316406,38.53676741485826,37.66908701419298,38.459379210220455,142623200
2018-04-30,38.75485610961914,39.22387290010459,37.95283782728673,38.02084726576304,169709600
2018-05-01,39.65536880493164,39.678817496129916,38.757201272985704,39.02454068518083,214277600
2018-05-02,41.407142639160156,41.6838607850088,40.75755348322687,41.0928987187872,266157600
2018-05-03,41.482200622558594,41.625250923795505,40.907655621245276,41.24534837028422,136272800
2018-05-04,43.10968017578125,43.20817327569584,41.782361755300954,41.80112285694862,224805200
2018-05-07,43.42156219482422,44.010176800741654,43.325412923046954,43.42624978492575,169805600
2018-05-08,43.630279541015625,43.67014553139931,43.07214851901718,43.38170126079182,113611200
2018-05-09,43.93749237060547,43.946871131806425,43.43564455597334,43.74754114603787,92844800
2018-05-10,44.56596755981445,44.643355748706455,44.00549271751808,44.026601189625815,111957200
2018-05-11,44.39646911621094,44.74252598594442,44.1280988490821,44.608342648435915,104848800
2018-05-14,44.292884826660156,44.61775540501517,44.22461674459871,44.49533983182012,83115200
2018-05-15,43.890342712402344,44.038653857301725,43.574890568370826,43.9703821652857,94780800
2018-05-16,44.29995346069336,44.36587231146577,43.78675557653705,43.80323618725819,76732400
2018-05-17,44.01980972290039,44.47180154910727,43.8714986140111,44.2575751900698,69176000
2018-05-18,43.85973358154297,44.212852583391616,43.81736102553501,44.06689787877009,73190800
2018-05-21,44.17046356201172,44.55654004976447,44.000966216938714,44.257565067189745,73603200
2018-05-22,44.059837341308594,44.46474743175638,43.97037937487337,44.347041093652074,60962800
2018-05-23,44.34233093261719,44.375288562931686,43.73025655007666,43.86915275622062,80233600
2018-05-24,44.292884826660156,44.455320115837665,43.83618734256598,44.43884309966214,92936000
2018-05-25,44.39411926269531,44.64600893764281,44.17518362391239,44.31172339594766,69844000
2018-05-29,44.23403549194336,44.43413768126005,43.991560749846364,44.16341457064285,90056400
2018-05-30,44.13987731933594,44.257583658854166,43.970379903060696,44.19166839609295,74762000
2018-05-31,43.99155807495117,44.31171940312337,43.819707856715965,44.073953934274336,109931200
2018-06-01,44.7849006652832,44.78960633163015,44.19872191503412,44.255222240202905,93770000
2018-06-04,45.15922164916992,45.5335270047389,45.04622455151217,45.11449265848313,105064800
2018-06-05,45.50762176513672,45.6559328937866,45.283980451471415,45.451125024403204,86264000
2018-06-06,45.66535186767578,45.68889457314305,45.18040230879515,45.58295958276537,83734400
2018-06-07,45.54292678833008,45.71712982719416,45.27926221278443,45.703005644811824,85388800
2018-06-08,45.128597259521484,45.19922176194681,44.67425263998206,45.003828861818356,106627200
2018-06-11,45.0179557800293,45.19216241765169,44.77783748614501,45.0462077379834,73234000
2018-06-12,45.2651481628418,45.34283477544598,44.99913069472254,45.055631029010755,67644400
2018-06-13,44.893192291259766,45.40639374364206,44.8319862945275,45.29810234253357,86553600
2018-06-14,44.91673278808594,45.098001528120655,44.78019302474528,45.09329226949185,86440400
2018-06-15,44.455322265625,44.76606867596771,44.31878250278761,44.73546388316103,246876800
2018-06-18,44.431793212890625,44.54479030035685,44.069255652105554,44.22933815211929,73939600
2018-06-19,43.713768005371094,43.86443193167213,43.1864424672618,43.584290351805045,134314000
2018-06-20,43.904457092285156,44.06924522085797,43.72318835479916,43.869146633345196,82514800
2018-06-21,43.65962600708008,44.33996833397004,43.53721043910938,44.08101301559192,102847600
2018-06-22,43.532501220703125,43.822057737254866,43.48071015698018,43.814995646030056,108801600
2018-06-25,42.88511276245117,43.532497410209515,42.546118044887194,43.174669253657406,126652400
2018-06-26,43.417152404785156,43.91152039626255,42.97222264930026,43.078161213268196,98276800
2018-06-27,43.35360336303711,44.088089831952125,43.32299856279475,43.605493082214934,101141200
2018-06-28,43.66904067993164,43.83618521939736,43.26883994737882,43.33946445126731,69460800
2018-06-29,43.57723617553711,44.06689492297677,43.05932905932024,43.855021380811685,90950800
2018-07-02,44.06454086303711,44.09279282544298,43.17939053675064,43.27355775791656,70925200
2018-07-03,43.29710388183594,44.24581678705579,43.2076459052671,44.20814989248861,55819200
2018-07-05,43.64550018310547,43.88326923845472,43.38183918687277,43.61254255857638,66416800
2018-07-06,44.250511169433594,44.35879896476578,43.59841719591709,43.65020826050607,69940800
2018-07-09,44.86494064331055,44.88847975166625,44.56361275630815,44.61069456513132,79026400
2018-07-10,44.8108024597168,45.0297345151261,44.7707791453936,44.89555116325542,63756400
2018-07-11,44.229331970214844,44.67661458999871,44.16576954584989,44.375286670796754,75326000
2018-07-12,44.97087860107422,45.06033655826407,44.5659685524734,44.617759623255736,72164400
2018-07-13,45.04151153564453,45.16157071738776,44.940282208513345,44.98265836167209,50055600
2018-07-16,44.942630767822266,45.352246488020654,44.82727727386679,45.08623263086396,60172400
2018-07-17,45.069759368896484,45.168632268930324,44.54008080949994,44.66955850910829,62138000
2018-07-18,44.822566986083984,45.152146850343286,44.71192275355339,45.14743759156633,65573600
2018-07-19,45.17097854614258,45.32870458400602,44.65542428942272,44.65542428942272,81147200
2018-07-20,45.06740188598633,45.30045812912671,44.76842679084426,45.147441331264595,82704800
2018-07-23,45.107425689697266,45.1898215680699,44.624828956613065,44.88849002002537,63957600
2018-07-24,45.43464279174805,45.59001600744331,45.211001486066,45.305165112002,74791600
2018-07-25,45.86309051513672,45.87015260670079,45.300450878380246,45.44876198544905,66839600
2018-07-26,45.71949005126953,46.13146216817286,45.578241031486534,45.813653669717006,76304000
2018-07-27,44.9590950012207,45.950183576144354,44.75193436664303,45.90310177701811,96096000
2018-07-30,44.707210540771484,45.24630384815853,44.5094648064374,45.17567934529309,84118000
2018-07-31,44.79667663574219,45.23219152416159,44.57303531146427,44.799033061459376,157492000
2018-08-01,47.43566131591797,47.49686732768109,46.4492814810623,46.87773433974285,271742800
2018-08-02,48.82223892211914,49.05529878452193,47.164935121370654,47.21907903570609,249616000
2018-08-03,48.96348190307617,49.14004140332828,48.372593809947276,48.737484162224085,133789600
2018-08-06,49.217735290527344,49.26010785263807,48.7469098869179,48.96584197538217,101701600
2018-08-07,48.75632095336914,49.31895712244186,48.67392507741745,49.27658456368668,102349600
2018-08-08,48.789268493652344,48.921098994216976,48.14659300734389,48.50677405071217,90102000
2018-08-09,49.17298889160156,49.384858811363216,48.77749382470525,49.32600565675037,93970400
2018-08-10,49.026519775390625,49.397415528202615,48.82335475260716,48.98635970869857,98444800
2018-08-13,49.343082427978516,49.834458423570865,49.06668410634087,49.447027835372424,103563600
2018-08-14,49.55097961425781,49.742332045788096,49.198983276632525,49.64783817493935,82992000
2018-08-15,49.66673278808594,49.78485191739147,49.21551684900846,49.42576875498392,115230400
2018-08-16,50.394351959228516,50.51010641019358,49.95730969640134,50.023456126869974,114001600
2018-08-17,51.400718688964844,51.488125687654055,50.356546060158145,50.42269248155154,141708000
2018-08-20,50.89990234375,51.778705445399396,50.81721750232455,51.523571270388054,121150800
2018-08-21,50.80067825317383,51.308592719080146,50.56207888756199,51.21645993387259,104639200
2018-08-22,50.803043365478516,51.11251493875671,50.51719345762094,50.57861771807685,76072400
2018-08-23,50.906982421875,51.27551351969438,50.696730520954475,50.708539549833304,75532800
2018-08-24,51.06526565551758,51.24007966949176,50.81721474938912,51.16921107177788,73905600
2018-08-27,51.48575973510742,51.67475103752438,51.105416045700416,51.29912951726357,82100400
2018-08-28,51.901546478271484,52.09998575718909,51.717280918603734,51.7385414974785,91107200
2018-08-29,52.676414489746094,52.79689832830849,51.83304564336104,52.00785967623927,109019200
2018-08-30,53.160709381103516,53.92375815284669,52.53940143992006,52.74020545576809,195175200
2018-08-31,53.774925231933594,54.06785841609871,53.389855650504494,53.5103358854714,173360400
2018-09-04,53.9473762512207,54.141089775298994,53.53868501730448,53.959188886707125,109560400
2018-09-05,53.59537124633789,54.25683907496072,53.17723213437342,54.096198793356,133332000
2018-09-06,52.704769134521484,53.708781965959,52.27953944967642,53.444192603882854,137160000
2018-09-07,52.27952194213867,53.24100968075021,52.14014224911029,52.4094536918725,150479200
2018-09-10,51.5778923034668,52.40945186811711,51.13848905901792,52.19683530193969,158066000
2018-09-11,52.88193893432617,52.9882454363978,51.159759902867926,51.502304678303155,142996000
2018-09-12,52.22519302368164,53.15360764020319,51.93461737319087,53.139433921586026,197114800
2018-09-13,53.48670196533203,53.94500473781186,52.57954796881852,52.80397358083536,166825600
2018-09-14,52.879573822021484,53.588288636449,52.56774117812255,53.330789785670724,127997200
2018-09-17,51.47159194946289,52.66931802312977,51.32748647029409,52.48032669893483,148780400
2018-09-18,51.55665588378906,52.40947642321117,51.29206649556021,51.45034574853688,126286800
2018-09-19,51.58735656738281,51.88265444324082,50.86210685872496,51.61806869997937,108495200
2018-09-20,51.97951889038086,52.51105512704043,51.77162800875766,52.02913052520851,106435200
2018-09-21,51.41963577270508,52.29371687275907,51.332225139402084,52.156698208794374,384986800
2018-09-24,52.15904235839844,52.27007462582272,51.17629396428062,51.22117980915976,110773600
2018-09-25,52.48978042602539,52.63861168577063,51.901545851293584,51.91335848542905,98217600
2018-09-26,52.07164764404297,52.85832164568139,51.915729494952,52.2086662958462,95938800
2018-09-27,53.14179611206055,53.49379241878552,52.808699298788234,52.87484932822745,120724800
2018-09-28,53.328433990478516,53.35205565714324,52.92210383485802,53.10400472654661,91717600
2018-10-01,53.68751907348633,54.19779470761167,53.472544942795494,53.85052409033559,94403200
2018-10-02,54.16471862792969,54.334810496992766,53.538688557565926,53.68515515409394,99152800
2018-10-03,54.82381820678711,55.15455034988667,54.28283053842638,54.346615881992015,114619200
2018-10-04,53.8599739074707,54.88997308924243,53.56231132812682,54.519077210126824,128168000
2018-10-05,52.98587417602539,53.959178192789615,52.10943230916903,53.852871703900746,134322000
2018-10-08,52.86304473876953,53.10636989634763,52.01967228806284,52.49451357213514,118655600
2018-10-09,53.59537124633789,53.68986871026096,52.503951672171496,52.83232269929613,107564000
2018-10-10,51.112518310546875,53.47254020577413,51.03928501490466,53.26228826469698,167962400
2018-10-11,50.661293029785156,51.854296937675905,50.15810799817568,50.677831437884706,212497600
2018-10-12,52.470890045166016,52.65279454925669,51.22591316903266,52.07164673313409,161351600
2018-10-15,51.348751068115234,52.4047364348411,51.32749048871511,52.24645722479021,123164000
2018-10-16,52.48033905029297,52.678781969991945,51.20701470538468,51.71965140479342,116736000
2018-10-17,52.25354766845703,52.59609246622275,51.81650539235959,52.51577231317345,91541600
2018-10-18,51.03219985961914,51.91100664611243,50.31875916634545,51.46687747742795,130325200
2018-10-19,51.80940246582031,52.27006626511478,51.365273467162524,51.51410469643808,132314800
2018-10-22,52.1259651184082,52.766172321422964,51.72199975513701,51.922800092090434,115168400
2018-10-23,52.617340087890625,52.740184977111134,50.720347384705434,50.98729773876846,155071200
2018-10-24,50.81248474121094,52.971702219608254,50.682552981710785,52.58663632017464,163702000
2018-10-25,51.925174713134766,52.2984316284464,51.204647237524014,51.43143757260694,119423200
2018-10-26,51.09833526611328,52.017301933671156,50.240789247146296,51.00383780130841,189033600
2018-10-29,50.13920211791992,51.89917617134046,48.686334872902606,51.78105705896714,183742000
2018-10-30,50.389625549316406,50.83375106190796,49.43758557487864,49.88171108747019,146640000
2018-10-31,51.70310974121094,52.07872773863771,51.17393470003853,51.23535895942081,153435600
2018-11-01,52.49687194824219,52.52994516393309,51.21882196206112,51.747997017825796,233292800
2018-11-02,49.01472473144531,50.47231470672906,48.53043546332482,49.50373977519871,365314800
2018-11-05,47.6232795715332,48.28474755386058,46.815344991977874,48.26348697130372,264654800
2018-11-06,48.13827896118164,48.362704623192265,47.64690286909893,47.701236668284366,127531600
2018-11-07,49.59822082519531,49.62420717738596,48.223316058070075,48.65799358134124,133697600
2018-11-08,49.4251708984375,49.81158038382015,49.01268077134279,49.77839177248752,101450400
2018-11-09,48.472190856933594,48.837265674941996,47.94591158745584,48.728218902946146,137463200
2018-11-12,46.03044128417969,47.376958635940824,45.940356345152274,47.1754539935757,204542000
2018-11-13,45.57054138183594,46.74400049739225,45.385632848101636,45.42830599596469,187531600
2018-11-14,44.283287048339844,46.10392577764723,44.0770401608399,45.96642905840981,243204000
2018-11-15,45.37614059448242,45.5088950350297,44.30698624887807,44.66021072748847,185915200
2018-11-16,45.87870788574219,46.22007848348282,44.913865338101395,45.16040876019914,147713200
2018-11-19,44.06044006347656,45.20782179086691,43.85419682883502,45.04187875050665,167701200
2018-11-20,41.95534133911133,43.01975380169379,41.60685899945494,42.28485823515441,271300800
2018-11-21,41.90791320800781,42.7352627289544,41.85338983967159,42.60724693877204,124496800
2018-11-23,40.843502044677734,41.865244596069026,40.798463202121155,41.47171992481934,94496000
2018-11-26,41.39585876464844,41.474089835387204,40.362265965846845,41.30577746097213,179994000
2018-11-27,41.3057746887207,41.43141753463873,40.50924447872487,40.65859140621429,165549600
2018-11-28,42.89408874511719,42.97705844861623,41.46934082443989,41.896054042091045,184250000
2018-11-29,42.5645751953125,43.335028367317676,42.126008096640945,43.30183975998431,167080000
2018-11-30,42.334632873535156,42.74949235818661,41.96718517795777,42.74000782999921,158126000
2018-12-03,43.813899993896484,43.84234634091446,42.95810408732895,43.7285573355553,163210000
2018-12-04,41.88658142089844,43.237837196394814,41.787015586628954,42.896466554735234,165377200
2018-12-06,41.41956329345703,41.43378646572274,40.400193746066954,40.71785665095758,172393600
2018-12-07,39.94266891479492,41.36504416362529,39.89762645314932,41.12798162215356,169126400
2018-12-10,40.205806732177734,40.32196505738388,38.71942364894465,39.11531764191258,248104000
2018-12-11,39.97585678100586,40.724971648959276,39.589443688075356,40.69415597889754,189126800
2018-12-12,40.087284088134766,40.75579868880228,40.068318647488375,40.39546255109676,142510800
2018-12-13,40.52582550048828,40.90986913299963,40.193939514155964,40.41677879810164,127594400
2018-12-14,39.22910690307617,40.08253346781374,39.1816951199879,40.063568031120994,162814800
2018-12-17,38.86404800415039,39.90949506691931,38.577200631253184,39.22201127196631,177151600
2018-12-18,39.368980407714844,39.71508971376303,38.97071343268076,39.205406665323395,135366000
2018-12-19,38.1409912109375,39.69612086582762,37.714277923367106,39.35238091263852,196189200
2018-12-20,37.178524017333984,38.43021412213326,36.81581856749373,38.0248355278653,259092000
2018-12-21,35.732444763183594,37.49382176601955,35.47167807298712,37.18563966188898,382978400
2018-12-24,34.80789566040039,35.926831218245276,34.75099934452627,35.120816354489186,148676800
2018-12-26,37.259117126464844,37.27334029939218,34.78181443000984,35.15637365867392,234330000
2018-12-27,37.017311096191406,37.16429231852565,35.575974156047664,36.94382229366778,212468400
2018-12-28,37.03628158569336,37.57915685691389,36.6380182335606,37.337352040383294,169165600
2018-12-31,37.39424514770508,37.77828529250411,37.095544041939455,37.58152295661812,140014000
2019-01-02,37.43691635131836,37.657386397267345,36.56215498900312,36.718617135510485,148158800
2019-01-03,33.707923889160156,34.54475438454186,33.66288142679495,34.132264253567534,365248800
2019-01-04,35.146888732910156,35.215638890994725,34.089591894725444,34.262646525522236,234428400
2019-01-07,35.06866455078125,35.28202303602157,34.58742781885169,35.25120374411971,219111200
2019-01-08,35.737178802490234,35.990837462958424,35.2085303378544,35.45507379403959,164101200
2019-01-09,36.344058990478516,36.63327559109025,35.471670542086514,35.865191626259296,180396400
2019-01-10,36.46022415161133,36.50052435461603,35.7632596139456,36.152042085783165,143122800
2019-01-11,36.10225296020508,36.43651201285764,35.917344466671175,36.24212260924212,108092800
2019-01-14,35.55939483642578,35.860465392215026,35.37448627265947,35.76089952074768,129756800
2019-01-15,36.28716278076172,36.36302090848889,35.571232935659744,35.62338698103528,114843600
2019-01-16,36.73046875,36.95330810558897,36.27056686587589,36.28953230223316,122278800
2019-01-17,36.94856643676758,37.37527971845507,36.33220240574262,36.555041764917604,119284800
2019-01-18,37.176143646240234,37.427429321935136,36.97700839356735,37.33734441280423,135004000
2019-01-22,36.341678619384766,37.15480118304186,36.18047425327368,37.078943071032086,121576000
2019-01-23,36.48866271972656,36.777879284107165,35.96238363485609,36.54318608659887,92522400
2019-01-24,36.1994514465332,36.621422505300714,35.971873419279106,36.53371051743065,101766000
2019-01-25,37.39897537231445,37.48669094926986,36.583483483347614,36.85847320975805,134142000
2019-01-28,37.05287170410156,37.059983290146754,36.42702681111613,36.93196750675945,104768400
2019-01-29,36.668827056884766,37.4866956045575,36.53370330810849,37.04101693130822,166348800
2019-01-30,39.17458724975586,39.38794210253695,37.98453220972156,38.70046213932008,244439200
2019-01-31,39.45669174194336,40.06357129642498,39.011012986557645,39.37846066569241,162958400
2019-02-01,39.47566604614258,40.058838029480604,39.33579635988092,39.57997417123739,130672400
2019-02-04,40.596954345703125,40.694150841774515,39.65581590302126,39.68663518647969,125982000
2019-02-05,41.29154968261719,41.504908129697604,40.85772843652332,40.97862902443456,144406400
2019-02-06,41.3057746887207,41.62106827364478,40.97625793139639,41.40296757255128,112958400
2019-02-07,40.523475646972656,41.23466334560738,40.381236660330636,40.86958496796045,126966800
2019-02-08,40.57107925415039,40.63059905695286,40.097300316034534,40.233007210168395,95280000
2019-02-11,40.33776092529297,40.76154528352861,40.29490840898636,40.723451736055644,83973600
2019-02-12,40.68536376953125,40.71155263291125,40.40204887463883,40.4972827563848,89134000
2019-02-13,40.51633071899414,41.06391379755997,40.45443141309773,40.80440825043843,89960800
2019-02-14,40.66393280029297,40.773447210619636,40.325860733039946,40.40442731408336,87342800
2019-02-15,40.57347106933594,40.87821226167595,40.41395838528309,40.77107731063168,98507200
2019-02-19,40.69489288330078,40.816315650930065,40.352061743881706,40.404439480348884,75891200
2019-02-20,40.9567756652832,41.26389995148661,40.70917482812812,40.75678995456549,104457600
2019-02-21,40.7258415222168,41.03772480134233,40.544902575152015,40.902021499244135,68998800
2019-02-22,41.180580139160156,41.18772222811312,40.802034893444805,40.84965003073191,75652800
2019-02-25,41.48054885864258,41.870998703552395,41.413886955814164,41.4638851993361,87493600
2019-02-26,41.50436019897461,41.735297384970416,41.22818736975056,41.35675221185204,68280800
2019-02-27,41.63291931152344,41.663870778026364,41.12342983703562,41.237710498215094,111341600
2019-02-28,41.22343444824219,41.64245639313976,41.1686772196439,41.501990460612625,112861600
2019-03-01,41.6567268371582,41.69957935859273,41.1615215591532,41.49245157272372,103544800
2019-03-04,41.866241455078125,42.318590618981844,41.41865126099976,41.8281478996669,109744800
2019-03-05,41.79004669189453,41.90194421992407,41.5543469478492,41.88766004746085,78949600
2019-03-06,41.54960250854492,41.78053973159298,41.411516071777896,41.585312952190705,83241600
2019-03-07,41.06867599487305,41.5305503815129,40.95439895711522,41.394843447524245,99185600
2019-03-08,41.16628646850586,41.2043800226722,40.35443530524196,40.549662045743496,95997600
2019-03-11,42.592376708984375,42.64475443502301,41.747198271035906,41.78052922098767,128044000
2019-03-12,43.070919036865234,43.48993721924746,42.704274948579794,42.85426604222394,129870400
2019-03-13,43.26137924194336,43.63992435242317,43.073294612569825,43.389940429970174,124130000
2019-03-14,43.7422981262207,43.83038991608697,43.46374584894839,43.78277116143453,94318000
2019-03-15,44.311302185058594,44.59937963267705,43.74467612555862,44.00894419863652,156171600
2019-03-18,44.763668060302734,44.851756233015,44.23274864058947,44.23513175842596,104879200
2019-03-19,44.4089241027832,44.99460068115345,44.263695608787415,44.84223009997764,126585600
2019-03-20,44.797000885009766,45.11364678234836,43.980387016546715,44.337505957977974,124140800
2019-03-21,46.446895599365234,46.742115276256705,45.18983702808909,45.239835285802215,204136800
2019-03-22,45.48503494262695,47.06588079152945,45.42075253712384,46.50639318081825,169630800
2019-03-25,44.93507766723633,45.706452090174984,44.42558823212463,45.59455455525224,175381200
2019-03-26,44.470821380615234,45.92072676985604,43.9446682740036,45.63026979507093,199202000
2019-03-27,44.87080001831055,45.17792067619841,44.413688258793016,44.93746192285677,119393600
2019-03-28,44.93031692504883,45.13030262573335,44.647002032678536,44.98507413606459,83121600
2019-03-29,45.223167419433594,45.254118894428224,44.88747469662212,45.194599062701464,94256000
2019-04-01,45.53028869628906,45.63504054146689,44.849381722222255,45.62551896746963,111448000
2019-04-02,46.192138671875,46.29689412668294,45.485042984722554,45.494564556613646,91062800
2019-04-03,46.5087890625,46.782578782918094,45.98501173731516,46.00882111856958,93087200
2019-04-04,46.58974075317383,46.75163294022202,45.98263778613916,46.375467194501724,76457200
2019-04-05,46.901615142822266,46.92542452241121,46.64686858586537,46.7706708206856,74106400
2019-04-08,47.63965606689453,47.670603896938765,46.744475824121956,46.76352259873422,103526800
2019-04-09,47.49680709838867,48.2943739839882,47.432524688138955,47.69203381366528,143072800
2019-04-10,47.76345443725586,47.7920264154458,47.18254052900446,47.30158014519366,86781200
2019-04-11,47.36587905883789,47.853942381829896,47.24445991582706,47.81823193765084,83603200
2019-04-12,47.34682083129883,47.64918250585792,46.713532766545136,47.42538742230085,111042800
2019-04-15,47.43252944946289,47.58014105940189,47.142072464719895,47.277779385224925,70146400
2019-04-16,47.437294006347656,47.94202089049343,47.27301873067345,47.48729225090989,102785600
2019-04-17,48.36103439331055,48.42055419987631,47.28491527341734,47.50632721009765,115627200
2019-04-18,48.53483963012695,48.60388101928682,48.21581428346865,48.35865966432395,96783200
2019-04-22,48.69435501098633,48.79196838798587,48.17296080479051,48.28962096019007,77758000
2019-04-23,49.39669418334961,49.46097661418437,48.54436981827364,48.67055156185173,93292000
2019-04-24,49.32050323486328,49.63476598723901,49.29431436943186,49.36811836306549,70162400
2019-04-25,48.87290573120117,49.46334122480281,48.83481218121374,49.24192927700253,74172800
2019-04-26,48.639591217041016,48.806245964505955,48.12057656602047,48.7824365865248,74596400
2019-04-29,48.71339797973633,49.03718592161168,48.53483853310215,48.66339973624621,88818800
2019-04-30,47.775367736816406,48.4253231411779,47.403964648609836,48.34437705945112,186139600
2019-05-01,50.12045669555664,51.26085497694235,49.81333235534916,49.96808608448377,259309200
2019-05-02,49.794273376464844,50.627550746312075,49.55143515858325,49.958548639197176,127985200
2019-05-03,50.41328048706055,50.4347067473906,50.05139901490421,50.208532189593264,83569600
2019-05-06,49.634765625,49.720474308259035,48.44913186725117,48.63721289375776,129772400
2019-05-07,48.296756744384766,49.382397541879435,47.81345615806851,49.01575709573647,155054800
2019-05-08,48.30628967285156,48.88720376000116,48.032499924420485,48.06821036715431,105358000
2019-05-09,47.78727722167969,48.01583131452178,46.82067584826434,47.71109010219779,139634400
2019-05-10,47.125247955322266,47.524374640553994,46.07127795478432,47.18260833059418,164834800
2019-05-13,44.386356353759766,45.28498038440615,43.70043870801492,44.861959909569315,229722400
2019-05-14,45.089012145996094,45.33756652424248,44.31227469963762,44.55127083697869,146118800
2019-05-15,45.62913513183594,45.827502333135364,44.458055696511366,44.51780472171754,106178800
2019-05-16,45.42837905883789,45.99957959112661,45.132022582428725,45.38775015951254,132125600
2019-05-17,45.17026901245117,45.62436020518247,44.63491636316234,44.675545268045326,131516400
2019-05-20,43.757789611816406,44.058926994173994,43.08621123813103,43.86055981831974,154449200
2019-05-21,44.596675872802734,44.93126897024765,44.14258107279463,44.26686007189899,113459200
2019-05-22,43.6837158203125,44.383976433179555,43.62874772714694,44.133029747383624,118994400
2019-05-23,42.93804168701172,43.14835578247127,42.4958974279958,42.97150099629786,146118800
2019-05-24,42.773136138916016,43.53075340614285,42.68948603770904,43.067100347137895,94858800
2019-05-28,42.596275329589844,43.16030629063083,42.519798471322034,42.76118322768103,111792800
2019-05-29,42.39313507080078,42.863957742691476,42.06331924159227,42.16369717944017,113924800
2019-05-30,42.61299514770508,42.835259716982534,42.22343043108608,42.52934507403431,84873600
2019-05-31,41.84104919433594,42.53891737233829,41.8219290686219,42.118281900211706,108174400
2019-06-03,41.41802215576172,42.522182898713545,40.69386431177502,41.96771387923834,161584400
2019-06-04,42.933265686035156,42.97867553532043,41.70960663780382,41.929482645108415,123872000
2019-06-05,43.6263542175293,44.21189768368727,43.29176107697479,44.042208818039946,119093600
2019-06-06,44.26686096191406,44.32660999100133,43.53314113426265,43.75540941879875,90105200
2019-06-07,45.445106506347656,45.86813062026095,44.398306078529586,44.575160856832326,122737600
2019-06-10,46.025875091552734,46.692672688774024,45.79643720247085,45.841847050596854,104883600
2019-06-11,46.5588264465332,46.84323236940541,46.26964322768004,46.57077698006724,107731600
2019-06-12,46.410648345947266,46.836061067320955,46.21945075676128,46.35328797515427,73012800
2019-06-13,46.401092529296875,47.03204210337555,46.269647588406826,46.53254111697809,86698400
2019-06-14,46.06410217285156,46.26724663690452,45.48095119972922,45.779696276386936,75046000
2019-06-17,46.338951110839844,46.59467867410405,45.92787754991537,46.10234367212921,58676400
2019-06-18,47.428775787353516,47.86852774049729,46.65443074959841,46.85518660036521,106204000
2019-06-19,47.29014587402344,47.770530254527024,47.15630867339425,47.72272812848213,84496800
2019-06-20,47.670166015625,47.94501008519834,47.32839967976791,47.88764970557996,86056000
2019-06-21,47.50763702392578,48.00236062388434,47.35706833754004,47.51241796627832,191202400
2019-06-24,47.45985412597656,47.837468466439844,47.36186483291884,47.45029223813148,72881600
2019-06-25,46.7404670715332,47.622359580324556,46.67354481128587,47.4239923880106,84281200
2019-06-26,47.751426696777344,48.03583267016002,47.165886917526144,47.26626485281565,104270000
2019-06-27,47.737091064453125,48.17445444512132,47.6964621576315,47.86853602607943,83598800
2019-06-28,47.30210876464844,47.67972304896698,47.09418331982912,47.48374449199016,124442400
2019-07-01,48.16965866088867,48.872307690511114,47.95456000971146,48.556831127500786,109012000
2019-07-02,48.4516716003418,48.54727221513432,48.124248155805006,48.13619868850289,67740800
2019-07-03,48.85320281982422,48.86037241242283,48.44212915914246,48.583136009304106,45448000
2019-07-05,48.810176849365234,49.013325011259084,48.49231157030816,48.59986274236455,69062000
2019-07-08,47.80400085449219,48.133812992062914,47.41921698833378,47.99280616855415,101354400
2019-07-09,48.09557342529297,48.16009974250935,47.514811042809626,47.60801937002413,82312000
2019-07-10,48.57117462158203,48.690672667251185,48.17205158666198,48.241362495353016,71588400
2019-07-11,48.21746063232422,48.848410157180396,48.20790239341633,48.59029394517684,80767200
2019-07-12,48.587921142578125,48.755217728956325,48.325023901989475,48.38477294332398,70380800
2019-07-15,49.04438018798828,49.202114806735395,48.75519336783644,48.77670213673965,67789600
2019-07-16,48.87469482421875,49.25947863105366,48.635698761508635,48.89620359463294,67467200
2019-07-17,48.5998649597168,49.01571589595333,48.58074483151867,48.76716152296089,56430000
2019-07-18,49.151939392089844,49.20451882646519,48.683505425870685,48.7552049860908,74162400
2019-07-19,48.418209075927734,49.352684510163414,48.36324100532279,49.18299570943903,83717200
2019-07-22,49.52477264404297,49.52716129222279,48.661996568281346,48.67155480779176,89111600
2019-07-23,49.91193771362305,49.928669188757965,49.54149308073725,49.821121688059655,73420800
2019-07-24,49.8713264465332,49.98604357803794,49.512832219638,49.63233029526973,59966400
2019-07-25,49.47697830200195,50.00754998570546,49.40766738427243,49.92389988411229,55638400
2019-07-26,49.649051666259766,50.12465157648066,49.50565254598537,49.58691034563834,70475600
2019-07-29,50.11270523071289,50.3421431129715,49.81635237266849,49.821133316221555,86693600
2019-07-30,49.897605895996094,50.22742168380975,49.546281334227054,49.89282495285342,135742800
2019-07-31,50.91572189331055,52.906559623159254,50.499871059371,51.72352978870497,277125600
2019-08-01,49.8139533996582,52.10831732750633,49.41005306995918,51.1212623066255,216071600
2019-08-02,48.75998306274414,49.33596086524618,48.18878255632911,49.12086584402196,163448400
2019-08-05,46.20751190185547,47.47658079621263,46.02587615195821,47.31884611855073,209572000
2019-08-06,47.08223342895508,47.33796101580563,46.37480334238874,46.917325530412754,143299200
2019-08-07,47.56978988647461,47.69406889981579,46.32223339634937,46.70223638200557,133457600
2019-08-08,48.618988037109375,48.6428891122975,47.65344513625728,47.8470314461881,108038000
2019-08-09,48.218326568603516,48.642954191627155,47.810486668464634,48.292696254195924,98478800
2019-08-12,48.095985412597656,48.47263670436005,47.776912437595854,47.889667686680966,89927600
2019-08-13,50.132774353027344,50.893270127420344,48.09598664589979,48.22553694677137,188874000
2019-08-14,48.64056396484375,49.52581081950047,48.60217842422012,48.73892553994931,146189600
2019-08-15,48.39826583862305,49.213938506270125,47.90166247767573,48.81090128055658,108909600
2019-08-16,49.54021072387695,49.69854835341414,48.90206475803103,49.00762317772249,110481600
2019-08-19,50.4638557434082,51.034825315895034,50.38708463345985,50.52862724919812,97654400
2019-08-20,50.46623611450195,51.18355082625258,50.4566415593816,50.590987294947006,107537200
2019-08-21,51.013214111328125,51.2555159650545,50.76371542654577,51.09718202117652,86141600
2019-08-22,50.970035552978516,51.4450447285328,50.55979786001343,51.14516455142714,89014800
2019-08-23,48.614173889160156,50.87167268359999,48.22073125322143,50.2431213591193,187272000
2019-08-26,49.537818908691406,49.70575111430029,49.19475400377483,49.386678093319645,104174400
2019-08-27,48.97882843017578,50.03200742242358,48.8276876557246,49.86647298576687,103493200
2019-08-28,49.30750274658203,49.35308512364201,48.77731659181928,48.96444154769402,63755200
2019-08-29,50.14236831665039,50.21674168290386,49.5785957240762,50.02001851007021,83962000
2019-08-30,50.07759094238281,50.48782496724096,49.708136520945146,50.418254378102155,84573600
2019-09-03,49.3482780456543,49.65535503445335,48.99322096372661,49.523407032864746,80092000
2019-09-04,50.185550689697266,50.255121283851096,49.73693109197349,49.99362663387558,76752400
2019-09-05,51.16675567626953,51.332290121775586,50.74212431527314,50.859678663980254,95654800
2019-09-06,51.161956787109375,51.4402464746383,50.982028677859134,51.35148311214848,77449200
2019-09-09,51.380271911621094,51.92485536288293,50.63657123511484,51.54100725454967,109237600
2019-09-10,51.98722839355469,52.00642116476611,50.790109031997794,51.30590148845998,127111600
2019-09-11,53.640159606933594,53.668950589657804,52.234321362001715,52.315891542299696,177158400
2019-09-12,53.52021789550781,54.31909918340094,53.46504096397798,53.930455617643666,128906800
2019-09-13,52.47903060913086,52.968433443898334,52.06399747203743,52.77891078404018,159053200
2019-09-16,52.754920959472656,52.81010154946968,52.19354612874398,52.23432939484169,84632400
2019-09-17,52.946842193603516,52.975633179223315,52.567793218654614,52.769315475406735,73274800
2019-09-18,53.44344711303711,53.46263988380928,52.64456587529819,53.0332094166562,101360000
2019-09-19,53.009220123291016,53.68094878345625,52.867673899298595,53.261116540529656,88242400
2019-09-20,52.23433303833008,53.39307059939063,52.17195927300286,53.10998544062051,221652400
2019-09-23,52.47184371948242,52.740535235702495,52.21514448401354,52.5270206571389,76662000
2019-09-24,52.22233581542969,53.376277900497726,52.10478511979031,53.026016216053826,124763200
2019-09-25,53.02602005004883,53.1387753063045,52.092792946174384,52.43105871494141,87613600
2019-09-26,52.752525329589844,53.00442542844722,52.498227506977486,52.77891493348246,75334000
2019-09-27,52.49583053588867,53.00922529663117,52.1263760760949,52.90846232712596,101408000
2019-09-30,53.73134231567383,53.87768401960261,52.968445079581116,52.99483468719606,103909600
2019-10-01,53.88007354736328,54.75092680553321,53.78651107289727,53.995230177972914,139223200
2019-10-02,52.529415130615234,53.63777114984615,52.28231048438784,53.5130199648798,138449200
2019-10-03,52.97563934326172,53.009225779853956,51.61058406203605,52.402264876088374,114426000
2019-10-04,54.46064376831055,54.57580040442291,53.712143936815686,54.131976230110034,138478800
2019-10-07,54.47262954711914,55.16115320827285,54.17994622439848,54.283106900757275,122306000
2019-10-08,53.8344841003418,54.712534075004065,53.817692715154585,54.175151178670255,111820000
2019-10-09,54.46543884277344,54.64776467881045,54.13197222093732,54.46543884277344,74770400
2019-10-10,55.19953918457031,55.283507092490474,54.53020828720955,54.68134539656082,113013600
2019-10-11,56.66775894165039,57.01082010729211,55.73213059230201,55.88566909661836,166795600
2019-10-14,56.58618927001953,57.128374978236515,56.298305029368485,56.35348195750364,96427600
2019-10-15,56.45424270629883,57.013216118499486,56.34868430138051,56.7109382267624,87360000
2019-10-16,56.226341247558594,56.43506037247949,55.94565379747248,55.98643706861519,73903200
2019-10-17,56.44466018676758,56.653375670483044,56.0224301103295,56.39907780281877,67585200
2019-10-18,56.71575164794922,56.99643911696723,56.207152265044876,56.27912425571174,97433600
2019-10-21,57.6993522644043,57.81450890497435,56.93406101508978,56.98204111833702,87247200
2019-10-22,57.56740188598633,58.10478484329185,57.48583169226944,57.85528613606384,82293600
2019-10-23,58.33989334106445,58.35429066597053,57.869683225583834,58.08080006310815,75828800
2019-10-24,58.43586349487305,58.72854690180575,58.01123205028258,58.65897263620099,69275200
2019-10-25,59.15557098388672,59.19155514531401,58.2679262824244,58.33509915752011,73477200
2019-10-28,59.748130798339844,59.79611089742203,59.1891536754474,59.35708585255852,96572800
2019-10-29,58.36627960205078,59.91606203658459,58.19355198019087,59.728937090643406,142839600
2019-10-30,58.35908889770508,58.84849546974143,57.86728826237409,58.718945163935885,124522000
2019-10-31,59.678565979003906,59.776927577095016,56.91966774812424,59.313914239806,139162000
2019-11-01,61.37228775024414,61.39867369524902,59.77452506763022,59.86568616480788,151125200
2019-11-04,61.77531433105469,61.859282241976885,61.26671873981368,61.73452740702055,103272000
2019-11-05,61.68655776977539,61.940855593414504,61.49223598607557,61.667361337070204,79897600
2019-11-06,61.71293258666992,61.77290861579591,61.2643130602143,61.60017735906135,75864400
2019-11-07,62.425193786621094,62.64657149210632,62.107567778293316,62.25916234332588,94940400
2019-11-08,62.59603500366211,62.668219386425065,61.804378670750026,62.24712668600199,69986400
2019-11-11,63.091712951660156,63.156678888188175,62.148462187224695,62.15327203106168,81821200
2019-11-12,63.033966064453125,63.2336884296262,62.78372197443297,62.93530917879608,87388800
2019-11-13,63.637935638427734,63.71252861529015,62.819814143525335,62.834251020126196,102734400
2019-11-14,63.19762420654297,63.73662075376693,63.067684916309624,63.464713885230026,89182800
2019-11-15,63.94834899902344,63.95315884390402,63.28663183584902,63.447846087006816,100206400
2019-11-18,64.2707748413086,64.35017765749019,63.58018402978714,63.957958734167235,86703200
2019-11-19,64.07588958740234,64.48735535838527,63.85932904179426,64.46329144370087,76167200
2019-11-20,63.32994079589844,64.02534154140798,62.65859661743068,63.89540964359442,106234400
2019-11-21,63.04600143432617,63.527250234635154,62.84627906996454,63.450248664199975,121395200
2019-11-22,62.99066925048828,63.32754201730535,62.764481676352055,63.18557447069228,65325200
2019-11-25,64.09513854980469,64.11198402499917,63.16873287669626,63.21445211320928,84020400
2019-11-26,63.59463882446289,64.28522983057158,63.16391899690021,64.23229215710982,105207600
2019-11-27,64.4488525390625,64.48254348721751,63.84007296737668,63.90503892603565,65235600
2019-11-29,64.30686950683594,64.48733780292622,63.98202510521868,64.15046511887911,46617600
2019-12-02,63.56334686279297,64.5474998469269,63.392505582875074,64.31168527473677,94487200
2019-12-03,62.43000030517578,62.44924702514498,61.66962635910549,62.15568497851831,114430400
2019-12-04,62.98104476928711,63.358826939624116,62.72598342526647,62.81983049086743,67181600
2019-12-05,63.90504837036133,63.979648717547285,63.21927445334169,63.47433582347233,74424400
2019-12-06,65.1394271850586,65.20921031494399,64.31889712610206,64.36221509760516,106075600
2019-12-09,64.22749328613281,65.16111015619538,63.743835702466114,64.9686134979566,128042400
2019-12-10,64.60286712646484,64.98545919270826,63.97242478057521,64.63174089096974,90420400
2019-12-11,65.15388488769531,65.2332950747732,64.60766998614046,64.68226298413724,78756800
2019-12-12,65.31990051269531,65.58458883328302,64.323719270287,64.4344044431603,137310400
2019-12-13,66.20780181884766,66.24389400998982,65.19236656282973,65.31989720038126,133587600
2019-12-16,67.34114074707031,67.56492701892114,66.64814864663275,66.65295849103184,128186000
2019-12-17,67.4734878540039,67.80073350823116,67.08607875742219,67.27136424228581,114158400
2019-12-18,67.31228637695312,67.83203610940059,67.16310038160984,67.32672325758145,116028400
2019-12-19,67.37965393066406,67.6587791659251,67.12219135736983,67.25453186379887,98369200
2019-12-20,67.24008178710938,68.01248404193913,67.02833114376412,67.91142590788041,275978000
2019-12-23,68.33731842041016,68.39747451056897,67.46385081638057,67.50235159527494,98572000
2019-12-24,68.40229034423828,68.55148362924618,68.07745330355267,68.50335581559546,48478800
2019-12-26,69.75940704345703,69.77625251054857,68.50575622073025,68.53462996816003,93121200
2019-12-27,69.73295593261719,70.73636302317358,69.32870865807601,70.050581938303,146266000
2019-12-30,70.1468276977539,70.42836149787865,68.63089680153462,69.65114198409366,144114400
2019-12-31,70.65935516357422,70.66657360200388,69.66557519453796,69.76423208192604,100805600
2020-01-02,72.27153015136719,72.33168624316235,71.02990753552221,71.28256018375274,135480400
2020-01-03,71.56889343261719,72.326858611121,71.34511456584144,71.50151891326733,146322800
2020-01-06,72.13920593261719,72.17770672514841,70.44280652658847,70.69305800640377,118387200
2020-01-07,71.79991912841797,72.40388138645835,71.58095004051803,72.148820106767,108872000
2020-01-08,72.95491027832031,73.25569076947626,71.50394548271495,71.50394548271495,132079200
2020-01-09,74.50453186035156,74.6970284371342,73.6791919560673,73.92943603722999,170108400
2020-01-10,74.67296600341797,75.2360335553344,74.17247048793807,74.73793929040194,140644800
2020-01-13,76.26832580566406,76.29479831442737,74.87029829848657,74.98820927579929,121532000
2020-01-14,75.23843383789062,76.41509065064128,75.11572039023919,76.20574860255036,161954400
2020-01-15,74.91598510742188,75.9169832961004,74.48526545986336,75.03870587717718,121923600
2020-01-16,75.85443115234375,75.96512366006613,75.09646578451866,75.45740237331857,108829200
2020-01-17,76.6942138671875,76.69661511764261,75.7966822559434,76.10227258526983,137816400
2020-01-21,76.17446899414062,76.76399437532534,76.0373113220916,76.32365494902595,110843200
2020-01-22,76.44639587402344,76.99742061464276,76.35254880740233,76.65813923599681,101832400
2020-01-23,76.81453704833984,76.89393987673444,75.95309750344295,76.49931964228543,104472000
2020-01-24,76.59315490722656,77.80108679471296,76.40305956833261,77.05996684733118,146537600
2020-01-27,74.3409194946289,75.01947479638015,73.36157631651781,74.60800908323662,161940000
2020-01-28,76.4439468383789,76.61478806293934,75.12051297398266,75.21916983415757,162234000
2020-01-29,78.04412078857422,78.88871482326161,77.33187458625076,78.07059329235672,216229200
2020-01-30,77.93102264404297,77.98396030536023,76.69902690059489,77.12974662934549,126743200
2020-01-31,74.47566986083984,77.64468949943712,74.18210776179268,77.22359674590982,199588400
2020-02-03,74.27113342285156,75.4333461257712,72.7215115901091,73.22200714636392,173788400
2020-02-04,76.72309112548828,76.91318645690339,75.46703146839315,75.87127869651542,136616400
2020-02-05,77.34870910644531,78.14517520873252,76.74714816252607,77.84679598712277,118826800
2020-02-06,78.25347137451172,78.25587996873817,77.06238481315839,77.61822667711162,105425600
2020-02-07,77.18978118896484,78.00260869481056,76.70015470961765,77.75417767052507,117684000
2020-02-10,77.55640411376953,77.55640411376953,75.69920332307832,75.7787945932457,109348800
2020-02-11,77.08848571777344,78.12321641331339,76.87141125259707,78.05086071182195,94323200
2020-02-12,78.91915893554688,78.92398019498478,77.53710627398911,77.53710627398911,113730400
2020-02-13,78.35717010498047,78.68278545723169,77.99055564537478,78.19315895415963,94747600
2020-02-14,78.37646484375,78.62489586415948,77.86995292388279,78.32580849927255,80113600
2020-02-18,76.94133758544922,77.1222341471705,75.88248617770472,76.06338273942599,152531200
2020-02-19,78.05567169189453,78.28481031761038,77.18254532561073,77.18254532561073,93984000
2020-02-20,77.25492858886719,78.30413066097421,76.75083079308737,77.81691831957885,100566000
2020-02-21,75.5062484741211,77.29110106607291,74.891202892234,76.84970917824121,129554000
2020-02-24,71.91966247558594,73.36683527541466,69.76096746559567,71.6977667682717,222195200
2020-02-25,69.48358917236328,72.96886672904328,69.01326241271661,72.58778111739974,230673600
2020-02-26,70.58584594726562,71.84730078233405,69.10249542340598,69.10973099237307,198054800
2020-02-27,65.97179412841797,68.98191678336323,65.83672522986622,67.80006024068396,320605600
2020-02-28,65.93319702148438,67.151238688421,61.835287914284685,62.04995543810668,426510000
2020-03-02,72.0716323852539,72.70597777742344,66.98481977694166,68.08467075383604,341397200
2020-03-03,69.78268432617188,73.32343252495296,68.93367144924383,73.24384124809224,319475600
2020-03-04,73.01952362060547,73.17871353455695,70.70163838902825,71.49999490851802,219178400
2020-03-05,70.6509780883789,72.25009782118012,70.28677058471263,71.27808040208855,187572800
2020-03-06,69.7127456665039,70.14448773812289,67.83142342483487,68.01714133821001,226176800
2020-03-09,64.19901275634766,67.07405914136177,63.43441974354321,63.61531637779285,286744800
2020-03-10,68.82272338867188,69.08803991197644,64.9708309423438,66.8449246964159,285290000
2020-03-11,66.43246459960938,67.82898839120944,65.5713950302336,66.90521300673807,255598800
2020-03-12,59.8719596862793,65.1227869054102,59.81648575015455,61.73157866504394,418474000
2020-03-13,67.04510498046875,67.51543909047871,61.01039330045894,63.89027147674693,370732000
2020-03-16,58.41995620727539,62.488918914128035,57.88691260105301,58.35724302986641,322423600
2020-03-17,60.98870086669922,62.13437593513169,57.50101194051955,59.698303330138536,324056000
2020-03-18,59.495689392089844,60.29887079269061,57.19227179173887,57.83144203035199,300233600
2020-03-19,59.03983688354492,60.983872113197,58.51644306635794,59.669357314419855,271857200
2020-03-20,55.291648864746094,60.740253451382245,54.99256516785433,59.61869234830113,401693200
2020-03-23,54.11703872680664,55.113177422037836,51.28058067981566,55.01187574325441,336752800
2020-03-24,59.54634094238281,59.74170869121859,56.512101379550025,57.00896347667582,287531200
2020-03-25,59.21831512451172,62.288732546346424,58.92405634525676,60.47976645109919,303602000
2020-03-26,62.334556579589844,62.392441135780366,59.420914919993635,59.459507077687796,252087200
2020-03-27,59.7537727355957,61.71468959022156,59.58734725663957,60.962160830090674,204216800
2020-03-30,61.45901870727539,61.63026911474741,60.154150297630075,60.477355032834254,167976400
2020-03-31,61.33359146118164,63.31139348283063,60.781255481124106,61.649560602994704,197002000
2020-04-01,58.10640335083008,59.990139440698485,57.6770756954336,59.45468518637688,176218400
2020-04-02,59.07600402832031,59.12906732554458,57.13920472068674,57.96891771690177,165934000
2020-04-03,58.22700881958008,59.26173593576545,57.63849118766615,58.56227043050136,129880000
2020-04-06,63.30656814575195,63.46092940152983,60.14932068380105,60.51593510688668,201820400
2020-04-07,62.57334518432617,65.53281860383495,62.46963288857008,65.31573677087265,202887200
2020-04-08,64.17488098144531,64.48843215066613,63.00749578061629,63.371695937944736,168895200
2020-04-09,64.63796997070312,65.13966065726305,63.84444219472263,64.80922404965942,161834800
2020-04-13,65.90667724609375,66.01521817669068,64.11700321080237,64.71517076301717,131022800
2020-04-14,69.23516082763672,69.5245983530926,67.06440146882377,67.53473560751405,194994800
2020-04-15,68.60322570800781,69.06149562848323,67.68668586705697,68.11359919874643,131154400
2020-04-16,69.1483383178711,69.51254587742164,68.10155073366812,69.3147638013278,157125200
2020-04-17,68.2100830078125,69.21105020012682,66.77738117936849,68.66594602627303,215250000
2020-04-20,66.79426574707031,67.93994433259655,66.77497334644413,67.04028985944329,130015200
2020-04-21,64.72962951660156,66.8714465476712,64.02051421953927,66.63748663863089,180991600
2020-04-22,66.59406280517578,67.02821165517099,65.65340205638569,65.99348115115153,116862400
2020-04-23,66.33598327636719,67.95681696931808,66.29739112168969,66.53858656789843,124814400
2020-04-24,68.2510757446289,68.26072562347866,66.81113863556433,66.85938066911224,126161200
2020-04-27,68.29933166503906,68.62976831599522,67.5226818754922,67.96888765338052,117087600
2020-04-28,67.19224548339844,68.94091302319053,67.10059736775176,68.76001638114307,112004800
2020-04-29,69.39916229248047,69.86708200588623,68.47297274366603,68.67557601740354,137280800
2020-04-30,70.86322784423828,71.03930319142114,69.54871691757756,69.93703810047037,183064000
2020-05-01,69.7223892211914,72.11745891629081,68.94573936920324,69.04221610297073,240616800
2020-05-04,70.70887756347656,70.83671089109956,69.05910113576175,69.74650982081866,133568000
2020-05-05,71.77013397216797,72.59984709930193,71.02242643355622,71.16714520888473,147751200
2020-05-06,72.5105972290039,73.14011388910748,72.08609083522563,72.46959075931778,142333600
2020-05-07,73.2607192993164,73.6056344607325,72.83380591134457,73.13530028833947,115215200
2020-05-08,75.00444793701172,75.05765488198482,73.59205412028582,73.91855094713767,133838400
2020-05-11,76.18468475341797,76.67805029133442,74.30551752010811,74.51351103092436,145946400
2020-05-12,75.31401062011719,77.31651506334359,75.19308642093533,76.86667320446085,162301200
2020-05-13,74.40465545654297,76.41200151515211,73.33084801811279,75.49297320787404,200622400
2020-05-14,74.86177062988281,74.92223274185808,72.92456220039374,73.64527323216542,158929200
2020-05-15,74.41914367675781,74.46509544751144,72.60528129635095,72.63914360348517,166348400
2020-05-18,76.17257690429688,76.54502554064396,75.05040406447124,75.73967354309555,135178400
2020-05-19,75.73241424560547,77.03355248472863,75.70097277157296,76.18950390013767,101729600
2020-05-20,77.20526885986328,77.27539958314759,76.54985436932522,76.58855099973772,111504800
2020-05-21,76.62966918945312,77.6067388197399,76.39265509370519,77.06741421541801,102688800
2020-05-22,77.123046875,77.20527445284804,76.26690139409212,76.368473598234,81803200
2020-05-26,76.60066223144531,78.41693907225796,76.54503443091458,78.23797358104541,125522000
2020-05-27,76.93440246582031,77.07951300360745,75.72032597361274,76.45796813210207,112945200
2020-05-28,76.96824645996094,78.22344013486418,76.334604889172,76.61030820274443,133560800
2020-05-29,76.89326477050781,77.66959590522207,76.53774740179506,77.21008551765564,153532400
2020-06-01,77.8388900756836,77.95981424625926,76.71671023004107,76.84731040083797,80791200
2020-06-02,78.19927215576172,78.22345847540862,77.13271967080152,77.57288559423814,87642800
2020-06-03,78.62975311279297,78.89095352620157,77.94773883188212,78.5185049118518,104491200
2020-06-04,77.95258331298828,78.75068013452528,77.58013468531132,78.45321130607884,87560400
2020-06-05,80.17274475097656,80.23320685109042,78.172661136236,78.20168176339025,137250400
2020-06-08,80.64675903320312,80.68062134923207,79.16181381231353,79.87042779704282,95654400
2020-06-09,83.19345092773438,83.58524425925859,80.29611104710847,80.32755252838895,147712400
2020-06-10,85.33380126953125,85.80056697964382,83.70132432658929,84.13906940528344,166651600
2020-06-11,81.23689270019531,84.90331607980656,81.13532048457094,84.48008129323746,201662400
2020-06-12,81.938232421875,84.11486795424553,80.83057003176687,83.36997815286581,200146000
2020-06-15,82.95159912109375,83.60217205472897,80.43395582182912,80.59599753396536,138808800
2020-06-16,85.14998626708984,85.42086269022191,83.36998548456056,85.00004143146272,165428800
2020-06-17,85.03148651123047,85.95292841624997,84.91056229922657,85.89246631024803,114406400
2020-06-18,85.06534576416016,85.4813253336703,84.45830388000144,84.98795249991922,96820400
2020-06-19,84.57923126220703,86.23347359915019,83.47398219153365,85.76912875753186,264476000
2020-06-22,86.79212951660156,86.93481917934642,84.92505967255737,84.97101145656654,135445200
2020-06-23,88.64469146728516,90.05950604686922,87.61441494809407,88.03281532631361,212155600
2020-06-24,87.0799331665039,89.19127232771852,86.70748456883423,88.27466483721669,192623200
2020-06-25,88.2359619140625,88.27465854046778,86.47772685166568,87.23471346059793,137522400
2020-06-26,85.52486419677734,88.35207302367702,85.37733281186723,88.13199005971511,205256800
2020-06-29,87.49589538574219,87.59021978453077,84.95648772182999,85.43292926447474,130646000
2020-06-30,88.2262954711914,88.51168219927229,87.06542607576557,87.08477070075071,140223200
2020-07-01,88.05944061279297,88.84544812015437,88.0110753484099,88.30370992303591,110737200
2020-07-02,88.05944061279297,89.59760068051055,87.94577892020953,88.96395888624608,114041600
2020-07-06,90.41502380371094,90.8817894339713,89.45246453610925,89.48390600830983,118655600
2020-07-07,90.13446807861328,91.56862711706414,90.02321989687357,90.79229592909284,112424400
2020-07-08,92.23372650146484,92.26516797551552,91.02206361133545,91.10913287644715,117092000
2020-07-09,92.6303482055664,93.1769205126767,91.58556145720479,93.12371357510385,125642800
2020-07-10,92.79237365722656,92.85042228036532,91.6169942125863,92.22644940084874,90257200
2020-07-13,92.36431884765625,96.69582436714335,92.15149108508342,94.09353334761987,191649200
2020-07-14,93.89281463623047,94.08386957373939,90.81650244245171,91.74761295378508,170989200
2020-07-15,94.53852081298828,96.01137641424255,93.34378934479908,95.76227290297543,153198000
2020-07-16,93.37525177001953,94.22897636244912,92.77788590184623,93.41394840131093,110577600
2020-07-17,93.18659973144531,93.97986213133798,92.71499243301174,93.82508300436295,92186800
2020-07-20,95.15042877197266,95.28828415237645,92.93026189226053,93.27368992018475,90318000
2020-07-21,93.8371810913086,96.01381673517915,93.58807752951296,95.93884432011826,103433200
2020-07-22,94.10079193115234,94.78038533647508,93.45263999834938,93.53970187859424,89001600
2020-07-23,89.81765747070312,93.9121489972856,89.00988472288186,93.83475574009108,197004400
2020-07-24,89.59515380859375,89.93858177491317,86.23829692519554,88.0207257853986,185438800
2020-07-27,91.71857452392578,91.81047808647506,90.43194679011566,90.6544431599045,121214000
2020-07-28,90.21186828613281,91.46706199244389,90.20702659484037,91.29051001469016,103625600
2020-07-29,91.94110107421875,92.12490824489846,90.65688648684609,90.69316227563066,90329200
2020-07-30,93.0535888671875,93.15758190350233,90.71007737841838,91.11638090213245,158130000
2020-07-31,102.7952651977539,102.94521005285304,97.53747498112891,99.53031118808211,374336800
2020-08-03,105.38543701171875,107.9973966979683,104.37451250261263,104.67198130172932,308151200
2020-08-04,106.08922576904297,107.17754362792036,104.85337654025795,105.57408746827389,173071600
2020-08-05,106.47377014160156,106.79301183705664,105.34675558446708,105.81110781245884,121776800
2020-08-06,110.18854522705078,110.68191802624929,106.21739865938491,106.80508849601155,202428800
2020-08-07,107.68331909179688,110.16673452744945,106.88862644814542,109.7112386108564,198045600
2020-08-10,109.24846649169922,110.26363878240565,106.60514263588735,109.12489907394888,212403600
2020-08-11,105.99947357177734,109.01106826922617,105.7402273704399,108.51438797920729,187902400
2020-08-12,109.52228546142578,109.77910643524714,106.89349720537619,107.08732184428196,165598000
2020-08-13,111.4605484008789,112.46118443380263,110.41145251692377,110.8984466622293,210082000
2020-08-14,111.3612060546875,111.45085012066804,109.55618389407232,111.28609846459923,165565200
2020-08-17,111.07047271728516,112.50480009641929,110.44538201038532,112.48057016956119,119561600
2020-08-18,111.99597930908203,112.41997706741819,110.48896983798126,110.82332353901295,105633600
2020-08-19,112.13650512695312,113.54660235506186,112.04201803934366,112.40301949215254,145538000
2020-08-20,114.62478637695312,114.73866037573767,112.16075001769396,112.17771170545525,126907200
2020-08-21,120.53165435791016,121.01379798138913,115.569666838942,115.5817781022112,338054800
2020-08-24,121.9732437133789,124.81039959352069,120.11250114343171,124.72559117385076,345937600
2020-08-25,120.97262573242188,121.31667291273054,119.25482982936344,120.84906568793242,211495600
2020-08-26,122.61772918701172,123.07322510919757,121.22216847119705,122.28580069310276,163022400
2020-08-27,121.15192413330078,123.55053882206776,120.0107589966192,123.21861029302171,155552400
2020-08-28,120.9556655883789,122.54020052783069,120.73276064666275,122.12347098857094,187630000
2020-08-31,125.05754852294922,126.95706531989478,122.11137580386827,123.64261546547715,225702700
2020-09-01,130.03890991210938,130.6397854362347,126.50156266667052,128.66273593650766,151948100
2020-09-02,127.34469604492188,133.7216242950921,123.0804958061553,133.34366115932812,200119000
2020-09-03,117.14936828613281,124.86370387094604,116.78109860380435,122.99327511596653,257599600
2020-09-04,117.22691345214844,119.88234909092412,107.46769559812107,116.36438135713807,332607200
2020-09-08,109.33812713623047,115.3177056334054,109.20244843470786,110.4332501967872,231366600
2020-09-09,113.69924926757812,115.46307981230207,111.70282771529025,113.64110336417085,176940500
2020-09-10,109.9874496459961,116.78110786689479,109.02800526992252,116.64542916296256,182274400
2020-09-11,108.54342651367188,111.67374465663826,106.60515104021346,111.0341102013086,180860300
2020-09-14,111.79972839355469,112.3521366002866,109.31873818703018,111.17948084192356,140150100
2020-09-15,111.97419738769531,115.16266206661024,110.10376088589828,114.678093101315,184642000
2020-09-16,108.66943359375,112.42000005035005,108.58221472900694,111.67376709645097,154679000
2020-09-17,106.93465423583984,108.73725101622504,105.3549623880546,106.33379357166754,178011000
2020-09-18,103.54267120361328,107.45798850796619,102.81581790836313,106.99280653960918,287104900
2020-09-21,106.68268585205078,106.78929159662262,99.91810106836907,101.31366180172101,195713800
2020-09-22,108.35931396484375,109.37691179002789,105.79110426173926,109.20246665982306,183055400
2020-09-23,103.81404876708984,108.65004455027305,103.47484460570544,108.17516907584385,150718700
2020-09-24,104.88008880615234,106.84743726159023,101.75946405865736,101.92421570211286,167743300
2020-09-25,108.81478118896484,108.96984677207095,104.34705574231214,105.08360247419822,149981400
2020-09-28,111.41210174560547,111.76099201133604,109.29938064487523,111.46056160237652,137672400
2020-09-29,110.56893157958984,111.7512809163313,110.06498316084728,111.01474148847176,99382200
2020-09-30,112.23583221435547,113.64108628495799,110.11342572568512,110.27817735653495,142675200
2020-10-01,113.18561553955078,114.0869140768239,112.25524404848423,114.00938127075119,116120400
2020-10-02,109.53194427490234,111.80942388224,108.75663851817679,109.40595903034216,144712000
2020-10-05,112.9045639038086,113.0499360657336,110.04561009300302,110.39450032404892,106243800
2020-10-06,109.66765594482422,112.53630344118018,108.78573684536278,112.12925987546326,161498200
2020-10-07,111.52838897705078,111.9838849635665,110.60770355491991,111.08258643963451,96849000
2020-10-08,111.42176818847656,112.80763546534021,111.053491111729,112.66226332419956,83477200
2020-10-09,113.36006164550781,113.38913459955495,111.37332598768504,111.72221622412157,100506900
2020-10-12,120.56073760986328,121.31666387202866,115.59874966676792,116.35467592893329,240226800
2020-10-13,117.3625717163086,121.52017325599154,115.95732503612084,121.40387407242964,262330500
2020-10-14,117.44981384277344,119.23302386837867,115.92826777316701,117.26567529237093,150712000
2020-10-15,116.98462677001953,117.45950223722147,114.50363628707971,115.05604455535725,112559200
2020-10-16,115.34678649902344,117.79871153091253,115.1432684327753,117.53704016435405,115393800
2020-10-19,112.40059661865234,116.703563090536,112.09047284235501,116.25776062422946,120639300
2020-10-20,113.88338470458984,115.30801845057066,112.06140091237076,112.6138091614312,124423700
2020-10-21,113.26314544677734,115.04635557719843,112.8561019222811,113.06931343655647,89946000
2020-10-22,112.17768859863281,114.39701481541562,111.05348531931205,113.825219728469,101988000
2020-10-23,111.48958587646484,112.95298566350527,110.75303925999027,112.79792010469681,82572600
2020-10-26,111.49931335449219,112.95302013932815,109.39627858637218,110.49140909640037,111850700
2020-10-27,113.00145721435547,113.66047116286873,111.00503586765389,111.92571374848922,92276800
2020-10-28,107.76811218261719,111.86756801727019,107.67119988879593,111.49929834317572,143937800
2020-10-29,111.76097106933594,113.32128352260756,108.7372584642391,108.90201751002611,146129200
2020-10-30,105.50035858154297,108.53375772487753,104.395541902172,107.63245912918691,190272600
2020-11-02,105.4131088256836,107.26416545991421,104.00786205893465,105.74261950243951,122866900
2020-11-03,107.03158569335938,108.04917599163862,105.37436086993179,106.27565935922766,107624400
2020-11-04,111.40238189697266,112.02262946819745,108.88262521463015,110.6173826820644,138235500
2020-11-05,115.3564682006836,115.92826333290571,113.26313445106743,114.3097976289083,126387100
2020-11-06,115.22541809082031,115.72052575840337,112.74013995422038,114.86621579666993,114457900
2020-11-09,112.92459106445312,118.4290806298261,112.66247568801708,116.98257616030648,154515300
2020-11-10,112.5848159790039,114.15752314668202,110.79852205922379,112.17707763232374,138023400
2020-11-11,116.0020523071289,116.13796507649292,113.04108708119541,113.7691943770842,112295000
2020-11-12,115.730224609375,117.011693129965,115.10890698767624,116.12826014557999,103162300
2020-11-13,115.77877044677734,116.17679858450585,114.42934551492606,115.95351649440437,81581900
2020-11-16,116.78841400146484,117.45826768159665,114.7011715913371,115.44869182782028,91183000
2020-11-17,115.90499114990234,117.14762661304611,115.48754260462515,116.06032428614111,74271000
2020-11-18,114.5846939086914,116.32244455787598,114.55557079610209,115.14776544105797,76322100
2020-11-19,115.17687225341797,115.58461058534773,113.4002885699786,114.1575190169027,74113000
2020-11-20,113.91482543945312,115.30308383579212,113.8662893904585,115.17688122037637,73604300
2020-11-23,110.52669525146484,114.1866523784184,110.42961575192224,113.75949369240169,127959300
2020-11-24,111.80816650390625,112.46831748552103,109.30347536130687,110.58495144916897,113874200
2020-11-25,112.6430435180664,113.3420276574267,111.80814661901826,112.17705902961947,76499200
2020-11-27,113.18672180175781,114.060452186272,112.82752688184597,113.1673088628538,46691300
2020-11-30,115.57492065429688,117.43887387012144,113.40030116247651,113.5556343004744,169410200
2020-12-01,119.1377944946289,119.86590193418374,116.50690050184049,117.47771042124693,127728200
2020-12-02,119.48727416992188,119.76880990592802,117.36119829848747,118.45821072635326,89004200
2020-12-03,119.35135650634766,120.16683316485343,118.64266210929217,119.91442054863892,78967600
2020-12-04,118.68150329589844,119.27369789260959,117.97280885162905,119.0212852595791,78260400
2020-12-07,120.13770294189453,120.93376661663584,118.68148836078066,118.73973457388429,86712000
2020-12-08,120.74933624267578,121.33182812514022,119.49699054608435,120.73963347620881,82225500
2020-12-09,118.22522735595703,122.27350282433629,117.46799682595132,120.89495455654684,115089200
2020-12-10,119.64260864257812,120.2542236129108,116.64280964087811,116.98259162067868,81312200
2020-12-11,118.83683013916016,119.17661208486537,117.03112333433712,118.8562430760472,86939800
2020-12-14,118.22522735595703,119.74939858875337,117.99223505596105,119.02129117041069,79184500
2020-12-15,124.14715576171875,124.16657610565406,120.50661897640848,120.71048814758292,157243700
2020-12-16,124.0792007446289,124.62285187377786,122.86568846942772,123.69088274191743,98208600
2020-12-17,124.94322204589844,125.79753943581208,124.30248400346319,125.13738104904724,94359800
2020-12-18,122.96277618408203,125.33155453096758,122.43853798895042,125.19564174778804,192541500
2020-12-21,124.4869384765625,124.56460503939759,119.84646874418631,121.3706398580424,121251600
2020-12-22,128.03041076660156,130.48655855974283,125.86549408459715,127.76828795319533,168904800
2020-12-23,127.13726806640625,128.56434495791908,126.96251458550923,128.30223695664824,88223700
2020-12-24,128.1177520751953,129.56426380208862,127.2731524108818,127.48673172125208,54930100
2020-12-28,132.69998168945312,133.33100207588342,129.61279910731304,130.07879843395568,124486200
2020-12-29,130.93309020996094,134.73866218637744,130.41856229053343,134.02027253990548,121047300
2020-12-30,129.81671142578125,132.02045422329275,129.50604512243837,131.62241857715392,96452100
2020-12-31,128.81674194335938,130.80690479845464,127.8750553457784,130.1661668388547,99116600
2021-01-04,125.63249206542969,129.70989001259753,123.05984477192808,129.62252069116946,143301900
2021-01-05,127.185791015625,127.89449286005866,124.68109986637585,125.12767890789046,97664900
2021-01-06,122.9045181274414,127.22462614380248,122.69093878823239,123.99182776037331,155088000
2021-01-07,127.09839630126953,127.78767766361115,124.12772117277477,124.61312599281324,109578200
2021-01-08,128.19546508789062,128.75853667263522,126.42858375506596,128.56436281946557,105158200
2021-01-11,125.21501922607422,126.370285030971,124.74903476148175,125.41889576185915,100384500
2021-01-12,125.04029846191406,125.90431854480057,123.1569251813032,124.74905257493837,91951100
2021-01-13,127.06927490234375,127.61292593794164,124.73933766024427,125.00144560094915,88636800
2021-01-14,125.14707946777344,127.17606814479598,125.00144912767117,126.98190917137308,90221800
2021-01-15,123.42875671386719,126.41885265934873,123.29284393513538,125.02088418474625,111598500
2021-01-19,124.0986328125,124.95295027523217,123.2346125834672,124.05008935422954,90757300
2021-01-20,128.17601013183594,128.6225891348087,124.79759634893936,124.90438601399495,104319500
2021-01-21,132.874755859375,135.5930267381697,129.69050034270776,129.8943769543058,120150900
2021-01-22,135.01055908203125,135.76778972652718,131.0787754658343,132.3019907807772,114459400
2021-01-25,138.74813842773438,140.8547939706266,132.55436700322258,138.89376878953092,157611700
2021-01-26,138.98114013671875,140.08786276088446,137.2433822290361,139.40829883611298,98390600
2021-01-27,137.91323852539062,140.0878578213645,136.3114082725256,139.24324321793168,140843800
2021-01-28,133.0883331298828,137.8453107957744,132.70971784009862,135.44740902267984,142621100
2021-01-29,128.10804748535156,132.7485164111063,126.40913060377333,131.8650760774745,177523800
2021-02-01,130.22442626953125,131.42823575703017,127.1081202867018,129.84581103922318,106239800
2021-02-02,131.04965209960938,132.3311136442388,130.68073954562587,131.7680420457218,83305400
2021-02-03,130.0302734375,131.80685723730443,129.70990440998943,131.79713965825755,89880900
2021-02-04,133.3795928955078,133.3892956632412,130.66132177818676,132.32141349051977,84183100
2021-02-05,132.96630859375,133.6080039296229,132.09128028884282,133.53995342549268,75693800
2021-02-08,133.11216735839844,133.16078334273837,131.17736393158722,132.25657350766537,71297200
2021-02-09,132.2371368408203,134.05527394815869,132.08158644572234,132.83021630146237,76774200
2021-02-10,131.63436889648438,133.18999187171354,130.6718255115653,132.69412944515517,73046600
2021-02-11,131.38157653808594,132.60661952451218,130.05930155973675,132.13020650092022,64280000
2021-02-12,131.61488342285156,131.7704486448014,129.98149309892653,130.62318851283254,60145100
2021-02-16,129.495361328125,132.2371278628611,129.10644827799214,131.73156315096224,80576300
2021-02-17,127.2105484008789,128.5522725131688,125.87855638741323,127.60917872924279,97918500
2021-02-18,126.11192321777344,126.39387225132121,123.87572097237708,125.61606083959396,96856700
2021-02-19,126.26744079589844,127.08415072536222,125.22712998621671,126.62718719613763,87668800
2021-02-22,122.50483703613281,126.12164769737448,122.1159313080217,124.4590755242555,103916400
2021-02-23,122.36869812011719,123.19511800076138,115.10591153263685,120.32695270389084,158273000
2021-02-24,121.87284088134766,122.07701467726875,118.83939315022482,121.4742179705755,111039900
2021-02-25,117.63378143310547,122.95204690459941,117.19626722871075,121.2214246130711,148199500
2021-02-26,117.89630889892578,121.38672049171518,117.83796822554648,119.18940971098537,164560400
2021-03-01,124.24517822265625,124.38129410804099,119.38387540817448,120.31724465842385,116307900
2021-03-02,121.64923095703125,125.14936711599789,121.5422817134225,124.84796874824156,102260900
2021-03-03,118.67411804199219,122.22287046374831,118.46021953832745,121.34783450228308,112966300
2021-03-04,116.79763793945312,120.17138267841435,115.32953009185248,118.37270244109511,178155000
2021-03-05,118.05186462402344,118.55744422295456,114.30866329373481,117.62407506080334,153766600
2021-03-08,113.13223266601562,117.6435208042625,112.98639210708664,117.57546286579684,154376600
2021-03-09,117.73101806640625,118.6741119196786,115.49482341109125,115.72816384952438,129525800
2021-03-10,116.6518325805664,118.78107829664711,116.1365282204776,118.31439735247595,111943300
2021-03-11,118.57688903808594,119.79221465640565,117.89630965893046,119.14080190524842,103026500
2021-03-12,117.67268371582031,117.80879958845243,115.85456138090896,117.06016228897577,88105100
2021-03-15,120.55056762695312,120.56029230814386,117.07959821769512,118.0421413761026,92403800
2021-03-16,122.08674621582031,123.69097746560344,121.26032630464678,122.21313740579694,115227900
2021-03-17,121.29920959472656,122.3686945512962,118.94633378896354,120.60890560077927,111932600
2021-03-18,117.18656921386719,119.76306129363483,116.98239537750578,119.47138014582727,121229700
2021-03-19,116.66154479980469,118.06160240727854,116.3601463939911,116.57404490821733,185549500
2021-03-22,119.96723175048828,120.43392009028169,116.92405882126718,116.99211676480378,111912300
2021-03-23,119.14080047607422,120.79364033005854,118.75189479932533,119.90888714776963,95467100
2021-03-24,116.75875854492188,119.49081556265351,116.73931659895885,119.41303294328375,88530500
2021-03-25,117.2448959350586,118.28522184257633,115.69900522410137,116.22402681020739,98844700
2021-03-26,117.84768676757812,118.11020123971099,115.6212094750368,117.01154219770642,94071200
2021-03-29,118.022705078125,119.17969748186921,117.381016985914,118.275494892758,80819200
2021-03-30,116.57402038574219,117.0601505729907,115.56286870613435,116.7781941742556,85671900
2021-03-31,118.76163482666016,120.09362711310527,117.78937421803873,118.27550452234945,118323800
2021-04-01,119.58804321289062,120.7353109160336,119.09218827381586,120.22973871260609,75089100
2021-04-05,122.40760040283203,122.6603902138714,119.65610136330406,120.433912742921,88651200
2021-04-06,122.70899200439453,123.6034698490668,122.16452851942161,122.99094842847227,80171300
2021-04-07,124.35212707519531,124.37156902257611,121.66868585332091,122.33954801322936,83466700
2021-04-08,126.74390411376953,126.7730707476214,124.95494800509044,125.37301298064794,88844600
2021-04-09,129.31068420410156,129.34956810781136,125.87860482522545,126.19945266403965,106686700
2021-04-12,127.59949493408203,129.1648351971554,127.00641533538912,128.84398739764742,91420000
2021-04-13,130.70098876953125,130.9246193949784,128.27033720569543,128.7661996194506,91266500
2021-04-14,128.3675537109375,131.25516860713591,128.00782207026887,131.19683535032675,87222800
2021-04-15,130.76905822753906,131.2551885555225,129.93291346998677,130.10792810253133,89347100
2021-04-16,130.43844604492188,130.93429345955573,129.58285222938275,130.57456189416538,84922400
2021-04-19,131.09963989257812,131.71216893077474,129.64124872393637,129.80653127611976,94264200
2021-04-20,129.4176483154297,131.7705179008588,128.15370618493665,131.27467018524126,94812300
2021-04-21,129.7967529296875,130.03981801008018,127.657783189335,128.68837675651753,68847100
2021-04-22,128.280029296875,130.4287163012516,127.76473251290152,129.349506750087,84566500
2021-04-23,130.5940704345703,131.37186716242175,128.49398366411955,128.49398366411955,78657500
2021-04-26,130.9829559326172,131.31352099303626,129.85513001828372,131.08990519751984,66905100
2021-04-27,130.66207885742188,131.6537886519638,130.38984712331498,131.26487557787047,66015800
2021-04-28,129.87457275390625,131.2746303918658,129.38844245381026,130.58431883810096,107760100
2021-04-29,129.77732849121094,133.26775499092827,128.77590135452442,132.6843927517533,151101000
2021-04-30,127.81336975097656,129.8551078660134,127.43418875564703,128.12448539137938,109839500
2021-05-03,128.86341857910156,130.35099100560777,128.17312183322954,128.37728825955,75135100
2021-05-04,124.30352020263672,127.8425557241814,123.18541899331925,127.55087456774729,137564700
2021-05-05,124.54658508300781,126.83138852361431,124.42018646140798,125.61606280982821,84000900
2021-05-06,126.14106750488281,126.15078476793269,123.60345989259194,124.34237986107578,78128300
2021-05-07,126.81309509277344,127.83569086092047,126.1021285936208,127.43639821291805,78973300
2021-05-10,123.54072570800781,126.16054372317713,123.50176833952001,126.03394527871879,88071200
2021-05-11,122.6252670288086,122.97586852300613,119.56717642454035,120.2781354744355,126142800
2021-05-12,119.56718444824219,121.38840273799539,119.06075342898632,120.18075382257017,112172300
2021-05-13,121.70978546142578,122.85900193405529,121.01830882379365,121.32996037075966,105861300
2021-05-14,124.12508392333984,124.55360758966998,122.5668261780835,122.95639247198734,81918000
2021-05-17,122.97588348388672,123.6186690672263,121.90458160868074,123.51153813666971,74244600
2021-05-18,121.59288787841797,123.67705855543517,121.5247143489962,123.25827618031354,63342900
2021-05-19,121.43708801269531,121.66108360866002,119.65482729355216,119.94700386173781,92612000
2021-05-20,123.98872375488281,124.3880312073582,121.83637931031465,121.96299261493283,76857100
2021-05-21,122.15779113769531,124.66074485833978,121.94352929361253,124.48544038866837,79295400
2021-05-24,123.7842025756836,124.60229244585756,122.65446862112498,122.72264215777629,63092900
2021-05-25,123.58941650390625,124.97237699199731,123.02454584189425,124.48541363170318,72009500
2021-05-26,123.54072570800781,124.06663903705564,123.12194328471185,123.64785661375969,56575900
2021-05-27,122.0116958618164,124.3101288080937,121.81691643126096,123.1414373640431,94625600
2021-05-28,121.35917663574219,122.51813430989525,121.30074429262824,122.29413127736017,71311100
2021-06-01,121.03778076171875,122.07986629236983,120.70665425214682,121.8169133247897,67637100
2021-06-02,121.79742431640625,121.97272876206887,120.81377861108228,121.03777419532105,59278900
2021-06-03,120.31708526611328,121.59290756486408,119.91777779316642,121.42734431379967,76229200
2021-06-04,122.60578918457031,122.86874960294172,120.61900768168596,120.83326952469692,75169300
2021-06-07,122.61552429199219,123.02456555539773,121.5734387321586,122.87847726693603,71057600
2021-06-08,123.43360137939453,125.10873859219605,122.91742922255409,123.29725429760116,74403800
2021-06-09,123.81343078613281,124.41725890545642,123.21934386738059,123.89134552998598,56877900
2021-06-10,122.82005310058594,124.84579201187799,122.65448983014099,123.70630923030153,71186400
2021-06-11,124.0276870727539,124.1153430132604,122.81029711830921,123.22907955985254,53522400
2021-06-14,127.07604217529297,127.1344745215217,123.75500589494463,124.48543994424124,96906500
2021-06-15,126.25796508789062,127.19292725029605,126.01448706088831,126.55014169243728,62746300
2021-06-16,126.75464630126953,127.47534656209021,125.10874743356234,126.96890813933193,91815000
2021-06-17,128.35183715820312,129.09201968074376,126.26766637763058,126.41376207268152,96721700
2021-06-18,127.05655670166016,128.0791523377771,126.842294888582,127.30003468372927,108953300
2021-06-21,128.8485565185547,128.95568742961305,125.8391720998025,126.90073257983343,79663300
2021-06-22,130.48471069335938,130.5821078265205,128.18627804148716,128.68298261560656,74783600
2021-06-23,130.21202087402344,130.81585637036997,129.75428108226635,130.28020184164183,60214200
2021-06-24,129.92959594726562,131.12750347675475,129.46210751467535,130.94245782977737,68711000
2021-06-25,129.63746643066406,130.39711683336412,129.3452897694589,129.97834167885713,70783700
2021-06-28,131.2638397216797,131.72157948620062,129.87115289056985,129.9295852246422,62111300
2021-06-29,132.77340698242188,132.9292364481491,130.84506564137368,131.28332301060522,64556100
2021-06-30,133.38697814941406,133.82523552499876,132.32540290188453,132.61757943917965,63261400
2021-07-01,133.6889190673828,133.7473514160783,132.218302275189,133.03639973908412,52485800
2021-07-02,136.3087615966797,136.34771154697577,134.1564090399708,134.30248992948265,78852600
2021-07-06,138.31497192382812,139.41548226335163,136.4158466947496,136.4158466947496,108181800
2021-07-07,140.79844665527344,141.11009072715532,138.9382714107099,139.79530375392193,104911600
2021-07-08,139.50315856933594,140.30175867225685,137.00019762598444,137.88646110200742,105575500
2021-07-09,141.32435607910156,141.8502619651795,138.92852627188464,139.02592340594762,99890800
2021-07-12,140.73028564453125,142.50281263838897,140.24332963884083,142.39568172270836,76299700
2021-07-13,141.84054565429688,143.61307265954179,139.882987848704,140.2725467114718,100827100
2021-07-14,145.2589569091797,145.66801299296932,143.8273051980656,144.23636128185524,127050800
2021-07-15,144.60643005371094,146.08678025462487,143.25269315111336,145.3466125845258,106820300
2021-07-16,142.57095336914062,145.85303150774294,142.07426368162248,144.5869580069263,93251400
2021-07-19,138.7337646484375,140.31151223035158,137.9741144596603,139.99985324997218,121434600
2021-07-20,142.33721923828125,143.26244743833868,139.23045273850917,139.717408691922,96350000
2021-07-21,141.60678100585938,142.31774737595725,140.85687956010295,141.73339430532917,74993500
2021-07-22,142.97027587890625,144.33374665171397,142.00609770767423,142.13271101540525,77338200
2021-07-23,144.68435668945312,144.84018616778306,143.0871416883638,143.7007109713398,71447400
2021-07-26,145.1031494140625,145.92123190033908,143.84679465375743,144.40193160847764,72434100
2021-07-27,142.9410400390625,145.31738722526956,141.75286644595897,145.22972386851797,104818600
2021-07-28,141.19773864746094,143.13582861718922,138.82139130869905,141.03217541296894,118931200
2021-07-29,141.84054565429688,142.72680915691933,140.80820129331602,140.91533220968486,56699500
2021-07-30,142.05484008789062,142.51258003008667,140.35049366588626,140.6134541319975,70440600
2021-08-02,141.7236785888672,143.11636561756876,141.46071818751764,142.54176110337934,62880000
2021-08-03,143.51568603515625,144.17793912255732,141.39254995347815,142.0061193250026,64786600
2021-08-04,143.1163787841797,143.93446137395492,142.46385946656952,143.42803778640976,56368300
2021-08-05,143.2235107421875,143.98316098970645,142.35672956946877,143.14559599106772,46397700
2021-08-06,142.54074096679688,143.48685218422662,142.0433070322341,142.74557545925379,54126800
2021-08-09,142.49195861816406,143.08693557693016,141.93600483737242,142.59925003312128,48908700
2021-08-10,142.01402282714844,144.072056221946,141.72140855204836,142.83333089104445,69023100
2021-08-11,142.2676239013672,143.10644361120174,141.94574966449076,142.45294678468827,48493500
2021-08-12,145.2229766845703,145.37903960476112,142.24809238146725,142.5894781590122,72282600
2021-08-13,145.42784118652344,145.75946379823836,144.6182813640554,145.30103817728678,59375000
2021-08-16,147.39805603027344,147.46633914191412,142.86258697892168,144.88159714502063,103296000
2021-08-17,146.49099731445312,147.94429082183916,145.4180830822368,146.53000561245062,92229700
2021-08-18,142.7553253173828,147.00794422226895,142.55049082276733,146.1106045300614,86326000
2021-08-19,143.08694458007812,144.35493005036025,140.94113102889904,141.45807654722455,86960300
2021-08-20,144.5402069091797,144.8425694877767,143.16493045525985,143.80867878045353,60549600
2021-08-23,146.0228271484375,146.4910011515847,144.24764444190524,144.65729855503196,60131800
2021-08-24,145.93502807617188,147.14449367144724,145.4766024407117,145.7692167650667,48606400
2021-08-25,144.70608520507812,146.61781948232644,144.15987966385998,146.120370599229,58991300
2021-08-26,143.90626525878906,145.4473535938561,143.87700531241939,144.69632845972228,48597200
2021-08-27,144.9401397705078,145.08643947056316,143.21372889495123,143.847714105832,55802400
2021-08-30,149.34881591796875,149.70971334019745,144.9498976782118,145.33029180641267,90956700
2021-08-31,148.09059143066406,149.03670255975587,147.56388271808643,148.90015120519527,86453100
2021-09-01,148.7538604736328,151.16302859498964,148.58804915099893,149.06598641010868,80313700
2021-09-02,149.8657684326172,150.90942268736845,148.64655451799135,150.08035127222993,71115500
2021-09-03,150.49978637695312,150.8216606743961,149.3195806196622,149.9730775691431,57808700
2021-09-07,152.83091735839844,153.3868712092461,150.58756059759483,151.1532776856572,82278300
2021-09-08,151.28981018066406,153.17226923823645,150.18763608775444,153.11374935418493,74420200
2021-09-09,150.27545166015625,152.2652024090621,150.15839699282031,151.6604770125975,57305700
2021-09-10,145.30105590820312,151.65071737057013,145.03770150418336,151.18254333907822,140893200
2021-09-13,145.86676025390625,147.6906995642944,145.08646034770857,146.92016289482572,102404300
2021-09-14,144.47193908691406,147.34929527061283,143.2917485822126,146.64702700212126,109296300
2021-09-15,145.3595428466797,145.7594485393446,142.76505234502355,144.9011172737186,83281300
2021-09-16,145.1254425048828,145.30101702156867,143.5941177955223,144.7840715894616,68034100
2021-09-17,142.4626922607422,145.15472586644688,142.17007797103764,145.15472586644688,129868800
2021-09-20,139.41954040527344,141.272739448902,137.79067253613061,140.25836010441694,123478900
2021-09-21,139.89744567871094,141.0386427665462,139.2634605258952,140.38513114487054,75834000
2021-09-22,142.25787353515625,142.82357564689215,140.16081684875996,140.89234513594866,76404300
2021-09-23,143.2137451171875,143.457587900221,142.0530510886709,143.03817057425258,64838200
2021-09-24,143.30152893066406,143.83798604484667,141.97502355876833,142.07256662788618,53477900
2021-09-27,141.78970336914062,142.36518367517027,140.2778899497781,141.8872464401241,74150700
2021-09-28,138.41493225097656,141.18498292082313,138.20034939372246,139.72192610299075,108972300
2021-09-29,139.31224060058594,140.89233684538155,138.53194083023718,138.961106448078,74602000
2021-09-30,138.01502990722656,140.82410382973063,137.80044704464729,140.12183534910463,89056700
2021-10-01,139.1366729736328,139.40002732180153,135.68386603878685,138.40514469326044,94639600
2021-10-04,135.713134765625,138.7075311976416,134.86456666800945,138.26860229461653,98322000
2021-10-05,137.6346435546875,138.73681787676418,135.9277437943665,136.05454682483122,80861100
2021-10-06,138.50271606445312,138.6490157972431,134.9621137010957,136.03502801816884,83221100
2021-10-07,139.76089477539062,140.66799748439982,139.20494108139994,139.5365636274982,61732700
2021-10-08,139.3805389404297,140.62901288949595,139.04891630336158,140.48271316225515,58773200
2021-10-11,139.29275512695312,141.2434974770439,138.31738395190774,138.76606124094116,64452200
2021-10-12,138.02476501464844,139.72191616043952,137.56633938704366,139.7024045703548,73035900
2021-10-13,137.43951416015625,137.9174363658586,135.77162340821164,137.76138833625006,78762700
2021-10-14,140.21934509277344,140.3363997461316,138.024760100328,138.60998871817293,69907100
2021-10-15,141.27273559570312,141.33125547588753,139.97549034735292,140.22909633879294,67940300
2021-10-18,142.94064331054688,143.22349439217342,139.63413574665708,139.91698682828363,85589200
2021-10-19,145.09620666503906,145.49611240776287,142.94064476173952,143.38930715549284,76378900
2021-10-20,145.58384704589844,146.06178411808008,144.47192487731363,145.03764175367826,58418800
2021-10-21,145.79852294921875,145.9545859561012,144.2281742895596,145.1450258512595,61421000
2021-10-22,145.02792358398438,146.48121692115393,144.97915205496275,146.00329463249273,58883400
2021-10-25,144.97918701171875,145.69120388157359,143.98430413512364,145.0181953145529,50720600
2021-10-26,145.64244079589844,147.1249943659197,145.34006320959406,145.65218915043056,60893400
2021-10-27,145.18397521972656,146.04229155515878,144.8328410742834,145.68140905786274,56094900
2021-10-28,148.81239318847656,149.39760698679012,146.0325792767904,146.13012235133445,100077900
2021-10-29,146.1105499267578,146.24710124447626,142.80404348495375,143.59409145768024,124953200
2021-11-01,145.29127502441406,146.0130400607468,144.15984105888933,145.32053496464482,74588300
2021-11-02,146.32518005371094,147.8370082711022,144.98891149464504,144.9986747309846,69122000
2021-11-03,147.75894165039062,148.2271155108839,146.13007404821352,146.68602771699076,54511500
2021-11-04,147.24203491210938,148.6758168059769,146.92990900121129,147.84676026074618,60394600
2021-11-05,147.7694854736328,148.66813471450217,146.57779487265975,148.36533077411934,65463900
2021-11-08,146.9490203857422,148.0528033415094,146.6755190186912,147.89651258756408,55020900
2021-11-09,147.3104248046875,147.9160328251653,146.57782868777164,146.71457936674102,56787900
2021-11-10,144.48744201660156,146.64616444006643,144.41907415140022,146.53871644786318,65187100
2021-11-11,144.43861389160156,145.96241109507744,144.25302053135974,145.50333134171993,41000000
2021-11-12,146.50942993164062,146.90990439693277,144.05766590459464,144.9856178095641,63804000
2021-11-15,146.51919555664062,148.3555742437889,145.9624154592678,146.88060480284193,59222800
2021-11-16,147.49598693847656,147.97462166575806,145.87450429964008,146.46058703081326,59256200
2021-11-17,149.92820739746094,151.40316186672771,147.48622091573952,147.49598349597346,88807000
2021-11-18,154.20655822753906,154.98799688592075,149.4984160214015,150.1431040324191,137827700
2021-11-19,156.82440185546875,157.2834965855034,152.897682743032,153.99168810581827,117305600
2021-11-22,157.28350830078125,161.85490096838612,157.26396823078883,157.9281815634673,117467900
2021-11-23,157.66444396972656,158.04539332554327,155.36897034832776,157.38116514595987,96041900
2021-11-24,158.18214416503906,158.37750013405517,155.9355132595911,157.01975602804134,69463600
2021-11-26,153.1712188720703,156.7267520133658,152.7316641107407,155.86718256368144,76959800
2021-11-29,156.52157592773438,157.44952783966656,155.10521179906075,155.67175446958956,88748200
2021-11-30,161.4641876220703,161.67908367603815,156.20902669183067,156.2774094838687,174048100
2021-12-01,160.94647216796875,166.34814584365344,160.71203606659066,163.5935775451036,152052500
2021-12-02,159.95989990234375,160.38969196905754,154.13821164787007,155.05640108044867,136739200
2021-12-03,158.08444213867188,161.13205157338396,156.01364225594332,160.21386222018816,118023100
2021-12-06,161.4837188720703,163.98431110380426,160.46784396248754,160.47760654451426,107497000
2021-12-07,167.2076873779297,167.59841414884357,164.43359437560147,165.15642772326544,120405400
2021-12-08,171.0172119140625,171.87679598965886,166.7388465074218,168.13567063026588,116998900
2021-12-09,170.50924682617188,172.64842918211983,169.88409893762693,170.85113086564078,108923700
2021-12-10,175.2858123779297,175.46164318083981,170.63627480069655,171.1442122366866,115402700
2021-12-13,171.66188049316406,177.90359710458122,171.4567470785072,176.9170250648393,153237000
2021-12-14,170.28463745117188,173.61551126067369,168.21383726682737,171.18328686899508,139380400
2021-12-15,175.13929748535156,175.33465344975855,168.31149697974806,171.04652519555987,131063300
2021-12-16,168.26268005371094,176.9366233262029,166.7877251559473,175.11978425979464,150185800
2021-12-17,167.1686553955078,169.44458898529163,165.75230596796482,165.98672717242667,195432700
2021-12-20,165.81089782714844,166.62163920449956,163.5740445559153,164.375008447403,107499100
2021-12-21,168.97569274902344,169.1808112556796,165.19548774606798,167.57886880713295,91185900
2021-12-22,171.564208984375,171.77910499631244,168.15519034473417,169.02453697313442,92135300
2021-12-23,172.18936157226562,172.74614168304623,171.2028043307869,171.76934702247985,68356600
2021-12-27,176.14540100097656,176.233308952318,172.9610554465104,172.98058061033834,74919600
2021-12-28,175.12950134277344,177.12217071968058,174.38714279522745,175.9793227997058,79144300
2021-12-29,175.2174072265625,176.43840038673264,174.0061766459811,175.16856451921535,62348900
2021-12-30,174.06480407714844,176.3798175385403,173.95735606919604,175.30533745901636,59773000
2021-12-31,173.44943237304688,175.0709001571645,173.14661351296067,173.9573548573712,64062300
2022-01-03,177.78639221191406,178.6362137085352,173.58618706197944,173.70339765267045,104487900
2022-01-04,175.52999877929688,178.69481886787932,174.96345608354855,178.39201490568885,99310400
2022-01-05,170.8609161376953,175.9890879826122,170.587414831676,175.4420853705736,94537600
2022-01-06,168.00865173339844,171.2320765208515,167.65700512195446,168.6924048932337,96904000
2022-01-07,168.1747283935547,170.09901499255682,167.06118311991872,168.8780217142409,86709100
2022-01-10,168.19427490234375,168.4970788622131,164.2675561955421,165.1564429133354,106765600
2022-01-11,171.0172119140625,171.1148824378415,166.85607200254188,168.32126400156088,76138300
2022-01-12,171.4567413330078,173.06844633316717,170.76322556870227,172.03304652412405,74805200
2022-01-13,168.19427490234375,172.52146809219963,167.80354809549323,171.70096415486904,84505800
2022-01-14,169.05389404296875,169.74741004885496,167.11982948341992,167.36402819909668,80440800
2022-01-18,165.8596954345703,168.53610260535586,165.47874620710155,167.5300055455102,90956700
2022-01-19,162.37257385253906,167.1100339648471,162.08930995625335,166.05509393247632,94815000
2022-01-20,160.6924591064453,165.74248492301732,160.37011513031928,163.10514273299674,91420500
2022-01-21,158.6412353515625,162.4702688967568,158.53378733529433,160.60458738914824,122848900
2022-01-24,157.86953735351562,158.53376542721094,151.11012055841888,156.30667494751387,162294600
2022-01-25,156.0722198486328,158.98306320756222,153.37627246633923,155.2907812885663,115798400
2022-01-26,155.98431396484375,160.57524507136318,154.15771304423117,159.70589857439398,108275300
2022-01-27,155.52523803710938,160.03802433796415,154.60704872462142,158.68028043462846,121954600
2022-01-28,166.37742614746094,166.39696621279427,159.02216399560837,161.86463986114418,179935700
2022-01-31,170.7241973876953,170.93909344039687,165.57648451477252,166.21141009037478,115541600
2022-02-01,170.55812072753906,170.78277933201363,168.31148996868112,169.9720379540269,86213900
2022-02-02,171.75961303710938,171.79869318006362,169.30786318384511,170.69491016457172,84914300
2022-02-03,168.88778686523438,172.15029228212393,168.12588824034546,170.43112418107953,89418100
2022-02-04,168.6041717529297,170.27662529840396,166.93171820745542,167.90975737649003,82465400
2022-02-07,167.8901824951172,170.129885294368,167.19576822143142,169.06382633955357,77251200
2022-02-08,170.99053955078125,171.4991239481133,167.66519839738126,167.95861304675316,74829200
2022-02-09,172.40872192382812,172.77059159545334,171.05902326407136,172.18377712176584,71285000
2022-02-10,168.340087890625,171.62629991772872,167.78261335475796,170.31573108381698,90865900
2022-02-11,164.93650817871094,169.27900403758753,164.34967876719554,168.54547473503922,98670700
2022-02-14,165.1712646484375,165.8558891027738,162.9022065441299,163.69441590726865,86185500
2022-02-15,168.99537658691406,169.1518664311418,166.5111637354937,167.2153531108256,62527400
2022-02-16,168.7606964111328,169.53334094761482,166.3155979842074,168.07607183633297,61177400
2022-02-17,165.1712646484375,168.1347222265384,164.7702649952927,167.27404295611913,69589300
2022-02-18,163.62591552734375,166.7947521007373,162.54029172105788,166.09057780285292,82772700
2022-02-22,160.71141052246094,163.02935867994262,158.58905229899906,161.35690506054718,91162800
2022-02-23,156.55474853515625,162.50121399005073,156.24176881453315,161.90460945584556,90009200
2022-02-24,159.16610717773438,159.27369208830245,148.66196063900136,149.22922517438823,141147500
2022-02-25,161.22975158691406,161.4938113988268,157.3371452242796,160.24192254485857,91974200
2022-02-28,161.49383544921875,161.7872502076219,158.8629074909049,159.47907699118204,95056600
2022-03-01,159.61599731445312,162.9413396082361,158.4130132555384,161.08305614073245,83474400
2022-03-02,162.90220642089844,163.68464076398826,159.37148431939156,160.77986315221446,79724800
2022-03-03,162.57943725585938,165.20058983386846,161.91437782369874,164.77025023720336,76678400
2022-03-04,159.58663940429688,161.91437725608384,158.54014531943216,160.87765818976635,83737200
2022-03-07,155.80166625976562,161.39605234966348,155.54736648605487,159.7725035009549,96418800
2022-03-08,153.98248291015625,159.30301816152476,152.37849933499598,155.33218168421902,131148300
2022-03-09,159.37149047851562,159.82139509337992,155.90923815043413,157.9337716080875,91454900
2022-03-10,155.0387725830078,156.86770104560523,152.55454474714313,156.68187121650197,105342000
2022-03-11,151.33203125,155.78211347729277,151.10708636802252,155.43979371992532,96970100
2022-03-14,147.31227111816406,150.7354085874783,146.80370143921206,148.12404550887342,108732100
2022-03-15,151.68409729003906,152.15356685525754,147.07754097449947,147.58611061794517,92964300
2022-03-16,156.08526611328125,156.48626575095446,151.06793536575267,153.60105321090987,102300200
2022-03-17,157.0926513671875,157.46431103838808,154.16832371335292,155.12679794973494,75615400
2022-03-18,160.3788604736328,160.86788006337628,156.25153394230247,156.98506332691767,123511700
2022-03-21,161.74810791015625,162.6968070121453,159.4301451412394,159.9191646814939,95811400
2022-03-22,165.11256408691406,165.69937857870127,161.2884277154457,161.8752422072329,81532000
2022-03-23,166.47207641601562,168.84870476015902,163.96828326313863,164.30082796833884,98062700
2022-03-24,170.24728393554688,170.31573891650316,166.4720521767643,167.30337650948087,90131400
2022-03-25,170.8829803466797,171.430679815148,168.95624226558783,170.06143114397722,80546200
2022-03-28,171.74368286132812,171.87081780430975,168.22273590773543,168.38900077447545,90371900
2022-03-29,175.02989196777344,175.0787819860724,172.46741925958432,172.8097389298353,100589400
2022-03-30,173.8660430908203,175.66563174403498,172.81953392128133,174.62891251824163,92633200
2022-03-31,170.77540588378906,174.120297776475,170.5700111087268,173.93446796182153,103049300
2022-04-01,170.48202514648438,171.0395147015426,168.1640768197994,170.208175340956,78751300
2022-04-04,174.5213165283203,174.57022147286082,170.60915974417932,170.73630961524591,76468400
2022-04-05,171.21556091308594,174.38441368133695,170.58961634544698,173.60197924086432,73401800
2022-04-06,168.0564727783203,169.81694627331598,166.3938091700385,168.57483234577828,89058800
2022-04-07,168.3596649169922,169.55287391806212,166.11996174699982,167.401190693142,77594700
2022-04-08,166.3546905517578,168.00757925318007,165.48423622614246,168.00757925318007,76575500
2022-04-11,162.10997009277344,165.31793693449984,161.8654603339608,165.00497220353915,72246700
2022-04-12,163.9780731201172,166.13953162244414,162.98046885243798,164.33016786613953,79265200
2022-04-13,166.65785217285156,167.28379658301122,163.10758048377514,163.71395993382896,70618900
2022-04-14,161.66009521484375,167.50878046321276,161.4155854111937,166.87304601950618,75329400
2022-04-18,161.4449462890625,162.94134514885508,159.97788741289764,160.32019219645267,69023900
2022-04-19,163.7237548828125,164.1345444765827,160.31040765157212,161.39603175237912,67723800
2022-04-20,163.55746459960938,165.1712379709988,162.45229063171516,165.0538631380032,67929800
2022-04-21,162.76528930664062,167.76307044383682,162.26649466439048,165.2006123983915,87227800
2022-04-22,158.23692321777344,164.18340212764667,157.95329847424364,162.80437847987656,84882400
2022-04-25,159.30300903320312,159.58663379803306,154.9800781201004,157.58165071304833,96046400
2022-04-26,153.35655212402344,158.7748828167284,153.2783071958642,158.6868628689345,95623200
2022-04-27,153.13157653808594,156.28084845296394,151.96770771639416,152.48606720314393,88063200
2022-04-28,160.04632568359375,160.9070049099631,155.43975472715812,155.7527344180899,130216800
2022-04-29,154.1878204345703,162.55005567908978,153.7966108597285,158.28580564908395,131747600
2022-05-02,154.4910888671875,154.75514872367953,149.9040823265059,153.26853978592672,123055300
2022-05-03,155.9777069091797,157.18070602041826,152.88711399336617,154.67691281994897,88966500
2022-05-04,162.3740692138672,162.82395888042848,155.76251479077115,156.1635144371754,108256500
2022-05-05,153.32720947265625,160.47667363266967,151.5471709663278,160.25172879543595,130525300
2022-05-06,154.05198669433594,156.16765847712838,151.01560506464577,152.80804796848787,116124600
2022-05-09,148.9391326904297,152.63176175523802,148.38083908771665,151.75022430191655,131577900
2022-05-10,151.3388214111328,153.52306350810503,149.7912476395949,152.32810167116583,115366700
2022-05-11,143.4932861328125,152.25959652859348,142.8174450559726,150.34962062380012,142689800
2022-05-12,139.6341094970703,143.19940187956024,135.95128476595931,139.83980605277625,182602000
2022-05-13,144.09075927734375,145.06044619602298,140.1728540722722,141.62247481337442,113990900
2022-05-16,142.55294799804688,144.49232147743598,141.22085987637433,142.56275232444813,86643800
2022-05-17,146.17698669433594,146.6961077185766,143.66951587036147,145.8047810748366,78336300
2022-05-18,137.9298553466797,144.33562356857507,137.02872402723415,143.83609605190958,109742900
2022-05-19,134.53103637695312,138.7525756020971,133.79642936713128,137.00910949443605,136095600
2022-05-20,134.76609802246094,137.8122689524701,129.88831177177445,136.2353120090451,137426100
2022-05-23,140.1728057861328,140.31972120246527,134.8248604473741,134.96198648449013,117726300
2022-05-24,137.47921752929688,139.05617409220883,134.51140718816654,137.9199786297948,104132700
2022-05-25,137.63600158691406,138.87992561613757,135.50073567160547,135.5888849437953,92482700
2022-05-26,140.82908630371094,141.37759058232152,134.3253649583187,134.57023400738558,90601500
2022-05-27,146.56884765625,146.6080201361109,142.2787362487316,142.40607296312103,90978500
2022-05-31,145.78521728515625,147.5678709384086,143.82626511004062,146.01050754614022,103718400
2022-06-01,145.6579132080078,148.62572491730577,144.6490389655957,146.8234773391278,74286600
2022-06-02,148.10658264160156,148.16534881431244,143.84585577263883,144.7959487531145,72348100
2022-06-03,142.39625549316406,144.93309527765794,141.49513917786348,143.88504856420633,88570300
2022-06-06,143.14064025878906,145.52077501341512,141.92608448379778,144.01237341190438,71598400
2022-06-07,145.6579132080078,145.94195473174813,141.14252729935507,141.3873963509184,67808200
2022-06-08,144.92330932617188,146.7940975636926,144.43357121198528,145.53057980516448,53950200
2022-06-09,139.71246337890625,144.91347882072873,139.60472041542363,144.06133943857793,69473000
2022-06-10,134.3155517578125,137.8710395567264,134.24698126233585,137.40089525066517,91437900
2022-06-13,129.1732940673828,132.42514647480579,128.74232225475177,130.1429657001856,122207100
2022-06-14,130.03526306152344,131.14207601932122,128.7815346427886,130.3976794412042,84784300
2022-06-15,132.65045166015625,134.52125474775525,129.4475753177957,131.5338494146611,91533000
2022-06-16,127.39070892333984,129.67289092105221,126.39163872640943,129.36925560277555,108123900
2022-06-17,128.85989379882812,130.34870189215334,127.14581035148301,127.40048374314352,134520300
2022-06-21,133.08140563964844,134.2469845261448,130.58375367786297,130.68169231513036,81000500
2022-06-22,132.5721435546875,134.93267044174033,131.16169507465415,132.02362418807766,73409200
2022-06-23,135.43215942382812,135.74558399228505,132.84634321517927,134.0119221215175,72433800
2022-06-24,138.7526092529297,138.99747831559026,136.90139973704072,137.02872148660157,89116800
2022-06-27,138.7526092529297,140.5450525850796,138.0767682486871,139.77125797752416,70207900
2022-06-28,134.61923217773438,140.47649657650823,134.50169979812208,139.2129786588069,67083400
2022-06-29,136.3724365234375,137.78288432606877,133.86498040570075,134.63877479951915,66242400
2022-06-30,133.91400146484375,135.53013138802967,131.0245493574635,134.4331227102609,98964500
2022-07-01,136.07859802246094,136.18634098386156,132.87572215700436,133.2479128863371,71051600
2022-07-05,138.65463256835938,138.70360936186282,134.1196535002059,134.94242477245444,73353800
2022-07-06,139.98672485351562,141.16209320483665,138.18449238511542,138.44895512148898,74064300
2022-07-07,143.34634399414062,143.5422362397496,140.3393449670909,140.34913434840425,66253700
2022-07-08,144.0221710205078,144.5217134378149,142.02404618814074,142.27870461467543,64547800
2022-07-11,141.89669799804688,143.63037488194183,140.82907263468897,142.6802818681296,63141600
2022-07-12,142.86636352539062,145.4032026642234,142.0729903924104,142.76840995155382,77588800
2022-07-13,142.50399780273438,143.44428658574307,139.20315284375937,140.05530730128564,71185600
2022-07-14,145.4228057861328,145.89295009063997,140.30993976956114,141.12290665908233,78140700
2022-07-15,147.08792114257812,147.7637620290884,145.15835206929646,146.70592606919652,76259900
2022-07-18,144.05154418945312,148.4591862413332,143.6891279021673,147.64621935829007,81420900
2022-07-19,147.90090942382812,148.1261847699647,143.89485526545627,144.88412086859606,82982400
2022-07-20,149.89898681640625,150.56503820748694,147.28378792798063,148.01839486109847,64823400
2022-07-21,152.16163635253906,152.37712231601844,148.82161886422966,151.3290755894941,65086600
2022-07-22,150.92747497558594,153.07253011561605,150.2614383736218,152.20079694797485,66675400
2022-07-25,149.81088256835938,151.85798424989775,149.1546353044719,150.849124954379,53623900
2022-07-26,148.48858642578125,149.94799628582763,147.70500253719806,149.13502930916428,55138700
2022-07-27,153.5720672607422,154.10099277980115,149.0371026048061,149.4484808165071,78620700
2022-07-28,154.12057495117188,154.40461645264705,151.24091273921562,153.7581586202447,81378700
2022-07-29,159.17465209960938,160.2716754702952,156.22643448443253,157.93072824104914,101786900
2022-08-01,158.1951904296875,160.2325026515257,157.58791998844677,157.7054523459462,67829400
2022-08-02,156.72596740722656,159.07671904499605,156.35377664743476,156.81413161603723,59907000
2022-08-03,162.72039794921875,163.17094866506537,157.45081082004532,157.53896009762985,82507500
2022-08-04,162.4069366455078,163.75861850349844,161.05525478751719,162.60282888470158,55474100
2022-08-05,162.18136596679688,162.67178435198056,159.876393569881,160.08237587686597,56697000
2022-08-08,161.71054077148438,164.59420304327227,161.05338198319762,163.18179581085533,60276900
2022-08-09,161.75958251953125,162.6423445061743,160.1215870695177,160.8768354992681,63135500
2022-08-10,165.99681091308594,166.09488560468589,163.70164162721542,164.46669306704544,70170500
2022-08-11,165.26116943359375,167.713261012407,164.9669154508603,166.80107516257124,57149200
2022-08-12,168.80201721191406,168.87066800455992,166.15374591104305,166.56571053244468,68039400
2022-08-15,169.87107849121094,170.06724280100903,168.06634289486433,168.23308330651162,54091700
2022-08-16,169.7141876220703,170.3811644180383,168.37044601656845,169.46897842594916,56377100
2022-08-17,171.20501708984375,172.77434653771422,169.26296497615442,169.45912928634104,79542000
2022-08-18,170.8126983642578,171.54832585930868,169.80243780169835,170.42036968678258,62290100
2022-08-19,168.2330780029297,170.41053619571213,168.02709575598993,169.7141357065489,70346300
2022-08-22,164.3588104248047,166.6049198473659,163.9370428679026,166.43817940694694,69026800
2022-08-23,164.0253143310547,165.47696339789675,163.4564272588674,163.87819481513557,54147100
2022-08-24,164.319580078125,164.88846719098774,163.06411023124903,164.11361274111158,53841500
2022-08-25,166.7716522216797,166.8795448504242,165.12385385508654,165.54560642521002,51218200
2022-08-26,160.4844970703125,167.77212157949262,160.42564926256463,167.30132415112922,78961000
2022-08-29,158.28741455078125,159.77827539995786,156.7573118566176,158.06181135805244,73314000
2022-08-30,155.86474609375,159.44479366035216,154.69754815714236,159.02304111055471,77906200
2022-08-31,154.20712280273438,157.5027341926007,154.12865408316875,157.23790413486398,87991100
2022-09-01,154.9329833984375,155.38415993328115,151.70602203096658,153.6382716729597,74229900
2022-09-02,152.82415771484375,157.286967514474,152.00025851175562,156.6886565527691,76957800
2022-09-06,151.56866455078125,154.079603619405,150.74476547508485,153.47148977301632,73714800
2022-09-07,152.97129821777344,153.6676838931478,150.66632598771957,151.85314497915547,87449600
2022-09-08,151.50006103515625,153.36364499716552,149.75415773532657,151.67660447799875,84923800
2022-09-09,154.35426330566406,154.79565178409123,151.78447599724632,152.49067960307377,68028800
2022-09-12,160.29811096191406,161.11220709833708,156.24726616785827,156.53170218353472,104956000
2022-09-13,150.89187622070312,157.46347745743722,150.4308818908401,156.83574272665854,122656600
2022-09-14,152.33370971679688,154.0894153787575,150.66629071155694,151.82367056195963,87965400
2022-09-15,149.45008850097656,152.2651001071562,148.4790697119515,151.68639505914092,90481100
2022-09-16,147.81207275390625,148.44962552428208,145.5267216779744,148.31230899881908,162278800
2022-09-19,151.51963806152344,151.59810678770754,146.2427471814607,146.44871449211215,81474200
2022-09-20,153.89324951171875,155.05064442927653,150.1464616536784,150.46032156880005,107689800
2022-09-21,150.7742462158203,155.69805153828966,150.65655057959955,154.32487092805448,101696800
2022-09-22,149.81300354003906,151.50984684718208,148.0180705759549,149.4599017279835,86652500
2022-09-23,147.5472412109375,148.5673196468233,145.71308157487604,148.29268659863374,96029900
2022-09-26,147.88076782226562,150.82327820825114,146.77241745430226,146.7920383807957,93339400
2022-09-27,148.8517303466797,151.75501274747782,147.0764188135219,149.81296081817345,84442700
2022-09-28,146.96856689453125,147.75323924438212,142.06438341593866,144.81072915722658,146691400
2022-09-29,139.74960327148438,143.9083561021041,137.98409428837317,143.3002421615135,128138200
2022-09-30,135.55162048339844,140.35772899315157,135.35545614892226,138.5725991267457,124925300
2022-10-03,139.72018432617188,140.32831325471835,135.05140704196927,135.56144631438175,114311700
2022-10-04,143.3002471923828,143.41794280659562,141.49549629829846,142.2507447443845,87830100
2022-10-05,143.59449768066406,144.55572849466822,140.26946161653336,141.30916116839794,79471000
2022-10-06,142.64308166503906,144.7126478104947,142.43711432828448,143.0158044200555,68402200
2022-10-07,137.4053955078125,140.35772324812106,136.7776606833551,139.80844218113944,85925600
2022-10-10,137.7290802001953,139.17091126885134,135.91454138275128,137.7290802001953,74899000
2022-10-11,136.31668090820312,138.64127407342733,135.57125040118655,137.21904887976436,77033700
2022-10-12,135.68894958496094,137.67024396939837,135.51240615749046,136.46381898254117,70433700
2022-10-13,140.2498321533203,140.83832513907973,131.79501040391918,132.40313927882985,113224000
2022-10-14,135.7281951904297,141.75053227831364,135.5418338120233,141.5445499741852,88598000
2022-10-17,139.6809539794922,140.16155437004147,137.5819641011487,138.36663643162046,85250900
2022-10-18,140.9952850341797,143.88875049899616,137.91545818930572,142.70194639396894,99136600
2022-10-19,141.10317993164062,142.1722884311379,138.78840452952474,138.97476591255997,61758300
2022-10-20,140.6421356201172,143.09422670420207,139.9163112713326,140.27923092891302,64522000
2022-10-21,144.4477996826172,145.01668666487555,139.91632474569775,140.13210997918807,86548600
2022-10-24,146.58604431152344,147.3510957532076,143.2021606323234,144.3693587197694,75981900
2022-10-25,149.42066955566406,149.5678040506047,146.49778017936205,147.2137868289863,74732300
2022-10-26,146.4879608154297,149.07736899312695,145.20305222207165,148.06710843299678,88194300
2022-10-27,142.02516174316406,146.1937178528811,141.36800292889203,145.23250204640354,109180200
2022-10-28,152.7554931640625,154.48176014348397,144.98726930709842,145.35997702745019,164762400
2022-10-31,150.4014892578125,151.28425122815005,149.00870300208484,150.22494584357278,97943200
2022-11-01,147.7630615234375,152.47108127109797,146.27220032701106,152.10817643552318,80379300
2022-11-02,142.25074768066406,149.25392123210702,142.2213237765035,146.0956258102425,93604600
2022-11-03,136.21861267089844,140.0634909361085,136.09109910411752,139.33766635298934,97918500
2022-11-04,135.95335388183594,140.1681172493776,132.0234984378513,139.59828641105477,140814800
2022-11-07,136.4838409423828,136.70980337190065,133.29083425573356,134.7055842324109,83374600
2022-11-08,137.05372619628906,138.94987449555333,135.07897897911388,137.9477720224135,89908500
2022-11-09,132.50489807128906,136.12037292800636,132.22980938548775,136.07124673599705,74917800
2022-11-10,144.29441833496094,144.29441833496094,137.05366669118547,138.7631586833069,118854000
2022-11-11,147.0748291015625,147.3793904835366,141.83829520447486,143.26287971945007,93979700
2022-11-14,145.6797332763672,147.64466090619808,144.8446330372058,146.35763570725214,73374100
2022-11-15,147.40882873535156,150.89657743758315,145.95478683657723,149.55060713210176,89868300
2022-11-16,146.1807861328125,147.2418488642614,144.70709039322372,146.51483522710427,64218300
2022-11-17,148.07693481445312,148.82360185357618,143.58706836561342,143.86215701114332,80389400
2022-11-18,148.6369171142578,150.022194440957,147.3400729082456,149.63903422199823,74829600
2022-11-21,145.41445922851562,147.73307435769456,145.12955132737417,147.52676535819396,58724100
2022-11-22,147.54640197753906,147.7821986794849,144.3533947208252,145.53236323934706,51804100
2022-11-23,148.42080688476562,149.16747394284351,146.72113379241404,146.82920540527334,58301400
2022-11-25,145.5126953125,146.2691965387926,144.5400508786952,145.70918504900035,35195900
2022-11-28,141.69091796875,144.06847835661756,140.86565204725017,142.59478278627932,69246000
2022-11-29,138.6944122314453,142.27057984792378,137.8887997144492,141.7596944766532,83763800
2022-11-30,145.43411254882812,146.11201495746124,138.0852876520207,138.92037287256267,111380900
2022-12-01,145.70921325683594,146.51484082101652,144.0390276864429,145.61097586517099,71250400
2022-12-02,145.2179718017578,145.40464232225125,143.09584639700262,143.4004227674544,65447400
2022-12-05,144.05868530273438,148.27344880391388,143.2137657558394,145.17869354013385,68826400
2022-12-06,140.40386962890625,144.71688401684585,139.43122531687646,144.4909215977212,64727200
2022-12-07,138.4684600830078,140.85584008868295,137.5449416476374,139.69653991914743,69721100
2022-12-08,140.14846801757812,141.00322179654424,138.62566097989853,139.8635600853956,62128300
2022-12-09,139.66705322265625,143.01725827820258,138.42913927736055,139.84388950557997,76097000
2022-12-12,141.95620727539062,141.9660265170688,138.58634846990296,140.1975885864345,70462700
2022-12-13,142.9189910888672,147.34007759813417,141.71056497387187,146.87831847453648,93886200
2022-12-14,140.6986541748047,144.08815144991274,138.68460028950005,142.80112620848055,82291200
2022-12-15,134.1063232421875,139.31338494507114,133.64456400681874,138.63548245096763,98931900
2022-12-16,132.1511688232422,135.23610381983994,131.38484844130548,134.29294719185827,160156900
2022-12-19,130.0487518310547,132.829126684755,129.01717664823065,132.74070852472047,79592600
2022-12-20,129.97998046875,130.91331820064397,127.61223880809378,129.08593469778208,77432800
2022-12-21,133.0746612548828,134.41081204562903,130.4220131384429,130.64797551734222,85928000
2022-12-22,129.9111785888672,132.20032094511618,128.0150307307424,131.99401195090732,77852100
2022-12-23,129.54766845703125,130.0978457490201,127.3665977700706,128.62415014924704,63814900
2022-12-27,127.749755859375,129.10556058535423,126.46273078933113,129.07608787315525,69007800
2022-12-28,123.82974243164062,128.73223486036684,123.66272537894751,127.39608344761355,85438400
2022-12-29,127.33714294433594,128.1918817150827,125.49011356491995,125.74554877459363,75703700
2022-12-30,127.6514892578125,127.67114272748928,125.19533773599038,126.1581553688859,77034200
2023-01-03,122.87673950195312,128.6044974020352,121.99252063798394,127.9953746812147,112117500
2023-01-04,124.14412689208984,126.4037966398773,122.886574422074,124.66483150899292,89113600
2023-01-05,122.8276138305664,125.52938912334946,122.57217865426507,124.90061292758642,80962700
2023-01-06,127.34693908691406,128.0051879622661,122.69989001665523,123.80025205121024,87754700
2023-01-09,127.86764526367188,131.07048653770673,127.6122100970975,128.18204084518473,70790800
2023-01-10,128.43746948242188,128.958174020526,125.87323874198964,127.9757103650532,63896200
2023-01-11,131.14910888671875,131.16874737067045,128.1722445262406,128.94838439618852,69458900
2023-01-12,131.0704803466797,131.90556546211644,129.1350257391296,131.53223946571177,71379600
2023-01-13,132.39682006835938,132.55401787873402,129.35119119619432,129.71469801537842,57809700
2023-01-17,133.55612182617188,134.88243886666353,131.77786487384603,132.4655864864573,63646600
2023-01-18,132.83892822265625,136.1792989256054,132.6620769549058,134.42069543585905,69672800
2023-01-19,132.89785766601562,133.86066781311564,131.42416224055012,131.72872356322017,58280400
2023-01-20,135.45228576660156,135.59966433835268,131.86629872212012,132.90770800117681,80223600
2023-01-23,138.63548278808594,140.80673462294286,135.48176704430378,135.6979103035641,81760300
2023-01-24,140.03057861328125,140.64953566811175,137.8396883115422,137.84950755371702,66435100
2023-01-25,139.37229919433594,139.93229570032543,136.37578195167205,138.41930821894437,65799300
2023-01-26,141.4355010986328,141.72040901629467,139.41161299424252,140.65934626942868,54105100
2023-01-27,143.37091064453125,144.64811636457318,140.57089828761406,140.64949717713105,70555800
2023-01-30,140.49234008789062,142.99762607371383,140.34497649686972,142.41797596075202,64015300
2023-01-31,141.75967407226562,141.8088002532181,139.78492752410364,140.19756045993424,65874500
2023-02-01,142.8796844482422,144.0389993752098,138.8417731528238,141.44529588395375,77663600
2023-02-02,148.17515563964844,148.5288281161462,145.57161831064525,146.28881248443847,118339000
2023-02-03,151.7906494140625,154.62014981197694,145.23761799882098,145.43410775063012,154357300
2023-02-06,149.06922912597656,150.41521473457135,148.13589150827315,149.8945101165513,69858300
2023-02-07,151.93800354003906,152.50783427872634,147.99832954313612,147.99832954313612,83322600
2023-02-08,149.25587463378906,151.86923151834947,148.5190269025848,151.18150996746658,64120100
2023-02-09,148.2242889404297,151.62361983119905,147.78218328763404,151.08326181502397,56007100
2023-02-10,148.58837890625,148.913088785703,146.82709018156558,147.06324691592152,57450700
2023-02-13,151.3828887939453,151.78630268022678,148.4998660592826,148.5293837823251,62199000
2023-02-14,150.7432403564453,151.3041068890254,148.4407688328002,149.68055772689488,61707600
2023-02-15,152.83908081054688,153.00635283510616,150.42837278798947,150.65468023132328,65573800
2023-02-16,151.2450714111328,153.82305157694913,150.8908438680814,151.04826665403036,68167900
2023-02-17,150.1036834716797,150.54646418705764,148.43094798353164,149.90689371085574,59144100
2023-02-21,146.0989227294922,148.87370750867322,146.03005307934987,147.79134145705774,58867200
2023-02-22,146.5220489501953,147.54536466728035,144.80011234851025,146.4826819914061,51011300
2023-02-23,147.00416564941406,147.92909389742377,144.87881554222116,147.68310298099968,48394200
2023-02-24,144.35736083984375,144.8296593421339,143.38323110315275,144.75094042273577,55469600
2023-02-27,145.5479278564453,146.7778826433076,145.08546365545737,145.3413038601465,44998500
2023-02-28,145.04611206054688,146.68932985809187,144.47541123636594,144.69188448050687,50547000
2023-03-01,142.9797821044922,144.86899086128216,142.68458995191014,144.4754113339038,55479000
2023-03-02,143.5701904296875,144.3573646302391,141.59241318636302,142.0647267151534,52238100
2023-03-03,148.60804748535156,148.6867663889097,144.96738452683869,145.66599039801153,70732300
2023-03-06,151.3631591796875,153.79355106354063,150.99909736370918,151.32379221822697,87558000
2023-03-07,149.16891479492188,151.55993956940895,148.7064506179963,151.23522972088062,56182000
2023-03-08,150.41856384277344,151.00894821688513,149.39524794362458,150.35952840818192,47204800
2023-03-09,148.17506408691406,152.06171701992588,147.8208366162494,151.0974369663745,53833600
2023-03-10,146.11863708496094,148.5195113692859,145.24290982690115,147.80122193638456,68572400
2023-03-13,148.0570526123047,150.68423448355665,145.33146834316847,145.43970497520198,84457100
2023-03-14,150.14306640625,150.94007486124426,147.69300560224534,148.8540759406075,73695900
2023-03-15,150.53663635253906,150.79246155107444,147.51586009545082,148.76549840164833,77167900
2023-03-16,153.35073852539062,153.95095694332394,149.2082450157043,149.7199103098672,76161100
2023-03-17,152.514404296875,154.2265068856699,151.80594908869074,153.5770871091514,98944600
2023-03-20,154.87591552734375,155.28919358755078,151.6780327765039,152.5832927983786,73641400
2023-03-21,156.72576904296875,156.84383990664745,154.02970254755692,154.79720820376127,73938300
2023-03-22,155.29901123046875,159.53989288471735,155.27932775015748,156.7454392443716,75701800
2023-03-23,156.38137817382812,158.95937384680835,155.15142327717084,156.28299079055427,67622100
2023-03-24,157.68023681640625,157.76878997628896,155.31872913493615,156.31252740651905,59196500
2023-03-27,155.7417755126953,158.19185056660328,155.33834678641222,157.37515888196728,52390300
2023-03-28,155.1218719482422,155.9484128704115,153.4786543640599,155.4367475403247,45992200
2023-03-29,158.19187927246094,158.4673879613573,156.79465234617297,156.81432081388166,51305700
2023-03-30,159.75636291503906,159.86459953343115,158.68384597812414,158.93967116064357,49501700
2023-03-31,162.25563049316406,162.35403288236776,159.31358823359025,159.8350878653574,68749800
2023-04-03,163.5052490234375,163.6233198649464,161.586522778444,161.6357239671043,56976200
2023-04-04,162.9739532470703,164.16454121432164,162.46228779099377,163.92839947620809,46278300
2023-04-05,161.1339111328125,162.40323287933546,159.20535043705326,162.0982064947886,51511700
2023-04-06,162.01947021484375,162.31466233453045,159.40212310856722,159.8252203026454,45390100
2023-04-10,159.43165588378906,159.43165588378906,157.51292944566782,158.8314373555464,47716900
2023-04-11,158.2213592529297,159.7563401575787,157.93600138413825,159.7465059260698,47644200
2023-04-12,157.53260803222656,159.4611686435216,157.21773241416443,158.6346426672523,50133100
2023-04-13,162.90504455566406,163.14120127307194,158.83143501847854,159.03807402297244,68445600
2023-04-14,162.5606689453125,163.65286938363687,161.19295983913122,161.9506011686896,49386500
2023-04-17,162.5803680419922,162.73780588588528,161.39961424099232,162.44261368211053,41516200
2023-04-18,163.8004608154297,164.7253892225956,162.99360326395418,163.43639900098648,49923000
2023-04-19,164.94183349609375,165.46333303592274,162.88533803142178,163.14117819260926,47720200
2023-04-20,163.97756958007812,165.17800667808302,162.90505258707114,163.42655222639002,52456400
2023-04-21,162.37371826171875,163.78077935638615,161.85221862385353,162.4032359760057,58337300
2023-04-24,162.6787109375,162.9443853251193,161.26180088898863,162.35400113354166,41949600
2023-04-25,161.1437530517578,163.64301445601814,161.1043860925183,162.54097982284455,48714100
2023-04-26,161.1339111328125,162.6295403559192,160.1893142654478,160.44513945575562,45498800
2023-04-27,165.70933532714844,165.85692388096987,162.54097091629146,162.54097091629146,64902300
2023-04-28,166.958984375,167.12627144742981,165.18786139778672,165.7880799666726,55275900
2023-05-01,166.8704376220703,167.71664719399982,165.93567490070697,166.5654112090663,52472900
2023-05-02,165.83726501464844,167.6182522416185,164.8533011388869,167.36241202489828,48425700
2023-05-03,164.76475524902344,168.17911124939818,164.47941231869004,166.78188428598025,65136000
2023-05-04,163.13134765625,164.36130237503923,161.67508547315035,162.24578626436005,81235400
2023-05-05,170.78660583496094,171.504895212846,168.02165491497223,168.23812815446027,113453200
2023-05-08,170.7176971435547,171.06209043449635,169.34998823962542,169.71404999386525,55962800
2023-05-09,169.0154571533203,170.75706217667226,168.84818511789587,170.27492954930042,45326900
2023-05-10,170.7767333984375,171.23919752781075,169.14335009103814,170.24539961899495,53724500
2023-05-11,170.96368408203125,171.79020994413887,169.4090197142991,171.06208645260807,49514700
2023-05-12,170.03750610351562,171.50563041723674,168.49053896760506,171.07208510437357,45533100
2023-05-15,169.5448455810547,170.66811525184778,168.95364468701064,170.6188460048669,37266700
2023-05-16,169.5448455810547,170.5991352991019,169.27880367524853,169.46601779285794,42110300
2023-05-17,170.15574645996094,170.39221479568312,167.91905489711874,169.19013234108013,57951600
2023-05-18,172.48110961914062,172.6683237371227,170.04735615510018,170.46119076780954,65496700
2023-05-19,172.5894775390625,173.80142270664055,172.37270490292832,173.80142270664055,55809500
2023-05-22,171.64358520507812,172.14611049896482,170.90459157041087,171.42681253611994,43570900
2023-05-23,169.04234313964844,170.83564173486545,168.7664533611328,170.58931050155752,50747300
2023-05-24,169.31820678710938,169.8896969643689,168.01758589409968,168.57921320123526,45143500
2023-05-25,170.45135498046875,171.34798918728478,169.17042964019168,169.87986475065702,56058300
2023-05-26,172.8555145263672,173.1905363695113,170.56956891324683,170.7764937271046,54835000
2023-05-30,174.6980743408203,176.36327550868927,173.97879151124883,174.36306754730614,55964400
2023-05-31,174.64883422851562,176.71802248155805,174.16601962684186,174.72766202276017,99625300
2023-06-01,177.44712829589844,177.47668683522244,174.33349851829678,175.0922027756249,68901800
2023-06-02,178.29449462890625,179.11231590276506,176.6292935441097,178.37332240607034,61996900
2023-06-05,176.9446258544922,182.23581511366768,175.42721727327233,179.9498694414483,121946500
2023-06-06,176.58006286621094,177.4766970018392,174.82617090162998,177.328904296753,64848400
2023-06-07,175.21047973632812,178.55073052308683,174.71781728969785,175.82137635899298,61944600
2023-06-08,177.9200897216797,178.1861165677113,174.85572927872582,175.2892595209165,50214900
2023-06-09,178.3043975830078,179.5557493602978,177.97923856717878,178.83646640490514,48900000
2023-06-12,181.0928497314453,181.19138823156914,178.31424143935143,178.60984190485868,54274900
2023-06-13,180.61990356445312,181.44757286544584,179.7626757194867,180.1173932820357,54929100
2023-06-14,181.25051879882812,181.68406417583662,179.3488488908818,180.67902853230473,57462900
2023-06-15,183.28028869628906,183.7828140435399,181.08301826564116,181.26038457492544,65433200
2023-06-16,182.20628356933594,184.245913383536,181.56582838117956,183.98971928038128,101256200
2023-06-20,182.29493713378906,183.36895259993452,181.7037512704965,181.7037512704965,49799100
2023-06-21,181.26034545898438,182.68906332243637,179.91044034391143,182.18653808363035,49515700
2023-06-22,184.25575256347656,184.30502181445038,180.9746189088309,181.04359886716716,51245300
2023-06-23,183.94044494628906,184.80753566864925,182.29495416898448,182.82703803401998,53117000
2023-06-26,182.5511474609375,185.29034946556595,182.51172604562308,184.08825189117624,48088700
2023-06-27,185.30015563964844,185.62531458599346,182.94523027205378,183.16200290295046,50730800
2023-06-28,186.4727325439453,187.11318769857849,184.84695251457532,185.17209649255778,51216800
2023-06-29,186.8077392578125,187.2807060224463,186.16728410364277,186.30522898461155,46347300
2023-06-30,191.1234588623047,191.62596911406445,188.45322195229386,188.81780236383452,85213200
2023-07-03,189.63558959960938,191.0347488046626,188.9458503136462,190.93621032527898,31458200
2023-07-05,188.522216796875,190.14799688410469,187.82262949557398,188.7587001877792,46920300
2023-07-06,188.9951629638672,189.20208780415717,186.42346442381324,187.05407174607458,45094300
2023-07-07,187.88174438476562,189.84254634486774,187.4482140588147,188.601042385603,46815000
2023-07-10,185.8421173095703,187.20187038994513,184.29515010539157,186.48257243692333,59922200
2023-07-11,185.31988525390625,186.5219826806886,183.86160879849567,186.384037813756,46638100
2023-07-12,186.985107421875,188.88677723101014,185.70418206587038,186.8964167558296,60750200
2023-07-13,187.74378967285156,188.38425984411805,186.99494820191867,187.70438329432415,41342300
2023-07-14,187.89161682128906,188.37441642370476,186.847174781534,187.4383607296714,41616200
2023-07-17,191.1431884765625,191.46834750746484,188.9951723122315,189.08384794751433,50520200
2023-07-18,190.88694763183594,191.47814845869007,189.59617469589472,190.51253447403246,48288200
2023-07-19,192.23687744140625,195.32093388898534,189.82281961650222,190.26622781119138,80507300
2023-07-20,190.29579162597656,193.58677299126168,189.67503216410122,192.22701989757815,59581200
2023-07-21,189.1232147216797,192.10874719252732,188.42362760855806,191.25151956273768,71951700
2023-07-24,189.92137145996094,192.04967681854123,189.42870901778204,190.57168949200457,45377800
2023-07-25,190.77859497070312,191.58656857428397,190.08887057427083,190.49285737606127,37283200
2023-07-26,191.6456756591797,192.7689453418544,190.48299959942145,190.82785426220883,47471900
2023-07-27,190.3844451904297,194.3060333990039,189.72427942670237,193.1433574364322,47460200
2023-07-28,192.95616149902344,193.74442436278966,191.29096014596897,191.8131810983056,48291400
2023-07-31,193.5670623779297,193.60648379116893,192.39452340931743,193.1827862905988,38824100
2023-08-01,192.7393798828125,193.8429388199064,192.41422090280528,193.36013930235927,35175100
2023-08-02,189.75384521484375,192.3156805851802,189.03456234552243,192.17773571935334,50389300
2023-08-03,188.36456298828125,189.54694988427917,187.89161123685508,188.75870197685728,61235200
2023-08-04,179.31927490234375,184.6301752435833,179.25029494609427,182.79747042079737,115956800
2023-08-07,176.2253875732422,180.44257749750784,174.74740002871357,179.4572524678221,97576100
2023-08-08,177.16140747070312,177.62451134366992,174.97398514494694,177.05302113799038,67823000
2023-08-09,175.5750274658203,178.27480777933516,174.41233639065635,178.2156906972674,60378500
2023-08-10,175.3582763671875,178.097478428752,174.9937109597073,176.84611157664116,54686900
2023-08-11,175.41746520996094,176.23639103718068,174.19402209160106,174.95375100085724,52036700
2023-08-14,177.065185546875,177.29211207450308,174.9438673937282,175.59506357405235,43675600
2023-08-15,175.08200073242188,177.08491002448199,174.68734458769583,176.4929258073929,43622600
2023-08-16,174.21376037597656,176.15745776554937,174.14468726786023,174.7662850202376,46964900
2023-08-17,171.6780242919922,175.14117901733323,171.16495931429398,174.77612136953763,66062900
2023-08-18,172.16148376464844,172.76334408254257,169.6652471318657,170.00070631097662,61172200
2023-08-21,173.4934844970703,173.77962299820936,171.42151715942626,172.7337706675176,46311900
2023-08-22,174.86492919921875,175.30892111024494,173.89801113995804,174.69719959083847,42038900
2023-08-23,178.7030029296875,179.12727253692543,175.95024126986627,176.13770818549477,52722800
2023-08-24,174.0262451171875,178.6832587618648,173.66117246380833,178.25898920663042,54945800
2023-08-25,176.2265167236328,176.7593040006282,173.4737548580186,175.0129348306344,51449600
2023-08-28,177.7854461669922,178.1801023209798,176.1673318473753,177.68677460091166,43820700
2023-08-29,181.66297912597656,182.4325690983829,177.1046362040057,177.30196426395187,53003900
2023-08-30,185.14585876464844,185.34320186637345,182.27470331859433,182.47203136515444,60813900
2023-08-31,185.36294555664062,186.59626480914432,184.97815055206615,185.33334709899387,60794500
2023-09-01,186.93174743652344,187.38560051082152,185.76748618147488,186.96134589549212,45766500
2023-09-05,187.16851806640625,187.44478036173828,185.10641198511868,185.76746926717502,45280000
2023-09-06,180.46913146972656,186.32986658571798,179.04834537431464,185.88585963952747,81755800
2023-09-07,175.19053649902344,175.8318715643951,171.22417743783686,172.84229174782251,112488800
2023-09-08,175.80224609375,177.8347687964352,175.417451102765,175.96999075471308,65551300
2023-09-11,176.9665069580078,177.89396541040293,174.97345890425444,177.6670388917848,58953100
2023-09-12,173.94732666015625,177.72621814105926,172.48708107979573,177.09475937210624,90370200
2023-09-13,171.8852081298828,174.9339690689215,171.65826659533536,174.1545030340495,84267900
2023-09-14,173.3948211669922,173.75001770449512,171.26364194197464,171.67803539320033,60895800
2023-09-15,172.67454528808594,174.14466716160445,171.50043808217407,174.12492983939754,109259500
2023-09-18,175.59506225585938,176.98624997924455,173.8190795297471,174.12494029407293,67257600
2023-09-19,176.68035888671875,177.2328834055171,174.76624533576447,175.15104027243933,51826900
2023-09-20,173.14817810058594,177.3019893003594,173.05936766417838,176.86785847407558,58436200
2023-09-21,171.60894775390625,173.94733103404198,171.5398897121348,172.2206842726111,63149100
2023-09-22,172.45750427246094,174.71695374662696,171.7273888544839,172.33911043282527,56725400
2023-09-25,173.73025512695312,174.60837768157924,171.82600269974301,171.87533847239564,46172700
2023-09-26,169.66526794433594,172.8620217812148,169.3692683155077,172.4871029695211,64588900
2023-09-27,168.15567016601562,170.73084132501634,166.7940959712009,170.3164478696235,66921800
2023-09-28,168.41220092773438,169.73431545858824,165.38316183381656,167.0802102082604,56294400
2023-09-29,168.92526245117188,170.7604419321708,168.06686209293406,169.72445084440017,51861100
2023-10-02,171.43136596679688,171.9740294168616,168.6489906711008,168.93512915166482,52164500
2023-10-03,170.09934997558594,171.31294670786232,168.54044801255043,169.96121885018417,49594600
2023-10-04,171.34255981445312,171.8852232303615,168.68845469814508,168.80684851428336,53020300
2023-10-05,172.5758819580078,173.10866919518492,170.3756298015613,171.47081778563683,48527900
2023-10-06,175.1214599609375,175.61478762599208,170.86896284182788,171.48069938400815,57266700
2023-10-09,176.6014404296875,176.6606373398207,173.45400756283908,174.45052401213385,42390800
2023-10-10,176.00942993164062,177.32168322438636,175.57529921161475,175.72330653262233,43698000
2023-10-11,177.400634765625,177.4499705441094,175.22999600880442,175.82198018511957,47551100
2023-10-12,178.2985076904297,179.90674578858014,176.6507798893927,177.6670488234186,56743100
2023-10-13,176.46334838867188,179.5022341867499,175.76281633481818,178.99904528395493,51427100
2023-10-16,176.3350372314453,176.6902337432856,174.15452238414363,174.39132507709223,52517000
2023-10-17,174.7859649658203,176.03902130181154,172.4673342483031,174.29263735930638,57549400
2023-10-18,173.4934844970703,175.21027033840411,172.77323025982977,173.23695950912395,54764400
2023-10-19,173.1185302734375,175.46675944254312,172.8521291505183,173.69077704835468,59302900
2023-10-20,170.57301330566406,173.07911173437196,170.33621055796252,172.9705790235715,64244000
2023-10-23,170.69139099121094,171.68790756499885,167.6623515662161,168.62928473640696,55980100
2023-10-24,171.12550354003906,171.35243005141567,169.1620540054936,170.74070856198063,43816600
2023-10-25,168.81675720214844,170.7505934954682,168.37275019582236,169.58634726553433,57157000
2023-10-26,164.6629180908203,169.0930062294273,163.459197305812,168.0964746462511,70625300
2023-10-27,165.9751739501953,166.70530437202822,164.60372353518264,164.6826577744484,58499100
2023-10-30,168.01754760742188,168.88580920893756,166.61649869462795,166.76450604315932,51131000
2023-10-31,168.49114990234375,168.61940486913602,165.65943861592592,167.09010101577766,44846000
2023-11-01,171.6484375,171.90496247869652,167.849808268541,168.71806981976965,56934900
2023-11-02,175.20037841796875,175.40756758774253,173.11853525669227,173.17773216234193,77334800
2023-11-03,174.29266357421875,174.46040823420765,171.03671292563865,171.91483559510309,79829200
2023-11-06,176.83824157714844,177.0355696443862,173.85855313497558,174.02628274488598,63841300
2023-11-07,179.3936767578125,180.00539823599848,176.58170308551922,176.78889227095914,70530000
2023-11-08,180.4494171142578,181.00194176498167,179.16676200069597,179.91662978825056,49340300
2023-11-09,179.97581481933594,181.6629871195562,179.3838155582821,180.51847829944086,53763500
2023-11-10,184.1548309326172,184.32279657138264,181.31940452226758,181.75410719319203,66133400
2023-11-13,182.5741424560547,183.7893232540613,181.9912524470517,183.58186108306094,43627500
2023-11-14,185.18234252929688,185.8442707665973,184.05607409829287,185.43920547847273,60108400
2023-11-15,185.74545288085938,187.21751156501972,185.5182274044454,185.5873915048758,53790500
2023-11-16,187.42501831054688,188.65996251273407,186.37777296409004,187.286705162902,54412900
2023-11-17,187.40524291992188,188.08693448765234,186.29873780998344,187.9584954748911,50922700
2023-11-20,189.14402770996094,189.598493753426,187.59294582194016,187.60281994734135,46505100
2023-11-21,188.34378051757812,189.21318592585277,187.45462685911554,189.10451024981845,38134500
2023-11-22,189.00572204589844,190.60620477415247,188.53150773289747,189.18356183514956,39617700
2023-11-24,187.6818389892578,188.6006300326625,186.97051008307392,188.57099258448812,24048300
2023-11-27,187.50401306152344,188.37341847212542,186.62473352580105,187.6324520630897,40552600
2023-11-28,188.10667419433594,188.77849160556613,187.11871894105684,187.49414676130317,38415400
2023-11-29,187.08908081054688,189.77632029571453,186.69390474066958,188.6006511365786,43014200
2023-11-30,187.662109375,188.02766309314677,185.92331344476767,187.55343368717286,48794400
2023-12-01,188.9365692138672,189.25270705783993,186.95076949469112,188.0375263099119,45704800
2023-12-04,187.1483612060547,187.76090372984268,185.1922139752508,187.69173962433385,43389500
2023-12-05,191.09030151367188,192.05849343193452,187.8893210956394,187.91897362196437,66628400
2023-12-06,190.0035400390625,192.41413792119363,189.79606282635905,192.10787423934497,41089700
2023-12-07,191.93008422851562,192.65128739108172,191.25826677194576,191.29779342674496,47477700
2023-12-08,193.3527374267578,193.629363703371,191.33730018286,191.86091528323507,53406400
2023-12-11,190.8531951904297,191.15947399253523,189.11439931154695,190.78404615931,60943700
2023-12-12,192.36477661132812,192.3746507369947,189.4107849369075,190.75440470261375,52696900
2023-12-13,195.57562255859375,195.61513413450965,192.50308121236986,192.74018081786602,70404200
2023-12-14,195.72381591796875,197.21562292408947,193.79730618821,195.63490356313392,66831600
2023-12-15,195.19032287597656,196.01031245444227,194.62718115642724,195.1507962246044,128538400
2023-12-18,193.53057861328125,194.26167102083278,192.0486455445977,193.72816667410518,55751900
2023-12-19,194.56790161132812,194.57777573643529,193.5305456250714,193.79729775296602,40714100
2023-12-20,192.48330688476562,195.29897006409448,192.48330688476562,194.52836624027822,52242800
2023-12-21,192.33509826660156,194.7061996333918,191.16931844438724,193.73800782299358,46482500
2023-12-22,191.2681427001953,193.0563392932213,190.64572606781581,192.82909873139974,37149600
2023-12-26,190.7247772216797,191.55465607108982,190.50742584564344,191.2780297879531,28919300
2023-12-27,190.82354736328125,191.16933772508392,188.78836199381533,190.17150836602553,48087700
2023-12-28,191.24838256835938,192.31537606668746,190.84331729052167,191.80163510638113,34049900
2023-12-29,190.21102905273438,192.0585006042798,189.4206618129017,191.56452296375952,42672100
2024-01-02,183.40402221679688,186.17030008579113,181.6751004330507,184.89582930034302,82488700
2024-01-03,182.03077697753906,183.64114905512682,181.22064633789287,182.00113952243032,58414500
2024-01-04,179.71896362304688,180.88474371487789,178.70137080560033,179.956063262062,71983600
2024-01-05,178.9977264404297,180.55869755734878,177.99989705667167,179.79798286255345,62379700
2024-01-08,183.324951171875,183.3644778190013,179.3138557634904,179.89674567111302,59144500
2024-01-09,182.91001892089844,182.91989304556353,180.52904335165846,181.7047124117811,42841800
2024-01-10,183.9473876953125,184.1548498527509,181.70472508990332,182.12955368013527,46792900
2024-01-11,183.35458374023438,184.79700482198106,181.40831098352746,184.29313807202234,49128400
2024-01-12,183.68063354492188,184.49076406507768,182.95943045197853,183.81894667336306,40477800
2024-01-16,181.418212890625,182.04061439740983,178.75072186869164,179.9659175831278,65603000
2024-01-17,180.47964477539062,180.72663357001974,178.12832170152117,179.08663943068214,47317400
2024-01-18,186.3579864501953,186.86183815424235,183.59170899023258,183.84857190455077,78005800
2024-01-19,189.252685546875,189.6379874512041,186.54569809210085,187.04954979006996,68903000
2024-01-22,191.5546417236328,192.97729968749402,189.94426985134535,189.98379650311966,60133900
2024-01-23,192.8291015625,193.39224330006388,191.49537099853464,192.67104017695664,42355600
2024-01-24,192.1572723388672,194.0146328029546,191.99919590043444,193.06618924735707,53631300
2024-01-25,191.83128356933594,193.90599578100486,190.78405333725613,192.86863967517039,54822100
2024-01-26,190.1023406982422,192.41415228379137,189.6281264159501,191.93006387634745,44594000
2024-01-29,189.42063903808594,189.8849791703456,187.2965414692382,189.6972652775173,47145600
2024-01-30,185.77511596679688,189.48983770252025,185.21198926058483,188.64019550498801,55859400
2024-01-31,182.17893981933594,184.846431021382,182.12955411744667,184.7871410441138,55467800
2024-02-01,184.60934448242188,184.69825684937862,181.60596673463837,181.77391734166875,64885400
2024-02-02,183.61148071289062,185.07365019396582,177.09097033579843,177.6936236133024,102551700
2024-02-05,185.41943359375,186.97053056814926,183.60159955655655,185.88377376602236,69668800
2024-02-06,187.01991271972656,187.02978684421677,184.5203873987695,184.60929974417922,43490800
2024-02-07,187.12863159179688,188.74887780721724,186.33826427512778,188.34381248461148,53439000
2024-02-08,186.05172729492188,187.25701874915856,185.09340956143063,187.10883150171134,40962000
2024-02-09,186.8134307861328,187.94113632063826,185.97259122428568,186.61557552858977,45155200
2024-02-12,185.13174438476562,186.63535673641036,184.77562606711913,186.3880527684402,41781900
2024-02-13,183.0445098876953,184.2019058140478,181.53101071537256,183.76664838776776,56529500
2024-02-14,182.16409301757812,183.52921572281525,180.4725423642709,183.32148884677065,54630500
2024-02-15,181.87722778320312,182.50043860227981,179.3943014199978,181.57057328309747,65434500
2024-02-16,180.34393310546875,182.85654973235168,179.7108355866275,181.44196326564102,49752500
2024-02-20,179.60205078125,180.46266385305907,178.0588762686663,179.82956623009554,53665600
2024-02-21,180.35386657714844,180.91771184255438,178.71176441081158,179.97795967071906,41371400
2024-02-22,182.38174438476562,182.96539328132977,180.49235334512917,181.50134277124772,52292200
2024-02-23,180.5516815185547,183.04449459753943,180.26480046872615,183.01481932952075,45119700
2024-02-26,179.20635986328125,180.78909628027105,178.7018500832812,180.27471486922383,40867400
2024-02-27,180.66049194335938,181.9365737231629,177.62359209867634,179.14699293032547,54318900
2024-02-28,179.46356201171875,181.145226165725,178.18748003378263,180.54180381169616,48953900
2024-02-29,178.80075073242188,180.6011306821249,177.59390628342499,179.31514716008485,136682600
2024-03-01,177.7225341796875,178.5831471920378,175.46712311031385,177.6137198257161,73563100
2024-03-04,173.21168518066406,174.99226146882492,171.9157998591467,174.2503496506797,81510100
2024-03-05,168.285400390625,170.1846930657021,167.7907924514621,168.91849794898403,95132400
2024-03-06,167.29617309570312,169.39332087872134,166.8609157238647,169.21525418377138,68587700
2024-03-07,167.17750549316406,168.88884496206234,166.67301076258389,167.32588185679398,71765100
2024-03-08,168.88882446289062,171.82679686006907,167.11813466346086,167.1774852017091,76267000
2024-03-11,170.88705444335938,172.49948126334272,170.1946063009313,171.07500788792643,60139500
2024-03-12,171.3618621826172,172.15323790323208,169.16580172767317,171.28272310113206,59825400
2024-03-13,169.2845458984375,171.32232852748163,168.9185256992457,170.90685960163916,52488700
2024-03-14,171.13436889648438,172.43023944819464,170.19461671040915,171.0453430786352,72913500
2024-03-15,170.75845336914062,170.75845336914062,168.45357838204507,169.3240932528417,121752700
2024-03-18,171.84658813476562,175.79356502758816,171.64874797271588,173.67664359575858,75604200
2024-03-19,174.18113708496094,174.70542030322298,171.16402557801365,172.45989598897214,55215200
2024-03-20,176.74322509765625,176.74322509765625,173.2018299224136,173.82504084734046,53423100
2024-03-21,169.52191162109375,175.57592275278003,168.9976284397713,175.1406653733646,106181300
2024-03-22,170.422119140625,171.18381963278856,168.22605856941686,169.90772263085663,71160100
2024-03-25,169.00753784179688,170.08577952012527,167.6226265638577,168.7305586050563,54288300
2024-03-26,167.8798370361328,169.57138777241732,167.7512341389727,168.16670300567833,57388400
2024-03-27,171.44100952148438,171.72789059246503,168.27552158079686,168.5722893771007,60273300
2024-03-28,169.6307373046875,170.37264922530974,168.67119667981044,169.89782982249778,65672700
2024-04-01,168.19639587402344,169.40324060587884,167.6523240532299,169.3438900607447,46240500
2024-04-02,167.01922607421875,167.51383407497934,166.4158037095213,167.2566433485096,49329500
2024-04-03,167.82046508789062,168.83935621904524,166.76201196368757,166.96973884210524,47691700
2024-04-04,166.99945068359375,170.0660111961713,166.99945068359375,168.45358430225178,53704400
2024-04-05,167.751220703125,168.55248310289795,167.12800990586356,167.76110742740823,42104800
2024-04-08,166.63340759277344,167.37531948329715,166.425680716199,167.20715459942008,37425500
2024-04-09,167.8402557373047,168.2458378687617,166.53449863101693,166.88071513080217,42373800
2024-04-10,165.97064208984375,167.2665125006067,165.30786924976792,166.97964653177021,49709300
2024-04-11,173.15234375,173.5678277091418,166.34654865134516,166.5246002673459,91070300
2024-04-12,174.6460418701172,176.43651994397086,172.33128066173953,172.38072937333914,101670900
2024-04-15,170.8276824951172,174.72519524382946,170.6397290741028,173.46888692512982,73531800
2024-04-16,167.5533905029297,171.88614579113815,166.45536027289515,169.8978273072319,73711200
2024-04-17,166.18826293945312,168.80967890645843,166.18826293945312,167.780901063059,50901200
2024-04-18,165.23863220214844,166.8213838226369,164.7539260277304,166.21796146542746,43122900
2024-04-19,163.2206268310547,164.60552308162337,162.31054999578998,164.41758473594675,68149400
2024-04-22,164.05157470703125,165.4562595890904,162.993121456103,163.73503344203667,48116400
2024-04-23,165.10012817382812,165.24851961582092,163.14148491226467,163.56685559955991,49537800
2024-04-24,167.19725036621094,167.47422956879615,164.41755652254446,164.74398443726423,48251800
2024-04-25,168.05789184570312,168.77012851479734,166.33665071301928,167.70177351115603,50558300
2024-04-26,167.47425842285156,169.49225225997063,167.35554224826544,168.04800546826704,44838400
2024-04-29,171.62896728515625,174.13168243053624,171.2332869429431,171.5003643815301,68169400
2024-04-30,168.4931640625,173.1029142716877,168.1667209693098,171.46081207960546,65934800
2024-05-01,167.47425842285156,170.84748833564953,167.28630498280754,167.75123767315736,50383100
2024-05-02,171.16403198242188,171.54982559320527,169.04711048582428,170.64963546996492,94214900
2024-05-03,181.40243530273438,184.98339240032777,180.69019857365393,184.63716076188317,163224100
2024-05-06,179.7504425048828,182.2135806366563,178.47434543693257,180.383540128798,78569700
2024-05-07,180.43296813964844,182.9060078076493,179.36462828599997,181.47164781905605,77305800
2024-05-08,180.76931762695312,181.09576068278213,179.4932206728727,180.87813197889614,45057100
2024-05-09,182.57958984375,182.66861565405213,180.14611203583203,180.5912561815798,48983000
2024-05-10,181.3215789794922,183.34230991411323,180.4102677646858,183.15410154420678,50759500
2024-05-13,184.52108764648438,185.33335221774516,182.8767582325011,183.68902280376187,72044800
2024-05-14,185.66021728515625,186.52201273815805,184.53098214319476,185.7394637127145,52393600
2024-05-15,187.9285888671875,188.849800179078,185.6007724639543,186.13568203158255,70400000
2024-05-16,188.0474395751953,189.2955517477419,187.86914647323638,188.6714956614686,52845200
2024-05-17,188.07720947265625,189.00833624688963,187.39372215477377,187.72060805092246,41282900
2024-05-20,189.23611450195312,190.10781001398533,187.22528381236822,187.54226949481966,44361300
2024-05-21,190.53375244140625,190.91015403566988,189.11724727296848,189.28564024416437,42309400
2024-05-22,189.09742736816406,190.999311136132,188.47338639917342,190.45450146899057,34648500
2024-05-23,185.11541748046875,189.19651013997458,184.86777806929078,189.1766947549615,51005900
2024-05-24,188.18614196777344,188.78048261582597,186.26445766907554,187.03710655742805,36327000
2024-05-28,188.196044921875,191.1776178733189,187.31444925751387,189.70168159973719,52280100
2024-05-29,188.49322509765625,190.43472491238563,187.7205912720781,187.8196530916493,53068000
2024-05-30,189.4837646484375,190.36536034504638,188.83000809203267,188.9587703074631,49889100
2024-05-31,190.43470764160156,190.7516933437122,188.11680637508078,189.63235836586054,75158300
2024-06-03,192.19790649414062,193.14884852262287,190.7021698304424,191.07857147290113,50080500
2024-06-04,192.51487731933594,193.47571940906454,191.2073340206378,192.80213237542046,47471400
2024-06-05,194.02052307128906,195.04079624688396,193.02996541617088,193.5549597642067,54156800
2024-06-06,192.64366149902344,194.64459232913165,192.33659102362645,193.84224299284628,41181800
2024-06-07,195.03089904785156,195.08042995429523,192.3068654552658,192.8120444256859,53103900
2024-06-10,191.2964630126953,195.43700129700443,190.33562101119307,195.0407692210349,97010200
2024-06-11,205.19400024414062,205.20391549352811,191.8016724106265,191.82147267998263,172373300
2024-06-12,211.05810546875,218.12077055688877,204.94635205432962,205.4119153142898,198134300
2024-06-13,212.21707153320312,214.70336573665497,209.60200000148347,212.71235034689784,97862700
2024-06-14,210.4835968017578,213.13828400218216,209.3048308005582,211.83075578674166,70122700
2024-06-17,214.62413024902344,216.88260054537645,210.71143044440285,211.35528688913016,93728300
2024-06-18,212.26658630371094,216.5656178731208,210.98877362098574,215.5354294813442,79943300
2024-06-20,207.70010375976562,212.21705896960654,206.87795427864972,211.90997342693947,86172500
2024-06-21,205.53079223632812,209.88923942625428,205.15437552925596,208.40340309586463,241805100
2024-06-24,206.17466735839844,210.69160779538842,204.63929998769706,205.75863496180304,80727000
2024-06-25,207.0959014892578,209.3840873125504,206.64023830581658,207.1751328027417,55549700
2024-06-26,211.2364044189453,212.8312027309874,208.65104852463386,209.5029286499739,66213200
2024-06-27,212.07838439941406,213.70289822966825,210.3449086305272,212.6628097453943,49772700
2024-06-28,208.63124084472656,214.0297919592074,208.31427026634478,213.7326216506115,82542700
2024-07-01,214.70338439941406,215.45620282037203,209.91898882948186,210.08738182701015,60402900
2024-07-02,218.1901397705078,218.29910171758146,213.068958487467,214.10903193760322,58046200
2024-07-03,219.45803833007812,219.45803833007812,216.96182895702523,217.92267103394255,37369800
2024-07-05,224.2028045654297,224.3117665065084,219.55708698216947,219.55708698216947,60412400
2024-07-08,225.6688232421875,225.69853875884533,221.14196808500662,224.9457053642915,59085900
2024-07-09,226.52072143554688,227.23392416937492,224.23253562897796,225.77780318070188,48076100
2024-07-10,230.78012084960938,230.87918266211804,227.08534498663496,227.1348758928893,62627700
2024-07-11,225.42123413085938,230.19571462003094,223.6382271602243,229.20515687131274,64710600
2024-07-12,228.3631591796875,230.44333633793113,226.52072130415218,226.75846058686048,53046500
2024-07-15,232.18670654296875,234.9899864993383,230.88907844301437,234.24706826366577,62631300
2024-07-16,232.60275268554688,234.03905824310993,230.1362587163494,232.781045805997,43234300
2024-07-17,226.7188720703125,229.2745129851908,224.50001717688707,227.28348215160557,57345900
2024-07-18,222.06320190429688,228.26410233218343,220.17124832102243,228.10560948409145,66034600
2024-07-19,222.19198608398438,224.65848009632384,221.1717129043359,222.6971801635164,49151500
2024-07-22,221.8452911376953,225.62921338494564,220.98349573063444,224.86647978572938,48201800
2024-07-23,222.8853759765625,224.7971601400939,220.57737479075328,222.25141967209163,39960300
2024-07-24,216.47642517089844,222.67732467318373,215.07975061035899,221.88487566572178,61777600
2024-07-25,215.43638610839844,218.76466037633443,212.59347540961954,216.86277641061952,51391200
2024-07-26,215.9019317626953,217.4174836156479,213.97033243488113,216.63493468142264,41601300
2024-07-29,216.17929077148438,217.22927938341869,213.7127969665886,214.91137828370984,36311800
2024-07-30,216.7340087890625,218.24956072806748,214.07930652606245,217.1203256536185,41643800
2024-07-31,219.98304748535156,221.70662325926872,218.54674189777583,219.34909118598728,50036300
2024-08-01,216.29818725585938,222.36039574716864,214.97084352071977,222.2514337919132,62501000
2024-08-02,217.7840118408203,223.46981835778237,215.6543188775265,217.0807092384795,105568600
2024-08-05,207.29400634765625,211.4840610296135,194.14930192882554,197.21012147966275,119548600
2024-08-06,205.2732391357422,208.00718767754023,199.1714160471065,203.3614702980554,69660500
2024-08-07,207.8387908935547,211.62271284755147,204.4411706619682,204.94634956752103,63516400
2024-08-08,211.2958526611328,212.17744837655164,206.8581585633277,211.097744151489,47161100
2024-08-09,214.19818115234375,214.7330756065884,209.96849596255686,210.09727328743648,42201600
2024-08-12,215.72543334960938,217.68900361003634,213.81145133020567,214.27755355785243,38028100
2024-08-13,219.43438720703125,220.04923895369578,217.19312608520667,217.19312608520667,44155300
2024-08-14,219.8806610107422,221.17979111862692,217.8774142480331,218.7402072098891,41960600
2024-08-15,222.85577392578125,223.48055242779947,220.9120269929499,222.73677426147512,46414000
2024-08-16,224.1747283935547,224.94825642777528,221.79462933024135,222.06239369045758,44340200
2024-08-19,224.0160675048828,224.115243980586,221.18970440160442,223.84747960195193,40687800
2024-08-20,224.63092041015625,225.28544883578485,223.57971634413767,223.8970689622142,30299000
2024-08-21,224.52182006835938,226.08871448701353,223.1830285060583,224.64083485973637,34765500
2024-08-22,222.66732788085938,226.44571820828537,222.04254943445835,225.90027790842765,43695300
2024-08-23,224.9581756591797,226.32673228874265,222.46900358067504,223.78797197411373,38677300
2024-08-26,225.2953643798828,225.39454085782168,222.0326640536948,224.87885041051024,30602200
2024-08-27,226.13833618164062,226.95154099218428,223.02438520419173,224.12517761102086,35934600
2024-08-28,224.611083984375,227.95312221094204,223.80779089178384,226.02921369079436,38052200
2024-08-29,227.8837127685547,230.98775191089825,226.9812734022471,228.1911537968638,51906300
2024-08-30,227.10025024414062,228.4886300006117,225.59285569982603,228.28038060324323,52990800
2024-09-03,220.9219512939453,227.10026429068756,219.335218503661,226.65400042223428,50190600
2024-09-04,219.01788330078125,219.94016096302124,215.67582978550038,219.82116129878526,43840200
2024-09-05,220.5352020263672,223.60947620664672,219.68233574260833,219.79142381839864,36615400
2024-09-06,218.98812866210938,223.37145940933704,217.94683622588397,222.09215251756703,48423000
2024-09-09,219.07737731933594,219.4343914347755,214.91222272734436,218.98812757352732,67180000
2024-09-10,218.2840118408203,219.6426417511051,214.9320468059923,217.10388142289187,51591000
2024-09-11,220.8128662109375,221.2392917639212,216.08243282408242,219.6228241682371,44587100
2024-09-12,220.9219512939453,221.69547936785247,217.9964268983011,220.6541869199912,37455600
2024-09-13,220.6541748046875,222.18139254741286,220.06907298412548,221.72521710949164,36766600
2024-09-16,214.5254669189453,215.4179946756504,212.14536768072225,214.74362792854853,59357400
2024-09-17,214.9915313720703,215.10061943149995,212.7205355758407,213.96016573653907,45519300
2024-09-18,218.8592071533203,220.86245391858552,215.7353297749969,215.7452565018275,59894900
2024-09-19,226.9713134765625,227.9134444812765,222.76649775953877,223.12351184232415,66781300
2024-09-20,226.306884765625,231.1563174701668,225.73169454082358,228.0622053540531,318679900
2024-09-23,224.59124755859375,227.54652178723228,223.9367191660146,225.4540253555904,54146000
2024-09-24,225.48377990722656,227.44736512534206,223.85738561877668,226.75316007712865,43556100
2024-09-25,224.4920654296875,225.40443143928672,222.16156973744518,223.06400902085235,42308700
2024-09-26,225.63253784179688,226.60440369502516,223.54004142995942,225.41436171300208,36636700
2024-09-27,225.90028381347656,227.61594290444046,225.41435845997736,226.56473891662026,34026000
2024-09-30,231.06707763671875,231.06707763671875,227.74486252768645,228.13162655878588,54541900
2024-10-01,224.33340454101562,227.74485413807125,221.88389405688537,227.615942887257,63285000
2024-10-02,224.89869689941406,225.4837987967651,221.16989422947793,224.01608068964856,32880600
2024-10-03,223.79788208007812,224.928424248049,221.46738631978812,223.27228007150777,34044200
2024-10-04,224.91851806640625,226.10856009308668,222.27066963907552,226.00938361911108,37245100
2024-10-07,219.85092163085938,223.81773870352313,219.4939074890314,222.63760820325265,39505400
2024-10-08,223.89706420898438,224.10531361949606,221.3979653574062,222.43925780658088,31855700
2024-10-09,227.63577270507812,227.84403724277382,222.96485445261254,223.36153007501719,33591100
2024-10-10,227.13992309570312,227.59611368544336,225.28544108575701,225.89038125247495,28183500
2024-10-11,225.66229248046875,227.5068628874906,225.4540279414576,227.39777482080956,31759200
2024-10-14,229.38116455078125,229.80759005626183,226.703566469934,226.80272780199272,39882100
2024-10-15,231.91004943847656,235.51985237359267,230.4423162246621,231.67203496624026,64751400
2024-10-16,229.85720825195312,230.19438406287304,227.9332995992129,229.67870875165642,34082200
2024-10-17,230.22410583496094,231.91001494787182,228.6076384062416,231.4934859003546,32993800
2024-10-18,233.0504913330078,234.2206950473064,232.0686987091599,234.2206950473064,46431500
2024-10-21,234.51820373535156,234.88514457730523,232.5050454306036,232.5050454306036,36254500
2024-10-22,233.90335083007812,234.26036494372266,230.67040061866737,231.94969236544068,38846600
2024-10-23,228.84567260742188,233.18934216580075,225.8705597881939,232.13813805749322,52287000
2024-10-24,228.65725708007812,228.9051831435476,226.51517225997247,228.0721400698136,31109500
2024-10-25,229.49026489257812,231.28524701350278,227.665532857223,227.83412074973037,38802300
2024-10-28,231.46372985839844,232.78269812140084,230.620790456467,231.38440684709022,36087100
2024-10-29,231.73150634765625,232.38603471678388,230.39271482775456,231.1662428522856,35417200
2024-10-30,228.19113159179688,231.53316974412917,227.64569128136466,230.68030356750913,47070900
2024-10-31,224.035888671875,227.92336713292326,223.5003599556127,227.43742665071557,64370100
2024-11-01,221.06080627441406,223.48056715614828,218.44270756169647,219.13689753624155,65276700
2024-11-04,220.16824340820312,220.94177147156717,217.88733586004025,219.15671602208408,44944500
2024-11-05,221.59629821777344,222.09215031274817,219.3054639601429,219.9599923572388,28111300
2024-11-06,220.87232971191406,224.19454436967803,219.355023708917,220.76324165989845,54561100
2024-11-07,225.59288024902344,225.9895710313294,222.70703236030374,222.7665321945981,42137700
2024-11-08,225.32481384277344,227.01256271730918,224.77877343219782,225.53329235935942,38328800
2024-11-11,222.61448669433594,224.07389700260043,219.90415975706793,223.3789433198207,42005600
2024-11-12,222.61448669433594,223.96468891324545,221.75075962779928,222.93218846295187,40398300
2024-11-13,223.498046875,225.01702229393592,221.15504963584843,222.39604361529624,48566200
2024-11-14,226.57574462890625,227.22105551450989,223.3789425502784,223.398802697962,44923900
2024-11-15,223.37893676757812,225.28510187679902,222.65420045885568,224.76884409236825,47923700
2024-11-18,226.37716674804688,228.08477571151616,223.54769435597734,223.62711979019133,44633700
2024-11-19,226.6352996826172,228.50175961033486,225.02697621656037,225.34466282087314,36211800
2024-11-20,227.35009765625,228.2733899080337,224.2625040209905,226.4168677573381,35169600
2024-11-21,226.8735809326172,228.50176458087773,224.0838286281757,227.230987838277,42108300
2024-11-22,228.21385192871094,229.05773399756174,226.41689485035167,226.41689485035167,38168300
2024-11-25,231.19223022460938,231.5694972757357,228.08479132337303,229.79240040372403,90152800
2024-11-26,233.366455078125,233.87279036398945,231.6489234928732,231.6489234928732,45986200
2024-11-27,233.2373809814453,233.99191506726265,232.12545514826604,232.78070364946953,33498400
2024-11-29,235.62010192871094,236.0966394139658,232.28430923421996,233.11825362062933,28481400
2024-12-02,237.8638153076172,239.0551666028684,235.45133007089746,235.5605381566453,48137100
2024-12-03,240.9017791748047,241.01098726633802,237.1787967118795,238.08224409194108,38861000
2024-12-04,241.25918579101562,242.35126670496282,239.5118714775545,241.12019505186365,44383900
2024-12-05,241.28895568847656,242.77814859306412,240.38552350615552,242.2321233137982,40033900
2024-12-06,241.09042358398438,242.86753577646562,240.33590455772136,241.15992653121054,36870600
2024-12-09,244.9722442626953,245.4587194212017,240.00826768189094,240.08769312504634,44649200
2024-12-10,245.98487854003906,246.4217108653419,243.57237825215392,245.11121388943334,36914800
2024-12-11,244.714111328125,248.9930565140259,244.48575750906295,246.17352158557497,45205800
2024-12-12,246.17352294921875,246.9479020514793,243.9099357862414,245.11122473397327,32777500
2024-12-13,246.34228515625,247.49391610940148,244.46590277835176,246.0345210589055,33155300
2024-12-16,249.2313232421875,249.56888515433104,245.86574781090837,246.2033097230519,51694800
2024-12-17,251.65374755859375,252.00123197197036,247.98040799068028,248.27824960945253,51356400
2024-12-18,246.26284790039062,252.44795764195715,245.95508381781758,250.3432367039591,56774100
2024-12-19,247.99032592773438,250.184410158509,245.3097817058068,245.71683140567848,60882300
2024-12-20,252.65647888183594,253.16279902630112,243.919877297432,246.2529371403228,147495300
2024-12-23,253.43084716796875,253.80809906094288,251.62395254537785,252.93444954402884,40858800
2024-12-24,256.3397216796875,256.34962902881983,253.45066898797964,253.64924013847912,23234700
2024-12-26,257.15380859375,258.2260444048055,255.77383898408218,256.32980188696064,27237100
2024-12-27,253.74851989746094,256.8361287043752,251.2367492695516,255.9723714358678,42355300
2024-12-30,250.3829803466797,251.67361731138075,248.9434301413362,250.41276299480816,35557500
2024-12-31,248.61578369140625,251.45517870098834,247.63291094425557,250.62123433005314,39480700
2025-01-02,242.09312438964844,247.30529937932678,240.07775127221439,247.13651085819407,55740700
2025-01-03,241.60667419433594,242.42075849453866,240.147263834766,241.60667419433594,40244100
2025-01-06,243.23484802246094,245.54806288478193,241.4478134561986,242.5498168429892,45045600
2025-01-07,240.46495056152344,243.78088314896328,239.61114601786818,241.22939201717418,40856000
2025-01-08,240.95140075683594,241.95413364050106,238.32049944087447,240.17702168463396,37628900
2025-01-10,235.1435546875,238.42970445265777,231.32128701842691,238.28077607985776,61710900
2025-01-13,232.71121215820312,232.9792711307645,228.06493742769467,231.84748509521594,49630700
2025-01-14,231.5992889404297,234.41882398797216,230.79512716232853,233.05869925952226,39435300
2025-01-15,236.1562042236328,237.2383625727966,232.74098609709984,232.94947976770305,39832000
2025-01-16,226.61544799804688,236.29520209930612,226.3871093224655,235.6399687194268,71759100
2025-01-17,228.3230438232422,230.61639839146835,226.83385097126646,230.44762501944012,68488300
2025-01-21,221.03591918945312,222.80309340530198,217.79941234276583,222.38612124582832,98070400
2025-01-22,222.21737670898438,222.5052806842356,218.2064751614249,218.2064751614249,64126500
2025-01-23,222.048583984375,225.39429904989126,220.69838187044374,223.12080464680741,60234800
2025-01-24,221.1749267578125,224.00439930767484,219.81480209957203,223.160517277336,54697900
2025-01-27,228.2039337158203,230.47742834163907,222.36629236472388,222.40601266103107,94863400
2025-01-28,236.54339599609375,238.4594987479956,229.147074251248,229.18679454547646,75707600
2025-01-29,237.63548278808594,238.13188043636077,232.32402189200354,232.43322998057818,45486100
2025-01-30,235.8782196044922,239.05516137192973,235.50096771104396,236.95044029141235,55658300
2025-01-31,234.2996826171875,245.40906406001392,231.75812916176676,245.40906406001392,100959800
2025-02-03,226.36724853515625,230.15973381299622,224.0738938399255,228.33299411580026,73063300
2025-02-04,231.12274169921875,231.45036595591674,225.01704170433482,225.61272492539547,45067300
2025-02-05,230.7951202392578,230.99367626573292,226.625383087866,226.88350440739822,39620300
2025-02-06,231.5397186279297,232.11554171369926,228.7698112868805,229.62361584180033,29925300
2025-02-07,225.99000549316406,232.31410688860944,225.622660920367,230.92419948813392,39707200
2025-02-10,226.25833129882812,229.1803610121675,225.81108525741098,228.16660736242451,33115600
2025-02-11,231.19793701171875,233.7919821040532,226.7353950927951,226.8049592810601,53718400
2025-02-12,235.42196655273438,235.51142789245534,229.26980470124647,229.78663009476247,45243300
2025-02-13,240.05349731445312,240.85854326211725,234.12993999243653,235.46174477414044,53614100
2025-02-14,243.104736328125,244.0489258287467,239.5168040933544,239.77520922194773,40896200
2025-02-18,242.9755096435547,243.6811607859394,240.36158248040348,242.6574585849239,48822500
2025-02-19,243.3730926513672,244.50612316801596,241.6735544591497,243.16438488450393,32204200
2025-02-20,244.3271942138672,245.27138364211797,242.7966000469895,243.4426355672204,32316900
2025-02-21,244.0489044189453,247.1697083342209,243.72091995824803,244.44645306890683,53197400
2025-02-24,245.58946228027344,247.3386977876534,242.9258374672402,243.4327143333106,51326400
2025-02-25,245.52978515625,248.4716967182176,243.41281661275679,246.48392314447185,48013300
2025-02-26,238.89064025878906,243.48239258336395,237.66816369812489,242.83637220684057,44433600
2025-02-27,235.84934997558594,240.9778097055873,235.61081167459415,237.94645181292123,41153600
2025-02-28,240.36158752441406,240.61005923211764,228.7927454203557,235.5014815283524,56833400
2025-03-03,236.5749053955078,242.53822699216576,234.6666443044386,240.3119148031628,47184000
2025-03-04,234.4877166748047,238.60242278275774,233.24535811530478,236.25684921580154,53798100
2025-03-05,234.29888916015625,235.1039350742086,227.82867612475383,233.98083809185871,47227600
2025-03-06,233.89138793945312,236.4059203890797,231.73465535282332,233.00682927336524,45170400
2025-03-07,237.60855102539062,239.89447878763917,233.32488570115635,233.6727521861128,46273600
2025-03-10,226.08938598632812,234.71633209649934,222.84932017741133,234.10011191080184,72071200
2025-03-11,219.48997497558594,224.45940937640347,216.12069905845206,222.44182022291236,76137400
2025-03-12,215.65354919433594,220.39439337943787,213.59621144659917,218.79423505763873,62547500
2025-03-13,208.39816284179688,215.51439548794804,207.14587101812543,214.62983690242842,61368300
2025-03-14,212.18490600585938,212.64208545758027,208.2988048386841,209.9585940343847,60107600
2025-03-17,212.6917724609375,213.904315554563,208.6864099217596,212.00598815128762,48073400
2025-03-18,211.38980102539062,213.83475423543342,210.19713981325924,212.85081593904235,42432400
2025-03-19,213.92422485351562,217.42269587202972,212.44332789190165,212.91045595477615,54385400
2025-03-20,212.79116821289062,216.16044383082547,210.9226561911479,212.6818400591608,48862900
2025-03-21,216.93569946289062,217.5022071138821,209.9884245225551,210.26671164330716,94127800
2025-03-24,219.38064575195312,220.1260609084734,217.24379503613238,219.64899945464327,44299500
2025-03-25,222.38217163085938,222.7300380772677,218.73460889257407,219.42039321145907,34493600
2025-03-26,220.17575073242188,223.64442126802376,219.12223310716143,222.1436424317859,34466100
2025-03-27,222.48159790039062,223.61462840697533,219.21170137047196,220.03662935170198,37094800
2025-03-28,216.56793212890625,222.44180687800483,216.34927581514728,220.31488968867507,39818600
2025-03-31,220.7720947265625,224.24075018814546,214.90815310911736,215.6833836525119,65299300
2025-04-01,221.8256072998047,222.31260214779184,217.5618242432653,218.46626491168394,36412700
2025-04-02,222.52130126953125,223.81335706264446,219.6688511830836,219.9670202377264,35905900
2025-04-03,201.94786071777344,206.22157697816277,200.0197179050274,204.28348559152053,103419000
2025-04-04,187.22840881347656,198.65810753704542,186.19475800144227,192.70471987275084,125910900
2025-04-07,180.35069274902344,192.96310261722135,173.5524959881376,176.11672557211514,160466300
2025-04-08,171.365966796875,189.17641711488596,168.175598539417,185.55866963100107,120859500
2025-04-09,197.63438415527344,199.383619356675,170.8391909937331,170.89882177160354,184395900
2025-04-10,189.25592041015625,193.58926741380884,181.88128226075605,187.9141823452429,121880000
2025-04-11,196.9386749267578,198.32017705332044,184.92258644836306,184.96235041538483,87435900
2025-04-14,201.28195190429688,211.63825017625834,199.93026529720834,210.14742002868311,101352900
2025-04-15,200.90426635742188,202.26588634734406,198.5785750100267,200.62597928160577,51343900
2025-04-16,193.08242797851562,199.4731139846924,191.19403361596088,197.1474220896786,59732400
2025-04-17,195.7758331298828,197.61452992177487,193.2314851467638,195.9944894564487,52164700
2025-04-21,191.97918701171875,192.6152739871965,188.64966000796989,192.08851517151226,46742500
2025-04-22,198.5189666748047,200.3576482646354,194.77200897005906,194.92108593270402,52976400
2025-04-23,203.3492431640625,206.7284521815966,201.56024391015845,204.74067860292737,52929200
2025-04-24,207.09619140625,207.55338601533765,201.69939326414854,203.63746952607698,47311000
2025-04-25,208.00064086914062,208.46776890662989,204.9394675201618,205.10842646651815,38222300
2025-04-28,208.85536193847656,210.2070485309222,206.19175271644127,208.71621839949725,38743100
2025-04-29,209.9188232421875,210.94252536243698,207.09617339881706,207.4142244323549,36827600
2025-04-30,211.2009735107422,212.27437321950518,205.40661086468026,208.02053835450616,52286500
2025-05-01,212.01596069335938,213.2483707428857,207.62296725165953,207.80187477964563,57365700
2025-05-02,204.0946502685547,205.72462393265195,200.92414910817757,204.8301167579532,101010600
2025-05-05,197.67416381835938,202.8523212109494,196.99832800962005,201.85843431656065,69018500
2025-05-06,197.29647827148438,199.42339557924856,195.81559653234874,196.99832434112832,51216500
2025-05-07,195.05029296875,198.2207944248892,192.0686324392914,197.9524407308952,68536700
2025-05-08,196.28269958496094,198.82704723676696,193.4898650803139,196.51128929096475,50478900
2025-05-09,197.3163299560547,199.3140368102294,196.33237664044202,197.78345792922866,36453900
2025-05-12,209.77613830566406,210.25384054136518,205.75557652693038,209.95528044040137,63775800
2025-05-13,211.90582275390625,212.37356332026266,207.99473291206186,209.41784747983854,51909300
2025-05-14,211.30873107910156,212.91098786371114,209.56714827780408,211.40824098508043,49325800
2025-05-15,210.43296813964844,211.93571508448807,208.53215118256114,209.9353730316401,45029500
2025-05-16,210.24386596679688,211.54757782116647,208.7610423595207,211.33858120774948,54737900
2025-05-19,207.77581787109375,208.47244800462508,203.27755371752323,206.9100072183761,46140500
2025-05-20,205.8650360107422,207.46729276724128,204.04383620537516,206.67113760639387,42496600
2025-05-21,201.1179656982422,206.04415370597744,199.74461367242378,204.18315305948536,59211800
2025-05-22,200.3914794921875,201.77479312617928,198.73946027881726,199.74461200022,46742400
2025-05-23,194.33079528808594,196.74910019358438,192.5295034494263,192.7384848883374,78432900
2025-05-27,199.24705505371094,199.77450469366767,196.48041207123393,197.34623795139206,56288500
2025-05-28,199.45602416992188,201.75491117265972,198.93852099816252,199.6252046868552,45339700
2025-05-29,198.98825073242188,202.8296849960031,197.55517460719432,202.60079553265004,51396800
2025-05-30,199.88394165039062,200.98860329086406,195.83351057352263,198.4110493394953,70819900
2025-06-02,200.72984313964844,201.15778278546435,199.15744093584797,199.31667499872813,35423300
2025-06-03,202.2923126220703,202.78990771325485,199.99342573046133,200.38154929416936,46381600
2025-06-04,201.84445190429688,205.24800003069532,201.1279138581714,201.93401536371383,43604000
2025-06-05,199.66500854492188,203.76518718349973,199.18730633012683,202.52119947175674,55126100
2025-06-06,202.93917846679688,204.7106157617459,201.07817770068002,202.0236053289331,46607700
2025-06-09,200.48106384277344,205.0091823144686,199.05794913802782,203.40692547634254,72862600
2025-06-10,201.69517517089844,203.36710243054736,199.60528507808198,199.63513956616538,54672600
2025-06-11,197.82391357421875,203.51640292967522,197.45569804682734,202.5212126953003,60989900
2025-06-12,198.24188232421875,198.71956936233477,196.4107360236097,198.12246436103902,43904600
2025-06-13,195.50509643554688,199.4062398916536,194.758703844025,198.7693188209708,51447300
2025-06-16,197.4656219482422,197.73432753277095,195.61456771612566,196.35101387226533,43020700
2025-06-17,194.69900512695312,197.4357781067605,194.27108064091922,196.25149936947125,38856200
2025-06-18,195.63449096679688,196.61973472966923,194.13175923439314,194.99756984742208,45394700
2025-06-20,200.03321838378906,200.72984844555882,195.9131318065836,197.28649906078425,96813500
2025-06-23,200.53082275390625,201.3269779408771,198.00304635957568,200.6602023375907,55814300
2025-06-24,199.3365936279297,202.46149014710028,199.23706853700068,201.61557243039425,54064000
2025-06-25,200.59051513671875,202.6903668657116,199.65503400834336,200.4810436177515,39525700
2025-06-26,200.03321838378906,201.66532960796235,198.50063224789568,200.4611428555203,50799100
2025-06-27,200.11282348632812,202.2425296541318,199.03801637565215,200.91892502298623,73188600
2025-06-30,204.18316650390625,206.39248990855162,198.3015889216639,201.03836190454115,91912800
2025-07-01,206.82041931152344,209.17901505124104,205.1484920031366,205.6759415551798,78788900
2025-07-02,211.41819763183594,212.3138626915596,207.13887695509675,207.90517762155153,67941800
2025-07-03,212.52284240722656,213.61754237258577,210.79120621932267,211.12956719850303,34955800
2025-07-07,208.94017028808594,215.18996325511674,207.79570768244494,211.65703516300363,50229000
2025-07-08,208.9998779296875,210.41304612040562,207.4473837253886,209.08945658408672,42848900
2025-07-09,210.12445068359375,210.31353924447487,206.22330706177223,208.52219391164948,48749400
2025-07-10,211.3883514404297,212.45319704499605,209.0197939340788,209.49748097232364,44443600
2025-07-11,210.1443328857422,211.10966844118758,208.85058279423234,209.55717440553374,39765800
2025-07-14,207.6165771484375,209.89557123752414,206.54176989733165,208.92027389637033,38840100
2025-07-15,208.1042022705078,210.8708295317098,207.91511372197888,208.21367378884585,42296300
2025-07-16,209.14915466308594,211.37837076419683,207.63646146204943,209.28848066940537,47490500
2025-07-17,209.00985717773438,210.78129457926272,208.5819174807461,209.55721484346458,48068100
2025-07-18,210.16424560546875,210.77131219576944,208.69136845628208,209.85573909301036,48974600
2025-07-21,211.45802307128906,214.74215398001104,210.61212045801412,211.07986109698896,51377400
2025-07-22,213.36875915527344,213.91611676733493,211.20919838168209,212.1148250502387,46404100
2025-07-23,213.11996459960938,214.11515474984876,211.38834345684663,213.96588230147148,46989300
2025-07-24,212.7318572998047,214.65258233290422,212.50296779967493,212.87118332406595,46022600
2025-07-25,212.8512725830078,214.2047317845148,212.37357038101962,213.6673206036272,40268800
2025-07-28,213.02044677734375,213.8166019050196,212.03520309848784,213.00053872316795,37858000
2025-07-29,210.25384521484375,213.77681196541135,209.80601264614248,213.14983725799084,51411700
2025-07-30,208.04449462890625,211.36842593737322,206.72088996610802,210.88077731884883,45512500
2025-07-31,206.5716094970703,208.83068001568543,206.16357792510368,207.48718253646683,80698400
2025-08-01,201.40658569335938,212.5527122409286,200.53081350952442,209.85574027592583,104434500
2025-08-04,202.37193298339844,206.88014336875773,200.70995198839026,203.52634207300898,75109300
2025-08-05,201.94398498535156,204.35234334482283,201.18764593221573,202.42167200915333,44155100
2025-08-06,212.22430419921875,214.3440641251077,204.60114383647723,204.6409599471833,108483100
2025-08-07,218.9716796875,219.78774287041324,215.5382768294147,217.8272171299369,90224800
2025-08-08,228.2468719482422,229.88892965735022,218.19544514014734,219.76784743364436,113854000
2025-08-11,226.34390258789062,228.71514834333362,223.93281073352847,227.08118464026867,61806100
2025-08-12,228.80479431152344,229.95057099439725,226.23430307406312,227.17083074525974,55626200
2025-08-13,232.47125244140625,234.1351043372746,229.58191650034667,230.2195756343437,69878500
2025-08-14,231.9232635498047,234.2546476473393,230.00037411625505,233.19855135713797,51916300
2025-08-15,230.73764038085938,233.41774239633352,228.49592139875156,233.13877413921495,56038700
2025-08-18,230.04022216796875,232.26201052585682,229.26309412883964,230.8472385776313,37476200
2025-08-19,229.71144104003906,232.01293684851592,228.50590285589897,230.4287923573085,39402600
2025-08-20,225.17819213867188,229.6217843388592,224.93908515924198,229.13358225147155,42263900
2025-08-21,224.072265625,225.6863136691638,222.95639256938466,225.43723377620466,30621200
2025-08-22,226.9217529296875,228.2468598588307,224.58041092619504,225.33760837029214,42477800
2025-08-25,226.323974609375,228.45609804536198,225.3973894325087,225.6464693442017,30983100
2025-08-26,228.46604919433594,228.6453946309622,223.86305742355088,226.03502689374838,54575100
2025-08-27,229.6417236328125,230.05020313892598,227.41991984776428,227.7686378094015,31259500
2025-08-28,231.70408630371094,232.55096405412047,228.4959359400532,229.9704999102399,38074700
2025-08-29,231.28562927246094,232.52107103838586,230.51845893056873,231.65426265633033,39418400
2025-09-02,228.8745574951172,230.00040359535532,226.13467838242784,228.4062860305561,44075600
2025-09-03,237.59234619140625,237.9709525201245,233.49747185558658,236.33698891571112,66427800
2025-09-04,238.89752197265625,239.01707546456905,235.86871695735925,237.57241502764154,47549400
2025-09-05,238.80784606933594,240.43185187342493,237.61226559630578,239.1167027112504,54870400
2025-09-08,237.00450134277344,239.2661357937392,235.4701607098454,238.41927329094256,48999500
2025-09-09,233.48751831054688,237.90120710535396,232.5011563745861,236.12775932745953,66313900
2025-09-10,225.955322265625,231.56460664903227,225.118417424808,231.33545739080094,83440800
2025-09-11,229.18341064453125,229.60186307827533,225.81584532196928,226.04500979013486,50208600
2025-09-12,233.2085418701172,233.6469097348115,228.17712472443904,228.37638560886936,55824200
2025-09-15,235.82884216308594,237.31336381412066,234.16499028444412,236.1277410783948,42699500
2025-09-16,237.2735137939453,240.33222235518573,235.45026224943368,236.30708253667353,63421100
2025-09-17,238.1104278564453,239.21634322602875,236.85505542454314,238.09049720761,46508000
2025-09-18,237.00450134277344,240.31227437025743,235.77901734043184,239.0868055705458,44249600
2025-09-19,244.59646606445312,245.3935247988757,239.32594197772087,240.34217704154452,163741300
2025-09-22,255.1374969482422,255.6954638689992,247.20680184487878,247.38614726921998,105517400
2025-09-23,253.4936065673828,256.3929004583055,252.64674396870498,254.93828225227924,60275200
2025-09-24,251.3813934326172,254.7987775332095,250.11606329601622,254.28068708944184,42303700
2025-09-25,255.92459106445312,256.2235051645742,250.78359387864086,252.27807316346954,55202100
2025-09-26,254.51980590820312,256.6519291955366,252.84598111295833,253.16481067495934,46076300
2025-09-29,253.4936065673828,254.06151607705354,252.07883445903423,253.6231329894407,40127700
2025-09-30,253.69287109375,254.97811672142575,252.17846100632588,253.92202035086734,37704300
2025-10-01,254.5098419189453,257.83756097799323,253.9917514638179,254.10134722927504,48713900
2025-10-02,256.1836853027344,257.22980880920034,253.21464169746508,255.63569123318152,42630200
2025-10-03,257.07037353515625,258.2858846694617,253.01536064819075,253.73271197999827,49155600
2025-10-06,255.7452850341797,258.1165305885388,254.1113214696764,257.0404883747525,44664100
2025-10-07,255.53607177734375,256.45266881763376,254.48991791397023,255.86484387966763,31955800
2025-10-08,257.1102600097656,257.5685585594684,255.16742442767125,255.57591915435188,36496900
2025-10-09,253.1050262451172,257.0504585775582,252.2083446799687,256.8611554198282,38322000
2025-10-10,244.3673095703125,255.436420799504,243.10197943699816,254.00171816056968,61999100
2025-10-13,246.74851989746094,248.7710475029622,244.6562426215344,248.46219085423505,38142900
2025-10-14,246.85812377929688,247.9341508249242,243.79941515849077,245.69243161385845,35478000
2025-10-15,248.4223175048828,250.89320098009676,246.55920477705152,248.57177456170203,33893600
2025-10-16,246.53927612304688,248.1234206007849,244.2278226113223,247.33633482463924,39777000
2025-10-17,251.36148071289062,252.4474806979352,246.3599669580113,247.1072067041429,49147000
2025-10-20,261.27484130859375,263.4069798400544,254.68918336894043,254.94822099113512,90483000
2025-10-21,261.8028869628906,264.3136317818121,260.86634411857244,260.9161783410852,46695900
2025-10-22,257.4988098144531,261.882609922878,254.4899051977633,261.6833338430701,45015300
2025-10-23,258.6246032714844,259.66078406832133,257.06040475940137,258.98329410338334,32754900
2025-10-24,261.85272216796875,263.15789839957887,258.22610426270086,260.2287163700197,38253700
2025-10-27,267.8206787109375,268.1295353654346,263.67598537979285,263.90514984178776,44888200
2025-10-28,268.00994873046875,268.896687690681,267.16307106420925,267.9999758056659,41534800
2025-10-29,268.7074279785156,270.41112610592455,266.126933268734,268.28896033752676,51086700
2025-10-30,270.4011535644531,273.131090148023,267.49191714200913,270.98897852374654,69886500
2025-10-31,269.37493896484375,276.29937269597025,268.16940070155243,275.9705701844509,86167100
2025-11-03,268.0597839355469,269.8531775103368,265.2701011373342,269.42476736726525,50194600
2025-11-04,269.0461730957031,270.49081837885313,266.6350661079627,267.3424445625432,49274800
2025-11-05,269.14581298828125,270.7000692568828,265.94760492323326,267.6214146886098,43683100
2025-11-06,268.7771301269531,272.3937751745226,266.90407480138714,266.90407480138714,51204000
2025-11-07,267.48193359375,271.2878818962731,265.7881780523408,268.80702532983145,48227400
2025-11-10,268.6985778808594,272.98692304032335,266.733924572705,268.2298525605972,41312400
2025-11-11,274.5028076171875,275.16101963639426,269.0675899882029,269.07757258136417,46208300
2025-11-12,272.7276611328125,274.9815360542478,270.9624767916609,274.2535066981436,48398000
2025-11-13,272.2090759277344,275.9488963676571,271.3513946141157,273.36590026791555,49602800
2025-11-14,271.6705322265625,275.21088338895913,268.8681625557137,270.31420819279356,47431300
2025-11-17,266.7339782714844,269.75575219797963,265.00869378967747,268.0903024129557,45018300
2025-11-18,266.7139892578125,269.97510130800674,264.59974924229334,269.25705465795,45677300
2025-11-19,267.83099365234375,271.47107967039307,264.77930243197466,264.80921977983166,40424500
2025-11-20,265.5272521972656,274.68232536305425,265.1981613886433,270.09480618650156,45823600
2025-11-21,270.75299072265625,272.5879921198442,264.9488130991126,265.2280517805383,59030800
2025-11-24,275.1710205078125,276.24807542504453,270.164627965921,270.164627965921,65585800
2025-11-25,276.2181396484375,279.6188865292943,274.5028075356392,274.52274228722064,46914200
2025-11-26,276.79656982421875,278.7712060098946,275.8790842359358,276.2081750495132,33431400
2025-11-28,278.0930480957031,278.242634823177,275.2407959413455,276.50736791500816,20135600
2025-12-01,282.33148193359375,282.650620542313,275.390384584981,277.255303275414,46587700
2025-12-02,285.4131164550781,286.619823290159,281.86278279875575,282.231773534172,53669500
2025-12-03,283.378662109375,287.8365294074879,282.5309633672564,285.4231155973949,43538700
2025-12-04,279.93804931640625,283.9571086251454,277.8337611056945,283.32881389666403,43989100
2025-12-05,278.0232238769531,280.37683325787106,277.2951945750906,279.77845592816414,47265800
2025-12-08,277.1356506347656,278.9108174051644,275.4003533668138,277.374989388386,38211800
2025-12-09,276.42755126953125,279.26982065807096,276.16827776921565,277.4049018876359,32193300
2025-12-10,278.0232238769531,278.9905919368044,275.68957968235776,276.9960211276047,33038300
2025-12-11,277.2752380371094,278.83100071126506,273.06669274298736,278.342340640522,33248000
2025-12-12,277.52459716796875,278.4620479370953,276.0685689150702,277.14562382282355,39532900
2025-12-15,273.3658752441406,279.3894873363706,272.0993337942639,279.3894873363706,50409100
2025-12-16,273.8645324707031,274.752131096348,271.0522107383373,272.07941349564567,37648600
2025-12-17,271.1020812988281,275.41036187784255,270.9026424636208,274.2634896625032,50138700
2025-12-18,271.45111083984375,272.8872042261758,266.22534517191764,272.86723904028526,51630700
2025-12-19,272.9271545410156,273.854622814086,269.1673684747946,271.41126100078174,144632000
2025-12-22,270.23443603515625,273.13654030849926,269.7756932559407,272.1192896847017,36571800
2025-12-23,271.62066650390625,271.7603010837797,268.8282792538215,270.1048034873943,29642000
2025-12-24,273.06671142578125,274.6823088952694,271.46109654935304,271.60070067851706,17910600
2025-12-26,272.6578369140625,274.6224904749486,272.11929424741834,273.41578359787746,21521800
2025-12-29,273.0168762207031,273.61522314661676,271.6107000753325,271.9497734782625,23715200
2025-12-30,272.33868408203125,273.3359694836473,271.54086793463244,272.06942798009953,22139600
2025-12-31,271.12200927734375,272.9370761103812,271.0123224859311,272.3187639976345,27293600
2026-01-02,270.27435302734375,277.0857995993762,268.26979943372277,271.52095990203577,37838100
2026-01-05,266.5345458984375,270.7730094869922,265.41759095171795,269.9053759278346,45647200
2026-01-06,261.64776611328125,266.8236794412865,261.4084273717842,266.2751846804448,52352100
2026-01-07,259.6233215332031,262.96423405428067,259.10474402829175,262.485556491205,48309800
2026-01-08,258.33685302734375,258.5861744106298,255.00590778144198,256.32231677215987,50419300
2026-01-09,258.6659240722656,259.5036402038468,255.52448097015204,258.3767027680543,39997000
2026-01-12,259.54351806640625,260.5906555331263,256.1028713590674,258.45648066308013,45263800
2026-01-13,260.34136962890625,261.0993163539261,257.68861696081353,258.01770778709204,45730800
2026-01-14,259.25433349609375,261.10930037675524,256.0131555781144,258.78560808748875,40019400
2026-01-15,257.5090637207031,260.3313985459844,256.35220896361545,259.9424426175537,39388600
2026-01-16,254.83636474609375,258.1972120398704,254.23798735410128,257.19992653146244,72142800
2026-01-20,246.0303192138672,254.09835490933511,242.75922413209136,252.04394930256512,80267500
2026-01-21,246.97775268554688,250.8771427168815,244.51445623630568,248.02490552393743,54641700
2026-01-22,247.67584228515625,250.31864258405668,247.47637302553753,248.52352576906395,39708300
2026-01-23,247.36668395996094,248.7329754164565,244.01580413580567,246.6486524137701,41689000
2026-01-26,254.7166748046875,255.86354695988197,249.12190294519746,250.7973351598156,55969200
2026-01-27,257.56890869140625,261.2389423700868,257.5090739976807,258.4664899667647,49648300
2026-01-28,255.74388122558594,258.1572949521919,253.81911240916085,256.9505880888889,41288000
2026-01-29,257.578857421875,258.9451334735496,253.71936801028804,257.2996187429542,67253000
2026-01-30,258.775634765625,261.1890484668085,251.49543285360957,254.47732177254832,92443400
2026-02-02,269.2770690917969,269.7557466562268,258.50636737104884,259.3241487899344,73913400
2026-02-03,268.7485046386719,271.1419837262723,266.88355520832346,268.4692659190308,64394700
2026-02-04,275.73944091796875,278.19278500760885,271.5508603406617,271.5508603406617,90545700
2026-02-05,275.1610107421875,278.7412615768201,272.48829324857786,277.3749854862336,52977400
2026-02-06,277.36505126953125,280.1474864654567,276.1782790346459,276.36776572322356,50453400
2026-02-09,274.13079833984375,277.70443813431814,271.2160169672847,277.41494619870406,44623400
2026-02-10,273.19244384765625,274.87943562430115,272.4537718732244,274.40031021957236,34376900
2026-02-11,275.00921630859375,279.6808719096702,273.9610989943363,274.2106536370846,51931300
2026-02-12,261.2637634277344,275.22883180172755,259.71650632997444,275.0990585104662,81077200
2026-02-13,255.32435607910156,261.7628783299504,254.9949421084194,261.5432690161623,56290700
2026-02-17,263.4099426269531,265.8156532326085,255.08478749757862,257.5903108294174,58469100
2026-02-18,263.8791198730469,266.3447212846438,261.9825104325609,263.13045584681157,34203300
2026-02-19,260.11578369140625,264.00886051677537,259.5867290635135,262.13220471573277,30845300
2026-02-20,264.1086730957031,264.2783836675007,257.7001265171608,258.50868117461044,42070500
2026-02-23,265.705810546875,268.95002088588865,262.91081074777924,263.0206001676805,37308200
2026-02-24,271.6552429199219,274.4003442568012,267.233111068832,267.38283777638213,47014600
2026-02-25,273.74151611328125,274.45024283739696,270.567157599074,271.29586819299504,33714300
2026-02-26,272.4637756347656,275.61811956353745,270.31758130113775,274.4602128097023,32345100
2026-02-27,263.70941162109375,272.3240439665745,262.4217314181026,272.3240439665745,72366500
2026-03-02,264.2484130859375,266.05518620599753,259.73647625260065,261.94253069595567,41827900
2026-03-03,263.2801818847656,265.08695529305965,259.6666350681776,263.0106738027697,38568900
2026-03-04,262.0523376464844,265.67587606267574,260.95432154975975,264.17854815272653,39803100
2026-03-05,259.8263244628906,261.09405110124777,256.79173142961054,260.3254337562426,49658600
2026-03-06,257.0013427734375,258.3090066542827,253.916851068475,258.16927189629365,41120000
2026-03-09,259.41705322265625,260.68477987096253,253.22808575123491,255.2345148744848,38218500
2026-03-10,260.3653564453125,262.01244158439727,256.4922936817907,257.19102845716964,30590800
2026-03-11,260.34539794921875,261.6630538494394,259.08763272962494,260.624897946549,26218900
2026-03-12,255.3043975830078,258.48873275942157,253.7272102811576,258.1992408199258,40794000
2026-03-13,249.6744384765625,255.87336762960538,249.07551643845036,255.024890934378,36930000
2026-03-16,252.36964416503906,253.43773019062647,249.4348789230203,251.66090222791988,32074200
2026-03-17,253.77711486816406,254.67552076289968,251.7307636559193,252.5093881906664,32361600
2026-03-18,249.49476623535156,254.48585937367065,248.55643828829037,252.1799767808244,35757900
2026-03-19,248.5165252685547,251.38140795985734,246.85947863088072,248.95572868612365,34864100
2026-03-20,247.54823303222656,248.75606899357115,245.56177255944445,247.53824109812177,88331100
2026-03-23,251.04200744628906,254.14646797882926,249.83415620831627,253.51758537106093,40546100
2026-03-24,251.1917266845703,254.37604644028636,249.10545347620703,249.90403139868116,45152300
2026-03-25,252.16998291015625,254.5457480998694,251.15181088451408,253.6473574345128,28476700
2026-03-26,252.43951416015625,256.5421934269488,250.32329549316128,251.67088153367666,41796700
2026-03-27,248.35679626464844,255.03488128462607,247.6281009352486,253.4477020992108,47900000
2026-03-30,246.19065856933594,250.4230956915925,245.07264337813007,249.62453299565456,39446200
2026-03-31,253.33790588378906,255.02489784868362,246.65983587287727,247.4683905467953,49598100
2026-04-01,255.1746368408203,255.72364490973627,252.8787309132899,253.6273948962928,40059400
2026-04-02,255.464111328125,255.6737439434535,250.20349485503914,253.74717405681358,31289400
2026-04-06,258.39886474609375,261.6930045642991,256.0031460821725,256.0530752925303,29329900
2026-04-07,253.0484161376953,255.7436185540334,245.2623079794448,255.70368128016966,62148000
2026-04-08,258.4388122558594,259.28730423338584,256.07303883918246,257.9896321241455,41032800
2026-04-09,260.0259704589844,260.6548530924392,255.61386101634736,258.5386343954405,28121600
2026-04-10,260.0159912109375,261.7229364827484,258.5585701252562,259.5168819122501,31291500
2026-04-13,258.73828125,259.71651601158027,256.2027973984465,259.2673359057164,36234700
2026-04-14,258.3689270019531,261.4634109961452,256.7318642110386,258.7881922504944,48370700
2026-04-15,265.95538330078125,266.08515659729386,257.35074355126085,257.7001261657452,49913500
2026-04-16,262.9307861328125,266.68409800240715,260.80457553569033,266.3247234477873,43323100
2026-04-17,269.7486267089844,271.8149160854778,266.24486962975914,266.4844323486072,61436200
2026-04-20,272.5635681152344,273.7913879220191,269.80850557942483,269.84841238867654,36590200
2026-04-21,265.69586181640625,272.3140256362382,264.9272139873882,271.0163536236942,50209800
2026-04-22,272.68341064453125,273.2523721409737,266.39461467279705,267.3429346055621,43249200
2026-04-23,272.9429016113281,275.2787294551341,271.1660737405759,274.56001085217736,33399600
2026-04-24,270.5771179199219,272.5735550213531,269.16962610782736,272.2741016414235,38157100
2026-04-27,267.1332702636719,267.88193422863776,264.59781690250213,265.6159889280984,41466800
2026-04-28,270.2277526855469,272.7432830913257,268.181416710472,271.8548539018017,40018900
2026-04-29,269.688720703125,270.55716597281076,266.56429174844374,267.07336249706583,30047900
2026-04-30,270.86663818359375,275.50834883767226,267.6623648300734,270.018146234023,91848200
2026-05-01,279.6409912109375,286.70836594964845,277.8741246788477,278.3632420760759,79915400
2026-05-04,276.3368225097656,280.13007120517506,274.3703307853319,279.16179801165765,46668400
2026-05-05,283.67376708984375,284.0630869835518,276.00745521106614,276.43668191704,49311700
2026-05-06,286.99786376953125,287.5169265187869,280.5693330033821,281.4178249779708,58336100
2026-05-07,286.927978515625,291.6096265406606,285.2709318587503,288.75470528792926,45224300
2026-05-08,292.7974853515625,294.2349225642168,289.48339230776435,289.49338424193445,52692800
2026-05-11,292.42779541015625,293.6267735875138,289.979924827367,291.72841688276577,42247300
2026-05-12,294.54595947265625,295.0155556946294,292.3078994315659,292.3078994315659,45748100
2026-05-13,298.6124572753906,300.6607090744109,293.24708951115105,293.24708951115105,52684300
2026-05-14,297.9530334472656,300.1911240450107,295.12548538387824,299.5616620172475,35324900
2026-05-15,299.9713134765625,302.93875555297063,296.26448829773227,297.643304079477,54862800
2026-05-18,297.5833435058594,300.4009207908792,294.6558756451712,299.98126929450746,34483000
2026-05-19,298.7123718261719,300.2510533099592,296.09463441963413,296.7140952726279,42243600
2026-05-20,301.98956298828125,302.5390768782648,297.82314269813475,297.9230626302997,38229800
2026-05-21,304.7271728515625,305.27671719779084,300.1411318265125,300.80056674721834,42965100
2026-05-22,308.55389404296875,311.13165741506583,305.57645096183757,305.85620846339293,43670200
2026-05-26,308.0643005371094,311.5513139598484,307.4048960873393,309.29325163060713,48000500
2026-05-27,310.5821533203125,312.9900803339556,308.0343323058515,308.0643052358437,50430900
2026-05-28,312.24072265625,312.5304508120942,309.30325358892543,310.412282475935,48220400
2026-05-29,311.7911071777344,314.7285763294451,309.2632884033746,311.5113496628706,70026800
2026-06-01,306.0460510253906,310.67206624496237,304.7571540774977,309.363197507879,48849900
2026-06-02,314.92840576171875,315.1781903378333,306.42572903356995,307.1950545511415,44534700
2026-06-03,309.9926452636719,316.6668815001487,308.5838566628498,313.9092501546009,50836700
2026-06-04,310.9618225097656,313.26982953176514,309.38316692864953,312.96009909963743,44869100
2026-06-05,307.0751647949219,314.8984348439246,306.8853260765596,312.5903972939029,65310500
2026-06-08,301.2801818847656,317.1265012321255,300.9105055796523,308.4739595974908,77949100
2026-06-09,290.29962158203125,300.4908444635933,287.5320194610898,300.0212482417878,70108800
2026-06-10,291.3287353515625,294.4960172141002,287.1323727394638,290.4894628291428,52793300
2026-06-11,295.375244140625,296.7440586571729,289.3404406054596,293.4668864344149,42572500
2026-06-12,290.879150390625,296.88398158337014,289.3704417369658,295.7749221682621,38742100
2026-06-15,296.1645812988281,297.5233947188816,291.4486474146935,293.8665449684006,45732600
2026-06-16,298.9821472167969,300.2210994929347,293.71669913987887,294.99559499590845,39874400
2026-06-17,295.6949768066406,301.8096980081642,294.10632015937927,300.59074812548096,42745100
2026-06-18,297.7532043457031,300.31099586682666,295.3652492546472,297.8530937792582,85962200
2026-06-22,296.75408935546875,302.1594314563154,296.5043047694293,297.05381866220307,44879900
2026-06-23,294.04638671875,301.3800886038737,293.9264950024863,297.2836155142734,52010900
2026-06-24,292.8274230957031,299.4417438827621,292.68755959702736,295.1054570720635,53081900
2026-06-25,274.91290283203125,288.55113481081804,273.5141152813601,287.1523472601469,107013700
2026-06-26,283.53546142578125,285.70360492137456,273.9737007161028,274.7630284991681,261775500
2026-06-29,281.4972229003906,288.12151489662153,279.6088673150861,286.4829438934296,66427000
2026-06-30,289.11065673828125,289.69017405322865,280.45814550695326,280.9277417485351,65100200
2026-07-01,294.1263427734375,296.33442991747245,288.95081360688545,293.1871503157195,50164200
2026-07-02,308.3640441894531,309.15337194761725,293.4269150966668,293.866538367699,75352800
2026-07-06,312.3905944824219,313.9292760509671,306.7354678654279,307.0951430290638,53590000
2026-07-07,310.3923034667969,315.20815732134815,309.88273318392555,315.0183186077797,42490000
2026-07-08,313.1199645996094,314.5487250421545,306.7854009831778,311.6412289475945,41323500
2026-07-09,315.947509765625,316.2572401947346,307.8944576262147,310.24243869469103,48124500
2026-07-10,315.0483093261719,316.6369356310425,311.9010296470402,314.4488202226986,34132300
2026-07-13,317.03656005859375,323.171283634363,315.5078797345754,316.7468014245228,43257800
2026-07-14,314.58868408203125,315.91755515351207,311.64124426456783,313.48965629761443,36336800
2026-07-15,327.2178039550781,328.44675508114506,317.0465830462295,317.34631234952286,60957600
2026-07-16,332.97283935546875,334.3915986652446,326.50841333986017,327.72736328456057,62970600
2026-07-17,333.452392578125,334.7013154010385,328.71648699084636,331.693929977533,63407100
2026-07-20,326.3085632324219,333.4224228207836,323.4010672140761,333.2226134619852,53468000
2026-07-21,327.45758056640625,329.3159936819017,321.94234806189104,322.85156758462244,41338900
2026-07-22,325.60919189453125,328.7164973399543,323.0613709608057,327.58746619388995,38755900
2026-07-23,321.3828430175781,323.0214140443725,319.0748358849152,321.4527900194849,40840800
2026-07-24,332.7330322265625,334.0818750563203,321.3428614810286,321.5127284115298,47489400
2026-07-27,336.61968994140625,339.277401491225,333.73216560461384,334.2517370375488,49604300
2026-07-28,339.78692626953125,342.59453283396704,335.31080637618777,339.73698155301014,51859000
2026-07-29,337.8985900878906,344.2730974331505,337.0593175600121,339.43727163464206,56090800
2026-07-30,333.1426696777344,334.4615395264105,329.30598233808786,332.8129674612056,74817800
2026-07-31,308.6438293457031,310.4222943774597,299.7415030462749,304.54735603914753,132489100
2026-08-03,303.1585693359375,311.5313230344714,302.29929450581176,309.313234694189,75052000
2026-08-04,309.1134033203125,310.1525156602479,301.0603512911937,302.46913991298527,68001000
2026-08-05,310.7320251464844,311.4414048335362,305.40663118634393,309.09342362565195,49438800
2026-08-06,312.14080810546875,316.0174696892129,308.96355554648414,314.06913775686996,46139900
2026-08-07,313.05999755859375,314.53873325457766,310.47223295908327,311.1816431226555,34437200
2026-08-10,308.260009765625,308.260009765625,304.6099853515625,306.8299865722656,44812500
2026-08-11,304.9100036621094,309.9700012207031,302.7900085449219,307.75,37476700
2026-08-12,302.25,305.6600036621094,300.57000732421875,305.1000061035156,41657800
2026-08-13,305.260009765625,306.0,302.04998779296875,304.2099914550781,40349300
2026-08-14,305.92999267578125,307.489990234375,304.29998779296875,306.0,28186700
2026-08-17,303.9200134277344,307.6600036621094,302.9389953613281,306.2099914550781,16890487
