Date,Close,High,Low,Open,Volume
2018-01-02,21.0533390045166,21.09197460263987,20.30900894192595,20.48247510752861,33135000
2018-01-03,21.283580780029297,21.34665953513873,20.97607203686032,21.075420737776543,31161000
2018-01-04,21.29067611694336,21.427872361118467,21.165306668464577,21.414467957501813,19067000
2018-01-05,21.41683578491211,21.62499583216405,21.24573373641992,21.444432646940495,28633000
2018-01-08,21.46808624267578,21.490163732300495,21.214983164073544,21.361640558878257,20971000
2018-01-09,21.170822143554688,21.592661490127192,21.14637900074292,21.53037080335426,26027000
2018-01-10,20.7237548828125,20.98474296082144,20.55817222775017,20.972126609532005,31607000
2018-01-11,20.77658462524414,20.804181486006986,20.622830257017974,20.78210399739671,17726000
2018-01-12,20.838869094848633,20.920082044841944,20.659094023714754,20.767905330133452,19881000
2018-01-16,20.756866455078125,21.05254830484325,20.631497037963253,20.90904316880383,33528000
2018-01-17,20.958721160888672,21.015492482985508,20.536881768580802,20.932701911541738,37365000
2018-01-18,21.273326873779297,21.293828255648695,20.853853140475746,20.9311243406261,30319000
2018-01-19,21.004451751708984,21.244939916016932,20.979220556693136,21.22207438052066,29963000
2018-01-22,20.6669921875,21.034426089205336,20.549507724761607,20.946116105052973,27230000
2018-01-23,20.729272842407227,20.848333351942433,20.351588428426464,20.63780768560057,35398000
2018-01-24,20.253032684326172,20.758450812777784,20.18522260424192,20.57709956708505,45405000
2018-01-25,19.498445510864258,20.330297421101502,19.47557997539075,20.322412390682693,59520000
2018-01-26,19.774423599243164,19.787038449909264,19.336814008539548,19.666400292895446,49014000
2018-01-29,19.354942321777344,19.671912130125975,19.198822325217876,19.576505214909222,50401000
2018-01-30,19.000919342041016,19.3202564454047,18.687891168108425,19.022208783048548,46002000
2018-01-31,19.556800842285156,19.959716585002443,19.306851442955267,19.71213284614672,80482000
2018-02-01,18.828235626220703,19.388848885752527,18.773829961380486,19.05926268879699,66851000
2018-02-02,18.56724739074707,18.762791057794626,18.457648010023984,18.66896174000395,58352000
2018-02-05,17.985342025756836,19.239033267968242,17.945918378206844,18.504165890069476,70776000
2018-02-06,18.9536075592041,18.955185167284316,17.73303218962774,17.78980352177264,77744000
2018-02-07,18.717056274414062,19.168068555209917,18.687093762342062,18.82586607770278,40475000
2018-02-08,18.101259231567383,18.8069524953246,18.096527910278184,18.71785446657147,43200000
2018-02-09,18.568822860717773,18.696557959843624,17.839474770028822,18.355143478201747,43282000
2018-02-12,19.27058219909668,19.355738459711628,18.72652689146898,18.75491181036848,35063000
2018-02-13,19.385696411132812,19.399100815203706,18.928375080412938,19.003280628888092,23719000
2018-02-14,19.527626037597656,19.605685306329445,19.198038280962763,19.317888374284543,25491000
2018-02-15,19.856422424316406,19.857210476356304,19.27294358065989,19.655357864350083,25540000
2018-02-16,19.624610900878906,19.89900345283821,19.557590371175124,19.812271091098985,32639000
2018-02-20,19.682167053222656,20.164719600201316,19.516585886677483,19.613568926523065,41693000
2018-02-21,19.603315353393555,19.985731092193188,19.589910950845493,19.908459892493937,28156000
2018-02-22,19.660873413085938,19.956555293487718,19.575717187937467,19.642739196198097,19342000
2018-02-23,20.004655838012695,20.108735847864473,19.734993173988006,19.880864001308804,18280000
2018-02-26,19.944730758666992,20.062215171465365,19.790976404068818,19.86666999948805,28878000
2018-02-27,19.854848861694336,20.159203945795028,19.84459816742266,19.876926354638613,21176000
2018-02-28,19.433006286621094,20.066159509084248,19.3951587320989,20.033832830849544,28834000
2018-03-01,19.184635162353516,19.64274612801903,19.02693900617192,19.385699754174208,26044000
2018-03-02,19.780725479125977,19.805168625334492,18.941777988370458,18.957546547282426,27402000
2018-03-05,19.474010467529297,19.81779071798156,19.193308982747972,19.704248037424033,25900000
2018-03-06,19.787824630737305,19.814631935788352,19.50081577221015,19.65772385399925,30030000
2018-03-07,19.479522705078125,19.664817169323715,19.265055281142935,19.608833901747403,31549000
2018-03-08,19.471637725830078,19.5780833861733,19.390423261796187,19.574929674624116,33554000
2018-03-09,20.010177612304688,20.0496012707425,19.52525939472199,19.6001649473203,30782000
2018-03-12,20.724544525146484,20.839663287801017,20.47065190332299,20.551866381164682,53881000
2018-03-13,20.59680938720703,21.592666541000884,20.518750125454087,21.007610088210097,66855000
2018-03-14,20.547134399414062,20.68511869818119,20.118197987378444,20.658311394360762,39619000
2018-03-15,21.112478256225586,21.202365818596505,20.776584607255465,20.794718827788994,57990000
2018-03-16,20.09612464904785,20.78447318881277,20.05985469787087,20.737162987538746,113955000
2018-03-19,19.313945770263672,20.223857168023603,19.142055670620397,19.95656012992047,71267000
2018-03-20,19.109729766845703,19.5583780947634,19.024573510906833,19.325774871253778,61918000
2018-03-21,19.680950164794922,20.048167594802212,19.205727339029156,19.24732938348533,54912000
2018-03-22,19.486541748046875,19.73855435095883,19.32093316094278,19.36333480669191,43078000
2018-03-23,19.399341583251953,19.618552364644454,19.23373447962045,19.47134520255366,59070000
2018-03-26,19.819360733032227,19.907363958796893,19.241732651881325,19.814560085423278,48713000
2018-03-27,19.5505428314209,20.340980111559475,19.328931804849333,19.847357373998513,63917000
2018-03-28,18.93531608581543,19.75535700526685,18.848912061628244,19.52734608917095,41744000
2018-03-29,18.85291290283203,19.2681322791161,18.781708895055004,19.04812193585427,46874000
2018-04-02,18.21528434753418,18.89051703045778,18.036076425521816,18.716909356008305,53088000
2018-04-03,18.94331932067871,18.959320463766566,18.17768308795613,18.46969708252099,45569000
2018-04-04,18.960119247436523,19.03452318623636,18.360891266320305,18.40489211898942,37720000
2018-04-05,18.905715942382812,19.335335746155405,18.800910452037822,19.261732938705123,35798000
2018-04-06,18.310483932495117,18.924113737278375,18.221679593292606,18.699302766197718,30248000
2018-04-09,18.780113220214844,19.173731283054412,18.341691649926,18.399293325590833,37494000
2018-04-10,19.180927276611328,19.325734079488644,19.01371948880062,19.165725736290725,33244000
2018-04-11,19.226526260375977,19.25852853509344,18.9673142441648,19.050518327287268,19922000
2018-04-12,19.15532875061035,19.412140510084857,18.968918351448128,19.315335587749786,41036000
2018-04-13,19.756160736083984,20.160980833399062,19.5929524225089,20.00097244347006,48312000
2018-04-16,19.95056915283203,19.99217120992733,19.65535523030806,19.92816816254633,25172000
2018-04-17,20.140174865722656,20.22897921379307,19.972167464482837,20.07217230596924,25084000
2018-04-18,19.968168258666992,20.134576476745604,19.79776051797913,20.080974328445276,20511000
2018-04-19,19.42974090576172,19.703354932760952,19.253732926618838,19.484144176635564,50141000
2018-04-20,18.970521926879883,19.328939310193128,18.80171336837993,19.29853774715589,41530000
2018-04-23,18.676904678344727,19.066524697606706,18.570499985015186,19.040122661123306,31337000
2018-04-24,18.272085189819336,18.89051417841256,18.13607854413191,18.860112621096416,44889000
2018-04-25,18.32088851928711,18.48889746357479,18.069676991123842,18.32088851928711,34023000
2018-04-26,18.434490203857422,18.55129577209902,18.264882097562047,18.480892896678192,32751000
2018-04-27,18.623302459716797,18.736908124178743,18.456894248445934,18.686505901218354,27211000
2018-04-30,18.354490280151367,18.730509504689152,18.266487047007747,18.60730253676335,39682000
2018-05-01,18.431291580200195,18.468892581034794,18.10967568231038,18.468892581034794,44947000
2018-05-02,18.300086975097656,18.676104641709124,18.144879260849798,18.664904147936713,52950000
2018-05-03,18.020872116088867,18.231282693050048,17.81526218657431,18.12007735823757,58011000
2018-05-04,18.442493438720703,18.568099193798624,17.759260267895947,17.892866593647682,51303000
2018-05-07,18.878511428833008,18.95291535015801,18.480892441905954,18.50489262391542,36953000
2018-05-08,19.108924865722656,19.117725035216004,18.786509361663256,18.86011216647376,40149000
2018-05-09,19.044919967651367,19.131323981610894,18.72490481855079,18.864910969422105,35031000
2018-05-10,19.48174285888672,19.499343198117217,19.089724066737055,19.179328013296345,25747000
2018-05-11,19.471342086791992,19.56094755986537,19.32893559569636,19.447341901500565,24052000
2018-05-14,19.581750869750977,19.874564467928476,19.504946602578443,19.70335711745648,27580000
2018-05-15,19.32733917236328,19.55614972045867,19.08092675644694,19.385741971419307,24984000
2018-05-16,19.24172592163086,19.377732524007804,19.12011973109104,19.372132279073792,29330000
2018-05-17,19.15692710876465,19.333736204889153,19.04092112690963,19.050522421769433,22825000
2018-05-18,18.880115509033203,19.250532931302445,18.87131381304915,19.189729814419543,25262000
2018-05-21,19.124927520751953,19.24093198373659,18.934517595919523,19.157727877651425,25720000
2018-05-22,19.080123901367188,19.310533608887855,19.007319170347948,19.22013006495661,19218000
2018-05-23,19.2457275390625,19.251327784606552,18.883310776881792,18.899310388470177,23454000
2018-05-24,19.483346939086914,19.54975031119284,19.200932707789622,19.26973640401364,22799000
2018-05-25,20.00337028503418,20.05537323419988,19.524146300100984,19.524146300100984,32214000
2018-05-29,19.976165771484375,20.089771423200883,19.87856125966094,19.892162075974785,28281000
2018-05-30,19.95296859741211,20.163377671756212,19.94736835008754,20.09537510451586,26844000
2018-05-31,20.16657257080078,20.424183864057014,19.920959841689044,19.94176162553971,34698000
2018-06-01,20.508203506469727,20.617008570863522,20.204187785123132,20.350595396349348,26360000
2018-06-04,20.67059898376465,20.749803556577262,20.499390147228095,20.64099702811506,25886000
2018-06-05,20.74180793762207,20.909015766195004,20.644203404339137,20.757807555080156,42374000
2018-06-06,21.08261489868164,21.103416681877416,20.77780132776718,20.86020428363243,37465000
2018-06-07,21.175426483154297,21.319433705833227,21.034619183608896,21.04101902987596,46077000
2018-06-08,20.638601303100586,20.795408221777507,20.300184627520057,20.540195653318207,73694000
2018-06-11,20.86741065979004,20.945014515446264,20.50659301614255,20.629798445308893,31859000
2018-06-12,20.91541290283203,20.93941461483841,20.673001562783643,20.827409677380967,27594000
2018-06-13,21.087421417236328,21.286631507382566,20.857809768843442,20.941814998128,34868000
2018-06-14,21.477834701538086,21.526636184645476,21.12901724668933,21.20102083575488,37042000
2018-06-15,21.61944580078125,21.74585114300886,21.307429678259837,21.604244260174138,60969000
2018-06-18,21.161029815673828,21.5210464102109,21.13942842325379,21.5210464102109,30191000
2018-06-19,21.156970977783203,21.17156605025904,20.60565054297463,20.755642052261443,36221000
2018-06-20,21.178861618041992,21.405877001791687,21.13994451838024,21.201563001775384,24951000
2018-06-21,21.051570892333984,21.288314771008338,20.95346782411865,21.208049608369443,18186000
2018-06-22,21.056434631347656,21.201561100569954,20.99562647527704,21.175616885260542,52412000
2018-06-25,20.465391159057617,20.789697809428105,20.30404738269563,20.789697809428105,29705000
2018-06-26,20.394044876098633,20.64295139835474,20.31377968644437,20.512416855277024,24233000
2018-06-27,20.03487205505371,20.687540009797235,20.0137913124934,20.438633533837745,24720000
2018-06-28,19.855688095092773,20.05189422318274,19.64245593041435,19.967574362054464,33238000
2018-06-29,19.672456741333008,20.021897232348373,19.666781395257342,20.021897232348373,42794000
2018-07-02,19.624618530273438,19.638401732458487,19.24923387702428,19.46570886388326,33369000
2018-07-03,19.400850296020508,19.733264746143288,19.377337043598562,19.730832234070963,11591000
2018-07-05,19.89622688293457,19.91325291909593,19.51354468378511,19.603539888185356,25299000
2018-07-06,20.081083297729492,20.155674665364707,19.816772996631208,19.855690097448203,23112000
2018-07-09,20.06081199645996,20.20675033364555,19.906765802051208,20.18810210739072,17955000
2018-07-10,20.31458282470703,20.41511840316896,20.030003672758827,20.134592406809706,16413000
2018-07-11,19.73731803894043,20.069732491369777,19.670024207997105,19.85974468679688,35761000
2018-07-12,17.02448844909668,17.048812021005062,16.00940883887102,16.78936677297826,435083000
2018-07-13,16.414794921875,17.350419837804807,16.369392151207034,17.228805052599053,161678000
2018-07-16,16.478843688964844,16.73261359572919,16.25831398735278,16.34506636087396,102277000
2018-07-17,16.88909912109375,16.95233982184704,16.37831622099562,16.394531943898155,110827000
2018-07-18,16.92719841003418,17.01638330003855,16.75288333216151,16.800718611023093,80834000
2018-07-19,17.056110382080078,17.146105592156843,16.867201782386502,16.88747065341675,63247000
2018-07-20,17.052867889404297,17.124214873567624,16.925576222099966,17.034219661690628,62893000
2018-07-23,17.570945739746094,17.726612569025555,17.058540944719628,17.059351266471836,82211000
2018-07-24,17.6212158203125,17.86850009323296,17.512573918032725,17.658512278865516,81158000
2018-07-25,18.320907592773438,18.53819293058719,17.651213673065104,17.651213673065104,92271000
2018-07-26,18.094701766967773,18.628996090216795,17.964167279421215,18.363875506241286,85069000
2018-07-27,17.92201042175293,18.590083726960227,17.84255557440643,18.161997154038954,79443000
2018-07-30,18.257661819458008,18.4871096534666,17.92200463146863,17.926869654220535,75275000
2018-07-31,17.980384826660156,18.553597849856995,17.961736598990598,18.378470904099093,63860000
2018-08-01,17.577436447143555,18.156323359411868,17.52879083899691,18.1011920825566,42669000
2018-08-02,17.540952682495117,17.695809241739813,17.289615224387074,17.372312916781933,40312000
2018-08-03,17.659324645996094,17.674728496509104,17.382853287456108,17.492307070757008,24832000
2018-08-06,17.589597702026367,17.69986180365395,17.501224665608387,17.56365348042271,22638000
2018-08-07,17.862014770507812,17.98606207033218,17.60500199022071,17.77364173965283,29798000
2018-08-08,17.7930965423584,17.936602376001222,17.751748478479026,17.88066078684585,15801000
2018-08-09,17.559602737426758,17.857153324392755,17.507712740671632,17.84904546407426,27563000
2018-08-10,17.2069149017334,17.389337862424473,17.063409045511886,17.253939865168782,37017000
2018-08-13,17.113676071166992,17.34879933132034,17.062597953761077,17.159890710545614,29842000
2018-08-14,16.807205200195312,17.154214731243602,16.769910289143905,17.154214731243602,36327000
2018-08-15,16.74883270263672,16.829908200597416,16.439929921305346,16.63127106561131,41132000
2018-08-16,16.919902801513672,16.933686006798084,16.757750265161416,16.845312975003143,29239000
2018-08-17,16.96692657470703,17.122593431691406,16.662078528741347,16.86152751078599,39093000
2018-08-20,16.760183334350586,17.026114306941025,16.69045698365841,16.983954367733663,54489000
2018-08-21,17.067461013793945,17.14286115190575,16.791800038784018,16.825041791293376,29952000
2018-08-22,16.826662063598633,17.16475183412406,16.81774388428665,17.06259561332476,26890000
2018-08-23,16.668561935424805,16.95152042688898,16.643428042302897,16.84206667550305,35578000
2018-08-24,16.945032119750977,16.966923177898483,16.594781375053007,16.730179332609016,20541000
2018-08-27,17.266908645629883,17.380415551346594,16.91503569149247,17.04637895484592,28213000
2018-08-28,17.385286331176758,17.509333646758368,17.234482923865404,17.401500504207988,24340000
2018-08-29,17.430686950683594,17.49635859597466,17.305827782095133,17.416093423554013,18125000
2018-08-30,17.56528091430664,17.588792630526026,17.399883939284003,17.429071003998857,26529000
2018-08-31,17.758235931396484,17.7817476385707,17.500411288742328,17.51500636190138,27623000
2018-09-04,17.790668487548828,17.86039329154354,17.604190822997047,17.722562781091874,36663000
2018-09-05,17.952007293701172,17.982816533540863,17.802826118271007,17.832825036287883,37194000
2018-09-06,17.510141372680664,18.06551653687324,17.343934139028175,17.95849527865392,62509000
2018-09-07,18.856826782226562,19.086274712049292,18.1611885484152,18.177404266749416,104703000
2018-09-10,19.507871627807617,19.535436489768855,18.81385412629588,19.025464120456558,60880000
2018-09-11,18.85439109802246,19.43408978641379,18.680077567709873,19.271937269598048,60755000
2018-09-12,18.63873291015625,18.716565582202477,18.06633160559455,18.49360484581828,53077000
2018-09-13,19.08708381652832,19.39517625956201,18.738453626660892,18.946820800074764,43757000
2018-09-14,19.16167449951172,19.22248111757669,18.94682011905107,19.0660039358636,28095000
2018-09-17,19.039247512817383,19.482737924068235,18.997087577946324,19.45841434942176,36739000
2018-09-18,19.582456588745117,19.71887116860363,19.185465170609653,19.19608468013859,50511000
2018-09-19,19.7507266998291,19.80790626857409,19.58572079827391,19.642901925045294,31160000
2018-09-20,20.007225036621094,20.097895971069384,19.74501533863653,19.84875500286268,39986000
2018-09-21,20.266162872314453,20.320893229208423,20.027641470651627,20.12157956585227,135321000
2018-09-24,20.37643814086914,20.42953412714102,20.201632237769097,20.262078993231118,45326000
2018-09-25,20.229406356811523,20.368271719573322,20.078288671991153,20.33804911742527,47037000
2018-09-26,20.04806137084961,20.262078118506157,19.996599756634126,20.06521524225477,33428000
2018-09-27,20.131385803222656,20.24819574646617,20.00558916139927,20.069304667367334,29572000
2018-09-28,20.154253005981445,20.173857652695947,19.91899880343389,20.05704773629078,26739000
2018-10-01,20.38134002685547,20.5961731931813,20.23103876262445,20.24819263505169,27709000
2018-10-02,20.266162872314453,20.56104744270298,20.25145977569613,20.351115828360932,24888000
2018-10-03,20.37398910522461,20.530008337695946,20.179578537635823,20.324161854366643,19607000
2018-10-04,20.271881103515625,20.399310539306057,20.110961886430452,20.148536813412786,25660000
2018-10-05,19.950040817260742,20.425449250140304,19.80055595943509,20.289852641026496,33860000
2018-10-08,19.71641731262207,20.04724396206227,19.635549510908078,19.87488729273793,33397000
2018-10-09,19.988431930541992,20.07256847964649,19.634734977993823,19.652705256082992,24675000
2018-10-10,18.937145233154297,20.018660499027625,18.921624169362346,19.843852998994553,56327000
2018-10-11,18.697797775268555,19.24509031655294,18.55811605135647,18.94857300014354,37424000
2018-10-12,19.028629302978516,19.25081324625379,18.714956478919348,19.176479796513505,32589000
2018-10-15,18.989418029785156,19.22303942212852,18.79092234379391,18.871791706766043,30099000
2018-10-16,19.4672794342041,19.503219989626395,19.129100433088233,19.27776888024232,30355000
2018-10-17,19.373342514038086,19.583275709012362,19.107865666326134,19.583275709012362,20262000
2018-10-18,18.625919342041016,19.3447507321207,18.50420786485957,19.23120798821621,37442000
2018-10-19,18.647157669067383,18.87669394333351,18.536883659768158,18.78765739512047,32231000
2018-10-22,18.6749324798584,18.986154556462505,18.627556002264072,18.833402497257584,25619000
2018-10-23,18.71005630493164,18.750082008252267,17.874413412798205,18.200338555007047,35990000
2018-10-24,17.865428924560547,18.494407401434234,17.794362654723788,18.493589437440104,37810000
2018-10-25,18.153779983520508,18.247718088973986,17.901371863606247,17.961002220530283,35193000
2018-10-26,17.411252975463867,17.753513941791,17.088595094946417,17.608930667267646,53324000
2018-10-29,17.27648162841797,17.863800216707002,17.009370337884285,17.65958648219136,28636000
2018-10-30,18.053300857543945,18.098228103557066,17.23562996578925,17.46271541317809,29697000
2018-10-31,18.25588607788086,18.433959177352158,18.110484797541915,18.379230374745475,28146000
2018-11-01,18.77785301208496,19.133184303313072,18.274669689446185,18.392297566696705,36830000
2018-11-02,18.0336971282959,18.458461856496108,17.787007023613437,18.40618383980671,40241000
2018-11-05,17.9781551361084,18.06065732098596,17.457001455810687,17.89075139940894,27609000
2018-11-06,18.64470672607422,18.71904017003803,17.947929234089138,17.9953072617038,29464000
2018-11-07,19.147071838378906,19.219770911504373,18.72312348768179,18.950208961764705,29004000
2018-11-08,19.624927520751953,19.81852162330281,19.0090195125939,19.0090195125939,29796000
2018-11-09,19.52201271057129,19.524463486826324,18.99514099851836,19.19608751313552,33611000
2018-11-12,18.267316818237305,18.940404400496426,17.993669766678103,18.86933815043084,50306000
2018-11-13,18.365341186523438,18.772952066802485,18.16031113759292,18.419253575829668,26697000
2018-11-14,18.477243423461914,18.830940209260906,18.429865416804404,18.522987061051595,25411000
2018-11-15,19.305543899536133,19.54814890133691,18.44947993147024,18.4788861262259,36694000
2018-11-16,19.409276962280273,19.539157134782876,18.92243275385497,19.099689384281554,36005000
2018-11-19,18.716590881347656,19.692731949173655,18.668396444021933,19.321063141800018,35326000
2018-11-20,18.600595474243164,18.712505398715134,18.18154867792444,18.29264063850562,32123000
2018-11-21,18.78765296936035,19.05803129019114,18.584255755893537,18.805623244355957,19926000
2018-11-23,18.779491424560547,19.00739336241674,18.58998082671033,18.58998082671033,8066000
2018-11-26,19.22140884399414,19.45339591235149,18.91427191294456,19.132372288799193,28714000
2018-11-27,19.263883590698242,19.471364437457318,18.98533647578951,19.080090980646847,30406000
2018-11-28,19.21405029296875,19.44113573559745,18.91998374363791,19.31860787687408,31080000
2018-11-29,19.259801864624023,19.492606917376452,19.01311167618211,19.136457549416512,17920000
2018-11-30,19.392940521240234,19.464006769892862,19.06456624713475,19.228754163200588,40083000
2018-12-03,19.77360725402832,20.179583929314138,19.72459483802216,20.02928261455483,35241000
2018-12-04,18.95429229736328,19.696813365574897,18.916717376569498,19.644533792359514,36455000
2018-12-06,18.56220245361328,18.563018859403257,17.77557054655222,18.480516691852692,57859000
2018-12-07,18.670028686523438,19.46400986596459,18.338385620715815,19.118481668533622,78396000
2018-12-10,19.543241500854492,19.630645211032874,18.50256882598189,18.620196685855458,43344000
2018-12-11,20.16323471069336,20.449134072062822,19.88386971110712,19.88713845002491,57730000
2018-12-12,20.82815933227539,21.25374053273875,20.584737928902953,20.620678486728536,68703000
2018-12-13,21.099349975585938,21.360743145276977,20.795480337918793,21.112420257280963,54355000
2018-12-14,20.815902709960938,21.36809682874061,20.7995652463105,20.859195586410934,42727000
2018-12-17,20.758729934692383,21.346048390188926,20.672960559514753,20.74729401800203,56238000
2018-12-18,20.60932159423828,21.097996191022617,20.53833302793769,21.055897112014645,51849000
2018-12-19,20.132198333740234,21.126055251919144,20.019110725858585,20.554009269950587,59728000
2018-12-20,19.96710968017578,20.51274133164637,19.683150722720317,20.174301867385818,75365000
2018-12-21,20.21639633178711,20.780187542722874,19.967106682053345,19.967106682053345,102138000
2018-12-24,19.29930877685547,20.116517877290246,19.275370923249024,19.976189216800325,28494000
2018-12-26,20.483020782470703,20.51273842024764,19.274544973244094,19.62784242113579,36741000
2018-12-27,20.70672035217285,20.738088006700135,19.987744047876248,20.22382567844131,37507000
2018-12-28,20.932897567749023,21.30187962655326,20.73231020634835,20.884195280106702,28702000
2018-12-31,20.989858627319336,21.338204509510806,20.714979482098794,21.28289899175379,26590000
2019-01-02,20.926298141479492,21.02452774341964,20.346823786709972,20.541632972593256,30346000
2019-01-03,19.064876556396484,20.350945625135928,19.01287266170418,20.187504138483988,68580000
2019-01-04,19.25225830078125,19.518057592437632,19.123486061158907,19.33975805278961,54248000
2019-01-07,19.64435386657715,19.830908224673703,19.0483699313896,19.28692819236262,53433000
2019-01-08,19.486690521240234,19.967935235651584,19.263815302753542,19.8201767655931,36795000
2019-01-09,20.329484939575195,20.36250261156652,19.63361990794272,19.68067060222476,52971000
2019-01-10,20.596933364868164,20.683606521484023,20.170995809816365,20.270875404900774,29594000
2019-01-11,20.683605194091797,20.87758931025895,20.58042242156785,20.589503815487497,20158000
2019-01-14,20.708372116088867,20.766980807022236,20.29811757733268,20.480545295292856,25498000
2019-01-15,21.172285079956055,21.64527499387998,20.802477965270917,20.86438670014745,39247000
2019-01-16,20.776884078979492,21.24327067274565,20.74881803609803,21.23088766886016,24484000
2019-01-17,21.07652473449707,21.243267802815428,20.530893287354626,20.641505851937428,35154000
2019-01-18,21.529708862304688,21.62216023920491,21.214382280853354,21.39020521362887,34634000
2019-01-22,21.320871353149414,21.41744937006319,21.041038985595044,21.296931920352854,37156000
2019-01-23,21.257305145263672,21.53713586106993,20.93785038876325,21.424048247491044,31771000
2019-01-24,21.75506019592285,22.01920790013439,21.462021434965962,21.551996215337994,35999000
2019-01-25,22.117433547973633,22.14797461494301,21.537132807781976,21.88878017784122,30333000
2019-01-28,22.091020584106445,22.192553350344895,21.350581455846683,21.590791279061357,31320000
2019-01-29,21.983705520629883,22.089364878260756,21.778165014587543,22.06872864168343,27870000
2019-01-30,22.35517120361328,22.59703105931444,22.070385694947348,22.2874826886389,28727000
2019-01-31,22.14302635192871,22.370028164666735,21.98618807745116,22.333707307828686,21063000
2019-02-01,22.02416229248047,22.254465749963263,21.865673976279652,22.21732145309341,22878000
2019-02-04,22.462482452392578,22.46413404473589,21.87062670011178,22.081118916655132,20761000
2019-02-05,22.2874813079834,22.66966979769293,22.280051505174118,22.449271207682884,22619000
2019-02-06,22.800092697143555,23.11294264578345,22.514482208816275,22.557406282945106,27064000
2019-02-07,22.212364196777344,22.664717790627567,21.982059206879224,22.5235625607259,28646000
2019-02-08,22.622617721557617,22.64160394461442,22.044793537604253,22.06708137022654,23903000
2019-02-11,22.759641647338867,22.782754485588203,22.558227746880913,22.650680674322277,18012000
2019-02-12,23.062589645385742,23.145136187145813,22.870257100518046,23.00150592872768,19809000
2019-02-13,23.221906661987305,23.291245196666914,22.945377532173776,23.112945657649497,19190000
2019-02-14,23.23676872253418,23.3473813383007,23.026276480847848,23.162476972657885,16015000
2019-02-15,23.272258758544922,23.45055828387405,23.013062707855646,23.45055828387405,17352000
2019-02-19,23.249971389770508,23.346550957275948,23.12532577664621,23.207872321342222,15152000
2019-02-20,23.395252227783203,23.66022650086337,23.301150833501335,23.381220779084234,16150000
2019-02-21,23.190532684326172,23.38946841285933,23.02461462187984,23.380388594046554,13254000
2019-02-22,22.82402992248535,23.11294201253083,22.67214486237888,23.108815394212627,27225000
2019-02-25,22.99738311767578,23.18146088139967,22.98747671231338,23.1773326876838,19245000
2019-02-26,22.700214385986328,22.94867904194689,22.65481370530324,22.94207424740307,27211000
2019-02-27,22.41047477722168,22.70846670003235,22.252811499972818,22.553280023659397,29146000
2019-02-28,22.729928970336914,22.758820024445303,22.174394148163895,22.28500516262334,31460000
2019-03-01,22.514482498168945,22.961057876607594,22.380758646835183,22.925563604532,19035000
2019-03-04,22.691131591796875,22.83063522561836,22.35847041259849,22.700211411854983,17382000
2019-03-05,22.866130828857422,23.149264731401363,22.661415276230933,22.74148521827527,21699000
2019-03-06,22.39891815185547,22.85952654946682,22.327103024886178,22.83723871623118,19973000
2019-03-07,21.91684913635254,22.314722238635536,21.798808321901564,22.30233923401178,25411000
2019-03-08,21.807889938354492,21.85494063646673,21.395983779870907,21.590792941255703,22167000
2019-03-11,22.20988655090332,22.33288055993661,21.7963304331246,21.865668957143416,27161000
2019-03-12,22.25693702697754,22.289956271111294,21.814489861805928,22.26766843876543,23324000
2019-03-13,22.387361526489258,22.54172319123517,22.206585410289456,22.32957942192004,32089000
2019-03-14,22.13890266418457,22.474040532352003,22.113313214866352,22.460007506955257,43094000
2019-03-15,23.962343215942383,24.726721754334115,23.401855214598157,23.64619165130754,144066000
2019-03-18,24.255386352539062,24.51458085046889,23.955742801322906,23.957394393588576,56746000
2019-03-19,24.706912994384766,24.844765053445492,24.27767220150105,24.281800394872803,51556000
2019-03-20,24.23802375793457,24.901793119519656,24.176392808373407,24.818509211726933,41263000
2019-03-21,24.718564987182617,24.932603746685167,24.235520322112684,24.30880932069642,27379000
2019-03-22,24.372943878173828,24.68858846578194,24.2688393831008,24.645280957707357,23307000
2019-03-25,24.332130432128906,24.50036298435707,24.068954331715318,24.335461533879727,23878000
2019-03-26,24.73772430419922,24.940937422727057,24.50453126598299,24.516190917893802,28009000
2019-03-27,24.649446487426758,24.8751449607118,24.357121199591006,24.782700116528186,21862000
2019-03-28,24.907623291015625,25.25991316156641,24.624458953696365,24.744388163823984,33030000
2019-03-29,25.044206619262695,25.207443325884167,24.841827478372775,25.08668174405081,24493000
2019-04-01,25.4672908782959,25.54724210004599,24.964257888853965,25.24409113625056,27040000
2019-04-02,25.239091873168945,25.597211559640904,25.202446573018037,25.498102932404553,22857000
2019-04-03,25.334867477416992,25.601374704269478,25.136651814053142,25.503100045229495,22266000
2019-04-04,25.151639938354492,25.4847739160562,25.124155571083694,25.38066944874266,15228000
2019-04-05,25.341537475585938,25.35486347643046,25.13499478780345,25.318218165489668,18875000
2019-04-08,25.35818862915039,25.4264817861265,25.151645989833664,25.32987187681842,13899000
2019-04-09,25.27240562438965,25.327372782844957,25.00922948425488,25.199948987721672,11621000
2019-04-10,25.610532760620117,25.63218730434088,25.23492364376642,25.28489493457979,14992000
2019-04-11,25.768775939941406,25.83373640400812,25.503933459111472,25.663839072522045,16669000
2019-04-12,26.40339469909668,26.43754127456572,25.865382806390652,25.930344855320982,30087000
2019-04-15,26.350929260253906,26.444208069603636,26.081923283357558,26.40339769697708,16216000
2019-04-16,26.52582550048828,26.65158295457715,26.325945061788463,26.650750576112102,21116000
2019-04-17,26.694889068603516,26.729035643958017,26.47085538286911,26.670734210730398,18138000
2019-04-18,26.535818099975586,26.854793779520854,26.497508040994134,26.737364878739466,26548000
2019-04-22,26.23432731628418,26.475016490429837,26.167700516799023,26.42754551134359,13504000
2019-04-23,26.287630081176758,26.49167556335499,26.16687009020221,26.380908878219895,19777000
2019-04-24,26.17853355407715,26.401733302082974,26.083589986486746,26.199354135656353,23335000
2019-04-25,25.9694881439209,26.063599324150644,25.532249617979172,26.063599324150644,26732000
2019-04-26,25.852060317993164,25.897032581199696,25.41065670476902,25.747123448669456,16404000
2019-04-29,26.044445037841797,26.20684779232901,25.854559497883873,25.921186309686536,13404000
2019-04-30,26.51749610900879,26.51916086588607,26.028621507594917,26.09441593994239,18953000
2019-05-01,26.55913543701172,26.917255115961197,26.54164595995651,26.6923890493871,18158000
2019-05-02,26.302623748779297,26.833141076084427,26.170202511553388,26.649082196305528,20428000
2019-05-03,26.2934627532959,26.371750805801327,25.875380026345784,26.230168632443714,19214000
2019-05-06,25.948671340942383,25.97865444137906,25.430647556354163,25.550576781083596,14371000
2019-05-07,25.59221649169922,25.786267106695444,25.29572613783908,25.70548191627764,21734000
2019-05-08,25.267410278320312,25.623031264373942,25.244090973563253,25.426481930845313,15099000
2019-05-09,25.323205947875977,25.472282682155285,24.722730765095605,24.985074492044383,22282000
2019-05-10,25.31488609313965,25.434815330621863,24.70691611960964,25.254089095786647,21025000
2019-05-13,24.43374252319336,24.625296014392617,24.002333758621848,24.470387828976534,37864000
2019-05-14,25.151639938354492,25.36817583247952,24.60863068102125,24.626120155281537,34277000
2019-05-15,25.349027633666992,25.632191979221023,24.869313956222715,25.007565026706278,18166000
2019-05-16,24.75937843322754,25.24325556786649,24.543673288010332,24.964256305136495,34233000
2019-05-17,24.143081665039062,24.44956532060893,24.019821346937167,24.383770886489945,39094000
2019-05-20,22.70227813720703,23.315245510097135,22.373307521980113,23.152841148845944,65162000
2019-05-21,22.930469512939453,23.301081200180903,22.873836016130376,23.07704752496012,25060000
2019-05-22,22.421607971191406,22.907983813019293,22.4007858036886,22.526544833049474,31809000
2019-05-23,21.66122817993164,22.110958711021507,21.5013225790923,22.03517097939903,46607000
2019-05-24,21.315601348876953,22.13178012814071,21.298944250073603,21.878598898064933,27963000
2019-05-28,21.194007873535156,21.46468017552486,20.828393600904924,21.36807027105399,61965000
2019-05-29,21.16402816772461,21.351414989739567,20.9524880732813,21.049096397469054,28132000
2019-05-30,21.372236251831055,21.43219926984444,21.1640272686518,21.208999532161837,17310000
2019-05-31,20.957481384277344,21.298943962595366,20.904180575036083,21.074079485818675,22192000
2019-06-03,21.08574104309082,21.514651044953332,20.920839564677788,21.03327101897479,28911000
2019-06-04,22.128454208374023,22.153439862430474,21.30061558377696,21.400555022985273,36805000
2019-06-05,22.13011932373047,22.61233018869427,21.853617152842613,22.40412118199206,23651000
2019-06-06,22.71892738342285,22.902984655628437,22.093468150863153,22.238381403134934,32687000
2019-06-07,22.892160415649414,23.14201214354592,22.759739174600195,22.88466583280267,25963000
2019-06-10,23.336896896362305,23.716669581837703,23.04623795294477,23.047070331433485,23280000
2019-06-11,23.609230041503906,24.297985001752593,23.270266197669773,24.193048143380718,37105000
2019-06-12,23.296918869018555,23.582581933121677,23.103700643005336,23.458489241068182,27057000
2019-06-13,23.4534912109375,23.56009442224559,23.103700069164375,23.445996628229494,37735000
2019-06-14,22.14760398864746,22.327496200915668,21.443024304003945,21.49632670040346,100797000
2019-06-17,22.15093994140625,22.37830477436056,21.765337406836558,22.056828745869446,35785000
2019-06-18,23.15700340270996,23.57092264593656,22.19174622464086,22.332496018540002,54920000
2019-06-19,23.110366821289062,23.24195410981835,22.795554594530213,23.21780242476458,28920000
2019-06-20,23.24028778076172,23.773302280992844,23.082880883775324,23.528447990407628,57291000
2019-06-21,23.03765106201172,23.627066669037962,23.035128381303817,23.257945397726594,45399000
2019-06-24,23.4757137298584,23.496733926361575,23.1225689758952,23.166291690266608,20506000
2019-06-25,23.249534606933594,23.78513831626822,23.20833456832914,23.47235320419272,24436000
2019-06-26,23.6640567779541,23.88182999131652,23.38322297498984,23.42358265042841,24774000
2019-06-27,24.023088455200195,24.253473477277918,23.73048319921798,23.78934039395713,21813000
2019-06-28,24.203866958618164,24.32494600059201,23.948258320681827,24.203866958618164,49265000
2019-07-01,25.25405502319336,25.708099068559896,24.916044669918968,25.365883712788467,44832000
2019-07-02,24.83196258544922,25.280959642442966,24.711723897054974,25.130453597817695,19011000
2019-07-03,23.954143524169922,24.28122275699837,23.796909807021596,23.854086287344032,49411000
2019-07-05,23.766637802124023,24.000385846878167,23.708620970334227,23.849878227743698,24565000
2019-07-08,23.119211196899414,23.6430419259847,23.071283470080115,23.542984677322966,34291000
2019-07-09,23.167137145996094,23.204974149521465,22.90480080205199,22.992246250033357,26131000
2019-07-10,23.080528259277344,23.44207980378195,23.03848626312227,23.36304277549622,30134000
2019-07-11,23.21170425415039,23.328578316650532,22.950208241925548,23.142756319370683,20712000
2019-07-12,23.99618148803711,24.04158652412792,23.2386028230299,23.2386028230299,21971000
2019-07-15,24.244226455688477,24.761331051324003,24.15425833568191,24.476293815845168,30334000
2019-07-16,23.890239715576172,24.19797945131996,23.7439370868014,24.130713856438014,14617000
2019-07-17,23.970117568969727,24.15593952013104,23.811203139268905,24.010477247422152,15453000
2019-07-18,24.365304946899414,24.409027665671356,23.86249287915289,24.062608954826214,19357000
2019-07-19,24.383804321289062,24.64950369347734,24.344284997737148,24.537675009471375,22047000
2019-07-22,24.90090560913086,25.2237814222542,24.572145680323338,24.63604663138256,33905000
2019-07-23,25.290203094482422,25.42305355435909,25.15819459712821,25.18257943551669,19692000
2019-07-24,25.54161262512207,25.6349437797735,25.26666291815071,25.32552171784248,19006000
2019-07-25,25.257415771484375,25.403718411832315,25.174175332962246,25.403718411832315,15741000
2019-07-26,25.301984786987305,25.478558031283487,25.26919313998933,25.35832092313172,14996000
2019-07-29,25.37092399597168,25.43902994764895,24.96901115659425,25.328041639273568,12068000
2019-07-30,25.18762969970703,25.302823032446767,24.980787519914923,25.148111978038045,11164000
2019-07-31,24.382957458496094,25.294406696574306,24.103804398684073,25.227141111572838,20819000
2019-08-01,23.991987228393555,25.041331177437883,23.738059242814934,24.310658150011644,21911000
2019-08-02,23.41937828063965,23.865854164639547,23.199082396238012,23.717028869972914,20080000
2019-08-05,22.505413055419922,22.890509185298036,22.20439933710158,22.86612433973992,27765000
2019-08-06,22.40283203125,22.885464346918962,22.244757927847264,22.71309612096252,22199000
2019-08-07,22.70636558532715,22.930864911519375,22.11358697015303,22.200192053647925,22244000
2019-08-08,22.784563064575195,22.9174135545074,22.071547342057762,22.734114262554414,29163000
2019-08-09,23.18395233154297,23.589228260125772,22.666847721918174,22.666847721918174,30735000
2019-08-12,23.176387786865234,23.39247874362008,22.915733743505267,22.98636239482025,20040000
2019-08-13,23.854080200195312,24.00542655517101,22.87284114836683,23.147790795356887,22340000
2019-08-14,22.833332061767578,23.555596573103177,22.734115171707142,23.441245202205117,27108000
2019-08-15,22.587814331054688,22.935913833224706,22.26914343391482,22.870330543082847,20010000
2019-08-16,23.01999282836914,23.185634954737367,22.868644822854087,22.88293894370726,17458000
2019-08-19,23.440404891967773,23.548870542558067,23.17386514565375,23.500944419182787,17489000
2019-08-20,23.574094772338867,23.960031235376583,23.29157859408188,23.388272799585074,17920000
2019-08-21,24.173603057861328,24.237505631650414,23.88352039851294,23.93312884892246,19381000
2019-08-22,24.183692932128906,24.33420060998622,23.925561551628512,24.248437470774135,12294000
2019-08-23,22.88125228881836,24.00374871465112,22.790443823454314,23.878466293978004,25742000
2019-08-26,23.309234619140625,23.370614499837995,23.122572296507737,23.2865320980121,14249000
2019-08-27,23.17049789428711,23.56147969080372,23.115003734853882,23.471513174724613,14298000
2019-08-28,23.21170425415039,23.241132859546923,22.74168532315317,23.066241945339705,17202000
2019-08-29,23.826339721679688,24.004593647469576,23.631268994426605,23.668265636897946,16429000
2019-08-30,23.76495933532715,24.039067099153566,23.534574292134014,23.993662056914285,16720000
2019-09-03,23.042692184448242,23.614448921337672,22.780355891425792,23.54297993062833,22210000
2019-09-04,23.796911239624023,23.90873992280871,23.391635303275926,23.44124374522275,19865000
2019-09-05,24.46957015991211,24.693229156488325,24.245912767074547,24.245912767074547,20938000
2019-09-06,24.54439353942871,24.661267548736134,24.32493963746347,24.539348179731675,13748000
2019-09-09,24.603254318237305,24.989190712952368,24.417433982117952,24.80421073565931,21686000
2019-09-10,24.757125854492188,24.757966213348112,24.284584371860557,24.49731223530421,20850000
2019-09-11,25.057302474975586,25.12204539771224,24.766377898405857,24.915203226298814,19260000
2019-09-12,25.273391723632812,25.42053472005622,24.927813366158098,25.3448607208275,33109000
2019-09-13,24.410709381103516,25.055619108411772,23.870061895990588,25.02703086732745,62557000
2019-09-16,24.271135330200195,24.40650850802227,24.02225274270532,24.114743554463914,22176000
2019-09-17,24.285423278808594,24.324942595010352,23.85828685974585,24.21731732956989,21912000
2019-09-18,24.193775177001953,24.44770306913849,23.86921865335821,24.25683737155523,16510000
2019-09-19,24.4376163482666,24.547764315187493,24.150896773675722,24.257681700984588,19421000
2019-09-20,24.121105194091797,24.472407757505206,23.914055906907503,24.41046307523794,35524000
2019-09-23,24.222930908203125,24.367185801032008,23.93611892441206,24.06679625779406,14850000
2019-09-24,23.955636978149414,24.514835308966767,23.738405732391342,24.380763986902203,20292000
2019-09-25,23.40067481994629,23.522867980240925,22.91105732420639,23.059554270576264,55588000
2019-09-26,23.49740982055664,23.645906761575826,23.138469650555667,23.357397031742604,27477000
2019-09-27,23.262361526489258,23.8682323489145,23.162231687197487,23.473652870035988,28660000
2019-09-30,23.426132202148438,23.48128890460385,23.12319681216392,23.40237269065909,19826000
2019-10-01,23.32261085510254,23.729918196765432,23.197871788077844,23.61281681002631,19429000
2019-10-02,22.9169979095459,23.233509247220614,22.768500958591684,23.20465956710335,19543000
2019-10-03,23.286975860595703,23.292915740187915,22.675165025606447,22.91106402569468,17096000
2019-10-04,23.880962371826172,23.903873795452935,23.352311537506207,23.631487460987703,25884000
2019-10-07,23.42698097229004,23.846168038704583,23.39473568883543,23.76046385285045,18658000
2019-10-08,22.93906021118164,23.326850067946623,22.818564854163053,23.255571534680918,22757000
2019-10-09,23.17835807800293,23.32770314576912,23.08247030311718,23.22333121667709,16329000
2019-10-10,23.28866958618164,23.656095608814226,23.220785023936177,23.298003450484853,17340000
2019-10-11,23.836837768554688,24.10583174124423,23.68240091612366,23.716342387852137,23697000
2019-10-14,23.900476455688477,23.984482839201934,23.749433612581463,23.79525483490825,13312000
2019-10-15,24.635330200195312,24.660787517370593,23.94630101954205,23.98363809436668,21230000
2019-10-16,24.47919464111328,24.616661559169156,24.314574223508064,24.523319684816787,20046000
2019-10-17,24.559810638427734,24.753280754433497,24.4656206648541,24.620057520967855,13125000
2019-10-18,24.33069610595703,24.603082412523634,24.099039236838426,24.565746959988346,16981000
2019-10-21,24.571685791015625,24.76939956559008,24.35869665724182,24.4757980334647,13031000
2019-10-22,24.39263916015625,24.68114889900098,24.373971435129405,24.573381388084353,13046000
2019-10-23,23.78676986694336,24.06000588247263,23.654394744925813,24.01078905520452,20957000
2019-10-24,23.955636978149414,24.05661492017542,23.64930754825075,24.004852193105766,16896000
2019-10-25,24.59290313720703,24.724428564005535,24.032855103205673,24.036249088488166,20869000
2019-10-28,24.739700317382812,24.818614914554452,24.46561621922392,24.70660532409011,12999000
2019-10-29,24.452043533325195,24.92214531770594,24.444405852160088,24.801649932018048,13272000
2019-10-30,24.628541946411133,24.690486627512485,24.312878662148023,24.60902450828501,17281000
2019-10-31,24.85001564025879,24.954389184418616,24.4214946531065,24.591205246084527,27881000
2019-11-01,25.167373657226562,25.167373657226562,24.78552203729862,24.86189236128421,21234000
2019-11-04,25.881013870239258,25.920047129115655,25.380364619991045,25.416003893551533,34075000
2019-11-05,26.648109436035156,26.880614423118683,25.836040592387178,25.88101372994654,38711000
2019-11-06,26.573434829711914,26.66847288460615,26.19582688503779,26.480092958086225,18076000
2019-11-07,26.45293617248535,27.111417741852804,26.360444022481808,26.778782972558208,23981000
2019-11-08,26.594642639160156,26.610766087661336,25.89203771757343,26.294253179722105,17830000
2019-11-11,26.538644790649414,26.580223941451553,26.376570264289928,26.40711936788628,9154000
2019-11-12,26.774538040161133,26.84836246214441,26.581916069812856,26.644708828449325,16875000
2019-11-13,26.616710662841797,26.78981522170312,26.475001678085153,26.51573111526137,12625000
2019-11-14,26.2178897857666,26.461426430970985,25.9752028507305,26.368934265281283,17268000
2019-11-15,26.552221298217773,26.56494914675641,26.312078648284984,26.497912682028314,18120000
2019-11-18,26.396089553833008,26.59465145790815,26.13812724023526,26.459730422006583,15850000
2019-11-19,26.95867919921875,27.63498045420413,26.86958102690436,26.86958102690436,31743000
2019-11-20,26.44700050354004,26.88485695792806,26.220435405132424,26.805940733809354,19927000
2019-11-21,26.75078010559082,26.788965265312967,26.288316112731646,26.402023500358453,19317000
2019-11-22,26.722780227661133,27.10972201736657,26.620104497462982,26.86873128808262,13216000
2019-11-25,27.121604919433594,27.169125568624334,26.837338826954955,26.86618851095158,19636000
2019-11-26,26.837331771850586,27.169118426298574,26.818662430059938,27.068986985590985,30793000
2019-11-27,27.021474838256836,27.148758186308072,26.854308522075204,26.979047595071616,20182000
2019-11-29,26.832244873046875,26.96631618189654,26.7295691392309,26.88655186988575,9229000
2019-12-02,26.36638641357422,26.978195492753777,26.35280885534116,26.96037585797657,23158000
2019-12-03,26.009992599487305,26.220434235924404,25.72233092570258,25.950593815754875,18736000
2019-12-04,26.28152847290039,26.421539647973294,26.061751374234106,26.28407436604649,14439000
2019-12-05,26.406267166137695,26.51403468248382,26.22552492910351,26.355354156275112,15494000
2019-12-06,26.81867027282715,26.84327949908984,26.480095550622753,26.699024600861158,16937000
2019-12-09,26.676956176757812,26.912007017242125,26.639619107878996,26.814423078020205,24694000
2019-12-10,26.734661102294922,26.80678773468122,26.581072355617565,26.738055087307806,14563000
2019-12-11,27.130090713500977,27.26840411024443,26.744845061992013,26.744845061992013,20829000
2019-12-12,27.81572151184082,28.015981189052198,27.105480396920555,27.13093609312833,38935000
2019-12-13,26.765207290649414,27.13432944348874,26.357899975895993,26.989226475613332,70952000
2019-12-16,27.419445037841797,27.798749142828697,26.944253173634102,26.981590243723804,37921000
2019-12-17,27.476299285888672,27.573881608863974,27.302343403294206,27.47120749944801,20248000
2019-12-18,27.785171508789062,28.104228722018377,27.455082631672756,27.527209255713252,35155000
2019-12-19,27.501754760742188,27.939609547241734,27.468659767638442,27.93536908940078,31787000
2019-12-20,27.343185424804688,27.64061931027954,27.164040728605663,27.64061931027954,50540000
2019-12-23,27.388608932495117,27.628613994911685,27.224036041130976,27.47518287614171,20254000
2019-12-24,27.471757888793945,27.487187979611974,27.344041925177308,27.428900885116906,7024000
2019-12-26,27.255752563476562,27.57804163460194,27.15632184331087,27.537754683266435,15848000
2019-12-27,27.131465911865234,27.373182723504982,27.019178415453077,27.368897677523556,14487000
2019-12-30,26.868318557739258,27.20003602377601,26.807459792179948,27.130607166905435,13104000
2019-12-31,27.087751388549805,27.116894933723994,26.81174929630775,26.839177842105315,12487000
2020-01-02,27.633760452270508,27.643190497629938,27.199185444100166,27.370615101911174,20329000
2020-01-03,26.930896759033203,27.42890222888244,26.921468348553542,27.215470612565635,22870000
2020-01-06,26.89060401916504,26.907747471746063,26.54002809786429,26.64460054278515,20789000
2020-01-07,26.798036575317383,27.135755786520573,26.764607981080697,27.021753277364308,18565000
2020-01-08,26.463743209838867,26.870891227463318,26.43545634884657,26.8271759126978,31979000
2020-01-09,26.251171112060547,26.828035452413243,25.97602569161084,26.770606677016698,42397000
2020-01-10,25.647737503051758,26.190314954018124,25.611735592544367,26.181743226267784,40705000
2020-01-13,25.815738677978516,26.040312058465698,25.686307714863197,25.71630957930501,22054000
2020-01-14,26.415748596191406,26.49889256310808,25.85088428453668,25.886027880431772,28911000
2020-01-15,25.983734130859375,26.390025431845736,25.774589253247417,26.341168393225317,22733000
2020-01-16,26.318885803222656,26.38831466790237,26.07545398338419,26.14316948356478,21508000
2020-01-17,26.46803092956543,26.480887703193684,26.063454552512766,26.4568875204797,26896000
2020-01-21,26.40631866455078,26.52974959190203,26.25717418683554,26.383176796201194,21967000
2020-01-22,26.826318740844727,27.25060856886715,26.61460053302842,26.640315712107512,29264000
2020-01-23,27.398900985717773,27.41175775999783,26.642035239805487,27.01575309025099,30266000
2020-01-24,27.771759033203125,28.421480522485904,27.49489701331414,28.32890653187382,55782000
2020-01-27,26.48859977722168,27.41861165774362,26.455171188603828,27.121179453993978,38843000
2020-01-28,27.284038543701172,27.36289744928387,26.809176650448897,26.874320466181214,23166000
2020-01-29,27.215463638305664,27.894328637554494,27.183750050718295,27.499182371675705,23668000
2020-01-30,27.017467498779297,27.044896046258724,26.450888237187073,26.942036949598524,21128000
2020-01-31,26.15688705444336,26.964324865232797,26.024884405452514,26.928324588659823,22123000
2020-02-03,26.162885665893555,26.28031489948187,26.026597977832115,26.197170941034944,21288000
2020-02-04,26.708892822265625,26.963468074020724,26.541748214597497,26.72517959582474,22559000
2020-02-05,27.204326629638672,27.41261486519395,27.07403898840956,27.214611721629993,24825000
2020-02-06,27.402328491210938,27.418615264019245,26.934323284336934,27.329471259387066,22683000
2020-02-07,27.020038604736328,27.302040753743977,26.98918005895095,27.284898933740816,15883000
2020-02-10,26.931751251220703,26.966036526075854,26.59746205565624,26.774891745428064,19218000
2020-02-11,27.44261360168457,27.496614013422132,27.08689590306372,27.141754631972407,15527000
2020-02-12,27.831758499145508,27.865185451412422,27.568609942803036,27.603753529124546,15310000
2020-02-13,27.769184112548828,27.89690168334553,27.51032551226049,27.555752552994708,13857000
2020-02-14,27.237749099731445,27.917470747343096,27.180318702297104,27.843756850750076,19137000
2020-02-18,26.636030197143555,27.001176251274273,26.404598494177588,27.000319569120286,26693000
2020-02-19,27.059467315673828,27.15718304695829,26.71746307362313,26.828892260946912,20525000
2020-02-20,26.50660514831543,27.059469349988206,26.23917311676516,26.91118155990841,25521000
2020-02-21,26.100313186645508,26.524603065973583,25.910881771436063,26.443174108044413,24522000
2020-02-24,24.994586944580078,25.611736654177005,24.862585928511034,25.21744697065702,36849000
2020-02-25,24.23000144958496,25.348586410625284,24.092000413973217,25.209727057945702,31892000
2020-02-26,24.504291534423828,24.70315134855205,24.343146991822092,24.37314721864211,23074000
2020-02-27,23.481708526611328,24.455434130412865,23.446564937169384,24.026000917185428,34837000
2020-02-28,23.36770248413086,23.49713341391218,22.520836276786913,22.571408312848526,44586000
2020-03-02,24.426294326782227,24.46315292118583,23.241708639816494,23.722572287523512,31976000
2020-03-03,23.50742530822754,24.727154571143636,23.277708556800608,24.398865400200634,29930000
2020-03-04,24.467439651489258,24.49058315551597,23.551999297948885,23.789431115043502,23477000
2020-03-05,23.489423751831055,24.265147921482395,23.353137699267716,23.76542749074728,24374000
2020-03-06,23.095989227294922,23.222848496470835,22.500268104770036,22.884272641187426,30169000
2020-03-09,21.233394622802734,22.309122606846437,20.93596241237585,21.521398424422113,43934000
2020-03-10,22.534555435180664,22.601412617357646,20.863106262078865,21.99369139275677,55071000
2020-03-11,21.083398818969727,21.985124086791156,20.785109851014713,21.761407360824894,36030000
2020-03-12,18.752798080444336,20.808250450149664,18.541938143071306,19.456520130786245,64281000
2020-03-13,20.07624053955078,20.097669039937013,17.242490983286462,19.32965994567917,84714000
2020-03-16,16.07847785949707,18.754509699685592,15.448471422867854,17.84421447826385,76935000
2020-03-17,17.101064682006836,17.143921690571226,15.555617803131366,16.44191296922077,70662000
2020-03-18,14.38902759552002,16.069903328781955,13.343300734098163,15.913902166992903,98993000
2020-03-19,16.667343139648438,17.783356606934266,14.14302731397833,14.369315698685506,74438000
2020-03-20,16.756258010864258,18.191113851913475,16.380545646597486,17.60880358203913,74044000
2020-03-23,16.86522102355957,17.08315172233907,15.494872350686732,16.813789365346175,46921000
2020-03-24,18.546772003173828,19.065448091948387,17.54690658992663,17.92610551215303,62970000
2020-03-25,18.964326858520508,21.270033829653258,18.238183342848686,18.497084096987518,64442000
2020-03-26,21.19768524169922,21.33977616733869,19.703553243706345,19.703553243706345,60213000
2020-03-27,20.10978126525879,21.103545109627444,20.049632155967856,20.31114843206068,39448000
2020-03-30,20.930938720703125,21.039904085536083,19.913638234239862,20.2414055728057,52343000
2020-03-31,20.668548583984375,22.02930871117847,20.577890987785803,20.747003775808782,50191000
2020-04-01,19.49433708190918,20.43405345736418,19.150006188394386,19.87440726558255,41858000
2020-04-02,20.66506004333496,20.74264398399507,19.304301704055405,19.387114771057636,45049000
2020-04-03,20.420982360839844,21.143639436599205,20.097572893418914,20.62845151859845,28960000
2020-04-06,22.005769729614258,22.090326946928947,21.231681126626473,21.320596226326362,38868000
2020-04-07,22.078125,23.14424170549594,22.0136180258964,22.825191811077143,45892000
2020-04-08,22.760684967041016,22.856573353379858,22.11037944474278,22.383228467214675,27565000
2020-04-09,22.167911529541016,23.31858538336432,21.907266593158262,23.169521193818873,34828000
2020-04-13,22.65782356262207,22.797299102474234,22.037156911476078,22.09817725232645,25729000
2020-04-14,23.32991600036621,23.395294207933915,22.867031108012856,23.198285015988397,23094000
2020-04-15,22.441635131835938,22.86703668884603,22.330054368313952,22.75196928625767,25926000
2020-04-16,22.515729904174805,22.81821783952527,22.15134872867757,22.81821783952527,26896000
2020-04-17,23.1773681640625,23.312485813705944,22.57239225157047,22.945490880862174,34089000
2020-04-20,22.514862060546875,23.123324706749003,22.482609398562882,22.6647991959419,23801000
2020-04-21,21.58822250366211,22.210633422312235,21.514126836655137,22.190583165413457,29138000
2020-04-22,22.662181854248047,22.858319855287405,21.857581259266787,22.208885510219222,35438000
2020-04-23,22.571523666381836,23.11809470042926,22.53578270361955,22.68659107747817,21659000
2020-04-24,23.084091186523438,23.106755166890267,22.567159230835085,22.64822980663335,23373000
2020-04-27,23.401403427124023,23.642871071500043,23.043997128753322,23.043997128753322,16588000
2020-04-28,23.077117919921875,24.095291201355888,23.02394377212285,23.90612651078202,18988000
2020-04-29,24.061298370361328,24.14585561040685,23.469399352722373,23.630667647195704,28871000
2020-04-30,23.677738189697266,23.889566882860393,23.43191102619772,23.844237251758006,23379000
2020-05-01,22.638643264770508,23.349097898538638,22.507885161438086,23.187829626517967,26836000
2020-05-04,22.86180305480957,22.87662251600776,22.25682719104552,22.595927322589183,17046000
2020-05-05,23.089324951171875,23.44411582653926,22.988205769096197,23.23577542844645,26462000
2020-05-06,23.0291748046875,23.578361159710653,22.980358535384013,23.390940604246502,22727000
2020-05-07,23.340381622314453,23.57749136841471,23.18783077134151,23.536519618336506,18238000
2020-05-08,23.97499656677246,24.020326200165254,23.53913509092168,23.728298146751847,16757000
2020-05-11,24.007247924804688,24.124057801608892,23.689067623547626,23.830287296254735,20851000
2020-05-12,23.401403427124023,24.20949069115996,23.381354835558444,24.110115652124332,18764000
2020-05-13,22.93938636779785,23.565283708802966,22.609003673272518,23.542618064295933,21927000
2020-05-14,23.24013328552246,23.2706434551956,22.20714207436733,22.748482269064286,19912000
2020-05-15,22.700536727905273,23.01871539206657,22.383229307806474,22.614235348011917,21650000
2020-05-18,23.844234466552734,24.123185498389933,23.362170531196284,23.416217584583617,26531000
2020-05-19,23.706510543823242,24.062174409895825,23.67687161120387,23.84424362473447,18702000
2020-05-20,24.293174743652344,24.522438300867993,24.06652658136229,24.14411053432989,18605000
2020-05-21,23.954944610595703,24.364655432881236,23.94186929930726,24.314095013124074,14847000
2020-05-22,24.116212844848633,24.168515749000413,23.580974748901397,23.86254118255951,17452000
2020-05-26,24.584331512451172,25.026295042517223,24.529413203415224,24.844105256537112,23573000
2020-05-27,25.069881439208984,25.088187541672955,24.40824303012621,24.67150340556974,22812000
2020-05-28,24.681961059570312,25.218943341296704,24.620069479585723,24.84410223453639,18543000
2020-05-29,25.39067268371582,25.454308413181792,24.574739360909852,24.661040736237922,27300000
2020-06-01,25.279090881347656,25.375852168895168,25.050698594890232,25.316574324650823,18444000
2020-06-02,25.982568740844727,26.005234384218472,25.28780658245101,25.36974840334217,31847000
2020-06-03,26.982437133789062,27.097504525643078,26.19614439790625,26.24321651493048,31926000
2020-06-04,26.926647186279297,27.284924667437604,26.33474662348283,26.652926928377624,34997000
2020-06-05,27.640588760375977,28.602099639038688,27.467116429013657,27.868979392802174,50958000
2020-06-08,27.678951263427734,27.794018680567476,27.316314151792238,27.67720711233419,23916000
2020-06-09,27.487165451049805,27.797499580640636,27.160269371548956,27.197754479542255,22335000
2020-06-10,27.46276092529297,27.826269253843396,27.43312199768653,27.603109378012977,25914000
2020-06-11,25.60686492919922,26.897014661057,25.576354755063917,26.81594405720615,45115000
2020-06-12,26.173477172851562,26.496015345795772,25.517942574050227,26.397509909575408,39439000
2020-06-15,26.508224487304688,26.740101789448524,25.49005102081596,25.71582795137249,29824000
2020-06-16,27.0861759185791,27.42004530269386,26.500377325188193,27.02341142728445,30387000
2020-06-17,27.323284149169922,27.608337262482824,27.179450726360113,27.32153999828586,20279000
2020-06-18,27.782678604125977,27.818419559437327,27.155910008246167,27.208212912564605,33625000
2020-06-19,26.665075302124023,28.015193683340375,26.665075302124023,27.978204276716056,58465000
2020-06-22,27.613588333129883,27.669952653320745,26.732004271378447,26.905501691852702,27195000
2020-06-23,27.416305541992188,27.957057897974607,27.415425322073965,27.747451330425342,22419000
2020-06-24,27.034961700439453,27.387242841585778,26.818308336686997,27.231358247650018,19096000
2020-06-25,27.200531005859375,27.256015091008184,26.68531852411838,26.954815291683573,15029000
2020-06-26,27.073711395263672,27.810860288263225,26.69853277977591,27.61622586167524,31425000
2020-06-29,27.282440185546875,27.337924277573006,26.81302427333575,27.1318385874085,14516000
2020-06-30,27.79589080810547,27.924473470481335,27.015585915271906,27.29741251646317,25125000
2020-07-01,27.542247772216797,27.9050965990163,27.47267176248925,27.75185434151599,15661000
2020-07-02,27.7835636138916,28.127917779059953,27.712225477116398,27.984362965302015,16638000
2020-07-06,28.07595443725586,28.269708656464147,27.948251991050608,28.182519845753596,17561000
2020-07-07,27.576595306396484,28.020469728905,27.526394213013297,27.94825137833682,16150000
2020-07-08,28.144655227661133,28.16843292947156,27.66467153411069,27.842573426582273,18023000
2020-07-09,28.31462860107422,28.563865250809005,27.764187044569326,28.183401906837563,25225000
2020-07-10,28.13319969177246,28.445849107496603,27.7809185416742,28.35073496076955,13280000
2020-07-13,27.41718864440918,28.493408724456433,27.35289731156962,28.330477322751833,21549000
2020-07-14,27.749208450317383,27.84960894267988,26.87819230983832,27.212860617713304,18363000
2020-07-15,27.634721755981445,27.986122690645214,27.316787656990847,27.825833631428747,15253000
2020-07-16,27.419824600219727,27.64352304323704,27.240160662119145,27.35553328234844,12929000
2020-07-17,27.54048728942871,27.760663230157018,27.301816650310062,27.66730951822743,13354000
2020-07-20,27.929758071899414,27.975554708241294,27.324714340195754,27.464746588984656,14323000
2020-07-21,27.684040069580078,28.114704460315483,27.536962713205565,28.114704460315483,14312000
2020-07-22,27.636484146118164,27.802057896285415,27.33440406361005,27.74304955986577,14404000
2020-07-23,27.272750854492188,27.83816280894138,27.159140331649283,27.598611965114618,19417000
2020-07-24,26.931039810180664,27.38195935451564,26.789245447832762,27.00149604147704,15631000
2020-07-27,27.537845611572266,27.56250521001876,27.08076114050394,27.15209759603713,20646000
2020-07-28,27.06842803955078,27.487642841815692,26.96362307912784,27.40573703704798,13974000
2020-07-29,27.200531005859375,27.410137549754864,27.076351139234323,27.172348853375528,16562000
2020-07-30,27.486764907836914,27.559863484807472,26.949536729837103,26.949536729837103,21259000
2020-07-31,27.896291732788086,28.04160866369877,27.425115341947222,27.71574752395943,24719000
2020-08-03,28.290849685668945,28.48988692071093,27.942971274743073,28.006380713237814,20796000
2020-08-04,28.921432495117188,28.93904697414273,28.21687013218724,28.22655591189936,25258000
2020-08-05,29.0227108001709,29.202376465818645,28.693330465719892,28.90910194887608,22299000
2020-08-06,28.98925018310547,29.1407320348429,28.65898621732232,28.866832393542417,14193000
2020-08-07,28.704774856567383,29.039443208850173,28.31286197229095,28.921429905526,14192000
2020-08-10,28.830711364746094,28.998924048954915,28.540077581656025,28.554171176699985,11989000
2020-08-11,28.537439346313477,29.355613763423587,28.42559095392796,28.849208509024745,19316000
2020-08-12,29.383800506591797,29.581080659502987,28.65457853165713,28.697732830189924,18471000
2020-08-13,29.012144088745117,29.363543352690183,28.873872283150327,29.257859843479228,15095000
2020-08-14,28.871232986450195,29.050015076547883,28.710942235709787,28.888844105801734,10140000
2020-08-17,29.091413497924805,29.22087641106394,28.975160606180843,29.020075350848213,10594000
2020-08-18,28.943445205688477,29.343286784742673,28.899410692297923,29.22703392239024,8857000
2020-08-19,28.993648529052734,29.335358644001,28.908220160411148,29.016544326295634,11273000
2020-08-20,28.960176467895508,29.06233908170531,28.71622119020847,28.85977765336388,8910000
2020-08-21,29.064987182617188,29.1037403823939,28.62287482216496,28.913508702206915,11508000
2020-08-24,29.41550636291504,29.60837868189551,29.163622350944063,29.240245162332304,11996000
2020-08-25,29.603973388671875,29.68764131698628,29.327433146809373,29.50357456238904,11140000
2020-08-26,29.91486358642578,30.076914770449946,29.37235243899711,29.48067660871808,14844000
2020-08-27,29.868181228637695,30.05841284440602,29.603967478209707,29.987074728636376,12552000
2020-08-28,30.36842155456543,30.36842155456543,29.741362336540412,29.85585475047414,14589000
2020-08-31,30.573623657226562,30.87570365577821,30.253929184644925,30.253929184644925,22229000
2020-09-01,31.66481590270996,31.887635821290928,30.597404915696295,30.82462593334306,29205000
2020-09-02,33.02726745605469,33.37514580476326,32.019741582497176,32.221422801183614,37053000
2020-09-03,31.008705139160156,32.48916826820686,30.838728577537267,32.234646895475144,41795000
2020-09-04,31.96514320373535,32.80885761583229,31.132878371211184,31.790765569303222,58514000
2020-09-08,30.8721923828125,31.947532335677348,30.82463362409508,31.058899818314192,26685000
2020-09-09,31.70797348022461,31.868264212523503,30.92150707443187,31.367143598205985,26273000
2020-09-10,31.448169708251953,32.39492691268972,31.211259512246425,31.892926043288895,22851000
2020-09-11,31.678922653198242,32.08140165008567,31.236806871318645,31.749377223300883,17362000
2020-09-14,31.89909553527832,32.224074809342405,31.648095064440618,32.09373168360335,16447000
2020-09-15,32.31390380859375,32.684678000706185,32.17651221922026,32.26018015275143,16618000
2020-09-16,32.325355529785156,32.762186610776986,32.26458674407652,32.42575773903453,18498000
2020-09-17,32.226707458496094,32.5966047422952,31.264979896006963,31.264979896006963,22862000
2020-09-18,31.681547164916992,32.39579844117139,31.26937923691772,32.332389024438356,35295000
2020-09-21,31.26474380493164,31.279850749438776,30.5262054285127,31.106548058838325,24198000
2020-09-22,32.135704040527344,32.15436735630862,31.36783657799347,31.671785881000677,19500000
2020-09-23,31.24696159362793,32.10192088648319,31.11009731841175,32.010384214924194,15542000
2020-09-24,31.32961082458496,31.778421882769706,31.02477677265472,31.12342617757121,13611000
2020-09-25,31.709993362426758,31.79175595674607,30.952791796998397,31.287846548169085,18183000
2020-09-28,32.64316177368164,32.74358767773634,31.908179901501132,32.143693597499784,22192000
2020-09-29,32.37298583984375,32.954219992930376,32.348989670064014,32.66004824218333,13722000
2020-09-30,32.37832260131836,32.97199564298895,32.146365249234776,32.256565248204026,22403000
2020-10-01,32.758697509765625,32.94621886282404,32.422754524592214,32.79246776211258,16016000
2020-10-02,31.712657928466797,32.43164462242631,31.6522267705282,31.994387478239453,17100000
2020-10-05,32.5365104675293,32.60316610991577,31.98549704494493,32.06903611640849,18923000
2020-10-06,32.34810256958008,33.06086816903649,32.17391166156985,32.53740380995702,16672000
2020-10-07,32.59339904785156,32.870684032151296,32.53296448904626,32.73648445985526,12747000
2020-10-08,33.1790657043457,33.26438465990724,32.732922762436935,32.87334001195802,17045000
2020-10-09,33.47856521606445,33.77184868724585,33.23861032723016,33.41013308417149,17253000
2020-10-12,33.987815856933594,34.22510604708378,33.75319040117388,33.93093767771097,18839000
2020-10-13,33.90428161621094,34.465072731700936,33.64832805242727,34.163794940541024,16731000
2020-10-14,33.798519134521484,34.104244897853455,33.58078047154387,34.08646982879948,17298000
2020-10-15,33.7656364440918,33.815405280345495,33.329267491726526,33.33193561666737,14361000
2020-10-16,33.651878356933594,34.063359479944324,33.607438992332,34.063359479944324,10295000
2020-10-19,33.39592361450195,34.09269072195558,33.34082191785079,33.882061409856675,14803000
2020-10-20,33.50434112548828,33.873162684370776,33.37725094378031,33.50611761481031,13297000
2020-10-21,33.065311431884766,33.49279109097848,32.91066869632156,33.395918167621986,11896000
2020-10-22,33.18263244628906,33.26617154829903,32.62628257180581,32.979112466062595,13547000
2020-10-23,33.12485122680664,33.233278102403084,32.95066034230457,33.17284356158693,8868000
2020-10-26,32.264556884765625,32.87955779604861,31.781975617004534,32.84756403850448,15509000
2020-10-27,31.958839416503906,32.45475465143855,31.925069161062627,32.45475465143855,9620000
2020-10-28,30.857698440551758,31.53757862881002,30.708391950620104,31.4611488942728,22331000
2020-10-29,31.550905227661133,31.94461459546521,30.694166114514967,30.862139285420163,15697000
2020-10-30,31.072772979736328,31.37138596577309,30.609743168270125,31.051441543449506,18530000
2020-11-02,31.216747283935547,31.584684055557084,30.959013894835845,31.55357853551039,11757000
2020-11-03,31.439821243286133,31.92684727401294,30.808821564256974,31.634455362697402,15457000
2020-11-04,32.40587615966797,32.79247288867626,31.740214579112852,32.03705110925395,21277000
2020-11-05,33.84917449951172,34.00736682680162,33.06175567144646,33.092861190035535,21783000
2020-11-06,33.82695388793945,34.0980177097181,33.52033993439541,33.7762968148097,13545000
2020-11-09,33.3754768371582,35.006300931701986,33.3283727447872,34.58059778165526,24088000
2020-11-10,32.27256774902344,33.16752203493186,32.026388278243736,32.91156847906859,26784000
2020-11-11,33.40924835205078,33.51767523698033,32.75425259917764,32.95954901644075,15133000
2020-11-12,32.90089797973633,33.64743387875092,32.73026004044812,33.525676528524485,12160000
2020-11-13,33.19417953491211,33.53456718310205,33.023544978617934,33.3274908544289,10997000
2020-11-16,33.843849182128906,33.893618022961604,33.23862210682551,33.31060724288823,12100000
2020-11-17,33.825172424316406,33.98869758199484,33.50789279985038,33.652758039880226,11950000
2020-11-18,33.82695388793945,34.21088581831372,33.738081948773115,33.76207472795524,13517000
2020-11-19,34.156681060791016,34.20200867690368,33.26972776237821,33.56922905352443,14555000
2020-11-20,34.06780242919922,34.55838139331406,34.01181249400536,34.15489788394522,16140000
2020-11-23,34.39396667480469,34.585044399285444,34.03847213010884,34.24910141040089,12212000
2020-11-24,34.85877990722656,34.910325236477206,34.32109675916262,34.53794718634355,13455000
2020-11-25,34.73435592651367,35.14939344362917,34.571718962503695,34.91299146955231,11787000
2020-11-27,35.10050964355469,35.47555576418936,34.92720697603285,34.94053742888108,6846000
2020-11-30,35.68973922729492,35.74128454586619,34.90409689998421,35.017856645094646,15454000
2020-12-01,35.955474853515625,36.14299623146244,35.55998890430012,35.85682542743274,18181000
2020-12-02,35.88081359863281,36.03012007178677,35.64796466154926,35.970573775363604,10031000
2020-12-03,35.531551361083984,36.139446551741266,35.380468351070704,35.9492570315291,16120000
2020-12-04,36.58736038208008,36.651351302271266,35.76172664560325,35.76261828067664,20083000
2020-12-07,37.405887603759766,37.57919028488121,36.734893172348634,37.00773352547848,19707000
2020-12-08,37.629844665527344,37.922236556070494,37.163261861469124,37.262799526334874,18121000
2020-12-09,36.9908447265625,37.868911968915576,36.76421687248804,37.279680226371426,20908000
2020-12-10,36.44160842895508,36.90463822863896,36.2611930309014,36.56603050330433,26244000
2020-12-11,36.066566467285156,36.17143699774187,35.39646028817278,35.904817752059024,26664000
2020-12-14,36.598026275634766,36.82020953209673,36.08255949332423,36.129663591305224,26116000
2020-12-15,37.15437698364258,37.27257797451259,36.7037893142446,36.90730928220438,21207000
2020-12-16,37.76226806640625,37.96223164274564,37.0566117870327,37.149040103836825,23160000
2020-12-17,37.8689079284668,38.216401448123634,37.73115541924031,37.9044580567339,17152000
2020-12-18,38.94986343383789,39.04755837989921,37.82410295802066,38.07506747140394,45243000
2020-12-21,38.44076156616211,38.720409207231086,37.97647379117528,38.375329577665646,19096000
2020-12-22,38.81900405883789,38.8593361772295,38.36188620225533,38.440762231347904,17929000
2020-12-23,38.13422393798828,39.07892750096725,38.10016251578119,38.989298297821634,10533000
2020-12-24,38.6720085144043,38.72040979167538,38.32334562598655,38.40580490854848,4123000
2020-12-28,38.70965576171875,39.19276591481345,38.644227187027184,38.93014554517064,10625000
2020-12-29,38.455108642578125,39.063701128978025,38.253441177956226,39.063701128978025,9593000
2020-12-30,38.974063873291016,39.25819057617141,38.55010822372058,38.69082956465667,10553000
2020-12-31,39.24474334716797,39.303001984418216,38.81451703890098,39.10671287673001,10211000
2021-01-04,38.112709045410156,39.63822099166758,37.755980456268205,39.37739571400754,24171000
2021-01-05,38.370849609375,38.486471079355816,37.85995561577809,38.09747608764428,15069000
2021-01-06,38.13422393798828,38.95165362220428,37.69324100994579,37.940622260651196,17226000
2021-01-07,39.741294860839844,39.848850576113634,38.59492059347721,38.72578112978626,21267000
2021-01-08,39.942970275878906,40.33286452335653,39.31645477493354,40.06486928503478,15271000
2021-01-11,39.9537239074707,40.22440656597501,39.47509629810411,39.49212700941072,11660000
2021-01-12,40.279083251953125,40.76040173606222,39.939385343042204,40.13388284232151,13846000
2021-01-13,40.44220733642578,40.64656560688529,40.16435476250584,40.36064387473475,13118000
2021-01-14,40.51929473876953,41.09561731248959,40.45296693701823,40.648363669555124,19692000
2021-01-15,39.961788177490234,40.33375585765879,39.49660804308182,40.17062893403675,18165000
2021-01-19,41.16463088989258,41.18435246033598,40.1795917847501,40.1795917847501,18819000
2021-01-20,41.398563385009766,41.74901784008914,40.781905369772,41.18703520574831,14710000
2021-01-21,41.841339111328125,42.07885955850343,41.26591242310024,41.419178553765875,15749000
2021-01-22,41.68000793457031,41.906775225582656,41.443383277335265,41.56349065183101,16248000
2021-01-25,41.659400939941406,42.126376219808115,40.87871997077292,42.08693991004891,14692000
2021-01-26,41.57693099975586,41.8601618611163,41.398564999724584,41.46758023369685,10742000
2021-01-27,39.85871887207031,40.95758789120993,39.572797111281076,40.830314003048414,21857000
2021-01-28,40.489715576171875,41.09382545747208,40.06755496806063,40.82941690360102,16946000
2021-01-29,40.37856674194336,41.05976091511786,40.121328155290826,40.32479059399532,22069000
2021-02-01,41.834171295166016,42.06541764188321,40.655530551830616,40.85809377636469,17027000
2021-02-02,42.74302673339844,42.751092472777536,41.94710682003486,42.10485886898483,16141000
2021-02-03,41.695247650146484,42.89002336649976,41.641468074821184,42.74751039815253,17857000
2021-02-04,42.18284225463867,42.230347723248414,41.00420128489057,41.23006937589095,15243000
2021-02-05,41.76873779296875,42.74660682282378,41.710475742161826,42.514461271087455,12488000
2021-02-08,42.36836242675781,42.432895166087505,41.73019128139016,42.01432133534255,17610000
2021-02-09,42.541358947753906,42.591551848586086,42.00267765802574,42.30563010885922,12758000
2021-02-10,42.13084411621094,42.797694992772044,41.72212762900423,42.77259854631906,14587000
2021-02-11,42.87837219238281,42.96441814773394,42.05376910925891,42.45710738800782,17123000
2021-02-12,43.58914566040039,43.65188679578021,42.56466668846637,42.87747997101481,13551000
2021-02-16,43.84099197387695,44.34740680042063,43.6518728148231,43.99784818122354,15163000
2021-02-17,43.244956970214844,43.57121081188071,42.57989764306887,43.40180977870805,14084000
2021-02-18,43.31486511230469,43.50757095527334,42.58616889735095,43.0432832541581,16715000
2021-02-19,43.91539001464844,44.379677734631706,43.62946829453532,43.672491266459446,17992000
2021-02-22,42.6964225769043,43.615133928803175,42.60320669586796,43.38120012237597,16967000
2021-02-23,42.296653747558594,42.540451679248584,40.87690621637906,42.22853434061004,21303000
2021-02-24,43.1015510559082,43.14905309869406,41.468479855326486,41.91842776610823,15125000
2021-02-25,40.97550964355469,42.967100951193,40.80073031148058,42.55211030461389,23148000
2021-02-26,42.114707946777344,42.6426325386628,41.29638260304639,41.90497141111781,22640000
2021-03-01,43.8813362121582,43.918980888801556,42.472344859028546,42.995787078527506,24677000
2021-03-02,43.068389892578125,43.996066281923866,42.98682641833621,43.952147488101296,18546000
2021-03-03,41.50432205200195,43.14725018922161,41.406623713584615,42.843401997154224,23991000
2021-03-04,39.75922393798828,41.8574751391411,39.56562227040168,41.37974337289413,34575000
2021-03-05,40.34629821777344,40.87153196031243,38.810029866632235,40.714679171937675,42414000
2021-03-08,37.75688171386719,40.150915784215506,37.57851568400965,40.04963073998314,45243000
2021-03-09,39.7601203918457,40.05589948740278,38.59492369518981,39.05114227286881,37884000
2021-03-10,39.221439361572266,40.69496680674673,38.9982587541997,40.09623526711035,19914000
2021-03-11,40.664493560791016,41.00150401762331,39.624779067083615,40.245919639399595,26170000
2021-03-12,40.438621520996094,40.64656303159678,39.842577458037134,39.9178668025202,18906000
2021-03-15,42.19538116455078,42.23661251041713,40.619676337354534,40.79804233949481,31241000
2021-03-16,42.85954284667969,43.381193373973325,41.89422199486093,42.24019396739292,31190000
2021-03-17,43.34444808959961,43.67428861229931,42.127263425542644,42.15325568889733,23754000
2021-03-18,41.602027893066406,43.322933113438346,41.56617484619164,42.535082410303566,28728000
2021-03-19,42.85853576660156,43.05907111928242,41.019393366615404,41.28587216977832,108602000
2021-03-22,42.932613372802734,43.474599203889106,42.60651767999456,42.718528866147764,31805000
2021-03-23,41.919090270996094,42.94073649459661,41.79172434112874,42.797109544680445,24712000
2021-03-24,41.305747985839844,42.45476024553043,41.269614679631914,42.4059806267359,20882000
2021-03-25,41.70590591430664,41.915476300711966,40.58670398029197,41.097073928348124,17537000
2021-03-26,43.54323959350586,43.629958130550754,41.248830299273315,41.248830299273315,28925000
2021-03-29,42.69232177734375,43.463750111016004,42.29937991719372,43.39509822358194,28410000
2021-03-30,41.20547103881836,41.91366783034235,40.79536534185097,41.902827151744376,27935000
2021-03-31,41.88296127319336,42.19099027785589,40.86583255305087,41.462018279149554,28684000
2021-04-01,42.993125915527344,43.050034310417466,42.38338769820873,42.64264049856919,23528000
2021-04-05,44.12498092651367,44.229766130738696,43.07171888161178,43.38607104842529,22966000
2021-04-06,43.708553314208984,44.10149178060768,43.15482061761559,43.640804233355674,18063000
2021-04-07,43.581180572509766,43.712161199810424,43.178304272978494,43.35987014162438,12074000
2021-04-08,43.85398864746094,44.0798166339085,43.3698140785559,44.0798166339085,18121000
2021-04-09,43.818756103515625,43.83862838648636,43.046424839586265,43.358971364644695,16614000
2021-04-12,43.69048309326172,43.848561971762926,43.23250403048329,43.53330703037179,23247000
2021-04-13,43.8070068359375,44.10148667062496,43.385161087189296,43.810621544120224,15281000
2021-04-14,43.115081787109375,44.189119021779305,42.92448427637251,43.58209599799773,18220000
2021-04-15,43.358970642089844,43.567634778597494,43.06810548210948,43.50711511499442,18370000
2021-04-16,43.249671936035156,43.519762001259906,43.06810605110441,43.40233048937827,16263000
2021-04-19,41.733009338378906,43.069910500651,41.55686379832064,43.04552069407538,26319000
2021-04-20,41.304832458496094,41.73570976961392,41.0591288085869,41.55324110903889,19128000
2021-04-21,41.533382415771484,41.58306485130295,40.88389949068882,41.120568171308335,25947000
2021-04-22,41.11062240600586,41.65531652321685,40.55869887271923,41.10971614460076,27057000
2021-04-23,42.106075286865234,42.261445728047754,41.32651807981428,41.41594507286288,22890000
2021-04-26,42.622772216796875,42.801626204413814,41.87482733516575,42.186471035845386,18271000
2021-04-27,42.125946044921875,42.840466039514205,42.00942080264707,42.78988079712616,13267000
2021-04-28,41.48008728027344,42.091631296482305,41.1955452277894,42.03743133349688,15940000
2021-04-29,42.12053680419922,42.427663022727515,41.464730719404706,42.427663022727515,14650000
2021-04-30,41.209083557128906,41.61828645099546,40.99590191612961,41.526147571826286,19367000
2021-05-03,40.661678314208984,41.53789188452267,40.49366157095381,41.52975965223566,15098000
2021-05-04,40.15582275390625,40.44127100104002,39.50272868742391,40.3979117300088,23497000
2021-05-05,40.09169006347656,40.77911182764219,39.95980661361436,40.68607012644998,16388000
2021-05-06,40.520774841308594,40.566842572026715,39.73127958693267,40.088991088026056,13495000
2021-05-07,40.8820915222168,41.40601410483245,40.5767709542716,41.063657416304046,11712000
2021-05-10,39.393436431884766,40.516253262926085,39.36362628164358,40.502704134415126,25239000
2021-05-11,39.75204849243164,39.904707052391586,38.214611874699486,38.39075742722607,17887000
2021-05-12,38.15409469604492,38.92010295391382,37.86142384262367,38.77828505244439,29940000
2021-05-13,38.896610260009766,39.277805221721785,38.44856558885664,38.83247244342073,21841000
2021-05-14,39.89206314086914,40.20822440622348,39.027596347039015,39.41963204320977,16964000
2021-05-17,39.74030685424805,39.93903659289768,39.098956174248265,39.93903659289768,15725000
2021-05-18,39.18025207519531,40.146795562829766,39.13869843084861,40.09982157827597,17824000
2021-05-19,39.901092529296875,39.971550055378394,38.4539858454036,38.48108409869773,21369000
2021-05-20,41.10068893432617,41.48911330322057,40.22718723506473,40.26512616714124,21886000
2021-05-21,40.76104736328125,41.370782216952605,40.589415894018344,41.370782216952605,13216000
2021-05-24,41.47917938232422,41.77275644893383,41.22354469725901,41.27412994483614,14420000
2021-05-25,41.51079559326172,41.81973086801583,41.236191437502576,41.72397726622598,9600000
2021-05-26,41.596614837646484,41.74204743820429,41.14857353869312,41.62190746383045,9873000
2021-05-27,42.2460823059082,42.31473418696226,41.52072175450321,41.552337525655695,19098000
2021-05-28,42.666133880615234,42.87299239502982,42.24609369585078,42.45566065743983,19946000
2021-06-01,42.30300521850586,43.17831269515176,42.202737531872906,42.94706435566964,16277000
2021-06-02,42.792598724365234,43.1512129956829,42.40778556666397,42.62096724560756,13286000
2021-06-03,41.985939025878906,42.4339837379313,41.84682959203935,42.34726518425266,20389000
2021-06-04,42.90731430053711,43.21444047757541,42.41229908705511,42.50082326535975,23865000
2021-06-07,41.89379119873047,42.86033794940151,41.77546033572741,42.72664543854558,24142000
2021-06-08,41.87120819091797,42.67154035203528,41.86940255990937,42.27950477980636,16615000
2021-06-09,41.9073600769043,42.20184001739362,41.707727494352326,42.20184001739362,12126000
2021-06-10,42.335514068603516,42.41410037470153,41.57131168990571,42.049163019022465,15413000
2021-06-11,42.518898010253906,42.64807303959639,42.198222645310295,42.31475136105909,14508000
2021-06-14,42.9822883605957,42.98861151604304,42.09975159907157,42.49991946942589,14675000
2021-06-15,42.522499084472656,43.04913000730214,42.324672209646764,43.048223745882886,11131000
2021-06-16,42.07175827026367,42.5568356976387,41.686042271154115,42.480055002490055,20437000
2021-06-17,42.561344146728516,42.928989967567915,41.90825007759783,41.99315954289329,20881000
2021-06-18,41.86851119995117,42.433987480224154,41.59842109602817,42.2090622886156,28537000
2021-06-21,42.29729461669922,42.367393787815836,41.73559136503986,41.984124789907874,18591000
2021-06-22,42.28273391723633,42.65872389219078,41.997784316854045,42.47664661588163,13722000
2021-06-23,42.48392105102539,42.594985772141385,42.15436294543071,42.2290149964957,17674000
2021-06-24,42.79345703125,43.120285532523496,42.660541217529456,42.77797860568231,12502000
2021-06-25,42.07789993286133,43.01104034790731,41.87761457792051,42.91089767043691,19100000
2021-06-28,43.04290771484375,43.36063396996013,42.379238415457955,42.42384698858664,13987000
2021-06-29,43.438926696777344,43.45349176960966,42.85537222650889,43.00376302218179,14184000
2021-06-30,43.41069793701172,43.57001772812322,43.01832311621343,43.528138807532635,15381000
2021-07-01,42.755226135253906,43.50173988746981,42.6905897227629,43.50173988746981,11153000
2021-07-02,42.62139892578125,43.569107890849544,41.48705979279755,43.4043253296769,37054000
2021-07-06,43.08659362792969,43.40249655068287,42.6332254948588,42.824405037288365,13870000
2021-07-07,42.74611282348633,43.275956281582026,42.45752372535111,43.24318313967777,12581000
2021-07-08,42.8335075378418,42.886311987547415,42.019624445460366,42.279996744850635,16011000
2021-07-09,43.71476364135742,43.77849016089227,42.60864837680998,42.74884671978664,16782000
2021-07-12,44.22183609008789,44.97472220490249,43.0847677071587,43.8185358704617,33142000
2021-07-13,44.06343460083008,44.38388692664049,43.88044748095583,44.18360509121759,11806000
2021-07-14,43.84313201904297,44.79084098541841,43.76666018608492,44.53593140272297,14020000
2021-07-15,43.45621871948242,44.10349963250774,43.07203632719861,43.996984304564364,12624000
2021-07-16,42.61228561401367,43.72386358794968,42.5385469155696,43.61279538969044,13980000
2021-07-19,42.393795013427734,42.42110538479572,41.65820349631585,42.19441957850451,14938000
2021-07-20,42.65963363647461,42.992831335104654,42.17530856926202,42.59590711089864,20727000
2021-07-21,43.60914611816406,43.632816953954126,42.651421879484296,42.75429763778963,13660000
2021-07-22,43.364261627197266,43.606422386441956,43.19857268666142,43.38884235075863,12583000
2021-07-23,43.985137939453125,44.02428720074813,43.4097761134042,43.70109829321371,13489000
2021-07-26,43.902305603027344,44.02793889210704,43.66924710023961,43.89502306744574,11160000
2021-07-27,43.27595520019531,43.86315251015918,42.5877053460648,43.76756273497921,14715000
2021-07-28,43.48443603515625,43.61462219890607,43.181278381079466,43.39794855357529,8359000
2021-07-29,44.07254409790039,44.22913075587853,43.46531889557882,43.559088913810925,9162000
2021-07-30,44.18997573852539,44.27554984826615,43.6592224739793,43.87680248791859,11548000
2021-08-02,44.12443542480469,45.027535756502196,44.017923574357795,44.522272987623225,15619000
2021-08-03,44.3165283203125,44.40483556946192,43.694734572319774,44.1981775753163,11135000
2021-08-04,44.408470153808594,44.60693570801028,44.06343708631635,44.47492979037956,12123000
2021-08-05,44.39664077758789,44.647907343915925,44.14355444565896,44.647907343915925,8372000
2021-08-06,44.19271469116211,44.43760859835554,44.06526164588226,44.15994154706658,9964000
2021-08-09,44.12443542480469,44.32016788007163,43.78941450205408,44.289214501426926,5952000
2021-08-10,43.90413284301758,44.28558215923881,43.50083244522473,44.23551081561203,9319000
2021-08-11,44.02156448364258,44.241877672166865,43.67926101511242,44.1362722283573,9816000
2021-08-12,44.08619689941406,44.1535664222186,43.40068014161828,43.9059428805653,8702000
2021-08-13,44.2591667175293,44.514982646836145,43.89045935961642,43.935981273240195,8582000
2021-08-16,44.43942642211914,44.50952559396006,44.09894274584331,44.13809201332722,9188000
2021-08-17,43.5791130065918,44.2646332153818,43.19948355243303,44.207275877210236,16499000
2021-08-18,42.6942253112793,43.43254657659632,42.63778132271304,43.39340077956692,15616000
2021-08-19,43.10934829711914,43.31873588059334,42.11976076127656,42.455691471923615,14044000
2021-08-20,43.25865173339844,43.35515485233264,42.82804111985561,43.0447147233328,10007000
2021-08-23,43.921417236328125,44.26190090379247,43.30690954057717,43.36426340696274,15707000
2021-08-24,43.82857131958008,43.97514234736952,43.712950202930536,43.91687858399496,9429000
2021-08-25,44.00881576538086,44.26918461423003,43.84130704817078,43.84130704817078,10017000
2021-08-26,44.22093963623047,44.436699936358075,43.75300288694201,43.9714928354713,10836000
2021-08-27,45.14952850341797,45.1950469511787,44.302872178295516,44.42759210004963,16459000
2021-08-30,45.41808319091797,46.2337860198121,45.35981944731863,45.51913572779903,19614000
2021-08-31,45.26514434814453,45.63658139622331,44.85456150598465,45.63658139622331,17378000
2021-09-01,44.89644241333008,45.44995326986741,44.8718616873896,45.179568757357124,12586000
2021-09-02,44.78171920776367,45.15315617284553,44.62331282855485,45.13585798647675,16991000
2021-09-03,45.30793380737305,46.065369510984496,45.06759279737257,45.14679426941359,25191000
2021-09-07,45.20869445800781,45.30064122066735,44.69978878292977,45.30064122066735,12398000
2021-09-08,45.007503509521484,45.50912322533038,44.43669450813536,45.48454597421207,13987000
2021-09-09,44.926483154296875,45.40079254401984,44.86821940101937,44.86821940101937,13174000
2021-09-10,45.35072326660156,46.064463826937086,45.20142260910484,45.25058406400292,16110000
2021-09-13,45.42445755004883,45.74400347848508,44.90553966106791,45.701214683594536,14927000
2021-09-14,45.689388275146484,46.01257379797051,45.36984228368275,45.70122369773795,14134000
2021-09-15,46.405853271484375,46.49325063397673,45.466340306778804,45.71214408647546,23346000
2021-09-16,46.18826675415039,46.352135917672015,45.5382528685592,45.992534335101475,17569000
2021-09-17,46.06536865234375,46.21285300084604,45.61017724877183,45.88056174819123,34470000
2021-09-20,45.04755401611328,45.79224776510318,44.46673289895223,45.42809677954196,30105000
2021-09-21,45.02647399902344,45.27958202652037,44.66057071872652,45.25573770548683,16935000
2021-09-22,45.90683364868164,46.12784483874186,45.13926080958082,45.32542207838203,20610000
2021-09-23,46.247066497802734,46.521265643543856,45.90683720603306,46.08291293106135,18370000
2021-09-24,46.30392074584961,46.35710868050746,45.92884505588572,46.060901839981966,10605000
2021-09-27,46.297508239746094,46.386462659801815,45.61246685056283,45.83256152327818,9831000
2021-09-28,45.029212951660156,45.985700161749435,44.985194026050266,45.57761117278846,20124000
2021-09-29,44.88799285888672,45.32725862331421,44.720169590510885,45.2685678811563,15783000
2021-09-30,44.470733642578125,45.350188764981866,44.42946786021136,45.350188764981866,15735000
2021-10-01,44.69266128540039,44.81279592665541,43.789361847767786,44.73851332066231,16052000
2021-10-04,43.64720916748047,44.62020122971946,43.35650166544166,44.47072300042203,20093000
2021-10-05,44.51567077636719,44.91642394742002,43.59036358428824,43.64630467875043,16557000
2021-10-06,44.823795318603516,44.87607020388443,43.99111233366907,44.305660704815,12042000
2021-10-07,45.295166015625,45.84356785498598,45.176867969531024,45.176867969531024,13261000
2021-10-08,45.19704055786133,45.66932316663233,45.0530615992439,45.56111068450504,10279000
2021-10-11,45.15027618408203,45.8151395014762,45.01363311854583,45.049399598372815,11186000
2021-10-12,44.502830505371094,45.55010540873272,44.20387047635536,45.471240047634055,20991000
2021-10-13,44.478065490722656,44.51199536412565,43.97735585259806,44.125917553165635,16424000
2021-10-14,45.63264465332031,45.77479052411341,45.01088371876786,45.10625750055686,19233000
2021-10-15,46.150779724121094,46.3901289642891,45.95177971641918,46.256239058430346,25103000
2021-10-18,46.160865783691406,46.21772342912086,45.729852437206056,45.88850321416237,16042000
2021-10-19,46.805564880371094,46.84958382200581,46.01506053146741,46.24891050297308,16383000
2021-10-20,46.71384811401367,47.08433759320011,46.62673029726882,46.86149327546877,13458000
2021-10-21,47.150367736816406,47.20905848136017,46.6414021038861,46.71660126015437,11787000
2021-10-22,47.26592254638672,47.81340438277843,47.04674440264583,47.20447864239705,15367000
2021-10-25,47.87667465209961,48.09951896873003,47.24482472922812,47.45666343809541,12416000
2021-10-26,48.95880126953125,49.06151095035152,48.053668709016534,48.16646394875386,24043000
2021-10-27,47.9720573425293,49.16055825333821,47.85742548549421,48.77081063907624,23500000
2021-10-28,48.56447219848633,48.59931863004185,48.001398502684474,48.066512108802634,11872000
2021-10-29,48.75706100463867,48.80107995067107,48.00782586916619,48.00782586916619,15564000
2021-11-01,48.42507553100586,48.84050051409654,48.138954201989655,48.63508114914732,16896000
2021-11-02,49.25225830078125,49.5961538192596,48.299437107575386,48.37005001285376,16262000
2021-11-03,49.73830795288086,49.86853168442005,48.94964015078223,49.43384504345658,14038000
2021-11-04,50.311466217041016,50.352735507258004,49.60533351384619,49.86944717603168,15956000
2021-11-05,51.256019592285156,51.324799394264055,50.42058340643568,50.43800836923803,18674000
2021-11-08,51.25878143310547,51.711806054763585,51.18083261018185,51.535730291573934,17231000
2021-11-09,51.1533203125,51.529312675026404,50.90938477682358,51.28079088540947,15838000
2021-11-10,50.325218200683594,51.437606885697186,50.25919153858445,50.83235082216626,18450000
2021-11-11,50.93321990966797,51.090954132866564,50.32888048630026,50.684698164890946,14157000
2021-11-12,51.65036392211914,51.8906332534139,50.85894650825793,51.209261446182374,13592000
2021-11-15,51.88420486450195,52.06028060308519,51.33947623297505,52.06028060308519,13972000
2021-11-16,52.15931701660156,52.22901336683566,51.606332467560044,51.73013680600228,13194000
2021-11-17,52.23910140991211,52.396835620359155,51.73105235327294,52.10154181393086,12532000
2021-11-18,52.713226318359375,52.88930207230185,52.23911055144537,52.373000469005575,12712000
2021-11-19,52.15473937988281,52.933317968961795,51.89887822142375,52.848029750046685,19612000
2021-11-22,50.73880386352539,52.45919805270414,50.66544130340471,52.426184725735524,25898000
2021-11-23,50.907535552978516,50.97539529803156,50.30319621195634,50.65993039290483,17109000
2021-11-24,51.23860168457031,51.2706984612837,50.198659122483896,50.73422226552292,12084000
2021-11-26,50.12529754638672,51.10746243141667,49.8254209414,50.60032985108624,14219000
2021-11-29,51.7530632019043,52.04744047525866,50.77548465489234,51.00658143177369,18703000
2021-11-30,50.775474548339844,51.812663683305466,50.62141006108455,51.65492949470751,22574000
2021-12-01,50.87452697753906,52.13272401035083,50.74338673111531,51.67419667075964,21980000
2021-12-02,50.66269302368164,51.273451875330935,49.8877840723924,50.07761159528656,22619000
2021-12-03,51.18265914916992,52.18041584882336,50.474693481081985,51.80808975113211,20305000
2021-12-06,51.811763763427734,52.12264598830571,50.98366338033596,51.78150008706396,22482000
2021-12-07,54.14291763305664,54.38776970376222,52.455536617448,52.455536617448,29562000
2021-12-08,53.974178314208984,54.192439911161856,53.41202465325236,54.192439911161856,17998000
2021-12-09,53.5028076171875,54.128238232086346,53.41385319405963,53.41385319405963,29080000
2021-12-10,57.92851638793945,59.12710627258234,56.72809340122037,57.2223837788103,57087000
2021-12-13,57.00962448120117,58.1797872081411,56.97019179962032,58.14127107753383,26898000
2021-12-14,56.3906135559082,56.73083937817672,55.540502028297006,56.659309920689445,35956000
2021-12-15,58.67866134643555,58.7703654159588,55.971516214197095,56.451134724752805,29092000
2021-12-16,56.91975402832031,58.75203039663669,56.07789845313263,58.44940065486308,42748000
2021-12-17,58.22930908203125,58.6905896254134,56.40803822502088,56.630882565520864,50661000
2021-12-20,59.15277862548828,59.24998899977874,57.32417200402444,57.43513763928043,32770000
2021-12-21,59.642852783203125,59.94095449147367,58.4485940805708,59.81451334504004,36534000
2021-12-22,60.469783782958984,60.65068256051706,58.99864952399506,59.37335735542015,28383000
2021-12-23,61.355796813964844,61.90308411647082,60.555620177660174,60.555620177660174,23596000
2021-12-27,62.230735778808594,62.417162042137626,61.324425020692935,61.35580823022827,19442000
2021-12-28,61.74342727661133,62.55190570925698,61.561613102917576,62.53252092864511,17247000
2021-12-29,62.076595306396484,62.4817533733833,61.75449675554064,61.81725612034867,14797000
2021-12-30,61.38163757324219,62.36177648343003,61.26719485346688,62.1218150334071,11473000
2021-12-31,61.4120979309082,61.95661804154687,61.21459567332656,61.55607199988649,12046000
2022-01-03,61.21919631958008,61.992601750071756,61.02538375494595,61.496075435530784,22591000
2022-01-04,61.92062759399414,62.037837564484946,60.65714551512055,61.178598210943406,21103000
2022-01-05,59.34382629394531,61.947385785717486,59.252450970014465,61.947385785717486,34961000
2022-01-06,58.79283905029297,59.86527215960865,58.55288112549174,59.08171308653086,28581000
2022-01-07,57.14265823364258,59.05864254997779,57.078976455225984,58.683934712811926,27832000
2022-01-10,57.32817459106445,57.40938929118806,55.704753713511224,56.19298193180677,29793000
2022-01-11,57.410316467285156,57.959452201880644,56.719970377319314,56.80949384876855,19037000
2022-01-12,57.405696868896484,58.235401386497806,57.19711508126695,57.91422521706085,18806000
2022-01-13,55.115928649902344,57.948370305297246,54.83535983747935,57.91053372161118,30048000
2022-01-14,55.040245056152344,55.4103337875084,54.636928293264994,54.98579093836313,25661000
2022-01-18,53.32545471191406,54.54832580692088,53.159328641312,54.2972918728697,35825000
2022-01-19,52.049983978271484,53.96596850024718,51.9909177845981,53.67524960279354,22692000
2022-01-20,50.550228118896484,52.61941752369064,50.46254949780711,52.42191178306694,25225000
2022-01-21,49.21292495727539,51.25904022205138,49.038490104127376,50.45056182203516,38010000
2022-01-24,49.98355484008789,50.16167931985868,47.38276281049476,48.99695209638059,54256000
2022-01-25,49.296905517578125,50.33611409605785,48.38136731567716,48.7302299459954,38158000
2022-01-26,51.41778564453125,52.99136440128258,50.7671245328025,50.94524905007845,49715000
2022-01-27,50.050933837890625,52.63050017371142,49.932801456617526,52.58066164509182,34183000
2022-01-28,51.692813873291016,51.72973156554385,49.135399361546575,50.14784401122543,30254000
2022-01-31,54.07209777832031,54.11732071106264,51.31440721242382,51.628200499492024,40288000
2022-02-01,54.70337677001953,54.812281483848494,53.14364143769966,54.071178093756636,25719000
2022-02-02,55.691829681396484,55.81827083681034,54.78736737513776,55.28297839952713,24443000
2022-02-03,53.607872009277344,55.28482091104847,53.540500570601566,54.9756431831205,30602000
2022-02-04,54.46710205078125,55.05500365717707,53.17316647658802,53.19531849476585,20548000
2022-02-07,54.233612060546875,55.52108739403887,53.91335833202808,54.46710957366001,18671000
2022-02-08,55.39556884765625,55.54600684362651,54.17454605312267,54.30283202778132,14570000
2022-02-09,56.4218635559082,56.45693642039272,55.51924603152079,56.05361960281061,22004000
2022-02-10,54.57786560058594,56.726425182002345,54.3203677033809,54.94149393587798,24920000
2022-02-11,52.92213439941406,55.3531107593726,52.52158843703314,54.57785698893889,27281000
2022-02-14,53.39836502075195,53.788757394554764,52.6129576410124,53.06795772409912,19291000
2022-02-15,55.63091278076172,55.93270765567985,54.29083171982316,54.36281874525976,34284000
2022-02-16,55.11777114868164,55.45002330507007,54.195772470903115,54.82704875150948,22931000
2022-02-17,53.437137603759766,54.598171910310086,53.4269840062072,54.42466298236872,21424000
2022-02-18,53.52851104736328,54.24377291656383,52.90922955371781,53.616189694301276,19708000
2022-02-22,53.295005798339844,54.471731729449914,52.588971647939786,53.52850686025758,20204000
2022-02-23,52.1625862121582,53.99735266977841,52.12105292583596,53.55065772174134,22416000
2022-02-24,53.529422760009766,54.05456508102964,50.67021364207402,50.90648191789409,35316000
2022-02-25,54.26869201660156,54.39513318735147,52.97568194551166,53.513745211249486,22380000
2022-02-28,54.2160758972168,54.664615602171104,53.19532610367268,53.6217137872806,25005000
2022-03-01,52.61758041381836,54.232692391092364,52.172730344987094,53.97150483821406,24898000
2022-03-02,54.062870025634766,54.501259649559195,52.9369087058732,53.02366140002527,21771000
2022-03-03,53.40021896362305,54.79382836828922,53.00612982511222,54.79198353991783,26454000
2022-03-04,55.00518035888672,55.92071873543614,53.89952255057287,54.70984585298884,44757000
2022-03-07,52.67110824584961,55.262669521824066,52.606504048846304,55.10577462072024,26494000
2022-03-08,53.1556396484375,55.010709432427326,52.016753988591624,52.8067734875533,26993000
2022-03-09,55.1002311706543,55.526622349408605,54.175465310071544,54.340668963512336,22560000
2022-03-10,54.242835998535156,54.454184996566376,53.194399776104945,54.04256301036228,19323000
2022-03-11,53.33099365234375,54.861197652734724,53.26362221711308,54.636927805555125,19813000
2022-03-14,52.40345764160156,53.52757765429811,52.12196643137663,53.24885368637796,25234000
2022-03-15,54.70707702636719,55.07624338771867,53.07166127912447,53.277472308925866,28260000
2022-03-16,56.032386779785156,56.08683737775026,53.90412745462727,55.06608758345186,29454000
2022-03-17,55.62168884277344,56.0213159926972,55.15653859875818,55.810889373452966,18174000
2022-03-18,56.336036682128906,56.59445350699719,55.00518299272686,55.74167446426666,41538000
2022-03-21,55.869590759277344,56.270059407175715,54.71464221280665,56.270059407175715,25789000
2022-03-22,56.80339813232422,57.00409678917103,55.687474185723595,55.90954601073152,19262000
2022-03-23,55.69212341308594,56.80619010467713,55.671682440258365,56.49306077183405,13839000
2022-03-24,58.205501556396484,58.278904027910265,55.935557860326554,56.36575752098475,26016000
2022-03-25,58.432212829589844,58.5753031566316,57.61454926074461,58.26589203429365,14538000
2022-03-28,58.8048095703125,58.843837753021525,57.21594322300122,58.15439893303102,14427000
2022-03-29,59.602962493896484,59.95975613658107,58.537210646303535,59.46637272005439,23001000
2022-03-30,58.638492584228516,59.86498628391966,58.28912814182827,59.36138059123545,18626000
2022-03-31,58.50747299194336,59.37345480633446,58.35602125488191,58.58180765527863,21731000
2022-04-01,58.25661087036133,58.961843901036744,57.48633322753453,58.69424332732385,16267000
2022-04-04,58.98785400390625,59.16160756449817,58.028028715958484,58.204568231521236,16484000
2022-04-05,57.061702728271484,58.74720558624301,56.95763702492985,58.49540273777256,19778000
2022-04-06,55.93555450439453,56.826620544355876,55.170852429614264,55.942987261820264,23742000
2022-04-07,56.033119201660156,56.4596042537034,55.12161214206608,55.73393031795474,16583000
2022-04-08,54.54182052612305,55.618719858430765,54.44611622637273,55.506289193341324,20464000
2022-04-11,53.948081970214844,54.75366605738742,53.83844081300934,54.1311256013016,23512000
2022-04-12,54.36248779296875,55.61871607737708,54.09302992914856,54.73786866331867,17350000
2022-04-13,55.05657196044922,55.44403238168082,54.45354383610125,54.68118755560286,20266000
2022-04-14,53.319969177246094,55.47655730860783,53.22798303047149,55.28422006028103,27385000
2022-04-18,54.495357513427734,54.933922129444895,53.227049712247975,53.227049712247975,21375000
2022-04-19,55.52858352661133,55.6289310716985,53.83193342083613,53.83193342083613,16581000
2022-04-20,55.537879943847656,56.99759290092764,55.297227993953655,56.13997591669608,13920000
2022-04-21,55.074222564697266,57.2243063850781,54.881888879108814,56.26448108258977,20352000
2022-04-22,54.53717041015625,55.63265334480954,54.47305799695912,54.83078739845918,21064000
2022-04-25,54.62358093261719,54.70534836160696,53.06630644178772,54.02984639578952,26959000
2022-04-26,52.039573669433594,54.398717238068436,52.006124491182305,54.244476013019884,35809000
2022-04-27,51.99033737182617,52.96967506743206,51.5684990903671,51.64190156716153,19313000
2022-04-28,53.792911529541016,54.35784012954456,51.84445849327272,52.58500150896537,22334000
2022-04-29,51.511817932128906,53.73158617695397,51.41983178976405,53.205682204192684,26108000
2022-05-02,53.5522575378418,53.67212095487457,51.69672278667889,51.76733930669971,26725000
2022-05-03,54.0001106262207,54.51858179505064,53.12669604325153,53.52066409279792,17064000
2022-05-04,56.08979797363281,56.127893958369256,53.332042823997156,54.0577202928301,23896000
2022-05-05,53.890480041503906,55.551820415817225,53.360857860317026,55.2136068426563,32806000
2022-05-06,53.90068817138672,54.818702843715066,52.90927457537691,53.421241638129196,20745000
2022-05-09,52.30439376831055,53.70556970328017,52.0581663741938,53.2298377348406,30074000
2022-05-10,54.02055358886719,54.927417386437554,53.12948750305229,53.93692886069876,29271000
2022-05-11,52.69371032714844,54.32718029954981,52.57756506501185,53.38779594488866,26660000
2022-05-12,53.108123779296875,53.29767153010889,51.87140773451458,52.34899703533385,25518000
2022-05-13,54.65703582763672,54.96830429890327,53.2874481740137,53.617303858190155,19449000
2022-05-16,54.13948440551758,54.74065521004123,53.67304607010831,54.29837245121343,14189000
2022-05-17,56.506988525390625,56.58596999306282,55.15598824385183,55.326952302178825,24676000
2022-05-18,53.015201568603516,55.81662475233623,52.60730016949229,55.749726385039935,35024000
2022-05-19,50.75175857543945,52.102762401108414,50.07811751035965,51.847241420852264,34884000
2022-05-20,50.47115707397461,51.567568651547575,47.61398286584566,51.46628890364867,40281000
2022-05-23,48.90737533569336,49.76313137544676,47.783086556857,48.68809303429678,58586000
2022-05-24,48.70668029785156,49.140601706019496,47.96242260296928,48.93525623820488,25060000
2022-05-25,49.39704895019531,49.93782203753378,48.67880766697075,48.67880766697075,17842000
2022-05-26,51.16524887084961,51.52855022352464,49.03374837188082,49.388688313689684,39743000
2022-05-27,54.196170806884766,54.39873031714218,52.03401072617123,52.22727662972509,37301000
2022-05-31,53.90348434448242,54.54460495295768,53.519738504461294,54.30952845985845,30009000
2022-06-01,53.2985954284668,54.90790626895633,52.81635936733234,54.59570562287882,18345000
2022-06-02,53.588497161865234,53.684201457931586,52.788488501150724,53.68234415445621,29488000
2022-06-03,52.34156036376953,52.92507263432333,52.124135353744926,52.85724561544832,20562000
2022-06-06,52.147369384765625,53.21497509970848,51.80450902676076,53.10347663198088,14557000
2022-06-07,53.24006652832031,53.38408554003674,51.803580385049564,52.08326054203167,15895000
2022-06-08,52.53110885620117,53.54482435841317,52.23191995854168,53.13134749942052,24004000
2022-06-09,51.681854248046875,53.30045157013164,51.65490562734102,52.1408598291053,18787000
2022-06-10,50.292755126953125,51.200547589385444,50.148736138086605,51.112276057126834,24018000
2022-06-13,48.09528732299805,49.52433689261751,47.94662153576676,48.94640010685056,31619000
2022-06-14,48.33222961425781,48.778230599034664,47.81375834310452,48.778230599034664,24380000
2022-06-15,48.93989562988281,49.6014571374827,47.90016023432464,49.166610687856796,19141000
2022-06-16,46.196075439453125,47.79888203393113,45.74078803930253,47.56844883456491,37244000
2022-06-17,46.332672119140625,46.491556634867834,45.33103260037064,45.99352637519009,43504000
2022-06-21,47.19646072387695,47.86538318490375,47.11401898166814,47.22550546286304,21901000
2022-06-22,46.47789001464844,47.19646412818734,46.29988331306514,46.49756410098429,24721000
2022-06-23,46.522857666015625,47.00721542203216,46.00102444050504,47.00721542203216,16707000
2022-06-24,47.69487380981445,47.94876420905895,46.97910880960487,47.31169554746177,21201000
2022-06-27,47.37820816040039,48.15861702594933,47.10745632520112,48.13613389133512,13207000
2022-06-28,46.69804763793945,48.16892573493908,46.66619384904883,48.02464912128325,15667000
2022-06-29,45.94481658935547,46.46196454796852,45.59442841386262,46.41980732026903,14444000
2022-06-30,45.513858795166016,46.25679236460622,45.03605544403681,45.721843026487655,18890000
2022-07-01,44.76716613769531,45.3695683327778,43.979262892910306,44.91425537192335,21315000
2022-07-05,44.62289047241211,44.68191272268875,43.46211240259058,44.220038150542074,20711000
2022-07-06,45.214054107666016,45.630022496267266,44.54794073123598,45.01918596933287,22975000
2022-07-07,46.70648193359375,46.973488396461036,45.72933212899576,45.72933212899576,21319000
2022-07-08,46.72053146362305,46.808598453126,45.90639606837342,46.186518570777075,12713000
2022-07-11,45.23747253417969,46.05816593736702,45.06134213333453,45.85861605076129,21449000
2022-07-12,45.0978889465332,46.14998620449548,44.97609544867461,45.70216753447369,21159000
2022-07-13,45.13159942626953,45.49791256672232,44.24719860879983,44.49921624548844,17665000
2022-07-14,45.404232025146484,45.59535116666399,44.35400416264673,45.19905690472986,19957000
2022-07-15,46.32423400878906,46.35046611896678,45.543825157144944,45.98415292700549,18714000
2022-07-18,46.00570297241211,47.0690470082396,45.736823824027454,46.85825018748899,18042000
2022-07-19,47.68644332885742,47.906603663680485,46.458212196786334,46.54346656406072,27257000
2022-07-20,47.945945739746094,48.49307821471486,47.26203461335626,47.73702521286554,27412000
2022-07-21,48.49964141845703,48.51181755022772,47.40725620066157,48.01902909074279,13912000
2022-07-22,48.01621627807617,48.69731842298074,47.469087320700325,48.605506029681386,17867000
2022-07-25,48.07149124145508,48.09116532496121,47.455033051072476,47.82322253427906,15061000
2022-07-26,47.88225555419922,48.41814125609185,47.67895307171976,48.21390599669141,17958000
2022-07-27,49.446807861328125,49.67165708227783,48.429373624441354,48.548354475809994,25699000
2022-07-28,49.992061614990234,50.26468971830467,48.771325002312246,49.521756336245446,14867000
2022-07-29,50.16726303100586,50.38742694670852,49.67915629905789,49.83936160795347,18482000
2022-08-01,50.25064468383789,50.57105172767054,49.695081392281864,49.78783371522241,11485000
2022-08-02,49.767215728759766,50.515770837786164,49.39434448704897,49.955525837708834,13072000
2022-08-03,51.222171783447266,51.34021629331946,50.03984683573377,50.14946061600291,19228000
2022-08-04,51.78990936279297,51.822699503263514,51.06009196927906,51.37862629407462,16293000
2022-08-05,51.6624870300293,51.71495124386823,50.89800338000981,51.04977791906374,14357000
2022-08-08,51.10881042480469,51.80771037404259,50.47267813038433,51.46669291559639,13722000
2022-08-09,49.91618347167969,50.529832690998774,49.44306905479083,50.50547327759276,20072000
2022-08-10,51.566001892089844,51.62315144576011,50.5195228377494,51.15846421128933,19519000
2022-08-11,51.09943771362305,52.25553045226484,50.98888759187309,51.89764797588302,14268000
2022-08-12,52.29862976074219,52.31549121924976,51.12005026440699,51.322412783498585,18399000
2022-08-15,52.36701583862305,52.44477581984553,51.5744272700214,51.92387901025186,14329000
2022-08-16,51.68217468261719,52.27146089264878,51.15378342996714,52.23211272193625,14782000
2022-08-17,50.45862579345703,51.031986859995335,49.751291540139775,51.000133070314625,19022000
2022-08-18,52.319236755371094,52.51691393460955,50.74342670312074,50.910190019175566,23459000
2022-08-19,51.38050079345703,52.05035960696185,51.32803656686806,51.608159083507715,16923000
2022-08-22,49.536746978759766,50.88020989014635,49.37748161172626,50.83149464425205,18555000
2022-08-23,49.63325119018555,50.3677539678161,49.55174222103193,50.0145531999605,9003000
2022-08-24,49.7325553894043,49.7756525353692,49.03927709459145,49.61263817937805,11883000
2022-08-25,51.539756774902344,51.5725469082666,49.865580124807444,49.977066578245925,17345000
2022-08-26,48.79755783081055,51.62033304307659,48.71698879862007,51.41890688874341,25682000
2022-08-29,48.17173385620117,48.97368951872178,47.96749864487264,48.716990085259056,16580000
2022-08-30,47.441917419433594,48.521186544069444,46.9734848133729,48.42093985064901,18282000
2022-08-31,46.759883880615234,47.7951196204269,46.51910952427454,47.7951196204269,32445000
2022-09-01,46.094703674316406,46.214620872807586,45.04822473063772,46.04411215432353,31930000
2022-09-02,46.86387252807617,48.699191193796004,46.68399671749794,48.52961881374562,40426000
2022-09-06,46.674625396728516,47.21800894469563,45.9410590365158,46.705542835584794,24738000
2022-09-07,47.323875427246094,47.72672777573285,46.75707237271412,47.11589122476091,20440000
2022-09-08,47.96094512939453,48.03682884420249,46.72147061714707,47.08684750534497,22535000
2022-09-09,48.94184112548828,49.2763005540394,48.28978015292389,48.28978015292389,23019000
2022-09-12,49.565792083740234,49.77190358580732,49.144205573304625,49.34937715088421,18157000
2022-09-13,47.18522262573242,48.554917813685115,47.0006579020989,48.139885740498805,35136000
2022-09-14,47.85040283203125,48.06119612547157,47.10278390001685,47.511258001840474,20605000
2022-09-15,46.85637283325195,47.92627121698583,46.5884300620684,47.679878802733924,36574000
2022-09-16,47.07748031616211,47.18896679842842,45.89328265952037,46.629658111950576,59012000
2022-09-19,47.01564025878906,47.160856791412414,46.320489328250616,46.320489328250616,17948000
2022-09-20,46.19308090209961,46.73365187329533,45.88016823059341,46.46851810335346,17132000
2022-09-21,45.54877853393555,47.22471192902137,45.51382143549017,46.3848550254852,20669000
2022-09-22,45.120819091796875,45.6498605208627,44.685300510998665,45.5761731223606,23540000
2022-09-23,44.27717971801758,45.1567146561582,43.64610684094149,44.86951869174715,29649000
2022-09-26,43.670677185058594,44.713649317542966,43.580927531500144,44.305526967055734,19361000
2022-09-27,43.90591049194336,44.39149706653187,43.12746269073389,44.35937977902884,17850000
2022-09-28,44.02021026611328,44.283786730459994,43.112331373134424,43.58374756309304,27605000
2022-09-29,42.52471923828125,43.586585971555294,42.028739360346165,43.54218325639945,39997000
2022-09-30,41.94655990600586,43.251220155052906,41.91160280568362,42.42364143743455,27202000
2022-10-03,43.1529655456543,43.54691401489475,42.22619162700021,42.44064441034993,21479000
2022-10-04,45.333377838134766,45.36171831233179,44.01076711696801,44.26017338060981,27277000
2022-10-05,45.80007553100586,46.110887397749515,44.53981801114667,44.64279369994409,18493000
2022-10-06,45.29936599731445,46.262981707814646,45.225678606257304,45.70465205386489,17250000
2022-10-07,43.50251388549805,44.71742445521468,43.36458470294491,44.62673060293939,28425000
2022-10-10,41.35042953491211,43.46660209272451,40.79682093035445,43.45715647047863,33454000
2022-10-11,40.69479751586914,41.44490469637058,40.2054306214054,41.11425382431685,28046000
2022-10-12,40.67683792114258,41.1633684989408,40.43498893484987,40.83555030482183,15046000
2022-10-13,41.37594985961914,41.92388621047774,39.21253772763064,39.43454775741362,27980000
2022-10-14,40.349029541015625,41.94182978711678,40.28384356703185,41.877588015100265,22816000
2022-10-17,41.130313873291016,41.68486675920751,40.943260974645916,41.52521013320999,24120000
2022-10-18,41.079307556152344,42.37546280632879,40.63812011009313,42.3433419154209,20341000
2022-10-19,41.12370681762695,41.407126020265416,40.7061424420597,40.928152469008225,12702000
2022-10-20,40.651336669921875,41.774612576233686,40.447277342888306,41.10763845102995,23402000
2022-10-21,42.48694610595703,42.57480736864561,40.54459955022541,40.82045796752483,26980000
2022-10-24,43.1284065246582,43.34285933111311,42.61731208179543,42.770355712489646,25287000
2022-10-25,43.46377944946289,43.859616341505735,43.15768860270987,43.26727730652941,18246000
2022-10-26,43.568641662597656,44.56815517891906,43.01692496285337,43.267275442942704,29291000
2022-10-27,43.0225944519043,44.47462942143522,42.9763033255287,44.028721001917454,18512000
2022-10-28,44.67585754394531,44.81189471732397,43.04621163516453,43.169970577916374,23094000
2022-10-31,44.41322326660156,44.66735055537262,43.930469351254466,44.10429982623705,19259000
2022-11-01,44.203495025634766,45.047128717892406,43.756642410711734,44.949825456420704,16324000
2022-11-02,43.08211135864258,45.38911765129039,43.05282307667907,44.4283380313235,21070000
2022-11-03,41.956947326660156,42.78263398891938,41.6962070152819,42.60124989454641,23887000
2022-11-04,43.957862854003906,44.29701875675743,42.82230863564318,43.16052033643601,28891000
2022-11-07,44.89503860473633,45.13310730045203,43.60549623245099,44.09674806696191,17687000
2022-11-08,45.545936584472656,46.177957240895736,44.73253185587036,45.46469197333423,20743000
2022-11-09,44.35181427001953,45.25213612658468,44.310247758020594,45.204897194793276,23695000
2022-11-10,47.85673522949219,47.91341618555509,46.02586610987002,46.38580171310874,33970000
2022-11-11,48.945045471191406,49.031018305895465,47.4249919845637,47.68951269496267,26728000
2022-11-14,48.4849739074707,49.59974506939309,48.4641906491679,48.68998109176294,21608000
2022-11-15,49.543060302734375,50.31300662583085,48.73910108267522,50.06643294388699,23315000
2022-11-16,48.344200134277344,48.98755479928994,48.207215179248244,48.81561635503859,25405000
2022-11-17,48.380104064941406,48.4396212263966,47.53268996284877,47.708408841165095,20375000
2022-11-18,48.66823959350586,48.91103283001207,48.275235362791236,48.829788218476004,14536000
2022-11-21,48.883636474609375,49.205785918244196,48.28562870840885,48.45851136001863,18622000
2022-11-22,50.07493591308594,50.0966633709546,49.031963878022644,49.40607329482281,18920000
2022-11-23,50.414085388183594,51.15474696003742,49.956842973772915,50.10327356231406,13964000
2022-11-25,50.061702728271484,50.50288646353446,50.02108042438666,50.13539011715837,7455000
2022-11-28,49.33427047729492,49.95306151011088,48.77027198782644,49.620518630777305,23505000
2022-11-29,49.25680160522461,49.67814630788662,48.63706638388641,49.40890100287634,12694000
2022-11-30,52.05696487426758,52.11648204122879,48.92049126147019,49.51377452687477,47349000
2022-12-01,52.030517578125,52.18828583573929,51.20010616689625,52.05696965475913,23006000
2022-12-02,51.090518951416016,51.27001466350832,50.64461047572775,50.736248537989745,19320000
2022-12-05,50.130672454833984,50.96580832409516,49.64414173499013,50.80425968421456,18548000
2022-12-06,49.675323486328125,50.407480145790764,49.29082060207354,50.13162176915732,19655000
2022-12-07,48.98378372192383,49.59785382991938,48.752328079788455,49.087703611322276,16524000
2022-12-08,50.1722412109375,50.298832749950776,49.16138649133355,49.20201240357475,27514000
2022-12-09,51.46084213256836,52.20906098729918,51.10940436572907,52.04846014805488,37028000
2022-12-12,52.586002349853516,52.608677613914914,51.22654963441142,51.46367408207703,23416000
2022-12-13,53.94734573364258,54.967642495457355,53.37956679389316,54.39892295752404,40414000
2022-12-14,54.2685546875,55.32758542648854,53.63464552589291,53.71211334172987,35218000
2022-12-15,52.71542739868164,53.517494549102786,52.68708692388423,53.26147526246966,36876000
2022-12-16,52.51799011230469,52.88548656126296,52.041852755366975,52.66347652692455,49549000
2022-12-19,52.357948303222656,53.01047938675567,51.98547779883964,52.776140462315944,25092000
2022-12-20,51.823543548583984,52.29794120711778,51.528235112447476,51.93309093203038,29831000
2022-12-21,53.462974548339844,53.527752350999954,52.102655228055454,52.171241352110584,25619000
2022-12-22,52.68754959106445,52.86378256152376,52.126469047837894,52.7123182144154,27553000
2022-12-23,52.62468338012695,52.73804272008227,52.15028571663964,52.39320066448362,13761000
2022-12-27,52.73040771484375,53.165748158293745,52.10168962783623,52.54083839169303,16677000
2022-12-28,51.906410217285156,53.13336543493935,51.673975459207625,52.549420482161786,15410000
2022-12-29,53.13717269897461,53.593469850250436,52.44082051880359,52.569424022778776,18176000
2022-12-30,53.26292037963867,53.3124576246099,52.20362570108141,52.5665681465033,14376000
2023-01-03,52.72470474243164,54.066923620673634,52.46845340935373,53.822104519452765,20173000
2023-01-04,53.368656158447266,54.12312158046387,52.96761235752058,53.63062357122344,17074000
2023-01-05,52.87140655517578,53.33056366417327,52.49989171436768,52.937136439370555,16277000
2023-01-06,56.05405044555664,56.298869533977815,53.564898305542194,53.64301249599063,35261000
2023-01-09,54.954750061035156,57.31530246816796,53.39914888460959,56.42271260465092,37739000
2023-01-10,54.768028259277344,54.78708076367645,52.39223583250286,54.48891615592305,44635000
2023-01-11,55.073814392089844,55.09286689692141,54.00023136378198,54.5841762829892,22502000
2023-01-12,55.43581008911133,55.737786687424844,54.656579645275464,54.8309048122345,19514000
2023-01-13,55.15574264526367,55.43485476567643,54.93378440764765,54.97950969422136,19647000
2023-01-17,55.17860794067383,55.76160084933955,54.73088310840292,54.76517980153139,15835000
2023-01-18,54.70707321166992,55.97117787493965,54.65277556206856,55.55679399881921,15703000
2023-01-19,53.65252685546875,54.304109406453875,53.37531891980897,54.21456300156519,22692000
2023-01-20,54.37269973754883,54.427953093287464,53.26101166821151,53.63443423243759,22950000
2023-01-23,55.406280517578125,55.70730505240647,54.27744759670753,54.488925708550774,23429000
2023-01-24,55.73016357421875,55.88829611140334,54.83471755090914,55.10240109458569,13825000
2023-01-25,55.792083740234375,55.91496750124653,54.87377327790598,55.02904593653764,13766000
2023-01-26,57.02094268798828,57.20955632293858,55.84733300914234,56.24266433902527,24525000
2023-01-27,56.29791259765625,57.084763282111226,56.221706208253785,56.51987083830775,19344000
2023-01-30,55.389129638671875,56.166452244876616,55.22814087195293,55.53678201484731,16984000
2023-01-31,55.72826385498047,55.939741974922704,55.32150388254707,55.44819961166567,23719000
2023-02-01,57.418182373046875,57.946877651901374,55.50821117316617,55.591085766124834,26553000
2023-02-02,57.70586395263672,58.40793229197478,57.13239549146033,57.88304899486128,24188000
2023-02-03,56.92949676513672,57.9221095320327,56.798989084816085,56.965693986378405,19093000
2023-02-06,57.28004455566406,57.46294205720115,56.41889170514937,56.52177086840892,18709000
2023-02-07,58.53272247314453,58.776589466297025,57.12953790770742,57.21908432391485,24025000
2023-02-08,57.31909942626953,58.12595460656764,57.21526455299746,57.79254124275487,15290000
2023-02-09,57.10000991821289,58.57844882146663,56.72563524879193,58.35649057128723,18837000
2023-02-10,56.51320266723633,57.009508997401355,56.168360669628086,56.80469910207175,21035000
2023-02-13,57.262908935546875,57.297201997586775,56.53416774009475,56.679915979185175,19847000
2023-02-14,57.37626647949219,57.6877675369488,56.51987750003995,56.60084793391552,17571000
2023-02-15,57.888763427734375,57.94496523218887,56.8418494708013,57.047615084109935,12683000
2023-02-16,57.207645416259766,58.00783241787662,57.113338609905746,57.22765000045285,17449000
2023-02-17,56.73611068725586,57.23718106412459,56.43699396983885,57.15621063785552,14215000
2023-02-21,55.397705078125,56.49796099310557,55.23576422219457,56.203608304566,22737000
2023-02-22,54.886165618896484,55.54536499671257,54.498454504872285,55.46534663814347,23475000
2023-02-23,55.61299133300781,55.816849143259915,54.64895563750915,55.798748718067564,18939000
2023-02-24,55.03667068481445,55.27386585440159,54.64229142593326,55.015710383645846,15353000
2023-02-27,55.770172119140625,56.184555964375264,55.65681279287459,55.810184927010965,18321000
2023-02-28,56.61227798461914,57.02094572731963,55.458672830835845,55.7806540271899,27822000
2023-03-01,56.54368209838867,56.98569077251045,56.23218108671939,56.58464698335907,15484000
2023-03-02,57.02760696411133,57.24575324072811,55.834944860914476,56.145493788191935,27525000
2023-03-03,60.27693557739258,60.5598596392149,58.65655693918399,58.84231431735466,46088000
2023-03-06,60.29218292236328,61.35242967120515,60.17882359560786,60.49032463259461,24983000
2023-03-07,59.55200958251953,60.56462688153293,59.395784840803366,60.47794033752049,19334000
2023-03-08,60.22931671142578,60.27408628967656,59.41102911648523,59.802548526413595,20912000
2023-03-09,59.30147933959961,61.19906993157162,59.24051349301154,60.02164816851236,21775000
2023-03-10,58.56892395019531,60.029262416211495,58.377450438843624,59.84160085971752,26098000
2023-03-13,58.72514724731445,59.479609043516845,57.811600841328,57.8316054275782,22364000
2023-03-14,60.24835968017578,60.33504985501881,58.91852527565155,59.38435051135547,25893000
2023-03-15,59.636783599853516,60.02068265543644,58.699420745478314,59.79205623953019,22963000
2023-03-16,60.63321304321289,60.687510685801456,58.85279399683468,59.237648797639615,31716000
2023-03-17,60.10643005371094,60.925669739151445,59.735867307826766,60.63322118693945,79303000
2023-03-20,61.320037841796875,61.41815297225717,60.16643284288827,60.27502812283921,25857000
2023-03-21,61.09361267089844,62.03771873109676,60.86142280254104,61.70190920664349,25000000
2023-03-22,60.53424072265625,62.22097060419974,60.51025642212885,61.107997310368326,25799000
2023-03-23,61.3315544128418,62.19027144718914,60.592769863849405,61.29989132901594,27162000
2023-03-24,61.0379638671875,61.338274566398745,60.30685439368634,61.2164242074983,17228000
2023-03-27,60.14278030395508,61.31907976628673,60.061227093920905,61.30948677806756,14707000
2023-03-28,59.93745803833008,60.113996835456625,59.37713383694313,59.98830709726111,12439000
2023-03-29,60.01420974731445,60.8307117059514,59.93169760998782,60.71269709647837,26395000
2023-03-30,60.80576705932617,61.02644238222911,60.37880772544132,60.70790101419487,21523000
2023-03-31,61.55318832397461,61.618432356921026,60.05355279928216,60.49778392296695,22097000
2023-04-03,61.64241409301758,61.779614674867155,61.06385923054335,61.30948143209442,15682000
2023-04-04,60.869102478027344,61.81225327917675,60.63787153920126,61.707671028578964,13429000
2023-04-05,60.35098648071289,60.60907849306248,60.03340403259367,60.555348974353365,16908000
2023-04-06,59.739803314208984,60.29245234903672,59.387681020797466,59.88564160979325,14493000
2023-04-10,60.19554901123047,60.24160340535325,59.145901914472674,59.29941534153236,15400000
2023-04-11,59.637149810791016,60.53040673403785,59.56518958703927,60.52081008551147,16518000
2023-04-12,59.169891357421875,60.20802769092176,59.12767635082694,60.19075957915525,14112000
2023-04-13,59.89332580566406,60.110165416438115,59.20922968261289,59.3972866670197,17265000
2023-04-14,59.44237518310547,60.25695933270529,59.026930349317084,59.53256610880422,17465000
2023-04-17,60.19268035888672,60.286707025431355,59.27639433646099,59.35315289040315,13201000
2023-04-18,60.668556213378906,60.97366516910729,60.17059930681766,60.60139432501711,16806000
2023-04-19,60.87772750854492,61.09744389948817,60.01901051354712,60.137984060614485,19060000
2023-04-20,60.7357292175293,61.667369090994875,60.17156925203826,60.2406490184109,20239000
2023-04-21,60.724212646484375,60.81056417634542,59.67744236764189,60.5035373279614,14807000
2023-04-24,60.881568908691406,61.29509590350835,60.61771962446215,60.79521736875021,12338000
2023-04-25,59.68032455444336,61.02068942382426,59.653459794285375,60.828796711246206,23670000
2023-04-26,59.12095642089844,59.786821795788995,58.86382334601409,59.48363432569198,17179000
2023-04-27,59.333961486816406,59.49515005324066,57.87750347156966,59.12096126402745,18250000
2023-04-28,60.11016082763672,60.13702558620839,58.96456553704628,59.39728213263937,16183000
2023-05-01,61.208740234375,61.30852414801889,60.08137562678672,60.110161911524614,17030000
2023-05-02,58.75157165527344,60.110167295013056,58.04924480555083,60.039165999699236,28357000
2023-05-03,58.83407974243164,59.673607140194704,58.75732485500449,59.189078874386304,19816000
2023-05-04,58.542396545410156,58.906992284889824,57.69135838911289,58.52704630165793,17684000
2023-05-05,60.457481384277344,60.58700684572289,58.850386965345244,59.097927035252475,24876000
2023-05-08,60.355777740478516,60.51601101478976,59.542156223019425,60.42486116067141,13934000
2023-05-09,59.34355545043945,59.87701491616058,59.08929550461242,59.74844471395512,16990000
2023-05-10,60.088096618652344,60.254083510385314,59.320529398529764,59.684166267713366,19174000
2023-05-11,60.22241973876953,60.300137222814314,59.293663962006576,60.117841153876824,14430000
2023-05-12,60.55631637573242,60.705031496818386,59.890450935957695,60.29054555956448,11942000
2023-05-15,61.38623809814453,61.40734559903974,60.29917069162702,60.62538717286327,14614000
2023-05-16,61.54359436035156,62.06842344530877,61.28358447015142,61.44956769820008,14967000
2023-05-17,63.08161926269531,63.4107089534445,61.844873896424055,62.11064473082205,24133000
2023-05-18,65.04177856445312,65.1818559427201,62.94055932967169,62.94055932967169,26389000
2023-05-19,65.45913696289062,65.71819518270561,65.09070917929334,65.24325999310922,22968000
2023-05-22,65.08688354492188,65.69230693908762,64.67911745291029,65.3776012604634,17796000
2023-05-23,65.86692810058594,67.06529412463334,65.4370919099546,66.26414593179197,36088000
2023-05-24,65.19818115234375,65.65679993767169,64.86524845116445,65.3814324878462,23021000
2023-05-25,69.92544555664062,70.26989282600377,66.27662497284783,67.10559693047824,49263000
2023-05-26,77.97819519042969,78.19407222666548,71.67358434281695,71.71291523412938,82500000
2023-05-30,77.07725524902344,88.44110059170829,76.6426170808848,80.12642031611517,116912000
2023-05-31,77.5205307006836,78.83595251680106,75.80981621070882,76.2674761292702,89998000
2023-06-01,75.79254913330078,77.31233349809445,75.33296402237974,76.81628697284017,80792000
2023-06-02,77.90812683105469,79.03741280261589,75.52867080958781,75.85872665362771,62815000
2023-06-05,76.97747039794922,77.6394927461233,76.22716766720812,77.6394927461233,26222000
2023-06-06,75.79732513427734,76.94867398042992,74.49054133905616,76.94867398042992,37823000
2023-06-07,76.0496597290039,77.27968492092543,75.55841533438935,75.78005323362999,28957000
2023-06-08,77.15975952148438,77.23747699925312,75.68027260575724,76.26842049935105,21909000
2023-06-09,77.20005798339844,78.45983218688345,77.12906035414301,77.31327793717654,19241000
2023-06-12,82.06836700439453,82.32166436564175,77.82371284767699,77.82371284767699,51065000
2023-06-13,81.66156005859375,82.82634152635792,80.69058553108589,82.62197900339086,38990000
2023-06-14,85.0254135131836,85.25184610741402,81.28736150273085,82.12016906247598,43524000
2023-06-15,84.76156616210938,85.19715591015813,83.57087171100598,84.8555928201554,33814000
2023-06-16,83.29165649414062,85.3871220678556,83.03644131633996,85.32283697703542,68299000
2023-06-20,83.28401947021484,84.15137078834549,82.61047511727782,82.76878691801217,27535000
2023-06-21,81.76286315917969,83.53188686140653,81.46770452827391,82.95314545793784,23229000
2023-06-22,81.2583999633789,81.88344487874487,80.57162694122435,81.51498224417186,23464000
2023-06-23,79.30223846435547,80.6401000703066,78.98393547782541,80.44622468177553,37413000
2023-06-26,79.25209045410156,80.734631969836,79.11608699057194,79.57714910826353,21372000
2023-06-27,81.83422088623047,81.98855581778227,79.19129773570961,79.9320862735124,24923000
2023-06-28,81.78987884521484,82.81135829249358,80.74042747056241,80.90151074293361,19445000
2023-06-29,83.20104217529297,83.22707865713156,81.6422899628354,82.41780622318393,23386000
2023-06-30,83.66981506347656,84.35852341417618,83.37080027808531,83.774954466875,23145000
2023-07-03,84.53889465332031,84.56686657684263,83.42770796764503,83.78460204158915,9038000
2023-07-05,83.1325454711914,84.58326605590445,83.12194101449177,83.66691883606869,14440000
2023-07-06,81.79564666748047,82.36474018460869,81.44164477243137,81.50627234274405,23939000
2023-07-07,81.67508697509766,82.75926576832852,81.47349190391648,82.0300456033868,19409000
2023-07-10,84.66333770751953,84.80223329685917,81.82267490396842,81.82267490396842,30622000
2023-07-11,85.08002471923828,85.17166018251122,83.39973704993335,84.98935329754008,25498000
2023-07-12,85.842041015625,86.57897356321205,85.07520110054483,85.75040554809932,28197000
2023-07-13,85.881591796875,86.70918844015786,84.71542519682997,86.70918844015786,25912000
2023-07-14,85.70988464355469,87.13455402883453,85.47645413263189,85.47645413263189,18510000
2023-07-17,87.80976104736328,88.085624111543,85.82563108119243,85.94427442325895,26819000
2023-07-18,87.14227294921875,87.76634632383022,86.64358384352029,87.38823599769155,24513000
2023-07-19,86.94357299804688,87.38727495750302,85.42534003319989,86.54809519297542,24118000
2023-07-20,85.6867446899414,87.48663252719741,85.461033839273,86.09186295570697,28268000
2023-07-21,86.4979476928711,87.88692557621172,86.21629300618551,87.24452063749433,74287000
2023-07-24,86.96479797363281,87.33616005912626,86.25487329564166,86.88860188871517,19992000
2023-07-25,88.54670715332031,89.0473170794043,86.87123948358644,86.87123948358644,20042000
2023-07-26,86.14491271972656,87.83580493926277,85.62018706948832,87.67954924551204,19877000
2023-07-27,86.18734741210938,87.76153162664231,85.46102671919293,87.63131242381795,21922000
2023-07-28,86.7911605834961,87.15481027627204,86.22785127694489,86.74582855663179,18791000
2023-07-31,86.68121337890625,86.90788826383684,85.9433167906331,86.5702897200348,14952000
2023-08-01,88.74056243896484,88.80036244685786,86.5895651331489,86.71303603302943,19683000
2023-08-02,86.0687026977539,88.06536504915594,85.8748199755338,87.99784535066776,26877000
2023-08-03,85.3626480102539,86.36097566665123,84.98646572128142,85.52083914613075,18281000
2023-08-04,85.04145812988281,86.19604900996539,84.24278999915931,85.36266065735673,21156000
2023-08-07,86.52786254882812,86.5577625615885,85.39063179029671,85.62309095915593,11146000
2023-08-08,85.18710327148438,85.9047403283956,84.24567607643652,85.8555521244066,14081000
2023-08-09,82.05899047851562,85.22278386512653,81.86511507780882,85.1446596953067,24672000
2023-08-10,81.30372619628906,83.09782963330892,80.74138087958778,82.28951389371392,20186000
2023-08-11,80.0362777709961,80.6767546198403,79.43052849648886,80.44622357646668,20331000
2023-08-14,82.3840560913086,82.39176842453864,79.8067164868313,80.16843080259765,17688000
2023-08-15,81.2670669555664,82.43419744381904,80.6825413494615,81.91236397331207,14035000
2023-08-16,80.34783172607422,82.42261826649724,80.24847658009287,81.77539319176843,16003000
2023-08-17,79.77969360351562,80.96804765712518,79.7710098711678,80.68735704762452,19228000
2023-08-18,79.65816497802734,79.88291176501689,78.32319555605449,79.09485562776862,17759000
2023-08-21,83.44892120361328,83.66112806659622,80.23014872547768,80.45103196144774,30012000
2023-08-22,82.54707336425781,84.37589730816751,82.0734639507961,84.24664948541897,17079000
2023-08-23,84.55240631103516,84.70770532602194,81.9885780149526,82.06285337666712,19692000
2023-08-24,82.41876983642578,87.7624964581121,82.22585849347232,87.03810384181453,30934000
2023-08-25,82.16411590576172,83.8636916239626,80.79924656349326,82.66569712846082,24181000
2023-08-28,83.05733489990234,83.35152953906228,81.70982528218975,82.60494910174144,14306000
2023-08-29,85.840087890625,86.12077848509799,82.607811547339,82.79879477600458,27822000
2023-08-30,86.06678771972656,86.68701241091158,84.79645304463106,86.07739953753256,23234000
2023-08-31,89.01934051513672,89.09457255888145,86.2105058364148,86.61948762562669,55203000
2023-09-01,84.16078186035156,86.99179653508358,83.40263310439818,86.99179653508358,65017000
2023-09-05,84.12703704833984,85.17166818138489,83.6283478617135,83.87045478344035,24808000
2023-09-06,84.13668060302734,84.6286141572476,83.60327853745981,84.1588682803498,20142000
2023-09-07,82.66667175292969,83.11615799699884,81.07416330949472,82.9049151371615,27789000
2023-09-08,82.71681213378906,83.03319435737093,82.00013928242733,82.47084909278662,16810000
2023-09-11,82.87020874023438,83.82127642981584,81.56900254850108,83.79908875071396,15710000
2023-09-12,81.45999908447266,82.78628495250416,81.1841286214106,82.01173265149994,16680000
2023-09-13,82.27119445800781,82.86730334105883,81.43298602266105,81.71753284280413,17413000
2023-09-14,84.07591247558594,84.5610903553491,82.47086407066756,82.8595862712902,19648000
2023-09-15,82.15062713623047,83.74024354485884,81.30373492476805,83.74024354485884,50190000
2023-09-18,81.98857879638672,82.59915568579797,81.02400728113511,81.272869852327,16541000
2023-09-19,81.91140747070312,82.08792275452184,80.87931629211045,81.60178085303495,13126000
2023-09-20,80.55073547363281,82.43413648673925,80.5294036497264,82.43413648673925,13681000
2023-09-21,78.39674377441406,79.76807724644127,77.10979049250102,77.11172907631459,53654000
2023-09-22,80.40623474121094,80.55170994648277,78.59266703290785,78.67607054818298,27764000
2023-09-25,80.87272644042969,81.32563743913528,79.81755946257589,80.30150260793111,15648000
2023-09-26,79.1561279296875,80.5216383690828,78.67315414808431,80.41495705672021,17641000
2023-09-27,79.21626281738281,79.88252905175237,78.01077420671763,79.4538725677805,15352000
2023-09-28,80.6894302368164,81.35473462941971,79.00969868746779,79.542128660809,16180000
2023-09-29,80.55171203613281,81.85709695070842,79.80785802485246,81.12099727639362,16481000
2023-10-02,80.97554016113281,81.32564704153195,79.8650864046279,80.40430886201041,14676000
2023-10-03,79.02423095703125,81.05309969628746,78.45009192878716,80.20450304867798,18761000
2023-10-04,79.89513397216797,80.55170725858522,79.16679607719318,79.55763535477085,16417000
2023-10-05,79.89998626708984,80.36259014416652,79.08726818429805,79.53630197275558,11474000
2023-10-06,81.97540283203125,82.27895399455434,78.72260702791782,79.467437600111,21103000
2023-10-09,83.00536346435547,83.0761661805682,81.25482938397222,81.50989378289427,15760000
2023-10-10,83.25074005126953,84.62206644008059,82.98985248473818,83.12853525110981,14718000
2023-10-11,84.8169937133789,84.89263548521468,83.0703369295265,83.37680338239413,14334000
2023-10-12,87.82734680175781,89.02314264563539,84.99836754551059,84.99836754551059,43871000
2023-10-13,85.65299987792969,89.79706439464834,85.54728783472382,88.15708858501158,28312000
2023-10-16,87.53348541259766,88.81559250660113,86.4084850317008,86.4084850317008,21150000
2023-10-17,85.77132415771484,86.60342825421414,83.98684233531716,85.84405807201773,33008000
2023-10-18,86.02637481689453,86.86042476340542,84.87906594501474,85.33973865903481,20404000
2023-10-19,84.16429901123047,86.26493978772149,83.95482094829595,86.02539887396209,26620000
2023-10-20,82.78716278076172,84.84997929871868,82.61356329317498,84.84997929871868,26953000
2023-10-23,83.6202392578125,84.72390042283838,81.73877666031464,83.20709144022366,16456000
2023-10-24,85.45223236083984,85.63553214712009,83.70751406652367,83.79286356132617,14972000
2023-10-25,82.39923095703125,85.2214249835438,82.05494725912965,85.06043369407585,21432000
2023-10-26,80.18029022216797,82.86379452006298,79.36466402753264,82.23243745554593,27917000
2023-10-27,81.30623626708984,81.48565889922924,80.35386605592409,80.49546409754443,18236000
2023-10-30,81.58651733398438,82.37983484857095,80.21906071324538,81.57197055284261,20889000
2023-10-31,81.59815979003906,81.99869943287692,80.74762440599952,81.84255460286921,14747000
2023-11-01,82.7202377319336,82.80655652203764,81.03565247729874,81.65924765226698,18684000
2023-11-02,84.50082397460938,85.39306832755047,83.4049247204737,83.59888670201398,18759000
2023-11-03,85.60449981689453,86.07195759647618,84.4775682259804,85.10213272214968,18041000
2023-11-06,85.42508697509766,85.91581517880478,84.4921173732516,85.49588229871681,12870000
2023-11-07,87.07282257080078,87.45590757469023,84.97218134597324,85.56959831779379,19365000
2023-11-08,88.36366271972656,88.53629292824677,87.18726750080639,87.2842485193257,15280000
2023-11-09,88.38790893554688,90.17432931937343,88.11442054228577,88.4965288590649,24486000
2023-11-10,92.86266326904297,93.00134602541368,89.05028221353011,89.392634689362,36272000
2023-11-13,91.83563995361328,92.3661313899811,91.21009868194669,92.13822192190754,16893000
2023-11-14,94.36006927490234,94.72957671798628,92.64251338174896,93.33011879406779,23886000
2023-11-15,94.59673309326172,95.21257405113363,93.7733526005128,94.99532679513433,16099000
2023-11-16,93.05953979492188,93.94693036848288,92.18378812516566,93.4911115318714,26198000
2023-11-17,94.82270050048828,95.42011008482737,92.23035429872083,92.92959876179732,19789000
2023-11-20,96.5664291381836,96.96987663022354,94.36396069614531,94.36396069614531,18674000
2023-11-21,95.15921783447266,96.10964205281066,94.23109473403323,94.55792375815318,43344000
2023-11-22,94.26697540283203,95.81773183847004,94.16999439464009,95.40070684398573,33743000
2023-11-24,94.93325805664062,95.0292697817903,93.757832143759,94.55405761719892,23158000
2023-11-27,92.15663146972656,95.14077827846585,92.06837410033484,94.66944337843039,96962000
2023-11-28,91.77937316894531,92.21676066681079,90.59715500633384,91.15771658903627,39025000
2023-11-29,91.24402618408203,93.04790089112822,91.10242815349578,91.9723640709377,34843000
2023-11-30,89.77959442138672,91.39823086156636,89.06580326880469,91.26051738955093,49571000
2023-12-01,90.19371032714844,90.57194142368301,88.06009863391868,89.46246452707176,29612000
2023-12-04,89.60889434814453,90.28776866683916,88.8786105606075,89.28594255099941,25009000
2023-12-05,88.55664825439453,88.9591264776992,87.8515880940769,88.40924185372029,37066000
2023-12-06,87.63726806640625,89.31797651221369,87.58489668572307,89.25882008546007,24813000
2023-12-07,89.44306182861328,89.623453743816,87.63724848748471,87.82151757100434,43517000
2023-12-08,91.58055877685547,92.20415395091842,88.30546139915184,89.98422349964274,69668000
2023-12-11,99.81825256347656,100.81425566178345,92.72398168737632,92.81320095310238,101184000
2023-12-12,103.99237823486328,104.68192969697954,99.36631685381435,99.69703044980062,90242000
2023-12-13,105.68084716796875,106.65939565965374,103.04776881847035,103.57729828407686,71654000
2023-12-14,107.3101577758789,108.76198725485614,105.73806947610909,105.92233857553803,66964000
2023-12-15,109.56499481201172,111.51822205696652,106.15896883443844,106.21716335855426,118544000
2023-12-18,111.23890686035156,111.7063646262118,108.48848501813744,108.69797049967399,54741000
2023-12-19,111.0274887084961,112.08750751283088,110.33866900553762,111.26326235374731,36020000
2023-12-20,108.1825942993164,111.20092698577767,108.07347492110168,110.3571918698529,34523000
2023-12-21,109.83009338378906,110.62218998424619,108.6327015829798,110.35231281158805,24106000
2023-12-22,109.31275177001953,110.28898360201018,108.48948031872774,109.897320883602,19089000
2023-12-26,110.27828216552734,110.62999890072882,109.4140908737874,109.5329551786378,16793000
2023-12-27,109.72098541259766,111.02653040110363,109.40824094619023,110.67870866281864,20055000
2023-12-28,109.35464477539062,110.31236793601462,109.0272866679593,110.25878200058155,21247000
2023-12-29,108.75450897216797,109.54660573176109,108.60057481370234,109.26211483181639,20558000
2024-01-02,105.74687194824219,107.3661275288827,104.9391879395532,106.40353564564049,28831000
2024-01-03,103.13579559326172,104.7355688496305,102.81720121754746,104.26790908555446,34735000
2024-01-04,102.20340728759766,104.19971206900784,102.04362322118124,103.07538854212149,25658000
2024-01-05,102.2297134399414,102.83181750372839,101.47269405562675,102.45574961776046,22475000
2024-01-08,104.720947265625,105.02784919489633,102.49470410013471,102.93313648955078,33110000
2024-01-09,105.4653091430664,106.0557282058068,103.73303165476979,103.82168742917877,23225000
2024-01-10,105.27824401855469,105.51109643383244,103.52745788292108,105.2568141036838,17643000
2024-01-11,107.1693344116211,107.29793620358033,104.68782751436288,105.64360322754148,25757000
2024-01-12,107.9195327758789,108.69993702239572,107.17225830225951,108.35016779114436,26882000
2024-01-16,108.6288070678711,109.72779817914886,107.03779761600464,108.37354356421271,26145000
2024-01-17,107.52882385253906,108.44854839831936,106.21744406545365,107.7840873302703,18314000
2024-01-18,111.44935607910156,111.7065670791001,109.30301230946947,109.59724064264701,32228000
2024-01-19,118.00531768798828,118.57039693561097,112.62726416223249,112.75489962823438,53077000
2024-01-22,118.9113998413086,119.9665498993291,117.71497439950963,118.49732604730862,31222000
2024-01-23,119.47747039794922,119.54274876282423,117.25707684216373,118.96012709153432,16952000
2024-01-24,122.16259002685547,125.15169511774744,119.93537302064838,121.0353453192274,34805000
2024-01-25,119.83698272705078,124.80583917692766,119.72006592160892,124.80583917692766,36356000
2024-01-26,117.38956451416016,118.98057391129218,116.93652588727838,118.83345603206325,25818000
2024-01-29,118.64542388916016,119.22024807892089,117.40028862786053,118.36677553658217,21526000
2024-01-30,117.7091293334961,119.64211044066559,117.33208031289146,118.54798814320127,20683000
2024-01-31,114.9655532836914,116.6432710530846,114.41118525075765,115.88625169698281,27400000
2024-02-01,116.91510009765625,117.2151783803741,114.87884929835654,115.68165719452638,19411000
2024-02-02,119.2855224609375,120.29391028206285,117.41587213302806,117.76661507661954,26689000
2024-02-05,121.11328887939453,121.5663349812845,119.07216191431593,119.54079543643695,22045000
2024-02-06,119.1208724975586,123.93968194037737,118.07741481716022,123.10764675355756,25354000
2024-02-07,122.473388671875,122.71208357827621,119.51545837856503,120.22668921841269,25768000
2024-02-08,124.19786071777344,126.26431981412406,123.24793503246629,123.44181516588203,29326000
2024-02-09,125.04354095458984,125.26860336774223,121.68713920547644,121.9833224710313,26293000
2024-02-12,123.24697875976562,125.68951348023556,122.66240959616172,125.6836709848756,24778000
2024-02-13,121.94629669189453,122.3574418168338,119.55345317503426,120.33580484456317,31907000
2024-02-14,122.97611236572266,124.02639368976774,120.93986175771596,123.66006333014741,27306000
2024-02-15,123.25379943847656,124.70840235090546,121.2837933028784,124.70353360489064,21873000
2024-02-16,121.34516143798828,124.28750427947597,121.04410942321685,122.6662937259166,21268000
2024-02-20,119.50083923339844,120.58911907443505,118.13781348035978,120.40789767584704,26329000
2024-02-21,119.58853149414062,119.64698617469715,117.171329361616,118.6678331093782,20579000
2024-02-22,127.1343765258789,127.7267431052676,124.36448372095188,124.87501076765136,40819000
2024-02-23,126.30328369140625,128.5685065159281,125.56770917552068,127.47243671041038,23115000
2024-02-26,127.54647064208984,128.48763257310475,126.79919627511576,127.63123884406505,16282000
2024-02-27,126.28964233398438,127.82024198459892,125.89895341707586,127.54646241482011,12126000
2024-02-28,125.62615966796875,126.51276189349714,124.99774217114943,125.97495509060779,10967000
2024-02-29,126.70469665527344,127.47535590339861,125.41766791073864,126.97944257175719,27536000
2024-03-01,136.31895446777344,137.15585844448555,128.60553779820953,129.18329069361698,44488000
2024-03-04,136.6199951171875,140.11865354493338,134.95689101966082,136.70671082471296,34854000
2024-03-05,130.822021484375,135.91266301705733,129.81071982824417,135.91266301705733,36040000
2024-03-06,131.5283966064453,135.89611532323545,131.24195080274646,135.57947586024076,43196000
2024-03-07,137.08279418945312,137.79401764353221,133.75853329726505,134.64513567502405,62832000
2024-03-08,127.50651550292969,137.66635990224626,126.81088705275656,135.8395770342929,74025000
2024-03-11,125.98664855957031,126.56147273140401,122.03495165759432,124.50671343615767,31105000
2024-03-12,125.8658447265625,127.41593439184183,122.68967579877288,127.33895617909376,42789000
2024-03-13,122.55230712890625,124.98898430192996,122.01547401791834,124.98898430192996,37838000
2024-03-14,122.98097229003906,124.03905096422422,121.56242064311435,123.00727838036848,38029000
2024-03-15,120.37284088134766,123.4778818225736,119.84380516446882,122.12265334877677,88823000
2024-03-18,120.54235076904297,123.04041864851733,120.00259642990383,122.17330620907126,25737000
2024-03-19,120.61737060546875,120.83755683095345,117.3057763153942,118.56552517604656,24491000
2024-03-20,124.8481216430664,126.02126104130306,120.01367953774488,121.22987622368494,40946000
2024-03-21,131.8928680419922,137.333927551332,128.7618831334293,129.96730821755474,72468000
2024-03-22,132.4280548095703,134.6539853151844,131.7118466575634,132.088538225213,38624000
2024-03-25,132.24313354492188,132.91432860536116,130.86255322085793,131.60226072946674,21237000
2024-03-26,130.27743530273438,135.01794648369957,130.18154177940264,133.52582653938325,23522000
2024-03-27,129.0289764404297,132.08853726192024,126.80695753560768,132.08853726192024,25583000
2024-03-28,129.6825714111328,130.14048061681382,128.32450506228315,128.94776083158834,19856000
2024-04-01,132.1139678955078,133.35853846158184,129.6825599556897,129.7089706143997,17252000
2024-04-02,130.98878479003906,131.34199191781605,127.530018398455,128.74131072654404,24694000
2024-04-03,133.38104248046875,134.71269810000894,129.66885928785766,129.93598168647654,28650000
2024-04-04,128.9086151123047,137.37010322098553,128.66400673448248,135.5443489165496,27014000
2024-04-05,131.0543212890625,133.1873142401752,128.58573828303858,129.74029766182892,19438000
2024-04-08,130.728515625,131.354712540107,128.73739963949205,130.48880416733226,17139000
2024-04-09,130.53086853027344,133.01608319407555,128.0417273524135,132.8096351469591,17986000
2024-04-10,129.38510131835938,130.69424274267723,128.71096522208913,129.44674608829115,17467000
2024-04-11,135.2645263671875,136.18522672187913,129.5103618987482,130.39388727276585,31713000
2024-04-12,131.50831604003906,133.70392415363622,130.77938782194025,132.28519849041163,27823000
2024-04-15,128.24229431152344,134.04538287430884,127.78341475571405,134.04538287430884,24370000
2024-04-16,130.03968811035156,130.75002879886983,128.27263745330438,128.70117985905543,18923000
2024-04-17,125.49681854248047,131.79499162138106,125.37842593716422,131.4143885082251,24718000
2024-04-18,123.18380737304688,126.47721207020356,122.83841597089464,126.02224405320784,24888000
2024-04-19,117.87287139892578,123.28262995653998,117.17328751387598,123.18381019630128,44797000
2024-04-22,119.8052749633789,120.66042643308569,117.46486355780483,119.80918654774412,25162000
2024-04-23,122.22493743896484,123.07715519737079,120.15359681158036,120.16827271740904,22025000
2024-04-24,122.97148132324219,125.78936718355271,121.81106209060337,123.66421243703142,20108000
2024-04-25,126.65039825439453,127.98203892512282,122.98909557117906,124.50078109546978,30410000
2024-04-26,131.50831604003906,132.65894887980795,127.50261481464197,128.1747952005887,24100000
2024-04-29,130.97508239746094,132.38011763195047,129.7109537886553,131.50931229646997,13372000
2024-04-30,127.22279357910156,131.9271164954492,127.10343051835157,130.02209996153582,22113000
2024-05-01,121.60560607910156,126.44982749348259,121.45786164438228,125.0761073237566,30958000
2024-05-02,121.18584442138672,123.7180278990024,119.69275389311025,122.91864638796821,29480000
2024-05-03,125.0545654296875,125.61912498251701,122.02435665686117,123.18478336627757,24898000
2024-05-06,128.2051239013672,128.25012204785588,124.75712226453349,125.84806604695608,16287000
2024-05-07,127.5006332397461,129.05438289658625,126.87931850539108,128.80487761398962,12413000
2024-05-08,129.67864990234375,130.9056034239553,126.07018350686843,126.5603856427205,13918000
2024-05-09,127.75113677978516,129.31075415163983,127.39204736115435,128.94091534079988,12170000
2024-05-10,130.4056396484375,131.5014805922975,128.6943660698664,128.6943660698664,16300000
2024-05-13,130.86648559570312,132.90945254164217,130.14243932251196,131.89285854955745,18507000
2024-05-14,135.0267791748047,135.21855132607573,129.72072965312037,130.36061711154602,19420000
2024-05-15,140.51968383789062,140.79168822287514,134.04342948080546,135.02381874194919,32757000
2024-05-16,138.16754150390625,141.42278603152744,137.47578823180322,139.52463738772576,28395000
2024-05-17,136.51986694335938,138.89158601984175,135.1979902663581,138.19592117184592,18174000
2024-05-20,138.35345458984375,138.63817914297874,136.31145804899705,136.5893447936618,27170000
2024-05-21,136.90243530273438,137.89945645074363,136.34080936802522,136.85155484163892,15333000
2024-05-22,136.221435546875,137.4699177482611,135.4367299060918,136.5903039309471,21002000
2024-05-23,136.3241424560547,139.81812730172692,134.8281259047908,139.76236483896125,31039000
2024-05-24,137.74778747558594,138.30941335748344,136.19990486132235,136.9601556231381,16730000
2024-05-28,138.19883728027344,138.66164338046747,136.25077877627277,137.9591258462041,22919000
2024-05-29,136.06781005859375,136.89263175143824,135.31735325166264,136.89263175143824,26861000
2024-05-30,133.4661865234375,135.29585273361502,132.64037929806747,134.9259989488973,21717000
2024-05-31,129.9897918701172,133.31647507107772,127.90670888363367,133.20003824775029,73091000
2024-06-03,129.33912658691406,132.38205536517728,127.4439043635516,132.35270355459198,26278000
2024-06-04,130.21189880371094,130.32637983267387,127.88225166750802,129.19236372457044,23048000
2024-06-05,138.261474609375,138.38474923655997,131.16293429934956,131.69716416304826,32947000
2024-06-06,137.10496520996094,139.20076832764713,135.8300723091604,139.12053605510835,20172000
2024-06-07,137.63037109375,139.42677356410266,136.68911257387154,137.7419109599114,17859000
2024-06-10,140.94046020507812,141.77995813409066,137.87404584192885,137.93960222475465,31042000
2024-06-11,142.95208740234375,143.34151402492787,138.56870886311197,140.7183336675718,34844000
2024-06-12,146.32571411132812,147.33252906487516,144.45593197441104,146.7650358015438,56697000
2024-06-13,164.27801513671875,169.84139278967734,161.68809844821854,167.31213551702837,89061000
2024-06-14,169.7621307373047,170.95582085022156,164.58231229662417,165.04804463112202,69705000
2024-06-17,178.94276428222656,180.3253002781613,174.02223024401863,176.11803316657327,87528000
2024-06-18,176.3645782470703,181.16868988154562,174.65134934554396,179.99163162079134,86797000
2024-06-20,169.7151641845703,176.58280147678033,168.50778351017973,176.4565707685911,68157000
2024-06-21,162.28590393066406,167.70347719343079,161.58044533421062,165.90903071320713,99289000
2024-06-24,156.28182983398438,163.03385874780497,156.12969227732336,161.17383558386638,58575000
2024-06-25,155.16090393066406,157.63930217441938,153.51289692825517,157.0592085022487,53329000
2024-06-26,156.26121520996094,158.83088404124967,154.4541961345082,156.81283739250247,46479000
2024-06-27,155.73709106445312,157.5980878478136,154.20000441367165,156.26123028855886,31649000
2024-06-28,157.5892333984375,160.89703438806663,155.67229729741456,156.64205060510912,69377000
2024-07-01,161.0511474609375,161.83147026633227,156.40846565386477,157.8513312116491,47623000
2024-07-02,162.68836975097656,162.85719183501746,159.20586011423433,161.05116097748055,32539000
2024-07-03,169.7299346923828,169.7299346923828,163.3734807798238,163.91725502743586,39954000
2024-07-05,167.18675231933594,173.28801082533178,166.46925850535698,172.31530692096328,45240000
2024-07-08,171.3632049560547,172.44682935461094,167.3526324570858,167.3526324570858,36398000
2024-07-09,170.13136291503906,173.82883868577827,167.40759445481356,172.41345619357708,37802000
2024-07-10,171.2483673095703,173.38813318233147,169.4492110545592,171.37696084479157,41074000
2024-07-11,167.44589233398438,173.22912692122205,163.77002818382326,173.2085184061522,51026000
2024-07-12,166.9276580810547,169.40506846682896,166.00893157295576,167.94452965790865,30453000
2024-07-15,168.25564575195312,170.30706149811613,166.13551499196672,166.86186024597612,22999200
2024-07-16,166.25332641601562,169.62000297459605,163.32832508793032,169.21756779509778,22244900
2024-07-17,153.10067749023438,159.8340456771577,152.7375123109736,159.31383042903647,43343400
2024-07-18,157.55686950683594,158.52858491936303,151.05906186180724,155.95695385905861,37973500
2024-07-19,154.44540405273438,160.92356238269053,154.21963895364283,158.85251132341776,26309500
2024-07-22,158.08689880371094,159.98127961625116,154.98522745934437,157.2722184519054,28813300
2024-07-23,160.74685668945312,162.2780571379185,156.94828560155818,157.43905574412355,21570200
2024-07-24,148.5463104248047,158.43042876866735,148.3107503302029,157.38999841186433,37162600
2024-07-25,146.50469970703125,150.7155159789399,142.8337485723704,148.46778030596994,30872100
2024-07-26,148.83094787597656,150.74494830344105,147.15250751520608,150.66642328883802,20839900
2024-07-29,147.4469757080078,152.13873684612554,146.39672046463528,149.2137511313214,16625800
2024-07-30,140.8706817626953,150.63700570297806,140.70382169270624,150.450510631485,31102300
2024-07-31,157.71388244628906,158.35189260422243,148.21257987883374,148.67390500112919,45827500
2024-08-01,144.30609130859375,155.97660748135874,143.47177587652868,154.59263175494854,40320000
2024-08-02,141.1651153564453,142.66687062814242,137.0230146139391,139.30999004505114,33745800
2024-08-05,139.45726013183594,142.73560143342496,126.12793986482096,127.21745029464459,41309300
2024-08-06,141.2633056640625,146.16119810579747,137.6610538594336,139.11372959248519,24751300
2024-08-07,133.7545166015625,147.32922234394192,133.32263642244305,145.5133665845855,29749800
2024-08-08,143.0496826171875,143.56989775584736,135.84516573962532,138.5934814579193,27583200
2024-08-09,145.52316284179688,146.78935824517873,141.44977649371688,141.53811152824582,18438700
2024-08-12,145.87652587890625,148.34020180786044,143.6680600330506,145.34650066583262,17778500
2024-08-13,153.27734375,153.49328382390073,147.0445565732709,148.7524421639992,22053600
2024-08-14,154.7790985107422,157.29183938317684,151.86392250465997,155.10300861998655,20184200
2024-08-15,163.0633087158203,163.59333393301847,157.38018150774116,158.22430683669947,27945000
2024-08-16,162.66087341308594,163.0240385619936,159.67698226260444,161.43394793475716,19296900
2024-08-19,164.61412048339844,164.7319005196954,157.4586837360481,161.81672480442163,20441700
2024-08-20,162.88661193847656,165.26193769855934,161.1198363797449,163.96631227356718,19417500
2024-08-21,162.71975708007812,163.39702231398465,159.87329607245155,162.07193685833124,16097700
2024-08-22,159.34326171875,169.23719054789794,158.5089613818946,167.68635495000967,30044500
2024-08-23,163.2890625,165.17361828178983,160.44260131416618,161.98361196309557,18848000
2024-08-26,156.6734619140625,162.64122888846836,155.73119158906601,161.9148986331829,18521200
2024-08-27,158.4108123779297,159.03899766585957,152.9534498808292,154.69078066819722,16683100
2024-08-28,155.26004028320312,159.28436157709757,153.36567465883323,157.12497587332453,18063600
2024-08-29,154.0331268310547,160.1873892946142,152.54119621579977,155.56434242637079,23519300
2024-08-30,159.81442260742188,160.22666779748943,155.78029077525986,158.14579186751985,25158500
2024-09-03,149.96954345703125,157.7728012196881,148.58558294641287,157.419446094673,37179100
2024-09-04,151.27499389648438,154.8772451824721,146.3967371605189,147.52551754889495,20324100
2024-09-05,149.99900817871094,153.47365453671478,147.33902715688498,147.79054232197223,31548500
2024-09-06,134.47103881835938,140.85105160901145,134.07842863747427,140.60566650167868,76634600
2024-09-09,138.2205352783203,138.97631065179488,132.40980255372713,136.54209449556944,39516700
2024-09-10,145.47410583496094,147.09364146582834,138.4364481534656,138.61313320939013,36067500
2024-09-11,155.348388671875,155.93730387014398,142.36259961926868,145.6507656404574,39700800
2024-09-12,161.52227783203125,163.24979843587147,153.93497510920878,155.18153554909492,43530700
2024-09-13,164.59451293945312,164.97731309838505,161.0118814743084,163.66205254996433,29850000
2024-09-16,160.9922332763672,162.44490862821146,157.44887243469742,162.14063355219497,26126900
2024-09-17,159.4708709716797,162.95534240863688,157.73354025935018,162.43512719159145,19844300
2024-09-18,158.6856231689453,164.37856007173528,158.38134806333855,160.7468638503903,26557600
2024-09-19,164.86997985839844,167.41068499860143,163.1367922937915,165.12601432007654,32453100
2024-09-20,168.4939422607422,169.3999277243808,163.93445805523265,164.63363546592882,91758500
2024-09-23,170.30589294433594,170.6801098402361,165.7858084416163,169.38020800797895,29431100
2024-09-24,172.1769561767578,173.30944919939392,169.06508347345525,170.1778769146741,34223400
2024-09-25,172.84658813476562,174.44190845145258,171.11338578935136,171.9898292385206,16613800
2024-09-26,175.37745666503906,177.50456069355047,172.33452494519466,175.78121544409854,24340000
2024-09-27,170.0596923828125,175.75165370358306,169.1438497687025,175.45622011753542,20580900
2024-09-30,169.8726043701172,170.286205429766,167.04632294932784,169.25219526745488,16902000
2024-10-01,164.91920471191406,169.62639759099375,163.27464289257153,169.5377720200633,23770400
2024-10-02,168.0606231689453,170.2074116356848,164.47606584659763,164.99799203443345,14317800
2024-10-03,169.2718963623047,172.27544399343554,166.61302379715116,167.03646713829866,13072300
2024-10-04,173.94952392578125,174.2055583508475,169.9710654157359,173.61470620999242,17921400
2024-10-07,172.41331481933594,175.59411367936042,171.21189574037092,172.157280353437,15588300
2024-10-08,177.97723388671875,178.83399283005699,172.2261885777083,172.74811476003833,20774200
2024-10-09,183.11773681640625,183.58057930765975,173.7328923046115,176.5099472521325,25504100
2024-10-10,182.86170959472656,183.47226140461768,179.7498367723798,180.76414737169245,16318000
2024-10-11,178.7158203125,179.80891417571664,174.69796219436256,178.3810025592497,23070000
2024-10-14,179.53317260742188,182.13296127755726,177.38638413402418,180.50809899361414,17195800
2024-10-15,173.2996063232422,178.93248496730726,170.72935919709928,178.036341767938,27657500
2024-10-16,174.12681579589844,176.51979662111293,172.65950496400075,175.7910623441153,15285100
2024-10-17,178.7650604248047,182.68443563280545,177.93785832537537,178.60749382690068,25232400
2024-10-18,177.1500244140625,179.92707910319567,175.95844778595625,179.54301994686622,17835200
2024-10-21,177.24853515625,178.9521809097611,175.5350320982212,176.64782560944496,13695100
2024-10-22,176.64781188964844,177.9378564654502,174.70781637406972,175.9387772328695,12062600
2024-10-23,170.86721801757812,176.2539042069865,169.94154802765917,174.88507626465145,19513700
2024-10-24,168.74012756347656,171.64519230597523,166.91829940601593,171.605793142081,20485200
2024-10-25,170.36497497558594,174.10709881847535,170.08924095808243,171.53685206316433,19977700
2024-10-28,169.39991760253906,171.32021358064068,168.7401243703902,170.36498673038895,13195800
2024-10-29,176.50994873046875,177.48486013505394,168.6022572029014,169.8135185070353,23702300
2024-10-30,173.94952392578125,176.46068684695004,172.94505575203848,174.7668836623549,17911500
2024-10-31,167.18418884277344,171.79289921327515,164.83059221652942,171.79289921327515,26086600
2024-11-01,166.3471221923828,168.72041829711068,164.94875248196962,165.69717126283967,17847000
2024-11-04,165.98275756835938,169.82334926054384,165.85473283649424,166.7016344694345,13621300
2024-11-05,171.25128173828125,171.7436661193877,167.45993101958865,167.45993101958865,13441800
2024-11-06,176.81521606445312,177.46516698695774,173.279900178261,176.89399936048798,24300800
2024-11-07,181.0103302001953,182.054182605619,179.02109324235573,179.21805900112656,18970600
2024-11-08,180.84291076660156,182.23143814241791,179.0604819489995,180.20281716710556,13503200
2024-11-11,176.18495178222656,180.83306072225085,174.12678903850585,180.60655312789555,17036700
2024-11-12,173.5359344482422,176.82505816595025,170.56192888798333,176.17510724409112,15862000
2024-11-13,170.9361572265625,172.91553695591313,169.9710880826699,172.04895069515126,17472500
2024-11-14,167.78488159179688,172.89583311273046,167.28263998078796,172.1080152147055,20638900
2024-11-15,162.32925415039062,166.56376218086552,160.94072680323902,165.90396901498798,20836200
2024-11-18,163.14662170410156,163.8162722049967,159.7491728406013,163.1367794270212,17856900
2024-11-19,162.83152770996094,164.2594394701168,161.80735973929254,164.12157243864755,18003400
2024-11-20,160.7635040283203,163.01861793263907,158.4099072350252,163.01861793263907,17196700
2024-11-21,161.44297790527344,163.80641669893456,158.15385415907554,163.71779112510717,24835300
2024-11-22,161.7285614013672,162.39821193939696,159.9264328548296,161.79750242388442,17332500
2024-11-25,162.3095703125,164.68285125424615,160.4089590721206,162.88072288590254,26850600
2024-11-26,162.23081970214844,163.8359826497865,160.2120406297368,162.09295266935044,16308800
2024-11-27,157.23800659179688,160.71423868106405,155.14044458487646,160.71423868106405,19722700
2024-11-29,159.61131286621094,160.21202237489473,156.65700676311903,157.13954883612007,11024000
2024-12-02,163.97381591796875,165.8153434374624,160.2710913521399,160.46804206895632,21472400
2024-12-03,165.5888671875,165.70704966106547,161.53162455273014,161.97476750605742,17024400
2024-12-04,167.962158203125,172.71859314262653,165.99262067255106,170.7982970555927,32748200
2024-12-05,167.87351989746094,169.7741162577569,166.62285945294784,168.14925392873312,18490000
2024-12-06,176.7955322265625,177.92801027685312,166.7508939965435,167.5091701403194,27830800
2024-12-09,176.21449279785156,178.03630566214335,173.33897033618265,176.22433507419464,20886300
2024-12-10,169.19313049316406,175.7812363784599,167.14480952099458,175.10174348067534,27762600
2024-12-11,180.4096221923828,182.05418411236207,173.7427339097342,177.26820764634724,41295200
2024-12-12,177.9083251953125,179.22791170815157,173.30945695629623,178.17420193764522,46967200
2024-12-13,221.37599182128906,225.21658348147878,207.89450682413624,210.64200470006014,121336600
2024-12-16,246.19216918945312,248.04353911019862,227.29445587825032,228.25952497408727,111623200
2024-12-17,236.5709686279297,238.77685581385265,230.23891341986442,236.98456965784453,70382100
2024-12-18,220.21395874023438,236.19676460615807,215.8809827294357,235.7634639998028,53960100
2024-12-19,214.9947052001953,224.57650023895613,214.26597096827922,224.43863322495875,40845200
2024-12-20,217.42706298828125,226.7823651360186,215.5757081496128,217.00361968267626,131910400
2024-12-23,229.424072265625,230.46083778731284,222.2949909731609,223.83534381678234,40643800
2024-12-24,236.66175842285156,237.20483541444264,231.8432213701201,237.09622001612445,22827200
2024-12-26,242.27024841308594,244.16606856382742,234.60797342050913,236.9777448422762,28459000
2024-12-27,238.70571899414062,242.684969278143,233.37372550655314,242.54673285636525,29282200
2024-12-30,232.6134033203125,235.76323487956245,228.7032639548135,231.7444801131707,27316800
2024-12-31,228.9204864501953,234.4697252763065,228.3971618285117,232.9096200594737,17927700
2025-01-02,229.05873107910156,236.48403786452985,227.3406520959289,233.18610124475066,31525800
2025-01-03,229.6215362548828,233.51192284516952,226.11623785128432,230.64843306383892,24973200
2025-01-06,233.43296813964844,238.70571961251028,230.36213077175054,233.52183118245577,34028400
2025-01-07,225.7607879638672,236.4840310605519,224.7338910762655,236.4840310605519,25928600
2025-01-08,226.42236328125,229.5425739339468,223.21328958843802,226.80745152172184,18756500
2025-01-10,221.48532104492188,224.96099883392392,218.46385722681998,224.43767418917497,23864000
2025-01-13,222.4529571533203,226.37296486678346,216.74574485310887,217.2197111479152,23772100
2025-01-14,221.87037658691406,227.36035775692568,220.29053423677436,223.71683814443213,18143100
2025-01-15,225.1288604736328,227.43938989934242,222.73933665730414,225.6719374924892,21745600
2025-01-16,226.52110290527344,235.5953780262294,226.32362446679943,232.2579366694541,23471900
2025-01-17,234.44998168945312,235.10167409555768,229.7301762027668,234.09451447399962,31196600
2025-01-21,237.28382873535156,239.69310478421554,234.41047008363404,238.45884574825152,30903200
2025-01-22,237.87628173828125,243.8797195638094,237.65905094021053,243.6427364022853,29610500
2025-01-23,237.25421142578125,237.37269547375817,233.14659367400705,235.40776470049263,17653900
2025-01-24,241.61854553222656,246.4469662715625,238.86368599709272,241.61854553222656,25387800
2025-01-27,199.5846405029297,215.67936728902913,193.7589284474536,210.71270982183037,90569400
2025-01-28,204.74874877929688,207.3061297011968,196.38540895004581,205.39055740500882,50316000
2025-01-29,203.75149536132812,208.78726337783516,200.21657554112824,206.2101298109656,32533700
2025-01-30,212.9442596435547,219.1649285799728,211.00893472704968,215.81761847164222,42449500
2025-01-31,218.48361206054688,223.94397308853087,213.57619669616034,216.89388574438448,41104700
2025-02-03,214.9881591796875,218.15774282875134,210.8212997116411,212.74675574890747,24507300
2025-02-04,219.62896728515625,220.221417607591,212.58876448228733,216.58776649212803,23768500
2025-02-05,229.07847595214844,234.9337935580768,224.6351434444559,230.99404837723807,29196000
2025-02-06,228.44654846191406,231.8432319092111,225.68180506993,231.54700671245578,21169500
2025-02-07,222.0382537841797,232.68250226874648,221.2878297309596,232.040693610946,22117500
2025-02-10,232.08018493652344,232.85037642470857,224.25992161006852,224.5660154357296,23901600
2025-02-11,232.08018493652344,234.89430152292462,227.0740381964697,229.55242487948408,18476200
2025-02-12,233.3737335205078,233.50208623086903,227.10369081271787,227.45915806187298,16397300
2025-02-13,232.83062744140625,233.96613972727113,227.82446556204755,233.08734789676876,20962000
2025-02-14,230.1053924560547,232.7714042413032,226.01752680308408,231.57663476915081,16988800
2025-02-18,225.65219116210938,229.2759741788118,221.47546246292723,227.20242786951277,26080500
2025-02-19,225.84963989257812,226.18536978416998,221.5741649984029,224.98073182014656,16375500
2025-02-20,223.8847198486328,226.09650239223797,219.94495959287823,225.7706561996593,16104000
2025-02-21,215.90646362304688,224.88199152385658,212.91462098944365,222.8084303613062,24883600
2025-02-24,205.31158447265625,216.71614134636317,204.92649624367266,215.84723320231555,33050400
2025-02-25,199.98944091796875,206.01263066161042,198.38984612920785,204.39328351085658,33100800
2025-02-26,210.25848388671875,210.85091914506262,203.40587575874747,204.30441989386895,21368300
2025-02-27,195.30914306640625,216.48902404771235,194.91417115472873,214.54383069928443,27572900
2025-02-28,196.91860961914062,198.65645592456787,190.71769364137447,193.2948270223654,39747200
2025-03-03,185.01048278808594,201.49031141533052,182.20624994781224,201.43106939381798,37435600
2025-03-04,185.11911010742188,191.50763632709985,178.20725924182253,186.8372041751467,37910500
2025-03-05,189.16748046875,191.6359985638115,184.74390026105863,189.4439532900658,25644500
2025-03-06,177.1902313232422,184.4773017862713,175.37340556515207,178.76020526420137,56864100
2025-03-07,192.5049285888672,193.01836952288812,179.2736620896206,185.36596315652335,74528900
2025-03-10,182.1272735595703,189.5624493268275,178.1578919929955,187.21243019700833,44217100
2025-03-11,187.69625854492188,193.15661995598214,183.01595737352184,185.68195419098166,42153200
2025-03-12,191.7841033935547,197.4616950054078,190.02651971730342,193.74904921886423,30409700
2025-03-13,188.9502410888672,193.847787396342,187.08404209642964,190.71769333533186,27236100
2025-03-14,193.07760620117188,195.01293103212828,190.76707686215164,193.7292985993485,25900900
2025-03-17,192.05072021484375,194.24276563033922,185.13886910171314,185.68194613107278,26830600
2025-03-18,186.29415893554688,190.4610195161777,184.54644355710516,188.0418743139886,24951000
2025-03-19,193.10723876953125,195.77323527121797,184.54640484600964,186.95568089246262,37962700
2025-03-20,188.70986938476562,191.9781761277567,187.12524634517226,189.68046743106606,31430000
2025-03-21,189.81912231445312,190.22518791917113,185.5703190109,186.40226235311556,43086500
2025-03-24,189.41305541992188,194.80080696982301,188.83862447106324,192.4337633784763,33180300
2025-03-25,186.4517822265625,189.75971345480707,185.87735123617549,189.0565262612658,23417300
2025-03-26,177.54812622070312,186.2536921282797,175.8743561552768,184.86714509242734,30578500
2025-03-27,170.3380584716797,176.66668254810136,168.8227551795949,175.95359686803442,32151700
2025-03-28,167.49562072753906,171.63548025841092,164.87107965947507,170.2786286444527,30391500
2025-03-31,165.8218536376953,166.3269648388469,159.077265046445,162.91010457469025,35656400
2025-04-01,166.90138244628906,167.0895599286941,161.85036151357497,164.77202396545763,20472400
2025-04-02,170.4370880126953,171.76421381104404,163.91038797349552,164.48481894119044,19523700
2025-04-03,152.53074645996094,161.8602666444248,152.22372639178627,158.99802536207517,44354900
2025-04-04,144.8848876953125,151.33236925300955,137.83327965451377,146.74683525709935,72302200
2025-04-07,152.65948486328125,158.88906277074696,136.77355569520336,143.10217914766926,68503500
2025-04-08,154.53134155273438,168.149273764319,151.6195776291734,166.01001678632772,58888200
2025-04-09,183.37164306640625,185.5307121997461,155.997123652336,158.95841038273477,72708300
2025-04-10,170.64508056640625,175.25041178546903,164.80174034695347,173.61626589799,51212200
2025-04-11,180.1925048828125,180.90559063490795,171.6453894814829,171.95240957514568,33964100
2025-04-14,176.64688110351562,184.21349951120717,174.13128404989467,183.30233777870546,25748300
2025-04-15,177.231201171875,180.50940655432726,176.36956226568714,178.00370814547034,17242400
2025-04-16,172.93289184570312,174.38877387550843,165.31675098410085,168.79303240159078,34638600
2025-04-17,169.34767150878906,174.55714453800246,168.2879414483614,174.55714453800246,22501800
2025-04-21,164.6135711669922,166.3863716921887,160.05774780195713,165.38607811229897,23469800
2025-04-22,167.95120239257812,168.88217620188036,163.63307916440144,165.82184386631172,18504900
2025-04-23,175.21080017089844,178.7167921635705,174.13127314251213,176.07243906904878,24380500
2025-04-24,186.3428192138672,186.75879842604172,176.5874372166349,177.96408570653676,27576900
2025-04-25,190.46287536621094,191.51269173277512,185.0949358475055,185.12464649091922,21242300
2025-04-28,190.621337890625,191.24529161264755,185.87733710323207,188.69996906147492,16385800
2025-04-29,189.33383178710938,191.39385543396716,188.27411687540774,189.87855212126914,14630000
2025-04-30,190.621337890625,191.34432205104162,182.25250267874907,184.1144351101876,22768900
2025-05-01,195.43466186523438,199.46556196010408,194.3551348609607,196.23687945762546,24939700
2025-05-02,201.68405151367188,203.70445080772564,199.14864255163207,201.94154879155016,17766800
2025-05-05,198.79209899902344,201.2779851760631,198.07901334201384,198.32661210869134,14025400
2025-05-06,198.1681671142578,199.97069358822455,194.05803317926143,194.55323076719984,16348800
2025-05-07,202.84280395507812,204.2491630861432,196.5240788190821,197.37581915054164,20253700
2025-05-08,205.77439880371094,209.13183766401477,201.73358489102336,206.00218545042875,18460900
2025-05-09,206.2002410888672,207.94334600390164,204.53638470149298,207.31939230252192,13289200
2025-05-12,219.45175170898438,219.66963984357437,213.80650256785768,217.3818295426096,25437700
2025-05-13,230.1876220703125,233.02015259609766,219.8677071775199,219.8677071775199,28790500
2025-05-14,229.89051818847656,231.25726833618455,226.15673934068562,228.01867195289987,19751400
2025-05-15,230.405517578125,232.2080439305699,225.8794197878664,227.94934193896447,18803700
2025-05-16,226.4142303466797,230.40552149525794,224.2155519581043,230.08860291331544,23094600
2025-05-19,228.41482543945312,229.02886556201938,219.47155894670163,219.7191577202822,15355500
2025-05-20,229.45472717285156,229.54387421623667,224.1660210197509,224.3145893505729,11787200
2025-05-21,227.52346801757812,234.22844725063823,225.6417233234588,226.19634217594742,17642900
2025-05-22,228.31578063964844,231.4454327749845,225.24554979221128,226.1468129579581,14340200
2025-05-23,226.52316284179688,228.4346180833418,224.00755088757305,224.76026081666186,15385600
2025-05-27,233.3865966796875,234.20862641703116,228.91002175817974,230.63329954122548,17941700
2025-05-28,237.1302947998047,238.67532387132286,232.17831923171224,234.87219514973296,20443000
2025-05-29,239.64590454101562,243.70653051259833,235.1197916615412,243.5480636690118,20743700
2025-05-30,239.7449493408203,240.83437488452728,232.64380316824696,238.9031074601209,27088600
2025-06-02,246.3211669921875,247.59876999598578,240.85418191925186,240.91360320609414,19197000
2025-06-03,254.38296508789062,255.40307074211765,247.00451015259347,247.6779866196704,30380200
2025-06-04,258.5722961425781,262.880520151579,255.11582749377294,255.58131432186184,31536000
2025-06-05,257.4333801269531,262.3457613753824,256.5717412625575,260.4243925452424,41970900
2025-06-06,244.55824279785156,252.86767178716102,243.76593884648406,248.7278126137887,41146700
2025-06-09,241.93373107910156,245.78636768846786,238.79418020158676,242.69633959193212,25334100
2025-06-10,242.2803497314453,243.91449554477873,239.08136278878112,241.87428412761793,25491300
2025-06-11,250.4808349609375,252.32297049991425,241.4583347579636,243.9937438627423,24599000
2025-06-12,253.61048889160156,255.41301528703764,247.10358561570615,247.78696067524552,20410900
2025-06-13,246.31126403808594,251.56036121180188,245.9646348124157,248.25244512831424,19028400
2025-06-16,249.67861938476562,252.73893672260704,247.17292090413724,247.94542789985974,20363000
2025-06-17,246.97482299804688,251.52074802449692,245.5387531153349,248.53964908058316,22014300
2025-06-18,248.8466796875,253.18461527586234,247.0144577292608,248.4802383182983,30435500
2025-06-20,248.17161560058594,251.67593769697535,242.39394213876386,251.36819501423616,42134900
2025-06-23,251.92413330078125,252.3609352546579,244.66730716540255,247.29802554970544,19747000
2025-06-24,261.85137939453125,263.9361104778464,256.8877483845425,256.8877483845425,32764900
2025-06-25,262.7250061035156,267.9070385395564,261.5138788201313,264.0651926516576,18894200
2025-06-26,268.2048645019531,269.6939538781157,262.20878946450375,263.15186122537943,23569600
2025-06-27,267.39080810546875,269.8726236061774,264.93877317894464,268.3338798183784,27477600
2025-06-30,273.64495849609375,275.6899719512188,270.15057333780976,272.73166739926404,24708400
2025-07-01,262.8143310546875,272.50334870317,260.7494738372011,272.4040700215716,28847600
2025-07-02,267.9367980957031,270.02152919641304,260.81896813352466,262.0697825574709,17582100
2025-07-03,273.1783447265625,273.7938300247665,268.1551533821042,268.7607320209012,10592700
2025-07-07,272.1856689453125,275.5410884312071,270.6767359905836,273.1287709767681,16760600
2025-07-08,269.822998046875,274.33992091978945,269.17773200663083,274.33992091978945,14869400
2025-07-09,275.87860107421875,277.4173448401232,270.7362867008635,270.97453129094976,20133000
2025-07-10,273.39678955078125,279.13474577768363,270.71644698686737,277.75487211273963,17891600
2025-07-11,272.38421630859375,274.4590104060256,269.9123377950849,272.1459717180673,14274700
2025-07-14,273.5953674316406,276.33527134945643,267.6191358673374,272.1360585956598,11934200
2025-07-15,278.8965148925781,281.29889545026657,275.8289944178167,277.7747293836108,17918400
2025-07-16,278.7674560546875,279.4623765484659,273.6648588794493,278.0725355609091,15031000
2025-07-17,284.366455078125,286.18313084080444,277.8740167229262,279.0950809539743,17231100
2025-07-18,281.279052734375,285.4385781557984,278.95607693910864,285.021619799704,15012400
2025-07-21,286.1136169433594,288.4266860141065,281.5669441610343,281.89453048535637,17726800
2025-07-22,276.5635986328125,285.9051561551598,274.41930632617675,285.5576959132122,16564800
2025-07-23,281.62652587890625,281.93426860761144,271.01427933055606,274.76678352484737,20556200
2025-07-24,286.6099548339844,289.08186351873803,281.4378601375051,287.68211602861425,16413800
2025-07-25,288.0693054199219,290.46177939650994,285.1804683020235,285.9746675054812,12476200
2025-07-28,292.1592712402344,293.3009304609522,288.47626599123106,290.3326589009196,13683400
2025-07-29,295.25665283203125,299.99194610967925,292.72518273237233,295.33605760149004,19210800
2025-07-30,300.4187927246094,301.05415202377003,293.64839288397303,294.98857929046596,16738900
2025-07-31,291.5636901855469,304.7173120254918,288.11892914092226,300.59747415612446,25488500
2025-08-01,286.5404968261719,290.511401514147,279.561602753281,284.4557658058652,21428100
2025-08-04,295.5544128417969,296.30889436508164,289.28037667960893,290.07457572927603,17164600
2025-08-05,290.7992858886719,299.0091511605925,289.3300704645004,295.64379471514013,18477500
2025-08-06,299.4757385253906,300.60743068669365,289.77678375927667,290.7695100005182,17392100
2025-08-07,301.5505065917969,308.08263136281226,297.69872426240624,303.9429802612503,16319400
2025-08-08,302.751708984375,305.63060889154826,300.34929826174954,301.83838755465973,12458700
2025-08-11,301.6894836425781,306.0674097840865,299.09848282375026,302.83111270408006,12396400
2025-08-12,310.5545349121094,311.1601136694585,302.4539154908001,304.3996504295538,17609600
2025-08-13,306.8417663574219,315.041695234587,302.53333788001714,314.44605339949277,17371200
2025-08-14,308.9661865234375,311.8848039787792,304.76694378570727,304.7768807423116,15717600
2025-08-15,304.11175537109375,309.23422644951773,297.57962998514586,308.7676439008357,22806900
2025-08-18,303.5359802246094,303.94300161229654,296.8251412495918,300.49824040001744,14724700
2025-08-19,292.764892578125,300.6967653651437,290.263233415247,300.2202761697002,20149600
2025-08-20,289.0520935058594,293.3406475542526,279.81972190735485,293.31086698084704,23600500
2025-08-21,287.4935302734375,290.2632450150385,284.08848648065555,287.9501758691864,14946300
2025-08-22,291.86151123046875,297.90721032762787,286.9078170439723,289.62787721594987,16301300
2025-08-25,292.08984375,296.22949508123116,289.58815431097145,290.6801592013728,15124700
2025-08-26,295.84234619140625,298.06604319710254,291.85156745616973,292.2089646438564,25689100
2025-08-27,298.0660400390625,298.98926812943864,291.6431003457973,295.3658235769263,13830300
2025-08-28,306.4049072265625,308.7378196398738,300.1308709520052,300.7265126760246,18907100
2025-08-29,295.22686767578125,304.7768891479581,291.523987936555,304.7768891479581,21610700
2025-09-02,296.0706481933594,296.5372307128796,285.08119233248743,287.23539119184755,19693000
2025-09-03,300.19049072265625,302.23550427484207,294.24404017250083,300.09121204335025,18529400
2025-09-04,303.87347412109375,306.5339728756522,300.0514724656378,302.8410304642512,31220800
2025-09-05,332.4541015625,353.74806100941083,329.00934033406895,353.1921367444998,78401600
2025-09-08,343.13580322265625,351.5938497927474,338.7678140240304,340.2569033164437,43535600
2025-09-09,334.22113037109375,348.4270393290871,333.3872137346865,347.00741789243057,26972300
2025-09-10,366.8818054199219,370.257068223823,348.00013492054774,348.9630804844687,51086800
2025-09-11,357.01416015625,371.5079700346033,356.1504931321263,368.48013667582694,29430900
2025-09-12,357.2523498535156,361.7394913791574,354.56207050667996,360.2702457908928,31949800
2025-09-15,361.4416809082031,362.841428494914,353.74805280742174,357.2523751047279,21792200
2025-09-16,357.38140869140625,363.03002282464877,354.39329332970084,362.7719043348916,21306500
2025-09-17,343.6520690917969,357.3119620802999,339.0160240420358,356.23983102979247,45197100
2025-09-18,342.8380126953125,348.14910413304455,341.28936218613165,347.4541836475093,24663900
2025-09-19,342.43096923828125,343.75128172100693,333.9828597941897,342.14307016475516,41240100
2025-09-22,336.9019775390625,344.7380682178848,336.05670840487335,340.521676529491,28660000
2025-09-23,337.0511474609375,343.2961488752548,335.14183394144476,338.3438906430618,21944100
2025-09-24,337.4190673828125,338.1847653485593,331.94971816245834,337.86657173075366,19677300
2025-09-25,334.2269592285156,336.1760278754911,325.47598241305116,331.134275121943,21678200
2025-09-26,332.66571044921875,337.19034180427343,328.73771110108834,335.5495430902156,15464700
2025-09-29,326.0726623535156,339.14937354465025,325.72460677517563,334.12752848470217,21336000
2025-09-30,328.0714416503906,329.205072741046,322.8009599171497,328.2802628399181,20109500
2025-10-01,331.5320739746094,336.0666592395998,322.69160226111455,326.3212552000971,21122700
2025-10-02,336.29534912109375,345.6727893830656,333.381685003865,345.6727893830656,19917600
2025-10-03,336.4842834472656,342.4806774766384,333.8689353926916,339.5968450377662,14749100
2025-10-06,333.620361328125,342.2122266379612,332.695551344048,334.04798807504466,18465700
2025-10-07,334.53521728515625,336.2257251109378,324.75998210406857,335.15175721852984,18086700
2025-10-08,343.5745544433594,344.60876709875396,330.76632886060804,331.9596534897176,21478300
2025-10-09,343.09722900390625,345.3744755727328,338.5029806322393,343.8231717160013,17643700
2025-10-10,322.8208923339844,348.6461667752932,322.2441075892104,343.4652097926264,28941000
2025-10-13,354.7121276855469,357.3771847970569,341.60555658975477,350.8040064602497,45984300
2025-10-14,342.2121887207031,348.7157501848421,337.75714457061156,348.17875107559985,22078000
2025-10-15,349.3720397949219,357.39707331833375,345.56339757170997,352.49455527791184,23918500
2025-10-16,352.17633056640625,361.21566872908346,347.54229691278044,354.81155615604735,20317200
2025-10-17,347.3832092285156,349.01408425686975,338.88086957101905,347.6616476056118,20937900
2025-10-20,347.293701171875,354.6027462260017,345.90150933954277,351.8282861957606,15640200
2025-10-21,340.7503967285156,349.14336395422873,339.40791406219176,348.0494880650942,16092600
2025-10-22,338.4035339355469,346.0705888161216,333.6402499212292,345.3645237166866,19268800
2025-10-23,342.3713073730469,344.6385998982523,338.50297147066453,338.50297147066453,12859200
2025-10-24,352.1564636230469,356.30320751585856,348.9245756412487,350.54549662310535,16143700
2025-10-27,360.0323181152344,360.7284292217221,353.10116003937577,359.5251809323712,20065800
2025-10-28,370.8914794921875,371.9754013976442,360.5096580622546,360.59915286022726,21056000
2025-10-29,383.8289794921875,384.32619303766535,371.1102485015621,371.1102485015621,24975200
2025-10-30,374.3719787597656,384.2466327695093,367.9976972843224,384.2466327695093,24295300
2025-10-31,367.5700988769531,376.7088864792694,363.06534526598335,376.1619333582533,21598400
2025-11-03,360.529541015625,372.76101282722396,359.962740620075,369.9268894594445,17198900
2025-11-04,349.9786682128906,366.8938825186382,349.04390433189366,356.52198503236366,24047500
2025-11-05,356.97943115234375,362.83659066034375,348.13896016507175,348.93452000871264,17087600
2025-11-06,353.60833740234375,361.4742595953492,350.7443824294534,358.1031370779865,19896900
2025-11-07,347.482666015625,352.52441886645397,335.39042842916786,352.21614888283403,21903200
2025-11-10,356.39276123046875,357.9937743768501,352.63379746590385,355.90547129015016,16409000
2025-11-11,349.9985656738281,359.87325018105065,347.721349386598,356.9695095961331,16446800
2025-11-12,353.24041748046875,356.870070550016,349.7201368318695,356.04470935897166,12190500
2025-11-13,338.0853271484375,351.5796794627396,332.29775430112113,349.62065691534923,22616600
2025-11-14,340.551513671875,342.8188063625058,327.22619591650084,329.62276899237725,18500800
2025-11-17,340.74041748046875,350.23721387342283,335.63900193520993,337.9262023242612,14799600
2025-11-18,338.6024169921875,346.03078841146703,333.64023562911325,341.2873822174715,21726800
2025-11-19,352.44482421875,357.6854434873824,335.9174222904431,338.81120844898686,21851900
2025-11-20,344.88720703125,373.98412274412425,343.25633205389846,363.96031113463056,28867000
2025-11-21,338.3041076660156,346.6572891403912,329.95089584413364,343.2364575279554,30280300
2025-11-24,375.8536376953125,379.8711314572402,345.7225103496172,345.79212752621737,47262400
2025-11-25,382.8842468261719,385.9669767585517,369.6782567823203,382.78479805141666,33507600
2025-11-26,395.3543701171875,397.64154019645565,381.1241214391412,383.40133753669346,28693000
2025-11-28,400.7143249511719,400.75411053140465,394.9466600651565,397.1244577834378,13365500
2025-12-01,383.92840576171875,393.2163816866779,382.9538866150901,392.64955094985896,23252000
2025-12-02,379.4435729980469,391.307081554401,377.67349389386123,386.1460022440912,22207000
2025-12-03,378.4888916015625,380.16947586227485,368.584405983006,377.8823056251257,21336400
2025-12-04,378.90655517578125,381.7506324510507,374.4316332437718,378.5584996226792,15845900
2025-12-05,388.0652160644531,391.33688967246087,383.0035858418701,384.0179208913015,24779900
2025-12-08,398.8647155761719,405.02022174829125,395.1853231699673,400.23702982872936,30410600
2025-12-09,404.0257873535156,404.6622049048363,393.30586463113883,396.5277986633077,24546000
2025-12-10,410.6685791015625,412.2994238379316,397.33330745135356,399.9586096797876,31531000
2025-12-11,404.1053161621094,407.0189801403217,391.9932019552537,402.57389000512023,45681600
2025-12-12,357.92413330078125,379.87114634278277,353.1707730499734,377.8425065927604,95588500
2025-12-15,337.916259765625,359.9825988464731,335.62908964676296,359.8732264357258,65894900
2025-12-16,339.39794921875,345.5634092347465,333.1927339698805,334.14737546643596,58061100
2025-12-17,324.2030944824219,344.67834370968916,319.6287543506516,344.67834370968916,73300900
2025-12-18,328.0415954589844,334.1573156602813,321.82642648459625,334.1274840631045,54501900
2025-12-19,338.4631652832031,341.5359714746588,330.72652429698275,331.48229854187196,159095200
2025-12-22,340.19683837890625,344.9692364534412,335.9823521806034,344.7600156991574,28739600
2025-12-23,348.0379333496094,348.8250120003124,337.29749931207215,339.5591570141213,28232600
2025-12-24,348.93463134765625,351.5649262658627,345.8659488754865,349.4029075800455,11424400
2025-12-26,350.8376159667969,351.95350047354117,346.4736865949722,349.7715357876288,15028100
2025-12-29,348.1076965332031,349.0442186073641,343.4249341345299,347.4401421635981,21946900
2025-12-30,348.56597900390625,351.38557889791855,348.01797938252247,348.68553371240546,16633600
2025-12-31,344.8297424316406,348.59586777827525,344.1522454795749,348.4464243926096,15346100
2026-01-02,346.3441467285156,359.3362953283135,344.2917098528593,351.48521194505133,25398600
2026-01-05,342.15960693359375,353.7269817780168,335.2649910643092,353.43803761093864,31136000
2026-01-06,342.50830078125,347.7689211606285,336.7594885063058,342.3389417342706,27135500
2026-01-07,342.2392883300781,348.41654528894907,334.6472600739357,340.4459068416692,20249300
2026-01-08,331.2597351074219,342.4186103632603,329.286991203525,341.5219196453333,24385200
2026-01-09,343.70391845703125,346.1150501348226,332.276013565845,336.6798049951556,22482500
2026-01-12,350.9173278808594,352.6011277594498,339.698674448018,339.698674448018,20949600
2026-01-13,353.3085021972656,358.17059657442337,349.62210011368643,351.58487107154133,18308000
2026-01-14,338.642578125,349.4029286863791,333.19265245524537,347.68924007343315,30094700
2026-01-15,341.76104736328125,348.3966076801905,340.4160264171507,347.8386654077994,22218800
2026-01-16,350.4191589355469,353.2089007262952,342.78726872505104,344.99912218243014,31291200
2026-01-20,331.3793029785156,344.1323124647733,330.58222088214137,342.837095865828,32293900
2026-01-21,327.5932312011719,334.56753991024675,323.01013837395254,334.2786261557405,32006600
2026-01-22,324.2953796386719,335.75317243641445,323.69760607803045,334.11920736137336,24275400
2026-01-23,318.8753356933594,320.8082179097134,312.9571343349264,318.1280883542196,30259500
2026-01-26,323.6577453613281,327.4736751610913,316.4343542276309,318.6262615696849,25006400
2026-01-27,331.568603515625,333.5313744429392,325.81976109514653,328.54972543001713,25537600
2026-01-28,332.0169372558594,338.7421634956658,325.5009621688594,337.6063633193964,23001700
2026-01-29,329.51617431640625,334.7170172246241,319.1045154719265,331.3394445196304,20447500
2026-01-30,330.0840759277344,336.95877640015914,327.12497497825694,331.2199065816393,28313000
2026-02-02,329.8947448730469,334.82658953615237,324.55443174960084,324.9130958822625,17278200
2026-02-03,319.1543273925781,337.65617999980896,307.51720204481353,335.5041038756759,36914800
2026-02-04,306.91937255859375,318.337333580294,294.2161680294898,318.337333580294,43330300
2026-02-05,309.3703918457031,325.33158511694234,305.574377544834,313.18632179759084,42775800
2026-02-06,331.6981506347656,333.7705033667693,315.1391228076482,318.92519452201884,33003400
2026-02-09,342.67767333984375,351.04683756640543,329.4364418037815,329.55599651471385,30091000
2026-02-10,339.1905212402344,346.73274516127924,338.5927172761311,346.1947185530291,19542700
2026-02-11,341.50201416015625,345.9257209328718,332.51509984715887,345.52716468586686,17004700
2026-02-12,329.9545593261719,345.01906131494906,328.3504525077073,342.56806806976016,22007300
2026-02-13,323.9765930175781,333.0930051290948,323.49834374015467,328.6394094515535,18397200
2026-02-17,331.31951904296875,334.51772917618604,315.14907549970434,318.5067020490309,23469700
2026-02-18,332.28594970703125,336.6399059158725,326.0289999980731,328.31057326826937,13565300
2026-02-19,332.7641906738281,337.1978705859784,328.47001153275517,331.7878068985811,15180900
2026-02-20,331.4291076660156,338.8617195900129,328.37036782936144,331.14016350541874,17658900
2026-02-23,329.1275939941406,337.2576490951474,324.1260291692235,331.03058762736407,16472400
2026-02-24,324.2953796386719,327.1050369959775,313.2959204448514,321.3562249469424,23614400
2026-02-25,331.0903625488281,334.67715600899425,328.07148438768274,329.5261174222931,20182300
2026-02-26,320.5193176269531,325.381381643834,306.7998364445101,325.30168863609674,33025300
2026-02-27,318.377197265625,318.8255578686076,308.8622591852136,309.55970225528097,28004200
2026-03-02,317.6498718261719,318.8653953895662,306.07252449915245,308.22457009461783,20567200
2026-03-03,312.68817138671875,314.72069289120583,306.2718044142909,311.85125792147716,20826200
2026-03-04,316.3646240234375,321.45588549608385,310.5958655330629,314.52140767339245,34895800
2026-03-05,331.54864501953125,334.88635581406487,321.84440283626805,328.9681545763323,57076600
2026-03-06,329.26708984375,342.24926618150187,326.1983769711768,327.0751520776263,39152200
2026-03-09,344.48101806640625,347.21095190712794,322.4222623582388,326.0489173166492,40605800
2026-03-10,341.3226318359375,351.8439019523984,339.5491660999693,347.4500841131892,29531700
2026-03-11,340.3163757324219,344.5408043378694,336.9786648345567,341.33262117838166,20104100
2026-03-12,334.7369384765625,338.58275707480584,330.9807859154956,336.5004313521793,21982700
2026-03-13,320.9776306152344,337.07832476483355,320.25029887308415,336.44065906121017,34725000
2026-03-16,323.7275085449219,327.99179909070955,318.8853296584693,324.8234470564934,31363100
2026-03-17,320.1307373046875,326.2382440667771,316.0856406013058,324.5644172389447,38026500
2026-03-18,314.77044677734375,324.2455523139513,314.3918366120746,319.2539305976079,25460600
2026-03-19,318.6661376953125,322.0835418062096,307.377733798167,311.32319151685414,23524800
2026-03-20,309.3703918457031,320.3300202096048,308.78256088212635,318.9451071216726,43325900
2026-03-23,322.0003967285156,325.9641247660054,314.4323571755344,317.4975134386726,27369200
2026-03-24,317.78704833984375,323.8873787245429,314.3424878240393,319.4943376753773,19799000
2026-03-25,318.30621337890625,323.7875283200097,316.21951965730335,322.08023899676266,19900000
2026-03-26,308.9310607910156,316.41920911815595,308.6814558467776,313.52376738951216,20343700
2026-03-27,300.2048645019531,307.01409499464205,298.3977270632729,306.5747878358005,23593900
2026-03-30,292.94635009765625,304.2883841263782,289.50178968312434,300.39455309431185,28054500
2026-03-31,309.02093505859375,309.8196587444799,295.8717323324701,298.9169311322916,29289500
2026-04-01,312.99462890625,315.29101284198265,309.98940587806464,312.8748233993929,19171000
2026-04-02,314.0529479980469,314.19274140072105,301.27318625357447,304.0088468607454,14021100
2026-04-06,313.9331359863281,315.9000242460939,309.78969983648585,314.56214534661507,12111300
2026-04-07,333.4422607421875,333.621968992959,321.29147840912157,326.2137111638498,33310900
2026-04-08,350.0759582519531,353.58042168937504,341.9887513414019,351.19418361323665,31573100
2026-04-09,354.34918212890625,358.13320177979557,350.9445668848811,351.74329055349165,20514900
2026-04-10,370.9628601074219,375.95495904827993,360.2498352807269,360.36964078021094,29958100
2026-04-13,379.1499328613281,380.25816425440775,368.89617211078104,369.07588036868225,24115800
2026-04-14,380.17828369140625,381.6759133656677,375.72533999135464,377.3028298417277,24423000
2026-04-15,396.0931091308594,396.4525256379757,384.9607343182478,389.2639212714563,29559300
2026-04-16,397.8403625488281,399.0484420471456,391.73003788508925,394.3758444183283,18872900
2026-04-17,405.8976135253906,406.0873157340535,399.1782369795804,400.2665109575457,20581700
2026-04-20,398.9985046386719,405.7777835286593,395.2743878615366,405.0589200627321,16922000
2026-04-21,401.5345153808594,402.96224842135666,393.9465185989584,398.778866907118,16275500
2026-04-22,421.98211669921875,422.5312658634436,404.2202201647497,406.3368957065317,23702500
2026-04-23,419.27642822265625,428.63161720765004,417.1397951490632,421.722569007754,19501600
2026-04-24,422.09197998046875,424.328430664838,408.2139198726521,424.3084732370687,22491100
2026-04-27,417.5391845703125,422.0819826033756,413.9748184690356,419.81558056108463,17451600
2026-04-28,399.19818115234375,405.16874261392576,394.0263738242293,399.6774336324243,25519200
2026-04-29,404.809326171875,404.9990283742698,396.15301296947183,402.8623953449198,15962500
2026-04-30,416.7703857421875,417.71889677620834,403.59126215971867,414.8634001949257,21821600
2026-05-01,420.6142883300781,422.5013163603417,412.626930002147,414.43406738629307,11882600
2026-05-04,415.84185791015625,423.160261834928,408.88287049778353,417.5591412312245,15140400
2026-05-05,426.6846923828125,432.70519332765383,418.6873701051219,420.9937175205983,21175200
2026-05-06,424.7677307128906,436.98837956106627,417.119831234386,434.87173441749127,20707000
2026-05-07,411.9080810546875,425.816061920845,405.65796319255526,421.1534583953846,22791700
2026-05-08,429.3205261230469,434.3126252640125,413.34580887195676,419.13663168773485,22561400
2026-05-11,427.75299072265625,432.96474333546047,424.37832689893474,426.9442731163034,16825500
2026-05-12,418.6374206542969,428.6615642339731,407.7646445984097,422.7608994088061,19004300
2026-05-13,416.13140869140625,417.96849751881496,404.1603342331478,415.1529462908859,16981200
2026-05-14,439.0950622558594,441.6609780428996,414.9332903643237,416.0715035872308,19733800
2026-05-15,424.51812744140625,432.12608162585786,419.13662996428303,432.12608162585786,18957100
2026-05-18,420.0451965332031,421.3431605888268,413.7152184916585,420.74410259925855,17863300
2026-05-19,410.4204406738281,417.28957387627776,405.218651499627,409.17241590505034,20652100
2026-05-20,417.0998840332031,423.4997588934565,410.76990587471755,412.15769361465635,16312600
2026-05-21,413.9149169921875,421.58277398795553,409.85134096401595,412.896509263339,16865300
2026-05-22,413.485595703125,419.32632722976456,409.56178268396343,416.83027769894267,14086400
2026-05-26,421.3431701660156,434.6221419680613,416.34107697305205,417.8387067463364,22562900
2026-05-27,421.193359375,432.11607435121795,415.8318499600915,424.3983088494184,17601000
2026-05-28,425.9059143066406,429.00102184903426,413.3558002995021,420.474538506201,17855600
2026-05-29,446.06402587890625,448.19066503671235,430.78821434578,432.26588669428304,41798400
2026-06-01,459.2431640625,465.3135431382977,441.5212123254821,449.37877140364344,30586000
2026-06-02,480.8090515136719,488.047595381557,469.71659120447544,488.0176440050159,38306700
2026-06-03,478.4727478027344,494.21781760890264,471.8931647559405,493.9981640267467,50126400
2026-06-04,418.248046875,425.80609216039676,402.3731779666581,408.3437089388015,80979400
2026-06-05,385.1204833984375,409.8513310665424,384.9806900000674,406.96588319695917,51146100
2026-06-08,395.9732971191406,402.2034268949122,390.73159319104514,401.98377332105593,37099000
2026-06-09,391.5403137207031,407.22548029921717,369.7447923517003,400.9753625803298,37026900
2026-06-10,371.51202392578125,385.2003512300928,370.5835007988036,380.8971642108943,38193500
2026-06-11,384.9607238769531,388.8845063199887,369.964439203457,372.23087161615763,35187600
2026-06-12,381.4662780761719,384.3716834858954,376.40428214162193,383.11366472907446,27600900
2026-06-15,393.3175048828125,395.5739434179131,387.9859467199298,394.88503130709665,32394200
2026-06-16,376.1147155761719,391.1709032730324,375.8651106253426,389.59338292095293,31573700
2026-06-17,392.2791442871094,400.016897953316,382.04534105115863,388.09576277066986,40005500
2026-06-18,410.70001220703125,412.0478851010793,404.7394444719192,408.93278956863384,45076100
2026-06-22,392.1300048828125,414.6400146484375,391.9100036621094,413.6600036621094,26403700
2026-06-23,380.1499938964844,391.0199890136719,376.6600036621094,377.8699951171875,33122200
2026-06-24,382.07000732421875,388.739990234375,376.9599914550781,386.6199951171875,29938700
2026-06-25,378.9100036621094,388.79998779296875,372.70001220703125,386.5799865722656,23353700
2026-06-26,365.0199890136719,373.69000244140625,363.8299865722656,370.45001220703125,34839300
2026-06-29,372.45001220703125,376.2099914550781,360.4599914550781,373.6199951171875,24285200
2026-06-30,377.75,379.6199951171875,370.6400146484375,374.7900085449219,28517400
2026-07-01,369.3399963378906,373.75,368.0299987792969,371.8699951171875,23712600
2026-07-02,360.45001220703125,374.0,356.42999267578125,365.7300109863281,26749500
2026-07-06,373.8999938964844,383.1600036621094,371.17999267578125,373.6099853515625,24544000
2026-07-07,370.7799987792969,372.9599914550781,362.010009765625,366.55999755859375,24116700
2026-07-08,388.69000244140625,395.0899963378906,376.8900146484375,377.5199890136719,31624100
2026-07-09,401.1099853515625,407.5199890136719,387.92999267578125,402.19000244140625,28074000
2026-07-10,399.9700012207031,402.44000244140625,395.70001220703125,398.5,14595900
2026-07-13,384.04998779296875,395.75,383.4200134277344,393.4800109863281,21294500
2026-07-14,389.1099853515625,397.3299865722656,384.6400146484375,395.7200012207031,20118700
2026-07-15,394.2799987792969,399.0,386.739990234375,396.0899963378906,16324100
2026-07-16,374.45001220703125,386.739990234375,371.8999938964844,384.5400085449219,23407200
2026-07-17,370.8299865722656,377.3500061035156,357.79998779296875,366.04998779296875,23272200
2026-07-20,378.1600036621094,383.5899963378906,375.9599914550781,378.760009765625,14420500
2026-07-21,386.5,390.5799865722656,379.2200012207031,390.2099914550781,17291100
2026-07-22,396.80999755859375,398.5899963378906,380.0,380.20001220703125,16966200
2026-07-23,392.4700012207031,397.6099853515625,386.82000732421875,392.19000244140625,16348700
2026-07-24,381.9200134277344,389.2699890136719,378.75,387.67999267578125,15149400
2026-07-27,383.2200012207031,389.8999938964844,373.5,389.82000732421875,18502100
2026-07-28,380.9100036621094,385.79998779296875,371.5199890136719,374.3599853515625,20328400
2026-07-29,370.32000732421875,386.1199951171875,369.510009765625,380.6400146484375,21374400
2026-07-30,387.8399963378906,388.67999267578125,377.5400085449219,380.3500061035156,23639800
2026-07-31,389.2799987792969,399.9200134277344,379.7099914550781,394.8299865722656,20391000
2026-08-03,392.2300109863281,392.6099853515625,374.6099853515625,384.4100036621094,17315100
2026-08-04,418.1600036621094,422.07000732421875,400.67999267578125,402.9700012207031,29564200
2026-08-05,418.2799987792969,427.0,416.8900146484375,421.70001220703125,16880400
2026-08-06,420.57000732421875,428.0299987792969,410.760009765625,420.54998779296875,13907500
2026-08-07,427.760009765625,430.8399963378906,421.6099853515625,428.3999938964844,14698300
2026-08-10,422.3999938964844,432.7300109863281,420.1600036621094,426.989990234375,13854100
2026-08-11,416.0799865722656,426.760009765625,413.2300109863281,426.07000732421875,12882700
2026-08-12,416.04998779296875,426.5,414.6099853515625,426.260009765625,15859200
2026-08-13,417.82000732421875,424.9200134277344,411.4100036621094,415.80999755859375,13180500
2026-08-14,392.989990234375,412.5,388.5,411.9599914550781,29513600
2026-08-17,392.42999267578125,399.3599853515625,391.30999755859375,397.260009765625,20042600
2026-08-18,380.0,385.7799987792969,377.010009765625,384.32000732421875,22878200
2026-08-19,362.4800109863281,373.9100036621094,357.6099853515625,372.3999938964844,35091400
2026-08-20,364.0299987792969,367.1199951171875,362.25,364.3900146484375,19729800
2026-08-21,368.45001220703125,375.1300048828125,365.04998779296875,370.69000244140625,19037100
2026-08-24,358.760009765625,366.1700134277344,358.7099914550781,364.9700012207031,18717200
2026-08-25,356.739990234375,362.989990234375,355.30999755859375,361.1000061035156,18014900
2026-08-26,355.5899963378906,359.4700012207031,350.05999755859375,357.1199951171875,19196300
2026-08-27,371.5400085449219,371.7200012207031,360.6099853515625,361.7900085449219,21330000
2026-08-28,368.7900085449219,376.5899963378906,365.3500061035156,373.6000061035156,16596100
2026-08-31,370.3399963378906,372.75,366.29998779296875,369.5199890136719,21948000
2026-09-01,369.67999267578125,371.3999938964844,362.0,364.25,19288900
2026-09-02,367.239990234375,371.0899963378906,364.6499938964844,369.67999267578125,37534600
