Date,Close,High,Low,Open,Volume
2018-01-02,7.986328125,7.986328125,7.885395163168705,7.898012084201571,20773300
2018-01-03,8.049413681030273,8.074646928240698,7.992638724404802,7.998947186609425,29765600
2018-01-04,8.188197135925293,8.226047311686942,8.055723024779855,8.062030886066685,37478200
2018-01-05,8.326979637145996,8.33959656191404,8.226046645433986,8.23866357020203,46121900
2018-01-08,8.29543685913086,8.339595488527284,8.270203614450619,8.333287026955222,33828300
2018-01-09,8.251280784606934,8.339597462698327,8.251280784606934,8.314364212044808,27924100
2018-01-10,8.219738006591797,8.28912988811019,8.17557997406778,8.23866339333758,56517100
2018-01-11,8.301745414733887,8.326978659699934,8.200812434869697,8.213429358156727,28342300
2018-01-12,8.345902442932129,8.383752606649619,8.263894857825461,8.263894857825461,56979200
2018-01-16,8.263895034790039,8.503610537571666,8.207120088801986,8.396369708226178,53961400
2018-01-17,7.683529853820801,7.935862278573555,7.63306336887025,7.935862278573555,132412500
2018-01-18,7.614140033721924,7.696148244225647,7.582598923350437,7.683531920398676,66541700
2018-01-19,7.569982528686523,7.645682281780409,7.513207563464069,7.645682281780409,51303700
2018-01-22,7.5825982093811035,7.62044777890626,7.50689786711467,7.5825982093811035,52851900
2018-01-23,7.5447468757629395,7.58890490060783,7.506896710461628,7.58890490060783,51831000
2018-01-24,7.60152530670166,7.626758561264318,7.519517078970962,7.569983588096278,63300500
2018-01-25,7.2987236976623535,7.525823529576893,7.21671549187189,7.525823529576893,114886800
2018-01-26,7.349188804626465,7.380730508833336,7.254564293613821,7.311339240864595,52496000
2018-01-29,7.187596321105957,7.413824871477116,7.181132507341476,7.381506419077921,55114000
2018-01-30,7.1488165855407715,7.258698366842973,7.142352770045532,7.168207415603116,52068200
2018-01-31,7.090643405914307,7.187598171651009,7.0453973143369275,7.168207341788342,57644600
2018-02-01,7.058324813842773,7.110034103463182,7.013079339530754,7.077715643344588,41352200
2018-02-02,6.9225873947143555,7.0324697832354826,6.864414292976898,7.0324697832354826,72312900
2018-02-05,6.618793964385986,6.980759538630124,6.618793964385986,6.96783191049633,96757000
2018-02-06,6.954905033111572,6.9742958592635365,6.5864756376847575,6.638185534795411,139938100
2018-02-07,6.954905033111572,7.135887515517486,6.9161227643843946,6.948441218919834,68041800
2018-02-08,6.74160623550415,7.019543553291809,6.735142419261231,6.97429807243826,73990700
2018-02-09,6.806241989135742,6.877342729115924,6.618795648464763,6.832096635558519,72103600
2018-02-12,6.9161248207092285,6.9936887648019,6.812706228585667,6.896733988791919,49068900
2018-02-13,6.845022678375244,6.909658971219571,6.806240409530048,6.870877318797625,36884500
2018-02-14,6.9419779777526855,6.948441792477978,6.7868501228854665,6.819168580088629,27844300
2018-02-15,6.954905033111572,6.980759673455275,6.877341112080466,6.980759673455275,28208300
2018-02-16,6.857951641082764,6.99368869601576,6.799779145902988,6.916124752685966,41041800
2018-02-20,6.870878219604492,6.896732863416548,6.819168931980382,6.838559760733591,27617900
2018-02-21,6.85148811340332,6.948442883817461,6.845024297662805,6.883805959259102,36037700
2018-02-22,6.870878219604492,6.935514520922965,6.825632747039228,6.851487390851284,25409600
2018-02-23,6.9161248207092285,6.922588636822809,6.864415524647447,6.896733988791919,21786800
2018-02-26,7.0389323234558105,7.077713973308638,6.916122327267696,6.941976965977318,27157800
2018-02-27,6.857951641082764,7.103571103172159,6.851488441456184,7.064789439718975,43502000
2018-02-28,6.857951641082764,6.974297864289169,6.832096993306166,6.90319773700938,41321400
2018-03-01,6.651113033294678,6.9096594556447615,6.592939934160085,6.883804813409753,75841400
2018-03-02,6.722214221954346,6.735141853353966,6.554159328723031,6.618795636450955,60491900
2018-03-05,6.838560104370117,6.870878564865016,6.657577588591389,6.664041403975041,44021300
2018-03-06,6.870878219604492,6.903196678475394,6.767459644356272,6.883805233298854,30978900
2018-03-07,6.870878219604492,6.877342034663339,6.741605000544216,6.793314288168327,30046600
2018-03-08,6.857951641082764,6.90319773700938,6.773923881702964,6.883806288859362,26948000
2018-03-09,6.935515880584717,6.935515880584717,6.832097285061969,6.870879566594725,26684400
2018-03-12,6.9872236251831055,7.013078266035729,6.903195888306265,6.909659086201975,33800900
2018-03-13,6.967832565307617,7.097105776677988,6.9355141083592,7.006614836930376,44456800
2018-03-14,7.122961521148682,7.394434975328821,7.116497706033518,7.271625570257409,91985300
2018-03-15,7.155278205871582,7.2716243934217655,7.0777142863125375,7.142351194156693,47645300
2018-03-16,7.2069878578186035,7.252233942215768,7.14881537746214,7.187597031033116,80684200
2018-03-19,7.116497993469238,7.21991657379558,7.026006427472009,7.206988943043107,63122500
2018-03-20,7.103570938110352,7.194062511437455,7.090643922734144,7.142353217085799,45612800
2018-03-21,7.174670696258545,7.232843182109078,7.064788306724213,7.110033778971292,38551000
2018-03-22,6.9484429359436035,7.148816910438971,6.935515304365592,7.110034632128338,51280900
2018-03-23,6.825634002685547,6.987225710343199,6.793315537869327,6.974298077847333,39950900
2018-03-26,7.0001540184021,7.026008671742261,6.903199222482382,6.941980894280845,52325500
2018-03-27,7.0001540184021,7.058327142523353,6.929053875822544,7.01308165328396,40677300
2018-03-28,7.019543170928955,7.077716281099585,6.935515413618424,7.0001523396798815,42263700
2018-03-29,7.1617431640625,7.194061623147602,7.0583245881288414,7.064788403230529,39864000
2018-04-02,7.019543170928955,7.168207854300944,6.91612458236935,7.148817023051871,43598100
2018-04-03,7.2069878578186035,7.226379301027361,7.0453961962852425,7.116496921870814,42523900
2018-04-04,7.32333517074585,7.342726000495215,6.98076096853136,7.026006443421001,44834600
2018-04-05,7.3362627029418945,7.355653532430684,7.2586981521400284,7.329798887637847,28755600
2018-04-06,7.226379871368408,7.336262259197408,7.1552791401712215,7.291016171229202,31920700
2018-04-09,7.2716264724731445,7.355654230125866,7.239308009310803,7.2716264724731445,36462700
2018-04-10,7.400900840759277,7.465537776970986,7.375046189559295,7.3944370238534045,43144300
2018-04-11,7.387973308563232,7.426754974449072,7.303945543912627,7.35565484270939,32979000
2018-04-12,7.310408592224121,7.459072656538016,7.271626313989879,7.433218009856321,47133700
2018-04-13,7.291016578674316,7.362117313844839,7.258698118726203,7.336262669171018,34598800
2018-04-16,7.355655193328857,7.40090067782686,7.284555058200069,7.342727559801717,32803300
2018-04-17,7.355655193328857,7.40090067782686,7.303945892067285,7.387973660723214,30906800
2018-04-18,7.32333517074585,7.420289935916042,7.303944340996484,7.355653631277035,46226100
2018-04-19,7.179226875305176,7.369188144714509,7.107172816113298,7.323335618382751,49154200
2018-04-20,7.087521076202393,7.225079277528585,7.061319543792346,7.211978823670466,44930000
2018-04-23,7.231629371643066,7.231629371643066,7.094071178784621,7.100621717657349,31936500
2018-04-24,7.179226875305176,7.3167850789942666,7.159575881833541,7.238180480413903,39625000
2018-04-25,7.277482509613037,7.310234582051814,7.120273311539494,7.179226916990529,40356100
2018-04-26,7.487096786499023,7.552600318826991,7.395391091607143,7.480546245858045,80676800
2018-04-27,7.526398658752441,7.572251817800843,7.4543445869534235,7.467445043328732,33375900
2018-04-30,7.362637519836426,7.683606449819505,7.349537065905388,7.552598787040066,66090900
2018-05-01,7.375738143920898,7.434691744712,7.270932020156174,7.36918760501216,61430400
2018-05-02,7.3429856300354,7.382288236417402,7.284032032809265,7.375737697904779,41899500
2018-05-03,7.336435794830322,7.342986333970913,7.185777142759515,7.3167848021023465,38907400
2018-05-04,7.441243648529053,7.473995727136058,7.264383423561531,7.310235958794974,32043500
2018-05-07,7.42814302444458,7.493646555487955,7.40849202760096,7.441243480775684,27510300
2018-05-08,7.382288932800293,7.447792450024365,7.362637315408657,7.415040379065432,25754100
2018-05-09,7.2447309494018555,7.388839066385244,7.218529416796347,7.342986540499058,43732000
2018-05-10,7.3429856300354,7.3691871593921565,7.218528521764243,7.231628974095753,32023800
2018-05-11,7.329885005950928,7.369187614761583,7.310234013892487,7.349536622703143,19837700
2018-05-14,7.323334693908691,7.3953887440047,7.316784155347126,7.356086137329043,27903100
2018-05-15,7.349539756774902,7.36919075721314,7.244733588178918,7.270935130327914,26950100
2018-05-16,7.467443466186523,7.467443466186523,7.336435806632932,7.34298634578406,28976700
2018-05-17,7.506746768951416,7.5198472237684895,7.454343700295415,7.467444155112489,20741100
2018-05-18,7.421591281890869,7.513296960131158,7.401940288230031,7.493645341776494,23893700
2018-05-21,7.5395002365112305,7.565701775681889,7.460895618999254,7.480546617203756,31011900
2018-05-22,7.546049118041992,7.624653718268201,7.53949857851635,7.58535110580818,22360900
2018-05-23,7.493645191192627,7.565699874324147,7.421591132754919,7.532947802418348,23595000
2018-05-24,7.611553192138672,7.631204187449262,7.493645970887375,7.500196510888864,34876300
2018-05-25,7.5395002365112305,7.605003772090893,7.513298697340572,7.572252316648047,19337500
2018-05-29,7.493645191192627,7.611552400175977,7.441242126020874,7.598451946229945,31324300
2018-05-30,7.565700054168701,7.605002041634859,7.513296987751272,7.55259897521743,25554600
2018-05-31,7.565700054168701,7.6901571807366365,7.441242302906938,7.631203574843573,61563200
2018-06-01,7.670506477355957,7.709809091003668,7.605002329507723,7.644304943155434,35406200
2018-06-04,7.690156936645508,7.722909008290283,7.657404865000732,7.690156936645507,25141300
2018-06-05,7.749109745025635,7.775311274712446,7.650854164873532,7.690156147056876,31036700
2018-06-06,7.840815544128418,7.86046653555305,7.742559337617753,7.775311406454642,31110500
2018-06-07,7.880118370056152,7.958722968858185,7.834265843595088,7.840816383002046,47314100
2018-06-08,7.925970554351807,7.939071006873827,7.860466417660472,7.886667947398257,28371900
2018-06-11,7.880118370056152,7.958722968858185,7.8735684553430145,7.925971521211037,30398100
2018-06-12,7.932519912719727,7.958721440622513,7.880116856914152,7.906318384816939,51395400
2018-06-13,7.873569488525391,7.925972561269827,7.834266871620112,7.925972561269827,28406700
2018-06-14,7.788414001464844,7.867018607173488,7.7556619262461055,7.860468067190965,34523000
2018-06-15,7.781864166259766,7.880119776120784,7.729461091041364,7.7556626286505645,56326800
2018-06-18,7.853916168212891,7.886668237764402,7.736009592398723,7.742559506554012,32706500
2018-06-19,7.788414001464844,7.788414001464844,7.644305245318724,7.7425608462810604,40064800
2018-06-20,7.7753119468688965,7.8932191529992,7.749110414917028,7.840816089095465,31964800
2018-06-21,7.670506477355957,7.749111079957527,7.624653948678504,7.729460085480597,33316700
2018-06-22,7.631202220916748,7.775310940343841,7.611551230670145,7.6967063546637124,36703500
2018-06-25,7.5329461097717285,7.644302754413413,7.454341529676482,7.618101227714997,36101900
2018-06-26,7.546049118041992,7.618103178742558,7.526397499465066,7.572250651450728,36627700
2018-06-27,7.480545520782471,7.624654277446103,7.467444440770378,7.559150126773394,27242000
2018-06-28,7.388838768005371,7.467443362647645,7.303683634302795,7.447792370160523,43836400
2018-06-29,7.251280784606934,7.447792589342685,7.22507925228842,7.415040517771092,44718500
2018-07-02,7.270931720733643,7.277481634678877,7.146473985367966,7.218528661009278,37892800
2018-07-03,7.198878288269043,7.303684425816779,7.1661262141119115,7.270932976353503,16544800
2018-07-05,7.238180160522461,7.297133763025734,7.218529167919301,7.27093223132359,32008500
2018-07-06,7.2447309494018555,7.270932482007363,7.15302527293567,7.231629870752195,25646700
2018-07-09,7.336435794830322,7.37573840498007,7.225079128215467,7.270932277505804,23916800
2018-07-10,7.369189262390137,7.375739802772134,7.316786188721987,7.336437185174065,21231500
2018-07-11,7.251280784606934,7.31678492775012,7.23818033079458,7.303683849243959,30030100
2018-07-12,7.238180160522461,7.297133763025734,7.205428089721333,7.27093223132359,27025200
2018-07-13,7.192326545715332,7.238179691744768,7.146474024379647,7.2185287004142955,36561500
2018-07-16,7.107170104980469,7.185774673575982,7.0482165223604385,7.172673599796606,46156800
2018-07-17,7.113722801208496,7.13992433432792,7.074420813876275,7.074420813876275,37584300
2018-07-18,7.120273113250732,7.139924106289219,7.0809711271737585,7.107172659456343,36420000
2018-07-19,7.087521076202393,7.139924141022484,7.054769629210191,7.133374226440329,40308800
2018-07-20,7.014452934265137,7.120732418598963,6.981240437041893,7.094162547515507,41531200
2018-07-23,6.954672336578369,7.02109671446043,6.92145983089941,7.014454720105324,34942000
2018-07-24,7.021096706390381,7.134018845483534,6.974599578578796,6.981242206402124,47303000
2018-07-25,6.9878830909729,7.021094954852535,6.72218374560594,6.855033101551571,92497700
2018-07-26,6.569409370422363,6.7487559033445335,6.536196861814284,6.735471279986849,103893000
2018-07-27,6.595978736877441,6.675688371242999,6.582693481078584,6.6159059870998655,46171100
2018-07-30,6.688971042633057,6.708898920519096,6.595976813067587,6.615904057477948,35877000
2018-07-31,6.669045925140381,6.715543054752159,6.642476046294239,6.715543054752159,38026900
2018-08-01,6.576050281524658,6.69561503941719,6.52291052990038,6.682330418249023,44126700
2018-08-02,6.5893354415893555,6.629189937997613,6.536195690727812,6.57605018713607,40318900
2018-08-03,6.669045925140381,6.682331181301391,6.595978916682461,6.595978916682461,25925100
2018-08-06,6.662403583526611,6.675688840258855,6.622549080281694,6.642476331904152,22247900
2018-08-07,6.695615291595459,6.708900546739798,6.655760793114107,6.669045414782613,27961200
2018-08-08,6.675686836242676,6.70889933462711,6.669044209870645,6.675686836242676,22600900
2018-08-09,6.582693099975586,6.688972606309976,6.57605047246073,6.682330612270946,35682600
2018-08-10,6.4697699546813965,6.582692070877077,6.4564853352043485,6.582692070877077,39180500
2018-08-13,6.283781051635742,6.476412791373461,6.257211178343496,6.469770164681463,66586200
2018-08-14,6.310351371765137,6.3900609972861275,6.277138869429109,6.316993998927501,37657400
2018-08-15,6.277138710021973,6.310351211514573,6.210714340512548,6.283781337015648,36298600
2018-08-16,6.316993713378906,6.376776088186241,6.303708459654715,6.31035108651681,28857700
2018-08-17,6.343564510345459,6.376777016012621,6.283782126839738,6.330279254688252,32742900
2018-08-20,6.456486225128174,6.469770846436296,6.350206720759943,6.350206720759943,25252500
2018-08-21,6.549479961395264,6.5760498354049,6.436557838485365,6.489698219980404,46413900
2018-08-22,6.436559677124023,6.522911950691287,6.429917681831116,6.502984697860671,30803700
2018-08-23,6.396702766418457,6.436557257095123,6.363490268537431,6.423272638028137,31511800
2018-08-24,6.429917335510254,6.443201958856495,6.383419570108632,6.409989450277026,18380000
2018-08-27,6.635833263397217,6.669045769549004,6.463128738188618,6.476413994039679,49769300
2018-08-28,6.649116516113281,6.702256256556739,6.609261394042851,6.695613630632388,33845500
2018-08-29,6.622548580169678,6.655761086016286,6.576050818594082,6.649118458151793,37336400
2018-08-30,6.443202495574951,6.582694536447673,6.423275242157695,6.55612465406601,48539300
2018-08-31,6.297064304351807,6.429914275444956,6.243924569304792,6.403344407921448,76424900
2018-09-04,6.2904253005981445,6.363492312626514,6.217357655093863,6.330279804076924,54111100
2018-09-05,6.303709983825684,6.343565121159049,6.190787833769719,6.290425360365173,44561900
2018-09-06,6.26385498046875,6.343564615303266,6.243927096653221,6.297066853209565,29519100
2018-09-07,6.15757417678833,6.3037081599520794,6.14428892369577,6.250568414533309,51229900
2018-09-10,6.230641841888428,6.303708841368679,6.177502090725372,6.184144717989705,30421700
2018-09-11,6.184143543243408,6.217355406304506,6.124361176172339,6.210713413777696,27158400
2018-09-12,6.204072952270508,6.25721271187864,6.164217815826457,6.184145700786433,25450000
2018-09-13,6.223999977111816,6.250569855948359,6.184145475594944,6.230642605189923,29315700
2018-09-14,6.277138710021973,6.297065957527222,6.217356334030447,6.230641588017798,30013300
2018-09-17,6.343564510345459,6.376777016012621,6.263854876829783,6.270496871182531,29544400
2018-09-18,6.363492488861084,6.383419741152352,6.297067469922288,6.3369226079807515,57055400
2018-09-19,6.496340274810791,6.529552776005863,6.383418150833007,6.383418150833007,40111500
2018-09-20,6.516269683837891,6.595979325314461,6.449844665869454,6.529554307346026,46314400
2018-09-21,6.542837142944336,6.602618876820687,6.49633939418404,6.536194516910625,74488600
2018-09-24,6.370133876800537,6.542838385624672,6.323636752684734,6.496340628033064,43170800
2018-09-25,6.2372846603393555,6.350206793391113,6.223999405403467,6.330278910987282,44406100
2018-09-26,6.15757417678833,6.250568414533309,6.15757417678833,6.230641168370204,58597500
2018-09-27,6.131004810333252,6.197429821192733,6.111077560465748,6.177502571325229,57272200
2018-09-28,6.144289970397949,6.164217219955734,6.0380104614553085,6.124362720840165,30987200
2018-10-01,6.190786838531494,6.270496466908093,6.177502217206635,6.263854472983571,44864700
2018-10-02,6.111076831817627,6.204071709237579,6.09779221131522,6.157574587265491,41806400
2018-10-03,6.064581871032715,6.184146665541619,6.064581871032715,6.15757678159253,47023100
2018-10-04,6.077864170074463,6.1243619242961795,6.038009676142431,6.064579549922372,38889600
2018-10-05,6.057938098907471,6.124363112987786,6.044653476176936,6.077865349741212,36952200
2018-10-08,6.1509318351745605,6.164216455406776,6.038009712559798,6.044652339413787,43657700
2018-10-09,5.945014476776123,6.184143961222895,5.945014476776123,6.131003583086937,58356900
2018-10-10,5.858663558959961,5.964943072328034,5.852021564481357,5.945015821940488,54104100
2018-10-11,5.852021217346191,5.971585346054934,5.818808713019829,5.8586632114308,66170800
2018-10-12,5.739099502563477,5.9450159041941575,5.679317117097834,5.9450159041941575,59308500
2018-10-15,5.852021217346191,5.878591094112116,5.752383704367103,5.759026331927542,40183200
2018-10-16,5.845378398895264,5.905160778035258,5.798880640966485,5.891875523348233,36772000
2018-10-17,5.818808078765869,5.885232446702464,5.7390984571565,5.845377952635659,48795100
2018-10-18,5.65274715423584,5.81880905206785,5.646104526288352,5.805523796172873,59669200
2018-10-19,5.6461029052734375,5.666030149918858,5.4401859323518105,5.5265381704495455,59831100
2018-10-22,5.68667459487915,5.713721773356299,5.592009792636932,5.66638937223519,39803500
2018-10-23,5.808387279510498,5.842196414164586,5.564962025885552,5.612295072343517,55443300
2018-10-24,5.531153678894043,5.815149385551797,5.524391722817519,5.747531114497808,58895100
2018-10-25,6.078859806060791,6.085621762784805,5.720484482811944,5.761055578300345,90399200
2018-10-26,6.072096347808838,6.12619134336848,5.990954821752666,6.058573082560573,100639800
2018-10-29,6.274951934814453,6.484568075853316,6.200572346629399,6.329046298013707,92275100
2018-10-30,6.396664619445801,6.4642828963484495,6.268190667157586,6.295237848947509,58062000
2018-10-31,6.457520961761475,6.538662507408619,6.37637941611433,6.504853368841721,68507100
2018-11-01,6.281713485717773,6.457520477188521,6.261428262042113,6.450758521011423,59794400
2018-11-02,6.342569828033447,6.389902231759127,6.261428288137009,6.329045915622889,48499200
2018-11-05,6.443994998931885,6.471042172212131,6.3222830415985145,6.34256826034483,41274300
2018-11-06,6.4507575035095215,6.471042723985519,6.362854021639491,6.396663152336507,40928600
2018-11-07,6.491328239440918,6.491328239440919,6.3899008528167025,6.491328239440919,37347400
2018-11-08,6.396664619445801,6.525138571734017,6.383140706122999,6.477806164815571,55810100
2018-11-09,6.342569828033447,6.626565540098799,6.268190244342288,6.342569828033447,52203600
2018-11-12,6.416949272155762,6.477805586968373,6.335807734024154,6.342569690082361,36317200
2018-11-13,6.4507575035095215,6.538660985379553,6.403425107447017,6.443995548399012,33098000
2018-11-14,6.4507575035095215,6.538660985379553,6.37637793186051,6.5116138097930465,46677600
2018-11-15,6.2952375411987305,6.443996711343232,6.16676295033544,6.423711487206372,57170100
2018-11-16,6.1194305419921875,6.295237537352623,6.072097492560903,6.274951668372509,54582500
2018-11-19,6.254667282104492,6.329046877094967,6.0585750363516615,6.099146134891025,56292500
2018-11-20,6.12619161605835,6.234380322282289,6.092382484149479,6.153238792614334,35159900
2018-11-21,6.160001277923584,6.220857597994724,6.072097776138124,6.119430827779943,25882700
2018-11-23,6.173526287078857,6.234382617952679,6.105907998362213,6.132955184877712,13520800
2018-11-26,6.356092929840088,6.443996423649539,6.200571810308026,6.241142256770468,46304400
2018-11-27,6.274951934814453,6.37637934945481,6.254666709828652,6.3358082546275325,34283200
2018-11-28,6.362854480743408,6.383139702683061,6.20057141551503,6.268189681787978,33199500
2018-11-29,6.335807800292969,6.383140203484236,6.261428217441601,6.335807800292969,29207600
2018-11-30,6.362854480743408,6.410186880221124,6.329045347606935,6.335807303205345,36269500
2018-12-03,6.491328239440918,6.660373238959115,6.491328239440919,6.565707807080946,64668600
2018-12-04,6.207334041595459,6.491329758848562,6.20733404159546,6.457520622060212,57930300
2018-12-06,6.099144458770752,6.166762077946554,6.031526194739393,6.166762077946554,53963600
2018-12-07,5.96390962600708,6.1735257882052705,5.950386356270022,6.0991461925121015,43534800
2018-12-10,5.761054039001465,5.984193392427738,5.666388604726024,5.970669482593169,56499700
2018-12-11,5.774578094482422,5.950385077265556,5.747530915966216,5.896290720233146,42294500
2018-12-12,5.842195987701416,5.9030516518097595,5.8083868555152955,5.842195987701416,40602700
2018-12-13,5.747530937194824,5.8827668302753455,5.72048375857872,5.862481607527169,34200400
2018-12-14,5.761054039001465,5.869242738255959,5.7204829543532725,5.761054039001465,35613300
2018-12-17,5.747530937194824,5.8962907420112005,5.686674624094688,5.734007025458969,44469900
2018-12-18,5.727245807647705,5.869243658906925,5.686674716635522,5.781340165760207,38263000
2018-12-19,5.625818729400635,5.848958130792827,5.592010237257786,5.720484184025307,75272900
2018-12-20,5.585247993469238,5.693436710412511,5.531153634997602,5.632580395918016,58926200
2018-12-21,5.443248748779297,5.679911345335946,5.436486794486275,5.558199392338838,57542300
2018-12-24,5.159254550933838,5.41620308178302,5.145730961016924,5.41620308178302,38709500
2018-12-26,5.308014392852783,5.314776349474628,5.010495072476236,5.226872847957681,58810000
2018-12-27,5.308014392852783,5.308014392852783,5.0916369397991765,5.287729167842927,49813000
2018-12-28,5.280966758728027,5.436488200998565,5.247157945799186,5.294490348385126,47331700
2018-12-31,5.172778606414795,5.314776474536492,5.07135151169532,5.308014517755532,57816000
2019-01-02,5.341823101043701,5.422964961834025,5.057827394347097,5.091636529878716,47494400
2019-01-03,5.260681629180908,5.402679161896374,5.260681629180908,5.389155571998338,39172400
2019-01-04,5.463535785675049,5.490582966995988,5.308014331865731,5.348585103847141,43039800
2019-01-07,5.605534076690674,5.65962844346154,5.4297270622575,5.483821429028366,40729400
2019-01-08,5.659628391265869,5.7745790808077615,5.6461051221257295,5.693437531399787,45644000
2019-01-09,5.896291255950928,5.930100393381872,5.652865982332653,5.7137223007372215,48404900
2019-01-10,5.86248254776001,5.930100827572784,5.7137227190853315,5.889529730713978,39490400
2019-01-11,5.96390962600708,6.03828986655599,5.882768073017512,5.930101129236565,41559900
2019-01-14,6.078859806060791,6.126192858273206,5.923338670542575,5.950385852582946,44833800
2019-01-15,5.977433681488037,6.105907648869051,5.916577354097542,6.099146336269029,65311700
2019-01-16,5.605534076690674,5.930100922171588,5.585248850365528,5.869244598340434,73869900
2019-01-17,5.652865409851074,5.7069597663200335,5.551438652685673,5.592009742465191,56722600
2019-01-18,5.801626205444336,5.815150119303822,5.632581151334988,5.673152248057742,51127900
2019-01-22,5.747530937194824,5.82191051717521,5.72048375857872,5.774578115810928,47182600
2019-01-23,5.63934326171875,5.774579179715036,5.5987721638920025,5.774579179715036,45196900
2019-01-24,5.815150737762451,5.869245109242084,5.55820215080631,5.625819792727964,79516400
2019-01-25,5.990955352783203,6.058573619584705,5.9030518638834835,5.909813819534751,53098800
2019-01-28,5.855720520019531,5.950385981641891,5.801626154765526,5.950385981641891,42116300
2019-01-29,5.923336982727051,5.94362220226327,5.828671550132193,5.889527853596351,30485000
2019-01-30,5.9921345710754395,5.999014331918042,5.861422395516503,5.957736422952528,29906100
2019-01-31,6.054051876068115,6.067810743412241,5.916459922175925,5.930218789520049,39389100
2019-02-01,5.999013900756836,6.060930431709989,5.930217609455542,6.0334120464074825,34124000
2019-02-04,5.985254764556885,5.985254764556885,5.909579364136075,5.985254764556885,28855600
2019-02-05,6.019651889801025,6.026531649422395,5.9508556057673045,5.971494884631414,26166800
2019-02-06,5.999013900756836,6.122846306573083,5.97149551545433,6.047170911013707,32644300
2019-02-07,5.716950416564941,5.930217743455878,5.703190895557746,5.930217743455878,55161800
2019-02-08,5.771986484527588,5.785745347766834,5.613755292691293,5.703190200061374,38650100
2019-02-11,5.730709075927734,5.806384470482692,5.703190690990472,5.785745845802258,27403500
2019-02-12,5.820143222808838,5.827022982157622,5.765106460198491,5.765106460198491,26235100
2019-02-13,5.785745620727539,5.957735683917252,5.7719867568391745,5.813264004594292,27182900
2019-02-14,5.792625427246094,5.827023571378344,5.723829138981591,5.765107043158299,23569900
2019-02-15,5.875180721282959,5.888940241703901,5.785745806816972,5.84078257632065,58080300
2019-02-19,6.074690341949463,6.088449865014164,5.868302088610137,5.868302088610137,37929200
2019-02-20,6.150364875793457,6.177883261918861,6.067809717417245,6.074689477971116,55316900
2019-02-21,5.9921345710754395,6.164124655599889,5.985254810232836,6.150365133914683,44730400
2019-02-22,5.9921345710754395,6.019652958355747,5.888940782796811,6.005893436670541,40947500
2019-02-25,6.02653169631958,6.088448221213753,6.0196519366446735,6.033411455994487,56615400
2019-02-26,6.1090874671936035,6.150364717272782,5.999013925529043,6.019652550568633,38348800
2019-02-27,6.040292263031006,6.129727195756783,6.040292263031006,6.074690415016332,34093300
2019-02-28,6.033413410186768,6.047172277903016,5.916460082192734,6.033413410186768,43960500
2019-03-01,6.047170162200928,6.115966444983273,5.992133398411043,6.08844806308833,37699500
2019-03-04,6.060929775238037,6.171003304525767,6.026531633313124,6.07468863835401,46196900
2019-03-05,6.033413410186768,6.0609318017094695,5.985255732954385,6.054052039806242,40852600
2019-03-06,5.9026994705200195,6.040291402775365,5.888940605339528,6.0196527769595845,50378600
2019-03-07,5.8339033126831055,5.895819847667495,5.744469046694656,5.88894074296153,54286000
2019-03-08,5.792625427246094,5.827023571378344,5.737588659070504,5.778865907157181,43766800
2019-03-11,5.923338890075684,5.937098413190066,5.813265329521319,5.82014509107851,36875300
2019-03-12,5.895819664001465,5.985254583293947,5.882060798928049,5.950856436475288,37805000
2019-03-13,5.868300437927246,5.950855584823165,5.847661815225763,5.909578339420198,49018700
2019-03-14,5.785745620727539,5.882060292306187,5.778865860738345,5.861421668428628,36307900
2019-03-15,5.79950475692749,5.8270231389732325,5.758226855813887,5.79262499739356,66555500
2019-03-18,5.895819664001465,5.895819664001465,5.792625879635566,5.8132645052907295,37198300
2019-03-19,5.985254764556885,6.1022080736282005,5.923338229626177,5.923338229626177,57293600
2019-03-20,5.854542255401611,5.964615797391996,5.833902974210868,5.964615797391996,54539700
2019-03-21,5.97837495803833,5.97837495803833,5.840783023739249,5.847662784476727,46843100
2019-03-22,5.875180721282959,5.964615635748947,5.861421856952062,5.937097250997108,41964000
2019-03-25,5.854542255401611,5.9508562765981665,5.827023869904016,5.888940401296122,45849500
2019-03-26,6.02653169631958,6.02653169631958,5.875180263921601,5.875180263921601,47852100
2019-03-27,5.9302191734313965,6.0953295287909635,5.9302191734313965,6.019654113273719,39895800
2019-03-28,6.033413410186768,6.074690669425717,5.943978473715435,5.950857579528456,38914700
2019-03-29,6.040292263031006,6.115968328616759,5.992135243905656,6.0540517862612075,33962800
2019-04-01,6.177882671356201,6.1916421911486275,6.095327520871688,6.095327520871688,45653100
2019-04-02,6.198522090911865,6.212280954924739,6.129725802577404,6.157244186693182,30699400
2019-04-03,6.281077861785889,6.377392543720679,6.232920848863541,6.239799953502381,56663600
2019-04-04,6.356754302978516,6.3980322180246985,6.315477044022534,6.336115673500524,39483100
2019-04-05,6.363633155822754,6.377392677569406,6.246679845336641,6.30859638101636,37854700
2019-04-08,6.398032188415527,6.411791055973779,6.3085972529711904,6.315477014795416,26221100
2019-04-09,6.336115837097168,6.439309643241757,6.308597445052596,6.377393753209135,29879100
2019-04-10,6.418668746948242,6.432428266157471,6.3292338403582145,6.349872463082071,28469500
2019-04-11,6.4599456787109375,6.4737045397646815,6.4186677833699255,6.432427300513559,26488100
2019-04-12,6.501224994659424,6.604419437930585,6.494345233889994,6.514984516198285,38646000
2019-04-15,6.418668746948242,6.53562203586674,6.370511741895914,6.521862516657511,41206700
2019-04-16,6.439307689666748,6.466826073362716,6.356752538578843,6.41178930597078,40950000
2019-04-17,6.535623073577881,6.590659846973434,6.459947674181517,6.466826778788393,30688300
2019-04-18,6.570021629333496,6.618178645025291,6.521863957551569,6.549383002049889,29843000
2019-04-22,6.535623073577881,6.590659846973434,6.508104686880103,6.590659846973434,38718500
2019-04-23,6.640471458435059,6.647461588379022,6.500672192633207,6.542611639066021,39493700
2019-04-24,6.6894025802612305,6.717362439881153,6.570573010222648,6.605523001401461,39796300
2019-04-25,6.570572853088379,6.661442561333903,6.528633397969289,6.654453096557801,52596700
2019-04-26,7.276557922363281,7.3045177728514865,6.955019308441219,7.010939009417629,156136700
2019-04-29,7.213648796081543,7.262579039172503,7.038899546822859,7.241608649298313,62500500
2019-04-30,7.304520606994629,7.339470600319285,7.178701564287816,7.192681161648272,46079300
2019-05-01,7.199668884277344,7.339468144176665,7.192678754628514,7.325487884879006,41805500
2019-05-02,7.227631568908691,7.234621701297092,7.12977171531823,7.199671705970805,34508400
2019-05-03,7.276557922363281,7.3045177728514865,7.199668500174574,7.248598071875077,36291200
2019-05-06,7.248600959777832,7.28355095346631,7.073851657951128,7.073851657951128,28640600
2019-05-07,7.255590438842773,7.276560166522332,7.199670720620201,7.2206404482997595,41154500
2019-05-08,7.227631568908691,7.30452102533395,7.206661838359205,7.255591431846578,33472200
2019-05-09,7.129769802093506,7.199669773988903,7.0389001052757045,7.1717099185538515,43621300
2019-05-10,7.255590438842773,7.276560166522332,7.129770739534174,7.213650316868032,37629500
2019-05-13,7.045888900756836,7.171708559682447,7.017929050619523,7.108798730219641,51102100
2019-05-14,7.157730579376221,7.192680569825146,7.0808411336810835,7.09482072989128,31297200
2019-05-15,7.241610527038574,7.269570387505301,7.017931643304768,7.136761216942267,44050200
2019-05-16,7.269569396972656,7.297529253629645,7.199670088637968,7.199670088637968,32697000
2019-05-17,7.192678928375244,7.297528209178617,7.157728945902297,7.213648651212825,34565400
2019-05-20,7.185689926147461,7.199670187976633,7.129770212061922,7.199670187976633,29535900
2019-05-21,7.157730579376221,7.206660832650965,7.09482072989128,7.206660832650965,30099300
2019-05-22,6.969000816345215,7.136759949349089,6.9410409608445685,7.108800093848443,51407200
2019-05-23,6.885122299194336,6.885122299194336,6.759302596957671,6.885122299194336,43153800
2019-05-24,6.871139049530029,6.955018592358478,6.8501693304767555,6.934048873305203,22131500
2019-05-28,6.836190223693848,6.920069780636755,6.829200760576868,6.899100058054894,27656200
2019-05-29,6.787262439727783,6.815222299419751,6.675423000959909,6.7732821765739795,32262600
2019-05-30,6.808231353759766,6.878131327939331,6.766291902544473,6.808231353759766,24759600
2019-05-31,6.654452800750732,6.668432396297128,6.5146528455932335,6.6264922764267595,48250400
2019-06-03,6.717362403869629,6.74532226333966,6.612513097510919,6.724352535391045,39446800
2019-06-04,6.9340500831604,6.955019805872479,6.794250820720769,6.8012402838811505,37324100
2019-06-05,6.836190223693848,6.934050040101638,6.745320537018499,6.899100058054894,42464800
2019-06-06,6.815220832824707,6.864150410102387,6.752310995401691,6.794251109222199,28291100
2019-06-07,6.822211742401123,6.864151194398125,6.78027162378855,6.822211742401123,18848700
2019-06-10,6.864151477813721,7.010940899095193,6.82221202408507,6.913081729317944,33883400
2019-06-11,6.9340500831604,6.975989528584557,6.843180395920773,6.899100100896626,26434200
2019-06-12,6.885122299194336,6.941042018718266,6.878132167599935,6.920071623935063,21746700
2019-06-13,7.031911849975586,7.031911849975586,6.850172425103851,6.8991020138709915,25555900
2019-06-14,6.975991725921631,7.017931851171789,6.94803186462675,6.996962121854548,21553200
2019-06-17,7.0249199867248535,7.052879840073773,6.948029890053709,6.982979873393731,19383800
2019-06-18,7.05987024307251,7.129769545840096,7.02492025838096,7.045889982549685,32591700
2019-06-19,7.017930030822754,7.115789853279259,7.010939900658253,7.094819462785757,29051300
2019-06-20,7.017930030822754,7.094819462785757,6.955020192573252,7.080839869072257,32086500
2019-06-21,6.982980728149414,7.024920846614241,6.92706101460669,7.0109405849207755,47904000
2019-06-24,6.955022811889648,7.003953074853175,6.941043212911323,6.955022811889648,28091200
2019-06-25,6.8781304359436035,6.982979716999932,6.871140306109056,6.969000123946308,28682000
2019-06-26,6.927060127258301,6.962010110399343,6.8641502909275225,6.899100274068564,33739100
2019-06-27,7.129769802093506,7.157729657528558,6.989970524918249,7.017930380353301,42954600
2019-06-28,7.150740623474121,7.206661009534308,7.129770895336325,7.129770895336325,37551600
2019-07-01,7.094820499420166,7.290540172930058,7.038900783164655,7.2276303254887075,38452600
2019-07-02,7.073850631713867,7.136760477903359,7.017930916571117,7.094820358238502,29708000
2019-07-03,7.129769802093506,7.199669773988903,7.08084022173605,7.115790207683749,19326600
2019-07-05,7.129769802093506,7.1787000490664985,7.0528803663009985,7.115790207683749,21397900
2019-07-08,7.129769802093506,7.1717099185538515,7.115790207683749,7.129769802093507,23244100
2019-07-09,7.08782958984375,7.122778905416577,7.059869737416211,7.108799312510539,25140600
2019-07-10,7.066859722137451,7.17170967644087,7.066859722137451,7.122779431119736,29082200
2019-07-11,7.12277889251709,7.129769022265181,7.066859187763281,7.094819040140186,27667500
2019-07-12,7.332479000091553,7.33946913067993,7.157729735075363,7.157729735075363,40761600
2019-07-15,7.283548831939697,7.381408652440032,7.227629124972504,7.33247840888212,33753500
2019-07-16,7.346460342407227,7.346460342407227,7.19268077990972,7.24860049961506,29530500
2019-07-17,7.220640182495117,7.33946974599766,7.2066605867619,7.325489483648844,25204400
2019-07-18,7.171709060668945,7.206659042435902,7.115789356487997,7.19966891275942,25810600
2019-07-19,7.129769802093506,7.213649368398661,7.129769802093507,7.199669773988903,38505600
2019-07-22,7.108488082885742,7.21490229965693,7.09429915981487,7.186525130080274,36238600
2019-07-23,7.214901447296143,7.250373074217654,7.1368644093208236,7.186524281071935,74624800
2019-07-24,7.328409194946289,7.342598114564968,7.193617841393464,7.221995004065897,61107500
2019-07-25,6.782149314880371,6.93822338672661,6.668639976403573,6.916940681759394,133898600
2019-07-26,6.789242744445801,6.84599707243928,6.74667733673317,6.796337204586226,47710200
2019-07-29,6.810525894165039,6.867280220236004,6.753771568094075,6.81052589416504,36487800
2019-07-30,6.7750563621521,6.796339071855762,6.725395804090029,6.782150824241701,36944700
2019-07-31,6.760865688323975,6.7963373130271165,6.668639734721794,6.789242852773494,56715500
2019-08-01,6.604792594909668,6.803432775312682,6.583509211014115,6.760866684086646,58060800
2019-08-02,6.583508014678955,6.626074098170013,6.533848147743509,6.569319771225232,41495200
2019-08-05,6.548038482666016,6.576416331767344,6.42743600681117,6.5125675244196755,47963400
2019-08-06,6.725395202636719,6.7466785870021475,6.640263694870251,6.6828297870360265,51856100
2019-08-07,6.760865688323975,6.7821490690848405,6.611885405822756,6.68992311548266,43042400
2019-08-08,6.782149314880371,6.824714724814803,6.746677688891684,6.782149314880371,25469000
2019-08-09,6.704111576080322,6.79633753266295,6.66154616631295,6.7679603672963715,38739700
2019-08-12,6.590604305267334,6.689924743290006,6.583509843287472,6.66154757193569,23050400
2019-08-13,6.569320201873779,6.682828863204342,6.512565871208497,6.590602906732013,28231500
2019-08-14,6.384869575500488,6.491283797799446,6.356492404449758,6.477095550556644,45967400
2019-08-15,6.285549163818359,6.427435696207749,6.2287948214886555,6.427435696207749,40682800
2019-08-16,6.356492042541504,6.384869211976574,6.250077826301263,6.3281148731064345,27369900
2019-08-19,6.406150817871094,6.455811363263252,6.399057034156474,6.420339738430273,21844000
2019-08-20,6.356492042541504,6.434529089346675,6.335209334606473,6.384869211976574,25108600
2019-08-21,6.413247108459473,6.420341570763787,6.363587225459601,6.399058860416008,20434800
2019-08-22,6.413247108459473,6.484190378372287,6.399058860416008,6.420341570763787,20974700
2019-08-23,6.221700668334961,6.377774762233003,6.193322822282494,6.313925961745128,44982300
2019-08-26,6.257172107696533,6.321020913132643,6.235889398072876,6.299738203508986,31888200
2019-08-27,6.21460485458374,6.321019047865438,6.207510394614309,6.306830804491517,23024400
2019-08-28,6.384869575500488,6.413246746551219,6.172040454337447,6.186229378145375,35147300
2019-08-29,6.470001220703125,6.484190144800643,6.406152415394568,6.455812973170745,22011000
2019-08-30,6.505474090576172,6.548039517826891,6.455814199928577,6.498379627179296,32057900
2019-09-03,6.455813407897949,6.526756003467321,6.413247309304179,6.5125677549795205,26331000
2019-09-04,6.526753902435303,6.548036606598465,6.434527948974977,6.505471198272141,27406400
2019-09-05,6.626075267791748,6.668640682231423,6.562226469567171,6.562226469567171,36626800
2019-09-06,6.626075267791748,6.675735143493058,6.526754839824065,6.647357975011586,29210100
2019-09-09,6.767960548400879,6.845997586105923,6.661546344569909,6.661546344569909,48059400
2019-09-10,6.682829856872559,6.682829856872559,6.413246407845683,6.441623577397718,70567300
2019-09-11,6.682829856872559,6.6899243184018395,6.590603886687173,6.590603886687173,34190300
2019-09-12,6.6757354736328125,6.725395351789986,6.611886672250677,6.640263842135504,35687700
2019-09-13,6.704111576080322,6.803431993145842,6.69701711559743,6.718300497046107,27161300
2019-09-16,6.597699165344238,6.704113395202544,6.555133067461813,6.640264586661491,50052600
2019-09-17,6.583508014678955,6.604791394706956,6.512565444280453,6.576414231234566,27391200
2019-09-18,6.56222677230835,6.640263820091286,6.540944064106657,6.569321233897279,24309400
2019-09-19,6.455813407897949,6.61898198661617,6.455813407897949,6.60479373812837,28780700
2019-09-20,6.505474090576172,6.597700085039754,6.462907986760185,6.477096913553937,37491300
2019-09-23,6.498377799987793,6.548037676672195,6.441623461901312,6.477095092346632,22051100
2019-09-24,6.4629058837890625,6.548037387154746,6.4203404703887434,6.519660219366186,33092500
2019-09-25,6.526753902435303,6.548036606598465,6.448716869460396,6.455811329703106,20510300
2019-09-26,6.484189987182617,6.548038114374011,6.434529430613592,6.548038114374011,26556300
2019-09-27,6.441623210906982,6.810527070660051,6.427434965220739,6.484189301095818,32459500
2019-09-30,6.498377799987793,6.533849430433113,6.455812384705471,6.462906169542473,21510000
2019-10-01,6.313925266265869,6.555131518622253,6.292642560635898,6.519659891528959,39559500
2019-10-02,6.10819149017334,6.285548973731318,5.987588347228706,6.278455188578481,68137000
2019-10-03,6.179134368896484,6.179134368896484,5.994682435122843,6.0656256947481095,40827900
2019-10-04,6.2004170417785645,6.214605964250971,6.1436627050190635,6.18622879587122,27827400
2019-10-07,6.157850742340088,6.235887775025817,6.108190197390112,6.172038986207964,29340400
2019-10-08,6.058531284332275,6.143662790658212,6.030154115556963,6.136568329323116,31091200
2019-10-09,6.072720050811768,6.129474386902667,6.072720050811768,6.10819100344479,16898500
2019-10-10,6.115286350250244,6.1365690602253595,6.04434375814481,6.08690917809504,28069600
2019-10-11,6.228795051574707,6.292643858195424,6.19332341716707,6.19332341716707,34175700
2019-10-14,6.257172107696533,6.271361031822398,6.21460668844922,6.257172107696532,24794500
2019-10-15,6.434528350830078,6.455811732887417,6.228793726897535,6.2713598144472025,29771700
2019-10-16,6.434528350830078,6.519659849364405,6.427434566709308,6.4629055170081875,27190300
2019-10-17,6.4629058837890625,6.484189267054269,6.406151548211939,6.470000344877464,28361200
2019-10-18,6.590604305267334,6.611887014641788,6.448718448495755,6.448718448495755,42422900
2019-10-21,6.511285305023193,6.662710576659474,6.496864210788906,6.626656809571138,33610200
2019-10-22,6.540128707885742,6.59060426094195,6.460810964038081,6.496864734030096,35878500
2019-10-23,6.641078472137451,6.641078472137451,6.4680212184252746,6.496864094043971,44770400
2019-10-24,6.201225757598877,6.410336821944941,6.165171983538823,6.395915037253501,120395200
2019-10-25,6.287753105163574,6.3093850900680835,6.215645571924006,6.25169933854379,51373600
2019-10-28,6.208435535430908,6.316596850174716,6.1868035475495455,6.316596850174716,39635300
2019-10-29,6.230067253112793,6.280542112965001,6.194013487074762,6.194013487074762,36771800
2019-10-30,6.157959461212158,6.230066990245766,6.143538368006454,6.230066990245766,28685300
2019-10-31,6.194014072418213,6.201224963840937,6.129117424950606,6.186803180995488,29124100
2019-11-01,6.410336017608643,6.43917889570392,6.230067857596045,6.230067857596045,55354900
2019-11-04,6.489654064178467,6.525707835402045,6.439179197066551,6.439179197066551,46716500
2019-11-05,6.504074573516846,6.5978133975978155,6.489652792785401,6.504074573516846,37569700
2019-11-06,6.431966781616211,6.525706289524118,6.410334799073871,6.525706289524118,39497700
2019-11-07,6.410336017608643,6.496864651894475,6.403125126167709,6.460810882358264,32640400
2019-11-08,6.518496513366699,6.518496513366699,6.359860343054916,6.417546098137666,29476800
2019-11-11,6.54733943939209,6.561761222103795,6.446389023415503,6.453599914771355,24846600
2019-11-12,6.518496513366699,6.583393159751904,6.518496513366699,6.532918295971609,28703900
2019-11-13,6.352650165557861,6.48965366252596,6.345439274225739,6.48965366252596,34491200
2019-11-14,6.338228702545166,6.424757339889138,6.331017810849381,6.3814933650513925,26527800
2019-11-15,6.453600883483887,6.460811775922124,6.381494022107168,6.381494022107168,26416300
2019-11-18,6.453600883483887,6.525708432529158,6.410336904191566,6.525708432529158,38291400
2019-11-19,6.41754674911499,6.489654294117029,6.395914760681784,6.482443402083122,31168900
2019-11-20,6.294963836669922,6.410336037069746,6.258910754692715,6.403125145606921,38271500
2019-11-21,6.280543327331543,6.338229089078794,6.251700446457917,6.323807992476243,33161400
2019-11-22,6.410336017608643,6.417546221381119,6.32380738332281,6.3454393699771545,34966700
2019-11-25,6.489654064178467,6.49686495595688,6.395914534064559,6.41754652173131,30580900
2019-11-26,6.496864318847656,6.50407520991894,6.424756783471661,6.475231645633805,30093800
2019-11-27,6.561761856079102,6.597814941004793,6.504076094995776,6.5112862993798055,37396100
2019-11-29,6.5329179763793945,6.561760852509768,6.5112853035303075,6.5184961944800035,13096200
2019-12-02,6.496864318847656,6.590603839769082,6.489653427776373,6.5473391810098,37232700
2019-12-03,6.410336017608643,6.45359999091733,6.3454393699771545,6.45359999091733,40653100
2019-12-04,6.453600883483887,6.511286647652683,6.446389991045649,6.453600883483887,29982900
2019-12-05,6.439177989959717,6.48965284760947,6.403124225494881,6.468020863997913,25768600
2019-12-06,6.504074573516846,6.540127650008747,6.453599028625145,6.460809918990867,31086900
2019-12-09,6.496864318847656,6.540128289938516,6.460810551159659,6.468021442230943,21772900
2019-12-10,6.540128707885742,6.561761382482031,6.460810964038081,6.5040756255621925,34217700
2019-12-11,6.568971157073975,6.590603830256603,6.5329180771064355,6.5329180771064355,33204200
2019-12-12,6.720397472381592,6.749240353426075,6.5689721749809165,6.5689721749809165,48390900
2019-12-13,6.655500411987305,6.7708726167936115,6.62665753270285,6.720397062294451,35334500
2019-12-16,6.770871162414551,6.770871162414551,6.648288779869117,6.66270987257946,42337600
2019-12-17,6.770871162414551,6.785292255124894,6.713185416236504,6.763660272225211,35503900
2019-12-18,6.87903356552124,6.900665554084206,6.749240258806409,6.770872935037892,45905300
2019-12-19,6.7852935791015625,6.90066509396946,6.76366159198095,6.886243998445209,42236000
2019-12-20,6.835768222808838,6.879032883312637,6.806925345029121,6.850190005532921,50191200
2019-12-23,6.806924343109131,6.900663854012682,6.7780814695748335,6.850188997244749,54784400
2019-12-24,6.828557968139648,6.842979063087627,6.799715090575246,6.806925294215013,11881600
2019-12-26,6.81413459777832,6.842977468622116,6.799713506190565,6.82855637703436,28961300
2019-12-27,6.749240875244141,6.821348427264616,6.742030670176958,6.814137534528853,28272800
2019-12-30,6.669922828674316,6.742030377565243,6.6555010438287106,6.73481948514244,36074900
2019-12-31,6.705976963043213,6.727608953804103,6.66992318666267,6.66992318666267,32342100
2020-01-02,6.79250431060791,6.79250431060791,6.6266572461427415,6.698764785069938,43425700
2020-01-03,6.641078472137451,6.756449974612235,6.597813814875209,6.7131860050183905,45040800
2020-01-06,6.605025291442871,6.6122361829041205,6.532918439835761,6.561761318012297,43372300
2020-01-07,6.669922828674316,6.669922828674316,6.576183290183533,6.633869054228853,44984100
2020-01-08,6.669922828674316,6.70597660311978,6.612237064628996,6.6555010438287106,45994900
2020-01-09,6.6771321296691895,6.713185895521597,6.619446379372693,6.7059750048174385,51817400
2020-01-10,6.669922828674316,6.749240582319495,6.669922828674316,6.684344613519922,39796300
2020-01-13,6.662711143493652,6.677132926623292,6.568971616156397,6.669922035058472,48553700
2020-01-14,6.698764801025391,6.727607679131276,6.641079044813617,6.648289936257203,42935600
2020-01-15,6.626657962799072,6.7059764017307675,6.619447758261352,6.684344412780546,55923900
2020-01-16,6.612236976623535,6.691554729213035,6.597815191969876,6.655500955247429,44310400
2020-01-17,6.605025291442871,6.6555001563346945,6.5833933047275845,6.6266572781581585,41644900
2020-01-21,6.641078472137451,6.648289362959225,6.561760736103137,6.597813814875209,49556400
2020-01-22,6.605025291442871,6.6699219392571925,6.597814399981623,6.648289952541905,39914800
2020-01-23,6.590604782104492,6.60502587864059,6.439179486298604,6.590604782104492,75848700
2020-01-24,6.489654064178467,6.576182702513961,6.460811184733302,6.5689718107355475,68100900
2020-01-27,6.410336017608643,6.460810882358264,6.331017587095287,6.403125126167709,60769300
2020-01-28,6.468021392822266,6.489653378202451,6.388702966980894,6.4463887197736645,85163400
2020-01-29,6.497354030609131,6.570687880133054,6.482687680322398,6.490021205147475,59057400
2020-01-30,6.482687950134277,6.482687950134277,6.402020572427872,6.460688074106826,42827800
2020-01-31,6.468021392822266,6.482688444200689,6.409354586035576,6.438687989428921,59813700
2020-02-03,6.585352897644043,6.702687173008322,6.490019891665689,6.490019891665689,71405400
2020-02-04,6.732021331787109,6.776021078104353,6.651353964599898,6.658687488773892,86196400
2020-02-05,6.094019889831543,6.218686313680618,6.0573529654696205,6.167353039191974,145792500
2020-02-06,6.050020217895508,6.145353953737481,6.050020217895508,6.138020428050368,68823400
2020-02-07,5.947353839874268,6.020687708912499,5.881354196976186,6.020687708912499,98256500
2020-02-10,5.91068696975708,5.976686605565082,5.9033534437683475,5.976686605565082,71834900
2020-02-11,5.940018177032471,5.976684394685601,5.9253511304806015,5.940018177032471,80164500
2020-02-12,6.042685508728027,6.108685828258663,5.962018840059121,5.969352364309939,111536800
2020-02-13,6.050020217895508,6.130686902363253,6.0206868145105545,6.0206868145105545,67648800
2020-02-14,5.940018177032471,6.064685275270276,5.9253511304806015,6.064685275270276,46359700
2020-02-18,5.91068696975708,5.976686605565082,5.88135356516568,5.954686726962414,65094800
2020-02-19,5.86668586730957,5.940019720396322,5.86668586730957,5.910686319034312,69668200
2020-02-20,5.888686180114746,5.91801958365172,5.859352776577771,5.866686302302892,52318200
2020-02-21,5.7860188484191895,5.888685753358269,5.7860188484191895,5.881352927528069,58326300
2020-02-24,5.551352500915527,5.661352598482455,5.536685797927818,5.646685895494746,110048200
2020-02-25,5.302016735076904,5.63201763593595,5.29468321076899,5.63201763593595,108888300
2020-02-26,5.287350654602051,5.47068458756417,5.287350654602051,5.353350982366567,92469500
2020-02-27,5.111351490020752,5.338685945459997,5.074684901810623,5.228685481465939,118642400
2020-02-28,5.104015827178955,5.104015827178955,4.8913485301866375,5.016015638702478,116490700
2020-03-02,5.280016899108887,5.302017123964596,5.045349698950445,5.214016923905181,96766000
2020-03-03,5.111351490020752,5.382686061121254,5.052684669139077,5.346019123229289,97457800
2020-03-04,5.1920166015625,5.19935012627061,5.074683003686372,5.19935012627061,70588100
2020-03-05,4.942682266235352,5.111349484946505,4.920682391875726,5.104016310053863,78070900
2020-03-06,4.759347915649414,4.89868172276751,4.693347948885228,4.840014930229715,109932200
2020-03-09,4.326680660247803,4.502681058786133,4.304680435589657,4.378013934980628,103901700
2020-03-10,4.590681552886963,4.612681427600543,4.253347110037302,4.590681552886963,101873600
2020-03-11,4.326680660247803,4.480681183809696,4.312013960369608,4.444014259273357,98587100
2020-03-12,3.923346757888794,4.172681060714171,3.813346309602199,3.9453469874188274,89453100
2020-03-13,4.1286797523498535,4.326680361892797,3.7546784067233583,4.3046801387517215,125375300
2020-03-16,3.674011468887329,3.8280116208764965,3.666677945149833,3.6960113407364994,110310900
2020-03-17,3.674011468887329,3.769344829703164,3.44667712856818,3.7253447363231653,104233500
2020-03-18,3.3000106811523438,3.549344933404225,3.0066763284469036,3.4833446078830295,125954700
2020-03-19,3.278010368347168,3.358677391860458,3.0066762479717544,3.1753434700367937,126603800
2020-03-20,3.175344228744507,3.4833453469502467,3.116677415692326,3.3293447878473765,129378600
2020-03-23,2.940676212310791,3.3146772231636956,2.904009288841309,3.131343305179682,134925000
2020-03-24,3.630011558532715,3.65934495842408,3.124010235565806,3.2780104101546197,146192100
2020-03-25,3.95267915725708,4.304680292298266,3.7546785406515193,4.231346795348372,198999400
2020-03-26,3.8500123023986816,4.143346642993969,3.784011979602275,3.9306793247407685,138227600
2020-03-27,3.8060123920440674,3.88667941837673,3.60067823856503,3.7180121904166445,106324000
2020-03-30,3.6886796951293945,3.7546796877064534,3.615345826094302,3.7473465106120263,97879700
2020-03-31,3.542010545730591,3.80601143382875,3.4833437594158063,3.688677861199181,231800800
2020-04-01,3.226677417755127,3.498011565352634,3.19734401529495,3.3953446567420147,119174500
2020-04-02,3.197343587875366,3.351344105045439,3.116676567052544,3.2193434619386947,90891700
2020-04-03,3.1093428134918213,3.241343446873236,3.0580095446716427,3.226676748684375,85659900
2020-04-06,3.3220107555389404,3.42467765194044,3.234010208941671,3.3293439304410555,102205300
2020-04-07,3.4540116786956787,3.6886792628042055,3.3953448700889877,3.5566785937573884,115150400
2020-04-08,3.6886796951293945,3.7326798067413685,3.5200124257759273,3.564012537387901,117022200
2020-04-09,3.9380135536193848,4.21668126924997,3.8426798062170593,4.040680827598102,175681700
2020-04-13,3.7840123176574707,3.9820129540539257,3.681345411665683,3.9820129540539257,99320000
2020-04-14,3.8793458938598633,3.989346320748033,3.7840121672446685,3.8646791935868885,74877000
2020-04-15,3.6886796951293945,3.7693463915771117,3.6300125299649597,3.71067957609448,74727700
2020-04-16,3.622678756713867,3.718012491025698,3.586011828230318,3.71067896545629,58951200
2020-04-17,3.75467848777771,3.8720124309269264,3.688678516293073,3.7913454105771573,91989300
2020-04-20,3.6520121097564697,3.7326791415096485,3.6006784805168577,3.674012336482515,71079400
2020-04-21,3.498011827468872,3.60801226977806,3.4613448968052207,3.586012041443516,82400200
2020-04-22,3.498011827468872,3.586012041443516,3.4833451251397647,3.5713453391144085,62237200
2020-04-23,3.5860114097595215,3.6520117334552817,3.498011211286311,3.520011435745466,61959800
2020-04-24,3.5713443756103516,3.637344693126157,3.5200111061484334,3.6153444707269977,54320400
2020-04-27,3.791346549987793,3.806013253579007,3.5786791730742853,3.6006790536202087,91082800
2020-04-28,3.9453465938568115,4.062680207161125,3.828012630870747,4.026013278162652,106222800
2020-04-29,3.857346534729004,4.033346961568377,3.820679604296586,3.9086798177162723,126393000
2020-04-30,3.732679605484009,3.842679703742093,3.710679376023321,3.784012891422639,93437900
2020-05-01,3.6080121994018555,3.7033459375224007,3.5933454973588304,3.681345709616983,82660100
2020-05-04,3.564011812210083,3.644678492244362,3.4980114833804623,3.5786785130964733,84214700
2020-05-05,3.6446785926818848,3.732679150107015,3.6226787155869085,3.659345293972449,96301300
2020-05-06,3.5713443756103516,3.732678407386394,3.534677804520649,3.703345010641963,89390400
2020-05-07,3.5713443756103516,3.6520113914983727,3.556677677238136,3.593344598009511,67222900
2020-05-08,3.8426785469055176,3.850012071078588,3.630011241429997,3.637344765603067,101207100
2020-05-11,3.75467848777771,3.806012109760598,3.7033452154765136,3.798678585328032,75734000
2020-05-12,3.6520121097564697,3.8280125248378702,3.644678584287208,3.7766792452799987,70965200
2020-05-13,3.4613442420959473,3.6740119101648085,3.4173441434311935,3.6666783855464997,100192300
2020-05-14,3.5860114097595215,3.6080116342186765,3.31467728962627,3.4026774880994806,108061100
2020-05-15,3.5933454036712646,3.62267880699252,3.4833449663756824,3.5200118953681265,80544700
2020-05-18,3.894012928009033,3.9086796295395443,3.7546790886283046,3.7546790886283046,136157700
2020-05-19,3.886679172515869,3.9966792427509805,3.776678752599062,3.8646789486598294,94836300
2020-05-20,4.026013374328613,4.062680304202918,3.938013162248392,3.945346688095956,87685400
2020-05-21,4.1286797523498535,4.17267984895032,3.9893459382741994,3.9966791128667687,87098200
2020-05-22,4.143346786499023,4.202013586713669,4.033346361255707,4.16534666173866,76656500
2020-05-26,4.282680988311768,4.39268107354275,4.268014286968854,4.341347793683423,86046300
2020-05-27,4.422013759613037,4.466013853031866,4.282679955612583,4.40734706180676,110413900
2020-05-28,4.290014266967773,4.451348335288513,4.260680863578866,4.436681633594059,76930200
2020-05-29,4.187346935272217,4.253347261120767,4.084680033704696,4.2166803357200795,92936300
2020-06-01,4.304680824279785,4.312014349721916,4.1580138122545796,4.202013915862142,61879700
2020-06-02,4.326680660247803,4.400014159638774,4.275347035833269,4.370680759882386,80046000
2020-06-03,4.539348125457764,4.5980149268075055,4.341347496061525,4.39268077240169,98876600
2020-06-04,4.8180155754089355,4.825348750423039,4.488014307413371,4.546681106253017,115798600
2020-06-05,5.382684230804443,5.5000178326699185,5.148016677391775,5.309350379956804,208648200
2020-06-08,5.522017955780029,5.676018130540747,5.404684006401883,5.522017955780029,113169300
2020-06-09,5.309351444244385,5.456018825658198,5.170017938939853,5.294684741071182,115749600
2020-06-10,4.994016647338867,5.382684766739125,4.964683243951876,5.375351241051502,147327100
2020-06-11,4.495349407196045,4.737350212043021,4.429349060535297,4.451349292649488,116184700
2020-06-12,4.737348556518555,4.86201567900826,4.6200149587313994,4.810682055135527,88778000
2020-06-15,4.766682147979736,4.825348949236566,4.480681317011833,4.532014593270699,104742600
2020-06-16,4.803348541259766,5.038015720279349,4.7226815236309445,5.038015720279349,109535200
2020-06-17,4.642014026641846,4.810681218985495,4.627347329467687,4.810681218985495,67831400
2020-06-18,4.642014026641846,4.730014209686799,4.539347146422734,4.590680761373111,61301800
2020-06-19,4.568681240081787,4.906015676403591,4.568681240081787,4.869348753014905,126127800
2020-06-22,4.605348587036133,4.605348587036133,4.495348156434751,4.598015061811234,71724300
2020-06-23,4.510014533996582,4.6786817555828515,4.502681009297234,4.642014831449517,86672800
2020-06-24,4.363347053527832,4.48801417214549,4.297347081663309,4.444014074341909,75536300
2020-06-25,4.422013759613037,4.436680457419313,4.25334656000003,4.297346653418859,73612700
2020-06-26,4.334014892578125,4.451348869907634,4.260681375298303,4.42934863988279,118435400
2020-06-29,4.407347202301025,4.4513472971224575,4.260679869881248,4.334013361250301,58208400
2020-06-30,4.458681106567383,4.473347806930497,4.326680803299354,4.385347604751812,61909300
2020-07-01,4.385348320007324,4.5320153475600335,4.363348091033529,4.47334853653895,62454700
2020-07-02,4.436682224273682,4.5246824461563495,4.400015290315004,4.473348808550561,67270500
2020-07-06,4.539348125457764,4.546681300785622,4.480681324108022,4.502681199773315,63921800
2020-07-07,4.488013744354248,4.546680535833651,4.466013872390302,4.502680442224099,56652000
2020-07-08,4.466014385223389,4.532014358375673,4.436680986115328,4.495347784331448,60928600
2020-07-09,4.282680988311768,4.473348105769648,4.268014286968854,4.466014929939062,82693000
2020-07-10,4.473348140716553,4.473348140716553,4.209347164799919,4.2533476188541455,73710700
2020-07-13,4.444014549255371,4.561348155937209,4.4366813736786215,4.51001487785477,80190700
2020-07-14,4.66401481628418,4.686014689888725,4.458680681112205,4.532014175930165,106131800
2020-07-15,4.942682266235352,4.9720160148510155,4.781348572098538,4.796015271565521,101648700
2020-07-16,5.030683994293213,5.060017400116818,4.862016735966593,4.884016615493407,93498500
2020-07-17,4.986683368682861,5.0673500514956995,4.935349738971446,5.0600168756407795,80769000
2020-07-20,4.884015083312988,5.023348892105136,4.82534829007033,4.98668232116931,71361700
2020-07-21,4.898683071136475,4.994016810091962,4.86934966679352,4.920683299234573,63285100
2020-07-22,5.016016483306885,5.045349884404913,4.847349252152363,4.869349128135022,75629600
2020-07-23,5.118683338165283,5.17735013979991,4.986683034487372,5.03801631107681,88652600
2020-07-24,5.04534912109375,5.140682835080159,5.030682422763662,5.060015819423838,62292000
2020-07-27,5.0820159912109375,5.089349515648476,4.964682397663853,5.07468281645509,60370200
2020-07-28,5.140684127807617,5.1700175318442625,5.060017091865962,5.060017091865962,56312500
2020-07-29,5.074683666229248,5.177350577774893,5.0086833339661725,5.170017401791079,59437200
2020-07-30,4.942682266235352,5.008682588677624,4.89134899294176,4.942682266235352,58991000
2020-07-31,4.847349643707275,5.060016993687494,4.781349311064535,5.052683467979744,115301700
2020-08-03,4.906016826629639,4.928016706075411,4.788683203767442,4.876683420914089,53845900
2020-08-04,5.030683994293213,5.06735057673183,4.935350250525606,5.06735057673183,69377600
2020-08-05,5.104015827178955,5.155349445297732,5.030682336781891,5.030682336781891,81728400
2020-08-06,5.0820159912109375,5.133349613228633,5.0526825928241665,5.0820159912109375,48668500
2020-08-07,5.030683994293213,5.074684103028621,4.979350359261014,5.038017170908224,47480100
2020-08-10,5.199350833892822,5.228684237354077,5.067350168635423,5.067350168635423,57229000
2020-08-11,5.302016735076904,5.4120171519238145,5.272683337208619,5.287350036142762,74016400
2020-08-12,5.214017391204834,5.404684508421865,5.177350463052996,5.375351105773091,59161400
2020-08-13,5.155351161956787,5.265351259340028,5.13335093267107,5.155351161956787,50066800
2020-08-14,5.162683010101318,5.214016632103959,5.08201598972051,5.111349388098678,43517700
2020-08-17,5.118683338165283,5.17735013979991,5.03801631107681,5.170016964436442,64555200
2020-08-18,5.052683353424072,5.140683911513141,5.052683353424072,5.1186836845704375,40444200
2020-08-19,5.038016319274902,5.148016747359685,5.030683143899501,5.052683019707425,44158100
2020-08-20,5.016016483306885,5.052683059838557,4.935349455446446,4.964682856544474,41824500
2020-08-21,4.884015083312988,5.023348892105136,4.876681908998491,4.972015622858645,39158900
2020-08-24,5.118683338165283,5.13335003857394,4.9060160073989,4.935349408216213,64974700
2020-08-25,5.08935022354126,5.206683833408624,5.030683418607578,5.140683852699102,49550000
2020-08-26,5.001349925994873,5.111350008421981,4.964682998731347,5.089350131809253,48600100
2020-08-27,5.067348957061768,5.11868257568627,5.008682164166147,5.008682164166147,45740900
2020-08-28,5.08935022354126,5.0966833993171,5.030683418607578,5.082016698083679,39936900
2020-08-31,5.001349925994873,5.082016606483855,4.9793496997004105,5.060016729871126,50089500
2020-09-01,5.008683204650879,5.038016607192298,4.9280161728211045,4.96468310083875,48189900
2020-09-02,5.096683502197266,5.111350203726744,4.9646831884319615,4.994016591490918,59008900
2020-09-03,5.001349925994873,5.199350563918095,4.957349823087683,5.07468343084019,78130900
2020-09-04,5.060016632080078,5.096683208953243,4.95001620209713,5.030683230708856,70017500
2020-09-08,5.155351161956787,5.2580180826993095,4.994017079679613,5.00868378264283,84749300
2020-09-09,5.111351490020752,5.206685248794392,5.082018079579915,5.184685365804682,56501400
2020-09-10,5.067348957061768,5.162682670357985,5.038015560613957,5.126015749957388,69228600
2020-09-11,5.133349895477295,5.133349895477295,5.023349470637868,5.089349795477866,55080600
2020-09-14,5.221349716186523,5.265349812989694,5.118682823645792,5.14068304688822,58704300
2020-09-15,5.162683010101318,5.265349904424908,5.13334961172315,5.250683205235823,65198500
2020-09-16,5.148016452789307,5.221349950755767,5.126016228558518,5.1700166770200955,46245800
2020-09-17,5.338683605194092,5.382683701567462,5.118682773645562,5.162682870018931,84850100
2020-09-18,5.302016735076904,5.426683850857957,5.29468321076899,5.360683530813474,71929400
2020-09-21,5.038016319274902,5.199350373714377,4.994016217977333,5.199350373714377,72850300
2020-09-22,4.972015857696533,5.126016022391399,4.964682333353989,5.052682527374395,55865500
2020-09-23,4.869349002838135,5.082016330167395,4.862015827593185,4.9940161291377105,52588600
2020-09-24,4.884015083312988,4.957348924547981,4.700681179588846,4.840014988380995,59822900
2020-09-25,4.7740159034729,4.920682913696233,4.766682378120866,4.8473494085845665,53761800
2020-09-28,4.906016826629639,4.9646836380607375,4.825349786070989,4.832683312340765,47582600
2020-09-29,4.840014934539795,4.913348425277342,4.796014840097266,4.906015251044421,38987300
2020-09-30,4.884015083312988,4.9500154005518135,4.832681814066498,4.847348512377162,55944600
2020-10-01,4.950016498565674,4.964683200129709,4.862016289181459,4.920683095437602,58340600
2020-10-02,5.052683353424072,5.082016756226514,4.840016008265501,4.854682709666721,60798400
2020-10-05,5.148016452789307,5.1700166770200955,5.096682829371934,5.096682829371934,42359400
2020-10-06,5.118683338165283,5.316683968523009,5.104016637756626,5.17735013979991,78203800
2020-10-07,5.302016735076904,5.316683434011047,5.1773496192958515,5.21401654147205,50664100
2020-10-08,5.390018463134766,5.390018463134766,5.280018014972467,5.346018353806203,54513300
2020-10-09,5.316683292388916,5.456017103392633,5.302016593845455,5.3973503092187896,50977900
2020-10-12,5.624685764312744,5.771352787630746,5.375351474990374,5.397351703328958,97692900
2020-10-13,5.690685749053955,5.778685957623224,5.595352014929708,5.73468585333859,74562600
2020-10-14,5.551352500915527,5.683352827804909,5.536685797927818,5.6686861248172,57752100
2020-10-15,5.588017463684082,5.588017463684082,5.404683554641835,5.441350476322957,49336200
2020-10-16,5.624685764312744,5.683352573639945,5.580685657317344,5.654019168976344,47509400
2020-10-19,5.5660176277160645,5.66135099529874,5.551350928881677,5.632017597629965,38960700
2020-10-20,5.676018238067627,5.756685264227944,5.558684636148414,5.588018036628218,63447000
2020-10-21,5.756685256958008,5.7786854821309355,5.668685055629732,5.69801845607249,51981100
2020-10-22,6.020686149597168,6.028019674474381,5.7860185987520385,5.815351998897466,74008500
2020-10-23,5.984017848968506,6.12335199215172,5.932684585355355,6.086685075558071,62249000
2020-10-26,5.888686180114746,5.91801958365172,5.82268619699743,5.896019705839866,62131000
2020-10-27,5.808018684387207,5.932685806855785,5.793351984666297,5.874019007972149,64154500
2020-10-28,5.646685600280762,5.778686269950808,5.595352317348423,5.632018898059841,82938300
2020-10-29,5.7933526039123535,6.042686525818875,5.756685675849935,5.99135324614958,118999900
2020-10-30,5.668685436248779,5.800685747104242,5.580685229011804,5.7566856434857545,79345600
2020-11-02,5.654018878936768,5.764019315623355,5.63201865172675,5.742019088413338,59962900
2020-11-03,5.778684616088867,5.815351186306298,5.668684206073246,5.690684427949035,65108800
2020-11-04,5.602684497833252,5.7713517182369,5.595351322867025,5.764018543270673,67326800
2020-11-05,5.8593525886535645,5.8593525886535645,5.654018770480318,5.690685698566412,61442600
2020-11-06,5.712686061859131,5.881353665664469,5.683352656766491,5.8740201395504235,50912100
2020-11-09,6.013352870941162,6.145353526682161,5.925352666901647,5.947352543070662,110511300
2020-11-10,6.145352840423584,6.299353355136185,5.9986858500695295,6.0353520731355115,87468400
2020-11-11,6.108686923980713,6.306687918088278,6.079353521079239,6.306687918088278,75644400
2020-11-12,6.020686149597168,6.0793529498880226,5.9400194740381,6.057353074619808,81064900
2020-11-13,6.262686729431152,6.284686604185765,6.035352359088798,6.035352359088798,79475100
2020-11-16,6.453354835510254,6.490021763426346,6.314020649301803,6.409354382138249,84853900
2020-11-17,6.416687965393066,6.490021821885811,6.328687757219865,6.350687634422294,46754500
2020-11-18,6.468021392822266,6.636688986856624,6.438687989428921,6.468021392822266,77759300
2020-11-19,6.468021392822266,6.512021847594034,6.409354586035576,6.512021847594034,56672700
2020-11-20,6.4093546867370605,6.468021494445502,6.365354930637486,6.460688668004582,57024300
2020-11-23,6.497354030609131,6.585354230419786,6.43868723073536,6.468020630672245,71537100
2020-11-24,6.9300217628479,6.966688685274653,6.702688102656113,6.7100209276507625,99520500
2020-11-25,6.658689022064209,6.783356164275654,6.600022213889825,6.7466892343257845,95217800
2020-11-27,6.666021823883057,6.702688749850271,6.6220213728497095,6.688021699718008,27853900
2020-11-30,6.658689022064209,6.768689112550298,6.585355162164469,6.768689112550298,77970100
2020-12-01,6.776021957397461,6.893355561953763,6.717355155119311,6.717355155119311,68863000
2020-12-02,6.7466888427734375,6.776022245158229,6.658688635619061,6.717355440388645,48345000
2020-12-03,6.75402307510376,6.834689765263849,6.710022617239633,6.790690006763274,50302100
2020-12-04,6.849355220794678,6.922688367653053,6.776021374572914,6.790688423562623,48775500
2020-12-07,6.761355876922607,6.8420225584403775,6.7100218983535935,6.827356206966,58305200
2020-12-08,6.7833571434021,6.842023960044596,6.724690326759603,6.739356681238418,56296700
2020-12-09,6.9300217628479,6.959355160916627,6.812688170572994,6.827355219289045,60780300
2020-12-10,6.688022136688232,6.83468915077632,6.673355784961168,6.827356324594533,83372800
2020-12-11,6.614687919616699,6.739354337096715,6.6073543952462925,6.739354337096715,73438200
2020-12-14,6.534021854400635,6.73202285574054,6.512021976261817,6.695355925933501,76826000
2020-12-15,6.710021018981934,6.710021018981934,6.556020502184149,6.6220208235779685,69606100
2020-12-16,6.629355430603027,6.732022691688142,6.57802214974222,6.724689166032741,55274500
2020-12-17,6.658689022064209,6.695355952014078,6.600022213889825,6.666022547926887,49301600
2020-12-18,6.563355445861816,6.666022712381609,6.534022041050952,6.666022712381609,78764600
2020-12-21,6.548687934875488,6.607354734120854,6.446020686514393,6.504687485759758,63908100
2020-12-22,6.446021556854248,6.592688574770597,6.416688153270978,6.585355049033903,59031200
2020-12-23,6.59268856048584,6.622021964005551,6.4533550686080865,6.468021420686189,54086700
2020-12-24,6.497354030609131,6.614688329720091,6.453354280385513,6.6073548048950155,27927000
2020-12-28,6.519354820251465,6.585354447765166,6.49735424505012,6.541354696089365,38068400
2020-12-29,6.468021392822266,6.54868877667659,6.438687989428921,6.54868877667659,37537900
2020-12-30,6.497354030609131,6.541354480196168,6.460687805210589,6.475354155497322,38461900
2020-12-31,6.446021556854248,6.497354838284093,6.438688031117554,6.4826884861742124,40176500
2021-01-04,6.248020172119141,6.48268736001956,6.182019850681301,6.460687485994742,85043100
2021-01-05,6.34335470199585,6.394688686085827,6.204021200868316,6.211354727075963,70127800
2021-01-06,6.482687950134277,6.556021103346933,6.365354345503269,6.4460210238462246,72590200
2021-01-07,6.644021511077881,6.658687860882111,6.512020866022826,6.556020614798913,77117100
2021-01-08,6.6000213623046875,6.702688613044706,6.519354686314021,6.673355212742334,59162200
2021-01-11,6.820023536682129,6.834689889995461,6.468021965435815,6.504688897764493,95968300
2021-01-12,7.172022819519043,7.201356219010113,6.812688500912581,6.820022025626201,124808500
2021-01-13,7.172022819519043,7.274690067419494,7.069356270982002,7.2673565427058735,89549300
2021-01-14,7.458024501800537,7.480024378090425,7.179356837795943,7.194023888231507,112695300
2021-01-15,7.208691120147705,7.3700251978353455,7.201357594033825,7.362691671721466,99985000
2021-01-19,7.348022937774658,7.487356391970492,7.311356018450496,7.377356333361324,78732800
2021-01-20,7.964026927947998,7.97136045415595,7.472691861832096,7.502025267300349,125033200
2021-01-21,8.455360412597656,8.910028461997552,8.154692887943161,8.272026487870436,282394100
2021-01-22,8.448027610778809,8.57269403652803,8.31602696080932,8.550694161320923,130866600
2021-01-25,8.279359817504883,8.448027387946242,7.978692299939204,8.426026813956017,118954500
2021-01-26,8.206025123596191,8.455359341539673,8.154691854971356,8.294026011757811,66267500
2021-01-27,7.912693977355957,8.191361690753691,7.846693637424443,8.081361590443557,82863000
2021-01-28,7.861359596252441,8.103360342741993,7.85402607075555,7.949359804124689,77388700
2021-01-29,7.722024440765381,7.9493588071122465,7.663357642875234,7.766024888864689,73925800
2021-02-01,7.942026615142822,8.389361198955157,7.597358595183163,7.810025948059652,157114400
2021-02-02,7.964026927947998,8.213361224109924,7.854026832282937,8.169361465589322,80440700
2021-02-03,8.213360786437988,8.33069440205855,7.9493601512917245,8.008026959102006,82968600
2021-02-04,8.338025093078613,8.521358979995988,8.19135812341737,8.36002496368698,106845000
2021-02-05,8.440692901611328,8.726693337265369,8.286692398042488,8.653360197076552,113402100
2021-02-08,8.477359771728516,8.492026119935035,8.294025873285422,8.448026375952153,75756700
2021-02-09,8.748696327209473,8.8293630135254,8.426028183218728,8.462695113130884,102250800
2021-02-10,8.624029159545898,8.814696635032739,8.455361562195689,8.800029583365973,76282500
2021-02-11,8.39669418334961,8.609361522513451,8.294027626116803,8.550694718562285,55762900
2021-02-12,8.39669418334961,8.521361316586702,8.338027379398444,8.37469430670879,44401200
2021-02-16,8.462696075439453,8.580029705009755,8.345362445869151,8.433362668046877,48392100
2021-02-17,8.418693542480469,8.51402726788167,8.338026866847187,8.51402726788167,49554000
2021-02-18,8.382026672363281,8.418692895237267,8.286692954291494,8.338026225805775,37777100
2021-02-19,8.49202823638916,8.499361762001804,8.404028027127929,8.448028481440291,48615600
2021-02-22,8.580028533935547,8.756028954268988,8.433361516991011,8.448028568367217,62183000
2021-02-23,8.521361351013184,8.543361227742883,8.162027000519709,8.499361474283484,72904500
2021-02-24,8.998030662536621,9.09336370174134,8.536029021489075,8.558028899816048,95152800
2021-02-25,8.624029159545898,9.0933636230661,8.594695755575886,8.9613636548828,75249400
2021-02-26,8.580028533935547,8.785362357657895,8.462694920379919,8.71936272455548,69614500
2021-03-01,8.785362243652344,8.858696100854726,8.638695228611072,8.704695560220518,43172800
2021-03-02,9.203362464904785,9.386696375761998,8.756027274820628,8.829361118908862,104789000
2021-03-03,8.924695014953613,9.247362396795106,8.902695141032538,9.247362396795106,80169700
2021-03-04,8.748696327209473,9.137364105805874,8.52869544710006,8.976030033810503,88339600
2021-03-05,8.998030662536621,9.012697014966761,8.558028899816048,8.844030115520772,79345700
2021-03-08,9.27669620513916,9.445363777624218,9.02002913308056,9.08602945712413,86129700
2021-03-09,9.21803092956543,9.35736512543643,9.078697433057958,9.35736512543643,61568700
2021-03-10,9.467367172241211,9.518700465864645,9.254699770905113,9.328033646964597,62111200
2021-03-11,9.394030570983887,9.577364494935175,9.350030121515674,9.489363595998748,56536500
2021-03-12,9.80469799041748,9.84869843908431,9.364697000566215,9.372029825874517,87160100
2021-03-15,9.68002986907959,9.988030879858956,9.570029807814102,9.819364026003429,64476000
2021-03-16,9.159363746643066,9.643365250722777,9.115363991379548,9.577365617827498,125425300
2021-03-17,9.306028366088867,9.313361889864991,8.961361140970876,9.049361328194404,109324400
2021-03-18,9.159363746643066,9.540698688865564,9.122696817681133,9.313364288792382,76733300
2021-03-19,9.408697128295898,9.496697329805599,9.203363324773266,9.423364178229232,90885200
2021-03-22,9.423365592956543,9.482032402770642,9.174031301564852,9.423365592956543,81362100
2021-03-23,8.954028129577637,9.298696073782136,8.888027810542376,9.218028706355321,73020200
2021-03-24,8.902695655822754,9.188696131424582,8.88802860611834,9.064029006390761,54534400
2021-03-25,9.03469467163086,9.056695243911337,8.594693716471575,8.756027050348303,54201800
2021-03-26,9.020029067993164,9.159362540463743,8.844028671389252,9.11536279099447,49239800
2021-03-29,8.910029411315918,9.064029952469296,8.851362605101631,8.946696340040722,44747900
2021-03-30,9.137362480163574,9.152028829901013,8.880694715806165,8.917361639194851,49762300
2021-03-31,8.983363151550293,9.196030496143067,8.954029748825892,9.137363690694265,60456900
2021-04-01,8.924695014953613,9.012695210001294,8.81469494598486,9.00536168557314,61907500
2021-04-05,9.31336498260498,9.37203179356914,9.042030807054847,9.086031264959745,82332700
2021-04-06,9.47469711303711,9.526030387228138,9.269363316909587,9.313363066398066,67499400
2021-04-07,9.335363388061523,9.482031091680415,9.284030111412978,9.43803064072206,42264000
2021-04-08,9.174031257629395,9.357365212261332,9.115364448096257,9.291364876695669,52622000
2021-04-09,9.174031257629395,9.254697945896574,9.086031043329688,9.159364205564342,40555400
2021-04-12,9.078696250915527,9.203363378624589,9.034695800221503,9.16669645294014,40422800
2021-04-13,8.946696281433105,9.13003022449265,8.873363123827382,9.086030469801914,51556000
2021-04-14,8.976027488708496,9.15936138692246,8.946694092968794,8.946694092968794,49877500
2021-04-15,8.976027488708496,9.0346942801879,8.895360825265147,9.020027931999708,38209300
2021-04-16,8.968696594238281,9.06403033318163,8.93936318989906,9.03469692884241,33132900
2021-04-19,8.880695343017578,8.983362595884238,8.814695715492702,8.961362720042612,39063500
2021-04-20,8.39669418334961,8.844029437681582,8.323361028092386,8.844029437681582,83170800
2021-04-21,8.60202693939209,8.609360463825054,8.198692886666464,8.33069282964289,49641100
2021-04-22,8.756028175354004,8.910028704287127,8.675361498051297,8.84402907705588,73064400
2021-04-23,8.961363792419434,8.976030144947778,8.704695979219917,8.778029839952215,51833300
2021-04-26,8.998030662536621,9.122697105965145,8.968696558949295,9.00536348906993,40863800
2021-04-27,9.159363746643066,9.166697272308152,8.998030378192162,9.012696730158835,42037800
2021-04-28,9.115363121032715,9.240030247981805,9.086029720536661,9.240030247981805,68023400
2021-04-29,8.257359504699707,8.734027392712274,8.169359311498773,8.734027392712274,230430600
2021-04-30,8.462696075439453,8.462696075439453,8.308695511787532,8.330695392491064,90786500
2021-05-03,8.528694152832031,8.565361077179814,8.38202715480431,8.477360878363182,61987300
2021-05-04,8.367361068725586,8.470028328847656,8.235360405620568,8.455361277674434,71007700
2021-05-05,8.514026641845703,8.536027214879882,8.360026127423325,8.433359972143839,64495500
2021-05-06,8.60936164855957,8.624028699443832,8.418694183245064,8.470028161976495,50032800
2021-05-07,8.66802978515625,8.675363311725128,8.448029582998576,8.543362630939654,41525800
2021-05-10,8.587364196777344,8.74869830524961,8.580030669264133,8.63869749064247,51703500
2021-05-11,8.49202823638916,8.624028899962758,8.37469462404085,8.396694501515285,56882600
2021-05-12,8.308693885803223,8.56536167478191,8.272026958897202,8.462694419317742,55663100
2021-05-13,8.4700288772583,8.565362617966352,8.323361852847276,8.330694679545173,56598500
2021-05-14,8.682694435119629,8.70469430937361,8.521360392075858,8.543360266329838,48619200
2021-05-17,8.910029411315918,8.932029988168898,8.646028783351627,8.66802866084111,52201700
2021-05-18,8.902695655822754,9.188696131424582,8.895362130970547,9.012695731152162,72472900
2021-05-19,8.880695343017578,8.954029194974256,8.690028586784416,8.822028541197614,70220800
2021-05-20,9.159363746643066,9.306030763127296,9.020030255823922,9.181364323638325,106243900
2021-05-21,9.77536678314209,9.87803405347807,9.218031371655728,9.313365115675518,200958600
2021-05-24,9.577364921569824,9.812032130884697,9.474697667812842,9.812032130884697,111374300
2021-05-25,9.394030570983887,9.848698618459471,9.386697046178615,9.62869776984524,113383400
2021-05-26,10.193367004394531,10.2300339330591,9.606698943215402,9.65069869812209,227538700
2021-05-27,10.912035942077637,11.036703074363151,10.354700609432216,10.545368070499881,278939100
2021-05-28,10.655367851257324,11.036702762621504,10.567367648487924,11.00736936169837,152105300
2021-06-01,10.860702514648438,10.882702390819098,10.604034728324732,10.794702186773002,89071000
2021-06-02,10.934036254882812,11.014703637441638,10.765369362920707,10.926702729311375,77517200
2021-06-03,11.726037979125977,11.777371255660391,10.99270226011577,11.110035863259252,179671400
2021-06-04,11.711370468139648,12.063371942059861,11.586703352309925,11.97537104905728,151788000
2021-06-07,11.64537239074707,11.880040318340923,11.476704795933879,11.740706127056525,90915300
2021-06-08,11.462038040161133,11.586705175608635,11.242037171761805,11.557371773112958,93891100
2021-06-09,11.352036476135254,11.45470372749628,11.286036849578272,11.440037376938095,60079100
2021-06-10,11.080703735351562,11.572038779478806,11.05870385707582,11.432705284581068,78147500
2021-06-11,11.205368995666504,11.315369767295229,11.124702322629494,11.220036044962361,50613500
2021-06-14,10.904704093933105,11.220038735784485,10.868037161263295,11.168704750301321,82666000
2021-06-15,11.000035285949707,11.117368883768357,10.824034889221728,10.934034962335863,62612700
2021-06-16,11.014701843261719,11.212702105893905,10.912034600075495,11.073368639550024,69112900
2021-06-17,10.83137035369873,11.293371303007817,10.692036156813392,11.220038140919748,126653100
2021-06-18,10.64803409576416,10.831368010365912,10.589366599677287,10.662700445263342,76319700
2021-06-21,10.838700294494629,10.92670048518794,10.670033437173288,10.728700230968828,63385000
2021-06-22,10.934036254882812,11.080703269494098,10.868035923466861,11.014703637441638,65545900
2021-06-23,11.308037757873535,11.388704441719517,11.022036552552057,11.102703935761536,94985700
2021-06-24,11.190704345703125,11.403371697255334,11.110036961048607,11.396038171493377,79859800
2021-06-25,11.13936996459961,11.381371410506803,11.132037138464561,11.176036892728789,111760500
2021-06-28,10.970703125,11.154037067129437,10.875369391169075,11.146703541597022,79477400
2021-06-29,11.007369995117188,11.146703482679152,10.912036261790165,11.03670339772831,68208200
2021-06-30,10.897368431091309,11.080702359134076,10.860702204973501,10.963368757084854,72213500
2021-07-01,10.934036254882812,10.978036708947943,10.882702974609735,10.934036254882812,51112200
2021-07-02,10.94870376586914,11.02937045245246,10.875369905801744,10.970703644143951,43652000
2021-07-06,10.633366584777832,10.912034206785266,10.552699917629633,10.904700682672697,73990600
2021-07-07,10.4353666305542,10.60403420449986,10.281366805603502,10.567367279784419,72992500
2021-07-08,10.310702323913574,10.43536877457825,10.076034377138532,10.237368459415706,62706800
2021-07-09,10.61870288848877,10.69203675403657,10.46470302969282,10.59670300856986,65981200
2021-07-12,10.714034080505371,10.809367803251424,10.44269996162664,10.53070015969298,49205200
2021-07-13,10.574701309204102,10.72870184086682,10.4867011053059,10.633368111802904,45360600
2021-07-14,10.450035095214844,10.728702781677528,10.41336816553437,10.582035762319146,39056200
2021-07-15,10.27403450012207,10.486701849475132,10.222700519682709,10.376701062273789,44952300
2021-07-16,9.980697631835938,10.369366017692878,9.958697758847375,10.354698969458267,48065200
2021-07-19,9.73869800567627,9.768031406019498,9.379363676630868,9.716698130259706,99949200
2021-07-20,10.200699806213379,10.23736673227626,9.738698216293342,9.804698543333839,70731800
2021-07-21,10.406033515930176,10.516034293092108,10.288699913114865,10.303366963148497,53817500
2021-07-22,10.200699806213379,10.369367386357256,10.105366078195265,10.325366935209109,40440100
2021-07-23,10.134697914123535,10.29603194426816,10.068697597275127,10.244698675325326,37927900
2021-07-26,10.288700103759766,10.325367030159832,10.171366498770317,10.193366374864976,43838000
2021-07-27,10.112700462341309,10.23736760192735,10.010033200516478,10.215367724166137,41963200
2021-07-28,10.164031982421875,10.259365702019727,9.951364669276938,10.164031982421875,70653500
2021-07-29,10.552700996398926,10.846034997254755,10.486700671365508,10.640701196655675,111154800
2021-07-30,10.230032920837402,10.48670069672962,10.17136612052434,10.435366721933123,74955700
2021-08-02,10.200699806213379,10.508700866160071,10.178699930321029,10.281367183424408,64673700
2021-08-03,10.281368255615234,10.325368011988443,10.002700567585343,10.244701325728547,53257700
2021-08-04,9.768030166625977,10.21536533930542,9.753363817996982,10.156698546062762,81502700
2021-08-05,10.054032325744629,10.134698999776477,9.863364878727443,9.929365202645963,60524400
2021-08-06,10.120033264160156,10.200699943090155,10.068699287237926,10.13469961516404,44450600
2021-08-09,10.083366394042969,10.134699671889063,9.936699386365945,10.06136651773228,38760400
2021-08-10,10.134697914123535,10.200698230971943,10.017364328332294,10.098031693086275,32120800
2021-08-11,10.215367317199707,10.230033668668392,10.02469985256246,10.164033338650617,42795600
2021-08-12,10.193367004394531,10.303367790388238,10.112700320823274,10.208034055605756,38547900
2021-08-13,9.966033935546875,10.230034579766695,9.929367004564348,10.178701296009281,45118500
2021-08-16,9.870699882507324,9.944033742152678,9.768032618876534,9.900033286492762,38664300
2021-08-17,9.526032447814941,9.775366746728134,9.394032471433032,9.76803322043926,74625300
2021-08-18,9.533364295959473,9.68736482409951,9.460030444706717,9.496697370333095,50966700
2021-08-19,9.291364669799805,9.474698620349345,9.21803080983458,9.386698408009188,69038800
2021-08-20,9.21803092956543,9.29136479048317,9.078697433057958,9.24736433405982,53615600
2021-08-23,9.335363388061523,9.423364289978236,9.144696632211161,9.3206970373177,64573600
2021-08-24,9.592031478881836,9.636031931256948,9.357364264517143,9.394031191602492,53672500
2021-08-25,9.65803050994873,9.738697179206008,9.54803044283759,9.62136358779056,51195500
2021-08-26,9.460031509399414,9.628699106518312,9.394031875080035,9.614032054871661,57559800
2021-08-27,9.760698318481445,9.804698068133629,9.438030224002842,9.452697273462512,57587300
2021-08-30,9.570030212402344,9.804697392683424,9.555363163953094,9.790031043597537,42720100
2021-08-31,9.555363655090332,9.636031026980707,9.482030507164918,9.54803082985217,42212700
2021-09-01,9.614029884338379,9.694697251455873,9.460029373634407,9.555363089723853,58875700
2021-09-02,9.540698051452637,9.687365058138061,9.511364650115551,9.599364854126806,49053200
2021-09-03,9.452696800231934,9.570030392581565,9.43802975150654,9.526029945768766,41616700
2021-09-07,9.496698379516602,9.562698712785037,9.394031816088825,9.408698168279859,64008900
2021-09-08,9.555363655090332,9.694697825066399,9.467363457961795,9.511363906207764,57980900
2021-09-09,9.3573637008667,9.496697176161973,9.328030300838039,9.496697176161973,68806400
2021-09-10,9.298698425292969,9.482032380369795,9.284031373192324,9.416032044643972,48792500
2021-09-13,9.526032447814941,9.526032447814941,9.254698269398691,9.357365539352228,62270800
2021-09-14,9.430699348449707,9.577367086793169,9.37936605964766,9.482033336615363,47640800
2021-09-15,9.69469928741455,9.716699165174298,9.394031727031846,9.452698533966839,60282100
2021-09-16,9.826698303222656,9.922032030115362,9.606698148169345,9.66536494943202,76426100
2021-09-17,9.936699867248535,10.046699953488847,9.819366255428601,9.834032607224348,76182400
2021-09-20,9.401362419128418,9.672696514446793,9.262028959129438,9.584696324021644,126152200
2021-09-21,9.36469841003418,9.51136542872592,9.284031025231089,9.452698621249224,60473100
2021-09-22,9.702031135559082,9.819365436962428,9.467363931479255,9.47469745644761,75784000
2021-09-23,10.054032325744629,10.07603220059633,9.768031155218852,9.790031729433966,68708100
2021-09-24,10.105366706848145,10.22270031805791,10.002700146721343,10.01736649844082,57440200
2021-09-27,10.384033203125,10.479366926240205,10.178699406841776,10.186032931549887,68769700
2021-09-28,10.494035720825195,10.802036116789102,10.435368212767257,10.728702955602849,107090900
2021-09-29,10.486701965332031,10.63336898385736,10.39136822844969,10.604035580152296,56805500
2021-09-30,10.384033203125,10.501366801001128,10.332699928895046,10.457367051479284,78820500
2021-10-01,10.384033203125,10.53803372517827,10.274033129956983,10.457367051479284,51880900
2021-10-04,10.523370742797852,10.84603824021674,10.428036989174089,10.464703925085326,78332500
2021-10-05,10.47936725616455,10.589367332795726,10.347366604716397,10.589367332795726,55915800
2021-10-06,10.35469913482666,10.516033171167173,10.186032273615085,10.369366183295508,61020300
2021-10-07,10.919368743896484,10.963368493927083,10.4940340969958,10.516033972011101,96557500
2021-10-08,11.08803653717041,11.359370682731237,10.89003624689131,10.941369525970433,99468900
2021-10-11,11.06603717803955,11.264037477581804,10.978036967202604,11.146703863132542,45302300
2021-10-12,11.46937084197998,11.498704242624903,11.007369257299862,11.080702409230451,89134000
2021-10-13,11.374037742614746,11.506037703118384,11.198037329034243,11.43270454714158,63363500
2021-10-14,11.330036163330078,11.454703285398534,11.271369364634735,11.454703285398534,50875100
2021-10-15,11.513370513916016,11.755371941773067,11.39603691214498,11.39603691214498,77211800
2021-10-18,11.410704612731934,11.476704242969129,11.359370634507263,11.418037438738196,48643800
2021-10-19,11.308037757873535,11.506038054354944,11.27137082908409,11.440038421770138,44668300
2021-10-20,11.762704849243164,11.850704346588488,11.271369193733541,11.315369641769598,105213700
2021-10-21,12.136707305908203,12.246708798292275,11.828706204432377,11.850706782654607,95855000
2021-10-22,11.93870735168457,12.129374827917388,11.902039722374198,12.041373916299534,60646800
2021-10-25,11.73337173461914,12.100039601325989,11.594038252990458,12.026705748239237,67808000
2021-10-26,11.689374923706055,11.894708797194093,11.513374460716305,11.799375737597401,64882300
2021-10-27,11.374037742614746,11.67470529065564,11.366704217208023,11.579371558458666,96094300
2021-10-28,12.36404037475586,12.892041576288783,12.254038900550508,12.36404037475586,215237600
2021-10-29,12.525373458862305,12.730707954450049,12.136705041804841,12.364040111510604,100560700
2021-11-01,13.16337776184082,13.1780434143541,12.518041494538773,12.83337610256966,125246500
2021-11-02,13.207377433776855,13.339378096655201,13.00204291388532,13.310043994359132,115146200
2021-11-03,13.662041664123535,13.80870934416775,13.112039962047719,13.141374057547226,104755500
2021-11-04,14.241382598876953,14.300049412311708,13.728046932277461,13.874714665227934,157505500
2021-11-05,14.146045684814453,14.461378846626983,13.926044145525108,14.454045322111329,122232200
2021-11-08,14.776715278625488,14.974716269444531,14.109379849177865,14.22671345883501,153490400
2021-11-09,14.754718780517578,15.040719331154506,14.234049569222913,15.040719331154506,164928500
2021-11-10,14.197381019592285,15.011382776873203,13.977379448351966,14.578714558700263,229109600
2021-11-11,14.336714744567871,14.549382804098915,14.124048083763904,14.402715080372191,96436500
2021-11-12,14.300047874450684,14.388048784502574,14.087379824416042,14.212046964398795,77837900
2021-11-15,14.564048767089844,14.630049097958532,14.036046120140332,14.270713341572572,84838600
2021-11-16,14.512716293334961,14.71071589821172,14.322048815649111,14.593382280978437,66557200
2021-11-17,14.63737964630127,14.674047269900313,14.25604615195896,14.476046298645938,80855200
2021-11-18,14.416269302368164,14.932189536822637,14.268864525216562,14.858486445362063,111368800
2021-11-19,14.290975570678711,14.49734396152871,14.180421627847146,14.475232610654535,64610400
2021-11-22,15.094338417053223,15.322818189650663,14.2320152972144,14.29097750174313,137861700
2021-11-23,14.88797378540039,15.131193093705255,14.718456190217552,15.05748997481316,90984500
2021-11-24,14.924821853637695,14.991154507671002,14.578419087062493,14.718453440448538,77324300
2021-11-26,14.55630874633789,14.622641404985327,14.349940318793657,14.489976087690456,49434000
2021-11-29,14.497344017028809,14.880598999030456,14.364678722815189,14.792155000964822,68778700
2021-11-30,14.143575668334961,14.703717432065767,14.025651234472702,14.460498111503588,103238400
2021-12-01,14.431012153625488,15.086966804227187,14.394161305795855,14.467863001455123,125295600
2021-12-02,14.644753456115723,14.821640085662807,14.209906631315404,14.372052356957738,94142300
2021-12-03,14.106718063354492,15.035373682759122,13.951942829671857,15.013263738387092,120275200
2021-12-06,14.165682792663574,14.364680762236684,13.716096505494889,14.1730532440296,88147400
2021-12-07,14.711082458496094,14.78478556095899,14.386791056890956,14.482604106053895,75885600
2021-12-08,14.600530624389648,14.880602173197907,14.556309318808855,14.873231721306114,63246800
2021-12-09,14.423639297485352,14.688969856072882,14.401529354782724,14.563675026269825,63357600
2021-12-10,15.809257507324219,15.838737908156062,14.563679293798272,14.571049745448711,169657200
2021-12-13,15.057485580444336,15.698699294402923,14.836376288296474,15.654477998281214,126632300
2021-12-14,14.777416229248047,14.87323069143689,14.283607232850544,14.593159162021664,124559700
2021-12-15,14.880602836608887,14.98378635615421,14.4089037348945,14.733196603741261,79679700
2021-12-16,14.998525619506836,15.551296823623035,14.932192962551303,15.16067133330377,107020900
2021-12-17,14.571049690246582,14.917452481885402,14.44575482420362,14.762677215122281,98710700
2021-12-20,14.313089370727539,14.460495590239375,14.040388286361608,14.34256977116797,74565600
2021-12-21,14.453124046325684,14.585789352705568,14.246755635760328,14.556307548723467,58930900
2021-12-22,14.843746185302734,14.991152374573328,14.475232117895859,14.475232117895859,75806400
2021-12-23,14.924821853637695,15.04274625952584,14.740564793716242,14.799526996660315,50610500
2021-12-27,15.330187797546387,15.39652045579581,14.814268840436304,14.932193253819745,59651800
2021-12-28,15.30070686340332,15.52181477934265,15.175412002832408,15.227003756166928,53020500
2021-12-29,15.153302192687988,15.30807887422942,15.072230031661512,15.263856161920446,37883000
2021-12-30,15.086967468261719,15.448111134812434,15.086967468261719,15.175411475023228,51470100
2021-12-31,15.308077812194824,15.484964431848823,15.079598031759756,15.079598031759756,51899600
2022-01-03,16.045106887817383,16.126179047215242,15.521816048833212,15.676592727265417,110449000
2022-01-04,17.91715431213379,18.101411353533926,16.524171528995048,16.597874626709036,311645200
2022-01-05,17.438085556030273,18.388852524643912,17.29804981680982,17.73289652878154,253540000
2022-01-06,18.027711868286133,18.14563769172077,17.216981848283886,17.75501217960027,155058800
2022-01-07,18.012975692749023,18.35937855780893,17.718164594211846,18.182491898686624,127017500
2022-01-10,17.578126907348633,18.01297375815216,17.209612722313107,17.762383999866397,122800700
2022-01-11,17.946640014648438,17.946640014648438,17.158019930954012,17.526534093859443,106011600
2022-01-12,18.035079956054688,18.30778101476456,17.696047651151897,18.138264862313168,104050000
2022-01-13,18.440446853637695,19.066921137142376,17.961378780052872,18.160375335943932,185780500
2022-01-14,18.565738677978516,18.632071321031297,17.909782697319873,18.03507753355628,146012200
2022-01-18,17.968746185302734,18.521517313394657,17.909783987870384,18.32989122606677,110518100
2022-01-19,16.546283721923828,18.366742877506024,16.516801919030318,18.167744925284037,153198200
2022-01-20,15.956660270690918,16.863204620547254,15.897698070840988,16.126176419538254,152014100
2022-01-21,15.21962833404541,15.846102432289815,15.138556207756878,15.632363631689623,145532900
2022-01-24,15.028003692626953,15.086965889039515,13.856128808878847,14.688971414697136,186674000
2022-01-25,14.725825309753418,14.969044596042922,14.416273363042238,14.740566213351556,116775800
2022-01-26,14.674234390258789,15.5070772160673,14.423644637871273,15.484965859408394,135786400
2022-01-27,14.408902168273926,15.219633549358338,14.30571865994732,14.969043824190978,105674400
2022-01-28,14.475576400756836,14.482983333226231,14.016268872796354,14.312595626481786,87677100
2022-01-31,15.038596153259277,15.06082118910847,14.349636997902884,14.505208009855087,91361900
2022-02-01,15.305288314819336,15.44604402513875,14.75708357457184,15.268248007733925,117651800
2022-02-02,15.283066749572754,15.594210203860102,14.949699671191821,15.416414146124112,95377600
2022-02-03,14.734861373901367,15.275659287046581,14.720046096018656,14.942290807230862,103016000
2022-02-04,13.305085182189941,13.771801123361158,12.97912641232169,13.719944110563828,211100500
2022-02-07,13.253228187561035,13.423617332268503,13.112473842060362,13.134697468719613,84610000
2022-02-08,13.127287864685059,13.268043609700158,12.608716372677971,13.02357384888314,142694300
2022-02-09,13.594001770019531,13.653267115079673,13.356940389778964,13.534736424959389,87118600
2022-02-10,13.393980026245117,13.801429076395832,13.275449342092285,13.31248965101609,76195300
2022-02-11,13.001348495483398,13.601411777180754,12.905042827863891,13.408799028944284,94534100
2022-02-14,12.934675216674805,13.134696317055756,12.80873757532106,12.971716946188408,78625000
2022-02-15,13.393980026245117,13.431020335168924,13.127285280402637,13.186550622479054,65883300
2022-02-16,13.342123985290527,13.490286644607417,13.142102911565546,13.25322525930254,57442100
2022-02-17,12.993942260742188,13.290269038176966,12.964308876499944,13.23100368269001,55368600
2022-02-18,13.364349365234375,13.690308071949348,13.01616421020166,13.038389245522051,106404200
2022-02-22,12.808738708496094,13.15692251874239,12.645757910212511,13.090248812716856,98550700
2022-02-23,12.556859970092773,13.13469684369865,12.505001546694437,12.964309120096791,79855400
2022-02-24,12.705021858215332,12.734655241155727,11.82344920420191,11.845673534908471,110443900
2022-02-25,13.20877742767334,13.260634432322501,12.68279762280625,12.77910328672649,78888000
2022-02-28,13.008758544921875,13.097657291519386,12.749472064759907,12.84577915799035,82367800
2022-03-01,12.371655464172363,12.897635323554562,12.186451049517075,12.897635323554562,94819500
2022-03-02,13.40880012512207,13.519922493151196,12.816145140637447,12.964309240007996,138638200
2022-03-03,13.038390159606934,13.519921321328741,12.919859455583026,13.519921321328741,95395500
2022-03-04,12.482775688171387,12.882816420416281,12.32720327180032,12.853184453915361,91304000
2022-03-07,11.83085823059082,12.519818174121383,11.83085823059082,12.475369510151037,87999200
2022-03-08,11.875304222106934,12.386467244815442,11.68269151571064,11.897527841269909,101020300
2022-03-09,12.127184867858887,12.467960289389469,12.060511170081607,12.33461289383491,62846700
2022-03-10,12.097551345825195,12.156816697277595,11.67528554010217,11.934571982580456,72992600
2022-03-11,11.882715225219727,12.208673958526862,11.860490188086185,12.149408605834887,54985900
2022-03-14,11.660468101501465,12.023468532502136,11.49008040362311,11.919754527358329,66341700
2022-03-15,11.897530555725098,11.956795908676504,11.504897415797352,11.682694181150305,65263700
2022-03-16,12.282755851745605,12.319796166848995,11.897530357481582,12.20126546292121,82677600
2022-03-17,12.282755851745605,12.282755851745605,11.97161240068581,12.023469407029534,58500200
2022-03-18,12.49018383026123,12.519815796281058,12.060509725494098,12.164223726059422,89144000
2022-03-21,12.208675384521484,12.675391327856818,12.097553011869424,12.497595249013997,72583600
2022-03-22,12.660572052001953,12.823551404444716,12.371653659445172,12.386468936578266,77647100
2022-03-23,12.356836318969727,12.630938006969997,12.275345940538545,12.460550318429584,63296800
2022-03-24,12.4679594039917,12.579081754730122,12.32720367279111,12.401285710949177,56314200
2022-03-25,12.201264381408691,12.430918836285112,12.104958722877884,12.401285456431125,62023100
2022-03-28,12.3494291305542,12.356837475923147,12.060510726152277,12.260530399124239,54634400
2022-03-29,13.14951229095459,13.18655260544845,12.6013074410604,12.6013074410604,90676900
2022-03-30,12.793919563293457,13.082837958698166,12.742062560323111,12.979123952757472,57853400
2022-03-31,12.52722454071045,12.85318465531186,12.223489461080952,12.742062306446954,52529400
2022-04-01,12.334611892700195,12.705020666733219,12.104958848438976,12.60130666216312,64695700
2022-04-04,12.342020988464355,12.393877993903693,12.119776275725075,12.342020988464355,51146500
2022-04-05,11.719732284545898,12.312387115182425,11.71232464669936,12.193855018657354,91708000
2022-04-06,11.40118408203125,11.704919210664842,11.24561234462151,11.55675581944099,102881600
2022-04-07,11.082630157470703,11.26783453797222,10.786303431267735,11.164119830551858,101229100
2022-04-08,11.14930534362793,11.438223763821426,10.971509284047508,11.06781495311285,75085800
2022-04-11,11.319693565368652,11.682694753090589,11.030775132210886,11.030775132210886,66117100
2022-04-12,11.378957748413086,11.645652528761767,11.319692398668645,11.482672463715206,49138700
2022-04-13,11.490083694458008,11.519716376771614,11.275246571059645,11.341920282889978,51871800
2022-04-14,11.467855453491211,11.67528487831567,11.45303946971728,11.48267214376382,39312900
2022-04-18,11.608612060546875,11.697510089390718,11.386366635187901,11.386366635187901,40205800
2022-04-19,11.964204788208008,12.023470143803562,11.660469664156103,11.660469664156103,55398300
2022-04-20,11.890121459960938,12.260530245791463,11.860489491853134,12.023468848939508,47351500
2022-04-21,11.630836486816406,12.27534773111051,11.564162788010337,12.208674032304442,49898500
2022-04-22,11.208568572998047,11.58638565789091,11.112262215682302,11.51971197155704,56193700
2022-04-25,11.32789134979248,11.335348987012747,10.902815985029324,11.119082486021036,58361400
2022-04-26,10.96993350982666,11.290604804507208,10.940103671567966,11.260774966248514,60345300
2022-04-27,11.07433795928955,11.260774620481635,10.887901298097468,11.029592847675705,65847900
2022-04-28,10.902813911437988,11.178740035314956,10.365876224088575,11.119080371298276,131556500
2022-04-29,10.559771537780762,11.163826585014546,10.515027140918624,10.880442797156666,83184900
2022-05-02,10.641803741455078,10.656718302815836,10.30621722084629,10.455367101649903,64734000
2022-05-03,10.858070373535156,10.999761908925809,10.589601153132772,10.67163373101099,55734200
2022-05-04,11.171281814575195,11.186197085398037,10.634344866539555,10.820781484629522,59774900
2022-05-05,10.835698127746582,11.051964617866803,10.69400658368136,11.051964617866803,57889200
2022-05-06,10.59705638885498,10.887897741336987,10.440449616164544,10.783492989143634,66622200
2022-05-09,9.970632553100586,10.567230011028999,9.925888152695622,10.328591312337402,71242000
2022-05-10,9.955717086791992,10.32113273881074,9.709620773293706,10.291302904180624,75506700
2022-05-11,9.567927360534668,10.157067056152963,9.538097529536246,9.843853475069892,71644900
2022-05-12,9.277085304260254,9.545554475037694,9.060818867355772,9.105563966218417,113203900
2022-05-13,10.067577362060547,10.164524488668743,9.597756999820477,9.605214635220936,78944200
2022-05-16,9.731990814208984,10.082491826817979,9.67978808177837,10.0601189224052,65055400
2022-05-17,10.089951515197754,10.089951515197754,9.814025352625686,9.948259971087543,50891400
2022-05-18,9.530640602111816,9.9631735393257,9.478438571785793,9.881141675784903,68362500
2022-05-19,9.582841873168945,9.7841930386719,9.418777460063389,9.426235095022554,58459600
2022-05-20,9.321832656860352,9.784195471296698,9.00116138588055,9.731993436002085,78183400
2022-05-23,9.567927360534668,9.657416853529936,9.321831076997867,9.42623584109198,51929600
2022-05-24,9.26217269897461,9.456066982942687,9.150310995023455,9.396407312675489,51082800
2022-05-25,9.478438377380371,9.553013314487416,9.187596976102071,9.195054612052639,41193100
2022-05-26,9.784194946289062,9.843854615195754,9.53809863424912,9.545556270662296,45709200
2022-05-27,10.164525985717773,10.164525985717773,9.873684563057552,9.888599836055217,54195700
2022-05-31,10.201812744140625,10.306216803031395,9.955716446470506,10.201812744140625,79689900
2022-06-01,10.104866981506348,10.41808062308805,9.993004560256077,10.35096331257777,50726200
2022-06-02,10.358420372009277,10.410622405629109,10.142153889756498,10.171983724853455,42979700
2022-06-03,10.067577362060547,10.276386174878603,9.96317260005189,10.164524488668743,43625200
2022-06-06,10.037748336791992,10.246557166358734,9.978088671201494,10.246557166358734,37711100
2022-06-07,10.246557235717773,10.268930143865138,9.836396498607233,9.888599239751764,38940300
2022-06-08,10.089951515197754,10.32859091592988,10.022834205966825,10.164526461276429,39441900
2022-06-09,9.90351390838623,10.13469565002868,9.90351390838623,10.075035983385337,30468000
2022-06-10,9.508268356323242,9.851311792136602,9.41877885713706,9.694704990760954,55644400
2022-06-13,8.807268142700195,9.232343500465262,8.755065394217183,9.17268382608418,80676300
2022-06-14,9.09810733795166,9.262171770336819,8.88184087711639,8.94150054140203,82369300
2022-06-15,9.150311470031738,9.262173179789825,8.948959539027896,9.11302399637924,70393200
2022-06-16,8.389647483825684,8.881840022418247,8.292700360890901,8.79980816971923,80380100
2022-06-17,8.37473201751709,8.531338795329926,8.12863575398252,8.38218965246037,80248800
2022-06-21,8.54625415802002,8.695403302509181,8.464222306350786,8.613371450839947,66283400
2022-06-22,8.561168670654297,8.710318525537536,8.35981750448067,8.39710496820148,46098900
2022-06-23,8.620831489562988,8.63574605257084,8.389649717746238,8.576086378140598,53655000
2022-06-24,8.956416130065918,9.038447993562189,8.628287253682196,8.687946920079359,55457600
2022-06-27,8.978787422180176,9.083192183451768,8.874382660908582,9.038447082564156,44009900
2022-06-28,8.807268142700195,9.277087900651367,8.799810505602705,9.053364477322015,45866900
2022-06-29,8.5910005569458,8.769979557415674,8.48659578440538,8.755064285110187,39474200
2022-06-30,8.300159454345703,8.471680824997902,8.151010281778714,8.382191321457709,59238200
2022-07-01,8.441850662231445,8.576085267921831,8.195754359265287,8.27778693438689,54356000
2022-07-05,8.352362632751465,8.359820270202718,7.91237197991983,8.24050091578047,87269800
2022-07-06,8.247957229614258,8.404564034961343,8.083892788012706,8.315073822306433,71282900
2022-07-07,8.687946319580078,8.740149057468905,8.449307670485808,8.449307670485808,63000400
2022-07-08,8.665574073791504,8.784893397646924,8.561169309818375,8.687946269214578,55235600
2022-07-11,8.419477462768555,8.695403566242193,8.404562903466887,8.605914076834466,48833600
2022-07-12,8.620831489562988,8.740150838423473,8.404564991953507,8.419479554961358,58414500
2022-07-13,8.583541870117188,8.635743894397901,8.329987961555023,8.434392721315692,48274300
2022-07-14,8.494051933288574,8.501508856936317,8.307615329310154,8.367274985687311,48176300
2022-07-15,8.859468460083008,8.874383020183185,8.568627070537104,8.635744368986103,49306900
2022-07-18,8.919127464294434,9.135393903772508,8.874382364899317,9.060818975180387,45873400
2022-07-19,9.388948440551758,9.463522662972462,9.105564688474823,9.113022324076676,62650800
2022-07-20,9.493353843688965,9.560471151248015,9.329290104321705,9.396407411880755,51932200
2022-07-21,9.69470500946045,9.69470500946045,9.41877887530434,9.605215510101656,66949200
2022-07-22,9.560470581054688,9.799109961609728,9.485896352480696,9.769280127940265,46724700
2022-07-25,9.575385093688965,9.687246783273473,9.396406105874043,9.582842729314406,36830500
2022-07-26,9.35166072845459,9.51572515139569,9.292001067603147,9.456065490544246,49272300
2022-07-27,9.836397171020508,9.836397171020508,9.41877948051194,9.50826898562092,64572300
2022-07-28,10.440450668334961,10.50756796499471,9.978087938366896,10.395705566828708,144096500
2022-07-29,10.95501708984375,11.029592033294032,10.44790989245969,10.522484124710601,94551600
2022-08-01,11.439751625061035,11.506868925033771,10.850611908143778,10.932643768555291,109521700
2022-08-02,11.305516242980957,11.521782688376266,11.275686412967785,11.33534607299413,74626800
2022-08-03,11.700761795043945,12.043805199506378,11.529240448412354,11.544155007980676,95846000
2022-08-04,11.46212387084961,11.6858479679924,11.41737947814063,11.670932696289874,85039800
2022-08-05,11.409921646118164,11.536698608612756,11.283144683623574,11.357718907256148,68093500
2022-08-08,11.7678804397583,11.961775425961857,11.596359073469491,11.611273634747096,75988100
2022-08-09,11.32789134979248,11.708222313632898,11.298061512110845,11.678392475951263,67676800
2022-08-10,11.674355506896973,11.73461018753369,11.470995421028713,11.651760181231316,71607000
2022-08-11,11.922905921936035,11.990692615393838,11.75720519551612,11.90031059688091,61567000
2022-08-12,12.18652057647705,12.216647197429745,11.930437833747296,12.013287837098277,53182500
2022-08-15,12.291964530944824,12.389879270414102,12.005754480956645,12.050945843919976,51779600
2022-08-16,12.374815940856934,12.563111980281818,12.246774576584622,12.276901195868522,54028900
2022-08-17,12.073540687561035,12.25430468490849,11.975625957799153,12.171453980738367,57118300
2022-08-18,12.163923263549805,12.20911390855389,11.945499897250455,12.043413919149108,39414200
2022-08-19,11.960563659667969,12.156390980837768,11.877713666799682,12.013286317103029,48597200
2022-08-22,11.358016967773438,11.455930993841255,11.229975604322629,11.358016967773438,71321800
2022-08-23,11.538780212402344,11.61409890991677,11.365548213728431,11.365548213728431,51289000
2022-08-24,11.689417839050293,11.794863155709027,11.478525769148128,11.538780441036646,39508700
2022-08-25,11.998225212097168,12.081075938473951,11.73461043992235,11.749674469551753,56401300
2022-08-26,11.606568336486816,12.118733819225612,11.606568336486816,12.05847914105545,54517300
2022-08-29,11.727078437805176,11.832524490447769,11.440868339168825,11.448400353991682,50416500
2022-08-30,11.636695861816406,11.900310621749316,11.42580448484554,11.824991913684931,66034400
2022-08-31,11.478525161743164,11.68941722048563,11.478525161743164,11.68941722048563,52058200
2022-09-01,11.440866470336914,11.463462511114487,11.132061095966911,11.373080502881244,65299800
2022-09-02,11.4182710647583,11.727076436881056,11.342953084258214,11.696949101022552,64565400
2022-09-06,11.320357322692871,11.478526019421977,11.17725265341052,11.463462710267587,58676700
2022-09-07,11.621631622314453,11.666822268907252,11.139593509472881,11.229975520950855,55087200
2022-09-08,11.651759147644043,11.659290443336218,11.312826419554947,11.418271742169285,60075900
2022-09-09,11.61409854888916,11.82498988976467,11.538779853716038,11.749671912883857,63328600
2022-09-12,11.70448112487793,11.85511780430324,11.636694439563454,11.712013138422282,52656500
2022-09-13,11.101935386657715,11.395677495177102,11.071808046165401,11.297763459003972,80842500
2022-09-14,11.041680335998535,11.184785737265203,10.883511624136256,11.116999043853879,59571800
2022-09-15,11.214913368225098,11.455932090358399,11.056744652252005,11.064275948599333,61377000
2022-09-16,11.086871147155762,11.101934456994305,10.898575105273393,11.011552443085856,68454800
2022-09-19,11.245038986206055,11.26763430837225,10.913637575737622,10.9211695892238,48696200
2022-09-20,9.85918140411377,10.717810942089816,9.79892672489764,10.612365612607809,196340000
2022-09-21,9.82905387878418,10.235773314954235,9.82905387878418,9.97215855964539,94271600
2022-09-22,9.618163108825684,9.97215918516343,9.603099079215157,9.881777162377679,82004400
2022-09-23,9.271697044372559,9.369610350104853,9.000550295291227,9.28676035360354,104043700
2022-09-26,9.030677795410156,9.324419872797925,8.98548714860735,9.19637850970267,89300400
2022-09-27,8.970423698425293,9.203911116248868,8.78212764860682,9.196379101865947,87044400
2022-09-28,9.173784255981445,9.218974908053568,8.857446818306743,8.97042416677951,72701600
2022-09-29,8.639022827148438,8.947828228932279,8.556172106860393,8.925232904441183,84534900
2022-09-30,8.435664176940918,8.684214943209462,8.428132161407317,8.578769598909192,71688200
2022-10-03,8.639022827148438,8.72940484340524,8.382940088607961,8.571236135382733,66198300
2022-10-04,9.309355735778809,9.316887749588366,8.993018338701106,9.00808236632022,87629200
2022-10-05,9.422332763671875,9.459992110333058,9.136122734656091,9.324418749669714,87919100
2022-10-06,9.309355735778809,9.512715798882633,9.181314374185815,9.309355735778809,64531900
2022-10-07,9.18884563446045,9.264164329794744,9.038208962084177,9.173782326368979,56494500
2022-10-10,8.556171417236328,8.69927680349467,8.435662071940266,8.639022130846639,115548900
2022-10-11,8.70681095123291,8.94029768539974,8.420600826857012,8.510982857982158,75173200
2022-10-12,8.69174575805664,8.812255116776829,8.548641074149526,8.646554389390351,59628500
2022-10-13,8.864977836608887,8.95535984888614,8.435662380426459,8.465789717852209,70487400
2022-10-14,8.789660453796387,8.925233851716817,8.706810443007507,8.88757449470642,55127700
2022-10-17,8.91016960144043,9.030678966262121,8.782128221744264,9.023146951387648,59561700
2022-10-18,9.060802459716797,9.226503125126593,8.970420474482045,9.203907808390946,53603400
2022-10-19,9.136123657226562,9.143655670977845,8.932763595696144,8.970422946160188,54130000
2022-10-20,8.864977836608887,9.188846534362613,8.834849780890753,9.136123873440646,55568100
2022-10-21,9.181314468383789,9.226505833412416,8.797191097956174,8.842381744692421,55132700
2022-10-24,9.399737358093262,9.52777871439387,9.173782699484983,9.264164706586763,64717700
2022-10-25,9.66335391998291,9.813990627103001,9.384675832237622,9.475057856509677,66391600
2022-10-26,9.6558198928833,9.836584622050434,9.429865238435958,9.640756584456565,86833600
2022-10-27,9.79139518737793,9.957095922440065,9.354548382635235,9.618163155766245,88421500
2022-10-28,9.987222671508789,10.024882025194117,9.768799282084801,9.791394606979027,55777900
2022-10-31,10.070072174072266,10.175518215487552,9.896840161346145,9.904371457074642,54676700
2022-11-01,10.092667579650879,10.280963621945054,9.911903551438645,10.22070894587431,47454700
2022-11-02,9.83658504486084,10.296027105155792,9.83658504486084,9.95709439062395,73673500
2022-11-03,9.987222671508789,10.137859367957674,9.618162585635917,9.648289924925693,58782600
2022-11-04,10.175518989562988,10.371347059248876,9.994754949064836,10.220709640541303,61489100
2022-11-07,10.318624496459961,10.3638158693267,10.070073741424158,10.250837796306106,48176900
2022-11-08,10.333685874938965,10.393940544436612,10.175517187934561,10.37887651791604,52731900
2022-11-09,10.024881362915039,10.318622722011664,10.00228532122116,10.220708696215329,74199200
2022-11-10,10.68015193939209,10.815724603824686,10.296027833866182,10.311091144006511,75638500
2022-11-11,10.921170234680176,11.049211598343264,10.695214844786936,10.740406210082536,60187600
2022-11-14,10.700462341308594,10.921168854692457,10.700462341308594,10.82984137085036,57691600
2022-11-15,10.883118629455566,11.096214452497284,10.807012615468869,10.875507882896748,61835700
2022-11-16,10.578694343566895,10.784180127285717,10.533031319940939,10.730906357788543,47484200
2022-11-17,10.586304664611816,10.586304664611816,10.312324356448835,10.396040380270696,54317900
2022-11-18,10.647188186645508,10.753736437248746,10.517808427270353,10.715683438761834,37101900
2022-11-21,10.616747856140137,10.685243120663735,10.396041295897822,10.548252591616537,34087100
2022-11-22,10.708073616027832,10.768958128529716,10.63957835801305,10.69285285080268,28738800
2022-11-23,10.677631378173828,10.700463614751854,10.540641587708881,10.654799867396445,25974200
2022-11-25,10.715683937072754,10.738515446906403,10.57869342646964,10.624357171937548,12980900
2022-11-28,10.44931411743164,10.624357635935933,10.42648260660087,10.609136144848325,35249700
2022-11-29,10.464536666870117,10.578694958370232,10.434094407416705,10.540642678404005,28380800
2022-11-30,10.578694343566895,10.616747347122306,10.23621876316953,10.487367570514309,61537300
2022-12-01,10.715683937072754,10.928779722388235,10.654799426982617,10.723294682284175,45335100
2022-12-02,10.54825210571289,10.631968858852316,10.464536078374142,10.533031339742516,42417400
2022-12-05,10.18294620513916,10.479758797222411,10.175335458362492,10.464537303669074,39714500
2022-12-06,10.106839179992676,10.327545733877281,9.939407122425518,10.213387446826884,39996000
2022-12-07,9.969849586486816,10.2133876576484,9.96223884031284,10.04595487082446,36609800
2022-12-08,9.985069274902344,10.091617532431405,9.94701627394192,10.045953786118773,32376300
2022-12-09,10.030733108520508,10.167722897049492,9.924184850064071,9.924184850064071,41553600
2022-12-12,10.243829727172852,10.25144047320613,9.969849402180959,10.045954685111695,35473800
2022-12-13,10.327545166015625,10.593915455554392,10.175333883050893,10.487367194578754,57872100
2022-12-14,10.259050369262695,10.487367666892721,10.167723595370822,10.327545631131771,51199900
2022-12-15,9.916573524475098,10.091617029855396,9.8556890162908,10.068784794935842,55725300
2022-12-16,9.224011421203613,9.756751214641666,9.193569168030026,9.718698942525107,118345700
2022-12-19,8.896757125854492,9.262064909062016,8.78259885186498,9.224011909131978,88062500
2022-12-20,8.729326248168945,8.889148288485925,8.46295593904041,8.86631605001157,82057900
2022-12-21,8.965251922607422,8.972862667364781,8.790209147991588,8.835872164934601,49256000
2022-12-22,8.607555389404297,8.782598159155487,8.447733382944254,8.782598159155487,75158700
2022-12-23,8.645608901977539,8.67605115873166,8.53906136623844,8.577114368631255,38200700
2022-12-27,8.523838996887207,8.668440245923833,8.470565234505596,8.584723504123499,44837400
2022-12-28,8.333575248718262,8.561892527957246,8.295522247878328,8.508618762261712,49375400
2022-12-29,8.782598495483398,8.790209240320698,8.409680708062663,8.432512216773985,53550300
2022-12-30,8.851095199584961,8.858705945670927,8.668441648325938,8.67605166861121,39232200
2023-01-03,8.88914966583252,9.071803247124768,8.805432896722962,8.99569722535259,45809000
2023-01-04,9.140296936035156,9.193570706554041,8.934811148375422,9.04135941521388,53429700
2023-01-05,9.32295036315918,9.421887882680624,9.041359296429228,9.216402097720545,50785600
2023-01-06,9.574097633361816,9.581708378055879,9.208790597653525,9.22401136124109,53089100
2023-01-09,9.657814979553223,9.840469248398708,9.551267442344072,9.695867982471059,50865500
2023-01-10,9.771971702575684,9.794803208665677,9.513212214220799,9.650202702361737,47065500
2023-01-11,10.061176300048828,10.091618558753032,9.810027484288971,9.840469742993175,51911600
2023-01-12,10.220996856689453,10.297102129507186,9.977458096591167,10.099227839540607,58113700
2023-01-13,9.680647850036621,9.756753135050003,9.4903835488021,9.612152585464079,96444000
2023-01-17,9.642593383789062,9.77958389218026,9.459939856467868,9.673035638342595,60774900
2023-01-18,9.444720268249512,9.779585861573526,9.437109521628342,9.733922107647254,48774400
2023-01-19,9.269676208496094,9.406666000314804,9.163127947480966,9.353392232707565,52918500
2023-01-20,9.437108039855957,9.452329530708287,9.193569992623742,9.292507505761987,44349200
2023-01-23,9.741532325744629,9.825248356633272,9.459941248245695,9.497993527685537,49688000
2023-01-24,9.695866584777832,9.817635595920951,9.604539826420492,9.65020356849944,41537400
2023-01-25,9.73392105102539,9.779584799994842,9.50560375777947,9.589320509923352,37739000
2023-01-26,9.832859992980957,9.947018293236308,9.673037937143,9.886133769660018,48970900
2023-01-27,10.099226951599121,10.175332217725547,9.794803709691829,9.802414454044632,62114600
2023-01-30,9.810027122497559,10.045954437304022,9.787194884960929,9.90135389524206,64512600
2023-01-31,10.281883239746094,10.327546266601406,10.084008187904473,10.190556460234745,83093300
2023-02-01,10.494977951049805,10.647189234172226,10.26666066346585,10.2894929002847,70641000
2023-02-02,10.898337364196777,11.111433873296036,10.677630835758734,10.784179090308363,102579800
2023-02-03,10.068785667419434,10.35798746925515,9.726310097756306,9.931795875034574,165500200
2023-02-06,10.000290870666504,10.0535646370904,9.726309841513599,10.015511635730203,77262800
2023-02-07,10.23621940612793,10.281883158422795,9.878522311520427,9.95462832341163,70671100
2023-02-08,10.213386535644531,10.418871579163135,10.122059768991749,10.122059768991749,62028400
2023-02-09,10.266661643981934,10.601527224633198,10.198166378585052,10.396041428442551,78667100
2023-02-10,10.299022674560547,10.43655878637417,10.121035400554124,10.388017083120221,68205200
2023-02-13,10.590275764465332,10.598366305361582,10.274751613519653,10.282842154415901,64201900
2023-02-14,10.493192672729492,10.671179961501206,10.371836861414385,10.50937298463759,75352900
2023-02-15,10.460830688476562,10.468920458196944,10.193848998791886,10.315204031718928,65850000
2023-02-16,10.444649696350098,10.6307282895466,10.12103575803856,10.299023038331661,64145500
2023-02-17,10.428466796875,10.468917950456628,10.234297710524212,10.371833793059384,54401000
2023-02-21,9.870234489440918,10.363746715424687,9.845963636680626,10.290933385587312,77724200
2023-02-22,9.878324508666992,9.959228375666354,9.821692264701314,9.902595360144218,52844700
2023-02-23,9.765058517456055,9.999678788305705,9.611342107543416,9.96731739824218,57952800
2023-02-24,9.611343383789062,9.692246483912418,9.506168659227846,9.562800906469846,50631600
2023-02-27,9.756970405578613,10.048222965612107,9.676066530902157,9.69224684290353,60378100
2023-02-28,9.765058517456055,9.854052918798045,9.716516818138969,9.765058517456055,59796800
2023-03-01,9.967317581176758,10.145305615571033,9.84596255910036,9.991589202837169,85328800
2023-03-02,10.153396606445312,10.153396606445312,9.894504698146857,10.01586049716201,78214100
2023-03-03,10.582184791564941,10.606455641706415,10.234299262792694,10.290932275198019,80080200
2023-03-06,10.50128173828125,10.663089475844277,10.460830575446966,10.582185607062764,50571200
2023-03-07,10.379924774169922,10.501279783192297,10.339472847310354,10.468918396015908,46540400
2023-03-08,10.50128173828125,10.525553361849589,10.28284252706152,10.339474772274697,46421000
2023-03-09,10.072492599487305,10.582185096483164,10.064402058688218,10.533643394801521,65423500
2023-03-10,9.789329528808594,10.121033949184064,9.708425672911787,10.05631117308916,73897400
2023-03-13,9.732697486877441,9.959227997245593,9.158282213366107,9.651794394508611,119167600
2023-03-14,9.651792526245117,9.95922606947327,9.522346986266164,9.878322221208286,93844200
2023-03-15,9.473804473876953,9.489984780512293,9.158280393146947,9.303907010646377,108909300
2023-03-16,9.562800407409668,9.619433423252625,9.23918648069189,9.328180117650163,74017200
2023-03-17,9.142102241516113,9.489987017521269,8.99647558968912,9.465716166068923,249885100
2023-03-20,9.04501724243164,9.287727278018382,9.020745621627858,9.16637226022501,74975100
2023-03-21,9.481897354125977,9.530439057573588,9.206825129401288,9.22300544003167,74794900
2023-03-22,9.287726402282715,9.659882732396682,9.279636634333954,9.514256879086913,69729100
2023-03-23,9.23918628692627,9.530438814864077,9.117831259841294,9.425264097997424,74225300
2023-03-24,9.311999320983887,9.311999320983887,9.045017652489685,9.15828213515,72425300
2023-03-27,9.320089340209961,9.465715205705733,9.231094941319702,9.409082967543842,55941100
2023-03-28,9.384814262390137,9.425265429428373,9.271548988636031,9.344362323795345,41385900
2023-03-29,9.748878479003906,9.756969019633624,9.47380627004488,9.53043851134006,48655400
2023-03-30,9.943045616149902,10.023949469499954,9.870232302446123,9.934955076503632,57751300
2023-03-31,10.19384765625,10.218118505327611,10.023950169593954,10.040130478460235,66868200
2023-04-03,10.258570671081543,10.29902182995702,10.096762949354034,10.137214879785912,55956300
2023-04-04,10.290931701660156,10.396106408486792,10.121034217025802,10.331383630679074,54655700
2023-04-05,10.05631160736084,10.234298863529851,9.886414119885778,10.177666624890291,53332900
2023-04-06,9.975407600402832,10.096762616137063,9.943046211436611,10.048220918465919,36355800
2023-04-10,10.290931701660156,10.290931701660156,9.837871485449751,9.870232874353611,61326200
2023-04-11,10.412285804748535,10.57409273508895,10.347563032612369,10.347563032612369,63633600
2023-04-12,10.250479698181152,10.582184124925284,10.234298618068577,10.566003816369076,53845500
2023-04-13,10.080582618713379,10.226209259336402,9.88641427892028,10.226209259336402,75485700
2023-04-14,10.129124641418457,10.242389115509765,10.048220784304926,10.07249163281644,43542000
2023-04-17,10.258570671081543,10.258570671081543,10.080582640115122,10.112944030149345,40191100
2023-04-18,10.299022674560547,10.323294297743983,10.210029037557335,10.274751822933574,38865900
2023-04-19,9.88641357421875,10.193847142755553,9.845961646756159,10.193847142755553,69451800
2023-04-20,9.603253364562988,9.651795844522088,9.344362195598578,9.554711656160434,79563100
2023-04-21,9.554709434509277,9.643703060258952,9.433353648607323,9.627521980182811,46926500
2023-04-24,9.837872505187988,9.854053587095343,9.61134275938018,9.619433300333858,57794700
2023-04-25,9.641278266906738,9.81329691860195,9.58393793514888,9.805106112230359,63114700
2023-04-26,9.452875137329102,9.714999675384217,9.42830115718462,9.665851715095254,58105300
2023-04-27,9.510215759277344,9.59213007727133,9.370961887403265,9.510215759277344,53280300
2023-04-28,9.731385231018066,9.780533203334238,9.477451436741388,9.493834614975402,55045000
2023-05-01,9.878830909729004,10.067232776064923,9.821490565945634,9.837873744510297,59834200
2023-05-02,9.665853500366211,9.903404102152141,9.551173603189493,9.870638528843491,91090400
2023-05-03,9.657660484313965,9.90340263840396,9.608511741018857,9.616703328433504,94050700
2023-05-04,9.469260215759277,9.690427643920394,9.395537479307938,9.665853658834248,79792900
2023-05-05,9.821488380432129,9.8624455365369,9.600320987374811,9.657660537205823,64173300
2023-05-08,9.846063613891602,9.878829184104518,9.706809745188503,9.846063613891602,49943800
2023-05-09,9.715001106262207,9.772341443301718,9.649469962096648,9.739575871218937,42878300
2023-05-10,9.739575386047363,9.862446079938838,9.608512323052217,9.846063685309957,49193100
2023-05-11,9.723194122314453,9.731385711836198,9.633088981154172,9.690428545420444,43030800
2023-05-12,9.559365272521973,9.78053269892439,9.542982095132885,9.772341891422741,45155400
2023-05-15,9.534789085388184,9.600320217423068,9.493831932568202,9.58393704381799,53197000
2023-05-16,9.215325355529785,9.485641503463235,9.207133767727484,9.461067521249142,60514900
2023-05-17,9.420110702514648,9.534790592296423,9.272665241537059,9.297240005828549,50077500
2023-05-18,9.534789085388184,9.551171477800548,9.379152060910798,9.387343647713337,38181400
2023-05-19,9.54298210144043,9.641279603454135,9.452876969319577,9.551173690140388,43474200
2023-05-22,9.526599884033203,9.60851342899149,9.313623260994419,9.592131032476997,57417200
2023-05-23,9.608512878417969,9.755958344564247,9.444685016695919,9.444685016695919,56843800
2023-05-24,9.280858039855957,9.54298264360347,9.215326888919078,9.534791835631065,71391000
2023-05-25,9.321812629699707,9.436492502759835,9.28085547637875,9.28085547637875,51328900
2023-05-26,9.903404235839844,10.06723210459463,9.452877010869507,9.493834173356428,123257500
2023-05-30,10.312973976135254,10.468610251291839,10.247442830680601,10.362121944629807,86226900
2023-05-31,9.829681396484375,10.231059866021193,9.796915823077143,10.222868277371163,86275300
2023-06-01,9.91978645324707,9.977126792171969,9.698619029714385,9.887020880086936,64407800
2023-06-02,10.149144172668457,10.247440872062754,9.944359186965489,10.042655886359787,65261200
2023-06-05,10.312973976135254,10.386696710069959,10.23925124220055,10.370313533109858,49890200
2023-06-06,10.591482162475586,10.591482162475586,10.247443244353903,10.280208818403924,57258400
2023-06-07,11.132113456726074,11.14030504475079,10.632437523918036,10.665203876016898,99342000
2023-06-08,11.123920440673828,11.254982707472909,11.025623740574517,11.082963287000933,64254700
2023-06-09,11.254984855651855,11.492535454863388,11.222219282698296,11.328707590095586,70329500
2023-06-12,11.287749290466309,11.369663605187263,11.181260993806188,11.30413246588762,44584700
2023-06-13,11.57444953918457,11.607215111462521,11.377856105516862,11.386046912691702,61781100
2023-06-14,11.631790161132812,11.836575201931606,11.443388298570532,11.672747325531159,69748500
2023-06-15,11.836575508117676,11.877532673575493,11.566259309766222,11.566259309766222,61463400
2023-06-16,11.811999320983887,11.96763558330016,11.730085005327231,11.893913636640542,75398100
2023-06-20,11.648172378540039,11.812000241426725,11.451578161883143,11.713703523694713,56645800
2023-06-21,11.484345436096191,11.697321284321953,11.418813504496418,11.664555709118533,49984300
2023-06-22,11.623595237731934,11.713701129799583,11.377853884219787,11.394236276563998,46862500
2023-06-23,11.484345436096191,11.590832969612606,11.402431107491175,11.410622696590263,48260200
2023-06-26,11.558066368103027,11.656363084984964,11.45976965122109,11.476152827964512,44956300
2023-06-27,11.803808212280273,11.844765371770997,11.517109658230892,11.623597179236796,49813100
2023-06-28,12.115081787109375,12.115081787109375,11.77104289001557,11.787426066635684,58380800
2023-06-29,12.246143341064453,12.393588797033749,12.115081060732997,12.180612200898725,58488600
2023-06-30,12.393588066101074,12.475501595880841,12.254334206163428,12.328056929800153,54036900
2023-07-03,12.483695030212402,12.614757322205254,12.409972295668203,12.409972295668203,29412700
2023-07-05,12.573801040649414,12.631140598548606,12.385398408534675,12.459121143658143,52003900
2023-07-06,12.270718574523926,12.491886781029496,12.18880503156078,12.42635563418182,64841400
2023-07-07,12.270718574523926,12.483695192375313,12.23795300110009,12.278910163178109,53375500
2023-07-10,12.344439506530762,12.36082268144558,12.147846094709596,12.254334388077588,51882000
2023-07-11,12.475502014160156,12.491885189381065,12.262526204637886,12.344439737164054,45849700
2023-07-12,12.467312812805176,12.631140680141778,12.45092963547507,12.590183518009404,47636800
2023-07-13,12.442737579345703,12.516460312175688,12.352632450993976,12.50826950501125,49664300
2023-07-14,12.270718574523926,12.50826995833786,12.213379016330434,12.475503603721132,48747900
2023-07-17,11.541683197021484,11.984018783864371,11.541683197021484,11.943061625950754,99402100
2023-07-18,11.607213020324707,11.607213020324707,11.402428035183048,11.427002014666085,71710800
2023-07-19,11.549875259399414,11.680937545153776,11.517109687960822,11.582640830838004,58280800
2023-07-20,11.492534637451172,11.533491796028244,11.386046337627915,11.492534637451172,45952600
2023-07-21,11.410622596740723,11.59902445721353,11.263177119019101,11.574450471324234,57579800
2023-07-24,11.559671401977539,11.609355150749353,11.468585450541674,11.501707686490752,46687000
2023-07-25,11.245009422302246,11.47686506686722,11.228448699681506,11.47686506686722,58772700
2023-07-26,11.319535255432129,11.385779728860696,11.195327065177668,11.220168545289278,42019700
2023-07-27,11.369216918945312,11.576231072222798,11.344375441666985,11.452022896134837,67313500
2023-07-28,10.98003101348877,11.302972591140811,10.781297613441923,11.245008880217897,116696500
2023-07-31,10.938630104064941,10.946910861398665,10.690212911928587,10.773018905872867,64507700
2023-08-01,11.112520217895508,11.12908094012184,10.855822310968373,10.888944545117388,59129900
2023-08-02,10.797858238220215,10.955188647752568,10.74817449380686,10.930347170394056,57997400
2023-08-03,10.847542762756348,10.88066499818186,10.648808560506893,10.756456023063903,51996300
2023-08-04,10.673649787902832,10.847541704343946,10.599124568042882,10.847541704343946,48412900
2023-08-07,10.715052604675293,10.731614116576747,10.582563668249069,10.706772638420919,43929200
2023-08-08,10.665369033813477,10.681929755064331,10.516318594074246,10.574283092693006,45103800
2023-08-09,10.54116153717041,10.623967524032674,10.483197820184674,10.57428456367245,42932600
2023-08-10,10.069169044494629,10.582564088376175,10.002924573651617,10.582564088376175,104063900
2023-08-11,10.052608489990234,10.102291449106378,9.936680269225237,10.036046977153921,64371700
2023-08-14,10.10229206085205,10.127133541914402,9.953242384781499,9.961522352004652,48099600
2023-08-15,9.92011833190918,10.060888026208744,9.911838365541717,9.986363590723412,42616400
2023-08-16,9.779349327087402,9.96152122044647,9.77106857110844,9.853873761809009,44838900
2023-08-17,9.795910835266113,9.911839059183354,9.754507841745925,9.8373138287863,36104900
2023-08-18,9.903556823730469,9.953240566475149,9.704823432144352,9.71310339785488,44519900
2023-08-21,9.91183853149414,9.9863637579236,9.829032548862214,9.969802245518665,33456700
2023-08-22,9.829031944274902,9.961520876579442,9.804190466891882,9.944960154889538,32027500
2023-08-23,9.903556823730469,9.911837579137298,9.771067896006391,9.78762861712375,30437700
2023-08-24,9.72966480255127,9.878715239463379,9.72966480255127,9.845593007893608,33338200
2023-08-25,9.862154960632324,9.928399432045925,9.588896318627127,9.795910489218723,47610000
2023-08-28,9.853873252868652,9.986362972600073,9.812471054504917,9.895276240928702,29693500
2023-08-29,9.978083610534668,9.986364367242386,9.845594661996863,9.895277622850326,32009000
2023-08-30,9.961520195007324,10.060886887437011,9.944959474450513,9.99464242581722,30617900
2023-08-31,10.044326782226562,10.160254992011453,10.011204549387497,10.044326782226562,39025700
2023-09-01,10.052608489990234,10.160255954337075,9.969802505201464,10.06916921313015,34716900
2023-09-05,10.011204719543457,10.085729942122107,9.969801730366838,10.036046197170895,35202000
2023-09-06,9.994643211364746,10.027765444777945,9.795909810885552,9.936679500315732,41881500
2023-09-07,9.903556823730469,9.978082042999338,9.853873080985789,9.89527606832364,38559600
2023-09-08,10.185097694396973,10.234780654783846,9.911839043179919,9.911839043179919,49493500
2023-09-11,10.118851661682129,10.267901309574253,10.07744867460798,10.234779077854192,34673600
2023-09-12,10.309305191040039,10.42523340696584,10.1188525395509,10.12713250592703,49507700
2023-09-13,10.46663761138916,10.690212523398632,10.458356854356396,10.508039817160075,62579700
2023-09-14,10.450077056884766,10.516321539836767,10.27618509171163,10.441796299091633,43461600
2023-09-15,10.441795349121094,10.590845817051092,10.26790339976825,10.26790339976825,63982400
2023-09-18,10.218219757080078,10.367270215093393,10.14369452807342,10.350708702115735,47444100
2023-09-19,10.400391578674316,10.474916011731361,10.193377422002184,10.218218899687866,40900000
2023-09-20,10.234779357910156,10.491477253036912,10.226499392025795,10.47491574187556,37449600
2023-09-21,10.10229206085205,10.226501045556695,10.0691698228701,10.10229206085205,40140500
2023-09-22,10.292744636535645,10.57428403002328,10.276183124120431,10.350708350596143,65205500
2023-09-25,10.416953086853027,10.516319794792436,10.218219670974209,10.226500427393258,41219400
2023-09-26,10.292744636535645,10.483197291132353,10.243060888986378,10.342427594388536,41261000
2023-09-27,10.259621620178223,10.367269073591126,10.143693411188256,10.367269073591126,41616600
2023-09-28,10.400391578674316,10.483196767525367,10.077449209975109,10.201657388099854,49109800
2023-09-29,10.284464836120605,10.483198265394325,10.226501116673216,10.441795270204853,62364900
2023-10-02,10.193378448486328,10.301025125863196,10.127133185159646,10.251342165488706,51204000
2023-10-03,9.994643211364746,10.127132145017542,9.9532410118705,10.069168433968528,55074700
2023-10-04,9.928399085998535,10.002924311165408,9.837313138403669,9.953241354185069,45217900
2023-10-05,9.853873252868652,9.936679228988751,9.679981334773496,9.886995485377428,47425000
2023-10-06,9.93667984008789,10.060888022210445,9.679981930085887,9.787629389783737,57558500
2023-10-09,9.994643211364746,10.060887678191143,9.754506821694969,9.771068333249737,33328000
2023-10-10,10.10229206085205,10.185098050655148,10.0112061038258,10.019486860745397,40404600
2023-10-11,10.143693923950195,10.259622138800314,10.060887943386344,10.176816158236463,31321500
2023-10-12,9.93667984008789,9.994643553118902,9.804190901904803,9.837313136450575,51644000
2023-10-13,9.779349327087402,9.936679742205934,9.77106857110844,9.911838263965398,47221800
2023-10-16,9.878715515136719,9.903556992083194,9.787628783505786,9.862154004041527,29183000
2023-10-17,9.969801902770996,10.077449360613183,9.812471488814783,9.812471488814783,40516500
2023-10-18,9.72966480255127,9.878715239463379,9.72966480255127,9.878715239463379,44840100
2023-10-19,9.547492980957031,9.737946421649145,9.530932258551314,9.59717672756691,49057500
2023-10-20,9.638578414916992,9.73794510500526,9.55577244499531,9.588894675024731,53307500
2023-10-23,9.506091117858887,9.679983067073206,9.45640815505277,9.56405562739463,49073800
2023-10-24,9.431565284729004,9.580614940894307,9.423284528915282,9.522651229590931,47775600
2023-10-25,9.555774688720703,9.63858067808549,9.282516029391926,9.398444256563339,74213800
2023-10-26,9.398445129394531,9.878718017041649,9.381883614104934,9.862156501752052,84725900
2023-10-27,8.247445106506348,9.083782597807357,8.19776135497414,9.050660360018032,187029600
2023-10-30,8.090112686157227,8.39649350783463,8.015587472022894,8.346809768512994,106474700
2023-10-31,8.199440002441406,8.333994786980417,8.098523914037147,8.174211180842786,82238800
2023-11-01,8.33399486541748,8.35081461464805,8.207849954227363,8.275127347130065,75469700
2023-11-02,8.52741813659668,8.535827209364964,8.384453473408437,8.42650204528906,66914000
2023-11-03,8.880624771118164,8.947902164671273,8.61992426959252,8.628334144289107,60912400
2023-11-06,8.67038345336914,8.914264226249037,8.611515127494778,8.88062552661077,48435500
2023-11-07,8.552645683288574,8.653561759544496,8.451729607032654,8.619923067459188,50430800
2023-11-08,8.451729774475098,8.586284545482075,8.434910027094377,8.569464798101352,38700600
2023-11-09,8.157391548156738,8.468549692345123,8.148981673500616,8.443320870386549,59356900
2023-11-10,8.291946411132812,8.300356285866538,8.132162801240987,8.249898641483773,45069700
2023-11-13,8.258306503295898,8.300355068789173,8.19102911931053,8.26671637679649,34458300
2023-11-14,8.746068954467773,8.796527399324795,8.392862246497943,8.401272120975742,67684000
2023-11-15,8.804937362670898,8.889033702268355,8.737659970189021,8.7544789173046,45193700
2023-11-16,8.544236183166504,8.771297966172682,8.493778543838276,8.74606834449885,45408100
2023-11-17,8.636741638183594,8.678789396056066,8.569463461166576,8.62833176580527,36501200
2023-11-20,8.695610046386719,8.771297301654673,8.628332664372905,8.653561482125673,46933100
2023-11-21,8.569465637207031,8.678791599857613,8.493779172611807,8.645152903812033,47284300
2023-11-22,8.628334045410156,8.729250134583342,8.552646778027821,8.611514296209734,41116300
2023-11-24,8.746068954467773,8.855394916649843,8.645152866763503,8.645152866763503,22028100
2023-11-27,8.695610046386719,8.762887428400532,8.661971355379812,8.720838864139486,32247600
2023-11-28,8.720840454101562,8.746069276453985,8.611514487894663,8.687201756961732,38510600
2023-11-29,8.905853271484375,9.217011405929723,8.88062445031577,9.149734014806931,77246800
2023-11-30,8.628334045410156,8.99835970571184,8.561056652628032,8.9815407585212,80525700
2023-12-01,8.897442817687988,8.914262565378262,8.594694577350468,8.653562090247002,61619800
2023-12-04,8.998359680175781,9.074046947343327,8.83016619869778,8.84698594785047,54196100
2023-12-05,8.914262771606445,8.981540159904554,8.863804329377999,8.9479014657555,41551100
2023-12-06,8.989950180053711,9.149734595620576,8.97313123221025,9.040408627603725,47223500
2023-12-07,9.099275588989258,9.149734033438984,8.981540555289508,9.006769376509487,40523200
2023-12-08,9.259060859680176,9.30951850683367,9.074047615427727,9.090867365818786,48961200
2023-12-11,9.309518814086914,9.376796213851907,9.23383153884883,9.267471040741194,39700900
2023-12-12,9.385204315185547,9.418843008709127,9.292698108498133,9.32633680202171,40206200
2023-12-13,9.452482223510742,9.494530793236507,9.082456574345485,9.275878872270338,68066700
2023-12-14,10.158895492553711,10.200944061716896,9.645905194390147,9.645905194390147,110777600
2023-12-15,10.108436584472656,10.242991347325928,10.032749329865279,10.150484346357068,85298200
2023-12-18,10.032750129699707,10.158895029428805,10.015930381997313,10.08320776878746,43424400
2023-12-19,10.108436584472656,10.150484346357068,9.999110639151962,10.066388020578596,35722900
2023-12-20,9.923425674438477,10.209355012486526,9.915015799317102,10.066390343462501,54981100
2023-12-21,10.377548217773438,10.39436716554106,10.007521742767974,10.032751367434127,66424600
2023-12-22,10.385956764221191,10.478462970135421,10.327088449539673,10.360727142782094,43764600
2023-12-26,10.470053672790527,10.512102242161122,10.402776282601476,10.419596031153617,26293700
2023-12-27,10.419594764709473,10.470052400213536,10.285039198676103,10.4532334557154,39891300
2023-12-28,10.377548217773438,10.453235487752274,10.327089770450943,10.411186915318497,26688500
2023-12-29,10.251401901245117,10.419596181148735,10.22617308006348,10.385957485569966,40964700
2024-01-02,10.22617244720459,10.411185662442948,10.041159231966232,10.12525636671359,47494800
2024-01-03,9.847736358642578,10.116845890598963,9.788868849029535,10.108436819232576,70120100
2024-01-04,9.822508811950684,9.940243846416404,9.78046024163731,9.889786203648173,54920300
2024-01-05,9.965472221374512,10.125255806136536,9.780459016379268,9.797277961191742,44443800
2024-01-08,10.066390037536621,10.13366743244333,9.91501549799162,9.965473945176557,41514400
2024-01-09,9.957062721252441,10.007520359591187,9.89819520918734,9.93183390208307,49536700
2024-01-10,9.948653221130371,9.973882041247167,9.847737138653454,9.948653221130371,37539200
2024-01-11,9.847736358642578,9.898194796889234,9.730000537406825,9.881375050137127,48692000
2024-01-12,9.637494087219238,9.898194541071462,9.595445523435377,9.797277667186336,55030100
2024-01-16,9.637494087219238,9.671132777844399,9.402023252843119,9.502939324718598,45207700
2024-01-17,9.47771167755127,9.511350372330105,9.343156096426183,9.393614539599309,52671300
2024-01-18,9.242238998413086,9.511349329137845,9.21701018059846,9.460890891498936,71667200
2024-01-19,9.418843269348145,9.435663017580229,9.107685145142211,9.200191354389466,61143300
2024-01-22,9.418843269348145,9.587036741620306,9.368385628671366,9.444072089686534,45479600
2024-01-23,9.561808586120605,9.637495854408098,9.452482621039762,9.553398711419819,45465200
2024-01-24,9.27587890625,9.629085610024683,9.250650085126026,9.62067573564677,59064600
2024-01-25,9.536581039428711,9.553399989069817,9.275880502907386,9.326338955850511,49356700
2024-01-26,9.578627586364746,9.67113379480898,9.502940323996858,9.587036658398054,35837000
2024-01-29,9.713183403015137,9.72159327795863,9.502941341486714,9.570218737015024,58249600
2024-01-30,9.906603813171387,9.98229106911569,9.772049047941366,9.898194741851757,70213300
2024-01-31,9.856147766113281,10.08320876854077,9.856147766113281,9.889786462843642,74558900
2024-02-01,10.175715446472168,10.209354142079937,9.772050297169175,9.94024377520802,81065800
2024-02-02,10.20935344696045,10.25140121209995,10.041159178363603,10.116846438830242,73130900
2024-02-05,9.746819496154785,10.158893634150331,9.704770934683696,10.100026129296568,81026800
2024-02-06,10.15048599243164,10.17571561606528,9.77205046003462,9.788870209123713,98636800
2024-02-07,10.764391899108887,10.91576561256787,10.259810715553126,10.705523586421249,137224000
2024-02-08,10.789620399475098,10.848487908416926,10.545739688417962,10.823259090586093,68653900
2024-02-09,10.66347599029541,10.865308146084104,10.629837297663961,10.772801941850043,47649600
2024-02-12,10.915766716003418,10.991453981388704,10.629838205228666,10.663476900732151,54036500
2024-02-13,10.66347599029541,10.848488398763532,10.49528172512847,10.739163249218594,67907700
2024-02-14,10.56256103515625,10.755983337844626,10.528922338949151,10.697115819984647,52978800
2024-02-15,10.813023567199707,10.838933136510148,10.631654934725898,10.66620130168994,57811800
2024-02-16,10.623016357421875,10.804384959511403,10.588469996245308,10.726655440951575,43228600
2024-02-20,10.579834938049316,10.648927671752713,10.450286268268037,10.528014975946592,44591000
2024-02-21,10.484829902648926,10.640288101142142,10.407100391577247,10.545285822971278,41835800
2024-02-22,10.467557907104492,10.571196996444108,10.40710197756895,10.47619470379536,36980500
2024-02-23,10.484829902648926,10.588468976194449,10.441646749425756,10.450283544800417,32152100
2024-02-26,10.320734977722168,10.597106688062446,10.320734977722168,10.476194013310437,40241300
2024-02-27,10.36391830444336,10.510740546314992,10.329371943041224,10.38119189696954,36508800
2024-02-28,10.623016357421875,10.70938184853818,10.329371875595951,10.33800867180265,51447900
2024-02-29,10.743928909301758,10.769839299608993,10.640289819023637,10.683472979218756,43098500
2024-03-01,10.75256633758545,10.916662191234446,10.640290443944117,10.821659068495451,48761400
2024-03-04,11.003026962280273,11.25348830110721,10.856204712935146,10.856204712935146,81871700
2024-03-05,10.864842414855957,11.003027879011464,10.795749682778204,10.925298349511408,47896200
2024-03-06,10.692109107971191,10.856204118080061,10.64892595047405,10.813021784233143,48834500
2024-03-07,10.718019485473633,10.769839443128385,10.588470826812179,10.718019485473633,38971000
2024-03-08,10.519377708435059,10.813022202391084,10.484831345831424,10.73529268062034,54723800
2024-03-11,10.458921432495117,10.571197321983126,10.433011865274896,10.47619502640879,35135400
2024-03-12,10.458921432495117,10.502104593629012,10.389828704141001,10.484831823365628,31245200
2024-03-13,10.6834716796875,10.77847396164052,10.458919932907445,10.467556728625949,50595300
2024-03-14,10.433011054992676,10.68347238173678,10.372555128290722,10.657562816528833,52619900
2024-03-15,10.415740013122559,10.597108646951694,10.38119364590036,10.407103215404417,88254000
2024-03-18,10.519377708435059,10.528013681348277,10.346645071766629,10.484831345831424,36599200
2024-03-19,10.623016357421875,10.666199514805138,10.45892052409552,10.45892052409552,32668700
2024-03-20,11.14121150970459,11.158485101706553,10.588469744044952,10.588469744044952,67721500
2024-03-21,11.15848445892334,11.279397125021324,11.046208588328813,11.15848445892334,55822500
2024-03-22,11.149848937988281,11.193032096791809,11.098029806344243,11.115302575675507,33137500
2024-03-25,11.14121150970459,11.2793977747697,11.00302606828968,11.158485101706553,39063500
2024-03-26,10.743928909301758,11.193032457490553,10.735292936182953,11.193032457490553,67140200
2024-03-27,11.279397964477539,11.288033936973568,10.81302168003315,10.821657652529181,53555800
2024-03-28,11.469403266906738,11.486676860297313,11.270761884816727,11.288034654557034,61846400
2024-04-01,11.47804069519043,11.555770222424615,11.348492032233665,11.512587060222256,35898300
2024-04-02,11.469403266906738,11.547132789863793,11.30530824794761,11.36576417751409,42653400
2024-04-03,11.788957595825195,11.814867986491391,11.426220363001317,11.44349395677878,57498900
2024-04-04,11.40894889831543,12.048057115504847,11.374402530457903,12.004873949770344,67812400
2024-04-05,11.469403266906738,11.57304235629939,11.30530824794761,11.460767293861718,46937400
2024-04-08,11.581679344177246,11.69395523211856,11.529860210450659,11.529860210450659,29900500
2024-04-09,11.693955421447754,11.737138582685914,11.52122360014541,11.633499489904507,35497900
2024-04-10,11.279397964477539,11.478039333939865,11.184394854169284,11.452129769151346,51395000
2024-04-11,11.262124061584473,11.348490373364568,11.149848185730425,11.322579985640424,38383100
2024-04-12,10.890751838684082,11.158486789663694,10.795749539252775,11.158486789663694,52356300
2024-04-15,10.56256103515625,11.07212054911528,10.51937869558711,11.003027817424258,59484400
2024-04-16,10.44164752960205,10.579832971320986,10.312098060252897,10.484830686051769,56392200
2024-04-17,10.398465156555176,10.579833768387836,10.38119238686411,10.484831475961306,43646600
2024-04-18,10.415740013122559,10.510742317071015,10.346646455027797,10.433012784908476,39902100
2024-04-19,10.484829902648926,10.562558590070463,10.381190829103401,10.381190829103401,39623800
2024-04-22,11.123940467834473,11.141213238867042,10.57983459007813,10.631654550476494,86462700
2024-04-23,11.175759315490723,11.270762436488484,11.072120221025234,11.270762436488484,62807100
2024-04-24,11.184394836425781,11.270761150450776,11.037572596773417,11.175758040293239,74510400
2024-04-25,11.262124061584473,11.383036733346568,10.908023665856424,11.09802905758252,86944100
2024-04-26,11.046210289001465,11.244852497913207,10.890751240605342,11.020300722152204,57257800
2024-04-29,11.011664390563965,11.089393918046113,10.838932564853808,11.063484350102168,50285600
2024-04-30,10.4934663772583,10.882113951242088,10.476193609331343,10.882113951242088,75890500
2024-05-01,10.536649703979492,10.735291892097527,10.493466547984251,10.502103343913339,48749400
2024-05-02,10.787110328674316,10.838930277275816,10.674834459746185,10.709380817597138,46868600
2024-05-03,10.7352933883667,11.020301104548974,10.700747023485523,10.916662009905446,47463300
2024-05-06,10.79574966430664,10.899388762245945,10.761203298326873,10.830296030286409,29780300
2024-05-07,10.638401985168457,10.883163669343768,10.568470075404083,10.839456017327503,48102900
2024-05-08,10.620919227600098,10.708334536872975,10.5072804926612,10.559729011301588,38177200
2024-05-09,10.603436470031738,10.68211008019294,10.542246254863763,10.612178167528352,29103800
2024-05-10,10.48105525970459,10.63840248083261,10.41112334668195,10.62091908574987,51447800
2024-05-13,10.778265953063965,10.883163819154484,10.53350426551942,10.53350426551942,60962300
2024-05-14,10.874422073364258,11.049252683055602,10.804490162949373,10.874422073364258,39980400
2024-05-15,10.760784149169922,10.97932159397825,10.647144577831089,10.918130542547066,50739900
2024-05-16,10.82197380065918,10.909388273815807,10.717075932678737,10.725817630090644,41502200
2024-05-17,10.73455810546875,10.821973409116813,10.708333847835979,10.813231712021183,24011300
2024-05-20,10.620919227600098,10.778266450829609,10.612178363596149,10.72581793218922,27019100
2024-05-21,10.620919227600098,10.664626882236536,10.51602135666515,10.62966092525822,32851000
2024-05-22,10.516020774841309,10.559728427059516,10.46357225910276,10.54224586636471,35403000
2024-05-23,10.585951805114746,10.682108798733882,10.4985373415976,10.577210942320873,43590100
2024-05-24,10.629660606384277,10.725817610430711,10.524762738596108,10.629660606384277,40840400
2024-05-28,10.210068702697754,10.60343589865253,10.192585308646642,10.585952504601417,57460100
2024-05-29,10.105171203613281,10.183843978716855,10.052721853223423,10.113912067299806,45759500
2024-05-30,10.288741111755371,10.297481974110012,10.03523692942845,10.122652222206975,42218900
2024-05-31,10.603436470031738,10.620919031370807,10.19258585788666,10.288742863041088,57205800
2024-06-03,10.655884742736816,10.769524306617873,10.50728005698143,10.708334092856589,53784100
2024-06-04,10.516020774841309,10.603436079277726,10.454830561928292,10.559728427059516,41533100
2024-06-05,10.550987243652344,10.594694897998844,10.332449805574017,10.533504682106244,45509800
2024-06-06,10.550987243652344,10.577212336452744,10.45483107101338,10.47231363255948,28289900
2024-06-07,10.620919227600098,10.62966092525822,10.446089442708518,10.489797097344955,31934000
2024-06-10,10.82197380065918,10.944355063463437,10.577212108704813,10.603436367286386,68322800
2024-06-11,10.585951805114746,10.804489214388697,10.53350329373527,10.769523262251028,48201800
2024-06-12,10.559728622436523,10.813232009607525,10.516020969409633,10.734558400889949,57116200
2024-06-13,10.437347412109375,10.568470371835998,10.358674636658376,10.559728674456728,41422300
2024-06-14,10.236291885375977,10.341189737706715,10.096428082268327,10.314965483037536,49382100
2024-06-17,10.358673095703125,10.39363904636453,10.192584204820932,10.192584204820932,31970100
2024-06-18,10.297483444213867,10.437347265703732,10.288742580611352,10.323708535983817,29023400
2024-06-20,10.437347412109375,10.463572504247187,10.183844023689545,10.236293374311025,53468000
2024-06-21,10.349933624267578,10.411123842663926,10.280001707913408,10.402382144706104,50178700
2024-06-24,10.690849304199219,10.708332696510722,10.419863392603164,10.428605088758914,58436900
2024-06-25,10.568470001220703,10.673367865130954,10.516020652438518,10.638401910494204,38818900
2024-06-26,10.585951805114746,10.60343519801061,10.446087996564067,10.4985373415976,41426600
2024-06-27,10.690849304199219,10.8219722455734,10.533502941665843,10.559727196479066,48080200
2024-06-28,10.961836814880371,11.03176872170145,10.71707514100659,10.71707514100659,65914700
2024-07-01,11.154150009155273,11.250306172911165,10.953095151196838,10.97932024157452,56152700
2024-07-02,11.250306129455566,11.320238036217749,11.119184012689997,11.215340176074475,46990400
2024-07-03,11.250306129455566,11.328979732976542,11.18911591945218,11.267789522973155,26894300
2024-07-05,11.224081993103027,11.328979854370315,11.145408388739039,11.250306250006325,31589300
2024-07-08,11.346463203430176,11.538776379286968,11.294014685976421,11.337722339623985,44346200
2024-07-09,11.276530265808105,11.425135774506312,11.259047706131064,11.328979612147387,40680900
2024-07-10,11.512553215026855,11.547519174538195,11.285274061376038,11.320240020887375,36305500
2024-07-11,11.774795532226562,11.835985738428038,11.582482383752449,11.582482383752449,51443400
2024-07-12,12.264318466186523,12.421665658538824,11.827243672900364,11.827243672900364,85609700
2024-07-15,12.43914794921875,12.613978529696022,12.342991796879444,12.421665391363417,65643300
2024-07-16,12.579014778137207,12.648946689085024,12.404184167113526,12.47411691171548,52040100
2024-07-17,12.657686233520508,12.78880917812255,12.482856474371836,12.491598170742783,58087100
2024-07-18,12.718877792358398,12.981122858586692,12.631462492397606,12.6839118391049,58077000
2024-07-19,12.220612525939941,12.675170774560934,12.203129965268278,12.66642907739804,75908600
2024-07-22,12.342992782592773,12.395442127655365,12.054523468883659,12.255578319027196,59116800
2024-07-23,12.089489936828613,12.299285658721626,11.862210821284137,12.290544795549987,85897700
2024-07-24,11.949626922607422,12.133198399972766,11.879695010625781,12.002075439766577,81768700
2024-07-25,9.755511283874512,10.472313827333894,9.746769586111792,10.314967435875849,259484000
2024-07-26,9.781734466552734,9.930339977540976,9.659354045965305,9.799217860153277,79599900
2024-07-29,9.624387741088867,9.772993246652403,9.44081628325474,9.772993246652403,91667500
2024-07-30,9.475783348083496,9.71180334520775,9.423333996692461,9.641871432455812,69337000
2024-07-31,9.45829963684082,9.624388549314299,9.37088516565058,9.493265592047743,75478000
2024-08-01,9.344659805297852,9.545714667196894,9.274727896894909,9.493265319067632,60516500
2024-08-02,8.767722129821777,9.222280419196869,8.741497869636046,9.222280419196869,110703000
2024-08-05,8.487994194030762,8.654082281448472,8.29568101360959,8.356872063630156,115594200
2024-08-06,8.54918384552002,8.619115754933565,8.461769375580149,8.557925542610242,111817600
2024-08-07,8.673470497131348,8.859900464199649,8.655714778378593,8.744491678863826,69482400
2024-08-08,8.993067741394043,9.099599536813663,8.700105092330222,8.700105092330222,73007600
2024-08-09,8.966435432434082,9.028578771070285,8.851025770224355,8.948679709029744,48860800
2024-08-12,8.75337028503418,8.966434715656394,8.73561540968866,8.966434715656394,56118700
2024-08-13,9.001945495605469,9.0108225101386,8.673472251975214,8.806636783006054,44766100
2024-08-14,9.037456512451172,9.090721988676048,8.922046851777965,9.019700789283226,37026400
2024-08-15,9.286029815673828,9.32154041194901,9.20613076239482,9.20613076239482,41597900
2024-08-16,9.33041763305664,9.339295493176689,9.20613013129399,9.232762865014793,34142600
2024-08-19,9.51684856414795,9.543481298153546,9.35705046683567,9.374806187265634,41066300
2024-08-20,9.481338500976562,9.578992428892908,9.419194322630347,9.499093375761626,32468000
2024-08-21,9.632258415222168,9.738790200186548,9.543481504432169,9.623380554815295,48943900
2024-08-22,9.694400787353516,9.774299829845656,9.623379604391454,9.632257463921533,50885400
2024-08-23,10.005120277404785,10.013997291342188,9.712156804846517,9.74766740051428,64612700
2024-08-26,9.863076210021973,10.093895485569247,9.82756561737157,10.049507033096415,53070300
2024-08-27,9.889710426330566,9.960731616204734,9.756545060336977,9.871954705542342,44841000
2024-08-28,9.800933837890625,9.934098361622858,9.747667520414094,9.854200155367154,35442200
2024-08-29,9.863076210021973,9.942975255145207,9.756544432070765,9.78317801153805,44989200
2024-08-30,9.934098243713379,9.969608839396454,9.818689442722926,9.898587648030304,44977100
2024-09-03,9.74766731262207,9.889710540651736,9.712156717274498,9.83644422431069,49613500
2024-09-04,9.72103500366211,9.907465849064481,9.632258934723474,9.756545600565447,47900700
2024-09-05,9.561238288879395,9.88971154072019,9.51684982854643,9.83644521899274,50551900
2024-09-06,9.392560958862305,9.65001297582018,9.348172504909703,9.570113928033368,47508900
2024-09-09,9.463583946228027,9.552360871016008,9.357052144466152,9.419195483834038,39223300
2024-09-10,9.161742210388184,9.312662454652589,9.028577687396952,9.312662454652589,63019200
2024-09-11,9.277152061462402,9.28602992229298,8.993067287999176,9.152865396391945,55840200
2024-09-12,9.428071022033691,9.454703754250483,9.152864146968511,9.232762343618882,43779600
2024-09-13,9.490216255187988,9.57899317595518,9.436950780039243,9.48133924042284,35184800
2024-09-16,9.587870597839355,9.694402389892753,9.507971542139453,9.534604278492946,34802400
2024-09-17,9.67664623260498,9.889710653766747,9.60562504109752,9.667769218646088,52068600
2024-09-18,9.74766731262207,9.996242326694453,9.6944018429204,9.703279703417136,55017300
2024-09-19,9.694400787353516,10.040629689273029,9.650012336342407,9.960730646780888,52436400
2024-09-20,9.658890724182129,9.658890724182129,9.490214770441748,9.641135004150792,68809100
2024-09-23,9.685524940490723,9.694402801865635,9.507971946189778,9.623381604145257,40421300
2024-09-24,9.650012969970703,9.765422611521773,9.596747502571342,9.738789877822091,37746300
2024-09-25,9.250519752502441,9.40144000702929,9.161742833378609,9.40144000702929,74109600
2024-09-26,9.481338500976562,9.543481832683382,9.374806712347986,9.374806712347986,51408500
2024-09-27,9.570115089416504,9.756545941330307,9.552360213664421,9.623381409951637,45469600
2024-09-30,9.37480640411377,9.419194012936709,9.259396758567517,9.303784367390456,59662900
2024-10-01,9.543481826782227,9.605625158450621,9.392561581325216,9.5168490913014,63963000
2024-10-02,9.303784370422363,9.525725801166859,9.25939676158496,9.525725801166859,51457400
2024-10-03,9.277152061462402,9.294907783123557,9.170620271413693,9.2416414647795,44458300
2024-10-04,9.383683204650879,9.419193798885873,9.268273561727305,9.401438925088051,45883000
2024-10-07,9.312661170959473,9.419192943995586,9.277150579947435,9.365927480797167,38009100
2024-10-08,9.312661170959473,9.392560212396377,9.215007257336188,9.321539030372302,46355700
2024-10-09,9.428071022033691,9.481337333106564,9.268272935454366,9.312661386908545,40407000
2024-10-10,9.481338500976562,9.499093375761626,9.357050990923526,9.392561587133052,39458300
2024-10-11,9.51684856414795,9.587869752589107,9.43694951549181,9.445827375706791,31915700
2024-10-14,9.694400787353516,9.729911378834545,9.463581519407175,9.507969970418284,41940200
2024-10-15,9.623380661010742,9.783178763540391,9.605624940001057,9.685523991265882,53097100
2024-10-16,9.7920560836792,9.92522145549881,9.667769419281512,9.667769419281512,46996400
2024-10-17,9.827566146850586,9.88083246201567,9.712156502859033,9.800933412587721,37617200
2024-10-18,9.854199409484863,9.916342736304244,9.800933096040158,9.90746487629024,26074900
2024-10-21,9.658890724182129,9.907464878145534,9.641135004150792,9.836443691298847,41008600
2024-10-22,9.863076210021973,9.898586802672376,9.694401106592387,9.694401106592387,51597600
2024-10-23,9.81868839263916,9.978485632803393,9.783177800753855,9.863075997516324,37335400
2024-10-24,9.978487014770508,9.987364875631195,9.827566766696483,9.978487014770508,44736400
2024-10-25,9.827566146850586,10.058385434833692,9.783178538625599,10.013996979969347,39120700
2024-10-28,10.093897819519043,10.111653543269446,9.87195635247604,9.916344815212542,97967000
2024-10-29,9.2416410446167,9.365928550675946,9.037455334632975,9.348172829822039,156228000
2024-10-30,9.294907569885254,9.34817304036792,9.17062006102672,9.232763392136293,48853700
2024-10-31,9.135108947753906,9.303784056914589,9.090720493772883,9.259396449572906,72098700
2024-11-01,9.072966575622559,9.24164170254613,9.055210853504589,9.170620507353107,43472300
2024-11-04,9.19725227355957,9.383683102932233,9.081842631887033,9.081842631887033,55323800
2024-11-05,9.410318374633789,9.44582897486624,9.143988449570665,9.17062118808513,49309000
2024-11-06,9.934098243713379,9.969608839396454,9.623380743146326,9.721034669614934,100781800
2024-11-07,9.862112998962402,9.997086829491414,9.745135278704005,9.907104561852968,55407900
2024-11-08,9.871110916137695,9.871110916137695,9.772129311835764,9.835117839521349,45463400
2024-11-11,10.105067253112793,10.186051904204769,9.916104211421901,9.961094921457187,56630500
2024-11-12,9.988088607788086,10.168053990475434,9.853113927165598,10.024081684325555,44921400
2024-11-13,9.988088607788086,10.051076277192998,9.916102454713146,10.006084716985503,55150900
2024-11-14,9.961092948913574,10.105065252059092,9.916102247787563,10.015082991664451,56780900
2024-11-15,9.9071044921875,10.033079837624019,9.880109039757377,9.943097570618317,58895400
2024-11-18,10.087069511413574,10.14105955613508,9.925100235391708,9.943097203013092,47727300
2024-11-19,9.943098068237305,10.186051145268642,9.907104988005154,9.952096552831023,53227700
2024-11-20,9.6551513671875,9.943096831368534,9.547172139923093,9.907103755613731,68633300
2024-11-21,9.718140602111816,9.763132164622219,9.54717283620082,9.700143633850583,53409500
2024-11-22,10.060075759887695,10.240041160446665,9.718141069754292,9.72713955431792,82556700
2024-11-25,10.258035659790039,10.366015741303379,10.150056436419286,10.168053402719037,63469300
2024-11-26,9.988088607788086,10.105065462927886,9.934098563910563,10.042077793522973,47458800
2024-11-27,9.988088607788086,10.132060913937963,9.952095531250617,10.015083200655528,28474200
2024-11-29,10.015084266662598,10.141060477023984,10.006085782034772,10.04207886240335,28935200
2024-12-02,9.880108833312988,10.123062751251503,9.862112723544948,10.09606815752811,50034400
2024-12-03,9.736137390136719,9.907105167951833,9.736137390136719,9.88910819843751,43904300
2024-12-04,9.66415023803711,9.781127953464773,9.529176413082,9.76313184393733,66780700
2024-12-05,9.39420223236084,9.619159191411214,9.349211527064922,9.574168486115296,68162000
2024-12-06,9.457188606262207,9.538173230342146,9.37620398218227,9.457188606262207,56227000
2024-12-09,9.538176536560059,9.718141953484384,9.475187997029446,9.502183453175194,53230100
2024-12-10,9.502181053161621,9.664149458412941,9.493182570052497,9.646153350337276,45084300
2024-12-11,9.367206573486328,9.54717194865491,9.250228865091099,9.54717194865491,60487100
2024-12-12,9.349210739135742,9.457189967402567,9.313217663046801,9.340212255577852,38432600
2024-12-13,9.349210739135742,9.39420144063995,9.286222212373126,9.35820836455101,40560700
2024-12-16,8.989278793334961,9.106256500907428,8.890298052224072,9.061264942896079,96264400
2024-12-17,8.971282958984375,9.034270627238246,8.890298323719328,8.962284475478787,76208600
2024-12-18,8.719330787658691,9.079262413596554,8.69233619460971,8.944287732066366,84199500
2024-12-19,8.764323234558105,8.953287121297326,8.728330154138384,8.80931479961844,81659000
2024-12-20,8.890298843383789,8.962284999351052,8.71033345346563,8.72832956338611,87705500
2024-12-23,8.908295631408691,8.926292600841782,8.773321793231455,8.88130103540179,50646600
2024-12-24,9.016274452209473,9.05226752782509,8.899296741923065,8.908294367220009,29083100
2024-12-26,9.061264991760254,9.106256550014225,8.980280358531626,8.998277325090253,35922700
2024-12-27,9.025273323059082,9.178244130072178,8.980281757794748,9.025273323059082,52899900
2024-12-30,8.890298843383789,8.980281109271534,8.836308797337006,8.953286515319478,47116700
2024-12-31,8.908295631408691,9.007277247005216,8.854306439394891,8.917294116125236,54104200
2025-01-02,8.683337211608887,8.962284184218408,8.674339586538327,8.917292626295247,67156200
2025-01-03,8.890298843383789,8.953286515319478,8.575358767420008,8.719331079354536,77245900
2025-01-06,8.926291465759277,9.169244515212524,8.908294498614714,9.052267661343356,63840800
2025-01-07,8.782320022583008,9.007276985099114,8.746326942906139,8.953286936512455,62404000
2025-01-08,8.764323234558105,8.773321719198718,8.62035091287922,8.764323234558105,61678800
2025-01-10,8.683337211608887,8.854304960088378,8.629348028615167,8.701334178035188,73373400
2025-01-13,8.73732852935791,8.746327013885832,8.611352320395172,8.692336964861024,66023000
2025-01-14,8.800314903259277,8.836307977905104,8.710332645716004,8.800314903259277,45419900
2025-01-15,8.953286170959473,9.052267775214446,8.899296985131883,8.971283138330426,68674400
2025-01-16,9.007275581359863,9.052267138479916,8.899296359157285,8.91729246711976,45770000
2025-01-17,9.160247802734375,9.187242397998999,9.034271594594943,9.070264674328678,60802700
2025-01-21,9.385204315185547,9.40320042511738,9.214236551048453,9.26822659712929,65670800
2025-01-22,9.025273323059082,9.223235695336513,9.0162756965204,9.223235695336513,64949200
2025-01-23,9.142250061035156,9.151248544743659,8.971283161286793,9.043269314669539,56241100
2025-01-24,9.106256484985352,9.27722423350102,9.07926189348278,9.142249559702977,42909100
2025-01-27,9.34021282196045,9.37620590023198,9.08826127405973,9.097258900020606,73082600
2025-01-28,9.070263862609863,9.205237684996577,8.926291556559331,9.205237684996577,92177600
2025-01-29,9.187241554260254,9.259227707116656,9.025272281262033,9.08826080861836,69986900
2025-01-30,9.142250061035156,9.34921089561753,9.052267798378043,9.232233181834909,69663100
2025-01-31,9.070263862609863,9.313217772677111,8.98927922592078,9.151248499298946,103652400
2025-02-03,8.899297714233398,9.052268516848551,8.63834767297391,8.746326911618247,131430300
2025-02-04,9.142250061035156,9.142250061035156,8.908294633469911,8.944287710161284,68716500
2025-02-05,9.007275581359863,9.28622169084755,8.962284024239812,9.142249394577442,124187800
2025-02-06,8.332406044006348,8.674340727810664,8.332406044006348,8.539366036282729,222758300
2025-02-07,8.314408302307129,8.413389905188186,8.260419117228938,8.39539293806704,140852700
2025-02-10,8.314408302307129,8.368398345527945,8.206429074008122,8.323406785867702,72168000
2025-02-11,8.287413597106934,8.33240515615555,8.251420521496565,8.287413597106934,54844600
2025-02-12,8.30540943145752,8.35939947216073,8.188432583195304,8.251420248896896,67339600
2025-02-13,8.413389205932617,8.467378386523647,8.31440761127814,8.359399167199033,72059800
2025-02-14,8.530367851257324,8.557363305395933,8.449384063269697,8.485377143978443,53778300
2025-02-18,8.632583618164062,8.688338046753186,8.57682918957494,8.660460389365335,62175800
2025-02-19,8.679045677185059,8.725507554290662,8.558245151185133,8.613999580949175,50191700
2025-02-20,8.725506782531738,8.734798448181746,8.623290484702983,8.669752357699098,39787800
2025-02-21,8.623291015625,8.744091538377782,8.576829139768304,8.716214767338393,58437700
2025-02-24,8.688337326049805,8.734798312135762,8.55824426092421,8.651168005469135,72562600
2025-02-25,8.753384590148926,8.818430688347103,8.651169166382275,8.706922711641676,88876800
2025-02-26,8.799844741821289,8.939229463804297,8.771967088475527,8.790552190706036,87948100
2025-02-27,8.632583618164062,8.855599560147397,8.632583618164062,8.771968360357002,70518800
2025-02-28,8.874184608459473,9.004276797359866,8.651168667898876,8.660460334115639,137992600
2025-03-03,8.725506782531738,9.125076763450675,8.66045980586257,9.022861351808439,154435900
2025-03-04,8.474613189697266,8.613998808515092,8.41885965111935,8.576828601214457,167500000
2025-03-05,8.967107772827148,8.985692878253301,8.548952648791328,8.604707078883186,157774900
2025-03-06,8.929938316345215,9.032154622307022,8.753384248335914,8.846308001721813,136680700
2025-03-07,9.199416160583496,9.255170589990797,8.83701547108911,8.864892242699463,150644900
2025-03-10,9.255170822143555,9.422433228374405,9.078616749267246,9.078616749267246,167183800
2025-03-11,9.004276275634766,9.255169858868108,8.818429669269246,9.218000537595005,210127000
2025-03-12,8.91135311126709,9.022861071278962,8.790552599707606,9.01356851973135,129994600
2025-03-13,8.855600357055664,9.245878733740621,8.827723583345783,8.89276968406439,137747600
2025-03-14,9.0414457321167,9.097200157953386,8.95781542264147,8.976399640462677,91313800
2025-03-17,9.218001365661621,9.273754909486438,9.050738961813964,9.050738961813964,98583100
2025-03-18,9.245878219604492,9.329509422270306,9.180832122502908,9.245878219604492,102730900
2025-03-19,9.450309753417969,9.552525173336473,9.24587802739437,9.255170579983304,124697400
2025-03-20,9.301631927490234,9.431724111586869,9.283046823369835,9.357385467478352,109103700
2025-03-21,9.292339324951172,9.403847290508201,9.13436948553208,9.208708129236767,240638600
2025-03-24,9.52464771270752,9.52464771270752,9.301631783826451,9.329508553389953,102847200
2025-03-25,9.56181812286377,9.61757255452531,9.450310145727316,9.571110675838465,83674900
2025-03-26,9.5711088180542,9.61757068772264,9.375969674395911,9.543232050727717,139742100
2025-03-27,9.199416160583496,9.664033156293502,9.125077512164822,9.53394096465412,229032500
2025-03-28,9.03215503692627,9.190124893221919,8.939231279274724,9.143663014396145,136868300
2025-03-31,9.320216178894043,9.39455482326952,8.87418431264119,8.892768530641787,139951900
2025-04-01,9.236584663391113,9.450308923228425,9.115785035093321,9.385262833193227,135388700
2025-04-02,9.431724548339844,9.543233405852778,9.125077405645728,9.143662510626744,136908500
2025-04-03,8.864892959594727,9.478187301738597,8.855600406244264,9.283048112312214,220271000
2025-04-04,8.902060508728027,9.041445236397843,8.548951527619812,8.660459486992961,177466200
2025-04-07,8.58612060546875,8.957814679092033,8.363104693006656,8.613998259166358,274938500
2025-04-08,8.075042724609375,8.846307726904593,7.944950537334436,8.846307726904593,199286800
2025-04-09,8.827722549438477,8.864891872093914,7.842734169789573,7.898488596866005,199663000
2025-04-10,8.49319839477539,8.623290577135132,8.251597361555117,8.456029073217389,163535400
2025-04-11,8.669753074645996,8.688338179855949,8.400275252407836,8.465321348269484,146073700
2025-04-14,9.022862434387207,9.11578619152859,8.54895286810208,8.71621527648192,189955000
2025-04-15,8.781259536743164,8.948521910112929,8.716213452071118,8.93922935910651,125469000
2025-04-16,8.734798431396484,8.939230140474628,8.63258301995067,8.799845407940653,133804900
2025-04-17,8.948522567749023,9.004276105512037,8.734798309826795,8.744090861516131,129204600
2025-04-21,8.799844741821289,8.94852201491955,8.688336786997592,8.902060145529731,94138900
2025-04-22,8.967107772827148,9.032154755632082,8.855599798830037,8.87418490425619,121387100
2025-04-23,9.087906837463379,9.301631084546901,9.022860751309745,9.143661258585395,158691500
2025-04-24,9.34809398651123,9.375970757056695,9.125077163587836,9.171539038621317,87031000
2025-04-25,9.329509735107422,9.385264167483058,9.264463635824711,9.338802288201135,88682400
2025-04-28,9.31092357635498,9.459600850149746,9.264461706747502,9.34809289480367,77051500
2025-04-29,9.431724548339844,9.468893872115295,9.227293710668153,9.357385900788941,141980300
2025-04-30,9.301631927490234,9.41313989365301,9.162246305146859,9.39455478953261,136406200
2025-05-01,9.459602355957031,9.589694548142681,9.310925058495377,9.422433031591618,126532500
2025-05-02,9.552525520324707,9.654741830142733,9.496771975139078,9.571110626177665,82228700
2025-05-05,9.450309753417969,9.515355849167328,9.385263657668611,9.506063296578393,105766300
2025-05-06,9.701202392578125,9.868464793097491,9.34809425888304,9.375971030240738,131814000
2025-05-07,9.552525520324707,9.766249806700614,9.403848218247532,9.71978792825484,116885100
2025-05-08,9.552525520324707,9.71978792825484,9.533941300658372,9.608279951696959,107173400
2025-05-09,9.691910743713379,9.747664286529238,9.61757209583451,9.626863762179429,76350700
2025-05-12,9.946463584899902,10.116165666667372,9.880467481712955,9.955891728086213,102035800
2025-05-13,9.99360466003418,10.021888194037139,9.823901657781756,9.99360466003418,83671000
2025-05-14,10.040741920471191,10.087881735412553,9.880467089140872,9.965318576211887,84453100
2025-05-15,10.13502311706543,10.163306650755553,9.946464727269074,9.984176405228345,71096500
2025-05-16,10.182162284851074,10.191590428514244,10.031315582709427,10.153878752978832,64913000
2025-05-19,10.13502311706543,10.172734795024702,10.021888083187616,10.07845515056786,60195700
2025-05-20,10.106739044189453,10.21987407203161,10.050171080709735,10.172734252318058,61063800
2025-05-21,9.880468368530273,10.078454897626873,9.85218483554999,10.050171364646587,89090500
2025-05-22,9.842756271362305,9.899324234025475,9.748477532413373,9.88046794676533,94081100
2025-05-23,9.767333030700684,9.814472850265368,9.701337822780488,9.710765966516881,80519000
2025-05-27,9.720194816589355,9.889896920589758,9.625915170608978,9.852185242021076,89066800
2025-05-28,9.588203430175781,9.7484782878379,9.569347141454433,9.729621999116553,102335600
2025-05-29,9.635342597961426,9.691909662046019,9.53163481527755,9.62591445424157,101642200
2025-05-30,9.786189079284668,9.86161242910011,9.541062742825858,9.597630704746065,152191600
2025-06-02,9.40907096862793,9.69190896609278,9.314792235551119,9.682481722167145,170340800
2025-06-03,9.607057571411133,9.644769244836132,9.324220470282256,9.399643817132253,121584300
2025-06-04,9.65419864654541,9.77676182593396,9.597631578592132,9.607058823839456,123191200
2025-06-05,9.522208213806152,9.663626782686336,9.456212102427044,9.616486960020497,133191400
2025-06-06,9.673055648803711,9.757907156109999,9.56934785137718,9.578775996437301,105916700
2025-06-09,9.7484769821167,9.852183858841503,9.70133716574462,9.70133716574462,63638900
2025-06-10,9.99360466003418,10.040743583666668,9.767333690658502,9.786189979405364,87955500
2025-06-11,10.050171852111816,10.153879643265189,10.003032028780042,10.031316462249515,93094900
2025-06-12,9.927607536315918,9.984175497671487,9.833328799546296,9.974747354259351,76393300
2025-06-13,9.833329200744629,9.908752552884486,9.786189380877898,9.871040876814558,90106200
2025-06-16,10.012459754943848,10.059599576306095,9.89932472314484,9.89932472314484,75195200
2025-06-17,9.823901176452637,10.021887703007529,9.786189499923957,9.984176026478849,100969400
2025-06-18,9.833329200744629,9.92760794136081,9.805044769354222,9.833329200744629,82770200
2025-06-20,9.984176635742188,9.993604780229013,9.861613454765497,9.889896989108626,116743400
2025-06-23,10.13502311706543,10.13502311706543,9.937036582999925,9.946464727269074,77576500
2025-06-24,10.116166114807129,10.248157427910934,10.10673887032042,10.172734077313692,77244400
2025-06-25,9.880468368530273,10.153879150769804,9.823901302569704,10.144451006737274,91927300
2025-06-26,10.02188777923584,10.040743168084951,9.871041071973753,9.89932460480607,88416400
2025-06-27,10.182162284851074,10.29529731145731,10.069027258244839,10.087882646453911,182008200
2025-06-30,10.229302406311035,10.2387296511355,10.07845480059479,10.106739232420063,88472200
2025-07-01,10.700697898864746,10.728981429153912,10.172733571802775,10.191589858073696,140150700
2025-07-02,11.096671104431152,11.106098348606606,10.719553464778828,10.728981608071514,122331600
2025-07-03,11.134384155273438,11.275802725681478,11.077816187639817,11.077816187639817,60311500
2025-07-07,10.926968574523926,11.115526952606686,10.823260792240454,10.93639671820738,73842100
2025-07-08,11.011820793151855,11.172095649834995,10.974109115056843,10.9835363602426,74190200
2025-07-09,11.153238296508789,11.219233502095639,11.08724309092194,11.106098478610793,63886900
2025-07-10,11.228662490844727,11.285230456404472,11.106099314729704,11.181522669397824,67263000
2025-07-11,11.106099128723145,11.181522482128063,11.040103919273164,11.172095237290419,65340700
2025-07-14,11.200379371643066,11.219234761448428,11.002392833541396,11.087244335458875,62098100
2025-07-15,10.908112525939941,11.247518513035912,10.860973604725313,11.21923408136639,65101900
2025-07-16,10.596991539001465,10.794978075722904,10.512140037675515,10.700699329118665,107978100
2025-07-17,10.512139320373535,10.700698598950234,10.47442764448165,10.54985099626542,70345300
2025-07-18,10.521568298339844,10.596991656103636,10.417861406193966,10.530996442839655,68812600
2025-07-21,10.662986755371094,10.794977169358356,10.568707117565395,10.615846936468245,65515600
2025-07-22,10.549851417541504,10.644131060594622,10.446144529476923,10.596991239068064,79403800
2025-07-23,10.728981971740723,10.804405322404289,10.634702333852635,10.634702333852635,76163200
2025-07-24,10.615846633911133,10.776121474142547,10.587562203905188,10.662986451470474,63557800
2025-07-25,10.813833236694336,10.832688624401742,10.596990433797087,10.691270069685846,52312300
2025-07-28,10.6347017288208,10.832688237828084,10.606418198710392,10.82326009475221,54173600
2025-07-29,10.446144104003906,10.644130627057585,10.427288715631652,10.644130627057585,58371500
2025-07-30,10.248157501220703,10.493283841973875,10.201017681980899,10.493283841973875,79866900
2025-07-31,10.436715126037598,10.512138471732467,10.069026540554406,10.153878029240435,101090900
2025-08-01,10.201018333435059,10.295297977935524,10.069027910075196,10.295297977935524,73541500
2025-08-04,10.32358169555664,10.389577807529639,10.23873019381803,10.267014627142462,56696800
2025-08-05,10.427289009094238,10.465000686017367,10.276441402284421,10.351864756130679,58864300
2025-08-06,10.568707466125488,10.615847286583026,10.446144292582805,10.47442782521041,59519800
2025-08-07,10.6347017288208,10.738409504420984,10.464999649041138,10.653558014972548,71775000
2025-08-08,10.672414779663086,10.719554602010318,10.568707889793037,10.6629875344875,48465300
2025-08-11,10.643752098083496,11.0545964749835,10.567315892558312,10.796624509133865,84333000
2025-08-12,10.74885082244873,10.815732269318284,10.63419652301891,10.70107796988846,63944100
2025-08-13,10.930386543273926,10.978159395722857,10.691523192220645,10.767960302853757,63823300
2025-08-14,10.930386543273926,10.939941296001987,10.720187450404826,10.796623649846566,52469200
2025-08-15,10.930386543273926,11.006823653907038,10.901723196281116,10.920832701737238,46141400
2025-08-18,10.949496269226074,10.968604863875623,10.863505315324627,10.892168662894646,37113800
2025-08-19,11.0641508102417,11.207468462386082,10.978159854478507,11.006824113860512,58020200
2025-08-20,10.97815990447998,11.083260366976537,10.959051309329688,11.00682416399254,46469900
2025-08-21,10.825285911560059,10.920831606879071,10.701076872121853,10.911276855108914,51779300
2025-08-22,11.217022895812988,11.245687154378022,10.882614746610049,10.882614746610049,58538700
2025-08-25,11.293457984924316,11.32212224066861,11.159695102882788,11.197913199350554,45038800
2025-08-26,11.312569618225098,11.341232968173669,11.24568816461461,11.283906268276526,48613300
2025-08-27,11.379449844360352,11.446331290756492,11.28390505110749,11.293458892598819,40381500
2025-08-28,11.188360214233398,11.455886931753938,11.11192400922753,11.455886931753938,47723700
2025-08-29,11.245687484741211,11.30301418117259,11.197914630254122,11.217023225334112,44069700
2025-09-02,11.197914123535156,11.360341274726393,11.121477924291206,11.236132223157131,57704200
2025-09-03,11.102368354797363,11.207467900353278,11.054595502747816,11.150141206846913,47728700
2025-09-04,11.159695625305176,11.178804218837948,11.054595171705252,11.131031368219013,33136700
2025-09-05,11.217022895812988,11.379450049582644,11.140586695355665,11.188359548439339,47547800
2025-09-08,11.16925048828125,11.226578096506787,11.064150936257757,11.226578096506787,39734500
2025-09-09,10.97815990447998,11.159696569960534,10.939941802987981,11.15014181678968,41262700
2025-09-10,10.911277770996094,11.006823474335166,10.8061782262762,10.978159216618629,47021300
2025-09-11,11.23613166809082,11.264795013593487,10.920832133987519,10.949495479490185,64196100
2025-09-12,11.159695625305176,11.283904672437872,11.140586120581068,11.226577069456884,50100800
2025-09-15,11.159695625305176,11.236131821818937,11.092813269962132,11.217022317094829,47942400
2025-09-16,11.092813491821289,11.255240640459451,10.997268699863834,11.169249689863793,58065000
2025-09-17,11.140586853027344,11.350786862855614,11.035487303708907,11.111923505248024,68585900
2025-09-18,11.217022895812988,11.25524099604165,11.102368595127004,11.169250042729315,55040100
2025-09-19,11.102368354797363,11.27435025769919,11.07370500804418,11.245686910946008,71676300
2025-09-22,11.140586853027344,11.178804953796902,11.054595898497988,11.083260157468704,58432700
2025-09-23,11.207467079162598,11.39855847335919,11.178803734509627,11.178803734509627,55667600
2025-09-24,11.111924171447754,11.303014686752109,11.073706068386883,11.207468973504206,60193800
2025-09-25,11.102368354797363,11.131031701550548,10.863505005740988,11.025932155994633,67656300
2025-09-26,11.474995613098145,11.771185658390324,11.131031804124808,11.131031804124808,117681800
2025-09-29,11.551431655883789,11.580095002512227,11.360341159708609,11.560986408490388,83325000
2025-09-30,11.42722225189209,11.656530840205054,11.379449401529055,11.57053989178986,70765000
2025-10-01,11.72341537475586,11.73296921765161,11.503660586706587,11.580096797021595,73578400
2025-10-02,11.675640106201172,11.876285344672082,11.580094407427858,11.73296679651211,74530500
2025-10-03,12.105594635009766,12.105594635009766,11.656531282465465,11.704304134641049,100778600
2025-10-06,12.134257316589355,12.22980301570232,11.924057325255623,12.06737587392507,90544900
2025-10-07,11.389005661010742,11.971831961232693,11.217023741421023,11.943168611698225,154390200
2025-10-08,11.217022895812988,11.47499575574999,11.159696201065689,11.446331497184955,78469700
2025-10-09,10.987714767456055,11.245687638498646,10.968605260923379,11.226578131965969,70320500
2025-10-10,10.901723861694336,11.073705776531272,10.844397164209642,11.035487674477666,84595400
2025-10-13,11.025932312011719,11.111923264679405,10.949496112127415,10.978159459286184,73939400
2025-10-14,11.13103199005127,11.236132449522604,10.834841939811698,10.873060040203622,89117900
2025-10-15,11.23613166809082,11.255240261362156,11.121477374888832,11.159695472622827,88960700
2025-10-16,11.217022895812988,11.264795748896661,11.121478100837027,11.217022895812988,108701200
2025-10-17,11.389005661010742,11.474996620805602,11.197915145461861,11.217023741421023,107633500
2025-10-20,11.455886840820312,11.541877798567201,11.379450636421172,11.398560143116674,77878900
2025-10-21,12.000494956970215,12.067376402564395,11.532322104236872,11.713858758265875,297153200
2025-10-22,11.876285552978516,12.038712697027284,11.73296700230478,11.971830342236343,415062200
2025-10-23,11.790295600891113,11.933613252481411,11.646977038109407,11.914504657492028,479840300
2025-10-24,13.223475456237793,13.347684509970799,12.143812984119878,12.162921578668055,298366900
2025-10-27,12.6693115234375,13.18525629125575,12.621538674137579,13.18525629125575,140859000
2025-10-28,12.545103073120117,12.688420716607519,12.459112122551135,12.650202617598122,96738500
2025-10-29,12.650203704833984,12.793522271830414,12.487776542286223,12.51644080240037,127512200
2025-10-30,12.478221893310547,12.697975739495263,12.478221893310547,12.554658092956656,80766300
2025-10-31,12.545103073120117,12.583321172129516,12.411339270991549,12.459112122551135,68862000
2025-11-03,12.430448532104492,12.516439480985627,12.325348078498067,12.516439480985627,80419400
2025-11-04,12.220250129699707,12.354013946646585,12.18203202645652,12.334904439429264,70360600
2025-11-05,12.525994300842285,12.717085718260266,12.30624044647958,12.344458547724894,79134300
2025-11-06,12.535548210144043,12.669312011094283,12.401784409193803,12.554657715076083,82291000
2025-11-07,12.767509460449219,12.796504303251231,12.51621836488663,12.525883619730445,80011300
2025-11-10,12.719184875488281,12.796505075445758,12.564544475573328,12.7868398200187,62051200
2025-11-11,12.854496002197266,12.98980589458355,12.748180033345742,12.748180033345742,79742400
2025-11-12,12.999471664428711,13.047797022933635,12.854496510643491,12.854496510643491,61840500
2025-11-13,12.835165023803711,13.047796032039724,12.806170179594544,12.95114532236986,71481600
2025-11-14,12.74817943572998,12.864160654809071,12.661194904014865,12.738515102247947,67932400
2025-11-17,12.448563575744629,12.73851477247725,12.351912869590606,12.73851477247725,73404400
2025-11-18,12.58387565612793,12.651530604258873,12.332584532027939,12.43889958219507,70215400
2025-11-19,12.467894554138184,12.709520424735665,12.429234451711768,12.593540117456419,49619300
2025-11-20,11.994307518005371,12.57420994949244,11.965312672949869,12.477559237001426,95861900
2025-11-21,12.400238990783691,12.506554036755103,12.071627675579965,12.09095818669995,74048900
2025-11-24,12.525884628295898,12.545214217810486,12.400239070397813,12.40990432601986,52936200
2025-11-25,12.728849411010742,12.815834861475645,12.545213255200514,12.554878510080934,52885000
2025-11-26,12.74817943572998,12.815835300481028,12.6805244927084,12.728849847036445,44942200
2025-11-28,12.835165023803711,12.893155633951524,12.738515235863327,12.767510080072494,29536200
2025-12-01,12.719184875488281,12.941481141663145,12.6901900309366,12.75784497546702,51594000
2025-12-02,12.525884628295898,12.74817997722593,12.438899171156493,12.74817997722593,57641700
2025-12-03,12.651529312133789,12.699854665175847,12.525883762916216,12.554878606049673,45364700
2025-12-04,12.699854850769043,12.796504636536135,12.622534653463585,12.74817928278786,47554800
2025-12-05,12.593539237976074,12.83516509169941,12.564544393613529,12.709519537155737,54099400
2025-12-08,12.699854850769043,12.719184439230679,12.516218690871488,12.632198986829675,45580800
2025-12-09,12.641863822937012,12.777174624601697,12.622534235116015,12.690189175083644,33350000
2025-12-10,12.960810661315918,12.970475916691168,12.632199352393302,12.641864607768552,72210700
2025-12-11,13.173440933227539,13.221766285668144,12.854494897540759,12.941480347587959,59012300
2025-12-12,13.299086570739746,13.376406766475371,13.212101120104808,13.212101120104808,48337300
2025-12-15,13.192771911621094,13.347413240075369,13.038131504896349,13.337747984222691,53577300
2025-12-16,13.212100982666016,13.521381762391227,13.115450278137173,13.260426334930438,69408900
2025-12-17,12.864160537719727,13.20243617147811,12.844830027472668,13.173441327836983,58320600
2025-12-18,12.873824119567871,13.018800172769044,12.806169181111635,12.931814725194222,52604800
2025-12-19,13.018800735473633,13.028465068721236,12.83516457782749,12.864160342758638,61640600
2025-12-22,13.009135246276855,13.154110381404633,12.970475148794153,13.057460598562592,31106100
2025-12-23,12.844829559326172,12.99946994874873,12.835164304554906,12.980140360935625,25440800
2025-12-24,12.912485122680664,12.931815633156475,12.806170080252125,12.854495434712177,14227600
2025-12-26,12.864160537719727,12.931815480125511,12.81583518383154,12.893155381360854,22471400
2025-12-29,12.835165023803711,12.864160789742357,12.796504924281662,12.825500690220307,24398300
2025-12-30,12.786839485168457,12.844830094482704,12.757844641376067,12.835164839308751,23002800
2025-12-31,12.680523872375488,12.777174576303409,12.680523872375488,12.767509321564733,26302300
2026-01-02,12.893155097961426,12.941480450787392,12.622534412557235,12.738514706301888,46366900
2026-01-05,13.018800735473633,13.028465068721236,12.757844381469992,12.80616973462579,50135200
2026-01-06,13.337746620178223,13.395736305904661,12.87382452571953,13.057460681221936,84534700
2026-01-07,13.279756546020508,13.357076744580466,13.134781404152957,13.337747155805213,50609000
2026-01-08,13.917649269104004,14.014299982502726,13.424733211613168,13.424733211613168,154276800
2026-01-09,13.724349021911621,13.927314786478977,13.618033972559019,13.86932509473375,68436200
2026-01-12,13.560041427612305,13.71468181254554,13.492386489636365,13.676021716312231,53444000
2026-01-13,13.511716842651367,13.6566929030397,13.492387254303928,13.589037961229483,58867500
2026-01-14,13.3764066696167,13.647027352731822,13.328081317199498,13.531047059968198,65318600
2026-01-15,13.347412109375,13.656692896624362,13.328081599307188,13.453727149559606,44241500
2026-01-16,13.144445419311523,13.33774589747476,13.134780164971014,13.299085801842113,60750800
2026-01-20,12.835165023803711,13.15411107529299,12.78683966896878,13.018801187830556,67018100
2026-01-21,13.308752059936523,13.308752059936523,12.960810251271335,12.960810251271335,58160100
2026-01-22,13.250761985778809,13.376407541562005,13.241096730319448,13.31841693053534,38170300
2026-01-23,13.105786323547363,13.241096207720018,13.096121068469472,13.241096207720018,39702100
2026-01-26,12.989805221557617,13.202436226514344,12.893155435107806,13.105786440064533,59171000
2026-01-27,13.463393211364746,13.4827228008614,13.057461692910467,13.183107250691982,100003700
2026-01-28,13.357076644897461,13.424732509429617,13.299086957275003,13.415067254249385,48751800
2026-01-29,13.531047821044922,13.618033275942642,13.337747322233033,13.424732777130755,84803900
2026-01-30,13.415066719055176,13.51171650181325,13.32808126936231,13.444061561709656,66996300
2026-02-02,13.347412109375,13.434396639491794,13.28942150090102,13.395736541085624,54218100
2026-02-03,13.270092010498047,13.569708487465283,13.154111706367688,13.357077469028198,76638000
2026-02-04,13.357076644897461,13.531047551223768,13.231431092742847,13.260426858283543,70488700
2026-02-05,13.26042652130127,13.357076305459064,13.07679036446141,13.289421364375663,79719900
2026-02-06,13.337746620178223,13.415066815633098,13.21210107213169,13.318416110449785,55588200
2026-02-09,13.134781837463379,13.318417084668951,13.076791225765591,13.289422239684809,59778000
2026-02-10,13.115450859069824,13.279756511008914,13.115450859069824,13.18310672392852,80827700
2026-02-11,13.386073112487793,13.415067957819693,13.067127048648343,13.163776840331183,129595000
2026-02-12,13.531047821044922,13.878988718906319,13.386072677368377,13.434397110774235,133257200
2026-02-13,13.794829368591309,14.009763233272906,13.53104770296069,13.560356569872518,87400200
2026-02-17,13.80459976196289,13.843678563052956,13.609205756512567,13.765520960872825,57684800
2026-02-18,13.531047821044922,13.814369354897336,13.49196902091742,13.785059556017643,64199300
2026-02-19,13.462658882141113,13.628744011417808,13.37473135114615,13.452889881139946,58268500
2026-02-20,13.687362670898438,13.716671537315177,13.404041144304436,13.462658877137917,67701100
2026-02-23,13.325883865356445,13.716671865983637,13.257495266462621,13.658053200033516,59134400
2026-02-24,13.872987747192383,13.999994086558369,13.413811125132607,13.452890858825649,73560800
2026-02-25,14.097691535949707,14.156309272975951,13.82413899078679,13.921836461446707,58968700
2026-02-26,14.078150749206543,14.459169741828259,13.970684283872655,14.117229548574509,61456300
2026-02-27,13.765520095825195,14.234465679436667,13.706901432017734,13.990222955044345,73157000
2026-03-02,13.08164119720459,13.609205466535483,12.915556063182635,13.609205466535483,110305500
2026-03-03,12.407530784606934,12.876477321542552,12.387991850245333,12.769009921561423,102354700
2026-03-04,12.514998435974121,12.847167780490283,12.514998435974121,12.651773774388978,73976700
2026-03-05,12.055821418762207,12.45637935077192,11.958123953130142,12.407530617955889,71944300
2026-03-06,11.870197296142578,12.03628244094298,11.752960887762088,11.889737163395404,59877700
2026-03-09,11.90927505493164,11.91904498770159,11.52825699402432,11.665032325955329,69611200
2026-03-10,11.958124160766602,12.22190676352615,11.90927542710238,11.90927542710238,56746300
2026-03-11,11.831117630004883,12.202366695308275,11.752960030121232,11.987433761484272,50074500
2026-03-12,11.762730598449707,11.909275873219814,11.577106521626764,11.655264125732439,51733900
2026-03-13,11.401250839233398,11.850657504758981,11.381710973391723,11.831117638917307,48546500
2026-03-16,11.440329551696777,11.606414683232275,11.371941885198188,11.547796017867714,49441400
2026-03-17,11.665032386779785,11.752959918743665,11.567335853707087,11.586874787636797,59520100
2026-03-18,11.518486976623535,11.733420837422866,11.43055944576417,11.596644574784735,55564800
2026-03-19,11.371942520141602,11.479408992312845,11.215626381012344,11.411021321995882,47423400
2026-03-20,11.254706382751465,11.41102159389321,11.108160173521965,11.371942791107774,147725100
2026-03-23,11.489178657531738,11.733421396348083,11.450099856589608,11.65526379446382,44442200
2026-03-24,11.567337036132812,11.606415839698984,11.401251888048542,11.411021821868127,31903900
2026-03-25,11.401250839233398,11.733421104845188,11.39148090631256,11.674802439032248,37746100
2026-03-26,11.332863807678223,11.4501002141658,11.225396402947172,11.293785005515696,28517600
2026-03-27,11.108160018920898,11.284015094863923,11.030002414437808,11.274245161375502,33064600
2026-03-30,10.951844215393066,11.186317016113112,10.854146749237003,11.147238215993104,41459900
2026-03-31,11.27424430847168,11.323093040506208,11.010462646224534,11.098389245832204,38287900
2026-04-01,11.41102123260498,11.420790234207926,11.313323762878547,11.352402564426695,33991700
2026-04-02,11.332863807678223,11.352402742903417,11.098390062990928,11.205857467721978,31109100
2026-04-06,11.342633247375488,11.362173115067257,11.235166770207279,11.332864245241778,24374600
2026-04-07,11.254706382751465,11.342632990234582,11.088621237985324,11.274245318288107,41991600
2026-04-08,11.899506568908691,11.958124304641341,11.684572697227381,11.684572697227381,58140000
2026-04-09,11.958124160766602,11.987433959992396,11.68457255664389,11.792039025335502,32576200
2026-04-10,11.85065746307373,12.133978994796822,11.792038797466985,12.055821395129216,28362700
2026-04-13,11.879965782165527,11.889735714601448,11.645492993975637,11.752959455634661,32688600
2026-04-14,12.4173002243042,12.45637902318689,12.16328756571067,12.221906229890738,50232200
2026-04-15,12.4173002243042,12.466148955835578,12.202366364593363,12.407530291655512,39926500
2026-04-16,12.153518676757812,12.456380092891255,12.13397974149457,12.378222488414007,37407700
2026-04-17,12.573616027832031,12.739701164042533,12.329373290076834,12.34891315631906,45735000
2026-04-20,12.573616027832031,12.62246476172549,12.45637962551499,12.514998292529562,26029000
2026-04-21,12.485688209533691,12.72993094174052,12.485688209533691,12.573615742202083,32210000
2026-04-22,12.339142799377441,12.583385528743474,12.29029406716182,12.544306729313393,23958300
2026-04-23,12.192596435546875,12.407530295321212,12.085129971515737,12.319602764881163,30844500
2026-04-24,12.094901084899902,12.173058690318307,12.00697354587616,12.163288756712967,35043500
2026-04-27,12.202366828918457,12.35868203039734,12.094900360829747,12.094900360829747,35098200
2026-04-28,12.114439010620117,12.231676340687756,11.958123812812694,12.231676340687756,44278000
2026-04-29,11.958124160766602,12.094900428684008,11.860427625150255,12.085130495608743,48672800
2026-04-30,11.80180835723877,11.811578289816364,11.205856445686301,11.284014042882951,80557900
2026-05-01,11.606414794921875,11.792038862223787,11.508717328944815,11.782269860995749,52880500
2026-05-04,11.2351655960083,11.60641465794272,11.196086796421103,11.57710579118034,51014800
2026-05-05,11.42078971862793,11.51848718394391,11.293784318114067,11.293784318114067,42262100
2026-05-06,11.88973617553711,11.967893774630383,11.665032379359893,11.665032379359893,52111200
2026-05-07,11.899506568908691,12.016742972086103,11.78227016573128,11.938585369967829,38986700
2026-05-08,12.03628158569336,12.085130318642275,11.899506251490898,12.006972718608843,38453500
2026-05-11,11.772500038146973,12.104670307520786,11.733421237733117,12.055821574075445,48850800
2026-05-12,11.86153507232666,11.901106461773582,11.67357120831787,11.792285376658635,42165300
2026-05-13,13.424606323242188,13.790641910197275,11.841749807500431,11.841749807500431,216261200
2026-05-14,14.324856758117676,14.77992822659138,13.483964463049915,13.602678636113962,187021600
2026-05-15,13.256427764892578,13.899464024434955,13.147606679488336,13.830213385126486,108272300
2026-05-18,12.890392303466797,13.840106605589487,12.880500163572956,13.840106605589487,69708800
2026-05-19,12.920071601867676,13.088249302168602,12.5837143143531,12.751892958110387,41418200
2026-05-20,13.078357696533203,13.167393563742875,12.78157178698643,12.910179045905245,42349000
2026-05-21,13.52353572845459,13.65214298394347,12.999214566427906,13.028892873554149,72523100
2026-05-22,14.770035743713379,14.789820967036778,13.622464487265425,13.642249710588825,109712200
2026-05-26,15.15585708618164,15.383393294746337,14.621642829561713,14.621642829561713,90423300
2026-05-27,15.709856986999512,15.887927770970677,15.225107221731651,15.26467861188706,89234100
2026-05-28,16.471607208251953,16.57053615972241,15.690071510695839,15.690071510695839,98577300
2026-05-29,17.253143310546875,17.589500602896216,16.639785340111974,16.699141954375758,154228200
2026-06-01,16.451820373535156,17.292713596570753,16.451820373535156,17.19378464911138,97586400
2026-06-02,15.976963996887207,16.570535806131176,15.660392868467161,16.39246407466671,72847500
2026-06-03,15.541678428649902,16.02642914004636,15.4625356479028,15.838464328179718,59298500
2026-06-04,15.175642967224121,15.719750297307124,15.056928795044326,15.719750297307124,50079400
2026-06-05,14.7403564453125,15.096499898531965,14.522714272185445,15.066820648459439,65372100
2026-06-08,14.839285850524902,15.027249722844076,14.750249984468732,14.829392766861687,33038300
2026-06-09,14.789820671081543,15.225106896962247,14.334749222273356,14.948106228326765,51032600
2026-06-10,14.146785736083984,14.680999977757763,14.077535095350614,14.680999977757763,50776700
2026-06-11,14.552392959594727,14.621642657996635,13.94892901084117,14.146785965886894,47657200
2026-06-12,14.680999755859375,14.839285314932303,14.453463557099777,14.591963893016764,42162200
2026-06-15,14.611750602722168,15.314142561350874,14.582071351700604,15.056928990025366,48551900
2026-06-16,14.255606651306152,14.690892883527487,14.255606651306152,14.631535326967722,47490000
2026-06-17,13.810428619384766,14.324856700596632,13.780750312102022,14.275393169610851,43099800
2026-06-18,13.909357070922852,13.978606766591938,13.572999788890696,13.968713683365971,88711700
2026-06-22,13.958821296691895,14.404000629511671,13.80053573100326,13.94892915642865,66738100
2026-06-23,13.850000381469727,14.0676435087749,13.592785862241465,13.691714813777383,65368300
2026-06-24,13.6917142868042,13.998392326540445,13.563107032139966,13.879678155340315,51675000
2026-06-25,13.958821296691895,14.206142728944485,13.741179115598218,13.770857423300738,61741400
2026-06-26,13.978607177734375,14.32485660972013,13.82032161528873,13.82032161528873,59551900
2026-06-29,13.869786262512207,14.097321525503373,13.810428704126121,13.939035961082322,46333200
2026-06-30,13.751070976257324,14.037963794098607,13.642249887923173,13.869786091566327,59308700
2026-07-01,13.493857383728027,13.731285726989121,13.404821519141024,13.701607419945576,44544000
2026-07-02,13.216856956481934,13.850000160611323,13.078357558687909,13.671928428068847,48984900
2026-07-06,13.6818208694458,13.751070565091801,13.27621389187979,13.365249753971128,54301400
2026-07-07,13.414714813232422,13.652143160220794,13.404821729577144,13.602678685400786,43813400
2026-07-08,13.35535717010498,13.424606868340224,13.09814265743639,13.236642997363257,43967600
2026-07-09,13.464178085327148,13.602678423464901,13.295999440251437,13.444392861853965,41197500
2026-07-10,13.850000381469727,13.948929333005642,13.48396477031708,13.48396477031708,47092800
2026-07-13,13.701607704162598,14.067643310147009,13.671928453047036,13.840107102209656,51284100
2026-07-14,13.790642738342285,13.879678605494139,13.612571947494978,13.850000297595653,42721900
2026-07-15,14.028071403503418,14.225928353057526,13.820321370607516,13.889571067087365,57373200
2026-07-16,14.0379638671875,14.117107592291022,13.849999996639626,14.047856950757488,33315200
2026-07-17,14.077535629272461,14.344643231968183,13.701607878262514,13.889571753767488,45456500
2026-07-20,13.840106964111328,14.146785951717316,13.790642489535346,14.146785951717316,39940100
2026-07-21,14.117107391357422,14.265499868969604,13.879678106339023,13.99839227712004,48936300
2026-07-22,14.26550006866455,14.542499804364494,14.10721450540744,14.117107588975104,62012000
2026-07-23,13.998392105102539,14.126999357732359,13.869785795929072,14.057749661491822,65393700
2026-07-24,14.216035842895508,14.3941075764021,13.988500577598323,14.018178885363957,76549600
2026-07-27,14.522714614868164,14.710678485814306,14.18635732042692,14.651321871181368,58748400
2026-07-28,14.799714088439941,14.85907164547532,14.502928190175775,14.601857137415951,75709000
2026-07-29,15.11628532409668,16.11546505708121,14.997571152586854,15.403178141109517,98361100
2026-07-30,14.700785636901855,15.205321586617966,14.483143455164877,15.175643278827723,60025800
2026-07-31,14.522714614868164,14.86896404944398,14.255607018650808,14.799714351220093,56015200
2026-08-03,14.27539348602295,14.89864361351309,14.27539348602295,14.750250186897496,42705200
2026-08-04,14.087428092956543,14.334749517103068,13.830213585414631,14.334749517103068,53923500
2026-08-05,13.978607177734375,14.334749693237077,13.978607177734375,14.176464130791432,41003600
2026-08-06,13.642250061035156,14.008285664756297,13.602678669915475,13.998392581112281,59941400
2026-08-07,13.83021354675293,13.939035576885264,13.612571373400975,13.67192798669465,34589200
2026-08-10,13.850000381469727,13.919250081471025,13.61257202993121,13.790642821856895,39252700
2026-08-11,13.979999542236328,14.180000305175781,13.84000015258789,13.890000343322754,36394900
2026-08-12,13.829999923706055,14.079999923706055,13.789999961853027,14.029999732971191,38326500
2026-08-13,13.890000343322754,14.010000228881836,13.819999694824219,13.859999656677246,26341400
2026-08-14,14.369999885559082,14.4399995803833,13.930000305175781,13.970000267028809,49580800
2026-08-17,14.050000190734863,14.260000228881836,14.0,14.260000228881836,31475800
2026-08-18,13.930000305175781,14.050000190734863,13.859999656677246,14.050000190734863,25839100
2026-08-19,14.5,14.5,14.050000190734863,14.050000190734863,50810300
2026-08-20,13.989999771118164,14.300000190734863,13.819999694824219,14.289999961853027,41185900
2026-08-21,14.40999984741211,14.550000190734863,14.130000114440918,14.130000114440918,45121000
2026-08-24,13.930000305175781,14.399999618530273,13.779999732971191,14.390000343322754,53277300
2026-08-25,13.949999809265137,14.020000457763672,13.819999694824219,13.930000305175781,35605500
2026-08-26,13.899999618530273,13.930000305175781,13.760000228881836,13.930000305175781,28493700
2026-08-27,13.949999809265137,14.100000381469727,13.850000381469727,13.859999656677246,37675800
