Date,Close,High,Low,Open,Volume
2018-01-02,52.78461456298828,52.88076693962761,51.80475499062032,51.958894495455496,24752000
2018-01-03,53.65097427368164,53.8398077316915,52.69589398431684,52.75041360459771,28604000
2018-01-04,53.84526443481445,54.20063270874676,53.72641256133244,53.92456708158563,20092000
2018-01-05,54.62984085083008,54.72995986366835,54.12280991551092,54.22193821258216,25582000
2018-01-08,54.86328887939453,55.07789608812686,54.599614765413044,54.629846724989726,20952000
2018-01-09,54.82957458496094,55.04319103477684,54.58032262174375,54.985203916991544,18050000
2018-01-10,54.648677825927734,54.747306987423904,54.32651746584686,54.37558436764398,20856000
2018-01-11,54.792903900146484,54.84271194585968,54.49899407923058,54.831560721534736,19566000
2018-01-12,55.62258529663086,55.72319966389694,54.57631007406794,54.63875919746689,34410000
2018-01-16,55.59781265258789,56.497378863475554,55.40312942524998,56.13061358680884,31506000
2018-01-17,56.10434341430664,56.13507451187296,55.36238422777097,55.81886221915905,24052000
2018-01-18,55.99579620361328,56.130609175850104,55.386668601831815,56.07608955749179,23964000
2018-01-19,56.37843322753906,56.39578210039717,55.92195897191301,56.09691486759718,35564000
2018-01-22,57.28543472290039,57.487155064561215,56.25948036120364,56.37743983441831,32360000
2018-01-23,57.98724365234375,58.069367187512455,57.43114578640239,57.48566540745692,26662000
2018-01-24,57.7032470703125,58.47741961947956,57.54514092953581,58.35202600677758,28332000
2018-01-25,58.0070686340332,58.283134241450966,57.62989329362075,58.114122661888125,29610000
2018-01-26,58.27818298339844,58.27818298339844,57.39942931195378,58.240516871882676,40376000
2018-01-29,58.265289306640625,58.82584916178378,58.086862147686844,58.30989798705807,27578000
2018-01-30,57.67599105834961,58.3118831686166,57.667562410808294,57.88117890111962,31126000
2018-01-31,57.985755920410156,58.13741862666092,57.44997908820798,58.01697859333108,30774000
2018-02-01,57.87473678588867,58.18698623193474,57.37018636160835,57.62246346442768,48242000
2018-02-02,55.1091194152832,55.662736707888655,54.88003718000331,55.60970316079875,97158000
2018-02-05,52.32862854003906,55.01494286047516,52.1417765308753,54.05341922567203,75966000
2018-02-06,53.55779266357422,53.61280764033601,50.70975326688254,50.910138768534715,68960000
2018-02-07,51.970787048339844,53.61627899295201,51.95492425173527,53.60438284083807,47384000
2018-02-08,49.63835144042969,52.468399168587474,49.59572797316755,52.30930231252049,57182000
2018-02-09,51.435508728027344,51.74230544280613,49.19426748239539,50.417979273340805,70118000
2018-02-12,52.1373176574707,52.61114071193444,51.59152779902824,51.94204077164319,41154000
2018-02-13,52.14524841308594,52.45600797730068,51.74809994370887,51.79335145504905,25302000
2018-02-14,53.01755905151367,53.11767428721167,51.88008873687723,51.98912419621217,31116000
2018-02-15,53.99989700317383,54.09699092992686,52.75189764243969,53.481960630494406,36868000
2018-02-16,54.261592864990234,54.75077960248255,53.94007532797366,53.944885215504506,33590000
2018-02-20,54.64124298095703,55.210719274386996,53.95033215729679,54.05193724627006,28462000
2018-02-21,55.081363677978516,56.202974975028226,54.833053239420366,54.83999203142783,30258000
2018-02-22,54.847923278808594,55.65034638760667,54.6476890200485,55.32174636331623,26344000
2018-02-23,55.84711456298828,55.871398445723926,54.752959644119805,55.14579739087175,25220000
2018-02-26,56.68770217895508,56.69811225810057,55.842406021155504,55.89717143207605,31182000
2018-02-27,55.42582321166992,56.70206928903735,55.41145027060129,56.56329345709345,35482000
2018-02-28,54.75374984741211,55.883785994677325,54.67989992586077,55.660753937691084,37652000
2018-03-01,53.008644104003906,55.02090155263478,52.883794992882564,54.90938551132032,50318000
2018-03-02,53.47453308105469,53.62713736058929,51.947745358110765,52.193824816427124,45432000
2018-03-05,54.06978225708008,54.3755844628587,52.9828649216791,53.287181053749336,24044000
2018-03-06,54.27447509765625,54.61100840247611,54.012536643329454,54.48065742735588,30656000
2018-03-07,54.99710464477539,55.124978831939806,53.7997640691388,53.983541854583336,25850000
2018-03-08,55.807960510253906,55.887263158366714,55.15372878875679,55.27862705631191,27102000
2018-03-09,57.495079040527344,57.53274892862125,56.12818241757515,56.30358448835651,42560000
2018-03-12,57.716129302978516,58.33814755965971,57.36522306694993,57.68391591463675,43446000
2018-03-13,56.411136627197266,58.32377392298176,56.17125106332157,57.98872670617182,38144000
2018-03-14,56.972190856933594,57.4232161241988,56.57320842102902,56.760064230931356,25828000
2018-03-15,56.976654052734375,57.54662951330044,56.23122735458394,56.99548899776353,27908000
2018-03-16,56.29020309448242,57.288897562614316,56.10335106900717,57.20265991148329,61840000
2018-03-19,54.510398864746094,55.60920859990042,53.97462201188917,55.511074793568646,56118000
2018-03-20,54.40582275390625,54.77704625249041,53.699548229413,54.469757958588445,36638000
2018-03-21,54.06731033325195,54.83157207233435,53.7833151738508,54.159499856928456,37578000
2018-03-22,51.99557113647461,53.67179433349145,51.83845948031391,53.6212413543292,53340000
2018-03-23,50.6320915222168,52.70333048322749,50.6147464320951,51.89396857137952,43134000
2018-03-26,52.20026779174805,52.32021247802906,49.979347477366765,51.84291808532892,53302000
2018-03-27,49.815792083740234,52.77663723445827,49.41036618994751,52.685491373783385,61906000
2018-03-28,49.789031982421875,50.76393430410609,48.60348529637311,49.46389942253322,67386000
2018-03-29,51.13862609863281,51.69422861219618,49.70675055754238,50.13943624355361,54536000
2018-04-02,49.88369369506836,51.28781412504311,49.085728780435566,50.694046339461174,53608000
2018-04-03,50.227657318115234,50.60334279818786,49.269105753118744,50.25243655709297,45502000
2018-04-04,50.80902862548828,50.986366749016106,49.21607488315495,49.23639590059362,49694000
2018-04-05,50.94136428833008,51.683818837166264,50.56077058975531,51.611458767460086,27260000
2018-04-06,49.91194152832031,51.12028584892392,49.7131933472958,50.55427704510975,34928000
2018-04-09,50.32876205444336,51.52570930571634,50.26086021046486,50.3956731826496,35032000
2018-04-10,51.131195068359375,51.36116594011719,50.1250663597116,50.87346524483522,39490000
2018-04-11,50.55278778076172,51.11750710582636,50.34957761002071,50.95028411772291,29678000
2018-04-12,51.17430877685547,51.579734636234946,50.62539928862839,50.8040722349106,27140000
2018-04-13,51.01372528076172,51.863729170688565,50.701971224917905,51.58914964481019,24460000
2018-04-16,51.44542694091797,51.70612893630883,50.8883420492818,51.39685538819698,24224000
2018-04-17,53.238609313964844,53.42298454979377,51.95492523649208,52.1090685149295,46406000
2018-04-18,53.135520935058594,53.40068111758173,52.845328161113194,53.40068111758173,26882000
2018-04-19,53.90969467163086,54.23011941134341,52.942226587596124,53.002694288187875,34954000
2018-04-20,53.17913055419922,54.14015888215391,53.01111347879853,53.627179869958965,37794000
2018-04-23,52.906036376953125,53.66286375128276,52.57148454696596,53.42198749247212,46826000
2018-04-24,50.55328369140625,52.3881044172432,50.08788550648322,52.1402893466198,95206000
2018-04-25,50.61275863647461,51.173318493398014,50.32182473179223,50.82786496878673,47822000
2018-04-26,51.547523498535156,51.94105325173784,50.4645726949566,51.02562418933969,41590000
2018-04-27,51.052391052246094,52.01639170914986,50.83134039069989,51.842921882976675,32396000
2018-04-30,50.421939849853516,51.396841936420444,50.398147547032615,51.05039772279232,33426000
2018-05-01,51.41221618652344,51.46970795702893,49.96993053102454,50.24004807471629,28558000
2018-05-02,50.7713623046875,51.564815976846795,50.69652166913743,50.95573375315911,32062000
2018-05-03,50.73865509033203,51.033801449378885,49.874769755476414,50.504717578016134,36302000
2018-05-04,51.95245361328125,51.96732191450506,50.40063706545984,50.40063706545984,38774000
2018-05-07,52.278568267822266,52.62005890727322,51.8974300920832,52.00299803849155,29322000
2018-05-08,52.23495101928711,52.564050129974866,51.89965804492499,52.464426483842644,24354000
2018-05-09,53.664852142333984,53.797679907056114,52.356634599643414,52.44262646338202,40656000
2018-05-10,54.39888381958008,54.54112717114455,53.80759661855965,53.826923140340924,28860000
2018-05-11,54.43307876586914,54.58524062034979,54.06879405972842,54.202117187593196,25074000
2018-05-14,54.529232025146484,55.052122028626194,54.475211540844874,54.51932108511047,30362000
2018-05-15,53.489891052246094,54.02616323853993,53.204409870123506,54.02368644907425,29898000
2018-05-16,53.61578369140625,53.98750630381493,53.342690238537934,53.39473306807265,21946000
2018-05-17,53.45817947387695,53.86855895904448,53.2059023655773,53.5226100399828,20876000
2018-05-18,52.85201644897461,53.029452886298095,52.57049813590889,52.628980616934484,31304000
2018-05-21,53.50724411010742,53.92456615162336,53.21333425808394,53.23365527736673,20464000
2018-05-22,53.019046783447266,53.85467778069562,52.86837478592543,53.704504922451825,21800000
2018-05-23,53.5126953125,53.566719576412765,52.62155019961464,52.791057141479094,21214000
2018-05-24,53.49039077758789,53.551350049975206,52.84160805935824,53.47849462530637,15336000
2018-05-25,53.31295394897461,53.65493618305184,53.21952793743815,53.479484954279414,17988000
2018-05-29,52.55265808105469,53.19945561702228,52.29988941190555,52.77916143625968,37302000
2018-05-30,52.92338180541992,52.99326507519254,52.37967552180292,52.6869675470219,22770000
2018-05-31,53.7753791809082,54.3800486056248,52.91149387122182,52.91149387122182,61766000
2018-06-01,55.485801696777344,55.51058472035661,54.444978989542356,54.48710710454032,48432000
2018-06-04,56.466651916503906,56.595516823717695,55.60995495800922,55.62606354408072,37792000
2018-06-05,56.484989166259766,56.786231057404436,56.16431487596123,56.550905800245005,33560000
2018-06-06,56.34720230102539,56.65052771110527,55.795218572886235,56.609390317863785,33964000
2018-06-07,55.70188903808594,56.29466225496386,55.33809594488623,56.071630207159586,30400000
2018-06-08,55.55369567871094,55.84116207351596,55.12150537071799,55.42037255977122,25816000
2018-06-11,56.00571823120117,56.36604009217771,55.441195453681736,55.441195453681736,21586000
2018-06-12,56.46813201904297,56.49142518329354,56.042634728897504,56.059238671141706,18240000
2018-06-13,56.24361038208008,56.8239958731604,56.17372710764035,56.55734586159901,30128000
2018-06-14,57.1025390625,57.26857470671609,56.53355813865307,56.69265499111493,26868000
2018-06-15,57.10948181152344,57.16697736244102,56.674568902034096,56.94096936620341,42450000
2018-06-18,58.16021728515625,58.202345395136014,56.67977023422767,56.68274238165107,28274000
2018-06-19,57.892578125,58.05167498773147,57.196218333842154,57.4187550422276,32420000
2018-06-20,57.980796813964844,58.79591009903436,57.947093571217664,58.251905048229595,32970000
2018-06-21,57.37712478637695,58.35029516178039,57.108096267848616,58.22911397192745,24762000
2018-06-22,57.269073486328125,57.616860118989855,56.86166618002844,57.450476579905455,26220000
2018-06-25,55.74897766113281,56.69562930454669,55.15273312401633,56.68026564679489,43146000
2018-06-26,55.43424987792969,56.165303590115855,55.34498714236288,55.9070822190074,31264000
2018-06-27,54.71657943725586,56.097206187091864,54.698735208788925,55.57699342106485,25878000
2018-06-28,55.22410202026367,55.62506966172229,54.32155992593309,54.62290390906291,21448000
2018-06-29,55.294986724853516,55.91833989080123,55.262769550506846,55.5105846605988,26302000
2018-07-02,55.88032150268555,55.907085955984414,54.212027862324454,54.469757674127855,24346000
2018-07-03,54.66255569458008,56.294665455983434,54.520308567467175,56.294665455983434,13580000
2018-07-05,55.72220993041992,55.88229749535017,54.93960877063488,55.04121385542503,21334000
2018-07-06,56.51026916503906,56.547939057795276,55.547111794659514,55.6880203354814,19922000
2018-07-09,57.19820022583008,57.228931323748604,56.67134737214596,56.922134609275616,18180000
2018-07-10,57.13822555541992,57.47277742528411,56.977147266290075,57.34341716726419,15968000
2018-07-11,57.190765380859375,57.705725856815306,56.551402003692765,56.72933381063122,22400000
2018-07-12,58.656837463378906,58.7029322173984,57.291623533789874,57.48764535114972,25038000
2018-07-13,58.921504974365234,59.24847143191528,58.48435730943104,58.732172382776085,24438000
2018-07-16,58.6756706237793,59.02954900144717,58.448671928584766,58.94975478735787,21114000
2018-07-17,59.4161491394043,59.62629813652026,58.018472076678364,58.09876544248602,32208000
2018-07-18,59.27142333984375,59.698656332058874,58.99684378436059,59.30512658684875,27872000
2018-07-19,58.82931900024414,59.47562117384537,58.64891040253931,59.0295532587699,25534000
2018-07-20,58.727718353271484,59.31999630771927,58.69351974750363,58.82932345466273,24948000
2018-07-23,59.74822235107422,59.79728925704803,58.53392608761466,58.53442144555875,52384000
2018-07-24,61.858612060546875,62.74678126988009,61.23808360745787,62.57777346247486,66364000
2018-07-25,62.632789611816406,62.73984364749556,61.415025849806675,61.415025849806675,42556000
2018-07-26,62.86226272583008,62.93368123788387,61.90520096902308,62.00333477665902,48112000
2018-07-27,61.383792877197266,63.137828691379845,61.01207026738619,62.99459085304526,42612000
2018-07-30,60.45399475097656,61.20616361007455,60.04411065148288,60.8638826318284,36998000
2018-07-31,60.33107376098633,60.84295996163218,59.75316883271731,60.467372806589005,32894000
2018-08-01,60.46738052368164,61.13449911408935,59.98166503909137,60.86339084329772,31344000
2018-08-02,60.77169418334961,60.95656478719982,59.71302731977951,59.768042300663474,30626000
2018-08-03,60.65076446533203,60.96251477298544,60.222041618537496,60.943679827053394,21792000
2018-08-06,60.70330047607422,60.76862722461757,60.25857112767577,60.71470127179419,21634000
2018-08-07,61.568172454833984,62.0117598033927,61.26831453128713,61.309451927096234,29880000
2018-08-08,61.736183166503906,62.27592661686386,61.35940489346297,61.48142930982803,27406000
2018-08-09,61.9091682434082,62.22845100642535,61.75601567261233,61.94881578438877,16972000
2018-08-10,61.339691162109375,61.7404092756367,61.06164031543393,61.606836571127594,22174000
2018-08-13,61.2108154296875,61.91773269695249,61.14296274635415,61.308453867959365,19946000
2018-08-14,61.56222152709961,61.74907355231906,60.72014712818139,61.21974014983505,26962000
2018-08-15,60.18833923339844,61.22222305736102,59.946963797670456,60.925836423052814,36576000
2018-08-16,59.79728317260742,60.76425581331431,59.602002503112054,60.701311328593825,26864000
2018-08-17,59.52320098876953,59.92267878317328,58.892757842029816,59.57623453602742,27792000
2018-08-20,59.860721588134766,60.020809155213755,59.209265471734184,59.72442254345973,17416000
2018-08-21,59.55591583251953,60.331079146334176,59.493167973881114,59.87212813400071,24112000
2018-08-22,59.83892059326172,60.062448024214,59.42606055412205,59.47562281686445,17748000
2018-08-23,59.742271423339844,60.53032159169438,59.68577036954264,59.829499793637936,19852000
2018-08-24,60.49909973144531,60.54866199366497,59.79079461603556,59.91276988821223,18932000
2018-08-27,61.54834747314453,61.61129196236196,60.75018593914015,60.84356279945105,23126000
2018-08-28,61.01951217651367,61.5842845244708,60.89758983731844,61.52208117863569,26080000
2018-08-29,61.91907501220703,61.98648149937057,61.27768107342781,61.331754492391035,25978000
2018-08-30,61.41452407836914,62.13393120687263,61.090877652707185,61.66778808878579,26628000
2018-08-31,60.37717056274414,61.39172404789836,60.034938754146864,61.20933402463024,36328000
2018-09-04,59.326934814453125,60.11945082012572,59.10390273178223,59.6872604588482,36620000
2018-09-05,58.8055305480957,59.42655434317317,57.5922250613328,59.16832917562435,41226000
2018-09-06,58.060096740722656,58.79660317185228,57.096591610763404,58.79660317185228,37770000
2018-09-07,57.732486724853516,58.24942860037218,57.35506183033915,57.42717610681176,28026000
2018-09-10,57.72307586669922,58.213752502550065,57.49855770842758,58.097279099416035,22308000
2018-09-11,58.353511810302734,58.41893308479123,57.306741167622974,57.57388654650645,24186000
2018-09-12,57.632869720458984,58.415470985412604,57.411819074949115,58.12354634064187,25910000
2018-09-13,58.25290298461914,58.41547114256719,57.63435973069589,58.0254089038955,28624000
2018-09-14,58.1141242980957,58.50542680321348,57.905960531385226,58.43975595604798,18880000
2018-09-17,57.297332763671875,58.34757104318291,57.19721373577677,57.995674043713706,26130000
2018-09-18,57.553565979003906,58.29007242346633,57.3488697256316,57.3488697256316,24072000
2018-09-19,58.04275894165039,58.14783154808003,57.22447297946041,57.73992885254695,23828000
2018-09-20,58.824851989746094,58.97453325831864,58.15525670689723,58.48386048418661,24508000
2018-09-21,57.794944763183594,59.089530652780084,57.79246419201998,59.079120572881564,88112000
2018-09-24,58.15575408935547,58.38523336032592,56.84431864451743,57.35283566397968,25420000
2018-09-25,58.71482467651367,58.825353771018506,57.88960379351102,58.293539799747414,19554000
2018-09-26,58.50864791870117,59.18964026545712,58.22489858664744,58.739609491383504,29246000
2018-09-27,59.209957122802734,59.57969829390484,58.664269370688345,58.81791350306941,25216000
2018-09-28,59.15196990966797,59.24812227706838,58.707388104571166,59.07266727284551,27612000
2018-10-01,59.243167877197266,59.966292100346735,58.99485743887795,59.47016658161115,27152000
2018-10-02,59.48107147216797,59.96926747861509,58.81296223325491,59.02756942540632,33758000
2018-10-03,59.621826171875,59.79331453131451,59.16981399965564,59.723431257058124,25124000
2018-10-04,57.899017333984375,59.35220450840016,57.2738303115181,59.244155988555775,44190000
2018-10-05,57.36175537109375,58.16219699979583,56.75559991301025,57.8648196678387,23686000
2018-10-08,56.94641876220703,57.88960287458167,55.87555709879872,57.0029198126304,38648000
2018-10-09,56.4433479309082,57.213058377081126,56.381492484793185,56.806641853484344,26174000
2018-10-10,53.58852005004883,56.11375608812815,53.58405804798098,56.059731830888026,53514000
2018-10-11,53.494354248046875,54.83652081740324,52.94668503663502,53.17814196270569,58980000
2018-10-12,55.018917083740234,55.26276553103871,53.84536121721793,54.91582591468758,42026000
2018-10-15,54.13520431518555,55.185741220105506,53.974126023213124,54.96092435614643,27448000
2018-10-16,55.57402038574219,55.719735024388996,54.64322771811983,54.74681424494196,38570000
2018-10-17,55.29696273803711,55.95615177381244,54.62786276262704,55.830758157166926,29344000
2018-10-18,53.923072814941406,55.60177267332653,53.38382847390314,55.60177267332653,41890000
2018-10-19,54.34386444091797,55.03279003637101,53.91216949784041,54.19071188332953,25352000
2018-10-22,54.57680892944336,55.125472631441305,54.073249265691764,54.670979869122036,30284000
2018-10-23,54.702205657958984,54.91036941342951,53.03242604909097,53.572165739637676,36974000
2018-10-24,52.076358795166016,54.82264583442164,51.978720344396166,54.7299647442869,39648000
2018-10-25,54.29975509643555,55.06352138334362,53.01012667220117,53.12114734821992,50916000
2018-10-26,53.10529327392578,54.84297120866628,51.25262422638187,51.39834265857498,83752000
2018-10-29,50.55824279785156,54.37261207312094,49.35633815127183,53.65047856937193,77614000
2018-10-30,51.35769271850586,51.42113256075506,49.600185609948284,49.98231829983193,64254000
2018-10-31,53.36797332763672,54.119843484350746,52.388109954257125,52.527384942750615,50596000
2018-11-01,53.032432556152344,53.72507532198954,52.658728466236475,53.31989898594536,29640000
2018-11-02,52.42726516723633,53.675510427257436,52.26965437466142,53.21730056182577,36780000
2018-11-05,51.549991607666016,52.460958446893876,50.61572782478084,52.28897474434204,48828000
2018-11-06,52.32912826538086,52.75214878607871,51.449879337931975,51.51976261533447,24666000
2018-11-07,54.19169998168945,54.29429577922515,52.82921251373021,52.982860421782256,41168000
2018-11-08,53.647010803222656,54.18576360380047,53.14171546059926,54.092088015429695,29764000
2018-11-09,52.84161376953125,53.30800273482248,52.19531155231167,53.2301899414014,26864000
2018-11-12,51.477638244628906,52.64187308449979,51.09947216519156,52.60569304842211,29436000
2018-11-13,51.34976577758789,52.368531723431836,51.10690427005026,51.708601539106446,30274000
2018-11-14,51.7269401550293,52.267375670312575,51.09947289619707,52.041171033067094,31318000
2018-11-15,52.770240783691406,53.12411918644081,51.13813097768939,51.77898043202885,36722000
2018-11-16,52.61064910888672,52.88373879753146,51.990616024744284,52.50755794049124,33162000
2018-11-19,50.55427551269531,52.57595208283473,50.36890956355766,52.39802028346971,37172000
2018-11-20,50.83976364135742,51.13615408239996,49.36575985168744,49.56302197995498,48982000
2018-11-21,51.42707824707031,51.9697938396002,51.22188664905853,51.38495014015874,30686000
2018-11-23,50.74658203125,51.42609208259168,50.67317830772944,51.04990745294407,13830000
2018-11-26,51.972774505615234,52.00697311088933,51.24370213862259,51.463762071454404,38856000
2018-11-27,51.76411437988281,52.41686001532033,51.47069988125706,51.59510278853573,36064000
2018-11-28,53.83683395385742,53.867065910505026,51.335386274873294,51.97970697793914,49508000
2018-11-29,53.93943405151367,54.23408504756655,53.32980725891788,53.33377390370189,29378000
2018-11-30,54.24325180053711,54.299752852052976,53.42298449368208,53.97759249293122,51604000
2018-12-03,54.838008880615234,55.741046372709114,54.70096867865397,55.66620951288142,39824000
2018-12-04,52.081809997558594,54.73838801690913,52.040177244695364,54.67395367460309,46904000
2018-12-06,52.969478607177734,53.09190006416395,51.088067842636164,51.261042271311915,55384000
2018-12-07,51.37603759765625,53.29313725691197,50.975569032361406,52.537300390502516,42024000
2018-12-10,51.523231506347656,51.96434202326043,50.717337180426554,51.30019567715135,36154000
2018-12-11,52.127906799316406,52.56653679533883,51.537610304643465,52.362835025603765,27894000
2018-12-12,52.71918487548828,53.60983456671454,52.675075335805964,52.93330048414423,30476000
2018-12-13,52.63096618652344,53.51615938489344,52.23594663255058,52.936768381989275,26596000
2018-12-14,51.64962387084961,52.665667316657114,51.58469794670981,52.04018147567074,33732000
2018-12-17,50.38229751586914,52.19729660963429,49.954569160268676,51.42212948137519,47708000
2018-12-18,50.98596954345703,52.015391293689426,50.625643948827204,50.85611393169102,43850000
2018-12-19,50.70346450805664,52.635923835569606,49.96200066647579,51.24766623634039,49586000
2018-12-20,50.02939987182617,51.2590557849314,49.382602427014895,50.46159014452409,53470000
2018-12-21,48.548954010009766,50.75351581827357,48.259010843239764,50.321325536364036,91920000
2018-12-24,48.3844108581543,49.73846986489305,48.081580784109164,48.26942353566396,31806000
2018-12-26,51.518775939941406,51.545540394042746,48.72044978883565,49.018322508160225,47466000
2018-12-27,51.73784637451172,51.73834173246172,49.41433020576456,50.41302477198598,42196000
2018-12-28,51.400814056396484,52.31673840406217,51.20355194681608,52.02233320411581,28296000
2018-12-31,51.32795333862305,52.1749850976065,50.7322079454376,52.088747446624026,29866000
2019-01-02,51.83547592163086,52.156150184018124,50.341646762271004,50.38427022679661,30652000
2019-01-03,50.3589973449707,52.387113516212985,50.2603644061389,51.595096765057555,36822000
2019-01-04,53.06761932373047,53.074062758167784,50.92193674931306,51.17827880561593,41878000
2019-01-07,52.95262908935547,53.23067990801265,52.27708569594955,53.10677236808774,39638000
2019-01-08,53.343685150146484,53.75406839856641,52.56306911523096,53.33526028396007,35298000
2019-01-09,53.263397216796875,53.65841303748925,52.85400467158436,53.609841489235365,23986000
2019-01-10,53.04878616333008,53.08942820303813,52.423304113442754,52.916453745985166,29128000
2019-01-11,52.39752960205078,52.72390241908717,51.965834612024686,52.694411605632716,30416000
2019-01-14,51.77798843383789,52.1169985279336,51.607740349931376,51.88851374855489,22886000
2019-01-15,53.386802673339844,53.53053587835969,51.90933150627294,52.04959342450191,29272000
2019-01-16,53.576133728027344,54.14140138031318,53.49534501327374,53.52805754177051,26636000
2019-01-17,54.01873016357422,54.11290110415514,53.205897002419576,53.50178826890117,24854000
2019-01-18,54.43307876586914,54.93326926753395,54.06829492044433,54.5193202026271,39112000
2019-01-22,53.05820846557617,54.09853583659865,52.7087882451389,53.92457065401919,32270000
2019-01-23,53.30849838256836,53.772406779262596,52.52441102323635,53.39672125617981,19340000
2019-01-24,53.22572326660156,53.50203844565543,52.57149159821509,53.35359745282718,27226000
2019-01-25,54.072757720947266,54.221943648715644,53.618264926577645,53.775875720568315,22382000
2019-01-28,53.03639602661133,53.676750129890245,52.72513730827126,53.533512281520316,25686000
2019-01-29,52.56752395629883,53.28767602644918,52.33185459972879,53.16525456089891,20436000
2019-01-30,53.97709655761719,54.073248928288876,52.87630165520224,52.95461357893241,25596000
2019-01-31,55.33066177368164,55.37824259929658,54.2918206802448,54.668005282921165,30766000
2019-02-01,55.05211639404297,55.75839085744712,54.761677857464,55.133895821063504,29244000
2019-02-04,56.144989013671875,56.144989013671875,54.96638120303318,55.146789811118715,51530000
2019-02-05,56.79872512817383,56.84134859959495,55.37418533771361,55.75046830800429,71044000
2019-02-06,55.27416229248047,56.848776459240455,55.15223618704957,56.480525134854716,42112000
2019-02-07,54.455379486083984,54.759200243650774,53.82543174111126,54.72549700131201,40896000
2019-02-08,54.27447509765625,54.465293769549156,53.85269485668211,53.87499730653298,21516000
2019-02-11,54.271995544433594,54.81396622381606,54.16543687966703,54.368147912342906,21304000
2019-02-12,55.57847595214844,55.77301168412448,54.80925702858792,54.856342495574,32182000
2019-02-13,55.51850509643555,56.240638572241764,55.436230311825284,55.75789530068717,20996000
2019-02-14,55.593353271484375,55.91848580961329,55.03700957482537,55.413935378771384,18952000
2019-02-15,55.19584655761719,56.08897299060006,55.047159792310495,56.01016949656401,28996000
2019-02-19,55.439208984375,55.60425391964567,55.01494817269266,55.01494817269266,20928000
2019-02-20,55.20328903198242,55.67959269845235,54.78101341218188,55.51008575220036,21756000
2019-02-21,54.369140625,55.11109978664322,54.14858535643662,55.05658016687627,28302000
2019-02-22,55.033294677734375,55.076413509119945,54.30124635332345,54.56392976809962,20990000
2019-02-25,54.98521423339844,55.43821716961816,54.8796424925966,55.31232819097371,28262000
2019-02-26,55.26920700073242,55.486290986858606,54.51535167215848,54.80430414999004,29426000
2019-02-27,55.31480407714844,55.41045730717616,54.56887828776712,54.86377882948923,19368000
2019-02-28,55.50661087036133,55.88973428203263,55.065004975790394,55.079377917566,30850000
2019-03-01,56.5509033203125,56.64903712080394,55.7459996941408,55.7534338437927,29006000
2019-03-04,56.88843536376953,57.40785788515409,56.040412793548896,56.84828868116317,28920000
2019-03-05,57.593719482421875,57.96940500835179,56.808887189530616,57.00044702786385,28864000
2019-03-06,57.38703536987305,57.86809217703382,57.26957126371163,57.616510863901865,21986000
2019-03-07,56.66539764404297,57.33226660893111,56.24956169724898,57.28096870537371,23332000
2019-03-08,56.616825103759766,56.85274402950425,55.67413633522036,55.844134846916056,24248000
2019-03-11,58.27421188354492,58.29552739949543,56.722395433506634,56.722395433506634,34384000
2019-03-12,59.13859176635742,59.47562043340102,58.39811865841487,58.39811865841487,40262000
2019-03-13,59.14453887939453,59.52171421935588,59.076141675003164,59.5075870656846,28718000
2019-03-14,58.759437561035156,59.37055043476651,58.70640401121162,59.203520276990716,23456000
2019-03-15,58.70541000366211,59.305617406470596,58.613719633322276,59.14751126309181,49236000
2019-03-18,58.69549560546875,58.9799860626621,58.35653468857087,58.64791477975115,25852000
2019-03-19,59.41862106323242,59.475617471195434,58.775291077193614,58.921005704729914,30414000
2019-03-20,60.66364669799805,60.82075834399639,59.28579166705814,59.34427793215854,44548000
2019-03-21,61.03883743286133,61.05122894334426,60.12737509587096,60.26862772757376,24080000
2019-03-22,59.74822235107422,60.96251483317543,59.61564036454111,60.78012479443154,34284000
2019-03-25,59.1286735534668,59.792717769594454,58.83327767555736,59.32345506714456,29936000
2019-03-26,58.713340759277344,59.615882883928435,58.3217924674864,59.40276175754496,38024000
2019-03-27,58.13841247558594,58.85900699972602,57.46187455575806,58.756959486158635,28004000
2019-03-28,57.91389083862305,58.06629848136679,57.464899927219825,58.065058195873185,19234000
2019-03-29,58.15278244018555,58.43430076191575,57.635840550743204,58.23158594090224,25398000
2019-04-01,59.199554443359375,59.31007975886882,58.5834842398374,58.687569902525574,25050000
2019-04-02,59.499916076660156,59.54253955099999,58.76737237842705,59.24367230992501,16558000
2019-04-03,59.769039154052734,60.28350052420111,59.500407673466555,59.84635658882344,20286000
2019-04-04,60.21906661987305,60.252274507314155,59.68031761472937,59.770026555933285,19000000
2019-04-05,59.82999038696289,60.27952955465532,59.72491779582143,60.21856650307067,18144000
2019-04-08,59.66594314575195,59.90632407841192,59.46868103919112,59.86667275766514,17204000
2019-04-09,59.33932113647461,59.589117652237334,59.132643447070386,59.27736736544439,17528000
2019-04-10,59.58268356323242,59.66322271682084,59.29893420663723,59.50932899069561,14492000
2019-04-11,59.70459747314453,59.87013775991529,59.482060778532045,59.67188872718613,14204000
2019-04-12,60.36131286621094,60.38510139010391,59.87757506680601,59.97125065135546,18668000
2019-04-15,60.521400451660156,60.67504459455519,59.92714111722747,60.367756308765124,23748000
2019-04-16,60.82026290893555,61.00315207259089,60.472827949546364,60.71469495477498,17126000
2019-04-17,61.276737213134766,61.48589167728345,60.85445785911865,61.111196930167225,24438000
2019-04-18,61.278228759765625,61.55726652284431,61.19099660825448,61.417499962345154,26636000
2019-04-22,61.896278381347656,61.90866611029103,60.87874896465048,61.259391809164,16146000
2019-04-23,62.6749153137207,62.895470592546296,61.774354611223636,61.98797109778073,26398000
2019-04-24,62.25115203857422,62.84640590222226,62.201589775104765,62.65360578568017,20376000
2019-04-25,62.62039566040039,62.81656496019718,62.0543868421965,62.68581693831751,22146000
2019-04-26,63.05308151245117,63.09719105576355,62.465261818752396,62.89547072164077,24828000
2019-04-29,63.81635665893555,63.90012131610451,62.76141053014622,63.143293723183014,49988000
2019-04-30,58.904659271240234,59.11926648768919,58.236549956684726,58.73218016908204,124140000
2019-05-01,57.893558502197266,58.88333260211829,57.848953609445495,58.88333260211829,52784000
2019-05-02,57.622459411621094,58.19639772102032,57.245382384764696,57.87770864414075,38896000
2019-05-03,58.75199890136719,58.82138682040963,57.93916575142036,58.16963195794889,39614000
2019-05-06,58.949764251708984,59.02212432781374,57.803369797660075,57.803369797660075,31278000
2019-05-07,58.19194030761719,59.00179755831792,57.54464364265227,58.507653460077165,31028000
2019-05-08,57.803863525390625,58.50537735170121,57.77759442868689,58.088354023520075,26186000
2019-05-09,57.61106491088867,57.97188591881585,57.03960332859543,57.445029241203024,23714000
2019-05-10,57.704734802246094,58.11759482483498,56.62574695353702,57.67103155740638,26290000
2019-05-13,56.10682678222656,56.89537234030006,55.615159447520405,56.59898569351482,37212000
2019-05-14,55.53238296508789,56.52265253278639,55.48827342526766,56.36355568080211,36732000
2019-05-15,57.70176315307617,58.05465464356266,55.34534160724144,55.40501522401062,45786000
2019-05-16,58.433807373046875,58.888795508351436,57.63385727986668,57.7166274279143,30628000
2019-05-17,57.60709762573242,58.491795532884424,57.49359637818014,57.91289984424257,24172000
2019-05-20,56.44483947753906,56.83871705783152,56.07772634828305,56.72486793494292,27066000
2019-05-21,56.979129791259766,57.13168490232964,56.39973875954603,56.922628738572726,23196000
2019-05-22,57.067848205566406,57.419745172617205,56.793764025697904,56.83639127566904,18290000
2019-05-23,56.540000915527344,56.79787439616656,55.96774534238497,56.526618690059834,23978000
2019-05-24,56.17818832397461,56.98581828515495,56.088479391578424,56.866618543293335,22240000
2019-05-28,56.21189498901367,57.07612436633891,56.16084287427611,56.2044608391304,27300000
2019-05-29,55.33512878417969,55.961605299893215,54.926726975801095,55.88329337208017,30764000
2019-05-30,55.408973693847656,55.66571278280788,55.120021215308476,55.28952815446277,19038000
2019-05-31,54.69923400878906,54.995125291985566,54.52824098864662,54.58325596985079,30156000
2019-06-03,51.35868835449219,52.809398906490664,50.80209509976164,52.809398906490664,102612000
2019-06-04,52.19233322143555,52.34102377933322,51.23279473104024,51.68926892049483,56670000
2019-06-05,51.65557098388672,52.21712160616325,51.07419848112149,52.11749793898371,43368000
2019-06-06,51.76063919067383,51.91676390110542,51.23329099950959,51.79285636110779,34064000
2019-06-07,52.83615493774414,53.07802571928461,51.96186337888677,52.07239247250862,36048000
2019-06-10,53.54689407348633,54.1555263579392,53.147514587046906,53.180125019842954,29284000
2019-06-11,53.46461486816406,54.61794413802606,53.40925200787355,54.2209469400081,28734000
2019-06-12,53.380863189697266,53.5741586735426,52.91050756849627,53.4289393816768,21220000
2019-06-13,53.96272659301758,54.230367344127735,53.53549361962958,53.70846806853084,21154000
2019-06-14,53.7932243347168,54.15701368655716,53.536583550260474,53.84625410282075,22230000
2019-06-17,54.1475944519043,54.47867503254493,53.83931167861761,53.83931167861761,18832000
2019-06-18,54.6977424621582,55.331653077406976,54.469257694018005,54.99958179168381,27734000
2019-06-19,54.634796142578125,54.86625305022691,54.19616242536931,54.796865135582976,26776000
2019-06-20,55.085330963134766,55.51653059937688,54.754250351813354,55.5100871647557,25240000
2019-06-21,55.603763580322266,55.71428890505091,54.91979147258964,54.97728702709027,38952000
2019-06-24,55.28853988647461,55.60970576881195,55.065008674374745,55.49125094000253,27912000
2019-06-25,53.842777252197266,55.2305392705974,53.71638915597135,55.14677841853002,30938000
2019-06-26,53.51815414428711,54.17089604434692,53.143455540879486,53.85022549238179,36218000
2019-06-27,53.330299377441406,53.87995379511097,53.29461470198583,53.726309656813726,20086000
2019-06-28,53.57316589355469,53.5776241150554,53.19945802867453,53.3491393178044,33864000
2019-07-01,54.41770935058594,54.895003677779506,54.20721628658368,54.42018992131107,28726000
2019-07-02,55.076904296875,55.10267803451744,54.428620680546466,54.63034101626736,19832000
2019-07-03,55.58888626098633,55.845625346854526,55.206261984420024,55.38220857428463,15340000
2019-07-05,56.08501052856445,56.14894951033111,55.31926285326499,55.40153763978571,25286000
2019-07-08,55.32967758178711,55.80696818648391,55.074923693170014,55.766821505635356,24728000
2019-07-09,55.74997329711914,55.908325242099124,54.87469092826864,55.10416644306329,26608000
2019-07-10,56.52562713623047,56.603443703688946,56.05428463576243,56.06667614611577,24190000
2019-07-11,56.71049880981445,57.14962792934211,56.48102331039436,56.6629179804765,23910000
2019-07-12,56.74469757080078,56.86563296682123,56.44137214627522,56.69959731226986,17280000
2019-07-15,57.01431655883789,57.03810886292043,56.47210008283613,56.84183747967121,18076000
2019-07-16,57.17490768432617,57.42272277663577,56.74965613889865,56.79921840108893,24776000
2019-07-17,56.816558837890625,57.41180881644927,56.78781295696923,57.04553895091285,23400000
2019-07-18,56.81557846069336,56.87876874002628,56.141521084514274,56.5880843798348,25814000
2019-07-19,56.011165618896484,57.053969633557344,55.987373314081886,56.90775964341728,32944000
2019-07-22,56.40618896484375,56.46467523755258,55.72073453758095,56.177208797785966,26030000
2019-07-23,56.80961990356445,56.843818502143584,56.09541597757667,56.70008531654083,21874000
2019-07-24,56.393287658691406,56.70008432483351,55.85701552626513,56.100372356236626,31796000
2019-07-25,56.11127853393555,56.58609229984502,55.556175195992374,56.39378756309817,44196000
2019-07-26,61.97409439086914,62.724478463696286,60.66513564183836,60.66711707355508,96116000
2019-07-29,61.42890548706055,61.82342595887892,60.874789000236696,61.5101895684366,44474000
2019-07-30,60.72163391113281,61.20388184917977,60.630438898689924,60.73501613732327,29066000
2019-07-31,60.302330017089844,61.16076257453415,59.86042539147515,60.61557015414377,34510000
2019-08-01,59.92218780517578,61.166220676564095,59.75912428820152,60.17099362318177,33970000
2019-08-02,59.1777458190918,59.81760452976905,58.92745017111262,59.51229390441422,32902000
2019-08-05,57.112457275390625,58.24844154236679,56.50877857449927,57.990711734571086,51950000
2019-08-06,57.98625564575195,58.482381195441654,57.49310224366601,57.65715647240535,34188000
2019-08-07,58.18648910522461,58.407290174533784,56.97883672980897,57.29484861779425,28886000
2019-08-08,59.713523864746094,59.723930162142125,58.13841050667032,58.62462130807986,29360000
2019-08-09,58.8813591003418,59.667923155589015,58.66293273785472,59.37599853800081,21314000
2019-08-12,58.22216796875,58.730189613810204,57.87334148894621,58.445200017138454,20060000
2019-08-13,59.34031295776367,59.71253094878961,58.06109461579066,58.06109461579066,25888000
2019-08-14,57.705726623535156,58.59835781757994,57.51986530612275,58.301472042555524,31574000
2019-08-15,57.85293197631836,58.278183551699314,57.59768271576913,57.66657528603292,24374000
2019-08-16,58.365413665771484,58.61917684354488,58.07844259893394,58.46206140393939,26266000
2019-08-19,59.3988037109375,59.822070069167935,58.98445757729335,58.98445757729335,24632000
2019-08-20,58.6176872253418,59.28034759139572,58.58894133901906,59.24020090958981,18310000
2019-08-21,59.04194259643555,59.42605672531775,58.85261000044681,59.136113536529486,14814000
2019-08-22,58.95669937133789,59.37709187550483,58.41398370893127,59.181712875749476,18950000
2019-08-23,57.061405181884766,59.18220636249937,56.885953945688485,58.58298966396966,33740000
2019-08-26,57.93370819091797,57.96245407192459,57.144168272156975,57.357289371790536,24522000
2019-08-27,57.881675720214844,58.603313928396865,57.56496805191356,58.51063283532703,21544000
2019-08-28,58.03927993774414,58.306920669801286,57.359278343403496,57.5778483937626,16040000
2019-08-29,59.12124252319336,59.280339373163386,58.53986631724212,58.53986631724212,21768000
2019-08-30,58.88581848144531,59.40127430495106,58.67284861433115,59.40127430495106,22596000
2019-09-03,57.908935546875,58.82585444436634,57.65170486394027,58.33716303563386,29598000
2019-09-04,58.55424880981445,58.656844627600165,58.03829757313493,58.32130200313338,21378000
2019-09-05,60.039649963378906,60.12192475610228,59.05582373756853,59.05582373756853,28162000
2019-09-06,59.7199592590332,60.07111505073813,59.60061204428286,59.87856453041932,21442000
2019-09-09,59.69419479370117,60.46688129808596,59.10984639436575,59.67387377503842,29438000
2019-09-10,59.77299499511719,59.97124781026569,59.20698621404778,59.235236739176514,25202000
2019-09-11,60.47530746459961,60.59574750541587,59.58466147377675,59.644633815221155,26140000
2019-09-12,61.17315673828125,61.550328312023936,60.61656349926696,60.68000334580243,34518000
2019-09-13,61.436336517333984,61.50175779666312,60.81431820830416,61.02942455452212,26028000
2019-09-16,61.026939392089844,61.43633189512205,60.74492571396243,60.93872031042301,21066000
2019-09-17,60.920379638671875,61.21032281931621,60.64976675967541,60.982333406707625,19102000
2019-09-18,61.08195114135742,61.24055263071919,60.294891770336335,60.83909343794423,22702000
2019-09-19,61.394203186035156,61.67819829296924,61.06262725210714,61.06460868366916,19920000
2019-09-20,60.959041595458984,61.62269265312403,60.619536128059586,61.117147745807635,45400000
2019-09-23,61.16225051879883,61.413037754186625,60.67355913524869,60.764258791893724,21248000
2019-09-24,60.40542221069336,61.79219748074978,60.004953699621225,61.45814096201009,31664000
2019-09-25,61.78129196166992,61.86951482741289,59.97571237751406,60.25970749597277,29060000
2019-09-26,61.527034759521484,61.70595728438812,61.07492045043267,61.55528528646272,30760000
2019-09-27,60.71916198730469,61.65738884410855,60.19180996800458,61.60733122203862,27078000
2019-09-30,60.41731643676758,60.764256031495485,60.08524514161972,60.51495488118686,28082000
2019-10-01,59.7283935546875,61.023474690010424,59.65305755619692,60.417319196659065,25470000
2019-10-02,58.31732940673828,59.325934762285435,58.052660828092336,59.325934762285435,32302000
2019-10-03,58.872432708740234,58.93339575965866,57.61353171625081,58.484355736112335,32424000
2019-10-04,59.921688079833984,60.04261969303953,58.938852609463005,59.07366558823178,23248000
2019-10-07,59.85626220703125,60.37786273542078,59.66148067290139,59.69369784342393,16858000
2019-10-08,58.93687438964844,59.776967419109184,58.93092631304236,59.35617786747284,20786000
2019-10-09,59.590110778808594,59.889469548238445,59.35815471587371,59.44340165080906,17354000
2019-10-10,59.90533447265625,60.21906999617921,59.34378762762673,59.40524604539504,16932000
2019-10-11,60.24136734008789,60.882712136654966,60.15661576187793,60.57641457103841,25454000
2019-10-14,60.325130462646484,60.780617746247394,60.058484207662076,60.087230092715,17350000
2019-10-15,61.607330322265625,61.82144217398562,60.4867096609685,60.4867096609685,27634000
2019-10-16,61.638553619384766,62.188703445795504,61.38132293623529,61.51613214278811,21892000
2019-10-17,62.10593032836914,62.61419780542895,61.95080010944567,61.999867013059344,19048000
2019-10-18,61.73023986816406,62.39438243830773,61.511666039438666,62.12525563627247,27056000
2019-10-21,61.7629508972168,62.183195900544185,61.487876009088275,62.06578095310754,20544000
2019-10-22,61.5969123840332,61.98350328313133,61.52653375210302,61.84720802151025,20476000
2019-10-23,62.40628433227539,62.44395044144383,61.57511154599928,61.57511154599928,18230000
2019-10-24,62.49846649169922,62.64765240878374,62.13789509982548,62.4940044892619,20562000
2019-10-25,62.70366287231445,62.92520887289785,61.95426950595528,62.00482248487281,24262000
2019-10-28,63.936302185058594,64.39773382633643,63.070930680406256,63.21515926451498,52264000
2019-10-29,62.57925033569336,63.51945845916081,62.311212576239576,63.25380295506022,37728000
2019-10-30,62.51333999633789,62.913313171850604,62.05289912004878,62.10097530963487,28178000
2019-10-31,62.454856872558594,62.82955166393538,61.99555418979967,62.51284400169133,29114000
2019-11-01,63.130401611328125,63.17401579856048,62.474188464274576,62.69722054259422,33402000
2019-11-04,64.00418853759766,64.14098294541407,63.260002153367736,63.26470994410556,30020000
2019-11-05,64.03690338134766,64.37888939306035,63.997199123021886,64.07952684799986,25654000
2019-11-06,64.02549743652344,64.12115822753714,63.56456503944039,63.90952319111311,23060000
2019-11-07,64.87105560302734,65.60854905022593,64.14669103206917,64.14842289419997,40600000
2019-11-08,64.99545288085938,65.32406047607147,64.64826369117452,64.69361730210377,25028000
2019-11-11,64.39176940917969,64.75035554407445,64.30354277520979,64.58951928274773,20238000
2019-11-12,64.37245178222656,64.92755517741455,64.22227135686357,64.43192498522055,21718000
2019-11-13,64.3327865600586,64.64502837103291,64.11024611077117,64.13800127453399,16534000
2019-11-14,64.99990844726562,65.27448796851884,64.21632034149845,64.30801070742442,23870000
2019-11-15,66.16017150878906,66.16067064796319,65.13966634187429,65.37063165062548,35652000
2019-11-18,65.4578857421875,66.19285325473848,65.29928044421132,66.02884817692467,29748000
2019-11-19,65.19817352294922,65.80482440961757,65.06633268187899,65.80482440961757,25384000
2019-11-20,64.58308410644531,65.17536577534396,63.99329057112177,65.01378834728304,26172000
2019-11-21,64.49883270263672,65.05592509542322,64.08498572494014,64.50527613717854,19910000
2019-11-22,64.20096588134766,64.864617011967,64.00618809746447,64.71047370809951,27714000
2019-11-25,64.76350402832031,64.99248039499663,64.33924319685832,64.39128224891432,20724000
2019-11-26,65.10350036621094,65.16545413889162,64.68420068130673,64.92061119571082,21394000
2019-11-27,65.07574462890625,65.34189930455516,64.90921361541525,65.17536829106415,19912000
2019-11-29,64.67776489257812,64.93771817383892,64.62869798282861,64.78482271847426,11740000
2019-12-02,63.93233108520508,64.72087284190351,63.490229806631056,64.48149017792761,30218000
2019-12-03,64.19799041748047,64.35565037674574,63.391105244366344,63.41935577335543,22876000
2019-12-04,65.44994354248047,65.71064548256966,64.67329044032628,64.779357529841,30750000
2019-12-05,65.82611846923828,65.88698319728337,65.24672376931409,65.81967503629912,24254000
2019-12-06,66.4451675415039,66.6126892619872,66.08930394359223,66.08930394359223,26296000
2019-12-09,66.59090423583984,67.37846300049618,66.30740062606932,66.31731534937097,27086000
2019-12-10,66.64539337158203,66.90881784450654,66.21816050167931,66.48876955341866,21882000
2019-12-11,66.66324615478516,66.96954371314462,66.54677276656525,66.95170326623787,17008000
2019-12-12,66.92346954345703,67.19631729312695,66.43924381819882,66.70886228716834,25620000
2019-12-13,66.80252838134766,67.06337404520521,66.60625319320887,66.80847267672303,30992000
2019-12-16,67.46369934082031,67.63766451566093,67.04241063805671,67.23223483005337,27946000
2019-12-17,67.16383361816406,67.65351950260975,66.97564298420967,67.5489422607547,37080000
2019-12-18,67.03992462158203,67.42899611912132,66.95963882642056,67.23719051089927,30452000
2019-12-19,67.20943450927734,67.31153117668914,66.8597647674661,67.00028003268915,29398000
2019-12-20,66.8897705078125,67.58613048503477,66.86052547607942,67.57176132023186,66300000
2019-12-23,66.85256958007812,67.39577670353425,66.73708692348416,67.20099898116504,17662000
2019-12-24,66.59090423583984,66.92297562062426,66.55224362140959,66.83574723118011,6950000
2019-12-26,67.42552947998047,67.4714805467689,66.6359969798853,66.72025320685862,13350000
2019-12-27,67.00374603271484,67.63022633066673,66.87587562447503,67.55389583443036,20768000
2019-12-30,66.22313690185547,67.0587717704322,66.11806050979793,66.91008118858082,21018000
2019-12-31,66.26673889160156,66.31531421490169,65.87345498414766,65.92426130859577,19236000
2020-01-02,67.77098083496094,67.80914230015969,66.49126340092567,66.49126340092567,28132000
2020-01-03,67.43840789794922,68.02523682826747,66.68921502272471,66.80400192271014,23728000
2020-01-06,69.10126495361328,69.21475864971241,66.91008110345794,66.91008110345794,34646000
2020-01-07,69.05814361572266,69.53642498183466,68.9114344632416,69.2861368535105,30054000
2020-01-08,69.60234069824219,69.96216717973303,68.93422764722503,68.99568228033196,30560000
2020-01-09,70.37105560302734,70.74277821113537,69.8972287685996,70.40773477476651,30018000
2020-01-10,70.86174011230469,71.11941699469628,70.29771270303124,70.7541831558192,36414000
2020-01-13,71.33258819580078,71.3965234033441,70.67786111718138,71.17894404197416,33046000
2020-01-14,70.9187240600586,71.45994981228968,70.79432494878284,71.32167311762339,31178000
2020-01-15,71.33108520507812,71.43987486572964,70.88551270340243,70.88551270340243,25654000
2020-01-16,71.95063018798828,71.96500691138033,71.41633941776145,71.73949427864629,23474000
2020-01-17,73.37259674072266,73.41745121138725,72.27378699426004,72.50623464395599,47924000
2020-01-21,73.57134246826172,73.94058451893751,72.91710702422064,73.3096498031885,40734000
2020-01-22,73.64816284179688,74.50381608391433,73.5976060858591,73.89845848794742,32216000
2020-01-23,73.682861328125,74.12248961695181,73.45735623933868,73.73193579727567,27024000
2020-01-24,72.694580078125,74.12124877333612,72.62221244185329,74.02682825511559,35692000
2020-01-27,71.06840515136719,71.27508660941974,70.43895275884742,70.92467573901075,35104000
2020-01-28,71.9932632446289,72.16376470283097,70.99754077890259,71.51944388959339,31548000
2020-01-29,72.29409790039062,72.63112274461348,71.70478843677924,72.30252276522467,21554000
2020-01-30,72.15581512451172,72.22718447016892,71.19231005135077,71.36875576540486,26788000
2020-01-31,71.08477020263672,72.86408075479662,70.80225736659668,72.80311769742113,48344000
2020-02-03,73.64765930175781,73.84888803498286,72.31194005816664,72.46112218352734,60736000
2020-02-04,71.72115325927734,72.83284982226736,70.69173148358753,72.21678341466905,78660000
2020-02-05,71.77864837646484,72.55232938420778,70.90287069803581,72.48195074588149,39724000
2020-02-06,73.16641998291016,73.45239656072481,71.8450696444324,71.88273953743749,33588000
2020-02-07,73.31510162353516,73.6427109180894,72.6767252029664,72.72381067280398,23446000
2020-02-10,74.77472686767578,74.81536890259102,73.07174695248267,73.07174695248267,28398000
2020-02-11,74.78018188476562,75.81307495757278,74.62395885889028,74.9298631612397,26892000
2020-02-12,75.25003814697266,75.37023239322802,74.74648226119484,75.06219540560913,23352000
2020-02-13,75.07112121582031,75.69164964573635,74.57251889706814,74.97347898649164,18590000
2020-02-14,75.37246704101562,75.37246704101562,74.70831684768703,75.11770937567593,23956000
2020-02-18,75.31942749023438,75.91220074851084,74.96852502138645,75.08797056100981,22414000
2020-02-19,75.66736602783203,75.9357970788645,75.40517421771641,75.5870726692697,18986000
2020-02-20,75.24408721923828,75.81356725066304,74.68254047625544,75.43490209119055,21932000
2020-02-21,73.60652923583984,74.94993226302184,73.37507231773866,74.74250965584127,34634000
2020-02-24,70.4582748413086,71.22055868390471,69.95273760491611,70.68229758038675,57342000
2020-02-25,68.81576538085938,71.27854857041454,68.51591127248876,71.02379849751324,49566000
2020-02-26,69.05020904541016,70.16637534238582,68.34740574176793,69.19691819517186,44048000
2020-02-27,65.32852172851562,67.98578802291699,65.28291854846519,67.5078016566272,59566000
2020-02-28,66.3812255859375,66.47093451312617,62.99458501840771,63.31674534001,75782000
2020-03-02,68.8484878540039,68.93572379513094,65.76096324362155,66.9898745127485,48630000
2020-03-03,66.48333740234375,69.89128630935762,66.0179354211205,69.359476118753,48046000
2020-03-04,68.72012329101562,68.79794365507802,66.56859819942467,67.36755393713179,38266000
2020-03-05,65.3756103515625,67.3516877472475,64.68469567099444,66.9199927473987,51226000
2020-03-06,64.35311889648438,64.74020140242247,62.501444542496785,63.29494741982993,53212000
2020-03-09,60.24681854248047,62.18968782779454,59.475618148162745,59.73830152329986,67308000
2020-03-10,63.45998764038086,63.49765752723288,60.40591347513062,62.44939706815408,52228000
2020-03-11,60.23938751220703,62.49698311924457,59.280839687857686,61.93890381231204,52170000
2020-03-12,55.25830841064453,59.17180653565014,55.17851418251273,55.80796290818082,84534000
2020-03-13,60.45349884033203,60.45498491407671,55.36897882211263,58.43479811504107,74002000
2020-03-16,53.7426643371582,57.10982752740816,53.252486896686605,54.32106464165543,85048000
2020-03-17,55.50066375732422,56.048828292630574,52.339036457972924,54.17782379101999,77230000
2020-03-18,54.360713958740234,54.84147580001991,51.41072163832364,52.36382045551905,84668000
2020-03-19,55.277137756347656,57.3924862355047,52.54215323974874,54.17485672514865,73022000
2020-03-20,53.14741516113281,56.69959647553861,52.808900422755755,56.28970860333002,72036000
2020-03-23,52.3692741394043,53.09785106435906,50.23389970840026,52.60222091474172,80882000
2020-03-24,56.22726058959961,56.254025042647434,54.05441656440324,54.706171456650026,66890000
2020-03-25,54.642730712890625,56.94294974986649,53.825930894509966,55.831253157603264,81630000
2020-03-26,57.579837799072266,57.987245112147,54.198645618182056,55.10416368330763,71434000
2020-03-27,55.050140380859375,57.03067970808296,54.812240007345835,55.79160423373836,64170000
2020-03-30,56.8398551940918,57.07825468243411,54.34485476900429,55.76037205583529,51482000
2020-03-31,57.63236999511719,58.25190769766954,56.40965274492728,56.86365015486283,49728000
2020-04-01,54.797855377197266,55.990839703601885,54.3929286864421,55.60969775286493,46884000
2020-04-02,55.55221176147461,55.85057982285931,54.34089150567365,54.43307723494934,39298000
2020-04-03,54.41424560546875,55.686029766496816,53.51864228971632,55.461757419127935,46268000
2020-04-06,58.82733917236328,59.210957967922496,56.05280158071798,56.4027171300986,53294000
2020-04-07,58.80701446533203,60.71469446284886,58.594884061561345,60.5164416430251,47746000
2020-04-08,59.985130310058594,60.420788156114526,58.88879733289612,59.79778291583889,39502000
2020-04-09,60.04311752319336,60.74294861990523,59.31379939485003,60.669098693287864,43508000
2020-04-13,60.345947265625,60.49216104426076,58.86094360605742,59.930610440482255,34796000
2020-04-14,62.9068603515625,63.543251516544316,61.30597717248603,61.71041229046574,49408000
2020-04-15,62.57182312011719,63.46346358404497,61.47796696787237,61.736188351341774,33434000
2020-04-16,62.62138748168945,63.391101860135684,61.58799899251611,63.14824412657125,50362000
2020-04-17,63.60174560546875,64.15585830835204,63.0060001461759,63.681048254644175,38980000
2020-04-20,62.77701187133789,63.51996173725502,62.51730064462474,62.99459120777356,33910000
2020-04-21,60.28548049926758,62.16540534208037,59.95687670334583,61.80507973347536,43060000
2020-04-22,62.608497619628906,63.71885560288447,61.55726495113354,61.732719965515294,41848000
2020-04-23,63.25777816772461,64.10034801842497,62.73042991944269,63.021859214545856,31324000
2020-04-24,63.406463623046875,63.46048410538203,61.92651189430437,62.507389005769944,32792000
2020-04-27,63.23645782470703,64.24110412419823,62.895466310919154,64.23366997451365,32012000
2020-04-28,61.1444091796875,63.839644176053085,61.07155374872042,63.83369988075645,59026000
2020-04-29,66.48778533935547,67.40519564200282,65.68783913045965,66.4867946236536,75872000
2020-04-30,66.84366607666016,67.04984843633929,65.54659957099875,65.66506197359618,53378000
2020-05-01,65.45341491699219,67.01266541803794,64.97711507338352,65.8444678276514,41450000
2020-05-04,65.76020812988281,65.80283916171973,64.38235684544607,64.83982555501069,30080000
2020-05-05,66.96508026123047,68.0966062332362,66.28854995858345,66.31135154665446,33030000
2020-05-06,66.77625274658203,67.95684572349685,66.77576117001276,67.48946984686522,24308000
2020-05-07,68.02821350097656,68.27801001953853,67.17126699442817,67.70010505538738,27952000
2020-05-08,68.81181335449219,69.32677386200999,68.17294529608483,68.55210209929821,27738000
2020-05-11,69.54979705810547,70.20749619716635,68.2558012655935,68.31171242323072,28242000
2020-05-12,68.18582153320312,70.1316628678856,68.13774535045275,69.74110911146037,27812000
2020-05-13,66.87686920166016,68.66867341498178,65.8395140421222,68.25075769096604,36252000
2020-05-14,67.21390533447266,67.27784054481307,65.61698468036194,66.16762611221502,32062000
2020-05-15,68.05943298339844,68.12336818023643,66.36487044671806,66.91006660712154,34154000
2020-05-18,68.59224700927734,69.00783343115043,67.12072379588427,67.49244645944349,36448000
2020-05-19,68.07406616210938,68.99172625567954,68.07406616210938,68.74376744994453,25612000
2020-05-20,69.72129821777344,69.90468655592463,68.7563105823487,68.87178571679674,33108000
2020-05-21,69.5270004272461,70.15595372853451,69.06358742310073,69.78473023611531,27700000
2020-05-22,69.9046630859375,70.02063732080708,68.98328238931987,69.22515314116852,26188000
2020-05-26,70.23178100585938,71.42030718004885,69.98941865059295,71.2354365907741,41212000
2020-05-27,70.27242279052734,70.46571824458493,68.95652536045921,70.24318533110457,33716000
2020-05-28,70.2174072265625,71.41236919334256,69.18996696784691,69.23259043164771,33844000
2020-05-29,70.82158660888672,71.00249434659077,70.049894595694,70.22782262315786,36418000
2020-06-01,70.96532440185547,71.26964054834443,70.28036161193397,70.299691915133,24342000
2020-06-02,71.33208465576172,71.35141495862413,70.32149400204533,70.90237111560423,25562000
2020-06-03,71.19132232666016,71.69547564757107,70.86406092744652,71.28648397910636,25124000
2020-06-04,69.99188995361328,71.31918422542572,69.62264796320292,70.89492348439609,29686000
2020-06-05,71.29095458984375,71.62104448461136,69.68560915826275,70.04097365216234,34698000
2020-06-08,71.69835662841797,71.76675383659853,70.49546119007576,70.49546119007576,28084000
2020-06-09,72.17168426513672,72.75851325245145,71.52984407795438,71.63640275352967,28184000
2020-06-10,72.65196228027344,73.06873606841623,72.17714463678949,72.33921366870624,30504000
2020-06-11,69.57855224609375,72.08817174329805,69.4873534445087,71.49366657764574,39826000
2020-06-12,70.04145812988281,71.22205102240396,68.69533251152936,70.80027079340208,38928000
2020-06-15,70.37205505371094,70.61738958544525,68.78951119512291,68.93224991127438,30078000
2020-06-16,71.50555419921875,72.11517716296441,70.67190090318964,71.62946173606959,34184000
2020-06-17,71.92188262939453,72.36200244793407,70.94350918989998,71.72561502456364,30992000
2020-06-18,71.17050170898438,71.93625692589225,70.72691818149396,71.82473711997325,31638000
2020-06-19,70.96035766601562,71.75733178617865,70.446387935128,71.56898991101458,63158000
2020-06-22,71.95856475830078,72.00267051964485,70.53858158688,70.82554885611887,30848000
2020-06-23,72.58057403564453,73.15208849350675,71.63045488293648,72.14590692613505,28596000
2020-06-24,70.9727554321289,73.12626909220823,70.8627254756033,72.4368443298994,35120000
2020-06-25,71.4366455078125,71.51445827796991,70.37946876422575,70.8701452479057,24610000
2020-06-26,67.40074920654297,71.04610697124998,67.00870556251247,70.94401030282637,85354000
2020-06-29,69.13892364501953,69.17015010244089,66.76188614632629,67.315499699878,36204000
2020-06-30,70.06278228759766,70.31258640111008,68.59324044771837,68.91441392392694,40848000
2020-07-01,71.27360534667969,71.51943901367736,69.87493384370946,69.93837747357605,35504000
2020-07-02,72.59495544433594,73.49947903988135,71.68894199361698,71.71471573184778,37182000
2020-07-06,74.13141632080078,74.67115231121754,72.99939101918757,73.35624538590382,31280000
2020-07-07,73.6100082397461,75.17718463004604,73.52921573802055,73.84889933255772,29164000
2020-07-08,74.14627075195312,74.63594902661235,73.63230103467384,74.0630052528103,24994000
2020-07-09,74.88922119140625,75.47059742715096,73.7539818810069,74.66420769995123,28466000
2020-07-10,76.41328430175781,76.51687082641804,74.17304136477138,74.64934123504234,37126000
2020-07-13,74.90657806396484,78.16742495432072,74.60439458537395,76.82268313948968,36928000
2020-07-14,75.36453247070312,75.4819965801495,73.52673947274832,73.86426350085748,31700000
2020-07-15,75.02056121826172,76.09558615941758,74.2453979629321,75.49091677156002,32214000
2020-07-16,75.23666381835938,75.27086242222911,73.66600861135278,74.344527970174,30386000
2020-07-17,75.11521911621094,75.50627200644159,74.26620599220762,75.41607149932894,29134000
2020-07-20,77.60182189941406,77.82832528466295,74.5229640306771,75.10086907855,31146000
2020-07-21,77.23999786376953,78.6560182200513,77.03480623868134,78.6560182200513,24324000
2020-07-22,77.73908996582031,77.81393059964651,76.62937488856817,77.3430834875421,18640000
2020-07-23,75.12167358398438,77.90662126752933,74.7108970715364,77.66376731348763,32552000
2020-07-24,74.93283081054688,75.21861070827683,73.76958683337055,74.29148983809016,30880000
2020-07-27,75.84132385253906,76.37511544015808,75.09837024147528,75.11770054237287,24920000
2020-07-28,74.36137390136719,75.65695035604615,74.22854991882359,75.59252357774581,34044000
2020-07-29,75.43590545654297,75.89347250238562,74.4104464542788,74.6577699770825,22130000
2020-07-30,75.9032974243164,76.22149120060287,73.95893787933142,74.19584756787897,33428000
2020-07-31,73.49996948242188,74.78811172594841,72.06610883236047,74.59283484328614,68798000
2020-08-03,73.07819366455078,73.87218811060372,72.64153755788904,73.68236393454617,46604000
2020-08-04,72.60834503173828,73.62885060591827,72.2951123868292,73.18327796262047,38070000
2020-08-05,73.03655242919922,73.47270939109877,72.5334881181194,72.82293595073801,39590000
2020-08-06,74.3494644165039,74.46296563910543,72.65937161777508,72.94435739677917,39908000
2020-08-07,74.07144165039062,75.17941747701924,73.43455501673509,74.34453135449328,31556000
2020-08-10,74.1512451171875,74.54651056066076,73.01030326577356,73.70914376265655,25786000
2020-08-11,73.3691177368164,74.8401491018072,73.2541342095438,73.96982423321619,29088000
2020-08-12,74.67261505126953,74.95839489937818,73.61344935032047,73.6298075013594,28740000
2020-08-13,75.25895690917969,76.19074396392102,74.74127390587509,74.8569985788805,29104000
2020-08-14,74.72764587402344,75.42995752240962,74.48726493670631,75.12068023967929,27096000
2020-08-17,75.23567199707031,75.61383806579582,74.73954267860516,75.07161399113353,27566000
2020-08-18,77.24893188476562,77.4407375264509,75.51967871074356,75.64209641920344,40542000
2020-08-19,76.70024871826172,77.99631660463567,76.52281229338247,76.98671680870588,33212000
2020-08-20,78.39630126953125,78.60050216390114,76.23783406234583,76.49803686860079,34138000
2020-08-21,78.33037567138672,79.18781362372405,77.71505048095106,78.16235482953097,28930000
2020-08-24,78.71598815917969,80.00313978637334,78.33782209299643,79.00245629014832,28198000
2020-08-25,79.708251953125,79.87676442476841,78.41217611375541,78.41217611375541,44942000
2020-08-26,81.89694213867188,82.23594845929871,79.47925517999639,79.69733366707075,79868000
2020-08-27,81.00232696533203,82.02679521825979,80.57707542164758,81.96137015860455,37232000
2020-08-28,81.50190734863281,81.63870174178756,80.824877955444,80.96068163290307,29980000
2020-08-31,80.99488067626953,81.6781039369895,80.8030750914478,81.67439064378914,36468000
2020-09-01,82.30978393554688,82.55858969525217,80.89773429859454,81.11630432386106,36506000
2020-09-02,85.65877532958984,85.90162928085084,82.58834269393469,82.957342755903,50224000
2020-09-03,81.37454986572266,84.73858986258146,80.04724774128844,84.73858986258146,62156000
2020-09-04,78.85675048828125,81.53662187131746,76.7043786014163,80.50322956084679,52172000
2020-09-08,75.94987487792969,77.50987424865934,75.73278709736105,76.00538521791832,52218000
2020-09-09,77.1676254272461,77.7643614800004,76.13131410891555,77.19587973170195,35494000
2020-09-10,75.93153381347656,78.51183435862443,75.62350437154626,77.3500271659493,32372000
2020-09-11,75.37147521972656,78.07166745088601,74.21367629174961,76.12879806824795,31942000
2020-09-14,75.30010223388672,77.51656055743867,75.1246547690632,76.27773462225414,33932000
2020-09-15,76.39840698242188,77.29698613461295,75.92235673798739,76.12878861674386,26622000
2020-09-16,75.38038635253906,77.41742653517655,75.32685745027062,77.09725140004852,26234000
2020-09-17,74.12297058105469,74.75579594200235,72.85762993050274,74.1462713081013,37596000
2020-09-18,72.36151123046875,74.49336546839221,71.2285028135171,74.24589824935879,62078000
2020-09-21,70.9326171875,71.78510181842564,69.7128718741254,71.37372780537406,57776000
2020-09-22,72.63261413574219,72.83383530574261,71.09962902571115,71.87082937109481,31664000
2020-09-23,70.1420669555664,72.40957319932218,69.76985279607133,72.30153224837949,33148000
2020-09-24,70.79034423828125,71.55455655320085,69.87640529881165,69.93488777116467,29004000
2020-09-25,71.6165771484375,71.86637366165101,70.04939330191402,71.00546431020767,26460000
2020-09-28,72.58602142333984,73.19465364726554,71.83172373475259,73.0662916758362,40158000
2020-09-29,72.82442474365234,73.18787374783552,72.30277128405056,72.87696293150995,19564000
2020-09-30,72.83781433105469,73.83650883782728,72.35606173724211,72.69903092343071,34032000
2020-10-01,73.85336303710938,74.29695419108354,73.31411864103369,73.56490589287814,35590000
2020-10-02,72.28369140625,73.51186893191004,71.91196878639863,72.46261770554736,25682000
2020-10-05,73.6516342163086,73.76017431534896,72.57363712480127,72.66978949514682,22266000
2020-10-06,72.03688049316406,73.68832085699758,71.79649951826666,73.1342081104266,24908000
2020-10-07,72.37637329101562,72.80607921475567,71.17248732184324,72.57462231132435,34924000
2020-10-08,73.64716339111328,73.84888368897262,72.61427046115658,72.61427046115658,23756000
2020-10-09,75.098876953125,75.16330373323112,73.8216400491454,74.0818428659468,28706000
2020-10-12,77.77179718017578,78.99650332440294,75.95878739904958,76.47572925271454,49652000
2020-10-13,77.89718627929688,78.8051809282223,77.47689597412636,78.49442141964344,32020000
2020-10-14,77.7187728881836,78.6904079528005,76.84893954375634,78.23967764141322,38586000
2020-10-15,77.27517700195312,78.06694794277749,76.57634427240916,76.68141307941694,30800000
2020-10-16,77.96312713623047,78.36558468531405,77.46700533681992,77.60826176537117,28694000
2020-10-19,76.05989837646484,78.71350415841394,75.73228908306467,78.33236596132978,32142000
2020-10-20,77.11658477783203,78.18565788540742,75.61680742686896,75.68520463108308,44834000
2020-10-21,78.96924591064453,80.22914146850881,77.89472008631533,77.97897630602544,51366000
2020-10-22,80.06063842773438,80.39072833469135,78.55738961577151,78.95636831147618,28672000
2020-10-23,81.33291625976562,81.40031518862908,80.3173644460874,80.5929347075244,27516000
2020-10-26,78.8274917602539,81.19611155931473,78.13608562325534,80.54039387664929,37066000
2020-10-27,79.511962890625,79.64008286570224,78.44735176899124,79.08621978236853,24580000
2020-10-28,75.16825103759766,77.38520040925629,75.06912653338355,77.30540620433045,36680000
2020-10-29,77.67713928222656,78.98907386464616,75.44680360327452,75.45274789799177,40062000
2020-10-30,80.34214782714844,83.61281094359738,79.52188047357113,82.87481838247795,86582000
2020-11-02,80.59095764160156,82.312776510931,80.09532743050677,80.69652560602833,50708000
2020-11-03,81.78938293457031,82.35886301859172,80.1245644288924,80.87593539750762,33234000
2020-11-04,86.69215393066406,87.79419289698681,84.55598918713179,84.76663351412182,71418000
2020-11-05,87.39793395996094,88.8982028100579,86.76054828175141,88.27173013058658,41316000
2020-11-06,87.31764221191406,87.84697181809538,86.25699400528886,86.93105130425639,33218000
2020-11-09,87.37960052490234,90.10853860866732,87.23190067711361,88.76240537226172,45366000
2020-11-10,86.25896453857422,87.37958494012643,85.11455183603546,85.79802462985555,52722000
2020-11-11,86.86959075927734,87.4400615503718,86.60467638154313,86.73527692363946,25280000
2020-11-12,86.72734069824219,87.64078819039263,86.517195516682,86.61780988654836,24950000
2020-11-13,88.07447814941406,88.27372548837162,86.46516981063492,87.11345346442606,29998000
2020-11-16,88.29056549072266,89.1673338503027,87.612046169622,87.81079434736056,24936000
2020-11-17,87.73397827148438,88.4699894102633,87.57785355072573,88.07051159589045,22942000
2020-11-18,86.57569122314453,87.898531407156,86.54397318859226,87.49012957074888,23470000
2020-11-19,87.42518615722656,87.70620909717638,86.0911987954098,86.1593464234915,24998000
2020-11-20,86.34818267822266,87.92478200008888,86.33183208708783,87.4891242050324,46270000
2020-11-23,85.9848861694336,86.92856939858318,85.13538143903462,86.71545206984375,43232000
2020-11-24,87.67103576660156,87.80584875513378,85.62953332279173,85.76880831419807,31560000
2020-11-25,87.79741668701172,88.1498090071273,87.05942416031759,87.86977675480436,20916000
2020-11-27,88.87590026855469,89.41167329821602,87.84746925132592,87.87968642012437,17698000
2020-11-30,87.26758575439453,88.62189423457153,86.98309150662794,88.28084599709793,36476000
2020-12-01,89.1192626953125,90.44408424193811,87.69531662385147,87.94313171729829,34738000
2020-12-02,90.59871673583984,90.9803540873258,88.6916795112842,89.1192603641529,24440000
2020-12-03,90.54023742675781,91.55280954460262,90.33603651739992,90.4034430099412,24546000
2020-12-04,90.6007080078125,90.85694798854031,90.05551929490635,90.42872425827791,27564000
2020-12-07,90.17890930175781,90.81777726093168,89.49989844842118,90.15511699862365,26418000
2020-12-08,90.13282012939453,90.2988595596688,89.02533599505773,89.71401204149981,21926000
2020-12-09,88.4268569946289,90.91195025673247,87.6179942968796,89.8086785984891,30152000
2020-12-10,87.99070739746094,88.28709022602335,86.25550278018567,87.71661945480314,27256000
2020-12-11,88.30989074707031,88.44272228414569,87.23090298473718,87.38256568369583,24414000
2020-12-14,87.23387145996094,89.08405950661496,87.09286463324044,87.97434447744719,32004000
2020-12-15,87.61600494384766,87.79691266598638,86.73279319141375,87.44997308348088,29646000
2020-12-16,87.37960052490234,87.87523069513693,87.03662378158097,87.86927883747131,30270000
2020-12-17,86.63119506835938,87.81496436307795,86.17323478264711,87.65269115937011,32494000
2020-12-18,85.79407501220703,86.98854550888507,85.2592926729205,86.94245075462557,80328000
2020-12-21,86.20841979980469,86.28177814428066,84.20755961014868,84.92672095563873,36568000
2020-12-22,85.42186737060547,86.1110350479922,84.88039198608129,85.96358476206147,18734000
2020-12-23,85.86198425292969,86.6356576990246,85.49818734526555,85.65034919837969,20676000
2020-12-24,86.18264770507812,86.53702901737283,85.69990441293795,85.99183281593179,6936000
2020-12-28,88.02838134765625,88.7538878866908,86.55363646456387,86.8163198666281,27860000
2020-12-29,87.16747283935547,88.8387424962282,87.03712185285005,88.60827626492362,25988000
2020-12-30,86.21586608886719,87.48344552087735,85.52594966871933,87.33054250876953,26122000
2020-12-31,86.82846069335938,87.1778808736201,86.01265536285949,86.01265536285949,20238000
2021-01-04,85.65679931640625,87.2631355215254,84.6462085761229,87.10899222469797,38038000
2021-01-05,86.28524780273438,86.61979969013437,85.15000843709898,85.49620690782506,22906000
2021-01-06,86.00621032714844,86.63615433063427,84.20756198517479,84.38747900211352,52042000
2021-01-07,88.58149719238281,88.6384898166692,86.09343184516892,86.24261397185063,45300000
2021-01-08,89.57077026367188,89.70112123130738,87.90173941258026,88.61767901882013,41012000
2021-01-11,87.56396484375,88.93165927257988,87.25667658332978,88.52300793491975,24194000
2021-01-12,86.56428527832031,88.12502568589198,85.51157032407164,86.92956446545095,27140000
2021-01-13,86.95336151123047,87.48046016327062,86.14101988088426,86.16927418973575,21882000
2021-01-14,86.24857330322266,87.97485402671433,85.91253157193304,86.91469734544232,23590000
2021-01-15,86.05082702636719,87.0326719091332,85.3252221269473,86.14995156038873,26844000
2021-01-19,88.76042938232422,89.6731358453659,86.31201498122367,86.84680492883547,34692000
2021-01-20,93.52045440673828,94.35360856960604,90.47876787428183,90.77267770337184,49806000
2021-01-21,93.73605346679688,95.89749283092411,93.53086185572522,94.07060533540135,41278000
2021-01-22,94.22177124023438,94.71244783053908,93.265700219909,93.95561656871892,25442000
2021-01-25,94.1399917602539,95.6357986500771,92.56042022911615,95.19419654321186,38546000
2021-01-26,95.02420043945312,95.40880994433348,93.3888688975051,93.61661253896268,26262000
2021-01-27,90.7394790649414,93.67410808979464,89.6595004322882,93.30387529383421,54966000
2021-01-28,92.34134674072266,94.11173307436628,91.32679332444133,91.39122009820021,35462000
2021-01-29,90.98480987548828,92.05239308309584,89.71897007422065,91.50175174857779,32252000
2021-02-01,94.23664093017578,95.2795470733854,91.73767745120871,91.86852000625667,32044000
2021-02-02,95.53321838378906,96.93337215978379,94.88790690755727,95.28787629677852,45474000
2021-02-03,102.59892272949219,104.90012884840588,100.03700707853986,102.74414201514199,82364000
2021-02-04,102.21728515625,103.01921294304773,101.23693019522139,102.54044003926128,37046000
2021-02-05,103.98322296142578,104.20675418998236,102.06661869879306,102.5954568156275,30702000
2021-02-08,103.7309341430664,105.24939899403509,102.69456976302753,104.37525487693321,24838000
2021-02-09,103.26504516601562,104.33659891229057,103.01871992503064,103.01871992503064,17798000
2021-02-10,103.85335540771484,104.4971845872037,102.25297115951753,103.79537206045246,22710000
2021-02-11,103.87863159179688,104.18294772277908,102.95824148626085,104.05804946727642,18914000
2021-02-12,104.2860336303711,104.5194795459831,103.24620556502322,103.59908945346342,17114000
2021-02-16,105.16777038574219,106.69332155041313,104.2984361284602,104.2984361284602,22676000
2021-02-17,105.48545837402344,105.75062232200357,104.02880364752603,104.08233255129089,21418000
2021-02-18,104.93482971191406,105.70478991978372,104.26622503597517,104.59730565654404,22432000
2021-02-19,104.13883209228516,105.5954867976591,103.95396150263319,105.0374113048308,29148000
2021-02-22,102.3416748046875,103.65707302029784,102.20587112418181,102.44674360979222,27350000
2021-02-23,102.63807678222656,103.19070718809414,99.22615709086092,100.36561650803631,33348000
2021-02-24,103.84295654296875,104.12100739702447,101.01588435370296,101.1992651160688,24966000
2021-02-25,100.68032836914062,103.8285736072965,100.18122692543716,102.46905439934443,36568000
2021-02-26,100.95292663574219,102.64550029728606,99.92201499983882,101.62995610035973,41670000
2021-03-01,103.16590881347656,103.41421545773443,101.41088232225091,101.92732505130645,28090000
2021-03-02,102.88489532470703,104.29892665824069,102.65790039238483,102.90224419609625,22692000
2021-03-03,100.44986724853516,103.51325896810097,99.62166661258446,102.45716343607829,29684000
2021-03-04,101.55908966064453,103.54904466409651,100.13068151067515,100.28433322944645,42360000
2021-03-05,104.5055923461914,104.97991072082353,101.42648577387014,102.75006681946894,43904000
2021-03-08,100.32398223876953,105.51025134575659,100.19709497795097,104.1383518479457,32948000
2021-03-09,101.73800659179688,102.99393174208866,101.49663494225143,102.5954446639398,33946000
2021-03-10,101.85350036621094,102.84327095389054,100.77996512501355,102.68268422106311,25372000
2021-03-11,104.81439208984375,105.35611705729985,102.71341642240814,102.79668193443077,24782000
2021-03-12,102.19496154785156,103.59957706016833,101.4827428535581,103.33887514533228,34516000
2021-03-15,102.42147064208984,102.44971738457173,101.28251055875496,102.21379847380274,25962000
2021-03-16,103.71160125732422,105.2500392035152,102.59544268623875,103.04101522672431,29832000
2021-03-17,103.64024353027344,104.56706960943733,101.8024428265276,102.89431763889596,25980000
2021-03-18,100.92119598388672,102.8680356235685,100.78886358539103,102.1493734432136,27228000
2021-03-19,101.26717376708984,101.75784286212902,100.00232443282482,101.21017356719295,46298000
2021-03-22,101.03865814208984,102.00018179173426,100.4181297719705,101.19974398240309,39096000
2021-03-23,101.75089263916016,102.70953497146553,101.06989274095093,101.68843972946398,27340000
2021-03-24,101.35935974121094,103.0023752537959,101.18564411914957,102.36598769762611,23080000
2021-03-25,101.32466125488281,102.04381513297412,99.65785356944589,101.34696370710267,28378000
2021-03-26,100.88798522949219,101.65324127921579,99.82089364392917,101.05204321548514,29870000
2021-03-29,101.89908599853516,102.02200282592527,99.90020715173766,100.50784871516063,24596000
2021-03-30,101.87876892089844,102.63411036211758,101.30829808583088,101.98235544953243,20732000
2021-03-31,102.52754211425781,103.7515979250428,101.93848217689424,102.05619584906094,29198000
2021-04-01,105.95333099365234,106.21056920952837,103.92818695157311,103.98072513836945,33980000
2021-04-05,110.30496978759766,110.88783589409317,106.64078081042304,106.70620586897026,43298000
2021-04-06,110.26531982421875,110.90517852460327,109.77216268599882,110.15380001621386,27060000
2021-04-07,111.50093078613281,111.76460489071017,110.29407251541852,110.3337238370964,25798000
2021-04-08,112.28203582763672,113.20216875154195,111.89742636099314,112.90256420870429,27166000
2021-04-09,113.29510498046875,113.45172882910866,111.70086175667151,111.84885654634002,20888000
2021-04-12,111.75419616699219,112.77172181248811,110.94507629066592,112.32218640133256,31318000
2021-04-13,112.37275695800781,112.86540747447741,111.81863667705656,112.08529051882073,23310000
2021-04-14,111.75667572021484,112.90406083205876,111.47665101262801,112.7638026899758,20220000
2021-04-15,113.82939147949219,114.32189821600039,112.30979231964385,112.85399021816906,27472000
2021-04-16,113.88392639160156,114.31413153369884,113.22424573527981,114.1436376473766,22596000
2021-04-19,114.1138916015625,114.9093758966617,113.39249923629254,113.59744128043279,24688000
2021-04-20,113.67921447753906,114.4707358396591,112.59279258900986,114.38598048756731,21774000
2021-04-21,113.66236877441406,113.76298315107185,111.94154076185467,113.26388169380104,23930000
2021-04-22,112.40496826171875,114.18140503632418,111.83647884799558,113.65940364210554,21096000
2021-04-23,114.75325012207031,115.27465401742874,112.91495804362314,113.17565999130237,28670000
2021-04-26,115.32024383544922,116.03990429588447,114.68088428999732,114.98271983510006,20834000
2021-04-27,114.34783935546875,115.85108057350295,114.20658293110671,115.77921963848378,31972000
2021-04-28,117.95552062988281,121.54725125812809,117.70473339279063,119.30536718417467,59728000
2021-04-29,120.43267822265625,120.76127824128,119.06424254095603,119.46322875919614,39554000
2021-04-30,119.45281219482422,120.29638022814062,119.05829555078574,119.17377822445188,39142000
2021-05-03,118.71185302734375,119.92763531145077,118.18301495953615,119.08605623347472,33788000
2021-05-04,116.6837387084961,117.92330575704455,114.57482983512415,117.45146787437508,35120000
2021-05-05,116.80714416503906,118.06902119538977,116.54297848423748,117.38603984790878,21806000
2021-05-06,118.02689361572266,118.09430010868064,116.093341428123,116.50481371229871,20618000
2021-05-07,118.88632202148438,119.76458030851676,118.45561774433995,118.95124794410707,23272000
2021-05-10,116.05973052978516,117.86085183590772,115.71626222202786,117.70670855933759,26006000
2021-05-11,114.42912292480469,115.08533229576281,113.15237751786762,113.59150666681118,32110000
2021-05-12,110.9755630493164,113.2698340293174,110.52800906394731,112.09717437194975,34934000
2021-05-13,112.11006164550781,112.83521269642391,111.15597204723466,112.06643989798022,26670000
2021-05-14,114.7958755493164,115.04269991725702,113.16822777322855,113.59000801725882,26624000
2021-05-17,115.05607604980469,115.15172927582947,113.7471136831385,114.45685941020784,19842000
2021-05-18,114.1649398803711,116.13358294994576,114.15155387284486,115.82410904374173,17302000
2021-05-19,114.42662811279297,114.82560674877791,112.18687688265052,112.2304910648047,19350000
2021-05-20,116.77491760253906,116.98556192305593,115.04021212510841,115.38467870001604,23832000
2021-05-21,116.23021697998047,117.41477266693546,116.09491243748688,117.26559054155241,22832000
2021-05-24,119.28182220458984,119.86716127701555,116.97416537620035,117.31565224247997,21244000
2021-05-25,119.4007797241211,120.58137269931505,119.09943572487968,119.9425046653865,18838000
2021-05-26,120.61308288574219,121.07967220882956,119.57151539461012,119.58737440995169,21856000
2021-05-27,119.07565307617188,120.93376716169931,119.05037091467051,120.78210444355736,38962000
2021-05-28,119.5241928100586,120.34594243309745,119.33237963763563,120.039644861978,24108000
2021-06-01,120.42871856689453,120.83320289058072,119.19311439951414,120.04162849091753,19166000
2021-06-02,120.00594329833984,121.03288452088951,119.15940310622467,120.70131235784183,17158000
2021-06-03,119.17972564697266,119.43423373596274,118.10024622171554,118.70441649519012,18346000
2021-06-04,121.51661682128906,121.62064954283319,119.83196888925907,120.06739623890059,25948000
2021-06-07,122.22685241699219,122.32152249474767,120.98693758090909,121.49481176781347,23850000
2021-06-08,123.05753326416016,123.63468949007834,122.333418343053,122.91132327784437,25060000
2021-06-09,123.48129272460938,124.15535001723153,123.27957240724791,123.88275192780424,20126000
2021-06-10,124.97810363769531,125.06037842620621,123.61015954854648,123.61065868780943,31234000
2021-06-11,124.59796142578125,125.24525432465263,123.82279055486855,125.14265851362227,25240000
2021-06-14,125.24772644042969,125.30670806541305,123.95413136775662,124.57119608467758,22550000
2021-06-15,124.93151092529297,125.75326810236375,124.55037271812343,125.41624321865433,22182000
2021-06-16,124.59796142578125,125.41772963545601,123.06492317913772,125.1441408060417,26316000
2021-06-17,125.26656341552734,126.08484931551105,124.41804177591209,124.42597506527514,25756000
2021-06-18,124.47008514404297,125.28440820894977,123.51401408324529,124.6068795606078,53306000
2021-06-21,125.3498306274414,125.92649531328948,124.04061854594865,124.6410755374934,26256000
2021-06-22,125.8895492553711,126.1576853273545,124.92505348134041,125.344852246528,20984000
2021-06-23,125.35626983642578,126.67910232551053,125.14859765193465,125.44399734334849,19694000
2021-06-24,126.16960144042969,126.42088782241761,125.85041698947713,125.94309808049533,18934000
2021-06-25,125.8851089477539,126.39064627337538,125.33892202267674,125.84743905847228,33484000
2021-06-28,125.71113586425781,126.22410730755075,124.87282395421732,125.8900545923155,28110000
2021-06-29,124.9171371459961,125.89005785803987,124.34071450301751,125.66454523269739,20950000
2021-06-30,124.22078704833984,124.70055821944725,123.66716595075404,124.5553843137965,24006000
2021-07-01,125.26409149169922,125.35727172524521,123.75861171156227,123.75861171156227,17120000
2021-07-02,127.59402465820312,127.72191018017409,125.6610701602398,125.7309572157415,21160000
2021-07-06,128.63685607910156,128.74937418354727,127.28675982922613,128.31816318211662,21350000
2021-07-07,128.940673828125,129.49815192401994,128.62594381159133,129.2018749361373,16680000
2021-07-08,128.04800415039062,128.89602641526136,126.92093285821993,127.12910412835541,19780000
2021-07-09,128.44204711914062,128.71465276822116,127.81656515684645,127.81756343531504,15106000
2021-07-12,129.4229278564453,129.62713634722823,128.46736340835238,128.69881280661625,16944000
2021-07-13,129.84967041015625,130.88801630949186,129.49528149813372,129.73765144803764,16618000
2021-07-14,130.9281463623047,131.83366061386502,130.74524963572966,130.74872848514352,17912000
2021-07-15,130.1192626953125,131.43615839405658,129.45661753868265,131.34198745716597,16586000
2021-07-16,130.69322204589844,131.02776636602835,129.6781693838314,130.49051099705218,14856000
2021-07-19,128.12437438964844,130.09995269015585,127.41364537521233,130.00926058837544,25710000
2021-07-20,129.95571899414062,130.84769599617587,128.0593376507205,128.86780714023732,19084000
2021-07-21,131.4416046142578,131.4582123382449,129.4600823112968,129.64396218425753,14742000
2021-07-22,132.16326904296875,132.3377257917358,131.24287129550692,131.49068639623516,13608000
2021-07-23,136.61154174804688,137.59537559015067,133.5232760492349,134.07788033070804,26378000
2021-07-26,138.424072265625,138.49197034015555,136.44799477729384,137.04175882580606,23052000
2021-07-27,135.6009521484375,138.78736681390427,133.91929127804903,138.78736681390427,42164000
2021-07-28,135.1895751953125,138.45527713118932,135.15835630210034,137.3510146618387,54688000
2021-07-29,135.34718322753906,135.95285093603806,134.94820455923784,135.18868381647192,19284000
2021-07-30,134.03919982910156,134.5847438947588,133.63595582360026,134.32667378141056,23954000
2021-08-02,134.80099487304688,134.83171462516523,133.49252401324674,134.30040358003416,20140000
2021-08-03,135.0889434814453,135.14395467332628,133.01076978893067,134.81139182595575,19064000
2021-08-04,134.83966064453125,135.3446988338676,134.23151238221777,135.05872228263124,16528000
2021-08-05,135.74317932128906,135.75308647850733,134.41489423335804,134.83964658298203,11866000
2021-08-06,135.8383331298828,135.88200024870852,134.85747919098068,135.10381195758814,13560000
2021-08-09,136.79591369628906,137.1126251384003,135.2364210496758,135.7521226886644,12374000
2021-08-10,136.88958740234375,137.3406126959752,136.02719570102272,136.87273766972007,16034000
2021-08-11,136.48614501953125,137.63427126577432,136.14961925968484,137.0744638632989,15204000
2021-08-12,137.1800079345703,137.20826224013817,135.58359429369307,136.50942194027127,14646000
2021-08-13,137.1963653564453,137.46201328936107,136.79886904732808,137.1482816134208,12580000
2021-08-16,137.701904296875,137.7757466486566,134.97569670057925,136.7939095775384,18040000
2021-08-17,136.1005401611328,137.50614652818902,135.5920231476772,136.98324522919515,21272000
2021-08-18,135.37644958496094,137.085381666416,135.22874971794076,135.91716873970796,14934000
2021-08-19,135.7169189453125,136.250710575215,134.1730358236268,134.2835573571537,18296000
2021-08-20,137.22711181640625,137.4030659817041,135.27432762789584,135.88494136924143,15564000
2021-08-23,139.8663330078125,140.9344153589922,137.53533762124232,137.78369720782266,21090000
2021-08-24,141.15396118164062,141.75764734304622,140.11809610938514,140.30643796350978,15126000
2021-08-25,141.70066833496094,142.06050238718717,141.19463184688692,141.63425255844453,12838000
2021-08-26,140.88092041015625,141.88387289466314,140.8497015118465,141.3720886683021,14922000
2021-08-27,143.28717041015625,143.74364079129933,140.77878406407504,140.870474426595,24562000
2021-08-30,144.1981658935547,145.20925583087842,143.33627324469208,143.43985222192057,16916000
2021-08-31,144.19070434570312,144.8350174593446,143.73273654311058,144.60951240719942,26756000
2021-09-01,144.5673828125,145.53733139824254,144.3418777449803,144.37705950009808,15824000
2021-09-02,142.95858764648438,145.04618497546667,142.84708294416617,144.67396316057943,21844000
2021-09-03,143.50970458984375,144.10644825452738,142.2508148929482,142.886204036132,19104000
2021-09-07,144.24722290039062,144.54956519502716,143.27777335151706,143.48444727787225,15170000
2021-09-08,143.61727905273438,144.2789411518269,142.93975037364532,144.12281642473047,15486000
2021-09-09,143.64700317382812,144.39639272351542,143.171701585184,143.61726657367302,14798000
2021-09-10,140.68067932128906,144.7428566532026,140.50274371464997,144.1723857810503,32896000
2021-09-13,142.21116638183594,142.93081935860877,141.03900582596071,141.949481265479,20176000
2021-09-14,142.15269470214844,143.46263285712948,141.65656536294708,142.90108601870415,18916000
2021-09-15,143.9369354248047,144.309157172922,141.0127205934312,142.50259073895944,20648000
2021-09-16,143.1116943359375,143.93096318359935,142.16290644198136,143.85265883901621,20292000
2021-09-17,140.2271728515625,142.98881997267335,139.8286781666642,142.54175751911154,60040000
2021-09-20,137.80201721191406,138.14450232935937,135.8551777064714,137.7853641131945,34918000
2021-09-21,138.426025390625,139.58094281514855,137.6915042008074,138.89241806160283,18130000
2021-09-22,139.70675659179688,140.3461086397524,138.25282435593874,138.82651689975006,22068000
2021-09-23,140.5869903564453,141.00921679756655,139.86335942697647,140.37187645905587,17272000
2021-09-24,141.3864288330078,141.65457249372565,139.61950610299098,139.71417618266344,14950000
2021-09-27,140.26434326171875,141.25460537170252,139.27208459455582,140.34809278521013,18844000
2021-09-28,134.99380493164062,138.3863940780007,134.51402621091523,137.8729158935371,42190000
2021-09-29,133.34530639648438,136.19765997583596,133.0766787606307,135.91138096323448,26338000
2021-09-30,132.10081481933594,134.40499306888503,131.83763228088753,133.1510492766443,35294000
2021-10-01,135.26986694335938,135.87305410284495,132.2118370647147,132.38729209242433,28388000
2021-10-04,132.595947265625,134.514033726277,130.0201615843272,134.5135345869747,31530000
2021-10-05,134.98687744140625,136.1615186650787,132.82890148642568,132.82890148642568,24126000
2021-10-06,136.15357971191406,136.64722846150278,133.31113275703282,133.44892544964407,19764000
2021-10-07,137.96910095214844,138.9295812725158,137.35204365935454,137.64942485931581,18250000
2021-10-08,138.83197021484375,139.09069075950904,138.21079890070666,138.6832872008677,18924000
2021-10-11,137.63400268554688,139.53340882447557,137.5933606547984,138.57817741030019,16584000
2021-10-12,135.5181884765625,138.47413696410334,135.05923742550328,138.41712920246334,22536000
2021-10-13,136.69480895996094,137.3391373227963,135.77938744359855,136.54612594377107,16380000
2021-10-14,140.17611694335938,140.41352574304273,138.12123608901558,138.72887011741,21426000
2021-10-15,140.4368133544922,140.9572189889702,139.83164479565173,140.9572189889702,21250000
2021-10-18,141.71107482910156,141.74899428980692,139.9793488715365,139.9793488715365,16564000
2021-10-19,142.56504821777344,142.84754591424652,141.84538015554773,142.03918231782805,15316000
2021-10-20,141.17031860351562,142.98706433732832,140.6717239054888,142.96203174949812,17940000
2021-10-21,141.53265380859375,141.60105101625186,140.3991387402378,140.94929611178756,14850000
2021-10-22,137.41346740722656,140.321331851396,135.97168090763168,139.12438073155542,30182000
2021-10-25,137.56016540527344,137.98918316834994,135.5533684178351,137.59734371798118,21082000
2021-10-26,138.45132446289062,139.60861678470926,137.7906455113786,139.37716739560585,28258000
2021-10-27,145.1477813720703,147.81475816635793,138.67979846728335,138.67979846728335,51850000
2021-10-28,144.8518829345703,146.13606242469905,143.49832308448276,146.0116557404477,32418000
2021-10-29,146.9746551513672,147.3141757246461,143.8977943869837,144.24820527134028,28954000
2021-11-01,142.5174560546875,147.10253394069878,142.3246521811485,146.8700711861353,32272000
2021-11-02,144.58819580078125,145.6364486418198,143.3768756926407,143.54379994454104,21150000
2021-11-03,145.50709533691406,145.62655599955562,143.78577578885168,144.996596878467,17886000
2021-11-04,147.38356018066406,148.63948534062936,145.35345488499934,145.9135193986106,24700000
2021-11-05,147.9366912841797,149.25482742955379,147.35283442912345,148.04821110471102,20408000
2021-11-08,148.04623413085938,149.71452410990813,147.81675104825396,148.68906507013762,18388000
2021-11-09,147.9441375732422,149.06425157905812,146.21785667934202,148.43728721939198,16876000
2021-11-10,145.3445587158203,147.40042280277424,144.05491885409214,146.7162086795891,22708000
2021-11-11,145.46546936035156,147.2043797765205,145.41243959573342,145.82132539919093,12464000
2021-11-12,148.337646484375,148.5497806809216,145.17404118802602,146.53950476930524,17048000
2021-11-15,148.08238220214844,149.16186905865743,147.35330619635536,148.6890329726631,16248000
2021-11-16,147.77313232421875,148.52302102300263,147.05347936525635,147.86680412847807,17254000
2021-11-17,147.75921630859375,148.31829755798938,147.26458451415783,147.9247641341121,15290000
2021-11-18,149.39186096191406,150.28498753659937,147.69631503494537,147.8425174714531,26658000
2021-11-19,148.6419677734375,150.52289095218111,148.57753343029532,149.6803136002846,19766000
2021-11-22,145.79310607910156,149.4270672411088,145.72073087708617,148.82958234455467,24608000
2021-11-23,145.47438049316406,146.40318781426174,143.62319415900308,145.82727191610493,18126000
2021-11-24,145.43524169921875,145.7152739629577,143.93001912396514,145.07096077451914,16464000
2021-11-26,141.55792236328125,144.02714918182764,141.24022778382184,143.7481152072577,16992000
2021-11-29,144.8370361328125,145.57850008100846,143.0373967533567,143.0373967533567,26276000
2021-11-30,141.20701599121094,145.34701329125937,140.82438792109565,144.17907275720032,41590000
2021-12-01,140.3803253173828,145.21881579064393,140.26336032984102,142.9521483778628,28476000
2021-12-02,142.51995849609375,143.41060453293966,139.74987144640286,140.58452312776336,21250000
2021-12-03,141.27488708496094,143.94385992163345,139.91636635870955,143.23263196267476,26688000
2021-12-06,142.53976440429688,143.08992177110022,139.41779944965904,142.3192204688129,22198000
2021-12-07,146.74269104003906,147.00389209836382,144.42909007400672,144.6744245557965,23258000
2021-12-08,147.4207305908203,147.85290954970407,145.91351157654643,147.03512283602444,18964000
2021-12-09,146.81161499023438,148.29750730560878,146.23966185587122,146.88099535272772,18580000
2021-12-10,147.37564086914062,148.09429557351376,146.0696504708413,147.79692955815005,21634000
2021-12-13,145.42234802246094,147.26411139234938,145.0808611410493,147.14664728635466,24104000
2021-12-14,143.70352172851562,144.1708976228927,140.99935135555714,143.5047735326543,24778000
2021-12-15,146.08053588867188,146.2279785906308,141.4582949097591,143.10427456841487,27280000
2021-12-16,143.57264709472656,147.2531938210688,142.833164778369,146.78283829658994,27400000
2021-12-17,141.554931640625,143.19755345766845,140.54880308953923,141.46720414026723,43404000
2021-12-20,141.15695190429688,141.36412493491144,139.02425098514053,139.45009237405213,20264000
2021-12-21,142.96006774902344,143.42748899134267,140.49628603975955,141.89891277709864,19548000
2021-12-22,145.66470336914062,146.01559823422593,142.70479272456944,142.8406039661575,18438000
2021-12-23,145.85650634765625,147.2741070568472,145.66653094239354,145.8039606026019,13818000
2021-12-27,146.7699737548828,147.12930867126624,145.96309239573011,146.1747274569768,13256000
2021-12-28,145.1680908203125,147.07775227233543,144.6600729264541,147.07775227233543,18624000
2021-12-29,145.22409057617188,145.89739914887926,144.23283031286846,145.14974908151038,17022000
2021-12-30,144.7264862060547,145.77721971730963,144.4846154226943,145.1700697507742,12978000
2021-12-31,143.4150848388672,145.08585558188312,143.41310340680215,144.2720315188385,17298000
2022-01-03,143.8065948486328,144.27794871002374,142.24834251386997,143.21283085983964,25214000
2022-01-04,143.1543426513672,145.32866878647042,142.55923255428652,144.27843445959797,22928000
2022-01-05,136.45046997070312,143.0369005747011,136.32160127562614,142.92091874913177,49642000
2022-01-06,136.34886169433594,138.46521244496438,135.56825316168025,136.29583192209677,29050000
2022-01-07,135.80714416503906,137.04646173915694,134.6022672045253,136.69977166255623,19408000
2022-01-10,137.36293029785156,137.42834780020613,131.97691447971562,133.9182941935222,34096000
2022-01-11,138.7937774658203,139.10304714045134,135.61778497450115,136.9728269044259,23502000
2022-01-12,140.4100341796875,141.56610118620915,139.87872313538554,140.31736065879366,23642000
2022-01-13,137.91505432128906,141.93412416959123,137.69995552290015,140.60087765508536,26566000
2022-01-14,138.5648193359375,139.96646297738798,136.29830342554695,136.29830342554695,23826000
2022-01-18,135.099365234375,136.190740819829,134.4317588926001,135.40616950816542,27382000
2022-01-19,134.4664306640625,137.18993095430727,134.31576624261018,135.7417011555704,20796000
2022-01-20,132.3397216796875,136.70672216081743,131.9808858586493,135.32094492731133,21930000
2022-01-21,128.95504760742188,133.58274972471543,128.86485464530188,131.84952625845187,41920000
2022-01-24,129.2325897216797,129.63554637527668,123.5526267178376,124.9260613868278,55148000
2022-01-25,125.62786865234375,128.2081236781422,125.27349490351581,127.31301573149965,36008000
2022-01-26,128.11050415039062,131.6468154693274,126.04223719431836,129.45117723443548,39630000
2022-01-27,127.9925308227539,131.45099126137504,127.81807408194668,130.2129443436922,30248000
2022-01-28,132.12461853027344,132.20490433686336,127.56977542083807,128.86386222460897,30518000
2022-01-31,134.51255798339844,134.6562949840222,131.11798705043088,133.0251681664628,34056000
2022-02-01,136.67349243164062,136.99218531478255,133.3921808953898,136.63038494626073,51204000
2022-02-02,146.74269104003906,150.77068391966336,144.28535310850435,150.53623974779276,89750000
2022-02-03,141.40377807617188,147.8144656178996,140.9621759586774,144.02516672471867,56930000
2022-02-04,141.76609802246094,143.2720617327576,138.59555018877185,141.76708117558874,49224000
2022-02-07,137.72372436523438,142.58931855501405,137.48681473123284,142.45302329152761,44610000
2022-02-08,137.99632263183594,138.61496794140365,135.67677707540824,137.7765198485632,34256000
2022-02-09,140.21676635742188,140.93295565764288,139.15016612756583,139.61878232396384,28628000
2022-02-10,137.39117431640625,140.19496100323755,136.84351258031884,138.28083725429084,33018000
2022-02-11,132.95774841308594,138.06595460698603,132.12359597636294,137.53736614289497,38808000
2022-02-14,134.1175079345703,134.97643574393047,132.13696896816202,132.19990588356075,26792000
2022-02-15,135.23316955566406,136.69477007791176,134.35491148044764,136.27001776122827,26578000
2022-02-16,136.28590393066406,136.74039290746853,133.64533628581003,135.23813501422367,25610000
2022-02-17,131.15219116210938,135.64358314019836,131.046615627387,134.96011011906668,30968000
2022-02-18,129.32723999023438,132.65441117090063,129.16819608935288,131.87478598525763,31858000
2022-02-22,128.27157592773438,130.74800273735107,126.62459766865797,128.8489893712749,38906000
2022-02-23,126.46995544433594,130.5975575810972,126.38917050595404,129.93293092364752,26432000
2022-02-24,131.51397705078125,131.8743102436429,123.67410962475509,123.90754799658191,43166000
2022-02-25,133.3438262939453,134.20573380818203,130.61339876055874,132.35851039474687,26236000
2022-02-28,133.71214294433594,134.4550892712511,131.6644461939115,132.11967646328108,29676000
2022-03-01,132.99542236328125,134.9214345115887,132.2128173296256,133.30469209373015,24640000
2022-03-02,133.57382202148438,134.4302694393548,132.26634930376272,133.43182445231696,23966000
2022-03-03,133.13421630859375,135.51899829219852,132.26488192341685,134.7901186978133,19780000
2022-03-04,130.96730041503906,133.02615927362388,129.26877475452406,132.21679733647423,24446000
2022-03-07,125.35923767089844,130.75120450505716,125.30521719155452,130.75120450505716,39178000
2022-03-08,126.16613006591797,130.0994533159502,124.76076566466169,125.14711457764885,35250000
2022-03-09,132.696044921875,133.0256431974666,128.95106373491254,130.25159370279795,32258000
2022-03-10,131.52239990234375,132.37140547732028,130.2525897077912,130.3135451952608,24266000
2022-03-11,129.335205078125,133.0271573878875,129.15776859984936,132.82840917166197,26600000
2022-03-14,125.63333892822266,129.88089361689853,125.30821015693539,129.43184972575963,30254000
2022-03-15,128.52731323242188,129.37656085279806,125.46183440282367,126.62507842505924,30292000
2022-03-16,132.52210998535156,132.6018966496122,128.07184429712046,129.85511783828895,32058000
2022-03-17,133.42413330078125,133.56192599177672,131.55907670847736,132.1558204008862,23994000
2022-03-18,135.60589599609375,135.71691666702154,131.7702225681311,132.7138982710172,45900000
2022-03-21,135.2857208251953,136.38007608151847,133.43503346696508,135.65149914733792,26632000
2022-03-22,139.05149841308594,140.26331763191723,135.3070166555244,135.3070166555244,29776000
2022-03-23,137.29302978515625,138.80123212800623,136.95898458802205,137.92248982246377,25302000
2022-03-24,140.0769805908203,140.16074523739468,136.83298365244158,138.05531524933818,20544000
2022-03-25,140.28463745117188,140.71881295083594,138.47855510006968,140.51510364480998,19270000
2022-03-28,140.7094268798828,140.73569976062188,138.60612925355323,139.4549837958434,23774000
2022-03-29,141.998046875,142.90257800561594,141.23873502442558,141.90933621179371,28678000
2022-03-30,141.3978271484375,142.22651928702973,140.92549017494042,141.62135077448912,21046000
2022-03-31,138.42901611328125,141.3978359849294,138.39878037391185,141.20354980573987,29516000
2022-04-01,139.47032165527344,139.71813673110918,137.58395341901516,138.78634962589769,23480000
2022-04-04,142.38711547851562,142.78485385057047,139.59373548576164,139.59373548576164,19076000
2022-04-05,139.8301544189453,142.33506204370642,139.71169203757032,142.1462361538845,19256000
2022-04-06,135.9771270751953,138.6262710120673,135.22586195086694,137.94527864876952,23574000
2022-04-07,135.2723388671875,136.49804341172066,133.6786476764237,135.42400157842738,19448000
2022-04-08,132.8392791748047,135.0592084303443,132.58353838762585,135.0592084303443,16434000
2022-04-11,128.66212463378906,131.77735889950998,128.48468817442233,131.73850166107223,24188000
2022-04-12,127.2525405883789,131.26614950943943,126.46101918631918,131.26614950943943,23004000
2022-04-13,129.14735412597656,129.51387364429752,127.31610269800372,127.50235729310955,19542000
2022-04-14,126.14086151123047,129.56789910380118,126.00060336392832,129.50768475198302,23484000
2022-04-18,126.84266662597656,127.58711018129883,125.47220409203968,126.29648724480126,14918000
2022-04-19,129.3901824951172,129.75966648221993,126.33759104059385,126.95762020144655,22720000
2022-04-20,127.12467193603516,130.77052116154962,126.7762954262851,130.13661431150624,22610000
2022-04-21,123.8455810546875,129.16864391050677,123.56059523713984,128.21952308408018,30158000
2022-04-22,118.56861877441406,124.35560195570865,118.0992614566477,123.9075488106107,46410000
2022-04-25,122.17284393310547,122.20059910321865,117.73125288061445,118.3857303796866,34522000
2022-04-26,118.46155548095703,121.6772073061034,118.12041647623758,121.6772073061034,49394000
2022-04-27,114.0152587890625,116.47308859192913,112.13558350881496,113.37341863392227,62238000
2022-04-28,118.36788940429688,119.38591425102099,114.1375855484594,116.09145876313171,36790000
2022-04-29,113.96173095703125,117.92032887391979,113.69161342251412,116.55041089872682,33694000
2022-05-02,116.1330795288086,116.31398725436168,112.40841929060487,112.91099200888189,30280000
2022-05-03,117.09709930419922,118.25737132172826,115.60772810067884,115.74452252287324,21216000
2022-05-04,121.50373077392578,122.06676742255586,114.72698509771935,116.97218911888818,33232000
2022-05-05,115.72618103027344,120.173723977847,114.17585435453648,119.1698187102124,43090000
2022-05-06,114.649169921875,116.47159538863771,113.14542217818914,114.5093958063995,35310000
2022-05-09,112.09567260742188,114.55290473626259,111.56782531963322,112.31325193101749,34520000
2022-05-10,113.58307647705078,115.6711651660785,112.39237215455056,115.02634527678873,31158000
2022-05-11,112.96502685546875,115.65134167624763,112.6567478305693,112.71672017478961,36502000
2022-05-12,112.17201232910156,113.85268984811408,109.15114589425238,110.95970137939482,41464000
2022-05-13,115.49720764160156,117.05298707630313,113.00368912356797,113.84179697431954,29738000
2022-05-16,113.78926086425781,115.58839331708974,113.33575500382982,114.37559071539216,23282000
2022-05-17,115.68157196044922,116.20297588287787,114.32949438938233,116.20297588287787,21576000
2022-05-18,111.41865539550781,114.68450854368932,111.16191630318002,114.23036743097917,27982000
2022-05-19,109.77763366699219,112.59479873083923,109.50256252013523,110.86356421733835,29192000
2022-05-20,108.35762786865234,111.56633659627737,105.44332051122856,111.10589581786691,37586000
2022-05-23,110.69056701660156,111.02660874276785,108.20027805318017,109.14172276402795,31558000
2022-05-24,105.00023651123047,105.465131763809,101.31472857496544,105.44779045696747,60386000
2022-05-25,104.91449737548828,105.61353434884555,103.30047763362441,104.22309118266283,37900000
2022-05-26,107.34952545166016,108.0030197479858,104.56606779904295,105.12365173006363,30288000
2022-05-27,111.81317901611328,111.88156865908103,108.59257361671678,108.82898412641175,29924000
2022-05-31,113.0423355102539,115.41590903945942,111.58865293673742,112.09072652383227,51302000
2022-06-01,113.13948059082031,116.37297279514891,112.55810435393131,113.92703915653709,28630000
2022-06-02,116.71693420410156,116.86760618900814,112.31771760639072,113.19003148618118,27472000
2022-06-03,113.56275939941406,115.34752272060099,112.67458639064898,114.97877221835411,25052000
2022-06-06,115.98786926269531,118.35499950363368,115.50988289650353,115.72221372284406,23786000
2022-06-07,116.20494842529297,116.71956098898987,114.11934045783696,114.63727305379825,26414000
2022-06-08,116.21337890625,117.60907818643314,115.67685712876947,115.85504228585641,22544000
2022-06-09,113.91365051269531,117.31565507826107,113.86309375678752,115.32470961127908,23142000
2022-06-10,110.45365905761719,112.50507607566507,109.89211225490057,111.79557985607693,31324000
2022-06-13,105.94244384765625,108.2639709577647,105.65651265900922,106.50696282714625,36756000
2022-06-14,106.25716400146484,107.50961790532273,105.42251992903239,105.95582000293143,25480000
2022-06-15,109.42573547363281,111.08361911860895,107.17383823992468,107.947761297908,33192000
2022-06-16,105.70403289794922,108.33532859473377,104.86790660547429,107.20430176364356,35314000
2022-06-17,106.92279815673828,108.2946976251783,104.70539454188324,105.60392845667421,43516000
2022-06-21,111.03602600097656,111.68827245888832,108.33831438297412,108.7432448960006,39010000
2022-06-22,111.05484771728516,112.77518399925673,109.7565941527568,110.19146542219151,23922000
2022-06-23,111.69967651367188,112.20720283218014,110.05864273499675,111.96285147318207,24710000
2022-06-24,117.50202941894531,117.60065480888689,112.61015411373832,112.61015411373832,39122000
2022-06-27,115.60325622558594,118.20779518098458,114.98694023209232,117.89554575477695,32840000
2022-06-28,111.58767700195312,116.82648448152055,111.46128887610263,115.33414110634381,28232000
2022-06-29,111.27543640136719,112.67112836487789,110.57907649361294,111.16837857154717,18628000
2022-06-30,108.4166030883789,110.3568025215912,106.37212893938191,109.53375223736955,38046000
2022-07-01,108.1276626586914,108.84667272599702,106.16893442447116,107.39016175156205,31028000
2022-07-05,112.89167785644531,113.05582662718372,105.32092176882958,106.57487317310614,36398000
2022-07-06,114.20657348632812,115.33511980725181,111.26947165706461,113.094876897038,28852000
2022-07-07,118.26331329345703,118.81445383502945,114.52427591056598,114.99413993586035,32184000
2022-07-08,119.11827087402344,119.38243655131538,116.48696745959862,116.52265591740397,29082000
2022-07-11,115.504150390625,117.75629738661051,115.21866537084146,117.61305951872792,26718000
2022-07-12,113.84575653076172,116.81953753955206,113.61330132327477,115.81737176654475,24970000
2022-07-13,111.20653533935547,114.15058015854204,110.84571809969653,111.6545885224113,38958000
2022-07-14,110.46605682373047,111.00877247528408,108.37003485863218,109.8574169736513,32366000
2022-07-15,111.78144836425781,113.00417314535842,110.84520682412304,111.97573453570028,34330000
2022-07-18,108.94942474365234,113.79668707417552,108.34475534708503,112.44857244209587,33354000
2022-07-19,113.61827087402344,113.80660520920517,109.53427526378222,110.75352889521878,30992300
2022-07-20,113.69755554199219,115.31331470178468,112.27014582555807,113.06314954297346,26780100
2022-07-21,114.03459167480469,114.2031041194054,110.93194949907256,114.0841501547198,27267800
2022-07-22,107.41297149658203,112.19084605285283,106.65961151747119,110.83281665879618,44455300
2022-07-25,107.26426696777344,109.61355640012323,106.074757734747,107.92840949683462,28289900
2022-07-26,104.51847839355469,106.79837232651565,103.8444211519151,106.49108408315715,36626600
2022-07-27,112.60716247558594,113.40017369777165,107.47243409685805,108.64212149008844,41474600
2022-07-28,113.58851623535156,113.69755547537365,110.87345579677698,111.81416692091813,23303800
2022-07-29,115.62059783935547,115.87832762834537,112.24040423514228,112.40891666679441,31336200
2022-08-01,114.47074127197266,116.09640753765837,113.6876447377057,114.52029974869387,22856200
2022-08-02,114.88707733154297,116.05676485981884,113.26141094481602,113.42992339110344,17911000
2022-08-03,117.74190521240234,118.37631124242762,115.13489316910209,115.32322749623319,25302800
2022-08-04,117.83111572265625,118.4556069951155,116.6812501334368,117.26609764870283,15757700
2022-08-05,117.18679809570312,117.82120410552957,115.68999287124562,115.90807135513276,15615700
2022-08-08,117.10749816894531,119.80372755457819,116.80020987782504,118.07893664804281,17061100
2022-08-09,116.47308349609375,117.16696267055863,115.54129640805596,116.95879891821917,15424300
2022-08-10,119.5955581665039,120.71567959659068,118.31683145637865,118.54481709303896,20497000
2022-08-11,118.77283477783203,121.27080795167562,118.50519776598783,121.01308566255678,16671600
2022-08-12,121.57809448242188,121.57809448242188,119.34775849235072,120.1011185443355,16121100
2022-08-15,121.80606842041016,122.18275219149204,120.50751978906892,121.14192580458801,15525000
2022-08-16,121.43930053710938,122.15102016338842,120.47282326458145,121.25095866148799,15626200
2022-08-17,119.2684326171875,121.0824406842592,119.14947866496927,119.87310197287806,17589200
2022-08-18,119.80372619628906,120.62647409971393,118.50517756121542,119.17923489998142,15652000
2022-08-19,117.08769226074219,118.95125926667517,116.64162050086172,118.82239812504787,20187000
2022-08-22,114.06432342529297,115.48182596931335,113.66781778924998,115.08532033327036,19316000
2022-08-23,113.7669448852539,114.91681049956001,113.30105888226727,113.32088076129634,14390700
2022-08-24,113.69755554199219,114.70567315488582,112.78559786374227,113.44974046229062,16051200
2022-08-25,116.67134857177734,116.75065122054008,114.04451450528394,114.14363903487894,14874700
2022-08-26,110.32727813720703,115.58095336682116,110.24797549547978,114.79785679587586,31698700
2022-08-29,109.37567138671875,110.98151599371998,108.85030457283722,109.81182839268085,20386100
2022-08-30,108.94942474365234,110.39666389459045,107.84912519007679,110.05963145521252,20548200
2022-08-31,108.19605255126953,110.79314944014202,108.09692804362133,110.65437361689152,25898000
2022-09-01,109.58383178710938,110.24797438879705,107.24445681865134,108.24562430022252,22784400
2022-09-02,107.73016357421875,110.69899072630288,107.18496741516641,110.36691188951569,20618100
2022-09-06,106.5406723022461,107.92843082747751,105.57914849353807,107.18994666141867,20565100
2022-09-07,109.51445007324219,110.01998742171664,106.67448364033939,106.8182206305124,22987200
2022-09-08,108.46369934082031,109.61356490969939,107.11558473861801,108.22579898828928,21660700
2022-09-09,110.8030776977539,111.02115617885408,109.03863553280313,109.08820157404084,21732900
2022-09-12,110.89230346679688,111.65557064579893,109.96051627243985,111.01124987443963,19732900
2022-09-13,104.38961791992188,108.41413980912984,104.08232965244561,107.93833154598086,33015000
2022-09-14,104.94474029541016,105.17272595017033,103.58671083745124,104.51849802486223,22115800
2022-09-15,102.99195098876953,105.28175995744031,102.40710345470403,104.09225057279176,26494900
2022-09-16,102.72430419921875,103.12080983960833,100.96482318207336,102.07007632088461,64540100
2022-09-19,102.94239807128906,103.11091053576753,101.47533681402675,101.64384927850521,19738600
2022-09-20,100.94004821777344,102.26833352196824,100.23625424220083,101.9808670988104,24001700
2022-09-21,99.13594818115234,102.58552991044783,99.11611873933923,101.34645449219477,26596800
2022-09-22,99.69105529785156,100.79135491565997,98.54119719907884,98.5808409587637,21272700
2022-09-23,98.30327606201172,99.23506310650781,97.15341811767111,99.18549706948401,25657000
2022-09-26,97.9464340209961,99.56219325237977,97.52019176251478,97.74818497353722,22437900
2022-09-27,97.23271942138672,99.58200906038847,96.48927419467026,99.03682043175928,24225000
2022-09-28,99.85956573486328,100.51380119723433,96.94526544286548,97.16333636760619,24617000
2022-09-29,97.23271942138672,98.43215104234596,95.67644104930223,98.43215104234596,21921500
2022-09-30,95.30967712402344,98.62445324409393,95.19072316823332,96.87587017637254,26277800
2022-10-03,98.43215942382812,99.0963020678613,96.17207938948326,96.37033600445206,24840000
2022-10-04,101.51497650146484,101.82226479119078,100.1569470936632,100.1569470936632,22580900
2022-10-05,101.32664489746094,101.84209700635007,98.86831564201552,99.81001761168504,18475500
2022-10-06,101.34646606445312,102.82344957681597,100.61293545064956,100.61293545064956,17156200
2022-10-07,98.69979095458984,100.53362105624399,98.34293663005306,99.77035392820018,24249900
2022-10-10,97.84729766845703,99.11610956932579,97.01464269453021,98.97733374033798,16529900
2022-10-11,97.19307708740234,99.2449856406713,96.40006580887531,97.39132612567609,21617700
2022-10-12,97.44088745117188,98.77710587004395,96.81638864167031,97.41114329042577,17343400
2022-10-13,98.83856201171875,99.65139514210331,94.43736393061825,95.09159934817245,32812200
2022-10-14,96.33069610595703,100.40477738346026,96.18200551777537,99.74558824060495,22624800
2022-10-17,99.89920806884766,100.88055361139934,98.64031086276343,98.65021802023557,23311600
2022-10-18,100.50387573242188,103.30914404352797,99.77034526797507,103.03159238469487,21610500
2022-10-19,99.41350555419922,100.77053673430952,98.76423120791151,99.81991838203265,21573700
2022-10-20,99.65139770507812,102.09981187960416,99.09629435182123,99.93886410236215,25125100
2022-10-21,100.5931167602539,100.73189262232927,97.37152020274367,97.59950587784579,28988700
2022-10-24,102.07008361816406,102.198944746349,99.42342019062397,101.19776963439958,24680800
2022-10-25,104.01294708251953,104.18145952413974,102.11963621568823,102.39719546171206,29910200
2022-10-26,93.9913101196289,97.678799989971,93.74349502148996,95.9143577012564,71504300
2022-10-27,91.79071807861328,94.33825718592395,91.09683877417739,93.4857725760643,54036500
2022-10-28,95.73592376708984,96.01347544736973,91.5161248228803,91.72131643566924,35696900
2022-10-31,93.83269500732422,95.50791961776791,93.55513579614332,94.94290160118699,29868700
2022-11-01,89.70906066894531,95.32455139624557,89.63967274773212,94.7545721637579,43220600
2022-11-02,86.30904388427734,90.5020787601684,86.24957067954819,90.11548780399536,43553600
2022-11-03,82.76031494140625,85.7935764045754,82.72066362446179,85.59036624125339,48510400
2022-11-04,85.9422607421875,85.97200490240049,83.14690713669484,84.76266618606756,40173300
2022-11-07,87.87523651123047,88.16270293651868,86.20000400489174,86.5766802366228,26899900
2022-11-08,88.13296508789062,89.61489453387718,86.88397487633817,88.38078018590487,30172000
2022-11-09,86.63616180419922,88.70789244193911,86.59651048006376,87.77115165204944,26743900
2022-11-10,93.34697723388672,93.72366097429654,90.84900469652115,91.53296913594703,42371200
2022-11-11,95.88461303710938,96.50910430933152,93.33707434495811,93.88226297739193,30569100
2022-11-14,95.19074249267578,96.33069355492367,94.28175681585145,94.6653756493685,24170100
2022-11-15,97.85721588134766,99.54235532932894,96.17206887065062,97.8076498423476,31831000
2022-11-16,98.12487030029297,98.97735489641403,97.04638146657427,97.16334644912966,24660200
2022-11-17,97.63915252685547,98.61059107756074,96.25138640986947,96.33068905946111,21818700
2022-11-18,96.94525146484375,98.29336595409482,95.89451050066221,98.14467541020245,24969900
2022-11-21,94.99248504638672,97.8572269702075,94.83387975378652,96.70736128700588,18696900
2022-11-22,96.4793701171875,96.69545960633542,93.58489175714192,95.31959734153253,18868900
2022-11-23,97.95634460449219,98.20316896890091,96.48927600203007,96.48927600203007,17568900
2022-11-25,96.74700927734375,98.07530208760429,96.67762135490064,97.60444736811567,8567800
2022-11-28,95.40880584716797,96.97499896859412,95.05195152677426,96.3505001265471,19974500
2022-11-29,94.60588836669922,95.5475826556247,93.56506199454695,95.16099173173183,20220000
2022-11-30,100.56336212158203,100.56336212158203,93.84261798223852,94.28868968907493,39888100
2022-12-01,100.39484405517578,101.69339265502592,99.79017465462356,100.51379801621945,21771500
2022-12-02,99.94876861572266,100.265971579863,98.30327303987787,98.5015296191626,18821500
2022-12-05,98.99717712402344,100.86074392056751,98.48667863204723,98.94265750047664,19955500
2022-12-06,96.45954132080078,99.33419782099712,95.914352671117,98.79891632956335,20877600
2022-12-07,94.31842803955078,96.45954655883867,94.19452049025098,95.92426503833754,26647900
2022-12-08,93.12892150878906,95.03214742787577,92.98023848307075,94.8537202342963,25593200
2022-12-09,92.25659942626953,93.66418729226271,92.20703338424484,93.07934732249565,21885300
2022-12-12,92.7423095703125,93.0545589792333,91.09682143469006,92.27641602770551,27380900
2022-12-13,95.01229858398438,98.92778132068837,94.54640503127514,97.21289766792911,34788500
2022-12-14,94.47702026367188,96.37033113672965,93.11899844263381,94.70501346869078,26452900
2022-12-15,90.40293884277344,93.20820738464596,89.63967171819472,92.72249194173223,28298800
2022-12-16,90.06591796875,90.94813909445821,89.22334816543183,90.40294286499068,48485500
2022-12-19,88.37086486816406,90.40294412053998,88.14783279399941,90.08574109973067,23020500
2022-12-20,88.84667205810547,88.99536263923198,87.2705715612289,87.9545436967806,21976800
2022-12-21,89.46125793457031,90.12044705845638,88.13297252719732,88.94580581478667,20336400
2022-12-22,87.48863220214844,88.40058982147039,86.18016896838178,88.15277475778188,23656100
2022-12-23,89.02508544921875,89.31255184479825,86.85423052690912,86.85423052690912,17815000
2022-12-27,87.16152954101562,88.71780810697568,86.76998500042941,88.52946620600879,15470900
2022-12-28,85.70437622070312,87.74637029478305,85.61516641174248,86.73528797964435,17879600
2022-12-29,88.172607421875,88.58398138544919,86.22973799240216,86.26938931496893,18280700
2022-12-30,87.95454406738281,88.05366860097912,86.26939674537702,86.60146809241908,19190300
2023-01-03,88.91604614257812,90.74988375306502,88.24198883411617,89.04491482208975,20738500
2023-01-04,87.9347152709961,90.44260304677648,87.03267217709055,90.21461737409673,27046500
2023-01-05,86.01165008544922,87.43906729075256,85.80348633679509,87.30029145831648,23136100
2023-01-06,87.3895263671875,87.69681469176972,84.82215782603275,86.59651496880586,26612600
2023-01-09,88.02391815185547,90.03617536194864,87.80583967461496,88.4154626449257,22996700
2023-01-10,88.46006774902344,88.6930145263698,85.94226565972788,85.9620951010045,22855600
2023-01-11,91.45369720458984,91.64203155973657,88.95571647240197,89.27291953460006,25998800
2023-01-12,91.10674285888672,91.81053680341643,89.77845005056355,91.59245831528006,22754200
2023-01-13,91.98896789550781,92.16739506953238,90.13530822995904,90.72808152403863,18630700
2023-01-17,91.35455322265625,92.15747164861544,90.04608236151395,91.969129770836,22935800
2023-01-18,90.97787475585938,92.77007215816556,90.60119854111935,92.1277404051443,19641600
2023-01-19,93.08926391601562,93.5749793742201,90.58136885581224,90.59128357695987,28707700
2023-01-20,98.4123306274414,98.55110647747289,95.07178794247635,95.11143170301396,53704800
2023-01-23,100.3254623413086,100.51380423393276,97.88696270943991,98.26363893197171,31791800
2023-01-24,98.34292602539062,100.20649252601523,97.8373811930255,98.67995843453916,27391400
2023-01-25,95.88461303710938,96.86595862566303,94.42944060412903,96.35049902975486,31000900
2023-01-26,98.29338073730469,98.34293921757886,95.97382756678526,97.42106678205593,24542100
2023-01-27,99.82982635498047,100.69222555971872,98.10503550822004,98.1843381492177,29020400
2023-01-30,97.09394836425781,98.54019685348891,96.66770611078012,97.88200609103939,24365100
2023-01-31,98.99717712402344,99.0368284468499,96.9353537133471,97.00474163761426,22306800
2023-02-01,100.54354095458984,101.29690096326338,97.55984508406891,98.86830848717739,26392600
2023-02-02,107.84912872314453,107.86895060247916,105.6088782225177,105.85669330914007,46622600
2023-02-03,104.30042266845703,107.07594730858385,102.39720447590433,102.60536825671008,36823400
2023-02-06,102.56571960449219,103.78496571850744,101.31672932440107,101.78757652392267,25573000
2023-02-07,107.09577941894531,107.72027077691322,102.64303314248251,102.72431722501886,33738800
2023-02-08,99.12603759765625,102.6747515587043,97.59454213182441,101.79253042910247,73546000
2023-02-09,94.62571716308594,99.73070975109178,93.03970203082538,99.66132182539029,97798600
2023-02-10,94.03096008300781,96.17207856735138,93.70384234314311,94.90326649326386,49325300
2023-02-13,94.16973114013672,94.51667074232031,93.22803685382179,94.17964586097514,43116600
2023-02-14,94.12017822265625,94.34321787768246,91.8402836884613,93.83271934270418,42513100
2023-02-15,96.25137329101562,96.48927364464832,93.5353221957877,93.91199838593245,36964500
2023-02-16,94.94292449951172,97.02456992777064,94.14000595670028,94.70502410955223,35642100
2023-02-17,93.76331329345703,94.91317893467547,92.6332770944479,94.2391215911686,31095100
2023-02-21,91.24552154541016,92.59858985457676,91.19595550102949,92.425116261961,28367200
2023-02-22,90.99769592285156,91.55279925466432,90.07582356811066,91.13051989855494,29891100
2023-02-23,90.2740707397461,91.32480418554722,89.22333729394497,91.32480418554722,32423700
2023-02-24,88.56909942626953,89.34228119029522,88.08338403448435,88.84665107871821,31295600
2023-02-27,89.31255340576172,89.65949300555377,88.82683796605286,89.30263868499165,22724300
2023-02-28,89.51082611083984,90.65076963484769,88.73763656871216,88.7574660138197,30546900
2023-03-01,89.71897888183594,90.40294339963894,89.06474340260571,89.37203926226681,26323900
2023-03-02,91.50323486328125,91.67175486008588,88.98543282153685,89.0746501801647,23328600
2023-03-03,93.19829559326172,93.28751295815329,91.85018846318832,91.92948354421638,30242500
2023-03-06,94.74466705322266,95.45837572267853,93.47585500206395,93.53532820361315,28288200
2023-03-07,93.34697723388672,95.25019512547149,93.02382995746584,94.5860525637282,24101500
2023-03-08,93.82278442382812,95.39888459540394,93.57992293935655,93.57992293935655,25395200
2023-03-09,91.85018920898438,95.08169255928668,91.54785449463071,93.66418993238995,24438900
2023-03-10,90.21461486816406,92.36564821044425,90.00645108304504,91.69159080794205,32850100
2023-03-13,90.85892486572266,92.26651270978687,89.15395589957565,89.7734936016514,31508600
2023-03-14,93.42627716064453,94.00120991206943,91.96912340497454,92.256589780687,32303900
2023-03-15,95.70619201660156,96.40007125245812,92.22686599059747,92.72249617698543,38367300
2023-03-16,100.1866683959961,101.07880409107257,95.03211836644455,95.72599748332892,54499500
2023-03-17,101.56454467773438,102.58554172997583,99.86949021779218,99.95870002808107,76140300
2023-03-20,101.03915405273438,101.68347470525238,99.90911801225707,100.17675494280579,26033900
2023-03-21,104.91498565673828,105.03393961433508,100.96977393039249,101.0887278879893,33122800
2023-03-22,103.30915832519531,106.57040589275658,103.29924360380478,104.22111606249364,32336900
2023-03-23,105.3313217163086,106.16496745494507,104.48875197288588,104.96455268231041,31385800
2023-03-24,105.13307189941406,105.23220398609433,103.82460852002833,104.81586888509983,25236200
2023-03-27,102.15930938720703,104.47886299601888,101.7330670501832,104.39956033733588,25393400
2023-03-28,100.47415924072266,102.09982576438088,99.40359614581105,102.09982576438088,24913500
2023-03-29,101.0094223022461,101.92137992906409,100.14702315094382,101.82225541531703,26148300
2023-03-30,100.43449401855469,100.72196041515589,99.41349711221838,100.55344797799117,25009800
2023-03-31,103.09107971191406,103.27942160453397,100.55345555445932,100.82109252996227,28108000
2023-04-03,103.99311828613281,104.03276204164021,101.48522345685501,101.77268984193545,20719900
2023-04-04,104.20128631591797,105.17271718278973,103.685826720556,103.92372707695291,20377200
2023-04-05,104.03276824951172,105.60887610138671,103.19217991608376,105.19254857927487,21864200
2023-04-06,107.94825744628906,108.67187329226635,103.89895968081825,104.84560760089221,34684200
2023-04-10,106.01528930664062,107.02637907872624,104.67708937320133,106.45144627206706,19741500
2023-04-11,105.19254302978516,106.28292781895637,104.35988046677292,105.98554671158435,18721300
2023-04-12,104.30042266845703,106.64673287749031,104.05260756330016,106.45145596616659,22761600
2023-04-13,107.24445343017578,107.31879492700234,105.50974791887448,105.53948451760512,21650700
2023-04-14,108.50334930419922,108.62230326033625,106.64968985865494,106.74882193679366,20758700
2023-04-17,105.48992156982422,105.7773879705057,104.39953672901878,104.50857596937094,29043400
2023-04-18,104.20128631591797,106.11441901316735,103.86425387853268,106.06485297267317,17641400
2023-04-19,104.1021499633789,104.80099026700557,102.89281878973186,103.30418514554717,16732000
2023-04-20,104.97447204589844,105.95383623820902,103.7254818936634,103.73539661467376,22515300
2023-04-21,104.9843978881836,105.70801378155225,104.56310917185247,105.16281750897281,22379000
2023-04-24,105.84676361083984,106.38204502972802,104.43917593304975,105.12314789541496,21410900
2023-04-25,103.69574737548828,106.50101602316074,103.64618133215754,105.67826810525544,31408100
2023-04-26,103.53714752197266,106.0846864909426,102.36745992750103,104.63744718976871,37068200
2023-04-27,107.42289733886719,108.1960792773118,103.50741403650187,104.31034014103184,38235200
2023-04-28,107.27420806884766,107.3435959984598,105.11325996600435,106.85788049117475,23957900
2023-05-01,106.7686538696289,107.73017764148547,106.5604900988223,106.77856859091963,20926300
2023-05-02,105.05377197265625,106.7884775315245,103.58670337241833,106.71908961167841,20343100
2023-05-03,105.19254302978516,107.18497073594426,104.69691289264226,105.29166754467059,17116300
2023-05-04,104.29049682617188,105.37097450205701,103.78495194799751,105.2321986629842,19780600
2023-05-05,105.2867202758789,105.50975991715379,103.823621975312,104.39954554109273,20710600
2023-05-08,107.29402160644531,107.47244877767461,104.86543669616779,104.87039027549875,17266000
2023-05-09,106.99665069580078,109.6284458649774,106.78352577579433,107.82930580714213,24782400
2023-05-10,111.29871368408203,112.51796727280806,107.53192879708025,107.60131672081481,47533500
2023-05-11,115.87834167480469,117.40488359045628,113.92555748684312,114.84742995659647,57115100
2023-05-12,116.88941955566406,117.22645200986784,115.5313977058612,115.97746184170428,31293800
2023-05-15,115.93779754638672,117.75675919155348,115.46199686309188,115.47190402040371,22107900
2023-05-16,119.04045104980469,120.14075063637497,115.80894777436332,115.80894777436332,32370100
2023-05-17,120.41830444335938,121.21130814488535,118.41595440437081,119.12966302964531,26659600
2023-05-18,122.44047546386719,122.81715923811149,120.42821815749417,120.49760607968923,27014500
2023-05-19,122.17284393310547,125.37362006448755,121.64747713271785,123.11453828519082,30268900
2023-05-22,124.76995086669922,125.93963845617114,122.37109492034716,122.43057568775541,29760200
2023-05-23,122.2125015258789,124.32388355727183,121.97460113594998,123.83816805537447,24477900
2023-05-24,120.57691192626953,121.67721155224811,119.69469079375935,120.81481229972755,23087900
2023-05-25,123.26322174072266,124.87898093472371,121.82589727310922,124.11570623796197,33812700
2023-05-26,124.33377075195312,124.89878877963811,122.21247446817333,122.98070265773401,25154700
2023-05-30,123.55068969726562,125.27548059258994,121.81598408085841,125.18627079099284,27230700
2023-05-31,122.29178619384766,123.8084132460409,122.02414167715712,122.61889634587973,41548800
2023-06-01,123.2830581665039,123.9472008167364,122.2224098453493,122.42065889945205,25017700
2023-06-02,124.13555145263672,125.63731045322054,123.26323740264357,123.40201326283027,19367500
2023-06-05,125.52330017089844,126.8714149031773,123.29296429859076,123.52095751535528,22672500
2023-06-06,126.79210662841797,127.75363031447755,124.8690592562988,125.49355051299511,19450100
2023-06-07,121.86554718017578,128.41777855519717,121.55825133575857,126.46003335664938,34179300
2023-06-08,121.597900390625,122.64864146168156,120.9436725187558,121.51364417181618,24815000
2023-06-09,121.79615020751953,123.19878437533019,121.350078555312,121.4888543859413,20304500
2023-06-12,123.26322174072266,123.65972738918312,121.28070106113655,122.31656630116841,22255700
2023-06-13,123.34253692626953,124.7600396588351,122.76265047604502,124.5518758738353,19287700
2023-06-14,123.29295349121094,123.69937384464352,121.09236197611122,122.71802826440971,24659600
2023-06-15,124.69062805175781,125.05739706770821,122.06378687046349,122.79731733964876,24517100
2023-06-16,122.97576141357422,125.59268823497007,122.70812443619545,125.59268823497007,56699200
2023-06-20,122.76758575439453,124.08101018002317,121.75650358330338,122.4553439048,22698000
2023-06-21,120.20023345947266,122.33144474758176,119.80372780263806,122.15797115936775,22612000
2023-06-22,122.78741455078125,122.85184132683017,118.55472888749837,119.60546993502844,20781900
2023-06-23,121.9448471069336,122.36118220903234,120.79498901301343,120.9734161817082,29573100
2023-06-26,118.0491943359375,121.64747433450019,117.95006981105865,120.40443600328874,23185000
2023-06-27,117.96988677978516,118.84714667305579,115.88824172657186,116.81010651691409,27221700
2023-06-28,120.02180480957031,120.21013913313531,116.57221546924865,116.92906979972042,19753100
2023-06-29,118.96116638183594,119.8533022818291,118.16815501234937,119.04046146861107,18517500
2023-06-30,119.91277313232422,120.96350674794657,119.82355576271881,120.04163426318007,23871800
2023-07-03,119.50634765625,119.96232651842465,118.6588242759494,119.26844728527114,13888300
2023-07-05,121.5582504272461,122.29178850985474,119.01071170508665,119.01071170508665,17830300
2023-07-06,119.87311553955078,120.09119402860756,118.20779783360021,119.58564912785926,17732500
2023-07-07,119.09001159667969,120.68594128147664,119.04044555669334,119.83345682017953,20997700
2023-07-10,115.84859466552734,118.02936431327821,115.62060146759025,118.02936431327821,32960100
2023-07-11,116.68124389648438,117.19174232361449,114.81767733666,115.73954967780365,18286600
2023-07-12,118.5745620727539,119.90284727001382,117.95997795244072,118.25735907320556,22059600
2023-07-13,123.73902130126953,124.23960501496954,120.00196584878881,120.47777410591495,31535900
2023-07-14,124.6014175415039,125.97926876295887,123.80841383368184,124.03639946912824,20499800
2023-07-17,123.96701049804688,126.16760957053319,123.41190715101102,124.95827079644857,20675300
2023-07-18,122.99559020996094,123.89763322640836,122.22240832080129,123.81337700132984,21045800
2023-07-19,121.70695495605469,124.3734479453274,121.3996666413832,123.69939054725803,22313800
2023-07-20,118.48533630371094,123.6101499738601,117.64772018361944,121.0527042801664,27541700
2023-07-21,119.25853729248047,120.23989054177105,118.02937650385246,119.8136482637292,56514600
2023-07-24,120.8147964477539,122.27195022408628,120.31916632316278,120.86039962236457,22276100
2023-07-25,121.71686553955078,122.60900141294452,120.46787531679952,120.8148149445869,31820800
2023-07-26,128.5268096923828,130.2218562766415,127.58511546496895,129.22068885334926,46216900
2023-07-27,128.73497009277344,132.43238189553338,128.05099806691618,130.64811033360834,35931600
2023-07-28,131.84751892089844,132.89826747941441,129.77578865185853,129.82535468888597,26971000
2023-07-31,131.94667053222656,132.66037921989317,130.9752395894599,131.8475384434933,18381900
2023-08-01,130.7373046875,131.75830146405514,129.60726868600062,129.7113467699015,22154300
2023-08-02,127.51571655273438,129.2801585682969,126.73262005631997,128.7052258145675,22705800
2023-08-03,127.64459228515625,128.63585257909145,126.65828557011301,127.24807909232312,15018100
2023-08-04,127.41659545898438,130.77696735409975,127.19357096122604,128.4673441083417,20521900
2023-08-07,130.786865234375,130.9058116109855,128.29879260379013,128.37809523000692,17621000
2023-08-08,130.68775939941406,130.7868914834383,128.99271269079944,129.83527490327583,16836000
2023-08-09,129.01254272460938,131.31227425033836,128.37319061868897,131.03472253177577,17745200
2023-08-10,129.07199096679688,131.4876884466181,128.89851741521892,130.8166033880767,17855700
2023-08-11,129.03237915039062,129.30002372399804,127.62479103711121,128.072836674828,15205500
2023-08-14,130.67787170410156,130.75717435804566,128.45744276997087,128.71518017664786,17526200
2023-08-15,129.13150024414062,130.83646939104116,128.68443779781302,130.43995614441675,14769200
2023-08-16,127.98162078857422,129.75398867829156,127.33730762939605,128.1501332282757,17548400
2023-08-17,129.31982421875,131.33306455250042,128.71515483622414,129.30990193556374,23665600
2023-08-18,126.99036407470703,128.69533308716038,125.89006448091948,127.9320583823518,23627200
2023-08-21,127.80321502685547,128.13033282232138,126.0486947494959,126.73265938407633,21851100
2023-08-22,128.5565643310547,129.80554699606782,127.79825072632644,128.00146092438217,15557900
2023-08-23,132.04580688476562,132.89829144892593,129.36939165687684,129.70643169419316,26497000
2023-08-24,129.28016662597656,133.79040402007595,129.16122023000892,133.54953151806873,18680400
2023-08-25,129.54782104492188,130.25160744210342,126.92097197153018,129.00262481267583,20678100
2023-08-28,130.63818359375,132.07552307751533,129.70641165055014,130.9256575406756,16715500
2023-08-29,134.30584716796875,136.09506453179128,131.81777443710484,131.8356224444875,30803300
2023-08-30,135.7332763671875,136.05048694851394,133.8409636927365,134.38517677284926,21773400
2023-08-31,136.1496124267578,137.19042367330252,135.62424566169528,135.85223130255977,28147900
2023-09-01,135.6044158935547,137.36885806733497,134.75193140646954,137.22015994287773,16671600
2023-09-05,135.51519775390625,136.16941803478468,134.37523937162146,135.24755324670113,17730200
2023-09-06,134.18690490722656,136.2784647910127,133.51285514868383,135.81753237152992,15814300
2023-09-07,135.00965881347656,135.3863425926654,132.78924527408853,133.4236513032612,16976000
2023-09-08,136.00091552734375,136.3131649542935,134.6825374610183,134.6825374610183,17810700
2023-09-11,136.5361785888672,137.05560096484027,135.35657658958385,136.17932432963383,17180800
2023-09-12,134.88082885742188,136.4371000390656,134.74203786148675,135.93156260912443,15212900
2023-09-13,136.29830932617188,136.49655838737772,133.75076275710356,134.71228658565744,16394900
2023-09-14,137.77528381347656,138.33038719876208,135.86214344051092,137.18052154328046,19064600
2023-09-15,137.09130859375,138.14204213827068,135.98108672322883,137.58693876572636,48958800
2023-09-18,137.74554443359375,138.70705305450159,136.42716635742156,136.42716635742156,16233600
2023-09-19,137.61668395996094,137.95867001001574,136.2983058051212,137.04175110951277,15479100
2023-09-20,133.41372680664062,137.62658329193792,133.34434644740185,137.61667613359884,21473500
2023-09-21,130.21194458007812,132.0259526182903,129.944300082524,131.23294140821596,22058400
2023-09-22,130.10292053222656,131.84753329763632,129.3693824303558,130.5291552211912,17348700
2023-09-25,131.01486206054688,131.0644280968593,128.8935657850785,129.62710379638276,14650000
2023-09-26,128.31866455078125,130.2565805806717,127.06968180632316,129.7698743529857,20378800
2023-09-27,130.31109619140625,130.5688184450136,128.24927278624833,128.30874598897057,18764200
2023-09-28,131.9665069580078,133.00731831761533,129.5478290690914,129.5478290690914,18201400
2023-09-29,130.6976776123047,133.71110229233557,130.17231085929086,132.90818386321752,23237300
2023-10-02,133.9886474609375,134.17698933031062,130.9107885903251,130.9999983835762,19210400
2023-10-03,132.13497924804688,134.05802633332596,131.6542174767271,133.75072298558632,19628700
2023-10-04,135.0790557861328,135.37643692426926,132.26386482059846,132.49186559758178,22848000
2023-10-05,134.80149841308594,135.3070357388226,133.27991016862984,134.94027425498027,15922900
2023-10-06,137.51754760742188,137.9695711717365,133.76067744084898,133.76067744084898,20826700
2023-10-09,138.28079223632812,138.74668572128058,135.50526076492162,136.7839948407885,16599100
2023-10-10,137.98342895507812,139.50997826762912,137.2201542988026,138.29071722404535,19554900
2023-10-11,140.46157836914062,140.97703794882742,138.617833647022,138.62775593007828,20146300
2023-10-12,139.0638885498047,141.13563388915807,138.2312336014477,140.91755543238403,18173100
2023-10-13,137.3688507080078,140.104723621523,136.76418133531337,139.42075161178633,19438700
2023-10-16,139.26219177246094,139.67355822087725,138.10241881348688,138.50882411931096,17345600
2023-10-17,139.7578125,140.01553476485353,137.31832205075807,138.80619583861974,17424000
2023-10-18,138.062744140625,140.74906641830466,137.4927724487628,139.51989810529398,18304900
2023-10-19,137.76539611816406,139.77270793997522,137.38872736954065,138.5782370831491,21831200
2023-10-20,135.54493713378906,137.8248236942881,135.05425300627036,137.3787595900788,24970300
2023-10-23,136.69480895996094,137.80503094076985,133.92919898079168,135.03940583616657,20780700
2023-10-24,138.89541625976562,139.48027144942202,137.5373942164701,137.943814651106,26535200
2023-10-25,125.56294250488281,128.9629732564845,124.98800970612872,128.6358555369124,58796100
2023-10-26,122.36117553710938,124.36351804308872,121.25096126324286,123.38217245013502,33907400
2023-10-27,122.32152557373047,123.35243721888715,120.39847812385011,122.94601685567899,37367700
2023-10-30,124.65098571777344,125.44399700189938,122.79732618969078,123.37225899254629,24165600
2023-10-31,124.20492553710938,125.45390813956055,122.84194254864943,125.16644172901395,21123400
2023-11-01,126.45508575439453,126.62359820311676,123.8332053897384,124.24457179023194,26536600
2023-11-02,127.45625305175781,128.95305068147727,126.99035949391448,128.42768392483387,24091700
2023-11-03,129.23060607910156,129.5874604076053,127.88249140757996,127.9617940500733,19529400
2023-11-06,130.3011932373047,130.41023250028226,128.79447300127876,129.08194702432658,15360400
2023-11-07,131.24285888671875,132.11517279894508,129.99387634229356,130.82653137191036,19223800
2023-11-08,132.09535217285156,132.37290386791256,131.0049748352357,131.2032238852174,15093600
2023-11-09,130.53907775878906,132.78924298577664,130.36064303077296,132.1944807262997,17976500
2023-11-10,132.88836669921875,133.0965380382454,129.72624360564106,130.38047909922955,20872900
2023-11-13,132.4720458984375,132.93793951985074,131.6096541473013,132.19449418254462,16409900
2023-11-14,134.24639892578125,136.04059309165456,133.91929627927536,134.4644774404082,22317300
2023-11-15,135.1881103515625,135.64408170633195,134.14728381285923,135.4458326335872,15840900
2023-11-16,137.48780822753906,137.66624295668237,134.89071093731067,135.76302488993875,17615100
2023-11-17,135.74317932128906,136.7939127527996,134.29593271958436,136.61549317028536,25565300
2023-11-20,136.71461486816406,137.2152061455485,134.30585966795775,134.3157668255202,19569400
2023-11-21,137.4085235595703,137.75050963685294,136.50152687119112,136.73447369013095,17648100
2023-11-22,138.7962646484375,139.866827535096,137.78517495679927,137.8843070321205,17306400
2023-11-24,137.01202392578125,138.4562911624145,136.26857857028415,138.32047988623023,8828600
2023-11-27,136.84349060058594,138.4096837258101,136.33793815563348,136.36768988071788,17886400
2023-11-28,137.4085235595703,137.44818244920475,135.8423301785714,136.4271853599198,17046900
2023-11-29,135.20790100097656,138.44932646818887,135.103822902957,137.7703155720554,21014700
2023-11-30,132.7495880126953,135.76302803219372,131.62945894536622,135.20790951512492,29913500
2023-12-01,132.1548614501953,132.3332810858324,130.99705474884635,132.1548614501953,24268000
2023-12-04,129.4883575439453,130.30118324847476,128.26909629899995,130.1465559353985,24117100
2023-12-05,131.2329559326172,132.3728992745303,128.5961997956012,129.23060580878834,19235100
2023-12-06,130.28131103515625,132.1448849112464,130.16236466023275,131.73846462968564,16360600
2023-12-07,137.239990234375,138.7764467773536,135.03939108258524,135.4061676915051,38419400
2023-12-08,135.44580078125,136.78400817708595,134.38516017250387,134.47436996544462,23016100
2023-12-11,133.5227813720703,133.6119911836568,131.72860235369248,132.65048244972274,24502900
2023-12-12,132.4720458984375,133.36417425303122,131.66912735421636,132.10528437217206,26584000
2023-12-13,132.7991485595703,133.6020670124811,131.7880587806967,133.3691202282659,25414500
2023-12-14,132.035888671875,133.85485824946784,129.91459191779703,133.59217483571874,29619100
2023-12-15,132.67027282714844,133.6516259538092,131.470856353328,131.75831518059928,58594000
2023-12-18,135.9910125732422,137.17061483354962,132.6009039230718,132.69011372626323,25699800
2023-12-19,136.89305114746094,137.55719372209188,136.24872288818145,136.79391906897746,20661000
2023-12-20,138.43942260742188,141.82754972090044,138.19160752261357,139.10356521965628,33507300
2023-12-21,140.5607147216797,140.78870035743472,139.24531640687348,139.53971781431304,18101500
2023-12-22,141.47267150878906,141.99803825880454,140.81347493772975,140.8878315607238,18513500
2023-12-26,141.57180786132812,142.68697573470902,141.25459729491448,141.73039801910264,11170100
2023-12-27,140.20387268066406,142.06744706329366,139.81826488481673,141.5817240246161,17288400
2023-12-28,140.04527282714844,141.0266261014157,139.5972272253491,140.61029853442065,12192500
2023-12-29,139.69830322265625,140.19889450140815,138.67730634997346,139.45048815403555,14881000
2024-01-02,138.3402862548828,139.38607374573135,136.53620035836758,138.37994513747063,20071900
2024-01-03,139.13331604003906,139.85693192651604,137.2201755245598,137.38870310983452,18974300
2024-01-04,136.8335723876953,139.4058942121626,136.80383578715845,138.6277663308711,18253300
2024-01-05,136.1892547607422,137.59684260010025,135.65398084312855,137.14285275474793,15439500
2024-01-08,139.30181884765625,139.41085809357833,136.67498491239655,136.79393131688138,17645300
2024-01-09,141.31407165527344,141.55197958203743,138.56827627825632,138.83592080518676,19579700
2024-01-10,142.54324340820312,143.26189809704468,141.21495815017505,141.27443135196245,16641900
2024-01-11,142.41436767578125,145.37824146351068,140.97208210205216,143.62866761212564,17471100
2024-01-12,142.97938537597656,143.4750155060751,142.10707150686517,143.07850232673755,13998700
2024-01-16,142.82078552246094,144.5653982014382,141.80573292045227,142.17645725363013,19198900
2024-01-17,141.6411895751953,142.15664918783554,139.28198512256546,141.66101901714404,17884500
2024-01-18,143.72283935546875,144.31264045636914,142.09717303440206,142.1863828331688,18876800
2024-01-19,146.6768035888672,146.74618395211053,144.5257703213885,145.02634654147533,27181000
2024-01-22,146.4190673828125,148.70391514242215,146.2901987020772,147.41032769509755,21829200
2024-01-23,147.38058471679688,147.55901944882223,145.90361644411632,146.4289832307713,14113600
2024-01-24,149.0360107421875,150.24534966904466,148.53045824586118,148.97652241140568,19245000
2024-01-25,152.2972412109375,153.40744797476847,149.89839295312683,150.41385257580524,21495100
2024-01-26,152.4459228515625,152.7631334243533,151.4645847835353,151.5339651429379,19494500
2024-01-29,153.48675537109375,153.8436097170077,151.58353723469713,152.29724592652502,20909300
2024-01-30,151.71241760253906,153.68501625293163,151.43981189866818,152.66401918126252,26578900
2024-01-31,140.5607147216797,144.3175846344028,140.31289964464057,144.11933559785788,43908600
2024-02-01,141.4627685546875,143.35606429240525,141.0166893051946,142.43419944437557,25526900
2024-02-02,142.28549194335938,142.62253192916722,136.9624291544448,139.6586582883197,42136100
2024-02-05,143.66336059570312,145.3881591138549,142.65228589150018,142.78113945648695,29254400
2024-02-06,144.13917541503906,145.45755353484284,143.2569542822901,144.68437164885762,21517700
2024-02-07,145.39804077148438,145.7152512998267,143.94090217388217,144.84293747231584,21436100
2024-02-08,145.933349609375,146.3199405399897,145.140338306069,145.68553452243142,18241300
2024-02-09,148.90713500976562,149.3779897389088,146.14151008830993,146.6569697193562,21877700
2024-02-12,147.43014526367188,149.27389009021647,147.26163282191752,148.23306371426781,17236100
2024-02-13,145.09078979492188,146.7461929606756,143.84180705096725,144.79342375500485,18138500
2024-02-14,145.85400390625,146.53797576435556,144.28285006368662,146.08198948380917,16651800
2024-02-15,142.68202209472656,143.49484774439102,140.64002812373158,143.19748172953396,26724300
2024-02-16,140.52105712890625,143.21728640187428,140.2831643330416,142.94965700652656,21865100
2024-02-20,140.9572296142578,142.07636045764275,139.5694710674195,139.7082469221033,18625600
2024-02-21,142.58290100097656,142.72167686042215,140.66977557251715,141.39339147352382,16440800
2024-02-22,144.04998779296875,144.92228677596907,142.75142379048003,144.84298411834442,23024700
2024-02-23,144.0202178955078,144.67941453648643,143.524587691947,143.7030224304543,14519400
2024-02-26,137.53738403320312,142.58289596871347,137.52747687410462,142.19630500779965,33513000
2024-02-27,138.87557983398438,139.26217076198412,137.28955723810049,138.19160777857735,22364000
2024-02-28,136.22891235351562,138.06275018194268,135.44582327637113,137.88433056642887,30628700
2024-02-29,138.55836486816406,138.72687730574705,136.36768805415343,137.14086988561976,35485000
2024-03-01,136.8732147216797,138.7764325530701,136.7691366323855,138.38984166740377,28551500
2024-03-04,133.0271453857422,135.43591607241564,131.69886005257868,135.34669113925463,43571500
2024-03-05,132.6107940673828,132.84870197080213,130.40028796113228,131.57989007009436,28447600
2024-03-06,131.40145874023438,133.5624139902615,130.79678937157965,133.0667838561324,23175200
2024-03-07,134.0580596923828,134.63299252979053,131.50060608823114,132.7198521246574,24107300
2024-03-08,135.09886169433594,137.77031550382773,133.62189350506375,133.85484028413737,26495200
2024-03-11,137.7257080078125,138.7566120609229,135.87205609360288,135.87205609360288,22536400
2024-03-12,138.39976501464844,139.0540004747491,137.00209941862028,137.04174317736917,19019700
2024-03-13,139.53973388671875,140.94732187137737,138.78636628546928,138.8359323316726,19637000
2024-03-14,143.07850646972656,143.46509737738032,140.24846258003785,141.05634213556044,36117900
2024-03-15,140.927490234375,143.07852350230291,139.8965860663864,142.15665858409102,41039500
2024-03-18,147.1823272705078,151.5934326452062,146.84530239366165,148.0645483454475,47676700
2024-03-19,146.62722778320312,148.3123673373286,145.72517724305058,147.6779613242896,17748400
2024-03-20,148.37184143066406,148.45114407345028,146.37445243712375,147.48962032713732,17730000
2024-03-21,147.44007873535156,149.98264898003012,146.71644774619688,149.0062719972135,19843900
2024-03-22,150.44357299804688,151.22666194358663,148.77824790595494,148.9269460193268,19252900
2024-03-25,149.8289794921875,150.13230488415985,147.49952699930483,149.63073046892126,15114700
2024-03-26,150.37420654296875,151.8610972110774,149.71006385959896,149.91823520832514,19312700
2024-03-27,150.6121063232422,151.3555516169593,148.81792743447417,150.81531651857685,16622000
2024-03-28,150.92930603027344,151.33572643237886,150.00744110033216,150.67158376635552,21105600
2024-04-01,155.1322479248047,155.62787810986796,150.3246290795178,150.50306381136565,24469800
2024-04-02,154.50775146484375,154.62671299641144,152.11882543085358,153.3975446730995,17598100
2024-04-03,155.00338745117188,155.18182219247618,152.7849552165056,153.56606286340192,17266200
2024-04-04,150.6121063232422,154.81504070344573,150.55263311981412,153.72466334792054,24184800
2024-04-05,152.59461975097656,153.4867480102606,149.7605977156856,150.35436169361876,16297300
2024-04-08,154.77540588378906,155.28590440994714,152.6442019688613,152.66897742990977,16641500
2024-04-09,156.7579345703125,158.49264044205165,155.27104382310753,155.9748454319759,21521500
2024-04-10,156.28211975097656,156.77774995559685,154.83487289829455,156.50019825104417,16339200
2024-04-11,159.38473510742188,159.71185281762675,156.5497300777447,156.95615042606875,17841700
2024-04-12,157.79876708984375,160.286825589163,157.21392700391604,158.01188447490352,16989800
2024-04-15,154.96376037597656,159.42443275827145,154.7853256154584,158.879236442015,21140900
2024-04-16,154.63661193847656,155.85585791287042,153.694917647271,154.27975761360125,15413200
2024-04-17,155.50892639160156,157.294181175049,154.77042715579861,155.816214675771,16237800
2024-04-18,156.08384704589844,157.09988276125674,154.8447717220804,155.55351917720083,14016100
2024-04-19,154.3590545654297,156.6092196733784,152.56487584901492,156.37131175708697,21479900
2024-04-22,156.56956481933594,157.7937719219022,154.29958533737047,154.6465173747769,17243900
2024-04-23,158.52236938476562,159.0774728168216,156.58445338952566,157.20399117091563,16115400
2024-04-24,159.69203186035156,159.97949067682518,157.43195970696453,157.69958908337517,19485700
2024-04-25,156.56956481933594,156.89668254061547,151.43286218047828,152.01968357190944,36197800
2024-04-26,172.1719970703125,174.87813334641962,169.9020026034733,174.4518986946017,56500800
2024-04-29,166.43258666992188,169.88218316276883,165.5999317063095,169.27751381707705,35914600
2024-04-30,163.2010955810547,168.38538272745197,163.06231974373685,165.91715425476843,29420800
2024-05-01,164.12294006347656,167.3346130689702,163.45878249400542,164.7275941968671,25223200
2024-05-02,166.98773193359375,167.05711229565978,164.24193641851772,165.21336736547428,17041100
2024-05-03,167.51309204101562,168.36557654728412,163.53812835606752,168.0582731333302,22767100
2024-05-06,168.3457489013672,168.41512926140294,166.42270138121285,167.74107947622002,15147900
2024-05-07,171.4682159423828,171.9539389727334,168.514264251218,168.63321065643325,21102400
2024-05-08,169.66412353515625,170.40657051209982,169.03169895380995,169.2577031653874,14569900
2024-05-09,170.08045959472656,170.93294413546204,168.44487087535623,169.65420976164222,11937700
2024-05-10,168.80172729492188,169.84255374268528,166.44253782214935,168.20698012865236,18740500
2024-05-13,169.40640258789062,169.45596863481416,164.3113245480885,164.39756977224414,19648600
2024-05-14,170.42739868164062,171.269976098362,168.93060087563532,170.0903737651256,18729500
2024-05-15,172.3603515625,172.52490114080777,170.52651389606083,170.79415842112346,20958200
2024-05-16,173.8968048095703,174.79885540418152,172.52887574209583,173.07407198748905,17247300
2024-05-17,175.7405242919922,175.94373445971002,173.4507155186042,174.01574112524858,16546400
2024-05-20,176.9003143310547,178.3772824521741,175.67610729333714,175.76035594599398,17495100
2024-05-21,177.97088623046875,178.24845305891185,175.76037976527252,176.84084997523405,14706000
2024-05-22,176.4443359375,177.2888946863875,175.2349971440736,176.84083401302942,16189400
2024-05-23,173.53001403808594,178.33763222022472,173.01455448159984,177.21750331635036,14928400
2024-05-24,174.78892517089844,175.75441170555666,173.66879622600166,174.97726704221006,11403600
2024-05-28,176.46417236328125,176.9498802562141,174.14461164078753,174.20409996736032,15655300
2024-05-29,175.84957885742188,176.67232675744165,174.7195426710375,175.26473888495815,15023800
2024-05-30,172.0431365966797,175.1457862001414,171.7160188800634,175.1457862001414,18826300
2024-05-31,172.4396514892578,172.89562276507053,169.47577769474688,171.88453300608919,28085200
2024-06-03,172.89564514160156,174.3230626036248,170.94286085333837,172.36037115605987,20742800
2024-06-04,173.59942626953125,173.65889946920606,171.70611541091074,172.92536138054135,14066600
2024-06-05,175.52247619628906,176.41460445482153,173.7580188703404,174.99214828267702,15233900
2024-06-06,176.79127502441406,177.14812932626748,175.66123892278353,175.87930226656434,14255800
2024-06-07,174.4122772216797,177.85195227346654,174.25367191587503,176.90035068950755,14716300
2024-06-10,175.28555297851562,177.11154384444797,173.0526792690724,175.1069152075853,17099800
2024-06-11,176.83367919921875,177.03215383697466,174.10461128780346,176.36725547203804,14402400
2024-06-12,178.19322204589844,180.69404453968752,176.42677226847977,178.38177822595586,18600400
2024-06-13,175.39471435546875,177.1512307513976,175.31532147400654,176.48633240462576,15956900
2024-06-14,177.01229858398438,177.3695589824505,174.51347462372152,174.51347462372152,12361600
2024-06-17,177.41917419433594,178.55049621958756,175.14661171245663,175.632872274822,15272900
2024-06-18,175.10691833496094,177.54820029698303,174.2832342014271,177.42910340002112,15640300
2024-06-20,176.35733032226562,177.37948905328443,175.11684495523858,175.36494202864398,16753200
2024-06-21,178.88790893554688,181.12276628974172,176.70465771104568,177.13139255285805,58903200
2024-06-24,179.41390991210938,180.69409955456464,178.8581747759864,179.90018572754036,18198300
2024-06-25,184.1674346923828,184.33613889740573,179.72649069957316,179.76619471407545,18797000
2024-06-26,183.9590301513672,184.51476522435414,182.58954447654796,182.79793755759553,13375700
2024-06-27,185.4376983642578,186.07282633912286,184.0384270759527,184.23195008381518,13025700
2024-06-28,182.02386474609375,185.15981548718554,181.92958664381152,184.30636092201863,23032400
2024-07-01,183.0857391357422,183.92926017987347,181.33912588173848,183.0758055605703,11815900
2024-07-02,185.1895751953125,185.5269835720125,181.66659381732185,182.0734766412124,12555500
2024-07-03,185.96363830566406,186.19188336904648,183.97389496801063,184.8819387198046,7409100
2024-07-05,190.49888610839844,190.79659051769158,185.89420448537044,185.89420448537044,14303400
2024-07-08,189.03012084960938,190.21999951997353,187.87896191963213,189.90839419432572,12097600
2024-07-09,188.99041748046875,191.39199518676847,188.7820092888144,190.29044364263603,10198500
2024-07-10,191.1935577392578,191.83860415893716,189.16907687084597,189.2980922118401,12052900
2024-07-11,185.87432861328125,190.94543334999653,185.39798647692308,189.8835706176959,16452000
2024-07-12,185.35830688476562,187.2537723910623,184.72317890506855,185.4972406571167,14449100
2024-07-15,186.75755310058594,188.45452858190956,185.07049605072473,185.07049605072473,12186000
2024-07-16,184.08804321289062,188.89119930453398,183.71093078546045,187.52171364663334,12760100
2024-07-17,181.22994995117188,183.82008406919664,180.2375616322757,183.27426746527493,17376600
2024-07-18,177.85586547851562,182.64910367778987,176.85355856010065,182.1429758591876,17877200
2024-07-19,178.02452087402344,180.58488427995653,177.49855633269357,178.99705708254854,14485900
2024-07-22,181.9544219970703,182.89718796304905,180.51544668081038,180.96203358179892,16303900
2024-07-23,182.2025146484375,183.8101789962444,181.9345655429213,182.44067817098954,23772600
2024-07-24,173.04275512695312,176.5955073065291,172.2488565455475,174.05499550368356,31250700
2024-07-25,167.87242126464844,173.86644039100563,167.7632579376176,172.92367446263643,28967900
2024-07-26,167.3960723876953,168.54724659580478,164.60251168902047,167.48539885442386,25150100
2024-07-29,169.82742309570312,170.84958188427728,168.42815188867243,169.20221358987143,13768900
2024-07-30,170.55186462402344,171.63356430516149,168.82510342152582,170.5220941845532,13681400
2024-07-31,171.83203125,174.57103269969517,170.41292322335454,173.588562813264,15650200
2024-08-01,171.13735961914062,174.3427695940567,169.2121238908002,170.67093590587697,17177800
2024-08-02,167.11819458007812,168.91443024023945,165.12349941812474,166.90980150334516,18907800
2024-08-05,159.41729736328125,164.67695974960233,155.40805425142779,156.17218253843834,34907800
2024-08-06,159.31800842285156,161.11424393639928,156.92636416723713,159.7199396090336,36146500
2024-08-07,159.5264129638672,163.5356548757482,159.02030040208297,161.99746518523446,19334200
2024-08-08,162.59288024902344,164.24024830736775,160.79666001664177,161.1082653103692,15733600
2024-08-09,164.13113403320312,164.26014938434054,159.70507464361384,160.41464393222267,13549200
2024-08-12,162.7020721435547,165.4311401931017,162.3051228479513,164.7315045669186,12435000
2024-08-13,164.66697692871094,165.27233437380846,163.51581805401403,163.92765251968973,12717600
2024-08-14,160.7966766357422,163.70438225781652,158.31570586108387,162.96009102541905,22515900
2024-08-15,161.92800903320312,162.27535102087091,160.26080383474527,160.97532467484004,18392500
2024-08-16,163.486083984375,165.67925404982486,161.83871546993578,162.16620548613005,16853100
2024-08-19,167.11819458007812,167.18766903408562,164.82577988014722,165.72885692637598,13100800
2024-08-20,167.6739501953125,169.1129103422226,167.37623064772708,167.45562353659287,12622500
2024-08-21,166.3540802001953,167.356387080216,165.30215086930022,165.71895219988247,15269600
2024-08-22,164.23036193847656,168.13044108607062,163.77385661123697,167.7533286480312,19123800
2024-08-23,166.15557861328125,166.67162480901536,164.39906208953454,165.28228713893688,14281600
2024-08-26,166.6517791748047,168.09075448991405,165.05404836443492,166.8750726251204,11990300
2024-08-27,165.11358642578125,166.9643810958716,164.89525976691422,166.3342199147958,13718200
2024-08-28,163.2478790283203,166.1158806742367,162.03716406362884,165.51052319189097,15208700
2024-08-29,162.15626525878906,166.3540792683854,160.7490591758082,164.796022147003,17133800
2024-08-30,163.853271484375,164.02197571806815,162.1662140047963,162.97004629465957,18498800
2024-09-03,157.40272521972656,162.136422142404,156.6534671297475,162.07191447337993,26533100
2024-09-04,156.6088104248047,159.1790927374386,156.24163156375562,156.8717927441646,17410700
2024-09-05,157.39279174804688,159.78940284974598,156.3210105580023,156.57902606679968,14139500
2024-09-06,150.97203063964844,158.00805975950254,150.77850766073584,157.48209519381007,24999100
2024-09-09,148.5970916748047,153.66494046797735,147.26554447937025,152.6613143274025,28057700
2024-09-10,149.06414794921875,151.33971747821872,148.60009721936464,150.49507085324723,20401800
2024-09-11,151.19065856933594,151.51857967461174,147.76241452338604,150.1373445016751,18991500
2024-09-12,154.5592803955078,154.6288463085895,152.53214970291273,153.8338874470031,20980800
2024-09-13,157.3714141845703,158.2707066144771,155.1256697723983,155.37607972822212,16733900
2024-09-16,157.98753356933594,158.23595725653453,156.61622996397466,157.33169139611283,14157600
2024-09-17,159.26939392089844,160.5711316223217,158.4048843371456,159.08058949166997,12064800
2024-09-18,159.79603576660156,160.61087266542054,158.65329297321875,159.8357920440244,16756500
2024-09-19,162.21072387695312,163.94968955468067,161.49724879703658,163.78076327978215,17548200
2024-09-20,163.60189819335938,163.7112052191287,162.15109722974654,163.48265967891217,46362700
2024-09-23,162.0417938232422,165.55946621205064,161.9225401547121,164.297469761265,15648400
2024-09-24,162.60821533203125,163.51248123274706,161.00836610867987,163.2143697623092,18774100
2024-09-25,161.96231079101562,163.18156404518257,161.7486548988047,161.9424326507354,13607900
2024-09-26,162.7969970703125,164.4564653238597,162.46907601481004,163.98942762322687,18234500
2024-09-27,164.247802734375,165.91721784138522,162.79701685351148,162.8765142550433,13604300
2024-09-30,166.1358184814453,166.30474476008433,163.60189397670442,163.74101062749995,14070100
2024-10-01,167.35806274414062,169.3653303219186,164.85394780689333,167.79529084648613,18629500
2024-10-02,166.25506591796875,167.8151739508929,165.20175191074588,166.70222552220392,12745000
2024-10-03,166.15570068359375,166.85128395457937,164.32729087654542,164.77446563028727,11004300
2024-10-04,167.4971923828125,168.48095568935207,165.90728980680692,168.27227311066332,11422100
2024-10-07,163.3534698486328,168.82872214427357,163.09511468718185,168.0735196367093,14034700
2024-10-08,164.65521240234375,165.05269938868935,163.27397734527142,164.38691058188274,11723900
2024-10-09,162.03184509277344,165.21166489884578,160.10407507086734,163.81552514678452,19666400
2024-10-10,162.15109252929688,163.2749731131795,160.62080937546463,161.08784709361515,12900500
2024-10-11,163.48265075683594,164.227921756614,161.47538328524539,162.3001516778424,10946000
2024-10-14,165.30113220214844,166.56311365175304,163.7410241243794,163.87020929740152,9981800
2024-10-15,165.84764099121094,168.02383483156237,165.0030095854755,166.08613318007752,14829300
2024-10-16,165.68865966796875,166.22524813421248,164.1742668836848,164.98312975972647,9968500
2024-10-17,163.47271728515625,166.8711514986138,163.33360062715198,166.32463151811177,15113400
2024-10-18,164.00930786132812,165.32097693755154,163.7111964286391,163.8304349366838,13091300
2024-10-21,164.75457763671875,165.1719275743492,163.26899380968084,163.54226893868767,11384000
2024-10-22,165.76815795898438,166.41405345217532,163.6317052457798,163.6615148739223,11958600
2024-10-23,163.44290161132812,166.54323941624745,162.6012420708838,165.38060326279148,12754300
2024-10-24,163.4925994873047,164.00932501383429,161.743702148577,163.55221874756216,12764400
2024-10-25,165.93707275390625,166.34447603118087,164.18816049018363,164.32231897011687,14566400
2024-10-28,167.278564453125,169.53028310313923,164.7446399008579,169.51437755878808,20858300
2024-10-29,170.06089782714844,170.7763591714636,167.596539398161,168.3169589050581,28916100
2024-10-30,175.0293731689453,182.6311310949568,174.63685954087978,181.2598428032034,49698300
2024-10-31,171.60113525390625,177.29500147629722,171.47195009458156,173.61833422412218,32801900
2024-11-01,171.56137084960938,172.72400690330602,169.2361290673694,170.4583692099453,21752900
2024-11-04,169.60379028320312,170.83597706922038,168.41633309810572,170.1602720063757,16194000
2024-11-05,170.32920837402344,171.0118731000074,169.29575741798732,169.7528636413451,12518300
2024-11-06,177.20558166503906,177.51362460297045,173.93631753730043,174.24437563780998,27061500
2024-11-07,181.13067626953125,181.4287877245001,177.76205170231373,177.98066575845232,16730400
2024-11-08,178.72592163085938,181.20022678554332,178.43775685183698,180.85242759053065,15021500
2024-11-11,180.8226318359375,180.93691218879795,178.85512050947833,178.93461790765363,12503400
2024-11-12,182.16412353515625,182.86466497040556,179.84881301567367,180.23635335036778,14065800
2024-11-13,179.35195922851562,181.46356043501584,178.98428188436048,181.00148088274037,13969700
2024-11-14,176.2317657470703,179.30725213749923,174.9200814305197,178.61662702479006,17925800
2024-11-15,172.79359436035156,174.77105254177434,171.65580952803842,174.53256032269553,21708900
2024-11-18,175.68524169921875,175.79454873249418,173.32024324975703,173.8518736008048,18662800
2024-11-19,178.44769287109375,179.03396909464578,174.01183532108044,174.13008826339362,15392900
2024-11-20,176.21188354492188,177.98065890368147,174.22449413844342,177.70242559978072,15729800
2024-11-21,168.1728973388672,174.47291812977846,164.26766926353412,174.34870629164894,38839400
2024-11-22,165.5197296142578,167.20403420711378,164.66515158559497,166.1060058346279,24497000
2024-11-25,168.36167907714844,169.38519852719662,166.34448012902007,166.9307715023666,21395700
2024-11-26,169.544189453125,170.41367233917006,168.36169030209123,168.42132472227146,14937500
2024-11-27,169.74295043945312,170.06092488608897,168.60019233923836,169.60381861348725,12433400
2024-11-29,169.4149932861328,169.79258691349247,167.68595926980132,168.98769673500956,9250700
2024-12-02,171.88931274414062,172.50541379659245,169.19640847624146,169.24609624600703,16593400
2024-12-03,171.92906188964844,173.2208680370488,171.42226788668225,172.02842226247745,15721500
2024-12-04,174.9796905517578,175.31754310005746,171.66075399770924,171.69056362476053,18239800
2024-12-05,173.21090698242188,176.58947779179547,172.9127955635688,176.2019374960595,16145500
2024-12-06,175.377197265625,175.72399577360784,172.45573218499814,172.78365328206635,13319500
2024-12-09,176.1829833984375,177.1181033334023,174.49177384380053,174.8051452045689,19887800
2024-12-10,185.5641632080078,187.05639634280428,181.72414933394035,183.57949799625823,34317400
2024-12-11,195.69146728515625,195.8705279817249,185.2955639139752,185.73328807862885,41664500
2024-12-12,192.6273956298828,195.68647035370063,192.2792018454764,195.283568643625,25197800
2024-12-13,190.38905334472656,193.33371818254952,190.26966437361793,191.71216852447748,18883200
2024-12-16,197.13394165039062,199.60109609130157,193.10490930009604,193.358593781121,32248600
2024-12-17,196.0993194580078,201.8295042342353,195.67155325883303,197.50202220467017,24129500
2024-12-18,189.1654052734375,197.66119401544614,188.29991495415683,195.81082440955737,27638400
2024-12-19,188.71775817871094,193.59239580503976,188.53869747861356,192.2792232852004,26981200
2024-12-20,191.96084594726562,193.12974956909466,185.40495790370446,186.04164333057025,45319700
2024-12-23,194.97518920898438,195.47260025991622,190.6377642376675,193.0253312102281,15235900
2024-12-24,196.5469970703125,196.6464701661113,194.18726997003574,195.15423711111293,6809800
2024-12-26,196.07943725585938,197.13394622767794,194.8557951729105,195.72130070130024,7907900
2024-12-27,193.03526306152344,195.7809816226149,190.9779778716318,195.45268852597223,14693000
2024-12-30,191.69227600097656,192.7766284644964,189.37433864863712,189.87672867485227,12209500
2024-12-31,189.45391845703125,192.24936605997945,188.59837086504533,191.44854157562307,14355200
2025-01-02,189.64292907714844,192.199613809401,187.73287259466875,190.49349766533388,17545200
2025-01-03,192.1300048828125,193.492906357984,190.35922268682373,191.7271031302285,12875000
2025-01-06,196.93499755859375,198.52670387508945,194.0500042440645,194.1395345935375,19483300
2025-01-07,195.69146728515625,201.09334414857855,194.92544999701238,197.24338737454207,16966800
2025-01-08,194.37826538085938,196.6166148279811,192.7467579465929,192.94571930593688,14335300
2025-01-10,192.16976928710938,196.59672427483025,190.60790659696045,194.40811884964256,20753800
2025-01-13,191.29432678222656,191.49330333757615,187.6831330352865,190.3592067990712,13169100
2025-01-14,190.06076049804688,192.26926671931673,188.65805772890357,191.50324947109388,13651200
2025-01-15,195.96005249023438,196.77581389637504,192.32895790673442,193.34368069639362,12894900
2025-01-16,193.4033660888672,195.9600509657404,193.29393505181625,194.8110326665957,13449600
2025-01-17,196.527099609375,197.7805699314551,194.29869274589717,197.02451063588327,22109100
2025-01-21,198.59632873535156,202.78452102376292,198.40731011895576,199.4717618084452,19005200
2025-01-22,198.99424743652344,201.0734218150751,198.16854333839012,199.51155913723645,15477400
2025-01-23,198.54661560058594,200.89439658917047,195.80091180571193,198.94453840687535,15170800
2025-01-24,200.85458374023438,201.5211279313994,198.74954276629634,198.81521049963683,12732400
2025-01-27,192.7666778564453,197.64129995540554,191.70221094916442,193.18450130666076,24970200
2025-01-28,196.04959106445312,196.20875105775642,191.6126779883814,193.64210831596336,15939200
2025-01-29,196.1590118408203,197.43239807765912,194.17932560262406,196.34803046612717,12287800
2025-01-30,201.58079528808594,202.18564878993757,198.43914254242208,198.72564570444456,14571500
2025-01-31,204.53543090820312,206.00776337361216,202.5258860052901,202.66018152477574,17060300
2025-02-03,201.59072875976562,204.15737133226068,200.61580745355215,201.1679263753053,16719500
2025-02-04,206.63449096679688,207.61935506351793,203.20234281222488,203.44110556464975,28285400
2025-02-05,192.2991180419922,193.5426456868838,188.92667167623742,192.1001566547657,43666400
2025-02-06,192.3090362548828,192.82634793947418,189.5036461395329,190.00105713400717,20816600
2025-02-07,186.17098999023438,192.01556928787184,184.14155977279586,191.74199930755367,29565700
2025-02-10,187.22549438476562,189.0062342371054,186.63855305725247,188.08104189834265,16606000
2025-02-11,186.10137939453125,187.82241739440514,185.11650004096026,185.86759559150192,13028100
2025-02-12,184.4698486328125,185.86260863474703,182.67918105569393,184.27088725533045,17632300
2025-02-13,186.90716552734375,187.01659655647276,183.92269947449384,184.96725044916784,12729300
2025-02-14,185.90240478515625,187.17577588491002,185.146345438359,185.86261857944308,12714200
2025-02-18,184.8379364013672,186.8076797724687,182.62943027809777,186.46944392506552,19796000
2025-02-19,186.1610565185547,186.38986134149175,184.53949170694256,185.22094238771552,13120500
2025-02-20,185.673583984375,186.15109431078312,183.64415371230572,185.5343095066818,12063800
2025-02-21,180.63978576660156,186.4992869075997,180.1921188897077,186.32021104897444,19520800
2025-02-24,180.25180053710938,184.13160026365543,179.9434081459966,182.84828656326837,18734000
2025-02-25,176.4515838623047,179.82403003732153,175.85469973438364,179.22216694157265,20832500
2025-02-26,173.79537963867188,177.15788245521742,172.6911267431646,176.0287650845869,23637200
2025-02-27,169.3286590576172,175.67561308631582,168.8730228102201,175.0289848591496,25930500
2025-02-28,171.3282470703125,171.6067960175819,167.51807696614574,169.41819064055986,30049800
2025-03-03,167.7866973876953,174.09386579684514,166.77197460528376,172.83043749186666,24122000
2025-03-04,171.7162322998047,174.25799531635866,166.67247728926768,167.07041521167136,30711400
2025-03-05,174.0839385986328,174.83999799008473,170.0449478001638,171.4277652018082,18848000
2025-03-06,173.30795288085938,175.8148934721599,171.61475473144714,171.65654466452523,19082400
2025-03-07,174.83998107910156,175.9840204025861,171.35810378876383,172.34497166683056,16395300
2025-03-10,167.13125610351562,169.7605774820014,164.89534132286738,169.4717571323316,28990700
2025-03-11,165.3086700439453,167.9728537301256,162.5797620234785,166.00583577190864,23705900
2025-03-12,168.31646728515625,168.84432244608345,164.8106999243913,167.78861212422908,19880100
2025-03-13,164.06373596191406,167.4400243076883,163.4064169189429,167.30059115347333,15206200
2025-03-14,166.9420623779297,167.56951922978888,163.84464004758223,164.64639215796623,18611100
2025-03-17,165.89630126953125,167.77865640165328,165.13936542573015,166.64823727610516,17839100
2025-03-18,162.01206970214844,165.76682596846985,158.15772701000932,165.28877161215254,24616800
2025-03-19,165.60745239257812,167.45295447296462,162.3905209059076,163.25201254718093,24955700
2025-03-20,164.3824462890625,166.35443377962133,162.4801677759252,163.16239481198508,19981500
2025-03-21,165.5775909423828,165.7967023536815,162.37061322836445,162.71920370917795,29882100
2025-03-24,169.24270629882812,169.81040821325706,166.76278689621088,168.58040259573553,18742800
2025-03-25,172.09112548828125,172.210650469325,169.86019513644072,170.48763669935926,13841600
2025-03-26,166.4639892578125,171.244578340995,166.18611076415286,170.60716747637557,22498000
2025-03-27,163.41636657714844,166.76277738476176,163.18730108651417,166.0357341858343,21571200
2025-03-28,155.4287872314453,163.147441081811,154.7107103643924,161.70330888470545,34866500
2025-03-31,155.59811401367188,156.49448302721146,151.5943840899133,154.1838591136328,33591600
2025-04-01,158.23739624023438,159.4325396613724,154.62705797398158,154.6718741426035,20111400
2025-04-02,158.2174835205078,159.62675379666416,155.89690549651638,156.32517424283495,17113300
2025-04-03,152.01268005371094,154.0613519562659,151.56448795871475,152.2168527377023,28416100
2025-04-04,147.14244079589844,152.47079250741373,146.94323757918465,149.29369268393287,39832200
2025-04-07,148.63638305664062,154.30335627650962,142.08299497921362,142.81003813516674,47823000
2025-04-08,145.98715209960938,153.8153625667436,144.62269799229472,152.95385562909811,35304400
2025-04-09,160.40858459472656,161.2153060890066,145.22026376925504,145.73816486569785,46479500
2025-04-10,154.7415771484375,159.38273270520003,151.5844005272355,158.11786516138866,35270500
2025-04-11,158.7552947998047,159.213440999718,154.95573747217279,154.95573747217279,22582000
2025-04-14,160.81690979003906,163.3665530261246,159.2731759753095,161.65350862742855,18255900
2025-04-15,158.0382080078125,161.39458830381662,157.00740563751106,160.91653392939605,15690800
2025-04-16,154.8710479736328,157.54020086276404,153.2874827059585,154.8411705306255,16921500
2025-04-17,152.73971557617188,156.434716671676,150.28965868848178,155.97657051648838,19513400
2025-04-21,149.25387573242188,150.44901916404316,147.7997741726159,150.35440218598697,16147800
2025-04-22,153.27752685546875,153.98466186176083,150.25978327077377,150.45898650437022,15910300
2025-04-23,157.08209228515625,159.37279282304678,155.71763820347564,157.27132624917084,18575700
2025-04-24,160.81690979003906,161.05594454232423,157.45057588145013,157.88381402234566,30787500
2025-04-25,163.1873016357422,167.55954532138895,162.34073344996503,166.4241567505421,35148100
2025-04-28,161.76307678222656,164.28284276799292,159.73133442106317,163.59563109967962,20871200
2025-04-29,161.40452575683594,162.02201322671587,158.74532672732573,161.38958703408312,15955200
2025-04-30,160.2392578125,160.72129376483562,156.51936392224943,159.21342500394488,20639500
2025-05-01,162.13157653808594,163.27693439217705,160.27909884439842,161.8626795159106,21904300
2025-05-02,165.1393585205078,166.02575819757342,162.9980605401917,164.28782092891186,16844900
2025-05-05,165.37838745117188,166.42414359888113,163.8047761883749,163.84959235508165,15309300
2025-05-06,164.53182983398438,166.0656096677416,162.47021004852107,163.29685485815608,10691900
2025-05-07,152.18199157714844,166.31460145207316,148.88538156064425,165.39832428714405,78729800
2025-05-08,155.12005615234375,156.77334579137747,153.47673579360423,155.28936674953536,38387500
2025-05-09,153.75558471679688,155.79728093263435,153.20780626010335,154.9208505989966,22871000
2025-05-12,158.93455505371094,159.7910772543865,157.25138809680772,158.45650074547206,31884900
2025-05-13,160.2392578125,161.40452376405077,156.94264799111681,159.27317989421834,24944300
2025-05-14,166.13531494140625,167.65912546103155,160.27909242860437,160.65756033705904,31769200
2025-05-15,164.7310028076172,166.83246912741302,163.17731494977232,166.46397052440602,22717600
2025-05-16,166.7528076171875,169.9597852649903,166.27475327380358,168.2467407377016,36271400
2025-05-19,167.1910400390625,167.27071830038446,164.74596753432272,165.04475721501143,21374700
2025-05-20,164.6513671875,168.99371848950767,163.59564161354652,167.08148579226153,33563300
2025-05-21,169.37217712402344,173.8240990890151,164.22308940102863,164.2828442949898,45567600
2025-05-22,171.28440856933594,177.40954350959885,171.1848221457587,172.64887782629978,45024100
2025-05-23,168.90406799316406,170.512541390871,168.57540089655492,169.59127963179472,24963600
2025-05-27,173.27630615234375,173.5850498768435,170.51752079679463,170.60715313028052,24341300
2025-05-28,172.67874145507812,175.76619388623624,172.31521228557347,173.27630553994464,25999200
2025-05-29,172.2604522705078,174.6905706753204,171.08521699876005,174.29219459507527,21174700
2025-05-30,172.15089416503906,172.73850419417116,167.84337497253614,171.71267136464456,36258300
2025-06-02,169.68092346191406,170.37012596378605,167.9678788892252,168.3264234555339,24742900
2025-06-03,167.03167724609375,169.1132202654776,166.0058292615901,168.18200445138862,25386700
2025-06-04,168.7048797607422,168.8941137128479,167.11632972752577,167.59936869055824,18508700
2025-06-05,169.12318420410156,171.66287351594346,168.6650532300248,170.92586104829266,25375400
2025-06-06,174.21253967285156,175.11886285343238,171.60314104448628,171.60314104448628,22258100
2025-06-09,177.1242218017578,177.40839873005288,175.15982995593336,175.36922348204553,18817600
2025-06-10,179.49740600585938,181.92548498841072,175.97248367921213,177.25381300637264,32908000
2025-06-11,178.28089904785156,181.23247731258908,177.49315522223304,180.71395372243103,18994400
2025-06-12,176.46609497070312,177.62279562613722,175.60854313516973,176.97463731379557,17345900
2025-06-13,175.37921142578125,177.83519582519614,173.0757912587669,173.08575730765713,20873200
2025-06-16,177.43333435058594,177.73745858726056,175.31937572808113,175.40412517766475,18132500
2025-06-17,176.72535705566406,178.20612932570185,175.43903685261162,176.49601621014995,17656100
2025-06-18,173.48458862304688,177.31765222631788,172.34783537554478,176.77519493381817,32531800
2025-06-20,167.2523956298828,174.86566520888314,165.79656140415713,174.36708892589806,55402600
2025-06-23,165.53729248046875,168.00026054280318,162.8649308992626,166.84357512657374,36975600
2025-06-24,167.2623748779297,168.76806975687913,166.4347364323062,167.2075235754851,27310300
2025-06-25,171.00167846679688,172.86634867217816,168.08101809998143,168.16975395608972,23627400
2025-06-26,173.93333435058594,174.15270915701169,170.37350720148157,172.89131162773484,25909100
2025-06-27,177.76239013671875,178.330759180761,172.21822436859895,174.13275544724416,74053100
2025-06-30,176.8848876953125,181.0629592542579,175.00027001149462,180.27022481423467,43964600
2025-07-01,176.40626525878906,176.7153801218203,174.16267197058608,176.30155328362758,25778500
2025-07-02,179.24813842773438,179.42264316852956,175.58859036409876,176.04229660403004,19325900
2025-07-03,180.035888671875,180.2552634412392,177.6826081403371,179.30797160007916,13287400
2025-07-07,177.05441284179688,179.82649584662397,176.1370342776054,179.62207773822146,20991400
2025-07-08,174.66123962402344,178.28089293698707,173.42476501767194,178.27092688927698,24108600
2025-07-09,177.15414428710938,179.76667937353494,173.38490846954042,175.60855462924354,31288000
2025-07-10,178.191162109375,179.07862729251107,175.23959900796677,176.16694359935292,24693700
2025-07-11,180.79371643066406,182.0900177172081,177.0354514767008,177.4034040338624,23975700
2025-07-14,182.28944396972656,184.20397492161146,180.19642187035925,181.55156086612874,20990400
2025-07-15,182.57864379882812,184.88206382814374,181.87065877105786,183.41624831579,23911600
2025-07-16,183.24671936035156,184.8072654587967,182.55868170023993,183.7951562789434,21152600
2025-07-17,184.174072265625,184.65968506880088,180.98318716041035,182.59359400026932,21654400
2025-07-18,185.41055297851562,186.8265078148914,184.20399166314442,186.08860942888958,21033400
2025-07-21,190.60569763183594,190.7153850173733,186.51738143933608,186.5672421082785,24665000
2025-07-22,191.56295776367188,192.8093983260779,187.95824617967162,191.87207258869435,26212900
2025-07-23,190.9646759033203,192.80941417343925,189.6384612100756,191.8122616415566,34068100
2025-07-24,192.64987182617188,198.40344636594713,191.40343112437813,197.54589455449943,45252100
2025-07-25,193.52737426757812,194.71896368694811,191.5829297825064,192.38063967306033,31101800
2025-07-28,192.86924743652344,194.26527015774164,191.30870123671065,193.856433954113,25553500
2025-07-29,195.87066650390625,196.10002254359046,192.44047454062365,192.74958939416115,31891600
2025-07-30,196.8778076171875,197.91483960451836,195.00315589990151,195.74105428582791,21150500
2025-07-31,192.3108367919922,196.26953353783088,191.53305903886246,196.0401927171234,27852000
2025-08-01,189.40911865234375,191.07236832994607,188.1626779989125,189.2396045493179,21236700
2025-08-04,195.192626953125,195.5216891462433,190.3763779334981,190.63065672257622,23386000
2025-08-05,194.7638397216797,198.13420493112548,194.12067207868012,194.98818991202364,19010200
2025-08-06,196.35928344726562,196.81798032699237,193.91326525690266,194.6940404711256,15383700
2025-08-07,196.71824645996094,197.8051390469662,194.6641147185485,197.14702995233705,14660600
2025-08-08,201.51455688476562,202.85073766140218,197.33648523042044,197.416259260937,24379900
2025-08-11,201.05587768554688,201.58436733075487,199.23108665544845,200.98107907047685,16690200
2025-08-12,203.57867431640625,204.54591353591007,200.82652345870838,201.51955180494028,19854000
2025-08-13,202.45187377929688,204.845033727696,198.07437484974005,204.39631813928864,19573000
2025-08-14,203.23965454101562,204.83508960561036,201.74890102600187,201.98323250057985,17777100
2025-08-15,204.32652282714844,206.7396300560372,201.50957005219533,204.13706141732277,21111400
2025-08-18,203.70828247070312,205.55302072657867,202.83079859585285,204.48607543767912,13000200
2025-08-19,201.91343688964844,203.70829941015938,200.3578660416823,203.3244011339479,13476600
2025-08-20,199.61997985839844,201.59433773057413,196.89775754210487,201.10572748289434,13971700
2025-08-21,200.04873657226562,202.78093999390543,199.82936179748154,200.14845791183663,11768900
2025-08-22,206.13137817382812,208.6342256189113,201.55445158058532,203.37924258904317,25723700
2025-08-25,208.56442260742188,210.4889196480279,205.3635563561227,206.41056953451064,22788800
2025-08-26,207.3578643798828,207.86642190508059,205.86213559347055,207.77666661423743,23051000
2025-08-27,207.61712646484375,208.97325445872858,205.8023016311913,205.87210960879617,15249000
2025-08-28,211.76527404785156,212.29376366184292,207.00886752192932,207.2481743869278,20915700
2025-08-29,212.92198181152344,214.72682548432343,210.36927372964016,210.66842253634155,24682200
2025-09-02,211.38638305664062,211.76430169728624,206.3707067455743,208.39492528628656,28900100
2025-09-03,230.4419708251953,231.13997459873178,224.47898735115547,225.8351154891725,72250300
2025-09-04,231.9975128173828,232.10720020502256,226.11430372222992,229.49964084428723,32196000
2025-09-05,234.5003662109375,235.4576393653349,231.71831725733676,231.99751875750673,26127700
2025-09-08,233.70193481445312,237.9336306885174,233.2727680706754,235.32873581763147,23128800
2025-09-09,239.4706268310547,240.11934919599457,232.92346207577276,233.73187510033893,22854800
2025-09-10,239.09136962890625,241.60644426204072,237.64420916870392,238.78197848839386,19990100
2025-09-11,240.30897521972656,242.09548207762805,236.1171944751673,239.670227822736,21308600
2025-09-12,240.90782165527344,241.9487806264288,238.03345058625408,240.32895441337703,14536600
2025-09-15,251.2675018310547,252.25557067635967,244.5007660792978,244.66045674238666,29935200
2025-09-16,250.9281768798828,252.73463376812833,249.22651032925336,251.83640041639592,24493500
2025-09-17,249.3612518310547,251.45713469310198,246.0976443107254,250.96810297309426,20491300
2025-09-18,251.83639526367188,253.64285211495618,249.6207367971961,251.36731345678214,21166400
2025-09-19,254.74070739746094,256.1978580599402,251.5749001290136,252.90429521414327,41616800
2025-09-22,252.38531494140625,255.80859778310395,250.31935701525043,254.28159202417987,20079000
2025-09-23,251.8463592529297,254.2716135136843,250.59880455040593,253.15878923661495,17521100
2025-09-24,247.34518432617188,252.4651536356117,246.73637702967133,251.65672540601142,16958500
2025-09-25,246.08766174316406,246.83119948479083,241.1772729521053,244.36103504174346,17379800
2025-09-26,246.6964569091797,249.6307080908706,246.15751996286122,247.30028436747259,16594600
2025-09-29,243.88197326660156,251.15571056924117,242.72423885260133,247.7893078776783,23157200
2025-09-30,243.07357788085938,243.19833335962917,239.1023575820505,242.5845309216633,22541200
2025-10-01,245.05966186523438,246.666512952486,238.7320679853251,240.70819039614514,23967700
2025-10-02,245.9479217529297,247.15056633705015,242.62942922539503,245.15947386631728,20657500
2025-10-03,245.9678955078125,246.6345880461835,241.9956853826143,244.75028083348028,19941400
2025-10-06,251.0179901123047,251.7066427694446,245.20938312792492,245.29920341478498,18309000
2025-10-07,246.64657592773438,251.0579278171748,246.32719459308916,248.4430426338229,13811200
2025-10-08,244.97984313964844,246.7763098352955,244.61055656999375,245.71838582107753,14136500
2025-10-09,241.7362060546875,245.07464870084345,239.21114111980023,244.5806218715314,19375700
2025-10-10,237.02542114257812,244.36103373708602,236.2219879862294,241.6862837352197,22449100
2025-10-13,244.1614227294922,244.51074413405232,240.2790331457649,240.55848417783739,12465000
2025-10-14,245.70840454101562,247.53980637822448,240.7062003860947,241.28208274297785,17705400
2025-10-15,251.2176055908203,252.26553937260695,246.3072168107861,247.59969690234325,16048100
2025-10-16,251.3872833251953,257.0761148486886,250.17964359711988,251.97113043417468,18946000
2025-10-17,253.2935333251953,254.38141265847207,248.1037085285355,250.8583192068179,17653800
2025-10-20,256.5172119140625,257.3755454382386,254.10196292360385,254.730720175168,13726800
2025-10-21,250.84832763671875,254.88043315871175,244.1913772492023,254.75068259010632,27836400
2025-10-22,252.03599548339844,256.6768929861004,249.96106769580882,254.51113980291018,19650200
2025-10-23,253.233642578125,255.35948069055303,252.27353409197949,253.20370248321245,13241300
2025-10-24,260.0003967285156,261.99648430275073,255.59901997238168,256.7966542421952,18406000
2025-10-27,269.4019470214844,270.27024022649704,264.421718365036,264.8408796912386,22987700
2025-10-28,267.9049072265625,270.84914880986616,266.6473926687049,269.6714643596973,20101200
2025-10-29,274.6317138671875,275.430136689206,267.9048782372746,268.084518803547,26287900
2025-10-30,281.3485412597656,291.3589193601236,279.9013960238178,291.149338690232,48570000
2025-10-31,281.2687072753906,285.72496912802427,276.98011604793214,282.650977208601,29932800
2025-11-03,283.564208984375,285.38065607049083,279.82154461028614,281.86755274284974,19691800
2025-11-04,277.51605224609375,281.28268678839237,276.3233826138772,276.5230035539034,18123700
2025-11-05,284.1929626464844,286.1391601752395,277.33640684061817,278.83347249108255,20063200
2025-11-06,284.7818298339844,288.2450432279728,281.0691054763307,285.1760461917381,23103800
2025-11-07,279.1528625488281,283.9434605971931,275.20058717815346,283.65401936749936,21991100
2025-11-10,290.02154541015625,290.88983864655734,282.9853487736345,284.706980427471,19508200
2025-11-11,291.1692810058594,291.7681133620935,287.3168466563392,287.63622797404787,14156700
2025-11-12,286.86773681640625,291.7880856925171,283.82371525365465,291.5136297250364,16998800
2025-11-13,278.573974609375,282.95540141720784,277.4561704506044,282.43140406714,18060200
2025-11-14,276.43817138671875,278.60390928776036,270.8790603381107,271.3630969415388,18330500
2025-11-17,285.04132080078125,293.94385460993595,283.67400564199863,285.839743672837,34286100
2025-11-18,284.4025573730469,288.8688095426974,278.46421494061445,287.9206557340323,29702200
2025-11-19,292.4168395996094,303.654822395168,287.1072697972532,287.1222246159708,43123600
2025-11-20,289.41278076171875,306.2897067467055,288.6043676402575,304.14388799780994,34801400
2025-11-21,299.0638122558594,303.3653785062888,293.7841521372714,296.28925176883206,43670600
2025-11-24,317.8470153808594,319.1744002550105,308.7947506575406,310.4016170398079,55311800
2025-11-25,323.00689697265625,328.02705586506585,317.1942849998955,326.1606884500195,50899300
2025-11-26,319.6534423828125,324.3542197899175,316.5794811174511,320.15246424431047,29839600
2025-11-28,319.4937744140625,326.24056020701124,316.32000245950996,322.7972969350763,19695800
2025-12-01,314.5035400390625,319.0047270753606,313.3657860079027,316.8539440232833,28520600
2025-12-02,315.40179443359375,317.97676452439663,313.6053277555434,316.28007786122015,24668200
2025-12-03,319.9927978515625,321.4100334471199,313.66520382303423,315.4117804706808,32285100
2025-12-04,317.7671813964844,322.46695407539863,314.9726404703706,322.4130740860983,20831600
2025-12-05,321.4599304199219,323.19651692069215,319.3540725789078,319.3740224904766,15719900
2025-12-08,314.0396423339844,320.8107929430465,311.5029486020491,320.61104175996445,22006900
2025-12-09,317.3353271484375,318.293090499111,312.2120170689398,312.69140162718145,14151300
2025-12-10,320.5810852050781,321.44994495209085,314.98838728040494,316.2067963622882,22764500
2025-12-11,313.2906188964844,321.5697781115332,309.47559686198167,320.68095545193773,25912100
2025-12-12,310.11474609375,315.72743733563,306.5593944963072,314.384191403608,21264800
2025-12-15,308.91632080078125,312.2919145159097,305.34097591001495,312.2170002056079,22028900
2025-12-16,307.3283996582031,311.4380195138882,303.4334650759046,305.6006464692463,21285200
2025-12-17,297.6710205078125,308.79149875866017,297.0618312050489,308.60674262731374,29120400
2025-12-18,303.3536071777344,304.8616463852272,300.2376836446455,302.6645051874067,21040500
2025-12-19,308.2072448730469,308.58675384401073,301.9454382853998,302.87421730733627,45234400
2025-12-22,310.9236755371094,311.29321825822973,306.1898713767453,310.8188320764369,14091400
2025-12-23,315.2680358886719,315.8872219232364,310.34447676582494,310.7289841005398,13961400
2025-12-24,315.258056640625,315.87724264961207,312.9111173503096,315.7374107235817,6138200
2025-12-26,314.5489501953125,316.14686819703024,313.31057822091293,315.50771928299366,6730900
2025-12-29,313.979736328125,314.5589660191107,311.4929650481145,312.41177786022433,12317700
2025-12-30,314.1394958496094,317.28540943965805,312.8412045581068,313.000999413296,11052500
2025-12-31,313.3904724121094,314.97842425011913,311.7925848269269,312.9610408855354,10821500
2026-01-02,314.90850830078125,322.4925921245844,310.2445893355621,317.17553493261676,22043700
2026-01-05,316.9058837890625,318.8333576971289,314.8375721951358,317.2803943893332,19934000
2026-01-06,314.1394958496094,321.1403574586827,311.9323884629541,316.89590376555594,18989900
2026-01-07,322.00921630859375,326.0389542255147,314.08957240180337,314.1594883653292,24681800
2026-01-08,325.58453369140625,330.10862036359265,321.56976069270803,328.8352904632479,21789600
2026-01-09,328.7104797363281,331.04742232785975,325.8242366201649,327.06260864018543,17917700
2026-01-12,332.2957763671875,334.00353617058494,325.0851977244808,326.0738959562766,23893800
2026-01-13,335.9909362792969,340.7547307187532,333.9136641838289,334.842443176996,24616700
2026-01-14,335.87109375,336.5901553278728,330.7078579636465,334.5478107597875,17839300
2026-01-15,332.7252197265625,337.68873494454425,330.85766500986597,337.61382063072415,16424900
2026-01-16,329.9089050292969,334.8025044691476,327.74175393116076,334.49790980660475,21868600
2026-01-20,321.73956298828125,327.66181662107743,320.4712313964823,320.82075024052295,27169900
2026-01-21,327.95147705078125,332.290808151728,319.12301669075015,320.67598013932434,22791700
2026-01-22,330.4082336425781,334.7725256981915,328.4508000741002,333.8287821334127,19902100
2026-01-23,328.00140380859375,333.59410211341356,327.54201262517483,332.2208964370305,19110600
2026-01-26,333.1546630859375,335.9110710528279,327.06261745942396,327.7717128570099,18502500
2026-01-27,334.56280517578125,337.77360575319784,333.3144364997522,335.19198786494,16080900
2026-01-28,335.8411560058594,337.18940036194795,331.69657781901543,336.17071194822404,17538500
2026-01-29,338.2180480957031,341.84331577646435,326.29362750773345,339.9058450626567,24548300
2026-01-30,338.0882263183594,339.8459393190057,332.2059284569407,334.02353024324157,21740200
2026-02-02,344.44989013671875,344.71455893391885,335.5715076740309,336.1107810155394,22775200
2026-02-03,340.2554016113281,349.6930511556747,338.14813929481124,348.0602055415327,25786500
2026-02-04,332.90496826171875,343.800733734723,328.94014812343124,343.3063846149433,36991100
2026-02-05,330.8975830078125,332.2098940118301,306.5194661993319,312.79126924034074,51842000
2026-02-06,322.6783752441406,330.2085444197576,319.732212669293,326.9228291868256,33877000
2026-02-09,323.9766540527344,327.3122917175226,317.28541579501643,320.82077417447744,26103300
2026-02-10,318.2142028808594,321.21028797646636,314.2493823852293,320.49122633441056,25281900
2026-02-11,310.9236755371094,320.6260234898432,309.7252599216724,318.5437226409867,24008100
2026-02-12,308.96624755859375,316.06698440393103,307.74783851722964,311.94236944068,28194000
2026-02-13,305.6206359863281,308.48691626632296,303.5034074415816,307.5830680236357,20236000
2026-02-17,302.4248046875,304.49211049817023,296.51251731768605,300.24765706433305,23750800
2026-02-18,303.5433654785156,305.51079587835017,301.58593178171805,302.0373377837931,15847700
2026-02-19,303.163818359375,305.63059595669705,300.27760597580755,302.1251671400422,13448600
2026-02-20,314.4890441894531,316.3466327070812,304.0227402687717,304.4022187611668,33663100
2026-02-23,311.2832336425781,319.0380841366731,309.5854400242665,318.7235232646917,17641200
2026-02-24,310.5142517089844,311.962341120562,305.69053796389596,310.23461833809165,15040700
2026-02-25,312.6214904785156,313.25067319659894,308.95626646698753,311.71267438325657,20209100
2026-02-26,306.7491760253906,312.59154811608227,302.01537127964497,312.39679526824995,22380000
2026-02-27,311.0235595703125,311.6727051893538,303.1948006205073,303.54334418120766,33389200
2026-03-02,305.9601745605469,307.7378808552178,300.6671034421218,302.5696161295488,21854400
2026-03-03,303.163818359375,303.54332729400136,296.31178027781107,298.03054247338764,20361100
2026-03-04,303.05401611328125,305.06137237929244,300.40744992717754,302.28999979339955,20015600
2026-03-05,300.5173034667969,302.97408452968756,297.68101344342887,302.80432345436964,22643900
2026-03-06,297.91070556640625,299.9380551922433,294.864698015099,295.6856162816382,17598000
2026-03-09,305.8259582519531,306.3156537788302,293.7532067591801,293.95810054029374,19632700
2026-03-10,306.7453918457031,308.9640578626859,305.12637106289316,305.6910336876566,14386400
2026-03-11,308.2344970703125,310.8818905063814,305.6560318751311,306.11574664278464,13376700
2026-03-12,303.0276184082031,308.4543755816348,300.6590487824004,306.02581398501115,15610200
2026-03-13,301.2786865234375,307.075216570357,299.59970423366394,306.4705694514694,16857500
2026-03-16,304.2369079589844,305.3862101461126,301.62846198721604,303.41739386063404,14822000
2026-03-17,309.2239074707031,309.86350667991195,304.1669532729026,304.4867681271186,14423600
2026-03-18,306.1157531738281,310.56308876859424,305.36123291378533,307.7197987713232,13848400
2026-03-19,305.5461120605469,306.495522328792,300.8189462117848,303.0276083402022,15399700
2026-03-20,298.61029052734375,304.1869208156099,296.5715090190732,303.8871134611093,34763500
2026-03-23,298.84014892578125,303.18753879791194,297.8507541028747,300.3492505237287,22204100
2026-03-24,289.02606201171875,296.9213041605432,288.6812683049409,296.03182484480067,27411200
2026-03-25,289.4158020019531,294.48275961254154,287.1971361576211,291.97425966938914,22343000
2026-03-26,280.5711364746094,286.34268744484854,278.8821505013807,286.01787071952646,29281200
2026-03-27,273.5953369140625,278.92211737858287,273.3155065603785,277.2331315119547,25703300
2026-03-30,272.9757385253906,276.0938571665062,271.37169284977546,275.2743430238678,22752300
2026-03-31,286.68743896484375,286.8773271197116,276.59353851793674,277.37306812768094,31625100
2026-04-01,294.7226257324219,297.80576171350253,289.2958989360971,289.8056019553753,24403600
2026-04-02,294.2828674316406,295.7220036805807,287.3970277745505,288.8161565344196,13433400
2026-04-06,297.48095703125,298.2454810135183,293.6132897699338,294.52274605218776,10121700
2026-04-07,303.7471923828125,303.9171035550764,295.2473028799287,299.9594938576911,17317700
2026-04-08,314.5506896972656,319.1979173516329,312.5169099892079,317.63882755519,20887500
2026-04-09,316.1797180175781,317.23907805281584,309.2838740431667,313.00163791186503,14606800
2026-04-10,315.53009033203125,319.3078153785124,314.3508074416827,318.03358841229215,11997600
2026-04-13,319.01800537109375,319.2378742739686,313.50133630699344,315.23030679320124,12212800
2026-04-14,330.38116455078125,330.4411565240312,320.95684339258287,321.87130162031684,18557500
2026-04-15,334.2688293457031,334.79850934948115,328.462326295132,330.3611774124935,15104100
2026-04-16,332.56982421875,337.1770671128283,331.4505027908985,335.64798864456304,13949600
2026-04-17,339.19586181640625,339.7805014284534,333.0895513147008,334.22884980226,19683800
2026-04-20,335.1982727050781,338.9560210703948,334.4287467895101,338.3563758313641,12897300
2026-04-21,330.271240234375,336.9672227230362,329.43174911178386,335.3831540609058,14623800
2026-04-22,337.5268859863281,337.8266933540505,332.7597353449777,334.6835958687374,12954200
2026-04-23,337.5468444824219,339.9553985352305,334.8584600686641,339.3707589505945,13442100
2026-04-24,342.1141052246094,343.48327630328015,333.84906002833503,337.516865979281,18260900
2026-04-27,348.31036376953125,350.688937144481,340.6050096635064,343.6731704622599,17443000
2026-04-28,347.2909851074219,349.6895354514848,344.0729206585439,346.7113473864688,18502300
2026-04-29,347.1011047363281,353.1874381893852,342.22403497775565,345.27221882647495,22232200
2026-04-30,381.71026611328125,382.3998535192728,362.87159825964693,371.0316955643996,44570500
2026-05-01,382.989501953125,383.15941312113796,375.0342982758103,377.7526634694606,28047900
2026-05-04,379.41168212890625,383.94892960999147,376.5433826561863,382.0900629369803,18275000
2026-05-05,384.0388488769531,388.72603026067463,380.1212238542502,381.6402985876544,15432500
2026-05-06,394.90234375,396.14158814851396,386.86717115178936,389.3556636937157,23097300
2026-05-07,395.0622253417969,397.11601249324696,390.0752364541107,396.8211765082595,15153600
2026-05-08,396.8111877441406,398.13040116879216,393.43324621625237,394.032860955436,13762500
2026-05-11,386.537353515625,394.09280386567815,385.99770027578,390.4550091226855,16314900
2026-05-12,383.5891418457031,386.2075610512266,379.49160187176113,384.7684247628253,17103900
2026-05-13,398.79998779296875,399.6894366024174,381.3504679441929,381.67528465785847,18160100
2026-05-14,396.9311218261719,398.8639490394177,392.4917770286838,393.55314996386056,13805400
2026-05-15,393.08343505859375,395.6418928419125,389.5255787505654,392.97848723377916,15801900
2026-05-18,392.87353515625,404.2267181336527,390.66487298033206,391.8891422596936,18592800
2026-05-19,384.6684875488281,393.1264099838384,382.7696364443794,393.063429089017,25559400
2026-05-20,384.6684875488281,390.46501731409904,379.7714408586532,384.8084179824556,16488100
2026-05-21,383.2393493652344,388.4462070831433,379.25175905431604,381.7802360746463,16837600
2026-05-22,379.1518249511719,384.6385132044718,378.0325034604433,383.0294961863553,13382800
2026-05-26,384.6085205078125,385.15820799010294,378.911967276954,380.76583200111435,16150900
2026-05-27,384.5985107421875,389.49058591164453,381.7702264112071,382.5347809021544,16893100
2026-05-28,385.88775634765625,389.76542753221133,381.0206903760399,383.6291059052824,20795400
2026-05-29,376.2035827636719,381.4204443301482,374.07485900677307,380.9957121529665,48018600
2026-06-01,372.35589599609375,374.37470057389226,369.4876270555196,372.35092462272263,19091900
2026-06-02,358.1744384765625,369.56757513109494,354.78646296524,362.94155828091095,34648600
2026-06-03,355.466064453125,362.28196979782444,354.16685855422884,358.1194663498822,43031000
2026-06-04,369.0478820800781,369.63752354949486,354.58658421381983,355.226213908984,37746200
2026-06-05,365.5400085449219,368.97794185707363,361.41248782137086,363.16143521275876,23411500
2026-06-08,361.1700134277344,363.3800048828125,357.8900146484375,362.4849853515625,18739000
2026-06-09,362.2900085449219,369.6919860839844,354.7200012207031,364.885009765625,19873600
2026-06-10,353.32000732421875,366.30999755859375,352.80999755859375,361.04998779296875,19878600
2026-06-11,356.55999755859375,358.010009765625,343.6300048828125,353.04998779296875,28771800
2026-06-12,358.1600036621094,364.77301025390625,353.3399963378906,361.1000061035156,17637100
2026-06-15,367.1099853515625,370.6499938964844,364.6499938964844,365.989990234375,17268600
2026-06-16,371.1000061035156,373.6000061035156,365.32000732421875,367.4649963378906,16492800
2026-06-17,362.1000061035156,370.1499938964844,360.2300109863281,367.04998779296875,16003500
2026-06-18,367.4599914550781,369.0,356.6080017089844,363.8900146484375,29339100
2026-06-22,348.7799987792969,358.20001220703125,340.94000244140625,357.135009765625,32211200
2026-06-23,346.0799865722656,348.7200012207031,339.7149963378906,340.1050109863281,21820900
2026-06-24,345.0400085449219,352.8299865722656,341.5,348.7200012207031,23898400
2026-06-25,342.19000244140625,343.19000244140625,335.8999938964844,336.9200134277344,27687600
2026-06-26,334.69000244140625,344.1199951171875,333.69000244140625,340.9800109863281,82484600
2026-06-29,351.2799987792969,351.9700012207031,338.80999755859375,339.95001220703125,25565700
2026-06-30,353.3299865722656,355.3900146484375,348.1099853515625,350.9599914550781,21278400
2026-07-01,357.8900146484375,359.55999755859375,353.2300109863281,354.614990234375,19546800
2026-07-02,356.17999267578125,360.989990234375,350.32000732421875,356.1499938964844,15532900
2026-07-06,364.8999938964844,365.67999267578125,354.19000244140625,358.19500732421875,22652700
2026-07-07,363.6199951171875,370.8900146484375,362.4200134277344,367.2349853515625,16443900
2026-07-08,358.7099914550781,364.9800109863281,354.70001220703125,362.2099914550781,14710400
2026-07-09,356.239990234375,356.7300109863281,348.6600036621094,351.0849914550781,17217400
2026-07-10,355.0299987792969,355.67999267578125,350.70001220703125,354.9540100097656,11618500
2026-07-13,350.6700134277344,355.75,349.82000732421875,353.989990234375,10583500
2026-07-14,357.3299865722656,357.8800048828125,348.8399963378906,348.8399963378906,11252600
2026-07-15,370.2099914550781,372.1400146484375,355.6700134277344,356.010009765625,20258200
2026-07-16,353.80999755859375,374.3500061035156,351.6700134277344,372.1700134277344,23603700
2026-07-17,346.1199951171875,348.1700134277344,341.125,345.7699890136719,22023900
2026-07-20,351.3699951171875,359.489990234375,350.0050048828125,350.1700134277344,13203300
2026-07-21,346.19000244140625,350.739990234375,346.010009765625,350.55999755859375,17419500
2026-07-22,341.9100036621094,349.45001220703125,341.6400146484375,347.17999267578125,23273800
2026-07-23,318.3399963378906,324.45001220703125,314.8900146484375,321.6300048828125,46751900
2026-07-24,319.0899963378906,323.9800109863281,317.5,318.29998779296875,21630800
2026-07-27,326.57000732421875,330.10101318359375,324.4100036621094,324.739990234375,21419600
2026-07-28,332.6000061035156,335.2099914550781,324.5400085449219,327.79998779296875,20986900
2026-07-29,335.760009765625,341.9800109863281,330.4079895019531,333.5,20242900
2026-07-30,333.67999267578125,335.45001220703125,329.82000732421875,333.0799865722656,17309500
2026-07-31,356.6499938964844,358.8800048828125,339.1600036621094,340.07000732421875,30514500
2026-08-03,372.4700012207031,376.1000061035156,363.260009765625,365.29998779296875,27165400
2026-08-04,375.3500061035156,377.66900634765625,366.1600036621094,366.5199890136719,19983300
2026-08-05,360.1300048828125,381.80999755859375,355.1600036621094,380.0,29436300
2026-08-06,356.6199951171875,361.9599914550781,355.8299865722656,358.7919921875,16513400
2026-08-07,353.4700012207031,357.54998779296875,352.82000732421875,355.2799987792969,14516700
2026-08-10,355.8399963378906,355.92999267578125,351.4700012207031,354.239990234375,12789500
2026-08-11,343.0,355.0,342.57000732421875,354.0,18390200
2026-08-12,342.3699951171875,345.5,339.82000732421875,345.3299865722656,15608800
2026-08-13,343.94000244140625,345.8299865722656,342.3999938964844,344.57000732421875,14997800
2026-08-14,343.5400085449219,348.05999755859375,342.07000732421875,344.260009765625,10946800
2026-08-17,341.45001220703125,345.04998779296875,339.57000732421875,344.05999755859375,12583300
2026-08-18,340.9200134277344,342.0799865722656,337.5199890136719,339.8046875,4668874
