Date,Close,High,Low,Open,Volume
2018-01-02,109.59029388427734,110.1570190713434,109.18886854779389,109.92876043148856,6842100
2018-01-03,110.63717651367188,110.73162672135288,109.33055925863403,109.6926384055007,5350500
2018-01-04,110.62931823730469,111.0937144749861,110.3695681356046,110.55060171783633,4837600
2018-01-05,111.54236602783203,111.62894938653508,110.41678236469232,110.73950324808129,6158800
2018-01-08,111.68403625488281,111.77061960964643,110.92053176572718,111.53448209570449,5129800
2018-01-09,113.45508575439453,114.6672410969728,111.9753014051413,112.06188478750094,8897000
2018-01-10,113.32127380371094,113.470828005999,112.8096523847368,112.99068599307985,6558600
2018-01-11,113.96670532226562,114.0532887032071,113.10088352330746,113.44721704707332,4962200
2018-01-12,114.73017120361328,115.24967131340006,114.0532500937115,114.12409975264782,5450600
2018-01-16,115.59603118896484,116.54056941638665,114.94272247896383,115.2496977031373,8804000
2018-01-17,115.69048309326172,116.74522927285628,114.5098072891776,116.3674043680215,10619700
2018-01-18,115.64324951171875,116.05255379007988,114.89549062599774,115.65111635940578,5554800
2018-01-19,115.98954772949219,116.21780634759627,115.2496559163018,116.06826422425958,8738800
2018-01-22,116.60350036621094,116.60350036621094,115.4857957780185,115.71405440084222,7010400
2018-01-23,111.63679504394531,116.0525214787531,111.47149520490441,115.67470871723965,17473600
2018-01-24,111.82575988769531,112.99855697078398,111.61323485507556,112.95133185474776,13034400
2018-01-25,113.65972900390625,113.86438718083451,111.93595227108494,112.01465679182502,7938800
2018-01-26,114.39171600341797,114.60424095811359,113.44717799764635,113.73840744672574,8065600
2018-01-29,113.09298706054688,114.08476236249544,112.97492429148377,114.01392470105758,8013400
2018-01-30,112.10910034179688,113.20320481214517,112.10910034179688,112.87260500918119,8376100
2018-01-31,108.7717056274414,112.21928210434352,108.70086797638386,112.21928210434352,13137400
2018-02-01,110.2121353149414,110.72375660538091,107.8350384046992,108.25220949024609,9393600
2018-02-02,108.37029266357422,110.47977305041604,108.13416710685604,109.42503886222292,9262500
2018-02-05,102.63219451904297,107.83503884443724,96.14635152840307,107.50445111551161,19954100
2018-02-06,103.76564025878906,104.67869890272034,100.75098057076876,102.3330814887811,19193500
2018-02-07,103.44291687011719,105.02501774956427,103.38782492439594,103.81286282871892,10550400
2018-02-08,99.46012878417969,103.30913136964779,99.26334948633274,103.04151440708519,11680200
2018-02-09,101.95527648925781,103.04936877233561,98.73597044896206,100.37316944475337,15030900
2018-02-12,102.53775787353516,103.36423331037044,100.4991212651143,102.3252328731021,9963900
2018-02-13,102.29376983642578,102.79752442920825,101.30199434936944,101.70343186001867,6339000
2018-02-14,102.06549835205078,102.33311535023617,101.05798917380017,101.88446473686146,6259700
2018-02-15,103.29337310791016,103.33273136478672,101.85294738149507,102.40393895685939,5606400
2018-02-16,104.80463409423828,105.82788869736498,102.98639556637761,103.08085778281236,7970100
2018-02-20,103.01001739501953,105.04078107968343,102.84472951966634,104.5842516922361,6563500
2018-02-21,102.25439453125,104.2379211539467,102.21503627062283,102.95492833277608,6578000
2018-02-22,102.25439453125,103.12809507117173,101.9159279024022,102.40394871536033,5732200
2018-02-23,103.9151840209961,103.96240911674153,102.3409501070729,102.39604204862538,5126800
2018-02-26,104.62023162841797,105.6817196232448,103.7726174246188,104.335054486352,6684400
2018-02-27,104.3033676147461,105.42822971763555,104.24792287993824,104.731139396924,7158600
2018-02-28,102.88539123535156,104.82617415088002,102.87746192665288,104.52515051698977,7985900
2018-03-01,100.82579040527344,103.07551446452979,100.22374910396886,102.27543986181631,9424000
2018-03-02,102.04574584960938,102.27546623070144,100.53272196206305,100.53272196206305,6910400
2018-03-05,102.8140869140625,103.21809485829893,101.53871322389324,101.89519366583377,5799800
2018-03-06,101.57040405273438,103.13887203085164,101.33275445911407,102.98044299755826,5546500
2018-03-07,102.21997833251953,102.4497107311599,100.81786249311702,100.98422085376562,6391700
2018-03-08,104.61231994628906,104.80244210215693,102.4497333055116,102.4497333055116,6423400
2018-03-09,105.99067687988281,106.00652341448867,104.21623971231956,104.96878692667995,7557800
2018-03-12,105.0638427734375,106.33128739652878,104.8182759065357,105.99066550691997,4942000
2018-03-13,106.4263687133789,107.2502072239937,105.71341968581618,105.99067965554023,9152300
2018-03-14,104.81826782226562,107.49575148336667,104.48555109372633,107.1313658661849,6770600
2018-03-15,105.40447235107422,106.33922446287022,104.93710233885817,105.00047638773958,6147200
2018-03-16,105.89559936523438,106.46595368141823,104.6440012636031,105.48368620482846,14233500
2018-03-19,103.17057800292969,105.72924286857797,102.47347566435576,105.63418785417679,6017000
2018-03-20,103.93898010253906,104.3905035452327,102.48933057755737,103.59834612747416,6214300
2018-03-21,103.92314147949219,105.18266896862599,103.50329898311425,104.08948778095913,5158700
2018-03-22,100.90499114990234,103.51910652176737,100.68318808069105,103.35276026353927,7560100
2018-03-23,99.0988998413086,101.23772867003673,98.9404707622985,101.10305730482798,8452500
2018-03-26,100.9129409790039,101.03176580984073,99.18603742939693,100.13663003240961,8358200
2018-03-27,100.77034759521484,102.26753072261889,100.12077873372515,100.69113305965399,7789900
2018-03-28,100.9604721069336,102.2041651980275,100.77035599700015,101.1030607003042,6868500
2018-03-29,101.51497650146484,101.9981930490656,100.46141164341518,101.37239395661409,6119400
2018-04-02,98.67111206054688,101.30107407363123,97.86311426798073,101.25354656926869,8916900
2018-04-03,101.67340087890625,101.78430242459879,98.766178806306,99.16225748197394,8035000
2018-04-04,103.30524444580078,103.86766940371515,100.12076846713471,100.52477041385406,7717100
2018-04-05,103.54290008544922,103.93104947933456,102.58438430363204,103.30525044565165,5621700
2018-04-06,101.47537994384766,103.48745466269558,100.13663184332728,103.15474996528124,6399300
2018-04-09,102.56852722167969,103.88351128426365,101.1426476605924,101.91103519038771,6395800
2018-04-10,103.17851257324219,103.70133941507972,102.41803606808179,103.17851257324219,6019300
2018-04-11,102.6873550415039,103.25770926657314,102.21205582482582,102.29919361163809,4575400
2018-04-12,103.32111358642578,104.01821616680921,102.86959002403462,103.05178289395623,4559800
2018-04-13,103.47158813476562,104.10531642578091,102.6873601021678,103.84390305246104,4742300
2018-04-16,104.3746566772461,105.2618812016934,103.99442450240461,104.09740883433867,6379600
2018-04-17,103.4082260131836,104.72321025328431,102.03779703818681,104.6519189852623,11008700
2018-04-18,101.17435455322266,102.90125206179525,100.5564726843422,102.73490575952339,9383600
2018-04-19,101.0396728515625,101.61002711304417,100.51684609731065,101.10304084664192,5959500
2018-04-20,100.33466339111328,101.63380109808016,99.94650189739055,101.39615145064506,7743900
2018-04-23,100.4693374633789,100.84165245643491,99.63756966852264,100.50894171228315,7501900
2018-04-24,99.96233367919922,100.96837081169404,99.26523137289034,100.55645166643208,6577500
2018-04-25,100.41387939453125,100.48517066359565,99.24148371701371,99.74054677519125,5859600
2018-04-26,101.404052734375,102.36256839633282,100.30296060246644,100.30296060246644,8211100
2018-04-27,101.61002349853516,102.02193660478211,101.00005897360589,101.18225781764055,4266800
2018-04-30,100.19999694824219,102.17246736143285,100.19999694824219,102.07741233274244,8219400
2018-05-01,99.81974792480469,100.31880487237552,98.9959035674554,100.06531476578196,5122600
2018-05-02,97.8314437866211,99.95442596641001,97.59379413727811,99.4315991553281,7390800
2018-05-03,97.45911407470703,97.98194080667045,96.07283876524619,97.67299993548505,7282900
2018-05-04,98.37802124023438,98.63151134535889,96.4847656955305,97.11848793650137,6127600
2018-05-07,97.9027328491211,99.20979380369157,97.68885300447718,98.33842184853842,6707900
2018-05-08,97.12638092041016,97.82347698124462,96.39759785085425,97.32442019215983,5951800
2018-05-09,97.83936309814453,98.26712882346074,97.06304617953037,97.42743786175943,6808600
2018-05-10,99.29694366455078,99.85145755331537,98.22753222407353,98.40180784500862,4948000
2018-05-11,100.79410552978516,101.07928267627814,99.62171596636408,99.62963318888572,5716700
2018-05-14,99.8593521118164,101.0871984034041,99.4949604615142,100.88123580325734,6101600
2018-05-15,99.12266540527344,99.67717927927858,98.54439381703398,99.44745287994985,5875700
2018-05-16,99.29694366455078,99.73263271688852,99.0196897420096,99.36824098387979,3818100
2018-05-17,98.10869598388672,99.48704821265035,97.87105238233796,99.40783367880077,6473400
2018-05-18,98.41761779785156,98.57605287848683,97.65714754184339,98.053226177911,5433900
2018-05-21,98.0057144165039,99.01175165447846,97.6888502480214,98.71865728466923,5558700
2018-05-22,97.36406707763672,98.41763180634096,97.24524226116718,98.06908666669317,7172700
2018-05-23,97.79183959960938,98.20376487835145,97.22940850766103,97.33239284918756,4940800
2018-05-24,96.84123992919922,97.74429886099541,96.28673217938794,97.60963355656713,6923600
2018-05-25,96.93699645996094,97.99838101164492,96.66566227833687,97.00881645337364,4594800
2018-05-29,95.28508758544922,96.40233437195133,94.66262317127803,96.16292217180617,9821900
2018-05-30,96.5379638671875,97.02476403488895,95.39677748710916,95.85963766107167,6423700
2018-05-31,95.46063995361328,96.76143060200972,95.39679589898539,96.4980784430478,10337500
2018-06-01,96.76940155029297,96.81728154152927,95.73993911918839,96.06712920680884,5741000
2018-06-04,97.32005310058594,97.65523135085138,96.57788269182667,97.24025107471486,4853000
2018-06-05,96.94497680664062,97.80684715515896,96.48211656210971,97.3998550225406,5125400
2018-06-06,97.99039459228516,97.99039459228516,96.92901008815792,97.33600829810591,6799300
2018-06-07,98.42134857177734,98.54903060430905,97.57542999117275,98.15799638851823,7414100
2018-06-08,99.00389099121094,99.63433727577487,98.4213307876353,98.44527078387763,6208100
2018-06-11,97.88665771484375,99.22734631021221,97.79887366321785,99.17148428540519,5571400
2018-06-12,97.79090881347656,98.30164915529306,97.32006644581455,98.28569118333229,5227300
2018-06-13,97.86271667480469,99.02784331550711,97.72705262020676,98.27769695634518,5836900
2018-06-14,97.68714904785156,98.27769131932052,97.43177283477954,97.92655511485053,5239200
2018-06-15,97.84676361083984,97.9425297010365,96.75345691298722,97.4397653381349,13173500
2018-06-18,96.81729125976562,97.20832543395431,95.96339682882065,97.04872138814376,6787400
2018-06-19,97.81484985351562,98.29366816798587,96.21878474627803,96.29061084212644,8572400
2018-06-20,97.39189910888672,97.88668151210994,97.08864891314022,97.69514930463322,6277200
2018-06-21,96.92102813720703,97.55147443515857,96.64970005602734,97.22428433205931,4417200
2018-06-22,98.03030395507812,98.46124221186182,97.08064947279048,97.1045894723055,9501400
2018-06-25,97.83080291748047,98.50115339491151,96.96893243007611,98.01435307454638,8170500
2018-06-26,97.63927459716797,98.07021287531637,97.04075022560156,97.75099865944665,5496400
2018-06-27,97.04871368408203,98.13403815724836,96.92102558676666,97.46368782334982,5666000
2018-06-28,97.35997009277344,97.68716635737096,96.61779958541128,97.18440195942894,5296800
2018-06-29,96.833251953125,98.30163478760869,96.71355195965164,97.55148235648636,7308700
2018-07-02,97.02479553222656,97.14450162828459,95.85168675016686,96.83326334313173,5481400
2018-07-03,97.92656707763672,98.5250914510064,96.76942239119059,97.08065457826244,4248100
2018-07-05,99.75404357910156,99.84980965279881,98.34152900096308,98.6367970733149,7319100
2018-07-06,100.35257720947266,100.48824126016494,99.44282073417686,99.88174100230387,7297900
2018-07-09,100.59199523925781,101.15061553263583,100.23287697479661,100.72765929786326,6706100
2018-07-10,101.6533432006836,101.7650672257321,100.63984494817142,100.8473350326198,5075600
2018-07-11,100.74362182617188,101.701264486223,100.59997573158944,101.67732448521006,4827400
2018-07-12,101.95663452148438,102.31575280175943,101.4857921776139,101.91673046084108,6199000
2018-07-13,100.49623107910156,101.74914183700528,100.00943077617356,100.00943077617356,8250200
2018-07-16,99.50667572021484,100.63189839442303,99.0837194636506,100.55209636104382,7314400
2018-07-17,103.03397369384766,104.17515429211518,101.7970209178797,102.5711133954915,12858700
2018-07-18,101.98854064941406,102.98608112490322,101.48577635312503,102.79454896988652,7152000
2018-07-19,100.50420379638672,101.90873645611774,100.44834177115314,101.77307240747965,5984600
2018-07-20,100.43238830566406,100.66381845989827,99.84982799371654,99.99347408639623,5835500
2018-07-23,101.0548324584961,101.09473651067488,100.11315405901011,100.35256619507572,4631100
2018-07-24,103.23348236083984,103.440966422441,101.46983130620214,101.54165130710146,7158800
2018-07-25,102.64292907714844,103.12972935519453,101.86884272061216,103.05790935769807,6523000
2018-07-26,103.96765899658203,104.71781139295749,103.62451091318063,103.66440279115164,7640600
2018-07-27,104.9811782836914,105.55576266044258,103.69634546581858,103.72826140807824,6620400
2018-07-30,105.4759521484375,105.73132838876477,104.74176372301066,105.1647199661695,11013100
2018-07-31,105.75526428222656,105.85102428012583,105.15673994133842,105.56373210941916,7598900
2018-08-01,105.85102081298828,106.10639703503334,105.4041246014179,105.65151270589375,5770400
2018-08-02,104.74175262451172,106.13830932617186,104.61406451787799,106.0505252749872,6563300
2018-08-03,105.30038452148438,105.89890888842386,104.46244797236722,104.68589609519721,6498700
2018-08-06,105.35626220703125,105.76325442978155,104.55024152641349,105.0530059369366,5840000
2018-08-07,104.90935516357422,105.47595140516741,104.78166704431038,105.24452734388483,4664600
2018-08-08,104.67792510986328,105.18068949853817,104.45447697645444,104.9333013634791,3721500
2018-08-09,104.70186614990234,105.11684647763863,104.2789098805402,104.97319428930257,4057800
2018-08-10,104.34273529052734,105.04500769237573,103.9516950345876,104.69387149145153,4324000
2018-08-13,103.9197769165039,104.46243308690494,103.62450883419791,104.31879310427207,3778000
2018-08-14,103.34521484375,104.11930738855513,103.22551483249573,103.48087891550828,4542800
2018-08-15,104.08737182617188,104.33477212676084,102.89032309116685,103.54471557793413,5377300
2018-08-16,105.72332000732422,106.04254024655043,104.19908750666951,104.55819962091786,7861500
2018-08-17,107.31140899658203,107.73436515971517,105.4918962480452,105.69938027129692,6700900
2018-08-20,109.23471069335938,109.42623073197736,106.93637281385081,107.67853731751867,7935000
2018-08-21,108.0136947631836,109.67359150937506,107.97379070610017,109.3304434078765,5832100
2018-08-22,107.42313385009766,108.27702212245502,107.27150575706979,108.1812621382299,4688400
2018-08-23,107.82218170166016,108.12543797682139,107.01617318458669,107.42316541413673,5057600
2018-08-24,108.49250793457031,108.65211198739215,107.5987154971611,107.8221636065134,4809400
2018-08-27,108.38806915283203,109.29585931769664,107.81769705102867,108.85401400479094,4325900
2018-08-28,107.90608215332031,108.3720148163796,107.56063494527838,108.27561664583769,6037500
2018-08-29,108.33988952636719,108.40415906143426,107.60080826033652,107.90608548736499,4648700
2018-08-30,108.41218566894531,108.93437103257334,108.13102024990881,108.21134797327919,4821900
2018-08-31,108.20330047607422,108.4523372150405,107.62488703027469,108.1310018598888,6139500
2018-09-04,107.42404174804688,108.25149187411294,107.19910456376623,108.20329280007526,4406800
2018-09-05,109.1432113647461,109.20748088275832,107.21517485700787,107.23123304289305,6174800
2018-09-06,109.95462036132812,110.30809667555945,108.59695554446714,108.85403368505735,6562000
2018-09-07,110.31612396240234,110.61335979866888,109.05485748000646,109.88230772001236,6375200
2018-09-10,110.22777557373047,111.23999323226664,110.10726559127731,110.48484147160708,4892200
2018-09-11,111.27207946777344,111.59342704035764,110.23576265931106,110.57316841690711,7856800
2018-09-12,111.95496368408203,112.46107859128037,111.31228061710128,111.58541693666612,6767700
2018-09-13,112.3807373046875,112.85471131103895,111.68182606623164,112.3807373046875,6456100
2018-09-14,112.05941772460938,112.75029996594334,111.74611137436267,112.46912225703615,4534800
2018-09-17,112.43697357177734,112.79043759614672,111.81034872482958,111.9308586892331,5295500
2018-09-18,112.90289306640625,113.14390070900126,112.33252097902793,112.68599722041287,4581200
2018-09-19,112.83865356445312,113.26442848818989,112.5092768096651,113.07964898682499,5049900
2018-09-20,114.05973815917969,114.18827722351186,112.87881155421746,113.12786058817102,5019300
2018-09-21,114.78276824951172,114.98360595305124,113.82677881935795,114.2204128730726,13283400
2018-09-24,112.84668731689453,114.4774884524414,112.65387871287902,114.15615303724255,6708000
2018-09-25,111.37653350830078,113.24031289825255,111.18372493956706,112.89486574487438,7982800
2018-09-26,110.9909896850586,112.46915275067938,110.8303219184763,111.62563165341632,7133300
2018-09-27,111.03913879394531,112.13169627621264,110.51696572311961,111.22390602941542,6450500
2018-09-28,110.99896240234375,111.31226867839648,110.38842029618318,110.9427342287746,6638500
2018-10-01,112.22005462646484,112.34859367284277,110.86239006222361,111.07125681896912,4871800
2018-10-02,112.8547134399414,113.05555113369181,112.18793082571086,112.30039944388469,6439100
2018-10-03,111.68984985351562,113.48935988299999,111.5693521485284,112.90290503030423,5411800
2018-10-04,111.9469223022461,112.09151954091209,110.316121400445,111.304239305805,4738700
2018-10-05,111.74610137939453,112.66994989775185,111.3122850820633,112.30844448874944,4309300
2018-10-08,111.97908782958984,112.21205421024878,111.36050416912198,111.58544145326255,5174100
2018-10-09,111.8264389038086,112.16384479898787,110.70978168232426,111.45690436734812,4475300
2018-10-10,110.64547729492188,112.83863331011703,110.64547729492188,111.94691363292368,7265600
2018-10-11,107.52047729492188,111.39263436489559,106.74926732575494,110.7901212135383,11603200
2018-10-12,107.54457092285156,107.97838723252916,106.22707606136983,107.97034587906353,6998000
2018-10-15,107.60884094238281,108.69336946327999,107.25536461681156,107.55261275867511,6398700
2018-10-16,109.70557403564453,110.85437195701422,108.25151117156574,108.25151117156574,9592800
2018-10-17,112.0353012084961,112.46910522075734,109.42441126587137,109.44046945502795,8261100
2018-10-18,112.06742858886719,112.31646535775914,110.62943615325256,111.82642091446351,7583900
2018-10-19,111.7059097290039,112.46909039073802,110.79009048329137,111.1355253770042,5924800
2018-10-22,111.40868377685547,111.87462871483248,110.97487973565508,111.35245559473712,4864300
2018-10-23,111.60952758789062,112.05941436026757,110.42057176344017,110.69370811019101,8282700
2018-10-24,110.4366226196289,112.5574679947779,110.19561495601127,111.28014331321113,8279200
2018-10-25,111.2399673461914,111.73804083490909,108.49250954823026,110.42858758906128,9720700
2018-10-26,110.0349349975586,111.90674340625665,108.71744047592809,110.81418607674664,11371400
2018-10-29,110.50090026855469,111.74609640696406,109.43244227924393,110.05102580108908,6783000
2018-10-30,113.07164001464844,113.35281773500118,110.05907411727769,110.80618457590786,9646200
2018-10-31,112.4610824584961,113.6178973090491,112.15580523309663,113.27246235033738,9968900
2018-11-01,113.12783813476562,113.73838018192444,112.34858706688591,112.52532518072404,6913500
2018-11-02,113.01536560058594,114.07579436166672,112.19595674865079,114.05169482238384,7673200
2018-11-05,114.23645782470703,114.67027403209698,111.66573824480356,113.27243951451297,5601400
2018-11-06,114.53373718261719,114.74260399179924,113.32066954738883,113.69824542956651,5798900
2018-11-07,116.28499603271484,116.38139417935452,114.85503298616027,114.95947248379126,7173600
2018-11-08,116.72686004638672,117.12049404714867,115.68250167683901,115.93153843442121,5497100
2018-11-09,116.75896453857422,117.08031210945964,115.9877548847621,116.51795692494927,5343100
2018-11-12,116.98394775390625,117.48203362028575,116.26896598223503,116.4778450500643,7013600
2018-11-13,116.2287826538086,117.89172461923687,115.21656510408694,117.44185015269392,7432300
2018-11-14,115.88336181640625,116.73491176862134,115.32904776045004,116.5019454122868,6433100
2018-11-15,116.08418273925781,116.09221183377637,114.46141080086032,115.20853336851168,6657900
2018-11-16,117.28119659423828,117.88370973990563,116.12436939325117,116.25290847295226,8494300
2018-11-19,118.67898559570312,119.24936993879417,117.58642824435967,117.63462732104045,8714600
2018-11-20,117.65071105957031,119.49842017611009,117.57038334207856,118.49423177126883,8937700
2018-11-21,114.06778717041016,117.47398679678167,113.09572728610503,117.47398679678167,10275400
2018-11-23,114.26055908203125,114.66223440550138,113.75445651000636,113.95529417174143,3404900
2018-11-26,114.29291534423828,114.84267902807252,113.76741700688898,114.80225323222545,7590900
2018-11-27,115.78856658935547,115.89367117602058,112.91042798540475,113.64613541962224,5962100
2018-11-28,118.39186096191406,118.48887301458633,115.90178214147312,116.28176246273594,8411400
2018-11-29,117.91484832763672,119.00627074133654,117.09828923720667,117.72889214366974,6900000
2018-11-30,118.76374816894531,118.8445997699444,117.30851804074015,117.50254214518228,12517600
2018-12-03,118.2059326171875,118.54548718238802,117.17917635865147,117.68851437456424,8827200
2018-12-04,118.06037902832031,120.45344564125435,117.89060794712829,118.29484125540473,9803500
2018-12-06,117.96334075927734,118.39990720723192,115.44091708772355,116.82340012264757,11572500
2018-12-07,117.5753173828125,119.11949188659243,116.51622787941311,117.62383575182976,9444500
2018-12-10,117.4378433227539,117.93910095834462,115.10946811259717,117.54294791890071,6848100
2018-12-11,118.4403305053711,119.82281351121979,117.86631391935428,118.27054712927023,9857400
2018-12-12,118.92544555664062,120.04921367274167,118.8445939595944,118.8445939595944,8869200
2018-12-13,119.52371215820312,120.13006217402545,118.68291223086747,118.812269861603,6008300
2018-12-14,107.52605438232422,117.53487451978839,105.2623455070311,116.69406237422936,58140200
2018-12-17,104.40538024902344,106.4346270520877,102.53782430493824,103.74244402634268,36933100
2018-12-18,105.44020080566406,107.36435504799991,104.4538706760818,106.75800516520196,24640100
2018-12-19,103.16840362548828,106.19207257333557,102.7479976195982,104.99553335166526,21232100
2018-12-20,103.7020034790039,104.8985304687447,102.48121731256659,103.25734442788468,16609600
2018-12-21,103.55648803710938,105.58574718066735,102.77228058448797,103.32203814152942,19732900
2018-12-24,99.31201171875,103.48370139179936,97.82443647193533,102.91777736705666,7531900
2018-12-26,102.4407958984375,102.48122169321638,98.64100557741337,99.7809402064765,9253000
2018-12-27,103.00672149658203,103.00672149658203,99.49797361884258,101.76168232500416,9918700
2018-12-28,102.8935317993164,104.09006496884909,102.4731319207893,103.41095604935681,6537200
2018-12-31,104.33261108398438,104.73684436029875,103.01480665560892,103.62923679456736,7409900
2019-01-02,103.28160858154297,103.79094648926196,102.09316168767955,103.58882983841745,7631700
2019-01-03,101.64041900634766,103.70201124411044,101.3493705452962,103.59690664155212,8654500
2019-01-04,103.3462905883789,104.00922680882941,102.456978530764,102.77228002239009,8831700
2019-01-07,102.68334197998047,103.7666904038289,102.51356473847424,103.18458731163393,8404700
2019-01-08,105.06831359863281,105.50488008830277,103.26543055825127,103.62923185423624,9351600
2019-01-09,104.23558044433594,105.29468192705143,103.75050794364456,104.96320769970275,7403500
2019-01-10,104.86620330810547,105.0117213680504,103.23309739680585,103.23309739680585,6224400
2019-01-11,104.8985595703125,104.97131861625725,103.73436549030288,104.29220951499278,5300400
2019-01-14,103.71009826660156,104.25986198960948,103.15225431833684,104.08199834418531,7374400
2019-01-15,104.58323669433594,104.68834129673581,103.20075959048076,103.90412773164657,5194400
2019-01-16,103.51604461669922,104.62365210374436,103.40286596893071,104.62365210374436,6264200
2019-01-17,104.36494445800781,104.71259149093875,103.04714619597672,103.24926283440476,7632000
2019-01-18,105.65850067138672,106.05464140549448,104.65599765826803,105.01980515669766,10593000
2019-01-22,104.13047790527344,104.69640193497553,102.68332226576744,103.64539311626099,10568100
2019-01-23,104.13047790527344,104.53471111737758,103.42710989569285,103.88793551076722,9267800
2019-01-24,102.6994857788086,104.04962318611673,101.05829997412624,103.87985215044242,9917000
2019-01-25,103.66966247558594,103.84752610386657,102.69950508074105,103.5888232221442,7585100
2019-01-28,104.28410339355469,104.41344866437498,102.9097065752432,103.33010646190507,6927700
2019-01-29,105.36746215820312,105.48064699809959,103.88796667769934,104.25177421049351,6669300
2019-01-30,106.42654418945312,106.87120329279281,105.34320189129572,105.39978813923632,7299300
2019-01-31,107.5907211303711,109.29658590441464,105.8040047734703,106.4184471962584,17298100
2019-02-01,108.49623107910156,108.8923842119281,107.90605382915437,108.35071299126108,9575200
2019-02-04,107.42901611328125,108.45575952989812,106.88734512108816,108.30216128070556,7759000
2019-02-05,107.42901611328125,108.23748249020548,107.32391153669137,107.94643410106404,6449800
2019-02-06,107.52605438232422,107.98688625106307,106.96013024755617,107.59073318861498,5066100
2019-02-07,106.75801849365234,107.23501083364515,106.33761240161762,107.0814002036966,6085300
2019-02-08,107.04095458984375,107.08947293996773,106.34567293936384,106.67714714933874,4436700
2019-02-11,106.71758270263672,107.25925380115973,106.11931302523413,106.96820535488554,4962200
2019-02-12,108.46390533447266,108.5770901893565,106.78229296460982,106.78229296460982,6262300
2019-02-13,108.69833374023438,109.12682005857997,107.69584303446953,108.39112481567169,7902200
2019-02-14,108.58515167236328,108.9974775510129,107.80903061176721,108.57707144706063,3910400
2019-02-15,110.25870513916016,110.2829581560439,109.1510972444971,109.29662768202385,6665000
2019-02-19,109.70084381103516,110.25868778400306,109.6523377849027,110.06465134325092,5935500
2019-02-20,110.23442840576172,110.54163733226916,109.73317071348461,109.92720714303269,6089800
2019-02-21,109.4825439453125,109.78167263549676,108.55281230293264,109.12681667254142,6665500
2019-02-22,110.43653869628906,110.46887193123966,108.9974691846801,109.3774371242884,5223900
2019-02-25,110.84344482421875,111.89329059643383,110.5667461005489,110.9655265562176,6846600
2019-02-26,110.77020263671875,111.46196186018989,110.72137491139853,111.03876754401797,5106900
2019-02-27,110.57487487792969,110.88413368325865,110.18424067301346,110.29004235231811,4378100
2019-02-28,111.20153045654297,112.26764384984408,110.42839583238123,110.63998678085602,10133200
2019-03-01,112.5931625366211,112.80475344717664,111.50262305812606,111.67353248367779,5641600
2019-03-04,112.69895935058594,113.45582626023027,111.90954476714585,113.00008431887032,8377700
2019-03-05,112.93499755859375,113.23611016484705,112.60132485445213,112.96754523844322,6568900
2019-03-06,113.1954116821289,113.6511536898576,112.79664363438548,113.50467050938981,6236900
2019-03-07,112.5036392211914,113.21979974814118,112.06416494384659,112.73964398640582,6100400
2019-03-08,112.35718536376953,113.36633739557655,111.02250682778742,112.38159923068066,7046700
2019-03-11,112.76408386230469,113.14658428090019,111.91770761952132,112.39786349204303,6150400
2019-03-12,113.26862335205078,113.93596855711357,112.71522603685878,112.83729532167023,5552900
2019-03-13,113.45584106445312,113.80578138007465,113.13844842687433,113.60232424270265,6446900
2019-03-14,112.32463836669922,112.95942374634633,112.25953058185847,112.58505708802204,8493600
2019-03-15,111.98282623291016,112.5199436995268,111.35617470081122,112.30835272286204,11922500
2019-03-18,111.63286590576172,112.12930184107418,111.2666455248352,112.02350015088076,7369600
2019-03-19,112.66641235351562,112.97567113759736,111.87699776533395,111.99093325135829,5882500
2019-03-20,111.73050689697266,112.72337863905216,111.2096571649012,112.57689547286198,5475700
2019-03-21,112.38973236083984,112.94312983702171,111.45382203888943,111.4945159516766,5765100
2019-03-22,111.42125701904297,112.6257196582537,111.38056311258896,112.10486994253797,6528800
2019-03-25,111.17711639404297,111.50264284004008,110.46908954407841,111.42126743755976,4500300
2019-03-26,112.77220916748047,113.3418865730612,111.43751864863972,111.43751864863972,4758600
2019-03-27,112.87803649902344,113.51282188197858,112.365332870046,112.7885148466559,6764900
2019-03-28,113.02450561523438,113.4965276335674,112.88615626093566,113.17098878400805,4602100
2019-03-29,113.76508331298828,113.83833731747514,113.02450879771746,113.35003523840545,7168400
2019-04-01,113.10591888427734,114.17203258521154,112.91060792718498,113.9278938888461,5885200
2019-04-02,112.07234191894531,113.13030916403281,111.42127655563377,113.13030916403281,5517800
2019-04-03,111.63286590576172,112.50366845542406,111.3887148457978,112.47110835780819,5947000
2019-04-04,110.33076477050781,111.50266768807519,109.97267814928972,111.38873216478223,5844600
2019-04-05,110.82716369628906,111.15270256040877,110.43652947738335,110.71322819835665,4759700
2019-04-08,110.79458618164062,111.09569868407783,110.43649973656147,110.72134461370204,4329600
2019-04-09,110.33076477050781,110.89229615228273,109.50878982142791,110.68070515703597,5210300
2019-04-10,110.33887481689453,110.78648299698908,110.13541768212772,110.59115967711928,4194100
2019-04-11,110.03775024414062,110.82715241644652,109.39481881421463,110.64812158194961,4485200
2019-04-12,110.66438293457031,110.9655078884119,109.66337747437746,110.04587781782374,5756800
2019-04-15,111.10387420654297,111.32359896828765,110.51791667248146,110.68067989460125,5380900
2019-04-16,112.32463836669922,114.50569327768358,111.95027170837494,112.568789455342,10745700
2019-04-17,112.73149108886719,114.05802267353359,112.039732118838,113.12212516634911,9543700
2019-04-18,111.9177017211914,114.13131629247084,110.47722176150465,113.40700940526794,10485300
2019-04-22,112.16997528076172,112.70710503103747,111.05503429267372,111.47821614013054,4666500
2019-04-23,113.8545913696289,114.62773830563046,111.6979510166673,111.83630035836332,5790500
2019-04-24,113.28491973876953,114.04992048204217,113.00822104125636,113.6511400640707,5676300
2019-04-25,113.65115356445312,113.7488214360289,112.27579372766033,112.73153573488615,5218100
2019-04-26,114.25337219238281,114.35917386150014,113.37443600242338,113.83832416575042,4613600
2019-04-29,113.8057632446289,114.28591903198276,113.5941723259737,114.22082368627053,4275200
2019-04-30,114.91259765625,115.11605480947212,113.08962951092478,114.0906352277267,6003700
2019-05-01,115.52296447753906,115.8485033604472,113.73254408467956,114.70913589732669,6656300
2019-05-02,114.97772216796875,115.68574919044727,114.03367785930344,115.49043824247579,8835600
2019-05-03,115.57178497314453,115.6368927456518,114.81493040156847,114.98582743861694,5281600
2019-05-06,115.63690948486328,115.75899123275076,113.8790366268167,114.13946775454494,5818900
2019-05-07,113.91159057617188,115.05909188694095,113.17100356697716,114.6033498560639,6606700
2019-05-08,113.76508331298828,114.68471351408652,113.69184172653914,114.09875598641798,4667300
2019-05-09,112.90242767333984,113.38259594027605,112.01535756238421,113.08147094208803,5604200
2019-05-10,113.16287231445312,113.32563555516148,111.01436525020073,112.65829012480617,4771600
2019-05-13,111.65728759765625,112.357180728998,111.1120238957332,112.1862836676697,5560000
2019-05-14,111.3480453491211,112.17814165719108,111.27479133061131,111.52707623314474,7179400
2019-05-15,111.42125701904297,111.89327901422858,110.13540656692422,111.4131107869301,6429400
2019-05-16,112.47923278808594,113.27678117253397,111.4700810642686,111.81188751474632,6857200
2019-05-17,112.80476379394531,113.14657025836449,111.38056398318027,111.49449947132,6915300
2019-05-20,112.65015411376953,113.08962851496086,112.04791647504176,112.80478353574281,4771100
2019-05-21,112.40599822998047,113.58605959212225,112.373450551084,113.21982680081564,4859000
2019-05-22,112.9268569946289,113.08148642226453,111.89330356850357,112.59319669177462,5456800
2019-05-23,113.76508331298828,113.81392345532542,112.03977082487408,112.71524998643748,6951800
2019-05-24,113.77328491210938,114.30588799115222,113.53565276693148,114.30588799115222,5473300
2019-05-28,112.31478118896484,115.11711813714332,112.29838974397877,113.8962117973688,11919600
2019-05-29,107.61140441894531,111.34785256168189,105.30890095836455,111.34785256168189,23247400
2019-05-30,108.25054931640625,108.83232674763303,107.48031405661611,107.70155477023839,7360600
2019-05-31,107.46392059326172,108.16041310308287,106.20205460838218,107.76710601082272,7811000
2019-06-03,107.7015380859375,108.48815216339358,107.37377180115969,107.75069990290284,8434600
2019-06-04,109.5779800415039,110.04504242984054,108.63567829722241,108.65206974146454,6648900
2019-06-05,110.11058807373047,110.72513590863578,109.68449807402062,110.37278864839273,6860600
2019-06-06,111.99517822265625,112.7981963010544,110.28264145875698,110.53665253341111,9115800
2019-06-07,113.52747344970703,114.37964095298172,112.37212051005885,112.74084671336993,6533900
2019-06-10,113.91260528564453,114.01911842244166,112.74906273094581,113.56845995281894,4994700
2019-06-11,114.53534698486328,115.25642056821941,114.30591675434266,114.45340225838741,8230500
2019-06-12,116.09220123291016,117.10006889472085,114.96144148267449,114.96144148267449,9216500
2019-06-13,115.29734802246094,116.31339221815138,114.88764955568126,116.12493442427412,7500800
2019-06-14,114.78932189941406,115.93648519292428,114.74834954910907,115.72343397254069,6548100
2019-06-17,114.25674438476562,114.91226462710164,114.06828653485944,114.71560480349822,5562800
2019-06-18,114.9040298461914,115.47760520584085,114.543493190696,115.17443233781295,7122700
2019-06-19,115.08431243896484,115.51040240309311,114.64184353610575,114.7237757387799,6393400
2019-06-20,116.52644348144531,116.68211839637577,115.53496769001731,115.73981692351025,7335800
2019-06-21,116.42813110351562,116.70672311718921,115.5431807338988,115.91191943182811,11272200
2019-06-24,117.22293853759766,117.74735214305805,116.42812240858643,116.69852493213725,5894700
2019-06-25,118.18983459472656,118.79618040775857,117.32946519452506,117.39501845866492,7517000
2019-06-26,116.23150634765625,117.87030086787412,115.33835383184996,117.87030086787412,7674100
2019-06-27,115.28099060058594,116.76409748748951,115.20724785552645,116.54285674930237,5233500
2019-06-28,114.12562561035156,115.6169343144895,113.49468635067726,115.32195086218789,12792400
2019-07-01,114.19120788574219,114.92866045232687,113.66679411543495,114.87949861495595,5872300
2019-07-02,114.74017333984375,114.74017333984375,113.64218424161733,114.07646369842341,4501200
2019-07-03,116.46908569335938,116.50185607108389,115.36289477432122,115.53497364064039,3436300
2019-07-05,115.18262481689453,116.23964128521015,115.01873543935368,116.14131766108892,4652400
2019-07-08,115.51042175292969,115.60055594307484,114.42062200045062,114.81392914698911,4078100
2019-07-09,115.87096405029297,116.73952310428106,115.4612654396941,115.91193641195473,4217400
2019-07-10,115.70706176757812,116.34619045990667,115.2645803633466,116.17411157981516,4874400
2019-07-11,114.80573272705078,115.70707457394396,113.91259285340718,115.48583384734145,5817400
2019-07-12,110.04500579833984,114.81388923864532,108.42260344266937,114.81388923864532,17780100
2019-07-15,110.38097381591797,111.73297384566422,110.16792259699629,110.93815776662369,10038200
2019-07-16,108.57010650634766,109.65990605692309,107.95555873367022,108.92244122790629,10214500
2019-07-17,108.04568481445312,109.45504860113869,107.67695867906569,108.56190890579886,8862100
2019-07-18,108.2177734375,108.57829763378464,107.48030859722058,108.26693525958396,6203100
2019-07-19,106.77561950683594,108.47996674225318,106.67729586923684,108.3652516640523,8340200
2019-07-22,105.40723419189453,106.64451921494886,104.75171406261154,106.52161466077365,12624800
2019-07-23,105.57110595703125,106.07093862467889,105.01392200123044,105.3826481488052,5803600
2019-07-24,106.34134674072266,106.3495362100318,105.34988332503413,105.60389440668976,6838600
2019-07-25,107.43931579589844,107.77527152020635,106.25119281064323,106.570757096374,8897800
2019-07-26,107.1197738647461,107.58683618913275,106.9231265727996,107.58683618913275,4894600
2019-07-29,108.99620056152344,109.23382020790449,106.69369682045806,107.34101499736339,7832000
2019-07-30,108.22596740722656,108.56192320944596,107.56225777548056,108.54553176706749,5509600
2019-07-31,106.70188903808594,108.16041484407607,106.6691061531158,107.86543139438103,8559200
2019-08-01,106.75923156738281,107.12797022648374,105.71860636064977,106.73465065717691,7870700
2019-08-02,107.39835357666016,107.72610732292242,106.33313514680184,107.22627473291988,6574900
2019-08-05,106.6527328491211,107.71795161280595,105.71041865305038,107.2672806932076,9480000
2019-08-06,107.1525650024414,107.52129120625003,106.18566989820175,106.80021773888538,7880600
2019-08-07,106.69368743896484,107.26726283066343,105.03850202034396,105.99719499711283,6771700
2019-08-08,107.898193359375,108.11943405513945,106.71007018353953,107.3246179472137,5260500
2019-08-09,108.19318389892578,108.78315079107924,107.5294742710049,107.996536603546,4677300
2019-08-12,108.10303497314453,108.73397413342992,107.57862141866204,107.75070028165092,6852100
2019-08-13,109.3239517211914,109.8811482106926,108.16040942321159,108.4062310361384,5013200
2019-08-14,106.73465728759766,108.6028815973386,106.62814417109082,108.5946921277633,7736200
2019-08-15,106.96410369873047,107.3983957122695,105.9070868247819,106.66093073934384,7251200
2019-08-16,107.63600158691406,107.89001268278572,107.01326430338978,107.72613576638535,5858900
2019-08-19,108.36526489257812,108.62747796219271,108.01293014616675,108.57011416458678,4958000
2019-08-20,107.01326751708984,108.70122356241818,106.89855242186388,108.1276480862883,7302000
2019-08-21,107.77528381347656,108.49635715706798,107.21809986834187,107.91457979976023,6912800
2019-08-22,107.56224822998047,108.26693015363281,107.17713063780964,107.83265074169654,7213500
2019-08-23,104.6615982055664,107.55406282382738,104.16995492617531,107.39838787159457,15714000
2019-08-26,105.50362396240234,105.73477329898651,104.53774095117983,105.18991589274063,8889500
2019-08-27,107.02262115478516,109.30109884596891,106.5768366965932,107.22075457881243,20183800
2019-08-28,106.23011016845703,106.3869642361575,104.85147099302795,105.55317628280372,9878800
2019-08-29,105.86687469482422,106.6593832002007,104.70286444356348,106.36218936151062,6749900
2019-08-30,105.96592712402344,106.5768290232688,105.35503152312538,105.89163181912315,7371100
2019-09-03,106.27963256835938,106.47775337650803,105.26421933816735,105.660473551159,5710200
2019-09-04,106.37871551513672,106.98135409545118,105.73479755881233,106.89880794012832,4807200
2019-09-05,106.14754486083984,107.2372471083577,105.92464635239743,107.2372471083577,4754100
2019-09-06,105.84212493896484,106.68416377344026,105.72655024030955,106.39523332515073,6758300
2019-09-09,104.80192565917969,105.80083102918547,104.50473181821641,105.66874207838053,7684700
2019-09-10,106.94833374023438,106.94833374023438,104.2983541087719,105.12389120812269,8239500
2019-09-11,108.28569793701172,108.37650752023725,106.56032845242278,107.20424637104159,6203600
2019-09-12,107.67481231689453,108.78104175243247,107.3693675799592,108.44256847292685,5250000
2019-09-13,107.9637451171875,108.61592650562966,107.28681121921761,108.41779305913515,5369800
2019-09-16,106.94007873535156,107.93898424683667,106.76672298497567,107.41064096548105,5101700
2019-09-17,107.04740142822266,107.73259877880263,106.58510263667408,106.98962037762774,4976400
2019-09-18,107.65828704833984,107.78211256409593,106.31265765921185,107.23725510137835,4373600
2019-09-19,107.41062927246094,108.30221082456929,106.79147646655483,107.01437500375593,4730100
2019-09-20,108.68195343017578,108.97089645187066,107.55922247801593,108.1453593575383,12053100
2019-09-23,108.75627136230469,109.01218586965472,107.72434989931419,108.16188359188637,5183700
2019-09-24,108.59941101074219,109.61481814459012,108.42604267242824,109.05345894756746,7102600
2019-09-25,108.1371078491211,108.61592087246065,107.50969159944344,108.55812722980242,4522900
2019-09-26,106.37045288085938,108.40126694965718,105.69350646012971,108.21964779271487,7545800
2019-09-27,106.16407012939453,106.82448969490396,104.59554216957022,106.17232096511988,6006500
2019-09-30,106.8080062866211,107.55098472320944,106.49429812167593,106.55209177172284,6552100
2019-10-01,107.3115463256836,107.98022920020887,107.12992719967755,107.33631142498503,7673000
2019-10-02,108.97089385986328,111.19984144220308,108.32697594933614,109.5982975018216,12051800
2019-10-03,108.30220794677734,109.27633562243778,107.32806767442115,108.67369710111063,6997600
2019-10-04,110.34127807617188,110.39080828053592,108.35173088958304,108.42602619612911,7233300
2019-10-07,109.92852020263672,110.47337769669406,109.086468856975,109.87072656082937,5427200
2019-10-08,108.83880615234375,110.0110673002463,108.54987573090577,109.34238427754872,7870400
2019-10-09,106.67591094970703,108.35175034734351,106.09803746719398,108.26094075747024,7787700
2019-10-10,106.54381561279297,107.41888291923352,106.1888407078656,106.45300602834934,5119700
2019-10-11,108.41778564453125,109.48272292945376,107.99676627080767,108.26093158470401,7161400
2019-10-14,107.91423034667969,108.4425736829045,107.66656665229647,108.4425736829045,5700000
2019-10-15,109.66434478759766,110.82835511593302,109.05345539856499,109.79643374613849,10008800
2019-10-16,111.58782958984375,112.76009056373317,110.45684798337393,111.36493108313338,12434200
2019-10-17,112.41339874267578,113.5031138904762,111.98411587263035,112.24004298524261,8434000
2019-10-18,105.42108917236328,110.94393459752541,105.42108917236328,110.05235298390893,25868700
2019-10-21,105.68526458740234,107.04739578329281,104.89274341747014,106.22185867143273,13823600
2019-10-22,106.65938568115234,107.76560231884827,105.7430390402679,106.29614735911586,7613700
2019-10-23,107.23725891113281,107.71607191689252,106.55207423734646,107.03913807888455,6693400
2019-10-24,105.25597381591797,107.79862944009422,104.10022068689715,107.66654048896139,12111600
2019-10-25,105.9576644897461,106.5768171550231,105.09909907308047,105.52838178141329,6947300
2019-10-28,106.64287567138672,107.31982213434067,106.08976733045176,106.18057691458714,7876300
2019-10-29,106.59333801269531,107.29504953167935,106.13103928820037,107.07215100497805,4506300
2019-10-30,109.66434478759766,110.23396739919566,108.74799810735225,110.04409739422846,9627600
2019-10-31,109.00389862060547,109.66433073196595,108.05453612075246,109.28459077070266,7686700
2019-11-01,108.31045532226562,109.79642448882183,108.26092511616298,109.01216683324074,5541800
2019-11-04,107.50968170166016,108.92960637209579,107.39410702368028,108.8057808587942,6140300
2019-11-05,107.66653442382812,108.5333507963507,107.05563250677426,107.75734399802944,6257300
2019-11-06,108.11233520507812,108.54160539190609,107.07215048333669,107.66653815384738,5450000
2019-11-07,108.5003433227539,109.28461370522264,108.15361922578231,108.74800699107574,5873700
2019-11-08,109.79643249511719,109.82944843602802,108.12059321740111,108.39302196752638,5003000
2019-11-11,108.9543685913086,109.40016562078674,108.41777458560897,109.19378137294922,4371400
2019-11-12,108.43429565429688,109.04518500433066,108.16186691845925,108.97088969365556,5228700
2019-11-13,108.36825561523438,108.54987477989393,107.9142077035855,108.17837301792005,5885400
2019-11-14,108.11233520507812,108.44254497905277,107.43538879272604,108.17011624701075,4217500
2019-11-15,111.39796447753906,111.42272957973279,107.96372754413366,108.35173094076188,10495100
2019-11-18,111.30714416503906,112.01710641838359,109.51573056459041,110.8035661411936,9291800
2019-11-19,111.29890441894531,111.6043490780922,110.79532634493032,111.44749503257516,5192200
2019-11-20,112.22351837158203,112.5537281816781,110.67976798450289,111.53832104877074,7594400
2019-11-21,112.63627624511719,112.97474945620272,111.4475008868528,112.22350772331403,6424900
2019-11-22,113.98191833496094,114.4442171153291,112.68581898592439,112.80964451755978,9235800
2019-11-25,114.03176879882812,114.42246039669878,113.25039828705532,113.93202207051,6111900
2019-11-26,114.02347564697266,114.1647877584804,112.34433362581402,113.44159851606724,10636500
2019-11-27,114.50556945800781,114.9211976593073,113.79899644221226,114.01513122462629,5523000
2019-11-29,114.28948211669922,114.93786129319092,113.83228841943713,114.38092085615163,3278900
2019-12-02,114.18140411376953,114.58872440340498,113.75746782502401,114.48065698934543,4717100
2019-12-03,114.01515197753906,114.25621079722494,113.18389542363569,113.80733783906322,5741400
2019-12-04,115.86060333251953,116.15985635629777,114.74670932602687,115.12909312240049,7257300
2019-12-05,116.01018524169922,116.16812604715574,114.67186142173988,115.83562843438372,5472900
2019-12-06,116.69182586669922,117.68933142343248,115.92707118373801,115.92707118373801,6640400
2019-12-09,116.79154968261719,117.04923719340717,116.42579475737895,116.70011095130764,4241000
2019-12-10,116.36759948730469,117.207163967939,116.30109744666524,117.04091520832404,5310300
2019-12-11,117.19056701660156,118.02182372370976,116.89963477949615,117.14900164445201,6631500
2019-12-12,117.48979949951172,118.08830523922876,116.98273248902835,117.47318350071909,5012400
2019-12-13,117.52308654785156,117.87221287020395,116.63363571302362,117.2903356662833,4257200
2019-12-16,117.86386108398438,118.74500368481041,117.61449426522722,117.81398772023294,5353100
2019-12-17,119.3351821899414,119.74250244485393,118.47068100306781,118.8696805751658,10722400
2019-12-18,119.02762603759766,119.60119507985213,118.65356313124812,119.46819098924885,7849200
2019-12-19,120.82318115234375,121.26374624235072,119.37678975173445,119.60954064139956,9414700
2019-12-20,121.41336059570312,122.89299661694832,120.36598164209396,122.09499722866656,14532800
2019-12-23,121.7292251586914,121.99522068950459,120.81483777533715,121.14734804381588,6558700
2019-12-24,121.30526733398438,121.37176938284597,120.74832694423351,121.3634613832266,4238900
2019-12-26,121.22217559814453,121.51310785559822,120.66523508750518,121.33855103792033,3019300
2019-12-27,121.1556167602539,121.8206243976179,120.98104734040915,121.52967959253188,3432700
2019-12-30,120.7816162109375,121.52974226127654,120.5571733222469,121.18061592552017,2923300
2019-12-31,121.25540924072266,121.37178466989597,120.34934249330392,120.61535072225465,4435000
2020-01-02,121.33854675292969,121.38011212651854,120.5987287653443,121.25541600575197,5777000
2020-01-03,119.93365478515625,120.83972108410063,118.86964776394437,119.28527590297914,5752400
2020-01-06,119.78407287597656,119.86719091986514,118.74500219760746,119.70094214811974,7731300
2020-01-07,120.51555633544922,120.90624788090786,117.52304073164076,119.70923656579774,7382900
2020-01-08,120.49896240234375,121.34683500248687,119.45157096786123,120.4241396684742,6605800
2020-01-09,120.8564224243164,121.38842625478182,120.52392478676497,121.16398337325009,6112700
2020-01-10,120.58203125,121.51303420390532,120.44902720402382,121.15560009980379,5042600
2020-01-13,121.11407470703125,121.18888475108717,120.29944685360789,120.93119725447139,4593200
2020-01-14,121.79572296142578,121.87053301273376,120.30776651535253,120.57377472085119,7037500
2020-01-15,122.20299530029297,122.52718477965594,121.56293702306715,121.6959284034467,4960300
2020-01-16,123.19224548339844,123.72424928597835,121.52973201483984,122.54386624537828,6476000
2020-01-17,123.99857330322266,124.19807949818536,122.96781032187329,123.3668227117987,9083600
2020-01-21,124.08168029785156,124.82980618876906,123.44160914337445,123.50811119562904,9543900
2020-01-22,123.23380279541016,124.00686541941288,121.36347526563159,121.94535240476864,10305300
2020-01-23,123.46656799316406,123.66607418574476,121.99523994731443,123.05924760646789,8671900
2020-01-24,123.29196166992188,123.81564460372701,122.9677594806599,123.50808377879648,9051900
2020-01-27,123.6494369506836,124.2396348021181,122.19473769244026,122.62699473783015,7587100
2020-01-28,124.27287292480469,125.16232365544847,123.15067133985548,123.40837156366601,7336600
2020-01-29,125.13739776611328,125.67772231668279,123.96533527414455,124.23133086441646,6288600
2020-01-30,124.98777770996094,125.11246116111509,123.89883328997246,124.71346143344914,6470600
2020-01-31,123.74916076660156,124.68848474387536,123.55797530817215,124.48067060263557,8651700
2020-02-03,124.82978057861328,125.09578873305725,124.05671816219848,124.206338236098,5765200
2020-02-04,126.01850128173828,126.97444126513876,125.68599104283952,125.9270625515372,6541400
2020-02-05,128.00523376464844,128.03017045287214,125.77745903954776,126.11827735723399,5979900
2020-02-06,127.62287139892578,128.42919161016056,126.96618402600998,128.22137738425414,6201200
2020-02-07,126.25957489013672,127.5646539481841,125.97695066695695,127.46489452284935,5700300
2020-02-10,126.23467254638672,126.2762379279197,125.42835234374668,126.08503970966271,4835600
2020-02-11,126.34272766113281,126.66691731106724,125.96865194784723,126.5920945580267,3715300
2020-02-12,125.59452819824219,126.47565796520006,125.45321613033067,126.24290718464387,5166800
2020-02-13,124.76327514648438,125.55296622206434,124.58871839834947,124.82146918517374,5480200
2020-02-14,124.79656219482422,125.22049851082615,123.98192156317718,125.15399645820375,5716300
2020-02-18,123.9736099243164,125.30362556978743,123.90710787364593,125.07918273427073,7230700
2020-02-19,123.80738830566406,124.48901227765343,123.50813535396892,124.03183119042842,6115200
2020-02-20,123.33353424072266,124.17311150102915,122.52721434651062,123.53304038538306,7464700
2020-02-21,124.63030242919922,124.88800264313106,122.6435995592697,123.10079324983293,7776800
2020-02-24,122.06208801269531,124.64704720321076,121.50995708903599,122.55565379376091,10588900
2020-02-25,121.00798034667969,122.76475537623122,120.32201015708563,122.12897657065034,10529000
2020-02-26,120.19654846191406,122.32141118272654,120.12126136739788,121.59361040603369,10093800
2020-02-27,116.38182830810547,121.10838393294115,116.23961512232853,119.25958698814256,12566700
2020-02-28,112.50021362304688,114.85093741591878,109.43842383785365,113.2363880761329,19820300
2020-03-02,117.13473510742188,117.22675690403682,112.10701849258984,112.75117106889451,11508200
2020-03-03,113.42877960205078,117.94619581907149,111.34576049198053,117.1179996547388,13662500
2020-03-04,120.02923583984375,120.16308806918892,114.72546570934075,115.1772010273167,10560500
2020-03-05,118.79948425292969,119.35997604928194,116.98415664732165,117.78725718177932,11339200
2020-03-06,118.81623077392578,119.63605334325271,114.95134018224766,115.84644984404466,12239100
2020-03-09,114.13985443115234,116.85029130518225,112.85154933004682,114.04783263821624,13848600
2020-03-10,118.48997497558594,118.74930569514643,112.29108234443764,117.09292582209613,12698100
2020-03-11,110.25826263427734,116.0723337350632,110.00729287323107,115.52020281373187,17763400
2020-03-12,104.91265106201172,111.89789665871898,104.15138087717655,106.50210478070292,21539200
2020-03-13,112.34127807617188,112.86831327810673,104.27687231897448,108.18359989539776,20084200
2020-03-16,106.35152435302734,111.89789680320395,102.41970770314776,103.37338248856409,18877900
2020-03-17,114.26533508300781,114.41592200381272,106.92036451823117,107.53942138847579,18911800
2020-03-18,112.90177917480469,113.4957277113306,107.67329603358368,109.60574136020274,17521100
2020-03-19,106.28460693359375,112.9268739014493,105.53170409124824,112.9268739014493,18482300
2020-03-20,100.29483795166016,106.61084709725675,98.82249555490932,106.10054671626513,19785100
2020-03-23,92.9749755859375,99.18222907157723,91.31859574574334,97.87720175719085,20815200
2020-03-24,99.70088195800781,100.0940648419267,95.25039815005239,99.34952948479611,17604800
2020-03-25,99.88492584228516,103.69962443659311,97.62621768847812,99.47501462235196,13986100
2020-03-26,105.88304138183594,106.32641566338702,100.70475042633801,100.86369833196,15066800
2020-03-27,103.0303955078125,106.76144013248127,100.87207623889041,101.76719225442277,12133200
2020-03-30,111.27050018310547,112.09033566267212,106.66107329714099,107.46417405379617,21754000
2020-03-31,109.69773864746094,113.52917176848403,108.79425543087984,112.92684962409665,15746100
2020-04-01,107.7569351196289,108.94484485847839,104.98793272130753,106.82835608058348,12606100
2020-04-02,111.38760375976562,112.098682598608,106.4268249032397,108.01627872966728,11594500
2020-04-03,112.24090576171875,112.75956726928875,110.07422514122469,110.7434736197733,10071200
2020-04-06,116.9172134399414,117.929453127902,113.38694152501495,114.61668145942454,14994400
2020-04-07,115.00988006591797,118.81621787174177,114.82583646107551,117.00089028293192,11567100
2020-04-08,119.8451919555664,120.57300547301891,114.8593176893679,115.23576591433925,10758200
2020-04-09,118.14695739746094,121.65213374041788,117.35223069373562,120.47258514849638,11125400
2020-04-13,116.92562103271484,118.3645006546665,115.31105875576309,117.11802564354217,8153200
2020-04-14,122.16243743896484,123.32525134636454,120.50605788533301,121.65213707587007,13838000
2020-04-15,123.52603912353516,123.73517842337935,120.07941478200505,121.76090292225622,11962300
2020-04-16,125.20750427246094,126.0524223794758,122.50542831332733,124.06978606363909,12181700
2020-04-17,127.17345428466797,127.40768932583303,125.14898699182565,127.14835858488973,10920000
2020-04-20,126.8806381225586,127.99326081040499,125.55887611966251,126.26158115466527,12226200
2020-04-21,125.21589660644531,126.85555461045884,124.28733021269235,125.58398387866377,9951100
2020-04-22,127.98485565185547,129.66633056905138,126.93078569837311,127.83426875928097,11515600
2020-04-23,130.09303283691406,131.33950792145183,128.57886603000495,129.03897513938819,10665000
2020-04-24,129.54925537109375,130.75389984533808,128.52865451179508,130.14321663111858,8653400
2020-04-27,129.0724334716797,130.54478264057136,128.8298374462706,129.5074468865661,8924000
2020-04-28,126.6463851928711,128.0769035219545,126.06915872262427,126.52926770360718,8558700
2020-04-29,125.68436431884766,126.84717837172319,124.78088096796694,126.63803906174665,9285200
2020-04-30,125.51705169677734,125.84330853323868,123.1077753524672,124.19530239562214,14829600
2020-05-01,124.05305480957031,125.20750776739523,122.79821907796901,125.16567735670536,7309000
2020-05-04,124.03633880615234,124.71394809134038,123.04919467889276,124.45461740341408,7198400
2020-05-05,125.0652847290039,126.1360767810811,124.34584512231002,124.64700618475975,6562300
2020-05-06,123.8774185180664,125.7513116469714,123.84394907450682,125.48360715790527,6191600
2020-05-07,123.46745300292969,125.09037573619898,123.08264390495,124.95652354348967,5570500
2020-05-08,124.39607238769531,124.79761633183887,123.71846299293684,124.58011602143857,4712100
2020-05-11,124.73904418945312,125.56724041005606,123.9108479688502,124.18691337571784,5887500
2020-05-12,123.09102630615234,125.76800680207177,122.99900450325276,125.567241242909,7039200
2020-05-13,123.08267211914062,124.60519967446247,122.1457193202458,122.20428445479887,6970500
2020-05-14,123.50929260253906,123.6096753721195,120.68172545410293,121.62703908381413,6871400
2020-05-15,125.85166931152344,125.88512598354808,121.8529268499507,123.70171114450103,10340400
2020-05-18,125.91860961914062,128.51192961595285,125.868418223019,127.56662853767538,7388400
2020-05-19,124.66372680664062,126.40376688575525,124.14505279032059,125.56720989184514,6107300
2020-05-20,123.54275512695312,125.80983064461462,123.19977639301256,125.27443457339243,5713400
2020-05-21,122.73131561279297,124.22874742310984,121.98678019607001,124.22874742310984,6487300
2020-05-22,121.61097717285156,123.22829975643963,121.34984877154363,121.77945871864523,6140900
2020-05-26,121.77105712890625,123.3546915080836,121.55204905973214,123.14410237695216,7072300
2020-05-27,122.04900360107422,122.35225238273115,120.46536964649492,121.568867194564,7950000
2020-05-28,123.80108642578125,124.76137193840954,122.82395019094263,123.00085064081351,6189600
2020-05-29,125.3005142211914,125.80593320140224,122.4196568820023,124.63505832214112,8504000
2020-06-01,123.9864730834961,124.95517805616844,122.99248558712279,124.07070103357866,6141800
2020-06-02,124.87930297851562,124.96354373737316,123.08508021219887,123.87689707345294,6078300
2020-06-03,125.21629333496094,125.62905266282543,123.36311153531051,125.10679572607738,6339500
2020-06-04,123.59895324707031,124.9804172543533,122.63024851058329,123.65792436575782,8170500
2020-06-05,124.0790786743164,126.05018922211947,123.48943186770904,124.40759709895025,9725400
2020-06-08,123.63263702392578,124.34021322696978,122.76501106828772,122.88294043546172,7555600
2020-06-09,122.95033264160156,125.789069292738,122.68919138874386,124.87932293569638,8247200
2020-06-10,124.50025177001953,126.37870253992551,123.48942687763378,123.48942687763378,10137100
2020-06-11,118.66271209716797,125.65427102862836,118.56163346766961,125.15728396248089,11913300
2020-06-12,119.7409439086914,121.05503054452414,118.16574172753806,120.32217181710378,8687400
2020-06-15,118.98280334472656,119.95150775274806,117.41602042902721,118.77221431225801,8649600
2020-06-16,121.68680572509766,122.49546063484877,120.26322141660683,121.3751251308491,7579100
2020-06-17,121.316162109375,122.49545582871639,120.85286355772747,122.0574269386735,5100100
2020-06-18,120.80230712890625,121.40037283997985,119.50507136798183,120.05261061633824,4797400
2020-06-19,121.15608978271484,122.88292250628909,120.6675216604677,122.8071006822609,12206900
2020-06-22,120.78546905517578,121.01290885456844,119.63986397577094,120.85285910141572,5285600
2020-06-23,120.33901977539062,121.36669547465529,120.18738895986888,121.08029742163711,5921600
2020-06-24,117.77825164794922,119.77463175590655,116.85165467407177,119.1849849785917,8211200
2020-06-25,117.65189361572266,118.41002193803655,115.85767072491613,118.41002193803655,7421200
2020-06-26,116.08512878417969,117.59295387773787,115.41967291026624,117.5339827624941,12849700
2020-06-29,117.1212158203125,117.67717407034658,116.22832018722961,116.86851920969453,5309800
2020-06-30,118.4605712890625,118.78908973388968,116.11039000016741,117.42446377947611,7738300
2020-07-01,118.2500228881836,119.1007984217077,117.98046260825026,118.51115137603051,6174800
2020-07-02,118.74697875976562,119.47982469015633,118.20787119595236,118.9828375156003,5152200
2020-07-06,120.44012451171875,121.10559332105504,119.51354010649136,119.75781782738285,6156400
2020-07-07,120.33062744140625,121.27406257913262,118.96600121337804,119.10078133400745,5622600
2020-07-08,120.68440246582031,120.78548111860691,119.36189677628344,120.34745220096777,6257400
2020-07-09,120.0273208618164,121.66148083836981,118.4184176857249,120.25474774597576,5738600
2020-07-10,119.92626190185547,120.34744005039423,119.1344449260687,120.24636140781278,4282400
2020-07-13,122.31856536865234,123.52312872174072,120.6928110074399,120.97079013199966,6951900
2020-07-14,124.60134887695312,124.99725738694741,122.3606779168446,122.41123009429435,7447100
2020-07-15,124.88774871826172,126.53035389519658,124.86247905584777,126.12601358989738,8512800
2020-07-16,125.72167205810547,125.79748103685732,123.55681029594561,125.2415228193373,9304700
2020-07-17,125.80592346191406,126.84201815246271,125.24996519739037,126.35344993697257,7441100
2020-07-20,126.01648712158203,126.62298458718692,125.03091909997282,126.54716276398506,6191500
2020-07-21,126.13442993164062,127.7601713300742,125.93225980375122,126.01650057037257,5575900
2020-07-22,126.36186218261719,126.6988124099445,124.54238236839737,126.29447213715173,5910200
2020-07-23,126.0249252319336,127.06945166015136,125.7469461134562,126.53034414795377,6566300
2020-07-24,124.76982116699219,126.85887421490462,123.8516558102914,126.77463343673432,5405900
2020-07-27,123.97797393798828,125.44367828924926,123.70842664948151,124.13802366553998,5675200
2020-07-28,123.68314361572266,124.66027974421308,123.61575358755088,124.16327989311289,4842200
2020-07-29,123.43891143798828,124.22230963869582,123.04301572222604,123.31256310884498,4489100
2020-07-30,123.69161224365234,124.24757055943145,123.10196532691941,124.19703123133131,5922500
2020-07-31,122.7818374633789,124.20542152549085,121.26560655667433,123.53996577006701,8259600
2020-08-03,124.12120056152344,124.49182652064123,123.11036276270744,123.31253289313796,4078700
2020-08-04,124.01168823242188,124.01168823242188,122.83239462300368,123.81794989373239,4162200
2020-08-05,125.00566101074219,125.77220827477731,124.50025497819374,125.59532066205303,5467500
2020-08-06,124.2896728515625,125.72167597033952,123.40519617859123,125.00566798428255,4837900
2020-08-07,125.17413330078125,125.21624082704962,123.95270655895291,124.25595529742952,3635100
2020-08-10,124.6939926147461,125.5194981272769,124.43286423806138,125.39314983318305,4096600
2020-08-11,123.80108642578125,125.7048067288275,123.29566758615161,125.62899775888357,6388400
2020-08-12,126.06704711914062,126.55561531622448,124.23913548798424,124.28124302037345,5257300
2020-08-13,124.66873931884766,125.67114542801298,124.27283080760861,125.12360609062347,5155500
2020-08-14,124.87091064453125,125.79749492267327,124.31495236564326,124.34022202801654,4240200
2020-08-17,125.50265502929688,126.54716849252782,124.86245609032504,124.93827791695921,4306900
2020-08-18,126.42924499511719,126.43767678365356,125.14887276453373,125.73008777341555,4322600
2020-08-19,126.68195343017578,127.68435940448154,125.78063894414919,125.99964693763788,7816300
2020-08-20,127.5495834350586,127.68436352155261,125.9743813408363,126.14285002228557,4874700
2020-08-21,128.6783447265625,129.4280413250557,126.85043308424402,127.85283914530126,6722800
2020-08-24,129.01754760742188,129.653519770335,127.4912247675398,129.5178555424675,5387900
2020-08-25,128.9412384033203,129.7976892258251,128.50029406593603,129.55177273542557,3863500
2020-08-26,129.1447296142578,129.44150881388998,127.73710834172942,128.77162393345418,8008300
2020-08-27,129.72132873535156,129.9587572535178,128.79705250828414,129.24647169901908,5575400
2020-08-28,130.28099060058594,130.33186629310262,128.80553082318147,129.51782933506743,5395700
2020-08-31,130.08599853515625,130.9254735700593,129.11083338479347,129.7383306222733,6362700
2020-09-01,128.48333740234375,130.65412027454144,127.25379383132875,130.4760423791235,6307700
2020-09-02,130.44212341308594,130.86610482718078,126.55845210731086,127.86430916961316,6881900
2020-09-03,126.81285095214844,131.83278963563768,125.7528973549872,131.2900939114466,8672800
2020-09-04,125.99878692626953,127.99997961338266,124.76076850782736,127.33856967719898,7200100
2020-09-08,124.87098693847656,127.9490957882446,124.56571983817821,127.40640015870136,8756800
2020-09-09,126.9400405883789,128.1271963840865,125.60025768488867,125.62569553618579,6960700
2020-09-10,124.57422637939453,127.00787563760693,124.24352138284691,126.5584563586803,6191800
2020-09-11,125.31197357177734,125.94794583429709,124.33682127813594,124.69296419248035,3934700
2020-09-14,125.79530334472656,126.7450176670361,125.50698612069355,125.60026255869803,4375800
2020-09-15,126.253173828125,127.69470792103618,125.93943174983012,126.72803089977717,3658800
2020-09-16,125.83766174316406,127.24528295553853,125.79527395851714,126.67714948909722,4323000
2020-09-17,124.7947006225586,126.03273217131775,123.84498629839524,125.53242421801497,5461400
2020-09-18,126.49908447265625,126.89762802433205,123.97215894796209,124.23502534611305,12174000
2020-09-21,123.03941345214844,125.43913690688497,121.22477348926343,125.14235767575208,7574500
2020-09-22,122.28469848632812,123.25137538215793,121.86919213310325,122.6917169322346,5295900
2020-09-23,122.479736328125,125.11690088294206,122.42886063556972,125.05753728237146,8784400
2020-09-24,122.67479705810547,123.16661711629662,121.54700479449455,122.5815206170884,5614800
2020-09-25,123.51425170898438,124.01454660362577,122.01335408617601,122.10663050203154,5531200
2020-09-28,124.74380493164062,125.74439480015882,124.1587085439306,124.42157493518927,5843200
2020-09-29,124.70140838623047,125.4306569181511,123.85344557882905,125.15931554800318,6768600
2020-09-30,126.24468994140625,126.96545046750916,124.51483880099154,125.03209656155192,8487700
2020-10-01,124.92190551757812,126.89764776552154,124.19265687754132,126.60934347359449,6457800
2020-10-02,124.00606536865234,125.84614280765837,123.65839756904126,123.98062752369383,5485600
2020-10-05,125.69351196289062,125.82071413584057,124.15870149037276,124.65052142690013,4992800
2020-10-06,124.02304077148438,126.01575862828652,123.692335780237,125.73592933740241,5118200
2020-10-07,125.3967514038086,125.69353064035626,123.6414620795702,124.21808355041411,5603100
2020-10-08,126.253173828125,127.06722376444642,125.53240031222701,125.92246887187547,4413500
2020-10-09,128.01695251464844,128.4494089102002,126.72804535960888,126.89763534185155,5054100
2020-10-12,128.754638671875,129.85699264473033,128.05931606489034,128.55113592782217,7273200
2020-10-13,125.80377197265625,127.2961819665914,125.30347698444285,126.3464676921678,11057600
2020-10-14,125.58330535888672,126.37190461189776,124.98124603221714,126.19383965619885,7706400
2020-10-15,124.81169128417969,125.41373784193344,124.08244249755687,125.05759489110233,5978600
2020-10-16,125.58330535888672,126.1429510156841,124.6590160033895,125.15932392680254,6097000
2020-10-19,122.37799072265625,126.26164874514691,122.21687572936597,125.94790666698252,7250800
2020-10-20,122.57300567626953,123.59055828535338,122.20837500250846,122.66628208687041,5325400
2020-10-21,122.04729461669922,123.24292541720746,122.03034467461033,122.2084096387533,5221300
2020-10-22,123.0224609375,123.53971883184586,121.97098226766441,122.24233661041703,5279700
2020-10-23,123.15811920166016,125.04907258395245,122.4034328427087,123.70081486496363,4154400
2020-10-26,122.08123016357422,122.75960312922759,121.04671430220266,122.47128588507542,6929500
2020-10-27,121.3858642578125,122.3525412893597,121.19083644535502,121.88617212116375,4890100
2020-10-28,117.3241195678711,120.39374039824452,117.17147955380975,119.92735832595145,8426100
2020-10-29,116.33201599121094,117.61243513247383,115.36533893846291,117.01886377357333,7205400
2020-10-30,116.26416778564453,116.62878554059374,113.33021111341228,115.89953709181121,7364100
2020-11-02,117.60397338867188,117.87531478087698,116.58642052485112,117.84987692969796,7088000
2020-11-03,117.4428482055664,119.52884239387961,116.8323139523472,118.73175528890533,6363000
2020-11-04,118.20600128173828,120.86860377907455,117.61242994899796,118.28232776221425,10263500
2020-11-05,118.5112533569336,120.26654222422957,118.0872720389065,119.18115108519086,8016200
2020-11-06,120.6227035522461,121.41979062309414,118.41799518347003,119.05396725843794,5942500
2020-11-09,123.87042236328125,126.33799751515639,122.88678229094184,125.86312742103982,12351600
2020-11-10,125.7359390258789,126.13448262794877,124.02305032797567,124.86253826531399,7386500
2020-11-11,125.32888793945312,126.51603052771792,124.53180094209657,126.49059268217538,6382400
2020-11-12,125.75286865234375,126.0496478284781,124.43852390408097,125.16777233003502,4710300
2020-11-13,127.1096420288086,127.54211141759696,125.84618550426322,126.4227941041305,5893500
2020-11-16,127.9151611328125,128.29674170831592,127.02479783071638,127.97451178554839,6266400
2020-11-17,126.64324951171875,127.72864086194632,126.44820875148069,127.1944201568442,7297700
2020-11-18,124.96427917480469,126.99090983810996,124.96427917480469,126.23622343057501,6661000
2020-11-19,124.76924133300781,125.0405956297959,123.45489645307113,124.90491848140185,7987700
2020-11-20,124.10780334472656,125.44758576967261,123.91277557481327,124.69289959334854,6354900
2020-11-23,122.8441390991211,124.67138864118076,122.13543774479383,124.67138864118076,7318300
2020-11-24,122.8441390991211,123.6040696790245,122.62214144535913,122.95514444040005,11034800
2020-11-25,122.68190002441406,123.10029373257228,121.98174558594008,123.00636914620189,7594600
2020-11-27,122.95515441894531,123.51870200361009,122.28914837481312,123.38208203845554,3059000
2020-11-30,123.53572845458984,123.68942912123683,122.15248759873005,123.1514963311613,15663200
2020-12-01,125.90093231201172,127.335415659802,124.54330582536363,124.91045726577498,9738200
2020-12-02,126.4900894165039,127.83064812882473,126.1143911014893,126.24247717913212,7745500
2020-12-03,127.22442626953125,127.71966385470716,126.10587802921866,126.40471953539266,7310500
2020-12-04,128.30877685546875,128.34292531810422,127.4549219728747,127.8989171310937,6747100
2020-12-07,127.19876861572266,128.00139432601924,126.80598961941867,127.52323765489585,6634700
2020-12-08,129.40174865722656,129.90552006129795,127.69403838271033,128.0782705887174,8339800
2020-12-09,130.7252197265625,131.0667565516613,129.58104400201253,130.4946752037837,8440100
2020-12-10,129.9994354248047,130.62274598271995,129.5127317772747,130.48613907233468,7392900
2020-12-11,130.59715270996094,130.98993184207723,129.1285206958165,129.38467986643175,5977400
2020-12-14,127.2841796875,131.04967058955094,127.21586971943817,130.85328757436957,8547300
2020-12-15,128.56492614746094,128.71861376081856,127.67690984098166,128.07822264758065,7612600
2020-12-16,127.79644775390625,128.86376626561,127.69398934599562,128.24898976056542,8486100
2020-12-17,131.16921997070312,131.39976450223003,128.04412011896102,128.1551124254927,9920300
2020-12-18,131.9291534423828,132.43293787859088,129.50420796339762,131.19483749831878,17137200
2020-12-21,130.65692138671875,130.98992438091182,128.12097049678857,129.79451932906287,7893400
2020-12-22,130.40072631835938,131.4082688847705,129.6664105553441,130.12748648617122,4699500
2020-12-23,129.7347412109375,131.1521437517596,129.7005797120678,130.46905709110365,4607300
2020-12-24,130.18728637695312,130.67397700239144,129.63228578098412,129.65790039133378,2114900
2020-12-28,130.80206298828125,131.38267819417976,130.04213248127016,130.9130683189126,3855500
2020-12-29,131.61322021484375,132.28775998873598,131.32291261741136,131.58760560499937,5212000
2020-12-30,133.24407958984375,133.52585331225285,132.00599240625982,132.12553158890668,5412800
2020-12-31,134.37974548339844,134.618823914776,132.44149038798992,133.65396329820396,5099900
2021-01-04,133.62832641601562,134.3797230915949,131.6046939487703,134.26018389582504,11765900
2021-01-05,135.1994171142578,135.55803470263572,132.40732024143082,133.41486303323612,9602300
2021-01-06,136.47169494628906,136.81323185673153,133.81620442688518,134.26021283349877,8230100
2021-01-07,136.93272399902344,137.4962714334168,135.20794625685247,135.76294680270462,7747200
2021-01-08,136.6509552001953,137.55605248897635,136.51434829534756,137.0522681122717,8228900
2021-01-11,136.07888793945312,137.74391586648576,135.5665826785776,137.0949776290633,7066200
2021-01-12,135.02011108398438,136.32650834421415,134.33702439846942,135.89103390494097,6903200
2021-01-13,134.81520080566406,135.30190453720064,133.84180637138766,135.1055084549332,6643100
2021-01-14,137.1717987060547,138.2818127969851,136.28379525058628,137.00103031409458,10030800
2021-01-15,136.87298583984375,137.8207655961162,135.85689610677377,136.87298583984375,7630800
2021-01-19,138.99053955078125,139.2125371982586,137.55606916007443,138.32453357955373,9057600
2021-01-20,138.64898681640625,140.15176701001045,138.153749325279,139.34914118055573,6839900
2021-01-21,138.093994140625,138.73438552343288,136.66805755836168,137.74392341990836,6818000
2021-01-22,139.64801025390625,141.02271754554732,138.21352684885687,138.63192055632865,8137000
2021-01-25,141.72286987304688,141.81679445786492,139.74193275978703,140.8946293602319,9924400
2021-01-26,145.56520080566406,148.27191966758605,144.63450195665618,144.89919492942047,14205700
2021-01-27,143.34518432617188,145.94089784342617,142.97801989413767,144.4039562081075,14207300
2021-01-28,144.43812561035156,145.8896766119576,143.27688220330785,143.61841901705247,8944400
2021-01-29,139.28936767578125,141.73992731006066,137.08642025413357,140.25421494789092,22505900
2021-02-01,138.93075561523438,141.15077084322078,138.8368310421677,141.15077084322078,9971400
2021-02-02,137.68409729003906,139.74189064621405,137.62432119553517,139.50281232578118,11443300
2021-02-03,137.04373168945312,137.9146674641399,136.24965276899877,137.4194299855452,8601900
2021-02-04,138.31597900390625,138.4013566883978,136.41187293375455,137.47065784604007,7758100
2021-02-05,140.41647338867188,141.26179465693107,139.91270198936374,140.7665571185485,9495300
2021-02-08,140.8177947998047,141.6716499802756,139.9297911447852,140.91171939080832,6035300
2021-02-09,141.97047424316406,142.24370106770098,140.86046013939836,141.05684314098363,5544200
2021-02-10,142.43157958984375,143.39644010635257,141.48379982488973,143.35374474186355,5921300
2021-02-11,141.7911834716797,142.91827851831317,141.39841740061325,142.5938093935922,4871300
2021-02-12,142.2351531982422,142.4656976731823,140.03220595572753,140.3737427099564,4413100
2021-02-16,140.94589233398438,142.63652208047333,140.57872780160713,142.23520907077585,5656100
2021-02-17,141.4496612548828,141.81681275184522,140.3396468444249,140.8604990585507,6676700
2021-02-18,141.51792907714844,141.87654660529728,140.2883758213278,140.8519232350444,5189100
2021-02-19,139.16128540039062,141.70578270212073,139.10152232486996,141.39839437843222,8190900
2021-02-22,139.07533264160156,139.65098113129156,137.71782793500546,139.07533264160156,6447100
2021-02-23,137.8467254638672,140.20946847843473,137.8123509511264,138.74026614459717,7042800
2021-02-24,139.69395446777344,141.2404797769416,138.2591266590004,139.53070830874523,10286100
2021-02-25,139.8400421142578,140.64767289227578,139.1784833791052,140.1579474245649,9719700
2021-02-26,136.14556884765625,139.53932473986697,135.72456623640582,139.18705805147601,14417500
2021-03-01,136.88453674316406,138.78331682493433,136.68691594312676,138.71458086536185,10551400
2021-03-02,136.62672424316406,138.13887540461766,136.2658704356594,137.27969592673844,7610900
2021-03-03,134.22100830078125,136.52360282370586,134.08353644895482,135.96514145196235,8499600
2021-03-04,131.5146026611328,134.11791530538522,130.13991031847456,134.023405042952,11033200
2021-03-05,134.11793518066406,134.62484797700034,131.56617082685227,132.296465590208,8331600
2021-03-08,135.2348175048828,136.89304038249134,134.01478446370697,134.89115102653653,6546700
2021-03-09,135.4925994873047,138.11309948682282,134.79666621580145,134.79666621580145,7461300
2021-03-10,136.73841857910156,137.38280323425292,135.20049297055766,136.4549008676696,6635600
2021-03-11,136.72984313964844,138.01002548311268,136.54082257591438,137.07350974096101,6305600
2021-03-12,137.12503051757812,137.7350405189666,136.77276383506558,136.85008683072837,5474800
2021-03-15,137.82955932617188,138.0357671041063,136.17993643280857,137.25391069489697,5524100
2021-03-16,138.64581298828125,138.9121565765326,137.67494891917548,137.86396948697464,6369100
2021-03-17,138.1302947998047,138.95509979558304,137.06490747771534,138.18184347328597,6001400
2021-03-18,137.8725128173828,138.7488794345628,137.43433606381114,137.64913090360764,4801800
2021-03-19,137.50308227539062,138.757490121688,137.01335677453426,138.06155681992226,14891500
2021-03-22,137.8983154296875,138.0271871159799,135.75036659121884,136.01671014958268,7544100
2021-03-23,137.76943969726562,138.49973441487347,136.50644476853563,137.64915509024559,7178300
2021-03-24,139.1097412109375,139.5994666566838,137.3140593931388,137.5546285787751,6370100
2021-03-25,139.1613006591797,139.5737031365012,138.01859038385862,139.56511606136226,6269800
2021-03-26,141.70448303222656,141.85055509889423,138.6544059855232,139.26441615084784,7619200
2021-03-29,142.65817260742188,143.50876511667784,140.58755977000575,140.75939306509704,8535100
2021-03-30,141.77320861816406,142.33168317511266,141.10304963785703,141.7818088038341,7236300
2021-03-31,141.20616149902344,142.09970244496702,140.64768693652434,141.73026153857896,8281500
2021-04-01,139.9001922607422,140.76795879086387,139.41045367846928,139.70258465686064,7229700
2021-04-05,140.41566467285156,141.5497876252457,139.75410606065716,140.59609809165445,7387100
2021-04-06,140.38133239746094,141.35220938906036,140.046252930189,140.97416832648932,5074200
2021-04-07,140.5703582763672,141.1460069671673,140.321201990215,140.5188096040625,4608000
2021-04-08,140.02049255371094,140.99995671799803,139.91739520274584,140.9054464429335,5039400
2021-04-09,138.5426788330078,139.98609393826405,137.27968406088996,139.29016071894142,8418300
2021-04-12,138.87779235839844,139.25583348637136,137.76085623758038,138.40524094843227,5022800
2021-04-13,137.02194213867188,137.40857028926425,134.48736525141214,134.77089605785687,18424100
2021-04-14,137.39996337890625,137.56320955693297,135.35511228158077,135.60428164068583,7718300
2021-04-15,137.80381774902344,139.5221769768235,137.6663458643897,138.0873485948153,7524600
2021-04-16,139.3932647705078,139.62523375962053,137.94983662140078,138.61999547668867,9049400
2021-04-19,139.7799072265625,140.1407610234124,138.1904199954026,139.6166610329794,8353500
2021-04-20,143.0362091064453,144.16173222951537,138.32790880068646,138.32790880068646,14050700
2021-04-21,143.1307373046875,143.40568109042016,142.01380111772082,142.94171672950662,6333200
2021-04-22,141.9192352294922,142.86433773512755,141.43809690300006,142.4862967328734,7233000
2021-04-23,142.2113800048828,142.67533111914153,140.9054236272829,141.36078766703147,6015300
2021-04-26,141.008544921875,142.1168938937741,140.69923975646591,141.94506060411118,6027800
2021-04-27,140.200927734375,140.82813831246864,139.59091752997938,140.69925350010212,6217700
2021-04-28,139.16989135742188,140.21809139334957,138.886360549995,139.9259735105602,7448000
2021-04-29,141.0772705078125,141.12881917992488,139.02383203842436,139.1011550465929,6394300
2021-04-30,139.81430053710938,141.18899321879968,139.63388015253764,141.03433406484004,9079100
2021-05-03,141.94505310058594,142.03956337141045,140.14935795491994,140.5617735603573,6594100
2021-05-04,144.14454650878906,144.21328244109864,141.48108484945664,141.6185567140758,10179500
2021-05-05,143.54310607910156,144.68580312379626,143.3025237901776,143.91254692166478,7792300
2021-05-06,144.1187744140625,144.2476460953729,142.83000516080344,143.3025433989674,5529900
2021-05-07,144.77175903320312,145.35599485398973,144.19611028859043,144.5999257394447,5316200
2021-05-10,146.29246520996094,147.37502642409635,145.3989113833422,145.974559949512,8357500
2021-05-11,145.09823608398438,146.80799487415334,144.58272314732764,146.61897433804845,8217900
2021-05-12,144.51397705078125,145.88866937848513,144.29918219395486,144.80609490965608,6758300
2021-05-13,146.02613830566406,146.66192267869957,143.4571871499105,143.4571871499105,8018600
2021-05-14,146.2495574951172,147.4438166550087,146.20659589165965,147.33211910802723,5797700
2021-05-17,146.39556884765625,147.68433787200092,146.32683292648684,146.40415592153877,5722600
2021-05-18,146.44711303710938,147.23755644135525,145.6566696328635,146.04329770634823,5846000
2021-05-19,146.12925720214844,146.19799313830185,144.37652360533448,145.98319825408717,5533800
2021-05-20,146.9798583984375,147.42662234492747,145.79418637189391,146.00898126887412,4853200
2021-05-21,146.88531494140625,148.4146532136604,146.80797883233132,147.20320712191972,6501800
2021-05-24,147.44728088378906,148.13891543418322,146.77294082490852,147.74986193020214,5195100
2021-05-25,147.04092407226562,147.86223420650538,146.746983719688,147.55099936500267,7444700
2021-05-26,146.16775512695312,147.04093560462155,145.4847612750578,146.9717708353264,5726400
2021-05-27,145.9429931640625,147.11876807461402,145.571247301556,146.33203352003054,8114700
2021-05-28,146.32334899902344,147.84493417160908,146.25418423774735,146.55677841935153,6400800
2021-06-01,143.10728454589844,147.14468418173814,142.97760884129727,147.10145454959388,10448400
2021-06-02,143.68650817871094,144.14471320479083,142.74416298860928,142.90842765679454,6806000
2021-06-03,143.54823303222656,144.5078730751292,143.26294640678407,143.41855729338906,5808800
2021-06-04,143.48770141601562,144.87097065959273,143.40124214135463,144.3868171900575,6510300
2021-06-07,142.51072692871094,143.79025523622047,142.3291809715595,143.51359618859806,5362800
2021-06-08,141.25717163085938,143.2196808683624,140.11598583959736,142.891151489866,7746800
2021-06-09,143.15914916992188,143.32341385047917,141.49059360811586,141.77589333879467,5552600
2021-06-10,144.4473114013672,144.87958130146998,143.47037720574914,143.5136068341255,6463100
2021-06-11,142.61448669433594,144.4473067908859,141.9747225135449,144.4386661422186,7389900
2021-06-14,142.9689483642578,143.04676697523837,141.69807375082405,142.21680292881655,4931300
2021-06-15,142.2082061767578,143.39262189552468,142.12174688979357,142.84795740968704,5062900
2021-06-16,142.15628051757812,143.2974794461513,141.33497030240682,142.47616923098002,6988500
2021-06-17,142.8392791748047,143.25425462101038,141.3522695347501,141.94880415907602,5874700
2021-06-18,140.0381622314453,141.94880111829707,139.87389754805335,141.15342603351127,12993000
2021-06-21,141.64622497558594,142.00933017857355,140.27160959459712,140.72117407098642,6592300
2021-06-22,141.4560089111328,141.81911407249427,141.16206852219707,141.53382752500642,5627800
2021-06-23,140.60011291503906,141.51652299899214,140.47042402900027,141.51652299899214,4493400
2021-06-24,141.23988342285156,141.9574531441142,140.747102525016,141.1534373453916,4549200
2021-06-25,141.966064453125,142.4588452033235,140.82486576116483,140.8680953828594,10963800
2021-06-28,141.8018035888672,142.70957290135752,141.36953374404595,142.16490867549757,5604000
2021-06-29,141.8104705810547,142.33784041738005,141.2744600952861,141.7845354408937,3749500
2021-06-30,142.42428588867188,142.62312634126343,141.4992220063969,141.78452171237433,6151700
2021-07-01,143.47901916503906,143.52223559800623,142.3291797429641,142.4242796407847,6320200
2021-07-02,146.08995056152344,146.36660966530175,143.20239042295617,143.53091981073487,9059900
2021-07-06,145.21678161621094,145.98622167137484,144.36953612882257,145.1649113280613,6098500
2021-07-07,146.46168518066406,146.53949059370117,144.7931165696096,144.7931165696096,6293500
2021-07-08,146.17642211914062,146.5049515345403,144.87961214277334,145.84789270374094,5755500
2021-07-09,146.75563049316406,147.29164094574455,146.31471994589597,146.42710114902488,6120900
2021-07-12,146.522216796875,147.99193197084048,145.70954718995137,146.73835176927673,7840500
2021-07-13,146.34066772460938,146.76428381882036,145.82193852504025,146.0813031248248,4691200
2021-07-14,147.33485412597656,147.6893185690997,146.14178511830792,146.97174903490978,6162900
2021-07-15,145.56256103515625,146.88530586590895,145.000615445245,146.36658990410555,6656900
2021-07-16,145.3291473388672,146.1850333080023,145.1994584522678,145.53662845049723,5834900
2021-07-19,144.27444458007812,145.40698990988017,142.92576424254796,143.92862065261272,8219700
2021-07-20,145.63174438476562,147.67205908860151,144.23983460979497,144.29170489341107,9902800
2021-07-21,146.5308380126953,146.70374331375208,144.79310477872824,146.36657335955127,7585200
2021-07-22,146.95448303222656,147.89684151390313,145.80464342505394,146.4184725355865,5281900
2021-07-23,148.519287109375,148.85645710522687,147.30029601165242,147.83630646869116,5014900
2021-07-26,148.58843994140625,148.8218693634245,147.71525955865349,148.54522350814645,4484900
2021-07-27,149.27145385742188,149.32332413779503,147.55101480466837,148.52794905780036,7089300
2021-07-28,148.85646057128906,149.89391891360282,148.77001450398345,149.33196011287774,5750700
2021-07-29,148.85646057128906,149.85932993321592,147.91411532912383,149.34061395388986,4214100
2021-07-30,148.87374877929688,149.54808875824648,148.56251392810242,149.1676891410277,5346400
2021-08-02,148.93426513671875,149.42704593020076,148.09566053113312,149.10717044685578,3721500
2021-08-03,150.76708984375,150.86218974604822,149.08123993194525,149.33195066064238,6033000
2021-08-04,149.87661743164062,150.9399976718915,149.79015817653755,150.60282768391778,4793100
2021-08-05,150.1619415283203,150.3002710822167,149.06397213099515,150.3002710822167,4291000
2021-08-06,149.66050720214844,150.37807692415402,149.08990768462607,150.37807692415402,4581100
2021-08-09,150.17921447753906,150.6460601651807,149.5048612969871,150.18785512648097,3950200
2021-08-10,150.2310791015625,150.52501945649163,149.3751799826253,149.7901553773388,3678300
2021-08-11,150.2570037841797,150.83624380511702,150.04950950534567,150.6460440141431,4221300
2021-08-12,151.46734619140625,151.5451515949718,150.0754368074778,150.27429042791638,4300400
2021-08-13,152.3751678466797,152.40974364064976,151.39823347115558,151.545203681236,5882100
2021-08-16,153.74977111816406,153.79300075109978,152.11579125111655,152.63452046268128,4782800
2021-08-17,155.15896606445312,155.1935418536306,153.29155684492468,153.29155684492468,6041900
2021-08-18,153.1878204345703,155.18490540739305,153.13595015348372,155.18490540739305,7134100
2021-08-19,154.38092041015625,155.0379660878157,152.21957032226248,152.69505678813186,5615000
2021-08-20,155.1330108642578,155.54798623988194,153.9485956585791,154.65751137561074,5428700
2021-08-23,154.46339416503906,155.61136136281243,154.4025103810287,155.14174143422858,6461700
2021-08-24,152.53269958496094,154.11551862477828,152.43703455211238,153.9241885590812,5734800
2021-08-25,151.52386474609375,152.9762241726141,151.22817766361646,152.7935993799989,5700300
2021-08-26,150.71507263183594,151.95001275532658,150.4976533156533,151.28035754582197,5031600
2021-08-27,150.39329528808594,151.5673649993326,150.23675973737198,151.5673649993326,7046100
2021-08-30,151.02813720703125,151.56733279410767,150.26281706778457,150.27150906201413,3252700
2021-08-31,150.56719970703125,151.74996108706523,150.00190163313758,150.88028399204669,7106800
2021-09-01,151.09771728515625,151.09771728515625,149.63665272944854,150.36717837219211,5327400
2021-09-02,152.1326446533203,152.358769245651,151.2455833564343,151.61953822802346,4544300
2021-09-03,152.22825622558594,152.38480498608328,151.158557231356,152.28044799256367,4096900
2021-09-07,149.86277770996094,152.21959543144663,149.2974795820256,151.62822132000483,6859900
2021-09-08,149.4975128173828,150.43676583258724,148.78438437838156,149.25400425087295,4661700
2021-09-09,146.16664123535156,149.13223015570742,145.84485167432422,148.8800296275485,7114600
2021-09-10,145.20999145507812,147.05370272417426,145.12301843399175,146.58408291287952,6699300
2021-09-13,144.19252014160156,146.2101648729976,143.60983785757094,146.03623204153277,6273500
2021-09-14,143.32281494140625,144.8360448791682,143.0706011049647,144.71429059371354,5259600
2021-09-15,143.8620147705078,144.3316479353348,142.896672454166,143.49675190354364,7935300
2021-09-16,143.6880645751953,144.7664690544287,142.79229814244798,144.06201939245733,5665400
2021-09-17,143.27935791015625,143.41850948508983,142.2444396357028,142.88800571710212,13419800
2021-09-20,142.46185302734375,143.6446148242829,141.03558261958395,142.17485789239998,7270800
2021-09-21,143.0879669189453,144.34899601334752,142.83576640815247,143.1575426768031,6663600
2021-09-22,142.56617736816406,144.32292903203856,142.3052848237152,143.80113067291987,5657100
2021-09-23,143.37503051757812,144.1664402127316,142.7575536651487,142.97497303611007,4697900
2021-09-24,142.94015502929688,144.06203285615155,142.53140565535077,143.2793286299945,4399300
2021-09-27,141.90524291992188,142.940161026302,141.6269530854743,142.62707666865947,5775500
2021-09-28,141.59214782714844,142.54879808914293,140.68768934598936,141.84436165541126,7610400
2021-09-29,142.64442443847656,143.20101718447924,141.5660201873761,141.75735018789746,5124100
2021-09-30,140.45286560058594,143.84460131938485,140.37459783866458,143.1836514350145,6972300
2021-10-01,139.55711364746094,140.80074578338002,137.94820537754862,140.4789694374864,8568300
2021-10-04,138.47000122070312,140.01802553456073,137.1219989419474,139.13965636283453,8620700
2021-10-05,138.78311157226562,140.11371684144834,138.40914341538084,139.0266201659577,5129000
2021-10-06,139.070068359375,139.10484960450685,137.26983039120014,139.03527384402372,7312600
2021-10-07,140.313720703125,141.4182144977366,139.16575366331452,139.16575366331452,5309200
2021-10-08,139.9571533203125,140.5485407501835,139.3657791606632,140.29634018685582,4343200
2021-10-11,139.3657989501953,140.75728805435534,139.0962010879424,139.89630267825618,4101600
2021-10-12,137.13941955566406,139.30490760281114,136.8350271837069,139.14837205395742,6686400
2021-10-13,138.45263671875,139.21795706225714,137.19160716745208,137.25249095396913,6901100
2021-10-14,139.24403381347656,140.13980037587442,138.8005031652732,138.89616819961776,4579200
2021-10-15,140.27894592285156,140.72247655206323,139.50493368546927,140.04412934492916,6918400
2021-10-18,139.25270080566406,139.92235592583572,138.45259942127333,139.36576308146738,7465500
2021-10-19,142.5139923095703,143.62717801546188,139.78320655133314,139.9310500764665,10081300
2021-10-20,142.4357452392578,143.27933327066341,141.98350933360624,142.60967804290158,6003200
2021-10-21,142.1052703857422,142.96625571955178,141.1312360228066,142.88798794472078,4524100
2021-10-22,142.3835906982422,142.67927784124348,141.72264062502316,141.80960040637527,4304300
2021-10-25,142.69667053222656,142.89669262017276,140.63553932411926,142.38358613489928,6715400
2021-10-26,144.14898681640625,144.3924953554438,142.67053832361535,143.11406889038656,6939100
2021-10-27,142.40098571777344,144.1577245539521,142.02701752615863,144.0881487678325,7018800
2021-10-28,141.62693786621094,143.6706713318437,141.1660100100773,142.42703930082448,6278800
2021-10-29,141.65301513671875,141.9747914282481,139.6788443365725,141.19208731958,8526800
2021-11-01,141.7747802734375,142.6096629506616,138.6265397987049,141.8965345501252,5846400
2021-11-02,144.0098114013672,145.2186619018698,141.73995389809616,142.36612240039287,8450600
2021-11-03,143.54893493652344,144.16641166668776,142.13135667207445,143.53153767462823,6717800
2021-11-04,143.1488800048828,143.48805360002623,141.47039601952665,143.44456708368034,8224400
2021-11-05,142.13133239746094,143.1488663560943,141.0616332024966,141.30514174654994,6215900
2021-11-08,141.6443328857422,142.77491599212206,140.89640990184984,142.34876935203877,5578800
2021-11-09,141.33123779296875,142.27049076670022,140.90510445550333,141.41821082154837,6112800
2021-11-10,142.86190795898438,143.3576171686445,141.1921289697641,141.34866452958607,6225100
2021-11-11,141.8095703125,142.46182825023337,141.31386118033794,142.1835384306491,4118800
2021-11-12,143.50540161132812,145.7752591851904,143.15753610821952,145.6100184266374,18995200
2021-11-15,142.20965576171875,143.89683208364195,141.94874988107276,143.4967746306215,7496200
2021-11-16,141.4703826904297,142.93144722661896,141.426896178181,141.91391326683728,7594700
2021-11-17,142.0009002685547,142.5053146658043,140.70507638922956,141.6443294113266,5414500
2021-11-18,141.235595703125,143.03583417931745,141.00079237423108,142.14875957060423,6358700
2021-11-19,141.66171264648438,141.92261844960566,140.69637046408985,141.79215891293484,7620700
2021-11-22,139.7971954345703,142.37079658506119,139.75342407243826,140.96144421013258,7634500
2021-11-23,140.66378784179688,140.93515152435955,138.9918210372536,139.63960231866935,7734000
2021-11-24,140.26986694335938,140.6024998201343,139.51704513201483,140.1823242427055,5230900
2021-11-26,139.35948181152344,141.07522003531525,138.886785919691,140.58501293055812,8523100
2021-11-29,139.8409423828125,140.42744113298508,138.67669381050857,139.62209896750292,9188500
2021-11-30,136.4970245361328,139.18442840160532,136.4270063893366,138.7554904489029,14981700
2021-12-01,138.3790740966797,140.1298214713485,136.77713864600062,137.3286283433069,9835800
2021-12-02,137.512451171875,139.43827063826998,137.2148273199256,137.6612630978497,11334700
2021-12-03,139.51708984375,139.77094238557433,137.9501631570143,138.23028920316742,8750500
2021-12-06,142.6333770751953,143.14109536802445,139.91096463433456,140.22609966584434,9692000
2021-12-07,143.00106811523438,143.79766149907505,142.16946565565263,143.56130682710315,8311300
2021-12-08,143.85890197753906,144.06024753354055,142.37076944870256,143.0973311787477,6216400
2021-12-09,145.22447204589844,145.29450353538041,143.11483186274504,143.718828414888,8574200
2021-12-10,144.86558532714844,145.91603100076995,144.1302613341861,144.9356168196754,6572200
2021-12-13,147.45669555664062,148.11322582479767,143.38621323692402,144.21781557182777,11142300
2021-12-14,149.06736755371094,149.66262855975083,146.32745721182945,147.35164274218113,10482400
2021-12-15,149.81146240234375,149.95152540746133,148.30581849018807,148.68223614679866,8552200
2021-12-16,151.4483642578125,151.8860510073252,149.54880536778415,149.91646063451805,8998600
2021-12-17,147.26409912109375,149.49630450485506,146.76514310757983,148.49837912068594,16726200
2021-12-20,146.84393310546875,147.50921228592978,145.7934873731621,146.89645338851275,7954500
2021-12-21,146.37124633789062,147.15032841834125,145.29452703970753,147.11530598936426,7954200
2021-12-22,147.00146484375,147.21155929146298,145.41704095235738,146.23989417614217,4178200
2021-12-23,147.28163146972656,147.89439041511105,146.5025493769213,146.95774746083976,3501500
2021-12-27,148.524658203125,148.68223241921763,147.6755446219597,148.06071119780495,3704800
2021-12-28,149.11993408203125,149.37378661013787,148.45464143694127,148.6297135277539,3187000
2021-12-29,150.17037963867188,150.55554625186036,148.7347671258794,148.8135475629922,3662000
2021-12-30,150.83566284179688,151.3346323374234,150.34545563306222,150.66933967658804,4231800
2021-12-31,149.75018310546875,151.1595219192368,149.7151606779752,151.02822120899208,4409500
2022-01-03,150.1615753173828,150.21410895122997,148.02567504085155,148.9973402313452,6012200
2022-01-04,149.75894165039062,150.81813640009295,149.33876599348395,149.7414304355194,6748400
2022-01-05,150.75685119628906,151.85106825969427,150.2316216629978,150.5642679245584,7016100
2022-01-06,150.24038696289062,151.0019577800174,149.5138252153529,150.69557165325904,7301600
2022-01-07,152.27127075195312,152.57765692664861,149.80272356686078,150.09159852545088,6986000
2022-01-10,151.51840209960938,152.04363156392358,150.7043111227765,152.04363156392358,7698400
2022-01-11,149.90773010253906,151.78102908603114,148.90980472548517,151.43088498631235,8341100
2022-01-12,148.62969970703125,148.88356556867583,147.36041047023764,148.4721388470944,8116200
2022-01-13,147.7280731201172,149.18119678898424,147.46547167393715,147.93816763420497,6159400
2022-01-14,146.92271423339844,147.63176477217132,146.31870426121642,147.61426691583432,5847700
2022-01-18,146.2749481201172,146.81767553058268,145.3207806519492,146.2749481201172,7815600
2022-01-19,145.81976318359375,147.69306250392907,145.5921708135666,146.36249064288958,5926500
2022-01-20,144.65548706054688,146.9402126854711,144.37536109777648,146.44124332321428,6011300
2022-01-21,144.32284545898438,147.05402025523784,143.97270135140545,145.4783450568496,10550300
2022-01-24,142.65963745117188,143.71008310556508,138.5366218951806,143.56127119559733,14054600
2022-01-25,146.73892211914062,147.4217126506346,141.44290767797253,142.1256982094665,14081200
2022-01-26,147.3954315185547,148.13074223899065,145.5133700028128,146.66010744097574,9963200
2022-01-27,149.33001708984375,150.48551694631757,147.93817591857305,148.27957117486858,9066700
2022-01-28,150.3804168701172,150.4241882192178,148.20074527059532,149.56632587683563,9783100
2022-01-31,150.81813049316406,151.10700542008064,149.53134342910698,150.12659113998276,8054800
2022-02-01,149.58384704589844,150.54675000451144,148.31454462318376,150.3366688862678,8154700
2022-02-02,151.23831176757812,151.43089504235468,148.50713685126635,148.50713685126635,7382800
2022-02-03,151.22955322265625,151.98237512709045,149.72390941378785,150.79186637954666,6240400
2022-02-04,150.24038696289062,151.42213340079675,148.9185641752018,149.68889727758247,6392200
2022-02-07,149.74142456054688,150.33668562852483,148.82227949444643,150.04781070162795,6065700
2022-02-08,150.13534545898438,150.6080547589629,149.23371157463424,149.70642087461277,6296100
2022-02-09,150.11782836914062,150.77435859055544,149.90773388971692,150.6255466765584,5387500
2022-02-10,148.30581665039062,149.8814920455582,148.2007760764272,149.8727431167756,10355300
2022-02-11,146.80894470214844,148.94484553708162,146.66011940305066,148.04321159885714,13125300
2022-02-14,144.96188354492188,147.03651484635438,143.39495721237586,146.80892250315898,8967600
2022-02-15,146.45877075195312,147.15032345090214,145.32078227719055,145.42583620343217,6631400
2022-02-16,146.37124633789062,146.9227227014198,145.05818575125633,145.74097618773473,8482400
2022-02-17,145.47833251953125,146.5812983847787,144.36660437020748,146.3712172811927,6227600
2022-02-18,143.9189910888672,145.6809767714229,143.54897570867655,145.34619519001447,6423200
2022-02-22,141.96316528320312,144.25375171493198,141.3464730724706,144.10398456681708,6868900
2022-02-23,142.03367614746094,143.28468444997213,141.70771307679448,142.2891581731132,8016900
2022-02-24,139.32022094726562,141.0734017115501,137.18821967693106,140.76504880992564,12883400
2022-02-25,146.24481201171875,147.11699976616663,140.6945544094442,140.95885495105424,11340400
2022-02-28,144.98500061035156,145.5223933467714,143.0556241069015,143.48730200243665,9373500
2022-03-01,144.48281860351562,145.1435632007878,143.0820432835906,143.6370596041386,8737800
2022-03-02,146.28005981445312,147.68084878622312,144.51807395888432,144.84405048332653,6793300
2022-03-03,148.42967224121094,149.18732663317897,146.5267378936334,146.86150603690942,7333700
2022-03-04,149.31065368652344,149.6454352471037,146.99365179927412,147.68963018571498,6302500
2022-03-07,151.71578979492188,152.51748309921024,147.4429689493385,148.27110440748328,11663400
2022-03-08,148.64111328125,152.51747640638192,148.45609886968109,151.56600252449303,11100300
2022-03-09,149.20494079589844,149.9714002283788,147.9098803075041,149.77758073740253,7248200
2022-03-10,149.4692840576172,149.90096204857795,148.07731342576574,148.50018632566773,6171400
2022-03-11,149.1961669921875,151.055062723335,148.90543769476034,149.00234746056938,5188000
2022-03-14,151.25765991210938,153.39846601913752,150.0771327557346,150.36784855754928,7729500
2022-03-15,155.17807006835938,155.51285163152352,152.0153091668223,152.70248247014,10554400
2022-03-16,153.75086975097656,155.89167583763344,152.024117919683,154.57900514747024,9603300
2022-03-17,155.75955200195312,155.79478580412285,153.4689650172494,154.35877647593637,7472100
2022-03-18,154.0327911376953,155.93573897521048,152.99322599711178,155.93573897521048,13809500
2022-03-21,154.90496826171875,156.07669031871737,153.5746739506174,153.87420828140046,7574900
2022-03-22,154.17373657226562,155.3806923797088,153.21345766790742,154.90496219315432,8442100
2022-03-23,153.59228515625,154.64947385266268,153.3720369510439,154.37636822906848,5254200
2022-03-24,154.38519287109375,154.64947997349435,153.35443284307894,154.1737497462891,5012300
2022-03-25,155.86524963378906,156.55242296471496,154.3675645136399,154.7816322185419,4809500
2022-03-28,156.66696166992188,156.97530110472485,155.3630960031021,155.6273831063949,5604200
2022-03-29,156.5876922607422,158.0501303457096,155.75955673429803,157.36295691799756,5933400
2022-03-30,158.21751403808594,158.45538588863187,156.53481434776455,157.20437756517015,6277600
2022-03-31,156.13841247558594,158.76378174592315,155.918164187712,158.2175568508315,11490400
2022-04-01,156.98410034179688,157.19552999844421,154.70233234459397,155.97976914407434,6525600
2022-04-04,155.4688262939453,156.98413523686548,154.6318856836184,156.98413523686548,6860600
2022-04-05,156.47314453125,158.27036407523346,155.31022748764323,155.4688131949007,7446100
2022-04-06,160.54330444335938,160.8692809007502,157.36292009052806,158.0412882693937,10330900
2022-04-07,160.12928771972656,161.1776715725328,158.78136946408617,160.05000157360342,7385200
2022-04-08,160.44644165039062,161.38911061762997,158.9575613221783,159.75046309182463,7144500
2022-04-11,158.4377899169922,162.27892022619747,158.2263601843948,161.2217312345484,5932000
2022-04-12,158.49063110351562,159.29233793846535,156.9929457319642,157.87393870851045,5957500
2022-04-13,159.16015625,159.3187284952147,157.9091481360693,158.49059314473934,5643100
2022-04-14,158.49063110351562,159.81212056833502,158.3408639106491,158.57873577832464,6188200
2022-04-18,156.51718139648438,158.92228793532877,155.70666964749716,158.34082947098477,6318700
2022-04-19,161.29214477539062,163.8117844295797,158.53463332871638,159.21300147023544,14380800
2022-04-20,162.00575256347656,162.38458642763203,160.25257219153926,160.55211993629553,8044900
2022-04-21,161.5388641357422,162.8691586202183,160.8340671033692,162.04102311539643,6969200
2022-04-22,159.93544006347656,161.35383912507172,159.7944914205527,160.7547704247132,8003600
2022-04-25,163.8734588623047,164.4725409309177,160.42878737859013,160.64021703807953,11176500
2022-04-26,162.7017364501953,164.3668256716192,162.26124007023327,163.0717652391002,10190000
2022-04-27,160.4288330078125,162.82513507805612,160.1116749854895,162.31415751748645,11090100
2022-04-28,161.62698364257812,162.54321045874926,160.27024687821222,160.56097618486206,9403900
2022-04-29,158.98397827148438,160.82525013233237,158.75491152322672,160.7811978005225,8463100
2022-05-02,157.38052368164062,159.82087704309245,155.96212500245,158.99274181584218,7145400
2022-05-03,157.07223510742188,159.13376893157707,156.5348288429489,157.52155013815818,5898700
2022-05-04,158.7549285888672,159.01922916525362,156.06789737422898,156.94889033359325,5923000
2022-05-05,155.7242889404297,158.3232285624139,154.4116182174893,158.06773311181374,7089200
2022-05-06,155.38070678710938,155.8212032181601,153.90064523136337,154.29708933073218,6434000
2022-05-09,156.2264862060547,157.31010380362827,153.8125606099216,154.5702151077673,7855200
2022-05-10,156.0150146484375,157.85628640863922,155.49523211299206,157.01934592153694,8186700
2022-05-11,155.16928100585938,157.09865757324312,154.94903278479518,155.01951382868188,6138900
2022-05-12,156.70217895507812,156.77265998948985,153.9182520316708,155.46879446008012,6898600
2022-05-13,155.8035888671875,157.60080834287368,154.87854369817794,157.43341755269586,7732200
2022-05-16,156.88719177246094,157.81223685584473,155.2044923803768,155.80357444540812,5516700
2022-05-17,157.5391387939453,158.3144033160237,155.5745151729978,157.45103413687846,5751100
2022-05-18,154.61427307128906,158.02371171421433,154.32354376518813,157.55678649490005,8608800
2022-05-19,153.2399139404297,153.99756840558578,152.13867276682407,153.92708735732876,6874500
2022-05-20,155.91810607910156,156.07669177757012,153.33680355982273,154.0416005069286,7522100
2022-05-23,159.10122680664062,159.53567869223838,157.34565533407425,157.46978637699775,7040800
2022-05-24,160.83905029296875,161.14052297289487,158.79975666147274,158.9327493663901,6419800
2022-05-25,159.2607879638672,160.97203722782382,158.7642638860144,160.06764635501116,6558900
2022-05-26,159.11892700195312,160.48436815938248,158.35640404853348,160.48436815938248,6897600
2022-05-27,160.56414794921875,160.62622021489165,158.02831731018935,159.38489666481462,5853600
2022-05-31,159.18099975585938,159.74845780398547,155.17331968075618,157.82442014816317,16391400
2022-06-01,157.56732177734375,159.44702432743213,155.96246633171387,158.8440924440852,5175400
2022-06-02,157.07073974609375,157.65593459235058,154.8009078289023,157.59387585189236,8666500
2022-06-03,156.4235076904297,158.4184793260513,156.18410730596025,156.99984094716962,4234200
2022-06-06,156.4058074951172,158.26778687000186,156.05115119955366,157.1240088169296,5386500
2022-06-07,158.12588500976562,158.97707887744943,156.40577393391217,156.92003492261964,5447800
2022-06-08,157.18603515625,159.11007289779735,156.76044498351013,157.91309800022879,4333100
2022-06-09,154.0206756591797,158.40073515032728,153.95860338377517,157.1239647270057,5509600
2022-06-10,152.99215698242188,154.2512040930317,151.28090765364306,152.65522411857313,6647300
2022-06-13,151.44937133789062,152.72615529429336,150.802117690005,150.802117690005,7997000
2022-06-14,149.12635803222656,151.71538642912716,148.301762668588,151.67105101744457,7116800
2022-06-15,150.72232055664062,152.00796616977578,149.52533222725506,150.4119862403506,7796100
2022-06-16,150.8021240234375,150.91739338050758,148.4347593087099,149.312538168652,7056700
2022-06-17,150.25242614746094,152.68184998803903,150.0573611418171,151.28980993423815,12486600
2022-06-21,153.40005493164062,154.15371649520063,150.34110031527345,151.3962210925491,8219700
2022-06-22,155.82057189941406,157.7534710393881,152.22962065329145,152.50448121638263,10593100
2022-06-23,159.29629516601562,159.43816308356813,156.5122015480768,156.93779177146504,10223500
2022-06-24,161.62814331054688,161.8409451300277,159.57997484163178,160.2893007106356,9374400
2022-06-27,161.47743225097656,162.56802648026454,160.927711065957,161.0518420925507,5908600
2022-06-28,156.88458251953125,162.23110579312817,156.32598609327633,161.5217797896376,9245700
2022-06-29,156.92892456054688,158.09043934480965,156.43238686664077,157.13285122903676,7097900
2022-06-30,157.3899383544922,158.08152735561396,155.1910403388554,156.81361869664593,10777200
2022-07-01,159.17213439941406,159.34946249860886,156.66290188447073,157.33675407311767,5498400
2022-07-05,157.94857788085938,158.8263704051395,154.81868965237928,158.56037144057558,5676400
2022-07-06,158.09043884277344,159.10122404022349,157.30131718449462,157.88651217493117,5335600
2022-07-07,158.26776123046875,158.81748245831798,157.38996877663712,157.7003031319336,5725800
2022-07-08,158.0726776123047,159.58886193946879,157.62048893261482,158.11701301916057,3828300
2022-07-11,158.13475036621094,158.72880693793033,157.39882590383021,157.5584171338742,3645200
2022-07-12,155.91810607910156,158.22339828417626,155.34177288088347,157.80666983582032,4708800
2022-07-13,155.55459594726562,156.34371754737683,154.72113893673446,155.7496609296992,5291700
2022-07-14,155.76739501953125,156.05999251337298,152.77051318393816,152.97443985082106,5359600
2022-07-15,158.02835083007812,158.27661288690027,156.53877848914527,157.56730045556122,5691100
2022-07-18,154.48171997070312,157.99287570309716,154.19799773080902,157.59388411582344,7605700
2022-07-19,152.2296600341797,156.71612807055465,150.6248181150851,156.34373493429533,13256400
2022-07-20,151.36070251464844,152.99214254378694,150.5183704345217,152.68180824802806,7455800
2022-07-21,151.89268493652344,151.96361887553408,150.5272438160487,150.7755058379532,5729200
2022-07-22,152.6109161376953,152.9389873906592,151.67106485306928,152.1498656960893,4257000
2022-07-25,152.91236877441406,153.37341915549842,152.25623988388506,152.6108961046065,4437300
2022-07-26,153.99411010742188,155.14676338664034,152.93900287023735,153.0010616351208,4525500
2022-07-27,153.56845092773438,154.36644754569866,151.73308441201942,153.06306524602854,4648500
2022-07-28,154.4551544189453,156.13093026678644,152.00799376902035,153.7458283738272,5513000
2022-07-29,154.7388916015625,155.03148910507943,153.31137782764176,154.09162430775118,6451400
2022-08-01,154.19802856445312,155.30634626698193,153.86995732460178,154.42855377604235,5461400
2022-08-02,153.32022094726562,155.59892841290144,153.12515596852373,155.17332471604598,5794200
2022-08-03,154.80093383789062,155.39499045280508,152.30057634719506,152.99216545287263,5010000
2022-08-04,152.31829833984375,155.24425950757504,152.1498454293507,154.9959974476965,5651600
2022-08-05,151.71539306640625,152.0877861881491,150.54500308726983,151.8838595206094,5235500
2022-08-08,150.90850830078125,152.04342433999395,150.23465613039446,151.88383311382327,4629800
2022-08-09,150.89076232910156,151.72421920464174,150.49177075848027,151.20995829145173,5532500
2022-08-10,151.32522583007812,151.83062506830169,150.3144408828964,151.6355601197872,5603400
2022-08-11,148.19537353515625,150.68686952264798,148.05350562466276,149.41896058694252,9328700
2022-08-12,146.56394958496094,148.9047162534746,146.43094333048498,148.5500464374755,14606900
2022-08-15,147.2643585205078,147.84955340319053,146.4131782632114,147.1845629081237,10072000
2022-08-16,148.57664489746094,149.17956323550783,146.82993511037083,147.06046032269427,7453600
2022-08-17,148.58547973632812,149.45439687276988,147.54809617430487,147.54809617430487,7406600
2022-08-18,147.86729431152344,149.2238738761851,147.1224946544556,148.67413918534143,8312100
2022-08-19,150.11940002441406,150.8375876640734,148.07123126560262,148.15990208525312,8128500
2022-08-22,149.59275817871094,150.77993310942142,149.21786298272403,150.76207706575426,5462600
2022-08-23,148.28958129882812,149.75346389482786,147.99501781290357,149.06614909433722,5566300
2022-08-24,147.79864501953125,148.7001779216738,147.34341796164858,148.6734006606321,5684300
2022-08-25,149.1821746826172,149.2803624992224,147.01312150494633,148.12888595720025,5678700
2022-08-26,146.62930297851562,149.5124344683468,146.56681363239886,149.47673599925963,5667100
2022-08-29,145.49569702148438,146.24548752870456,144.62094142972748,145.91522558103745,5259200
2022-08-30,144.9868621826172,145.97766137471527,144.6298230731023,145.76344335707392,6973300
2022-08-31,144.01393127441406,145.9866086156253,143.95145555401405,145.7009664075963,8741700
2022-09-01,147.58436584472656,147.72718693779706,144.1388852903736,144.14782012129618,7509600
2022-09-02,145.2636260986328,148.3520548074302,144.61200978189183,148.04857011260927,5803700
2022-09-06,145.65635681152344,148.36990374867156,145.3350297054591,146.33475035589666,7394600
2022-09-07,146.4507598876953,146.7631657076247,144.74586883377197,145.4153273881238,4590600
2022-09-08,147.62901306152344,147.65579031647835,145.56708270897354,146.2811746215019,5838400
2022-09-09,147.91465759277344,148.35202851067177,146.73640387561014,147.27197622344266,5500600
2022-09-12,147.85220336914062,148.6823393434444,147.47730808467801,148.27173196321937,6365300
2022-09-13,144.00503540039062,146.7810581048217,143.54087354076015,146.00449034788366,6726400
2022-09-14,146.9774169921875,147.60224233572492,144.94226380456792,144.94226380456792,9555700
2022-09-15,147.35231018066406,148.23600048167683,146.4775547116894,146.78996056909497,7174500
2022-09-16,149.6016845703125,149.62846182421723,147.05773648800593,147.56653155253517,20201500
2022-09-19,148.4234161376953,148.55730239388637,146.4596738659383,148.44127217857695,7380900
2022-09-20,147.25413513183594,148.08425737307846,146.67394304624744,147.47728802939645,7143400
2022-09-21,145.74559020996094,148.88758619273193,145.7098917463681,147.29873896955002,8071200
2022-09-22,148.33413696289062,149.20890582965035,145.3438973270303,145.62952585604998,7401100
2022-09-23,148.81619262695312,149.4945724739818,146.97741508828867,147.94143715733205,9598600
2022-09-26,147.9057159423828,148.92329246021762,146.72747589970723,147.99498253629656,8735500
2022-09-27,147.2273712158203,149.6641972643635,146.74535328611177,148.49487815440767,8686700
2022-09-28,148.49485778808594,149.40532538141738,147.3701721399739,148.39666997292105,8660900
2022-09-29,146.8613739013672,149.21786779511982,146.2901030671293,148.60196366035987,7008100
2022-09-30,145.8170166015625,147.9414363506579,145.78131813409072,147.28089893097874,8985200
2022-10-03,145.67420959472656,146.72749835942275,144.33529220209087,146.64715296453386,8657000
2022-10-04,147.8343048095703,148.17350152090387,145.42425660525225,146.25439234083964,6236100
2022-10-05,147.37908935546875,148.20921153557433,146.5757444314846,147.29875758710452,4539400
2022-10-06,144.52273559570312,147.28090194510682,144.32635997016263,147.09344753157416,5890700
2022-10-07,142.99632263183594,144.79940120964537,142.07693411398023,144.39772886245444,6363500
2022-10-10,143.18377685546875,143.96034430064577,142.08585518864328,143.38015242416108,5315600
2022-10-11,145.25465393066406,146.4864620603169,143.14809041482198,143.14809041482198,6212200
2022-10-12,145.21897888183594,147.17380040446935,145.04938050386548,145.4421317749188,4341700
2022-10-13,147.41477966308594,148.16458365349112,143.48729462075696,143.61225968246276,6465100
2022-10-14,146.7989044189453,147.8878780009972,146.03125792590532,146.78104837394298,5684600
2022-10-17,148.7001495361328,149.25357793908847,147.28982170306978,147.63793965033292,6710800
2022-10-18,148.18246459960938,149.2178974487374,145.54034157376228,147.2809316786571,10883600
2022-10-19,147.0041961669922,148.39666798509867,146.290104213556,148.17351510091055,10044600
2022-10-20,147.37908935546875,147.94143897436024,146.68285345597022,147.2809015429666,5659900
2022-10-21,150.59246826171875,151.18158140690807,146.77207911738478,147.02202282828043,8487600
2022-10-24,152.6187286376953,153.6006068527339,151.0745143723821,151.57437469270278,6855500
2022-10-25,152.37771606445312,152.73475521850912,150.42289468859553,151.89569822428982,5661900
2022-10-26,153.7166290283203,154.03796970606226,152.20811344725865,152.92220535559304,6123800
2022-10-27,153.80589294433594,154.80561351501115,153.27925540229606,153.8416050333865,5390900
2022-10-28,156.09097290039062,156.55513470668788,154.05581971454157,154.42179370835618,6073900
2022-10-31,155.28761291503906,156.3498227051891,154.79667390024247,155.7785519298357,7810000
2022-11-01,154.5021209716797,155.87675030635518,152.11884990564263,155.36795521464308,6985000
2022-11-02,152.12779235839844,155.26086787179563,152.00282727599503,154.32362294368386,6877300
2022-11-03,152.3866424560547,153.05610110779338,150.79779501220852,151.57436268977065,4819900
2022-11-04,153.0650177001953,153.97548525272882,151.06557663759088,153.13642825531272,5300900
2022-11-07,154.40396118164062,155.18054258780217,153.0293452176851,153.2346420859011,6621000
2022-11-08,155.1715545654297,155.9302796646655,153.68981644842495,154.5378081311597,5148400
2022-11-09,153.9308624267578,156.20702465287692,153.832674609312,155.55542202083012,6150000
2022-11-10,155.7339324951172,156.0017186743107,153.56487942583763,155.62682347150812,7877500
2022-11-11,151.0745086669922,154.51998988213637,148.90546908319283,154.18079312608344,11074700
2022-11-14,153.44886779785156,154.65388532008907,151.96712923078343,151.96712923078343,6581500
2022-11-15,153.87730407714844,154.42179766574782,152.20812484233767,153.69878449174254,9351000
2022-11-16,154.8323974609375,156.1980919723047,154.53783403022706,154.99306099395923,5500900
2022-11-17,156.08204650878906,156.19809036155516,154.40393254029053,154.42178858383235,4464100
2022-11-18,157.2781219482422,157.67087313346124,155.86779433775953,156.2069910195703,6555700
2022-11-21,158.086669921875,158.60772781460653,157.06252543149418,158.01479844962773,5706600
2022-11-22,158.85032653808594,159.1827201742595,158.41011881627625,158.4729978004864,4707900
2022-11-23,159.02099609375,159.37136100727162,158.12262311466034,158.50893062387246,5389200
2022-11-25,159.22764587402344,160.01820484425673,158.8862597250978,159.35341755392997,3058600
2022-11-28,159.30845642089844,159.70374266145595,158.61670549992277,158.7873985318073,6183100
2022-11-29,158.19448852539062,159.2455832256074,156.9098217944868,159.02098998945638,6700500
2022-11-30,159.91036987304688,159.9193486667819,157.01760815285417,158.44601771739843,13288000
2022-12-01,160.5751953125,161.67121147158747,159.70377240391267,160.80876735810986,6282600
2022-12-02,160.70095825195312,160.7728297331778,158.97608382681187,159.46119918997397,5823900
2022-12-05,160.6111297607422,161.1321877649096,159.91039989157196,160.23381473181087,5120600
2022-12-06,158.2034454345703,161.70709364702375,158.05071000523756,161.63522218265547,7943500
2022-12-07,159.16473388671875,159.80258471269602,158.32026112053052,158.62571834163583,5702600
2022-12-08,159.19171142578125,159.43427600233642,158.41911000734515,158.8503389674623,4798500
2022-12-09,157.88003540039062,159.81153137101515,157.8081639338821,159.1197805004411,4561000
2022-12-12,159.76663208007812,159.79358217023486,157.75428557193715,158.06870785979294,4882400
2022-12-13,160.99742126464844,161.88680170569737,160.18887739050558,160.89859969252265,9177500
2022-12-14,161.49148559570312,162.64140165459284,160.43141229782196,160.43141229782196,9533600
2022-12-15,159.4522247314453,161.56339300398565,158.47298776770347,160.98843484663666,7602400
2022-12-16,157.81715393066406,159.01199144354297,157.08947412921546,159.01199144354297,18841800
2022-12-19,157.64649963378906,158.26637923417016,156.3798040461461,157.52972045829932,5736000
2022-12-20,157.81715393066406,158.50890485034796,157.36796751415687,158.1136186105286,6174700
2022-12-21,159.62289428710938,160.07208074835145,157.79919835111312,158.3561988845497,5472000
2022-12-22,159.03895568847656,159.47017084844452,157.5207032722445,158.80538366601115,5709100
2022-12-23,159.44320678710938,159.47914937700568,157.94292579885644,158.71552698464768,3683400
2022-12-27,159.39830017089844,160.22481531810487,159.0030276019911,160.00920088299674,3067300
2022-12-28,158.70655822753906,160.31463967100999,158.69756572545555,159.6947601828739,2645400
2022-12-29,159.51510620117188,160.179907149891,159.07491220844517,159.50612740616577,2828800
2022-12-30,158.6975860595703,159.70377314799617,157.57461980183749,159.45222980291078,4216600
2023-01-03,160.08108520507812,160.2517782663902,158.12262495960812,158.25738913289425,6344900
2023-01-04,161.82395935058594,161.87785954611041,160.34163543323095,160.70997171343004,9788800
2023-01-05,160.62905883789062,161.69812465956483,160.27869399539983,160.8267019498681,6255300
2023-01-06,161.93173217773438,162.5426192338089,161.15913085452695,161.8239318050351,5706000
2023-01-09,157.73634338378906,161.49153619147097,157.37698593524783,161.07829226075484,7925300
2023-01-10,157.35899353027344,158.23939509527338,156.60436361741637,157.84410884337242,5047500
2023-01-11,157.10745239257812,157.86208231584192,154.6189556964892,157.7273318681456,6494800
2023-01-12,156.31686401367188,156.95471472022572,155.2388194172627,156.55043600200162,4269400
2023-01-13,155.80482482910156,156.32588282082375,154.86154413334543,155.58922407948157,6088000
2023-01-17,154.8435516357422,156.83794054518796,154.60098711754407,156.31688262480208,6053300
2023-01-18,152.5077667236328,154.52012679824017,152.46285904858692,154.20569082442975,7047800
2023-01-19,152.3011932373047,153.87334619008246,151.56453441049348,151.8520066793682,6939500
2023-01-20,151.59146118164062,152.82222777441865,150.45950245664244,152.8132489795524,8620600
2023-01-23,151.20513916015625,152.39099795669884,150.88172437092484,151.9148614208974,8425400
2023-01-24,151.20513916015625,153.61278563734163,149.13887876829358,151.8429899446146,10541800
2023-01-25,152.28318786621094,152.28318786621094,150.10014826293497,150.1809985353342,7099800
2023-01-26,151.72621154785156,152.6425558227193,151.51059709844628,152.31914100265325,6946100
2023-01-27,151.13327026367188,151.70822837566624,150.72002640309486,151.41176367147003,6058100
2023-01-30,145.53643798828125,151.4117918606951,144.70993640516988,150.86378373723065,23259100
2023-01-31,146.81210327148438,146.82108206591704,144.68296380387935,145.26690072791385,11612500
2023-02-01,148.15966796875,149.1119411198087,145.8957642552345,146.42581472353626,9865300
2023-02-02,148.71664428710938,149.32754498917177,146.2730826031076,146.43478314572016,10099000
2023-02-03,147.88116455078125,149.43534583932845,147.23433496205172,149.15685243186374,6868500
2023-02-06,146.75819396972656,148.09677449350673,146.52462195624267,147.8272598883593,7021000
2023-02-07,146.79412841796875,147.22535728578453,145.01535388949765,145.17706814194926,7310800
2023-02-08,146.98280334472656,147.83625493143072,146.34495249937197,146.7043099150942,6054700
2023-02-09,144.9973907470703,148.05186704616474,144.70093973238954,147.00077232440952,7949500
2023-02-10,145.67115783691406,146.24611593505944,144.9524704952941,145.32978546206928,7028000
2023-02-13,146.21018981933594,146.27308250236368,144.7727876927177,144.9345019433015,6414700
2023-02-14,145.5723419189453,146.40783586271226,145.32079859800282,146.2012139293844,6316000
2023-02-15,143.17367553710938,145.51842920459464,143.1018040647323,145.49147911596344,12621800
2023-02-16,142.15853881835938,143.42523424434953,141.8710528979669,142.90419000278374,11177000
2023-02-17,145.1263885498047,145.77787042092962,141.71515900331403,142.07710104653742,12401900
2023-02-21,142.96385192871094,145.0902185401956,142.86431958079723,144.45682334073797,9423900
2023-02-22,142.76480102539062,143.73298066742169,142.39381552853683,143.41628303709672,9820200
2023-02-23,142.71951293945312,143.49767100425788,141.76039077260268,142.70142619392175,9385100
2023-02-24,141.1270294189453,141.92328814827468,140.43936021150137,141.74231021402497,8689700
2023-02-27,140.81936645507812,141.9684960746836,140.32170482899764,141.56132340122707,7267100
2023-02-28,138.6749267578125,140.4936528900133,138.47586206864943,140.23124316035364,9062300
2023-03-01,138.0505828857422,138.65682024115324,137.45338890339346,138.44869840063157,6767000
2023-03-02,137.94200134277344,138.22249779734742,136.83810227164685,137.30862002491654,8762500
2023-03-03,139.3625946044922,139.45306975818156,138.2948828602132,138.77444397546526,5747200
2023-03-06,140.75604248046875,140.90986267759658,139.86026522621384,139.94169701175014,8148200
2023-03-07,139.42593383789062,141.3803795179494,138.75636519676735,141.2356026957204,7457700
2023-03-08,138.40350341796875,139.52548946078193,137.96917287880237,139.32642474866734,6230500
2023-03-09,136.84715270996094,138.9825623383015,136.3675916067328,138.85588608097098,7439400
2023-03-10,137.18194580078125,138.88303891403845,136.7204852209131,137.40815440385578,8504300
2023-03-13,138.4939422607422,141.07272565966363,137.14574792662427,137.61625184394023,10799600
2023-03-14,139.2720947265625,139.37162705249227,137.44432556252283,138.69300132297354,8421200
2023-03-15,139.6612091064453,140.14981365628958,138.01440370682317,138.2949001897596,7757700
2023-03-16,139.37164306640625,139.67928345220068,138.07773648732402,138.84683745181007,7605500
2023-03-17,137.878662109375,140.20407919992874,137.80627370486874,139.77880595262732,20540700
2023-03-20,139.2449493408203,139.40782669366715,137.87865452346242,137.96008629654798,7129000
2023-03-21,139.2449493408203,139.46211454239088,137.6886332462537,139.3444816657057,8376800
2023-03-22,136.6752471923828,139.3987939315944,136.6571466374125,139.20878642777956,7943500
2023-03-23,136.7476348876953,137.25433997077897,135.82469988254837,136.7928655648665,9051500
2023-03-24,138.12298583984375,138.2225181906689,136.47619417044845,137.0643310938012,5696200
2023-03-27,138.71112060546875,139.83310646017173,138.539199855041,139.525466068184,6772300
2023-03-28,137.37197875976562,138.84684958842922,137.29053316267243,137.88772723907,6115300
2023-03-29,138.7201690673828,138.78351410688597,137.59818317152718,137.75200337316292,6012000
2023-03-30,138.82876586914062,139.16356405924515,138.26777283601237,138.9644993429712,4555700
2023-03-31,140.24932861328125,140.4212493541981,138.6568250781406,139.15447294078166,9890000
2023-04-03,141.92327880859375,142.06804181711786,139.2902074346659,140.20408519310362,6841900
2023-04-04,143.40721130371094,143.84152795673825,141.68801763240378,142.0318591280007,8314500
2023-04-05,149.84963989257812,149.8948843782482,147.27085608284744,148.7276401586814,16704200
2023-04-06,149.4333953857422,151.31545259137482,149.11671163028169,150.19346677353724,9615400
2023-04-10,148.682373046875,149.15287692385263,148.0670785672251,148.96286945994729,5354000
2023-04-11,148.6371612548828,149.55103909304324,148.42903938737166,148.77288090180033,5903800
2023-04-12,148.32046508789062,149.15291114585935,147.57850799985087,148.3385656432121,5764100
2023-04-13,150.30203247070312,150.50109712964127,148.2209107315074,148.55569501850505,5640600
2023-04-14,150.05772399902344,150.31107651030902,148.44711997441817,150.1753568816476,7225100
2023-04-17,149.90391540527344,150.41967764740818,149.2433901502684,149.9672604413296,8046400
2023-04-18,145.68739318847656,149.01719122084467,144.45681775579158,148.61906184458212,14571500
2023-04-19,147.062744140625,147.1984637873795,145.83216871889735,146.57413960563056,6752000
2023-04-20,148.0128173828125,148.22998261592733,145.64215559968912,146.9722495066497,9498800
2023-04-21,147.20751953125,149.27054098184868,146.55603761983167,148.7909798257599,7014200
2023-04-24,148.103271484375,148.22090436142196,146.46552361168628,147.20749436432743,5278900
2023-04-25,149.46055603027344,149.61439004509668,148.53763478140647,148.67335443368725,6263100
2023-04-26,147.1441650390625,148.74572578563095,146.80033735717046,148.474272705533,5518200
2023-04-27,147.48802185058594,147.85900730503997,146.70082026252672,147.3975328789264,5739700
2023-04-28,148.12139892578125,148.1756867845272,147.08988818957363,147.31609680546723,6024900
2023-05-01,148.0308837890625,148.66426498119017,146.8003086986397,148.0308837890625,4893400
2023-05-02,149.32479858398438,149.7319712444504,147.99469110156681,148.70046072815467,7541700
2023-05-03,147.370361328125,150.3653607192295,147.04462042055215,149.79532448598408,5937200
2023-05-04,146.70082092285156,147.39753354238727,145.90456215003513,147.19846884918314,5128000
2023-05-05,147.19842529296875,147.60561174010383,146.30264824529058,147.34320208276458,5194500
2023-05-08,146.86367797851562,147.09894377276368,145.98598745384734,146.57413813278936,4994900
2023-05-09,145.7235870361328,146.70080987279616,145.4883212491516,146.35696837285602,5520500
2023-05-10,146.26649475097656,146.55604842481148,144.82781117664203,145.85932197799045,6756600
2023-05-11,145.66929626464844,146.75509479254268,144.2215556896712,146.42935385350668,5867600
2023-05-12,145.479248046875,146.18501764975548,144.78252181599433,146.00405356303546,3904200
2023-05-15,144.3663330078125,145.70548406995778,143.81438346494465,145.49737602133865,5104500
2023-05-16,144.1763153076172,144.9997179556325,143.44340162561502,143.92296277079367,5599200
2023-05-17,143.85963439941406,144.8278000829457,142.75573526416474,144.58349091519628,6840700
2023-05-18,143.39817810058594,143.80535089379885,142.56573195697646,143.56105550187897,5173000
2023-05-19,143.78724670410156,144.71016790833335,143.09052030717208,143.49769305100116,6527100
2023-05-22,143.01229858398438,145.08177355628604,142.93025240851108,144.04248026775008,5675900
2023-05-23,142.95761108398438,144.2886427479766,142.55647787262103,143.22200066004112,5793000
2023-05-24,142.82086181640625,143.2584553429785,142.14622745018653,143.20375789101288,5015100
2023-05-25,140.7696533203125,142.48356745374312,140.14060466955618,142.26477760015854,6886100
2023-05-26,140.71493530273438,141.56277368323182,140.57817775336983,141.02489682393679,6845400
2023-05-30,140.733154296875,141.6539411381206,139.77592103424823,140.36849533119317,5593100
2023-05-31,141.36224365234375,141.93659490443025,140.25914092060682,141.0340449241303,11324600
2023-06-01,140.88812255859375,141.34395318069602,139.62091398558334,140.88812255859375,7901300
2023-06-02,143.10348510742188,143.4134466319013,140.47789593336444,141.0522470429016,7659700
2023-06-05,144.33425903320312,144.62598348699066,142.90294376454125,142.90294376454125,6430500
2023-06-06,144.20660400390625,145.51028713383093,143.49550917334733,145.48293840272098,5073600
2023-06-07,144.51657104492188,144.77183512762525,143.53197504984482,144.13367492086678,6504300
2023-06-08,146.10284423828125,146.24871339417794,143.8784022096743,144.49832525596273,5818400
2023-06-09,145.87493896484375,146.53133630082513,145.38264791828237,146.24872348605385,6264400
2023-06-12,145.77464294433594,146.09372997820637,144.70800084406204,145.86581464282693,6510600
2023-06-13,146.5404510498047,146.63160883869566,145.09089892470058,145.61966417932214,6066800
2023-06-14,147.28802490234375,147.76209276189402,146.75925958031652,147.32449915122842,6699100
2023-06-15,149.26634216308594,149.43044847625262,147.16951780922028,147.73475743140403,7138300
2023-06-16,149.72215270996094,150.41502429950143,149.3939540388232,149.9500680673941,13426600
2023-06-20,149.63099670410156,150.70675052685172,149.33925836588818,149.74950323200733,7995800
2023-06-21,149.40306091308594,150.3511825609246,148.31818172134274,149.12955973612458,7177500
2023-06-22,150.98934936523438,151.08052106519543,149.32100741405495,149.42129071967278,5485900
2023-06-23,150.86170959472656,151.58192981927616,150.4514647876382,151.43606067115883,9450700
2023-06-26,149.17515563964844,150.405890152664,147.07833168939945,150.405890152664,6978800
2023-06-27,148.86520385742188,149.40309472783213,148.09029990996785,149.2207512946892,4927500
2023-06-28,148.5643310546875,148.78312086298803,147.60708391083043,148.78312086298803,6780400
2023-06-29,149.6036376953125,149.80420431134198,147.89882145906205,148.27260596264864,4547500
2023-06-30,150.89817810058594,151.28107416670196,149.83153607836698,150.29647832061204,7580000
2023-07-03,148.91986083984375,149.86798235596493,148.56431353244258,149.82239651432974,4033700
2023-07-05,148.4275665283203,149.43951107662815,148.35463195870346,148.59167278766992,7224600
2023-07-06,147.32447814941406,148.02644736559915,146.77747578092232,147.91705245624004,6332500
2023-07-07,145.18206787109375,146.81393554303182,145.13648202208864,146.29429581474798,7022200
2023-07-10,145.41908264160156,146.1393028274072,144.95414040669252,145.3461480714664,5739200
2023-07-11,144.61685180664062,146.13932466979247,143.6778416809293,145.07268250498007,6606700
2023-07-12,144.11541748046875,144.89944674134094,143.9330880057921,144.89944674134094,6940400
2023-07-13,144.78094482421875,145.07268314965992,143.50462442753616,144.04250131536318,6401700
2023-07-14,145.74729919433594,146.07549784492446,144.93592112910997,145.1182506214706,5362200
2023-07-17,145.01797485351562,145.74729279091537,144.17923418597957,145.637897882475,5486800
2023-07-18,145.00888061523438,146.67722288304634,144.2157395362676,145.0180061334714,6332500
2023-07-19,144.71713256835938,146.23960540470173,143.43168668307408,143.96045195313857,7522600
2023-07-20,153.50555419921875,154.19841186982762,147.05098968270192,147.63445243449075,21892900
2023-07-21,155.15567016601562,155.73002135232747,153.3232216804875,153.3232216804875,12080000
2023-07-24,155.96702575683594,158.4649828690191,155.88497957376617,156.34992185534315,15155400
2023-07-25,157.1613006591797,157.42567633173857,154.75451523493481,155.39267540218756,13790100
2023-07-26,157.46214294433594,158.49232467851652,156.2587433351146,156.80574568673296,14288200
2023-07-27,158.34646606445312,158.8934545416139,156.84221645285166,156.96984848860737,12446400
2023-07-28,159.06668090820312,159.86894741049363,157.927104131472,158.62908732097617,14138800
2023-07-31,152.73065185546875,155.18302354628472,151.98309664994179,154.69984405822626,22632700
2023-08-01,153.97048950195312,154.1528189952981,151.3904861341183,151.67309893543032,15810300
2023-08-02,154.90037536621094,156.11288656877565,153.93401661054895,153.93401661054895,14595600
2023-08-03,155.56590270996094,156.18583970345452,154.68159002789233,154.9368541102576,17424800
2023-08-04,154.1072235107422,157.42567016123394,153.05881855640973,155.2923860096709,23415100
2023-08-07,157.80856323242188,158.0273530229542,154.39894525121488,154.51746566165076,17736400
2023-08-08,157.8815155029297,158.21883968229002,156.24964770811,157.70831152102463,27378700
2023-08-09,157.78123474121094,158.85698844486436,156.85133627966695,157.717411770224,42974400
2023-08-10,156.9607391357422,160.42505518421368,156.47755971409958,158.6290811411841,48213800
2023-08-11,158.49234008789062,158.58349788145804,156.45932514836625,157.24335450946086,45905600
2023-08-14,158.1185302734375,160.0877219225979,156.577820526942,158.19146484313012,64036900
2023-08-15,157.66273498535156,159.13962209783574,156.93340303579583,157.53510293749304,88958100
2023-08-16,157.1613006591797,159.29458489435956,156.92427371444248,157.28893269263023,85832700
2023-08-17,158.63819885253906,159.89629606492926,157.49862207634484,157.5897937827801,70904200
2023-08-18,157.25250244140625,158.61999473748284,156.1767346015168,157.87242560508582,49631700
2023-08-21,152.56655883789062,154.8457126065424,151.29934989895426,154.69984342674454,151319500
2023-08-22,151.35401916503906,153.01323556584816,150.79790519266308,152.11981135002787,56834800
2023-08-23,149.9956512451172,151.79162534251822,149.02929237257635,151.2446229300974,119011400
2023-08-24,150.5061492919922,151.94657570631975,149.3848098728634,149.53979061283675,70755100
2023-08-25,152.6641387939453,154.06910689016874,150.65310218237283,150.87349455482223,18185500
2023-08-28,150.86427307128906,152.6273836799661,149.83580355943263,151.51625828731346,18458000
2023-08-29,150.88267517089844,152.1407150426269,149.46852928684118,151.39691003782835,12208600
2023-08-30,150.35008239746094,152.27847730943637,150.30416556396622,151.6173141402934,9939100
2023-08-31,148.4675750732422,150.203138559252,148.10026850133863,150.01947126145268,15333000
2023-09-01,147.3656463623047,149.20220730803774,146.93405341910957,148.2288322486949,8610100
2023-09-05,147.54931640625,148.73390619737296,147.1820097801411,147.43912722078724,9019800
2023-09-06,145.0974884033203,146.92487153733103,144.49143395723303,146.77794330295026,9753800
2023-09-07,146.95242309570312,147.89825086273348,145.98822579588003,146.13515403452598,9931800
2023-09-08,147.4391326904297,147.54932187998017,146.18109273689433,146.54839937662942,6957000
2023-09-11,149.3675079345703,149.39505522833505,147.33810188552874,147.8982535451589,6309300
2023-09-12,150.21231079101562,150.53370052664096,148.32983315263527,148.96344887591985,6045800
2023-09-13,150.5888214111328,151.4703628279419,149.67971868894077,150.37760681156865,7397500
2023-09-14,150.35928344726562,151.7642517654075,150.08379644115226,151.22245551570578,7758400
2023-09-15,148.25637817382812,151.35099286688802,148.03599982995655,150.57962662779377,13392100
2023-09-18,149.19302368164062,149.81744765295187,147.6135802094625,148.871619924035,5789000
2023-09-19,148.9451141357422,149.5420049473516,148.19213131161302,148.99103096922758,5550800
2023-09-20,149.5970916748047,150.17559890837325,148.44924095729226,148.93592854056956,3837400
2023-09-21,148.44923400878906,150.13886682303638,148.38494764592963,149.28487265486805,4526700
2023-09-22,147.384033203125,148.21048012101946,147.1544630579488,148.11866047005878,4976700
2023-09-25,147.1636199951172,147.25545364493263,145.75865202639662,146.98915847942416,6722500
2023-09-26,146.0249786376953,146.99835378982053,145.8780503851879,146.75041411519544,4904800
2023-09-27,144.27105712890625,145.78621442492346,142.57223251422707,145.6209306523467,10211600
2023-09-28,144.05982971191406,145.05157419832273,143.4537613015788,144.62915906061573,7861900
2023-09-29,143.02215576171875,144.72097991001502,142.6548492489308,144.5097653539089,7680700
2023-10-02,142.4712371826172,142.71917688133072,140.7907959242552,142.71917688133072,7259700
2023-10-03,142.6456756591797,142.79260388775958,141.31417186581115,142.03960722517292,5740800
2023-10-04,142.8109893798828,143.18747374140506,141.9386256944456,142.8569062079266,4955200
2023-10-05,144.29859924316406,145.125046100072,143.31604638047787,143.49969968069647,5993300
2023-10-06,144.7577362060547,145.3638046936503,143.7935388870341,144.24350137240324,5802200
2023-10-09,145.58419799804688,145.89642404641884,144.25269395017887,144.3353358401083,4414100
2023-10-10,145.41888427734375,146.25452280173255,144.99646912937183,145.43725380860693,5273500
2023-10-11,143.4170379638672,146.052512457086,143.28847925774784,145.51073033928645,6922900
2023-10-12,143.5548095703125,143.76601018748218,142.3977810449502,143.17831115703385,5792400
2023-10-13,144.03228759765625,144.5006055614652,143.29766046889645,143.9220844206417,5359800
2023-10-16,144.65670776367188,145.31787076106806,144.02309205684665,144.92301692165333,6408100
2023-10-17,143.3343963623047,145.9606790882852,141.97534517899635,143.23338494931127,12244400
2023-10-18,140.24900817871094,143.2058731703363,139.62458402487778,142.7100077547542,9097300
2023-10-19,139.8725128173828,140.59794835261792,137.8798315123025,139.27562199851045,7733800
2023-10-20,140.4969024658203,141.29580193722705,139.8816562736988,140.25815460393417,7207000
2023-10-23,139.0185089111328,140.95608166914363,138.85322511760012,140.36838260572026,5874000
2023-10-24,138.87155151367188,139.54190634510397,137.86145140407967,138.43078081151978,6155300
2023-10-25,139.18374633789062,139.73470608917472,137.95324013514866,138.88071216935418,5880800
2023-10-26,136.8237762451172,139.55107008719241,136.71358708361,139.55107008719241,7612500
2023-10-27,133.7016143798828,136.51154979493776,133.10472379074386,136.35544382875082,11385800
2023-10-30,135.01473999023438,135.20758500216655,134.06891248202788,134.15155433920845,8205300
2023-10-31,136.21771240234375,136.4013656816316,134.65663851062646,135.48308527334532,7576900
2023-11-01,136.53912353515625,137.52167633900675,136.32792295314408,136.99826376413353,5733000
2023-11-02,137.9624786376953,138.1093928806954,135.48310987561806,135.63922990380186,5349100
2023-11-03,138.97256469726562,139.8265728311596,137.87980868246433,138.85319776273604,4926800
2023-11-06,139.3031463623047,139.97348719106506,139.0001121217244,139.37661048231033,4851400
2023-11-07,138.5685272216797,139.80821154951846,138.3665043828934,139.51435505242966,4840400
2023-11-08,138.06349182128906,139.4225431663482,138.0543000478378,138.98177240803034,5460000
2023-11-09,135.37290954589844,138.20121516559286,135.22598130314455,138.20121516559286,6973600
2023-11-10,135.216796875,136.3646474426995,133.73836478332916,136.1350773291596,6930700
2023-11-13,135.56576538085938,135.81369104686408,134.6658403314178,135.21681427957185,5889300
2023-11-14,135.5933074951172,136.4013848398514,134.9596916825098,135.57493796105422,6713600
2023-11-15,136.64015197753906,137.20948144864374,135.23518382269395,135.308647949909,6729100
2023-11-16,137.83389282226562,137.8981651637217,136.49319728105309,137.2829189808146,6875600
2023-11-17,137.54922485351562,138.46750531962635,136.88807580881598,138.24712697534247,7023300
2023-11-20,138.76182556152344,139.21537727767472,136.5680629150258,136.9105571715328,8851700
2023-11-21,139.88182067871094,140.0391767808315,138.4841182723069,138.93768406598764,5916300
2023-11-22,139.60415649414062,140.73341722134361,139.20612644457017,140.35391793452237,4633500
2023-11-24,141.15921020507812,141.32581757528126,139.6411707389825,139.6411707389825,3351400
2023-11-27,140.02992248535156,140.9925898379735,139.74297818041498,140.96480782144414,6449700
2023-11-28,140.3538818359375,140.52048916914612,139.62262309826852,140.1409758558776,5909000
2023-11-29,140.7982177734375,140.88152146109968,139.83556442654194,140.0762242322516,5190000
2023-11-30,143.15858459472656,143.60288504305794,140.62234187589075,140.93705410495645,12481900
2023-12-01,146.60195922851562,146.67601166451072,143.90836013093354,144.80622649679424,10342900
2023-12-04,147.06475830078125,148.11998066702768,146.25019572892217,146.25019572892217,8920300
2023-12-05,146.75929260253906,147.7589791473781,146.4538316479447,146.99070113262064,7268200
2023-12-06,144.97279357910156,146.86109486184185,144.55626110098518,146.73150666589333,6642900
2023-12-07,143.8435516357422,144.9358073560353,143.20487589038206,144.9358073560353,6532400
2023-12-08,142.93643188476562,144.2600961391244,142.3995623523176,143.86206608745732,6254700
2023-12-11,143.52882385253906,143.91758848660376,142.8716315392591,143.01047100711946,6090400
2023-12-12,143.5380859375,143.76949446132465,142.22367309300722,143.4732847712825,5324400
2023-12-13,144.20455932617188,144.34341294362704,140.48351966255308,142.23296789964502,10764600
2023-12-14,145.20419311523438,145.47263487001638,143.51954667192044,144.83394518511463,9240700
2023-12-15,143.6214141845703,145.03763346271504,142.3255177550395,143.92687518315847,21727800
2023-12-18,143.8805694580078,144.80620357534028,143.25113091371276,143.66767756575695,7231400
2023-12-19,144.82473754882812,144.86175670336831,143.4177695673245,143.75099845441596,6651500
2023-12-20,141.8719482421875,145.0098474040763,141.72384339037978,144.8987617031925,7008300
2023-12-21,143.32521057128906,143.5936524257935,141.89973997432713,142.26073678371776,4598600
2023-12-22,143.89910888671875,144.88953020462455,143.49182755073582,143.7047194767058,3798900
2023-12-26,144.5285186767578,144.72290806695918,143.33445681255557,143.47329628837332,4170000
2023-12-27,144.72291564941406,144.88027177160404,143.86206848207215,143.93612091440693,5288100
2023-12-28,144.93582153320312,145.5467435658006,144.38970068166537,144.39895194007735,4377500
2023-12-29,145.0839385986328,145.2320293659566,144.38044742659054,144.8710325207464,4313700
2024-01-02,148.07371520996094,149.61952274501496,145.13019088867688,145.25977912143415,9622100
2024-01-03,148.99932861328125,149.434377788911,147.9163383646038,148.69386765226102,8232000
2024-01-04,148.68460083007812,149.93419831355493,148.49021146648593,149.57320160178767,6766600
2024-01-05,149.14744567871094,149.34182095451408,147.61088949104754,148.56429160318703,5602500
2024-01-08,149.51768493652344,149.63802189718376,147.74046904181336,149.1196690267337,6569800
2024-01-09,149.6102752685547,151.13756620208798,148.65687307687247,149.6102752685547,6357000
2024-01-10,149.83241271972656,150.52663841274915,149.21223946217998,149.7861423061047,4945100
2024-01-11,149.16595458984375,150.13787338270646,148.82347443508615,150.0175505338785,4946000
2024-01-12,150.313720703125,150.3877731258979,149.66577965893146,149.80461912409598,4496900
2024-01-16,148.5828094482422,150.18415269948522,148.26808307810143,149.55472820731845,6923200
2024-01-17,148.4994659423828,149.30477718152216,147.9811131269696,148.33285859059495,5072100
2024-01-18,149.22149658203125,149.36958732072588,147.81452863400378,148.10147297804963,5368500
2024-01-19,149.65650939941406,149.87866666048993,148.36062735327565,149.1659244730863,7071300
2024-01-22,150.38778686523438,151.41524137348583,149.34181571858417,149.95273766923242,6824200
2024-01-23,147.92559814453125,148.57353925491208,145.24126463407202,147.78675866518427,9149800
2024-01-24,147.13882446289062,148.6568640459355,146.3983142488073,147.87006929521118,7247900
2024-01-25,147.69418334960938,147.74971913899932,146.6852455115419,147.17583048322814,5478900
2024-01-26,147.63865661621094,148.78644812221387,147.50906839166683,148.49948965267026,5591900
2024-01-29,147.50904846191406,148.1662548773445,147.13880047725667,147.1850708822974,6483200
2024-01-30,146.9629364013672,147.8793051608134,146.3705311165729,147.49980589759576,7200500
2024-01-31,147.08323669433594,148.67532830148875,146.87034482944165,148.47168769191893,8256800
2024-02-01,146.5834197998047,146.7037567550957,145.37084136252275,146.3982958006264,8012000
2024-02-02,144.9635772705078,146.53715263610195,144.34340403152896,146.22244038779462,8295900
2024-02-05,144.21380615234375,145.2227440053623,143.78800822061726,144.96356756833103,9121600
2024-02-06,146.3057403564453,146.92591357964602,144.0286881189093,144.2415800315765,9229900
2024-02-07,146.23167419433594,147.51830505504284,145.9632465143564,146.06506683242915,8690300
2024-02-08,144.76918029785156,145.63927868807548,143.76024243006285,145.63927868807548,9755000
2024-02-09,145.10238647460938,145.50966771051117,144.09344876461464,144.64883483612698,6529200
2024-02-12,146.1113739013672,146.62972682822033,144.72292250841429,144.93581443393083,6701500
2024-02-13,144.833984375,146.66673613589802,144.16752662120854,145.91697469389686,8621000
2024-02-14,144.15829467773438,144.8247525208157,143.32521531185324,144.7229321802322,9098800
2024-02-15,146.17611694335938,146.69446971414285,144.2970810872424,144.38038475596395,7462500
2024-02-16,146.0082550048828,146.67043712818858,145.1875078005998,146.05489095627058,8541000
2024-02-20,147.2300567626953,147.92955341887853,145.90567813474394,146.01759304571857,9501700
2024-02-21,147.9948272705078,148.00416300029775,146.54921228260886,147.37928105007472,7472500
2024-02-22,149.64564514160156,149.91612514550837,147.14611731006522,148.27463058744098,8065000
2024-02-23,150.94204711914062,151.32444203687112,149.3751814532631,150.04669937615225,6726000
2024-02-26,149.96275329589844,151.10060235193652,149.75758069864375,150.90475125369008,5465400
2024-02-27,150.1399688720703,150.19592633149844,148.89020484051883,149.54306558600865,5078600
2024-02-28,150.6715850830078,150.7275425394217,149.49642157313178,150.15861801372034,6071100
2024-02-29,150.5130157470703,151.2684697785672,150.10264214198696,151.09126170079992,9849100
2024-03-01,151.2031707763672,151.62288009440664,150.24252997932732,150.932705036867,5670100
2024-03-04,149.07672119140625,150.7275372542111,147.61244895183478,150.45707148059574,8532900
2024-03-05,149.19798278808594,150.3824678423931,148.47982886352054,149.80420756423158,8298200
2024-03-06,148.61038208007812,150.09331146824493,148.49846717721115,148.72231121423997,5773700
2024-03-07,148.1720428466797,149.56171468252282,147.58447532334145,149.2259557129169,5188700
2024-03-08,148.77825927734375,149.58967073451663,147.76164679237203,148.1720203853817,5284000
2024-03-11,150.37313842773438,150.45708885039946,148.18139056466836,148.75031513610114,4620800
2024-03-12,151.7814483642578,152.1265288169974,150.27986168453532,150.69955681946368,8018700
2024-03-13,150.2518768310547,151.72547049248655,149.0487346978504,151.58557686364648,6260000
2024-03-14,148.48916625976562,150.662256825197,148.00417789463094,150.10266800200793,6988300
2024-03-15,147.52850341796875,148.47050137004607,146.52124074193347,147.41658850536396,13165500
2024-03-18,146.20411682128906,148.00416221182158,145.96162978006453,147.89224730530185,6602300
2024-03-19,145.69117736816406,146.2974021424475,145.1782102807645,146.1201940366825,7840600
2024-03-20,145.27145385742188,145.90567153059519,144.7585010511421,145.2154964044674,5982300
2024-03-21,145.26211547851562,146.38130710143326,144.65589083356252,145.11288613378164,5915800
2024-03-22,144.77716064453125,145.8310735669744,144.66524572579283,145.2061915518567,7248600
2024-03-25,144.767822265625,145.4766403871507,144.4693635420593,144.93569462415928,7498100
2024-03-26,145.28079223632812,145.70980887099935,144.33879432343232,145.1315628715314,6864100
2024-03-27,147.3233184814453,147.56580551554248,144.9730058945456,145.48597291984245,8461600
2024-03-28,147.53782653808594,148.42385272683563,147.4632118589614,147.5471480362409,6181500
2024-04-01,147.1554412841797,147.5005217453532,146.21345758220272,147.09948382899432,4364700
2024-04-02,147.1088104248047,147.20208234087585,145.44867278407153,146.02693304737934,6102300
2024-04-03,143.87245178222656,147.40724914415267,143.8631302844044,147.1647478878329,8098200
2024-04-04,142.23098754882812,145.02897418913292,142.14705136513,144.85176609157293,6947400
2024-04-05,142.12840270996094,142.70664876315846,141.4009272781006,141.79264372361794,6783000
2024-04-08,141.3822479248047,142.73460515799334,141.35426919959556,141.75532131308424,5935400
2024-04-09,142.03512573242188,142.2589697924448,140.7760402519459,141.34496478545316,6135300
2024-04-10,140.08584594726562,141.59676824136014,139.67547234223488,141.32628826018333,6809500
2024-04-11,138.7707977294922,140.71073674689092,138.3977385547712,140.64545779539762,8374400
2024-04-12,137.58633422851562,139.03196351103986,137.2412395309646,138.08996556389576,7100200
2024-04-15,137.651611328125,139.4236780552141,137.44642450465895,138.37908670903346,8502300
2024-04-16,134.72305297851562,136.4018477976692,133.7344333159296,135.2453415375199,12774900
2024-04-17,135.02151489257812,135.61841814995475,133.87433010424328,135.2360232205098,9378100
2024-04-18,135.92616271972656,135.98212016177965,133.49191437136986,135.21733050360749,9887700
2024-04-19,137.9500732421875,138.15526007037997,134.80699186376418,136.30857861664762,9750800
2024-04-22,139.07861328125,140.15118358579218,137.3811751044051,138.50968864494124,10118700
2024-04-23,139.4889373779297,140.35632050619856,138.22051638924285,139.7687388461227,10110400
2024-04-24,138.52830505371094,138.95733589535283,136.97076100410416,138.16456739220152,9756300
2024-04-25,136.93345642089844,139.5075986949085,136.47644686840596,139.31173339204193,7642700
2024-04-26,136.2992706298828,137.26923317916362,136.1220625123946,136.82155925113383,6183000
2024-04-29,136.93345642089844,137.30651556856566,136.1593451697594,136.29923879231103,6149600
2024-04-30,134.85360717773438,136.9894113175234,134.79764972975633,136.9894113175234,8817700
2024-05-01,140.99984741210938,141.62474353362998,137.67957266103372,138.72416387523856,14470900
2024-05-02,139.82472229003906,142.07244171965564,139.0972468762597,141.80196169863976,8459800
2024-05-03,139.21849060058594,139.79673661066192,137.8661332566331,139.79673661066192,6532700
2024-05-06,138.57493591308594,139.94595033252793,137.95005401660399,139.77806375499716,5042800
2024-05-07,138.70550537109375,139.64748894655654,138.4536826252852,139.3210657580507,7333500
2024-05-08,138.92002868652344,139.64750404748654,138.68686314182256,139.07857954916457,7735100
2024-05-09,139.75941467285156,139.99258018666592,138.8640528380352,138.9479890074979,6546200
2024-05-10,139.8153839111328,139.98325626421652,139.14386603620838,139.89932008767468,5710600
2024-05-13,141.0371856689453,141.76466108072427,139.6288708038443,139.93663682080765,5628500
2024-05-14,141.18641662597656,141.96052800488903,140.55219889270634,141.62476902405106,8254200
2024-05-15,142.38954162597656,142.6506859131193,141.11179891879263,141.59678726547045,5548000
2024-05-16,143.89112854003906,143.98440045609826,142.07244002725528,142.6973220172222,7591000
2024-05-17,144.2268524169922,144.43203919735396,143.35948358015705,144.43203919735396,6521800
2024-05-20,142.22425842285156,144.21748064064818,142.21484722794978,143.94482856883653,7742300
2024-05-21,142.196044921875,143.46530802574028,141.77294287425374,142.70374729415454,5492400
2024-05-22,144.32089233398438,144.86621078227856,141.33105923571543,141.81995355791082,6609800
2024-05-23,140.7481231689453,143.70035449729633,140.4472662313613,143.61573982856947,8000400
2024-05-24,138.181396484375,140.8515649318184,137.98394788430534,140.58830969594845,9520600
2024-05-28,135.74627685546875,138.01215122831644,135.53002021345492,138.01215122831644,10499800
2024-05-29,135.80267333984375,136.72406656479484,135.11633043171008,135.21975314496305,8263800
2024-05-30,136.59243774414062,136.90270588113495,135.40778932261634,135.97190147015198,8490300
2024-05-31,137.89930725097656,138.66086792186712,136.5078135023576,136.86509454651136,14621200
2024-06-03,138.90533447265625,139.99595699300716,137.99333813455615,138.44463070664386,7329200
2024-06-04,138.96176147460938,139.4412589952385,137.4480367373284,138.66089015837102,8876400
2024-06-05,137.2411651611328,139.14037553082954,137.12834561219302,139.1215674905625,5891300
2024-06-06,137.6642608642578,138.20957929323313,136.0095118822973,136.79927746371035,5016300
2024-06-07,138.28482055664062,139.43186738682493,137.58906637144105,137.90873139720793,5111600
2024-06-10,138.33180236816406,138.736081983959,136.8932957295637,137.76767592911904,5749900
2024-06-11,137.98394775390625,138.36003690931818,136.74288940688282,138.03096069162453,5661200
2024-06-12,136.7146759033203,138.40704113025402,136.12234448731016,138.2660023259817,6180500
2024-06-13,136.75228881835938,137.26940245028146,135.27618010141953,136.39502204694153,6840400
2024-06-14,136.83689880371094,137.241192846187,135.84028766348428,136.4608240004936,4075300
2024-06-17,137.2223663330078,137.6736589053948,136.08473088127553,136.3479860773623,6666600
2024-06-18,136.9403076171875,137.6360617134377,136.57362970007802,137.23178205835944,6156600
2024-06-20,138.9429473876953,139.22501064781744,136.33858576182317,136.58304728221793,8749700
2024-06-21,139.85496520996094,140.1652334089618,138.55748262256384,139.0463913918684,15172300
2024-06-24,140.20281982421875,140.76694636914337,139.3096314166998,140.09000025376744,6914700
2024-06-25,138.38824462890625,140.27804425456696,138.1531942818489,140.25923620982869,5912500
2024-06-26,138.0403594970703,138.38822938156048,137.06254212709828,137.45742494508707,5267800
2024-06-27,137.0813446044922,138.54805625357113,136.17874509549534,138.0215458509615,5739200
2024-06-28,137.4198455810547,138.27543233250523,136.94033366616011,137.30701165301957,10495700
2024-07-01,137.68307495117188,139.80792463627367,136.91210303094064,137.3352050754412,5144400
2024-07-02,137.297607421875,138.3506283846871,137.02495533198066,137.67368223821228,5492000
2024-07-03,136.97793579101562,137.88052104525434,136.08474738551527,137.45743331068405,3246200
2024-07-05,137.720703125,137.78652411214176,135.85910828792487,137.05316813552622,4888500
2024-07-08,136.78050231933594,138.4164579997246,136.5642600037738,137.64548592792005,5260200
2024-07-09,138.2566375732422,138.3318554170489,136.49845096022597,136.9591548736658,5890400
2024-07-10,140.49427795410156,140.53189404127482,137.90872429478992,138.45404278813206,6093200
2024-07-11,140.7481231689453,141.57550485338308,139.75151214705386,140.63530361064286,6350400
2024-07-12,140.91737365722656,141.8575749453664,140.3156454066704,141.03019322097674,5336400
2024-07-15,140.315673828125,141.26527215681094,139.9677895255415,141.1054396270125,6711400
2024-07-16,141.9798126220703,142.04563360833822,140.2404485863016,140.73875419594182,6469600
2024-07-17,147.2167205810547,148.0723072031384,142.3652784528217,142.48750921207176,13801400
2024-07-18,146.12608337402344,147.67742411673336,145.3739194696489,146.295327067016,10166200
2024-07-19,145.4397430419922,147.15090196730685,144.90382140867376,147.15090196730685,7398000
2024-07-22,145.01663208007812,145.83460249843523,144.40549271829207,145.5149375471613,6840600
2024-07-23,143.23968505859375,144.32091090009325,142.50632913462576,144.14227034363077,6261900
2024-07-24,146.93466186523438,147.05689262826286,143.22086950221856,143.62514918556863,7168200
2024-07-25,150.09373474121094,150.97752625734688,146.6714025880107,147.1226951943851,10019600
2024-07-26,151.03392028808594,151.9177117120487,149.93388660496157,150.19714179341875,8356900
2024-07-29,149.0783233642578,150.4322156000719,148.59882584171282,150.40401070735362,5625000
2024-07-30,151.6826934814453,151.88953893701284,148.89029417761842,149.05952354326377,6545700
2024-07-31,148.41079711914062,150.76130062532698,148.30737439101503,150.2911999240897,8293200
2024-08-01,151.14675903320312,151.19377196846818,148.27915648437087,149.00310117138523,7213400
2024-08-02,154.32464599609375,154.9921952539215,151.37241438870163,152.21858984861427,11280400
2024-08-05,151.6074676513672,155.86657861814538,150.9775344685774,153.99557276741103,12032200
2024-08-06,149.4638214111328,151.82372181895764,149.43561651614036,151.4194420931757,7607100
2024-08-07,149.39796447753906,151.01511168422385,148.73042966155776,149.3697595893332,5993000
2024-08-08,150.6390380859375,151.09033064698448,148.57999515330854,149.08771183752677,5094800
2024-08-09,151.01513671875,151.30659684274863,149.8116801346907,150.5450360422789,4579200
2024-08-12,150.3193817138672,152.03054054326591,149.219347963611,151.34419764192646,7605400
2024-08-13,148.91847229003906,150.78006670901846,147.08508276026143,150.6860551937899,9711400
2024-08-14,149.00311279296875,150.00913517003877,147.98769356664621,148.39198762585863,5141200
2024-08-15,149.5766143798828,149.96210033797803,148.40136280983597,148.89966832782923,7237800
2024-08-16,149.85867309570312,150.37578664015783,148.72102329790278,149.62362278879937,5012800
2024-08-19,150.0843505859375,150.70487259230651,149.6142498968593,149.92451807321106,4408400
2024-08-20,150.5826416015625,151.306586263349,150.12193780615306,150.43220595249005,7275100
2024-08-21,151.77670288085938,151.82371581943409,150.72368191919216,150.80829660082586,5019400
2024-08-22,152.64169311523438,152.77332072883246,151.1749669755695,152.31261690807227,6552100
2024-08-23,154.3152618408203,154.3998765245049,152.030564956992,152.78272895341425,7093400
2024-08-26,154.7665557861328,155.80078308309896,153.76053338396258,154.35286486734637,6870600
2024-08-27,154.36865234375,155.4012468137778,153.62026203245918,154.88969089223045,4388700
2024-08-28,155.2875518798828,156.31067805267242,154.14128166908765,154.4160031671855,5187000
2024-08-29,155.58123779296875,156.04543838442643,154.75705877130923,155.96018147636997,7390100
2024-08-30,157.12539672851562,157.2390726016869,155.18335198224295,155.4770242914174,7971000
2024-09-03,158.35694885253906,158.97271247999205,156.09281267873766,156.53806248513249,6956500
2024-09-04,158.54641723632812,159.9579554279036,157.2959246979835,158.9727162543186,6939100
2024-09-05,156.30123901367188,158.55589271807435,156.14966152532847,158.39484705741881,4600400
2024-09-06,155.7233428955078,157.20118708286037,155.47702589413367,156.4812013314259,6016900
2024-09-09,157.8358917236328,158.5937645679594,155.80859017681195,156.15910040453386,7538200
2024-09-10,158.5653839111328,159.58851032988164,157.96855655305623,158.67905980591857,6559600
2024-09-11,156.1401824951172,158.0064241765716,155.44861567335087,158.0064241765716,5920200
2024-09-12,155.9696502685547,156.40543189239477,154.1412957752456,155.55281944276598,4540900
2024-09-13,156.80331420898438,157.0211977964731,155.19284327647554,156.06439208165418,3693400
2024-09-16,158.19590759277344,158.4422101595443,157.04962276136533,157.59908029206122,5187800
2024-09-17,158.27169799804688,158.88746164906118,157.19171926912577,157.4854060642255,5066500
2024-09-18,157.400146484375,159.48430090131632,157.0117490296046,157.8548789691034,4722800
2024-09-19,156.1401824951172,157.60854413875717,155.7612388006102,157.47591745948571,4956100
2024-09-20,155.51495361328125,156.18755525642916,154.93707706292398,155.64758030736854,11839000
2024-09-23,154.6244354248047,155.8370263273473,154.15076665177324,155.7422867906515,4671600
2024-09-24,154.20761108398438,154.88022713030526,153.0423899007328,154.21707925596306,6041600
2024-09-25,152.1424102783203,154.7191694685473,151.91504407145678,154.4160145260626,5420000
2024-09-26,152.89080810546875,153.03290295726325,151.59296027499917,151.80137569444707,6122000
2024-09-27,152.90029907226562,154.82339344778273,152.84346112307418,153.4687074746325,7553800
2024-09-30,153.52552795410156,153.63920383954925,152.218197450555,153.06134178504044,6010000
2024-10-01,153.45924377441406,154.17921524386793,152.69188807228468,153.87606023237583,4408000
2024-10-02,152.682373046875,153.5823407213355,152.18975353197854,153.0044643063287,4684400
2024-10-03,152.0476837158203,152.9381833663065,151.78243034612967,152.31293708551095,4791200
2024-10-04,151.84873962402344,152.04768688304785,150.41826503230683,151.2235077854285,5331100
2024-10-07,151.12875366210938,152.38871430044483,150.83508134325365,151.81083783406876,4266000
2024-10-08,151.28033447265625,151.81084118361343,150.579299487335,151.09086985520352,4766300
2024-10-09,152.18975830078125,152.72974759551116,151.10979416654402,151.49820599729122,6047200
2024-10-10,152.05715942382812,152.89082117287185,151.57402243120973,152.862402200084,4793900
2024-10-11,152.95713806152344,154.0939403113274,152.71082102966224,153.63920784722592,5253500
2024-10-14,153.08973693847656,153.6012927986271,152.4265891626065,152.90025788524383,5964000
2024-10-15,155.45811462402344,157.96855362213512,150.62668681211085,151.5740244650172,10548000
2024-10-16,155.6286163330078,156.30123237444536,154.07498328154392,155.3633629672865,5982100
2024-10-17,155.80862426757812,156.31071206506607,155.0128641117737,155.60967700101435,4798000
2024-10-18,156.42434692382812,156.58539254726486,155.29701310454945,156.2064633692045,5908000
2024-10-21,154.2549591064453,156.54751400658986,153.76233958374297,156.4054191708211,6082700
2024-10-22,154.84231567382812,155.10756902458775,153.37393961805077,153.7718340994137,5680300
2024-10-23,157.12539672851562,157.25802339895642,153.8665534488582,154.24549711813404,7441600
2024-10-24,155.0507354736328,156.79383310087323,154.73811234669992,156.31069615300817,5386300
2024-10-25,152.40765380859375,155.28755330058385,152.15186864925064,155.06018710836528,6400400
2024-10-28,153.08973693847656,153.44024716755706,152.52132868922286,152.64448718277967,4842500
2024-10-29,151.6592559814453,153.62971970406292,151.63083701303637,152.95711817808706,5216900
2024-10-30,152.15188598632812,152.78660041646958,150.65509090791923,151.05297094822177,5820500
2024-10-31,151.44140625,152.39821212911937,151.06247694971395,151.5645647774448,8613900
2024-11-01,151.69717407226562,152.57819109919424,151.46033967295475,152.12347309998026,5256400
2024-11-04,149.9066925048828,151.83925466135688,149.74564686311192,151.2897971719615,4644000
2024-11-05,150.0109100341797,150.23826179970078,148.11623489364177,149.36671296968024,6547100
2024-11-06,149.56565856933594,152.37925227840577,149.06357081905168,151.47927003240187,8926600
2024-11-07,148.47622680664062,150.3898529196004,148.26781136586158,150.12459953228623,7522800
2024-11-08,147.2825927734375,148.80780704241263,147.225754824506,148.73201829209526,8926100
2024-11-11,146.87521362304688,149.2814591970599,146.75206956587456,147.42467115998508,7146800
2024-11-12,144.6016082763672,146.87521269639342,144.34582308116632,146.39207573232454,7181400
2024-11-13,145.17001342773438,145.42578416210594,143.44585212373863,144.46897842689697,7161900
2024-11-14,143.87216186523438,145.50158375230595,142.82061651317335,145.11317185307055,7716400
2024-11-15,145.88999938964844,146.29734764424117,142.95324686659777,142.95324686659777,11328500
2024-11-18,146.61944580078125,147.14995254901564,144.30793972185305,144.55424229632624,7510600
2024-11-19,144.94264221191406,145.8805115712834,144.04267444870177,145.84260997512632,8233700
2024-11-20,145.04685974121094,145.17948642629514,143.81531797672926,144.9710709989879,9061300
2024-11-21,147.31097412109375,147.84148078258494,144.76263405658136,145.5299750816113,10141100
2024-11-22,146.9983367919922,148.84564175766582,145.99416150066298,147.68988901909646,8266000
2024-11-25,147.57623291015625,148.7698729426599,146.9699374952813,146.99835646353927,12256200
2024-11-26,147.55715942382812,148.25426072442906,146.25844196764493,148.168319722549,5683500
2024-11-27,148.39747619628906,149.57206135223436,147.6335368518417,147.66218384869805,4140400
2024-11-29,148.02505493164062,148.6553180230603,147.22290985412982,147.9104669409132,5687800
2024-12-02,147.82452392578125,148.0155087647843,146.99371729074375,147.77677407322818,6946500
2024-12-03,145.49449157714844,147.82454482758982,145.44674171784374,147.82454482758982,8674400
2024-12-04,143.6896514892578,144.73053134999725,143.0020943440769,144.47269377775177,10333100
2024-12-05,142.78245544433594,143.60370340662107,142.238133326575,143.24082199478045,7898100
2024-12-06,142.58192443847656,143.288584468184,141.69383825808168,142.6583212988134,8389600
2024-12-09,142.85885620117188,144.09072089265194,141.75112365038945,142.56281292114443,8410300
2024-12-10,142.5055389404297,144.03344712656786,141.64609969273468,143.1739933076605,9398700
2024-12-11,140.0322265625,141.8084133325439,139.7743890037748,141.8084133325439,13446700
2024-12-12,139.6502685546875,141.11132389106152,139.43062211865976,140.567001729442,6176300
2024-12-13,140.0131378173828,140.30916654702332,138.50433259646894,139.09640462696132,8324900
2024-12-16,137.36795043945312,140.61473648915697,137.05281889096622,140.11816423961312,8732400
2024-12-17,139.81259155273438,140.05132624991293,137.23425973744799,137.35839187155833,10343000
2024-12-18,138.22738647460938,140.127719865906,138.15098962473115,139.11547253342644,9336100
2024-12-19,137.11012268066406,138.67622182151445,136.9095791095895,137.64488610858214,9516700
2024-12-20,137.96002197265625,138.9149608582862,136.31752592367584,136.60401050360704,17702800
2024-12-23,138.7239990234375,138.78129303469228,136.98600296890422,138.1128386180308,8720800
2024-12-24,139.27783203125,139.27783203125,137.8263209521463,138.46612820981196,3164100
2024-12-26,139.01998901367188,139.77438423676378,138.55206376693806,138.95313630504873,4656300
2024-12-27,138.51390075683594,139.9940590771868,138.1605634288889,138.34200416490262,5588300
2024-12-30,136.88092041015625,138.35153428244564,136.5084948710301,138.31332857159666,6268700
2024-12-31,138.10324096679688,138.15099081978497,136.85227350303924,137.28199303751342,5811400
2025-01-02,137.53028869628906,139.20143157976784,137.30109814091938,138.68575647298846,6051300
2025-01-03,137.69264221191406,138.0555236564105,137.1483200451694,137.5780542067936,5878800
2025-01-06,137.18650817871094,138.29424065694192,136.489392380343,137.0432586194585,7910500
2025-01-07,139.64068603515625,140.54787491199255,137.11964837753513,137.28198621265668,8422000
2025-01-08,135.859130859375,139.02951971805172,135.06653000190383,138.93403459223117,11175600
2025-01-10,135.65859985351562,137.19605186194266,134.3407796830898,134.6463670848387,8821500
2025-01-13,137.96002197265625,138.53299113251865,135.8973504826049,136.53715778743165,10376400
2025-01-14,138.22738647460938,138.28468046921574,136.42255278846284,137.98865178294338,8681700
2025-01-15,138.43748474121094,139.4688204365145,137.75947175376876,138.76216044958142,7434600
2025-01-16,141.11129760742188,141.3977821353757,137.56846857318322,137.8167619639738,8964000
2025-01-17,140.40464782714844,141.69382101018803,140.00357528760955,140.7961762245112,10773100
2025-01-21,141.47418212890625,142.1521951109424,140.4237581564577,140.91077171513027,11111700
2025-01-22,138.7239990234375,138.91498391802457,135.70638814683602,137.51122235742875,16834700
2025-01-23,140.0322265625,141.24500293154537,138.28468679106894,138.8863029043578,10506400
2025-01-24,140.20413208007812,140.9776302344464,139.7839566453075,140.1945733657901,9887300
2025-01-27,146.0006103515625,146.5353738133747,141.33095963302256,141.760679231178,15152300
2025-01-28,143.6037139892578,146.07700220087548,143.5273171300188,145.7809734783312,10320600
2025-01-29,144.33900451660156,145.03612038367163,143.24083064348582,143.71830007896412,7156400
2025-01-30,145.9814910888672,147.19426745640064,144.53953873271692,145.06475799198023,8911000
2025-01-31,145.29396057128906,146.27754655900495,145.20801955982944,145.74278305941718,8457800
2025-02-03,145.0265655517578,145.5995347181545,143.98568565164132,145.15071227109303,6687500
2025-02-04,146.5735626220703,147.2324581585896,144.14800989423304,144.53953830189957,9645000
2025-02-05,147.71949768066406,147.75768882453178,146.4016773634581,146.88870551783992,8947000
2025-02-06,146.5926513671875,147.86272173207726,146.4685192304036,147.8149718773712,7418100
2025-02-07,146.22021484375,147.5284908227307,145.91464202473563,146.61174322327008,6204900
2025-02-10,147.28976440429688,147.4138965387337,145.42762210443897,146.68814830303756,6936200
2025-02-11,149.0946044921875,149.3428833428539,147.0032861188648,147.16562397174783,7554500
2025-02-12,148.2637939453125,148.64577821087994,147.31841385185393,148.27335265895783,7746000
2025-02-13,150.16412353515625,151.0044743264707,147.81496771907698,148.26379011250998,10704700
2025-02-14,149.1136932373047,150.37421949352108,149.02775223925636,150.2023229262142,6411800
2025-02-18,149.19070434570312,149.6334841814593,147.5061845486089,148.37250314054714,9670700
2025-02-19,151.98219299316406,152.37685545401334,148.95968368237325,149.20032937491345,7974700
2025-02-20,153.7052001953125,153.96510163980005,151.07735350768309,151.07735350768309,7224000
2025-02-21,156.22718811035156,157.39190504879872,153.32018400254907,153.89773954560965,12546900
2025-02-24,157.61331176757812,158.70102033561508,155.9865444978259,156.5929616695029,10201900
2025-02-25,159.8753662109375,160.20264082246834,157.80581916336914,157.9598359292121,12303700
2025-02-26,156.97799682617188,158.95129440367535,156.47744968295726,158.90316232854656,11396400
2025-02-27,157.6036834716797,157.81545287042064,155.67851780156087,156.23681760843715,8364600
2025-02-28,158.84539794921875,159.73097225218257,156.61219908169133,158.1619577838395,12037200
2025-03-03,161.02085876464844,161.0689908449548,158.672154249045,158.78767417935006,9191500
2025-03-04,159.23043823242188,163.62944849125128,159.13418876922952,161.79091189646425,11999700
2025-03-05,158.94163513183594,160.23150698606375,157.41113231406024,158.3544591549236,8744800
2025-03-06,159.62510681152344,159.66360366070757,157.39190767480014,158.82616132836026,8037900
2025-03-07,160.4529266357422,162.15670227623963,158.5373816077096,158.95129984256383,9637600
2025-03-10,161.4251251220703,163.54280424610616,160.79945220628036,161.213355740882,17559000
2025-03-11,159.6539764404297,161.04009795862825,158.8742867584048,160.94383380792385,9890300
2025-03-12,156.75660705566406,158.06572018604263,156.15979576162204,157.6036698897816,8010700
2025-03-13,156.89137268066406,158.38336424015475,156.5737186005587,157.3148967662903,5286700
2025-03-14,156.7180938720703,157.045368479261,155.07208560847505,156.05390943004707,6235800
2025-03-17,156.74697875976562,157.3822869293345,155.67851127016266,156.3330752082224,6669800
2025-03-18,158.10421752929688,158.69139359743707,156.87211277776453,157.32452784770112,7348800
2025-03-19,156.89137268066406,158.21010638983233,156.14055928690502,157.8346996929528,5936400
2025-03-20,156.9202423095703,157.09350015251783,155.871015960727,156.90098654218272,7485900
2025-03-21,157.50741577148438,157.98870713331098,156.40043682657515,156.9009839554719,17047100
2025-03-24,157.1801300048828,158.2389768997674,156.419696098809,156.74697070710167,8046400
2025-03-25,154.9950714111328,158.0464568261863,154.55227690378203,157.4015281757977,7456200
2025-03-26,155.66888427734375,156.4100771111182,154.6292931396444,155.17797236003315,7223500
2025-03-27,157.02613830566406,157.93096849602637,155.2838657717251,156.27532488979918,6752500
2025-03-28,157.58444213867188,158.3641318837696,156.81437293428394,157.4689222109122,5760300
2025-03-31,159.6347198486328,160.39516844686892,158.08496103251497,158.21972203009707,12481400
2025-04-01,147.51580810546875,155.75551418857998,147.40030287427382,154.7159230442836,23303100
2025-04-02,149.54685974121094,149.96076328216213,147.70832312534768,148.2473671265155,10356900
2025-04-03,153.83998107910156,154.6389118307078,151.587526297093,152.81001049363928,13249300
2025-04-04,147.50619506835938,153.83999171968495,147.2077820595149,153.20468354010333,16601700
2025-04-07,144.9842071533203,146.99601623650406,141.8846895650138,145.619515284852,18083000
2025-04-08,144.3874053955078,147.8430737728905,142.46223999023437,147.8430737728905,12018400
2025-04-09,145.32113647460938,147.45807161244494,136.2054755573344,136.87928062605533,18773700
2025-04-10,143.12643432617188,145.54251178964003,139.6996420173064,144.74356632852965,13830500
2025-04-11,146.05267333984375,146.64948461948305,142.64513694227333,143.74248066567873,9943900
2025-04-14,148.5842742919922,148.88267259526904,145.51363296087104,145.91791595445713,10685300
2025-04-15,147.87197875976562,150.45170854086913,146.40886334322556,149.87415293212752,10847700
2025-04-16,148.15110778808594,149.80675121723854,146.5435964317969,149.5564703134863,7986900
2025-04-17,151.57791137695312,153.4742006265208,148.39176472867018,148.39176472867018,10981100
2025-04-21,151.0484619140625,152.30944278740998,149.67197582723128,152.0495560570716,6285400
2025-04-22,151.84744262695312,152.78114915442566,150.41318891134569,151.65492899700845,7136300
2025-04-23,149.5660858154297,151.22172902622987,148.55537116997633,150.63455306556418,9099400
2025-04-24,149.13294982910156,150.06665634313987,147.6987108219785,149.97040687347663,8310400
2025-04-25,148.7960662841797,149.10408517416602,146.74576000927755,148.5458000180752,8643600
2025-04-28,149.53721618652344,149.97999596740183,148.06446595005173,149.68159770466963,5815200
2025-04-29,150.07627868652344,151.14474611663368,148.51688465824142,149.63348416297495,5246700
2025-04-30,150.46131896972656,152.2805999207859,149.2195935885917,152.2805999207859,9598200
2025-05-01,148.6805419921875,149.28695915312142,147.6216950638147,149.2003302283948,7325800
2025-05-02,150.27842712402344,150.8559826987175,149.23883590228314,150.2303097326726,5974500
2025-05-05,149.2003173828125,150.92333394025843,148.9404159431616,150.80782871723414,5464100
2025-05-06,148.69017028808594,150.06665667892136,147.93935685893055,149.02708015228183,8644200
2025-05-07,151.4142608642578,152.03031320155694,148.7190263806318,148.95005151506132,7853100
2025-05-08,149.8356170654297,151.15435058034083,148.98853964326142,149.9896338127049,7606100
2025-05-09,148.4495086669922,150.2206573516432,148.05484622560948,149.60460499664083,6520400
2025-05-12,148.3725128173828,149.54686501326165,145.52326125496006,146.33184197306454,9023800
2025-05-13,142.8857879638672,146.02380248964167,142.53925758100854,146.02380248964167,10549600
2025-05-14,140.8836212158203,143.25158140043052,140.6525960528821,143.10718516565112,10216000
2025-05-15,144.0120086669922,144.05050551510183,141.8173211285569,142.46224982128726,7945800
2025-05-16,145.6676483154297,145.8312856192595,143.63659813942314,144.0697574363664,8051200
2025-05-19,146.7842559814453,146.9478932943705,145.39813440390523,146.20670042818765,12639900
2025-05-20,147.91046142578125,148.27623286458655,146.42807584039545,146.63022467034673,7351500
2025-05-21,147.44842529296875,148.65165378512776,147.2751674402648,147.45806052112863,7032200
2025-05-22,146.89974975585938,147.58318995096408,145.7061418932477,146.93824660207738,7535300
2025-05-23,147.2174072265625,147.7371954457021,146.514725935996,147.27515984115055,6727300
2025-05-27,148.7804412841797,149.54739430031267,147.49893216707943,148.07173598904868,6990700
2025-05-28,147.98435974121094,149.15907651243762,147.49894228122335,148.80957534869594,8459300
2025-05-29,149.100830078125,149.5474058494708,147.13973937494478,147.32420038153927,6810600
2025-05-30,150.68328857421875,151.1687060152862,148.75132182581495,149.41148243505967,15529700
2025-06-02,150.86773681640625,151.00365310920873,147.85815752898998,149.97457049030925,6669300
2025-06-03,149.9163360595703,151.1201767695379,149.58625572117742,150.28525809293072,8209800
2025-06-04,148.75131225585938,150.41143150179767,148.66394067739182,150.41143150179767,6983900
2025-06-05,149.17849731445312,149.59594921931134,148.18824154851782,149.1979033469359,5295400
2025-06-06,150.50852966308594,151.47936453922725,149.50857092576155,149.50857092576155,5391500
2025-06-09,150.7026824951172,151.4405264270542,149.94543253300756,150.3337753429122,5319000
2025-06-10,151.88711547851562,152.84824735194303,150.49882869732974,150.89685974350843,6791600
2025-06-11,150.7318115234375,152.03274146402853,150.21727024471093,151.7414880500525,6016000
2025-06-12,152.09100341796875,152.11040945062305,150.64445404189198,151.6832545257475,7075500
2025-06-13,152.51815795898438,153.07152610979966,151.4211098589502,151.4211098589502,6587500
2025-06-16,150.6929931640625,151.9356606410736,149.94544614915642,151.8579920720398,7024000
2025-06-17,147.9358367919922,150.7512522666013,147.6640041867375,150.45029579748117,6407100
2025-06-18,146.33392333984375,148.19792435378227,146.31451731000755,148.120270606911,8325200
2025-06-20,145.42137145996094,146.9844164382824,144.6932451932975,146.8485001277226,22605500
2025-06-23,146.90675354003906,147.01353116462897,145.37283252264024,145.37283252264024,7397900
2025-06-24,147.75137329101562,148.26591462899756,146.57665648441028,147.08149480585575,9544200
2025-06-25,147.8387451171875,148.60571302399958,146.3339479807507,146.9649995870065,7153700
2025-06-26,147.5766143798828,148.75133117918787,147.11061775501065,148.24649286087973,7156900
2025-06-27,147.9649658203125,148.8581322421475,146.60578793283332,147.57662293227568,10010800
2025-06-30,148.29502868652344,148.5086135463286,147.10090592580522,147.72223965966626,9039300
2025-07-01,151.37257385253906,153.1492034739777,148.35327676043812,148.53773775923037,10896700
2025-07-02,151.0230712890625,151.74149443191655,150.54737167953348,151.45024100569117,5544000
2025-07-03,151.45993041992188,151.7220599613611,150.36289717938598,150.89684446345694,3482500
2025-07-07,150.74154663085938,151.79005015309582,150.37262460995237,151.46967284237644,6270900
2025-07-08,151.24636840820312,152.18807948276114,149.71246224293358,149.97457701017015,6438200
2025-07-09,151.72207641601562,152.1201222788215,150.54737448714403,151.24636198385022,6147400
2025-07-10,153.09095764160156,154.59575469827723,151.27550112030607,151.54733370701027,6732900
2025-07-11,152.32398986816406,152.59582245503373,150.6541526552419,152.50845086934666,7872000
2025-07-14,152.246337890625,152.8773746574223,150.98424954326526,152.2948677851747,10185600
2025-07-15,150.6444549560547,152.60554567091353,150.2852507708202,151.79975089790832,6873200
2025-07-16,159.9741668701172,161.2750820257859,155.13941342047767,155.62483084994489,22134800
2025-07-17,158.22666931152344,159.896506540005,157.5665086840501,158.42083333055885,11295700
2025-07-18,158.92567443847656,160.28485222326432,158.59559411890905,159.14896232362338,9792600
2025-07-21,159.56642150878906,160.1100866715211,158.03250062035818,158.993632484751,8254000
2025-07-22,163.0323028564453,163.1585161378835,159.90622800720854,160.18776361914905,9288000
2025-07-23,164.16818237304688,164.1875884045282,161.7313773695686,163.68276493825223,10617600
2025-07-24,164.61477661132812,165.0322433553102,163.9546159364473,164.55652888281114,6636900
2025-07-25,163.39151000976562,164.92543086724078,162.55659143705802,164.79921759495198,6254900
2025-07-28,161.37217712402344,163.04201432533776,160.23630207669302,162.9643457562342,8014600
2025-07-29,163.20704650878906,163.85750407777874,161.5177885442579,161.80904196073075,7663400
2025-07-30,162.3818359375,163.69246894488504,161.91583934513037,162.80900565290742,6189200
2025-07-31,159.9353485107422,162.1973956301704,159.44021322550935,161.09062961083353,11036200
2025-08-01,162.44979858398438,162.73133417477788,159.98386974869538,160.65374817098856,8927800
2025-08-04,166.05160522460938,166.1972393570305,161.77993732137548,162.158562363645,12679100
2025-08-05,165.76036071777344,166.55643765450975,164.70213938920838,165.56618188142107,7934400
2025-08-06,165.61471557617188,167.15833945166182,164.7312522963263,164.95455498052752,8957200
2025-08-07,166.5272979736328,166.61466955343286,164.9642532975659,166.17779684066866,9315900
2025-08-08,168.27481079101562,168.88644150314138,165.4205538861148,166.03218459824058,7686800
2025-08-11,168.7505340576172,169.5077841152882,168.00298701625698,168.34277035231864,7256800
2025-08-12,167.7408447265625,169.6630935877668,166.7991337339934,168.92526443239652,7916700
2025-08-13,169.33302307128906,169.4495185199788,167.6631858424992,167.9544392779886,5878700
2025-08-14,169.624267578125,170.5951024361437,167.68259786208765,169.22622173103392,8241700
2025-08-15,171.48826599121094,172.09989668240672,169.85727056637432,170.44948041286563,9477600
2025-08-18,171.10963439941406,172.39114345275658,170.96401510415402,171.35234310068984,9284000
2025-08-19,172.6144561767578,172.98336338248222,170.8475294663219,170.90577719281706,9274200
2025-08-20,173.62411499023438,175.34249696086658,172.80861720591466,173.2940346699762,9030000
2025-08-21,173.7114715576172,174.82794051667685,172.96393939351262,173.3425643901903,8859600
2025-08-22,174.0609893798828,175.87646078588406,172.29407749726226,174.78911558281357,9524000
2025-08-25,173.20664978027344,175.0026853711147,173.09013952448566,174.2842770602839,6229100
2025-08-26,172.600341796875,173.2555738744088,171.89620868497286,172.85460628408944,9145000
2025-08-27,172.89370727539062,173.77388107111656,172.27760203313207,173.06974800353566,5951100
2025-08-28,171.58323669433594,172.6003243855948,170.78131651709248,172.48295893045014,6424700
2025-08-29,173.26531982421875,173.50003579736554,171.5832259895787,172.09176980348101,6942300
2025-09-02,174.13571166992188,175.2505864747156,172.99149923256772,173.55871833290118,9049000
2025-09-03,174.07704162597656,174.36064372340013,172.63943789740028,173.754312735633,7111700
2025-09-04,174.82029724121094,174.9572111798103,173.6369728267095,174.0770522777431,7854800
2025-09-05,174.49755859375,175.5537581707923,172.66877646111618,174.07704256383926,9733800
2025-09-08,174.2041778564453,175.49507846966029,172.8056860260886,173.45114379394553,8382500
2025-09-09,173.05996704101562,174.16505270823302,172.561197432737,174.07703980883056,6005700
2025-09-10,171.91574096679688,172.71767607189588,170.4879264017414,172.41451057887036,6891600
2025-09-11,174.5660400390625,174.90833236108057,171.75929671951704,171.87664726535147,5792500
2025-09-12,174.13571166992188,174.85940809224365,172.8252476738922,173.79343431588362,7220200
2025-09-15,173.49024963378906,175.0452187336727,173.0306068383358,173.8423161383384,4768100
2025-09-16,172.5709991455078,173.7054225283811,171.7788382257642,173.65653641793406,7959300
2025-09-17,173.294677734375,174.57580419407594,172.69812095667075,172.81548641822724,6714900
2025-09-18,170.32167053222656,173.11863924740493,170.03805352027734,172.70789746828765,8200900
2025-09-19,172.30694580078125,173.25556913608068,169.50997682791382,170.8400043448543,25621000
2025-09-22,170.3705596923828,172.7469973036919,170.2825318781694,172.2091158723778,7193900
2025-09-23,172.68833923339844,173.06974339129886,170.97690764134543,171.0355829083302,8350400
2025-09-24,172.79591369628906,173.05017815802412,171.86685382639274,172.25803221713883,6676800
2025-09-25,173.81298828125,174.46822029996832,172.03310718551506,173.29467019297286,8475000
2025-09-26,175.7493438720703,175.94493304972775,173.4120181311941,174.66380677519905,8634400
2025-09-29,177.6172637939453,177.861754032588,175.83738261632647,175.86672025116357,8597100
2025-09-30,181.33351135253906,181.8909562377616,177.07939031912738,177.69549554924257,11569000
2025-10-01,181.9496307373047,182.44838543053112,179.85679498165965,181.90072970718464,13063800
2025-10-02,181.8811798095703,182.47773660731235,180.032834144845,180.13063621234386,7728100
2025-10-03,184.4825439453125,185.59741877662566,182.79067576325374,182.9373639295453,8675100
2025-10-06,184.0131378173828,185.7343437349051,183.2405403023728,183.8566604823808,5806100
2025-10-07,184.72705078125,185.05955393640858,178.908185875973,179.71989528827223,8776800
2025-10-08,185.5093994140625,186.0277174802343,184.12069677238543,184.70746433960892,5751200
2025-10-09,186.8687744140625,187.86629873092122,185.54852120285247,185.81257482959435,7484800
2025-10-10,186.51669311523438,187.83694622189063,185.6658719572771,187.77825603642958,9598000
2025-10-13,186.69273376464844,187.08392708636944,185.1084418485517,185.64632333935597,7979500
2025-10-14,186.6438446044922,190.1155938776849,181.78337771502342,188.66821591723416,13613300
2025-10-15,186.95677185058594,189.30388681830823,185.12798985636962,187.25993732315675,9473000
2025-10-16,187.88584899902344,188.7953604231518,186.23309264058008,187.12304066781874,10611800
2025-10-17,188.96160888671875,189.33323880902185,187.45554072343714,188.2574758352493,7764400
2025-10-20,189.45057678222656,190.19382165505388,188.09121179958947,189.23542420173737,8034700
2025-10-21,187.65113830566406,189.28433118348556,187.54356201203515,188.75622395203504,6716000
2025-10-22,188.6877899169922,189.18654463424633,187.55335162255136,187.7685042274453,6343100
2025-10-23,188.22813415527344,189.7244131268554,187.31862276563595,188.31614705419025,8882500
2025-10-24,186.20375061035156,188.0716595229833,185.24535310037527,187.96408322637888,6903400
2025-10-27,186.10595703125,186.59493746752628,185.35292298108493,185.8027915483585,7126000
2025-10-28,182.81021118164062,185.33335191915822,182.50704571128932,185.08886171113323,8329500
2025-10-29,182.48751831054688,182.97649878305907,180.59027168959963,182.58530545154946,10551100
2025-10-30,184.88351440429688,185.2062432977132,182.79067863812693,182.95693020337183,7072500
2025-10-31,184.7074737548828,185.32359390824723,182.64397562159022,183.32856020199483,8791700
2025-11-03,182.15501403808594,184.86397023918343,181.43133243438183,184.8346326024117,7542600
2025-11-04,182.74179077148438,183.68063988564316,181.5291137745502,182.71245313565132,7209400
2025-11-05,181.90072631835938,183.69039654541731,181.31394381284895,182.52662069373764,5049400
2025-11-06,182.84934997558594,183.38723145305244,181.28460657250142,182.64397162146273,6767400
2025-11-07,182.45819091796875,184.1989603040272,181.6073547007375,183.60240349717566,6959200
2025-11-10,184.2576141357422,184.26738837250383,181.04011446379977,181.9007248187872,5323800
2025-11-11,189.5581817626953,189.64619467098964,184.88352939272227,185.21603255016794,7465600
2025-11-12,190.1058349609375,191.24027328305002,188.8149342225856,189.09853634186356,8803000
2025-11-13,190.94686889648438,191.68033958366678,189.18653626274676,189.92979610949115,8631600
2025-11-14,191.61187744140625,192.8343286012861,189.2843405802947,190.7023809412554,8824800
2025-11-17,195.18145751953125,195.86602723274726,191.58255329183768,192.6192044832797,13257000
2025-11-18,195.59217834472656,195.88556959674344,194.1545746400929,194.62399168982054,12468600
2025-11-19,198.04685974121094,198.99548302359867,194.9858522212118,195.59218321397532,14690800
2025-11-20,198.5945281982422,200.00277936694775,197.12758684032048,197.54810286679177,10612600
2025-11-21,199.40621948242188,202.37922894432938,198.51628641370846,199.46490967071523,13189100
2025-11-24,201.5088653564453,201.577314866175,198.52608134678417,199.2204402169022,14803900
2025-11-25,203.39845275878906,204.4318344688182,201.93203375943375,201.93203375943375,10275300
2025-11-26,204.2743682861328,204.52041084092286,202.68001733661194,203.22131396059922,6729000
2025-11-28,203.64450073242188,204.17596106247692,201.39075752943597,203.723236152328,5638300
2025-12-01,202.08950805664062,204.41215036142825,202.08950805664062,203.23114910855648,8473700
2025-12-02,202.16824340820312,202.35523815148406,199.88497632238054,201.99109997809214,8393600
2025-12-03,202.0796661376953,203.74291615515872,201.7450518785209,202.6406353348706,8363300
2025-12-04,199.2747802734375,201.61711018295784,198.516980022795,201.3513800209524,9049900
2025-12-05,198.73348999023438,200.2294329646455,197.63122412342938,199.7668717489871,7785300
2025-12-08,198.4283905029297,200.04242902685974,197.80837348995507,199.45193591844364,7785700
2025-12-09,196.794677734375,202.28633417756814,196.74546622144234,199.70781308614636,7509400
2025-12-10,203.2705078125,203.5264016771889,197.01118469940698,197.41469808815052,11599800
2025-12-11,206.68557739257812,207.89611754570484,204.54009357423172,204.60897767896304,9009000
2025-12-12,208.23074340820312,208.90982328382495,205.65222215734576,206.95131907907103,6922700
2025-12-15,210.7797393798828,211.7835972337083,205.70141731611412,207.02021685633432,8467000
2025-12-16,205.98681640625,211.33085313861852,205.50456762418247,210.61241313043203,9949800
2025-12-17,207.00051879882812,208.1716837329721,205.16012534074213,206.0753964132944,8457600
2025-12-18,205.0124969482422,207.7189650641044,204.47120032162059,206.47891598813604,7499900
2025-12-19,203.10321044921875,205.9277892890467,202.76859616710203,204.27437545387346,24803900
2025-12-22,204.03817749023438,204.7861414522214,202.2469804791725,202.86701252411635,8187800
2025-12-23,202.5225372314453,203.2606648620441,200.062111796116,201.77457330531342,7047300
2025-12-24,204.49087524414062,204.648346074342,202.31586759380838,202.739053555574,2376500
2025-12-26,204.34326171875,204.74676008426138,203.43782694440864,204.24483869267678,2316700
2025-12-29,204.2743682861328,206.1541370088678,204.09722485496195,204.70740558532265,4348900
2025-12-30,203.63465881347656,204.4023103648072,203.25083303781125,204.22515192059876,3937400
2025-12-31,203.67401123046875,204.21530782091293,203.103190736659,203.63465103172956,4083800
2026-01-02,204.0677032470703,204.10706344869166,200.4557852869147,203.546094226423,6325500
2026-01-05,201.0758056640625,202.68000785174,197.72963308240787,202.6111087313451,9477000
2026-01-06,201.54820251464844,203.43782245629845,200.88881030279188,201.3612227968269,8107900
2026-01-07,204.20547485351562,204.96327507524262,201.78440961736555,202.01076455260576,7545900
2026-01-08,202.49301147460938,205.67187690313673,201.72535994719092,203.6543250611801,6557800
2026-01-09,201.154541015625,203.42797171200806,200.7805515444468,202.65048388309268,6154300
2026-01-12,206.40017700195312,206.5773204309254,200.62310269270267,202.2961890410606,11794300
2026-01-13,210.26795959472656,210.99625095714939,205.5537908911432,206.58717261624787,11379600
2026-01-14,215.09039306640625,215.3954834155094,210.76003531994849,211.33085581905067,11858800
2026-01-15,216.09425354003906,216.27139696408693,212.49218707861442,214.7754540862871,8492100
2026-01-16,215.1986541748047,216.62569792580305,214.68688147872595,215.57262862976077,10021500
2026-01-20,214.7557830810547,215.2675407658023,211.10450508023746,213.6535022600511,14057100
2026-01-21,214.55892944335938,215.21832164316703,207.16781700763246,207.6599020836601,14762900
2026-01-22,215.03134155273438,218.65308049768686,214.6475157947938,215.30690799344836,13160000
2026-01-23,216.6552276611328,217.70829698551927,214.39163319315116,216.3206133966017,6950600
2026-01-26,217.98387145996094,218.51531678098806,216.5174523988691,216.72413475647446,6856700
2026-01-27,220.8871612548828,221.9303792601758,217.20635931460325,218.48578357321077,8154100
2026-01-28,224.11524963378906,224.95180034983713,222.5012110309432,222.81613770071385,9026500
2026-01-29,223.69203186035156,226.3591396349424,223.4853645338204,225.18797472711546,9645300
2026-01-30,223.65267944335938,224.88289220157367,221.7630744488117,224.6466859457881,11045500
2026-02-02,227.09727478027344,227.53031207318796,223.65267906312954,224.70574839064855,8187500
2026-02-03,229.4100799560547,231.47682836867276,226.83154381662808,227.83540162689715,9346600
2026-02-04,230.75839233398438,232.0968644318395,229.2526131010531,231.28000134841176,8641400
2026-02-05,234.02581787109375,235.78749088320203,231.27015341178193,231.2799897072634,10267500
2026-02-06,236.19100952148438,237.125968199395,234.21281782672844,235.17731542623193,8274000
2026-02-09,234.8623809814453,236.92914445281934,233.28770262066075,236.4468956382332,9378500
2026-02-10,234.5769805908203,236.69294058079808,234.1144193808212,236.1811678557945,6723300
2026-02-11,237.0472412109375,237.4409032943991,233.6420056217357,235.55129826274083,6803900
2026-02-12,240.6788330078125,242.45034242715968,235.88591377085012,236.67325295914287,10254300
2026-02-13,239.59622192382812,241.0724771605951,238.7695225953774,240.7181753030812,13268500
2026-02-17,239.47813415527344,240.61977517991008,238.04123907016248,240.26547331078993,12703000
2026-02-18,241.1118621826172,241.1905976005163,238.97621465530662,239.38956433634297,8129700
2026-02-19,243.00146484375,243.05067635662348,240.4032561468311,240.74770670245476,7553900
2026-02-20,238.65142822265625,242.97193463736588,236.47640555492436,242.56842126641303,13565800
2026-02-23,241.94839477539062,242.90304105661139,238.75969298572113,239.77338707530683,9622700
2026-02-24,243.66995239257812,244.62967365472286,241.9483872724562,242.74981566951382,7246300
2026-02-25,242.57171630859375,244.62967453289602,241.1370862518812,242.26500406647128,7698200
2026-02-26,240.88973999023438,242.8685442682355,239.45510990809925,242.51235889431217,7172600
2026-02-27,245.79718017578125,246.3017849576054,239.93003240320007,241.44381655451372,16428600
2026-03-02,245.92579650878906,249.04242234613034,244.2537044562187,246.54912469567304,9042400
2026-03-03,244.13497924804688,245.25300850282142,241.7703087256774,243.84805926874753,6178700
2026-03-04,242.70034790039062,243.95689284505667,240.6028050981046,243.14557584386296,5768000
2026-03-05,237.09043884277344,240.42471921230697,233.42963885940884,240.0586452528019,9375400
2026-03-06,237.85226440429688,238.23813062850368,232.93493464369223,235.596428770922,7179800
2026-03-09,240.01907348632812,241.5031767703235,237.4960948841201,238.31730051291373,7844000
2026-03-10,241.12721252441406,242.40353469704283,238.26784082105456,239.732151823879,7214100
2026-03-11,240.41482543945312,241.10740390076984,238.80209516039704,240.29608691960013,6933200
2026-03-12,239.4748992919922,241.8098890629796,237.7533491444783,238.90105930754044,7710200
2026-03-13,238.96041870117188,242.9872777226232,238.94062643039297,241.62191298046335,6415300
2026-03-16,240.6127166748047,242.46289390576842,239.10882114586636,241.3349760333344,7571500
2026-03-17,235.5865478515625,241.55264164150105,234.70598053704475,240.99857884994995,7281800
2026-03-18,234.76535034179688,236.57595816042422,232.9250616652477,235.349094010365,6811500
2026-03-19,235.0819549560547,236.72435103784144,233.80561773863002,235.81410287893596,7511500
2026-03-20,232.87557983398438,235.76463230802105,232.01480479225953,234.32011361954207,17156600
2026-03-23,232.925048828125,235.78442039461373,231.7674501417346,234.88406082839504,7313700
2026-03-24,232.77664184570312,233.49890116874656,229.77875461897233,231.65861261497415,9046200
2026-03-25,237.3872528076172,238.90105200048887,233.2317667584392,234.29043431536925,6456400
2026-03-26,236.70458984375,239.0890376929306,236.3978624775069,237.45653008741147,5171400
2026-03-27,237.90174865722656,240.10811126821832,236.59574564385582,238.63391169766768,7617600
2026-03-30,239.92013549804688,241.62190842303258,237.96110834902544,240.90953765922094,7241300
2026-03-31,241.84947204589844,242.73003938495026,240.0784336838334,240.43461907362286,7554200
2026-04-01,241.53285217285156,244.58021265880902,241.1568896154117,242.99717824988343,6314600
2026-04-02,240.46429443359375,244.59011472810894,239.30669571751412,242.5123641523277,6878700
2026-04-06,238.41624450683594,240.9392230850874,237.95122427449988,240.07843292252966,4442400
2026-04-07,235.8833770751953,238.22825540792763,233.50880278778567,238.22825540792763,6241100
2026-04-08,238.7427520751953,238.77243293320464,231.42116679227811,234.13213423473948,8771100
2026-04-09,238.7526397705078,241.61201149233705,237.9907958579282,238.7427511835681,6216500
2026-04-10,235.93284606933594,239.69256220529843,235.38867186110593,239.43532307826192,7354500
2026-04-13,235.43814086914062,235.8635765445355,232.68758901903882,235.19079033309842,7663600
2026-04-14,237.5554656982422,239.62331259842583,230.77805483364233,232.5193972079424,10318700
2026-04-15,236.14060974121094,237.8720635067345,234.24095942154312,237.3971547010872,6463500
2026-04-16,232.0543670654297,235.61622074367995,229.6600157416919,234.90385000802988,8668900
2026-04-17,231.6981964111328,233.0437839864675,229.58087633934963,231.87629665489436,8946300
2026-04-20,228.2451934814453,232.7667536363879,227.09748331847635,232.32152567058696,7810500
2026-04-21,223.76319885253906,227.25578731208446,222.31866503864154,226.91939419688882,11681200
2026-04-22,223.70384216308594,225.06920692516337,221.40842182578342,223.7829810531976,9003400
2026-04-23,228.20559692382812,228.93775994036045,224.6239660179549,224.84163569592187,7097600
2026-04-24,225.08900451660156,227.5526214735122,224.61409567930932,226.60278870184794,6067500
2026-04-27,222.95187377929688,225.49464451628538,221.97237532645164,223.37732454840338,7897800
2026-04-28,225.37591552734375,228.58158401963007,223.97096624596244,225.31655381218496,7179800
2026-04-29,224.9405975341797,226.28618513799105,222.47698060671547,223.12998968586206,7071100
2026-04-30,227.41409301757812,228.71020743451083,225.3957041523519,225.53421985117495,8157200
2026-05-01,224.7822723388672,227.33493164601464,224.61407578841013,226.63244949097316,6863600
2026-05-04,221.82395935058594,224.66355379145187,221.2105348477109,223.12007375353997,8215200
2026-05-05,223.15966796875,224.12927789209027,222.51654748413543,223.00135999434525,5556700
2026-05-06,222.23951721191406,223.94129020275372,220.58721735046336,222.86284542864004,7982300
2026-05-07,220.15185546875,222.39780245918467,218.29178978986636,222.39780245918467,7269700
2026-05-08,218.9744873046875,221.00274959951292,218.578717393272,220.5773139289545,5550600
2026-05-11,219.08331298828125,220.91371302266228,218.034549114472,218.97449324390374,6223200
2026-05-12,221.88333129882812,225.2374041432973,219.30099096037276,220.63668996536256,8632500
2026-05-13,227.97804260253906,228.35402025227188,223.0508241008666,223.42680175059942,7464500
2026-05-14,228.35401916503906,229.3038367743656,226.7314002434507,228.55189657555886,6974400
2026-05-15,224.307373046875,229.6798195939985,224.0402302332647,228.324343449484,12167000
2026-05-18,226.4939422607422,227.26567474324526,223.46637404521803,224.30737192600984,10141600
2026-05-19,227.56248474121094,228.40348257147707,225.62324996765844,226.5137209227187,9677900
2026-05-20,226.88970947265625,229.54130000194294,226.74129009113187,229.2345877493695,7353800
2026-05-21,229.27415466308594,229.43246262946704,224.94058353722363,226.88970696918975,5239000
2026-05-22,231.85650634765625,233.0042165151488,230.25367962562382,230.53071103197314,5462300
2026-05-26,229.0503387451172,232.0953339431715,227.9557463234551,231.85650632452897,6619600
2026-05-27,230.15489196777344,231.74704572535882,227.89604337347495,228.85132348090337,5835500
2026-05-28,229.66729736328125,230.7320381891827,228.60254135347682,228.90107206919134,7193400
2026-05-29,224.22413635253906,230.36385365376995,223.48776262843438,230.09517449736785,13897700
2026-06-01,222.41307067871094,223.3385143974124,219.75617610550876,222.10459450044488,8041000
2026-06-02,221.79611206054688,224.39330345287865,220.08455216761314,221.48763589098954,5669000
2026-06-03,222.1444091796875,223.82610240207563,220.91048926891716,221.35827776443833,6507200
2026-06-04,227.05020141601562,227.5477475509985,224.79133771170055,225.97549994238426,7274800
2026-06-05,231.6276397705078,234.06561287765282,227.87613753428016,228.87122983792332,8034900
2026-06-08,231.0206298828125,233.7969306933057,229.42847614392605,231.62763678757383,7559800
2026-06-09,235.8368682861328,236.5433904796373,229.2792138627353,231.23954685180908,8354500
2026-06-10,237.31956481933594,239.7475772433621,235.886629497679,237.67779864975017,8350800
2026-06-11,237.16033935546875,240.41429528628944,236.97126939727602,238.822141602048,7399000
2026-06-12,239.6878662109375,239.72767840405794,236.35431627248195,238.82214080935248,6459400
2026-06-15,234.50344848632812,238.32459916704082,232.43365473829965,237.8270530309927,7732000
2026-06-16,234.02578735351562,235.20994955683125,229.88621514589735,235.20994955683125,7718100
2026-06-17,233.0506134033203,234.27457267967245,229.5677903566066,232.88144953454835,8548000
2026-06-18,227.2691192626953,231.60772209709037,226.48300306302522,230.64248139608736,18989800
2026-06-22,230.15489196777344,230.31411038031268,226.3834988221592,227.8263796240252,8518300
2026-06-23,237.9066619873047,238.62312963718077,233.19987979667957,234.48354214543076,11802000
2026-06-24,239.81723022460938,241.84721171654783,237.5782726810186,238.71267722908183,8139200
2026-06-25,243.67820739746094,246.97196048258556,239.70778365238823,240.0859235854152,10130400
2026-06-26,253.4102020263672,253.85799051268404,246.6535169859773,247.05156300573913,16316800
2026-06-29,257.2413024902344,257.3109358669097,250.7930938975173,251.94740453022743,8608400
2026-06-30,252.7235870361328,258.62447695588,251.92751017702224,257.7288999793201,8469500
2026-07-01,252.73353576660156,252.95245728529045,249.8477741968348,252.00712264580847,6516500
2026-07-02,261.74908447265625,261.8087875806335,252.753441667793,254.52470472933535,7998700
2026-07-06,258.0572509765625,260.0972082397536,254.67394351620698,258.9528582650781,6803700
2026-07-07,265.9284362792969,268.1076906797339,262.75408965465317,263.5899938466549,9089700
2026-07-08,262.1072998046875,267.28179179450893,261.8386358221884,267.28179179450893,6769400
2026-07-09,257.8283996582031,262.1570568783993,256.8631589924022,259.35088953644544,6426100
2026-07-10,255.7188262939453,260.01760188497747,254.26598487714244,258.91306402533775,6534700
2026-07-13,256.5049133300781,258.2562853735001,254.89286877547602,256.68405301110437,5272200
2026-07-14,252.60418701171875,255.13172996253974,250.9025724938729,254.27593479130442,8770600
2026-07-15,245.8076934814453,255.5695309055475,244.84245277781295,248.86261881363527,10547300
2026-07-16,248.7432098388672,252.30564190006208,245.09122311970796,247.67845384783817,11097600
2026-07-17,251.7981414794922,254.40529355359888,250.7134945486414,251.35035299448896,10167700
2026-07-20,247.59886169433594,252.93254159418385,247.40979173683036,250.7731932271148,8114700
2026-07-21,249.3800811767578,250.10649430212794,244.28521347459443,246.2355858738711,7793100
2026-07-22,254.3754425048828,255.03220704893891,249.97713648203677,251.51951735745217,9100200
2026-07-23,257.99755859375,258.9230174724852,253.17137025663587,253.98735319581928,8063300
2026-07-24,262.1072998046875,262.41577598127003,258.33589157019617,260.14696680341433,6351800
2026-07-27,264.6448059082031,267.48079463226605,260.0673753138636,261.26146783773044,9647900
2026-07-28,265.42095947265625,273.55084592551594,264.87364052953075,268.67490010822394,10491000
2026-07-29,264.2268371582031,268.0181361041443,263.49047862976664,267.1822622796963,6105600
2026-07-30,254.56451416015625,259.2414296518399,253.31068817063203,257.75875187348953,8216500
2026-07-31,255.09190368652344,257.2114550322676,252.04690865509698,254.75357596655473,6782100
2026-08-03,253.1614227294922,256.4850271972422,249.67859985775465,253.71867195954576,8136300
2026-08-04,253.67886352539062,254.2659795008061,249.21090897857138,253.16142648061836,7362400
2026-08-05,256.3258056640625,258.04732616634374,253.2211227437212,253.9972934738065,6472600
2026-08-06,255.7188262939453,260.8236242062839,254.02715726257253,260.42559336590404,6931800
2026-08-07,257.96771240234375,258.32596141364326,253.86793707628854,254.63416238175625,6532100
2026-08-10,260.5251159667969,260.71418593564044,257.28110530959395,257.78861210678537,8985100
2026-08-11,258.52496337890625,262.85362089025904,257.09202805973007,259.9479684253454,5945900
2026-08-12,259.5797424316406,260.1270613743755,254.00723509927005,254.7436088096904,4629300
2026-08-13,260.79376220703125,261.3311205223152,258.37569533996134,260.44550421552646,4852700
2026-08-14,259.072265625,260.42557646804266,257.8881034534354,259.37078114396394,4998100
2026-08-17,261.0823669433594,262.98299691726805,256.7437790079673,257.5995438259766,5515500
2026-08-18,269.7794494628906,270.3964321763198,265.02290964957547,266.3563600087168,7838200
2026-08-19,272.06817626953125,275.1131561312948,269.2321572777068,271.6601848020655,7728500
2026-08-20,266.0578308105469,272.05823633214175,266.0578308105469,272.05823633214175,6475900
2026-08-21,268.9137268066406,271.32186347512464,265.68963755179993,266.51555077860934,6186800
2026-08-24,271.70001220703125,272.635401405727,267.2519483767422,268.4161893708204,5436100
2026-08-25,273.1400146484375,273.79998779296875,270.17999267578125,271.0,4687000
2026-08-26,270.0,272.9100036621094,269.54998779296875,271.9700012207031,7214100
2026-08-27,265.7699890136719,268.45001220703125,263.8299865722656,268.45001220703125,7306200
2026-08-31,265.8500061035156,267.7699890136719,265.1700134277344,267.1300048828125,7900100
2026-09-01,271.19000244140625,271.9100036621094,267.0199890136719,270.8299865722656,6033600
