Date,Close,High,Low,Open,Volume
2018-01-02,85.51602172851562,85.57147421200618,84.61293497231672,85.26252379772062,13578800
2018-01-03,85.6031723022461,85.94381075352888,85.1437114036643,85.44473834326867,11901000
2018-01-04,86.82948303222656,87.61782677757108,86.16058070636457,86.28799298761523,12953700
2018-01-05,86.27208709716797,87.23562603140734,85.82615614108296,87.00469576476227,14155000
2018-01-08,86.39948272705078,86.54281851744616,85.76243341965966,86.12077593332434,12466500
2018-01-09,86.83745574951172,87.2993101228466,86.39151879975896,86.57467245194621,13292300
2018-01-10,87.79302215576172,88.15135859156264,87.10819628148904,87.17190242685217,15834500
2018-01-11,88.2628402709961,88.33451120252543,87.63376183782346,88.12746927020463,13676800
2018-01-12,89.72007751464844,89.86341328810622,88.26283149705306,88.9078455152889,18884200
2018-01-16,89.40155029296875,90.325271045075,88.44598254800161,88.79636022298696,22703300
2018-01-17,89.97490692138672,90.22176671837532,88.63710823173331,89.09896867734814,14940300
2018-01-18,90.18992614746094,90.55622742482262,89.40157615072819,89.79177179267388,14572900
2018-01-19,89.9908218383789,91.04990748553601,89.82359778882778,90.73138895802043,18785500
2018-01-22,91.04196166992188,91.0897382407458,89.58471550626868,89.71212779560227,12475700
2018-01-23,90.94640350341797,91.2888164407667,90.26157762872052,90.5163961349787,12320800
2018-01-24,92.10901641845703,92.37179972057432,91.30474908824729,91.4640083817624,15904500
2018-01-25,92.13288879394531,92.50715475195939,91.6391814240983,92.40363683658698,13510000
2018-01-26,92.62663269042969,92.62663269042969,91.54365231453308,92.13291908292125,13883900
2018-01-29,92.53105163574219,93.44680768881405,92.38771585286702,92.38771585286702,11679900
2018-01-30,91.66307067871094,92.84956862653175,91.55955276224054,91.99751878609372,14279100
2018-01-31,92.10901641845703,92.89736632480891,91.7029033973877,92.09309291924656,13141400
2018-02-01,93.0645980834961,93.1601512373473,91.95772949879658,92.18865367083912,13800600
2018-02-02,91.00213623046875,93.10439022654303,90.85083566832607,92.76197732167137,16477300
2018-02-05,86.63836669921875,91.24898753965525,82.80015999575345,89.98285994858294,30097600
2018-02-06,89.27415466308594,89.56879102241427,84.89445750873917,85.08556986528475,33114800
2018-02-07,89.87932586669922,91.13748844544345,88.50967452936567,88.828199085198,21878300
2018-02-08,85.9057846069336,90.07048198654947,85.87393152831977,90.07048198654947,27425800
2018-02-09,87.62581634521484,88.43008989084618,84.59188192530024,86.87728416955676,28188000
2018-02-12,88.97953033447266,89.76788030309969,87.64969629497907,88.52563462921154,18043300
2018-02-13,89.52897644042969,90.02268996120773,88.2309956052157,88.64507340544542,16358200
2018-02-14,91.59938049316406,91.79049286275689,89.60860892346007,89.68823857117768,15186900
2018-02-15,91.9815902709961,92.36381492276483,90.95435164692175,92.16473781132449,12130200
2018-02-16,91.32067108154297,92.42753955667239,91.17733528960198,91.21715315000046,13214300
2018-02-20,91.34455871582031,91.88604880647199,90.7552920533134,91.29678214396507,13461500
2018-02-21,91.72679138183594,93.52644447897069,91.31270749949597,91.57549080074796,14212500
2018-02-22,91.55957794189453,92.71422313864198,91.38438905403419,91.97365579700264,17070400
2018-02-23,93.41497802734375,93.47868418577572,91.82236051866663,91.82236051866663,12162500
2018-02-26,94.57758331298828,94.6811073340611,93.42293810753218,94.07591101016625,16511200
2018-02-27,93.45476531982422,95.02349402469045,93.44680053378762,94.68904591537374,17563300
2018-02-28,91.97364807128906,94.35460920770677,91.84623577251014,93.82108387611383,17735600
2018-03-01,90.32527160644531,92.8814211117028,89.70415196082126,91.95770642920725,18690000
2018-03-02,90.2376937866211,90.4288061568876,88.4858172292472,89.49712651706656,18353700
2018-03-05,91.62328338623047,92.3160741900569,89.09898609151516,89.22639840845717,13933000
2018-03-06,91.7029037475586,92.22846427844745,91.03400134646512,92.08512848359545,10674400
2018-03-07,91.36048889160156,91.65511918711887,90.0704667648435,90.58010378583008,13006500
2018-03-08,91.36842346191406,91.75861894937812,90.15007259067747,91.66305975493471,11173700
2018-03-09,93.99627685546875,94.02812993155497,92.10902310599303,92.80977862918388,15366600
2018-03-12,93.69368743896484,94.56166103248283,93.36719794575673,93.96442948911978,12339300
2018-03-13,92.57086944580078,94.33867540856403,92.23642131104884,94.12366869668627,13312300
2018-03-14,91.53565216064453,92.84159750783859,91.25694542350273,92.81770922684804,12905100
2018-03-15,91.76659393310547,92.37179012120502,91.44011059272216,92.26827219871315,8748000
2018-03-16,91.9258804321289,92.8495953866501,91.84624469997509,91.84624469997509,19888900
2018-03-19,91.20121765136719,91.93382006243094,90.2217615328553,91.65511328380366,13214900
2018-03-20,91.288818359375,91.93382638791375,91.13751777970194,91.47197201241883,9921200
2018-03-21,91.36842346191406,92.87344584112996,90.94638098498645,91.42416480650165,13633000
2018-03-22,87.55414581298828,90.46067400475228,87.22766238026968,90.14214928538638,22550400
2018-03-23,85.21298217773438,88.32654554190084,85.0139050342977,87.80894375389502,23081500
2018-03-26,87.8407974243164,88.51766457689419,86.5189283420746,86.9489357038696,20217500
2018-03-27,86.13672637939453,88.93973691839548,85.44394157187752,88.44602324694475,18039900
2018-03-28,86.0013427734375,86.93302252873158,84.92632720384023,86.22430824560838,19189300
2018-03-29,87.5700454711914,88.21505340290229,85.82612793688969,86.39947102078898,13274600
2018-04-02,85.88188171386719,88.17525438128001,84.47241815814682,87.56209335409157,18822500
2018-04-03,87.06040954589844,87.19578053247632,85.4120511980246,86.28798933076908,14050700
2018-04-04,88.38228607177734,88.55747492841819,85.2209400915372,85.28464623492519,15302600
2018-04-05,89.54280090332031,90.3031340534891,89.15063266739172,89.34271419635405,16627000
2018-04-06,87.30982208251953,89.2786804171031,86.29338441936221,88.47833368492347,18906000
2018-04-09,88.3582763671875,90.42317230618568,87.95009784292955,88.04614164456693,15974300
2018-04-10,90.04700469970703,90.33512998667462,89.17462366245506,89.742869060041,13951400
2018-04-11,88.53434753417969,89.48675588379683,88.45430798523414,89.36670877269907,14503300
2018-04-12,90.73529052734375,91.5516413212343,89.23864028135823,89.28665912036368,16435500
2018-04-13,88.27825927734375,92.15994024694695,87.27782572300468,92.05589124935211,39152800
2018-04-16,88.20619201660156,89.21463037331081,87.870047933085,88.79044768132664,16580500
2018-04-17,88.20619201660156,89.57478387619862,88.03011479966635,89.13459694002013,15501400
2018-04-18,87.493896484375,88.89450313709258,87.14974717688939,88.46231520865763,16081400
2018-04-19,89.41474151611328,89.53479475203287,87.63797072175493,87.6619801477066,17911000
2018-04-20,89.21465301513672,90.23109069882551,88.74244525840868,89.87894228174272,15584400
2018-04-23,88.78248596191406,89.59883715090812,88.54237943835916,89.29470751307946,11285800
2018-04-24,88.36627960205078,90.35914111948843,87.70998946452485,89.43874121904467,16453100
2018-04-25,88.03012084960938,88.46230874647296,86.91763956378202,88.25421692068826,13548200
2018-04-26,88.1181411743164,88.69439158386123,87.50987617466811,88.0140983360992,10299500
2018-04-27,87.55792999267578,88.16619519295195,87.34183296474049,87.67798321862196,9384000
2018-04-30,87.06171417236328,88.27824459151006,87.0377047480392,87.838051458366,13744900
2018-05-01,87.06171417236328,87.21378200129683,86.06928596128307,86.79759829247683,10503400
2018-05-02,86.37342834472656,87.62997262236689,86.22136659936336,86.5254961962515,12162100
2018-05-03,85.82918548583984,86.25336829488211,84.18047310166463,86.10930563273934,15379100
2018-05-04,86.78160095214844,87.02970649812563,84.82075379824332,85.18090740409158,11967900
2018-05-07,87.5339126586914,87.78201815870888,86.72556085693877,87.04570072847885,9356700
2018-05-08,88.8304672241211,89.11058731225793,87.46187527394403,87.6619619234932,12543200
2018-05-09,90.767333984375,90.95141032986842,88.86250468266445,89.19064980330457,11368100
2018-05-10,91.47164154052734,91.59169478836894,90.23910666793323,90.59126123329207,9159700
2018-05-11,91.12745666503906,91.82376034642523,90.97538886991623,91.63167278221972,10253000
2018-05-14,91.15950012207031,91.79977388700097,91.03144170538735,91.32757221434566,8710700
2018-05-15,90.46319580078125,91.16750487694921,90.09503701376681,91.16750487694921,11536200
2018-05-16,90.71131134033203,90.99143762984038,90.1430657952118,90.35115769119564,7571100
2018-05-17,90.40715789794922,90.76731755831517,89.79889272718212,90.59923938644813,8617200
2018-05-18,88.94251251220703,90.27909593059393,88.71041127315972,90.2390761594562,11806300
2018-05-21,89.75886535644531,90.07100001741964,89.57478296620327,89.6788319239677,9441900
2018-05-22,90.44718170166016,91.47162449416102,89.87093110433825,89.91894995206151,11507600
2018-05-23,90.03099822998047,90.25509432814026,88.93452716310426,90.04700858336943,11453900
2018-05-24,89.02256774902344,89.75888526095495,88.13418240735096,89.75088008408416,14084800
2018-05-25,88.5663833618164,88.9025275657842,88.19821844566685,88.40631033171623,8283500
2018-05-29,84.78071594238281,87.39784664878962,84.00437876009946,87.38184240343203,30643800
2018-05-30,86.71757507324219,86.91766177442925,85.35698794763475,86.1493295746103,17490800
2018-05-31,85.64508819580078,86.58949739298212,85.17288054413024,86.39740981967898,19808200
2018-06-01,86.75758361816406,87.18977156948584,86.27737681874898,86.70955866391003,13594200
2018-06-04,86.79759979248047,87.44588479123796,86.65353713788558,87.22978775626515,9415400
2018-06-05,86.30939483642578,86.68555880442301,85.6931304953096,86.62953477341246,10415200
2018-06-06,88.3262710571289,88.63040063506234,86.82162131017631,86.96568397470507,15453600
2018-06-07,88.67842102050781,89.2386612946917,88.06215061274453,88.98255058275606,13444400
2018-06-08,88.92652893066406,88.95053835646168,88.08616239078009,88.5343607282601,10383200
2018-06-11,88.70244598388672,89.56682207789473,88.65442101900044,88.9345473113238,12642900
2018-06-12,88.19019317626953,89.26265468163076,87.65395631742899,88.95051999835935,15294100
2018-06-13,88.0141372680664,89.19864709505413,87.70200250918711,88.4063054845268,14979700
2018-06-14,86.46145629882812,88.32626564593822,86.26136961624964,88.26223644203446,20487300
2018-06-15,86.35740661621094,86.74156959703531,85.0528376406703,86.27737317071924,26028600
2018-06-18,86.58150482177734,86.75758206985805,85.38898996817711,85.84518733540409,9786800
2018-06-19,86.07728576660156,86.34139552384586,85.31695277554194,85.55705921612085,12707200
2018-06-20,86.06925964355469,86.94963953448486,85.9892262182263,86.58148089304711,8876900
2018-06-21,86.0452880859375,86.60552841589727,85.26094551783221,85.71714295970277,11048700
2018-06-22,84.63664245605469,86.73355248628017,84.44456100559532,86.56548045385831,19478900
2018-06-25,83.8683090209961,84.5966211482298,83.20401997197699,84.56461266220205,16907600
2018-06-26,83.92436218261719,84.20448232885532,82.52375534526531,83.80430894675479,17086800
2018-06-27,82.62779998779297,84.77272960582235,82.61980091641652,83.78030130678229,16276800
2018-06-28,83.98038482666016,84.4045676277043,82.84389390571904,82.97995138791035,14491300
2018-06-29,83.39611053466797,85.55704994729143,83.35609686967999,85.38097272409695,18972400
2018-07-02,84.10042572021484,84.1084247901151,82.73983277946263,83.01195381007716,11130000
2018-07-03,82.9239273071289,84.66067829022123,82.85189292438069,84.36455390048172,8311700
2018-07-05,83.46306610107422,83.99416224315496,83.31017190381412,83.79298825279925,10723400
2018-07-06,83.7366714477539,84.09073968470057,82.2399362598261,82.98026131338217,12173700
2018-07-09,86.32779693603516,86.47264248012961,84.25972819717464,84.25972819717464,13900800
2018-07-10,85.79670715332031,87.22906534190136,85.72428130615394,86.92327687062372,14575900
2018-07-11,85.61160278320312,86.15074760352728,85.46675726467721,85.54722563289317,10186500
2018-07-12,85.98174285888672,86.55307612592424,85.27361278270112,86.44041920787974,12456800
2018-07-13,85.58746337890625,86.74622753377781,84.60573331873373,86.34387955104108,21289100
2018-07-16,88.98328399658203,89.13617205984093,86.08637966211296,86.14270813580691,24662600
2018-07-17,88.91891479492188,89.2649343469374,88.3153927488025,89.07180901119544,14821900
2018-07-18,89.74773406982422,90.22250785029232,88.6774870335799,88.85452111648858,14244900
2018-07-19,88.42803192138672,89.39366454522967,88.29928376990082,89.36952465053497,16775300
2018-07-20,89.54656219482422,89.91672158626157,88.33951829865529,88.51655238572157,13578100
2018-07-23,91.2122802734375,91.92845914299731,89.26491764248483,89.36952590073942,18140000
2018-07-24,91.85604858398438,92.36300484805957,91.26861780934911,91.37323221733992,14000400
2018-07-25,92.68488311767578,92.95847680368321,91.23642789956847,91.6387758891157,13329100
2018-07-26,92.41932678222656,93.01480005430741,92.20206158138043,92.87800321898419,11897800
2018-07-27,93.36888885498047,93.58616024316456,92.38715861644584,92.68489838792829,12802700
2018-07-30,93.93217468261719,94.64030501201951,93.39302365136446,93.57005776855098,13411600
2018-07-31,92.49979400634766,94.21380025361519,92.39518574639297,94.21380025361519,15843800
2018-08-01,93.07112884521484,93.89996462303834,92.76534048026393,93.1435485278554,13531600
2018-08-02,93.4654541015625,93.54592248443299,92.00090743168106,92.19403277843902,11058100
2018-08-03,94.22183990478516,94.25402847747915,93.2964445320383,93.34472432140805,11016100
2018-08-06,94.2459945678711,94.57591672434252,93.48957838866174,93.98044342333891,9857400
2018-08-07,94.59201049804688,95.18748377648993,94.41497640839934,94.74489855237108,10562100
2018-08-08,94.78514862060547,95.17139928720214,94.3747519154208,94.4149891737238,8997100
2018-08-09,94.05286407470703,94.72881189138937,93.9080185525139,94.55982647205457,9694200
2018-08-10,93.12747955322266,93.30450753284902,92.28254621789895,92.9423967544782,12630600
2018-08-13,91.64682006835938,93.24816326912052,91.59049159816203,92.99066081402657,10336300
2018-08-14,92.25838470458984,92.57221560948189,91.45368881730924,91.95259633824408,10597600
2018-08-15,91.49394226074219,92.00090472265212,90.90651755767512,91.59050800094977,10152100
2018-08-16,92.35494232177734,92.78947882840751,91.9767404198299,92.01697152973463,10118600
2018-08-17,92.35494232177734,92.59635353857486,91.9767404198299,92.2503340688143,8505100
2018-08-20,92.23426055908203,92.58028009526853,91.82386386747864,92.21011452129311,8618700
2018-08-21,92.79756164550781,93.65858629781349,92.44349336777088,92.83779890955775,10976700
2018-08-22,92.51591491699219,92.86998317827945,92.36302068791919,92.78950865391835,8314700
2018-08-23,92.32278442382812,92.66075530568462,92.08137314287698,92.50786108512597,9265400
2018-08-24,92.28256225585938,92.7170989490296,92.09747942494903,92.52397357629114,8845700
2018-08-27,93.91605377197266,94.37473016995955,92.67682140177213,92.7170586508038,13768000
2018-08-28,93.45738983154297,94.17356875650707,93.32059298954826,94.14942885960718,8302600
2018-08-29,93.15160369873047,93.64246871309511,92.82972409498176,93.62637135626915,7221700
2018-08-30,92.69293975830078,93.37693017141352,92.52395432489719,93.01481326611128,8991800
2018-08-31,92.20206451416016,92.41128104330598,91.59049386591612,92.40323850403779,13065700
2018-09-04,92.6607437133789,92.73316340499785,91.43760238061834,92.00893579209267,10174200
2018-09-05,92.2101058959961,93.10331889098852,91.93651222008131,92.54003418213874,11462400
2018-09-06,91.81582641601562,92.2986428619972,91.33300997003407,92.13770609311807,9877600
2018-09-07,91.99283599853516,92.35494670156169,91.43759385717476,92.13768150761429,10955600
2018-09-10,91.50199890136719,92.51591777405517,91.46176777728846,92.41935202544626,8276900
2018-09-11,92.08135223388672,92.20205784695356,91.07548235723382,91.36517337285726,9333800
2018-09-12,90.9950180053711,92.4434670079829,90.80993523859915,91.93651077797018,10800800
2018-09-13,91.34909057617188,91.83995564536079,90.66510017890086,91.22839108321024,12470800
2018-09-14,91.3330078125,92.1296552365178,91.11574256571117,91.58246164017312,10337900
2018-09-17,91.60660552978516,92.08137944432112,91.17207501728691,91.56637440643608,9561300
2018-09-18,91.97675323486328,92.26644427964578,91.38127378761976,92.00089313203797,7944200
2018-09-19,94.64836120605469,95.00242332919373,92.08942726207135,92.08942726207135,16052800
2018-09-20,95.4610824584961,95.95194750032957,95.01850335049984,95.35647419064458,15590000
2018-09-21,94.83344268798828,95.94392733506345,94.7449256178781,95.86345280634904,24788200
2018-09-24,93.92408752441406,95.32425638955965,93.69072502366625,94.7609718286796,12492500
2018-09-25,93.65857696533203,94.92999825474877,93.60224848488161,94.18163064913956,9308300
2018-09-26,92.55613708496094,94.04482969078992,92.26645215479631,93.94826395450595,14023600
2018-09-27,92.15379333496094,93.15162090482556,91.86410839135628,92.87802104233238,13283000
2018-09-28,90.80187225341797,91.92844761528511,90.54436983979191,91.4536800342697,15815100
2018-10-01,91.3330078125,92.22622097917066,90.96284834134684,91.22839952913412,10146300
2018-10-02,91.7112045288086,91.8319101572386,90.77775421758271,91.22033947537831,13753100
2018-10-03,92.57222747802734,93.07114120226956,92.12159968796547,92.49175910685103,17142000
2018-10-04,93.4068603515625,94.65477094969813,92.54791138988992,92.82342717037115,16357400
2018-10-05,92.8801498413086,94.07943636760756,92.39394625149153,93.86064969805824,13777600
2018-10-08,93.44738006591797,93.82013162150629,91.851026846281,92.58032605605621,14370900
2018-10-09,92.79912567138672,93.21239631162466,92.11034539254774,92.9206765870257,14069500
2018-10-10,90.3276138305664,93.14756275643748,90.3276138305664,92.94497996994471,23086400
2018-10-11,87.62109375,90.32760265757896,87.01334546569657,89.92243713471001,33705600
2018-10-12,86.66490936279297,89.80899801254647,85.57096360554125,89.4362464454559,32075700
2018-10-15,86.17060852050781,88.20454136718111,86.15440461830036,86.86749377980885,18903200
2018-10-16,88.0181655883789,88.1478153485049,86.486640316481,86.83508293392704,19302800
2018-10-17,88.99866485595703,89.78468700028897,87.70213635195694,87.82368106925728,18794500
2018-10-18,87.58868408203125,89.00676348194537,87.36179236721868,88.34229223899331,17582500
2018-10-19,87.4428482055664,88.50438016533222,86.92423051751676,87.23216034939031,15234500
2018-10-22,86.18682098388672,87.79127318714913,85.98423819785508,87.63731447375356,16199100
2018-10-23,85.28736114501953,86.02476552481633,84.03134527755016,84.43651088869039,21407500
2018-10-24,83.69908905029297,85.10906324775735,83.39116549844105,84.89027659976635,23168900
2018-10-25,84.9713363647461,85.8140816164965,84.04755922351403,84.42031086099917,17464700
2018-10-26,83.80443572998047,84.72821263264431,83.24531150931674,84.27442922286848,19174900
2018-10-29,84.96324157714844,86.40563040398048,84.03135927977812,84.6472128423858,18445200
2018-10-30,86.46232604980469,86.68922395136747,84.97131979069188,85.66009999044151,18019700
2018-10-31,88.34228515625,89.52537388692369,87.3455814628993,87.58057820078189,20860000
2018-11-01,88.30989074707031,89.31469963404967,87.77506922478929,88.82850218437166,13065000
2018-11-02,87.82368469238281,89.79278956424533,87.10249048908223,89.05539145874808,19009200
2018-11-05,88.39900207519531,88.56107197772602,87.85608181197038,88.0100466737909,10276400
2018-11-06,88.81227111816406,88.86899403752054,87.32126513374558,88.05866308537975,10825000
2018-11-07,90.3357162475586,90.53829902816348,88.60970700011002,89.43624820708602,12679600
2018-11-08,91.06500244140625,91.51068699804637,89.94674780247567,89.95485284414241,11662500
2018-11-09,90.18173217773438,91.04878604704055,89.80898068257173,90.94344524916889,10432200
2018-11-12,88.28557586669922,90.70847044405278,88.00196120212125,90.28709478610607,13279700
2018-11-13,88.8041763305664,90.04398802364656,88.40711584922806,88.40711584922806,13746100
2018-11-14,86.97284698486328,89.71176414610126,85.87890112893801,89.32280864202556,18361400
2018-11-15,89.1931381225586,89.20124316408489,86.55145717749802,87.71023082234652,19100000
2018-11-16,89.12832641601562,89.75228489833715,87.96145369908628,88.69074682879098,13798600
2018-11-19,89.80900573730469,90.10882431578779,88.75557273536535,89.10401538840655,13987000
2018-11-20,87.88040161132812,89.5334777274075,87.49955120357143,88.95814341258118,18936200
2018-11-21,87.22402954101562,88.82038262207084,87.22402954101562,88.35038915186814,10619600
2018-11-23,86.42181396484375,87.02145725412728,85.94371539597627,86.49474079709339,6488400
2018-11-26,88.5367660522461,89.1202053565511,87.07006275049748,87.28885558077928,13948300
2018-11-27,88.90953063964844,89.1607313061392,88.02626651233824,88.1316135136427,9238200
2018-11-28,89.89813995361328,90.27089154153846,88.22075471678197,88.97436293520393,13977300
2018-11-29,89.18502807617188,89.78467746876088,88.84469053918995,89.35519684466284,11144300
2018-11-30,90.1007080078125,90.20604881467328,88.79607457224684,89.01486122721462,18652700
2018-12-03,90.9515609741211,91.47827742582668,90.54639542393767,91.0650068335856,16034500
2018-12-04,86.89179992675781,90.43294260619625,86.48663440774946,90.43294260619625,23555900
2018-12-06,85.23871612548828,85.37647090567906,83.3668473936949,85.09285630459964,27213900
2018-12-07,83.69908905029297,86.68921239429065,83.39116549844105,85.21441023359381,19248600
2018-12-10,82.13516235351562,83.86116540371846,80.44967214968231,83.35876406885322,23636400
2018-12-11,81.33291625976562,83.99890571512857,81.20326034569283,83.56942513651312,16860700
2018-12-12,81.85964965820312,83.38307616955517,81.08173249983307,82.37826727945252,22621500
2018-12-13,81.94068145751953,82.62946164260204,81.576028760239,82.28912407100864,17250900
2018-12-14,81.26809692382812,82.60514431345308,80.91965434571173,81.02499515031998,19879500
2018-12-17,80.23088836669922,81.48689793156537,79.76899986152,80.84673558538084,25113500
2018-12-18,79.85002899169922,81.75430587972033,79.50969140640233,80.56311814884543,20837200
2018-12-19,78.83712005615234,81.50311034006121,78.2779895720298,79.74469318971798,28767900
2018-12-20,78.15642547607422,79.63933274673651,77.54057834372414,78.28608140857011,31825200
2018-12-21,76.30889129638672,79.76090410574012,75.91993576375737,78.34282443742477,41313900
2018-12-24,74.66389465332031,76.34938454502122,74.66389465332031,75.27164287733736,17009300
2018-12-26,77.75936889648438,77.75936889648438,73.8292644353059,75.10958901232001,22542900
2018-12-27,78.634521484375,78.72365838953141,75.80646800735678,76.83558566370576,20304700
2018-12-28,78.46437072753906,79.67176247137107,78.14834205755844,79.37193770498644,17963300
2018-12-31,79.10453033447266,80.06882021417093,78.41574390025599,79.08021520642744,13237200
2019-01-02,80.47396087646484,80.85481739420302,77.74314966025858,77.75124851809633,15670900
2019-01-03,79.33029174804688,80.78439350466591,78.98719034688669,80.58016558980276,16286400
2019-01-04,82.25485229492188,82.45090938457135,80.28609183757276,80.96413013693268,16935200
2019-01-07,82.31201934814453,82.89202586997115,81.4542596252433,82.04243700865656,15430700
2019-01-08,82.15682220458984,83.17796198849523,81.32357488324182,83.02274674692798,13578800
2019-01-09,82.01793670654297,82.90836747639145,81.63398720668474,82.35286726580667,14230300
2019-01-10,82.0097885131836,82.28754181152233,81.09484490386181,81.7075288540445,14376100
2019-01-11,81.61766815185547,81.83006075121926,80.83342726982175,81.60132642418566,15439900
2019-01-14,82.45907592773438,82.80217737478134,80.59651809228835,80.76806881581183,21258500
2019-01-15,83.06361389160156,83.70897513102354,80.54752339089049,80.78442862302342,26504900
2019-01-16,83.73345947265625,84.50952318938585,83.16162370585995,83.52923152272294,18533000
2019-01-17,84.0765609741211,84.55037131400978,83.25964917398574,83.41486441042503,14247600
2019-01-18,85.44081115722656,85.69405807999246,84.0030507254304,84.77094366007017,16428700
2019-01-22,84.0929183959961,84.62390617915715,83.43121547625307,84.20728557075789,17083700
2019-01-23,83.8805160522461,84.71376346690992,83.30050933793771,84.50137085550234,12146700
2019-01-24,83.92950439453125,84.21542223648777,83.27597878899373,83.43118777031783,11296800
2019-01-25,84.46050262451172,85.21205991459264,83.92950875753692,84.55853427508212,14369400
2019-01-28,84.86077117919922,85.15485984137823,83.80695451181457,84.05203047447728,12283100
2019-01-29,85.09770202636719,85.8656011246576,84.73826506693675,84.86079685279796,9743300
2019-01-30,85.29374694824219,85.97177886972368,84.77908862848324,85.07317731619088,12526300
2019-01-31,84.55036163330078,84.79543763829804,83.92134236153564,84.47684257132663,17520600
2019-02-01,84.86077117919922,85.65317639492928,84.56668251702021,84.95880281077243,13000800
2019-02-04,85.16304016113281,85.16304016113281,84.15007145252922,84.78726154717569,9871500
2019-02-05,84.78726959228516,85.40812425503567,84.37881372541754,85.38361166768841,12763000
2019-02-06,84.74641418457031,85.46530043692215,84.52585077785233,84.72190783188402,8745000
2019-02-07,83.63543701171875,84.55038057176642,82.86754407364072,84.34615259937085,13177500
2019-02-08,82.80216979980469,83.60273976967588,81.7401821046219,83.39034721667261,12892600
2019-02-11,82.41007995605469,83.33319450084771,82.32021913784396,83.12896650174042,10978500
2019-02-12,83.8151626586914,84.07657422663786,83.2351559370772,83.28416865839735,12852300
2019-02-13,84.21543884277344,84.83629358811957,84.06022983084397,84.06022983084397,10754100
2019-02-14,83.66809844970703,84.22359867911955,82.7940031420696,83.70894652949666,11518500
2019-02-15,86.22503662109375,86.34756839601907,84.681073931615,84.8771310040375,14716900
2019-02-19,85.92279052734375,86.07800577668075,84.80361902444483,85.70222706529802,12764900
2019-02-20,86.33940887451172,86.42926966980174,85.67770608805405,85.94728847392413,10030300
2019-02-21,86.1596908569336,86.58448226202225,85.74306408263365,86.143349130271,8400100
2019-02-22,85.77572631835938,86.66615705709195,85.59600475172378,86.3475620007985,10647300
2019-02-25,86.67436218261719,87.63014772933329,86.33943150265463,86.38844422837015,11230700
2019-02-26,86.01263427734375,86.15967863373345,84.90980472069184,85.36727328166349,15465400
2019-02-27,85.90646362304688,86.08617901664631,85.37546960922714,85.92279911972189,9968800
2019-02-28,85.25291442871094,85.94728819983942,85.1058700580273,85.78390833576529,15156900
2019-03-01,85.31011962890625,86.51915212016566,85.12222712830571,85.85744916808888,13813300
2019-03-04,85.1140365600586,86.52729038626244,84.36247301921502,85.7103786426628,12466300
2019-03-05,85.04869079589844,85.40813399414273,84.35431698955227,85.06502629011744,10856600
2019-03-06,84.73008728027344,85.42446101776625,84.59121377928327,84.8444544260938,9070800
2019-03-07,84.11742401123047,84.52587998391195,83.45572732990041,84.34615835872513,12705700
2019-03-08,84.15009307861328,84.32981468637612,83.31683948490249,83.31683948490249,10582400
2019-03-11,85.2447509765625,85.40813708738304,84.68108603372453,84.94249757849451,9763200
2019-03-12,84.99148559570312,85.60416931000385,84.75458047826858,85.4407832466657,10219100
2019-03-13,85.27743530273438,85.75941657912766,84.91799206152876,85.11405541084639,13022200
2019-03-14,86.053466796875,86.48643518948973,85.33458681718105,85.36726402978637,10926500
2019-03-15,87.04195404052734,87.24618198878524,85.9636307230274,86.11067509507478,24811700
2019-03-18,87.56478118896484,88.05492704122234,87.00111003097027,87.04195811555115,12935500
2019-03-19,87.24620056152344,88.55325846210842,87.04197256979003,88.38987232919548,12889300
2019-03-20,85.38362121582031,87.12364739208383,85.2937666489999,86.94392579335778,14920700
2019-03-21,84.03572845458984,84.54220983808405,83.5537471980709,84.54220983808405,19751000
2019-03-22,81.49510192871094,83.58639360380484,81.29903865976527,83.17793780897927,31115200
2019-03-25,80.81707000732422,82.15680461842632,80.13086097850484,81.35622845689394,21032300
2019-03-26,81.62583923339844,82.01795970540151,80.72723734938141,81.54414928622298,15987100
2019-03-27,81.34808349609375,82.05879281656789,80.93962757120781,81.59315331149963,12753200
2019-03-28,82.27117919921875,82.34470449549987,81.4787738275834,81.69117262151104,12454100
2019-03-29,82.69596862792969,83.31681699116743,82.17313944079811,82.94920924365715,14523400
2019-04-01,85.48165130615234,85.51432852645986,83.42303628711798,83.447542644213,17499300
2019-04-02,85.89009094238281,86.13516693199718,85.22839449598189,85.44895790060176,10295400
2019-04-03,86.06165313720703,86.88673576440287,85.60418454353433,86.43743180094421,11499200
2019-04-04,86.8930435180664,87.03298593541317,85.97933251417196,86.06165379975205,11952100
2019-04-05,86.68724822998047,87.34578079801976,86.42383645881117,87.09060241101474,9933700
2019-04-08,86.9671401977539,86.9671401977539,86.35800156041353,86.52263158772725,8056300
2019-04-09,86.32506561279297,86.59670450250476,85.81470253110086,86.4979290081486,9092200
2019-04-10,86.7119369506836,87.02474272802286,85.99578957673661,86.5390735748953,10882300
2019-04-11,87.44457244873047,87.85615378020665,86.89304869157553,87.01652434706493,11183800
2019-04-12,91.54393005371094,92.07075371923307,89.62595931004542,90.08693472755239,25834100
2019-04-15,90.4985122680664,91.37106274951326,89.8235190827478,91.30520822405944,15163800
2019-04-16,91.45335388183594,91.69207176408646,90.43263412481046,90.46556137893795,11583200
2019-04-17,94.08750915527344,94.3838482612927,91.37930282985133,91.94728088286018,17791900
2019-04-18,93.39603424072266,94.62254484028308,93.28902535627533,94.27681803185386,12501900
2019-04-22,93.51126861572266,93.78291377665516,92.73750005459509,92.87743618711228,7975900
2019-04-23,93.62653350830078,94.14513008275901,92.8939191312802,93.01739480520996,9193100
2019-04-24,93.47013092041016,93.96402730456597,92.86098597572584,93.23141297401764,9245700
2019-04-25,93.51949310302734,93.96400161129229,92.60578221607686,93.02559685392124,9311800
2019-04-26,94.2274398803711,94.31798828421641,93.51128603547632,93.79939173851446,7889300
2019-04-29,95.58565521240234,96.44174517606803,94.21096872715316,94.33444438849367,14242200
2019-04-30,95.52803039550781,96.07954787732466,94.87773113237624,95.84082994932197,11389100
2019-05-01,94.79541778564453,96.310034110998,94.7542571393159,95.25638687940726,10412900
2019-05-02,95.00118255615234,95.30574864711033,94.31795620685924,94.8036190439172,8613300
2019-05-03,95.58565521240234,96.04662431582501,95.21522822838084,95.48687342728334,8185400
2019-05-06,94.73779296875,95.0505988168735,93.61006407909692,93.98871817082737,9387000
2019-05-07,93.19024658203125,93.8652397308329,92.43293842098217,93.8652397308329,15017700
2019-05-08,92.69634246826172,93.56889282945845,92.57286682011085,92.73750311105611,9575800
2019-05-09,92.62225341796875,92.80335019564524,91.02532223712548,91.48629128558758,12205900
2019-05-10,92.61402893066406,92.88566782462213,90.99239755048929,91.98842357562204,13189000
2019-05-13,90.09513854980469,90.9183010994794,89.70825742685233,90.61373497544814,13783700
2019-05-14,90.8113021850586,91.96373113699683,90.13630907153131,90.17746971562046,10503600
2019-05-15,90.46558380126953,91.28874651778656,89.40370314333457,89.89759951719817,10142000
2019-05-16,91.626220703125,92.3341409929212,91.03354266699499,91.05824281869357,9672700
2019-05-17,91.18171691894531,91.98841901680196,90.40794835839986,90.54788449081177,9570100
2019-05-20,91.65916442871094,92.03781851311611,90.85246850809256,91.02533191965364,8518200
2019-05-21,91.97197723388672,92.12837388653045,91.55216247103581,91.73325928168653,7967900
2019-05-22,91.22289276123047,92.02136160781174,91.16527162179847,91.70032864808591,7918900
2019-05-23,89.42839050292969,90.37502881398497,88.48998557690484,90.25155315945904,14558000
2019-05-24,90.30918884277344,90.5149795400581,89.88114695572416,90.15278590316231,8537300
2019-05-28,89.32962036132812,90.40796785242935,89.26377211320376,89.88937129190302,11665500
2019-05-29,89.0826416015625,89.2308110942004,88.12777014228902,88.44880299629932,9966400
2019-05-30,88.1277847290039,89.87289167778209,87.69974294621869,89.43661651064558,10367800
2019-05-31,87.2223129272461,87.74090313162237,86.30036850590012,86.89304661389164,10952800
2019-06-03,87.63390350341797,87.96316985154445,86.67903800210776,87.09061936720754,11680700
2019-06-04,90.33389282226562,90.46560189776699,88.18543719996617,88.77811547925351,12858600
2019-06-05,90.6549301147461,90.86072084473709,89.42841912246551,90.43267888965909,8340500
2019-06-06,90.85247802734375,91.2640594161562,89.66712161788915,90.6713812114289,8726700
2019-06-07,89.85643768310547,90.56435178267321,89.69180138534225,90.30093998648466,10618900
2019-06-10,90.82776641845703,91.54392020559317,90.72899091694363,91.16526612924861,11380600
2019-06-11,91.107666015625,91.84028046198047,90.85248753752467,91.22290831413703,9847700
2019-06-12,89.94699096679688,91.28875026920713,89.63419138255014,91.12411395099828,9670500
2019-06-13,90.16925811767578,90.67962133862677,89.76591008512084,90.10340358331422,8406900
2019-06-14,90.39971923828125,90.79484006163592,89.42015370472694,90.19392858200395,9077400
2019-06-17,89.90583038330078,90.85246873681334,89.77412133783717,90.30094495922569,8128600
2019-06-18,91.13233184814453,91.70854944359166,89.70826404901406,89.73295792249007,11057300
2019-06-19,90.47381591796875,91.85672323329776,90.30094622331958,91.22289071377196,13126500
2019-06-20,90.70429229736328,91.44513364089596,89.7494206311254,91.27227024205618,13638000
2019-06-21,90.0869140625,91.92256308465817,89.79880213756064,90.70428599268658,27089500
2019-06-24,89.44486999511719,90.35857489601086,89.34608820139974,89.95522689540671,13039600
2019-06-25,88.70401763916016,89.70827717568314,88.62992972765878,89.46132584432287,18660100
2019-06-26,89.29670715332031,89.97992753376901,89.03329529718448,89.14853759172928,10324600
2019-06-27,89.59303283691406,90.17748392998881,89.2637727532309,89.59303283691406,10906600
2019-06-28,92.02957153320312,92.54816165589132,91.28872401491174,91.40396626439801,21634700
2019-07-01,93.57713317871094,94.26858681144674,93.08323682958067,93.20671248692145,12724500
2019-07-02,93.67589569091797,94.00515566911878,93.19845993020266,93.43717781056031,10174900
2019-07-03,93.52669525146484,94.39713768809398,93.06246265843316,93.95776747003788,6849400
2019-07-05,94.08212280273438,94.72873433080824,93.60959850724231,94.09870615328222,7929400
2019-07-08,93.56816101074219,94.07384572711608,93.26143224557741,93.64276712068472,6917200
2019-07-09,93.966064453125,94.08212260793924,92.97127846194721,93.07904494150469,8947300
2019-07-10,93.69249725341797,94.36398381424776,93.46038094091195,93.98264896874568,9242300
2019-07-11,94.58778381347656,94.80332304381571,93.77537693131855,93.98262448845793,11595200
2019-07-12,95.58258819580078,95.62403391775172,94.44686915948051,94.6126646966729,10783400
2019-07-15,94.42201232910156,95.80642484521469,94.1152835895797,95.78155614397956,12946600
2019-07-16,95.43335723876953,95.7483712482377,93.60957494398698,94.07381377204275,16945000
2019-07-17,94.49661254882812,95.28415721217515,94.28107960174744,94.8613703434181,13120900
2019-07-18,95.06033325195312,95.39193069643304,94.13186799704361,94.44688209071717,9397200
2019-07-19,94.12356567382812,95.43337195276843,94.00750753009362,95.24270138823631,10402800
2019-07-22,94.7287368774414,94.87795541290804,93.48525119011786,93.60131567298771,9061100
2019-07-23,96.46133422851562,96.53594033699855,95.18468811090047,95.23442551655575,12752200
2019-07-24,96.85095977783203,96.89240550722081,95.76497794284006,95.81472167268026,10011000
2019-07-25,95.92247009277344,97.19082428264724,95.59916437083284,96.90067893278956,10138400
2019-07-26,96.34526062011719,96.58566858340309,95.77325524799919,95.97221116342064,12800400
2019-07-29,96.03854370117188,97.14110253290907,95.98880629738368,96.54422838866952,8500400
2019-07-30,95.82300567626953,96.22921556155761,95.13494839089283,95.4914145470402,7121100
2019-07-31,96.16287994384766,96.31209845881726,95.2178314572716,96.24577771334313,13648000
2019-08-01,93.62615203857422,96.82605460809344,93.34429209128695,95.60743804344582,15664500
2019-08-02,93.61788940429688,94.03238461881608,92.3495350598193,93.17852548885772,11025500
2019-08-05,90.83248901367188,92.00136865686345,89.75479883163833,91.84385843764585,15855300
2019-08-06,91.54541015625,91.60343923128202,89.81281693081702,91.23039608103257,10203500
2019-08-07,89.55583190917969,89.76307950920082,87.82324500885656,89.53096320912833,17320900
2019-08-08,91.0728759765625,91.25525485674157,90.12782752899288,90.40139584926149,10903300
2019-08-09,90.97342681884766,91.56200938682716,89.77139297680023,90.65012099030535,9980800
2019-08-12,89.26568603515625,89.95374958130736,88.8760595373431,89.89572050661359,9393700
2019-08-13,90.64179992675781,91.46250490977664,88.72683428243582,89.4895038704686,12124700
2019-08-14,86.87820434570312,88.62737475465003,86.58805261957716,88.12169005871588,19491800
2019-08-15,87.20977783203125,88.18798664801382,86.4968456615002,86.8947637920245,13365600
2019-08-16,89.2988510131836,89.5143902980262,87.76521996748133,88.17971518657357,11830600
2019-08-19,90.10294342041016,90.9816709749452,89.87911253313115,90.88218987785531,8265400
2019-08-20,88.95895385742188,89.89571701570905,88.90092478498153,89.40660941254508,8374000
2019-08-21,89.20765686035156,89.88742873087077,89.07501536137475,89.70504983212504,8189300
2019-08-22,90.1278305053711,90.5837713961816,89.47292737977972,89.83768515218361,9343400
2019-08-23,87.8895492553711,90.17756426553777,87.13517136750201,89.53095284030883,14762300
2019-08-26,88.59420776367188,88.69368256548267,87.88127550211817,88.38696016030615,8209500
2019-08-27,87.65744018554688,89.16620240996367,86.91134758562767,88.99211519076495,14331800
2019-08-28,88.53619384765625,88.87607668653239,87.07716869921994,87.11032908039985,10585500
2019-08-29,90.54234313964844,91.09776525498974,89.54755074793276,89.647031884513,10002200
2019-08-30,91.0728759765625,91.65316666377396,90.74957026158837,91.05629262853124,10170300
2019-09-03,89.99519348144531,90.35165959724905,88.96724718284406,90.34337424724279,9868800
2019-09-04,91.08116912841797,91.37131447673146,89.99518750373855,90.73298838574753,6929200
2019-09-05,93.15364837646484,94.27278408967337,92.1837248553026,92.22517690288956,13224700
2019-09-06,93.35260772705078,93.65933644627991,92.8137627120568,93.39405977616367,7836600
2019-09-09,95.66549682617188,96.2126272207829,94.1733115232417,94.26450097645937,13985100
2019-09-10,96.88414001464844,97.21573121650738,95.93909117501758,96.41161559483301,14333100
2019-09-11,97.14938354492188,97.15766889484694,95.64890667349172,96.90068390388859,9919200
2019-09-12,97.74625396728516,98.21048653350765,96.09655863788356,96.61882659957823,12283500
2019-09-13,99.6695327758789,99.81045964603155,98.44262402620201,98.64987165573086,16257200
2019-09-16,98.78250122070312,99.37108365837653,98.13588338207666,98.56696194116097,11993900
2019-09-17,98.29338073730469,98.32654110864557,97.19082210782298,98.16903092594987,10735400
2019-09-18,99.27989196777344,99.54516864249936,97.61361949465709,98.08614376915936,10665600
2019-09-19,98.96488952636719,99.76071969495541,98.72448150803908,99.23016624922992,9382600
2019-09-20,98.56696319580078,99.76070511183272,98.54209449490148,99.2633121197615,21862800
2019-09-23,98.55036926269531,98.74933149791453,97.5555833853767,97.63848115437087,9135100
2019-09-24,97.26544952392578,98.86540132086294,97.02504153815133,98.44261442693579,11696500
2019-09-25,97.82085418701172,98.1192911972866,97.09134500894757,97.21568849265044,9389400
2019-09-26,97.01676177978516,97.86233567150438,96.95044101872955,97.72140247308725,9899200
2019-09-27,97.5887451171875,98.35141472206764,97.22398733889942,97.78770103048353,10207800
2019-09-30,97.5638656616211,98.45917033508782,97.17423922771641,98.11928761754345,9755000
2019-10-01,95.7898178100586,98.64983140061946,95.67375969085684,98.1524385576558,11250300
2019-10-02,93.88316345214844,95.25099888658892,93.61788677529353,95.17638646122933,12548700
2019-10-03,93.74945831298828,94.35111374535055,92.3539494836193,93.8163039579711,12735200
2019-10-04,95.78003692626953,96.0474386175295,93.81629878302998,93.87479270376312,9453100
2019-10-07,95.57112884521484,96.51538966979872,95.32043697125351,95.42071499590989,6771600
2019-10-08,93.44027709960938,94.4764579644794,93.3065794277035,94.4764579644794,10806300
2019-10-09,94.11712646484375,94.56001629357873,93.64917509906698,94.15055247316484,7273700
2019-10-10,95.43741607666016,96.43181901023105,94.42630332818895,94.54329115856687,10994100
2019-10-11,97.05020904541016,98.59612552199613,96.82459142194831,96.95828910149898,15076500
2019-10-14,97.30924987792969,97.66021982427495,96.64910684575466,96.80787243718508,8779000
2019-10-15,100.24232482910156,101.6044014829419,98.49585856206754,99.31477362376178,23379000
2019-10-16,100.00833129882812,100.79382658076453,99.75763941618817,100.2423069891004,11087700
2019-10-17,100.56822204589844,101.58769321511762,100.17547432903262,100.90247582889236,10818500
2019-10-18,100.74369812011719,101.12808771733098,100.15875881465278,100.27574667574567,10417400
2019-10-21,103.24225616455078,103.42608970682052,101.93866691924059,101.98880913564258,12714600
2019-10-22,104.2784194946289,104.53746312969731,102.88291690356455,103.15867035767988,12549100
2019-10-23,104.55416870117188,104.57923661487538,103.76031530685655,103.78538322056008,8828300
2019-10-24,104.47896575927734,105.00541748464073,103.67676058887974,104.69623165189334,8020500
2019-10-25,105.31459045410156,105.8326840506194,104.24498362613146,104.45389140894936,9055700
2019-10-28,105.71570587158203,106.30064516682992,105.62378592870591,105.76584170392894,9522200
2019-10-29,105.64884948730469,106.47612256370805,105.23939199751958,105.33966365807763,9797300
2019-10-30,105.06392669677734,105.50681026800694,104.38706100503617,105.33132845914395,8513700
2019-10-31,104.38705444335938,105.06392009255337,103.5012873565787,104.86336400186451,11589100
2019-11-01,106.7936782836914,106.95244388889513,105.30624927576163,105.45666315856978,11682600
2019-11-04,107.64601135253906,108.14738239438586,107.42873909209123,107.8632708622674,9159900
2019-11-05,107.87998962402344,108.88274448231078,107.66271735840265,108.12231705407763,13747600
2019-11-06,108.047119140625,108.49835438845847,107.44546364303335,107.53738358712987,11231100
2019-11-07,108.6320571899414,109.71001583943233,108.56520516312268,108.99137248953159,13528900
2019-11-08,108.94959259033203,108.96629603268725,108.00532531776854,108.53177701850313,9293400
2019-11-11,108.56519317626953,108.71561340768359,108.08889007001605,108.29779784923856,8679000
2019-11-12,107.93013763427734,109.15015214514467,107.8047852936455,108.32288535029221,9099000
2019-11-13,107.36189270019531,107.64601699793393,106.47612567083186,107.06942943145994,8023300
2019-11-14,107.462158203125,107.66270149480145,106.61816268159346,106.72679879839683,8483400
2019-11-15,108.23928833007812,108.23928833007812,107.29502116820204,107.98859646622313,10163600
2019-11-18,109.15013885498047,109.17520676991032,107.7880687244869,108.26437185887357,8749300
2019-11-19,109.11673736572266,109.67660881013347,108.78247719320153,109.45934926103611,8824500
2019-11-20,108.3228759765625,109.15014269982736,107.7462884114263,108.88274734758342,11782800
2019-11-21,108.57355499267578,109.23371077680481,108.12231975791428,108.63205529664272,7705500
2019-11-22,109.29220581054688,109.65153387918903,108.71563095742138,108.7574023194338,8167900
2019-11-25,109.87715148925781,110.36181911715715,109.3590514728301,109.67659541024835,10068500
2019-11-26,110.0275650024414,110.15291734019743,108.93289010659859,110.15291734019743,10490700
2019-11-27,110.35346221923828,110.66264170538614,110.01085034226728,110.54565383894739,6607900
2019-11-29,110.10275268554688,110.64592056844096,109.84370907633361,110.19467261953085,5712000
2019-12-02,109.86042785644531,110.92168298276002,109.76015619909002,110.5623549593712,8615600
2019-12-03,108.44821166992188,108.59863191012964,107.4538085425739,108.43985994852353,10361300
2019-12-04,110.58743286132812,110.69606900042069,108.62370714002458,108.94960280658171,10318200
2019-12-05,111.18905639648438,111.39796414193117,110.45369705228228,110.87151254317585,9587400
2019-12-06,112.84363555908203,113.46200725883018,112.51773988978573,112.55117227935085,10170600
2019-12-09,112.31720733642578,113.19462276128235,112.31720733642578,112.50104724451847,8498200
2019-12-10,112.39238739013672,112.61801136625138,111.03866903488715,111.34784847387151,7532900
2019-12-11,112.12496948242188,112.8269092631921,111.98291373234356,112.21688940902762,9011900
2019-12-12,115.33380889892578,115.7098403467383,112.15005642301094,112.3840321127929,13717400
2019-12-13,114.32270050048828,116.01067906617281,113.82968116099033,115.2753195423657,10592100
2019-12-16,114.76558685302734,116.01903366291376,114.74888340941416,115.6346504482853,11372000
2019-12-17,115.4675064086914,115.87697026323778,114.67365936480878,115.09147494061222,11546800
2019-12-18,115.35053253173828,116.16946034004077,115.08313716120435,115.44245247957953,10381500
2019-12-19,114.77391815185547,115.500913011232,114.56501041058941,115.11651715698716,9350400
2019-12-20,114.68204498291016,116.05247981420996,114.39792064842759,115.33383638128922,29992600
2019-12-23,114.6485824584961,115.24188613992106,114.38118714132769,114.98284254335469,9738400
2019-12-24,114.96612548828125,115.00790959241468,114.5315937565867,114.7572177183325,3324300
2019-12-26,116.1861801147461,116.23632870757064,115.13328917844143,115.22520913920219,6770900
2019-12-27,116.26972198486328,116.79617370899032,115.87697430983516,116.4034260339622,7868200
2019-12-30,115.84354400634766,117.05520655678005,115.70983996955985,116.90478632771409,6963000
2019-12-31,116.48700714111328,116.55385918037729,115.55945581624968,115.74329573654501,7201600
2020-01-02,117.89922332763672,117.90758780154353,116.37001643721483,116.81290002971313,10803700
2020-01-03,116.3433609008789,117.09184668179886,115.28371076698781,115.63692747828485,10386800
2020-01-06,116.25086212158203,116.28450914453764,114.79594277694515,114.84640047879925,10259000
2020-01-07,114.27452087402344,115.93968907365868,114.2240631759403,115.45190993789112,10531300
2020-01-08,115.16596984863281,115.704206661086,114.03903852764923,114.12313041025195,9695300
2020-01-09,115.58647918701172,116.25086030534295,115.25007312560803,116.09948720214562,9469000
2020-01-10,114.43433380126953,115.42670293829515,114.215666624746,115.3930687440658,10190900
2020-01-13,115.3846435546875,115.3846435546875,114.17360731477984,114.53524225180394,12355200
2020-01-14,116.730224609375,118.37856926177686,115.79671871806343,116.00696767707434,24906000
2020-01-15,114.9809341430664,116.56201017941282,114.50156043020883,115.93126339885882,16293400
2020-01-16,115.42668914794922,115.97333135878759,115.08187774353523,115.59488576416263,10783800
2020-01-17,116.2256088256836,116.30129536254609,115.48554129984484,115.67054855687206,14697700
2020-01-21,115.08184814453125,116.11628209171722,114.95570392296025,115.37620177163151,8474200
2020-01-22,114.94731140136719,115.55282946516931,114.69502290193199,115.41827987633013,7549100
2020-01-23,114.82955169677734,114.9977611093789,113.29894613619975,114.13153653130212,9345700
2020-01-24,111.97859191894531,114.73705727108846,111.28057665845502,114.6865995734702,15166400
2020-01-27,111.03667449951172,111.80198375768954,109.08557091553622,109.55652651054487,12860500
2020-01-28,113.05503845214844,113.50918328690919,111.41509951012387,111.71785845577264,13062800
2020-01-29,112.88685607910156,113.98855845985048,112.432724019833,113.37463515465771,9326000
2020-01-30,114.28292083740234,114.48476445281928,111.5917367947321,111.5917367947321,9048900
2020-01-31,111.31422424316406,113.39148526231168,110.5657383623937,113.10554971967575,12785200
2020-02-03,112.16358947753906,112.89526444360989,111.56648973235298,111.56648973235298,10021100
2020-02-04,113.77830505371094,114.8800202237695,113.6017031391553,113.99697215326248,9157100
2020-02-05,115.71263122558594,115.8303701468547,114.38385606693558,114.85482458459063,10150700
2020-02-06,115.72945404052734,116.30132513107803,115.30895606244718,116.25928559933392,8992300
2020-02-07,115.35939025878906,115.7798881511806,114.62772803245248,114.98935006027213,6379800
2020-02-10,115.83878326416016,115.93129332916138,115.00619267914925,115.17438929753888,5960700
2020-02-11,116.05742645263672,116.74704920423919,115.87240634038133,116.2760807523121,6578600
2020-02-12,116.05742645263672,117.14230544488132,115.88922985038042,116.5620290919838,7958000
2020-02-13,115.95650482177734,116.34335570290457,114.71182180034648,115.84717126153042,7447500
2020-02-14,115.60330200195312,116.21722541552096,115.16598054105185,115.92287171763799,6627600
2020-02-18,114.07266998291016,115.81353745135866,113.57648553992749,115.50236027870343,8996400
2020-02-19,115.62852478027344,116.38541591711255,114.66137184700304,115.14074564422529,7071200
2020-02-20,115.62852478027344,116.36018706805648,114.82116311274379,115.3593999469041,7422800
2020-02-21,114.21562194824219,115.14912767207178,113.46713630175363,114.83796337498717,9772800
2020-02-24,111.14601135253906,112.02064136452522,110.00225651681691,110.54049333171099,13618400
2020-02-25,106.1841049194336,111.20484319871764,105.62063299812961,110.1704222168255,20797200
2020-02-26,106.50370788574219,108.44640613576568,106.25140657854669,106.74759743835416,24825600
2020-02-27,102.07167053222656,105.64590296153398,102.01280107827777,103.36680493538914,23005500
2020-02-28,97.64801788330078,99.64958547560381,94.74658508743141,98.83381856450109,45931400
2020-03-02,102.19779968261719,102.24826379018259,96.26037180091474,98.0853310200374,27355400
2020-03-03,98.36286163330078,103.40042435277543,97.7573436698757,101.73525636964482,32547700
2020-03-04,100.79334259033203,101.07928449098249,96.4622130555183,99.51503183245724,25795900
2020-03-05,95.8482894897461,97.9171383259977,94.67930587596517,97.27797974052766,25025600
2020-03-06,90.89483642578125,92.77866540405694,88.32138466493645,89.36422417787799,38159400
2020-03-09,78.5826416015625,83.45200755757173,78.21260143403872,81.21495587759706,40352000
2020-03-10,84.68827819824219,85.17605732348979,79.54138778351208,83.25858784221472,31102700
2020-03-11,80.70195007324219,84.14162597066118,79.51614942170762,82.16528085762313,38127000
2020-03-12,74.04969024658203,81.5429602460501,72.59476454225042,75.34481826324908,49725200
2020-03-13,87.38787841796875,87.45515320694433,77.37161515840447,80.7271866714309,38543300
2020-03-16,74.31038665771484,79.03678518907707,71.10619483122811,71.65283694801472,38589700
2020-03-17,78.8517837524414,81.94664917118386,73.5871471964539,76.4381230145333,35239800
2020-03-18,70.5511245727539,76.353995841633,67.58241095454194,73.7300871034884,41525600
2020-03-19,71.7369384765625,74.10013442929673,64.68098480129234,68.59160982045073,32175100
2020-03-20,70.22315979003906,75.2354947368344,69.36534676906474,72.57795094831674,30150800
2020-03-23,66.46390533447266,70.43340703201778,65.67336713069169,69.53354167046926,32536600
2020-03-24,74.36924743652344,75.77370866705863,69.71854240291584,71.40053374476526,34363200
2020-03-25,77.14453125,80.02073473810553,71.09777067297975,75.05044753092918,38111700
2020-03-26,82.51851654052734,82.89696211306381,78.66675394093144,79.12089247774875,29826300
2020-03-27,76.63995361328125,79.76004761425672,76.15218087048619,78.37240952032474,30041500
2020-03-30,78.63309478759766,79.12927915082427,75.1009155561672,76.23625842224929,21656900
2020-03-31,75.71483612060547,79.19655754209593,75.13454707826122,77.41365089930203,23379300
2020-04-01,70.94639587402344,72.79658379818618,70.01289015860567,71.56873087887269,28029600
2020-04-02,73.59554290771484,73.93194250481626,69.76900952122737,70.23155976927791,24018000
2020-04-03,71.42022705078125,74.33481826654896,70.33256084000313,73.07720765441104,21199400
2020-04-06,76.01728057861328,77.31737389049589,74.5217453944193,75.61790415303626,26820800
2020-04-07,77.01998138427734,80.29995906691764,76.79904846473642,80.25746972290311,22563800
2020-04-08,80.1300048828125,80.60585435950712,76.94349895931195,78.2605841845811,22903300
2020-04-09,87.31875610351562,88.7038215926338,82.3308101371828,82.3563011457306,42055900
2020-04-13,83.43545532226562,87.61614864341742,82.6791919302144,87.61614864341742,26911900
2020-04-14,81.14968872070312,86.6729659634735,79.56918117567332,85.84022284975198,46151300
2020-04-15,77.1474380493164,78.20110758794159,76.58660986205513,77.4533431545565,30118600
2020-04-16,74.20735931396484,76.96049890645396,73.96943455057195,76.67159211746647,32449600
2020-04-17,80.87779235839844,81.31965178674625,77.2919089649766,78.17563430463697,30191900
2020-04-20,77.92918395996094,80.47838856375277,76.86701537504767,78.57498427481771,23679400
2020-04-21,75.66890716552734,77.64878486232163,75.05709690543353,75.30352084258041,23035000
2020-04-22,75.9153060913086,78.06514064248063,75.77935189056065,77.06245329048592,16662400
2020-04-23,75.95780181884766,77.56380025331329,75.84733861625746,76.25520773579262,16638800
2020-04-24,77.0794448852539,77.41084094702319,75.19303254412894,77.01996370706358,15809200
2020-04-27,80.40192413330078,81.26015177393153,77.78473890435794,78.12463418446119,22870200
2020-04-28,80.97123718261719,83.57992299489393,80.75030429943496,83.11256621950128,20238900
2020-04-29,83.15507507324219,84.5061507325396,82.65372800715686,84.19175290345144,20462600
2020-04-30,81.37063598632812,82.28834497849809,80.34245728071004,81.23467525684256,19127600
2020-05-01,79.23775482177734,79.65412297826597,78.03962587297274,79.45018848081696,18547700
2020-05-04,78.2945556640625,78.74491402310767,77.15591426443596,78.19258516499212,15725900
2020-05-05,78.17559814453125,80.05351119156947,78.09062596487954,79.57766179915052,18064100
2020-05-06,76.70557403564453,78.82141881029622,76.41666725334966,78.3115791172701,20978000
2020-05-07,77.50432586669922,78.94887920605416,76.96899516925221,77.61478907897653,16771900
2020-05-08,78.77041625976562,79.94305447592807,78.269075821175,78.8553949292562,20487800
2020-05-11,76.4506607055664,77.4193581087016,75.90683081198047,77.4193581087016,31907600
2020-05-12,73.95243072509766,77.14743591188332,73.84196751686271,76.60360606940445,27962900
2020-05-13,71.40321350097656,73.80796451711889,70.8678829161341,73.40008896464704,35451600
2020-05-14,74.3687973022461,74.87014427589257,70.01815866349595,70.29007357841785,35152500
2020-05-15,72.99224090576172,74.16487292184414,72.48240118063737,73.79948659696164,26099000
2020-05-18,76.8585205078125,77.45333883839399,74.67470203446585,75.36299172438211,30504400
2020-05-19,75.34600830078125,77.49583702484038,75.27802793818736,76.5186468651511,19597300
2020-05-20,77.60629272460938,78.50700967599815,76.79054796964093,77.0794547340626,20552400
2020-05-21,76.62060546875,77.9716875264744,76.19573795724584,76.70557767445808,14621400
2020-05-22,76.02579498291016,76.78205864904578,75.3884937036073,76.48465268196388,13557900
2020-05-26,81.42160034179688,82.84915527665154,78.69395200756729,78.93187674954923,41233900
2020-05-27,86.13764190673828,87.16582051009046,83.95382314956004,86.73245383166474,39402000
2020-05-28,84.85453033447266,87.48020814725417,84.46365304598235,87.47171546571698,24713900
2020-05-29,82.68771362304688,84.27672046163589,82.23735509481162,83.83486109892313,26526400
2020-06-01,83.78387451171875,84.55713651791835,82.74719671495019,83.06160101686058,15176800
2020-06-02,84.06428527832031,85.33038863521534,83.21455026347141,85.21142625177359,21195000
2020-06-03,88.60186767578125,89.15419673532963,85.87421903975591,86.31608488058012,25941100
2020-06-04,90.44580841064453,90.59026182539385,87.34427392045195,88.21950005835782,26784700
2020-06-05,94.51602172851562,98.37381271232482,93.07146841781511,97.6600384632207,42231000
2020-06-08,96.40243530273438,97.03124388446543,95.11934009190641,96.36845160698583,24881800
2020-06-09,93.9297103881836,94.85591845308569,92.62961683794514,94.02318175951768,17031100
2020-06-10,90.12287139892578,93.90419517326796,89.94442786772198,93.86170583980713,24913300
2020-06-11,82.60272979736328,86.31607368677093,82.03340896375205,84.99898198349686,36259200
2020-06-12,84.86302185058594,85.93368309444872,82.7046945524295,85.57679601316113,24856800
2020-06-15,86.03565216064453,86.18860469047083,81.46408107599967,81.93143134610727,22153600
2020-06-16,86.72394561767578,89.79998842426295,84.38717454033288,89.5365726682743,22193600
2020-06-17,84.53163146972656,87.13181821271667,84.30219941419045,87.12331904841014,15639800
2020-06-18,84.07276916503906,85.41534531745974,83.38447951967997,83.84333712226521,16591900
2020-06-19,83.11256408691406,85.4833251101459,82.19485537063275,85.42384392961876,40371200
2020-06-22,82.21185302734375,83.23153233217215,82.03340947314693,82.6367204848494,16216900
2020-06-23,83.21454620361328,84.94800632728891,83.14656584983071,84.09827135389673,15381400
2020-06-24,80.43589782714844,82.28831343405024,80.13848546615007,82.2118404152531,22919800
2020-06-25,83.24003601074219,83.45246975101551,80.09601924788235,80.17249228255838,25743600
2020-06-26,78.67694091796875,81.03920907456312,78.17560050481396,80.81827621442886,41896300
2020-06-29,79.02534484863281,80.29144802076307,78.328562497458,79.36524010156357,18499700
2020-06-30,79.92604064941406,80.43588663563804,78.6599378116695,78.88087064016915,19137000
2020-07-01,79.24626922607422,81.32811689191331,79.05082736966256,80.63133461555849,18755700
2020-07-02,79.50369262695312,81.47712368540391,78.87733864235875,81.28835929152241,27845600
2020-07-06,81.5114517211914,81.68305215899171,80.20727137395266,81.02238327270975,18625300
2020-07-07,79.21196746826172,80.73923356298978,78.93740285062675,80.49899034082628,25757200
2020-07-08,80.05281829833984,80.08713314467664,78.76579553821307,79.18622114026967,18762200
2020-07-09,78.31962585449219,80.75639240924258,77.89061825752749,80.24157805597581,25600800
2020-07-10,82.60110473632812,83.09017304560018,78.82584381022436,78.93738340843193,28954200
2020-07-13,83.78517150878906,85.1751517096699,82.56679170061548,84.7118293401332,32079200
2020-07-14,84.26567077636719,85.75861536965522,82.91858719387714,84.40295634850862,42731700
2020-07-15,85.5698471069336,86.90834854163525,84.64318924623142,86.56514119921198,22508400
2020-07-16,85.81011962890625,86.84831744884062,84.55741796486632,84.75475783560626,16886900
2020-07-17,84.22278594970703,85.870173773403,84.20562197767462,85.801530977548,16137700
2020-07-20,83.48487091064453,84.42010421699364,83.45054952149378,83.59641051578272,14458100
2020-07-21,85.2952880859375,85.84441725105083,83.77659762450217,83.8366584223697,17798100
2020-07-22,84.6775131225586,85.91305042698751,83.68221245490686,85.5012068408898,14271200
2020-07-23,84.92633056640625,85.24379193804218,84.05973355301792,84.51448047162575,12870200
2020-07-24,84.32571411132812,85.62990059199116,84.03399215015628,85.45829366235917,12744200
2020-07-27,83.14169311523438,83.76804068797695,82.51533899635385,83.66508303006746,11959100
2020-07-28,83.5020523071289,83.9911207872102,82.7984799928692,82.7984799928692,11754300
2020-07-29,85.52693939208984,85.55267879589105,83.22745882457575,83.28751961549034,12743500
2020-07-30,83.24463653564453,83.86240856199447,82.41236724328975,83.69080813073586,14834800
2020-07-31,82.9185791015625,83.16740426718285,81.72593863105736,82.78130008895498,14535000
2020-08-03,82.45523834228516,83.71652141139121,82.24073459709392,83.24461055351657,12962800
2020-08-04,81.98335266113281,82.3265534945228,81.53718110390777,82.29223864809283,13366200
2020-08-05,83.40765380859375,84.48875475465462,82.12921303946217,82.25791662406355,15260900
2020-08-06,83.43339538574219,84.17128897409835,82.8327873701669,83.72512395483334,10482100
2020-08-07,85.26954650878906,85.36392870258658,82.84994395517444,83.16741192941481,14743700
2020-08-10,86.35063934326172,87.55186179531213,85.82724960734073,85.89589238657463,14989900
2020-08-11,89.07913970947266,91.08689872445275,88.81315708654124,89.1134611037439,31518600
2020-08-12,88.32408142089844,91.31855245419571,87.26871990866593,91.08689124455915,19240800
2020-08-13,87.83502960205078,88.68446292565267,87.20867554573032,87.51756158088324,13598600
2020-08-14,87.86935424804688,88.64156281833642,87.01991434690828,87.08855714528792,12134400
2020-08-17,85.55268859863281,87.51754404959635,85.39824561199397,87.08853648072578,14988000
2020-08-18,84.36007690429688,85.72432484342063,84.18847643657206,85.72432484342063,13246500
2020-08-19,84.55740356445312,86.30774887366344,84.37721460548995,84.87486501013638,13533000
2020-08-20,83.54492950439453,84.11121604512566,83.05586117761678,83.4505473232501,13672600
2020-08-21,83.5020523071289,84.574571478021,83.17600883578721,83.45914892183822,12228300
2020-08-24,85.85298156738281,85.98168513075058,83.5878224181967,84.47157684924811,17898300
2020-08-25,86.23051452636719,87.50037971013967,85.62990659588151,86.89118324990143,13648900
2020-08-26,85.02071380615234,86.03317189420618,84.98639896247357,85.75003188397379,12052400
2020-08-27,87.8178482055664,88.07525536583262,84.94349879789513,84.94349879789513,22163900
2020-08-28,88.17823028564453,88.59008051361113,87.35453637584864,88.49569830607997,13756700
2020-08-31,85.96453094482422,87.67197908108109,85.81866340958055,87.6205002722512,14219400
2020-09-01,85.92163848876953,86.54799244235784,84.9778231122198,85.41541268127091,11595600
2020-09-02,87.21725463867188,87.46607985574339,85.42399929706583,85.75862473302547,14475700
2020-09-03,86.94267272949219,90.08300463034531,86.35064020840574,88.65012096669412,23281200
2020-09-04,88.82172393798828,90.27177161160523,86.97699663375218,89.27647745851311,26325500
2020-09-08,85.7328872680664,88.86464442460029,85.3553649871617,88.35841853937335,22108600
2020-09-09,86.54800415039062,87.25157642221126,85.42399967572152,86.487943342289,13434000
2020-09-10,85.65564727783203,87.87790319990118,85.49262231735409,87.00273069583848,15922800
2020-09-11,86.71958923339844,86.96841440751318,85.44972395621566,85.7757738962937,13784300
2020-09-14,87.92081451416016,88.7702476898505,86.97699914715575,87.09712074589434,19017400
2020-09-15,85.18373107910156,88.24684447248929,85.06360949866558,88.14388685847854,23683000
2020-09-16,85.54411315917969,86.77107516186784,84.7375833193692,85.31245193456539,19270600
2020-09-17,84.56597900390625,85.23522983616077,83.83666736737598,84.68610061245774,18290100
2020-09-18,84.38579559326172,85.36393242055033,83.60500514690945,83.99110937752566,20121600
2020-09-21,81.77743530273438,82.41237133138854,80.49899435187068,81.68305309701923,28378800
2020-09-22,80.88509368896484,82.07774089345457,80.3702858548639,81.47712629855616,19257000
2020-09-23,79.57231903076172,81.81173897923374,79.50368279740248,81.32267063106949,19952700
2020-09-24,79.50369262695312,80.91083704989596,78.405427657655,79.21196405109902,18366500
2020-09-25,80.19866180419922,80.4131655507404,78.8258391355626,78.98028209491765,13293100
2020-09-28,82.50675201416016,83.16742089583418,80.95373991450965,81.56292997443005,20894100
2020-09-29,81.81175994873047,82.39521063171296,80.93658719732547,82.39521063171296,12848200
2020-09-30,82.60110473632812,83.39905898262833,81.73451426212684,81.81173247331627,16400600
2020-10-01,83.20174407958984,83.88815238688501,82.3952076087274,83.33044768287556,15778700
2020-10-02,83.99110412597656,84.59171212407911,81.58865904129398,81.72594461008097,15149600
2020-10-05,85.76634979248047,85.94820414191999,84.45872287198202,85.14284539047117,13871900
2020-10-06,84.88306427001953,87.34244243302857,84.44142074845577,86.65831979700901,19220400
2020-10-07,86.36388397216797,86.90078545178042,85.44594391417286,85.69707802203796,16358500
2020-10-08,88.13911437988281,88.26035059883871,86.51108043470481,87.0393267916748,15659000
2020-10-09,87.63687896728516,88.42492129140551,86.69296710938896,88.32966328284414,13689100
2020-10-12,88.710693359375,89.19563840543573,87.33378637948009,87.55028064745446,16058000
2020-10-13,87.27316284179688,89.38614888052042,86.82285769933596,89.1956328794053,21697300
2020-10-14,86.78822326660156,88.26904326781145,86.68430363942025,87.48966258115342,15204100
2020-10-15,88.08717346191406,88.139129962973,85.7663550493406,85.81831155039954,17171200
2020-10-16,87.90533447265625,88.61543540777653,87.22121179260806,87.81873808678904,13275000
2020-10-19,86.42451477050781,88.2170870523694,86.21667551545085,87.9832695421505,11725700
2020-10-20,86.91812133789062,88.13048395657232,86.70162706928593,86.86615822074658,11257100
2020-10-21,86.05213928222656,87.45501783317377,86.0174994084293,86.90945468634767,10730500
2020-10-22,89.09171295166016,89.40346520570483,86.00017527145063,86.00883689152974,14837200
2020-10-23,89.89705657958984,90.45128124672418,89.13499931399991,89.62860586463141,15087600
2020-10-26,87.67151641845703,88.93584214352782,86.81420097200176,88.89254725430362,12410700
2020-10-27,86.01751708984375,87.39441767019325,85.87030255110483,87.03937045282984,10391700
2020-10-28,83.60142517089844,85.12554662829763,83.19441490043837,84.43276234578512,16389500
2020-10-29,84.14698791503906,84.84843381448493,82.47565195315828,83.23771598150633,14208800
2020-10-30,84.90038299560547,85.22945186597667,83.33296679292587,84.78780836789743,15194500
2020-11-02,86.8141860961914,87.35974917647387,84.74450178913182,86.06944541758892,15011600
2020-11-03,89.55066680908203,90.70241096722019,88.92716243683586,89.21292976838296,17482600
2020-11-04,86.8141860961914,88.39026382388698,85.67109682782846,87.46366878519035,18886500
2020-11-05,90.36470794677734,91.01419076375018,87.4636860190082,87.51564253016414,17837400
2020-11-06,89.1609878540039,91.01417803742142,88.6673812463998,90.95355991392195,12552800
2020-11-09,101.23273468017578,102.96468905757185,95.56058145145104,97.99398184437202,47792400
2020-11-10,100.90361785888672,101.70897657932647,99.31888527282307,101.6223802172437,20539300
2020-11-11,99.39685821533203,101.28468870450627,98.68675720235171,101.22407056706459,14443400
2020-11-12,98.17581176757812,98.68673501013804,97.04137744073088,97.44838767497623,22063000
2020-11-13,98.79064178466797,99.46610267843717,98.34899173609614,99.32754320952085,11847900
2020-11-16,101.5791015625,102.71352928278154,100.21951797934123,102.00342842928868,19858600
2020-11-17,100.5486068725586,100.83438091616827,99.2236628973081,99.92510227082158,14553200
2020-11-18,99.80386352539062,102.71354719012604,99.76056202644494,101.6137525429646,12571200
2020-11-19,100.07230377197266,100.29745965037274,98.34034970679137,98.87725784547453,10202500
2020-11-20,99.21498107910156,100.15023779132032,98.79930922693323,99.09374483198579,12718900
2020-11-23,102.07271575927734,102.33250490632442,100.08096593084737,100.49663781575535,13209200
2020-11-24,106.7922592163086,106.94813530532025,103.66608242498741,103.97783460301069,20121600
2020-11-25,105.67517852783203,105.97826917445335,104.32425644181669,105.10363710947192,11715600
2020-11-27,104.97372436523438,105.95227591629236,104.85248812375391,105.64918531259119,5983600
2020-11-30,102.08135986328125,104.5407378218193,101.98610187081339,103.91723336453136,14411800
2020-12-01,103.69208526611328,105.28548639914811,103.59682726651923,104.21167015042975,12668900
2020-12-02,105.6838607788086,105.91767172130709,103.28510017825684,103.6574706473336,10811300
2020-12-03,104.99104309082031,105.55392942713759,104.22898575676109,105.51928955646947,12904400
2020-12-04,105.94361877441406,106.76630085566177,105.38073903241501,106.06486162789808,13583700
2020-12-07,105.5452651977539,105.79639929872769,104.09908531924104,104.91310574261266,9724300
2020-12-08,105.64920806884766,105.93498210255419,104.57539829577951,104.81787083096769,9592100
2020-12-09,104.82650756835938,106.77495561530375,104.29826112485965,106.66237438863297,13073900
2020-12-10,104.15103912353516,104.59268919359599,103.53619631578117,103.90856664801295,13668400
2020-12-11,103.53621673583984,103.93456539660248,102.50570851162723,102.99931517897231,9981600
2020-12-14,102.4450912475586,105.1469355098311,102.2805534880912,105.0776557577521,12112400
2020-12-15,104.19434356689453,104.69661177008287,102.72218543410625,103.30238838940332,12590200
2020-12-16,104.4974365234375,104.85249024271963,103.79599731114229,104.17702928171241,11169400
2020-12-17,103.63145446777344,105.17289229907496,103.55351971775185,105.0083611800696,11618000
2020-12-18,103.12052917480469,103.81330671950582,102.41908340443769,103.17248567376546,28954800
2020-12-21,106.99147033691406,108.24713445382613,104.86116091680769,106.66239481977074,28323600
2020-12-22,105.36343383789062,106.96549017685429,105.31147732527073,106.85291553055083,11788200
2020-12-23,108.30774688720703,109.56341093806364,105.95228830830213,106.3246586955096,14973200
2020-12-24,107.83145141601562,108.72341326159263,107.00877592186683,108.32505803388091,4164900
2020-12-28,108.54155731201172,109.67599170921521,108.0652739116448,108.95722919168941,8072600
2020-12-29,108.25578308105469,109.35557092807544,108.15186346597494,109.28629118468895,8389200
2020-12-30,108.55889129638672,108.9832182313694,108.16054261766486,108.67146594247734,7398000
2020-12-31,110.0396957397461,110.26485160683666,108.09124751428732,108.32505839431512,8580200
2021-01-04,109.00054168701172,110.72383429346053,108.05662319743895,110.41208200395768,16819900
2021-01-05,109.59362030029297,110.16056036839247,107.95385477074609,109.01795623452597,13731200
2021-01-06,114.73969268798828,115.8037942607368,111.53866397118186,113.28309768799502,24909100
2021-01-07,118.50765991210938,120.53120189233087,117.6790596375401,118.35066784929406,21940400
2021-01-08,118.63848876953125,118.92632083318186,116.98127506750556,118.59487543099225,12035100
2021-01-11,120.4090805053711,120.53990721133162,116.97255706697047,117.38249849087647,15937900
2021-01-12,122.30179595947266,123.55778571298013,121.08941954914158,121.62147039447673,18033500
2021-01-13,122.4151611328125,122.79892386536793,120.4526809007441,120.88005696690743,14816800
2021-01-14,123.13038635253906,124.50848537087764,122.10989808702536,122.53728752154211,18565600
2021-01-15,120.92369079589844,123.54904889344873,119.50197839462342,119.86830650296139,27881000
2021-01-19,120.40035247802734,122.72044371308672,120.2084777414083,121.98778752588562,19843800
2021-01-20,118.5948715209961,120.5137385731473,118.13259942735264,120.20847183128342,16028800
2021-01-21,117.60057830810547,118.76062416109637,117.15575409892824,118.35068264504224,13411700
2021-01-22,116.69343566894531,117.22548642426482,115.30661942946256,115.73400882600495,12933200
2021-01-25,115.23685455322266,116.15268147895432,113.44009669814476,115.25430255141536,14212800
2021-01-26,114.7658462524414,116.15266243056091,114.55651023522829,115.78633438212864,11307800
2021-01-27,111.52123260498047,113.25694247850578,111.07640180103795,113.03015842240211,17603900
2021-01-28,113.48371887207031,115.2804768669973,112.50684384001467,113.3005481490978,13761800
2021-01-29,112.22770690917969,114.88796068578534,111.80904816514845,114.42568860595634,14808100
2021-02-01,113.05631256103516,113.44881929341398,112.06198967744794,112.86442452131463,11080700
2021-02-02,116.53645324707031,117.21677875310328,114.45186338957492,115.07985821190114,12253600
2021-02-03,117.87093353271484,118.41170165154475,116.4492212486558,116.57133060803424,10600800
2021-02-04,120.58350372314453,120.94111441476456,118.158751512268,118.158751512268,12419500
2021-02-05,120.34803009033203,121.66508115814752,119.8247099100817,121.57785447364405,10051300
2021-02-08,122.23202514648438,122.3715825300698,120.52248046987445,120.53992847005378,10136400
2021-02-09,121.74353790283203,122.09241791041714,120.83642858884008,121.61269791829824,8614800
2021-02-10,121.81333923339844,122.86871010352633,121.27255781941692,122.10988862592018,10323200
2021-02-11,121.4731674194336,122.58959953865731,120.55734066145082,121.81333012280768,9201000
2021-02-12,123.20014190673828,123.5141392609459,121.23766177017077,121.2812751016563,8324600
2021-02-16,126.16566467285156,126.75005937051286,124.20318449661967,125.20623790537935,12130600
2021-02-17,126.55821228027344,126.80243104979706,124.83121958431023,125.55515854715698,10810100
2021-02-18,126.98556518554688,127.16000523051382,125.07541541719137,125.59874886101453,10587800
2021-02-19,129.1050567626953,129.82026497169787,127.22107225144676,127.22107225144676,11969800
2021-02-22,130.3174285888672,130.99775408735456,128.03222005727807,128.101998737754,11488400
2021-02-23,131.3640594482422,132.84681955225727,130.47439806226507,132.149046177156,16234400
2021-02-24,133.67544555664062,134.1115523371047,130.92797816328596,130.92797816328596,15061400
2021-02-25,131.86122131347656,135.10585637111618,131.34661857863202,134.55637095463845,18127700
2021-02-26,128.36366271972656,131.59085009648362,127.78799859979135,131.09369530848298,19829200
2021-03-01,131.26812744140625,132.035679555068,129.5062525027379,130.4133619659602,14845500
2021-03-02,130.84075927734375,132.384581098645,130.69248456022447,130.90182061852883,14221700
2021-03-03,133.37017822265625,135.1756533653807,131.54725508228984,131.90485252595272,14324100
2021-03-04,131.3204345703125,134.6522958217246,129.62833860987126,133.10847452775562,20093900
2021-03-05,131.625732421875,133.87604467700362,129.06142279838141,133.6405433234997,18465100
2021-03-08,133.37017822265625,135.5943254552518,131.4861937450043,132.98640212806907,17133300
2021-03-09,132.42820739746094,134.53896295007672,130.67506265525634,132.14037527997812,16238800
2021-03-10,135.30650329589844,136.20488226088966,132.14908093754636,132.49797437132972,14342200
2021-03-11,134.60000610351562,136.19614524365193,133.76267521048072,134.41683539572196,11771500
2021-03-12,136.1961212158203,137.48700666938183,135.2541424271099,136.81539860452136,12849500
2021-03-15,135.5157928466797,136.8677262899118,134.28598205704517,136.37057156834047,12101100
2021-03-16,133.8935089111328,134.84423187807795,132.7421938456674,134.39939441118952,12805600
2021-03-17,135.2716064453125,136.8328762701881,133.49229652546683,135.48965984920613,13952400
2021-03-18,137.50445556640625,141.02820562641497,137.03346612337486,137.46085553771454,21898500
2021-03-19,135.31520080566406,136.01297426202373,131.8699601692327,135.6379155393002,54418800
2021-03-22,131.67811584472656,134.2947571929417,131.3641183505837,133.27426866420893,19944800
2021-03-23,130.36105346679688,132.68113158060393,129.92494665691171,131.11987505714148,17076300
2021-03-24,131.37277221679688,133.6056362922407,130.70989485343688,130.83200419165897,13079800
2021-03-25,133.05621337890625,133.42254156552042,130.24768397260496,130.83206560188896,15608300
2021-03-26,135.2716064453125,135.58560387927628,133.05618971767956,134.582563544935,16754400
2021-03-29,133.1695556640625,134.0853825343547,131.7391260040835,132.68111821561928,17570300
2021-03-30,134.73951721191406,135.95189325972552,134.21619717704942,134.72208252699576,13184300
2021-03-31,132.77708435058594,134.748295778724,132.68114031373918,133.69291137340966,16736700
2021-04-01,134.0679473876953,134.1377127581581,132.18396297106602,132.48922972083804,16561500
2021-04-05,134.778564453125,135.93667340951507,133.8836766820651,135.46289669560832,13508000
2021-04-06,133.83106994628906,135.35766498439006,133.2344778959358,134.0504076213853,13071600
2021-04-07,135.92794799804688,136.19115590578832,133.9275893189083,134.32240787417564,16903500
2021-04-08,136.09457397460938,136.43674005541968,133.62922177860395,135.11194592454964,12335500
2021-04-09,137.11236572265625,137.77914743229562,135.96303845267494,136.70000982448306,12122400
2021-04-12,136.8228302001953,137.96338871440565,136.48944605897694,136.49821474598244,12273400
2021-04-13,135.19091796875,136.16477743416425,133.7345131128504,135.76997243733243,16113600
2021-04-14,132.6641845703125,134.96283876227747,132.41851409625977,132.8922908973456,19939600
2021-04-15,133.50640869140625,133.53272813240804,131.00596808510227,132.6992479303067,17694100
2021-04-16,134.49783325195312,135.5594198515727,133.96264891574046,134.99791607155498,13773400
2021-04-19,133.92755126953125,135.00670204594894,133.5502969725526,134.6031149170981,11900200
2021-04-20,130.96214294433594,133.13796893532663,130.41817640610628,133.1292002477441,13716700
2021-04-21,132.0763397216797,132.13776068321081,128.78627531324767,129.66362582216289,12236700
2021-04-22,129.29518127441406,131.8658260432796,129.19867215229328,131.8044050622434,15256100
2021-04-23,131.76930236816406,132.5940141593287,128.698574950948,129.1284682214804,14041900
2021-04-26,132.0938720703125,133.7608458373082,131.93595542662374,132.28689022635731,10799100
2021-04-27,132.6992645263672,132.9800231152391,131.69908548129706,132.04125164441825,12821200
2021-04-28,133.55908203125,134.13813665729336,132.83087940528182,133.73454947896698,8943700
2021-04-29,136.15603637695312,136.23499471487992,134.4101039324976,134.7083999117592,12976900
2021-04-30,134.94528198242188,135.54188730026488,134.2433988856152,135.19972113132627,11705100
2021-05-03,134.55047607421875,136.41045488979879,134.3486892033772,135.85773316642363,11801100
2021-05-04,136.41046142578125,136.55084072844346,133.4801137660702,134.12057592691917,12977700
2021-05-05,138.2002716064453,138.86705324950864,135.66472888324276,136.86669493301082,10506700
2021-05-06,140.98147583007812,141.09553569668807,137.88442915621852,138.68282144787173,13542400
2021-05-07,141.46401977539062,141.6921261187515,137.76159906216986,137.9370665099327,14257800
2021-05-10,141.44647216796875,143.64861746920158,141.35873174847708,141.69212927777525,14014300
2021-05-11,139.0951690673828,142.4729744953953,138.65649373321543,141.32364726184613,15451700
2021-05-12,138.13882446289062,141.06040304223086,137.7703388836007,140.03390463121488,14381700
2021-05-13,141.6920928955078,142.52557311743215,138.34060786365194,138.77928307385477,15395000
2021-05-14,143.894287109375,144.28032356906098,142.12204828963058,142.47298322353987,10584000
2021-05-17,144.4733428955078,144.63127298808246,143.03448823586294,143.33278427068097,9886800
2021-05-18,142.43785095214844,145.20149951549706,142.3413418671293,144.48206572038978,11098100
2021-05-19,141.34994506835938,141.41135264433993,139.1828881783929,141.253435974127,13278900
2021-05-20,141.10427856445312,142.00794848312677,139.95495158365298,141.10427856445312,10426000
2021-05-21,142.7098388671875,143.201153016663,141.20079490105186,141.55172975430392,10249000
2021-05-24,143.48194885253906,144.08732306722894,142.23611228037512,143.32403212904322,9440300
2021-05-25,141.99920654296875,145.37699847705872,141.74476736028964,143.75390782425444,12609100
2021-05-26,141.9816131591797,143.6573555927078,141.52538721455699,143.50820763504936,13058300
2021-05-27,144.1925811767578,144.54351607330236,142.63089812871073,143.8416328929051,15707500
2021-05-28,144.09605407714844,144.71019676306028,143.23624092956538,144.48207706021694,10291300
2021-06-01,145.68408203125,146.43860414605135,145.18398572138113,145.52615194859865,9445400
2021-06-02,145.69284057617188,146.90358870541354,145.2278458225111,146.74565863375648,10498600
2021-06-03,145.7893524169922,146.73689270280568,144.46455778661007,145.12257075837152,13354400
2021-06-04,146.02622985839844,146.22801673945722,144.789162351524,145.82444297733966,8510800
2021-06-07,145.3418731689453,146.60525991031423,144.88564720404986,146.51751951376727,7267200
2021-06-08,144.76283264160156,145.42961420282356,143.148510932976,144.31538870559413,10370700
2021-06-09,142.9555206298828,144.0785284189971,142.37646597344016,144.00833875876384,12377400
2021-06-10,140.72702026367188,144.97340702152871,140.64806192858512,144.20133426786262,12119400
2021-06-11,140.63052368164062,141.4289159513702,139.55138617752195,140.7533522318061,13683800
2021-06-14,138.244140625,140.66562346432084,137.44574836513888,140.50769339474135,19917900
2021-06-15,136.14727783203125,137.67387289897405,135.2260702890703,137.48085467025797,24485500
2021-06-16,137.10357666015625,138.28799189155134,134.33114565939294,135.75244929198993,25321200
2021-06-17,133.146728515625,138.14763788130867,132.69928450795481,137.83179111492137,29722400
2021-06-18,129.77767944335938,131.33936220328832,129.46183273981725,130.98842737148848,43595700
2021-06-21,131.97988891601562,132.655452854673,130.742834326482,130.79547323829462,18664800
2021-06-22,131.78684997558594,132.4536316650738,130.42695376019716,132.1290162012494,14251200
2021-06-23,132.58522033691406,133.3923812943015,131.68155027661575,131.77805937952664,12733300
2021-06-24,133.80471801757812,134.3399023503989,132.67294177921602,133.2870844429515,13733200
2021-06-25,135.15582275390625,135.5506277300281,133.0677246576877,133.87488536520235,15484900
2021-06-28,135.40150451660156,135.53310173691733,133.46255401767664,134.84876941666292,14125800
2021-06-29,135.2348175048828,137.1386666519262,134.76982276970807,135.98933953716195,14528700
2021-06-30,136.46310424804688,136.9368810613514,134.85756445659138,134.89265258961402,12531000
2021-07-01,137.81423950195312,137.86687839814098,136.3578342333174,137.0948055545638,10479400
2021-07-02,137.68182373046875,137.93772904146437,136.87883094202525,137.61122962620956,11424000
2021-07-06,135.36996459960938,137.46126339014685,134.43461600070995,137.46126339014685,15083400
2021-07-07,135.52879333496094,136.13765589444844,133.7286902353244,134.13458963201415,12271800
2021-07-08,133.19041442871094,134.59343727062452,132.39624064812526,133.78162505773517,17834600
2021-07-09,137.4524383544922,137.7877436054317,134.6375599960046,135.05229204995146,13694500
2021-07-12,139.42022705078125,140.4438218226232,135.83765881378912,136.19944871039002,19940400
2021-07-13,137.34657287597656,138.88196510625443,135.44940419646616,137.69954357144834,22671700
2021-07-14,136.8788604736328,138.78486130650447,134.96404042499427,137.61125931583214,14622800
2021-07-15,137.17892456054688,138.1230925425676,135.62588045635567,135.80235906879872,11539300
2021-07-16,134.04637145996094,137.90248346466916,133.26103023220801,137.62012039289783,14002700
2021-07-19,129.687255859375,132.2021192170501,128.5754287611085,131.08145943847524,22172900
2021-07-20,132.1050567626953,133.34923944723272,129.12251907731843,129.2901784332825,15385200
2021-07-21,134.88465881347656,135.58175402765613,133.5610490567557,134.16991169916005,12356700
2021-07-22,133.18161010742188,135.39645909830062,132.3345073850934,134.9023135995332,9913300
2021-07-23,132.92567443847656,134.86696545874045,132.58153654608637,133.66689244293994,9666100
2021-07-26,133.81692504882812,134.09048234271242,132.51096734809872,132.52861924612907,8208000
2021-07-27,133.64044189453125,134.55815205840102,132.18447677143647,132.71391251417427,11218700
2021-07-28,133.86102294921875,134.8052040821422,133.13745683915408,134.38163939559402,9217300
2021-07-29,135.00816345214844,135.77585262197732,134.0463438198074,135.13169979516056,9063500
2021-07-30,133.93167114257812,135.59941905896957,133.4198737046834,134.63759910741416,9805200
2021-08-02,133.3933868408203,136.28767903704824,133.3051542709142,134.1522569571761,10203200
2021-08-03,134.9111328125,135.29057461904614,131.93742713752215,134.0816685262622,10394800
2021-08-04,133.4551239013672,135.33464002711557,133.16392822792434,133.46394311651977,10155000
2021-08-05,135.14051818847656,135.6170251260888,134.13457555451362,134.37282902331975,9151500
2021-08-06,138.97900390625,139.26138040886985,136.87005321094915,136.94064733660412,13328800
2021-08-09,138.82899475097656,139.90553159133748,137.56714664996719,138.99665411431266,9516900
2021-08-10,140.53204345703125,141.16737716497397,137.92894717656085,138.3083889436853,8667000
2021-08-11,142.20858764648438,142.50860252559653,140.3731811189656,141.18499321421328,9156500
2021-08-12,142.76451110839844,143.27630838442684,141.670335900191,142.84393790935846,8844200
2021-08-13,141.16737365722656,143.09102663193553,140.80559726222518,142.76452710451028,8980900
2021-08-16,140.24087524414062,140.32912129040702,138.34370642951905,140.24970792744102,8755800
2021-08-17,138.546630859375,140.17908816578048,137.0112522647953,139.04078977792128,9347200
2021-08-18,137.28475952148438,139.42900014500523,137.07297718426187,137.92891228358383,8065500
2021-08-19,136.13766479492188,137.2671439635282,135.0170048435322,135.14937388850475,9517700
2021-08-20,136.5259246826172,136.6847513779588,135.14937279850864,136.1994386103348,6974100
2021-08-23,138.2730712890625,138.61720922433867,136.98476556806037,137.06417890748125,7934600
2021-08-24,139.12904357910156,139.90556567659948,138.42311562359944,138.5378327873996,7670900
2021-08-25,141.996826171875,142.75569616047386,139.24372270833126,139.87022366767383,11335000
2021-08-26,142.729248046875,144.564655139812,142.19979877343872,143.17927050417782,11027500
2021-08-27,143.87635803222656,143.97342326928566,142.29684312594244,142.72922708456065,8780200
2021-08-30,141.57330322265625,144.26464578252833,141.07915772926103,144.0175730358307,7937600
2021-08-31,141.14088439941406,142.39389972441805,140.61144870030827,141.5732683318009,12340800
2021-09-01,140.93795776367188,141.8556545374964,140.27615293325061,141.37916098395274,8729900
2021-09-02,141.5909423828125,142.60570439655254,140.6820513681176,141.20268139737863,8813300
2021-09-03,140.7349853515625,141.97034878330086,140.43495697718183,141.52914563418693,7959700
2021-09-07,140.4879150390625,142.40273512283778,140.26731346077798,141.176190886154,9285600
2021-09-08,139.8614044189453,140.81440487866988,139.45549157955347,140.20554235180816,7852700
2021-09-09,140.47027587890625,141.9174218250843,139.4908042439383,139.65846361294814,7904300
2021-09-10,138.85546875,141.82035473081487,138.73193239515157,141.6791664782873,8311600
2021-09-13,141.0614776611328,141.22913701958183,139.481976241257,139.887875616442,10052800
2021-09-14,138.59959411621094,142.3674601414158,137.88483354778205,141.5821189023699,11685600
2021-09-15,139.56137084960938,140.02904506859406,138.07010218496183,138.2907037397452,11691500
2021-09-16,139.49961853027344,141.93506870652368,138.73192930399588,140.66440139099356,10880900
2021-09-17,139.1378173828125,140.31141936457183,138.53778756838295,138.8731062673003,25581600
2021-09-20,134.97288513183594,136.3847272540793,132.79334030701713,135.79351659818047,15819900
2021-09-21,134.9905242919922,136.37590877203897,134.63756712564353,135.4758504940612,8999900
2021-09-22,137.5760040283203,138.75842553591713,136.86125690006335,136.94948947355948,11236200
2021-09-23,142.2262420654297,142.6939297953238,139.1290007758004,139.42019647277522,12336100
2021-09-24,143.8675537109375,144.35287999190146,141.90862361546894,142.4557113515801,10102400
2021-09-27,147.34420776367188,147.71481681295234,145.25290903399915,145.5970469700776,13220900
2021-09-28,146.55006408691406,149.3914139186296,146.1794549955321,147.97955822002362,13387900
2021-09-29,146.4353790283203,147.27366264235965,145.63238575547496,146.66481337168,7777100
2021-09-30,144.44110107421875,147.35304479243578,143.64692726136718,147.29126988350671,13161200
2021-10-01,147.4765625,148.5089762081689,144.36166948025215,144.71462659837022,11285000
2021-10-04,147.31771850585938,150.3973211187617,146.24118182006316,147.33537040063734,14120000
2021-10-05,149.7234649658203,151.03729209525454,147.95689013320944,148.4362684606215,12292900
2021-10-06,150.0430450439453,150.11406455664857,147.36211600814127,149.12869082946946,8692600
2021-10-07,150.992919921875,152.25348594238827,150.50466918086212,151.97829376443244,10195400
2021-10-08,151.10829162597656,152.1025375875202,150.29158765105353,150.93074963935595,8190100
2021-10-11,147.93028259277344,152.05819254045156,147.77049882242736,151.62321657967215,12154700
2021-10-12,146.79400634765625,147.97468061295385,146.27025256288522,147.1402180836766,13032600
2021-10-13,142.9235076904297,146.83837223897822,142.56842364856442,145.64882579858283,22753500
2021-10-14,145.11619567871094,145.59556052113143,142.089054582482,143.5893098167956,15176800
2021-10-15,147.9036407470703,148.4007638334521,145.71096220524572,146.78511380271135,14267400
2021-10-18,147.85035705566406,149.67906536542753,147.28221453665418,147.78820990650408,12672900
2021-10-19,149.6436004638672,149.7146064444244,147.87702530813863,148.6049517463614,8053900
2021-10-20,151.65869140625,151.68532202969575,148.65819495147218,149.4038794991268,8185600
2021-10-21,150.46917724609375,152.09371335156658,149.7412372613683,151.58770430673212,8415200
2021-10-22,152.49314880371094,152.7683409341531,150.6466822127865,150.93963260681446,8817900
2021-10-25,151.7474822998047,153.54068785849694,151.33912346235658,153.31875694687224,10159200
2021-10-26,152.15582275390625,153.12345179247123,151.39237990036722,151.8007387248317,8015100
2021-10-27,148.98667907714844,151.53444191342504,148.551689561808,151.1971160983183,9847000
2021-10-28,151.2325897216797,151.36574284052512,149.10205854663167,149.40388131307253,7212900
2021-10-29,150.8153533935547,152.90150915464721,150.37149161847853,151.96051081319317,8140100
2021-11-01,150.7354736328125,152.98141331145612,150.0341643863311,152.7239658757041,7435500
2021-11-02,151.33026123046875,152.41328523532852,149.95428677718738,150.73548797297835,7173800
2021-11-03,151.383544921875,151.91618464259952,150.15848169156308,151.02846080511918,8402700
2021-11-04,149.39498901367188,151.09054423086027,147.7970974735724,150.9130022314699,9574200
2021-11-05,149.1819610595703,150.9929113329834,148.61381846932426,149.9365180294975,7975600
2021-11-08,150.07858276367188,151.7297495658267,149.79451819269812,150.06971040212557,6413700
2021-11-09,148.94227600097656,149.5548074994686,147.89476857414357,148.5605613254457,7990300
2021-11-10,148.80023193359375,149.9809059981329,148.3297394888901,148.6493205405367,6999200
2021-11-11,148.79136657714844,149.74122387123737,148.16107680416025,148.71147469687327,5815300
2021-11-12,148.1255645751953,148.90676569960334,147.11356018475198,148.8268602787252,8113400
2021-11-15,147.85926818847656,148.95116462708512,147.36214504717802,148.43629676330428,6492500
2021-11-16,146.79400634765625,148.31201998749316,146.5809477618014,148.3031340804221,9706100
2021-11-17,146.00392150878906,146.97153711395157,145.04517826442645,146.6608419388863,9909600
2021-11-18,144.74334716796875,146.34125248380784,144.30835769306057,145.93289363536465,8122500
2021-11-19,142.85247802734375,143.90887126341005,141.5475232705074,143.189817325069,12193600
2021-11-22,145.8974151611328,147.3443957759963,144.6901102247224,145.728745468124,14549900
2021-11-23,149.38612365722656,149.6346851771418,146.80284477640728,146.91825317693468,12354400
2021-11-24,148.21434020996094,150.41589097481364,147.75272013898643,149.54592562787454,9629800
2021-11-26,143.74908447265625,144.38824658577076,140.98827691858202,143.93551239964296,13619300
2021-11-29,143.127685546875,146.2791073290915,141.8760054491083,144.97415243207675,12104400
2021-11-30,140.99717712402344,142.5950827223778,140.5177986717218,141.29012761252096,18922600
2021-12-01,140.16268920898438,144.93864687094828,140.0827973299137,142.9235103545511,12253400
2021-12-02,143.1099395751953,144.9208899117364,140.97052226797672,141.88487656937767,12969900
2021-12-03,140.51779174804688,143.66034152756737,139.54130371342652,143.3673910535043,12681800
2021-12-06,142.17779541015625,144.35271522095726,141.556391685011,142.93235223869502,11186500
2021-12-07,144.3172607421875,145.04518719467964,143.06556696729422,143.70472916955504,9851600
2021-12-08,142.6660614013672,144.93863158134326,142.18668308633636,144.39711965989687,11705700
2021-12-09,142.44415283203125,142.8613705148597,140.8373615345152,141.72508524679222,11189600
2021-12-10,141.8760223388672,143.54493384976266,141.26349075768516,143.20760802123158,10405400
2021-12-13,140.1892852783203,141.84932379144144,139.62114281344142,141.59188995158678,12069000
2021-12-14,141.26348876953125,142.82587773843719,139.63895263443976,139.77210578256617,12563600
2021-12-15,140.20709228515625,141.90264791120927,139.68333851970203,141.90264791120927,14014200
2021-12-16,142.39974975585938,143.6514433164565,140.8817363989839,142.38199149061748,19542800
2021-12-17,139.1595458984375,141.48539092871525,137.75694099263876,141.43212968030053,28082000
2021-12-20,136.6561737060547,137.33083876838214,134.79194872025192,137.16216911640348,15148000
2021-12-21,138.56480407714844,139.5324197639198,137.6770802810815,137.96115839770619,11291300
2021-12-22,139.10629272460938,139.42587377923533,137.81022378599536,138.26295796938717,7273000
2021-12-23,139.6033935546875,141.25455981622252,139.559018215895,139.91410219974924,8055200
2021-12-27,140.40234375,140.4378467278534,138.7866805731807,139.90522078654323,6188100
2021-12-28,140.82847595214844,142.1689337554261,140.33135288723983,140.43787538812379,6342300
2021-12-29,140.75746154785156,141.70733236718596,140.39349159583065,141.01490899512024,6398900
2021-12-30,140.68643188476562,142.2488340849387,140.5887817472548,141.24570208556275,6948200
2021-12-31,140.57106018066406,141.40550912113557,140.22484846257387,140.65982442764732,5805900
2022-01-03,143.54490661621094,144.37936898613825,141.60078972150527,141.9114984066782,13120900
2022-01-04,148.98667907714844,149.65247189183447,145.79086814841963,145.86188767412355,20195800
2022-01-05,146.2628936767578,150.35304098319185,146.21823870608205,149.8708027295316,17539400
2022-01-06,147.81678771972656,149.46891251987,146.3432555378449,149.0581195189452,14047500
2022-01-07,149.28138732910156,149.61180957837593,147.40598760629422,147.95074553516426,13913300
2022-01-10,149.42430114746094,151.20145203824217,147.82574291076034,150.9871299519168,12922500
2022-01-11,149.5760955810547,150.49593074021448,148.5222955104893,150.26373034449165,11854100
2022-01-12,150.42446899414062,151.45146506821953,149.29922381974978,150.442333705723,12568000
2022-01-13,150.23692321777344,151.6479356400798,149.9332912555357,150.33515869106003,13623400
2022-01-14,141.0028533935547,143.80701372863592,140.118734070285,143.56588779923814,40158400
2022-01-18,135.09091186523438,139.1185396382745,134.43897924786577,139.1185396382745,32324800
2022-01-19,133.00115966796875,135.94821032516654,132.66181189960528,135.3588110951531,22380000
2022-01-20,131.86703491210938,134.50151507543535,131.59911867264879,133.05478645984866,14860800
2022-01-21,129.56292724609375,131.7330193351979,128.83956321639238,131.7240937938021,20705400
2022-01-24,129.4468536376953,129.92016633763484,124.64228141213015,127.0624254247593,28471400
2022-01-25,130.85784912109375,131.14362998848688,125.73176723317908,128.28587582168265,18915900
2022-01-26,132.0991668701172,134.4657434381481,130.34880693573797,132.81360533644312,20709100
2022-01-27,129.7683563232422,134.29610064961153,128.7145698489299,133.4387715228418,17536800
2022-01-28,130.92930603027344,131.06325730708755,126.96418471517951,128.76813912804664,14117000
2022-01-31,132.70648193359375,132.87614902364783,129.19680827581053,130.0630629473018,13985700
2022-02-01,134.98370361328125,135.26948446376548,132.43853434421334,132.78682123900288,14584900
2022-02-02,133.90316772460938,134.79621271290017,132.2331779570768,134.4032707377666,12441100
2022-02-03,132.79574584960938,135.43022502268056,132.42959424753613,133.95670669969624,12474900
2022-02-04,136.24288940429688,137.0823535542297,132.858256182031,133.15296255126995,16654400
2022-02-07,136.6983642578125,137.18952796110642,134.71580385407722,136.87697047962678,12572300
2022-02-08,139.2703399658203,141.52974231914467,138.24334385132119,138.4219500938276,20411400
2022-02-09,139.85081481933594,140.59202997831702,139.15424099691444,139.84187565059872,9131100
2022-02-10,139.2703399658203,142.02091970612452,138.61842104861955,139.90440779751842,16455600
2022-02-11,137.4574737548828,141.27077941494915,136.60908379819318,138.96672186428253,16830000
2022-02-14,136.180419921875,137.24313189244884,134.24251414948705,136.3947419739245,17026500
2022-02-15,138.17190551757812,139.26142136600333,137.39496082920968,137.98436009618737,9500000
2022-02-16,138.42193603515625,139.4042907093441,137.29670455754405,137.29670455754405,9076500
2022-02-17,135.2337646484375,137.28777037013128,134.55505552050664,136.63585149548837,11367500
2022-02-18,135.8678436279297,137.65393333705288,134.96587323046438,135.85891808502598,11733300
2022-02-22,135.626708984375,136.8501896226984,134.32287121151697,134.49255190326284,11333500
2022-02-23,132.78688049316406,136.90381902345558,132.14388691942924,136.74306381662836,11799000
2022-02-24,129.08963012695312,129.4825720239917,124.829802563923,127.65182743648874,25655100
2022-02-25,132.1438446044922,134.07282470800104,129.41112960457934,129.71476157639572,18367700
2022-02-28,126.63375854492188,129.54507976037877,125.81215894350672,128.1965869841619,31315300
2022-03-01,121.85596466064453,125.4549342452222,119.29293035212139,125.06199233866478,36840400
2022-03-02,124.38326263427734,125.06197168922338,121.99883496058663,122.60609880552039,19405600
2022-03-03,123.4991455078125,125.90143792994189,122.40070434283946,124.88336751750282,16640800
2022-03-04,120.02521514892578,120.93612465647561,118.23912555666925,120.50746696983305,21016000
2022-03-07,115.39032745361328,118.49811961886832,115.15812707873793,118.03373249590018,27560100
2022-03-08,114.57765197753906,117.69436964681233,113.65781009895336,115.7743287538605,19207800
2022-03-09,119.16789245605469,120.7753757157064,118.27484771477944,118.6856406647685,17536200
2022-03-10,117.75688934326172,119.17682732256186,116.38160632987554,117.75688934326172,15604200
2022-03-11,115.10455322265625,119.73945829730503,114.68482104188722,118.3195202185928,20061800
2022-03-14,116.24764251708984,118.70351577067235,115.40817820648917,115.61358832625403,15786900
2022-03-15,118.31057739257812,119.26614191873468,117.10497502644601,117.70331343810263,15096600
2022-03-16,123.59739685058594,123.67778124022901,120.05200784760983,120.44494974619396,20354900
2022-03-17,125.16021728515625,125.19594670644601,121.38264177726782,122.22210602941672,17050500
2022-03-18,125.11559295654297,125.78537661556776,123.65099990054678,125.19596372519791,23656500
2022-03-21,124.7137222290039,125.70500267185179,123.8921225075024,125.33886459749782,12676100
2022-03-22,127.36605834960938,128.53594497980174,126.56232339617782,127.0535008129565,13548600
2022-03-23,124.8298110961914,126.44622013394346,124.31184343530798,125.90146221704737,12093200
2022-03-24,125.64248657226562,125.66035128539696,124.23147402412725,125.29419961351387,10017600
2022-03-25,126.74091339111328,127.86614490692875,125.7407075992773,125.99968458938415,8383500
2022-03-28,125.80322265625,125.89253259125137,123.15087838274712,125.02627800351297,10818100
2022-03-29,126.0800552368164,128.24123559148097,125.24060459186248,128.01797439694622,11316500
2022-03-30,125.50853729248047,126.91955001632043,124.94592821322969,126.72307902776137,8771000
2022-03-31,121.73983764648438,125.33880603518375,121.68624352784913,124.87441906112565,17353900
2022-04-01,120.83789825439453,122.71329791775158,119.4894054166593,122.70435874797869,15721300
2022-04-04,121.37374114990234,122.29357634859676,118.67674161373455,119.77518307519581,17416400
2022-04-05,119.96125030517578,121.81455681141192,119.66435939964433,120.61801521489215,12110300
2022-04-06,118.29685974121094,119.25949337114811,117.82003877658823,118.37782623079879,12914700
2022-04-07,117.93699645996094,118.68371951851185,115.81378804281272,117.81104399995166,12994200
2022-04-08,120.0962142944336,120.46506629171597,118.2968853656385,118.45881837989072,13126900
2022-04-11,119.65535736083984,121.36471411773648,119.26850828352293,119.65535736083984,10466400
2022-04-12,118.34185791015625,121.07684557650222,117.58614305279367,118.88166208129542,12989900
2022-04-13,114.52728271484375,116.28162557761347,113.36671479643655,114.20340297650245,30838000
2022-04-14,113.46566772460938,115.42693623777015,112.47603147089522,113.80753769886891,18835200
2022-04-18,115.57087707519531,116.2726141009586,112.94385221499529,113.0608060979913,11834400
2022-04-19,117.9640121459961,118.14395603936258,115.36398212923382,115.56190942970362,15015400
2022-04-20,118.37783813476562,120.11418376020698,118.16191374636419,119.22352482960204,13430200
2022-04-21,117.4601821899414,119.48442709549727,116.92039178513346,118.95362839270985,12174200
2022-04-22,114.0864486694336,117.42420987654418,113.97849332647044,117.20828546282758,14318800
2022-04-25,114.05045318603516,114.36534121775318,110.75768504496217,113.36671318273149,17149000
2022-04-26,110.67671966552734,113.72658852220916,110.54177548664798,112.13417857248098,17209500
2022-04-27,109.23725128173828,111.16253257473028,109.05732114485659,110.05594919150788,17215200
2022-04-28,110.96460723876953,111.24350787885761,108.98534824301431,110.48778619022181,13015600
2022-04-29,107.38395690917969,111.20753109257689,106.97011205652652,110.70372116132876,14874800
2022-05-02,108.36458587646484,108.5985005674857,106.35833789270694,107.85177738792764,18545000
2022-05-03,110.68572235107422,111.71133933209506,108.66147722581275,109.3362256008999,15720900
2022-05-04,114.34733581542969,114.61723786198235,110.42479875852437,110.4787832861714,17128500
2022-05-05,111.48641967773438,113.44768850045554,109.90301514966046,112.68297507234442,15055400
2022-05-06,111.30648040771484,111.81928883996807,109.02133201335472,111.3784552068824,14417900
2022-05-09,109.63308715820312,110.95559471724478,108.40954321676959,109.85800322296821,14312300
2022-05-10,106.96110534667969,111.36046393484135,105.76454998716217,110.75769040385855,16382400
2022-05-11,106.2863540649414,110.5597600613588,106.10642392643965,107.32996808715706,14630300
2022-05-12,106.19639587402344,106.44830082979969,103.79429336357747,105.26074399264363,16318800
2022-05-13,107.14102172851562,108.18463564562913,106.12440350696399,107.42892090335586,10443200
2022-05-16,106.39432525634766,107.47391990636999,105.46767192336434,106.64623021709318,10269000
2022-05-17,109.92101287841797,110.63174868290925,108.6884699976325,108.89539586026491,11160200
2022-05-18,108.04071044921875,109.73208416377499,107.53690050729766,109.12931057413431,12664900
2022-05-19,106.43929290771484,107.64484677226233,105.82752084150299,106.33133757266812,12765800
2022-05-20,105.56661987304688,107.66283962146207,103.47939869073286,107.47391091670589,13150100
2022-05-23,112.09817504882812,113.87051489143776,108.36456667645324,108.37356524171612,24376700
2022-05-24,113.68161010742188,114.69822855127296,110.75770039655998,111.88228105458379,19324900
2022-05-25,114.4732894897461,115.03108385539763,112.61098456764918,113.60961254105274,12780400
2022-05-26,116.45256805419922,117.12731638851099,115.34598462970914,115.48992050790858,15990900
2022-05-27,118.09896850585938,118.09896850585938,116.18267863471345,117.10034031315126,11177800
2022-05-31,118.96260833740234,119.79029785853703,116.69546415125481,117.11829374906002,17015000
2022-06-01,116.87539672851562,119.5383954651262,115.75980801422358,119.5383954651262,10768000
2022-06-02,118.75570678710938,118.76469848955854,115.75982253673612,116.8664059607439,8374800
2022-06-03,117.1003189086914,118.54877910852959,116.94737761153944,118.04496925254918,8596000
2022-06-06,116.71347045898438,119.10658129736305,116.4705709306623,117.93701471465394,11323500
2022-06-07,117.01937103271484,117.2442871633433,115.71484649283684,115.90378208279286,6722200
2022-06-08,115.15704345703125,116.46155409438506,114.16741398760132,116.0567078590393,8422100
2022-06-09,112.73693084716797,115.24700192305951,112.70094345162501,114.5902439662146,13560100
2022-06-10,107.55487060546875,111.01857681328936,107.3479447948261,110.28984405745564,12945200
2022-06-13,104.35206604003906,106.11540734246348,103.51537791993975,105.13477649558172,16805600
2022-06-14,102.61570739746094,105.54861492408676,101.85999268354783,103.95621214040193,13357900
2022-06-15,103.83026123046875,105.21573822655722,101.81500823564306,104.01918991175354,14083500
2022-06-16,102.0489501953125,102.79567341925181,100.64547569356309,102.43580622642237,16724900
2022-06-17,101.68905639648438,103.12851792728455,100.90635283555547,102.1478871188905,30919900
2022-06-21,104.2081298828125,105.28772442537145,103.49739417780154,104.24411728275042,11680500
2022-06-22,103.62335205078125,104.54100677343308,102.91261630869728,103.35344996911567,9842700
2022-06-23,102.48976135253906,103.62334035817103,100.29458500067808,103.47039906563577,11851500
2022-06-24,105.54862976074219,105.99846197193934,101.50913842608239,101.86900556781907,14841100
2022-06-27,104.70294952392578,106.61024068911306,104.03719973180849,106.21438612217534,11280500
2022-06-28,104.19914245605469,107.32097937948275,104.00121516718443,105.86352041371619,11590900
2022-06-29,103.73130798339844,105.09879485020168,103.21849955036039,104.36107031734178,9338400
2022-06-30,101.31120300292969,102.63371069565692,99.79976662036917,101.8150128424851,15172600
2022-07-01,102.60672760009766,102.93959903531713,100.006698032334,101.34719606689474,10573600
2022-07-05,102.21643829345703,102.29812098653362,99.2031321696424,100.5373312954929,12514200
2022-07-06,101.55387115478516,102.55225442335892,100.55548788621138,101.40865516961907,10656200
2022-07-07,104.1224594116211,104.28583174661338,102.92439792988112,103.01515879940784,10347400
2022-07-08,103.79572296142578,104.96655696748945,103.11500599915232,104.52182382436187,8807800
2022-07-11,102.43429565429688,103.67774121190492,101.85341769626677,103.06055751592149,7939500
2022-07-12,102.53411865234375,104.53996361915219,101.88970748492108,102.18014641847229,11250900
2022-07-13,101.57203674316406,102.08938128834953,100.18336850908824,101.42681382014564,12979900
2022-07-14,98.02323150634766,98.23198773138412,96.26244161341391,98.01415334231731,26204800
2022-07-15,102.51595306396484,103.36004222032456,97.72370763093286,99.07607006855429,18863900
2022-07-18,101.46312713623047,105.13899436116151,101.00931585478635,104.1678384958555,13977900
2022-07-19,103.97723388671875,104.32213487677055,102.26182787440001,102.6793334034956,11862300
2022-07-20,103.95907592773438,104.14059764732086,102.99699834962846,103.55971983511242,11667500
2022-07-21,104.66703033447266,104.85763023564225,102.89716916317614,103.86832499748431,11595900
2022-07-22,104.15874481201172,105.5111002004212,103.16943283084113,104.59439967054203,7645500
2022-07-25,104.57626342773438,105.70171336591828,104.16782915628804,105.13898493452133,9394000
2022-07-26,102.94254302978516,104.903010967723,102.58857080620362,103.99538846118368,10675100
2022-07-27,104.59441375732422,105.04822500210126,102.83363083632409,103.4780419729543,9337400
2022-07-28,104.20411682128906,105.26604020326255,103.04236135429771,104.60347285979563,10384800
2022-07-29,104.70332336425781,105.73801237342818,104.18597885967264,104.9120726439519,12944500
2022-08-01,103.65956115722656,104.47642276270157,102.62487209849485,103.92277250369129,14740400
2022-08-02,102.04399108886719,103.8320084015491,101.8987681748215,103.39634658402171,14942900
2022-08-03,103.114990234375,103.55972330950938,101.39050614200849,102.96976731414584,14394500
2022-08-04,101.98045349121094,102.85177016488359,100.76423587354057,102.42518652863971,18033900
2022-08-05,105.0663833618164,105.45666131685763,101.69910469139563,102.13475961702619,14174600
2022-08-08,103.78663635253906,105.91954794254511,103.63234218221672,105.51112056825411,10332500
2022-08-09,104.72148895263672,105.27513927070466,103.80479514861854,104.14968923011551,10233800
2022-08-10,107.45342254638672,108.34289560451963,106.64563911049727,107.06314461138093,12847300
2022-08-11,109.04178619384766,110.00386400088433,108.28845772154732,108.82395869358888,11684900
2022-08-12,110.84793853759766,110.95685573547384,108.40643860888144,109.52281045751785,9906700
2022-08-15,111.14744567871094,111.38342945732497,109.45926734826024,109.94938430786945,8456200
2022-08-16,112.20936584472656,112.76301611709646,110.61195524948526,110.99315503303534,9555000
2022-08-17,111.26544189453125,111.78279338084268,110.44858716261082,111.00223745622554,8149300
2022-08-18,110.40320587158203,111.15653424619167,109.41390062088134,110.9477780139152,9531800
2022-08-19,107.67125701904297,109.81324671950163,107.19929635562796,109.47743081896355,13464500
2022-08-22,105.89230346679688,106.3370434273426,104.830386923504,105.96491492051162,8967600
2022-08-23,104.84855651855469,106.45505234951126,104.72148991238544,105.91048019098439,7607000
2022-08-24,105.1026840209961,105.65633427758321,103.87738815584142,104.63979462581788,9771300
2022-08-25,107.59864807128906,107.77109163423097,104.99376905362855,105.42943089206129,10758900
2022-08-26,104.07707977294922,108.90563163020595,104.01354646921996,108.42459276988279,11276200
2022-08-29,103.82295227050781,104.24953601528014,102.9788629461699,103.46897999816719,8117300
2022-08-30,103.84109497070312,104.90301164833747,102.88808856280961,104.37658892922275,10745400
2022-08-31,103.22390747070312,104.40381253734783,102.86992833363875,103.90462432920928,10738300
2022-09-01,103.93185424804688,104.0407645161226,101.57203713673447,102.82455369187618,9979800
2022-09-02,103.20574188232422,106.60024770658246,102.73378128293912,105.16620958271466,10666600
2022-09-06,103.23297882080078,104.14967946346587,101.71725094280313,103.7684796841988,9751900
2022-09-07,105.1934585571289,105.38405846824777,102.34352420582832,102.67934012915696,10647900
2022-09-08,107.64403533935547,107.81648584340637,104.04077263111942,104.63072868611559,11435000
2022-09-09,108.16136932373047,108.96008153820604,107.70755808354569,108.13414175725697,9299700
2022-09-12,109.44110870361328,110.32150352386172,108.72408618943784,109.47741442991942,8614600
2022-09-13,105.63819122314453,107.93447523588812,105.08454089699559,107.16299743006753,12904600
2022-09-14,105.39313507080078,106.95424007081796,104.26767810095566,105.91955089744567,9345700
2022-09-15,106.98146057128906,108.35196548374964,105.06637664966534,105.39312128531932,10821400
2022-09-16,106.26443481445312,106.55487371246717,104.71240130400847,106.54579554935779,14844100
2022-09-19,107.24467468261719,107.76201921499737,104.8394737453862,105.28420681805444,8201300
2022-09-20,105.12991333007812,106.81809169379223,104.04984036495728,106.56395850778968,9619000
2022-09-21,102.09844970703125,105.82877861254009,102.03491641111837,105.77432348021759,12606300
2022-09-22,100.93671417236328,103.10593175397506,100.8096475552103,102.90625366284571,11684500
2022-09-23,99.05792236328125,100.1470666293607,97.26083363178914,99.88386218933628,18138600
2022-09-26,96.92501831054688,99.48451376623828,96.26245076554312,98.02324082588356,15753600
2022-09-27,96.07185363769531,98.17753785435728,94.98270925565369,97.79633801310382,12793600
2022-09-28,98.01416778564453,98.6858135306586,95.88125594848457,96.16261675339427,12762600
2022-09-29,96.35323333740234,97.36976637376692,94.75581537718548,97.07024920786151,12713900
2022-09-30,94.84654998779297,97.67833464296756,94.75578912392284,96.26243885307524,15973400
2022-10-03,97.77818298339844,98.34998271238987,94.81025328743597,95.86309879751497,12248100
2022-10-04,102.35259246826172,102.5522705382755,99.71141443432558,100.39213135049404,16013600
2022-10-05,101.08888244628906,101.60169635772931,99.66032541495376,100.50280740848147,10943500
2022-10-06,99.02845001220703,100.90572600519454,98.84530420211476,100.23723052388458,11521400
2022-10-07,97.0504379272461,98.6346692694972,96.40025430458641,98.46067587865328,11681100
2022-10-10,96.14385986328125,98.26838343772174,95.7134595164074,97.73725778403534,8931700
2022-10-11,93.36915588378906,95.73177451175344,93.26842359438685,95.57609987779172,12739700
2022-10-12,94.88011932373047,95.90575385333776,92.74643675976287,93.22262696465911,13181000
2022-10-13,100.15481567382812,100.64015835202872,93.18601079802045,93.38747537838252,22398700
2022-10-14,101.82146453857422,105.53021942862705,101.39106421861624,102.52658356155584,33387100
2022-10-17,106.09798431396484,107.15109015904487,104.68773925856723,105.68590275946444,22276300
2022-10-18,108.82688903808594,110.01735767004864,107.10529480386943,109.57780496566174,21539700
2022-10-19,106.6932144165039,108.81773780803796,105.92398669571581,108.04851008724987,17072000
2022-10-20,106.34523010253906,108.70784867549702,105.90567738316727,107.2884512437602,12207400
2022-10-21,111.93125915527344,112.07777438811135,106.52837457969841,106.64741864303946,20593300
2022-10-24,112.068603515625,112.727939462223,111.10707774897226,111.78472547783656,12624200
2022-10-25,112.3616714477539,112.88364471611654,110.70417873334303,111.58329123866088,11289100
2022-10-26,113.65287017822266,114.6510267463944,112.5265031557678,112.63639483662547,11667000
2022-10-27,114.1015625,115.56674972416157,113.74442333244073,114.6510068357401,10727600
2022-10-28,115.45687866210938,115.6400244667623,113.59792149728024,114.7334408565705,11859500
2022-10-31,115.27372741699219,116.69313187506613,115.00816110608834,115.1088933959679,13295200
2022-11-01,117.35246276855469,117.47151383290596,115.68581773328512,116.18031980392584,13386900
2022-11-02,116.27188110351562,119.37624908165756,115.96968425941513,116.89458657625418,16546100
2022-11-03,116.48250579833984,117.37993001810507,115.3012034867295,115.66749509431108,12474400
2022-11-04,119.66927337646484,119.80664319294415,117.6363370292206,118.57955108190967,14953200
2022-11-07,120.30115509033203,121.14363698512378,119.4861443680671,119.96233464708139,12011200
2022-11-08,120.3744125366211,120.93301631617813,119.17479146244015,120.18211433479844,9884100
2022-11-09,118.80847930908203,120.35607294803225,118.33228912695223,120.2553546513454,9494000
2022-11-10,123.69856262207031,123.85423725089672,121.36341524341654,121.45499513008096,16351600
2022-11-11,123.90003204345703,124.69672399072881,122.50809875582763,123.79929975343525,10704700
2022-11-14,122.62712860107422,124.2937733248211,122.62712860107422,123.44213918000513,11085600
2022-11-15,121.73887634277344,124.27548835872932,120.51178407947867,123.33226021587494,14038300
2022-11-16,121.90370178222656,122.3066309316261,120.9055452813871,121.79381709534634,7893400
2022-11-17,121.37257385253906,121.69308949913398,120.21874267643067,120.87807876938678,8820200
2022-11-18,122.56302642822266,123.32309471228184,121.13446973938957,123.23152880612429,9468500
2022-11-21,121.8396224975586,123.22238955104531,121.5648967723734,122.47148747354531,7800500
2022-11-22,123.66193389892578,123.8725648586524,122.42568917954846,122.70956728607665,9185700
2022-11-23,124.9805908203125,124.99890959133656,123.49709174931083,123.57035286027893,7316200
2022-11-25,125.21871185302734,125.58500349011048,124.5959993022297,124.98060971310606,3220500
2022-11-28,123.03007507324219,125.19122906709268,122.88355284274715,124.60515411824149,9906900
2022-11-29,125.05386352539062,125.12712464315098,123.0850216381753,123.31395739125288,7925300
2022-11-30,126.53733825683594,126.53733825683594,121.96779045213349,124.62343908487885,14761200
2022-12-01,124.76082611083984,126.9769224009966,124.01906257456254,126.53735571880368,8858500
2022-12-02,123.77182006835938,123.94581346398753,122.10516119774077,123.15827397065328,8931900
2022-12-05,120.30115509033203,123.23154390906964,119.59604303130392,122.92934703814497,10154500
2022-12-06,120.50261688232422,123.72603612446282,118.92753781929792,122.15095706143653,13966700
2022-12-07,120.42019653320312,121.8670720542558,119.34877897086182,120.24620313901356,11739400
2022-12-08,121.68392944335938,121.77549535581866,120.35609096797697,121.18026801888281,8907300
2022-12-09,121.02461242675781,122.48979301470985,120.87809017602333,121.06123600287597,7957800
2022-12-12,122.90185546875,123.3047705899854,120.51176604366965,121.24434915364465,8841600
2022-12-13,122.7828369140625,125.53921862347461,121.86709381115911,125.3560727975201,10025400
2022-12-14,122.16925811767578,124.2754694870519,121.5740168757178,122.50807850395239,9966100
2022-12-15,119.13816833496094,120.95133553882994,118.17663540287936,120.09968729391343,12087800
2022-12-16,118.39641571044922,118.95501954367069,117.60887610907355,118.26821223920808,21133700
2022-12-19,119.10153198242188,120.26452950136444,118.21326015727045,118.72607400001165,9017200
2022-12-20,119.6784439086914,120.9238548331783,119.22972484959675,119.93485080728036,8549900
2022-12-21,121.02461242675781,121.77551450879291,120.66747317379934,121.04291722825143,8051700
2022-12-22,119.6510009765625,120.23707602209713,117.59057892963327,120.05393019032968,8648200
2022-12-23,120.2187271118164,120.36524932975423,118.7169093107731,119.57770987474812,5091900
2022-12-27,120.63999938964844,121.07955215921585,119.5502628797135,120.48432474153353,5411000
2022-12-28,121.29933166503906,122.16928477590163,119.97149305184182,120.74072784048434,8827700
2022-12-29,121.9952621459961,122.04105208257766,121.1619328088425,121.729688897699,6585200
2022-12-30,122.80115509033203,123.01177209049708,121.28101819336682,121.61983866838854,9292500
2023-01-03,123.73519134521484,125.21870452680463,122.60883135261089,123.84509000841412,11054800
2023-01-04,124.88902282714844,126.07947743440992,124.14727330402683,124.53188365034441,11687600
2023-01-05,124.86135864257812,125.19346180691988,123.3392132742021,125.14733363036125,8381300
2023-01-06,127.25064086914062,127.6565462748384,124.06799395823543,125.58090514907298,10029100
2023-01-09,126.72479248046875,128.11778717358982,126.27277302224822,127.85948631850927,8482300
2023-01-10,127.85951232910156,127.97020869627205,126.66947007664382,127.11226962166953,9048700
2023-01-11,128.80967712402344,128.92037347696242,127.39824231868354,128.13623677339942,8703700
2023-01-12,128.68052673339844,129.94435701771593,128.4314458628536,129.1510003099014,11001700
2023-01-13,131.927734375,132.37054791484914,124.35395902005588,125.09196751012998,20200000
2023-01-17,129.88902282714844,130.5716691791465,128.44067969679156,130.23034600314747,14292900
2023-01-18,125.98681640625,129.82443570121728,125.83921187435125,128.15469990359847,13392600
2023-01-19,124.30784606933594,125.36872372621798,123.23773433152995,124.83368193365786,13303400
2023-01-20,124.61225128173828,124.99048254229974,123.20081665217,124.68605353328735,13092500
2023-01-23,126.63255310058594,127.2690852494994,124.37241352902481,124.64915439695137,10487100
2023-01-24,127.72114562988281,129.4185558531422,124.538497942185,125.84845674989687,6945000
2023-01-25,128.3391876220703,128.3391876220703,126.61410379069925,127.35211231112285,8967000
2023-01-26,129.13255310058594,129.2063553652818,127.63809595043652,128.6159513240574,7487600
2023-01-27,129.4462127685547,130.31335768367455,128.92037692534547,129.7137336540936,7489900
2023-01-30,128.3484344482422,129.23403349962402,128.14548173306235,128.44067672474193,6729300
2023-01-31,129.1141357421875,129.21561211440354,127.536641969801,129.04033346454446,9188700
2023-02-01,128.77276611328125,129.96280818647722,127.41667951434165,127.49971585355509,8841800
2023-02-02,128.17315673828125,129.5753716687089,127.30599769020552,129.15101214948385,11822100
2023-02-03,130.15655517578125,131.30046932687927,127.42594137506877,127.47205548026778,11501200
2023-02-06,130.92221069335938,131.21741973271486,129.17867277414865,129.36317138557496,8406200
2023-02-07,132.51815795898438,133.1546901998994,130.23956397477656,130.42407668185118,10447900
2023-02-08,131.58642578125,132.8779302241988,131.25432262787135,131.5956457857201,6958000
2023-02-09,129.53846740722656,132.23218690992869,129.03108560033974,132.02923418717396,6443100
2023-02-10,130.1103973388672,130.33180411400602,127.85025772181471,128.94804344115659,6582900
2023-02-13,131.52186584472656,131.6694563072167,129.83367588221756,130.3502776917921,7134600
2023-02-14,132.10304260253906,132.6657726188391,130.62703936769975,131.45729030752534,9249400
2023-02-15,132.65652465820312,132.7395469194213,130.35025689320076,130.63623184384645,6728300
2023-02-16,130.8299560546875,132.27828479759046,130.7007915549268,131.8354853567696,8165300
2023-02-17,131.21743774414062,131.76171364927728,129.21559867888436,130.05506958755439,7948800
2023-02-21,128.80967712402344,130.3871564587718,127.99786633222567,129.7875324452297,9996300
2023-02-22,127.8226089477539,128.62518579251523,126.78940527851228,128.15471213805932,11107500
2023-02-23,128.84657287597656,129.30782645428664,127.25063943639948,127.97941389653887,8068000
2023-02-24,130.00894165039062,130.40562709266814,128.16392712676847,128.3299857535932,9126900
2023-02-27,131.14364624023438,132.20452404590353,130.73774076025302,131.0975180581738,10014700
2023-02-28,132.24142456054688,132.6196418483036,130.90377774001217,131.8631931964461,11019800
2023-03-01,131.50338745117188,132.3428722747317,130.81150713916256,131.08826207923448,7139200
2023-03-02,130.1381072998047,131.39270367337005,128.726658226856,131.217439116247,11106800
2023-03-03,132.5273895263672,132.6011917925285,130.14731922895072,130.54399057368198,9513100
2023-03-06,131.7525177001953,132.877963812771,131.6049131333064,132.324467801457,9261300
2023-03-07,127.87794494628906,131.28199880341774,127.1307163584009,131.00524382514803,11747600
2023-03-08,127.12151336669922,127.85028796654457,126.28202831492362,127.30601201812318,10002500
2023-03-09,120.23957824707031,126.70636236099287,119.2063747461258,126.16207244585634,25888100
2023-03-10,123.29308319091797,124.77832036454066,117.91487149668787,118.96653619295384,37599700
2023-03-13,121.07908630371094,123.50528507083655,119.38167620547117,121.04219220433384,42901100
2023-03-14,124.18790435791016,125.02738921791932,121.11595395004771,124.79676243723604,29648100
2023-03-15,118.32075500488281,120.83920951063871,116.90932731300352,120.82997543082509,34280600
2023-03-16,120.6178207397461,121.72482660430684,116.25435842995631,118.09014585331869,24558500
2023-03-17,116.06063079833984,118.52372338026191,115.72852763693783,118.43148110430431,38396000
2023-03-20,117.28756713867188,119.43701064586844,116.24513651602736,117.14918964833143,22875500
2023-03-21,120.4333267211914,121.52187854140573,120.1012235414687,120.47022081834112,17807800
2023-03-22,117.32447052001953,120.53479879711034,117.23222120408215,120.44254244300132,17250200
2023-03-23,117.01081085205078,119.49235749309963,116.25435522322675,117.98867327821704,16677600
2023-03-24,115.23037719726562,115.94070464118424,113.56986142967864,115.89457646612907,22311100
2023-03-27,118.53294372558594,119.3539744910848,116.50342385907058,116.96467741443716,18853900
2023-03-28,118.89273071289062,119.31707613597284,117.84106604505389,118.73590618033046,10820500
2023-03-29,119.1325912475586,120.12890081309794,117.86875372248522,120.01820444237497,14595300
2023-03-30,118.77281188964844,120.03664235445191,117.75805529278875,119.87981780655501,12134700
2023-03-31,120.2119140625,120.23958815310226,118.86506139871327,119.61228999766035,13105200
2023-04-03,120.07354736328125,121.25435552036943,119.3816669239088,119.84292055015709,11775400
2023-04-04,118.46837615966797,120.47021514899892,117.53664892978881,120.38719287706124,11579900
2023-04-05,118.64502716064453,119.14708434890063,117.57581658451342,117.89193428485298,9614700
2023-04-06,118.51486206054688,119.08200834987258,117.94771577122117,118.0778797956493,8760200
2023-04-10,118.90534973144531,119.22146032380778,117.35267385939126,117.65019263184118,9477300
2023-04-11,119.49110412597656,119.88159621491059,118.5799488250562,119.28655862413275,10516300
2023-04-12,119.47248840332031,121.26689328717843,119.06339745718537,120.10470954784653,11821000
2023-04-13,119.9280776977539,119.9745537010394,117.919820654687,119.43531289368853,12450200
2023-04-14,128.9838104248047,129.3464112241228,125.42287735108336,125.65531412466714,43931300
2023-04-17,130.00653076171875,130.22036860936103,127.98898138025827,130.11809586712968,16050500
2023-04-18,131.4662628173828,131.81957133189582,129.26276625160372,130.41565801324444,13760100
2023-04-19,131.2988739013672,131.55920192925032,130.53647454341413,131.30816626421534,9158100
2023-04-20,130.91766357421875,131.4941021338163,130.0158079128283,130.08089700791183,10586200
2023-04-21,130.66664123535156,131.19660385164096,129.0302915712904,129.922854961478,11842500
2023-04-24,130.8433074951172,131.18732357463173,130.20177971600683,130.59228598862495,7567500
2023-04-25,127.99828338623047,130.1274122203145,127.96109974389691,129.79270269205225,10629300
2023-04-26,125.7297134399414,128.12846298620772,124.58612832390384,127.95180874332046,14416100
2023-04-27,127.42184448242188,128.22142756587223,126.12949656476765,126.44560717787672,9041100
2023-04-28,128.52821350097656,128.60259495362178,126.13875721523736,126.96623136904974,9887300
2023-05-01,131.28028869628906,133.29783821644935,130.93628680641368,132.26581836000824,20415800
2023-05-02,129.16046142578125,132.40528381144946,128.70488025365032,131.46623018999736,14113400
2023-05-03,126.4270248413086,128.92804716935956,126.22247931498954,128.7142092779594,12930900
2023-05-04,124.69766998291016,126.18527093974366,122.54995656425722,125.47866828799553,17089200
2023-05-05,127.13362884521484,128.19354001579455,126.3619370177238,126.85470186625903,11261400
2023-05-08,127.4404296875,128.27719632320026,126.8918681686871,127.83092172994768,7484900
2023-05-09,126.82681274414062,127.3288699653478,125.7111189961569,126.38052389549456,7343600
2023-05-10,126.89187622070312,128.36087829464017,125.39498286959376,128.2586055494036,8133400
2023-05-11,126.49211120605469,127.19871398090439,125.42289339867627,125.51587379473234,7057300
2023-05-12,124.6791000366211,127.36606876598572,123.7772441549865,127.2080134509426,9988600
2023-05-15,125.7297134399414,126.13880448940313,124.54894467705132,124.83716404731295,7639500
2023-05-16,124.8836441040039,126.38982994850535,124.54893456224629,125.94355528843374,6477200
2023-05-17,128.72349548339844,128.85365952238953,125.94356046777068,126.35263731401683,12711500
2023-05-18,129.69970703125,129.91354486981814,128.08194213737082,128.55612218887362,10999600
2023-05-19,129.40219116210938,130.6201717479733,128.42596808225812,129.9693374456531,13492200
2023-05-22,128.33297729492188,131.689364532914,127.9889754446489,131.09432702029443,11402500
2023-05-23,126.99415588378906,129.26274112947746,126.87329840506368,127.87741281159326,9514900
2023-05-24,125.83195495605469,126.77100850099497,125.59022584449683,125.88773750589009,8578000
2023-05-25,126.13876342773438,126.69661725664287,125.12534268580241,125.34848705472824,8472500
2023-05-26,127.319580078125,127.93321661684016,126.10161355198235,126.5478882224952,8579900
2023-05-30,127.80304718017578,128.04477632756996,126.46420903839032,127.18941066738822,7399900
2023-05-31,126.17597198486328,127.2265764509332,124.9579914943427,127.1243037131586,14219900
2023-06-01,127.91459655761719,128.5189264451528,125.93423086765819,126.92906698751237,12248100
2023-06-02,130.60157775878906,131.54061723322627,129.55095898404744,129.7555044833213,12922500
2023-06-05,129.31851196289062,130.26685791287542,128.42596275204582,130.26685791287542,8511900
2023-06-06,129.5509490966797,130.25756592635653,128.50034458893558,128.93731264569107,9329500
2023-06-07,130.80613708496094,131.34539216852002,129.07680670900132,129.74622583432867,9281400
2023-06-08,130.8433074951172,130.99207043832266,129.6811236016028,130.7875249381189,7368100
2023-06-09,131.10365295410156,131.83816121691262,130.3598665129794,130.49003055885748,7249100
2023-06-12,131.09434509277344,131.3918709835064,129.94145354640617,131.15943420142702,7596600
2023-06-13,132.04270935058594,132.8329860065813,130.2947799684501,130.61089063084825,7701600
2023-06-14,131.54991149902344,133.5209706496138,130.81540340563754,132.95382439764776,9068700
2023-06-15,133.03750610351562,133.32572542805949,130.1924823122168,130.71313840646567,9343100
2023-06-16,133.19557189941406,133.85569861958822,132.48896917108857,133.0003329420945,13813500
2023-06-20,132.516845703125,132.9538279509158,131.1315174934463,132.5912271694313,8428600
2023-06-21,132.32162475585938,133.90219211599842,131.73587949582742,132.86086563296203,9926500
2023-06-22,129.7741241455078,132.5819648406862,129.1883788324124,132.31233019089228,10075200
2023-06-23,129.09536743164062,129.40217143539687,127.9517684885725,128.80713396524297,9919500
2023-06-26,129.41151428222656,130.1738996046303,128.01689349037008,129.11398837029202,8429700
2023-06-27,129.42079162597656,130.0158291939676,128.80715514394416,129.2348450460071,8154000
2023-06-28,128.8536376953125,129.43009050189633,128.26790671248017,129.3836003129569,7558600
2023-06-29,133.35360717773438,133.47447882912567,130.02512535776643,130.2296708354378,15423200
2023-06-30,135.222412109375,135.74306818320116,133.5674635089359,134.4414279986358,14212800
2023-07-03,136.31019592285156,137.11907119999537,135.7430497366165,135.91970392054725,8021600
2023-07-05,135.40219116210938,136.14172948067352,135.14007523014382,135.6830337418573,8934900
2023-07-06,134.0635223388672,134.23201930820707,132.4065640524601,133.88565490395533,9709500
2023-07-07,135.12132263183594,136.52552097664736,133.866908872023,134.71879262942724,8981500
2023-07-10,135.87957763671875,136.6659395090326,135.2710974449543,135.2710974449543,9100100
2023-07-11,138.00460815429688,138.37906960740568,136.4038300805188,136.99358365726889,11260900
2023-07-12,138.68800354003906,140.29815234336888,137.6114570388081,138.03271374432256,11323200
2023-07-13,139.3620147705078,139.83008093340652,138.3135511365733,139.20287398923173,11234900
2023-07-14,140.2045135498047,143.1252412336155,138.93137327763844,141.870827603696,27028400
2023-07-17,143.58396911621094,143.93033347784979,140.74748954065532,140.74748954065532,17262400
2023-07-18,143.84608459472656,144.5388133160355,143.05973693495963,143.58396870813758,13491700
2023-07-19,144.39842224121094,145.29711562742418,142.49807461798855,142.99422364567243,12510000
2023-07-20,146.1770477294922,146.58894821231368,144.5481867273733,144.6605180284174,9935900
2023-07-21,145.05369567871094,146.1676953908266,144.8103064253035,145.84941384000646,10636400
2023-07-24,147.9088897705078,148.64842793429298,144.84773343199822,145.07241030562304,14381400
2023-07-25,146.80426025390625,147.6467735305015,145.99918598070113,147.25359971580744,9944700
2023-07-26,147.6842041015625,148.14291400130324,146.29873250733112,146.70127676307158,8728600
2023-07-27,146.0553741455078,148.6390943050811,145.6153907955602,147.69360576809055,10778400
2023-07-28,146.88851928710938,147.53445284492707,146.4485359733566,147.234883659289,9103800
2023-07-31,147.8714599609375,149.20076607298495,147.11318082189925,147.14126364731788,8892700
2023-08-01,147.14125061035156,147.9088858617673,146.17703559842258,147.3752836576012,6853900
2023-08-02,145.4749298095703,145.74641613115145,144.1081848752588,145.62471438118453,8299400
2023-08-03,146.36427307128906,146.89786098978126,144.4920086983106,145.10048890583116,6084000
2023-08-04,146.0553741455078,147.7216885960237,145.75580493522597,146.41109472740982,6209400
2023-08-07,146.74810791015625,147.62807463981366,146.59833758419595,146.59833758419595,7251800
2023-08-08,145.92430114746094,146.01790580284208,142.84441801525406,144.46393710846394,8623400
2023-08-09,143.9677734375,145.58729252584976,143.66821854323672,145.40006893140463,6277800
2023-08-10,143.75247192382812,145.51240519701045,143.31248860553254,144.5201072567677,5995100
2023-08-11,144.58566284179688,144.65119897372273,142.88190910695448,143.25635639603567,5180700
2023-08-14,144.8851776123047,145.02559172184132,143.15332741205629,143.799260884411,5044300
2023-08-15,141.1968536376953,143.48101901204012,140.63516847591487,143.08784511249263,10300300
2023-08-16,140.5977325439453,141.3185585176941,140.12029586070057,140.98155027009378,6978200
2023-08-17,139.13734436035156,141.599362526,138.9220236528226,141.24364197541,9953900
2023-08-18,139.45562744140625,139.95177640901298,138.0233461901272,138.21992597052116,8517500
2023-08-21,139.9330291748047,140.5134408185697,138.56628424091537,140.09216992550452,8327000
2023-08-22,137.03103637695312,140.08282221486544,136.534887452353,139.72708740694694,9673300
2023-08-23,137.95779418945312,138.16374441088766,136.16979258953467,137.00294965470403,7858000
2023-08-24,137.8267364501953,139.8675120243072,137.60207386958209,138.07949613762864,6534000
2023-08-25,137.65826416015625,139.12798451368934,136.53490820324166,137.87357059987212,6695500
2023-08-28,138.13568115234375,139.11862293308627,137.73315111613948,138.14505161734553,5094100
2023-08-29,139.25904846191406,139.34331123259852,137.7799575793808,138.27612088497915,6337000
2023-08-30,138.6973419189453,139.62410359982832,137.78929259629226,139.12795470612008,6277300
2023-08-31,136.98423767089844,138.87522886814105,136.63787329971225,138.79096610726893,10933900
2023-09-01,137.44293212890625,138.62245352140573,136.3944543846634,136.75954535978775,7903500
2023-09-05,135.92637634277344,138.74414307002488,135.74850896054588,137.7612015206172,7854700
2023-09-06,135.70172119140625,136.2446652620402,134.90600315934276,135.45831769328464,8629200
2023-09-07,134.54092407226562,135.9919318730385,134.2319987249338,134.92474171145767,8373700
2023-09-08,134.6439208984375,134.91539300149014,133.53927727068842,134.21329372186668,7107900
2023-09-11,135.23365783691406,135.785972381945,134.51283207562778,135.50512987768147,6854200
2023-09-12,136.99359130859375,137.9110112067669,134.84985472125945,135.2711113808214,8363200
2023-09-13,137.05914306640625,138.26674753287986,136.50682839895887,137.9297393099169,8325900
2023-09-14,139.71775817871094,140.32623851403181,138.09825315552496,138.39780809031097,10034900
2023-09-15,139.30581665039062,140.16705647529773,138.83775059657748,139.40879175359922,19863400
2023-09-18,139.59603881835938,139.61476546325227,138.31354218596897,138.6973598429271,6512400
2023-09-19,139.4181671142578,140.15771958020997,137.80803280911252,139.95176934545702,7943400
2023-09-20,138.8284149169922,140.65386993955852,138.67863032943688,140.09218487834835,7332000
2023-09-21,137.7425079345703,139.3433004745327,137.2650855973688,138.15440843768323,8052400
2023-09-22,136.42257690429688,138.0888915099199,135.9170716701995,137.88294122974202,7071700
2023-09-25,137.09658813476562,137.1621242596877,134.52222401576978,136.06685105771544,7044700
2023-09-26,135.6736297607422,136.5255134713151,135.01834009270283,135.36471871200064,7468400
2023-09-27,136.4693603515625,136.75955906802622,135.28046837627247,135.91704574382544,6717800
2023-09-28,138.16375732421875,139.36200547860716,136.68466663396703,136.9374263446685,8868100
2023-09-29,135.75791931152344,139.2590452079911,135.6081347051916,139.10927488590553,11917800
2023-10-02,134.5877227783203,136.31955867978297,133.520532702074,135.58002056869492,9170600
2023-10-03,133.59544372558594,134.41923041723004,133.25843553401722,134.054139400051,9431100
2023-10-04,134.19456481933594,134.3068961192718,132.86524444361987,134.044780229925,8128700
2023-10-05,134.76040649414062,134.94902600061062,132.80832123107882,133.94939154112294,8576200
2023-10-06,136.8350830078125,137.57065291285397,134.04367882202118,134.7698235091785,10270600
2023-10-09,136.5238800048828,137.11798531189535,135.32621539355333,135.47710521963256,6964900
2023-10-10,137.35374450683594,138.40995889388373,137.004824376904,137.13684937657925,11288800
2023-10-11,137.82525634765625,138.84374102392985,136.75963119469503,138.16475123974746,8698200
2023-10-12,137.50462341308594,138.58912775754237,136.86336329119763,137.96671807007812,10484400
2023-10-13,139.56988525390625,144.38881902981274,139.41899543795483,140.0414051365208,29427000
2023-10-16,139.42843627929688,141.00331097441395,138.36279673046786,140.93729128323395,12663500
2023-10-17,139.1266326904297,140.80524204720956,138.42877819786403,139.16436233307783,11482700
2023-10-18,137.5989227294922,139.07948753982038,137.08967324569366,138.2401828028462,9620300
2023-10-19,137.0142364501953,138.64570554852048,136.62760109586821,137.1934163017745,11143600
2023-10-20,134.8075408935547,136.87280042471613,134.02481610747344,136.33527520394097,13332900
2023-10-23,132.9686279296875,135.49596799323533,132.71400312369968,134.79812766595725,10133400
2023-10-24,133.12892150878906,133.6570214733008,132.36506160371712,133.14778633313443,8881400
2023-10-25,132.40277099609375,133.1383408268775,131.56346622047414,132.56310041145807,8242600
2023-10-26,132.7422637939453,133.60043337964612,131.48801925860812,131.79922408824612,9109400
2023-10-27,127.96107482910156,131.17684405250557,127.48955492149321,131.03537944643568,17434700
2023-10-30,129.592529296875,130.17720937589277,128.29112975104002,128.6683543097979,9855500
2023-10-31,131.1391143798828,131.30886902920932,129.63968452745254,129.86601926333935,9672500
2023-11-01,131.0259552001953,132.52538506399418,130.58272533258497,131.3182952427371,9432000
2023-11-02,133.36471557617188,133.4212956740415,131.29945566603985,132.1104706446842,10186200
2023-11-03,134.8546905517578,135.58083522229103,133.77020054443747,134.0908306209058,9538700
2023-11-06,135.8731689453125,135.9769038934277,134.6566396092663,135.01499931905428,7625100
2023-11-07,135.80715942382812,136.04291937904668,134.68495412429016,135.33563951339102,6297900
2023-11-08,136.4767303466797,136.58989052573705,135.43938073983261,135.90147545372747,7618200
2023-11-09,136.07119750976562,137.3537321294573,135.5148075176755,137.15570184261244,7992500
2023-11-10,138.0893096923828,138.136464559863,135.87317481726728,136.68418961313236,7983300
2023-11-13,137.47633361816406,137.91956345188186,136.89165357778936,137.40088871139884,6676300
2023-11-14,139.9848175048828,140.7486773711874,138.17418298003085,138.32505839820212,9927700
2023-11-15,141.21078491210938,141.60685990157586,140.00369511859856,140.00369511859856,8365300
2023-11-16,142.82339477539062,142.89883969668293,141.54085989271647,141.54085989271647,8126200
2023-11-17,144.1153564453125,144.15307170777956,142.90825220167514,143.53066195472735,7812400
2023-11-20,144.55857849121094,144.99238317230925,143.2666184458422,143.41750828184567,7019000
2023-11-21,144.25680541992188,144.87921516759508,143.87959523992686,144.47370055393674,7083500
2023-11-22,144.5962677001953,145.1149423728502,144.19075317806775,144.67171259709446,5174500
2023-11-24,144.79432678222656,145.6430712490366,144.54914161073685,144.84148165087916,3496900
2023-11-27,144.46426391601562,144.78489398263042,144.01160885787445,144.69058425026378,6259100
2023-11-28,144.79432678222656,145.10553164775902,144.02104161697716,144.492561524212,6582700
2023-11-29,145.5299072265625,146.76528704849733,145.22812758688474,145.3884426243466,9126100
2023-11-30,147.18966674804688,147.23682162015268,145.586501823976,146.08631181107492,9869800
2023-12-01,147.90635681152344,148.86826142383205,146.94446658886,146.94446658886,8916000
2023-12-04,148.99087524414062,149.04745533437793,147.0010605294652,147.13308553656773,9607500
2023-12-05,148.9720001220703,149.47181007082003,148.02896031089793,148.3024355246939,9135600
2023-12-06,147.40655517578125,150.15080456532945,147.11421512755064,149.79244482122945,9366000
2023-12-07,147.85919189453125,148.34957657978003,147.25564704716516,147.76489655598155,8130900
2023-12-08,149.49070739746094,149.73589262139996,148.0384177143064,148.30246776767112,7369400
2023-12-11,150.03762817382812,150.2262332436277,149.1417289104025,149.49066339865834,8093900
2023-12-12,151.3767547607422,151.4993401514318,149.83017004353027,150.16022534418147,10223000
2023-12-13,151.88600158691406,152.800751426603,150.66948646661925,151.3767663804212,12379100
2023-12-14,154.64907836914062,155.4506534429621,152.49894910461222,152.61210925864745,13643000
2023-12-15,155.8184814453125,155.86563631908845,153.1402515347454,153.79095137977095,20309300
2023-12-18,156.76148986816406,157.61023425667324,156.19567466546889,156.46914985499157,8469600
2023-12-19,158.8550567626953,158.87392158842906,156.12024700678276,156.54461205309389,10345700
2023-12-20,157.0632781982422,159.76037254396365,156.9689684644074,158.42125778345093,10734700
2023-12-21,157.95913696289062,158.5155268873352,156.24279794080266,157.3367273577614,7601700
2023-12-22,157.86483764648438,158.64756231245275,157.7045226266562,157.95914737092147,6576300
2023-12-26,158.7984619140625,159.15682162146308,157.65737749239696,157.92144185918576,4683600
2023-12-27,159.75096130371094,159.81698100704742,158.03463608238192,158.27982128838673,6428600
2023-12-28,160.59970092773438,160.9391958738307,159.37374615629497,159.70381588348346,6320100
2023-12-29,160.4110565185547,160.96744648038407,159.96782671448216,160.31674679399487,6435100
2024-01-02,162.27828979492188,162.3631599230326,159.2888553688662,159.45859562508764,9977400
2024-01-03,161.571044921875,162.24059526365164,160.66572019045705,162.07085497068803,9852300
2024-01-04,162.64320373535156,164.48398435248927,161.81769021916986,161.91258148993217,11972500
2024-01-05,163.45924377441406,164.5124733318374,162.70015693042274,162.70015693042274,10066000
2024-01-08,163.22201538085938,163.54462255510825,160.8214137681895,163.22201538085938,11229900
2024-01-09,161.93157958984375,163.00377577413855,161.40022316605578,162.8424721796584,9923600
2024-01-10,162.27317810058594,162.33010708122012,160.30904139844134,161.30534199467218,9670200
2024-01-11,161.58999633789062,161.6469253167498,160.01489369036094,161.6184608273202,11919500
2024-01-12,160.40390014648438,167.29258049499637,160.261563245395,164.9109602585302,19436500
2024-01-16,159.39813232421875,159.49300912270533,155.8968555922771,156.43769533094127,17206400
2024-01-17,158.544189453125,160.42293290764556,157.97488510073214,158.78140321955019,11107500
2024-01-18,158.85726928710938,158.9616438945128,156.7887727674102,158.5726099507023,9382300
2024-01-19,161.59947204589844,161.84618358047715,158.53467484219206,158.98063779337124,13115700
2024-01-22,161.40969848632812,163.1840524158629,161.03016233915122,161.7418034738899,12837500
2024-01-23,160.34698486328125,161.06810933054288,159.8251118048267,160.99219920582442,8360800
2024-01-24,161.77972412109375,162.26363479921218,160.22360301366803,160.69803035713164,9967100
2024-01-25,164.09494018554688,164.14238581797116,162.16876623178902,163.497157069424,8873500
2024-01-26,163.46871948242188,164.20882513921873,162.9942920368661,163.78184333389387,7443000
2024-01-29,163.8957061767578,164.00008079702863,162.5388505916141,163.43077653240536,6971200
2024-01-30,167.25466918945312,167.71959885740603,163.99060578443397,163.99060578443397,10822100
2024-01-31,165.44232177734375,169.1808119667958,165.42334062759713,167.18821111627943,11521800
2024-02-01,164.84454345703125,165.89777288401743,162.6621744802231,164.7591499982318,9354800
2024-02-02,165.79339599609375,166.82765873693674,164.398578274706,164.4365405747899,8607600
2024-02-05,165.57521057128906,166.13503159067318,164.07601781553032,164.96794390248368,7820200
2024-02-06,166.14450073242188,166.8751085895703,164.87302414792433,165.6795566137463,6764800
2024-02-07,166.4575958251953,166.87509426680478,165.0627925456374,166.70430734707855,7225500
2024-02-08,165.85984802246094,166.34375883435635,164.69276048884402,166.04961611663302,6060300
2024-02-09,166.05909729003906,166.14450523792445,164.78763514943896,166.04961395288615,6296700
2024-02-12,166.7991943359375,167.76703037532326,164.81609109548293,165.84085611158963,8539300
2024-02-13,165.34744262695312,167.21668785869483,163.79132123629455,166.35324093999716,8397600
2024-02-14,167.0269317626953,167.09335855725456,165.49927474998213,166.11603914000582,7056700
2024-02-15,170.67051696777344,170.99313861983137,167.1407757730594,167.1407757730594,8723400
2024-02-16,169.87347412109375,170.7748832877289,169.04797507605818,170.42381164390923,8152600
2024-02-20,170.53770446777344,171.2303790396539,169.28522340114444,170.02532914014753,9668000
2024-02-21,171.64785766601562,171.73326561657646,169.38959269081207,170.7464483434242,7024000
2024-02-22,173.70687866210938,174.0389691999663,171.970472406029,172.52081000181218,9296500
2024-02-23,174.57984924316406,175.72795576800954,173.82076229278545,174.40904780209868,7105800
2024-02-26,173.98204040527344,175.02578661879247,173.1470434344582,174.3520932485434,7145400
2024-02-27,174.0674285888672,174.15282205509578,172.91932226723353,173.93458948194154,5717100
2024-02-28,174.94985961914062,175.72791305734785,173.60248748692752,174.04843594056865,6131600
2024-02-29,176.54393005371094,176.89500171310078,174.4469689552258,176.16439390725577,9643000
2024-03-01,175.81332397460938,176.90451583340356,175.6330536993716,176.20235797152844,6311800
2024-03-04,177.13223266601562,177.99569413338153,174.84550327171607,175.26300176048102,7063600
2024-03-05,178.90660095214844,179.61824215364595,176.82860632723535,176.82860632723535,6617800
2024-03-06,179.83645629882812,180.3488460192698,178.0336378978686,179.570778102442,7572900
2024-03-07,178.26138305664062,180.75687632347888,177.08481213046088,180.19705535193344,7618300
2024-03-08,178.5934600830078,180.7189001480093,178.3088007338345,178.80220930717653,6172200
2024-03-11,178.6598663330078,178.80220324195417,176.69574439925185,177.70152818428755,5762600
2024-03-12,180.13059997558594,180.43424047505954,178.2993170776544,179.28611974419184,5708400
2024-03-13,181.59185791015625,181.92394844272968,180.1306132360268,180.62402184480607,7795500
2024-03-14,178.35626220703125,181.8290747228508,177.5307630516754,181.25975597395745,10310900
2024-03-15,180.56710815429688,181.17437477098684,176.94247512959424,176.94247512959424,17214200
2024-03-18,182.806396484375,182.84434431154483,180.17806424275938,180.88022211160907,9013800
2024-03-19,183.87860107421875,184.01144019291252,182.54072654965233,182.85385043194006,8478700
2024-03-20,186.28866577148438,186.5068983228866,183.7077795412809,184.2581170660835,9367000
2024-03-21,188.87905883789062,189.23013052665834,186.2886889495495,186.46897370163362,11203800
2024-03-22,186.5638427734375,190.22642320705918,186.48793264526574,188.83160536845347,8108800
2024-03-25,184.85594177246094,186.86750977989115,184.41946209318417,186.5449025482049,8620000
2024-03-26,185.71937561035156,186.6018182440371,184.13478957869043,184.6376815447347,5961500
2024-03-27,189.31553649902344,189.3914466295502,186.33613264813874,186.4499906047404,8725800
2024-03-28,190.05563354492188,190.45415085331146,188.38563970590695,189.28706341600085,8628300
2024-04-01,188.76519775390625,190.66290757030683,188.41412607095276,189.76149830319193,7309000
2024-04-02,188.6892852783203,189.56223004560812,187.9491796173942,188.24332231873962,7014700
2024-04-03,188.157958984375,189.35351113308522,187.58864016401068,188.86010245399476,9353400
2024-04-04,186.726318359375,190.57250726060758,186.63088813761217,190.06668194049317,9243800
2024-04-05,188.44424438476562,189.08368373972885,186.21097596961084,187.21308807266684,6532300
2024-04-08,189.42726135253906,189.90445619693176,188.60648563767035,188.60648563767035,8001000
2024-04-09,188.15792846679688,189.80903317635733,186.02010480291608,189.03597982912675,7351500
2024-04-10,186.55455017089844,188.0815794697576,185.32337934002095,186.63090309212447,7681400
2024-04-11,186.51634216308594,187.6043602268826,184.42624128812224,187.06035119498426,10137700
2024-04-12,174.45289611816406,180.31284860479283,174.2142986804954,179.73068483719993,31532300
2024-04-15,174.54832458496094,178.90989232756837,173.88979338856458,176.0848925222756,14766600
2024-04-16,172.55368041992188,174.80604095219934,171.4561234016168,174.5578902815886,16451800
2024-04-17,171.86648559570312,174.09975382543902,171.02661806472688,173.0976418055842,9017100
2024-04-18,172.983154296875,174.99691739285814,171.7615364963844,172.84000164948662,9557700
2024-04-19,177.3256072998047,177.40196022253804,173.1358371435667,174.08067361637623,13402300
2024-04-22,180.77096557617188,181.45812735942548,177.49740116944542,177.5069543871332,11529700
2024-04-23,183.3764190673828,183.46231063719642,181.83031255941904,182.41249080398302,9144400
2024-04-24,184.2735595703125,184.41671219594375,181.49628213042132,181.83986299476692,6964900
2024-04-25,184.55032348632812,185.0943325814848,182.46020780549338,183.48141172959566,9802300
2024-04-26,184.6648712158203,185.9819191199223,184.25447606565834,184.74122414056745,6413700
2024-04-29,184.4644317626953,185.3997295490782,183.65319472901302,184.65530678155278,5387800
2024-04-30,182.9947052001953,186.0964720452048,182.8992603952158,184.01589471187933,8153700
2024-05-01,183.1092071533203,185.59062618122607,182.08800319125083,183.50051042268325,7445300
2024-05-02,182.91831970214844,184.67439312359332,180.87592647957385,184.2640125734771,6501700
2024-05-03,181.82077026367188,183.74864146909349,179.86428309609008,183.2428161104816,8922800
2024-05-06,183.24281311035156,183.43368812810877,181.16225065998637,182.98512382682264,7911100
2024-05-07,183.0042266845703,184.13039955093174,182.90878188854626,182.95650428655827,7688800
2024-05-08,186.726318359375,187.6807079539802,182.28841256959262,182.28841256959262,9227600
2024-05-09,188.49197387695312,188.57786545857692,186.2014443233279,186.26824403253585,7977300
2024-05-10,189.70404052734375,190.24803507157247,189.22684568795714,189.48452041598773,7529800
2024-05-13,189.6658477783203,190.734774070511,189.00731660118564,189.7326620428204,7049200
2024-05-14,192.3190460205078,192.38586028369684,189.12184954887874,189.92353333016814,8596200
2024-05-15,192.8917236328125,193.44527146599475,190.65845498926635,192.79627882739626,8370000
2024-05-16,193.2352752685547,195.1535932389949,192.77717231019278,192.9966778539951,8497900
2024-05-17,195.44944763183594,195.69759825802052,193.55976022547813,194.51414986383685,9260500
2024-05-20,186.6595458984375,196.48976306989658,186.4877481736679,195.06771712380632,17373300
2024-05-21,190.4198455810547,190.78250378063117,187.6330292793257,188.0147793513531,14420800
2024-05-22,189.26502990722656,191.77507962196466,188.6733129194728,189.92356116796256,9425300
2024-05-23,187.93841552734375,189.25547795628643,187.12719303061385,188.78782176676148,8069400
2024-05-24,191.55555725097656,191.6032650842563,188.54922104999036,188.73055741751145,7356200
2024-05-28,190.40077209472656,191.2692703397123,189.59908812835505,190.74435301786195,6910200
2024-05-29,189.07411193847656,189.91397939194528,187.9097555371963,188.969128506793,6120000
2024-05-30,190.23849487304688,190.7347815795727,189.35090490632123,189.5036107487647,6829100
2024-05-31,193.38796997070312,194.02740925735446,189.30318363373397,190.2098508442745,14417900
2024-06-03,192.61492919921875,193.18755426057615,190.10487971991847,193.0825708149027,6444300
2024-06-04,190.07623291015625,192.7676039624625,189.23636541672454,191.0306224934816,6848300
2024-06-05,188.26292419433594,190.70617428252737,187.9384351617438,190.6488986625119,8351600
2024-06-06,187.92884826660156,188.9882212410521,186.42091104225034,188.2628758687044,7640300
2024-06-07,190.83021545410156,191.75597461770602,188.024307437637,188.42514935958465,6964500
2024-06-10,190.5057373046875,191.67963261173603,189.38910305220256,190.15261775965763,6070800
2024-06-11,185.49517822265625,188.9118950141953,184.7698473106833,188.8832644889089,9235300
2024-06-12,182.7942657470703,187.74755082799157,182.5842988392324,187.0603890501278,12751300
2024-06-13,184.82711791992188,185.70515472071864,182.17391564540972,183.54823918155475,8587800
2024-06-14,184.941650390625,185.97239310049383,182.68928992746697,182.7179204558384,6874000
2024-06-17,186.08689880371094,186.65953844630556,183.85363041068777,184.6553142600554,8725400
2024-06-18,188.01475524902344,188.93097569239987,185.2756616981407,185.7242259848272,9023000
2024-06-20,189.6085968017578,190.35301959036525,187.16536154039684,187.43258948693125,8731100
2024-06-21,187.3467254638672,188.17703995108425,185.36159288134655,187.73802878699618,20972100
2024-06-24,189.8090057373047,190.14303335508282,188.11019343734003,188.78780188897784,9785900
2024-06-25,189.0359649658203,190.94474426582192,188.72101463378038,189.05504227358247,6862500
2024-06-26,188.42515563964844,188.91190371760356,187.3276132855566,188.44424751166255,7758600
2024-06-27,190.0857696533203,190.74430078925033,187.919301243349,188.4346797683504,7913500
2024-06-28,193.03488159179688,193.35938520144512,190.2098958528379,190.88750447631463,15307600
2024-07-01,196.079345703125,197.64454410688455,193.416605054855,193.5883881973363,10205800
2024-07-02,199.30520629882812,199.33383682530447,195.43038637882975,195.92665854630712,7802900
2024-07-03,199.17156982421875,200.78449059341636,198.1789964757142,199.99234547043878,5560900
2024-07-05,196.53245544433594,199.00842649532183,196.27335292204722,198.64375880499992,8093100
2024-07-08,196.89712524414062,198.55736401431693,195.74551462114852,196.7723624234459,8707000
2024-07-09,199.25796508789062,201.30206944737745,197.16585925201633,197.33860892161442,9058900
2024-07-10,199.42111206054688,199.58425558028438,197.2906255075793,197.82804290048543,8328500
2024-07-11,199.08522033691406,199.70901989248074,197.0986942703721,197.89522885627903,10658100
2024-07-12,196.6764373779297,199.085224201204,193.9509550160253,195.77433759701847,15443400
2024-07-15,201.5803680419922,203.07746338803915,198.3846385255346,198.83568835973134,10719700
2024-07-16,205.0064239501953,205.12159527581198,199.68981390311083,201.5323940342005,11557000
2024-07-17,208.1253662109375,208.78754638356358,204.67053414664076,205.17916232258048,11572500
2024-07-18,201.51321411132812,207.90467411348138,200.80306165121763,206.9354044523305,12415100
2024-07-19,201.32125854492188,203.787638142558,200.49593484279177,202.68399960778325,8095900
2024-07-22,201.80111694335938,203.61490803175306,201.2541080213492,201.9738666221963,7663200
2024-07-23,201.84909057617188,202.95271450120742,200.90861016610094,202.5112707886033,5557300
2024-07-24,200.1792449951172,203.4805398970385,199.6802229423339,201.10054238495405,7119000
2024-07-25,200.25601196289062,201.71472666285024,199.66101627259542,200.23681430218042,6403800
2024-07-26,203.6820831298828,204.56498521561846,200.20803848586095,200.8030488593653,8027800
2024-07-29,202.34811401367188,204.99682004630137,202.0602076823259,204.0755227146991,6533600
2024-07-30,206.51312255859375,207.08892060425245,204.37304460068856,204.63214713164874,8850700
2024-07-31,204.21949768066406,207.66473846208044,204.09473484474648,206.11965617262393,9071600
2024-08-01,199.5746612548828,205.20796693510616,198.05836812142135,204.6033650548551,10918600
2024-08-02,191.1102752685547,196.41729340747878,188.95099978059565,195.6591542348571,18041700
2024-08-05,187.041259765625,188.2600550784406,183.20254728490596,186.22554214958782,13927000
2024-08-06,192.26187133789062,194.4307528130012,186.1775168281582,187.5210600612615,10605800
2024-08-07,192.3194580078125,197.45374096940827,192.12752534383736,195.3040570597253,9204400
2024-08-08,195.8319091796875,196.6476414155857,193.6534358098913,194.30602452731497,7761200
2024-08-09,197.50173950195312,198.14472201831654,194.71866445703174,195.26568795748204,5540200
2024-08-12,197.87600708007812,198.78769824177664,195.44802293711754,198.08713740933766,6936000
2024-08-13,199.5554656982422,199.69941155528463,197.11787513313567,199.35392685485715,6387800
2024-08-14,201.7627410888672,202.26176318738948,198.76853528010065,199.36354569530272,6999800
2024-08-15,203.01988220214844,205.26552518971098,202.5880300343132,204.41141236229493,7001000
2024-08-16,205.34231567382812,205.45747235510242,203.05827720505397,203.15425086846594,7931200
2024-08-19,206.76263427734375,206.83941027906192,205.19836900335173,205.37110402457384,6090800
2024-08-20,205.87014770507812,207.29046717628404,205.06400698142428,206.33078908750494,5640000
2024-08-21,205.9468994140625,206.33076474687974,204.25785680520957,205.7837412719152,5202300
2024-08-22,207.89505004882812,208.05819355178016,205.6973792260983,205.92770721801395,5247100
2024-08-23,209.50729370117188,210.35181499430405,207.7702789315898,208.825930548005,7214000
2024-08-26,210.3326416015625,210.82207214735465,209.25780684522277,210.17908959536388,5105200
2024-08-27,211.30191040039062,211.5322384088343,210.3518384830516,210.6589278507846,5185200
2024-08-28,212.36715698242188,213.25007370690733,210.35184179007584,210.40942013221067,6506400
2024-08-29,213.2500762939453,213.98901788500726,210.11192481779804,213.19248330758634,6416100
2024-08-30,215.73562622070312,216.38820025870874,212.981340289583,213.5283638010213,8574100
2024-09-03,211.41708374023438,215.0638633692745,210.39982731942075,213.33643989830546,8956100
2024-09-04,210.48617553710938,213.11569850429112,208.4516628819831,212.12721670145393,7389500
2024-09-05,208.85475158691406,211.89692943579365,207.31926075481468,211.2731298787107,8067900
2024-09-06,203.8931884765625,209.9199649722642,202.57841969666674,208.8259326693763,7777000
2024-09-09,208.0677947998047,209.35375986693387,205.54383685302398,206.51312105129102,8935100
2024-09-10,197.27142333984375,209.82401435534237,192.52101978319223,209.78563367537953,28406900
2024-09-11,198.87408447265625,199.32513434186177,193.69182869664772,196.97392597392317,13658700
2024-09-12,198.26950073242188,200.3615919553569,196.62844474311245,199.27715101962826,9054400
2024-09-13,196.0814208984375,199.46908315177689,194.83383653849526,198.51899663631963,10226700
2024-09-16,199.47869873046875,199.8145919368192,197.30022525287094,197.53055327809923,8634900
2024-09-17,200.81263732910156,201.46521139164926,199.28675270326914,199.35392255393126,7573300
2024-09-18,199.1619873046875,202.81835838288768,198.36545275492742,200.58230673818105,8259900
2024-09-19,201.99302673339844,203.3653739246752,198.9796383186764,201.32125504416572,11635200
2024-09-20,202.5784454345703,202.8951409629487,201.05256077890448,201.46521533060852,20885000
2024-09-23,202.91432189941406,203.25980657066546,201.52279170592422,202.4920612297152,7223500
2024-09-24,203.0582733154297,204.3634360377964,201.88746493315114,202.63601263414566,7323200
2024-09-25,201.71473693847656,203.68207992104146,200.19844382266885,203.1446478984502,8976500
2024-09-26,201.32125854492188,203.16383862893971,200.582302352154,202.61682975945425,7807500
2024-09-27,202.01222229003906,203.87399998332447,200.88940076897532,202.15616813497374,7032500
2024-09-30,202.35769653320312,202.45367018723,196.98349406521893,197.9911588584064,8663800
2024-10-01,198.69171142578125,200.65905410347787,197.87599397450813,200.47671295451005,8540100
2024-10-02,198.93165588378906,200.52472495596922,197.39617979497947,198.73013169432915,5810900
2024-10-03,196.9547119140625,198.16391556637382,196.10059907948147,197.85681157736644,7251300
2024-10-04,203.94537353515625,204.37987213930614,199.78381659479555,202.09150201972523,10211700
2024-10-07,203.6653594970703,205.9827100132501,202.4680757269759,203.7619212935509,6718900
2024-10-08,203.49156188964844,204.0515878849043,201.20319174460775,203.32741862551052,6021800
2024-10-09,206.06961059570312,206.86137608833337,202.16875851799102,202.47772975256393,7024000
2024-10-10,205.5095672607422,207.41171960680364,204.18675618891916,207.41171960680364,7927100
2024-10-11,214.6340789794922,216.89349797730637,207.74965411869448,208.2420838481715,18320700
2024-10-14,213.8520050048828,215.99554718168815,211.34156042358927,215.51276767760157,9048900
2024-10-15,214.7306671142578,217.68527532023913,214.1803061412129,215.95693117924253,9235800
2024-10-16,215.93760681152344,215.97622268757254,213.42714760377535,214.6727269219523,6382500
2024-10-17,216.6907501220703,218.0715071604394,215.6189790372494,216.54592216463283,6470200
2024-10-18,217.6080322265625,218.1390926356883,215.416223853029,217.25078010281487,7000500
2024-10-21,215.31964111328125,217.92664727427885,215.22307932710135,217.46318311378727,5870000
2024-10-22,216.4010772705078,217.52112924082374,213.48509971320877,215.33897121583806,9586800
2024-10-23,215.7155303955078,217.05765675812557,214.86583379761672,215.95692013506684,6180500
2024-10-24,217.23146057128906,217.3087070595921,214.02581233964898,214.18995560232,6002200
2024-10-25,214.65342712402344,217.84942517866347,213.27268477329852,217.25078329046238,6369700
2024-10-28,217.73355102539062,217.868728693903,215.27137266803004,215.65760510182318,6843000
2024-10-29,215.2230987548828,218.94050685947278,215.13620197943288,217.45355245759362,6580000
2024-10-30,216.68112182617188,218.5156782284479,213.94858779686743,214.87551628506026,7110900
2024-10-31,214.27684020996094,217.91700157327347,214.18029315501,216.96109290971893,7829900
2024-11-01,215.26171875,218.36115478761525,215.0299792936343,215.86036059570225,6923500
2024-11-04,212.21055603027344,216.05347672838175,211.62156445041862,214.9817056480971,8229600
2024-11-05,213.86166381835938,214.3154777176928,212.42297563395553,212.45194122469928,5600700
2024-11-06,238.55101013183594,239.4586379717928,226.68429620853013,226.90637065875526,23987800
2024-11-07,228.23883056640625,236.14676076756385,227.11877864228583,236.07916456872846,16451100
2024-11-08,228.8181610107422,231.09688077350958,227.65949319123993,231.09688077350958,9502100
2024-11-11,231.0486297607422,233.7618631983397,230.76862410534196,231.73418320201702,9017100
2024-11-12,231.30929565429688,233.1438664671285,230.53684556117094,232.265204302032,6861000
2024-11-13,232.8542022705078,235.68328295062503,232.03347126141182,232.29417630585863,11472600
2024-11-14,233.5397491455078,235.87640014281013,232.7479984317867,234.07080953881766,10172200
2024-11-15,236.86126708984375,237.93303812916133,233.1438739185833,233.1438739185833,11518800
2024-11-18,236.5908966064453,239.3910115292734,234.3218272931725,239.2268682839051,9051400
2024-11-19,234.7177276611328,236.70677679200912,233.2307733224933,233.90666165823853,6792700
2024-11-20,232.48727416992188,236.1853665791003,230.4209786829753,235.9825927244949,9015300
2024-11-21,236.33023071289062,237.0350994361045,233.77150509187655,234.85292652668068,8783500
2024-11-22,239.9896697998047,240.56899630530003,234.65978049634109,235.2198064316017,7997300
2024-11-25,241.66973876953125,245.55128980408418,240.48210540768852,240.99385046333052,10295400
2024-11-26,241.3607635498047,242.3552880551951,239.78689780117762,241.86285831172583,6212100
2024-11-27,241.1869659423828,242.53875732525523,240.20210641192003,240.76213237626226,5472300
2024-11-29,241.11940002441406,243.09879896511487,240.85869496329937,241.25457769809182,5494800
2024-12-02,237.76889038085938,241.63112616369568,236.5909072884335,240.95523784835137,8899700
2024-12-03,236.3881378173828,240.46278283539104,236.20467926840362,239.68068248090884,6657700
2024-12-04,235.0170440673828,236.89989581875426,233.8873418565162,236.2722736572103,7346300
2024-12-05,237.02540588378906,238.66685314495626,236.19502460109126,236.93850911465168,6572500
2024-12-06,238.84066772460938,239.20758484833834,236.4074549916763,237.23783629630563,5519700
2024-12-09,235.4129180908203,239.33308495141208,235.36463719813491,238.61858077940386,7076500
2024-12-10,234.4956512451172,239.42000786865495,233.87769409575165,235.49017580217017,9108300
2024-12-11,235.142578125,235.85709707692163,233.8390676036829,235.59639202600604,7884400
2024-12-12,233.21145629882812,235.692949917877,232.73832710066324,234.63082916006218,6113800
2024-12-13,231.6762237548828,234.3604765375674,230.9037736251097,233.7328690945859,10392700
2024-12-16,231.32861328125,232.38106899290696,229.33956421642742,232.32313781366128,9032000
2024-12-17,230.150634765625,230.78790721651086,228.4802218867217,230.43064038196303,8083600
2024-12-18,222.43582153320312,230.83619659782678,221.6247555113085,230.76860039603835,11322400
2024-12-19,224.93661499023438,228.21950946148152,224.27037697069503,224.27037697069503,11790800
2024-12-20,229.4168243408203,230.97137492047273,223.61380532033132,223.93244155838863,32348400
2024-12-23,230.1796112060547,230.4016856524641,226.79050439374112,227.93952196997523,8611500
2024-12-24,233.964599609375,234.13840789117347,230.8361978696138,231.18378496668848,3729100
2024-12-26,234.7660369873047,234.8818993636749,232.49696722830464,233.11492445771663,4451800
2024-12-27,232.86386108398438,235.0074032318014,231.77277470486047,234.3604804730654,5730200
2024-12-30,231.0775909423828,232.54523003977909,228.9436990328983,230.54653053655986,5723800
2024-12-31,231.4541473388672,233.12456023279114,230.79755957752477,231.78243385290807,4871000
2025-01-02,231.73416137695312,234.9011937371106,231.20310097714537,232.6224738942401,9220900
2025-01-03,234.9011688232422,236.4460689618726,231.9851768098756,235.49016034360332,9491100
2025-01-06,233.75595092773438,238.45338882592614,233.4938994273639,236.52199744283416,9917800
2025-01-07,236.0076141357422,238.036051249581,233.8044710816832,235.00795317306168,8753400
2025-01-08,235.96878051757812,237.05578696137664,233.41624059042408,235.5999684129956,8675300
2025-01-10,232.80479431152344,236.62874677173156,231.70808773150114,235.9299526770056,10256800
2025-01-13,237.01699829101562,237.33726537542867,231.96044811515128,232.61071202939766,10005300
2025-01-14,240.1809539794922,240.42359041299397,235.05647368868276,235.51263136841433,12407400
2025-01-15,244.917236328125,246.19834907161936,236.50259128635952,243.02466018784034,18448500
2025-01-16,246.78067016601562,249.46908602016472,244.8978090555052,246.51861866884337,15292300
2025-01-17,251.52664184570312,252.94363035716344,244.71340648745428,246.65449800073918,17678100
2025-01-21,255.28265380859375,256.46672083789156,251.85662841034198,252.4098466101375,13712100
2025-01-22,255.09829711914062,255.6224002319038,252.58458663159612,255.1565275073685,9021900
2025-01-23,258.11663818359375,258.99980869731013,256.03965618936724,256.8937411358266,10749700
2025-01-24,257.0393371582031,259.2327800677332,255.26325143834285,255.92321545084891,7666300
2025-01-27,258.01959228515625,258.13605303558734,254.535336614133,256.3890825417096,7522300
2025-01-28,259.2716064453125,259.4559828890109,257.02961850864546,258.0195941318063,7375400
2025-01-29,258.7280578613281,262.7073011271936,257.78662735417487,259.3395063870375,7684900
2025-01-30,260.3294677734375,261.75617104949805,258.766873890751,260.71768010583645,8753500
2025-01-31,259.4268798828125,262.8432200467561,259.0968978658329,261.3000557826277,7193800
2025-02-03,258.9512939453125,260.2712514893426,253.99181967172157,254.11796573208338,8381400
2025-02-04,260.04803466796875,261.8920656979003,258.97071346699056,261.8920656979003,5626000
2025-02-05,262.46466064453125,262.6684965624178,260.4265087965908,260.9894418764152,5704400
2025-02-06,268.7441101074219,268.8217703532776,263.20230221236784,264.4251993255983,7264400
2025-02-07,267.676513671875,270.3455145608461,266.6186223283094,269.10321715000055,6857900
2025-02-10,263.0567321777344,268.0453220031556,261.64942897239877,268.01620681498275,8627400
2025-02-11,266.890380859375,268.08416285966723,261.71738476219014,262.299718167667,7196400
2025-02-12,267.3368225097656,268.3073682010428,265.20161014147436,266.0071500330046,6683900
2025-02-13,268.18121337890625,268.81206220355733,265.74513402635904,267.38535874167565,8398700
2025-02-14,268.4432067871094,271.0054614151681,268.307345803398,269.2002311783628,5688600
2025-02-18,271.7043151855469,271.7237154392855,267.8900475882826,268.6082716385242,7919800
2025-02-19,271.02490234375,271.9954480996811,269.0546956439582,270.18053227508295,7007200
2025-02-20,258.9415588378906,270.52987587748925,257.9127828530896,270.47164550994967,13846700
2025-02-21,256.4570007324219,261.27092900098586,255.0982425996441,260.4168439978953,12835600
2025-02-24,253.6424102783203,259.1357025074417,250.99280984837583,257.67016901902093,10372800
2025-02-25,249.81845092773438,255.25351263379156,245.88775278979048,254.50620312645628,9608400
2025-02-26,251.16751098632812,253.2250629756072,249.3622807192329,249.58551687607053,5943600
2025-02-27,251.41986083984375,255.87469182858476,250.2649090455339,252.51658225954176,8204400
2025-02-28,256.85491943359375,257.0102103033765,250.29405049282587,253.0503967893836,10467100
2025-03-03,252.94363403320312,258.47575677394605,250.22611772259287,256.2240834773225,9058300
2025-03-04,242.87905883789062,249.6534784144641,238.70570941047404,247.76090247214182,13465600
2025-03-05,244.12135314941406,245.5965867262712,240.53033710346665,243.84960154438141,7861400
2025-03-06,239.27835083007812,242.0152970466892,236.66759511360632,240.80211481791196,9983200
2025-03-07,235.14382934570312,239.45305495919504,232.36806783489953,238.00693642207267,20498700
2025-03-10,225.380126953125,230.5143072655119,221.9638018922669,229.25260968443942,18887200
2025-03-11,222.39085388183594,226.44774284176466,220.01301974210133,224.9239788967364,18143000
2025-03-12,221.1873779296875,227.41829488617915,220.56622922120076,227.1077131272591,16054000
2025-03-13,218.5572052001953,222.74025511632564,217.62547474110963,222.54614892341084,16467900
2025-03-14,225.59364318847656,226.27302221151962,220.87679052941755,221.40087868737876,11962100
2025-03-17,227.0397491455078,228.72850399973166,223.67196918142557,224.37074846283141,9586000
2025-03-18,228.0491180419922,229.21376988809178,226.64182977756553,227.4182692780825,10344900
2025-03-19,232.0672149658203,235.1923737361255,227.97151036149126,228.7964802441532,10120600
2025-03-20,231.97012329101562,234.63912397597252,229.2428922333378,229.59228927901535,8328500
2025-03-21,234.51296997070312,235.16323383404452,229.53406562636874,230.8054781658387,19326900
2025-03-24,240.7535858154297,241.36503440089746,237.21109961277028,238.24957590512537,9422700
2025-03-25,243.733154296875,244.4028332211237,240.32652930123646,241.96675395701018,9287700
2025-03-26,243.6361083984375,247.16889448049588,242.4229261613384,245.1598723967236,12779300
2025-03-27,240.81179809570312,243.25757744441526,239.89948275399726,242.1802711082619,8022500
2025-03-28,235.697021484375,242.16084438052914,234.00826669006625,239.66654971371304,11978400
2025-03-31,238.0748748779297,238.61837812715723,230.36873927152533,232.35836101622476,13603000
2025-04-01,236.48316955566406,238.45337614807622,233.78505368597595,235.47379373127083,8054700
2025-04-02,238.57955932617188,239.9674326166383,234.34797933558323,234.4838551459041,7758800
2025-04-03,221.9541015625,228.21411845193424,220.6050436132751,227.36974842028587,17188500
2025-04-04,205.3434295654297,212.58923458837728,204.02511643608108,210.2553432331429,27170700
2025-04-07,209.40579223632812,216.83713987942957,197.4140796651513,200.9393316199066,22914400
2025-04-08,211.77871704101562,222.4911845873146,208.24370556467724,218.27260941397304,19485700
2025-04-09,228.8385772705078,231.90486132012154,206.04651599659482,207.51130165533837,24022400
2025-04-10,221.77833557128906,224.9422782580252,214.9329086419956,224.60048894505405,18896400
2025-04-11,230.65493774414062,232.97906934942662,219.71787325553504,220.99711715573133,20284500
2025-04-14,229.20965576171875,234.1508635519738,228.14524845049638,231.53378705459363,13017800
2025-04-15,227.65699768066406,233.04739831448416,227.35427768752865,230.55727455130136,10912900
2025-04-16,224.21961975097656,228.0964202463851,222.57905209596737,226.5535109270035,9322300
2025-04-17,226.5144805908203,228.83859723978307,225.13757837531108,225.38170933973876,9557900
2025-04-21,223.6142120361328,226.36800167119193,221.02641477455015,225.21571062759392,8716200
2025-04-22,230.0592498779297,230.44986835764868,225.9383180454656,226.53399818903708,10701400
2025-04-23,235.22508239746094,240.99632733668028,234.36573659509583,234.5805730456871,14126800
2025-04-24,238.89678955078125,239.7073061190241,232.00253368423319,234.1118287364866,9055200
2025-04-25,237.8323974609375,239.85379417404548,236.07465147090528,238.9065648044329,8588600
2025-04-28,237.51011657714844,241.04512791658067,235.18598519677712,238.81865487510098,7394300
2025-04-29,238.87725830078125,239.49247309158469,236.01605058594708,236.50431250866183,7216800
2025-04-30,238.87725830078125,239.4631785682675,232.83257331348125,235.5473233123009,12991700
2025-05-01,241.09397888183594,242.61735374261244,236.4847850001896,237.13905420831426,8689600
2025-05-02,246.58203125,247.66597331622904,243.60364543700763,245.36137644120922,7165000
2025-05-05,246.630859375,249.16982732673011,244.7071062124704,245.28325170363556,5450700
2025-05-06,243.3985595703125,246.71873456309945,243.1544286178849,244.13095242759528,6369900
2025-05-07,243.5352783203125,246.5234388677099,242.98842735746476,243.98448584012095,8724100
2025-05-08,247.51950073242188,249.87292678022158,245.64457673393773,245.66411138304096,8320100
2025-05-09,247.13864135742188,249.51158700328907,246.41600839213655,248.5253033443988,5087600
2025-05-12,253.94500732421875,257.4116847639064,252.62672400889193,256.7281061698435,9603900
2025-05-13,256.8355407714844,257.4800500721763,254.27705311794927,254.90201286940857,8589000
2025-05-14,259.40380859375,260.38033243913924,256.13244775146745,256.82577133737385,8643100
2025-05-15,261.2103576660156,263.19269990894253,258.5444666020599,260.7025759874391,9214600
2025-05-16,261.2786865234375,262.1575519192299,258.49558793581224,261.22009748379395,8932900
2025-05-19,258.66162109375,262.02086524830315,255.78086405036862,259.31587533133506,12145000
2025-05-20,259.4428405761719,260.3998446453458,256.14218530617444,256.3570217379832,8436300
2025-05-21,254.91175842285156,259.41351843588865,254.6090384558687,258.1440495292598,7464000
2025-05-22,254.5504608154297,256.1421695061678,252.79270017238227,253.34932586607096,6514100
2025-05-23,254.5895233154297,255.8394726451303,249.9901043492613,250.78108627971244,6671800
2025-05-27,259.0619812011719,259.07172617341604,255.8394351044701,255.88827917024432,7506600
2025-05-28,257.30426025390625,260.45844302460614,256.7281147573034,259.9897008471859,5535400
2025-05-29,258.1636047363281,259.17919788181575,256.3668044334763,258.5835028383828,5081200
2025-05-30,257.80230712890625,259.10107079095377,256.56213251620557,257.265230909512,10977700
2025-06-02,258.44683837890625,258.8081474808846,255.7516226759269,256.845324757963,6011200
2025-06-03,260.01898193359375,260.32170192801004,256.70858174263634,257.53863293425644,6998400
2025-06-04,258.01708984375,260.84900257661883,257.9780205519404,259.67719203257207,5915700
2025-06-05,255.8004150390625,258.5248949172323,254.19890174190374,258.5248949172323,8173800
2025-06-06,259.49169921875,260.39008449229345,258.056207934954,258.12454195712064,7738100
2025-06-09,260.47796630859375,261.61073756854347,257.1675659016327,259.75534818459647,8285000
2025-06-10,262.2943115234375,262.58725675736963,259.6088709415357,259.63816546492893,7538100
2025-06-11,261.8548278808594,263.2903189321121,259.55024622096454,262.3723842570994,7434100
2025-06-12,261.9427795410156,261.9916236200851,258.9155790822762,260.5951716975012,6618000
2025-06-13,258.7300109863281,260.75139274608847,256.5425772552077,258.85693405632503,7098300
2025-06-16,264.01300048828125,265.3508633310758,260.58542169283396,260.73189432492217,8566000
2025-06-17,263.1927185058594,264.2376062617283,261.51309615663433,261.8744350431756,6739300
2025-06-18,267.5284729003906,271.20021221292876,263.3880211997966,263.66144669321045,9586400
2025-06-20,268.5440368652344,270.79002961674195,267.3819711943445,269.1006625666469,13969700
2025-06-23,271.73724365234375,272.0106691007072,265.7218539872092,268.60261086911663,8094600
2025-06-24,274.6571044921875,276.0730461780452,272.94818777394573,273.6317365805569,9267900
2025-06-25,277.391357421875,277.60619385702887,274.3153133103271,274.8914587952529,6826900
2025-06-26,281.97125244140625,282.61576173740934,277.79173169250225,278.0163428990485,8942100
2025-06-27,280.3697204589844,281.92241945147737,278.34833893885445,279.10025150036057,17868600
2025-06-30,283.10400390625,285.77966944457916,282.13725493022537,283.58249100733053,12689200
2025-07-01,283.59228515625,284.2953834962509,279.86195702454677,284.0610273166312,9338300
2025-07-02,285.1449890136719,285.945745792629,282.8989958836799,285.1840583153917,8158700
2025-07-03,290.443603515625,290.8360888827844,285.74351114178125,286.66586822419856,6541600
2025-07-07,286.4892272949219,290.4828336535378,284.63469143869315,289.70765491378785,8825700
2025-07-08,277.47174072265625,284.26185381377417,275.04810559551106,283.83990288185674,15440900
2025-07-09,277.84466552734375,281.8088370500666,277.17743733437857,281.7891933154563,11273800
2025-07-10,282.7801818847656,282.89792448782646,277.68760468940775,277.68760468940775,8410900
2025-07-11,281.47515869140625,281.98541661358325,278.3254239763715,280.16031625567433,7384700
2025-07-14,283.2806701660156,283.8693832899546,279.9052418467557,281.6812629749765,9079900
2025-07-15,281.1709899902344,286.46964738040805,280.121098345475,282.5937831680985,12526100
2025-07-16,280.4547119140625,285.2725470105113,277.6974624718264,282.9862680414337,9979800
2025-07-17,284.4580993652344,284.85058472552134,278.11937245969557,278.11937245969557,8509500
2025-07-18,285.8023986816406,287.0093204502985,282.8194857660448,284.08524890116877,12217000
2025-07-21,285.50799560546875,288.65773001934355,285.125302200427,285.5374312562634,7898100
2025-07-22,285.9593811035156,288.11809552877634,283.75161723688194,286.0280742772089,6717500
2025-07-23,291.1893310546875,291.41499440772435,287.0583381931105,287.34290279554006,7083500
2025-07-24,290.9832763671875,293.9662191525474,290.6398703754944,291.83697024730424,7001200
2025-07-25,293.014404296875,293.2891470363467,290.4043332995373,291.1304626389869,5918500
2025-07-28,292.6808166503906,293.809223362686,291.24823151855605,292.0724598113122,5840400
2025-07-29,291.4640808105469,295.63430134586406,290.63985258046154,294.36850837533046,7635700
2025-07-30,294.0054626464844,294.9670472888904,291.79769880383014,291.83695632333047,8061700
2025-07-31,290.6791076660156,295.33015090094835,289.9530081922764,293.5246941387346,14749700
2025-08-01,283.9380798339844,286.32245784834123,278.9043729516421,284.9487439683445,12007100
2025-08-04,288.7362365722656,288.7951078721262,284.8113235431083,284.8113235431083,6649500
2025-08-05,285.9004821777344,290.23752439689997,281.8480045472989,289.1581672885365,7182300
2025-08-06,285.880859375,287.7844445938785,284.7131953506969,286.81300825463615,6330200
2025-08-07,281.5536804199219,287.95127882891904,281.03363056399576,287.44105083933385,8057100
2025-08-08,283.33953857421875,285.7631740586469,279.36554536006525,283.55541003235584,6634100
2025-08-11,284.1244812011719,285.8514526951056,283.3591242790355,283.9674810703858,5510100
2025-08-12,287.35272216796875,289.21705000432985,284.88982947960193,286.02805793473163,8570900
2025-08-13,285.0762939453125,289.0208214451698,281.7695589346143,288.43210834423235,8420400
2025-08-14,288.6381530761719,288.67741059714604,284.20301143696577,285.1253385944976,6322400
2025-08-15,285.03704833984375,289.9530125511936,284.37964203474183,289.30539816837313,7340500
2025-08-18,286.0575256347656,286.42057536605495,282.9960976961236,284.55624732082714,5386900
2025-08-19,285.2038269042969,286.98966963229896,284.0950341122438,285.3706189495528,6031500
2025-08-20,286.754150390625,287.8236856501562,281.8774445149503,285.35100110061984,7374200
2025-08-21,285.9986572265625,287.27424223237057,284.0362003285711,286.45983579537915,6624000
2025-08-22,290.6791076660156,291.5818510194805,284.6838161848099,287.69619472568826,8552800
2025-08-25,289.3642272949219,291.76824867106194,288.61851412970407,290.6790696581532,5856300
2025-08-26,292.96539306640625,293.1321851381712,287.9905575097444,288.6381718968291,6714700
2025-08-27,293.66204833984375,295.4184556440125,291.4641062014755,291.6701557907686,6056500
2025-08-28,295.4184265136719,295.5852185641284,293.0929201153854,294.38811877937053,6410500
2025-08-29,295.7618713378906,297.2631495608047,294.10359298088383,296.37022814205386,6796400
2025-09-02,294.07415771484375,294.8198709218748,288.9717581566039,294.62364321253557,7221900
2025-09-03,293.8877258300781,294.9278255320024,290.8164761661132,294.9278255320024,6316900
2025-09-04,298.1168212890625,298.7153562428407,292.68080753910596,294.36852159403367,6605800
2025-09-05,288.8540344238281,299.42185399614533,288.7853412459479,297.9500113286781,9837700
2025-09-08,287.41162109375,290.8949700189617,285.9692141135519,289.3544641521949,8188500
2025-09-09,292.2588806152344,293.3872872696363,286.8228669749493,287.1074315912692,7848200
2025-09-10,294.89837646484375,295.8796048140829,289.8548483762926,291.13046319713106,7787300
2025-09-11,299.82415771484375,299.9909797241969,295.1437088676121,295.5852436958139,7942500
2025-09-12,301.1488342285156,301.7768048799553,297.99909921484516,299.2746842518023,6846700
2025-09-15,303.1014099121094,304.1317175736464,301.4039041511534,301.4039041511534,7122000
2025-09-16,303.3860168457031,305.06390905534744,301.3646887009418,304.18080946841434,10525600
2025-09-17,305.8979187011719,307.03614710830897,302.9738476236277,304.56346260331446,8657800
2025-09-18,307.3501892089844,307.556238792954,303.7981171700278,305.9372178866198,8050700
2025-09-19,308.8710632324219,309.8719053836384,303.31730709863126,307.7132209495945,23568600
2025-09-22,306.57501220703125,307.811369607681,303.74906954538335,303.9845547856156,7520200
2025-09-23,306.869384765625,310.37237762039473,304.7499276588244,305.9666713344998,8584400
2025-09-24,307.5365905761719,310.6372456892681,305.8194410309901,308.15473925887954,7310500
2025-09-25,307.5660705566406,309.7247551863121,305.947019653492,308.22347685107957,7083200
2025-09-26,310.1270446777344,311.8441943720275,307.8113600348933,308.9888161441515,7258100
2025-09-29,309.7640075683594,312.0404647281687,307.7721150397051,311.10828573544467,6462400
2025-09-30,309.50885009765625,311.45169300349573,304.28870810842403,310.31346452838187,11823300
2025-10-01,304.8774719238281,308.68464295873514,301.6394301376976,308.07628613361976,9235200
2025-10-02,301.77679443359375,304.73030161726365,300.39328868596704,304.1808160870063,7600000
2025-10-03,304.2102355957031,305.80964265751953,302.4243927447969,302.718779227698,6029900
2025-10-06,304.8511047363281,307.38512889871987,300.8578215934895,305.8371035459471,7214500
2025-10-07,303.3819885253906,305.66951307877287,300.43386159315816,305.01875022701944,8454200
2025-10-08,299.77325439453125,304.4567493262524,299.2999640741864,303.894722712774,6489900
2025-10-09,301.2522277832031,303.7270945284432,299.1422058887319,300.77893750215213,7060300
2025-10-10,296.6772155761719,306.1230715472904,296.5983188157025,301.3804193716138,8597400
2025-10-13,303.6580505371094,305.1271791148808,301.17334440263704,301.321238204041,10788700
2025-10-14,297.85052490234375,302.70165257420854,290.0907186231138,301.5578902761218,16178800
2025-10-15,301.40997314453125,307.7499381556482,301.1634734465224,302.1001843350741,11354800
2025-10-16,294.360107421875,304.3581201926382,292.9106878973514,301.0747572360179,10549400
2025-10-17,293.3938293457031,295.3559575215809,290.08088749555986,294.97143359875633,10153500
2025-10-20,298.1265869140625,299.43798218705626,293.9854099500461,294.32064593592156,6894900
2025-10-21,292.9303894042969,299.7929328501146,292.8416531202475,297.436411288458,7372700
2025-10-22,289.9920959472656,293.8868032880077,286.4721030595595,293.6008552074487,8054100
2025-10-23,290.4161071777344,292.2204718178062,288.4145307332595,290.25834375227123,5438800
2025-10-24,296.2334899902344,298.36325106738366,291.31336547241364,291.93451945757295,7228300
2025-10-27,299.89154052734375,300.2662249001909,296.7955198233114,297.92941246883,5642200
2025-10-28,301.0845947265625,303.6580673748709,298.915415308335,300.59159530101573,6336000
2025-10-29,301.2325134277344,303.93414060421026,298.7675163425421,299.2605157595805,7520300
2025-10-30,305.10748291015625,308.2330823767899,300.82825156305904,301.50859316866377,7514600
2025-10-31,306.7639465332031,308.4894444595929,302.9481359332913,304.22008283002725,7721300
2025-11-03,305.0187683105469,307.9471862719047,301.9227172950412,306.6456604912348,7770000
2025-11-04,304.920166015625,307.84858401169095,300.82827651560933,302.415720333495,7085200
2025-11-05,307.3161315917969,308.7162632770978,301.35085025066564,305.27510663609064,6865200
2025-11-06,309.0317687988281,310.4318702971036,305.9160088624015,306.6357687557767,7206100
2025-11-07,309.8106994628906,310.0276204199649,303.3327096940284,307.5232049313688,7302300
2025-11-10,312.45318603515625,315.08578608051664,309.8106862822301,310.5896337890794,5794100
2025-11-11,311.200927734375,314.58289630207906,310.86569176259013,313.0546102409576,5030200
2025-11-12,315.92388916015625,317.7381233989844,311.782682032414,311.83200002815875,10578300
2025-11-13,305.14697265625,316.14085517487956,304.77228823247975,314.7604626322791,8973300
2025-11-14,299.35906982421875,303.3326737235763,297.012418045434,303.20448907001065,10327000
2025-11-17,296.1644592285156,301.31137424610444,293.5022804823602,299.74363974118836,8344000
2025-11-18,295.2179260253906,298.70837045931603,292.8613742767781,295.3066623130797,8077300
2025-11-19,299.0238342285156,300.18733563828084,295.0798391737984,295.54325979633944,5546600
2025-11-20,294.20233154296875,305.5807663052954,293.9854105998292,302.05087369332443,7501600
2025-11-21,293.84735107421875,297.456110287291,288.71030575970536,297.0715864028587,11766800
2025-11-24,293.8276672363281,295.6221924256846,290.386540762355,294.0642973394352,10940200
2025-11-25,298.7576599121094,300.236658228506,291.42182585555855,295.848951187077,8877200
2025-11-26,303.33270263671875,304.21022597199055,298.95486530692773,300.7296512123902,7910900
2025-11-28,308.6965026855469,309.3275563846455,303.9242719247256,304.7722465716023,4322400
2025-12-01,304.5947570800781,309.6430660312097,304.2200727283419,308.5683309692949,7727300
2025-12-02,303.5693359375,306.1329390093465,302.7903884074122,304.4172805196406,7249000
2025-12-03,307.75982666015625,307.98658713845214,302.50443592551073,302.89885953876745,8535300
2025-12-04,311.67425537109375,314.0307770729326,308.61765279183703,308.8740221323167,9627800
2025-12-05,310.62908935546875,314.02092784192007,310.2741141188276,311.22069468967254,6518900
2025-12-08,310.79669189453125,312.0390600856641,308.96274846028484,310.64879808375287,7417200
2025-12-09,296.30255126953125,314.336450228146,295.8193913272319,310.5403783790639,18049200
2025-12-10,305.76806640625,306.8329619363725,294.2811866679717,296.292632599085,18874100
2025-12-11,312.9363098144531,313.5476242674454,304.9102649889192,304.9102649889192,9721900
2025-12-12,314.06036376953125,315.7858618718594,312.16726270211575,315.2041261224818,8982900
2025-12-15,315.53936767578125,318.35934027084556,313.9322146909975,315.11539535630396,10864100
2025-12-16,311.1319580078125,315.0463750601788,309.99806522837446,314.62240273148194,8331300
2025-12-17,310.5699157714844,314.8984348971578,310.254388930852,313.97159360923496,8718700
2025-12-18,308.61767578125,313.2518829489097,307.8485977928193,311.575672673722,11444900
2025-12-19,312.7686767578125,314.099781180705,308.8049723403709,309.39657764946713,24494400
2025-12-22,318.56634521484375,318.7043994886834,313.0644852104395,313.0644852104395,8354600
2025-12-23,321.3666076660156,323.1907116116738,318.56637445826755,319.07908304324746,6668300
2025-12-24,324.5612487792969,325.36974495293686,320.9426198260136,321.6722493328215,4289300
2025-12-26,323.3188781738281,326.2275566521161,321.96806459862194,324.502058709128,4158300
2025-12-29,319.2171325683594,323.1808371734579,319.0002116144308,322.4216288798564,8635300
2025-12-30,318.89178466796875,320.39049219725354,317.97478280166575,320.2623075229155,7904300
2025-12-31,317.70855712890625,320.3313177342217,317.5310845539587,319.79886991908165,5048500
2026-01-02,320.92291259765625,321.1694123071354,316.2492576445291,317.9846252281575,8054000
2026-01-05,329.36309814453125,332.52814635317964,320.63700140675104,320.94265867445506,10752600
2026-01-06,331.41326904296875,332.6612412306879,327.49110960074296,329.44229029813283,7660800
2026-01-07,323.8660583496094,328.9767653957764,321.49890717343806,327.9764350864437,9815200
2026-01-08,326.63934326171875,328.2339475379842,322.53888044956136,323.27183137637843,11737100
2026-01-09,326.0450744628906,328.7291759216584,325.0348299492433,326.1936353875406,6738100
2026-01-12,321.3899841308594,322.90536610933975,318.16114900395775,318.8049332018166,12805100
2026-01-13,307.9298095703125,323.73732718365267,307.6029755260753,321.20178657189985,19371200
2026-01-14,304.9287414550781,308.78159262538577,303.19546018048277,305.2556057077196,25951500
2026-01-15,306.30548095703125,309.95031666446005,304.8098971346673,305.5230197927318,14751400
2026-01-16,309.48480224609375,314.17950872864606,307.0383983149945,307.38506061636195,14652500
2026-01-20,299.8477478027344,308.1774060521912,298.9761500928895,303.2845981841295,12900600
2026-01-21,299.15447998046875,302.4823658305288,298.2729680555718,300.53118494697816,10270100
2026-01-22,300.729248046875,305.2555953909441,300.0062112868251,301.9474777854751,10535800
2026-01-23,294.875732421875,299.4813025896872,293.67730062328087,299.11484222180513,11107900
2026-01-26,298.1640319824219,298.8969527426069,294.60833256531976,294.96487880777863,11752700
2026-01-27,297.44097900390625,299.08512378237486,295.3016109870806,298.45122352878457,11527400
2026-01-28,297.89654541015625,299.03558292254246,295.2025300603667,297.4013222225187,9556700
2026-01-29,303.49261474609375,303.898671192008,299.3327275624257,299.51100066931883,11580000
2026-01-30,302.9676818847656,304.98817089860455,299.66947824936375,302.333781642444,11953200
2026-02-02,305.1961669921875,306.3450582127215,298.49082554616626,301.55130128288636,9839400
2026-02-03,311.8420715332031,313.22869052113475,306.14700443281885,306.77099053389486,12688000
2026-02-04,314.23895263671875,316.25947197584406,311.40629013300924,311.40629013300924,9848800
2026-02-05,307.1968688964844,312.9909865673853,302.6210112179966,311.99062599899656,9388000
2026-02-06,319.3199462890625,321.15227836348157,311.7034102684662,311.7034102684662,17797400
2026-02-09,319.0228271484375,323.2817350541263,317.05181803840316,318.27007812796035,11477500
2026-02-10,315.2392883300781,323.01429884581904,312.1094739861534,319.4684837021083,9902200
2026-02-11,307.8505554199219,322.1724018130651,305.78052608370194,320.1518827061323,8703500
2026-02-12,299.7487487792969,310.6238322045743,297.1537535117247,309.2966374972976,13443400
2026-02-13,299.6595764160156,301.3829738793206,293.6871852314235,295.66807823097014,9114500
2026-02-17,304.1958312988281,305.29521237973853,299.6100592744303,299.8675850307636,8896800
2026-02-18,305.8300476074219,309.2966101142475,304.2849535938903,305.51309749540866,7209600
2026-02-19,305.10699462890625,306.2262038721237,302.2049939958365,304.2354272061944,6737700
2026-02-20,307.82086181640625,308.0288471084009,302.75966472033866,305.4536802835111,7792700
2026-02-23,294.8262023925781,308.02884001734253,292.2807478108573,305.84984577889935,12955400
2026-02-24,294.459716796875,296.886322684036,288.5962907533433,293.98432184665864,13554100
2026-02-25,300.40240478515625,300.75898123488724,294.1725181992404,295.7869507950724,8095500
2026-02-26,303.20538330078125,306.05787397622345,300.73918125790124,301.67017313360896,7007800
2026-02-27,297.4310607910156,300.0557680991628,291.636973162459,297.13393894248406,18620800
2026-03-02,294.7172546386719,297.11414843979566,290.4088063693875,291.9935267958635,8508900
2026-03-03,297.3914489746094,299.5011046657454,286.73423592223537,289.4975898716125,10278200
2026-03-04,296.52978515625,298.12438947518206,292.99388398032096,297.12402886142485,8055700
2026-03-05,290.74554443359375,298.3620800816865,289.63624924146006,295.1332451958745,12732500
2026-03-06,286.7144470214844,287.21955415339994,280.99955170429564,283.6044306839189,13496500
2026-03-09,287.1502685546875,288.31898819476027,277.77073879547015,282.7724816341387,12241100
2026-03-10,285.97161865234375,289.9532025593205,284.43640849634494,286.52626625452876,8344900
2026-03-11,284.77313232421875,287.70487537204474,282.13854132603683,286.05081661783123,10205000
2026-03-12,280.1874084472656,281.167940752382,276.4336079693154,280.1279538528093,13760500
2026-03-13,280.7321472167969,284.4463214441296,280.2468381234208,281.9504072447318,9091200
2026-03-16,283.4261474609375,286.506421278288,281.89093739443587,283.6044205599556,8149000
2026-03-17,284.1492004394531,288.97266988082987,283.2181783456238,286.23902796907333,8961200
2026-03-18,284.9910583496094,286.6451172582804,282.3960934275981,284.08974843243266,10057000
2026-03-19,285.2188415527344,286.7441374214082,281.9008401776293,284.1392586396808,9846700
2026-03-20,283.8223571777344,287.9327042603992,282.54467268192724,285.32782503235495,22436500
2026-03-23,287.14031982421875,292.9245231806114,285.2188513876401,291.4982779446762,11470800
2026-03-24,289.6065368652344,292.6571288676103,282.64369950840546,283.4360748065673,11092300
2026-03-25,292.59771728515625,294.7965097163498,289.6461758443202,291.3398308899875,12188200
2026-03-26,288.8736267089844,292.1718002190451,287.95251872814185,289.78482055260446,8669200
2026-03-27,280.13787841796875,287.3384134369941,279.05829538327214,286.3777093696089,9873300
2026-03-30,281.0589904785156,284.50575515603197,279.6327451103039,282.01972478590784,11734400
2026-03-31,291.3497314453125,292.25104134220237,282.22772810140145,285.71408872506316,12956900
2026-04-01,292.5580749511719,295.8661624411999,290.1116710297465,292.567989087923,11267200
2026-04-02,291.7855224609375,292.7957669317203,285.9616926535428,289.1212191631598,6669300
2026-04-06,294.125,295.4987855589938,291.88509063240025,292.7412191857173,7142600
2026-04-07,296.0662536621094,296.8427544058445,291.38734983011653,291.8253790066561,7849100
2026-04-08,306.5888366699219,309.8640903908154,303.96066179364243,306.5888366699219,10590200
2026-04-09,308.938232421875,309.8640846884941,304.73715687535,305.5734164156603,6586600
2026-04-10,308.4803161621094,308.9581744354404,305.344449093958,308.6097380099313,6069700
2026-04-13,312.2732238769531,312.33295236293975,304.0900871089203,306.0910825316173,8318200
2026-04-14,309.7247009277344,312.91036189245165,307.4847916064935,308.4305432499699,11455500
2026-04-15,304.5579833984375,312.8307129741003,302.8954898881459,312.54203541599225,9885800
2026-04-16,308.5599670410156,308.5599670410156,303.8312695552229,303.98059076810495,8208600
2026-04-17,308.8984375,313.4877482505245,308.69932229637936,311.068653468178,11082400
2026-04-20,315.5683898925781,315.70777661938337,308.9780833700189,309.45594165814435,10772000
2026-04-21,311.5962829589844,318.8038038717339,311.3474041387296,316.0661368489313,7084300
2026-04-22,311.6161804199219,313.73663281642627,310.5410372905177,313.43799038623484,5545900
2026-04-23,310.29217529296875,313.57736372602733,307.5047445243564,312.11395497732667,6969700
2026-04-24,306.8974609375,309.7545850384977,306.5092257615542,309.7545850384977,5215300
2026-04-27,310.232421875,311.1781431330245,305.50372444273444,305.50372444273444,7925300
2026-04-28,310.0532531738281,314.03531438457196,309.7745101043047,313.78643555890045,7398600
2026-04-29,307.86309814453125,310.65052875636707,305.91189671624613,309.1771855961317,8031800
2026-04-30,311.82525634765625,312.6913497643884,305.1951210592971,305.6928786901284,8865400
2026-05-01,311.06866455078125,314.6624601726697,310.43152018106696,312.54203812020876,6135400
2026-05-04,306.270263671875,309.2568094519629,305.13539207341324,309.22694520939064,7338200
2026-05-05,308.0124206542969,309.5753869306937,305.42407485773,306.32999740556414,6316800
2026-05-06,313.4877624511719,314.84167905955115,309.95369528217543,310.0532528884956,8629500
2026-05-07,304.8964538574219,314.8814709002291,304.76706239082745,313.23887676443206,8359600
2026-05-08,300.74517822265625,307.60426284206056,299.1523476664256,306.86759124184925,9464300
2026-05-11,298.6545715332031,301.83026757429667,297.5395993270601,300.74515961007836,9512000
2026-05-12,303.5126953125,304.6873960201211,294.2245209852311,298.67447538308426,9498200
2026-05-13,298.9034729003906,301.6411400127173,298.72428743531935,300.91440289675086,7709500
2026-05-14,298.56500244140625,302.38777761395096,297.4699295162906,300.8945046380796,7364300
2026-05-15,296.4743957519531,299.44104214981957,295.1205095874812,298.86362628854243,8699300
2026-05-18,299.3813171386719,299.908939014877,295.8870488301784,296.6635495230975,7546300
2026-05-19,294.3738708496094,300.436555061437,293.935841710235,299.7396822358739,8066900
2026-05-20,300.625732421875,301.57145376364997,292.35300240137923,295.3694126574367,9327000
2026-05-21,301.6411437988281,302.6167597554335,298.8636475324957,299.8790926087445,7874400
2026-05-22,305.0059814453125,306.07119010408854,302.4773640852478,303.31359328873907,5973900
2026-05-26,305.3643493652344,308.54004556072954,304.0701916446211,307.1065011172144,7725400
2026-05-27,297.93780517578125,304.52811132231307,294.42363753054383,303.63215366632585,11779200
2026-05-28,295.3992614746094,299.7197941661088,294.4236455581874,296.23549066837876,9757700
2026-05-29,297.9676818847656,298.53513289689414,293.87612858626386,295.070728717322,13969000
2026-06-01,295.2499084472656,298.20659004481905,293.94578586060317,296.3549462063085,7930000
2026-06-02,299.6102600097656,300.7152977310929,293.9457758280521,295.17027051801705,8296200
2026-06-03,299.50079345703125,300.60580089187994,295.23002417973413,298.5749714904202,7003900
2026-06-04,309.4957580566406,311.5066879726736,303.0746723882986,304.36883009196185,10345200
2026-06-05,310.9691162109375,313.58732636819616,308.211549706599,312.8805189963161,9118800
2026-06-08,309.7147521972656,314.88147906470095,309.3862455138746,311.84516953437026,6827000
2026-06-09,311.2976379394531,315.0009559692908,307.62418415256917,312.1040028799189,11594600
2026-06-10,307.75360107421875,313.3384270822022,307.64407859799763,311.1582462393224,7446200
2026-06-11,312.0840759277344,313.30857066124145,307.4947650619962,308.1717081621576,9116600
2026-06-12,319.28167724609375,319.85906276888113,314.1348496322589,314.5529794375797,7426200
2026-06-15,317.96759033203125,324.4583697274161,317.41010417767774,322.4673390673774,7988900
2026-06-16,329.6549377441406,330.26218746993305,322.56684357389287,322.8455866314347,11094900
2026-06-17,331.9645080566406,336.25517637046335,330.01330666560995,330.69024974688585,12246400
2026-06-18,323.761474609375,336.57375116590936,322.70623086248213,335.4388795655989,20111000
2026-06-22,329.993408203125,331.2776010100568,325.28461010223134,328.22139226156105,10182500
2026-06-23,332.6414794921875,333.86594380335947,325.7425357353925,327.9924099173137,7582200
2026-06-24,331.95458984375,333.02973300317086,328.291070440402,331.57628916780243,7907400
2026-06-25,333.6170654296875,341.90972446819404,333.2586945227413,333.4577793441399,10043100
2026-06-26,327.57427978515625,334.8913229247855,326.03124330500606,334.49312290223526,17640900
2026-06-29,327.91278076171875,330.8993264933345,325.73259994718205,326.80774304304947,7981800
2026-06-30,325.86199951171875,328.95806779511634,325.2149206632551,327.41503128103255,8080100
2026-07-01,332.5718078613281,334.13477419390347,323.5524415571975,326.89735842569155,15210200
2026-07-02,332.9700012207031,338.4751995750331,330.2820977776739,336.5040683580973,8413900
2026-07-06,337.7200012207031,339.7200012207031,334.1099853515625,335.0,8673500
2026-07-07,339.2200012207031,341.3999938964844,337.0899963378906,340.9800109863281,7115800
2026-07-08,330.6199951171875,336.5299987792969,330.1300048828125,336.5299987792969,18505200
2026-07-09,335.4700012207031,337.0,330.80999755859375,331.4599914550781,15570600
2026-07-10,336.4700012207031,338.5899963378906,335.7699890136719,337.4700012207031,6299000
2026-07-13,334.5299987792969,338.3500061035156,332.5,338.3399963378906,7120300
2026-07-14,342.8900146484375,344.7300109863281,325.75,327.0,14537900
2026-07-15,346.9100036621094,351.239990234375,344.04998779296875,345.8500061035156,10750000
2026-07-16,343.1499938964844,349.3399963378906,341.1099853515625,349.2799987792969,12432400
2026-07-17,341.1000061035156,346.1300048828125,335.04998779296875,339.0299987792969,9250900
2026-07-20,338.8699951171875,344.260009765625,337.3699951171875,341.79998779296875,7723300
2026-07-21,345.2300109863281,345.739990234375,337.29998779296875,340.1199951171875,6015300
2026-07-22,348.2099914550781,349.07000732421875,344.25,345.07000732421875,8040200
2026-07-23,349.8999938964844,349.9200134277344,345.4200134277344,346.5799865722656,10913000
2026-07-24,353.2099914550781,353.3699951171875,347.5,350.6400146484375,7520800
2026-07-27,356.20001220703125,359.04998779296875,352.5799865722656,357.8900146484375,7884900
2026-07-28,357.30999755859375,359.29998779296875,354.1499938964844,357.29998779296875,6533800
2026-07-29,344.7099914550781,357.3699951171875,343.7799987792969,356.5,8265300
2026-07-30,350.8500061035156,352.2799987792969,345.3699951171875,347.5400085449219,7606500
2026-07-31,351.7900085449219,354.4700012207031,349.70001220703125,353.29998779296875,6603400
2026-08-03,352.6400146484375,355.6199951171875,350.8399963378906,353.75,6436600
2026-08-04,357.5199890136719,363.0,353.8699951171875,355.0,8477200
2026-08-05,359.239990234375,362.1700134277344,358.20001220703125,358.9700012207031,5269500
2026-08-06,356.29998779296875,362.80999755859375,354.95001220703125,362.80999755859375,5820100
2026-08-07,357.5199890136719,358.8500061035156,353.3299865722656,355.760009765625,4566200
2026-08-10,359.7900085449219,359.989990234375,356.5,357.9599914550781,5327500
2026-08-11,362.0400085449219,363.1199951171875,358.6000061035156,360.04998779296875,4576500
2026-08-12,365.17999267578125,366.0899963378906,361.29998779296875,362.9700012207031,4366800
2026-08-13,363.1099853515625,366.5,361.5199890136719,366.5,5102700
2026-08-14,362.8399963378906,365.8999938964844,361.45001220703125,363.0,5058600
2026-08-17,360.9599914550781,365.75,360.9599914550781,361.94000244140625,5282600
2026-08-18,363.25,363.57000732421875,359.2699890136719,362.3399963378906,5525100
2026-08-19,357.260009765625,363.04998779296875,355.6499938964844,363.010009765625,6696200
2026-08-20,351.54998779296875,357.95001220703125,351.54998779296875,357.6000061035156,6799700
2026-08-21,351.5799865722656,356.8599853515625,350.3699951171875,354.07000732421875,8112100
2026-08-24,356.3900146484375,358.2799987792969,352.82000732421875,353.29998779296875,4394400
2026-08-25,356.69000244140625,357.3699951171875,353.07000732421875,357.0,4298000
2026-08-26,356.5,358.3500061035156,354.6000061035156,356.5,5796500
2026-08-27,354.2200012207031,357.57000732421875,352.2300109863281,354.67999267578125,5209900
2026-08-31,356.0199890136719,357.7699890136719,354.7699890136719,355.8999938964844,7962900
2026-09-01,354.95001220703125,359.92999267578125,354.1199951171875,355.7300109863281,5079000
