Date,Close,High,Low,Open,Volume
2018-01-02,50.76652908325195,51.61681305949043,50.67425066990481,51.557493377537135,4009000
2018-01-03,50.75993347167969,51.142227540937725,50.68742829691795,50.97085624495141,3369300
2018-01-04,51.35313415527344,51.5574640932274,50.792866212584734,50.90492281839858,3608500
2018-01-05,51.3070068359375,51.629986234321386,50.904939575965116,51.438836701235566,4152500
2018-01-08,51.7288703918457,51.7947828266817,51.29383927009457,51.29383927009457,3126900
2018-01-09,51.82112503051758,51.887037435112546,51.445418792652724,51.76839309532395,3436500
2018-01-10,51.339969635009766,51.84091310531875,51.0169952397822,51.84091310531875,3823700
2018-01-11,50.83903503417969,51.54430864897058,50.766529847059424,51.425664254482555,3493700
2018-01-12,50.98403549194336,51.129045837979135,50.489684782528016,50.98403549194336,4223500
2018-01-16,51.83430099487305,52.01885772321633,51.12243501801151,51.39268239079538,5327800
2018-01-17,52.77685546875,53.17233483519,51.933164812666554,52.14408747668742,6547600
2018-01-18,52.24956512451172,53.12621480573118,52.08478157670933,52.83619918117944,3447200
2018-01-19,52.506649017333984,52.704386321184096,52.137530331646886,52.420958326415494,3749400
2018-01-22,52.84279251098633,53.02734929950632,52.57255007888072,52.61209652533634,3988300
2018-01-23,52.908695220947266,53.08007150546093,52.440710584862686,52.57254043017874,2833000
2018-01-24,52.638458251953125,53.119623407656725,52.53958711499646,53.06030374275967,3119600
2018-01-25,52.51321792602539,53.02404791167669,52.323390986948546,52.73073340824511,2927300
2018-01-26,52.328670501708984,52.73074281799987,51.676128967398974,52.66483039523647,4772400
2018-01-29,51.689308166503906,52.65164359575932,51.66953494304177,52.183658868238936,3280500
2018-01-30,51.74203109741211,52.506629129997776,51.695891907776385,51.83430947668355,3334300
2018-01-31,51.66952133178711,51.9924956304438,51.313588316845546,51.82112438638583,4855700
2018-02-01,51.788169860839844,52.03863902697322,51.14880893201061,51.49156150545046,3119800
2018-02-02,50.878578186035156,51.636578607400054,50.52264506086076,51.49157328570289,5239700
2018-02-05,48.947303771972656,51.37225889211692,48.89127797223742,50.944479457570864,5372900
2018-02-06,48.98026657104492,48.98685932188524,47.49062672404267,48.670472655891,7556400
2018-02-07,48.47933578491211,49.24392905269995,48.45955752927252,48.67048033026189,6753700
2018-02-08,47.18082809448242,48.802297652293106,46.9633125976457,48.51227698984414,8210800
2018-02-09,47.04900360107422,47.89269971271895,46.300889805976446,47.45766866942735,6871000
2018-02-12,47.33243179321289,47.872921710289596,47.09514304632111,47.14128224550587,4372900
2018-02-13,47.26651382446289,47.45107059954915,46.587606389483476,47.14127671474224,4043600
2018-02-14,47.40493392944336,47.48403184960333,46.60078934193356,47.02263485852964,5503100
2018-02-15,47.925655364990234,47.971794565816005,46.56784028743554,47.5829077343982,7410900
2018-02-16,46.66670608520508,46.96331448093503,44.59043222870998,46.099850237938604,14988800
2018-02-20,45.27593231201172,46.66670595325698,44.8343085516957,46.6535204524024,8715200
2018-02-21,44.47178268432617,45.434117956732536,44.45200946408683,45.427525207054565,6647900
2018-02-22,44.583839416503906,44.98525293146701,44.19495263025023,44.41246310671314,5972000
2018-02-23,45.493438720703125,45.5527634116544,44.392685851132654,44.79475810173176,5740900
2018-02-26,45.968017578125,46.139393877733426,45.19023902303427,45.87573919267312,7520500
2018-02-27,44.73544692993164,46.149287796405034,44.72885417884255,45.88233920844679,5412100
2018-02-28,44.19495391845703,45.21001624832502,44.1817684171991,44.99909348735572,6193000
2018-03-01,44.089481353759766,44.813869115664076,43.74014107104867,44.25426488551363,5209600
2018-03-02,44.2740364074707,44.56405702145373,43.84559823557599,44.175165286449754,4820800
2018-03-05,44.44542694091797,44.643169246399324,43.977442181994185,43.977442181994185,3910800
2018-03-06,44.669525146484375,44.735442593394126,44.313597082906554,44.62338595092465,3539400
2018-03-07,44.46519088745117,44.550876519922596,43.98402575533484,44.39268572582356,3316500
2018-03-08,44.56830978393555,44.81447186120729,44.219027332994244,44.688063622091974,3508400
2018-03-09,44.727996826171875,44.97415389297135,44.26228507600859,44.70803361799548,4911000
2018-03-12,45.040672302246094,45.16708054575825,44.641494519780366,44.74794463554237,2653200
2018-03-13,44.82112503051758,45.206993986577615,44.68141306914438,45.133810805502996,3360700
2018-03-14,44.29555130004883,45.18039904286104,44.05604356401211,44.98080757088978,3900900
2018-03-15,43.550411224365234,44.3554212831324,43.32088257718117,44.17579303688744,4870800
2018-03-16,43.48387908935547,43.80321929720134,43.20445513853506,43.54375347489366,7204500
2018-03-19,42.545806884765625,43.48387694731221,42.29964733956259,43.36412310631388,6947200
2018-03-20,42.03352737426758,42.71878349449413,41.794019690872936,42.599029652796816,7502500
2018-03-21,41.241817474365234,41.75409461824939,41.08214486347858,41.601076407517624,7088700
2018-03-22,40.270484924316406,41.221861215291085,40.243874934584426,41.06884298821331,8156600
2018-03-23,39.93784713745117,41.02028903463159,39.88462460515814,40.40355635009265,6316300
2018-03-26,41.01561737060547,41.06883988395685,40.27048188040516,40.50333767280905,5310600
2018-03-27,40.38358688354492,41.235167464514646,40.17734360125555,41.07549737453799,5276500
2018-03-28,40.829345703125,41.22187170303001,40.41752650403932,40.47673850483965,4778200
2018-03-29,41.441410064697266,41.660957069279114,41.03890510803864,41.10876108849242,5001900
2018-04-02,39.95779800415039,41.24847518500106,39.77816724315033,41.20855639214202,5294200
2018-04-03,40.07755661010742,40.35698057961345,39.571928658747865,40.33036804787648,6325300
2018-04-04,40.83599090576172,41.13071844010602,39.735588488589485,39.77816701131139,4764400
2018-04-05,40.789424896240234,41.181950852425224,40.549917189020825,41.04889073309103,4272700
2018-04-06,40.27715301513672,41.23518149469475,40.02433899242555,40.64306651190402,3932000
2018-04-09,40.350337982177734,40.84931164623808,40.14409462071806,40.51000813344672,4669300
2018-04-10,40.749507904052734,41.128727611310644,40.33036939785317,41.015628154508825,4667400
2018-04-11,40.942447662353516,41.13538472977915,40.436819660680186,40.48339032689866,3852600
2018-04-12,40.54326629638672,41.052221487235435,40.43681869928803,40.93579228654642,5145800
2018-04-13,40.52996063232422,40.66967516764687,40.24388477291922,40.62975636642455,3746000
2018-04-16,40.70957565307617,40.78941322457803,39.864647055672926,39.93117836525781,5446000
2018-04-17,41.042236328125,41.1220739224658,40.64305850806373,41.042236328125,4444100
2018-04-18,40.44346237182617,41.115412174381646,40.15072965403508,41.02227086887002,5525800
2018-04-19,39.738243103027344,40.50998856241482,39.67171432845828,40.4168472628541,7461800
2018-04-20,38.7336540222168,40.02300148498955,38.287903000497785,39.81808803711345,9765800
2018-04-23,38.3743896484375,38.71369051887817,38.19475888011814,38.58728480987292,7905100
2018-04-24,37.60929870605469,38.58728767123288,37.32987473766704,38.55402327565017,8266800
2018-04-25,37.82219314575195,38.18810910375864,37.44962786183336,37.60264610885859,6766600
2018-04-26,38.141536712646484,38.23201576124535,37.59599000125652,37.941945276276975,5147400
2018-04-27,38.361087799072266,38.76026563823249,38.16149887949216,38.208069542797155,4096100
2018-04-30,37.5095100402832,38.69373992355447,37.49620377286419,38.520763522929286,6761600
2018-05-01,37.05710220336914,37.549421343268115,36.79098196597301,37.469586287213545,6350200
2018-05-02,36.05915832519531,37.2234300259485,35.99928139335442,37.17685936095125,9045100
2018-05-03,36.55813217163086,37.5228149524227,36.5514777692062,37.436325486278506,10380800
2018-05-04,38.59393310546875,38.88666582881331,36.385144106337535,36.59138738524754,9221300
2018-05-07,39.139488220214844,39.41558500134376,38.71369530677377,38.91993863025722,7337400
2018-05-08,39.092918395996094,39.339080540169014,38.33447890681932,39.04634772826847,7163200
2018-05-09,38.90662384033203,39.46547422026329,38.64715804570507,39.21266028846074,5002300
2018-05-10,39.27919006347656,39.48543079576651,38.95319296385833,39.08625305631291,3934200
2018-05-11,39.41226577758789,39.82474994357239,39.23263496226129,39.23263496226129,3980300
2018-05-14,39.438865661621094,39.65176082416856,39.199357969277564,39.49874258470698,4228700
2018-05-15,39.27919006347656,39.578574637021845,38.9997636155309,39.35902510378524,5662600
2018-05-16,39.445526123046875,39.46548425450483,38.939898130884046,39.29250786007707,4334000
2018-05-17,39.038726806640625,39.56318699496731,38.81011549494333,39.48250140405906,4694100
2018-05-18,38.184791564941406,38.769766513703175,37.46197629106856,38.73614773548898,9529000
2018-05-21,37.9561882019043,38.56133403087159,37.78943574403425,38.32599996932024,4588300
2018-05-22,38.04359436035156,38.49812633335254,37.79480973773501,38.04359436035156,4179500
2018-05-23,38.31254959106445,38.37978972234479,37.85532695815315,37.85532695815315,3134900
2018-05-24,38.36634063720703,38.43357820168292,37.909118016914725,38.325996559552294,2750600
2018-05-25,38.8437385559082,39.079072624040435,38.39323861340639,38.4066866408638,3296000
2018-05-29,38.594947814941406,38.90424468233153,38.28564838260288,38.70925217530143,4231400
2018-05-30,39.56318664550781,39.711112364990235,38.62184535508114,38.76304834410921,5587300
2018-05-31,38.648738861083984,39.63042159947271,38.42685286142419,39.52956525960862,6787400
2018-06-01,38.76304626464844,39.11940995343116,38.51426164705622,38.7563209696062,4745600
2018-06-04,39.280784606933594,39.442158357920256,38.83028726721661,38.89752483390762,3626300
2018-06-05,38.9445915222168,39.53091315653429,38.7744789913484,39.52284382777291,4920300
2018-06-06,38.9445915222168,39.05889846317379,38.332720433419944,39.05889846317379,4826800
2018-06-07,38.7765007019043,39.10597098163865,38.373070114222635,38.668919040859244,4501800
2018-06-08,39.31441116333008,39.39509676703771,38.77650029874831,38.85718846740503,4266700
2018-06-11,40.262474060058594,40.437293290012875,39.38837278038916,39.4018182431211,5252000
2018-06-12,40.4238395690918,40.780205840074196,39.865760606151184,40.49780242844567,4309300
2018-06-13,40.410400390625,40.800385528982495,40.10782872149498,40.58522219918154,3477900
2018-06-14,40.79365921020508,41.02227056301022,40.30281771608357,40.60539194258289,3572700
2018-06-15,41.425697326660156,41.44586808366406,40.605385675851444,40.88778909864983,7616400
2018-06-18,40.928131103515625,42.12497981075996,40.65917826875924,41.3046681501131,4491300
2018-06-19,41.78205108642578,41.86946195418619,40.67933884064142,40.73985366217583,5974300
2018-06-20,42.387210845947266,42.588926117683194,41.687928843310466,41.86947335735745,6027600
2018-06-21,42.07118606567383,42.494789905973064,41.85602278027234,42.39393099377607,4956000
2018-06-22,42.50151443481445,42.66288818816801,42.13170268269235,42.23256159915692,4247200
2018-06-25,42.575477600097656,43.39578926930923,42.23928462943046,42.25945538688687,4976500
2018-06-26,42.50151443481445,42.77046983542078,41.923262118975,42.75029907810739,4190400
2018-06-27,42.1518669128418,42.908300974346844,42.03083725780512,42.353584714535195,3250100
2018-06-28,42.124977111816406,42.575474427768135,42.027480849793584,42.252729507769445,3688000
2018-06-29,42.23928451538086,42.51496264798565,41.775339140494395,42.29979935253551,3812500
2018-07-02,41.74843978881836,42.0846327320155,41.365180038769516,42.02411789964207,3666600
2018-07-03,42.11825180053711,42.44772201569425,41.90981381590071,41.90981381590071,1674000
2018-07-05,42.99907684326172,43.032695623728046,42.11825043133206,42.548576977177575,2834300
2018-07-06,43.32183837890625,43.44959338463668,42.81082348588359,43.03271213902621,3330000
2018-07-09,43.01252746582031,43.53698765462136,42.77719085844774,43.46975008962845,3079900
2018-07-10,43.03270721435547,43.261316009080474,42.582209791880814,43.261316009080474,3112900
2018-07-11,42.857887268066406,43.22097377988049,42.70323622189195,42.97219166355715,2520900
2018-07-12,42.7906379699707,43.06631864941675,42.555303932576074,42.98563049521119,2659900
2018-07-13,42.93185043334961,43.42941469909079,42.69651632995166,42.79064997131084,3997900
2018-07-16,42.11825180053711,43.02597429232802,42.08463301897788,42.958734164260946,4164900
2018-07-17,42.39393615722656,42.61582476510583,42.05774316222088,42.11825800391986,5032300
2018-07-18,41.41224670410156,42.48134036241295,41.37862792288646,42.3939294792948,5196400
2018-07-19,41.24415588378906,41.6946532566794,40.93485895031669,41.2239851252862,6839500
2018-07-20,40.80710220336914,41.27105014840415,40.71296858117329,41.19708728383632,5809500
2018-07-23,40.544864654541016,40.9415723931065,40.437283025351135,40.61210477587741,4857500
2018-07-24,40.12126541137695,40.659176183195804,39.77162700062282,40.54486924645227,6374000
2018-07-25,40.23557662963867,40.45073993528255,39.63042822942219,40.14816573517431,3713900
2018-07-26,40.6659049987793,41.48621674009902,40.49780849866945,40.82727876746232,4082200
2018-07-27,40.51796340942383,41.048476741202286,40.267165355602536,40.7465746627506,3771100
2018-07-30,40.53142547607422,40.760036808614636,40.222128545269214,40.410395796202884,3743100
2018-07-31,40.51125717163086,41.12985107071091,40.34988340037789,40.75331654603578,6484800
2018-08-01,39.85903549194336,40.41039172697075,39.83886473564559,40.343154162679085,4013200
2018-08-02,39.939727783203125,40.10782427628909,39.16177620774133,39.73800993954084,6445100
2018-08-03,43.35545349121094,43.698366673139624,40.59866922799163,41.01554784859486,16199700
2018-08-06,41.889644622802734,43.113389424724915,41.788788268186686,42.93184234352851,7453200
2018-08-07,41.230709075927734,42.05102081195883,41.065975225067874,42.02412475652689,6542400
2018-08-08,40.53142547607422,40.91468527401714,40.00696523993105,40.396950333949555,11053800
2018-08-09,40.34315872192383,40.76003731053134,40.127995413936155,40.6255596018018,6568700
2018-08-10,40.107818603515625,40.3431526345712,39.7380043190732,40.181778895455544,5118000
2018-08-13,39.85903549194336,40.14816163530512,39.5564638876822,39.99351318547536,5790400
2018-08-14,40.02040481567383,40.38349377861116,39.95988998851761,40.00695679131152,4439900
2018-08-15,39.73128128051758,40.06075148638688,39.657318424203126,40.04730346115256,5299600
2018-08-16,40.794822692871094,40.876373431985215,39.97933604068063,40.07447597727826,6261800
2018-08-17,41.46760177612305,41.6646788392103,40.61813435836987,40.978307713939195,6417000
2018-08-20,41.20935821533203,41.91747404888937,41.18897182920884,41.47439160440767,4647000
2018-08-21,40.66569900512695,41.284111100635144,40.495805543807464,41.284111100635144,4849800
2018-08-22,40.46862030029297,40.842385381320916,40.32591042083349,40.76083724911098,3224800
2018-08-23,39.958946228027344,40.42785389488292,39.924968050288086,40.271549611018536,5179800
2018-08-24,40.11524963378906,40.38028306079736,39.931764355313575,40.04049608414695,4513200
2018-08-27,40.48220443725586,40.68607602543653,40.217171113384204,40.33269739615169,3496800
2018-08-28,39.9521484375,40.68608686903218,39.9521484375,40.441439861065255,4293500
2018-08-29,40.29872512817383,40.346295085965906,39.79584197655235,40.02689716827171,5188900
2018-08-30,39.56479263305664,40.48221634593266,39.52741586178545,40.183204768131795,5063800
2018-08-31,39.59877014160156,39.80264178631911,39.16384327490584,39.656533299003954,5520300
2018-09-04,38.50465393066406,39.8366180438882,38.42990039298042,39.72109173464511,6918700
2018-09-05,38.73570251464844,39.220918633669754,38.25320578970448,38.49785274668115,7064200
2018-09-06,38.59979248046875,38.90560121812419,38.096909305096155,38.76289133800778,8822100
2018-09-07,38.45708465576172,38.54542998299916,38.17166228790559,38.52504100448681,6815900
2018-09-10,38.8988037109375,39.06189996390856,38.60658678263213,38.66774852558832,8285300
2018-09-11,39.25218963623047,39.32354718121955,38.52504572777417,38.97356442450767,7617300
2018-09-12,40.17641067504883,40.45503588722644,39.27937328011757,39.57159028220248,6699000
2018-09-13,40.4278450012207,40.713264742283904,40.026896370416516,40.26474615463586,5891500
2018-09-14,40.07447052001953,40.33882470458182,39.8230263305454,40.29872854112226,3953700
2018-09-17,39.65312957763672,39.7482720857495,39.21140816991322,39.428871575148726,7494000
2018-09-18,38.803672790527344,39.449268582838286,38.31438129316694,39.313353269872465,7285100
2018-09-19,38.66095733642578,39.04151963970264,38.613387372562244,38.953174310083824,5079400
2018-09-20,39.12306594848633,39.37722693916271,38.88521614029638,38.925988911775526,5364600
2018-09-21,38.8172607421875,39.37451113710546,38.769690776209295,39.36771653869516,11543500
2018-09-24,38.40951156616211,38.939578301695555,38.215833136458095,38.73570667974949,4729000
2018-09-25,37.8250732421875,38.62900804236132,37.78429788563726,38.49785236724235,3813200
2018-09-26,37.4920768737793,38.00175710920773,37.4241205460026,37.99496251337715,5436500
2018-09-27,37.40373992919922,37.9032270516574,36.9144459982413,37.45130988444589,7881900
2018-09-28,37.45131301879883,37.675571027677584,36.96881623670568,37.36296769778921,6505300
2018-10-01,37.7435188293457,38.01195071572393,37.529451483603495,37.709540667402244,6208700
2018-10-02,38.00856399536133,38.25321098556795,37.6891634701062,37.76391700515471,3930000
2018-10-03,37.784305572509766,38.39592308335128,37.63480108614626,38.10370611621239,5395100
2018-10-04,37.72994613647461,37.97459317404075,37.47170730878047,37.682376167211075,4349500
2018-10-05,37.98138427734375,38.0833213977376,37.53286561387441,37.85226617156438,4163400
2018-10-08,38.776493072509766,38.94638657119211,37.954206568686764,37.954206568686764,6060700
2018-10-09,38.103702545166016,39.061901494103765,37.77750743407746,38.93957800339952,8535700
2018-10-10,37.87944793701172,38.75609624250802,37.87265074671405,37.92701789962126,7799600
2018-10-11,36.57466125488281,38.21243398887065,36.40476780699043,38.03574594370462,9593800
2018-10-12,36.86008834838867,36.98920645218376,36.0378019843579,36.65621411073412,9452500
2018-10-15,37.01638412475586,37.349373820719165,36.730961792990534,36.730961792990534,4829800
2018-10-16,37.67557144165039,37.825078510791215,37.02997839007327,37.17948286684572,4813700
2018-10-17,38.327964782714844,38.74929982852502,37.580432019486274,37.655185555045975,7094000
2018-10-18,37.7435188293457,38.68132854234959,37.66876531764954,38.334747142738166,6075400
2018-10-19,39.11626052856445,39.248777183945805,38.12408102172222,38.15806177837817,8880700
2018-10-22,38.1988525390625,39.469657739699144,38.11730438786928,39.1842353219694,7390000
2018-10-23,38.46387481689453,38.64124465146552,37.73673108146401,38.192046860980895,6429000
2018-10-24,37.90663528442383,38.993955193778,37.855669310478405,38.34156221121791,5833800
2018-10-25,38.04254150390625,38.42310377007051,37.60761468107186,37.893034436418795,5712800
2018-10-26,37.138710021972656,37.77071387723172,36.90085763133189,37.72314132520887,6480000
2018-10-29,37.72994613647461,38.130894871959356,37.18628749319925,37.49209369778802,6301400
2018-10-30,37.954200744628906,38.34835484542628,37.60082460287985,37.79789906090988,6015500
2018-10-31,37.35616683959961,37.7469196402873,36.54067788721571,37.71634006835227,8888100
2018-11-01,38.192047119140625,38.39591873554598,37.11152470058717,37.464903378794965,7427700
2018-11-02,34.47477722167969,35.69121489852276,34.257993022002076,35.50772966857703,22310600
2018-11-05,35.60287094116211,36.01741137363762,34.685447348780926,34.705833733208145,10481500
2018-11-06,36.33001708984375,36.50670774106735,35.630056859854854,35.86111207058446,6724000
2018-11-07,36.391170501708984,36.71736556111387,35.94944915959249,36.59504208979105,5379400
2018-11-08,36.22808074951172,36.425155184239834,35.976636573270696,36.1873053876533,5031800
2018-11-09,36.69019317626953,36.795526293100245,36.064983888382805,36.26206092637514,5712700
2018-11-12,36.47271728515625,37.28820620004105,36.363985602662794,36.71736421885847,5540900
2018-11-13,36.27565383911133,36.880474167509405,36.003823254668596,36.52709544468128,5511400
2018-11-14,35.77276611328125,36.397975386955224,35.453365582579956,36.309630062903466,5601600
2018-11-15,35.755577087402344,35.94814330425774,35.38419713473728,35.76245332792521,6902900
2018-11-16,35.81747817993164,36.38142441926153,35.60427796808028,35.769333996240206,11005000
2018-11-19,35.686798095703125,36.271378177004834,35.57675989340786,35.7418185086096,6378100
2018-11-20,35.033447265625,36.01347809823159,34.87526750411575,35.79683848855239,5967000
2018-11-21,35.18475341796875,35.40482985248393,34.88214897638989,35.09534654659757,4154900
2018-11-23,35.10222244262695,35.418581962551094,34.95779778659869,35.09534357890114,2018700
2018-11-26,35.122859954833984,35.569891728875426,35.04033194025588,35.45985350159853,4527200
2018-11-27,35.624900817871094,35.66272669520119,34.78929733201865,35.02656826735873,5269200
2018-11-28,35.19850158691406,35.356681329081354,34.81336659064747,35.29478468010132,6212700
2018-11-29,35.20537567138672,35.52517456762203,34.95779171413902,35.04719593890179,4840300
2018-11-30,35.15724563598633,35.274162725626546,34.92341408022411,35.15036939472195,6402800
2018-12-03,35.363555908203125,35.52861450557291,34.992178655276554,35.34980342997993,5849600
2018-12-04,34.37321090698242,35.54924451481897,34.29068292314757,35.34980210584452,6460000
2018-12-06,34.056861877441406,34.545156314627825,33.36912234669384,34.38697653737806,8413300
2018-12-07,33.49979019165039,34.34914888824141,33.36568119992738,33.974332122533,5152600
2018-12-10,33.19718933105469,33.69923890191407,32.45442933678496,33.60295578195724,7708700
2018-12-11,33.272830963134766,33.91242877765757,33.10089612317739,33.49978358764941,6550200
2018-12-12,33.190311431884766,33.81615435333177,33.16968008372752,33.664853427648076,7351700
2018-12-13,33.33473205566406,33.446144986299686,33.01149367391462,33.26595653639939,4683500
2018-12-14,32.640113830566406,33.320977043818765,32.580969245001505,33.259080388068554,5653400
2018-12-17,32.19996643066406,33.00118365869024,31.89048309971852,32.667629547755496,7994300
2018-12-18,31.739181518554688,32.48881773858471,31.553491523848002,32.31000398508129,7852600
2018-12-19,31.010169982910156,32.241224151733036,30.85886647376479,31.979882442350398,11399300
2018-12-20,30.845117568969727,31.278394217257766,30.549389354497368,31.003299973144568,11469400
2018-12-21,30.294921875,31.567241415954054,30.223396910115728,30.98266131653697,13230600
2018-12-24,29.256444931030273,30.411847736735172,29.187669392882047,30.30180949921654,5241100
2018-12-26,29.772245407104492,29.772245407104492,28.609963901905783,29.33896876099712,9547100
2018-12-27,30.095478057861328,30.116112025956916,29.077623956914056,29.7241007378731,9022000
2018-12-28,29.964797973632812,30.638782102690598,29.84100470263067,30.18487431685507,8321800
2018-12-31,29.600299835205078,29.861638877920303,29.118881804834984,29.510892992425024,9206000
2019-01-02,29.80663299560547,30.067974766149337,29.081067541154297,29.40086654536035,6417800
2019-01-03,29.785999298095703,30.178010611224387,29.559043999169596,29.675961080787964,7613500
2019-01-04,30.5975341796875,30.700693539579735,29.916670860918575,30.31556106501957,6452600
2019-01-07,31.175230026245117,31.43656912410791,30.26741155321362,30.597528792598396,6711400
2019-01-08,31.202741622924805,31.45308034302793,30.975788943116783,31.367800263845442,8308100
2019-01-09,31.03768539428711,31.271516936947727,30.790098746350218,31.16147871825556,6628800
2019-01-10,31.360916137695312,31.40905768665375,30.803848893028345,31.051435501110397,6153000
2019-01-11,31.3677978515625,31.54523423720796,30.800412260399053,31.491591166853357,4879400
2019-01-14,31.80795669555664,31.924871168986616,31.250886671665135,31.340293554799956,7977200
2019-01-15,32.26185989379883,32.268736134462365,31.801075687319923,32.08992501851243,6086900
2019-01-16,32.213722229003906,32.55759202110535,32.076173787459666,32.323760457535634,8449400
2019-01-17,32.37877655029297,32.39252903144041,31.84921682650579,32.26873571296974,7363900
2019-01-18,32.68825149536133,32.873941440530984,32.32375046790838,32.612599744716185,6141000
2019-01-22,32.516326904296875,32.94272733809407,31.986767106337123,32.90146201831806,6959800
2019-01-23,32.365013122558594,32.805165864588844,32.03489856603591,32.68824881675859,5213900
2019-01-24,32.007389068603516,32.37532950545146,31.91110598210384,32.03489927146552,6063000
2019-01-25,32.15181350708008,32.48880693134148,32.08991686276747,32.21371015139269,5422000
2019-01-28,32.254981994628906,32.39940665279905,31.67728073843049,32.17245136980209,6545800
2019-01-29,32.241214752197266,32.50255376187204,31.917976485447507,32.35125292035424,4440500
2019-01-30,32.15181350708008,32.42003142459562,31.993633776840586,32.32374833866874,5414300
2019-01-31,33.052757263183594,33.080264845938316,32.28248722866279,32.30312119512591,8319600
2019-02-01,32.84644317626953,33.17656050336394,32.68482656893426,33.10778496708658,4740200
2019-02-04,32.825801849365234,32.99773670251937,32.59197034413491,32.887698501441434,6251500
2019-02-05,33.10777282714844,33.1215279293602,32.6401098460186,32.750148040195185,6145700
2019-02-06,32.79829788208008,33.05963964317151,32.65731263990478,32.977111632544066,5012400
2019-02-07,32.481937408447266,32.80036166861976,32.19996430850676,32.3718991895319,9556900
2019-02-08,32.640113830566406,32.65386893445732,32.076167688627926,32.461302727020126,5278600
2019-02-11,32.55070877075195,32.83955807463298,32.24122549979532,32.66762321560349,5152500
2019-02-12,33.08714294433594,33.334729548028214,32.667621490692646,32.72951814161571,5363900
2019-02-13,32.76390838623047,33.300344340757526,32.74327704136956,33.22469520176154,6021400
2019-02-14,32.55759048461914,32.77766693129656,32.248107161629584,32.65387360210074,4390000
2019-02-15,32.750152587890625,33.073390975958205,32.557586377221185,32.887701005590735,5758800
2019-02-19,32.85331726074219,33.27283878866943,32.75703414748375,32.88770371211762,7443900
2019-02-20,33.190311431884766,33.35537008769773,32.757037379472614,32.94272738344282,7048900
2019-02-21,33.135284423828125,33.465399020228396,32.90832916307429,33.2797090678437,10117900
2019-02-22,24.036495208740234,24.758621133771662,23.733888160276013,24.655459162973788,135204800
2019-02-25,23.541318893432617,24.35972781919192,23.42440445697453,24.070878536047775,47394300
2019-02-26,22.777929306030273,23.73388669896234,22.722911515572022,23.548199360587716,36361600
2019-02-27,22.14521598815918,22.867342054655133,22.042053997151868,22.798569142995866,28284100
2019-02-28,22.82607078552246,23.13555405438072,21.88386849901418,22.296511108480043,39658300
2019-03-01,22.282760620117188,23.032396772344136,22.248371546656657,22.97737635362166,20796800
2019-03-04,22.85358428955078,23.073660729485745,22.53722473508404,22.626631608657025,19256700
2019-03-05,22.722909927368164,22.96361766289466,22.461568226284,22.95674142338714,13556300
2019-03-06,22.59912109375,22.832952635974824,22.523469326630487,22.784811079356604,8978600
2019-03-07,22.202274322509766,22.717474089800156,22.14657722981938,22.717474089800156,15205600
2019-03-08,22.34847640991211,22.487719791375827,22.000370612099417,22.06303000096576,12460800
2019-03-11,22.397216796875,22.411141404088752,22.035882136766464,22.271899315722127,12449900
2019-03-12,22.271900177001953,22.571271276132855,22.178608226494095,22.41810590255303,10361500
2019-03-13,22.487722396850586,22.494686027446225,22.20923692958054,22.327593419160742,8688600
2019-03-14,22.1883544921875,22.626968999271593,22.17442988487089,22.51557479658599,8199900
2019-03-15,22.341522216796875,22.43203084059536,22.035187481355685,22.244052616943467,16516500
2019-03-18,22.29974937438965,22.348484176461287,21.951643455603126,22.13962035960462,13719500
2019-03-19,22.369369506835938,22.61304348549052,22.195314578202744,22.25797398069209,10194500
2019-03-20,22.29278564453125,22.404179843485768,22.097845132399044,22.348481416084912,10093500
2019-03-21,22.8010196685791,22.870640040342856,22.22316181864503,22.306708123854396,11186100
2019-03-22,22.480764389038086,22.870642766747544,22.41114135312764,22.856720815412714,12098300
2019-03-25,22.626964569091797,22.654813778272363,22.299743000837044,22.466835600073683,7663500
2019-03-26,22.90545654296875,23.009887117305148,22.633930675660437,22.65481891520561,7464000
2019-03-27,22.724435806274414,23.107353165030432,22.564306825552695,22.90545302333163,8391900
2019-03-28,22.89849281311035,22.995962411079198,22.752288416157086,22.766213023845115,6537800
2019-03-29,22.73140525817871,23.0098894741138,22.66178221230921,22.74532721150497,8130000
2019-04-01,22.626964569091797,22.961147111718308,22.567786991468164,22.83582832625252,7969100
2019-04-02,22.33455467224121,22.78709234644934,22.29278086065494,22.66873719739151,9344000
2019-04-03,22.452917098999023,22.529501117140512,22.29278808645205,22.44595612273502,8430300
2019-04-04,22.75924301147461,22.828866030395787,22.35544012511821,22.487719877298534,7574200
2019-04-05,23.093427658081055,23.114315893601283,22.710510314270376,22.759245104072818,8852400
2019-04-08,23.10735511779785,23.232673923013518,22.947226123543874,23.135204331367373,6571100
2019-04-09,22.940263748168945,23.13520291956527,22.870640718493814,23.086468126716188,6398800
2019-04-10,22.961151123046875,23.02381052672641,22.76621193642043,22.961151123046875,6323800
2019-04-11,22.96811294555664,23.110835508568382,22.835830517180813,23.03077234430124,6022200
2019-04-12,23.023813247680664,23.197866872266005,22.91241903417995,23.058623441428225,5278400
2019-04-15,23.072538375854492,23.100387581514475,22.863674645097497,23.037728196702734,5232900
2019-04-16,23.00292205810547,23.32318001191054,22.982033822268168,23.023807638095878,4618200
2019-04-17,22.89849281311035,23.05166084183131,22.870643597734293,23.009887018767227,6532700
2019-04-18,22.947229385375977,23.03077703796042,22.870645365097353,22.989003211668198,6834200
2019-04-22,22.90545654296875,23.51812334878157,22.842797136027965,23.344069735706874,10441400
2019-04-23,23.044700622558594,23.09691724515918,22.870646984455135,22.92634542345516,9615900
2019-04-24,22.8079833984375,22.90545564886634,22.507915151183962,22.877606434458098,8443100
2019-04-25,22.640886306762695,22.79405428201404,22.585187895454414,22.74531684419608,6196300
2019-04-26,23.016847610473633,23.044694166324366,22.67918322221782,22.766210016888,6908200
2019-04-29,23.163053512573242,23.202041349177225,22.99596088723676,23.086469503287653,5963400
2019-04-30,23.14216423034668,23.302293198775274,23.016845445342256,23.19089901830987,9695000
2019-05-01,22.96811294555664,23.3719158940297,22.926339127777904,23.114317324011697,7402700
2019-05-02,22.404176712036133,22.85671707595098,22.15353913545848,22.766208471998645,12276800
2019-05-03,22.682666778564453,22.73836255038764,22.30322854363968,22.522535126935658,6995800
2019-05-06,22.8149471282959,22.933302306270136,22.494689128762616,22.52253568744361,10303800
2019-05-07,22.626964569091797,22.947222507128025,22.418100811931073,22.717473171005256,8719100
2019-05-08,22.57823371887207,22.710513501780845,22.459875887134974,22.62696851551463,5778600
2019-05-09,22.682666778564453,22.724437943470043,22.25797423511928,22.48772493756526,6838900
2019-05-10,22.73140525817871,22.787101039026673,22.049114015819615,22.66874584481998,9250000
2019-05-13,22.257972717285156,22.578232014932542,22.15354082837187,22.480762429003278,7944100
2019-05-14,22.466838836669922,22.557347451622146,22.264936024794626,22.334559057776012,7267300
2019-05-15,22.557344436645508,22.58519099026899,22.181388076337164,22.418101045140922,5744000
2019-05-16,22.599117279052734,22.787095473214727,22.480762113754622,22.536457880998736,5135600
2019-05-17,22.647850036621094,22.8845630017977,22.42158251672088,22.564305065337216,5852500
2019-05-20,22.132652282714844,22.529494204183177,22.028219079866684,22.501644995977447,9077200
2019-05-21,22.264936447143555,22.40417985990052,21.951640760325784,22.223163954485905,6531900
2019-05-22,22.1953125,22.355442806881364,22.07347552208061,22.264934199349707,6141600
2019-05-23,21.89594078063965,22.111766846892177,21.721887201550057,22.076955334320207,7162100
2019-05-24,21.65922737121582,22.090879495039143,21.603530280144316,22.014296824767946,8283900
2019-05-28,20.23199462890625,21.666197570609977,20.197184432270014,21.652272960785933,24476400
2019-05-29,19.967430114746094,20.155408330017334,19.793376506811313,20.113634508007962,13150600
2019-05-30,19.346092224121094,19.988608326933914,19.240183227987128,19.96742733573069,15970500
2019-05-31,19.522611618041992,19.543793960238567,19.035428521170598,19.25430868374985,10453400
2019-06-03,20.0662784576416,20.115702573212396,19.53673205360114,19.543792833926414,12485500
2019-06-04,20.2427921295166,20.286568155625396,20.05215511776774,20.115700788350694,11999700
2019-06-05,20.10157585144043,20.369880048088714,19.96036432130968,20.369880048088714,12103200
2019-06-06,20.207490921020508,20.221611134650672,19.889762546984763,20.080399571406208,9267400
2019-06-07,20.292221069335938,20.440494784880634,20.200433604822628,20.263979290526592,11638400
2019-06-10,21.400733947753906,21.534886074145962,21.075946148464393,21.25246160808854,24143900
2019-06-11,21.3513126373291,21.42897988070509,21.040645010531414,21.39367597612225,17107800
2019-06-12,21.273643493652344,21.443099527100536,21.16067370249098,21.33012838923303,13485300
2019-06-13,21.471343994140625,21.661981045646975,21.252465164655355,21.252465164655355,10592300
2019-06-14,21.400733947753906,21.55606841411505,21.167733594918275,21.527825294156266,11839700
2019-06-17,21.301881790161133,21.488987711887376,21.266579243433632,21.443094670482793,7957600
2019-06-18,21.372495651245117,21.5278287961688,21.266586627583226,21.485465456045308,10298700
2019-06-19,21.859670639038086,21.891443470937507,21.259519242480362,21.3018825694443,11185600
2019-06-20,21.979700088500977,22.145625018645266,21.831427778189255,21.993821645684704,8706200
2019-06-21,22.226831436157227,22.240952999366357,21.74035529994825,21.96558925032025,12099000
2019-06-24,21.54900550842285,22.226824160097213,21.52429345424968,22.127975943404522,10618400
2019-06-25,21.66197395324707,21.78200450044717,21.431092006034834,21.457215406438603,7514700
2019-06-26,21.774948120117188,21.852615356554782,21.29482583433231,21.47134130135874,7541900
2019-06-27,21.725521087646484,21.767884416966808,21.570186635628698,21.66197542031302,5051500
2019-06-28,21.91615867614746,21.937339668021473,21.661976000011393,21.817309109480107,7589100
2019-07-01,21.506641387939453,22.198582962771233,21.41485394817011,22.07149162562446,8090900
2019-07-02,21.54900550842285,21.633732166529175,21.34424694903834,21.485459841490137,8013900
2019-07-03,22.06443214416504,22.12091703658586,21.632322649810465,21.77494690217008,7003100
2019-07-05,21.880857467651367,22.039721659760676,21.551832912166592,22.03619059621038,5234200
2019-07-08,21.66904067993164,21.923222055113968,21.591373437864306,21.88085871703462,4360000
2019-07-09,21.53489112854004,21.753769972768723,21.48899672118831,21.60549759830276,5011400
2019-07-10,22.099735260009766,22.135039160363604,21.59137121526938,21.605492775410916,6607400
2019-07-11,21.640796661376953,22.297434434617248,21.612554886061275,22.19152542044763,5846400
2019-07-12,21.746706008911133,21.83143402956937,21.570190533687157,21.640796993117988,4348200
2019-07-15,21.66197395324707,21.83142860575794,21.577245953638702,21.79612605816621,4572400
2019-07-16,21.407791137695312,21.70786817675763,21.351306253956242,21.661973787874054,4747100
2019-07-17,21.492521286010742,21.549006175398567,21.365429948211634,21.457217388452108,3901500
2019-07-18,21.9232177734375,21.990294504561252,21.431093702985155,21.49252100255044,6940700
2019-07-19,22.269187927246094,22.396277909220146,21.718459285201618,21.873792383196058,9416200
2019-07-22,22.233884811401367,22.481006698416486,22.106793478267537,22.29743047796828,7678900
2019-07-23,22.558673858642578,22.869340064625646,22.20564297726605,22.24800630595357,6696300
2019-07-24,22.643402099609375,22.650464226041457,22.29743197326928,22.551614656582835,7024400
2019-07-25,22.276248931884766,22.721068613661586,22.124445539325087,22.459825158857075,5788100
2019-07-26,22.488065719604492,22.558672159904102,22.198580526411355,22.360974396406366,3745800
2019-07-29,22.42452049255371,22.56926309195514,22.276246830380664,22.523368702865167,4465100
2019-07-30,22.481008529663086,22.495130089318472,22.10679527903166,22.332734846693636,4082000
2019-07-31,22.60103988647461,22.77755535876121,22.216237449727757,22.502192999646272,10875600
2019-08-01,22.96819305419922,23.47655849093244,22.332737604988907,22.66458621764048,10753300
2019-08-02,22.742250442504883,23.081159790909325,22.445705772680526,23.031735679271932,5842700
2019-08-05,22.19858741760254,22.551618381987474,22.043252931381165,22.431587800228346,9686200
2019-08-06,21.591371536254883,22.240948498655282,21.570189195727675,22.198585164306984,8156700
2019-08-07,21.796133041381836,21.88792050255144,20.821766793886923,21.556071870068962,10723200
2019-08-08,19.925064086914062,19.939185646531545,18.392909882774727,18.873032136120663,44732500
2019-08-09,18.71063804626465,19.62145843153945,18.668274714558343,19.515548082214632,19596000
2019-08-12,18.562366485595703,18.781245279691248,18.17403166420015,18.710638826100595,14772300
2019-08-13,18.32936668395996,18.8278473013983,18.322307249904902,18.442337829434337,16317800
2019-08-14,18.01869773864746,18.555304876574006,17.78569739490228,18.25169808239264,14678700
2019-08-15,17.693912506103516,18.05965235701218,17.570352200629753,18.00458014848854,9911700
2019-08-16,17.941030502319336,18.110485175284207,17.722857392037334,17.792758168489833,9915600
2019-08-19,18.152851104736328,18.265822249586442,17.962215412059894,18.14579167072028,6874800
2019-08-20,18.030921936035156,18.224571788653495,17.995061460212263,18.131333730720293,6652700
2019-08-21,18.124162673950195,18.267605955614968,17.952029915158732,18.052440349123028,5564900
2019-08-22,18.37519073486328,18.446911694074046,18.088301426061793,18.13850801269478,7445200
2019-08-23,18.167192459106445,18.540147390944988,18.11698725058767,18.368014661170893,7904100
2019-08-26,18.34650230407715,18.400294394545494,18.109819568397874,18.31064182242471,7259600
2019-08-27,17.93051528930664,18.36084792984795,17.916170548757652,18.346503189298964,7210900
2019-08-28,18.052438735961914,18.124161054379996,17.830100780056362,17.901821730485,4094100
2019-08-29,18.167192459106445,18.332152820807956,18.145675354888684,18.224570035697813,5963500
2019-08-30,18.303464889526367,18.51145809364019,18.22457020797146,18.31063725766675,6646600
2019-09-03,18.69076156616211,18.748139138301173,18.088296374707344,18.231740989049612,8199000
2019-09-04,18.83420753479004,18.905929847118415,18.583180125635398,18.83420753479004,6442900
2019-09-05,19.070890426635742,19.364950679364725,18.90593006398082,18.90593006398082,7322500
2019-09-06,19.565776824951172,19.694875373048305,18.97765483300157,19.128271857765984,10224700
2019-09-09,20.13954734802246,20.19692492123093,19.544254512988616,19.59445971854737,9061200
2019-09-10,20.770700454711914,20.777872822293048,20.13954715545366,20.153891890615927,8596700
2019-09-11,21.000211715698242,21.287099573565182,20.641601551367263,20.87828420510614,10297200
2019-09-12,20.820907592773438,21.308616289621874,20.78504575389462,21.208205876739736,7024000
2019-09-13,20.978700637817383,21.147247901211223,20.849600722706324,20.9356677887769,5371500
2019-09-16,21.244068145751953,21.34447856066712,20.849596118033652,20.892628957570253,6108700
2019-09-17,20.340373992919922,20.598572444910538,20.254306930263347,20.43361205680745,25364700
2019-09-18,20.376230239868164,20.48381301985694,20.15389231215946,20.297335562814737,9318700
2019-09-19,20.189756393432617,20.440783836958076,20.110863070259683,20.36906151480944,8174500
2019-09-20,20.18258285522461,20.419265547011207,20.09651716802372,20.161067117419105,8794700
2019-09-23,20.225618362426758,20.282995946899323,20.028381633312144,20.225618362426758,8673100
2019-09-24,20.031967163085938,20.26864985421629,19.856247552888064,20.232788011324157,7334900
2019-09-25,20.18258285522461,20.22561706681449,19.988216180575456,20.067827693630466,5874100
2019-09-26,20.08934783935547,20.29017008652846,20.003280771141434,20.225620127365342,6775800
2019-09-27,19.967418670654297,20.247134225673292,19.870593739765525,20.15389616333014,5192400
2019-09-30,20.035552978515625,20.09651742839643,19.809629520694124,20.003278003399775,4796200
2019-10-01,19.608806610107422,20.082171983127708,19.522739556835823,20.031966772048193,4771700
2019-10-02,19.042205810546875,19.537088392711766,18.841384924095383,19.515571282882096,7133100
2019-10-03,19.035030364990234,19.049373733538626,18.626213581600243,18.99916852364583,5414000
2019-10-04,19.347021102905273,19.364951339807217,18.941791182572278,19.027858234886754,3582200
2019-10-07,19.321918487548828,19.497636724281207,19.164129119719636,19.38646843475361,4042400
2019-10-08,19.156951904296875,19.364946429994518,19.027853410541038,19.278879399501587,5536500
2019-10-09,19.171300888061523,19.307573146561015,19.031443129491485,19.271712673898207,3759900
2019-10-10,19.321918487548828,19.41300469287844,19.160543619536877,19.21433569820399,3611200
2019-10-11,19.422332763671875,19.594465534388075,19.343438064097494,19.386472282768786,9311700
2019-10-14,19.594459533691406,19.648251606562166,19.21074675998176,19.422326815689914,4037800
2019-10-15,19.71639060974121,19.809630037168798,19.438826910899845,19.580118337033692,5021500
2019-10-16,19.680526733398438,19.95306986374036,19.64107939537767,19.737904306522488,4074600
2019-10-17,19.91720962524414,19.95307009586789,19.565771814772166,19.723559800701643,4333100
2019-10-18,19.802457809448242,20.20051539309617,19.795285440518878,19.960245821925742,5437000
2019-10-21,19.945899963378906,20.096516966453912,19.65901206227106,19.802456696819693,5091700
2019-10-22,20.440778732299805,20.49098393486929,19.745075527571316,19.960241072294593,6029900
2019-10-23,20.51967430114746,20.51967430114746,20.13237466212077,20.419262523628007,6883900
2019-10-24,20.404926300048828,20.534743051528444,20.1682435604471,20.53402485693092,5071700
2019-10-25,20.35471534729004,20.50174548177367,20.232787818597068,20.383404821330462,3981700
2019-10-28,20.34754180908203,20.42643511687502,20.17540772228639,20.340369441466443,5500300
2019-10-29,20.18258285522461,20.36906033481245,20.107275036926474,20.347544597006944,6071300
2019-10-30,20.440778732299805,20.56987860632944,20.03913574375474,20.153890883339045,9601500
2019-10-31,23.187742233276367,23.28313215277283,20.4407861497117,21.581166960134787,38732500
2019-11-01,23.3885555267334,23.940815512165567,23.037116359284404,23.037116359284404,15048800
2019-11-04,23.904958724975586,23.962334937818223,23.48179855334302,23.59655371500716,9696400
2019-11-05,23.603723526000977,23.87626804720924,23.223597585142755,23.87626804720924,7719900
2019-11-06,23.76868438720703,23.97667896657095,23.646758228532256,23.76868438720703,7070300
2019-11-07,23.46745491027832,23.847580888017657,23.295320791767136,23.790201936520926,5570100
2019-11-08,23.56068992614746,23.60372413670812,23.30966387115729,23.496139978295876,4422700
2019-11-11,23.49614143371582,23.589380861050035,23.363457397564517,23.589380861050035,3763900
2019-11-12,23.653934478759766,23.826068622363245,23.367047887393163,23.460284593198125,5993200
2019-11-13,23.883440017700195,23.969505704112233,23.463866718465326,23.575035010746657,5227000
2019-11-14,22.47511100769043,23.585801548999868,22.22103301056481,23.585801548999868,14509400
2019-11-15,22.72193717956543,22.867125833947078,22.44608039778625,22.475117297889604,6952100
2019-11-18,22.511411666870117,22.72193366003072,22.075847155813964,22.67837762431153,7257300
2019-11-19,22.72193717956543,22.862044272582366,22.52593429615832,22.58400948098665,6661500
2019-11-20,22.569488525390625,22.823567957834946,22.475115492238,22.613044564357175,5271400
2019-11-21,21.952442169189453,22.504157155941332,21.894366980300926,22.504157155941332,8815000
2019-11-22,22.170225143432617,22.242818091003134,21.93792300349312,22.032296050729542,4664400
2019-11-25,22.54771614074707,22.598531764571085,22.064966329797034,22.228303252532726,7140600
2019-11-26,22.119409561157227,22.685643727048202,21.981481844224476,22.649347250933648,8846200
2019-11-27,22.046812057495117,22.395263140897693,22.01414468188728,22.29363053643913,4407500
2019-11-29,22.141189575195312,22.184745626009764,21.894369646210272,22.010520038130068,2442200
2019-12-02,22.46785545349121,22.471484546180193,22.01777180588046,22.141181726626844,5816500
2019-12-03,22.35896873474121,22.431563067797345,22.11940840489119,22.380747450044574,5573200
2019-12-04,22.52593421936035,22.70741934440786,22.32267038084336,22.35170866546934,5448200
2019-12-05,22.685640335083008,22.997794967633205,22.56948996733711,22.707419048268463,4606300
2019-12-06,22.569488525390625,22.758233207074362,22.467857306261504,22.707417597509803,6496100
2019-12-09,23.179279327392578,23.40432186903712,22.605785693979243,22.678380017586466,8128000
2019-12-10,23.142976760864258,23.39705614944266,23.099420729417503,23.266386670481122,5544500
2019-12-11,22.939720153808594,23.32083864066162,22.93246058262967,23.18654003540556,5443200
2019-12-12,23.186538696289062,23.324467771479434,22.954237970466256,22.976015298123677,5689800
2019-12-13,22.939720153808594,23.317208162761343,22.801065528920855,23.23009607785749,5174500
2019-12-16,23.041345596313477,23.23009024571446,22.90341654778559,23.055864735026155,4744400
2019-12-17,22.95423698425293,23.073290893428815,22.761861828941182,23.00505259276572,6137700
2019-12-18,23.04861068725586,23.15750148444456,22.957142583771947,23.012314216400164,6317600
2019-12-19,23.157503128051758,23.309951362633257,22.94698108982799,23.128466226230625,7941000
2019-12-20,23.389802932739258,23.411580260777523,23.070388736836158,23.251872470515192,12601700
2019-12-23,23.17201805114746,23.447874799006435,23.09942373288306,23.37528186536349,6822800
2019-12-24,23.215572357177734,23.28816805465046,23.132089382016133,23.179275893062727,1594400
2019-12-26,22.96149444580078,23.21557386497173,22.867122802199738,23.193796538936883,3957800
2019-12-27,22.95423698425293,23.146610754943193,22.888902234844636,23.026829919487493,4089700
2019-12-30,23.019567489624023,23.09216180046264,22.910676715676754,22.990530596061365,3856500
2019-12-31,23.3244686126709,23.458765830392522,22.8961636147553,23.012313981855637,6069400
2020-01-02,22.946979522705078,23.534989552176736,22.867125625062453,23.440619281547473,6008700
2020-01-03,22.67837905883789,22.976014526885294,22.663859917805947,22.867123738388695,5012700
2020-01-06,22.729196548461914,22.84534691708487,22.43156105578789,22.627565322072233,4714700
2020-01-07,22.329925537109375,22.711043947433197,22.148440447943617,22.685636145719698,7165700
2020-01-08,22.20651626586914,22.460595675002793,22.03229074136585,22.315407045606026,5802900
2020-01-09,22.199260711669922,22.27911461074545,21.73465922895045,22.264595468255052,8938400
2020-01-10,22.2863712310791,22.4126847078529,22.191998202009003,22.206517342576934,4578200
2020-01-13,22.62030601501465,22.631194679505906,22.286374047480887,22.438820888845004,4269100
2020-01-14,23.034088134765625,23.048607274806926,22.591265440477244,22.59852362587649,6794100
2020-01-15,22.939720153808594,23.201057793141786,22.89616411135667,23.0050549097973,4243700
2020-01-16,23.034088134765625,23.244611511500246,22.976012959221833,23.012310809325083,3950400
2020-01-17,22.52593421936035,23.12846477913321,22.467859034730015,23.084907352194243,6645600
2020-01-21,22.511411666870117,22.591265552873146,22.072218063096287,22.475113816586283,7106600
2020-01-22,22.26459503173828,22.56513407536457,22.141185092232774,22.562230523847745,4535000
2020-01-23,22.271848678588867,22.351702554857866,22.025028865231267,22.16295791025375,4280600
2020-01-24,22.075851440429688,22.3045230954249,21.84355069201244,22.28637485907137,5951500
2020-01-27,22.03229331970215,22.12303587753896,21.672952181434894,21.88710467331463,5806100
2020-01-28,21.872587203979492,22.264595748423144,21.839919825275853,22.104889332884056,5645000
2020-01-29,21.502355575561523,21.858066210673012,21.484205957595687,21.858066210673012,9042600
2020-01-30,21.734657287597656,21.77095375595998,21.248277134586363,21.49509699639039,6169800
2020-01-31,21.197463989257812,21.72014067139314,21.077683137418774,21.705621528511738,8211800
2020-02-03,21.161163330078125,21.328129297241027,20.994197362915223,21.19746118247538,6305700
2020-02-04,21.161163330078125,21.502356219504872,21.11760729182291,21.415242758372948,7607100
2020-02-05,21.32086753845215,21.741912863351498,21.13212289148054,21.31360796918925,9092800
2020-02-06,21.0958309173584,21.487839458946105,20.994199688630463,21.28457561686859,6544800
2020-02-07,21.44428062438965,21.995994123912812,20.84174874787443,21.02323385247642,13268800
2020-02-10,21.553180694580078,21.66933110078915,21.34265721793734,21.524142400716777,5775800
2020-02-11,21.78547477722168,21.887106005104084,21.502358422622624,21.698361307164166,7123300
2020-02-12,21.807252883911133,22.177481313641177,21.73828765152053,21.901624537943544,8096300
2020-02-13,20.159364700317383,21.2192369913092,19.861729255059604,21.136479555309553,37333600
2020-02-14,19.51327896118164,20.268257704417234,19.208383912509042,20.217442093742058,23915700
2020-02-18,19.839950561523438,19.927064016495198,19.092231470472267,19.433424335771814,16772400
2020-02-19,19.8254337310791,19.929242962906486,19.680246468708326,19.86173158513796,7947900
2020-02-20,19.905284881591797,20.16517138849497,19.70928065055634,19.79639410366811,7005900
2020-02-21,19.789140701293945,19.970625849268444,19.723805937253385,19.745584653474168,6716800
2020-02-24,19.331790924072266,19.70202066897207,19.06319376978229,19.571351184346103,12622200
2020-02-25,18.925262451171875,19.382605592643664,18.69296178835117,19.324530426938487,11732200
2020-02-26,18.613113403320312,19.048677966821835,18.409850955742094,19.041418395890958,11768200
2020-02-27,18.126731872558594,18.50422122500918,17.97428504827363,18.42436733536193,14102800
2020-02-28,17.981548309326172,18.010585212216707,17.4298333081884,17.82184049725207,16274100
2020-03-02,18.925262451171875,18.93252201996267,17.836352055733943,17.967021524725883,14470800
2020-03-03,18.511476516723633,19.251935909701654,18.333620544878666,18.874446644502527,11011400
2020-03-04,19.201126098632812,19.222903426703496,18.584076418567985,18.8236367196965,8588100
2020-03-05,19.346311569213867,19.418905886836612,18.678446339403227,18.75104065702597,12581900
2020-03-06,18.896228790283203,19.157566388312485,18.598593342096095,18.627630237600947,8694600
2020-03-09,17.393531799316406,17.93072892860599,17.183009797510678,17.480645258953533,16231400
2020-03-10,17.785537719726562,18.0686539995332,17.05233783533022,17.908947628676863,12339200
2020-03-11,17.175750732421875,17.59679613304087,16.918042208039026,17.357235842768365,11763400
2020-03-12,14.81279468536377,16.297028060270396,14.798027266161899,16.171495842240496,15386400
2020-03-13,17.700031280517578,17.714800105639924,15.28538471032152,15.684133129596047,15014300
2020-03-16,16.26010513305664,17.404662354983312,14.761103139466973,15.433069210419958,14821500
2020-03-17,17.596649169921875,17.65572305139829,15.388760913146317,16.400401309483957,12594400
2020-03-18,17.493270874023438,17.722181997125208,16.192166579547223,16.496397854998648,11805700
2020-03-19,16.45209312438965,17.39727528179953,16.18625993840186,17.10190585760894,12585300
2020-03-20,16.45209312438965,17.160979742447058,16.082880992043286,16.577625305724712,12908300
2020-03-23,15.337075233459473,17.205288077149255,15.263232511255653,16.459480667345744,14829300
2020-03-24,16.976375579833984,17.253284710143564,15.89827670854304,16.090267207902933,11706200
2020-03-25,16.954221725463867,17.958479252210026,16.895147836151306,17.271744408681116,15683100
2020-03-26,18.290773391723633,20.2180601881337,16.968992991569195,17.160983511568695,12900700
2020-03-27,17.89940643310547,18.593525730354017,17.434199703008353,17.72218475457168,8529400
2020-03-30,18.586139678955078,18.68213421820145,17.75172084004173,18.19477429309585,8008400
2020-03-31,18.268619537353516,18.822437838880358,18.013863625686966,18.54183718581718,7037500
2020-04-01,17.485891342163086,18.006480527268074,17.35297471474345,17.736955769859538,6098600
2020-04-02,18.19477653503418,18.30554132037859,17.24959421639308,17.33820435454931,7376700
2020-04-03,18.696901321411133,18.811357584361026,18.010166560576668,18.010166560576668,9217500
2020-04-06,19.13258171081543,19.287651612746533,18.874132813219045,19.199040039009734,7757500
2020-04-07,19.64947509765625,20.291903581495035,19.228573385810247,19.915306942361013,12177900
2020-04-08,20.173751831054688,20.306668431592506,19.649471249413942,19.752850201639983,7458600
2020-04-09,20.757108688354492,21.041402228817766,20.195906019854185,20.195906019854185,11111900
2020-04-13,20.62419319152832,20.805106376193525,20.188522693961268,20.602039953057325,6711500
2020-04-14,21.008176803588867,21.174321183135987,20.624195739909005,20.742343542820823,6668600
2020-04-15,20.712799072265625,20.74233671749058,20.24020801612591,20.67587842416688,6209600
2020-04-16,21.584142684936523,21.717059288805515,20.82356653147028,21.04509326563018,9266000
2020-04-17,21.657987594604492,21.776135385924096,21.15216727499038,21.502919146659796,8131600
2020-04-20,21.53984260559082,22.00504941838048,21.32569882569372,21.39954155698351,6184200
2020-04-21,21.022937774658203,21.510297664298953,20.904790007983625,21.36261366017197,6143300
2020-04-22,21.237083435058594,21.370000036899064,21.008172292129235,21.288772911678198,4636800
2020-04-23,21.06724739074707,21.451226985586384,21.015556502726362,21.133705695483865,4418300
2020-04-24,21.584142684936523,21.661676901049226,21.11155156756467,21.11155156756467,7272300
2020-04-27,22.293033599853516,22.337338670624145,21.67275697533346,21.78352035647644,7071600
2020-04-28,22.470251083374023,22.721315451445555,22.193341978156827,22.507171734029967,6920900
2020-04-29,22.544099807739258,22.917003549209753,22.27826654510973,22.55148422152707,7681100
2020-04-30,22.396404266357422,22.809921393285833,21.805665513602552,22.248718873952562,10035200
2020-05-01,21.694908142089844,22.329953573562605,21.5250708689764,22.145347474500316,6200700
2020-05-04,21.36261558532715,21.591526727834086,21.008172253361707,21.5176840148998,6662800
2020-05-05,21.3700008392334,21.772442161723273,21.310926948245555,21.414305905366113,7385600
2020-05-06,21.709678649902344,21.835210863327077,21.325697596081646,21.517688122991995,6164200
2020-05-07,21.288774490356445,21.945971727710614,21.214931771810058,21.842592766805293,4934300
2020-05-08,21.82781982421875,21.905355438705584,21.36261317945997,21.48076094347593,5295900
2020-05-11,21.657987594604492,21.83890219230607,21.60629811195626,21.64321876858135,3929600
2020-05-12,21.694908142089844,21.990279027335717,21.665371898624915,21.665371898624915,4700200
2020-05-13,21.237083435058594,21.798286082589126,21.030324120147576,21.739212193819206,6637400
2020-05-14,21.266620635986328,21.36630809187025,20.764493262973787,21.045093895199404,4866400
2020-05-15,21.561992645263672,21.650602782905267,21.08940008025509,21.20016345652346,5349400
2020-05-18,22.795162200927734,22.994535721608177,22.1158116860637,22.19703741358803,12870200
2020-05-19,22.086273193359375,22.83946640240144,22.078888780513932,22.758239269534336,6538500
2020-05-20,22.3299560546875,22.507177760466814,22.137965521318346,22.26349773896614,4609500
2020-05-21,21.938587188720703,22.233958061205918,21.849977053721297,22.197035997928918,4170800
2020-05-22,22.115812301635742,22.145348546530485,21.827825815423203,21.8352102287551,3283400
2020-05-26,22.311491012573242,22.69547199822068,22.256108625023714,22.41856287733827,5977800
2020-05-27,22.91330909729004,22.935460927369324,22.352106397546777,22.41856470465011,5170600
2020-05-28,22.733768463134766,23.00307319122592,22.636520326227057,22.90582505431821,3709900
2020-05-29,22.793622970581055,22.88339172500438,22.269976421393824,22.64401028231011,6855800
2020-06-01,22.759952545166016,23.02551758538389,22.6814058020768,22.816058176987163,5396200
2020-06-02,23.511762619018555,23.534203731676524,22.75621424497945,22.808578743615477,7215400
2020-06-03,23.421995162963867,23.81099064090145,23.39955404908424,23.564128400445995,5623100
2020-06-04,23.556642532348633,23.564123377655818,23.05543731136992,23.170640616910177,6157000
2020-06-05,24.401958465576172,24.4169201564291,23.706256962819587,23.736178917700066,19534500
2020-06-08,25.411849975585938,25.434291083962414,24.319669424970737,24.34211338699782,11939500
2020-06-09,24.761037826538086,25.060266025013814,24.49173587229184,24.910651925775948,5874900
2020-06-10,24.312191009521484,24.828356499024757,24.237385409414017,24.75355089891729,5541200
2020-06-11,23.32474708557129,23.87083606981093,23.294823697863315,23.72870283184936,6965100
2020-06-12,23.788543701171875,23.92319606685206,23.362145494401542,23.781064282478876,5437100
2020-06-15,24.02792739868164,24.02792739868164,23.18261174804759,23.384590316307015,5008100
2020-06-16,24.484251022338867,24.61142399209186,23.9531237368824,24.372042599952294,5833900
2020-06-17,24.536611557006836,24.970492043652143,24.506688174413885,24.62637885113486,5047600
2020-06-18,24.820880889892578,24.835842582940483,24.31219474086847,24.394482625806365,3839700
2020-06-19,25.04529571533203,25.2098714532526,24.738588201530455,24.873240559165353,9231500
2020-06-22,24.79844093322754,24.96301385712441,24.536615573159885,24.738594158245917,6773000
2020-06-23,24.23738670349121,24.968246644318423,24.166319382039198,24.835840097255623,7113900
2020-06-24,24.0354061126709,24.173796753904522,23.69129437027734,24.125173400721174,5962600
2020-06-25,23.848392486572266,23.990525718320928,23.571608296500532,23.900758412772213,4871100
2020-06-26,23.11528968811035,23.855876477206493,23.04048263907699,23.855876477206493,7293900
2020-06-29,23.668853759765625,23.721218253191143,23.190091046360386,23.190091046360386,5010500
2020-06-30,23.85586929321289,23.97555996489212,23.56337580286223,23.668852440360922,5854100
2020-07-01,23.691303253173828,23.96060664512348,23.552911133225685,23.88580101930882,4482300
2020-07-02,23.79602813720703,24.095254868965057,23.736182790855427,23.900758563441542,4284800
2020-07-06,23.93816566467285,24.19250878900607,23.82595579848487,23.99801244858736,4839400
2020-07-07,23.975563049316406,24.14387995072735,23.77358590663946,23.781066752934983,5106400
2020-07-08,23.833433151245117,24.057852850709406,23.549166676642994,23.96808554165395,3668400
2020-07-09,23.466880798339844,23.754885563315213,23.30978586334577,23.668857962152668,3731700
2020-07-10,24.14762306213379,24.170067032333733,23.451921339445946,23.451921339445946,5302700
2020-07-13,24.31967544555664,24.64882700269975,24.07281463135062,24.31967544555664,6236300
2020-07-14,24.918127059936523,25.011635488458822,24.147615668430255,24.162577359431914,7868100
2020-07-15,24.79844093322754,25.060263439643897,24.72363246450051,25.060263439643897,5105700
2020-07-16,25.733522415161133,25.950459815263528,25.015375466655215,25.112625037932748,9726600
2020-07-17,26.189838409423828,26.32449076966976,25.711075730171906,25.890613161716708,8461100
2020-07-20,25.524063110351562,26.12251655859845,25.366969615246344,26.12251655859845,6514800
2020-07-21,25.83077049255371,26.10007525571362,25.636274193411065,25.703600384201042,5001900
2020-07-22,26.107555389404297,26.1524376104854,25.64375151145975,25.92053852516401,4020100
2020-07-23,26.077638626098633,26.27961723318883,25.636278600305594,25.920545105134572,6103800
2020-07-24,25.942983627319336,26.369381915101208,25.816561166468105,26.107559406340872,4331400
2020-07-27,26.06266975402832,26.098577242311315,25.800847291184436,25.935496805182133,4244500
2020-07-28,26.3693790435791,26.474108035678658,26.002824717579642,26.002824717579642,6037400
2020-07-29,26.6087589263916,26.83317859030875,26.481588829843865,26.593797234977014,6796300
2020-07-30,25.72603988647461,26.556395236364818,24.95553130405261,26.229489545879655,12148600
2020-07-31,25.718564987182617,26.055195979223903,25.307128376310576,25.524065812380346,11208900
2020-08-03,26.025266647338867,26.219762924076306,25.621309549133276,25.788875923387167,6207300
2020-08-04,26.24220848083496,26.287090703149,25.718560675847137,26.025268227480566,6284300
2020-08-05,26.01778793334961,26.354418894560958,25.920541208506137,26.294574975707373,3966300
2020-08-06,26.391822814941406,26.42922847616192,25.935501143103597,26.06267411322049,5721600
2020-08-07,26.489070892333984,26.51899427814952,26.167401628944848,26.287092318555842,4163500
2020-08-10,26.025266647338867,26.444182582973593,25.82328809823607,26.429223745544455,5966500
2020-08-11,25.905574798583984,26.369375786443936,25.800845819420513,26.182358936894687,4790500
2020-08-12,26.429227828979492,26.556397942331024,26.006567838208426,26.100076281667338,4825800
2020-08-13,26.6087589263916,26.6835645298137,26.281853245792483,26.511509359022195,5121500
2020-08-14,26.623716354370117,26.679821974777546,26.279606067891812,26.436699522112292,3107400
2020-08-17,26.878061294555664,27.206462259243946,26.586315471823234,26.691044448839943,7010800
2020-08-18,26.67608642578125,26.937908904314533,26.376858290042364,26.930429485064007,4677600
2020-08-19,26.504037857055664,26.8331866055428,26.466635044172172,26.743419283892074,4002500
2020-08-20,26.07015609741211,26.41426938038764,25.980388779686642,26.37686371548808,4553600
2020-08-21,25.85321044921875,26.107553480131198,25.671430047641778,26.010303918815964,4749600
2020-08-24,26.249691009521484,26.249691009521484,25.696119754981375,25.950462841610403,4229900
2020-08-25,26.45914649963379,26.489069884310606,26.11877727330081,26.414264276269588,4667800
2020-08-26,26.414262771606445,26.451665573496342,26.055190736891895,26.42174219052408,4382300
2020-08-27,26.300765991210938,26.66017118818306,26.25536950603215,26.55121442832713,4432600
2020-08-28,26.391563415527344,26.41426165698255,25.914880140531345,26.300764677010324,4208500
2020-08-31,26.512630462646484,26.588293205852242,26.149444099831296,26.37643521579721,4479100
2020-09-01,25.83165168762207,26.315900123745415,25.661409088979703,26.29320188028599,6023000
2020-09-02,26.262939453125,26.43696607978375,25.808957199784672,25.946664899814344,5114300
2020-09-03,25.385231018066406,26.52018921159857,25.17337307890508,26.122955575671078,8411100
2020-09-04,25.324703216552734,25.672756394601326,25.04474476406534,25.49116180072702,6642600
2020-09-08,24.03084945678711,25.112841773348276,23.936269602868634,24.984214557466228,9385800
2020-09-09,23.947620391845703,24.250275656834642,23.644965126856764,24.212444289901327,8372700
2020-09-10,23.841690063476562,24.386469509691214,23.705494841129386,23.917354236244336,7020800
2020-09-11,23.993019104003906,24.34107230930914,23.637399336430185,23.95518773583566,7068200
2020-09-14,24.11408042907715,24.348638065031242,23.781158935895366,24.174611478458015,5246500
2020-09-15,24.189748764038086,25.672761982296667,24.12089491392728,24.719395208064846,11059300
2020-09-16,23.728199005126953,24.53780248727209,23.576870631024878,24.53023448107522,9318800
2020-09-17,23.183412551879883,23.50120090809745,22.78239490836833,23.402838498323103,11360200
2020-09-18,22.502439498901367,23.228813554166926,22.30193066303376,23.228813554166926,16042800
2020-09-21,22.434343338012695,22.472176149324707,22.025759078062272,22.245183610975197,8388300
2020-09-22,22.116554260253906,22.60080412796997,22.044674085727884,22.487307140690582,5677000
2020-09-23,21.76850128173828,22.305714202644065,21.707970228070387,22.23005002476566,6527100
2020-09-24,21.82146644592285,22.071157230396118,21.613391032724163,21.730669141035207,5317300
2020-09-25,22.0408878326416,22.108985440786473,21.61111783269454,21.85172813072229,5704800
2020-09-28,22.57053565979004,22.69159775401774,22.26788042422079,22.43434044299038,4840300
2020-09-29,22.38894271850586,22.608367225063994,22.21491613689527,22.5251379365225,4339600
2020-09-30,22.66133689880371,22.85806175380532,22.404079542971754,22.404079542971754,6047100
2020-10-01,22.979122161865234,23.001820403390447,22.445691838412007,22.699165156603872,6060100
2020-10-02,23.05478286743164,23.138013594182222,22.646198680928812,22.653765241831042,5393600
2020-10-05,23.455806732177734,23.50877122614897,23.1682845749735,23.18341625669798,4470800
2020-10-06,23.20611572265625,23.66009936306669,23.14558466681314,23.470939633160192,4924100
2020-10-07,23.334745407104492,23.455807524032654,23.077488047838578,23.304479156285318,3869000
2020-10-08,23.622270584106445,23.71306790495964,23.380146319397195,23.44824394924348,4590800
2020-10-09,23.53903579711914,23.815208812539527,23.4558050592866,23.67523102514544,4100100
2020-10-12,23.947620391845703,24.265408780877625,23.6146988787708,23.781160356895324,8796300
2020-10-13,24.522666931152344,24.560498299341795,23.849258763795618,23.962754311538163,7446800
2020-10-14,24.32594108581543,24.8707191153387,24.11029767783353,24.522665924131115,7808200
2020-10-15,24.439434051513672,24.454567174735377,23.879521480877234,24.06111463001548,3685400
2020-10-16,24.333507537841797,24.681560748119296,24.28432704715533,24.499969023778174,3468100
2020-10-19,24.023284912109375,24.496940444663576,23.92113848812108,24.401604359544166,4164000
2020-10-20,24.20488166809082,24.45457248274958,24.136784041986214,24.235146477929327,3524600
2020-10-21,23.788724899291992,24.136778063686577,23.781158337912892,24.023282529348084,6503600
2020-10-22,23.62982940673828,23.917352959269795,23.501200752852917,23.781157744194235,5345700
2020-10-23,23.735761642456055,23.91735479543998,23.531468804158855,23.82655749736097,4140600
2020-10-26,23.138015747070312,23.599565902833895,23.001820524505707,23.463370680269293,5488600
2020-10-27,23.213680267333984,23.395273419079505,23.088834163723515,23.213680267333984,5880200
2020-10-28,22.108985900878906,22.96398857952441,22.101419339463796,22.888324408547298,7781100
2020-10-29,22.729433059692383,23.03965489065846,22.260316310597194,22.47217572037795,7875600
2020-10-30,23.145584106445312,23.22124828521088,22.665118230934254,22.752131531403695,10477700
2020-11-02,23.962753295898438,24.16704613908076,23.349876209525593,23.486071438313807,7165100
2020-11-03,24.04598617553711,24.590765696029493,23.98545511770462,24.106517233369594,5427300
2020-11-04,24.07624626159668,24.5831957558973,24.038414899060324,24.265405960626413,6169600
2020-11-05,23.98545265197754,24.484834188552227,23.81142461582191,24.106514755197214,7920600
2020-11-06,23.8643856048584,24.204872158436064,23.788721445227647,24.11407632141821,4069300
2020-11-09,23.16828155517578,24.651294408942782,23.12666618871569,24.507531184317703,10642100
2020-11-10,23.062353134155273,23.115317625807652,22.347329610499866,22.729433060004858,13382400
2020-11-11,23.720630645751953,23.743328889926307,23.016956212862613,23.21368250702759,7814500
2020-11-12,23.53146743774414,23.750891943667984,23.22124563901366,23.637396410040203,5846000
2020-11-13,23.9173526763916,23.924919237492308,23.493633913795986,23.660095371663537,4165900
2020-11-16,24.32594108581543,24.416736943011266,23.769811048587954,23.91735539891178,7456300
2020-11-17,23.9022216796875,24.09894795627772,23.701712843797544,24.083814832730603,5109200
2020-11-18,23.932485580444336,24.530229506256823,23.864389413400314,23.985451510860415,7285200
2020-11-19,24.121644973754883,24.174610903480676,23.758458686107844,23.87952078199019,6150500
2020-11-20,24.409168243408203,24.46213561880941,24.023283696543537,24.061115062103102,9019400
2020-11-23,24.666431427001953,24.87829231986739,24.356209537596033,24.492404795027788,7282100
2020-11-24,25.59709358215332,25.619791823934307,24.75722400007915,24.90854946041658,8618400
2020-11-25,24.91562843322754,25.459269271547587,24.885000039858543,25.42864087817859,6040400
2020-11-27,25.145334243774414,25.298473281830297,24.97688100982452,25.084077460198376,2220700
2020-11-30,25.221906661987305,25.24487942024128,24.858203939511945,24.973058968127695,5826100
2020-12-01,25.375036239624023,25.43629301088646,25.0917309747443,25.244869982016773,4623900
2020-12-02,25.099393844604492,25.512868407142548,25.076424009202753,25.313789684930406,4770100
2020-12-03,25.61240577697754,25.719602222251694,25.114704657194302,25.145333047525224,4868900
2020-12-04,26.12542724609375,26.1484000072639,25.757895197107228,25.849777479132587,6146900
2020-12-07,25.727258682250977,26.041192390973585,25.612406596162703,26.03353675358803,5240800
2020-12-08,26.29387855529785,26.37810519119595,25.64304114844233,25.750237622899956,6753300
2020-12-09,26.201995849609375,26.492956869531746,26.014399101506356,26.40107459591862,5380000
2020-12-10,26.110111236572266,26.21731063254048,25.941660884677688,26.04119879960657,4284600
2020-12-11,26.087139129638672,26.16370719921646,25.88040183671709,25.941658629087023,3814900
2020-12-14,26.355127334594727,26.56952316293008,26.14073442714367,26.1560486235165,5798500
2020-12-15,26.28621482849121,26.415615829861057,25.972278220048448,26.35512432296815,4687800
2020-12-16,26.36278533935547,26.53889421261664,26.232616133363326,26.355126780887804,5738300
2020-12-17,26.508272171020508,26.630782847894498,26.388060230591215,26.53890057046024,4282500
2020-12-18,26.623119354248047,27.082533526770035,26.424037737506865,26.707345967416696,11194700
2020-12-21,26.469982147216797,26.53889456993241,26.125420033638747,26.125420033638747,5183500
2020-12-22,26.3321533203125,26.6537455513214,26.293869295900063,26.49294797537503,3717100
2020-12-23,26.646095275878906,26.829862739413404,26.373509549113745,26.373509549113745,3577500
2020-12-24,26.783916473388672,26.783916473388672,26.50826677629869,26.63843598698422,1575900
2020-12-28,26.960025787353516,27.113164834968995,26.74563287322248,26.83751513343801,3576000
2020-12-29,26.722665786743164,27.074883587864335,26.59249656057292,27.036599552244155,3324900
2020-12-30,26.546554565429688,26.822204301542044,26.523584727715242,26.72266639085628,2439300
2020-12-31,26.538894653320312,26.58100796293908,26.190506180246473,26.531239015609756,3353600
2021-01-04,26.20965003967285,26.554212197778515,25.964628709660968,26.485299766157382,5824100
2021-01-05,25.70429039001465,26.355127679514133,25.44012561067359,26.25329104714211,9052900
2021-01-06,25.987594604492188,26.186676230480884,25.581778635884458,25.796171536902243,6754300
2021-01-07,25.800003051757812,26.07794857550281,25.60857996758042,26.048853645365313,6487800
2021-01-08,25.742572784423828,25.76554553826539,25.42863907684125,25.654519810830994,6226300
2021-01-11,25.152990341186523,25.777031421519734,25.076422281200685,25.688975523740183,8799500
2021-01-12,24.639978408813477,25.252531663670617,24.287759191939003,25.152990846979982,10999400
2021-01-13,24.509809494018555,24.770144995575286,24.49066893884907,24.6706070985715,6137600
2021-01-14,24.56340980529785,24.731860121114018,24.290055931496948,24.581019816465606,8530300
2021-01-15,24.49449920654297,24.72420779817375,24.195879643909503,24.425586775097965,6975000
2021-01-19,24.777803421020508,24.95774157977469,24.39112798971159,24.60935017948309,6148600
2021-01-20,25.160648345947266,25.19893237509758,24.63231881266665,24.754832379362373,6556300
2021-01-21,25.099393844604492,25.191279027980368,24.793118662671624,25.152992074464855,5138100
2021-01-22,25.198930740356445,25.290812988533325,24.832929369984072,24.923281074941805,4949100
2021-01-25,25.842119216918945,25.872747614780977,25.06877115665379,25.12236939246995,6447200
2021-01-26,26.3321533203125,26.34746751425424,25.907193931301638,25.949307234420466,4664500
2021-01-27,26.600156784057617,27.025113403172607,26.087141327827258,26.087141327827258,7207300
2021-01-28,26.002910614013672,26.791575693692007,25.98759641703226,26.416385169858497,6627800
2021-01-29,25.658344268798828,26.30152583192931,25.470750498143584,25.719601046660745,6544400
2021-02-01,25.459266662597656,25.89571100028575,25.436296830366935,25.620061329980835,5619300
2021-02-02,25.390357971191406,26.7150053737699,25.06111003010655,25.4592703988809,8602300
2021-02-03,25.275497436523438,25.474579037915003,25.091732950036903,25.474579037915003,4327300
2021-02-04,25.206588745117188,25.566465055533953,25.15299051857226,25.344413590771087,9149400
2021-02-05,25.88039779663086,26.140733281793878,25.382699580299676,25.52052442073211,8081000
2021-02-08,25.96462631225586,26.048852934336377,25.734919201689966,25.972281950224822,5075900
2021-02-09,25.811485290527344,26.110104803509238,25.60474803056661,25.96462432615205,4674900
2021-02-10,25.949316024780273,26.090204904240256,25.807664794381363,25.956974584787407,6148000
2021-02-11,27.212709426879883,27.78391473624401,25.956974319927056,26.209651300772546,20381000
2021-02-12,27.097850799560547,27.901827153226197,27.02128273573883,27.365844864705366,8821900
2021-02-16,27.074880599975586,27.300758429826853,26.914085915584746,27.082536237900896,6347800
2021-02-17,28.345935821533203,28.43781810083622,26.96768994844795,27.105514827844974,10648700
2021-02-18,29.83137321472168,30.03045486114829,28.22342045024588,28.43015773497297,22518600
2021-02-19,28.69814682006836,29.594008322641432,28.468439716113622,29.471497672473287,14349600
2021-02-22,28.506723403930664,28.734134690092272,28.376557117578688,28.606264218771994,6771400
2021-02-23,28.422496795654297,28.94316778302065,27.92479856303463,28.636892621612613,7042800
2021-02-24,28.790027618408203,28.80534181401364,28.070277950257452,28.338269071142264,5835600
2021-02-25,28.537351608276367,29.479152761581833,28.49217429165893,29.042708395925256,10442600
2021-02-26,27.85588264465332,28.64454466438526,27.848224087070815,28.52203403102026,7890400
2021-03-01,28.39952850341797,28.629235617164372,27.993712505103176,28.162162830712177,6195000
2021-03-02,28.575641632080078,28.813007340039754,28.246393649152246,28.46078659770624,5416700
2021-03-03,29.080995559692383,29.157566548426903,28.357416511237354,28.399529824820203,6537100
2021-03-04,28.491409301757812,29.770116940064717,28.13919155070677,29.11162110582234,11336200
2021-03-05,28.981460571289062,29.26476890533477,28.57564447236568,28.767067601425413,7562700
2021-03-08,29.60931968688965,29.762458730279928,28.958482403586352,28.958482403586352,6780700
2021-03-09,29.96154022216797,30.290788141600473,29.402585199171558,29.747144394075267,8743700
2021-03-10,30.252498626708984,30.405637656402867,29.81758775478066,30.336725239084824,7276700
2021-03-11,29.7574462890625,30.256369238615044,29.703299886855955,30.175146684547613,5939600
2021-03-12,29.478975296020508,29.85026614936787,29.246918881523083,29.803853686165425,8966900
2021-03-15,29.803855895996094,30.04751765742868,29.451904280576706,29.48671141749129,6920100
2021-03-16,29.96629524230957,30.128734434185503,29.74970670238432,29.88120720349151,6494800
2021-03-17,30.22930145263672,30.279579420618592,29.74971473181427,30.043654504131556,6407000
2021-03-18,30.121000289916992,30.360793607433155,29.989502727598772,30.113266354210232,8068100
2021-03-19,30.275714874267578,30.500037438618577,29.865748288270495,30.136480382653755,9966200
2021-03-22,30.59285545349121,30.61606316623454,30.144213334148073,30.198359745952278,7236700
2021-03-23,30.105531692504883,30.662469528792233,30.06530991249369,30.600589186292435,7663000
2021-03-24,29.571807861328125,30.143443544058243,29.564073923403562,30.043657745204793,5564200
2021-03-25,30.322118759155273,30.42654312288351,29.417094820227234,29.811593418217658,5414800
2021-03-26,30.96413803100586,31.049226069634088,30.074587969795626,30.438141929265313,9965500
2021-03-29,31.544294357299805,31.8382341784751,30.8326539963854,30.917742072311825,9905200
2021-03-30,31.157520294189453,31.875351065005262,31.080169137753533,31.637106906516056,8188000
2021-03-31,30.940940856933594,31.219409796767284,30.73982603969707,30.987353330491896,5671400
2021-04-01,30.96413803100586,31.010550493191438,30.454385848416667,30.996625869308563,4561000
2021-04-05,31.18073272705078,31.31996719034188,30.99508579241001,31.002822679680584,4416500
2021-04-06,31.48239517211914,31.55587787040268,31.01827947662373,31.026016361131596,4958000
2021-04-07,31.43599510192871,31.64484680456774,31.24261422364346,31.60152967668036,3678200
2021-04-08,31.567495346069336,31.59843404373711,31.343172821119442,31.39731923048555,4233200
2021-04-09,31.049230575561523,31.789493078146684,30.86358660139285,31.598431512717344,5485600
2021-04-12,31.48239517211914,31.62936351944308,31.05695799764933,31.1807215929634,5609900
2021-04-13,31.652584075927734,31.907848278519896,31.40505676170655,31.52882041881714,7243600
2021-04-14,31.14978790283203,31.54969818165495,30.677938153215603,31.385712777640247,10340200
2021-04-15,31.753135681152344,31.817338266406697,31.172993118339242,31.196200827366976,6743000
2021-04-16,31.71446418762207,32.078021184747136,31.532685689059534,31.838227832275148,8150500
2021-04-19,31.6757869720459,31.99293147957301,31.292893677158286,31.61390367752456,6512900
2021-04-20,31.73766326904297,31.768604912358366,31.273550422342048,31.5906948894311,5857500
2021-04-21,32.16311264038086,32.209522167803186,31.536557463354278,31.536557463354278,6706500
2021-04-22,31.691255569458008,32.09348810331735,31.559755053216644,32.07801728077379,5643400
2021-04-23,31.258071899414062,31.42824794496378,31.08789585386435,31.281276650804738,4725400
2021-04-26,31.041500091552734,31.405054144212663,30.855853145980657,31.23488097409286,7078400
2021-04-27,31.018287658691406,31.35090296210283,30.99121445728618,31.118846528521235,3999400
2021-04-28,31.033767700195312,31.312236683520734,30.910004035468294,31.142060537986637,7411400
2021-04-29,32.244327545166016,32.47251555695271,31.064703049847562,31.142054218069987,7898400
2021-04-30,31.93877410888672,32.17856441595132,31.528804800304382,31.954244927206513,7664100
2021-05-03,32.480247497558594,32.72003785298331,32.10895368451602,32.11669057061471,6138100
2021-05-04,32.76646041870117,32.859282425198685,32.402903379678214,32.55760869101299,6947600
2021-05-05,32.851539611816406,32.8824783051178,32.402894625233955,32.67362958461365,4729700
2021-05-06,33.35432052612305,33.41620380028291,32.91341252538325,33.068117760025984,5286100
2021-05-07,33.6328010559082,33.72562304867481,33.09907090905274,33.300185718506725,5148100
2021-05-10,33.74109649658203,34.2361510975141,33.58639119610121,33.671479258903574,5437600
2021-05-11,33.45875930786133,33.9267406641252,32.97530712774272,33.8184478478999,5816700
2021-05-12,33.19961929321289,33.748823089930994,33.13773896235117,33.369795366907844,4770500
2021-05-13,33.89580154418945,34.07371160564976,33.095204792238974,33.12227799831428,5056200
2021-05-14,33.826175689697266,34.36377418106482,33.81844175454235,34.03502734796888,3295100
2021-05-17,33.88032913208008,34.108520101818044,33.618104119372646,34.03503442415968,3203000
2021-05-18,33.7913703918457,34.104646420900224,33.7797650623465,34.03502919769282,3687500
2021-05-19,33.702415466308594,33.73335711155941,33.43168344725824,33.66373988512393,3892600
2021-05-20,33.93447494506836,34.03503382576581,33.57478640137938,33.61733042972222,4203800
2021-05-21,34.135597229003906,34.1820067564299,33.86486219906607,33.90354073959887,3716300
2021-05-24,34.43726348876953,34.76987880003032,34.22841180839012,34.243882631095005,4282700
2021-05-25,34.151065826416016,34.52235677538583,33.96541887655203,34.475944300230296,4665300
2021-05-26,34.174259185791016,34.247744842578,33.97314147798153,34.166522300467555,3085900
2021-05-27,33.90106201171875,34.40844727263726,33.729331065983025,34.26013310033172,5817600
2021-05-28,34.02594757080078,34.25309974260892,33.87763641484084,33.87763641484084,3133000
2021-06-01,34.228904724121094,34.36941130360959,34.04936920093413,34.12743006604859,3496800
2021-06-02,34.4162483215332,34.517725958794124,34.126650398712364,34.32257825975566,3525100
2021-06-03,34.33818817138672,34.36940953811118,34.01033851018213,34.33038059641757,4312200
2021-06-04,34.31477355957031,34.60749513265569,34.13133423066862,34.49430910040321,3091700
2021-06-07,34.252323150634766,34.42405109182412,33.98692217492312,34.252323150634766,4285800
2021-06-08,34.174259185791016,34.291348979454376,34.05951285552253,34.2132911021569,3523700
2021-06-09,33.59663009643555,34.041566632093975,33.51076462855099,33.651271216413406,5710900
2021-06-10,33.52637481689453,33.79958040060316,33.502955068492696,33.57320835826314,3195000
2021-06-11,33.893253326416016,33.951798235793724,33.49983725261593,33.49983725261593,5078600
2021-06-14,33.424888610839844,33.838600668012525,32.87067001015253,33.838600668012525,7227500
2021-06-15,33.3780632019043,33.55760171653781,33.19852766498854,33.47954084545416,5992400
2021-06-16,32.714561462402344,33.315616756921585,32.683337114649156,33.25316806141521,4601100
2021-06-17,32.26182556152344,32.69895459006985,32.08228702169253,32.69895459006985,7362500
2021-06-18,31.613929748535156,32.2227896648965,31.430490420473003,32.136924194082916,8795500
2021-06-21,31.87152862548828,31.94958652623595,31.482013328440807,31.68418549488862,5012800
2021-06-22,31.652963638305664,31.953492833078997,31.62173928445836,31.953492833078997,3341800
2021-06-23,31.332914352416992,31.652956462501844,31.31730217903266,31.648272512714783,3559000
2021-06-24,31.512451171875,31.629540988199775,31.04409786201134,31.395364333267946,4986600
2021-06-25,31.76224136352539,31.844203047382045,31.42658705189271,31.535872274752766,3569300
2021-06-28,31.910554885864258,32.00032116638515,31.707599596680193,31.81298102929594,3837100
2021-06-29,31.676372528076172,32.01983136944098,31.539766771277304,31.85590803454304,2874900
2021-06-30,31.832502365112305,31.996428750218055,31.6139378219294,31.62955000040226,4348500
2021-07-01,31.606122970581055,31.945678064650817,31.57099483598076,31.945678064650817,2816300
2021-07-02,31.520261764526367,31.69198973979621,31.395367338094662,31.606127241020296,2698200
2021-07-06,30.95042610168457,31.684180374371106,30.6147718228226,31.684180374371106,6371100
2021-07-07,31.106542587280273,31.25485674691892,30.84894916839454,30.880173515446636,4974400
2021-07-08,30.911401748657227,31.247056109705248,30.731866179818237,30.903597149020005,4303200
2021-07-09,31.184616088867188,31.227548839027946,30.93482716668761,30.97385612745589,4357600
2021-07-12,31.05970573425293,31.12215144398439,30.84113830589955,31.090930077977315,5298100
2021-07-13,30.56793975830078,31.067517461680563,30.43524073359215,30.898910135675784,5212500
2021-07-14,30.43524742126465,30.638199791214067,30.123009799183926,30.552334296255935,5292600
2021-07-15,30.77869415283203,30.87626799861765,30.325950079082393,30.34156225173419,5314300
2021-07-16,30.677215576171875,30.887975433914324,30.646774371496743,30.817722148000176,4084800
2021-07-19,30.70844078063965,30.981646357004013,30.263504283293432,30.599158550093907,4266200
2021-07-20,30.75528907775879,31.151828885207212,30.665519795304554,30.817734814394196,4285800
2021-07-21,30.731857299804688,30.986330053591214,30.70063593255897,30.897343945935418,2973100
2021-07-22,30.28692626953125,30.653024782628474,30.201060794252093,30.653024782628474,3395400
2021-07-23,30.614770889282227,30.731857717910845,30.224475505085227,30.341562333713846,5025500
2021-07-26,30.848947525024414,31.005066274250595,30.521097853877695,30.614770890043886,3641700
2021-07-27,30.65380096435547,30.84114108816765,30.482070036096324,30.825531892614617,3565500
2021-07-28,30.38059425354004,30.614773889179133,30.185446542319298,30.560132768254746,3461100
2021-07-29,30.42743492126465,30.591358306368676,30.28302452331024,30.567941530701862,3204100
2021-07-30,30.029329299926758,30.622577003085915,29.955172220387755,30.466458246133204,4858900
2021-08-02,30.115192413330078,30.271308180373516,29.959073668569257,30.1269007980866,4207700
2021-08-03,30.396203994750977,30.53280976384532,29.982491832947584,30.130803009625634,4772200
2021-08-04,28.835023880004883,30.099583155044794,28.639876174590814,29.935656819431543,11007800
2021-08-05,28.835023880004883,29.116037052235974,28.421311697396707,28.9208893468219,9560300
2021-08-06,29.037979125976562,29.26435117863487,28.881860366290915,29.061395897728225,8639400
2021-08-09,29.123842239379883,29.318989928788902,28.835021515097992,29.194095526675827,5585000
2021-08-10,29.24873924255371,29.35021390611389,28.858443829027102,29.135553215304874,5581200
2021-08-11,29.482919692993164,29.724903952529438,29.264355186133358,29.389249615441546,4244200
2021-08-12,29.162872314453125,29.576584479199937,29.162872314453125,29.537555535345668,3194000
2021-08-13,29.560976028442383,29.68587045113331,29.170680585318493,29.248741460574024,3556000
2021-08-16,29.67026138305664,29.86540912505383,29.420472511517698,29.550050898064782,4530100
2021-08-17,29.592199325561523,29.654648023543825,29.279961791085633,29.654648023543825,4555500
2021-08-18,28.84282875061035,29.5687783848822,28.827216578315355,29.545358637581003,4786400
2021-08-19,28.74916648864746,28.889670121959142,28.600852300494694,28.702329959064766,4789600
2021-08-20,28.569629669189453,28.725748466155405,28.304228607662843,28.647690556531618,3688200
2021-08-23,28.600847244262695,28.77648196585937,28.460340658072422,28.639876189822733,3348200
2021-08-24,28.530593872070312,28.678908033592016,28.390087286269576,28.655488284146784,3250000
2021-08-25,28.686708450317383,28.702320621766074,28.30812148140905,28.585230824759517,4319100
2021-08-26,28.155921936035156,28.741365285929515,28.120796764346547,28.68672414482355,4474000
2021-08-27,28.39789390563965,28.47204800618556,27.952957391493918,28.124685341242273,3661500
2021-08-30,28.194942474365234,28.436926725344787,28.17152570023488,28.327644475779174,4600700
2021-08-31,28.40806007385254,28.50988216772773,28.052860070777463,28.24229806504242,6883300
2021-09-01,28.494888305664062,28.731690350332443,28.36465079437215,28.510675309379494,4678900
2021-09-02,28.47121238708496,28.719850947621417,28.301505842605454,28.565931408565984,6427700
2021-09-03,28.281768798828125,28.565925807555637,28.21862078951347,28.471206804646467,5550300
2021-09-07,28.147579193115234,28.234406195482322,27.926567195135476,28.179153195987382,5359300
2021-09-08,29.252641677856445,29.52890664201912,28.10889870409842,28.17914979814615,11755600
2021-09-09,28.857982635498047,29.244753677974607,28.723794612859137,29.14213966196403,7644400
2021-09-10,28.676433563232422,28.881658562357682,28.550137550155117,28.802726565247045,4071700
2021-09-13,28.921125411987305,29.315791431279848,28.85008540807214,28.865872410171374,4777500
2021-09-14,28.581716537475586,29.082944140825997,28.439636509050526,29.00795662275077,4371600
2021-09-15,28.5896053314209,28.70800332199988,28.36069833414729,28.504356128468984,6179700
2021-09-16,28.842195510864258,28.96059351862798,28.439634455703832,28.605396484273825,4102100
2021-09-17,28.850086212158203,29.04741922730438,28.558034192839465,28.779046206263068,11784900
2021-09-20,28.581716537475586,28.913237607488462,28.230463970275636,28.708009561513062,6614500
2021-09-21,28.36859130859375,28.85403181881008,28.277819813788664,28.55013730926658,3880100
2021-09-22,28.518566131591797,28.889550125740733,28.368591123835987,28.71589913248091,3977900
2021-09-23,28.660646438598633,28.921124436796013,28.5493485292113,28.57381943551195,4047300
2021-09-24,28.723791122436523,28.94875062296678,28.63696412029105,28.692217119644962,3393600
2021-09-27,29.078994750976562,29.34420918093519,28.747473702465264,28.818513712070327,4869200
2021-09-28,28.905338287353516,29.292112309488225,28.56592527131574,29.039526299096774,7260000
2021-09-29,29.623628616333008,29.828856619894616,28.779043628055636,28.842191632555387,6387900
2021-09-30,29.06320571899414,29.710457756411696,29.047418716732395,29.678883751888204,4731100
2021-10-01,28.95270538330078,29.236865457526473,28.850091354038526,29.221078452173558,4151800
2021-10-04,29.11845588684082,29.442081874046206,28.951119099068773,28.951119099068773,6787000
2021-10-05,29.260536193847656,29.382881686940596,29.04741619838533,29.07109820525617,3776100
2021-10-06,29.48154640197754,29.513120401854888,28.897442459558324,29.102667436636395,3623600
2021-10-07,29.2684326171875,29.80912312141094,29.205284610557285,29.59995061880806,4244700
2021-10-08,29.03163719177246,29.426303289588024,28.972439685950825,29.2605442511607,3156000
2021-10-11,29.03163719177246,29.54075681928214,29.015850186532237,29.12635922321382,4466500
2021-10-12,29.03163719177246,29.24475724592047,28.83430414286468,28.96217798199151,4657000
2021-10-13,29.047422409057617,29.217128941114904,28.668543339803414,29.063209413326106,3918000
2021-10-14,29.410512924194336,29.517074444625365,29.15792689133542,29.197395905458336,4014300
2021-10-15,29.18950080871582,29.63231676890517,29.0868867922243,29.536805850066262,4214700
2021-10-18,29.11056137084961,29.335520842337957,28.91559509039732,28.99216038119795,3025300
2021-10-19,29.055309295654297,29.197389283295625,28.668535326839045,29.13424128387177,3848900
2021-10-20,29.142141342163086,29.244755364089905,28.873771303538312,29.0000643262701,3493300
2021-10-21,28.715898513793945,29.11845650206702,28.408059520809378,29.047416502834995,5243700
2021-10-22,28.715898513793945,29.01584250071797,28.652750509559894,28.676432516678947,3408000
2021-10-25,28.5896053314209,28.798777824733396,28.431738332919704,28.71589832800934,5690900
2021-10-26,28.763261795043945,29.10267485255856,28.581715766081285,28.692221782748717,8539700
2021-10-27,28.731687545776367,29.355257570821056,28.092327507494467,29.236859571107004,7886300
2021-10-28,28.794828414916992,28.83429440916319,28.329122456262212,28.652748426780796,5816100
2021-10-29,28.32912826538086,28.905340330506917,28.242301253597226,28.66064930936719,6246900
2021-11-01,28.992162704467773,29.035576203414813,28.25019174157176,28.321231738843053,5043900
2021-11-02,29.2684326171875,29.34341711123252,28.80035690067597,29.000059611134464,5516100
2021-11-03,29.53680419921875,29.607844204963445,29.173712174773797,29.355258186996274,4854400
2021-11-04,29.35525894165039,29.60784496611095,29.07899391835382,29.49733895679232,3792800
2021-11-05,29.86832618713379,30.15248621922122,29.560487156060056,29.59206116208376,8470700
2021-11-08,29.363155364990234,30.030138956568074,29.260541346646306,29.955154452949458,5064100
2021-11-09,29.48154640197754,29.524959899043306,29.205281430706606,29.323682424715496,4083300
2021-11-10,29.592060089111328,29.868325104144322,29.371045066022095,29.65125758443066,4392000
2021-11-11,29.426300048828125,29.639420079504923,29.378942049386417,29.54470106955847,3380400
2021-11-12,29.37894058227539,29.639418599386275,29.244752564744477,29.449980588953427,4522600
2021-11-15,29.69467544555664,29.787816665872185,29.398675881275796,29.42630238683281,5967000
2021-11-16,29.236860275268555,29.970939333214343,29.193446771008965,29.757819315320774,5228500
2021-11-17,28.857982635498047,29.315793687356855,28.739581616173304,29.244753677974607,6974200
2021-11-18,27.918672561645508,28.08443457340616,27.437179550135777,27.98971256352502,21735600
2021-11-19,27.894994735717773,28.076540745683765,27.610834716270894,27.87920773340819,8973800
2021-11-22,27.997610092163086,28.24230111207668,27.808169066396896,27.863422071607253,22906700
2021-11-23,28.273874282836914,28.463315303005896,28.108115272103348,28.19494228088651,9909400
2021-11-24,28.09027671813965,28.20203372027014,27.826857111499443,28.106242004158293,7058200
2021-11-26,27.80290985107422,28.1381717119677,27.571417778514327,27.8587868278898,7366800
2021-11-29,27.76299476623535,27.93860985977532,27.403786504091695,27.866767598333226,8750700
2021-11-30,26.829044342041016,27.699132467466555,26.745228890586226,27.651236618749664,15110300
2021-12-01,26.2463321685791,27.387824315524597,26.19843630717981,27.108436358296156,12204500
2021-12-02,26.541677474975586,26.71729255599824,26.170492991492814,26.33413487063967,8715100
2021-12-03,26.852996826171875,26.972734952552063,26.585585128332102,26.613523618478542,8062700
2021-12-06,27.35588836669922,27.655230590232463,27.036588776903802,27.05255406090023,9646000
2021-12-07,27.547468185424805,27.61132932720816,27.20422520607322,27.363871970397923,8188100
2021-12-08,26.46186065673828,27.1802803529208,26.453876490131417,27.14036865508855,17293500
2021-12-09,26.717294692993164,26.797118075260936,26.35808338265451,26.38202978832147,5900900
2021-12-10,27.260103225708008,27.268084346202905,26.64545341532444,26.685365107932835,7036500
2021-12-13,27.523523330688477,27.715103721766894,27.132384472959433,27.26010371865604,8376700
2021-12-14,27.76299476623535,28.05036381200373,27.44369819487801,27.44369819487801,9743700
2021-12-15,27.842823028564453,27.938611701780363,27.603349822991166,27.651242637065614,6108200
2021-12-16,28.736854553222656,28.828654178430345,27.806897279225975,27.890712739598204,11056600
2021-12-17,28.345714569091797,29.088083604454308,28.313787042836942,28.784752312098462,13626700
2021-12-20,28.154138565063477,28.20203442431509,27.862777416816797,28.14615439932136,8542200
2021-12-21,27.938608169555664,28.249923601948623,27.866765912459854,28.17010022520512,5432500
2021-12-22,28.02641487121582,28.098257126158913,27.683168880384002,27.938607332389093,5468800
2021-12-23,28.138172149658203,28.301814045068472,28.090276292328316,28.144557654955474,3735700
2021-12-27,28.281862258911133,28.289843380841322,27.882739170916413,28.066335425985883,3252900
2021-12-28,28.625106811523438,28.64107209958869,28.13817618326886,28.17010675939937,3597500
2021-12-29,28.58519172668457,28.776769070631943,28.573215478254255,28.65703399193158,2758300
2021-12-30,28.4654541015625,28.736857881131424,28.44150769441634,28.61711975526656,3561200
2021-12-31,28.657032012939453,28.69694370308336,28.333740319120242,28.385628256867413,3805900
2022-01-03,28.84860610961914,28.872552512007648,28.451078777597917,28.617114069642138,5957600
2022-01-04,29.463258743286133,29.71071609115409,28.84860897863352,28.960362927649136,7887600
2022-01-05,29.34351348876953,29.806497502103795,29.33553237081059,29.590970776420534,7096900
2022-01-06,29.399402618408203,29.802514669353222,29.375453166967052,29.59097995953581,6045400
2022-01-07,29.81448745727539,29.87036443474825,29.287645208912085,29.36747163749252,4915000
2022-01-10,29.82246971130371,30.125804030334468,29.63088934005621,29.902293089701267,8565700
2022-01-11,30.006071090698242,30.06992919541204,29.455282376639442,29.935824434952565,5556300
2022-01-12,29.774574279785156,30.053962198275055,29.686766735261667,29.998085223590422,4793900
2022-01-13,30.0539608001709,30.213607551804973,29.71071480303776,29.73466120676955,6287000
2022-01-14,30.34930992126465,30.429133294389697,29.830448860752337,30.030010338631456,5354500
2022-01-18,29.87834930419922,30.397210444464477,29.582999124159144,30.30940289349033,7062200
2022-01-19,29.710718154907227,30.08589171765312,29.594972115367803,29.966156640419428,5076500
2022-01-20,29.58299446105957,29.98211741525325,29.49758034618276,29.8304487438171,5274100
2022-01-21,29.53510093688965,30.049969953765057,29.45527755778961,29.702731860039766,7544700
2022-01-24,29.048166275024414,29.686762352182853,28.353693231431258,29.503166170316444,12053700
2022-01-25,28.904489517211914,29.06014725754373,28.465454786915327,28.84063141492899,7115700
2022-01-26,28.768789291381836,29.439316116593936,28.621112671192506,28.888524375664673,7220400
2022-01-27,28.808700561523438,29.52313115396252,28.70492772062082,28.848612255696114,6138800
2022-01-28,28.776771545410156,28.792736832956603,28.154140556434992,28.577210018680454,7069800
2022-01-31,28.577211380004883,28.696949519773536,28.09826491106505,28.505369105157172,10230800
2022-02-01,28.84062957763672,28.904487675851563,28.29782204000944,28.457471853146917,5978100
2022-02-02,29.040191650390625,29.14396144265132,28.537295794951746,28.93322453780967,7375900
2022-02-03,28.6091365814209,29.255716933568245,28.533302237477653,29.10165482316571,7982900
2022-02-04,27.73904800415039,28.609136250399793,27.6991363138772,28.42554003908969,12949000
2022-02-07,27.715105056762695,27.946594107254715,27.48361296120352,27.780558775344744,6537000
2022-02-08,27.890714645385742,28.03439917157523,27.659225615473243,27.818872382290998,5424900
2022-02-09,27.898700714111328,28.166112416348383,27.814885242293766,27.994489389750388,5993700
2022-02-10,27.37186050415039,27.93063340366645,27.29602614744635,27.78694885678897,6823500
2022-02-11,27.72308349609375,27.89869859229834,27.3479068978628,27.42374124305421,7097800
2022-02-14,27.611331939697266,27.906682135723194,27.19624361403176,27.77896288513897,7007300
2022-02-15,27.68317222595215,27.905084522140122,27.51554129251524,27.715102797578293,7912500
2022-02-16,29.231765747070312,29.65483816992303,27.978519853004652,28.17967695481087,14217200
2022-02-17,30.16571617126465,30.20961994356077,28.97632832690317,29.15593549858733,14990500
2022-02-18,30.700544357299805,31.20743233739324,30.189667339144098,30.221597914045635,14464500
2022-02-22,32.2491455078125,32.28107303939275,30.38124940486876,30.609547242271375,21506600
2022-02-23,32.0096549987793,32.390419191119605,31.8100935510436,32.28904285264889,13844200
2022-02-24,31.115631103515625,31.674403955429156,30.429139003599037,31.474842440107686,12733700
2022-02-25,31.714309692382812,32.00567078985349,31.275275050155614,31.275275050155614,7638900
2022-02-28,31.30721092224121,31.363087901898147,30.932034305915757,31.035807144593075,7291600
2022-03-01,30.876150131225586,31.32316890937984,30.636676982061854,31.11562328038932,6808100
2022-03-02,31.187469482421875,31.379049853074008,30.500977468096195,30.83624235547076,7331700
2022-03-03,31.889928817749023,31.9777363663605,31.37106769144497,31.387032977107683,9223100
2022-03-04,31.802120208740234,32.06553980072442,31.243347409444343,31.490804761364934,6585500
2022-03-07,32.04957580566406,32.62431081355174,31.339134359065955,31.522733605478166,9906700
2022-03-08,30.860193252563477,32.297035583898186,30.81628947466969,31.853210959430506,8977400
2022-03-09,30.477035522460938,31.363089156856848,30.39721213263327,31.21940461911334,10448500
2022-03-10,30.28342056274414,30.525429162713277,29.968809075053628,30.259217548632808,5216500
2022-03-11,30.138219833374023,30.795677204208424,30.109985543272103,30.43669705406676,4722600
2022-03-14,30.4044246673584,30.62223334014541,30.105947483453132,30.291487520870266,6295200
2022-03-15,30.509300231933594,30.940883285885032,30.243091648162267,30.43669733139471,7324500
2022-03-16,30.396360397338867,30.50123192829602,29.97687735081685,30.444763352543685,5733900
2022-03-17,30.45283317565918,30.557704721088868,30.041418770215028,30.396364592114043,4390100
2022-03-18,30.347959518432617,30.388293778542867,29.90831085180934,30.186619400684823,9386500
2022-03-21,30.347959518432617,30.60610247590637,30.210822418596404,30.323759577827822,5030500
2022-03-22,30.61417007446289,30.638370014198273,30.279389880692275,30.525432859024253,5495500
2022-03-23,30.88037872314453,31.178859008082167,30.65450441221373,30.88037872314453,5893400
2022-03-24,31.1627254486084,31.24339396810496,30.744048631523423,30.87231385472996,4540000
2022-03-25,31.695148468017578,31.75161705209676,31.138525171655605,31.194993755734785,5057600
2022-03-28,31.775819778442383,31.80001972308014,31.267599399898362,31.735485511610353,3517200
2022-03-29,31.75968360900879,31.912958122285815,31.453140737068985,31.84842083726241,4974500
2022-03-30,31.78388786315918,31.79195348544659,31.37247034843462,31.679016309579378,4439200
2022-03-31,31.775819778442383,32.00169413454759,31.606414011363476,31.783888478193173,5208300
2022-04-01,32.21143341064453,32.235633352401024,31.52574172421717,31.876653188914037,4798600
2022-04-04,32.17917251586914,32.22757548834002,31.380543472599495,32.114638296548975,3980900
2022-04-05,31.93716049194336,32.477646447195774,31.856491956842433,32.211437819516824,5432700
2022-04-06,32.300174713134766,32.53008342078063,31.88875718746913,31.937160154402534,5481100
2022-04-07,32.51798629760742,33.87323871741706,32.12270305961811,32.38084608460018,8079000
2022-04-08,33.02619171142578,33.171397495164435,32.44537165377767,32.67124594967935,6556100
2022-04-11,33.27627944946289,33.60702537665616,33.0584707056077,33.316613718182566,7380400
2022-04-12,33.17140197753906,33.5021478457908,32.985861912647295,33.227870559144954,5058500
2022-04-13,33.88129425048828,33.929697207247955,33.11493102698019,33.11493102698019,8202900
2022-04-14,34.11524200439453,34.22575733454343,33.84096469921698,33.901467634256036,7309200
2022-04-18,34.0103645324707,34.216073244855835,33.79255585064643,34.10313609368175,5822900
2022-04-19,34.37338638305664,34.462123614406686,33.8562941395876,33.9539032476883,5835000
2022-04-20,34.970340728759766,35.05101233745017,34.333051945295274,34.42178609889389,5487400
2022-04-21,35.494693756103516,35.88190822780234,34.881604945240476,34.954207851015695,9219400
2022-04-22,34.83320236206055,35.72863718394849,34.80900241897399,35.51082846424815,7307700
2022-04-25,34.72026062011719,34.82512907789045,33.937763072063134,34.73639493915308,6277500
2022-04-26,34.13137435913086,34.96630619810655,34.08297139842686,34.62345727840701,7364900
2022-04-27,34.59119415283203,34.93000566971476,33.70382494123542,34.026505214053664,7960700
2022-04-28,35.18007278442383,35.40191271470403,34.55084982080589,34.679921276863574,7386100
2022-04-29,34.38951873779297,35.26881922412711,34.33305015331063,35.01874186620026,6968300
2022-05-02,33.86516571044922,34.72833191746395,33.30854546060923,34.462123303125594,7637700
2022-05-03,34.187835693359375,34.41370997414472,33.48197548859889,33.95792706404392,6328300
2022-05-04,34.94614028930664,34.970340232917025,34.0507054480364,34.17171132070266,6499900
2022-05-05,34.80093765258789,35.107483634657804,34.607331931401866,34.67186614602806,7079100
2022-05-06,35.1639404296875,35.22847462266383,34.663788894221824,34.76865734247167,6368800
2022-05-09,35.64796447753906,36.0190476981496,34.92193851159395,35.05504434907468,9288000
2022-05-10,35.05907440185547,36.19651781185056,34.80093143485708,35.744769158256815,7641800
2022-05-11,35.09134292602539,35.599563236944796,34.87353422134565,34.93000280285815,6520500
2022-05-12,34.728328704833984,35.22041469976709,34.37741724215412,35.051008953831506,6604400
2022-05-13,35.72864532470703,35.744779649543304,34.69607007634011,34.704138777412155,7857400
2022-05-16,35.559226989746094,35.92223839996713,35.49065536404711,35.801235622329024,5795200
2022-05-17,34.81706619262695,35.51889220064449,34.44598605756545,35.49469225884259,7855600
2022-05-18,31.49347496032715,34.76059961633556,31.350687909918705,34.647662444999575,13824400
2022-05-19,31.106250762939453,31.376493635238198,30.573830637785537,31.275656467009757,8774900
2022-05-20,30.95298194885254,31.340196376266878,30.45283036477236,31.20467178826787,10146100
2022-05-23,31.453144073486328,31.8322898926421,31.154663714552218,31.328103839816517,6439800
2022-05-24,31.95328140258789,32.009749968918314,31.10221548207165,31.428926912598506,6215900
2022-05-25,32.17110061645508,32.26790346520471,31.743548802972306,32.07268218148955,5519100
2022-05-26,30.207260131835938,30.378382252805327,28.68345261506422,29.744412873559824,24785300
2022-05-27,30.82656478881836,30.84285946984424,29.824270939023947,30.223559010839125,13898900
2022-05-31,30.82656478881836,31.11176833405384,30.401199632087867,30.68803513221434,12744100
2022-06-01,30.353940963745117,30.924351214291175,30.150223239156222,30.89175563232036,11270300
2022-06-02,29.65314292907715,30.166512317140572,28.324902878017436,30.158361869759073,27694500
2022-06-03,29.57980728149414,30.076878930943966,29.274230753568613,29.693888687895374,12830100
2022-06-06,29.89760971069336,30.027988919489935,29.506472084303635,29.63685129310021,9601700
2022-06-07,30.21540641784668,30.288741795171436,29.54720959797755,29.816118415441526,10558800
2022-06-08,30.476167678833008,30.57395129969384,30.04835928627833,30.158365471186105,8893800
2022-06-09,30.370237350463867,31.009910851756175,30.353939560232043,30.516914354064646,8650300
2022-06-10,30.516908645629883,30.683955524408738,29.979094102524808,30.076877717138895,7858100
2022-06-13,29.36794662475586,30.427278124100212,29.262012542275727,30.16651969683039,9596200
2022-06-14,29.44942283630371,29.616472800523553,29.18866449431365,29.539059099203662,8743900
2022-06-15,29.482027053833008,29.81775281821115,29.253864214788205,29.70204255226287,6870100
2022-06-16,29.35979461669922,29.587960559811457,28.911616287902895,29.017550364759096,7694600
2022-06-17,28.99310302734375,29.42498353385651,28.381949959568228,29.221265844598,16994100
2022-06-21,29.832422256469727,29.966876692488608,29.05014698806356,29.213118670950646,7112900
2022-06-22,30.190961837768555,30.940644573282373,29.938353884893257,30.32541626277432,13139700
2022-06-23,30.842863082885742,30.94879717287649,30.20726475991302,30.25615813417472,9289100
2022-06-24,31.291030883789062,31.372516696750456,30.679877961125094,30.932485846396112,7159900
2022-06-27,31.502910614013672,31.71477569201114,31.199777279562962,31.26252517727643,5325600
2022-06-28,30.745073318481445,31.78810689374018,30.59839633340003,31.50290337190701,6365300
2022-06-29,30.94879150390625,31.266590607180525,30.70433089434798,30.86730567021526,7501800
2022-06-30,31.079164505004883,31.4336343386904,30.622838953760642,30.79396103547723,7169800
2022-07-01,31.486602783203125,31.535496143376598,30.94064091611505,31.071020101426004,6971400
2022-07-05,31.062875747680664,31.380674879941072,30.533211563408507,31.35622974930122,7694400
2022-07-06,31.12806510925293,31.344005373392708,30.87545404278608,31.038428824103875,5178700
2022-07-07,31.03028678894043,31.31549037364226,30.899904454807093,31.20548105633874,5092200
2022-07-08,31.266590118408203,31.49475604444973,30.89989765556044,30.965088808282378,5511300
2022-07-11,31.46216583251953,31.64143842458633,31.12806888906781,31.356231745526802,6608700
2022-07-12,31.616989135742188,31.90219580534658,31.413271418232917,31.421421867685268,5837600
2022-07-13,31.9266357421875,32.13442865061452,31.164730483611894,31.45808444645352,7359600
2022-07-14,31.584388732910156,31.665877672564342,31.282887427402674,31.45400953794866,5684700
2022-07-15,30.973243713378906,31.837008047008442,30.826569800899787,31.65773544172084,7687300
2022-07-18,31.31549072265625,31.625142552702147,31.046581818238135,31.152515911659147,7908800
2022-07-19,31.568086624145508,31.87773519650227,31.31547563339549,31.3358486406357,16940500
2022-07-20,31.176950454711914,31.657724274170043,30.981383234737205,31.61290613865815,4469000
2022-07-21,30.924346923828125,31.242146032737427,30.818412851363238,31.054726125136693,4665900
2022-07-22,31.22585105895996,31.43771922298922,30.94064750178862,31.02213334427025,5585800
2022-07-25,31.274742126464844,31.454011588420133,30.948792563570013,31.266591677725497,6470400
2022-07-26,31.486602783203125,31.519198356652105,30.985459052486156,31.087317888150498,6343500
2022-07-27,29.612401962280273,30.305040827918972,28.76493567107438,30.27244836170728,21026300
2022-07-28,30.30504035949707,30.34171115758541,29.579805930371457,29.979093943022605,10672000
2022-07-29,30.01169776916504,30.114371058467142,29.702045946160833,29.79168224559515,9930100
2022-08-01,30.5006160736084,30.663590864821572,30.068735519106244,30.16651915043991,6924800
2022-08-02,30.223556518554688,30.712477729636973,30.199111390546147,30.44357199608729,5669800
2022-08-03,30.427270889282227,30.573947858306216,29.832415674233776,30.158362076576605,5461600
2022-08-04,30.174663543701172,30.53320867104435,30.12577328705277,30.378381235696963,4503400
2022-08-05,30.614688873291016,30.647284444051298,29.865009396712836,30.17465799348136,4683200
2022-08-08,30.793968200683594,31.022131029395126,30.68803412657378,30.793968200683594,4280500
2022-08-09,31.291030883789062,31.323623343882915,30.851000033434723,30.883595602013084,5634800
2022-08-10,31.478456497192383,31.608835686865163,31.31548173298014,31.380669773573988,5937900
2022-08-11,31.5599422454834,32.0488665368874,31.494754205053905,31.494754205053905,6269500
2022-08-12,31.511058807373047,31.722926999582594,31.29919372364955,31.690331414860193,4582300
2022-08-15,31.421409606933594,31.71068827990086,30.965080978719115,31.364368916967344,7060000
2022-08-16,31.64143180847168,31.739215425295633,31.339927401496364,31.494754828993184,5824800
2022-08-17,31.12806510925293,31.6169863447209,31.083246966678402,31.421419093927874,5914300
2022-08-18,31.176950454711914,31.19324824112396,30.806185916413863,31.05472171934895,7564800
2022-08-19,31.3969669342041,31.421415168863287,30.916193099040346,31.054722733825674,8903000
2022-08-22,31.299184799194336,31.421416652807878,31.04657375235276,31.35622550195128,6492300
2022-08-23,31.551801681518555,31.79218710066975,31.282892797228328,31.339933510534905,5453700
2022-08-24,31.706626892089844,31.743297699346453,31.405125526637583,31.511056506521516,5603400
2022-08-25,31.78896141052246,31.986560030293834,31.657227950417063,31.73132821802469,4335500
2022-08-26,31.377283096313477,31.986548960661352,31.37728309631348,31.80541747868427,5474800
2022-08-29,31.36081886291504,31.53371839620836,31.068535421174627,31.245552507386158,7483200
2022-08-30,30.800954818725586,31.32788858950819,30.739204080417903,31.294954443641025,4949300
2022-08-31,30.792720794677734,31.204388168185336,30.75566909786019,30.883284978600248,5176900
2022-09-01,31.039722442626953,31.142639292144437,30.496321602805573,30.735089447471648,6039100
2022-09-02,30.71862030029297,31.681920439155945,30.599236386021673,31.204387922843544,6155100
2022-09-06,30.817420959472656,30.96562147061902,30.24520354062478,30.792721921205903,9810200
2022-09-07,30.726856231689453,30.891523829206104,29.5741861898461,30.619821822187653,11405200
2022-09-08,29.689451217651367,30.56218401321938,29.491849502353812,30.54571694188019,10160300
2022-09-09,30.018783569335938,30.17521917848132,29.627700828017975,29.862351100963302,7979000
2022-09-12,30.241086959838867,30.362116648320214,30.08876889049204,30.191685740943758,6693700
2022-09-13,28.866119384765625,30.150519670060966,28.767316946840577,29.969388148744436,11789300
2022-09-14,28.783781051635742,29.276134862330352,28.66851469338252,29.006081802883838,8505100
2022-09-15,28.49561882019043,28.997853566394472,28.363885373708477,28.80025182628499,7369100
2022-09-16,28.577951431274414,28.684985839473892,28.20745012656326,28.41328383576133,30286300
2022-09-19,28.49561882019043,28.849653046505637,28.46680222692166,28.569719080134846,9566900
2022-09-20,27.943979263305664,28.39681587187819,27.82048093978173,28.36388172929606,8995600
2022-09-21,28.35564422607422,28.94844617934619,28.001610075178178,28.265080052788726,9057700
2022-09-22,28.207448959350586,28.557368763126288,28.190985027176385,28.40093314051418,5921500
2022-09-23,27.927515029907227,28.256850207648963,27.548781774045345,28.067483579718022,8006100
2022-09-26,28.042781829833984,28.2486155108319,27.771079863345832,27.771079863345832,7798600
2022-09-27,27.128881454467773,28.363883616515416,27.079480237307617,28.067482595100316,8853600
2022-09-28,27.680511474609375,27.84517904121735,26.947744101015118,27.211210951278836,7116200
2022-09-29,27.63111686706543,27.734033716500722,27.240030954747525,27.594065168066766,7118400
2022-09-30,27.45821189880371,27.713446794941714,27.351180645612413,27.664045580626144,8922600
2022-10-03,27.960445404052734,28.059247828510905,27.466445844852267,27.639345376495168,6707700
2022-10-04,28.26508331298828,28.561481183039454,27.985149373962614,28.001613304988123,7647800
2022-10-05,27.90281867980957,28.10865240054086,27.314134112887157,28.075718251438254,6307400
2022-10-06,27.515844345092773,27.943978768765415,27.39234602375446,27.91104776753879,5815700
2022-10-07,27.194747924804688,27.57348432655855,27.0136164012943,27.499384067603778,6786200
2022-10-10,28.05101776123047,28.38035295370049,27.62288326732871,27.99338457366419,11388100
2022-10-11,28.767314910888672,28.84141516370164,27.878115017905866,27.897873619628683,10133600
2022-10-12,29.063716888427734,29.368349875332438,28.849651229169194,28.94845052261368,9506600
2022-10-13,29.45891761779785,29.615353237125092,28.701451122769164,28.792018451690627,9355400
2022-10-14,29.417749404907227,30.03525044986524,29.318950117130306,29.475382584508154,10926000
2022-10-17,29.22014808654785,29.784130311242347,29.19544591134279,29.53301299193588,6234800
2022-10-18,29.697690963745117,29.80884293921334,29.360123764780745,29.368355732220763,6807200
2022-10-19,29.878822326660156,29.93233796099247,29.594770799633082,29.664753507784532,6906900
2022-10-20,29.096647262573242,29.994082175393366,29.07194822760606,29.93644899995494,7197200
2022-10-21,28.98961639404297,29.220152264542516,28.726149519848818,28.923751245880876,10239000
2022-10-24,30.068185806274414,30.134050953859784,29.393051554466886,29.450684736393903,8151200
2022-10-25,30.512784957885742,30.611584241968192,29.69768222708083,30.010550290909976,10129900
2022-10-26,30.389284133911133,31.352587381408892,29.738848956797643,31.20438688179385,10994100
2022-10-27,31.303186416625977,31.846587205940466,30.51278583958176,30.595118055234103,12208400
2022-10-28,32.06064987182617,32.1512171850913,31.080882777209425,31.348467164372998,8848400
2022-10-31,31.67368507385254,32.10181946987127,31.459616305456947,32.05241826006326,9104500
2022-11-01,31.467857360839844,31.714857175038393,31.43080566128489,31.657223989751166,5966500
2022-11-02,31.385522842407227,32.14299251926292,31.332007209131763,31.500789216091697,6467000
2022-11-03,31.278488159179688,31.44315259458589,31.080886439610353,31.27025305294571,5936500
2022-11-04,31.303186416625977,31.665452562578068,30.868465785174386,31.36905156099331,5799000
2022-11-07,31.426685333251953,31.739553412026794,31.24143627415144,31.50078558504671,4666000
2022-11-08,31.36905288696289,31.702505598227138,31.0726550136221,31.58312168194399,4825400
2022-11-09,31.06441879272461,31.599587620203888,31.00678561324502,31.319653688114727,5006500
2022-11-10,31.179685592651367,31.640754175781584,30.665101382325453,31.63251906958362,8742600
2022-11-11,30.45515251159668,31.105584549925165,29.660634385421876,31.064418442300227,8622500
2022-11-14,30.315185546875,31.0932366421433,30.290486509175324,30.57865241824771,7884400
2022-11-15,30.496322631835938,30.659341318896555,30.092887186174263,30.61982097096029,5663100
2022-11-16,31.03148078918457,31.270248583478296,30.628048583020192,30.669214685987857,7042100
2022-11-17,31.080886840820312,31.138520022111,30.800952899934327,30.800952899934327,5531200
2022-11-18,31.36905288696289,31.40198703092503,31.05207038845255,31.303187739811438,7592200
2022-11-21,31.648983001708984,31.73543276357541,31.311415918851882,31.492550547965802,5207700
2022-11-22,32.07713317871094,32.15946856916224,31.77661764069219,31.797199132724515,6365700
2022-11-23,32.359962463378906,32.401555609163246,32.010573057412515,32.01889359058155,5402500
2022-11-25,32.359962463378906,32.59288661845409,32.33500403722541,32.509700326885415,3595300
2022-11-28,32.33500289916992,32.66775440044041,32.20190293333243,32.443147613085856,6732600
2022-11-29,32.47642517089844,32.51385805082439,32.17694943807615,32.25181837128172,4773500
2022-11-30,32.73429870605469,32.771734752612346,31.91490402794156,32.27676782899805,8672900
2022-12-01,32.850765228271484,33.35820662286034,32.69686711678559,32.82580680513528,7710100
2022-12-02,33.133609771728516,33.17520292094993,32.642802994866514,32.65943771587198,4835600
2022-12-05,32.95890808105469,33.050414898398884,32.750939195582745,32.90899757948757,4985700
2022-12-06,32.79253387451172,33.49546975581626,32.65111654897425,32.917316480982954,5136000
2022-12-07,33.18352127075195,33.225114421213384,32.742628163823646,33.06705918011836,5307600
2022-12-08,33.391483306884766,33.507945373489214,33.0836902489511,33.2251075660127,6093600
2022-12-09,33.2251091003418,33.64104688505323,33.20015384873222,33.541222705261454,5887400
2022-12-12,33.50794982910156,33.537065349624214,33.1336083290542,33.29166355855522,4650800
2022-12-13,33.25007247924805,33.79911030993439,33.23343458457829,33.69096558125792,5797300
2022-12-14,33.40812683105469,33.774150984003754,33.266709490149545,33.39148893682693,7140700
2022-12-15,33.133609771728516,33.308302902470786,32.82581348611152,33.28334447425484,6140800
2022-12-16,33.208473205566406,33.250069525222244,32.60120438416427,32.85908696860366,10880200
2022-12-19,33.36653518676758,33.6535333217688,33.150245725407416,33.299983606855534,7268900
2022-12-20,33.1003303527832,33.32077687549806,32.842447778527095,33.295821623372916,5525100
2022-12-21,33.424766540527344,33.595299412253965,33.19599944916405,33.27502865769937,4822200
2022-12-22,33.574501037597656,33.81574573264307,33.11697007436395,33.374849489509174,6832300
2022-12-23,33.70759582519531,33.832375246865986,33.582813230171425,33.60777165318813,4947800
2022-12-27,34.07362365722656,34.1401752281293,33.70343927080237,33.79078582759704,5298200
2022-12-28,33.641056060791016,34.26496290803134,33.59114554395856,34.165138701012104,4724500
2022-12-29,33.840694427490234,33.9322012370728,33.54121875007567,33.599449779200384,3910500
2022-12-30,33.865657806396484,33.998757786828584,33.61609573975553,33.74919572018763,4344700
2023-01-03,33.923885345458984,33.986276649013206,33.51210781936675,33.71591644918059,5749000
2023-01-04,34.306549072265625,34.59354397908505,34.02371125838104,34.1401733276241,8199500
2023-01-05,34.38141632080078,34.59770255693218,34.264951083888086,34.431326820410135,6608600
2023-01-06,35.42958068847656,35.587635904526536,34.75576033369906,34.88886029809731,6424100
2023-01-09,35.10515594482422,35.604280106432654,35.096835410563465,35.263211188884284,9772700
2023-01-10,35.213294982910156,35.41294334592971,35.055236591053365,35.063557123968735,6925500
2023-01-11,35.404624938964844,35.512766476837236,35.15090263956203,35.35471126300983,8550500
2023-01-12,35.296485900878906,35.53357034640287,35.16338591695938,35.437903245451054,7034700
2023-01-13,35.28815841674805,35.40462365642409,35.09682742588165,35.13010320864623,5982500
2023-01-17,35.213294982910156,35.45453649044599,35.13010552052408,35.23825023494922,9789400
2023-01-18,32.9921875,35.10515237084374,32.909001205985625,35.03028343688931,20037600
2023-01-19,33.30830383300781,33.557865908662215,32.97721512070886,32.99219017805679,9779400
2023-01-20,33.175193786621094,33.2667005937254,32.69686476889138,33.22094719017325,8773800
2023-01-23,33.491310119628906,33.65768587360367,33.15440151851136,33.29997911323168,6536700
2023-01-24,33.125282287597656,33.60777160272207,32.917313411772284,33.44139586739113,5834700
2023-01-25,33.23343276977539,33.31661906522764,32.684394969070766,32.98387071006488,4438500
2023-01-26,32.9921875,33.15856326138246,32.5762496832207,33.15856326138246,5426000
2023-01-27,33.017147064208984,33.07953837954235,32.509705527104444,32.967236550625586,5215200
2023-01-30,33.58280944824219,33.76582305410628,33.08368547106193,33.09200282889537,6228200
2023-01-31,33.715919494628906,33.840702113008554,33.27918667700774,33.74087792231712,7437800
2023-02-01,33.7242317199707,33.93220058379881,33.40811815841313,33.62440438051903,6064400
2023-02-02,33.2667121887207,33.40396927386464,33.033784823991084,33.308305340987175,8767000
2023-02-03,32.75925827026367,33.42475803948789,32.621998050355586,33.35820647588886,6196100
2023-02-06,33.21678924560547,33.241744495340356,32.567927365672666,32.7342999283762,6517300
2023-02-07,32.892364501953125,33.03378184156219,32.55961296715537,33.03378184156219,6112600
2023-02-08,32.501380920410156,32.8923634857147,32.44314987962272,32.77590140413983,6002400
2023-02-09,32.35163879394531,32.7259834164215,32.176945694574194,32.70102816604085,4941900
2023-02-10,32.967227935791016,33.15023839336361,32.39323179274287,32.42650757533908,5555200
2023-02-13,33.54954528808594,33.59113843442795,33.07537326505534,33.12528694467794,6591800
2023-02-14,33.175193786621094,33.61608675901131,33.05873173152579,33.591131511020315,7316000
2023-02-15,33.38317108154297,33.50795052637072,32.7592643373428,33.116971124552535,7756100
2023-02-16,33.092010498046875,33.17935705562855,32.676072696217815,32.884041597132345,8923000
2023-02-17,33.275020599365234,33.44139633703271,32.958907015132354,33.07536907949361,10134500
2023-02-21,33.1668815612793,33.48299519952819,32.67607479663778,33.27502628524541,8349000
2023-02-22,32.92564010620117,33.3083021477336,32.8341332759752,33.3083021477336,6589400
2023-02-23,33.067054748535156,33.18767709005551,32.84244795812004,32.884041103007235,4959200
2023-02-24,32.950592041015625,33.12944541661563,32.81749207591935,32.96722993332184,5082100
2023-02-27,32.9921875,33.28750296911086,32.89319473118263,33.11697011437527,4497200
2023-02-28,32.39323806762695,33.017144832072916,32.33500702348031,33.017144832072916,8956200
2023-03-01,31.944032669067383,32.35997057791798,31.6944673850735,32.33501214550594,5550400
2023-03-02,32.160308837890625,32.34747956847387,31.91906416527186,32.03552623526618,3976800
2023-03-03,32.47642517089844,32.580409624053196,31.69446005222832,32.077125251586615,5627800
2023-03-06,32.43483352661133,32.49306456920682,32.226864610669196,32.40155773845567,4142900
2023-03-07,32.1436767578125,32.393238834830754,31.98146124908294,32.33500778930496,4813000
2023-03-08,31.877477645874023,32.245999253467836,31.640393190307492,32.22686710180863,5839600
2023-03-09,31.7681884765625,32.07922831565952,31.62527620011617,31.83123791597036,6423800
2023-03-10,31.894289016723633,32.003574514589495,31.73456652509521,31.81022522256724,5349500
2023-03-13,32.04560852050781,32.56681434042689,31.71775521216322,31.71775521216322,7654300
2023-03-14,32.062408447265625,32.121253723682884,31.700928488229845,31.995158077143206,8377600
2023-03-15,32.03719711303711,32.079229004602475,31.515994602605517,31.75978085641573,6029900
2023-03-16,32.09604263305664,32.12966942928149,31.583245214524922,31.944725256872598,7558800
2023-03-17,31.633684158325195,32.02878777445077,31.46134923960639,32.02878777445077,11363400
2023-03-20,31.894289016723633,32.10445170894281,31.633689330741902,31.68412632450446,6216200
2023-03-21,31.978349685668945,32.06241346317985,31.772387979160378,31.978349685668945,6405500
2023-03-22,31.58323860168457,32.2271759011079,31.574833507802097,32.07081742437319,4445800
2023-03-23,31.457151412963867,31.772395463126628,31.29154438539118,31.473964813791945,5383900
2023-03-24,32.09604263305664,32.12966942928149,31.457146332095625,31.524399924545328,4940700
2023-03-27,32.44911575317383,32.575214640966806,32.188516088415966,32.188516088415966,5427700
2023-03-28,32.27257537841797,32.69710482087805,32.247356887104836,32.46592462774942,4118300
2023-03-29,32.50796127319336,32.74334565159928,32.433145977104616,32.44911598029887,4518200
2023-03-30,32.65087127685547,32.814797896570155,32.436504463833295,32.617244481317144,4557300
2023-03-31,32.50796127319336,32.78537754554849,32.234752359109486,32.78537754554849,6192800
2023-04-03,32.65927505493164,32.83581412097285,32.41128466320218,32.541584482122566,5605200
2023-04-04,32.45751953125,32.701308970022644,32.08343027826292,32.62565028925967,7471900
2023-04-05,32.80219268798828,33.02916877557177,32.56681150389939,32.60884340008268,6513200
2023-04-06,32.9030647277832,33.088008890222326,32.76015566177306,32.907268878791626,4978100
2023-04-10,32.869449615478516,32.97033003456876,32.60969007236873,32.95351663138705,4284500
2023-04-11,32.995540618896484,33.05018176100474,32.74334604534058,32.95350872444183,5741800
2023-04-12,33.02075958251953,33.22251716832247,32.835818602930544,32.95350919180391,4475500
2023-04-13,32.92828369140625,33.020755773949155,32.53318007530611,33.020755773949155,5721600
2023-04-14,32.869449615478516,33.079612345006716,32.69711784481635,32.90307642184193,4577600
2023-04-17,33.23933410644531,33.247739203619076,32.869445694232084,32.945104396109485,3755300
2023-04-18,33.17207336425781,33.2057001593743,32.84001597784475,33.13844656914132,4271600
2023-04-19,33.18048095703125,33.256139641011885,32.953504905089346,33.22251284661436,4715800
2023-04-20,33.130035400390625,33.230912560419654,32.95349956863305,33.096408611438584,3878700
2023-04-21,32.97032165527344,33.197297730298146,32.73914142881459,33.12163903862324,4659700
2023-04-24,32.93669128417969,33.104822048197754,32.78957806822423,32.953504681264256,3857300
2023-04-25,33.15525436401367,33.31498001041219,32.87784136825,32.936686646346146,6185000
2023-04-26,33.0880126953125,33.22251668160125,32.894663415449166,32.93669530988416,6803300
2023-04-27,33.35702133178711,33.38223982758442,32.89466407014409,32.9198825659414,5971200
2023-04-28,33.01234817504883,33.49151874204301,32.94509459036249,33.407454968012516,7061600
2023-05-01,33.42426681518555,33.52514719721868,33.045976606457835,33.0796001936413,7369300
2023-05-02,33.163665771484375,33.46630049108736,32.911471240757706,33.44107879323548,11098000
2023-05-03,33.83618927001953,34.86178410761868,33.78574907565591,34.27164762292378,20626300
2023-05-04,34.33216857910156,34.399418955529455,33.84038877715015,34.02953386810766,10050100
2023-05-05,34.73568344116211,34.84076476890203,34.16404076171073,34.239699445956575,7676800
2023-05-08,34.533931732177734,34.744094403750886,34.3910194479575,34.66843571371144,5869900
2023-05-09,34.36579895019531,34.55073990975558,34.172449688438675,34.48769367742122,7023300
2023-05-10,34.197669982910156,34.542336634081714,33.962288818254805,34.18926168027083,6066200
2023-05-11,34.172454833984375,34.21448673081217,33.90344684609272,34.13882803379088,4147900
2023-05-12,34.18085861206055,34.248112209853176,34.05896387118244,34.10519991795786,4624500
2023-05-15,33.76893997192383,34.31116010468259,33.701689577714575,34.29855085619512,5675000
2023-05-16,32.785377502441406,33.60080971266143,32.76856410351824,33.58399631373826,9100700
2023-05-17,32.709716796875,32.88625266445765,32.33983166382168,32.76015699053907,7796800
2023-05-18,32.709716796875,32.71812189240514,32.22214108543324,32.415490350903916,7300300
2023-05-19,32.8442268371582,33.050185387363946,32.60884563692307,32.82741343616593,5899400
2023-05-22,32.566810607910156,33.0711997618889,32.46172926692892,33.02075956375981,5394000
2023-05-23,32.524776458740234,32.819006146202824,32.3650539702284,32.57942081002101,7738600
2023-05-24,32.549991607666016,32.76015425346587,32.356642358349454,32.70130896918811,6208400
2023-05-25,32.16328811645508,32.44070433278554,31.961533783512287,32.12125623099427,7841700
2023-05-26,32.23054504394531,32.31460882359212,31.82282897832026,32.20112240038616,7170700
2023-05-30,31.818622589111328,32.13807070158839,31.72615372073532,31.944721456539156,7503700
2023-05-31,32.12967300415039,32.26417699718743,31.7471753698971,31.860665018076315,15509900
2023-06-01,32.10445022583008,32.33983461088479,32.03719983497733,32.18010891980694,6727000
2023-06-02,32.37345886230469,32.39868056536274,31.978355191780434,32.079232383528314,9653100
2023-06-05,32.33098602294922,32.58582760966304,32.15259399581161,32.280016409411814,6678200
2023-06-06,32.101627349853516,32.53060944165501,31.821299338510862,32.40743854750494,5271000
2023-06-07,31.388071060180664,31.66244955648047,31.193541398528954,31.62592278954109,11075900
2023-06-08,31.591943740844727,31.61743016989938,31.150216776243944,31.29462907259749,6077000
2023-06-09,31.3286075592041,31.51548966867235,31.235164884226624,31.400812084236986,7828200
2023-06-12,31.073759078979492,31.36682539227852,30.818914298043293,31.25214783324603,9796700
2023-06-13,31.260644912719727,31.29462465300257,30.971823601288378,31.09924600710583,6304600
2023-06-14,31.15021324157715,31.362581763509315,30.93784471964498,31.167203112190098,7445300
2023-06-15,31.32010269165039,31.506987992011805,31.162952089515436,31.388062161049398,7082200
2023-06-16,31.422048568725586,31.54946774017945,30.94634190336615,31.277636285827356,12250500
2023-06-20,31.107742309570312,31.557965810342132,31.090752437797157,31.473016451476365,6844200
2023-06-21,30.640533447265625,31.099250282690047,30.581070513838775,31.005807604308757,8490300
2023-06-22,30.640533447265625,30.733976125646915,30.462144646985074,30.683006508215257,5865700
2023-06-23,30.504613876342773,30.793435191203866,30.479130691071227,30.66601278387328,12208400
2023-06-26,30.198802947998047,30.52160400629111,29.757076036777658,30.52160400629111,6648900
2023-06-27,30.224287033081055,30.385685929483905,30.079874765363808,30.35170619114029,7221400
2023-06-28,29.748580932617188,29.952452885235065,29.604168662400458,29.952452885235065,8543200
2023-06-29,29.748580932617188,29.80804385550459,29.587182033420852,29.731591063151324,5822200
2023-06-30,30.15633201599121,30.224291502728462,29.892993865614393,29.918480293384203,8907900
2023-07-03,30.4196720123291,30.530101324248303,30.058642887980774,30.14784052985788,3840600
2023-07-05,30.453641891479492,30.606547472162774,30.2497699442259,30.3602024726052,7293800
2023-07-06,30.29224395751953,30.487622596704977,30.181811425636877,30.428159673495767,6234400
2023-07-07,30.122352600097656,30.389939031426287,30.105362728228638,30.283754762609966,5440900
2023-07-10,30.071380615234375,30.445148005167212,30.02890432324232,30.26675924455059,11608700
2023-07-11,30.26676368713379,30.36445139588753,30.03315700883294,30.22429062939361,7666400
2023-07-12,30.37718963623047,30.428159244184783,30.232780607755934,30.368696321814536,6360200
2023-07-13,30.275257110595703,30.496122196411836,30.11385819441207,30.37719309763344,6825800
2023-07-14,30.453641891479492,30.50885977591223,30.1393374158466,30.351705917852698,6540200
2023-07-17,30.164823532104492,30.402678481008927,30.13934034634157,30.317729127655024,6698800
2023-07-18,30.164823532104492,30.34321555390444,29.93546837926519,30.198803273446053,6003900
2023-07-19,30.699989318847656,30.74246237002731,30.275252326078903,30.31772537725856,8147600
2023-07-20,30.92086410522461,31.039789982166017,30.55558991719765,30.76795848044648,6593500
2023-07-21,30.852903366088867,31.10774498361918,30.789192151584544,30.937849491769978,22388400
2023-07-24,30.87837791442871,31.014293621774872,30.835904863474173,30.886874468911262,6842200
2023-07-25,31.04827117919922,31.150207142431597,30.81041951816172,30.920852035280205,5689200
2023-07-26,30.886877059936523,31.090749017815053,30.691498416766954,30.971823168971518,6028300
2023-07-27,30.750961303710938,31.086503942817018,30.699991694060255,30.929350076758826,5797100
2023-07-28,30.716978073120117,30.92085324806717,30.632031973842327,30.886873512161667,8383600
2023-07-31,30.733978271484375,30.844410830053253,30.598062522663852,30.708495081232734,7959500
2023-08-01,30.479135513305664,30.88688274459398,30.198807469021045,30.79344006316577,9709800
2023-08-02,30.852903366088867,30.963335921863894,30.02891233693678,30.19880782878598,13250400
2023-08-03,30.215791702270508,30.984564680641448,30.16482209269035,30.801927630253804,9136700
2023-08-04,29.969444274902344,30.37719144130735,29.952454404574667,30.21579253392404,5771100
2023-08-07,29.731595993041992,30.075631995434275,29.689122932577863,29.909984791283414,7329200
2023-08-08,29.272876739501953,29.70611034563644,29.060508214275465,29.65514073300693,7586300
2023-08-09,29.3238468170166,29.59992655228516,29.248243024587868,29.28137375939526,6146100
2023-08-10,29.213411331176758,29.52347077749446,29.17093827783514,29.39180009950331,4152000
2023-08-11,29.349328994750977,29.357825550275166,29.153950344018757,29.24739301186601,6922400
2023-08-14,29.08599281311035,29.514974873960917,28.975560279595776,29.425780487829027,7806100
2023-08-15,28.678245544433594,28.967066881691814,28.635772485525234,28.94158369444413,6197400
2023-08-16,28.508352279663086,28.805666921775398,28.48286585284877,28.66125787860272,5400200
2023-08-17,28.448883056640625,28.610281935149537,28.36393372019974,28.533829152595665,5742500
2023-08-18,28.593299865722656,28.763195344451862,28.41491107127602,28.448890815119206,6558600
2023-08-21,28.440393447875977,28.63152707117827,28.270497973991706,28.63152707117827,6604900
2023-08-22,28.287485122680664,28.474370450013797,28.21528060638789,28.38092778634723,6851200
2023-08-23,28.448883056640625,28.589043790917856,28.338450539510394,28.38941690088908,7451500
2023-08-24,28.4743709564209,28.788675452127613,28.321465365971925,28.321465365971925,7037500
2023-08-25,28.754695892333984,28.882118298669738,28.516844190359414,28.542327375432002,7265500
2023-08-28,28.746204376220703,28.92034488592397,28.635771833185338,28.873626790529713,5730100
2023-08-29,28.678245544433594,28.873627448288087,28.48286688106578,28.865130892214406,6554700
2023-08-30,28.601789474487305,28.814157985252976,28.54232655071182,28.69523213770201,6450900
2023-08-31,28.44704818725586,28.68346346746656,28.382570994521465,28.627581703355165,14009200
2023-09-01,28.00861167907715,28.541616846315986,27.931239696780658,28.541616846315986,7765400
2023-09-05,27.982816696166992,28.325833660630337,27.871056445947612,28.060188672557903,7828800
2023-09-06,28.000009536743164,28.09887499956119,27.90544342781622,28.000009536743164,7067200
2023-09-07,28.09457778930664,28.309499588013427,27.965623398304015,28.197739334440907,7472300
2023-09-08,28.335289001464844,28.3868714134767,28.061907792860836,28.085978929243762,8047900
2023-09-11,28.911283493041992,28.945668491087517,28.40406787809576,28.429857446491564,10683500
2023-09-12,28.85110092163086,29.01444029379533,28.76513024198158,28.919874185904177,6726700
2023-09-13,28.533016204833984,28.954264364236977,28.369676821914545,28.928474798367148,6994000
2023-09-14,29.03163719177246,29.100410462588812,28.627583157594728,28.71355384542319,6522800
2023-09-15,28.75653648376465,29.057425681395888,28.717848855814175,28.885487591558196,12095800
2023-09-18,28.730743408203125,28.941369124301882,28.515821617491444,28.85539844034945,8084200
2023-09-19,29.17778205871582,29.21217033339558,28.722148897271314,28.790925446630833,9260800
2023-09-20,29.246559143066406,29.453744730438558,29.1004106127272,29.38410896485519,7012400
2023-09-21,29.65060806274414,29.710785894426895,29.160583422769655,29.26374823089369,11579600
2023-09-22,29.366918563842773,29.71939023199038,29.341128993802926,29.495872972935715,9533600
2023-09-25,29.504465103149414,29.534554024646166,29.15199347442468,29.3239315741689,6382800
2023-09-26,29.65920639038086,29.749473146731084,29.465778095265545,29.504462442510132,8787800
2023-09-27,29.255151748657227,29.710788153907806,29.212168048392936,29.642011609928055,13115800
2023-09-28,29.01444435119629,29.341126420654795,28.739344696740673,29.255155728983315,11673200
2023-09-29,28.919879913330078,29.21647307782808,28.803823572126852,29.08322259728979,5633300
2023-10-02,28.44704818725586,28.911280039608005,28.275110099779557,28.90268133153875,7422000
2023-10-03,28.4642391204834,28.494328036446973,28.240718648086105,28.30089648001325,6157300
2023-10-04,28.610389709472656,28.61898841818592,28.275112217478288,28.533017728285763,5401300
2023-10-05,27.78508949279785,28.626723323679546,27.716316223468482,28.576003406486848,6681100
2023-10-06,27.535778045654297,27.69052199321492,26.753464519130315,27.621748727324743,10106300
2023-10-09,27.93123435974121,27.995708266463296,27.53749752409181,27.587358219809133,5565200
2023-10-10,27.914043426513672,28.212354979095327,27.78078968529681,28.103172373667896,6075600
2023-10-11,27.888254165649414,28.14186361840757,27.797987394837882,27.93983658301888,7981600
2023-10-12,26.486963272094727,27.802285332981356,26.37520465293492,27.802285332981356,13884100
2023-10-13,27.019969940185547,27.054356576778993,26.529948480735253,26.555738048249523,9364200
2023-10-16,27.148921966552734,27.355246699732557,26.96752758522555,27.166116104248523,7099000
2023-10-17,27.088743209838867,27.25208423298813,26.895313266599366,27.080146141281205,6768600
2023-10-18,27.277875900268555,27.570169694853057,27.11023714978812,27.140326072196235,5653400
2023-10-19,27.037160873413086,27.355244193021388,26.99847488700418,27.303663424383867,6258700
2023-10-20,26.916805267333984,27.29506808735206,26.822240792121846,27.10593749720461,6693400
2023-10-23,26.753469467163086,27.075852204297785,26.74057304266579,26.916808873377157,5213200
2023-10-24,27.26068115234375,27.312263566510076,26.865225815408106,26.865225815408106,7251800
2023-10-25,27.578765869140625,27.608854788783386,27.088742806980367,27.174711851555315,6616600
2023-10-26,27.38963508605957,27.793689124931074,27.363843879411423,27.69912300694443,5876900
2023-10-27,27.028564453125,27.458408028093235,26.955490192724383,27.31226114701511,6053700
2023-10-30,27.183307647705078,27.331172954496974,27.050055552864446,27.174710579677644,6628500
2023-10-31,27.045759201049805,27.25208557716418,26.714781063732104,27.183310665033805,10525700
2023-11-01,27.681928634643555,28.43673258330612,26.73627238195886,27.0371632314117,16109400
2023-11-02,28.808115005493164,28.975757017135994,27.664732799243342,27.836670885442643,11280800
2023-11-03,28.60179328918457,29.057426451805462,28.56310566020836,28.97145904433048,8384900
2023-11-06,28.618989944458008,28.782329344809572,28.34818635613848,28.653378222252023,6880300
2023-11-07,28.44704818725586,28.709253032781817,28.429854050563605,28.618986274732162,5879300
2023-11-08,28.515823364257812,28.661971896206293,28.25791785549478,28.455645521527988,5985500
2023-11-09,28.326690673828125,28.584596148603005,28.318091966316207,28.558806584959328,6038600
2023-11-10,28.275115966796875,28.386876238763396,28.154760264423825,28.25792182653688,6561800
2023-11-13,28.57600212097168,28.78232519912452,28.176247467673583,28.28370836071666,6532000
2023-11-14,28.86829948425293,29.319633323696703,28.782328791420824,29.160590001542264,9084800
2023-11-15,28.85110092163086,29.031634429725187,28.653373277606676,28.868295057560715,6432800
2023-11-16,29.066022872924805,29.13479613760353,28.82101217351074,29.014440464831168,6816800
2023-11-17,28.93707275390625,29.186382843904937,28.78232878628269,29.143399137219863,6461500
2023-11-20,29.0488338470459,29.134801262878874,28.838208103195715,28.851106167072693,6551800
2023-11-21,29.358320236206055,29.46148178563105,29.074621875979158,29.151993857909538,8677600
2023-11-22,29.813949584960938,29.839739149139053,29.40989558912456,29.48726756110501,7110900
2023-11-24,30.037471771240234,30.114843756043335,29.848342803513383,29.917116079201335,3984100
2023-11-27,29.99448585510254,30.510300142285672,29.94720279679126,30.510300142285672,8878100
2023-11-28,30.192211151123047,30.36414923337542,30.020273068870672,30.046065912848526,10641500
2023-11-29,30.15782928466797,30.278184970887963,30.033174244098262,30.260990832935608,8116800
2023-11-30,30.53175163269043,30.67088793338917,30.13173518284043,30.140429750328007,23929000
2023-12-01,30.888294219970703,30.89698878903724,30.427405762195672,30.479579811138247,9401600
2023-12-04,31.1491756439209,31.288311975369847,30.63610979971443,30.63610979971443,7963400
2023-12-05,31.166566848754883,31.270918263834208,30.888294197028905,31.088302458127473,7660000
2023-12-06,31.479623794555664,31.697024506787027,31.175260807068792,31.218743603332353,8942500
2023-12-07,31.74050521850586,31.88399049029638,31.283962378180302,31.601368889964924,8693100
2023-12-08,31.505706787109375,31.77528482999955,31.37526836682408,31.757892377173942,6113200
2023-12-11,31.983989715576172,32.02747250911203,31.78398147094255,31.975295147231844,11739600
2023-12-12,32.401397705078125,32.566624354199625,31.975294206048712,32.16660787670674,9353600
2023-12-13,32.749244689941406,32.849250481845885,32.240527795666026,32.30574867584097,7541700
2023-12-14,32.1753044128418,32.77532916578245,32.118781423631575,32.69706477911441,10242700
2023-12-15,31.818769454956055,32.2970503746459,31.663109796645717,32.17530650242722,14202800
2023-12-18,31.923124313354492,32.15791751392142,31.64485162763193,31.897037285715527,6447800
2023-12-19,31.731809616088867,31.79268155051405,31.453533650795936,31.79268155051405,7464500
2023-12-20,31.088302612304688,31.475275624194996,31.05351770134851,31.414403688657533,8456100
2023-12-21,31.270917892456055,31.366574737339263,31.036124723362256,31.079607519961268,6185100
2023-12-22,31.618762969970703,31.675285966031925,31.288312928733614,31.349184868267827,5806200
2023-12-26,31.74050521850586,31.779635755936873,31.46223256142399,31.610063459192347,4079600
2023-12-27,31.757904052734375,31.86225549078089,31.592680666054694,31.86225549078089,4385400
2023-12-28,31.949207305908203,32.053558709722125,31.749195749130482,31.757893634523246,5455900
2023-12-29,32.15790939331055,32.201388867486614,31.862244324733535,31.87963677785821,5537900
2024-01-02,33.14925765991211,33.32230975748477,32.157911003079185,32.19704485388649,11647900
2024-01-03,33.114479064941406,33.35796680836042,33.04490924266642,33.25796101815806,8913500
2024-01-04,32.85359573364258,33.17535118756824,32.779680285013065,33.018822403840005,7755400
2024-01-05,32.99273681640625,33.144919996103276,32.72750763449204,32.83620801012009,5629900
2024-01-08,33.26231384277344,33.32318578573138,32.888384297590555,32.92316921278712,7553800
2024-01-09,33.523189544677734,33.57536691042569,32.94316459706309,33.09708600152017,8108800
2024-01-10,32.94925308227539,33.45362435246403,32.818814638699266,33.45362435246403,7852100
2024-01-11,32.6796760559082,32.90577133288511,32.61010623697897,32.83620151395588,7661700
2024-01-12,32.766639709472656,32.88403464915514,32.627503368940225,32.81881708114933,4958800
2024-01-16,32.70576095581055,32.86228972096647,32.54923219065462,32.82750481376042,8373600
2024-01-17,32.86228942871094,33.036210645923155,32.54923190118321,32.575318922720086,7680900
2024-01-18,32.18400192260742,32.84490198537224,32.04486559106827,32.84490198537224,10693500
2024-01-19,32.244876861572266,32.436187242268716,31.81876998444442,32.175307037848626,8786800
2024-01-22,31.966604232788086,32.26226938004404,31.636157487298355,32.26226938004404,9334500
2024-01-23,32.305747985839844,32.34922746593723,31.653545832563978,31.949210941406573,24754100
2024-01-24,32.018775939941406,32.31878997786256,31.9752964618893,32.30574646617408,6210900
2024-01-25,32.401397705078125,32.5492319007515,32.10573263100267,32.15790999134703,5129900
2024-01-26,32.3579216003418,32.55792985992016,32.240526673928805,32.497057925147246,6727000
2024-01-29,32.44488525390625,32.52314964726107,32.1492201364849,32.28835646719661,7089400
2024-01-30,32.47966384887695,32.57532068939505,32.35791998540719,32.45357682592529,5030000
2024-01-31,32.28835678100586,32.705765777197755,32.20139450017099,32.479667164298924,6270700
2024-02-01,32.83620834350586,32.83620834350586,31.975303217463416,32.44488964108961,8337700
2024-02-02,32.74054718017578,32.966642451568354,32.55792806863283,32.827506134417966,5809400
2024-02-05,32.36661911010742,32.662284211538676,32.32748525691054,32.62749930142403,5800800
2024-02-06,32.3579216003418,32.479665469887614,32.21878527553635,32.392706510861075,6116100
2024-02-07,31.653541564941406,32.497053980375306,31.644843679731586,32.46227239134977,7750800
2024-02-08,31.71441650390625,31.89703230339858,31.505710363578192,31.688326163070517,10685500
2024-02-09,31.27961540222168,31.63180349298783,31.13178119356188,31.57528050226968,8189300
2024-02-12,31.618762969970703,31.6535478832108,31.088304653510928,31.279618359059544,9648200
2024-02-13,31.418752670288086,31.844856219571692,31.149174585955407,31.67963286823523,9869400
2024-02-14,29.70563507080078,30.87959766440475,29.279528188200274,30.42740707348054,20793800
2024-02-15,30.410009384155273,30.58392728122548,29.76650188627325,29.78389433943452,10689100
2024-02-16,30.270875930786133,30.56654102786749,30.24478558994819,30.357834887521772,6404000
2024-02-20,30.975250244140625,31.03612217365247,30.436097446776564,30.436097446776564,8710400
2024-02-21,31.644845962524414,31.66223841692746,31.07960612214707,31.15787050832504,9722200
2024-02-22,31.6622314453125,31.723103363684213,31.227430132788424,31.375264304027404,6661000
2024-02-23,31.349178314208984,31.81528477545459,31.33178586122511,31.688322854216427,6194400
2024-02-26,31.270917892456055,31.436144558080375,31.189177002084048,31.218743844171854,7033800
2024-02-27,31.131776809692383,31.392656963052236,30.94046646643976,31.33178503784397,4807500
2024-02-28,30.905689239501953,31.21004894115746,30.870904325806478,31.192656484309722,4923000
2024-02-29,30.67958641052246,31.036123433827637,30.53175552349735,30.966556933248615,15251000
2024-03-01,30.549150466918945,30.731766277747745,30.414359763169507,30.705679252564135,6032400
2024-03-04,30.47088050842285,30.679583306314548,30.270872278246994,30.479575076138687,8826300
2024-03-05,30.549150466918945,30.757853302931352,30.42740659303308,30.611760654268313,8928700
2024-03-06,30.740459442138672,30.818723831384396,30.566541525834054,30.583930663647223,7355000
2024-03-07,30.34465789794922,30.995530297282063,30.265497786614645,30.98673286533533,6584100
2024-03-08,30.643707275390625,30.726383676503293,30.177544032624926,30.243507996988185,5872800
2024-03-11,30.766841888427734,30.995528129729635,30.652498767776784,30.67888770653437,7694700
2024-03-12,30.432615280151367,30.705278660085913,30.406229692016186,30.652504128578002,6893400
2024-03-13,30.37104606628418,30.731663636313996,30.203931752692917,30.652503518247087,11161900
2024-03-14,30.18634033203125,30.43261476441953,29.979644281175016,30.34466056863443,9222600
2024-03-15,30.230314254760742,30.432611568008696,30.093984259041658,30.13356263641669,12259700
2024-03-18,30.714073181152344,30.815223529193478,30.15115825789109,30.230318378677055,8794100
2024-03-19,31.02191925048828,31.039510761054334,30.626118650846017,30.65250423907631,7909500
2024-03-20,31.0922794342041,31.391328379274743,30.806426637423723,31.05709977114196,9952100
2024-03-21,31.312170028686523,31.3561504816557,31.057101519747725,31.136261637759763,7424400
2024-03-22,31.53204917907715,31.615607987746156,31.28137610830658,31.40011792644006,8880300
2024-03-25,31.822315216064453,31.879485110213093,31.49688065164407,31.5584492623388,9047900
2024-03-26,31.98942756652832,32.23570534937321,31.84869884286157,31.910267449763435,10195600
2024-03-27,32.13016128540039,32.402824697811475,31.993831256813824,32.21811884839007,5229500
2024-03-28,32.455596923828125,32.52595961397006,32.23570806487329,32.23570806487329,7159100
2024-04-01,32.59632873535156,32.79862610205158,32.47318814431683,32.52596268333171,7825700
2024-04-02,32.886573791503906,33.08799204590471,32.65789087825583,32.71066205156988,8312600
2024-04-03,32.86898422241211,33.13285017027184,32.71066398264876,32.88657573296776,7458200
2024-04-04,32.7634391784668,33.159239785898485,32.7150633622675,33.09767117532441,8500400
2024-04-05,32.59632873535156,32.80742018093504,32.20932215971846,32.79862610205158,7251300
2024-04-08,32.5875244140625,32.640298941923824,32.27968138963143,32.429204185715854,4650900
2024-04-09,32.68427658081055,32.76343669629969,32.39842042180878,32.640299484480444,4089800
2024-04-10,32.38522720336914,32.649093133123856,32.19172395577159,32.55234150932508,5540900
2024-04-11,32.174137115478516,32.59632329137334,31.963042349912367,32.52595725110547,5785900
2024-04-12,31.611221313476562,32.160943463611545,31.54965270108046,32.10377356788309,6394500
2024-04-15,31.936660766601562,32.04660520187668,31.691262022351477,31.8662947175113,6992100
2024-04-16,32.18292999267578,32.27968161681715,31.927858139073496,32.0597927820367,8695800
2024-04-17,32.455596923828125,32.49077659128023,32.0773878180068,32.39402831173979,6176100
2024-04-18,32.640296936035156,32.798617154652334,32.23570231300776,32.67547995244722,6769500
2024-04-19,33.22959518432617,33.273575629577095,32.53035039396345,32.798615004857005,9117800
2024-04-22,33.55503463745117,33.62539731379287,33.150436666347446,33.35273397428078,6973600
2024-04-23,33.484676361083984,33.64299661356686,33.38352936130971,33.46708484911502,5858100
2024-04-24,33.9244499206543,33.977224450068015,32.87338153530242,32.90416583865107,7250100
2024-04-25,33.74854278564453,34.267480652400714,33.49786960836964,34.09860817464747,6667900
2024-04-26,33.56382751464844,33.91565094949854,33.383520436834544,33.383520436834544,5342400
2024-04-29,33.99481201171875,34.003606087980984,33.563828459654665,33.59901147517766,6163000
2024-04-30,33.959632873535156,34.056384499651486,33.56383229180356,33.97722438330516,9607900
2024-05-01,31.910266876220703,33.15923721214737,31.54964931860391,32.77223071259163,15583100
2024-05-02,32.297279357910156,32.600723726894635,31.998230350698467,32.00702442948205,11373600
2024-05-03,31.971834182739258,32.323657648903854,31.84430161537276,32.270883122407994,7102900
2024-05-06,31.4353084564209,32.05099449316231,31.25059929016122,32.024608907369746,8570600
2024-05-07,31.49688148498535,31.712371628118326,31.268195191864958,31.514472996397515,7643400
2024-05-08,31.567241668701172,31.716767826212102,31.496878983877615,31.496878983877615,7764800
2024-05-09,31.408918380737305,31.637604633468992,31.259395592998004,31.58483010855311,5027100
2024-05-10,31.875085830688477,31.910265493019864,31.329759124086596,31.373736218428753,6267500
2024-05-13,32.09497833251953,32.23570706367025,31.892677635955117,31.919066579771734,8561700
2024-05-14,31.83110809326172,32.27968321738912,31.760745407366496,32.253294274345585,6140100
2024-05-15,31.53204917907715,31.927849647461322,31.51446102958137,31.83109804905225,6162600
2024-05-16,31.725561141967773,31.897074166452178,31.549649401275794,31.549649401275794,6293800
2024-05-17,31.66399574279785,31.734361788295953,31.347355248531837,31.6200186419804,6117600
2024-05-20,31.470487594604492,31.773935247110938,31.452896085956866,31.58483072319546,5756200
2024-05-21,31.593626022338867,31.760743683338923,31.400126130202377,31.62880904099544,6015000
2024-05-22,31.998218536376953,32.059787130843766,31.540849438025795,31.690372208806128,6486800
2024-05-23,31.48807716369629,31.892671771958465,31.40891705727656,31.831103173102786,5339700
2024-05-24,31.53204917907715,31.813506544320017,31.366693060877875,31.540846609061493,5700600
2024-05-28,30.828413009643555,31.470487984672847,30.79322999191222,31.40891938126163,7364100
2024-05-29,30.485389709472656,30.98233729736557,30.459004121425924,30.775644598936914,8276000
2024-05-30,30.476594924926758,30.647228881510998,30.397434807385228,30.538163532432673,6700300
2024-05-31,31.10987091064453,31.127462419775753,30.46779592592268,30.520570453316353,12422300
2024-06-03,30.872390747070312,31.206622712003508,30.788835272265,31.109871088846216,6283600
2024-06-04,31.33856201171875,31.426516215714706,30.489790857730306,30.846009745723084,8646700
2024-06-05,30.494178771972656,31.380773305288223,30.371041574355772,31.37373401807841,9807200
2024-06-06,30.761133193969727,30.876810955235367,29.942498931228553,30.440796867018797,8800300
2024-06-07,30.60095977783203,31.019176954497567,30.445241699626624,30.681043845823314,8340200
2024-06-10,29.853511810302734,30.454140667345232,29.568769190750736,30.414100327595627,11162600
2024-06-11,29.9424991607666,30.05372686434389,29.550975471758452,29.65775651116075,6206600
2024-06-12,29.29292106628418,29.90690005097087,29.25733078734544,29.889103214301738,8227600
2024-06-13,28.954795837402344,29.21284491747312,28.714543596757146,29.12386072034524,11641700
2024-06-14,28.812421798706055,29.034877178942885,28.696744050550983,28.954793106281638,6188900
2024-06-17,29.29292106628418,29.319618018487635,28.483183667036094,28.687845591531335,10035900
2024-06-18,29.07046890258789,29.39970532564375,28.92809758794748,29.3285179711236,6080800
2024-06-20,29.043777465820312,29.097167985614885,28.80352521834494,28.91030625793409,7236600
2024-06-21,29.319623947143555,29.49313889675425,29.061574854860908,29.195049459669228,16326500
2024-06-24,29.550973892211914,29.7022453260794,29.292924819049702,29.45309297519177,7262400
2024-06-25,29.18614387512207,29.675545010409873,29.16390037475419,29.533173709337067,7926200
2024-06-26,28.759031295776367,28.919199441156287,28.652253663656328,28.89250588172621,7682900
2024-06-27,28.714542388916016,28.874710542608877,28.527680674407645,28.696745550239044,5689500
2024-06-28,28.6700496673584,28.88360492538586,28.49208468940243,28.830217808078807,9939000
2024-07-01,28.349716186523438,29.061572774270427,28.323020928032935,28.67894922190643,7760600
2024-07-02,28.474292755126953,28.474292755126953,28.225142082527555,28.42980235157711,5470600
2024-07-03,28.55437469482422,28.68784928984993,28.420901796998486,28.563271417105955,3805500
2024-07-05,28.55437469482422,28.661152334204814,28.323020879899627,28.652255611923078,5200000
2024-07-08,28.56327247619629,28.705643798782685,28.447596413044856,28.554375753584676,5870700
2024-07-09,28.412002563476562,28.55437387670489,28.26963125024824,28.474289800863964,7630900
2024-07-10,28.403100967407227,28.483183337091134,28.260729670102908,28.331915318755065,7116500
2024-07-11,28.634456634521484,28.6789470314075,28.100563385890037,28.278528367833804,7468000
2024-07-12,28.536577224731445,28.88360709084326,28.509883664076654,28.75903261525439,6250100
2024-07-15,28.73233985900879,28.963691978093788,28.44759552551958,28.53657802365996,6723800
2024-07-16,29.221738815307617,29.2840260500762,28.678947145695922,28.714540821106457,6193700
2024-07-17,30.164949417114258,30.289523880745126,29.41749924092949,29.44419279902195,12096700
2024-07-18,30.04927635192871,30.618761642539372,29.8802114670287,29.969192270786582,10013200
2024-07-19,29.47088623046875,30.000331093024304,29.364108604158226,29.95139064046541,6419100
2024-07-22,29.203943252563477,29.55809117348019,29.088265499628925,29.49758599592045,6321200
2024-07-23,29.18614387512207,29.34186195529552,29.034875852782026,29.230634270257404,5618900
2024-07-24,29.408599853515625,29.68266707468955,28.972589220011077,29.266228549497864,8162100
2024-07-25,29.62215805053711,30.36070811800509,29.48868347002623,29.59546109779518,6893100
2024-07-26,29.684444427490234,29.871306119300815,29.542073129767957,29.71113798506332,6048700
2024-07-29,29.73783302307129,29.809020372676084,29.359659562894883,29.61325855566256,7411500
2024-07-30,30.111562728881836,30.191646807724606,29.56877101610306,29.720042451428284,11644900
2024-07-31,31.33061408996582,31.739931163867876,30.565367059557854,30.778925712341326,21392100
2024-08-01,31.49968910217285,31.642060436428082,30.930200370751574,31.179352751498495,10258600
2024-08-02,32.086971282958984,32.27828308160548,31.493460380147823,31.864515861016564,15882100
2024-08-05,31.321718215942383,32.49628235203025,31.04142226443069,32.131455664221136,12773100
2024-08-06,30.98358917236328,31.748836324363552,30.956895609423793,31.481890511768153,7266500
2024-08-07,30.85011100769043,31.508580437522312,30.814520726012855,31.019179271857958,7907800
2024-08-08,31.33061408996582,31.42849499772493,30.753121486346572,30.8056192710394,6301200
2024-08-09,31.384004592895508,31.508579059317494,30.974687519109086,31.312817243854585,5109500
2024-08-12,30.40520477294922,31.16155522755609,30.31177390511666,31.125961546172178,8413300
2024-08-13,30.761133193969727,30.907954576222256,30.253935141097454,30.307325660389314,6624400
2024-08-14,30.689945220947266,31.170446254216053,30.672148383507732,30.761129176305744,6105000
2024-08-15,30.42300033569336,30.73443994311985,30.36071309308809,30.592068617964927,6176300
2024-08-16,30.805618286132812,30.992483374243825,30.280623483991345,30.449691735406095,11470400
2024-08-19,31.46409034729004,31.47298706919648,30.859011425657553,30.921298662202087,6546200
2024-08-20,31.401798248291016,31.52637270209019,31.152645946293386,31.45963541772655,5619700
2024-08-21,31.5352783203125,31.65095608622139,31.339519863851585,31.401807108325546,5890400
2024-08-22,31.606464385986328,31.695445190328364,31.38400898073113,31.63315794840892,6178900
2024-08-23,31.9534912109375,31.97573810708972,31.704342267151564,31.76662950309805,4385600
2024-08-26,31.971294403076172,32.31743499494341,31.917903878339672,32.03358165140186,5876100
2024-08-27,31.80222511291504,32.193745390442146,31.680318631835924,32.07806763333642,4753600
2024-08-28,31.490787506103516,31.81112384173975,31.375109741701497,31.71324291758421,6563500
2024-08-29,31.375104904174805,31.56197000075121,31.130406025914713,31.52637632574621,7532600
2024-08-30,31.88813018798828,31.92413228764924,31.3211091350504,31.3211091350504,9320200
2024-09-03,32.03213119506836,32.09063202477656,31.20860129217095,31.798124442886778,8673800
2024-09-04,32.464149475097656,32.491149332691336,32.00513472925948,32.00513472925948,7428400
2024-09-05,32.518150329589844,32.87816099438817,32.44614613662084,32.5721500409677,7691300
2024-09-06,32.25714111328125,32.64865619762776,32.24814230560214,32.58115312331299,5831900
2024-09-09,32.44614028930664,32.59014521594376,32.14913163020746,32.2751355118464,6559000
2024-09-10,31.969127655029297,32.53614860969763,31.82962383470678,32.45514561617358,4669300
2024-09-11,31.645118713378906,31.960128477631752,31.415609637509583,31.960128477631752,6414500
2024-09-12,31.681119918823242,31.69912096675246,31.271603803468363,31.56411482395773,4608800
2024-09-13,32.03213119506836,32.050132242674444,31.699120397727686,31.77112115480326,5126800
2024-09-16,32.06813430786133,32.33814316382296,31.915127115028778,32.21213925993079,5390300
2024-09-17,31.5371150970459,32.259838462593315,31.510111808367792,32.02313309306568,7139600
2024-09-18,31.627117156982422,32.08613530134881,31.384108157026493,31.4021092051731,5392600
2024-09-19,31.492111206054688,31.726117941188686,31.375106121813428,31.60011405047434,7115400
2024-09-20,31.465112686157227,31.834125607723895,31.294107870477223,31.56411673910056,36463900
2024-09-23,31.213096618652344,31.55510959298619,31.069091697882534,31.411104672216382,7264400
2024-09-24,31.231103897094727,31.397607581420893,31.09609775483405,31.195101801378705,5001500
2024-09-25,31.0690975189209,31.366106221565726,30.98809452122708,31.276104416727602,6158300
2024-09-26,31.321104049682617,31.348107336718616,31.0510952127631,31.10509835348646,6024600
2024-09-27,31.834123611450195,32.16713784744019,31.438110857859314,31.45611190575192,8654200
2024-09-30,31.600114822387695,31.955627770358067,31.415606668371375,31.834121563237904,4977700
2024-10-01,31.654111862182617,31.75311589420589,31.375104244678827,31.636114250313216,6149800
2024-10-02,30.934091567993164,31.511913870645124,30.76758788468681,31.51011136252619,8097000
2024-10-03,30.75408935546875,30.799093698582926,30.52098210220839,30.66408753593908,6316400
2024-10-04,31.132099151611328,31.177100053571642,30.653280902714755,30.754084021777455,4808400
2024-10-07,31.132099151611328,31.217603268680048,30.949393498310183,31.16810124651908,5087500
2024-10-08,31.19510269165039,31.276105692648763,30.754085589915057,31.096098642280282,4695800
2024-10-09,31.2041015625,31.44711056598837,31.033096752644738,31.213103803378598,4149000
2024-10-10,31.348112106323242,31.496614757546993,31.190603780252435,31.267109099587945,4226000
2024-10-11,31.69911766052246,31.771118411380805,31.39400628164076,31.49211078095058,5008400
2024-10-14,31.825122833251953,31.843123880029758,31.4831098111709,31.699118939155937,3823300
2024-10-15,32.149139404296875,32.635154003379256,31.888129338730064,31.90613038808113,5578800
2024-10-16,32.230140686035156,32.30214144623972,32.0051327312039,32.13113663657357,5026100
2024-10-17,32.356143951416016,32.36514275875775,32.14013480837704,32.29314199997732,5701300
2024-10-18,32.401145935058594,32.50014998586266,32.023134213823745,32.04113182910724,5503700
2024-10-21,31.942129135131836,32.680154914339845,31.75311985345272,32.41914487616052,8775500
2024-10-22,32.0771369934082,32.40114903307484,31.789127054448816,31.870130064365476,7665500
2024-10-23,31.951133728027344,32.03213673960139,31.595620701305116,31.834128615009423,5858100
2024-10-24,31.528114318847656,32.14913848701855,31.501114462265967,31.879126187805635,7983200
2024-10-25,31.267107009887695,31.582116774277686,31.14109967078277,31.42011077163457,7532900
2024-10-28,31.61811637878418,31.654115039484683,31.375107393975323,31.402107247837865,7061400
2024-10-29,31.321104049682617,31.55961191285067,31.294104195995256,31.43810913790891,7665100
2024-10-30,30.358070373535156,30.511077555660954,29.728047464811592,30.502075315527804,14145600
2024-10-31,30.115062713623047,30.619081749421525,30.10606390644307,30.151064809040534,10352700
2024-11-01,30.142065048217773,30.2590667045997,29.98905786420872,30.160062662008315,5676500
2024-11-04,30.04306411743164,30.331074034793374,29.930560136170055,30.151066978105032,7130700
2024-11-05,30.160062789916992,30.245566905853753,29.719049149856087,30.061062180254428,7837500
2024-11-06,30.079057693481445,30.673081910063964,30.034056795259623,30.3490699495093,11607400
2024-11-07,29.539043426513672,30.14206651836914,29.512043571162287,30.034060230265897,8671100
2024-11-08,29.701053619384766,29.78205663022615,29.314039615736956,29.530048789097098,7751500
2024-11-11,29.278032302856445,29.817153886087915,29.260031255501676,29.656047430609146,8029800
2024-11-12,28.8010196685791,29.30503874878491,28.74701823736939,29.278035458168233,10450200
2024-11-13,28.918020248413086,28.936021294891773,28.612009324972526,28.738013216974775,7686100
2024-11-14,28.612010955810547,29.143029840479066,28.57150945726212,28.936022944197948,11067300
2024-11-15,28.026988983154297,28.648011389880224,27.3609656742534,28.648011389880224,17403500
2024-11-18,27.963985443115234,28.26099584393228,27.842480954143586,28.094490455344886,10885500
2024-11-19,27.522974014282227,27.828984981838644,27.41496943651398,27.648977924449742,14515400
2024-11-20,27.79298210144043,27.90908766302638,27.509473311543047,27.522973239631167,11972200
2024-11-21,27.98198890686035,28.035990334399024,27.630977052847335,27.720978859853645,14034400
2024-11-22,28.6300106048584,28.652511056152196,27.94598624214572,28.044990287847703,12404100
2024-11-25,28.81901741027832,29.237532316637832,28.720013367194547,28.80101636304957,17343700
2024-11-26,28.774015426635742,28.895519923097297,28.63451159922293,28.76501490282292,8526900
2024-11-27,28.73801612854004,29.116027842844694,28.703814823435174,28.927021985692367,6704000
2024-11-29,29.139053344726562,29.28032870830613,28.792703139710948,28.892963187312755,5883800
2024-12-02,28.810932159423828,29.0479093442106,28.628641482371624,28.929419882590846,13137000
2024-12-03,28.665098190307617,28.920303033137674,28.528379323417106,28.76535649065402,13276000
2024-12-04,28.254945755004883,28.546609433033154,28.19114454274278,28.48280822077105,9816800
2024-12-05,28.172916412353516,28.29140587348607,27.917709813220327,28.182031120013924,10090200
2024-12-06,28.081769943237305,28.291404734078366,27.958724002456464,28.209374106891136,11873000
2024-12-09,28.911190032958984,29.448947348340784,28.02708426097605,28.127344305694162,13818500
2024-12-10,28.79270362854004,29.084367330021287,28.537497020517552,28.783588920562153,12112200
2024-12-11,28.519268035888672,28.9932206598466,28.491923913208275,28.783587601321678,9497600
2024-12-12,28.756244659423828,28.911191217403044,28.382550326377388,28.665101056985403,9055600
2024-12-13,28.883848190307617,29.152725983813685,28.564840373502545,28.728901635771024,7352700
2024-12-16,28.227603912353516,28.838275439450285,28.19114681888278,28.783588930017782,12778800
2024-12-17,28.48280906677246,28.665099740180885,28.045313536735485,28.08177062834555,11668000
2024-12-18,27.616931915283203,28.072656875855223,27.42552826630028,28.027085075179123,19036400
2024-12-19,27.434640884399414,27.771876356001567,27.389067348741943,27.516671510130237,13772400
2024-12-20,27.817453384399414,27.954170531632684,27.352613693044017,27.370843109595878,20432000
2024-12-23,27.76276206970215,27.85390740394606,27.566801947988825,27.717190271806523,7712900
2024-12-24,27.92682456970215,27.958725177342977,27.57591614720033,27.689847385475492,4005700
2024-12-26,27.84479331970215,28.008854577321518,27.74453501439796,27.817450935734048,6380000
2024-12-27,27.96328353881836,28.099089728498395,27.680734553264188,27.74453576886164,6861700
2024-12-30,27.671619415283203,27.926824273704888,27.480214033014224,27.908596596998134,7009800
2024-12-31,27.990625381469727,28.0270842116495,27.698961693842392,27.726305816477222,6199500
2025-01-02,28.045312881469727,28.28684654040777,27.899481041531363,28.207550499171944,6056800
2025-01-03,27.89948272705078,28.159245816287612,27.808337386969683,28.13645991588053,7847900
2025-01-06,27.389066696166992,28.15012820821367,27.375395505021796,27.899479852653748,10835000
2025-01-07,27.13386344909668,27.6442748970913,27.079175204400595,27.311595898227228,8225300
2025-01-08,27.03360366821289,27.188550219451578,26.64167993634723,27.1703208043758,7934600
2025-01-10,25.985435485839844,26.828525903451904,25.976320778706683,26.823969419111638,14245400
2025-01-13,26.231529235839844,26.45027700729498,25.95809321768136,26.113039773102006,14996000
2025-01-14,26.167724609375,26.33543139728698,26.003665095105738,26.240642266987084,10439400
2025-01-15,26.185955047607422,26.43204693631208,25.903406067123946,26.26798567717564,9317000
2025-01-16,26.40470314025879,26.459391386282558,25.857834587642962,26.003666433467547,7491400
2025-01-17,26.678138732910156,26.85131296055388,26.47761864423449,26.573322204035467,8067200
2025-01-21,26.869543075561523,27.179436185721485,26.7419406437731,26.769284767064654,8598200
2025-01-22,26.495849609375,26.839466975567323,26.450277807529552,26.732826803567495,8637700
2025-01-23,26.495849609375,26.623452045304496,26.400147782427876,26.50496431743465,5972800
2025-01-24,26.7145938873291,26.814853924396484,26.450274342041336,26.586991468117944,9830100
2025-01-27,27.525787353515625,27.92682405314025,27.070062408844525,27.070062408844525,10534300
2025-01-28,26.969804763793945,27.58047631351323,26.79662878264741,27.37539972247824,8273000
2025-01-29,27.03360366821289,27.202221411532054,26.951573038824602,27.038161891208187,5710100
2025-01-30,27.589590072631836,27.63516187420381,27.02449034549424,27.25235283025971,9714200
2025-01-31,27.19766616821289,27.534901670241684,27.124750243034818,27.343498018569036,7489800
2025-02-03,26.687255859375,27.124751429581266,26.417465359806897,26.978919572845843,9096000
2025-02-04,26.158613204956055,26.56876462283593,25.994551942423005,26.532307530302333,11292700
2025-02-05,26.076581954956055,26.17684026088412,25.803145944404694,26.1039243390943,17803700
2025-02-06,26.441162109375,26.5049633249507,26.158613123917164,26.336345578293106,8689300
2025-02-07,26.705482482910156,26.737383091657833,26.304445761952888,26.55965063193428,7770000
2025-02-10,26.395586013793945,26.591547864623397,26.163167074075506,26.559647259925818,9991700
2025-02-11,26.9606876373291,27.029047074360452,26.231528421773948,26.400146164411197,9280500
2025-02-12,26.085697174072266,26.26798611289547,24.837010033173335,25.09221663366911,19137900
2025-02-13,26.659908294677734,26.723709506461294,25.59351189335252,25.807703165871015,14620700
2025-02-14,26.359128952026367,26.96980040300524,26.286213035720795,26.628006719363018,9271900
2025-02-18,26.723711013793945,26.833085767629708,26.08569712151898,26.11303950613837,11786200
2025-02-19,27.15209197998047,27.279694403211487,26.632564102998547,26.751053557529602,9573300
2025-02-20,27.489328384399414,27.566802528596916,27.165764092548688,27.179435284514785,8641100
2025-02-21,28.37343406677246,28.52382413178642,27.55312952051753,27.63516014898829,14717900
2025-02-24,28.583070755004883,29.0980387208656,28.22760409525835,28.391665363071702,12637600
2025-02-25,28.920303344726562,29.07069340454539,28.546609045025537,28.71067029629967,10326600
2025-02-26,27.90859603881836,28.779030603067767,27.840236602563923,28.719785874210768,10462700
2025-02-27,27.93593978881836,28.18203168522671,27.553130751667403,27.83568147944859,10348300
2025-02-28,27.990625381469727,28.309633191731887,27.876694144837007,28.145571932828336,12186600
2025-03-03,28.54660987854004,28.610411091797843,27.93593839121828,27.981511928154337,8911000
2025-03-04,28.236719131469727,29.0934825742009,28.209376745484924,28.883849502204246,13271600
2025-03-05,28.245830535888672,28.728899580401723,28.036197488411407,28.099998699517304,9295400
2025-03-06,28.510154724121094,28.774474302494585,28.09088684809214,28.291406947326646,9692800
2025-03-07,29.71038246154785,30.181241536868054,28.454753564770478,28.574777847476657,15742600
2025-03-10,29.747316360473633,30.790593347139033,29.691919719699957,29.959664867191627,14768900
2025-03-11,28.71327018737793,29.775014539700052,28.630176982668484,29.654990239132374,14230100
2025-03-12,27.97466468811035,28.639410339310373,27.730002336472346,28.311654781272367,13434500
2025-03-13,27.873104095458984,28.470450242121203,27.808476445708372,28.012514916925102,10891600
2025-03-14,27.910036087036133,28.18239675192926,27.7807807752128,27.817710109603087,9850500
2025-03-17,28.307035446166992,28.436290752916598,27.90080221799062,27.9192677649467,9934900
2025-03-18,28.057754516601562,28.51938260281598,28.039290731491246,28.436289406419675,7070300
2025-03-19,27.596126556396484,28.0669874178018,27.44840570901106,27.859254425862485,14547100
2025-03-20,27.429941177368164,27.836174403188718,27.41147739149064,27.64690695041519,13811600
2025-03-21,27.25452423095703,27.633059142972698,27.129884429053604,27.32838465864371,25261700
2025-03-24,26.885223388671875,27.208361674772544,26.719036978122055,26.996013155057366,13803900
2025-03-25,26.866756439208984,26.99139624061996,26.709802810873473,26.88522198630057,9391200
2025-03-26,27.41147804260254,27.540733351672802,26.912918831666072,26.931384378953684,8242600
2025-03-27,27.762313842773438,27.817708722081598,27.48533768526117,27.568430884709144,8163800
2025-03-28,27.919267654418945,28.07160577474631,27.748465748180074,27.919267654418945,8253600
2025-03-31,28.09468650817871,28.40859375773155,27.96081393625764,28.03929162913158,8892100
2025-04-01,28.011594772338867,28.334734812107712,27.80847903124177,28.18701395295136,8155500
2025-04-02,27.817707061767578,28.205474715723522,27.73923113417918,28.05775387240424,8376200
2025-04-03,28.44552230834961,28.7317329909988,28.066987416816325,28.113151282229776,11922600
2025-04-04,27.402246475219727,28.75943256311606,27.37454815306901,28.0577575840423,16750600
2025-04-07,26.34050178527832,27.448408242946844,26.257408580831736,26.709803937834497,19681100
2025-04-08,25.564966201782227,26.691338199274373,25.352615924729385,26.580548434784816,18099600
2025-04-09,26.866756439208984,27.019092800285847,25.167964848155766,25.48187210482678,18620800
2025-04-10,26.626710891723633,27.005245820466115,26.105070607589596,26.79289730160503,11696600
2025-04-11,27.079105377197266,27.286838382842582,26.548232336211633,26.885222412575988,9710500
2025-04-14,27.51303482055664,27.596128021744597,27.08833780201508,27.18066377677631,8231100
2025-04-15,27.16219711303711,27.702301137584556,27.12065051415104,27.60535966050754,7747100
2025-04-16,26.59901237487793,27.37454777466152,26.46975706190452,27.328385666020036,8217900
2025-04-17,27.199127197265625,27.300685944234694,26.626709331190717,26.755964637535733,7779500
2025-04-21,27.642292022705078,27.67922135620448,27.137270047741577,27.29145366911746,6921200
2025-04-22,27.88233757019043,28.085453297514768,27.540732005947547,27.651523523288095,8982500
2025-04-23,27.780778884887695,28.080837850884883,27.476104412770113,27.81770821676515,7552400
2025-04-24,27.365314483642578,27.808478818695978,27.18989706534238,27.799246044947832,8345500
2025-04-25,27.226825714111328,27.457639769091216,27.042175526710306,27.369931062148595,8152700
2025-04-28,26.59901237487793,27.19912859207506,26.506686396623394,27.134500935588353,19240300
2025-04-29,26.65440559387207,26.852904044304747,26.331265591983808,26.677486645227372,12555100
2025-04-30,26.866756439208984,27.04217561463608,26.53438363544638,26.86213917195034,8557800
2025-05-01,26.312801361083984,26.719034576923598,26.211242616881226,26.67748797801987,9696200
2025-05-02,26.44205665588379,26.585161998946845,26.24817370170619,26.414360097270663,8674700
2025-05-05,26.395896911621094,26.455909062269154,26.183548392062217,26.405129685641686,7861100
2025-05-06,26.220476150512695,26.52515063098557,26.169696776938636,26.368197004016423,6381500
2025-05-07,26.06352424621582,26.28510554111686,25.897337834797142,26.266641753937137,8767300
2025-05-08,26.303571701049805,26.39128041535115,26.03767378878985,26.091223175285517,8218100
2025-05-09,25.915802001953125,26.18354715296492,25.878872668589963,26.146616058630258,6662400
2025-05-12,25.989662170410156,26.285103878254485,25.666522142091114,25.96196561090693,16321600
2025-05-13,25.472639083862305,26.026593164428864,25.30737543264936,25.989662070604403,14980300
2025-05-14,25.084871292114258,25.44494065044562,25.057172971868972,25.440325144223806,12003800
2025-05-15,25.380313873291016,25.398779420758384,25.07563938396558,25.23259301549514,9242900
2025-05-16,25.611125946044922,25.648057038113443,25.237206563222422,25.36184635749659,8897100
2025-05-19,25.74038314819336,25.758848695591965,25.43570866000249,25.66652271957047,9664300
2025-05-20,25.758848190307617,25.95734841852003,25.68498776313357,25.740382643271232,9569800
2025-05-21,24.58631134033203,25.952731827391148,24.577080328171196,25.952731827391148,21072900
2025-05-22,24.466291427612305,24.595546743341608,24.17084969967584,24.595546743341608,16284400
2025-05-23,24.281635284423828,24.484752758119935,24.013891924967094,24.45705444053284,10300100
2025-05-27,24.770963668823242,24.775579174975917,24.3554976762249,24.44782364802136,11200900
2025-05-28,24.503219604492188,24.817125082293636,24.42474191431328,24.76634747214422,9098200
2025-05-29,24.946382522583008,24.95561529574264,24.503219976749236,24.512450988937445,12539100
2025-05-30,25.049467086791992,25.199407639739196,24.843299273347686,24.899526533844792,17519500
2025-06-02,24.955753326416016,25.0588381249215,24.67461524176951,24.97449634204108,10484200
2025-06-03,25.105695724487305,25.22752175147909,24.571530502479877,24.833927359566033,13357100
2025-06-04,25.02135467529297,25.283749752642954,25.002611659072997,25.171295230187933,14246900
2025-06-05,24.946382522583008,25.058837036584627,24.749584441931763,24.98386676477279,11698200
2025-06-06,25.049467086791992,25.218150655715693,24.902338164984503,25.040095578803744,6556200
2025-06-09,24.815181732177734,25.07289191450699,24.602454067749825,25.026036167695185,12632800
2025-06-10,24.918270111083984,25.124437929172046,24.70273078479659,24.833928324722407,10787200
2025-06-11,24.758956909179688,24.969811365397366,24.65118725098673,24.862041707204405,10180000
2025-06-12,24.79644012451172,24.805811631891906,24.52467356021539,24.74021286766287,7437400
2025-06-13,24.44033432006836,25.115066834642036,24.40285007408605,24.75895845436404,12764200
2025-06-16,24.16856575012207,24.56215834417949,23.924911915158685,24.47781835076169,13461200
2025-06-17,24.131078720092773,24.463759182201578,24.074851464332806,24.19667748305144,13994300
2025-06-18,24.065481185913086,24.33724775882281,23.976452756695778,24.084224201267503,12394900
2025-06-20,24.177934646606445,24.473130869525363,24.009252878085025,24.163878279421056,24954300
2025-06-23,24.29039192199707,24.44033246943767,24.00925384240403,24.19667863298862,15043900
2025-06-24,24.393478393554688,24.459077164135053,24.16856755695096,24.313821466826788,13082700
2025-06-25,24.112337112426758,24.398161842649518,24.070166221288442,24.365362459256644,17547400
2025-06-26,24.16856575012207,24.552788624024863,24.07953732176234,24.215421500624437,16071000
2025-06-27,23.999881744384766,24.290391324475614,23.84056969321902,24.224792560013064,34119300
2025-06-30,24.196678161621094,24.243535698928664,23.896797072581784,24.013938234702284,18624300
2025-07-01,24.93701171875,25.175978908319866,24.206050207387033,24.229478082845674,23442300
2025-07-02,25.358720779418945,25.414949829740383,24.838613682256636,24.983869381104995,17011600
2025-07-03,24.983867645263672,25.443060799723277,24.904212510657977,25.386833540740884,9176900
2025-07-07,24.44033432006836,24.993240800908957,24.346621023963902,24.927642029865574,13326600
2025-07-08,24.768327713012695,24.965124008267857,24.309134569985027,24.42158908515018,12625400
2025-07-09,24.787071228027344,24.89952574546095,24.412218070095783,24.796440948286538,13838800
2025-07-10,24.805810928344727,25.06820776525099,24.2247917867103,24.496558343298734,15835900
2025-07-11,25.433691024780273,25.83665694771148,24.30913683135506,24.62776096635032,52440900
2025-07-14,26.052194595336914,26.0896806264128,25.43368938204357,25.54614568783888,37271800
2025-07-15,25.414947509765625,26.18339325302064,25.37746147963987,26.024081199850773,20365000
2025-07-16,25.846027374267578,25.883513406195622,25.386834207743338,25.518031744626725,19950500
2025-07-17,26.361446380615234,26.380189395569182,25.891008502324226,25.958482283699066,17564500
2025-07-18,26.070938110351562,26.441104630872164,25.949112081885637,26.422361614975134,18389300
2025-07-21,25.75231170654297,26.258362366300258,25.714827465504772,26.202133323594637,17895800
2025-07-22,26.970582962036133,26.99775908363264,25.771056767213803,25.79917129079914,18294800
2025-07-23,27.120521545410156,27.31731783393319,26.942466483818677,27.08303551668259,12814400
2025-07-24,26.970582962036133,27.298576800036603,26.90966905465075,27.167379264836416,7411000
2025-07-25,26.876869201660156,26.998695226871845,26.57886133412794,26.942467968115093,8521600
2025-07-28,26.47390365600586,26.773784756562588,26.286477074441724,26.764413248741146,10067000
2025-07-29,26.764413833618164,26.820642881775576,26.445789710455728,26.473904234534434,14007100
2025-07-30,26.698814392089844,27.354805637937027,26.389561784746423,26.97526761588414,17783400
2025-07-31,25.733570098876953,26.29116318454239,25.696085855789907,26.29116318454239,17627100
2025-08-01,25.68671417236328,26.070937045395574,25.3587185572929,25.95848252947175,16940500
2025-08-04,25.11506462097168,25.53677352255561,24.94169620029042,25.50865899997258,14299500
2025-08-05,25.33997917175293,25.578946376037663,25.115066548690034,25.115066548690034,10630300
2025-08-06,25.546144485473633,25.67359376775484,25.161921622191525,25.354033053832577,9055100
2025-08-07,25.9116268157959,26.014711618843393,25.461805145568995,25.63048871876219,9892200
2025-08-08,26.01470947265625,26.141222142113982,25.79917016355002,25.88351194318851,9266500
2025-08-11,25.705455780029297,26.267733691158615,25.382145042728034,26.070935617918863,13917700
2025-08-12,25.63048553466797,26.005336879955664,25.49928622324312,25.733568537476955,13477600
2025-08-13,26.258363723754883,26.26773523135696,25.583629475864043,25.639858521476487,12530300
2025-08-14,25.9116268157959,26.127166142683905,25.785114135901,26.108424913665438,15035300
2025-08-15,25.930368423461914,26.0587543255673,25.72888547614234,26.005338697759967,8136200
2025-08-18,25.555517196655273,25.88351281885333,25.456180644245983,25.874141311083974,7899700
2025-08-19,25.930368423461914,26.014710205476263,25.607059450695132,25.663286709560587,8281900
2025-08-20,25.69608497619629,26.2677344100224,25.57425895604318,26.061564824087863,8522400
2025-08-21,25.771055221557617,25.82728247792362,25.41494688132992,25.597686805093623,6098300
2025-08-22,26.295846939086914,26.333332968030252,25.883511345303635,25.902252572343063,10700000
2025-08-25,25.949113845825195,26.24899497083311,25.91162781148296,26.23962346224755,9780200
2025-08-26,25.958484649658203,25.995968895550277,25.602374482805043,25.86477135377935,17469900
2025-08-27,26.13653564453125,26.174021674555416,25.799170311475226,25.874140584091265,9144900
2025-08-28,25.90225601196289,26.192767412554716,25.65860215377256,26.15528137863352,11454100
2025-08-29,26.596405029296875,26.701003558370957,25.854711644748527,25.91747039945706,23601300
2025-09-02,24.742168426513672,26.53935068639088,24.571007865824512,26.43475216292984,43401000
2025-09-03,25.607479095458984,25.674041134136537,24.827749247499856,24.96087332485497,19076300
2025-09-04,25.636003494262695,25.90700891818815,25.41254549070512,25.626496186604456,13238800
2025-09-05,25.949800491333008,26.158995731283735,25.59797023711453,25.62174213493264,14754300
2025-09-08,25.578950881958008,25.816673477168916,25.22712245670636,25.807164355718943,17984200
2025-09-09,25.360246658325195,25.674040413048612,25.350737536826973,25.47435430262438,8218900
2025-09-10,25.341228485107422,25.41729964362319,25.038846400821036,25.30319381268928,13538200
2025-09-11,25.217613220214844,25.616987250894425,25.198594977401658,25.388773778174585,10763400
2025-09-12,24.846763610839844,25.265155865317517,24.765938803076324,25.265155865317517,17152300
2025-09-15,24.371320724487305,25.0749812329972,24.361813416302713,24.941855340578805,23134600
2025-09-16,24.656587600708008,24.770693429523504,24.35230297229409,24.371319401310377,18271400
2025-09-17,24.46640968322754,24.960873129067387,24.409356766762794,24.647079367992006,13239200
2025-09-18,24.79922103881836,24.932345111646114,24.399847006655634,24.466409043069508,21000700
2025-09-19,25.122526168823242,25.25565025360392,24.88480355246938,24.94661194055168,33012500
2025-09-22,25.084487915039062,25.217613804134455,24.970382082876725,25.084487915039062,14522400
2025-09-23,25.255647659301758,25.379264422768237,25.132032709514718,25.151050952152552,14222000
2025-09-24,25.426807403564453,25.531405921052276,25.132031906810766,25.179575698207383,13109500
2025-09-25,24.54248046875,25.569442017849727,24.50444579624678,25.569442017849727,13950900
2025-09-26,24.770694732666016,24.865784137467713,24.551990371197796,24.56149949304592,15286100
2025-09-29,24.437883377075195,24.788761432331878,24.10697211896896,24.78495814650896,19230300
2025-09-30,24.761186599731445,24.846765066154955,24.24390163323682,24.44739103023414,23559700
2025-10-01,24.989398956298828,25.070223765176657,24.651831504930723,24.746920902306535,12862300
2025-10-02,24.789710998535156,25.022679931028097,24.58051577560553,24.91332775901856,10210700
2025-10-03,24.780202865600586,24.951363424677158,24.696525135827816,24.789711987069225,8737500
2025-10-06,24.029001235961914,24.685114316834785,24.000473870571103,24.637570521529632,12580300
2025-10-07,24.171634674072266,24.226786855566907,23.743733257385408,24.048019716851368,17810200
2025-10-08,23.848329544067383,24.123136430279477,23.72471459845952,24.057524764972758,11753500
2025-10-09,23.8102970123291,23.87685905161016,23.629627324509414,23.819804320501074,11100600
2025-10-10,23.914894104003906,24.048019998353475,23.753242657327664,23.85784118567099,9752700
2025-10-13,23.87685775756836,23.933910671905835,23.582080437185937,23.8483303935599,11558800
2025-10-14,24.19065284729004,24.219178399199585,23.810297041166518,23.82455981712129,11240000
2025-10-15,23.952930450439453,24.23344319996439,23.757997984747856,24.114581896160256,12688300
2025-10-16,23.895875930786133,24.190653272685157,23.810297459873038,24.005229927294224,13798400
2025-10-17,24.266725540161133,24.295251093871133,23.91965073181208,23.990966429766736,15967100
2025-10-20,24.447389602661133,24.609041031896314,24.276230866129215,24.323774657330407,10077600
2025-10-21,24.32377815246582,24.5900281370169,24.28574347677546,24.542482525304404,12593600
2025-10-22,24.380828857421875,24.675606182214846,24.17638727983427,24.2857412699965,8860300
2025-10-23,24.162124633789062,24.390338109454568,24.0052286627538,24.361812558546056,11379600
2025-10-24,24.00998306274414,24.342795071894322,23.9719465754449,24.304758584595085,8618800
2025-10-27,24.33328628540039,24.37132095954424,24.019492515575514,24.019492515575514,12261300
2025-10-28,24.266725540161133,24.409358749750112,24.062283941401056,24.238198172771472,16389600
2025-10-29,23.182706832885742,23.98145490291693,22.921212339243507,23.781768792248872,44944200
2025-10-30,23.372886657714844,23.558310001065625,22.916459687362227,23.125654928687286,30901900
2025-10-31,23.515520095825195,23.753242705318808,23.022008814573212,23.163691649435208,30484300
2025-11-03,23.135162353515625,23.477483463008642,22.721525555331176,23.467974341780568,20122500
2025-11-04,22.983020782470703,23.19697148280415,22.85940582987776,23.154181342737463,19216100
2025-11-05,22.954492568969727,23.14467136527287,22.79759660364714,22.94498344778663,19613700
2025-11-06,22.55512046813965,23.220744498196005,22.53610403783371,22.935478093131607,29327100
2025-11-07,23.08761978149414,23.106636211276097,22.588400865867698,22.726280410444136,18904800
2025-11-10,23.182706832885742,23.230252440434906,22.90219409622384,23.106635674486554,23012800
2025-11-11,23.458467483520508,23.482239382044188,23.163691951731757,23.258779545826474,15282100
2025-11-12,23.534536361694336,23.57257284658239,23.16368970243293,23.482237101812974,12984700
2025-11-13,23.734222412109375,23.97194500107848,23.49649982314027,23.51551806554086,17991000
2025-11-14,23.629627227783203,23.924402749255332,23.391904623507074,23.805541447117267,19863400
2025-11-17,23.28730583190918,23.71520724020246,23.258778466796457,23.677170753385493,14016300
2025-11-18,23.743732452392578,23.857840097533625,23.173199667725825,23.32534198546089,15670600
2025-11-19,23.68667984008789,23.767506467614748,23.544046642094074,23.691435307772743,9803400
2025-11-20,23.75324249267578,23.981455978105096,23.639136656800904,23.715207818610676,14973300
2025-11-21,24.048019409179688,24.28098654464451,23.64864536327475,23.838822357618344,11876300
2025-11-24,23.990962982177734,24.057525016175404,23.762749516894544,24.038508587661354,22402800
2025-11-25,24.19065284729004,24.35230429160248,24.0290014029776,24.067036076750178,12690400
2025-11-26,24.34279441833496,24.499690390033106,24.086053576996736,24.105071820135752,9517900
2025-11-28,24.642250061035156,24.69054852012776,24.27517513904616,24.323475440606877,6295200
2025-12-01,24.50701332092285,24.613270301238288,24.236537154959258,24.535991659886996,12954800
2025-12-02,24.1109561920166,24.516669485750917,23.792181592830207,24.516669485750917,14911800
2025-12-03,24.178577423095703,24.42007339552686,24.014360088143796,24.101298785616457,13351600
2025-12-04,23.753543853759766,24.28483425294576,23.705245396549415,24.15925715871803,11029900
2025-12-05,23.512048721313477,23.923558445402975,23.483068540472885,23.695586181701014,9376300
2025-12-08,23.676265716552734,23.821162933710628,23.42510968032728,23.42510968032728,11198500
2025-12-09,23.40578842163086,23.821161775090367,23.25123115185076,23.724563020860806,10096300
2025-12-10,23.52170753479004,23.584497002049016,23.367150263435633,23.47340723594928,11200600
2025-12-11,23.560346603393555,23.76320417937471,23.415449387674478,23.550686543349876,13562200
2025-12-12,23.61830711364746,23.908101546926,23.550686692912265,23.627965331284415,11339600
2025-12-15,23.66660499572754,23.79218208910057,23.57483719066525,23.65694493585761,13604300
2025-12-16,23.840482711791992,24.072318624410546,23.618306859174385,23.89361212056317,18730900
2025-12-17,23.908100128173828,24.10129763387353,23.801841315792196,23.84048155391932,14094300
2025-12-18,23.908100128173828,24.13027597000091,23.763202920133036,23.82116143485576,13212400
2025-12-19,23.676265716552734,23.91776169263858,23.623136307018957,23.782524535620293,22737700
2025-12-22,23.328510284423828,23.647284890454415,23.280211827512662,23.54102791675624,13465700
2025-12-23,22.89381980895996,23.34589884234188,22.79722104775759,23.34589884234188,13899700
2025-12-24,23.202932357788086,23.231910693907004,22.835857465559467,22.835857465559467,5694800
2025-12-26,23.30919075012207,23.343001881770746,23.13531519539387,23.173953593399666,9076700
2025-12-29,23.42510986328125,23.627965600393022,23.285041753865162,23.328511103598842,15485700
2025-12-30,23.598987579345703,23.705246400671093,23.347831537783577,23.371980767411678,10109500
2025-12-31,23.42510986328125,23.627965600393022,23.410620694192723,23.598987262215964,9930700
2026-01-02,23.560346603393555,23.719734830412182,23.24157199182436,23.46374968789288,12839500
2026-01-05,22.96143913269043,23.531369815527256,22.922798889970828,23.483069512127756,18653000
2026-01-06,22.710281372070312,23.019395920674476,22.661981072308382,23.019395920674476,16590800
2026-01-07,22.2272891998291,22.86483841036142,22.207969080123753,22.806879893713393,19272100
2026-01-08,22.63300323486328,22.777900452413636,22.13069116105184,22.2079697999099,15058900
2026-01-09,22.623342514038086,22.83585830407473,22.38667565305825,22.652322693689094,12199600
2026-01-12,22.594362258911133,22.845518287643475,22.570213030516644,22.661980835402915,12955400
2026-01-13,22.710281372070312,22.840689417725454,22.575044217673,22.594362495109728,8219500
2026-01-14,23.492727279663086,23.64728455051866,22.6909607461743,22.700620805911274,16922600
2026-01-15,23.415449142456055,23.487898670790894,23.193273291182336,23.410620033718818,11696200
2026-01-16,22.729602813720703,23.08701584040262,22.700622632178323,23.029057319786016,14774000
2026-01-20,22.951778411865234,23.120824862730867,22.40599697519198,22.613683667665835,17947000
2026-01-21,21.638038635253906,22.024431820398647,21.237156281437503,21.473821301258887,40776200
2026-01-22,21.947153091430664,22.005113450810605,21.493141331096005,21.53178157068263,18640500
2026-01-23,22.410825729370117,22.449464124721928,21.89885363306601,21.908513692520952,14248200
2026-01-26,22.77790069580078,22.922797914899398,22.41082761791975,22.41082761791975,14882800
2026-01-27,22.89381980895996,23.096675549263626,22.661982045087022,22.729602467656367,19464400
2026-01-28,22.401166915893555,23.043545244399287,22.207969400984794,22.87449880070516,14190500
2026-01-29,22.35286521911621,22.67163980906801,22.198307953834608,22.457191281057895,18069900
2026-01-30,22.932458877563477,22.951778998861702,22.265929432520103,22.41082849978862,21990800
2026-02-02,22.70062255859375,22.980758785190893,22.468786634410673,22.932458482776827,11862000
2026-02-03,23.058034896850586,23.260890617329594,22.47844422874666,22.517082623970683,17525500
2026-02-04,23.64728546142578,23.88878143674868,23.077354812266297,23.135315172920805,17932000
2026-02-05,23.613475799560547,23.98537981678381,23.338170539435335,23.825993433669865,13121600
2026-02-06,23.801843643188477,23.90327335695622,23.57000771916019,23.57000771916019,11515100
2026-02-09,23.743885040283203,23.84917656691381,23.52653828649072,23.739055931295876,13291300
2026-02-10,24.052997589111328,24.318642780390476,23.550685542985093,23.7438830507161,22418900
2026-02-11,24.139936447143555,24.34279401588439,22.768239291856183,22.990415137526817,37706800
2026-02-12,23.492727279663086,23.922589804384398,23.357490128281462,23.637624490781686,18694800
2026-02-13,23.95639991760254,24.07714790477285,23.46374975131957,23.51591186473477,13890000
2026-02-17,22.971097946166992,24.033678768709194,22.64749237959897,23.89361250262592,20757700
2026-02-18,23.13531494140625,23.318850554238004,22.642662935581328,22.985586774915873,15717100
2026-02-19,23.173952102661133,23.420279013666118,22.971096380626868,23.14497192416997,11356700
2026-02-20,23.57000732421875,23.608647565476744,23.101506375008316,23.270552824341756,13444800
2026-02-23,23.705245971679688,23.84048312912418,23.386469513472374,23.473408212534714,11359400
2026-02-24,23.93708038330078,24.16891628540087,23.5410271535713,23.772863055671387,13878400
2026-02-25,23.71973419189453,23.990208495964357,23.275380654187224,23.89844069172181,13396700
2026-02-26,23.734224319458008,23.927421838002044,23.458919053137016,23.850143199078047,12166500
2026-02-27,23.772865295410156,24.159258501980656,23.703313965487027,23.792183573887574,16535300
2026-03-02,23.676265716552734,23.782524535620293,23.30919080112012,23.772864475480688,16074400
2026-03-03,23.396129608154297,23.714904224363753,23.183613811504024,23.512048487897776,15479600
2026-03-04,23.222253799438477,23.483068051702865,22.975926873590687,23.483068051702865,16654000
2026-03-05,23.40578842163086,23.661775396709388,23.082184713800025,23.222252815309485,19170900
2026-03-06,24.103151321411133,24.122793867005235,23.06201959573255,23.425433853449583,18538300
2026-03-09,24.00493049621582,24.240657897971435,23.74955867596519,23.95581944997828,20151300
2026-03-10,23.238815307617188,23.98037619063227,23.219170888892112,23.97546414925356,11210400
2026-03-11,22.728071212768555,23.332123026186615,22.570919612857914,23.179883467557783,23326200
2026-03-12,21.932491302490234,22.821381573713577,21.87355992007055,22.64949572101344,19940000
2026-03-13,22.178041458129883,22.305726435399386,21.88829283349283,22.099465655180595,18982400
2026-03-16,22.305727005004883,22.551276629666205,22.079821799931256,22.266440039224452,14454300
2026-03-17,22.48252296447754,22.639674573899704,22.34501577458188,22.43341378905622,14081400
2026-03-18,21.68694305419922,22.708430405163433,21.603457079969733,22.199650047628378,26530400
2026-03-19,21.372638702392578,21.93249152453467,21.32843969678163,21.686941909672708,15245100
2026-03-20,21.186019897460938,21.46103613308925,21.12708851603874,21.34317149685002,20339100
2026-03-23,20.832427978515625,21.39228266203598,20.704743005821765,21.38246045284494,22762600
2026-03-24,20.940471649169922,21.24004249039616,20.660545227491788,20.83734125663481,14390900
2026-03-25,21.12708854675293,21.29406235552093,20.896271315204412,21.092711751423767,14156300
2026-03-26,21.176198959350586,21.549435435347974,21.087800945214095,21.087800945214095,14424000
2026-03-27,21.647655487060547,21.873560688770677,21.146734035402257,21.244952385088446,16659300
2026-03-30,21.94231414794922,22.050356580013418,21.598544305977164,21.736051493408016,18513000
2026-03-31,22.089643478393555,22.178041491016952,21.760607888491396,22.03071209444293,15537500
2026-04-01,21.873559951782227,21.991422716792464,21.55925674722843,21.932491334287345,10617900
2026-04-02,22.38430404663086,22.43341322080822,21.745873541955703,21.92266956642606,12793600
2026-04-06,23.15041732788086,23.199528374759588,22.33519268364279,22.38430373052152,14195500
2026-04-07,22.76736068725586,23.1897063263705,22.73789405892406,23.140595279150837,13164000
2026-04-08,22.54145622253418,22.845937231608193,22.364660193589607,22.78700584642499,15197900
2026-04-09,22.855758666992188,22.94415667846945,22.30376286141902,22.38430385471005,11396900
2026-04-10,22.64949607849121,23.179884148824083,22.600386904598864,22.885223485285298,12921300
2026-04-13,22.020889282226562,22.59056430721176,21.731140665089573,22.56109767934542,15983200
2026-04-14,21.71640968322754,21.91284826144058,21.588722827663826,21.91284826144058,15815500
2026-04-15,21.618188858032227,21.81462743079876,21.39228365632299,21.67221007439638,13469800
2026-04-16,22.187864303588867,22.28608452843925,21.628011457355132,21.657476213433767,13670500
2026-04-17,22.06999969482422,22.32537153049072,22.001246099336118,22.197686549354955,12796600
2026-04-20,21.814626693725586,22.207507572773856,21.726230556674082,22.06017630643332,16415900
2026-04-21,21.588722229003906,21.873560688597415,21.47085946002344,21.775340465517072,13638200
2026-04-22,21.500324249267578,21.745873870655814,21.38246148010239,21.63783331115355,9254700
2026-04-23,21.578899383544922,21.721318609145364,21.362816397850885,21.524880042167574,11403700
2026-04-24,21.549434661865234,21.893204496346407,21.38246084931123,21.65747521818026,15256400
2026-04-27,21.5297908782959,21.72623132476482,21.421748445398496,21.470859493713196,9124200
2026-04-28,22.06999969482422,22.07982190466466,21.623099450756587,21.853916698519477,10544500
2026-04-29,22.020889282226562,22.20750751192366,21.844093261818248,22.01106707293778,13324900
2026-04-30,22.256616592407227,22.330282225069272,21.9914225628977,22.00124477214563,13011800
2026-05-01,22.089643478393555,22.58074271590358,21.863738278753722,22.389214313017856,14253500
2026-05-04,22.020889282226562,22.197685302634877,21.844093261818248,21.932491272022407,13955000
2026-05-05,22.13875389099121,22.36269389293642,21.6230982076846,21.93249124298959,15526300
2026-05-06,22.659318923950195,23.1405959605043,22.276262111332528,22.757539147886632,26374700
2026-05-07,23.21917152404785,23.346858375858805,22.54145592004793,22.60038730444033,19910100
2026-05-08,23.53347396850586,23.720092198601904,23.02764236611894,23.19952821894775,13357400
2026-05-11,22.845937728881836,23.690629052938487,22.683874074356783,23.57276440661163,13962500
2026-05-12,22.9539794921875,23.21917166020586,22.605297605116704,23.022733086614295,14835700
2026-05-13,22.76736068725586,23.292836715439456,22.688784885099288,22.983443674837698,12116200
2026-05-14,22.89504623413086,23.39596768789267,22.728072416210253,22.949067450722076,16235900
2026-05-15,22.51198959350586,23.209349626134255,22.50216738374272,23.012911051056307,11593200
2026-05-18,22.934335708618164,22.983444885028774,22.41376982104874,22.551277013714436,20072400
2026-05-19,22.865581512451172,23.165150478129263,22.595475429093547,22.94906748483811,13737200
2026-05-20,23.11113166809082,23.233906482124333,22.531634395981037,22.777184024048065,13959600
2026-05-21,23.120952606201172,23.395966975535668,22.76736056174838,23.125862774198623,13152100
2026-05-22,23.36650276184082,23.52856453703783,23.111130931977566,23.150417897051568,11189600
2026-05-26,23.425434112548828,23.67098373244264,23.27319267379249,23.381235106032143,15194400
2026-05-27,23.94599723815918,24.25539027254045,23.64151624509857,23.65133845434502,13446700
2026-05-28,24.034395217895508,24.270122619330717,23.965641626651262,24.004930463587893,10351100
2026-05-29,23.58258628845215,24.044218910569445,23.44507909747997,24.01475415444396,21146100
2026-06-01,23.209348678588867,23.53347409395994,23.032554530255005,23.378287682185853,13313000
2026-06-02,22.914690017700195,23.317391236794773,22.821381838337512,23.253547812286154,13837200
2026-06-03,22.35483741760254,22.973621629840455,22.20750802167874,22.644586041390472,18170400
2026-06-04,22.06999969482422,22.80566691333685,21.961959133369334,22.75753939649518,19534100
2026-06-05,22.579999923706055,22.75,22.149999618530273,22.280000686645508,14563800
2026-06-08,23.350000381469727,23.399999618530273,22.420000076293945,22.479999542236328,15063300
2026-06-09,23.43000030517578,23.709999084472656,23.30500030517578,23.360000610351562,13534300
2026-06-10,24.049999237060547,24.149999618530273,23.440000534057617,23.600000381469727,11919200
2026-06-11,24.219999313354492,24.344999313354492,23.969999313354492,24.06999969482422,10308000
2026-06-12,24.389999389648438,24.40999984741211,24.084999084472656,24.209999084472656,7921100
2026-06-15,23.989999771118164,24.3700008392334,23.96500015258789,24.235000610351562,10704400
2026-06-16,23.799999237060547,24.0,23.520000457763672,24.0,13174100
2026-06-17,23.200000762939453,23.920000076293945,22.959999084472656,23.559999465942383,12969700
2026-06-18,22.81999969482422,23.139999389648438,22.753999710083008,23.094999313354492,21350600
2026-06-22,22.030000686645508,22.719999313354492,22.0049991607666,22.649999618530273,16782200
2026-06-23,22.469999313354492,22.600000381469727,22.235000610351562,22.360000610351562,12665500
2026-06-24,22.940000534057617,23.075000762939453,22.549999237060547,22.549999237060547,16336000
2026-06-25,23.469999313354492,23.84000015258789,22.940000534057617,23.0,15318300
2026-06-26,23.700000762939453,24.045000076293945,23.549999237060547,23.66200065612793,14931600
2026-06-29,24.190000534057617,24.309999465942383,23.709999084472656,23.739999771118164,14864700
2026-06-30,23.6200008392334,24.325000762939453,23.600000381469727,24.007999420166016,12854600
2026-07-01,25.010000228881836,25.045000076293945,24.020000457763672,24.030000686645508,18348800
2026-07-02,25.3700008392334,25.514999389648438,25.040000915527344,25.25,14452200
2026-07-06,24.81999969482422,25.46500015258789,24.479999542236328,25.299999237060547,15085800
2026-07-07,25.299999237060547,25.7450008392334,25.25,25.309999465942383,11514000
2026-07-08,24.920000076293945,25.6200008392334,24.895000457763672,25.540000915527344,9660500
2026-07-09,24.68000030517578,25.014999389648438,24.579999923706055,24.77199935913086,10565200
2026-07-10,24.850000381469727,25.045000076293945,24.5049991607666,24.709999084472656,6688800
2026-07-13,25.229999542236328,25.325000762939453,24.920000076293945,24.920000076293945,10595900
2026-07-14,25.079999923706055,25.16200065612793,24.790000915527344,25.049999237060547,10125600
2026-07-15,25.450000762939453,25.774999618530273,24.714000701904297,25.020000457763672,11927900
2026-07-16,26.229999542236328,26.395000457763672,25.670000076293945,25.719999313354492,15884600
2026-07-17,25.8799991607666,27.128999710083008,25.7450008392334,26.610000610351562,15368200
2026-07-20,25.860000610351562,26.1200008392334,25.645000457763672,25.8799991607666,10641900
2026-07-21,25.790000915527344,26.18000030517578,25.614999771118164,25.899999618530273,9233200
2026-07-22,25.959999084472656,26.329999923706055,25.8700008392334,26.235000610351562,10757800
2026-07-23,25.360000610351562,25.989999771118164,25.170000076293945,25.75,14529100
2026-07-24,25.670000076293945,25.69499969482422,25.2549991607666,25.3700008392334,13009800
2026-07-27,26.219999313354492,26.389999389648438,25.700000762939453,25.700000762939453,16740200
2026-07-28,27.299999237060547,27.65999984741211,26.6200008392334,26.719999313354492,20671500
2026-07-29,27.6200008392334,28.09000015258789,27.209999084472656,27.229999542236328,17873900
2026-07-30,26.3799991607666,27.110000610351562,26.25,27.010000228881836,14581800
2026-07-31,25.850000381469727,26.274999618530273,25.81999969482422,26.020000457763672,13034700
2026-08-03,26.420000076293945,26.530000686645508,26.059999465942383,26.290000915527344,13616400
2026-08-04,26.639999389648438,26.709999084472656,26.139999389648438,26.270000457763672,16254300
2026-08-05,25.729999542236328,27.049999237060547,25.325000762939453,26.969999313354492,23380400
2026-08-06,24.959999084472656,25.969999313354492,24.639999389648438,25.767000198364258,24878200
2026-08-07,25.31999969482422,25.364999771118164,24.8700008392334,24.895000457763672,14251800
2026-08-10,24.93000030517578,25.549999237060547,24.680999755859375,25.25,16946400
2026-08-11,24.649999618530273,24.8799991607666,24.454999923706055,24.760000228881836,13410100
2026-08-12,24.530000686645508,24.600000381469727,24.100000381469727,24.40999984741211,15014300
2026-08-13,25.3799991607666,25.405000686645508,24.809999465942383,24.809999465942383,13006300
2026-08-14,25.510000228881836,25.520000457763672,25.174999237060547,25.360000610351562,8510400
2026-08-17,24.75,25.350000381469727,24.68000030517578,25.25,11670400
2026-08-18,24.81999969482422,25.149999618530273,24.690000534057617,25.149999618530273,10272300
2026-08-19,25.68000030517578,25.90999984741211,24.985000610351562,25.010000228881836,11320100
2026-08-20,25.56999969482422,25.795000076293945,25.309999465942383,25.469999313354492,11954300
2026-08-21,25.579999923706055,25.780000686645508,25.450000762939453,25.709999084472656,8354300
2026-08-24,25.670000076293945,26.010000228881836,25.579999923706055,25.780000686645508,11233200
2026-08-25,25.31999969482422,25.6200008392334,25.18000030517578,25.549999237060547,13342100
2026-08-26,24.790000915527344,25.2549991607666,24.25,24.399999618530273,26481100
2026-08-27,25.1299991607666,25.389999389648438,24.604999542236328,24.604999542236328,18253100
2026-08-31,25.670000076293945,26.05500030517578,25.625,25.770000457763672,18540100
