Date,Close,High,Low,Open,Volume
2018-01-02,35.024227142333984,35.33186022119198,35.00115253438966,35.3087885470821,10872200
2018-01-03,34.94731903076172,35.139590818211886,34.87041148931551,34.98577573531947,12635600
2018-01-04,35.43954849243164,35.54722025808276,34.95502261316601,35.03962269584491,12709400
2018-01-05,35.431846618652344,35.53182877485447,35.21650314421834,35.39339284590839,13113100
2018-01-08,35.37800216674805,35.45490969357691,35.285712547786595,35.339548403333616,7068600
2018-01-09,35.55489730834961,35.65487945571239,35.3318613387844,35.37800762229826,9962400
2018-01-10,35.431846618652344,35.5779721286133,35.32417488143534,35.554900451733886,10700700
2018-01-11,35.408775329589844,35.55490084115125,35.27033939912753,35.55490084115125,7583200
2018-01-12,35.49335479736328,35.677933974995696,35.401062274713944,35.593333962817034,14570100
2018-01-16,35.785621643066406,35.854839599069486,35.4856781449979,35.493370658906265,16459300
2018-01-17,36.00865173339844,36.14708762283089,35.80099789924976,35.82407250337781,12143100
2018-01-18,36.05479431152344,36.20091976479531,35.847140498663194,35.954812194109174,11952900
2018-01-19,36.2701530456543,36.33937101255542,36.04711704854681,36.13940962697157,16187400
2018-01-22,36.439353942871094,36.53164358941267,36.216317941046924,36.25477171595299,9577400
2018-01-23,36.4931755065918,36.685447239572966,36.24706792308261,36.308593352043,11463700
2018-01-24,36.785438537597656,36.877728170974976,36.51625628398154,36.554710053402545,15964500
2018-01-25,36.79313278198242,36.91618662002912,36.685461040420925,36.685461040420925,11755000
2018-01-26,37.32379150390625,37.39300945187668,36.716214998203746,36.74697624876408,16671200
2018-01-29,36.68544387817383,37.26994860199292,36.593154276272614,37.077676886629156,11662600
2018-01-30,36.46241760253906,37.03923290078667,36.45472802278286,36.70852522841796,12404800
2018-01-31,36.600860595703125,36.83927868798977,36.43166046996197,36.493188855262346,10960100
2018-02-01,36.4931755065918,36.70851890870388,36.23168583238406,36.462411325194694,10279400
2018-02-02,35.93943405151367,36.46241343012003,35.862526527414964,36.416267155360416,12912300
2018-02-05,34.52431869506836,36.085564535120795,34.155157247196406,35.87791360443327,23261500
2018-02-06,34.3551139831543,34.40895277087342,33.40913734995771,33.73984498601432,25184300
2018-02-07,34.27051544189453,34.993456116472224,34.05516910155536,34.285897532906894,18041600
2018-02-08,33.147647857666016,34.316660426139634,33.12457618695842,34.316660426139634,23295300
2018-02-09,33.17072677612305,33.42452398841542,32.44778303903545,33.347616453498794,22853100
2018-02-12,33.81676483154297,34.01672621093325,33.35531075521685,33.501439199612456,14689000
2018-02-13,33.98594665527344,34.155146700154006,33.60140323242377,33.7782928548746,13163200
2018-02-14,33.9167366027832,33.98595455233314,33.55526769631949,33.85521116642447,13457900
2018-02-15,34.43972396850586,34.478180675675716,33.932126532513124,34.032108690252024,13467300
2018-02-16,34.593536376953125,35.10113373050123,34.393575027788145,35.04729786980934,17202300
2018-02-20,33.832149505615234,34.478182914634274,33.79369279594806,34.41665452623482,14137300
2018-02-21,33.33223342895508,34.039792118699694,33.324543849211906,33.92443081954619,12792900
2018-02-22,33.470672607421875,33.701398162121144,33.239947052722606,33.40145464762863,12377800
2018-02-23,33.87059783935547,33.88597993398384,33.393761707379554,33.51681846440655,8277200
2018-02-26,33.86289978027344,34.13977157057892,33.69370263473549,34.01671776753583,12713300
2018-02-27,33.547576904296875,34.07824885601736,33.547576904296875,33.95519504315241,12774400
2018-02-28,33.23994827270508,33.770617361373624,33.23994827270508,33.70909191365185,11929400
2018-03-01,33.40145492553711,33.56296252178692,32.9323112979056,33.14765475957201,17746800
2018-03-02,33.6245002746582,33.68602573778441,33.2553386943946,33.263028277097085,14050100
2018-03-05,33.75522994995117,33.793683715450626,33.45528647168745,33.509122330153545,11992700
2018-03-06,33.7859992980957,33.87828893616232,33.524509545378045,33.80138139341259,10010500
2018-03-07,33.7014045715332,33.77831212644789,33.43222519549666,33.52451484816131,10881700
2018-03-08,34.1859245300293,34.19361411067034,33.686016707156384,33.762927182740114,12361100
2018-03-09,34.470489501953125,34.470489501953125,34.13978175750149,34.27821769396194,9778600
2018-03-12,34.24745559692383,34.67814552936814,34.09364048818349,34.57047377971584,11857700
2018-03-13,34.27820587158203,34.47817012587378,34.147462495481534,34.35511339471951,11342100
2018-03-14,33.967857360839844,34.47217804907668,33.929064144759934,34.43338483299677,15321200
2018-03-15,33.882511138916016,34.1385516973176,33.789406826648495,34.04544738505008,12456700
2018-03-16,33.719573974609375,34.15406564811048,33.711816516034524,33.90578553746196,26603300
2018-03-19,33.56440734863281,33.91355227467358,33.502338783855116,33.71958320017684,12380300
2018-03-20,33.486812591552734,33.735092708508645,33.3704299918467,33.61095265003069,13559800
2018-03-21,33.362674713134766,33.711819575335035,33.19974143068553,33.46353944215543,13054000
2018-03-22,33.17647171020508,33.649756761349366,33.129921023032466,33.269579004017125,12274100
2018-03-23,32.84284210205078,33.486817831252,32.811806342642,33.22301979574317,13475200
2018-03-26,33.12214660644531,33.21525386091543,32.780762219251365,33.060078063197395,11276100
2018-03-27,33.277320861816406,33.60319031789401,32.99800503081618,33.129905488669415,11627000
2018-03-28,33.61095428466797,33.90578804779175,33.36267415563719,33.36267415563719,16277400
2018-03-29,33.6963005065918,34.07647815220877,33.587678322129804,33.78164735430695,10450500
2018-04-02,33.106632232666016,33.75061082540862,32.951459378266215,33.70405719324919,14207900
2018-04-03,33.65751266479492,33.78165274681526,33.23853877807639,33.34716097987756,15484600
2018-04-04,34.32476043701172,34.448900496324875,33.44801960326302,33.47129493946784,13563300
2018-04-05,34.448909759521484,34.61184307623239,34.09200440325958,34.35580247020102,11707800
2018-04-06,34.076480865478516,34.54200835560985,33.913547575812295,34.35579676761076,11495100
2018-04-09,34.006656646728516,34.37907688267412,33.967860467367835,34.16182952523948,11913400
2018-04-10,34.13079833984375,34.27821376529543,33.921311392265196,34.19286690223753,10379500
2018-04-11,34.13079833984375,34.247178004232005,33.95234419359555,33.99114037479138,8424300
2018-04-12,34.161827087402344,34.456660863052704,34.09975853237385,34.20062326399447,8476400
2018-04-13,34.53424835205078,34.6739063047984,34.2471749868397,34.285968204884526,10774200
2018-04-16,34.666141510009766,34.82907476716237,34.44889716713963,34.642866176054305,8962100
2018-04-17,34.82132339477539,34.937703044624435,34.64287223055402,34.87563448998482,8406400
2018-04-18,34.53424835205078,34.89115365336849,34.39459335903598,34.836842556159176,7429000
2018-04-19,34.37907409667969,34.50321416526822,34.1540692974465,34.40234943462357,10370400
2018-04-20,33.936824798583984,34.45666040906277,33.81268473042989,34.37907397636623,14690700
2018-04-23,34.123043060302734,34.13080348160423,33.79717639924455,33.936834385336205,11878500
2018-04-24,33.41698455810547,34.216136021920484,33.15318655649674,34.12303171539168,18523900
2018-04-25,32.9204216003418,33.27732387909959,32.51696569228557,33.160944245451944,20774700
2018-04-26,33.168704986572266,33.440260451692104,32.788524375671905,32.897149521452434,13561000
2018-04-27,33.603206634521484,33.62648197849591,33.13767903689867,33.15319691945944,9777900
2018-04-30,33.52561569213867,33.89803597740548,33.339407029371934,33.75062053940403,16037700
2018-05-01,33.04457092285156,33.35492261911356,32.72646176606292,33.331644318067376,11514200
2018-05-02,32.63334655761719,33.04455990224851,32.54023930395066,32.89714452354139,13736400
2018-05-03,32.50144577026367,32.89714419506502,32.21437247365532,32.757486275691846,18352200
2018-05-04,32.86610794067383,32.97473010747072,32.4083409807926,32.42385885601102,10946200
2018-05-07,32.6954231262207,32.96698157647718,32.55576517117059,32.85059896069114,9336000
2018-05-08,32.439388275146484,32.6566326860491,32.34628099070269,32.56352836133843,15062200
2018-05-09,32.416107177734375,32.765252064946196,32.33076032089006,32.56352555218651,9295200
2018-05-10,32.7264518737793,32.86610979890923,32.540240320361974,32.57903649046758,7924200
2018-05-11,32.6954231262207,32.95146369705685,32.61783668885192,32.77301252332235,6331900
2018-05-14,32.61783981323242,32.83508422646061,32.50921760661833,32.78077312315356,10715500
2018-05-15,32.36955261230469,32.52472546822525,32.160065705132915,32.41610328518785,16449700
2018-05-16,32.237648010253906,32.540239184226444,32.22989055234297,32.38506634815077,11590500
2018-05-17,32.81956100463867,32.85835422072593,32.48593401876948,32.59455620770686,14857400
2018-05-18,32.7264518737793,32.88162767500503,32.64886545303255,32.81955617062184,11950200
2018-05-21,32.90491485595703,32.990261725345015,32.796292643911706,32.82732840727703,9110200
2018-05-22,32.780765533447266,33.05232098710947,32.74972977881946,32.974734560272395,8222900
2018-05-23,32.897159576416016,32.935952803328426,32.53249673202569,32.7807769359453,8971400
2018-05-24,32.83506774902344,32.95145031755387,32.73420305361251,32.89713924150145,9269600
2018-05-25,32.897159576416016,33.03681756108748,32.74198370903289,32.85060592828103,8806500
2018-05-29,33.11439895629883,33.24629649959881,32.664389305605376,32.6799071859465,14826900
2018-05-30,33.463539123535156,33.57991877000538,33.1299121428018,33.18422323643443,10114200
2018-05-31,33.362674713134766,33.52560799558401,33.11439457995517,33.51785053630518,15571300
2018-06-01,33.45577621459961,33.61095202474333,33.393707666381566,33.44025833761199,10664700
2018-06-04,33.74285125732422,33.820437679674214,33.587675452891936,33.641986540483394,11727600
2018-06-05,33.44802474975586,33.781651765443456,33.44026433000521,33.75061600590672,9975900
2018-06-06,33.719573974609375,33.719573974609375,33.39370743928283,33.40922531616491,9202900
2018-06-07,33.70405960083008,33.92906439940802,33.61871570870681,33.61871570870681,11948100
2018-06-08,34.099754333496094,34.13854754557869,33.797163135626555,33.804920594150126,12078800
2018-06-11,34.23940658569336,34.3325108711954,34.05319505495739,34.099748677574354,7526100
2018-06-12,34.456668853759766,34.46442631503756,34.200631195324874,34.23942442118065,8243300
2018-06-13,34.2782096862793,34.54200770446105,34.25493434811796,34.41010721550381,16745000
2018-06-14,34.113826751708984,34.325176414814024,34.06685850096752,34.2468989830042,12696200
2018-06-15,34.53653335571289,34.56001897704839,34.01206792801036,34.098174905356856,21562500
2018-06-18,34.0903434753418,34.41128574555939,33.972927319560426,34.34866439302789,12161900
2018-06-19,34.129478454589844,34.246897583599186,33.816365754052434,33.894643182663664,12936400
2018-06-20,33.863338470458984,34.270387758236694,33.83985583392534,34.14514205323533,10893700
2018-06-21,33.730262756347656,33.894647167412224,33.628499698315515,33.87116453328667,10465200
2018-06-22,33.85551071166992,33.98075641220001,33.72243846127241,33.77723326862351,14924400
2018-06-25,34.113826751708984,34.2468989830042,33.78505496870398,33.78505496870398,12092400
2018-06-26,33.91812515258789,34.31734477332133,33.878983456399055,34.098165607906274,13974700
2018-06-27,33.714603424072266,34.137308714173024,33.65198207707172,33.91812952053229,15332600
2018-06-28,34.02771759033203,34.19210197818571,33.792879337864015,33.84767711990766,12668900
2018-06-29,34.3330078125,34.520874853473956,33.90247594200084,34.10599906740476,11485600
2018-07-02,34.246891021728516,34.567833195288465,34.113818821368206,34.270373648594,9232500
2018-07-03,34.43477249145508,34.70091996712465,34.43477249145508,34.489567296496496,8214300
2018-07-05,34.959228515625,34.96705506305998,34.544352821452435,34.56783544984949,11653000
2018-07-06,34.94357681274414,35.17841208441354,34.89661155006575,34.96705944408333,8733900
2018-07-09,34.75571060180664,35.01402851085004,34.7087423519385,34.86530019873975,7373100
2018-07-10,35.201900482177734,35.22538311537164,34.833989969645295,34.84181651867902,10606100
2018-07-11,35.06100082397461,35.22538523842496,34.943581678742696,35.217558688919524,7715600
2018-07-12,34.96705627441406,35.19406497709017,34.82615751305851,35.092304926449614,6331600
2018-07-13,35.0218620300293,35.053171214077594,34.810509360715585,34.990549859888105,5585900
2018-07-16,35.01402282714844,35.068817616720345,34.85746500576065,35.01402282714844,5831400
2018-07-17,35.42107391357422,35.53066349873649,34.97488603907514,35.02968083165627,11592200
2018-07-18,35.31931686401367,35.45239208719458,35.10013765653069,35.37411166588442,7351600
2018-07-19,35.31148147583008,35.56197278913464,35.16275020561724,35.217547979863866,10097500
2018-07-20,35.44456481933594,35.44456481933594,35.14710815760782,35.241041683096014,8588400
2018-07-23,35.18623733520508,35.50717953083535,35.04533559213889,35.444555206764996,9055700
2018-07-24,35.428916931152344,35.43674646864207,34.9201074797844,35.053179756173456,13786100
2018-07-25,36.07861328125,36.46217980340317,35.81246587443348,36.00816240926645,21330600
2018-07-26,36.19603729248047,36.47001128386763,36.164725126009785,36.28997080579999,12673100
2018-07-27,36.17255783081055,36.39956659721898,36.05514166570116,36.25866481021326,10516900
2018-07-30,36.18821716308594,36.35260160064153,36.0473153634402,36.086454088654385,8967900
2018-07-31,36.50131607055664,36.53262524460474,36.25082476162019,36.32127562888931,12438800
2018-08-01,36.313453674316406,36.3917340910034,36.14123974369758,36.3604219243286,9904100
2018-08-02,36.149070739746094,36.501325163846104,36.149070739746094,36.3839060271152,12009700
2018-08-03,36.49349594116211,36.60308554379949,36.11775888093706,36.18820976636005,11462800
2018-08-06,36.51698684692383,36.68919782481665,36.43870641506968,36.47784513795018,10056100
2018-08-07,36.399559020996094,36.48566598247647,36.10992895736502,36.415215103637294,8632900
2018-08-08,36.125572204589844,36.44651431947258,36.10208659592627,36.39171954274319,6810000
2018-08-09,36.282135009765625,36.33692979858688,36.0707853877934,36.203857593190136,8924100
2018-08-10,36.070804595947266,36.33694914846604,35.984697600205955,36.172564694465514,7535400
2018-08-13,35.87509536743164,36.10993064584551,35.77333231855169,36.04730631235244,8143400
2018-08-14,35.92205810546875,36.08644249018992,35.9064020231964,35.9377141877411,6846100
2018-08-15,36.070804595947266,36.12559941394744,35.734206150464125,35.828139697593905,9686400
2018-08-16,36.180389404296875,36.3056351124559,35.98469279866756,36.09428242004506,10600700
2018-08-17,36.477840423583984,36.579603478796024,36.19603986360818,36.23517858143042,8885700
2018-08-20,36.57960891723633,36.68919853786885,36.4700192966038,36.54047019359517,6392000
2018-08-21,36.180389404296875,36.59526525268118,36.1725598678595,36.57960916589965,13986300
2018-08-22,35.953369140625,36.30562351545682,35.94553960668859,36.27431135189571,7159100
2018-08-23,35.77333450317383,36.07079413324617,35.76550496796277,35.92206282516362,13144900
2018-08-24,35.71853256225586,35.85160477332008,35.67939385230121,35.73418864345615,10952900
2018-08-27,35.765499114990234,36.04730261461648,35.66373906264141,36.04730261461648,9581200
2018-08-28,35.51500701904297,35.79681051263993,35.44455614564373,35.73418917300294,8476800
2018-08-29,35.48369598388672,35.554143867504195,35.39758903356485,35.42107166143734,12410900
2018-08-30,35.18623733520508,35.47586736880017,35.139269092152304,35.444555206764996,9716500
2018-08-31,34.88877868652344,35.28017176399046,34.74787693974793,35.22537697203246,19834100
2018-09-04,35.03750991821289,35.14710249740842,34.841813363073854,34.912264242367606,11138500
2018-09-05,35.52283477783203,35.55414395303999,34.95922781879992,34.95922781879992,10554900
2018-09-06,35.82813262939453,36.008173136747104,35.460222078751904,35.538502507661526,11439400
2018-09-07,35.78898239135742,35.86725980898492,35.44455458717548,35.695045906893945,10208100
2018-09-10,36.055137634277344,36.25083420700468,35.85161152642899,35.93771849620385,8568900
2018-09-11,36.02382278442383,36.12558583077293,35.91423318962903,36.086444130266926,9278300
2018-09-12,36.19603729248047,36.243002556093955,36.02382336298423,36.13341295953909,13216400
2018-09-13,36.180240631103516,36.40917723313623,36.08550512871937,36.32233786169655,8294800
2018-09-14,36.30656051635742,36.3381360133952,36.006570708306036,36.25129662068357,7612900
2018-09-17,36.56707000732422,36.57496613897733,36.24339787385946,36.31444800127815,8527300
2018-09-18,36.259193420410156,36.73285901110374,36.259193420410156,36.62233724070806,9847400
2018-09-19,36.28287887573242,36.40129678920184,36.2118287299493,36.314457387523284,7119000
2018-09-20,36.8197021484375,36.85128066075859,36.43287591272856,36.48813680354412,9736700
2018-09-21,36.7723274230957,36.859163791199805,36.6144379157841,36.819692167244874,19240300
2018-09-24,36.369712829589844,36.732856626311516,36.18814093122901,36.701281130742984,10778900
2018-09-25,36.06183624267578,36.45655861572478,36.00657535136834,36.36182608941098,7919100
2018-09-26,36.1960334777832,36.36971225236851,35.974989954850734,36.13287947615627,10162600
2018-09-27,36.32234191894531,36.45654905656815,36.061826787018035,36.10129841167466,10826900
2018-09-28,36.46443557739258,36.46443557739258,36.2907598580377,36.314442226247145,9071900
2018-10-01,36.49602508544922,36.59075759835553,36.353924810343614,36.448657323249925,9364700
2018-10-02,36.7170524597168,36.7565270832557,36.36180493979437,36.5354806351035,7462700
2018-10-03,36.21183395385742,36.74865668577341,36.15657305599781,36.677606529740615,10542300
2018-10-04,36.1960334777832,36.23550811672869,35.864468193384496,36.04604008886362,9582300
2018-10-05,36.2197265625,36.44077013241863,36.06973013020426,36.26709132091526,8734100
2018-10-08,36.69337844848633,36.77232470204626,36.29076309555145,36.30655234626343,9808100
2018-10-09,36.622344970703125,36.74865602231512,36.48814079589358,36.61445184750557,10824500
2018-10-10,36.06183624267578,36.86707024507486,36.05394010877888,36.55129114203858,13917000
2018-10-11,35.24080276489258,36.290765418252576,35.13028101432665,36.156558284356926,17677900
2018-10-12,35.27238082885742,35.43027033262372,34.932919449782005,35.114491325091116,12420100
2018-10-15,35.45395278930664,35.73815329447011,35.20133078727062,35.240802410434036,11608500
2018-10-16,35.911834716796875,35.998671089607654,35.41448379583023,35.5407948062274,10442500
2018-10-17,36.20393371582031,36.30656236803117,35.80921137353966,35.848683005469226,11055800
2018-10-18,36.00657272338867,36.37761269065164,35.88815481551975,36.23551240580593,12716900
2018-10-19,36.57496643066406,36.70127743469443,36.180244166632676,36.180244166632676,13989200
2018-10-22,36.290767669677734,36.677593820656604,36.16445665955312,36.60654368924325,14283600
2018-10-23,36.598655700683594,36.677598963771786,35.880261165208246,36.01446531475666,17483900
2018-10-24,36.89073944091797,37.41177266669233,36.50391333999772,36.57496346221657,21626000
2018-10-25,36.7170524597168,36.89862729582105,36.40916966965551,36.827577189538374,14220200
2018-10-26,36.25129318237305,36.69338322538688,35.86446702979148,36.60654384091166,21458000
2018-10-29,36.677589416503906,36.75653567053464,36.353917303707064,36.4328635577378,20932200
2018-10-30,37.60124588012695,37.68808526505323,36.346028887765414,36.80390517443299,20895400
2018-10-31,37.798606872558594,37.95649638893111,37.27757357657373,37.49861709260002,25309400
2018-11-01,37.688087463378906,38.011759636943346,37.34072990341261,37.743348345829496,16494500
2018-11-02,37.89334487915039,37.89334487915039,37.45125477142301,37.75124459493418,17584900
2018-11-05,38.438053131103516,38.50910325935477,37.83018048084104,37.89333748883855,16543500
2018-11-06,38.769630432128906,38.785419687806645,38.36701194107794,38.4064865860186,14373400
2018-11-07,38.97488784790039,39.11698814886441,38.70647650291201,38.99067710484004,12239700
2018-11-08,38.943302154541016,38.974877648664574,38.76172725299733,38.77751650580513,9762800
2018-11-09,39.21961212158203,39.38539478237736,38.9669900637532,38.99067244058325,12398100
2018-11-12,39.369598388671875,39.661695036909954,39.10908325630151,39.16434413321316,13918300
2018-11-13,39.36170196533203,39.472223709881035,39.14065847623404,39.32223034392049,13872900
2018-11-14,39.28274917602539,39.42484939866081,39.148545083253694,39.3537992873431,12106800
2018-11-15,39.266971588134766,39.27486470824584,38.8959317015855,39.203814581278785,12080100
2018-11-16,39.60643005371094,39.66958706071672,39.18013230238928,39.203814674270525,13405800
2018-11-19,39.87484359741211,40.07220473838652,39.66958933585522,39.7169570938262,13575800
2018-11-20,38.98277282714844,40.13536115049281,38.848565687311364,40.11957189807127,16255300
2018-11-21,38.46963882446289,39.03014382347667,38.359117051304395,38.86436116373893,13559200
2018-11-23,38.698577880859375,38.86436053792761,38.32753792423697,38.485427459703466,4792500
2018-11-26,38.58015823364258,38.864358782345874,38.42226870530828,38.69068000002891,9341900
2018-11-27,38.97488784790039,39.006466361779694,38.469643671802935,38.58806159310389,9180700
2018-11-28,39.24329376220703,39.25118989533057,38.84857142781792,38.84857142781792,11368700
2018-11-29,38.97276306152344,39.3308229487315,38.964807524165984,39.211468641226766,11564300
2018-11-30,40.102630615234375,40.174242574862866,38.980711937925,38.98866747330356,25538200
2018-12-03,39.53769302368164,39.75252891642356,38.90114391665313,39.68091695217625,14877200
2018-12-04,39.45016860961914,40.19015483391878,39.386512183487085,39.760486098749254,19059900
2018-12-06,39.29103088378906,39.489952664033616,38.718135185387005,39.394468024096284,17674900
2018-12-07,39.060279846191406,39.52973535643271,38.89318628372554,39.44220928981571,15565700
2018-12-10,39.17964172363281,39.34673531850423,38.566962173798295,39.34673531850423,12331100
2018-12-11,39.41835021972656,39.792321192877985,39.13190230135954,39.4581339783206,18083600
2018-12-12,39.16372299194336,39.800272112970745,39.139850313132214,39.74457425458745,12316900
2018-12-13,39.362632751464844,39.47402843418527,38.6465133121125,38.765867563772794,13766200
2018-12-14,39.25920486450195,39.40242879710663,39.00458521438379,39.17167879065403,13835900
2018-12-17,38.45555877685547,39.410380863071964,38.20889468457649,39.25920140765894,18482700
2018-12-18,38.44760513305664,38.85340730347563,38.073631179004984,38.6783551487611,14765700
2018-12-19,38.11342239379883,38.79771091333838,37.89062788865685,38.3839561937307,17903800
2018-12-20,37.82696533203125,38.2964208408246,37.47686106664308,38.04180121252706,21130000
2018-12-21,37.8508415222168,38.78975270224431,37.5803077409325,37.60417738668214,32477700
2018-12-24,36.569786071777344,38.08954863070625,36.466348912462436,37.89062681390767,10733700
2018-12-26,37.34955978393555,37.365473893752444,36.33108103810297,36.50613321078273,14342600
2018-12-27,37.81901168823242,37.83492579648743,36.625480886858654,37.190421106341304,16966500
2018-12-28,37.55643844604492,38.20094316975371,37.421170036486096,38.10546155055721,13218200
2018-12-31,37.6757926940918,37.82697522470382,37.36547513065518,37.787191466497674,10576300
2019-01-02,37.34159469604492,37.57234467641323,37.047191327995364,37.34955023126558,11603700
2019-01-03,37.1108512878418,37.6917025915864,37.023325208387455,37.25407522962056,14714400
2019-01-04,37.8508415222168,37.8508415222168,37.11085215091874,37.19837823240864,13013700
2019-01-07,37.35751724243164,37.99406643959401,37.31773348672887,37.850842490819225,13135500
2019-01-08,37.77923583984375,37.850847824321875,37.429134490898726,37.59622810957887,15420700
2019-01-09,37.055152893066406,37.62009008012839,36.94375717001822,37.46095506737716,18032500
2019-01-10,37.45299530029297,37.46890940812138,36.87214402343181,37.1267636780749,15976600
2019-01-11,37.66783142089844,37.683745528818896,37.37342801263428,37.628047668750156,11088600
2019-01-14,37.51665496826172,37.71557678031972,37.38934512995683,37.59622247896253,11514300
2019-01-15,37.8508415222168,37.87471116796644,37.24612055921385,37.3097739596482,11342900
2019-01-16,37.33363723754883,37.77126757035352,37.285897954192244,37.71556971623391,16907800
2019-01-17,37.445037841796875,37.50869123453715,37.3018139139993,37.33363909271666,12044600
2019-01-18,37.88267517089844,37.94632858045806,37.492787034360234,37.596227239614265,12760700
2019-01-22,37.9702033996582,38.025901274394144,37.5644011290889,37.954289287547006,11700400
2019-01-23,38.40782928466797,38.42374339612679,37.91450397067003,38.049769365110436,12058300
2019-01-24,37.946319580078125,38.28050976574615,37.6996585029932,38.28050976574615,10272000
2019-01-25,37.69169998168945,38.21685338674629,37.588262836138334,38.097502133732156,12066500
2019-01-28,37.53256607055664,37.636006262790744,37.34955836756152,37.572352861243125,9966900
2019-01-29,37.715572357177734,37.89858003857192,37.500736461113526,37.55643431913325,11998600
2019-01-30,38.08159255981445,38.10546220619779,37.54848051990726,37.59622284797994,12952500
2019-01-31,38.296424865722656,38.81361971211235,37.77127144775295,38.073630391067894,32181500
2019-02-01,38.749969482421875,38.81362288373482,38.511263915712874,38.57491731702583,19130100
2019-02-04,39.187583923339844,39.34672192704384,38.62264689373037,38.74995668963257,15105700
2019-02-05,39.1955451965332,39.362641794305915,39.068235381990675,39.251246085994374,12651900
2019-02-06,39.1955451965332,39.27511572768816,39.00458199237211,39.15576144860842,8689100
2019-02-07,39.32286834716797,39.35469657042429,38.988681108895946,39.123946504775645,10047800
2019-02-08,39.38652038574219,39.38652038574219,39.07620283198835,39.283080189388876,9813300
2019-02-11,39.47404098510742,39.68887688522102,39.370600803132945,39.44221276983748,9369300
2019-02-12,39.51383590698242,39.62523165661278,39.354697820950534,39.53770555752992,10983300
2019-02-13,39.617271423339844,39.736622697240094,39.43426370844786,39.47404746641461,12748800
2019-02-14,36.27537536621094,37.36546585401732,36.20376340509633,37.1585885415226,58905400
2019-02-15,35.996883392333984,36.80848151034444,35.965055181936066,36.5220367226788,35701600
2019-02-19,35.670658111572266,36.27537903919891,35.622915787560004,36.06054313410233,25511300
2019-02-20,35.88547897338867,35.996877692141126,35.646773503814295,35.734299550896,27464000
2019-02-21,36.49021530151367,36.52999905426048,35.77409561084801,35.80592382716776,23121200
2019-02-22,36.028709411621094,36.56182132470942,35.96505602463899,36.41063883942953,24728400
2019-02-25,35.7581787109375,36.25946245526671,35.678611211655955,36.156022277956275,23774400
2019-02-26,35.559261322021484,35.91732118365034,35.5353916763482,35.885492965882015,20463200
2019-02-27,35.7581787109375,35.821835138607156,35.34442103700131,35.48764496395251,17827500
2019-02-28,36.076454162597656,36.29129004935571,35.8934464891309,35.90140202480099,22533900
2019-03-01,36.108280181884766,36.31515748509702,35.96505626608194,36.179892139786176,16291600
2019-03-04,36.32312774658203,36.33903882207657,36.04463536052727,36.227643081777174,15973800
2019-03-05,36.28333282470703,36.36290336088782,36.124197822956646,36.32311961045023,13062300
2019-03-06,36.16398620605469,36.434519993113966,36.15602763376431,36.33903533746529,14232100
2019-03-07,36.028709411621094,36.227631178311235,35.90935817279017,36.19580600247282,12084000
2019-03-08,35.67861557006836,36.004847213463194,35.49560787112061,35.92527970446188,15579100
2019-03-11,36.74483108520508,36.79257340464832,35.885487547059434,35.917315760021594,22126900
2019-03-12,36.64139938354492,36.80053744984874,36.52204811029667,36.56183186804609,19348500
2019-03-13,36.776668548583984,36.872150176181464,36.5300043890421,36.70505656905932,16222500
2019-03-14,36.68034744262695,37.0094270181944,36.624163348881545,36.79271563011777,18504100
2019-03-15,36.35930252075195,36.84088453178304,36.23088126350452,36.696410234654145,47254500
2019-03-18,36.44757843017578,36.66428979096839,36.407447377096354,36.46363146376817,24006400
2019-03-19,36.56797790527344,36.67231804020419,36.39139758184699,36.55994985686131,14987000
2019-03-20,36.54389953613281,36.840876113372154,36.26297905691029,36.43955939345221,13376100
2019-03-21,36.52784729003906,36.7285056543394,36.471663192979264,36.54390032659953,20043000
2019-03-22,36.864959716796875,37.009434002780466,36.48772096319483,36.48772096319483,19055900
2019-03-25,36.94521713256836,37.08166641271623,36.75258681704669,36.808770914224155,11668200
2019-03-26,37.43482208251953,37.55521831980228,37.05758339671686,37.05758339671686,11434900
2019-03-27,37.41073989868164,37.65152928466124,37.18600354667444,37.44284596662643,11543600
2019-03-28,37.38665771484375,37.659550076572735,37.30639255392097,37.466919813963706,11121100
2019-03-29,37.611412048339844,37.65154311711263,37.30641041441895,37.45890970047726,16045600
2019-04-01,37.49903106689453,37.86021362471227,37.394687874158855,37.71574243866712,11522700
2019-04-02,37.378631591796875,37.667580062385944,37.378631591796875,37.52310582709141,8495000
2019-04-03,37.065608978271484,37.394688534895586,36.9532407972491,37.25823927093748,12854500
2019-04-04,37.306392669677734,37.35455176638083,37.00941922784903,37.19402450584,7814900
2019-04-05,37.29837417602539,37.38666433777937,37.081662795848345,37.31442721105369,7677600
2019-04-08,37.362579345703125,37.378632379052064,37.13784300242408,37.35455435993018,9421300
2019-04-09,37.458885192871094,37.49901929719029,37.13783379093351,37.28230799343622,8641800
2019-04-10,37.43482208251953,37.72377060255533,37.3706130012913,37.59534937829536,8059900
2019-04-11,37.490997314453125,37.52310337837959,37.354551135469805,37.49902536133613,7352400
2019-04-12,37.51508331298828,37.66758254393342,37.37863405430837,37.458896162847246,10690000
2019-04-15,37.72377014160156,37.75587621272512,37.48298073178182,37.62745499003436,10261300
2019-04-16,37.68363571166992,37.80402887490529,37.482977377807785,37.763897820493504,10804600
2019-04-17,37.94850158691406,38.16521294614529,37.84416146201993,37.88429251481022,11849300
2019-04-18,38.109039306640625,38.18930449602722,37.940487001634644,37.9886461152666,12167000
2019-04-22,38.044822692871094,38.21337496454276,37.739821157129526,38.044822692871094,9834700
2019-04-23,38.69496536254883,39.1043102157127,38.16522730571645,38.598650187253185,25327800
2019-04-24,38.51034927368164,38.71100761903959,38.46219016854652,38.55048033039256,15997300
2019-04-25,38.39797592163086,38.43810697293996,38.101002467779985,38.31771381901267,11444400
2019-04-26,38.73508834838867,38.88759066107517,38.51035196565518,38.51838001464057,10154300
2019-04-29,38.86350631713867,38.887587400272,38.614691931919786,38.66284797457979,9731500
2019-04-30,39.377197265625,39.47351242013421,38.83943127419115,38.95179946475249,17912900
2019-05-01,38.99996566772461,39.39325746803992,38.967859589779664,39.2889142456209,10551200
2019-05-02,38.83942794799805,39.14442948326116,38.743112801737226,38.95179612893622,8724600
2019-05-03,39.10429382324219,39.29692409308311,38.94376655717279,39.00797562651879,7076900
2019-05-06,38.90363311767578,39.0160012784848,38.735077814659505,38.79126495686676,8657800
2019-05-07,38.52640151977539,38.75916593045683,38.341796213242866,38.71100682630792,12487500
2019-05-08,38.406005859375,38.71100739989742,38.381927837845424,38.56653314711329,9281400
2019-05-09,38.044822692871094,38.51034845203141,37.77995221298421,38.36587420151189,11450500
2019-05-10,38.67889404296875,38.76718418768131,38.044816121656595,38.052841106720116,9653800
2019-05-13,38.566532135009766,38.6307442731413,38.30968970609017,38.45416395508285,11911500
2019-05-14,39.08020782470703,39.585867577554616,38.80731242527529,38.9517866403746,16844200
2019-05-15,39.473514556884766,39.63404186429204,39.00798567158406,39.064169769906044,11422500
2019-05-16,39.794559478759766,39.85876854900075,39.497582960760916,39.54574205979389,17771300
2019-05-17,39.48956298828125,39.77048344712845,39.46548190480623,39.54574708005069,11257000
2019-05-20,39.20863723754883,39.4414016398137,39.136400114839155,39.3611395309377,13850500
2019-05-21,39.007991790771484,39.35312448420681,38.88759858768273,39.3290464559499,10587400
2019-05-22,39.850746154785156,39.898902195146604,39.10429691115088,39.15245295151234,16050400
2019-05-23,40.01127243041992,40.051406548523715,39.69824590475169,39.73035197451338,12199400
2019-05-24,39.818641662597656,40.043378024654075,39.7544295238368,39.98719393413997,6887600
2019-05-28,39.4092903137207,39.866791009243116,39.35310623264271,39.81060692816512,18614000
2019-05-29,39.01599884033203,39.35310330169306,38.85547159414949,39.12034200962106,12534600
2019-05-30,39.529685974121094,39.577845069435,39.064157238161556,39.10429134849118,9087200
2019-05-31,39.43338394165039,39.57785821377121,39.15246038505825,39.329040731384524,11368600
2019-06-03,40.115604400634766,40.115604400634766,39.34507731279171,39.45744546371018,14167200
2019-06-04,40.13166427612305,40.356400616292376,39.82666277031967,40.13166427612305,12010600
2019-06-05,40.757720947265625,41.04666944608947,39.88285046440601,40.13969289407092,15837600
2019-06-06,41.255367279052734,41.367735490479376,40.60523297633616,40.862075477255374,15190400
2019-06-07,41.32758712768555,41.88942794968131,41.29548106305641,41.31153409537097,15293600
2019-06-10,41.239295959472656,41.36771715300574,41.00653158938058,41.36771715300574,9737400
2019-06-11,41.19917297363281,41.40785630578925,41.078776741594204,41.29548812218168,9915600
2019-06-12,41.447994232177734,41.84931098975002,41.311548004269014,41.33562602994611,11088100
2019-06-13,41.35901641845703,41.820088709563464,41.07589985074072,41.62595154639498,10353600
2019-06-14,41.504608154296875,41.682563833245425,41.29429268957847,41.29429268957847,8694300
2019-06-17,41.14868927001953,41.642118129797744,40.938376897931185,41.4560717391068,12322400
2019-06-18,40.962646484375,41.49651972203563,40.87366709714741,41.45607538757898,9221100
2019-06-19,41.35091018676758,41.44798027479107,40.825127762309975,40.881750437471496,9414100
2019-06-20,41.787715911865234,41.89287362999694,41.536956148844794,41.65829221482018,10656600
2019-06-21,41.69874954223633,41.973775369916495,41.58550415772778,41.682571189348636,21264400
2019-06-24,41.99803924560547,42.22453308894445,41.82008354419538,41.852440248344536,10780000
2019-06-25,41.86861038208008,42.1436361622225,41.77154336723709,42.06274749747081,11519900
2019-06-26,41.35091018676758,41.77153797775628,41.32664420761389,41.67447097543716,12405100
2019-06-27,41.31856918334961,41.57741665898158,41.22958978503137,41.488437260663346,12374900
2019-06-28,41.18913650512695,41.5774107490902,40.865578749430746,41.47225301277911,16339900
2019-07-01,41.73918533325195,41.76345440046574,41.07588842922891,41.310469869499286,14976400
2019-07-02,42.046573638916016,42.103196327431746,41.69874678905929,41.88479320642601,8569200
2019-07-03,42.14363098144531,42.32968044177146,42.062742326637384,42.062742326637384,7253700
2019-07-05,42.151729583740234,42.15981721645224,41.64212232314493,41.97377080702648,8916300
2019-07-08,42.062744140625,42.32968226727098,41.97376476507634,42.224524542922154,9495100
2019-07-09,41.73110580444336,42.03848833463168,41.60168206842279,41.83626355424296,10584900
2019-07-10,41.91714096069336,42.0384770305817,41.787717259474526,41.90096261232795,7620900
2019-07-11,42.0951042175293,42.11128256762823,41.78772173705916,42.054659885134356,10376500
2019-07-12,42.15980911254883,42.29732352785979,41.98994108690386,42.2649668318214,7347400
2019-07-15,42.167903900146484,42.29732761108975,41.957588441298256,42.28923689344692,5876100
2019-07-16,42.17599105834961,42.442929194880634,41.90905600752322,42.030388999460804,7132500
2019-07-17,42.208351135253906,42.273061452325386,42.07083669720658,42.24070783664209,8264200
2019-07-18,42.087013244628906,42.20025860893052,41.795809116022056,42.09510396248174,11911800
2019-07-19,41.56932830810547,42.18409341203714,41.55314995424353,42.17600269225343,10355500
2019-07-22,41.43181610107422,41.67448523274404,41.35901505300273,41.67448523274404,12090700
2019-07-23,43.94749069213867,44.19824744460941,42.67751623427142,43.07387816097474,33417900
2019-07-24,43.50259017944336,44.343845936999244,43.37316645410438,43.77761598150182,15633400
2019-07-25,42.92827224731445,43.518768182301095,42.64515881468558,43.38125682522564,19135000
2019-07-26,43.81805419921875,43.93130264307048,43.025333606484104,43.14666968204438,11451900
2019-07-29,43.67245864868164,43.92321536544384,43.59965761478508,43.81805763076995,12283900
2019-07-30,43.45405960083008,43.92321946304999,43.33272350444806,43.648193652195175,8127100
2019-07-31,42.57235336303711,43.284182230046355,42.09510285058302,43.284182230046355,16865500
2019-08-01,42.087013244628906,43.03342666260117,42.070834894628,42.693687483991596,19527200
2019-08-02,42.329689025878906,42.65324679642983,41.989949818239666,41.989949818239666,13102300
2019-08-05,41.779632568359375,42.596619161228574,41.57740782811698,42.378216071482235,19986500
2019-08-06,42.281150817871094,42.677509597228955,41.747277604865246,41.95758998575037,19903100
2019-08-07,43.017250061035156,43.18711811439185,41.876702568103966,42.28115207745127,17937000
2019-08-08,43.42979049682617,43.50259153745853,42.75031514615917,43.04151930868861,10799000
2019-08-09,43.21138381958008,43.59965806147629,42.93636111726961,43.51067867627945,9260900
2019-08-12,43.0334358215332,43.227569891452724,42.863567738927266,43.098146149604574,6588600
2019-08-13,43.276092529296875,43.365071904845536,42.76648534205742,42.79075440810993,8581200
2019-08-14,42.863563537597656,43.65628426443117,42.847385185739206,43.146676980857805,17088900
2019-08-15,43.57538986206055,43.68054759990956,43.05769497681144,43.219475399878014,12393200
2019-08-16,44.01219940185547,44.07691281025038,43.6401065607002,43.66437254599572,14288700
2019-08-19,44.238685607910156,44.31148664201103,43.93130620677744,44.03646085604161,10936200
2019-08-20,43.58348083496094,44.23059944530271,43.551124133017616,44.18206439238772,8176700
2019-08-21,43.76143264770508,44.01219243699528,43.55920790703046,43.88276872639171,10886500
2019-08-22,44.0769157409668,44.19824876121707,43.761442482623224,43.77762083579766,7467900
2019-08-23,43.47024154663086,44.25487162146719,43.18712499356785,44.02029012811065,14160400
2019-08-26,44.117347717285156,44.117347717285156,43.46213848301497,43.68054156110503,9226900
2019-08-27,44.26295852661133,44.449004944228996,44.012198701628336,44.246780174769995,13537000
2019-08-28,44.578426361083984,44.61078306308839,44.020284051475315,44.2144211777968,10046400
2019-08-29,44.52989196777344,44.7644734322232,44.16588677909363,44.699760027255685,9262800
2019-08-30,44.52179718017578,44.667399232248876,44.335750799350045,44.618864186323016,8746700
2019-09-03,44.732120513916016,44.7563895856844,44.384293647053184,44.473273043558365,12991400
2019-09-04,45.11229705810547,45.23363005522435,44.73211354524914,44.772557877622106,10718100
2019-09-05,44.586517333984375,45.11230298097849,44.51371629187296,45.09612462876427,13677000
2019-09-06,44.67548751831055,44.845355552983264,44.29530403391534,44.845355552983264,9093500
2019-09-09,44.10117721557617,44.55416180099645,43.97175348912825,44.513714379346126,10814900
2019-09-10,44.004112243652344,44.036465862493884,43.55921527039787,43.866597792181366,12038200
2019-09-11,44.30339813232422,44.32766411464237,43.656279556300454,43.91512698670996,9740400
2019-09-12,44.578426361083984,44.740206785401064,44.47326862242215,44.57033564273041,12357900
2019-09-13,44.211761474609375,44.64361457065516,44.05694809045143,44.39102136761953,11486100
2019-09-16,43.967315673828125,44.276945533014356,43.69842895768474,44.081389014511096,11172000
2019-09-17,44.19546127319336,44.57027453083356,43.967311505193365,44.0813848350608,11347400
2019-09-18,44.18730545043945,44.236195345911256,43.853232268710535,44.1628620568359,9700400
2019-09-19,44.423622131347656,44.48880557999184,44.105845437075246,44.187325524947006,7560300
2019-09-20,43.92657470703125,44.5621279392174,43.91842794355479,44.5621279392174,19211500
2019-09-23,44.11398696899414,44.29324687096444,43.902136900701215,43.92658030250962,6485300
2019-09-24,44.24435043334961,44.49694361175515,44.03250039630308,44.20361040025589,10093000
2019-09-25,44.13842010498047,44.391013261893,43.999903382595065,44.358419994885246,10248400
2019-09-26,44.317691802978516,44.47250830848593,44.10584172737081,44.38287835440603,10031200
2019-09-27,44.25251007080078,44.521396835170904,43.99991683665166,44.45621338948898,7939900
2019-09-30,44.35842514038086,44.55398165684653,44.122131697827626,44.122131697827626,9808700
2019-10-01,44.529541015625,44.63546448984948,44.008057975509296,44.431761197203926,14261500
2019-10-02,43.250282287597656,44.35842552974546,43.10361567602735,44.17101888346461,14343600
2019-10-03,43.86954116821289,43.983614514615205,43.03843136236887,43.592504566264886,13817500
2019-10-04,44.43990707397461,44.43990707397461,43.91027731740861,43.999907255436575,9295400
2019-10-07,43.89398193359375,44.293241730298924,43.81250186484513,44.26879833132742,5964900
2019-10-08,43.65769958496094,44.05695637485758,43.55177298205796,43.90214296158874,13301900
2019-10-09,43.86138916015625,44.05694255681857,43.625092623279514,44.048795793734804,7135000
2019-10-10,43.722877502441406,43.902137406476875,43.47843415674399,43.63324755042367,8942900
2019-10-11,43.429542541503906,43.75546906183199,43.34806246555472,43.714729023857394,8981700
2019-10-14,43.429542541503906,43.73917242498902,43.364359102397685,43.58435903737929,7306300
2019-10-15,43.60064697265625,43.73916681391867,43.40509357215846,43.53546354191207,9564300
2019-10-16,43.5843620300293,43.649545473611234,43.2910287632459,43.55991551895343,10454800
2019-10-17,43.828792572021484,44.09767924913498,43.657682585834266,43.74730940602878,13190300
2019-10-18,44.635467529296875,45.13250409452018,44.366580780993026,44.81472743367664,18122400
2019-10-21,44.18730545043945,44.45619521313733,43.739158954207696,44.366565292238036,12778900
2019-10-22,43.877685546875,44.34212877955831,43.7880587140497,44.18731540475234,9533400
2019-10-23,44.52138137817383,44.53767801100291,44.00804832298479,44.04879145918995,8556600
2019-10-24,44.496944427490234,44.66805443457989,44.399167724619765,44.46435115711163,11051400
2019-10-25,43.79620361328125,44.45620333554526,43.731017074075545,44.44805346401191,9782400
2019-10-28,43.649539947509766,43.95916981305548,43.48657669678752,43.78805979851659,8866100
2019-10-29,43.5191650390625,43.72286830232496,43.39694183779897,43.502868405009686,7999700
2019-10-30,43.95102310180664,44.04065305156308,43.315469797374725,43.608803048117366,8620900
2019-10-31,44.350284576416016,44.38287785176065,43.87769140871634,43.96732136178116,13982000
2019-11-01,43.91843032836914,44.60287350337607,43.877687183978374,44.513243558941205,9889500
2019-11-04,43.299171447753906,43.999911272753586,43.160654700529385,43.96731799990114,17515100
2019-11-05,42.71250534057617,43.095468529255804,42.46806200859017,43.095468529255804,19284000
2019-11-06,43.022132873535156,43.022132873535156,42.70435624844998,42.80213295426109,13288900
2019-11-07,42.6065788269043,43.185095396611054,42.337689005108956,43.087318692442466,11725500
2019-11-08,42.541404724121094,42.85918143678395,42.44362799136321,42.74510806385536,7141800
2019-11-11,42.23991394042969,42.67176391651259,42.1910240323151,42.6391737527017,8198300
2019-11-12,42.133975982666016,42.29693919077669,42.028052539419036,42.29693919077669,12656900
2019-11-13,42.70436096191406,42.73695423687037,42.337694389320056,42.516954293313965,12257900
2019-11-14,42.88362121582031,42.91621138277676,42.655471397530334,42.80213802776468,8660300
2019-11-15,42.91620635986328,42.92435623184789,42.67991291282224,42.89176296044035,8982400
2019-11-18,43.209537506103516,43.543610751286515,42.91620429408619,42.9243541656785,13782000
2019-11-19,43.250282287597656,43.437688933878505,43.07916916858869,43.3073189578455,12679500
2019-11-20,43.364356994628906,43.5110236108211,43.19324387022768,43.26657717832378,11970300
2019-11-21,43.15250015258789,43.46212999460641,43.00583354890887,43.27472335840882,7856100
2019-11-22,43.209537506103516,43.33990747719285,42.981390833763506,43.15250083801851,9113300
2019-11-25,43.364356994628906,43.50287373866291,42.99769045414843,43.413243794515964,10963500
2019-11-26,43.91843032836914,43.95102049231003,43.36435713392232,43.43769044225397,13219800
2019-11-27,43.95916748046875,44.08138758082601,43.673981029771184,43.94287084543472,9595200
2019-11-29,43.83603286743164,44.10692806364658,43.68827071259332,44.08230208166785,7222300
2019-12-02,44.12335205078125,44.12335205078125,43.384541182453894,43.77036498385633,13173800
2019-12-03,44.16438674926758,44.19722347656733,43.83602887071804,44.090505678584464,14498300
2019-12-04,44.56662368774414,44.58304204949961,44.09871133790119,44.164381653440785,13624000
2019-12-05,44.48454284667969,44.566634675696896,44.189021656667,44.500961212483126,14068100
2019-12-06,44.673343658447266,44.73901711328487,44.46811880930376,44.58304735526958,7843500
2019-12-09,44.38603210449219,44.74722672778173,44.34498775912701,44.574838598358276,13887200
2019-12-10,44.1397705078125,44.386039753928145,44.10693377326819,44.361413768761594,8993900
2019-12-11,44.28752899169922,44.45170951925776,44.04946738331349,44.27931824300559,8879100
2019-12-12,44.443504333496094,44.6979843396389,44.279323785387305,44.33678650750286,11233300
2019-12-13,44.673343658447266,44.780061456817045,44.19722363680532,44.279312323869654,13072200
2019-12-16,44.673343658447266,45.009915417265994,44.6322993149151,44.894986871300176,9538100
2019-12-17,44.673343658447266,44.80469056812249,44.56662899156017,44.656928426220546,9230000
2019-12-18,44.254695892333984,44.94425165949238,44.23827752508219,44.763652751206045,15132100
2019-12-19,44.59125900268555,44.60767736787926,44.262897961777156,44.361408152939454,13385900
2019-12-20,45.12485122680664,45.313657755734624,44.71440143396753,45.100222109827584,23832800
2019-12-23,45.075592041015625,45.34649038286128,45.018129325742265,45.14947312229325,9300800
2019-12-24,44.91141891479492,45.149480563869574,44.8539561900505,44.98530000824969,3359300
2019-12-26,45.165897369384766,45.165897369384766,44.977090832975776,45.08380552867421,6228500
2019-12-27,45.43678283691406,45.51887465995826,45.14946928496651,45.1576769015295,6895500
2019-12-30,45.37110900878906,45.469616057357705,45.198720890923276,45.297227939491925,6431700
2019-12-31,45.43678283691406,45.46141194956875,45.13305092035767,45.31364979957205,7982600
2020-01-02,45.14126968383789,45.50246437491872,44.95246002305199,45.412164919277664,11867700
2020-01-03,44.894989013671875,45.14126134958225,44.402450604816785,44.59125709926066,11354500
2020-01-06,44.87858200073242,45.07559929299756,44.755448933114884,44.862166763570315,14698300
2020-01-07,44.53379440307617,44.82110795308353,44.45170571206917,44.697974916573024,9973900
2020-01-08,44.61589050292969,44.853952130458126,44.45171309365263,44.55022016551553,10676000
2020-01-09,45.42858123779297,45.47783633814379,45.018131462652626,45.149475265438205,15398000
2020-01-10,45.58454895019531,45.91291000795528,45.5188786175332,45.5435046008461,13040100
2020-01-13,46.077091217041016,46.15917991695127,45.494250174338816,45.584549623129995,14302900
2020-01-14,45.970375061035156,46.20843668344294,45.83082363985471,46.16739233200653,16345300
2020-01-15,46.54500961303711,46.77486050719319,45.970379246163354,45.970379246163354,17735400
2020-01-16,46.64350891113281,46.75022672196804,46.47112076927187,46.668134893832075,10234100
2020-01-17,46.74201583862305,46.91440711146991,46.62709041104716,46.684553124835105,14264300
2020-01-21,46.93082809448242,46.99650156484665,46.438289592684384,46.668140475992345,11968900
2020-01-22,47.29201889038086,47.316644872366034,46.93903186833961,46.99649458062698,12869600
2020-01-23,47.472618103027344,47.48903333680872,46.98828728791933,47.10321271328682,12858900
2020-01-24,47.34947967529297,47.505449440655184,47.168880797465164,47.489031076172395,8594300
2020-01-27,47.185306549072266,47.48903851084766,46.89799295435005,46.96366329107942,14359900
2020-01-28,46.79948043823242,47.40694746323293,46.76664683723271,47.16067823257771,15240200
2020-01-29,46.79948043823242,47.00470531902563,46.51216685771519,46.79127282085329,13163600
2020-01-30,48.318138122558594,48.41664517157735,47.41514692352506,47.554701446827366,20225600
2020-01-31,47.94053649902344,48.49874846131561,47.735311604989064,48.40844900690314,17685200
2020-02-03,48.08829116821289,48.408441451904025,48.03903607399776,48.227842571264766,12333600
2020-02-04,48.301734924316406,48.80248420556155,48.121136001510976,48.22785383148542,15417900
2020-02-05,48.309932708740234,48.49874234313865,48.05545587638953,48.350980187555614,11414900
2020-02-06,48.424861907958984,48.71217547458153,48.301725732844744,48.41665115949376,9347000
2020-02-07,48.589054107666016,48.69577194985659,48.30994807296418,48.334577194382916,8757800
2020-02-10,49.04875183105469,49.122632921415196,48.67113876098252,48.69576474727486,7984900
2020-02-11,48.91740036010742,49.089788500132606,48.69575712372519,49.02411816980621,7431200
2020-02-12,48.76963806152344,49.06516237584538,48.69575698294295,48.82710077469904,9179100
2020-02-13,48.93383026123047,49.1226368112173,48.60546913774152,48.74502371124364,8173200
2020-02-14,49.21292495727539,49.31143201907094,48.94202662298383,48.95023737149857,9965500
2020-02-18,48.86815643310547,49.19651755423704,48.80248608776939,49.09801047049106,10075700
2020-02-19,49.06516647338867,49.253972994088016,48.81889723471489,48.85173083678366,6265700
2020-02-20,49.02412033081055,49.13904576255996,48.5233711226311,48.99128359845838,7597200
2020-02-21,49.36069107055664,49.36069107055664,48.78606075632353,48.851731092287814,10842400
2020-02-24,48.145755767822266,49.08978829119186,48.080082306292375,48.5233687771701,14415500
2020-02-25,47.46440887451172,48.59725106216305,47.30022834809393,48.18680131186013,15915100
2020-02-26,47.2838134765625,47.99799834953544,47.18530640602542,47.59575618666045,15837800
2020-02-27,45.092002868652344,47.52186426436897,45.05095852624494,46.91440048118112,23754000
2020-02-28,43.909915924072266,44.238273847360155,42.34199799393283,44.189021881182676,40890600
2020-03-02,45.904701232910156,45.93753796639462,44.08230636528785,44.27111288559865,25698600
2020-03-03,46.019630432128906,47.1935170527128,45.67485098877339,46.59425761858258,27099200
2020-03-04,48.367401123046875,48.43307459170696,46.306944581828624,46.306944581828624,20526100
2020-03-05,46.57783889770508,47.751722298964644,46.12634166858632,47.44799036149817,17948500
2020-03-06,45.36290740966797,45.89649336569754,44.31215699574503,45.10021980618723,22353900
2020-03-09,42.57184600830078,43.98379406537903,42.25990334026382,42.72781577657781,27898300
2020-03-10,44.049476623535156,44.16440207748902,42.00543504619482,43.688281892325335,27457400
2020-03-11,42.859153747558594,43.22035146095101,41.9807917051438,42.97407915400802,22653900
2020-03-12,38.7136116027832,40.987503083028386,38.32778792233353,39.84645353525345,31913100
2020-03-13,40.13795852661133,41.040586540160575,38.59769392010097,40.999179064049315,33697200
2020-03-16,37.479759216308594,39.64938086300766,34.0928341920377,34.978903025106796,28682300
2020-03-17,39.06969451904297,39.33468583405145,37.57083482688289,37.993166906952794,32106700
2020-03-18,37.14023208618164,37.388664267852214,34.44063123040528,37.049143866375026,35408300
2020-03-19,34.63938522338867,36.98290392238268,33.98518620732586,36.73447483597638,41956900
2020-03-20,31.71617889404297,34.83811130477148,31.06198017700806,34.7387403474199,51513500
2020-03-23,31.1033878326416,32.20475744411412,30.035139767862734,32.0971037302588,44978500
2020-03-24,32.66850280761719,34.28329632262235,32.15508236515107,34.13423826530207,49096200
2020-03-25,34.45719528198242,35.980897364332925,33.04942653867817,33.645658749712105,42511700
2020-03-26,36.67649459838867,37.488030998801186,35.152792763608055,35.47575077246195,37821700
2020-03-27,35.45092010498047,36.46119875906107,35.11139963388959,36.1548030068442,23297900
2020-03-30,37.264442443847656,37.72817886481385,35.64136970888487,35.64136970888487,23446000
2020-03-31,36.64337921142578,37.686782517678914,36.48604154525296,37.3224201101986,25373900
2020-04-01,34.879520416259766,36.146513722704306,34.614529054154836,35.177636488364364,21936400
2020-04-02,36.39494323730469,36.59368518218155,34.664216602516184,34.96233267877774,17621900
2020-04-03,36.29558181762695,36.717910930854266,35.86496994513115,36.088557061173994,14207100
2020-04-06,38.64737319946289,38.92892694491991,37.00773779672377,37.58740764430544,22850000
2020-04-07,38.5148811340332,40.24560808204442,38.49003917616432,40.16279944985026,21279600
2020-04-08,39.59968948364258,39.8232765676266,38.365823881109954,38.62253252057756,18937100
2020-04-09,40.57684326171875,41.18135503736059,40.038577750790864,40.11310677293555,19165300
2020-04-13,38.86267852783203,40.27872677566081,38.50659577653759,40.03857735568151,19586000
2020-04-14,40.510597229003906,40.78387138605767,38.86268216434389,39.69906067491331,21801900
2020-04-15,39.425785064697266,40.07998388631466,39.260164670004144,39.508593682570684,12893200
2020-04-16,39.003456115722656,39.62453027781344,38.72190236921697,39.25188830771621,17606800
2020-04-17,39.79843521118164,39.997177182865435,39.227044934960695,39.997177182865435,19844600
2020-04-20,38.53143310546875,39.748739256047934,38.34925353196179,39.57483927994976,18957900
2020-04-21,37.57912826538086,38.837838948970344,36.65165524024342,37.993177707655825,26863700
2020-04-22,37.827545166015625,38.21675252778124,37.67848716189031,38.13394077051966,15811600
2020-04-23,37.322410583496094,38.175351289103254,37.23960197168909,38.051138371392746,17668200
2020-04-24,37.620521545410156,37.885512858040364,37.36380982926094,37.678488197613916,15175000
2020-04-27,38.738460540771484,38.90408093122526,37.85239508463193,38.09254449284259,19175500
2020-04-28,38.70534133911133,39.74874449209234,38.56456289304971,39.66593587131237,17246700
2020-04-29,39.02001190185547,39.63280636186613,38.82126997246272,39.14422797693545,15780000
2020-04-30,38.0014533996582,38.920643572438685,37.84411576499026,38.920643572438685,20801100
2020-05-01,37.76131057739258,38.415509501205754,37.43835249471049,37.77787293534381,14290400
2020-05-04,37.38037872314453,37.661932436957315,36.93320462021608,37.529436757454015,22544200
2020-05-05,37.59568786621094,38.175354515746456,37.38866316024931,37.56256315510996,13370500
2020-05-06,37.057430267333984,37.78615827218001,37.0325883081854,37.59569588116456,11892900
2020-05-07,36.933204650878906,37.46319052827828,36.85039603572541,37.38866151106167,16466000
2020-05-08,38.18364334106445,38.274734731595046,37.165082004939016,37.330702427817656,13985100
2020-05-11,37.71161651611328,38.18363253441299,37.69505416261818,37.83582942890767,10874600
2020-05-12,37.115386962890625,37.968327693038,37.09882460826349,37.76130299861806,13424400
2020-05-13,36.38666534423828,37.08226856218526,36.03886531473813,37.024301890601905,15854800
2020-05-14,36.187923431396484,36.486039547991766,35.79871592818079,35.92293202974439,18000800
2020-05-15,35.82355880737305,37.007740546037766,35.77387489262559,36.403228698018545,31579400
2020-05-18,37.23960876464844,37.5874087884161,36.544005558166496,37.115392665333346,26118500
2020-05-19,36.88351821899414,37.53771697431381,36.64336882897361,37.272722474292074,17839900
2020-05-20,38.0014533996582,38.233320052631214,37.28100832867332,37.430066365283466,22295900
2020-05-21,37.40523147583008,38.16708422215214,37.28929811765972,38.158804621831585,13193500
2020-05-22,37.28929138183594,37.52116121523948,36.974616083343264,37.446632190028794,13008400
2020-05-26,38.16707992553711,38.86268315519961,38.03458422269409,38.854400396864385,22223100
2020-05-27,38.69707107543945,38.99518726081165,38.23333443608855,38.9206582144686,18447600
2020-05-28,38.995182037353516,39.30157778285618,38.77159492827417,39.169082069210674,16230600
2020-05-29,38.65565490722656,39.07798393446666,38.20848076618661,38.65565490722656,51125000
2020-06-01,38.91236114501953,39.111103073418164,38.58112038576049,38.63908704478893,17010700
2020-06-02,38.83784484863281,39.152520198121024,38.55629105875855,39.05314920138512,15255100
2020-06-03,39.66593933105469,39.848118944449965,39.020020028636274,39.14423612958699,15508300
2020-06-04,39.68248748779297,39.97232392304839,39.23531659847894,39.69904984057435,13604700
2020-06-05,40.651371002197266,40.98261179216274,40.12966786363285,40.19591728520446,20504800
2020-06-08,41.280731201171875,41.380105349149574,40.96605587608287,41.02402254959646,19896700
2020-06-09,40.57684326171875,41.06542170490138,40.311851884970174,41.06542170490138,16713700
2020-06-10,40.262168884277344,40.800434449577715,40.2207645697804,40.70934306231642,15716600
2020-06-11,37.71161651611328,39.68248919784173,37.645367102132866,39.59140099203755,26070400
2020-06-12,38.1043701171875,38.64752580902119,37.611352903685514,38.614100156800056,21822700
2020-06-15,38.689300537109375,38.81464512050861,37.1601138329227,37.2436747634254,15622300
2020-06-16,39.08205032348633,39.85082121047201,38.59738792179437,39.742192620558185,18803500
2020-06-17,38.92326736450195,39.32436547061768,38.80627762769602,39.09038918465021,12602800
2020-06-18,39.265872955322266,39.30765341116724,38.49709917966803,38.68929182667047,9380800
2020-06-19,38.45532989501953,39.93438141263321,38.45532989501953,39.91766858791129,30464600
2020-06-22,38.22135543823242,38.56396036439133,37.92053097864992,38.46368341943364,20876200
2020-06-23,38.13779067993164,38.68094629928137,38.087655395936125,38.43861513448564,14675300
2020-06-24,37.310516357421875,37.97065518710932,37.185171806611514,37.912161913436314,17631800
2020-06-25,37.54450988769531,37.58629036482522,36.792448548772754,37.16012439786648,13829700
2020-06-26,36.40805435180664,37.611349018663745,36.357915878653934,37.53614290275735,21955100
2020-06-29,37.06819152832031,37.24367137901689,36.39133657723298,36.76736710561483,17603900
2020-06-30,37.33560562133789,37.460950244761385,36.800807845003874,36.976287767679814,23679800
2020-07-01,37.452571868896484,38.04586263014416,37.36065295339301,37.54449078439996,14316500
2020-07-02,37.50271224975586,37.9623036631732,37.43586096682153,37.845317105682746,15111900
2020-07-06,37.79518127441406,37.828606918207996,37.27709654618748,37.719975169700135,15146000
2020-07-07,37.778472900390625,38.02080406496039,37.43586798027811,37.6029930312795,13043600
2020-07-08,37.66148376464844,37.75340269584232,37.160111833320904,37.719977050381814,13851200
2020-07-09,36.69216537475586,37.644774035139775,36.625317265987036,37.644774035139775,16087100
2020-07-10,37.72833251953125,37.811893439920674,36.65037943322584,36.667092254832674,15627800
2020-07-13,37.8119010925293,38.17121886068541,37.56956991165277,38.045874267088465,16705300
2020-07-14,38.32997512817383,38.38846840534997,37.327228224569986,37.52777888034857,17080100
2020-07-15,38.772865295410156,39.433004307629055,38.60574024400029,38.68930117588261,23738000
2020-07-16,38.5639533996582,39.01518681989296,38.38847037149751,38.65586913446799,13306100
2020-07-17,39.12382125854492,39.19902736503876,38.54724323385544,38.831354837538285,13899800
2020-07-20,38.538883209228516,39.132177212763416,38.31326490157069,39.04025828879415,16633200
2020-07-21,39.44136047363281,40.10150264270411,39.2157421429004,39.708759268357504,25681500
2020-07-22,40.510955810546875,40.54438145692911,39.299303224174146,40.05136432954897,29831200
2020-07-23,40.34383010864258,40.58616125949594,40.13492460362658,40.50260033254755,15935000
2020-07-24,40.519309997558594,40.77835076349704,40.168347118908905,40.44410389410829,16196800
2020-07-27,40.510955810546875,40.53602345151101,40.2602698379703,40.2602698379703,17346500
2020-07-28,40.26027297973633,41.179456013461866,40.19342168175503,40.3939723880536,13872700
2020-07-29,40.12657165527344,40.52766986107178,39.95944660594617,40.22684540981173,13758100
2020-07-30,39.8508186340332,40.30205535381872,39.441365571285424,39.8341058087472,17276500
2020-07-31,39.47478485107422,39.91766349291839,39.0486158441738,39.641906701671665,14849200
2020-08-03,38.689300537109375,39.575061063605844,38.63080724822845,39.391223191325686,14137500
2020-08-04,39.015193939208984,39.15725135100919,38.62245372748077,38.68094701832636,11717200
2020-08-05,39.45806884765625,39.49984930693757,39.1154639813179,39.19067008308216,10498700
2020-08-06,39.67533874511719,39.7171192145043,38.93999037085113,38.99012884670296,10745000
2020-08-07,39.94272994995117,40.176706271618606,39.449712854943,39.666976354516706,11669700
2020-08-10,39.875892639160156,40.34383903382597,39.825754159312076,40.160004316341144,11888000
2020-08-11,40.051368713378906,40.65301766353236,39.859176007112204,40.494247419661065,16531600
2020-08-12,40.46918487548828,40.686445252839945,40.210140836497665,40.36055309298953,9562200
2020-08-13,40.427398681640625,40.71986514585872,40.15999986074254,40.3271217330698,9882900
2020-08-14,40.485897064208984,40.68644461127189,40.13493407538022,40.39397811028608,10075800
2020-08-17,40.28533935546875,40.73657603971273,40.27698453730656,40.37725829347903,9102400
2020-08-18,40.46082305908203,40.52767436129423,40.0764376342985,40.27698835328956,9829000
2020-08-19,39.583412170410156,40.42739215252696,39.458070786407625,40.210128653357444,17371000
2020-08-20,39.56670379638672,39.77560931418738,39.34944346043793,39.499855688266024,11308700
2020-08-21,39.50820541381836,39.69204326583277,39.24916464522877,39.558343879179965,14734100
2020-08-24,40.08478927612305,40.093144093750205,39.424647116001715,39.63355262077593,9257700
2020-08-25,40.03464889526367,40.15163546232644,39.817388583239236,40.10985500089615,7827800
2020-08-26,40.24354553222656,40.26025835064907,39.66696764104891,39.90929553906481,10124200
2020-08-27,40.30205535888672,40.79507254812649,40.27698771477731,40.31876818417482,10931600
2020-08-28,41.639041900634766,41.65575153394638,40.55273085198934,40.73656869486373,16420300
2020-08-31,41.388362884521484,41.839599597637694,41.23795064681609,41.613981241079586,18510800
2020-09-01,41.04575729370117,41.23794999715351,40.803429303567164,41.20452753524752,12588400
2020-09-02,42.77548599243164,42.91754337991112,41.246299498684955,41.246299498684955,26332600
2020-09-03,42.18220901489258,43.569341763767504,41.86467168077062,42.950983109980605,22289400
2020-09-04,42.650150299072266,43.00946803644352,42.01507575447162,42.56658618128526,21019500
2020-09-08,41.622337341308594,42.65015212679598,41.246306764265576,42.558233187113764,17776700
2020-09-09,41.93986511230469,42.416169375486334,41.40506756681265,41.446848027370805,15252300
2020-09-10,41.78110122680664,42.349324458502814,41.73932076310884,42.073567660336266,15439500
2020-09-11,42.66685485839844,42.78384141299573,41.864655421248585,42.11534453840797,18272300
2020-09-14,42.7173957824707,43.155436913655784,42.599462249737755,42.936417954787125,10911700
2020-09-15,43.00381088256836,43.28179984526504,42.82691056818758,42.961692219160746,12838400
2020-09-16,42.78479766845703,43.34077245529951,42.74267899937548,42.91957933758707,15353900
2020-09-17,42.5826301574707,42.6500226092044,42.06877396007262,42.304644327691605,13287100
2020-09-18,42.498374938964844,43.096468236129,42.2962008822113,42.75109009982106,23816600
2020-09-21,41.35273742675781,42.1361568259674,40.94839244868968,41.908712173282524,17514800
2020-09-22,41.8328971862793,42.15300483150655,41.33588921610339,41.369585434221676,13034600
2020-09-23,40.61144256591797,42.05192236109806,40.577746342844485,41.89187012167206,17121200
2020-09-24,41.02420425415039,41.36115677052891,40.063884601627215,40.61143364578531,16788100
2020-09-25,41.04105758666992,41.074750593183424,40.41769037116824,40.60301636751033,12603400
2020-09-28,41.512794494628906,41.87502084900311,41.39486093059053,41.53806826795756,11215700
2020-09-29,41.20953369140625,41.74866358918361,41.20111124284733,41.60545625609397,12426600
2020-09-30,41.58860397338867,41.79920051416827,41.18425900070564,41.50436664245611,15755900
2020-10-01,41.42855453491211,41.832899534685886,40.93154653683526,41.64757353807975,17577300
2020-10-02,41.58018112182617,41.76550710421565,40.89784717948612,41.07474750079527,13610100
2020-10-05,41.59703826904297,41.740242404043514,41.37801602163773,41.63915694325202,10628700
2020-10-06,41.22639083862305,41.89187689134692,41.133731030370306,41.740247076461756,10077400
2020-10-07,41.74866485595703,41.91713953983541,41.23480871516158,41.293775497208735,10135600
2020-10-08,42.506805419921875,42.57419785606097,41.731811685011635,41.87501579163487,12143900
2020-10-09,42.8016471862793,43.15544787433695,42.624743628801895,42.68371041014484,11407800
2020-10-12,43.03750991821289,43.40815867930961,42.81849092607579,42.826913373929884,11386500
2020-10-13,42.30463409423828,42.953271824749905,42.035070779408535,42.953271824749905,14365300
2020-10-14,42.22039794921875,42.532083175394185,41.82447859687327,42.16143116879605,10582100
2020-10-15,42.11088180541992,42.228815343174844,41.529633350130794,41.61387388670423,9961700
2020-10-16,42.14457702636719,42.414140330704384,42.00979537419859,42.11088402341108,13569800
2020-10-19,41.79920196533203,42.52365460491673,41.66442030309174,42.1445801756633,9930400
2020-10-20,42.32990264892578,42.641584614436,41.94240580386464,42.026643130722086,10970700
2020-10-21,42.11088180541992,42.48153052599939,41.92555583840624,42.085608037723944,12517400
2020-10-22,42.692134857177734,43.130176087149344,42.43941962812255,43.10490231482989,20189200
2020-10-23,42.55735778808594,43.11333263749002,42.51523911426494,42.96170284097538,13491300
2020-10-26,41.95083236694336,42.54892580127478,41.445401929315075,42.405721688877826,14696400
2020-10-27,42.035091400146484,42.363621650418544,41.74025417067045,41.959276479818335,13892100
2020-10-28,40.400840759277344,41.403282378463494,40.24921098853403,41.27692316502797,19886200
2020-10-29,40.451385498046875,40.838882376792604,39.84486640891559,40.20709273009696,15369900
2020-10-30,40.485084533691406,40.535625652336336,39.90383596168637,40.274487970141415,15804000
2020-11-02,40.956817626953125,41.23480662547208,40.636713173047504,41.066328736683175,15156100
2020-11-03,41.571754455566406,42.08561051180476,41.27692059384673,41.462246571755145,15285100
2020-11-04,41.42012023925781,42.29620249620789,41.34430858021088,41.6391424102192,12930800
2020-11-05,41.6475715637207,42.29620930764422,41.5633342311377,41.91713488412421,12452400
2020-11-06,41.65599822998047,42.110887549178486,41.48752034730176,41.82447611265918,9294900
2020-11-09,44.284244537353516,44.865489888181,43.86305141585429,44.225277757419505,33442000
2020-11-10,45.47201156616211,45.724726810570054,44.183161570267515,44.28424702534096,29706700
2020-11-11,45.13505935668945,45.74157530566618,44.92446278234159,45.42989327539698,17399900
2020-11-12,44.6548957824707,44.82337368302269,44.31794319481542,44.688592005270834,15024400
2020-11-13,45.025543212890625,45.06766188036953,44.55380578216124,44.85706532952668,12447900
2020-11-16,45.36248779296875,46.01112544116982,44.88232799851888,45.910040014298204,14908200
2020-11-17,45.21929168701172,45.27825846421482,44.67173936904187,45.202443577318206,14248400
2020-11-18,44.317935943603516,45.50570028865478,44.27581727871906,45.27825564214094,15278200
2020-11-19,44.755977630615234,44.84021496133016,43.76196170362779,44.21685100176405,17189500
2020-11-20,44.36847686767578,44.857062375915504,44.30108764683645,44.806518050199905,15645600
2020-11-23,44.37691116333008,44.78967865658663,43.972566119274184,44.60435585313316,13191900
2020-11-24,44.831790924072266,45.14347289280426,44.66331305516781,44.76439849113125,13827600
2020-11-25,44.58750534057617,44.88233924845623,44.46957177742415,44.705438903728194,10194800
2020-11-27,44.39376449584961,44.80653203764728,44.31794959033281,44.73914279577076,8499300
2020-11-30,43.80794906616211,44.308854054493864,43.36647644740897,44.22395622134397,43203600
2020-12-01,44.18151092529297,44.427719195706224,43.96926308638051,44.26640876539995,18968800
2020-12-02,44.240943908691406,44.25792412591856,43.84191690046656,44.06265648577424,14913100
2020-12-03,44.80976104736328,44.94559952966661,44.06265101401741,44.06265101401741,17318900
2020-12-04,45.71818161010742,45.73516182526498,44.79278093521221,44.809761150369766,18122400
2020-12-07,44.98805618286133,45.65875693452565,44.74184789700413,45.64177671771013,16210900
2020-12-08,45.149356842041016,45.40405358007523,44.81825075873206,44.9455975084268,12485800
2020-12-09,45.27670669555664,45.505931492053534,44.99653801750197,45.31066388552061,11508400
2020-12-10,45.03899002075195,45.42952526058369,44.97956088593603,45.3361389334765,12097300
2020-12-11,45.293678283691406,45.454988681073054,44.809753568835156,44.82673378111977,10638100
2020-12-14,45.22576904296875,45.709693847383235,45.14935969286936,45.54838665879338,22292000
2020-12-15,45.70969009399414,46.032307683327474,45.50593076424554,45.66724117823455,16193700
2020-12-16,45.0474739074707,45.67572557722136,44.94559263239407,45.505926690738015,15679600
2020-12-17,45.22576904296875,45.59932406642968,45.12389098905121,45.2512377467869,12677300
2020-12-18,45.62479782104492,45.7096956629074,44.673925151230776,45.06446364427537,35480100
2020-12-21,44.835227966308594,44.996535133895435,44.13056369173784,44.724858199725745,14926600
2020-12-22,44.79276657104492,45.1493444977163,44.47864078797631,44.83521871464769,9689500
2020-12-23,45.06446075439453,45.3276459904778,44.94559924930628,44.954090976135014,7040300
2020-12-24,45.37009048461914,45.46348003875957,45.013515720058805,45.013515720058805,3265500
2020-12-28,45.98136901855469,46.21908554794662,45.616302497762895,45.718180547695894,9020500
2020-12-29,45.95590591430664,46.2615433399847,45.862516341055546,46.22758290632154,8320600
2020-12-30,46.21907424926758,46.380384630759565,45.870988028331645,45.88796823894364,8142700
2020-12-31,46.55868148803711,46.6350908320662,46.07475672206778,46.22757541012596,8495000
2021-01-04,44.79276657104492,46.38038217338802,44.17300349044194,46.07474487585365,25611100
2021-01-05,44.30035400390625,44.67390890636774,44.17300404877598,44.42770395903652,20323800
2021-01-06,42.89104080200195,44.164527750142234,42.61087211886159,44.12207883293318,38724500
2021-01-07,42.41560745239258,42.67030421196742,42.042052420925806,42.525977235711515,53225700
2021-01-08,43.36647415161133,43.40892306593906,42.313723587603086,42.47503075750627,29674000
2021-01-11,42.61936569213867,43.17969984405324,42.40711785825217,42.97594049851843,19304400
2021-01-12,42.542945861816406,42.76368212967559,42.24579702439182,42.48351674206032,18538700
2021-01-13,42.58539962768555,42.7551985200605,42.407112248081866,42.432580948412536,18864100
2021-01-14,41.79583740234375,42.60237970965892,41.78734891514115,42.585399496609234,34303600
2021-01-15,41.34587478637695,41.75339020033818,41.20154458886142,41.736409986592555,24366800
2021-01-19,41.1845588684082,41.63452637589153,40.95533411010297,41.37982968105134,29114500
2021-01-20,41.32889938354492,41.44775765495547,41.014773489296346,41.21004111213438,23115800
2021-01-21,41.55811309814453,41.676971328542884,41.14210605310642,41.41378293362948,19702500
2021-01-22,41.16759490966797,41.549638453379536,41.16759490966797,41.43927190186719,15400300
2021-01-25,41.41379165649414,41.464732296813146,40.95533884820134,41.10815429186923,16604200
2021-01-26,41.846778869628906,41.940168423928064,41.26946456909281,41.52416129258943,12922600
2021-01-27,41.201541900634766,41.872245725925715,40.94684518835746,41.507179250825295,21242400
2021-01-28,41.72792434692383,42.02507001114062,41.269468260436625,41.337385881409816,17498900
2021-01-29,40.878929138183594,41.70244843138702,40.84496871161069,41.62603909092025,18670300
2021-02-01,41.159088134765625,41.337375488471146,40.90439145252288,40.980800781060104,12183600
2021-02-02,41.566612243652344,41.89771832428785,41.286446805670266,41.43077376855458,13319800
2021-02-03,41.40530776977539,41.67698473770787,41.32040669314341,41.55812646906803,12274100
2021-02-04,41.60906219482422,41.6600028387447,41.30342804723569,41.56661327754621,20597400
2021-02-05,42.15241622924805,42.2627827582778,41.82979865223945,42.02506624818965,12742000
2021-02-08,42.38164520263672,42.59389303295116,42.016581914049176,42.4156056327618,17833200
2021-02-09,42.194862365722656,42.466539284694655,42.1354332421128,42.322209099753344,14592900
2021-02-10,42.10996627807617,42.941980584173514,42.05053714744704,42.7976503821851,22965400
2021-02-11,42.70426940917969,42.95047770765743,42.27977368296787,42.288265411133516,21928600
2021-02-12,43.03536605834961,43.171204531208275,42.780669326570184,42.93348801336677,13137100
2021-02-16,42.678794860839844,43.060841609871616,42.58540529567153,42.97594053306182,15093400
2021-02-17,42.5599365234375,42.865573922170896,42.35617717806692,42.4495667430849,12794300
2021-02-18,43.1032829284668,43.171200539293665,42.475028025435435,42.58539778650399,12747100
2021-02-19,42.542945861816406,43.15422050918664,42.42408762230423,43.12026008685626,15968800
2021-02-22,42.98442459106445,43.19667238725369,42.169390592328085,42.32220926467588,14370900
2021-02-23,42.908016204833984,43.73153547000201,42.80613492858367,43.29855138119362,16222300
2021-02-24,43.05235290527344,43.21366334321407,42.55993957978742,42.7806759176994,14442000
2021-02-25,42.593902587890625,43.08631921923173,42.43259536657833,42.8486026323198,14211100
2021-02-26,41.592079162597656,42.62784619567092,41.57509895042999,42.61935770890924,23638400
2021-03-01,42.36466598510742,42.82311881296412,41.94017034693458,41.97412753661843,13901200
2021-03-02,42.53446578979492,42.9250042762992,42.1948711893871,42.31372946146209,11755100
2021-03-03,42.43258285522461,42.924999341375475,42.20335482601417,42.21184655226899,15410700
2021-03-04,42.39862060546875,43.37496180955867,42.126943672593114,42.712749690504864,22036400
2021-03-05,43.120277404785156,43.25611591001787,42.36467551701284,42.492022293930454,21310800
2021-03-08,43.8419075012207,44.56355200475783,43.43439209107196,43.697580543700035,25084900
2021-03-09,43.1796875,44.04565880333357,43.14572707901186,43.90982035802501,23082700
2021-03-10,43.67210388183594,43.83341427414586,43.06083245203046,43.451367606364784,21331600
2021-03-11,43.19668197631836,43.66362658386104,43.13725283928448,43.6466463677592,17417700
2021-03-12,43.11106872558594,43.3850069437856,42.97409961648611,43.30796161581687,17598600
2021-03-15,43.68463134765625,43.76167668532202,43.20524103827062,43.23092172895869,13411900
2021-03-16,43.847286224365234,44.104102938558675,43.69319554272883,43.83016467467211,14214200
2021-03-17,43.864410400390625,44.189710067231815,43.78736505495942,43.87296954294881,17502700
2021-03-18,43.29084014892578,43.82159503946764,43.222357227049976,43.71030988321931,18007300
2021-03-19,43.49629592895508,43.72743191585579,42.94841621985644,43.19667375381659,67845700
2021-03-22,43.65895080566406,43.727437001867585,43.076831200340415,43.076831200340415,17911400
2021-03-23,43.9928092956543,44.215386149740695,43.51341902334756,43.65038813909253,16936700
2021-03-24,44.10409164428711,44.42083206849405,43.78735122008016,43.8044694997879,14997400
2021-03-25,44.53211975097656,44.566362841033026,43.804468782480384,44.25818156172649,17091900
2021-03-26,45.405311584472656,45.46523537594041,44.309555257058584,44.634858171884765,17126700
2021-03-29,46.09870910644531,46.17575443553068,45.12280378176487,45.13992532885064,17514100
2021-03-30,45.499473571777344,46.04735004363566,45.311139809975536,46.01310694774418,14871800
2021-03-31,45.122806549072266,45.516592359391595,44.943035192048406,45.396744788042355,15826500
2021-04-01,44.95159149169922,45.49947120060656,44.90878925686615,45.33681813639922,15834700
2021-04-05,45.208412170410156,45.55939572673679,44.76326173655178,44.81462311295001,16368700
2021-04-06,45.5337028503418,45.9274918306367,45.28544862666098,45.405296168907014,15614300
2021-04-07,45.61076736450195,45.79910116193619,45.473798220623046,45.61076736450195,10062700
2021-04-08,45.47378921508789,45.69636607081369,45.34538250503193,45.51659145177321,9695600
2021-04-09,45.52515411376953,45.61075858762023,45.20841364180032,45.51659170702365,10828200
2021-04-12,45.67067337036133,45.84188554991671,45.45665896231727,45.65355509144643,8565300
2021-04-13,45.4481086730957,45.61932088599171,45.208413534402084,45.405306436272035,11071700
2021-04-14,45.43954849243164,45.53371210504895,45.071443386086976,45.353940755141444,9787600
2021-04-15,45.653560638427734,45.93605799325741,45.47378603197129,45.48234843806979,13078100
2021-04-16,45.953182220458984,46.055908240425666,45.69636553774163,46.00454686324297,17974100
2021-04-19,46.22713088989258,46.53531228498819,45.62788965116245,46.22713088989258,19352900
2021-04-20,46.372650146484375,46.73219612593121,46.064472077017456,46.090152766406014,14419200
2021-04-21,46.74930953979492,46.86059795045044,46.432569118576254,46.432569118576254,13866500
2021-04-22,46.60377502441406,46.971880057264116,46.50104902577703,46.629458973273785,12558900
2021-04-23,46.62946701049805,46.73219302684131,46.372647071238106,46.569543228831044,9020500
2021-04-26,45.936065673828125,46.6637135650117,45.86758274159517,46.629473731696045,11684600
2021-04-27,45.867584228515625,45.970310262996016,45.64500734393939,45.850462678501934,9852400
2021-04-28,45.876136779785156,46.26992257672034,45.74772680593176,46.209998793082434,10868100
2021-04-29,46.44969177246094,46.53529950625827,45.73916554274935,45.833332417125845,15391000
2021-04-30,46.209999084472656,46.45825662716732,45.96174154177799,46.441135079505486,14912600
2021-05-03,46.63802719116211,46.91196541792008,46.36408896440413,46.45825584215242,10417900
2021-05-04,46.346961975097656,46.757869266987,46.175749787076874,46.715067036382024,14151000
2021-05-05,46.22713088989258,46.43258624182366,45.978873292109775,46.346978484518196,9665900
2021-05-06,46.68939208984375,46.749315873176265,46.26992234091486,46.329846124247375,11572700
2021-05-07,46.66370391845703,46.88628074980564,46.36408502887349,46.60378014054032,10637500
2021-05-10,47.00613784790039,47.511212125443585,46.937654915922515,46.98045715660889,15545800
2021-05-11,46.50106430053711,47.203031508741546,46.269928278479306,47.108864618391884,12986700
2021-05-12,46.2613639831543,46.70651442801856,46.12439486670386,46.53530221605518,15836500
2021-05-13,46.66370391845703,46.89483988996475,46.08158768520915,46.20143524104257,15475800
2021-05-14,46.85204315185547,47.16878362449931,46.81780005600171,46.99757467643325,11725300
2021-05-17,46.775001525878906,47.10030443106695,46.655153946494266,46.946213753114804,12119800
2021-05-18,46.5181770324707,46.70651077747052,46.31272174105262,46.56097926571582,13232500
2021-05-19,46.372650146484375,46.381212553348156,45.89325986135712,46.32984790896964,15126100
2021-05-20,46.78355407714844,46.91196077132194,46.32984128071947,46.32984128071947,10948400
2021-05-21,46.75787353515625,47.18590241147925,46.41545239345855,46.91196419188062,16033200
2021-05-24,46.91196060180664,47.02324901550228,46.646584808779785,46.766432362482355,10326100
2021-05-25,46.903404235839844,46.929084922980415,46.52673674123893,46.929084922980415,11916500
2021-05-26,47.10886001586914,47.125981563860094,46.732195756872166,47.066057778692425,16064300
2021-05-27,47.50265121459961,47.571134144027255,46.89484766332109,47.262952797599056,59109600
2021-05-28,47.33143615722656,47.69097886278663,47.254390825234935,47.38279753482011,17011600
2021-06-01,47.322879791259766,47.63962356632466,47.16878910760704,47.37424444101125,13304000
2021-06-02,47.511207580566406,47.56257222383755,47.30575227308316,47.511207580566406,11328500
2021-06-03,47.63105392456055,47.71666166114461,47.1687819438103,47.237268133077556,17364300
2021-06-04,48.144691467285156,48.35014350781053,47.75090240267579,47.853631688539785,18935100
2021-06-07,47.973480224609375,48.230296913249624,47.77658732113181,48.20461622406601,14010800
2021-06-08,47.639610290527344,48.15324358250035,47.55400256479796,48.15324358250035,10968300
2021-06-09,47.49407958984375,47.8707437925972,47.49407958984375,47.7252155548064,9838800
2021-06-10,47.86219024658203,48.041961596252385,47.73378027361677,47.86219024658203,12444400
2021-06-11,48.076194763183594,48.11899699013275,47.648165962490864,47.93066653843635,11825800
2021-06-14,47.91232681274414,48.05032798438203,47.61045027797609,48.03307742665136,9710800
2021-06-15,47.79158020019531,48.119334244104365,47.60182733947833,48.11070731941301,11154200
2021-06-16,47.1533317565918,47.83471416935054,47.12745755794801,47.817463606851895,15211700
2021-06-17,47.39482116699219,47.56732344654029,47.136069392773685,47.15331665954191,10658400
2021-06-18,46.37706756591797,47.11019823970708,46.33394281279057,47.01532180870214,31445600
2021-06-21,46.88594436645508,46.9463196747764,46.57544090068398,46.76519374981243,14404300
2021-06-22,47.058448791503906,47.308573670089,46.79969369815541,46.8686959337704,13072800
2021-06-23,46.6789436340332,47.092947182049,46.67031999958209,47.05844935403681,12339200
2021-06-24,46.911808013916016,46.93768220017855,46.57543043167588,46.799681056433705,11488400
2021-06-25,46.85144805908203,46.980825613168584,46.58406931606683,46.78244910972165,18880300
2021-06-28,46.79969024658203,46.89456666845145,46.57543957778766,46.79106661287001,10556900
2021-06-29,46.45469665527344,46.86870023634605,46.333946022069924,46.68757428654078,12300900
2021-06-30,46.67032241821289,46.73069773312275,46.35981891855766,46.402943673463575,14614200
2021-07-01,46.54093551635742,46.989440115762044,46.45468602386728,46.868689510192965,13214700
2021-07-02,46.73069381713867,46.96357142236519,46.57544208032099,46.57544208032099,10604600
2021-07-06,46.47193908691406,46.653065005036886,46.187309823971844,46.5668155078948,15278200
2021-07-07,46.85144805908203,46.903199738758225,46.33394442315157,46.33394442315157,14377700
2021-07-08,46.68757629394531,46.722074126195324,46.351198575498735,46.584072926570876,11943900
2021-07-09,46.972190856933594,47.023942527981774,46.73068963912342,46.79106494357596,10847000
2021-07-12,46.98944854736328,47.092948614964534,46.80832260650913,46.85144736049233,15107600
2021-07-13,47.455204010009766,47.69670526561748,47.22232638915611,47.39482869610784,15170800
2021-07-14,48.52470016479492,48.60232601885475,47.403440387425164,47.455192053534056,22002700
2021-07-15,48.679962158203125,48.70583964182857,48.222833860048695,48.50746314847461,15068200
2021-07-16,48.64545822143555,48.886959436893655,48.52470432349919,48.6972066017724,14860500
2021-07-19,48.06757354736328,48.602327620617345,47.575944218851035,48.36945334097017,19527000
2021-07-20,48.153831481933594,48.58508555593175,47.886452771580046,48.06757869300948,16257900
2021-07-21,48.774845123291016,49.64598037410371,48.671345045543816,49.44760385416818,20918200
2021-07-22,48.70583724975586,48.93871484970136,48.343582108660335,48.83521150069833,13402700
2021-07-23,49.17158508300781,49.44759070059355,48.688582655199134,48.809333262151306,12144000
2021-07-26,49.21471405029297,49.266462431275116,48.78345999433592,49.06808596035976,8681100
2021-07-27,49.38721466064453,49.628719177243966,49.093961761365364,49.25784041373773,12794400
2021-07-28,48.938716888427734,49.300968754406675,48.843840459659624,49.15434393918882,9858000
2021-07-29,49.20609664916992,49.37859896297738,49.042221260667226,49.223347209571465,9599100
2021-07-30,49.188846588134766,49.37859946427014,49.076722879698416,49.29234995159479,11727000
2021-08-02,49.059471130371094,49.369974632811406,48.91284301412631,49.335473512494055,9778000
2021-08-03,49.093963623046875,49.162965856179746,48.94733881295089,49.162965856179746,8825500
2021-08-04,48.38670349121094,49.119837356354935,48.30907762996527,48.94733507689709,11888400
2021-08-05,48.731712341308594,48.80933820938978,48.550586412521696,48.67996066585194,9806800
2021-08-06,48.85247039794922,48.938723203508374,48.679968077039014,48.81796927572555,10409300
2021-08-09,48.86109161376953,49.059468108061424,48.67133875392175,48.99046587167761,8859900
2021-08-10,48.99045944213867,49.30958651801209,48.8697088345221,49.024960555802636,10906900
2021-08-11,48.93009567260742,49.318225067302386,48.91284511170897,49.06809686958695,8370700
2021-08-12,49.02497100830078,49.145721641662306,48.93009457060015,48.93009457060015,6169200
2021-08-13,49.36134719848633,49.42172251331498,48.964594189552905,48.999095309514395,7714200
2021-08-16,49.576969146728516,49.58559607093256,49.18883981273539,49.33546791233615,7972000
2021-08-17,49.40446853637695,49.645973069196316,49.17159092805525,49.559720275258094,10346400
2021-08-18,48.731712341308594,49.361342920097044,48.66271010736638,49.326841803125944,13873700
2021-08-19,49.04221725463867,49.14571731838552,48.25733491662569,48.35221134598017,9223700
2021-08-20,48.85247039794922,49.18884811410965,48.800722004821836,49.02497271885942,10543600
2021-08-23,48.679962158203125,48.94734088761465,48.628213771367655,48.87833865155708,8912800
2021-08-24,48.309085845947266,48.85246696708036,48.21421270180722,48.85246696708036,12067200
2021-08-25,48.36082458496094,48.447074071175585,48.06757172554134,48.35220095242227,11270700
2021-08-26,47.903709411621094,48.28321186044959,47.8778319265545,48.25733766559089,10331500
2021-08-27,47.99857711791992,48.11932772557943,47.82607483974608,48.00720075123534,8844100
2021-08-30,48.455711364746094,48.47296192372251,47.98995614300607,48.033080895343254,10034700
2021-08-31,48.567840576171875,48.748966518403655,48.300461835109836,48.43846302303041,14185700
2021-09-01,48.895591735839844,48.99046817021515,48.54196348330053,48.62821628282712,9518900
2021-09-02,48.9645881652832,49.18883883702681,48.654084704247836,48.9645881652832,11653200
2021-09-03,48.93009567260742,48.96459679440432,48.516092081668816,48.69721803579044,13220400
2021-09-07,48.01582336425781,48.89558200306379,47.87782220269259,48.817956144045404,20035300
2021-09-08,48.662715911865234,48.714467593494845,47.96408630600949,47.96408630600949,12040100
2021-09-09,48.17971420288086,48.66271674553314,48.12796252036466,48.45571659588446,12545400
2021-09-10,47.964080810546875,48.41258546265895,47.88645494210041,48.309082111258576,10573700
2021-09-13,48.36082458496094,48.64545381184186,48.076198648287004,48.076198648287004,20274300
2021-09-14,48.39559555053711,48.64761148451517,48.27393360035171,48.59546922799021,13918900
2021-09-15,48.56071090698242,48.664992104710024,48.16096023812085,48.38690670074341,15746000
2021-09-16,48.10012435913086,48.656298425398695,47.63954607733946,48.421663268154255,17430400
2021-09-17,47.309322357177734,47.96108563166238,47.24849138342899,47.813354213998124,33370200
2021-09-20,46.979095458984375,47.2745615932562,46.69231804261499,47.02254567857509,27542500
2021-09-21,46.970401763916016,47.63954573005987,46.87480929517559,47.26586788773228,16418200
2021-09-22,47.03993606567383,47.413613997773545,46.979105082777586,47.370160454242,12719700
2021-09-23,46.96171188354492,47.46574036755219,46.926950383947435,47.15289350125296,13836200
2021-09-24,46.831363677978516,47.13552186431032,46.805294207593306,46.926956156110236,9682200
2021-09-27,46.588035583496094,47.14420633520095,46.55327408275475,46.79659795786583,12429500
2021-09-28,45.745086669921875,46.45768084818891,45.562593766593785,46.45768084818891,19926100
2021-09-29,46.02317810058594,46.19698230927435,45.675572998248676,45.74509269270031,13941500
2021-09-30,45.59735870361328,46.34471443838033,45.562597200824264,46.20566842722426,17672000
2021-10-01,46.0753173828125,46.2317408290285,45.6842587672725,45.86675168284472,16277400
2021-10-04,46.04924392700195,46.51851090998646,45.536523412133036,46.11007489359326,18973400
2021-10-05,46.12746047973633,46.46637684771966,45.997106500493786,46.07531822503143,17173100
2021-10-06,46.674949645996094,46.727091912329854,45.632127524601785,45.85807403034129,21284500
2021-10-07,46.82268142700195,47.17028656862975,46.76185044434109,46.91827391833757,13774400
2021-10-08,47.03123092651367,47.26586607303926,46.84004931141205,46.92694974418197,13786800
2021-10-11,47.126827239990234,47.26586993279982,46.93564229423732,47.10944648900912,12378500
2021-10-12,47.126827239990234,47.648239824305655,47.11813852201932,47.29193940175184,19474400
2021-10-13,47.135520935058594,47.300633102642266,46.744462311792624,47.074686646959975,12143300
2021-10-14,47.45705795288086,47.630862158911924,47.196353301354016,47.265872994742736,13704000
2021-10-15,47.344085693359375,47.69169411255556,47.17897351751295,47.48312839802993,17867000
2021-10-18,46.87481689453125,47.26587555048645,46.80529719738348,47.231114044392726,15861800
2021-10-19,47.057308197021484,47.10075841755102,46.72708055392622,46.961715722832906,11068500
2021-10-20,47.474430084228516,47.58739997985121,47.022540556621,47.083371520429814,12474800
2021-10-21,47.231109619140625,47.50919501175624,47.109447674251214,47.448364039311535,14388300
2021-10-22,47.31801986694336,47.387539567113734,46.98779217477453,47.2658776055357,12828600
2021-10-25,47.126827239990234,47.33539293672426,46.94433432724752,47.25718121482891,11855000
2021-10-26,47.335391998291016,47.43098446927233,47.12682630569184,47.20503802603663,12086700
2021-10-27,48.247859954833984,48.734511028506326,48.03060554400442,48.638918557335046,24019800
2021-10-28,48.69974899291992,48.760579962081735,48.33475986290985,48.44773308351287,15928000
2021-10-29,48.98651885986328,49.073422604764,48.47379836758524,48.55201008047643,24463700
2021-11-01,48.81271743774414,49.012594404767775,48.57808560087813,49.003902372268094,11651100
2021-11-02,48.75189208984375,49.09950049903858,48.638922174638985,49.07343102861278,11498900
2021-11-03,48.916996002197266,48.951757497900054,48.47379521958338,48.66498013091005,10788300
2021-11-04,49.186397552490234,49.21247033615783,48.69105775831619,48.76058076137744,10820200
2021-11-05,49.39496612548828,49.67305152386225,49.177711700818655,49.39496612548828,12886700
2021-11-08,48.95176315307617,49.43841088898073,48.77795896952209,49.31674895500459,12828000
2021-11-09,49.09081268310547,49.11688215401055,48.7432042675199,49.02128967397254,10155800
2021-11-10,49.290687561035156,49.46448845801694,48.91700966545301,49.13426410171986,8813600
2021-11-11,49.30807113647461,49.42973309734248,49.1603363875352,49.38628287060964,7257700
2021-11-12,49.19508743286133,49.52531505287466,49.14294518284687,49.31674936785595,10162500
2021-11-15,49.20378112792969,49.25592338321899,48.899626259674015,49.12556940251545,10289200
2021-11-16,48.856178283691406,49.48186880072868,48.83010549732848,49.203783389814426,13756500
2021-11-17,48.5867805480957,48.70844249837794,48.36083739972004,48.69975377980329,13288700
2021-11-18,48.15226745605469,48.6041570281258,47.91763229468858,48.517256589859485,15380100
2021-11-19,47.9089469909668,48.22179389508238,47.7090733166795,48.17834035781341,15813700
2021-11-22,48.204410552978516,48.682369601899474,47.86549419674437,47.88287163267085,16905600
2021-11-23,48.56071090698242,48.760584583893454,48.230483246632254,48.36952594861556,13835900
2021-11-24,48.16964340209961,48.525940467515866,47.822035053627644,48.41296725700664,12598900
2021-11-26,46.69232177734375,47.57872025105863,46.561971108145386,47.43967754822332,14754300
2021-11-29,47.43098831176758,47.561338979542754,46.86612547295668,46.97040667018472,22712500
2021-11-30,45.933441162109375,46.96683437089195,45.92468172399012,46.94055939728101,30485200
2021-12-01,45.80207443237305,46.87049866819281,45.78455889760179,46.39758925160898,18719600
2021-12-02,46.476409912109375,46.71286463273575,45.985984935171686,46.064803175380476,17074200
2021-12-03,46.88801956176758,46.949322270099884,46.39759455436212,46.704111436770674,21064400
2021-12-06,48.087806701660156,48.38556415315561,47.4134735514867,47.562353947607996,26624100
2021-12-07,48.35053634643555,48.53444448870844,48.03526333639781,48.18414374258112,23832700
2021-12-08,48.16661834716797,48.473131854896735,47.606134595465846,48.27170821542545,18026300
2021-12-09,48.044010162353516,48.280464857802244,47.80755546690478,47.947676396717384,13846400
2021-12-10,49.2875862121582,49.32261728208325,48.227921402525745,48.385557876441766,23153600
2021-12-13,50.583702087402344,50.73258245348154,49.88309744312323,49.90061297682352,31362800
2021-12-14,50.618743896484375,50.94277298683493,50.26844317038158,50.26844317038158,24806600
2021-12-15,50.84642791748047,51.01282046396468,50.487367855569964,50.73257862738801,24923800
2021-12-16,51.363128662109375,51.564552289948466,50.70631117712458,50.77636997166812,24696900
2021-12-17,50.557437896728516,51.599587249648835,50.53116626268546,51.22301491229287,51874400
2021-12-20,50.39103698730469,50.6012167064159,49.918127608184854,50.09327960127513,20879500
2021-12-21,50.592464447021484,50.76761645339526,50.38228137122362,50.45234351007179,15864900
2021-12-22,50.95152282714844,50.9602789238339,50.3472519334555,50.53991612725448,12447400
2021-12-23,50.9865608215332,51.32810543135365,50.74134665132476,51.24928718749147,11027300
2021-12-27,51.363128662109375,51.3981563890079,50.79388550549062,50.79388550549062,9860000
2021-12-28,51.56455993652344,51.61710320503618,51.05661940258706,51.144197084686596,8979900
2021-12-29,51.625858306884766,51.75721980787882,51.37188806125088,51.625858306884766,9996000
2021-12-30,51.47697830200195,51.87106948932395,51.4594627669269,51.72219245230605,7703900
2021-12-31,51.85356140136719,51.97616682375425,51.40692688542187,51.45071405902479,10021300
2022-01-03,51.932376861572266,51.94113630027082,51.12668222015033,51.51201400421121,20187300
2022-01-04,52.79936981201172,53.01830897692395,52.18633948210818,52.30894487993958,26141600
2022-01-05,53.23725128173828,53.59631139974163,52.58918984544733,52.62422091567856,22507300
2022-01-06,52.95701217651367,53.52625206424113,52.93073720208998,52.95701217651367,17902300
2022-01-07,52.834407806396484,53.17595241391421,52.597953076404146,52.79061729507618,12307900
2022-01-10,52.92197799682617,53.26352257755626,52.703038820384144,53.02706786610926,20954300
2022-01-11,52.939491271972656,52.9745223404872,52.40527916973886,52.921975737715385,19369600
2022-01-12,53.018310546875,53.149672045264225,52.71179370247354,53.00955110920108,15753800
2022-01-13,53.333587646484375,53.45619305750553,52.88694983119658,53.01831468057461,14318000
2022-01-14,53.7627067565918,53.815253364660045,52.86067836627514,53.36861554794722,19729600
2022-01-18,53.333587646484375,53.58755456613667,52.93949643909718,53.473708593472395,21976700
2022-01-19,53.42115783691406,53.57879430762698,53.03582609780839,53.12340043009484,18654700
2022-01-20,53.20222091674805,53.806491852886715,53.17594928409973,53.4211600974754,23002400
2022-01-21,52.939491271972656,53.68388310380058,52.895704106702766,53.49121890846373,26643200
2022-01-24,52.51036834716797,52.85191290884748,51.293067128568055,52.45782508583052,30185100
2022-01-25,52.38776779174805,52.589191440567085,51.39816174255293,51.98492049410998,19027100
2022-01-26,52.19510269165039,52.85192027589471,51.85355808236286,52.36149861773703,19190200
2022-01-27,52.2388916015625,53.359859175265115,52.10752675244246,52.44031525366551,18893800
2022-01-28,53.281036376953125,53.32482354266584,51.61709735389718,52.01118852680481,19101500
2022-01-31,53.4299201965332,53.54376951444753,52.67677216464962,52.808133678476594,22045300
2022-02-01,53.03583526611328,53.54377249452575,52.68553119491714,53.342348822849495,20841700
2022-02-02,53.57879638671875,53.657614625133704,53.035828155830615,53.08837142094274,20225600
2022-02-03,53.95537185668945,54.10424889498735,53.062099604661825,53.36861311924382,19440500
2022-02-04,53.38612747192383,54.01667336309311,53.04458289445602,53.850280793255294,17403700
2022-02-07,53.94660949707031,54.05170270273259,53.29855143255247,53.75394530151595,17846400
2022-02-08,54.29692840576172,54.58592978954473,54.06923307915032,54.14805133465955,18771700
2022-02-09,53.45618438720703,54.577151781296436,53.33357899607179,54.44578695322505,23595600
2022-02-10,53.75394821166992,54.55964278755364,52.72055501860393,52.86067595965965,23561500
2022-02-11,52.79936981201172,54.27939736414962,52.67676441418032,54.09548926740251,22781400
2022-02-14,53.14091491699219,53.23724868505598,51.914854244674686,52.685521048438446,23641300
2022-02-15,53.34233856201172,54.104245928444875,53.097127763791065,53.38612572730162,13408700
2022-02-16,53.333587646484375,53.77146602341529,53.03583021654148,53.29855657455065,15484700
2022-02-17,54.402008056640625,54.54212900219182,52.9044648246722,53.027070234436145,21468700
2022-02-18,54.769832611083984,55.01504345292761,54.28816702571379,54.40201300757138,21975000
2022-02-22,54.54212951660156,54.857402482251935,54.051707872920446,54.67349436587152,21731400
2022-02-23,53.937862396240234,54.5859239095905,53.71892319238161,54.507105662571504,19248500
2022-02-24,52.99203872680664,53.08837250247042,51.86231507417303,52.51913262742955,27207400
2022-02-25,55.04130554199219,55.08509604822374,53.351094896449226,53.36861043079253,21487800
2022-02-28,54.50709915161133,54.59467348639503,53.780219478069014,53.99040255859533,25879100
2022-03-01,54.2706413269043,54.95373045313949,53.86779072405734,54.41951835564929,15871100
2022-03-02,54.67349624633789,55.067587466955416,54.10425300091846,54.49834422153599,17319100
2022-03-03,54.70853042602539,55.19019601602134,54.55089392882712,54.83113584812467,21262800
2022-03-04,54.79610061645508,54.813616152675934,53.59631478167581,53.82401007105298,17163000
2022-03-07,53.49121856689453,54.35821579224056,53.17594563376996,54.305669189804284,29151400
2022-03-08,51.371891021728516,53.89407140697454,51.310588316249174,53.815253165537264,30242100
2022-03-09,51.634613037109375,52.40527985071079,51.37188670132948,52.38776431622592,23022700
2022-03-10,50.68880844116211,51.371897728973124,50.35601989600534,51.21426122551715,20887300
2022-03-11,50.72383499145508,51.53828912669419,50.67129171869595,50.75886606712601,19855600
2022-03-14,51.65922927856445,52.100459449991234,51.15622715244344,51.15622715244344,17799400
2022-03-15,52.61228942871094,52.85055414666197,52.04751529711708,52.13576335912822,18607200
2022-03-16,52.471099853515625,52.894680484160155,51.72100978460086,52.75348694061198,17347300
2022-03-17,53.02705764770508,53.0711800044902,52.268140992248725,52.471106526516344,15586200
2022-03-18,53.03588104248047,53.21237383683935,52.691721944956676,53.21237383683935,30197800
2022-03-21,53.45945358276367,53.91833003642782,53.168240029837506,53.388855133695756,17440100
2022-03-22,53.65359115600586,53.78596156132288,53.00057235111734,53.76831194952599,17559500
2022-03-23,53.30061721801758,53.81244257358203,52.94763166042021,53.60947705617546,15529200
2022-03-24,53.81243896484375,53.84773819150023,53.353559117268205,53.5124022709028,13151300
2022-03-25,54.29779052734375,54.368388979328,53.87420991439665,53.93598187672313,12259800
2022-03-28,54.641944885253906,54.6595944967384,54.01539882599074,54.29778587710425,11485200
2022-03-29,54.85374450683594,55.1802539490372,54.48311271292958,54.89786685854103,14720600
2022-03-30,54.89786148071289,54.89786148071289,54.32426423209733,54.72136872486221,13641000
2022-03-31,54.712554931640625,55.27732915361412,54.712554931640625,54.90669733281398,16822900
2022-04-01,55.48029327392578,55.55089173304416,54.79197512912066,55.00376714015598,12644900
2022-04-04,55.18907928466797,55.409694404898026,54.46546195961894,55.242024759078646,11505800
2022-04-05,55.12730407714844,55.80679901144041,55.03905601445633,55.065532116423654,15721200
2022-04-06,55.683258056640625,55.824451606686836,54.97729030640957,55.39204783243521,19267400
2022-04-07,55.98329162597656,56.18625713236982,55.33909587968851,55.70973103168632,13960800
2022-04-08,56.32745361328125,56.51276950471383,55.7362033458236,56.0185904279074,12703500
2022-04-11,56.3098030090332,56.74221011442013,56.159782980761186,56.39804770826181,12720100
2022-04-12,56.971649169921875,57.19226430051499,56.3804022357658,56.812806006589256,18089900
2022-04-13,57.12166976928711,57.24521369773869,56.68043952977741,56.86575542245478,11883000
2022-04-14,57.3775749206543,57.86293085633762,57.20108552548155,57.32462944863025,16388400
2022-04-18,56.86575698852539,57.51877587584479,56.63631537252261,57.15696383781581,11679400
2022-04-19,57.42170333862305,57.580546494810854,56.86575565828532,56.91870113280153,11993800
2022-04-20,58.20709991455078,58.45418780340313,57.71292413684608,57.74822336848784,14827100
2022-04-21,58.4277229309082,59.124867701272954,57.9953190671876,58.22476073743648,15120400
2022-04-22,57.5805549621582,58.542433798058006,57.51878298859253,58.312998886322745,14902200
2022-04-25,58.189453125,59.30134861451621,57.16579561480925,59.12485919058537,25082000
2022-04-26,57.404052734375,58.56890021379416,57.39522624507917,57.81880347433777,21982600
2022-04-27,57.854103088378906,58.48947566918305,57.359927406704,57.359927406704,16971000
2022-04-28,58.410057067871094,58.48947527361515,56.91869681093856,57.05989370911288,22010600
2022-04-29,57.01577377319336,58.26886607460348,56.90987608883106,58.12767589475977,20137100
2022-05-02,55.98329162597656,57.63349178061361,55.22437844106596,57.607019043442186,24970300
2022-05-03,55.66561508178711,56.42452835396293,55.30380301180287,56.230389315183054,21686300
2022-05-04,57.38640213012695,57.46582707179829,55.542059650351,55.59500848935873,19780200
2022-05-05,56.92753601074219,57.38641256698713,56.48630570438966,57.0863791903347,20155200
2022-05-06,57.1304931640625,57.63349539982403,56.53924622130834,56.653963667134796,18984000
2022-05-09,57.01577377319336,57.67761915201919,56.5127715545913,56.892229841090355,20055300
2022-05-10,56.486297607421875,57.64231868991203,56.3451006979615,56.918701360525645,21322200
2022-05-11,56.75102996826172,57.53641923822171,56.44217015411548,56.768682947720926,19648400
2022-05-12,56.92753601074219,56.94518226063461,55.78033452116955,56.61867614282345,22574700
2022-05-13,57.99530792236328,58.065906381587105,56.58337240108498,57.19226559713146,16167000
2022-05-16,58.20709991455078,58.57773174782931,57.74822336848784,57.74822336848784,13223200
2022-05-17,58.04825210571289,58.330639203669996,57.368760465598434,58.330639203669996,21300600
2022-05-18,54.0065803527832,57.81880587100659,53.7947883630555,57.73056117230641,31437300
2022-05-19,52.947628021240234,53.79478926166339,52.64759132780043,53.79478926166339,31493900
2022-05-20,53.81243896484375,54.041880571791296,52.647591415736414,53.380035220420325,29133800
2022-05-23,55.471473693847656,55.683262352094644,54.35074833113726,54.40369717885902,19406900
2022-05-24,56.495121002197266,56.6451444113179,55.374399074915004,55.48911988807801,16154200
2022-05-25,56.53924560546875,56.89223116223405,56.12448808121749,56.47747363798279,15360500
2022-05-26,56.742210388183594,57.44817471805745,56.44217033019196,56.53924151960346,16159800
2022-05-27,57.077545166015625,57.20991558697927,56.60101569013009,56.70691337342886,17709000
2022-05-31,55.93035125732422,56.759862972174666,55.63913765657636,56.54807432283067,43159000
2022-06-01,55.65679168701172,56.19509321013783,54.82727990635585,55.96565156110695,15408300
2022-06-02,56.23920440673828,56.24803089642932,54.80961941186339,55.753851829635266,14586000
2022-06-03,55.56854248046875,56.150966314787574,55.42734892567388,56.09801746936954,13539900
2022-06-06,55.48029327392578,56.27450910740846,55.294977368219755,55.88622768121682,15112800
2022-06-07,55.81563186645508,55.92152619382975,54.90669854332255,55.04789210192877,17886300
2022-06-08,55.497947692871094,55.78033482114975,55.206737439598776,55.58619577440824,10211500
2022-06-09,54.53606033325195,55.90387348782132,54.51841071861186,55.48029283541841,13382200
2022-06-10,54.191898345947266,54.615478975545145,53.35356021043664,53.83891280478924,14967600
2022-06-13,54.130123138427734,54.96846122371617,53.53887289735591,53.60947134788602,23064200
2022-06-14,52.64576721191406,54.12123515407321,52.13913085404647,53.97902149906899,24620000
2022-06-15,53.03685760498047,53.89902985565541,52.414674940206005,53.33017519606662,19684700
2022-06-16,52.50355529785156,52.9035322753889,51.774709867957355,52.12135545160935,15053800
2022-06-17,52.823543548583984,53.44572965989642,52.55689332677623,53.06352976540342,34781900
2022-06-21,53.952362060546875,54.11235285978558,52.45022659998806,52.876870991718796,17705000
2022-06-22,54.35233688354492,54.618987074724735,53.614601184284936,53.863474243967275,15207100
2022-06-23,55.00119400024414,55.02785800559963,54.42344901950364,54.4856672924275,17190900
2022-06-24,56.03224182128906,56.05001895437401,55.20562378136694,55.20562378136694,18147100
2022-06-27,55.916683197021484,56.25444189026369,55.66781015496981,55.978901457534405,12142100
2022-06-28,55.35671615600586,56.67219329435528,55.205615633048325,56.0677878118842,13150100
2022-06-29,55.75669860839844,56.094457339155404,55.4900484064919,55.5878209383406,11795500
2022-06-30,55.916683197021484,56.09445110876164,55.25005607097657,55.39226972224052,15514200
2022-07-01,57.22328186035156,57.28550013369659,55.83669932221498,56.10334954949958,15143200
2022-07-05,56.24555969238281,57.04551371456303,55.48115993577536,57.04551371456303,15921200
2022-07-06,56.36110305786133,56.965508551806586,56.16555800971842,56.52998071448593,13450500
2022-07-07,55.916683197021484,56.51220519275487,55.73002841548272,56.22777449958608,14828400
2022-07-08,56.12112045288086,56.36999351863125,55.89002451906139,56.02334792258143,11311500
2022-07-11,55.94335174560547,56.4055469974529,55.63226041774718,55.9877962701348,12702100
2022-07-12,55.703369140625,56.39666375835854,55.525604593625964,55.996686746327924,14731100
2022-07-13,55.44560623168945,55.99668375738256,55.09007037538609,55.40116509731183,13145300
2022-07-14,55.26784133911133,55.33005960878556,54.48566444666778,54.51233184127202,14433000
2022-07-15,55.55226516723633,55.97001928629912,55.170065311634445,55.77447422790527,21968400
2022-07-18,54.7967529296875,55.60559373375078,54.6723130139046,55.57003947209853,10780800
2022-07-19,55.57892608642578,55.68558887089171,55.045625726660134,55.18783938197371,10998200
2022-07-20,54.663421630859375,55.623366272372266,54.35233034368802,55.46337549878678,11010500
2022-07-21,54.53898620605469,55.001181406690506,54.03234987645484,54.450100557485804,11959600
2022-07-22,54.74342727661133,54.99230035298742,54.50344107125951,54.55677246932926,11644700
2022-07-25,55.27672576904297,55.37449830011067,54.49455230178379,54.707871105348566,14941700
2022-07-26,56.1833381652832,56.707751684829624,55.578929248157124,55.77447430682768,20118000
2022-07-27,56.00556564331055,56.165556425343205,54.92118782031703,55.89001938234101,12142900
2022-07-28,56.938846588134766,57.107727641442736,55.89890982902013,55.925573830851434,10837000
2022-07-29,57.03662109375,57.143283886056594,56.556652090935316,56.62775722849847,13734200
2022-08-01,57.34770202636719,57.80990059458011,56.91217423735526,56.96550223319473,12831500
2022-08-02,56.56553268432617,57.41881458423917,56.37887790446537,57.409924323879586,15241900
2022-08-03,56.81441879272461,56.97440960958986,56.2722314585053,56.485550287231206,11317000
2022-08-04,56.59220886230469,56.64554026401606,55.92558159879975,56.565544856769804,11795600
2022-08-05,56.33443832397461,56.55664737010349,55.70336205608144,56.55664737010349,10445400
2022-08-08,55.97001647949219,56.71663902152356,55.77447143090461,56.44109857948116,9165200
2022-08-09,56.04111862182617,56.27221791976011,55.863350713563335,56.15666827079314,7910900
2022-08-10,56.574424743652344,56.69886126751641,56.08556212755641,56.55664761300877,8857300
2022-08-11,56.192230224609375,56.87663456121577,56.06779368897936,56.609980966989966,8507800
2022-08-12,56.618865966796875,56.67219396817315,56.07667534853156,56.378879788680706,9489300
2022-08-15,57.32993698120117,57.498818035342175,56.50331901394186,56.56553727894924,9863300
2022-08-16,57.80101776123047,57.978789072337854,57.17883512555995,57.39215391760668,9569600
2022-08-17,57.66769790649414,57.969905781069485,57.5610418882888,57.623260159336226,8144000
2022-08-18,57.969905853271484,58.085452133565504,57.51659743148534,57.73880651140049,6532000
2022-08-19,57.92545700073242,58.19211058923853,57.73880220129113,57.96101126461873,8921100
2022-08-22,57.06327819824219,57.70324131215291,56.87662681087267,57.63213279254468,9087900
2022-08-23,57.12550735473633,57.214396411843765,56.601097180473865,56.72553372288472,8443800
2022-08-24,57.20550537109375,57.40105044401526,56.929968285404094,57.09884257278669,6844700
2022-08-25,57.48103332519531,57.516587585649425,56.79663245997861,57.205496283278194,7913900
2022-08-26,56.09445571899414,57.59659113648145,55.978906058270226,57.534372870855,10089500
2022-08-29,55.75669860839844,56.02334881030498,55.472271274279294,55.72114434397323,9115900
2022-08-30,55.24117660522461,55.91669069160815,55.09896293489958,55.91669069160815,8456800
2022-08-31,54.85009002685547,55.578935558380024,54.84120315528928,55.44561214103768,14633600
2022-09-01,55.10784912109375,55.14340338589353,54.476776178783524,54.734539512619975,14939700
2022-09-02,54.35233688354492,55.79225062842881,54.13012782578822,55.45449191125911,11809800
2022-09-06,54.379005432128906,55.08118692710372,54.21012775474467,54.47677796821925,12181800
2022-09-07,55.38338088989258,55.543371665725246,54.503431622812926,54.503431622812926,13290700
2022-09-08,55.214508056640625,55.37449885624163,54.52121685213045,55.17895718278362,17193500
2022-09-09,55.39227294921875,55.89002245296032,54.98340910184591,55.258946159986216,11855900
2022-09-12,55.55226516723633,55.827805623096644,55.34783323829784,55.490046901500314,13026900
2022-09-13,53.747928619384766,55.303392042324475,53.57904756345524,55.28561491061394,18532800
2022-09-14,54.032352447509766,54.290115754663645,53.72125774867685,53.89902566363266,12881600
2022-09-15,53.298194885253906,54.07712276848715,53.145992706111,54.07712276848715,11451900
2022-09-16,53.30714416503906,53.53992494763096,52.92215780449908,53.41458118659214,20493500
2022-09-19,53.71004104614258,53.808522997205046,53.029598559228184,53.17284906983728,12596200
2022-09-20,53.62946701049805,53.745855712268316,53.11018173049455,53.43249626079164,11984600
2022-09-21,53.18180465698242,54.34571549374325,53.172849578842744,53.8443369941311,14165300
2022-09-22,53.05645751953125,53.477257393082745,53.00274071209003,53.31610014003586,11657600
2022-09-23,52.46554946899414,52.913207752570415,51.92836089484729,52.78786397962692,14824000
2022-09-26,51.81196594238281,52.43868818807959,51.6508086959076,52.367064642624754,18670100
2022-09-27,50.47794723510742,52.25962522840819,50.41527535084226,51.99998602875033,23829300
2022-09-28,51.01512908935547,51.256864932066186,50.05714079529508,50.7286281088156,21480100
2022-09-29,50.64805221557617,51.29268116410323,50.13772210311268,51.11361718780557,14570700
2022-09-30,50.15563201904297,51.14943390584732,50.13772527874289,50.91664969730786,16124600
2022-10-03,50.71967697143555,50.89873752460222,50.19144014272716,50.46003438783829,16277600
2022-10-04,50.8360710144043,51.75824935429532,50.54957000065994,50.98827659909682,18861400
2022-10-05,50.35261154174805,50.71969124361125,49.69902736040327,50.585392375584334,14324900
2022-10-06,49.269264221191406,50.22725257027932,49.12601372269306,50.13772228947834,17192800
2022-10-07,48.803707122802734,49.32299239825835,48.57092630593901,49.23346210300965,11479800
2022-10-10,48.69626235961914,49.20659247536732,48.36499622132114,48.88427799902925,10239100
2022-10-11,48.776851654052734,49.439387491013264,48.561977566374,48.7589449108525,14303900
2022-10-12,49.367767333984375,50.17355381243258,49.278237020984584,49.4483459818292,18377400
2022-10-13,50.021331787109375,50.209350847364604,48.579871678867214,48.77684240134345,16220700
2022-10-14,49.22450256347656,50.55852570010698,49.188689082477815,50.39736845097414,15997900
2022-10-17,49.86018371582031,50.334703869493566,49.75274667259857,49.80646690189045,13721400
2022-10-18,50.53166580200195,50.83607357133649,50.227258032667415,50.41527710737526,11823100
2022-10-19,50.10190963745117,50.62119483767415,49.89598725592317,50.41527245614615,10182300
2022-10-20,49.31403350830078,50.066096075049515,49.20659307131267,49.931800651856385,16905100
2022-10-21,50.10190963745117,50.23620847622921,49.23345497020025,49.24240663228349,15034100
2022-10-24,51.54336929321289,51.68661979287828,50.64805281646385,50.710724696607386,17416700
2022-10-25,52.77891540527344,52.92216592778623,51.70453477874659,52.859494037646996,28829900
2022-10-26,53.1728515625,53.52202448501827,52.69833486424304,52.83263030309375,15831400
2022-10-27,53.298194885253906,53.5757442544319,53.16389944754459,53.51307236709521,16026100
2022-10-28,54.399436950683594,54.53373581136451,53.24448109334776,53.3340113902271,12888900
2022-10-31,53.584693908691406,54.22932291468784,53.423536657192294,54.17560269240095,14016400
2022-11-01,53.39667892456055,53.97863605288095,53.154943044274916,53.74585183540814,10659500
2022-11-02,52.65357208251953,53.924920053947474,52.61775859773967,53.39668310721119,14549200
2022-11-03,52.626705169677734,52.82367590154836,52.01788964876995,52.026844726779466,9194000
2022-11-04,53.05645751953125,53.351913621904416,52.42973866363958,53.0922710013998,9725900
2022-11-07,53.26239013671875,53.51307771110006,53.03856096948913,53.056464297348896,8849700
2022-11-08,53.360862731933594,53.530975054990336,52.76995397081765,53.49516157483508,10081600
2022-11-09,52.61775588989258,53.3966803592786,52.59984914842418,53.35191521328846,10115200
2022-11-10,54.506874084472656,54.650124599969025,53.43249351056908,53.94282368548499,16804800
2022-11-11,54.90081024169922,55.01720234879858,53.90700833073435,54.94557538585695,18972100
2022-11-14,54.37256622314453,55.258930988980296,54.35465948475419,54.90080305189569,16361000
2022-11-15,54.283042907714844,55.01720219906054,53.71899252985018,54.73070117879693,13295800
2022-11-16,54.1845588684082,54.641168813333614,53.97863646851152,54.42629475055518,14199500
2022-11-17,54.35466384887695,54.38152566629976,53.83538205530852,53.88909885943133,11212600
2022-11-18,54.73965835571289,54.94558077131106,54.43525056409779,54.60536291007682,10415600
2022-11-21,55.58124923706055,55.6976379214878,54.79336977099834,54.981385413868225,15399400
2022-11-22,55.8229866027832,55.95728545401751,55.554392315676246,55.93042704991531,12319600
2022-11-23,56.07368469238281,56.216935224741235,55.77822854825239,55.94834090348946,8990400
2022-11-25,56.12739562988281,56.23483607942228,55.84984967364353,56.163209113062635,5165500
2022-11-28,56.13634490966797,56.494469458387954,56.0110011468479,56.127389832117174,12267500
2022-11-29,55.93937683105469,56.01995545601231,55.49171856248156,55.975190312227305,10969600
2022-11-30,57.3549919128418,57.418108276495644,55.677892102419314,55.91232381890734,30433900
2022-12-01,57.517295837402344,57.80582878693869,57.192695409277945,57.354995623340145,12001400
2022-12-02,58.02222442626953,58.17550604467651,57.16564420183726,57.35499329736962,13643500
2022-12-05,57.228759765625,57.52630784878293,57.03940723316026,57.17465855069452,9185100
2022-12-06,57.20170211791992,57.59843744467451,57.012353042650815,57.27383706445114,10099500
2022-12-07,57.291873931884766,57.45417413086559,57.030389895795246,57.21072383239436,12307600
2022-12-08,57.53532791137695,57.5713919493371,57.1205587987876,57.34597537406235,9946200
2022-12-09,56.93120574951172,57.56237280438906,56.886123125502706,57.35498998228062,13914900
2022-12-12,57.67959976196289,57.71566724287115,56.813997418086046,57.07548149529451,11647900
2022-12-13,57.6976318359375,58.33781068585528,57.526313026363596,58.238626836014426,17521600
2022-12-14,57.6976318359375,58.292731495398414,57.31893017650736,57.87796579568594,12826700
2022-12-15,56.90416717529297,57.607465868120954,56.345134969188265,57.33696663546283,12212300
2022-12-16,56.57956314086914,56.9312124650367,56.20086492702228,56.57956314086914,33631500
2022-12-19,56.660709381103516,57.1746588874264,56.32709381936043,56.65169423168728,10919700
2022-12-20,56.615631103515625,56.94023154077513,56.579563623912534,56.642679993425865,10286500
2022-12-21,57.52631759643555,57.75173764371732,56.868101514709544,56.868101514709544,10411300
2022-12-22,57.11154556274414,57.33696214557158,56.48939703239067,57.1836770806652,9666700
2022-12-23,57.544349670410156,57.58943230272642,56.98531746260287,57.25581669608483,6463300
2022-12-27,57.89599609375,57.96813105348021,57.4451629141888,57.64353061386267,7320700
2022-12-28,57.318931579589844,58.29273292231811,57.246800057675316,58.121414108550574,7159400
2022-12-29,57.661556243896484,57.84189017827446,57.436139685819946,57.52630493321708,7169300
2022-12-30,57.3549919128418,57.634506254856305,56.95825655320749,57.634506254856305,7650200
2023-01-03,56.759891510009766,57.309908476569966,56.0656080800554,57.309908476569966,12180500
2023-01-04,56.73284149169922,57.102527973746,56.36315844923638,56.94022776587608,13387900
2023-01-05,56.083641052246094,56.6246394226923,55.975442066073605,56.444305486015644,9814700
2023-01-06,57.1656494140625,57.4090963078959,56.426283263498206,56.72383137795249,9990000
2023-01-09,56.453330993652344,57.45418119726938,56.42628210368999,57.07547953987561,9442600
2023-01-10,56.0205192565918,56.56151757456344,55.83116674967665,56.44430001115566,10134600
2023-01-11,55.91232681274414,56.40824603884111,55.37132839829076,56.24594582658829,10823000
2023-01-12,55.19099044799805,56.06560781292385,54.97459247372975,56.002491450463616,13907300
2023-01-13,55.38935852050781,55.416407407589,54.63195872598019,54.731142564722965,13986400
2023-01-17,55.61477279663086,56.245939839363174,55.50657381317448,55.659855419772384,18327800
2023-01-18,53.92865753173828,55.5336222930078,53.811439960760644,55.46148734484198,19679400
2023-01-19,53.84751510620117,54.67704649078504,53.8384965166038,53.85653025621442,14894500
2023-01-20,54.17211151123047,54.181126660573256,53.5589781684047,53.847511101548136,14237700
2023-01-23,54.3073616027832,54.613928286693664,54.14506139132566,54.35244423050273,12613400
2023-01-24,54.59589767456055,55.768063260321995,53.919647901284605,54.17211682222489,10103300
2023-01-25,54.93852615356445,54.94754130285531,54.00079240645701,54.28031018864784,11265800
2023-01-26,54.83032989501953,55.09181051248415,54.6139284658383,54.83032989501953,11884800
2023-01-27,54.54179382324219,54.965574628408795,54.43359139506091,54.85737563981135,14087000
2023-01-30,54.67704772949219,55.154929801455644,54.5147475089038,54.58688246898051,15632000
2023-01-31,55.29016876220703,55.30820249819167,54.5598179329545,54.98360212963499,14344400
2023-02-01,55.299198150634766,55.52461473509439,54.659012436685515,55.127879345111616,12535400
2023-02-02,54.352439880371094,55.01967441180334,54.01882433444685,54.821306738213046,16947200
2023-02-03,53.946693420410156,54.4786732062244,53.40569160633988,54.415556843853764,15404400
2023-02-06,54.253265380859375,54.40655045671955,53.84751825444247,53.91063462697773,11330900
2023-02-07,54.163089752197266,54.31637479872404,53.685207754570335,53.80242188708552,14922700
2023-02-08,53.84751510620117,54.027845623139136,53.73029751852419,54.027845623139136,11012000
2023-02-09,53.75734329223633,54.38851038368757,53.739309553670985,54.23522876525806,12515300
2023-02-10,53.75734329223633,54.00981219256718,53.090112163238345,53.84751198506304,14420700
2023-02-13,54.64097595214844,54.785242421371635,53.856527240721306,54.009812299036916,16191800
2023-02-14,53.73029708862305,54.9114812267871,53.7032481992156,54.28932925374296,20505700
2023-02-15,53.73029708862305,54.036863780382504,53.40569665739726,54.00981489097506,13171400
2023-02-16,53.39667510986328,53.93767347069846,53.15322481561235,53.40569025872427,16538300
2023-02-17,54.20817184448242,54.307355678395844,53.54094077201987,53.64913975466014,16814700
2023-02-21,53.919647216796875,54.307364023719906,53.84751569714691,54.09096602518585,14278300
2023-02-22,54.08195114135742,54.4245853420296,53.87456827872501,53.96473354436192,12409600
2023-02-23,54.181129455566406,54.47867755340198,53.92866398593816,54.10899449876745,12222800
2023-02-24,53.955718994140625,54.0188353687058,53.549968415089864,53.811452503765295,9736200
2023-02-27,53.93768310546875,54.37048255936365,53.86555158294509,54.262283555786,8849800
2023-02-28,53.658164978027344,53.82948379225617,53.32454937915775,53.82948379225617,16082200
2023-03-01,53.07207489013672,53.36060780879838,52.63025692367022,53.31552518517944,13275800
2023-03-02,53.84751510620117,53.901612885448905,53.01798028203317,53.05404776125442,11758300
2023-03-03,53.595035552978516,53.811436945767625,53.387652747996654,53.69421938135755,13101800
2023-03-06,54.42457580566406,54.44260954354842,53.39667682334212,53.43274085952704,16282700
2023-03-07,54.10898971557617,54.61392404978093,53.874558005871236,54.54179253894239,13961200
2023-03-08,54.13603973388672,54.39752375864448,53.856521972292185,54.13603973388672,10851600
2023-03-09,53.613075256347656,54.58687647291123,53.45077505358706,54.58687647291123,13900900
2023-03-10,53.38766098022461,54.22621091726135,53.189296732462786,53.829478982153724,13745800
2023-03-13,53.92865753173828,54.88442151784995,53.423723213328444,53.459790687411356,21956000
2023-03-14,54.12702560424805,54.51474237921674,53.51389225962703,54.09997671655661,19496900
2023-03-15,54.48770523071289,54.53278786643948,53.41472336624782,53.586038757842694,21089900
2023-03-16,54.787532806396484,54.823876944032776,54.242384605722975,54.59673128275753,15658300
2023-03-17,54.53312301635742,54.83295344428014,54.18786068986914,54.796612777781824,27351200
2023-03-20,55.06010437011719,55.06010437011719,54.48769982557097,54.66032927243875,12904100
2023-03-21,54.805694580078125,55.19638532135852,54.40591953907899,55.03284019868454,13716500
2023-03-22,54.56038284301758,55.30542027597653,54.5422107756323,54.87838882330869,10494200
2023-03-23,54.442264556884766,54.869299463118125,54.26055082024427,54.59672539219002,15479000
2023-03-24,55.33267593383789,55.441704863953184,54.433177728976915,54.742095919276245,12975600
2023-03-27,55.741539001464844,55.85965570543891,55.378108054881636,55.5507374945611,12777400
2023-03-28,55.80512619018555,56.095875730441605,55.66884091746858,55.77786982883548,10925700
2023-03-29,56.20492172241211,56.28669429727951,55.9596039978099,56.07772070950007,9441000
2023-03-30,56.195831298828125,56.413892643489255,56.0232018560317,56.22309113314044,9870700
2023-03-31,56.35936737060547,56.559256615544925,56.21399431954957,56.38662720053071,14440900
2023-04-03,56.695552825927734,56.80458176207137,56.2049174143303,56.60469249083522,12300700
2023-04-04,56.522911071777344,57.0044621074471,56.40479785360253,56.6864561833683,11433400
2023-04-05,57.05897521972656,57.25886446101498,56.78640118722127,56.81365755068174,12789600
2023-04-06,57.0953254699707,57.27704266644656,56.677378344253306,57.113497536215014,9644200
2023-04-10,56.959041595458984,56.959041595458984,56.350292920872505,56.777327849352154,7952600
2023-04-11,56.85909652709961,56.97720976078575,56.69555139403095,56.92269702707439,9913000
2023-04-12,56.959041595458984,57.26795981619516,56.61378270508197,56.768240082466285,9593700
2023-04-13,57.37698745727539,57.386071757439176,56.768235367284454,57.022637363477365,9871400
2023-04-14,57.28612518310547,57.376985511498276,57.04080749539559,57.28612518310547,8946000
2023-04-17,57.65864944458008,57.72224994762649,57.367903297520066,57.53144843848726,9452400
2023-04-18,57.7495002746582,57.785840937582456,57.41332228136536,57.704068380560805,9035700
2023-04-19,57.85853576660156,57.994824532438834,57.63139013418431,57.90396419989156,9769500
2023-04-20,58.11294174194336,58.149285877448975,57.64047837827299,57.81311128894088,10706400
2023-04-21,58.1947135925293,58.394595925525444,57.96756449494705,58.14928169343248,12931100
2023-04-24,58.10384750366211,59.048770603426966,57.80401363597211,58.83071275962236,15532300
2023-04-25,58.012996673583984,58.30374282354528,57.81311086171528,58.30374282354528,12818900
2023-04-26,57.74041748046875,57.94030674061217,57.5950444183555,57.749505246457375,13179600
2023-04-27,57.85853576660156,57.931220566672096,57.3406440019676,57.72224700076429,13795800
2023-04-28,58.28557205200195,58.29465981845664,57.676819940330844,57.79493664247014,13687600
2023-05-01,58.42185974121094,58.77620637511169,58.20379494193769,58.285570974648806,9091500
2023-05-02,58.15837860107422,58.276491852582815,57.486025900786736,58.276491852582815,10948400
2023-05-03,57.83127975463867,58.31282738920821,57.76767925444901,58.16745085624063,11084600
2023-05-04,57.89487838745117,58.08567988186593,57.70407342706921,57.91305045348599,11938300
2023-05-05,58.167449951171875,58.34008284840112,57.813106788462456,57.82219108864793,9039000
2023-05-08,58.076602935791016,58.20380395576563,57.79494452469518,57.97666175293085,7240700
2023-05-09,57.59504318237305,57.92213343160035,57.49509855444613,57.82218880367344,9067700
2023-05-10,57.69498825073242,57.82218924507693,57.23161270476783,57.53144312487029,10134000
2023-05-11,58.02208709716797,58.08568760376125,57.24978978487172,57.76768507079482,9581500
2023-05-12,58.24923324584961,58.32192152026599,57.876714504384886,58.022087587249956,8740800
2023-05-15,58.09476089477539,58.37642270342721,57.88578734614998,58.34916633890081,8150000
2023-05-16,57.44059371948242,58.05843017162623,57.38607751512823,58.05843017162623,9129600
2023-05-17,57.37698745727539,57.62230168733727,56.99538099701877,57.60413308700971,11583000
2023-05-18,57.05897521972656,57.27703652531091,56.85000167927361,57.249776695883575,13595100
2023-05-19,57.086246490478516,57.33156074272277,56.886357209127944,57.2770480048763,14251400
2023-05-22,55.886905670166016,57.12257837210264,55.82330517515167,57.049893577500676,15055400
2023-05-23,55.78696823120117,56.03228246206366,55.577991201112404,55.886909397197954,13932700
2023-05-24,55.31450653076172,55.814226239312006,55.16913346162041,55.76879780507423,11090100
2023-05-25,54.88747787475586,55.17822404615062,54.651247910235526,54.941994081630284,14463600
2023-05-26,54.75117874145508,55.09644105446258,54.61489344898137,54.92381163094238,12570300
2023-05-30,54.315067291259766,54.696673789584246,54.07883733779612,54.59672914797623,15634200
2023-05-31,54.20603561401367,54.76935583306081,53.942545838697264,54.44226555556008,59432200
2023-06-01,54.51494598388672,54.669403333843604,54.30597244019785,54.460429790154734,13402700
2023-06-02,55.568912506103516,55.71428558563288,54.587645085772245,54.76027453459848,15259800
2023-06-05,55.196388244628906,55.82330893743697,55.01467104692639,55.423533875265235,12915600
2023-06-06,54.7966194152832,55.41445587816704,54.623986498144454,55.37811174129913,10943500
2023-06-07,54.71483612060547,54.84203710875433,54.3514017550656,54.5240311724152,16817900
2023-06-08,54.85112762451172,54.887471758378,54.49678098423391,54.633069753248776,15585900
2023-06-09,54.941986083984375,55.12369981517907,54.66940855525783,54.76026888682243,12581500
2023-06-12,54.705753326416016,55.105531858032016,54.533123893379205,55.05101565845694,14208900
2023-06-13,54.92381286621094,55.12369865952801,54.55129417952395,54.70575154099474,13397800
2023-06-14,55.296329498291016,55.496218750148124,55.06009611592043,55.17821280710572,14099700
2023-06-15,56.05620193481445,56.120286812452505,55.24140549710453,55.48859152186438,15271400
2023-06-16,56.45901870727539,56.916769804921,56.285074547421,56.3949338329941,26738000
2023-06-20,56.08366012573242,56.72451232867233,56.06535315602757,56.38577751131575,13971800
2023-06-21,56.239295959472656,56.504792414557095,55.82731930371464,56.12943668205833,13948700
2023-06-22,56.623802185058594,56.85267770479184,56.385773181175864,56.587184756097365,15193400
2023-06-23,56.02873611450195,56.73367323734937,56.010425651164695,56.70620579616159,25112100
2023-06-26,56.04704666137695,56.11113153697098,55.28717814738518,56.03788968351278,12856100
2023-06-27,55.92803192138672,56.175217945005606,55.827326116316364,56.04704819032112,9068500
2023-06-28,55.40618896484375,55.882250488418364,55.296329687822976,55.735770288269514,11173200
2023-06-29,54.94844436645508,55.25055828689093,54.71956880852701,55.13154551127031,17142300
2023-06-30,55.13154220581055,55.25055497429565,54.81111434850446,54.93013060935322,19739200
2023-07-03,55.46112823486328,55.50690264909974,54.95759920117037,55.11323640041107,9694500
2023-07-05,55.87309646606445,55.93718133874572,55.07661055390907,55.18646983673928,14716600
2023-07-06,55.442813873291016,55.863944042445034,55.38788248465035,55.59844756922736,12603900
2023-07-07,54.71040344238281,55.387876526621014,54.6829394971986,55.21393238651548,14574000
2023-07-10,54.298439025878906,55.06746104595868,54.14280182929553,54.90267036362988,15480600
2023-07-11,54.49068832397461,54.52730924809945,53.86814658330653,54.43575693778735,15967700
2023-07-12,54.78365707397461,54.97591171635868,54.42661174030017,54.70126172832942,14241300
2023-07-13,55.25055694580078,55.35126274762293,54.91182210615119,55.03999185670164,11269800
2023-07-14,55.754093170166016,55.88226293730319,55.01253502726122,55.05830944518675,11634200
2023-07-17,55.671688079833984,55.93718105429327,55.3787276655341,55.62591017755419,10014300
2023-07-18,55.451969146728516,56.07451093527661,55.305488931326835,55.80901445349737,11152900
2023-07-19,56.431556701660156,56.568883432626876,55.5526754020919,55.63507074219917,12936000
2023-07-20,57.11817932128906,57.136489783610415,56.4590166471748,56.46817362451727,11563000
2023-07-21,57.1639518737793,57.383673922133625,56.98085424124141,57.18226233550578,12815100
2023-07-24,57.1822624206543,57.50269026279969,57.12733452775653,57.1456414971468,10251100
2023-07-25,56.99000930786133,57.118179051141,56.80690817787741,57.03578371726641,13422700
2023-07-26,57.722412109375,57.83227139379615,56.20267862082169,56.63296576565307,17145500
2023-07-27,57.1639518737793,57.92382031979274,57.10902398096332,57.72240873316489,11517100
2023-07-28,57.20058059692383,57.4660770896149,56.962551546749594,57.30128640396968,9721800
2023-07-31,56.697052001953125,57.173113569038286,56.51395086194133,57.173113569038286,15577900
2023-08-01,56.55057144165039,57.09071788057295,56.41324471439268,56.84353186692733,9281600
2023-08-02,56.72451400756836,57.30128135652142,56.358315232452426,56.358315232452426,11059400
2023-08-03,56.431556701660156,56.87099735144428,56.330850897933075,56.64212179474231,8037400
2023-08-04,55.580135345458984,56.66042817462042,55.49774001129028,56.46817355901464,9359300
2023-08-07,56.01957702636719,56.147750264899656,55.60760384007135,55.653378250508254,6982600
2023-08-08,55.772396087646484,56.16606233943403,55.49774610770178,56.019582117305916,7956100
2023-08-09,55.900569915771484,56.42240593077078,55.61676295455481,55.76324317819735,7904100
2023-08-10,55.772396087646484,56.51395417662478,55.653383308167626,56.16606233943403,7870300
2023-08-11,56.00127029418945,56.02873773617224,55.561829638467636,55.6991563712899,8483900
2023-08-14,55.735774993896484,56.28507491773976,55.61675872986373,56.13859470522397,7176300
2023-08-15,55.36042022705078,55.754086460087684,55.26886790985394,55.56182834015622,7187400
2023-08-16,55.36957931518555,55.6808502404233,55.29634094638122,55.42451071106191,8372300
2023-08-17,55.48859405517578,55.863949852348455,55.342113829263624,55.461130104181024,12873500
2023-08-18,55.79985809326172,55.9280278385897,55.2688651570588,55.42450234235965,11083800
2023-08-21,55.323795318603516,55.78154639455266,55.22308952311653,55.71746152330887,8648500
2023-08-22,54.98506164550781,55.4611231934941,54.91181979549594,55.24140113582211,9411500
2023-08-23,55.17732238769531,55.33295609769979,55.07661657893288,55.11323750800358,7749500
2023-08-24,55.03083801269531,55.73577512849359,55.012527549541154,55.17731822556484,8955100
2023-08-25,55.28717803955078,55.45196871714653,54.93928622103045,55.30548850287962,7629200
2023-08-28,55.442813873291016,55.59844756922736,55.26886622211075,55.43365689566905,6254300
2023-08-29,55.38788604736328,55.50690231755836,55.06746165725799,55.4428174395373,8189600
2023-08-30,55.36042022705078,55.60760624493655,55.19562954846027,55.516053927739705,9447900
2023-08-31,54.77449417114258,55.36041497617317,54.75618370943994,55.204777797882464,14663500
2023-09-01,54.298439025878906,55.049150582103934,54.12449136544079,54.93013431323005,11262300
2023-09-05,53.84983825683594,54.307589349459406,53.71251153210343,54.24350447588122,12474600
2023-09-06,53.813228607177734,53.85900651992324,53.4836471926508,53.666748366539586,13923500
2023-09-07,53.4012451171875,54.16111012879264,53.37377767632108,53.96885550454645,17628600
2023-09-08,53.4012451171875,53.47448347731588,53.10828119958277,53.37377767632108,14312300
2023-09-11,53.9047737121582,54.005479518911514,53.309695849905346,53.46533304916881,14767400
2023-09-12,53.373779296875,54.01463155618385,53.27307349282254,54.00547807052629,12292700
2023-09-13,53.501953125,53.72167521351804,53.41040429199656,53.46533568721709,12641400
2023-09-14,53.94487762451172,54.06483814145252,53.695730483206134,53.74187158054057,12311600
2023-09-15,53.46503829956055,54.11097493206553,53.28971410048166,53.898739263684305,55727500
2023-09-18,53.79723358154297,53.84337115736193,53.17898232141183,53.50194887221595,13617400
2023-09-19,53.686500549316406,53.88028047205206,53.446579532535,53.76031996366135,11998900
2023-09-20,53.926422119140625,54.286303671494935,53.59422944939064,53.79723549422593,14766600
2023-09-21,53.0959358215332,53.90796705106343,52.98520141017507,53.861829473033325,15941800
2023-09-22,53.151302337646484,53.49272817740891,53.059027176672274,53.381993760153755,14644100
2023-09-25,52.59764099121094,53.04979769944054,52.35772347587198,52.96674865180945,12358800
2023-09-26,52.1639404296875,52.50536625046064,52.04398343110711,52.34849426144323,11194700
2023-09-27,51.62874221801758,52.16394449978973,51.379595053718326,52.06243970840057,13766300
2023-09-28,51.499549865722656,51.97015877711759,51.39804508559966,51.887109731568906,12484800
2023-09-29,51.65641784667969,51.924020715398854,51.32422166758988,51.80406020182278,12271600
2023-10-02,51.19503402709961,51.68409865875608,50.82592990662974,51.59182350865645,11792500
2023-10-03,50.64137649536133,51.14889686515095,50.54909782444508,50.89974973378411,13604200
2023-10-04,50.78902053833008,51.01048231575362,50.48450619428335,50.65060428738675,12100500
2023-10-05,48.33445739746094,50.70596442739462,48.20527079195031,50.512184519128674,29878100
2023-10-06,49.0357666015625,49.17418285856963,47.568569061587816,48.020725783749015,30298900
2023-10-09,48.79584884643555,49.0449959958188,48.08531886932143,48.86966826843524,15704700
2023-10-10,49.857025146484375,50.133857647566025,49.423327700261304,49.94930382020208,20909700
2023-10-11,49.561744689941406,50.08772085508324,48.92503762689386,50.03235716616628,21138900
2023-10-12,48.73125076293945,49.67247206180376,48.38059886256147,49.60787523377749,19330400
2023-10-13,48.80507278442383,49.29413743365319,48.57438138081428,48.666660054300976,14494600
2023-10-16,49.30336380004883,49.42332430761146,48.758931982736875,48.925030063955525,12816800
2023-10-17,49.8939323425293,49.92161418223791,49.10035341688484,49.19263208269883,16457200
2023-10-18,49.87548065185547,50.31840772344906,49.75552013660987,49.9216182284664,12809500
2023-10-19,50.152305603027344,50.53063933296107,49.700152460460075,49.97698141796041,16202200
2023-10-20,50.355316162109375,50.77056136675898,50.235355654083655,50.31840469501358,15686400
2023-10-23,49.90317153930664,50.65060951534813,49.87548617421751,50.18000054969504,21212700
2023-10-24,51.342674255371094,51.83173886679606,51.028933829911196,51.35190388204205,25290800
2023-10-25,51.78560256958008,51.87788123820731,51.268856105552715,51.45340640266461,16701000
2023-10-26,51.47186279296875,52.25621564598471,51.41649911115747,52.01629462456474,16228400
2023-10-27,50.973575592041016,51.80406255745804,50.84438544535379,51.259630688098085,13626500
2023-10-30,51.813297271728516,51.93325428246428,51.13967518955052,51.14890481811291,15014300
2023-10-31,52.12703323364258,52.33926891120755,51.813292771139665,52.200852655370056,16639400
2023-11-01,52.080894470214844,52.48691362817193,51.9147963637909,52.41309068306273,14110800
2023-11-02,52.680686950683594,52.73605415254919,52.00706850163983,52.13625511925489,13087200
2023-11-03,52.35771942138672,53.14206873933058,52.32080795417092,52.96674455016241,13958700
2023-11-06,52.56996154785156,52.856016653802286,52.35772586534655,52.394633817033565,12673200
2023-11-07,52.76374053955078,52.96675011047787,52.348495289959764,52.523819497533026,10449300
2023-11-08,52.680686950683594,53.031338855689704,52.52381497210007,52.89292261106138,13744000
2023-11-09,52.28389358520508,52.72682060699853,52.016290742849336,52.6253158378242,12021100
2023-11-10,52.33926773071289,52.53304766845745,51.730242554893195,52.47768046335692,11678900
2023-11-13,52.533042907714844,52.68991136117637,52.22852858736547,52.24698432072645,12798200
2023-11-14,52.689918518066406,52.81910866914122,52.42231914816209,52.61609909466677,12697100
2023-11-15,52.791419982910156,52.91138049846557,52.366948644878946,52.87446902905291,10201900
2023-11-16,52.73605728149414,53.08670568723366,52.422316825783525,52.82833243667369,16010400
2023-11-17,52.83755874633789,52.91138168682123,52.32081224324071,52.77296543345074,14475800
2023-11-20,52.96675109863281,53.13284920156797,52.560731949203905,52.64378100067148,13051000
2023-11-21,53.54808044433594,53.55731007050776,52.90214741514836,53.02210439481405,13891600
2023-11-22,53.90796661376953,54.0187010242294,53.640367255337026,53.760324253227914,11320600
2023-11-24,54.046382904052734,54.21248099978546,53.83414723063237,53.944878121097005,4816000
2023-11-27,53.94487762451172,54.15711329597836,53.769553422884016,54.0187005641896,16246500
2023-11-28,54.05561065673828,54.28630205724657,53.852601097868124,53.88951256676659,13739600
2023-11-29,53.73263931274414,54.13865490080727,53.61267880169793,54.055609377857586,11263600
2023-11-30,54.35581588745117,54.374418577824436,53.57452063227588,53.909361962793916,22727500
2023-12-01,54.541839599609375,54.58834455179634,54.16979643401325,54.19769869570534,15371200
2023-12-04,54.47673034667969,54.839473930356455,54.35581463608733,54.49533303662469,14942200
2023-12-05,54.56044006347656,54.718561152179774,54.33721133474858,54.45812704398042,11891500
2023-12-06,54.504634857177734,54.62555057276079,54.14189125852905,54.46743302385257,14868500
2023-12-07,54.634857177734375,54.77437204483048,54.3093153916421,54.56974598203537,11587900
2023-12-08,54.51393508911133,54.64415036910336,54.290706360481934,54.63485079828976,11178700
2023-12-11,54.913883209228516,54.96038815878673,54.411621238559306,54.7185602922239,14524800
2023-12-12,55.2673225402832,55.2673225402832,54.78366681699448,55.06270005676879,12899000
2023-12-13,55.7416877746582,55.82539810971042,55.11851004746936,55.29523383707987,16196800
2023-12-14,54.913883209228516,55.843996392793635,54.66275222389391,55.778888753792096,22478300
2023-12-15,54.504634857177734,55.03479912414127,53.76054496916755,54.71856402632485,65177400
2023-12-18,54.895286560058594,55.332440939827514,54.523239826455175,54.69066050176665,16717700
2023-12-19,54.718563079833984,55.0627039818171,54.54183929516936,54.876680626007165,14612200
2023-12-20,53.58382797241211,54.56974580315517,53.546622588734834,54.411628244677765,17701000
2023-12-21,53.93726348876953,54.01167069625288,53.4536042217774,53.807044666498484,11725100
2023-12-22,54.24420166015625,54.37441694074828,53.965168409159,54.05817831012465,9029400
2023-12-26,54.46743392944336,54.60694878995837,54.00237729819227,54.00237729819227,6422500
2023-12-27,54.60694885253906,54.662756925669335,54.31861601161729,54.54184120793734,8560100
2023-12-28,54.6441535949707,54.75576619182421,54.43952754398887,54.55114368894286,8400100
2023-12-29,54.81156539916992,54.85807034466222,54.532532178116284,54.63484518705926,9244300
2024-01-02,55.63936996459961,55.695178032535985,54.56973839180362,54.690654098282344,16322600
2024-01-03,55.769588470458984,55.992817207028104,55.58356511466811,55.74168620892549,14830600
2024-01-04,55.58355712890625,56.04861367751795,55.490547238423865,55.85329077864501,12912900
2024-01-05,55.499855041503906,55.76028916006917,54.9603912100981,55.62077075554848,10412800
2024-01-08,55.90909957885742,55.9742072126734,55.2673192625286,55.509150657930746,11554600
2024-01-09,55.806793212890625,55.937008496024646,55.453349195740884,55.79749364185263,10493700
2024-01-10,55.99281311035156,56.188136022996126,55.78818707914289,56.011415799379634,12258000
2024-01-11,55.630069732666016,56.04861781886249,55.518453598120146,56.03931824836708,13754200
2024-01-12,56.169532775878906,56.2346404127802,55.68587351025495,55.88119996905893,13218000
2024-01-16,55.79749298095703,56.20674151568808,55.66727415126504,56.16953613577608,11826900
2024-01-17,55.79749298095703,56.0021154742724,55.6393718903812,55.676577270293194,8982100
2024-01-18,55.95561218261719,56.02071982534359,55.36963984997917,55.51845782593958,10397700
2024-01-19,55.64867401123047,56.06722210938179,55.471950233868554,56.04861941975947,14392600
2024-01-22,55.40684127807617,55.871897863286215,55.285925572453515,55.583561503139926,14314300
2024-01-23,55.66727066040039,55.80678905227111,55.30452709925664,55.36963473596962,14481600
2024-01-24,54.792972564697266,55.630075926493234,54.77436987353507,55.620772806861865,16370500
2024-01-25,55.02549362182617,55.03479319212998,54.5604370484341,54.88597523056852,14899700
2024-01-26,55.220821380615234,55.33243752266355,54.99759619271938,55.10920878666731,13025100
2024-01-29,55.5556640625,55.61147213488224,55.034799364567185,55.19292046226663,14547100
2024-01-30,55.71377944946289,55.82539203468646,55.29522781974938,55.66727095319464,22061500
2024-01-31,55.332435607910156,56.22534342479568,55.146412259033944,55.899801677237235,22837000
2024-02-01,56.71830368041992,56.7462059416035,55.211521258800595,55.40684418328637,15870900
2024-02-02,56.30905532836914,56.615990846709316,56.02071895214624,56.569485895215394,17544900
2024-02-05,55.843990325927734,56.160228915907865,55.69517237464884,56.160228915907865,12759600
2024-02-06,55.75099563598633,55.853308677163696,55.50916771437703,55.76959832966413,12775200
2024-02-07,55.79749298095703,56.0021154742724,55.750984482016875,55.87190019268072,10259900
2024-02-08,55.64867401123047,55.77888929048646,55.258024625362246,55.704478531997175,12874800
2024-02-09,55.39753723144531,55.41613991912265,54.90457487824565,55.31382691094725,15235300
2024-02-12,55.52775955200195,55.58356407402415,54.839474212892036,55.49055417192026,13516800
2024-02-13,55.20222473144531,56.42067447139678,54.68136353728653,55.341743150224005,24195700
2024-02-14,55.14641571044922,55.4254489771771,54.913887396825906,55.03479956527767,15872500
2024-02-15,55.24872589111328,55.425446123050634,54.99759489956,55.26732503291696,13695800
2024-02-16,55.23942184448242,55.45334745263531,54.8394728885139,55.20221646529925,13947100
2024-02-20,56.45787048339844,56.58808576032067,55.35103353335902,55.43474386110906,18339300
2024-02-21,56.96013259887695,56.997334429451904,56.57878633770719,56.72760430430758,14373000
2024-02-22,56.87641906738281,56.96942896073176,56.27184411631464,56.72760110916449,12982800
2024-02-23,56.92293167114258,57.31357753347656,56.73690831132143,56.82061864583592,13612900
2024-02-26,56.46717071533203,56.98803537722151,56.42066576561517,56.96013311701143,10336100
2024-02-27,56.12302780151367,56.532276311572836,55.918401772434045,56.309051141758786,9931100
2024-02-28,56.1788330078125,56.26254332925589,55.86259440992634,56.150927201931424,8076500
2024-02-29,55.825401306152344,56.40207056503063,55.713788702392186,56.13233685351794,18152700
2024-03-01,55.3696403503418,55.71378480569177,55.19292011107322,55.71378480569177,10927600
2024-03-04,55.630069732666016,55.76028500820271,55.08130282283268,55.0906023933281,10150200
2024-03-05,55.36033630371094,55.90910321593037,55.26732285785162,55.72307987231189,12310000
2024-03-06,55.38823699951172,55.80678862381031,55.230119468165626,55.36033474059184,12378800
2024-03-07,55.285926818847656,55.592865875094155,55.09990701905005,55.518455116694916,13686900
2024-03-08,55.36033630371094,55.61146728538087,54.84877476983523,55.15571027092059,13239000
2024-03-11,56.03002166748047,56.076526618639214,55.41614708712412,55.60216689175911,14114300
2024-03-12,56.2718505859375,56.504378894143855,56.002116896874035,56.1044299201809,12684600
2024-03-13,56.84852600097656,56.93223634299058,56.550890017838,56.62530078767304,13909500
2024-03-14,56.721946716308594,57.003211852498374,56.62819286307209,56.796952660082,13996600
2024-03-15,56.14067077636719,56.6750756634572,55.915656498206886,56.271927615093766,36849900
2024-03-18,56.37506103515625,56.62820076599884,56.06566683863284,56.1500467489137,15856700
2024-03-19,56.468814849853516,56.58132020463157,56.309432561958005,56.47819238236545,15030600
2024-03-20,56.956336975097656,57.01259143495167,56.40318063754778,56.421932124165785,15258800
2024-03-21,56.693824768066406,57.181352703185325,56.553190403068086,56.77820467176931,13067100
2024-03-22,56.71257400512695,56.993839147484096,56.65631954606339,56.74069944641857,11502800
2024-03-25,56.628196716308594,56.91883582700631,56.36567947171907,56.70319908870525,13144700
2024-03-26,56.75945281982422,56.918835094416046,56.60944450048114,56.72194984586834,13277400
2024-03-27,57.21885681152344,57.59387943140624,56.909466190128775,56.99384610077837,12551200
2024-03-28,57.35948181152344,57.434484177350875,57.19072201781148,57.32197884036963,13683500
2024-04-01,56.89070510864258,57.471986852613185,56.84382818318175,57.35948151621117,11668700
2024-04-02,56.39380645751953,56.93758526135104,56.35630348443313,56.67507160270689,13017300
2024-04-03,56.093788146972656,56.61881544854755,56.04690764377753,56.30004733981411,13672900
2024-04-04,55.596885681152344,56.39380778381938,55.47500280399518,56.337553322866746,14320700
2024-04-05,55.79376983642578,55.953155684428026,55.23123954384458,55.550007663368696,10157800
2024-04-08,55.568763732910156,55.75627503806198,55.381252427758334,55.69064661773094,10284500
2024-04-09,55.99066162109375,56.00941310870297,55.43750525430369,55.765647346263655,10779100
2024-04-10,55.24061965942383,55.6812707028587,55.02498290400358,55.61564228062126,11861900
2024-04-11,55.36249923706055,55.66251588548493,55.11873705139594,55.45625667499352,11109000
2024-04-12,54.640586853027344,55.32500010329672,54.49995605108424,55.26874921311181,12250900
2024-04-15,54.50932312011719,55.137485400834294,54.41556926400077,54.94997411212111,12425000
2024-04-16,54.434326171875,54.73434283310394,54.31244328560052,54.61245994682946,11236800
2024-04-17,54.85622024536133,54.90310075294728,54.471823687928406,54.64058350109219,13805100
2024-04-18,55.23124313354492,55.29687155272884,54.884349549789846,54.95935192465121,11125900
2024-04-19,56.41255569458008,56.59069303269069,55.31562052960198,55.40937438804302,21207900
2024-04-22,56.76883316040039,56.84383911674878,55.990666033930495,56.38443657531701,15624500
2024-04-23,56.853206634521484,56.89070960844853,56.37505623463319,56.75007524446233,13689100
2024-04-24,57.706382751464844,57.80014019136908,56.10316808214901,56.55319306424746,19548300
2024-04-25,57.884521484375,58.681440071989954,57.537624313148086,58.006400794446456,19048500
2024-04-26,57.884521484375,58.06265525973532,57.518872824718464,57.706384132533955,10994300
2024-04-29,58.16578674316406,58.17516069915226,57.687632728709254,58.05327781242133,13409300
2024-04-30,57.91264343261719,58.90645080050707,57.63137827611416,58.25953700642157,19349200
2024-05-01,58.062652587890625,58.66268588410415,57.38761334141013,57.94076970694708,16729800
2024-05-02,58.1189079284668,58.50330448818986,57.86576820721298,58.29704169832069,10991300
2024-05-03,58.287662506103516,58.43767440463097,57.79076060991311,58.11890627322115,11628700
2024-05-06,58.4564208984375,58.48454991696978,58.03452496173791,58.40954396952426,9310700
2024-05-07,58.709564208984375,58.89707551262416,58.36267062196319,58.84082104858803,9807000
2024-05-08,58.92519760131836,59.03770652298458,58.5783040340486,58.92519760131836,10484400
2024-05-09,58.95332717895508,59.20646689038362,58.83144430090123,58.88769876226773,9113700
2024-05-10,59.30958938598633,59.40334681318905,58.86894199581405,58.99082128645736,8371700
2024-05-13,59.609619140625,59.64711854104253,59.234596524603866,59.29085098995125,10137600
2024-05-14,59.159584045410156,59.778368790055566,58.87831890265867,59.60961256558894,10852200
2024-05-15,59.18771743774414,59.431479625750306,59.065834555500764,59.12208901880092,9838900
2024-05-16,59.3658561706543,59.75025276081169,59.13146791869294,59.29085378979673,10228000
2024-05-17,59.093963623046875,59.41273178166944,59.00958371116206,59.38460633653477,11539000
2024-05-20,58.66268539428711,59.07520738786933,58.559554001771424,59.00020501470916,11000900
2024-05-21,58.981449127197266,59.04707753999663,58.540798147132726,58.89706922838661,9796200
2024-05-22,59.06583023071289,59.08458171710663,58.74706211497998,58.79393904272417,7419400
2024-05-23,58.21266174316406,58.95332941846389,58.17515876749507,58.58768434689275,9834300
2024-05-24,58.12828826904297,58.52205882770302,58.100162822418966,58.334551081568335,8203100
2024-05-28,57.95951843261719,58.2501611113311,57.56574794192129,57.93139299084759,12347000
2024-05-29,57.84701156616211,58.015771365297645,57.25635226918773,57.63137483981787,11861800
2024-05-30,58.10015869140625,58.203290090336125,57.7532615174638,57.98764975994779,9433800
2024-05-31,59.000205993652344,59.09395985577826,57.837638790295784,58.11890752963471,19816600
2024-06-03,59.000205993652344,59.15021431894216,58.550181017782876,58.793943205198616,9369000
2024-06-04,59.94712448120117,59.97525349708411,59.00957168531856,59.25333741507689,11895600
2024-06-05,59.928382873535156,60.06901724668902,59.39397797791957,59.99401487042612,9632500
2024-06-06,60.14402389526367,60.340909158772384,59.85338118974078,59.92838356687141,8658500
2024-06-07,59.919002532958984,60.20964520414962,59.82524867850022,60.0877587556887,9523100
2024-06-10,59.61899185180664,59.99401445999756,59.412729059653564,59.94713395161321,15685300
2024-06-11,59.581485748291016,59.67524318365779,59.13146078797187,59.61898872243773,8396000
2024-06-12,58.95332717895508,59.71274273676025,58.775189839534725,59.71274273676025,9569600
2024-06-13,59.05645751953125,59.10333444826269,58.55017810567865,58.93457464364516,9668900
2024-06-14,59.098968505859375,59.23124379955387,58.66434865393992,58.938349536153616,8179200
2024-06-17,59.16510772705078,59.42966192571082,58.7493848494872,58.928900809387756,10532700
2024-06-18,59.174556732177734,59.35407268816501,58.99503717195901,59.080071804633285,10651700
2024-06-20,58.749393463134766,59.278498333798964,58.532083499531275,58.95725673450857,13306300
2024-06-21,59.30683898925781,59.618630276180824,58.74939046611001,58.74939046611001,28278100
2024-06-24,60.44063186645508,60.52566290325324,59.439113161461144,59.51470111092414,13212500
2024-06-25,60.31779861450195,60.53510854615733,60.00600375328019,60.4122799398368,10235300
2024-06-26,60.51621627807617,60.572903632627614,59.74145425830103,59.90207683940385,9402500
2024-06-27,60.38393783569336,60.724072778296055,60.109936939162196,60.5162167405313,8494100
2024-06-28,60.138282775878906,60.52565837307145,60.01545416931082,60.37448969392363,17358800
2024-07-01,59.788700103759766,60.75242846544034,59.63752780480107,60.49732093092215,10033400
2024-07-02,59.665870666503906,59.88318060488616,59.39186976862695,59.76979868589674,8878200
2024-07-03,59.835941314697266,60.15717927984855,59.458008784517816,59.70366240617225,9154200
2024-07-05,60.24221420288086,60.27056148552855,59.52414671723334,59.8359415967358,11735500
2024-07-08,59.48635482788086,60.081597325098265,59.37297650601198,60.081597325098265,11235100
2024-07-09,59.23125076293945,59.74145861651229,59.13676942897346,59.58083962792372,11657500
2024-07-10,59.363529205322266,59.391872884440765,58.853321355798315,59.25959757624533,11930400
2024-07-11,59.618621826171875,59.958760348592655,58.95724537061077,59.184001982737044,11431600
2024-07-12,60.185523986816406,60.57290319176877,59.892626108249864,59.958763757566246,9201500
2024-07-15,59.91152572631836,60.41228326577856,59.85483476545746,60.27056126997392,8207500
2024-07-16,60.72407150268555,60.76186547470246,59.892625743702695,59.93041971571961,9025100
2024-07-17,61.61221694946289,61.78228623345557,60.85635907163384,60.9130464301435,12508200
2024-07-18,61.59332275390625,62.17911134001804,61.14925256219983,61.22484051152509,11128200
2024-07-19,61.68779754638672,62.01848577904673,61.2437274017592,62.01848577904673,13775700
2024-07-22,61.19649124145508,61.68780571658994,60.77132163007557,61.650011740928505,11794200
2024-07-23,61.376007080078125,62.39642273530485,61.27207545546448,61.82007725643402,11810300
2024-07-24,62.17911148071289,62.33028737970549,61.25318432900588,61.49883435217343,13244600
2024-07-25,62.42475891113281,63.19951725066727,62.226345981205235,62.3964152366378,16328600
2024-07-26,63.35070037841797,63.40738773389766,62.368078702144594,62.42476605762428,13530100
2024-07-29,63.14282989501953,63.33179253060802,62.72710344656988,63.19006694968541,12140200
2024-07-30,63.945945739746094,64.08767135132234,62.698773333110395,62.8121552640642,13258000
2024-07-31,63.05780792236328,63.87981073689558,62.934982898406915,63.77587909798468,15576800
2024-08-01,64.21048736572266,64.35221295742424,63.020002487277516,63.3034536706807,16495900
2024-08-02,65.50491333007812,65.82615132312392,63.955396309408115,64.74904820408413,22514800
2024-08-05,64.3427734375,65.71277810875813,63.99319175568508,65.18366962502964,25484300
2024-08-06,64.29552459716797,65.04193209874468,64.03096679951894,64.39000592066832,12969100
2024-08-07,64.68289947509766,65.3631765303635,64.08766065597146,64.29552389046523,13365300
2024-08-08,64.9380111694336,65.06083617572104,64.10655817775454,64.24828377483286,15240900
2024-08-09,64.8907699584961,64.9947015873531,64.48449373890874,64.9096633417139,12080400
2024-08-12,64.4089126586914,64.75850155744737,64.08767465048139,64.67346330273834,11012300
2024-08-13,64.68289947509766,64.82462506302186,64.25772991978792,64.3238675663575,9877600
2024-08-14,64.7962875366211,65.0891818265888,64.37111073249712,64.46559927238924,14328000
2024-08-15,64.86241912841797,65.11751942028377,64.72069354028682,64.83407545248431,11285100
2024-08-16,65.3631820678711,65.47656398950862,64.85297423319737,65.0419368941298,12651200
2024-08-19,65.17423248291016,65.5899518620604,65.05140024104301,65.52381419661843,9843900
2024-08-20,65.55213928222656,65.56158957702701,64.97579384326737,65.18365707810024,11957400
2024-08-21,65.7316665649414,66.26076780053339,65.50490992232537,65.64663552713428,8792400
2024-08-22,65.50491333007812,66.06235827393903,64.9947054513018,66.06235827393903,12509200
2024-08-23,65.93952178955078,65.99620914118158,65.13641973810887,65.57103958702493,11834700
2024-08-26,66.93157958984375,67.007167523206,65.88282765040645,65.97730896287823,12912200
2024-08-27,67.55517578125,67.58351945689509,67.13000622964823,67.38510651891674,16988400
2024-08-28,67.79138946533203,67.8480768222881,67.36621987123452,67.65911416012554,13272600
2024-08-29,68.07484436035156,68.23546335275027,67.30008586990994,67.93311875180875,17201700
2024-08-30,68.47167205810547,68.5661533967421,67.81973856712376,68.21656451447608,18624200
2024-09-03,68.98187255859375,69.2464231618656,68.26380148652494,68.44332105665796,14755800
2024-09-04,68.55668640136719,69.47317030068082,67.94255424558676,69.25586399559423,18140800
2024-09-05,67.2433853149414,68.67007715258761,67.06387295466824,68.61338979760275,23866100
2024-09-06,67.21503448486328,67.71579195651093,66.9788275862776,67.07330890401938,17485700
2024-09-09,67.88587188720703,68.32049178393522,67.06387636428217,67.3000833000125,12939300
2024-09-10,67.60243225097656,68.42442782693487,67.57408136175034,67.99925819857465,10277600
2024-09-11,67.15835571289062,67.43235661525893,66.67649155986614,67.42290631973908,11418200
2024-09-12,67.30008697509766,67.44180537750384,66.76153542056211,67.08277341063481,12337800
2024-09-13,67.93270874023438,67.98978473048862,67.0479946018796,67.39045780128787,11073800
2024-09-16,68.58909606933594,68.72227820233822,68.13247368700864,68.27516364530973,10786500
2024-09-17,68.3037109375,68.82692440197533,68.22760478554217,68.39883999850623,12974400
2024-09-18,68.25614166259766,68.8554612692366,67.79951201619512,68.3893237974063,10719700
2024-09-19,67.18115234375,68.43687447831168,67.1621221819905,68.07537398368261,13635600
2024-09-20,68.15149688720703,68.30370918722227,66.9528504271738,66.98139567683812,48578500
2024-09-23,68.23710632324219,68.68421354700432,67.71388570474939,68.06587114427006,11613000
2024-09-24,67.85659790039062,68.3227353903715,67.16214194937714,67.75195375355459,13330600
2024-09-25,67.97074127197266,68.41785579589721,67.83755914883106,68.2180826111848,12329100
2024-09-26,67.92317962646484,68.12295280897465,67.39044388189075,67.40947404663338,10815200
2024-09-27,68.29419708251953,68.68422841702565,67.980264643458,68.05637079678485,11175700
2024-09-30,68.36078643798828,68.68422669469336,68.19906630963574,68.49396857402944,18015300
2024-10-01,68.21810150146484,69.20745987439533,68.14199533634326,68.58910998407835,13294500
2024-10-02,67.55218505859375,67.95173150528211,66.98140338362711,67.91367842589997,11155500
2024-10-03,67.08602905273438,67.53314358829654,66.7816117265042,67.40947654441231,9374800
2024-10-04,66.7530746459961,66.85771878374031,66.3249902700473,66.55330145336121,12684800
2024-10-07,65.64956665039062,66.68648572035055,65.51638451769635,66.63892482032081,14512000
2024-10-08,65.81129455566406,66.05863594186069,65.50687717953082,65.67811240722344,13549700
2024-10-09,66.18228912353516,66.34400923302148,65.70663661948277,65.82079583329258,9037700
2024-10-10,65.87787628173828,66.50574111347743,65.63053493063967,66.42963496577298,8635200
2024-10-11,66.18228912353516,66.20131203022952,65.64004555923067,66.07764499201313,8786300
2024-10-14,66.91480255126953,67.03847686911156,66.08717169374829,66.18230075970811,7659300
2024-10-15,66.91480255126953,67.74244066667329,66.74357458727135,67.02896178515083,10358700
2024-10-16,67.13359832763672,67.25726537358256,66.562816738675,66.67696870173833,7937300
2024-10-17,66.4962387084961,67.24777073012828,66.1918213175208,67.19068747952578,14674600
2024-10-18,67.00994110107422,67.11458525447088,66.22035603740215,66.46769742341999,15087500
2024-10-21,66.0681381225586,66.90529127880008,65.93495598549875,66.59135884520951,11981200
2024-10-22,66.0681381225586,66.35353256361948,65.33563636872942,65.64005371884939,18603300
2024-10-23,64.6982650756836,65.35466069171312,63.337898425242265,63.727929761389404,24655200
2024-10-24,64.02283477783203,64.72679850472265,63.689872193575084,64.3557901042072,17568800
2024-10-25,63.66133117675781,64.40334794252229,63.53766413509087,63.8040283835313,11138100
2024-10-28,63.42350769042969,64.11796358954629,63.356916625408786,63.69938703348249,10761400
2024-10-29,62.36756134033203,63.109578172619194,62.32950826458884,63.06201727135176,16525900
2024-10-30,62.71002960205078,63.29984136891197,62.13924800134611,62.31999829042396,14177800
2024-10-31,62.12973403930664,62.776621800545875,62.08217313882082,62.60538659145661,13383700
2024-11-01,61.8443489074707,62.46269869728621,61.730189678342825,62.28194839897095,12163100
2024-11-04,61.93947982788086,62.23438210628995,61.50188032325104,61.9109418342132,10984500
2024-11-05,62.18681335449219,62.2819424073394,61.49235747873263,61.49235747873263,8780200
2024-11-06,60.59813690185547,61.701650696481785,60.103457803720765,61.28307412093801,22899300
2024-11-07,60.560081481933594,61.25453375754734,60.50300187049405,61.15940470075567,14856100
2024-11-08,60.80742263793945,61.111839991578265,60.636191051841095,60.79791118329997,14719300
2024-11-11,60.27469253540039,60.997686453428464,60.170048392348356,60.87401577264505,13980900
2024-11-12,60.12247848510742,60.645695524629815,60.0463723409889,60.579104462996455,15021000
2024-11-13,59.93221664428711,60.17955435433915,59.44705267771011,59.979781169803964,13177600
2024-11-14,59.504127502441406,60.03685961314154,59.389971917627314,60.03685961314154,15910800
2024-11-15,58.733577728271484,59.580238675938126,58.400618770115905,59.447056544252256,26284300
2024-11-18,58.847740173339844,59.11410446771972,58.56234933951264,58.83822508914551,16062100
2024-11-19,59.54219055175781,59.57072854550857,58.62893846232128,58.885791292901786,16254800
2024-11-20,59.92271423339844,59.94173714332328,58.99994705757042,59.646834863252145,18904900
2024-11-21,60.65521240234375,60.70278056114201,59.88465758340971,60.07491933177971,17292300
2024-11-22,60.80742263793945,61.34015845021903,60.55057344432136,61.111839991578265,19562200
2024-11-25,61.24502182006836,61.55895425569818,60.731319806492145,61.18794583463827,36805300
2024-11-26,61.406742095947266,61.492356064175866,60.94059740932043,61.17842366490832,14473300
2024-11-27,61.29258728027344,61.92995994911083,61.121352073642896,61.796777817051726,13263400
2024-11-29,61.4219856262207,61.584932330201326,61.12484300215227,61.36446943257526,10648400
2024-12-02,61.00982666015625,61.527428568449274,60.722267606794404,61.39323629366188,16500100
2024-12-03,60.88521194458008,61.421984646978764,60.415535372923124,61.0769167423271,24874500
2024-12-04,59.62955093383789,60.72226356315784,59.332411961300195,60.65516743023223,28137700
2024-12-05,60.31010055541992,60.50180536271587,59.524114136325096,59.87876930958537,21040400
2024-12-06,59.936275482177734,60.731849116720596,59.91710463666846,60.22383450835196,15581100
2024-12-09,60.00337219238281,60.31968566164157,59.33241087540655,60.08963916977475,22348300
2024-12-10,60.30051803588867,60.425126711323124,59.22697621493648,60.099229630047354,14949400
2024-12-11,60.041717529296875,60.99065433822437,59.81167467992759,60.38678545981596,32819000
2024-12-12,61.19194030761719,61.26862003553026,60.59765870454703,60.91396852394412,17542100
2024-12-13,60.501800537109375,61.19193632574373,60.49221694291825,60.93313540500585,13429000
2024-12-16,59.955448150634766,61.211111146184,59.763743346178124,60.607242291908335,24559700
2024-12-17,60.77019500732422,60.9139708738822,59.73499121707398,59.859599893263024,21902400
2024-12-18,60.243003845214844,61.000235815736424,60.18549496310159,60.204665809294355,20946100
2024-12-19,59.85960006713867,60.549732272844984,59.8116747781468,60.099230168563196,21300600
2024-12-20,59.955448150634766,60.444295584822456,59.696647213088056,59.87876842273112,42458100
2024-12-23,59.792503356933594,60.156738474945364,58.97775882603696,59.9075247807023,13010800
2024-12-24,60.233421325683594,60.233421325683594,59.437847648573296,59.61996886242342,5019100
2024-12-26,59.97462463378906,60.137575012655795,59.81167791138769,60.0225499252915,7943800
2024-12-27,59.85960006713867,60.33886026998772,59.62955356092646,59.85960006713867,8542800
2024-12-30,59.45701599121094,59.75415861529258,59.12153533213888,59.75415861529258,8972200
2024-12-31,59.67747497558594,59.84042533533757,59.23655649514141,59.44743214077354,9256700
2025-01-02,59.27490234375,60.1471557712255,59.06402668332784,59.763746144360695,12991000
2025-01-03,59.18863296508789,59.50494644291951,59.06402429293012,59.33241248345954,10403200
2025-01-06,58.28762435913086,59.0160982232764,58.143844842665224,58.94900209064977,17924200
2025-01-07,58.31637954711914,59.159878497832004,58.10550389532467,58.575180486194625,17799600
2025-01-08,59.15029525756836,59.2078078000846,58.40265048718362,58.460163029699864,14412400
2025-01-10,58.53683853149414,59.09278209956487,58.21094146039251,59.0256859663791,22425000
2025-01-13,59.0927848815918,59.284486038881944,58.19177335388124,58.59435382841398,18016200
2025-01-14,59.46660232543945,59.495356765355154,58.75729567031126,59.1023635751593,16658300
2025-01-15,59.207801818847656,60.0225426449627,59.12153484202072,59.74457452537804,16187200
2025-01-16,59.66790008544922,59.71582537832115,58.77647574346262,58.87232632920647,12585500
2025-01-17,60.10881423950195,60.16632678062648,59.59121233877683,59.72540826806738,17948900
2025-01-21,59.83084487915039,60.607247761862816,59.71582344868145,60.290937913956874,19817100
2025-01-22,59.21738815307617,59.706235596533524,59.10236673080712,59.54328522989271,18191900
2025-01-23,58.97775650024414,59.40909139294849,58.82439338911203,59.23655743586675,16528400
2025-01-24,59.35157775878906,59.437844735736455,58.89148843389127,59.15987661576367,19244600
2025-01-27,61.22069549560547,61.5178381289991,59.87876916079839,60.26217511797253,20742900
2025-01-28,59.77333068847656,61.38364519802043,59.69664730399113,60.87562691696699,14956000
2025-01-29,60.223838806152344,60.731853450774814,59.955450606334196,59.96503785800547,11325600
2025-01-30,61.39323806762695,61.623280929205244,60.6072479305826,61.20152958886944,13201000
2025-01-31,60.84687805175781,61.278212987851454,60.760611064539084,61.05775372195145,12096800
2025-02-03,60.72226333618164,60.99065152334587,59.840426360189866,60.55931663010424,12067900
2025-02-04,60.07046890258789,60.99065122245202,59.763742681454836,60.97148037657308,15678000
2025-02-05,60.501800537109375,60.66475089007684,59.99378594628953,60.1183946095629,10686800
2025-02-06,60.73185348510742,61.09609226305321,60.300518571285465,60.98106718172391,13423400
2025-02-07,61.19194030761719,61.26862003553026,60.64558399155083,60.798947103841996,13184700
2025-02-10,61.87248611450195,61.96833667854558,61.019400006069276,61.44114760691172,16154300
2025-02-11,64.79598236083984,64.86307850127587,63.65534797342753,64.70013177634993,30589100
2025-02-12,65.85993957519531,65.96537741026327,64.09626544847796,64.09626544847796,26033800
2025-02-13,66.61717224121094,66.72261007727465,65.90786914554384,66.13791200925978,24393100
2025-02-14,66.01329803466797,67.12517781937493,65.90786021289449,66.48297095070359,20779100
2025-02-18,66.18583679199219,66.49256302861882,65.58196425746483,65.70657659020493,15569100
2025-02-19,67.16352081298828,67.2210296940057,66.30085103307741,66.33919272473233,16032300
2025-02-20,67.13477325439453,67.16352769785082,66.5404879422186,66.81845975051392,13398000
2025-02-21,68.39041900634766,68.6300490710601,67.22102312048222,67.40314430980104,21662300
2025-02-24,67.66195678710938,68.7546768559739,67.4127467290409,67.90158690574273,21418400
2025-02-25,68.52462768554688,68.79301225229827,67.79615737948765,67.92076241035623,21555600
2025-02-26,67.86324310302734,68.32332877170428,67.60443851558294,68.31374152066898,14531200
2025-02-27,67.93034362792969,68.57255054316413,67.49900505860138,67.78656410482026,16789500
2025-02-28,68.25624084472656,68.60130879417642,67.63320108527928,68.48628370671622,22167400
2025-03-03,69.3201904296875,69.35853212069162,66.8376262688414,67.32646637505191,21717600
2025-03-04,67.27854919433594,69.6365085000202,66.98140289763963,69.08056491309708,25411900
2025-03-05,67.17311096191406,67.80573061918598,66.9430608020604,67.00057699848895,23933600
2025-03-06,67.53734588623047,67.6044420210971,66.56923824350044,67.48942425442873,21694000
2025-03-07,68.46711730957031,68.8409397069893,66.76095204690293,66.76095204690293,28393300
2025-03-10,68.48628234863281,70.18286761860641,68.36167732438656,68.97512981948138,25251200
2025-03-11,68.09329223632812,69.05181266649109,67.68112815884083,68.89844588745835,28076400
2025-03-12,67.03890991210938,67.79614180169774,66.84720147067158,67.45107392003901,18923300
2025-03-13,66.73219299316406,67.33605821352727,66.40629225389085,67.33605821352727,15746600
2025-03-14,66.78047180175781,66.87702970990786,66.02730243763668,66.15283434843828,14205100
2025-03-17,67.70744323730469,67.75571850954078,66.70322475189904,66.85771593670952,15634800
2025-03-18,66.9928970336914,67.77503304268328,66.91565512640886,67.69778376850448,12657600
2025-03-19,66.89634704589844,66.99290496660764,66.18180959237378,66.19146759451384,14780000
2025-03-20,67.31153869628906,67.40809659685962,66.71286792571868,66.92529972711125,16295300
2025-03-21,66.30732727050781,67.56260221013271,65.83418835131225,67.31154574882845,47479500
2025-03-24,66.57769012451172,66.70322203438347,65.97902667827829,66.43285694680758,12575400
2025-03-25,66.4425048828125,66.70321932588583,66.23973107536425,66.57768742111134,12513900
2025-03-26,67.61087036132812,67.92951806324355,66.52941008849358,66.54871872183894,14478200
2025-03-27,68.30610656738281,68.54750502875585,67.65916045895821,67.76537637131406,11663400
2025-03-28,67.94884490966797,68.86615616135613,67.137742208676,68.37370121314304,17412900
2025-03-31,69.15582275390625,69.46481244013778,68.06469716901427,68.29644495885933,24016900
2025-04-01,69.39723205566406,69.43585669335997,68.74062794862651,69.21376686833263,15309100
2025-04-02,68.87580108642578,69.8703614287925,68.60543602639157,69.48412247150276,14606500
2025-04-03,70.66216278076172,71.40566685162943,69.83175142702032,69.9862499890638,24959600
2025-04-04,67.52397918701172,70.49801005543003,67.38879663543784,69.9283058450288,26517300
2025-04-07,66.01764678955078,66.99289116476056,63.77746960289084,63.95127677111857,34258400
2025-04-08,66.06592559814453,67.57225692583422,65.42863752507644,66.58734713077989,22774400
2025-04-09,67.54328155517578,68.04539444319651,64.96514794624488,65.5831273723505,27918700
2025-04-10,68.32542419433594,68.75993848838033,66.6066682871963,67.77503598399463,22450200
2025-04-11,68.97236633300781,69.3779139662701,68.11298842909176,68.47026079185872,19988200
2025-04-14,69.95726776123047,70.16004894180331,68.48956842880492,68.84684078636653,13930200
2025-04-15,69.3875732421875,70.13107725016427,69.25239069528264,70.12142661602554,14965500
2025-04-16,69.21376037597656,70.16969612686864,68.93373730412016,69.87036442142366,15276200
2025-04-17,70.48835754394531,70.9035632323732,69.2523984807824,69.42620568447076,20754500
2025-04-21,70.2662582397461,70.94217832618618,69.34894706795127,70.85527105258988,16037200
2025-04-22,71.35739135742188,71.8208723083377,70.41110608504866,70.48835536583358,15613500
2025-04-23,70.77803039550781,71.40566048891696,69.88967847670963,70.76837239451646,16353900
2025-04-24,70.02486419677734,70.90355815440967,69.81243973361352,70.50766113167953,16893900
2025-04-25,69.43585968017578,70.41110419808646,68.68269026305236,70.15039709104516,16316000
2025-04-28,69.31997680664062,69.77380705183828,68.85648856112718,69.59999988063271,15997500
2025-04-29,69.8607177734375,70.20833216968425,67.86193867846706,68.74063267089551,16244100
2025-04-30,70.0538330078125,70.95183553483541,69.22342175198932,70.826303626253,21074700
2025-05-01,68.83718872070312,69.5613841320863,68.77925544519941,69.52275949278493,18034200
2025-05-02,69.18479919433594,69.34894837690976,68.65371964260149,69.03995864687234,12629600
2025-05-05,69.23307037353516,69.32963564406757,68.56681568161564,69.20410373913376,11932700
2025-05-06,69.25239562988281,69.42620282641609,68.71166540373346,69.21377098988688,12705500
2025-05-07,69.90899658203125,70.18901968403547,69.20410982637972,69.25239246589291,15018200
2025-05-08,68.72130584716797,69.9765806767391,68.68268121290009,69.71586623715483,14371100
2025-05-09,68.09368133544922,68.7020102318209,68.03574805651749,68.54751166547345,11228900
2025-05-12,67.13773345947266,67.91021142004575,66.33628886458484,67.73640424726159,21539000
2025-05-13,66.58734130859375,67.29222795780923,66.50044141086745,67.19566269336396,14389100
2025-05-14,66.78047180175781,66.95427161629019,66.22042562083293,66.51009934528305,16286800
2025-05-15,69.14616394042969,69.2620378339884,67.20531858296833,67.30187647748635,19817100
2025-05-16,69.52275848388672,69.77381495225401,68.97237027389848,69.38757593174199,18441200
2025-05-19,69.45516204833984,69.6869024966736,69.17513896344255,69.5517199545709,13282800
2025-05-20,69.22341918945312,69.64827543545431,68.97236274847803,69.32963509267736,12137800
2025-05-21,69.37791442871094,69.60000424853749,69.11720733898919,69.2234232484415,12094400
2025-05-22,68.69234466552734,69.51309794990247,68.51853748097409,69.36825740162537,11101800
2025-05-23,69.30066680908203,69.50344799880062,68.25783105841015,69.07858435085139,12822100
2025-05-27,69.3103256225586,69.73518927548727,69.09789379609425,69.27170098439267,10666100
2025-05-28,68.7020034790039,69.42619886205688,68.60544556797612,69.2330756731049,8710900
2025-05-29,69.0302963256836,69.19445286488012,68.03573592458461,68.55715744268322,10291100
2025-05-30,69.61930847167969,69.97658081418756,69.1461695930363,69.1461695930363,28019500
2025-06-02,69.52275848388672,69.56138312262757,68.90477899782611,69.55172512121821,10202700
2025-06-03,68.71166229248047,69.31032576806793,68.04540017478838,69.24273449285978,20139800
2025-06-04,68.91443634033203,69.37791726699777,68.24817422049146,68.80822042653436,13565900
2025-06-05,68.47026062011719,69.00133279561064,68.39301134724305,68.9240835227365,13531400
2025-06-06,68.8951187133789,69.02065062685098,68.49922907147304,68.6344116191381,9524000
2025-06-09,69.30066680908203,69.35860744910008,68.64406270174976,68.89511916343761,12281300
2025-06-10,69.8607177734375,70.18902353295805,69.2910209038034,69.42620346157749,12265000
2025-06-11,69.59033966064453,69.87036272570492,69.29100796246418,69.78345545942628,12718500
2025-06-12,69.7544937133789,69.90899225674505,69.13651427370635,69.7641517140633,12806900
2025-06-13,69.06404113769531,69.90035654658321,68.78203453124911,69.79338545340401,17467200
2025-06-16,68.57781982421875,69.64753088439153,68.30553243409292,69.23909237992787,15045900
2025-06-17,67.70260620117188,68.51946829584377,67.66370694629117,68.44166978608237,15437000
2025-06-18,67.30389404296875,68.07213762938471,67.18719627895109,68.07213762938471,16227600
2025-06-20,66.94408416748047,67.64425594091952,66.88573899278538,67.18719895440934,40859400
2025-06-23,67.81930541992188,67.88737727005096,67.07051506850198,67.235831358919,21822800
2025-06-24,68.2763671875,68.41251089720383,67.77069161135374,68.01380643857854,15216100
2025-06-25,67.71232604980469,68.09158451415576,67.5178371929539,68.0040667543552,12540400
2025-06-26,67.55674743652344,67.99435114525266,67.24556076338197,67.78040891635375,14454100
2025-06-27,68.39306640625,68.61672789718126,67.55675078955939,67.67344116073193,23470700
2025-06-30,68.8014907836914,68.8403900433521,68.15966412820278,68.19856338786346,15429000
2025-07-01,69.6961441040039,70.45466103872845,68.94735383798142,69.03487159847685,21729300
2025-07-02,68.95708465576172,69.85174532904846,68.79176095497682,69.71560163612547,13050200
2025-07-03,69.38496398925781,69.43358991805621,68.50974920581203,69.0835040046779,9440500
2025-07-07,69.05432891845703,69.40441481917803,68.85011337958225,69.40441481917803,16984700
2025-07-08,68.30552673339844,68.73341112175684,67.9554408555187,68.73341112175684,17115500
2025-07-09,67.56646728515625,68.31525759142838,67.07051102453329,68.22773982622861,33704100
2025-07-10,67.84848022460938,67.92627874708911,67.25528689370893,67.3817039282819,14608400
2025-07-11,67.94572448730469,68.22773853529256,67.34279713444015,67.65398377027596,12916700
2025-07-14,67.55674743652344,68.14994819146116,67.36225112876282,67.87766077987182,13983200
2025-07-15,67.44976806640625,67.63453768134465,67.24555253270967,67.5956384245537,12639800
2025-07-16,67.36225128173828,67.58592018135205,66.89547498060382,67.4400498050192,13178300
2025-07-17,68.6458969116211,68.74314877489654,67.59564652943604,67.88737986143586,20464700
2025-07-18,67.92626953125,68.75285831744291,67.90682361290611,68.50002428260001,14928000
2025-07-21,68.14020538330078,68.67506082887584,68.00406170974964,68.2569031403191,17811700
2025-07-22,67.74151611328125,68.3249901897365,66.79822943702882,67.53729313821027,22339900
2025-07-23,67.2552719116211,67.81929252576673,66.71068979485199,67.74150143989155,21030000
2025-07-24,67.19692993164062,67.63454102773488,67.08995882499147,67.35252696650302,12511400
2025-07-25,67.26499938964844,67.32335198528607,66.85656831655866,67.22610013231493,12574800
2025-07-28,66.2147445678711,67.0024415792667,66.1855719784259,66.84684454319225,13668800
2025-07-29,67.4692153930664,67.50811465066909,66.27309475370163,66.45785695322093,16223400
2025-07-30,66.8565673828125,67.42059547735886,66.64262518010356,67.20665327464992,10448200
2025-07-31,66.02024841308594,66.75931941440432,65.87437806266762,66.27308985919274,17193400
2025-08-01,66.96354675292969,67.13858972046297,66.38979191851898,66.71070526220926,16107500
2025-08-04,67.06078338623047,67.17748115741855,66.42868344269235,66.82739526312896,10701500
2025-08-05,67.1483154296875,67.57619246254212,66.85657468154875,67.00244505561813,11993400
2025-08-06,67.59564208984375,67.87765615241412,66.73987323258883,67.21638358966032,10783000
2025-08-07,68.49030303955078,68.77231710316218,67.42059938330841,67.54701641074455,15790800
2025-08-08,68.40277862548828,68.91818824919164,68.14994456775658,68.42223196486772,9232700
2025-08-11,68.8014907836914,68.90846189293951,68.0332470987619,68.36388709624019,10909400
2025-08-12,68.76258087158203,69.1029400667919,68.2860779982882,68.86955196425856,11061100
2025-08-13,68.51947021484375,68.82093017451922,68.29580876710854,68.7431390818534,10356500
2025-08-14,67.63453674316406,68.51947071024072,67.47893971815856,68.44167219773797,10722400
2025-08-15,67.99434661865234,68.45140363736765,67.65398737682446,67.81930366295872,12381100
2025-08-18,67.22610473632812,68.1207728777212,67.14831363560826,68.0527010275443,14094900
2025-08-19,68.19856262207031,68.28608781014285,67.33307450734513,67.39142710581851,13862200
2025-08-20,68.75286102294922,69.73504687164127,68.47085438985596,68.79176028044219,17530800
2025-08-21,68.7139663696289,68.95708115454391,68.39305307291524,68.65561377614269,8840400
2025-08-22,68.19856262207031,69.0640507367955,67.99434707560117,69.0057055575972,12999600
2025-08-25,67.0316162109375,68.29581620009569,66.8274006593243,68.17911841948447,13634600
2025-08-26,66.83712768554688,67.17748694005022,66.69125731382393,67.13858767963907,17964200
2025-08-27,66.93437194824219,66.97327120854948,66.58428602475186,66.92464527834655,11562700
2025-08-28,66.47731018066406,67.00243902851135,66.39951166558859,66.98298569010511,16209900
2025-08-29,67.08995819091797,67.23582855490409,66.54538341259635,66.7787715434092,14601100
2025-09-02,67.15802764892578,67.43031502839942,66.38006476746892,67.06078321615301,24770100
2025-09-03,67.08995819091797,67.19692929655614,65.51457903383762,66.76905229327839,33581500
2025-09-04,66.37034606933594,67.54702091153418,66.23420236324857,67.20666164631577,16736000
2025-09-05,66.08832550048828,66.69125286775295,66.00080773485419,66.13695142757932,23978000
2025-09-08,65.57292175292969,66.01052540920429,65.31036104301985,65.99107949039693,21671700
2025-09-09,65.99108123779297,66.23419603533294,65.42705312687427,65.42705312687427,14120600
2025-09-10,65.95217895507812,66.21473965989843,65.35897828274484,65.92300636779525,16041900
2025-09-11,65.7576904296875,66.29253851091354,65.71879117335341,66.04942372328138,15128700
2025-09-12,65.16449737548828,65.85494256280013,65.09642552376107,65.73824478014974,18712400
2025-09-15,64.88031768798828,65.43887019959712,64.77252619660982,65.34087997366443,15986100
2025-09-16,64.90971374511719,65.1742955778558,64.7333283486831,65.01750523605885,18555900
2025-09-17,65.69364929199219,65.78183825049771,65.07630415392892,65.07630415392892,17372300
2025-09-18,65.12529754638672,65.69365132828905,65.01750605408886,65.45847328880967,17722900
2025-09-19,65.09589385986328,65.3898719830779,64.7235280498091,65.15468649403651,31192900
2025-09-22,64.88031768798828,65.2526835370025,64.75293114189328,64.83132631310944,13298700
2025-09-23,65.37026977539062,65.41926862155853,64.57653930545564,65.01749901626968,15072800
2025-09-24,65.11549377441406,65.43886823886022,64.63533644840827,65.07630366615524,14759300
2025-09-25,64.65493774414062,65.57605479413007,64.62553394924579,65.40947067059923,14395000
2025-09-26,64.35115814208984,64.99790705664735,64.18457401907035,64.74312650156337,17821600
2025-09-29,64.71372985839844,64.7725224953635,64.03758462860179,64.35115781937314,14818500
2025-09-30,64.98809814453125,65.30167129997683,64.63532741013324,64.74311888320895,13815000
2025-10-01,65.4388656616211,65.48786450927703,64.95870835452578,65.17429132233272,14877500
2025-10-02,64.77252197265625,65.31147939440201,64.53734395051924,65.19388664524624,14350700
2025-10-03,65.31148529052734,65.64465356228432,64.71373517832788,64.77252782012611,12249200
2025-10-06,64.77252197265625,65.16449032700093,64.51774142090602,65.15468906219432,14333300
2025-10-07,65.44866180419922,65.90922402189203,64.54713989681164,64.89010937503801,13328300
2025-10-08,64.79212188720703,65.52705971837518,64.7333217769151,65.33107181102581,12606700
2025-10-09,65.03710174560547,65.45846640495527,64.79212246635964,64.95870658196498,12705200
2025-10-10,65.69364929199219,66.04642007836401,65.04690035825222,65.18408816671072,17991700
2025-10-13,65.45846557617188,65.45846557617188,64.67452890204109,64.89991312561031,13690000
2025-10-14,66.15421295166016,66.21300559189413,65.40947377860472,65.52706653524768,14245600
2025-10-15,65.73284149169922,66.35998784361045,65.57605116563428,65.91902065868352,11193700
2025-10-16,66.23259735107422,66.74215846166473,65.81124014879597,65.83083520250732,15707200
2025-10-17,67.06553649902344,67.12432913947032,66.4383900803399,66.63437053261288,15541800
2025-10-20,67.06553649902344,67.2615169512964,66.55597536123368,67.05573523355727,17786800
2025-10-21,69.7896957397461,69.95627984931726,68.81957992240194,69.15274814154425,33651300
2025-10-22,69.38793182373047,70.18166980846195,69.09396116094165,69.92688925310526,18293000
2025-10-23,68.53541564941406,69.50553164479624,68.3198326557346,69.38793888201415,13989400
2025-10-24,68.31002044677734,68.64319614986536,68.25122781289237,68.50600835335094,15688200
2025-10-27,68.65299224853516,68.71179236057321,67.85926175967863,68.37861664627238,13800000
2025-10-28,68.75099182128906,69.47612842938857,68.54520263779597,68.64320033514493,12730500
2025-10-29,66.97733306884766,68.62359411504399,66.79115390148044,68.51580263469621,19789600
2025-10-30,67.59469604492188,67.8984680038675,67.01654097253697,67.07533361590055,14751700
2025-10-31,67.51629638671875,67.68288051597163,66.53637918945483,67.17332686291137,16742700
2025-11-03,66.60497283935547,67.50649486310667,66.30120090174199,67.41830590425431,15660400
2025-11-04,67.28111267089844,67.34970656986725,66.79115411364286,67.09492602676555,12743800
2025-11-05,67.1341323852539,67.44770560384544,66.8107579009071,67.28112146688203,12850100
2025-11-06,67.6730728149414,67.7514679775491,66.55596791439153,66.92834119869096,15906700
2025-11-07,69.1331558227539,69.44672900218079,68.01605090378472,68.40801177093759,25108300
2025-11-10,69.10375213623047,69.24094741135572,68.04544732663392,68.60399978698393,15318000
2025-11-11,70.17186737060547,70.30905517284877,69.2409490730724,69.5545222605106,16160200
2025-11-12,70.07386779785156,70.4462335719265,69.90727622350033,70.05426527090506,13612600
2025-11-13,69.64270782470703,70.2306565880096,69.57411392692464,69.98567731361902,14002800
2025-11-14,69.73091125488281,70.20126732229785,69.18215254133207,69.97589055387915,13172000
2025-11-17,69.26054382324219,70.09347189783703,69.20175118715945,69.77009744703302,14772300
2025-11-18,69.7896957397461,69.90728100477325,69.15274814154425,69.56431152148734,12838900
2025-11-19,69.6819076538086,70.01507588916476,69.387929524586,69.77009660687074,12401500
2025-11-20,69.77989959716797,70.04448141524637,69.19195080035703,69.52511904395256,15396500
2025-11-21,71.48495483398438,71.72014033852818,70.05427665746251,70.24046331284934,26492500
2025-11-24,71.1321792602539,71.69073918877703,70.13266709990427,71.69073918877703,39818600
2025-11-25,71.15178680419922,71.46536000172232,70.69122453492395,71.33797346016362,17451200
2025-11-26,71.4163589477539,71.62214065138447,70.9362016392826,71.14198334291316,11795100
2025-11-28,71.65155029296875,71.75934178597755,71.2987794933354,71.53395753436592,7423000
2025-12-01,71.00025177001953,71.94758632563475,70.98051908409195,71.64167322861248,14388100
2025-12-02,69.73715209960938,70.85224088449384,69.50032221475122,70.85224088449384,19871300
2025-12-03,69.87529754638672,70.45751339427578,69.67794058058216,69.94437323728688,17001700
2025-12-04,69.52005004882812,70.39830135886356,69.44111177850974,69.89503882975501,17710000
2025-12-05,69.07598876953125,69.77661575217998,68.94770750071454,69.39176441704456,13978200
2025-12-08,69.32269287109375,69.4509741475746,68.57272284018585,68.91810129893102,17775100
2025-12-09,69.164794921875,69.69766772158269,68.90823239247449,69.44110519218218,13010600
2025-12-10,69.2832260131836,69.59900170709838,68.85890171867125,69.46085031155356,29789400
2025-12-11,68.19773864746094,69.756884226757,67.88196299470222,69.61873284921789,23124200
2025-12-12,69.58912658691406,69.68781260121206,68.12866693100831,68.1977426238054,18444500
2025-12-15,70.03319549560547,70.37857398144007,69.39177400552045,69.5003226051665,18660100
2025-12-16,69.44110870361328,70.35883287251339,69.39176569924918,70.35883287251339,17370000
2025-12-17,69.73715209960938,69.98385209220345,69.38190350797899,69.638473608309,13672700
2025-12-18,69.43123626708984,69.86543059913025,69.24374189122055,69.34242036795195,15524800
2025-12-19,69.13520050048828,69.83582754545967,69.10559770725773,69.13520050048828,36911100
2025-12-22,69.2832260131836,69.29309612106148,68.7404905388822,69.00692322209395,12828500
2025-12-23,68.94770812988281,69.33255946853012,68.77008385599288,69.27334635810989,9471000
2025-12-24,69.1845474243164,69.23389043495087,68.82929882807016,68.97732033128716,4515300
2025-12-26,68.94770812988281,69.23388098941024,68.8095567533779,69.0266463959675,5711400
2025-12-29,69.23388671875,69.49044927995605,68.92797362087204,69.07599511614383,9686900
2025-12-30,69.14506530761719,69.31281947552205,68.8786326602792,69.07598961914546,8610900
2025-12-31,68.9871826171875,69.2338825850155,68.95757229695229,69.14506668168093,8127800
2026-01-02,68.20761108398438,68.94771100123326,68.0694597017261,68.92797078737598,12151300
2026-01-05,67.04318237304688,68.01024198336809,67.02344216052634,68.01024198336809,21186600
2026-01-06,66.94449615478516,67.34908769463168,66.69779619985977,67.11225784593513,21019900
2026-01-07,66.64846801757812,67.17147077464801,66.38202782104587,67.0925249735506,20223400
2026-01-08,68.45431518554688,68.54312356720452,66.55965356130312,66.64846947164689,19237000
2026-01-09,69.57926177978516,69.72728326780512,68.20761054625903,68.51351610046417,19638600
2026-01-12,69.56939697265625,70.03319415706375,69.31282687578879,69.96411846121707,20582500
2026-01-13,70.29962921142578,70.29962921142578,69.34243201610218,69.49045352040655,18324800
2026-01-14,70.49698638916016,70.76341904622764,69.87529764152659,70.230546203407,16739100
2026-01-15,69.5496597290039,70.65487079013353,69.441111138545,70.64500068317753,15464100
2026-01-16,69.51018524169922,69.80622068544412,69.11546378802049,69.362163755484,20027500
2026-01-20,70.80289459228516,70.83249738543434,68.86876764345041,69.07599472418063,22152200
2026-01-21,71.05946350097656,71.28642326380957,69.89503930809639,71.02986070831885,21660600
2026-01-22,70.92131042480469,71.08906459832171,70.49698617322974,70.88183752597381,13962800
2026-01-23,71.91797637939453,72.0956006684145,70.83249795924407,71.06932783504202,18307100
2026-01-26,71.60220336914062,72.33244076713704,71.58247068237496,71.89824637142958,14017400
2026-01-27,72.57913208007812,72.58899465793839,71.31602194622288,71.48378364275746,13239200
2026-01-28,72.09559631347656,72.64820936187252,71.61206648372996,72.24361780016629,14633700
2026-01-29,72.4607162475586,73.11200026025516,72.17454337592267,72.21401627497787,20862100
2026-01-30,73.82250213623047,73.91131804699124,72.56926950749867,72.7370236927637,26420500
2026-02-02,74.33563995361328,74.70075110650464,73.41791572472846,74.01986427962527,19301500
2026-02-03,75.87504577636719,76.47699433406568,74.13827579700666,74.27642718447655,27007100
2026-02-04,76.32897186279297,77.07894190566772,76.06253919856275,76.25002606276702,28607300
2026-02-05,77.47366333007812,77.81904179412463,76.56580168770265,76.79276898046798,21633500
2026-02-06,77.98680114746094,78.15455533703133,77.22696847613912,77.46379836310241,18512400
2026-02-09,76.94078826904297,78.06573953610142,76.51646401717456,77.63154517734705,23415600
2026-02-10,75.79609680175781,76.48686123887099,75.00666141051002,75.61847252120707,28848200
2026-02-11,77.56246948242188,78.00653394803875,75.56913702664558,75.86517247503785,22649700
2026-02-12,77.95719146728516,79.34858292876153,77.74996439340934,77.93745878206704,26043500
2026-02-13,77.64141845703125,78.35191560814155,77.09867548640923,77.41445116149315,16711900
2026-02-17,78.50979614257812,78.58874193996218,77.70062054110562,77.94732051141658,16260200
2026-02-18,78.44071960449219,78.78609805345862,77.87824397940815,78.45058971122995,16304900
2026-02-19,77.86837768554688,78.6183401307477,77.55259451449156,78.41111307125654,14924700
2026-02-20,78.78610229492188,78.78610229492188,77.8486453788755,78.28283975448566,17175100
2026-02-23,79.49659729003906,79.78277016360019,78.45059180843931,78.47032449375682,17157700
2026-02-24,79.65449523925781,80.01960641188997,78.79597655011308,79.47687094249291,16448500
2026-02-25,79.40779113769531,79.62488832569855,78.50979959253391,79.33871544412028,18086900
2026-02-26,79.43739318847656,79.82224455318176,78.96372591647007,79.68409316732277,12843200
2026-02-27,80.48339080810547,80.9175851375349,79.753161050262,79.8715797388387,28483500
2026-03-02,79.16108703613281,80.32551118770682,79.09201134615323,80.17748970098327,18137200
2026-03-03,78.2927017211914,79.02293907968077,77.52299899130585,78.80584189357235,20549300
2026-03-04,77.06907653808594,78.42099521409853,76.72369805258968,78.24337091745954,21011800
2026-03-05,76.01319122314453,76.69408552866471,75.49018850735642,76.6546126312317,23165700
2026-03-06,76.02306365966797,76.17108514740708,75.34216933327939,75.78623379649675,15516000
2026-03-09,76.77303314208984,77.03946579521713,75.51979308713285,75.6086089906323,18554100
2026-03-10,76.85197448730469,77.37498476510837,76.08227176002292,76.45726054519106,17243900
2026-03-11,76.60527801513672,76.6842238186469,75.58887526317328,76.6842238186469,11546800
2026-03-12,76.58554077148438,77.12828372746395,75.88491374656532,76.39804638147584,16842200
2026-03-13,76.8438720703125,77.5493241995201,76.69484036177172,76.97304299165201,11974500
2026-03-16,77.32079315185547,77.92688067691923,77.24130452354646,77.49963877532433,11761200
2026-03-17,77.08233642578125,77.79771893430544,76.95316550702088,77.49964036226936,14900100
2026-03-18,75.48265838623047,76.63521311651704,75.36342544980671,76.58553841167979,13134600
2026-03-19,75.06536102294922,75.95958159249396,75.04548507491977,75.51247130772158,13023300
2026-03-20,74.2704849243164,75.56214856387686,73.91279368814436,75.08522438882993,33298700
2026-03-23,74.62818145751953,74.96599677096391,74.07177619751555,74.85670179768411,15054900
2026-03-24,74.19100189208984,75.20446299780555,74.151257576135,74.37978549776209,15653700
2026-03-25,74.76728057861328,75.16471614429118,73.59484982911259,74.11151075817682,14787900
2026-03-26,74.21087646484375,75.2640742865408,74.17113214962554,74.70766903439187,11202100
2026-03-27,75.22432708740234,75.56214996357933,74.22080401286095,74.34003695394449,17461000
2026-03-30,75.78073120117188,76.50605164961281,75.23426395194622,75.4429159104272,18502800
2026-03-31,75.56214904785156,76.5259202165659,75.02561219015698,76.03906564550054,18301800
2026-04-01,75.59195709228516,75.87015971059611,74.77721760418045,75.6615077468629,15834300
2026-04-02,76.22785186767578,76.46631017472605,75.6317023098237,76.08875055685873,14573400
2026-04-06,76.72463989257812,76.78425257070258,75.73105482809088,76.14835873586692,8259900
2026-04-07,75.42304992675781,77.10220362104153,75.14483972620837,76.70476805785233,12769200
2026-04-08,76.79419708251953,76.87368571375517,74.83683312594741,75.32368772647273,12331300
2026-04-09,77.67848205566406,77.78777702117893,75.88009548202379,76.15829809226068,14311000
2026-04-10,76.97303771972656,77.66854424679165,76.81406046756733,77.47976823541833,11081400
2026-04-13,75.91984558105469,76.95316747484344,75.34356436995671,76.82400413323315,12696200
2026-04-14,75.4131088256836,76.12849129366677,75.31375183411984,75.48265947782349,12397600
2026-04-15,74.82688903808594,75.25413092050265,74.24067748663992,75.25413092050265,16212100
2026-04-16,74.6977310180664,75.35349326766206,74.41952839214989,74.54869173119597,11501900
2026-04-17,75.25413513183594,75.57208206813982,74.32017027044805,74.46920197461165,15033900
2026-04-20,74.99580383300781,75.73105465653612,74.87657089657657,75.33361911555104,10141800
2026-04-21,74.2208023071289,75.04547974131874,74.14132126201923,74.99580503568177,11806900
2026-04-22,74.15125274658203,74.89644156618083,74.0717717003022,74.4195249666911,9352300
2026-04-23,75.7906723022461,76.16823950213326,74.67786181109135,74.95606443388003,12060300
2026-04-24,76.138427734375,76.515994944942,75.68137947251515,76.21791636612102,12008700
2026-04-27,74.95606231689453,76.21791205760562,74.91631800326823,76.21791205760562,15812200
2026-04-28,77.8473892211914,79.80475303460555,77.5791245859579,79.00988194129084,30710700
2026-04-29,78.36405944824219,78.77142539679481,77.68842127803904,77.86726689898849,18294700
2026-04-30,78.25476837158203,78.61245963126434,77.82752645476445,78.29451268715263,15142200
2026-05-01,78.07592010498047,79.12911790044723,77.5393832335768,78.78136462651507,12610400
2026-05-04,77.68842315673828,78.26469676666424,77.23137491002663,77.5592522393189,12672400
2026-05-05,77.9765625,78.2746334837031,77.24130406320289,77.68842190943671,11637500
2026-05-06,78.72174835205078,78.82110534286001,78.0659785678954,78.27463052273052,14060300
2026-05-07,77.9268798828125,78.64226236939791,77.59899497971874,78.2845711261052,16531400
2026-05-08,77.91693878173828,78.69193391761387,77.61886781126051,78.06597805720338,12447200
2026-05-11,78.15541076660156,78.22496142319731,77.3406636744042,77.6586181965025,10967900
2026-05-12,79.51661682128906,79.80475741893426,77.777842842034,78.49322534922855,19883100
2026-05-13,79.7451400756836,80.51019724643862,79.32782858391015,79.3576425036781,12357000
2026-05-14,79.93392181396484,80.40090804458362,79.39739250692739,80.2121320219049,10642000
2026-05-15,80.30155181884766,80.83808871150025,79.93392258301539,80.83808871150025,17527200
2026-05-18,80.67910766601562,80.86789126211345,79.8743061549928,80.35123034180992,12375500
2026-05-19,81.39449310302734,82.1297515668438,80.73873085042028,80.88777013797514,16595200
2026-05-20,81.02687072753906,81.8714165755325,80.99705680593205,81.64288865926339,16999700
2026-05-21,80.64929962158203,81.27526307733143,80.20218936500615,81.26532510394343,15708400
2026-05-22,80.95732116699219,81.15603516434358,80.40090832959272,80.65924259051201,8240200
2026-05-26,79.94385528564453,81.07654167973828,79.72526535337158,80.32141489019156,13004200
2026-05-27,81.09642028808594,81.98071043915546,80.28168079225381,80.57975178021998,13209600
2026-05-28,79.89418029785156,81.23551864608098,79.82462206468935,80.7983387830763,14691400
2026-05-29,78.50315856933594,79.8146905596223,78.40380157834277,79.52654997942535,32477000
2026-06-01,78.13553619384766,78.69194145640577,77.92688422038836,78.07592351013162,12776300
2026-06-02,77.90701293945312,78.69193851387408,77.74803568155077,78.37399157852226,12533200
2026-06-03,78.25476837158203,78.52303302611722,77.60893650935269,77.78778213919385,14964300
2026-06-04,76.32720947265625,79.52655480787077,76.31727149881779,79.26822055124178,19361600
2026-06-05,78.97014617919922,80.222057932939,76.98297600195211,77.01278234173839,25708100
2026-06-08,79.0297622680664,79.41725986290979,78.59258238446752,78.80123435242527,12828900
2026-06-09,80.81820678710938,81.235518281949,78.87078093951726,79.03969616429994,20591600
2026-06-10,83.05377197265625,83.3121062121698,81.59320829419526,82.14961350503755,20880500
2026-06-11,82.00057983398438,83.50089550771385,81.96083551900014,83.38166256276116,14264500
2026-06-12,82.09000396728516,82.35826860978896,81.34481513977678,82.17942298796885,11757700
2026-06-15,80.91000366210938,81.19999694824219,80.25,81.08000183105469,20055200
2026-06-16,80.27999877929688,81.38999938964844,79.83999633789062,81.1500015258789,17565100
2026-06-17,79.93000030517578,80.33000183105469,78.98999786376953,79.94999694824219,17055400
2026-06-18,79.38999938964844,80.01000213623047,78.73999786376953,79.87000274658203,46857900
2026-06-22,79.52999877929688,80.05999755859375,79.05999755859375,79.25,21205900
2026-06-23,80.30999755859375,81.33000183105469,79.83000183105469,81.33000183105469,16854000
2026-06-24,80.5999984741211,81.58000183105469,80.55999755859375,80.88999938964844,20632600
2026-06-25,80.41999816894531,81.37999725341797,79.97000122070312,80.52999877929688,16021400
2026-06-26,82.62999725341797,82.80999755859375,80.69999694824219,80.95999908447266,53357500
2026-06-29,82.6500015258789,83.62000274658203,82.20999908447266,82.83000183105469,15015800
2026-06-30,81.2699966430664,82.54000091552734,81.01000213623047,82.5,16422100
2026-07-01,81.29000091552734,81.9800033569336,80.95999908447266,81.69999694824219,21734800
2026-07-02,84.13999938964844,84.13999938964844,81.4000015258789,81.62999725341797,18308400
2026-07-06,82.95999908447266,84.55999755859375,82.31999969482422,84.0999984741211,18992600
2026-07-07,84.05000305175781,85.68000030517578,83.63999938964844,84.5999984741211,17835200
2026-07-08,83.4000015258789,84.83000183105469,83.2699966430664,84.16999816894531,14160000
2026-07-09,82.62999725341797,82.81999969482422,81.70999908447266,82.08999633789062,15782500
2026-07-10,83.48999786376953,83.73999786376953,82.41000366210938,82.7300033569336,10694600
2026-07-13,84.25,84.68000030517578,83.66999816894531,83.9000015258789,12085800
2026-07-14,83.08000183105469,84.62999725341797,83.08000183105469,84.16999816894531,13775400
2026-07-15,82.44999694824219,83.23999786376953,82.2300033569336,82.93000030517578,18383800
2026-07-16,84.91999816894531,84.94999694824219,83.27999877929688,83.5,17889900
2026-07-17,81.55999755859375,85.55999755859375,80.83000183105469,85.37000274658203,32903000
2026-07-20,82.12000274658203,82.37000274658203,81.30000305175781,81.55000305175781,14967200
2026-07-21,81.97000122070312,82.4000015258789,81.31999969482422,81.97000122070312,12949400
2026-07-22,82.19999694824219,82.91999816894531,81.95999908447266,82.8499984741211,11701300
2026-07-23,81.16999816894531,81.87000274658203,80.87999725341797,81.66999816894531,13755600
2026-07-24,82.25,82.33000183105469,80.9000015258789,81.56999969482422,11980400
2026-07-27,84.06999969482422,84.13999938964844,82.5,83.08000183105469,19937600
2026-07-28,88.2699966430664,90.22000122070312,86.25,88.30000305175781,34982900
2026-07-29,89.08000183105469,90.91999816894531,88.63999938964844,88.6500015258789,21711700
2026-07-30,88.48999786376953,88.63999938964844,87.20999908447266,87.62999725341797,17616100
2026-07-31,87.58999633789062,88.0,86.81999969482422,87.66000366210938,14725900
2026-08-03,86.86000061035156,88.4800033569336,86.62999725341797,88.4800033569336,23197100
2026-08-04,86.55999755859375,86.68000030517578,85.16000366210938,85.79000091552734,17085700
2026-08-05,86.83000183105469,87.1500015258789,86.19000244140625,87.05000305175781,15868600
2026-08-06,86.8499984741211,87.97000122070312,86.41999816894531,87.86000061035156,13568500
2026-08-07,87.05000305175781,87.16999816894531,86.19000244140625,86.51000213623047,11221700
2026-08-10,86.87000274658203,87.52999877929688,86.43000030517578,87.11000061035156,13710800
2026-08-11,86.4800033569336,87.05000305175781,86.11000061035156,86.62000274658203,16018000
2026-08-12,86.70999908447266,87.29000091552734,85.66000366210938,85.77999877929688,12651900
2026-08-13,87.41999816894531,87.75,86.91000366210938,87.13999938964844,10140600
2026-08-14,87.70999908447266,87.97000122070312,87.19999694824219,87.30000305175781,9166400
2026-08-17,86.9800033569336,88.0199966430664,86.8499984741211,87.30000305175781,12056400
2026-08-18,88.81999969482422,88.95999908447266,87.87999725341797,88.4000015258789,12524500
2026-08-19,90.3499984741211,90.76000213623047,88.58999633789062,88.58999633789062,15993900
2026-08-20,90.5,91.87000274658203,89.7300033569336,90.18000030517578,14928000
2026-08-21,91.0999984741211,91.19999694824219,90.31999969482422,90.8499984741211,15595800
2026-08-24,91.98999786376953,92.48999786376953,91.44999694824219,92.12000274658203,14787700
2026-08-25,91.63999938964844,92.08000183105469,91.30000305175781,91.56999969482422,11940100
2026-08-26,90.08000183105469,92.20999908447266,90.0,92.20999908447266,17133900
2026-08-27,89.05999755859375,90.02999877929688,88.95999908447266,89.41000366210938,13452600
2026-08-31,88.66999816894531,89.52999877929688,88.5999984741211,89.51000213623047,23764800
2026-09-01,88.0,89.77999877929688,87.80999755859375,89.58999633789062,14824100
2026-09-02,88.23999786376953,88.94999694824219,87.7300033569336,87.9000015258789,18492800
