Date,Close,High,Low,Open,Volume
2018-01-02,74.79061889648438,75.07324732275195,74.24302337254393,74.5963105899767,3456700
2018-01-03,75.1968765258789,75.44417548976337,74.42847754090242,74.84358940387622,3078400
2018-01-04,75.53250122070312,75.779806941429,74.84359498751789,75.32053162704426,2462500
2018-01-05,76.45987701416016,76.61885588957621,75.89462028787901,76.03593110025344,2946300
2018-01-08,76.07125854492188,76.58352454577721,75.42651576659665,76.5658632215784,3251400
2018-01-09,76.00946044921875,76.32741830339579,75.72683199421625,76.13310997713272,2426000
2018-01-10,76.04476928710938,76.10659403434994,75.50600788755925,75.6119960564254,1674600
2018-01-11,76.3009033203125,76.47754353237404,75.84163472591717,76.1065950440095,2647500
2018-01-12,76.82200622558594,77.20178876003423,75.98294834146452,76.4157215938011,2728900
2018-01-16,75.32936096191406,76.47753569950174,75.20571147845679,75.8946176686877,4878300
2018-01-17,76.14189910888672,76.27438259306423,75.48832245557158,75.77978477308412,4083300
2018-01-18,75.79747009277344,76.08009847059198,75.31169940977655,75.9917783659722,4445800
2018-01-19,75.5060043334961,76.2037445843068,75.35585948846375,76.10659045201722,5826900
2018-01-22,75.46184539794922,75.57666085159241,72.77687263879614,73.52760357992183,6374000
2018-01-23,74.56096649169922,75.88578824203528,74.40198761212322,75.23221139861921,5728100
2018-01-24,74.45498657226562,75.21455159691399,74.43731850840385,74.94958454612335,5977700
2018-01-25,75.08207702636719,75.42653019044187,74.68462640277829,74.90543005864119,5201600
2018-01-26,76.91031646728516,77.25476956615053,74.86125919832558,74.86125919832558,6394100
2018-01-29,77.36959838867188,78.01434801803426,76.53054720560962,76.6365286461018,5324500
2018-01-30,76.03593444824219,76.78667217755806,75.25870809998095,76.52170512740045,5388400
2018-01-31,71.93782806396484,76.60120691524266,71.77884916291681,76.39806458786187,10558500
2018-02-01,72.78571319580078,73.19199107403065,71.79651048898535,72.01731412313585,8410700
2018-02-02,71.69934844970703,73.33329381468356,71.6463577396359,72.31759586184147,5152500
2018-02-05,68.4402847290039,72.07913062955579,67.61006774163259,71.44321515777087,8145200
2018-02-06,68.88188934326172,69.87109189958147,66.86816158431716,67.61889247853546,10558800
2018-02-07,67.76021575927734,69.3853271626659,67.75138172775692,68.67875962404155,8240300
2018-02-08,65.54336547851562,68.5816263604141,65.52570414849252,68.17534838594527,8059600
2018-02-09,67.32746887207031,67.84856238282316,65.08410241471277,66.29410240874977,8939700
2018-02-12,67.34510803222656,68.0958390363828,66.41773007872102,67.72489055033743,6454200
2018-02-13,67.3097915649414,67.64541072555133,66.90351361102621,67.14197861543974,4041200
2018-02-14,68.54035186767578,68.68272117151693,67.03660834142835,67.09890000326538,4361100
2018-02-15,69.42124938964844,69.53692616201344,68.54036126412873,69.18100964215868,4810700
2018-02-16,70.26654815673828,70.87160417106824,69.32337520060787,69.35896074097204,4699600
2018-02-20,69.00304412841797,70.02629463085266,68.67382021036092,69.56360797842025,3195000
2018-02-21,69.00304412841797,70.0707867346724,69.00304412841797,69.03862966522344,3871100
2018-02-22,68.68272399902344,69.48352760619994,68.08656100032354,68.68272399902344,7687400
2018-02-23,70.07080078125,70.1686779984406,69.08313561763082,69.1632200628519,5170300
2018-02-26,71.34317016601562,71.60120938509795,70.26652798273189,70.28432074780554,6015900
2018-02-27,70.02630615234375,71.36988780396578,70.01741316095018,71.31650270143214,4860400
2018-02-28,68.53143310546875,70.45337744368292,68.52254011784862,70.09746107121288,6123400
2018-03-01,68.06875610351562,68.8428738128814,67.2056609857097,68.56703502161344,6258400
2018-03-02,68.71833038330078,69.04754759938182,67.90862004295764,67.9620051507451,3216700
2018-03-05,69.13648986816406,69.47461348157836,68.25560209511049,68.42466390181764,3816600
2018-03-06,68.68272399902344,69.40344996089922,68.40688515861108,69.278880209181,2962700
2018-03-07,68.90518188476562,69.05644420891285,68.1043713620106,68.13996369508232,2266500
2018-03-08,70.19535827636719,70.31102824530137,68.931861242623,69.09202331651608,3497200
2018-03-09,70.83599853515625,71.14742286890917,70.18645053457901,70.54236696824292,4399500
2018-03-12,70.32882690429688,71.15632981074992,69.94621788758111,71.03176006470684,5059600
2018-03-13,70.42667388916016,71.06732190170223,70.08855033335233,70.36438904285963,4863200
2018-03-14,69.83942413330078,70.7914965570895,69.42122289124156,70.64023430016522,3167900
2018-03-15,70.07080078125,71.05846594486917,69.81276146216052,69.91953845960754,3910100
2018-03-16,71.61901092529297,71.61901092529297,70.40000610643939,70.47118396399574,8326300
2018-03-19,70.05299377441406,71.36097608750386,69.54581501955094,71.28979822554591,5117000
2018-03-20,69.732666015625,70.47118466346053,69.26997259993799,70.32882215839331,3943800
2018-03-21,69.61698913574219,70.29322970202162,69.43013452964028,69.8127435198132,4052000
2018-03-22,68.09544372558594,69.41233235636184,67.98867355859102,69.01192386450901,3816900
2018-03-23,66.52054595947266,68.33571410796229,66.29809898228338,68.30901476832346,4298100
2018-03-26,67.7840347290039,67.82852683432459,66.42266048411372,67.27685595564203,3488700
2018-03-27,67.32133483886719,68.15773058857994,66.85864147315809,67.70393699989546,4070600
2018-03-28,68.52255249023438,69.10091585135957,67.65945733743017,67.67725010442325,4257500
2018-03-29,68.84288787841797,69.22549692256989,68.16664721673357,68.92296552581273,3424000
2018-04-02,67.35692596435547,68.78948469996762,67.08999372831343,68.40687571862011,6282600
2018-04-03,68.994140625,69.04752571586792,67.49929698382421,67.84631365154881,3610600
2018-04-04,69.93731689453125,70.1330712887831,68.25561856361037,68.3534957607363,3022200
2018-04-05,69.95510864257812,70.15975600387605,69.48351547791263,69.86612444527522,2213100
2018-04-06,68.38017272949219,69.62587667304385,67.89079364389212,69.56359181529328,4012800
2018-04-09,68.8161849975586,69.71487257379157,67.91750420986779,68.75390012327763,5377500
2018-04-10,70.48899841308594,70.89830003181578,69.46574097198986,69.48353374300292,3657200
2018-04-11,70.05299377441406,70.20425606531983,69.510222694301,69.7148700788107,2830000
2018-04-12,70.55128479003906,70.89830153476507,70.12418360269925,70.46230735600166,2121100
2018-04-13,70.9338607788086,71.58340185399028,70.50675979069112,71.07622324915448,2652400
2018-04-16,71.2897720336914,71.85033567620745,70.88936361314617,71.59229650435547,2743000
2018-04-17,71.11185455322266,71.75250299238489,70.72924544586431,71.69021810460765,3782400
2018-04-18,70.9338607788086,71.3965472931076,70.8181840588289,71.14740787859738,4261000
2018-04-19,70.96056365966797,70.96056365966797,69.89282121656895,70.2576306156871,4989400
2018-04-20,70.34661865234375,71.10294368475805,70.13307148915973,70.86269718620186,5424100
2018-04-23,71.36100006103516,71.44108451688713,70.4445194407216,70.6758662382955,4015900
2018-04-24,71.26307678222656,72.5176804010381,70.22202704866366,72.22404890022607,6394900
2018-04-25,72.19737243652344,73.24732217954569,71.19191479330249,71.42325470435354,5379000
2018-04-26,73.45198822021484,74.35066904245639,72.44652362575458,72.44652362575458,5058700
2018-04-27,73.61215209960938,74.06593901709807,73.30072092008163,73.40749790636623,3209600
2018-04-30,72.13509368896484,74.0392389590736,72.12619391054137,73.93246198361766,5483500
2018-05-01,70.35551452636719,72.01052022341675,70.0173976377114,71.78807329412021,6306100
2018-05-02,70.14196014404297,70.64023904196596,69.8127362787491,70.00849064251622,5166300
2018-05-03,69.43903350830078,70.02628986521239,68.90516224150619,69.98180455296203,4469300
2018-05-04,69.75938415527344,69.95513861153569,68.59375719895111,68.8873888833445,3367500
2018-05-07,69.96402740478516,70.52459818471516,69.60811763862829,69.76827974881634,3722600
2018-05-08,70.18645477294922,70.20425432940502,69.55470628960332,69.83054510633421,4591700
2018-05-09,70.53347778320312,70.87160150080655,69.8038520394612,70.25764573024654,3325200
2018-05-10,71.9482421875,72.22407423368949,70.65805259047062,70.70253790742967,3718400
2018-05-11,73.36300659179688,73.36300659179688,72.09060967611549,72.20628644297732,4393800
2018-05-14,73.91468811035156,74.13713510800984,73.40750922723242,73.49648666858701,4739700
2018-05-15,73.14945220947266,73.79900027254828,72.81133529865666,73.60324587577092,3662700
2018-05-16,72.73104858398438,73.42090646826423,72.53394437837531,73.28652345112337,3614500
2018-05-17,73.1611099243164,73.32236957834351,72.59667379380852,72.60563494192778,2808400
2018-05-18,73.52843475341797,73.72553899933358,73.0087975297047,73.0087975297047,4002300
2018-05-21,73.31340789794922,73.94951264342609,73.17005688386017,73.72553181042638,2505900
2018-05-22,73.66279602050781,74.26306283783188,73.29546428028377,73.59112053431522,2620700
2018-05-23,74.07494354248047,74.28996323458769,73.11630582245117,73.20589679121645,2516900
2018-05-24,74.10181427001953,74.17348977348583,73.55530051795547,74.10181427001953,2481800
2018-05-25,74.15555572509766,74.78270602798595,73.99428928553793,74.17347801579938,2338100
2018-05-29,73.85993194580078,74.02119844139503,73.15215159487902,73.5642755646524,3459300
2018-05-30,75.13211822509766,75.27546237913997,74.28099394046458,74.28994825078816,3475400
2018-05-31,76.1893081665039,76.25202251578786,74.9708520929717,75.15003399511114,9526400
2018-06-01,76.01908874511719,76.76270670608628,75.75927017434418,76.33266052523905,4057700
2018-06-04,76.21619415283203,76.61935689996315,75.58008943595622,75.83990801079602,4263100
2018-06-05,75.99221801757812,76.78062810219511,75.74136057407966,76.37746533019438,3667600
2018-06-06,76.98668670654297,76.98668670654297,75.84886716353262,76.04596454083243,2720100
2018-06-07,76.94190216064453,77.33611065947836,76.4401872242039,77.22859738651822,3123600
2018-06-08,77.12108612060547,77.42569678855848,76.53873455706557,76.89710527580958,3172300
2018-06-11,76.92398834228516,77.74823627985553,76.87918943542337,77.32715116262729,3506900
2018-06-12,76.59248352050781,77.0673217914582,76.55664576708763,76.83438664725587,3016900
2018-06-13,76.7985610961914,77.38986703319428,76.69104781884832,76.83439885530576,3052100
2018-06-14,77.36299896240234,77.46155110200709,76.30580887556862,76.75377066091588,3115100
2018-06-15,77.83781433105469,78.18722387341613,77.13899524633182,77.16587185184387,5575200
2018-06-18,77.14796447753906,77.18380223376133,76.16245010516268,77.03149689633153,2903900
2018-06-19,77.78404998779297,77.82884888080314,76.75373696672145,76.95084115940399,3044500
2018-06-20,77.30026245117188,78.0886793422491,77.22858694555532,77.71238635543841,4675500
2018-06-21,77.11210632324219,77.30024936712572,76.32369640096577,76.88812553261637,2856400
2018-06-22,76.97774505615234,77.40779134134287,76.87919292486606,77.06733603858885,3769500
2018-06-25,76.84335327148438,77.5959325431866,76.26100848231857,77.04941867782952,3414100
2018-06-26,76.25201416015625,77.04938515739896,76.11762433060228,76.63726135935727,2840600
2018-06-27,75.85783386230469,76.69104291117168,75.83095725352723,76.07286040323069,3005400
2018-06-28,76.59248352050781,77.01356857900421,75.98325538306989,76.01909313649006,2564600
2018-06-29,76.44915771484375,77.13901583675299,76.26996890467926,76.90607380121625,2964000
2018-07-02,76.92398834228516,76.98670271067957,75.89367500264545,76.20724684461749,2347000
2018-07-03,77.5063247680664,77.96324071883139,76.8791743716532,76.8791743716532,2163500
2018-07-05,77.55110931396484,78.1155452995626,77.16586206798205,77.86468789945314,2675500
2018-07-06,78.29473114013672,78.58142630258291,77.78405516842469,77.79301631469384,2290500
2018-07-09,78.72479248046875,79.13691642873759,78.41121381875377,78.48288933202309,2718300
2018-07-10,78.88607788085938,79.04734440670296,78.54562252888132,78.91295449594084,2227200
2018-07-11,78.44706726074219,78.9039902050036,78.1245342218935,78.63521039417817,2449500
2018-07-12,79.65653991699219,79.72820858255525,78.76957097271047,78.93083743209333,2604500
2018-07-13,80.37329864501953,80.51664969005638,79.32506976076527,79.58488840337903,3335000
2018-07-16,79.79991149902344,80.48976963511609,79.59384607193614,80.30162650709083,3175200
2018-07-17,80.24786376953125,80.60623451939952,80.0417983668671,80.05972066380495,2179400
2018-07-18,80.65999603271484,80.749587020555,79.79991024581176,80.27474863318338,3021400
2018-07-19,80.12242126464844,80.61518181546364,79.62070640225649,80.48079195293656,3171000
2018-07-20,79.26234436035156,80.06867678812101,79.07420126643088,79.75509812956678,3829800
2018-07-23,79.62965393066406,79.88051817584278,78.99354925993094,79.11002365403043,3145300
2018-07-24,83.63442993164062,84.00176172715113,80.63308855794307,81.58276496920188,9910000
2018-07-25,86.39388275146484,86.5909869680619,83.34774221167457,83.46421661349223,8476800
2018-07-26,85.27397918701172,86.86872155276073,84.9604074019519,86.58202637279858,4826100
2018-07-27,86.54619598388672,86.86872894320298,85.13063542192675,85.69507151840665,3975500
2018-07-30,87.81841278076172,87.908010593248,86.23263129591443,86.34909888265182,5356000
2018-07-31,88.52619171142578,88.87560130143092,87.37941081752655,88.02447677918319,4957800
2018-08-01,88.42762756347656,89.00997907941685,88.19469242538234,88.46346531595698,4971800
2018-08-02,89.11750793457031,89.94175587982629,87.65714831564233,87.75570044337442,4321000
2018-08-03,90.11195373535156,90.21050583050375,88.58888025095054,88.85765993506581,4572100
2018-08-06,91.3841781616211,91.91276963668483,89.78943575402566,89.95070222419557,5090900
2018-08-07,91.3304443359375,93.00581691655847,91.09750231061362,91.19605444304473,5095100
2018-08-08,91.62608337402344,91.98445410212497,90.87351099682802,91.24979718542573,3901600
2018-08-09,91.55441284179688,92.02925114188614,91.31250970020422,91.4379384271956,3298100
2018-08-10,91.608154296875,92.45032435743033,91.37521233293057,91.51856333700471,2783800
2018-08-13,91.77837371826172,91.99339336983995,91.49167857104024,91.78732802870351,2816400
2018-08-14,92.28559112548828,92.64593544708045,91.23156267813637,91.68199995325394,3283900
2018-08-15,93.08737182617188,93.18646857963603,91.9612786032862,92.14145076969687,3143200
2018-08-16,94.01524353027344,94.53775227956146,93.01527249644228,93.01527249644228,4427200
2018-08-17,95.08731079101562,95.4206299732227,93.65491669319591,94.07832882823146,3824300
2018-08-20,95.3305435180664,95.83503106090792,95.11433555300965,95.11433555300965,2765500
2018-08-21,94.65487670898438,95.60980141167721,94.3395720310317,95.510704673874,2775500
2018-08-22,94.61883544921875,95.15935870497867,93.82606846564593,94.41163818985505,1964400
2018-08-23,94.42967224121094,94.81704858160006,94.04229590082183,94.58281926870426,2043400
2018-08-24,95.2854995727539,95.52873955388995,94.16841703830747,95.10532740927552,3089900
2018-08-27,94.69091033935547,95.93411455810883,94.53776333830912,95.62782055601613,2452500
2018-08-28,94.75399780273438,95.1233528423833,94.22247817488179,94.61886522798349,2516800
2018-08-29,94.88912200927734,95.12334445351946,93.94320094256959,94.05130836746203,2949500
2018-08-30,95.02424621582031,95.25846863946528,94.53777315627556,94.75398111391976,2928600
2018-08-31,95.17740631103516,95.36658915911022,94.11437396961725,94.7179583239226,3278900
2018-09-04,94.2494888305664,95.22242802741394,94.03327401070989,94.87108753655548,3107000
2018-09-05,95.2404556274414,95.59179614139958,94.32155976545297,94.45669231846622,3366600
2018-09-06,94.9251708984375,95.26750081474574,93.38467596535747,95.1954291882192,3180700
2018-09-07,96.42060089111328,96.6097837196882,94.4116545163935,94.72695923068501,3822900
2018-09-10,95.8710708618164,97.15031111196643,95.8440457241992,96.84401705480131,2950800
2018-09-11,95.16838073730469,96.0512407631978,95.0602733239932,95.86205794474789,3516400
2018-09-12,95.46564483642578,95.9340964196217,95.05124350852651,95.32150165813471,3926000
2018-09-13,96.01519775390625,96.13230895469395,95.33053126723053,95.63683214539851,5167400
2018-09-14,95.2854995727539,96.11430939488591,94.95218038300614,96.0062019729224,3103100
2018-09-17,95.23143768310547,96.18636240469968,94.63686411764402,95.14135161235393,4972200
2018-09-18,96.28545379638672,96.56472953526901,94.69090912595935,95.37557559726986,3668800
2018-09-19,95.25846862792969,96.45663337408222,95.04226067031166,96.28546501802413,3270400
2018-09-20,95.55577087402344,95.59180668367631,93.88915419806399,95.24046613097077,3762000
2018-09-21,95.78999328613281,96.27646637164123,94.90713319618179,95.69990720506696,5333700
2018-09-24,95.12332916259766,96.0962752108471,95.12332916259766,95.44764451201414,3095500
2018-09-25,95.2224349975586,96.17736667234108,95.07829864689704,95.5017107753675,3775700
2018-09-26,95.77197265625,96.72690436738604,95.50171441104835,95.54675401535157,3707300
2018-09-27,96.11431884765625,96.54673483178316,95.6818959904012,95.93413979332992,2093700
2018-09-28,96.67283630371094,97.06021259723947,95.76295804587495,96.18636326952674,2812300
2018-10-01,96.93408966064453,97.03318640021473,96.42059149792922,96.99715059735951,2707500
2018-10-02,97.2583999633789,97.42055763124456,96.56472969553076,96.84399856175028,3787900
2018-10-03,97.85297393798828,98.74483761606348,97.51063728770377,97.71784141146155,5097200
2018-10-04,101.7898178100586,104.21317265204638,100.0331151120812,102.35737319950333,10940700
2018-10-05,103.61859130859375,104.00596765344662,102.7807776731272,102.7807776731272,8330300
2018-10-08,104.01496124267578,105.05096821558247,103.39335568430648,103.46542728851989,6002300
2018-10-09,104.00595092773438,104.50143461697927,102.90688988880964,103.68163558079708,4716000
2018-10-10,102.1051025390625,103.9338833685277,102.02402714109736,103.56452156057189,5602900
2018-10-11,97.21337127685547,102.08709878205889,96.01520653388998,101.87989462142777,7226300
2018-10-12,99.52861785888672,100.01508404090013,97.68182238324964,98.19532057371,4519100
2018-10-15,99.65473175048828,100.72676764662882,99.07817266612447,99.54662434474766,3884700
2018-10-16,100.02408599853516,100.19525433815595,99.03312550872687,99.85291765891436,4192800
2018-10-17,102.33031463623047,102.49247229497766,99.87093149721147,99.9790388940849,4402100
2018-10-18,102.07809448242188,102.9249187706137,101.26731287463454,102.63663918552483,3619600
2018-10-19,100.82588958740234,102.12315128806509,99.69079247245061,101.69072843013478,4224000
2018-10-22,100.92497253417969,101.54657815951431,100.33039891818208,100.89794739796986,2938300
2018-10-23,99.4475326538086,100.41146806624575,98.24936795361168,99.72680154140082,3757000
2018-10-24,95.78097534179688,100.13220077077516,95.66386413261829,99.29438722155032,6739400
2018-10-25,97.19535064697266,98.03316421889511,93.84409635928289,95.88007468291335,4114800
2018-10-26,95.84403228759766,96.81697834418294,94.6458676182728,96.43861272433087,4464500
2018-10-29,96.7539291381836,98.26739867421462,95.76296849660876,96.79896874231623,3587800
2018-10-30,97.60072326660156,97.75387712887174,96.46562654022182,96.60075906663631,3325900
2018-10-31,97.69082641601562,99.48356462609446,97.60974414243712,98.72682652291009,4349200
2018-11-01,97.1683578491211,98.40255881686507,96.69089529808367,97.96112520998234,3639400
2018-11-02,96.16838073730469,97.64581479550289,95.42966370820558,97.42059610525159,3577200
2018-11-05,99.22232818603516,100.97002711457729,98.8799983113541,99.48358264557902,7368600
2018-11-06,95.40261840820312,98.46559332309458,94.54678344219349,98.19532820264364,6803700
2018-11-07,98.84392547607422,99.79884999777292,96.14130268051167,96.25841386066098,5875400
2018-11-08,99.18630981445312,99.94304818774293,98.20435962403555,98.6367756603763,3666300
2018-11-09,101.0871353149414,101.38442557447425,98.8259382054493,99.4745689996564,5054400
2018-11-12,101.97900390625,103.33932650254388,101.13218643990477,101.13218643990477,5078900
2018-11-13,101.24929809570312,102.92492544047043,100.74481050738709,102.92492544047043,4239700
2018-11-14,99.42306518554688,101.99443305590802,99.35968676485469,101.7318633394033,5392800
2018-11-15,101.58702087402344,101.61418898230328,98.27322316023418,98.85268513103593,4796800
2018-11-16,103.06282043457031,103.48836423351752,101.10713154776525,101.11618758179583,4766400
2018-11-19,104.85553741455078,105.11810716232188,102.31133734243828,102.31133734243828,4869800
2018-11-20,103.86862182617188,105.20862457104948,103.50645649511092,104.01348381395877,4877300
2018-11-21,101.61416625976562,103.47025259540692,101.52361973454359,103.47025259540692,3619700
2018-11-23,102.19361877441406,103.04469939044215,100.8626651047863,101.27915283342332,1897000
2018-11-26,101.7499771118164,102.85457845829094,100.47335255617624,100.73592229490629,3296200
2018-11-27,103.41593933105469,103.44310052792576,101.14335812052167,101.65944158426424,3263200
2018-11-28,104.60203552246094,104.87366133574227,102.99946256574897,103.87771153326304,4814500
2018-11-29,105.93297576904297,106.77500739120869,104.09499447418449,104.39378144831146,4688300
2018-11-30,107.41783905029297,107.48121747233344,105.22674856520273,106.48526787981332,8965600
2018-12-03,107.30919647216797,107.4631214310962,106.42189848830893,107.41784816534134,4290100
2018-12-04,105.49835968017578,108.5043203052483,105.3172804612566,107.42688720953917,5676600
2018-12-06,104.88269805908203,105.01851094965973,102.29323164199191,104.41188786717399,5064400
2018-12-07,102.83647155761719,104.82837083519665,102.1030847453861,104.6020183305749,4128100
2018-12-10,103.2982177734375,103.80525204217169,100.51860950610848,102.85456883255858,3832600
2018-12-11,103.66943359375,104.68349516896052,103.14429419367335,103.97726964416984,3806800
2018-12-12,103.52457427978516,104.79214963923647,103.4611958571991,104.55674801690536,3758800
2018-12-13,103.99539947509766,104.2579692199884,103.07187735062257,103.77810299605137,3609900
2018-12-14,101.342529296875,103.74186688769896,100.71779426209903,103.4792971905863,5306100
2018-12-17,98.11023712158203,100.77214497539984,97.53077522122766,100.69065447593056,6121700
2018-12-18,96.4261703491211,99.28726942354743,95.67467834957779,99.07902207259393,6864400
2018-12-19,98.7892837524414,100.98943028643157,97.51265236128651,100.98943028643157,8362800
2018-12-20,98.95225524902344,99.73996440014402,97.89292725483804,98.7802251463382,8362300
2018-12-21,99.0699691772461,100.96227983420266,98.3999676530121,98.95226835376994,13154500
2018-12-24,96.65251922607422,99.0609131847951,96.54386753735102,99.00658388656838,3284000
2018-12-26,100.5820083618164,100.5820083618164,96.36280073394931,96.66158773570237,3792400
2018-12-27,102.21171569824219,102.2207717307543,98.44521437748256,99.81237825446965,4101600
2018-12-28,103.39781951904297,104.20363386862333,101.94010886244699,102.6734956617046,3984000
2018-12-31,104.7740249633789,104.89172575262111,103.4340153969298,103.52455499694139,2731000
2019-01-02,104.01350402832031,104.51148231877416,102.08498310913906,103.93202043955358,4247100
2019-01-03,100.78119659423828,103.88675353122636,100.59106130108361,103.86864836852487,4203300
2019-01-04,103.81431579589844,103.97728296742905,101.17051329814149,101.59605711108534,5795200
2019-01-07,104.37567138671875,105.42595037982942,101.45120073952901,101.7409316845715,7749600
2019-01-08,105.33540344238281,105.40783790529787,103.68755740358347,104.74689242745708,3428900
2019-01-09,106.12308502197266,107.03755088164998,105.22673122716827,105.36254408280016,5820100
2019-01-10,104.97325897216797,106.13218290276816,104.09500998821053,106.01447515786778,4282300
2019-01-11,105.1905288696289,105.21769006304767,104.21268446017464,104.36660249470084,2648800
2019-01-14,103.8324203491211,104.34850377913821,103.51552822678255,104.3032305154912,4404600
2019-01-15,106.01445007324219,107.03756776030525,102.67349198114643,103.13525300001798,5097700
2019-01-16,105.75189208984375,106.90175976486861,105.46216116251803,105.92391529474547,2920600
2019-01-17,107.88866424560547,107.92487456859183,105.52554347624462,105.76094511430821,4401900
2019-01-18,105.56175994873047,105.84244177620425,104.14026637200624,104.64730072384839,8887000
2019-01-22,106.01445007324219,106.0325621409712,104.74688164140632,104.74688164140632,4377500
2019-01-23,107.55364227294922,107.65323791403328,105.8605232822495,106.03255337280002,4012100
2019-01-24,104.11311340332031,107.03759128870941,103.39783854085387,107.03759128870941,6946200
2019-01-25,104.09500885009766,104.43906222956682,103.25297711164419,104.43000619365853,4599100
2019-01-28,104.14930725097656,104.22174170608893,102.80024833622534,103.86863237207841,3590900
2019-01-29,104.76498413085938,104.98228058395934,103.13525037101516,103.56984327721507,3767400
2019-01-30,105.87865447998047,106.00541133558617,104.60202298144097,104.60202298144097,4362900
2019-01-31,108.52245330810547,108.77596702659237,105.6885222296902,105.87865751855536,5746100
2019-02-01,109.45502471923828,109.5455643462717,107.86150103407303,108.93894124664389,4171500
2019-02-04,108.80314636230469,110.31517979801372,107.46314308184668,109.74477383632669,4518400
2019-02-05,109.03852844238281,110.22461335220771,109.0113672471548,109.30109817580401,8832400
2019-02-06,107.98825073242188,109.39163903543457,106.60297449825326,107.44500609851481,7421000
2019-02-07,106.38567352294922,108.04257545780014,105.80621168361283,107.74378850409326,7935000
2019-02-08,108.28704833984375,109.94395050765021,106.34041521163377,106.59393584625145,16195100
2019-02-11,106.84745025634766,108.59489206525424,105.96920133420944,107.92488360250552,7203100
2019-02-12,108.18746185302734,108.55868334727016,106.38569750602629,106.6211060899917,6975500
2019-02-13,108.33230590820312,108.90271171102998,106.93797370467418,108.28703264593577,12738600
2019-02-14,109.9207992553711,110.37595784442026,108.14568353614695,108.2731273854672,17847000
2019-02-15,111.49567413330078,111.49567413330078,109.60221234365581,110.31225877848009,10366400
2019-02-19,111.17706298828125,112.2694480494003,110.42150481491613,110.43060298851005,17861300
2019-02-20,111.65953063964844,112.01455385420705,110.70369463419352,111.40463594506892,19880300
2019-02-21,111.71414184570312,112.66087268534788,110.87665158396081,111.11332908499455,20798700
2019-02-22,112.87935638427734,113.55298930837448,111.65042929654714,111.72325635460373,19574000
2019-02-25,112.7791976928711,113.4892439997877,112.3968661345574,112.97036347202796,13682400
2019-02-26,113.4892349243164,113.93529531851439,112.26030818791446,112.75188027150895,20790900
2019-02-27,114.40868377685547,115.13694042824656,112.95217741924343,113.325403917833,32135600
2019-02-28,114.96397399902344,116.31123972953264,113.97172451889539,114.26302578050574,36023600
2019-03-01,117.28528594970703,117.81327168814343,115.22797370573682,115.83788467332523,43290900
2019-03-04,116.02902221679688,118.80548533592794,114.099147373319,118.80548533592794,59468600
2019-03-05,116.96668243408203,117.31259358499844,115.35541681969212,116.88474331513027,53212600
2019-03-06,115.3189926147461,117.23975567443965,114.14468249718733,117.20334909520788,74822500
2019-03-07,115.00946807861328,115.78324323028778,113.9079851348539,115.07319694796098,60615600
2019-03-08,115.33719635009766,115.59209102189247,114.01723907500184,115.03679692667211,50169800
2019-03-11,112.42417907714844,113.70772971851216,111.52296695469968,111.78695978757243,61771200
2019-03-12,112.42417907714844,112.89754098580927,111.67771921857252,112.42417907714844,8077600
2019-03-13,113.16153717041016,119.0239825888265,112.11467787012401,113.42553001110208,68139300
2019-03-14,112.0418472290039,113.7714513688349,111.52296668157153,113.7714513688349,42768700
2019-03-15,112.82470703125,113.02497791057391,111.02227606250337,112.06003703248314,47331000
2019-03-18,114.00814056396484,114.10827602596576,112.42419035303129,112.87024390047262,16052200
2019-03-19,115.237060546875,115.29168430610851,113.91710327575409,114.02634384905147,13726300
2019-03-20,116.666259765625,117.52196018600387,115.45553618044413,116.1018605816265,7520700
2019-03-21,116.80281829833984,117.41272926300807,115.28258997321028,115.50106419507333,5704300
2019-03-22,116.79371643066406,117.86788421466528,116.00173785185444,117.18514621591666,15332900
2019-03-25,118.22291564941406,118.86924711164517,116.8938600312413,117.07592073218181,5972800
2019-03-26,119.269775390625,120.28022813954094,118.06814989879435,118.55972901466671,5872900
2019-03-27,117.2215576171875,119.76133666425496,116.99397830188134,119.21515464172363,7675100
2019-03-28,117.3853988647461,118.25019741712187,117.31257182271031,117.74042201320933,6112900
2019-03-29,118.12275695800781,118.28662127987815,117.41271064069255,117.44001904594788,5729100
2019-04-01,117.47645568847656,119.57018835181343,117.47645568847656,118.98758580891746,5132300
2019-04-02,117.72222900390625,117.94980830783554,116.7390847440911,117.46732740439414,3214600
2019-04-03,115.65583038330078,117.65852591874302,115.46465761435184,117.53108203622419,4425300
2019-04-04,114.34494018554688,115.9288901154007,113.43462301629336,115.9197849990609,5539800
2019-04-05,115.60118865966797,115.61939889443967,114.34495332203664,115.14603002275044,4656400
2019-04-08,115.75594329833984,115.86517692197312,114.78189718648068,115.15513058767935,3430900
2019-04-09,115.82878112792969,116.62985791958808,115.24617856214714,115.39183267617798,4215600
2019-04-10,115.78327178955078,116.49331824701864,115.54658732200465,116.12008478107394,4227100
2019-04-11,113.92621612548828,115.90160308012652,113.34361358536613,115.48285793848686,5520700
2019-04-12,112.02363586425781,114.00812769926459,111.98722234171457,114.00812769926459,5470400
2019-04-15,112.95215606689453,113.19793864680372,112.11466593773207,112.6699530216135,4549100
2019-04-16,109.20166015625,113.72593815242764,109.04690788537611,113.72593815242764,6573400
2019-04-17,106.05194091796875,109.29266753386658,105.49664693780626,109.23805073095492,14842800
2019-04-18,104.86856079101562,106.18852517665242,103.9036265778519,105.8061935388144,9805800
2019-04-22,105.11432647705078,105.20535680652901,103.45754947793887,104.72288980964235,7519700
2019-04-23,106.95317077636719,107.31729906205956,105.07791948103018,105.63321355404793,5891500
2019-04-24,107.41742706298828,107.80886372754999,106.71648589141768,107.68141987817351,4254100
2019-04-25,107.6268081665039,108.03644813815949,106.27953562265066,107.18985284425794,3425000
2019-04-26,109.1197280883789,109.16523978245536,108.02734325300555,108.17299734245637,3372500
2019-04-29,108.87393188476562,109.24716525726153,108.555322265055,109.1470298131855,4097200
2019-04-30,106.54354095458984,106.6345712984003,104.60456754526382,106.15210422555181,7548300
2019-05-01,107.58129119873047,108.81021807795896,106.10657477655465,106.55263522259403,5392100
2019-05-02,107.83616638183594,107.93630182174519,106.379660362931,107.81796309511085,4168800
2019-05-03,106.4251937866211,107.81797807778041,106.08837390146924,107.81797807778041,5695500
2019-05-06,106.18852233886719,106.57995908481311,104.95959528141798,105.43295725678102,5952100
2019-05-07,104.63187408447266,106.04286175125036,104.19491871875128,105.86990618465163,5127200
2019-05-08,105.82437896728516,106.4069814442657,104.89585843996285,105.46025068287997,2992600
2019-05-09,105.41473388671875,105.73334351571627,104.48620645916137,105.46935069592718,5818900
2019-05-10,105.79708099365234,105.8881113374375,103.9764463372692,105.2599901585309,3660500
2019-05-13,104.11299896240234,104.85945891978794,103.65784028240698,104.55905252415013,4284600
2019-05-14,104.63187408447266,105.16895796497754,104.25864065279711,104.44070828233515,3668400
2019-05-15,105.25088500976562,105.45114897475148,104.06746978348505,104.91406512039786,3724400
2019-05-16,106.85746765136719,107.72711782909639,104.88014806931497,104.88014806931497,3914100
2019-05-17,106.19834899902344,106.78421984885958,105.47516314097818,105.91456278628958,3109800
2019-05-20,106.39976501464844,106.46384443360468,105.27379009969412,106.07021172169267,3042800
2019-05-21,106.72015380859375,107.82781624104348,106.67437980541415,107.14124809814331,2611100
2019-05-22,108.00174713134766,108.377067410973,106.29905760882242,106.29905760882242,3934200
2019-05-23,106.93067932128906,107.98341835863958,106.62859469760002,107.80033634524433,3653500
2019-05-24,106.91239166259766,107.60811600043588,106.60114380719675,107.58980360557757,2086400
2019-05-28,105.969482421875,108.39535737809769,105.91455223358543,107.1869910135573,5007200
2019-05-29,105.72233581542969,106.00612205835336,104.75198842668546,105.8321892305097,5915800
2019-05-30,106.09764862060547,106.46381963684078,105.23714778007215,105.72232140832817,2392800
2019-05-31,106.13426208496094,107.63555690447838,105.26460508391193,105.58500209098011,6098400
2019-06-03,106.89405059814453,107.76370753322844,106.22579503182374,106.6743508076954,4722000
2019-06-04,107.61724853515625,108.87138199155821,107.47994051566033,108.09327294984612,3122700
2019-06-05,107.1229248046875,108.36790213588154,106.67436895251853,108.04750509861799,4175800
2019-06-06,107.56233978271484,108.88055282008061,107.35178915097309,107.58064519306397,3882800
2019-06-07,108.34043884277344,108.88054268357432,107.91934460262489,108.19397462121944,2726300
2019-06-10,104.29426574707031,106.18919331391018,104.24849174940312,106.18919331391018,8172400
2019-06-11,102.71973419189453,105.81386503828246,102.39018096752997,105.0723737755279,5681200
2019-06-12,105.49346923828125,105.73148145512233,102.98520920953473,102.98520920953473,3793800
2019-06-13,102.36272430419922,105.639944313508,101.25506196266605,105.639944313508,8477300
2019-06-14,102.28947448730469,102.75634267684967,101.62121888702282,102.64648928397709,3188100
2019-06-17,103.80907440185547,103.82737980732227,101.92329636878127,102.19792633969536,3032300
2019-06-18,104.95335388183594,105.11813046689065,103.64429739615966,104.03792996133869,2868700
2019-06-19,105.48432922363281,106.18004655793601,104.66959529433431,105.29208400364335,3320600
2019-06-20,105.7863998413086,107.16869209744604,105.51177681975139,106.50958567109889,2840100
2019-06-21,105.72233581542969,106.12512468659091,105.09984709824059,105.95119185874725,4024600
2019-06-24,105.8504867553711,106.32651120112308,105.008298254895,105.34700768805962,2570500
2019-06-25,105.60331726074219,106.94899170996425,105.42938445913002,105.74063226285016,2110100
2019-06-26,101.92328643798828,105.22796704111633,101.26418714344764,105.09980826294485,4677500
2019-06-27,102.04232025146484,102.71973209477024,101.75854103010676,102.28948167262652,3615900
2019-06-28,101.41983795166016,102.37187986384303,100.71495747607808,102.34441825801314,8958700
2019-07-01,103.20492553710938,103.29646656310764,101.28253605461533,101.89586861134958,3236400
2019-07-02,104.54143524169922,104.55059143876541,102.89367596051788,103.27815242771366,2343400
2019-07-03,104.7428207397461,105.7040188098952,104.15694989185013,105.15476576300917,3707700
2019-07-05,103.27813720703125,104.69704722550118,103.03097579572582,104.4041118197428,2444000
2019-07-08,102.08808898925781,103.25068146671903,101.5296867331846,102.9577460443274,2998700
2019-07-09,103.51616668701172,103.77248433682179,102.39019188633785,102.39019188633785,2717700
2019-07-10,104.84353637695312,104.95338979929404,103.14084674339836,103.69009988683769,3339100
2019-07-11,100.53187561035156,102.747200283214,99.87276913284136,102.09725000237246,6589600
2019-07-12,99.13127136230469,100.21147202230127,96.2568403996942,100.21147202230127,7211100
2019-07-15,99.29605102539062,99.92769587519673,98.49047336554946,99.14043060806003,4405200
2019-07-16,99.61646270751953,99.9551721810532,98.83835352229445,99.78123934543693,2206500
2019-07-17,98.03274536132812,100.37623537253226,98.0235961505973,100.10160539974004,3507300
2019-07-18,99.17706298828125,99.30522881268391,98.17009767867688,98.71020163478445,3232900
2019-07-19,97.75814056396484,99.34182034725842,97.56590234088982,99.32351493826006,4820600
2019-07-22,98.1975326538086,98.27992444828085,96.91594459873855,97.87713564004108,2894400
2019-07-23,99.06719207763672,100.14739273893699,97.08987277188115,98.40808564238486,5098200
2019-07-24,99.34180450439453,100.38539423829303,98.09683435123507,99.18618410826592,3762700
2019-07-25,98.7010269165039,101.04451039500623,98.57286810028154,99.38759499660873,4596700
2019-07-26,99.11296081542969,99.99177406715395,98.44470515659252,98.79256378830698,3470700
2019-07-29,99.52490997314453,100.9163515419647,98.92988290711111,98.92988290711111,3192500
2019-07-30,99.49745178222656,100.7149605776805,97.95038275426963,99.14043692717988,4664200
2019-07-31,99.7354507446289,101.34659908134566,98.50878582953797,98.9207238719774,5535700
2019-08-01,101.16352844238281,101.37407209340765,99.1495910488357,99.79954138082078,3679000
2019-08-02,102.91197204589844,103.69008110685348,100.87058028542101,101.57545374474628,4477700
2019-08-05,99.51573181152344,102.97603305277441,98.35314652592588,101.95991196013657,4765800
2019-08-06,101.97825622558594,102.63736276025274,99.8178545771258,100.21148725843334,5490000
2019-08-07,101.7219467163086,101.95995199634096,99.35099424111787,101.03537851840079,4231700
2019-08-08,104.33086395263672,104.85265530103365,102.19792456997922,102.4908599412875,4815900
2019-08-09,104.14778900146484,104.8618256127785,102.84788855279241,103.66261538218085,2788100
2019-08-12,103.9921646118164,104.41325881213598,102.79296141125128,103.35137060788027,2318400
2019-08-13,105.91455841064453,106.31734722231576,103.83654891725122,103.92808992423164,5247200
2019-08-14,101.52811431884766,105.7442621620234,101.46367568470673,105.73505463620774,4937900
2019-08-15,101.47288513183594,102.46708021693675,100.53391413282162,101.647785985939,3939900
2019-08-16,101.73986053466797,102.48551577680875,100.60758042627988,102.12649944748708,3497600
2019-08-19,103.59016418457031,103.96759551074926,101.9883987323001,102.22774525565053,2903500
2019-08-20,102.19090270996094,103.91233758439772,102.09884853336959,103.40603610150363,2074800
2019-08-21,102.60516357421875,103.50731147990147,101.2611527531977,103.10226462143767,2207300
2019-08-22,102.74322509765625,103.3507882244545,101.98836968358397,102.58673230988973,1840200
2019-08-23,100.81008911132812,103.61778068579355,100.23013433881435,102.60517049462102,3870100
2019-08-26,102.89974975585938,102.93657283908284,101.49130018316554,101.82270090889173,2565500
2019-08-27,101.93316650390625,103.91235623739054,101.93316650390625,103.38763961101779,2945200
2019-08-28,102.15408325195312,102.67879980271583,101.06782707383056,101.56492807296635,1744400
2019-08-29,103.33241271972656,103.45208247333562,101.81349388979072,102.92736582553434,2708600
2019-08-30,103.9952163696289,105.09988080201691,103.02862972382552,103.85713155975911,2870700
2019-09-03,104.90654754638672,104.9617786518961,103.27716672430412,103.59935987858215,3710300
2019-09-04,104.25296020507812,105.40365513007899,103.51651264376379,105.2931858888965,3756400
2019-09-05,105.49571990966797,106.26899062900166,104.26217819741382,104.9065646107876,4045900
2019-09-06,104.9894027709961,105.85472053759149,104.79607985230393,105.66140464218344,2904700
2019-09-09,102.24616241455078,105.42207804675469,101.58336092042134,105.42207804675469,4982300
2019-09-10,102.27377319335938,102.3013887504433,97.94716267584465,99.76065917273041,6589500
2019-09-11,102.81688690185547,103.10225697281152,101.52810728503854,102.89973355860378,3404100
2019-09-12,102.61437225341797,103.48889759134745,102.29217907751156,103.02861961911415,3578500
2019-09-13,102.0804443359375,103.24034674948773,101.48208158955849,102.86291545507117,2842600
2019-09-16,101.38082885742188,101.74905265883106,100.53391903048015,101.64779093786142,1728900
2019-09-17,102.29219818115234,102.35663682836791,100.92056451097201,101.56495800641342,2438100
2019-09-18,103.76506805419922,103.93997593256573,102.33820351899617,102.5867575591259,3132500
2019-09-19,105.26554870605469,105.96517304322667,103.46126027716527,103.89392260379422,3929800
2019-09-20,106.93177032470703,107.9167647979103,105.37602869923052,106.72003939011549,7517700
2019-09-23,105.10907745361328,107.28159003270785,104.91576154911137,106.78448898258102,2611300
2019-09-24,104.25296020507812,105.44968573639281,103.04703417112825,105.27477786034164,3480200
2019-09-25,102.54075622558594,104.80532367166062,102.46711004279817,103.91238301939697,3093400
2019-09-26,102.93656921386719,103.70983988775697,101.89634348675763,103.13909265282129,2266400
2019-09-27,103.44288635253906,104.363442406861,102.5315308019949,103.42447129841284,1906300
2019-09-30,102.94580078125,104.4370973194771,102.81692347605227,103.47051753049405,2516600
2019-10-01,102.14488220214844,103.51650853174426,101.63858066923072,103.04703007775797,2203400
2019-10-02,98.49947357177734,101.85029622301063,98.18648796151044,101.56492616385155,4483900
2019-10-03,98.76644897460938,99.5120970485934,97.77224686044097,98.58233357016084,2735000
2019-10-04,99.6041488647461,99.65938699640613,98.49948455752684,98.95055499692485,2865300
2019-10-07,99.26356506347656,100.01842077781424,99.02421851309077,99.7054280544966,1460800
2019-10-08,98.67440032958984,99.72383361242935,97.53290582770993,98.39823071903842,2802500
2019-10-09,98.77564239501953,99.55811343815266,98.38900361253376,99.01498185169697,1636600
2019-10-10,98.42584991455078,98.95056657537096,98.11286423275305,98.52711164061127,2736900
2019-10-11,99.75144958496094,100.46948214744812,99.04261752578822,99.18990985823942,2554900
2019-10-14,99.32799530029297,100.46027526430278,99.30958024697613,99.89873553398458,1341300
2019-10-15,100.9849624633789,101.35318616620394,99.62254389319418,99.74221361171705,1760000
2019-10-16,99.37401580810547,100.78247236523443,99.2267305025592,100.50630276031859,2314600
2019-10-17,99.843505859375,100.76406188650178,99.6593974632637,100.54313040651118,2018900
2019-10-18,100.00920104980469,100.28537065296524,99.32799159150267,99.70541589098502,2207100
2019-10-21,99.33721160888672,100.34061438152486,99.20832729412986,100.22094461752606,3944900
2019-10-22,101.11385345458984,102.60515649333023,100.23932818684153,101.24273773789386,5708500
2019-10-23,98.86770629882812,99.18989946319324,93.30754775062624,97.57892661808337,9047500
2019-10-24,99.27273559570312,99.61334377521412,97.8090552228386,98.95974999016612,3304500
2019-10-25,101.44525146484375,101.80426768308016,98.99657656550612,99.49367756536047,4234600
2019-10-28,104.01363372802734,104.19774916546028,101.83192022491205,101.83192022491205,4168500
2019-10-29,102.79847717285156,103.84791035235733,102.64198435314799,103.56254026662913,2987800
2019-10-30,103.76506805419922,104.21613850425098,102.42105720680092,102.52231892340421,2424700
2019-10-31,104.8973388671875,105.56014021914531,103.10225772503836,103.43365840101725,4124400
2019-11-01,103.57176208496094,105.41287416599269,103.38764666288662,105.00782726071444,2629100
2019-11-04,104.12409973144531,105.24717928313397,103.90316823672666,104.24376949456675,3002100
2019-11-05,102.4118423461914,104.09646130363154,101.7306329568801,103.97678454351622,3357300
2019-11-06,104.77769470214844,105.21035719155722,102.6512123650724,102.70644348345287,3973700
2019-11-07,103.81109619140625,105.52333089944153,103.12988672342728,105.15511412104307,3076200
2019-11-08,104.51073455810547,104.5475576454807,103.19433903340571,103.70064770570784,2224100
2019-11-11,103.83870697021484,105.1366871201184,103.30478286961495,104.44627020415496,1770200
2019-11-12,104.17931365966797,104.98019985289416,103.51651226158897,103.81108988037025,2273200
2019-11-13,103.8294906616211,104.5106999945603,103.33238968138434,103.90313681201546,3250600
2019-11-14,103.1304931640625,104.02856933615155,102.76941201127937,103.87117643646232,2627100
2019-11-15,104.79703521728516,105.38031857207979,103.07495247797178,103.07495247797178,4857400
2019-11-18,105.61177062988281,105.66731940180803,104.49149232609062,104.63962473911751,3361600
2019-11-19,106.56538391113281,107.50975531275569,105.31548723362327,105.57472422585597,3781600
2019-11-20,106.11173248291016,107.32459444740272,105.59325843341944,106.43577876384185,3638200
2019-11-21,106.24134826660156,106.95425006634127,104.88960734109064,106.19505291465215,2909500
2019-11-22,107.58382415771484,108.02823550112011,106.20430890486546,106.55612954828891,3120100
2019-11-25,108.75965118408203,109.67624113230436,107.95415876674834,107.95415876674834,2939300
2019-11-26,108.40784454345703,109.35221612139706,108.32452137911622,108.75967229604157,4704900
2019-11-27,108.73188781738281,109.15777821085359,107.97269067012118,109.00038531702984,1798200
2019-11-29,108.64854431152344,109.28738335545167,108.48189095500643,108.53744678296414,1243900
2019-12-02,108.08377838134766,109.4818145234945,107.49123466487714,108.80594059431623,2199700
2019-12-03,108.88926696777344,109.17627833365981,107.32457751905766,107.76898882258051,2786000
2019-12-04,109.87068176269531,110.02807465903496,108.85224758257887,109.50960061759656,2597000
2019-12-05,110.88909912109375,111.0279780936053,108.82445668808413,109.62068859589387,3003200
2019-12-06,110.76876068115234,111.75942050002179,110.71321190780539,111.07429306191898,2462800
2019-12-09,111.32427215576172,111.87978109299387,110.1206706357053,110.66691908927442,2335100
2019-12-10,111.70387268066406,112.1667979656534,111.20391252523406,111.62054245625276,3592600
2019-12-11,111.82421875,112.21307425251214,111.08354261145475,111.62053051620454,3438100
2019-12-12,112.67601013183594,112.88895886828684,111.62054106035401,111.62054106035401,2959400
2019-12-13,112.51861572265625,113.12968047356844,111.76867904079046,112.93525270655432,3343900
2019-12-16,113.7407455444336,115.04619828957536,113.0093227179873,113.94443380796037,3468400
2019-12-17,116.03684997558594,117.61079306949927,114.16662792748004,114.80546706101946,6718800
2019-12-18,119.87914276123047,120.34206810381963,118.22187625079977,118.39778307768115,8173000
2019-12-19,121.14752960205078,121.27714809200549,118.82363607359399,119.50877045041513,4423400
2019-12-20,122.61035919189453,126.84150221478863,121.50860910532877,122.66592208174109,9229900
2019-12-23,121.42527770996094,122.74925116526813,121.3141801796032,122.57333732396415,2473400
2019-12-24,121.38826751708984,121.48085822405639,120.480937923723,121.35123971071826,1215800
2019-12-26,121.41603088378906,121.934504890084,120.971626610873,121.28641238221533,1272000
2019-12-27,121.76787567138672,121.99933832291448,121.13828991300447,121.8141710271641,2161300
2019-12-30,121.56415557861328,122.1474317011394,121.16603257599965,121.76784378881459,1856200
2019-12-31,121.68452453613281,121.76786181799453,120.82349035154078,121.45306191093829,1549800
2020-01-02,122.40669250488281,122.45297372485254,121.03642368627973,121.99931605218225,2204200
2020-01-03,121.99932098388672,122.64741349058316,120.57350334179746,120.63831965614565,1963500
2020-01-06,122.45298767089844,122.73074565913298,121.2308723009678,121.6752766057282,2102900
2020-01-07,122.6844482421875,123.07330376822955,121.93451157572369,121.93451157572369,2448300
2020-01-08,123.79549407958984,124.25841939506196,122.2215367050971,122.63818079090957,5188600
2020-01-09,125.84156799316406,126.24894437554569,124.07319057298656,124.57315763403824,4522800
2020-01-10,127.76734924316406,128.01733279516887,125.48049773159437,125.711960320803,4177600
2020-01-13,128.63768005371094,129.6098259746411,127.66553413278076,127.95254554820542,5117100
2020-01-14,130.22088623046875,130.45234888934078,127.87848525287241,128.68398491235163,4685200
2020-01-15,130.64674377441406,131.18373867401533,129.62830273597106,130.1560442178975,3676500
2020-01-16,130.94305419921875,131.4430214750981,129.48022256462698,131.31340294567755,3794800
2020-01-17,129.2301788330078,131.23001875185383,129.0264906490131,130.43378697642552,5393200
2020-01-21,130.4616241455078,131.07268899160096,128.1655042621324,129.15617128177072,4849500
2020-01-22,131.06338500976562,131.70222406878915,130.2578996539654,130.77637363596816,2742100
2020-01-23,130.73939514160156,131.23009492587016,129.50801190626436,130.7764229568422,3138700
2020-01-24,128.75799560546875,131.4614765258984,128.41542142085035,131.33185806147208,3183300
2020-01-27,128.05442810058594,128.7858581793963,127.15635165082396,127.15635165082396,2826400
2020-01-28,128.93392944335938,129.50796633280066,127.98030460367083,128.40620202955586,2649100
2020-01-29,129.54498291015625,130.67452149902564,128.6654278784578,129.16538086544404,2815500
2020-01-30,132.09109497070312,133.0632408640887,127.85996534515141,127.93402095634592,5243400
2020-01-31,129.2857666015625,132.25775299953185,129.12837370777117,132.25775299953185,3913500
2020-02-03,130.54493713378906,131.0726787671645,129.32280753693604,130.10978621315436,5137800
2020-02-04,132.80401611328125,133.38730652867744,131.26710068286684,131.74854696426303,3177500
2020-02-05,136.424072265625,136.43332568446698,133.81316716176948,134.04462977903225,4060900
2020-02-06,136.37779235839844,136.90551983928512,135.9241204913468,136.7851688712842,3285000
2020-02-07,135.55374145507812,136.30367791358856,134.60011680692855,136.30367791358856,2670400
2020-02-10,134.72052001953125,134.7575619560344,130.65603632091438,131.00786408089726,4892100
2020-02-11,133.5538787841797,135.04449803102437,132.56321238226013,134.92413299559635,2976400
2020-02-12,132.86878967285156,134.15572120109292,132.85028283601093,133.94277955857487,3953200
2020-02-13,131.96609497070312,133.77155717744628,131.9567793878211,132.95258111651117,3455500
2020-02-14,131.333251953125,132.45004270557638,130.82140609226647,132.38489042476354,2273700
2020-02-18,131.23085021972656,132.114978398611,130.78414254026677,131.24016580092393,2858200
2020-02-19,131.06333923339844,132.00328988987934,130.62593293766452,131.7985459131281,3082800
2020-02-20,132.15219116210938,132.90601476918067,131.4076689351645,131.80785548988678,3417000
2020-02-21,132.18943786621094,132.75713458257152,130.59803530434618,131.537986109875,2900900
2020-02-24,128.5692596435547,131.77069711444608,128.30867884481594,129.62089842455723,4727400
2020-02-25,126.01921844482422,129.5742911981793,125.28399758444958,129.30440916373306,3401600
2020-02-26,124.26961517333984,127.5175867419248,124.0648711661177,126.59623870942512,4659000
2020-02-27,120.23057556152344,125.33052933461464,120.10028523814236,124.08346278216996,4292800
2020-02-28,117.38279724121094,118.00633768749309,113.08320188796115,117.61545957332328,7898300
2020-03-02,123.62744903564453,123.77635633109965,117.45724676110862,118.88113904751764,7355700
2020-03-03,121.2729263305664,126.24259093515143,119.76527878100507,124.03695630515118,6936600
2020-03-04,130.64456176757812,131.0912694844428,123.77636494309095,123.80428328785861,5301900
2020-03-05,130.43048095703125,132.0684326531911,127.99218457371325,128.78324208157045,6882100
2020-03-06,131.6497039794922,132.4872829730743,126.14956121328841,126.68002412240067,8010700
2020-03-09,126.30775451660156,131.15643058367203,124.0648857559182,124.72565316612801,5351300
2020-03-10,131.39833068847656,132.0870018397006,125.37703070085452,129.57425245427416,5961200
2020-03-11,130.30950927734375,132.00328349315734,127.8618972560683,129.78834798017036,7211800
2020-03-12,117.28042602539062,127.03363417639497,117.19667099341397,121.71962022742674,7836300
2020-03-13,129.70458984375,129.70458984375,119.59773776497848,123.7298229751675,6841700
2020-03-16,120.40743255615234,129.062461236737,119.35579411450436,121.9150801481487,6619700
2020-03-17,133.26898193359375,133.63193460622514,122.00813350029838,123.97180416519686,8909200
2020-03-18,133.16661071777344,134.01350502572848,124.78146527247036,126.88472766969241,6734600
2020-03-19,123.8600845336914,133.0642035069163,122.02670468214883,132.6081945391477,6554800
2020-03-20,113.91149139404297,123.07838683872114,111.89198383958725,122.99463179835085,9113500
2020-03-23,110.7938003540039,118.08077886818829,108.94180316239414,112.56202831742023,7299300
2020-03-24,114.36751556396484,115.95892534408618,109.26756032128806,114.69324146627761,6827300
2020-03-25,113.4833984375,117.39212336427437,110.94272226489228,111.78961668919217,6472100
2020-03-26,125.03277587890625,126.32637821803692,113.48341126372797,114.73978676788384,6723600
2020-03-27,124.80936431884766,128.0666365068119,121.17052255215415,121.58931185049074,4717400
2020-03-30,128.83914184570312,131.93820693304514,124.25103161469254,124.58606606198862,5057400
2020-03-31,129.09971618652344,132.17086276702832,125.1909906297837,127.46177797052775,7560100
2020-04-01,126.95918273925781,127.6757867155774,123.75774670023134,124.7070130142641,3297900
2020-04-02,132.3197021484375,132.89671433372604,123.80426728128501,125.96338033471471,4725000
2020-04-03,129.9744873046875,134.5718972128177,128.8577109619608,131.1471003344633,4013200
2020-04-06,131.78929138183594,133.54821857059596,130.5701426690692,132.40352353044065,4159900
2020-04-07,132.04052734375,134.75802159805863,130.33743741918965,133.20383896976816,3900600
2020-04-08,136.07955932617188,137.0381270927092,130.7562435078142,132.19875294890673,4006600
2020-04-09,135.62355041503906,136.24708388864065,133.5947412800892,134.48815686591834,4415300
2020-04-13,134.4043731689453,136.42388049045675,132.97117946356295,134.91623313536104,2289000
2020-04-14,140.63043212890625,141.03992013911605,134.06004960303886,137.06604320441286,3809600
2020-04-15,140.695556640625,142.76159925619478,138.21072467337626,138.61091126317194,3614400
2020-04-16,143.9993896484375,144.79974876694982,141.45872055153725,142.28699801832224,3512900
2020-04-17,146.3818359375,146.735487248999,142.4172746582588,144.64152612675375,3709900
2020-04-20,146.84719848632812,149.09006749691738,144.81838911450262,145.76765571079022,2562200
2020-04-21,142.0822296142578,144.99516652253882,140.90961658628842,144.63221385669723,4270200
2020-04-22,145.8420867919922,146.37254961322688,142.91984798213713,143.8877171966169,3278000
2020-04-23,148.83871459960938,151.2863264552672,143.31997185047626,146.27942938799373,5692900
2020-04-24,151.6306915283203,153.46407188083322,149.47159242419565,150.76519445053185,4414000
2020-04-27,150.10443115234375,153.09182188851577,149.57396839393263,152.62649720192454,3210300
2020-04-28,146.39111328125,150.74654446156782,145.73034614034933,149.77867559946796,3270200
2020-04-29,144.39956665039062,147.07052592745472,143.94354332479642,146.81924660922257,3240700
2020-04-30,143.91563415527344,146.09335051726077,142.64995030204778,144.43679558885154,4175800
2020-05-01,142.9756622314453,143.87839322465936,141.0585268687291,143.0594172636614,2576400
2020-05-04,142.64990234375,145.18126919916642,140.76998706129092,143.924887150865,2228500
2020-05-05,146.94021606445312,148.17798132619717,142.15667927424641,143.1338638704213,2862600
2020-05-06,145.8141326904297,147.9174093004078,145.50703090281365,147.47070159056605,1964800
2020-05-07,142.3614501953125,146.75411681844645,142.1287878284117,146.57729114750842,2330600
2020-05-08,142.8639678955078,143.7108621605102,141.97055252630764,143.5061181799474,1966600
2020-05-11,147.55442810058594,148.41062362918518,142.46377602682423,142.82672863351934,3196200
2020-05-12,146.7820281982422,150.206811260157,146.6610392290106,148.78291877836725,2329400
2020-05-13,146.97744750976562,148.29898210558147,145.2185207766034,146.1398687608626,2650000
2020-05-14,148.09014892578125,148.62310894127344,143.8170522950783,145.8086720108482,2393900
2020-05-15,148.88491821289062,149.146725639091,145.89282315100436,148.32390841421895,2824500
2020-05-18,147.69741821289062,151.8208917114646,146.90263661236898,150.8578114759709,2703700
2020-05-19,146.519287109375,148.79141880801802,145.1915454152944,146.6595502549946,2339400
2020-05-20,143.18121337890625,147.20183278777336,141.75996313968218,145.18217791537623,3780800
2020-05-21,142.3864288330078,143.19990071921407,139.99275328066116,143.19990071921407,3049800
2020-05-22,141.3391876220703,142.648224372607,140.4135024622712,142.330317485681,2355000
2020-05-26,138.34713745117188,141.90024240961705,137.59911009823367,141.29247821078698,5013400
2020-05-27,136.23394775390625,138.54347434485663,134.28908250534624,138.54347434485663,5376100
2020-05-28,140.8623504638672,142.2181562120179,136.99132445277047,137.85155086996593,3982700
2020-05-29,143.01295471191406,143.6581282318412,140.19851720502803,141.8067712853736,9466300
2020-06-01,142.54541015625,144.92039583735297,141.0867647230986,144.43417593715768,5233800
2020-06-02,143.86383056640625,144.06953847108636,141.22703702501758,142.19947698667576,3269400
2020-06-03,142.62022399902344,144.3593815798905,141.049379354336,143.37759654324313,3190300
2020-06-04,140.91847229003906,143.56459641318466,139.9834416615979,142.32101823270082,3328700
2020-06-05,139.51593017578125,141.90024692978525,138.70244380485897,139.97408606513102,4578800
2020-06-08,139.51593017578125,139.55332512427358,137.0006954334653,137.2157484890261,4076400
2020-06-09,139.44114685058594,141.8909229648605,139.42244223982664,140.0208613771852,4302100
2020-06-10,141.18963623046875,142.49867350841248,140.10499719020893,140.21721057648716,4940200
2020-06-11,134.71920776367188,142.3490607254803,133.7561274070577,141.9843993697471,4547400
2020-06-12,134.21426391601562,136.8697612254065,132.27875831222318,136.08432480766513,3973200
2020-06-15,132.32554626464844,133.61587890544516,130.6050789645262,132.77435699764573,3709900
2020-06-16,153.07382202148438,156.5521217325809,144.9297015471951,146.16394843454435,15029300
2020-06-17,149.57684326171875,153.68162694374516,149.0438689819032,153.56006840257297,4711200
2020-06-18,150.60540771484375,152.38196040885185,147.92185979676535,148.85689053412472,3631600
2020-06-19,149.54876708984375,151.92373806995738,147.97790857114273,151.68998046584483,6004900
2020-06-22,150.025634765625,150.98871500003398,148.5950393002434,148.83814208407344,2647300
2020-06-23,148.9877471923828,152.28840351098873,148.6230858907288,150.4370472308553,2771500
2020-06-24,146.82785034179688,149.40852959763419,146.17333179148682,148.24910081349472,3096000
2020-06-25,152.2790985107422,152.7746636342879,146.52866548302867,147.39823717502682,3735400
2020-06-26,152.25100708007812,153.1486283057756,149.77316787277758,151.78349186369297,5290400
2020-06-29,152.14820861816406,153.54140960707417,150.56800432802564,153.20479795788825,2640300
2020-06-30,153.51332092285156,154.43900637642327,151.75547305247025,152.51284557474025,3296300
2020-07-01,152.6905059814453,154.71952075304978,151.9611832254745,153.6442412267284,2065100
2020-07-02,153.22341918945312,154.06495506656222,151.82087366170217,153.41043667376462,1960200
2020-07-06,156.04725646972656,157.94536744884266,153.35436377258523,153.77513895708958,2760100
2020-07-07,155.91635131835938,157.44045574989903,154.53251003617257,155.32727747943358,3273300
2020-07-08,158.14170837402344,158.7868816828153,156.0004806023103,156.0004806023103,2781800
2020-07-09,155.63584899902344,159.65648365164418,153.07387414654815,158.84301155088718,2955200
2020-07-10,152.74661254882812,155.34599669942153,152.1668980924534,155.34599669942153,2245100
2020-07-13,151.5497589111328,156.1501076767016,150.57731911308346,153.91538514951085,3455600
2020-07-14,153.23280334472656,154.06497992141416,151.03547595645603,152.29777284204687,2642900
2020-07-15,154.70082092285156,155.66390136797605,153.25152053625274,154.45771808583225,2346200
2020-07-16,154.280029296875,154.6914449911226,152.03596185043907,154.23327491935908,1486800
2020-07-17,155.17767333984375,156.3932016172732,154.3828916808165,155.25246322704837,2935800
2020-07-20,156.18748474121094,156.81396771670657,154.96259709802595,155.6732293923436,1806200
2020-07-21,154.560546875,156.36514891932114,154.05562240749006,156.02853736345898,1540700
2020-07-22,154.1304473876953,155.07483746595412,151.7835256158319,154.78496598269354,1686500
2020-07-23,151.02615356445312,154.71017658339997,150.34357092200253,154.52315904071276,2408800
2020-07-24,149.17478942871094,150.979406072507,148.15560940473236,150.979406072507,2247900
2020-07-27,150.07241821289062,151.23186134657536,148.28650626044058,149.2308963411009,2709700
2020-07-28,152.08270263671875,154.6633959057706,150.86717442049724,151.16637675655036,3483100
2020-07-29,151.24118041992188,152.4380182951424,150.63341631377014,151.9705030542771,3108900
2020-07-30,143.0596160888672,148.20228202670228,140.6752863005671,148.15552766469088,6638100
2020-07-31,140.52574157714844,143.37758773995202,139.0764555716073,143.18123930513948,5342700
2020-08-03,142.9100799560547,143.8544700360097,141.39533488099028,142.87268500803134,3615000
2020-08-04,144.7895050048828,145.86478456876802,143.1438418939737,143.4150087781284,3260000
2020-08-05,144.31260681152344,147.25796150547112,143.34018134988395,147.08964859306357,2386400
2020-08-06,142.94747924804688,145.39725479541963,141.18961719683836,143.85446004958024,2176200
2020-08-07,142.99423217773438,143.52720650302024,141.73194934549818,143.02229622361287,2017100
2020-08-10,143.0596160888672,143.5177860086939,141.68512059681518,142.9941571285656,1745200
2020-08-11,140.84368896484375,143.19061105317067,140.44161831606328,143.19061105317067,2103400
2020-08-12,142.63894653320312,143.21866104386984,140.8156393888181,140.99328325011734,2430400
2020-08-13,141.37049865722656,142.5261885521442,140.74096171611782,141.70875110659068,2077700
2020-08-14,141.02279663085938,142.52614356169846,140.13958138426483,140.75032234734647,1538000
2020-08-17,142.3758544921875,143.47517139576976,141.2765375886052,141.8027048925095,2704700
2020-08-18,143.86036682128906,143.89794404544503,142.0187674240903,142.95835573476768,1959700
2020-08-19,143.08995056152344,145.0818882676237,142.8268668839794,144.51812933746632,1938800
2020-08-20,142.1973114013672,143.61609912475453,141.73692224035855,143.33421972469876,1830200
2020-08-21,140.2429656982422,142.20671643822132,139.01210713308106,142.1973113781325,3112000
2020-08-24,140.48728942871094,141.31411763545154,139.29400790983274,140.98527023245853,2268400
2020-08-25,140.6376190185547,142.16915307069698,140.28997581387833,141.27654674110505,2216100
2020-08-26,140.2429656982422,140.43089485623656,138.50473568264906,140.17720196252964,3029700
2020-08-27,139.97048950195312,141.82147985519038,139.94230299602418,141.48322744706118,3146100
2020-08-28,138.43894958496094,140.13960227256132,138.1006971919534,139.8483321663289,2102600
2020-08-31,139.42552185058594,139.80135147511436,138.1476810554157,138.44835622462335,4430700
2020-09-01,138.40138244628906,140.18659477802643,137.7906413476553,139.6322410298217,2358700
2020-09-02,140.5154266357422,140.9382384837978,137.65907030709565,137.92215387197373,2406800
2020-09-03,140.0175018310547,144.10470377444594,138.5517458603497,142.99599607142,4226100
2020-09-04,141.79330444335938,143.3624155230947,139.01211616591758,139.7825856202095,4361800
2020-09-08,140.28994750976562,142.1691243874521,139.5288831682197,141.83087197598925,4351200
2020-09-09,142.78921508789062,144.80932391500653,141.2294952875901,141.52076532585562,2328500
2020-09-10,137.38661193847656,141.50201356684414,136.91681775576723,140.82550879678425,3961300
2020-09-11,139.1436309814453,140.17718386908052,138.00673714202657,138.64565031839743,3001400
2020-09-14,139.99867248535156,141.41744581701064,138.56110337121888,140.08323200101083,3072500
2020-09-15,141.01341247558594,142.6952692087043,140.39328076246673,140.90066646846591,2923500
2020-09-16,141.8402557373047,143.45633441942132,141.68051311014432,142.5543376822855,3618800
2020-09-17,143.25901794433594,143.45632344305926,140.43086254579967,141.06038493669067,3620700
2020-09-18,144.85635375976562,145.1664196775731,142.8550257161822,142.8550257161822,13209800
2020-09-21,142.04702758789062,144.37721812936468,140.05510392413476,143.91681445706814,3501600
2020-09-22,140.80670166015625,142.41340394372563,140.13958766623506,141.79327223168275,2926400
2020-09-23,140.75973510742188,142.4322013029264,139.71679141588984,140.9852414834492,3545700
2020-09-24,139.82015991210938,140.6188158577425,138.46715020218062,140.24297186221648,3424200
2020-09-25,141.1825408935547,141.31408268961945,138.9181438567953,139.42551525962216,2440600
2020-09-28,139.15304565429688,142.42280922211557,138.9651165075757,141.87784623798228,2427100
2020-09-29,137.4241943359375,139.47250450485572,137.11412844324423,139.0402875322278,3308300
2020-09-30,139.07786560058594,139.4818816919614,136.296677895914,137.55572278989598,5083900
2020-10-01,135.57321166992188,139.72620525163077,135.35711033993567,139.3691570514068,3809200
2020-10-02,136.43765258789062,138.0631366808541,134.6148486013733,134.9906782671163,3880000
2020-10-05,137.7718505859375,138.56110139479543,135.46984755463023,136.30609498749246,2790600
2020-10-06,135.42291259765625,138.8993876296303,135.23498340377824,138.0537492681331,2409200
2020-10-07,139.96112060546875,140.83493109949785,137.97858813639942,139.54769933806335,4602800
2020-10-08,144.22683715820312,144.6402583990234,141.40807161113727,143.19328405615246,4686100
2020-10-09,147.40260314941406,147.65628164379393,144.76236257006414,144.7811440116623,4590600
2020-10-12,145.15699768066406,147.65629159458942,145.0912196197027,147.35563080199555,3242700
2020-10-13,141.01341247558594,145.00666271352156,139.57584353688748,143.75700856568298,5963900
2020-10-14,139.49131774902344,141.50203660490695,138.78662636022804,141.29532598390168,2710200
2020-10-15,137.9127655029297,138.03491656619897,136.59734765610372,137.6590726549778,3785900
2020-10-16,137.2926788330078,139.4161582011981,137.17993279115132,138.22287668927575,2918900
2020-10-19,134.17320251464844,138.50470484144574,133.6188488981572,138.11947022511308,3158900
2020-10-20,134.91551208496094,135.41349285337728,133.52492509034454,134.69941073981383,2188700
2020-10-21,132.77320861816406,134.67118083039787,132.67925839867388,133.69400105624686,1983700
2020-10-22,133.09268188476562,133.6658313424519,132.29404040240294,132.9799358724274,3056600
2020-10-23,133.77859497070312,135.9584325055579,133.158463213683,133.64705317409104,2427200
2020-10-26,133.13966369628906,133.69401737095777,131.589348684221,133.32757849517913,2947100
2020-10-27,123.93169403076172,127.85918067492244,123.90350752803879,124.98404270134422,11374600
2020-10-28,123.37737274169922,125.99883287877485,122.43778417239287,122.57873105997909,6188000
2020-10-29,124.5424575805664,125.08742062679563,122.5035522717506,124.02568104216087,4099900
2020-10-30,122.57869720458984,125.05920976897882,121.40421181734166,123.8001505377441,4335300
2020-11-02,123.67803192138672,125.8578696641645,122.13710744110146,124.53304651243029,3449500
2020-11-03,123.06726837158203,125.97060704041911,122.80418480127008,125.56657662652479,3628400
2020-11-04,139.61343383789062,142.79863787020597,126.75987169094827,126.75987169094827,12211700
2020-11-05,136.72889709472656,139.82013637630158,135.95842778632752,138.75839698101316,5731000
2020-11-06,134.1168975830078,138.4859793482896,130.69679525320183,136.28734520848275,6229800
2020-11-09,133.73159790039062,136.00539975443138,132.10611423546897,133.9289034050049,5493800
2020-11-10,137.70608520507812,140.18659821646065,135.10342110357638,138.68326525206717,5377000
2020-11-11,136.0148468017578,138.8336127308074,134.70881916144424,138.8336127308074,3046800
2020-11-12,133.19102478027344,135.48596379914216,132.08605947883612,134.98540992059415,3463400
2020-11-13,134.46597290039062,135.24984001581694,133.46489411053062,134.51318217826795,2142700
2020-11-16,132.77548217773438,136.27927293915135,132.21828002760236,135.10819155678757,4957600
2020-11-17,133.35159301757812,134.06935870557712,130.90555799610422,131.81220408228427,3619200
2020-11-18,132.3787841796875,134.50372010246107,132.34101388174378,134.01261976532862,2795100
2020-11-19,135.43870544433594,135.8920211008216,131.19827230924656,132.45434735029502,4626100
2020-11-20,137.4031219482422,138.91417926388965,134.90041030223085,134.90041030223085,5063800
2020-11-23,135.410400390625,137.52588347179602,133.31379525793037,137.4503284459474,3794200
2020-11-24,136.8459014892578,137.544774664445,135.15540283350524,135.41983821640903,4127000
2020-11-25,136.70423889160156,137.2614409663523,134.68318888959547,136.84589555106464,3223700
2020-11-27,139.24472045898438,139.69803617924995,137.2803331236377,137.55420746841457,1754000
2020-11-30,137.55418395996094,139.93411630324917,136.84587196344074,138.20583330246262,5842200
2020-12-01,137.46922302246094,139.83026357838574,137.1858952736204,138.53641796514628,3954400
2020-12-02,137.09146118164062,138.91417755886388,136.3548176870413,137.28034154244725,3757400
2020-12-03,136.0997772216797,138.35693066775175,135.17425366584476,137.60139505842722,4059600
2020-12-04,140.19857788085938,140.4535742823344,135.99592879670183,136.0620448458664,3058600
2020-12-07,139.225830078125,140.08525225154082,138.33807657245566,139.1125047491109,2637200
2020-12-08,141.0013427734375,141.7946489298097,138.74418861215258,138.81029025319307,2754400
2020-12-09,149.21778869628906,150.10554240309762,145.13790299963276,145.99732536776875,8364400
2020-12-10,152.05099487304688,152.99541099027076,149.38773450536527,150.98380004917706,6430600
2020-12-11,151.144287109375,152.22092046529795,150.2187637288266,150.84208156926633,3441900
2020-12-14,149.13275146484375,153.26928422951758,149.0571964467276,151.75822709913336,4390100
2020-12-15,158.12359619140625,158.87913202752733,149.26498210509502,150.56826665149023,6974300
2020-12-16,162.48681640625,163.5634503396613,157.48140746961388,160.25799351121364,6009900
2020-12-17,163.03456115722656,164.23395926683705,161.5896056309663,162.18457799371396,3521100
2020-12-18,161.87294006347656,163.28012546883232,159.60634681964626,162.93069606649266,7356400
2020-12-21,159.39854431152344,159.60631700129986,156.58418843725056,159.4929916834748,3655900
2020-12-22,157.45306396484375,159.03023722894437,156.6503044614403,158.38804115473926,2447900
2020-12-23,156.28196716308594,158.66189969346874,156.27252819022232,158.14246797305742,1697300
2020-12-24,157.3964385986328,158.6052904217756,156.63146363046513,156.63146363046513,627200
2020-12-28,157.2452850341797,158.28414853740284,156.0269945718966,157.91582682455945,1482000
2020-12-29,157.32089233398438,158.42585783971347,156.68813504834384,157.36811603812347,1712000
2020-12-30,157.7269744873047,159.030273703537,157.4153153525252,158.13308102437503,1413300
2020-12-31,159.45521545410156,159.73854317438412,157.04695144766953,157.78360928466276,1643600
2021-01-04,156.30087280273438,160.05964504421783,154.03427980731598,159.6252216852419,3164800
2021-01-05,157.0753173828125,157.39641544877793,154.12872888796684,156.0081224104969,2322600
2021-01-06,155.1864471435547,157.98191048955195,153.9114797537752,153.92091872613213,3619700
2021-01-07,156.61256408691406,157.830854830238,152.78767501079975,155.05426847260463,3025500
2021-01-08,157.1603240966797,157.58530856078593,155.48870316650238,156.98088268923163,3438100
2021-01-11,175.60476684570312,178.77800614889256,171.9026567270903,174.71701322953572,11396500
2021-01-12,168.8616180419922,173.99924443309652,167.5772114442161,172.62982942593314,7179300
2021-01-13,175.18919372558594,177.1913513281857,169.37158685274713,169.8343559485343,7303900
2021-01-14,176.3130645751953,178.4568934071757,174.32034579539146,174.97199528608598,4413200
2021-01-15,180.1663055419922,181.12016083810283,176.41697159581406,176.41697159581406,6624600
2021-01-19,187.44772338867188,188.4299243068842,183.28285889770524,185.10557524705777,7729100
2021-01-20,190.07321166992188,190.5548731862749,187.63661598509893,187.72162440075735,5335800
2021-01-21,191.10256958007812,193.3408307272267,187.00379348363197,192.37752244172938,8698800
2021-01-22,194.6819610595703,195.05972178727967,189.41211676733118,190.8098487526334,6128800
2021-01-25,200.54678344726562,200.71677144413152,196.5235612603373,196.6652323350396,5959100
2021-01-26,200.8961944580078,201.37784148240553,198.89403693230037,200.73564544987525,6601500
2021-01-27,196.03245544433594,200.23510417826955,193.69974654054604,199.33791177157636,7358000
2021-01-28,198.4407501220703,200.0651473254723,196.03250006401836,196.43859215954424,5460400
2021-01-29,196.41021728515625,205.88270960639704,193.095321965106,200.17844270844535,8401700
2021-02-01,191.84869384765625,198.22350278416582,191.8109235427911,197.81741076161708,5383800
2021-02-02,186.578857421875,194.4552848710338,186.38053809488062,193.01978265920275,5314600
2021-02-03,186.01223754882812,189.44045885887587,185.94612149186813,186.81498274345688,3679000
2021-02-04,190.41319274902344,190.65875018785687,184.76558781557225,185.87055305837916,2924300
2021-02-05,190.55487060546875,191.64094352761504,189.68600938562204,190.4131995217225,2732200
2021-02-08,194.3325653076172,194.9558691751755,190.6871174526162,191.13099431037244,2909300
2021-02-09,190.49819946289062,193.55809875088838,189.18546151152978,192.42480218456893,2661300
2021-02-10,193.0292510986328,194.1247774885604,190.43210621822567,193.10480613352257,3062700
2021-02-11,192.1188201904297,193.63618790010474,191.20838798796152,192.3938382943462,3544700
2021-02-12,196.58555603027344,197.46753843584816,190.7626256760163,191.23680571942757,2611300
2021-02-16,195.1345672607422,196.77524063839556,193.09559885189643,195.3432076385845,2741900
2021-02-17,195.7984619140625,196.01658071787213,193.7215506689241,194.42332798661474,3329900
2021-02-18,190.7341766357422,194.81212791617216,190.57295715697046,194.69832933605718,3919400
2021-02-19,190.5445098876953,192.4033020540997,189.98498090071826,190.7436718762063,3434900
2021-02-22,190.3169403076172,191.19892292187401,187.73741357428963,188.89439984080224,2263600
2021-02-23,192.02394104003906,193.75944168763127,188.4201699151888,189.9660014448049,3287700
2021-02-24,193.95860290527344,195.7984237311458,191.2178429194358,191.2557709545515,2848800
2021-02-25,193.29476928710938,194.93542826564828,191.3316568654666,193.05767925381883,2386700
2021-02-26,194.3095245361328,196.30108678276588,191.62566338201734,196.02605421581265,3887900
2021-03-01,195.8079376220703,197.4865392790847,194.20520651986874,195.1535667487853,2797400
2021-03-02,193.59823608398438,199.10820611611442,193.5603080460023,198.10294669507667,3445300
2021-03-03,191.5687713623047,193.75948123433304,189.39703274719383,192.8680202799877,3660300
2021-03-04,190.1841278076172,194.16725179843075,188.35379976330123,193.2662981280921,4308400
2021-03-05,196.2346649169922,196.94593497300477,190.50657643306798,190.6393462646906,3875900
2021-03-08,196.3389892578125,199.9996598023691,195.66566169420503,196.3105396126362,3300300
2021-03-09,195.4665069580078,201.20408863822928,195.41908605734605,197.58134599591256,4227300
2021-03-10,194.840576171875,197.29682531401923,193.8353167991566,196.20621700682318,3400200
2021-03-11,194.6129913330078,196.54763965777067,193.7215304831601,195.84584794237776,4037300
2021-03-12,197.33480834960938,197.6951898858543,191.83431584396695,194.30953674796456,4541400
2021-03-15,179.39178466796875,183.2041815253742,178.4813526825608,183.04296205864242,12388500
2021-03-16,181.04193115234375,181.724751558817,177.561451440062,181.64888101689482,6194200
2021-03-17,177.08729553222656,180.02721793122876,176.92607603523754,179.93237612319842,5134200
2021-03-18,174.431884765625,177.42870647278204,174.30860777969943,176.41396858288195,4240000
2021-03-19,174.77330017089844,176.20533337749157,174.3844834749814,175.16213133764415,6048600
2021-03-22,176.24325561523438,176.30964777505122,173.73958527288298,174.54569722901988,2666600
2021-03-23,174.19479370117188,177.0209175017479,173.7870057632502,175.77856796141953,3284700
2021-03-24,170.86605834960938,174.34653860520643,170.53414095656595,174.21376875382336,3931500
2021-03-25,173.63525390625,174.1568548754528,170.91346494535625,171.65318469410667,2630500
2021-03-26,175.74063110351562,176.30965302724888,173.1990326447186,174.54570242867013,2868200
2021-03-29,176.7174530029297,177.97877392539567,174.03359164516323,175.12421466139136,3002600
2021-03-30,175.92079162597656,177.21056189004588,175.1715935436278,175.94924127019067,2523600
2021-03-31,177.1726837158203,178.23484265427038,175.69322944619745,175.9872333038608,3621300
2021-04-01,175.67425537109375,178.35811657616003,175.12420469757353,177.17266628085667,2340400
2021-04-05,175.3423309326172,176.30016960232552,173.6447724049501,176.00618023196105,2864800
2021-04-06,173.36024475097656,176.04410581162676,173.06625540889323,175.15264492219472,2488400
2021-04-07,172.90505981445312,173.72063579447732,171.86185767818725,173.45509606357874,3406600
2021-04-08,173.18006896972656,174.46983951193312,173.04729911115365,173.50250798757088,2393200
2021-04-09,174.96298217773438,175.579410532334,172.9903911838555,173.10418977957764,2611200
2021-04-12,172.43084716796875,174.4413660290573,171.5393863232741,173.9576930975419,2876100
2021-04-13,173.1041717529297,174.15685206622155,171.82387980106793,171.82387980106793,3089100
2021-04-14,173.54991149902344,174.9440021097146,172.64897222966948,173.16108035545318,2002100
2021-04-15,176.31910705566406,178.02615812014938,173.93872842765987,174.2990954234542,2586600
2021-04-16,179.4771728515625,180.47295398347796,177.22956374559251,177.7037438588067,3731800
2021-04-19,179.84703063964844,181.0230025160467,178.3581126265494,179.46769234188304,2966400
2021-04-20,180.7669219970703,183.50768214904207,180.34964123137325,180.57725286834264,2460900
2021-04-21,181.0894012451172,183.04302120015316,179.99879265921425,181.66790162245766,2219800
2021-04-22,177.3907470703125,181.39282756731745,177.10623616624176,180.18840627355252,2982600
2021-04-23,178.9745330810547,179.36336422514594,177.37180207268216,177.37180207268216,2482800
2021-04-26,177.552001953125,178.90815012483642,176.45190062240403,178.83229404139163,2797500
2021-04-27,172.80076599121094,176.27175428114532,171.45408140206192,174.49832484948266,6838700
2021-04-28,171.22640991210938,172.60152909036745,169.35813945604758,172.07992816873136,4682800
2021-04-29,172.79124450683594,173.19904696241625,170.70485473205457,171.71011433903277,2432500
2021-04-30,173.33181762695312,174.45087584492393,171.833406603105,172.44983501526454,3103900
2021-05-03,176.31910705566406,176.72690942118146,173.47402677179738,173.54041892441774,3197000
2021-05-04,178.48138427734375,180.26430605935005,177.13471454846828,177.84598468863106,3703500
2021-05-05,182.8533172607422,183.57408023234515,178.4529267663271,178.90813558414177,4274400
2021-05-06,183.8775634765625,184.07672549100977,179.54356477243286,181.65840402269757,3101600
2021-05-07,185.32852172851562,186.13463357019407,183.88701038128556,184.7595143733539,2526700
2021-05-10,184.70260620117188,186.45707815868377,183.5076776954433,186.0397974031138,2242000
2021-05-11,184.693115234375,185.64147526125242,183.04296357811108,183.40334501898872,1850200
2021-05-12,183.2231903076172,185.54666993593787,182.77745984971884,184.6931515323355,2397400
2021-05-13,185.6903076171875,186.8047906231488,182.65166738313727,183.12794291738274,2174300
2021-05-14,186.90003967285156,187.9097414157561,185.6712407330716,186.423764168857,1823700
2021-05-17,186.25230407714844,190.13871407263287,185.8331792931096,187.15722466008202,2466000
2021-05-18,185.39505004882812,187.0334393228165,184.3948683530548,185.7474893518539,2369400
2021-05-19,187.18582153320312,188.0240711975822,183.94715343228287,184.42342900799332,3070500
2021-05-20,190.06253051757812,191.53898771263337,186.86195806004807,187.80498893464448,3494400
2021-05-21,190.39588928222656,192.33908683253054,190.0053399028524,190.51019074554617,2579000
2021-05-24,191.48179626464844,193.95842001670596,190.54828586750978,191.46274117588922,2074900
2021-05-25,189.76724243164062,192.27245662266037,189.6910365949992,191.87237234659858,2919100
2021-05-26,191.4532012939453,192.83439712468456,188.84320672261276,189.7767024893867,2891300
2021-05-27,189.74815368652344,191.82472239608103,186.22371794189266,191.12934971059536,9340300
2021-05-28,190.2625274658203,192.68200042604502,189.10993444839966,189.67193600720353,2386000
2021-06-01,189.00518798828125,191.35799037391973,187.34774383763622,190.81504380365195,3070200
2021-06-02,189.68148803710938,191.38654795658218,188.8432384938021,189.5671720318016,2030300
2021-06-03,193.0820770263672,193.9774772559139,189.18614708142593,189.54812109799354,3066600
2021-06-04,192.43435668945312,194.74904863794643,191.73898399586173,193.16781049288963,2817700
2021-06-07,211.96168518066406,222.25876074836378,192.25339963478214,192.4058113065627,17231400
2021-06-08,210.22799682617188,211.72350883041685,207.05600034202925,211.190082611121,4618500
2021-06-09,215.2765350341797,215.97189322362377,209.80888683220837,210.8471785122096,4934900
2021-06-10,222.458740234375,224.6591451159947,215.5146502738892,216.2004881137858,5598200
2021-06-11,213.45718383789062,218.69621516590306,211.0472305897871,216.25768654606523,5636000
2021-06-14,215.37181091308594,215.9052372069624,212.437951761989,213.59053046094857,2720700
2021-06-15,212.9142303466797,215.90524028116909,212.2950633980041,215.37181397969732,2188900
2021-06-16,210.2852020263672,213.71439223116445,209.75177566890497,212.9237729746479,2548800
2021-06-17,211.66639709472656,212.5141670354654,209.81844554114872,209.81844554114872,1890700
2021-06-18,208.18002319335938,210.5614006846246,207.9609405338999,209.970809183144,4016600
2021-06-21,212.1045379638672,213.15234991995564,207.7323321862147,208.7039383150626,3671300
2021-06-22,210.93287658691406,212.99991032480017,210.04699667937803,212.06641449941336,1658800
2021-06-23,206.798828125,211.69493968860672,206.70356721099284,211.64730923160315,2419600
2021-06-24,221.9158172607422,228.01213811132507,219.48680919840317,223.77328888437484,12290500
2021-06-25,219.2962646484375,222.4111100942407,218.5056456742539,222.05865638516858,6992200
2021-06-28,217.3911590576172,218.9723969781133,216.11474438988918,218.13414756777362,2507500
2021-06-29,218.4866485595703,220.42032619531335,217.03878130354641,217.41979594254707,1621200
2021-06-30,218.62953186035156,219.89642656357628,218.19135196041563,219.17247842757573,1786700
2021-07-01,220.16311645507812,220.51555567262784,217.81031433112383,218.61997395722113,1977300
2021-07-02,222.8588409423828,223.09697869514727,220.35362713217282,220.9632591978588,1994000
2021-07-06,224.24957275390625,224.401984414539,222.16348357017034,222.54451272175223,3125400
2021-07-07,224.6305694580078,225.36402321615194,222.38254866011314,223.54464743394092,3141500
2021-07-08,225.86888122558594,226.01177259186846,221.08708582396898,222.734994931386,2431500
2021-07-09,223.83993530273438,227.15480827731625,221.70621611065496,225.91648923311635,4030100
2021-07-12,224.8115234375,226.70710488311647,223.99232911577514,224.01138420272855,2928600
2021-07-13,224.13526916503906,225.4212043857308,222.92552523917024,224.78299691446438,1974000
2021-07-14,225.13543701171875,225.97367201681337,223.59229449197935,224.60199623694498,2103400
2021-07-15,220.48696899414062,224.7925033468416,219.74398041782692,223.85899295319703,3611200
2021-07-16,221.4300079345703,221.9824747141863,220.23931920565315,221.46810357859488,2229100
2021-07-19,223.0302734375,223.18268507414595,219.6296741866328,220.87751357527736,2305600
2021-07-20,223.86854553222656,226.46900575570965,222.83978868304337,223.84949044202637,2297800
2021-07-21,226.0308074951172,226.1070133149411,222.50637190321174,225.1639971810149,1651500
2021-07-22,227.17391967773438,228.3264983824824,225.15450143891906,226.02132643820985,1703500
2021-07-23,232.56532287597656,232.9463520001835,227.2405662276178,227.92640411641543,2448100
2021-07-26,231.66993713378906,233.64171016297092,231.06030506984217,231.06030506984217,2678800
2021-07-27,232.02236938476562,232.47958978529516,231.1460242275947,232.1462056632573,2116500
2021-07-28,234.81336975097656,236.6136907740592,231.12700159294465,231.82235983604627,1688000
2021-07-29,233.68934631347656,236.46127330362293,230.74596711434393,235.75638030775943,1924100
2021-07-30,231.9461669921875,234.27991402006157,231.11745227870264,233.27973256960848,1905100
2021-08-02,234.8990936279297,236.12787808129062,232.66059285715434,234.07036433471953,1958900
2021-08-03,243.84353637695312,247.06314888194714,231.9461691225037,233.13685787569932,5406200
2021-08-04,250.01609802246094,257.80795934428664,243.30060960150118,243.85309100498256,3892400
2021-08-05,251.6543731689453,252.91174707668188,248.93006303551604,250.78754853874239,2262400
2021-08-06,250.94007873535156,251.73068340382798,248.36817898762993,251.00676429293088,2155200
2021-08-09,254.48350524902344,260.08450926514865,251.94971633365503,252.02590761604756,3238500
2021-08-10,256.6648864746094,258.2175202339575,253.55002600426297,254.0929870676601,2060200
2021-08-11,251.56869506835938,258.08413964703556,250.19701946552794,256.79819013568783,2813300
2021-08-12,251.77896118164062,252.80148872291795,249.8868098666667,251.52095247826716,2100900
2021-08-13,252.48611450195312,253.90045247342886,251.34891643073792,251.4731525640758,1482300
2021-08-16,257.9619445800781,258.2677522072869,252.5435268710133,253.12647448309383,2623200
2021-08-17,260.60894775390625,263.62873160886073,255.324333298589,259.12773804244057,2096100
2021-08-18,256.6048583984375,262.5679885450603,256.13661067069756,259.9400152489651,2527400
2021-08-19,258.40142822265625,259.78709846560974,253.6519628281057,254.34001515041075,1901000
2021-08-20,258.8888854980469,260.76190604557803,257.1209699104737,257.4267775159453,1536800
2021-08-23,255.93594360351562,260.80007988926906,255.8212730684349,260.2171324513929,2438800
2021-08-24,251.11004638671875,255.57283642171,250.1639851770295,254.38786850949998,3736000
2021-08-25,252.1612548828125,252.78240650913088,249.69575041590872,251.11962510501945,2388500
2021-08-26,249.72438049316406,253.80489607278002,249.01719689200834,252.2854530935308,1732900
2021-08-27,248.22406005859375,251.4540832925864,247.10596387628271,250.87113578252576,1839700
2021-08-30,250.67047119140625,252.35238374280317,248.09026708764202,249.4472700167766,1300700
2021-08-31,246.82882690429688,251.94143554874594,246.41788526177464,251.17691669566804,2733400
2021-09-01,245.978271484375,247.28747520954425,243.19740926813049,247.0676997646348,2956800
2021-09-02,248.05203247070312,248.2049362441326,245.08958383275956,245.98787527452464,1469700
2021-09-03,248.01380920410156,249.40901609302577,245.38583564220409,249.25611231345115,1124500
2021-09-07,243.49368286132812,249.24655960224672,243.1209890365173,247.5073120319922,2403700
2021-09-08,243.53189086914062,244.36329596638612,242.4233604606169,243.30254980648428,1542400
2021-09-09,229.35040283203125,242.7482929470134,229.0350442783325,242.05067497290437,4976600
2021-09-10,228.8726043701172,233.06780517801724,227.9838785005924,231.45279365335543,4633500
2021-09-13,227.40089416503906,230.44933052928246,224.71557138281023,229.38858450391697,2832800
2021-09-14,222.7470245361328,229.14972052510484,221.6862783133276,228.12720753614656,3826000
2021-09-15,223.35862731933594,228.7579269913158,222.71835917208222,223.21528914521437,2802500
2021-09-16,220.78799438476562,224.27604071569158,219.5361256952931,223.69310782421505,2958700
2021-09-17,219.88970947265625,220.58731288068324,218.10267762834005,219.5170156429754,4480000
2021-09-20,221.36138916015625,222.4030188621538,217.20440678894835,217.96891113766225,2803400
2021-09-21,219.95660400390625,223.34908183194622,219.5456915067789,221.76273795109162,2172800
2021-09-22,218.1695556640625,220.77841219879917,217.4815033456279,219.79411796748118,2529600
2021-09-23,221.8773651123047,223.80773482385467,218.84803070226107,219.1251705671812,1912300
2021-09-24,221.3995819091797,224.94496330290204,221.07467233804994,222.44122607099888,1642500
2021-09-27,216.35386657714844,220.80709024208375,215.5989279436122,219.76546069873052,2785900
2021-09-28,211.76687622070312,216.3538725781837,210.42899013168312,216.34432156088354,3583300
2021-09-29,220.13815307617188,221.17023159578176,214.59551565532115,215.40780413090556,3971000
2021-09-30,220.79754638671875,226.63642595983336,220.55863971773977,222.45077645317568,3786100
2021-10-01,219.40232849121094,221.39958477582908,215.44603457366472,220.74976562515576,2215700
2021-10-04,214.87269592285156,219.9757396328547,214.27064636118885,217.69179212043477,4784700
2021-10-05,220.68284606933594,222.24052210993153,216.1340686547116,216.3920919223138,2802000
2021-10-06,217.73953247070312,220.6064123474381,216.0194016283211,220.3292724602655,2462700
2021-10-07,222.83299255371094,223.72173283018546,218.83848056274425,218.95315108292007,2001800
2021-10-08,223.55931091308594,225.34632816300658,221.275363699884,223.06238094980466,2563000
2021-10-11,223.30130004882812,227.42961459189175,223.2344137590775,226.19684792346013,1892300
2021-10-12,222.4507598876953,224.63915297833265,221.68625568755255,224.28556121901508,1719200
2021-10-13,225.94839477539062,227.36271830549953,222.4699139321235,223.68356400722678,2105700
2021-10-14,226.18728637695312,227.85963310506497,223.72176773656065,226.4930793390349,1824700
2021-10-15,227.3245086669922,228.68149697806334,225.3559197849917,226.88491392146116,2598300
2021-10-18,228.3756561279297,231.89236983467714,226.19682850008738,227.3913618303389,2546000
2021-10-19,231.55789184570312,231.7872474917285,228.45210522492388,228.45210522492388,1573200
2021-10-20,232.9053192138672,234.9885782303356,232.2554855347444,232.91487023058042,1537500
2021-10-21,230.46852111816406,234.0807893733669,229.18798466403567,234.0807893733669,1717700
2021-10-22,232.93399047851562,233.21111578457055,228.92991257578134,230.26779860345025,1960700
2021-10-25,234.1763153076172,235.34218099615876,229.84732771621654,233.80362149450673,2763100
2021-10-26,237.4158935546875,237.87459027597336,226.56952495688955,233.65072212077268,4533000
2021-10-27,239.0691375732422,243.1687844154814,237.3012368697034,237.57836220577582,3181300
2021-10-28,242.1080322265625,245.35715720003424,238.98312880953043,239.0595806959506,3386500
2021-10-29,243.45545959472656,245.0895877129992,240.59814501477206,242.51894948563057,3152000
2021-11-01,238.24729919433594,245.0991557226461,237.04321475651548,243.78993717890148,2735800
2021-11-02,245.4527130126953,247.79398082744217,238.33328274312177,240.10119789362773,3987800
2021-11-03,254.44517517089844,254.95165615674856,246.3223481986602,246.33188463456582,4382900
2021-11-04,258.9748229980469,259.0799279314538,253.49907177678787,253.699774371601,4133400
2021-11-05,253.2410888671875,257.53184364438056,247.0868502612665,257.05403026915945,3745700
2021-11-08,248.96945190429688,255.066355624648,247.65068223896503,252.27591250461376,2386100
2021-11-09,250.39332580566406,250.5271275572623,246.92442498889122,248.9694511936258,1963800
2021-11-10,252.90663146972656,254.19673350629512,249.99198134112984,250.37422623552376,2215100
2021-11-11,250.9761962890625,252.59120743241084,250.32637725811,250.67995440249865,1739400
2021-11-12,248.9341278076172,251.6856770011597,248.24384134465038,250.9762264796483,1964000
2021-11-15,247.7644500732422,248.89574382664247,246.54687417845727,248.6848514308811,1903200
2021-11-16,247.08377075195312,249.60523404724805,245.42517279401247,246.35512696098047,2565700
2021-11-17,250.40098571777344,253.6318997344353,245.50189158760776,246.21134211714752,2873600
2021-11-18,250.54476928710938,252.91283234063428,249.09710762649235,251.18713093061157,1689200
2021-11-19,249.9408416748047,259.6239881291266,249.55732639264255,255.43434406866817,2786800
2021-11-22,249.69149780273438,253.0949756129729,248.43556457643675,251.3980350363518,1995400
2021-11-23,251.14877319335938,251.9157743530022,248.55062442443153,248.7615460860705,1986200
2021-11-24,251.1871337890625,254.0058009134506,249.31759952517754,251.92534498522016,2518500
2021-11-26,249.62442016601562,254.90702960123173,248.33972601867356,250.9953964660032,1495500
2021-11-29,244.3130340576172,251.4939230973477,243.99665157513778,249.28882774829097,4041700
2021-11-30,237.80328369140625,243.51731854765407,236.30766785514783,242.8174500353645,8265900
2021-12-01,238.84828186035156,244.76364104170474,237.65945202960134,239.14548566077636,3241400
2021-12-02,237.64987182617188,239.66319498759967,235.0037690582223,236.3459991282253,3817700
2021-12-03,235.44480895996094,243.01876669216344,233.04798504102948,241.7244905533718,4169700
2021-12-06,236.16384887695312,236.7486744803594,231.56194416823755,235.77076625535753,3491200
2021-12-07,234.9942169189453,235.31059944792173,231.48526301108285,234.16012683376846,4035800
2021-12-08,234.23680114746094,237.93748301599996,229.58695716753016,236.43228529084956,3636200
2021-12-09,232.8754119873047,235.76119742110117,232.73160840016146,234.39980315628583,2291100
2021-12-10,234.0642547607422,234.49568017484162,231.24558726601418,231.24558726601418,2380800
2021-12-13,238.27305603027344,240.3534974169644,235.32976389245704,235.37768866714572,3016700
2021-12-14,239.0879669189453,239.69195655499723,236.22136045315025,237.5156511272137,3424000
2021-12-15,263.9190979003906,264.16837697294704,246.59484603607416,251.25428736727503,10016700
2021-12-16,267.52386474609375,272.18327566942054,260.8223262249005,264.29295129168736,5546400
2021-12-17,256.383544921875,265.2517958808415,254.37977382292618,265.2517958808415,7582900
2021-12-20,252.6060791015625,258.8665820596475,249.60525084876178,258.1187741610346,3479400
2021-12-21,253.9483184814453,254.97416624548626,249.8161959637481,253.1046316944998,2702500
2021-12-22,255.50148010253906,255.5590015472792,252.00212234300062,253.8141063685349,2721000
2021-12-23,261.8290100097656,263.9094364631029,255.67395427023575,257.9461383104879,2632200
2021-12-27,266.9198913574219,268.73187495082925,263.3821770590372,263.68897752989136,1677100
2021-12-28,265.0216064453125,267.8690344216916,264.5039135464104,267.8115129884802,1033900
2021-12-29,266.92950439453125,267.8306832885454,264.3600868660929,264.4368016175654,1112300
2021-12-30,265.8077392578125,269.06741352693734,264.96405266291174,267.66767672617976,1181500
2021-12-31,264.8204040527344,267.22682573607227,264.6190789432722,266.0188165630632,1315700
2022-01-03,260.515625,263.085013505864,256.03834454625644,263.085013505864,2621300
2022-01-04,255.7986297607422,258.74193651115036,252.70192277084226,257.8982498229978,2340500
2022-01-05,249.89279174804688,257.6776691557953,249.67230272932744,257.0928583136822,3004200
2022-01-06,248.62730407714844,250.51600232992692,244.9170402864304,249.36554450461279,2863200
2022-01-07,248.7903289794922,250.46810576451767,246.1154652270964,249.02041471884488,2245100
2022-01-10,249.37513732910156,249.42309136302586,245.32931195505128,247.5343929176842,2576700
2022-01-11,251.49395751953125,251.5802396731849,246.45103042433107,250.79407437353285,2294000
2022-01-12,245.35804748535156,246.81532039535762,240.61233947125027,242.46268035112988,6562800
2022-01-13,239.3660125732422,244.95540778223307,238.29224012453466,243.584431504262,3726500
2022-01-14,234.04505920410156,240.20010132107248,232.87540795209546,239.82619737192644,2894300
2022-01-18,236.87330627441406,238.26346113350718,232.09882279748408,232.73158778296414,3241200
2022-01-19,234.93667602539062,240.07546693013543,234.62987555153038,236.16384866272801,2487600
2022-01-20,233.0959014892578,237.71696994275428,232.49189723987448,235.44478577267526,2655400
2022-01-21,233.02880859375,237.6498921758194,232.12760045091972,236.69116259903015,2788600
2022-01-24,230.49777221679688,233.69992561900702,223.0771997323631,232.53987097745895,3712800
2022-01-25,229.57736206054688,231.56192442813864,225.41646510179723,227.03672022372052,2525100
2022-01-26,228.0433807373047,232.4247665855728,226.17386129156554,229.74033590915252,2913200
2022-01-27,226.950439453125,233.23012035609105,226.03005273266797,230.07589223331232,2178500
2022-01-28,234.98463439941406,235.09967727187367,225.34939884649077,227.68870144685616,3081100
2022-01-31,235.26268005371094,235.35855887515166,231.9358868306669,233.23017777484523,3237100
2022-02-01,238.03338623046875,238.57027247103684,233.22055949557134,236.8541529071458,2449400
2022-02-02,240.47816467285156,241.48483375128853,233.95879999669958,235.22433018194695,2586700
2022-02-03,234.70655822753906,237.87995041930668,231.14968010099705,237.2855428316912,3473600
2022-02-04,232.2714080810547,234.0258848821198,231.26473914548595,232.7028334451408,3569300
2022-02-07,233.49859619140625,233.95878230166642,230.38272500227387,232.40564503638038,3948300
2022-02-08,230.00880432128906,232.86581421546242,227.66950193488543,231.91666671732438,2615000
2022-02-09,233.23016357421875,234.37105418624853,231.1113646334415,231.30310763559407,1759900
2022-02-10,229.74993896484375,234.01628235432946,228.2830839863133,229.99920337073965,2283100
2022-02-11,226.0109405517578,230.69912811262563,225.15767171974886,229.35689778009265,2054300
2022-02-14,225.94354248046875,228.05192760341723,223.2286315851317,225.27925514692362,2572000
2022-02-15,234.75250244140625,235.6670946504814,227.83045892504626,227.83045892504626,3409600
2022-02-16,236.4276580810547,237.8139941113268,233.53946291469458,233.53946291469458,2459000
2022-02-17,231.98947143554688,236.43728742858198,231.45034400489058,236.42766539950625,2059100
2022-02-18,231.3540802001953,233.39506694793238,229.1494308066606,229.1494308066606,2517900
2022-02-22,230.2180633544922,231.88358527927434,228.66806454653695,230.29508366241734,2936700
2022-02-23,229.42861938476562,233.63575276870174,229.14943361853713,231.58514396609192,2296300
2022-02-24,234.02084350585938,234.83915670709678,225.27923715596714,226.41525360831596,3272300
2022-02-25,241.5012664794922,243.4748548240153,234.64660639853568,234.75250747912986,2442200
2022-02-28,240.63479614257812,240.74069722187676,235.47455341425706,236.96679055342113,3188800
2022-03-01,240.20159912109375,241.01029035803637,236.29291011908188,238.3338969618769,2873200
2022-03-02,244.6975555419922,246.92147848237212,239.7779951407682,240.56744231867424,2452000
2022-03-03,249.00094604492188,249.90588683147035,244.9093215467471,245.33292585376492,3153700
2022-03-04,253.0733184814453,253.64132675129488,245.9972481484506,246.66152078990118,3497100
2022-03-07,251.8892364501953,253.80506389483753,248.25008096922426,250.17554513638274,3074800
2022-03-08,250.2428436279297,255.41270815398792,249.26086787121557,250.2428436279297,3482600
2022-03-09,252.99632263183594,257.80998210147646,252.30315449299786,253.48729591917214,2965900
2022-03-10,256.1058654785156,257.75215777000165,253.04438585262014,253.04438585262014,2797200
2022-03-11,256.37542724609375,261.59344572867536,255.19128611716027,255.19128611716027,2469600
2022-03-14,258.974853515625,260.80403805474253,257.35747114715747,258.9652167959727,2713800
2022-03-15,265.1940612792969,266.1760663997047,259.81239469479266,259.81239469479266,4396900
2022-03-16,266.13763427734375,268.22674624750323,262.8354705953183,267.4950899119917,3148600
2022-03-17,274.86956787109375,275.2354106589292,266.1472200420697,266.6863475040662,3270100
2022-03-18,276.92022705078125,280.49195429239046,274.24380407451565,275.1872919448592,4557900
2022-03-21,278.84564208984375,284.3235587944775,277.0357016735784,277.0357016735784,3495700
2022-03-22,274.3977966308594,279.7313388266307,272.8285685359006,278.87452283491956,3791600
2022-03-23,273.5987243652344,277.44001444925067,272.7900332622962,273.820163233276,3149200
2022-03-24,276.96832275390625,278.08509520326606,274.0512464817853,275.6205040668319,2412400
2022-03-25,278.2488098144531,280.78079983682545,275.8997412341705,277.74819971940553,2399800
2022-03-28,280.79034423828125,281.5509105432066,277.56518701687406,280.4726263095347,2195000
2022-03-29,277.6422119140625,282.2151875359802,276.86237219924084,281.1465400602914,2798100
2022-03-30,279.0863037109375,281.3968538908426,277.2570899957831,279.7505615472036,2220100
2022-03-31,275.6974792480469,280.92510546089653,275.2642676001602,278.5856744215869,3227600
2022-04-01,281.7626953125,282.21518037987835,273.41579867220855,275.4856659199116,3066200
2022-04-04,280.559326171875,283.98664917712995,280.10684103116887,281.8397465937381,3014100
2022-04-05,281.5893859863281,284.80490634389514,278.3257407957793,280.8480931530167,2324200
2022-04-06,294.4419250488281,295.1350932021102,283.78447570970854,285.0552888874334,4672900
2022-04-07,296.9353332519531,302.2977559096332,293.63317054916604,293.63317054916604,4270800
2022-04-08,300.0738220214844,300.73810919199076,296.4732151519621,296.5213399810329,3024700
2022-04-11,297.4455871582031,302.0667170916506,296.5694977580272,301.4216739050628,2178100
2022-04-12,296.5984191894531,298.0713977634599,292.84377080279313,295.1543213961035,2688100
2022-04-13,291.3900146484375,296.81016940436166,289.2142316190813,295.8281936537112,2528700
2022-04-14,290.6102294921875,293.122974961998,289.0024837149414,292.42980683724807,1898100
2022-04-18,287.68353271484375,290.8027744447835,285.7387956133803,289.84967933402277,1581400
2022-04-19,285.9410400390625,288.52115474164333,282.8506491726608,287.2888589597951,2021700
2022-04-20,282.00335693359375,287.8567522118002,281.4064386542904,285.9505330416728,2608600
2022-04-21,278.8167724609375,282.5136888248723,275.97673097385365,282.003442091244,2716800
2022-04-22,268.34228515625,278.82642074197076,268.02456716199487,278.5183394688286,2772600
2022-04-25,274.57110595703125,275.29315476717744,266.5130165563968,268.36147443767726,2410200
2022-04-26,272.2894592285156,279.394425583034,272.2509711050377,275.5146170747309,2166600
2022-04-27,274.4651794433594,277.39189206572166,270.13288675206735,272.54935274377596,2352100
2022-04-28,286.19122314453125,289.3104936268687,277.80583881300834,284.958927824422,5886900
2022-04-29,281.2428894042969,286.2298338566965,278.3643302739412,284.7664918688053,3910900
2022-05-02,278.7685852050781,281.9263439662618,273.6853630680449,280.3763600512179,2789900
2022-05-03,277.3341369628906,279.0092807741349,273.5216981521239,277.87326438214717,2109500
2022-05-04,283.9096374511719,285.9121362985509,273.5313885244236,277.7481590366338,2743600
2022-05-05,281.4739074707031,283.99626022750135,277.55558177341993,282.48479354561294,3120200
2022-05-06,285.8350524902344,287.13474623692764,277.7673556738368,279.355886575485,2931200
2022-05-09,278.4509582519531,283.9385124584972,275.9670934948918,282.5714496122662,3460500
2022-05-10,275.052490234375,282.4943883322024,274.3785662143827,281.1176888933325,3140800
2022-05-11,276.00555419921875,283.52448644693385,272.4530718658142,273.09811503393286,2625200
2022-05-12,280.92510986328125,281.1080312442246,272.77077085365676,272.77077085365676,2370000
2022-05-13,281.7075500488281,282.8377253178357,276.7617582696028,282.6735259269344,2337700
2022-05-16,289.1938781738281,298.9115936556211,281.67858662971446,282.171214307333,5118300
2022-05-17,291.14520263671875,293.07715491629784,283.407753802896,289.79284193686385,2553000
2022-05-18,285.1464538574219,292.3043394560048,284.02591817539866,289.7927959948664,2161400
2022-05-19,276.5299072265625,283.5911886192403,274.6945589326805,283.5911886192403,3157400
2022-05-20,288.6819152832031,289.05863057022754,279.08978128338055,280.83819537473505,3129100
2022-05-23,292.3043212890625,294.5453925138246,289.164899527569,290.3723694358357,2873600
2022-05-24,295.550048828125,297.2018892374287,289.5996323228181,293.3766025330694,2804900
2022-05-25,296.56427001953125,299.8582513707889,294.27491185686046,296.55460082718827,3195700
2022-05-26,302.7947998046875,303.22950075489547,293.279931217012,294.8448369502134,3284200
2022-05-27,312.473876953125,313.05343887673035,300.6696509480554,302.01234204339886,3694300
2022-05-31,302.7755126953125,307.6247014890226,298.5155550977401,305.85697842136204,6298900
2022-06-01,300.4957275390625,303.21978626715344,295.1925300307984,302.77544567013035,2731500
2022-06-02,292.14007568359375,300.09973690902865,288.0250385177227,300.0031334260494,3703300
2022-06-03,291.3866882324219,295.4051523950725,290.46902861375077,291.8793454828068,2490000
2022-06-06,293.0384521484375,304.40800802838413,292.77764925259146,304.40800802838413,3734400
2022-06-07,301.4810791015625,301.5293661040342,292.7100015720133,293.6469993580704,3652800
2022-06-08,302.8238220214844,304.76544331239705,300.23501328643385,301.7998897683786,2684500
2022-06-09,292.9322204589844,301.3072453057954,292.7969696696568,300.99812591240203,1963300
2022-06-10,286.9045104980469,291.3962925216309,286.769259722478,289.0489781677847,2469800
2022-06-13,281.3694763183594,283.1855158389916,278.69373352293655,280.5483908568931,2898800
2022-06-14,280.89617919921875,282.0650019462446,277.51526308000007,279.3313027407174,2422600
2022-06-15,283.0213317871094,286.257357660053,278.71308657925914,281.67864031985454,1970100
2022-06-16,278.26873779296875,280.32627157004816,273.4774751878235,280.32627157004816,2628600
2022-06-17,281.0024108886719,290.7491051351285,279.8239189962771,280.1427075828233,6900000
2022-06-21,287.2232971191406,289.0972928967106,280.43248709357437,282.4320644664322,2821300
2022-06-22,296.2552185058594,299.1144995659493,286.34429408448636,286.85626024875165,4535700
2022-06-23,302.08001708984375,302.53402699080317,296.7381709679583,298.9695731784137,3729300
2022-06-24,314.5411071777344,314.7343141735948,308.15601983025493,308.6776256564304,5449900
2022-06-27,316.1349792480469,319.59319010268814,311.04429594862285,313.19843320700835,3218900
2022-06-28,306.81329345703125,317.8737304867161,305.9825682442173,315.41047399070754,2742900
2022-06-29,312.0102233886719,313.65239425083683,306.8422463004717,307.3349034549703,2562500
2022-06-30,313.1983947753906,315.9224245666394,309.1219750625648,311.1698393722717,2732900
2022-07-01,313.66204833984375,314.3285741161561,306.9485330492622,312.8603012572092,1817800
2022-07-05,316.0480651855469,316.28955921961114,308.0787620614266,311.46934773304935,2107700
2022-07-06,318.9170227050781,321.41889741707985,315.6327096633453,316.84017986098627,2252500
2022-07-07,316.7918701171875,319.2550973519546,315.14002978026053,316.11567506331966,2395000
2022-07-08,319.22607421875,323.13826503488355,315.06272022159425,315.439435513881,1898200
2022-07-11,319.8056945800781,321.3609018541577,318.22147972472453,319.36132437669886,1342600
2022-07-12,312.5802001953125,320.69439347544335,312.3580150815351,318.77211048497,2058200
2022-07-13,311.48858642578125,313.63305414402424,309.91404096194464,311.05391495000293,2564200
2022-07-14,315.76788330078125,316.60827763626367,304.7750725914578,306.7360025339986,2615700
2022-07-15,320.317626953125,323.92069833533276,317.00433656063365,320.67503333352397,3340300
2022-07-18,310.8221130371094,320.67508085711034,308.83220466816516,318.8880192110292,2116300
2022-07-19,315.1014404296875,316.2412852424436,310.88976897275774,313.06321536894245,1628100
2022-07-20,311.0732421875,316.66625133941,309.4117623305961,315.9610782648195,2051000
2022-07-21,315.7969055175781,316.88843369939156,308.8321969217188,310.5130153067475,1692100
2022-07-22,317.5645446777344,318.0185544835156,314.7438823670687,315.8258000270892,1850800
2022-07-25,320.26934814453125,320.96485208091457,316.89810115750976,317.5646269915125,1741700
2022-07-26,320.27899169921875,321.2546368666777,317.4293507831689,319.72837831881634,1812300
2022-07-27,317.7481384277344,319.61246497773465,314.1257285345617,317.7867857207841,1643000
2022-07-28,319.5448303222656,322.2399114588547,310.7930906323813,319.0038861522383,2350900
2022-07-29,318.47265625,319.7960387632377,315.7003096164145,319.7960387632377,3399900
2022-08-01,313.1211242675781,319.1874525575623,312.45459844845533,316.3668190579911,2464300
2022-08-02,309.30548095703125,317.7867477955743,308.49403529606235,316.0576427587316,3405700
2022-08-03,303.1522216796875,310.0589733571214,299.6650626242054,309.72087587624924,5152200
2022-08-04,295.38580322265625,299.69404783991257,291.95657080559386,299.6457608326043,4696300
2022-08-05,291.0679016113281,294.9318056938491,290.09225639713196,292.18843733276907,2814300
2022-08-08,292.2076721191406,295.70449971013574,286.44079555963623,290.4206110384315,3218900
2022-08-09,292.71002197265625,296.26483587550905,291.0485421582593,294.70959926565223,2122900
2022-08-10,294.2458801269531,296.6801580579736,292.2946195847596,294.139636936881,2351000
2022-08-11,290.9229736328125,295.02837119171033,289.4353624984586,290.78772285730537,2198800
2022-08-12,298.5694274902344,298.9667741664236,291.99873013192246,293.5687448922874,2305100
2022-08-15,304.24853515625,304.89783539645373,297.82320146832353,299.6645417095025,2795800
2022-08-16,300.7305603027344,304.66522354346057,300.0715593681904,304.23880421511234,2248000
2022-08-17,307.0396423339844,310.70295098365085,300.4398722236764,300.4398722236764,2747200
2022-08-18,306.9427490234375,309.11359001129665,304.5005529120959,306.9718217304002,2261600
2022-08-19,312.8059387207031,315.6939554685579,307.69863656567037,307.7083373254661,3393100
2022-08-22,313.1257629394531,315.7133222708823,310.49943014495955,312.33106961180994,2488000
2022-08-23,305.37274169921875,311.90466571391045,304.1807016486331,311.32318204105184,2962000
2022-08-24,309.0263671875,310.95492572948984,305.4890498752437,306.7004619394061,1827000
2022-08-25,313.1645202636719,313.38740111996094,306.08015642195164,310.70292305695796,1977900
2022-08-26,305.8184509277344,314.5696876495281,305.5373951391364,313.6005583134469,1858000
2022-08-29,300.5754699707031,305.1497618072158,300.119977981086,303.6669950453526,1697000
2022-08-30,297.56158447265625,302.3393866848049,296.5633820878109,300.5658923881247,1980300
2022-08-31,291.930908203125,299.28659801943405,291.8145878124373,297.6584674556514,3183500
2022-09-01,299.58697509765625,299.8583301456801,291.2233836730713,291.7079483713626,2939200
2022-09-02,292.0277404785156,300.64331478672176,290.5062298427429,300.5366951766146,2525400
2022-09-06,297.3482971191406,303.17274484897763,292.8999966098044,293.5977709784542,2322200
2022-09-07,301.980712890625,302.7560045443237,295.4681624429217,299.23806025409147,2228100
2022-09-08,305.7603759765625,305.98328642238954,298.0945576130045,302.3199778710464,2212500
2022-09-09,307.8924865722656,310.28623787367644,305.48903451067264,306.6810745690312,2177000
2022-09-12,305.489013671875,310.55757179483436,305.1595131785306,309.0457320839663,2077400
2022-09-13,297.01885986328125,302.66887259703117,295.5748366022096,300.4398862766231,2272400
2022-09-14,300.05218505859375,302.18428189366756,296.4567227178657,297.72628005927754,2002900
2022-09-15,299.9164733886719,302.6397246074651,296.31131087626676,300.1490549780264,2348100
2022-09-16,299.35443115234375,302.3296362966368,297.2707790272731,298.46281898214977,4380200
2022-09-19,295.67169189453125,297.0575398702766,288.46136662672495,297.01879598773303,2515300
2022-09-20,292.41546630859375,294.4409434950684,289.71158661495184,294.4409434950684,1816800
2022-09-21,287.3275451660156,295.12902636360224,287.1724808859702,291.70800016922186,2241200
2022-09-22,301.2733154296875,302.95959147742195,290.7001078951531,291.5141732139038,5918300
2022-09-23,301.8450622558594,305.45022513668147,295.7007848468345,302.2424088952668,4572600
2022-09-26,298.00732421875,302.1067526917632,295.46820963553296,299.2671807511066,3760000
2022-09-27,301.49615478515625,304.2581794218201,298.80197630292713,299.60634067178586,3019600
2022-09-28,324.0574951171875,331.15152945861627,317.97136363791094,323.2337292079905,9436300
2022-09-29,319.82244873046875,324.3482671167545,317.16701368144004,323.66019342498356,3743100
2022-09-30,313.3680419921875,319.3378834946551,312.4667586200655,317.0507224059792,4474100
2022-10-03,311.6236877441406,319.1829182298511,307.26260347082535,315.92662659318466,3340500
2022-10-04,319.7061767578125,319.90968569192313,311.84652035162725,312.2341662750959,2622500
2022-10-05,321.53778076171875,323.5438859025912,317.40927967334096,318.1651994919398,2186100
2022-10-06,322.6717529296875,328.78695911249264,316.7794276547377,317.81640355590866,4299200
2022-10-07,316.5758972167969,322.78802186550115,314.8702195567936,322.6911029847301,2601600
2022-10-10,313.891357421875,316.91503662836925,310.35401120514564,316.15911682674573,1956200
2022-10-11,317.48687744140625,318.87272573487184,309.5690752329224,310.1214862283842,2598900
2022-10-12,314.5503234863281,323.35000506228056,313.88162186186196,317.2735746220023,1764700
2022-10-13,321.84796142578125,323.07874542930824,309.2492760248813,309.26864797062944,2657400
2022-10-14,321.1598205566406,324.93941947212295,318.0973679653698,321.32455599980534,2231400
2022-10-17,322.4875793457031,327.15876160095905,321.5087489728427,322.51665205106093,2230000
2022-10-18,324.6875305175781,324.97825760482203,320.1713824509392,323.82502044175976,2087100
2022-10-19,319.1247253417969,325.2690040550738,315.9072076583549,324.90073003913284,2419000
2022-10-20,318.9114074707031,321.20823933534734,315.8392543682062,320.9271835381581,1761200
2022-10-21,330.25030517578125,331.85906396815994,316.682489870674,318.9115058446643,3274700
2022-10-24,337.1601867675781,340.9107136413693,333.5937968864708,333.5937968864708,3375900
2022-10-25,340.46490478515625,341.45340629332577,332.45988512183476,335.822765892155,2513100
2022-10-26,346.81268310546875,350.32095688486396,339.621758478509,341.6181629655453,2373500
2022-10-27,345.3298645019531,349.9720025877569,344.3510639237787,347.90775224316525,2347600
2022-10-28,348.7897033691406,350.8248812472744,346.0180071776189,349.1967507749615,2942100
2022-10-31,350.912109375,352.68563298428,339.64112816385125,347.5783014124001,4258200
2022-11-01,341.6956787109375,347.90780258432454,330.23088931591303,335.1540543444447,7013000
2022-11-02,344.0022277832031,351.93940141746094,339.3988622735524,343.22693594861494,3774400
2022-11-03,350.5147705078125,351.6292635814533,340.65873949141815,343.1300080275558,2602500
2022-11-04,346.3765869140625,354.5851151699159,342.4322226510776,353.9261141913469,3004600
2022-11-07,353.8001403808594,355.67055335898993,346.46382241373,346.9483872003226,2560300
2022-11-08,355.34100341796875,357.3664803950822,350.7570105273541,353.87760850189113,3278600
2022-11-09,352.0556640625,358.38407853685436,350.73766213407316,357.0660766084275,2323700
2022-11-10,357.33740234375,357.60875739940775,351.79398085632795,355.90308014928314,2994000
2022-11-11,341.4243469238281,356.47492845852076,333.8845198039629,354.8564985855991,6646300
2022-11-14,346.03082275390625,350.6373012459934,330.53980383204214,348.956049296731,4717400
2022-11-15,340.09295654296875,346.93463923421103,336.6040501141765,346.88605944935955,4180700
2022-11-16,342.9889831542969,346.8277350270551,340.1026382139512,340.14151983474005,3563800
2022-11-17,350.6081237792969,352.09502684144036,342.77515344434704,342.96953187596745,2929700
2022-11-18,351.4827880859375,354.3982865378668,349.22812883186265,352.3379760524636,2420900
2022-11-21,350.9969177246094,353.5139614926949,345.36026884994976,350.2388892139813,1999200
2022-11-22,350.7150573730469,352.5809599095683,347.2358790254719,351.80350546234877,2460400
2022-11-23,351.5314636230469,352.2603384345794,348.5285029584919,351.1621623065917,1993000
2022-11-25,354.96197509765625,355.5256251434373,351.366181419646,352.6781617971896,1039100
2022-11-28,355.4673156738281,359.1019909539028,350.8316833327062,353.2126858445579,2481300
2022-11-29,353.6986389160156,355.7977721367648,350.481873997695,354.3497504298805,2207000
2022-11-30,360.6278076171875,361.8620546144895,351.60919778758876,354.7871109521146,5556400
2022-12-01,359.89886474609375,364.621988061441,358.11069576935716,364.2332608331046,2516100
2022-12-02,364.2041015625,364.4762135840473,354.7190031120176,355.76856957856126,1925600
2022-12-05,358.8881530761719,364.6802684222944,357.9065924301032,363.2322470002598,2296500
2022-12-06,358.1593322753906,360.20018745086804,355.2243777149842,356.6627011923087,1971000
2022-12-07,361.49267578125,364.6705586063388,358.3731005560354,358.9173245935188,1629100
2022-12-08,361.31768798828125,362.7462832441977,356.1766846988976,362.7462832441977,2090900
2022-12-09,350.8219299316406,363.4654847610771,350.6470071371051,362.4936519141223,2787200
2022-12-12,356.9056701660156,357.4693202579469,352.2894634041679,352.7073444773229,2639200
2022-12-13,348.5576171875,362.2410123794668,348.227197536082,351.4439622997571,5032600
2022-12-14,353.2612609863281,359.0242229953685,347.00265470515563,348.89774073320126,5095500
2022-12-15,349.86956787109375,353.7180178074258,346.6430755615897,350.50125331736757,3437100
2022-12-16,349.7334899902344,350.32632346276245,345.1658932985253,347.8481318508273,6612200
2022-12-19,347.7023620605469,349.56829421519205,344.6216388218316,347.7315158602451,2658400
2022-12-20,349.5100402832031,351.26905567039523,346.3029735340205,348.40213640857917,2276000
2022-12-21,357.64422607421875,360.2390032438462,351.03574472471706,352.4157604577144,2211200
2022-12-22,355.02020263671875,359.3448700316282,352.0852785482465,356.9735958618234,1958100
2022-12-23,357.537353515625,357.537353515625,352.26030746203276,354.54412093562837,1030300
2022-12-27,354.6024169921875,359.31581280373894,354.06789106667804,359.0922805449271,1372100
2022-12-28,354.9328308105469,357.64425304242053,353.6888858221798,355.8560839752672,996000
2022-12-29,356.68218994140625,360.5015167385517,356.1379657532419,357.7317863457189,1077900
2022-12-30,355.535400390625,357.585983553688,351.9104524276889,357.13891899575543,1388000
2023-01-03,354.7093200683594,358.60637992065546,351.2787507367388,355.9435669695249,2006700
2023-01-04,352.8725280761719,356.7792856147229,350.1902598108462,354.36915903009856,1886200
2023-01-05,348.8103332519531,351.307921663959,343.01818688870844,350.78315316785944,2008500
2023-01-06,352.717041015625,356.37114227147987,347.5080011620881,349.85984986905544,2131300
2023-01-09,339.9762268066406,354.68978839810745,338.9655421333154,353.74710947500046,2980600
2023-01-10,342.81402587890625,343.2610606700763,333.66907552045706,339.16965281853516,2465200
2023-01-11,350.25830078125,351.5702811343398,341.11334958803684,344.35926793114123,2602800
2023-01-12,349.0046081542969,350.345742231835,343.1347294392975,349.1309511700048,2019700
2023-01-13,351.4342346191406,353.07663471459887,348.538191343448,349.44198888956726,1690900
2023-01-17,347.66351318359375,351.80353107855507,346.50702959000586,351.43422980894036,2435200
2023-01-18,342.0949401855469,348.8880432928085,341.67702945991545,346.2835379984008,2302300
2023-01-19,341.1910705566406,345.77812288407046,340.5496869622075,342.4447432617309,2658300
2023-01-20,336.3222351074219,339.23773394860575,331.95868500768483,337.2260326302718,5391900
2023-01-23,332.57098388671875,336.8470434284854,330.63704558364054,336.8470434284854,3403100
2023-01-24,336.6331787109375,336.8664090929947,331.7448312424496,336.2541496821111,2242500
2023-01-25,339.87921142578125,339.92779121911155,335.3796192860339,335.81692639998744,2503300
2023-01-26,338.20751953125,342.26004542693175,336.96357481701443,341.1132899177733,2576200
2023-01-27,332.4640197753906,338.2852889838251,331.91006793987435,336.36104928791906,2363600
2023-01-30,330.90911865234375,338.0034873065116,329.8984040826198,334.63122579207567,2647700
2023-01-31,334.456298828125,334.69925706200536,329.82066640256295,331.0840373555459,2406700
2023-02-01,332.9207458496094,336.1958174085207,328.0129727621941,333.1345502367955,2990900
2023-02-02,321.38519287109375,325.85560105469955,308.071068580295,324.59222998680923,13036600
2023-02-03,329.5291748046875,332.68763257431755,320.09268312643115,323.5718624473005,5670700
2023-02-06,328.1491394042969,333.74690706126114,325.1947587344557,332.34746514702005,3055700
2023-02-07,330.1121520996094,331.3560968736011,323.3190504475282,326.58439435751274,2464100
2023-02-08,331.13262939453125,333.2123363450953,328.3045921418319,329.02373898576724,2399400
2023-02-09,332.16278076171875,337.5661694036314,330.9091079954731,331.2881370686585,3072800
2023-02-10,335.39892578125,338.61568992472985,333.0762608488624,333.6010291986506,1980000
2023-02-13,340.5302429199219,340.9286979686894,336.25418408283576,336.7109467330827,2291600
2023-02-14,338.863037109375,344.96640325166646,338.5900447126494,341.768479566907,2028900
2023-02-15,326.6270751953125,338.1902888734657,325.983586763657,337.19582298123737,3600700
2023-02-16,317.9107971191406,324.6088851825976,317.569549175859,322.71742718674676,3654200
2023-02-17,320.18243408203125,323.2926130266113,312.48012189561,315.0638049402155,3695600
2023-02-21,319.31475830078125,323.41940354471944,318.1642627142601,318.9637510740973,2515600
2023-02-22,320.8356628417969,324.2773301860668,318.16420584302205,320.48465567785473,2379800
2023-02-23,319.3244934082031,324.50161949905055,317.5402983827565,319.802252426357,2229500
2023-02-24,313.5916748046875,319.04179367645554,312.08044232164707,317.84256103230706,2594600
2023-02-27,308.6972351074219,315.3075784511074,307.9952504269447,314.5276086967723,3043500
2023-02-28,303.432373046875,307.59551453591996,301.8919223267274,307.59551453591996,3966900
2023-03-01,306.30859375,308.98002170209253,301.4629559749628,302.24292581743094,3580800
2023-03-02,307.16650390625,308.3852252036942,302.7596184061096,303.9880989951934,2885200
2023-03-03,310.4619445800781,312.1486656406385,307.35176531319433,308.4534941747094,3002800
2023-03-06,310.9786376953125,312.2266069933474,308.5802027444198,309.00919498005067,2673700
2023-03-07,302.85711669921875,312.3338945305348,301.85289155806004,311.0176696018086,2620800
2023-03-08,304.7193603515625,305.197089623704,301.5799328047597,302.73039867649754,2313200
2023-03-09,308.9215087890625,310.7934482115945,304.49510429925385,304.49510429925385,3920300
2023-03-10,307.1372985839844,318.3592953758639,306.4743212467358,310.87147782190584,4597300
2023-03-13,316.37030029296875,323.4973803026873,309.30171652720355,309.30171652720355,5275600
2023-03-14,318.8857727050781,319.0905095684851,313.3966467773395,315.94132277007554,4214300
2023-03-15,321.2257385253906,323.06842995704505,316.3801006625279,317.842566459119,4743500
2023-03-16,321.28424072265625,323.399954372613,316.9066025451091,319.44154925690077,3498200
2023-03-17,320.9429626464844,326.56859969639885,319.89000044394027,323.2049167158791,8679800
2023-03-20,325.25244140625,325.58393012610867,320.7772990572375,320.9430285401935,3540900
2023-03-21,322.79547119140625,326.07141038941967,319.8705392932263,326.0226734260284,3240400
2023-03-22,322.6882019042969,327.20235105658395,322.3762020624155,323.4681717550579,2472200
2023-03-23,324.31646728515625,326.9488881746981,321.94724980443846,322.6102569894741,2703400
2023-03-24,327.71905517578125,328.49902494895065,320.54320829607633,324.6576128205151,2791900
2023-03-27,326.22735595703125,327.8068141581763,315.171118795075,319.59749357375676,3102300
2023-03-28,329.2010498046875,330.35151577433334,326.34437371340067,327.39733601102125,2433200
2023-03-29,327.465576171875,331.2679811706706,326.2078472959089,330.5172594638385,2743800
2023-03-30,332.1649475097656,332.7694285455492,327.6605581100212,327.6605581100212,2146900
2023-03-31,334.82666015625,335.0508858543511,332.1649618713466,333.44217953545075,2933600
2023-04-03,341.9634704589844,342.74347001855136,333.73466106768296,334.65114195396114,3039600
2023-04-04,345.7463684082031,350.01677279231626,342.48018922940895,343.26018874816214,3585900
2023-04-05,353.1757507324219,355.7204568357178,348.9736011507968,349.1198417880105,3442700
2023-04-06,359.0743408203125,360.2540548338611,355.13542482607284,355.72041706346545,3531700
2023-04-10,357.8166809082031,359.1329062574287,353.9557790038955,358.9671470192223,1868000
2023-04-11,354.9306640625,359.5715347244523,354.49191247550755,358.55757998543635,2027000
2023-04-12,359.8153076171875,363.12049445881013,354.2384370932069,354.91117371134357,2672600
2023-04-13,365.7627258300781,366.1624700910225,361.0438392984074,363.2960344668424,2839900
2023-04-14,365.35321044921875,366.8936613064226,363.18875991308414,364.87545139693043,2287900
2023-04-17,363.0327453613281,366.49390231944665,361.8725201801574,365.61642884101644,2059700
2023-04-18,360.65380859375,364.89496523484485,360.41006430120365,363.6664844791498,1925300
2023-04-19,361.19976806640625,361.98949713848873,358.157844269653,361.27775314281075,2173000
2023-04-20,365.4311828613281,366.64990429766135,360.50756016011843,362.09677767372756,2766500
2023-04-21,375.6002502441406,376.60447568558476,368.54142402482216,368.5511833192073,3682500
2023-04-24,373.7574462890625,377.3648434080099,372.0804846257556,375.60013738344094,2059700
2023-04-25,375.2101745605469,380.70905955405533,374.39119738673605,375.4149114155148,2648600
2023-04-26,366.8546142578125,371.95375508481004,361.4044959647882,371.58325903471126,3161200
2023-04-27,380.58233642578125,388.5576423712589,371.2420386672492,381.4695692026901,4981300
2023-04-28,385.9544372558594,394.1930060095906,382.68828763241834,388.0409026222021,5350100
2023-05-01,395.65545654296875,397.1569296155565,382.4445286736902,387.31941419799074,4091100
2023-05-02,394.0857849121094,401.24211378571675,389.26939530103687,396.8157090927431,3884600
2023-05-03,420.400390625,423.33508130448945,403.942771927195,404.64475665021786,10129800
2023-05-04,417.71923828125,421.8726507175944,414.5798104745275,420.65392920495276,4070700
2023-05-05,417.10498046875,420.4783931438354,413.93630466813886,417.38773217898523,2753400
2023-05-08,421.89215087890625,424.1150977874967,412.4153709519796,415.5353100096951,2478600
2023-05-09,417.6606750488281,424.70001056710737,417.338915958883,420.9658317890146,2601600
2023-05-10,425.0120849609375,427.4202798965461,415.39879405158104,415.39879405158104,2766300
2023-05-11,424.6512145996094,425.918702534514,420.33207369004265,425.7724619373156,2595900
2023-05-12,424.6611022949219,435.52129073735387,424.65134744708195,430.2622643294044,3939200
2023-05-15,424.7392272949219,426.1957122701858,420.98558056477924,425.57987424320424,2234800
2023-05-16,426.8310852050781,428.61995086709624,420.97579133620377,424.43619603100484,2128800
2023-05-17,427.6327209472656,429.0794512907162,422.9993177069675,428.9328004387377,2274200
2023-05-18,428.043212890625,429.63653413770675,423.8398887873962,426.6942400799112,2268100
2023-05-19,432.43231201171875,437.4469597074112,429.1283124865307,429.1283124865307,3442800
2023-05-22,424.23095703125,444.7196558052792,422.6669597287262,434.31890072174497,4398000
2023-05-23,413.69329833984375,426.08818674938016,412.0315440182853,423.18497173585547,4492100
2023-05-24,416.1957702636719,419.3140396520797,410.8096930002411,414.46558269782224,3133000
2023-05-25,417.701171875,418.57117296030646,410.36003804284786,416.7920917394347,2882200
2023-05-26,416.2153015136719,421.9630831808959,414.1429785629218,415.34530055588306,2338400
2023-05-30,417.6327819824219,419.08929711694464,412.5692701359575,414.2603789216402,2595700
2023-05-31,419.80279541015625,420.8780658577234,414.47536656069633,417.39812137747646,3950900
2023-06-01,426.67474365234375,426.9680155225071,418.5027473027826,420.5946101195318,2914400
2023-06-02,432.3834228515625,434.70015431294735,426.9582362452817,430.0667212215146,2499000
2023-06-05,434.27001953125,437.7303947468491,431.7773429968249,433.03834336526734,2113800
2023-06-06,433.1067810058594,438.77634563754475,430.12534784483915,437.7597235560142,1495300
2023-06-07,426.5574645996094,436.6454087940446,425.8829780508843,430.3013571621083,2458300
2023-06-08,435.6385192871094,437.40781572354007,422.6180368118285,426.0784417575295,2040300
2023-06-09,436.0100402832031,439.19671335295794,432.6473921477931,439.19671335295794,2082000
2023-06-12,435.29638671875,436.9386016824626,428.8154696379782,436.1174942006063,2566600
2023-06-13,435.6971435546875,437.33935841609383,432.3051718777355,433.6932536164476,1766300
2023-06-14,437.6522216796875,438.68838331023505,433.5662235644085,434.29935848213574,2163300
2023-06-15,443.7225646972656,446.31296874007586,437.62289180682416,437.92591851571876,2287100
2023-06-16,437.6424255371094,446.70399197489945,437.437156118297,445.5505037294095,4295700
2023-06-20,441.787109375,444.6512159349316,435.1008927339865,435.8340276451091,2506300
2023-06-21,442.8135070800781,445.10088453026776,440.08623673005553,444.2797769710718,2347500
2023-06-22,447.3882141113281,451.8652410716831,443.6150276479321,444.76848601257643,2912500
2023-06-23,448.52215576171875,449.6658593382726,442.1487803992943,446.72353504283825,4832100
2023-06-26,442.57891845703125,454.79783435372605,438.82527107332714,454.79783435372605,3214700
2023-06-27,454.0549011230469,457.45665794609175,441.5427435520832,452.09987463812524,4138700
2023-06-28,448.38531494140625,457.9942565323774,447.0363419579015,457.9747170077379,2854700
2023-06-29,454.04510498046875,455.35496911253324,447.22208181242144,448.7372153674456,2112400
2023-06-30,458.4342041015625,459.3041754375166,453.5661770653293,454.20155475227807,3173200
2023-07-03,451.0441589355469,455.77531929692316,447.08521253228196,455.77531929692316,2113200
2023-07-05,455.2279052734375,456.74303878792597,449.65606814862696,451.7088518173116,2130200
2023-07-06,452.7938232421875,457.0851199616539,451.23958103227096,452.7058506451732,2191700
2023-07-07,441.9141845703125,453.1849113443127,441.09307700588454,451.9336955559457,2914700
2023-07-10,442.9698791503906,444.44593360795386,439.59744672461215,442.77436458056707,2011400
2023-07-11,429.5095520019531,440.4283580641467,427.76954981628023,439.880953042423,3570900
2023-07-12,430.6922912597656,434.3090719437753,425.22799644009154,428.6101835188105,3107800
2023-07-13,424.925048828125,432.2954777249756,424.57312852336867,430.3306962523838,2865100
2023-07-14,439.3531188964844,440.3208773475418,430.95628324011466,431.1811220381055,2955000
2023-07-17,437.08526611328125,440.4869929536951,433.29251012820504,439.34331921643025,2347900
2023-07-18,441.0539245605469,443.1262475684986,435.03244025873784,436.8994938675747,2237000
2023-07-19,443.36090087890625,444.76852232507935,438.4733346995098,441.2494687096466,2212800
2023-07-20,453.3901672363281,454.7586797127923,444.768493887602,444.915114897342,2624200
2023-07-21,451.65020751953125,456.53777352211495,451.5817744359745,454.944422232259,2226700
2023-07-24,448.99139404296875,455.169284954783,447.37850314352664,451.6111223986609,2190700
2023-07-25,447.2514343261719,450.5554339844202,446.33256945678903,447.4664884409495,1737800
2023-07-26,443.3902282714844,444.768525523747,436.51831136708523,444.768525523747,1959800
2023-07-27,444.7587585449219,448.3657849413096,442.08038169878927,443.1263280698476,1883500
2023-07-28,448.1702575683594,449.23574336445785,441.62090727045535,444.8955824194074,1437600
2023-07-31,444.32861328125,448.6980984800157,440.6629387799813,448.6980984800157,2110200
2023-08-01,442.9014587402344,447.0852141046838,441.29835258088593,445.1106481508433,1738200
2023-08-02,444.26019287109375,451.25919069496535,441.1712476975638,444.9933277430328,2366600
2023-08-03,439.0598449707031,443.88876270245726,438.1800890319658,440.6434116266975,2414100
2023-08-04,439.38238525390625,442.2953852398969,436.84087487687765,439.13800696139697,1870400
2023-08-07,443.8691711425781,444.76849639294016,440.4478750164786,443.05784832989036,2446400
2023-08-08,509.8709411621094,525.9021840196006,491.40572943252846,494.62175671731944,15094500
2023-08-09,514.396728515625,520.5551091228824,505.2667890580957,508.66851574578595,5376600
2023-08-10,509.6167297363281,516.8502912184053,508.29705119175935,511.698777847446,4108500
2023-08-11,516.4006958007812,519.8512863312097,508.3068579628299,511.94317838555924,2524300
2023-08-14,527.0294189453125,531.2417239044208,518.4578438230607,520.4464779508934,3981100
2023-08-15,535.4738159179688,536.1301371442427,522.8956710358281,526.7650783857002,2826800
2023-08-16,535.101318359375,541.5961272656212,531.4375922667348,536.2376976614953,2597100
2023-08-17,526.6964111328125,537.6092668936443,526.4319574294509,532.1332874959327,2549900
2023-08-18,535.2874145507812,536.6001161237311,523.012952304712,524.1199145876359,2958600
2023-08-21,538.8336791992188,542.2133407064499,534.6213743279947,535.8360793820576,2305400
2023-08-22,542.3701782226562,544.7604260700724,536.1203291283629,538.324448913418,1936600
2023-08-23,542.0762939453125,546.0339516371728,537.0313446604126,545.3677650586934,2121300
2023-08-24,536.8255615234375,545.6224284168795,536.1398234830857,541.4297343194348,1776700
2023-08-25,542.3603515625,544.7603449162352,535.9243155740565,538.4223056668743,1847600
2023-08-28,542.624755859375,544.8876492373721,538.9022552960352,538.9120609481078,1373700
2023-08-29,542.6052856445312,545.0052791394523,538.6476282101562,542.1644497691439,1701200
2023-08-30,536.8157348632812,546.3767248594049,535.8850946871196,543.6926067233143,2191100
2023-08-31,542.8991088867188,546.0436142893619,531.9274803901712,535.8655261735545,3043400
2023-09-01,545.749755859375,547.8069698806503,542.2231886665696,544.9758865572747,2030800
2023-09-05,546.8077392578125,550.4714659386206,545.3579376298304,547.8265107003722,2257200
2023-09-06,548.5317993164062,550.1383716289363,541.4296375906314,549.5799876011463,2424300
2023-09-07,561.5409545898438,564.5581654750274,551.1473228791843,552.6853153806127,3707100
2023-09-08,574.501220703125,575.5689604821946,559.5719369840514,560.6593478565981,4308300
2023-09-11,583.4157104492188,585.9626689585856,572.5616301403331,575.1772282188994,3876500
2023-09-12,587.0795288085938,588.8722296140346,575.8629963402522,578.9193709449456,3212100
2023-09-13,586.66796875,588.4998319413374,579.6343865893054,582.5339896093164,3126600
2023-09-14,579.5462646484375,589.5677018918677,577.978914709596,587.0206835030408,3244800
2023-09-15,563.9215087890625,581.9463324929828,563.3337674948219,579.9283409953314,5941200
2023-09-18,559.630859375,566.2138008165086,552.9008929289076,566.2138008165086,2723600
2023-09-19,563.2357788085938,566.6153806259094,558.9940568546303,559.9638597963341,2185100
2023-09-20,558.0243530273438,563.5199438668155,557.5835171235703,561.7272430797768,1869900
2023-09-21,538.9122314453125,556.4178371367741,531.4378109977112,555.6243563451565,4049900
2023-09-22,539.3137817382812,544.1628570272189,536.4631465728618,537.619077727361,2353800
2023-09-25,541.0280151367188,541.3904655374615,534.621396382184,538.8826698993298,1686500
2023-09-26,538.7944946289062,542.8304769703632,536.8254719263366,539.4704269030636,1864300
2023-09-27,538.549560546875,540.4401977138887,532.5837186732007,538.6769144308679,2004200
2023-09-28,533.3479614257812,540.4305130975584,530.3601668894945,540.0778683200871,2178800
2023-09-29,526.1771850585938,534.9544998553421,521.3477217165338,534.3666988065288,2967700
2023-10-02,527.3134155273438,529.6155312788288,516.0675295583201,525.079939333366,2810100
2023-10-03,514.4805908203125,526.3828580187927,506.0363703284085,525.0701563201469,3266100
2023-10-04,520.6227416992188,525.2366593509657,512.9523905978599,514.8430277799288,2220400
2023-10-05,530.4384155273438,531.4376353756838,520.7696839766568,522.6603212926192,2950700
2023-10-06,553.6942749023438,554.8110429163249,531.6433382999069,532.9070117111658,4745200
2023-10-09,560.10107421875,567.9673009091665,552.0878823085906,552.5189125238578,4208100
2023-10-10,567.4970703125,574.0016859340166,558.1124029410723,558.3769164028756,3526700
2023-10-11,592.9375610351562,596.3759372228196,573.0808742765396,584.0426976218306,5850600
2023-10-12,598.051025390625,600.500046788621,589.9202863073906,593.1138197768672,4063500
2023-10-13,596.7776489257812,617.1240815443225,590.2730326235402,605.2904511618707,3963800
2023-10-16,604.0657958984375,609.2968717720273,596.0231886406458,598.5309839928688,2941500
2023-10-17,595.9057006835938,607.749194878176,590.2435941084069,606.3777189320558,2911700
2023-10-18,594.8575439453125,603.3213769867388,590.9391093658263,594.8575439453125,2049100
2023-10-19,578.7528686523438,592.6633256082054,566.5469812371915,592.6633256082054,3493700
2023-10-20,572.7184448242188,584.7480085713589,569.0351065450427,577.9691331074582,3666900
2023-10-23,564.8912963867188,576.3429227706763,564.3916864578601,574.1093865688525,2781900
2023-10-24,580.3495483398438,582.39695673676,567.3011538796324,568.1730199323682,2633000
2023-10-25,574.501220703125,587.4712276375458,573.9232253820215,584.7674986192052,2283300
2023-10-26,556.515625,569.1525999301657,554.6151819132577,568.172991324434,2846500
2023-10-27,548.80615234375,559.1704289323575,545.289390660909,551.529493176999,2717400
2023-10-30,554.1744384765625,561.5215034517965,551.0788416176125,559.5622861250675,2290900
2023-10-31,542.6345825195312,557.9948381331174,536.4434490166644,557.3678742818125,3661400
2023-11-01,543.1539306640625,547.0429490000497,540.0191704657741,543.6828979049837,2935900
2023-11-02,568.45703125,585.2573420143254,560.3262921387691,566.5370367333194,5181300
2023-11-03,556.2315063476562,571.1117620242676,555.6143482023613,566.6349439532584,3056500
2023-11-06,583.0531616210938,585.5217940729416,559.3662362363264,559.4543675150035,3978500
2023-11-07,587.6965942382812,589.665617137728,578.0964416874535,584.8263481467004,3168200
2023-11-08,606.5050659179688,613.1076181915575,580.1046026853568,595.2689243957626,7776400
2023-11-09,579.2622680664062,603.0961663059256,571.5331404811373,602.2243001463496,6279800
2023-11-10,585.5219116210938,586.6484257017665,574.0506727284851,582.8671506372843,3645900
2023-11-13,600.2160034179688,606.1328178037246,566.3607327860815,582.2303441834008,5744800
2023-11-14,599.4701538085938,604.5931304674407,591.4715677595802,596.9184293489074,3827600
2023-11-15,577.6041259765625,601.5212943172698,573.5606858237506,599.5290455536426,4287000
2023-11-16,577.8102416992188,584.032462420642,570.9403110123491,580.509143040489,3030500
2023-11-17,580.7152709960938,585.1021837604845,576.2988869186863,581.4415112379894,2628200
2023-11-20,586.4957275390625,593.6208361123286,579.7141514141578,580.4502153593127,2827200
2023-11-21,581.588623046875,590.3821550351179,580.7740887591241,587.3201338760317,1851600
2023-11-22,584.0324096679688,588.046378119295,575.8473523467544,584.3366470320083,2052200
2023-11-24,589.9307861328125,592.286215091108,585.887345678541,587.241708344404,1341700
2023-11-27,580.5386352539062,592.4726603488646,580.15586758275,589.9994660442169,2630700
2023-11-28,580.607177734375,584.3169685260973,578.4088098138136,580.9997691063467,1793900
2023-11-29,580.862548828125,583.4927441699681,573.5804377002805,581.1962575951069,1908600
2023-11-30,580.0575561523438,585.1511204534164,575.3173480284263,580.4697950421863,5658400
2023-12-01,573.187744140625,590.7845738799203,572.1670902780892,580.7054447718815,3638600
2023-12-04,574.79736328125,576.1811973523405,563.6582837127339,571.3133384748764,2577100
2023-12-05,577.221435546875,580.8035778809924,568.6045505608805,572.4419312436154,2157300
2023-12-06,578.3009033203125,582.8645237176206,573.541047126118,579.7632074331297,2093100
2023-12-07,577.339111328125,577.9279384994974,566.8771560088105,577.3489350978203,2095000
2023-12-08,586.9373779296875,587.1827325780906,573.9041701550542,578.0555516377028,2446800
2023-12-11,573.187744140625,590.0190984582791,556.8667467047601,587.5360804460813,5614100
2023-12-12,573.8943481445312,574.9640608702678,567.4267732363394,571.1856232336901,2846100
2023-12-13,586.3976440429688,587.5458870924854,571.4898923364457,572.4222520352158,3112500
2023-12-14,563.0103149414062,583.4532783722199,558.1228701462476,583.4532783722199,5275900
2023-12-15,561.4107055664062,563.0497178482017,551.2138112707498,561.4695882896358,5317000
2023-12-18,568.9872436523438,572.216089205544,565.002686626699,565.7583381981073,3033900
2023-12-19,569.036376953125,574.2378841094447,566.523947464353,569.4682035793692,2192700
2023-12-20,559.61474609375,569.0854000598417,559.4380979261019,565.7682002538,2647100
2023-12-21,561.3714599609375,564.3157158698235,556.4840143205195,560.7923966090658,1786500
2023-12-22,559.7913818359375,565.1990080240114,556.8765373818427,562.3725176022996,2226100
2023-12-26,560.066162109375,562.1271772072206,557.0924947596395,558.9179190655002,1678700
2023-12-27,570.7047119140625,572.8343734001963,559.8992840694161,559.8992840694161,2163400
2023-12-28,570.0569458007812,575.7884565394444,569.2227639863876,571.1659535640789,1973500
2023-12-29,572.0885009765625,575.2781113565183,568.70259490071,572.0197944879468,2000100
2024-01-02,581.196044921875,581.7063418067518,568.2903677477121,569.6250825251301,3226700
2024-01-03,606.2222900390625,608.3225402499337,587.6734542682013,588.8511685855802,5130300
2024-01-04,603.0818481445312,624.5847075372097,601.8747221977852,613.6419239386831,6272500
2024-01-05,607.0565185546875,608.420704909668,598.8518726847625,602.5910754966069,2404000
2024-01-08,614.3975219726562,614.4269333824548,598.2629976071573,610.8643790314221,2453900
2024-01-09,613.857666015625,622.6315503991714,612.1303597538297,618.4016387721539,2918900
2024-01-10,618.4801635742188,625.2126805070712,614.1324865496146,616.8117400451092,2679100
2024-01-11,623.9074096679688,627.8723791869442,616.4682997368359,622.602166046104,2690300
2024-01-12,630.9736328125,632.0335816782884,621.2478007925098,626.341365748971,2067800
2024-01-16,622.77880859375,635.6942510216641,621.8955078927626,631.9452247791098,2413600
2024-01-17,617.2238159179688,628.6181289990054,613.5729682441663,627.5680041291257,2124100
2024-01-18,611.767333984375,612.287514657484,601.3152605769437,609.7358499507704,3385000
2024-01-19,616.9000854492188,617.8913277632893,608.4794975654588,610.8251022629674,3125000
2024-01-22,619.157470703125,620.8847773009932,613.3867236152687,618.2938174041909,2030200
2024-01-23,617.9796752929688,618.2937364424611,603.3958088382103,616.0266618048803,2525000
2024-01-24,621.9249267578125,631.2189313695964,620.2565032972178,621.7482786127189,2276900
2024-01-25,615.9578857421875,620.855154564966,613.072512901975,615.7125311125811,2407900
2024-01-26,627.371826171875,627.715298713862,618.7844136118376,625.5071069127094,2410300
2024-01-29,633.0150146484375,633.6529607166385,627.8822143956672,629.5800494526708,2718500
2024-01-30,632.9954223632812,634.7816116091254,629.0893950537467,633.7020749852077,2006100
2024-01-31,633.6135864257812,651.2202367956587,625.1635874767932,638.2949718614024,4719000
2024-02-01,648.1583251953125,648.2466792320921,631.2190293628862,635.3017645756481,2494300
2024-02-02,655.2440795898438,660.1217007384622,647.4810257801144,650.0719849730497,3019200
2024-02-05,693.077880859375,698.6523317500288,669.8477175745019,678.1799525482282,7602400
2024-02-06,691.9295654296875,728.212581329128,678.2583519918234,728.212581329128,8187300
2024-02-07,711.9014282226562,727.22135817869,693.8825971190391,697.1801492358375,5798000
2024-02-08,722.0100708007812,727.2312252470904,712.2645907194006,714.7868438574379,4636900
2024-02-09,726.4067993164062,731.8438969567736,719.9785191595666,721.8334147784149,2833900
2024-02-12,723.5607299804688,727.0349304682911,712.9515966747443,727.0349304682911,2932300
2024-02-13,729.16455078125,729.1743745514469,716.6122284121718,716.6122284121718,2860300
2024-02-14,744.5408935546875,751.1672399225276,732.4384564926146,733.2446375649146,3394300
2024-02-15,745.0030517578125,750.1251672107335,737.3640430228235,743.0563958603404,2507000
2024-02-16,768.87353515625,781.0742613826479,750.6264812474503,758.0295452877955,5009400
2024-02-20,742.918701171875,780.0027310041737,740.5002179260098,776.6797167825201,4701100
2024-02-21,733.3331298828125,736.8626250297746,720.8767764922053,725.6351952966553,3541800
2024-02-22,756.6630249023438,762.0506067834446,743.5184628268885,750.7052056669693,3167400
2024-02-23,756.5647583007812,764.5380611304855,749.4075376421699,760.9495798072721,2394800
2024-02-26,758.9046630859375,767.0647050321161,756.1518858036903,758.2951216879416,2243800
2024-02-27,752.1012573242188,759.9172235682071,732.8710628705234,742.1715784521566,2716700
2024-02-28,744.8654174804688,750.1350279146977,738.986205684317,749.3976736932875,2716300
2024-02-29,740.97216796875,743.7053230944537,731.4849129597623,740.3823085921437,3905400
2024-03-01,768.9324951171875,770.8594687214019,751.2458381279628,756.0534011467541,4247500
2024-03-04,778.92138671875,787.2780681221487,772.9045209027445,783.0112185088138,3855600
2024-03-05,764.4789428710938,775.2344839821784,756.30906166191,772.0687457727425,3168700
2024-03-06,766.6223754882812,774.5660960075813,760.9496438252716,771.0661233018569,2518600
2024-03-07,767.0056762695312,779.6193661194233,748.2867317892633,758.8260128035278,3977400
2024-03-08,749.2894897460938,766.8483359603528,742.2698636539311,766.8483359603528,4054900
2024-03-11,721.9877319335938,744.0395309544541,715.351544149568,739.526956864698,3968900
2024-03-12,742.2206420898438,743.2234028523246,725.56626857403,728.466540007995,2701700
2024-03-13,745.0620727539062,747.9426627713397,733.1365920980437,744.2362096061105,2357500
2024-03-14,747.9033203125,755.0507601213113,736.7643985270406,752.0521981402674,2647500
2024-03-15,741.453857421875,748.0605821222131,735.1028184459913,742.6434771091094,3730100
2024-03-18,749.8007202148438,756.7023747998497,745.4651038768521,749.4271826218857,2521400
2024-03-19,759.7501220703125,760.8020279075577,742.2698833004192,745.6518835795395,2557100
2024-03-20,759.8287963867188,760.1237260867711,743.88231054145,757.1251641251611,2038000
2024-03-21,757.2725219726562,767.3791579042287,746.0843973284977,760.9494515821787,3013200
2024-03-22,757.6167602539062,763.8990331130045,754.3429504592028,757.0170598417162,1981000
2024-03-25,760.10400390625,765.3637728829223,755.1981505229838,758.0983621982128,1806600
2024-03-26,761.8343505859375,765.2065097811113,756.033807127022,761.1461413610776,2099000
2024-03-27,765.0590209960938,772.0196612006387,754.4411328912515,765.5801134153065,2297700
2024-03-28,764.8427734375,780.2878474190196,763.3483830817945,767.162966880068,3209400
2024-04-01,747.726318359375,764.390535606276,741.1098124106579,762.9158271774536,2921300
2024-04-02,751.0789184570312,752.1701883839602,740.7952625531879,742.3387980381979,2596800
2024-04-03,762.9060668945312,773.976222272299,752.5044388744949,752.7797466132322,3044900
2024-04-04,755.12939453125,774.6152160567846,754.8737687988784,768.3624066224365,2354000
2024-04-05,770.9874267578125,773.4452741620653,750.223536687168,752.5633522104597,2113400
2024-04-08,764.1840209960938,771.9606833698848,760.3104512942825,771.7837255669842,1664200
2024-04-09,744.4721069335938,764.7051227293698,737.9932550476152,764.5281649243151,2464100
2024-04-10,749.1321411132812,752.3568654276532,734.2376231538383,738.6126031507966,1700300
2024-04-11,746.782470703125,750.4594004269055,738.012828895376,746.9692694861743,1594800
2024-04-12,738.9664916992188,750.6265039338621,737.1476488425832,746.7627754954765,2495000
2024-04-15,738.1112060546875,755.0506699827065,736.8822824381792,747.2543857603022,2358600
2024-04-16,734.149169921875,740.4412832042893,730.472239849842,739.0058787351155,2569800
2024-04-17,738.1112060546875,758.8161087453781,732.3205035722517,746.3990597236952,3069400
2024-04-18,733.3724975585938,739.5171158771589,731.2292618898028,736.7839608461627,1717300
2024-04-19,714.0635375976562,737.3639390991448,709.8950386973047,736.5282351176685,3505500
2024-04-22,718.9989624023438,725.4385099620523,713.1885781111768,717.4357452055123,2354100
2024-04-23,733.1168823242188,733.578928825487,719.1071523574542,728.7025980619729,2042000
2024-04-24,719.8543090820312,739.9496704447583,716.5017718552618,739.9496704447583,2133400
2024-04-25,712.6478271484375,715.7152154469667,706.188597941141,712.7756399947122,2608800
2024-04-26,721.1422729492188,725.015842877636,708.8431948768114,711.2813603119026,2009200
2024-04-29,724.7701416015625,728.0931564916409,717.3080895835101,723.3445779346985,2665600
2024-04-30,767.9297485351562,782.0869722873346,754.7163597018014,761.9326254213504,7437100
2024-05-01,763.653076171875,769.4142552385539,755.2963962266405,761.6966395268381,2802100
2024-05-02,743.1644287109375,764.2331461364827,741.571748645121,764.2331461364827,3205600
2024-05-03,722.5775756835938,732.4384877511138,718.0256977370838,730.4722099316477,4595100
2024-05-06,753.7528076171875,754.0575782286247,723.5901180492283,725.5956994916514,3398300
2024-05-07,764.6558837890625,765.9536342059747,749.2598965754479,755.9354474322776,2879400
2024-05-08,761.9326782226562,768.1755864869683,759.1799011928659,765.9635238727734,2089800
2024-05-09,758.540771484375,770.7808622288848,756.2304191778115,763.8988902446984,2522100
2024-05-10,747.1856079101562,764.3118717529321,747.1856079101562,760.9692353001159,2082300
2024-05-13,744.9243774414062,750.6757161654331,737.8752881322268,750.6265712202609,1848900
2024-05-14,751.098388671875,751.6096400684889,738.8485171800479,738.8485171800479,1956200
2024-05-15,775.0689086914062,775.6991444368126,751.5120970519945,752.5462006060212,3038300
2024-05-16,759.4102172851562,774.5369548709897,758.4451182273948,772.7938739307789,2299700
2024-05-17,758.3073120117188,763.1033547478546,755.4513253647108,761.1534408944865,1670300
2024-05-20,771.2872314453125,772.4197924845524,754.4862937190104,755.2544780986668,2188800
2024-05-21,790.9736328125,804.209545237376,779.3725465061783,780.4263054842053,4334500
2024-05-22,790.7174682617188,792.6575842904041,783.1738148330844,788.8364988133299,1767500
2024-05-23,796.17333984375,808.1486583974128,789.9788178170055,797.6997903839338,3025800
2024-05-24,795.1687622070312,797.8179156086511,791.9386019127547,795.7301136833938,1778100
2024-05-28,795.5923461914062,796.7150493148297,776.2801453923541,796.7150493148297,2483500
2024-05-29,799.20654296875,803.2245428655084,789.9098916503144,790.8060464009468,2380000
2024-05-30,802.6829833984375,807.5381121508998,793.8688807295406,800.4474350275515,1984600
2024-05-31,807.8829345703125,813.6637921731834,798.7831960584377,806.3662814308399,4472100
2024-06-03,818.6370239257812,825.5504419050532,806.070779553289,811.3198583934145,2537200
2024-06-04,819.9468994140625,822.7831104569582,812.7774195295137,821.3354616966085,1748300
2024-06-05,819.12939453125,825.7178065550329,805.2041017765509,817.8786607649454,2169000
2024-06-06,824.575439453125,834.1084380844244,819.2476186262336,822.2020625862432,2109000
2024-06-07,837.0826416015625,843.7990851035912,824.2997659635543,825.0383769924065,2468800
2024-06-10,851.8646240234375,858.3939495919584,836.4916826332408,841.0119479601783,3417500
2024-06-11,852.6722412109375,868.744423770828,839.288583454193,868.744423770828,4109100
2024-06-12,854.1296997070312,858.7583403982718,840.8839311734915,858.7583403982718,2594600
2024-06-13,869.9163208007812,871.6200308698562,848.4178006753369,855.8334836643974,2243400
2024-06-14,865.1104736328125,871.1769056557822,862.697665628512,868.9315594262252,2023300
2024-06-17,871.57080078125,878.6516203384606,863.5445375451626,864.6672406435198,2532200
2024-06-18,877.9227905273438,881.2809816574918,870.576052427819,873.5304960446555,2437000
2024-06-20,872.5359497070312,891.7004650405956,856.9168032904848,879.4395102390042,3360000
2024-06-21,870.4580078125,878.4251249464079,866.4399470709435,872.210946693916,3445900
2024-06-24,876.5933227539062,889.8588068776428,869.5322187928939,876.4652920452587,2878200
2024-06-25,890.8732299804688,895.6101863822458,877.9623234193344,878.2282426285602,2830100
2024-06-26,887.5740356445312,892.5867084087454,884.205986468365,890.2724180908835,2232100
2024-06-27,895.23583984375,895.7578204322818,886.0573605843967,889.8095619038937,1948100
2024-06-28,891.6314697265625,901.6371598659348,891.6314697265625,897.4714132380817,3375400
2024-07-01,900.4849853515625,902.9076510797046,890.5777521718188,897.9244912518876,2546100
2024-07-02,892.9414672851562,898.1511160451487,865.159819567613,889.0022080042564,4584600
2024-07-03,884.4619750976562,904.5522171372805,870.5761131729515,897.1661075798178,3078400
2024-07-05,900.6818237304688,902.5431376012489,883.2801679738267,884.7869029347141,2880900
2024-07-08,904.059814453125,914.5086830678134,898.1509267769608,903.951499271724,2364600
2024-07-09,918.339599609375,920.8016360694537,906.7976015365156,914.9419772728039,2416000
2024-07-10,925.5091552734375,931.3293834993726,918.8320829887937,922.3478785579225,2683300
2024-07-11,919.954833984375,928.5621049919397,904.6704903448632,919.9056052701987,2855100
2024-07-12,933.9982299804688,936.3518912911791,921.8160776745806,922.7713190247813,2315100
2024-07-15,936.0269165039062,951.4293713325902,933.6929106852647,941.6797427518673,2358700
2024-07-16,927.3014526367188,941.8668998147261,924.1303783080501,941.2366040112078,2111800
2024-07-17,891.83837890625,910.9536059631788,888.9331634925953,896.1912430903607,4200600
2024-07-18,836.0091552734375,896.0532738252633,823.9549738291533,893.2564339640751,7649600
2024-07-19,844.448974609375,866.8437098575073,840.04688205132,854.4842381251999,3782200
2024-07-22,852.8198852539062,861.1415807913893,843.8088675709947,851.6676689820438,2904500
2024-07-23,864.9528198242188,874.2396145729854,850.9586423999376,856.7887281797522,2087700
2024-07-24,846.8223876953125,865.0020869498883,841.2975921850444,859.2507432067264,2726100
2024-07-25,808.7200317382812,838.6879375449638,794.1349276088816,834.1380981817292,5468000
2024-07-26,792.4014282226562,809.5273665884159,789.1318369107507,799.541333257924,4173900
2024-07-29,795.5233154296875,812.2455071883775,791.7908899630075,801.6488931232844,2473700
2024-07-30,778.21044921875,809.4192296061536,764.0290934317737,802.801243536125,3848600
2024-07-31,792.056884765625,798.8225564912054,780.0618497388685,788.0191087020323,2961700
2024-08-01,819.7991333007812,828.1208293550177,807.7252957261315,820.961207408308,4060700
2024-08-02,792.244140625,807.7352582916731,775.0689680007481,804.2686909392271,3515900
2024-08-05,763.4873657226562,780.8988803938553,736.198131899779,746.4894563473381,4661800
2024-08-06,781.1353759765625,794.0266278282332,773.0795983305248,777.156745924788,3437600
2024-08-07,760.4146728515625,774.6353964562796,751.4331695336681,766.4811036472853,4407700
2024-08-08,832.4736328125,864.4505943494189,812.7083964423862,861.7127808907128,9434900
2024-08-09,878.1394653320312,894.6941961654993,846.9405463717081,846.9405463717081,6587600
2024-08-12,870.950439453125,890.981537026402,869.591390342452,890.4793320144747,4206100
2024-08-13,894.2608642578125,900.8000474724156,876.8099788124921,880.5030334747332,3506800
2024-08-14,917.5321044921875,920.1911160647737,890.065609519805,896.1813301259217,3562900
2024-08-15,918.7156372070312,925.0075392914141,907.2955309527146,923.0745836649357,3080000
2024-08-16,909.38623046875,923.3704084019749,906.69394892093,915.5696658748592,2364900
2024-08-19,909.0804443359375,913.2125857656144,903.8437741405892,909.3861610444304,2374600
2024-08-20,936.8515014648438,953.6463571011317,917.6602699680732,919.2282793915026,4961500
2024-08-21,938.823974609375,943.291447576456,926.200745112051,942.4235949054863,2617000
2024-08-22,940.9935302734375,959.1000366348404,935.0468318615615,938.8337703086971,3183700
2024-08-23,939.5833129882812,947.2361624111481,930.086291781414,942.2460399028586,2063300
2024-08-26,937.4038696289062,941.812113140515,929.7510202096871,936.0922191515253,2166000
2024-08-27,941.29931640625,959.0507496914107,936.8319036628169,939.3466780064201,2912900
2024-08-28,935.8358154296875,945.1060321872916,930.2342594159262,940.9738907017207,1701800
2024-08-29,927.2164916992188,944.2973215427209,923.0744787943732,941.812101761353,1762800
2024-08-30,946.762939453125,947.7293872045515,927.5223467376926,931.950333931635,2555100
2024-09-03,943.3209838867188,956.2598005714724,938.4393280658132,944.5438506782197,2529400
2024-09-04,933.2421875,940.825996948081,925.0568161268588,936.6346861650313,1891700
2024-09-05,900.1456298828125,929.9779008266142,893.656477729455,928.1632833159955,3201100
2024-09-06,890.2442016601562,915.0863470528285,880.6682685822672,905.0863592097845,3440000
2024-09-09,895.7275390625,902.7886387207432,883.5480465414839,899.9681474729621,2405900
2024-09-10,888.8043212890625,902.4729092207926,882.6406297405946,901.4867185730378,1930400
2024-09-11,908.1732177734375,908.814205648066,884.8103564066694,889.6920126767654,2721100
2024-09-12,922.1080932617188,924.6721651318353,905.9444124417305,911.5459686721852,2510800
2024-09-13,910.9542846679688,929.3368346090945,909.3664718050494,924.0706096810529,2045400
2024-09-16,910.7865600585938,919.7313171531122,907.7195213514742,918.2717741423527,1760300
2024-09-17,893.6663208007812,908.774770215614,889.8398959002784,908.774770215614,2248000
2024-09-18,892.4730834960938,902.8577017929689,890.983985909402,893.7946056884142,1777000
2024-09-19,902.4038696289062,904.1494463388574,891.3782653981517,900.244109700294,2446500
2024-09-20,908.764892578125,926.8812116008478,900.5893930378882,909.2579879466092,9921800
2024-09-23,905.8358764648438,909.267800746254,896.8911198352941,908.2816100729934,2292000
2024-09-24,911.664306640625,912.8970450765581,896.6446407987543,909.386208418713,2767400
2024-09-25,911.7924194335938,926.3288598957786,908.4689617786079,918.9225585283704,1805100
2024-09-26,896.762939453125,909.11987769173,892.7984335558987,907.5518681778416,2693000
2024-09-27,865.6683959960938,888.7650277460465,863.5185072867606,881.2798131297819,4377300
2024-09-30,873.7057495117188,875.1751639538958,846.9503922808977,852.5815625786606,3244600
2024-10-01,872.2659301757812,878.9622035449564,866.7334148006341,876.5558958317434,2455200
2024-10-02,878.7650146484375,881.0134982989238,866.5658396666662,867.8478756262889,1751600
2024-10-03,873.3211669921875,879.6821090794854,868.7156732525334,877.2560582753507,1974700
2024-10-04,874.908935546875,876.693938348251,864.7807977499456,873.6761971428223,1970500
2024-10-07,885.9938354492188,892.7788329429666,877.2857538642754,878.212775620465,2915700
2024-10-08,901.1022338867188,909.2383080318912,889.7709111625754,890.5302973443306,2200000
2024-10-09,907.0390014648438,908.6267540048656,899.4058952738798,903.6366315988671,1820100
2024-10-10,898.114013671875,909.267828114481,892.6505388467939,907.2954467085926,1682100
2024-10-11,919.1889038085938,919.3664109119759,898.5972371240207,903.390109492248,2293900
2024-10-14,916.674072265625,924.0606305352939,913.2125334852531,923.074439894381,1550400
2024-10-15,900.7077026367188,913.7254319916294,895.2639106792116,911.6741384697377,2284200
2024-10-16,903.7648315429688,905.1356510122235,885.4414523424012,897.4631189455027,1645400
2024-10-17,904.455322265625,917.6604318243219,903.390219323537,908.2817474720975,2191200
2024-10-18,905.2935180664062,908.202792895077,893.1140860555051,904.514449022327,2286900
2024-10-21,893.6170654296875,906.1712549258546,892.0687386661864,905.3034022152003,1592200
2024-10-22,896.5952758789062,898.5380426155403,887.7688573028802,889.2284002397344,1391800
2024-10-23,890.7767333984375,895.4118416416836,879.4157974817665,893.1140004990835,2646600
2024-10-24,879.0115356445312,887.5716640256127,876.0135374708304,885.9247423473219,1797100
2024-10-25,880.3724975585938,888.5184428120763,877.1673776101895,887.3053872546809,2228300
2024-10-28,883.2225952148438,885.8064101496499,878.4790201422243,882.5125065789143,2084100
2024-10-29,891.1022338867188,895.4414369697959,885.8063944985279,885.8063944985279,3187500
2024-10-30,835.1358642578125,848.6170739004458,758.3806273439196,787.4732521900128,18257200
2024-10-31,818.2818603515625,841.71376097322,813.8440022093487,824.9583906403857,6582800
2024-11-01,807.6211547851562,821.4968653643875,805.4515231743045,816.5659117907718,5266300
2024-11-04,795.0078125,808.8637802698308,792.5817616259018,793.8835406174443,3918100
2024-11-05,794.9288940429688,798.0354189062089,786.4772322996552,792.7297079859383,3733300
2024-11-06,765.6588134765625,809.3963511144218,757.0099009514689,806.0433385301396,8257900
2024-11-07,786.4378662109375,791.4674152185702,767.4438217549603,773.8146359979634,4557600
2024-11-08,820.0570678710938,835.5698899290127,790.1952420490305,792.404299787925,7212900
2024-11-11,820.944580078125,832.344942042484,813.2424331998553,819.8203082458012,3342800
2024-11-12,807.5521240234375,822.4731945338674,799.5245170619062,818.7355533488856,3378600
2024-11-13,800.5995483398438,817.6606370859649,800.0867098639704,808.9920416513532,3059300
2024-11-14,775.3727416992188,798.0157032100465,772.6903317252742,798.0157032100465,3998800
2024-11-15,737.1143188476562,768.5073358337477,735.1386707458356,765.7513284368263,7334600
2024-11-18,718.3456420898438,725.0628333925752,702.7380345738519,724.2626983450615,9148100
2024-11-19,720.8447875976562,721.1115193708611,703.7455565842542,707.5882064109799,5832500
2024-11-20,744.2364501953125,748.1482549240504,726.5050577031498,726.8309962115507,5158900
2024-11-21,740.7890014648438,743.8315164484102,726.0506833858984,737.0352820989349,4143200
2024-11-22,738.9022827148438,752.0107272480706,736.0079654621229,747.8321904873203,4015500
2024-11-25,745.8070678710938,745.8070678710938,730.9995967927949,740.8679482163183,5690500
2024-11-26,779.709228515625,797.1739491884571,764.526378817266,775.6393985550234,6622600
2024-11-27,778.5930786132812,785.152245097442,770.7991320059878,778.5239236913461,2714700
2024-11-29,785.6658325195312,790.5852372775007,779.7191727486774,781.6948208448271,2206900
2024-12-02,790.0616455078125,795.5440568046181,785.5373945779756,788.3922204888723,2895600
2024-12-03,803.4268798828125,807.1805988799566,791.8495516965165,793.1534865613752,2782100
2024-12-04,819.7359008789062,836.1535310595285,810.5095981207551,818.0170364606524,3871100
2024-12-05,815.5671997070312,821.0101192844227,807.5065828536018,817.7009331892843,2423400
2024-12-06,816.64404296875,830.7600269534834,815.6364431432157,817.6022033581343,3047100
2024-12-09,793.795654296875,813.670669041937,791.5236710765776,813.670669041937,3176000
2024-12-10,789.8443603515625,804.0887660827191,787.2957574544558,799.4163776813523,2695200
2024-12-11,786.3375244140625,789.7652445653924,776.7951113353496,785.5669927962831,3510900
2024-12-12,772.8240966796875,792.076837443609,768.912352153693,787.0290108876619,2823800
2024-12-13,779.51171875,784.579261009911,763.5781118113242,767.6677178968656,3059400
2024-12-16,769.514892578125,790.0419041470018,765.8105525945974,782.3566045210205,3426200
2024-12-17,769.1395263671875,778.4053204106636,763.0248933294392,768.3887704723568,3924800
2024-12-18,755.3989868164062,769.514971455444,753.215873857222,765.5636750679962,3354200
2024-12-19,748.316162109375,763.5582790080551,743.2387926333419,755.7841090464261,4032600
2024-12-20,758.411865234375,801.4710853849242,757.2758433657699,801.4710853849242,9942300
2024-12-23,786.58447265625,789.626926968736,763.657057397798,775.6097029059647,3622300
2024-12-24,785.9818725585938,788.036563275026,777.5162139951101,781.7342415933846,1165400
2024-12-26,784.4705200195312,794.1215189373894,781.8626503417444,784.4507442472486,1274200
2024-12-27,773.6340942382812,783.6407560398777,769.7321774351607,780.3809489444574,2096500
2024-12-30,764.4178466796875,770.2657486122757,761.612399638919,768.4481256955524,1719100
2024-12-31,762.6002197265625,764.4869372650228,754.9939619532734,761.6123956077457,2327000
2025-01-02,768.5963134765625,777.4175755549993,762.3730336340773,771.0856495303561,1938900
2025-01-03,772.4586791992188,776.2717260904514,766.087261915442,768.6950717471465,1799100
2025-01-06,755.7841186523438,775.2146601520684,754.0554266514995,774.1773967179681,3991100
2025-01-07,763.8744506835938,774.4145768834541,752.3465607092234,755.5866525875224,3576100
2025-01-08,777.6348266601562,782.909833662842,761.2863505447473,764.4079083342004,3478400
2025-01-10,790.1604614257812,790.2592197114477,775.3035495083301,782.2874725975693,3973100
2025-01-13,787.7698364257812,795.5341786136879,774.0687228526596,784.7273820233853,3683800
2025-01-14,735.8399658203125,774.6812136067665,720.1237121561902,774.6812136067665,10373000
2025-01-15,737.6477661132812,745.4120491463132,726.3174525139126,739.8802582481732,5736900
2025-01-16,748.3755493164062,756.1892720792097,737.3119671085448,738.3985495529594,3070300
2025-01-17,716.8836059570312,746.0837413432151,716.1822895023241,738.7244404682151,5560100
2025-01-21,733.3112182617188,734.2299477589186,717.6838935933091,722.3661703194243,5122800
2025-01-22,744.799560546875,751.1117707186696,730.0513546635083,736.5018746728686,3737800
2025-01-23,757.2657470703125,757.2657470703125,735.1879079128666,738.556360747488,3127200
2025-01-24,775.8467407226562,779.6795022678984,751.2301860813885,752.6724306766966,4170600
2025-01-27,798.3297119140625,799.3965787247952,769.2284552161278,769.2284552161278,3915200
2025-01-28,795.1884765625,806.2126267822404,790.3678903496808,797.4110806867385,2808800
2025-01-29,794.2894897460938,799.2681006934954,789.2713272542599,797.1640308800843,1827600
2025-01-30,813.2064208984375,814.5795108782371,795.1984067082846,798.5668603871035,2643000
2025-01-31,801.204345703125,817.276201964917,801.1549665591259,812.9791914730785,2561600
2025-02-03,800.5621948242188,808.0005384633696,791.9878897634711,794.477225529879,2808800
2025-02-04,816.0117797851562,818.9455881281283,796.1268778205934,801.1746439958978,4299700
2025-02-05,831.9257202148438,836.5882814695116,820.9411206908638,824.98134791904,4578900
2025-02-06,859.7723999023438,876.9308985546159,825.4356268236756,829.2980525612696,7138500
2025-02-07,867.6156616210938,878.5311043424001,859.0314689799453,865.8573663206322,4426100
2025-02-10,858.3006591796875,869.2852589926896,848.9064417908985,867.042878860711,3065600
2025-02-11,854.4677734375,863.5458785519435,850.022565367594,856.4730851291921,1944200
2025-02-12,862.3407592773438,867.0922509885214,845.6860597373802,846.496082719053,2533400
2025-02-13,861.2442626953125,872.7425491198395,857.2336994596504,866.3908477065025,2472900
2025-02-14,835.427490234375,864.3513281744757,832.676577795774,859.9973877665822,3222300
2025-02-18,848.2221069335938,853.6941569375992,842.4432457420961,847.4502472926195,4289400
2025-02-19,857.968994140625,872.0994624465238,848.2023717980984,848.2023717980984,3205500
2025-02-20,863.9754028320312,871.1000059584669,854.9509256705151,857.761207602242,2990300
2025-02-21,864.5294799804688,885.0324998665182,864.2820983627059,871.3967961053999,3940400
2025-02-24,872.168701171875,883.7560180980598,860.9078845130937,870.0807543083152,3017100
2025-02-25,892.3549194335938,902.4481010641491,881.4107595711737,881.4107595711737,5111300
2025-02-26,905.4266967773438,912.7689668561246,887.2094791983338,888.9609605158131,3032800
2025-02-27,895.6796875,915.8066810018865,894.5912326209718,906.1290838430834,3085400
2025-02-28,910.9878540039062,911.571640860441,883.2613000934998,892.3946714342273,4071100
2025-03-03,919.9824829101562,925.8306179293501,900.4690507133023,903.239712636317,3979800
2025-03-04,901.51806640625,919.4284730051143,893.3346624186603,912.5809661126528,3343500
2025-03-05,919.9824829101562,920.7444375874479,892.1966242589082,895.3235012014748,3109500
2025-03-06,903.2001953125,921.6251734520221,888.8718712759832,910.7799415395566,3273100
2025-03-07,860.4724731445312,898.4900644681105,852.3682486714332,895.9074147910333,4818100
2025-03-10,821.0695190429688,854.1493827202588,817.1312228961106,844.9665478019526,5962900
2025-03-11,815.4291381835938,823.6322904521484,803.1392369741086,818.5362656333486,3796500
2025-03-12,813.2522583007812,825.9083412549646,804.7423543131774,806.4146565623489,3014800
2025-03-13,793.25390625,812.5100523973505,787.0495560548345,809.6701163051744,3566300
2025-03-14,804.9599609375,806.6718827731205,791.6211636565753,794.6985764352738,3102300
2025-03-17,816.121826171875,820.3174085619721,806.0385494577923,808.3936271873865,2546600
2025-03-18,813.8953857421875,827.5310284100287,804.108954948987,824.6910924150284,2354900
2025-03-19,828.2435302734375,833.3099007843822,810.9169127489176,813.1136324425981,3790500
2025-03-20,833.745361328125,845.4415719596052,823.7412627764459,830.2424592145377,4402700
2025-03-21,828.7976684570312,841.5229639935998,816.6759695544719,829.0252402117787,5963800
2025-03-24,855.841552734375,857.7908910831003,828.9857871865729,836.4666056240544,3102400
2025-03-25,843.4229125976562,865.7565335984158,839.0393173229274,860.4427809708524,2670600
2025-03-26,818.1008911132812,842.4926816788527,817.7446760890633,836.8326194188325,2562100
2025-03-27,813.064208984375,818.1108302889947,806.751025186437,814.2021885990382,2128200
2025-03-28,813.8953857421875,821.0892621454984,808.8685746154835,811.4116647635308,2124700
2025-03-31,817.259765625,819.3378074123203,781.1322055849639,800.5070900354771,3737000
2025-04-01,796.7964477539062,812.0648352346782,788.6526635411443,810.0264129492664,2987700
2025-04-02,809.650390625,811.2633237448745,786.7131722770988,786.7131722770988,2683800
2025-04-03,780.8255615234375,810.2144528561695,778.8167935607272,802.0212041173447,2675100
2025-04-04,730.4783935546875,760.2235583089973,727.0051458086009,754.1280411284046,5299400
2025-04-07,716.1499633789062,740.1657898163472,669.9984953265371,690.6201928681645,6274400
2025-04-08,718.6337280273438,755.503495713319,705.809503020678,747.0727104619698,4115200
2025-04-09,745.8160400390625,746.9243048873627,681.783758483122,697.0224907411066,6619000
2025-04-10,713.3594970703125,734.1791725403252,684.5247417907444,731.1611289022653,4182700
2025-04-11,724.7391967773438,728.1333263803242,704.5231742968705,715.3189440134576,3603400
2025-04-14,746.4492797851562,751.6047345144194,726.8270130730835,742.5901627312824,3461200
2025-04-15,749.2496948242188,757.2945503886671,743.6192864219748,747.6565715972475,2458100
2025-04-16,727.2030639648438,748.3788952628272,722.6908254478761,747.7258343335935,3302600
2025-04-17,831.1626586914062,849.0136941070296,813.2324442489299,831.9938270877084,10853400
2025-04-21,809.4525146484375,835.071310712146,798.5479129173493,832.6964832681513,3326600
2025-04-22,818.8727416992188,823.2860516513176,805.4745745723228,813.2720482585773,3086500
2025-04-23,820.7329711914062,837.1492407698895,810.0659079868923,828.1940389136379,2714600
2025-04-24,850.7255859375,853.2192120073129,820.5252786733272,827.2441417664407,2939500
2025-04-25,875.2757568359375,876.3049030590383,842.1563335581026,850.656332451693,3398900
2025-04-28,868.1016845703125,873.0097577705222,855.3565783727186,861.3234521792518,3457600
2025-04-29,875.9288330078125,883.1226492907807,864.8758393789307,868.5073845702111,2454400
2025-04-30,889.5348510742188,893.0476580377349,872.8811033215096,878.897441297038,4374100
2025-05-01,785.782958984375,842.0177661382727,783.7742516221052,835.1603548324765,12601100
2025-05-02,814.9937744140625,822.8209624984539,799.1316967389122,816.4780640972521,6059400
2025-05-05,812.8563842773438,820.9507030414917,803.5251575040796,808.4430747582938,2889600
2025-05-06,767.0018310546875,809.848319509461,762.2817699832631,808.3343752613624,5982000
2025-05-07,768.5849609375,776.125208106488,764.1717115912419,772.3253999361925,3807800
2025-05-08,743.5796508789062,761.9155442943288,731.3392137224852,756.9877219798929,6162000
2025-05-09,726.8765258789062,754.0291368565481,725.322961946192,744.133871345686,4072600
2025-05-12,747.6564331054688,757.3142199653308,714.6161337137569,720.246541073055,9176100
2025-05-13,738.2462158203125,751.5454557949162,733.0907604705542,747.6368136296379,4523900
2025-05-14,708.0656127929688,751.5454116371617,706.551668583561,741.3928596125298,7558500
2025-05-15,725.60986328125,730.9434255953811,704.7506882084301,718.0993909903264,5212900
2025-05-16,750.9937133789062,752.4611951339579,731.7674510547843,733.7505606782389,4645100
2025-05-19,748.73291015625,752.3124083622477,741.2466837236307,746.6407441098337,4062700
2025-05-20,740.7013549804688,757.0520838201646,736.7252105807233,749.6154228789056,3873500
2025-05-21,718.82763671875,744.1816992420295,717.8558718987254,740.7409727481104,4060000
2025-05-22,709.1599731445312,716.0909312014154,705.5407740795512,711.0438908679146,4249900
2025-05-23,707.6825561523438,713.5624685054903,703.0123115340458,704.0038662752786,2635700
2025-05-27,719.0953979492188,725.1339937712683,708.2974113471694,710.9746216156627,3792700
2025-05-28,713.3146362304688,723.8250931108439,708.7038821112295,719.0953572548234,2948800
2025-05-29,716.4677734375,721.1875840631129,710.9051654229004,713.1559537105494,2785500
2025-05-30,731.440185546875,739.6007224050066,711.0538220272783,718.8772036371053,6106200
2025-06-02,740.8103637695312,741.0582524516075,724.5290520762813,726.3138384832904,2946900
2025-06-03,744.4395141601562,750.6069557377663,735.1982165048254,739.9477420334321,3056500
2025-06-04,759.3723754882812,766.0950857464227,749.6154493600052,750.0021702673405,3135900
2025-06-05,759.213623046875,763.4971467690339,746.6902818888149,763.0013694010021,3636400
2025-06-06,763.3782348632812,766.0752349425956,758.737765536435,761.9900338979436,2069900
2025-06-09,767.1759643554688,772.7087971296929,761.1076532020105,765.4308180462923,2262200
2025-06-10,800.373046875,801.8008880747792,770.4380078307744,770.5272743831279,4744400
2025-06-11,801.7810668945312,813.7887803177479,798.2313444857547,802.8123225607357,3125400
2025-06-12,805.1722412109375,811.6470623266997,799.5401569140131,803.486586014163,2271100
2025-06-13,812.4403076171875,818.0326910846031,801.2753911442019,803.4965246813923,2754600
2025-06-16,800.7598876953125,818.0327563443632,798.9552505947094,814.7407869594977,2821800
2025-06-17,784.5578002929688,798.3602259879503,782.2772363859073,798.3602259879503,2875600
2025-06-18,778.4002685546875,783.9529510474804,772.8574507730262,783.2787010676199,2442900
2025-06-20,756.2885131835938,779.3620109137165,749.1790827776442,779.3620109137165,6210600
2025-06-23,764.1318359375,786.5112359244652,757.3793499021725,764.0227794298983,3951500
2025-06-24,771.5090942382812,777.8153692102371,756.5762790772927,766.3629216150078,2788500
2025-06-25,785.6088256835938,792.2026890575561,767.0667395336776,772.4211594553689,3023100
2025-06-26,788.405029296875,792.0539436131776,781.5930528217552,787.2449271535215,3118200
2025-06-27,768.9011840820312,795.7227293989528,768.098027112398,789.0793001149837,4115100
2025-06-30,772.94677734375,778.3705532962413,767.4634500016442,771.9650872106841,3041500
2025-07-01,769.347412109375,783.3283109191647,766.4718789120434,772.9467609618836,2734000
2025-07-02,772.6988525390625,773.2541208055168,761.5140853608677,769.942301149367,1978300
2025-07-03,774.0770263671875,776.9327088763317,766.4718184133111,773.8688386032012,1450800
2025-07-07,766.3429565429688,774.5530593697288,755.5945363584027,774.0869971415931,2576900
2025-07-08,771.0924682617188,785.9955657449415,762.3073073823774,768.306201733812,3301800
2025-07-09,780.2742919921875,787.294516973183,775.3859340547057,777.1806458350782,2703100
2025-07-10,783.9728393554688,792.7381500365019,779.7884465623587,783.0010744825429,3130400
2025-07-11,786.3129272460938,789.0099274090929,770.6364473694707,779.7091380039669,2852500
2025-07-14,792.5894775390625,794.1164502154036,780.7106093259557,783.3283286451447,2401400
2025-07-15,765.232421875,798.6180552625332,757.9246677930663,794.8997247383592,4174100
2025-07-16,783.1300048828125,789.3172974356654,765.6389628832209,766.9676730048795,3255400
2025-07-17,755.0689697265625,783.3282811345823,753.6014880092224,780.1453684836391,4107300
2025-07-18,765.1927490234375,769.4068567721442,754.0773983274038,757.4090078110651,3357700
2025-07-21,755.7432250976562,765.4803004302603,754.0774203072707,761.6826286263916,3058000
2025-07-22,769.8827514648438,771.7171034943192,756.0604762069091,756.8934088028072,2496600
2025-07-23,792.1432495117188,793.3331274069253,770.5174411762497,773.412764322813,2683600
2025-07-24,798.6279296875,803.2981743158488,790.9136652543501,794.5922946196335,2786400
2025-07-25,805.8267211914062,808.3056083401673,795.5938677789563,802.1678813390469,2976900
2025-07-28,801.2853393554688,813.293053525459,795.7227314212897,805.787036905091,2587700
2025-07-29,756.5067138671875,772.9070077589267,748.8023140399092,767.9591592052366,7100700
2025-07-30,753.6609497070312,771.5287251102649,752.0050097039041,767.4633748518748,4338700
2025-07-31,733.8200073242188,759.9772291880116,729.2291035132389,740.9889295451239,5810300
2025-08-01,755.8920288085938,761.5141278853548,739.6899958652792,740.5130033396312,4859500
2025-08-04,762.505615234375,767.9393159870364,746.2143776875052,753.5518466458209,3353400
2025-08-05,759.4813842773438,763.4376781061336,753.1056944014155,759.1045886251067,3615200
2025-08-06,740.0667114257812,756.5562717043739,733.9389103537637,750.1706567150719,4752100
2025-08-07,635.4476928710938,672.561575830972,627.8524109477315,669.9537822828912,26101600
2025-08-08,620.3662719726562,650.6384079191122,618.5120693766552,649.4683805417218,14125100
2025-08-11,629.8554077148438,648.913122341491,620.6141702844774,624.1044020088397,11294200
2025-08-12,634.0298461914062,640.7228407503305,624.084583524463,634.099262286233,6897400
2025-08-13,654.9120483398438,656.1614171247376,639.0570960889964,644.9072938685231,6310000
2025-08-14,678.64990234375,679.6910228685455,649.5675806355135,656.409333546525,8395900
2025-08-15,696.835205078125,702.3603568070722,681.5019158434085,689.8492953027431,8224600
2025-08-18,693.675048828125,703.3142674500175,689.1535775013595,690.6640705047233,4997300
2025-08-19,698.802734375,709.7934146762353,694.1719064213376,702.1813888760971,5941000
2025-08-20,701.018798828125,701.3765280437559,680.8559841652877,697.1233836240052,4139400
2025-08-21,705.371337890625,713.897581264071,700.7802977632224,700.7802977632224,3617300
2025-08-22,707.2196655273438,714.9509348812028,704.9837670001789,710.558592771279,3222700
2025-08-25,690.9721069335938,709.02821132403,689.878964680132,706.5438798197412,2898100
2025-08-26,731.4170532226562,731.5660767248572,708.6307107530253,711.7510457527129,7695600
2025-08-27,729.5687255859375,741.9109294948814,726.9651507419878,732.3412786602195,4326200
2025-08-28,727.37255859375,733.9610107910485,721.7877860584191,731.1884579322218,3117000
2025-08-29,727.9887084960938,732.7983407335267,723.9342621522303,727.7303282931698,2551200
2025-09-02,730.5823364257812,732.5201272955438,719.1047360239057,723.4274489503816,3222500
2025-09-03,733.205810546875,733.205810546875,724.4510279394358,727.432226021233,2222500
2025-09-04,738.2538452148438,742.3182381591209,730.7213959192089,731.7051814701808,2423400
2025-09-05,722.65234375,740.0327181303616,718.0414096877439,740.0327181303616,3958200
2025-09-08,734.0106811523438,738.0452331862986,714.7123498927086,725.1366560837786,4534600
2025-09-09,745.90576171875,748.1218271043664,729.2706843675106,729.5787391091026,2986900
2025-09-10,749.8905029296875,751.0631001399662,737.8365214277803,743.4014604770889,2477400
2025-09-11,751.5401611328125,756.3597402465629,745.6671671786654,747.7639285232369,2197500
2025-09-12,750.65576171875,756.8268029919818,743.3120624806586,755.4057725037904,2198300
2025-09-15,743.5008544921875,751.5998000758158,737.4589428295415,748.3502748111677,2790900
2025-09-16,759.9172973632812,765.5517443632918,739.8736666507122,740.738209182098,3881300
2025-09-17,755.3660278320312,772.0905658397901,751.5998028051338,756.7174897218666,3471200
2025-09-18,758.1484985351562,767.6982554396907,754.253083246533,756.6082249461398,3464000
2025-09-19,747.2769775390625,760.2054485315817,744.5044853852454,760.2054485315817,7349500
2025-09-22,750.2184448242188,757.2639750521367,741.5928530618274,743.8684789000641,2527400
2025-09-23,742.29833984375,748.2806293571446,738.5122211571714,745.8658664769761,2910100
2025-09-24,737.2005004882812,742.2586260781442,731.5461596031568,741.3145679834596,2243000
2025-09-25,710.1113891601562,735.3621072643356,707.5872695959215,733.0466933762958,5136400
2025-09-26,719.9990234375,724.4310928363001,712.58581677842,719.5816727124286,3559700
2025-09-29,721.956787109375,723.2983020556233,711.5921618453534,721.0027818381236,3309200
2025-09-30,758.218017578125,761.5469977192845,720.7642312955068,722.4039144412288,6234300
2025-10-01,820.2467651367188,828.0773830623959,758.5160994148447,758.5160994148447,10124500
2025-10-02,814.711669921875,829.2301496972177,807.7158140632815,809.2560875044871,4291800
2025-10-03,834.606201171875,842.8144422237166,810.9851576555035,819.7697806030951,5088500
2025-10-06,839.7537841796875,851.2016039950062,833.4038178350887,834.685771802455,3651400
2025-10-07,838.3427734375,843.221974603492,831.3369696077999,839.704182466922,2610800
2025-10-08,840.4195556640625,850.6351565168015,839.6941502314814,844.672760559908,2180900
2025-10-09,849.9891967773438,854.8585110168692,840.3997131092715,846.352161970374,3071700
2025-10-10,828.2662353515625,858.9328110628743,824.9074140668944,852.6226328546635,3431000
2025-10-13,814.2645874023438,830.0847947852523,812.2273868733573,827.4613259368307,2167500
2025-10-14,807.2587280273438,816.93773539494,800.9485496946477,816.93773539494,1928400
2025-10-15,821.3896484375,824.9869559738304,803.5124067966583,807.4078220136677,2355800
2025-10-16,814.24462890625,829.4686197337215,810.2597514451644,819.8989698698681,2272900
2025-10-17,797.7984008789062,799.3982958897717,778.9373139263776,784.0153338670358,3983000
2025-10-20,803.8900146484375,804.3371458345592,794.7576088476834,800.5510267310221,2279700
2025-10-21,794.5587768554688,807.8946512740189,793.7041813819118,801.8726341850876,2099500
2025-10-22,807.3381958007812,810.8262070472514,788.8448460561156,793.3961584982779,2930600
2025-10-23,815.894287109375,819.5313828145157,800.9684629625091,801.3460862467068,2632900
2025-10-24,820.2765502929688,828.9220356587142,807.40770156519,810.1007386262773,2211200
2025-10-27,821.2305297851562,821.2404768155582,806.3941093724563,819.8293935088595,2114800
2025-10-28,814.9600830078125,824.2614662627349,808.9480128935178,820.8231296233146,2493500
2025-10-29,808.4313354492188,825.0862433767649,804.5557539318775,822.1249395487472,3591200
2025-10-30,839.2072143554688,847.6539417942153,807.1593367202244,832.251085876501,6037200
2025-10-31,857.4522094726562,864.4580130937077,828.9619090656433,833.9007316240595,5015000
2025-11-03,890.9111938476562,895.6910456398956,857.2136845091974,861.0992132758607,5401500
2025-11-04,901.1763305664062,909.4839205410476,878.1018887208004,885.8231497746207,5911500
2025-11-05,920.0076293945312,949.4718269562402,902.1701160583799,905.290451160173,7272900
2025-11-06,931.5647583007812,943.9466892266546,910.5175075898647,922.1839194526577,6417400
2025-11-07,918.5767211914062,926.1589067934386,895.25384307029,925.3340916426345,4373400
2025-11-10,960.581787109375,975.8355597206689,932.5286718782033,933.8503533456447,5696600
2025-11-11,982.4239501953125,993.6829579031884,959.2401508985852,960.4922637198348,4166400
2025-11-12,1011.4013061523438,1016.0121798282606,983.8947313800427,986.8958235714683,5185200
2025-11-13,1016.4593505859375,1026.4761324195943,1003.7594783618752,1003.7594783618752,4153600
2025-11-14,1020.3505249023438,1028.6503925085228,1002.9445650830799,1004.1487693196433,3862300
2025-11-17,1016.7877807617188,1027.1775887158303,993.5002613240432,998.8941854985958,4720000
2025-11-18,1025.09765625,1035.7162780527724,1009.134736324086,1009.134736324086,3430500
2025-11-19,1044.5535888671875,1050.514779741933,1021.3158779624817,1024.6895937110564,3571200
2025-11-20,1038.27392578125,1051.9179695580667,1033.2581191046952,1040.473261279999,3135700
2025-11-21,1054.60498046875,1061.5216381959945,1033.0093612970395,1035.9949374857592,4266700
2025-11-24,1065.0146484375,1070.5478524936416,1044.3345306146582,1051.6890136839,5497200
2025-11-25,1104.6033935546875,1105.767811974447,1068.0898559525365,1070.6574076793615,4181500
2025-11-26,1099.0303955078125,1106.6436392711914,1092.8204066026697,1096.7016800392362,3093700
2025-11-28,1070.2991943359375,1093.7659012706424,1062.5565708176712,1091.4470259808966,2732200
2025-12-01,1052.8037109375,1078.9374633575874,1049.9275913934944,1069.2144177895186,3070200
2025-12-02,1041.0904541015625,1063.0444522337764,1035.358137340088,1047.5093951654965,3280000
2025-12-03,1028.5908203125,1046.4245852573458,1017.4048099209876,1041.3590914092176,3447000
2025-12-04,1009.6124267578125,1027.6652260825256,1002.3375749152423,1027.6652260825256,3854900
2025-12-05,1005.4524536132812,1022.4503504293466,999.1727943572973,1018.9174308844911,2502100
2025-12-08,992.793701171875,1009.3238271651829,984.1255562238156,1005.880440675848,3088600
2025-12-09,977.49755859375,1007.1344085874507,974.4721964665882,998.0184756471401,2569700
2025-12-10,988.8626708984375,998.1776541699105,972.4220783335878,980.2641967670606,2966300
2025-12-11,1004.5269775390625,1026.6003911277228,982.2545741295546,1003.3029107290122,4517000
2025-12-12,1022.56982421875,1023.953155788472,998.6752526504147,1003.9099727118289,3275200
2025-12-15,1057.0830078125,1059.8795558446513,1027.5856217270668,1027.5856217270668,4648400
2025-12-16,1049.2210693359375,1063.1139115330961,1031.2478425312397,1058.3867492772738,4024500
2025-12-17,1036.7811279296875,1059.1829099005677,1031.426990030952,1059.1829099005677,3726600
2025-12-18,1051.7987060546875,1074.0711116906043,1034.5421078329628,1036.791251857046,3848600
2025-12-19,1066.2884521484375,1070.2095717776688,1053.918283688974,1053.918283688974,5829100
2025-12-22,1071.3043212890625,1078.2706656568955,1057.889151858066,1071.5431576630015,2625600
2025-12-23,1066.4876708984375,1083.246671757141,1058.3867926699036,1058.3867926699036,2108600
2025-12-24,1071.8018798828125,1080.5098100384805,1067.5523905295024,1069.4731645765346,932800
2025-12-26,1072.5682373046875,1076.190750962992,1063.1637209780502,1071.8019199849723,1014600
2025-12-29,1073.54345703125,1080.2809263732895,1069.2143960863602,1072.7671781077802,1653000
2025-12-30,1074.5587158203125,1077.166114374219,1066.915586713523,1073.7724751530766,1251500
2025-12-31,1069.5130615234375,1078.29060208122,1069.2642635072675,1074.5685934779876,1646700
2026-01-02,1075.1656494140625,1075.464255617107,1047.0215895852186,1071.2247278409297,2469100
2026-01-05,1036.50244140625,1080.1615100825825,1028.4115254950566,1064.0891348034304,4084800
2026-01-06,1058.9241943359375,1065.6814657887062,1034.9301284393675,1039.0899632035066,2690700
2026-01-07,1102.7623291015625,1112.2863850890499,1070.7868035472047,1071.8218421580543,4652800
2026-01-08,1079.9722900390625,1128.4978590658727,1065.0046857733964,1108.3352605124414,3156000
2026-01-09,1058.4466552734375,1099.2096881685902,1057.9191742610196,1081.6046752997358,2561900
2026-01-12,1075.802490234375,1078.1511286415237,1052.9130755485373,1052.9130755485373,2380200
2026-01-13,1072.0108642578125,1084.9782458039233,1063.9498329628004,1077.7929883708016,2194200
2026-01-14,1068.1297607421875,1078.7882291872338,1056.0182292321372,1076.5490469772049,1912600
2026-01-15,1028.0035400390625,1062.5168550382598,1007.701657927322,1057.4513613352847,4183400
2026-01-16,1033.407470703125,1044.8919045924151,1013.1055281604002,1019.5046666288865,3829000
2026-01-20,1036.283447265625,1040.8214593108326,1011.075218583448,1023.2066106819742,2484900
2026-01-21,1073.33447265625,1076.1308989459467,1037.0099654218084,1038.8410846478648,3685900
2026-01-22,1082.1519775390625,1090.2130091554063,1066.5871587042977,1073.3345902171448,2478200
2026-01-23,1059.173095703125,1079.106702206191,1057.9091822310959,1078.5195728511048,2592900
2026-01-26,1057.640380859375,1061.949518822945,1038.3037453317777,1057.1029382625823,2244900
2026-01-27,1034.5120849609375,1068.2291960618759,1029.8347309765086,1058.993784794818,2587900
2026-01-28,1018.8776245117188,1024.739259613826,999.3121752303159,1024.1620919498616,3300200
2026-01-29,1019.2160034179688,1034.999734795593,1013.1055096364555,1020.4301085662311,2293000
2026-01-30,1032.16357421875,1043.528590949534,1015.0960043585862,1028.3321086950605,3303100
2026-02-02,1039.1099853515625,1052.3261662711911,1032.581466529788,1032.581466529788,2757100
2026-02-03,998.635498046875,1043.757535107464,988.8029951261738,1035.7461900167323,5483900
2026-02-04,1101.797119140625,1108.6440459353612,1059.8796309884738,1069.950970603882,7119400
2026-02-05,1015.931884765625,1069.8314597706021,1000.9940422923881,1060.377135242397,7742400
2026-02-06,1053.0924072265625,1054.9235266359035,1028.302138532319,1050.9228350424307,4887100
2026-02-09,1039.6473388671875,1101.6178467438212,1037.9057527524499,1071.9113878834053,3423800
2026-02-10,1020.0718994140625,1050.5745614834675,1018.9572891247709,1045.6085626381637,3539400
2026-02-11,1010.3289794921875,1025.1473434889897,1007.7514052631049,1021.5646762760819,2599900
2026-02-12,1033.2781982421875,1054.744439989017,1007.1344803861216,1019.942598809956,3592200
2026-02-13,1036.7271728515625,1060.9905420363666,1030.4369716915373,1036.70721632076,2698700
2026-02-17,1032.7896728515625,1063.6422267235766,1031.6233109515094,1042.3195249332168,2984600
2026-02-18,1017.348388671875,1034.2749955395802,1008.1274975750979,1029.111242983471,3236900
2026-02-19,1019.9999389648438,1022.0036233112775,1003.8310118515171,1007.6389977676549,2145800
2026-02-20,1006.3430786132812,1025.4128817228775,999.3052987370422,1020.6379168251309,3249400
2026-02-23,1055.228759765625,1061.1001167943648,1030.7459919157943,1043.7250373186002,4767600
2026-02-24,1038.8704833984375,1055.5677728378416,1020.8572797216431,1039.6678928674237,2803100
2026-02-25,1025.59228515625,1050.3142896040592,1023.7680878719297,1033.3178963354198,2481900
2026-02-26,1018.8037719726562,1023.6883762469391,1004.2098287420687,1020.8572259755092,2666400
2026-02-27,1048.679443359375,1049.686274687273,1014.1584169416718,1015.9627185508582,4325900
2026-03-02,1014.7664794921875,1052.8761524764825,1009.8121489925305,1041.3326378577037,3094300
2026-03-03,1004.5587158203125,1016.8001006156387,991.9385828373936,1011.8058570444964,2846000
2026-03-04,1000.411865234375,1012.4637850492836,990.5330170166296,1008.4464987253422,1965500
2026-03-05,980.165771484375,990.4333460639426,962.5613119779828,986.8845515245071,3769900
2026-03-06,987.2135009765625,988.100653952957,963.049792707641,971.9317266385822,2627800
2026-03-09,1005.2166748046875,1005.7549535551999,977.4941935562766,983.784333950107,2802200
2026-03-10,998.1987915039062,1008.8153009749168,990.8719458192365,1002.83418258969,1663700
2026-03-11,996.693603515625,999.773845439799,987.1835862573768,996.8830080332632,1446900
2026-03-12,974.1746826171875,991.3703984270073,970.0975267063949,990.3237148506786,2340100
2026-03-13,981.97998046875,1000.0628478357056,974.9222441194306,977.0455458989162,1984400
2026-03-16,986.00732421875,995.0288325210872,972.4401682564842,988.8583094558494,2289900
2026-03-17,927.4222412109375,978.0823221781021,922.3383148260817,975.8394027418863,5637500
2026-03-18,915.1609497070312,926.0765030036238,902.2616685339464,922.0890907194316,3443800
2026-03-19,914.6127319335938,921.6206385284581,907.9936126554613,911.1237460352095,2379000
2026-03-20,903.8466796875,922.4678875062737,896.459964456981,907.6845396228465,4818800
2026-03-23,907.6845703125,923.8635373611237,904.3750107474923,910.6153208352844,2817500
2026-03-24,900.1782836914062,905.8104670620288,892.7915683299592,904.1457394620375,2572700
2026-03-25,913.4264526367188,919.2481014543755,906.2292025302396,909.6184665310294,2177700
2026-03-26,894.1771850585938,913.4662672217889,893.4693974902108,909.5087898214708,2163200
2026-03-27,875.4761962890625,897.9951330323274,874.3497474964851,893.1803158561031,2740800
2026-03-30,883.83984375,894.6058447547833,880.3309014681423,885.6839975952473,3070200
2026-03-31,916.8756103515625,921.2318536028338,889.3325538776669,890.6782812475881,3464200
2026-04-01,951.5162353515625,973.6064731575028,923.0759873572212,923.963201213778,6267900
2026-04-02,932.6358032226562,954.6762097842849,927.0933026409266,942.0261420149325,2727100
2026-04-06,924.1426391601562,933.0545083725664,916.885580177885,929.1069481644025,1821100
2026-04-07,928.159912109375,929.7249178205777,895.6226146907172,921.5906238874534,2726900
2026-04-08,950.300048828125,958.1154039093881,930.193538820966,938.5571509390544,2568000
2026-04-09,952.18408203125,960.7271201034192,936.3340939531898,945.4851977929503,1672100
2026-04-10,936.5135498046875,960.9065767259203,932.5959244347699,960.6573634516782,1958900
2026-04-13,926.624755859375,942.9233400036062,924.2522406934972,937.0119477769471,2089600
2026-04-14,919.5969848632812,936.9721270972515,912.1604388328548,922.0891176135883,2360200
2026-04-15,902.1819458007812,927.0733372754216,885.2354439366069,920.593792445002,4233400
2026-04-16,901.1452026367188,917.1048301218852,895.3236147437239,908.801026960914,2836600
2026-04-17,924.1127319335938,927.0633780852016,914.9117367117833,914.9117367117833,3266100
2026-04-20,917.0051879882812,926.714527415211,909.6284507354939,923.9831596651563,1926300
2026-04-21,900.1782836914062,910.1766884000859,878.3371987354724,907.335681472196,4062800
2026-04-22,918.5802001953125,919.6368620764358,899.3907774964442,903.5476988439485,2623800
2026-04-23,914.76220703125,927.0733176106758,909.0203238453491,926.5649128306416,2149200
2026-04-24,881.17822265625,897.5863845225863,868.9866687765003,897.1777015529327,4463700
2026-04-27,865.5376586914062,888.3954929226531,865.3083411056161,875.3666156333151,2700300
2026-04-28,871.2496337890625,875.3865986071032,860.6331236396386,869.1562665576963,2561300
2026-04-29,848.5313110351562,866.2852615148557,847.8335017278876,863.3145980370119,3904600
2026-04-30,931.6588745117188,942.5245975408566,893.9778398405214,895.9516503339994,8236700
2026-05-01,960.2984619140625,981.3519933797763,940.8298927194866,945.9637102440191,4352400
2026-05-04,964.884033203125,971.1542174248215,948.7649352877417,956.9789952621817,3696900
2026-05-05,985.7581176757812,989.6757430478592,961.3750690069656,968.8315715497023,2955500
2026-05-06,983.9437866210938,993.3540818065266,980.4049704773616,988.2302425491248,3921200
2026-05-07,971.8919067382812,985.8877021637693,964.0565952407051,982.2691205937397,3494900
2026-05-08,945.4652709960938,976.9159720079372,944.528226711669,971.0046408254262,3559200
2026-05-11,963.9469604492188,991.8688252548543,940.2916560764954,946.0135830822682,3517500
2026-05-12,986.7549438476562,994.3808941728176,968.1237575297004,971.3735082738284,3037500
2026-05-13,1012.553466796875,1019.6012250311029,988.8782072975633,991.6195531343258,3486400
2026-05-14,1003.5320434570312,1014.9659194861617,992.8756812195201,1014.2880666688498,1751700
2026-05-15,1003.4819946289062,1012.9284798016497,995.9827312970458,1005.5390444380284,2820700
2026-05-18,986.6761474609375,1001.5647856023525,977.4693088655251,999.178190877578,2016000
2026-05-19,1019.9484252929688,1020.3378818647412,983.1910996039106,988.094107956462,3796000
2026-05-20,1017.4120483398438,1036.3948558298027,1002.2537773964797,1023.5232860815062,2998800
2026-05-21,1040.1595458984375,1045.8014857929354,1020.5376383552378,1022.8343960843537,2705200
2026-05-22,1063.47607421875,1068.808398995321,1045.57167691261,1048.307868346138,3470600
2026-05-26,1063.2164306640625,1080.451742706954,1058.8426932253383,1073.4617591589422,2981000
2026-05-27,1081.3704833984375,1091.4360159485423,1068.3690943364431,1070.7257027626156,2583000
2026-05-28,1125.1876220703125,1147.455638110124,1090.4473668092492,1095.0707462541504,4600700
2026-05-29,1103.4188232421875,1131.0392778714993,1087.4517135516282,1125.3873427999506,4600800
2026-06-01,1080.6513671875,1104.587159735981,1070.0665597342254,1093.4330996678991,2693400
2026-06-02,1062.6273193359375,1076.677132769508,1050.6444902803703,1065.8426825442275,2408500
2026-06-03,1077.236328125,1091.7155790692293,1052.002469217514,1057.9838879593763,2655600
2026-06-04,1123.6597900390625,1138.8279950698538,1100.0436081393668,1107.0136004539754,4046700
2026-06-05,1129.801025390625,1164.6211228863247,1129.4115688381448,1141.3344246475979,4126200
2026-06-08,1147.505615234375,1181.03751908803,1141.9635084077702,1157.3414957152966,4504400
2026-06-09,1143.0421142578125,1172.919223278413,1136.1219768622232,1163.3329844381367,3822000
2026-06-10,1134.743896484375,1164.7509449309998,1131.9079945381154,1150.8508199949233,2700600
2026-06-11,1159.2886962890625,1168.445618410937,1124.029286323124,1138.0790993007117,2764900
2026-06-12,1131.3787841796875,1168.3158452372213,1131.1891145616216,1163.3329952068277,2438400
2026-06-15,1127.7340087890625,1135.8623760352932,1110.4188544174863,1132.3773795658822,3167200
2026-06-16,1120.893798828125,1145.0491265040994,1113.9038152274152,1137.1903926745556,2260700
2026-06-17,1110.4088134765625,1119.8852242643832,1103.3189974099319,1115.1020393795836,2383300
2026-06-18,1096.9979248046875,1120.7239346907902,1087.1021934898963,1118.8866018077886,4470500
2026-06-22,1100.5029296875,1117.8480691305167,1091.5857763735082,1110.6484253196847,3015000
2026-06-23,1105.495849609375,1120.4145355415992,1077.6757287518992,1115.4016990916177,3316300
2026-06-24,1115.6612548828125,1133.5156741858484,1099.4045216639347,1127.7938930925102,2908200
2026-06-25,1126.0762939453125,1143.7910213581729,1112.4059419123287,1125.377344355867,2757200
2026-06-26,1206.3912353515625,1214.0203175181387,1126.385887971802,1127.1847919697527,7725800
2026-06-29,1228.170166015625,1236.2285651446412,1201.4184604014058,1221.0303724597723,3684700
2026-06-30,1197.7137451171875,1228.289924956779,1188.4968502714457,1227.1215552703966,3723600
2026-07-01,1190.03466796875,1215.7678118488911,1172.2502166027728,1215.7678118488911,2720400
2026-07-02,1212.1729736328125,1230.2370533783453,1178.611082932329,1191.3028563838745,3296100
2026-07-06,1198.3428955078125,1212.0532297801387,1181.6467274753898,1206.2714756707733,2348800
2026-07-07,1233.7921142578125,1247.662131997204,1221.020376270165,1231.115895395489,2933800
2026-07-08,1214.0902099609375,1240.1129788951298,1202.4369867212156,1219.352688556181,2608600
2026-07-09,1215.2086181640625,1228.2399936845827,1198.6523863592656,1209.906279625841,2088100
2026-07-10,1186.879150390625,1211.2242685582582,1176.633822247918,1208.5781581082656,2010200
2026-07-13,1180.1788330078125,1194.5782430153513,1164.3415420358285,1178.4213416763978,2072700
2026-07-14,1150.890869140625,1164.34156565823,1139.1077050062586,1164.34156565823,2642900
2026-07-15,1154.9749755859375,1159.1589215781396,1132.7768041389054,1143.8608966985407,2552200
2026-07-16,1167.4970703125,1187.3684977461296,1139.567000141386,1160.606919191865,2791100
2026-07-17,1177.4227294921875,1186.2500457002395,1149.3629637671152,1157.7908279788985,2757500
2026-07-20,1145.2589111328125,1185.421330587627,1142.7924747409952,1177.962048757002,2644200
2026-07-21,1173.7281494140625,1175.8949663653013,1137.3702140594844,1141.3644904916512,2092000
2026-07-22,1161.3458251953125,1173.3186586068066,1151.84942357698,1172.2302524500267,1555800
2026-07-23,1184.173095703125,1187.8877433808489,1140.1462196291377,1144.9792597871108,1909900
2026-07-24,1194.318603515625,1205.2129043908355,1185.8007800260423,1192.6409538306436,1983300
2026-07-27,1195.81640625,1203.3256648997135,1181.7564762179802,1199.28141154798,1592800
2026-07-28,1218.913330078125,1230.2370689685347,1203.2857000745194,1215.8576502767883,2375400
2026-07-29,1208.28857421875,1227.4310654142278,1203.0760728910564,1213.441224787548,2170900
2026-07-30,1153.3172607421875,1184.9519817244313,1151.4899232721182,1172.3500452513354,3027700
2026-07-31,1147.196044921875,1148.9835225461318,1117.398778298039,1146.8665610144578,2884600
2026-08-03,1119.75537109375,1160.2772591088094,1107.5628820454413,1150.351541298827,2934000
2026-08-04,1114.0836181640625,1134.2046878507613,1107.5729281811102,1115.7811368621565,4097200
2026-08-05,1168.18603515625,1215.1986246007277,1136.8010765387792,1172.3201258664246,6445700
2026-08-06,1190.234375,1229.1187185012384,1171.8208196082655,1194.8378857435737,3422400
2026-08-07,1184.0133056640625,1195.0875245338289,1159.5383677445811,1186.3000678654585,2898500
2026-08-10,1230.1771240234375,1230.1771240234375,1182.715228672979,1183.3143457370384,3011900
2026-08-11,1213.2813720703125,1236.2284690605584,1207.7992378032698,1228.8890110102868,2113200
2026-08-12,1218.533935546875,1224.745006119121,1189.3756445711867,1200.0104299084633,1941600
2026-08-13,1207.27001953125,1238.3254935867142,1204.2743122867555,1236.5281423774013,1927300
2026-08-14,1180.1600341796875,1199.0,1171.199951171875,1194.010009765625,2274500
2026-08-17,1183.1600341796875,1198.52001953125,1163.5,1175.199951171875,1807000
2026-08-18,1225.72998046875,1228.469970703125,1194.010009765625,1200.0,2509100
2026-08-19,1280.3399658203125,1292.6500244140625,1240.5400390625,1245.81005859375,4541800
2026-08-20,1244.4000244140625,1280.280029296875,1243.22998046875,1274.1300048828125,2621400
2026-08-21,1255.4000244140625,1271.219970703125,1230.0,1232.0,2497300
2026-08-24,1246.9300537109375,1262.1400146484375,1230.949951171875,1262.1400146484375,1664600
2026-08-25,1233.6600341796875,1264.72998046875,1229.7900390625,1249.0,2141100
2026-08-26,1189.4100341796875,1235.780029296875,1180.010009765625,1234.0,3000500
2026-08-27,1176.0999755859375,1190.1099853515625,1171.7099609375,1182.25,2730600
2026-08-31,1156.72998046875,1171.449951171875,1147.0,1168.469970703125,3055800
2026-09-01,1160.0,1188.3299560546875,1156.8499755859375,1188.0,2520100
