Date,Close,High,Low,Open,Volume
2018-01-02,78.55203247070312,78.88104678877039,78.14076805947431,78.71653962973676,22483800
2018-01-03,78.91758728027344,79.0638189327669,78.57029756466488,78.65254763966074,26061400
2018-01-04,79.61219787597656,80.11486061828093,79.11867635790803,79.1369518336686,21912000
2018-01-05,80.59923553466797,80.80030061817499,79.90464896601935,80.1148552731523,23407100
2018-01-08,80.68146514892578,80.95564600642082,80.05999458161801,80.60834932389925,22113000
2018-01-09,80.62663269042969,81.09273736442893,80.29761844674891,81.01962153856455,19484300
2018-01-10,80.26107788085938,80.59923341903689,79.88637139455875,80.29763580169293,18652200
2018-01-11,80.49871826171875,80.544410443094,79.73101570386783,80.544410443094,17808900
2018-01-12,81.88786315917969,82.05237030884334,80.8368456459236,81.03791071470252,24271500
2018-01-16,80.74543762207031,82.97542141757629,80.43470583296993,82.34480964560252,36599700
2018-01-17,82.38138580322266,82.50933503562712,81.11102772955684,81.4126253371003,25621200
2018-01-18,82.3448257446289,82.86576388380405,81.9427025843932,82.07065181347411,24159700
2018-01-19,82.25342559814453,82.81092159612648,81.94269378167422,82.38137481348046,36875000
2018-01-22,83.72486114501953,83.73400236826448,82.01581497915045,82.25343797454691,23601600
2018-01-23,83.98991394042969,84.35548622744591,83.66089957938624,83.98991394042969,23412800
2018-01-24,83.91678619384766,85.38820938530789,83.69744564181252,84.58395604603881,33277500
2018-01-25,84.38289642333984,85.21456651379141,84.01732416450702,84.5108456680247,26383200
2018-01-26,85.9639892578125,85.9639892578125,84.61138092136723,85.10490244067924,29172200
2018-01-29,85.83601379394531,87.2343208519183,85.65323120085813,86.95100574082048,31569900
2018-01-30,84.75757598876953,85.59839400860001,84.17266334966665,85.26937977751605,38635100
2018-01-31,86.83222198486328,87.18865302174882,85.46133123600784,85.68067180346564,48756300
2018-02-01,86.1467514038086,87.80095685880447,85.5252808339286,86.63113154437364,47227900
2018-02-02,83.88021850585938,85.88172085666305,83.6243200628307,85.58012327478943,47867800
2018-02-05,80.42559814453125,85.21457499077819,80.42559814453125,82.76524967746809,51031500
2018-02-06,83.46896362304688,83.60605408243555,77.91228518781442,79.41112507232036,67998600
2018-02-07,81.89701843261719,83.8710975945494,81.52230492693138,82.70127187300271,41107600
2018-02-08,77.69293975830078,82.14375998833124,77.46445799790217,81.98839406471059,55628700
2018-02-09,80.590087890625,81.27553318103992,76.61450660076049,78.8719075394939,63499100
2018-02-12,81.45830535888672,82.05235926229078,80.36159582391704,81.10187441138612,35720300
2018-02-13,82.09806060791016,82.25342651788257,80.24278999208475,81.27552494818946,26407700
2018-02-14,83.38360595703125,83.54888593635553,81.17988223999659,81.27170289396189,34960900
2018-02-15,85.08229064941406,85.13738162196726,83.20912052249615,83.75086710050786,27823900
2018-02-16,84.47624969482422,85.85357985289201,84.2926084759339,84.88944594005918,30596900
2018-02-20,85.13740539550781,85.44959700110412,83.56724919011522,83.99881394352951,30911700
2018-02-21,84.00796508789062,85.72503940330421,84.00796508789062,85.37611824531966,26922500
2018-02-22,84.22834777832031,85.14656804100335,83.8886037591603,84.5221779821603,24392800
2018-02-23,86.3677978515625,86.37698201595182,84.80682616769029,85.94541736069667,26329200
2018-02-26,87.6165771484375,87.64412263587263,86.54226110567855,86.679995548319,30199800
2018-02-27,86.49634552001953,88.00222618302628,86.49634552001953,87.91040555829944,25869100
2018-02-28,86.10151672363281,87.8828663944497,85.97296643867335,87.08401219037442,31167300
2018-03-01,85.25672912597656,86.83606871218784,84.32932492608033,86.30349940884442,37135600
2018-03-02,85.4404067993164,85.53222743368505,83.42950198095582,84.09062175715466,32830400
2018-03-05,85.98213195800781,86.56060811488138,84.71499070727657,84.78844299313572,23901600
2018-03-06,85.68829345703125,86.76260921756094,85.33937236540858,86.62487481110415,22175800
2018-03-07,86.18417358398438,86.25763290264854,84.87111803609396,85.54142205933853,26716100
2018-03-08,86.70753479003906,87.32274064999186,86.10150608826042,86.56061619368148,25887800
2018-03-09,88.64498138427734,88.64498138427734,87.23092139676874,87.49720610274092,36937300
2018-03-12,88.85618591308594,89.26020513487028,88.18588893745184,88.60826948501467,26073700
2018-03-13,86.68917083740234,89.28772863107221,86.28515171514434,89.06735774868787,35387800
2018-03-14,86.17497253417969,87.60740094562114,85.85359683482145,87.34111622173435,32132000
2018-03-15,86.47798156738281,86.84527106058512,85.23838565760639,85.88113701661212,27611000
2018-03-16,86.8636474609375,87.57985824399941,86.23925731574867,86.93710677342222,49081300
2018-03-19,85.29345703125,86.22086121226073,84.57724653707919,86.07394264655247,33344100
2018-03-20,85.51385498046875,86.1015154186524,85.3944888620913,85.44040267979456,23075200
2018-03-21,84.91702270507812,86.35862840245031,84.66909928268656,85.33021906844344,24457100
2018-03-22,82.44699096679688,84.24670168251981,82.32762486512657,83.80595291283925,38604700
2018-03-23,80.05045318603516,83.06221491823567,79.95863254892477,82.18072419213787,44068900
2018-03-26,86.11068725585938,86.31269681609042,83.00710557316275,83.19993097007492,56396800
2018-03-27,82.15315246582031,87.35945868800576,81.2716620212278,87.17581747243106,56569000
2018-03-28,82.07969665527344,83.76922533309502,81.6022252712699,82.4745315904059,52501100
2018-03-29,83.80596160888672,84.74255021459317,81.1706738970954,82.80510486946633,45867500
2018-04-02,81.28089141845703,83.44789278122202,80.35349357665199,83.07142594569483,48515400
2018-04-03,82.37353515625,82.68573367412152,80.702374634837,82.25416904952918,37213800
2018-04-04,84.77926635742188,85.17410129388138,80.55545515686715,80.66563708906557,35560000
2018-04-05,84.8251724243164,85.45874655081184,83.92532062701059,84.88027039540096,29771900
2018-04-06,82.85101318359375,84.8986403424982,82.16234802149808,84.00796561198018,38026000
2018-04-09,83.34686279296875,85.55059315848733,83.20913533706472,83.59478622452741,31533900
2018-04-10,85.28429412841797,85.65158362878041,84.1457029822125,84.83436816834286,26812000
2018-04-11,84.34769439697266,85.6607493493689,83.99877329975925,84.48542880563636,24872100
2018-04-12,85.92707061767578,86.4596401551865,84.87111570860205,84.87111570860205,26758900
2018-04-13,85.46794128417969,86.4779821431121,84.8802808933294,86.35861603434904,23346100
2018-04-16,86.46878051757812,86.91871338648184,85.78011547935824,86.37695991357475,20288100
2018-04-17,88.21341705322266,88.64498168140119,87.12073273978888,87.23092168915288,26771000
2018-04-18,88.55315399169922,88.8102545142301,87.70838612493,88.35114443672101,21043300
2018-04-19,88.2501449584961,89.1316355195898,87.54311147361628,88.55315930915889,23552500
2018-04-20,87.2309341430664,88.25015930243842,86.3586276038219,88.06651803274443,31154400
2018-04-23,87.55227661132812,88.41540566305707,86.89115708280917,87.91038185503211,22331800
2018-04-24,85.50466918945312,88.5807055174848,84.85273367557797,88.36951178502122,34524800
2018-04-25,84.76090240478516,85.6699454251039,82.89691656398176,85.6699454251039,33729300
2018-04-26,86.55144500732422,87.36866049092222,85.48630612663281,85.89950945330023,42529000
2018-04-27,87.9838638305664,89.89376362657663,86.23006680077594,89.61829475015541,48272800
2018-04-30,85.8719482421875,88.51642684688662,85.53221125872449,88.45215171443708,41523600
2018-05-01,87.2309341430664,87.49721888794845,85.2016679894467,85.58731885908331,31408900
2018-05-02,85.86279296875,87.3870352148179,85.5689627161667,87.22175525989816,27471000
2018-05-03,86.37696838378906,87.16663826548742,84.88944923339976,85.35774346684035,31142500
2018-05-04,87.37783813476562,87.57066353730191,85.3210198301168,85.6883093134801,22531300
2018-05-07,88.35114288330078,88.80106878981906,87.32273380579532,87.38700893529793,24242000
2018-05-08,87.97463989257812,88.29602243825829,87.28597501834011,88.01136952652618,23484600
2018-05-09,89.01225280761719,89.03979828790854,87.2768174946326,88.15830789127057,27327400
2018-05-10,89.90293884277344,89.93966148420779,89.11326894812196,89.48973556926668,22388100
2018-05-11,89.71009826660156,89.86620100305342,89.10407666169013,89.80192587820731,16778300
2018-05-14,90.01314544677734,90.61917427848844,89.35202563235279,89.91214064149217,19454100
2018-05-15,89.3611831665039,89.84783871668154,88.46132435272106,89.28772387446783,24594000
2018-05-16,89.59176635742188,89.82231644736078,89.10300129248427,89.7854275886709,17384700
2018-05-17,88.69719696044922,89.95138953291682,88.37442836514381,89.23207465314258,17246700
2018-05-18,88.86319732666016,89.38885107340639,88.54042871652265,88.54042871652265,17865800
2018-05-21,90.00674438476562,90.38484987031111,89.26898839485415,89.45342563337461,19422500
2018-05-22,89.91453552246094,90.5324080779647,89.63787259882889,90.08053186947409,15441200
2018-05-23,90.98429107666016,91.04884482055597,88.82633857131499,89.18599614956746,21251200
2018-05-24,90.6614990234375,91.2424896498875,89.27819872934377,91.04882845301388,26649300
2018-05-25,90.70760345458984,91.27937005614272,90.24650339922322,90.65227369941097,18363900
2018-05-29,90.38481903076172,91.18712848398813,89.66550419580263,90.22803969210025,28671000
2018-05-30,91.25170135498047,91.52836421227096,90.2926193975852,90.66149382620088,22158500
2018-05-31,91.1502456665039,92.21077708581288,90.93814360413874,91.5652398927523,34140900
2018-06-01,92.94852447509766,93.013078183685,91.45455817315661,91.5560007203405,28655600
2018-06-04,93.76008605957031,93.93530633672795,93.00388223012023,93.3819876627596,27281600
2018-06-05,94.2396469116211,94.36875438527906,93.63099136223673,94.06442661058688,23514400
2018-06-06,94.51628112792969,94.61772369626745,93.9721864757799,94.50706419322844,21122900
2018-06-07,93.03156280517578,94.70075011592704,92.57046265976503,94.66386125999459,28232200
2018-06-08,93.72318267822266,94.01828639430563,92.71798806388077,93.22519383811498,22165100
2018-06-11,93.1883316040039,93.68631351288427,92.83789103041448,93.15144275226665,23490900
2018-06-12,93.4281005859375,93.55720805186631,92.91167072222225,93.23443938704428,18325200
2018-06-13,93.00389099121094,94.07364662604031,92.73645208250359,93.80620771733297,29492900
2018-06-14,93.52953338623047,94.09207601570733,93.14221102896627,93.74164250711047,25691800
2018-06-15,92.33988189697266,93.63096328218488,92.28455214937831,93.61252237826261,65738600
2018-06-18,93.01310729980469,93.24365733633289,91.68513683793704,92.22923858277454,23586000
2018-06-19,93.01310729980469,93.14221475739417,91.75891453822496,91.89724596730763,28653100
2018-06-20,93.94453430175781,94.54395878647206,93.2528841709377,93.4834342145444,26180800
2018-06-21,93.27130126953125,94.48860490760345,93.03152731535467,94.13817146367396,23198200
2018-06-22,92.5981216430664,92.93010722842186,91.87879960661444,92.5981216430664,38923100
2018-06-25,90.73526000976562,92.32144518047141,89.73006535846244,92.220002614729,35433300
2018-06-26,91.37158966064453,92.29378978147665,91.06726193217108,91.13181565919619,26897200
2018-06-27,89.95140075683594,92.23845311965374,89.82229330260405,91.83268985028008,31298400
2018-06-28,90.95658874511719,91.3992478665679,89.69317917473393,89.80383867822557,26650700
2018-06-29,90.93815612792969,92.13701912109275,90.67994121514471,91.23325989051662,28053200
2018-07-02,92.229248046875,92.27535383741453,90.3756235929466,90.46784220985514,19564500
2018-07-03,91.34391784667969,92.80098857972409,91.24247527822476,92.66266420076559,14670300
2018-07-05,91.99868774414062,92.1462361076013,91.3254785475831,91.75891373820976,18977400
2018-07-06,93.28975677490234,93.53874768286866,91.91567368851936,92.1185588172915,19234600
2018-07-09,93.92609405517578,94.29497556234107,93.37277531234263,93.74165681950791,18212000
2018-07-10,94.17505645751953,94.53471385617514,93.93528251314017,94.06438993646131,19293100
2018-07-11,94.04597473144531,94.37796031367839,93.23443409359234,93.28054691558992,19644600
2018-07-12,96.08404541015625,96.28693058901223,94.73763390191056,94.77451572003939,24335900
2018-07-13,97.22755432128906,97.38432664565411,95.99180256047299,96.25002449192085,24635200
2018-07-16,96.74803161621094,97.58723018517944,96.38836704570497,97.19990776873244,21786900
2018-07-17,97.70709991455078,98.21431279495945,96.2039162516201,96.47135513076026,25901700
2018-07-18,96.94168090820312,97.79932731681505,96.57279944633683,97.69788473890611,29493900
2018-07-19,96.27770233154297,97.11690085529861,95.80737825929401,96.76646731203559,40171600
2018-07-20,98.00220489501953,99.78205143054332,97.8269916543689,99.67139191767527,56004000
2018-07-23,99.56996154785156,99.72673390085441,97.87310943894052,98.02988882777288,29707000
2018-07-24,99.28408813476562,100.35383682908572,98.91520660589215,100.12328675301855,26316600
2018-07-25,102.20743560791016,102.5025393493425,99.22872628134745,99.56071886993736,30702100
2018-07-26,101.09158325195312,102.36421692952999,100.98091670075256,102.12444291984318,31372100
2018-07-27,99.3025131225586,101.60801351355798,97.88232403740352,101.60801351355798,37005300
2018-07-30,97.1722412109375,99.1641900581861,96.60969850520692,98.85064535575498,34668300
2018-07-31,97.82698059082031,98.41718804546372,97.18143635017243,98.20507894340693,27655200
2018-08-01,98.01142120361328,98.16819352513863,97.21832858953103,97.7808711887249,23628700
2018-08-02,99.20106506347656,99.68060602255403,96.68345567979159,97.19989252321554,26104300
2018-08-03,99.63449096679688,99.64371493702511,98.50940581709695,99.41316493211374,18659600
2018-08-06,99.71749114990234,99.98493001480666,99.1918373908361,99.70827421498812,20265900
2018-08-07,100.40914154052734,100.6120266825728,99.7543803321804,100.11403779823254,16080200
2018-08-08,100.97167205810547,101.21144601870536,100.2984700246503,100.82412372253987,15487500
2018-08-09,101.13768005371094,101.58956315409948,101.07312633020231,101.17456890083417,13677200
2018-08-10,100.51981353759766,101.15613387475953,99.94804692769652,100.90713590116202,18183700
2018-08-13,99.79127502441406,101.05469173289815,99.68983244744965,100.74114003069124,18472500
2018-08-14,101.03623962402344,101.21145989261467,99.63449858277856,100.11403953388572,16788300
2018-08-15,99.66615295410156,100.89739390730415,98.88852002601575,100.43451935053326,29982800
2018-08-16,99.64762878417969,100.77704377346073,99.33287749229736,100.25862655722872,21384300
2018-08-17,99.59209442138672,99.88833386439953,98.76817824979156,99.38842848002065,18061500
2018-08-20,98.934814453125,99.88833494996939,98.5737728487452,99.52729334558958,17914200
2018-08-21,98.11089324951172,99.379165003024,97.99054134560987,98.98109260538241,22881900
2018-08-22,99.11067962646484,99.36988820056841,97.92572210890347,97.99052425242935,18000600
2018-08-23,99.57357788085938,100.14754490553787,98.93481576008291,99.1940243960972,18167700
2018-08-24,100.35118103027344,100.49929717987754,99.57354829041543,99.67538123328855,17234000
2018-08-27,101.46210479736328,101.49913561068199,100.45304162032396,101.15660588466304,19662300
2018-08-28,102.07308959960938,102.29526738826925,101.63798642725969,101.77685019376133,19151500
2018-08-29,103.70242309570312,103.71168256538994,102.08236198290257,102.24899712273543,20818000
2018-08-30,103.63758850097656,104.24858617679116,103.16546163828751,103.37837993411111,22798700
2018-08-31,103.9893798828125,104.40596407967955,103.23951844038639,103.39690112762636,23222700
2018-09-04,103.41543579101562,103.64687307648371,102.03607154723929,102.61929096397293,22634600
2018-09-05,100.43450164794922,103.14694635504733,100.07346012233752,102.767392958106,32872400
2018-09-06,100.66595458984375,100.89739186354123,99.52728715847898,100.21233951101011,23477600
2018-09-07,100.17528533935547,100.64741924521277,99.26805539324911,100.1938042721596,22498600
2018-09-10,101.25843811035156,101.49913486369903,100.31417709784292,100.75853272858626,20727900
2018-09-11,102.98033905029297,103.30434985777443,100.80482984245361,100.81408931206906,24301800
2018-09-12,103.41543579101562,103.54504010584532,102.30453964593093,103.15622716135623,18891100
2018-09-13,104.52632904052734,105.28544298202384,103.7949864405763,103.7949864405763,26055600
2018-09-14,104.95216369628906,105.28543389187014,104.09121686818862,104.94290422893843,19122300
2018-09-17,103.8134994506836,105.25766573009852,103.55429084288141,105.2484133247519,20736500
2018-09-18,104.80403137207031,105.25764635221383,103.4246674985462,103.85977060849966,22170900
2018-09-19,103.40615844726562,104.90587434050498,102.7951677919561,104.65592522308387,21728400
2018-09-20,105.1373291015625,105.3502545105382,103.61910108343133,103.94311186847663,23714500
2018-09-21,105.77609252929688,106.72961295767978,105.08178071489321,105.53539578935687,71229700
2018-09-24,106.15563201904297,106.36855738846536,103.88754988214266,104.63740428293995,27334500
2018-09-25,105.95197296142578,106.55371123954869,105.30395146985006,106.27599077011818,22668000
2018-09-26,105.51689147949219,106.51669519609844,105.29470659766366,105.97050658647409,19352000
2018-09-27,105.91495513916016,106.37782967700198,105.72054161791026,106.25747777690395,19091300
2018-09-28,105.8779067993164,106.063053758638,105.23913778272043,105.71127171076544,21647800
2018-10-01,107.0258560180664,107.09065817376239,106.21119933747322,106.22971121214125,18883100
2018-10-02,106.5999984741211,107.23876047961764,105.94271753344823,106.7388622363262,20787200
2018-10-03,106.6185073852539,107.55351582436879,106.39632960963893,106.84994462819988,16648000
2018-10-04,104.41523742675781,106.2389642068008,103.34136512591644,106.10010043508444,34821700
2018-10-05,103.80422973632812,104.7670095152075,102.4248657450153,104.2671042225449,29068900
2018-10-08,102.6192855834961,103.71166979614644,101.22140247494828,103.3691471518721,29640600
2018-10-09,103.9245834350586,104.68369732317404,102.5729907592874,102.88774202520891,26198600
2018-10-10,98.2774887084961,103.22098354362079,97.93495913525808,102.98028689586158,61376300
2018-10-11,98.04607391357422,100.84183261290819,96.4630370061691,97.52764970287686,63904300
2018-10-12,101.43433380126953,102.9803331823785,99.1662512152309,100.9159165388391,47742100
2018-10-15,99.61058044433594,101.35099290038424,99.00884224544484,100.82331630875129,32068100
2018-10-16,102.75813293457031,103.13769339236036,100.86034477142793,101.40654032189832,31610200
2018-10-17,102.48968505859375,103.50800768626881,101.41581974339805,103.38766284233901,26548200
2018-10-18,100.44376373291016,102.32303302107412,99.82351361509426,101.9249606795243,32506200
2018-10-19,100.59188842773438,102.62853337620223,100.17529714538577,100.84183754682013,32785500
2018-10-22,101.4898681640625,102.3323032093066,100.20307751973317,101.20288821203226,26545600
2018-10-23,100.073486328125,100.87889066849925,97.30549821929357,99.76798739940656,43770400
2018-10-24,94.72262573242188,100.43449466390994,94.04682593796849,100.36044012083705,63897800
2018-10-25,100.25862884521484,101.15659952585064,98.2682668976097,98.63856794461381,61646800
2018-10-26,99.01811218261719,100.67520374000112,96.98146720798121,97.84241406041187,55523100
2018-10-29,96.13903045654297,100.62891161079169,94.08386658454805,100.08272310110335,55162000
2018-10-30,96.02794647216797,96.62967766930348,92.67673256367402,95.9631443249578,65350900
2018-10-31,98.87924194335938,100.11048972768616,97.56468014469212,97.6109704168172,51062400
2018-11-01,98.05534362792969,99.35139378911569,97.69430204156501,99.10144463813442,33384200
2018-11-02,98.2774887084961,99.35135356413309,97.18510492300716,98.57372802000654,37680200
2018-11-05,99.52729797363281,99.74021633334446,98.03684120402782,98.47194445592449,27922100
2018-11-06,99.72167205810547,100.75850629981717,98.38859138972921,99.40691376122616,24340200
2018-11-07,103.6468505859375,103.90605915935069,101.27693555712673,101.3139663623149,37901700
2018-11-08,103.45244598388672,103.87828965671933,102.67482024990646,103.49873625691583,25644100
2018-11-09,101.43433380126953,103.17473965578992,100.68447925198187,102.61929157991366,32039200
2018-11-12,98.934814453125,101.79537594365816,98.22198365059681,101.29547055384639,33621800
2018-11-13,98.99961853027344,100.66596279904078,98.72189095402605,99.56432608917898,35374600
2018-11-14,97.59568786621094,100.65456086513805,97.13081367962779,100.5057977205912,39495100
2018-11-15,99.743408203125,100.22688134821838,96.61016060393656,97.61428349486621,38505200
2018-11-16,100.68245697021484,101.23100513163368,99.29713381446281,99.55746223638481,33502100
2018-11-19,97.27027893066406,100.933482756782,96.27544843899044,100.66385487298409,44773900
2018-11-20,94.56470489501953,95.7361898154035,92.3704981967714,94.6483859360412,64052500
2018-11-21,95.8663558959961,97.09362347215321,95.05747225289043,96.32193061540592,28130600
2018-11-23,95.82913208007812,96.5171436570269,94.83430194148734,94.99235740897028,13823100
2018-11-26,98.99028778076172,99.1390437978617,97.23306432493646,97.42831058742644,32336200
2018-11-27,99.61325073242188,99.78990521201301,97.95829958704567,98.80436700807172,29124500
2018-11-28,103.31364440917969,103.50889072130353,100.2826626493629,100.31055396632098,46788500
2018-11-29,102.448974609375,103.31364087256279,101.37046310113341,102.57913881300179,28123200
2018-11-30,103.09978485107422,103.17416641491972,101.6772711362564,102.9231304102952,33665600
2018-12-03,104.21548461914062,105.4520515733395,102.95103344401683,105.06155898572406,34732800
2018-12-04,100.8962631225586,104.72682794050696,100.60804347450515,104.07600709218781,45197000
2018-12-06,101.51922607421875,101.56570923634064,97.62357816149972,98.38597153578618,49107400
2018-12-07,97.45622253417969,101.76095487510167,96.97275650945875,100.76612441646886,45044900
2018-12-10,100.03160095214844,100.39420925984761,96.59153560361581,97.4376098325547,40801500
2018-12-11,100.96136474609375,103.15557130708585,99.89215987313781,102.08636643412991,42381900
2018-12-12,101.41696166992188,103.45310593265408,101.37977088106324,103.09980407862354,36183000
2018-12-13,101.76097869873047,103.08122706625915,100.99858515094962,101.88185055327122,31333400
2018-12-14,98.58121490478516,101.58430515036594,98.08844942178357,100.64525734510019,47043100
2018-12-17,95.66179656982422,98.36736737353206,94.5646933545878,98.00476612466221,56957300
2018-12-18,96.66592407226562,97.1679889648928,95.3177848901882,96.46137832785277,49319200
2018-12-19,96.40560150146484,99.37149369355274,94.22998683591966,96.36841071902464,68198200
2018-12-20,94.37875366210938,96.98204469413606,91.84053763513121,95.81056692176158,70334200
2018-12-21,91.32919311523438,95.76409008852133,90.6132828383752,94.49033216186886,111242100
2018-12-24,87.5172119140625,91.08744935974066,87.37775533265946,90.81782147999952,43935200
2018-12-26,93.49549865722656,93.61637049137062,87.3591605162542,88.45626393338392,51634800
2018-12-27,94.0719223022461,94.08122177031775,89.62772708170264,92.32399825580859,49498500
2018-12-28,93.33745574951172,95.21555178040072,92.52857196273258,94.91802543668736,38196300
2018-12-31,94.43452453613281,95.20621724574463,93.38391162213968,94.17419617467723,33173800
2019-01-02,94.01615142822266,94.60189030844347,91.98929983370067,92.55644686887081,35329300
2019-01-03,90.5574951171875,93.15149399117813,90.37154118208474,93.06781294702756,42579100
2019-01-04,94.7692642211914,95.30852004981328,91.98001874083857,92.71452090187499,44060600
2019-01-07,94.89012145996094,96.0151161967689,93.88599855752062,94.49962882604429,35656100
2019-01-08,95.57814025878906,96.66594420600957,94.56471079405098,95.80127789307129,31514400
2019-01-09,96.94486999511719,97.51201713016418,95.98723020448902,96.56367681040736,32280800
2019-01-10,96.32193756103516,96.46140124658122,95.1876433222731,95.96863570528046,30067600
2019-01-11,95.57814025878906,96.17317867915331,94.49962868849293,95.94074157452923,28314200
2019-01-14,94.88082885742188,95.64322227614912,94.146326756277,94.74136517609254,28437100
2019-01-15,97.63288116455078,97.67007195164445,94.72276414187279,95.30851017182643,31587600
2019-01-16,97.97686767578125,98.7950506725982,97.58637511461836,97.86530242597253,29853900
2019-01-17,98.66487884521484,99.13904530701616,97.40042076024672,97.6235583360012,28393000
2019-01-18,100.14319610595703,100.31985056619368,98.46965329559843,99.91075901340024,37427600
2019-01-22,98.25580596923828,99.57604692459084,97.49341260552879,99.2506364205838,32371300
2019-01-23,99.21345520019531,99.52027388787432,97.93969728352094,98.6649070253307,25874300
2019-01-24,98.73926544189453,99.48306691036669,97.93968134598275,99.35290271739653,23164800
2019-01-25,99.6411361694336,100.301256694439,98.739279069798,99.70621827490125,31225600
2019-01-28,97.69793701171875,98.99958583650213,97.30744449230836,98.79504010916847,29476700
2019-01-29,95.70830535888672,97.59569353101836,94.99239509768105,97.51201248399933,31490500
2019-01-30,98.90662384033203,98.90662384033203,97.0006440382168,97.27027190253312,49471900
2019-01-31,97.0936050415039,97.8281069724671,95.93141978872971,96.50786622773542,55636400
2019-02-01,95.55952453613281,96.78679194928101,95.15973250265337,96.48927279134861,35535700
2019-02-04,98.31159973144531,98.36738946231814,95.55024568273566,95.64322620305113,31315100
2019-02-05,99.6875991821289,99.73408233423439,98.51611451047125,98.60908790809776,27325400
2019-02-06,98.58121490478516,99.48307192541081,98.11634073690941,99.48307192541081,20609800
2019-02-07,97.8746109008789,98.17213010500232,96.96346144162102,97.80023641991107,29760700
2019-02-08,98.24651336669922,98.34878625988098,96.93557178937814,97.05643652976683,21461100
2019-02-11,97.8559799194336,99.09254649874474,97.59565160661326,98.73923770841897,18914100
2019-02-12,99.38080596923828,99.61324306938027,98.06986441301446,98.68349466881229,25056600
2019-02-13,99.30642700195312,100.2082841091281,99.21345357813888,99.94795568508121,18394900
2019-02-14,99.39009857177734,99.75269985547057,98.23721262089163,98.84154336476908,21784700
2019-02-15,100.61738586425781,100.69176744820051,99.81780157041946,100.32916609325268,26606900
2019-02-19,100.57087707519531,101.0264588728598,100.20827578704078,100.21757525667516,18038500
2019-02-20,100.0479736328125,100.78561236021362,99.24497487253834,100.71091314444176,21607700
2019-02-21,102.15821075439453,102.22357080683251,99.78656337152674,99.81457380489852,29063200
2019-02-22,103.61480712890625,103.82955852736787,102.54102876546455,102.75578728763738,27763200
2019-02-25,104.19368743896484,104.74458528798812,103.88556561951127,104.35242506416735,23750600
2019-02-26,104.91267395019531,105.73434415688274,103.80154599133975,103.88558441090827,21536700
2019-02-27,104.73523712158203,104.91264597492257,103.53073900283088,104.28705608242902,21487100
2019-02-28,104.60453796386719,105.39819768558682,104.32442653934233,104.61387714846452,29083900
2019-03-01,105.07139587402344,105.52891618043107,104.26839697984079,105.40753527734225,23501200
2019-03-04,104.81930541992188,105.74368531011287,103.45607642441168,105.52892678829515,26608000
2019-03-05,104.29642486572266,104.94069335053415,103.85758285477792,104.80997324111033,19538300
2019-03-06,104.34308624267578,105.19277385427873,104.04429648200757,104.45513507431754,17687000
2019-03-07,103.0732421875,104.15635967154809,102.58771143087516,104.01630039361625,25339000
2019-03-08,103.1852798461914,103.37202078071165,101.5886213478002,101.92476072890467,22818400
2019-03-11,105.35151672363281,105.46355844471744,103.62413799437518,103.63347005532513,26491600
2019-03-12,106.08916473388672,106.43463623528764,105.18345608393388,105.34218661829166,26132700
2019-03-13,106.91080474853516,107.3776641579174,106.23852605923123,106.56532622105696,35513800
2019-03-14,106.99486541748047,107.56443462330097,106.75210358697855,106.94818373794297,30763400
2019-03-15,108.22737884521484,109.47855895676804,106.99486285657647,107.69515214627862,54681100
2019-03-18,109.77734375,109.81469336525524,108.35809398885458,108.47013571090957,31207600
2019-03-19,109.85204315185547,110.58968202594784,109.2357851847489,110.26287467288245,37588700
2019-03-20,109.73065185546875,110.87912934011904,108.97434175808351,109.60927095209536,28113300
2019-03-21,112.25169372558594,112.81192367292404,109.32914884205992,109.37583763921738,29854400
2019-03-22,109.29180908203125,111.66344901419697,109.28246989762448,111.57941772566744,33624500
2019-03-25,109.86137390136719,110.18817410562987,108.61018681741983,108.83427736838422,27067100
2019-03-26,110.09481811523438,110.84178909125521,109.10507106453288,110.75775779498369,26097700
2019-03-27,109.03036499023438,110.37492263592199,107.86321623493906,110.06679365483346,22733400
2019-03-28,109.17976379394531,109.78668257335133,108.43278573872087,109.65596248224365,18334800
2019-03-29,110.12281036376953,110.47762098451452,109.20776269887678,110.24419125735626,25399800
2019-04-01,111.13123321533203,111.21527163039491,110.27221343752652,111.0658731697101,22789100
2019-04-02,111.28996276855469,111.5607421160738,110.66436566456426,111.16857474714706,18142300
2019-04-03,112.01827239990234,112.44778229590851,111.25262308550687,111.91556273741057,22860700
2019-04-04,111.4487075805664,112.26104572736851,110.53365976725907,112.13965769038353,20112800
2019-04-05,111.94359588623047,112.26106412300796,111.45806502986241,111.47673627969061,15826200
2019-04-08,111.98092651367188,112.06495780921249,110.77642807827912,111.86887766257335,15116200
2019-04-09,111.37400817871094,111.616777128605,110.72040768712434,110.76708936583132,17612000
2019-04-10,112.22369384765625,112.37308518992687,111.61677504610032,111.82219437496948,16477200
2019-04-11,112.35437774658203,112.83990835717793,111.97154964362234,112.55045782722895,14209100
2019-04-12,112.93331909179688,112.96133664791964,112.3917674431804,112.64386845859573,19745100
2019-04-15,113.02667236328125,113.52154222590251,112.57848417005823,112.92396271741158,15792600
2019-04-16,112.76526641845703,113.58694388652204,112.13967625433463,113.57760469973613,14071800
2019-04-17,113.6989974975586,113.77369675221613,112.55052673297938,113.20412740195023,19300900
2019-04-18,115.19290161132812,115.33295374535876,113.2601038008979,114.09111304012525,27991000
2019-04-22,115.55709838867188,115.78118901793802,114.44597018221813,114.49265899501688,15648700
2019-04-23,117.12571716308594,117.25643725712153,115.6224289579656,115.87452996111688,24025500
2019-04-24,116.72421264648438,117.50853317676774,116.26668521344186,117.45251231709337,31257000
2019-04-25,120.58981323242188,122.66267072550787,120.2910305361025,121.43950101283745,38033900
2019-04-26,121.28076934814453,121.869016921011,120.46843831698403,121.1033604453802,23654900
2019-04-29,121.1687240600586,121.55153803920774,120.77656377214015,121.29009784726212,16324200
2019-04-30,121.94369506835938,122.03705841069566,120.8138889209574,121.20604915257746,24166500
2019-05-01,119.40401458740234,121.99041376381393,119.23594483821121,121.87837201349485,26821700
2019-05-02,117.84467315673828,119.51603100770696,117.20040477249998,119.49735976229465,27350200
2019-05-03,120.35638427734375,120.85125425227024,118.81575348708921,118.91846315626768,24911100
2019-05-06,119.65607452392578,120.03890270250588,117.75129418604304,118.01273434521478,24239800
2019-05-07,117.20040893554688,118.75038593711551,115.98657847673503,118.07810709902361,36017700
2019-05-08,117.19107055664062,117.99406944510429,116.48144214094266,117.1257105133336,28419000
2019-05-09,117.18173217773438,117.45251153721344,115.37965425849887,116.0519330649696,27235800
2019-05-10,118.70369720458984,119.45067527483482,115.61308950828015,116.63084695089616,30915100
2019-05-13,115.1742172241211,117.2284029416179,114.88476666397443,115.88384553552612,33944900
2019-05-14,116.46276092529297,117.53653195573655,115.50102447938211,115.65976210557545,25266300
2019-05-15,118.10282897949219,118.74948222900501,115.92858255440808,116.45340558810436,24722700
2019-05-16,120.83001708984375,121.25175745868842,118.5151998649632,118.78698158814498,30112200
2019-05-17,120.02403259277344,122.26388070891879,119.88344773517932,120.24894548467054,25770500
2019-05-20,118.29026794433594,119.57419353399882,117.85916816276269,118.57141624532015,23706900
2019-05-21,118.92753601074219,119.51795382115691,118.6276402284567,119.4242377298326,15293300
2019-05-22,119.64918518066406,120.18338203871942,118.5714320084125,118.66515527128044,15396500
2019-05-23,118.25277709960938,118.35586695240113,116.90324240857545,118.27151745917153,23603800
2019-05-24,118.30899810791016,119.4148651566646,118.05596394382408,118.93691094115987,14123400
2019-05-28,118.23404693603516,119.95844616765655,118.13095707435339,119.00253044579348,23128400
2019-05-29,117.09068298339844,117.51240900373234,116.24722379265059,117.5030352488129,22763100
2019-05-30,117.8310546875,117.85916880274307,116.9407338543485,117.39058114847812,16829600
2019-05-31,115.90985870361328,116.79080590522717,115.57247497321141,116.42530805563868,26646800
2019-06-03,112.31108093261719,116.55649091208123,111.53323089252349,116.06915576760241,37983600
2019-06-04,115.42252349853516,115.53497996834237,113.07021128729767,113.66062920402771,29382600
2019-06-05,117.92476654052734,117.9622544095278,116.40654002136861,117.1000477226772,24926100
2019-06-06,119.78974914550781,119.93032687355803,117.70921879058938,118.49644977762242,21459000
2019-06-07,123.14481353759766,123.94141816457893,120.20208402993082,121.07366438769985,33885600
2019-06-10,124.26941680908203,125.65643187300017,123.70710606146737,124.08197035977292,26477100
2019-06-11,123.80086517333984,125.80641978097015,123.03237454884128,125.46903609463232,23913700
2019-06-12,123.22920227050781,123.67904247224821,122.49820658011886,123.14484561379972,17092500
2019-06-13,124.007080078125,124.6443526108534,123.29481748252911,123.68842951159627,17200800
2019-06-14,124.12885284423828,125.38466418489722,123.36974321742443,123.95078726754689,17821700
2019-06-17,124.50374603271484,125.32845058391726,124.20384306852456,124.29756631987414,14517800
2019-06-18,126.66859436035156,126.74357008698209,125.17848933148368,125.75953333767319,25934500
2019-06-19,127.1653823852539,127.39029541770965,125.40348736345794,126.5187288166089,23744400
2019-06-20,128.34616088867188,129.01156167699372,127.19343921611303,128.8147485620881,33042600
2019-06-21,128.3649139404297,129.07716208670809,127.88695964097253,127.99941611139504,36727900
2019-06-24,129.12405395507812,129.7050982552152,128.39305812582023,128.39305812582023,20628800
2019-06-25,125.04727935791016,128.94593159968713,124.39125958168773,128.62729546554462,33327400
2019-06-26,125.51590728759766,127.21220694712169,125.20665195812929,125.9095335799747,23657700
2019-06-27,125.72206115722656,126.24689133895703,125.12226953540915,125.71269455225575,16557500
2019-06-28,125.54399108886719,126.14378262099605,124.79424809866657,126.11566851012736,30043000
2019-07-01,127.15592193603516,128.11184462651903,126.49053556434735,128.04624979980656,22613500
2019-07-02,127.9994125366211,128.0087791421742,126.83730994078489,127.56830557843892,15237800
2019-07-03,128.82412719726562,129.08653514574118,127.72761947665488,128.2055880472187,13629300
2019-07-05,128.44920349121094,128.70224474580462,127.1933924205183,127.39957206497895,18141100
2019-07-08,128.3555145263672,128.48671847504428,126.86539517334259,127.83068443150086,16779700
2019-07-09,127.88690948486328,128.3648635968711,127.26837053980192,127.45580268371738,19953100
2019-07-10,129.1896209716797,129.87375493741123,128.41176375577768,128.5148536109011,24204400
2019-07-11,129.7050323486328,130.4735228197629,129.2083306734517,129.5176001825535,22327900
2019-07-12,130.17361450195312,130.38917506913216,129.33952924244326,130.1267671874992,18936800
2019-07-15,130.17361450195312,130.7734059885652,129.76126947378492,130.6796970595003,16651500
2019-07-16,128.4679718017578,130.3142079987972,127.94315600364351,130.22986566699126,22726100
2019-07-17,127.7088851928711,129.2645853599986,127.66202356671701,129.04903903988247,20211000
2019-07-18,127.84944152832031,128.0368737118955,126.209384896759,127.0341036646807,30381800
2019-07-19,128.036865234375,131.8324274761386,127.87754717387682,131.41070151597776,48992400
2019-07-22,129.73313903808594,130.44540124866816,128.70225503353524,128.77723075571004,25074900
2019-07-23,130.53915405273438,131.19518826722913,129.35831820693474,130.9796276309641,18034600
2019-07-24,131.8793182373047,131.89806574861151,130.1268048843877,130.173652212413,20738300
2019-07-25,131.3826141357422,131.77622606531844,130.56727616020288,131.60752706683664,18356900
2019-07-26,132.46035766601562,132.77899384607088,131.48570161521116,131.55129645220575,19037600
2019-07-29,132.16983032226562,132.61967045850167,130.61411590508914,132.6103038536368,16605900
2019-07-30,131.53256225585938,132.34790021052507,131.01711296836243,131.33574914602943,16846500
2019-07-31,127.7088851928711,131.6637661975785,126.59364427114244,131.51381471394964,38598800
2019-08-01,129.38644409179688,132.08551404213475,128.32743122652846,128.39304037400944,40557500
2019-08-02,128.29930114746094,129.6301027436691,126.76233412806678,129.41454211461277,30791600
2019-08-05,123.90396118164062,125.51588965176916,122.56379297487317,124.92547889648668,42749600
2019-08-06,126.22813415527344,127.15592848188993,124.84111881739561,125.3940487716643,32696700
2019-08-07,126.7811050415039,127.1278554128838,123.54785231061389,125.38470834837975,33414500
2019-08-08,130.16429138183594,130.2580146423671,127.39024589195803,128.0181659972256,27496500
2019-08-09,129.0583953857422,130.62347616036615,127.88692645562026,129.90184729536685,23466700
2019-08-12,127.25904083251953,129.19900076786826,126.74360580443677,128.45863849650743,20484300
2019-08-13,129.8925323486328,130.07996459196022,126.51869476808513,127.50273192075849,25154600
2019-08-14,125.98086547851562,128.7453382646659,125.68937598774652,128.2187747525953,32527300
2019-08-15,125.69879913330078,126.54507438932377,124.35418234721921,126.3664158014595,28074400
2019-08-16,128.0024871826172,128.31278655553047,126.67666650229056,126.82711729178372,24449100
2019-08-19,130.1464080810547,130.27804898282625,128.71715375626195,129.61984447396847,24355700
2019-08-20,129.06503295898438,130.42847373401733,129.0462373680502,129.95832570063476,21170800
2019-08-21,130.5037078857422,131.16192672717207,129.7608801745784,130.2780459723668,14970300
2019-08-22,129.55397033691406,130.889188817738,128.1529242549466,130.38143533542126,18697000
2019-08-23,125.4260482788086,130.08992146572908,124.87127723525813,128.99917496304474,38508600
2019-08-26,127.36309814453125,127.4665312847883,125.90563638555618,126.93056999275028,20312600
2019-08-27,127.63582611083984,128.5573124760061,126.6203043756884,128.24701297239457,23102100
2019-08-28,127.46656036376953,127.65461674865301,125.57657002184948,126.8271657856092,17393300
2019-08-29,129.87368774414062,130.17458937149848,128.73593754166947,129.05563475990274,20168700
2019-08-30,129.6292266845703,130.87041013092067,128.13415926255126,130.84220239448865,23940100
2019-09-03,127.91786193847656,129.0086087454522,127.59816474091492,128.45383754713433,18869300
2019-09-04,129.41293334960938,129.46934880972682,128.3315844221748,129.1026339711861,17995900
2019-09-05,131.68846130371094,131.99876071400755,130.47547139548067,130.8045807436743,26101800
2019-09-06,130.79519653320312,131.81070372065489,129.9489214132864,131.66966504122553,20824500
2019-09-09,129.30955505371094,131.40641184793006,128.31284324160094,131.25596099197068,25773900
2019-09-10,127.95552825927734,128.71716600254592,126.47925611173024,128.63254277502352,28903400
2019-09-11,127.99311828613281,128.1341713293568,127.02461431667835,127.79566411251378,24726100
2019-09-12,129.30955505371094,130.15581600986155,128.69835383179475,129.61985456370837,27010000
2019-09-13,129.1214599609375,129.81726985259985,128.41623792623386,129.55398810746613,23363100
2019-09-16,128.1905517578125,128.53845667663396,127.56055517745408,127.72040377117685,16731400
2019-09-17,129.18727111816406,129.30951419347664,128.2845806154304,128.78295071178985,17814200
2019-09-18,130.2498321533203,130.39087084259643,128.37863757149674,129.15908513031417,23982100
2019-09-19,132.6475830078125,133.86995650837275,131.7072868702859,131.9235509645385,35772100
2019-09-20,131.11488342285156,133.1929296572514,129.99592882843055,132.59114075955173,39167300
2019-09-23,130.83277893066406,131.29352911496164,130.17457463008014,130.91740212335822,17139300
2019-09-24,129.17787170410156,132.29024923189132,128.70772369451933,131.9799498238336,29773200
2019-09-25,131.0396270751953,131.60381031072328,127.908440248344,129.2906762623894,21382000
2019-09-26,131.20889282226562,131.81068166677636,130.17457586801976,131.1148718343039,17456600
2019-09-27,129.50698852539062,131.97997206380526,128.49146693183386,131.78250355348266,22477700
2019-09-30,130.72940063476562,130.90805923724187,129.55403019508904,129.80791422743863,17280900
2019-10-01,128.8863983154297,131.8765331425289,128.82057069894088,131.32176186546792,21466600
2019-10-02,126.61087036132812,128.2281808808012,125.60476094562391,128.11534993453395,30521700
2019-10-03,128.14356994628906,128.58551032521106,125.26626575860587,126.89297423016744,24132900
2019-10-04,129.87368774414062,129.99593082372718,128.27518730519495,128.5854867279905,22897700
2019-10-07,128.9333953857422,129.93010694639597,128.83937438532524,128.95220532493747,15303700
2019-10-08,127.56995391845703,129.53516907370778,127.52293624988906,128.89577469407286,25550500
2019-10-09,129.9865264892578,130.41905462210212,128.79234653089637,129.25309674419262,19749900
2019-10-10,130.79519653320312,131.33115786281488,129.9959390890229,130.22161532389006,17654600
2019-10-11,131.34054565429688,132.60995106358794,131.1712992518736,131.75427821281482,25446000
2019-10-14,131.2183074951172,131.91411734100868,131.1900997634069,131.3499483590246,13304300
2019-10-15,133.11769104003906,133.32454292812406,131.4627611531502,131.69783511683093,19695700
2019-10-16,132.02696228027344,132.57233567158409,131.19949722479822,132.3842649969557,20751600
2019-10-17,131.34994506835938,132.97665306327167,130.71994849631562,132.53471281384464,21460600
2019-10-18,129.2061004638672,131.64146410636755,128.4068429783947,131.41578785984123,32273500
2019-10-21,130.16519165039062,130.231019269086,128.82997281355318,130.18400159112943,20078200
2019-10-22,128.22816467285156,131.65084163887934,128.12473153592026,130.672940083348,27431000
2019-10-23,129.0462188720703,129.2436729830338,127.5135319116312,128.70771176264134,29844600
2019-10-24,131.58506774902344,132.03640595986786,130.39088741946904,131.0679019096272,37029300
2019-10-25,132.32786560058594,132.71339044349432,130.88921372122516,131.02085460078172,25959700
2019-10-28,135.58131408691406,136.97294847338483,134.94190519727184,135.77876825810796,35280100
2019-10-29,134.30245971679688,135.8727520849031,134.13319900076098,135.47782954452094,20589500
2019-10-30,135.97618103027344,136.3428958313571,134.2648357266992,134.95126201542115,18496600
2019-10-31,134.8102264404297,136.2770858341867,134.4529237341156,136.24887810336656,24605100
2019-11-01,135.1393280029297,135.79753226389602,134.43410607737076,135.64708147631032,33128400
2019-11-04,135.91978454589844,136.34291486039237,135.55306969363332,136.18306626815146,16912000
2019-11-05,135.83517456054688,136.36173805625353,135.31800886019954,136.31472038389848,18250200
2019-11-06,135.45904541015625,135.89158790216462,134.65039024075023,135.75053488730626,16575800
2019-11-07,135.6470489501953,136.23004202535265,135.18631325188477,135.25212648831197,17786700
2019-11-08,137.24562072753906,137.2738284618244,135.1769578947531,135.3838241780317,16732700
2019-11-11,137.38668823242188,137.67817777973158,136.08907479184847,136.66265608899357,14362600
2019-11-12,138.28933715820312,138.7594851498781,137.33962903244176,137.546495296601,18641600
2019-11-13,138.5150146484375,138.65606767053015,137.54651082407602,137.97905333826856,16919200
2019-11-14,139.22021484375,139.54932416248266,138.22350344111155,138.24231337732473,19729800
2019-11-15,141.01622009277344,141.03503003386288,139.41771944691715,140.03830402505773,23485700
2019-11-18,141.36410522460938,141.56157370884608,140.08530201807494,141.1102356205925,21534000
2019-11-19,141.4110870361328,142.29496739782812,141.2324285356486,141.87183715065657,23935700
2019-11-20,141.1658172607422,142.31688312760556,140.0713732271126,141.81683157521755,25696800
2019-11-21,141.03370666503906,141.33563214259124,140.10908508408411,140.95822529565103,18576100
2019-11-22,141.1375274658203,141.80741579079225,140.41104609523438,141.59041579676025,15901800
2019-11-25,142.68479919433594,142.79802842716816,141.4488225767754,141.52430393313134,22420900
2019-11-26,143.43963623046875,143.807598941976,142.76976241042755,142.80749590026912,24620100
2019-11-27,143.71324157714844,143.88306385690717,142.95844229726785,143.72267134937988,15184400
2019-11-29,142.82640075683594,143.6944151770697,142.73204541690905,143.5057188938195,11977300
2019-12-02,141.09979248046875,143.2509616416166,139.93929673746592,143.23208769554265,27418400
2019-12-03,140.87335205078125,140.98656693702017,138.36364983072966,139.15619722421118,24066000
2019-12-04,141.3828582763672,141.69419923652376,140.76957733852805,141.65646573719098,17574700
2019-12-05,141.45826721191406,141.82624426153976,141.03369713482053,141.57149645664435,17869100
2019-12-06,143.1754608154297,143.28867568329738,141.7790913241923,142.45840932459984,16403500
2019-12-09,142.80752563476562,143.6095028277362,142.3829554017944,142.53391818579414,16687400
2019-12-10,142.59051513671875,143.307566713041,142.24141192483611,142.741463513006,16476100
2019-12-11,143.1282958984375,143.28868844106424,141.8357113865266,142.97733313010576,18856600
2019-12-12,144.581298828125,144.7699951052196,142.4867370401877,143.08112959320556,24612100
2019-12-13,145.7983856201172,146.13804463924706,144.1944458506823,144.35483838796566,23845400
2019-12-16,146.7418670654297,147.0909558246872,146.07199326271393,146.34560064764008,24144200
2019-12-17,145.94932556152344,146.91169503134057,145.72288145197845,146.66637698018368,25425600
2019-12-18,145.6474609375,146.69474198725356,145.46819440878284,145.58142370916514,24129200
2019-12-19,146.91171264648438,146.9683200815082,145.06245485496703,145.2983287653003,24958900
2019-12-20,148.51568603515625,149.53466328645354,147.4589608875493,148.459078587296,53477500
2019-12-23,148.51568603515625,149.18556003030824,148.3835971912809,149.18556003030824,17718200
2019-12-24,148.4873504638672,148.79870575692377,148.24203238028258,148.58169139119875,8989200
2019-12-26,149.7044677734375,149.76107521454566,148.5062241491052,148.65718692312868,14520600
2019-12-27,149.97804260253906,150.5347014611335,149.27985078892365,150.44034615778617,18412800
2019-12-30,148.68548583984375,150.0346921946084,147.87407895143622,150.00638847496876,16348400
2019-12-31,148.78924560546875,148.85529720444745,147.60987616598882,147.9118016528635,18369400
2020-01-02,151.54429626464844,151.6480813822625,149.38369713908767,149.80826738510748,22622100
2020-01-03,149.6573028564453,150.91215402878788,149.1289474989545,149.37426562679218,21116200
2020-01-06,150.04409790039062,150.11014950002246,147.66648505583996,148.20428443592868,20813700
2020-01-07,148.676025390625,150.64792756722025,148.4307217388253,150.31771277402052,21634100
2020-01-08,151.04421997070312,151.71410823807295,149.02513979117086,149.94976152661232,27746500
2020-01-09,152.9311981201172,153.05385715484587,151.93109508906883,152.69532422046993,21385000
2020-01-10,152.22357177734375,153.9973480554913,152.07260903099078,153.6199555862088,20725900
2020-01-13,154.053955078125,154.08225879341623,152.14809000111734,152.61983778477074,21626500
2020-01-14,152.96897888183594,154.35591886156726,152.58214214809243,154.1577784087756,23477400
2020-01-15,153.95962524414062,154.6766912077971,153.384106673567,153.43126994245833,21417900
2020-01-16,156.78060913085938,156.84666071090138,154.76152980519413,155.06345520550823,23865400
2020-01-17,157.65809631347656,158.00718502496903,156.08244623437696,157.96000737289214,34371700
2020-01-21,157.09202575683594,158.68653570911525,157.02597415095403,157.26184806350182,29517200
2020-01-22,156.3372344970703,158.02609986094006,156.3183605520355,157.94117430658434,24138800
2020-01-23,157.29959106445312,157.37507244171542,155.93152529350064,156.799539537116,19680800
2020-01-24,155.71449279785156,158.06380180297066,155.15783390155633,158.04492786170331,24918100
2020-01-27,153.11048889160156,154.14833997343501,151.14801600742726,152.04433408904563,32078100
2020-01-28,156.1107940673828,156.39383124054007,153.85584007609117,154.52571391469783,24899900
2020-01-29,158.54501342773438,159.21490171910187,156.32780713805184,158.3563171642766,34754500
2020-01-30,163.01719665527344,164.21544030441976,161.1396349055562,164.21544030441976,51597500
2020-01-31,160.61126708984375,162.6586510071575,159.99800065070156,162.47939891941252,36142700
2020-02-03,164.5267791748047,164.63999404803988,160.77165605102132,160.79995976933012,30107000
2020-02-04,169.94239807128906,170.43301974275775,166.34768266319725,167.13078562453822,36433300
2020-02-05,169.73487854003906,173.79191311743807,168.3290790956933,173.63152056859474,39186300
2020-02-06,173.254150390625,173.4334169085287,169.88586324038204,170.74444793318173,27751400
2020-02-07,173.49940490722656,175.1410924302092,172.1690726591165,172.51817581999805,33529100
2020-02-10,178.03758239746094,178.169671180043,172.89553525156342,173.20689046692058,35844300
2020-02-11,174.01828002929688,179.92455558043991,173.13139212042896,179.8773779348753,53159900
2020-02-12,174.27310180664062,175.3486863579393,171.5747034556138,175.0939384809837,47062900
2020-02-13,173.32962036132812,175.70721942012503,172.53707294512571,172.73521339832718,35295800
2020-02-14,174.87693786621094,174.93354530608588,172.32948789902122,172.89559109097496,23149500
2020-02-18,176.65066528320312,177.09410933712462,175.01842203596405,175.12220712085204,27792200
2020-02-19,177.1804962158203,178.0319558816132,176.41417962942194,177.91843177575387,29997500
2020-02-20,174.4747314453125,177.15211900829618,171.33377748279395,176.86829430160537,36862400
2020-02-21,168.9591522216797,173.60437352839702,167.69141802674864,173.29216774559882,48572600
2020-02-24,161.6743621826172,165.1369917090435,154.42744187826224,158.72261999532847,68311100
2020-02-25,159.00645446777344,165.4113566093742,158.60909120804521,164.80587062511273,68073300
2020-02-26,160.9931640625,163.9165247766763,159.13886994906164,160.5579787737206,56206100
2020-02-27,149.64976501464844,158.02251375085504,149.460553371622,154.5125922995576,93174900
2020-02-28,153.27322387695312,154.8815589206955,143.80304190624392,144.19093515495462,97012700
2020-03-02,163.47190856933594,163.5949026496789,153.55706992157735,156.3952882488152,71030800
2020-03-03,155.63839721679688,165.56270392318126,153.50973388064168,164.42741969774957,71677000
2020-03-04,161.35267639160156,161.4945814998226,156.68853121047633,159.403769247118,49814400
2020-03-05,157.30355834960938,161.6554853939209,156.7548342891668,157.0954211392371,47817300
2020-03-06,152.85699462890625,154.31394044060374,147.58736201737483,153.8409040238814,72821100
2020-03-09,142.49742126464844,149.24292214329768,141.91086099204216,142.8569333986558,70419300
2020-03-10,152.2419891357422,152.3460576910282,144.3517477343456,149.63083416118593,65354400
2020-03-11,145.3451385498047,149.19564653551825,142.9988681016077,148.65639265874228,56371600
2020-03-12,131.56089782714844,145.19381205671183,131.10678686801637,137.4643980395736,93226400
2020-03-13,150.26470947265625,153.1786147486316,133.1407900163618,139.54570541900762,92727400
2020-03-16,128.11715698242188,141.2959565500694,127.71980820033161,132.45017146701056,87905900
2020-03-17,138.66587829589844,139.54571895054684,127.71981056490728,132.4501739191631,81059800
2020-03-18,132.82855224609375,138.12656318367038,127.73869281643509,130.55798437908572,81593200
2020-03-19,135.0140838623047,142.05285483946798,131.5041466888023,135.07084593242183,85922700
2020-03-20,129.94305419921875,139.16726040338546,128.53340107980478,138.12657495470134,84866200
2020-03-23,128.64697265625,132.9894576902478,125.3735689196874,129.62142646533584,78975200
2020-03-24,140.34043884277344,141.53249983656778,133.65171150306614,135.99796805775998,82516700
2020-03-25,138.9969940185547,146.00739592119635,136.65073785463616,140.8796838162509,75638200
2020-03-26,147.69142150878906,148.211764422316,140.36881303206195,140.39719406044296,64568100
2020-03-27,141.62704467773438,146.53716306538357,141.15400844672263,143.56649611206657,57042300
2020-03-30,151.58924865722656,151.93930542802647,141.920382978938,144.21934751026703,63420300
2020-03-31,149.20516967773438,155.89389785499287,148.11717713548035,150.8040208197109,77927200
2020-04-01,143.90713500976562,149.24298505489344,142.6867074425819,144.74913922915178,57969900
2020-04-02,146.88722229003906,147.09535941069365,142.2514724629254,143.67058132052205,49630700
2020-04-03,145.5343475341797,148.8929080992984,143.98278907166946,146.73586375961153,41243300
2020-04-06,156.357421875,157.52108712521817,149.0821213070367,151.6743654152185,67111700
2020-04-07,154.6734619140625,160.83239122828255,154.45585475559233,160.4444978789331,62769000
2020-04-08,156.22494506835938,157.68189025952844,154.68284238714614,156.73581782902605,48318200
2020-04-09,156.2344970703125,158.34423585103607,154.52210722345197,157.3887073031222,51385100
2020-04-13,156.58447265625,156.6412491390872,153.54758765892907,155.48703939874497,41905300
2020-04-14,164.3328399658203,164.38014649228367,158.94022797527285,159.88630076083996,52874300
2020-04-15,162.61097717285156,164.2098423148961,160.11334587025092,161.9676402425253,40940800
2020-04-16,167.4927215576172,167.7197842257334,163.57598075714515,164.90049133393524,50479600
2020-04-17,168.9685821533203,170.2930780974871,166.38579340831046,169.82004176943852,52765600
2020-04-20,165.61941528320312,169.11042439586316,165.55319772857848,167.1047557302143,36669600
2020-04-21,158.7698974609375,164.3044130492384,157.1521070976366,164.1435824529207,56203700
2020-04-22,164.1625518798828,164.61666276960204,161.60815827581536,162.14741225062102,34620200
2020-04-23,162.17579650878906,165.61950089925315,161.69330458109863,164.72073463272773,32790800
2020-04-24,165.136962890625,165.1464184189872,161.50404784242332,162.78123709553486,34277600
2020-04-27,164.66397094726562,167.3602697201905,163.9544163592446,167.06698946688982,33194400
2020-04-28,160.65255737304688,166.19654240217187,160.25520868390518,166.12085487529922,34392700
2020-04-29,167.8616943359375,168.09821254208242,162.61100170826052,163.8787358285752,51286600
2020-04-30,169.545654296875,170.67146841396197,166.7263479324956,170.293045198999,53875900
2020-05-01,165.1559295654297,169.0064382134677,164.62611669069204,166.31959502467402,39370500
2020-05-04,169.1956787109375,169.3470538438003,164.42747751317702,165.08027014221153,30372900
2020-05-05,171.0121307373047,173.74628081736898,170.19850747286029,170.8796811098801,36839200
2020-05-06,172.69610595703125,174.26659011866553,171.83519076310364,172.26092059498853,32139300
2020-05-07,173.69895935058594,174.59772555870285,172.73396112199262,174.23821330108638,28316000
2020-05-08,174.72068786621094,175.02343803963055,173.47187949066208,175.00451254481112,30877800
2020-05-11,176.6696319580078,177.39809758752233,172.98940950823808,173.27321978678938,30892700
2020-05-12,172.66770935058594,176.9534171809746,172.46904218373015,176.7263689902823,32038200
2020-05-13,170.0565948486328,174.12471099228046,167.01969464723362,172.7056017167703,44711500
2020-05-14,170.7945098876953,170.94588499008822,166.20605134339007,167.96574720991572,41873900
2020-05-15,173.2826690673828,176.9723466073332,167.4548581114258,169.40376544975464,46610400
2020-05-18,174.9382781982422,176.1587054325401,174.03951216542788,175.73297567340927,35264500
2020-05-19,173.7273406982422,176.53717787203394,173.59489109296922,175.05183675097177,26799100
2020-05-20,176.13706970214844,176.31732647585,174.50529134965993,175.3306623912089,31261300
2020-05-21,174.0214385986328,177.09525661913764,173.88862010567996,175.89039384126738,29119500
2020-05-22,174.0973358154297,174.9986196647413,173.1770882359125,173.7937568947115,20826900
2020-05-26,172.25682067871094,176.9339415138883,171.81092701385654,176.78214484582574,36073600
2020-05-27,172.48452758789062,172.65530248461448,167.54176906562353,170.95710776267882,39517100
2020-05-28,172.0955047607422,174.70444993172222,171.1278337019524,171.46936892156205,33810200
2020-05-29,173.8506622314453,174.81834800632248,171.1563362064676,173.35733024164716,42130400
2020-06-01,173.4522247314453,173.61350329791978,172.15249985824332,173.17709140100695,22622400
2020-06-02,175.42552185058594,175.51090205839748,172.04812518661575,174.79937137437696,30794600
2020-06-03,175.85244750976562,176.40269967428475,174.1637490803685,175.3401517572159,27311000
2020-06-04,173.5375518798828,176.30777568703863,172.94935793777034,174.84677269413396,28761800
2020-06-05,177.59803771972656,178.10085152705264,172.67424357239446,173.25295571540923,39893600
2020-06-08,178.69854736328125,178.87880410656408,174.9796156570411,176.40267692363886,33211600
2020-06-09,180.06468200683594,180.91851294557603,177.65495690893232,178.3570056532285,29783900
2020-06-10,186.74359130859375,188.3374275256502,181.21262453597723,181.32647928613525,43872300
2020-06-11,176.71575927734375,185.7189846562895,176.52602066269233,183.2238936451731,52854700
2020-06-12,178.1103515625,181.8862033655673,175.68164819844708,180.76672098608847,43373600
2020-06-15,179.2488250732422,181.0324000812959,174.57168884769598,175.1124591548258,32770200
2020-06-16,183.64132690429688,185.54822386322215,181.63955340017736,182.99619824445867,42556700
2020-06-17,184.27700805664062,186.2503220153482,183.75521587205628,185.02648084822016,25687800
2020-06-18,186.25027465820312,186.4115532058611,184.04926617601018,184.04926617601018,23061600
2020-06-19,185.1403350830078,189.06798508667387,184.40034410232676,188.40389247274643,44441100
2020-06-22,190.2822723388672,190.4625146059237,185.2161632306914,185.747437120417,32818900
2020-06-23,191.55352783203125,193.48888469214174,191.09813782578294,191.72428822727903,30917400
2020-06-24,187.69229125976562,192.8248023892685,186.477946798873,191.25944078024958,36740600
2020-06-25,190.0640869140625,190.32024203259226,185.4438852960937,187.65437585525592,27803900
2020-06-26,186.25978088378906,189.63717791443284,184.88415764056126,189.48538121109078,54675800
2020-06-29,188.26153564453125,188.3469158529833,183.62235612896023,185.73796999200283,26701600
2020-06-30,193.07144165039062,193.91579067434787,187.5974102649732,187.73022872460268,34310300
2020-07-01,194.20045471191406,195.76583103340928,191.42074822230836,192.72047308150405,32061200
2020-07-02,195.68040466308594,197.35013913569628,194.48503841884437,195.13015257335095,29315800
2020-07-06,199.8927001953125,200.3006520149216,197.41657263446234,198.1186215112085,31897600
2020-07-07,197.56834411621094,203.65904475231002,197.32168536857642,199.6554977974831,33600700
2020-07-08,201.9134521484375,202.32138949194444,197.98580303193796,199.29502422948116,33600000
2020-07-09,203.3270263671875,205.28136177031627,200.6232038291473,205.2339234935537,33121700
2020-07-10,202.7103271484375,203.09930069264342,200.2531782297019,202.66288887882965,26177600
2020-07-13,196.44886779785156,204.73108016996918,195.90809757754667,203.4787793289226,38135600
2020-07-14,197.66322326660156,198.13757704024243,191.66738461923939,195.55709135354584,37591800
2020-07-15,197.36912536621094,200.4903815184619,194.513520663541,198.81116499075517,32179400
2020-07-16,193.46044921875,195.14914756390348,191.93302942609668,194.8645323928501,29940700
2020-07-17,192.4738006591797,194.52299805350623,191.06022113744223,193.9822422543224,31635300
2020-07-20,200.7465362548828,201.4106286872803,192.59712687547508,194.48506023255374,36884800
2020-07-21,198.042724609375,202.96651969548472,197.35965393406903,202.7008827079913,37990400
2020-07-22,200.8887939453125,201.4105859157204,197.7011364706063,198.46958715605868,49605700
2020-07-23,192.15122985839844,200.1014041342364,191.7812344755157,196.5627288593702,67457000
2020-07-24,190.97486877441406,192.4548505157171,187.37925837427778,190.14000134039446,39827000
2020-07-27,193.39402770996094,193.507867976449,190.55738710223747,191.136099250431,30160900
2020-07-28,191.65786743164062,194.20039624121293,191.39223052545026,193.1663086795343,23251400
2020-07-29,193.59324645996094,194.15298040006812,191.6483932266433,192.11326510422728,19632600
2020-07-30,193.44146728515625,193.97275568307558,189.33357625555024,190.69022112897082,25079600
2020-07-31,194.49452209472656,194.5799167727827,188.80227701479487,193.91580993255508,51044000
2020-08-03,205.43316650390625,206.47675080253617,199.64605800787368,200.67066409849275,78983000
2020-08-04,202.34986877441406,203.75396666130567,199.52272374465682,203.18473622325433,49280100
2020-08-05,202.0177764892578,203.97211161459398,200.71805185226052,203.87723507455476,28806400
2020-08-06,205.2528839111328,205.27184763929066,200.6990847830471,201.4485573768755,32656800
2020-08-07,201.5813446044922,204.6361835952166,200.11084523703616,203.82979098966894,27820400
2020-08-10,197.56834411621094,201.01215709979328,195.76580559059593,200.81292214799484,36716500
2020-08-11,192.94813537597656,196.99910596543356,192.7204403652862,196.53424855661615,36446500
2020-08-12,198.46014404296875,199.49423184687646,194.2478800065006,194.76017573811987,28013100
2020-08-13,197.9952392578125,200.50932265218785,197.47344727210242,198.69728797277943,22588900
2020-08-14,198.18499755859375,198.83960807157098,196.86629466872947,198.05217908321634,17958900
2020-08-17,199.4942169189453,200.35754423975445,198.20397410771088,198.84910275139208,20184800
2020-08-18,200.64212036132812,201.46749111400013,198.47906878623064,199.73135494628042,21336200
2020-08-19,199.4248809814453,201.7072917926525,198.9969334890695,201.1271806773052,27627600
2020-08-20,204.06578063964844,204.46519928761978,198.67360712535148,199.27272784174724,26981500
2020-08-21,202.58221435546875,205.65394317773766,202.42054594494113,203.3810516231777,36249300
2020-08-24,203.2194061279297,204.95973970025923,202.02113558012567,204.2654985218534,25460100
2020-08-25,205.86317443847656,205.99631398949958,202.65830591741502,202.65830591741502,23043700
2020-08-26,210.31382751464844,211.20777061562723,206.70954075787597,207.20406525203634,39600800
2020-08-27,215.47779846191406,219.82386528727073,208.6496040485612,211.96860261070134,57602200
2020-08-28,217.69361877441406,219.3388462628036,215.4777849434819,216.9993776717254,26292900
2020-08-31,214.4792022705078,217.49387296688693,213.31898017144454,215.87717456181977,28774200
2020-09-01,216.13397216796875,216.30514535953128,213.4331186639683,214.46020134670846,25725500
2020-09-02,220.29934692382812,221.45006436765206,216.21005476958462,216.7996706686181,34080800
2020-09-03,206.65248107910156,218.07399570279384,204.42714264306883,218.03596205488873,58400300
2020-09-04,203.75193786621094,207.66055205053038,195.13587224368297,204.5602944159865,59664100
2020-09-08,192.72987365722656,199.73874665694365,192.29240679527527,196.3817141569425,52924300
2020-09-09,200.9369659423828,204.3130219079884,196.57187546422944,197.42778494753424,45679000
2020-09-10,195.30702209472656,204.2179091134677,194.1087663570984,202.9435570623291,35461500
2020-09-11,194.03271484375,198.4073248418045,191.37942868513088,197.04738599235657,33620100
2020-09-14,195.3450927734375,198.94937969662053,194.0327069253546,194.2324234935453,30375800
2020-09-15,198.54995727539062,199.5009581300524,196.79059988981783,198.20759638726756,21823900
2020-09-16,195.00270080566406,200.32829613829634,194.61278702726065,200.29976727754675,26328100
2020-09-17,192.9676055908203,194.31802519389234,190.1621557000872,190.2477423026266,34011300
2020-09-18,190.5710906982422,193.67134874869507,186.63394712032712,192.86300660159972,55225300
2020-09-21,192.61570739746094,192.7773903131104,186.75755314054098,187.52786151375366,39839700
2020-09-22,197.25660705566406,197.9032952203945,192.17826567778008,195.01224432710944,33517100
2020-09-23,190.76124572753906,197.90327097541524,190.22868760484096,197.71305920777692,30803800
2020-09-24,193.23387145996094,195.49725820179677,189.43937271825766,190.05753199798957,31202500
2020-09-25,197.6370391845703,198.79724708016178,192.61574044256676,193.57626076106624,29437300
2020-09-28,199.17759704589844,202.154234001749,197.86521138286304,200.5470404314798,32004900
2020-09-29,197.10443115234375,199.7767557329698,196.67648367162218,199.09203395936672,24221900
2020-09-30,200.02403259277344,201.59317836396667,196.41973084734164,197.55142430549373,33829100
2020-10-01,202.04965209960938,203.50468227611734,200.96551168356183,203.02918183905925,27158400
2020-10-02,196.0868682861328,200.65167528471918,195.46870902474427,197.80817750902324,33154800
2020-10-05,200.0715789794922,200.10010784631453,196.83816713211058,197.06641257781172,21331600
2020-10-06,195.82057189941406,199.8813347365297,194.78398454349198,198.58798762088978,28554300
2020-10-07,199.5485382080078,199.8148173226299,196.59092456741251,196.9142614192931,25681100
2020-10-08,200.26173400878906,200.8418450303163,198.11247759861763,200.1951569928357,19925800
2020-10-09,205.23550415039062,205.2830570981348,200.87991823945055,200.87991823945055,26458000
2020-10-12,210.55157470703125,212.89104309760754,206.1864844473891,208.06946199860556,40461400
2020-10-13,211.94003295898438,214.17489058111875,209.62909353363688,211.80689343114148,28950800
2020-10-14,210.0380401611328,213.23340347358484,208.39281281758815,212.07318132071637,23421700
2020-10-15,208.89686584472656,209.56256358737795,205.42570377548589,206.46230580810285,22733100
2020-10-16,208.89686584472656,211.39798840005417,208.5735290141705,209.36284700902132,26057900
2020-10-19,203.7234344482422,211.40752423439918,203.24793395041902,209.61963771902458,27625800
2020-10-20,204.13233947753906,206.71906311300145,202.64878038007848,205.22599923044717,22753500
2020-10-21,204.27500915527344,206.2911265473587,202.67731999633713,202.67731999633713,22724900
2020-10-22,204.36061096191406,205.4732804267989,201.32691535138122,203.4476435873007,22351500
2020-10-23,205.63491821289062,205.682471159576,202.71535302876916,204.49372004805122,18879600
2020-10-26,199.78627014160156,205.7395305315812,197.90329242904681,203.37154758566112,37111600
2020-10-27,202.8009490966797,204.1513686811001,200.0240281118137,201.2222840641838,36700300
2020-10-28,192.74884033203125,198.60700889932528,192.19727262307057,197.49433967491123,51195600
2020-10-29,194.6889190673828,197.19956103907322,193.40506195786438,194.07077424346542,31432600
2020-10-30,192.5491485595703,194.27996260842124,189.8387902580295,193.52867830113843,36953700
2020-11-02,192.41604614257812,195.22149636635365,190.31432741583214,194.28000009328426,30842200
2020-11-03,196.3151092529297,197.92230309923994,193.16729858879407,193.89957334651695,27512000
2020-11-04,205.78704833984375,207.62248730304893,202.01157426332247,203.533181242836,42311800
2020-11-05,212.3489532470703,213.13828561895033,210.31381220177101,211.16020229745342,36080100
2020-11-06,212.75791931152344,213.3665592979318,207.3467219500644,211.36945163349586,25231900
2020-11-09,207.68907165527344,216.94230571136617,207.20406645370713,213.44262960592522,44395000
2020-11-10,200.6707000732422,205.8917003784362,199.4439152641953,203.9896985273652,44045100
2020-11-11,205.93923950195312,207.35622149875866,201.80237994913776,201.98307243463896,29440800
2020-11-12,204.88363647460938,208.37380804064978,203.9516596545553,206.56691213283364,21593900
2020-11-13,205.9011993408203,206.7666136412532,203.66635593568657,205.75855501047297,18621100
2020-11-16,206.5859375,207.07095728381452,204.00873298692488,204.34157462112046,24953300
2020-11-17,203.95166015625,207.01386971538886,203.59027516934893,205.51130105759668,24154100
2020-11-18,201.26280212402344,205.16257527401476,201.11976980133684,203.71326545564156,28372800
2020-11-19,202.5404815673828,203.12211144423998,200.16628461776338,201.54885769573278,24792700
2020-11-20,200.60487365722656,203.3699903970843,200.23301292946485,202.33068920271324,22843100
2020-11-23,200.33787536621094,202.41647752560954,198.4785719325495,201.13880383777135,25683500
2020-11-24,203.91351318359375,204.28537395912775,199.14605988233055,199.84210399056337,33979700
2020-11-25,203.9230194091797,205.27697424519195,202.57860879010497,205.1053529296505,21012900
2020-11-27,205.21975708007812,206.21139535163326,204.0851010525826,204.85744058199225,14512200
2020-11-30,204.11375427246094,204.77165061209422,201.03396893960857,204.14235782857054,33064800
2020-12-01,206.15423583984375,207.21261112545957,203.4272517872102,204.53328996973545,30904500
2020-12-02,205.35325622558594,205.4486111007541,202.9027930641658,204.88605516495122,23724500
2020-12-03,204.27584838867188,206.31631786058674,203.71327783050998,204.62863528432734,25120900
2020-12-04,204.39024353027344,205.36280800618596,203.26511706811746,204.25675542958834,24666000
2020-12-07,204.3235321044922,205.51539557517503,203.08400573427372,204.39981311250966,24620000
2020-12-08,205.96351623535156,206.85979980104426,202.98862997399976,204.01840165272458,23284100
2020-12-09,201.94932556152344,205.21979155573646,201.38676956150456,205.15305477478972,32440600
2020-12-10,200.7288360595703,203.16976955673482,200.5762740787197,201.92069925538198,26733300
2020-12-11,203.34140014648438,203.39862180374632,199.38441997558107,200.28070346756314,30979400
2020-12-14,204.23770141601562,206.15422700053367,202.97910127982664,203.18887039404368,28798400
2020-12-15,204.17092895507812,205.40092531976177,202.36883246084682,205.16255269063535,27000600
2020-12-16,209.08140563964844,209.87280453825505,204.73349108031036,204.76209463274458,35023300
2020-12-17,209.2149200439453,210.6165524859304,207.7846840459289,209.64398793352765,32515800
2020-12-18,208.42349243164062,209.47233783916994,205.9730293236653,208.42349243164062,63354900
2020-12-21,212.23751831054688,213.58194385966547,207.17448437994628,207.43193097531514,37181900
2020-12-22,213.52467346191406,215.13607479940188,211.53188172877358,212.33281028911077,22612200
2020-12-23,210.74053955078125,213.16239976808146,210.53077041198577,212.73333182022338,18699600
2020-12-24,212.39004516601562,213.2100477180936,210.91213172866298,211.12190083843498,10550600
2020-12-28,214.4972686767578,215.51749613359814,212.64749443916563,214.01097912101392,17933500
2020-12-29,213.72491455078125,216.61398993703023,213.18143246826625,215.7844577615069,17403200
2020-12-30,211.36981201171875,215.13611192704442,211.16958711163565,214.75470691645884,20272300
2020-12-31,212.07537841796875,212.62840471424002,209.46280892505516,211.38886401908798,20942100
2021-01-04,207.56539916992188,212.628432614177,204.81934121407613,212.18029080751847,37130100
2021-01-05,207.76560974121094,208.35678384593277,205.66793319149298,207.15537629858184,23823000
2021-01-06,202.37838745117188,206.42119298469675,202.08280768192805,202.30210645441338,35930700
2021-01-07,208.13748168945312,209.1386498496108,203.77050701978357,204.0851461523831,27694500
2021-01-08,209.4056396484375,210.3209971953534,206.93610202945297,208.50935599080088,22956200
2021-01-11,207.3746795654297,208.728634495914,206.65001738495062,208.3090962965024,23031300
2021-01-12,204.93373107910156,207.00281851869494,203.39862515474547,206.43071832954556,23249300
2021-01-13,206.2781524658203,206.67861677106026,203.98023663300623,204.06606184414557,20087100
2021-01-14,203.11257934570312,207.34608009721836,202.84560313156365,205.86816670165965,29480800
2021-01-15,202.7598114013672,204.53330485909515,202.16865176516282,203.58935828504173,31746500
2021-01-19,206.37353515625,206.88841374691182,202.740737816412,203.80864277429654,30480900
2021-01-20,213.9060516357422,215.2886099273774,207.18394081538668,207.5748754055162,37777300
2021-01-21,214.5067596435547,215.7749037585545,212.07535595085912,214.2493131339701,30709400
2021-01-22,215.44117736816406,219.36956815443511,215.29815961161134,216.51862629789636,30172700
2021-01-25,218.8546905517578,219.09306319554696,213.7916579255343,218.46375592415686,33152100
2021-01-26,221.52450561523438,223.28845475671793,219.3791514478603,221.07636380300931,49169600
2021-01-27,222.06797790527344,229.25730592090014,219.43634881456967,226.9307862882382,69870600
2021-01-28,227.81748962402344,231.35494595830795,224.15608941190865,224.6519085705631,49111200
2021-01-29,221.17169189453125,226.949842757254,220.59006203100665,225.014257951401,42503100
2021-02-01,228.5040283203125,231.22148249088136,221.61982466737663,224.12750973113813,33314200
2021-02-02,228.37054443359375,231.040321211228,227.5886896521305,230.0773008751623,25916300
2021-02-03,231.6982421875,233.69103427666695,228.1321816996905,228.427776040609,27158100
2021-02-04,230.75424194335938,231.92704579102912,229.19051802891084,231.3740195281117,25296100
2021-02-05,230.93544006347656,231.96521174500666,229.23822781496764,230.96404361998185,18054800
2021-02-08,231.19285583496094,232.3465712580115,229.61005802324223,231.84122242822716,22211900
2021-02-09,232.4324493408203,233.37639589275983,230.1536069798949,230.62080814629257,23565000
2021-02-10,231.526611328125,234.48242367380797,229.68636677063753,233.60521400385034,22186700
2021-02-11,233.1189727783203,233.74826565398322,230.8877932312996,233.3954787109024,15751100
2021-02-12,233.5956573486328,233.89123709414287,231.44075937329384,232.58494513457302,16561100
2021-02-16,232.3656463623047,234.68263598664956,231.6219248900733,233.63379055190723,26728500
2021-02-17,233.3787078857422,233.48383401445355,230.26317424435055,230.62633988583025,21653500
2021-02-18,232.9868927001953,233.12068827701307,230.1867372058581,231.08508518561618,16925600
2021-02-19,230.29177856445312,233.05371198405234,229.53677805829244,232.9485858850661,25262600
2021-02-22,224.11807250976562,227.38651912425996,222.1015730817524,226.899124179311,36446900
2021-02-23,222.93301391601562,224.4238826563991,218.59418865093036,220.12329302100676,30228700
2021-02-24,224.15634155273438,224.77753213884318,218.85227690339812,219.81751532034556,26339700
2021-02-25,218.84271240234375,224.1945494104652,217.78189953492432,221.795780936671,39542200
2021-02-26,222.08248901367188,224.93998302961114,219.36832759287157,221.2701494526982,37819200
2021-03-01,226.44044494628906,226.94695781101586,222.8183836125361,225.44652245437769,25324000
2021-03-02,223.5064697265625,226.78448306985507,223.10508301602894,226.50732572851445,22812500
2021-03-03,217.47605895996094,223.22929686707522,217.18935003891934,221.87222352894128,34029500
2021-03-04,216.68283081054688,222.18759526620298,214.32228361038455,216.69239700995695,44727800
2021-03-05,221.33706665039062,222.93306184160264,216.42483712747304,219.3492363750006,41872800
2021-03-08,217.31362915039062,223.02863234905152,217.06515582266582,221.11725867621018,35267400
2021-03-09,223.42044067382812,224.9495452618804,221.40394110736247,222.56032845718752,33080500
2021-03-10,222.12069702148438,226.49774377773664,221.75753141565502,226.49774377773664,29746800
2021-03-11,226.62196350097656,228.57155770884873,223.92692034430218,224.5481253712007,29907600
2021-03-12,225.3031463623047,225.3700514329935,222.89481172208454,223.6402462040966,22653700
2021-03-15,224.40481567382812,224.7679813250752,221.53775526745213,224.5481774437209,26034900
2021-03-16,227.1763153076172,229.42217053471424,225.48474559099003,225.8096756026788,28092200
2021-03-17,226.5359649658203,227.97906119030745,222.8948010361049,225.68540440109052,29562100
2021-03-18,220.4960174560547,223.812251183883,220.1233002587038,222.25447733162704,34833000
2021-03-19,220.1424560546875,222.16850736597712,219.18676927273987,220.78276444867765,46430700
2021-03-22,225.53250122070312,226.40216500266618,219.9417283999428,220.0659723327752,30127000
2021-03-23,227.0520477294922,230.36828174208702,226.56465276267915,226.96603942639962,31638400
2021-03-24,225.0260009765625,227.45343882328078,224.8922054193831,227.31009164866788,25620100
2021-03-25,222.04421997070312,226.4403841405182,221.30835179207864,224.87305870810607,34061900
2021-03-26,226.0008087158203,226.22062717768958,221.28927982619135,221.28927982619135,25479900
2021-03-29,224.8157501220703,226.30661907775075,221.60464214728856,226.1059184494297,25227500
2021-03-30,221.57595825195312,223.48733157452293,220.85919325598945,223.1815048432536,24792000
2021-03-31,225.32228088378906,228.50471967720463,222.0920548338563,222.58901605291288,43623500
2021-04-01,231.61065673828125,232.07893384626888,227.50120138151576,227.90258800948536,30338000
2021-04-05,238.03286743164062,238.88342791865526,231.94513389980173,232.00247276233438,36910600
2021-04-06,236.87649536132812,238.3482463965933,235.93992652070483,236.63757369710436,22931900
2021-04-07,238.82611083984375,239.81046701686373,236.23620793695045,236.82872905017194,22719800
2021-04-08,242.02764892578125,242.87820947789177,240.83304058952368,241.5689234077923,23625200
2021-04-09,244.51243591308594,244.64623146115184,241.2535409277266,241.66447918870722,24326800
2021-04-12,244.56979370117188,246.25181167284637,243.3369496576039,243.42297254578972,27148700
2021-04-13,247.03546142578125,247.70445382432965,245.4490179032841,245.85998537594716,23837500
2021-04-14,244.26394653320312,247.3603619356715,243.8530082747752,246.07020829480427,23070900
2021-04-15,248.0007781982422,248.41171661139552,246.30922269614982,246.50034259830696,25627500
2021-04-16,249.18569946289062,249.43418729652217,246.18485888892556,247.97198805484174,24878600
2021-04-19,247.2743682861328,249.89296968561638,246.39515285160775,248.66012567205544,23209300
2021-04-20,246.81564331054688,248.6696777428783,245.45855543622233,246.39513885175572,19722900
2021-04-21,249.03282165527344,249.12839615609698,245.85039785107426,247.46551066969045,24030400
2021-04-22,245.77392578125,250.1796268291521,244.3117119265757,248.67919192838173,25606200
2021-04-23,249.57757568359375,249.92163806126072,245.86950662395327,246.45249067643994,21462600
2021-04-26,249.9598388671875,250.8104140095919,248.64101575086653,250.06497956765273,19763300
2021-04-27,250.3612518310547,251.52719079897994,248.5932255615848,249.98852001000546,31014200
2021-04-28,243.2796173095703,245.171887578436,241.740961055206,244.73225067344254,46903100
2021-04-29,241.3204345703125,244.7513607810362,237.96597962533752,244.13972189863736,40589000
2021-04-30,241.00503540039062,241.86516207430256,238.5393768499884,238.6731723882476,30945100
2021-05-03,240.69927978515625,243.07894518424,239.99206629825878,242.1710310515259,19626600
2021-05-04,236.80963134765625,240.07809311354603,234.86958826445405,239.84872302638533,32756100
2021-05-05,235.548095703125,238.44382515868284,234.9269051980848,238.02332068891104,21901300
2021-05-06,238.66366577148438,238.787909724678,233.84701060906457,235.52901416460628,26491100
2021-05-07,241.27268981933594,243.03114998686556,240.03984571236424,240.9764146694537,27032900
2021-05-10,236.2266387939453,240.57501632961734,236.1692999233959,239.75312515895706,29299900
2021-05-11,235.31871032714844,235.67232428967642,231.82090841094862,233.71316381907252,33641600
2021-05-12,228.40911865234375,233.5507177051827,227.52033703130473,231.43864370631172,36684400
2021-05-13,232.26052856445312,234.71665028825578,230.7218724535714,231.08503805198484,29624300
2021-05-14,237.15367126464844,238.13802749239937,234.61155548433553,234.6975637956637,23901100
2021-05-17,234.31524658203125,235.66276826258542,232.728817820849,235.6245472128188,24970200
2021-05-18,232.3082733154297,235.4907110712398,232.1362421645818,235.35691554618853,20168000
2021-05-19,232.883056640625,232.9884255073801,228.55338866338369,229.23348484456213,25739800
2021-05-20,236.10157775878906,237.50968232520998,233.5919015513451,233.68769674460555,21800700
2021-05-21,234.8467559814453,237.87370305685576,234.434868777639,237.14570923286777,21863100
2021-05-24,240.2205352783203,240.5845394923802,237.08821938185093,237.35642839759134,21411500
2021-05-25,241.1209259033203,242.10755492818512,240.25882769668084,241.16882349619877,17704300
2021-05-26,240.900634765625,242.28957737809495,240.19178833380082,240.84314887956268,17771600
2021-05-27,238.8124237060547,240.89105082585857,238.75495243524915,240.59410618250013,24426200
2021-05-28,239.16685485839844,241.46580815115777,239.05191230946394,240.4312813618604,18270200
2021-06-01,236.98284912109375,240.70905429967564,236.56138825332587,240.65158302753886,23213300
2021-06-02,236.88706970214844,238.77412110013952,235.48853873601223,237.68212307529706,19406700
2021-06-03,235.364013671875,235.96747662588672,232.76811590692853,234.8946406042707,25307700
2021-06-04,240.23008728027344,241.05387621610285,237.0881979939227,237.32767135182317,25281100
2021-06-07,243.12295532226562,243.39116434225733,239.2913811894754,239.45422133616353,23079200
2021-06-08,241.9351806640625,245.2303368109208,241.8776947734396,244.41612144782889,22455000
2021-06-09,242.9122314453125,244.77054734442802,242.54824182099543,243.12296920395218,17937600
2021-06-10,246.40853881835938,246.61927657838774,242.98886628752862,243.58275563871968,24563600
2021-06-11,247.03114318847656,247.60585584294424,245.8050115720476,247.1269091424967,18999700
2021-06-14,248.94699096679688,249.00446224632051,245.98707390835915,247.0407627539493,19150500
2021-06-15,247.4813232421875,249.04269415162125,246.82996275008827,248.8319564356378,18038900
2021-06-16,246.54261779785156,249.6078592604981,243.70724678964794,248.4775520192582,27220000
2021-06-17,249.91444396972656,250.7286594074443,245.2303592871896,245.28783056678435,27565500
2021-06-18,248.5062713623047,251.25542067246798,247.8549108828583,248.6978617304176,37202200
2021-06-21,251.57154846191406,252.42405838745256,247.05987873047914,248.87987034499417,26696100
2021-06-22,254.3302764892578,254.5984854619368,251.35121292558,251.65774581795188,24694100
2021-06-23,254.1003875732422,255.5946990320162,253.29576057487068,254.7900720336447,19518700
2021-06-24,255.46063232421875,256.5717923463721,254.29200102786703,254.95294991373922,21446900
2021-06-25,253.8609161376953,255.9970290931493,253.61188371439926,255.0199882803985,25611100
2021-06-28,257.4051818847656,257.5775957253318,254.71350307641555,254.98171212816092,19590000
2021-06-29,259.9722595214844,260.21173286835983,256.69628050647634,257.5487904204081,19937800
2021-06-30,259.4933166503906,259.93393943000825,258.2480669213287,259.2921672211762,21656500
2021-07-01,260.16387939453125,260.393764479173,258.24809240227785,258.2576514590782,16725300
2021-07-02,265.9591064453125,266.2943749941608,261.02596110039144,261.33249401548636,26458000
2021-07-06,265.96868896484375,267.60667851843345,262.75015189133745,266.3231048509773,31565600
2021-07-07,268.1431579589844,268.8711664752793,265.4802148256769,267.63547550225076,23260000
2021-07-08,265.7388000488281,266.9936380649696,263.2961543378193,265.24067677167557,24618600
2021-07-09,266.2369079589844,266.3422622068924,263.72723179599774,264.1103833296634,23916700
2021-07-12,265.6430358886719,267.9898574546222,264.93417481129705,267.4055564436705,18931700
2021-07-13,269.1488952636719,270.94015122587615,265.7100615012556,265.83456308659123,26120100
2021-07-14,270.6145324707031,271.71610427305967,268.73703995210985,270.4612659855572,23113700
2021-07-15,269.1967468261719,270.6144394017585,268.0472631992008,270.12590447540833,22604200
2021-07-16,268.9285888671875,272.1375378043733,267.69289811879054,270.19301525007796,26186800
2021-07-19,265.34613037109375,268.56463901594384,262.893924956181,267.1852698159811,32935600
2021-07-20,267.5588073730469,269.13932573027193,264.62765573380375,266.32311662863236,26259700
2021-07-21,269.5511779785156,269.66612050122745,265.6142504127117,267.1564446467367,24364300
2021-07-22,274.09161376953125,274.35982273487036,271.4861427208434,271.8884415525597,23384100
2021-07-23,277.4730529785156,277.7795567148543,274.43651739318557,275.2698801509867,22768100
2021-07-26,276.8790588378906,277.49212460846854,274.57056160813,276.83117586382014,23176100
2021-07-27,274.4747619628906,277.3867366280159,271.035928428635,277.2430584755565,33604100
2021-07-28,274.1683044433594,277.9328192354718,271.87892473208046,276.82165916338664,33566900
2021-07-29,274.4364929199219,276.46722250096303,274.0341647800032,274.18743125080124,18168300
2021-07-30,272.9134216308594,274.58973513938895,271.9555281974139,273.16248327798326,20944800
2021-08-02,272.8272399902344,274.69511481884285,271.79269861607827,274.3023749668568,16267400
2021-08-03,275.0303649902344,275.13574847156286,272.041742078418,273.401963651149,17879000
2021-08-04,274.44610595703125,275.4806181874648,272.66440865186024,274.16830862662323,16191300
2021-08-05,277.3293151855469,277.43469867133746,274.0533357906488,274.8004915502387,13900200
2021-08-06,277.2718811035156,277.31020503372423,275.50936033763736,276.3618996973653,16589300
2021-08-09,276.1893615722656,279.27377915914406,275.69126758135627,277.54958291688706,16117600
2021-08-10,274.3789978027344,277.0706760159155,273.19121929801037,276.6396122772204,18616600
2021-08-11,274.86749267578125,276.5054820250036,273.8233632596243,275.1165250543086,13955900
2021-08-12,277.6070861816406,277.76035263480225,274.28319488720257,274.56099216059465,14561300
2021-08-13,280.5191650390625,280.5670480291717,277.11862499606184,277.29106807216334,18249000
2021-08-16,282.1955261230469,282.4062639334264,277.80835604312887,280.8448923246057,22507600
2021-08-17,280.7393493652344,281.07461785942274,278.82356280710985,280.0784298966578,20075300
2021-08-18,279.021484375,282.94676489700373,278.579988799018,280.27872459621557,21813000
2021-08-19,284.8181457519531,285.4899663072357,277.01559054273923,277.06356517302754,29850500
2021-08-20,292.1025695800781,293.5229764433976,286.0562996654451,287.6494504032282,40817600
2021-08-23,292.380859375,293.1006547103833,289.6936351716544,291.0372472733272,22830200
2021-08-24,290.4327087402344,293.3406816671721,289.8376824227541,292.73604870310123,18175800
2021-08-25,289.84722900390625,292.32331236094075,288.3212662286274,292.0449832645035,20006100
2021-08-26,287.0447692871094,290.2502542246481,286.9104227257453,288.8682448842241,17666100
2021-08-27,287.6494445800781,288.7531250293206,284.87581884584097,286.94883316309097,22605700
2021-08-30,291.3635559082031,291.968188686325,288.9354474406273,288.99302872534867,16348100
2021-08-31,289.72247314453125,292.2369539074186,289.3577720955228,292.16018861273085,26285300
2021-09-01,289.6744689941406,292.8991678511316,289.34816523699277,290.6725935556559,18983800
2021-09-02,289.0218505859375,291.14283957172955,288.0909139976585,290.02958175450493,16285600
2021-09-03,289.0123291015625,290.4135229329207,288.16776428642396,288.8683465578248,14747900
2021-09-07,288.0909423828125,288.96429776620096,286.1907010174333,288.8875324668998,17180400
2021-09-08,288.1197204589844,288.50360551584674,285.49007706649724,287.70704475507114,15046800
2021-09-09,285.2789611816406,289.97204208683576,285.0390293387629,288.705194927188,19927000
2021-09-10,283.8009033203125,287.84137565254247,283.48420625224344,286.40178494786,19633400
2021-09-13,285.0293884277344,286.51698324787736,282.2365785977501,285.56683334808685,23652900
2021-09-14,287.7167053222656,289.252275126054,286.0947635611374,287.49595746113624,21853400
2021-09-15,292.5440368652344,293.02390044019006,289.66485541550026,291.0468648544565,28356300
2021-09-16,292.92791748046875,293.01428940804146,288.6475426567624,291.5267240633766,19550800
2021-09-17,287.79345703125,292.23699967637344,287.467153222757,291.92030251442793,41372500
2021-09-20,282.44769287109375,286.689699826259,277.86019819512114,284.39593784399835,38278700
2021-09-21,282.92755126953125,285.5572235689827,282.22696919676986,283.78172248901336,22364100
2021-09-22,286.5552978515625,288.12926431682723,282.64923090626985,284.77982618940496,26626300
2021-09-23,287.4959411621094,288.78197237941265,285.5476956875188,286.8145429004646,18604600
2021-09-24,287.2944030761719,287.7262628330811,284.9718498809772,286.2195130742343,14999000
2021-09-27,282.322998046875,284.53035916304015,281.142522901756,284.21366203503686,23571700
2021-09-28,272.101806640625,279.06943449757966,271.36282734522354,278.1288914309859,43186200
2021-09-29,272.56256103515625,275.2209951886973,271.6124403531808,273.61826695321446,26353700
2021-09-30,270.5662841796875,276.2382457189751,270.27834846883263,274.20362889854306,32343600
2021-10-01,277.4571838378906,278.301748595393,269.96171554788884,270.7582763645691,30086300
2021-10-04,271.70843505859375,276.1615846612485,268.9636285015287,275.8256741827499,31350700
2021-10-05,277.1308288574219,278.70476619683035,272.6104927683687,272.6104927683687,24993000
2021-10-06,281.3055725097656,281.80464930436574,274.0116705954445,274.27078634672546,28002600
2021-10-07,282.9755859375,284.6935059183277,282.08304662293614,283.2922830435044,20430500
2021-10-08,282.9755859375,284.6935059183277,281.92948674808355,284.2904075857707,17685700
2021-10-11,282.3805236816406,285.9698937714107,280.96011698698385,281.1232834858587,19298600
2021-10-12,281.08489990234375,283.541799129027,280.5762456707699,283.44582055374815,17974100
2021-10-13,284.37677001953125,285.307706593833,281.67033223174053,283.0331577701654,23416300
2021-10-14,290.55743408203125,291.05648172385895,285.83556297646015,287.1599913093113,27262900
2021-10-15,291.9585876464844,292.1889420783388,288.4171921254101,290.16390256494424,25384800
2021-10-18,294.9145812988281,295.79751392665924,290.4998302940227,291.34439492137415,22729300
2021-10-19,295.8168029785156,296.843689092521,294.8474688799696,295.9319655865493,17682100
2021-10-20,295.0298156738281,297.22759971094877,293.7821524294178,296.75731334940286,16537100
2021-10-21,298.2448425292969,298.49435169218145,294.0220192983192,294.79942529790196,16918100
2021-10-22,296.7091979980469,298.56146404860306,295.4039540692806,297.89925008631417,17449300
2021-10-25,295.7208251953125,296.93966851845744,294.1180674595812,296.9012712194873,17554500
2021-10-26,297.6209716796875,299.81875504845516,296.171803603044,298.475142899543,28107300
2021-10-27,310.1551208496094,312.96711513957035,303.27386241357704,303.27386241357704,52588700
2021-10-28,311.2875671386719,311.78661480927093,308.41796248920383,311.2683538472866,26297900
2021-10-29,318.2647705078125,318.62947157711153,310.8556743947785,311.0764222231841,34766000
2021-11-01,316.1053161621094,318.1399329660543,313.2261348081766,318.01516375454963,27073200
2021-11-02,319.7139892578125,320.02110905104064,316.71003784901507,317.0075509960312,26487100
2021-11-03,320.54888916015625,321.4126377941951,317.3337971387141,320.45291058114077,21500100
2021-11-04,322.89068603515625,322.98666463204586,316.2397822393411,319.48366550974254,23992200
2021-11-05,322.5260009765625,325.14606743028844,320.952063205826,324.87734491876967,22570100
2021-11-08,323.41851806640625,324.0519416472353,320.97122498059144,323.71603120896236,20897000
2021-11-09,322.42034912109375,325.07878279395607,321.0575236753706,323.53360684587807,21307400
2021-11-10,317.4777526855469,321.15352434002415,316.6332173342628,321.09594304990367,25500900
2021-11-11,319.0420837402344,320.32811458361215,317.1994240467713,317.90961275273645,16849800
2021-11-12,323.1593933105469,323.6488636296379,320.34739921433277,320.47216845555636,23831000
2021-11-15,322.5355224609375,324.2726263246895,320.5776708005054,323.94632259604236,16723000
2021-11-16,325.8370666503906,326.95035397533974,321.9981569596239,322.1612942198898,20886800
2021-11-17,326.05816650390625,329.0099268651389,324.9813100529108,325.8851065761686,19053400
2021-11-18,328.1253356933594,329.25990808153233,324.1351865907532,325.15435635646554,22463500
2021-11-19,329.89453125,331.80790302922895,329.01960724084404,329.44266225338714,21963400
2021-11-22,326.7408447265625,336.2018658663324,326.4716305863018,331.3463577773727,31031100
2021-11-23,324.6736145019531,326.3754584116151,320.7123087229874,324.067875438659,30427600
2021-11-24,324.894775390625,325.1351461786082,321.0488427828943,323.32755315823283,21661300
2021-11-26,316.9817199707031,324.91395501030433,315.4818087833129,321.4718586551738,24217200
2021-11-29,323.6640625,325.9716160847785,321.84684534637535,322.03915370433015,28563500
2021-11-30,317.8567199707031,324.7697863608636,316.3183410190401,322.4045459611877,42885600
2021-12-01,317.36627197265625,326.2119266473579,316.7028757470775,322.22177836447145,33337600
2021-12-02,316.799072265625,320.64500484816296,315.17416340213174,317.577871266218,30766000
2021-12-03,310.5686950683594,319.88546954113923,305.7804982116358,319.20279534885117,41779300
2021-12-06,313.62615966796875,314.83763770524575,306.9342458292847,311.47244701692887,30032600
2021-12-07,322.01995849609375,322.8660390443126,317.38560254163633,318.8662948497607,31021900
2021-12-08,322.0679931640625,322.5775780301863,318.0585957516276,322.39489389495935,24761000
2021-12-09,320.27008056640625,323.52949356795324,319.3278164061056,321.52962129274965,22214200
2021-12-10,329.34637451171875,329.78864844836016,321.894881726078,322.0775658320641,38095700
2021-12-13,326.3273620605469,330.54828700278097,326.0196804228618,327.55805926915104,28899400
2021-12-14,315.69329833984375,321.7506583393585,311.62621502626087,320.38533968281865,44438700
2021-12-15,321.7603454589844,322.2795546002779,312.0012968945024,315.9529787432078,35381100
2021-12-16,312.38580322265625,323.7890062177765,310.57821058980744,322.7794315194058,35034800
2021-12-17,311.3282775878906,312.4051635201681,305.03057377478706,308.5207628124847,47750300
2021-12-20,307.5881042480469,310.3667755304143,305.3382370063855,307.72269664260455,28326500
2021-12-21,314.6837463378906,315.10680116096665,307.4822194692522,310.837814740566,24740600
2021-12-22,320.3662109375,320.7603932246783,313.2031494286014,315.6549198284857,24831500
2021-12-23,321.79876708984375,323.4333000256045,319.91426851160736,319.9334876096026,19617800
2021-12-27,329.2598571777344,329.2887004933562,322.5102279009017,322.53907121652355,19947000
2021-12-28,328.1060485839844,330.5674425278227,327.21187650467994,329.9328602754398,15661500
2021-12-29,328.7792053222656,331.0386674602681,326.596619590704,328.15421774318594,15042000
2021-12-30,326.25048828125,329.91373694625986,325.7697466785753,328.7407262620481,15994500
2021-12-31,323.3660583496094,326.28894634545765,322.914160041901,325.47170904487376,18000800
2022-01-03,321.8564453125,324.98126516990294,317.0778734645708,322.433341000755,28865100
2022-01-04,316.33758544921875,322.2891685868689,313.5588850186426,321.9333951684874,32674300
2022-01-05,304.1939392089844,313.51071007978527,303.8093519495076,313.30877756130513,40054300
2022-01-06,301.7903137207031,306.42466920650463,299.49235507622586,301.08842050942394,39646100
2022-01-07,301.9441833496094,304.3094237353557,298.14631308588326,302.0499324142328,32720000
2022-01-10,302.1652526855469,302.59793177360086,292.9542584305184,297.56936510647546,44289500
2022-01-11,302.8479309082031,304.41512357671206,297.95398587837894,301.3095522143525,29386800
2022-01-12,306.0111083984375,310.9531438841804,304.8669415631663,307.3572077402568,34372200
2022-01-13,293.0600280761719,308.5206922774309,292.2908533568236,308.1264806975711,45366000
2022-01-14,298.25201416015625,298.8481288770932,292.0504375760111,292.53117903704157,39846400
2022-01-18,290.9928894042969,297.86748852909545,290.1179361568295,292.358208481325,42333200
2022-01-19,291.6466369628906,301.8191439350218,291.04092729643247,294.49264788128625,45933900
2022-01-20,289.9833068847656,299.6462002381442,289.541032877528,297.16558676731063,35380700
2022-01-21,284.62774658203125,292.396514544604,284.22391090333923,291.0312254267126,57984400
2022-01-24,284.9547119140625,285.6661999443274,265.41737031888897,280.9453442370806,85731500
2022-01-25,277.3782653808594,283.6279058744891,274.1861636133682,280.2915581603582,72848600
2022-01-26,285.2816162109375,296.61750913568017,281.7433657696805,296.1271434101873,90428900
2022-01-27,288.2910461425781,295.46370078193985,286.4546101746923,291.0024351218943,53481300
2022-01-28,296.3867492675781,296.5982766943393,283.1086718195925,288.66604220399256,49743700
2022-01-31,299.0020446777344,300.34811523788875,294.5695920371354,297.05023502997614,46444500
2022-02-01,296.86749267578125,298.6654611438378,293.37730478266843,298.4539337157057,40950400
2022-02-02,301.3865051269531,302.98257070424955,296.9829251353378,297.70403751014493,36636000
2022-02-03,289.646728515625,299.2423385828115,288.40640733788615,297.5693383559152,43730000
2022-02-04,294.1561279296875,296.9059553802916,288.4160729228112,288.64681946632084,35096500
2022-02-07,289.3583984375,295.9830028319127,288.3488234105986,294.3773422215108,28533300
2022-02-08,292.82928466796875,293.7907677485287,288.3968617508122,289.6467780186861,32421200
2022-02-09,299.22308349609375,299.91535235408395,295.55024113771606,297.9346999380261,31284700
2022-02-10,290.73321533203125,297.2136009412112,289.1179310391646,292.3292805293152,45386200
2022-02-11,283.67596435546875,292.5696824760353,282.8875412205064,291.51204526354115,39175600
2022-02-14,283.6374816894531,285.3297011391844,280.1280746488406,282.45484705008886,36359500
2022-02-15,288.8967590332031,289.2140354696684,285.579631395878,288.45448512893597,27058300
2022-02-16,288.55963134765625,289.8795822189875,282.9522217719727,287.4709041609937,29982100
2022-02-17,280.1099548339844,285.9582018841707,279.4066103677046,285.5342722610437,32461600
2022-02-18,277.4122619628906,283.12563925409984,275.85144328731116,282.34522991631013,34264000
2022-02-22,277.2099304199219,280.8903974019096,274.1075520292779,274.58928762159644,41736100
2022-02-23,270.0321044921875,281.04460436118626,269.8683308283759,279.58010909240227,37811200
2022-02-24,283.8289489746094,284.37813456051526,261.60166355056816,262.5555199373533,56989700
2022-02-25,286.4496765136719,286.75799441504483,280.9964249197429,284.3589600636408,32546700
2022-02-28,287.8756103515625,288.2128312016405,282.29710305164537,283.5592481567503,34627500
2022-03-01,284.1758728027344,289.0124881625568,281.4781355105427,285.57288855148806,31217800
2022-03-02,289.2244567871094,290.4576988958387,282.97153735333467,284.57087386389,31873000
2022-03-03,285.11041259765625,292.05703176941057,283.30869674167064,291.82580808856017,27314500
2022-03-04,279.2717590332031,284.85990985728677,276.6800484526404,283.53995896520416,32356500
2022-03-07,268.7218017578125,279.1080218893395,268.35567793491134,277.99039157836177,43157200
2022-03-08,265.77349853515625,273.5872347405663,260.13718693761393,267.6522494658014,48159500
2022-03-09,277.96136474609375,279.0211886551483,270.5233679518194,273.0862041672424,35204500
2022-03-10,275.1576843261719,276.1307994626257,270.3306851201847,272.6815567548242,30628000
2022-03-11,269.8393859863281,278.93455646472097,269.2227503051047,277.44115846333716,27209300
2022-03-14,266.3419189453125,274.9746106570879,265.7445716446683,270.0994498709781,30660700
2022-03-15,276.6607971191406,277.3063358721881,268.5483846755829,270.10920358547907,34245100
2022-03-16,283.63629150390625,283.80970925762125,272.8550467725236,278.54913550581284,37826300
2022-03-17,284.43597412109375,284.81171260660994,278.7996616158856,282.5764817272433,30816600
2022-03-18,289.4556884765625,290.0048741986634,282.0369767782839,284.5805258339528,43390600
2022-03-21,288.2320251464844,289.17623743354596,284.12762874703543,287.9718985278678,28351200
2022-03-22,292.9530334472656,293.8586986740922,287.85626286698505,288.84863696836237,27599700
2022-03-23,288.5499267578125,292.1533283713497,286.84459363513463,289.5326860173236,25715400
2022-03-24,292.9916687011719,293.0880217250497,287.42280499368326,288.212858625541,24484500
2022-03-25,292.5869140625,294.3404386258809,288.35729097039587,294.0803119983577,22566500
2022-03-28,299.3504943847656,299.4468179763362,293.21315853638436,293.21315853638436,29578200
2022-03-29,303.888427734375,304.2834544196327,297.7607361570676,302.44322106271255,30393400
2022-03-30,302.3951110839844,304.4087921284796,300.19839752916613,302.2987874689132,28163600
2022-03-31,297.04779052734375,303.6283150055242,296.643149106342,302.4335907750661,33422100
2022-04-01,298.1172790527344,298.8013353889546,294.3790059993479,298.0690878498517,27110500
2022-04-04,303.4645690917969,303.5994397899151,298.3967004352338,298.7628242488305,24289600
2022-04-05,299.52386474609375,303.3681045702332,298.5507496416169,301.82654511251576,23156700
2022-04-06,288.55963134765625,295.7856655216376,285.8715384021488,294.04178495987475,40110400
2022-04-07,290.36126708984375,292.5579799187454,285.5246529796034,285.8233266543766,31411200
2022-04-08,286.12200927734375,290.1204083993762,285.4572118764955,289.46525511827485,24361900
2022-04-11,274.8398132324219,281.9213032700954,274.58930130303617,281.13127920546333,34569300
2022-04-12,271.75665283203125,280.11957482236716,270.24399616662504,278.6743681898196,30966700
2022-04-13,277.11358642578125,278.0385105603026,271.02444128433206,272.4022274692682,21907200
2022-04-14,269.608154296875,277.7784013045191,269.1168039398963,277.56643644763085,28221600
2022-04-18,270.2729187011719,272.14205510022083,268.17255863306326,268.7217442498862,20778000
2022-04-19,274.8782958984375,275.7165404624221,268.2399952405621,269.1745633932946,22297700
2022-04-20,275.8995361328125,279.1175550852986,274.94570927007976,278.82849614918496,22906700
2022-04-21,270.5523986816406,282.58614693419463,269.82979513911937,278.0385607971482,29454600
2022-04-22,264.0199890136719,272.8550320937384,263.393738668187,271.39053717811265,29405800
2022-04-25,270.46551513671875,270.8412534467407,260.87896923514774,263.30693438800574,35678900
2022-04-26,260.3492431640625,268.19188507903243,260.137278279722,267.3633137874921,46518400
2022-04-27,272.8742980957031,280.34119944845656,268.96260761022705,271.7952151207864,63477700
2022-04-28,279.0502014160156,280.3508935706538,271.178627842334,274.7723864290521,33646600
2022-04-29,267.38250732421875,279.2910262219157,266.3997773201998,278.0673990236614,37073900
2022-05-02,274.07861328125,274.53144585501184,266.12997704590924,267.56553951466765,35151100
2022-05-03,271.4869384765625,273.7511018849256,269.9164755719785,273.5872988286567,25978600
2022-05-04,279.3874206542969,280.2545389514792,266.6214258152803,272.2673535703565,33599300
2022-05-05,267.2187805175781,275.8900225285143,264.3187223916875,275.109613099755,43260400
2022-05-06,264.6944885253906,269.049368342921,261.3608565604997,264.77155329439324,37780300
2022-05-09,254.91517639160156,262.4109805408289,253.70122277240785,260.19500872248045,47726000
2022-05-10,259.6554870605469,263.7502396394238,255.3873167232384,261.76549132988686,39336400
2022-05-11,251.03245544433594,261.4475786744983,249.8281162234308,255.97506831138057,48975900
2022-05-12,246.02236938476562,250.3868926130945,240.88706627938942,248.27688839647124,51033800
2022-05-13,251.5815887451172,253.43146634006962,246.0223706452165,247.94931299700548,34925100
2022-05-16,251.94775390625,256.10995712688276,246.43669669823026,250.46399981871846,32550900
2022-05-17,257.0733947753906,258.5282163055622,252.87264501904795,256.3893090476885,28828800
2022-05-18,245.3689422607422,254.56255593288276,244.10385759056012,253.98312086554714,31356000
2022-05-19,244.46116638183594,248.83587017478328,243.24437042893047,245.1951046927819,32692300
2022-05-20,243.90106201171875,249.67605030957378,237.99088889238988,248.42060269458278,39199300
2022-05-23,251.71363830566406,252.53450204595984,244.74117401105033,246.73055952174275,33175400
2022-05-24,250.7190399169922,252.37040508125824,244.80886609010597,249.04837105343117,29043900
2022-05-25,253.51953125,255.50890210664602,248.3143419025738,249.28972363750842,28547900
2022-05-26,256.78369140625,257.95219866287647,252.4669428526963,253.27814016507855,25002100
2022-05-27,263.8719482421875,263.9685256331768,258.386694300866,259.2751650381728,26910800
2022-05-31,262.54901123046875,265.3495796777819,259.709805919586,263.1863868585538,37827700
2022-06-01,263.08013916015625,268.16944748829445,260.78173234380733,265.7648261496329,25292200
2022-06-02,265.1661071777344,265.2337143251771,252.63114082746247,255.38343546239255,44008200
2022-06-03,260.7624206542969,264.074846353105,259.20763325124227,261.0424863281772,28059000
2022-06-06,259.5359191894531,264.779744827782,258.0583763446399,262.7324336411163,22400300
2022-06-07,263.1573486328125,263.76575382395623,256.82226032251066,257.49827263962237,22860700
2022-06-08,261.1390686035156,263.6402676057848,260.3664787079768,262.39448666074105,17372300
2022-06-09,255.7117462158203,263.3601943996646,255.55722824112877,258.5992253476871,26439700
2022-06-10,244.31631469726562,251.6460754214227,243.8720791834992,251.6460754214227,31422800
2022-06-13,233.95416259765625,240.4824068795414,233.24919461693813,236.70645685368288,46135800
2022-06-14,236.1077423095703,237.31488645148173,233.2299000655882,235.49933694664017,28651500
2022-06-15,243.1284637451172,246.54710394987805,237.97154789524555,239.79674911112798,33111700
2022-06-16,236.5712432861328,238.93724247462407,234.68810167633953,237.5466102902709,33169200
2022-06-17,239.1593475341797,241.9116415660145,235.6634634572943,236.31049083013178,43084800
2022-06-21,245.0405731201172,246.0159401392919,240.95558733169304,241.67987371090587,29928300
2022-06-22,244.45150756835938,248.3530054561835,241.78612402987773,243.25401534558895,25939900
2022-06-23,249.9850311279297,250.47755532769025,244.93435931975776,246.8078492299289,25861400
2022-06-24,258.5218811035156,258.7922800868169,252.74689560217155,252.8338064034528,33923200
2022-06-27,255.80824279785156,259.10130478528856,254.25342643035603,259.01439397785555,24615100
2022-06-28,247.68663024902344,257.7590321077553,247.53211228973697,254.92949381458487,27295500
2022-06-29,251.3370361328125,252.9884007989355,246.99130319168566,248.75856369685934,20069800
2022-06-30,248.02456665039062,250.63200889861605,244.22931383213927,248.23702512595924,31730900
2022-07-01,250.68035888671875,250.86384714723536,245.88076751202806,247.59975426359935,22837700
2022-07-05,253.83824157714844,253.9637892662612,246.00629085879652,247.37760464946805,22941000
2022-07-06,257.0830078125,258.8019795069243,253.40363564931488,254.70735692498906,23824400
2022-07-07,259.1978759765625,259.8352513537821,255.93375486501992,256.030332250286,20859900
2022-07-08,258.4833984375,258.9083155891827,254.26322667634338,255.7117998376354,19658800
2022-07-11,255.44134521484375,257.3920793720454,253.1912122224075,256.5422452532518,19455200
2022-07-12,244.9729461669922,256.822274498301,243.39882584810758,256.76433395035434,35868500
2022-07-13,244.05552673339844,244.8570720526818,239.60357943296265,241.6122686543637,29497400
2022-07-14,245.3689422607422,246.39259810880876,237.5080204020861,241.97928690307253,25102800
2022-07-15,247.91839599609375,251.44325042079436,246.03525438925857,246.9526808402148,29774100
2022-07-18,245.53309631347656,251.89715611893087,244.6156697955208,250.84453005870418,20975000
2022-07-19,250.63206481933594,250.81555306514318,244.98262500187312,248.748908389752,25012600
2022-07-20,253.27813720703125,255.78900284248536,250.0333479953983,250.98939669680948,22788300
2022-07-21,255.75999450683594,255.80829794667736,248.21776161035194,250.88314483137592,22404700
2022-07-22,251.43359375,256.23319944277154,250.1878423691355,256.1462886118709,21881300
2022-07-25,249.9560546875,252.53452726402583,248.0053205741304,252.05166965931448,21056000
2022-07-26,243.26365661621094,250.97007463688564,241.01355313399756,250.9507414709721,39348000
2022-07-27,259.5263366699219,260.79142143505817,249.97542707523482,252.2062272013175,45994000
2022-07-28,266.9333801269531,268.3143459872542,258.68616288804407,260.50171243898495,33459300
2022-07-29,271.11492919921875,272.33174002161905,267.1458530919337,268.1791756325024,32152800
2022-08-01,268.4784851074219,271.63636311853617,266.38287021128184,268.29499686655436,21539600
2022-08-02,265.3979187011719,268.3626721126067,263.0415707195236,266.5374558232472,22754200
2022-08-03,272.7856140136719,273.7802996377368,267.12650678074345,267.2713876591738,23518900
2022-08-04,273.9251708984375,274.070022316073,270.5645001241118,272.1385914908116,18098700
2022-08-05,273.2104797363281,273.92509952465934,269.1254939956156,269.57938130013923,16774600
2022-08-08,270.709228515625,276.1172382628998,269.7435135418717,274.31132650610414,18739200
2022-08-09,272.6214294433594,273.37468623177955,268.0922221285978,270.0526525666318,23405200
2022-08-10,279.2462158203125,279.8739248174104,277.1023268586765,278.29016718582943,24687800
2022-08-11,277.1795959472656,281.2259454287706,276.6871011826993,280.8783020655473,20065900
2022-08-12,281.9019775390625,281.9019775390625,277.1023709654231,278.5895808890098,22619700
2022-08-15,283.4084167480469,284.0940662295999,280.16359862776034,281.02309922866345,18085700
2022-08-16,282.6744689941406,283.958886627976,280.4630025536895,281.9791529178918,18102900
2022-08-17,281.9293518066406,283.8939138882916,280.1389803646201,280.4002663240658,18253400
2022-08-18,280.81634521484375,282.50024663716766,279.76145551717,280.8356898800539,17186200
2022-08-19,276.92596435546875,279.9260419302894,276.35498651754625,279.5873182545467,20570000
2022-08-22,268.79669189453125,273.35485615007224,268.28377769621216,272.98710077508116,25061100
2022-08-23,267.52899169921875,269.8709667468448,266.5225077065828,267.52899169921875,17527400
2022-08-24,266.89990234375,268.29348622669727,266.24179973569437,266.53214693938304,18137000
2022-08-25,269.8612976074219,270.0258011315452,265.67085828538086,268.39027578883355,16583400
2022-08-26,259.4481506347656,271.3032734990673,259.3417106465169,270.0838799821935,27549300
2022-08-29,256.6803283691406,258.7803619357156,255.34480790841272,257.2803379595906,20338500
2022-08-30,254.49314880371094,258.4416167849743,252.25761414315465,258.0738909142503,22767100
2022-08-31,253.0415496826172,258.49972965735697,252.9060483881915,256.835201986513,24791800
2022-09-01,252.00599670410156,252.4802216307378,247.1768588698768,250.5253174553684,23263400
2022-09-02,247.80592346191406,256.20611724920184,246.26718053225406,253.2641326770218,22855400
2022-09-06,245.08648681640625,249.51883753175827,243.8187170261839,247.9414053865417,21328200
2022-09-07,249.7705078125,250.48664458354384,245.0574961858431,246.4897844948553,24126700
2022-09-08,250.18663024902344,252.03506518749612,246.57687045645707,249.20920755279656,20319900
2022-09-09,255.93511962890625,256.68031756891503,251.89955618095607,252.1027785583023,22084700
2022-09-12,258.05450439453125,258.82873403398463,256.6125441459456,257.2125536578714,18747700
2022-09-13,243.8671112060547,252.00600375133774,243.47999634028216,250.49629269213037,33353300
2022-09-14,244.08969116210938,246.03489350941175,241.8057651557058,245.35746095813147,23913000
2022-09-15,237.47019958496094,243.2961347228246,236.1540384880937,241.71868768706014,31530900
2022-09-16,236.850830078125,237.3927761581187,234.2572119949683,236.38629220933913,39791800
2022-09-19,236.6378936767578,237.23790323040416,233.0861980227324,234.65397254260654,26826900
2022-09-20,234.63461303710938,235.66044153829108,231.91519584554464,234.26687239156138,26660300
2022-09-21,231.2474365234375,239.67667590576733,231.19904532157508,236.39595324962926,28625600
2022-09-22,233.21200561523438,235.99917354124665,229.91193818738796,230.20225587391255,31061200
2022-09-23,230.25067138671875,233.35720386281167,227.61834912688556,231.81844612716222,34176000
2022-09-26,229.7957763671875,233.6668360314633,229.26350270996545,229.40867630752822,27694200
2022-09-27,228.7893524169922,234.00560575138226,226.94091751914982,232.24426616908045,27018700
2022-09-28,233.2991180419922,234.5184966384645,227.16347665591098,229.17642964868273,29029700
2022-09-29,229.8441925048828,232.21521385312766,226.853802133828,231.18938529349765,27484200
2022-09-30,225.39248657226562,232.78621136819163,225.2279682767935,230.608739886535,35694800
2022-10-03,232.97975158691406,233.82170241211634,227.0957386105692,227.8215623611014,28880400
2022-10-04,240.85736083984375,242.2896489224366,237.08306843402076,237.18952317598578,34888400
2022-10-05,241.16708374023438,242.50260443530203,236.2314901038506,238.06056573247915,20347100
2022-10-06,238.83474731445312,242.27031644163847,238.14764234917035,239.93799895986987,20239900
2022-10-07,226.6892852783203,233.54106344265196,225.65376961113512,233.13458913635256,37769600
2022-10-10,221.86012268066406,226.99895238528188,219.42135078516142,225.53763257488384,29743600
2022-10-11,218.1439208984375,221.67625738261597,216.8858233948525,220.28267336430167,30474000
2022-10-12,218.4729461669922,220.51493088352666,216.74065333491876,218.1342225142281,21903900
2022-10-13,226.6892852783203,228.48932881951694,212.0663551272384,212.76314712814823,42551800
2022-10-14,221.19239807128906,229.59260716664147,220.97948855910087,227.9473946148374,30198600
2022-10-17,229.8732452392578,231.2571570244088,227.5602872186214,228.21837517177028,28142300
2022-10-18,230.8119659423828,236.06692311030656,227.78285659055385,235.39917762563184,26329600
2022-10-19,228.8571014404297,231.88621112377126,226.73769337233603,229.39904756859667,19985700
2022-10-20,228.5376739501953,233.53134435033044,227.29893606647624,228.1699333317577,21811000
2022-10-21,234.3152618408203,235.16689978355862,226.9408971162325,227.17316603704901,26299700
2022-10-24,239.27989196777344,239.85086976349376,233.52169327420833,235.90238686212638,24911200
2022-10-25,242.5800018310547,242.94774252500142,237.9056946583769,239.28959165367502,34775500
2022-10-26,223.86341857910156,230.61841449713438,222.64402516459023,223.71824496136685,82543200
2022-10-27,219.4407196044922,226.15701124638468,218.50198634809382,223.5924250678105,40424600
2022-10-28,228.26670837402344,228.97318740219828,218.76326447934332,218.94714217799373,40647700
2022-10-31,224.64732360839844,227.34738181471067,223.69890315195386,226.22477072356645,28357300
2022-11-01,220.81494140625,228.1409296481597,220.0020223387947,227.03767812320683,30592300
2022-11-02,213.00511169433594,223.84407823127708,212.94703338213586,222.0633939304996,38407000
2022-11-03,207.34365844726562,213.3050945982589,207.08235775345725,212.9954026993864,36633900
2022-11-04,214.25350952148438,214.4470595832424,206.55009302136054,210.53729517480699,36789100
2022-11-07,220.5246124267578,221.04721381188003,214.14704442988435,214.83416409790135,33498000
2022-11-08,221.49237060546875,224.18275612145348,218.5600438397234,221.32785232766216,28192500
2022-11-09,217.2729034423828,221.2601050748425,217.0987128396381,220.04071178794467,27852900
2022-11-10,235.14752197265625,235.48624560984527,227.42476185380536,227.84089369162848,46268000
2022-11-11,239.14442443847656,239.99606241623323,234.1313937515766,235.15723711883936,34620200
2022-11-14,233.76364135742188,236.0475673740293,231.49907477577239,234.18946032496393,31123300
2022-11-15,234.1701202392578,239.03797746539766,232.2926536001012,237.74117578758222,31390100
2022-11-16,234.59710693359375,236.60603316606853,233.32576434985185,235.62582643468144,24093300
2022-11-17,234.54855346679688,236.07223336578542,230.6180718084606,230.7636397185708,23123500
2022-11-18,234.1021728515625,236.5478177930803,231.9767921721455,236.3245938837583,27613500
2022-11-21,234.90768432617188,237.45036963154155,234.07306028423957,234.3059689787537,26394700
2022-11-22,237.79974365234375,238.07148033059326,233.6072243246812,236.40223227361014,19665700
2022-11-23,240.27450561523438,240.95384732065142,237.06217820148206,237.8773882479825,19508500
2022-11-25,240.18714904785156,241.36143645953254,239.44956540890726,240.01245273021934,9200800
2022-11-28,234.62623596191406,239.37194317865058,233.69457155598104,238.81877021422886,24778200
2022-11-29,233.23843383789062,235.6258367832805,231.18099474535325,234.27685297681788,17956300
2022-11-30,247.61141967773438,247.7958155951577,232.78229762918565,233.47135371926146,47594200
2022-12-01,247.17466735839844,248.56246413319528,243.51590752074188,246.378856625145,26041500
2022-12-02,247.49497985839844,248.5042854543991,242.32225350861475,242.44842226131698,21528500
2022-12-05,242.81716918945312,246.3303613663216,240.74031627098933,244.57375787361877,23435300
2022-12-06,237.8870849609375,244.42820886485632,236.58662873937655,243.41890331596056,22463700
2022-12-07,237.15921020507812,238.89639979977625,235.0629579890975,237.60564320065706,20481500
2022-12-08,240.0997772216797,241.40024809384906,235.8878444020433,237.61531942592248,22611800
2022-12-09,238.17822265625,240.9829448599812,236.95540766792848,237.47946700334126,20609700
2022-12-12,245.05905151367188,245.08816510347418,239.8766252092963,240.1483619198114,30665100
2022-12-13,249.33889770507812,256.13234388565945,245.6024963823434,253.96813536884156,42196900
2022-12-14,249.6300506591797,254.84158999041878,246.8059142850901,249.54270989920707,35410900
2022-12-15,241.66229248046875,246.6991500991899,240.04157204816326,246.2333179219407,35560400
2022-12-16,237.4698028564453,242.46783311149383,236.3246140510361,241.21590435148062,86102000
2022-12-19,233.35488891601562,237.97444210459676,231.66624165874438,237.63476384948163,29696400
2022-12-20,234.6650390625,235.74228609848038,231.38477037827317,232.33584867761797,25150800
2022-12-21,237.21743774414062,238.37232600874938,233.02491849714485,234.55829818550004,23690600
2022-12-22,231.1615753173828,234.84944921071,226.96904125544336,234.14097913275145,28651700
2022-12-23,231.68563842773438,231.8215067666557,227.0369865095698,229.14295316711923,21207000
2022-12-27,229.96786499023438,231.87972122287346,228.87120393787913,231.65651213728756,16688600
2022-12-28,227.6095733642578,232.64643111207874,227.26019552023155,229.89993593986588,17457100
2022-12-29,233.89834594726562,234.7814975020751,228.69650658121392,228.69650658121392,19770700
2022-12-30,232.7434844970703,232.87935283490333,229.6767250905103,231.1809912077217,21938500
2023-01-03,232.5105438232422,238.4984794551215,230.39486293780934,235.90726682667218,25740000
2023-01-04,222.3397979736328,225.99854338319813,219.2924526600918,225.4259564644858,50623400
2023-01-05,215.75015258789062,220.83553784778456,215.21637883212745,220.4958596008794,39585600
2023-01-06,218.2928009033203,219.0983111969919,212.87746752170884,216.41975808716526,43613600
2023-01-09,220.41822814941406,224.41666688908288,219.7291868413214,219.76800002138827,27369800
2023-01-10,222.09715270996094,224.48455530245445,220.62200037429594,221.03930492500658,27033900
2023-01-11,228.81297302246094,228.98765452783252,224.29047536414728,224.46515686951886,28669300
2023-01-12,231.47213745117188,232.8211212975009,226.66820302336927,228.3180371449277,27269500
2023-01-13,232.1708526611328,232.3067209813569,227.98803350794535,230.00665912880052,21333300
2023-01-17,233.25782775878906,233.80130107166906,230.0940134168222,230.948051370512,29831300
2023-01-18,228.851806640625,235.22794870990262,228.57037036509706,234.4418522484385,30028700
2023-01-19,225.08628845214844,228.57036731781892,223.8731729886452,226.8817052615486,28623000
2023-01-20,233.13168334960938,233.63634353931783,227.59016528126836,227.92984354153225,35389800
2023-01-23,235.42205810546875,237.9356299735096,232.578507553011,233.98573343923675,31934000
2023-01-24,234.89794921875,236.7515930613996,233.34517042755766,235.34438219144687,40234400
2023-01-25,233.51016235351562,236.1207891156233,224.08667522306712,227.5610395748184,66526600
2023-01-26,240.68211364746094,240.98296392015405,234.85915928502237,236.4604658112775,33454500
2023-01-27,240.83740234375,242.45812290706542,239.54664564896942,241.6429128288479,26498900
2023-01-30,235.5482177734375,238.3529402272609,235.0532571701788,237.2950922529375,25867400
2023-01-31,240.49769592285156,240.6335642533175,235.78110272448055,236.26634887736424,26541100
2023-02-01,245.29193115234375,247.65022035562143,238.22674832599188,240.68209268360533,31259900
2023-02-02,256.7922668457031,256.8796075980904,249.65914256333582,251.18282257259764,39940400
2023-02-03,250.7266845703125,256.4040702889057,249.5135692294624,251.8815727441677,29077300
2023-02-06,249.19332885742188,250.67818108032117,247.2620584126065,249.8435718125182,22518000
2023-02-07,259.6649475097656,260.8392350360664,252.40565360237943,252.84238703481986,50841400
2023-02-08,258.8594665527344,268.5935048183664,258.3547915146365,265.13855400297484,54686000
2023-02-09,255.84120178222656,265.8955184484022,255.0453909060254,265.72080730740066,42375100
2023-02-10,255.3365478515625,256.29732581806934,252.96854410513563,253.812867726257,25818500
2023-02-13,263.3139343261719,266.49714735819,259.26696907403846,259.74253036187247,44630900
2023-02-14,264.1388854980469,266.85625191813295,261.33414871350027,264.62413161713886,37047900
2023-02-15,262.0276794433594,263.39950469785816,258.9726863891012,261.0547562578646,28922400
2023-02-16,255.05181884765625,259.51753291113,254.80858804011677,256.87118053744996,29603600
2023-02-17,251.07254028320312,253.04757304733442,249.06832101285343,252.36654467181947,30000100
2023-02-21,245.8284912109375,248.5721416274502,244.77773242454728,247.58947974202172,28397400
2023-02-22,244.69989013671875,247.45326436545926,243.56157186049097,247.21003358389876,22491100
2023-02-23,247.8716278076172,249.88557094928385,243.69777930306105,248.64023054148305,29219100
2023-02-24,242.47189331054688,244.20369522047608,241.38222420199676,243.19186174048357,24990900
2023-02-27,243.386474609375,245.97445391978178,242.6373195783351,245.6242009691581,21190000
2023-02-28,242.66651916503906,244.68047745107052,241.99519973636188,242.32600492940065,22491000
2023-03-01,239.60179138183594,244.13560203633548,239.1347775749903,243.97020688018864,27565300
2023-03-02,244.31069946289062,244.59284060582576,238.95962286785314,239.87417287939624,24808200
2023-03-03,248.37754821777344,248.69861464364337,244.58315381318207,245.3614953141732,30760100
2023-03-06,249.91473388671875,253.076733733222,249.0488329841168,249.48664537835333,24109800
2023-03-07,247.2684326171875,250.7125891600785,246.52901630785823,249.3602116204825,21473200
2023-03-08,246.8306121826172,247.6478641053872,244.01886473628258,247.16140250674363,17340200
2023-03-09,245.4879608154297,252.53191447494493,244.76799238551584,248.8931916251687,26653400
2023-03-10,241.8589630126953,245.9452372856859,240.89577859254197,244.2815470078051,28333900
2023-03-13,247.0446319580078,250.92660047438005,239.07638938766013,240.70116918441778,33339700
2023-03-14,253.72866821289062,254.00108554117946,248.93214876608812,249.79804988364143,33620300
2023-03-15,258.2527160644531,259.26456442561187,252.19139432118732,252.9405641280701,46028000
2023-03-16,268.72137451171875,269.0716125790634,256.15119488258745,258.0289293565625,54768800
2023-03-17,271.86395263671875,275.65834759698896,268.8381754027799,270.7256489942692,69527400
2023-03-20,264.8588562011719,269.96670228330714,262.543294560003,269.4802407516752,43466600
2023-03-21,266.3669128417969,267.5538803349331,262.2222505034053,267.4371343013886,34558700
2023-03-22,264.917236328125,273.43031336043435,264.81019934883693,265.9971667055635,34873300
2023-03-23,270.141845703125,273.44977847868375,267.7484630649204,270.41426299778846,36610900
2023-03-24,272.9730529785156,273.03142599171395,267.8262812456373,269.7332022897182,28172000
2023-03-27,268.896484375,273.8389205347129,268.0597550905618,272.90492269572303,26840200
2023-03-28,267.7776794433594,268.6630431725957,264.6837609123016,268.3225140934646,21878600
2023-03-29,272.9147033691406,273.5276497515444,270.87155865821495,271.4066545555062,25087000
2023-03-30,276.3587951660156,276.7576972006701,273.8584053599599,276.53394388967973,25053400
2023-03-31,280.4936828613281,281.4374193382453,275.3372029511124,276.0474474143603,32766000
2023-04-03,279.4526672363281,280.46448571800556,276.2614811751681,278.7618705700124,24883300
2023-04-04,279.4040832519531,282.5855611844231,277.93498937950386,279.4527472277195,25824300
2023-04-05,276.6409912109375,279.3749031470758,275.2594568336865,278.11011480832366,22064800
2023-04-06,283.70440673828125,284.17139086476425,274.39352473015583,275.5415669627722,29770300
2023-04-10,281.5542297363281,281.7585352734682,277.00092706983764,281.37908101323706,23103000
2023-04-11,275.171875,278.2366070491665,274.01412362630157,278.0128240085293,27276600
2023-04-12,275.8139953613281,279.23870411334195,274.32542401576865,277.0788133677007,27403400
2023-04-13,281.9920349121094,282.05040792429327,275.50265429718814,275.91126538247534,24222700
2023-04-14,278.3922424316406,280.66887902365164,276.00856885442937,279.22894208294247,20987900
2023-04-17,280.98016357421875,283.7043659155023,278.41166217437114,282.0795713658837,23836200
2023-04-18,280.56182861328125,283.86005216252715,279.23866745372095,283.6751943988744,20161800
2023-04-19,280.6397399902344,281.2234702218599,276.8356062940719,278.2463272755176,17150300
2023-04-20,278.363037109375,281.20398586251105,277.3609274204324,277.52633742538336,23244400
2023-04-21,278.0225524902344,278.5187231488767,275.3956478853203,277.2928600656761,21676400
2023-04-24,274.14056396484375,277.234482358,271.173160031667,274.45190651995864,26611000
2023-04-25,267.96246337890625,273.97512034038175,267.91379941457996,271.94171485112884,45772200
2023-04-26,287.372314453125,291.45860367890464,284.80381270160626,288.66631890750085,64599200
2023-04-27,296.57611083984375,296.9361172975543,287.25552138127716,287.9560271426598,46462600
2023-04-28,298.9403381347656,300.5651029592613,295.097280309873,295.7783383038111,36469600
2023-05-01,297.28631591796875,300.24400981736625,296.88741397008533,298.6581407559336,21294100
2023-05-02,297.1404724121094,300.8083821173536,295.681087639922,299.42684782678805,26404400
2023-05-03,296.1578369140625,300.2538355598004,295.856233076209,298.31772775720617,22360800
2023-05-04,297.1404724121094,299.42684782678805,295.1848873161754,297.94798558856564,22519900
2023-05-05,302.2384948730469,303.52276023513224,296.0312419808853,297.44199207137683,28197100
2023-05-08,300.2927551269531,301.8008039789724,297.80207398264633,301.7326922255804,21318600
2023-05-09,298.6874084472656,301.6451031506541,298.0160890953245,299.66033160181695,21340800
2023-05-10,303.8536682128906,304.5249876536261,299.3393196181208,300.2635789224399,30078000
2023-05-11,301.7131042480469,302.6957658716708,297.9673748611149,301.70339520916224,31680200
2023-05-12,300.6040954589844,302.23859938067807,298.2982721245842,302.14130111816417,19774700
2023-05-15,301.08074951171875,301.5088380158988,299.2613882145806,300.7305114762556,16336500
2023-05-16,303.29901123046875,305.2156707578937,301.44072470865035,301.44072470865035,26730300
2023-05-17,306.1656799316406,306.58494426267947,302.9870076180216,304.49835287265563,24315000
2023-05-18,310.57293701171875,311.07998209113083,305.89270858681226,306.68249676156313,27276000
2023-05-19,310.3974304199219,310.7972045125446,308.47658062453104,308.83734438329236,27546700
2023-05-22,313.16656494140625,314.5413890695808,310.0756729757329,310.65094892902596,24115700
2023-05-23,307.394287109375,314.66815212283035,307.3845270869392,312.04526511786804,30797200
2023-05-24,306.01947021484375,308.60334694737196,304.81038789466385,306.87751903685313,23384900
2023-05-25,317.7882995605469,318.7438294879401,312.0159906409768,315.1751430242443,43301700
2023-05-26,324.58447265625,325.08172801991043,315.7992609054812,315.93575245913513,36630600
2023-05-30,322.9462890625,327.36326419300417,322.2735022093098,326.86600894737563,29503100
2023-05-31,320.1966857910156,327.5583014347169,319.16310540886235,323.9993748636306,45950600
2023-06-01,324.2821044921875,325.2084138620462,316.61822604492374,317.7980281716673,26773900
2023-06-02,327.0317687988281,329.0793797798021,324.25287030723234,325.9104672337744,25873800
2023-06-05,327.5583190917969,330.11294548453895,326.31025620693947,326.8562818593042,21307100
2023-06-06,325.3547058105469,327.0025428376745,323.88240041372416,326.96353250247705,20396200
2023-06-07,315.31170654296875,326.14449888626166,314.45365769277373,323.37536016910263,40717100
2023-06-08,317.1447448730469,318.49031851672504,315.2823959646681,315.8576718437754,23277700
2023-06-09,318.6365661621094,321.7567079982965,316.3159426317722,316.8814584828526,22529000
2023-06-12,323.57037353515625,323.8141360540533,317.0472861489783,320.3819407440362,24260300
2023-06-13,325.9494934082031,328.5723804542734,322.1468041193806,326.12499527780267,22951300
2023-06-14,328.9233703613281,330.58096729872784,324.50639495848685,325.9982202996805,26003800
2023-06-15,339.4149169921875,341.1114945004108,328.78687775426107,329.0598905688736,38899100
2023-06-16,333.7889099121094,342.70088270371474,333.4184158445692,342.55463113018976,46552000
2023-06-20,329.6156005859375,333.54505041870027,327.48023896465304,330.8441729587754,26375400
2023-06-21,325.2377014160156,329.3036733312241,323.784886322757,327.9775897528391,25117800
2023-06-22,331.2342224121094,331.63399647710884,325.0231587622799,325.7836965611128,23556800
2023-06-23,326.66119384765625,329.52784282060935,325.1303881799699,326.01765736840554,23146900
2023-06-26,320.4014892578125,327.72409574191425,320.2942182667598,325.3937413274087,21520600
2023-06-27,326.2225036621094,327.7630696544983,321.08397083431,323.5800965917035,24354100
2023-06-28,327.4705810546875,329.5474425224492,325.48147052492266,326.31026905867196,20259500
2023-06-29,326.6904602050781,327.72401072843235,324.32109606698276,326.358946806659,16997000
2023-06-30,332.0435485839844,334.17891054970244,328.78688502474677,329.32315064368396,26832800
2023-07-03,329.5571594238281,332.394558661991,328.1726050055835,330.727231395335,12508700
2023-07-05,329.7131042480469,333.12577875846375,326.3784503898892,326.7294540565752,18172400
2023-07-06,332.75531005859375,334.43239728548525,327.1292821478824,328.88436028376566,28161200
2023-07-07,328.80633544921875,333.2623207283037,328.5918232764179,330.8539462339244,21214800
2023-07-10,323.55084228515625,326.8660362322845,319.41663962980306,326.25174994494995,32791400
2023-07-11,324.1748962402344,324.55515029230673,318.84137119543414,322.80007207810127,26698200
2023-07-12,328.7868347167969,333.12578887236407,327.29500957576835,328.2017988317313,29995300
2023-07-13,334.11065673828125,335.16369770913235,330.56146024108614,331.0879956045949,20567200
2023-07-14,336.626220703125,342.66178201390807,335.71943143019837,338.91759393807007,28352700
2023-07-17,337.10406494140625,338.33260777182664,333.66213945063294,337.0552945851425,20363900
2023-07-18,350.520751953125,357.6288755346599,333.63290678637566,337.2015639773949,64738600
2023-07-19,346.220703125,353.41657610071684,343.6465868791131,352.7242990079896,39732900
2023-07-20,338.2156066894531,349.0386682151087,336.7530316118285,344.74845393864297,33778400
2023-07-21,335.1929626464844,341.56003861838775,331.35126286647005,340.4387369530099,69405400
2023-07-24,336.49951171875,338.2643797019485,333.7693834548789,337.2210689969038,26678100
2023-07-25,342.2230529785156,343.11035203179654,336.46050402116185,338.4495845575855,41637700
2023-07-26,329.3426208496094,336.07048951280683,324.7988843745913,332.92106736693563,58383700
2023-07-27,322.4685974121094,332.81386556115655,320.84025051529886,331.9850967113134,39635300
2023-07-28,329.92767333984375,331.52676966933615,324.8574310459994,325.3449560601863,28484900
2023-07-31,327.538818359375,329.2744062182313,325.0426629130829,328.51386838696095,25446000
2023-08-01,327.9483642578125,330.0934864927497,325.374247332057,326.82706253525544,18311900
2023-08-02,319.32891845703125,325.3059805314277,318.2173470228,325.3059805314277,27761300
2023-08-03,318.5098571777344,321.6495195711113,317.81757996467144,317.86632056535905,18253700
2023-08-04,319.6019287109375,326.7783131025437,319.07539331182784,323.5996401737791,23741500
2023-08-07,321.87371826171875,322.84876819218033,319.3483425125627,320.1771409046875,17741500
2023-08-08,317.9150695800781,320.5477167225477,314.9411787114309,318.802368731708,22327600
2023-08-09,314.19036865234375,318.94858760325343,313.03978705069517,318.3245710835293,22373300
2023-08-10,314.8729248046875,320.06995855318496,313.16658711260004,317.88582607311884,20113700
2023-08-11,313.0008239746094,314.3658880842269,311.2457160426732,312.26953644201075,24355500
2023-08-14,315.9552001953125,315.974690482468,312.09398089474894,313.37132372944086,18836100
2023-08-15,313.8295593261719,316.97898134379494,312.8935197157339,314.9411305404492,16966300
2023-08-16,313.0674743652344,316.9954936708588,312.48119971164607,313.45831419457073,20698900
2023-08-17,309.6280212402344,314.50381263909213,308.9733414603899,313.20426358487214,21257200
2023-08-18,309.2371520996094,311.0936633520083,304.4199558180871,307.29267431715726,24755000
2023-08-21,314.51361083984375,315.383227213463,309.7843803763491,310.65399674996837,24040000
2023-08-22,315.0802917480469,318.61744100027846,314.1031773769701,318.0507277854862,16084600
2023-08-23,319.51641845703125,321.66608212966844,316.05742502712076,316.40920172771865,21166400
2023-08-24,312.64727783203125,325.35954498918005,312.63749714645934,325.2325153533981,23281400
2023-08-25,315.58837890625,317.91388582994176,311.50401857895207,314.1129268105896,21684100
2023-08-28,316.2919616699219,318.68587419815776,314.3572643100924,318.20709765634393,14808500
2023-08-29,320.8941955566406,321.45115801127633,314.51363868595456,314.51363868595456,19284600
2023-08-30,321.26544189453125,322.26208781651366,318.97899784822044,321.1481929412585,15222100
2023-08-31,320.2590026855469,323.33690686450706,319.30141990622377,321.6660497077852,26411000
2023-09-01,321.138427734375,324.3922056211829,319.3014478601216,323.7277749745022,14942000
2023-09-05,325.9165344238281,327.18680118433525,321.13845995330405,321.47067530997464,18553900
2023-09-06,325.2618408203125,326.80566842614127,322.62362005663084,325.7503980121673,17535800
2023-09-07,322.3598327636719,325.4572688809115,321.4999672739755,323.70825547986243,18381000
2023-09-08,326.6199645996094,328.46672481696214,321.92004751477697,322.53563425389456,19530100
2023-09-11,330.2060241699219,330.6750497904705,327.75345762157895,329.52203220068384,16583300
2023-09-12,324.17724609375,329.08237965274225,323.8939043767627,328.1345774558951,17565500
2023-09-13,328.3691101074219,329.1410389438137,323.59103551016267,323.7278160398698,16544400
2023-09-14,330.9486389160156,333.05917964974554,328.86738060055865,331.388322477558,20267000
2023-09-15,322.6627197265625,329.6783939916595,322.1057573596053,329.20939816193993,37679800
2023-09-18,321.52923583984375,322.83856545069517,318.8910152474716,320.29806225418173,16834200
2023-09-19,321.1286315917969,321.8517165023023,317.0833936077872,318.7054070395551,16505900
2023-09-20,313.4289855957031,322.04714204193704,313.1749561204339,321.96898600781554,21436500
2023-09-21,312.2173767089844,317.9041899225686,307.79104947595397,311.95356654433346,35560400
2023-09-22,309.7550964355469,314.09348747067116,308.91476240736046,313.96645780671054,21447900
2023-09-25,310.2728271484375,310.39985675556693,307.7909489252006,309.3445568033814,17836000
2023-09-26,304.9964904785156,308.6508886408052,302.92498298833925,307.9180528712019,26297600
2023-09-27,305.63165283203125,307.10707545013054,302.60259191792346,305.15284644995364,19410100
2023-09-28,306.462158203125,308.26004502387354,302.36804670236813,303.87278132742597,19683600
2023-09-29,308.5238952636719,312.1587623008752,307.7715278533527,310.4781242122937,24147300
2023-10-02,314.4353942871094,314.523360821819,307.96690188868587,309.04173366618016,20570000
2023-10-03,306.2178955078125,314.03481069195016,304.0877634575696,313.48759919542874,21033500
2023-10-04,311.6603698730469,312.7156700194833,306.81389127739357,306.84320351373003,20720100
2023-10-05,312.05120849609375,312.6570444101147,307.6932870679997,311.7873983700248,16965600
2023-10-06,319.77044677734375,321.65627028707706,309.0612521971817,309.30553078090355,25673600
2023-10-09,322.2718811035156,322.7408769349448,315.78382712320234,317.3179038998877,19891200
2023-10-10,320.8746337890625,323.5226056424412,320.17111018080624,323.38579530400693,20557100
2023-10-11,324.8123474121094,325.2031871666955,321.6074137138443,323.63001764409694,20063200
2023-10-12,323.5812072753906,325.99468102864705,321.1970457612764,323.00471335948436,19313100
2023-10-13,320.2297668457031,326.1901418317179,318.89109484470674,324.7733436051939,21072400
2023-10-16,325.0273742675781,328.44727494049874,323.03405238313746,323.4737360067268,22158000
2023-10-17,324.4605712890625,325.82852534192716,319.91699576886526,322.0470977811233,18338500
2023-10-18,322.5552062988281,327.909803713785,320.78663169696983,324.88074324116036,23153600
2023-10-19,323.7375793457031,329.1703335138683,323.33695882729216,324.5485712503718,25052100
2023-10-20,319.1939697265625,324.32382025517603,318.0018889823848,324.1283854502297,25027700
2023-10-23,321.7833251953125,325.1152889172781,316.96615830256553,318.0214287466955,24374700
2023-10-24,322.96563720703125,324.24565474799095,320.1026990318568,323.71800459686386,31153600
2023-10-25,332.87359619140625,338.2770379621599,329.89337919706037,337.1240202368528,55053800
2023-10-26,320.38604736328125,333.8115893601042,319.45777677753637,332.7465382675552,37828500
2023-10-27,322.2620544433594,329.0139176156299,320.8843197467533,322.86786051864124,29856500
2023-10-30,329.59051513671875,331.6815546418734,324.235916527097,325.7797742554051,22828100
2023-10-31,330.3722229003906,331.24186925973277,327.03050746677263,331.09530802477985,20265300
2023-11-01,338.14996337890625,339.46907368839175,331.8768762591472,332.0136865785613,28158800
2023-11-02,340.3484802246094,340.8467882699962,336.87970636333785,339.29318001958046,24348100
2023-11-03,344.7259521484375,346.27959030223104,339.38113512943426,341.62851616542054,23637700
2023-11-06,348.37060546875,349.3575005821622,345.2633887474612,345.36110615399525,23828300
2023-11-07,352.279052734375,354.16487636600215,349.4454269438777,351.1749086935178,25833900
2023-11-08,354.88800048828125,355.54265050853274,352.2986231921823,353.40276735497133,26767800
2023-11-09,352.4353332519531,356.44150755023384,352.1128688580119,354.00847284569846,24847300
2023-11-10,361.2098693847656,361.6300213922687,352.80668013888885,353.2170514609085,28042100
2023-11-13,358.288330078125,360.03737334526807,357.5261819771122,359.7930947254669,19986500
2023-11-14,361.796142578125,363.4377174527681,358.9429851939613,362.5192275200011,27683900
2023-11-15,361.9430236816406,365.3306930182784,359.4365063311856,363.5193564786247,26860100
2023-11-16,368.30712890625,368.48335928952025,362.44231441681825,363.2060092906745,27182300
2023-11-17,362.1192321777344,366.5447423144695,359.3287982048387,365.8006186204478,40157000
2023-11-20,369.5506286621094,370.95073116555085,363.24523724780994,363.4606399313925,52465100
2023-11-21,365.27197265625,368.3561243217149,363.3627202596963,367.8176325584251,28423100
2023-11-22,369.9520568847656,371.8515087359404,367.13225084262217,370.0989155578587,23345300
2023-11-24,369.5408020019531,370.0695230751344,367.2986899991627,369.44288626548433,10176600
2023-11-27,370.6961364746094,372.683733332582,368.336537498751,368.9044009726802,22179200
2023-11-28,374.7006530761719,374.994370396148,370.25554172918464,370.4415726583984,20453100
2023-11-29,370.9311828613281,376.2672475889846,369.55065146948715,375.7385563254902,28963400
2023-11-30,370.9898986816406,372.1452267516367,367.6218003340975,370.578664516551,30554400
2023-12-01,366.681884765625,370.2555853515813,363.5487602115402,368.884854564053,33040500
2023-12-04,361.42413330078125,361.79616532164505,355.31454343634607,361.3849610271203,32063300
2023-12-05,364.7334289550781,365.28172122334854,357.9776614584204,358.7903292029664,23065000
2023-12-06,361.0912170410156,366.3587674073999,360.33732257448145,365.7321604216408,21182100
2023-12-07,363.1962890625,363.68583789268007,358.66306211428184,360.5331422311326,23118900
2023-12-08,366.40771484375,366.6328881744278,360.53312909562084,361.4828549867559,20154400
2023-12-11,363.5389404296875,363.83268764840955,358.44765064841334,360.77790780370736,27708800
2023-12-12,366.5545654296875,366.59373770012405,362.7164896784692,363.0983520859286,24838300
2023-12-13,366.5447692871094,369.7464376106383,363.0200118977458,368.16027437565873,30955500
2023-12-14,358.28118896484375,365.9475401487158,356.5188251808004,365.50693426286074,43277500
2023-12-15,362.98089599609375,364.61597239957655,358.6238993402138,359.1819921925265,78502300
2023-12-18,364.86065673828125,365.2033468198128,360.9736386882021,361.72756284350805,21802900
2023-12-19,365.45794677734375,365.45794677734375,362.1094201402803,363.7249250586426,20603700
2023-12-20,362.87310791015625,368.17002893044344,362.7849927213884,367.1615597082987,26316700
2023-12-21,365.73211669921875,366.5839268091088,362.3052751851502,364.77259031859234,17708000
2023-12-22,366.7503356933594,367.3378001809741,364.9194281127133,365.8691539017797,17107500
2023-12-26,366.8287658691406,369.06110753950185,365.6930088958422,367.1616555179138,12673100
2023-12-27,366.2510681152344,367.2203652351963,365.01739550459973,365.87900622442777,14905400
2023-12-28,367.43572998046875,368.59105792655595,366.3391454974242,367.5238451750327,14327000
2023-12-29,368.1798400878906,369.2764245304369,365.6733528250178,368.14066782074684,18730800
2024-01-02,363.1178894042969,368.04274869324354,359.1035836301592,366.045381402949,25258600
2024-01-03,362.8536071777344,365.4580105992302,360.8072966064926,361.29684544783345,23083500
2024-01-04,360.2491455078125,365.3012923191343,359.49525117073273,362.92209250603474,20901500
2024-01-05,360.06317138671875,364.28307999206555,358.8392992881915,361.25767175006894,21004600
2024-01-08,366.85809326171875,367.35744261436474,361.2968258961624,361.58074269539895,23134000
2024-01-09,367.9350891113281,368.1308907001316,363.4312342532303,364.2341014424794,20830000
2024-01-10,374.7691955566406,376.1399561660862,368.45403366179033,368.50297659226095,25514200
2024-01-11,376.59033203125,382.5138608324762,372.4291670394017,377.9316910243427,27850800
2024-01-12,380.3500671386719,380.55566927985785,376.6099069263744,377.43234537080764,21661200
2024-01-16,382.1123962402344,385.79381264906647,379.5177936668549,385.43155133047776,27202300
2024-01-17,381.3291931152344,381.95580012337945,376.7665941196336,379.8703470627965,22234100
2024-01-18,385.6371154785156,385.7546023940902,381.96549996839235,383.532061895315,23392100
2024-01-19,390.3368225097656,390.3368225097656,385.2748751705021,387.48764513323476,29331100
2024-01-22,388.2220153808594,392.2460923450514,385.36303712070327,391.6586277842315,27016900
2024-01-23,390.5620422363281,391.03201985975426,385.6959257751216,387.47789064929606,20525900
2024-01-24,394.14556884765625,397.15140596636934,392.07968703700567,393.14689994749176,24867000
2024-01-25,396.40728759765625,398.5025710526844,394.1162025271926,395.8687958055948,21021200
2024-01-26,395.4869079589844,397.680107020746,394.0182614789132,395.9177133168471,17803300
2024-01-29,401.1558837890625,401.41045873539736,395.8785331996652,397.57238286313674,24510200
2024-01-30,400.04949951171875,404.41626660201007,397.9542461080957,403.64280098293807,33477600
2024-01-31,389.26959228515625,406.6388032074163,388.90733097100707,398.45353212037105,47871100
2024-02-01,395.34002685546875,399.4718199134869,393.40140285508346,393.4307745878308,30657700
2024-02-02,402.62457275390625,404.0246753472104,395.124680500137,395.3694549344779,28256700
2024-02-05,397.1708679199219,402.56570433995887,395.54556259476396,401.3320320122611,25352300
2024-02-06,397.0142822265625,399.4424550677267,394.4882235276778,397.39614463854895,18382600
2024-02-07,405.3953857421875,405.640160164174,398.88439209328425,398.9235643671154,22340500
2024-02-08,405.4541015625,406.8738050650789,403.90714046810643,405.3953580956046,21225300
2024-02-09,411.75946044921875,412.02383590927224,406.4135962217608,406.57025541446654,22032800
2024-02-12,406.580078125,411.94551383927785,406.0807287884979,411.769283442755,21202900
2024-02-13,397.8269348144531,401.49855072964925,394.9581860838381,396.4757753769111,27824900
2024-02-14,401.67205810546875,402.0153819358465,396.84600689910087,400.2791853329973,20401200
2024-02-15,398.7980651855469,401.3190066322356,396.57141418180584,400.34791702088137,21825500
2024-02-16,396.34576416015625,400.4950166150196,395.737605866878,400.17130014605374,22296500
2024-02-20,395.1000061035156,396.7675320143623,390.41126629664336,395.5413968145009,24307900
2024-02-21,394.50164794921875,394.60956341609165,389.6363517174895,392.53004284668083,18518900
2024-02-22,403.79083251953125,404.9482969480148,400.76964859968683,402.3587150074255,27009900
2024-02-23,402.505859375,407.92046175721333,401.162019956702,407.73411674298126,16295900
2024-02-26,399.7593078613281,404.29109863437077,399.58272164729414,403.60445096908654,16193500
2024-02-27,399.7004699707031,400.52442923735737,396.13976854109416,400.20071277924296,14835800
2024-02-28,399.9359130859375,401.48573495033145,397.58173927175767,400.38712249937714,13183100
2024-02-29,405.74285888671875,406.2921650523384,398.1702468207432,400.8383181687279,31947300
2024-03-01,407.5673522949219,407.93028353505224,403.03556125394095,403.4180998812608,17823400
2024-03-04,406.99847412109375,409.3820740419509,404.4481066223211,405.54671909934444,17596000
2024-03-05,394.96270751953125,406.3412493979287,392.99110225962716,406.056777618859,26919200
2024-03-06,394.41339111328125,397.4247865981622,390.784048581795,395.27659515513125,22344100
2024-03-07,401.32879638671875,401.9565620702222,394.56050584072034,398.3664344564578,18718500
2024-03-08,398.4645080566406,402.58433424165736,396.61057729290076,400.1712786506048,18002200
2024-03-11,396.7969665527344,397.9348236347475,393.5992262388283,396.05149669102667,16120800
2024-03-12,407.3515625,407.63603426425436,399.02366133031137,399.8378019777306,22457000
2024-03-13,407.17498779296875,410.1961717884516,403.5946789555971,410.11771230614136,17115900
2024-03-14,417.101806640625,419.652174073812,410.0098292271171,412.21687278632703,34157300
2024-03-15,408.46978759765625,414.5317928189051,404.9090862008724,411.28498921650765,45079900
2024-03-18,409.3526306152344,412.69753127897746,405.8802070917239,406.34123515822085,20106000
2024-03-19,413.3645324707031,413.61957818454806,407.61639479250874,409.8528643144651,19837900
2024-03-20,417.1116638183594,417.82770774754715,412.62890552421754,413.94331910643774,17860100
2024-03-21,421.1725769042969,422.5949058623587,419.0047780206844,421.62378632435974,21296200
2024-03-22,420.55462646484375,421.6532390012991,417.9356179957843,421.4963200117596,17648500
2024-03-25,414.78680419921875,419.24995422394994,413.5606690168653,417.1213703760103,18060500
2024-03-26,413.5999450683594,417.8570831519167,413.30568457627095,417.48433323864253,16725600
2024-03-27,413.3841247558594,416.34648660093063,411.0103437373624,416.33666794000516,16705000
2024-03-28,412.68768310546875,413.815721504757,411.11822405931304,412.92309148516256,21871200
2024-04-01,416.4642028808594,419.720825298805,414.15906261710444,415.856044584665,16316000
2024-04-02,413.3940124511719,414.3160686838876,409.8627364466167,412.0893875977787,17912000
2024-04-03,412.4228515625,415.17920112214335,411.0888008867087,411.71659648353796,16502300
2024-04-04,409.90191650390625,420.48592418548293,409.5978373618215,416.8761593197056,19370900
2024-04-05,417.39599609375,418.3671154502644,410.33347586739825,411.9912129200493,16554800
2024-04-08,416.48382568359375,419.12247124179834,415.21844567326013,417.0527692258899,14272400
2024-04-09,418.14154052734375,419.5736580977935,413.57050478624086,418.29848942937065,12496900
2024-04-10,415.17919921875,415.9344877287147,411.68716854848634,414.12962029851764,16216600
2024-04-11,419.7600402832031,421.1725504908495,414.2963744060529,417.69033834286756,17966400
2024-04-12,413.84515380859375,417.06253143112855,411.75581460240056,415.95410040174403,19253800
2024-04-15,405.74285888671875,418.6712210349568,405.53684662340567,418.45542004596757,20273500
2024-04-16,406.6649169921875,410.4119935798852,405.8311689524943,406.65512826574127,16765600
2024-04-17,403.97723388671875,410.8828360715611,402.4960529094379,409.2839508985917,15855500
2024-04-18,396.5517272949219,404.02627254838046,396.2378594372626,402.79031869935466,21029900
2024-04-19,391.5000915527344,397.738683518828,390.1758594431205,396.31635459832717,30565800
2024-04-22,393.304931640625,395.1588624515417,388.1944084543801,392.441727661041,20286900
2024-04-23,399.78875732421875,400.4067342721825,395.3648518176367,396.5223162949651,15734500
2024-04-24,401.2502746582031,404.59517495198185,399.01380533371923,401.7407287200192,15065300
2024-04-25,391.421630859375,392.25540884693,380.6218216022703,386.507271018032,40586500
2024-04-26,398.5625915527344,405.1150505614492,398.0132854043954,404.3009099992489,29694700
2024-04-29,394.5703125,398.562615947593,391.56873588609426,397.5130370183344,19582100
2024-04-30,381.8969421386719,394.4820099813431,381.7400231834723,393.8247883748175,28781400
2024-05-01,387.39990234375,394.05045900742965,382.85829240714,385.11436938308555,23562500
2024-05-02,390.2445373535156,392.2946320183516,387.1154376190438,390.067981051651,17709400
2024-05-03,398.8961181640625,399.37675358596374,394.18774100881984,394.5997356096934,17446700
2024-05-06,405.64483642578125,406.02737510572115,398.61171057588416,400.95609583749865,16996600
2024-05-07,401.5249938964844,406.7532518204941,401.2797668251692,406.74343315845897,20018200
2024-05-08,402.70208740234375,404.3598247646084,398.9451919846881,400.37733960441915,11792300
2024-05-09,404.4481201171875,404.84047745279514,401.28959417288524,402.7315305808264,14689700
2024-05-10,406.8218688964844,407.44966453116945,403.93799631140473,405.0562460600837,13402300
2024-05-13,405.8213195800781,410.36292908810583,402.9766919421273,410.0294239104783,15440200
2024-05-14,408.6071472167969,409.5193847249845,403.69278719697195,404.1538152820149,15109300
2024-05-15,415.7511901855469,416.46855556809163,410.0418362179186,410.66092785109674,22239500
2024-05-16,413.6974182128906,418.05070261448816,413.06852016596474,414.49338464088675,17530100
2024-05-17,412.9308776855469,415.5939551336606,410.7886480687753,415.2205329091171,15352200
2024-05-20,417.9720764160156,419.3772981518083,412.71474538865465,412.9309356548489,16272100
2024-05-21,421.6079406738281,425.4698558470045,417.4905197677202,419.4362019217813,21453300
2024-05-22,423.06231689453125,424.91959180983645,419.7310556819618,422.63977275649836,18073700
2024-05-23,419.6033020019531,426.0889796466093,418.0506847119264,425.4698880093599,17211700
2024-05-24,422.7085876464844,423.59299146281916,417.0581916118114,419.7900340603218,11855300
2024-05-28,422.86578369140625,423.35712243524114,419.2102222377172,422.1877338257991,15718000
2024-05-29,421.7357177734375,423.4750461602697,418.3159892619867,418.3159892619867,15517100
2024-05-30,407.4869079589844,416.9500674611062,407.0643338259667,416.9500674611062,28394500
2024-05-31,407.93890380859375,409.53083651523417,397.5028738526741,409.53083651523417,47995300
2024-06-03,406.3567810058594,409.21637607324783,401.83648858598,408.3319723384426,17484700
2024-06-04,408.86260986328125,409.226195718034,402.58328662384173,405.2856495851976,14348900
2024-06-05,416.66510009765625,416.7338647316788,409.0886349128657,410.57248754759564,16988000
2024-06-06,417.1662292480469,417.9425528471417,413.29447761268017,416.66508413024746,14861300
2024-06-07,416.50787353515625,418.89577271534046,415.67259164399417,418.8171717087438,13621700
2024-06-10,420.4582214355469,420.66457531575907,416.5471841383872,417.34315052242914,13982900
2024-06-11,425.18487548828125,425.3224647271418,417.8835891699695,418.10961578141064,14551100
2024-06-12,433.4197692871094,435.7192312163597,425.74505981738713,427.7792095971262,22366200
2024-06-13,433.93072509765625,435.7093989946261,431.75901618030764,433.21338970261115,15960600
2024-06-14,434.903564453125,435.4636977946633,429.15489539650804,430.68786981308114,13582000
2024-06-17,440.60308837890625,443.1285766509554,433.08561180023855,434.9232138540311,20790000
2024-06-18,438.6082763671875,442.34246889984814,437.18341197055486,441.9198947788086,17112500
2024-06-20,437.9793395996094,438.79494866589,433.62605582240985,438.56892206249415,19877400
2024-06-21,441.9886779785156,442.774807970896,438.77533339876635,439.63025801243765,34187100
2024-06-24,439.915283203125,444.9072720890794,438.67709986214254,442.0083612472025,15913700
2024-06-25,443.138427734375,443.60028735592437,439.01117026568124,440.4851865060809,16413400
2024-06-26,444.3274841308594,445.7425422004591,440.4262530619795,441.222219477512,16507000
2024-06-27,445.0055236816406,448.2680202655606,443.94421515967235,444.3471165440364,14806300
2024-06-28,439.20770263671875,447.49166642517747,438.6770484115445,445.22168389223947,28362300
2024-07-01,448.8182678222656,449.44716577540373,437.9400216100097,440.8880538633733,17662800
2024-07-02,451.32415771484375,451.62878536550966,445.26102385148636,445.3494912239479,13979800
2024-07-03,452.788330078125,453.0339994689676,449.9484075142332,450.2530351597629,9932800
2024-07-05,459.460693359375,460.2370169877969,451.01949716215944,451.6483951731934,16000300
2024-07-08,458.16351318359375,459.59824381659064,456.41434856608595,458.4681407863274,12962300
2024-07-09,451.57965087890625,459.23468742094946,450.0663190511327,458.9104170237532,17207200
2024-07-10,458.1734313964844,458.37978529575963,450.9114295315087,453.2305642637646,18196100
2024-07-11,446.82342529296875,456.728800279139,443.72796749516465,454.95999295662324,23111200
2024-07-12,445.6933288574219,448.4546499899947,442.84357035631416,446.45981604032585,16324300
2024-07-15,446.0963134765625,449.3391675395858,443.61014035604813,445.44774266395785,14429400
2024-07-16,441.7332458496094,446.43044381085906,438.9228021690068,446.35184279409714,17175700
2024-07-17,435.8371276855469,437.14410559537976,431.5723108003405,434.92324477920374,21778000
2024-07-18,432.74169921875,436.9475578488645,426.8751131633182,436.6429302135875,20794800
2024-07-19,429.5381164550781,433.4983352820313,424.51664918921864,425.5976003585523,20940400
2024-07-22,435.2671813964844,436.898429671943,431.306992206013,434.1371082507153,15808800
2024-07-23,437.1441345214844,440.6228216077749,435.4244487287082,436.21057880982977,13107100
2024-07-24,421.47039794921875,433.83249840274334,420.18309274942834,432.82034171919196,26805800
2024-07-25,411.1522216796875,422.35473813773996,410.2776543804513,421.37206072933304,29943800
2024-07-26,417.9032287597656,421.49002544679837,410.04180915234855,410.95572197330205,23583800
2024-07-29,419.33795166015625,424.66404655168895,417.3431176712943,424.1039132176947,15125800
2024-07-30,415.5939636230469,421.6177512482942,410.13024936818454,420.3108034246303,32687600
2024-07-31,411.1030578613281,414.4736338309308,405.06940479461485,413.21580807605915,42891400
2024-08-01,409.8845520019531,420.0552689925362,405.9341996877239,413.50082759098166,30296400
2024-08-02,401.4139099121094,407.81114983489476,397.3358044115477,405.3446197900361,29437900
2024-08-05,388.3050537109375,394.09303926008795,378.90082173461536,382.4286607640187,40709200
2024-08-06,392.6877136230469,398.6427664419344,391.5969560698374,393.07097221564607,24946500
2024-08-07,391.5282287597656,402.9764167958112,390.58486666117705,401.5613886423986,20650900
2024-08-08,395.7143859863281,398.8294567188382,393.0120229903142,395.46871662305415,20203000
2024-08-09,398.9866638183594,400.98149772413467,395.29181721770595,397.03114540515713,19276700
2024-08-12,399.76300048828125,401.67923346079886,397.2375123110676,400.0086698442997,16762900
2024-08-13,406.83831787109375,407.7620371122612,402.475227409518,402.49487016333154,19414300
2024-08-14,409.638916015625,410.484034234621,405.30533476037385,407.61460282522484,18267000
2024-08-15,414.4823913574219,414.5611340262228,411.16480439429694,413.27150876832536,20752100
2024-08-16,411.9622497558594,414.787612725286,410.8104315549657,414.05913029915934,22775600
2024-08-19,414.97467041015625,415.19125033166955,409.9835081573214,412.4446299731582,15234000
2024-08-20,418.19378662109375,419.23729981689326,415.082955234779,415.14201975205145,16387600
2024-08-21,417.5440979003906,419.76893159636126,415.1617187597954,417.48500333716095,16067300
2024-08-22,409.087646484375,420.1528703345148,408.16226230018384,417.7606371537281,19361900
2024-08-23,410.308349609375,412.73993890763575,405.68142906839694,410.4953972510095,18493800
2024-08-26,407.0596618652344,410.7907306533513,404.94310328054127,409.89487877847426,13152800
2024-08-27,407.40423583984375,407.91613833509496,403.8700687036349,406.43946532338146,13492900
2024-08-28,404.2146911621094,408.54625995788336,400.9758461349833,408.42813090646126,14882700
2024-08-29,406.6954345703125,415.48655408743093,404.2146347079457,408.4871383812944,17045200
2024-08-30,410.6529541015625,410.9974871196902,405.72085639315753,409.1368946584357,24308300
2024-09-03,403.07269287109375,413.35034007836833,400.7001678121759,411.4109748667296,20313600
2024-09-04,402.54107666015625,404.8446830658677,398.0815251485243,399.59758459335677,15135800
2024-09-05,402.0389709472656,406.6757153578755,399.81410753750566,401.2809263113811,14195500
2024-09-06,395.45306396484375,404.2638620080845,394.56703607993364,402.6985921439958,19609500
2024-09-09,399.4105224609375,402.2949499033103,395.89603343829765,400.9068736495872,15295100
2024-09-10,407.75860595703125,409.85545615571755,401.359690310945,401.85191459141316,19594300
2024-09-11,416.461181640625,417.39638986900843,403.21048066101315,409.03843011648604,19266900
2024-09-12,420.359619140625,420.7238603737511,413.22236565404535,416.7270008247058,17395700
2024-09-13,423.8937683105469,425.11447510259467,418.84354159900835,419.20778281644255,15874600
2024-09-16,424.6321105957031,426.7880557127787,421.5606353721957,423.90362815097126,13834700
2024-09-17,428.38287353515625,434.9786922694464,425.54765628869114,433.3838900790578,18874200
2024-09-18,424.1103515625,429.2491750935579,423.71657808226,428.2351941115192,18898000
2024-09-19,431.8677673339844,434.63406555161,430.10559589287107,434.3682752397946,21706600
2024-09-20,428.5010070800781,432.4092699149114,427.46734788448686,430.4206942067389,55167100
2024-09-23,426.7683410644531,429.6724465370328,423.6968661035608,427.52635570448473,15128900
2024-09-24,422.4958801269531,426.61086866115505,419.4736152765213,426.26630559260894,17015800
2024-09-25,425.39007568359375,426.38437839634133,421.9051492250097,423.1455340479856,13396400
2024-09-26,424.6025390625,428.53047950890726,422.45644824495844,428.3237537072511,14492000
2024-09-27,421.3637390136719,425.1341945131492,420.82230422369577,424.8093096047705,14896100
2024-09-30,423.6083068847656,423.7264659769529,418.7549815080826,421.5508124966524,16807300
2024-10-01,414.147705078125,421.81656847562806,412.2969368087723,421.78703621784,19092900
2024-10-02,410.64306640625,416.2445815766932,410.22958475813624,416.0082934736332,16582300
2024-10-03,410.0622863769531,413.0254566537122,407.84727671300476,411.1353318978847,13686400
2024-10-04,409.5897216796875,413.2223397680441,408.51667620718774,411.73581262468696,19169700
2024-10-07,403.1711120605469,410.6233655735784,402.6395013728588,409.5306419831522,20919800
2024-10-08,408.26068115234375,409.19591936395466,401.82240877121177,404.50993429186275,19229300
2024-10-09,410.9679260253906,413.84252930935924,407.8570646785986,409.3928021729279,14974300
2024-10-10,409.3731384277344,410.859665558973,406.7249690560659,408.77263914925425,13848400
2024-10-11,409.845703125,410.64310419410805,406.82343830885475,409.66850956364067,14144900
2024-10-14,412.621826171875,417.4456186019399,411.02699410502277,411.27310627026066,16653100
2024-10-15,412.22802734375,415.9098858066577,408.80216519233556,415.61453317923247,18900200
2024-10-16,409.6488037109375,409.88506179410496,404.0965284555642,408.7135954364056,15508900
2024-10-17,410.2394714355469,415.9295838303706,409.127039576057,415.7917465890575,14820000
2024-10-18,411.6570739746094,413.12389293089865,409.78662744422246,410.6529471112624,17145300
2024-10-21,412.2674255371094,412.44461909285747,407.31564977599334,409.6487883889798,14206100
2024-10-22,420.8616943359375,423.88392916296095,411.53896348036403,411.9819473916582,25482200
2024-10-23,417.9969177246094,424.37612597688815,415.95910173602493,424.1595460644349,19654400
2024-10-24,418.1249084472656,419.35546932603506,415.83112614516494,418.7155536346828,13581600
2024-10-25,421.49169921875,425.7937351729216,419.9362835126177,420.1233311665373,16899100
2024-10-28,419.95599365234375,425.222800536086,419.67049509941035,424.9471560845272,14882400
2024-10-29,425.2326354980469,426.4336641349943,419.1782518516455,421.34405104712135,17644100
2024-10-30,425.8035583496094,431.68071778433335,425.38025265537163,430.63720465561414,29749100
2024-10-31,400.03076171875,409.6882017012257,399.9815212546983,408.9006246633273,53971000
2024-11-01,403.9881896972656,409.0384161036912,401.162826864631,402.64935394725995,24230400
2024-11-04,402.10784912109375,404.0373899234799,399.2628084141344,403.4270065821216,19672300
2024-11-05,405.06121826171875,408.4477238969609,401.7337771398714,402.0192756499378,17626000
2024-11-06,413.6456298828125,413.91145024796907,404.1358522419557,406.00632872643234,26681800
2024-11-07,418.81402587890625,420.21195632741785,413.3503473156427,414.7285695615749,19901800
2024-11-08,415.9690246582031,419.86743368435936,415.2208339199428,418.7057912540039,16891400
2024-11-11,411.5093994140625,418.2036383732599,409.530647967578,415.9492425000552,24503300
2024-11-12,416.45135498046875,417.8394313280264,410.7120319666306,411.7456911405818,19401200
2024-11-13,418.58758544921875,422.65333320998997,411.70626883397995,415.0829505962656,21502200
2024-11-14,420.25128173828125,421.5113747579457,413.4684163916041,418.3906594438851,30246900
2024-11-15,408.5461730957031,416.22486023548765,407.207337406915,413.29122260558944,28247600
2024-11-18,409.29443359375,411.8933627455597,405.6913474607701,408.41825976061074,24727000
2024-11-19,411.2928771972656,411.4405385103304,405.1498961868294,406.68563392869004,18133500
2024-11-20,409.028564453125,410.8005900683197,404.19491792354364,410.3871084118776,19191700
2024-11-21,407.2629089355469,414.07906953202513,404.717960528392,413.80287334750346,20780200
2024-11-22,411.3367919921875,411.73135363774225,405.4774597411712,405.7832472742104,24814600
2024-11-25,413.10247802734375,415.36135617252853,409.2159842267064,412.69804256956826,27691100
2024-11-26,422.17755126953125,423.21330950979313,413.161695275106,413.891635863064,23458900
2024-11-27,417.2454528808594,421.42789081016514,416.28862504102557,419.33665679394954,18332400
2024-11-29,417.7090148925781,419.1097432305611,412.1258792913512,414.384787411828,16271900
2024-12-02,425.126953125,427.1195090506518,415.58826631722377,415.84474493949193,20207200
2024-12-03,425.343994140625,426.59673575541547,421.9309618493427,424.0024483022702,18302000
2024-12-04,431.4794921875,433.698935348809,426.754535872994,427.1490975254907,26009400
2024-12-05,436.6088562011719,438.6211597736825,430.2464705000807,431.97270407918,21697800
2024-12-06,437.5459289550781,440.041568082756,435.7703565069421,436.29315742766124,18821000
2024-12-09,439.96270751953125,442.2413336019405,434.51768404131514,436.5891705079944,19144400
2024-12-10,437.3092041015625,443.51378920495125,435.6027181772746,438.3548361326827,18469500
2024-12-11,442.89239501953125,444.23394093068583,438.01948123467236,438.01948123467236,19200200
2024-12-12,443.45458984375,449.96496224230685,443.0106891858234,443.0106891858234,20834800
2024-12-13,441.1956787109375,445.2991859531554,439.5286279530639,442.34980235220513,20177800
2024-12-16,445.4570617675781,446.03904550783295,439.2327587604127,441.1957234184863,23598800
2024-12-17,448.2880554199219,449.1068002031095,443.4644812477741,444.8849272856994,22733500
2024-12-18,431.4499206542969,446.50265760588917,431.08492025325205,445.1907332778121,24444500
2024-12-19,431.09478759765625,437.1612597390131,430.39443838506674,435.6224481744677,22963700
2024-12-20,430.67059326171875,437.71361011588573,422.80883168125047,427.2279700671991,64263700
2024-12-23,429.3389587402344,431.70635881030796,426.9518110200716,430.80871372187636,19152500
2024-12-24,433.363525390625,433.6298778354008,428.2933464556966,428.74709084992185,7164500
2024-12-26,432.16009521484375,434.9516783695283,430.7002140852734,433.1169230295789,8194200
2024-12-27,424.6830749511719,429.3093836032803,420.5598497453618,428.6978084898888,18117700
2024-12-30,419.06048583984375,421.7435474622816,416.17028459927946,420.2737923808389,13158700
2024-12-31,415.7756652832031,420.93464819489714,414.9470768224156,420.3131993235258,13246500
2025-01-02,412.8952941894531,420.2835937285398,409.21597020748925,419.7509189849473,16896500
2025-01-03,417.6005554199219,418.2713132207811,413.8423008464514,415.36136467137544,16662900
2025-01-06,422.0394592285156,428.4215926337743,419.7016505493917,422.1874160873605,20573600
2025-01-07,416.6338806152344,424.801430542522,415.0851952170159,423.1738448521772,18139100
2025-01-08,418.79412841796875,421.171402275518,415.81515330470927,417.70906128958796,15054600
2025-01-10,413.2602844238281,418.94203783823525,409.3836345721572,418.8631375574346,20201100
2025-01-13,411.52423095703125,412.8164377086338,406.690782868284,409.6007014640922,17604800
2025-01-14,410.02484130859375,414.0395441747234,405.14205471322043,412.13576253291507,16935900
2025-01-15,420.5203552246094,422.3353628905166,412.58953664498,413.43787278736687,19637800
2025-01-16,418.8138122558594,423.6571336957602,418.6264203199314,422.87788427352234,15300000
2025-01-17,423.2034606933594,428.57945778773313,422.35515456567043,428.1947398206691,26197500
2025-01-21,422.6806335449219,425.0480336398343,419.82002384260585,424.3575582513444,26085700
2025-01-22,440.1402587890625,441.1957044539868,430.0787709144918,431.6175824572203,27803800
2025-01-23,440.643310546875,440.68277574358376,435.50407496539947,435.9972845633218,18389300
2025-01-24,438.0293273925781,440.5841496239721,435.40544858930485,439.11439458237174,15549500
2025-01-27,428.6582946777344,429.2896173703644,417.7485015093757,418.2515848986201,35647800
2025-01-28,441.12664794921875,442.2906153004339,425.5214900534852,428.6977608632086,23491700
2025-01-29,436.3227844238281,440.81100977301065,434.41900262341227,440.6235877197962,23581400
2025-01-30,409.3540954589844,417.1172097708342,407.54896156269734,413.0827588425547,54586300
2025-01-31,409.42315673828125,414.976701732093,409.27519987674,413.2899333042713,34161900
2025-02-03,405.33941650390625,409.7684293585694,403.11009933813943,406.0101743775102,25679100
2025-02-04,406.7696838378906,408.29865167160733,404.1753965052981,407.0853452090854,20532100
2025-02-05,407.67718505859375,408.20982973334895,404.82641922275565,406.74994863541014,16316700
2025-02-06,410.17279052734375,412.5204727625825,408.3775005706175,408.3775005706175,16309800
2025-02-07,404.1852722167969,412.96439718513943,402.5576865372201,410.82388435232116,22886800
2025-02-10,406.6217346191406,409.81772327895646,405.3394016663598,408.0914896331453,20817900
2025-02-11,405.8523254394531,406.88805357704496,403.741373863551,404.07678288840276,18140600
2025-02-12,403.48492431640625,405.17169274595005,398.8783333348811,401.67976029438313,19121700
2025-02-13,404.96453857421875,405.4182829681306,400.8412835235649,401.4726062482461,23891700
2025-02-14,402.8832092285156,403.35670130819824,400.3678521686821,402.25191655873215,22758500
2025-02-18,404.0767822265625,405.0237362453633,400.9794114377888,402.4590402622825,21423100
2025-02-19,409.1370544433594,409.84727742582396,402.11375500738893,402.3406422459273,24114200
2025-02-20,411.30169677734375,414.4447923675228,407.75335474991726,410.47144681938056,23508700
2025-02-21,403.4736022949219,413.1994268757111,403.1573381232245,412.49767332735263,27524800
2025-02-24,399.31243896484375,404.62012670611466,394.6867476536957,403.77011965609864,26443700
2025-02-25,393.2831726074219,397.2565479767241,392.0971142682963,396.4460551720573,29387400
2025-02-26,395.0920104980469,398.91710270889797,389.6755831630129,393.3919661639477,19619000
2025-02-27,387.97552490234375,401.03224256641477,387.6197164134029,396.61410618114576,21127400
2025-02-28,392.38372802734375,393.01631660620876,382.0846478468725,388.10398215130573,32845700
2025-03-03,383.98236083984375,394.1925192721913,381.67940898205217,394.1925192721913,23007700
2025-03-04,384.1009826660156,388.0249203607145,376.5792952112664,378.9514422192701,29342900
2025-03-05,396.36700439453125,397.00948665687173,384.29868393839774,384.82253320835395,23433100
2025-03-06,392.2849426269531,397.4838909032578,388.12376908504734,389.70521049036057,23304600
2025-03-07,388.7464904785156,390.21919261692045,381.06665528777256,387.76798692760104,22034100
2025-03-10,375.7490234375,381.9166113327009,372.8431337183802,381.3631114017718,32840100
2025-03-11,376.0356750488281,381.5212666884101,372.5367409966354,374.6024872406928,30380200
2025-03-12,378.82293701171875,380.7503233781215,374.55308456142495,378.5066728711865,24253600
2025-03-13,374.3751525878906,380.8491715851453,373.07049136146827,378.71423026442886,20473000
2025-03-14,384.05157470703125,385.7022111357248,375.10659301872727,375.3734493768336,19952800
2025-03-17,384.1899719238281,388.15342385678485,381.0962841175908,382.2131776873556,22474300
2025-03-18,379.0700378417969,382.87537263830677,376.67813379609476,382.57886557924786,19486900
2025-03-19,383.3201599121094,385.158563988563,379.54447585576617,381.0567221702146,19185500
2025-03-20,382.3515319824219,387.24410971121733,378.8328407062668,381.2642891356356,18470500
2025-03-21,386.7202453613281,387.194656647968,378.3583844724842,378.77352451177876,39675900
2025-03-24,388.5191650390625,390.812253823231,385.287116996227,390.812253823231,21004500
2025-03-25,390.5749816894531,391.7610400507305,388.08423198363494,389.3493790004213,15775000
2025-03-26,385.4451904296875,390.7232269425197,384.061440622416,390.4168262767483,16108400
2025-03-27,386.048095703125,387.6888383797828,382.9050004114053,385.6033351411741,13766800
2025-03-28,374.4048156738281,384.6149747790714,372.5565178920864,383.5771397086297,21632000
2025-03-31,371.034423828125,372.694923815259,362.9789628551185,368.2174858935481,35184700
2025-04-01,377.7555236816406,378.4078694453165,368.89949332324585,370.3030004386035,19689500
2025-04-02,377.7060852050781,380.61194495123306,372.2501138660857,373.584455994143,16092600
2025-04-03,368.7807922363281,373.10011248760316,365.06444000689004,370.4413221297822,30198000
2025-04-04,355.6647644042969,370.2436198076782,355.30895597122804,359.90499587925865,49209900
2025-04-07,353.707763671875,366.6953157485582,340.7894367933375,346.8087713756296,50425000
2025-04-08,350.446044921875,369.3145404099518,346.1860561796805,363.98709615832223,35868900
2025-04-09,385.9591979980469,388.667426732123,349.0030438091915,349.4379409733939,50199700
2025-04-10,376.92523193359375,379.44563241847453,363.5324334212975,377.6269854135807,38024400
2025-04-11,383.94287109375,385.52428234575257,374.4937970946495,376.2234920445777,23839200
2025-04-14,383.3102722167969,390.0709046779098,379.75203666792555,388.6575040815548,19251200
2025-04-15,381.25439453125,387.342923812398,379.7026039659422,384.00213704858294,17199900
2025-04-16,367.2981872558594,377.182157055766,363.73008863656446,376.25309164497827,21967800
2025-04-17,363.5126647949219,369.9767899290697,362.6330071079686,369.41339637295704,21120200
2025-04-21,354.9531555175781,360.25097956592975,351.54320368031085,358.6102367890087,20807300
2025-04-22,362.5638122558594,363.5027713530303,355.6845470865514,359.1637239988867,19485000
2025-04-23,370.0460205078125,375.9764033603888,368.69189108581185,371.6966268435602,20545500
2025-04-24,382.8061828613281,383.9428636514652,370.8367085183124,371.3408006891215,22232300
2025-04-25,387.30340576171875,387.60980644654984,380.1375268589871,382.5096738423667,18973200
2025-04-28,386.62139892578125,388.18305301396595,382.1538550582223,387.41210451108003,16579400
2025-04-29,389.4679870605469,390.51568553400665,385.85045019118235,386.75975859738145,14974000
2025-04-30,390.673828125,392.05757796403765,379.979364791359,385.77135703314644,36461100
2025-05-01,420.464111328125,431.91962985286955,419.9699127886788,426.1078502028247,58938100
2025-05-02,430.2295227050781,434.34125858777406,425.00089318437847,426.73058824697114,30757400
2025-05-05,431.10919189453125,434.40054108405303,427.09627177369964,427.8474632490504,20136100
2025-05-06,428.2823181152344,432.65104629505106,426.16716413896285,427.18521188154574,15104200
2025-05-07,428.3218688964844,433.0365119798482,426.10783898687293,428.8061738000786,23295300
2025-05-08,433.0859375,438.52212113478646,430.6050513161737,432.8487017029497,23491300
2025-05-09,433.63946533203125,435.6261229679929,430.8225275981773,434.89471877509555,15324200
2025-05-12,444.0472717285156,444.15598092637396,434.6772567640601,440.7657862582039,22821900
2025-05-13,443.9287414550781,445.44098799372756,440.19257101001426,442.58450555211783,23618800
2025-05-14,447.6846008300781,448.6334536340928,442.940306646518,442.940306646518,19902800
2025-05-15,448.6946105957031,451.7246558325709,446.0210270484144,446.3576953837484,21992300
2025-05-16,449.82342529296875,449.91254071320964,444.3376746324017,447.6251542704443,23849800
2025-05-19,454.37841796875,455.0913715701619,446.3874026485213,446.46663650360125,21336500
2025-05-20,453.685302734375,453.85362179890075,449.87298168888566,451.1305396548173,15441800
2025-05-21,448.1401062011719,453.2991005803846,447.38753565613104,450.12052955644793,19216900
2025-05-22,450.4076843261719,455.7449399531106,449.45708954496587,450.49682997275477,18025600
2025-05-23,445.7734680175781,449.2491205375805,444.51591011589574,445.5754438212613,16883500
2025-05-27,456.18060302734375,456.4380677238799,451.65532857824905,452.0118204825961,20974300
2025-05-28,452.8831787109375,457.9926743719098,452.45739496057166,456.7054113344306,17086300
2025-05-29,454.1902770996094,457.2005290082406,450.8532686393741,457.0321797296883,13974800
2025-05-30,455.85382080078125,457.16090743162863,451.081023612945,455.22010105843367,34770500
2025-06-02,457.44805908203125,457.58667299374565,452.41779739511384,452.66535029783114,16626500
2025-06-03,458.4382629394531,459.59682380087423,456.3489007620485,456.95294554827,15743800
2025-06-04,459.3294982910156,461.1316908447896,458.4878122988585,459.4582306475514,14162700
2025-06-05,463.1021728515625,465.05289099241804,459.487906406924,460.40879598021155,20131700
2025-06-06,465.7757568359375,468.7067748339504,464.19141216551986,465.4885869985769,15285600
2025-06-09,468.12255859375,468.7958952647425,464.0329796350046,465.10242514198006,16469900
2025-06-10,466.3104553222656,468.1720277278758,462.38919566775553,466.5778015728124,15375900
2025-06-11,467.99383544921875,470.81594475736864,465.0628173622344,465.4192790589967,16399200
2025-06-12,474.1826171875,475.7174632765806,468.88497916047487,470.3702965389571,18950600
2025-06-13,470.3109130859375,474.48960742449077,468.13246560456287,471.74673205457395,16814500
2025-06-16,474.45001220703125,475.98482813726486,470.3505215770748,470.5584575569121,15626100
2025-06-17,473.36077880859375,474.0539088222925,469.4395189734987,470.7466055851971,15414100
2025-06-18,475.5392150878906,476.29178558337986,469.81579317674493,473.3211507460615,17526500
2025-06-20,472.7270202636719,478.7277002496467,472.2022093150259,477.5097592999014,37576200
2025-06-23,481.24285888671875,482.97572926336846,467.8849134818946,473.52910172023695,24864000
2025-06-24,485.3125915527344,487.0355802812341,482.03499358247046,484.16397269221426,22305600
2025-06-25,487.4514465332031,489.7190395262925,484.5996625495302,487.22371720850634,17495100
2025-06-26,492.5807800292969,493.1650012559548,487.9861836300842,488.15453290095326,21578900
2025-06-27,491.0855407714844,494.41263722515527,488.20402140418383,492.6797669341534,34539200
2025-06-30,492.54119873046875,495.85841392483957,490.4815414994746,492.17482524139086,28369000
2025-07-01,487.2336120605469,493.1748817381986,486.1741086010328,491.61036068604886,19945400
2025-07-02,486.2830505371094,488.66946431331223,483.9164603345879,485.1938116448169,16319600
2025-07-03,493.9571838378906,495.2345653483035,488.6100468852986,488.9764203666982,13984800
2025-07-07,492.84814453125,493.86806132382594,490.38252718836065,492.51147619590915,13981600
2025-07-08,491.7589416503906,493.32349309723224,489.2735005525455,492.3728680843929,11846600
2025-07-09,498.58148193359375,501.8194631786975,494.8483646402868,495.40288075164045,18659500
2025-07-10,496.5713806152344,499.50239882384955,492.87788004768845,498.125990037999,16492100
2025-07-11,498.3933410644531,500.08659454551145,492.9273533491097,493.59080845907414,16459500
2025-07-14,498.09625244140625,499.0369655948213,496.1257409313552,496.6109349689791,12058800
2025-07-15,500.86883544921875,503.3245408608939,497.8684955298327,498.09622485625505,14927200
2025-07-16,500.6708068847656,501.7600457375481,496.9773367906475,500.2351113436526,15154400
2025-07-17,506.6913146972656,508.34495123446135,500.67081092720053,500.7302212088446,17503100
2025-07-18,505.05743408203125,509.6025320949179,502.4630844244223,509.4440643876484,21209700
2025-07-21,505.0673522949219,507.0775109565722,500.6014880788464,501.75013722027745,14066800
2025-07-22,500.32421875,506.19619667447284,500.32421875,505.968437121084,13868600
2025-07-23,500.9183349609375,501.8293429250601,495.79895793496456,501.78972599996087,16396600
2025-07-24,505.8793640136719,508.6420329312165,502.33438916388565,503.79000158856684,16107000
2025-07-25,508.681640625,513.2167663968169,505.3643953860848,507.4537274302719,19125700
2025-07-28,507.4834899902344,509.9590192096989,505.1267813382861,509.04804137949895,14308000
2025-07-29,507.5527648925781,512.5533213636355,506.55264151082275,510.48381297361453,16469200
2025-07-30,508.2162170410156,510.89971236727115,504.4534248625209,510.12731827097724,26380400
2025-07-31,528.2779541015625,550.0131135040644,526.6936395202101,549.7952354974353,51617300
2025-08-01,518.9797973632812,530.5553736121248,515.7616096000787,529.7632164041114,28977600
2025-08-04,530.3970336914062,532.9814718412621,522.960533815094,523.0991779644736,25349000
2025-08-05,522.5841674804688,532.0406760929504,522.0791498987046,531.9218555369729,19171600
2025-08-06,519.8016967773438,526.4955370830186,518.9006307843745,525.70337986457,21355700
2025-08-07,515.7418823242188,522.9209170643583,512.4840471895837,521.6435053063135,16079100
2025-08-08,516.9299926757812,519.5243419856868,514.3257315807846,517.4845087014622,15531000
2025-08-11,516.6627197265625,522.4257584225397,514.6327376205326,517.1875004407061,20194400
2025-08-12,524.0595703125,525.7825288027884,517.5836082950698,518.6233183732385,18667000
2025-08-13,515.4844360351562,527.4857972911225,514.2862580919234,526.901545781552,19619200
2025-08-14,517.36572265625,520.8017882377586,515.0486614235291,517.4449565045493,20269100
2025-08-15,515.078369140625,520.9503168823401,513.9990723038397,517.6529556536844,25213300
2025-08-18,512.0383911132812,517.7024328589179,508.9885829187347,516.4844919382945,23760600
2025-08-19,504.7801513671875,510.117376123604,503.57209201860513,509.95896886179673,21481000
2025-08-20,500.7698669433594,505.9981835608303,499.50239716393804,504.87923949406314,27723000
2025-08-21,500.1251220703125,503.48747238505433,498.6175369804135,499.57962247206007,18443300
2025-08-22,503.09075927734375,506.5621975190336,498.3100856343386,500.13506667774504,24324200
2025-08-25,500.14495849609375,504.0428801746979,500.0060864475961,502.4956130920682,21638600
2025-08-26,497.9430847167969,500.8590951140394,494.44189267773186,500.24412923099453,30835700
2025-08-27,502.6047668457031,503.1502967625455,495.8205879159113,497.90345703690537,17277900
2025-08-28,505.4810791015625,506.91922816363694,501.3748491905692,502.95187030654046,18015600
2025-08-29,502.5551452636719,505.44140176386463,500.3730863144936,504.5090702372647,20961600
2025-09-02,500.9979248046875,501.87074834041937,492.75574161607386,496.38587753866574,18128000
2025-09-03,501.22607421875,503.64616490840893,498.220801883355,499.6788070917271,16345100
2025-09-04,503.82470703125,504.00323087503085,499.0440334241921,500.1846427841772,15509500
2025-09-05,490.9605407714844,507.79205789513924,488.35199810583333,504.9157294675595,31994800
2025-09-08,494.13446044921875,497.10997900607424,490.99031585598385,494.0451682561979,16771000
2025-09-09,494.34271240234375,498.15137232357364,493.63851485593227,497.33805669614713,14410500
2025-09-10,496.2867126464844,499.1233892811019,492.66650462093776,498.8754294126598,21611800
2025-09-11,496.9215087890625,499.0638857033828,493.8170463660224,498.15138006137016,18881600
2025-09-12,505.73895263671875,508.367321245748,499.73833579713096,502.5154742767582,23624900
2025-09-15,511.1543884277344,511.2634762434591,502.86262476523797,504.63802593930427,17143800
2025-09-16,504.885986328125,513.0091239663263,504.4495745277025,512.6620043570016,19711900
2025-09-17,505.8579406738281,507.1175961354426,501.80132099339164,506.4530503919847,15816600
2025-09-18,504.3008117675781,508.88310546808697,503.51725007824297,507.31598208941665,18913700
2025-09-19,513.7034301757812,515.0622454615835,506.1456179521661,506.39357782967863,52474100
2025-09-22,510.25189208984375,513.5150225661836,508.3574445613838,511.3826037577857,20009300
2025-09-23,505.0744323730469,510.3907077578639,503.17008724169204,509.60711582016205,19799600
2025-09-24,505.98687744140625,508.29784998729696,502.7832554652563,506.21501140620444,13533700
2025-09-25,502.8923645019531,505.84805701475193,500.9186136455738,504.15198973027213,15786500
2025-09-26,507.28619384765625,509.74596656687834,502.4856945681329,505.8976246789574,16213100
2025-09-29,510.4005432128906,512.6321819161793,504.7272507672145,507.3258652143003,17617800
2025-09-30,513.7232666015625,513.9315141469417,505.5009089039439,509.05168089535164,19728200
2025-10-01,515.4688720703125,516.2623314762835,507.51430077675985,510.5989067561486,22632300
2025-10-02,511.53125,517.3434144406598,506.51254498360566,513.4157691025699,21222900
2025-10-03,513.1281127929688,516.2425031799986,510.7973143114264,512.8801529316524,15112300
2025-10-06,524.256591796875,526.6965386672223,513.9712214168786,514.377848960065,21388600
2025-10-07,519.7039794921875,525.4764919541412,517.1847292577561,523.9788048028778,14615200
2025-10-08,520.5669555664062,522.6498549115006,518.8213688365025,519.0098207695767,13363400
2025-10-09,518.1369018554688,520.0511445409561,513.1777050939771,518.0773939158137,18343600
2025-10-10,506.7903137207031,519.3073539147757,505.4711804745103,515.3995037763443,24133800
2025-10-13,509.8551025390625,512.1958293204747,507.50444767633473,512.1958293204747,14284200
2025-10-14,509.37896728515625,511.07503445038043,501.87073577210117,506.06622732552523,14684300
2025-10-15,509.24017333984375,512.9694997370561,505.8381709448021,510.7577169104775,14694700
2025-10-16,507.4349670410156,512.6321960787722,503.9833851231019,508.3970827878481,15559600
2025-10-17,509.388916015625,511.27337462741934,503.1700633614309,504.88595648751925,19867800
2025-10-20,512.5726928710938,514.4671401409408,509.2401268135401,510.41049011219013,14665600
2025-10-21,513.4356079101562,514.4572316509175,508.8533142722573,513.2769402267872,15586200
2025-10-22,516.2921142578125,520.943843958813,513.4852520447155,516.8971823641815,18962700
2025-10-23,516.3119506835938,519.6743010066873,514.3778516149157,518.1964698863214,14023500
2025-10-24,519.3370361328125,521.0628270774097,516.4607380708425,518.5237205252405,15532400
2025-10-27,527.1824951171875,530.2175212473691,524.6929685473742,527.440383046071,18734700
2025-10-28,537.6463623046875,549.2012543795508,536.356983260493,545.5116410650497,29986700
2025-10-29,537.130615234375,541.8121286840217,532.3499420595073,540.4929653309738,36023000
2025-10-30,521.4695434570312,530.6043464776645,517.8592331602406,526.1509968235328,41023100
2025-10-31,513.5843505859375,525.0004316167937,510.896444053691,524.5640198650095,34006400
2025-11-03,512.8107299804688,520.676008789008,510.3906395365282,515.5680119038287,22374700
2025-11-04,510.1327819824219,511.34279700787874,503.6957236126803,507.5837474278435,20958700
2025-11-05,503.02130126953125,510.6287232020861,502.4460174356622,509.11117977922714,23024300
2025-11-06,493.04339599609375,501.5732213085109,491.7639146320967,501.53353925537283,27406500
2025-11-07,492.76568603515625,495.30479262227396,489.2248119110569,492.89463000746537,24019800
2025-11-10,501.87078857421875,502.7138582055711,494.729532044403,495.9594336108676,26101500
2025-11-11,504.5289306640625,505.441436360325,498.2505996850444,500.68058840039413,17980000
2025-11-12,506.9688415527344,507.494515261433,495.0469117437556,505.203338237195,26574900
2025-11-13,499.1828918457031,509.3095642884979,497.1992129195551,506.1455939798088,25273100
2025-11-14,506.01666259765625,507.4250879884235,493.38063720960855,494.1641988801248,28505700
2025-11-17,503.3486328125,507.94085467406336,500.7897001462128,504.3008205535495,19092800
2025-11-18,489.7604064941406,498.8754133867433,482.8076023204449,491.32749949419616,33815100
2025-11-19,483.14483642578125,491.14898819063853,478.88983663624714,486.1005289347495,23245300
2025-11-20,475.41387939453125,490.45844852333465,472.50235794747454,489.60385435710714,26802500
2025-11-21,469.1436767578125,475.9008266883901,465.31794169549005,475.48346109105705,31769200
2025-11-24,471.0118103027344,473.89352206444323,465.0694984877541,472.0055061050608,34421000
2025-11-25,473.9829406738281,476.12932719889915,461.9592459889855,471.08136597664605,28019800
2025-11-26,482.4393005371094,485.2315832491155,478.16642081896737,483.24419169180504,25709100
2025-11-28,488.9082946777344,489.5243812398697,483.5820692635899,484.5260924315005,14386700
2025-12-01,483.6715087890625,486.77183499200703,481.59468809959253,485.3608038657598,23964000
2025-12-02,486.91094970703125,490.38888506208144,483.2541563831954,483.6516286444489,19562700
2025-12-03,474.7182922363281,481.18723109312356,472.2042431453193,473.3171775583083,34615100
2025-12-04,477.8086853027344,478.2856702042714,473.4861025034468,476.7355071807625,22318200
2025-12-05,480.1140441894531,480.35252146637674,475.8610275749173,479.47806435073966,22608700
2025-12-08,487.9245300292969,489.1964595164875,481.32640529111774,481.8331998835391,21965900
2025-12-09,488.918212890625,489.0175885389743,485.4204144751398,486.01663804004494,14696100
2025-12-10,475.5430603027344,481.19719183884354,472.084987996716,480.97857754952304,35756200
2025-12-11,480.422119140625,482.96597801292137,472.86007818396723,473.6252433732215,24669200
2025-12-12,475.5132751464844,479.4085762318817,473.3370788032073,476.79515128743174,21248100
2025-12-15,471.82666015625,477.6894594742654,469.5411415575728,477.0733729131614,23727700
2025-12-16,473.3867492675781,474.87729294411884,467.9114757916915,468.93498123657525,20705600
2025-12-17,473.1184387207031,476.9739832708393,472.0055042784347,473.903466892556,24527200
2025-12-18,480.9289245605469,486.51349034093164,474.87732052138307,475.1754171439269,28573500
2025-12-19,482.856689453125,484.7745151206103,479.44828972039977,484.2875835443981,70836100
2025-12-22,481.86297607421875,485.6489546100234,479.6470235443271,483.05539282771,16963000
2025-12-23,483.78082275390625,484.7546252629152,481.6841087754749,481.9226163967179,14683600
2025-12-24,484.94342041015625,486.0762481946253,481.77352833631136,482.61817584356095,5855900
2025-12-26,484.6354064941406,485.04282544173617,482.8964387136479,483.64171061957336,8842200
2025-12-29,484.02923583984375,485.27135560420123,481.1276307272214,481.80333660098637,10893400
2025-12-30,484.4068603515625,486.5929730105466,482.43933166580535,482.8666136001516,13944500
2025-12-31,480.5711669921875,485.06269150087525,480.25317705215497,484.7645645601486,15601600
2026-01-02,469.95849609375,481.6046121327098,467.1960229709088,481.3363251826272,25571600
2026-01-05,469.86907958984375,473.0687813775576,466.5401924921144,471.071443053882,25250300
2026-01-06,475.4933776855469,475.7219083069673,466.78859294331005,470.81304872472026,23037700
2026-01-07,480.422119140625,486.6128550141313,474.936929133209,476.73551614076564,25564200
2026-01-08,475.0959167480469,479.6172511411785,472.86010104573086,478.20618966596595,18162600
2026-01-09,476.258544921875,476.7951491709672,469.2231916595613,471.07145138115897,18491000
2026-01-12,474.1717529296875,477.95773148860775,472.68120923483104,473.6649886945649,23519900
2026-01-13,467.70281982421875,472.7805908527595,463.01257439213845,471.68751939768345,28545800
2026-01-14,456.4840087890625,465.24841354789686,454.2879494306214,463.51936213123724,28184300
2026-01-15,453.7811279296875,461.32327541703046,453.02590941718984,461.1940901109254,23225800
2026-01-16,456.9609680175781,460.2699922453042,453.6023014516422,454.94376661538865,34246700
2026-01-20,451.65460205078125,453.92022725149957,446.44764578645413,448.37541805572727,26130000
2026-01-21,441.3102111816406,449.8361378186282,435.9144504613163,449.74670883889326,37980500
2026-01-22,448.2959289550781,449.9851935867555,441.89652570286836,444.79810039972057,25349400
2026-01-23,463.0125732421875,468.1301005814363,447.6897705604439,449.02131930234236,38000200
2026-01-26,467.3152770996094,471.2602507862521,459.0874767807031,462.3766075757791,29291200
2026-01-27,477.5503234863281,479.82589540353166,470.17711748937944,470.7137217228436,29213900
2026-01-28,478.59368896484375,480.69037244143027,474.9865685400099,480.1637149068934,36875400
2026-01-29,430.76715087890625,439.7104135269112,418.36581575660404,437.2162272399066,128855300
2026-01-30,427.5773620605469,436.8286672682951,423.7615739365565,436.4013853645445,58566800
2026-02-02,420.70098876953125,428.02452201181774,419.58805431821895,427.5276741085398,42219900
2026-02-03,408.6176452636719,419.3893041977899,405.9843574339844,419.34957819955315,61424100
2026-02-04,411.5788879394531,417.15350712085007,406.6600813351222,408.4089957411405,45012400
2026-02-05,391.1882629394531,405.7260079125925,389.8467674620769,404.87144402823185,66289200
2026-02-06,398.61114501953125,399.25704122003975,390.4429643868461,396.6535630940219,53515300
2026-02-09,410.99261474609375,412.2744908996196,398.3428555009064,402.2977759502542,45480500
2026-02-10,410.6646423339844,421.009018998737,410.09825878894065,416.9746165751398,44857900
2026-02-11,401.8207702636719,413.8345489802859,398.4819668946231,413.5563153661985,42491000
2026-02-12,399.3067321777344,403.6392618034954,395.50089045865866,402.44681466699853,40802400
2026-02-13,398.7900085449219,402.98340606348665,395.54060384789733,401.90028127287496,34091600
2026-02-17,394.3581237792969,397.9950542597942,392.04282577248057,396.7032617740463,32078800
2026-02-18,397.0808410644531,400.02217209191446,393.8215201082963,395.6201070500213,23223400
2026-02-19,396.8517761230469,402.7976819572589,395.0690225854118,399.07278661262325,28234000
2026-02-20,395.6267395019531,398.5050592846536,393.56508699389525,394.51123443489973,34015200
2026-02-23,382.9182434082031,393.7642745182822,381.55377772275136,393.405742102137,43238300
2026-02-24,387.429931640625,387.78846403174964,380.1693467763097,382.5895619940176,33884700
2026-02-25,398.9831237792969,399.84960746436826,388.5852587696308,388.95376053046306,43625500
2026-02-26,400.0986022949219,405.8453028142193,397.1306190557743,403.0765245044552,34405900
2026-02-27,391.15484619140625,395.2183958601928,388.30640407164015,389.30236795593413,51367200
2026-03-02,396.9413757324219,399.57073485574693,389.0533591512552,391.2743390590049,35474900
2026-03-03,402.2996826171875,405.05852201627056,391.0851500003899,391.5532542396072,38199200
2026-03-04,403.5645751953125,409.3710312257941,398.69429724653685,399.6504140582061,35808000
2026-03-05,409.0224304199219,409.9486695143622,402.7677785996419,402.78771732924594,39001300
2026-03-06,407.30938720703125,411.38287590243635,406.8612216895844,407.54843921074234,31123900
2026-03-09,407.757568359375,408.55432729115563,401.8714182880504,403.2857003455267,30131900
2026-03-10,404.122314453125,408.5443965203919,401.30371964643086,408.37506928692744,31706400
2026-03-11,403.245849609375,407.35918518479474,399.96912002302975,403.9330670994013,25512100
2026-03-12,400.2380065917969,404.4808221962511,400.0886180975,402.9968458288957,27263900
2026-03-13,393.9534912109375,403.16615688192843,392.65875035547907,399.3815063856616,26848000
2026-03-16,398.33575439453125,399.01300251860397,393.1965772756644,396.4633374914087,27733700
2026-03-17,397.7979431152344,402.7677932271478,396.1446394015159,398.6544574759768,26228300
2026-03-18,390.20867919921875,396.3936061005556,389.42185925959103,395.5271224277118,25908500
2026-03-19,387.4498596191406,390.90585551603124,385.4977789148814,388.52551763585893,25138800
2026-03-20,380.3287048339844,385.43800417098345,378.58576812261686,385.2288602760525,50853200
2026-03-23,381.4541931152344,385.64719283721575,380.1395134056624,382.3505545919761,29680100
2026-03-24,371.2355651855469,380.9263046350485,370.34917314154325,380.8167328036651,42733600
2026-03-25,369.5424499511719,375.5381416220395,368.13813722010167,375.39872248264555,31181200
2026-03-26,364.4928894042969,373.2075730440749,363.7160388213271,369.32332012922615,36836600
2026-03-27,355.3300476074219,360.9871459448897,355.07111764854045,360.43934753557875,37883400
2026-03-30,357.5111999511719,363.88536295562653,354.84202394218255,360.43933630538186,44797000
2026-03-31,368.67596435546875,371.3949263066763,361.6046146993887,363.07862179545566,45244400
2026-04-01,367.8791809082031,372.48052926345224,366.7139201659809,371.98254731341393,29417200
2026-04-02,371.9526672363281,372.1319638369453,362.680245817395,365.7278929006101,24099100
2026-04-06,371.3750305175781,372.22160592655575,368.0086676124431,371.9825539180967,16146600
2026-04-07,370.78741455078125,370.9467724245638,365.080530373921,368.8452727581139,21443300
2026-04-08,372.8191223144531,383.44606961738685,369.91092498913014,383.4261612830284,33064800
2026-04-09,371.5642395019531,371.9924966612836,365.5685176937085,370.9965328148009,30435300
2026-04-10,369.37310791015625,374.1238749235223,368.5365019241105,371.47460743717505,28111100
2026-04-13,382.8186340332031,382.98796126737693,369.5225100750242,372.10205289266787,35745800
2026-04-14,391.5233459472656,393.09698589720546,384.95994763093,386.3543213772784,37504500
2026-04-15,409.5602722167969,412.69755239260473,395.1287651714373,396.3936283702306,45063400
2026-04-16,418.56378173828125,419.12151906860663,410.4765600541581,418.16537187855886,41642400
2026-04-17,421.0835876464844,429.83808848207923,418.99205736838906,423.10539315661504,48568200
2026-04-20,416.38262939453125,421.6213787702164,414.6197538627068,419.4501847919345,27582200
2026-04-21,422.4480285644531,425.45582843737157,415.516128706763,418.5438369146158,32048500
2026-04-22,431.1726989746094,431.9495495900464,421.9600330275293,424.4698510786937,29378200
2026-04-23,414.0719909667969,421.9500690544079,409.7495112929088,418.19529609754903,38308000
2026-04-24,422.90618896484375,423.23487407473965,414.12178001797366,415.28707116170386,27457400
2026-04-27,423.1053771972656,425.38611256831246,415.3866572294081,420.6752229306716,30867300
2026-04-28,427.5174865722656,428.1847957314844,420.197146128082,422.8563830057505,30438100
2026-04-29,422.746826171875,425.0973167681131,418.59367375245296,422.8663369761165,38288300
2026-04-30,406.1341552734375,412.74737011555624,396.4035989759817,409.15192465494977,70909400
2026-05-01,412.76727294921875,415.4264794885345,408.7834174283456,411.1338775963461,31372400
2026-05-04,411.9505615234375,419.0816663151199,409.14193618030583,409.87897009526375,28066500
2026-05-05,409.7196044921875,415.09780308537887,407.1500007946646,413.6437044066962,25700900
2026-05-06,412.2891845703125,416.73120520087787,403.4748984673602,406.3532485673598,30285900
2026-05-07,419.07171630859375,426.25263786097554,417.06984955189336,418.41437649189606,34942400
2026-05-08,413.44451904296875,416.9403619714099,412.32904436576047,415.70537649227293,33383800
2026-05-11,410.99444580078125,411.02432350049145,403.86334099070683,406.22377045102496,35657900
2026-05-12,406.1241760253906,413.8229876767416,404.9987623844293,412.8071154720842,38594200
2026-05-13,403.57452392578125,404.6700902960666,399.41140211310335,401.57265715241186,29667100
2026-05-14,407.7774658203125,410.17774231087935,399.2619871856725,402.8474630718804,27077500
2026-05-15,420.2170715332031,426.4418454559798,411.2434277199191,412.5979239362014,50771200
2026-05-18,421.83056640625,423.40417602339767,413.9325494355234,414.93848271907115,32564100
2026-05-19,415.7352600097656,430.9535870211983,414.808990493047,428.16486989475214,33018700
2026-05-20,419.36053466796875,420.3963455784958,409.63991780241736,412.49835957243755,27864000
2026-05-21,418.3025207519531,425.5388979071037,414.92886694253497,423.9518891931334,31393500
2026-05-22,417.7835388183594,423.60257118762803,415.54772693408205,418.7517174636334,22390300
2026-05-26,415.248291015625,418.9812539216563,412.24393696715845,415.6475333356961,30398000
2026-05-27,411.8946228027344,415.15846763645,408.8104019854481,410.23773822181624,28901500
2026-05-28,426.18768310546875,428.68298564682067,411.89461329838434,412.2040283766931,47250500
2026-05-29,449.3940124511719,449.48383969057267,431.54760317786213,431.7372486144539,79654400
2026-06-01,459.6546936035156,465.4438139523178,457.40892124774234,463.96658383705716,53628900
2026-06-02,440.48077392578125,452.64787129328397,439.6024225764256,446.0403151791343,37036800
2026-06-03,426.53704833984375,439.56254639446627,423.45285793258154,437.62618910935214,39037000
2026-06-04,427.2456970214844,435.33048350032107,425.60879436274143,434.9911260035114,26899500
2026-06-05,415.8870849609375,428.66302140752947,413.6213308264138,427.5351398188391,34782200
2026-06-08,410.9663391113281,416.37616844333525,407.79232157753756,413.3618539280056,32086700
2026-06-09,402.6520080566406,411.20591258759293,397.7312786929967,408.26144336727174,35317300
2026-06-10,396.61334228515625,404.2789346443135,396.41373636313654,397.80110870103243,32576000
2026-06-11,389.6065673828125,396.1043451719433,383.278483574852,394.46741202742857,47224100
2026-06-12,390.00579833984375,391.003919361718,381.55171206615995,390.6945042817559,34865800
2026-06-15,399.0088806152344,400.99513175706005,392.11186050588947,396.05442037645633,32266400
2026-06-16,393.0899963378906,396.094350419825,389.9559121071713,395.0463355104342,31506800
2026-06-17,378.1980285644531,389.6364865987809,376.6110198431126,389.51671695343225,41987800
2026-06-18,378.6871032714844,380.6534028700893,372.5786075934489,377.11008548581106,59714200
2026-06-22,366.6497802734375,380.9129385065033,366.3802985575179,375.0339909424311,45171100
2026-06-23,373.23736572265625,376.51120135394876,369.9735210485466,371.6802994138851,40647600
2026-06-24,364.7733154296875,378.16811350773463,364.09460041679364,370.87185096853153,44509900
2026-06-25,352.1670227050781,363.5456265920902,348.54386902384044,362.0883479855026,66179000
2026-06-26,372.2691955566406,375.90234020580533,354.762144454129,356.4789138154501,186201600
2026-06-29,367.8774719238281,379.7850483907747,359.2237492715265,376.790685328561,51229900
2026-06-30,372.319091796875,373.44697342275583,366.7595808670141,370.3328407149792,44945700
2026-07-01,383.5579528808594,388.09939143880604,374.18561213385976,380.1144231011508,48065800
2026-07-02,389.7562561035156,391.4630649298244,382.97903650468743,383.7575696594082,42128900
2026-07-06,386.0133056640625,388.418780928489,380.5036887115837,386.31276024010407,34224500
2026-07-07,388.109375,394.8267404517197,387.4905448392632,391.75251064257776,29297500
2026-07-08,382.6197204589844,384.58602015004215,380.6134873969759,383.3084264217563,25908300
2026-07-09,383.6377868652344,383.92725049460796,372.64849496928053,373.74643420118315,31083200
2026-07-10,384.37640380859375,391.1736053926777,380.783162110783,387.07131223677504,24644600
2026-07-13,390.2553405761719,392.91034623109437,383.4281962321871,387.02143811329415,28914900
2026-07-14,384.20672607421875,387.46061042423804,377.93852713765,382.1007052927433,27863900
2026-07-15,394.8866271972656,398.2103568181361,385.6739591427675,387.07132248997675,36253700
2026-07-16,400.3463439941406,405.2271399033625,391.31333055964967,397.56157784187184,37047400
2026-07-17,393.08001708984375,397.64143734197864,388.6583483977542,394.1180409920291,33049800
2026-07-20,401.53411865234375,402.4224305318551,388.91785418191677,390.67455694621333,27915800
2026-07-21,397.00262451171875,400.7156358198418,395.57531880381754,398.0606303262699,24126600
2026-07-22,389.6065673828125,400.246541441447,386.2329133568751,398.8291961465565,28142500
2026-07-23,380.8630065917969,391.04385321150613,376.68090752842744,389.23725659651495,30351800
2026-07-24,380.9828186035156,388.29903252889795,379.9347732203772,386.32274187573427,27659400
2026-07-27,388.368896484375,393.45931979821836,387.2609663085435,389.3470355932277,27856200
2026-07-28,392.61090087890625,399.56780545733704,390.5647345556998,392.4212554523594,32367500
2026-07-29,389.8061828613281,400.4960502148319,388.00954678983055,392.6607942930367,47209000
2026-07-30,450.2524108886719,457.8281459885008,431.6274684759506,437.07720086969465,110160700
2026-07-31,463.8468017578125,465.962813447145,448.4857046349594,449.1544591210436,60846000
2026-08-03,486.73370361328125,490.7261876465455,474.10747895013026,475.2353605631651,66762100
2026-08-04,491.884033203125,498.50158065157444,478.2696778930625,479.99640781848416,50455500
2026-08-05,486.5440673828125,497.3038108374591,484.7674131728324,495.42733843271316,33388900
2026-08-06,498.9207458496094,500.61756372489685,487.60205742358346,487.6319998350186,36441500
2026-08-07,499.0505065917969,504.23075699317457,497.79289485093346,498.2719734340298,28846200
2026-08-10,505.109130859375,512.7647021753171,501.32624359045303,502.4940586092805,31206100
2026-08-11,502.86334228515625,504.38047525067043,498.61133704649393,503.3823542433026,23049800
2026-08-12,491.5047302246094,500.557695253814,490.59643643442394,499.0505227551261,29001500
2026-08-13,495.9463806152344,500.3979918654044,492.0836571155829,492.34314786956145,23039000
2026-08-14,494.4691467285156,499.07050046550256,492.991947114923,495.42733437790497,16217600
2026-08-17,479.44744873046875,491.73431632358415,477.51109147171053,489.21906226283284,29635800
2026-08-18,480.72503662109375,483.36006030134655,476.2534434403709,480.6352093836093,24087600
2026-08-19,483.3999938964844,488.3806080919379,478.4592826108848,479.16797047398614,19961900
2026-08-20,481.1499938964844,484.1600036621094,479.5,483.29998779296875,20020800
2026-08-21,483.239990234375,486.3599853515625,478.5299987792969,479.8800048828125,22510800
2026-08-24,487.30999755859375,490.6099853515625,481.8599853515625,483.2099914550781,17230800
2026-08-25,491.7099914550781,492.44000244140625,484.29998779296875,485.44000244140625,19519000
2026-08-26,496.3699951171875,497.3999938964844,487.30999755859375,487.8500061035156,20758900
2026-08-27,505.05999755859375,506.4800109863281,490.0799865722656,494.8800048828125,28688800
2026-08-28,513.530029296875,517.780029296875,504.8699951171875,505.3299865722656,29207300
2026-08-31,507.2900085449219,512.1900024414062,506.3900146484375,510.3800048828125,27208900
2026-09-01,501.0199890136719,505.9700012207031,496.7799987792969,497.5199890136719,21046900
2026-09-02,496.82000732421875,500.2699890136719,493.80999755859375,499.8500061035156,15323000
