Date,Close,High,Low,Open,Volume
2018-01-02,55.8296012878418,55.8296012878418,55.26681781364195,55.26681781364195,6511000
2018-01-03,55.820796966552734,55.97907926903526,55.18766775662264,55.820796966552734,6091100
2018-01-04,55.78561782836914,55.8823462669378,55.003001704580214,55.75044659524414,5780500
2018-01-05,56.26048278808594,56.541876224603165,55.81201839302713,56.014267304872035,11632300
2018-01-08,56.761714935302734,56.902406628104934,56.2604852654352,56.40997563999365,11905700
2018-01-09,56.35720443725586,56.911195949284426,55.81201496048913,56.48031888015981,8771300
2018-01-10,56.47152328491211,56.48031861126373,55.78563207015405,56.17254592320582,5010600
2018-01-11,56.5330696105957,56.55065355208509,56.08460195064104,56.30443811802917,5103500
2018-01-12,56.867218017578125,56.91118793448499,56.55944872583224,56.71773103428261,5135700
2018-01-16,55.768028259277344,57.4739587874871,55.724061703839936,56.963937352000386,9117000
2018-01-17,56.110984802246094,56.286854407765816,55.46906359336779,55.98787373027869,7422600
2018-01-18,56.374778747558594,56.46271185939762,55.873552630323104,56.278050311875745,5656900
2018-01-19,59.10074234008789,59.12712160135694,57.26291557710647,57.429986468099116,12896100
2018-01-22,58.379703521728516,58.766617399033635,57.82571868647968,58.52040191670083,8491800
2018-01-23,59.039222717285156,59.20630041399334,58.42368390131278,58.50282173099354,6412000
2018-01-24,59.795448303222656,59.95373064061535,58.97765734483855,59.215077496493265,7421800
2018-01-25,59.540435791015625,60.35822672595364,59.31180426381025,59.909758998053846,5707600
2018-01-26,59.83061981201172,60.358225339787865,59.72509602290918,59.971311488613495,6290500
2018-01-29,59.426116943359375,59.91854783272487,59.28541856990198,59.63715779467777,5067300
2018-01-30,59.206275939941406,60.06802992608017,59.05678896198,59.35576291790282,6350500
2018-01-31,59.988895416259766,60.525296210212396,59.3293869032558,59.35576617035716,11036400
2018-02-01,59.48767852783203,59.76906860241208,58.652296921923224,59.505262472363285,5790500
2018-02-02,59.10955810546875,59.61078436951908,58.91610117743733,59.10955810546875,9348300
2018-02-05,56.62100601196289,59.10075785522886,56.62100601196289,58.59073630724953,12549500
2018-02-06,57.35088348388672,57.52674980497059,54.59853262215543,54.94147664447806,13356700
2018-02-07,57.711395263671875,58.775401638120506,57.24534360556865,57.28931352793879,8845700
2018-02-08,54.950260162353516,57.78174824732018,54.92387753631349,57.623465908817366,14121800
2018-02-09,57.58827590942383,58.08071344688814,55.258014734758305,56.06701015570178,13733300
2018-02-12,58.0191650390625,58.75781135128889,57.75535895105735,57.983990446737316,9792200
2018-02-13,57.92243957519531,58.239004213583826,57.53552574852761,57.90484892369159,9538400
2018-02-14,59.76027297973633,59.82182684859371,57.64105545861622,57.79054246743151,8662600
2018-02-15,60.050453186035156,60.46374628784847,59.13593385005564,60.138386318388044,7390200
2018-02-16,60.05925369262695,60.674792381061316,59.566816033010916,59.70751442400651,6842100
2018-02-20,59.34697723388672,59.76906567954986,58.96007009330277,59.478880292460715,4859100
2018-02-21,58.9600715637207,59.81303038485241,58.942480910742404,59.496472428795656,5107900
2018-02-22,59.030399322509766,59.33817529303226,58.68745547254096,59.13592308744891,6515800
2018-02-23,59.9361457824707,59.9361457824707,58.784199513331835,59.259046518272754,4428500
2018-02-26,61.246368408203125,61.38706009160335,60.09442212532506,60.138392050126214,6499500
2018-02-27,59.82183074951172,61.77397744466978,59.82183074951172,61.55414122600548,6843100
2018-02-28,58.942481994628906,60.05925366889233,58.92489805019568,59.88338068021734,6091800
2018-03-01,58.31816101074219,59.505275436862945,57.74658541035218,59.12715681280833,7323900
2018-03-02,58.11528015136719,58.29167837240495,56.63351221550329,57.25091944745704,8380500
2018-03-05,57.3743896484375,57.76246701359251,56.748160594735374,57.75365181447418,8838400
2018-03-06,57.54196548461914,57.647808435691914,57.003942259361814,57.51550642914084,6550100
2018-03-07,56.59823226928711,57.145077531246734,56.35127206361531,56.898117325574944,6457600
2018-03-08,57.42732620239258,57.55080632130074,56.871665667305855,56.94222092870924,5573000
2018-03-09,58.47690200805664,58.662122148618366,57.647815611023816,57.78011763404231,5838400
2018-03-12,58.9355583190918,59.632342893198945,58.4945559351629,58.78561912355494,7522700
2018-03-13,58.36225128173828,59.70290223766221,58.32697028509165,59.35892093181008,5167300
2018-03-14,58.38870620727539,59.00611351107533,57.921244810883266,58.78561234453855,6463800
2018-03-15,58.55628967285156,58.75033177748038,58.326966573821,58.64448879427513,5260800
2018-03-16,58.13292694091797,58.820889458464265,58.13292694091797,58.485723400774745,12860900
2018-03-19,57.95652389526367,58.51218439412825,57.4978844448112,57.947701964727656,7255600
2018-03-20,58.91791534423828,58.97965540270175,58.150568849767936,58.15939078073748,6906200
2018-03-21,58.520999908447266,59.279524351507774,58.485718919332754,58.856165940454844,5805200
2018-03-22,56.818729400634766,58.34460017669426,56.651153118143924,57.859495000419734,12313300
2018-03-23,57.00395584106445,59.1913302469462,56.85401667152336,58.8297051248235,17343800
2018-03-26,58.12411117553711,58.265228428615025,57.321483667162624,57.40086758946295,10796000
2018-03-27,58.36225128173828,59.658799309563406,57.709569666680665,58.11529103437389,9452500
2018-03-28,57.71839141845703,59.22661869230484,57.5684455008851,58.73269146995158,7208400
2018-03-29,58.60039138793945,58.6974124382502,57.86832590983527,57.94770309872871,10748300
2018-04-02,56.55412673950195,58.25639556655697,55.75149947443859,58.185833596827486,12383900
2018-04-03,58.82969665527344,58.85616244240682,56.765809383443745,56.86283041545217,8766400
2018-04-04,60.346763610839844,60.41732560610869,58.15057365910439,58.18585465673881,10275800
2018-04-05,61.37867736816406,61.54626034221127,60.32027487635598,60.41729588984027,9093300
2018-04-06,59.579402923583984,61.13172590106376,59.032557745441856,60.42612638288929,9719300
2018-04-09,59.25307083129883,60.461419587082396,59.22661176927954,60.32029561743121,6504500
2018-04-10,59.094295501708984,59.870456960427994,58.64447136820292,59.80871692086125,10098900
2018-04-11,58.944374084472656,59.27071150777636,58.670948059210794,58.723872915575924,5185500
2018-04-12,59.773441314697266,59.97630530818782,59.15604086348296,59.15604086348296,5145300
2018-04-13,59.31481170654297,60.267378327386545,59.076673415912744,60.08215816152718,4300200
2018-04-16,59.147220611572266,59.95866987938333,59.147220611572266,59.80872399769928,6484400
2018-04-17,59.54412841796875,59.68524564529625,59.34126441280724,59.42064832062196,5605700
2018-04-18,58.38870620727539,59.74699420064136,58.35343194229169,59.56177402824985,7384000
2018-04-19,57.97415542602539,58.47689769307018,57.3214672884052,58.23875272337743,8274300
2018-04-20,58.29167556762695,58.30931942637825,57.72719321247395,57.99179726045963,10402800
2018-04-23,58.98845672607422,59.12075874284353,58.16819229709664,58.21229521240644,6338400
2018-04-24,59.0678596496582,59.54414302591108,58.847358460420516,59.36773803702357,8176100
2018-04-25,58.80326461791992,59.094327847691325,58.43282417775448,58.95320383477308,5188900
2018-04-26,60.020408630371094,60.232087825196515,58.77677906130617,58.90025915238436,5355200
2018-04-27,61.35225296020508,61.74033723328926,60.373227074315615,60.390870938999115,7814900
2018-04-30,60.3203010559082,61.57274611825725,60.3203010559082,61.369888805045626,6484100
2018-05-01,60.06454086303711,60.16156195413054,59.1207957553536,59.95870456669105,4957800
2018-05-02,60.205631256103516,60.47022857828462,59.51766879760788,60.01158918234104,5752100
2018-05-03,59.00611114501953,59.84401285259608,58.776788056851544,59.79991665855386,6155900
2018-05-04,60.06454086303711,60.26740497964092,58.9179383679141,58.953212647253245,5132900
2018-05-07,61.15818786621094,61.22874984013204,60.02922320011415,60.02922320011415,5041600
2018-05-08,60.38201904296875,61.06116618384929,60.15269602002058,61.034700399957295,6534900
2018-05-09,59.932193756103516,60.39083979305432,59.103114230961964,60.34673688325392,7956300
2018-05-10,59.90575408935547,60.21445437038602,59.385374576927035,60.0997961886208,4965200
2018-05-11,60.355587005615234,60.44378613725821,59.896947483574365,60.00278374988097,4145100
2018-05-14,60.717166900634766,60.76126980302625,60.073307592331126,60.50548777330353,3453800
2018-05-15,61.2993049621582,61.316942089086936,60.17916235029857,60.24971758717296,5045000
2018-05-16,62.922203063964844,63.07214895567089,61.4051608495464,61.44925704073923,9693000
2018-05-17,62.56940841674805,63.15152795302064,62.46356544235254,62.97512972485587,6064700
2018-05-18,62.90456008911133,63.14269834107856,62.154857616876406,62.41063972701025,5688100
2018-05-21,62.95746994018555,63.23971107135622,62.3665286232281,63.04567576111837,5480700
2018-05-22,62.89575958251953,63.67192810636977,62.8516633804042,63.0280616471906,5675300
2018-05-23,62.922203063964844,63.433767331759896,62.47238557632932,62.5782218185208,6806400
2018-05-24,63.663082122802734,63.751281222874915,62.90455774969399,63.00157877852139,5613800
2018-05-25,63.724857330322266,64.81854157888445,63.178011841459316,64.47456018837566,5889700
2018-05-29,62.5517692565918,63.16035462906334,62.119588854701206,63.08097071001152,5857900
2018-05-30,63.70718002319336,63.76009813323962,62.56939355308245,63.028032874855484,5799900
2018-05-31,63.32793426513672,63.6983745897043,62.83400710321874,63.504332497075225,7856200
2018-06-01,64.35389709472656,64.52194143532239,63.78783808355434,63.78783808355434,4085900
2018-06-04,65.30028533935547,65.3356648752215,64.3804376507081,64.5661751530374,4581900
2018-06-05,65.494873046875,65.64523102168145,64.6900037441636,65.10570487871064,4928700
2018-06-06,66.11400604248047,66.28205718039644,65.61870594920099,65.78675033915928,5318100
2018-06-07,66.12284088134766,67.13998060494521,66.02554884486706,66.29088524148611,6846300
2018-06-08,66.24666595458984,66.39702392096613,65.71598641281933,66.14052734705315,5524900
2018-06-11,65.97249603271484,66.52086888091644,65.92827666060796,66.3881972686788,4902800
2018-06-12,65.70714569091797,65.99017525492043,65.51256160042432,65.82212413168372,4356500
2018-06-13,65.54793548583984,66.24666613782027,65.44179687800958,65.68944688165702,4696200
2018-06-14,66.06976318359375,66.46777787021537,65.76020070374757,65.98131772477427,4636000
2018-06-15,67.07807159423828,67.08691816652941,65.89288732961118,66.07862485998002,10977300
2018-06-18,66.87462615966797,67.00729770953645,66.25550125755554,66.58275009954839,4515900
2018-06-19,65.68058776855469,66.26433307028658,65.14106181279767,65.89285817391587,7562200
2018-06-20,66.08745574951172,66.25550684337674,65.42410469219936,65.62752857091985,4424900
2018-06-21,65.39759826660156,66.14939508702832,65.05265611666508,65.18532098359553,5537900
2018-06-22,64.94648742675781,65.81326906144047,64.75190338134199,65.07031241057598,9404900
2018-06-25,63.99127197265625,64.8845867308536,63.708242422766375,64.84920719362277,9064100
2018-06-26,64.17700958251953,64.82267432906761,63.99127207273476,64.12394365056866,7072600
2018-06-27,63.1068229675293,64.52197114712315,62.929931975564614,64.32739375514552,7624700
2018-06-28,63.41637420654297,63.787856019794155,63.10681165213164,63.19525713225522,9118500
2018-06-29,70.47444152832031,71.64193953226105,69.30694352437958,69.6607322296861,31314100
2018-07-02,69.2980728149414,70.29752606542544,68.12172864739333,69.5015034427254,11867000
2018-07-03,67.46722412109375,68.89121827096214,67.30801959663779,68.4666773710502,5794900
2018-07-05,67.70604705810547,68.4755301148833,67.34341183754246,67.76795956552388,6534500
2018-07-06,67.6441421508789,68.17482180951255,67.28150688957183,67.6441421508789,5916200
2018-07-09,68.3517074584961,68.44015293672315,67.52915168986536,67.96253925674813,4871400
2018-07-10,68.60820770263672,69.06812826255074,68.2455791983126,68.49322924964767,6281800
2018-07-11,68.4224624633789,68.67011248684166,67.95369538354483,68.2190318024162,3656600
2018-07-12,68.43132019042969,69.14773741051366,68.3074951585129,68.93546689122176,4879200
2018-07-13,68.44017791748047,68.64360866481688,68.227907342665,68.28097329937889,2963100
2018-07-16,68.76741027832031,69.07697283351865,68.36940224277352,68.42246818139107,4755100
2018-07-17,68.51976776123047,69.00622133056385,68.45785524338956,68.5551473068479,4355400
2018-07-18,67.74140930175781,68.65241712328553,67.50260588117305,68.48436602304979,6101600
2018-07-19,68.0598373413086,68.24558163439801,67.0427041295832,67.15768258667651,4875100
2018-07-20,68.06867218017578,68.17481079393599,67.36110166564501,67.49376649789917,5246400
2018-07-23,67.74140930175781,68.05981836117492,67.33455478093731,67.84754790421557,4198200
2018-07-24,66.80387115478516,68.18363916207184,66.72427226880588,67.97136871817136,6054000
2018-07-25,68.24557495117188,68.26326134747036,66.38818618583448,66.54739074435034,5542400
2018-07-26,69.12120056152344,69.37769718409297,67.94485607634667,68.10406064387404,6706200
2018-07-27,68.00675964355469,69.3511550920523,67.9183141727749,69.13887786463253,6125700
2018-07-30,67.1842041015625,68.06867230734603,66.71543703217033,67.9979132313737,7275300
2018-07-31,68.02449035644531,68.62592258910198,67.36113883729216,67.60878899143565,8265600
2018-08-01,68.58168029785156,69.04160089508738,67.66183235542155,67.66183235542155,6878300
2018-08-02,69.56344604492188,69.93492118030099,68.45786046489438,68.78510947788885,5313800
2018-08-03,69.64302825927734,69.85530549824458,69.37769183250417,69.63418843528831,3762100
2018-08-06,70.32406616210938,70.385978664158,69.36883891796771,69.64302189161783,4280600
2018-08-07,71.22623443603516,71.31467992056217,70.11180243671258,70.51866381186112,5418900
2018-08-08,71.19969940185547,71.7126926443849,70.79284478645694,70.94320278059075,5327100
2018-08-09,71.87189483642578,72.42026085525622,71.12009814263865,71.19085047709717,4558500
2018-08-10,71.40311431884766,71.89841430685529,71.01394618658095,71.48271321065334,5036700
2018-08-13,70.89012145996094,71.77458958360872,70.76629646248675,71.48271348329546,4101200
2018-08-14,70.88129425048828,71.50926598005363,70.4744396122329,71.04934539923046,6079700
2018-08-15,70.37715911865234,70.63365579648192,69.9791509880653,70.37715911865234,5057200
2018-08-16,70.80168914794922,71.2969892298434,70.58057207596681,70.66901755516827,5475800
2018-08-17,70.53633880615234,71.14662402225396,70.47442630219687,70.79283539338408,9001400
2018-08-20,72.68560791015625,72.89787842074821,71.59770889095144,72.10185557108102,9345200
2018-08-21,73.36663055419922,73.48161573272186,72.54407490241664,72.80057147640868,6337000
2018-08-22,73.09245300292969,74.01230075949572,72.77404390458156,73.49930757349519,4308300
2018-08-23,73.33126068115234,73.91500617609624,72.82710733612537,72.9067129819558,4156900
2018-08-24,72.92439270019531,73.30471425600479,72.6148302124332,72.89785973666658,3453000
2018-08-27,73.10130310058594,73.80887366041162,72.72982805058066,73.44624518244188,4012400
2018-08-28,73.03939056396484,73.96807818861839,72.95094508751555,73.61429628282121,3788800
2018-08-29,73.2251205444336,73.49930351756423,72.72097395786234,72.89786489253567,5712400
2018-08-30,71.9957046508789,73.1985818060686,71.65076263190088,73.03937727823597,7122100
2018-08-31,72.88236999511719,72.92670504444077,72.04005817459954,72.04005817459954,5177100
2018-09-04,70.57708740234375,71.79179601340492,70.04510064906404,70.39089237692478,18565800
2018-09-05,70.86083984375,71.21550006286866,70.31112293046806,70.621448085479,12269100
2018-09-06,71.28643035888672,71.67655049482538,70.72783833958289,71.08249854327501,8576900
2018-09-07,71.19774627685547,71.96026312525814,70.94061787313096,70.94061787313096,6633900
2018-09-10,72.79370880126953,73.09517226345989,72.01346196811744,72.16419031692313,6965600
2018-09-11,73.26363372802734,74.10595237415373,73.19270711438095,73.76902220987147,7166800
2018-09-12,73.59168243408203,73.62714911688397,72.74050234056973,73.32568569535654,5384300
2018-09-13,74.00840759277344,74.389665977643,73.69808257359543,73.77787753656489,5382100
2018-09-14,74.02613067626953,74.33645566662418,73.64487232681171,74.10593239640498,4884400
2018-09-17,73.82221984863281,74.41627162447992,73.53849312251339,74.02614483934869,4861100
2018-09-18,75.59551239013672,75.67530735970765,73.8044819634314,73.8044819634314,7277700
2018-09-19,74.85958099365234,76.11861768149757,74.584722681897,75.97675772737713,8053100
2018-09-20,75.69304656982422,76.13637000975964,75.3029197780158,75.44477976121414,6620300
2018-09-21,75.8526382446289,76.28709329284982,75.37384814952532,76.25162660825936,13852700
2018-09-24,74.71772003173828,75.59550520101303,74.69999007282374,75.50684187728432,8770400
2018-09-25,75.17877197265625,75.45363027573397,74.54038528782533,75.24083696898275,10519500
2018-09-26,74.21233367919922,75.12558555590822,72.66070179540228,73.24589192428894,16357100
2018-09-27,74.95712280273438,75.29404615831386,74.23894104484566,74.27440096473539,6080600
2018-09-28,75.1167221069336,75.60437381498919,74.69999700569683,74.73546369139555,7452700
2018-10-01,74.88619995117188,76.11863866007019,74.80640497334562,75.45365345320077,7876400
2018-10-02,73.38776397705078,74.96600120668374,73.14837228054752,74.77979939713985,8446900
2018-10-03,73.14834594726562,73.556202579586,72.48336098410867,72.6429576458494,10046700
2018-10-04,71.09133911132812,73.13062941174296,70.94947237949003,73.0064926390956,9161100
2018-10-05,71.03813171386719,71.8095099665698,70.42634336345306,71.01152663224204,7019100
2018-10-08,71.13567352294922,71.41053185771621,70.1160283818183,70.96720847153563,8058700
2018-10-09,71.30413055419922,72.25284231333677,71.07360726794076,71.25980227510856,7643400
2018-10-10,66.4453125,70.9672097687845,66.29457740486393,70.63028642437655,12977800
2018-10-11,66.06407165527344,68.33388587214924,65.52321642944288,66.29459501102616,11532100
2018-10-12,67.30535888671875,68.14767060399039,66.41871212555789,67.35855552772345,10393800
2018-10-15,66.48959350585938,67.52697465197485,66.47186355910858,67.18117642688746,5789000
2018-10-16,68.69739532470703,68.84812365344384,66.78223503754032,67.03049505300754,7744200
2018-10-17,67.81073760986328,68.9811108972843,67.33194761529418,68.73284415728118,6816900
2018-10-18,67.0304946899414,68.63532994908161,66.49850797902482,68.62646158726922,7622200
2018-10-19,65.79806518554688,67.42949898792817,65.7360001735561,67.23443558893464,7301200
2018-10-22,66.40985870361328,66.68471709674112,65.8778718801551,66.18819696345741,7042500
2018-10-23,65.03555297851562,65.94879826239115,63.90064595526916,65.78033994038327,11423800
2018-10-24,63.94496154785156,66.15270990599373,63.79422646987393,65.1419332232502,8333900
2018-10-25,64.81388092041016,65.16854099985565,64.04250251953795,64.45035924329784,7648000
2018-10-26,63.900630950927734,64.46808432930871,62.677060872152104,63.838565949060374,8371100
2018-10-29,64.00704193115234,65.62073901996808,63.297721704705836,64.95575384439161,9874200
2018-10-30,66.06407165527344,66.1793333331498,64.55676765565813,64.78729777599082,9470000
2018-10-31,66.53396606445312,67.68660266173714,66.42756603018717,66.9418227156069,8755500
2018-11-01,68.08560943603516,68.1299377178431,66.35664409564527,66.70244257538592,6117800
2018-11-02,67.89939880371094,69.68155361370961,67.12801382018979,68.7417103747306,6995100
2018-11-05,68.7417221069336,68.95451543490032,67.42948869246453,67.8196086663072,7143300
2018-11-06,67.89054870605469,68.78606391431201,67.70435368020331,68.57326380084307,6424200
2018-11-07,69.13184356689453,69.36237360059383,67.89053684680722,68.21859855766479,5403900
2018-11-08,68.96339416503906,69.30032431326906,68.4846040316956,68.8835991917713,5425000
2018-11-09,67.70435333251953,68.95452186098122,66.9684348308538,68.90132521517646,4737600
2018-11-12,66.5871810913086,68.06787979646282,66.48964939076991,67.69548972054002,5204900
2018-11-13,66.67585754394531,67.62456964659697,66.35666405477463,66.96845270311516,4584600
2018-11-14,66.67585754394531,68.70628016383313,66.40099911449626,67.66890470631859,7984200
2018-11-15,65.90447235107422,66.205929080497,64.62769852156669,66.00200406108269,7858300
2018-11-16,66.26798248291016,66.95956593113759,64.77841553112087,65.39907237370387,8064200
2018-11-19,64.29962158203125,66.27684688008563,63.7144382241489,66.22365023789035,6744900
2018-11-20,63.058326721191406,63.9006385270535,61.639686342465644,62.499734873580074,9053900
2018-11-21,64.1666259765625,64.6365476588687,63.670099210239066,63.82969589145416,7326100
2018-11-23,63.38637161254883,64.29961664452372,63.31544501659421,63.882898371696626,2582300
2018-11-26,64.46808624267578,64.72521461935133,64.07795949674347,64.14002450045288,6458300
2018-11-27,63.918373107910156,64.32623664325136,63.217927995122146,64.08683818709113,5008000
2018-11-28,66.19705200195312,66.28571532725202,64.10456505492436,64.10456505492436,6167200
2018-11-29,65.91332244873047,66.45417755909764,65.00894565369434,66.17931920498854,5436700
2018-11-30,66.80259704589844,67.12273781839977,65.71767629293902,65.96667316384986,7947300
2018-12-03,69.31037902832031,70.2530122109464,68.41220570667879,68.56338144640984,10211800
2018-12-04,67.39842224121094,69.71943980370385,67.06049883407297,68.84794383787015,8800400
2018-12-06,67.17610168457031,67.20277895520887,65.44200446183946,66.1356474217259,9693700
2018-12-07,65.21968078613281,67.55848754217274,64.80172559759625,66.73145828033415,6133700
2018-12-10,64.48157501220703,65.54870631758367,62.79194479148122,65.00624598169819,7235000
2018-12-11,65.42422485351562,66.31350343343817,64.52605158808986,65.69101114135525,7794500
2018-12-12,66.09119415283203,66.94490090927651,65.37088056122599,66.26904718284447,6950400
2018-12-13,64.85506439208984,66.33126278975658,64.55270625278403,66.2512310022271,7454800
2018-12-14,64.49937438964844,65.49536884277187,63.50338672118215,64.0013805554153,7221200
2018-12-17,62.16056823730469,63.823514682911345,61.76928352791183,63.46780871217947,10647700
2018-12-18,63.272178649902344,64.39267167243356,62.631896922741646,63.049858982674756,7533300
2018-12-19,61.33354187011719,64.02805475553416,60.75550946330947,63.538948845622215,8426100
2018-12-20,60.05297088623047,61.867099685320646,59.163692462244455,61.12010906580725,14488500
2018-12-21,64.35706329345703,66.06447574326478,63.36106930540886,65.17519757757483,28487900
2018-12-24,60.55988311767578,63.96582244845709,60.542100527455794,63.494505784053246,8551400
2018-12-26,64.92623138427734,64.92623138427734,61.0489762112796,61.093436069731,10019200
2018-12-27,65.5131607055664,65.56652204154511,63.12989349981318,64.18813733205923,9004900
2018-12-28,65.21968078613281,66.21567513108936,64.53493933842647,65.77993057345805,6197000
2018-12-31,65.93108367919922,66.21565242522648,65.37972876548525,65.78880269851263,5519100
2019-01-02,65.85995483398438,66.3757379241292,64.1970086009616,64.73057427350716,6762700
2019-01-03,64.69500732421875,65.20189577001194,63.32551769522431,65.13964654981476,8007400
2019-01-04,66.3846435546875,66.80260554891235,65.02404849070054,65.31750524896636,7844200
2019-01-07,67.3361587524414,67.90529636216255,66.0733851049136,66.4646629711872,8184800
2019-01-08,68.23435974121094,68.8301748602733,67.76303631655833,68.32328625702262,8809000
2019-01-09,68.10982513427734,68.6078256206581,67.70965259319875,68.4477552472956,8591000
2019-01-10,67.95867156982422,68.77680628464029,67.10496489549561,67.26503532097333,11148600
2019-01-11,67.62073516845703,68.3766205053863,67.40731023695311,67.88751463667288,10689900
2019-01-14,67.66520690917969,68.30548860084114,67.10496382130462,67.10496382130462,5677400
2019-01-15,69.25701904296875,69.3459523359818,67.70078140044782,67.7541427331872,6212400
2019-01-16,69.07914733886719,70.11960145294104,68.99910875373912,69.36371615941702,5697100
2019-01-17,70.36859130859375,70.60870025538836,68.75010503092213,68.95464203061178,7737300
2019-01-18,71.54244232177734,72.0048708746777,70.9110554917433,71.09780313572614,10404100
2019-01-22,71.8092269897461,72.3072206962323,71.32012118183613,71.43573170988142,8781700
2019-01-23,71.58689880371094,72.3872505820498,71.3379019803732,72.2005029645465,5823000
2019-01-24,71.5335464477539,71.91593637651162,70.74208932759453,71.67582744340655,4753200
2019-01-25,71.68473815917969,72.32501974446187,71.52466776285914,72.25387583839577,4457100
2019-01-28,71.42683410644531,71.59579915766179,70.91105105458298,70.96441236713589,5452000
2019-01-29,71.33792877197266,71.88038924853632,70.99999856939765,71.46242723039805,4187500
2019-01-30,72.28056335449219,72.28945804017556,71.19564237946811,71.4980006307873,5200200
2019-01-31,72.81412506103516,72.87637428800313,71.77367078828895,72.19163279135543,8599200
2019-02-01,72.48509216308594,72.8319102340138,72.14716199217206,72.76966101063333,5351900
2019-02-04,72.91193389892578,72.92082858260288,71.88037448602213,72.22719251821572,4236600
2019-02-05,73.68561553955078,73.97907906684172,72.85858628014854,72.90305291809798,6545600
2019-02-06,73.5522232055664,73.5522232055664,72.60069549120601,73.37437022115859,3682800
2019-02-07,73.26766204833984,73.67672938313002,72.66295233937672,73.05423708772261,4827500
2019-02-08,73.24097442626953,73.56111521428315,72.86747910180571,73.14315325300669,3786500
2019-02-11,74.41481018066406,74.54820328575943,73.69449691166629,73.76563402101603,6158500
2019-02-12,75.3307876586914,75.44639143155507,74.36147726362802,74.67272340953566,6290300
2019-02-13,75.94437408447266,76.11333236105014,75.37523647097312,75.37523647097312,5032800
2019-02-14,75.30411529541016,75.7131826545041,74.43261924540477,75.24186606217103,5179000
2019-02-15,75.92658996582031,76.2823026950087,75.67759309078524,76.02441113596352,6111300
2019-02-19,75.20629119873047,75.63314791350146,75.10847000960915,75.21518588446622,5105900
2019-02-20,75.4463882446289,75.54420942701884,75.01064365876447,75.25964056497271,6436100
2019-02-21,74.6549301147461,74.83278989210028,74.1213643519971,74.3170067147583,8579200
2019-02-22,75.37523651123047,75.60644400238746,74.72606031613759,74.87723601066075,4449500
2019-02-25,75.73986053466797,76.23786118922696,75.55311283345496,75.9355029220314,6229700
2019-02-26,76.30010223388672,76.54909914211325,75.76652967665053,75.86435085983338,6678700
2019-02-27,76.6291275024414,76.67359414175998,75.64202781454712,76.05998979937796,4588200
2019-02-28,76.23784637451172,76.83366132231465,76.19337973705812,76.54909248271801,4988100
2019-03-01,77.70894622802734,78.44894131839496,76.88869980640239,77.50388292209281,6314900
2019-03-04,76.3537368774414,78.44891630801389,75.88120782993782,77.85156852351354,7339500
2019-03-05,76.17542266845703,76.89758915515173,76.17542266845703,76.56770719349443,4976300
2019-03-06,75.89906311035156,76.66581093962385,75.81882538041334,76.31810050566473,3198000
2019-03-07,76.01495361328125,76.14868993448597,75.4800151305742,75.75639853951527,4321800
2019-03-08,75.60482025146484,75.67614038141795,74.90939286700932,75.40867458934487,4669700
2019-03-11,76.51421356201172,76.62120395833723,75.8277105580602,76.13083981115007,3999800
2019-03-12,76.1665267944336,76.74604638310764,75.80098126236858,76.47857371076189,4431600
2019-03-13,76.61229705810547,77.26314348934238,76.3180785288294,76.40723380379175,5037800
2019-03-14,77.45037841796875,77.45928918477053,76.40724052263579,76.80844949841371,5906100
2019-03-15,77.38795471191406,78.11012121165297,76.63903551038673,77.76241091162233,11031400
2019-03-18,78.29737091064453,78.31519924797747,77.56628664196568,77.83375931674857,7750700
2019-03-19,78.18145751953125,78.9838618145117,77.82482960947793,78.65398660945446,6642200
2019-03-20,77.2898941040039,78.08338766313778,76.75494881739115,78.0120607179745,5991500
2019-03-21,78.46676635742188,78.5648392125761,77.41471765840477,77.78025637134228,10386900
2019-03-22,73.27786254882812,76.58557388710283,73.24219906783566,75.96147317290486,21659800
2019-03-25,73.40264129638672,74.19613460987436,72.11878388934615,72.64481144444018,15558300
2019-03-26,74.33883666992188,74.97184827600277,73.9198059914486,74.56172836792705,9611900
2019-03-27,74.08025360107422,74.71327177100957,73.14411290307339,74.61519891663154,6485100
2019-03-28,74.9272232055664,75.53348848508458,74.62408716475223,74.8291503807833,6032700
2019-03-29,75.07881164550781,75.64941364231409,74.76676474133444,75.42652202474562,6492000
2019-04-01,75.98822784423828,76.06846557695478,75.51569181049105,75.81882800568525,6737400
2019-04-02,75.22146606445312,76.01495968429938,75.03423792065807,75.78315049583829,4433800
2019-04-03,75.31062316894531,75.77423475494221,75.1144774510615,75.69399703514205,4080900
2019-04-04,76.03279876708984,76.1219540669104,75.21255912535932,75.32846033491471,3660700
2019-04-05,76.13978576660156,76.81737825841448,75.82773883027754,76.6747243434589,7367400
2019-04-08,75.54244232177734,76.04171744976472,75.39978839828754,75.79207988577103,4705800
2019-04-09,75.1412124633789,75.42651342926963,74.86482906576614,75.08772065793427,3804500
2019-04-10,75.67615509033203,75.79206307799191,75.39085410873473,75.46218105466204,3918400
2019-04-11,75.78313446044922,75.8277154956821,75.14120564491706,75.69397919209442,3347400
2019-04-12,76.88868713378906,77.11157874162296,76.04170174486508,76.05061931376981,6037000
2019-04-15,77.41472625732422,77.78026501086433,77.06701584210505,77.46821807440008,5034900
2019-04-16,78.2795181274414,78.41324762095785,77.56626241883775,77.56626241883775,4652700
2019-04-17,79.10868835449219,79.3226623823564,77.96747766762245,78.41326086023803,5694900
2019-04-18,79.52771759033203,80.24097340813789,79.08193440473126,79.13543301243924,7016600
2019-04-22,77.88725280761719,79.02845688064833,77.83376099235412,78.76990177002209,5390500
2019-04-23,77.94965362548828,78.16362766513592,77.5751973555769,78.0744723821254,7513700
2019-04-24,78.80555725097656,79.18893109305667,77.94965428305376,78.16362832450642,8063000
2019-04-25,78.0655517578125,78.93928982218755,78.00314238193656,78.81447107043566,7069900
2019-04-26,78.7342300415039,79.29592125135495,77.86049874057666,78.41326557933533,6219600
2019-04-29,78.68964385986328,78.91253543576197,78.57373588704488,78.61831692306905,5008400
2019-04-30,78.30628967285156,78.81448232098789,77.79809702471523,78.71640945888151,7614100
2019-05-01,76.58552551269531,78.41323184484261,76.55877961937308,78.2170930264432,6524600
2019-05-02,76.02388000488281,76.92436416381709,75.7742424484527,76.86195477470956,6813700
2019-05-03,76.4072494506836,76.94219481422823,76.4072494506836,76.5855668392361,6798300
2019-05-06,74.50821685791016,74.77568954571717,73.87520541902077,74.68652744837283,12836600
2019-05-07,73.58989715576172,74.5617013418026,72.9568857791263,74.01784525163048,9811300
2019-05-08,73.79495239257812,74.88266455461815,73.23326797541041,73.49182306328159,9501300
2019-05-09,73.98219299316406,74.0089389004877,72.69833502472686,73.29568296199754,6336600
2019-05-10,74.84701538085938,75.13231642851927,73.27786301978671,73.80388406305103,5450500
2019-05-13,73.58099365234375,73.67014895585011,72.50219883505534,72.79641745852862,6445200
2019-05-14,74.59736633300781,74.8915849062178,73.16194374480297,73.80387270376569,7529200
2019-05-15,74.90049743652344,75.32844551229877,73.94652163172222,74.15157810074857,4862200
2019-05-16,75.1412124633789,76.13976924505225,75.06988552137832,75.34627572110267,6745200
2019-05-17,75.3997802734375,76.24676574602088,74.44580436976572,74.45472193955128,5068200
2019-05-20,73.86627960205078,74.7132718174684,73.76820674761177,74.7132718174684,7181900
2019-05-21,74.57063293457031,74.71328686142844,73.56316508406083,74.3209953646822,5762500
2019-05-22,74.1783218383789,74.30314059034328,73.78603724739598,73.99109371043237,5237800
2019-05-23,73.67904663085938,74.05350288573773,73.09952711138851,73.55422787923325,9704200
2019-05-24,73.2510986328125,74.15157579860112,73.18868245483304,73.28675530292675,5999000
2019-05-28,72.39519500732422,74.16941718906997,72.33278562619478,73.86628105064669,7927300
2019-05-29,70.31785583496094,72.09207135446643,69.2747178079714,71.95833501232798,10116900
2019-05-30,70.66556549072266,71.08460285064136,70.08604588236942,70.36242933162947,6177800
2019-05-31,68.96684265136719,69.96817858348786,68.90425958192483,69.73572425939783,8891100
2019-06-03,69.69998931884766,70.25430159850276,68.91322944347378,69.05627359306644,11665500
2019-06-04,72.97218322753906,72.99900356992806,70.43308395170195,70.89799262325565,7526800
2019-06-05,73.95563507080078,74.11656394756295,73.24933649062478,73.57119424414913,8173200
2019-06-06,73.7142562866211,74.25962612277375,73.38346288573985,73.95565307104016,4953000
2019-06-07,74.57254791259766,74.81393787444053,74.03611364886682,74.2864460007172,3891100
2019-06-10,73.83050537109375,75.27885915589204,73.714274734306,74.8765401759029,4419800
2019-06-11,74.43844604492188,75.40401280022377,74.32221542750031,74.78712425509532,3939400
2019-06-12,73.87520599365234,75.11793254157175,73.77686013840287,74.63515247895228,4025900
2019-06-13,74.7513427734375,75.02849542972514,74.25067815019688,74.3400815727693,3383400
2019-06-14,74.59935760498047,74.97485607911571,74.24173708726137,74.66194068400301,4355600
2019-06-17,73.4103012084961,74.61726496296653,73.32089774909953,74.50997671906262,5101900
2019-06-18,75.36825561523438,75.68117107795749,73.75896634830764,73.93777323527928,6456500
2019-06-19,74.69770812988281,75.01062354473451,74.33114520031049,74.85863703195575,6217700
2019-06-20,76.20866394042969,76.59310492556199,75.47554471541531,75.90469083737196,6163800
2019-06-21,76.66460418701172,76.66460418701172,75.63644778122786,76.13711922239165,9289800
2019-06-24,75.54705810546875,77.64806959981418,75.4308343178058,76.88813014284393,8043300
2019-06-25,73.86625671386719,75.7169360139455,73.45499540507709,75.63646813774433,7339900
2019-06-26,73.80366516113281,74.822879335901,73.70531933540563,74.34009259716161,5838500
2019-06-27,74.79606628417969,74.89440529845567,74.14340817895886,74.14340817895886,11436700
2019-06-28,75.05534362792969,75.77058491602759,73.91096302381021,75.09110637443922,12443800
2019-07-01,76.36064910888672,77.13846656611125,75.90468268224255,75.93150303303713,6587300
2019-07-02,75.95830535888672,76.41427167732985,75.29671185245031,76.31592586705693,7187200
2019-07-03,77.06693267822266,77.14740054287586,76.10136604969725,76.28911530582843,4012800
2019-07-05,77.62123107910156,77.7016989294498,76.36956277302785,76.70930530843049,6440900
2019-07-08,79.10535430908203,79.1411102194515,76.86129236548012,76.94175339537676,7052000
2019-07-09,78.71198272705078,79.39146108231445,78.51529108570779,78.76562342158267,6219700
2019-07-10,78.17557525634766,79.51664753002582,78.13087011880653,79.10538618462341,5985500
2019-07-11,78.93550872802734,78.9444511190516,78.13980645301267,78.41695918535271,3942400
2019-07-12,79.67756652832031,79.84743102346789,78.68517262401072,78.83715915900162,4240900
2019-07-15,79.99939727783203,80.34807536165086,79.62389203129833,79.62389203129833,3750900
2019-07-16,79.21263885498047,80.20503252304886,79.18581851060736,80.0172832913932,5812800
2019-07-17,78.22918701171875,79.29310613781213,78.17554632335901,79.05170939810574,4461500
2019-07-18,78.17557525634766,78.46167040189047,77.56762221943836,78.34543977270206,4607000
2019-07-19,77.37987518310547,78.5689541165536,77.31729208134503,78.43485234210019,6635300
2019-07-22,76.8613052368164,77.77323116690904,76.73613906643202,77.38879026614423,6810300
2019-07-23,77.51394653320312,77.87156704048742,77.0937497697662,77.46030584447583,5659900
2019-07-24,77.51394653320312,77.96991285051669,77.165268414388,77.46924823294498,6362900
2019-07-25,78.0324935913086,78.22918520547792,77.41559840524,77.62123240761075,4546400
2019-07-26,78.26494598388672,78.53315623384242,77.57652535147582,78.17554256723481,3707200
2019-07-29,78.33649444580078,78.56000646357704,77.94311111178001,78.36331479656666,4387300
2019-07-30,77.96098327636719,78.5957633621826,77.20998622656947,77.6212474901794,3561200
2019-07-31,76.9149398803711,78.02355736842078,76.48580070740407,77.86262847329711,5818200
2019-08-01,74.31326293945312,77.57653227528091,73.93775764233128,76.22652487494739,7871800
2019-08-02,72.54305267333984,74.42055207028382,72.23013724402331,73.7857788219432,8761400
2019-08-05,70.60297393798828,71.56854744631113,69.90561756677016,71.21986926070207,8493300
2019-08-06,72.68611145019531,72.94537939022527,71.06787979114124,71.38973764481798,8664500
2019-08-07,72.66822814941406,73.1510149397656,71.60430873247019,71.97087172592151,6275000
2019-08-08,74.20597839355469,74.52783619492114,72.96325231312932,73.14205917120205,6208900
2019-08-09,73.2940673828125,74.59043441962046,72.70399235350408,74.33115964804972,5460200
2019-08-12,72.99903106689453,73.26724141285617,72.57882735507083,72.78446142591605,3762500
2019-08-13,74.4920883178711,75.23414988687469,72.28378839286165,72.56988351547143,6896800
2019-08-14,72.44471740722656,73.03479243511198,71.9798153903543,72.63246669217762,7266100
2019-08-15,71.08575439453125,72.68610104310946,71.02317131089052,72.35530084612586,6713600
2019-08-16,71.77418518066406,72.02451757405215,70.85331666739526,71.60431384755952,5649000
2019-08-19,72.53411102294922,73.61590827306695,72.26590071839189,73.31193523035967,7027900
2019-08-20,71.99768829345703,72.62352602037424,71.03211476350153,72.16755960549882,5903100
2019-08-21,73.97354125976562,74.06294470963627,72.98114727779574,73.25830683975451,6454200
2019-08-22,74.48313903808594,74.84970200370766,73.75896231806124,74.20598633211009,5571600
2019-08-23,71.9172134399414,73.99140424264317,71.55065053611062,73.3298039022233,8497800
2019-08-26,73.53544616699219,73.56226651495645,72.18543181075123,72.81126948777802,4336000
2019-08-27,73.33876037597656,74.36691699664601,73.31194002587094,73.8751878412251,3842500
2019-08-28,74.63511657714844,74.73345556404684,73.06159047111862,73.22251935492899,4123700
2019-08-29,76.33381652832031,76.6824947060347,75.25201925630326,75.29672438515689,5101900
2019-08-30,75.74220275878906,77.07777341331918,75.66153387272918,76.817828938241,5235400
2019-09-03,75.89460754394531,76.03802806365708,74.95343602833722,75.29404950465252,6360800
2019-09-04,77.4004898071289,77.53494483642834,76.6385870926546,76.71029735343654,4151200
2019-09-05,79.25593566894531,79.43521128834062,78.2340885737217,78.2340885737217,6328400
2019-09-06,79.49796295166016,79.75790749336622,78.89739812284523,79.23801840995411,3625300
2019-09-09,79.48004913330078,80.08957274649693,79.25595967019437,79.72206958310962,4282400
2019-09-10,77.83074188232422,79.44418166296484,77.34670789653204,79.11253368581092,7072400
2019-09-11,77.759033203125,78.20721206884906,76.97024086137068,77.94726750608909,4623300
2019-09-12,78.58366394042969,78.94220832439046,77.28394824207035,78.07274041585181,4057500
2019-09-13,78.26993560791016,79.58758220994974,78.25201146715601,79.10354834560877,5894700
2019-09-16,78.2251205444336,78.7181199334393,77.68730738103264,78.06377591154677,4171700
2019-09-17,78.51197814941406,78.55679877586859,77.5080617680403,77.77696501076508,3248400
2019-09-18,78.95118713378906,79.23802132161391,78.17135348001533,78.56575305277444,4722200
2019-09-19,78.61056518554688,79.52485384164738,78.44026187797233,79.238019659838,4231200
2019-09-20,77.69630432128906,79.31870995855454,77.68733882731479,78.87949649516987,6991100
2019-09-23,78.60160827636719,78.8974011176286,77.80385047680394,77.96519513506766,4790000
2019-09-24,78.14446258544922,79.49796459308348,77.7679940022396,79.28283382667824,10202900
2019-09-25,81.39823150634766,83.17302256420486,80.80663904617245,82.26769947294778,25330700
2019-09-26,82.61727905273438,82.86825808868046,80.89627408739047,82.12428647174478,10408300
2019-09-27,82.74276733398438,83.23576674627112,82.10635426272876,82.33044366128351,6420500
2019-09-30,84.18592071533203,84.32934124211134,82.91309431416762,82.93998395327196,7401200
2019-10-01,82.71588897705078,84.92989363079484,82.51868918525172,84.37414938469445,8464900
2019-10-02,82.00774383544922,82.3214675853531,81.18309659608332,81.9898196948825,6933900
2019-10-03,82.66211700439453,82.75175141622105,80.98592546470282,81.84642812783848,5762300
2019-10-04,83.42401123046875,83.51364563312764,82.40216399509106,82.6621085498684,4551400
2019-10-07,83.51364135742188,84.18590960094474,82.82344896975152,82.91308336782133,4975400
2019-10-08,82.24080657958984,83.10130902125414,81.03969072518308,81.07553900975344,6916800
2019-10-09,82.93099975585938,83.40607501466381,82.30355218938645,82.83240671426984,5115900
2019-10-10,83.36125183105469,83.80943060433992,83.11027281220142,83.80943060433992,5794100
2019-10-11,84.15005493164062,84.76854390741856,83.86322075305753,84.25762031310911,6220100
2019-10-14,85.0464096069336,85.37806439247768,84.30243797024357,84.43688614402333,4636000
2019-10-15,84.96575927734375,85.3153382829259,84.36520117428392,85.15399360045203,4292500
2019-10-16,85.0464096069336,85.27946450592852,84.32036211385888,84.33828625747417,4883300
2019-10-17,85.65593719482422,85.9517368687167,85.12708944937981,85.66490268639663,3427400
2019-10-18,86.13997650146484,86.46266583141887,84.97471555544578,84.9836742089074,6209200
2019-10-21,86.24752044677734,86.83015419425661,85.53043170546978,86.5970993275319,5185800
2019-10-22,85.69178771972656,86.79431060925816,85.6200774683317,86.10411140724806,5470100
2019-10-23,82.75174713134766,85.63802017791477,82.57247831697713,85.18087581100293,11933600
2019-10-24,82.0167236328125,83.24473605513614,81.55957932396706,83.07442591605006,12085800
2019-10-25,81.49684143066406,82.31253023011217,81.34446226109682,81.96295126996773,8147200
2019-10-28,81.43408203125,81.83744703185751,80.82455862384198,81.62231629606735,10304700
2019-10-29,80.02682495117188,81.49685122659628,79.89236991064713,81.43410645284038,9044700
2019-10-30,80.84248352050781,80.91418692170961,80.0895396792375,80.1791740597384,8127500
2019-10-31,80.26882934570312,81.0396974626993,79.72205063856245,80.67218754797658,6752000
2019-11-01,79.93717956542969,81.14726108673027,79.77583490667851,80.83353726101033,5263600
2019-11-04,80.54671478271484,81.17416252537977,80.06268073608726,80.7887283866949,8161200
2019-11-05,80.56462860107422,80.9769523274856,80.25987026190057,80.80664901269246,5589700
2019-11-06,80.2060775756836,81.31755903661355,79.54276805663505,81.24584879044632,7033800
2019-11-07,81.0307388305664,81.21000763815911,80.46602909318275,81.09348359709051,7110000
2019-11-08,80.50186157226562,80.98589542297715,80.03575870046826,80.92315067410703,4555400
2019-11-11,80.71701049804688,80.7618242781134,80.10748701207874,80.10748701207874,3247300
2019-11-12,80.2239990234375,82.49178248265103,80.21503353330135,80.950046435165,3979600
2019-11-13,81.82849884033203,82.06155376737388,80.28676243456827,80.4301829554146,5923600
2019-11-14,81.81058502197266,82.42907418023125,81.31759226512057,82.0077848601808,6035300
2019-11-15,83.39710235595703,83.86320524546512,82.42903461774985,82.59037924078437,6785500
2019-11-18,84.4189453125,84.49065555011755,83.28057435464612,83.80942197008011,6165600
2019-11-19,83.90805053710938,85.26155267076878,83.4150510331936,84.8044082979257,5368400
2019-11-20,83.40605163574219,84.61613265398876,83.15506584083938,84.35618820969431,6235400
2019-11-21,82.60832977294922,83.63017701447399,82.5276540230043,83.02065349859372,5493100
2019-11-22,83.666015625,83.67498111588253,82.4021549571973,82.65313399258135,4264400
2019-11-25,83.2716293334961,84.23073177171872,83.12820882300814,84.06042162518085,5419700
2019-11-26,83.65705871582031,83.92596189990631,83.37918320199904,83.701872493835,5907400
2019-11-27,84.38311004638672,84.59823397118662,83.80944168780945,83.80944168780945,4017400
2019-11-29,84.01914978027344,85.02569251927868,83.92928148455242,84.81000723824594,2541800
2019-12-02,84.08204650878906,84.72910911786653,83.56080772393044,84.55835458032928,3892000
2019-12-03,83.0934829711914,83.17436922683711,82.05998055767569,83.11146074200627,5570700
2019-12-04,84.22583770751953,84.28874618873003,83.33613008568241,83.40802059527283,4456400
2019-12-05,86.08614349365234,86.22993137651135,85.08858977293536,86.1670228921648,6946000
2019-12-06,87.17357635498047,87.45217012656738,86.61638195529525,86.77814762897732,6368500
2019-12-09,86.84103393554688,87.73973036940686,86.41865237110079,87.1915249962315,6517800
2019-12-10,87.18254852294922,87.7037872768486,86.84103946815883,86.95787440017031,4234300
2019-12-11,87.3353271484375,87.46114411136332,86.85901909500257,87.08369322258585,4319700
2019-12-12,87.82064819335938,88.23404787880864,87.08371712686075,87.46116811924763,4762800
2019-12-13,87.86553955078125,88.33286549470346,87.09266699400355,87.5599860814167,5247600
2019-12-16,88.8001937866211,89.27650180677185,88.12617145097158,88.19806881233654,8211300
2019-12-17,89.55510711669922,90.02242627733207,89.01589059088897,89.31245522335303,7050700
2019-12-18,90.38191223144531,90.57962657051998,89.49220456211994,90.04939203786425,7332000
2019-12-19,90.90314483642578,91.01098401935025,89.53712242963272,90.31899078838308,12214500
2019-12-20,89.83370208740234,91.1278272525807,88.83614841532908,90.76834727819669,17641600
2019-12-23,89.90559387207031,90.48974793711515,89.46523453045612,90.07634839201675,6350500
2019-12-24,89.99547576904297,90.46280183442434,89.65397353396492,89.71688202086116,3328100
2019-12-26,90.50772857666016,90.54367726138142,89.96851201886223,90.17520838537133,3709900
2019-12-27,91.28060913085938,91.47832347068069,90.75936348160509,90.76835236700896,5307500
2019-12-30,90.58861541748047,91.31655743239163,90.28305502362812,91.25364894785005,3495200
2019-12-31,91.04693603515625,91.1188333974133,90.32798298211524,90.3908914599627,3213600
2020-01-02,91.8467788696289,91.85576775438444,90.78631673330945,91.09187710640664,5644100
2020-01-03,91.59516906738281,91.66706645133888,90.14826678369857,90.39990077103289,4541800
2020-01-06,91.5142593383789,91.52324136601415,90.65151158623023,90.72340208986039,4612400
2020-01-07,91.46932220458984,92.33206996079834,90.59758556419418,91.49628200064173,6719900
2020-01-08,91.26264190673828,91.79286960632541,90.63355017673236,91.04694978738779,4942200
2020-01-09,91.19973754882812,92.03552569375005,91.11885128628151,91.61313717820191,5007500
2020-01-10,90.67848205566406,91.60413839276404,90.55266508886467,91.56818970846273,5135300
2020-01-13,91.81085205078125,91.97261086376088,90.60659498756907,90.76836065705993,6722400
2020-01-14,92.49384307861328,93.36557978955359,91.98158634264458,92.07145462225992,5088500
2020-01-15,92.37702178955078,93.19483210761456,92.0984280453163,92.79042139137027,4209200
2020-01-16,92.89826965332031,93.07800623002518,92.4309435834702,92.45790338432484,6571700
2020-01-17,93.94075012207031,93.95872789287843,92.87129902383745,92.95218527945276,6271200
2020-01-21,93.98568725585938,94.08454442531283,93.29368706968516,93.689115747499,4854700
2020-01-22,93.90480041503906,94.9203319028172,93.84189193091649,94.36313757450964,5031400
2020-01-23,92.5837173461914,93.79696319725247,92.22424420448068,93.49140279898553,7102900
2020-01-24,91.6939926147461,93.36556846762757,91.36147933484035,93.09595680496564,3839300
2020-01-27,90.08533477783203,90.50772322770584,88.08124543276331,88.2609819892368,9841400
2020-01-28,90.23809814453125,90.81326322399762,89.43825213512385,90.17518282172192,5673200
2020-01-29,89.72584533691406,91.03794811540331,89.1237203941271,90.8312449264193,4503700
2020-01-30,88.24301147460938,89.64497581966066,87.50608061932469,88.98892435820119,7065100
2020-01-31,86.54448699951172,88.47667924174162,86.20297789672756,88.17112568294638,8780300
2020-02-03,89.2136001586914,90.69645078192926,88.5845153398682,88.97095511614825,9727000
2020-02-04,91.10984802246094,92.36802448438367,91.00200883143135,91.5861629233787,6559600
2020-02-05,90.35497283935547,91.6401094770902,89.44728719428103,91.45138398076006,6108300
2020-02-06,90.11229705810547,91.24465659331145,90.01344674887898,90.67848025396361,5641800
2020-02-07,89.36640167236328,90.22914967801258,88.94401312806889,89.69891506182014,4121800
2020-02-10,89.88762664794922,90.32799289773182,88.97095917633048,89.16867351598624,4213900
2020-02-11,89.88762664794922,90.18419815743287,89.366387855642,89.9325642184203,4871800
2020-02-12,92.56573486328125,92.63763222524227,90.26507413260711,90.53467895519621,8075600
2020-02-13,92.89826965332031,93.23078300587541,91.37947021107381,92.12539003176974,5386800
2020-02-14,93.0510482788086,93.36559072254994,92.07146540371579,93.0420593928414,4305300
2020-02-18,91.66703796386719,92.90723659738775,91.31654689664377,92.56573441449333,4916200
2020-02-19,92.0804672241211,92.9162554671852,92.05350741894354,92.2602106861581,6200500
2020-02-20,92.14334106445312,92.23320933341408,90.36392602689408,92.08043259052951,6427600
2020-02-21,90.09432983398438,91.7389461787608,89.53713550033312,91.66704880864246,5750900
2020-02-24,86.19400787353516,87.23649252956059,85.60086473229585,85.8614876104302,8364200
2020-02-25,83.48889923095703,86.95786797902859,83.23726532906741,86.58939915375481,9602100
2020-02-26,82.68009185791016,85.06163935338049,82.6711029715807,83.65068588615269,9308400
2020-02-27,79.57958984375,83.6327067345737,79.53465226935492,80.88269722307281,12825700
2020-02-28,80.5483627319336,80.62947341023943,76.7363327399175,77.52937749433211,16552400
2020-03-02,83.52228546142578,83.93683201644099,79.22361239323001,80.74661874468002,14102000
2020-03-03,81.94522094726562,85.59504381980007,81.62079194190544,83.57637292521777,14767600
2020-03-04,84.5226058959961,84.5496404943021,81.86409142885643,82.9815719127512,6904400
2020-03-05,81.62979125976562,82.62109887748949,81.0530302139796,82.24260073035504,8851100
2020-03-06,79.62915802001953,80.55738272566138,77.39420354021718,79.62915802001953,12336400
2020-03-09,75.79908752441406,78.1692146264731,72.92428937312873,73.79844472794174,13272700
2020-03-10,79.57508087158203,79.66519849774515,74.69062577734464,78.12416440109307,12755900
2020-03-11,75.699951171875,76.26769833047209,73.96065439969036,75.699951171875,16172000
2020-03-12,66.8682861328125,70.734391530763,65.78686103047008,70.50008711309313,21534800
2020-03-13,68.11193084716797,70.47304386540647,64.66938587830607,70.47304386540647,21859600
2020-03-16,60.19047164916992,65.7598252659037,57.108400536506004,58.829673033731716,17976700
2020-03-17,62.93910217285156,66.08426001700933,56.23425368784899,60.83933483593836,17122100
2020-03-18,61.31696319580078,61.57830909857664,54.07139538865676,58.388095945581874,19498800
2020-03-19,63.389678955078125,65.52550097739974,57.81131949679572,60.4157571286968,16177200
2020-03-20,60.7852668762207,66.74213373064794,60.55996936092628,64.44410319996557,15761900
2020-03-23,56.59473419189453,60.271587791327995,54.59409462778682,58.57735298032035,17690000
2020-03-24,65.18306732177734,65.48046163983904,57.67615378108058,59.2081738656772,18849500
2020-03-25,71.20301055908203,75.24033715657534,68.670662455529,72.19431799928147,27053200
2020-03-26,75.97032165527344,78.27736591295483,72.10421563326145,72.24840246159943,17200800
2020-03-27,75.00604248046875,77.26802430207343,71.65361477010498,73.62721608305114,14183400
2020-03-30,76.943603515625,77.46629539150489,73.44698861854786,75.69996372954627,10960100
2020-03-31,74.56446838378906,77.25903178502904,74.25806704414931,76.71831221419544,9610100
2020-04-01,71.40129089355469,73.15860874593112,70.77045373140676,71.63559535684857,9771300
2020-04-02,72.22135925292969,73.53709570403663,69.53581715597538,71.1940032996608,12731300
2020-04-03,71.06783294677734,71.90593979203659,70.2117053295432,71.51842787701278,8476900
2020-04-06,76.26770782470703,76.63719902786968,73.18563965059256,73.81647678087498,11266500
2020-04-07,75.8441390991211,80.08874235690716,75.72698002133417,79.93553486099603,10468100
2020-04-08,76.87151336669922,77.29506691117705,75.34849999487687,76.33079384083337,6642700
2020-04-09,78.21428680419922,78.75499946973616,76.74534946897583,78.12416917253215,7773600
2020-04-13,76.11451721191406,77.49333700451822,75.82613664663434,77.32211555595323,5077600
2020-04-14,78.82707977294922,79.09743261118095,77.03371383987283,77.45726730732252,6397200
2020-04-15,76.63719177246094,77.39418800649243,75.43860752637762,76.48399113588792,8053900
2020-04-16,77.772705078125,77.9799749420252,76.19562247008508,76.9886672492213,9373800
2020-04-17,81.02599334716797,81.33239463612261,79.62914614614014,80.20590717578851,8111400
2020-04-20,79.21459197998047,80.60242522292278,78.87213542457836,79.69222151721692,7244400
2020-04-21,76.7813491821289,78.31337558778755,76.68221777865267,77.49328977276244,6597000
2020-04-22,79.9986343383789,80.60243687181259,77.88083918532878,78.38551026740174,6463000
2020-04-23,78.71895599365234,80.68355073992613,78.63785218271066,80.15185186677058,5343500
2020-04-24,79.63815307617188,80.31404549385587,78.98929525510992,80.10676879386483,4450100
2020-04-27,80.53935241699219,80.98994741498817,78.68289634988565,79.64716937057567,6875100
2020-04-28,80.0256576538086,81.74692661080493,79.87245016113343,81.60273981688621,5145400
2020-04-29,79.3677978515625,82.3597481815174,79.15151419081002,81.10709471321161,9461400
2020-04-30,78.56571960449219,79.30469489554302,77.96192414575604,78.40350518082094,9371400
2020-05-01,77.08779907226562,77.60147713487464,76.42992729883709,77.20495130565556,6151200
2020-05-04,77.27704620361328,77.32210845598658,75.97933034124749,76.31277313242047,6348900
2020-05-05,78.58375549316406,79.78233969448117,77.52936497420085,77.98897374228733,6321500
2020-05-06,79.70124053955078,79.92653802468018,78.79103677447856,79.34977701279159,7342300
2020-05-07,79.80937957763672,81.3233789649742,79.64716511201007,80.56638270907229,4565900
2020-05-08,81.52163696289062,81.68385141878562,80.7375992801426,81.20622187518737,5488000
2020-05-11,81.94522094726562,82.38680219740884,80.33208974715117,80.6114564946143,4937600
2020-05-12,79.53903198242188,82.61208633253841,79.43990053155997,82.48592028153855,5622600
2020-05-13,77.52037048339844,79.07041857761155,76.78139486587067,78.74598958693741,6739800
2020-05-14,77.99800872802734,78.02504333192019,75.79910260427594,76.60116127226034,7431800
2020-05-15,78.39448547363281,78.61077593931265,76.49297476826867,76.82641741287655,9165000
2020-05-18,82.04434204101562,82.54900626308685,80.99895829468593,81.54868476895683,8517200
2020-05-19,82.46788787841797,84.54963430191746,81.84606466078746,81.87309925711347,6514100
2020-05-20,83.76558685302734,84.5856728486992,83.54028940923165,83.99088429682304,6347000
2020-05-21,84.94615936279297,85.05429774722282,83.2429110526919,83.70251293758494,7504300
2020-05-22,84.4865493774414,85.29762162657144,84.12607205832438,85.09034493353093,4049500
2020-05-26,87.07299041748047,87.80295220233575,85.86539210154135,86.49622930034188,7185200
2020-05-27,90.0018310546875,90.10996943425579,87.97415393138856,88.42474884767721,7915900
2020-05-28,88.73114776611328,90.74080406535052,88.54189873129351,90.2000846795425,7260700
2020-05-29,89.06094360351562,89.6662455717704,87.57026912479267,88.70860324034125,10332500
2020-06-01,89.9282455444336,90.14506879764535,88.437571031643,88.89832647581906,4295400
2020-06-02,91.01234436035156,91.13882513195286,89.27774501323225,89.8198064476214,10798700
2020-06-03,94.05691528320312,94.45443014357318,91.3556380368214,91.482118784633,5867700
2020-06-04,91.50020599365234,93.86721620204105,90.76842336767513,93.65039299669324,8775000
2020-06-05,92.79209899902344,94.58090894111949,92.26810340164661,93.95753463069934,8363600
2020-06-08,94.21955108642578,94.22858739649642,92.79211737340584,93.09928988164236,6165400
2020-06-09,92.7198486328125,93.74976750330318,92.53916377200859,92.89150407545615,5385900
2020-06-10,92.25909423828125,93.18963430769627,91.88868133695713,93.05411722446341,5194200
2020-06-11,85.98019409179688,89.4313270277095,85.71819624075587,88.88022928805171,10976900
2020-06-12,87.1185302734375,88.35624286677027,85.59171778367407,88.35624286677027,7416400
2020-06-15,88.39236450195312,88.60919456969928,84.41724309085598,84.83282371500943,8645300
2020-06-16,89.47651672363281,91.55442036833182,88.28397862107498,91.47311424193947,6054400
2020-06-17,89.63006591796875,90.56060577620623,89.34096608926697,89.4403448015723,3405500
2020-06-18,88.94346618652344,89.81980212810657,88.40140477820252,89.16029626399963,4392400
2020-06-19,86.53130340576172,90.32574770566735,86.53130340576172,90.31671139437172,10304000
2020-06-22,89.90111541748047,89.92821745408037,86.7481119011199,87.49796707957938,6918200
2020-06-23,92.07840728759766,92.3494414681663,90.98524803995903,91.3827630000769,6499000
2020-06-24,90.41609954833984,92.01518217975183,88.61825251117249,91.19305697614288,8611600
2020-06-25,91.6086196899414,91.86158124122608,89.25968213741682,89.6481607747998,11531400
2020-06-26,84.62504577636719,89.24161505171101,84.53470334425994,88.9886534847364,24918500
2020-06-29,86.61260986328125,86.73005433048702,84.65214402174493,84.65214402174493,9624200
2020-06-30,88.58209991455078,88.80795941775699,86.40481099515407,86.73004923118582,9065500
2020-07-01,87.99485778808594,89.18739560745662,87.73285995522694,88.98863815544742,5733800
2020-07-02,88.92540740966797,90.03663924235575,88.55499450121027,89.24160934817739,5354900
2020-07-06,90.29861450195312,90.3708911875202,89.47648960485107,90.00048523618615,4995000
2020-07-07,87.69672393798828,89.93725314826999,87.56120686323155,89.63911696234213,6352900
2020-07-08,89.29581451416016,89.4223021837914,87.59735344325473,88.08521082262537,5634600
2020-07-09,87.62443542480469,89.35904134085169,87.06430836731164,89.03380316238561,6282300
2020-07-10,88.52789306640625,88.58210403672427,86.47709171464109,87.63349132204041,3967000
2020-07-13,87.14563751220703,89.38616701276331,86.96495265091237,88.76279252373114,4845600
2020-07-14,87.41665649414062,87.85933915220524,86.28735907573181,87.02817790650062,4850600
2020-07-15,89.02477264404297,89.47649159988283,87.91354097989581,88.90732819689093,5343700
2020-07-16,87.8683853149414,88.74472131272724,87.66962784418357,88.0852085136385,3594700
2020-07-17,86.9830093383789,87.84127957202837,86.76618614882622,87.58831114275117,7405700
2020-07-20,86.41385650634766,87.04626042558769,85.92599910035429,86.27833941145742,5822300
2020-07-21,88.86216735839844,89.4403671603434,86.82039543064477,87.56121435767959,5855600
2020-07-22,89.35905456542969,89.4313243659191,88.45561657880607,88.68147607546199,4097000
2020-07-23,88.8079605102539,90.50642151389214,88.283964802125,88.85312827583978,4530500
2020-07-24,88.92540740966797,89.76560507067035,88.26589460133232,88.6634095484215,5638400
2020-07-27,87.82318115234375,88.89827425971573,87.53408135364073,87.59732171921068,4273400
2020-07-28,86.97399139404297,88.05812135610321,86.87461953455666,87.5883296380712,3822600
2020-07-29,87.60639190673828,88.13038764849718,87.00109004609554,87.11853451537851,6872400
2020-07-30,87.47087860107422,87.84129153918005,86.54937475041955,87.15467663725575,4018400
2020-07-31,88.18458557128906,88.22072391916524,87.00108397225578,87.534109094888,5509900
2020-08-03,88.8350601196289,89.70235977177825,88.37430481006413,88.56402596278258,5472700
2020-08-04,87.9316177368164,88.49174485710408,87.22693723536764,88.3471983686276,7539300
2020-08-05,91.19302368164062,91.47308722452097,87.70575284196268,87.74189118502532,7217500
2020-08-06,90.75035858154297,91.40987145780107,90.37091621625332,90.92201403413468,4060900
2020-08-07,92.02418518066406,92.06935983280412,90.24441141221882,91.24722803410742,5545600
2020-08-10,95.23139953613281,96.5142797967282,92.51204932190818,92.57528970397458,12678000
2020-08-11,94.96940612792969,96.96600330365095,94.73451031529042,96.53235002590806,5400700
2020-08-12,95.05976104736328,95.66506293961969,93.39743130561156,95.51148011191628,4714800
2020-08-13,96.23422241210938,96.65883941767189,95.04168440780126,95.13203373104184,4281700
2020-08-14,96.15290069580078,96.469102597796,95.27656478692512,95.87283713870282,2985700
2020-08-17,95.457275390625,96.21616010550312,94.96941797705226,96.21616010550312,3017000
2020-08-18,96.6407699584961,96.66787199734794,95.28561287442112,96.18001461995871,5023000
2020-08-19,97.92364501953125,99.09811718561188,96.98406866520374,97.29124117175552,9508100
2020-08-20,97.580322265625,98.23982802376716,96.98404998739751,97.17377110519253,4304000
2020-08-21,99.15232849121094,99.17039421988558,97.34545234558523,97.57131186378844,5564000
2020-08-24,101.031494140625,101.18507697822221,99.28785816341782,99.3782006036111,8173100
2020-08-25,100.74237060546875,101.43801481401243,100.36292141721472,101.18505328363291,4380900
2020-08-26,100.76042175292969,101.2663447404855,100.54359860007489,101.11276196107517,4477900
2020-08-27,100.1370620727539,101.89877026370058,99.82989646903019,101.17601712495045,4390800
2020-08-28,101.67179107666016,102.01585556187003,100.11443420305497,100.51282974968544,3731100
2020-08-31,101.30960845947266,101.8800327639009,100.63052894603015,101.53596829728683,3519800
2020-09-01,103.98064422607422,104.03497528061006,101.25527695057494,101.40919997119379,4912400
2020-09-02,105.75530242919922,106.30762089961175,103.67278948423858,104.17983323099645,6775400
2020-09-03,102.17882537841797,105.84585736958383,101.40920334178978,105.75531481961941,7264400
2020-09-04,101.77139282226562,102.99373466527356,99.78847826959313,102.27843669007227,5157600
2020-09-08,102.06112670898438,103.0752143804785,100.08726860959939,100.76634813588385,5300100
2020-09-09,104.03498077392578,105.22110408995981,102.16072163038203,102.33275040629404,5997900
2020-09-10,103.93537902832031,107.05009245940578,103.22008114581155,104.94041721316582,5032800
2020-09-11,106.84185028076172,107.97364954221047,105.41125435638142,105.7191073476318,8565200
2020-09-14,108.00080871582031,108.58934569754288,106.99577044603598,107.29456710093496,4990300
2020-09-15,107.99174499511719,109.08733265474778,107.91025877187981,108.3810841802547,5934200
2020-09-16,107.37606048583984,108.37204940188089,106.98672815605713,107.12253854646748,7023700
2020-09-17,105.35691833496094,107.33983262820887,104.8498745334908,106.24424498753366,7376400
2020-09-18,103.81768035888672,106.76035827960862,103.66375041760384,104.51486562675795,12876600
2020-09-21,102.649658203125,103.27440663656427,101.17378769032153,102.26936843865099,8486400
2020-09-22,105.81869506835938,106.11748479180552,102.17882515919668,102.40518498759896,13007200
2020-09-23,115.09040069580078,118.05119135103945,113.4153392163669,117.90631773372736,37822700
2020-09-24,112.95356750488281,115.47974431250367,111.64068311069325,114.48376233333009,13485800
2020-09-25,112.48272705078125,112.95355244632847,110.7080599473748,111.95757059993554,9182800
2020-09-28,112.56422424316406,114.25739838262922,112.17488503068616,113.3247969198914,7525000
2020-09-29,114.40226745605469,115.08134700989903,112.23826783044036,112.58233231752457,7796400
2020-09-30,113.66886138916016,115.24432398715183,113.32479690921728,114.17590523496109,8699700
2020-10-01,114.66483306884766,115.65176550374586,113.4605971349077,115.65176550374586,5637200
2020-10-02,114.66483306884766,114.80970667351126,111.90324042454232,112.59137623078709,7491100
2020-10-05,115.81474304199219,116.34894890793072,114.49279559796908,115.05417044532199,8270300
2020-10-06,115.57933807373047,118.10551476928168,115.23526668873052,116.65680623698469,5978000
2020-10-07,117.76142883300781,118.07833810276006,116.12258597059557,116.25839633425694,4390500
2020-10-08,117.44451904296875,118.54914210302486,117.26342015898422,118.06926045545706,3595600
2020-10-09,118.59444427490234,118.78459262073743,117.10047484755869,117.69806814485946,4293400
2020-10-12,117.21820831298828,118.92042524444648,117.03710935320878,118.78461484052272,5136500
2020-10-13,116.98274230957031,117.58938491790576,115.85999963164377,115.94149275208075,4245000
2020-10-14,115.58837890625,117.34493327601047,114.99984200739644,117.28154589636235,3586600
2020-10-15,116.80168151855469,116.89223098407983,114.18496222941876,114.5199772911805,4235800
2020-10-16,115.89624786376953,117.87916244010921,115.48880288055534,117.26345643906006,6010900
2020-10-19,115.38013458251953,117.50791563535999,115.03607012253875,116.89222352001138,5160800
2020-10-20,116.33991241455078,117.61657145677134,115.64272021447961,115.89624213888573,3799200
2020-10-21,117.19102478027344,118.95664281170207,116.30369796199662,116.34897269899145,4916300
2020-10-22,117.7252197265625,117.94251631282334,116.67490683994488,117.34493688469897,2869900
2020-10-23,117.69805145263672,118.25036994013054,116.4847523743362,117.70710087128516,4046300
2020-10-26,116.23126220703125,117.36306156268408,114.70107417559807,116.85601766189723,5422500
2020-10-27,115.88717651367188,117.24534240023218,115.8056902907733,116.60247440469243,2985700
2020-10-28,110.53605651855469,114.44755490702995,109.59439860363126,113.43346017373814,8618300
2020-10-29,111.24227142333984,112.4465073337152,109.69397107055161,110.71711497864108,4947000
2020-10-30,108.72516632080078,111.96664107575477,107.56620497796806,111.96664107575477,7791600
2020-11-02,110.81671905517578,112.36501948064864,109.64870149042528,110.798613308074,4740400
2020-11-03,112.80867004394531,113.63262305682825,111.54106065174555,112.28352054201389,3490900
2020-11-04,115.29864501953125,116.73829028902193,113.41533639697133,113.47871687598122,5061800
2020-11-05,117.43548583984375,118.07835388421091,116.31274984110198,116.97371672577175,3940000
2020-11-06,116.71111297607422,117.62561545430911,116.21313244480913,117.62561545430911,2954000
2020-11-09,116.75639343261719,123.45665245383194,116.59342099240115,122.28862803532195,7491700
2020-11-10,115.6336669921875,117.81577239268252,114.31172627373881,117.75239881783315,8014700
2020-11-11,115.58837890625,117.52601836429464,115.15376502323332,116.52098023602481,6058700
2020-11-12,114.66483306884766,115.75135747200999,113.75033743628124,114.64672732224155,4780400
2020-11-13,116.1497573852539,116.43950460557825,114.83687310594046,115.81474925067329,3986100
2020-11-16,117.80670166015625,117.99684998212324,115.3258000432756,117.21817167257,6116200
2020-11-17,119.7081527709961,120.06127359503228,116.90128501979927,118.14173261419909,7002900
2020-11-18,119.18297576904297,121.31074976824526,119.09242631549954,120.48681053099013,5572800
2020-11-19,119.43653106689453,119.61761620872501,117.64375085981384,119.44558048841729,4642800
2020-11-20,120.40531921386719,120.90331361259753,119.43650630716255,120.6950664334586,4318100
2020-11-23,121.44659423828125,122.13472322609174,120.50492950137303,121.67295409405025,6118400
2020-11-24,121.96263885498047,123.13066298154818,121.51898255689972,122.23427333668717,7204700
2020-11-25,122.7232437133789,122.95866678712285,120.98480181513202,121.55523302808623,4484500
2020-11-27,121.55522918701172,123.25745953638211,120.7312760867605,123.13974800322976,3506800
2020-11-30,121.96263885498047,122.496844585598,120.14271131458177,121.24734807519302,9652500
2020-12-01,122.6327133178711,123.59247686170968,122.0079579275852,123.53815270879937,3833100
2020-12-02,122.75946044921875,123.42949049674358,121.93550738048695,122.37917760578264,4132700
2020-12-03,124.0090103149414,124.90538665232567,122.23434266831154,122.32489215220822,4930900
2020-12-04,124.46715545654297,124.6576725395565,123.06089794966923,124.36735617944339,4344000
2020-12-07,125.88248443603516,125.98228371618316,124.11332796405381,124.29477742513022,4590800
2020-12-08,126.2181396484375,127.41573075419379,124.88446493689233,125.41975942163684,6953600
2020-12-09,125.91876220703125,127.53369970418088,125.44699640164045,127.53369970418088,4341300
2020-12-10,124.82097625732422,126.23630127281467,124.51251082445167,125.45605622021033,4511000
2020-12-11,124.666748046875,125.32904475755838,123.59617277613904,124.648598949078,4172400
2020-12-14,123.64151763916016,126.10926846041414,123.56893510398173,126.03668592523572,7599000
2020-12-15,126.46310424804688,126.50847006463958,124.52156635372957,124.68486668101905,7637000
2020-12-16,125.5104751586914,127.4610944865596,124.71209494494516,126.1727856125772,6573400
2020-12-17,127.47017669677734,127.68792433109635,125.88246986959328,126.94396362995175,8727000
2020-12-18,124.54879760742188,128.05082586396426,124.44899833675467,128.00546004207823,17970800
2020-12-21,130.66371154785156,134.22924004486495,129.2937388038097,131.38952299689532,16111300
2020-12-22,129.23936462402344,130.1647749919474,128.00548874802757,129.78372692132186,6339400
2020-12-23,128.61329650878906,130.2826670380886,128.55886307134386,129.33910797669725,3388300
2020-12-24,128.4681854248047,129.00346618517895,128.0145548461065,128.0145548461065,1821900
2020-12-28,129.22122192382812,129.66578495010157,127.96012925486608,129.32102122181976,4081500
2020-12-29,128.4409637451172,129.792773957542,127.40667277560748,129.58410777562452,3232400
2020-12-30,128.44998168945312,129.38445917659655,127.61530344092216,128.9761945981641,3052100
2020-12-31,128.3502197265625,128.64053605903064,127.35222705059914,128.5588858883713,2949900
2021-01-04,127.10726928710938,129.71110387897585,125.49234584446766,129.6022369909743,6178500
2021-01-05,128.13246154785156,128.52259095950924,125.74637463596389,125.74637463596389,4163100
2021-01-06,129.1486053466797,130.2554648438298,126.59012275184628,128.15061273655945,6072900
2021-01-07,131.50747680664062,132.13348910032946,129.73832065732697,129.9197700853097,5256900
2021-01-08,132.7776641845703,133.20407799834712,131.4621245476772,132.05185255407542,3950500
2021-01-11,133.4127197265625,133.45808554085147,131.37138267688485,132.4600930013057,4252000
2021-01-12,131.59820556640625,133.23127806996806,130.99034238191174,132.91373119516027,3678800
2021-01-13,129.77462768554688,131.67081399391046,129.2211978350716,131.39863288251652,3330100
2021-01-14,128.19601440429688,131.46214652190807,127.86031833590361,130.33715145811533,4104000
2021-01-15,127.66979217529297,129.175849030845,126.90769611960643,127.52462706648409,6412400
2021-01-19,126.35427856445312,128.12343523882214,125.57403333323036,127.91476902689864,6537800
2021-01-20,129.55686950683594,129.92884982766253,127.02560364372256,127.3612996169166,4654400
2021-01-21,128.47723388671875,130.47320536649514,128.04175247237043,129.20304547310232,4011200
2021-01-22,126.42683410644531,128.72220347817012,126.39053591161121,128.00545948910047,4150500
2021-01-25,124.79375457763672,126.27258060883597,122.24435335691152,126.1002126458087,5998700
2021-01-26,122.57096862792969,125.06593641844583,122.21713738593193,124.98427240590448,5312300
2021-01-27,118.86932373046875,120.53868041814495,118.18887807415159,119.95803401183574,7815900
2021-01-28,122.2262191772461,123.72319448755975,119.30483726374759,120.08508238058953,6244600
2021-01-29,121.20099639892578,122.5074544833611,119.89453831449045,121.5276109200346,7166100
2021-02-01,123.12439727783203,123.43286269753918,120.9378949297759,122.81591801442056,4366800
2021-02-02,126.6445541381836,126.88951847372559,124.06793633316828,124.34918501589623,7132800
2021-02-03,125.77362060546875,127.07099743542953,125.21110926555032,126.74438286001802,4678600
2021-02-04,127.5881118774414,127.9691598153432,126.03668956111659,126.60826838982102,4533700
2021-02-05,131.6526641845703,132.07001039895027,128.1869199951785,128.2322858207838,6151500
2021-02-08,130.11029052734375,132.35122608429253,129.5568608180628,131.68891565200852,6304300
2021-02-09,128.64051818847656,130.84516939594513,128.55886802915992,130.28267206238243,3436300
2021-02-10,129.2484130859375,129.3754290770388,127.83307424318828,129.23933161562007,4125700
2021-02-11,130.22824096679688,130.9631340231038,129.20304542596972,129.73832610629682,3828700
2021-02-12,128.93988037109375,130.14653870828354,128.28665158940154,129.8380734068453,3637000
2021-02-16,128.5679931640625,130.07403626320254,127.95104833771815,130.07403626320254,4873400
2021-02-17,130.63650512695312,131.15363665370595,127.20705994969785,128.19597103207133,6437100
2021-02-18,131.63450622558594,131.9066873171916,128.1143426635903,129.72018480102346,4486800
2021-02-19,128.84918212890625,132.00644582286634,128.37740263873255,131.94293092216745,7486000
2021-02-22,123.9953842163086,129.24843421822504,123.62340380879809,128.41374174742344,8985900
2021-02-23,123.5054702758789,124.14055034040072,119.37742909092643,123.41473861935845,10364100
2021-02-24,123.0699691772461,123.35123176181332,121.52762799453114,122.53468842246554,6360900
2021-02-25,122.97015380859375,126.27258340118877,122.05382515282011,124.83912315748891,5674300
2021-02-26,122.52923583984375,124.41109084738633,121.23830771912343,123.54742954140373,6650200
2021-03-01,125.13835144042969,126.50200952603632,123.18378039979913,123.31105459958185,5717800
2021-03-02,124.56564331054688,125.69292528710102,123.28380118703015,125.05655419197376,5292700
2021-03-03,122.05652618408203,124.92021745975205,121.95652400229321,124.62929697751105,4888400
2021-03-04,120.03829193115234,122.84743865163946,118.34735503619454,121.8201449307686,7181500
2021-03-05,121.22921752929688,121.52921012112235,117.44733552109476,121.4019359127621,5957100
2021-03-08,122.32925415039062,123.30200385522127,120.33831055567107,121.49287861628883,4983000
2021-03-09,123.59290313720703,125.4565723854185,123.13835033870913,123.19289445503279,5977800
2021-03-10,125.08381652832031,125.63837141209252,123.72925827505995,124.0928949092047,4519600
2021-03-11,128.35662841796875,129.27482012684652,125.96567612925622,126.52931719095828,5696500
2021-03-12,127.6838607788086,128.1020553995773,126.00202397857579,127.27476609074378,4143200
2021-03-15,131.76577758789062,131.82032170841165,127.88389250587619,127.9111645661367,5413900
2021-03-16,131.50210571289062,132.8657639700109,130.76573247354156,132.62031547146063,5623000
2021-03-17,131.6566925048828,132.86579086370548,130.18393185623037,130.18393185623037,5134400
2021-03-18,130.15663146972656,133.3294146268867,129.5929905043507,131.2475552844552,10188400
2021-03-19,124.99292755126953,129.87481993483382,123.1928885675113,127.27477749681069,24980400
2021-03-22,125.70203399658203,126.19294491228317,123.66563247814858,125.12020697300825,7537300
2021-03-23,124.65653991699219,127.85659511479908,124.13835700285279,125.90202386682505,5582600
2021-03-24,121.05652618408203,125.3838646025687,120.80197768133888,124.04747802724063,8157600
2021-03-25,116.94735717773438,117.62918645555976,114.03822170004987,115.50188243798911,18475800
2021-03-26,120.90192413330078,121.08374242689061,117.97460382941075,119.63826826585856,10010500
2021-03-29,121.35649871826172,121.73832136530547,118.78372847741659,120.8564879167107,7153900
2021-03-30,120.86555480957031,121.22920527659404,119.29280642125258,120.32009991680509,6026600
2021-03-31,120.81104278564453,121.98378290754964,119.92920924275401,120.99286113150997,6878900
2021-04-01,120.48377227783203,122.44744383704072,120.19286567934826,122.44744383704072,5720600
2021-04-05,122.83832550048828,123.34742233935627,121.00194245626426,121.00194245626426,5508900
2021-04-06,124.69292449951172,125.19293534214984,122.66560907134722,123.12926179445267,4670100
2021-04-07,124.12928009033203,125.67477080206329,123.9656477308413,124.53838873276175,6646000
2021-04-08,121.52924346923828,124.82930160335103,121.28379491766536,124.80202954206514,8748400
2021-04-09,123.13835906982422,123.18381712726732,121.36560580435562,121.76561451489243,6056800
2021-04-12,124.22018432617188,124.45654678011813,122.02015051500253,122.50197535656419,5638200
2021-04-13,121.40196228027344,123.6292822181059,121.27468804427026,123.27473156982198,8778200
2021-04-14,120.23829650878906,121.98377752135667,119.83830171428711,121.40195051716748,7354100
2021-04-15,121.52013397216797,121.88378450560694,120.62011450773718,120.91103493448836,6284800
2021-04-16,122.10197448730469,122.5201691791488,121.57469155926253,122.46562506104978,6852500
2021-04-19,120.52011108398438,122.16558965961698,120.1382746038557,122.09285956206142,5613600
2021-04-20,115.55641174316406,118.09281022782248,114.27456953597574,117.42916703328862,13268700
2021-04-21,118.0927963256836,118.48371889551917,115.79276750651916,115.99276488598065,7110900
2021-04-22,117.4382553100586,118.52009319871843,116.34733829514693,118.08372639275376,6442900
2021-04-23,118.35645294189453,118.77463372371862,116.78370423556964,117.21097107896392,7489000
2021-04-26,119.6382827758789,119.72918499777535,117.56552345950307,118.62917517144474,8217800
2021-04-27,120.10193634033203,120.72012146395069,119.46556522135693,120.00193417364665,5833100
2021-04-28,118.82919311523438,120.30193967432079,118.50191456078741,120.23829562702699,8195400
2021-04-29,121.14737701416016,121.92920818982725,119.30189421668678,119.79281888634945,6612500
2021-04-30,120.56558227539062,121.71106422877948,120.0473992879749,120.40194992310697,5643600
2021-05-03,120.93832397460938,122.22925233794923,120.53831526757563,121.24741656755313,5053000
2021-05-04,119.59283447265625,120.53829811412967,118.62008490335768,120.21101957057168,6129500
2021-05-05,120.19286346435547,122.02016081747554,120.07467529147836,120.63831635255146,6234200
2021-05-06,121.35649871826172,121.67467732154029,119.94738241274489,120.54739537460611,5201000
2021-05-07,125.28386688232422,126.69298363324106,122.47473331639,122.72928182821136,10566700
2021-05-10,124.00199127197266,126.27475514332004,123.91108904022865,125.4565656983749,5669300
2021-05-11,124.65653991699219,125.8020217083983,122.73832678487841,125.8020217083983,8045400
2021-05-12,121.26558685302734,124.38382605386273,121.2201288018721,123.11106998076374,5865100
2021-05-13,121.465576171875,122.75650420844434,120.44738253668743,121.54739233073516,6284300
2021-05-14,123.5747299194336,124.2565591876852,121.86562065320888,122.12925519998464,4367900
2021-05-17,124.01109313964844,124.61110614028654,123.18380374833077,123.93836303000897,3934200
2021-05-18,123.23834991455078,124.97474489749821,123.1383477461127,124.0383672620554,5664700
2021-05-19,120.87468719482422,121.79287886087167,119.9655815909493,121.34741212110671,5582300
2021-05-20,121.15647888183594,122.01104016562097,120.17464339866893,121.6201176356173,4934800
2021-05-21,120.60196685791016,121.97471148659939,120.37469043033465,121.66561887434125,5329700
2021-05-24,121.87466430664062,122.13831263352473,120.73828258832293,121.00193091520704,4313200
2021-05-25,122.11107635498047,122.8838078267031,121.68379559397157,122.67471741339594,4885800
2021-05-26,124.44746398925781,125.3838416396855,122.72925497448898,122.91107331859962,6781500
2021-05-27,124.14743041992188,125.73836485986754,124.05652820360488,125.04744975409908,12882300
2021-05-28,124.306884765625,125.11762085039219,123.9698274967869,124.10647684356192,4153500
2021-06-01,122.530517578125,125.75525251942497,122.25724673550584,125.57306732439908,5577900
2021-06-02,122.22083282470703,123.42328044118223,121.63783171061563,122.60342600271923,5226100
2021-06-03,122.22083282470703,122.69452557360722,120.70866890696144,121.33721980649683,5027400
2021-06-04,121.8291015625,122.9222266116803,120.49912325444058,122.52141085035173,5217100
2021-06-07,122.02041625976562,123.15909131612746,121.56494623722088,122.06596604198849,3765000
2021-06-08,121.47383117675781,122.72181428857732,120.61754551761443,122.69448720582497,4915200
2021-06-09,120.09832763671875,122.88580184460396,119.74306158865184,121.71979974326429,6448100
2021-06-10,119.3149185180664,120.76332369663469,118.59528202669846,119.78861121482589,6584100
2021-06-11,120.1894302368164,120.23498001845707,118.90500145369577,119.78861439812556,5414500
2021-06-14,119.66108703613281,120.28963790255044,118.5406346524296,119.97080332108455,5743600
2021-06-15,118.68635559082031,120.01633398468266,118.26733101319029,119.82503048631067,5168100
2021-06-16,118.78653717041016,119.48796466591038,118.0577964943884,118.69545153582614,7915500
2021-06-17,117.43839263916016,118.31290122588554,116.47279838496577,117.72990013468277,8568100
2021-06-18,116.97380828857422,117.5385866384649,115.39787903663655,115.39787903663655,9784800
2021-06-21,118.49507141113281,119.11450391068334,117.23796982107471,117.72988518233252,6288500
2021-06-22,120.68133544921875,120.87263897805428,118.54063464471166,119.17828990775968,6043800
2021-06-23,121.24610900878906,121.7926646213216,120.43537303533503,120.98192864786758,4566000
2021-06-24,121.70159149169922,122.81293942132689,121.06392236170448,121.97486237616378,11420500
2021-06-25,140.60360717773438,140.82222390145466,137.07825960947685,138.83638119516854,46285400
2021-06-28,138.79083251953125,140.33032349395486,138.01652788392465,140.21189683443222,13133300
2021-06-29,142.06112670898438,142.47104703430574,139.29187451362137,139.61069525560694,10279900
2021-06-30,140.7311248779297,141.50541553403045,139.84751197050082,141.0043957566469,10281800
2021-07-01,143.9285430908203,144.11984663744178,140.18457853417294,140.34855498839758,9011500
2021-07-02,145.51353454589844,145.72304681642416,143.60055532853139,144.11979770747115,6396700
2021-07-06,145.85060119628906,146.15121305858202,143.80098623507075,145.6775203755894,6671000
2021-07-07,145.89617919921875,147.116835676298,144.1836072523744,145.89617919921875,5408300
2021-07-08,146.32431030273438,146.49739114286066,143.33642793589658,144.08339157768472,6081600
2021-07-09,146.66134643554688,147.53585498985078,146.21498081201733,147.2898972871025,5002300
2021-07-12,147.40835571289062,147.96401591319344,146.39721149458396,147.24437924243406,4992200
2021-07-13,147.19879150390625,147.85466941696234,146.6704446350643,146.98017479944843,5747700
2021-07-14,147.1532440185547,148.23726486119986,146.9710587953851,147.4538558917132,4928000
2021-07-15,147.2899169921875,147.7544914707831,146.1056920018243,146.5338349898775,6432500
2021-07-16,145.61375427246094,147.2989848134962,145.42245077004617,147.2261079506639,6603700
2021-07-19,143.81008911132812,144.67549320568185,142.65320535332847,144.06515119181947,7377100
2021-07-20,145.51353454589844,146.1420713574756,142.63496132542113,143.25439374257155,4629200
2021-07-21,146.7342071533203,147.05302779230774,145.75949474592812,146.205860320319,5393100
2021-07-22,149.10264587402344,149.16641834310127,146.5975609858187,146.76153740641834,4851500
2021-07-23,151.54396057128906,151.62594182538152,149.14818421398581,149.7129763973596,4217700
2021-07-26,150.38705444335938,151.6988100333898,149.23017085756874,150.95184659452397,3858800
2021-07-27,149.91336059570312,150.8607318151379,148.10058549813385,150.1410955320885,4359000
2021-07-28,150.72410583496094,151.1249076721898,149.4670044595845,149.84049311456423,4093600
2021-07-29,152.11788940429688,152.15432089167183,150.660379712133,151.12495415033698,3605600
2021-07-30,152.59152221679688,152.91946110363315,151.53484260351414,151.75345926151272,5364400
2021-08-02,153.7211151123047,154.84156734827906,153.06523724250496,154.00350427016616,5532500
2021-08-03,155.9802703857422,156.2262281062036,153.4843033923647,154.1492857774788,5718100
2021-08-04,156.5996856689453,156.9913831643374,155.73429552112358,156.09866593078323,4646200
2021-08-05,158.366943359375,158.50357881565822,155.93472103879017,156.14424727154835,3824000
2021-08-06,157.41043090820312,158.8497177407825,157.31933135050735,158.83149504927513,4088700
2021-08-09,156.4720916748047,157.64719758798546,156.33544240128674,157.1370736597881,3612800
2021-08-10,156.92762756347656,158.4671182880888,156.162427448985,156.28085408929067,3747100
2021-08-11,156.01666259765625,157.79299241812137,155.71605079729474,156.68164475611997,4078300
2021-08-12,155.4427947998047,156.06224120283875,154.3861011062906,155.67052979065647,3997100
2021-08-13,156.39927673339844,156.42660381894913,153.74843823626014,155.26970623122267,2966200
2021-08-16,157.0095977783203,157.04602925747622,154.55006289003407,155.49743424632112,3530200
2021-08-17,155.4610137939453,156.408385217429,154.29501178050057,156.2626314907883,3602900
2021-08-18,153.77574157714844,156.49945651513048,153.63910617049294,154.63202719175726,5487400
2021-08-19,150.84255981445312,152.618890135175,149.73121183946975,152.09055713708716,7336300
2021-08-20,152.84658813476562,153.0469960095822,150.68766518314226,151.46196959946425,4039100
2021-08-23,154.60472106933594,155.67962348031216,154.1128057390141,154.35876340417502,3796500
2021-08-24,154.84158325195312,155.65231932708122,153.84866194979975,154.49543549055764,3133100
2021-08-25,154.71401977539062,155.4883242027582,154.4316306477132,154.859773486398,3003800
2021-08-26,152.05409240722656,154.42254180010985,151.46198700892592,154.29501076509862,4069600
2021-08-27,152.90721130371094,153.3543134201004,151.72103252844752,152.62435617972474,3012400
2021-08-30,153.31784057617188,153.66457347187188,151.9856812071401,153.19009907608967,3537100
2021-08-31,150.31590270996094,152.99847411080478,149.8231755690456,152.87986595840414,7545600
2021-09-01,150.15167236328125,152.03130339801675,149.71370346265851,150.4801525194434,4706500
2021-09-02,149.33958435058594,150.9454794507917,148.53662983909356,150.77212692924584,4632100
2021-09-03,148.99282836914062,149.79578275618098,148.0165214874228,148.91071183122338,4254500
2021-09-07,148.39974975585938,149.5129314856529,147.73367017090987,149.36693724373112,5648800
2021-09-08,146.6387176513672,147.89787949807956,145.76276626329448,147.8157629712282,6591700
2021-09-09,149.03846740722656,151.6024305451008,148.91072591745703,150.7903566623992,8414800
2021-09-10,149.2665557861328,151.15531958988035,149.12969489721317,149.8687715429314,4252100
2021-09-13,145.55294799804688,148.65524941200252,144.46713832632878,147.41432606186453,8814500
2021-09-14,144.85948181152344,145.4343255002401,143.31746445190768,145.23358687633203,5323900
2021-09-15,144.08392333984375,144.45802843040426,142.04004535698658,143.70981824928324,6827100
2021-09-16,143.80104064941406,145.08757486165192,143.43605504935113,143.79190730767684,5085900
2021-09-17,142.72433471679688,146.90332539568035,142.40498801525416,144.12950475646636,7944800
2021-09-20,140.74435424804688,141.67505014858344,138.9833456719931,140.26987991719605,7041200
2021-09-21,141.44692993164062,142.4597423057167,140.13300967091743,141.51079370729377,5857900
2021-09-22,143.65505981445312,144.1660257794446,141.9761676658302,143.0619633800479,6844800
2021-09-23,145.60769653320312,146.25552344851818,144.41239809491324,144.8138753553909,11981500
2021-09-24,136.4923858642578,138.55451657178122,135.04160440167982,137.8154258255292,26913300
2021-09-27,135.07810974121094,136.7843883026747,134.39377721689033,136.41940260270184,11479300
2021-09-28,132.5779571533203,134.61270093727225,132.3042214967034,134.4393345573224,10692300
2021-09-29,133.23492431640625,134.98681312096858,132.93381647023193,132.95206922772647,7794900
2021-09-30,132.5141143798828,134.567111461244,131.77503765823718,133.1072107792759,10133600
2021-10-01,134.1838836669922,135.04158243170275,131.7294094343392,132.50499165930782,8112300
2021-10-04,134.25692749023438,134.69489644398692,132.99775108506606,134.18393034414527,7951000
2021-10-05,136.37374877929688,137.7789049956146,134.87734268592445,135.04157575729113,10881900
2021-10-06,135.7715301513672,136.3737459126056,134.59447080687605,135.0415729186033,7610700
2021-10-07,138.5544891357422,140.20600890517136,137.10369403766575,137.1401995581129,7958000
2021-10-08,139.1293487548828,139.4852010805449,137.47782863007214,138.89211851203464,6333700
2021-10-11,137.1219482421875,140.14213268188678,136.92120964594372,138.6822320724865,5551200
2021-10-12,139.92318725585938,140.15129808351955,138.05267568449,139.07460773711793,7408600
2021-10-13,142.6148681640625,142.9524676767226,139.7497972091908,140.80823461233518,8456300
2021-10-14,143.38131713867188,144.58574878888382,142.5692432858269,144.33025189596017,6024500
2021-10-15,144.17514038085938,144.46712887839803,142.85210056798482,143.98353511178027,5532100
2021-10-18,145.4708251953125,145.50733072320577,142.2955264847947,143.5364499003549,5765300
2021-10-19,144.0017852783203,145.9270269678097,143.07108936266152,145.6989161792604,6198200
2021-10-20,144.57659912109375,144.89595975910274,143.54554793756614,144.62222405834876,4487000
2021-10-21,147.97999572753906,148.12598994572028,144.4214736767154,144.57658731249234,6121700
2021-10-22,149.16619873046875,150.20638333991982,148.07126976095878,148.07126976095878,5323000
2021-10-25,149.8414306640625,150.3067717063659,148.41802143087182,148.9381068401781,3878200
2021-10-26,149.44903564453125,150.96369439438078,148.83770049380837,150.38886476109613,4711200
2021-10-27,148.13514709472656,149.6954170436369,147.50555911005927,149.32131202046108,4163900
2021-10-28,150.0604248046875,150.18816630429473,148.55488507062475,148.737370938238,3762000
2021-10-29,152.64260864257812,152.95284989530595,148.72823364984066,148.7829780112698,6740600
2021-11-01,151.7666778564453,154.02041365540381,151.36520062416116,153.10797046304094,3610800
2021-11-02,153.13534545898438,153.43645338873063,151.5659420254589,152.15902454228186,5038000
2021-11-03,157.396484375,157.73408397315205,153.88357176331505,154.20293251811594,7176700
2021-11-04,160.0790252685547,160.25239169123878,156.94021866755915,157.13183785125665,5460100
2021-11-05,161.96778869628906,163.4185839770345,160.13378286203522,160.3436409013112,5892200
2021-11-08,156.80337524414062,161.0827223140683,155.44382981404212,160.90936979483968,8301100
2021-11-09,158.60089111328125,158.70124650410045,155.98216953950288,156.25590529684146,4343000
2021-11-10,153.5276641845703,157.09531988880474,152.87983740905761,156.23762118520096,8185200
2021-11-11,152.35064697265625,154.75037711884042,152.04041961644091,154.75037711884042,4994900
2021-11-12,154.2849884033203,154.82332644886358,152.7429574569543,152.8342073289475,5126300
2021-11-15,154.06602478027344,155.44380886495767,153.76491688306888,154.84159307054856,3856700
2021-11-16,156.78512573242188,158.76512591941906,154.4310204704694,154.4310204704694,4401000
2021-11-17,156.70301818847656,157.61546149333435,155.3434726520377,156.57527668270768,3940200
2021-11-18,156.3471221923828,158.27237758486493,155.4437985606501,157.24131248303854,4044200
2021-11-19,159.568115234375,161.6849768017531,155.5989806517156,157.0771345876771,6145600
2021-11-22,158.98411560058594,162.1867863698664,158.97498225758153,159.6593146895219,5906400
2021-11-23,157.0770721435547,158.2449981832162,155.4894300798649,157.89827927701387,5302100
2021-11-24,156.9676055908203,157.33257730870451,152.98935260565688,153.73756272693163,4637600
2021-11-26,153.30873107910156,154.8233764144652,152.87074825951623,153.34522268601023,4751100
2021-11-29,154.99668884277344,156.16461477564312,154.41272587633858,154.96019724858547,5448700
2021-11-30,154.42190551757812,156.5296472639787,152.86162138479435,154.01129490389116,11033700
2021-12-01,152.10430908203125,158.19030477272608,152.0860563160021,155.92744908244768,6618200
2021-12-02,155.11537170410156,155.61721833828864,152.37804161520563,152.63352464301346,4398900
2021-12-03,155.61351013183594,157.28628385886418,152.4324909388965,155.9608522212389,4878500
2021-12-06,154.39779663085938,156.5001907800303,153.62082033188227,156.1528347007978,5636900
2021-12-07,156.5732879638672,158.4563108648404,155.75975456328894,156.40875970091486,5898700
2021-12-08,155.62261962890625,157.03030121127873,155.24784227821664,156.50928119136768,5614400
2021-12-09,153.6573944091797,156.46362263346833,153.5568446973633,154.74514172162583,5171600
2021-12-10,154.534912109375,155.61353759790305,152.95355199127738,154.0230277207055,4791100
2021-12-13,152.50563049316406,154.83654533195502,151.06137743206145,154.3063754274134,5972300
2021-12-14,151.18934631347656,152.72501324698385,150.1015990891695,152.00287975305187,4872200
2021-12-15,149.8182373046875,151.4361685432289,147.91695644148584,150.8237344467874,7144600
2021-12-16,148.7395782470703,151.68292645214333,148.56590025549787,148.7212926827472,7138100
2021-12-17,147.4964599609375,148.86758470749513,146.75605482944474,147.74326632070247,7705100
2021-12-20,143.49276733398438,145.8876746439906,142.1125068145417,145.65000410112637,8411900
2021-12-21,152.3136749267578,156.48189172717693,150.55863700804457,152.3685176823736,13862900
2021-12-22,151.22593688964844,154.4800710662595,149.9919189085184,152.87128954855396,5811300
2021-12-23,151.43612670898438,152.7981153801605,151.22589152746036,151.96629651492276,3876900
2021-12-27,153.18203735351562,153.28258704572036,151.2624573924434,152.21311156379736,3769300
2021-12-28,152.12168884277344,153.7944623807397,152.01200334775908,153.3831278266364,2658600
2021-12-29,154.27894592285156,155.2113145988216,152.28625144144644,152.71587161822669,3830900
2021-12-30,153.0998077392578,155.50383718930559,152.83471578741538,153.84934874736368,2666800
2021-12-31,152.3502197265625,153.3100097152005,151.92974933582994,153.16375308024985,2752000
2022-01-03,150.52207946777344,153.48371406873886,149.2789257529265,153.13635798806314,5670500
2022-01-04,152.09432983398438,152.81644955192695,150.8237545204816,151.62815234122183,6064200
2022-01-05,148.3100128173828,152.66104422767253,148.17290590391517,152.18573096244867,5021000
2022-01-06,147.20396423339844,149.16925164018576,145.39408325717983,148.16375446017327,4144600
2022-01-07,143.48362731933594,147.29535222563825,143.3830776190248,146.95714593722866,5108000
2022-01-10,137.51466369628906,138.3281970967892,135.99728240391312,137.58779201797236,10439000
2022-01-11,137.38670349121094,137.88030226687846,134.9186817172687,137.551231767166,8175400
2022-01-12,139.1326141357422,140.2752181696321,137.78891067606338,139.05948580383685,6351200
2022-01-13,136.73770141601562,140.40318394446496,136.21668124915783,140.0375422987903,4990900
2022-01-14,135.44883728027344,136.0521355192539,134.23311893963407,135.64080088278624,6030500
2022-01-18,134.32452392578125,136.0430048111594,133.7303754227998,135.3391568392839,6931000
2022-01-19,132.64263916015625,136.28983684915585,132.56037500384483,135.06495452580666,4823800
2022-01-20,130.46710205078125,134.71759765197373,130.25686680273034,132.96255943615762,5366500
2022-01-21,130.66818237304688,133.7852092350663,130.5767824275184,131.9204857622235,7553400
2022-01-24,133.45616149902344,133.7395250897357,127.56946282865071,128.71206695107387,9733200
2022-01-25,132.9808349609375,135.24777159387406,130.26600643630798,132.51465749780678,8195400
2022-01-26,131.61883544921875,136.17096554988672,130.46708177410636,135.08320438908132,7444600
2022-01-27,132.21295166015625,134.69012248545468,131.2440260063563,132.53288625805547,6396400
2022-01-28,133.3739013671875,133.48358690294674,128.52925695262152,131.73768440382085,6130200
2022-01-31,135.34829711914062,135.448832874565,132.743154593245,133.7029446789856,6932200
2022-02-01,135.48541259765625,136.8199662547283,134.1874161314371,136.65543797418627,6695000
2022-02-02,135.9332733154297,136.61883548598848,134.85464824756218,135.60420291564955,5491700
2022-02-03,132.825439453125,135.70481015961647,132.51465448477094,134.7358701647063,5240200
2022-02-04,132.8985595703125,133.8949069384307,131.29891392601513,132.88027400042137,4313400
2022-02-07,132.67001342773438,133.56581091208383,131.82905869478176,132.81627006332627,3877500
2022-02-08,131.19834899902344,132.99909385989216,130.07403066765414,132.3043957104236,5829400
2022-02-09,133.69378662109375,134.69928359093294,133.1544809499077,133.55667973784338,4551000
2022-02-10,132.37753295898438,134.86382637916873,131.49087115764632,131.59142086546206,5142600
2022-02-11,128.1361541748047,132.5968838845295,127.5694271518742,132.32265618227913,6710500
2022-02-14,129.425048828125,130.90587323264353,127.77969612743999,128.04478809055803,6841200
2022-02-15,133.0722198486328,133.74864636626538,131.7193807611689,131.8290662702656,7820200
2022-02-16,133.90402221679688,134.32449258139928,132.1855417324231,132.56031910576837,4817500
2022-02-17,130.53109741210938,134.28798031525037,130.3848407373282,133.03567671566725,5202300
2022-02-18,130.66818237304688,131.57312970493047,129.62612814896963,131.05209561899093,5177400
2022-02-22,126.31717681884766,129.4707614981762,124.46158878631097,129.4250545423995,9604500
2022-02-23,125.0739974975586,128.85830113251816,124.78148419833381,127.66085445289546,7636600
2022-02-24,125.38478088378906,125.61330166558815,119.68089714887518,121.57305591711642,8417200
2022-02-25,126.874755859375,127.25866914449539,124.48899805713855,126.26232176541127,5424500
2022-02-28,124.81806945800781,126.49084346424704,123.43779483628839,125.28424689011906,6613300
2022-03-01,120.8600845336914,125.00088040684717,119.88200879278378,124.97345902605566,6534000
2022-03-02,124.02281188964844,124.87291658710897,121.3628401633198,121.55478984004054,7743900
2022-03-03,122.45973205566406,125.04658928332854,121.9844048682853,124.99174652090085,4576500
2022-03-04,120.18304443359375,122.41849906239817,119.74328722158246,121.40155089862664,7084500
2022-03-07,114.00807189941406,120.0456222173745,113.76070235663083,120.01813826591297,11383400
2022-03-08,111.04883575439453,114.95171737400366,110.67321012580943,114.74099544346988,9089400
2022-03-09,116.3076400756836,118.78129333137943,116.01446630471361,116.70159298571957,8845100
2022-03-10,115.46477508544922,115.98699112289367,113.60495317998591,113.62327348401266,7167400
2022-03-11,112.34978485107422,117.15051471294348,112.23984906129078,116.36260893369828,5882000
2022-03-14,107.71397399902344,112.18487557794985,106.96271580359289,111.34200189328413,13884900
2022-03-15,109.39056396484375,110.32505313235936,107.8788839384442,109.7936735126869,10431300
2022-03-16,114.69520568847656,115.53807953752526,111.70849262618687,112.55136647523557,11100400
2022-03-17,116.72908782958984,116.72908782958984,113.33009491613024,114.46614943273306,6845300
2022-03-18,120.2380142211914,120.43957250217578,116.07859949138114,116.21602622748996,10350900
2022-03-21,119.27603149414062,121.21830509136932,117.83763960891251,118.84543099216967,14388500
2022-03-22,121.93292236328125,127.34748422012555,121.84131385593612,125.7716725056501,19731200
2022-03-23,121.85047149658203,124.04927140542068,120.2013645751386,121.52065011229334,8068800
2022-03-24,121.00760650634766,122.94072370839136,120.20137329082084,122.53760710062795,5853800
2022-03-25,122.49177551269531,122.6475225435354,120.66860840255781,121.89627133715214,6287000
2022-03-28,123.50875091552734,123.55456216525968,121.09006511374537,122.54677058967107,5804100
2022-03-29,127.4757308959961,128.03459444344952,125.46931891448901,126.29387925216935,7275900
2022-03-30,126.92601776123047,128.13536727182782,126.02817626312493,127.32913426476291,5545800
2022-03-31,123.27970123291016,127.08181105795806,123.22473332838919,126.27557784597107,7206500
2022-04-01,122.32687377929688,123.93932598870998,121.62141982159149,123.17890413449234,5807500
2022-04-04,123.078125,123.87520143832604,121.72219896070368,121.89627328608094,5307300
2022-04-05,121.20915222167969,123.38962476869406,120.952626039678,122.80327721274328,5707800
2022-04-06,117.59944915771484,119.37681919035099,115.73962727316358,119.14777694861188,6961000
2022-04-07,118.53395080566406,119.08364382304403,116.43591594738605,116.74741704501248,5320500
2022-04-08,117.40703582763672,119.03781530799213,117.15967330671889,118.58890150586642,4877400
2022-04-11,114.5028076171875,116.234366512185,113.89813270664744,114.61274342651119,6365400
2022-04-12,114.55777740478516,117.36125941547282,113.9164548839911,114.70436081623104,5146800
2022-04-13,116.80239868164062,117.1413837710102,114.55778714259917,114.55778714259917,5119300
2022-04-14,122.27190399169922,123.11477767764916,118.08500553015301,118.25907985283473,12811300
2022-04-18,120.5953369140625,122.20778941459791,119.3859870539382,120.93431499017446,5298200
2022-04-19,125.56097412109375,125.9549201118548,121.6489282691214,121.93293844471762,7346100
2022-04-20,124.47987365722656,127.02682227907385,124.28748600184556,126.39467743176438,5309700
2022-04-21,124.10424041748047,127.47573512539392,123.75609177582274,126.93519885096661,6562400
2022-04-22,118.24994659423828,123.61868383405759,117.92012517537812,123.06899078904422,7321700
2022-04-25,117.21466064453125,118.13082961754822,114.38369488320527,117.08639754749404,6512500
2022-04-26,110.41667938232422,116.89399361465453,110.3800387751605,116.3076460426331,7977900
2022-04-27,111.07630157470703,113.60492937933012,110.93887485894683,110.93887485894683,6007800
2022-04-28,116.39928436279297,117.24215823849599,112.32232776455463,112.84454386035056,6551600
2022-04-29,114.24625396728516,117.68188718991578,113.83398077649495,115.63883454782044,5867900
2022-05-02,115.51058197021484,115.60219746651964,112.50554895660606,113.99890181683568,5428400
2022-05-03,112.56053161621094,115.21742329632745,110.1418458495737,114.53945315717993,8201200
2022-05-04,115.49226379394531,115.62052689685989,110.01357699855178,112.26735193666983,6924000
2022-05-05,108.68511962890625,114.29207609895151,106.75200259221579,113.70572853225828,8411600
2022-05-06,104.89218139648438,106.18398297439747,101.38325962127357,104.2050546822279,11237500
2022-05-09,101.88714599609375,104.83721107281568,101.31911874243826,103.49960527209232,7506000
2022-05-10,100.31134033203125,103.93021202105437,99.26690824705106,103.55457938163826,7526900
2022-05-11,98.87294006347656,101.8321685080043,98.57060266710607,101.41988833391355,6611800
2022-05-12,98.8546371459961,100.66864786359143,96.19774563061613,96.36265633128977,10245400
2022-05-13,103.53627014160156,103.62788565203991,99.56009268227561,101.01680516056231,9618800
2022-05-16,103.1606216430664,103.93020719033171,102.20780510302163,103.50877031508746,5722500
2022-05-17,106.1839828491211,107.28338279470863,103.59122303949681,105.8175138706538,6026100
2022-05-18,100.20140075683594,103.85691291671823,99.66085744066682,103.06900705912554,8188300
2022-05-19,97.51703643798828,99.96320613695772,97.37044603409646,99.81661573306592,7702000
2022-05-20,98.94625091552734,100.49457874529806,96.2618754953561,99.56008246124408,7621900
2022-05-23,99.52342987060547,99.63337266021887,96.9489973747004,98.46067753026658,7136400
2022-05-24,98.29579162597656,98.93710725255958,95.95040077468315,98.13088089488149,6023400
2022-05-25,99.12948608398438,99.76164495036599,94.78684684620858,94.78684684620858,7158800
2022-05-26,103.47213745117188,103.98518989585546,100.77859813695243,100.77859813695243,6520300
2022-05-27,106.26644134521484,106.28476863968226,104.45243062257107,104.64482527558997,5043000
2022-05-31,108.88667297363281,109.74787398117094,104.85552839321295,107.64984634970538,13774600
2022-06-01,108.73094177246094,110.62741140262767,107.75064118082528,109.78453756473469,5543100
2022-06-02,113.06442260742188,113.22016966394695,109.26231975984307,109.49136201584402,5838100
2022-06-03,111.08516693115234,112.54548822576675,110.21265289855812,110.40552420027478,5201500
2022-06-06,110.42390441894531,112.17811895332348,109.68915054673663,111.59031865840943,3963400
2022-06-07,111.7464370727539,112.02197149084716,108.79824963053385,108.98194157830648,5373600
2022-06-08,112.41693115234375,113.72111280597737,110.62597095938497,111.03927269951387,4365800
2022-06-09,108.92684936523438,112.07709499231265,108.9176630144711,111.45255627592844,3892600
2022-06-10,105.37248229980469,107.53999133264156,104.94081496030893,107.53999133264156,6292600
2022-06-13,101.43238830566406,102.88351635565228,100.33025748715018,101.38646356055138,6423100
2022-06-14,101.6895523071289,102.76412409802916,101.03746155349373,101.36810010563727,4548400
2022-06-15,104.18770599365234,105.36330660736442,102.13958426307444,103.01210537994027,4828700
2022-06-16,98.38317108154297,100.9364299360735,97.09735530387897,100.5782393489779,7384800
2022-06-17,98.58522033691406,99.69653748397486,97.21674844654007,97.49228289752132,10256800
2022-06-21,99.81592559814453,100.86294523321587,99.22812534712665,99.61386794801993,6211400
2022-06-22,96.36261749267578,98.18112978249852,96.0779036470433,96.80347129258638,9884000
2022-06-23,99.19140625,99.28324874324932,95.89421379455814,96.44527576118708,8898400
2022-06-24,103.70093536376953,103.72848740851276,100.67008431362986,100.96398446944508,10463700
2022-06-27,101.48750305175781,103.97647174275943,100.88132998684834,103.08558484822262,12644700
2022-06-28,94.39713287353516,104.74794142994759,94.12160545494578,99.37506917831071,31296500
2022-06-29,94.82880401611328,96.99632009705213,93.24908819368682,94.59000797136393,10326600
2022-06-30,93.86444854736328,94.94820668081154,92.56026704984505,93.6256594892593,9027400
2022-07-01,92.92765045166016,94.13998954898123,91.41222482822559,93.35013151512159,7934300
2022-07-05,95.81153869628906,95.8666427839396,91.9449120535236,92.25717789305293,9948800
2022-07-06,95.72887420654297,97.09734598506107,95.01248609397413,96.33504013917002,6432900
2022-07-07,99.310791015625,99.44855824550545,96.68405532586519,97.03306657584666,7633900
2022-07-08,99.12710571289062,99.75164441339432,97.82292422296985,97.88721466241292,5938600
2022-07-11,96.53710174560547,98.35560662521137,96.31667839807515,97.90557358025684,4935200
2022-07-12,95.29721069335938,97.22593074852381,94.73696247158864,96.44525917942534,6017400
2022-07-13,96.53710174560547,97.24429653053402,93.27664123932894,93.62565246397814,5299400
2022-07-14,94.80126190185547,95.33395813164725,93.54299811916783,94.70023306492487,6951300
2022-07-15,96.1605453491211,97.00551442143585,95.45335051366317,96.21565644529029,7862000
2022-07-18,95.46253204345703,97.97905241795438,95.22373599113578,97.52901936357098,6834800
2022-07-19,100.28434753417969,100.64253815104142,96.8310152461679,96.98714818025987,8973900
2022-07-20,102.0477294921875,102.52531455633107,99.99042866589505,100.31188082513894,5884600
2022-07-21,102.51614379882812,102.56206153563299,101.09256082236656,101.36809527172433,4291400
2022-07-22,100.22003936767578,102.80085002435587,99.88021450609915,102.80085002435587,6039300
2022-07-25,100.36698913574219,100.67007561599675,98.89748848362707,100.67007561599675,5079500
2022-07-26,96.61974334716797,99.12708394921766,96.04112951921688,98.71378935884272,8459500
2022-07-27,99.06280517578125,99.54039024765824,97.1248988323617,97.6300429530186,7437000
2022-07-28,103.0763931274414,103.23252604706204,99.21894583142125,100.5047615967613,6773500
2022-07-29,105.5469970703125,105.81334519308705,102.40593770319106,103.56317268317945,7560000
2022-08-01,104.9775619506836,106.12561049779461,104.01319836825745,104.70202749652405,4802900
2022-08-02,102.65390014648438,104.49996407047057,102.56205766920482,104.30709276604394,6334400
2022-08-03,104.95919799804688,105.71231762743722,103.39785464669437,104.16933997123104,5986500
2022-08-04,105.14288330078125,105.94192062080553,104.54589664305264,105.28982987400832,4332000
2022-08-05,104.5826187133789,104.97754764003325,103.38864558429424,103.59070322218221,4162200
2022-08-08,104.70201873779297,106.15315366165994,104.06829375051893,104.70201873779297,6071600
2022-08-09,101.12930297851562,102.63554214154352,99.9445160136097,102.24061315324154,7377600
2022-08-10,103.91217041015625,104.54589545577782,102.73656980916087,104.0040128932717,6951800
2022-08-11,104.79385375976562,107.22771770437467,104.45403592697951,105.51023482114637,5582100
2022-08-12,106.60319519042969,106.65829927819169,104.49078306921164,105.06021766890376,4407900
2022-08-15,106.83280944824219,107.0716055172666,105.48270318352348,106.03376510600617,4279000
2022-08-16,108.43087768554688,108.80744094029998,106.36439047702905,106.48379200030766,6189800
2022-08-17,107.49408721923828,108.35742200762186,106.91547324814246,107.24610479795967,5108400
2022-08-18,106.54808807373047,107.16344039335368,105.89599736093291,106.53890172365388,4750200
2022-08-19,103.93053436279297,106.21744493339091,103.81113283837432,106.07967771674801,5967600
2022-08-22,101.34054565429688,102.57125743362079,100.88132620070922,101.96508439146137,5802900
2022-08-23,101.65279388427734,103.62743845744717,101.55176506840834,101.79974043009429,4806700
2022-08-24,102.32328033447266,103.26008492129633,101.04664382786432,101.65281686008696,4769000
2022-08-25,103.98564910888672,104.095857287796,102.304904309196,102.77331009095771,5433700
2022-08-26,99.44856262207031,104.45405881379455,99.40264488151098,104.06830915172658,6203600
2022-08-29,99.08116912841797,99.6873420625646,97.75862210259797,98.09843995313635,4132400
2022-08-30,99.06280517578125,101.10174034333217,98.39234179810315,100.08227275955672,5129500
2022-08-31,97.76781463623047,99.20058403428835,97.1800143216389,99.15465928806331,8884800
2022-09-01,97.80455017089844,97.85966126618293,95.33395445460002,97.17083213575123,5590800
2022-09-02,97.3946762084961,99.61447506488378,96.75913788185451,98.97892971098265,7763800
2022-09-06,96.85123443603516,98.01179326166606,95.49725031067557,97.11834757202014,9158900
2022-09-07,99.91841888427734,99.99209969090023,96.71306838301781,96.78675621689933,7238300
2022-09-08,100.14868927001953,100.20395163244989,97.70783420530385,98.55522322310999,5628300
2022-09-09,102.21190643310547,102.8750829365991,100.67370967082725,100.74739048334717,5171500
2022-09-12,103.51061248779297,104.41327088070554,102.58953565012072,102.58953565012072,4836900
2022-09-13,97.37625885009766,100.31449664692042,97.11835842164794,100.25001451254836,5955600
2022-09-14,98.55522918701172,98.88681743617678,96.85123831212736,97.75388974698627,4888700
2022-09-15,97.17361450195312,99.605256994608,96.55649465563933,97.77231590196676,6598900
2022-09-16,95.90252685546875,96.98018511380769,95.1011874435645,95.85647020076686,8000800
2022-09-19,98.74866485595703,98.89604054983158,95.17488860661747,95.50647689057536,5162300
2022-09-20,94.3366928100586,96.19727205173967,93.68272906543095,95.62620185362053,10006600
2022-09-21,91.91426086425781,95.45119263979159,91.89583539176051,94.56695969590814,6279300
2022-09-22,90.77212524414062,92.30110914186037,90.1089487960661,91.91425855623642,9638800
2022-09-23,89.36288452148438,89.84184848106442,87.81547493106969,89.27077822995271,9026500
2022-09-26,88.47864532470703,90.01684909814963,88.15626981312055,88.50627650752028,8521600
2022-09-27,88.69049072265625,90.02604934414565,87.50230074298052,89.40892954123723,9890300
2022-09-28,90.91028594970703,91.58267516931238,89.12340156719364,89.44577707224046,9423300
2022-09-29,87.80625915527344,90.36685171352059,87.02334522611467,90.36685171352059,19339200
2022-09-30,76.5599136352539,79.39682511605726,75.98884343357622,76.72570775656298,48176100
2022-10-03,78.65998077392578,79.64553292754576,75.73095549995779,76.56913195380723,19108200
2022-10-04,81.64425659179688,82.04031994346724,80.23501004642023,80.77844204924793,15114800
2022-10-05,83.91009521484375,84.4627398903161,80.27184465966401,80.58500739910363,12732700
2022-10-06,83.05350494384766,85.32856608126296,82.72191668745664,83.34824927983308,9951900
2022-10-07,80.28106689453125,81.75478854592103,79.84815962222257,81.55215050124384,8554700
2022-10-10,79.84815216064453,80.85212252621538,78.35600517521591,80.83370408172003,7991200
2022-10-11,81.04554748535156,81.28502942636472,78.98233737462634,79.24945049589901,11903200
2022-10-12,81.52452850341797,81.865322501263,80.41923186990076,81.05477725849165,8772900
2022-10-13,82.49164581298828,82.72191504049417,79.25867091843212,79.57183369475574,9335000
2022-10-14,80.6402816772461,83.70746227170844,80.58501228726549,83.36666833191192,7811700
2022-10-17,82.86930084228516,83.53247742287556,81.69952908839376,82.46402470364437,8451900
2022-10-18,82.6021728515625,85.57725419291657,82.11400324150875,85.29171558859063,7364700
2022-10-19,81.57976531982422,82.6574234024262,80.83369542067788,81.29423378355986,5102000
2022-10-20,79.97711944580078,83.43115827566625,79.77448137675374,82.40876221984527,13500000
2022-10-21,81.51531982421875,81.77322027670209,79.86659104325993,80.15212268318643,7976300
2022-10-24,81.06395721435547,81.82844548635204,79.43364762306717,80.86131922879356,8847100
2022-10-25,84.4811782836914,84.67460359832978,80.95345190765686,81.08240211741577,8639900
2022-10-26,85.09829711914062,86.903607061186,83.54167485654783,83.61536269759277,8648200
2022-10-27,83.39431762695312,86.1022864246495,83.0995732496519,85.54963456835699,8617900
2022-10-28,86.42464447021484,86.47069409739768,83.32061288593106,84.00220780266304,6022400
2022-10-31,85.36540985107422,86.47991208915485,85.36540985107422,85.66015418653969,6426400
2022-11-01,86.36937713623047,88.84707622630906,85.63251983842805,88.13785011092611,7250700
2022-11-02,83.17324829101562,86.98650615948453,83.07192926811715,85.77989062149152,7176600
2022-11-03,83.26534271240234,84.37984477821776,81.71793343357223,82.86927941403337,6550300
2022-11-04,88.2299575805664,90.47738747767642,86.53517242105058,86.99571087358892,12543300
2022-11-07,86.06541442871094,89.22470798652814,85.35618139050779,88.70890022403731,9094500
2022-11-08,86.3509521484375,88.45100618032615,85.60488217059772,86.98649740497271,7017800
2022-11-09,84.8311767578125,86.48911790415437,84.70222656057021,85.35619028294431,6550900
2022-11-10,91.63795471191406,91.81296160199945,88.63524855659199,88.72735485711998,9361000
2022-11-11,97.71703338623047,98.74864192198586,92.23662929056462,92.39321065849605,12597500
2022-11-14,96.15121459960938,98.03942500780835,96.08673949932866,96.8972846210374,7134900
2022-11-15,98.2881088256836,100.68290720599968,97.20123787259095,99.46708605739252,7242900
2022-11-16,96.9249267578125,98.18679763261952,96.50122519335996,96.94334520409953,5998700
2022-11-17,97.04468536376953,97.0815292916276,94.7972549552523,95.89333897043254,5252900
2022-11-18,97.09991455078125,99.21839400127709,95.94856855100271,99.13549343511872,5498900
2022-11-21,95.63542175292969,97.15520013140998,95.4235709616649,96.35386065218161,4774800
2022-11-22,97.60652160644531,97.78152846865882,95.64462328407882,96.36306917920098,5313200
2022-11-23,98.23285675048828,98.5368138262838,96.92492918630431,97.63415533590117,3873100
2022-11-25,97.5973129272461,98.7210279323176,97.22888074123354,98.04863866580024,3426100
2022-11-28,96.67623138427734,97.91047809471081,96.39069979162699,96.94334453076861,6967400
2022-11-29,97.86441040039062,98.38942389744827,96.82359614194534,97.05386534288745,8494400
2022-11-30,101.03292846679688,101.03292846679688,97.12755731030975,98.62891717046378,16251000
2022-12-01,102.34085083007812,103.03165847746291,100.9039731722406,101.4013484943699,7822900
2022-12-02,103.66201782226562,104.1332107988546,100.09574809902489,100.38216310968714,5892000
2022-12-05,101.27836608886719,102.6734561511166,100.88108705917591,102.5718261401145,6220100
2022-12-06,99.71697998046875,102.11912947606872,98.62677274915721,101.30609632260047,7086100
2022-12-07,100.0865249633789,100.81640999076338,98.91316290143143,99.15337992218757,5751500
2022-12-08,102.88594818115234,103.0060531614464,100.2066252188543,100.33597121265652,6192800
2022-12-09,101.09358215332031,102.9044332937182,100.94576116677186,101.83270823254865,5677700
2022-12-12,103.54194641113281,103.63433542404292,101.36153187207087,101.7218539566012,6426000
2022-12-13,104.2625732421875,107.58862649566528,102.78432813495611,106.81255045767956,8655300
2022-12-14,102.96912384033203,105.43595349696574,101.84196659827123,105.04790836240196,7528500
2022-12-15,100.25282287597656,101.2783568580153,99.53217889915538,100.88107786453338,7500700
2022-12-16,97.88763427734375,99.42131843077505,97.12079924945682,98.73763138649818,14083600
2022-12-19,95.20831298828125,97.48111605329157,94.65396493193327,97.00068201096711,10620300
2022-12-20,95.35614013671875,95.53168416917461,93.94256800900045,95.16212112397592,17147900
2022-12-21,106.9696044921875,110.11087951663615,106.56308447466233,107.87503351790404,32777300
2022-12-22,107.8288345336914,107.93046453716367,105.38048753438068,105.59298855495763,17147600
2022-12-23,107.40384674072266,108.25383678234972,106.96961070565726,107.27450073651107,6603700
2022-12-27,108.6141586303711,109.2054566626458,107.00656754567602,107.60710659218805,6661100
2022-12-28,106.2304916381836,109.24241379062869,106.21200960968866,108.63264077803883,5437800
2022-12-29,108.4201431274414,109.08535519745077,106.9880960228429,107.2467880392179,4588600
2022-12-30,108.10601806640625,108.32775307130233,106.96037193531426,107.69025700229379,4355500
2023-01-03,109.7136001586914,110.39728714600842,108.50328817256579,109.52882217795539,8124800
2023-01-04,111.98641204833984,112.92879815187634,110.4342529208933,110.83153195496678,8550700
2023-01-05,111.44132232666016,113.03043156098441,110.9424132343564,111.12719124684104,6046700
2023-01-06,115.05376434326172,115.8206063573204,112.50378732180886,112.71628834394166,10080700
2023-01-09,115.34942626953125,116.9754994704005,115.07225926692001,115.48801329525133,9397900
2023-01-10,116.26407623291016,116.71679426906458,114.90594327093126,115.68201924920491,5899900
2023-01-11,118.20428466796875,118.49992662882353,116.42114959583411,116.70755759148169,6989200
2023-01-12,118.15808868408203,118.68472076076549,116.83690560734726,118.58309075110677,8366400
2023-01-13,119.04505920410156,119.39613320601097,117.02170679475138,117.02170679475138,4856500
2023-01-17,118.38906860351562,119.22982470228317,118.10266059347904,118.25972259583273,6172200
2023-01-18,116.80919647216797,118.80482567690952,116.41191742440137,118.0749476357101,6828800
2023-01-19,115.05376434326172,115.8945203692647,114.20377435238682,115.2939813576666,5273500
2023-01-20,116.98473358154297,117.00320856109522,114.60105943607725,115.1923574653485,5673200
2023-01-23,118.52764892578125,118.95265100808042,116.91082382498564,117.24342985967182,5581600
2023-01-24,117.17874908447266,118.26894906618574,111.2842368986521,117.16026705664426,5486200
2023-01-25,117.16951751708984,117.34506155147095,115.33095033431898,116.28257042818286,5933700
2023-01-26,117.82547760009766,119.17438366147431,116.42114660241776,118.68471566260453,5838800
2023-01-27,117.82547760009766,118.79557963286744,117.05863557791416,117.40048260015732,5730000
2023-01-30,116.7537612915039,117.85320235504778,116.60593325505805,116.87386628449461,6494600
2023-01-31,117.64070892333984,118.12113594641689,116.4211558121748,116.79995282191904,7686900
2023-02-01,119.64556121826172,120.31077318836874,116.61515739784328,118.16731631181707,6387900
2023-02-02,119.2390365600586,121.3178203608899,118.13035468581288,120.5232624331104,5214500
2023-02-03,117.89939880371094,119.5716629129008,116.81843273474828,117.14179774911806,4930200
2023-02-06,116.16246032714844,116.50430031739737,114.8597522217813,115.96843427197705,4666400
2023-02-07,115.79290008544922,116.34724112391007,113.87117790654482,114.5271489577535,5288900
2023-02-08,113.55706024169922,114.6565013655187,112.5315260913258,113.99128926270035,5877800
2023-02-09,112.88259887695312,115.50648303656499,112.25434383117121,115.22007503220938,5929000
2023-02-10,112.92880249023438,113.30759951002197,111.36740228838488,112.26359040308361,5195500
2023-02-13,115.62659454345703,116.15321957581635,113.14129036590117,113.47389639147848,5689800
2023-02-14,116.5967025756836,116.7445306252329,114.32389918008329,114.51791820849472,4845900
2023-02-15,117.77928924560547,117.79776422478369,115.39561514839691,115.39561514839691,5687900
2023-02-16,114.91517639160156,117.52982638987746,114.66572541436845,115.88527840614516,4722200
2023-02-17,115.3401870727539,115.38638509833174,114.04672694252311,114.29617795368789,5161500
2023-02-21,111.8847885131836,114.56411189467984,111.77392452905228,113.89889979457548,5110300
2023-02-22,110.776123046875,112.16197944767286,110.53590596373093,111.88480534798123,5022000
2023-02-23,110.83152770996094,111.5706537609416,109.52882667992236,111.5706537609416,4101900
2023-02-24,109.05763244628906,109.70436244716014,108.41089539658964,108.99295944620195,4693000
2023-02-27,109.51033782958984,110.70217481191295,109.31631883928068,110.18479083775519,4239800
2023-02-28,109.75057220458984,111.23805841448957,108.8821000686951,109.7043741786609,8414100
2023-03-01,109.55656433105469,110.67448759375976,108.863636164589,108.97450015997242,4120500
2023-03-02,110.48046112060547,110.83154216375091,108.60493680402412,108.60493680402412,4443200
2023-03-03,112.0555648803711,112.14821731363232,110.27660564468896,111.30506391242186,3871800
2023-03-06,111.34212493896484,113.02842465185245,111.14755271081559,112.23160101147316,5183800
2023-03-07,110.80473327636719,112.12968358368586,110.4711859274434,111.36992231389716,5345700
2023-03-08,111.05489349365234,111.22167068886617,110.00790764359876,110.5082321603132,4175200
2023-03-09,109.2110824584961,112.9079686513828,108.91459045676706,111.2587314499571,5635900
2023-03-10,108.85900115966797,110.24880884294699,108.07144488626201,110.10056636590615,5979600
2023-03-13,108.27527618408203,109.60022635674628,107.2838803953701,107.31167541587833,6038200
2023-03-14,110.25807189941406,110.71207374558263,108.61810200754064,110.25807189941406,6050800
2023-03-15,109.48905181884766,109.91525867656837,107.30242041389602,107.77495702375217,6599200
2023-03-16,111.78688049316406,111.93512298932879,108.0436638017042,108.27529844546585,5658700
2023-03-17,111.54596710205078,112.78753234176503,109.95231978455993,112.26866598581346,12868900
2023-03-20,112.29646301269531,113.66774309863074,111.00857506733519,112.10189077658994,7594100
2023-03-21,116.38249206542969,116.79943152887833,113.936431190296,114.4274954242462,15078800
2023-03-22,110.72134399414062,116.0582074078022,110.56383415529403,114.57574731204268,17625500
2023-03-23,112.08335876464844,114.21439298371459,110.69355107306846,111.62008953412177,7628100
2023-03-24,111.84246063232422,112.11115764354288,110.55457269267708,111.39772611432126,6158800
2023-03-27,109.15548706054688,112.1760042354299,108.97018220740703,112.12967448768143,6564200
2023-03-28,109.2110824584961,109.73920905747991,108.26600934309754,109.28520015723316,4461400
2023-03-29,111.63861846923828,111.71274324351252,109.78554152594775,109.92452371048006,5644000
2023-03-30,111.27726745605469,112.51883266633148,110.57309624826975,112.13894850524768,4578900
2023-03-31,113.63068389892578,113.69554131278079,111.74054446367255,112.03703650828514,5659400
2023-04-03,112.73192596435547,113.82524156428079,111.94436973441799,113.50095453653324,4838400
2023-04-04,114.60353088378906,114.8444257653936,112.44469482967017,112.46322248636028,5895300
2023-04-05,112.01850128173828,114.26999002337979,111.70347452934428,113.96423063488993,4331400
2023-04-06,111.3884506225586,111.63861288706605,109.19255200974509,110.73060918885527,4256900
2023-04-10,112.95431518554688,112.95431518554688,110.37853214336518,110.53604906529287,3731200
2023-04-11,114.24219512939453,114.964893998329,113.07475468861635,113.07475468861635,4471000
2023-04-12,114.57575225830078,115.68759561088709,114.16807306351959,115.59494317632617,4524900
2023-04-13,117.14225769042969,117.36462494135891,115.31697579460564,115.48375300003441,5355300
2023-04-14,116.697509765625,118.12437976350738,116.27130294583058,117.67037792247613,4828700
2023-04-17,116.91989135742188,117.18858836099594,115.93775577599624,116.77164180968687,3917900
2023-04-18,116.93842315673828,117.92981906830302,115.83584008043562,117.88349638469137,3857700
2023-04-19,116.43810272216797,116.81798693654487,115.74319878078153,116.74386215292083,3547400
2023-04-20,115.30772399902344,116.14161013875477,114.6220874258792,115.63201815870059,3891600
2023-04-21,116.30839538574219,116.4473775967678,114.53871024339807,115.26140925801656,3651400
2023-04-24,117.75377655029297,117.79083893918698,115.95629663696442,116.28985106808268,3790900
2023-04-25,115.50228881835938,117.45727848250043,114.93709978734367,117.23491122947168,4383300
2023-04-26,114.74252319335938,115.79878357523334,114.2329312652833,115.08534497942806,4003200
2023-04-27,116.46589660644531,116.75312837293909,114.0939601051684,115.2984630859953,4252100
2023-04-28,117.41094970703125,117.73523674022816,115.7802401086205,115.9562846704676,4421400
2023-05-01,118.52279663085938,119.22696076206364,117.54066813754524,117.59625818239626,4112600
2023-05-02,117.9112777709961,118.20776977374383,115.97480885545076,117.80935798233966,3831600
2023-05-03,117.42948150634766,118.94901107206529,114.5850087395471,116.27130844056686,4560100
2023-05-04,114.58502197265625,115.99336454189066,113.79746561075807,115.76172990198366,6177100
2023-05-05,117.2905044555664,117.69818365461204,116.02115124405607,116.67899272592568,4887800
2023-05-08,117.5592041015625,118.30970510470996,116.72532509417532,117.91129326096654,3892600
2023-05-09,115.90995788574219,116.42882422105191,115.04827685039868,116.06746772461865,4082100
2023-05-10,114.43678283691406,117.17006884044918,113.19521745473817,117.01255897723331,5052600
2023-05-11,113.24152374267578,114.76104614462278,112.94503173909898,114.38116200967255,5923100
2023-05-12,111.37919616699219,112.29646733506037,110.28588041565499,112.10189509146578,6574200
2023-05-15,111.02709197998047,111.17533443987551,109.34079246873054,111.01782461719746,5518200
2023-05-16,107.9231948852539,109.18328059349892,107.5896404990068,108.86826093366939,8306400
2023-05-17,108.38648223876953,108.5254573655493,106.78356744360441,107.83055345593799,7765400
2023-05-18,110.13764190673828,110.39707157424041,108.26603004445302,108.80342410938073,5970500
2023-05-19,106.32955932617188,107.00592846676386,104.79150203629494,106.14424738640662,11674300
2023-05-22,102.08601379394531,104.55986993071967,101.93776423856379,104.55986993071967,12710300
2023-05-23,100.78885650634766,102.90136314708992,100.24220218656248,101.70612763847464,11790400
2023-05-24,100.33485412597656,101.0853480422828,99.32492349406527,100.99269560688772,8503200
2023-05-25,99.58436584472656,100.96490629633712,99.52876872520135,100.3904498540972,6729800
2023-05-26,99.61214447021484,100.48308575153595,99.13960791115187,99.13960791115187,7911200
2023-05-30,98.69485473632812,100.88148564842602,98.46322016571544,100.43675123144827,9335200
2023-05-31,97.52743530273438,98.37058158247204,97.12902350250553,97.93510739746296,21465200
2023-06-01,96.01715850830078,96.915901762474,95.34078952886236,96.52675738507715,12025200
2023-06-02,100.19103240966797,100.78596839330756,98.65721019564239,100.05159273708449,11838200
2023-06-05,97.79269409179688,100.28399121739396,97.77410544488639,100.28399121739396,7434000
2023-06-06,98.71297454833984,99.23354167780289,97.79267711164523,98.0622585443158,7896300
2023-06-07,99.54960632324219,100.61863427251168,97.997195584946,98.57354287649719,11123900
2023-06-08,98.72228240966797,99.94933877876205,98.22960170655999,99.61469348918772,9137600
2023-06-09,98.4062271118164,98.79665253181908,97.93213504912943,98.4527093679962,5795200
2023-06-12,99.30792999267578,99.32651864001913,97.23494475015923,98.80595140804581,7964600
2023-06-13,99.26144409179688,99.91216020007015,98.80594778054304,99.59609646926395,8460500
2023-06-14,104.9133529663086,105.41533158004655,99.91216966174426,99.91216966174426,17415500
2023-06-15,104.49502563476562,104.87615315503037,102.40345193119254,103.95586271127308,10374200
2023-06-16,105.59193420410156,106.67955793206806,105.09925352766861,105.9730688207813,14445500
2023-06-20,101.82711029052734,104.87615899110038,101.28794733703187,103.56544308519875,10602400
2023-06-21,102.23612213134766,102.58936312447558,101.05554104439078,101.44596641977361,8377800
2023-06-22,102.68233489990234,103.41671059473984,102.05021449752303,103.01698729482061,6002900
2023-06-23,101.80851745605469,102.5243044887147,99.74483718559533,100.16314912464328,14329200
2023-06-26,103.8721923828125,104.30910000900158,101.9479449276149,101.9479449276149,6887100
2023-06-27,105.61053466796875,106.1403997520948,104.51362011406964,104.60657753208895,7138600
2023-06-28,105.07135772705078,105.74066239520467,104.22543611583077,105.3595278122077,6766000
2023-06-29,105.3874282836914,106.2240520812009,104.6809391888073,105.60122962138529,12465500
2023-06-30,102.59868621826172,104.34631006074275,102.06882105219796,103.73277824098604,19629600
2023-07-03,101.4273910522461,103.46319192097793,101.4273910522461,103.24008559824247,5734200
2023-07-05,99.55891418457031,101.2414739768386,99.03834696072413,100.97189249529069,10405300
2023-07-06,97.6997299194336,98.62002036011248,96.37041835303255,97.87635396775833,9923500
2023-07-07,97.10479736328125,98.04368357460345,96.70507409249625,97.42086108753266,7463100
2023-07-10,98.33187103271484,98.8245518061572,96.90960175324614,97.12341023019907,5374600
2023-07-11,99.82848358154297,100.04229200385271,98.18311546695135,98.21100198025357,5454900
2023-07-12,100.17243194580078,101.40877892995992,99.67045343903582,100.88821177873503,8305000
2023-07-13,100.24681854248047,101.44598853589659,100.09808807323205,101.3902154964531,6692300
2023-07-14,100.34906768798828,100.99048597103604,99.64258559104533,100.33977691011575,6933600
2023-07-17,101.05554962158203,101.41808851409347,99.24285515902483,99.70764933836733,6682900
2023-07-18,101.99444580078125,102.57078610039108,100.68372268290015,100.93471553586323,5717200
2023-07-19,102.1431655883789,102.48711583188974,100.93470498581499,101.39949916192333,5027100
2023-07-20,99.95863342285156,102.27330641191277,99.91215826100311,101.85499449429557,6458000
2023-07-21,101.38090515136719,101.59471359658792,99.94004743618854,100.39554375072404,6631600
2023-07-24,101.11131286621094,102.76598594194583,100.86962502272914,102.63584415170313,6787600
2023-07-25,100.6744384765625,101.18570790177795,99.82850952815154,100.65584273473067,7692800
2023-07-26,101.60401153564453,101.8735859214343,100.34906156414418,100.67442316694586,5148900
2023-07-27,100.08876037597656,102.46851100455713,99.8377746810777,102.09667430394812,6544600
2023-07-28,100.97189331054688,101.28794995837778,100.05159569956415,100.49780124660394,5988300
2023-07-31,102.61725616455078,103.04486594938439,101.37161119466978,101.70626356405194,6406000
2023-08-01,101.69696807861328,102.7474003730094,101.45527311901726,102.25471967659178,4566700
2023-08-02,99.94004821777344,100.87892737047744,99.88426809255992,100.65582814621274,6213200
2023-08-03,100.99047088623047,101.40878277831132,99.14059218175925,99.46594666362165,5084300
2023-08-04,101.14850616455078,102.5428886905234,100.61864108836905,101.0555487479252,5621400
2023-08-07,102.70092010498047,103.12852987858051,101.49245245927025,102.13387066576831,4887300
2023-08-08,101.96653747558594,102.15245228882365,99.79129728128785,101.9107573578582,5851900
2023-08-09,101.96653747558594,102.27329620820863,100.67441037465584,102.0594948822048,4328600
2023-08-10,101.35302734375,104.06742390959688,100.87893524948728,102.54289942235702,7276500
2023-08-11,100.47920227050781,101.81781177631055,100.2654009196732,101.23217366362002,5104300
2023-08-14,100.06090545654297,100.67443727008597,99.53104029584557,100.32118910148942,5305200
2023-08-15,99.04763793945312,99.29862366428993,98.1645247836433,98.60143242705922,6197600
2023-08-16,99.02903747558594,100.74877436024569,98.60142772155456,98.60142772155456,5953100
2023-08-17,97.65325927734375,100.23751376281598,97.40226645051224,99.86567700333735,5692800
2023-08-18,97.4301528930664,97.65325920390357,96.45408937888988,96.51916027983498,5836100
2023-08-21,95.61746215820312,98.05298628798312,95.40365370839407,98.04368841828796,6697600
2023-08-22,94.31603240966797,95.16196120587233,93.6374368910521,93.85123823826677,9814700
2023-08-23,91.7968521118164,92.20587326667825,89.7517605219001,90.15148380718877,20909100
2023-08-24,90.75570678710938,92.20586941550664,90.69063588720795,91.75036602400046,10310000
2023-08-25,91.88050842285156,92.11290550861418,90.923033564261,91.5644517904686,7290600
2023-08-28,92.61488342285156,93.01460669127992,91.90840139341235,92.57769903832379,6006600
2023-08-29,94.60420989990234,94.9667559066727,92.69855790394831,92.9867280431743,8641600
2023-08-30,94.91096496582031,95.57097181439269,94.36251126756005,94.48335519458452,4822100
2023-08-31,94.5484390258789,95.64535366464291,94.45548160066778,95.39436790735316,7046200
2023-09-01,95.4718246459961,96.0314470450542,94.68834759452683,95.10806973080908,6359400
2023-09-05,93.56908416748047,95.0987217411591,93.48514402652683,94.66967775010127,6698700
2023-09-06,93.43850708007812,93.55975632390806,92.36589353056124,93.04677218525812,6096000
2023-09-07,91.33992004394531,92.11406791128537,91.069434387309,91.64771480315045,9927100
2023-09-08,91.09741973876953,91.52646376931379,90.73366486252583,91.49848371975415,6435000
2023-09-11,90.27662658691406,91.75962590825496,90.08075915481147,91.7129948716494,7584700
2023-09-12,89.81961059570312,90.63106044170101,89.70768328909006,90.46317303977324,6307700
2023-09-13,89.66105651855469,90.65905200231154,89.22269052294783,89.81962200205561,7140700
2023-09-14,90.64972686767578,91.10675095863854,89.44653489613421,90.21135377153456,7075300
2023-09-15,89.78230285644531,91.54511704545565,89.66104649344452,91.54511704545565,10467300
2023-09-18,89.0827865600586,89.88491460005376,88.86826096592671,89.53981068461893,6946300
2023-09-19,88.25267791748047,89.06412789251974,88.05681043674738,88.64441287894665,9386600
2023-09-20,87.71170043945312,88.98018156420112,87.51583297230614,87.64641128373746,10274200
2023-09-21,85.42657470703125,87.19871826837803,85.32398355100248,87.13342910582243,7958600
2023-09-22,84.73637390136719,86.1167824862295,84.45656625464153,85.41725269543782,9289400
2023-09-25,84.50318908691406,84.73636566116933,83.74769926344196,83.94356673189827,8291700
2023-09-26,84.10212707519531,84.59646028570074,83.73837218006925,83.94356870880385,8060500
2023-09-27,83.402587890625,84.59645070516568,83.20672043973788,84.46587240457427,7631000
2023-09-28,83.59845733642578,83.73836469496482,82.69373826530558,83.10412417010721,16315600
2023-09-29,89.18537139892578,92.77628892598119,88.25266517808107,92.68301972709347,34935400
2023-10-02,88.19670104980469,89.89422614645757,87.42256026758298,89.7263387361959,12776300
2023-10-03,88.69103240966797,89.58643665671983,87.84227343671151,87.97285174024327,10964300
2023-10-04,89.43719482421875,89.7822986717752,88.71901419831127,89.14805818620168,8045400
2023-10-05,89.34394073486328,89.75433379961397,88.86825851126449,89.34394073486328,7430000
2023-10-06,90.5750961303711,91.13471840542029,88.66304564830442,89.34392427886954,8532900
2023-10-09,90.3605728149414,90.60307841598348,89.46517572953627,90.26730361945862,5964200
2023-10-10,91.05078887939453,92.20734266477058,90.68703400241348,90.70568499682969,8499000
2023-10-11,92.011474609375,92.29128221972223,91.41454316811998,91.69435077846722,7642900
2023-10-12,92.57109832763672,93.31726619833375,91.89021961192684,92.84158400286479,10705200
2023-10-13,93.18669128417969,94.06343038081617,92.75764011750408,92.88821843223685,8774700
2023-10-16,95.17334747314453,95.6770097066626,92.89754192524452,93.009469238021,10845400
2023-10-17,96.07807159423828,96.61903580427345,95.10805625254395,95.10805625254395,9253800
2023-10-18,96.78691864013672,96.90817499961098,96.00344885268863,96.04075795437429,8757300
2023-10-19,96.11538696289062,97.32790088205738,95.9288414334912,96.78692952077556,8391100
2023-10-20,95.7609634399414,96.78693904667091,95.66769422405419,96.3672240171859,7823500
2023-10-23,95.89151763916016,96.77759275711564,94.92150238282095,95.25727716832233,5966100
2023-10-24,98.10205078125,98.54042388913065,96.68434030936581,96.68434030936581,9252200
2023-10-25,96.57240295410156,97.97146228528058,96.52576479666877,97.4304909693886,7054700
2023-10-26,93.28927612304688,95.7236400081939,93.2239869700959,95.30392504150674,11222600
2023-10-27,91.38655853271484,93.58773866439284,91.22799306722607,93.0654254585015,9602700
2023-10-30,94.94950103759766,95.18267760486486,92.33792063781137,92.33792063781137,8206700
2023-10-31,95.8542251586914,96.00346158522662,94.57642205740991,94.57642205740991,6558500
2023-11-01,94.09142303466797,95.76096841493036,93.24266387521884,95.64904819644521,7272400
2023-11-02,98.00878143310547,98.44715454036185,95.03344600673645,95.1826824330299,8135100
2023-11-03,99.85552978515625,100.40583017813317,98.91350158732257,99.26792740389507,7568000
2023-11-06,100.03274536132812,100.35919112579067,99.21196642268171,99.76225969477802,5231900
2023-11-07,102.00074768066406,102.00074768066406,100.01408609330277,100.09802623322716,7745800
2023-11-08,102.02873229980469,103.25057516446246,101.57170824688428,102.01008130653565,8639700
2023-11-09,99.79956817626953,102.5044177089166,99.72494996886235,102.42979950150942,9154200
2023-11-10,98.96945190429688,100.57370764935906,98.50309882101057,100.1166765042305,8897700
2023-11-13,97.18798828125,98.60570576441616,97.16933728730642,98.27926000052393,7055600
2023-11-14,98.6336898803711,99.89284194500877,98.28858599232137,98.45647340867203,9674800
2023-11-15,100.56439971923828,101.7209536162525,99.53842414369414,99.63169335674637,11140800
2023-11-16,100.36852264404297,100.73227752136918,99.79957124802317,99.89284045216095,5386800
2023-11-17,98.82954406738281,100.92813293179323,98.41915107900569,100.78822558430254,6352600
2023-11-20,99.16532897949219,99.37985454967819,98.0274262071665,98.86686326183168,6197400
2023-11-21,99.37985229492188,99.51975253753862,98.26060054210083,99.02541937100247,5803500
2023-11-22,100.65766143798828,100.76025969950238,99.63168593883148,100.26592650274402,6280300
2023-11-24,100.39651489257812,100.73228976106046,100.17266735225157,100.26593656772222,2443600
2023-11-27,100.6949691772461,100.9374748026237,99.70630279714509,100.4151615627189,5785000
2023-11-28,101.43180847167969,102.50442212239315,100.8721861239983,101.26392105577685,7287400
2023-11-29,102.94281005859375,104.60302634636912,102.7376135077927,103.34387410352709,9601800
2023-11-30,102.84952545166016,103.15732025310571,101.62768241778107,103.09203109364617,8690900
2023-12-01,106.19985961914062,106.26536858586434,102.70914917529865,103.25194183669038,8051800
2023-12-04,107.7627182006836,107.9218103807264,105.75064694150728,105.82551636974213,10086600
2023-12-05,108.00603485107422,108.59561550396074,107.24799442314435,107.30415006147257,6960000
2023-12-06,108.66111755371094,109.62503812772718,108.15575968054942,108.55817388658873,6317000
2023-12-07,107.44452667236328,108.55818621225308,106.79879748884727,106.79879748884727,7294500
2023-12-08,108.47396087646484,108.82957994210291,107.12633976046122,107.15441401038771,6122200
2023-12-11,111.00074768066406,111.75878101816303,109.89644858729999,110.23335387950881,7972800
2023-12-12,111.96465301513672,112.29219779874347,110.97265820194458,112.00208772468332,7378400
2023-12-13,113.39649963378906,113.64918214469039,111.55288119624022,111.69325957563642,8182900
2023-12-14,113.2561264038086,114.72540494308494,112.13311359746103,113.6491873119774,9590500
2023-12-15,113.75212097167969,114.2293974453939,112.8630626999743,113.17189369351219,13633300
2023-12-18,113.36843872070312,114.02352838168471,113.1064028563105,113.62112126132588,6874800
2023-12-19,114.77220916748047,115.42729883284319,113.83636270842408,113.92994592634135,7697300
2023-12-20,113.63982391357422,115.47408192453089,113.23740969270497,113.35906714926875,9176600
2023-12-21,114.66925048828125,115.38985616587463,113.51816349255917,114.4540098292169,16533300
2023-12-22,101.10885620117188,103.69179452718356,100.55670305621774,101.31474357251267,46666200
2023-12-26,101.09012603759766,101.71714855847313,100.58477525949127,101.35216902987325,12846700
2023-12-27,100.2572250366211,101.62355996164665,99.99518917975888,101.38959835517086,10157900
2023-12-28,101.83879852294922,102.38159111421339,99.95774537870805,100.33208534302614,9352900
2023-12-29,101.60484313964844,102.90566906160124,101.15563372705904,101.96982266365296,7667500
2024-01-02,99.71443176269531,100.93102773756442,99.62084141544757,100.70642661204015,9326600
2024-01-03,97.3654556274414,100.58476937330512,97.32802091644984,98.9376777893817,10573700
2024-01-04,95.7370834350586,96.97240031822331,95.7370834350586,95.88681513668473,10420600
2024-01-05,95.53118896484375,97.02854156900705,95.36273635062909,95.88680797710114,8044500
2024-01-08,96.97239685058594,97.03790580644376,95.20364790248384,95.53119268177298,9414200
2024-01-09,96.14886474609375,96.76652684614776,95.92426359150227,96.5512790155387,7759500
2024-01-10,97.1127700805664,97.16892571527065,95.80259093648172,96.1020614751212,6784700
2024-01-11,99.10614776611328,99.20909145437376,97.07536253396071,97.53392532897593,9537700
2024-01-12,98.32001495361328,99.4991833502875,98.0018306227319,99.19971280477638,6680900
2024-01-16,95.19429779052734,97.53391381117561,94.85739251235867,97.27187795925364,10547900
2024-01-17,94.3520278930664,94.8105906013571,93.80923530124585,94.56727569325076,8226200
2024-01-18,94.46434020996094,94.9229029579869,93.65015125167919,94.52048871055223,8852400
2024-01-19,95.25044250488281,95.62478248129814,93.27580609073462,94.53919726368781,8517200
2024-01-22,94.10871887207031,95.27852696123165,93.66886988815493,95.22237845773333,9897400
2024-01-23,95.36274719238281,95.58734832355702,94.73573183372,95.11006467236327,8208000
2024-01-24,94.2958755493164,95.26915656184707,94.23036659366245,95.2504356374084,7879300
2024-01-25,94.30523681640625,95.21300894975886,93.66886099075276,95.01648206624044,10063700
2024-01-26,96.15821075439453,96.64484770617611,94.72636700671963,95.05391179541309,9735800
2024-01-29,97.2157211303711,97.33738573151903,94.83867042567762,96.27987473355986,8860800
2024-01-30,97.4964828491211,97.61814031649652,96.51384122666619,96.71036812316882,7542800
2024-01-31,95.0164794921875,97.6087778996728,94.63278619855306,97.41224388153735,11547600
2024-02-01,95.23172760009766,95.69029031734937,94.15550285802678,95.36274551931244,7666700
2024-02-02,94.24909210205078,94.90418888002019,93.05120982683324,94.40818427986589,8966900
2024-02-05,93.28517150878906,94.13678803892779,92.69559083407762,94.05256528822969,10097900
2024-02-06,96.0271987915039,96.04591257775748,92.77045020789996,93.11671594309234,11368600
2024-02-07,97.1314926147461,97.64620381846699,95.78387159857033,95.8213063090131,9447800
2024-02-08,97.1127700805664,98.22642949297924,96.43896672358322,97.73043208272705,6330400
2024-02-09,97.79594421386719,98.2077188953383,96.70100569080017,97.14085462056413,5449000
2024-02-12,100.30400848388672,100.53797006300196,97.93631844563093,98.02054118694086,7501900
2024-02-13,98.26387023925781,99.01255020181914,97.56198545183454,98.25450977624195,6180500
2024-02-14,99.50853729248047,99.59276003103929,97.75850216748387,98.09540740160023,5743300
2024-02-15,99.24651336669922,100.45374893700513,99.04062601674273,100.15427837523427,7201300
2024-02-16,96.86946105957031,97.98311339967505,95.12878621678463,97.91760443849242,14590100
2024-02-20,96.67292785644531,97.17827858685261,95.61541694370285,96.51382855545255,8759500
2024-02-21,98.51654815673828,98.75050975856766,96.32667099078725,96.71972476827465,8888100
2024-02-22,98.3387451171875,99.20908258745732,97.40289868205616,99.01255569287274,6705500
2024-02-23,98.85344696044922,99.77993998377343,98.44167942335723,98.50718838198148,6947300
2024-02-26,97.83338165283203,99.29329972429552,97.10342261710029,98.55398022555815,5831500
2024-02-27,98.40424346923828,98.49782667467021,97.31865829439332,98.10477292789155,5317400
2024-02-28,97.65556335449219,98.67563956954132,97.04726181046556,97.42160177140047,4219800
2024-02-29,97.26251983642578,98.79730741170748,97.0285582287311,98.24516144472004,10811600
2024-03-01,95.6846694946289,97.61940566349219,95.63771429641491,97.55366265363206,7349300
2024-03-04,93.48697662353516,95.58136638175854,92.98920705316236,95.46866816383341,11050900
2024-03-05,92.3317642211914,93.13946817355631,92.04061762165901,92.97980759739022,8670600
2024-03-06,91.693115234375,94.0129156331305,91.15777723200456,93.91899806815253,10045300
2024-03-07,92.21906280517578,92.41629183337109,91.74007392787254,92.03122051728695,8133900
2024-03-08,93.13008117675781,93.28034784642702,92.05939801515447,92.5008184490061,9043500
2024-03-11,94.93331909179688,95.57196852575385,93.39304819203899,93.82507469656129,8537400
2024-03-12,94.08804321289062,95.20568147191838,93.59027371900605,94.66094961748047,7040900
2024-03-13,95.1962890625,95.79737002668632,94.22892460968296,94.49189663583319,7326400
2024-03-14,94.16320037841797,96.25759026532378,94.00353261746166,95.985224279518,8350900
2024-03-15,93.58089447021484,95.00846733539714,93.29913459366664,94.20076333244036,15208500
2024-03-18,92.73560333251953,93.59966343606716,92.52898042005053,92.96101405454928,7207000
2024-03-19,93.88142395019531,93.95656086382903,92.45385841840692,92.51020752090699,6168900
2024-03-20,94.17256927490234,94.33223700560234,93.00797579094872,93.40243383407731,7771700
2024-03-21,94.68912506103516,95.72223251390442,93.69358606387298,94.33223547999312,17176000
2024-03-22,88.15238189697266,89.38271861461936,86.14251568954828,88.14298798980197,41837400
2024-03-25,88.04906463623047,89.71142782376397,87.1286552611012,88.34960515690409,14548800
2024-03-26,86.9502182006836,88.15238034105136,86.79055760885853,88.03967495334754,10816900
2024-03-27,88.40593719482422,88.42472500430485,86.7060058747687,87.59823335795313,11095700
2024-03-28,88.26507568359375,89.04459790544598,87.74851833888677,88.63135919513115,11331700
2024-04-01,86.93142700195312,88.20872601772446,86.11433626063192,88.105414541048,10360000
2024-04-02,85.41932678222656,86.311561572602,85.12818017807349,86.18007554714895,11107300
2024-04-03,84.83702850341797,85.879529903953,84.79006614051256,85.47567794549843,8876600
2024-04-04,83.65364837646484,85.51324762618583,83.48459389921749,85.41932289903123,12110300
2024-04-05,83.43762969970703,84.76189093658121,83.40006840821246,83.72878344966865,9716700
2024-04-08,84.527099609375,84.77129101457282,83.40007448076375,83.69122108647393,8452500
2024-04-09,85.46629333496094,85.61656718024125,84.40501117311126,84.52710329831302,7191900
2024-04-10,83.5879135131836,84.6210211235147,83.37189665130599,84.43318598180043,7932900
2024-04-11,86.40547180175781,86.79054310463835,85.30662132572616,85.6822987231717,15330200
2024-04-12,86.40547180175781,87.22256960379309,85.57898725973791,86.4148657071928,10905900
2024-04-15,87.43858337402344,88.20871885047559,86.91263929218803,87.89878444562942,11597300
2024-04-16,87.71095275878906,88.46230761839081,86.0767641794239,87.38223769475742,10388200
2024-04-17,89.07276153564453,89.288778352975,87.96452439644003,88.85675188376395,10181200
2024-04-18,89.91805267333984,90.0495387060694,88.78163358163357,89.37332789436796,10062900
2024-04-19,88.78160858154297,90.36884159955125,88.74404013056326,89.61748691085577,11241900
2024-04-22,88.4623031616211,89.27939382741279,88.14297485447041,88.87554186467702,8642000
2024-04-23,88.3026351928711,88.96007245153274,88.19933089146701,88.63135740492721,6582700
2024-04-24,88.88494110107422,89.4014984676865,88.3777776407961,88.3777776407961,6493200
2024-04-25,88.2275161743164,89.0258262890137,86.81873108998536,88.28386528474518,5317900
2024-04-26,88.39655303955078,89.61749556983861,88.19932402693775,88.83796625895135,6115700
2024-04-29,88.3402099609375,89.11973938818055,88.00210098443331,88.69710675027588,5030700
2024-04-30,86.64966583251953,87.82365325700188,86.64027192679751,87.26014072634047,6493300
2024-05-01,84.84642028808594,86.28338699228813,84.61162279050042,86.22703072036094,9783100
2024-05-02,86.7905502319336,86.82811152585738,85.38176524991027,85.77622332516857,7333300
2024-05-03,86.54634857177734,87.95513338684007,86.28337655277099,87.42918218337725,5736700
2024-05-06,87.6827621459961,87.6921560505196,86.85627768416948,87.16620487894842,6696300
2024-05-07,88.07723236083984,88.58439579367268,87.54189437598029,88.35899221200832,7113500
2024-05-08,87.89879608154297,87.94575845168823,87.09109920556718,87.45738276325501,5372900
2024-05-09,87.71095275878906,88.26507857997183,87.35406314147627,87.94575025673323,6429800
2024-05-10,85.4099349975586,87.47614998875854,85.35357872894184,87.41040697991446,10548400
2024-05-13,87.08169555664062,87.12865075608138,85.60716758372496,85.71986579474346,8792100
2024-05-14,87.1474380493164,88.60317820142717,86.96898966233186,87.3352731768627,7811000
2024-05-15,86.09555053710938,86.98778538774904,85.32541497938806,86.6778509501968,15614400
2024-05-16,86.18946075439453,87.19439373987736,85.96405716697852,86.1143310022231,12711700
2024-05-17,86.57453155517578,86.6778430249137,85.78560825585444,86.41487098029019,12019600
2024-05-20,86.18946075439453,87.06290771676379,85.30662705141063,86.6402750946774,9701500
2024-05-21,87.17560577392578,87.20378032430588,85.88891303811563,86.0016184050863,7809700
2024-05-22,86.87506866455078,87.11926005306918,86.07675865585853,86.35851133604082,7611900
2024-05-23,85.84197998046875,86.95022462907706,85.60718244614878,86.82812532534133,7729000
2024-05-24,86.1706771850586,86.59330979281052,85.92648579379384,86.18945783110176,6936800
2024-05-28,86.40547180175781,86.89384740262176,85.7949969265901,86.16128041860065,10835000
2024-05-29,86.09555053710938,87.081702960066,85.82318456157421,86.1049444439765,7237300
2024-05-30,87.76730346679688,88.17115545724778,86.36791235984191,86.6214976749012,9300100
2024-05-31,89.27001953125,89.28880017995893,87.31650245474682,87.81427204822708,12565600
2024-06-03,89.0060043334961,89.80743406493892,88.67600470213169,89.11914295370535,9668100
2024-06-04,89.32657623291016,89.67543710787525,88.07257759323574,88.90229200652108,7838400
2024-06-05,88.93058013916016,89.87344040662092,88.34600418369142,89.87344040662092,7463300
2024-06-06,90.25057983398438,91.26887058023824,88.61942851673777,89.43971948346213,9760100
2024-06-07,91.03316497802734,92.34374022150394,89.85458960127117,89.93944357554007,9397400
2024-06-10,90.51457977294922,91.44800936269107,90.13743425187144,90.26001068245691,7035100
2024-06-11,90.3919906616211,90.51455987180516,89.1191239086631,90.06198390732773,7301500
2024-06-12,88.32714080810547,90.98600619358936,88.15742569016172,90.84457572972754,9861300
2024-06-13,88.798583984375,89.12858365307257,88.36486910645058,88.66658411689598,8348200
2024-06-14,88.05371856689453,89.36429374479549,87.96886459687137,88.44029472398547,7426800
2024-06-17,89.57170867919922,89.68485447980501,86.7525590201993,86.7525590201993,6365400
2024-06-18,89.36429595947266,89.81687205783744,88.8268658889818,89.260580753461,6712000
2024-06-20,90.10914611816406,90.59943024122201,88.17627989316259,88.51571012968434,9393800
2024-06-21,91.62715911865234,91.65544377511837,89.96772306926835,90.47686846601523,15124400
2024-06-24,91.61772918701172,92.43802019792359,91.15572967655585,91.74030562388472,9466900
2024-06-25,89.33599853515625,92.06086377252021,89.10028349944344,91.74971819895082,9006500
2024-06-26,88.6854248046875,89.08143154095174,87.82742579526139,88.71370945868091,10160400
2024-06-27,88.80799865722656,89.32656741680488,88.05370766981012,88.41199193243435,25772700
2024-06-28,71.06336975097656,74.53309527625886,70.29022474121837,72.72279838095153,129967000
2024-07-01,72.43995666503906,72.65681049998638,70.04509070298218,71.18595077268098,44369000
2024-07-02,71.69508361816406,72.54365915574256,71.08222310805449,72.43051335291484,26183400
2024-07-03,70.9407958984375,71.58194109022357,70.73336551382258,71.18594155238713,15952000
2024-07-05,71.11994934082031,71.7422333686861,70.50708873622091,71.05394941069133,19603700
2024-07-08,68.87593841552734,71.17651234277622,68.82879252956455,71.1010889960689,29905000
2024-07-09,68.31963348388672,69.90363854257602,68.2442029588418,69.11163960995677,23445500
2024-07-10,68.39508819580078,68.48937278872383,67.57479713111829,68.13108845823493,21378200
2024-07-11,69.19651794433594,69.53594823322183,68.15937303649719,68.54594202506242,15876700
2024-07-12,69.22480010986328,69.81880669074849,68.98908503959532,69.36623059071466,14527500
2024-07-15,67.2353515625,68.83821805175133,67.1693516431071,68.82878743656615,20775800
2024-07-16,68.649658203125,68.79108869106379,67.42394409238015,67.42394409238015,20980700
2024-07-17,68.8947982788086,69.14936738155534,68.35736822327407,68.38565287986228,11161600
2024-07-18,68.24421691894531,69.70565306847753,68.21593226463023,68.80050816313357,14440100
2024-07-19,68.54593658447266,68.65908240293852,67.74450681900123,68.16879824315865,11913300
2024-07-22,70.58251953125,71.035088427025,68.89479880521391,68.94194469552306,19385500
2024-07-23,69.20592498779297,70.75221480224235,69.05506393591942,70.36563875190457,11041800
2024-07-24,67.02793884277344,69.19652052561207,67.01851541855804,69.06452065206052,18563300
2024-07-25,67.32964324951172,68.29135738718793,66.85821319912203,67.44278185779616,13855400
2024-07-26,68.41393280029297,68.62136319218365,67.76336416344314,67.88593339799112,8892000
2024-07-29,69.34737396240234,69.64908895334821,68.07450687569205,68.35736782683941,10471800
2024-07-30,70.07337188720703,70.23365639960697,69.26251151530384,69.47937253295581,8515700
2024-07-31,70.58251953125,71.11994959089087,69.69622858629901,70.2430892626923,14632900
2024-08-01,69.63021850585938,70.5165093216147,69.07393448725676,70.43164817011913,9563500
2024-08-02,69.78108978271484,69.89422840998492,67.81050810081052,68.6685143893574,11526600
2024-08-05,67.33906555175781,68.47050196995454,66.70735102116596,66.99963534564395,13191500
2024-08-06,68.35736846923828,69.05508304358509,67.42393883120445,67.56536930810724,13469700
2024-08-07,68.47052001953125,69.96966449718201,68.38565884890666,68.71565852699456,9571200
2024-08-08,69.9508056640625,69.96965970432456,68.87594553280118,69.04566066897155,8828000
2024-08-09,70.09222412109375,70.31851574936726,69.17765576560174,69.88480091868841,7186600
2024-08-12,70.37507629394531,70.71450650062444,69.81879229566383,70.4410762122745,7067300
2024-08-13,74.0145263671875,74.53310235924307,70.78051556429713,70.95023068956509,22114800
2024-08-14,74.03337860107422,74.57080861907644,72.99623383570442,73.54309446972839,13613000
2024-08-15,77.78597259521484,78.31397204668346,76.06053656758317,77.40882704697168,23583600
2024-08-16,78.47425842285156,79.1436883085618,77.72939799393248,78.14425159467604,13794200
2024-08-19,78.52139282226562,79.19082267135906,78.1819625898447,78.47425413042791,9627300
2024-08-20,78.78539276123047,79.10596895660618,78.0405323707319,78.7193928376902,7863100
2024-08-21,79.20025634765625,79.42654078019717,78.46482654680898,78.88911075700474,6915900
2024-08-22,78.64395904541016,79.84138812585623,78.4553827221639,79.62452715248584,8485500
2024-08-23,79.24739074707031,79.4265292665316,78.46481517255344,78.57795377569713,9219700
2024-08-26,79.4642562866211,79.68111729714408,78.61568067026312,78.70054182862513,7853300
2024-08-27,80.41653442382812,80.51081899001606,78.83252925413638,79.26624401336191,14954000
2024-08-28,78.05940246582031,80.54855299833876,77.20139616891927,80.19026868607351,11088600
2024-08-29,78.50253295898438,79.09653222491754,78.12538748500788,78.68167148419822,7477200
2024-08-30,78.5591049194336,79.08710428478796,77.36167573201871,78.82310460211077,13755300
2024-09-03,77.01538848876953,78.54963764456275,76.72180041086418,78.33180933720371,10133700
2024-09-04,76.73127746582031,76.79757179103169,75.45273992214979,75.85997855574524,12837400
2024-09-05,76.55133056640625,76.93962378823333,75.96414716753806,76.8354459718932,7596300
2024-09-06,76.36192321777344,77.54575562846064,76.09674591386583,76.59868969991088,8512200
2024-09-09,75.28226470947266,77.26163615415001,74.83714259019185,76.47556974033664,8003300
2024-09-10,73.95635986328125,75.34854765142477,73.44495072426434,75.34854765142477,9748400
2024-09-11,74.24995422363281,74.42989179786795,72.67782165317618,73.87112648883884,8265500
2024-09-12,74.24995422363281,74.88448652472832,73.4260044423713,74.08895478464524,7176900
2024-09-13,74.82768249511719,75.28227010337186,73.97532169771497,74.1552665398165,5814200
2024-09-16,75.57585906982422,75.75579667117096,74.52461537950833,75.13073695628913,9547700
2024-09-17,76.37139129638672,76.69339744996306,75.6326810727352,75.77474239856184,7580600
2024-09-18,76.61763000488281,77.43210722768993,75.9830976087891,76.39033622019267,7637000
2024-09-19,76.69338989257812,78.72011007974312,76.21038432257869,78.22763182881158,15067100
2024-09-20,81.94013977050781,83.34180050367057,80.32065792323986,83.21868453593892,52039300
2024-09-23,81.6370620727539,81.94959549409626,80.54794227653218,80.87941383301437,17712400
2024-09-24,82.83038330078125,83.60697705495237,82.07273491103886,82.81144516189195,21123300
2024-09-25,83.341796875,83.4365020172501,82.62202478792857,83.19973554885523,12392800
2024-09-26,84.6582260131836,85.82312032909425,84.33622705341928,85.1601698184279,13592800
2024-09-27,84.70556640625,85.48216006352926,84.48773809573355,84.71503186174397,9181000
2024-09-30,83.72063446044922,84.9991720941954,83.08610198507341,84.95181590476257,12027100
2024-10-01,84.41197967529297,84.89498529948749,83.06714785357575,83.34179782711618,20623400
2024-10-02,78.70115661621094,80.71841114032173,77.44155752682853,78.50227369034073,33208800
2024-10-03,77.75410461425781,79.34517552666225,77.64046133693256,78.03822725864893,18143800
2024-10-04,77.89617156982422,79.11788746819684,77.75411023735494,78.25605401661217,10322600
2024-10-07,76.55133056640625,78.10451790479189,75.85049667002009,77.79198445577147,12767400
2024-10-08,76.4945068359375,77.11010109409304,75.6989749765654,76.47556869785018,10569600
2024-10-09,78.08558654785156,78.54018139392083,76.77863810690485,76.84493243596287,11750600
2024-10-10,77.75410461425781,79.03264206293983,77.68781029397175,78.98529310590064,8370200
2024-10-11,77.80146026611328,77.91510354266332,76.88280524445949,77.69728244558313,10171100
2024-10-14,77.28057098388672,77.69728226503905,76.52292264833758,77.65939876443075,8177700
2024-10-15,77.7730484008789,78.34128645260273,76.75968825388411,76.75968825388411,11804400
2024-10-16,79.49671173095703,79.63876583154567,77.70675780814834,77.79199026850152,11220600
2024-10-17,78.98529052734375,80.27330061560077,78.96634516471536,79.65770638987607,9204500
2024-10-18,78.53070068359375,79.5061773795366,78.25605071255968,79.34517791478741,7214800
2024-10-21,77.16693115234375,78.69170057304476,77.12904765004433,78.46440678478749,7550200
2024-10-22,77.11011505126953,78.05718108891875,76.93017741748369,77.0438207176557,7308800
2024-10-23,75.8126220703125,76.75021521253697,75.56638293302265,76.71233171252786,7253100
2024-10-24,74.8560791015625,76.52291687487413,74.84660642074039,76.23879425451771,7424500
2024-10-25,74.67613220214844,75.367493372032,74.36359877361731,75.02654912736863,9385400
2024-10-28,74.73296356201172,75.42431752950364,74.64772388522296,75.12125677138285,6617200
2024-10-29,74.24995422363281,75.26331425952229,74.0605367434668,74.70454172495512,7241100
2024-10-30,72.4031753540039,73.97530800323558,72.37476453693994,73.87113019030875,15691300
2024-10-31,73.04718780517578,73.24607077041159,71.2193503907258,72.16641625882343,13990100
2024-11-01,73.92794799804688,73.994242309611,72.88617714823722,72.9714168205557,9623700
2024-11-04,73.10401153564453,74.39202160382783,73.02824453738936,73.86165984158029,6593800
2024-11-05,73.85220336914062,73.87114150823868,72.92407559146639,73.16084207065947,5629200
2024-11-06,71.33300018310547,72.8767149314808,71.1435899015948,72.80095515419998,16193700
2024-11-07,71.90123748779297,72.32742145496391,71.22882160238709,71.69288184502571,11831100
2024-11-08,71.86334991455078,72.50735494409297,71.2667010649682,71.50346751368903,8140800
2024-11-11,72.54524993896484,73.30290558515017,72.07171696648395,72.11907315394794,9877200
2024-11-12,72.6020736694336,73.331311216193,72.1095953666144,72.4126561585265,9013900
2024-11-13,72.469482421875,73.19872724069234,72.42213346028225,72.83884478532073,6835300
2024-11-14,71.67394256591797,72.90513103964258,71.66446988443239,72.62100839938647,6991600
2024-11-15,72.6020736694336,73.53966686542118,71.60765160740426,71.97700672174905,13584900
2024-11-18,70.92575073242188,72.1664045053974,70.31962925359888,72.12852823531668,12595100
2024-11-19,69.99763488769531,70.7742285340538,69.70403958412453,70.55640022660054,12028400
2024-11-20,69.47674560546875,69.93133312968475,68.86115140861861,69.76086822725756,12290300
2024-11-21,71.12464141845703,71.56029082725443,69.3252149208756,69.47674891986884,12818600
2024-11-22,73.30290222167969,73.39760736672241,71.8160090453367,72.10012448046488,12248600
2024-11-25,75.06444549560547,75.6326835923027,74.25944092315612,74.34467338616797,18328900
2024-11-26,73.50178527832031,74.72350115973059,73.46390177515184,74.72350115973059,9495600
2024-11-27,74.1931381225586,74.86556126083252,73.48283870727761,73.50178407132044,8713500
2024-11-29,74.60037231445312,74.98867277334797,73.89954562279722,74.06054507990729,7123500
2024-12-02,75.2857437133789,75.29526474384673,73.48665386313262,74.17202280844899,11221000
2024-12-03,75.06680297851562,75.5808296336053,73.87692847944255,75.2000683414184,9414500
2024-12-04,74.60037231445312,74.73363767397265,73.39145578713217,74.0768246431854,15042600
2024-12-05,74.80027770996094,75.1048853134504,74.3433626735177,74.49567010647148,8316500
2024-12-06,75.09535217285156,77.27520293414138,75.04775429212496,75.40948075584645,13931100
2024-12-09,73.9054946899414,75.62843088271644,73.79126410750945,75.61891711432774,12043400
2024-12-10,73.04878234863281,74.32433174760838,72.93455903038502,73.7722281680157,12193100
2024-12-11,75.05728912353516,75.18104073121505,72.6394630388162,73.09637808559907,12033200
2024-12-12,74.2101058959961,75.55228807028654,74.11491737058418,74.92403073021383,6983200
2024-12-13,73.53425598144531,74.08635958163278,73.0773409041546,73.62944450434206,8037300
2024-12-16,73.48664855957031,75.21910559634638,72.9726291500984,73.0678176606518,13034000
2024-12-17,74.24818420410156,74.98114385270328,73.5342593559852,73.63896891470246,12452400
2024-12-18,73.20108795166016,75.20007585741148,73.14396903155183,74.22914136458998,14376900
2024-12-19,73.39147186279297,74.19107145747176,72.75370075076398,73.23917167387543,27067600
2024-12-20,73.23915100097656,74.24816216280536,71.25919826698835,72.30628628090349,49883400
2024-12-23,73.06781768798828,74.6384535311694,72.096875997694,72.65850055627948,14203800
2024-12-24,73.09638214111328,73.40098976839593,72.68706496110048,73.05830527990061,4919100
2024-12-26,73.23915100097656,73.73413555326513,72.85838974253006,72.91550138945111,6363500
2024-12-27,72.74417877197266,73.22964968876094,72.15400556177798,72.83936729660867,6334400
2024-12-30,71.05931854248047,72.12544162582239,70.9641300189562,71.96362040958925,9042900
2024-12-31,72.03024291992188,72.71561181228125,71.18305283420482,71.29728340373731,9425600
2025-01-02,70.1264419555664,73.00118282134763,69.7171248360976,72.58234467237928,10883400
2025-01-03,69.78376770019531,70.62144412036082,69.49820213529964,70.36442712329416,10083500
2025-01-06,68.53677368164062,70.74518054310789,68.50821785459347,70.20259804195828,14947300
2025-01-07,68.62244415283203,69.90751452529078,68.51774186990293,68.91753799081899,10463500
2025-01-08,67.86093139648438,68.36543708227757,67.59440063888935,68.11794112347428,11855000
2025-01-10,67.77525329589844,68.9080162221058,67.67054375167332,68.39398953111468,15677400
2025-01-13,68.61293029785156,69.10791493324957,67.37545781572929,67.74669810788234,14584300
2025-01-14,67.74669647216797,68.7366729814796,67.1374812760405,68.60340761122784,16732900
2025-01-15,67.6515121459961,68.77475409506975,67.43257201708055,68.5272581368214,13468100
2025-01-16,67.6895751953125,67.80380575175586,66.93757370583185,67.48967716834933,13694600
2025-01-17,67.43257141113281,68.0798634990607,67.43257141113281,67.99419601183212,9711300
2025-01-21,69.6504898071289,69.74567831166348,67.71813484164922,67.87044225883844,14199900
2025-01-22,70.47864532470703,71.1068952670388,69.49818992555372,69.85038811995787,13029300
2025-01-23,70.71662902832031,70.91652709225795,68.88898336167473,69.81231996298148,10677400
2025-01-24,70.03125762939453,70.67854968807836,69.72665002897966,70.50720745894388,8106700
2025-01-27,71.94457244873047,72.20158214147202,69.8884658571281,69.9075079158008,11665400
2025-01-28,70.81182098388672,71.96361879627207,70.59288811093093,71.70660906227644,8694400
2025-01-29,72.89647674560547,73.40098239677334,70.74518150886475,70.86892584856432,11764800
2025-01-30,74.56229400634766,74.9811248727792,73.15347946721262,73.15347946721262,10902100
2025-01-31,73.20108795166016,75.06681048118928,73.06782257543796,74.35288571039106,13098000
2025-02-03,72.90599822998047,73.00119401473717,69.6981007264371,71.29729259393845,18539200
2025-02-04,73.02973937988281,74.40047714485974,72.3824473533568,73.81981780066356,11943700
2025-02-05,70.983154296875,73.09637261299842,70.8213331046286,72.62994383317498,9807400
2025-02-06,68.2892837524414,71.7732402071291,68.18457420244248,71.6209327662512,16059400
2025-02-07,65.37647247314453,67.4040162440705,65.3193608144312,67.16604131620706,27428700
2025-02-10,67.52775573730469,67.53726950377079,65.79529886382812,66.02375272010603,16201300
2025-02-11,67.90851593017578,68.52725214044584,67.11844475890133,67.17555641256946,9636600
2025-02-12,68.7842788696289,68.96513488605358,66.9471120375632,67.20412177796607,10810900
2025-02-13,69.6885757446289,70.05981604439334,68.18457248473186,68.96512994352098,9739600
2025-02-14,69.5267562866211,69.96462928548904,68.86042212645104,69.65050063551251,9254400
2025-02-18,73.8578872680664,73.94356200943999,70.91652095856429,70.91652095856429,28252400
2025-02-19,73.08685302734375,73.94356415383615,72.4300399532966,73.1249298843454,14184100
2025-02-20,73.51522064208984,73.55329024103402,72.66802318599808,73.21061301360537,10689600
2025-02-21,72.8203125,74.2386407361311,72.21109739471885,73.67702351130691,12823400
2025-02-24,76.41850280761719,77.18953920082554,74.96209750381566,75.08584184395464,24553500
2025-02-25,77.78925323486328,78.01770715461022,76.19958230332475,76.44707102370928,15522500
2025-02-26,77.26569366455078,78.47461029978831,76.95156503374878,78.15096063890859,16058100
2025-02-27,76.17101287841797,77.57030663761321,75.63795135583636,77.57030663761321,11651900
2025-02-28,75.60939025878906,76.17100757203892,74.41951568419047,75.43804802955015,14113800
2025-03-03,75.01622772216797,77.45585313168607,74.51873050118161,76.52783592642467,8628800
2025-03-04,73.9734115600586,75.24584784061416,73.45678313112978,74.33696165485587,10034100
2025-03-05,74.44219207763672,74.92055086451099,73.15062481291137,73.98297172977588,9853600
2025-03-06,74.34651947021484,74.93968697521304,73.41850228464334,73.41850228464334,9623700
2025-03-07,75.18842315673828,75.5806808266579,73.63854551252444,74.1264734704909,9294300
2025-03-10,73.09322357177734,76.71918402626824,72.76793580345647,74.15518065498178,15822600
2025-03-11,70.9597396850586,72.78707372856323,70.43354940647755,72.62443349513867,12837000
2025-03-12,70.3952865600586,71.27546504777237,70.0604368418171,71.14152516047577,12304900
2025-03-13,69.49596405029297,70.73969981721682,68.56794683485876,70.01259241659169,10195900
2025-03-14,68.55838775634766,70.35701424384321,68.2330999718571,70.10826562031232,12183000
2025-03-17,70.51007843017578,70.74925781060267,68.91236192072628,69.01760143204815,15996900
2025-03-18,70.13695526123047,70.95017094857786,69.57249545857053,70.69185314461399,8972300
2025-03-19,69.83081817626953,70.25177627165544,69.16111875104312,69.49596846365633,10830500
2025-03-20,68.74972534179688,70.46225067242347,68.42443757158485,69.7638436328813,25202300
2025-03-21,64.99939727783203,65.75520507166452,62.349285389445505,63.70782265468438,77287000
2025-03-24,64.47319793701172,65.90827432492415,63.80349854232297,65.59255576778118,26552500
2025-03-25,63.65998840332031,65.10463398731201,63.37297021075809,64.63583711951533,17394100
2025-03-26,62.89461135864258,63.70781983784073,62.138803598228165,63.506910022921836,18688300
2025-03-27,62.952022552490234,64.19575108366332,62.464094520685364,62.66500434574003,16435800
2025-03-28,60.550655364990234,63.00941920696157,60.40714627087853,63.00941920696157,19600300
2025-03-31,60.73242950439453,61.22035749760599,59.93835583740158,60.120130857655916,17400000
2025-04-01,61.957027435302734,62.33971589570316,60.560217109552525,61.067279867021234,13489500
2025-04-02,62.14836883544922,62.56932687735827,61.38299920373091,61.516939071761,11161400
2025-04-03,53.17436218261719,56.14018507210786,53.00215273488286,53.93016625924255,71499500
2025-04-04,54.77207946777344,56.656814199860115,50.2276711276525,50.9165089281284,67775700
2025-04-07,53.203060150146484,54.70510631599198,51.088715375241364,53.002150353346465,45374400
2025-04-08,50.9643440246582,56.226290518498864,50.10329677492188,56.226290518498864,30404300
2025-04-09,56.75248336791992,56.972527961017505,50.208535342070824,50.97390863319019,44732500
2025-04-10,52.045440673828125,54.77208446693184,50.01719666499112,54.75294967632906,53919800
2025-04-11,52.03586959838867,52.648168277493504,50.572092840554426,52.04543881814294,22617100
2025-04-14,53.011722564697266,54.23631993625647,52.30374992827207,53.231767176800055,28346600
2025-04-15,52.456825256347656,52.99258475104269,51.82538816687793,52.31331616336129,15977100
2025-04-16,51.23223114013672,52.76298162105847,51.031321302822015,52.3515927258398,19094900
2025-04-17,53.34657669067383,53.59532533338678,51.32790543413293,51.49054568933202,18935100
2025-04-21,53.69099044799805,53.92060427678134,51.184391369186095,52.83951237177184,17280900
2025-04-22,54.59030532836914,55.57572324803964,53.80579722054815,54.19805127445865,16852200
2025-04-23,54.9060173034668,56.637677310055686,54.24588353555661,56.44633307817823,21660300
2025-04-24,55.94884490966797,56.15932394991089,54.6572776072035,55.3078458683289,14508500
2025-04-25,55.12606430053711,55.72879737992128,54.15978117925326,55.69052780195673,17156000
2025-04-28,54.82948303222656,55.56615596927234,54.34155504749823,55.231302643567304,13321200
2025-04-29,55.049530029296875,55.2408742738248,54.28415670077308,54.532901663947854,12968000
2025-04-30,53.9588737487793,54.140648777744985,52.38028825921435,53.44224537223935,17205900
2025-05-01,54.30328369140625,54.73380729630178,53.824924941430695,54.22674818919573,10527000
2025-05-02,56.054080963134766,56.15932047674771,54.829483676557494,55.36524316464116,14723900
2025-05-05,54.86775207519531,55.81490409077304,54.810351355794694,55.60442505406955,15971000
2025-05-06,54.57117462158203,55.221742903504605,54.33199521351015,54.67641414506776,11440300
2025-05-07,56.08278274536133,56.26456141879421,55.06866446026372,55.365244570243036,11883500
2025-05-08,56.3602294921875,57.776170997277084,56.25498998005453,57.106467997002724,19009000
2025-05-09,55.776634216308594,56.80989095510779,55.7000987076501,56.580277129956436,13954400
2025-05-12,59.87138748168945,60.72286553788961,59.13471451238682,59.68004323713497,29776600
2025-05-13,59.689613342285156,60.06273264024278,59.287793682819455,59.90009239224615,17003100
2025-05-14,59.058170318603516,60.14882767509509,58.857260521268245,59.36431962394896,13736300
2025-05-15,59.69917678833008,59.967056535397525,57.80487282107708,58.01535185068027,14371100
2025-05-16,60.378448486328125,60.99074716808145,59.79485016478573,59.79485016478573,12950600
2025-05-19,59.39303207397461,59.72788178380367,59.0868790755176,59.46000201594042,15105300
2025-05-20,59.852256774902344,60.454986259418526,59.584373354418105,59.79485240274397,10771800
2025-05-21,57.3839225769043,59.08687877759966,57.28825227446069,58.522415234170914,17354700
2025-05-22,58.66592025756836,58.95293479452719,57.55612803829647,57.95795130970911,16764500
2025-05-23,57.42218780517578,57.76660670720715,56.91512867140061,57.26911314311604,14282400
2025-05-27,60.110565185546875,60.1201307551912,58.20669566260025,58.484144626927005,16642100
2025-05-28,59.10601043701172,60.378446559718576,58.895535052867565,60.02446207992295,10015600
2025-05-29,58.78072738647461,60.17753784086584,58.48414726945861,59.785283775144705,12218000
2025-05-30,57.96752166748047,58.47458084630963,57.498728420375436,58.35977575196094,18155100
2025-06-02,59.29656219482422,59.32545328612132,57.39930215769087,57.832686896356066,14065300
2025-06-03,60.067020416259766,60.14406822292316,58.22754628134993,58.97874770095152,10286100
2025-06-04,60.45225524902344,60.7122860992871,59.97071745383336,60.07665635658987,10242300
2025-06-05,60.35594177246094,61.30938816476974,59.9321898613468,60.61597260672698,12336300
2025-06-06,60.481143951416016,60.76043674331307,59.8262522819258,60.355943100937736,13299600
2025-06-09,59.62400817871094,61.14566933731811,59.595117087343525,60.962682628413205,11640000
2025-06-10,61.51163101196289,61.79092746187084,59.951449734300084,60.07665057768187,15287000
2025-06-11,60.779701232910156,62.45545070657546,60.26927234449421,62.02206962900667,10238700
2025-06-12,60.481143951416016,60.606344801894295,59.479544495273124,60.42336176953502,9830500
2025-06-13,58.29496383666992,60.46188389742779,57.89047385543918,59.46991722302134,16509700
2025-06-16,59.6143798828125,59.88403986963414,58.97875014684595,59.11358014025676,13681600
2025-06-17,57.7845344543457,59.03653196608818,57.476350564496535,59.03653196608818,13649700
2025-06-18,57.312625885009766,58.2179192772937,57.17779589224622,57.784534533523924,14194300
2025-06-20,57.5822868347168,57.82305571727657,57.00443931226839,57.543762931785245,19084000
2025-06-23,58.53573226928711,59.03653200911746,57.24521085191245,57.38004451843127,15921300
2025-06-24,59.152099609375,59.691423249912745,58.24680989824832,59.0654263351632,12564000
2025-06-25,58.58388900756836,59.25803897118913,58.131242311558616,59.180994835564654,12186200
2025-06-26,60.23074722290039,60.413730259204854,58.57425606155266,59.28693360213117,39659800
2025-06-27,69.37996673583984,71.45058073433762,67.11674055744241,67.21304664739225,117530300
2025-06-30,68.41688537597656,69.06214420672113,67.47306813955613,68.81174251580418,31090400
2025-07-01,70.69937896728516,71.20980782820958,69.17771784958661,69.33180611529811,27512900
2025-07-02,73.5693359375,74.00271696800915,70.304510621128,70.46823169063742,36882300
2025-07-03,73.5693359375,74.1857036619802,72.78924714351038,73.4537642337789,12022600
2025-07-07,73.70417022705078,74.63835468061816,73.04927856304255,73.23226526771175,17296900
2025-07-08,71.1905517578125,73.48267655476482,70.93052455991236,73.31894810663663,19572400
2025-07-09,70.84383392333984,72.15361723727541,70.70900393640676,71.3927866837626,12076700
2025-07-10,71.86469268798828,72.7121964383959,70.25635110305919,70.42007951371552,13033000
2025-07-11,69.94817352294922,71.11349403959457,69.72667026440845,70.96903858736503,12771400
2025-07-14,69.58220672607422,69.90002341297291,68.40725340918803,69.66887999649215,11385400
2025-07-15,69.3318099975586,70.18894668893364,68.93695282457006,69.59184452280216,9708300
2025-07-16,69.43775177001953,70.02522849481247,68.52283285642213,69.24513958221502,9008600
2025-07-17,70.28526306152344,70.50676634282705,69.37996961354176,69.45701742777084,9180400
2025-07-18,69.7940902709961,70.57417915979865,69.45701527877793,70.57417915979865,8801000
2025-07-21,71.28684997558594,72.04768055245476,70.21784285999524,70.23710113828407,12743900
2025-07-22,72.60626983642578,72.7507326478333,71.30611922912577,71.33501032187051,11297500
2025-07-23,73.91604614257812,74.35905999995174,73.02038561528191,73.33820230025094,16428100
2025-07-24,72.6351547241211,74.6768774933077,72.62552925915101,73.68491087283263,10037800
2025-07-25,73.45376586914062,73.74269146103455,72.74109204953409,73.10706544562414,7208400
2025-07-28,76.3141098022461,77.03641651469812,74.69614247244621,76.08297371161292,22631100
2025-07-29,75.43771362304688,76.4393131302507,74.8887608241421,75.85183642556687,12885500
2025-07-30,73.8486328125,75.40881783481935,73.15521724702474,74.90801443856131,14601700
2025-07-31,71.93211364746094,73.57897192113467,71.56614024374466,73.53081520558784,16700000
2025-08-01,71.86469268798828,71.94173313971075,69.85186117770662,70.72826336365307,11911600
2025-08-04,72.05731201171875,72.48106760294634,71.42168597256067,72.25955699452739,8839000
2025-08-05,71.63356018066406,72.914452486705,71.4987301850475,72.14399641856522,6533800
2025-08-06,72.69295501708984,73.17449285349755,71.50836870654578,71.72024653019466,7579800
2025-08-07,71.60466766357422,73.53081881712126,71.2675926812402,73.50192772544742,8717600
2025-08-08,71.4505844116211,72.19214942485226,70.68012095700239,71.4602098777329,6739000
2025-08-11,71.28684997558594,72.02842227416595,70.35267285106734,71.57577558370241,6985700
2025-08-12,72.1343765258789,72.92409836209434,71.59504909912532,71.96102259365186,6397700
2025-08-13,74.34942626953125,74.82133855872593,72.41364978901723,72.6929425680254,13472600
2025-08-14,73.5693359375,73.7715809082498,72.56773654829898,73.10706381798128,7990500
2025-08-15,74.1279296875,74.6383585769777,73.34784080718005,73.9064190677746,9767700
2025-08-18,74.57093811035156,75.37029255864182,74.01235254303911,74.26275423660731,9069100
2025-08-19,74.04125213623047,75.88073012503953,73.84863994840136,75.31251167988091,7684800
2025-08-20,73.44414520263672,74.69613903804539,73.34783911494121,73.85826799264258,6282600
2025-08-21,73.3670883178711,73.4152450296036,72.35585615294926,72.90480886735988,6354900
2025-08-22,75.48587036132812,76.21780994719387,73.43452177526419,73.71381460865618,10985900
2025-08-25,76.24669647216797,77.20977210985411,75.49549865040221,75.57254646486126,12488900
2025-08-26,75.74589538574219,76.54524987582896,75.48586086598696,76.08297036719941,6874800
2025-08-27,75.17767333984375,76.57413726359711,74.78281619428809,76.044442784297,12636700
2025-08-28,75.0428466796875,75.75552789209247,74.85023450468715,75.67848008301894,7478600
2025-08-29,74.5131607055664,76.20816844594772,74.27239180915824,74.87912678294073,14208800
2025-09-02,71.918701171875,73.62252491851012,71.63795694080282,73.22560836862144,15078700
2025-09-03,72.35433197021484,72.78028973878799,71.55083079658979,72.02518815694856,8300100
2025-09-04,72.94486236572266,73.35145439290224,72.1316783113635,72.36401555748499,11096200
2025-09-05,71.55082702636719,73.00294764903971,71.27975830600634,72.41241800495015,13758400
2025-09-08,71.78317260742188,72.1994475297751,71.35721481174835,71.88966205634026,13793300
2025-09-09,71.25072479248047,72.17040571797112,70.71828493801893,71.62827560439858,8740200
2025-09-10,71.8799819946289,73.0513585926816,70.98934964689988,72.84806256021314,11359300
2025-09-11,71.9574203491211,73.11911391423882,71.64763490603187,72.0348685563603,9803400
2025-09-12,70.66987609863281,71.90901794985625,69.63403026495058,71.87029384377202,11806000
2025-09-15,70.69892120361328,70.87317599760154,70.26328791157687,70.8441347629149,10323800
2025-09-16,70.4278564453125,71.03774450200889,69.78891976945793,70.47626342470807,8813600
2025-09-17,70.00189971923828,70.97966310803291,69.32424631266866,70.73764297913401,11108700
2025-09-18,69.7986068725586,71.25072771201211,69.34360782779086,71.09583866312204,14918400
2025-09-19,68.62722778320312,69.94381788724424,68.48201422737083,69.71148062943352,33415600
2025-09-22,69.00477600097656,70.17615250511973,68.18190906337311,68.53041862991283,12336300
2025-09-23,68.66594696044922,70.10838477018535,68.47233382381926,69.28551786070639,10432400
2025-09-24,68.94669342041016,69.24679600770449,68.20126730982568,68.4142461985641,10024500
2025-09-25,67.02989196777344,68.88861214701771,66.84596169457153,68.88861214701771,13075300
2025-09-26,67.09764862060547,67.22350379667212,65.85850691878302,67.16541395161553,15627600
2025-09-29,67.33000183105469,67.72691099600286,66.54585160247987,67.54297333724722,18479300
2025-09-30,67.50425720214844,67.9689317107939,66.62330039296135,67.83340103028328,40567700
2025-10-01,71.8315658569336,72.30593059143655,69.32424105685064,71.9767794004372,57921900
2025-10-02,72.18976593017578,74.51316071486542,71.52178799078705,72.6060408598738,26254400
2025-10-03,69.634033203125,72.39306125169745,69.62435032972837,72.39306125169745,18794900
2025-10-06,68.8982925415039,70.07935202116641,68.74340349062464,69.72115955058837,14039600
2025-10-07,66.7104263305664,69.29519931977627,66.70074345817211,68.95637264465154,17368000
2025-10-08,66.88468170166016,67.2138329295449,66.47808964298058,66.71043429297045,13051800
2025-10-09,65.88756561279297,67.43650053650491,65.72299367755603,67.33001107585298,13410900
2025-10-10,63.138214111328125,66.30383423290078,62.80906288649901,66.00373162845207,18806100
2025-10-13,65.22926330566406,65.36479398868953,63.45768155301159,63.602887723490106,13191200
2025-10-14,65.48097229003906,65.82948190274665,63.951403143807866,64.34831974167388,9483700
2025-10-15,66.27479553222656,67.3106414560122,65.95532716864356,66.39096786058457,13001500
2025-10-16,64.70650482177734,66.83628660828657,64.45480917946807,66.41032877381093,15349700
2025-10-17,65.21958923339844,65.60681554423455,64.20310170278255,64.50320430944106,10054000
2025-10-20,65.46160888671875,66.00373162657674,65.31639532829439,65.40351903182797,9670000
2025-10-21,66.17798614501953,67.07830134047416,65.25831258859388,65.58745642618003,9659200
2025-10-22,66.87500762939453,67.14606900758463,65.79075473076556,66.04245774731433,8096100
2025-10-23,67.45584869384766,67.65914471000714,66.54585067172312,66.88467736532226,9124900
2025-10-24,66.90404510498047,67.8430843879882,66.71043195597335,67.48489193787002,7102900
2025-10-27,66.40064239501953,68.19159734861069,66.08118142189274,67.80436364551345,9838100
2025-10-28,65.27767181396484,66.4200071589601,64.909803863697,65.9359668837226,11262400
2025-10-29,63.26406478881836,65.04533690689054,62.876831077422786,64.87108210605597,15143100
2025-10-30,62.828426361083984,63.89331344126477,62.508958021269315,63.099487721217116,13895200
2025-10-31,62.52831268310547,63.16724932494206,62.199168875517664,62.92522921258596,17822500
2025-11-03,60.650245666503906,62.78001984250822,60.35013937777082,62.65417203462726,22633300
2025-11-04,59.27557373046875,60.5921639159181,59.16908427533176,60.427588296269754,13725400
2025-11-05,60.12748336791992,60.843860904691084,58.917382684111956,59.32397474126301,20979800
2025-11-06,59.91450119018555,60.48566882943341,59.701522299740375,59.90482201013532,15164600
2025-11-07,59.140037536621094,60.1952454229848,58.365573879871135,59.769291335005825,15504800
2025-11-10,58.85929489135742,60.108119648757466,58.55919229356415,59.778972124162124,13063100
2025-11-11,61.1342887878418,61.56992208511435,59.285255067572216,59.759612473515205,17646400
2025-11-12,62.15076446533203,63.10916946766606,61.705452019444756,62.05395789356532,14812200
2025-11-13,63.92234802246094,64.1450097656087,62.80905407845679,63.612562587994915,21923600
2025-11-14,62.121726989746094,62.98331808655771,61.715134932212884,62.867153147758756,17760100
2025-11-17,60.89226531982422,61.51183625294994,60.27269069376444,61.056837233277086,17064700
2025-11-18,60.495357513427734,60.75673602216533,59.711210908411836,60.40823011287041,14614600
2025-11-19,60.640567779541016,61.20205629631999,60.030675971679045,60.437271741231825,11732100
2025-11-20,59.46918869018555,61.792583495495364,59.449826635965636,60.94067157449054,13886600
2025-11-21,60.79545974731445,61.47311689259131,59.575679840163595,60.03067520203152,12476900
2025-11-24,59.95322799682617,61.05683921896471,59.95322799682617,60.514712788381665,16681700
2025-11-25,61.64736557006836,62.07332334687586,59.895138563051084,60.35013757266493,11527200
2025-11-26,62.2766227722168,62.799387148957635,60.96003264987729,61.47311415319653,13791000
2025-11-28,62.567047119140625,62.71226068770707,61.92811775766473,62.41215806230695,4941400
2025-12-01,63.70692825317383,64.2914833854514,61.943518164780315,62.12862642281567,12047300
2025-12-02,63.258766174316406,63.78486799918485,62.91777631551875,63.76537861695558,9051200
2025-12-03,63.960235595703125,64.94424127862759,63.30748251514852,63.40490712772031,12028300
2025-12-04,63.99920654296875,64.39864968202055,63.33670877522936,63.91151918906574,10619500
2025-12-05,64.16483306884766,64.37917168819988,63.21005397346649,64.00894773367445,10917900
2025-12-08,61.904544830322266,64.10637677150996,61.64149391434795,63.911520111702195,12867300
2025-12-09,61.699954986572266,62.30399580582035,61.3492204087795,61.87531855895763,9300200
2025-12-10,64.09663391113281,64.44736847578369,62.11888149746499,62.33322011286516,20302100
2025-12-11,65.99642944335938,66.07437209710965,63.872540443298085,64.13559504145012,16153500
2025-12-12,65.73339080810547,67.36040489291355,65.39240094497526,66.41537053436588,14829200
2025-12-15,66.03541564941406,66.59074417472607,64.97347462661587,65.67494380238308,15287500
2025-12-16,65.39240264892578,66.44459890642761,65.0221787024332,65.55802523918734,16376700
2025-12-17,63.99920654296875,65.10986347226398,63.93100857127594,64.84680884357638,13205500
2025-12-18,63.94075012207031,65.27549043826299,63.7166742427596,64.31097407870494,35650000
2025-12-19,57.19886779785156,58.82588575346562,56.72148194419728,57.67625736801697,108652700
2025-12-22,55.747215270996094,57.55934131464141,55.6692726075439,57.47165767651306,38695900
2025-12-23,55.86412811279297,56.11743434761318,55.523138235821364,55.708246495247245,23276700
2025-12-24,58.455665588378906,59.02073880632525,57.36449420468562,57.36449420468562,36073300
2025-12-26,59.36172103881836,59.36172103881836,58.31926210105957,58.45565804184885,22303600
2025-12-29,59.634517669677734,60.16061952591558,58.95253419490768,58.98176455348374,18062100
2025-12-30,59.61503219604492,59.72220150597902,59.07918936288537,59.72220150597902,13507800
2025-12-31,62.07017135620117,62.54755719524382,60.32624316359164,60.64775109791551,35457400
2026-01-02,61.65123748779297,62.47935788607347,60.94002737381433,62.35270662662601,22284100
2026-01-05,62.86906433105469,63.68744747775536,61.758407329335284,62.09940092654573,23482500
2026-01-06,63.66796112060547,63.74590379219075,61.77789593279604,62.41116341512634,19973200
2026-01-07,61.59278106689453,63.92126424174808,61.56355070992461,63.833576887349054,18284100
2026-01-08,63.58027267456055,64.04791377539672,60.111902300266735,60.579547117613544,21573900
2026-01-09,64.22328186035156,64.82732634235958,62.74240844490857,63.43413284705153,18470400
2026-01-12,63.950496673583984,64.63247645613012,62.58652967546956,63.57053544716226,13901100
2026-01-13,64.593505859375,65.35342823345825,64.15508395915832,64.54478983723268,13685200
2026-01-14,63.882301330566406,65.4021462989491,63.36594412633497,64.58377052613457,15939100
2026-01-15,62.92751693725586,64.06740800191174,62.557300418346685,64.06740800191174,13295300
2026-01-16,62.722923278808594,62.927517205896706,62.040943521848234,62.73266797048571,15903000
2026-01-20,61.99222946166992,62.91777816976848,61.39792964752734,61.85583351413113,20406000
2026-01-21,63.72642135620117,63.736158615308575,61.972748423979425,62.23579936381269,17166400
2026-01-22,63.77513122558594,64.83707969827556,63.57053728490754,63.72642263000862,11853700
2026-01-23,63.365936279296875,63.76537942379368,62.78138116638703,63.570530197164246,11243900
2026-01-26,63.317222595214844,63.950493754687336,63.112628669789295,63.14185531156126,14765900
2026-01-27,61.46613311767578,63.16134907162966,61.26153917807255,63.08340639948871,13536700
2026-01-28,60.63801193237305,61.846093603832706,60.37496099185092,61.42716103742832,10363600
2026-01-29,60.988739013671875,61.319987912653296,59.87808203370795,60.33598590725868,12739400
2026-01-30,60.21907043457031,60.910794814547664,59.44940339495634,60.63800293884067,14309200
2026-02-02,60.57954788208008,60.959509068687254,59.576060264475394,60.072931727766935,11006300
2026-02-03,59.36172103881836,60.920537099996736,58.87459055513629,60.18984137447362,17322100
2026-02-04,62.567047119140625,62.75215910105046,59.92679679428216,60.131394443577825,20957700
2026-02-05,61.08616638183594,62.91777813060001,60.49186656806334,62.53781692940398,12506200
2026-02-06,62.27476501464844,62.586528255743445,61.37844662562803,61.38818760093869,11961500
2026-02-09,60.80363082885742,62.26502237614594,60.76465949563378,61.933773476766774,12920800
2026-02-10,61.417415618896484,62.53781727897757,60.686719853585565,61.3784442861173,13003400
2026-02-11,60.745174407958984,62.362451303555666,60.092421294540884,62.25528199442471,15511900
2026-02-12,59.527347564697266,61.10565311232175,59.28378230671321,60.72569190450837,13602400
2026-02-13,61.505104064941406,61.748669339075406,60.004741084313274,60.004741084313274,20180900
2026-02-17,63.1515998840332,63.1515998840332,61.31998810072355,61.31998810072355,12347500
2026-02-18,63.86281204223633,64.44736716038283,62.6547230406424,62.6547230406424,11211500
2026-02-19,63.9212646484375,64.14534051539786,62.59626909703367,63.5218140715633,10778300
2026-02-20,63.7166748046875,66.72713791195737,61.69995470799566,63.61925018530095,33436800
2026-02-23,61.46613311767578,63.297745031365146,60.4529006789105,62.937265747480026,17748800
2026-02-24,62.44038391113281,63.03468371566968,60.98873710263497,61.651234879838945,14296100
2026-02-25,61.768150329589844,62.5670440709322,61.63175066453432,62.245536149496175,9500800
2026-02-26,62.303993225097656,63.38541983981638,62.13836691843999,62.55729945606066,10319100
2026-02-27,60.57954788208008,61.10564970192572,59.93653578555007,61.10564970192572,18017400
2026-03-02,59.83419418334961,60.34417302651048,58.00023446705245,58.74558959981803,15335000
2026-03-03,58.245418548583984,58.95154370242014,57.49025775710461,58.29445418622719,17438600
2026-03-04,57.50987243652344,58.34349323648078,57.48045180233907,58.04927192991976,15971300
2026-03-05,56.901824951171875,57.65698577354873,56.32319542447685,57.4706451052293,22040200
2026-03-06,55.911285400390625,56.440879264509675,55.66610347157766,56.36242299270278,16323700
2026-03-09,55.44053649902344,55.61706778691351,54.32250750317256,54.665764447927394,18053100
2026-03-10,54.99921417236328,56.13685821595527,54.724607857579365,55.60726433156431,15706400
2026-03-11,54.62653350830078,56.48991388916097,54.34212157809426,56.48991388916097,20245300
2026-03-12,53.086795806884766,54.39116180955824,52.98872078412538,54.21463050977091,18611800
2026-03-13,52.93968200683594,53.81252908119355,52.7043094485176,53.292744585492805,14377100
2026-03-16,53.734073638916016,54.00867620825602,52.93968282466604,53.22409476644214,13115200
2026-03-17,54.05771255493164,54.606921441984454,53.94002627241299,54.381354508332265,9861400
2026-03-18,52.43951416015625,53.90079641734632,52.2335584886903,53.449662548762774,16861300
2026-03-19,52.41008758544922,52.59642824509463,51.57647052667333,51.880497464235255,12307700
2026-03-20,51.36071014404297,52.576814174686454,51.17437322227104,51.91972465053813,19566100
2026-03-23,51.694156646728516,52.52777744413805,51.51762535980317,52.25317114159901,15242700
2026-03-24,52.45912551879883,53.03775500261839,51.262636545875175,51.35090218717576,12073800
2026-03-25,51.958953857421875,53.17505786933713,51.54705001316016,52.72392027743897,13427100
2026-03-26,51.06649398803711,52.58662126256603,50.87034768847672,51.743194793281994,14486700
2026-03-27,50.379981994628906,51.1057221544951,50.21326007777738,50.71342956951131,13077800
2026-03-30,50.25248718261719,51.18417547108827,49.96807526198664,50.43882409207558,16869200
2026-03-31,51.80203628540039,52.08644821337734,50.69381294819385,50.92918923990769,36422800
2026-04-01,43.76987838745117,45.92748008007032,43.70122774760605,45.662683151590855,114225700
2026-04-02,43.338356018066406,43.48546667056288,42.338013308156604,42.91664280483445,63242600
2026-04-06,43.18144226074219,43.52469922292144,42.7205027555682,43.308937917619026,26999600
2026-04-07,41.86726379394531,43.02452276895079,41.54362560123591,42.857800857199116,38253000
2026-04-08,42.29878616333008,43.446235760689156,41.9359142257013,43.063752561569466,29462900
2026-04-09,43.15202331542969,43.36778462918433,41.896692925249226,42.38705682656093,24147400
2026-04-10,41.798614501953125,43.11278980027012,41.58285694691975,42.98529788994383,26094800
2026-04-13,42.08302688598633,42.15167752802254,41.27883044397983,41.41613172805225,21236700
2026-04-14,43.348167419433594,43.35797305084205,42.12225772850606,42.16148773649881,22554100
2026-04-15,44.564266204833984,45.01540379887331,43.84833541890071,44.221012999653425,31523500
2026-04-16,44.81925582885742,45.59403159574899,44.67214518004234,44.91732710061467,21766300
2026-04-17,45.14289474487305,45.87844051842373,44.897712820356155,45.48615168390426,31290400
2026-04-20,45.584224700927734,45.66268471554044,44.691762611194946,45.093860833136546,19003100
2026-04-21,45.49595642089844,46.06478027036789,45.04482258653389,45.868633986372245,22194000
2026-04-22,44.799644470214844,46.04516917697313,44.62311317374961,45.41750400784318,17985200
2026-04-23,43.91698455810547,44.868291610187335,43.387394451248646,44.70156969942371,17457500
2026-04-24,43.82872009277344,44.54465087343377,43.73064881806683,44.11313202707365,15885000
2026-04-27,44.270050048828125,44.53484699034393,43.63257925585701,43.74045616579651,14583100
2026-04-28,44.16217041015625,44.829065594926675,43.88756783096121,44.5054273753296,12426000
2026-04-29,43.53450393676758,44.28966474822825,43.29913137338055,44.05428844366177,13329700
2026-04-30,43.50508499145508,43.94641324142206,42.67146413236643,43.24028804147489,21679500
2026-05-01,43.544315338134766,44.09352050574673,43.3677840367796,43.95621921384374,11562800
2026-05-04,42.25955581665039,43.4854654147881,42.25955581665039,43.3383547665399,33272400
2026-05-05,42.23013687133789,42.46550942852742,41.82803865672472,42.21052186804221,18589700
2026-05-06,43.034332275390625,43.220669190491655,42.36743714394166,42.789150351804366,19406700
2026-05-07,43.554115295410156,43.77968220860249,43.16182273435794,43.20105273869898,17177700
2026-05-08,43.28932189941406,43.799300773796496,42.955874317747835,43.407008180831724,17357100
2026-05-11,41.57304763793945,43.22067051419458,41.57304763793945,43.22067051419458,24863800
2026-05-12,41.53382110595703,41.69073740533909,41.24941288538808,41.48478546387133,21271300
2026-05-13,41.52401351928711,41.788810463500326,40.89634835130593,41.386712231438665,21325200
2026-05-14,41.21017837524414,42.00456915853477,41.18075774144128,41.73977223077123,19146900
2026-05-15,41.0728759765625,41.9555286372067,41.03364597177498,41.190562249745895,26172600
2026-05-18,41.74958038330078,41.926111679138884,40.5530913206602,41.07287957670772,18694900
2026-05-19,41.60247039794922,42.36744060605075,41.00422959810331,41.77900169665114,22957900
2026-05-20,43.338356018066406,43.42662166132843,41.02384177253431,41.39651560748124,27060200
2026-05-21,43.53450393676758,43.87776089171121,42.32820926116556,43.044140065001905,18428100
2026-05-22,43.809104919433594,43.85814429777574,43.35797107164858,43.70122801414707,14905100
2026-05-26,44.07390213012695,44.08371150232956,43.25009070053676,43.838529573775084,18667600
2026-05-27,45.0938606262207,45.692105140769584,44.78983368276062,44.829063689886965,24251900
2026-05-28,46.45707321166992,46.73167953005613,44.68195835018458,45.08405658445701,22871300
2026-05-29,45.33904266357422,46.290349762095786,45.19193574828019,46.2020841164476,38949100
2026-06-01,45.4478874206543,45.7942120699808,44.57712344921906,45.042191213733716,26885100
2026-06-02,43.27098083496094,45.299461937798725,43.05328889111542,45.299461937798725,28345000
2026-06-03,43.35014343261719,43.52825433886432,42.706964740651905,43.191823046470375,18940500
2026-06-04,43.162132263183594,44.23079762352107,42.67727776702178,44.032896211459814,17350900
2026-06-05,42.52885055541992,43.28087516262781,42.34084629094568,42.84549130330046,18406500
2026-06-08,42.77622985839844,43.399618032955416,42.2023198716338,42.60801609880293,18192000
2026-06-09,44.18132400512695,44.804708368495156,42.81580838957916,43.063184215420506,21505800
2026-06-10,43.498565673828125,44.11206045890145,42.855390771268596,43.31056139917023,15335600
2026-06-11,45.47757339477539,45.49736391487973,43.75583966691148,44.052689919165005,16647500
2026-06-12,44.4583854675293,45.82390113668458,44.379223388317655,45.80411061688167,16524300
2026-06-15,44.72555160522461,45.60620897156203,44.61670563416616,44.88387198822173,14345100
2026-06-16,44.567230224609375,45.61610132299084,44.52764918608218,45.03229421600932,19591400
2026-06-17,43.72615051269531,45.368725878948474,43.69646662087597,44.4287007412167,20859700
2026-06-18,44.72555160522461,45.23019664644801,43.775629307241935,43.94384306276451,32320300
2026-06-22,42.73664855957031,44.438595538697186,42.68717414673294,44.1516386597224,25864500
2026-06-23,41.935150146484375,42.7366453890947,41.87577859069064,41.9450435184556,31517900
2026-06-24,41.38102722167969,41.88567601260447,40.876382205410394,41.598719153031986,34384300
2026-06-25,40.47068786621094,41.420610160833796,40.01551346388045,41.36123860192399,29228300
2026-06-26,40.322261810302734,41.03470543545436,39.5801342923217,39.6493992253608,33970700
2026-06-29,41.04459762573242,41.25239241886341,40.342051168200626,40.708166342953646,27824700
2026-06-30,40.619110107421875,41.20291721111914,40.46078972885934,40.945648011450864,73891500
2026-07-01,42.60801315307617,42.82570131075827,39.68897768395811,40.96543783777414,80185700
2026-07-02,43.627201080322266,44.56722997956886,43.142342797668995,43.646991599477055,34233400
2026-07-06,42.885074615478516,43.64699263506523,41.40081961555377,43.439197840993124,21979100
2026-07-07,42.756439208984375,43.57772880826113,42.4299050635453,43.26108803555716,17784900
2026-07-08,42.439796447753906,42.80591161629051,41.62840403388599,42.25179217734983,21101500
2026-07-09,42.33095169067383,42.60801519272716,41.687776784264194,42.241896239059486,19647000
2026-07-10,43.90426254272461,44.16153552729817,42.60801557118147,42.964233606147154,23313500
2026-07-13,43.300662994384766,44.42869993353615,43.21160754589007,44.29016630003452,13665500
2026-07-14,42.41011428833008,44.023005809665506,42.024208584834255,43.84489490425886,13090200
2026-07-15,42.3210563659668,43.122555393524955,42.03409950459536,42.54864167078208,14388200
2026-07-16,44.1021614074707,44.20111022677485,42.44969272222726,42.44969272222726,15944700
2026-07-17,43.300662994384766,44.50785823516724,43.06318431483594,44.05268762048569,15825100
2026-07-20,43.013710021972656,43.37982518915952,42.38042850857195,43.37982518915952,11926900
2026-07-21,42.509063720703125,43.10276800542147,42.30126891964681,42.608016322150746,11859000
2026-07-22,41.76693344116211,42.45958650699006,41.13365193228703,42.004415894318036,18990000
2026-07-23,40.55974197387695,41.638300723087156,40.26288796381564,41.36123723200697,18156200
2026-07-24,41.262290954589844,41.70756822246695,40.46079187241104,40.757642126110525,26175200
2026-07-27,41.697669982910156,42.152840611638105,41.14355053042593,41.707567130079184,16996900
2026-07-28,42.59811782836914,42.81580977001798,42.073682268566756,42.30126758271978,23601400
2026-07-29,42.766334533691406,43.23139852553566,41.95494211638673,42.15283975990057,15029100
2026-07-30,41.84609603881836,42.05389082876078,40.797221167507374,42.05389082876078,16977600
2026-07-31,41.27218246459961,41.63830140980528,41.054494301528116,41.57892985188273,22622400
2026-08-03,42.192420959472656,42.75643754988173,41.61851099671238,42.12315602904737,21329900
2026-08-04,41.09407043457031,41.64819363596441,40.48057945154307,40.9159595403599,27802800
2026-08-05,42.004417419433594,42.03410131166003,40.925858630890055,41.2128155045979,22088600
2026-08-06,41.559139251708984,42.19242076969489,41.41071224451921,42.07368142873643,18150300
2026-08-07,41.262290954589844,41.9252563953635,41.173235501014425,41.57893172849006,22042300
2026-08-10,41.66798400878906,41.78672334629496,40.70816461275638,41.301868849596836,21664600
2026-08-11,40.88627624511719,41.094071033171026,40.40142173965823,41.044596622870905,25538000
2026-08-12,40.08477783203125,40.81701194967387,40.02541004861131,40.599320011385814,28760300
2026-08-13,40.79722213745117,41.03470459921401,40.05509463459385,40.31236761605823,23641700
2026-08-14,40.30247116088867,40.89617543816207,40.28268064084732,40.797222837955296,23639800
2026-08-17,38.679683685302734,40.17383198958141,38.45209838198375,39.9264561675405,58659900
2026-08-18,39.639503479003906,40.21341342905558,38.81821392978268,39.23380727778712,39173300
2026-08-19,40.619110107421875,40.87638308174572,39.94624755486721,40.10456793342975,22055700
2026-08-20,39.78792953491211,40.21341628526947,39.3921304523708,40.0649930448124,16662100
2026-08-21,40.3321533203125,40.69827226335965,39.81761491997301,39.83740166450827,14707800
2026-08-24,40.322261810302734,40.90606894210071,40.25299687726363,40.56963764962974,18839100
2026-08-25,39.065589904785156,39.45149558856874,38.620312664013504,39.1051709427772,41525000
2026-08-26,38.184932708740234,39.065590046655956,38.00682181178475,38.98643174503994,38604300
2026-08-27,38.03650665283203,38.39272845563789,37.76934030072764,38.09587821151822,36573800
2026-08-28,39.184329986572266,39.34265036688477,38.155249401868815,38.303672635168006,28437400
2026-08-31,38.650001525878906,39.46139395654706,38.6203138591384,38.996326182387634,23905300
2026-09-01,38.119998931884766,38.56999969482422,37.970001220703125,38.36000061035156,22241100
2026-09-02,38.2400016784668,38.72999954223633,38.0099983215332,38.060001373291016,20662700
