Date,Open,High,Low,Close,Volume
2018-01-03,74.150002,74.699997,73.900002,74.5,738030.0
2018-01-04,74.5,76.0,74.0,76.0,1231740.0
2018-01-05,76.0,76.0,75.5,76.0,1116260.0
2018-01-08,76.050003,76.099998,74.550003,75.949997,497880.0
2018-01-09,75.949997,77.5,75.650002,77.5,1130000.0
2018-01-10,77.449997,77.449997,75.25,75.949997,488890.0
2018-01-11,75.949997,76.699997,72.800003,75.400002,714070.0
2018-01-12,76.900002,76.900002,73.349998,73.699997,5356750.0
2018-01-15,73.800003,75.300003,73.800003,74.849998,687670.0
2018-01-16,75.5,77.25,74.949997,75.0,2056760.0
2018-01-17,75.0,78.150002,75.0,78.150002,1105430.0
2018-01-18,78.150002,78.150002,76.550003,77.800003,1313160.0
2018-01-19,77.0,78.0,77.0,78.0,740940.0
2018-01-22,78.0,78.800003,75.0,75.0,967450.0
2018-01-23,75.400002,77.5,75.400002,77.5,893880.0
2018-01-24,77.0,77.25,75.25,75.25,841770.0
2018-01-25,75.300003,78.5,75.300003,78.5,1170850.0
2018-01-26,78.349998,78.5,76.699997,78.5,480680.0
2018-01-29,78.25,78.75,77.150002,78.0,819080.0
2018-01-30,77.900002,77.900002,75.550003,77.800003,1631300.0
2018-01-31,77.75,77.75,75.849998,76.800003,1370360.0
2018-02-01,76.949997,76.949997,75.25,75.25,872690.0
2018-02-02,75.150002,76.650002,75.150002,75.300003,867190.0
2018-02-05,75.050003,75.050003,73.5,75.0,1075440.0
2018-02-06,74.300003,74.300003,71.949997,71.949997,2269750.0
2018-02-07,73.949997,73.949997,72.099998,72.849998,600790.0
2018-02-08,72.900002,74.099998,72.0,73.949997,736050.0
2018-02-09,73.449997,74.0,71.300003,71.300003,1261370.0
2018-02-12,72.699997,72.699997,71.400002,72.0,778600.0
2018-02-13,72.400002,73.949997,71.949997,73.949997,451050.0
2018-02-14,73.900002,75.0,72.099998,75.0,1861650.0
2018-02-15,74.949997,75.0,72.349998,75.0,763540.0
2018-02-19,75.0,77.0,73.0,76.449997,851610.0
2018-02-20,76.5,77.0,75.0,76.5,866860.0
2018-02-21,75.400002,76.349998,74.050003,74.800003,1036850.0
2018-02-22,74.0,76.900002,74.0,76.900002,1217410.0
2018-02-23,76.5,76.900002,74.199997,75.800003,1003220.0
2018-02-26,75.599998,79.0,74.25,79.0,992530.0
2018-02-27,77.0,78.0,76.800003,77.5,1023180.0
2018-02-28,76.900002,77.5,74.5,77.400002,2124190.0
2018-03-01,76.5,76.5,74.75,75.5,802600.0
2018-03-02,74.0,75.5,73.800003,75.5,904340.0
2018-03-05,74.050003,75.949997,73.5,73.650002,787880.0
2018-03-06,73.400002,74.900002,73.0,73.25,937410.0
2018-03-07,73.099998,73.349998,72.5,73.0,986590.0
2018-03-08,73.0,74.449997,72.449997,73.25,2017250.0
2018-03-09,74.0,75.0,74.0,74.300003,545720.0
2018-03-12,75.0,75.949997,74.550003,75.949997,488460.0
2018-03-13,75.0,76.099998,75.0,76.0,1336390.0
2018-03-14,76.0,76.25,74.949997,76.0,856530.0
2018-03-15,75.0,75.900002,74.75,75.849998,1787550.0
2018-03-16,75.0,75.0,72.050003,72.050003,8437330.0
2018-03-19,72.0,72.050003,69.849998,71.550003,1568960.0
2018-03-20,71.449997,71.449997,69.0,69.599998,962520.0
2018-03-21,71.849998,71.849998,68.050003,68.050003,1184360.0
2018-03-22,69.900002,69.900002,68.050003,69.400002,1634560.0
2018-03-23,69.400002,69.650002,68.300003,68.699997,998660.0
2018-03-26,68.599998,69.400002,67.800003,68.0,684530.0
2018-03-27,68.099998,70.0,68.0,69.449997,1504980.0
2018-03-28,69.449997,71.300003,67.5,67.5,2044950.0
2018-04-02,68.599998,69.349998,67.849998,68.5,1582450.0
2018-04-03,68.949997,69.5,68.5,68.550003,675820.0
2018-04-04,69.5,71.349998,68.800003,69.349998,1343000.0
2018-04-05,69.349998,69.5,68.099998,69.5,1372380.0
2018-04-06,69.599998,70.400002,67.25,67.949997,762930.0
2018-04-10,67.0,68.0,66.0,66.0,1420000.0
2018-04-11,66.199997,68.0,66.199997,68.0,509480.0
2018-04-12,68.0,68.949997,67.900002,68.949997,801480.0
2018-04-13,68.949997,70.0,68.0,68.300003,1647060.0
2018-04-16,68.300003,68.550003,68.099998,68.199997,702030.0
2018-04-17,68.199997,69.5,68.099998,69.5,475920.0
2018-04-18,69.449997,69.449997,67.099998,69.300003,1017770.0
2018-04-19,67.0,69.199997,63.400002,68.0,4077420.0
2018-04-20,68.0,69.099998,65.5,68.650002,781440.0
2018-04-23,68.699997,69.800003,67.25,69.800003,726680.0
2018-04-24,67.5,69.699997,65.0,67.949997,420260.0
2018-04-25,66.699997,68.0,66.650002,67.400002,421050.0
2018-04-26,66.150002,67.599998,65.050003,66.849998,1221470.0
2018-04-27,66.550003,69.699997,66.0,69.599998,990520.0
2018-04-30,69.0,69.849998,67.050003,69.849998,909760.0
2018-05-02,68.0,69.849998,67.699997,67.699997,1023420.0
2018-05-03,68.949997,68.949997,63.0,63.0,1280090.0
2018-05-04,63.099998,64.0,62.200001,62.200001,727340.0
2018-05-07,63.0,63.799999,62.299999,62.400002,1009190.0
2018-05-08,62.400002,63.599998,61.150002,61.599998,2838210.0
2018-05-09,61.150002,61.599998,59.700001,59.700001,2111910.0
2018-05-10,59.75,61.200001,59.299999,59.299999,2071230.0
2018-05-11,60.5,62.849998,59.349998,62.849998,703190.0
2018-05-15,62.849998,64.900002,61.400002,64.5,1065950.0
2018-05-16,63.099998,64.5,62.0,64.5,923210.0
2018-05-17,63.099998,64.25,62.400002,62.700001,1697650.0
2018-05-18,64.0,64.0,62.450001,62.450001,558830.0
2018-05-21,62.450001,62.75,62.450001,62.450001,1071440.0
2018-05-22,62.75,63.5,62.400002,62.5,721380.0
2018-05-23,62.450001,62.549999,62.150002,62.549999,1012330.0
2018-05-24,62.549999,64.5,62.549999,64.5,545390.0
2018-05-25,64.449997,65.0,63.049999,65.0,318480.0
2018-05-28,65.0,65.0,63.400002,63.400002,218300.0
2018-05-29,63.700001,64.0,61.5,61.799999,569740.0
2018-05-30,61.5,61.799999,59.299999,59.450001,2391030.0
2018-05-31,60.0,61.0,57.799999,57.799999,19072520.0
2018-06-01,58.950001,63.0,58.150002,63.0,1074120.0
2018-06-04,61.5,62.650002,60.599998,61.049999,1309580.0
2018-06-05,61.150002,62.549999,61.150002,62.549999,663830.0
2018-06-06,62.400002,63.450001,61.099998,61.950001,651040.0
2018-06-07,61.950001,64.0,61.950001,63.5,1361420.0
2018-06-08,63.5,64.0,62.049999,64.0,650110.0
2018-06-11,62.599998,64.0,62.599998,64.0,602010.0
2018-06-13,62.700001,63.5,61.150002,61.5,1176780.0
2018-06-14,61.150002,63.75,60.799999,62.599998,3899210.0
2018-06-18,61.049999,62.849998,60.049999,61.0,1380900.0
2018-06-19,60.150002,62.200001,58.049999,62.200001,2086140.0
2018-06-20,60.099998,61.799999,59.75,59.75,2177470.0
2018-06-21,59.799999,61.400002,57.0,57.0,1973810.0
2018-06-22,57.049999,58.25,55.349998,55.349998,1295910.0
2018-06-25,57.0,57.349998,52.650002,53.950001,1278260.0
2018-06-26,54.0,54.599998,52.549999,54.599998,1380380.0
2018-06-27,54.0,55.700001,54.0,55.5,923940.0
2018-06-28,54.0,54.400002,53.799999,54.0,4321450.0
2018-06-29,53.400002,55.099998,53.200001,54.5,1591100.0
2018-07-02,54.5,54.5,52.799999,53.0,989630.0
2018-07-03,53.150002,54.450001,52.599998,54.450001,826900.0
2018-07-04,54.0,56.099998,53.299999,54.900002,1917420.0
2018-07-05,54.900002,54.900002,54.0,54.349998,596390.0
2018-07-06,54.0,54.0,53.0,53.099998,1469350.0
2018-07-09,53.5,53.5,52.75,52.900002,476380.0
2018-07-10,52.799999,52.799999,52.75,52.75,1943530.0
2018-07-11,53.200001,53.200001,52.75,53.150002,1092720.0
2018-07-12,53.0,54.25,52.799999,53.549999,694220.0
2018-07-13,53.599998,54.799999,53.549999,53.75,903390.0
2018-07-16,53.75,53.75,53.0,53.549999,425820.0
2018-07-17,53.549999,54.150002,53.099998,53.150002,1085610.0
2018-07-18,52.950001,53.549999,52.950001,53.200001,657820.0
2018-07-19,53.200001,53.549999,52.450001,52.799999,1111260.0
2018-07-20,53.0,53.0,50.549999,50.799999,1867240.0
2018-07-23,50.799999,52.0,50.799999,51.700001,589640.0
2018-07-24,51.799999,53.200001,51.5,53.200001,453380.0
2018-07-25,53.200001,53.299999,51.900002,52.200001,1133620.0
2018-07-26,53.299999,55.299999,52.950001,54.950001,1677310.0
2018-07-27,54.900002,55.0,53.049999,55.0,2068600.0
2018-07-30,55.0,57.799999,55.0,57.75,1193150.0
2018-07-31,57.799999,57.950001,55.799999,57.349998,1708010.0
2018-08-01,57.0,59.700001,56.0,59.700001,2596260.0
2018-08-02,59.650002,59.75,58.099998,59.599998,1044660.0
2018-08-03,59.75,61.549999,58.5,61.549999,1566350.0
2018-08-06,61.950001,62.0,59.700001,60.099998,1571530.0
2018-08-07,59.75,59.75,58.400002,58.950001,513530.0
2018-08-08,58.950001,61.299999,58.900002,60.299999,490550.0
2018-08-09,60.299999,60.349998,59.0,59.299999,714100.0
2018-08-10,59.650002,60.900002,59.299999,60.349998,859050.0
2018-08-13,60.200001,60.200001,57.799999,59.549999,893080.0
2018-08-14,57.849998,58.450001,57.349998,57.599998,770090.0
2018-08-15,57.900002,58.799999,57.5,58.599998,569790.0
2018-08-16,57.849998,58.599998,56.099998,56.349998,1370940.0
2018-08-17,55.799999,57.0,55.700001,56.0,1193360.0
2018-08-20,56.299999,57.0,55.450001,55.450001,811990.0
2018-08-22,56.099998,56.849998,54.099998,55.950001,1253880.0
2018-08-23,55.950001,59.0,55.849998,57.0,1033630.0
2018-08-24,56.650002,57.5,56.5,56.700001,1158630.0
2018-08-28,56.700001,56.700001,53.5,54.0,3307820.0
2018-08-29,54.0,54.25,52.5,52.5,2661060.0
2018-08-30,52.5,53.700001,52.5,53.299999,1270470.0
2018-08-31,53.299999,54.299999,52.599998,53.450001,3319470.0
2018-09-03,54.0,54.049999,53.549999,53.799999,941140.0
2018-09-04,53.849998,54.0,53.200001,53.5,1105590.0
2018-09-05,53.400002,53.5,52.049999,53.5,3382800.0
2018-09-06,53.299999,53.299999,51.799999,52.75,1864060.0
2018-09-07,52.799999,53.450001,51.599998,53.299999,1661140.0
2018-09-10,53.049999,53.049999,51.900002,52.5,1953910.0
2018-09-11,52.099998,52.099998,50.849998,51.0,2179200.0
2018-09-12,51.200001,51.200001,47.599998,47.599998,5480900.0
2018-09-13,48.200001,49.400002,48.200001,49.0,3260100.0
2018-09-14,48.299999,49.299999,48.0,48.299999,2354800.0
2018-09-17,49.299999,49.299999,47.0,47.0,1446000.0
2018-09-18,47.200001,48.299999,45.75,46.299999,2523600.0
2018-09-19,46.450001,47.900002,45.950001,45.950001,1560300.0
2018-09-20,46.0,47.0,44.099998,44.099998,1728900.0
2018-09-21,44.900002,48.849998,44.099998,46.900002,37964300.0
2018-09-24,48.0,51.200001,48.0,50.400002,4900700.0
2018-09-25,51.200001,51.25,49.299999,51.25,1057470.0
2018-09-26,51.150002,51.150002,48.599998,50.0,1238110.0
2018-09-27,50.0,50.799999,47.950001,49.950001,2809640.0
2018-09-28,50.0,51.0,48.349998,49.0,969600.0
2018-10-01,48.099998,49.0,46.700001,48.25,2171700.0
2018-10-02,48.25,48.25,46.150002,47.900002,1307800.0
2018-10-03,47.5,48.049999,47.0,48.0,4409700.0
2018-10-04,48.099998,48.650002,47.700001,47.700001,1757200.0
2018-10-05,47.799999,48.0,46.25,47.099998,531400.0
2018-10-08,47.25,47.650002,46.950001,46.950001,1001600.0
2018-10-09,46.950001,47.0,44.700001,46.0,1693400.0
2018-10-10,46.099998,46.5,45.349998,45.700001,1368000.0
2018-10-11,45.049999,46.549999,44.200001,46.549999,693100.0
2018-10-12,46.700001,47.0,45.650002,46.049999,2368200.0
2018-10-15,46.150002,47.0,45.599998,45.599998,1821300.0
2018-10-16,46.0,46.200001,45.099998,45.650002,2488500.0
2018-10-17,45.700001,47.400002,45.400002,45.400002,1463800.0
2018-10-18,45.450001,47.0,45.450001,47.0,1010200.0
2018-10-19,47.0,47.799999,46.049999,47.799999,872100.0
2018-10-22,46.299999,49.200001,46.299999,47.700001,1074000.0
2018-10-23,48.900002,49.0,47.75,48.349998,848400.0
2018-10-24,48.25,48.75,47.099998,47.099998,569200.0
2018-10-25,47.25,47.25,45.450001,45.700001,824800.0
2018-10-26,46.0,46.0,45.099998,45.150002,442500.0
2018-10-29,45.150002,46.099998,44.700001,46.099998,530400.0
2018-10-30,46.450001,46.450001,44.849998,44.849998,374700.0
2018-10-31,45.950001,47.0,44.099998,47.0,2428900.0
2018-11-05,47.0,48.0,45.200001,46.799999,625600.0
2018-11-06,46.799999,47.900002,45.950001,47.400002,561900.0
2018-11-07,47.0,47.0,45.599998,46.400002,594900.0
2018-11-08,46.5,47.0,45.599998,46.5,1105000.0
2018-11-09,46.5,47.0,45.599998,47.0,912500.0
2018-11-12,47.0,47.0,45.0,45.0,944700.0
2018-11-13,45.0,45.349998,44.0,45.349998,1930500.0
2018-11-14,44.099998,46.5,44.099998,45.400002,954800.0
2018-11-15,45.299999,46.450001,44.5,45.900002,157600.0
2018-11-16,46.5,46.950001,45.099998,46.299999,2005200.0
2018-11-19,47.0,47.299999,45.549999,46.849998,1130600.0
2018-11-20,46.0,48.0,45.700001,48.0,754900.0
2018-11-21,47.950001,49.5,46.400002,49.5,1762100.0
2018-11-22,49.349998,49.349998,48.150002,48.700001,552200.0
2018-11-23,48.75,48.75,48.150002,48.150002,309700.0
2018-11-26,48.150002,55.0,48.150002,53.5,1573000.0
2018-11-27,53.5,56.0,52.150002,55.549999,1757940.0
2018-11-28,55.549999,55.549999,53.0,54.5,1213800.0
2018-11-29,54.5,56.75,51.900002,52.200001,14084830.0
2018-12-03,54.0,54.0,51.150002,52.900002,1181640.0
2018-12-04,53.0,54.75,51.900002,54.450001,11295570.0
2018-12-05,53.299999,53.900002,52.049999,53.599998,10964830.0
2018-12-06,54.0,54.650002,52.5,52.75,10472980.0
2018-12-07,53.450001,53.450001,50.299999,50.299999,1009550.0
2018-12-10,50.299999,51.349998,50.299999,50.599998,668480.0
2018-12-11,51.0,51.849998,50.900002,51.599998,461550.0
2018-12-12,51.900002,53.900002,51.0,53.900002,297860.0
2018-12-13,53.700001,55.0,52.599998,55.0,784330.0
2018-12-14,54.450001,56.0,53.049999,56.0,973850.0
2018-12-17,55.5,55.700001,54.599998,54.900002,661070.0
2018-12-18,54.5,54.799999,51.650002,51.650002,1081480.0
2018-12-19,52.5,55.5,51.799999,54.5,1706870.0
2018-12-20,54.349998,56.950001,53.5,56.900002,880460.0
2018-12-21,56.799999,56.900002,55.0,56.0,1820520.0
2018-12-26,55.5,56.799999,53.650002,55.400002,549710.0
2018-12-27,56.5,56.5,54.650002,55.0,1814180.0
2018-12-28,55.799999,55.799999,54.650002,55.0,663970.0
2019-01-02,55.0,56.0,52.299999,53.200001,648730.0
2019-01-03,54.75,56.5,53.349998,56.5,1028870.0
2019-01-04,55.700001,59.549999,55.700001,57.0,1866700.0
2019-01-07,58.25,59.200001,57.200001,57.200001,1020350.0
2019-01-08,58.0,58.599998,57.200001,57.200001,819970.0
2019-01-09,58.200001,61.0,57.400002,61.0,2684420.0
2019-01-10,61.0,62.599998,60.099998,61.599998,3007220.0
2019-01-11,62.099998,63.0,60.0,60.0,939200.0
2019-01-14,60.700001,64.400002,59.099998,64.400002,1561530.0
2019-01-15,64.400002,64.800003,63.099998,64.800003,1392310.0
2019-01-16,64.699997,64.800003,60.700001,64.800003,1042460.0
2019-01-17,64.800003,66.0,63.0,66.0,1112350.0
2019-01-18,66.0,68.650002,65.949997,67.900002,2566800.0
2019-01-21,67.900002,69.5,66.599998,66.599998,629600.0
2019-01-22,66.75,68.900002,66.0,66.0,1362490.0
2019-01-23,64.699997,65.0,64.0,65.0,1174140.0
2019-01-24,66.900002,67.449997,65.0,65.0,2191980.0
2019-01-25,67.0,67.0,62.299999,62.299999,2428360.0
2019-01-28,64.699997,65.800003,63.0,63.0,1117720.0
2019-01-29,65.0,65.5,63.349998,64.0,1941130.0
2019-01-30,64.150002,65.699997,63.049999,64.0,1042290.0
2019-01-31,64.400002,66.550003,64.0,64.25,1924040.0
2019-02-01,64.349998,66.0,64.0,64.0,1230130.0
2019-02-04,64.0,64.949997,62.099998,62.299999,932230.0
2019-02-06,62.5,64.349998,61.75,61.75,906320.0
2019-02-07,61.900002,63.599998,61.900002,63.200001,456300.0
2019-02-08,63.0,64.050003,62.5,62.5,1059000.0
2019-02-11,63.0,64.5,62.5,64.0,864930.0
2019-02-12,64.0,64.300003,62.650002,63.950001,794620.0
2019-02-13,63.950001,63.950001,62.700001,63.0,572790.0
2019-02-14,63.900002,63.900002,62.5,62.549999,769070.0
2019-02-15,63.0,66.0,62.400002,66.0,2127800.0
2019-02-18,65.400002,65.400002,63.549999,63.549999,679270.0
2019-02-19,63.549999,63.599998,62.099998,62.150002,1867170.0
2019-02-20,62.200001,65.150002,62.200001,64.5,862880.0
2019-02-21,63.150002,64.400002,62.599998,63.0,1005770.0
2019-02-22,63.5,64.5,62.700001,64.5,663630.0
2019-02-26,64.5,64.599998,63.150002,64.599998,823100.0
2019-02-27,63.799999,64.199997,62.5,63.0,994720.0
2019-02-28,63.400002,63.400002,61.0,61.0,2609410.0
2019-03-01,61.0,61.849998,58.5,60.0,2149460.0
2019-03-04,59.0,59.950001,58.599998,59.799999,1346780.0
2019-03-05,59.900002,60.0,58.400002,58.900002,1941080.0
2019-03-06,58.799999,60.0,58.349998,58.599998,1931480.0
2019-03-07,58.599998,60.0,58.599998,58.650002,2094010.0
2019-03-08,59.5,59.5,58.75,58.799999,950040.0
2019-03-11,58.849998,59.049999,56.900002,56.900002,1844930.0
2019-03-12,57.200001,58.099998,57.099998,58.0,3157370.0
2019-03-13,57.599998,59.25,57.599998,58.950001,2226090.0
2019-03-14,58.950001,58.950001,57.700001,58.349998,1973770.0
2019-03-15,58.349998,58.349998,56.950001,56.950001,4147040.0
2019-03-18,56.900002,58.0,55.75,58.0,582910.0
2019-03-19,58.0,58.75,57.950001,58.400002,640720.0
2019-03-20,58.400002,58.400002,56.200001,56.200001,843420.0
2019-03-21,57.75,59.5,56.549999,58.5,1775580.0
2019-03-22,59.349998,60.5,58.5,59.549999,1019050.0
2019-03-25,59.549999,59.549999,57.0,59.150002,816700.0
2019-03-26,59.200001,59.299999,57.75,58.75,582540.0
2019-03-27,58.75,59.5,57.599998,58.700001,417490.0
2019-03-28,59.200001,59.200001,58.0,58.0,503550.0
2019-03-29,59.0,59.099998,58.099998,58.950001,651590.0
2019-04-01,58.900002,59.900002,58.75,59.799999,493490.0
2019-04-02,59.900002,59.900002,58.599998,59.25,1557530.0
2019-04-03,59.599998,60.0,59.25,60.0,876500.0
2019-04-04,60.0,60.25,59.0,60.25,5169190.0
2019-04-05,60.25,60.599998,59.0,59.950001,342130.0
2019-04-08,60.400002,60.599998,59.950001,60.0,643200.0
2019-04-10,60.200001,60.950001,59.950001,60.950001,772230.0
2019-04-11,59.75,60.950001,59.200001,59.200001,428100.0
2019-04-12,59.200001,59.75,58.950001,59.0,171170.0
2019-04-15,59.0,59.0,56.0,56.0,1215110.0
2019-04-16,56.599998,57.799999,55.799999,55.799999,529480.0
2019-04-17,56.700001,56.700001,54.5,55.0,560080.0
2019-04-22,54.849998,55.5,54.599998,55.0,395000.0
2019-04-23,55.0,56.349998,54.5,56.349998,791600.0
2019-04-24,55.049999,56.349998,55.049999,55.849998,1483230.0
2019-04-25,55.150002,56.099998,54.0,54.0,1299830.0
2019-04-26,54.5,55.049999,52.5,55.0,758070.0
2019-04-29,54.799999,56.799999,54.049999,56.799999,956380.0
2019-04-30,55.099998,56.650002,55.099998,55.599998,754520.0
2019-05-02,55.950001,56.0,54.0,54.0,1230110.0
2019-05-03,54.0,54.950001,52.0,52.0,893500.0
2019-05-06,52.0,53.0,52.0,52.549999,2323800.0
2019-05-07,53.0,53.0,52.549999,52.549999,1916380.0
2019-05-08,52.0,53.049999,50.799999,53.049999,1519110.0
2019-05-09,52.549999,53.0,50.799999,51.200001,3292440.0
2019-05-10,51.0,51.200001,48.599998,48.599998,3521790.0
2019-05-14,48.200001,49.950001,46.700001,46.700001,4125800.0
2019-05-15,46.849998,48.0,46.700001,46.700001,2754700.0
2019-05-16,47.0,47.5,46.950001,47.0,2954300.0
2019-05-17,47.0,49.0,47.0,48.049999,1506800.0
2019-05-20,48.0,50.349998,48.0,50.25,1866700.0
2019-05-21,50.5,51.299999,49.700001,49.799999,1390610.0
2019-05-22,50.200001,55.5,49.400002,51.799999,2596000.0
2019-05-23,52.049999,52.549999,51.0,52.299999,1015500.0
2019-05-24,52.25,53.5,50.200001,52.700001,1310260.0
2019-05-27,52.049999,54.400002,52.049999,54.400002,673930.0
2019-05-28,54.349998,55.849998,53.349998,54.150002,17478790.0
2019-05-29,54.200001,55.400002,53.349998,54.799999,1664720.0
2019-05-30,54.799999,55.349998,54.049999,54.5,1181280.0
2019-05-31,54.5,55.900002,54.5,55.900002,1150070.0
2019-06-03,55.900002,57.799999,55.200001,55.400002,1472300.0
2019-06-04,56.700001,56.700001,54.099998,54.5,1025230.0
2019-06-06,54.400002,54.75,54.150002,54.549999,554140.0
2019-06-07,54.799999,55.349998,54.150002,55.349998,458450.0
2019-06-10,55.299999,56.700001,54.450001,55.700001,724650.0
2019-06-11,55.700001,56.5,54.799999,55.450001,728710.0
2019-06-13,55.200001,55.599998,55.0,55.400002,2152080.0
2019-06-14,56.150002,56.150002,54.599998,55.0,1388550.0
2019-06-17,55.0,55.25,54.0,54.049999,972350.0
2019-06-18,54.049999,55.0,53.599998,55.0,891270.0
2019-06-19,54.049999,54.900002,53.700001,53.700001,1426760.0
2019-06-20,54.200001,54.950001,53.700001,54.900002,478230.0
2019-06-21,55.0,55.049999,53.900002,54.849998,1863320.0
2019-06-24,55.25,55.599998,54.849998,54.849998,519650.0
2019-06-25,55.5,55.799999,54.900002,55.400002,557970.0
2019-06-26,55.400002,55.400002,54.049999,54.5,773750.0
2019-06-27,54.5,55.900002,54.450001,55.0,1383150.0
2019-06-28,55.0,55.900002,53.799999,55.0,861200.0
2019-07-01,55.0,55.0,53.900002,54.75,385790.0
2019-07-02,54.75,55.5,54.200001,55.450001,799350.0
2019-07-03,55.799999,56.450001,55.599998,56.0,1943300.0
2019-07-04,56.099998,56.299999,55.099998,55.099998,326080.0
2019-07-05,56.0,56.0,55.0,55.5,1897380.0
2019-07-08,55.700001,55.75,54.549999,55.0,626840.0
2019-07-09,55.0,55.450001,54.650002,55.049999,626770.0
2019-07-10,55.049999,56.0,54.0,56.0,612560.0
2019-07-11,56.200001,57.0,55.25,56.200001,761730.0
2019-07-12,56.799999,57.099998,56.0,56.0,1090530.0
2019-07-15,56.0,59.5,56.0,59.5,1073670.0
2019-07-16,59.5,59.5,57.200001,57.200001,823360.0
2019-07-17,58.400002,58.400002,56.200001,56.200001,424850.0
2019-07-18,56.349998,57.150002,56.349998,56.5,963450.0
2019-07-19,57.900002,57.900002,57.299999,57.650002,1170040.0
2019-07-22,56.400002,57.0,56.049999,57.0,1145900.0
2019-07-23,57.0,57.200001,56.200001,56.549999,5937470.0
2019-07-24,56.0,56.950001,55.299999,56.0,483360.0
2019-07-25,56.599998,57.799999,55.799999,57.799999,612300.0
2019-07-26,57.75,57.75,56.0,56.0,730580.0
2019-07-29,56.5,56.5,54.25,55.5,1080020.0
2019-07-30,55.5,55.5,53.950001,53.950001,930750.0
2019-07-31,53.75,54.700001,52.549999,53.0,1761030.0
2019-08-01,52.5,53.400002,52.299999,52.5,1210890.0
2019-08-02,52.299999,53.299999,52.25,52.599998,1196700.0
2019-08-05,52.599998,53.099998,51.25,51.25,2014990.0
2019-08-06,51.0,51.0,49.099998,49.700001,2494310.0
2019-08-07,49.700001,51.599998,49.700001,49.950001,1166500.0
2019-08-08,50.200001,51.0,49.950001,49.950001,783100.0
2019-08-09,49.950001,51.400002,49.849998,49.849998,1380800.0
2019-08-13,49.849998,51.5,49.0,51.5,2135900.0
2019-08-14,51.0,51.0,49.299999,49.450001,1473200.0
2019-08-15,48.0,49.25,47.900002,49.25,2007700.0
2019-08-16,49.25,49.900002,48.549999,49.5,1596800.0
2019-08-19,49.549999,51.799999,49.0,51.799999,1404500.0
2019-08-20,51.700001,51.799999,50.549999,50.700001,681420.0
2019-08-22,50.549999,51.349998,50.0,50.5,1433640.0
2019-08-23,50.5,51.75,50.049999,51.299999,1099230.0
2019-08-27,51.25,51.25,50.0,50.0,5029290.0
2019-08-28,49.900002,51.700001,49.900002,51.700001,1870350.0
2019-08-29,51.700001,52.299999,50.450001,52.0,2750980.0
2019-08-30,52.0,53.900002,52.0,53.900002,3207590.0
2019-09-02,53.0,53.900002,52.450001,53.099998,2280790.0
2019-09-03,53.099998,53.5,52.849998,53.099998,1064860.0
2019-09-04,52.849998,53.950001,52.0,52.700001,1074600.0
2019-09-05,52.700001,53.299999,52.0,53.0,972730.0
2019-09-06,52.700001,53.099998,52.400002,52.400002,773920.0
2019-09-09,52.200001,52.700001,51.75,52.700001,215730.0
2019-09-10,52.799999,53.0,52.549999,52.799999,799710.0
2019-09-11,53.0,53.75,52.700001,53.0,1174220.0
2019-09-12,53.5,53.900002,52.799999,53.25,637990.0
2019-09-13,53.349998,54.200001,53.299999,54.200001,863930.0
2019-09-16,53.549999,54.700001,53.049999,54.700001,1378220.0
2019-09-17,54.450001,54.799999,53.599998,54.75,775350.0
2019-09-18,54.700001,54.700001,53.849998,54.599998,727730.0
2019-09-19,54.5,54.900002,53.799999,54.900002,599960.0
2019-09-20,54.849998,55.599998,54.099998,55.599998,2317350.0
2019-09-23,55.5,55.75,54.349998,55.650002,436080.0
2019-09-24,55.75,55.75,54.549999,54.549999,784210.0
2019-09-25,54.849998,54.849998,53.5,54.549999,616330.0
2019-09-26,54.799999,54.799999,53.5,54.099998,477470.0
2019-09-27,54.0,54.349998,53.5,53.5,505330.0
2019-09-30,53.5,54.099998,53.049999,53.049999,913820.0
2019-10-01,53.200001,53.599998,52.099998,53.599998,1048860.0
2019-10-02,53.200001,53.5,52.299999,52.5,512840.0
2019-10-03,52.400002,52.400002,50.900002,52.0,615740.0
2019-10-04,51.049999,54.5,51.049999,54.5,693730.0
2019-10-07,54.5,54.5,52.599998,54.0,453420.0
2019-10-08,53.0,54.900002,53.0,54.900002,980960.0
2019-10-09,53.849998,53.950001,53.0,53.0,695030.0
2019-10-10,54.0,54.0,51.900002,51.900002,340860.0
2019-10-11,52.400002,53.799999,51.900002,53.200001,674240.0
2019-10-14,53.5,53.849998,53.200001,53.549999,236390.0
2019-10-15,53.5,53.549999,53.049999,53.5,216650.0
2019-10-16,53.099998,53.950001,53.099998,53.950001,657700.0
2019-10-17,53.950001,54.299999,53.299999,54.299999,506460.0
2019-10-18,54.299999,54.299999,53.5,53.599998,217420.0
2019-10-21,53.599998,53.75,53.450001,53.5,1273440.0
2019-10-22,53.75,54.849998,53.450001,54.849998,915870.0
2019-10-23,54.849998,54.849998,54.349998,54.849998,708270.0
2019-10-24,54.5,55.0,54.5,54.950001,836280.0
2019-10-25,54.849998,54.849998,54.5,54.700001,298380.0
2019-10-28,54.700001,55.0,54.400002,55.0,1039250.0
2019-10-29,54.700001,55.0,54.549999,55.0,618710.0
2019-10-30,55.0,55.0,54.5,54.950001,593500.0
2019-10-31,55.0,55.950001,54.599998,55.950001,1399040.0
2019-11-04,55.900002,56.549999,55.299999,56.549999,756500.0
2019-11-05,56.5,56.849998,55.599998,56.599998,2079490.0
2019-11-06,56.5,56.950001,54.400002,54.400002,929800.0
2019-11-07,54.400002,55.299999,54.299999,55.299999,537460.0
2019-11-08,55.349998,56.0,54.400002,56.0,535420.0
2019-11-11,56.900002,56.900002,54.400002,54.900002,1022220.0
2019-11-12,54.400002,55.099998,54.200001,55.0,891600.0
2019-11-13,54.25,55.0,54.049999,54.400002,654550.0
2019-11-14,54.049999,54.049999,52.400002,52.799999,1339490.0
2019-11-15,52.5,53.0,51.700001,53.0,1389390.0
2019-11-18,52.950001,54.5,51.200001,51.200001,665800.0
2019-11-19,51.25,52.25,51.200001,51.200001,942870.0
2019-11-20,52.599998,52.599998,50.799999,50.799999,849050.0
2019-11-21,50.75,51.900002,50.5,51.900002,659120.0
2019-11-22,51.849998,51.849998,50.099998,50.75,925590.0
2019-11-25,50.349998,50.700001,49.950001,49.950001,714020.0
2019-11-26,50.400002,51.200001,48.950001,48.950001,26159200.0
2019-11-27,49.849998,49.900002,48.900002,49.0,4838800.0
2019-11-28,49.0,49.400002,48.049999,48.950001,1965600.0
2019-11-29,48.25,49.5,48.25,48.950001,1883600.0
2019-12-02,48.950001,49.799999,48.950001,49.799999,814600.0
2019-12-03,49.200001,50.5,49.200001,49.75,1142400.0
2019-12-04,49.700001,50.049999,49.599998,50.049999,2216600.0
2019-12-05,50.049999,52.349998,49.650002,52.349998,2386590.0
2019-12-06,51.950001,52.799999,51.049999,52.799999,1801070.0
2019-12-09,52.650002,52.650002,51.400002,51.400002,680190.0
2019-12-10,50.599998,51.349998,50.150002,51.099998,447410.0
2019-12-11,51.950001,51.950001,50.0,51.5,715370.0
2019-12-12,51.799999,51.799999,50.5,51.099998,2466810.0
2019-12-13,51.150002,52.450001,50.950001,52.400002,2023480.0
2019-12-16,51.849998,52.349998,49.799999,49.799999,1052390.0
2019-12-17,49.950001,50.650002,48.700001,50.650002,1448800.0
2019-12-18,51.5,51.5,49.799999,51.0,593180.0
2019-12-19,51.400002,51.400002,49.549999,50.950001,1734250.0
2019-12-20,50.099998,51.549999,49.700001,51.549999,2478250.0
2019-12-23,51.650002,52.0,50.150002,52.0,1811520.0
2019-12-26,51.0,52.099998,51.0,51.950001,478420.0
2019-12-27,52.0,52.5,51.5,51.5,1103790.0
2020-01-02,51.450001,52.25,51.25,52.25,749930.0
2020-01-03,52.25,53.200001,51.650002,52.349998,1206880.0
2020-01-06,51.700001,52.799999,51.549999,52.799999,882640.0
2020-01-07,52.0,52.849998,51.650002,52.5,530390.0
2020-01-08,52.400002,52.400002,50.549999,51.849998,674890.0
2020-01-09,51.849998,51.900002,51.049999,51.799999,1012910.0
2020-01-10,51.799999,52.0,51.549999,52.0,569830.0
2020-01-14,52.0,52.5,51.599998,52.0,1921370.0
2020-01-15,51.700001,52.400002,51.700001,52.400002,805600.0
2020-01-16,52.0,53.0,51.75,53.0,965740.0
2020-01-17,52.5,54.0,52.5,54.0,816980.0
2020-01-20,54.0,54.0,52.25,52.75,483480.0
2020-01-21,52.75,53.5,51.150002,51.150002,445660.0
2020-01-22,51.200001,52.049999,50.900002,52.0,966440.0
2020-01-23,52.0,53.0,51.049999,53.0,642860.0
2020-01-24,53.0,53.0,51.299999,52.950001,775000.0
2020-01-27,52.5,53.25,52.25,52.799999,593620.0
2020-01-28,52.799999,52.799999,50.900002,50.900002,477400.0
2020-01-29,51.0,51.799999,50.25,51.5,428520.0
2020-01-30,51.450001,51.5,50.549999,50.900002,437410.0
2020-01-31,51.5,51.5,49.299999,49.299999,2397170.0
2020-02-03,49.299999,51.450001,48.049999,49.799999,861400.0
2020-02-04,49.799999,51.0,49.799999,49.849998,1044400.0
2020-02-05,50.049999,51.25,50.049999,51.0,675600.0
2020-02-06,51.25,52.400002,51.150002,52.400002,419450.0
2020-02-07,50.299999,52.400002,50.299999,52.150002,569490.0
2020-02-10,51.150002,52.299999,50.799999,52.0,1074460.0
2020-02-11,52.0,52.25,51.5,52.049999,247570.0
2020-02-12,52.049999,52.049999,50.849998,50.849998,353520.0
2020-02-13,50.849998,50.849998,49.349998,49.799999,1010390.0
2020-02-14,49.799999,50.950001,49.400002,49.400002,1328500.0
2020-02-17,49.549999,51.0,49.549999,50.450001,1530900.0
2020-02-18,51.0,51.0,50.349998,50.400002,913240.0
2020-02-19,50.400002,51.950001,50.400002,51.0,890220.0
2020-02-20,50.700001,52.299999,50.700001,51.0,2597660.0
2020-02-21,51.900002,51.900002,50.5,50.5,1204860.0
2020-02-24,50.400002,50.400002,49.5,49.549999,459270.0
2020-02-26,49.0,49.150002,45.400002,45.400002,2141000.0
2020-02-27,46.700001,46.900002,44.5,44.5,1401600.0
2020-02-28,44.349998,44.349998,42.049999,42.650002,2282300.0
2020-03-02,42.450001,43.450001,41.0,43.049999,1679100.0
2020-03-03,43.349998,45.5,43.349998,43.700001,1126400.0
2020-03-04,43.700001,46.0,43.599998,46.0,959000.0
2020-03-05,45.950001,46.049999,44.900002,45.950001,277500.0
2020-03-06,45.75,45.75,44.549999,44.950001,513600.0
2020-03-09,43.0,44.099998,41.349998,41.849998,1017500.0
2020-03-10,41.299999,41.299999,39.099998,40.450001,1291600.0
2020-03-11,40.549999,41.450001,39.150002,39.349998,955500.0
2020-03-12,39.900002,39.900002,37.5,37.700001,2225300.0
2020-03-13,35.450001,38.5,33.099998,38.0,3451500.0
2020-03-16,35.0,37.700001,35.0,35.25,2665900.0
2020-03-19,31.5,35.200001,26.700001,32.0,3623300.0
2020-03-20,32.150002,33.950001,30.5,30.950001,1896100.0
2020-03-23,30.049999,30.799999,28.200001,30.0,1228100.0
2020-03-24,31.0,31.4,29.5,29.5,1419800.0
2020-03-25,31.9,32.0,29.1,29.1,1405700.0
2020-03-26,30.450001,33.450001,29.700001,30.85,1738700.0
2020-03-27,32.5,34.200001,31.25,32.5,1368600.0
2020-03-30,33.200001,35.200001,30.65,35.200001,639900.0
2020-03-31,35.0,37.700001,34.25,37.700001,2162800.0
2020-04-01,37.700001,38.75,35.5,38.75,1437600.0
2020-04-02,38.400002,39.099998,37.400002,39.099998,328300.0
2020-04-03,39.099998,39.900002,38.0,39.900002,793800.0
2020-04-06,39.950001,45.0,39.950001,45.0,1128100.0
2020-04-07,45.099998,46.0,43.549999,44.599998,2304900.0
2020-04-08,44.0,44.0,41.200001,41.950001,3078300.0
2020-04-13,42.700001,43.5,41.400002,43.099998,1217000.0
2020-04-14,43.0,44.900002,42.849998,44.900002,941800.0
2020-04-15,44.950001,49.0,44.400002,48.450001,1535900.0
2020-04-16,48.0,48.0,41.25,41.25,4001100.0
2020-04-17,43.0,44.950001,42.0,44.049999,2777300.0
2020-04-20,44.200001,44.200001,43.099998,43.25,1030900.0
2020-04-21,43.200001,43.900002,42.0,43.900002,796400.0
2020-04-22,43.5,44.0,41.299999,43.900002,803900.0
2020-04-23,43.900002,43.900002,43.200001,43.5,365400.0
2020-04-24,43.450001,43.450001,40.650002,40.650002,1761900.0
2020-04-27,41.0,42.5,40.400002,42.5,412800.0
2020-04-28,42.0,42.849998,41.900002,42.0,882900.0
2020-04-29,42.0,42.75,41.150002,41.5,745900.0
2020-04-30,41.5,43.0,41.5,41.5,1125100.0
2020-05-04,41.0,41.0,39.200001,40.049999,788200.0
2020-05-05,40.0,40.799999,39.700001,39.75,1104700.0
2020-05-06,39.799999,39.849998,38.0,38.599998,1843400.0
2020-05-07,38.900002,39.150002,38.200001,38.599998,754500.0
2020-05-08,38.650002,39.400002,38.0,38.299999,697000.0
2020-05-11,38.299999,41.0,38.049999,41.0,917800.0
2020-05-12,40.900002,41.349998,40.150002,41.049999,342500.0
2020-05-13,41.200001,41.299999,40.799999,40.900002,379800.0
2020-05-14,41.349998,42.0,39.400002,42.0,625800.0
2020-05-15,42.0,42.0,39.599998,39.700001,1623000.0
2020-05-18,39.700001,39.799999,38.150002,38.25,584500.0
2020-05-19,38.5,41.5,38.5,41.5,831100.0
2020-05-20,41.0,41.950001,39.700001,41.900002,470800.0
2020-05-21,41.900002,42.0,40.599998,42.0,1191700.0
2020-05-22,41.5,41.950001,40.75,41.5,238200.0
2020-05-26,41.0,41.700001,40.299999,41.700001,822300.0
2020-05-27,41.200001,41.700001,40.349998,41.700001,748100.0
2020-05-28,41.900002,41.900002,41.049999,41.299999,378900.0
2020-05-29,40.599998,42.900002,40.599998,42.900002,3756700.0
2020-06-01,42.900002,45.799999,42.849998,45.0,1736000.0
2020-06-02,45.0,46.799999,44.799999,45.099998,884200.0
2020-06-03,45.950001,49.799999,45.150002,49.799999,1415800.0
2020-06-04,49.5,52.0,49.5,52.0,2357700.0
2020-06-05,51.799999,51.799999,49.450001,50.599998,1504620.0
2020-06-08,50.799999,52.950001,50.799999,52.200001,1457450.0
2020-06-09,52.0,52.200001,51.599998,51.950001,794860.0
2020-06-10,51.700001,51.950001,48.5,49.200001,1186390.0
2020-06-11,49.5,49.950001,48.049999,49.950001,1041800.0
2020-06-15,49.0,49.0,45.799999,45.799999,3149400.0
2020-06-16,46.799999,47.25,46.0,46.900002,1153700.0
2020-06-17,47.400002,47.400002,46.849998,47.049999,1702200.0
2020-06-18,46.799999,47.400002,46.599998,47.0,730500.0
2020-06-19,46.099998,50.099998,46.049999,50.0,2925900.0
2020-06-22,49.900002,49.900002,48.0,49.5,765290.0
2020-06-23,49.5,49.5,47.799999,48.150002,1117000.0
2020-06-24,48.0,48.049999,46.75,46.75,817300.0
2020-06-25,46.200001,46.5,45.099998,45.200001,906700.0
2020-06-26,46.0,46.849998,44.799999,46.849998,639800.0
2020-06-29,46.75,46.75,44.849998,45.25,1086600.0
2020-06-30,45.049999,46.450001,44.950001,45.5,1215000.0
2020-07-01,46.25,46.5,44.950001,46.5,608400.0
2020-07-02,46.900002,48.849998,45.25,46.950001,1481200.0
2020-07-03,48.0,48.5,46.400002,48.5,423800.0
2020-07-06,48.900002,49.0,47.75,49.0,518300.0
2020-07-07,48.950001,49.299999,48.5,49.299999,1033600.0
2020-07-08,49.299999,49.599998,48.799999,49.599998,2111900.0
2020-07-09,49.650002,49.650002,49.049999,49.200001,884200.0
2020-07-10,49.0,49.299999,48.900002,49.299999,997300.0
2020-07-13,49.299999,49.450001,48.849998,48.849998,745800.0
2020-07-14,49.0,50.0,48.900002,50.0,912100.0
2020-07-15,49.299999,49.400002,47.950001,48.200001,1357110.0
2020-07-16,48.0,49.25,47.599998,49.25,575400.0
2020-07-17,48.950001,49.75,48.950001,49.75,1112000.0
2020-07-20,49.75,49.799999,49.0,49.549999,438800.0
2020-07-21,49.700001,51.599998,49.25,51.599998,960800.0
2020-07-22,51.5,51.5,49.5,49.5,582840.0
2020-07-23,49.849998,49.849998,48.049999,49.450001,493600.0
2020-07-24,48.400002,50.0,48.400002,50.0,736600.0
2020-07-27,50.0,50.0,48.549999,49.0,682650.0
2020-07-28,48.049999,49.5,48.049999,49.5,421300.0
2020-07-29,49.0,49.5,48.599998,49.5,347600.0
2020-07-30,48.650002,49.299999,48.049999,48.049999,1981300.0
2020-08-03,47.799999,48.5,42.049999,45.599998,1389000.0
2020-08-04,45.099998,46.400002,45.099998,45.349998,1346700.0
2020-08-05,46.0,46.049999,45.400002,45.799999,908400.0
2020-08-06,46.0,47.25,45.549999,47.25,535600.0
2020-08-07,47.099998,48.0,46.349998,48.0,396900.0
2020-08-10,47.849998,48.450001,46.549999,48.450001,318600.0
2020-08-11,48.450001,48.549999,47.900002,48.25,416700.0
2020-08-12,48.5,48.599998,47.549999,48.450001,271100.0
2020-08-13,48.549999,49.799999,47.700001,49.799999,446400.0
2020-08-14,49.599998,50.400002,49.0,50.25,1619800.0
2020-08-17,49.450001,50.25,49.299999,50.200001,223940.0
2020-08-18,50.25,51.599998,49.75,51.599998,757560.0
2020-08-19,51.549999,51.549999,49.599998,49.599998,368290.0
2020-08-20,49.900002,49.900002,49.0,49.799999,624100.0
2020-08-24,49.799999,50.0,48.650002,48.650002,799500.0
2020-08-25,49.599998,49.599998,48.549999,49.0,378200.0
2020-08-26,48.599998,49.0,48.200001,48.200001,774500.0
2020-08-27,48.549999,48.599998,47.0,47.0,415700.0
2020-08-28,47.799999,48.0,46.049999,48.0,2210100.0
2020-09-01,48.0,48.0,47.099998,47.400002,1368900.0
2020-09-02,47.400002,47.400002,46.400002,47.0,882800.0
2020-09-03,47.0,49.0,46.900002,49.0,379500.0
2020-09-04,47.0,49.349998,47.0,49.349998,1229100.0
2020-09-07,48.950001,49.400002,48.299999,49.400002,297300.0
2020-09-08,49.400002,49.400002,48.799999,48.950001,489900.0
2020-09-09,48.950001,49.0,48.150002,48.400002,382800.0
2020-09-10,48.299999,48.900002,47.099998,47.5,720000.0
2020-09-11,47.5,48.799999,47.150002,48.799999,594200.0
2020-09-14,47.799999,48.700001,47.799999,47.799999,350900.0
2020-09-15,47.799999,48.400002,47.099998,47.099998,652300.0
2020-09-16,47.099998,47.549999,46.799999,47.400002,437100.0
2020-09-17,47.099998,47.5,46.599998,47.5,505600.0
2020-09-18,47.599998,48.0,47.150002,48.0,844000.0
2020-09-21,48.0,48.0,47.200001,47.349998,199200.0
2020-09-22,47.200001,47.25,46.5,46.5,588000.0
2020-09-23,47.0,47.0,46.599998,46.700001,1656700.0
2020-09-24,46.849998,46.900002,46.0,46.0,400100.0
2020-09-25,46.5,46.700001,45.950001,45.950001,374600.0
2020-09-28,46.0,46.5,45.049999,45.049999,450000.0
2020-09-29,46.299999,46.299999,45.150002,45.150002,617400.0
2020-09-30,45.200001,46.0,45.200001,46.0,1124500.0
2020-10-01,46.0,48.0,45.349998,48.0,1375800.0
2020-10-02,47.950001,48.700001,47.099998,48.700001,526500.0
2020-10-05,48.700001,48.75,47.099998,47.650002,1981300.0
2020-10-06,47.5,47.5,45.150002,45.5,2101800.0
2020-10-07,45.5,45.5,44.299999,44.400002,2403900.0
2020-10-08,44.549999,45.150002,43.650002,44.0,3931900.0
2020-10-09,44.25,44.549999,42.200001,43.700001,2032300.0
2020-10-12,43.700001,43.799999,43.25,43.25,910200.0
2020-10-13,43.299999,44.5,43.0,44.0,2254000.0
2020-10-14,44.400002,44.950001,43.799999,44.950001,2741100.0
2020-10-15,44.950001,44.950001,44.0,44.799999,322500.0
2020-10-16,44.700001,44.799999,42.950001,42.950001,641100.0
2020-10-19,43.0,44.0,43.0,44.0,384500.0
2020-10-20,43.950001,45.200001,43.400002,43.400002,648700.0
2020-10-21,44.400002,45.150002,44.0,45.0,1166400.0
2020-10-22,45.5,45.549999,43.400002,45.5,1719500.0
2020-10-23,45.5,47.150002,45.5,47.0,1415800.0
2020-10-26,46.849998,47.299999,46.0,46.950001,863900.0
2020-10-27,46.400002,46.400002,45.799999,45.799999,533200.0
2020-10-28,45.799999,45.900002,44.5,44.5,2229000.0
2020-10-29,44.5,44.5,42.099998,42.099998,1408500.0
2020-10-30,42.950001,44.549999,42.549999,44.549999,1512600.0
2020-11-03,44.950001,45.0,43.599998,43.799999,688400.0
2020-11-04,44.5,45.0,43.849998,44.0,1286800.0
2020-11-05,44.049999,47.0,44.049999,46.5,2372300.0
2020-11-06,46.400002,47.599998,45.650002,47.599998,1856400.0
2020-11-09,47.400002,47.950001,46.799999,47.950001,1525600.0
2020-11-10,48.0,48.900002,47.950001,48.900002,1707700.0
2020-11-11,48.5,48.75,47.900002,48.450001,1441500.0
2020-11-13,48.400002,48.5,47.25,47.25,1176000.0
2020-11-16,47.299999,48.049999,46.450001,48.049999,1757500.0
2020-11-17,48.049999,48.049999,47.400002,48.0,1419700.0
2020-11-18,47.5,48.299999,47.5,48.299999,827800.0
2020-11-19,47.950001,48.099998,46.650002,47.5,914800.0
2020-11-20,48.200001,48.200001,46.700001,46.849998,2056200.0
2020-11-23,46.849998,47.950001,46.799999,46.900002,1058600.0
2020-11-24,47.799999,47.799999,46.5,47.0,1105600.0
2020-11-25,46.950001,47.25,45.049999,45.25,1934300.0
2020-11-26,45.5,46.0,44.0,44.299999,2840300.0
2020-11-27,44.299999,44.450001,42.200001,42.200001,10004500.0
2020-12-01,42.700001,44.549999,42.700001,44.549999,1860800.0
2020-12-02,44.549999,45.75,44.5,45.75,1593700.0
2020-12-03,45.5,48.0,44.5,48.0,3158200.0
2020-12-04,47.0,47.5,46.450001,47.5,979100.0
2020-12-07,47.5,47.5,44.75,44.75,2768200.0
2020-12-09,46.0,46.049999,45.049999,45.75,2956600.0
2020-12-10,45.799999,46.25,45.75,45.950001,1089700.0
2020-12-11,45.849998,47.5,45.849998,46.5,1531200.0
2020-12-14,46.950001,47.599998,46.849998,47.400002,1017500.0
2020-12-15,47.400002,47.400002,46.849998,47.0,1223800.0
2020-12-16,47.0,47.400002,46.200001,46.200001,1234700.0
2020-12-17,46.25,47.0,46.200001,46.25,1087600.0
2020-12-18,47.0,47.5,45.25,47.5,1479200.0
2020-12-21,47.0,47.049999,45.900002,46.099998,2071500.0
2020-12-22,46.5,46.75,45.549999,46.75,712400.0
2020-12-23,46.650002,46.75,45.950001,46.75,434700.0
2020-12-28,46.5,46.799999,45.799999,46.799999,477800.0
2020-12-29,46.799999,47.400002,46.049999,47.25,1092300.0
2021-01-04,46.549999,47.349998,46.549999,46.700001,912200.0
2021-01-05,46.700001,47.5,46.5,47.5,829800.0
2021-01-06,47.450001,47.450001,45.599998,46.700001,836100.0
2021-01-07,47.299999,47.700001,46.900002,47.599998,959400.0
2021-01-08,47.549999,47.650002,46.549999,47.5,897100.0
2021-01-11,47.549999,48.200001,47.450001,47.5,1305900.0
2021-01-12,47.5,47.5,47.0,47.0,263300.0
2021-01-13,47.0,47.049999,46.099998,46.5,1257300.0
2021-01-14,46.049999,47.450001,46.049999,46.599998,1664300.0
2021-01-15,47.349998,47.349998,46.150002,46.349998,890900.0
2021-01-18,47.0,47.0,45.349998,45.5,851800.0
2021-01-19,45.5,46.0,44.799999,44.849998,2520800.0
2021-01-20,46.049999,46.049999,44.5,44.5,1954500.0
2021-01-21,45.0,45.849998,44.400002,44.400002,920200.0
2021-01-22,44.799999,44.799999,43.25,43.450001,1527100.0
2021-01-25,43.400002,43.450001,43.299999,43.400002,1390300.0
2021-01-26,43.400002,43.549999,43.200001,43.549999,873900.0
2021-01-27,43.799999,43.799999,42.349998,43.0,1383200.0
2021-01-28,42.950001,43.5,42.099998,42.099998,1323000.0
2021-01-29,42.5,42.900002,39.5,39.799999,3977700.0
2021-02-01,40.049999,41.799999,40.0,40.799999,2456600.0
2021-02-02,41.5,43.0,41.5,42.5,922600.0
2021-02-03,42.5,43.25,41.25,42.200001,827400.0
2021-02-04,42.200001,43.5,42.0,43.5,857700.0
2021-02-05,43.450001,44.799999,42.549999,44.799999,1001200.0
2021-02-08,44.75,44.75,43.650002,44.0,854500.0
2021-02-09,44.0,44.450001,43.0,43.150002,1180600.0
2021-02-10,43.200001,44.599998,43.150002,43.150002,1428300.0
2021-02-11,44.150002,44.150002,43.150002,43.150002,1088000.0
2021-02-15,43.049999,43.150002,42.099998,42.299999,887300.0
2021-02-16,42.299999,44.0,42.299999,44.0,1756000.0
2021-02-17,42.849998,43.950001,42.849998,43.849998,320900.0
2021-02-18,43.0,43.75,42.0,42.0,958700.0
2021-02-19,42.0,43.599998,42.0,43.599998,1593700.0
2021-02-22,43.5,43.5,42.549999,43.049999,457600.0
2021-02-23,43.049999,43.799999,42.25,43.799999,676600.0
2021-02-24,43.549999,43.549999,42.5,43.450001,731200.0
2021-02-26,43.450001,43.450001,42.150002,42.150002,2976200.0
2021-03-01,42.200001,43.099998,42.0,42.0,875400.0
2021-03-02,42.849998,43.200001,42.099998,42.549999,720100.0
2021-03-03,42.950001,43.200001,42.299999,42.900002,765100.0
2021-03-04,42.900002,42.900002,42.099998,42.599998,548200.0
2021-03-05,42.599998,43.200001,42.049999,42.75,1108800.0
2021-03-08,42.75,42.75,41.200001,42.0,657500.0
2021-03-09,42.75,42.75,40.849998,41.0,985800.0
2021-03-10,41.049999,42.0,40.849998,42.0,866700.0
2021-03-11,41.5,41.549999,40.0,40.0,1454900.0
2021-03-12,40.849998,41.400002,39.400002,39.5,1605500.0
2021-03-15,40.0,40.450001,37.599998,37.799999,2365200.0
2021-03-16,38.150002,38.200001,35.599998,35.599998,3957400.0
2021-03-17,36.25,36.950001,36.049999,36.099998,2717300.0
2021-03-18,36.5,37.299999,36.450001,37.25,2013800.0
2021-03-19,37.299999,37.299999,36.049999,36.049999,2787200.0
2021-03-22,36.0,37.0,35.700001,37.0,995400.0
2021-03-23,36.25,37.200001,35.650002,35.650002,2861900.0
2021-03-24,35.75,36.5,34.700001,35.0,2733000.0
2021-03-25,35.5,36.099998,35.049999,35.049999,2721600.0
2021-03-26,35.75,36.049999,35.400002,35.549999,1340300.0
2021-03-29,35.0,36.400002,35.0,36.349998,1219300.0
2021-03-30,36.400002,36.400002,35.099998,35.299999,2358100.0
2021-03-31,36.0,36.0,34.5,34.5,3036800.0
2021-04-05,35.200001,35.549999,34.5,35.5,1457900.0
2021-04-06,35.599998,36.25,35.549999,36.099998,1574900.0
2021-04-07,36.349998,36.400002,35.599998,36.25,1271200.0
2021-04-08,36.25,36.349998,35.5,35.5,983100.0
2021-04-12,36.200001,36.299999,35.0,35.0,1891700.0
2021-04-13,35.099998,35.900002,34.700001,35.400002,1192300.0
2021-04-14,35.450001,35.799999,34.849998,35.799999,988500.0
2021-04-15,35.799999,35.799999,35.200001,35.75,1560200.0
2021-04-16,35.5,35.849998,35.0,35.0,874100.0
2021-04-19,35.700001,35.700001,34.650002,34.700001,686100.0
2021-04-20,34.799999,35.349998,34.75,35.299999,290500.0
2021-04-21,35.5,35.650002,34.5,34.5,1605000.0
2021-04-22,34.549999,35.0,34.0,34.799999,1077500.0
2021-04-23,34.5,34.799999,34.5,34.799999,1062700.0
2021-04-26,34.799999,35.099998,34.049999,34.049999,1007300.0
2021-04-27,34.150002,34.849998,34.0,34.0,1580900.0
2021-04-28,34.799999,35.400002,34.799999,35.349998,3572800.0
2021-04-29,35.650002,36.75,35.650002,36.25,2618100.0
2021-04-30,36.400002,36.549999,35.5,35.5,1554000.0
2021-05-03,36.450001,36.450001,35.75,35.75,676800.0
2021-05-04,35.799999,36.25,35.599998,35.75,707100.0
2021-05-05,35.650002,36.200001,35.299999,35.299999,704000.0
2021-05-06,35.5,35.799999,34.700001,34.700001,1133700.0
2021-05-07,35.049999,35.299999,34.400002,34.400002,1530000.0
2021-05-10,35.0,35.25,34.849998,34.900002,669800.0
2021-05-11,34.900002,36.099998,34.549999,35.950001,1629600.0
2021-05-12,35.900002,35.900002,34.799999,35.0,541200.0
2021-05-14,35.25,35.799999,34.0,35.799999,1506400.0
2021-05-17,35.450001,35.450001,34.5,34.700001,907600.0
2021-05-18,34.75,35.25,34.599998,34.849998,606900.0
2021-05-19,34.849998,35.150002,34.650002,35.0,339200.0
2021-05-20,35.0,35.150002,34.5,34.5,1122000.0
2021-05-21,34.849998,35.0,34.5,34.75,396700.0
2021-05-24,34.599998,34.950001,34.200001,34.900002,710900.0
2021-05-25,34.900002,35.0,34.599998,35.0,927800.0
2021-05-26,35.099998,36.5,35.0,35.950001,1596700.0
2021-05-27,36.0,40.0,35.950001,40.0,5821500.0
2021-05-28,38.900002,40.900002,38.650002,40.0,3205600.0
2021-05-31,39.900002,40.349998,39.0,40.349998,1164700.0
2021-06-01,40.0,40.0,38.75,38.950001,728300.0
2021-06-02,39.0,40.099998,38.950001,39.700001,809300.0
2021-06-03,39.700001,40.0,38.75,38.75,1064300.0
2021-06-04,39.400002,39.400002,38.650002,38.650002,606500.0
2021-06-07,38.650002,39.450001,38.650002,39.200001,422600.0
2021-06-08,39.299999,40.099998,39.299999,39.799999,1512700.0
2021-06-09,39.799999,41.25,39.5,40.150002,2927600.0
2021-06-10,40.900002,41.0,40.5,40.849998,911200.0
2021-06-11,40.900002,41.0,40.75,41.0,831100.0
2021-06-14,41.25,42.400002,41.099998,42.25,530400.0
2021-06-15,42.049999,43.700001,42.0,43.700001,1795900.0
2021-06-16,43.5,43.549999,42.599998,42.900002,772100.0
2021-06-17,43.0,43.049999,42.599998,42.650002,943100.0
2021-06-18,42.599998,42.650002,42.25,42.5,1687600.0
2021-06-21,42.349998,42.349998,42.049999,42.200001,1539100.0
2021-06-22,42.200001,42.950001,42.200001,42.5,1215200.0
2021-06-23,42.25,42.75,42.25,42.299999,1612800.0
2021-06-24,42.25,42.650002,42.049999,42.299999,689000.0
2021-06-25,42.099998,43.0,42.099998,43.0,369800.0
2021-06-28,42.299999,42.900002,42.299999,42.900002,568000.0
2021-06-29,42.849998,42.849998,42.299999,42.299999,636100.0
2021-06-30,42.400002,42.950001,42.150002,42.150002,822200.0
2021-07-01,42.799999,42.849998,42.200001,42.5,281300.0
2021-07-02,42.799999,42.799999,42.349998,42.549999,360700.0
2021-07-05,42.549999,42.799999,42.200001,42.299999,617500.0
2021-07-06,42.5,42.549999,42.049999,42.049999,898100.0
2021-07-07,42.299999,42.299999,41.5,41.849998,478900.0
2021-07-08,41.849998,42.200001,41.849998,42.200001,256000.0
2021-07-09,42.0,42.0,40.400002,41.5,1662600.0
2021-07-12,41.5,41.900002,40.599998,41.75,195200.0
2021-07-13,41.349998,41.799999,41.349998,41.75,517000.0
2021-07-14,41.799999,41.799999,41.049999,41.299999,1570200.0
2021-07-15,41.299999,41.299999,40.0,40.0,1992200.0
2021-07-16,40.0,40.950001,40.0,40.599998,491000.0
2021-07-19,40.099998,40.099998,39.099998,39.599998,761100.0
2021-07-21,39.650002,39.650002,38.0,38.0,897300.0
2021-07-22,38.099998,39.700001,38.0,39.0,949000.0
2021-07-23,39.599998,39.700001,38.25,39.700001,854000.0
2021-07-26,39.650002,39.650002,38.650002,39.0,751700.0
2021-07-27,39.0,40.099998,38.700001,39.950001,1065100.0
2021-07-28,40.0,40.0,39.049999,40.0,1324100.0
2021-07-29,39.799999,40.200001,39.5,39.5,713900.0
2021-07-30,39.900002,39.900002,37.599998,37.599998,1334300.0
2021-08-02,37.650002,38.5,37.599998,38.5,1141400.0
2021-08-03,38.5,39.5,38.299999,39.5,11648700.0
2021-08-04,39.549999,40.0,39.549999,39.950001,496900.0
2021-08-05,40.0,40.349998,39.5,40.049999,629700.0
2021-08-06,40.200001,40.549999,40.049999,40.549999,592400.0
2021-08-09,40.5,41.0,40.0,40.0,435200.0
2021-08-10,40.200001,40.900002,40.0,40.200001,305600.0
2021-08-11,40.200001,40.849998,39.849998,40.0,1126100.0
2021-08-12,39.950001,39.950001,39.25,39.25,288300.0
2021-08-13,39.299999,39.900002,37.0,37.0,1114000.0
2021-08-16,37.900002,39.0,37.900002,39.0,2053700.0
2021-08-17,39.0,39.75,39.0,39.650002,420100.0
2021-08-18,39.75,39.799999,39.400002,39.75,876900.0
2021-08-19,40.0,41.299999,39.349998,41.299999,1288600.0
2021-08-20,41.25,41.25,40.099998,40.400002,432400.0
2021-08-23,40.5,40.799999,39.549999,39.549999,310100.0
2021-08-24,40.0,40.599998,39.75,40.400002,403500.0
2021-08-25,40.599998,41.5,40.049999,41.5,455000.0
2021-08-26,41.599998,42.0,41.299999,42.0,1133800.0
2021-08-27,41.0,41.799999,40.299999,40.299999,481600.0
2021-08-31,40.900002,43.049999,40.299999,43.049999,3781800.0
2021-09-01,42.900002,44.099998,42.549999,43.75,1469300.0
2021-09-02,43.950001,44.400002,43.900002,44.0,1420700.0
2021-09-03,44.0,44.900002,44.0,44.900002,1011700.0
2021-09-06,44.900002,44.950001,44.049999,44.950001,582800.0
2021-09-07,44.849998,44.849998,44.200001,44.5,495200.0
2021-09-08,44.5,44.650002,43.799999,44.5,1459300.0
2021-09-09,44.349998,44.799999,44.0,44.799999,444600.0
2021-09-10,44.099998,46.0,44.099998,46.0,2143800.0
2021-09-13,46.0,46.0,44.5,45.849998,761200.0
2021-09-14,45.849998,46.0,45.099998,45.099998,1022700.0
2021-09-15,45.200001,46.0,44.200001,44.75,1721100.0
2021-09-16,44.75,47.299999,44.75,47.099998,1865400.0
2021-09-17,47.349998,50.0,46.049999,50.0,3766500.0
2021-09-20,49.5,50.549999,47.900002,50.549999,4436340.0
2021-09-21,49.0,54.200001,48.549999,54.200001,7325010.0
2021-09-22,54.0,54.0,51.799999,53.950001,1753150.0
2021-09-23,52.450001,53.650002,52.450001,53.150002,1005750.0
2021-09-24,53.400002,53.5,52.0,52.0,1083740.0
2021-09-27,52.150002,54.049999,52.150002,53.099998,972930.0
2021-09-28,54.049999,54.049999,47.5,47.5,3859640.0
2021-09-29,48.400002,49.900002,46.0,49.900002,1539800.0
2021-09-30,48.700001,51.099998,48.599998,48.599998,4553200.0
2021-10-01,50.0,50.0,48.5,49.0,2155800.0
2021-10-04,49.0,51.0,48.799999,49.0,2017400.0
2021-10-05,49.650002,50.200001,48.950001,50.150002,1836900.0
2021-10-06,50.099998,50.349998,49.0,49.0,780190.0
2021-10-07,49.0,49.849998,46.75,46.75,955100.0
2021-10-08,47.25,48.450001,46.700001,46.700001,2089800.0
2021-10-11,46.75,47.950001,46.75,47.75,674200.0
2021-10-12,47.75,48.400002,46.950001,46.950001,1548800.0
2021-10-13,46.950001,48.150002,46.950001,47.0,5050600.0
2021-10-14,47.849998,48.099998,47.200001,47.349998,4697700.0
2021-10-15,47.349998,48.599998,47.349998,48.450001,601400.0
2021-10-18,48.5,48.950001,48.0,48.5,1124800.0
2021-10-19,48.599998,49.849998,48.599998,49.849998,944000.0
2021-10-20,49.900002,50.299999,49.299999,49.5,1923200.0
2021-10-21,49.599998,52.25,49.599998,52.200001,2749800.0
2021-10-22,52.0,52.0,50.25,51.299999,850820.0
2021-10-25,51.400002,51.400002,49.599998,50.599998,733680.0
2021-10-26,50.599998,50.599998,49.299999,49.299999,1060240.0
2021-10-27,49.299999,49.299999,48.25,48.650002,1263600.0
2021-10-28,48.650002,49.400002,48.049999,48.200001,1448100.0
2021-10-29,48.25,49.5,47.799999,48.400002,2048800.0
2021-11-02,49.400002,50.450001,48.450001,49.700001,1771800.0
2021-11-03,50.0,50.599998,50.0,50.349998,1327400.0
2021-11-04,50.599998,51.5,50.5,51.0,1402120.0
2021-11-05,51.650002,51.650002,50.650002,51.450001,14318520.0
2021-11-08,51.450001,51.599998,51.25,51.450001,1426490.0
2021-11-09,51.5,51.950001,51.099998,51.099998,968310.0
2021-11-10,51.849998,52.0,50.75,52.0,1184600.0
2021-11-11,51.75,51.75,50.650002,51.299999,1144380.0
2021-11-12,51.299999,51.299999,50.200001,51.099998,730930.0
2021-11-15,51.099998,51.099998,50.049999,51.0,1076460.0
2021-11-16,50.650002,51.0,49.349998,51.0,1445980.0
2021-11-17,51.0,51.0,50.049999,51.0,1309280.0
2021-11-18,51.0,51.349998,50.599998,51.25,2456270.0
2021-11-19,51.299999,51.5,48.900002,50.799999,1434400.0
2021-11-22,50.799999,50.900002,49.5,50.900002,1662880.0
2021-11-23,50.0,52.0,50.0,51.400002,959520.0
2021-11-24,51.400002,52.0,51.0,52.0,768510.0
2021-11-25,51.5,54.200001,51.200001,51.5,1611030.0
2021-11-26,51.700001,52.0,50.349998,52.0,873050.0
2021-11-29,50.25,51.450001,49.099998,49.099998,5614700.0
2021-12-01,49.400002,49.849998,47.799999,48.5,2859300.0
2021-12-02,48.599998,53.400002,48.349998,50.299999,2921700.0
2021-12-03,51.0,51.5,50.299999,51.450001,3230080.0
2021-12-06,51.400002,53.25,50.549999,53.200001,2536140.0
2021-12-07,53.200001,53.5,52.349998,53.5,963200.0
2021-12-09,52.150002,56.049999,52.150002,55.400002,2662250.0
2021-12-10,55.400002,58.549999,54.900002,57.900002,3249110.0
2021-12-13,57.5,58.5,56.5,58.400002,1471380.0
2021-12-14,58.349998,58.5,57.700001,58.400002,2698810.0
2021-12-15,58.099998,58.349998,55.099998,57.5,2838100.0
2021-12-16,55.549999,58.0,55.549999,56.299999,1823680.0
2021-12-17,56.299999,57.75,55.599998,55.599998,2277460.0
2021-12-20,55.599998,56.400002,55.25,56.299999,1246830.0
2021-12-21,56.25,56.700001,55.799999,56.25,601100.0
2021-12-22,55.700001,57.400002,55.700001,57.200001,529810.0
2021-12-23,57.200001,58.25,57.049999,58.049999,1294730.0
2021-12-24,58.099998,58.150002,56.5,56.5,263340.0
2021-12-27,56.549999,58.150002,56.5,58.049999,716050.0
2021-12-28,58.049999,59.849998,57.099998,59.049999,1115720.0
2021-12-29,59.450001,59.450001,57.650002,58.299999,1607600.0
2021-12-31,57.900002,57.900002,54.450001,54.450001,1793000.0
2022-01-03,54.450001,56.450001,52.349998,55.75,2427450.0
2022-01-05,55.75,56.25,53.0,55.400002,1208040.0
2022-01-06,55.349998,56.700001,53.5,56.700001,1340760.0
2022-01-07,56.400002,56.75,54.849998,56.700001,1138010.0
2022-01-10,56.599998,58.950001,54.849998,58.5,2736050.0
2022-01-11,58.5,59.75,58.049999,58.5,2901020.0
2022-01-12,58.5,59.5,58.049999,59.5,1075930.0
2022-01-13,59.5,60.099998,59.0,60.0,2366890.0
2022-01-14,60.0,64.25,59.849998,60.0,2243000.0
2022-01-17,60.5,61.25,60.0,60.099998,454960.0
2022-01-18,60.5,61.700001,60.200001,60.849998,658550.0
2022-01-19,60.299999,62.299999,60.0,62.299999,1020820.0
2022-01-20,62.299999,62.900002,60.349998,60.349998,1184450.0
2022-01-21,60.700001,62.950001,60.700001,62.950001,830230.0
2022-01-24,62.950001,63.5,61.849998,63.5,596660.0
2022-01-25,63.5,64.050003,62.0,64.050003,1088460.0
2022-01-26,63.0,63.5,61.849998,62.5,1793130.0
2022-01-27,62.5,63.349998,62.0,63.0,675110.0
2022-01-28,62.950001,63.049999,62.150002,62.5,722250.0
2022-01-31,63.099998,65.150002,62.599998,63.0,2401560.0
2022-02-02,63.0,63.400002,62.049999,62.5,772650.0
2022-02-03,62.5,63.0,60.0,60.0,997710.0
2022-02-04,60.349998,62.0,60.349998,62.0,531920.0
2022-02-07,62.0,62.0,60.549999,61.0,769210.0
2022-02-08,61.25,61.900002,60.700001,61.0,821080.0
2022-02-09,60.799999,61.799999,60.450001,60.450001,558980.0
2022-02-10,60.450001,61.0,59.049999,59.5,798320.0
2022-02-11,60.799999,60.799999,56.549999,57.5,4296750.0
2022-02-14,57.400002,59.0,57.400002,58.049999,984240.0
2022-02-15,58.200001,60.900002,58.200001,60.900002,1181220.0
2022-02-16,60.849998,63.0,59.5,63.0,1280940.0
2022-02-17,62.0,62.900002,61.75,62.799999,929110.0
2022-02-18,62.0,62.200001,60.5,61.200001,1077410.0
2022-02-21,61.200001,61.450001,59.650002,61.200001,642680.0
2022-02-22,60.200001,63.0,60.200001,63.0,970530.0
2022-02-23,63.0,63.25,61.049999,61.799999,440690.0
2022-02-24,61.799999,62.700001,59.950001,59.950001,514700.0
2022-02-28,59.799999,60.5,59.450001,59.900002,1443290.0
2022-03-01,60.5,62.0,59.349998,62.0,729510.0
2022-03-02,62.0,62.0,60.5,61.0,527360.0
2022-03-03,61.0,62.400002,61.0,62.400002,401460.0
2022-03-04,61.900002,61.950001,61.099998,61.5,270910.0
2022-03-07,61.5,61.799999,59.950001,61.799999,688110.0
2022-03-08,60.599998,61.650002,58.700001,58.700001,1178130.0
2022-03-09,58.700001,60.099998,57.75,57.75,1538320.0
2022-03-10,58.5,59.450001,58.200001,59.450001,929680.0
2022-03-11,58.799999,61.0,58.400002,61.0,585210.0
2022-03-14,61.0,61.0,57.0,60.0,1957120.0
2022-03-15,59.900002,59.900002,56.349998,59.900002,1293510.0
2022-03-16,59.900002,59.900002,58.950001,59.0,1493650.0
2022-03-17,59.0,60.0,58.549999,58.549999,947150.0
2022-03-18,58.450001,59.0,56.75,56.75,2108680.0
2022-03-21,57.0,57.799999,56.75,57.5,1355830.0
2022-03-22,57.450001,62.0,54.0,57.0,3617430.0
2022-03-23,57.0,58.400002,57.0,57.299999,1532630.0
2022-03-24,57.950001,58.150002,57.0,58.0,753350.0
2022-03-25,58.0,58.950001,58.0,58.950001,617250.0
2022-03-28,58.950001,59.099998,57.950001,59.099998,763660.0
2022-03-29,57.900002,59.0,57.900002,59.0,785300.0
2022-03-30,59.0,59.0,57.650002,58.599998,959500.0
2022-03-31,58.700001,59.5,57.900002,59.5,964970.0
2022-04-01,59.5,59.549999,58.549999,59.549999,489280.0
2022-04-04,59.599998,60.0,59.549999,60.0,1068450.0
2022-04-05,59.599998,60.0,59.599998,60.0,2282680.0
2022-04-06,60.0,60.0,57.900002,57.900002,516390.0
2022-04-07,58.5,58.900002,56.0,56.5,1654910.0
2022-04-08,56.5,57.049999,56.200001,56.5,580380.0
2022-04-11,57.0,57.0,55.799999,55.799999,691630.0
2022-04-12,56.799999,56.799999,55.0,55.5,610630.0
2022-04-13,55.5,57.650002,55.450001,57.650002,1151990.0
2022-04-18,57.650002,57.650002,56.099998,56.75,426340.0
2022-04-19,56.75,57.200001,55.0,55.0,1138520.0
2022-04-20,55.349998,56.599998,55.349998,56.299999,1012120.0
2022-04-21,56.299999,56.599998,55.75,56.0,1761010.0
2022-04-22,56.0,56.849998,55.549999,56.849998,853400.0
2022-04-25,56.799999,56.900002,55.5,56.900002,707570.0
2022-04-26,56.299999,56.700001,55.650002,56.099998,641620.0
2022-04-27,55.799999,56.5,53.200001,54.5,1142560.0
2022-04-28,54.0,54.450001,53.299999,54.450001,1036610.0
2022-04-29,54.450001,54.450001,50.599998,50.599998,1413840.0
2022-05-02,51.0,51.599998,50.150002,50.700001,933700.0
2022-05-04,50.700001,51.650002,50.200001,51.650002,973870.0
2022-05-05,51.950001,52.049999,50.0,51.650002,1937310.0
2022-05-06,50.599998,51.650002,50.5,50.5,1751460.0
2022-05-10,49.799999,51.25,49.400002,51.25,1122940.0
2022-05-11,50.150002,51.200001,50.049999,50.049999,2893280.0
2022-05-12,50.0,50.799999,49.900002,50.0,2461170.0
2022-05-13,49.900002,49.900002,47.0,47.0,5733480.0
2022-05-16,47.200001,48.0,44.849998,47.299999,12960400.0
2022-05-17,46.5,48.200001,45.599998,48.0,3510900.0
2022-05-18,48.0,48.599998,47.599998,48.099998,1685900.0
2022-05-19,47.5,48.150002,47.349998,47.900002,2165500.0
2022-05-20,47.950001,48.450001,47.5,48.0,1145500.0
2022-05-23,48.5,48.900002,47.950001,48.200001,1073700.0
2022-05-24,48.25,48.25,46.849998,46.900002,1059900.0
2022-05-25,46.950001,47.799999,46.200001,47.799999,916200.0
2022-05-26,47.799999,49.599998,47.599998,49.599998,1153300.0
2022-05-27,49.599998,51.450001,48.25,51.0,2724400.0
2022-05-30,51.0,53.700001,50.700001,52.5,1384410.0
2022-05-31,53.5,54.150002,51.549999,53.0,19668630.0
2022-06-01,53.0,53.5,51.200001,51.5,1120410.0
2022-06-02,51.5,52.400002,50.5,52.400002,2192700.0
2022-06-03,52.400002,52.400002,50.849998,51.200001,1199700.0
2022-06-06,51.200001,51.950001,50.75,51.700001,174120.0
2022-06-07,51.700001,53.049999,50.799999,53.0,1996770.0
2022-06-08,53.0,53.0,51.299999,52.0,761410.0
2022-06-09,52.5,52.5,51.25,51.5,844610.0
2022-06-10,51.799999,51.799999,49.299999,49.700001,868160.0
2022-06-13,49.549999,49.700001,48.599998,49.5,575900.0
2022-06-14,48.75,51.099998,48.5,51.099998,1253900.0
2022-06-15,49.900002,50.450001,48.049999,48.200001,881610.0
2022-06-16,48.700001,50.0,48.700001,50.0,2864800.0
2022-06-17,49.0,50.099998,48.099998,48.650002,996430.0
2022-06-20,48.650002,49.200001,48.0,49.200001,384000.0
2022-06-21,49.0,49.200001,48.099998,49.200001,601100.0
2022-06-22,48.200001,49.450001,48.200001,48.950001,374200.0
2022-06-23,49.299999,49.299999,48.049999,49.0,1133100.0
2022-06-24,49.299999,51.5,49.099998,51.5,891400.0
2022-06-27,51.5,51.5,50.299999,51.450001,4705290.0
2022-06-28,51.400002,51.450001,50.5,51.099998,1735840.0
2022-06-29,51.099998,51.450001,49.349998,49.349998,666360.0
2022-06-30,50.5,50.599998,47.0,47.549999,2140700.0
2022-07-01,48.25,48.799999,48.25,48.5,693800.0
2022-07-04,48.450001,48.450001,45.950001,47.25,1930500.0
2022-07-05,48.0,49.0,47.75,49.0,614400.0
2022-07-06,48.450001,49.549999,48.450001,49.400002,761600.0
2022-07-07,49.400002,50.150002,48.099998,50.150002,656900.0
2022-07-08,50.099998,53.5,48.849998,51.200001,2072600.0
2022-07-11,50.849998,52.799999,49.450001,50.5,1275930.0
2022-07-12,51.299999,51.450001,50.0,50.0,340180.0
2022-07-13,50.0,50.849998,49.0,49.0,335360.0
2022-07-14,49.799999,50.849998,48.5,50.849998,824100.0
2022-07-15,50.849998,51.0,50.049999,51.0,311420.0
2022-07-18,50.900002,51.900002,50.25,51.900002,639060.0
2022-07-19,51.900002,51.900002,50.950001,51.0,822450.0
2022-07-20,51.049999,52.450001,51.049999,51.5,1207200.0
2022-07-21,51.549999,52.650002,50.200001,52.400002,1974150.0
2022-07-22,52.400002,52.5,51.200001,52.400002,823060.0
2022-07-25,52.400002,52.400002,51.049999,52.0,729340.0
2022-07-26,52.0,53.25,52.0,53.200001,829090.0
2022-07-27,53.450001,55.049999,52.25,55.0,1989680.0
2022-07-28,55.0,57.5,55.0,57.5,3261150.0
2022-07-29,57.5,57.599998,55.5,57.049999,2428310.0
2022-08-01,57.349998,59.0,55.400002,59.0,1108320.0
2022-08-02,58.799999,58.799999,56.450001,58.0,2880570.0
2022-08-03,57.5,59.75,57.200001,58.900002,3019740.0
2022-08-04,59.0,59.5,58.0,59.0,2371660.0
2022-08-05,59.0,59.5,58.200001,58.200001,1574340.0
2022-08-08,58.200001,58.200001,57.0,57.299999,1747200.0
2022-08-09,57.299999,58.5,57.25,58.150002,1627520.0
2022-08-10,58.099998,58.099998,56.299999,57.349998,4444420.0
2022-08-11,57.5,61.0,57.349998,59.700001,8888500.0
2022-08-12,59.700001,59.700001,58.799999,59.450001,1889780.0
2022-08-15,59.700001,60.25,59.049999,59.700001,1708360.0
2022-08-16,59.950001,60.200001,59.5,60.200001,3005490.0
2022-08-17,60.349998,61.950001,60.200001,61.200001,1518560.0
2022-08-18,61.200001,61.299999,60.549999,61.0,2362690.0
2022-08-19,61.099998,61.200001,59.25,60.400002,578490.0
2022-08-22,59.900002,59.900002,57.400002,57.5,2056570.0
2022-08-23,57.450001,57.450001,55.650002,56.0,1701380.0
2022-08-24,55.599998,56.650002,55.599998,56.5,1718160.0
2022-08-25,56.5,57.349998,56.099998,57.349998,1548980.0
2022-08-26,58.0,61.0,57.349998,59.0,3758480.0
2022-08-30,57.0,58.799999,56.5,58.0,1025750.0
2022-08-31,57.75,57.950001,56.150002,56.150002,1879100.0
2022-09-01,56.099998,57.0,55.0,55.0,2051690.0
2022-09-02,55.200001,59.400002,55.150002,59.400002,2472140.0
2022-09-05,58.849998,58.849998,57.549999,58.0,423800.0
2022-09-06,58.0,59.950001,57.549999,59.950001,1084910.0
2022-09-07,59.799999,59.799999,57.799999,58.299999,1164940.0
2022-09-08,58.349998,58.400002,58.0,58.25,1039590.0
2022-09-09,58.5,58.5,57.799999,57.799999,358810.0
2022-09-12,57.799999,59.599998,57.799999,59.099998,765720.0
2022-09-13,59.349998,59.349998,58.599998,59.099998,567670.0
2022-09-14,58.599998,58.650002,56.200001,56.200001,1069830.0
2022-09-15,56.5,57.700001,56.299999,57.099998,1269760.0
2022-09-16,57.0,57.799999,56.25,56.849998,1072190.0
2022-09-19,56.950001,58.75,56.950001,57.25,2385140.0
2022-09-20,57.650002,58.5,57.5,57.5,1898440.0
2022-09-21,58.0,58.0,56.599998,57.5,1537950.0
2022-09-22,57.599998,58.0,56.299999,58.0,874330.0
2022-09-23,58.299999,58.299999,57.049999,57.450001,360810.0
2022-09-27,57.049999,57.849998,54.049999,55.049999,1693480.0
2022-09-28,55.849998,55.849998,54.349998,55.200001,943750.0
2022-09-29,55.75,56.900002,55.299999,56.900002,688810.0
2022-09-30,55.549999,56.0,53.650002,53.650002,1247530.0
2022-10-03,53.650002,53.650002,50.200001,52.0,1118320.0
2022-10-04,52.599998,55.799999,52.5,55.799999,1019400.0
2022-10-05,55.799999,57.049999,55.0,56.900002,1168850.0
2022-10-06,57.049999,57.049999,55.349998,56.0,1484070.0
2022-10-07,56.5,57.099998,55.0,56.599998,458640.0
2022-10-10,55.549999,57.049999,53.5,54.599998,985130.0
2022-10-11,54.5,56.849998,54.5,56.799999,1145380.0
2022-10-12,56.299999,56.900002,56.299999,56.799999,449560.0
2022-10-13,56.5,58.099998,56.299999,56.299999,1616100.0
2022-10-14,57.400002,57.900002,56.5,57.900002,791550.0
2022-10-17,57.599998,58.650002,57.400002,58.0,1966440.0
2022-10-18,58.150002,60.049999,58.150002,59.5,1896960.0
2022-10-19,59.5,59.900002,58.799999,59.0,1425450.0
2022-10-20,59.299999,59.299999,56.799999,56.900002,1057210.0
2022-10-21,56.950001,57.950001,55.799999,55.799999,1639010.0
2022-10-24,56.200001,57.299999,56.200001,57.099998,482560.0
2022-10-25,57.349998,57.799999,56.650002,57.799999,1018100.0
2022-10-26,57.299999,57.900002,56.650002,57.25,689170.0
2022-10-27,57.549999,57.650002,57.0,57.450001,1662950.0
2022-10-28,57.349998,57.75,56.700001,56.700001,489730.0
2022-11-02,56.700001,57.849998,56.700001,57.25,1052190.0
2022-11-03,57.150002,57.849998,56.849998,57.0,551590.0
2022-11-04,57.799999,57.799999,56.299999,57.200001,1327780.0
2022-11-07,56.0,57.299999,56.0,57.200001,1472050.0
2022-11-08,57.599998,57.75,56.299999,56.299999,518940.0
2022-11-09,56.799999,57.549999,56.400002,57.299999,1846140.0
2022-11-10,57.5,57.5,56.299999,56.5,505820.0
2022-11-11,57.5,57.799999,56.549999,56.799999,1157260.0
2022-11-14,56.849998,58.5,56.799999,58.5,2546980.0
2022-11-15,57.200001,58.200001,57.099998,57.700001,2238930.0
2022-11-16,57.700001,57.900002,55.0,55.25,2369040.0
2022-11-17,55.299999,56.549999,55.299999,56.349998,2457170.0
2022-11-18,56.799999,56.799999,56.049999,56.75,671910.0
2022-11-21,56.799999,57.299999,56.25,57.299999,509530.0
2022-11-22,57.200001,57.299999,56.549999,57.0,1022350.0
2022-11-23,56.849998,57.299999,55.549999,55.549999,2606790.0
2022-11-24,55.700001,56.450001,55.700001,55.900002,1673570.0
2022-11-25,55.950001,56.5,55.75,56.5,1988490.0
2022-11-28,56.599998,57.200001,56.099998,56.349998,1664070.0
2022-11-29,56.5,60.0,56.349998,60.0,7304640.0
2022-12-01,58.599998,59.799999,57.200001,57.5,2378840.0
2022-12-02,57.299999,57.700001,55.0,55.099998,2123990.0
2022-12-05,55.150002,56.599998,54.299999,54.299999,1346000.0
2022-12-06,54.099998,55.450001,54.049999,55.450001,1289130.0
2022-12-07,55.150002,55.400002,53.799999,53.799999,1049100.0
2022-12-09,53.849998,54.799999,53.799999,54.0,656020.0
2022-12-12,54.700001,54.700001,53.599998,54.099998,1078780.0
2022-12-13,54.650002,54.650002,53.950001,54.400002,862530.0
2022-12-14,54.5,54.849998,54.150002,54.849998,1051100.0
2022-12-15,54.650002,54.75,54.099998,54.299999,498980.0
2022-12-16,54.099998,55.0,54.049999,54.900002,952850.0
2022-12-19,54.900002,55.0,54.049999,55.0,303380.0
2022-12-20,55.0,56.400002,54.299999,56.400002,901620.0
2022-12-21,56.299999,56.5,55.5,56.5,462980.0
2022-12-22,56.5,57.349998,56.5,57.0,403600.0
2022-12-23,56.75,56.799999,56.150002,56.799999,152480.0
2022-12-27,57.0,57.299999,56.200001,56.200001,230510.0
2022-12-28,56.200001,57.75,56.200001,57.75,213570.0
2022-12-29,56.75,58.049999,56.75,57.700001,1464990.0
2023-01-03,57.700001,57.700001,57.049999,57.700001,527110.0
2023-01-04,57.700001,59.0,57.450001,58.900002,1406660.0
2023-01-05,58.900002,59.950001,58.450001,59.950001,1864540.0
2023-01-06,60.0,60.0,57.700001,58.700001,1440710.0
2023-01-09,58.450001,60.0,58.450001,60.0,1293660.0
2023-01-10,60.0,60.0,58.549999,59.0,395110.0
2023-01-11,59.799999,59.900002,58.400002,58.700001,476910.0
2023-01-12,59.150002,59.549999,58.5,59.5,588950.0
2023-01-13,59.5,60.200001,58.75,59.700001,2088170.0
2023-01-16,59.799999,61.25,59.049999,59.049999,2584560.0
2023-01-17,59.5,60.0,58.0,58.0,849790.0
2023-01-18,58.0,59.0,57.849998,57.849998,1660850.0
2023-01-19,57.5,58.299999,57.400002,57.900002,2893160.0
2023-01-20,58.0,58.799999,58.0,58.400002,857350.0
2023-01-23,58.450001,58.75,56.950001,58.700001,663380.0
2023-01-24,58.700001,59.599998,57.299999,57.849998,906130.0
2023-01-25,58.650002,58.700001,58.150002,58.5,606170.0
2023-01-26,59.0,59.099998,57.5,57.5,644600.0
2023-01-27,58.75,59.0,57.849998,59.0,824290.0
2023-01-30,59.0,59.25,58.0,59.25,809990.0
2023-01-31,58.299999,58.950001,56.5,56.849998,1964370.0
2023-02-01,56.900002,59.150002,56.599998,59.150002,1679090.0
2023-02-02,59.0,59.25,58.0,59.25,1608010.0
2023-02-03,59.25,59.299999,56.349998,58.049999,2565810.0
2023-02-06,58.5,58.5,56.799999,57.099998,1004700.0
2023-02-07,57.900002,58.200001,57.099998,58.200001,664650.0
2023-02-08,58.200001,58.450001,56.5,56.5,614720.0
2023-02-09,57.200001,57.200001,56.650002,56.950001,456700.0
2023-02-10,57.299999,57.900002,56.549999,57.900002,540230.0
2023-02-13,57.950001,57.950001,56.200001,56.200001,1092550.0
2023-02-14,56.25,56.849998,54.549999,54.549999,2808510.0
2023-02-15,55.150002,55.799999,54.200001,54.650002,873660.0
2023-02-16,54.650002,55.700001,54.650002,55.200001,1166350.0
2023-02-17,55.200001,55.5,54.25,55.5,1234300.0
2023-02-20,55.400002,55.400002,54.0,54.5,1001830.0
2023-02-21,54.650002,55.0,54.0,55.0,1148880.0
2023-02-22,54.950001,55.0,53.5,54.0,1231310.0
2023-02-23,54.5,55.0,53.599998,55.0,637490.0
2023-02-27,55.0,55.0,53.549999,54.0,1011360.0
2023-02-28,54.5,54.799999,54.0,54.0,4657720.0
2023-03-01,55.0,55.0,53.599998,53.849998,1117560.0
2023-03-02,54.200001,54.849998,53.849998,54.0,834210.0
2023-03-03,54.5,54.5,53.849998,53.950001,1064280.0
2023-03-06,54.0,54.599998,53.799999,53.799999,887810.0
2023-03-07,54.5,54.599998,53.650002,53.900002,1695630.0
2023-03-08,53.75,53.900002,52.099998,52.599998,1979880.0
2023-03-09,53.200001,53.200001,51.400002,51.450001,1004010.0
2023-03-10,51.450001,51.450001,50.25,50.299999,63244170.0
2023-03-13,50.299999,52.5,50.25,52.5,1415960.0
2023-03-14,54.0,54.0,50.0,50.0,1955700.0
2023-03-15,50.0,51.150002,48.5,49.349998,2001050.0
2023-03-16,50.0,50.0,47.549999,49.900002,1108100.0
2023-03-17,49.900002,51.049999,48.799999,51.049999,1115900.0
2023-03-20,50.950001,53.950001,50.099998,53.950001,2264050.0
2023-03-21,53.5,53.900002,51.450001,53.0,866940.0
2023-03-22,52.200001,53.099998,51.400002,51.400002,971390.0
2023-03-23,51.450001,52.5,50.950001,52.349998,643560.0
2023-03-24,52.400002,52.599998,51.099998,51.200001,303470.0
2023-03-27,51.299999,51.950001,51.0,51.0,252320.0
2023-03-28,51.5,51.599998,50.0,50.0,788850.0
2023-03-29,50.099998,51.5,50.0,51.5,385040.0
2023-03-30,51.5,53.900002,51.0,53.900002,991680.0
2023-03-31,53.700001,53.799999,48.400002,48.400002,2034860.0
2023-04-03,50.200001,52.700001,50.200001,52.700001,998400.0
2023-04-04,52.599998,53.0,51.549999,52.950001,379880.0
2023-04-05,52.900002,52.900002,51.599998,51.599998,562800.0
2023-04-11,52.3,53.0,51.2,52.2,1605370.0
2023-04-12,51.75,52.4,51.1,51.55,755960.0
2023-04-13,51.3,51.85,51.0,51.5,385440.0
2023-04-14,51.700001,51.700001,51.25,51.299999,540370.0
2023-04-17,51.299999,52.549999,51.0,52.549999,486510.0
2023-04-18,52.0,52.0,51.75,51.799999,1206420.0
2023-04-19,51.799999,51.950001,50.349998,50.450001,2313420.0
2023-04-20,50.450001,52.0,50.200001,52.0,604840.0
2023-04-24,51.950001,53.0,51.099998,53.0,516010.0
2023-04-25,53.0,53.400002,51.950001,53.200001,150340.0
2023-04-26,53.200001,53.599998,51.849998,53.599998,797720.0
2023-04-27,53.5,54.299999,52.0,54.299999,537910.0
2023-04-28,53.299999,54.75,52.150002,54.75,711040.0
2023-05-02,54.75,56.0,53.150002,56.0,652960.0
2023-05-03,55.950001,56.150002,55.5,55.75,530680.0
2023-05-04,55.75,56.150002,55.5,55.799999,909180.0
2023-05-05,55.799999,56.049999,55.5,56.0,187820.0
2023-05-08,56.0,56.0,54.0,54.0,811640.0
2023-05-09,54.0,55.549999,53.5,54.0,657040.0
2023-05-10,54.0,55.950001,54.0,55.950001,898930.0
2023-05-11,55.950001,55.950001,55.200001,55.650002,621810.0
2023-05-12,55.599998,55.700001,55.400002,55.400002,313670.0
2023-05-15,55.400002,55.400002,54.549999,55.0,728010.0
2023-05-16,54.849998,55.950001,54.849998,55.700001,212250.0
2023-05-17,55.700001,55.700001,54.549999,54.549999,329060.0
2023-05-18,55.0,55.650002,54.75,54.75,100900.0
2023-05-19,54.599998,55.599998,54.599998,55.599998,182600.0
2023-05-22,55.0,55.5,54.599998,55.349998,300970.0
2023-05-23,54.700001,55.349998,54.700001,55.25,529500.0
2023-05-24,55.299999,55.299999,54.950001,55.150002,163020.0
2023-05-25,55.150002,55.150002,54.650002,55.0,616480.0
2023-05-26,55.0,55.0,53.799999,54.900002,476340.0
2023-05-29,54.0,55.0,54.0,54.900002,265120.0
2023-05-30,54.650002,55.25,54.650002,55.0,1006840.0
2023-05-31,55.099998,55.099998,53.5,54.5,4957600.0
2023-06-01,54.5,54.5,52.0,52.400002,998870.0
2023-06-02,53.0,54.950001,53.0,54.950001,449820.0
2023-06-05,54.950001,54.950001,54.099998,54.150002,193870.0
2023-06-06,54.200001,54.299999,53.549999,54.200001,470280.0
2023-06-07,54.200001,55.099998,54.0,55.099998,714890.0
2023-06-08,54.5,55.0,54.200001,55.0,112450.0
2023-06-09,55.0,55.0,54.0,55.0,284130.0
2023-06-13,54.5,54.799999,52.599998,54.150002,558200.0
2023-06-14,54.25,54.950001,53.099998,54.150002,175760.0
2023-06-15,53.150002,54.5,53.150002,54.5,269780.0
2023-06-16,53.200001,57.450001,53.200001,57.450001,2112360.0
2023-06-19,56.900002,56.900002,55.700001,56.5,581840.0
2023-06-20,56.400002,56.5,55.5,56.5,290400.0
2023-06-21,55.599998,56.099998,52.0,52.0,824770.0
2023-06-22,53.900002,54.5,52.200001,53.849998,623510.0
2023-06-23,54.700001,54.700001,53.150002,53.950001,163530.0
2023-06-26,54.0,55.950001,54.0,54.200001,393060.0
2023-06-27,54.25,55.950001,53.0,53.0,546760.0
2023-06-29,53.25,54.299999,53.25,53.5,318550.0
2023-06-30,54.0,54.599998,53.5,54.400002,315500.0
2023-07-03,54.0,54.650002,54.0,54.650002,182100.0
2023-07-04,54.650002,54.900002,54.099998,54.099998,73710.0
2023-07-05,54.049999,56.0,53.450001,56.0,485880.0
2023-07-06,55.400002,56.0,54.700001,56.0,297820.0
2023-07-07,54.700001,55.400002,53.849998,54.0,422260.0
2023-07-10,55.0,55.0,54.0,54.75,115230.0
2023-07-11,54.75,55.400002,53.950001,53.950001,282960.0
2023-07-12,54.0,55.25,54.0,55.25,119550.0
2023-07-13,55.200001,55.950001,54.5,55.950001,357420.0
2023-07-14,55.950001,55.950001,54.650002,55.900002,653780.0
2023-07-17,55.799999,55.799999,53.700001,53.700001,1773610.0
2023-07-18,54.700001,54.700001,53.0,53.0,792030.0
2023-07-19,53.950001,54.099998,53.299999,53.299999,501810.0
2023-07-20,53.849998,54.349998,53.349998,53.700001,854280.0
2023-07-21,53.900002,54.650002,53.5,53.650002,1183940.0
2023-07-24,54.0,54.400002,53.299999,53.650002,108010.0
2023-07-25,54.450001,54.450001,53.549999,53.549999,410490.0
2023-07-26,53.549999,54.650002,53.549999,54.650002,416400.0
2023-07-27,54.650002,55.5,53.950001,55.5,611470.0
2023-07-28,55.5,55.5,54.549999,55.299999,277200.0
2023-07-31,55.0,55.200001,53.799999,53.799999,752630.0
2023-08-01,54.950001,54.950001,54.299999,54.5,138900.0
2023-08-02,54.700001,54.700001,52.049999,52.049999,1041570.0
2023-08-03,53.299999,53.299999,52.150002,52.799999,225490.0
2023-08-04,53.299999,53.799999,49.75,49.75,2413700.0
2023-08-07,51.0,51.400002,50.150002,50.599998,2056800.0
2023-08-08,51.0,51.0,49.950001,49.950001,1119760.0
2023-08-09,49.950001,50.599998,49.75,50.299999,1046400.0
2023-08-10,50.299999,50.299999,49.049999,49.049999,1470840.0
2023-08-11,49.599998,49.599998,47.900002,47.900002,1294600.0
2023-08-14,48.549999,48.549999,46.5,46.5,961900.0
2023-08-15,47.0,47.400002,45.599998,46.099998,4982800.0
2023-08-16,47.400002,48.049999,46.799999,48.049999,480300.0
2023-08-17,48.049999,48.099998,47.0,47.0,921700.0
2023-08-18,47.900002,47.900002,47.049999,47.049999,1195500.0
2023-08-22,47.700001,47.700001,47.099998,47.400002,1061300.0
2023-08-23,47.400002,47.700001,47.25,47.349998,380400.0
2023-08-24,47.349998,48.349998,47.099998,47.099998,302300.0
2023-08-25,47.150002,47.299999,47.150002,47.25,484000.0
2023-08-29,47.400002,47.950001,47.400002,47.450001,440100.0
2023-08-30,47.5,48.299999,47.5,47.950001,882700.0
2023-08-31,48.0,48.299999,47.0,47.0,4328100.0
2023-09-01,47.799999,47.799999,47.0,47.150002,648700.0
2023-09-04,47.150002,47.75,47.150002,47.650002,138000.0
2023-09-05,47.150002,47.950001,47.150002,47.5,385100.0
2023-09-06,48.0,48.0,47.200001,47.700001,908800.0
2023-09-07,47.700001,48.75,47.200001,48.650002,1175100.0
2023-09-08,48.700001,49.0,48.0,49.0,3172800.0
2023-09-11,49.0,49.0,48.099998,48.099998,215400.0
2023-09-12,48.150002,48.400002,48.0,48.400002,245800.0
2023-09-13,48.400002,48.400002,47.849998,47.849998,344800.0
2023-09-14,48.099998,48.700001,47.5,48.700001,1480700.0
2023-09-15,48.700001,48.700001,47.25,47.25,1266800.0
2023-09-18,47.25,47.299999,45.049999,45.700001,1160000.0
2023-09-19,45.700001,46.299999,45.200001,45.700001,395700.0
2023-09-20,45.25,46.200001,45.099998,46.0,698900.0
2023-09-21,45.200001,45.799999,45.0,45.799999,274600.0
2023-09-22,45.900002,46.450001,45.200001,46.299999,350400.0
2023-09-25,47.0,47.0,46.099998,46.099998,201300.0
2023-09-26,46.150002,46.799999,46.049999,46.099998,587900.0
2023-09-27,46.099998,48.200001,45.900002,48.200001,1364300.0
2023-09-28,48.200001,50.400002,48.200001,50.150002,3349900.0
2023-09-29,50.150002,50.299999,48.700001,50.150002,1605940.0
2023-10-02,50.099998,50.099998,49.099998,49.599998,878110.0
2023-10-03,49.799999,50.0,49.150002,50.0,579500.0
2023-10-04,49.900002,49.900002,49.25,49.75,434880.0
2023-10-05,49.25,49.799999,49.150002,49.299999,1476000.0
2023-10-06,49.299999,49.950001,48.75,49.400002,1050700.0
2023-10-09,48.650002,49.349998,48.650002,49.0,66300.0
2023-10-10,49.0,49.5,48.799999,49.5,350400.0
2023-10-11,48.900002,50.200001,48.900002,49.349998,656400.0
2023-10-12,49.5,49.900002,49.200001,49.549999,642100.0
2023-10-13,49.400002,50.0,49.400002,49.700001,311900.0
2023-10-16,49.700001,49.799999,49.299999,49.700001,430300.0
2023-10-17,49.700001,50.0,49.599998,49.75,793300.0
2023-10-18,49.75,49.950001,49.200001,49.5,352300.0
2023-10-19,49.849998,49.849998,49.099998,49.099998,765200.0
2023-10-20,49.150002,49.5,48.099998,48.099998,476300.0
2023-10-23,48.150002,48.150002,47.0,47.400002,382300.0
2023-10-24,47.950001,47.950001,47.299999,47.299999,1002100.0
2023-10-25,48.099998,48.099998,46.799999,47.400002,1542500.0
2023-10-26,47.5,47.5,46.5,47.299999,108800.0
2023-10-27,46.099998,47.0,46.099998,46.400002,497900.0
2023-10-31,46.400002,46.400002,45.549999,45.799999,1504800.0
2023-11-03,45.799999,46.849998,45.549999,45.700001,1095500.0
2023-11-06,45.700001,46.700001,45.650002,46.049999,564700.0
2023-11-07,46.049999,46.950001,45.799999,46.950001,287700.0
2023-11-08,46.900002,47.599998,46.5,47.599998,478000.0
2023-11-09,47.549999,48.799999,47.299999,48.799999,608000.0
2023-11-10,48.799999,48.950001,48.200001,48.900002,776000.0
2023-11-13,49.25,49.25,48.25,48.450001,55900.0
2023-11-14,48.450001,48.5,47.200001,48.099998,693700.0
2023-11-15,47.450001,48.700001,47.450001,47.75,783400.0
2023-11-16,48.5,48.5,47.799999,48.0,1623100.0
2023-11-17,48.0,48.0,47.200001,47.200001,445900.0
2023-11-20,47.5,47.950001,47.25,47.25,229400.0
2023-11-21,48.0,48.650002,47.25,48.650002,274000.0
2023-11-22,48.599998,48.700001,48.0,48.700001,106200.0
2023-11-23,48.700001,48.700001,47.799999,48.299999,620500.0
2023-11-24,48.599998,48.700001,48.299999,48.650002,316300.0
2023-11-28,48.700001,48.700001,47.849998,47.849998,325400.0
2023-11-29,47.849998,48.099998,47.849998,48.0,441200.0
2023-11-30,47.849998,48.099998,46.799999,46.799999,4869100.0
2023-12-01,46.799999,47.700001,46.799999,47.0,452700.0
2023-12-04,47.5,47.900002,46.799999,47.900002,217000.0
2023-12-05,47.900002,49.0,46.799999,49.0,672700.0
2023-12-06,48.900002,49.0,47.900002,49.0,711800.0
2023-12-07,48.599998,48.599998,48.099998,48.099998,251200.0
2023-12-11,48.099998,48.299999,46.900002,47.950001,544100.0
2023-12-12,47.150002,48.75,47.150002,48.75,184600.0
2023-12-13,47.75,48.849998,47.75,48.75,332200.0
2023-12-14,48.900002,50.0,48.25,50.0,692800.0
2023-12-15,48.700001,50.049999,48.299999,50.0,1556290.0
2023-12-18,50.0,50.599998,49.099998,49.099998,653480.0
2023-12-19,49.099998,50.0,49.099998,49.099998,458200.0
2023-12-20,49.400002,50.150002,49.099998,49.200001,613600.0
2023-12-21,49.549999,49.75,49.0,49.0,362900.0
2023-12-22,49.099998,50.299999,49.099998,50.150002,1165800.0
2023-12-27,50.150002,50.950001,49.299999,49.299999,268980.0
2023-12-28,49.299999,50.0,49.299999,50.0,383300.0
2023-12-29,50.0,50.099998,44.599998,44.599998,865150.0
2024-01-02,47.599998,49.900002,47.549999,49.900002,2220600.0
2024-01-03,49.0,49.799999,48.5,49.0,691500.0
2024-01-04,49.450001,50.0,48.799999,49.900002,1262900.0
2024-01-05,49.400002,49.900002,49.200001,49.900002,232400.0
2024-01-08,49.900002,50.099998,49.549999,50.0,556700.0
2024-01-09,50.099998,50.099998,48.599998,48.599998,651990.0
2024-01-10,49.900002,49.900002,48.299999,48.299999,678300.0
2024-01-11,48.5,49.200001,48.450001,48.5,759300.0
2024-01-12,48.549999,49.799999,48.549999,48.700001,541300.0
2024-01-15,49.299999,49.599998,48.75,49.5,984300.0
2024-01-16,49.5,49.700001,48.799999,49.0,783200.0
2024-01-17,49.0,49.200001,48.200001,48.200001,560300.0
2024-01-18,48.849998,48.950001,48.25,48.799999,696000.0
2024-01-19,48.700001,48.799999,48.099998,48.799999,820900.0
2024-01-22,48.799999,49.0,48.400002,49.0,549800.0
2024-01-23,49.0,49.25,48.400002,48.75,132000.0
2024-01-24,48.75,49.25,48.75,49.150002,608600.0
2024-01-25,49.150002,49.25,49.099998,49.099998,594800.0
2024-01-26,49.0,49.0,48.349998,48.599998,1073000.0
2024-01-29,48.950001,48.950001,48.0,48.0,417900.0
2024-01-30,48.099998,48.599998,47.950001,47.950001,942500.0
2024-01-31,48.0,48.849998,48.0,48.5,2092000.0
2024-02-01,48.849998,48.849998,47.950001,47.950001,784700.0
2024-02-02,48.299999,48.900002,47.5,47.5,2253000.0
2024-02-05,47.599998,48.150002,47.5,47.5,503900.0
2024-02-06,48.299999,48.400002,47.5,47.5,582800.0
2024-02-07,48.099998,48.150002,47.5,47.5,1906500.0
2024-02-08,47.950001,48.299999,47.25,47.25,1029700.0
2024-02-12,47.25,47.599998,46.0,46.0,1025500.0
2024-02-13,46.0,46.75,46.0,46.0,334700.0
2024-02-14,46.5,46.599998,46.0,46.049999,562700.0
2024-02-15,46.099998,46.549999,46.0,46.0,1290500.0
2024-02-16,46.450001,46.450001,46.0,46.0,1351100.0
2024-02-19,46.549999,46.549999,45.200001,45.299999,1153200.0
2024-02-20,45.900002,46.349998,45.099998,45.549999,2410600.0
2024-02-21,45.799999,46.299999,45.299999,46.299999,1550500.0
2024-02-22,46.299999,47.349998,46.299999,47.349998,1945100.0
2024-02-23,47.150002,48.200001,47.150002,48.200001,1287800.0
2024-02-26,48.299999,49.049999,48.25,49.049999,1423200.0
2024-02-27,49.0,49.200001,48.900002,49.200001,1532000.0
2024-02-28,49.200001,50.400002,49.049999,50.349998,2222700.0
2024-02-29,50.400002,53.0,50.0,53.0,3988600.0
2024-03-01,52.0,52.0,50.200001,50.200001,945410.0
2024-03-04,50.5,50.900002,49.5,49.549999,776850.0
2024-03-05,49.5,50.549999,49.0,49.0,707200.0
2024-03-06,49.25,49.849998,49.0,49.5,1035800.0
2024-03-07,49.5,49.5,48.700001,49.0,828900.0
2024-03-08,49.0,49.75,48.599998,49.299999,575300.0
2024-03-11,49.599998,49.700001,48.599998,48.650002,345600.0
2024-03-12,48.549999,50.0,48.549999,49.5,1023300.0
2024-03-13,49.049999,49.950001,48.5,48.5,3152700.0
2024-03-14,48.599998,49.0,47.599998,48.299999,1927600.0
2024-03-15,48.299999,48.700001,47.650002,48.700001,3126300.0
2024-03-18,48.0,48.0,46.900002,47.799999,2599400.0
2024-03-19,47.799999,48.200001,46.099998,46.099998,1053700.0
2024-03-20,46.950001,46.950001,46.099998,46.5,668000.0
2024-03-21,46.5,47.0,46.150002,47.0,3730900.0
2024-03-22,47.099998,47.099998,46.700001,47.0,2259100.0
2024-03-25,46.799999,47.349998,46.450001,47.0,1753100.0
2024-03-26,47.0,47.0,46.299999,47.0,1088900.0
2024-03-27,47.0,47.0,46.5,46.849998,744400.0
2024-04-01,47.0,47.049999,46.599998,47.0,931300.0
2024-04-02,47.200001,47.299999,46.150002,46.150002,2223300.0
2024-04-03,46.599998,46.599998,45.799999,46.0,1272100.0
2024-04-04,46.099998,46.900002,44.25,44.400002,3248000.0
2024-04-05,44.400002,45.0,42.650002,42.650002,11317400.0
2024-04-08,43.349998,44.099998,42.650002,42.900002,5059000.0
2024-04-11,43.049999,43.049999,41.5,41.650002,2352800.0
2024-04-12,41.75,42.0,39.700001,39.700001,6757400.0
2024-04-15,39.799999,40.099998,38.799999,38.799999,2305300.0
2024-04-16,38.799999,39.400002,38.5,39.0,2265700.0
2024-04-17,39.200001,40.099998,39.049999,40.099998,2725100.0
2024-04-18,40.099998,40.099998,39.299999,39.950001,881800.0
2024-04-19,39.450001,39.950001,38.849998,38.950001,1591100.0
2024-04-22,40.0,40.0,38.950001,39.0,589600.0
2024-04-23,39.0,39.349998,39.0,39.0,417300.0
2024-04-24,39.049999,40.400002,39.049999,40.200001,1275300.0
2024-04-25,40.400002,40.5,39.849998,40.0,812600.0
2024-04-26,40.0,40.25,39.950001,40.150002,420200.0
2024-04-29,40.299999,41.950001,40.200001,41.299999,679100.0
2024-04-30,41.299999,42.900002,41.299999,42.0,1460300.0
2024-05-02,41.700001,42.099998,40.400002,40.400002,1238400.0
2024-05-03,40.450001,41.349998,39.450001,40.450001,769200.0
2024-05-06,40.450001,40.75,39.400002,40.400002,992300.0
2024-05-07,40.400002,40.450001,39.549999,39.599998,1062600.0
2024-05-08,40.549999,40.549999,39.5,40.0,298900.0
2024-05-09,40.299999,40.299999,39.049999,39.25,962200.0
2024-05-10,39.75,39.799999,39.200001,39.75,355300.0
2024-05-13,39.599998,39.599998,38.700001,38.799999,972100.0
2024-05-14,39.549999,39.549999,38.25,38.349998,725700.0
2024-05-15,38.0,38.299999,36.549999,37.0,5089800.0
2024-05-16,37.150002,37.650002,36.900002,37.150002,3522900.0
2024-05-17,37.150002,37.650002,37.150002,37.349998,3476400.0
2024-05-20,37.650002,37.900002,37.099998,37.349998,4313100.0
2024-05-21,37.5,38.200001,37.5,37.900002,4537600.0
2024-05-22,38.0,39.0,37.5,37.799999,6588500.0
2024-05-23,37.799999,39.0,37.5,37.799999,1174900.0
2024-05-24,38.0,38.0,37.650002,37.700001,1394600.0
2024-05-27,37.849998,38.75,37.700001,37.700001,3471200.0
2024-05-28,37.700001,37.75,36.0,36.0,10370200.0
2024-05-29,36.049999,36.299999,35.5,36.150002,4383400.0
2024-05-30,36.400002,37.0,36.150002,37.0,3511500.0
2024-05-31,37.049999,37.349998,35.049999,35.049999,155935600.0
2024-06-03,36.0,37.150002,35.849998,36.900002,17573700.0
2024-06-04,36.900002,38.200001,36.599998,38.0,14284600.0
2024-06-05,37.849998,38.099998,37.400002,37.700001,8903800.0
2024-06-06,38.0,38.200001,37.799999,37.900002,7406800.0
2024-06-07,38.200001,38.75,37.900002,38.5,5504500.0
2024-06-10,38.5,38.799999,38.200001,38.5,1396500.0
2024-06-11,38.75,39.200001,38.5,38.5,4665900.0
2024-06-13,38.150002,39.150002,38.150002,38.799999,4928200.0
2024-06-14,38.849998,39.0,38.349998,38.450001,3534800.0
2024-06-18,38.75,38.75,38.299999,38.549999,1846900.0
2024-06-19,38.549999,39.049999,38.5,39.0,6043500.0
2024-06-20,39.049999,39.450001,39.0,39.25,2135800.0
2024-06-21,39.150002,39.349998,38.75,38.799999,1762700.0
2024-06-24,38.799999,39.0,38.0,38.599998,3078700.0
2024-06-25,38.0,38.849998,37.0,37.400002,3687500.0
2024-06-26,37.650002,38.799999,37.450001,38.799999,784800.0
2024-06-27,38.75,38.849998,38.0,38.849998,1472000.0
2024-06-28,38.849998,38.849998,38.450001,38.799999,1681600.0
2024-07-01,38.799999,38.799999,37.5,37.75,4658400.0
2024-07-02,37.75,37.799999,36.75,37.450001,1924900.0
2024-07-03,37.799999,37.799999,36.349998,37.5,1882500.0
2024-07-04,37.5,37.849998,37.0,37.549999,4795400.0
2024-07-05,37.599998,37.799999,37.0,37.0,831300.0
2024-07-08,37.0,37.549999,36.849998,37.0,4258300.0
2024-07-09,37.5,37.5,36.150002,36.349998,2086100.0
2024-07-10,36.700001,37.200001,36.0,36.450001,1548400.0
2024-07-11,36.450001,37.049999,36.299999,36.950001,1977600.0
2024-07-12,37.0,37.25,36.200001,36.200001,6791900.0
2024-07-15,36.25,37.549999,36.200001,37.150002,2636800.0
2024-07-16,37.5,37.5,36.950001,37.099998,1423300.0
2024-07-17,37.200001,37.450001,36.75,37.25,1165200.0
2024-07-18,37.349998,37.349998,36.400002,36.400002,1356000.0
2024-07-19,36.5,37.0,36.400002,36.450001,1024900.0
2024-07-22,36.849998,36.849998,35.799999,35.799999,3296200.0
2024-07-23,35.900002,36.349998,35.099998,35.650002,2214500.0
2024-07-25,35.650002,36.299999,35.5,36.299999,805000.0
2024-07-26,36.049999,36.299999,35.599998,35.599998,1289100.0
2024-07-29,36.0,36.099998,35.549999,35.549999,856900.0
2024-07-30,35.549999,35.849998,35.200001,35.5,1754800.0
2024-07-31,35.549999,35.700001,35.400002,35.450001,1150600.0
2024-08-01,35.5,35.849998,35.400002,35.549999,357300.0
2024-08-02,35.900002,35.900002,35.25,35.450001,1224300.0
2024-08-05,35.25,35.25,33.0,33.700001,3926000.0
2024-08-06,33.75,34.299999,33.349998,33.5,1049900.0
2024-08-07,33.599998,33.75,32.900002,33.0,2263700.0
2024-08-08,33.400002,33.400002,32.75,32.900002,2525100.0
2024-08-09,33.049999,33.799999,32.549999,32.599998,4303200.0
2024-08-12,32.849998,32.849998,32.549999,32.650002,931900.0
2024-08-13,32.700001,32.799999,32.5,32.650002,1487100.0
2024-08-14,32.650002,34.650002,32.599998,34.650002,3053500.0
2024-08-15,34.349998,34.900002,33.25,33.5,2310400.0
2024-08-16,33.599998,34.549999,33.599998,34.5,3740900.0
2024-08-19,34.900002,35.75,34.700001,35.450001,1980500.0
2024-08-20,35.450001,36.049999,35.450001,35.599998,3805300.0
2024-08-21,35.650002,35.900002,35.25,35.349998,1111900.0
2024-08-22,35.349998,35.349998,34.200001,35.200001,2483600.0
2024-08-27,35.150002,35.150002,33.900002,34.5,2055000.0
2024-08-28,34.200001,34.599998,34.049999,34.049999,635900.0
2024-08-29,34.049999,34.25,33.200001,33.349998,1663900.0
2024-08-30,33.5,33.700001,33.099998,33.200001,1277300.0
2024-09-02,33.25,33.5,33.099998,33.200001,662500.0
2024-09-03,33.299999,33.799999,33.299999,33.299999,408300.0
2024-09-04,33.299999,33.5,32.900002,33.400002,1003300.0
2024-09-05,33.5,33.650002,33.0,33.5,1641700.0
2024-09-06,33.5,33.650002,33.200001,33.5,4377000.0
2024-09-09,33.5,34.3,33.35,34.05,2908100.0
2024-09-10,34.3,36.0,34.3,35.0,3801900.0
2024-09-11,35.5,35.6,34.95,35.5,2546000.0
2024-09-12,35.5,35.9,35.2,35.9,2939200.0
2024-09-13,35.95,36.5,35.8,36.3,1886200.0
2024-09-16,36.4,36.5,36.2,36.4,1859700.0
2024-09-17,36.4,36.45,35.9,35.9,2497500.0
2024-09-18,35.95,37.0,35.95,36.0,2295900.0
2024-09-19,36.05,36.5,35.8,36.0,2584400.0
2024-09-20,36.1,37.3,36.1,37.0,3731000.0
2024-09-23,37.3,38.45,37.0,38.15,2861500.0
2024-09-24,38.25,38.25,37.6,37.65,1447700.0
2024-09-25,37.8,37.95,36.35,36.5,952900.0
2024-09-26,36.55,37.65,36.55,37.65,1908300.0
2024-09-27,37.65,37.8,37.2,37.8,1796400.0
2024-09-30,37.8,38.2,37.1,37.15,1717600.0
2024-10-01,37.6,38.2,37.35,37.75,1986500.0
2024-10-02,37.65,38.0,37.45,37.6,634800.0
2024-10-03,37.6,38.0,37.0,37.0,2409400.0
2024-10-04,37.3,37.3,36.75,37.0,1081100.0
2024-10-07,37.25,38.05,37.25,37.3,1572500.0
2024-10-08,37.85,37.85,37.3,37.65,1212600.0
2024-10-09,37.65,37.65,37.1,37.2,901700.0
2024-10-10,37.2,37.7,37.0,37.25,1048600.0
2024-10-11,37.7,37.7,36.3,36.5,1132000.0
2024-10-14,36.55,37.65,36.55,37.5,1528200.0
2024-10-15,37.7,37.9,37.4,37.4,893200.0
2024-10-16,37.65,37.8,37.45,37.65,669300.0
2024-10-17,37.7,38.4,37.5,37.6,2034800.0
2024-10-18,37.6,37.9,36.75,36.85,1210500.0
2024-10-21,37.25,37.6,36.7,36.8,475500.0
2024-10-22,36.9,37.15,36.75,36.95,660600.0
2024-10-23,36.95,37.15,36.65,36.65,506600.0
2024-10-24,37.0,37.0,36.05,36.1,620100.0
2024-10-25,36.1,36.6,35.25,35.8,693200.0
2024-10-28,35.8,35.85,34.1,35.1,2095500.0
2024-10-29,35.2,35.2,33.55,34.2,1928000.0
2024-10-30,34.2,34.95,33.95,34.95,5109700.0
2024-10-31,35.0,35.15,34.55,34.9,884600.0
2024-11-04,34.9,35.25,34.55,35.2,1534900.0
2024-11-05,35.2,35.6,35.2,35.4,1107500.0
2024-11-06,35.55,36.4,35.55,35.8,3756700.0
2024-11-07,35.8,35.8,34.15,34.5,2359400.0
2024-11-08,34.5,36.05,34.15,36.0,3464900.0
2024-11-11,36.0,36.0,34.2,34.2,5698000.0
2024-11-12,34.45,35.0,33.75,33.85,8157500.0
2024-11-13,33.85,34.0,32.7,34.0,4880400.0
2024-11-14,34.0,34.4,32.7,34.4,6399000.0
2024-11-15,33.2,34.55,33.2,34.0,1049400.0
2024-11-18,34.5,35.15,34.1,35.0,2440500.0
2024-11-19,35.15,35.6,34.25,34.25,3264800.0
2024-11-20,34.25,35.1,33.65,34.3,3196900.0
2024-11-21,34.25,34.5,33.25,33.25,2258200.0
2024-11-22,34.0,34.0,33.1,33.85,296100.0
2024-11-25,33.9,35.2,33.85,35.15,1767000.0
2024-11-26,34.5,35.55,34.3,34.3,4562100.0
2024-11-27,34.95,34.95,33.9,33.9,762300.0
2024-11-28,33.9,34.1,32.95,33.0,3569600.0
2024-11-29,33.35,34.05,33.2,34.0,1706900.0
2024-12-02,34.0,34.4,33.7,34.35,704600.0
2024-12-03,34.25,34.45,33.5,33.55,927000.0
2024-12-04,33.65,34.3,33.6,34.3,1242000.0
2024-12-05,34.4,34.8,34.3,34.7,4427200.0
2024-12-06,34.5,34.7,34.0,34.7,235200.0
2024-12-09,34.7,34.7,33.85,34.0,460000.0
2024-12-10,34.7,34.7,33.9,34.05,1311100.0
2024-12-11,34.5,34.5,33.7,33.8,330300.0
2024-12-12,33.8,34.1,33.5,34.1,1777100.0
2024-12-13,34.1,34.1,33.55,33.8,1723800.0
2024-12-16,33.8,34.05,33.8,33.8,497100.0
2024-12-17,33.8,33.8,33.05,33.7,762100.0
2024-12-18,33.6,33.65,33.05,33.15,611700.0
2024-12-19,33.15,33.15,32.5,32.7,2867200.0
2024-12-20,33.15,33.5,33.0,33.0,2124200.0
2024-12-23,33.0,33.7,32.6,33.7,665200.0
2024-12-26,33.7,34.5,33.55,34.1,638600.0
2024-12-27,34.4,34.45,33.5,34.35,775600.0
2025-01-02,34.35,34.35,34.0,34.0,492100.0
2025-01-03,34.0,34.9,34.0,34.1,980300.0
2025-01-06,34.8,34.85,34.2,34.25,110400.0
2025-01-07,34.75,35.0,34.3,35.0,2755900.0
2025-01-08,35.0,35.2,34.35,35.2,2234400.0
2025-01-09,35.0,35.05,34.55,35.0,1020700.0
2025-01-10,34.65,35.0,34.2,35.0,1465100.0
2025-01-13,35.0,35.0,33.5,33.5,2374000.0
2025-01-14,33.5,33.8,32.75,32.75,2676100.0
2025-01-15,32.95,33.4,32.9,33.0,686800.0
2025-01-16,33.25,33.9,33.25,33.65,325100.0
2025-01-17,33.65,34.0,33.3,33.8,309800.0
2025-01-20,34.0,34.0,32.75,33.5,784100.0
2025-01-21,33.8,33.95,33.0,33.75,186300.0
2025-01-22,33.75,33.95,33.15,33.2,349800.0
2025-01-23,33.3,34.2,33.0,34.0,1575400.0
2025-01-24,34.0,34.6,33.9,34.6,343600.0
2025-01-27,34.5,34.55,34.1,34.4,408700.0
2025-01-28,34.1,34.4,33.75,33.75,556000.0
2025-01-30,33.8,34.25,33.4,33.9,1224300.0
2025-01-31,34.0,34.65,32.2,32.2,8743100.0
2025-02-03,32.55,33.45,31.2,31.4,2487500.0
2025-02-04,31.45,32.55,31.45,32.2,2293500.0
2025-02-05,32.2,33.85,32.15,33.2,1675100.0
2025-02-06,33.2,33.85,33.0,33.2,714400.0
2025-02-07,33.1,34.0,33.0,33.0,2442400.0
2025-02-10,33.05,33.6,32.5,32.6,1738000.0
2025-02-11,32.95,33.15,32.4,32.45,1138200.0
2025-02-12,32.4,32.75,31.95,32.45,654400.0
2025-02-13,32.15,32.85,32.15,32.4,1191400.0
2025-02-14,32.5,32.9,32.0,32.0,3894900.0
2025-02-17,32.45,32.45,31.2,31.25,1494900.0
2025-02-18,31.6,32.15,31.4,31.85,2044400.0
2025-02-19,32.2,32.5,31.85,32.5,1903000.0
2025-02-20,32.5,33.25,32.0,32.85,696300.0
2025-02-21,32.85,33.6,32.85,33.5,761400.0
2025-02-24,33.45,33.55,32.55,33.5,800000.0
2025-02-25,33.5,33.6,32.6,33.15,557700.0
2025-02-26,33.5,33.85,32.8,33.5,1887700.0
2025-02-27,33.2,33.8,33.1,33.5,738000.0
2025-02-28,33.8,33.85,32.9,32.9,954600.0
2025-03-03,32.9,33.45,32.45,32.5,299100.0
2025-03-04,32.5,32.8,32.35,32.7,205800.0
2025-03-05,33.0,33.35,32.6,33.35,338400.0
2025-03-06,33.35,33.35,32.8,33.0,668700.0
2025-03-07,33.1,33.6,33.0,33.5,360600.0
2025-03-10,33.7,33.9,33.2,33.2,535300.0
2025-03-11,33.15,33.4,32.0,32.5,1214100.0
2025-03-12,32.5,33.0,32.05,32.25,676000.0
2025-03-13,32.25,33.1,32.25,32.45,1503300.0
2025-03-14,32.75,33.2,32.6,32.6,478100.0
2025-03-17,33.25,33.25,32.5,32.6,2243100.0
2025-03-18,32.8,33.45,32.55,32.6,2127500.0
2025-03-19,33.25,33.25,32.65,32.7,1085600.0
2025-03-20,32.3,32.6,31.35,32.5,1121900.0
2025-03-21,32.15,32.5,31.85,32.1,633900.0
2025-03-24,32.2,32.9,32.0,32.4,1416200.0
2025-03-25,32.15,32.15,31.1,31.15,1741000.0
2025-03-26,31.15,31.8,31.1,31.3,1413100.0
2025-03-27,31.9,31.9,31.35,31.6,1655500.0
2025-03-28,31.7,32.0,31.3,32.0,750500.0
2025-03-31,31.5,33.0,31.15,33.0,1684500.0
2025-04-02,32.9,32.9,31.9,32.7,1064700.0
2025-04-03,32.65,32.7,31.75,32.25,899900.0
2025-04-04,31.95,32.25,31.8,32.25,214900.0
2025-04-07,32.25,32.25,30.7,30.7,813200.0
2025-04-08,31.0,32.7,30.6,32.7,565500.0
2025-04-10,32.5,32.65,32.05,32.15,725400.0
2025-04-11,32.65,32.65,31.5,32.55,1353200.0
2025-04-14,32.5,32.6,32.05,32.1,218600.0
2025-04-15,32.5,32.5,32.1,32.45,183000.0
2025-04-16,32.0,32.4,32.0,32.0,220500.0
2025-04-21,32.0,32.65,32.0,32.4,352300.0
2025-04-22,32.55,32.65,32.2,32.55,178500.0
2025-04-23,32.5,32.75,32.5,32.65,111200.0
2025-04-24,32.65,32.75,32.2,32.75,196700.0
2025-04-25,32.1,33.05,32.1,32.75,198900.0
2025-04-28,33.05,33.4,33.0,33.25,951800.0
2025-04-29,33.4,33.5,33.1,33.3,468300.0
2025-04-30,33.2,33.45,32.5,32.5,2090500.0
2025-05-02,32.5,33.4,32.5,33.25,1004500.0
2025-05-05,33.25,33.7,32.85,33.25,1124900.0
2025-05-06,33.2,33.45,32.8,33.0,978500.0
2025-05-07,33.4,34.0,33.0,33.8,1828100.0
2025-05-08,34.0,34.05,33.4,33.4,1143300.0
2025-05-09,33.4,33.95,33.0,33.9,983400.0
2025-05-13,33.9,34.0,33.2,34.0,1127600.0
2025-05-14,35.0,37.7,35.0,37.25,12429800.0
2025-05-15,37.25,37.5,36.7,37.0,4463200.0
2025-05-16,36.85,36.85,35.65,35.85,1501200.0
2025-05-19,36.55,36.55,35.8,35.8,634700.0
2025-05-20,36.0,36.0,35.0,35.15,959900.0
2025-05-21,35.15,35.55,34.55,34.8,1957800.0
2025-05-22,34.8,35.0,34.25,34.8,776500.0
2025-05-23,34.9,35.9,34.85,35.75,1499900.0
2025-05-26,35.8,35.9,35.15,35.25,500800.0
2025-05-27,35.2,35.8,35.15,35.65,1087600.0
2025-05-28,35.9,36.6,35.9,36.2,3461200.0
2025-05-29,36.2,37.0,36.2,36.5,2762700.0
2025-05-30,36.65,36.95,34.5,34.5,34337900.0
2025-06-02,34.6,34.7,33.0,33.0,1912800.0
2025-06-03,33.3,33.75,33.05,33.4,1344100.0
2025-06-04,33.95,34.15,33.05,34.15,1579200.0
2025-06-05,34.15,34.5,34.0,34.2,1154500.0
2025-06-09,34.2,34.4,34.1,34.25,2090500.0
2025-06-10,34.7,34.7,34.15,34.25,1049400.0
2025-06-11,34.5,34.6,34.25,34.45,121300.0
2025-06-13,34.0,34.75,34.0,34.5,434300.0
2025-06-16,34.3,34.5,34.05,34.3,221600.0
2025-06-17,34.4,34.8,34.4,34.45,479200.0
2025-06-18,34.45,34.6,34.2,34.3,233900.0
2025-06-19,34.3,34.5,34.3,34.35,424800.0
2025-06-20,34.3,34.7,34.2,34.7,850200.0
2025-06-23,34.5,34.6,33.1,33.7,674600.0
2025-06-24,33.7,34.1,33.7,34.1,400400.0
2025-06-25,34.5,34.5,33.6,34.4,337800.0
2025-06-26,34.5,34.5,33.85,34.4,242500.0
2025-06-27,34.5,35.0,34.5,35.0,659300.0
2025-06-30,35.05,35.45,33.95,34.9,1342400.0
2025-07-01,35.35,35.35,34.5,34.9,700300.0
2025-07-02,34.9,34.9,34.15,34.9,233900.0
2025-07-03,34.9,34.9,34.5,34.8,277800.0
2025-07-04,34.85,34.95,34.6,34.95,224800.0
2025-07-07,35.0,35.15,34.5,34.8,389600.0
2025-07-08,35.0,35.0,34.55,34.9,347600.0
2025-07-09,35.05,35.05,34.75,34.8,307300.0
2025-07-10,34.8,34.8,33.75,33.75,725500.0
2025-07-11,33.8,34.0,33.6,33.8,226500.0
2025-07-14,33.85,34.5,33.8,34.1,281600.0
2025-07-15,34.3,34.5,34.25,34.4,757500.0
2025-07-16,34.3,34.4,33.6,33.6,688200.0
2025-07-17,33.6,33.95,33.1,33.55,177300.0
2025-07-18,33.5,33.5,33.05,33.4,348900.0
2025-07-21,33.35,33.55,33.25,33.3,1413000.0
2025-07-22,33.3,33.5,32.95,33.0,976800.0
2025-07-23,33.1,33.4,32.65,32.75,971700.0
2025-07-24,32.75,34.7,32.7,33.5,2426600.0
2025-07-25,34.0,34.3,33.05,33.4,594700.0
2025-07-28,33.6,33.6,32.75,33.0,659200.0
2025-07-29,33.0,33.5,32.2,32.6,1326100.0
2025-07-30,32.65,32.85,32.1,32.3,975800.0
2025-07-31,32.3,32.3,31.7,31.7,1537900.0
2025-08-01,31.7,31.7,31.45,31.5,1360000.0
2025-08-04,31.5,31.5,30.1,30.7,2273800.0
2025-08-05,31.35,31.4,30.55,30.6,1184500.0
2025-08-06,30.7,30.85,29.95,30.0,4797900.0
2025-08-07,30.55,30.6,28.9,29.3,2723000.0
2025-08-08,29.95,30.35,29.2,29.45,2916000.0
2025-08-11,29.5,29.55,28.15,28.5,2314200.0
2025-08-12,28.6,30.05,28.55,30.0,1449700.0
2025-08-13,30.5,31.15,30.1,31.0,2372200.0
2025-08-14,31.0,31.15,30.0,30.2,775800.0
2025-08-15,30.6,30.6,28.8,29.15,7606300.0
2025-08-18,29.65,30.0,29.6,29.65,984900.0
2025-08-19,29.65,29.9,29.0,29.6,502400.0
2025-08-20,29.55,29.8,29.35,29.35,334900.0
2025-08-22,29.9,30.3,29.5,30.1,430700.0
2025-08-26,30.1,31.0,29.4,30.85,2313300.0
2025-08-27,30.85,30.85,29.55,29.8,1653300.0
2025-08-28,30.3,30.3,28.65,29.0,2705600.0
2025-08-29,29.7,29.7,29.05,29.1,316200.0
2025-09-01,29.9,29.9,29.05,29.1,400700.0
2025-09-02,29.2,29.5,28.3,29.0,1692900.0
2025-09-03,29.25,29.25,28.55,28.75,1380100.0
2025-09-04,28.8,29.1,28.65,28.95,773000.0
2025-09-05,29.0,30.1,29.0,29.65,493300.0
2025-09-08,30.0,30.05,29.0,29.2,1381600.0
2025-09-09,29.2,29.9,29.0,29.25,675000.0
2025-09-10,29.35,30.2,29.35,30.0,510300.0
2025-09-11,30.2,30.7,30.0,30.7,271000.0
2025-09-12,30.7,31.0,30.35,31.0,774400.0
2025-09-15,31.0,31.0,30.3,30.6,641300.0
2025-09-16,30.6,31.4,30.5,31.0,489200.0
2025-09-17,31.0,31.9,31.0,31.55,573100.0
2025-09-18,31.55,32.0,31.2,31.55,3011100.0
2025-09-19,31.95,32.5,31.5,32.5,1358200.0
2025-09-22,32.5,32.5,31.25,31.5,289700.0
2025-09-23,31.55,31.6,30.65,30.7,226500.0
2025-09-24,30.7,31.6,30.6,31.6,205700.0
2025-09-25,31.6,31.6,30.3,30.3,246500.0
2025-09-26,30.35,30.95,30.0,30.95,193200.0
2025-09-29,31.3,31.3,30.3,30.35,77400.0
2025-09-30,30.35,30.45,29.8,29.8,3181400.0
2025-10-01,30.0,31.0,29.8,31.0,233700.0
2025-10-02,31.0,31.15,30.6,31.0,304900.0
2025-10-03,31.0,31.0,30.2,30.5,500200.0
2025-10-06,30.5,30.5,29.7,29.7,731100.0
2025-10-07,29.75,30.0,29.5,29.9,247900.0
2025-10-08,29.9,30.2,29.5,29.85,126000.0
2025-10-09,30.45,30.45,29.4,29.5,569700.0
2025-10-10,29.55,29.55,29.35,29.4,256500.0
2025-10-13,29.4,29.4,28.9,28.9,490100.0
2025-10-14,29.0,29.0,28.55,28.55,777400.0
2025-10-15,28.55,29.0,28.45,28.5,605800.0
2025-10-16,28.8,29.5,28.6,29.4,253600.0
2025-10-17,29.4,29.95,29.4,29.5,280500.0
2025-10-20,29.8,29.85,29.2,29.2,542900.0
2025-10-21,29.15,29.5,28.4,28.5,3065500.0
2025-10-22,28.55,29.05,28.45,28.5,958000.0
2025-10-23,28.5,28.65,28.35,28.35,149200.0
2025-10-24,28.35,28.75,28.3,28.75,171000.0
2025-10-27,29.0,29.0,28.7,28.95,106100.0
2025-10-28,28.7,28.75,28.0,28.55,576300.0
2025-10-29,28.75,28.95,28.65,28.8,119200.0
2025-10-30,28.75,28.75,27.9,28.5,492500.0
2025-11-03,28.5,28.5,27.5,28.15,952100.0
2025-11-04,28.15,28.5,28.0,28.25,279200.0
2025-11-05,28.5,28.5,26.9,26.9,2078500.0
2025-11-06,26.95,27.65,26.95,27.6,429600.0
2025-11-07,27.6,27.85,26.9,27.4,490400.0
2025-11-10,27.4,27.95,27.05,27.1,576600.0
2025-11-11,27.05,27.15,26.05,26.15,1229000.0
2025-11-12,26.3,26.55,25.8,25.8,2027300.0
2025-11-13,25.8,25.95,23.9,24.2,5686100.0
2025-11-14,24.4,24.85,24.2,24.3,1710900.0
2025-11-17,24.3,25.4,24.3,25.2,700500.0
2025-11-18,25.4,25.4,24.65,24.65,573200.0
2025-11-19,25.0,25.3,24.65,25.0,831800.0
2025-11-20,25.0,25.25,24.5,25.0,3525800.0
2025-11-21,25.3,26.0,25.15,25.3,639100.0
2025-11-24,25.45,26.25,24.9,26.25,1453100.0
2025-11-25,26.25,26.65,26.0,26.0,1073000.0
2025-11-26,26.0,26.3,25.6,26.05,701800.0
2025-11-27,26.05,26.55,25.95,26.3,476900.0
2025-11-28,26.3,27.25,26.15,27.25,352700.0
2025-12-01,27.25,27.3,26.5,26.5,276400.0
2025-12-02,26.7,26.9,26.45,26.9,250900.0
2025-12-03,26.95,27.0,26.0,26.9,716100.0
2025-12-04,27.0,27.0,26.65,26.7,379900.0
2025-12-05,26.7,27.05,26.2,26.2,541600.0
2025-12-09,26.7,26.8,26.25,26.8,317900.0
2025-12-10,26.8,26.8,26.0,26.0,309000.0
2025-12-11,26.1,26.45,25.9,26.0,964800.0
2025-12-12,26.0,26.45,25.9,26.0,439600.0
2025-12-15,26.3,26.65,26.3,26.55,609500.0
2025-12-16,26.55,26.55,26.3,26.5,557100.0
2025-12-17,26.5,26.55,26.3,26.3,1132400.0
2025-12-18,26.35,26.4,26.0,26.0,653600.0
2025-12-19,26.3,26.35,25.6,25.6,2179400.0
2025-12-22,26.0,26.45,25.85,26.15,822800.0
2025-12-23,26.4,26.6,26.3,26.55,276000.0
2025-12-26,26.55,27.5,26.55,27.5,374000.0
2025-12-29,27.5,28.1,27.5,28.0,889500.0
2026-01-02,28.05,28.25,27.75,28.2,776600.0
2026-01-05,28.4,29.55,28.4,29.1,4369100.0
2026-01-06,29.35,31.0,29.0,30.0,5030300.0
2026-01-07,29.8,30.2,29.15,30.0,3341100.0
2026-01-08,30.1,31.35,29.75,31.25,3322700.0
2026-01-09,31.25,32.35,31.05,31.4,1799100.0
2026-01-12,31.4,31.4,30.6,30.6,1772500.0
2026-01-13,30.95,31.25,30.55,30.55,410400.0
2026-01-14,30.55,31.0,30.3,30.4,533200.0
2026-01-15,30.4,31.0,30.25,30.25,567300.0
2026-01-16,30.5,30.9,30.25,30.9,897000.0
2026-01-19,30.95,30.95,30.3,30.55,360400.0
2026-01-20,30.7,30.75,30.5,30.55,1701000.0
2026-01-21,30.55,31.65,30.45,31.5,2718600.0
2026-01-22,31.5,31.5,31.0,31.05,1005300.0
2026-01-23,31.45,31.65,30.9,31.0,1416100.0
2026-01-26,31.0,31.75,30.95,31.45,555900.0
2026-01-27,31.45,31.5,30.85,31.45,701600.0
2026-01-28,31.3,31.75,31.1,31.6,812500.0
2026-01-29,31.6,31.9,31.15,31.85,1625000.0
2026-01-30,31.9,31.95,31.15,31.8,1760100.0
2026-02-02,31.8,31.85,31.6,31.6,824100.0
2026-02-03,31.6,31.75,31.05,31.6,466700.0
2026-02-04,31.6,33.1,31.6,32.75,3007200.0
2026-02-05,32.75,34.15,32.75,34.0,4595900.0
2026-02-06,33.95,33.95,33.1,33.2,499800.0
2026-02-09,33.15,33.55,32.65,32.85,506400.0
2026-02-10,33.05,34.45,33.05,34.0,4399900.0
2026-02-11,34.0,34.45,33.6,33.6,6937700.0
2026-02-12,33.75,33.75,32.5,32.9,1028600.0
2026-02-13,32.9,33.6,32.5,33.6,2172500.0
2026-02-16,33.6,33.6,31.8,32.4,1416600.0
2026-02-18,32.6,32.8,31.85,32.4,433900.0
2026-02-19,32.4,33.25,32.4,32.85,930800.0
2026-02-20,33.2,33.2,31.95,32.75,1381200.0
2026-02-23,32.75,33.25,32.5,32.5,631800.0
2026-02-24,32.55,33.65,32.55,33.65,1148800.0
2026-02-25,33.6,33.7,32.8,32.8,1335300.0
2026-02-26,32.8,33.4,32.6,32.75,477300.0
2026-02-27,33.0,34.2,32.85,34.2,5638000.0
2026-03-02,33.2,33.5,32.8,32.8,685600.0
2026-03-03,32.8,33.2,32.55,32.55,1099600.0
2026-03-04,32.5,32.9,31.55,32.1,1562100.0
2026-03-05,32.0,33.1,32.0,32.45,975200.0
2026-03-06,32.5,32.95,32.1,32.8,523400.0
2026-03-09,32.25,32.25,29.6,29.7,4481100.0
2026-03-10,30.2,31.0,29.95,30.8,1513900.0
2026-03-11,30.85,31.3,30.5,30.85,615800.0
2026-03-12,31.0,31.0,30.25,31.0,2029600.0
2026-03-13,30.7,31.0,30.5,30.5,286600.0
2026-03-16,30.6,30.6,29.75,30.4,2313400.0
2026-03-17,31.0,31.15,30.0,31.0,585800.0
2026-03-18,30.0,30.75,29.8,30.75,839400.0
2026-03-19,30.6,30.6,29.4,29.4,637100.0
2026-03-23,29.3,29.6,28.7,29.6,870900.0
2026-03-24,29.6,29.95,28.8,29.3,2588300.0
2026-03-25,30.4,30.4,29.0,29.35,1777100.0
2026-03-26,29.35,29.55,29.1,29.55,343900.0
2026-03-27,29.55,29.55,28.95,29.5,934300.0
2026-03-30,29.5,29.5,29.0,29.5,1317300.0
2026-03-31,29.5,29.8,29.0,29.8,6171100.0
2026-04-01,29.8,30.25,29.8,30.0,1881600.0
2026-04-06,30.0,30.0,29.3,29.6,2921100.0
2026-04-07,29.6,30.75,29.6,29.85,3006800.0
2026-04-08,30.5,31.25,30.0,30.25,1501900.0
2026-04-10,30.35,31.0,29.8,29.8,755700.0
2026-04-13,29.75,31.0,29.15,31.0,1969100.0
2026-04-14,30.9,31.2,30.4,31.0,487000.0
2026-04-15,31.0,31.0,30.6,30.6,2044200.0
2026-04-16,30.55,30.55,29.5,30.0,1854500.0
2026-04-17,30.0,30.15,29.6,30.0,2638700.0
2026-04-20,30.0,30.05,29.55,30.0,2056400.0
2026-04-21,30.0,30.05,29.6,30.0,644800.0
2026-04-22,30.0,30.0,29.2,29.45,672400.0
2026-04-23,29.45,29.45,28.95,28.95,636300.0
2026-04-24,29.1,29.1,28.1,28.4,480500.0
2026-04-27,28.4,28.6,28.05,28.45,1490900.0
2026-04-28,28.45,28.5,27.4,27.7,847400.0
2026-04-29,27.75,28.35,27.75,28.35,858400.0
2026-04-30,28.5,29.35,28.15,29.1,904800.0
2026-05-04,29.95,30.05,29.5,29.55,569400.0
2026-05-05,29.5,29.9,29.5,29.5,202200.0
2026-05-06,29.45,29.9,29.1,29.45,1227000.0
2026-05-07,29.65,30.2,29.55,29.55,378500.0
2026-05-08,29.65,30.2,29.1,29.5,490200.0
2026-05-11,29.95,30.6,28.9,28.9,227200.0
2026-05-12,29.2,29.95,29.2,29.95,481100.0
2026-05-13,30.0,30.35,29.5,29.5,1145600.0
2026-05-14,29.5,30.2,29.5,30.0,231800.0
2026-05-15,30.3,30.3,30.0,30.0,1724000.0
2026-05-18,30.0,30.05,29.6,30.0,1264100.0
2026-05-19,30.0,30.25,29.8,30.25,1639100.0
2026-05-20,30.25,30.4,30.0,30.4,1267600.0
2026-05-21,30.5,31.25,30.5,30.55,2186900.0
2026-05-22,30.65,30.95,30.65,30.85,1192200.0
2026-05-25,30.9,31.1,30.55,30.55,1157300.0
2026-05-26,30.55,31.1,30.55,31.0,1233100.0
2026-05-28,30.65,31.0,30.1,31.0,556400.0
2026-05-29,31.0,31.8,30.3,31.8,1025500.0
2026-06-01,31.85,31.85,30.9,30.95,584800.0
2026-06-02,31.0,31.95,31.0,31.95,195100.0
2026-06-03,31.95,32.4,31.4,31.85,942500.0
2026-06-04,31.9,32.5,31.85,32.35,1431800.0
2026-06-05,32.35,33.6,32.35,33.6,5398400.0
2026-06-08,33.6,33.6,32.35,32.7,495300.0
2026-06-09,32.5,33.7,32.5,33.3,1036700.0
2026-06-10,33.55,33.65,31.15,32.0,2491300.0
2026-06-11,32.0,32.45,31.5,31.5,203000.0
2026-06-15,31.55,32.95,31.55,32.5,966000.0
2026-06-16,32.9,33.1,32.1,32.1,652800.0
2026-06-17,32.1,32.5,31.75,31.75,215800.0
2026-06-18,32.0,33.15,31.75,31.9,1872400.0
2026-06-19,31.9,32.95,31.45,32.0,2278700.0
2026-06-22,32.0,33.1,31.75,33.0,2115300.0
2026-06-23,33.0,33.35,32.7,33.0,1944500.0
2026-06-24,33.2,34.0,33.0,33.75,2099300.0
2026-06-25,33.8,33.95,33.2,33.3,1817200.0
2026-06-26,33.75,33.8,32.95,33.7,2030500.0
2026-06-29,33.7,33.7,32.85,33.6,2086800.0
2026-06-30,33.6,33.9,32.9,32.9,2685400.0
2026-07-01,32.9,33.5,32.7,33.5,353800.0
2026-07-02,33.5,33.5,32.7,32.7,222100.0
2026-07-03,33.0,33.15,32.8,32.85,185300.0
2026-07-06,32.9,33.5,32.85,33.0,2130900.0
2026-07-07,33.0,33.65,32.85,32.95,2109700.0
2026-07-08,32.95,33.4,32.8,32.8,282500.0
2026-07-09,32.8,33.3,32.45,32.75,752100.0
2026-07-10,32.75,33.5,32.75,32.95,1931700.0
2026-07-13,32.95,33.25,32.8,32.8,312400.0
2026-07-14,32.8,33.5,32.2,32.35,2294800.0
2026-07-15,32.1,32.9,32.1,32.8,1751600.0
2026-07-16,32.8,33.4,32.45,33.0,1801400.0
2026-07-17,33.35,33.65,33.0,33.3,2062600.0
2026-07-20,33.3,33.65,33.1,33.45,1421800.0
2026-07-21,33.6,33.65,32.7,32.75,469600.0
2026-07-22,33.0,33.45,32.95,33.45,566500.0
2026-07-23,33.45,33.65,33.0,33.35,1703900.0
2026-07-24,33.1,33.9,32.75,33.9,1964400.0
2026-07-27,33.9,35.0,33.9,34.2,2110000.0
2026-07-28,35.0,35.65,33.7,34.2,8389800.0
2026-07-29,34.6,37.25,34.6,36.5,7920900.0
2026-07-30,36.0,36.4,34.85,35.5,1453100.0
2026-07-31,35.5,36.4,34.8,35.5,4436000.0
2026-08-03,35.5,36.5,35.0,36.5,1066600.0
2026-08-04,36.5,37.0,35.85,36.95,1629400.0
2026-08-05,36.95,36.95,35.8,35.8,223500.0
2026-08-06,36.35,36.4,35.55,36.4,333000.0
2026-08-07,36.4,36.9,35.6,36.9,1591400.0
2026-08-10,36.9,37.0,35.9,37.0,1901900.0
2026-08-11,36.2,36.8,35.85,36.0,948200.0
2026-08-12,36.0,37.0,35.9,36.8,2322500.0
2026-08-13,36.8,37.0,36.0,37.0,1557900.0
2026-08-14,37.0,37.0,36.25,36.3,1556900.0
2026-08-17,36.3,36.65,36.05,36.05,701600.0
2026-08-18,36.55,36.85,36.1,36.75,2193900.0
2026-08-19,36.75,37.0,36.3,37.0,1922100.0
2026-08-20,37.0,37.9,36.95,37.85,1850100.0
2026-08-24,37.85,37.85,37.4,37.6,908700.0
2026-08-25,37.6,38.45,36.8,37.1,1793100.0
2026-08-26,37.6,37.75,37.05,37.45,1614800.0
2026-08-27,37.7,38.0,36.4,38.0,1852700.0
2026-08-28,37.7,37.7,36.6,37.1,1140500.0
2026-09-01,37.1,38.95,36.55,38.95,3405800.0
2026-09-02,38.9,38.9,37.55,37.55,3706800.0
2026-09-03,37.65,38.0,36.65,38.0,4640600.0
