Date,Open,High,Low,Close,Volume
2018-01-03,106.5,108.3,105.5,108.0,1154010.0
2018-01-04,108.0,108.0,106.4,107.0,453560.0
2018-01-05,107.0,111.1,107.0,107.0,2730470.0
2018-01-08,108.0,109.2,107.6,107.8,675840.0
2018-01-09,108.0,111.0,108.0,110.5,899190.0
2018-01-10,108.0,112.4,107.9,112.0,1003570.0
2018-01-11,112.0,112.0,109.6,110.7,1320530.0
2018-01-12,110.7,112.0,108.5,108.5,1308790.0
2018-01-15,108.5,112.0,107.0,112.0,370500.0
2018-01-16,111.8,114.0,109.2,109.2,1472820.0
2018-01-17,109.3,112.9,109.3,111.0,532270.0
2018-01-18,112.6,112.6,111.0,111.8,496950.0
2018-01-19,111.7,112.7,111.4,112.0,389140.0
2018-01-22,112.0,115.0,111.5,112.8,757810.0
2018-01-23,113.9,113.9,112.1,113.0,346060.0
2018-01-24,114.0,114.0,110.0,110.1,771010.0
2018-01-25,110.1,113.5,109.5,113.5,798170.0
2018-01-26,113.5,113.5,112.0,113.0,597680.0
2018-01-29,111.0,114.0,111.0,112.0,1657910.0
2018-01-30,112.0,112.0,110.0,110.0,1229570.0
2018-01-31,109.9,113.5,108.9,113.5,961670.0
2018-02-01,112.7,112.7,110.0,110.8,1096440.0
2018-02-02,110.9,112.0,110.0,110.0,608280.0
2018-02-05,108.6,109.5,106.8,109.5,1343710.0
2018-02-06,107.9,110.0,106.0,109.9,1347330.0
2018-02-07,110.0,111.9,108.0,111.0,589490.0
2018-02-08,112.0,112.0,109.9,111.0,360120.0
2018-02-09,110.0,110.5,107.5,110.5,616990.0
2018-02-12,110.5,111.0,108.1,110.0,612100.0
2018-02-13,109.9,110.5,108.6,110.4,969150.0
2018-02-14,109.9,110.0,108.2,110.0,377870.0
2018-02-15,110.0,110.0,109.2,110.0,485660.0
2018-02-19,109.9,111.1,109.9,110.4,787560.0
2018-02-20,110.4,110.4,109.9,110.0,1708660.0
2018-02-21,110.0,111.4,109.9,109.9,500540.0
2018-02-22,111.0,111.0,108.0,109.9,1284710.0
2018-02-23,109.9,110.3,109.8,110.0,1427190.0
2018-02-26,110.0,110.0,108.0,109.9,919930.0
2018-02-27,109.9,111.7,109.9,110.7,776590.0
2018-02-28,110.0,111.8,110.0,110.0,1227760.0
2018-03-01,110.3,110.3,108.3,109.0,580950.0
2018-03-02,108.1,110.0,107.9,110.0,400730.0
2018-03-05,110.0,111.6,108.3,108.5,655350.0
2018-03-06,110.0,110.0,108.5,110.0,484070.0
2018-03-07,110.0,110.0,107.2,109.4,996600.0
2018-03-08,107.6,110.1,107.6,109.9,624340.0
2018-03-09,109.9,110.2,108.7,109.9,682280.0
2018-03-12,109.1,109.9,109.0,109.4,781960.0
2018-03-13,109.4,109.5,108.3,109.0,691810.0
2018-03-14,109.0,109.8,107.0,107.6,2834490.0
2018-03-15,109.0,109.0,107.6,108.0,1151600.0
2018-03-16,107.0,109.0,106.3,109.0,3375490.0
2018-03-19,107.5,109.0,107.5,108.9,750410.0
2018-03-20,109.0,109.0,103.0,105.3,1673100.0
2018-03-21,106.0,107.9,104.0,104.7,1116400.0
2018-03-22,104.6,108.0,103.8,104.0,2049020.0
2018-03-23,103.8,103.8,100.0,103.0,598600.0
2018-03-26,101.0,101.1,97.199997,100.0,1403200.0
2018-03-27,98.650002,103.0,98.650002,100.9,1495910.0
2018-03-28,99.050003,102.0,99.0,100.0,2017900.0
2018-04-02,100.0,100.1,97.0,98.0,1827960.0
2018-04-03,98.199997,100.2,97.0,100.0,471520.0
2018-04-04,101.0,101.0,98.199997,98.300003,397150.0
2018-04-05,98.5,100.4,98.5,100.0,1630790.0
2018-04-06,100.0,100.0,97.5,99.400002,768470.0
2018-04-10,100.0,100.0,96.599998,97.199997,1611950.0
2018-04-11,97.199997,99.0,97.199997,99.0,249320.0
2018-04-12,99.0,99.25,97.0,99.099998,645960.0
2018-04-13,99.099998,99.099998,97.300003,97.650002,686520.0
2018-04-16,98.0,99.400002,97.25,98.0,226150.0
2018-04-17,98.0,98.0,93.800003,97.5,878570.0
2018-04-18,97.5,97.550003,93.699997,95.599998,536140.0
2018-04-19,93.599998,94.949997,92.25,94.0,2259890.0
2018-04-20,92.199997,94.199997,92.0,93.349998,356790.0
2018-04-23,93.349998,94.0,90.5,91.5,647980.0
2018-04-24,91.849998,91.849998,87.099998,88.75,951530.0
2018-04-25,88.75,88.949997,83.5,85.400002,1271960.0
2018-04-26,85.949997,86.0,83.699997,86.0,2379470.0
2018-04-27,86.0,88.0,83.5,84.25,1785870.0
2018-04-30,83.900002,87.0,82.699997,84.599998,2784200.0
2018-05-02,84.599998,86.949997,84.550003,86.949997,3365710.0
2018-05-03,86.949997,87.0,84.550003,84.900002,1169820.0
2018-05-04,85.0,85.0,82.949997,84.800003,2337140.0
2018-05-07,85.75,85.75,84.099998,85.0,507560.0
2018-05-08,84.0,84.5,82.199997,82.900002,955310.0
2018-05-09,82.849998,82.849998,79.25,81.0,2415000.0
2018-05-10,79.5,82.0,79.199997,81.050003,2509410.0
2018-05-11,81.5,83.300003,81.25,83.0,2265490.0
2018-05-15,83.0,83.0,81.0,82.199997,3870470.0
2018-05-16,82.199997,82.949997,81.0,82.949997,3000510.0
2018-05-17,82.150002,82.699997,81.400002,82.0,2855990.0
2018-05-18,82.050003,82.849998,81.75,82.0,1912860.0
2018-05-21,83.0,83.0,81.0,82.0,6118740.0
2018-05-22,82.800003,83.199997,81.599998,83.199997,2720060.0
2018-05-23,83.199997,83.199997,81.599998,82.300003,1258910.0
2018-05-24,81.800003,83.199997,81.800003,83.0,832880.0
2018-05-25,83.199997,84.800003,83.0,83.199997,1093140.0
2018-05-28,83.0,84.5,83.0,83.0,1838410.0
2018-05-29,83.0,84.900002,82.0,84.300003,161360.0
2018-05-30,84.0,84.300003,82.550003,83.599998,2019480.0
2018-05-31,83.0,84.5,82.0,84.5,5654440.0
2018-06-01,84.349998,84.349998,83.0,83.349998,2551890.0
2018-06-04,83.349998,85.550003,82.849998,85.0,4863450.0
2018-06-05,85.099998,87.75,85.099998,87.5,3351490.0
2018-06-06,87.599998,87.75,86.650002,87.0,2103390.0
2018-06-07,87.0,87.25,86.800003,87.0,1941470.0
2018-06-08,87.0,87.050003,86.800003,86.949997,2069550.0
2018-06-11,86.949997,88.5,86.5,88.5,1035670.0
2018-06-13,87.0,87.949997,85.150002,86.0,2112050.0
2018-06-14,86.0,86.5,85.0,86.050003,2108460.0
2018-06-18,84.349998,86.0,84.0,86.0,1611730.0
2018-06-19,84.5,84.5,82.199997,84.0,1256220.0
2018-06-20,83.099998,84.0,81.550003,81.550003,490120.0
2018-06-21,82.0,82.0,77.5,79.0,5385700.0
2018-06-22,78.599998,80.0,77.150002,79.400002,2020060.0
2018-06-25,82.0,82.75,79.900002,80.0,860280.0
2018-06-26,79.599998,80.699997,78.0,80.0,2428380.0
2018-06-27,78.0,80.0,77.0,78.0,3274910.0
2018-06-28,78.199997,78.199997,76.949997,77.199997,1873570.0
2018-06-29,79.0,79.0,77.050003,77.300003,1296440.0
2018-07-02,77.5,79.449997,77.5,78.0,1639080.0
2018-07-03,79.5,79.5,77.849998,78.5,1224430.0
2018-07-04,78.5,79.800003,78.5,79.5,719310.0
2018-07-05,79.5,79.800003,78.699997,79.199997,686630.0
2018-07-06,79.199997,79.199997,78.800003,79.0,2047300.0
2018-07-09,79.0,79.599998,79.0,79.300003,585320.0
2018-07-10,78.800003,79.199997,78.800003,79.0,1575790.0
2018-07-11,78.900002,79.550003,78.900002,79.349998,1166190.0
2018-07-12,79.5,80.150002,79.099998,79.400002,1279750.0
2018-07-13,79.5,79.650002,79.099998,79.400002,2938710.0
2018-07-16,79.5,79.900002,79.300003,79.5,1037080.0
2018-07-17,80.5,81.5,79.550003,81.0,573670.0
2018-07-18,81.150002,81.300003,80.050003,80.5,413420.0
2018-07-19,79.949997,80.5,79.150002,79.849998,772050.0
2018-07-20,79.0,79.599998,78.800003,79.599998,380630.0
2018-07-23,81.0,81.0,79.650002,80.5,4419380.0
2018-07-24,81.0,82.5,80.800003,82.5,267250.0
2018-07-25,80.099998,82.800003,80.099998,82.300003,1220770.0
2018-07-26,80.699997,84.099998,80.599998,83.349998,1294770.0
2018-07-27,83.699997,83.699997,83.349998,83.550003,1616180.0
2018-07-30,84.0,88.400002,84.0,88.400002,1128480.0
2018-07-31,86.650002,89.0,86.449997,89.0,1018790.0
2018-08-01,88.800003,89.099998,87.0,89.0,679200.0
2018-08-02,89.0,89.0,86.0,87.0,356000.0
2018-08-03,85.599998,86.550003,85.5,85.5,637730.0
2018-08-06,85.900002,87.300003,85.0,86.849998,983970.0
2018-08-07,86.800003,87.599998,86.0,86.0,1061910.0
2018-08-08,86.849998,92.800003,86.0,92.150002,4761920.0
2018-08-09,91.5,92.0,90.0,91.0,1212740.0
2018-08-10,90.400002,90.550003,88.449997,88.449997,1186860.0
2018-08-13,88.0,90.0,87.050003,88.0,705500.0
2018-08-14,88.0,89.5,87.099998,89.5,548320.0
2018-08-15,88.0,90.800003,88.0,89.5,1245180.0
2018-08-16,88.599998,89.599998,87.0,87.050003,1094610.0
2018-08-17,86.800003,90.0,86.800003,89.949997,556580.0
2018-08-20,89.949997,90.0,88.900002,90.0,311980.0
2018-08-22,89.949997,91.0,89.900002,91.0,1059140.0
2018-08-23,91.099998,94.400002,91.099998,93.150002,1222360.0
2018-08-24,92.800003,93.0,89.5,92.5,6822650.0
2018-08-28,91.5,95.699997,91.5,95.150002,6442090.0
2018-08-29,93.0,95.0,93.0,95.0,923600.0
2018-08-30,94.0,95.900002,93.599998,94.699997,1772430.0
2018-08-31,94.0,94.699997,93.150002,93.650002,1256560.0
2018-09-03,93.099998,94.5,92.150002,94.0,609500.0
2018-09-04,95.0,95.900002,94.900002,95.0,2881880.0
2018-09-05,95.0,95.099998,93.150002,94.0,667620.0
2018-09-06,92.25,93.599998,91.300003,92.400002,629370.0
2018-09-07,92.400002,93.0,92.0,92.849998,623920.0
2018-09-10,92.849998,93.050003,90.0,92.0,841600.0
2018-09-11,91.550003,92.5,91.550003,92.0,1849680.0
2018-09-12,90.5,93.0,90.0,90.050003,703590.0
2018-09-13,91.0,93.599998,90.900002,93.5,810400.0
2018-09-14,90.150002,94.199997,90.150002,94.199997,601780.0
2018-09-17,94.150002,94.150002,92.5,93.900002,468850.0
2018-09-18,94.0,94.0,92.5,93.5,1962350.0
2018-09-19,92.199997,93.5,92.099998,92.699997,287800.0
2018-09-20,91.699997,91.699997,89.099998,90.0,584290.0
2018-09-21,89.099998,93.400002,89.099998,92.949997,1525100.0
2018-09-24,90.5,93.0,90.5,92.900002,1228270.0
2018-09-25,92.900002,92.900002,91.050003,91.5,76870.0
2018-09-26,91.0,91.5,90.5,91.5,548260.0
2018-09-27,90.5,95.300003,90.5,94.0,775260.0
2018-09-28,92.5,95.0,92.5,94.099998,637750.0
2018-10-01,92.800003,94.150002,91.300003,92.0,803210.0
2018-10-02,92.0,94.650002,90.599998,94.150002,562700.0
2018-10-03,92.099998,95.0,92.099998,95.0,368440.0
2018-10-04,95.0,95.099998,94.150002,94.150002,742910.0
2018-10-05,94.150002,95.449997,93.0,95.449997,417390.0
2018-10-08,95.449997,95.449997,94.0,94.0,1022640.0
2018-10-09,94.0,94.900002,93.0,94.800003,1516330.0
2018-10-10,94.5,95.25,94.5,95.0,694860.0
2018-10-11,94.949997,95.0,91.050003,93.0,891120.0
2018-10-12,93.0,93.75,91.349998,93.050003,1362380.0
2018-10-15,92.0,93.5,92.0,93.0,721370.0
2018-10-16,93.25,93.599998,93.050003,93.5,5655920.0
2018-10-17,93.75,95.050003,93.75,94.0,490950.0
2018-10-18,92.699997,96.0,92.699997,95.0,803260.0
2018-10-19,94.099998,95.099998,93.900002,95.0,501020.0
2018-10-22,95.199997,95.199997,93.199997,93.199997,565690.0
2018-10-23,92.699997,94.5,92.599998,92.650002,312170.0
2018-10-24,92.199997,94.0,92.199997,93.0,768810.0
2018-10-25,93.5,93.5,89.5,90.199997,4328090.0
2018-10-26,87.400002,90.800003,87.300003,90.0,2656230.0
2018-10-29,88.300003,92.0,88.300003,91.0,1233870.0
2018-10-30,91.25,92.0,90.150002,91.0,1368700.0
2018-10-31,89.900002,91.0,89.449997,90.5,7582670.0
2018-11-05,90.0,93.800003,90.0,93.800003,1105370.0
2018-11-06,93.800003,94.900002,91.400002,91.400002,422320.0
2018-11-07,91.5,92.900002,91.5,92.0,885600.0
2018-11-08,91.900002,92.5,91.400002,92.25,2652560.0
2018-11-09,92.25,93.800003,92.0,92.150002,6180360.0
2018-11-12,92.0,93.5,91.849998,92.0,2092970.0
2018-11-13,91.0,92.900002,91.0,92.900002,1072300.0
2018-11-14,92.900002,92.900002,91.599998,92.400002,890250.0
2018-11-15,92.5,92.599998,92.050003,92.300003,557810.0
2018-11-16,92.300003,94.0,92.300003,94.0,1464760.0
2018-11-19,94.0,96.0,94.0,95.300003,4439250.0
2018-11-20,95.300003,95.5,93.949997,94.5,475880.0
2018-11-21,94.199997,94.199997,93.0,93.900002,1185520.0
2018-11-22,93.900002,95.199997,93.0,94.699997,807260.0
2018-11-23,95.0,95.0,94.099998,94.449997,732780.0
2018-11-26,94.699997,98.5,94.699997,98.0,8474740.0
2018-11-27,98.0,98.050003,96.599998,96.599998,2232580.0
2018-11-28,97.0,97.800003,96.5,96.849998,1001370.0
2018-11-29,96.5,98.699997,93.5,93.5,7414180.0
2018-12-03,93.800003,95.0,93.5,93.5,3307280.0
2018-12-04,93.5,95.599998,93.5,95.550003,1747340.0
2018-12-05,94.599998,95.0,93.5,95.0,799830.0
2018-12-06,95.0,95.0,93.650002,94.0,832430.0
2018-12-07,93.5,94.949997,93.5,94.5,919630.0
2018-12-10,93.599998,94.599998,93.5,94.400002,409050.0
2018-12-11,94.5,95.949997,93.699997,94.400002,1217830.0
2018-12-12,94.400002,95.900002,93.900002,95.050003,9263370.0
2018-12-13,96.0,96.400002,95.050003,95.800003,3056400.0
2018-12-14,96.449997,98.349998,95.949997,98.0,5135640.0
2018-12-17,98.0,100.2,96.449997,99.0,1690660.0
2018-12-18,98.0,100.4,98.0,99.5,3678230.0
2018-12-19,100.0,101.3,99.5,101.3,3566850.0
2018-12-20,101.0,103.5,100.9,102.0,857040.0
2018-12-21,101.7,103.0,100.0,103.0,1297890.0
2018-12-26,99.949997,99.949997,98.449997,99.0,2110400.0
2018-12-27,99.0,102.0,98.0,98.0,476240.0
2018-12-28,98.25,100.1,98.0,100.0,734990.0
2019-01-02,99.0,99.949997,98.949997,99.5,651950.0
2019-01-03,99.400002,100.0,98.949997,100.0,1086910.0
2019-01-04,100.0,101.9,99.0,99.0,1169420.0
2019-01-07,100.0,101.2,99.699997,100.0,1539000.0
2019-01-08,101.0,101.5,98.800003,98.900002,1138070.0
2019-01-09,100.0,104.6,98.75,104.0,2923920.0
2019-01-10,104.7,105.0,102.3,104.6,3315160.0
2019-01-11,103.6,104.5,102.7,104.5,910250.0
2019-01-14,101.3,105.5,101.3,105.0,1229880.0
2019-01-15,104.2,105.7,102.3,102.3,1739370.0
2019-01-16,104.3,105.6,102.8,104.8,821320.0
2019-01-17,104.8,106.0,104.0,104.0,1257470.0
2019-01-18,106.0,109.0,104.0,108.0,1231670.0
2019-01-21,108.0,110.0,104.0,104.0,430370.0
2019-01-22,107.8,109.0,106.8,107.4,1255010.0
2019-01-23,105.5,107.4,105.5,107.0,685100.0
2019-01-24,106.0,107.7,106.0,107.4,594590.0
2019-01-25,106.0,108.0,106.0,107.5,2336400.0
2019-01-28,107.0,109.6,107.0,108.6,3049540.0
2019-01-29,108.9,108.9,106.5,107.5,2358980.0
2019-01-30,106.5,107.9,106.1,106.3,1695310.0
2019-01-31,106.3,109.5,106.3,108.2,3840200.0
2019-02-01,108.0,111.0,107.5,108.5,1700790.0
2019-02-04,109.5,110.6,108.6,108.6,1324670.0
2019-02-06,109.0,111.7,109.0,111.0,966700.0
2019-02-07,111.6,111.6,110.2,111.1,3154020.0
2019-02-08,110.1,114.2,110.0,114.0,5269130.0
2019-02-11,113.0,117.7,113.0,114.7,2271840.0
2019-02-12,121.5,122.0,116.9,116.9,8348200.0
2019-02-13,116.5,118.3,113.7,115.0,2615570.0
2019-02-14,115.0,116.9,114.6,115.9,2946830.0
2019-02-15,115.8,116.8,115.0,115.0,2369370.0
2019-02-18,115.8,120.0,115.8,118.0,3165020.0
2019-02-19,118.8,119.3,117.5,117.8,2746210.0
2019-02-20,116.0,121.0,116.0,119.0,4166690.0
2019-02-21,119.5,120.0,118.6,119.0,3988990.0
2019-02-22,119.0,119.9,119.0,119.4,1996820.0
2019-02-26,117.5,121.6,117.5,119.6,4119730.0
2019-02-27,119.6,119.9,118.9,119.3,4492040.0
2019-02-28,120.1,120.1,116.0,116.0,27250790.0
2019-03-01,114.5,114.5,111.2,113.0,3009930.0
2019-03-04,112.0,113.0,108.8,113.0,3126440.0
2019-03-05,117.5,118.0,112.8,112.8,2515340.0
2019-03-06,111.0,116.5,111.0,116.5,6840960.0
2019-03-07,114.5,116.0,113.8,114.0,1754890.0
2019-03-08,114.9,115.2,113.0,114.0,3787420.0
2019-03-11,113.6,114.1,113.0,114.0,2402590.0
2019-03-12,114.9,120.4,114.3,119.0,3774330.0
2019-03-13,116.9,119.8,116.8,118.3,1569580.0
2019-03-14,116.9,122.0,116.9,118.9,4149290.0
2019-03-15,119.5,120.0,117.5,119.5,8537360.0
2019-03-18,118.2,119.2,118.2,119.0,1470060.0
2019-03-19,118.2,122.5,118.2,120.8,5042840.0
2019-03-20,122.0,122.5,121.2,122.0,2703910.0
2019-03-21,120.0,122.0,119.0,121.4,1271930.0
2019-03-22,121.2,124.9,121.2,124.2,3041990.0
2019-03-25,124.2,124.3,120.1,124.0,1574850.0
2019-03-26,124.0,128.5,122.0,125.5,1615980.0
2019-03-27,125.5,127.8,125.1,127.0,2560760.0
2019-03-28,126.9,129.0,126.0,127.5,1783720.0
2019-03-29,127.5,132.0,127.4,130.7,5065450.0
2019-04-01,130.7,131.10001,128.10001,128.89999,1601170.0
2019-04-02,129.3,130.0,129.0,130.0,1091140.0
2019-04-03,130.0,130.0,128.2,129.39999,851410.0
2019-04-04,128.0,128.39999,122.6,123.8,1721900.0
2019-04-05,125.0,126.3,123.1,123.5,743170.0
2019-04-08,123.0,129.60001,123.0,129.60001,1209660.0
2019-04-10,129.89999,133.5,129.0,133.3,3870830.0
2019-04-11,132.0,133.5,131.10001,131.2,2272540.0
2019-04-12,131.0,131.2,125.8,127.3,2476700.0
2019-04-15,126.0,127.0,125.1,127.0,1276840.0
2019-04-16,127.0,127.0,125.4,126.6,2110490.0
2019-04-17,125.8,130.0,125.8,129.0,3741570.0
2019-04-22,130.0,130.8,128.2,129.3,1172930.0
2019-04-23,129.0,129.0,127.3,127.5,2461370.0
2019-04-24,120.0,121.9,119.3,121.4,3486780.0
2019-04-25,121.4,125.0,121.4,124.0,3219290.0
2019-04-26,124.4,126.2,123.2,125.2,2036500.0
2019-04-29,125.2,125.6,124.0,125.6,759800.0
2019-04-30,124.0,126.5,124.0,126.5,2712430.0
2019-05-02,127.7,133.0,127.7,131.89999,4218080.0
2019-05-03,131.7,137.89999,130.89999,136.7,2838170.0
2019-05-06,137.0,137.0,128.0,128.0,2261200.0
2019-05-07,128.0,137.89999,128.0,136.39999,2525040.0
2019-05-08,138.5,138.5,131.5,135.0,2836710.0
2019-05-09,133.0,134.89999,129.3,131.0,4219190.0
2019-05-10,133.60001,134.10001,129.89999,133.0,1754930.0
2019-05-14,133.5,137.8,133.0,136.2,6414720.0
2019-05-15,136.89999,144.5,136.7,141.5,2955180.0
2019-05-16,142.0,146.0,134.5,134.5,3189410.0
2019-05-17,137.10001,142.7,135.10001,139.89999,3908240.0
2019-05-20,139.5,142.5,138.0,139.5,1428030.0
2019-05-21,138.5,139.89999,135.10001,135.2,1524340.0
2019-05-22,135.39999,138.89999,135.39999,136.0,1357810.0
2019-05-23,136.0,137.89999,135.39999,136.0,1957170.0
2019-05-24,135.39999,136.0,134.3,134.89999,2325740.0
2019-05-27,134.3,136.89999,134.3,135.89999,1124860.0
2019-05-28,136.0,138.0,135.0,137.3,13123760.0
2019-05-29,135.5,137.7,133.8,134.0,1478260.0
2019-05-30,136.0,137.0,135.10001,135.89999,1571580.0
2019-05-31,136.0,137.2,134.8,136.0,2083810.0
2019-06-03,136.89999,136.89999,134.0,134.5,3243470.0
2019-06-04,134.89999,135.8,134.0,134.89999,2597920.0
2019-06-06,136.0,137.0,134.89999,136.0,1483460.0
2019-06-07,136.5,138.0,136.0,137.5,1219190.0
2019-06-10,137.5,139.89999,136.0,139.89999,2921390.0
2019-06-11,140.0,146.3,139.89999,144.0,3225260.0
2019-06-13,148.0,148.89999,145.0,148.5,4532200.0
2019-06-14,146.0,148.0,142.5,148.0,1892720.0
2019-06-17,146.7,147.39999,144.7,144.7,1162500.0
2019-06-18,143.10001,147.8,143.10001,147.8,1526510.0
2019-06-19,147.60001,147.7,145.7,146.5,1369910.0
2019-06-20,145.10001,147.3,143.3,144.0,1853880.0
2019-06-21,144.0,146.8,143.5,144.3,4566410.0
2019-06-24,143.7,147.0,143.5,143.5,1940500.0
2019-06-25,143.60001,145.8,143.0,144.8,656780.0
2019-06-26,144.8,144.8,143.2,144.39999,1264390.0
2019-06-27,144.8,147.0,144.39999,146.89999,1492130.0
2019-06-28,144.2,146.39999,143.0,146.39999,1228960.0
2019-07-01,146.0,146.39999,143.5,144.5,671330.0
2019-07-02,144.0,146.39999,143.60001,146.39999,1608570.0
2019-07-03,146.0,146.89999,144.7,146.5,1085240.0
2019-07-04,145.3,146.89999,145.3,146.0,573300.0
2019-07-05,145.89999,146.0,144.0,144.7,348290.0
2019-07-08,143.2,144.7,142.2,142.2,1613800.0
2019-07-09,141.5,143.5,141.5,142.0,1141540.0
2019-07-10,141.7,143.0,138.0,142.5,1088400.0
2019-07-11,143.8,143.8,138.10001,142.89999,1567140.0
2019-07-12,143.0,144.7,142.8,143.60001,1061600.0
2019-07-15,141.3,147.60001,141.3,147.60001,1288060.0
2019-07-16,147.39999,147.39999,143.0,143.0,652590.0
2019-07-17,143.2,147.0,141.39999,141.39999,862810.0
2019-07-18,141.5,145.0,141.2,142.7,703080.0
2019-07-19,143.89999,144.0,141.60001,141.60001,1293940.0
2019-07-22,139.5,143.5,137.60001,137.7,751910.0
2019-07-23,139.8,139.8,135.0,135.0,1804140.0
2019-07-24,135.3,138.0,131.8,135.0,1077580.0
2019-07-25,136.0,137.3,134.10001,137.0,1782170.0
2019-07-26,134.3,135.89999,132.39999,133.0,721990.0
2019-07-29,132.0,134.0,128.2,129.0,886000.0
2019-07-30,129.3,135.0,129.3,135.0,1514890.0
2019-07-31,135.0,135.89999,129.89999,135.0,1478420.0
2019-08-01,134.89999,135.39999,132.10001,135.0,1327560.0
2019-08-02,133.10001,133.89999,129.10001,129.7,1519510.0
2019-08-05,129.7,130.89999,124.6,124.6,2883850.0
2019-08-06,123.9,124.5,122.6,122.9,3179130.0
2019-08-07,123.1,126.8,123.1,126.0,3333630.0
2019-08-08,127.9,134.5,127.9,130.0,3667380.0
2019-08-09,130.0,133.89999,125.5,125.5,1570540.0
2019-08-13,127.4,130.5,120.0,120.0,2311550.0
2019-08-14,125.9,130.0,123.9,127.5,1842080.0
2019-08-15,124.0,125.9,121.0,124.0,2291130.0
2019-08-16,124.0,129.2,124.0,128.5,1017040.0
2019-08-19,129.0,131.5,128.2,131.5,1068050.0
2019-08-20,131.8,132.5,130.0,131.0,897960.0
2019-08-22,129.0,131.39999,127.0,130.0,1856430.0
2019-08-23,129.89999,132.3,128.89999,132.3,1657610.0
2019-08-27,130.0,131.10001,125.1,131.10001,7070270.0
2019-08-28,131.10001,131.10001,127.3,130.0,3862350.0
2019-08-29,131.0,131.0,128.3,130.0,3071800.0
2019-08-30,132.7,135.8,132.10001,135.8,1854410.0
2019-09-02,135.7,135.7,133.0,133.5,293780.0
2019-09-03,134.0,134.0,129.39999,130.2,728810.0
2019-09-04,130.0,132.7,125.5,126.0,1851370.0
2019-09-05,126.0,128.5,126.0,127.4,1470970.0
2019-09-06,129.89999,131.0,127.6,131.0,670220.0
2019-09-09,131.0,133.0,129.3,131.60001,624390.0
2019-09-10,129.5,134.89999,129.5,134.0,1194250.0
2019-09-11,134.3,138.5,132.0,135.0,1076190.0
2019-09-12,133.3,135.5,132.0,132.0,1272020.0
2019-09-13,131.60001,133.5,131.0,131.39999,614280.0
2019-09-16,132.5,137.2,131.2,137.2,1378640.0
2019-09-17,134.0,136.8,131.89999,133.3,745260.0
2019-09-18,132.0,132.8,129.2,130.0,823170.0
2019-09-19,129.5,130.8,129.10001,130.0,964400.0
2019-09-20,130.89999,133.39999,130.0,131.39999,2048070.0
2019-09-23,130.0,132.60001,129.2,130.0,1630260.0
2019-09-24,129.2,130.89999,129.2,130.0,1153570.0
2019-09-25,130.10001,130.7,128.5,129.10001,962940.0
2019-09-26,128.0,128.10001,126.5,127.0,1298630.0
2019-09-27,127.0,127.1,122.1,122.5,3137290.0
2019-09-30,122.5,122.9,120.0,120.4,2644620.0
2019-10-01,120.1,120.2,116.7,120.0,1285620.0
2019-10-02,121.7,121.7,115.5,115.5,1847240.0
2019-10-03,115.5,121.1,115.0,120.6,3017150.0
2019-10-04,121.3,121.8,118.1,121.0,2630380.0
2019-10-07,120.4,121.6,118.0,121.1,1283060.0
2019-10-08,120.1,122.8,117.8,119.0,2926020.0
2019-10-09,118.8,118.8,114.1,116.0,1659310.0
2019-10-10,115.6,120.8,115.6,118.0,2712970.0
2019-10-11,120.3,121.4,118.5,120.0,2132150.0
2019-10-14,119.0,122.0,119.0,121.0,1046970.0
2019-10-15,120.1,122.0,120.1,121.0,1924270.0
2019-10-16,120.5,122.2,120.0,121.3,1275220.0
2019-10-17,121.3,123.4,120.6,122.0,1475030.0
2019-10-18,122.9,122.9,121.5,121.7,1831600.0
2019-10-21,121.8,123.1,121.7,123.0,2015780.0
2019-10-22,121.6,123.7,121.3,123.7,1756410.0
2019-10-23,123.0,123.7,121.1,123.0,1318130.0
2019-10-24,122.3,123.5,121.5,122.9,1088010.0
2019-10-25,122.9,123.2,121.7,122.7,1154970.0
2019-10-28,122.0,123.4,121.6,122.4,1122820.0
2019-10-29,123.4,123.4,120.0,123.0,1083980.0
2019-10-30,123.5,123.5,121.8,122.1,934550.0
2019-10-31,122.1,122.5,118.5,118.7,1779790.0
2019-11-04,121.8,124.1,120.0,122.0,2303440.0
2019-11-05,122.0,125.0,122.0,125.0,3143460.0
2019-11-06,122.8,124.0,122.2,123.7,965640.0
2019-11-07,123.8,123.9,121.1,123.8,1742630.0
2019-11-08,124.0,124.0,121.2,123.8,902090.0
2019-11-11,123.8,126.0,123.1,124.0,732960.0
2019-11-12,126.0,126.0,122.0,123.9,1226030.0
2019-11-13,122.4,124.0,122.2,124.0,503860.0
2019-11-14,122.4,124.5,120.5,122.0,1502610.0
2019-11-15,120.5,122.8,120.5,122.2,1242200.0
2019-11-18,123.0,123.0,119.6,122.3,589820.0
2019-11-19,119.9,123.3,119.9,122.1,919750.0
2019-11-20,121.2,125.9,119.9,124.0,1326840.0
2019-11-21,121.0,125.0,120.8,122.0,2556290.0
2019-11-22,120.5,122.9,119.2,121.8,2064740.0
2019-11-25,119.7,122.2,119.7,121.5,1027110.0
2019-11-26,121.5,123.0,120.4,123.0,3834300.0
2019-11-27,122.9,123.4,121.4,123.4,1752050.0
2019-11-28,121.5,123.5,121.0,123.2,1208070.0
2019-11-29,121.2,124.0,121.1,123.6,588410.0
2019-12-02,121.5,124.5,121.5,124.0,1384170.0
2019-12-03,119.8,124.1,119.8,122.8,1676430.0
2019-12-04,122.8,123.8,120.2,123.3,1601380.0
2019-12-05,123.2,123.3,118.5,119.0,1934710.0
2019-12-06,118.0,120.9,117.1,120.0,797190.0
2019-12-09,120.2,120.9,118.2,119.5,983270.0
2019-12-10,117.6,119.3,117.0,117.0,1046210.0
2019-12-11,118.0,121.7,117.2,120.5,1140780.0
2019-12-12,120.0,121.4,117.5,121.4,4270550.0
2019-12-13,122.9,126.6,120.0,126.0,2882280.0
2019-12-16,126.8,130.8,125.2,127.9,1844850.0
2019-12-17,125.0,135.0,124.2,135.0,4820100.0
2019-12-18,134.89999,134.89999,130.10001,133.0,2513860.0
2019-12-19,133.0,133.0,127.2,130.0,4434910.0
2019-12-20,130.0,130.0,124.7,130.0,4444120.0
2019-12-23,126.6,129.89999,126.6,128.3,2567870.0
2019-12-26,127.5,129.39999,125.2,129.39999,523710.0
2019-12-27,129.0,131.3,127.1,128.60001,1669580.0
2020-01-02,128.0,131.89999,128.0,130.0,1975660.0
2020-01-03,128.60001,136.2,128.60001,135.5,2122790.0
2020-01-06,134.0,135.0,131.5,135.0,907670.0
2020-01-07,133.3,134.89999,130.3,132.5,2538490.0
2020-01-08,130.10001,132.10001,128.10001,131.8,1809940.0
2020-01-09,130.2,134.0,130.0,134.0,1356850.0
2020-01-10,135.0,135.0,131.3,132.5,1380950.0
2020-01-14,134.0,135.0,130.60001,135.0,2126760.0
2020-01-15,131.89999,132.8,130.5,131.5,1524240.0
2020-01-16,131.3,132.89999,130.8,132.10001,1105890.0
2020-01-17,132.10001,132.89999,131.0,132.7,1689140.0
2020-01-20,131.2,132.89999,130.39999,132.89999,1870040.0
2020-01-21,132.5,132.8,131.3,132.60001,770350.0
2020-01-22,131.2,132.60001,131.10001,131.8,877070.0
2020-01-23,131.89999,132.60001,130.3,132.5,976310.0
2020-01-24,132.5,132.5,131.5,132.5,622140.0
2020-01-27,132.5,134.7,131.39999,132.5,541470.0
2020-01-28,131.5,133.3,131.5,131.89999,890070.0
2020-01-29,132.5,132.8,131.0,132.0,1214770.0
2020-01-30,131.5,131.89999,131.0,131.5,1177180.0
2020-01-31,132.0,132.0,130.0,130.0,2446340.0
2020-02-03,130.0,130.0,126.0,128.0,383710.0
2020-02-04,127.0,131.0,127.0,127.4,1550480.0
2020-02-05,129.89999,129.89999,127.0,127.2,1744200.0
2020-02-06,128.7,129.39999,127.0,127.6,1107130.0
2020-02-07,127.1,128.5,127.1,128.0,1132350.0
2020-02-10,127.5,128.0,126.0,126.0,929910.0
2020-02-11,127.3,127.3,126.0,126.0,607060.0
2020-02-12,125.4,126.7,121.6,121.6,670410.0
2020-02-13,121.6,124.7,121.4,123.4,667510.0
2020-02-14,121.4,124.7,119.0,119.0,1399580.0
2020-02-17,119.3,122.0,116.0,116.0,1041220.0
2020-02-18,116.0,121.8,116.0,119.6,2733210.0
2020-02-19,119.0,124.7,119.0,124.2,1717720.0
2020-02-20,126.0,126.2,125.0,125.4,1396270.0
2020-02-21,125.1,125.9,117.9,118.0,1358650.0
2020-02-24,117.3,117.3,115.0,115.0,952870.0
2020-02-26,113.4,113.4,94.849998,102.0,2775290.0
2020-02-27,103.6,107.8,103.6,106.0,2245430.0
2020-02-28,102.0,107.0,101.8,106.0,2424810.0
2020-03-02,104.5,108.9,104.4,106.0,1843960.0
2020-03-03,108.4,108.4,106.0,106.0,1644080.0
2020-03-04,105.9,106.5,104.1,105.7,2865780.0
2020-03-05,107.0,109.0,104.1,105.1,2457610.0
2020-03-06,104.0,104.0,98.599998,102.0,3112430.0
2020-03-09,97.0,98.0,87.300003,89.0,2333070.0
2020-03-10,86.699997,92.949997,84.349998,92.0,6194110.0
2020-03-11,92.199997,100.0,89.949997,90.050003,3964590.0
2020-03-12,87.0,87.0,80.0,80.050003,4368080.0
2020-03-13,80.050003,88.0,72.0,85.0,4499310.0
2020-03-16,80.75,86.5,75.0,85.0,2072470.0
2020-03-19,75.949997,76.0,61.849998,71.5,4754890.0
2020-03-20,71.650002,77.0,71.650002,76.0,3455390.0
2020-03-23,72.5,73.0,66.099998,69.5,1556420.0
2020-03-24,68.5,71.0,66.050003,66.050003,2951080.0
2020-03-25,69.5,70.949997,68.0,69.0,2225660.0
2020-03-26,70.199997,75.5,70.0,74.099998,1682270.0
2020-03-27,76.199997,78.5,74.199997,74.25,2108460.0
2020-03-30,74.199997,74.199997,69.0,74.0,1088600.0
2020-03-31,73.949997,76.25,72.5,74.699997,1930410.0
2020-04-01,73.0,77.0,72.5,77.0,1394050.0
2020-04-02,73.150002,74.0,72.0,72.0,2135640.0
2020-04-03,72.5,73.75,70.0,70.0,2575920.0
2020-04-06,71.150002,74.0,71.0,74.0,1579380.0
2020-04-07,76.099998,77.300003,73.050003,75.0,2062980.0
2020-04-08,74.900002,75.949997,72.849998,73.75,1343500.0
2020-04-13,73.5,74.800003,73.5,74.800003,3279280.0
2020-04-14,75.199997,84.0,75.199997,80.900002,2157080.0
2020-04-15,82.0,86.0,82.0,84.5,2395730.0
2020-04-16,82.5,83.0,75.199997,75.199997,2636240.0
2020-04-17,78.199997,81.0,78.199997,80.5,3133730.0
2020-04-20,82.0,82.949997,79.949997,80.449997,619780.0
2020-04-21,79.400002,79.400002,77.0,77.0,2518510.0
2020-04-22,76.599998,81.050003,75.300003,81.050003,973030.0
2020-04-23,81.0,83.449997,80.0,82.199997,1161310.0
2020-04-24,82.199997,82.199997,78.0,78.0,797280.0
2020-04-27,79.900002,82.0,79.0,82.0,734270.0
2020-04-28,82.150002,88.0,81.5,88.0,1919750.0
2020-04-29,86.0,86.800003,85.0,86.199997,1554540.0
2020-04-30,88.0,92.800003,87.550003,89.599998,3754000.0
2020-05-04,88.599998,88.849998,85.0,88.300003,2030760.0
2020-05-05,88.300003,88.300003,86.0,86.0,1037880.0
2020-05-06,86.300003,86.300003,82.5,83.0,2159020.0
2020-05-07,83.199997,84.5,80.050003,82.550003,1559340.0
2020-05-08,83.5,84.949997,81.800003,83.0,4263570.0
2020-05-11,83.0,85.0,81.5,84.599998,2288630.0
2020-05-12,85.099998,85.5,84.599998,84.900002,2269260.0
2020-05-13,84.400002,84.400002,82.5,83.0,615110.0
2020-05-14,80.050003,82.0,80.0,82.0,1345890.0
2020-05-15,82.150002,82.900002,80.5,80.5,2585710.0
2020-05-18,80.0,84.0,79.199997,82.0,719170.0
2020-05-19,82.0,84.5,82.0,84.5,1233630.0
2020-05-20,84.0,84.449997,83.0,84.0,691120.0
2020-05-21,82.199997,84.900002,82.199997,84.5,1021500.0
2020-05-22,84.050003,84.699997,82.199997,84.300003,781970.0
2020-05-26,85.0,85.449997,81.449997,85.300003,512050.0
2020-05-27,84.0,85.0,82.5,85.0,1032720.0
2020-05-28,83.5,84.199997,82.699997,84.0,1088530.0
2020-05-29,82.900002,89.0,82.900002,87.699997,4369510.0
2020-06-01,87.0,89.150002,86.0,88.449997,605330.0
2020-06-02,88.5,91.400002,88.5,90.0,1887970.0
2020-06-03,89.199997,98.0,89.199997,95.900002,1549870.0
2020-06-04,95.0,105.6,95.0,105.6,3543320.0
2020-06-05,102.0,102.0,99.25,100.0,3187200.0
2020-06-08,102.0,102.8,98.599998,102.0,1598230.0
2020-06-09,101.9,107.0,100.8,107.0,1857510.0
2020-06-10,103.0,104.6,101.1,104.0,2223680.0
2020-06-11,103.0,103.1,99.0,103.1,2435950.0
2020-06-15,98.199997,101.6,97.75,99.599998,2731990.0
2020-06-16,99.699997,105.0,98.650002,105.0,2359490.0
2020-06-17,104.7,107.0,102.0,103.1,2082190.0
2020-06-18,102.0,102.0,98.699997,101.0,1579470.0
2020-06-19,100.0,102.0,98.0,98.0,3469380.0
2020-06-22,98.599998,100.0,98.5,100.0,1441750.0
2020-06-23,100.0,101.9,98.199997,100.5,1231080.0
2020-06-24,101.5,101.5,99.900002,100.8,807840.0
2020-06-25,99.5,101.5,98.099998,101.5,716180.0
2020-06-26,100.5,101.5,99.5,101.2,559370.0
2020-06-29,98.300003,101.9,96.25,101.0,1286930.0
2020-06-30,100.0,102.5,99.75,102.5,1094150.0
2020-07-01,102.3,102.3,99.5,100.1,632620.0
2020-07-02,99.699997,103.5,99.400002,103.5,1092270.0
2020-07-03,103.0,103.8,101.6,103.8,5302660.0
2020-07-06,104.0,106.3,102.8,105.0,2098560.0
2020-07-07,104.6,105.0,102.2,102.5,1830500.0
2020-07-08,101.5,101.9,99.800003,100.0,2148440.0
2020-07-09,99.800003,99.849998,99.0,99.449997,1629020.0
2020-07-10,99.300003,99.400002,98.050003,98.75,674800.0
2020-07-13,98.75,98.849998,97.599998,98.25,1007140.0
2020-07-14,98.25,98.800003,96.0,96.550003,1605890.0
2020-07-15,96.650002,97.75,93.0,93.0,1292410.0
2020-07-16,93.550003,97.0,93.550003,97.0,863470.0
2020-07-17,97.0,97.0,95.199997,97.0,976710.0
2020-07-20,97.0,97.0,96.300003,97.0,618350.0
2020-07-21,96.050003,101.0,95.349998,101.0,1161430.0
2020-07-22,100.4,100.4,97.5,99.0,1491720.0
2020-07-23,98.199997,98.5,93.0,98.0,1920890.0
2020-07-24,97.0,98.0,96.0,97.0,884100.0
2020-07-27,96.800003,97.349998,95.050003,97.25,723210.0
2020-07-28,97.5,97.599998,95.199997,97.0,320300.0
2020-07-29,97.0,97.800003,95.650002,97.199997,293600.0
2020-07-30,97.25,97.25,96.199997,96.5,832430.0
2020-08-03,95.0,95.5,91.550003,94.0,1495160.0
2020-08-04,94.0,96.949997,94.0,95.5,1367910.0
2020-08-05,95.5,97.349998,94.0,97.0,1190570.0
2020-08-06,97.25,97.550003,96.0,97.5,3463530.0
2020-08-07,100.1,104.0,99.0,103.9,2414310.0
2020-08-10,103.1,105.9,102.4,105.9,1179770.0
2020-08-11,105.9,109.7,103.1,109.0,1110110.0
2020-08-12,109.0,109.0,107.5,108.6,573010.0
2020-08-13,108.0,108.5,106.5,108.2,646980.0
2020-08-14,108.2,109.3,104.0,108.0,1157190.0
2020-08-17,107.0,108.0,105.1,107.5,832870.0
2020-08-18,107.1,110.8,107.1,110.0,2977820.0
2020-08-19,110.0,110.0,106.0,108.1,1688820.0
2020-08-20,107.1,109.6,106.6,108.0,1030100.0
2020-08-24,107.3,109.0,106.1,107.5,2006180.0
2020-08-25,105.1,107.7,105.1,106.5,1373570.0
2020-08-26,106.0,106.5,102.0,106.5,1842060.0
2020-08-27,107.0,107.0,104.5,105.0,1371620.0
2020-08-28,104.5,107.4,104.5,105.0,2949580.0
2020-09-01,107.0,107.8,101.6,101.6,1458210.0
2020-09-02,103.3,104.7,101.6,102.5,714730.0
2020-09-03,102.6,105.9,102.5,105.4,1181300.0
2020-09-04,104.9,104.9,102.5,104.0,834940.0
2020-09-07,103.7,106.9,103.7,105.9,2029490.0
2020-09-08,106.7,108.0,105.3,107.5,1395510.0
2020-09-09,105.6,106.4,105.6,105.6,707240.0
2020-09-10,106.1,107.0,105.3,106.0,348110.0
2020-09-11,107.0,107.5,105.0,107.5,1447870.0
2020-09-14,107.5,108.5,105.3,108.5,988890.0
2020-09-15,109.0,109.0,106.1,107.0,1141620.0
2020-09-16,107.7,107.7,105.7,107.1,1157460.0
2020-09-17,106.0,108.5,105.2,108.5,964940.0
2020-09-18,107.0,109.3,106.3,109.2,2091910.0
2020-09-21,108.5,108.9,106.6,108.9,603720.0
2020-09-22,108.9,108.9,106.7,108.0,613430.0
2020-09-23,108.0,108.0,105.1,105.1,1187100.0
2020-09-24,106.0,107.9,105.2,107.3,976150.0
2020-09-25,107.1,107.4,106.3,107.0,733420.0
2020-09-28,107.0,108.6,106.5,108.0,1006070.0
2020-09-29,107.3,108.5,107.0,108.0,599640.0
2020-09-30,107.3,109.8,107.2,109.7,1231830.0
2020-10-01,110.0,115.0,109.5,115.0,3203080.0
2020-10-02,115.0,115.2,113.1,115.1,1058800.0
2020-10-05,115.0,115.0,113.4,114.0,1326550.0
2020-10-06,113.5,117.6,111.0,117.6,1013420.0
2020-10-07,115.0,115.4,112.1,113.9,2835830.0
2020-10-08,113.5,115.0,112.1,114.0,3184220.0
2020-10-09,114.1,116.8,114.1,115.6,1252710.0
2020-10-12,116.2,120.0,115.2,120.0,1964430.0
2020-10-13,119.9,120.5,118.2,119.7,2240740.0
2020-10-14,119.0,119.0,116.4,116.9,1339500.0
2020-10-15,116.9,120.3,116.9,119.0,2468480.0
2020-10-16,117.1,118.9,117.1,118.0,2145280.0
2020-10-19,118.0,118.4,116.3,117.0,689170.0
2020-10-20,117.0,118.0,113.7,116.2,2056810.0
2020-10-21,116.3,117.5,116.2,116.2,2491530.0
2020-10-22,116.2,116.2,114.8,115.8,1985280.0
2020-10-23,115.6,117.3,115.2,115.7,1650010.0
2020-10-26,115.8,117.0,115.8,116.3,1683330.0
2020-10-27,116.6,118.0,116.4,117.0,1446910.0
2020-10-28,116.5,118.8,116.5,116.9,1533060.0
2020-10-29,116.0,116.0,111.5,114.5,2152740.0
2020-10-30,113.3,115.0,113.3,115.0,3708140.0
2020-11-03,115.0,117.8,114.0,115.0,1069020.0
2020-11-04,115.1,116.0,113.5,115.5,1452070.0
2020-11-05,115.5,122.0,115.5,120.0,2114220.0
2020-11-06,121.0,125.0,117.9,125.0,1984930.0
2020-11-09,123.5,126.5,123.1,125.0,1911020.0
2020-11-10,125.1,129.0,125.1,128.0,2246260.0
2020-11-11,128.0,129.0,126.2,129.0,1445160.0
2020-11-13,129.0,129.0,127.0,128.7,1695350.0
2020-11-16,128.0,128.0,126.5,127.0,1153970.0
2020-11-17,126.8,127.3,125.1,127.3,1654990.0
2020-11-18,127.3,128.89999,127.3,128.0,1671050.0
2020-11-19,127.5,128.0,120.0,128.0,2176750.0
2020-11-20,126.8,129.7,126.1,128.0,1575460.0
2020-11-23,128.0,128.0,124.2,125.2,1871140.0
2020-11-24,125.2,127.3,124.9,126.0,1376390.0
2020-11-25,127.4,127.5,121.8,121.8,1786780.0
2020-11-26,119.8,119.8,116.2,116.8,3165740.0
2020-11-27,117.0,117.0,115.1,116.8,5251080.0
2020-12-01,117.2,124.0,116.5,124.0,4993670.0
2020-12-02,122.9,123.0,121.0,121.9,792180.0
2020-12-03,121.7,123.0,119.0,121.5,3682210.0
2020-12-04,122.0,122.8,120.6,121.0,2143040.0
2020-12-07,121.0,126.0,120.9,126.0,3056130.0
2020-12-09,125.9,125.9,119.4,119.4,2074770.0
2020-12-10,120.0,124.8,120.0,123.2,1702470.0
2020-12-11,124.4,125.6,122.6,123.5,1217570.0
2020-12-14,124.4,126.5,124.0,125.0,1591700.0
2020-12-15,126.8,126.8,121.2,121.2,1660900.0
2020-12-16,123.6,125.0,122.3,123.0,1835310.0
2020-12-17,124.0,125.0,123.5,124.0,1326490.0
2020-12-18,124.1,124.9,124.1,124.3,2564100.0
2020-12-21,124.3,124.5,122.0,124.0,945500.0
2020-12-22,124.9,124.9,121.2,122.0,911650.0
2020-12-23,123.0,124.0,120.5,123.8,450010.0
2020-12-28,122.1,124.8,120.1,122.0,489520.0
2020-12-29,122.0,124.4,122.0,123.5,652870.0
2021-01-04,124.5,127.0,123.5,126.0,637590.0
2021-01-05,126.0,126.0,123.6,126.0,661070.0
2021-01-06,124.9,125.2,119.3,121.6,1204360.0
2021-01-07,123.0,125.8,122.1,125.8,985360.0
2021-01-08,125.6,127.0,124.6,125.0,1434590.0
2021-01-11,125.6,127.0,124.8,125.5,2057630.0
2021-01-12,126.5,126.5,123.1,126.5,771840.0
2021-01-13,125.0,126.0,123.0,124.3,921110.0
2021-01-14,123.2,126.8,123.2,124.5,1067920.0
2021-01-15,126.0,127.0,124.5,126.8,680740.0
2021-01-18,126.9,128.0,125.4,127.0,867470.0
2021-01-19,124.5,126.9,124.1,126.8,989740.0
2021-01-20,126.8,128.5,125.2,128.39999,1999750.0
2021-01-21,128.60001,131.39999,128.0,128.60001,1512810.0
2021-01-22,128.60001,128.60001,125.6,128.5,1666230.0
2021-01-25,128.39999,128.5,126.1,127.9,450400.0
2021-01-26,127.5,127.5,125.7,127.0,729980.0
2021-01-27,126.4,127.0,123.2,124.0,1237000.0
2021-01-28,123.8,126.0,122.0,122.0,1076100.0
2021-01-29,121.6,123.5,118.5,118.5,2838680.0
2021-02-01,119.3,123.5,118.5,119.1,1810080.0
2021-02-02,121.0,122.2,119.5,119.5,1902830.0
2021-02-03,120.9,124.0,120.1,123.4,844990.0
2021-02-04,123.9,125.8,122.1,124.0,893270.0
2021-02-05,124.9,126.0,123.0,123.6,736300.0
2021-02-08,123.6,125.8,123.1,124.5,491220.0
2021-02-09,125.6,127.0,124.5,125.9,1211890.0
2021-02-10,125.9,126.0,123.6,124.5,892530.0
2021-02-11,124.2,125.0,123.2,125.0,1132800.0
2021-02-15,123.0,125.0,122.2,122.2,766750.0
2021-02-16,122.2,123.4,121.1,122.4,1311570.0
2021-02-17,122.0,122.1,120.1,122.0,1393840.0
2021-02-18,121.0,122.3,119.1,119.1,1658010.0
2021-02-19,120.0,122.7,120.0,120.0,1255810.0
2021-02-22,120.0,122.0,118.0,118.5,1597550.0
2021-02-23,118.3,120.0,117.2,120.0,1369250.0
2021-02-24,120.9,123.0,120.0,122.0,1474130.0
2021-02-26,122.7,124.6,119.9,119.9,3921810.0
2021-03-01,120.7,123.0,120.3,120.5,1723290.0
2021-03-02,121.3,121.9,118.4,120.1,1177300.0
2021-03-03,121.9,121.9,119.0,120.8,2006220.0
2021-03-04,121.7,122.9,118.8,118.8,1876240.0
2021-03-05,120.7,125.4,120.5,124.9,2513470.0
2021-03-08,125.0,125.5,124.5,125.3,924610.0
2021-03-09,125.3,129.39999,124.0,127.6,2436400.0
2021-03-10,128.0,129.60001,127.8,128.39999,4431420.0
2021-03-11,128.39999,128.60001,126.1,127.9,589520.0
2021-03-12,127.9,127.9,124.4,127.0,1215660.0
2021-03-15,126.0,126.5,120.2,122.6,1944440.0
2021-03-16,124.5,126.5,124.5,125.0,1285320.0
2021-03-17,126.8,127.6,125.8,127.6,3092180.0
2021-03-18,127.8,127.8,125.2,126.5,1063550.0
2021-03-19,126.0,127.5,123.0,124.0,2620100.0
2021-03-22,123.5,125.7,122.1,123.7,437830.0
2021-03-23,123.7,124.9,123.0,123.4,723780.0
2021-03-24,123.4,126.5,123.1,126.5,710120.0
2021-03-25,124.5,127.3,124.5,126.5,1354300.0
2021-03-26,126.0,126.0,124.2,124.5,1279410.0
2021-03-29,122.0,125.4,121.9,124.1,1784320.0
2021-03-30,124.0,124.0,121.1,121.1,1843090.0
2021-03-31,121.4,122.1,121.0,121.0,2826970.0
2021-04-05,121.1,122.9,121.1,122.0,398860.0
2021-04-06,122.1,128.0,121.8,128.0,1237970.0
2021-04-07,127.0,127.9,126.0,127.5,859330.0
2021-04-08,127.6,128.0,122.8,125.5,1138790.0
2021-04-12,127.4,127.4,123.2,124.8,1033260.0
2021-04-13,125.9,127.4,124.6,126.6,2006520.0
2021-04-14,126.9,126.9,125.4,126.6,1009950.0
2021-04-15,126.0,126.9,125.1,126.5,1167870.0
2021-04-16,126.2,128.0,126.2,127.9,2187980.0
2021-04-19,127.9,130.39999,127.1,129.0,3384050.0
2021-04-20,129.0,130.0,128.2,130.0,995410.0
2021-04-21,129.89999,130.5,129.10001,130.0,2246550.0
2021-04-22,130.3,130.3,127.0,128.89999,549390.0
2021-04-23,129.89999,129.89999,129.0,129.39999,1748670.0
2021-04-26,129.39999,129.39999,126.9,127.5,983770.0
2021-04-27,127.5,129.0,126.2,127.0,1318530.0
2021-04-28,127.6,129.5,126.7,129.5,1062100.0
2021-04-29,129.5,131.0,127.6,131.0,929180.0
2021-04-30,131.0,131.0,129.0,129.89999,1432180.0
2021-05-03,129.89999,130.39999,129.3,129.3,1323490.0
2021-05-04,129.39999,130.89999,129.39999,130.10001,1995420.0
2021-05-05,130.0,130.7,128.5,128.5,1174720.0
2021-05-06,128.60001,128.89999,127.0,128.5,1089990.0
2021-05-07,129.7,136.0,129.10001,135.39999,3308240.0
2021-05-10,135.60001,142.0,135.60001,141.2,3251280.0
2021-05-11,141.0,143.3,139.10001,140.0,3350740.0
2021-05-12,139.8,140.0,138.39999,138.60001,1678010.0
2021-05-14,137.0,139.0,135.0,138.0,3771100.0
2021-05-17,138.7,139.0,135.0,138.0,1139720.0
2021-05-18,138.0,140.0,138.0,139.89999,1260100.0
2021-05-19,140.10001,140.10001,139.3,140.0,1049980.0
2021-05-20,140.0,140.0,138.60001,139.8,643830.0
2021-05-21,140.0,140.0,137.2,138.60001,916040.0
2021-05-24,138.60001,139.89999,137.39999,139.89999,368740.0
2021-05-25,138.3,139.7,138.0,138.0,1171680.0
2021-05-26,140.0,146.89999,139.3,145.60001,2332180.0
2021-05-27,146.3,146.3,142.5,144.0,6900740.0
2021-05-28,145.0,146.5,143.7,146.39999,1611280.0
2021-05-31,146.39999,146.39999,143.0,143.10001,867790.0
2021-06-01,143.0,145.5,142.7,143.5,383360.0
2021-06-02,145.0,150.0,144.5,149.10001,2538720.0
2021-06-03,149.10001,149.3,147.0,148.39999,2045890.0
2021-06-04,148.0,149.5,147.7,148.0,940540.0
2021-06-07,147.89999,147.89999,146.5,147.0,1335170.0
2021-06-08,147.0,150.7,146.8,149.89999,2796920.0
2021-06-09,149.5,151.0,147.2,150.0,2028890.0
2021-06-10,150.0,150.8,149.3,150.0,1035840.0
2021-06-11,150.0,152.5,149.39999,151.0,1374560.0
2021-06-14,150.5,154.8,150.0,153.7,1158350.0
2021-06-15,153.0,154.0,150.5,154.0,1325200.0
2021-06-16,153.89999,154.10001,151.10001,152.0,914490.0
2021-06-17,152.0,157.5,151.89999,153.0,1501390.0
2021-06-18,152.0,160.0,152.0,160.0,3855240.0
2021-06-21,158.0,159.0,155.3,158.0,1618400.0
2021-06-22,157.60001,158.60001,156.0,156.60001,984300.0
2021-06-23,157.2,162.5,157.0,161.0,1382490.0
2021-06-24,161.0,161.39999,158.89999,159.0,705020.0
2021-06-25,161.0,164.8,160.0,164.0,1886790.0
2021-06-28,164.89999,164.89999,161.39999,161.39999,1416970.0
2021-06-29,161.5,162.2,159.0,161.89999,1218510.0
2021-06-30,161.89999,165.0,161.89999,163.7,1893030.0
2021-07-01,164.0,164.8,160.0,160.0,1107400.0
2021-07-02,161.0,166.39999,161.0,165.3,2042430.0
2021-07-05,165.0,165.3,164.0,164.0,1019960.0
2021-07-06,165.0,165.0,164.2,164.89999,987920.0
2021-07-07,164.10001,166.39999,163.89999,164.0,1531930.0
2021-07-08,163.89999,164.89999,163.89999,164.5,385190.0
2021-07-09,164.2,164.3,158.5,160.0,3109700.0
2021-07-12,160.0,164.0,159.7,164.0,614250.0
2021-07-13,163.89999,165.89999,160.60001,165.5,1911610.0
2021-07-14,165.89999,167.8,165.3,167.5,1223610.0
2021-07-15,167.60001,167.7,162.60001,162.8,1210620.0
2021-07-16,162.8,165.0,162.0,163.89999,880730.0
2021-07-19,162.5,162.8,155.0,159.0,992480.0
2021-07-21,159.0,161.8,155.2,157.0,681650.0
2021-07-22,156.10001,159.8,156.10001,157.10001,553740.0
2021-07-23,157.10001,161.0,157.10001,161.0,527320.0
2021-07-26,161.0,161.0,152.0,154.10001,1421690.0
2021-07-27,154.10001,163.0,152.0,163.0,1475400.0
2021-07-28,160.10001,162.0,156.3,162.0,1042300.0
2021-07-29,161.8,164.0,159.8,159.8,934660.0
2021-07-30,159.0,163.0,153.10001,155.5,2353460.0
2021-08-02,155.5,161.0,155.2,161.0,655890.0
2021-08-03,160.89999,172.0,158.2,167.10001,2388260.0
2021-08-04,169.7,174.8,169.0,174.8,2250360.0
2021-08-05,175.0,177.0,167.5,177.0,3479750.0
2021-08-06,175.0,186.5,175.0,184.10001,2239630.0
2021-08-09,184.0,187.3,182.8,186.0,1495370.0
2021-08-10,186.0,186.0,178.5,184.0,1104250.0
2021-08-11,180.60001,183.7,180.0,180.0,877530.0
2021-08-12,180.0,180.3,175.89999,178.8,488540.0
2021-08-13,178.8,181.89999,170.0,170.0,932550.0
2021-08-16,173.0,182.0,173.0,182.0,721710.0
2021-08-17,180.0,184.0,179.10001,184.0,2007340.0
2021-08-18,180.10001,185.39999,180.10001,184.3,1371190.0
2021-08-19,182.60001,183.89999,180.3,183.0,605540.0
2021-08-20,181.7,182.2,178.0,178.0,1567600.0
2021-08-23,180.0,185.10001,179.2,180.0,1310920.0
2021-08-24,181.0,182.5,176.5,177.3,1875850.0
2021-08-25,178.0,180.0,178.0,180.0,455330.0
2021-08-26,180.0,182.5,178.2,180.0,804570.0
2021-08-27,180.0,180.0,177.39999,178.0,420430.0
2021-08-31,179.0,186.10001,172.0,186.10001,2789860.0
2021-09-01,182.0,183.89999,179.0,180.0,958360.0
2021-09-02,181.8,182.8,178.0,178.0,822780.0
2021-09-03,179.0,180.0,176.0,177.2,831950.0
2021-09-06,178.0,179.2,177.2,177.5,785520.0
2021-09-07,177.2,180.7,177.2,180.0,345220.0
2021-09-08,181.0,186.5,177.5,186.5,1596880.0
2021-09-09,185.3,187.8,184.0,186.0,882360.0
2021-09-10,186.0,193.3,185.3,190.0,1532770.0
2021-09-13,190.0,191.8,189.0,191.0,727210.0
2021-09-14,191.0,193.0,188.0,188.0,999490.0
2021-09-15,190.0,191.89999,185.10001,186.0,772820.0
2021-09-16,187.10001,193.0,187.10001,191.0,1555620.0
2021-09-17,192.0,199.0,188.0,188.0,4003010.0
2021-09-20,191.0,191.7,189.0,190.89999,930060.0
2021-09-21,189.5,193.10001,189.5,190.5,1528040.0
2021-09-22,191.0,196.8,190.5,193.0,780520.0
2021-09-23,193.10001,196.0,193.0,193.0,1100260.0
2021-09-24,193.0,198.0,192.5,195.0,2036400.0
2021-09-27,194.0,213.60001,193.2,204.0,2876830.0
2021-09-28,202.0,204.0,193.0,195.2,2162540.0
2021-09-29,194.0,200.0,189.0,200.0,1415270.0
2021-09-30,200.0,204.0,195.0,195.0,2665240.0
2021-10-01,195.39999,199.89999,195.39999,199.5,1035940.0
2021-10-04,198.0,198.7,194.10001,195.39999,919170.0
2021-10-05,195.2,195.2,191.2,195.0,1068720.0
2021-10-06,195.0,197.5,192.2,192.2,1064710.0
2021-10-07,192.3,196.89999,185.60001,185.60001,1241720.0
2021-10-08,188.0,191.7,182.10001,182.10001,2566090.0
2021-10-11,186.0,188.3,185.0,185.0,2482330.0
2021-10-12,185.0,186.60001,177.10001,178.60001,2687720.0
2021-10-13,179.10001,181.89999,171.7,174.5,2446520.0
2021-10-14,175.0,178.89999,168.5,169.10001,2356750.0
2021-10-15,170.3,179.8,170.10001,178.89999,1703180.0
2021-10-18,177.0,184.60001,176.60001,183.39999,1410120.0
2021-10-19,183.0,184.89999,180.0,180.0,869980.0
2021-10-20,180.10001,183.0,173.10001,175.0,2839790.0
2021-10-21,178.8,183.0,175.39999,183.0,999000.0
2021-10-22,182.89999,183.0,180.5,183.0,596320.0
2021-10-25,183.0,188.0,183.0,183.39999,989230.0
2021-10-26,184.0,189.0,183.0,189.0,1128930.0
2021-10-27,189.0,190.0,181.0,183.0,2283950.0
2021-10-28,184.5,190.5,180.8,189.0,3046050.0
2021-10-29,185.8,187.89999,180.0,180.0,1905220.0
2021-11-02,184.60001,184.8,177.0,177.0,1863690.0
2021-11-03,179.8,181.8,178.0,178.0,887210.0
2021-11-04,179.89999,180.10001,177.5,178.0,776210.0
2021-11-05,184.7,188.39999,182.0,187.3,4343100.0
2021-11-08,196.0,200.0,189.10001,190.0,1591350.0
2021-11-09,192.0,196.0,190.89999,196.0,3073710.0
2021-11-10,196.0,197.7,190.3,193.60001,1550980.0
2021-11-11,192.60001,193.0,191.2,192.0,798660.0
2021-11-12,192.2,193.0,191.2,192.0,528240.0
2021-11-15,191.0,191.8,190.0,190.0,907360.0
2021-11-16,190.0,195.5,188.60001,195.0,1162100.0
2021-11-17,195.0,195.89999,191.0,194.8,794570.0
2021-11-18,196.0,196.0,192.60001,192.89999,1110380.0
2021-11-19,192.0,192.0,187.10001,189.0,1405950.0
2021-11-22,190.0,193.0,190.0,193.0,577650.0
2021-11-23,192.89999,198.0,191.7,198.0,1838920.0
2021-11-24,196.0,197.0,193.0,195.10001,1634440.0
2021-11-25,195.0,198.0,193.0,197.0,1069610.0
2021-11-26,197.0,197.2,195.0,195.5,690650.0
2021-11-29,194.0,197.89999,190.10001,197.89999,3246200.0
2021-12-01,197.60001,198.0,192.8,192.89999,4836650.0
2021-12-02,196.5,198.10001,193.10001,198.10001,1243130.0
2021-12-03,198.5,203.39999,194.0,194.0,1759020.0
2021-12-06,197.0,201.60001,195.3,199.89999,1603120.0
2021-12-07,199.60001,199.89999,195.0,197.89999,748710.0
2021-12-09,197.0,200.0,195.8,200.0,902020.0
2021-12-10,200.0,200.0,196.10001,197.39999,487780.0
2021-12-13,197.39999,198.0,195.5,195.5,716140.0
2021-12-14,197.89999,197.89999,191.3,195.5,1358870.0
2021-12-15,196.8,197.39999,192.5,193.60001,2250690.0
2021-12-16,193.0,196.7,193.0,196.7,642470.0
2021-12-17,194.0,197.89999,194.0,197.89999,1021080.0
2021-12-20,194.0,197.89999,193.5,193.5,1157340.0
2021-12-21,193.5,196.0,192.10001,193.2,1928680.0
2021-12-22,194.0,195.0,192.60001,193.5,900350.0
2021-12-23,192.2,197.5,192.2,197.5,444750.0
2021-12-24,197.5,197.5,193.60001,193.60001,293270.0
2021-12-27,194.0,198.0,192.60001,198.0,309200.0
2021-12-28,198.0,204.8,197.5,204.0,1079240.0
2021-12-29,202.0,205.0,198.2,205.0,702440.0
2021-12-31,200.0,200.0,194.2,200.0,1290250.0
2022-01-03,205.0,205.0,195.0,195.0,818700.0
2022-01-05,195.0,198.0,192.5,198.0,1443690.0
2022-01-06,194.10001,197.7,192.60001,193.5,1444700.0
2022-01-07,193.5,195.89999,192.60001,194.0,1001670.0
2022-01-10,193.8,199.8,193.39999,199.5,570190.0
2022-01-11,195.10001,197.89999,194.0,194.10001,841500.0
2022-01-12,194.0,197.39999,193.8,195.7,1473360.0
2022-01-13,196.10001,203.39999,196.10001,203.0,961200.0
2022-01-14,197.0,200.8,196.0,198.5,683560.0
2022-01-17,199.5,207.8,198.60001,203.0,988980.0
2022-01-18,206.0,212.0,204.2,211.39999,2133900.0
2022-01-19,209.0,209.0,204.39999,204.39999,1061350.0
2022-01-20,204.39999,207.8,200.2,200.2,1380520.0
2022-01-21,200.0,202.0,196.0,199.89999,1408990.0
2022-01-24,196.60001,201.0,195.8,201.0,2420570.0
2022-01-25,200.39999,203.39999,199.0,202.0,503000.0
2022-01-26,204.2,206.0,200.2,204.0,801400.0
2022-01-27,202.0,206.39999,202.0,204.60001,999720.0
2022-01-28,204.39999,205.60001,197.5,197.5,1455350.0
2022-01-31,198.0,202.0,198.0,200.0,1337330.0
2022-02-02,201.0,204.2,200.0,200.2,1259240.0
2022-02-03,200.39999,203.0,199.60001,203.0,833030.0
2022-02-04,205.0,220.0,202.0,202.0,2320950.0
2022-02-07,208.0,209.8,203.39999,204.39999,974870.0
2022-02-08,209.60001,218.8,205.0,216.0,2052880.0
2022-02-09,217.2,224.0,217.2,221.0,2081480.0
2022-02-10,220.0,220.0,216.2,219.0,1304170.0
2022-02-11,214.39999,219.0,206.0,206.0,4431350.0
2022-02-14,207.0,211.0,205.8,208.60001,2042890.0
2022-02-15,214.0,218.39999,208.8,216.0,794970.0
2022-02-16,212.39999,218.0,212.39999,217.8,712240.0
2022-02-17,220.0,220.0,215.39999,215.60001,795490.0
2022-02-18,214.2,217.0,210.0,217.0,1362540.0
2022-02-21,212.0,217.0,211.39999,212.0,392630.0
2022-02-22,213.8,221.8,212.0,220.0,2291670.0
2022-02-23,220.0,220.0,216.0,216.0,866820.0
2022-02-24,215.2,218.0,210.0,210.0,3165180.0
2022-02-28,209.0,214.0,208.8,210.60001,1948890.0
2022-03-01,213.0,219.0,210.2,218.0,1497960.0
2022-03-02,217.0,220.8,213.2,218.0,1439780.0
2022-03-03,219.8,228.8,218.2,228.0,5441080.0
2022-03-04,225.2,236.60001,225.2,226.2,1726190.0
2022-03-07,226.0,229.0,221.0,229.0,1700310.0
2022-03-08,221.0,225.0,216.0,219.0,2158090.0
2022-03-09,220.0,227.8,219.0,225.0,2527730.0
2022-03-10,225.60001,234.8,220.0,233.0,2694730.0
2022-03-11,228.2,232.0,224.0,226.0,1832070.0
2022-03-14,224.8,224.8,212.0,212.0,1811320.0
2022-03-15,212.0,220.0,202.0,220.0,2328550.0
2022-03-16,221.0,224.0,216.39999,218.0,1949740.0
2022-03-17,220.0,224.8,219.0,224.8,1863740.0
2022-03-18,220.0,227.8,219.60001,224.8,4361640.0
2022-03-21,221.2,228.60001,220.2,220.2,2076740.0
2022-03-22,221.0,230.0,221.0,227.8,1846680.0
2022-03-23,226.60001,227.2,220.39999,220.39999,1113440.0
2022-03-24,223.60001,223.60001,220.60001,222.0,1275280.0
2022-03-25,221.2,224.0,220.0,224.0,930540.0
2022-03-28,224.0,224.0,218.0,218.0,1111500.0
2022-03-29,217.0,217.0,211.39999,216.0,1540920.0
2022-03-30,214.39999,222.0,214.39999,222.0,1593290.0
2022-03-31,221.8,224.8,218.0,224.8,2046470.0
2022-04-01,224.8,226.60001,221.2,226.60001,1354510.0
2022-04-04,222.2,225.0,222.2,224.8,729340.0
2022-04-05,224.8,226.0,222.2,226.0,577900.0
2022-04-06,225.0,225.0,222.0,222.0,657400.0
2022-04-07,222.0,225.60001,218.0,218.0,1186960.0
2022-04-08,218.0,225.0,218.0,225.0,738140.0
2022-04-11,222.2,225.0,221.2,223.0,573670.0
2022-04-12,221.2,222.8,218.60001,218.60001,1389600.0
2022-04-13,221.0,221.0,219.0,220.39999,547480.0
2022-04-18,222.39999,223.60001,220.0,223.60001,518910.0
2022-04-19,224.0,224.8,221.0,224.8,936340.0
2022-04-20,225.0,231.0,223.39999,231.0,1538190.0
2022-04-21,231.0,231.0,222.2,222.2,1112170.0
2022-04-22,223.0,226.60001,222.0,225.0,975420.0
2022-04-25,222.39999,226.2,220.8,226.2,840530.0
2022-04-26,225.8,225.8,222.0,223.0,1359110.0
2022-04-27,220.39999,224.8,218.0,218.60001,938220.0
2022-04-28,218.60001,222.8,214.0,220.0,1433680.0
2022-04-29,220.0,223.0,212.2,215.60001,1789230.0
2022-05-02,215.0,223.0,210.2,215.60001,259110.0
2022-05-04,216.0,216.8,202.39999,215.0,1353050.0
2022-05-05,215.0,215.0,210.0,211.0,1676400.0
2022-05-06,213.2,221.8,211.2,220.2,1847720.0
2022-05-10,206.0,220.0,203.2,219.8,2885570.0
2022-05-11,216.0,218.8,215.0,218.0,1461740.0
2022-05-12,216.39999,217.8,212.2,214.8,1092740.0
2022-05-13,210.0,210.8,206.0,206.0,1574670.0
2022-05-16,209.0,210.2,206.0,207.60001,2129480.0
2022-05-17,207.60001,210.0,202.39999,203.0,2658250.0
2022-05-18,204.39999,217.8,204.39999,217.8,2164690.0
2022-05-19,213.2,217.8,208.60001,211.39999,2012710.0
2022-05-20,212.0,213.2,209.39999,210.2,1390320.0
2022-05-23,211.0,211.8,206.0,210.0,1304100.0
2022-05-24,209.2,213.8,207.0,213.8,1598990.0
2022-05-25,211.0,213.8,210.0,210.60001,1534220.0
2022-05-26,210.0,220.0,209.0,220.0,1579770.0
2022-05-27,219.0,223.8,215.0,222.8,663810.0
2022-05-30,222.39999,223.60001,217.8,218.0,880250.0
2022-05-31,218.60001,219.8,215.0,217.0,3143160.0
2022-06-01,217.0,218.0,210.2,210.2,1211350.0
2022-06-02,214.39999,215.8,211.0,215.8,506970.0
2022-06-03,213.39999,215.39999,212.0,215.0,459560.0
2022-06-06,215.0,216.2,211.2,215.39999,602470.0
2022-06-07,212.8,214.60001,211.2,214.0,841670.0
2022-06-08,213.0,214.0,211.0,211.0,648740.0
2022-06-09,211.0,211.2,200.8,203.0,3269990.0
2022-06-10,201.60001,205.0,196.0,202.0,3113910.0
2022-06-13,200.0,202.39999,196.5,200.0,1821430.0
2022-06-14,196.0,196.2,192.2,195.0,3084170.0
2022-06-15,193.8,194.5,188.3,190.0,4291780.0
2022-06-16,190.0,190.0,178.5,186.39999,6302540.0
2022-06-17,181.3,194.89999,180.10001,194.89999,2935060.0
2022-06-20,194.7,200.8,193.0,199.39999,989490.0
2022-06-21,200.0,202.39999,195.10001,195.10001,873820.0
2022-06-22,195.5,197.5,186.7,186.7,1768810.0
2022-06-23,186.7,191.3,177.10001,180.0,2240820.0
2022-06-24,180.10001,185.89999,180.10001,185.0,1448680.0
2022-06-27,184.5,189.0,184.5,188.0,1529950.0
2022-06-28,187.5,198.8,186.60001,195.0,843670.0
2022-06-29,196.89999,203.2,195.0,195.89999,1473300.0
2022-06-30,199.8,199.8,184.0,184.0,2250870.0
2022-07-01,187.0,194.0,184.5,191.0,420520.0
2022-07-04,191.0,193.3,183.8,183.8,796650.0
2022-07-05,185.0,187.8,185.0,186.0,665270.0
2022-07-06,187.89999,194.3,186.89999,194.3,591160.0
2022-07-07,193.0,193.0,186.2,186.2,1918340.0
2022-07-08,187.0,193.0,185.0,185.0,1017920.0
2022-07-11,186.5,189.60001,185.2,189.39999,397510.0
2022-07-12,189.0,189.0,184.0,184.0,1929540.0
2022-07-13,185.0,185.10001,180.60001,182.8,1831290.0
2022-07-14,183.0,186.5,179.3,186.5,2010690.0
2022-07-15,181.0,184.0,174.10001,179.39999,3383900.0
2022-07-18,179.89999,179.89999,173.3,178.0,1842310.0
2022-07-19,179.3,186.5,178.10001,186.0,2498240.0
2022-07-20,185.89999,188.7,181.0,182.0,1119360.0
2022-07-21,181.60001,186.0,179.7,181.0,1230920.0
2022-07-22,181.0,182.89999,180.0,182.7,1032370.0
2022-07-25,182.60001,182.60001,180.10001,180.5,781310.0
2022-07-26,180.60001,185.89999,180.60001,184.2,541080.0
2022-07-27,181.0,189.60001,181.0,185.0,978800.0
2022-07-28,185.0,189.7,184.2,189.7,820790.0
2022-07-29,185.60001,194.2,185.60001,194.2,982000.0
2022-08-01,188.60001,190.10001,180.2,183.89999,1756350.0
2022-08-02,184.0,189.0,183.0,188.0,966870.0
2022-08-03,188.5,189.8,184.7,185.0,1201300.0
2022-08-04,186.0,188.0,184.8,187.89999,1015480.0
2022-08-05,188.10001,188.10001,184.60001,184.60001,1739100.0
2022-08-08,185.0,186.8,183.2,184.0,744500.0
2022-08-09,181.39999,184.0,180.0,181.0,2347460.0
2022-08-10,181.10001,181.60001,175.7,178.0,6233530.0
2022-08-11,179.5,184.5,179.5,184.0,2193540.0
2022-08-12,183.0,187.0,182.89999,185.39999,675160.0
2022-08-15,185.39999,185.89999,182.10001,184.60001,704360.0
2022-08-16,184.0,188.60001,183.39999,188.0,1620260.0
2022-08-17,188.60001,190.7,185.0,186.0,2253140.0
2022-08-18,186.89999,187.8,185.3,186.0,724330.0
2022-08-19,187.0,188.39999,185.60001,187.0,1559630.0
2022-08-22,186.10001,186.2,184.5,184.8,1583440.0
2022-08-23,184.8,186.60001,182.2,184.2,2567640.0
2022-08-24,185.39999,185.7,182.10001,185.0,1870660.0
2022-08-25,184.0,189.5,183.2,188.0,2502170.0
2022-08-26,189.0,189.5,186.0,186.5,875720.0
2022-08-30,185.0,185.7,182.0,184.0,1654180.0
2022-08-31,184.10001,185.0,180.2,181.2,3644900.0
2022-09-01,182.2,184.60001,182.0,182.89999,1889930.0
2022-09-02,183.10001,185.0,182.10001,183.0,571600.0
2022-09-05,183.5,185.2,182.0,183.0,521950.0
2022-09-06,183.60001,183.89999,181.0,182.0,1216820.0
2022-09-07,183.89999,185.0,181.39999,181.60001,1146980.0
2022-09-08,181.5,183.89999,181.0,182.10001,1046980.0
2022-09-09,182.0,185.0,182.0,184.3,545410.0
2022-09-12,184.3,190.0,182.3,190.0,314390.0
2022-09-13,188.0,189.89999,186.0,187.2,364960.0
2022-09-14,184.0,186.0,182.10001,185.7,1892110.0
2022-09-15,185.0,186.5,184.0,185.0,487460.0
2022-09-16,188.8,190.0,182.0,182.0,2153310.0
2022-09-19,182.0,184.7,181.89999,182.0,971280.0
2022-09-20,184.5,184.7,182.0,183.8,1191270.0
2022-09-21,184.0,184.0,180.2,181.0,2332550.0
2022-09-22,180.10001,182.0,179.3,181.0,3340950.0
2022-09-23,179.5,182.5,178.2,181.89999,2093720.0
2022-09-27,182.10001,182.5,176.0,181.0,2785280.0
2022-09-28,181.0,183.39999,178.60001,181.5,2845580.0
2022-09-29,182.8,182.89999,173.60001,174.3,3471170.0
2022-09-30,171.10001,171.7,156.60001,156.60001,7144760.0
2022-10-03,156.7,164.89999,152.8,162.8,5807740.0
2022-10-04,164.60001,167.89999,163.0,165.0,2412690.0
2022-10-05,169.0,172.7,166.2,171.10001,3133730.0
2022-10-06,171.2,176.8,171.2,176.0,2135310.0
2022-10-07,175.89999,178.60001,172.2,177.60001,1585100.0
2022-10-10,173.7,178.60001,171.5,177.5,519330.0
2022-10-11,177.7,179.7,173.2,178.0,1399900.0
2022-10-12,175.0,177.60001,170.60001,175.0,1017700.0
2022-10-13,176.89999,179.0,172.60001,178.0,1259940.0
2022-10-14,177.0,177.10001,169.8,169.8,1377180.0
2022-10-17,169.8,172.5,169.8,172.0,547610.0
2022-10-18,172.5,176.8,172.0,176.60001,850760.0
2022-10-19,177.0,178.0,172.0,173.39999,1219570.0
2022-10-20,172.10001,175.0,172.10001,175.0,2589550.0
2022-10-21,176.39999,176.39999,172.0,172.0,670800.0
2022-10-24,172.0,174.5,171.0,174.5,1249690.0
2022-10-25,174.0,174.89999,165.89999,165.89999,3520750.0
2022-10-26,168.0,173.0,166.39999,171.7,3650630.0
2022-10-27,173.39999,177.5,172.0,177.5,2891060.0
2022-10-28,175.2,175.2,171.0,173.0,926620.0
2022-11-02,173.0,173.0,162.2,162.5,3818800.0
2022-11-03,165.0,176.0,161.8,172.0,3571420.0
2022-11-04,171.89999,177.8,167.10001,177.8,2363430.0
2022-11-07,177.8,191.0,174.0,190.0,3465610.0
2022-11-08,187.0,189.8,184.0,186.8,1975170.0
2022-11-09,188.89999,188.89999,180.0,180.0,1263780.0
2022-11-10,181.0,182.8,176.10001,176.7,1354450.0
2022-11-11,183.0,189.0,175.8,178.2,897680.0
2022-11-14,178.2,183.8,178.0,181.0,371510.0
2022-11-15,183.0,186.5,181.60001,183.8,925150.0
2022-11-16,183.89999,187.5,182.10001,187.5,1285730.0
2022-11-17,185.0,187.0,182.8,184.2,1023570.0
2022-11-18,183.10001,188.8,181.8,188.0,940720.0
2022-11-21,188.39999,190.0,184.10001,190.0,1755350.0
2022-11-22,188.8,191.3,185.5,186.0,1636180.0
2022-11-23,185.2,189.0,185.2,186.0,1247680.0
2022-11-24,186.0,186.7,183.0,184.5,1854160.0
2022-11-25,186.8,189.60001,182.3,185.8,2838660.0
2022-11-28,186.0,198.89999,185.8,198.89999,1432720.0
2022-11-29,197.5,205.0,192.10001,205.0,2896390.0
2022-12-01,205.8,207.0,196.8,196.8,2612970.0
2022-12-02,199.5,199.5,193.5,193.5,1130800.0
2022-12-05,193.60001,193.60001,184.3,184.3,1199500.0
2022-12-06,184.0,199.5,184.0,188.39999,2089490.0
2022-12-07,193.8,196.10001,189.10001,190.0,2870470.0
2022-12-09,191.5,203.0,185.5,203.0,2812130.0
2022-12-12,200.0,204.39999,198.89999,201.0,1482550.0
2022-12-13,200.0,207.0,199.5,207.0,1273030.0
2022-12-14,203.0,207.0,199.10001,207.0,845000.0
2022-12-15,207.8,207.8,200.2,204.0,1363100.0
2022-12-16,200.0,205.0,198.0,205.0,1891770.0
2022-12-19,203.39999,203.60001,196.0,196.0,586490.0
2022-12-20,197.60001,204.60001,195.0,204.0,1347930.0
2022-12-21,203.39999,203.39999,194.8,195.89999,1077210.0
2022-12-22,197.0,199.89999,196.0,198.0,943720.0
2022-12-23,197.10001,204.0,197.10001,204.0,750890.0
2022-12-27,204.0,205.0,200.0,200.0,320150.0
2022-12-28,204.0,204.0,196.3,198.0,485330.0
2022-12-29,198.2,204.39999,196.7,200.0,1111840.0
2023-01-03,200.0,204.0,196.2,198.0,1052760.0
2023-01-04,198.0,201.8,197.5,197.5,1010440.0
2023-01-05,197.7,201.2,197.39999,198.7,1250570.0
2023-01-06,200.0,200.39999,196.0,196.0,555500.0
2023-01-09,196.0,198.89999,196.0,198.0,1101510.0
2023-01-10,198.0,203.2,196.5,203.0,1852750.0
2023-01-11,201.2,202.2,197.2,200.0,2594950.0
2023-01-12,201.0,203.0,198.39999,203.0,1947150.0
2023-01-13,203.0,213.60001,202.0,208.0,2754850.0
2023-01-16,210.0,215.0,209.0,210.0,2499400.0
2023-01-17,206.8,211.2,206.0,211.2,1904130.0
2023-01-18,211.0,221.60001,210.2,221.60001,2456560.0
2023-01-19,220.0,220.0,215.39999,218.0,1402400.0
2023-01-20,219.60001,219.60001,215.0,216.0,918100.0
2023-01-23,217.0,218.0,211.2,216.0,416970.0
2023-01-24,216.0,219.0,212.0,212.0,455150.0
2023-01-25,212.0,218.8,209.60001,216.60001,1632470.0
2023-01-26,216.60001,216.60001,211.0,211.0,701290.0
2023-01-27,214.0,216.0,210.8,213.0,822240.0
2023-01-30,212.8,213.0,207.0,211.8,1164300.0
2023-01-31,210.8,210.8,198.60001,207.39999,2419070.0
2023-02-01,208.0,219.8,206.2,218.60001,2355260.0
2023-02-02,215.0,218.0,213.8,218.0,1276910.0
2023-02-03,217.8,218.8,207.2,218.0,3148090.0
2023-02-06,216.0,218.0,209.2,210.0,1543500.0
2023-02-07,210.0,213.39999,206.60001,206.60001,1273480.0
2023-02-08,209.8,213.0,207.2,212.0,656850.0
2023-02-09,213.0,214.8,209.0,211.39999,1048950.0
2023-02-10,211.39999,214.0,209.0,214.0,508730.0
2023-02-13,211.0,216.39999,211.0,215.0,514680.0
2023-02-14,215.0,217.60001,214.2,214.8,704040.0
2023-02-15,214.8,214.8,208.0,210.0,1035240.0
2023-02-16,210.0,212.39999,209.0,209.0,629980.0
2023-02-17,211.8,212.8,209.2,211.2,289700.0
2023-02-20,212.0,213.0,208.0,209.39999,246690.0
2023-02-21,208.2,208.60001,205.0,206.0,847030.0
2023-02-22,207.0,209.60001,206.0,207.8,524860.0
2023-02-23,207.8,209.8,205.0,209.8,448550.0
2023-02-27,213.0,213.2,200.0,200.0,1250410.0
2023-02-28,202.0,206.8,199.8,199.8,1924810.0
2023-03-01,201.0,203.0,198.2,198.8,3721790.0
2023-03-02,200.0,202.8,199.39999,199.89999,1174960.0
2023-03-03,200.0,203.0,198.5,200.0,1721730.0
2023-03-06,200.0,207.39999,199.60001,207.0,1884590.0
2023-03-07,208.0,212.60001,208.0,208.0,1089460.0
2023-03-08,206.0,211.0,205.2,211.0,1442870.0
2023-03-09,212.0,216.0,211.0,212.39999,1634120.0
2023-03-10,210.0,213.0,208.0,213.0,1323320.0
2023-03-13,211.0,211.39999,207.2,207.39999,1993290.0
2023-03-14,207.39999,209.0,199.89999,199.89999,3262260.0
2023-03-15,195.0,199.8,194.0,197.7,3188430.0
2023-03-16,197.7,199.8,197.0,198.0,3385310.0
2023-03-17,198.0,199.8,197.3,198.0,4100950.0
2023-03-20,198.0,200.8,197.10001,197.89999,2857850.0
2023-03-21,197.0,202.0,197.0,202.0,1785240.0
2023-03-22,202.0,204.0,200.0,200.0,625230.0
2023-03-23,199.8,203.0,199.0,201.0,681970.0
2023-03-24,201.0,213.39999,201.0,213.2,1984390.0
2023-03-27,212.0,212.0,207.2,210.0,1253850.0
2023-03-28,211.8,215.8,210.39999,214.2,1377680.0
2023-03-29,215.60001,215.60001,210.39999,214.0,435020.0
2023-03-30,214.2,218.0,214.0,218.0,1057140.0
2023-03-31,217.0,218.0,212.2,213.39999,1999890.0
2023-04-03,214.39999,217.39999,213.39999,213.60001,1022400.0
2023-04-04,213.0,213.60001,210.0,210.0,991570.0
2023-04-05,210.0,211.8,209.0,210.0,521120.0
2023-04-11,210.0,213.4,207.0,210.0,1449730.0
2023-04-12,210.0,214.8,210.0,211.0,1069090.0
2023-04-13,211.0,213.8,209.4,211.0,993610.0
2023-04-14,211.60001,216.0,211.2,212.60001,1688600.0
2023-04-17,212.60001,212.60001,209.2,210.2,823390.0
2023-04-18,210.2,211.0,209.39999,210.0,557000.0
2023-04-19,210.0,210.0,209.0,210.0,391660.0
2023-04-20,212.0,213.60001,209.39999,213.60001,1911260.0
2023-04-24,213.0,217.0,209.0,217.0,1465450.0
2023-04-25,217.2,218.0,214.0,218.0,1109460.0
2023-04-26,218.0,218.8,213.0,218.8,914900.0
2023-04-27,218.0,219.0,217.2,219.0,836380.0
2023-04-28,219.0,219.8,215.2,217.0,1522080.0
2023-05-02,217.0,219.0,216.0,217.0,702350.0
2023-05-03,217.0,217.0,215.2,216.0,293700.0
2023-05-04,216.0,217.0,213.0,214.0,681930.0
2023-05-05,214.0,214.0,213.0,213.0,965680.0
2023-05-08,213.8,216.8,210.0,210.0,1564800.0
2023-05-09,210.39999,212.0,201.39999,206.39999,1385510.0
2023-05-10,206.39999,207.60001,203.0,205.60001,473040.0
2023-05-11,205.8,208.0,205.8,208.0,687160.0
2023-05-12,207.8,207.8,203.0,203.0,430150.0
2023-05-15,203.0,203.0,199.0,200.0,1024060.0
2023-05-16,200.0,202.2,200.0,201.0,350060.0
2023-05-17,202.0,204.8,199.0,204.60001,554080.0
2023-05-18,205.0,205.8,203.39999,203.8,492890.0
2023-05-19,200.39999,203.0,200.2,201.0,527810.0
2023-05-22,202.0,202.0,200.0,201.0,351280.0
2023-05-23,200.8,202.8,200.0,200.60001,543870.0
2023-05-24,200.2,202.8,200.2,201.39999,499310.0
2023-05-25,202.0,203.0,200.0,200.0,779320.0
2023-05-26,200.2,201.8,191.0,195.0,2676600.0
2023-05-29,196.0,203.0,195.2,203.0,420130.0
2023-05-30,202.0,202.0,199.0,199.0,619350.0
2023-05-31,198.8,199.0,195.0,195.0,3962970.0
2023-06-01,197.0,202.0,195.10001,201.0,1006970.0
2023-06-02,202.0,203.0,199.0,202.8,1322200.0
2023-06-05,203.0,203.0,199.0,199.0,781140.0
2023-06-06,200.0,203.0,197.10001,201.0,1363620.0
2023-06-07,201.0,202.2,198.7,202.0,1005300.0
2023-06-08,201.60001,202.39999,199.60001,201.8,903820.0
2023-06-09,201.39999,201.60001,198.0,198.0,740480.0
2023-06-13,198.0,201.0,197.5,200.0,519060.0
2023-06-14,197.10001,200.0,195.3,197.0,897300.0
2023-06-15,196.5,196.89999,191.3,194.5,1819100.0
2023-06-16,195.5,202.0,195.10001,202.0,1660330.0
2023-06-19,200.0,201.8,199.0,200.0,308980.0
2023-06-20,200.0,200.0,197.0,200.0,421150.0
2023-06-21,198.0,200.0,197.5,200.0,748860.0
2023-06-22,200.2,201.0,198.5,200.0,722380.0
2023-06-23,200.8,200.8,198.10001,199.7,1138930.0
2023-06-26,200.0,207.39999,200.0,206.0,1324650.0
2023-06-27,206.8,210.0,203.0,209.0,2909670.0
2023-06-29,204.0,206.0,200.2,200.2,882960.0
2023-06-30,200.39999,203.8,200.39999,203.8,721180.0
2023-07-03,202.0,203.8,200.2,200.60001,297830.0
2023-07-04,203.2,204.0,200.0,200.8,900880.0
2023-07-05,201.60001,203.2,198.5,203.0,698020.0
2023-07-06,200.39999,203.0,198.2,198.39999,747640.0
2023-07-07,198.10001,200.39999,196.60001,198.39999,769980.0
2023-07-10,198.39999,200.8,198.39999,200.39999,542410.0
2023-07-11,201.0,203.0,200.2,200.2,642130.0
2023-07-12,201.0,203.0,201.0,202.39999,1103280.0
2023-07-13,203.2,206.2,203.0,205.0,1045950.0
2023-07-14,205.8,209.0,201.39999,209.0,503390.0
2023-07-17,207.8,208.60001,204.39999,205.0,574800.0
2023-07-18,207.60001,207.60001,205.2,207.0,414120.0
2023-07-19,207.0,208.60001,205.39999,207.60001,615180.0
2023-07-20,207.0,209.60001,206.0,206.0,926600.0
2023-07-21,206.2,212.0,206.2,208.2,1051130.0
2023-07-24,208.60001,210.0,204.0,204.0,626270.0
2023-07-25,204.0,207.8,204.0,206.39999,391780.0
2023-07-26,206.39999,207.0,205.0,207.0,407110.0
2023-07-27,206.0,213.0,206.0,213.0,1165200.0
2023-07-28,212.0,212.8,208.0,211.0,509650.0
2023-07-31,211.0,217.0,211.0,217.0,1490630.0
2023-08-01,217.0,217.0,210.2,210.2,1386920.0
2023-08-02,211.0,214.0,205.0,206.0,1633290.0
2023-08-03,206.0,210.0,206.0,208.0,443980.0
2023-08-04,210.60001,210.60001,202.0,202.0,1555970.0
2023-08-07,205.0,208.8,204.39999,208.0,788800.0
2023-08-08,206.2,211.39999,206.0,208.8,1377290.0
2023-08-09,210.0,214.2,207.0,214.2,495950.0
2023-08-10,213.0,213.0,208.0,208.0,1343430.0
2023-08-11,208.0,208.2,204.2,204.2,938850.0
2023-08-14,204.2,206.2,200.2,201.0,447590.0
2023-08-15,201.0,205.8,201.0,205.8,500850.0
2023-08-16,205.60001,216.0,203.2,212.0,1472090.0
2023-08-17,209.39999,215.8,209.39999,215.8,1959200.0
2023-08-18,211.0,215.0,211.0,213.8,664480.0
2023-08-22,212.0,213.0,205.8,205.8,1142960.0
2023-08-23,206.0,207.2,204.2,205.0,1564840.0
2023-08-24,205.0,207.8,205.0,205.0,1108080.0
2023-08-25,205.0,205.39999,204.2,204.8,962240.0
2023-08-29,207.0,213.60001,205.39999,213.60001,1450090.0
2023-08-30,211.2,215.60001,210.39999,212.8,1232880.0
2023-08-31,212.8,213.39999,207.2,207.2,2102810.0
2023-09-01,209.8,210.0,206.0,206.0,511580.0
2023-09-04,208.0,208.0,206.0,206.0,276400.0
2023-09-05,206.2,209.0,204.2,205.0,698660.0
2023-09-06,205.2,207.0,204.60001,205.39999,362640.0
2023-09-07,205.39999,207.0,205.0,206.60001,320970.0
2023-09-08,205.2,209.39999,205.0,209.39999,504330.0
2023-09-11,209.60001,211.0,207.60001,211.0,1592790.0
2023-09-12,210.0,212.8,209.0,209.0,1048100.0
2023-09-13,209.0,209.0,205.39999,207.0,944020.0
2023-09-14,206.2,212.0,206.2,210.0,478010.0
2023-09-15,210.0,212.0,205.0,205.0,1625430.0
2023-09-18,208.0,209.0,205.2,209.0,367300.0
2023-09-19,209.0,209.0,205.0,206.0,158310.0
2023-09-20,206.0,206.0,204.0,204.0,396340.0
2023-09-21,205.0,206.0,202.2,202.8,541340.0
2023-09-22,202.2,204.60001,201.2,203.8,526920.0
2023-09-25,205.0,205.0,202.0,204.0,655130.0
2023-09-26,204.0,205.8,203.2,203.2,489460.0
2023-09-27,204.0,208.60001,203.2,208.60001,894880.0
2023-09-28,208.60001,209.2,204.39999,208.0,794790.0
2023-09-29,208.60001,209.39999,207.0,207.2,961460.0
2023-10-02,207.8,209.8,207.0,207.0,374870.0
2023-10-03,208.60001,208.8,205.60001,208.60001,484870.0
2023-10-04,208.60001,208.60001,205.8,206.8,530400.0
2023-10-05,206.8,208.60001,203.0,203.0,1043870.0
2023-10-06,206.8,207.0,203.0,203.39999,579340.0
2023-10-09,203.39999,205.39999,202.39999,203.39999,246100.0
2023-10-10,205.0,206.60001,203.60001,205.0,357430.0
2023-10-11,205.0,206.60001,201.2,202.0,1982460.0
2023-10-12,202.0,209.0,202.0,203.2,1755110.0
2023-10-13,203.60001,210.8,203.0,209.0,1460830.0
2023-10-16,209.0,210.0,206.0,209.0,377470.0
2023-10-17,209.39999,215.60001,209.39999,215.0,3125750.0
2023-10-18,215.0,216.39999,213.39999,214.2,1838600.0
2023-10-19,213.39999,213.39999,210.0,210.0,552640.0
2023-10-20,213.39999,213.39999,207.2,207.2,838840.0
2023-10-23,206.0,206.0,202.60001,205.0,427730.0
2023-10-24,208.0,208.60001,202.0,202.0,1100120.0
2023-10-25,201.8,202.2,200.2,201.0,1432810.0
2023-10-26,201.0,201.2,197.0,201.0,1055120.0
2023-10-27,201.0,201.0,199.2,199.5,1190330.0
2023-10-31,201.0,205.8,198.10001,201.2,1453750.0
2023-11-03,204.0,209.60001,201.39999,205.0,1194770.0
2023-11-06,205.2,209.0,203.0,209.0,534050.0
2023-11-07,209.0,210.0,206.0,210.0,494770.0
2023-11-08,210.0,210.0,208.2,209.39999,517300.0
2023-11-09,207.8,210.0,207.0,207.0,435470.0
2023-11-10,207.2,208.60001,206.2,208.60001,251330.0
2023-11-13,208.39999,209.0,203.8,205.0,420580.0
2023-11-14,206.0,208.2,202.39999,203.39999,694820.0
2023-11-15,203.39999,208.8,203.39999,208.8,1148630.0
2023-11-16,206.39999,211.0,206.2,211.0,1300950.0
2023-11-17,210.0,212.0,209.0,211.0,938440.0
2023-11-20,212.0,212.39999,209.0,212.0,899270.0
2023-11-21,212.0,214.8,211.60001,214.8,1078910.0
2023-11-22,215.0,218.60001,215.0,218.39999,5072150.0
2023-11-23,218.2,218.39999,215.39999,215.39999,701250.0
2023-11-24,216.8,219.0,215.0,218.39999,1313590.0
2023-11-28,217.0,221.0,217.0,220.0,3057160.0
2023-11-29,220.0,223.60001,219.8,222.8,3880820.0
2023-11-30,223.2,224.2,215.8,215.8,3032210.0
2023-12-01,215.8,219.8,215.8,219.8,575900.0
2023-12-04,219.0,222.0,219.0,220.0,1257820.0
2023-12-05,220.0,228.8,218.60001,228.8,1580390.0
2023-12-06,228.2,235.0,226.0,235.0,3206570.0
2023-12-07,233.8,234.0,228.0,229.0,1282850.0
2023-12-11,228.0,229.8,225.0,229.0,1199780.0
2023-12-12,230.0,232.0,227.39999,232.0,1408730.0
2023-12-13,227.39999,236.39999,227.39999,234.39999,1890870.0
2023-12-14,234.2,235.0,229.2,229.2,2533030.0
2023-12-15,229.2,237.0,229.2,237.0,2945440.0
2023-12-18,238.0,248.60001,237.39999,244.0,2016900.0
2023-12-19,244.2,246.8,240.39999,246.0,1576430.0
2023-12-20,246.0,246.2,239.60001,243.2,2125260.0
2023-12-21,240.0,245.0,236.2,238.0,1043060.0
2023-12-22,240.2,245.0,239.8,240.0,507710.0
2023-12-27,240.39999,247.0,239.0,239.0,727370.0
2023-12-28,239.2,243.8,238.60001,242.2,441920.0
2023-12-29,242.0,246.8,239.0,246.8,991920.0
2024-01-02,241.2,256.0,240.0,256.0,585700.0
2024-01-03,253.60001,253.60001,247.0,249.8,629200.0
2024-01-04,250.0,255.39999,247.2,255.39999,1199800.0
2024-01-05,252.8,255.0,251.0,252.0,828410.0
2024-01-08,252.0,253.0,249.0,249.0,457070.0
2024-01-09,249.0,251.60001,246.39999,246.39999,1185580.0
2024-01-10,246.39999,249.0,241.0,241.0,1246150.0
2024-01-11,237.0,243.60001,236.0,238.39999,1232860.0
2024-01-12,238.60001,245.8,238.60001,245.8,1556060.0
2024-01-15,245.60001,252.39999,243.60001,251.2,1339020.0
2024-01-16,251.2,254.8,245.0,248.39999,1411900.0
2024-01-17,249.0,252.2,247.2,248.0,1417160.0
2024-01-18,250.0,251.8,245.2,247.8,702760.0
2024-01-19,246.2,246.2,236.39999,239.2,10196900.0
2024-01-22,239.60001,242.8,239.0,241.0,713470.0
2024-01-23,241.8,243.39999,239.39999,243.39999,1158500.0
2024-01-24,242.0,246.0,241.0,246.0,1201250.0
2024-01-25,243.0,248.0,241.0,241.0,940460.0
2024-01-26,240.0,240.8,235.0,236.0,1605050.0
2024-01-29,236.0,239.0,235.8,236.0,753380.0
2024-01-30,236.2,240.8,234.2,239.39999,1227850.0
2024-01-31,240.8,244.8,240.39999,243.0,4066900.0
2024-02-01,240.0,246.39999,240.0,243.0,1706980.0
2024-02-02,248.60001,250.60001,246.0,248.0,1625630.0
2024-02-05,250.0,257.79999,250.0,255.8,1832390.0
2024-02-06,256.20001,260.79999,253.39999,259.79999,2192510.0
2024-02-07,261.39999,272.39999,261.39999,270.0,2018160.0
2024-02-08,270.0,280.0,268.0,271.0,2042260.0
2024-02-12,273.0,278.60001,271.0,274.0,1234060.0
2024-02-13,274.79999,275.79999,270.20001,272.0,1924440.0
2024-02-14,272.0,272.0,261.39999,270.0,2006220.0
2024-02-15,270.0,281.39999,270.0,273.0,1090730.0
2024-02-16,275.0,280.0,274.0,280.0,1826840.0
2024-02-19,285.0,288.0,275.20001,276.0,608850.0
2024-02-20,285.0,293.0,280.60001,290.0,2413280.0
2024-02-21,287.39999,288.79999,279.0,280.0,1405160.0
2024-02-22,281.0,285.0,276.20001,276.20001,1584340.0
2024-02-23,279.60001,286.0,279.0,279.0,901010.0
2024-02-26,280.20001,285.79999,278.0,278.0,2045280.0
2024-02-27,275.20001,288.0,275.20001,288.0,1545460.0
2024-02-28,284.60001,286.79999,281.39999,285.0,1187950.0
2024-02-29,283.0,291.39999,283.0,289.0,2987180.0
2024-03-01,288.79999,302.0,283.20001,283.20001,1956670.0
2024-03-04,286.0,305.39999,286.0,300.0,2200340.0
2024-03-05,300.0,303.0,295.39999,295.39999,891240.0
2024-03-06,294.79999,294.79999,288.39999,292.0,964850.0
2024-03-07,292.0,300.0,288.60001,300.0,1174600.0
2024-03-08,300.0,309.79999,295.20001,309.79999,1608220.0
2024-03-11,309.0,309.0,300.79999,301.60001,682850.0
2024-03-12,302.20001,311.39999,302.20001,309.0,783440.0
2024-03-13,307.0,322.0,304.0,316.0,2767570.0
2024-03-14,310.0,315.0,309.0,313.0,1513730.0
2024-03-15,311.0,315.0,303.0,315.0,4328840.0
2024-03-18,313.79999,316.0,307.20001,307.20001,1130210.0
2024-03-19,307.20001,314.79999,304.39999,307.0,2307820.0
2024-03-20,314.0,315.79999,310.20001,314.79999,1148500.0
2024-03-21,316.39999,344.0,316.39999,344.0,1668750.0
2024-03-22,320.0,322.0,316.20001,318.39999,1799210.0
2024-03-25,317.39999,318.79999,316.39999,317.20001,815690.0
2024-03-26,316.0,324.0,316.0,324.0,2672100.0
2024-03-27,328.0,330.0,318.0,318.0,1113150.0
2024-04-01,315.0,320.60001,313.39999,320.0,1774400.0
2024-04-02,330.0,339.60001,322.0,333.0,2347350.0
2024-04-03,332.60001,334.0,323.60001,329.20001,1328550.0
2024-04-04,327.20001,331.0,319.20001,321.0,1036580.0
2024-04-05,329.0,330.0,322.20001,326.0,1134520.0
2024-04-08,329.0,329.0,323.20001,326.0,608030.0
2024-04-11,330.0,332.60001,327.20001,329.0,867550.0
2024-04-12,330.0,332.0,329.0,330.0,1407180.0
2024-04-15,330.0,332.0,324.39999,326.0,1633510.0
2024-04-16,315.20001,316.79999,312.20001,314.20001,2288390.0
2024-04-17,314.20001,321.0,313.0,315.0,1236520.0
2024-04-18,315.79999,334.0,315.79999,331.0,1710520.0
2024-04-19,325.0,337.0,323.20001,328.39999,754950.0
2024-04-22,333.79999,334.79999,325.0,325.0,674820.0
2024-04-23,325.79999,330.0,324.0,328.0,1514660.0
2024-04-24,332.0,334.60001,327.0,330.0,826950.0
2024-04-25,331.0,331.0,327.39999,329.60001,795980.0
2024-04-26,329.79999,332.0,326.39999,326.39999,680510.0
2024-04-29,325.0,336.60001,324.0,336.20001,1330430.0
2024-04-30,336.0,341.39999,331.0,331.0,1622540.0
2024-05-02,330.20001,348.20001,330.20001,348.0,1846020.0
2024-05-03,347.79999,348.79999,342.0,342.0,886100.0
2024-05-06,344.79999,352.0,342.79999,347.0,740520.0
2024-05-07,348.0,354.0,347.79999,350.20001,2539220.0
2024-05-08,338.0,359.0,338.0,359.0,2566240.0
2024-05-09,358.79999,359.0,349.0,354.0,971110.0
2024-05-10,354.39999,357.79999,345.60001,345.60001,577190.0
2024-05-13,350.0,363.79999,349.39999,361.0,1690030.0
2024-05-14,356.39999,358.79999,352.0,353.39999,1462800.0
2024-05-15,347.0,353.20001,345.20001,349.0,1225440.0
2024-05-16,348.0,348.79999,340.20001,345.79999,1676630.0
2024-05-17,345.0,345.60001,334.0,334.0,1534240.0
2024-05-20,330.0,340.39999,329.60001,339.39999,1127350.0
2024-05-21,344.0,348.0,340.60001,347.0,1653780.0
2024-05-22,339.20001,354.0,337.39999,354.0,1807300.0
2024-05-23,350.79999,351.60001,348.20001,351.20001,819360.0
2024-05-24,351.0,353.0,348.39999,353.0,796920.0
2024-05-27,354.0,354.20001,346.60001,350.0,601670.0
2024-05-28,350.79999,351.0,338.39999,338.60001,1306050.0
2024-05-29,334.0,336.0,327.0,329.60001,1985430.0
2024-05-30,329.79999,331.60001,327.39999,329.60001,1343470.0
2024-05-31,329.60001,341.60001,321.39999,341.60001,5232540.0
2024-06-03,338.0,344.60001,332.20001,338.0,1074230.0
2024-06-04,345.0,345.60001,333.39999,333.60001,1612070.0
2024-06-05,335.0,338.39999,333.39999,335.0,1508240.0
2024-06-06,342.0,354.20001,335.60001,353.79999,2976540.0
2024-06-07,352.0,357.0,350.0,354.39999,1617680.0
2024-06-10,350.0,353.0,345.0,350.0,1229050.0
2024-06-11,350.0,350.0,341.20001,341.20001,1210160.0
2024-06-13,341.0,341.60001,329.0,340.0,2587890.0
2024-06-14,341.0,344.0,337.39999,339.60001,646750.0
2024-06-18,335.0,339.39999,334.0,338.0,827850.0
2024-06-19,339.60001,344.0,338.20001,341.0,312080.0
2024-06-20,340.0,341.0,331.0,334.60001,865330.0
2024-06-21,336.20001,339.79999,316.0,316.0,2634270.0
2024-06-24,319.79999,331.0,315.79999,331.0,3379440.0
2024-06-25,334.60001,347.0,332.0,346.0,1459870.0
2024-06-26,347.0,349.79999,341.79999,349.79999,748160.0
2024-06-27,344.20001,349.0,344.20001,348.0,1131460.0
2024-06-28,348.0,349.79999,339.0,349.79999,1427050.0
2024-07-01,349.79999,350.20001,345.20001,349.0,595420.0
2024-07-02,348.60001,353.60001,344.60001,352.0,878270.0
2024-07-03,349.79999,359.79999,349.79999,359.79999,1332120.0
2024-07-04,359.60001,371.60001,352.0,369.0,990800.0
2024-07-05,367.0,373.60001,359.0,360.0,675800.0
2024-07-08,362.79999,365.0,355.0,355.0,653310.0
2024-07-09,359.20001,361.60001,352.0,360.0,907330.0
2024-07-10,355.20001,361.60001,355.0,356.39999,424660.0
2024-07-11,356.60001,360.79999,354.39999,360.0,861540.0
2024-07-12,361.0,370.79999,358.20001,368.0,984680.0
2024-07-15,366.0,374.0,363.20001,363.20001,764730.0
2024-07-16,369.0,370.20001,362.0,362.0,722030.0
2024-07-17,362.79999,367.0,359.0,364.39999,511740.0
2024-07-18,366.79999,366.79999,362.60001,363.0,458030.0
2024-07-19,367.0,369.79999,363.20001,369.79999,864470.0
2024-07-22,361.39999,365.39999,355.79999,355.79999,835120.0
2024-07-23,357.20001,363.0,356.20001,362.79999,720920.0
2024-07-25,360.0,360.0,351.20001,353.79999,1245400.0
2024-07-26,354.60001,357.0,352.20001,355.0,1033760.0
2024-07-29,354.0,359.79999,350.0,350.0,1550480.0
2024-07-30,350.39999,353.39999,348.0,353.0,985040.0
2024-07-31,351.20001,356.0,350.60001,356.0,1054530.0
2024-08-01,356.0,360.0,353.60001,360.0,759450.0
2024-08-02,359.0,359.0,344.0,350.0,3690450.0
2024-08-05,349.0,349.0,342.20001,348.0,1685420.0
2024-08-06,341.0,348.0,338.0,348.0,2095700.0
2024-08-07,346.20001,352.0,343.0,352.0,1492310.0
2024-08-08,353.0,359.79999,350.0,357.0,1331190.0
2024-08-09,355.20001,361.0,355.0,357.79999,714560.0
2024-08-12,356.20001,365.0,356.20001,365.0,680070.0
2024-08-13,369.0,370.0,363.0,367.0,1664160.0
2024-08-14,370.0,374.0,365.0,369.0,1341860.0
2024-08-15,369.0,380.0,366.0,374.0,791550.0
2024-08-16,371.0,407.79999,371.0,395.0,2968620.0
2024-08-19,399.79999,408.0,394.60001,396.0,2765760.0
2024-08-20,405.0,421.0,402.0,412.0,3553160.0
2024-08-21,411.0,419.0,407.0,411.0,1816860.0
2024-08-22,412.20001,423.79999,412.20001,417.20001,1662400.0
2024-08-27,410.20001,417.0,404.60001,408.39999,1548750.0
2024-08-28,410.0,414.60001,405.20001,405.20001,608700.0
2024-08-29,404.20001,404.20001,395.79999,403.0,1228950.0
2024-08-30,400.0,410.0,396.20001,396.20001,3479150.0
2024-09-02,400.0,408.0,395.79999,405.0,1015640.0
2024-09-03,405.60001,407.0,397.0,398.60001,1455320.0
2024-09-04,397.39999,398.0,387.39999,398.0,1325910.0
2024-09-05,394.0,407.0,394.0,404.0,1100660.0
2024-09-06,398.0,402.39999,397.0,400.0,1173940.0
2024-09-09,401.0,410.0,401.0,402.0,598360.0
2024-09-10,402.6,419.8,402.6,407.0,1535060.0
2024-09-11,408.0,416.2,407.0,407.2,990320.0
2024-09-12,415.0,419.4,408.2,418.6,1079640.0
2024-09-13,418.6,422.0,411.0,411.0,1477230.0
2024-09-16,411.0,414.8,410.6,413.4,962810.0
2024-09-17,409.0,411.6,404.0,405.0,1786430.0
2024-09-18,404.8,408.6,401.0,404.0,1700990.0
2024-09-19,404.0,408.8,400.4,402.8,1898830.0
2024-09-20,403.2,408.0,402.0,403.4,2262360.0
2024-09-23,403.8,417.2,403.8,414.0,1540540.0
2024-09-24,414.0,416.4,407.2,413.0,1568630.0
2024-09-25,413.2,417.0,408.6,410.0,1810910.0
2024-09-26,410.0,411.0,408.0,410.0,1794140.0
2024-09-27,397.8,410.0,397.2,410.0,1856480.0
2024-09-30,408.2,410.8,402.8,404.0,1923640.0
2024-10-01,401.0,407.6,401.0,404.4,1418290.0
2024-10-02,402.0,419.2,401.0,416.2,1086940.0
2024-10-03,417.0,422.0,412.0,412.0,1318280.0
2024-10-04,412.0,420.0,410.8,420.0,1172750.0
2024-10-07,417.0,446.0,417.0,429.0,1190210.0
2024-10-08,429.0,438.0,425.6,438.0,1201710.0
2024-10-09,435.8,438.0,429.8,429.8,1175590.0
2024-10-10,416.0,425.0,416.0,420.4,1591190.0
2024-10-11,418.0,418.6,404.2,407.8,1198430.0
2024-10-14,407.0,413.0,402.0,402.0,774720.0
2024-10-15,405.0,409.8,404.6,408.4,1718670.0
2024-10-16,408.4,413.4,407.0,407.0,680460.0
2024-10-17,412.6,415.4,408.4,408.4,1064490.0
2024-10-18,409.0,412.0,402.0,409.0,1448510.0
2024-10-21,406.0,414.0,403.4,408.4,614420.0
2024-10-22,412.0,417.4,410.0,417.4,692730.0
2024-10-23,415.4,416.8,405.4,407.0,876520.0
2024-10-24,408.0,410.2,405.4,409.0,392160.0
2024-10-25,406.0,412.8,406.0,412.8,416510.0
2024-10-28,408.0,414.0,407.2,413.8,611200.0
2024-10-29,413.8,414.0,408.2,413.0,1023210.0
2024-10-30,409.0,415.0,404.4,415.0,1882050.0
2024-10-31,410.0,410.4,396.0,396.0,1886320.0
2024-11-04,396.0,405.0,396.0,405.0,784540.0
2024-11-05,402.0,409.6,401.2,409.0,635770.0
2024-11-06,409.0,411.8,395.2,395.2,1762720.0
2024-11-07,398.0,400.0,366.0,400.0,8120100.0
2024-11-08,395.0,395.0,387.0,392.6,816000.0
2024-11-11,387.0,391.4,381.2,390.0,940670.0
2024-11-12,388.6,392.4,380.2,380.2,1105990.0
2024-11-13,380.2,385.6,378.0,378.0,2370190.0
2024-11-14,377.0,383.6,370.0,380.0,1762820.0
2024-11-15,375.0,387.0,375.0,383.0,1153140.0
2024-11-18,386.0,390.0,378.2,383.0,1082780.0
2024-11-19,383.0,398.6,383.0,393.8,1101860.0
2024-11-20,397.0,399.0,390.0,399.0,1037900.0
2024-11-21,399.0,414.6,395.0,408.0,1358660.0
2024-11-22,397.6,403.4,390.2,397.0,365600.0
2024-11-25,404.0,415.0,394.0,415.0,2749410.0
2024-11-26,409.0,409.0,390.0,390.0,1535210.0
2024-11-27,395.0,395.0,380.6,385.0,1479660.0
2024-11-28,381.6,385.0,373.0,385.0,2996260.0
2024-11-29,378.4,385.4,370.0,370.0,2190910.0
2024-12-02,370.4,394.6,370.4,390.0,1226690.0
2024-12-03,395.4,396.6,385.0,394.0,2018120.0
2024-12-04,395.0,396.0,386.0,396.0,824520.0
2024-12-05,389.4,394.0,384.2,385.2,1463070.0
2024-12-06,384.8,394.4,384.8,391.0,845220.0
2024-12-09,386.2,395.8,386.2,395.0,1123120.0
2024-12-10,406.8,409.0,395.0,404.8,1255170.0
2024-12-11,402.0,404.8,387.0,388.0,894280.0
2024-12-12,385.2,399.8,380.8,395.0,1645890.0
2024-12-13,390.2,397.6,387.0,397.0,529910.0
2024-12-16,400.0,400.0,390.4,400.0,615260.0
2024-12-17,391.0,399.0,382.4,385.4,2229130.0
2024-12-18,390.0,390.0,375.0,389.0,1188800.0
2024-12-19,383.0,391.0,377.0,385.0,1088010.0
2024-12-20,389.8,391.6,383.2,390.0,2821230.0
2024-12-23,390.0,398.0,385.2,398.0,1536130.0
2024-12-26,391.4,397.0,384.6,390.0,538600.0
2024-12-27,394.0,397.6,384.0,386.0,1426430.0
2025-01-02,390.0,399.0,387.6,399.0,953960.0
2025-01-03,398.8,405.8,395.4,399.4,1182250.0
2025-01-06,403.0,411.6,402.0,410.6,1946440.0
2025-01-07,408.0,410.2,400.0,400.0,1054500.0
2025-01-08,404.0,404.8,397.0,397.0,745680.0
2025-01-09,398.0,400.0,392.2,399.4,539020.0
2025-01-10,399.4,400.0,397.2,399.0,955460.0
2025-01-13,399.0,399.0,389.0,392.2,620390.0
2025-01-14,388.0,394.8,383.0,389.2,788000.0
2025-01-15,392.0,397.0,389.2,395.0,1153740.0
2025-01-16,395.0,399.0,391.2,394.0,1042110.0
2025-01-17,395.0,403.2,394.6,399.0,1228900.0
2025-01-20,397.0,400.0,395.0,396.0,565940.0
2025-01-21,393.2,398.4,388.0,390.0,797620.0
2025-01-22,390.0,395.8,388.0,395.0,625200.0
2025-01-23,395.0,397.6,389.4,390.2,1641890.0
2025-01-24,390.0,392.8,385.0,385.2,1131100.0
2025-01-27,386.2,387.4,374.4,375.0,2735040.0
2025-01-28,380.4,380.8,349.0,349.2,2260490.0
2025-01-30,350.0,361.8,340.0,351.0,2334320.0
2025-01-31,357.0,357.0,345.4,350.0,2722330.0
2025-02-03,356.0,359.0,341.0,341.0,1285630.0
2025-02-04,347.0,368.6,347.0,367.0,1818380.0
2025-02-05,366.0,379.0,366.0,378.0,1775090.0
2025-02-06,377.4,377.4,365.8,370.2,1000070.0
2025-02-07,375.0,375.0,358.0,358.2,1499820.0
2025-02-10,358.4,367.2,345.0,348.6,1727750.0
2025-02-11,346.0,347.0,331.4,332.0,3308440.0
2025-02-12,329.0,342.2,321.0,340.0,2974740.0
2025-02-13,338.0,355.6,336.2,355.0,1897610.0
2025-02-14,350.0,352.2,341.2,344.8,1432700.0
2025-02-17,340.0,354.6,335.0,350.0,1671820.0
2025-02-18,342.0,353.0,342.0,350.0,909950.0
2025-02-19,344.2,348.4,343.2,347.0,1624950.0
2025-02-20,341.0,346.0,337.2,346.0,1291100.0
2025-02-21,339.6,348.0,339.6,345.0,1117530.0
2025-02-24,345.0,346.6,335.8,340.4,1327930.0
2025-02-25,340.6,346.4,338.4,340.0,1128720.0
2025-02-26,339.0,345.0,337.6,340.0,1244340.0
2025-02-27,340.0,345.0,338.6,340.0,933580.0
2025-02-28,344.0,349.8,338.6,349.8,1992340.0
2025-03-03,345.2,349.4,339.0,340.0,1450780.0
2025-03-04,337.6,343.2,330.0,340.0,1580030.0
2025-03-05,337.0,343.6,331.4,337.0,3219440.0
2025-03-06,339.0,367.2,339.0,356.0,1569130.0
2025-03-07,359.8,386.0,359.8,385.0,3140150.0
2025-03-10,385.0,390.0,376.6,390.0,2838250.0
2025-03-11,383.0,386.0,364.0,369.0,2030160.0
2025-03-12,367.0,370.2,359.0,364.4,1049890.0
2025-03-13,370.0,379.8,365.0,376.0,794330.0
2025-03-14,376.0,383.0,371.2,381.0,673230.0
2025-03-17,385.0,395.0,384.8,393.0,2060590.0
2025-03-18,395.0,395.0,385.2,385.2,1229680.0
2025-03-19,375.0,381.0,370.0,374.0,1022060.0
2025-03-20,374.0,379.8,373.0,374.0,544060.0
2025-03-21,380.0,384.4,371.0,371.0,2403400.0
2025-03-24,372.0,379.8,360.0,360.0,913980.0
2025-03-25,367.8,374.8,352.0,363.2,1307690.0
2025-03-26,365.0,374.0,358.6,374.0,877880.0
2025-03-27,376.2,377.0,363.4,367.0,857510.0
2025-03-28,368.0,372.8,364.2,370.0,547100.0
2025-03-31,368.2,368.2,355.0,355.0,1759110.0
2025-04-02,365.0,374.6,360.2,361.6,1191890.0
2025-04-03,364.0,369.8,351.2,353.0,1714380.0
2025-04-04,350.0,351.8,336.8,336.8,2352400.0
2025-04-07,318.0,321.0,311.0,320.0,12818920.0
2025-04-08,319.0,348.0,319.0,348.0,1597530.0
2025-04-10,374.0,374.0,340.0,340.0,2801650.0
2025-04-11,344.0,352.0,335.0,340.0,1364320.0
2025-04-14,352.8,358.0,346.0,354.6,839380.0
2025-04-15,353.0,358.6,349.6,354.0,1700680.0
2025-04-16,350.0,353.2,338.8,340.2,1556310.0
2025-04-21,340.4,344.0,337.2,340.0,421220.0
2025-04-22,340.0,344.8,339.0,339.0,407600.0
2025-04-23,341.0,353.0,331.6,353.0,7519850.0
2025-04-24,350.0,350.0,339.0,340.0,1377380.0
2025-04-25,343.0,352.2,342.4,350.0,1130600.0
2025-04-28,354.6,360.0,348.2,360.0,949760.0
2025-04-29,362.0,362.0,348.4,350.0,924330.0
2025-04-30,350.0,356.0,340.2,340.2,2363790.0
2025-05-02,343.8,359.6,341.6,358.4,1085090.0
2025-05-05,355.2,366.0,351.0,353.4,824070.0
2025-05-06,353.4,383.0,351.6,375.0,2064110.0
2025-05-07,380.0,398.6,378.0,383.0,4047360.0
2025-05-08,386.0,398.0,385.4,385.4,2875460.0
2025-05-09,396.0,396.0,384.8,385.0,3460570.0
2025-05-13,399.0,410.2,391.0,407.0,2259680.0
2025-05-14,411.8,416.4,406.2,411.0,1718860.0
2025-05-15,409.0,409.0,401.2,407.0,1111900.0
2025-05-16,405.0,410.0,402.4,410.0,2068070.0
2025-05-19,417.0,427.0,413.4,416.0,2750680.0
2025-05-20,413.6,413.6,399.4,400.0,2614840.0
2025-05-21,399.0,404.0,397.4,400.2,2294470.0
2025-05-22,397.2,404.0,392.0,400.0,1157980.0
2025-05-23,408.8,414.2,400.2,404.0,2834410.0
2025-05-26,402.0,407.0,399.2,405.6,467020.0
2025-05-27,403.0,406.2,401.8,404.8,528680.0
2025-05-28,407.0,412.4,407.0,410.2,2075190.0
2025-05-29,417.0,417.8,411.2,412.2,797620.0
2025-05-30,412.2,417.0,405.0,410.0,4953540.0
2025-06-02,406.0,413.0,405.0,412.0,800510.0
2025-06-03,412.0,419.8,410.8,415.0,1481550.0
2025-06-04,424.4,425.8,411.0,411.0,1635090.0
2025-06-05,412.2,419.4,408.2,409.0,1498410.0
2025-06-09,409.6,414.8,409.6,413.6,421180.0
2025-06-10,411.0,414.8,408.4,414.0,1329160.0
2025-06-11,416.0,417.0,406.2,415.0,985170.0
2025-06-13,425.0,427.0,415.0,415.0,2013950.0
2025-06-16,418.0,418.6,410.8,416.0,746570.0
2025-06-17,422.0,422.8,415.0,416.0,964930.0
2025-06-18,416.0,420.0,413.2,419.0,741500.0
2025-06-19,419.0,422.6,418.2,418.2,233330.0
2025-06-20,418.0,426.0,416.0,426.0,1477120.0
2025-06-23,415.6,419.6,413.0,415.6,764300.0
2025-06-24,414.0,420.8,414.0,414.6,547740.0
2025-06-25,418.0,422.0,415.0,417.0,525470.0
2025-06-26,421.0,422.4,413.0,413.0,1095110.0
2025-06-27,414.0,420.6,413.0,420.6,923640.0
2025-06-30,416.0,420.8,411.0,411.0,1702720.0
2025-07-01,413.0,416.0,405.4,413.0,892900.0
2025-07-02,412.0,416.8,411.4,415.0,1953510.0
2025-07-03,411.6,422.0,411.4,419.0,594460.0
2025-07-04,422.6,425.0,415.4,419.0,507250.0
2025-07-07,422.0,424.8,417.8,418.8,720180.0
2025-07-08,418.0,425.8,417.8,425.8,1409010.0
2025-07-09,426.2,450.0,426.2,441.0,2194440.0
2025-07-10,443.0,453.6,443.0,445.0,2683360.0
2025-07-11,441.6,448.6,420.0,440.0,1982360.0
2025-07-14,448.0,452.8,443.2,446.0,2734930.0
2025-07-15,445.8,450.0,439.0,443.6,840130.0
2025-07-16,445.0,446.2,439.0,443.0,1268360.0
2025-07-17,447.8,449.4,442.0,445.0,2151910.0
2025-07-18,445.0,450.0,436.2,438.0,1221970.0
2025-07-21,440.0,445.0,436.8,445.0,994150.0
2025-07-22,446.0,446.8,442.2,443.0,448790.0
2025-07-23,443.0,473.6,443.0,473.6,1532760.0
2025-07-24,465.0,471.0,455.0,460.0,2023740.0
2025-07-25,467.0,468.0,457.2,460.0,592210.0
2025-07-28,460.0,469.0,459.0,466.0,1481340.0
2025-07-29,466.0,468.8,447.0,447.0,1194340.0
2025-07-30,445.0,450.8,445.0,445.6,1800980.0
2025-07-31,445.0,452.0,444.6,448.0,1949740.0
2025-08-01,448.0,468.0,447.2,455.0,459960.0
2025-08-04,455.0,459.6,450.0,455.0,904710.0
2025-08-05,456.0,461.8,452.0,460.0,768740.0
2025-08-06,460.0,499.0,460.0,481.0,3079380.0
2025-08-07,488.0,494.0,478.8,494.0,2568390.0
2025-08-08,489.0,496.0,487.2,488.0,1447940.0
2025-08-11,490.0,493.6,482.0,489.0,1879290.0
2025-08-12,490.0,494.8,488.4,494.0,1932340.0
2025-08-13,485.4,491.4,485.4,490.0,2248860.0
2025-08-14,494.0,494.8,481.0,481.0,1614880.0
2025-08-15,487.0,488.4,482.0,485.0,1442110.0
2025-08-18,485.0,487.8,481.2,485.6,1298800.0
2025-08-19,482.6,482.8,466.8,475.0,2041620.0
2025-08-20,479.0,491.4,476.6,489.8,1689920.0
2025-08-22,496.0,496.2,482.2,489.8,2417520.0
2025-08-26,484.6,489.8,453.2,453.2,2750760.0
2025-08-27,471.0,487.0,468.2,485.0,2228720.0
2025-08-28,485.0,485.0,479.0,480.0,1512800.0
2025-08-29,470.0,483.0,470.0,483.0,1256170.0
2025-09-01,486.0,486.0,476.0,481.0,379510.0
2025-09-02,481.0,481.0,473.0,480.0,399770.0
2025-09-03,477.0,481.0,470.8,472.0,681120.0
2025-09-04,478.6,478.8,472.2,475.0,607930.0
2025-09-05,480.2,490.6,479.0,487.8,1122380.0
2025-09-08,488.0,494.0,482.4,482.4,782250.0
2025-09-09,482.6,489.0,482.4,489.0,896430.0
2025-09-10,492.0,493.0,473.6,474.2,1468440.0
2025-09-11,480.2,482.0,474.2,480.0,978340.0
2025-09-12,480.0,485.0,479.2,481.4,939170.0
2025-09-15,483.0,491.0,483.0,489.8,1306210.0
2025-09-16,489.0,496.8,486.4,491.0,1250970.0
2025-09-17,495.8,514.5,494.4,507.0,2824990.0
2025-09-18,501.0,517.5,497.0,507.0,1291260.0
2025-09-19,515.0,520.0,508.0,509.0,3035550.0
2025-09-22,504.0,513.0,500.0,508.0,721280.0
2025-09-23,509.0,518.5,497.0,499.0,1016310.0
2025-09-24,500.0,507.0,498.8,500.0,853730.0
2025-09-25,505.0,508.0,499.0,499.0,683000.0
2025-09-26,506.0,506.0,492.6,494.0,1089220.0
2025-09-29,498.0,499.6,478.2,481.0,921430.0
2025-09-30,475.2,484.8,471.2,471.6,2277040.0
2025-10-01,475.0,494.0,473.0,486.0,1662450.0
2025-10-02,483.4,487.6,480.2,486.0,1542680.0
2025-10-03,494.4,513.0,487.4,512.0,2216930.0
2025-10-06,510.0,511.0,503.0,508.0,1784520.0
2025-10-07,508.0,515.5,507.0,512.5,958050.0
2025-10-08,516.5,536.5,514.0,528.0,2095670.0
2025-10-09,528.0,536.0,525.0,526.0,1490970.0
2025-10-10,523.0,534.0,522.0,526.0,734890.0
2025-10-13,526.0,555.0,526.0,545.0,1979090.0
2025-10-14,545.5,560.0,531.0,537.0,2074390.0
2025-10-15,545.0,553.0,535.0,550.0,2038290.0
2025-10-16,551.0,555.0,540.0,540.0,1288660.0
2025-10-17,550.0,550.5,542.0,542.5,862430.0
2025-10-20,551.0,555.0,539.0,539.0,742630.0
2025-10-21,551.0,556.0,546.0,550.0,1354130.0
2025-10-22,550.0,554.5,540.0,540.0,695300.0
2025-10-23,537.0,553.0,533.5,553.0,806400.0
2025-10-24,552.0,554.0,543.5,545.0,711140.0
2025-10-27,550.0,550.0,528.0,535.0,890340.0
2025-10-28,535.0,543.0,533.0,540.0,564690.0
2025-10-29,541.0,542.5,530.0,531.5,1117130.0
2025-10-30,526.0,534.0,515.5,530.0,1255450.0
2025-11-03,485.0,529.0,480.0,529.0,4000780.0
2025-11-04,535.0,539.5,520.0,526.0,1820240.0
2025-11-05,537.5,538.0,515.5,523.0,1174980.0
2025-11-06,525.0,537.5,518.5,525.0,1417520.0
2025-11-07,510.0,540.0,510.0,540.0,1931690.0
2025-11-10,541.0,548.0,527.0,530.0,1419400.0
2025-11-11,537.0,539.5,530.0,534.0,788970.0
2025-11-12,541.0,552.5,534.5,552.5,1855240.0
2025-11-13,550.0,574.0,543.0,558.5,1972640.0
2025-11-14,559.0,571.5,543.0,543.0,1692830.0
2025-11-17,550.0,564.0,545.0,560.0,2283770.0
2025-11-18,567.5,567.5,547.0,547.0,921450.0
2025-11-19,540.0,549.5,540.0,542.5,817350.0
2025-11-20,541.0,549.5,532.0,549.5,1567530.0
2025-11-21,539.0,555.5,533.5,555.0,1860110.0
2025-11-24,551.0,556.5,541.0,550.0,3048800.0
2025-11-25,551.5,559.0,546.0,546.0,924000.0
2025-11-26,550.0,558.0,548.0,556.0,1172160.0
2025-11-27,556.0,556.0,542.0,546.0,490400.0
2025-11-28,551.5,552.5,542.5,542.5,600110.0
2025-12-01,551.5,565.0,547.5,547.5,1001710.0
2025-12-02,554.5,565.0,551.0,565.0,1306560.0
2025-12-03,570.0,570.0,545.0,545.0,1658170.0
2025-12-04,550.0,560.0,549.5,550.5,826420.0
2025-12-05,557.0,589.5,553.0,587.0,1616120.0
2025-12-09,599.0,602.5,585.0,600.0,2745420.0
2025-12-10,609.5,609.5,592.0,598.0,994400.0
2025-12-11,599.0,612.0,599.0,608.0,1535780.0
2025-12-12,610.0,614.5,601.5,610.0,951360.0
2025-12-15,600.0,604.5,580.5,581.0,1513170.0
2025-12-16,584.0,594.0,567.0,567.0,1284860.0
2025-12-17,582.0,591.5,575.5,577.0,2206130.0
2025-12-18,579.5,585.0,575.5,576.0,1155770.0
2025-12-19,583.0,589.0,549.5,549.5,5309160.0
2025-12-22,557.0,574.5,555.0,574.5,1373050.0
2025-12-23,575.5,576.5,559.5,565.0,1017190.0
2025-12-26,570.0,574.0,563.0,570.0,677350.0
2025-12-29,570.0,576.0,566.0,567.0,461830.0
2026-01-02,566.5,568.5,555.0,555.5,1222880.0
2026-01-05,556.0,582.0,556.0,570.5,1144730.0
2026-01-06,575.5,603.0,575.5,603.0,1449650.0
2026-01-07,594.0,609.5,586.5,590.0,1971550.0
2026-01-08,593.0,617.5,592.5,615.0,1276990.0
2026-01-09,618.0,630.0,615.0,625.0,1785190.0
2026-01-12,625.0,633.0,621.0,626.0,980050.0
2026-01-13,625.5,631.0,615.0,630.0,1482910.0
2026-01-14,620.5,629.5,608.5,608.5,1690680.0
2026-01-15,609.0,628.0,603.5,628.0,1291320.0
2026-01-16,625.0,630.0,611.5,611.5,1089840.0
2026-01-19,617.5,626.0,606.5,620.0,1289200.0
2026-01-20,620.0,630.0,615.0,630.0,1572310.0
2026-01-21,618.0,630.0,618.0,625.0,1436350.0
2026-01-22,627.0,640.0,621.0,630.0,1995500.0
2026-01-23,630.0,635.0,619.0,623.0,1319790.0
2026-01-26,626.5,632.0,604.5,604.5,1362330.0
2026-01-27,611.0,624.0,609.5,619.5,2815600.0
2026-01-28,611.0,645.0,611.0,645.0,1813940.0
2026-01-29,650.0,650.0,624.0,629.0,1761270.0
2026-01-30,638.0,649.0,632.5,642.0,3191440.0
2026-02-02,653.0,659.0,643.5,655.0,1705530.0
2026-02-03,657.0,678.5,653.0,668.0,2550040.0
2026-02-04,669.0,669.0,657.5,658.5,2007410.0
2026-02-05,664.5,666.0,656.0,660.5,1032820.0
2026-02-06,655.0,662.5,653.5,661.0,1330430.0
2026-02-09,662.0,666.0,630.0,630.0,1296830.0
2026-02-10,640.0,670.0,640.0,670.0,1595420.0
2026-02-11,680.0,680.0,666.0,670.0,3082010.0
2026-02-12,675.0,689.0,671.0,689.0,2048540.0
2026-02-13,687.0,687.0,653.0,658.0,2271680.0
2026-02-16,661.0,663.0,648.5,660.0,554320.0
2026-02-18,665.0,674.5,665.0,671.5,1285840.0
2026-02-19,678.0,678.0,663.0,670.0,817840.0
2026-02-20,665.0,680.0,662.5,680.0,589210.0
2026-02-23,680.0,685.0,672.0,672.0,898850.0
2026-02-24,678.0,695.5,672.0,694.0,1967270.0
2026-02-25,698.0,738.0,691.0,733.0,2834400.0
2026-02-26,728.0,731.5,715.0,718.0,2341070.0
2026-02-27,707.0,718.0,697.0,718.0,3207510.0
2026-03-02,684.0,705.0,679.0,680.0,3055520.0
2026-03-03,682.0,709.0,682.0,709.0,2453920.0
2026-03-04,704.0,715.0,685.5,715.0,1718640.0
2026-03-05,712.0,728.0,696.0,728.0,1649770.0
2026-03-06,723.0,736.0,705.0,718.0,1616710.0
2026-03-09,694.0,694.0,667.0,687.5,2041830.0
2026-03-10,700.0,719.0,690.5,710.0,2494010.0
2026-03-11,725.0,733.5,720.0,730.0,2289100.0
2026-03-12,725.0,730.0,691.0,695.0,2798100.0
2026-03-13,683.0,699.0,679.5,685.0,1627910.0
2026-03-16,680.0,695.0,675.5,695.0,1437360.0
2026-03-17,700.0,705.0,691.5,704.0,1627610.0
2026-03-18,690.0,703.0,686.0,702.0,1435030.0
2026-03-19,683.0,700.0,681.5,700.0,1790430.0
2026-03-23,680.0,698.0,674.5,698.0,2439510.0
2026-03-24,691.5,698.0,686.0,686.0,1541580.0
2026-03-25,695.0,712.5,692.0,704.5,1732800.0
2026-03-26,709.0,709.0,696.0,696.0,1096760.0
2026-03-27,690.0,697.5,681.0,693.0,668370.0
2026-03-30,685.0,693.0,681.5,693.0,2055500.0
2026-03-31,685.0,698.0,685.0,688.0,2785610.0
2026-04-01,700.0,709.5,690.0,695.0,1381600.0
2026-04-06,700.0,702.0,683.0,685.0,773000.0
2026-04-07,682.0,692.5,681.0,685.0,1206360.0
2026-04-08,699.0,701.5,690.5,699.0,1078040.0
2026-04-10,712.5,721.5,707.0,720.0,1946110.0
2026-04-13,711.0,734.0,707.0,734.0,1304590.0
2026-04-14,725.0,737.0,720.0,720.0,1434610.0
2026-04-15,729.0,737.0,725.0,735.0,2223460.0
2026-04-16,740.0,744.5,715.0,715.0,2601700.0
2026-04-17,715.0,727.5,708.5,709.5,1176430.0
2026-04-20,718.5,723.0,709.0,715.0,1642620.0
2026-04-21,718.0,722.0,700.0,700.0,3156450.0
2026-04-22,700.5,716.0,700.5,706.0,868100.0
2026-04-23,713.0,713.0,698.5,710.0,2341890.0
2026-04-24,713.0,720.0,710.0,710.0,980370.0
2026-04-27,715.0,719.0,710.5,712.0,482520.0
2026-04-28,714.0,714.0,705.0,706.0,1177760.0
2026-04-29,714.5,724.5,713.0,720.0,1567630.0
2026-04-30,710.0,724.5,710.0,710.0,1976960.0
2026-05-04,717.5,753.0,710.0,753.0,1817350.0
2026-05-05,750.0,775.0,745.0,747.0,1161360.0
2026-05-06,766.5,785.0,754.5,785.0,2875210.0
2026-05-07,801.5,819.5,780.0,785.0,2783270.0
2026-05-08,789.0,797.0,770.0,770.0,1848770.0
2026-05-11,780.0,789.5,778.5,780.0,933540.0
2026-05-12,780.0,789.5,780.0,785.0,1866830.0
2026-05-13,799.0,799.0,782.5,785.0,1625740.0
2026-05-14,787.0,799.0,787.0,792.0,774020.0
2026-05-15,794.0,805.0,792.0,805.0,1535910.0
2026-05-18,809.5,814.0,797.0,800.0,1123340.0
2026-05-19,798.0,803.0,792.5,794.5,1276680.0
2026-05-20,800.0,810.0,788.0,800.0,1393110.0
2026-05-21,810.0,822.5,804.0,817.0,2094900.0
2026-05-22,831.5,840.0,810.0,815.5,1015350.0
2026-05-25,824.0,842.0,819.5,826.0,671840.0
2026-05-26,822.0,835.0,792.5,799.0,1223080.0
2026-05-28,795.5,798.0,785.0,790.0,1320010.0
2026-05-29,788.0,799.0,752.5,752.5,6786420.0
2026-06-01,781.0,797.0,777.0,780.0,2133980.0
2026-06-02,783.0,830.0,778.0,830.0,2037460.0
2026-06-03,840.0,892.0,832.0,875.0,2741680.0
2026-06-04,875.0,881.5,841.0,849.5,2305230.0
2026-06-05,852.0,877.5,843.0,855.0,2297580.0
2026-06-08,843.5,878.0,838.5,858.0,2014900.0
2026-06-09,880.0,890.0,870.0,870.0,1370170.0
2026-06-10,876.0,892.0,870.0,892.0,1830280.0
2026-06-11,888.0,935.0,888.0,898.0,1637100.0
2026-06-15,970.0,980.0,940.0,950.0,3279260.0
2026-06-16,995.0,995.0,960.0,960.0,1920730.0
2026-06-17,945.0,949.5,887.5,900.0,2762590.0
2026-06-18,919.0,936.0,913.5,925.0,1715170.0
2026-06-19,925.0,940.0,913.5,913.5,1274350.0
2026-06-22,899.0,909.0,861.5,861.5,1945990.0
2026-06-23,874.0,919.5,870.5,905.0,2422280.0
2026-06-24,905.0,918.0,851.0,851.0,2108200.0
2026-06-25,864.0,895.0,863.5,895.0,2194820.0
2026-06-26,909.0,913.0,867.0,885.0,1712110.0
2026-06-29,876.5,891.5,868.0,890.0,763620.0
2026-06-30,886.0,895.0,873.5,890.0,2017690.0
2026-07-01,905.0,905.0,893.5,900.0,871350.0
2026-07-02,907.0,919.0,890.5,913.0,1401320.0
2026-07-03,919.0,919.0,900.0,913.0,673280.0
2026-07-06,902.5,918.0,894.5,894.5,676780.0
2026-07-07,901.0,930.5,901.0,930.0,1680890.0
2026-07-08,930.0,950.0,923.0,950.0,2214820.0
2026-07-09,967.0,985.0,950.5,971.5,1830030.0
2026-07-10,963.0,987.5,950.5,985.0,2505100.0
2026-07-13,971.5,1000.0,971.0,988.0,1456240.0
2026-07-14,995.0,996.5,981.0,993.0,1243090.0
2026-07-15,1020.0,1020.0,995.0,999.0,990770.0
2026-07-16,998.5,1018.0,990.0,990.0,854480.0
2026-07-17,990.0,1003.0,990.0,998.0,969730.0
2026-07-20,1015.0,1040.0,1004.0,1027.0,1853910.0
2026-07-21,1045.0,1049.0,998.0,999.0,2578755.0
2026-07-22,992.0,995.0,954.0,960.0,1998270.0
2026-07-23,969.0,975.0,952.0,957.0,1280990.0
2026-07-24,947.0,969.0,935.0,969.0,2218050.0
2026-07-27,960.0,988.5,958.0,979.0,1344540.0
2026-07-28,974.0,1008.0,968.0,982.0,2278040.0
2026-07-29,997.0,1014.0,980.0,980.0,1679520.0
2026-07-30,978.0,983.0,954.0,980.0,1717690.0
2026-07-31,980.0,990.0,962.0,963.0,2086770.0
2026-08-03,984.0,1007.0,978.0,1005.0,1387780.0
2026-08-04,992.0,1009.0,982.0,1003.0,1164505.0
2026-08-05,997.0,1014.0,986.0,1005.0,1242605.0
2026-08-06,1012.0,1012.0,982.0,1000.0,1753230.0
2026-08-07,1000.0,1006.0,980.0,1000.0,2020315.0
2026-08-10,987.0,999.0,985.0,996.0,733155.0
2026-08-11,998.0,1003.0,992.0,996.0,927360.0
2026-08-12,997.5,999.0,957.0,980.0,1049220.0
2026-08-13,971.0,979.5,965.0,965.0,548830.0
2026-08-14,960.5,982.5,960.5,982.0,475860.0
2026-08-17,981.0,981.0,962.0,963.0,314980.0
2026-08-18,962.0,973.0,948.5,962.5,1249720.0
2026-08-19,950.0,962.0,927.5,930.0,1802070.0
2026-08-20,940.0,960.5,934.0,960.5,692590.0
2026-08-24,987.0,987.0,952.0,970.0,812170.0
2026-08-25,950.0,954.5,932.5,949.0,921840.0
2026-08-26,934.0,941.0,916.0,920.5,1317320.0
2026-08-27,902.0,914.0,880.5,881.0,2840040.0
2026-08-28,875.0,906.0,875.0,885.0,4853860.0
2026-09-01,960.0,966.0,919.5,950.0,2667020.0
2026-09-02,955.0,955.0,920.0,932.5,1419050.0
2026-09-03,925.0,934.0,925.0,930.5,596930.0
