Date,Open,High,Low,Close,Volume
2018-01-03,8584.46,8724.1299,8580.5,8724.1299,0.0
2018-01-04,8710.0,8760.2598,8690.3398,8739.8301,0.0
2018-01-05,8743.4102,8858.0703,8739.7402,8770.0,0.0
2018-01-08,8818.9004,8820.5303,8713.8604,8745.1201,0.0
2018-01-09,8758.96,8923.7197,8755.4004,8923.7197,0.0
2018-01-10,8914.25,8926.7803,8877.9805,8920.29,0.0
2018-01-11,8908.6396,8909.0,8745.6299,8813.25,0.0
2018-01-12,8836.29,8868.5596,8803.6201,8814.6201,0.0
2018-01-15,8844.3496,8897.5596,8809.5303,8857.7197,0.0
2018-01-16,8890.7402,8969.1797,8865.1299,8865.1299,0.0
2018-01-17,8879.6699,8902.2695,8821.4102,8848.9902,0.0
2018-01-18,8790.0498,8822.4004,8772.4502,8820.7402,0.0
2018-01-19,8824.7197,8915.9199,8802.7803,8915.9199,0.0
2018-01-22,8893.1396,8975.1201,8883.0,8950.6201,0.0
2018-01-23,8952.8096,8999.0195,8916.0703,8999.0195,0.0
2018-01-24,8992.3701,8992.3701,8898.21,8920.2305,0.0
2018-01-25,8907.4502,8999.1699,8907.2402,8999.1699,0.0
2018-01-26,8995.6104,9041.2002,8945.3203,9041.2002,0.0
2018-01-29,9051.75,9078.3701,9008.4102,9058.6201,0.0
2018-01-30,9025.29,9025.29,8838.6904,8910.4805,0.0
2018-01-31,8831.8301,8831.8301,8721.8496,8764.0098,0.0
2018-02-01,8748.3799,8818.0996,8738.7197,8738.7197,0.0
2018-02-02,8746.8604,8810.75,8746.8604,8810.75,0.0
2018-02-05,8680.5898,8680.5898,8555.5498,8616.0,0.0
2018-02-06,8475.0801,8550.4199,8379.8301,8550.4199,0.0
2018-02-07,8648.0,8700.5596,8603.1797,8667.5596,0.0
2018-02-08,8679.3701,8679.3701,8601.5303,8645.0801,0.0
2018-02-09,8545.8799,8546.0195,8421.7402,8503.6904,0.0
2018-02-12,8533.7998,8554.5098,8460.5596,8487.9102,0.0
2018-02-13,8514.0596,8570.1396,8476.46,8570.1396,0.0
2018-02-14,8563.5703,8598.1104,8498.5703,8598.1104,0.0
2018-02-15,8603.71,8612.4404,8505.8604,8612.4404,0.0
2018-02-19,8593.8701,8757.8301,8538.2002,8710.2197,0.0
2018-02-20,8727.1602,8728.0801,8637.7695,8722.7002,0.0
2018-02-21,8677.5098,8677.5098,8613.5,8613.6504,0.0
2018-02-22,8598.5,8605.9297,8472.8896,8515.5703,0.0
2018-02-23,8520.7305,8526.2305,8465.79,8467.5596,0.0
2018-02-26,8450.1504,8499.9805,8373.6797,8499.9805,0.0
2018-02-27,8507.6797,8592.3799,8507.4502,8592.3799,0.0
2018-02-28,8538.5303,8575.4404,8475.29,8475.29,0.0
2018-03-01,8471.2197,8503.6797,8429.75,8465.7695,0.0
2018-03-02,8414.9404,8458.5703,8337.6904,8458.5703,0.0
2018-03-05,8434.6699,8449.8203,8350.5303,8386.1699,0.0
2018-03-06,8388.0195,8411.7598,8344.8398,8360.2197,0.0
2018-03-07,8373.6201,8404.6904,8333.1104,8404.6904,0.0
2018-03-08,8388.0801,8389.7402,8350.5303,8381.8496,0.0
2018-03-09,8401.3301,8409.75,8367.6299,8372.5098,0.0
2018-03-12,8442.25,8484.6504,8425.9297,8453.5,0.0
2018-03-13,8454.0898,8462.25,8397.96,8419.5703,0.0
2018-03-14,8430.0303,8430.0303,8284.7598,8348.7402,0.0
2018-03-15,8322.0996,8326.0098,8190.0098,8190.0098,0.0
2018-03-16,8200.1396,8258.0898,8156.1899,8238.1504,0.0
2018-03-19,8236.54,8240.1299,8169.0,8235.54,0.0
2018-03-20,8180.25,8180.25,8015.4902,8059.6001,0.0
2018-03-21,8097.5898,8097.5898,7909.0698,7909.0698,0.0
2018-03-22,7934.8301,8124.4502,7928.75,8124.4502,0.0
2018-03-23,7980.6602,7980.6602,7923.6499,7970.7998,0.0
2018-03-26,7948.0498,7949.6099,7834.1099,7932.3799,0.0
2018-03-27,7947.21,8047.0298,7947.21,8047.0298,0.0
2018-03-28,8016.3501,8056.2202,7967.2798,7979.8301,0.0
2018-04-02,7993.6299,8039.4502,7944.8599,8039.4502,0.0
2018-04-03,7976.3301,8071.6802,7976.3301,8048.7202,0.0
2018-04-04,8084.9302,8084.9302,7991.6001,7997.6699,0.0
2018-04-05,8035.6401,8043.6602,7988.3701,8022.1602,0.0
2018-04-06,8018.77,8047.7002,7901.79,7945.6602,0.0
2018-04-10,7946.4502,7984.6401,7890.3101,7934.6802,0.0
2018-04-11,7958.3301,7990.98,7930.6602,7943.9302,0.0
2018-04-12,7962.6602,8043.0698,7951.0898,8043.0698,0.0
2018-04-13,8031.23,8031.23,7899.98,7899.98,0.0
2018-04-16,7928.9902,7928.9902,7845.4702,7870.25,0.0
2018-04-17,7861.7202,7861.7202,7691.79,7723.3901,0.0
2018-04-18,7743.1401,7828.8501,7743.1401,7793.1299,0.0
2018-04-19,7689.3501,7756.3999,7537.4199,7682.2402,0.0
2018-04-20,7698.0801,7783.5498,7691.9302,7726.7202,0.0
2018-04-23,7736.0898,7746.8599,7663.5298,7719.4702,0.0
2018-04-24,7704.1802,7704.27,7600.3599,7600.3599,0.0
2018-04-25,7595.4902,7636.5698,7526.2998,7557.9102,0.0
2018-04-26,7544.02,7617.4199,7529.1299,7617.4199,0.0
2018-04-27,7631.4399,7721.02,7604.54,7721.02,0.0
2018-04-30,7726.96,7822.8398,7726.27,7819.25,0.0
2018-05-02,7791.6299,7856.5,7736.0698,7736.0698,0.0
2018-05-03,7792.4102,7792.4102,7535.1001,7535.1001,0.0
2018-05-04,7541.0,7558.3101,7499.2598,7546.1899,0.0
2018-05-07,7578.7998,7581.7202,7517.0898,7533.2798,0.0
2018-05-08,7544.1001,7615.2202,7543.3501,7577.5698,0.0
2018-05-09,7587.6802,7590.7998,7535.9302,7555.27,0.0
2018-05-10,7547.46,7630.29,7531.6602,7571.0,0.0
2018-05-11,7625.1001,7760.2598,7625.1001,7752.1099,0.0
2018-05-15,7771.8999,7906.4502,7765.46,7885.9702,0.0
2018-05-16,7869.48,7869.5601,7751.3301,7869.5601,0.0
2018-05-17,7855.8999,7855.8999,7694.1201,7694.1201,0.0
2018-05-18,7742.3901,7742.3901,7639.1499,7672.2798,0.0
2018-05-21,7693.2202,7715.6602,7658.0498,7658.0498,0.0
2018-05-22,7698.23,7698.6499,7633.52,7646.2002,0.0
2018-05-23,7673.6201,7673.6201,7517.5601,7560.4702,0.0
2018-05-24,7573.6699,7652.5298,7555.4502,7652.5298,0.0
2018-05-25,7673.8198,7674.29,7605.98,7647.5098,0.0
2018-05-28,7669.96,7669.96,7598.1299,7642.8999,0.0
2018-05-29,7662.3701,7662.3701,7585.1602,7602.3599,0.0
2018-05-30,7575.3799,7575.3799,7461.73,7470.1401,0.0
2018-05-31,7496.1099,7537.6299,7457.0498,7497.1699,0.0
2018-06-01,7499.8999,7630.2598,7487.3701,7630.2598,0.0
2018-06-04,7619.3799,7620.1299,7551.8901,7579.6099,0.0
2018-06-05,7594.5498,7685.7598,7550.6401,7685.7598,0.0
2018-06-06,7666.77,7702.3301,7654.1299,7689.1401,0.0
2018-06-07,7693.2998,7814.8799,7687.9399,7803.3101,0.0
2018-06-08,7803.3501,7803.3501,7718.3301,7740.7402,0.0
2018-06-11,7738.2798,7779.2598,7699.6699,7771.2998,0.0
2018-06-13,7722.4302,7723.8501,7553.7402,7602.98,0.0
2018-06-14,7553.7998,7561.4399,7479.5698,7529.54,0.0
2018-06-18,7403.9302,7414.1099,7328.2998,7414.1099,0.0
2018-06-19,7347.4399,7348.23,7253.1201,7312.6099,0.0
2018-06-20,7316.29,7349.7402,7261.0098,7261.6201,0.0
2018-06-21,7262.73,7271.21,7092.1602,7098.1499,0.0
2018-06-22,7092.04,7132.71,6923.6699,7063.2002,0.0
2018-06-25,7240.0601,7240.0601,6986.8799,6986.8799,0.0
2018-06-26,7014.0498,7021.2598,6929.8599,7007.21,0.0
2018-06-27,6997.9902,7176.4302,6984.1401,7176.4302,0.0
2018-06-28,7128.5098,7128.5098,7055.6299,7066.5698,0.0
2018-06-29,7061.48,7193.6802,7061.48,7193.6802,0.0
2018-07-02,7184.6201,7261.29,7160.8301,7227.96,0.0
2018-07-03,7223.04,7267.3398,7194.5498,7267.3398,0.0
2018-07-04,7272.0298,7348.4199,7227.29,7348.4199,0.0
2018-07-05,7306.0098,7306.0098,7225.0698,7233.5698,0.0
2018-07-06,7225.9502,7225.9502,7143.5698,7186.71,0.0
2018-07-09,7196.8301,7214.5698,7162.6401,7186.6201,0.0
2018-07-10,7218.25,7233.29,7192.5801,7233.29,0.0
2018-07-11,7245.73,7333.73,7239.1099,7333.73,0.0
2018-07-12,7328.04,7370.46,7307.6001,7350.5801,0.0
2018-07-13,7372.48,7405.4199,7366.5,7399.1802,0.0
2018-07-16,7388.98,7390.0,7334.8799,7369.4399,0.0
2018-07-17,7375.1001,7385.9502,7346.7798,7381.6802,0.0
2018-07-18,7381.7402,7451.3701,7379.9702,7451.3701,0.0
2018-07-19,7443.9399,7459.1401,7365.6899,7387.8701,0.0
2018-07-20,7390.5698,7411.4502,7327.3501,7399.6099,0.0
2018-07-23,7388.5,7408.1602,7368.52,7376.7998,0.0
2018-07-24,7362.98,7447.02,7362.98,7447.02,0.0
2018-07-25,7438.8501,7620.3901,7438.8501,7514.0,0.0
2018-07-26,7557.8599,7665.8501,7557.8599,7665.8501,0.0
2018-07-27,7661.6602,7701.3799,7586.3398,7701.3799,0.0
2018-07-30,7693.4502,7773.3198,7683.1001,7773.3198,0.0
2018-07-31,7730.0898,7742.8501,7623.77,7672.0,0.0
2018-08-01,7664.9902,7838.2202,7655.2998,7838.2202,0.0
2018-08-02,7824.52,7824.52,7746.0898,7759.5498,0.0
2018-08-03,7763.4902,7819.3901,7709.8599,7819.3901,0.0
2018-08-06,7809.3799,7843.5898,7784.0498,7817.3101,0.0
2018-08-07,7813.3799,7814.8901,7725.8501,7725.8501,0.0
2018-08-08,7737.4902,7851.46,7737.4902,7851.46,0.0
2018-08-09,7856.7002,7879.27,7751.4199,7820.71,0.0
2018-08-10,7804.02,7840.6299,7781.8198,7804.98,0.0
2018-08-13,7782.1099,7782.1099,7634.6001,7635.27,0.0
2018-08-14,7623.1099,7623.1099,7508.8301,7527.7798,0.0
2018-08-15,7520.9902,7566.6201,7513.4399,7540.9199,0.0
2018-08-16,7534.5698,7541.9199,7478.9399,7517.3599,0.0
2018-08-17,7529.96,7617.4902,7529.96,7583.52,0.0
2018-08-20,7592.1699,7606.8101,7500.5298,7500.5298,0.0
2018-08-22,7551.6499,7632.2598,7529.6401,7632.2598,0.0
2018-08-23,7623.77,7804.0298,7623.77,7804.0298,0.0
2018-08-24,7775.52,7783.29,7718.1699,7766.4702,0.0
2018-08-28,7769.8101,7861.6001,7769.8101,7844.6099,0.0
2018-08-29,7803.04,7831.3398,7773.0698,7830.96,0.0
2018-08-30,7818.27,7875.1602,7818.27,7853.1602,0.0
2018-08-31,7838.0601,7855.71,7776.8501,7855.71,0.0
2018-09-03,7879.0,7879.0,7820.9199,7832.2202,0.0
2018-09-04,7842.6802,7881.8198,7828.3799,7881.8198,0.0
2018-09-05,7859.7598,7861.3999,7699.02,7752.27,0.0
2018-09-06,7715.1401,7715.1401,7552.2402,7638.71,0.0
2018-09-07,7597.4199,7620.8799,7526.73,7598.6401,0.0
2018-09-10,7591.5098,7605.5698,7466.27,7596.1499,0.0
2018-09-11,7582.8101,7582.8101,7492.3999,7518.0098,0.0
2018-09-12,7505.2002,7534.23,7449.2002,7449.2002,0.0
2018-09-13,7473.3999,7517.3701,7452.8101,7517.3701,0.0
2018-09-14,7508.3398,7517.6299,7413.1499,7413.1499,0.0
2018-09-17,7424.8799,7433.6899,7399.1899,7413.5601,0.0
2018-09-18,7411.77,7418.54,7273.98,7286.3398,0.0
2018-09-19,7285.5698,7337.6802,7203.3599,7221.23,0.0
2018-09-20,7256.5298,7259.7598,7134.73,7134.73,0.0
2018-09-21,7184.5698,7383.0,7180.0,7383.0,0.0
2018-09-24,7361.5801,7433.6099,7361.5801,7433.6099,0.0
2018-09-25,7426.6602,7426.6602,7331.75,7332.1699,0.0
2018-09-26,7342.6099,7342.6099,7205.04,7268.21,0.0
2018-09-27,7272.4399,7320.5898,7215.6699,7320.5898,0.0
2018-09-28,7313.6699,7375.52,7276.8198,7276.8198,0.0
2018-10-01,7256.54,7261.3999,7176.2002,7222.0801,0.0
2018-10-02,7237.4102,7237.4102,7093.9199,7132.3599,0.0
2018-10-03,7129.3999,7210.8701,7095.2598,7210.8701,0.0
2018-10-04,7190.8301,7194.0601,7093.3398,7093.3398,0.0
2018-10-05,7093.9199,7102.3301,7072.2798,7078.2002,0.0
2018-10-08,7079.8799,7123.29,7050.8198,7050.8198,0.0
2018-10-09,7063.9102,7066.1099,7016.48,7059.3799,0.0
2018-10-10,7092.7998,7092.7998,6960.4302,7001.1401,0.0
2018-10-11,6934.7598,6934.7598,6790.5801,6884.3799,0.0
2018-10-12,6872.8901,7004.77,6847.8599,7004.77,0.0
2018-10-15,7035.9702,7063.3799,6926.5098,6926.5098,0.0
2018-10-16,6936.1699,6987.02,6894.29,6987.02,0.0
2018-10-17,7015.5498,7140.0801,7015.5498,7099.6802,0.0
2018-10-18,7095.8901,7141.25,7060.8398,7141.25,0.0
2018-10-19,7122.5,7162.6802,7086.5698,7151.52,0.0
2018-10-22,7144.98,7251.0801,7124.7002,7236.1602,0.0
2018-10-23,7262.71,7265.1099,7159.7202,7197.6201,0.0
2018-10-24,7185.8301,7186.3198,7129.4199,7129.4199,0.0
2018-10-25,7086.1699,7086.1699,6941.1001,6966.8398,0.0
2018-10-26,6987.7998,7065.3799,6979.0698,7064.3301,0.0
2018-10-29,7054.6499,7109.0298,7046.1099,7109.0298,0.0
2018-10-30,7093.75,7097.3901,7016.0601,7016.0601,0.0
2018-10-31,7032.6299,7140.29,7032.6299,7140.29,0.0
2018-11-05,7204.1299,7242.9902,7189.6299,7213.4399,0.0
2018-11-06,7213.21,7276.54,7162.1699,7180.1099,0.0
2018-11-07,7181.2598,7185.6099,6994.2598,7033.9302,0.0
2018-11-08,7025.0801,7036.5,6946.8301,7035.71,0.0
2018-11-09,7039.3901,7039.3901,6941.9902,6968.8198,0.0
2018-11-12,6967.6499,6967.6499,6917.54,6926.2002,0.0
2018-11-13,6912.1401,6913.5098,6820.2202,6843.8301,0.0
2018-11-14,6867.3301,6932.3999,6861.0898,6923.0801,0.0
2018-11-15,6912.1899,6971.6299,6898.5498,6952.5898,0.0
2018-11-16,7009.0801,7121.8501,7009.0801,7083.3398,0.0
2018-11-19,7105.8101,7270.2598,7099.6802,7270.2598,0.0
2018-11-20,7234.8101,7311.54,7171.7998,7302.9399,0.0
2018-11-21,7262.2402,7267.1299,7202.9399,7265.4502,0.0
2018-11-22,7260.8101,7278.8799,7228.3501,7268.3799,0.0
2018-11-23,7277.9199,7348.1401,7264.3701,7340.1802,0.0
2018-11-26,7352.29,7428.29,7332.4302,7397.8701,0.0
2018-11-27,7399.8901,7413.6299,7349.7202,7413.6299,0.0
2018-11-28,7420.2598,7423.7798,7350.2798,7382.4302,0.0
2018-11-29,7409.3501,7482.3501,7367.8501,7367.8501,0.0
2018-12-03,7468.6201,7539.6699,7468.6201,7532.8999,0.0
2018-12-04,7537.4102,7703.9199,7522.9702,7703.9199,0.0
2018-12-05,7579.96,7634.0898,7550.96,7630.8999,0.0
2018-12-06,7633.9199,7637.1802,7535.3198,7535.3198,0.0
2018-12-07,7529.9502,7538.1899,7449.9502,7461.0601,0.0
2018-12-10,7445.5098,7445.5098,7348.21,7348.21,0.0
2018-12-11,7386.1099,7451.0801,7379.0498,7451.0801,0.0
2018-12-12,7455.98,7488.2402,7425.6602,7488.2402,0.0
2018-12-13,7514.3501,7556.2402,7513.5601,7522.9199,0.0
2018-12-14,7506.3999,7559.27,7503.0898,7524.3701,0.0
2018-12-17,7501.27,7538.1401,7490.5601,7520.3999,0.0
2018-12-18,7478.3599,7482.21,7397.23,7420.3999,0.0
2018-12-19,7412.2798,7579.6201,7406.5298,7579.6201,0.0
2018-12-20,7514.0698,7584.4399,7498.1899,7563.4102,0.0
2018-12-21,7536.8701,7548.1299,7452.2402,7479.71,0.0
2018-12-26,7436.73,7453.2202,7378.8799,7450.0098,0.0
2018-12-27,7465.04,7514.3301,7447.2202,7482.6602,0.0
2018-12-28,7497.1602,7507.29,7466.02,7466.02,0.0
2019-01-02,7496.5698,7540.2598,7465.7598,7489.2002,0.0
2019-01-03,7507.48,7680.6001,7490.2798,7680.6001,0.0
2019-01-04,7657.1802,7801.5,7657.1802,7761.1099,0.0
2019-01-07,7800.8799,7900.7002,7787.6602,7787.6602,0.0
2019-01-08,7820.2598,7826.0801,7702.1201,7702.1201,0.0
2019-01-09,7775.21,7919.6699,7765.9102,7919.6699,0.0
2019-01-10,7931.8701,7992.3301,7898.6299,7985.23,0.0
2019-01-11,7965.4399,7965.4399,7855.6899,7904.0898,0.0
2019-01-14,7886.3999,8024.1401,7818.9502,8024.1401,0.0
2019-01-15,8009.0801,8027.9199,7976.4302,8013.4199,0.0
2019-01-16,7983.46,7990.6499,7848.7002,7864.7002,0.0
2019-01-17,7866.4199,7937.98,7865.1299,7927.2002,0.0
2019-01-18,7932.1099,8057.5698,7919.5,8047.1201,0.0
2019-01-21,8055.48,8067.0801,7964.0601,8007.46,0.0
2019-01-22,8023.8398,8029.7998,7979.1401,8008.6699,0.0
2019-01-23,7941.0498,7989.6499,7901.6401,7989.6499,0.0
2019-01-24,8000.6499,8068.48,8000.6499,8064.8999,0.0
2019-01-25,8075.6602,8116.23,8038.9399,8053.2002,0.0
2019-01-28,8071.1201,8143.6099,8042.2002,8053.9199,0.0
2019-01-29,8086.9302,8087.3901,8014.9399,8050.8198,0.0
2019-01-30,8038.77,8046.9502,7912.1602,7979.9502,0.0
2019-01-31,7999.4102,8099.23,7999.4102,8007.48,0.0
2019-02-01,8038.6499,8165.6602,8038.6499,8144.1602,0.0
2019-02-04,8131.5498,8148.8799,8068.7402,8069.48,0.0
2019-02-06,8091.4502,8213.71,8058.4502,8058.4502,0.0
2019-02-07,8093.1699,8127.0801,8087.73,8100.2998,0.0
2019-02-08,8091.7002,8096.4702,8035.8398,8070.8901,0.0
2019-02-11,8088.3398,8105.5801,8061.54,8061.54,0.0
2019-02-12,8076.6001,8083.5298,7984.4199,8009.9199,0.0
2019-02-13,8040.3398,8040.4302,7889.46,7920.2402,0.0
2019-02-14,7960.1899,7996.21,7920.6201,7991.25,0.0
2019-02-15,7965.1699,7999.8398,7908.8901,7908.8901,0.0
2019-02-18,7985.46,8025.21,7971.3301,7971.3301,0.0
2019-02-19,7923.3599,7938.79,7830.6299,7833.75,0.0
2019-02-20,7849.0801,7944.5898,7848.4702,7939.2402,0.0
2019-02-21,7946.6602,7946.6602,7892.5801,7931.2998,0.0
2019-02-22,7940.29,7962.1299,7894.5601,7962.1299,0.0
2019-02-26,7996.1499,7996.1499,7945.0298,7988.1602,0.0
2019-02-27,7962.1001,7972.6899,7877.6299,7889.1201,0.0
2019-02-28,7919.9902,7919.9902,7705.4902,7705.4902,0.0
2019-03-01,7711.7002,7754.4502,7587.9902,7641.77,0.0
2019-03-04,7631.8999,7698.4399,7595.9199,7675.4702,0.0
2019-03-05,7700.3799,7734.71,7667.1401,7670.6201,0.0
2019-03-06,7674.5601,7821.3398,7674.5601,7821.3398,0.0
2019-03-07,7806.5,7881.79,7795.21,7881.79,0.0
2019-03-08,7868.5,7884.46,7797.1099,7797.1099,0.0
2019-03-11,7815.2798,7823.7998,7708.7202,7708.7202,0.0
2019-03-12,7728.2202,7773.6099,7728.2202,7747.54,0.0
2019-03-13,7725.6201,7766.1499,7724.79,7766.1499,0.0
2019-03-14,7741.7798,7763.9702,7718.77,7750.4199,0.0
2019-03-15,7748.0698,7798.2798,7701.7402,7798.2798,0.0
2019-03-18,7794.5801,7873.02,7760.5098,7873.02,0.0
2019-03-19,7863.7002,7878.7998,7843.4102,7843.4102,0.0
2019-03-20,7848.1602,7875.6201,7823.6001,7858.2002,0.0
2019-03-21,7875.7798,7954.7202,7869.3101,7954.7202,0.0
2019-03-22,7956.6699,8032.3999,7951.0601,8013.4199,0.0
2019-03-25,7994.3398,7994.3398,7808.3198,7863.02,0.0
2019-03-26,7875.2998,7910.6899,7869.4302,7907.0298,0.0
2019-03-27,7915.9102,7915.9102,7840.6401,7861.0498,0.0
2019-03-28,7897.7202,7898.4702,7856.0898,7876.3999,0.0
2019-03-29,7891.0898,7920.9302,7887.4702,7920.9302,0.0
2019-04-01,7923.1602,7923.8301,7809.6099,7840.3101,0.0
2019-04-02,7854.3501,7893.5,7854.3501,7879.21,0.0
2019-04-03,7880.48,7895.0601,7860.5098,7895.0601,0.0
2019-04-04,7892.6201,7897.6099,7835.7402,7854.1299,0.0
2019-04-05,7866.4102,7886.6299,7866.4102,7873.1802,0.0
2019-04-08,7879.4702,7955.27,7879.4702,7915.6299,0.0
2019-04-10,7976.4399,8008.5298,7953.1401,8008.5298,0.0
2019-04-11,7990.71,7999.52,7955.7998,7955.7998,0.0
2019-04-12,7970.96,7979.5298,7880.8198,7880.8198,0.0
2019-04-15,7887.7798,7914.75,7787.98,7787.98,0.0
2019-04-16,7800.0601,7859.7202,7799.1299,7826.46,0.0
2019-04-17,7832.71,7860.7402,7823.8599,7835.1499,0.0
2019-04-22,7840.23,7858.8398,7818.04,7832.4302,0.0
2019-04-23,7827.0298,7834.7798,7769.7202,7818.9302,0.0
2019-04-24,7799.0601,7846.9902,7799.0601,7846.9902,0.0
2019-04-25,7848.4502,7894.4502,7831.6201,7894.4502,0.0
2019-04-26,7892.8999,7899.5698,7839.52,7868.2798,0.0
2019-04-29,7861.2202,7897.02,7846.3301,7897.02,0.0
2019-04-30,7891.5698,7952.7202,7888.8701,7952.7202,0.0
2019-05-02,7952.52,8040.7798,7946.79,8001.5698,0.0
2019-05-03,8004.27,8077.5098,7967.98,7967.98,0.0
2019-05-06,7972.8599,7974.3599,7851.1602,7862.2998,0.0
2019-05-07,7871.5098,7922.0498,7861.3398,7910.6299,0.0
2019-05-08,7902.6401,7926.6899,7754.9502,7926.6899,0.0
2019-05-09,7857.75,7864.02,7755.6201,7755.6201,0.0
2019-05-10,7755.9399,7841.6499,7719.4302,7742.2002,0.0
2019-05-14,7718.3101,7718.3101,7577.7202,7646.6602,0.0
2019-05-15,7671.1602,7711.1899,7576.71,7576.71,0.0
2019-05-16,7559.9502,7586.1201,7475.1602,7475.1602,0.0
2019-05-17,7482.4702,7636.9102,7482.4702,7583.8198,0.0
2019-05-20,7586.9502,7660.1401,7533.9502,7660.1401,0.0
2019-05-21,7662.48,7740.8799,7639.5898,7721.5601,0.0
2019-05-22,7731.0298,7838.5498,7725.4302,7815.0698,0.0
2019-05-23,7807.5,7821.8901,7764.1099,7804.0298,0.0
2019-05-24,7770.6299,7770.6299,7664.52,7747.0898,0.0
2019-05-27,7718.7998,7742.4502,7693.9399,7725.0098,0.0
2019-05-28,7728.3901,7784.6602,7702.8999,7761.29,0.0
2019-05-29,7778.48,7816.3799,7778.48,7797.75,0.0
2019-05-30,7810.5601,7908.5,7809.1099,7836.5498,0.0
2019-05-31,7872.77,7970.02,7872.77,7970.02,0.0
2019-06-03,7963.3301,8139.7402,7951.8701,8084.8799,0.0
2019-06-04,8075.7798,8083.3701,7945.3701,7945.3701,0.0
2019-06-06,7980.3901,7980.3901,7937.73,7959.8599,0.0
2019-06-07,7955.7998,7983.98,7921.7998,7983.98,0.0
2019-06-10,7981.5898,8055.0498,7967.2402,8045.3901,0.0
2019-06-11,8045.98,8108.2598,8030.98,8030.98,0.0
2019-06-13,8032.2202,8051.7598,7953.2798,8051.7598,0.0
2019-06-14,8058.21,8058.21,7944.8198,7990.2002,0.0
2019-06-17,7991.7798,7991.7798,7908.9902,7908.9902,0.0
2019-06-18,7898.4399,7935.1401,7875.5,7922.04,0.0
2019-06-19,7941.4902,8017.0098,7937.96,8017.0098,0.0
2019-06-20,7984.7998,8022.4199,7952.8599,8022.4199,0.0
2019-06-21,8032.8599,8055.4702,7999.02,8055.4702,0.0
2019-06-24,8067.5801,8103.9102,8060.5801,8060.5801,0.0
2019-06-25,8074.1499,8100.0801,8034.0898,8034.0898,0.0
2019-06-26,8025.04,8051.5898,7983.1401,8013.5698,0.0
2019-06-27,8003.3701,8057.6401,8003.2202,8057.6401,0.0
2019-06-28,8032.2998,8042.2202,7951.3398,7999.71,0.0
2019-07-01,8011.4702,8043.71,7993.6602,8043.71,0.0
2019-07-02,8038.2202,8093.6001,8022.52,8093.6001,0.0
2019-07-03,8100.3501,8122.3901,8092.2598,8092.6802,0.0
2019-07-04,8096.2798,8112.8398,8064.9199,8064.9199,0.0
2019-07-05,8072.21,8125.1602,8072.21,8117.9399,0.0
2019-07-08,8108.25,8108.54,8051.52,8051.52,0.0
2019-07-09,8045.1201,8053.6201,8010.6899,8042.04,0.0
2019-07-10,8051.4502,8078.21,8020.8701,8078.21,0.0
2019-07-11,8098.3701,8154.4902,8083.2202,8154.4902,0.0
2019-07-12,8159.6299,8197.5195,8141.8198,8141.8198,0.0
2019-07-15,8153.8799,8365.29,8153.8799,8365.29,0.0
2019-07-16,8354.8398,8419.5898,8263.5703,8263.5703,0.0
2019-07-17,8286.8604,8311.6797,8232.0996,8233.4805,0.0
2019-07-18,8241.5898,8300.4902,8241.5898,8258.0498,0.0
2019-07-19,8280.2305,8311.9199,8264.5596,8270.0703,0.0
2019-07-22,8163.0,8246.8301,8163.0,8246.8301,0.0
2019-07-23,8247.9297,8264.8896,8226.2305,8251.46,0.0
2019-07-24,8217.6396,8243.8301,8161.4902,8161.4902,0.0
2019-07-25,8169.9199,8272.1797,8115.4399,8272.1797,0.0
2019-07-26,8210.5195,8235.46,8177.04,8183.9902,0.0
2019-07-29,8190.02,8205.1504,8116.0601,8188.52,0.0
2019-07-30,8176.6001,8176.6001,8120.7202,8150.46,0.0
2019-07-31,8142.1602,8142.1602,8023.4502,8045.7998,0.0
2019-08-01,8035.75,8098.1602,7975.5298,8098.1602,0.0
2019-08-02,8083.3198,8129.9302,8006.5498,8129.9302,0.0
2019-08-05,8102.0,8102.0,7890.02,7890.02,0.0
2019-08-06,7832.6899,7832.6899,7720.02,7766.75,0.0
2019-08-07,7792.3101,7917.3901,7792.3101,7917.3901,0.0
2019-08-08,7931.9102,7959.3398,7910.46,7914.1602,0.0
2019-08-09,7918.54,7941.96,7854.3901,7854.3901,0.0
2019-08-13,7849.4302,7850.8701,7622.27,7788.4502,0.0
2019-08-14,7775.8398,7892.4302,7751.1899,7858.6499,0.0
2019-08-15,7719.02,7828.8599,7624.2002,7828.8599,0.0
2019-08-16,7802.5601,7885.9399,7777.0698,7795.98,0.0
2019-08-19,7813.9199,7938.3501,7765.1499,7938.3501,0.0
2019-08-20,7917.5898,7917.5898,7845.1499,7886.9102,0.0
2019-08-22,7842.0898,7848.8301,7755.4199,7848.8301,0.0
2019-08-23,7806.0498,7889.4102,7747.3901,7889.4102,0.0
2019-08-27,7832.4199,7832.4199,7723.9399,7747.3799,0.0
2019-08-28,7762.5801,7847.5,7734.4199,7847.5,0.0
2019-08-29,7851.2598,7892.8101,7800.9702,7892.8101,0.0
2019-08-30,7918.4399,7986.2598,7903.0098,7979.6602,0.0
2019-09-02,7954.1499,7956.6802,7918.5298,7918.5298,0.0
2019-09-03,7914.9199,7920.9102,7804.71,7804.71,0.0
2019-09-04,7838.77,7852.1602,7794.5801,7840.8599,0.0
2019-09-05,7861.8301,7916.96,7854.1602,7898.1899,0.0
2019-09-06,7915.6201,7969.3398,7915.6201,7933.4702,0.0
2019-09-09,7952.8799,7961.0098,7927.8901,7960.1201,0.0
2019-09-10,7933.2202,7938.3301,7893.7402,7929.48,0.0
2019-09-11,7931.3799,7967.8999,7921.5898,7967.8999,0.0
2019-09-12,7947.25,7960.2402,7937.9902,7944.4302,0.0
2019-09-13,7950.1602,7995.1299,7941.5298,7992.3198,0.0
2019-09-16,7981.6099,7996.8999,7911.6899,7996.8999,0.0
2019-09-17,7969.6699,7969.6699,7910.25,7932.23,0.0
2019-09-18,7932.6899,7932.6899,7892.9502,7915.29,0.0
2019-09-19,7911.8799,7919.8501,7885.1802,7911.3198,0.0
2019-09-20,7902.3301,7906.25,7864.1099,7871.1099,0.0
2019-09-23,7872.1201,7877.4399,7823.1299,7867.5098,0.0
2019-09-24,7865.3799,7893.9399,7850.27,7893.9399,0.0
2019-09-25,7890.0,7896.2402,7790.29,7896.2402,0.0
2019-09-26,7893.6699,7905.7402,7865.1001,7896.48,0.0
2019-09-27,7908.3901,7908.3901,7808.1899,7819.2202,0.0
2019-09-30,7825.2002,7825.2002,7775.5098,7779.0698,0.0
2019-10-01,7785.2402,7792.5801,7710.5498,7739.8599,0.0
2019-10-02,7721.5601,7721.5601,7610.6802,7610.6802,0.0
2019-10-03,7587.6899,7587.6899,7514.0498,7545.5498,0.0
2019-10-04,7570.4302,7704.6001,7570.4302,7704.6001,0.0
2019-10-07,7697.4199,7715.8501,7655.46,7683.2202,0.0
2019-10-08,7706.77,7792.5498,7691.0498,7756.7202,0.0
2019-10-09,7742.46,7742.46,7676.4702,7681.25,0.0
2019-10-10,7711.2202,7765.0298,7706.7798,7765.0298,0.0
2019-10-11,7766.7202,7874.1602,7749.5498,7849.9399,0.0
2019-10-14,7854.04,7908.3398,7853.9199,7884.29,0.0
2019-10-15,7887.46,7887.46,7816.0801,7840.3101,0.0
2019-10-16,7838.8301,7915.2998,7814.4702,7915.2998,0.0
2019-10-17,7913.5498,7930.5498,7894.5801,7930.5498,0.0
2019-10-18,7934.0898,7934.0898,7885.23,7885.23,0.0
2019-10-21,7874.7998,7891.9502,7849.79,7891.1299,0.0
2019-10-22,7884.9902,7955.2402,7884.02,7955.2402,0.0
2019-10-23,7929.0898,7933.7598,7890.6499,7933.7598,0.0
2019-10-24,7927.6001,7968.1401,7914.5801,7950.98,0.0
2019-10-25,7985.52,7985.52,7917.1602,7922.5,0.0
2019-10-28,7935.0098,7954.71,7912.8701,7946.5298,0.0
2019-10-29,7947.5601,7991.1899,7928.73,7991.1899,0.0
2019-10-30,8020.77,8020.77,7965.77,8020.0601,0.0
2019-10-31,8020.4302,8020.6802,7967.54,7977.1201,0.0
2019-11-04,8002.4702,8059.8198,8002.4702,8059.6499,0.0
2019-11-05,8055.8799,8216.6797,8055.5601,8216.6797,0.0
2019-11-06,8216.9199,8216.9199,8025.8799,8025.8799,0.0
2019-11-07,8083.04,8083.04,8020.9102,8073.8101,0.0
2019-11-08,8044.8999,8065.7598,7989.48,8065.7598,0.0
2019-11-11,8055.2402,8059.5801,8002.77,8009.3799,0.0
2019-11-12,8009.9702,8012.3398,7962.7202,8012.3398,0.0
2019-11-13,7988.7798,7988.7798,7914.4502,7947.4702,0.0
2019-11-14,7926.0698,7933.71,7881.2402,7933.71,0.0
2019-11-15,7938.5898,7946.4199,7905.5298,7932.96,0.0
2019-11-18,7925.1899,7925.1899,7859.04,7880.9399,0.0
2019-11-19,7882.2598,7912.1401,7882.2598,7912.1401,0.0
2019-11-20,7896.5601,7898.0601,7851.8501,7898.0601,0.0
2019-11-21,7882.04,7882.04,7744.1802,7818.8901,0.0
2019-11-22,7754.5098,7824.5898,7708.0898,7824.5898,0.0
2019-11-25,7787.48,7803.8701,7750.23,7771.6201,0.0
2019-11-26,7760.3799,7817.2002,7707.7998,7707.7998,0.0
2019-11-27,7747.4302,7842.52,7744.0298,7836.8901,0.0
2019-11-28,7808.5801,7826.8198,7748.9502,7768.6602,0.0
2019-11-29,7754.7002,7773.8301,7712.3901,7738.96,0.0
2019-12-02,7769.2598,7877.1899,7753.7598,7877.1899,0.0
2019-12-03,7858.96,7888.46,7829.3501,7855.1802,0.0
2019-12-04,7848.5298,7848.5298,7772.0498,7815.9302,0.0
2019-12-05,7789.7402,7817.9702,7777.0698,7790.9102,0.0
2019-12-06,7796.4399,7811.1899,7760.75,7801.7202,0.0
2019-12-09,7825.1299,7838.4902,7779.7998,7779.7998,0.0
2019-12-10,7760.1699,7777.4502,7735.6099,7736.1802,0.0
2019-12-11,7752.23,7801.1001,7751.5298,7786.4102,0.0
2019-12-12,7744.1499,7787.7402,7720.5,7741.0698,0.0
2019-12-13,7818.3999,7884.1699,7804.98,7877.6299,0.0
2019-12-16,7882.7598,7892.29,7701.6001,7701.6001,0.0
2019-12-17,7708.0698,7730.4502,7631.0801,7730.4502,0.0
2019-12-18,7751.29,7751.29,7682.9399,7733.6699,0.0
2019-12-19,7751.21,7751.21,7617.75,7653.9399,0.0
2019-12-20,7643.9902,7773.1201,7469.4102,7773.1201,0.0
2019-12-23,7745.96,7872.6001,7745.2598,7872.6001,0.0
2019-12-26,7794.5298,7842.2798,7772.9702,7842.2798,0.0
2019-12-27,7848.3901,7891.9902,7815.2598,7815.2598,0.0
2020-01-02,7721.2598,7742.5298,7643.98,7742.5298,0.0
2020-01-03,7737.7002,7890.9399,7737.7002,7839.79,0.0
2020-01-06,7802.8599,7802.8599,7697.8901,7797.8701,0.0
2020-01-07,7787.3198,7840.7002,7781.21,7840.7002,0.0
2020-01-08,7762.48,7767.6201,7721.29,7736.2402,0.0
2020-01-09,7736.6299,7797.6401,7736.6299,7797.6401,0.0
2020-01-10,7794.8999,7794.8999,7729.0498,7776.77,0.0
2020-01-14,7761.5898,7793.25,7684.2798,7793.25,0.0
2020-01-15,7784.1401,7784.1401,7664.3999,7664.3999,0.0
2020-01-16,7674.48,7679.2798,7614.73,7653.1802,0.0
2020-01-17,7691.8701,7722.5801,7648.9399,7722.5801,0.0
2020-01-20,7727.4502,7727.4502,7513.9502,7552.6001,0.0
2020-01-21,7570.2002,7586.5898,7442.1299,7466.6499,0.0
2020-01-22,7461.4502,7478.1001,7425.8599,7468.73,0.0
2020-01-23,7503.6401,7616.3501,7495.6001,7616.3501,0.0
2020-01-24,7622.1201,7635.6201,7581.1201,7623.4102,0.0
2020-01-27,7616.8999,7624.3701,7580.6699,7587.6299,0.0
2020-01-28,7563.1201,7563.1201,7468.7002,7468.7002,0.0
2020-01-29,7472.5298,7472.5298,7423.6899,7462.3101,0.0
2020-01-30,7466.4502,7484.6499,7392.6802,7392.6802,0.0
2020-01-31,7413.1699,7446.2598,7200.79,7200.79,0.0
2020-02-03,7206.2202,7219.6099,7129.1899,7137.0298,0.0
2020-02-04,7172.4102,7276.3999,7158.2002,7226.8999,0.0
2020-02-05,7291.4399,7352.8501,7281.4199,7352.8501,0.0
2020-02-06,7373.5898,7506.5098,7373.5898,7506.5098,0.0
2020-02-07,7447.3301,7507.2002,7429.6099,7507.2002,0.0
2020-02-10,7510.8398,7510.8398,7414.0098,7430.8599,0.0
2020-02-11,7444.6602,7444.6602,7403.23,7439.3999,0.0
2020-02-12,7435.25,7440.3101,7383.1001,7383.1001,0.0
2020-02-13,7390.0098,7403.1201,7332.9102,7403.1201,0.0
2020-02-14,7405.1499,7405.1499,7282.0,7282.0,0.0
2020-02-17,7305.6602,7348.04,7292.9502,7326.8501,0.0
2020-02-18,7329.0298,7346.0,7311.5,7322.8901,0.0
2020-02-19,7319.9902,7396.9399,7319.9902,7396.9399,0.0
2020-02-20,7426.9102,7472.9902,7413.0,7413.0,0.0
2020-02-21,7430.5698,7431.0298,7366.7998,7369.7798,0.0
2020-02-24,7267.8599,7270.4702,7180.1001,7187.4399,0.0
2020-02-26,7101.8799,7101.8799,6879.0898,6909.8398,0.0
2020-02-27,6890.02,6979.5698,6890.02,6967.8398,0.0
2020-02-28,6858.9102,6858.9102,6769.9702,6787.9102,0.0
2020-03-02,6759.3701,6866.1299,6700.75,6749.2798,0.0
2020-03-03,6854.8999,6886.1099,6790.54,6790.54,0.0
2020-03-04,6791.1401,6867.2598,6710.1802,6867.2598,0.0
2020-03-05,6899.02,6941.2002,6872.9702,6884.77,0.0
2020-03-06,6871.1401,6871.1401,6745.3198,6770.3799,0.0
2020-03-09,6575.54,6575.54,6312.6099,6312.6099,0.0
2020-03-10,6165.8198,6387.5298,6103.75,6318.3799,0.0
2020-03-11,6384.2798,6495.71,6336.6802,6353.2598,0.0
2020-03-12,6235.8501,6235.8501,5697.1299,5736.27,0.0
2020-03-13,5362.9199,5878.3999,5097.8999,5793.9399,0.0
2020-03-16,5506.96,5533.1699,5335.3701,5335.3701,0.0
2020-03-19,4673.5801,4751.7202,4039.1499,4623.4199,0.0
2020-03-20,4761.8901,4936.2002,4677.6602,4778.7598,0.0
2020-03-23,4527.29,4743.3701,4509.2202,4743.3701,0.0
2020-03-24,4817.0601,4864.8599,4771.7798,4774.27,0.0
2020-03-25,5006.7598,5073.5801,4964.0,5027.7598,0.0
2020-03-26,5128.27,5401.5801,5076.2598,5401.5801,0.0
2020-03-27,5493.5801,5641.9399,5266.6201,5266.6201,0.0
2020-03-30,5234.9902,5234.9902,4984.79,5131.1602,0.0
2020-03-31,5227.3701,5340.0898,5226.27,5321.23,0.0
2020-04-01,5321.79,5408.52,5290.8501,5408.52,0.0
2020-04-02,5280.1299,5342.3101,5247.5698,5342.3101,0.0
2020-04-03,5370.8501,5372.7002,5315.3999,5346.9702,0.0
2020-04-06,5380.5098,5570.8101,5345.9399,5570.8101,0.0
2020-04-07,5694.6802,5713.6299,5597.98,5650.0098,0.0
2020-04-08,5593.71,5593.71,5498.54,5510.8301,0.0
2020-04-13,5551.96,5610.98,5521.4902,5610.98,0.0
2020-04-14,5657.7598,5780.8799,5640.8501,5780.8799,0.0
2020-04-15,5824.7598,5946.0498,5807.6802,5946.0498,0.0
2020-04-16,5828.7598,5828.7598,5525.6001,5525.6001,0.0
2020-04-17,5704.3999,5789.9702,5694.9399,5789.9702,0.0
2020-04-20,5813.9302,5816.8999,5704.2002,5733.6499,0.0
2020-04-21,5704.2998,5704.2998,5571.0801,5592.25,0.0
2020-04-22,5517.6699,5577.9102,5461.9399,5573.75,0.0
2020-04-23,5631.8398,5672.0801,5599.5498,5599.5498,0.0
2020-04-24,5622.7598,5622.7598,5464.98,5464.98,0.0
2020-04-27,5493.21,5493.21,5390.9702,5450.4502,0.0
2020-04-28,5470.8301,5574.98,5466.4702,5574.98,0.0
2020-04-29,5589.27,5656.0098,5556.23,5643.9702,0.0
2020-04-30,5695.1299,5716.8799,5654.96,5700.71,0.0
2020-05-04,5601.3901,5601.3901,5502.0498,5572.0898,0.0
2020-05-05,5610.0,5703.96,5603.3999,5671.6699,0.0
2020-05-06,5689.7798,5702.5801,5594.8101,5639.27,0.0
2020-05-07,5661.9502,5670.3398,5599.8198,5653.1602,0.0
2020-05-08,5674.4702,5696.3101,5621.9399,5621.9399,0.0
2020-05-11,5641.5298,5681.6802,5627.1899,5667.9302,0.0
2020-05-12,5667.4199,5668.3599,5633.8198,5651.6699,0.0
2020-05-13,5656.1899,5661.1802,5607.77,5626.25,0.0
2020-05-14,5612.9702,5654.7002,5556.8101,5654.7002,0.0
2020-05-15,5659.1201,5664.25,5541.9502,5541.9502,0.0
2020-05-18,5557.9902,5557.9902,5466.8799,5479.3501,0.0
2020-05-19,5543.5898,5571.3999,5537.02,5555.8501,0.0
2020-05-20,5568.3999,5581.96,5518.52,5581.96,0.0
2020-05-21,5582.27,5613.8999,5557.0801,5604.4902,0.0
2020-05-22,5600.96,5600.96,5535.6499,5539.1899,0.0
2020-05-26,5526.9902,5533.6499,5396.1299,5496.8301,0.0
2020-05-27,5499.9702,5523.7798,5423.7798,5523.7798,0.0
2020-05-28,5533.2202,5574.2202,5492.0898,5570.2202,0.0
2020-05-29,5600.7202,5838.8398,5600.7202,5838.8398,0.0
2020-06-01,5791.3198,5931.6499,5750.0,5930.1699,0.0
2020-06-02,5933.4302,6043.0898,5930.0498,6025.1699,0.0
2020-06-03,6064.6699,6245.6499,6062.0498,6245.6499,0.0
2020-06-04,6231.5601,6517.4902,6231.5601,6517.4902,0.0
2020-06-05,6452.6401,6465.1299,6299.8301,6465.1299,0.0
2020-06-08,6487.7598,6551.2598,6430.7202,6514.0,0.0
2020-06-09,6527.3599,6583.8398,6438.9702,6583.8398,0.0
2020-06-10,6551.3198,6551.3198,6349.2002,6439.3701,0.0
2020-06-11,6398.1899,6476.2402,6263.2002,6476.2402,0.0
2020-06-15,6340.3198,6340.3198,6163.8198,6163.8198,0.0
2020-06-16,6226.96,6316.23,6197.29,6281.75,0.0
2020-06-17,6348.8799,6352.8999,6278.02,6282.0098,0.0
2020-06-18,6258.8799,6348.4502,6205.25,6348.4502,0.0
2020-06-19,6293.1802,6375.0298,6260.1802,6315.0698,0.0
2020-06-22,6316.2002,6347.4302,6249.4702,6347.4302,0.0
2020-06-23,6324.52,6324.52,6258.3701,6297.7798,0.0
2020-06-24,6304.3301,6306.21,6188.8301,6188.8301,0.0
2020-06-25,6156.79,6162.2202,6109.2202,6118.2598,0.0
2020-06-26,6137.6099,6191.8398,6092.0098,6191.8398,0.0
2020-06-29,6125.5698,6125.5698,6040.4302,6105.1802,0.0
2020-06-30,6134.4902,6207.7202,6131.2202,6207.7202,0.0
2020-07-01,6223.54,6223.54,6139.4399,6209.71,0.0
2020-07-02,6211.5098,6382.6001,6183.0298,6364.0801,0.0
2020-07-03,6383.3701,6398.79,6322.9199,6372.6602,0.0
2020-07-06,6378.29,6381.0601,6299.98,6328.4102,0.0
2020-07-07,6349.1201,6349.6099,6267.3999,6267.3999,0.0
2020-07-08,6265.4302,6287.7402,6227.7402,6285.5,0.0
2020-07-09,6282.4302,6282.4302,6192.5801,6192.5801,0.0
2020-07-10,6157.4702,6197.3799,6098.5298,6197.3799,0.0
2020-07-13,6187.7798,6187.7798,6151.1099,6172.5698,0.0
2020-07-14,6158.3999,6178.6802,6135.29,6172.8101,0.0
2020-07-15,6166.3198,6166.3198,6010.8799,6016.5098,0.0
2020-07-16,6034.7598,6147.6602,6034.7598,6147.6602,0.0
2020-07-17,6116.2002,6141.23,6032.2998,6088.75,0.0
2020-07-20,6112.5801,6150.7002,6070.1899,6150.7002,0.0
2020-07-21,6114.0898,6152.0601,6095.7402,6136.3101,0.0
2020-07-22,6138.3799,6149.2002,6064.2598,6064.2598,0.0
2020-07-23,6076.8999,6076.8999,5915.8301,6029.0098,0.0
2020-07-24,6002.2002,6024.6499,5968.7202,6003.2598,0.0
2020-07-27,5985.2402,5985.2402,5858.2798,5860.9399,0.0
2020-07-28,5849.8301,5939.6001,5799.1099,5927.1099,0.0
2020-07-29,5923.1001,5966.27,5870.8301,5966.27,0.0
2020-07-30,5968.1299,5968.1299,5928.4502,5928.4502,0.0
2020-08-03,5816.23,5816.23,5695.5298,5715.9199,0.0
2020-08-04,5691.7402,5802.4902,5691.7402,5775.5,0.0
2020-08-05,5812.2202,5888.8501,5803.5801,5833.5801,0.0
2020-08-06,5860.3599,5902.5801,5819.3701,5902.5801,0.0
2020-08-07,5906.8701,5906.8701,5834.8599,5846.02,0.0
2020-08-10,5853.1201,5930.9199,5832.6001,5930.9199,0.0
2020-08-11,5934.9102,5984.3501,5913.5898,5953.9399,0.0
2020-08-12,5980.4902,5995.0,5966.9702,5995.0,0.0
2020-08-13,6015.2598,6097.7798,6010.6001,6097.7798,0.0
2020-08-14,6069.6699,6076.9102,6014.7798,6076.9102,0.0
2020-08-17,6081.1099,6081.1099,6012.1401,6068.7798,0.0
2020-08-18,6098.0801,6156.4502,6058.98,6156.4502,0.0
2020-08-19,6167.1299,6167.1299,6042.1201,6042.1201,0.0
2020-08-20,6058.3501,6064.0898,5962.6401,6005.3999,0.0
2020-08-24,5997.5498,5997.5498,5925.7998,5943.5801,0.0
2020-08-25,5934.2598,5962.8901,5893.1401,5953.4399,0.0
2020-08-26,5935.8301,5935.8301,5895.7002,5931.3301,0.0
2020-08-27,5930.04,5950.5298,5919.7402,5921.5498,0.0
2020-08-28,5917.71,5931.3901,5872.2598,5884.1802,0.0
2020-09-01,5922.0601,5946.2202,5799.2402,5799.2402,0.0
2020-09-02,5820.7002,5820.7002,5703.5898,5738.3901,0.0
2020-09-03,5751.1401,5775.9702,5723.46,5772.8599,0.0
2020-09-04,5750.1602,5785.0898,5695.7798,5785.0898,0.0
2020-09-07,5787.7002,5935.8501,5772.0098,5935.8501,0.0
2020-09-08,5917.54,6034.0298,5908.4702,6034.0298,0.0
2020-09-09,6000.1602,6000.1602,5932.8398,5932.8398,0.0
2020-09-10,5955.5498,5973.5898,5902.3901,5902.3901,0.0
2020-09-11,5906.9399,5967.96,5888.3599,5967.96,0.0
2020-09-14,5954.23,5997.1401,5934.4702,5997.1401,0.0
2020-09-15,5989.4399,6018.21,5947.8501,6018.21,0.0
2020-09-16,5996.9902,5996.9902,5943.9199,5946.6201,0.0
2020-09-17,5946.0498,5946.0498,5886.3301,5943.52,0.0
2020-09-18,5945.25,5952.1001,5886.3701,5908.8999,0.0
2020-09-21,5913.6001,5925.3101,5879.7598,5909.3198,0.0
2020-09-22,5893.1899,5894.2798,5837.0298,5894.2798,0.0
2020-09-23,5900.8799,5903.5801,5876.7798,5892.7202,0.0
2020-09-24,5888.2002,5888.2002,5845.7998,5845.7998,0.0
2020-09-25,5842.8101,5880.1802,5829.6602,5838.6602,0.0
2020-09-28,5870.52,5872.1899,5846.23,5861.3901,0.0
2020-09-29,5878.2798,5878.3198,5841.6001,5841.6001,0.0
2020-09-30,5863.5,5878.5298,5849.5,5864.23,0.0
2020-10-01,5881.8999,5944.8701,5857.3799,5944.8701,0.0
2020-10-02,5942.1499,5999.3999,5924.8599,5999.3999,0.0
2020-10-05,6005.5801,6010.7598,5938.9502,5938.9502,0.0
2020-10-06,5938.4102,5949.6699,5850.8501,5910.6401,0.0
2020-10-07,5904.9102,5904.9102,5845.6802,5867.8799,0.0
2020-10-08,5888.4502,5942.6602,5825.48,5942.6602,0.0
2020-10-09,5943.71,5943.71,5908.52,5931.6099,0.0
2020-10-12,5935.3999,5954.4702,5910.73,5937.0498,0.0
2020-10-13,5938.6099,5946.0698,5920.77,5923.23,0.0
2020-10-14,5923.9199,5933.8301,5913.0098,5925.2998,0.0
2020-10-15,5930.4302,5950.5,5919.5498,5938.3301,0.0
2020-10-16,5921.3398,5939.6201,5898.4702,5898.4702,0.0
2020-10-19,5913.7798,6019.2598,5913.7798,6019.2598,0.0
2020-10-20,6022.6099,6133.0,6018.3301,6112.71,0.0
2020-10-21,6146.04,6290.6802,6146.04,6278.5898,0.0
2020-10-22,6309.8701,6344.6299,6241.3101,6344.6299,0.0
2020-10-23,6370.9199,6484.4502,6370.9199,6484.0601,0.0
2020-10-26,6496.1899,6517.2598,6453.2002,6491.1899,0.0
2020-10-27,6467.4502,6467.4502,6381.1899,6415.0801,0.0
2020-10-28,6413.6001,6415.0298,6377.79,6377.79,0.0
2020-10-29,6326.3101,6326.3101,6248.48,6249.3901,0.0
2020-10-30,6233.6001,6328.3799,6202.8999,6324.0,0.0
2020-11-03,6282.8901,6358.4199,6250.8701,6335.5601,0.0
2020-11-04,6374.4702,6464.0498,6334.0898,6464.0498,0.0
2020-11-05,6477.1602,6702.75,6477.1602,6644.77,0.0
2020-11-06,6686.1299,6709.73,6571.0,6685.6899,0.0
2020-11-09,6665.0801,6685.8501,6619.5898,6685.8501,0.0
2020-11-10,6792.5801,7035.48,6792.5801,7035.48,0.0
2020-11-11,6968.9302,7079.1802,6944.1099,7024.2598,0.0
2020-11-13,6933.8901,6972.6602,6917.02,6969.8799,0.0
2020-11-16,6991.3901,6991.3901,6857.8901,6918.0498,0.0
2020-11-17,6950.52,6971.6001,6921.1201,6959.1401,0.0
2020-11-18,6971.8999,7051.7798,6970.4902,7051.7798,0.0
2020-11-19,7008.96,7012.54,6974.6499,6997.6201,0.0
2020-11-20,7024.23,7169.79,7021.1802,7169.79,0.0
2020-11-23,7163.98,7263.71,7158.6802,7178.6201,0.0
2020-11-24,7211.1299,7228.1201,7016.1099,7108.6699,0.0
2020-11-25,7125.4399,7146.1299,6994.79,7001.5098,0.0
2020-11-26,6987.3198,6987.3198,6843.1099,6927.75,0.0
2020-11-27,6885.0698,6909.0298,6791.46,6791.46,0.0
2020-12-01,6740.2998,7009.5601,6740.2998,7009.5601,0.0
2020-12-02,7019.25,7080.6201,6988.27,7080.6201,0.0
2020-12-03,7077.6299,7194.1299,7022.8599,7194.1299,0.0
2020-12-04,7184.5698,7196.96,7097.3501,7134.5601,0.0
2020-12-07,7173.7002,7203.6699,7142.2998,7203.6699,0.0
2020-12-09,7197.0698,7247.3398,7102.6602,7102.6602,0.0
2020-12-10,7114.6899,7166.8501,7114.6899,7154.4302,0.0
2020-12-11,7183.8799,7304.8999,7181.2202,7246.1602,0.0
2020-12-14,7244.3799,7311.21,7214.9399,7281.3501,0.0
2020-12-15,7281.9102,7290.6001,7214.1401,7227.73,0.0
2020-12-16,7242.4702,7299.7002,7202.4902,7299.7002,0.0
2020-12-17,7271.6499,7298.02,7236.8198,7298.02,0.0
2020-12-18,7266.96,7286.6699,7222.0098,7272.7998,0.0
2020-12-21,7244.8501,7251.02,7157.8799,7224.8901,0.0
2020-12-22,7206.3301,7206.54,7081.1401,7202.3901,0.0
2020-12-23,7169.0498,7206.46,7075.1802,7204.3799,0.0
2020-12-28,7142.9502,7142.9502,7058.6602,7122.25,0.0
2020-12-29,7123.1201,7173.27,7120.8198,7139.71,0.0
2021-01-04,7149.6401,7207.79,7137.9102,7197.5,0.0
2021-01-05,7186.7202,7186.7202,7104.0,7134.1802,0.0
2021-01-06,7126.9102,7127.0098,6928.8999,7047.8501,0.0
2021-01-07,7054.3901,7126.0698,7028.0601,7119.6099,0.0
2021-01-08,7141.3501,7289.8799,7134.75,7289.8799,0.0
2021-01-11,7292.9902,7432.3999,7285.0801,7304.79,0.0
2021-01-12,7326.54,7326.54,7253.8101,7258.1099,0.0
2021-01-13,7259.46,7284.6001,7233.9902,7242.8501,0.0
2021-01-14,7183.9502,7308.4399,7180.8799,7273.1499,0.0
2021-01-15,7282.2598,7297.4102,7238.46,7238.46,0.0
2021-01-18,7230.0498,7230.0498,7157.6299,7203.4399,0.0
2021-01-19,7158.73,7198.4502,7137.5601,7198.4502,0.0
2021-01-20,7164.0601,7172.1602,7082.75,7143.2998,0.0
2021-01-21,7161.0698,7161.0698,7112.3301,7140.29,0.0
2021-01-22,7116.7598,7116.7598,7007.2002,7045.8301,0.0
2021-01-25,7026.77,7071.5,7012.7598,7071.5,0.0
2021-01-26,7039.1699,7039.1699,6961.0601,6977.1602,0.0
2021-01-27,6947.52,6949.48,6824.8799,6863.6099,0.0
2021-01-28,6808.7202,6918.2998,6770.75,6851.8398,0.0
2021-01-29,6826.6499,6827.3799,6612.6201,6612.6201,0.0
2021-02-01,6634.5898,6814.7598,6634.5898,6814.7598,0.0
2021-02-02,6838.2598,6917.9199,6837.3101,6867.8799,0.0
2021-02-03,6895.4302,6913.2998,6819.4199,6859.46,0.0
2021-02-04,6858.04,6903.75,6809.4102,6903.75,0.0
2021-02-05,6899.1499,7019.1802,6843.8301,7019.1802,0.0
2021-02-08,6997.2798,7032.1201,6965.9302,7024.48,0.0
2021-02-09,7014.79,7091.9199,7014.79,7065.5498,0.0
2021-02-10,7076.3799,7159.1099,7073.7798,7082.1499,0.0
2021-02-11,7059.48,7076.0098,6991.0098,6991.0098,0.0
2021-02-15,6996.5801,7026.3999,6959.21,6959.21,0.0
2021-02-16,6969.9302,7044.0601,6969.9302,7044.0601,0.0
2021-02-17,6991.3599,6995.6001,6916.71,6966.4302,0.0
2021-02-18,6954.3701,6972.2598,6849.6401,6849.6401,0.0
2021-02-19,6858.7202,6926.4102,6841.48,6926.4102,0.0
2021-02-22,6901.9302,6907.4702,6810.3398,6810.3398,0.0
2021-02-23,6808.1299,6814.6699,6736.4199,6814.6699,0.0
2021-02-24,6808.4199,6808.4199,6735.8398,6755.9502,0.0
2021-02-26,6718.0601,6827.1699,6681.1401,6794.8599,0.0
2021-03-01,6828.7002,6874.3999,6798.8101,6872.9702,0.0
2021-03-02,6862.6401,6919.54,6848.8101,6919.54,0.0
2021-03-03,6918.7402,6942.7598,6871.1802,6942.7598,0.0
2021-03-04,6911.1699,6921.1001,6839.3398,6882.4902,0.0
2021-03-05,6864.5801,6896.25,6829.21,6881.3701,0.0
2021-03-08,6879.77,6879.77,6745.75,6756.9199,0.0
2021-03-09,6738.8301,6769.3799,6668.3301,6766.8301,0.0
2021-03-10,6752.8999,6808.3198,6727.1001,6808.3198,0.0
2021-03-11,6782.5698,6782.5698,6705.6699,6719.1802,0.0
2021-03-12,6734.3999,6749.1299,6693.9102,6728.5498,0.0
2021-03-15,6694.0898,6694.0898,6489.79,6552.46,0.0
2021-03-16,6529.1001,6610.5298,6519.1802,6559.0801,0.0
2021-03-17,6574.3101,6593.5298,6548.54,6566.8301,0.0
2021-03-18,6581.4702,6675.8398,6577.6401,6630.8501,0.0
2021-03-19,6628.7402,6638.9302,6436.1001,6436.1001,0.0
2021-03-22,6381.5898,6444.5801,6325.6401,6395.1699,0.0
2021-03-23,6381.8198,6446.3501,6381.8198,6446.3501,0.0
2021-03-24,6427.7202,6497.0098,6393.1401,6497.0098,0.0
2021-03-25,6498.5098,6603.5498,6498.5098,6581.0,0.0
2021-03-26,6567.8901,6576.6001,6526.29,6544.6299,0.0
2021-03-29,6469.2598,6653.52,6432.0698,6607.7798,0.0
2021-03-30,6586.9302,6603.0601,6504.1802,6545.5498,0.0
2021-03-31,6554.4302,6557.04,6443.0898,6443.0898,0.0
2021-04-05,6447.3999,6500.3501,6446.04,6495.1499,0.0
2021-04-06,6521.2598,6590.1099,6518.4902,6590.1099,0.0
2021-04-07,6591.0498,6651.71,6578.1201,6651.71,0.0
2021-04-08,6648.71,6648.71,6542.27,6545.1699,0.0
2021-04-12,6562.1099,6566.6699,6504.5898,6518.6401,0.0
2021-04-13,6520.0298,6520.0298,6431.71,6457.79,0.0
2021-04-14,6474.25,6523.21,6453.2598,6523.21,0.0
2021-04-15,6505.1299,6539.96,6464.4902,6539.96,0.0
2021-04-16,6533.5601,6533.5601,6490.6802,6494.8101,0.0
2021-04-19,6503.77,6503.77,6459.7598,6459.7598,0.0
2021-04-20,6464.6499,6500.4199,6459.4399,6500.4199,0.0
2021-04-21,6492.52,6494.7798,6439.3901,6439.3901,0.0
2021-04-22,6451.23,6451.6499,6374.3301,6415.5298,0.0
2021-04-23,6423.2998,6424.5498,6371.4302,6378.0698,0.0
2021-04-26,6417.77,6417.77,6348.5601,6389.3799,0.0
2021-04-27,6387.1499,6397.7402,6356.4702,6356.4702,0.0
2021-04-28,6381.7402,6469.1401,6375.29,6469.1401,0.0
2021-04-29,6453.2598,6487.5098,6420.9399,6487.5098,0.0
2021-04-30,6475.6099,6476.1099,6370.8701,6370.8701,0.0
2021-05-03,6392.9702,6419.52,6369.2798,6369.2798,0.0
2021-05-04,6391.8301,6397.1899,6356.1401,6359.1499,0.0
2021-05-05,6352.5498,6354.8101,6299.6899,6299.6899,0.0
2021-05-06,6310.3701,6322.1699,6233.3301,6282.7798,0.0
2021-05-07,6278.7002,6305.9902,6257.5,6258.71,0.0
2021-05-10,6279.79,6321.5098,6279.79,6317.4102,0.0
2021-05-11,6298.9199,6341.1201,6281.6099,6326.8301,0.0
2021-05-12,6310.3301,6310.3301,6221.9302,6236.3999,0.0
2021-05-14,6262.3101,6269.3599,6080.9399,6269.3599,0.0
2021-05-17,6226.8301,6283.5801,6188.7402,6283.5801,0.0
2021-05-18,6230.54,6258.77,6210.0,6244.7402,0.0
2021-05-19,6262.52,6269.9902,6204.4502,6245.71,0.0
2021-05-20,6253.02,6253.02,6197.6401,6197.6401,0.0
2021-05-21,6201.8799,6218.4102,6172.1802,6199.25,0.0
2021-05-24,6195.8701,6209.0498,6156.2002,6164.8901,0.0
2021-05-25,6173.25,6203.0,6164.8999,6196.71,0.0
2021-05-26,6223.6699,6377.1001,6213.4399,6341.2402,0.0
2021-05-27,6374.3101,6665.1401,6365.7598,6665.1401,0.0
2021-05-28,6622.1802,6688.0698,6597.5,6674.5098,0.0
2021-05-31,6656.8799,6687.6401,6588.04,6628.4902,0.0
2021-06-01,6619.02,6644.8198,6576.6401,6627.4302,0.0
2021-06-02,6631.7202,6841.6899,6631.7202,6841.6899,0.0
2021-06-03,6835.2402,6835.2402,6760.1899,6791.8701,0.0
2021-06-04,6789.0298,6810.7598,6761.9102,6796.3398,0.0
2021-06-07,6801.3599,6801.3599,6758.0898,6763.9199,0.0
2021-06-08,6781.04,6809.7202,6767.3398,6809.7202,0.0
2021-06-09,6811.46,6922.8701,6805.0,6902.54,0.0
2021-06-10,6923.9502,6925.1401,6872.7202,6875.71,0.0
2021-06-11,6890.0298,6910.3301,6872.5898,6907.79,0.0
2021-06-14,6898.2002,6917.4902,6871.71,6917.4902,0.0
2021-06-15,6908.8101,6976.73,6893.4502,6976.73,0.0
2021-06-16,6957.9502,7001.21,6957.9502,6973.3501,0.0
2021-06-17,6968.5601,6974.5601,6878.4702,6887.9199,0.0
2021-06-18,6878.9902,6896.3599,6800.7002,6851.3799,0.0
2021-06-21,6840.2202,6849.4502,6783.1899,6827.1699,0.0
2021-06-22,6834.1899,6910.1699,6834.1899,6870.4102,0.0
2021-06-23,6871.8301,6918.96,6871.8301,6918.4102,0.0
2021-06-24,6917.8999,6919.1299,6886.0,6886.0,0.0
2021-06-25,6894.27,6950.5098,6894.27,6950.5098,0.0
2021-06-28,6949.5298,6954.6099,6901.8901,6937.96,0.0
2021-06-29,6939.25,6956.6499,6921.0698,6956.6499,0.0
2021-06-30,6941.1602,6957.5601,6901.9102,6901.9102,0.0
2021-07-01,6949.98,7002.23,6946.21,6964.0098,0.0
2021-07-02,6976.27,7002.2598,6963.4399,7002.2598,0.0
2021-07-05,6993.6802,7037.1401,6992.7002,7036.3799,0.0
2021-07-06,7064.2402,7064.2402,6992.4302,6992.4302,0.0
2021-07-07,6994.1299,6994.1299,6924.21,6943.0,0.0
2021-07-08,6945.9902,6966.5298,6917.3799,6924.9902,0.0
2021-07-09,6900.3398,6900.3398,6745.8501,6834.9199,0.0
2021-07-12,6838.1802,6913.8701,6838.1802,6913.8701,0.0
2021-07-13,6907.48,6907.48,6795.1299,6795.1299,0.0
2021-07-14,6811.5898,6835.4102,6785.8398,6835.4102,0.0
2021-07-15,6829.0498,6832.6899,6727.9302,6727.9302,0.0
2021-07-16,6743.7798,6783.9102,6653.5298,6693.8301,0.0
2021-07-19,6665.54,6665.54,6510.4302,6587.2002,0.0
2021-07-21,6611.6699,6611.6699,6451.1201,6476.21,0.0
2021-07-22,6496.9702,6586.0098,6496.9702,6576.6201,0.0
2021-07-23,6600.8799,6611.3101,6461.75,6520.7402,0.0
2021-07-26,6509.7402,6509.7402,6372.6099,6372.6099,0.0
2021-07-27,6404.21,6522.5801,6401.6602,6522.5801,0.0
2021-07-28,6511.8301,6511.8301,6370.25,6473.0298,0.0
2021-07-29,6465.21,6523.5601,6442.5098,6496.5298,0.0
2021-07-30,6520.1201,6520.1201,6270.23,6270.23,0.0
2021-08-02,6304.0298,6446.3101,6293.6602,6446.3101,0.0
2021-08-03,6442.3999,6560.0601,6376.1099,6560.0601,0.0
2021-08-04,6570.9399,6598.1802,6545.5601,6585.21,0.0
2021-08-05,6605.46,6605.46,6539.9102,6547.27,0.0
2021-08-06,6549.8901,6578.4102,6539.9102,6539.9102,0.0
2021-08-09,6555.7402,6637.4302,6537.2002,6632.5698,0.0
2021-08-10,6644.3901,6644.3901,6584.6299,6623.23,0.0
2021-08-11,6630.0601,6666.8599,6630.0601,6666.8599,0.0
2021-08-12,6648.23,6648.23,6546.0898,6556.5698,0.0
2021-08-13,6564.7798,6588.4399,6320.1899,6320.1899,0.0
2021-08-16,6420.3101,6513.6802,6413.77,6513.6802,0.0
2021-08-17,6511.02,6589.3501,6511.02,6561.4102,0.0
2021-08-18,6568.7202,6680.1802,6567.52,6680.1802,0.0
2021-08-19,6678.4302,6718.5098,6615.2402,6718.5098,0.0
2021-08-20,6717.9399,6743.2798,6633.2202,6633.2202,0.0
2021-08-23,6679.52,6690.1802,6591.6699,6591.6699,0.0
2021-08-24,6631.8701,6678.8198,6628.3999,6678.8198,0.0
2021-08-25,6682.9302,6822.1499,6666.9302,6822.1499,0.0
2021-08-26,6822.8301,6850.1802,6808.9399,6820.5298,0.0
2021-08-27,6799.0801,6831.2598,6774.02,6786.6201,0.0
2021-08-31,6786.1099,6855.4399,6651.0098,6855.4399,0.0
2021-09-01,6829.5801,6868.79,6779.7402,6785.9399,0.0
2021-09-02,6831.96,6887.1201,6828.8901,6834.6602,0.0
2021-09-03,6841.1299,6897.1299,6841.1299,6897.1299,0.0
2021-09-06,6884.6299,6898.9199,6867.1201,6877.1001,0.0
2021-09-07,6892.7998,6924.1401,6884.0498,6912.71,0.0
2021-09-08,6893.1602,6949.3901,6865.0298,6949.3901,0.0
2021-09-09,6939.1001,6949.6001,6897.1201,6924.02,0.0
2021-09-10,6914.9702,6970.5098,6908.6699,6970.5098,0.0
2021-09-13,6960.98,6973.0801,6937.25,6968.1401,0.0
2021-09-14,6976.8901,7033.0601,6920.3599,6920.3599,0.0
2021-09-15,6927.48,6974.9702,6861.0098,6880.2002,0.0
2021-09-16,6893.54,6968.4302,6885.7002,6968.4302,0.0
2021-09-17,6962.04,6979.9199,6912.8501,6912.8501,0.0
2021-09-20,6922.52,6928.8301,6824.6001,6857.8999,0.0
2021-09-21,6794.1299,6890.9702,6779.1899,6881.2002,0.0
2021-09-22,6891.4399,6934.4102,6890.6699,6890.73,0.0
2021-09-23,6904.5,6974.0,6904.5,6915.2798,0.0
2021-09-24,6940.2202,6985.9902,6939.98,6951.5298,0.0
2021-09-27,6965.8599,6987.2598,6947.3398,6956.2598,0.0
2021-09-28,6984.54,6984.54,6868.3398,6885.3599,0.0
2021-09-29,6875.1602,6934.1099,6771.7598,6934.1099,0.0
2021-09-30,6916.8198,6984.1401,6904.6899,6952.8799,0.0
2021-10-01,6964.4902,6984.79,6923.6001,6923.6001,0.0
2021-10-04,6929.71,6964.04,6929.71,6960.8901,0.0
2021-10-05,6946.7598,6981.2402,6921.6499,6981.2402,0.0
2021-10-06,6989.54,7073.1001,6973.2798,7057.4502,0.0
2021-10-07,7049.1699,7098.2998,6951.2998,6951.2998,0.0
2021-10-08,6972.1802,7076.0098,6906.8599,6906.8599,0.0
2021-10-11,6936.46,7171.4302,6936.46,7124.0098,0.0
2021-10-12,7115.2402,7166.6299,7095.9102,7107.8198,0.0
2021-10-13,7121.5898,7159.4199,7030.6802,7068.9199,0.0
2021-10-14,7132.1899,7194.5898,7132.1899,7183.1099,0.0
2021-10-15,7194.9902,7228.5898,7168.4199,7213.46,0.0
2021-10-18,7193.5698,7225.7402,7158.2402,7219.8101,0.0
2021-10-19,7236.2598,7289.9702,7236.2598,7266.3101,0.0
2021-10-20,7250.46,7297.0801,7250.46,7297.0801,0.0
2021-10-21,7321.25,7326.1001,7279.9102,7311.7202,0.0
2021-10-22,7305.2202,7305.2202,7265.4199,7289.6099,0.0
2021-10-25,7277.8198,7295.3501,7198.4199,7211.54,0.0
2021-10-26,7221.4902,7252.1001,7181.4702,7252.1001,0.0
2021-10-27,7254.2002,7287.0298,7218.6099,7230.1499,0.0
2021-10-28,7235.2202,7251.48,7144.4399,7157.73,0.0
2021-10-29,7159.6602,7182.6099,7043.6802,7054.7002,0.0
2021-11-02,7091.3999,7175.2002,7086.79,7106.0098,0.0
2021-11-03,7136.6699,7210.96,7136.6699,7184.7202,0.0
2021-11-04,7221.4702,7224.0498,7176.6401,7203.7202,0.0
2021-11-05,7247.21,7354.3701,7243.2798,7340.77,0.0
2021-11-08,7374.4199,7424.9399,7373.5298,7396.2202,0.0
2021-11-09,7415.9702,7441.6699,7407.2798,7441.6699,0.0
2021-11-10,7454.4902,7475.75,7361.2998,7375.6802,0.0
2021-11-11,7360.8901,7376.7202,7315.2202,7331.6499,0.0
2021-11-12,7329.8101,7387.8198,7329.25,7382.8398,0.0
2021-11-15,7378.73,7378.73,7333.3101,7342.3701,0.0
2021-11-16,7343.2402,7367.4199,7307.71,7367.4199,0.0
2021-11-17,7356.8701,7381.46,7344.3599,7349.8198,0.0
2021-11-18,7358.0698,7358.0698,7292.7798,7299.3398,0.0
2021-11-19,7298.0898,7298.0898,7209.6699,7280.5698,0.0
2021-11-22,7268.7402,7282.6699,7231.8999,7282.6699,0.0
2021-11-23,7272.7002,7401.1602,7261.1099,7401.1602,0.0
2021-11-24,7395.4902,7419.1001,7365.77,7419.1001,0.0
2021-11-25,7389.1099,7397.5801,7335.46,7369.27,0.0
2021-11-26,7346.0698,7346.0698,7263.4302,7278.4399,0.0
2021-11-29,7151.6602,7202.7202,7000.0,7200.8799,0.0
2021-12-01,7194.0898,7194.0898,6928.2998,6947.0601,0.0
2021-12-02,6952.48,7065.8901,6945.9902,7032.54,0.0
2021-12-03,7074.0098,7120.0698,7055.1899,7055.1899,0.0
2021-12-06,7075.7598,7151.48,7075.7598,7130.7402,0.0
2021-12-07,7153.4199,7170.8198,7098.0298,7147.2998,0.0
2021-12-09,7124.6602,7234.9199,7113.7202,7234.9199,0.0
2021-12-10,7231.2402,7231.2402,7180.3599,7192.1699,0.0
2021-12-13,7192.7998,7226.8198,7165.25,7197.6099,0.0
2021-12-14,7252.0098,7252.0098,7158.6499,7241.9902,0.0
2021-12-15,7234.9702,7263.27,7096.1499,7132.5801,0.0
2021-12-16,7132.5801,7233.2598,7132.5801,7233.2598,0.0
2021-12-17,7195.4399,7297.6602,7188.71,7297.6602,0.0
2021-12-20,7236.1201,7239.8501,7179.4102,7237.6099,0.0
2021-12-21,7226.0,7234.8999,7167.0601,7167.0601,0.0
2021-12-22,7178.54,7201.1201,7100.0698,7119.1899,0.0
2021-12-23,7143.6699,7248.0498,7143.6699,7248.0498,0.0
2021-12-24,7257.7202,7257.7202,7181.8599,7181.8599,0.0
2021-12-27,7184.8799,7254.7998,7166.9302,7254.7998,0.0
2021-12-28,7239.7798,7288.5801,7239.7798,7286.5,0.0
2021-12-29,7277.0801,7334.5601,7237.0098,7334.5601,0.0
2021-12-31,7274.6899,7274.6899,7119.4399,7122.6299,0.0
2022-01-03,7101.6401,7101.6401,7041.27,7041.27,0.0
2022-01-05,7069.1699,7131.0,6999.1699,7091.3999,0.0
2022-01-06,7037.9902,7085.52,7008.0698,7085.52,0.0
2022-01-07,7074.9902,7077.25,6978.0801,7011.1099,0.0
2022-01-10,6990.0698,7156.8398,6966.8501,7140.6699,0.0
2022-01-11,7114.8701,7160.7998,7067.98,7085.6899,0.0
2022-01-12,7142.5298,7215.1299,7134.0,7215.1299,0.0
2022-01-13,7217.3799,7317.0898,7217.3799,7307.75,0.0
2022-01-14,7281.4502,7293.4399,7261.3398,7261.3398,0.0
2022-01-17,7266.4102,7280.1099,7223.8301,7223.8301,0.0
2022-01-18,7246.3501,7343.96,7244.8398,7343.96,0.0
2022-01-19,7304.6201,7304.6201,7242.2798,7261.54,0.0
2022-01-20,7258.1699,7281.5601,7218.6802,7239.2798,0.0
2022-01-21,7225.2202,7293.52,7204.27,7293.52,0.0
2022-01-24,7256.3999,7256.8501,7215.27,7252.6401,0.0
2022-01-25,7255.2798,7288.21,7242.0801,7288.21,0.0
2022-01-26,7283.1499,7283.1499,7210.21,7253.6099,0.0
2022-01-27,7243.6899,7275.2798,7237.7998,7273.52,0.0
2022-01-28,7266.96,7315.3101,7251.9702,7251.9702,0.0
2022-01-31,7279.0498,7369.9399,7279.0498,7361.6499,0.0
2022-02-02,7380.1401,7517.5,7380.1401,7458.9902,0.0
2022-02-03,7460.5898,7460.5898,7382.77,7382.77,0.0
2022-02-04,7407.9702,7470.1299,7394.4399,7456.3501,0.0
2022-02-07,7469.29,7474.5298,7378.7002,7380.2998,0.0
2022-02-08,7400.8999,7473.71,7400.8999,7458.23,0.0
2022-02-09,7475.21,7552.2002,7475.21,7502.48,0.0
2022-02-10,7508.73,7538.7798,7427.4399,7432.6201,0.0
2022-02-11,7446.21,7446.21,7270.3599,7270.3599,0.0
2022-02-14,7276.6299,7361.1499,7276.6299,7361.1499,0.0
2022-02-15,7338.2798,7372.6499,7292.9502,7309.9399,0.0
2022-02-16,7324.8799,7452.8198,7324.8799,7452.8198,0.0
2022-02-17,7455.0898,7464.1899,7423.9502,7438.9302,0.0
2022-02-18,7419.5801,7425.4399,7368.6699,7418.79,0.0
2022-02-21,7330.4399,7372.25,7257.4302,7372.25,0.0
2022-02-22,7341.3501,7440.9102,7289.6499,7440.9102,0.0
2022-02-23,7414.9902,7414.9902,7347.4399,7364.21,0.0
2022-02-24,7355.8701,7383.8999,7179.6299,7212.23,0.0
2022-02-28,7175.8198,7326.0698,7175.8198,7311.0098,0.0
2022-03-01,7322.3799,7404.6099,7317.4399,7404.6099,0.0
2022-03-02,7375.6201,7379.1299,7286.2598,7304.02,0.0
2022-03-03,7319.8799,7388.0898,7310.2402,7388.0898,0.0
2022-03-04,7369.7998,7375.2798,7320.4399,7342.0098,0.0
2022-03-07,7304.7598,7304.7598,7158.3301,7288.0698,0.0
2022-03-08,7167.9502,7176.1899,6977.73,6977.73,0.0
2022-03-09,6967.54,7095.1201,6967.54,6989.8799,0.0
2022-03-10,7094.7798,7125.3999,7043.4502,7124.7998,0.0
2022-03-11,7084.7798,7112.1899,7044.8398,7112.1899,0.0
2022-03-14,7076.79,7076.79,6797.0898,6816.9502,0.0
2022-03-15,6820.7798,7019.9199,6638.3999,7019.9199,0.0
2022-03-16,7004.5698,7026.4502,6957.46,7026.4502,0.0
2022-03-17,7053.54,7156.77,7046.5601,7122.4502,0.0
2022-03-18,7112.0,7140.8999,7007.6299,7007.6299,0.0
2022-03-21,7024.79,7054.98,6949.8501,6956.6001,0.0
2022-03-22,6940.8501,7008.9399,6900.4902,7008.9399,0.0
2022-03-23,6986.1899,7013.6699,6977.6099,7009.4302,0.0
2022-03-24,7005.27,7082.6099,6985.4702,7082.6099,0.0
2022-03-25,7073.6099,7124.8398,7048.5298,7124.8398,0.0
2022-03-28,7120.7402,7134.3599,7080.3701,7134.3599,0.0
2022-03-29,7090.2202,7115.0898,7062.7202,7115.0898,0.0
2022-03-30,7097.1802,7167.02,7097.1802,7167.02,0.0
2022-03-31,7173.6899,7203.4702,7156.4902,7203.4702,0.0
2022-04-01,7160.48,7162.4399,7103.4702,7152.8799,0.0
2022-04-04,7124.25,7163.21,7124.25,7163.21,0.0
2022-04-05,7158.5698,7158.5698,7106.4902,7156.0698,0.0
2022-04-06,7129.27,7130.9199,7080.4902,7109.2598,0.0
2022-04-07,7100.0601,7120.8198,6926.0298,6926.0298,0.0
2022-04-08,6957.4199,7018.02,6950.1001,7018.02,0.0
2022-04-11,7017.9502,7026.9199,6988.29,6988.29,0.0
2022-04-12,6992.9702,6992.9702,6895.3599,6895.3599,0.0
2022-04-13,6907.9702,6984.8999,6907.9702,6984.8999,0.0
2022-04-18,7010.9199,7010.9199,6977.3999,6996.1099,0.0
2022-04-19,7009.48,7047.4902,7009.1499,7037.7402,0.0
2022-04-20,7085.23,7142.4199,7067.7402,7142.4199,0.0
2022-04-21,7145.5,7156.8501,7050.6201,7061.4902,0.0
2022-04-22,7067.9302,7072.5898,6959.9502,6998.5898,0.0
2022-04-25,6971.8799,7020.8301,6913.4302,7020.8301,0.0
2022-04-26,6996.0098,7001.9102,6964.0,6980.02,0.0
2022-04-27,6936.1001,6945.2998,6832.9199,6863.9102,0.0
2022-04-28,6858.0,6909.4502,6828.8501,6909.4502,0.0
2022-04-29,6911.6401,6911.6401,6731.25,6731.25,0.0
2022-05-02,6742.8301,6764.1001,6668.3901,6721.0801,0.0
2022-05-04,6736.2998,6802.73,6630.46,6802.73,0.0
2022-05-05,6827.9399,6881.5898,6785.3901,6868.9199,0.0
2022-05-06,6800.9399,6855.0098,6759.8999,6759.8999,0.0
2022-05-10,6632.3501,6720.9302,6547.4399,6720.9302,0.0
2022-05-11,6677.2402,6695.8501,6630.52,6635.8599,0.0
2022-05-12,6633.6802,6633.6802,6532.2998,6532.2998,0.0
2022-05-13,6545.52,6569.3599,6379.1699,6379.1699,0.0
2022-05-16,6458.5698,6539.3301,6458.5698,6502.1201,0.0
2022-05-17,6518.1201,6594.6602,6495.6802,6594.6602,0.0
2022-05-18,6621.1699,6727.6001,6607.98,6727.6001,0.0
2022-05-19,6651.1699,6711.1499,6597.1401,6660.0498,0.0
2022-05-20,6683.1499,6763.7402,6683.1499,6746.3301,0.0
2022-05-23,6757.5898,6757.5898,6678.0098,6687.8501,0.0
2022-05-24,6693.6099,6693.6099,6577.4502,6577.4502,0.0
2022-05-25,6580.0898,6612.0801,6574.98,6597.7598,0.0
2022-05-26,6607.1899,6645.52,6589.1802,6645.52,0.0
2022-05-27,6655.5098,6726.1401,6641.1602,6726.1401,0.0
2022-05-30,6741.9502,6839.27,6729.8999,6822.3198,0.0
2022-05-31,6832.0801,6832.0801,6774.6802,6774.6802,0.0
2022-06-01,6786.9199,6786.9199,6698.79,6712.21,0.0
2022-06-02,6722.73,6722.73,6653.4102,6686.8301,0.0
2022-06-03,6667.6201,6743.1499,6653.96,6741.3999,0.0
2022-06-06,6747.6001,6749.0698,6699.9702,6716.8799,0.0
2022-06-07,6717.6201,6754.0098,6705.6299,6754.0098,0.0
2022-06-08,6768.3501,6797.5498,6733.1401,6769.6201,0.0
2022-06-09,6796.3799,6796.3799,6684.6299,6758.5898,0.0
2022-06-10,6713.3301,6713.3301,6530.04,6530.04,0.0
2022-06-13,6503.0601,6503.5298,6430.4502,6467.0098,0.0
2022-06-14,6416.8701,6474.5298,6384.4102,6474.5298,0.0
2022-06-15,6443.8501,6472.6401,6319.4199,6319.4199,0.0
2022-06-16,6374.4302,6393.3799,6327.23,6393.0098,0.0
2022-06-17,6308.8599,6331.5601,6273.73,6331.5601,0.0
2022-06-20,6341.98,6349.0098,6302.5,6333.9399,0.0
2022-06-21,6349.2598,6370.7402,6255.6802,6285.1899,0.0
2022-06-22,6289.27,6299.4102,6168.0,6168.0,0.0
2022-06-23,6177.5601,6215.8999,6054.79,6065.23,0.0
2022-06-24,6096.48,6217.5601,6096.48,6217.5601,0.0
2022-06-27,6241.9399,6253.5098,6197.98,6238.8198,0.0
2022-06-28,6247.1401,6349.4902,6232.0498,6345.4102,0.0
2022-06-29,6361.23,6374.9102,6303.1899,6303.1899,0.0
2022-06-30,6321.04,6337.3398,6140.2202,6155.4302,0.0
2022-07-01,6174.3701,6223.5601,6148.4302,6165.3501,0.0
2022-07-04,6195.8999,6210.8301,6160.8799,6183.6201,0.0
2022-07-05,6193.1602,6309.9902,6193.1602,6309.9902,0.0
2022-07-06,6323.6201,6445.0098,6312.0898,6445.0098,0.0
2022-07-07,6419.8999,6425.23,6332.54,6352.3198,0.0
2022-07-08,6366.6802,6497.9702,6358.4399,6361.8198,0.0
2022-07-11,6381.1099,6396.0,6315.52,6388.6401,0.0
2022-07-12,6378.3398,6393.6802,6349.9399,6349.9399,0.0
2022-07-13,6347.6299,6351.8198,6235.5698,6255.3701,0.0
2022-07-14,6250.0601,6255.96,6166.6099,6248.1299,0.0
2022-07-15,6240.8301,6240.8301,6127.2598,6195.2598,0.0
2022-07-18,6182.27,6268.7798,6162.27,6268.7798,0.0
2022-07-19,6255.5698,6287.0298,6249.2598,6286.2402,0.0
2022-07-20,6294.9702,6351.77,6263.9902,6274.7998,0.0
2022-07-21,6298.3101,6347.5801,6245.6299,6256.1699,0.0
2022-07-22,6258.5698,6266.6299,6233.4102,6263.3901,0.0
2022-07-25,6239.3501,6241.6602,6163.2598,6209.5298,0.0
2022-07-26,6206.7998,6234.25,6201.9702,6223.0,0.0
2022-07-27,6208.9302,6237.27,6171.4502,6236.7598,0.0
2022-07-28,6274.7202,6379.2598,6274.7202,6379.2598,0.0
2022-07-29,6351.7002,6351.7002,6265.9502,6315.9302,0.0
2022-08-01,6309.0698,6325.9702,6227.3301,6312.0298,0.0
2022-08-02,6310.0298,6362.2998,6291.9399,6362.2998,0.0
2022-08-03,6359.9702,6430.0801,6336.02,6430.0801,0.0
2022-08-04,6435.6099,6483.1099,6415.3901,6483.1099,0.0
2022-08-05,6484.6099,6519.7998,6405.5,6405.5,0.0
2022-08-08,6425.4702,6437.9199,6370.8301,6434.2402,0.0
2022-08-09,6431.6001,6468.9702,6408.3901,6468.9702,0.0
2022-08-10,6464.5601,6471.8398,6413.96,6471.8398,0.0
2022-08-11,6505.7402,6680.6802,6505.7402,6680.6802,0.0
2022-08-12,6676.27,6730.5298,6646.79,6699.6602,0.0
2022-08-15,6699.4902,6745.96,6691.1699,6737.8398,0.0
2022-08-16,6735.5601,6850.6401,6703.0898,6850.6401,0.0
2022-08-17,6845.6499,6883.6001,6817.0,6818.9902,0.0
2022-08-18,6770.4199,6844.1401,6753.0298,6824.6299,0.0
2022-08-19,6834.7598,6867.8901,6819.1499,6863.8599,0.0
2022-08-22,6848.9502,6848.9502,6704.4102,6704.4102,0.0
2022-08-23,6680.52,6680.52,6591.8301,6618.3799,0.0
2022-08-24,6618.8599,6677.6899,6614.8398,6643.4502,0.0
2022-08-25,6657.1802,6726.6802,6656.7002,6706.4302,0.0
2022-08-26,6697.04,6752.5,6680.73,6752.5,0.0
2022-08-30,6616.4302,6690.4399,6600.9902,6690.27,0.0
2022-08-31,6661.1499,6661.1499,6583.6499,6583.6499,0.0
2022-09-01,6594.6699,6606.21,6569.1699,6588.2798,0.0
2022-09-02,6586.0801,6692.6499,6586.0801,6692.6499,0.0
2022-09-05,6693.8398,6698.54,6640.0298,6676.04,0.0
2022-09-06,6681.1299,6721.4102,6668.4102,6709.6001,0.0
2022-09-07,6709.46,6709.46,6554.0801,6554.0801,0.0
2022-09-08,6574.48,6600.6602,6548.0801,6593.7402,0.0
2022-09-09,6593.5698,6629.29,6586.7202,6606.0,0.0
2022-09-12,6625.3999,6715.75,6625.3999,6715.75,0.0
2022-09-13,6710.8901,6710.8901,6666.1401,6701.8101,0.0
2022-09-14,6604.48,6618.1299,6560.5098,6582.8599,0.0
2022-09-15,6586.5498,6633.6299,6575.6699,6575.6699,0.0
2022-09-16,6586.9102,6588.25,6539.25,6548.77,0.0
2022-09-19,6544.6401,6550.02,6433.3198,6437.4199,0.0
2022-09-20,6459.9199,6500.7598,6448.46,6448.46,0.0
2022-09-21,6437.3999,6446.98,6315.54,6341.6899,0.0
2022-09-22,6304.1899,6304.1899,6227.5801,6301.71,0.0
2022-09-23,6291.3701,6291.3701,6235.6699,6259.54,0.0
2022-09-27,6193.04,6193.04,5962.1699,6020.0698,0.0
2022-09-28,6038.98,6044.1699,5879.6802,5879.6802,0.0
2022-09-29,5967.3198,6006.52,5911.6499,5934.25,0.0
2022-09-30,5874.5698,5874.5698,5741.0698,5741.0698,0.0
2022-10-03,5734.3398,5784.1899,5699.2998,5783.1499,0.0
2022-10-04,5851.77,5987.7202,5850.6499,5987.7202,0.0
2022-10-05,6033.4302,6033.4302,5949.8101,5988.5898,0.0
2022-10-06,5990.2798,6021.5801,5934.27,5934.27,0.0
2022-10-07,5940.77,5941.7998,5869.5898,5932.1899,0.0
2022-10-10,5898.8301,5898.8301,5832.5801,5832.5801,0.0
2022-10-11,5849.8701,5899.3999,5835.2202,5847.3701,0.0
2022-10-12,5850.5898,5873.1099,5836.8198,5853.6299,0.0
2022-10-13,5869.8501,5914.73,5841.5698,5895.6401,0.0
2022-10-14,5954.96,5967.6899,5904.75,5904.75,0.0
2022-10-17,5901.5498,5977.1299,5891.7798,5970.3301,0.0
2022-10-18,5997.7798,6128.6401,5969.7798,6128.6401,0.0
2022-10-19,6130.9502,6148.3101,6077.3799,6148.3101,0.0
2022-10-20,6137.2598,6181.75,6028.4902,6055.9902,0.0
2022-10-21,6067.6299,6075.7402,5983.5601,5983.5601,0.0
2022-10-24,6021.54,6071.7002,6018.98,6028.79,0.0
2022-10-25,6038.1099,6073.4102,6020.8799,6073.4102,0.0
2022-10-26,6070.0098,6121.5298,6053.5898,6121.5298,0.0
2022-10-27,6120.8999,6230.5801,6111.9399,6230.5801,0.0
2022-10-28,6210.8398,6210.8398,6153.4302,6153.4302,0.0
2022-11-02,6258.9102,6258.9102,6159.6001,6206.2402,0.0
2022-11-03,6155.7998,6157.46,6110.0298,6156.1099,0.0
2022-11-04,6148.4702,6185.5298,6083.5,6185.5298,0.0
2022-11-07,6184.79,6295.5801,6167.6499,6295.5801,0.0
2022-11-08,6303.5801,6345.8301,6260.5,6289.1001,0.0
2022-11-09,6286.25,6320.3901,6236.96,6241.6802,0.0
2022-11-10,6230.8398,6248.9102,6158.2598,6167.5698,0.0
2022-11-11,6307.73,6349.2598,6272.2002,6286.77,0.0
2022-11-14,6296.2202,6362.3501,6289.0498,6354.7598,0.0
2022-11-15,6334.6699,6418.9399,6320.7402,6418.9399,0.0
2022-11-16,6423.6299,6423.6299,6333.9502,6392.0898,0.0
2022-11-17,6380.8101,6406.0098,6366.0498,6403.7402,0.0
2022-11-18,6415.3398,6451.6099,6403.5,6437.3799,0.0
2022-11-21,6451.4399,6451.4399,6364.2998,6403.2402,0.0
2022-11-22,6401.3999,6463.1802,6401.3999,6429.6499,0.0
2022-11-23,6441.4199,6510.3198,6437.7598,6510.3198,0.0
2022-11-24,6503.98,6536.1699,6496.8901,6530.5098,0.0
2022-11-25,6529.1099,6606.9399,6480.6201,6606.9399,0.0
2022-11-28,6589.8301,6681.6099,6570.6201,6681.4702,0.0
2022-11-29,6652.0,6780.7798,6600.02,6780.7798,0.0
2022-12-01,6814.1401,6814.1401,6732.96,6734.9902,0.0
2022-12-02,6731.1699,6731.1699,6489.6499,6489.6499,0.0
2022-12-05,6503.5698,6541.77,6442.1299,6442.1299,0.0
2022-12-06,6463.0098,6674.3799,6456.8101,6674.3799,0.0
2022-12-07,6662.75,6662.75,6525.1602,6525.1602,0.0
2022-12-09,6560.1299,6580.1201,6515.5298,6580.1201,0.0
2022-12-12,6602.5801,6642.3999,6566.8599,6585.2002,0.0
2022-12-13,6611.1602,6631.6602,6566.9502,6582.3799,0.0
2022-12-14,6610.46,6632.1201,6583.3501,6615.0698,0.0
2022-12-15,6618.8501,6631.0898,6537.54,6566.7998,0.0
2022-12-16,6523.0698,6552.3198,6478.2798,6496.5,0.0
2022-12-19,6474.0,6477.9902,6360.9702,6414.27,0.0
2022-12-20,6412.4199,6458.1201,6385.2002,6458.1201,0.0
2022-12-21,6464.3501,6521.1699,6449.6401,6520.7998,0.0
2022-12-22,6540.9302,6580.21,6521.6699,6576.9399,0.0
2022-12-23,6567.9199,6567.9199,6536.6699,6541.0298,0.0
2022-12-27,6549.0898,6579.2598,6519.8999,6564.8999,0.0
2022-12-28,6567.1299,6576.71,6530.27,6566.54,0.0
2022-12-29,6553.6699,6591.2798,6529.6899,6566.3901,0.0
2023-01-03,6555.3999,6624.7598,6550.1699,6586.0098,0.0
2023-01-04,6601.5,6755.27,6601.5,6718.5,0.0
2023-01-05,6738.9302,6767.0498,6730.52,6761.3301,0.0
2023-01-06,6736.6499,6736.6499,6666.6802,6667.9702,0.0
2023-01-09,6692.2998,6790.2402,6685.0698,6790.2402,0.0
2023-01-10,6783.3999,6783.3999,6740.0298,6756.6899,0.0
2023-01-11,6764.6802,6774.4702,6709.3398,6709.3398,0.0
2023-01-12,6723.5298,6833.5298,6723.5298,6833.5298,0.0
2023-01-13,6833.7598,6959.6299,6816.4199,6951.54,0.0
2023-01-16,6966.0,7132.1001,6966.0,7045.48,0.0
2023-01-17,7041.0601,7046.4502,6952.79,7014.04,0.0
2023-01-18,7008.0098,7094.8599,6967.8701,7094.8599,0.0
2023-01-19,7049.7998,7083.8701,7043.8999,7062.0098,0.0
2023-01-20,7056.4302,7063.5,7035.6499,7056.6201,0.0
2023-01-23,7051.46,7069.6802,7003.4199,7069.6802,0.0
2023-01-24,7065.6001,7137.6201,7039.0498,7041.5,0.0
2023-01-25,7072.4902,7085.54,7047.73,7081.3599,0.0
2023-01-26,7088.1401,7101.8398,7042.7002,7042.7002,0.0
2023-01-27,7062.6299,7080.3999,7043.6001,7052.1602,0.0
2023-01-30,7048.7598,7053.7202,6929.1802,6970.9702,0.0
2023-01-31,6935.6699,6935.6699,6740.1899,6793.25,0.0
2023-02-01,6814.52,7035.7598,6813.77,7035.7598,0.0
2023-02-02,7027.9199,7028.3701,6959.7798,6986.1899,0.0
2023-02-03,7012.8701,7027.3799,6901.2202,7027.3799,0.0
2023-02-06,6997.46,6997.46,6892.0,6936.6099,0.0
2023-02-07,6919.0098,6931.79,6881.2598,6881.2598,0.0
2023-02-08,6885.27,6963.46,6884.4902,6923.0801,0.0
2023-02-09,6922.1299,6922.1299,6840.1201,6842.79,0.0
2023-02-10,6852.1699,6884.2002,6848.71,6876.79,0.0
2023-02-13,6865.54,6902.8701,6834.27,6838.7598,0.0
2023-02-14,6847.9902,6863.7402,6791.2402,6791.2402,0.0
2023-02-15,6790.5298,6829.0298,6747.1001,6822.0898,0.0
2023-02-16,6814.2598,6848.48,6808.5298,6815.9102,0.0
2023-02-17,6805.21,6808.9702,6745.54,6779.02,0.0
2023-02-20,6793.8599,6794.98,6735.5298,6744.1201,0.0
2023-02-21,6757.9502,6800.96,6719.1001,6800.96,0.0
2023-02-22,6778.2002,6778.2002,6696.7202,6699.23,0.0
2023-02-23,6704.9102,6704.9102,6666.4102,6685.8999,0.0
2023-02-27,6684.4502,6684.4502,6537.52,6599.3398,0.0
2023-02-28,6609.4102,6670.4902,6556.2002,6556.2002,0.0
2023-03-01,6602.96,6630.2002,6579.48,6607.1299,0.0
2023-03-02,6628.3501,6690.6299,6598.1499,6622.4502,0.0
2023-03-03,6640.3301,6694.3599,6640.3301,6655.3701,0.0
2023-03-06,6673.1802,6737.0298,6671.1201,6671.1201,0.0
2023-03-07,6707.5498,6739.5,6705.1201,6705.1201,0.0
2023-03-08,6681.21,6711.4902,6617.8599,6711.4902,0.0
2023-03-09,6711.1099,6711.1099,6609.27,6609.27,0.0
2023-03-10,6596.1602,6596.1602,6518.4302,6589.8799,0.0
2023-03-13,6529.5698,6599.96,6498.3999,6544.4502,0.0
2023-03-14,6525.75,6525.75,6393.3301,6393.3301,0.0
2023-03-15,6441.6699,6513.2598,6434.9302,6466.1001,0.0
2023-03-16,6437.6699,6437.6699,6330.5298,6404.9102,0.0
2023-03-17,6411.1802,6485.6099,6409.29,6469.7202,0.0
2023-03-20,6452.0298,6452.0298,6389.48,6451.02,0.0
2023-03-21,6459.54,6530.75,6459.54,6530.75,0.0
2023-03-22,6540.4502,6593.2202,6540.4502,6546.27,0.0
2023-03-23,6514.1401,6536.3599,6494.0601,6536.3599,0.0
2023-03-24,6523.73,6602.8398,6523.73,6602.1699,0.0
2023-03-27,6598.73,6598.73,6568.7002,6595.0298,0.0
2023-03-28,6607.3599,6627.1299,6603.1499,6603.1499,0.0
2023-03-29,6622.4399,6630.9702,6590.1099,6630.9702,0.0
2023-03-30,6632.5601,6644.75,6610.7598,6644.75,0.0
2023-03-31,6635.6899,6635.6899,6499.6802,6499.6802,0.0
2023-04-03,6524.3101,6529.9902,6507.1001,6529.9902,0.0
2023-04-04,6533.9302,6538.9702,6463.98,6472.04,0.0
2023-04-05,6470.54,6518.1699,6470.54,6488.5098,0.0
2023-04-11,6502.45996094,6506.58984375,6473.95019531,6479.62988281,0.0
2023-04-12,6473.72998047,6479.16015625,6428.91992188,6469.41992188,0.0
2023-04-13,6453.29003906,6453.29003906,6394.10009766,6448.87011719,0.0
2023-04-14,6445.5498,6481.9102,6445.5498,6481.9102,0.0
2023-04-17,6483.2402,6505.6201,6425.1401,6505.6201,0.0
2023-04-18,6499.6699,6499.6699,6454.27,6464.7202,0.0
2023-04-19,6456.96,6468.6299,6425.8999,6446.3501,0.0
2023-04-20,6466.6802,6520.4399,6453.27,6520.4399,0.0
2023-04-24,6523.8501,6598.3799,6522.2002,6598.3799,0.0
2023-04-25,6595.5098,6597.3301,6575.04,6593.3901,0.0
2023-04-26,6584.8599,6584.8599,6512.98,6540.2402,0.0
2023-04-27,6541.3599,6597.8301,6530.8999,6583.6802,0.0
2023-04-28,6592.1401,6635.3999,6587.4102,6625.0801,0.0
2023-05-02,6624.9502,6673.4399,6616.8799,6672.6899,0.0
2023-05-03,6675.71,6675.71,6606.6899,6606.6899,0.0
2023-05-04,6612.1401,6684.4399,6612.1401,6684.3501,0.0
2023-05-05,6678.8799,6706.2202,6673.3198,6685.6602,0.0
2023-05-08,6709.5601,6750.0601,6600.7402,6600.7402,0.0
2023-05-09,6615.73,6646.5801,6594.4502,6622.6099,0.0
2023-05-10,6632.8301,6660.6602,6621.5801,6658.5898,0.0
2023-05-11,6669.3999,6704.5298,6657.5098,6675.46,0.0
2023-05-12,6661.6001,6668.6499,6578.1499,6578.1499,0.0
2023-05-15,6582.5698,6585.7202,6523.1499,6523.1499,0.0
2023-05-16,6549.3398,6596.3398,6549.3398,6588.8999,0.0
2023-05-17,6595.46,6644.3799,6593.6602,6635.1099,0.0
2023-05-18,6642.5298,6658.1602,6628.6401,6628.6401,0.0
2023-05-19,6635.4502,6694.0898,6635.4502,6664.5498,0.0
2023-05-22,6651.1899,6651.1899,6596.79,6620.8301,0.0
2023-05-23,6601.75,6641.7598,6592.1699,6603.5601,0.0
2023-05-24,6596.2998,6615.9502,6589.8101,6615.9502,0.0
2023-05-25,6612.4702,6613.8501,6560.2202,6560.2202,0.0
2023-05-26,6570.9502,6570.9502,6496.4702,6530.2002,0.0
2023-05-29,6543.9302,6593.1602,6532.7202,6593.1602,0.0
2023-05-30,6574.79,6574.79,6510.6699,6510.6699,0.0
2023-05-31,6517.0698,6522.0898,6469.9102,6477.3599,0.0
2023-06-01,6502.7598,6502.7598,6430.5801,6430.5801,0.0
2023-06-02,6449.9702,6512.0098,6449.9702,6512.0098,0.0
2023-06-05,6525.6299,6544.1299,6521.0601,6521.6401,0.0
2023-06-06,6526.21,6539.4902,6479.9302,6479.9302,0.0
2023-06-07,6490.3501,6564.7002,6483.8701,6564.7002,0.0
2023-06-08,6546.4702,6551.98,6520.5298,6539.3599,0.0
2023-06-09,6541.04,6553.23,6501.9302,6507.1499,0.0
2023-06-13,6492.0601,6525.4199,6471.5298,6507.2598,0.0
2023-06-14,6505.3398,6526.3599,6423.6899,6434.0601,0.0
2023-06-15,6434.9399,6461.4199,6386.8398,6461.4199,0.0
2023-06-16,6450.2998,6508.3701,6413.5698,6508.3398,0.0
2023-06-19,6491.8501,6491.8501,6422.1099,6450.3398,0.0
2023-06-20,6434.0298,6448.8999,6410.3301,6448.8999,0.0
2023-06-21,6420.7998,6437.3999,6406.8799,6424.21,0.0
2023-06-22,6423.0601,6423.0601,6374.0698,6404.9102,0.0
2023-06-23,6404.3799,6421.7798,6392.6299,6393.5498,0.0
2023-06-26,6422.5698,6545.4502,6419.9302,6523.0898,0.0
2023-06-27,6519.79,6547.3301,6491.8101,6502.8501,0.0
2023-06-29,6507.4199,6550.25,6507.4199,6511.4902,0.0
2023-06-30,6525.3901,6525.3901,6468.0698,6468.0698,0.0
2023-07-03,6459.5298,6508.21,6459.5298,6508.21,0.0
2023-07-04,6501.6499,6519.0698,6494.5098,6514.4702,0.0
2023-07-05,6509.2002,6512.3901,6446.79,6512.3901,0.0
2023-07-06,6491.5298,6496.1499,6436.54,6474.2598,0.0
2023-07-07,6459.2598,6459.2598,6379.0298,6379.0298,0.0
2023-07-10,6386.23,6410.5,6375.2598,6379.7202,0.0
2023-07-11,6387.98,6430.2798,6385.4399,6398.6401,0.0
2023-07-12,6424.1899,6466.8501,6421.0498,6466.8501,0.0
2023-07-13,6475.6602,6579.04,6475.6602,6578.4902,0.0
2023-07-14,6581.3999,6624.79,6526.4399,6624.79,0.0
2023-07-17,6604.9102,6610.8901,6550.7598,6550.7598,0.0
2023-07-18,6560.3701,6610.5698,6528.7998,6528.7998,0.0
2023-07-19,6539.23,6564.1699,6530.3301,6541.9102,0.0
2023-07-20,6547.7998,6645.3599,6547.7998,6613.5,0.0
2023-07-21,6620.0298,6689.04,6620.0298,6647.5601,0.0
2023-07-24,6653.5498,6677.48,6631.25,6631.25,0.0
2023-07-25,6650.6201,6698.4102,6650.6201,6661.1099,0.0
2023-07-26,6683.2202,6683.2202,6622.6099,6679.1299,0.0
2023-07-27,6660.1201,6677.9199,6627.5898,6677.9199,0.0
2023-07-28,6664.6201,6671.6099,6625.2598,6625.2598,0.0
2023-07-31,6632.6001,6678.29,6591.4702,6591.4702,0.0
2023-08-01,6627.5601,6641.9199,6593.7998,6593.7998,0.0
2023-08-02,6607.0498,6616.2598,6475.7998,6483.2798,0.0
2023-08-03,6496.8599,6576.7598,6496.8599,6576.7598,0.0
2023-08-04,6580.4902,6590.6499,6450.8398,6450.8398,0.0
2023-08-07,6498.5898,6522.5898,6485.0298,6507.7798,0.0
2023-08-08,6517.1299,6541.6401,6465.98,6472.9702,0.0
2023-08-09,6490.0898,6530.4502,6478.7402,6530.4502,0.0
2023-08-10,6508.7798,6508.7798,6446.7998,6449.6602,0.0
2023-08-11,6457.0498,6458.77,6405.9102,6405.9102,0.0
2023-08-14,6404.27,6404.27,6306.8101,6329.1899,0.0
2023-08-15,6337.6699,6370.4302,6297.1699,6335.9102,0.0
2023-08-16,6333.2002,6410.0898,6322.1001,6410.0898,0.0
2023-08-17,6393.5298,6409.98,6353.7402,6364.9702,0.0
2023-08-18,6352.0801,6366.0801,6290.27,6290.27,0.0
2023-08-22,6286.9199,6291.04,6212.3901,6212.3901,0.0
2023-08-23,6225.2998,6225.2998,6179.6299,6179.6299,0.0
2023-08-24,6204.2998,6278.1802,6204.2998,6225.7798,0.0
2023-08-25,6222.2998,6222.2998,6144.0298,6160.6099,0.0
2023-08-29,6161.0298,6225.0,6142.1499,6225.0,0.0
2023-08-30,6224.8101,6300.4399,6224.8101,6295.29,0.0
2023-08-31,6291.9502,6291.9502,6175.25,6175.25,0.0
2023-09-01,6215.5498,6220.25,6179.8799,6181.0601,0.0
2023-09-04,6195.3701,6217.7402,6183.7402,6214.6802,0.0
2023-09-05,6211.75,6258.5,6193.9102,6225.0,0.0
2023-09-06,6243.3701,6245.7402,6205.7998,6241.6899,0.0
2023-09-07,6223.75,6223.75,6170.0698,6183.0698,0.0
2023-09-08,6193.3999,6222.9399,6173.1001,6222.9399,0.0
2023-09-11,6217.5601,6233.7402,6198.5,6233.7402,0.0
2023-09-12,6238.8901,6260.8701,6230.2002,6230.2002,0.0
2023-09-13,6235.8198,6239.3999,6149.1802,6149.1802,0.0
2023-09-14,6156.6499,6208.3999,6149.29,6208.3999,0.0
2023-09-15,6202.8901,6216.46,6126.3398,6126.3398,0.0
2023-09-18,6157.2202,6159.6802,6085.1699,6124.5698,0.0
2023-09-19,6121.0698,6121.1602,6034.3599,6047.9702,0.0
2023-09-20,6049.02,6061.6499,5998.3101,6041.04,0.0
2023-09-21,6053.96,6094.71,6043.1299,6094.71,0.0
2023-09-22,6096.8799,6142.79,6086.7798,6142.79,0.0
2023-09-25,6156.8701,6191.46,6118.1401,6172.8398,0.0
2023-09-26,6183.54,6280.7202,6171.7798,6263.9399,0.0
2023-09-27,6254.3501,6374.6802,6245.73,6374.6802,0.0
2023-09-28,6365.6499,6412.9399,6335.4702,6385.52,0.0
2023-09-29,6383.4102,6392.0898,6321.2402,6321.2402,0.0
2023-10-02,6334.0,6339.29,6304.5298,6304.5298,0.0
2023-10-03,6304.0898,6307.9399,6253.3301,6305.9902,0.0
2023-10-04,6289.2998,6298.2002,6270.3599,6298.2002,0.0
2023-10-05,6266.0,6289.6699,6178.6001,6178.6001,0.0
2023-10-06,6196.0498,6270.8901,6166.6899,6259.9502,0.0
2023-10-09,6238.1699,6271.7202,6227.25,6252.1602,0.0
2023-10-10,6265.8599,6303.4399,6263.7402,6264.0698,0.0
2023-10-11,6280.8501,6308.0498,6253.96,6253.96,0.0
2023-10-12,6266.04,6283.7202,6234.6001,6263.0601,0.0
2023-10-13,6264.6602,6283.5,6260.5,6266.3398,0.0
2023-10-16,6261.7202,6265.8501,6198.8301,6198.8301,0.0
2023-10-17,6215.1299,6286.21,6215.1299,6280.8999,0.0
2023-10-18,6278.5,6290.0498,6255.0298,6268.27,0.0
2023-10-19,6263.2202,6263.2202,6216.1001,6219.1602,0.0
2023-10-20,6208.5,6208.5,6142.8999,6142.8999,0.0
2023-10-23,6135.7002,6139.0498,6065.3701,6088.4399,0.0
2023-10-24,6086.4399,6103.6201,6039.7202,6039.7202,0.0
2023-10-25,6050.1001,6080.4902,6026.4302,6054.5,0.0
2023-10-26,6051.2598,6051.2598,5974.1699,6018.4902,0.0
2023-10-27,5996.2002,5999.5498,5956.8599,5961.9902,0.0
2023-10-31,5971.7402,5980.8198,5920.4702,5973.7798,0.0
2023-11-03,6039.3799,6083.6899,5989.27,5989.27,0.0
2023-11-06,6006.5898,6078.0298,6006.5898,6078.0298,0.0
2023-11-07,6081.4399,6131.3198,6055.6802,6131.3198,0.0
2023-11-08,6133.1899,6155.0298,6103.6401,6155.0298,0.0
2023-11-09,6155.6499,6203.7202,6155.6499,6188.2202,0.0
2023-11-10,6189.0,6189.0,6127.96,6161.8901,0.0
2023-11-13,6158.2202,6158.7598,6114.3398,6116.1401,0.0
2023-11-14,6122.3901,6128.0698,6079.1499,6110.8799,0.0
2023-11-15,6114.5801,6173.2598,6106.5898,6171.1299,0.0
2023-11-16,6177.6299,6191.48,6164.2002,6191.48,0.0
2023-11-17,6172.3901,6232.1201,6171.1699,6211.8901,0.0
2023-11-20,6206.3101,6211.9702,6174.52,6183.6299,0.0
2023-11-21,6196.9902,6219.0601,6183.0498,6208.8301,0.0
2023-11-22,6201.8501,6253.1802,6201.8501,6253.1802,0.0
2023-11-23,6249.46,6259.6602,6230.2598,6246.2002,0.0
2023-11-24,6249.79,6271.6299,6237.6602,6269.5,0.0
2023-11-28,6274.1602,6310.9702,6274.1602,6309.5698,0.0
2023-11-29,6306.96,6329.4199,6265.1401,6265.1401,0.0
2023-11-30,6258.8701,6259.2798,6207.0698,6223.73,0.0
2023-12-01,6230.8701,6254.0298,6221.52,6245.1802,0.0
2023-12-04,6237.8701,6284.3701,6234.3198,6284.3701,0.0
2023-12-05,6287.3901,6308.9502,6235.5801,6308.9502,0.0
2023-12-06,6306.3901,6306.3901,6273.9702,6305.8501,0.0
2023-12-07,6304.71,6306.4199,6227.7202,6234.77,0.0
2023-12-11,6203.3901,6228.29,6167.21,6228.29,0.0
2023-12-12,6225.75,6292.3901,6206.8799,6292.3901,0.0
2023-12-13,6256.6699,6306.0098,6245.6602,6255.7402,0.0
2023-12-14,6280.2598,6411.2402,6280.2598,6410.48,0.0
2023-12-15,6402.75,6478.4399,6396.48,6478.4399,0.0
2023-12-18,6459.9102,6516.3301,6452.4199,6475.5,0.0
2023-12-19,6476.3799,6524.5801,6447.8901,6521.27,0.0
2023-12-20,6521.96,6566.4102,6500.9702,6520.75,0.0
2023-12-21,6486.27,6496.4199,6428.1201,6469.23,0.0
2023-12-22,6466.9302,6501.0,6459.6802,6501.0,0.0
2023-12-27,6499.6001,6500.54,6462.7998,6462.7998,0.0
2023-12-28,6478.6001,6519.1099,6472.29,6519.1099,0.0
2023-12-29,6514.75,6523.8301,6450.04,6450.04,0.0
2024-01-02,6478.52,6555.6099,6464.3398,6554.04,0.0
2024-01-03,6539.8101,6544.8999,6483.7998,6498.8799,0.0
2024-01-04,6505.1099,6602.9199,6493.3701,6602.52,0.0
2024-01-05,6606.2402,6629.6401,6583.0601,6629.6401,0.0
2024-01-08,6633.21,6661.25,6609.2202,6609.2202,0.0
2024-01-09,6628.5498,6678.3501,6618.52,6618.52,0.0
2024-01-10,6587.6699,6593.77,6546.1099,6546.1099,0.0
2024-01-11,6562.3701,6637.7002,6562.3701,6613.73,0.0
2024-01-12,6619.9102,6676.54,6619.9102,6643.1802,0.0
2024-01-15,6655.9902,6695.4102,6650.4102,6680.4502,0.0
2024-01-16,6681.6699,6696.25,6637.0,6637.0,0.0
2024-01-17,6647.0801,6663.6802,6567.7598,6572.5098,0.0
2024-01-18,6567.29,6570.2998,6500.3101,6510.8701,0.0
2024-01-19,6528.6802,6528.6802,6496.96,6503.54,0.0
2024-01-22,6532.8301,6583.4702,6532.8301,6583.4702,0.0
2024-01-23,6594.29,6624.4302,6593.0698,6621.8799,0.0
2024-01-24,6630.2598,6679.96,6626.8198,6679.96,0.0
2024-01-25,6676.3999,6687.1201,6642.7002,6673.5,0.0
2024-01-26,6674.4399,6686.0898,6643.8301,6686.0898,0.0
2024-01-29,6680.6802,6689.1802,6630.6802,6630.6802,0.0
2024-01-30,6636.04,6662.4399,6622.0098,6622.0098,0.0
2024-01-31,6633.4502,6722.3198,6633.4502,6646.4399,0.0
2024-02-01,6623.9399,6644.1099,6601.3398,6623.0098,0.0
2024-02-02,6652.48,6765.3799,6652.04,6707.25,0.0
2024-02-05,6702.1201,6760.4102,6702.1201,6728.2202,0.0
2024-02-06,6756.7202,6774.21,6695.8198,6755.2598,0.0
2024-02-07,6772.9302,6877.6099,6772.9302,6830.04,0.0
2024-02-08,6844.6099,6931.5498,6844.6099,6850.1602,0.0
2024-02-12,6856.4502,6891.6899,6807.8198,6807.8198,0.0
2024-02-13,6824.0801,6848.5698,6824.0801,6827.9199,0.0
2024-02-14,6810.6401,6854.5298,6780.73,6854.5298,0.0
2024-02-15,6862.3799,6918.1499,6855.73,6882.1499,0.0
2024-02-16,6893.2202,6916.4302,6873.23,6873.23,0.0
2024-02-19,6882.3198,6901.3101,6798.6099,6798.6099,0.0
2024-02-20,6818.1401,6860.7998,6818.1401,6854.6602,0.0
2024-02-21,6846.5298,6897.3599,6833.9199,6897.3599,0.0
2024-02-22,6899.6099,6922.5,6896.5298,6903.1499,0.0
2024-02-23,6915.25,6990.6499,6913.21,6913.21,0.0
2024-02-26,6918.73,6941.8501,6891.4902,6891.4902,0.0
2024-02-27,6887.3599,6887.3599,6842.3301,6860.6699,0.0
2024-02-28,6859.2798,6878.23,6838.0498,6876.52,0.0
2024-02-29,6885.6499,6944.71,6885.6499,6944.71,0.0
2024-03-01,6931.3198,7005.2998,6919.5898,6919.5898,0.0
2024-03-04,6923.2402,7021.04,6908.8101,6951.6699,0.0
2024-03-05,6969.0801,6981.8398,6905.46,6905.46,0.0
2024-03-06,6882.4302,6894.48,6856.3799,6878.54,0.0
2024-03-07,6849.6299,6851.8599,6806.46,6837.3398,0.0
2024-03-08,6839.7402,6942.21,6835.5298,6942.21,0.0
2024-03-11,6939.54,6939.54,6852.21,6872.2402,0.0
2024-03-12,6885.9199,6928.4102,6878.4902,6879.5898,0.0
2024-03-13,6890.23,6980.6401,6889.5601,6965.5098,0.0
2024-03-14,6962.4399,6989.3799,6939.0098,6967.96,0.0
2024-03-15,6946.7002,6946.7002,6790.96,6822.3198,0.0
2024-03-18,6838.0298,6910.29,6838.0298,6853.29,0.0
2024-03-19,6851.3501,6900.5898,6831.1802,6848.4302,0.0
2024-03-20,6856.02,6871.2202,6840.7002,6856.77,0.0
2024-03-21,6875.2402,6963.2202,6875.2402,6963.2202,0.0
2024-03-22,6917.6802,6919.7598,6871.4502,6881.9702,0.0
2024-03-25,6879.75,6886.5298,6843.5,6853.1001,0.0
2024-03-26,6840.8501,6898.1699,6797.6499,6898.1699,0.0
2024-03-27,6884.46,6925.3701,6884.46,6903.5298,0.0
2024-04-01,6948.54,6991.77,6947.27,6979.8101,0.0
2024-04-02,7016.9302,7070.7202,6960.4302,6960.4302,0.0
2024-04-03,6960.5498,6964.9302,6863.8198,6863.8198,0.0
2024-04-04,6870.8999,6881.5801,6809.7798,6827.0601,0.0
2024-04-05,6819.23,6819.23,6728.8398,6745.46,0.0
2024-04-08,6750.7402,6750.7402,6686.5,6741.0698,0.0
2024-04-11,6727.27,6727.27,6669.6802,6677.6499,0.0
2024-04-12,6681.2598,6719.2002,6659.3901,6659.3901,0.0
2024-04-15,6630.4302,6630.4302,6556.9302,6562.4302,0.0
2024-04-16,6534.9399,6534.9399,6404.9702,6404.9702,0.0
2024-04-17,6432.1001,6497.8198,6424.8101,6450.04,0.0
2024-04-18,6481.8999,6548.8901,6481.0098,6523.1899,0.0
2024-04-19,6511.5,6540.8101,6406.98,6443.0,0.0
2024-04-22,6484.6099,6509.6602,6439.4399,6444.0801,0.0
2024-04-23,6463.6499,6515.4302,6463.6499,6506.7998,0.0
2024-04-24,6538.98,6595.4102,6538.98,6572.75,0.0
2024-04-25,6598.1401,6598.1401,6574.8799,6574.8799,0.0
2024-04-26,6557.9502,6628.75,6547.7598,6628.75,0.0
2024-04-29,6629.5698,6769.6401,6629.5698,6769.6401,0.0
2024-04-30,6756.3198,6777.27,6700.4902,6700.4902,0.0
2024-05-02,6654.9702,6679.5,6634.8398,6646.5498,0.0
2024-05-03,6664.4902,6666.0498,6604.5098,6615.5498,0.0
2024-05-06,6639.27,6683.71,6639.27,6652.4902,0.0
2024-05-07,6668.2402,6691.6802,6618.5801,6618.5801,0.0
2024-05-08,6620.3501,6659.1802,6571.6201,6659.1802,0.0
2024-05-09,6670.8501,6719.1899,6536.25,6542.46,0.0
2024-05-10,6574.2202,6598.9302,6511.9302,6511.9302,0.0
2024-05-13,6523.8799,6612.73,6523.8799,6604.25,0.0
2024-05-14,6601.9302,6608.3599,6587.8901,6608.3599,0.0
2024-05-15,6578.6499,6578.6499,6547.71,6558.6299,0.0
2024-05-16,6589.2402,6628.2002,6579.7402,6628.2002,0.0
2024-05-17,6619.5098,6649.6099,6578.2598,6618.6899,0.0
2024-05-20,6633.5898,6703.0,6617.5801,6682.7798,0.0
2024-05-21,6704.1401,6704.1401,6614.5098,6633.6602,0.0
2024-05-22,6606.7998,6620.5601,6578.5801,6607.2202,0.0
2024-05-23,6612.0898,6659.9902,6606.3701,6659.9902,0.0
2024-05-24,6634.6099,6634.6099,6587.0498,6619.8901,0.0
2024-05-27,6630.2202,6630.2202,6552.2998,6571.6001,0.0
2024-05-28,6572.96,6572.96,6495.9902,6501.3398,0.0
2024-05-29,6506.3999,6506.3999,6411.4102,6411.4102,0.0
2024-05-30,6410.3901,6415.6099,6341.54,6371.75,0.0
2024-05-31,6387.8901,6433.1,6356.52,6433.1,0.0
2024-06-03,6433.54,6472.52,6410.48,6470.7402,0.0
2024-06-04,6498.5601,6498.5601,6351.1899,6386.4199,0.0
2024-06-05,6400.46,6443.5898,6367.73,6441.3198,0.0
2024-06-06,6465.1299,6511.73,6453.4902,6509.8599,0.0
2024-06-07,6524.3599,6532.9302,6512.0498,6518.7598,0.0
2024-06-10,6511.8901,6511.8901,6443.52,6458.6401,0.0
2024-06-11,6456.8501,6464.2598,6410.0698,6410.0698,0.0
2024-06-13,6428.2798,6446.0601,6390.8301,6390.8301,0.0
2024-06-14,6394.4302,6400.3398,6370.6802,6383.7002,0.0
2024-06-18,6394.3301,6394.3301,6343.6899,6368.7998,0.0
2024-06-19,6371.52,6382.7598,6364.3999,6366.0298,0.0
2024-06-20,6372.46,6372.75,6313.1499,6344.5601,0.0
2024-06-21,6349.6699,6349.6699,6158.48,6158.48,0.0
2024-06-24,6202.6401,6272.46,6184.7202,6272.46,0.0
2024-06-25,6291.0898,6307.5098,6281.6699,6299.0498,0.0
2024-06-26,6308.5698,6313.1099,6277.8599,6313.1099,0.0
2024-06-27,6314.8398,6390.5801,6301.8398,6390.5801,0.0
2024-06-28,6394.73,6442.79,6387.6802,6411.9102,0.0
2024-07-01,6401.96,6436.3999,6382.25,6398.77,0.0
2024-07-02,6399.3701,6399.3701,6348.0601,6358.96,0.0
2024-07-03,6366.5801,6451.9399,6355.71,6450.0298,0.0
2024-07-04,6447.29,6517.6401,6437.5801,6507.4902,0.0
2024-07-05,6507.2798,6560.2002,6492.75,6492.75,0.0
2024-07-08,6506.4199,6559.3799,6506.4199,6529.4302,0.0
2024-07-09,6530.0498,6557.3198,6497.5298,6556.6602,0.0
2024-07-10,6550.0498,6561.71,6489.3501,6489.3501,0.0
2024-07-11,6492.46,6609.2402,6492.46,6609.2402,0.0
2024-07-12,6611.3901,6648.23,6589.5898,6648.23,0.0
2024-07-15,6635.27,6738.1201,6635.27,6689.3701,0.0
2024-07-16,6723.21,6736.8101,6667.0898,6667.0898,0.0
2024-07-17,6677.8501,6700.1802,6629.5098,6687.71,0.0
2024-07-18,6663.6499,6706.2002,6649.9302,6705.0098,0.0
2024-07-19,6707.4502,6829.9702,6707.4502,6791.6899,0.0
2024-07-22,6756.7598,6832.6602,6712.0498,6712.0498,0.0
2024-07-23,6727.5801,6753.8799,6686.71,6753.1201,0.0
2024-07-25,6698.25,6698.25,6651.6802,6670.27,0.0
2024-07-26,6684.6299,6726.0098,6675.6201,6726.0098,0.0
2024-07-29,6728.3301,6761.7598,6649.23,6649.23,0.0
2024-07-30,6658.9502,6671.3398,6569.8599,6606.3599,0.0
2024-07-31,6599.9702,6640.1699,6597.8701,6619.0898,0.0
2024-08-01,6645.1001,6693.8301,6619.7002,6693.8301,0.0
2024-08-02,6672.4702,6672.4702,6562.9102,6605.2998,0.0
2024-08-05,6535.5698,6535.5698,6397.1001,6434.73,0.0
2024-08-06,6439.7998,6512.4702,6433.2402,6433.2402,0.0
2024-08-07,6461.8599,6535.1699,6451.9502,6535.1699,0.0
2024-08-08,6536.5,6570.8198,6515.9102,6549.27,0.0
2024-08-09,6571.6499,6647.7998,6571.6499,6647.7998,0.0
2024-08-12,6653.0,6661.8599,6594.5898,6613.3599,0.0
2024-08-13,6624.3301,6670.0498,6615.3799,6650.4399,0.0
2024-08-14,6663.71,6723.1099,6663.71,6704.96,0.0
2024-08-15,6714.2002,6742.48,6692.9102,6692.9102,0.0
2024-08-16,6724.27,6866.6602,6724.27,6847.3701,0.0
2024-08-19,6863.0498,6943.5298,6863.0498,6889.8701,0.0
2024-08-20,6930.7998,7005.27,6930.7998,6944.7598,0.0
2024-08-21,6952.27,6983.8101,6900.6201,6900.6201,0.0
2024-08-22,6917.29,6987.04,6917.29,6961.96,0.0
2024-08-27,6967.9502,7008.8701,6967.9502,6973.4102,0.0
2024-08-28,6985.5601,7016.04,6958.0098,6958.0098,0.0
2024-08-29,6953.0098,6959.6401,6872.5498,6891.5498,0.0
2024-08-30,6904.5098,6930.4199,6881.3999,6897.54,0.0
2024-09-02,6927.25,6933.5098,6904.54,6923.4102,0.0
2024-09-03,6934.7002,6950.6099,6878.48,6882.9199,0.0
2024-09-04,6814.71,6882.1201,6759.9302,6882.1201,0.0
2024-09-05,6876.27,6914.6299,6872.7002,6907.9702,0.0
2024-09-06,6888.71,6940.4702,6886.4902,6936.0898,0.0
2024-09-09,6931.2998,7025.46,6920.8799,6984.25,0.0
2024-09-10,7004.02,7109.75,6984.6299,6984.6299,0.0
2024-09-11,7001.73,7017.7402,6944.8799,6944.8799,0.0
2024-09-12,6979.74,7049.81,6975.49,7024.67,0.0
2024-09-13,7049.71,7090.68,7022.85,7022.85,0.0
2024-09-16,7032.34,7104.2,7031.13,7104.2,0.0
2024-09-17,7094.36,7180.72,7094.36,7175.36,0.0
2024-09-18,7161.75,7219.17,7147.82,7155.9,0.0
2024-09-19,7151.28,7248.38,7151.28,7202.16,0.0
2024-09-20,7219.62,7338.66,7219.62,7252.32,0.0
2024-09-23,7291.47,7417.25,7291.47,7417.25,0.0
2024-09-24,7436.33,7474.44,7425.37,7432.21,0.0
2024-09-25,7422.36,7441.99,7341.13,7362.62,0.0
2024-09-26,7374.71,7458.74,7369.35,7458.74,0.0
2024-09-27,7428.49,7436.46,7402.35,7428.3,0.0
2024-09-30,7417.48,7421.24,7272.65,7272.65,0.0
2024-10-01,7278.15,7388.15,7278.15,7380.32,0.0
2024-10-02,7351.77,7412.87,7335.19,7402.81,0.0
2024-10-03,7406.79,7470.39,7388.92,7388.92,0.0
2024-10-04,7392.49,7467.92,7392.41,7467.92,0.0
2024-10-07,7464.81,7604.61,7464.81,7554.68,0.0
2024-10-08,7535.34,7546.29,7488.99,7537.25,0.0
2024-10-09,7518.21,7518.21,7424.52,7424.52,0.0
2024-10-10,7416.43,7457.41,7399.43,7411.47,0.0
2024-10-11,7415.19,7415.19,7291.05,7310.32,0.0
2024-10-14,7334.59,7404.46,7326.41,7326.41,0.0
2024-10-15,7359.1,7479.59,7359.1,7456.31,0.0
2024-10-16,7471.88,7483.78,7430.4,7437.0,0.0
2024-10-17,7468.04,7484.67,7400.33,7400.33,0.0
2024-10-18,7427.59,7447.94,7393.15,7415.73,0.0
2024-10-21,7416.81,7428.02,7386.85,7406.63,0.0
2024-10-22,7414.13,7452.74,7398.99,7413.16,0.0
2024-10-23,7411.31,7415.9,7346.24,7367.66,0.0
2024-10-24,7354.07,7354.07,7283.79,7283.79,0.0
2024-10-25,7283.79,7317.43,7272.21,7314.23,0.0
2024-10-28,7314.42,7355.55,7296.03,7343.24,0.0
2024-10-29,7331.89,7331.89,7230.97,7239.98,0.0
2024-10-30,7215.72,7280.24,7184.72,7280.24,0.0
2024-10-31,7252.11,7252.11,7142.96,7142.96,0.0
2024-11-04,7150.56,7150.56,7106.68,7136.1,0.0
2024-11-05,7131.26,7257.94,7131.26,7257.94,0.0
2024-11-06,7252.95,7262.24,7154.88,7165.42,0.0
2024-11-07,7142.54,7142.54,6923.99,7014.44,0.0
2024-11-08,7010.02,7010.02,6899.2,6977.18,0.0
2024-11-11,6967.48,6969.17,6900.93,6940.01,0.0
2024-11-12,6934.11,6953.97,6810.11,6810.11,0.0
2024-11-13,6815.61,6832.99,6714.33,6714.33,0.0
2024-11-14,6730.38,6730.38,6557.09,6557.09,0.0
2024-11-15,6567.44,6694.59,6565.15,6676.65,0.0
2024-11-18,6710.67,6774.24,6693.39,6761.35,0.0
2024-11-19,6768.94,6835.23,6758.38,6803.19,0.0
2024-11-20,6829.21,6975.63,6775.72,6975.63,0.0
2024-11-21,6890.76,6919.57,6857.9,6863.01,0.0
2024-11-22,6856.28,6856.28,6771.37,6780.13,0.0
2024-11-25,6803.1,6880.76,6794.47,6850.0,0.0
2024-11-26,6852.99,6859.16,6806.86,6806.86,0.0
2024-11-27,6820.98,6823.14,6702.59,6702.59,0.0
2024-11-28,6702.93,6711.37,6613.07,6638.54,0.0
2024-11-29,6634.25,6683.54,6609.56,6613.85,0.0
2024-12-02,6625.7,6742.89,6625.7,6742.89,0.0
2024-12-03,6771.92,6771.92,6707.13,6734.21,0.0
2024-12-04,6743.86,6762.88,6701.35,6729.96,0.0
2024-12-05,6730.06,6737.23,6683.67,6690.77,0.0
2024-12-06,6692.95,6729.14,6645.28,6729.14,0.0
2024-12-09,6713.87,6718.06,6670.23,6680.57,0.0
2024-12-10,6729.05,6742.01,6648.24,6724.82,0.0
2024-12-11,6720.93,6724.9,6642.71,6642.71,0.0
2024-12-12,6622.33,6667.98,6598.5,6641.35,0.0
2024-12-13,6631.61,6633.6,6583.61,6616.51,0.0
2024-12-16,6622.51,6633.89,6575.07,6615.16,0.0
2024-12-17,6591.24,6591.24,6462.72,6501.71,0.0
2024-12-18,6512.49,6520.81,6461.19,6469.08,0.0
2024-12-19,6439.38,6439.38,6337.83,6395.6,0.0
2024-12-20,6415.82,6476.93,6401.86,6406.38,0.0
2024-12-23,6422.74,6534.91,6382.2,6534.91,0.0
2024-12-26,6523.56,6539.31,6489.47,6539.02,0.0
2024-12-27,6558.81,6560.34,6472.75,6528.79,0.0
2025-01-02,6527.84,6550.39,6484.57,6550.39,0.0
2025-01-03,6540.32,6627.12,6521.61,6603.81,0.0
2025-01-06,6623.23,6661.13,6602.76,6625.17,0.0
2025-01-07,6628.16,6640.99,6545.38,6545.38,0.0
2025-01-08,6565.29,6566.71,6496.72,6496.72,0.0
2025-01-09,6501.0,6516.7,6460.6,6511.57,0.0
2025-01-10,6516.46,6520.29,6473.13,6496.32,0.0
2025-01-13,6492.87,6492.87,6343.1,6343.1,0.0
2025-01-14,6353.95,6374.72,6290.89,6299.67,0.0
2025-01-15,6332.65,6373.07,6309.09,6330.46,0.0
2025-01-16,6370.58,6419.26,6265.52,6265.52,0.0
2025-01-17,6329.43,6352.12,6278.11,6352.12,0.0
2025-01-20,6319.83,6382.25,6316.85,6349.89,0.0
2025-01-21,6339.24,6368.03,6326.3,6340.21,0.0
2025-01-22,6335.59,6392.05,6335.59,6348.34,0.0
2025-01-23,6359.37,6385.73,6319.39,6378.86,0.0
2025-01-24,6367.87,6378.7,6296.2,6296.2,0.0
2025-01-27,6320.78,6325.61,6196.88,6196.88,0.0
2025-01-28,6212.08,6248.31,6153.47,6153.47,0.0
2025-01-30,6163.02,6163.02,6076.93,6107.66,0.0
2025-01-31,6122.63,6128.93,5862.59,5862.59,0.0
2025-02-03,5986.65,5994.04,5883.04,5883.04,0.0
2025-02-04,5930.74,6094.0,5930.74,6089.06,0.0
2025-02-05,6102.49,6282.07,6094.66,6281.08,0.0
2025-02-06,6281.09,6281.09,6206.72,6241.97,0.0
2025-02-07,6254.65,6254.65,6154.99,6154.99,0.0
2025-02-10,6167.57,6188.89,6030.5,6037.12,0.0
2025-02-11,6059.31,6059.31,5955.73,5987.75,0.0
2025-02-12,6013.43,6073.83,5957.48,6044.13,0.0
2025-02-13,6038.17,6117.27,6022.94,6113.19,0.0
2025-02-14,6111.99,6113.45,6061.33,6061.33,0.0
2025-02-17,6070.02,6070.02,5968.53,5993.48,0.0
2025-02-18,5994.64,6107.62,5994.64,6094.96,0.0
2025-02-19,6097.77,6142.86,6089.65,6119.88,0.0
2025-02-20,6126.77,6126.77,6050.29,6066.63,0.0
2025-02-21,6070.3,6114.58,6068.99,6098.04,0.0
2025-02-24,6108.02,6114.6,6060.47,6095.97,0.0
2025-02-25,6101.29,6106.34,6030.06,6064.16,0.0
2025-02-26,6070.59,6144.96,6058.21,6144.96,0.0
2025-02-27,6151.3,6168.83,6122.05,6124.09,0.0
2025-02-28,6143.16,6143.16,5997.97,5997.97,0.0
2025-03-03,6045.57,6087.1,6037.19,6037.19,0.0
2025-03-04,6040.94,6081.27,6000.54,6064.11,0.0
2025-03-05,6060.96,6141.6,6057.72,6121.77,0.0
2025-03-06,6139.41,6275.34,6135.97,6219.96,0.0
2025-03-07,6237.22,6306.17,6224.2,6298.29,0.0
2025-03-10,6283.09,6360.77,6279.42,6360.77,0.0
2025-03-11,6311.3,6311.34,6156.97,6206.55,0.0
2025-03-12,6173.74,6195.26,6123.88,6195.26,0.0
2025-03-13,6212.1,6271.49,6206.63,6242.07,0.0
2025-03-14,6251.46,6299.7,6236.6,6294.11,0.0
2025-03-17,6313.24,6335.95,6306.19,6306.19,0.0
2025-03-18,6312.63,6329.74,6284.68,6284.68,0.0
2025-03-19,6268.5,6313.12,6245.24,6313.12,0.0
2025-03-20,6315.11,6337.72,6305.53,6323.13,0.0
2025-03-21,6325.94,6325.94,6266.75,6266.75,0.0
2025-03-24,6266.43,6266.43,6187.49,6192.02,0.0
2025-03-25,6194.02,6194.02,6106.39,6159.85,0.0
2025-03-26,6162.19,6166.05,6114.36,6166.05,0.0
2025-03-27,6180.22,6180.22,6125.52,6139.51,0.0
2025-03-28,6142.99,6151.3,6126.6,6147.44,0.0
2025-03-31,6149.19,6180.72,6105.93,6180.72,0.0
2025-04-02,6197.22,6247.68,6170.36,6247.68,0.0
2025-04-03,6221.02,6221.02,6112.78,6145.73,0.0
2025-04-04,6111.11,6111.11,6053.74,6084.19,0.0
2025-04-07,5900.19,5900.19,5804.56,5822.85,0.0
2025-04-08,5839.06,6006.34,5839.06,6006.34,0.0
2025-04-10,6197.72,6197.72,6067.97,6077.82,0.0
2025-04-11,6048.74,6087.18,5970.08,6082.44,0.0
2025-04-14,6111.6,6145.52,6091.61,6145.52,0.0
2025-04-15,6131.53,6186.1,6128.23,6186.1,0.0
2025-04-16,6175.06,6178.08,6121.26,6134.62,0.0
2025-04-21,6143.07,6152.38,6120.3,6138.0,0.0
2025-04-22,6146.16,6150.24,6112.26,6145.59,0.0
2025-04-23,6148.48,6168.48,6111.71,6168.48,0.0
2025-04-24,6167.28,6183.87,6146.41,6158.48,0.0
2025-04-25,6188.12,6294.72,6188.12,6268.75,0.0
2025-04-28,6293.51,6323.45,6249.5,6249.5,0.0
2025-04-29,6268.53,6285.98,6223.75,6252.19,0.0
2025-04-30,6280.28,6375.45,6278.54,6354.99,0.0
2025-05-02,6373.97,6452.63,6370.94,6411.86,0.0
2025-05-05,6418.62,6445.35,6359.63,6359.63,0.0
2025-05-06,6368.85,6437.98,6368.85,6418.69,0.0
2025-05-07,6458.35,6531.99,6458.35,6465.45,0.0
2025-05-08,6474.7,6516.85,6389.49,6389.49,0.0
2025-05-09,6441.35,6487.49,6433.94,6458.2,0.0
2025-05-13,6506.22,6566.82,6499.87,6566.82,0.0
2025-05-14,6558.56,6591.94,6550.06,6551.81,0.0
2025-05-15,6537.47,6537.47,6436.0,6466.86,0.0
2025-05-16,6459.74,6471.88,6403.03,6465.53,0.0
2025-05-19,6482.87,6482.87,6445.02,6454.84,0.0
2025-05-20,6458.27,6458.27,6335.33,6335.33,0.0
2025-05-21,6343.8,6375.35,6315.04,6375.35,0.0
2025-05-22,6360.38,6360.38,6269.09,6305.37,0.0
2025-05-23,6335.06,6413.1,6335.06,6413.1,0.0
2025-05-26,6403.32,6405.31,6373.35,6389.94,0.0
2025-05-27,6387.32,6399.85,6374.91,6384.62,0.0
2025-05-28,6411.01,6473.82,6411.01,6425.8,0.0
2025-05-29,6452.93,6453.72,6412.81,6412.81,0.0
2025-05-30,6444.92,6456.27,6337.24,6341.53,0.0
2025-06-02,6350.37,6367.91,6319.29,6352.66,0.0
2025-06-03,6366.32,6412.86,6366.32,6412.86,0.0
2025-06-04,6420.27,6428.89,6378.56,6378.56,0.0
2025-06-05,6379.14,6401.67,6361.58,6376.79,0.0
2025-06-09,6386.99,6406.13,6368.96,6406.13,0.0
2025-06-10,6403.75,6413.18,6340.24,6347.67,0.0
2025-06-11,6359.53,6384.45,6345.77,6381.32,0.0
2025-06-13,6405.76,6422.9,6394.85,6395.59,0.0
2025-06-16,6375.68,6377.27,6335.98,6358.58,0.0
2025-06-17,6378.59,6396.94,6364.77,6369.19,0.0
2025-06-18,6375.54,6386.04,6332.58,6337.43,0.0
2025-06-19,6344.34,6365.97,6320.56,6357.01,0.0
2025-06-20,6358.34,6370.28,6332.5,6339.77,0.0
2025-06-23,6300.17,6300.17,6204.04,6218.28,0.0
2025-06-24,6259.62,6331.02,6259.62,6292.75,0.0
2025-06-25,6307.97,6337.96,6307.97,6325.64,0.0
2025-06-26,6340.99,6345.66,6306.41,6330.65,0.0
2025-06-27,6334.74,6417.24,6334.74,6408.27,0.0
2025-06-30,6414.06,6448.02,6364.94,6364.94,0.0
2025-07-01,6393.66,6423.85,6372.59,6423.85,0.0
2025-07-02,6416.95,6419.05,6385.54,6419.05,0.0
2025-07-03,6401.2,6489.66,6401.2,6468.98,0.0
2025-07-04,6469.41,6470.01,6395.57,6395.57,0.0
2025-07-07,6403.57,6425.24,6376.99,6425.24,0.0
2025-07-08,6422.83,6447.42,6393.31,6433.6,0.0
2025-07-09,6438.62,6508.6,6438.62,6504.34,0.0
2025-07-10,6511.92,6536.68,6463.2,6463.2,0.0
2025-07-11,6481.45,6488.15,6450.41,6459.88,0.0
2025-07-14,6479.13,6547.8,6476.57,6525.04,0.0
2025-07-15,6529.94,6537.85,6459.47,6459.47,0.0
2025-07-16,6428.26,6428.26,6309.31,6337.48,0.0
2025-07-17,6347.1,6358.59,6285.41,6295.55,0.0
2025-07-18,6312.64,6339.86,6290.6,6303.72,0.0
2025-07-21,6310.1,6355.09,6310.1,6352.74,0.0
2025-07-22,6365.26,6365.26,6326.26,6355.69,0.0
2025-07-23,6370.34,6462.25,6370.34,6462.25,0.0
2025-07-24,6451.62,6466.1,6436.34,6444.16,0.0
2025-07-25,6461.85,6461.85,6393.83,6413.18,0.0
2025-07-28,6411.26,6417.43,6340.51,6379.75,0.0
2025-07-29,6384.23,6384.23,6316.7,6325.42,0.0
2025-07-30,6328.78,6333.92,6305.51,6318.23,0.0
2025-07-31,6314.4,6315.49,6222.04,6252.73,0.0
2025-08-01,6257.29,6306.13,6245.02,6306.13,0.0
2025-08-04,6315.54,6348.65,6258.93,6348.65,0.0
2025-08-05,6355.52,6375.38,6334.82,6353.63,0.0
2025-08-06,6355.89,6412.43,6348.73,6370.65,0.0
2025-08-07,6386.91,6388.58,6310.97,6364.69,0.0
2025-08-08,6355.32,6377.49,6322.83,6339.38,0.0
2025-08-11,6340.29,6342.63,6244.77,6254.36,0.0
2025-08-12,6266.76,6299.41,6260.17,6289.85,0.0
2025-08-13,6300.36,6340.5,6286.68,6325.09,0.0
2025-08-14,6346.17,6366.78,6291.85,6291.85,0.0
2025-08-15,6313.43,6321.17,6266.71,6315.93,0.0
2025-08-18,6331.01,6336.36,6286.09,6288.88,0.0
2025-08-19,6288.58,6290.17,6237.51,6277.67,0.0
2025-08-20,6288.28,6301.5,6270.94,6277.87,0.0
2025-08-22,6309.24,6309.24,6267.55,6281.58,0.0
2025-08-26,6267.93,6271.75,6145.24,6145.24,0.0
2025-08-27,6197.57,6277.91,6184.23,6273.34,0.0
2025-08-28,6279.05,6279.05,6190.19,6190.19,0.0
2025-08-29,6186.63,6207.8,6137.09,6155.57,0.0
2025-09-01,6170.68,6170.68,6114.34,6140.35,0.0
2025-09-02,6145.26,6145.68,6076.27,6128.89,0.0
2025-09-03,6113.35,6113.35,6065.1,6082.93,0.0
2025-09-04,6095.15,6115.99,6088.21,6106.92,0.0
2025-09-05,6131.39,6175.48,6122.9,6149.13,0.0
2025-09-08,6162.01,6170.24,6101.86,6101.86,0.0
2025-09-09,6107.42,6142.33,6100.23,6122.71,0.0
2025-09-10,6134.37,6151.73,6109.34,6120.09,0.0
2025-09-11,6137.72,6138.27,6114.11,6126.89,0.0
2025-09-12,6133.52,6146.65,6102.01,6109.21,0.0
2025-09-15,6116.1,6116.1,6036.63,6057.43,0.0
2025-09-16,6066.73,6158.5,6066.73,6148.74,0.0
2025-09-17,6167.69,6225.45,6155.22,6210.66,0.0
2025-09-18,6197.84,6233.62,6186.15,6233.62,0.0
2025-09-19,6255.79,6287.38,6248.46,6264.49,0.0
2025-09-22,6256.08,6256.08,6210.69,6214.83,0.0
2025-09-23,6222.46,6236.15,6118.54,6118.54,0.0
2025-09-24,6132.32,6149.21,6080.42,6108.72,0.0
2025-09-25,6117.29,6120.89,6032.2,6042.28,0.0
2025-09-26,6067.04,6067.04,5997.75,6027.12,0.0
2025-09-29,6042.94,6059.09,5984.09,5997.6,0.0
2025-09-30,5991.19,6008.61,5905.35,5953.46,0.0
2025-10-01,5951.85,6033.59,5932.35,6026.03,0.0
2025-10-02,6025.15,6050.55,6008.55,6039.76,0.0
2025-10-03,6063.22,6108.86,6034.48,6108.86,0.0
2025-10-06,6111.15,6129.1,6000.32,6000.32,0.0
2025-10-07,6007.4,6083.83,6007.4,6083.83,0.0
2025-10-08,6097.06,6138.25,6093.9,6098.74,0.0
2025-10-09,6105.56,6117.08,6056.65,6057.4,0.0
2025-10-10,6051.23,6071.42,6032.26,6037.79,0.0
2025-10-13,6026.11,6078.37,6002.98,6052.33,0.0
2025-10-14,6054.07,6112.99,6054.07,6076.22,0.0
2025-10-15,6103.46,6110.73,6071.56,6094.1,0.0
2025-10-16,6104.47,6130.17,6093.67,6093.67,0.0
2025-10-17,6120.45,6120.45,6077.44,6089.53,0.0
2025-10-20,6110.68,6141.87,6084.07,6084.07,0.0
2025-10-21,6113.5,6130.98,6078.65,6093.53,0.0
2025-10-22,6087.84,6093.78,6023.81,6030.87,0.0
2025-10-23,6024.51,6055.75,6006.6,6053.96,0.0
2025-10-24,6062.35,6069.89,5980.35,5988.02,0.0
2025-10-27,5996.42,5996.42,5895.02,5933.76,0.0
2025-10-28,5934.39,5961.49,5926.54,5953.16,0.0
2025-10-29,5961.28,6021.29,5959.02,5963.77,0.0
2025-10-30,5961.56,5972.45,5905.27,5929.68,0.0
2025-11-03,5801.34,5828.97,5761.32,5828.06,0.0
2025-11-04,5849.21,5907.13,5849.21,5867.04,0.0
2025-11-05,5891.23,5891.23,5763.68,5818.06,0.0
2025-11-06,5833.88,5876.3,5828.4,5835.59,0.0
2025-11-07,5790.67,5804.82,5722.71,5759.37,0.0
2025-11-10,5763.46,5784.34,5702.64,5702.64,0.0
2025-11-11,5712.17,5712.17,5613.41,5629.07,0.0
2025-11-12,5646.35,5721.44,5646.35,5714.02,0.0
2025-11-13,5704.37,5768.91,5690.69,5726.99,0.0
2025-11-14,5726.39,5769.81,5584.35,5584.35,0.0
2025-11-17,5616.1,5795.85,5616.1,5779.12,0.0
2025-11-18,5803.82,5809.51,5723.74,5756.66,0.0
2025-11-19,5756.4,5821.48,5756.4,5813.71,0.0
2025-11-20,5805.91,5934.87,5769.55,5930.81,0.0
2025-11-21,5893.31,5997.13,5853.78,5997.13,0.0
2025-11-24,5987.94,6021.59,5918.51,6021.59,0.0
2025-11-25,6016.92,6066.18,5976.17,5976.17,0.0
2025-11-26,5997.72,6012.43,5960.43,6004.7,0.0
2025-11-27,6005.45,6005.45,5929.67,5969.13,0.0
2025-11-28,5986.5,6043.99,5973.34,6022.24,0.0
2025-12-01,6052.5,6110.92,5989.29,5989.29,0.0
2025-12-02,6006.33,6006.33,5972.6,5994.4,0.0
2025-12-03,6004.54,6004.54,5905.84,5905.84,0.0
2025-12-04,5915.62,5922.32,5881.72,5887.58,0.0
2025-12-05,5905.26,5955.46,5888.44,5949.22,0.0
2025-12-09,5963.75,5976.64,5922.73,5976.64,0.0
2025-12-10,5991.1,5991.1,5927.97,5959.94,0.0
2025-12-11,5973.44,6011.68,5965.45,5990.0,0.0
2025-12-12,6000.49,6062.59,5993.24,6036.72,0.0
2025-12-15,6033.45,6093.83,6031.61,6058.02,0.0
2025-12-16,6065.74,6112.2,6053.27,6055.68,0.0
2025-12-17,6082.21,6111.95,6065.57,6079.02,0.0
2025-12-18,6075.66,6080.01,6020.66,6031.48,0.0
2025-12-19,6050.36,6068.38,5920.87,5920.87,0.0
2025-12-22,5951.74,6041.26,5951.74,6041.26,0.0
2025-12-23,6058.1,6063.82,5988.67,6041.91,0.0
2025-12-26,6058.6,6077.46,6048.33,6065.64,0.0
2025-12-29,6073.9,6100.71,6052.92,6052.92,0.0
2026-01-02,6066.4,6135.06,6063.5,6135.06,0.0
2026-01-05,6115.79,6237.14,6115.79,6164.53,0.0
2026-01-06,6190.07,6342.96,6190.07,6317.91,0.0
2026-01-07,6309.71,6343.27,6244.88,6292.09,0.0
2026-01-08,6301.75,6378.05,6299.97,6320.67,0.0
2026-01-09,6339.1,6367.77,6339.03,6348.14,0.0
2026-01-12,6351.47,6431.08,6351.47,6419.96,0.0
2026-01-13,6424.5,6436.94,6392.88,6408.76,0.0
2026-01-14,6398.22,6444.11,6389.18,6389.81,0.0
2026-01-15,6391.53,6487.53,6384.11,6487.53,0.0
2026-01-16,6486.2,6494.1,6464.56,6464.67,0.0
2026-01-19,6478.73,6491.32,6437.78,6437.78,0.0
2026-01-20,6441.89,6445.61,6350.02,6352.86,0.0
2026-01-21,6335.55,6357.23,6329.72,6330.1,0.0
2026-01-22,6341.51,6413.07,6341.51,6398.6,0.0
2026-01-23,6403.77,6404.43,6326.64,6333.26,0.0
2026-01-26,6346.41,6357.84,6273.87,6273.87,0.0
2026-01-27,6283.69,6331.72,6283.69,6306.9,0.0
2026-01-28,6303.34,6355.78,6287.04,6355.78,0.0
2026-01-29,6365.46,6365.46,6215.8,6223.36,0.0
2026-01-30,6253.45,6328.97,6212.69,6328.97,0.0
2026-02-02,6339.37,6345.16,6284.46,6297.08,0.0
2026-02-03,6314.19,6401.96,6314.19,6401.96,0.0
2026-02-04,6408.71,6424.18,6372.95,6372.95,0.0
2026-02-05,6398.07,6412.64,6382.04,6382.04,0.0
2026-02-06,6383.05,6400.9,6357.86,6390.91,0.0
2026-02-09,6402.71,6458.79,6349.16,6349.16,0.0
2026-02-10,6383.98,6474.6,6383.98,6474.6,0.0
2026-02-11,6492.33,6543.35,6474.04,6498.82,0.0
2026-02-12,6517.19,6519.48,6454.43,6471.25,0.0
2026-02-13,6481.17,6481.17,6384.58,6384.58,0.0
2026-02-16,6389.49,6389.49,6328.68,6368.55,0.0
2026-02-18,6375.96,6395.19,6348.72,6394.77,0.0
2026-02-19,6412.35,6427.9,6387.73,6407.15,0.0
2026-02-20,6406.08,6465.12,6387.15,6465.12,0.0
2026-02-23,6468.91,6534.0,6468.91,6488.51,0.0
2026-02-24,6508.82,6547.98,6482.13,6547.98,0.0
2026-02-25,6551.12,6667.5,6529.9,6619.87,0.0
2026-02-26,6622.24,6673.61,6622.24,6625.46,0.0
2026-02-27,6607.79,6616.45,6554.39,6611.24,0.0
2026-03-02,6461.94,6500.18,6425.07,6426.83,0.0
2026-03-03,6430.41,6496.3,6421.44,6445.38,0.0
2026-03-04,6428.64,6441.99,6247.98,6307.84,0.0
2026-03-05,6325.17,6380.53,6312.09,6380.53,0.0
2026-03-06,6352.54,6364.51,6284.98,6320.41,0.0
2026-03-09,6198.45,6198.45,5938.39,6006.22,0.0
2026-03-10,6085.46,6150.0,6085.46,6126.66,0.0
2026-03-11,6176.53,6212.95,6158.33,6158.33,0.0
2026-03-12,6151.17,6151.56,6066.84,6113.58,0.0
2026-03-13,6090.94,6099.41,6058.94,6058.94,0.0
2026-03-16,6048.98,6048.98,5970.32,6006.55,0.0
2026-03-17,6031.88,6073.1,6014.52,6026.01,0.0
2026-03-18,6005.46,6055.45,5998.21,6055.45,0.0
2026-03-19,5993.87,6018.62,5934.68,6018.62,0.0
2026-03-23,5951.94,5951.94,5816.82,5899.18,0.0
2026-03-24,5922.78,5948.64,5911.84,5936.2,0.0
2026-03-25,5960.63,6044.17,5960.24,6044.17,0.0
2026-03-26,6062.09,6062.09,5984.2,5984.2,0.0
2026-03-27,5963.95,5980.16,5927.37,5972.83,0.0
2026-03-30,5938.16,5938.16,5823.49,5869.49,0.0
2026-03-31,5851.66,5948.94,5828.67,5948.94,0.0
2026-04-01,6009.37,6057.97,5992.45,5998.68,0.0
2026-04-06,6010.31,6010.31,5912.7,5948.33,0.0
2026-04-07,5950.03,5967.58,5917.02,5957.87,0.0
2026-04-08,6074.06,6114.26,6061.53,6089.91,0.0
2026-04-10,6125.4,6151.8,6095.11,6098.21,0.0
2026-04-13,6036.98,6054.05,5970.75,6054.05,0.0
2026-04-14,6043.36,6065.62,6013.1,6013.1,0.0
2026-04-15,6049.48,6081.14,6043.09,6063.35,0.0
2026-04-16,6074.54,6100.32,6045.25,6063.69,0.0
2026-04-17,6063.69,6069.42,5996.89,5999.13,0.0
2026-04-20,6028.8,6080.21,6010.8,6016.03,0.0
2026-04-21,6032.09,6051.17,6005.94,6018.7,0.0
2026-04-22,6027.99,6051.25,5969.14,5989.56,0.0
2026-04-23,6000.19,6001.44,5969.36,5983.81,0.0
2026-04-24,5991.7,6000.26,5941.32,5943.49,0.0
2026-04-27,5956.95,5959.77,5901.15,5901.15,0.0
2026-04-28,5914.31,5914.31,5833.92,5866.79,0.0
2026-04-29,5887.24,5918.77,5869.45,5907.89,0.0
2026-04-30,5889.62,5898.06,5833.64,5833.64,0.0
2026-05-04,5866.42,5942.16,5861.88,5942.16,0.0
2026-05-05,5929.4,5985.97,5898.08,5898.08,0.0
2026-05-06,5946.33,5967.21,5929.17,5967.21,0.0
2026-05-07,6033.27,6106.96,6021.33,6034.27,0.0
2026-05-08,6040.02,6043.59,5960.97,5960.97,0.0
2026-05-11,5997.69,6033.81,5986.85,5986.85,0.0
2026-05-12,5993.63,5999.0,5958.9,5971.98,0.0
2026-05-13,5990.49,5990.49,5919.87,5946.78,0.0
2026-05-14,5954.7,6015.03,5954.7,6015.03,0.0
2026-05-15,6020.1,6020.1,5968.99,5976.77,0.0
2026-05-18,5991.01,5991.01,5928.75,5941.52,0.0
2026-05-19,5947.01,5951.92,5896.8,5896.8,0.0
2026-05-20,5915.01,5919.43,5879.71,5893.4,0.0
2026-05-21,5922.72,5965.74,5920.7,5920.7,0.0
2026-05-22,5954.49,5986.38,5936.7,5961.4,0.0
2026-05-25,5978.74,6049.82,5976.51,6009.38,0.0
2026-05-26,6008.6,6008.6,5933.19,5963.24,0.0
2026-05-28,5947.64,5947.64,5851.64,5859.94,0.0
2026-05-29,5863.44,5878.73,5766.82,5768.76,0.0
2026-06-01,5848.59,5873.62,5799.32,5799.32,0.0
2026-06-02,5809.18,5916.56,5803.0,5912.69,0.0
2026-06-03,5940.02,6037.64,5929.01,5953.17,0.0
2026-06-04,5960.47,5994.4,5896.21,5911.93,0.0
2026-06-05,5932.87,6000.24,5922.47,5938.38,0.0
2026-06-08,5900.32,5944.61,5879.41,5879.41,0.0
2026-06-09,5933.44,5974.04,5926.86,5945.71,0.0
2026-06-10,5951.11,5958.39,5912.45,5941.36,0.0
2026-06-11,5935.69,5983.1,5883.28,5910.06,0.0
2026-06-15,6115.92,6320.75,6103.47,6272.88,0.0
2026-06-16,6386.65,6396.23,6245.75,6245.75,0.0
2026-06-17,6229.26,6232.24,6114.81,6114.81,0.0
2026-06-18,6151.59,6180.92,6118.12,6153.66,0.0
2026-06-19,6182.78,6201.88,6135.35,6135.35,0.0
2026-06-22,6110.18,6113.92,6018.68,6035.02,0.0
2026-06-23,6057.68,6158.66,6040.0,6126.22,0.0
2026-06-24,6129.1,6142.44,5991.37,5991.37,0.0
2026-06-25,6019.78,6092.52,6004.96,6071.06,0.0
2026-06-26,6106.57,6112.48,6023.85,6072.24,0.0
2026-06-29,6057.22,6135.96,6050.0,6133.41,0.0
2026-06-30,6127.94,6127.94,6037.17,6037.17,0.0
2026-07-01,6081.0,6081.0,6044.52,6069.26,0.0
2026-07-02,6086.49,6169.05,6067.91,6125.72,0.0
2026-07-03,6156.03,6196.99,6156.03,6188.03,0.0
2026-07-06,6175.31,6304.76,6175.31,6223.99,0.0
2026-07-07,6244.39,6297.46,6241.93,6247.11,0.0
2026-07-08,6257.45,6290.68,6225.71,6275.77,0.0
2026-07-09,6287.13,6287.13,6223.87,6223.87,0.0
2026-07-10,6228.45,6337.48,6219.77,6286.7,0.0
2026-07-13,6270.19,6325.97,6265.72,6265.72,0.0
2026-07-14,6276.5,6287.25,6249.18,6256.02,0.0
2026-07-15,6327.96,6327.96,6290.29,6302.5,0.0
2026-07-16,6305.3,6378.47,6302.93,6325.15,0.0
2026-07-17,6328.32,6416.19,6328.32,6404.11,0.0
2026-07-20,6435.12,6478.71,6415.72,6415.72,0.0
2026-07-21,6461.34,6488.35,6333.8,6333.8,0.0
2026-07-22,6334.88,6334.88,6259.31,6267.85,0.0
2026-07-23,6284.49,6302.81,6261.65,6283.12,0.0
2026-07-24,6256.35,6281.01,6189.23,6281.01,0.0
2026-07-27,6272.59,6336.23,6272.59,6314.9,0.0
2026-07-28,6290.44,6349.35,6283.09,6304.03,0.0
2026-07-29,6341.98,6436.11,6341.98,6353.04,0.0
2026-07-30,6341.8,6347.08,6253.52,6305.75,0.0
2026-07-31,6318.69,6333.56,6236.44,6236.44,0.0
2026-08-03,6280.58,6345.13,6267.27,6334.72,0.0
2026-08-04,6321.42,6368.03,6293.71,6296.64,0.0
2026-08-05,6295.15,6316.68,6278.33,6286.31,0.0
2026-08-06,6306.34,6306.34,6233.69,6277.95,0.0
2026-08-07,6274.54,6290.35,6221.62,6290.35,0.0
2026-08-10,6273.62,6301.41,6263.15,6289.21,0.0
2026-08-11,6290.75,6340.93,6280.44,6326.89,0.0
2026-08-12,6337.89,6372.36,6288.74,6366.64,0.0
2026-08-13,6330.54,6330.54,6282.37,6288.25,0.0
2026-08-14,6282.06,6317.94,6259.19,6297.3,0.0
2026-08-17,6298.57,6315.07,6257.48,6261.8,0.0
2026-08-18,6273.28,6296.39,6201.38,6264.7,0.0
2026-08-19,6237.95,6237.95,6125.55,6158.34,0.0
2026-08-20,6180.11,6238.46,6174.25,6238.46,0.0
2026-08-24,6294.02,6295.54,6211.88,6251.38,0.0
2026-08-25,6217.0,6217.0,6171.96,6190.23,0.0
2026-08-26,6168.43,6186.99,6113.49,6137.23,0.0
2026-08-27,6096.7,6099.02,5966.81,6004.58,0.0
2026-08-28,5987.01,6009.55,5944.22,5956.33,0.0
2026-09-01,6122.32,6148.9,6057.85,6093.89,0.0
2026-09-02,6099.62,6099.62,6009.2,6053.23,0.0
2026-09-03,6040.88,6069.42,6029.9,6069.42,0.0
