Date,Open,High,Low,Close,Volume
2018-01-03,1869.4841,1869.4841,1830.12654,1844.885625,22531.88459854
2018-01-04,1839.96593,1844.885625,1805.528065,1820.28715,24274.87882887
2018-01-05,1835.046235,1835.046235,1773.058078,1776.009895,43839.09978159
2018-01-08,1789.785041,1789.785041,1671.712361,1692.37508,64211.29765158
2018-01-09,1702.21447,1716.973555,1658.921154,1662.85691,56980.15832282
2018-01-10,1667.776605,1700.246592,1667.776605,1692.37508,59251.64059967
2018-01-11,1699.262653,1716.973555,1682.53569,1695.326897,49296.75518503
2018-01-12,1711.069921,1712.05386,1695.326897,1712.05386,39052.21766797
2018-01-15,1716.973555,1731.73264,1682.53569,1682.53569,30093.32895637
2018-01-16,1683.519629,1712.05386,1683.519629,1710.085982,36130.28856464
2018-01-17,1720.909311,1726.812945,1713.037799,1726.812945,49804.91676821
2018-01-18,1733.700518,1733.700518,1679.583873,1704.182348,61263.96046909
2018-01-19,1701.230531,1716.973555,1694.342958,1697.294775,46369.74446587
2018-01-22,1702.21447,1712.05386,1699.262653,1707.134165,57681.42130762
2018-01-23,1721.89325,1721.89325,1688.439324,1710.085982,35296.90356821
2018-01-24,1720.909311,1722.877189,1694.342958,1702.21447,82291.6867814
2018-01-25,1716.973555,1721.89325,1702.21447,1707.134165,32725.60595728
2018-01-26,1707.134165,1717.957494,1699.262653,1717.957494,61391.00086489
2018-01-29,1721.89325,1879.32349,1721.89325,1868.500161,185016.55082276
2018-01-30,1865.548344,1868.500161,1771.0902,1830.12654,117131.24492474
2018-01-31,1829.142601,1869.4841,1817.335333,1869.4841,77184.66287036
2018-02-01,1854.725015,1872.435917,1826.190784,1869.4841,19452.42540442
2018-02-02,1869.4841,1869.4841,1861.612588,1868.500161,17831.38995405
2018-02-05,1859.64471,1859.64471,1790.76898,1812.415638,46440.88708751
2018-02-06,1798.640492,1799.624431,1774.042017,1797.656553,49754.1006099
2018-02-07,1798.640492,1869.4841,1798.640492,1839.96593,25591.01732933
2018-02-08,1849.80532,1849.80532,1800.60837,1800.60837,48188.96293368
2018-02-09,1779.945651,1779.945651,1742.555969,1746.491725,58499.56145655
2018-02-12,1756.331115,1764.202627,1746.491725,1746.491725,26998.62491476
2018-02-13,1751.41142,1770.106261,1751.41142,1761.25081,49738.8557624
2018-02-14,1761.25081,1771.0902,1693.359019,1771.0902,27491.54165045
2018-02-15,1771.0902,1771.0902,1716.973555,1771.0902,20295.97363251
2018-02-19,1761.25081,1814.383516,1731.73264,1791.752919,31643.22178509
2018-02-20,1770.106261,1820.28715,1770.106261,1820.28715,55709.75436485
2018-02-21,1820.28715,1820.28715,1761.25081,1761.25081,36613.04206866
2018-02-22,1779.945651,1779.945651,1717.957494,1731.73264,25316.61007441
2018-02-23,1732.716579,1733.700518,1712.05386,1715.005677,48493.85988359
2018-02-26,1713.037799,1758.298993,1707.134165,1707.134165,28761.94560842
2018-02-27,1707.134165,1712.05386,1682.53569,1694.342958,59134.76343554
2018-02-28,1712.05386,1712.05386,1679.583873,1694.342958,83673.88628767
2018-03-01,1687.455385,1731.73264,1682.53569,1701.230531,11489.53339587
2018-03-02,1728.780823,1729.764762,1681.551751,1716.973555,23675.24816071
2018-03-05,1697.294775,1699.262653,1687.455385,1692.37508,20788.8903682
2018-03-06,1688.439324,1694.342958,1683.519629,1686.471446,30891.14264197
2018-03-07,1685.487507,1685.487507,1653.01752,1655.969337,52869.13111484
2018-03-08,1657.937215,1680.567812,1657.937215,1662.85691,45236.54413536
2018-03-09,1682.53569,1682.53569,1657.937215,1677.615995,15544.66282971
2018-03-12,1712.05386,1761.25081,1705.166287,1731.73264,48432.88049361
2018-03-13,1751.41142,1756.331115,1712.05386,1721.89325,21134.44024477
2018-03-14,1721.89325,1721.89325,1687.455385,1692.37508,27440.72549213
2018-03-15,1694.342958,1702.21447,1625.467228,1625.467228,44194.81288982
2018-03-16,1671.712361,1671.712361,1622.515411,1643.17813,160863.63077386
2018-03-19,1648.097825,1648.097825,1626.451167,1642.194191,40160.00991931
2018-03-20,1660.889032,1660.889032,1559.543315,1565.446949,93283.22182574
2018-03-21,1567.414827,1606.772387,1515.26606,1515.26606,73576.71562973
2018-03-22,1525.10545,1574.3024,1505.42667,1574.3024,36226.83926544
2018-03-23,1507.394548,1572.334522,1495.58728,1531.993023,33655.54165451
2018-03-26,1534.94484,1564.46301,1515.26606,1564.46301,34773.49713753
2018-03-27,1566.430888,1584.14179,1547.736047,1563.479071,56573.62905627
2018-03-28,1573.318461,1650.065703,1563.479071,1595.949058,71909.94563687
2018-04-02,1595.949058,1642.194191,1584.14179,1597.916936,15666.62160967
2018-04-03,1641.210252,1643.17813,1593.98118,1641.210252,65791.6801753
2018-04-04,1631.370862,1642.194191,1592.013302,1594.965119,51680.03301018
2018-04-05,1575.286339,1592.013302,1575.286339,1585.125729,22262.55895945
2018-04-06,1603.82057,1603.82057,1574.3024,1596.932997,11459.04370088
2018-04-10,1603.82057,1604.804509,1554.62362,1554.62362,68479.85495036
2018-04-11,1554.62362,1574.3024,1550.687864,1554.62362,14299.6669509
2018-04-12,1554.62362,1573.318461,1554.62362,1565.446949,27161.23662138
2018-04-13,1574.3024,1584.14179,1550.687864,1550.687864,33924.8672936
2018-04-16,1551.671803,1564.46301,1549.703925,1550.687864,39885.60266439
2018-04-17,1550.687864,1550.687864,1520.185755,1520.185755,97851.5944586
2018-04-18,1573.318461,1573.318461,1530.025145,1544.78423,18883.28443125
2018-04-19,1515.26606,1570.366644,1475.9085,1544.78423,72662.02477999
2018-04-20,1544.78423,1569.382705,1500.506975,1510.346365,18613.95879216
2018-04-23,1522.153633,1543.800291,1502.474853,1502.474853,12963.20198712
2018-04-24,1502.474853,1502.474853,1475.9085,1475.9085,103482.02480032
2018-04-25,1477.876378,1549.703925,1456.22972,1456.22972,43056.53094348
2018-04-26,1474.924561,1475.9085,1459.181537,1475.9085,18664.77495048
2018-04-27,1475.9085,1491.651524,1459.181537,1484.763951,39021.72797297
2018-04-30,1484.763951,1515.26606,1476.892439,1515.26606,30769.18386201
2018-05-02,1495.58728,1514.282121,1495.58728,1500.506975,15646.29514635
2018-05-03,1514.282121,1514.282121,1475.9085,1475.9085,29696.96292148
2018-05-04,1476.892439,1504.442731,1451.310025,1451.310025,24711.89779041
2018-05-07,1495.58728,1560.527254,1475.9085,1554.62362,89111.21522777
2018-05-08,1554.62362,1659.905093,1554.62362,1618.579655,73947.67358546
2018-05-09,1623.49935,1721.89325,1618.579655,1721.89325,71838.80301523
2018-05-10,1712.05386,1712.05386,1644.162069,1662.85691,51344.64636527
2018-05-11,1672.6963,1733.700518,1672.6963,1714.021738,48199.12616534
2018-05-15,1721.89325,1742.555969,1716.973555,1723.861128,29864.65624393
2018-05-16,1719.925372,1737.636274,1545.768169,1737.636274,20870.19622151
2018-05-17,1737.636274,1737.636274,1679.583873,1682.53569,33243.93077213
2018-05-18,1680.567812,1681.551751,1611.692082,1611.692082,19269.48723447
2018-05-21,1613.65996,1645.146008,1603.82057,1603.82057,17358.79968169
2018-05-22,1605.788448,1643.17813,1603.82057,1604.804509,24823.69333871
2018-05-23,1605.788448,1635.306618,1517.233938,1517.233938,79811.85825544
2018-05-24,1525.10545,1553.639681,1505.42667,1505.42667,56527.89451379
2018-05-25,1564.46301,1574.3024,1501.490914,1508.378487,48971.53177179
2018-05-28,1515.26606,1525.10545,1503.458792,1503.458792,30936.87718446
2018-05-29,1506.410609,1534.94484,1501.490914,1505.42667,23192.49465668
2018-05-30,1505.42667,1517.233938,1485.74789,1498.539097,55196.51116583
2018-05-31,1498.539097,1590.045424,1498.539097,1590.045424,131115.85169406
2018-06-01,1551.671803,1573.318461,1531.993023,1557.575437,26149.99507083
2018-06-04,1572.334522,1579.222095,1535.928779,1579.222095,24691.57132708
2018-06-05,1549.703925,1615.627838,1549.703925,1603.82057,48686.9612852
2018-06-06,1603.82057,1618.579655,1576.270278,1611.692082,113426.7469833
2018-06-07,1613.65996,1662.85691,1613.65996,1643.17813,46075.01074762
2018-06-08,1662.85691,1662.85691,1596.932997,1633.33874,34798.90521669
2018-06-11,1632.354801,1663.840849,1621.531472,1662.85691,10635.82193612
2018-06-13,1662.85691,1662.85691,1601.852692,1623.49935,57351.11627855
2018-06-14,1601.852692,1653.01752,1555.607559,1653.01752,60654.16656927
2018-06-18,1620.547533,1651.049642,1613.65996,1633.33874,36104.88048548
2018-06-19,1638.258435,1642.194191,1613.65996,1634.322679,34260.25393851
2018-06-20,1634.322679,1634.322679,1608.740265,1625.467228,37192.3462735
2018-06-21,1643.17813,1643.17813,1554.62362,1554.62362,47015.10967651
2018-06-22,1574.3024,1575.286339,1515.26606,1515.26606,24823.69333871
2018-06-25,1574.3024,1574.3024,1503.458792,1505.42667,56289.05856969
2018-06-26,1525.10545,1544.78423,1475.9085,1475.9085,55496.32649992
2018-06-27,1480.828195,1553.639681,1480.828195,1520.185755,39224.99260625
2018-06-28,1520.185755,1520.185755,1479.844256,1482.796073,27953.96869115
2018-06-29,1485.74789,1539.864535,1485.74789,1515.26606,47736.69912464
2018-07-02,1515.26606,1574.3024,1508.378487,1574.3024,23375.43282663
2018-07-03,1574.3024,1621.531472,1573.318461,1621.531472,47335.25147392
2018-07-04,1613.65996,1665.808727,1592.013302,1665.808727,21093.78731812
2018-07-05,1613.65996,1653.01752,1613.65996,1623.49935,18568.22424967
2018-07-06,1623.49935,1643.17813,1584.14179,1640.226313,24676.32647959
2018-07-09,1640.226313,1643.17813,1607.756326,1607.756326,9324.76505149
2018-07-10,1631.370862,1638.258435,1607.756326,1623.49935,15742.84584715
2018-07-11,1624.483289,1625.467228,1610.708143,1624.483289,15768.25392631
2018-07-12,1607.756326,1634.322679,1604.804509,1613.65996,8242.3808793
2018-07-13,1608.740265,1664.824788,1608.740265,1633.33874,16479.68014277
2018-07-16,1638.258435,1638.258435,1631.370862,1635.306618,6245.30585738
2018-07-17,1642.194191,1681.551751,1633.33874,1681.551751,18929.01897374
2018-07-18,1681.551751,1707.134165,1679.583873,1707.134165,13105.48723041
2018-07-19,1707.134165,1716.973555,1695.326897,1716.973555,14619.80874831
2018-07-20,1716.973555,1716.973555,1673.680239,1702.21447,15661.53999384
2018-07-23,1702.21447,1721.89325,1678.599934,1712.05386,10564.67931447
2018-07-24,1695.326897,1770.106261,1693.359019,1770.106261,35200.3528674
2018-07-25,1751.41142,1771.0902,1751.41142,1751.41142,20113.03546256
2018-07-26,1751.41142,1780.92959,1751.41142,1775.025956,37832.62986832
2018-07-27,1771.0902,1790.76898,1737.636274,1790.76898,38528.81123728
2018-07-30,1790.76898,1790.76898,1767.154444,1783.881407,17658.61501577
2018-07-31,1783.881407,1805.528065,1755.347176,1805.528065,94182.66782799
2018-08-01,1799.624431,1842.917747,1790.76898,1842.917747,35932.10554719
2018-08-02,1842.917747,1842.917747,1811.431699,1820.28715,10214.04782207
2018-08-03,1820.28715,1844.885625,1800.60837,1820.28715,20524.64634495
2018-08-06,1820.28715,1835.046235,1737.636274,1771.0902,42838.02146271
2018-08-07,1771.0902,1839.96593,1771.0902,1833.078357,24229.14428638
2018-08-08,1852.757137,1997.39617,1852.757137,1991.492536,311503.05049398
2018-08-09,1979.685268,1987.55678,1932.456196,1943.279525,87175.11959583
2018-08-10,1943.279525,1948.19922,1937.375891,1944.263464,18039.73620316
2018-08-13,1941.311647,1941.311647,1886.211063,1889.16288,21596.86728547
2018-08-14,1887.195002,1888.178941,1772.074139,1830.12654,103919.04376186
2018-08-15,1830.12654,1889.16288,1830.12654,1889.16288,386421.31270333
2018-08-16,1892.114697,1943.279525,1892.114697,1938.35983,44184.64965816
2018-08-17,1936.391952,1969.845878,1919.664989,1938.35983,30073.00249304
2018-08-20,1933.440135,1953.118915,1891.130758,1953.118915,54983.0833009
2018-08-22,1954.102854,1966.894061,1954.102854,1964.926183,100433.05530119
2018-08-23,1964.926183,2003.299804,1963.942244,1999.364048,86900.71234091
2018-08-24,1999.364048,2001.331926,1960.990427,1965.910122,51466.60514524
2018-08-28,1966.894061,2036.75373,1966.894061,2034.785852,101850.82611829
2018-08-29,2017.07495,2062.336144,1997.39617,2062.336144,71559.31414447
2018-08-30,2062.336144,2083.982802,2048.560998,2076.11129,65171.72304381
2018-08-31,2026.91434,2082.014924,2021.010706,2082.014924,85909.79725369
2018-09-03,2080.047046,2080.047046,2048.560998,2066.2719,18984.91674789
2018-09-04,2056.43251,2099.725826,2052.496754,2085.95068,33045.74775469
2018-09-05,2080.047046,2089.886436,2028.882218,2056.43251,60455.98355183
2018-09-06,2066.2719,2082.014924,1997.39617,2044.625242,281795.92434084
2018-09-07,2046.59312,2070.207656,2019.042828,2070.207656,54322.47324275
2018-09-10,2070.207656,2091.854314,2046.59312,2070.207656,108014.82612235
2018-09-11,2076.11129,2085.95068,2070.207656,2085.95068,58616.43862069
2018-09-12,2085.95068,2170.569434,2085.95068,2144.98702,134068.27049238
2018-09-13,2156.794288,2170.569434,2156.794288,2164.6658,115479.71977938
2018-09-14,2172.537312,2172.537312,2146.954898,2156.794288,67580.40894812
2018-09-17,2156.794288,2190.248214,2152.858532,2184.34458,78729.47408325
2018-09-18,2184.34458,2192.216092,2154.82641,2186.312458,106266.75027619
2018-09-19,2164.6658,2186.312458,2121.372484,2127.276118,79263.0437456
2018-09-20,2127.276118,2174.50519,2085.95068,2085.95068,58484.31660906
2018-09-21,2095.79007,2160.730044,2095.79007,2135.14763,96469.39495233
2018-09-24,2164.6658,2174.50519,2144.98702,2174.50519,30093.32895637
2018-09-25,2174.50519,2182.376702,2144.98702,2144.98702,23355.1063633
2018-09-26,2144.98702,2164.6658,2032.817974,2032.817974,33680.94973367
2018-09-27,2036.75373,2164.6658,2036.75373,2164.6658,63886.07423834
2018-09-28,2164.6658,2174.50519,2158.762166,2164.6658,138346.99102282
2018-10-01,2164.6658,2172.537312,2072.175534,2172.537312,57615.36030181
2018-10-02,2164.6658,2172.537312,2125.30824,2164.6658,35312.1484157
2018-10-03,2135.14763,2174.50519,2135.14763,2174.50519,23405.92252162
2018-10-04,2174.50519,2184.34458,2162.697922,2184.34458,46720.37595827
2018-10-05,2137.115508,2253.22031,2137.115508,2233.54153,91718.08414953
2018-10-08,2227.637896,2341.77482,2207.959116,2292.57787,117436.14187465
2018-10-09,2272.89909,2272.89909,2143.019142,2174.50519,61380.83763323
2018-10-10,2174.50519,2213.86275,2117.436728,2133.179752,41496.4748831
2018-10-11,2113.500972,2133.179752,2076.11129,2113.500972,92114.45018441
2018-10-12,2113.500972,2243.38092,2066.2719,2066.2719,128163.43289574
2018-10-15,2105.62946,2105.62946,1961.974366,1977.71739,85716.69585208
2018-10-16,1977.71739,2003.299804,1960.006488,1987.55678,44697.89285718
2018-10-17,1979.685268,2052.496754,1979.685268,2026.91434,55730.08082818
2018-10-18,2050.528876,2052.496754,1967.878,1967.878,73805.38834216
2018-10-19,1967.878,2007.23556,1884.243185,1884.243185,79888.08249292
2018-10-22,1908.84166,1965.910122,1895.066514,1965.910122,70182.19625404
2018-10-23,1965.910122,2013.139194,1952.134976,1997.39617,40078.704066
2018-10-24,1997.39617,2017.07495,1967.878,2015.107072,27079.93076807
2018-10-25,1997.39617,2019.042828,1967.878,2017.07495,67981.85659883
2018-10-26,2017.07495,2017.07495,1987.55678,2017.07495,38930.258888
2018-10-29,2017.07495,2019.042828,1967.878,2019.042828,31211.28443938
2018-10-30,2019.042828,2026.91434,2007.23556,2017.07495,27044.35945724
2018-10-31,2024.946462,2056.43251,1969.845878,2056.43251,64384.07258987
2018-11-05,2066.2719,2085.95068,1997.39617,2066.2719,69120.13854517
2018-11-06,2074.143412,2085.95068,2032.817974,2074.143412,31744.85410173
2018-11-07,2066.2719,2076.11129,1889.16288,1889.16288,81783.52519821
2018-11-08,1869.4841,1869.4841,1721.89325,1793.720797,205297.27960778
2018-11-09,1794.704736,1830.12654,1662.85691,1700.246592,178115.71652308
2018-11-12,1723.861128,1766.170505,1705.166287,1725.829006,152600.92343123
2018-11-13,1725.829006,1810.44776,1725.829006,1800.60837,79791.53179211
2018-11-14,1810.44776,1835.046235,1788.801102,1835.046235,53997.24982951
2018-11-15,1838.981991,1868.500161,1821.271089,1835.046235,64785.52024058
2018-11-16,1866.532283,1898.018331,1862.596527,1894.082575,82754.1138221
2018-11-19,1894.082575,1966.894061,1893.098636,1966.894061,40200.66284597
2018-11-20,1966.894061,2007.23556,1920.648928,1973.781634,91245.49387716
2018-11-21,1922.616806,1958.03861,1857.676832,1889.16288,76026.05446069
2018-11-22,1903.921965,1938.35983,1903.921965,1920.648928,11494.6150117
2018-11-23,1873.419856,1943.279525,1873.419856,1943.279525,48981.69500345
2018-11-26,1943.279525,1969.845878,1941.311647,1969.845878,42207.90109956
2018-11-27,1969.845878,1985.588902,1956.070732,1967.878,43559.61091084
2018-11-28,1967.878,1977.71739,1919.664989,1967.878,24036.04288477
2018-11-29,1977.71739,2005.267682,1938.35983,1938.35983,108888.86404543
2018-12-03,1967.878,1985.588902,1944.263464,1983.621024,85051.0041781
2018-12-04,2005.267682,2066.2719,2003.299804,2056.43251,87540.99593572
2018-12-05,2046.59312,2074.143412,2011.171316,2066.2719,25535.11955518
2018-12-06,2058.400388,2066.2719,2030.850096,2046.59312,53529.74117298
2018-12-07,2056.43251,2064.304022,2015.107072,2042.657364,62630.91512787
2018-12-10,2054.464632,2056.43251,2024.946462,2046.59312,8216.97280014
2018-12-11,2046.59312,2066.2719,1979.685268,1979.685268,29747.7790798
2018-12-12,1979.685268,2013.139194,1916.713172,1938.35983,55323.55156163
2018-12-13,1987.55678,2017.07495,1985.588902,1997.39617,112557.79067605
2018-12-14,2007.23556,2013.139194,1967.878,1985.588902,28767.02722425
2018-12-17,2005.267682,2011.171316,1967.878,1967.878,15519.25475055
2018-12-18,1965.910122,1987.55678,1938.35983,1938.35983,61497.71479736
2018-12-19,1943.279525,1959.022549,1918.68105,1948.19922,58555.4592307
2018-12-20,1915.729233,1945.247403,1903.921965,1918.68105,45637.99178608
2018-12-21,1919.664989,1928.52044,1869.4841,1869.4841,48935.96046096
2018-12-26,1869.4841,1898.018331,1849.80532,1877.355612,13827.07667853
2018-12-27,1877.355612,1884.243185,1849.80532,1866.532283,27476.29680295
2018-12-28,1869.4841,1888.178941,1865.548344,1869.4841,26714.05442817
2019-01-02,1889.16288,1889.16288,1859.64471,1869.4841,6717.89612974
2019-01-03,1869.4841,1874.403795,1854.725015,1858.660771,29021.10801584
2019-01-04,1854.725015,1882.275307,1841.933808,1841.933808,14096.40231762
2019-01-07,1842.917747,1904.905904,1830.12654,1830.12654,27217.13439553
2019-01-08,1849.80532,1868.500161,1830.12654,1830.12654,31465.36523097
2019-01-09,1859.64471,1903.921965,1831.110479,1899.00227,54175.10638363
2019-01-10,1899.00227,1987.55678,1889.16288,1987.55678,60100.27044359
2019-01-11,1967.878,1983.621024,1928.52044,1983.621024,28700.96621843
2019-01-14,1983.621024,2066.2719,1958.03861,2026.91434,89604.13196347
2019-01-15,2026.91434,2060.368266,2005.267682,2052.496754,41445.65872478
2019-01-16,2052.496754,2052.496754,2003.299804,2005.267682,13293.50701619
2019-01-17,2007.23556,2066.2719,2007.23556,2046.59312,60298.45346104
2019-01-18,2028.882218,2062.336144,2028.882218,2058.400388,28817.84338257
2019-01-21,2058.400388,2064.304022,2026.91434,2046.59312,14990.76670403
2019-01-22,2046.59312,2060.368266,2019.042828,2060.368266,22211.74280113
2019-01-23,2054.464632,2076.11129,2026.91434,2066.2719,56538.05774545
2019-01-24,2066.2719,2097.757948,2062.336144,2082.014924,71401.78405369
2019-01-25,2066.2719,2095.79007,2058.400388,2085.95068,44545.44438222
2019-01-28,2085.95068,2125.30824,2083.982802,2107.597338,52630.29517074
2019-01-29,2107.597338,2119.404606,2078.079168,2115.46885,32395.30092821
2019-01-30,2076.11129,2113.500972,2036.75373,2052.496754,43356.34627756
2019-01-31,2050.528876,2052.496754,1987.55678,1987.55678,94441.83023541
2019-02-01,1987.55678,2056.43251,1987.55678,2036.75373,32695.11626229
2019-02-04,2026.91434,2034.785852,1987.55678,1997.39617,55709.75436485
2019-02-06,2015.107072,2083.982802,1985.588902,1985.588902,20570.38088743
2019-02-07,1989.524658,2017.07495,1971.813756,1983.621024,38091.79227574
2019-02-08,1977.71739,2001.331926,1969.845878,1997.39617,26175.40314999
2019-02-11,1987.55678,2007.23556,1948.19922,1948.19922,37573.46746089
2019-02-12,1951.151037,1981.653146,1924.584684,1924.584684,39153.8499846
2019-02-13,1936.391952,1940.327708,1889.16288,1889.16288,42533.1245128
2019-02-14,1956.070732,1957.054671,1877.355612,1877.355612,20743.15582572
2019-02-15,1899.00227,1951.151037,1859.64471,1859.64471,34478.76341928
2019-02-18,1869.4841,1906.873782,1849.80532,1849.80532,82240.87062308
2019-02-19,1849.80532,1869.4841,1821.271089,1821.271089,58738.39740065
2019-02-20,1830.12654,1874.403795,1825.206845,1836.030174,69308.15833095
2019-02-21,1868.500161,1868.500161,1840.949869,1859.64471,62788.44521866
2019-02-22,1858.660771,1876.371673,1858.660771,1870.468039,19665.85326936
2019-02-26,1888.178941,1888.178941,1832.094418,1869.4841,41664.16820555
2019-02-27,1869.4841,1880.307429,1854.725015,1865.548344,37609.03877171
2019-02-28,1865.548344,1869.4841,1832.094418,1869.4841,59561.61916542
2019-03-01,1869.4841,1878.339551,1849.80532,1872.435917,32979.68674887
2019-03-04,1859.64471,1859.64471,1833.078357,1839.96593,54683.26796682
2019-03-05,1837.998052,1868.500161,1837.998052,1848.821381,23914.08410481
2019-03-06,1868.500161,1868.500161,1844.885625,1848.821381,26866.50290313
2019-03-07,1877.355612,1886.211063,1847.837442,1881.291368,24066.53257976
2019-03-08,1882.275307,1904.905904,1882.275307,1892.114697,11474.28854838
2019-03-11,1892.114697,1894.082575,1869.4841,1869.4841,27735.45921038
2019-03-12,1859.64471,1879.32349,1835.046235,1847.837442,35703.43283476
2019-03-13,1874.403795,1874.403795,1821.271089,1821.271089,44840.17810047
2019-03-14,1869.4841,1899.00227,1830.12654,1899.00227,26902.07421395
2019-03-15,1898.018331,1915.729233,1865.548344,1885.227124,182409.68190101
2019-03-18,1875.387734,1930.488318,1875.387734,1928.52044,30921.63233696
2019-03-19,1908.84166,1955.086793,1908.84166,1955.086793,33315.07339378
2019-03-20,1940.327708,1947.215281,1905.889843,1905.889843,14563.91097416
2019-03-21,1904.905904,1948.19922,1904.905904,1940.327708,19096.71229619
2019-03-22,1940.327708,1963.942244,1919.664989,1963.942244,24361.26629801
2019-03-25,1958.03861,1966.894061,1899.00227,1966.894061,22664.00661017
2019-03-26,1963.942244,1965.910122,1909.825599,1915.729233,25814.60842593
2019-03-27,1913.761355,1958.03861,1907.857721,1913.761355,12551.59110473
2019-03-28,1908.84166,1945.247403,1879.32349,1918.68105,13344.32317451
2019-03-29,1918.68105,1947.215281,1899.00227,1906.873782,35063.14923994
2019-04-01,1906.873782,1918.68105,1879.32349,1887.195002,15153.37841065
2019-04-02,1887.195002,1898.018331,1870.468039,1891.130758,15326.15334894
2019-04-03,1891.130758,1923.600745,1864.564405,1923.600745,27704.96951539
2019-04-04,1903.921965,1923.600745,1881.291368,1889.16288,33106.72714467
2019-04-05,1911.793477,1911.793477,1877.355612,1877.355612,15819.07008463
2019-04-08,1877.355612,1904.905904,1869.4841,1892.114697,23385.59605829
2019-04-10,1892.114697,1892.114697,1869.4841,1879.32349,40287.05031511
2019-04-11,1879.32349,1889.16288,1863.580466,1863.580466,19970.75021927
2019-04-12,1863.580466,1889.16288,1859.64471,1859.64471,19452.42540442
2019-04-15,1860.628649,1884.243185,1848.821381,1853.741076,22008.47816785
2019-04-16,1853.741076,1879.32349,1836.030174,1836.030174,22816.45508512
2019-04-17,1836.030174,1874.403795,1835.046235,1835.046235,15788.58038964
2019-04-22,1835.046235,1859.64471,1829.142601,1847.837442,9558.51937976
2019-04-23,1830.12654,1834.062296,1800.60837,1800.60837,52264.41883084
2019-04-24,1801.592309,1843.901686,1761.25081,1761.25081,72621.37185334
2019-04-25,1761.25081,1807.495943,1726.812945,1751.41142,54149.69830447
2019-04-26,1751.41142,1751.41142,1733.700518,1737.636274,37090.71395686
2019-04-29,1742.555969,1810.44776,1742.555969,1771.0902,41125.51692737
2019-04-30,1773.058078,1799.624431,1751.41142,1751.41142,35652.61667644
2019-05-02,1761.25081,1780.92959,1761.25081,1770.106261,41679.41305304
2019-05-03,1775.025956,1798.640492,1767.154444,1771.0902,71356.0495112
2019-05-06,1809.463821,1835.046235,1808.479882,1835.046235,61848.34628976
2019-05-07,1837.998052,1965.910122,1837.998052,1958.03861,177566.90201323
2019-05-08,1966.894061,1967.878,1929.504379,1966.894061,132528.54089532
2019-05-09,1956.070732,1977.71739,1940.327708,1966.894061,102841.7412055
2019-05-10,1967.878,1979.685268,1943.279525,1962.958305,91840.04292949
2019-05-14,1967.878,1979.685268,1943.279525,1965.910122,107049.31911429
2019-05-15,1962.958305,1985.588902,1949.183159,1953.118915,62559.77250622
2019-05-16,1913.761355,1952.134976,1899.00227,1918.68105,40536.04949087
2019-05-17,1899.00227,1967.878,1899.00227,1966.894061,77540.37597859
2019-05-20,1955.086793,1989.524658,1942.295586,1985.588902,40068.54083434
2019-05-21,1985.588902,2080.047046,1967.878,2080.047046,136543.0174025
2019-05-22,2036.75373,2117.436728,2036.75373,2115.46885,89817.5598284
2019-05-23,2066.2719,2115.46885,2056.43251,2066.2719,95732.56065671
2019-05-24,2017.07495,2068.239778,2017.07495,2054.464632,74593.0387961
2019-05-27,2028.882218,2076.11129,2028.882218,2046.59312,31800.75187588
2019-05-28,2030.850096,2133.179752,2030.850096,2078.079168,202593.85998522
2019-05-29,2105.62946,2150.890654,2099.725826,2141.051264,62132.91677634
2019-05-30,2156.794288,2194.18397,2093.822192,2174.50519,82733.78735877
2019-05-31,2184.34458,2202.055482,2135.14763,2135.14763,83719.62083015
2019-06-03,2135.14763,2223.70214,2131.211874,2223.70214,73719.00087302
2019-06-04,2231.573652,2261.091822,2166.633678,2257.156066,99701.3026214
2019-06-06,2257.156066,2270.931212,2213.86275,2237.477286,51425.95221858
2019-06-07,2194.18397,2235.509408,2194.18397,2204.02336,30728.53093535
2019-06-10,2198.119726,2207.959116,2190.248214,2190.248214,11184.63644596
2019-06-11,2194.18397,2207.959116,2164.6658,2164.6658,47792.59689879
2019-06-13,2202.055482,2237.477286,2137.115508,2184.34458,92963.08002834
2019-06-14,2194.18397,2204.02336,2154.82641,2184.34458,54713.75766181
2019-06-17,2166.633678,2202.055482,2087.918558,2127.276118,33553.90933788
2019-06-18,2109.565216,2164.6658,2109.565216,2164.6658,34229.76424352
2019-06-19,2184.34458,2223.70214,2166.633678,2223.70214,62524.2011954
2019-06-20,2223.70214,2223.70214,2172.537312,2178.440946,40612.27372835
2019-06-21,2192.216092,2194.18397,2168.601556,2194.18397,48961.36854012
2019-06-24,2182.376702,2194.18397,2146.954898,2172.537312,37924.09895329
2019-06-25,2172.537312,2192.216092,2156.794288,2164.6658,39707.74611028
2019-06-26,2174.50519,2231.573652,2166.633678,2223.70214,56914.09731701
2019-06-27,2204.02336,2243.38092,2204.02336,2243.38092,65410.5589879
2019-06-28,2223.70214,2233.54153,2196.151848,2225.670018,137813.42136047
2019-07-01,2225.670018,2231.573652,2188.280336,2194.18397,45434.7271528
2019-07-02,2217.798506,2233.54153,2178.440946,2184.34458,42014.79969795
2019-07-03,2180.408824,2202.055482,2178.440946,2200.087604,57803.38008759
2019-07-04,2200.087604,2239.445164,2198.119726,2221.734262,57615.36030181
2019-07-05,2223.70214,2223.70214,2200.087604,2221.734262,33508.17479539
2019-07-08,2225.670018,2225.670018,2143.019142,2160.730044,35108.88378243
2019-07-09,2129.243996,2129.243996,2078.079168,2097.757948,63408.40235015
2019-07-10,2097.757948,2139.083386,2097.757948,2139.083386,65349.57959792
2019-07-11,2137.115508,2184.34458,2117.436728,2164.6658,84990.02478812
2019-07-12,2164.6658,2204.02336,2078.079168,2164.6658,38701.58617557
2019-07-15,2148.922776,2205.991238,2148.922776,2196.151848,77906.25231849
2019-07-16,2204.02336,2209.926994,2105.62946,2105.62946,55450.59195743
2019-07-17,2107.597338,2172.537312,2107.597338,2144.98702,19381.28278277
2019-07-18,2176.473068,2196.151848,2146.954898,2194.18397,51405.62575526
2019-07-19,2202.055482,2223.70214,2184.34458,2207.959116,95900.25397916
2019-07-22,2176.473068,2202.055482,2168.601556,2180.408824,19167.85491784
2019-07-23,2144.98702,2178.440946,2144.98702,2144.98702,17638.28855244
2019-07-24,2144.98702,2164.6658,2139.083386,2154.82641,32766.25888393
2019-07-25,2164.6658,2200.087604,2141.051264,2200.087604,69902.70738328
2019-07-26,2198.119726,2200.087604,2168.601556,2184.34458,37954.58864828
2019-07-29,2174.50519,2223.70214,2154.82641,2223.70214,26520.95302656
2019-07-30,2164.6658,2207.959116,2154.82641,2154.82641,36928.10225024
2019-07-31,2156.794288,2180.408824,2113.500972,2113.500972,91901.02231947
2019-08-01,2117.436728,2117.436728,2026.91434,2064.304022,49804.91676821
2019-08-02,2064.304022,2082.014924,2024.946462,2066.2719,26734.3808915
2019-08-05,2066.2719,2066.2719,1952.134976,1952.134976,64739.7856981
2019-08-06,1948.19922,1958.03861,1903.921965,1922.616806,55603.04043238
2019-08-07,1948.19922,1961.974366,1911.793477,1928.52044,39291.05361206
2019-08-08,1948.19922,1997.39617,1939.343769,1939.343769,93862.52603058
2019-08-09,1941.311647,1989.524658,1918.68105,1918.68105,27623.66366208
2019-08-13,1944.263464,1944.263464,1860.628649,1933.440135,88974.01160031
2019-08-14,1923.600745,1967.878,1879.32349,1927.536501,44835.09648464
2019-08-15,1928.52044,1948.19922,1879.32349,1928.52044,47436.88379056
2019-08-16,1928.52044,1956.070732,1884.243185,1884.243185,49296.75518503
2019-08-19,1887.195002,1916.713172,1849.80532,1869.4841,60044.37266944
2019-08-20,1899.00227,1899.00227,1852.757137,1869.4841,60908.24736086
2019-08-22,1869.4841,1907.857721,1863.580466,1869.4841,99045.77417909
2019-08-23,1859.64471,1869.4841,1859.64471,1868.500161,48300.75848198
2019-08-27,1868.500161,1888.178941,1849.80532,1849.80532,116241.96215416
2019-08-28,1878.339551,1878.339551,1849.80532,1869.4841,34697.27290005
2019-08-29,1869.4841,1893.098636,1859.64471,1893.098636,36917.93901858
2019-08-30,1870.468039,1997.39617,1870.468039,1997.39617,98842.50954582
2019-09-02,1919.664989,1977.71739,1919.664989,1977.71739,22953.65871258
2019-09-03,1975.749512,1975.749512,1940.327708,1956.070732,13882.97445268
2019-09-04,1965.910122,1965.910122,1891.130758,1891.130758,47467.37348555
2019-09-05,1894.082575,1907.857721,1869.4841,1869.4841,73027.90111989
2019-09-06,1918.68105,1922.616806,1879.32349,1915.729233,33660.62327035
2019-09-09,1915.729233,1948.19922,1905.889843,1948.19922,29529.26959903
2019-09-10,1928.52044,1953.118915,1928.52044,1938.35983,31023.2646536
2019-09-11,1938.35983,1958.03861,1903.921965,1908.84166,51629.21685186
2019-09-12,1903.921965,1934.424074,1903.921965,1903.921965,15031.41963069
2019-09-13,1906.873782,1937.375891,1906.873782,1936.391952,26246.54577164
2019-09-16,1923.600745,1929.504379,1899.00227,1917.697111,24417.16407216
2019-09-17,1899.986209,1938.35983,1899.986209,1938.35983,36150.61502796
2019-09-18,1937.375891,1937.375891,1903.921965,1903.921965,19299.97692946
2019-09-19,1913.761355,1913.761355,1859.64471,1859.64471,93527.13938567
2019-09-20,1869.4841,1893.098636,1861.612588,1879.32349,63174.64802188
2019-09-23,1879.32349,1879.32349,1853.741076,1853.741076,15747.92746298
2019-09-24,1861.612588,1861.612588,1796.672614,1796.672614,58906.0907231
2019-09-25,1830.12654,1847.837442,1802.576248,1823.238967,39397.76754453
2019-09-26,1815.367455,1838.981991,1797.656553,1827.174723,64983.70325803
2019-09-27,1837.998052,1838.981991,1803.560187,1805.528065,64246.86896241
2019-09-30,1805.528065,1829.142601,1797.656553,1800.60837,31770.26218089
2019-10-01,1800.60837,1804.544126,1796.672614,1798.640492,23212.82112001
2019-10-02,1796.672614,1796.672614,1756.331115,1764.202627,60364.51446685
2019-10-03,1771.0902,1771.0902,1727.796884,1741.57203,19833.54659181
2019-10-04,1741.57203,1754.363237,1736.652335,1754.363237,32395.30092821
2019-10-07,1755.347176,1770.106261,1755.347176,1769.122322,15168.62325815
2019-10-08,1771.0902,1789.785041,1762.234749,1765.186566,30210.2061205
2019-10-09,1769.122322,1788.801102,1760.266871,1780.92959,36963.67356106
2019-10-10,1776.993834,1786.833224,1776.993834,1783.881407,29331.08658159
2019-10-11,1790.76898,1793.720797,1782.897468,1788.801102,17379.12614502
2019-10-14,1790.76898,1825.206845,1790.76898,1814.383516,23959.81864729
2019-10-15,1815.367455,1815.367455,1796.672614,1808.479882,45612.58370692
2019-10-16,1807.495943,1839.96593,1806.512004,1810.44776,78749.80054658
2019-10-17,1810.44776,1844.885625,1810.44776,1839.96593,40683.41635
2019-10-18,1840.949869,1847.837442,1839.96593,1844.885625,86910.87557257
2019-10-21,1848.821381,1859.64471,1837.014113,1859.64471,15016.17478319
2019-10-22,1859.64471,1869.4841,1842.917747,1865.548344,24213.89943889
2019-10-23,1849.80532,1889.16288,1849.80532,1889.16288,49733.77414657
2019-10-24,1887.195002,1889.16288,1870.468039,1889.16288,39971.99013353
2019-10-25,1871.451978,1884.243185,1860.628649,1884.243185,35703.43283476
2019-10-28,1870.468039,1870.468039,1835.046235,1835.046235,33996.00991525
2019-10-29,1835.046235,1835.046235,1813.399577,1820.28715,81549.77086994
2019-10-30,1813.399577,1820.28715,1805.528065,1805.528065,39377.44108121
2019-10-31,1814.383516,1820.28715,1790.76898,1794.704736,28690.80298677
2019-11-04,1810.44776,1830.12654,1804.544126,1816.351394,51517.42130356
2019-11-05,1833.078357,1848.821381,1825.206845,1837.998052,67626.1434906
2019-11-06,1849.80532,1855.708954,1794.704736,1794.704736,30875.89779448
2019-11-07,1830.12654,1839.96593,1814.383516,1839.96593,16850.6380985
2019-11-08,1856.692893,1884.243185,1837.998052,1869.4841,38691.4229439
2019-11-11,1874.403795,1898.018331,1839.96593,1839.96593,25860.34296842
2019-11-12,1887.195002,1887.195002,1850.789259,1879.32349,20387.44271749
2019-11-13,1877.355612,1878.339551,1835.046235,1839.96593,53854.96458622
2019-11-14,1843.901686,1898.018331,1843.901686,1897.034392,34880.21107
2019-11-15,1903.921965,1903.921965,1873.419856,1886.211063,32908.54412723
2019-11-18,1886.211063,1888.178941,1850.789259,1879.32349,20829.54329486
2019-11-19,1879.32349,1922.616806,1879.32349,1898.018331,52686.19294489
2019-11-20,1869.4841,1886.211063,1854.725015,1869.4841,33889.29598278
2019-11-21,1876.371673,1916.713172,1870.468039,1905.889843,99538.69091478
2019-11-22,1905.889843,1918.68105,1879.32349,1910.809538,45307.686757
2019-11-25,1903.921965,1913.761355,1874.403795,1913.761355,29117.65871665
2019-11-26,1913.761355,1918.68105,1869.4841,1918.68105,102582.57879808
2019-11-27,1899.00227,1915.729233,1863.580466,1863.580466,38335.70983567
2019-11-28,1866.532283,1899.00227,1866.532283,1899.00227,24015.71642144
2019-11-29,1869.4841,1908.84166,1869.4841,1908.84166,40165.09153515
2019-12-02,1912.777416,1948.19922,1901.954087,1948.19922,61035.28775666
2019-12-03,1947.215281,1948.19922,1899.986209,1948.19922,39011.56474131
2019-12-04,1948.19922,1948.19922,1902.938026,1902.938026,30403.30752211
2019-12-05,1903.921965,1938.35983,1903.921965,1903.921965,23588.86069157
2019-12-06,1902.938026,1918.68105,1902.938026,1912.777416,9553.43776393
2019-12-09,1912.777416,1912.777416,1902.938026,1905.889843,7251.46579209
2019-12-10,1899.986209,1914.745294,1899.00227,1899.00227,12383.89778228
2019-12-11,1904.905904,1948.19922,1901.954087,1948.19922,27704.96951539
2019-12-12,1908.84166,1933.440135,1902.938026,1902.938026,61289.36854825
2019-12-13,1946.231342,1948.19922,1908.84166,1946.231342,39489.23662951
2019-12-16,1946.231342,1946.231342,1903.921965,1903.921965,22013.55978369
2019-12-17,1903.921965,1948.19922,1903.921965,1948.19922,31302.75352435
2019-12-18,1948.19922,2009.203438,1913.761355,2009.203438,81427.81208998
2019-12-19,1967.878,2005.267682,1943.279525,1967.878,30408.38913794
2019-12-20,2007.23556,2011.171316,1967.878,1983.621024,175666.37769211
2019-12-23,1979.685268,1997.39617,1963.942244,1979.685268,32141.22013661
2019-12-26,1983.621024,1983.621024,1954.102854,1964.926183,12470.28525142
2019-12-27,1965.910122,1997.39617,1965.910122,1987.55678,35662.7799081
2020-01-02,1967.878,2015.107072,1958.03861,2015.107072,18349.7147689
2020-01-03,1993.460414,1997.39617,1969.845878,1987.55678,31018.18303777
2020-01-06,1971.813756,2011.171316,1963.942244,2001.331926,9787.19209219
2020-01-07,1993.460414,2001.331926,1975.749512,1975.749512,41054.37430572
2020-01-08,1977.71739,1991.492536,1969.845878,1987.55678,31485.6916943
2020-01-09,1977.71739,1999.364048,1971.813756,1997.39617,38488.15831063
2020-01-10,1997.39617,1997.39617,1948.19922,1948.19922,121730.10725258
2020-01-14,1948.19922,2015.107072,1946.231342,2009.203438,87195.44605916
2020-01-15,1963.942244,2032.817974,1963.942244,2028.882218,94751.80880116
2020-01-16,2028.882218,2028.882218,1971.813756,2011.171316,54988.16491673
2020-01-17,2017.07495,2064.304022,2003.299804,2064.304022,29976.45179224
2020-01-20,2050.528876,2050.528876,2009.203438,2013.139194,62620.7518962
2020-01-21,2013.139194,2013.139194,1993.460414,2003.299804,33818.15336113
2020-01-22,1975.749512,2022.978584,1941.311647,1941.311647,95813.86651002
2020-01-23,1948.19922,1995.428292,1940.327708,1971.813756,30764.10224618
2020-01-24,1971.813756,2015.107072,1958.03861,1971.813756,17516.32977248
2020-01-27,1971.813756,1987.55678,1962.958305,1969.845878,3262.39736406
2020-01-28,1967.878,1975.749512,1930.488318,1930.488318,17353.71806586
2020-01-29,1930.488318,1965.910122,1928.52044,1938.35983,14838.31822908
2020-01-30,1939.343769,1963.942244,1928.52044,1928.52044,14325.07503006
2020-01-31,1929.504379,1962.958305,1859.64471,1859.64471,54871.28775259
2020-02-03,1859.64471,1869.4841,1832.094418,1869.4841,20534.80957661
2020-02-04,1889.16288,1948.19922,1862.596527,1899.00227,54617.206961
2020-02-05,1928.52044,1942.295586,1923.600745,1930.488318,16586.39407524
2020-02-06,1931.472257,1965.910122,1930.488318,1958.03861,22293.04865444
2020-02-07,1958.03861,1975.749512,1938.35983,1948.19922,31277.3454452
2020-02-10,1948.19922,1966.894061,1938.35983,1954.102854,25204.8145261
2020-02-11,1960.990427,1973.781634,1954.102854,1973.781634,21576.54082214
2020-02-12,1966.894061,1967.878,1933.440135,1967.878,43427.48889921
2020-02-13,1975.749512,1975.749512,1958.03861,1963.942244,15885.13109044
2020-02-14,1973.781634,1973.781634,1912.777416,1912.777416,33086.40068134
2020-02-17,1916.713172,1936.391952,1904.905904,1904.905904,9716.04947055
2020-02-18,1932.456196,1932.456196,1904.905904,1905.889843,33589.4806487
2020-02-19,1903.921965,1917.697111,1887.195002,1888.178941,30936.87718446
2020-02-20,1888.178941,1894.082575,1864.564405,1864.564405,33447.19540541
2020-02-21,1865.548344,1898.018331,1858.660771,1858.660771,52742.09071904
2020-02-24,1854.725015,1886.211063,1849.80532,1850.789259,45322.9316045
2020-02-26,1834.062296,1883.259246,1779.945651,1796.672614,117908.73214701
2020-02-27,1796.672614,1833.078357,1782.897468,1800.60837,43254.71396093
2020-02-28,1799.624431,1799.624431,1750.427481,1750.427481,90808.47491562
2020-03-02,1751.41142,1799.624431,1714.021738,1771.0902,84400.55735162
2020-03-03,1847.837442,1847.837442,1787.817163,1800.60837,46862.66120156
2020-03-04,1800.60837,1824.222906,1787.817163,1820.28715,43651.07999581
2020-03-05,1820.28715,1858.660771,1811.431699,1811.431699,45988.62327848
2020-03-06,1795.688675,1811.431699,1789.785041,1801.592309,26663.23826985
2020-03-09,1788.801102,1791.752919,1721.89325,1721.89325,27994.6216178
2020-03-10,1722.877189,1722.877189,1674.664178,1704.182348,60679.57464843
2020-03-11,1708.118104,1754.363237,1708.118104,1721.89325,28934.7205467
2020-03-12,1721.89325,1750.427481,1674.664178,1711.069921,117710.54912957
2020-03-13,1662.85691,1823.238967,1564.46301,1800.60837,160980.50793799
2020-03-16,1763.218688,1889.16288,1654.001459,1889.16288,96067.94730161
2020-03-19,1712.05386,1868.500161,1678.599934,1716.973555,109056.55736789
2020-03-20,1716.973555,1740.588091,1623.49935,1631.370862,104274.75687009
2020-03-23,1623.49935,1820.28715,1623.49935,1820.28715,86565.325696
2020-03-24,1810.44776,1859.64471,1731.73264,1786.833224,66005.10804023
2020-03-25,1807.495943,1854.725015,1790.76898,1810.44776,47299.6801631
2020-03-26,1810.44776,1948.19922,1810.44776,1899.00227,125444.76842568
2020-03-27,1918.68105,1944.263464,1877.355612,1917.697111,96921.65876137
2020-03-30,1879.32349,1917.697111,1879.32349,1881.291368,57020.81124948
2020-03-31,1885.227124,1917.697111,1882.275307,1899.00227,78968.31002735
2020-04-01,1881.291368,1967.878,1881.291368,1967.878,80721.46748935
2020-04-02,1967.878,1967.878,1941.311647,1967.878,53402.70077718
2020-04-03,1973.781634,2017.07495,1946.231342,2017.07495,111663.42628964
2020-04-06,2017.07495,2263.0597,2017.07495,2263.0597,118020.52769531
2020-04-07,2243.38092,2243.38092,2095.79007,2158.762166,92277.06189103
2020-04-08,2150.890654,2150.890654,2070.207656,2125.30824,82144.31992227
2020-04-13,2164.6658,2202.055482,2125.30824,2188.280336,55354.04125662
2020-04-14,2184.34458,2221.734262,2164.6658,2194.18397,119458.62497574
2020-04-15,2170.569434,2205.991238,2135.14763,2170.569434,147590.450221
2020-04-16,2154.82641,2154.82641,2066.2719,2066.2719,109559.63733524
2020-04-17,2115.46885,2194.18397,2066.2719,2194.18397,52310.15337333
2020-04-20,2184.34458,2184.34458,2119.404606,2144.98702,38467.8318473
2020-04-21,2125.30824,2141.051264,2072.175534,2072.175534,50145.38502895
2020-04-22,2062.336144,2156.794288,2062.336144,2133.179752,70334.64472899
2020-04-23,2164.6658,2184.34458,2139.083386,2164.6658,48514.18634692
2020-04-24,2164.6658,2180.408824,2137.115508,2172.537312,55018.65461172
2020-04-27,2172.537312,2211.894872,2121.372484,2174.50519,63357.58619183
2020-04-28,2174.50519,2231.573652,2174.50519,2221.734262,23497.39160659
2020-04-29,2221.734262,2221.734262,2150.890654,2194.18397,27389.90933381
2020-04-30,2213.86275,2219.766384,2160.730044,2160.730044,65491.86484121
2020-05-04,2160.730044,2221.734262,2146.954898,2221.734262,39336.78815455
2020-05-05,2178.440946,2263.0597,2178.440946,2263.0597,74420.26385782
2020-05-06,2259.123944,2259.123944,2194.18397,2205.991238,84243.02726084
2020-05-07,2205.991238,2221.734262,2166.633678,2166.633678,90666.18967233
2020-05-08,2166.633678,2204.02336,2115.46885,2115.46885,105687.44607135
2020-05-11,2115.46885,2166.633678,2046.59312,2046.59312,110260.90032004
2020-05-12,2066.2719,2125.30824,2028.882218,2095.79007,105448.61012725
2020-05-13,2093.822192,2115.46885,2070.207656,2070.207656,65009.11133719
2020-05-14,2095.79007,2146.954898,2078.079168,2135.14763,115063.02728116
2020-05-15,2141.051264,2205.991238,2141.051264,2184.34458,73627.53178805
2020-05-18,2188.280336,2188.280336,2125.30824,2182.376702,20921.01237983
2020-05-19,2184.34458,2190.248214,2139.083386,2176.473068,29783.35039062
2020-05-20,2146.954898,2239.445164,2146.954898,2239.445164,92429.51036599
2020-05-21,2196.151848,2243.38092,2196.151848,2233.54153,105601.05860221
2020-05-22,2247.316676,2253.22031,2164.6658,2196.151848,93400.09898988
2020-05-26,2184.34458,2223.70214,2146.954898,2213.86275,85391.47243884
2020-05-27,2237.477286,2243.38092,2154.82641,2184.34458,141716.10231935
2020-05-28,2184.34458,2184.34458,2154.82641,2164.6658,68190.20284794
2020-05-29,2154.82641,2257.156066,2144.98702,2257.156066,606485.76791854
2020-06-01,2223.70214,2233.54153,2192.216092,2207.959116,38706.6677914
2020-06-02,2221.734262,2221.734262,2144.98702,2156.794288,156635.72640174
2020-06-03,2200.087604,2213.86275,2139.083386,2141.051264,103639.55489111
2020-06-04,2115.46885,2164.6658,2095.79007,2164.6658,115596.59694351
2020-06-05,2164.6658,2164.6658,2133.179752,2135.14763,114041.62249896
2020-06-08,2135.14763,2150.890654,2072.175534,2085.95068,84944.29024564
2020-06-09,2085.95068,2135.14763,2076.11129,2135.14763,63698.05445256
2020-06-10,2127.276118,2139.083386,2087.918558,2125.30824,72153.8631968
2020-06-11,2141.051264,2182.376702,2105.62946,2182.376702,60511.88132598
2020-06-15,2184.34458,2184.34458,2125.30824,2125.30824,106337.89289783
2020-06-16,2125.30824,2146.954898,2087.918558,2125.30824,74511.73294279
2020-06-17,2135.14763,2168.601556,2125.30824,2150.890654,53997.24982951
2020-06-18,2154.82641,2188.280336,2127.276118,2170.569434,75517.89287751
2020-06-19,2164.6658,2164.6658,2091.854314,2119.404606,366176.15522914
2020-06-22,2121.372484,2146.954898,2095.79007,2095.79007,60623.67687428
2020-06-23,2097.757948,2109.565216,2038.721608,2105.62946,102318.33477482
2020-06-24,2095.79007,2095.79007,2048.560998,2060.368266,55892.6925348
2020-06-25,2062.336144,2062.336144,2017.07495,2024.946462,75253.64885425
2020-06-26,2024.946462,2095.79007,2017.07495,2095.79007,64038.5227133
2020-06-29,2076.11129,2078.079168,2021.010706,2054.464632,52427.03053746
2020-06-30,2048.560998,2066.2719,2026.91434,2036.75373,126959.08994358
2020-07-01,2066.2719,2093.822192,2040.689486,2066.2719,46125.82690594
2020-07-02,2066.2719,2095.79007,2038.721608,2085.95068,174838.07431152
2020-07-03,2095.79007,2115.46885,2056.43251,2076.11129,47508.02641221
2020-07-06,2085.95068,2115.46885,2058.400388,2105.62946,130998.97452993
2020-07-07,2105.62946,2111.533094,2028.882218,2028.882218,82306.93162889
2020-07-08,2056.43251,2076.11129,2030.850096,2062.336144,74791.22181355
2020-07-09,2066.2719,2068.239778,2032.817974,2032.817974,47426.7205589
2020-07-10,2058.400388,2058.400388,2036.75373,2042.657364,45368.66614699
2020-07-13,2048.560998,2056.43251,2034.785852,2046.59312,33370.97116793
2020-07-14,2046.59312,2050.528876,2028.882218,2028.882218,29178.63810663
2020-07-15,2038.721608,2060.368266,1948.19922,1973.781634,114925.8236537
2020-07-16,1997.39617,2032.817974,1993.460414,2032.817974,23929.3289523
2020-07-17,2032.817974,2044.625242,2005.267682,2044.625242,49118.89863091
2020-07-20,2046.59312,2091.854314,2046.59312,2080.047046,42192.65625206
2020-07-21,2076.11129,2080.047046,2056.43251,2056.43251,26302.44354579
2020-07-22,2056.43251,2095.79007,2056.43251,2076.11129,65949.21026608
2020-07-23,2085.95068,2085.95068,1997.39617,2082.014924,48173.71808618
2020-07-24,2082.014924,2082.014924,2021.010706,2056.43251,22465.82359272
2020-07-27,2066.2719,2076.11129,1973.781634,1977.71739,48112.7386962
2020-07-28,1967.878,1991.492536,1910.809538,1967.878,63215.30094853
2020-07-29,1967.878,1993.460414,1959.022549,1987.55678,20717.74774656
2020-07-30,1987.55678,2044.625242,1975.749512,2030.850096,128259.98359654
2020-08-03,2021.010706,2021.010706,1971.813756,1981.653146,52742.09071904
2020-08-04,2021.010706,2046.59312,1995.428292,2036.75373,87978.01489726
2020-08-05,2062.336144,2082.014924,2060.368266,2072.175534,71305.23335288
2020-08-06,2085.95068,2089.886436,2072.175534,2083.982802,67082.41059659
2020-08-07,2085.95068,2123.340362,2068.239778,2085.95068,50526.50621634
2020-08-10,2076.11129,2164.6658,2076.11129,2164.6658,39352.03300205
2020-08-11,2162.697922,2162.697922,2119.404606,2144.98702,37776.73209416
2020-08-12,2082.014924,2137.115508,2082.014924,2129.243996,44489.54660807
2020-08-13,2129.243996,2129.243996,2074.143412,2113.500972,58819.70325396
2020-08-14,2078.079168,2113.500972,2078.079168,2101.693704,43056.53094348
2020-08-17,2101.693704,2105.62946,2082.014924,2083.982802,13156.30338873
2020-08-18,2113.500972,2113.500972,2083.982802,2095.79007,31394.22260933
2020-08-19,2095.79007,2113.500972,2095.79007,2095.79007,38254.40398236
2020-08-20,2095.79007,2103.661582,2068.239778,2078.079168,41079.78238488
2020-08-24,2093.822192,2093.822192,2064.304022,2066.2719,39067.46251546
2020-08-25,2062.336144,2080.047046,2036.75373,2076.11129,43747.63069662
2020-08-26,2074.143412,2105.62946,2042.657364,2095.79007,32578.23909816
2020-08-27,2105.62946,2111.533094,2080.047046,2099.725826,43468.14182587
2020-08-28,2091.854314,2097.757948,2048.560998,2054.464632,135308.18475536
2020-09-01,2056.43251,2091.854314,1997.39617,1997.39617,80187.897827
2020-09-02,2013.139194,2034.785852,2003.299804,2017.07495,31272.26382936
2020-09-03,2017.07495,2056.43251,1997.39617,2056.43251,39555.29763532
2020-09-04,2054.464632,2054.464632,2001.331926,2007.23556,69435.19872675
2020-09-07,2013.139194,2072.175534,2013.139194,2054.464632,34351.72302348
2020-09-08,2072.175534,2095.79007,2056.43251,2085.95068,32151.38336828
2020-09-09,2099.725826,2099.725826,2056.43251,2097.757948,21505.3982005
2020-09-10,2095.79007,2099.725826,2046.59312,2046.59312,30235.61419966
2020-09-11,2046.59312,2083.982802,2044.625242,2046.59312,43935.6504824
2020-09-14,2042.657364,2093.822192,2042.657364,2091.854314,30133.98188302
2020-09-15,2089.886436,2089.886436,2030.850096,2040.689486,33386.21601542
2020-09-16,2044.625242,2046.59312,2028.882218,2028.882218,30870.81617865
2020-09-17,2028.882218,2066.2719,2021.010706,2056.43251,40703.74281332
2020-09-18,2064.304022,2105.62946,2046.59312,2105.62946,42797.36853606
2020-09-21,2083.982802,2095.79007,2076.11129,2080.047046,12820.91674382
2020-09-22,2080.047046,2080.047046,2046.59312,2046.59312,21170.01155559
2020-09-23,2089.886436,2089.886436,2048.560998,2066.2719,29737.61584814
2020-09-24,2056.43251,2085.95068,2042.657364,2085.95068,21256.39902474
2020-09-25,2085.95068,2101.693704,2056.43251,2085.95068,45831.09318769
2020-09-28,2078.079168,2078.079168,2052.496754,2052.496754,19711.58781185
2020-09-29,2054.464632,2083.982802,2046.59312,2054.464632,30271.18551048
2020-09-30,2064.304022,2101.693704,2046.59312,2046.59312,45546.5227011
2020-10-01,2046.59312,2083.982802,2046.59312,2066.2719,6773.79390389
2020-10-02,2078.079168,2085.95068,2046.59312,2085.95068,34539.74280926
2020-10-05,2089.886436,2089.886436,2019.042828,2019.042828,30952.12203196
2020-10-06,2026.91434,2066.2719,2007.23556,2007.23556,26851.25805563
2020-10-07,2007.23556,2050.528876,1967.878,1967.878,57193.58618776
2020-10-08,2007.23556,2036.75373,1977.71739,2019.042828,56050.22262559
2020-10-09,2036.75373,2036.75373,1983.621024,2017.07495,33269.33885129
2020-10-12,2017.07495,2026.91434,1969.845878,1969.845878,78307.69996921
2020-10-13,1975.749512,2015.107072,1969.845878,1969.845878,42751.63399357
2020-10-14,1969.845878,2011.171316,1963.942244,1977.71739,85010.35125145
2020-10-15,1977.71739,1995.428292,1969.845878,1977.71739,60283.20861354
2020-10-16,1989.524658,2003.299804,1960.006488,1960.006488,85930.12371702
2020-10-19,1965.910122,1975.749512,1965.910122,1969.845878,57737.31908177
2020-10-20,1971.813756,1983.621024,1967.878,1973.781634,75258.73047008
2020-10-21,1995.428292,1995.428292,1973.781634,1977.71739,115881.16743009
2020-10-22,1981.653146,2024.946462,1981.653146,2005.267682,89411.03056185
2020-10-23,2026.91434,2062.336144,1985.588902,1987.55678,79044.53426483
2020-10-26,2007.23556,2017.07495,1991.492536,2001.331926,29915.47240225
2020-10-27,2026.91434,2046.59312,2007.23556,2017.07495,90757.6587573
2020-10-28,2046.59312,2066.2719,2019.042828,2066.2719,101149.56313349
2020-10-29,2026.91434,2064.304022,2021.010706,2026.91434,44133.83349984
2020-10-30,2026.91434,2062.336144,1997.39617,1997.39617,59912.25065782
2020-11-03,1999.364048,2048.560998,1979.685268,1987.55678,57381.60597354
2020-11-04,2011.171316,2011.171316,1969.845878,1969.845878,104981.10147072
2020-11-05,2001.331926,2044.625242,1981.653146,1981.653146,53453.5169355
2020-11-06,2013.139194,2042.657364,1985.588902,2034.785852,113696.07262239
2020-11-09,2038.721608,2074.143412,2034.785852,2066.2719,95442.90855429
2020-11-10,2066.2719,2068.239778,1987.55678,1997.39617,111719.32406379
2020-11-11,2011.171316,2042.657364,1991.492536,2007.23556,121974.02481251
2020-11-13,2026.91434,2026.91434,1948.19922,1960.006488,178329.14438802
2020-11-16,1979.685268,1997.39617,1960.006488,1987.55678,58103.19542167
2020-11-17,1973.781634,1997.39617,1973.781634,1995.428292,70090.72716906
2020-11-18,1987.55678,1993.460414,1969.845878,1983.621024,77011.88793208
2020-11-19,1985.588902,2007.23556,1973.781634,1973.781634,73820.63318966
2020-11-20,1993.460414,2015.107072,1975.749512,1975.749512,98390.24573678
2020-11-23,1995.428292,2017.07495,1981.653146,2015.107072,62412.4056471
2020-11-24,2013.139194,2015.107072,1969.845878,1969.845878,95514.05117594
2020-11-25,1985.588902,1985.588902,1965.910122,1967.878,79161.41142896
2020-11-26,1967.878,1987.55678,1967.878,1981.653146,119463.70659157
2020-11-27,1967.878,1981.653146,1916.713172,1916.713172,541202.24932643
2020-12-01,1918.68105,1948.19922,1889.16288,1938.35983,128280.31005987
2020-12-02,1940.327708,1983.621024,1940.327708,1967.878,95966.31498497
2020-12-03,1977.71739,2005.267682,1962.958305,1997.39617,94340.19791877
2020-12-04,1977.71739,2013.139194,1977.71739,2013.139194,53392.53754552
2020-12-07,2007.23556,2019.042828,1991.492536,2007.23556,74018.8162071
2020-12-09,2007.23556,2017.07495,1991.492536,2013.139194,51121.05526867
2020-12-10,2013.139194,2017.07495,1997.39617,2009.203438,61162.32815246
2020-12-11,2013.139194,2022.978584,1991.492536,2003.299804,70471.84835645
2020-12-14,2007.23556,2017.07495,1997.39617,2005.267682,38818.4633397
2020-12-15,2007.23556,2015.107072,1948.19922,1997.39617,98126.00171352
2020-12-16,1997.39617,2007.23556,1967.878,1967.878,99487.87475646
2020-12-17,1977.71739,2007.23556,1977.71739,2007.23556,23649.84008155
2020-12-18,2005.267682,2066.2719,1979.685268,2066.2719,201338.70087475
2020-12-21,2058.400388,2058.400388,2007.23556,2026.91434,24620.42870544
2020-12-22,2026.91434,2026.91434,1989.524658,2001.331926,40515.72302755
2020-12-23,2001.331926,2024.946462,1977.71739,1977.71739,43376.67274089
2020-12-28,1989.524658,1999.364048,1979.685268,1999.364048,18613.95879216
2020-12-29,1999.364048,2009.203438,1989.524658,1997.39617,43452.89697837
2021-01-04,1997.39617,2036.75373,1985.588902,1985.588902,38284.89367735
2021-01-05,1987.55678,1993.460414,1977.71739,1987.55678,71345.88627954
2021-01-06,1987.55678,1987.55678,1964.926183,1964.926183,59637.84340289
2021-01-07,1977.71739,2022.978584,1967.878,1967.878,41689.57628471
2021-01-08,1987.55678,1995.428292,1971.813756,1987.55678,103705.61589692
2021-01-11,1997.39617,2060.368266,1997.39617,2007.23556,115606.76017517
2021-01-12,2013.139194,2030.850096,1987.55678,1987.55678,78404.25067001
2021-01-13,2017.07495,2017.07495,1985.588902,2013.139194,45917.48065683
2021-01-14,1993.460414,2095.79007,1991.492536,2095.79007,194503.92758088
2021-01-15,2093.822192,2093.822192,2056.43251,2066.2719,34153.54000604
2021-01-18,2068.239778,2083.982802,2066.2719,2066.2719,25499.54824435
2021-01-19,2048.560998,2072.175534,2026.91434,2026.91434,80071.02066287
2021-01-20,2028.882218,2085.95068,2026.91434,2066.2719,52538.82608576
2021-01-21,2066.2719,2074.143412,2036.75373,2066.2719,71040.98932962
2021-01-22,2066.2719,2068.239778,2026.91434,2026.91434,48671.71643771
2021-01-25,2028.882218,2030.850096,1997.39617,2011.171316,35637.37182894
2021-01-26,2011.171316,2011.171316,1977.71739,1977.71739,43757.79392828
2021-01-27,1985.588902,1987.55678,1965.910122,1971.813756,74034.0610546
2021-01-28,1971.813756,1981.653146,1962.958305,1981.653146,65552.8442312
2021-01-29,1967.878,1981.653146,1909.825599,1909.825599,163816.04957218
2021-02-01,1953.118915,1987.55678,1952.134976,1987.55678,36851.87801276
2021-02-02,1985.588902,2013.139194,1967.878,2013.139194,50338.48643056
2021-02-03,2011.171316,2011.171316,1969.845878,1969.845878,74537.14102195
2021-02-04,1977.71739,1987.55678,1973.781634,1979.685268,20199.42293171
2021-02-05,1979.685268,2007.23556,1977.71739,1993.460414,43950.89532989
2021-02-08,1993.460414,1997.39617,1983.621024,1987.55678,39606.11379364
2021-02-09,1987.55678,1993.460414,1967.878,1967.878,55333.7147933
2021-02-10,1969.845878,2017.07495,1969.845878,2005.267682,50805.99508709
2021-02-11,2005.267682,2017.07495,2005.267682,2007.23556,19157.69168617
2021-02-15,2007.23556,2046.59312,2007.23556,2007.23556,12328.00000813
2021-02-16,2007.23556,2024.946462,2007.23556,2013.139194,9477.21352645
2021-02-17,2019.042828,2019.042828,2003.299804,2017.07495,35378.20942152
2021-02-18,2017.07495,2026.91434,1997.39617,1997.39617,57335.87143105
2021-02-19,1997.39617,2015.107072,1987.55678,2015.107072,29402.22920323
2021-02-22,2015.107072,2017.07495,2001.331926,2003.299804,24213.89943889
2021-02-23,2003.299804,2003.299804,1945.247403,1945.247403,76158.17647232
2021-02-24,1993.460414,1993.460414,1953.118915,1953.118915,69282.75025179
2021-02-26,1977.71739,1993.460414,1963.942244,1993.460414,180422.77011075
2021-03-01,1993.460414,1993.460414,1971.813756,1993.460414,40134.60184015
2021-03-02,1995.428292,1995.428292,1961.974366,1962.958305,70563.31744143
2021-03-03,1995.428292,1995.428292,1967.878,1969.845878,14015.09646431
2021-03-04,1967.878,1979.685268,1967.878,1967.878,34915.78238082
2021-03-05,1955.086793,1969.845878,1953.118915,1960.006488,59897.00581032
2021-03-08,1960.006488,1967.878,1953.118915,1959.022549,44194.81288982
2021-03-09,1959.022549,1960.006488,1933.440135,1933.440135,58555.4592307
2021-03-10,1943.279525,1985.588902,1923.600745,1985.588902,39743.3174211
2021-03-11,1975.749512,1979.685268,1930.488318,1936.391952,76386.84918476
2021-03-12,1937.375891,1977.71739,1921.632867,1928.52044,36262.41057627
2021-03-15,1920.648928,1948.19922,1908.84166,1948.19922,53936.27043953
2021-03-16,1946.231342,1958.03861,1920.648928,1948.19922,59063.62081389
2021-03-17,1958.03861,1958.03861,1899.00227,1899.00227,35998.16655301
2021-03-18,1946.231342,1946.231342,1908.84166,1908.84166,22308.29350193
2021-03-19,1944.263464,1944.263464,1839.96593,1839.96593,77809.70161768
2021-03-22,1879.32349,1904.905904,1869.4841,1899.00227,26891.91098229
2021-03-23,1900.970148,1900.970148,1878.339551,1881.291368,36613.04206866
2021-03-24,1882.275307,1893.098636,1871.451978,1879.32349,66467.53508093
2021-03-25,1879.32349,1882.275307,1869.4841,1869.4841,40581.78403336
2021-03-26,1884.243185,1887.195002,1869.4841,1869.4841,32913.62574306
2021-03-29,1869.4841,1900.970148,1860.628649,1879.32349,29336.16819742
2021-03-30,1874.403795,1881.291368,1869.4841,1870.468039,18415.77577472
2021-03-31,1898.018331,1898.018331,1849.80532,1849.80532,63865.74777501
2021-04-05,1864.564405,1865.548344,1803.560187,1810.44776,75360.36278672
2021-04-06,1841.933808,1844.885625,1811.431699,1813.399577,31922.71065584
2021-04-07,1815.367455,1815.367455,1795.688675,1808.479882,54988.16491673
2021-04-08,1822.255028,1827.174723,1800.60837,1800.60837,54093.80053032
2021-04-12,1802.576248,1818.319272,1790.76898,1795.688675,37603.95715588
2021-04-13,1795.688675,1796.672614,1776.009895,1795.688675,53290.90522888
2021-04-14,1800.60837,1814.383516,1795.688675,1813.399577,49809.99838405
2021-04-15,1813.399577,1813.399577,1802.576248,1805.528065,48666.63482187
2021-04-16,1806.512004,1820.28715,1805.528065,1820.28715,35495.08658565
2021-04-19,1820.28715,1820.28715,1811.431699,1820.28715,41974.14677129
2021-04-20,1825.206845,1849.80532,1821.271089,1834.062296,68561.16080367
2021-04-21,1837.014113,1842.917747,1823.238967,1836.030174,61045.45098832
2021-04-22,1839.96593,1846.853503,1830.12654,1836.030174,24574.69416295
2021-04-23,1836.030174,1846.853503,1836.030174,1839.96593,28680.63975511
2021-04-26,1846.853503,1889.16288,1840.949869,1889.16288,19498.15994691
2021-04-27,1883.259246,1884.243185,1865.548344,1869.4841,33696.19458117
2021-04-28,1870.468039,1888.178941,1852.757137,1855.708954,49916.71231652
2021-04-29,1869.4841,1869.4841,1840.949869,1855.708954,29204.04618579
2021-04-30,1859.64471,1869.4841,1803.560187,1803.560187,117619.0800446
2021-05-03,1809.463821,1820.28715,1800.60837,1800.60837,33716.5210445
2021-05-04,1824.222906,1824.222906,1795.688675,1795.688675,57239.32073025
2021-05-05,1795.688675,1819.303211,1795.688675,1804.544126,28665.39490761
2021-05-06,1813.399577,1815.367455,1780.92959,1780.92959,44682.64800968
2021-05-07,1782.897468,1810.44776,1782.897468,1801.592309,19838.62820764
2021-05-10,1805.528065,1837.998052,1805.528065,1829.142601,32745.93242061
2021-05-11,1830.12654,1839.96593,1816.351394,1830.12654,40658.00827084
2021-05-12,1835.046235,1835.046235,1780.92959,1799.624431,58834.94810146
2021-05-14,1795.688675,1796.672614,1772.074139,1781.913529,86356.9794469
2021-05-17,1790.76898,1814.383516,1790.76898,1801.592309,37532.81453423
2021-05-18,1800.60837,1817.335333,1782.897468,1817.335333,24407.0008405
2021-05-19,1816.351394,1837.998052,1800.60837,1831.110479,16271.33389367
2021-05-20,1837.014113,1837.014113,1820.28715,1820.28715,27410.23579714
2021-05-21,1820.28715,1822.255028,1790.76898,1790.76898,51542.82938272
2021-05-24,1790.76898,1820.28715,1767.154444,1767.154444,57036.05609697
2021-05-25,1790.76898,1795.688675,1771.0902,1771.0902,51761.33886349
2021-05-26,1771.0902,1827.174723,1771.0902,1805.528065,35789.8203039
2021-05-27,1809.463821,1861.612588,1803.560187,1820.28715,465110.13385992
2021-05-28,1820.28715,1825.206845,1777.977773,1781.913529,153815.42961505
2021-05-31,1808.479882,1808.479882,1776.009895,1776.993834,63245.79064353
2021-06-01,1785.849285,1798.640492,1781.913529,1797.656553,22303.2118861
2021-06-02,1806.512004,1815.367455,1795.688675,1805.528065,74008.65297544
2021-06-03,1805.528065,1808.479882,1781.913529,1781.913529,84415.80219912
2021-06-04,1808.479882,1811.431699,1805.528065,1810.44776,75721.15751078
2021-06-07,1813.399577,1834.062296,1810.44776,1810.44776,61258.87885326
2021-06-08,1820.28715,1835.046235,1779.945651,1779.945651,47599.49549718
2021-06-09,1816.351394,1816.351394,1790.76898,1790.76898,57838.95139841
2021-06-10,1799.624431,1815.367455,1790.76898,1790.76898,38112.11873907
2021-06-11,1795.688675,1820.28715,1782.897468,1811.431699,192359.48569982
2021-06-14,1827.174723,1864.564405,1815.367455,1864.564405,106165.11795955
2021-06-15,1864.564405,1868.500161,1849.80532,1859.64471,52101.80712422
2021-06-16,1865.548344,1868.500161,1840.949869,1847.837442,42401.00250117
2021-06-17,1848.821381,1849.80532,1810.44776,1810.44776,64780.43862475
2021-06-18,1826.190784,1830.12654,1785.849285,1785.849285,171265.69838171
2021-06-21,1805.528065,1810.44776,1785.849285,1789.785041,49525.42789746
2021-06-22,1800.60837,1801.592309,1785.849285,1789.785041,77636.9266794
2021-06-23,1800.60837,1815.367455,1791.752919,1810.44776,46537.43778832
2021-06-24,1820.28715,1820.28715,1800.60837,1800.60837,66523.43285509
2021-06-25,1801.592309,1823.238967,1801.592309,1823.238967,36460.59359371
2021-06-28,1825.206845,1827.174723,1801.592309,1810.44776,53341.7213872
2021-06-29,1810.44776,1811.431699,1790.76898,1800.60837,85330.49304886
2021-06-30,1805.528065,1819.303211,1805.528065,1810.44776,44169.40481066
2021-07-01,1811.431699,1843.901686,1811.431699,1839.96593,60491.55486265
2021-07-02,1839.96593,1859.64471,1839.96593,1854.725015,60623.67687428
2021-07-05,1857.676832,1908.84166,1857.676832,1889.16288,68286.75354875
2021-07-06,1908.84166,1956.070732,1907.857721,1932.456196,89675.27458511
2021-07-07,1932.456196,1932.456196,1900.970148,1900.970148,65847.57794945
2021-07-08,1900.970148,1938.35983,1900.970148,1938.35983,55979.08000394
2021-07-09,1933.440135,1933.440135,1904.905904,1933.440135,59378.68099547
2021-07-12,1933.440135,1957.054671,1921.632867,1951.151037,97114.76016298
2021-07-13,1946.231342,1955.086793,1940.327708,1947.215281,85233.94234805
2021-07-14,1944.263464,1947.215281,1939.343769,1942.295586,36648.61337949
2021-07-15,1942.295586,1946.231342,1901.954087,1901.954087,46618.74364163
2021-07-16,1918.68105,1918.68105,1901.954087,1909.825599,46080.09236345
2021-07-19,1904.905904,1904.905904,1839.96593,1899.00227,41974.14677129
2021-07-21,1902.938026,1902.938026,1859.64471,1866.532283,53829.55650706
2021-07-22,1869.4841,1908.84166,1869.4841,1883.259246,35200.3528674
2021-07-23,1883.259246,1902.938026,1877.355612,1899.00227,22796.12862179
2021-07-26,1899.00227,1899.00227,1861.612588,1875.387734,32207.28114243
2021-07-27,1874.403795,1898.018331,1849.80532,1850.789259,39230.07422208
2021-07-28,1851.773198,1863.580466,1844.885625,1849.80532,37222.83596849
2021-07-29,1849.80532,1879.32349,1849.80532,1876.371673,42777.04207273
2021-07-30,1876.371673,1876.371673,1830.12654,1830.12654,68850.81290608
2021-08-02,1830.12654,1869.4841,1800.60837,1869.4841,87485.09816157
2021-08-03,1879.32349,1879.32349,1831.110479,1844.885625,37659.85493003
2021-08-04,1859.64471,1863.580466,1837.014113,1849.80532,44067.77249403
2021-08-05,1868.500161,1904.905904,1855.708954,1904.905904,49169.71478923
2021-08-06,1899.00227,1954.102854,1883.259246,1953.118915,81422.73047415
2021-08-09,1954.102854,1955.086793,1937.375891,1948.19922,26658.15665402
2021-08-10,1948.19922,1958.03861,1943.279525,1958.03861,38808.30010804
2021-08-11,1958.03861,1983.621024,1958.03861,1967.878,138199.62416369
2021-08-12,1969.845878,1993.460414,1964.926183,1983.621024,87332.64968662
2021-08-13,1977.71739,1983.621024,1928.52044,1928.52044,39855.1129694
2021-08-16,1928.52044,1977.71739,1928.52044,1977.71739,77398.0907353
2021-08-17,1973.781634,2062.336144,1967.878,2048.560998,264462.53273831
2021-08-18,2048.560998,2099.725826,2048.560998,2099.725826,155177.30265799
2021-08-19,2076.11129,2099.725826,2034.785852,2068.239778,154786.01823894
2021-08-20,2068.239778,2143.019142,2066.2719,2121.372484,88313.40154217
2021-08-23,2119.404606,2137.115508,2117.436728,2137.115508,82469.54333551
2021-08-24,2129.243996,2243.38092,2127.276118,2243.38092,242332.09579049
2021-08-25,2243.38092,2656.6353,2241.413042,2558.2414,627960.67642405
2021-08-26,2528.72323,2945.913366,2528.72323,2900.652172,578526.71761156
2021-08-27,2857.358856,2882.94127,2747.157688,2802.258272,394958.42730088
2021-08-31,2755.0292,2755.0292,2593.663204,2676.31408,364636.42563208
2021-09-01,2674.346202,2745.18981,2650.731666,2715.67164,204494.38430634
2021-09-02,2709.768006,2784.54737,2707.800128,2707.800128,122970.02151556
2021-09-03,2707.800128,2737.318298,2627.11713,2658.603178,65791.6801753
2021-09-06,2656.6353,2664.506812,2607.43835,2656.6353,58138.76673249
2021-09-07,2646.79591,2764.86859,2646.79591,2745.18981,95305.70492683
2021-09-08,2745.18981,2768.804346,2725.51103,2745.18981,101749.19380165
2021-09-09,2745.18981,2755.0292,2688.121348,2745.18981,114615.84508796
2021-09-10,2737.318298,2821.937052,2723.543152,2816.033418,74593.0387961
2021-09-13,2804.22615,3067.921802,2794.38676,3040.37151,183141.4345808
2021-09-14,3067.921802,3227.31992,3067.921802,3123.022386,306335.04719297
2021-09-15,3121.054508,3123.022386,2991.17456,2991.17456,140872.55409126
2021-09-16,2989.206682,3148.6048,2959.688512,3148.6048,178329.14438802
2021-09-17,3142.701166,3142.701166,2951.817,2951.817,290312.71247506
2021-09-20,2957.720634,2997.078194,2892.78066,2924.266708,60278.12699771
2021-09-21,2855.390978,2890.812782,2808.161906,2853.4231,216339.63081045
2021-09-22,2853.4231,3048.243022,2843.58371,3048.243022,167678.0776044
2021-09-23,3038.403632,3071.857558,2941.97761,2941.97761,58240.39904913
2021-09-24,2945.913366,2961.65639,2904.587928,2951.817,34600.72219924
2021-09-27,2951.817,2979.367292,2902.62005,2902.62005,35982.92170551
2021-09-28,2892.78066,2932.13822,2863.26249,2875.069758,49271.34710587
2021-09-29,2843.58371,2922.29883,2695.99286,2898.684294,146172.67940391
2021-09-30,2898.684294,2967.560024,2896.716416,2936.073976,75929.50375989
2021-10-01,2936.073976,3020.69273,2936.073976,3001.01395,93699.91432396
2021-10-04,3001.01395,3001.01395,2943.945488,2951.817,54236.08577361
2021-10-05,2971.49578,3067.921802,2951.817,3063.986046,93638.93493397
2021-10-06,3065.953924,3363.103502,3065.953924,3355.23199,305278.07109994
2021-10-07,3345.3926,3372.942892,3138.76541,3187.96236,144526.23587438
2021-10-08,3148.6048,3168.28358,3034.467876,3038.403632,167881.34223768
2021-10-11,3038.403632,3083.664826,2953.784878,3030.53212,106683.4427744
2021-10-12,3020.69273,3119.08663,3004.949706,3099.40785,100605.83023948
2021-10-13,3099.40785,3164.347824,3069.88968,3146.636922,88979.09321614
2021-10-14,3150.572678,3296.19565,3150.572678,3296.19565,252535.9803809
2021-10-15,3286.35626,3296.19565,3160.412068,3168.28358,99874.07755969
2021-10-18,3158.44419,3168.28358,3069.88968,3158.44419,82764.27705376
2021-10-19,3158.44419,3158.44419,3054.146656,3058.082412,56766.73045788
2021-10-20,3060.05029,3089.56846,3001.01395,3001.01395,68982.93491771
2021-10-21,3010.85334,3050.2109,2951.817,2951.817,133814.18970078
2021-10-22,2955.752756,2999.046072,2955.752756,2989.206682,13557.75103944
2021-10-25,2989.206682,3001.01395,2953.784878,2971.49578,57971.07341004
2021-10-26,2981.33517,3109.24724,2975.431536,3097.439972,53550.06763631
2021-10-27,3097.439972,3097.439972,2973.463658,2973.463658,44753.79063133
2021-10-28,2983.303048,3001.01395,2924.266708,2924.266708,106414.11713531
2021-10-29,2936.073976,2981.33517,2936.073976,2947.881244,102541.92587142
2021-11-02,3020.69273,3083.664826,3008.885462,3083.664826,103202.53592956
2021-11-03,3083.664826,3123.022386,3083.664826,3103.343606,58382.68429242
2021-11-04,3105.311484,3128.92602,3105.311484,3109.24724,90142.78324164
2021-11-05,3111.215118,3176.155092,3099.40785,3142.701166,90163.10970497
2021-11-08,3142.701166,3260.773846,3103.343606,3246.9987,83308.00994777
2021-11-09,3256.83809,3390.653794,3256.83809,3367.039258,248694.278812
2021-11-10,3384.75016,3483.14406,3266.67748,3443.7865,90564.55735569
2021-11-11,3433.94711,3447.722256,3367.039258,3414.26833,27562.68427209
2021-11-12,3394.58955,3441.818622,3298.163528,3374.91077,51176.95304282
2021-11-15,3374.91077,3374.91077,3300.131406,3325.71382,58026.97118419
2021-11-16,3325.71382,3414.26833,3325.71382,3404.42894,59048.3759664
2021-11-17,3394.58955,3414.26833,3357.199868,3412.300452,29265.02557577
2021-11-18,3412.300452,3412.300452,3355.23199,3384.75016,84857.90277649
2021-11-19,3410.332574,3577.602204,3367.039258,3571.69857,110286.3083992
2021-11-22,3463.46528,3571.69857,3463.46528,3561.85918,52579.47901242
2021-11-23,3542.1804,3542.1804,3463.46528,3542.1804,91270.90195632
2021-11-24,3542.1804,3611.05613,3538.244644,3542.1804,76534.21604388
2021-11-25,3542.1804,3557.923424,3443.7865,3443.7865,76381.76756892
2021-11-26,3445.754378,3467.401036,3345.3926,3345.3926,87083.65051085
2021-11-29,3256.83809,3433.94711,3227.31992,3229.287798,416738.2327563
2021-12-01,3343.424722,3343.424722,3054.146656,3085.632704,192313.75115734
2021-12-02,3069.88968,3193.865994,3069.88968,3128.92602,120454.62167878
2021-12-03,3148.6048,3231.255676,3148.6048,3227.31992,75136.77169011
2021-12-06,3227.31992,3302.099284,3189.930238,3189.930238,97246.88217461
2021-12-07,3233.223554,3335.55321,3150.572678,3335.55321,46740.70242159
2021-12-09,3276.51687,3382.782282,3266.67748,3367.039258,57340.95304689
2021-12-10,3367.039258,3367.039258,3311.938674,3311.938674,32751.01403644
2021-12-13,3394.58955,3402.461062,3294.227772,3345.3926,92546.38753012
2021-12-14,3343.424722,3396.557428,3278.484748,3363.103502,73485.24654476
2021-12-15,3347.360478,3414.26833,3246.9987,3252.902334,73673.26633053
2021-12-16,3252.902334,3542.1804,3252.902334,3542.1804,100011.28118715
2021-12-17,3443.7865,3593.345228,3443.7865,3469.368914,217970.82949248
2021-12-20,3469.368914,3492.98345,3406.396818,3451.658012,28121.6620136
2021-12-21,3451.658012,3453.62589,3361.135624,3361.135624,25336.93653773
2021-12-22,3361.135624,3418.204086,3298.163528,3306.03504,38767.64718138
2021-12-23,3345.3926,3365.07138,3306.03504,3309.970796,20412.85079664
2021-12-24,3315.87443,3343.424722,3288.324138,3306.03504,8283.03380596
2021-12-27,3292.259894,3361.135624,3288.324138,3357.199868,7724.05606445
2021-12-28,3357.199868,3402.461062,3325.71382,3325.71382,22038.96786285
2021-12-29,3325.71382,3394.58955,3325.71382,3365.07138,15910.5391696
2021-12-31,3339.488966,3355.23199,3268.645358,3268.645358,24889.75434453
2022-01-03,3268.645358,3294.227772,3211.576896,3225.352042,24152.92004891
2022-01-05,3274.548992,3294.227772,3168.28358,3256.83809,79405.32898889
2022-01-06,3191.898116,3217.48053,3187.96236,3207.64114,27740.54082621
2022-01-07,3215.512652,3235.191432,3176.155092,3217.48053,36170.94149129
2022-01-10,3207.64114,3207.64114,3111.215118,3187.96236,87693.44441068
2022-01-11,3187.96236,3264.709602,3185.994482,3246.9987,81788.60681404
2022-01-12,3246.9987,3341.456844,3246.9987,3341.456844,27079.93076807
2022-01-13,3341.456844,3355.23199,3268.645358,3276.51687,57102.11710279
2022-01-14,3276.51687,3276.51687,3231.255676,3243.062944,28533.27289598
2022-01-17,3246.9987,3252.902334,3219.448408,3227.31992,36323.38996625
2022-01-18,3245.030822,3306.03504,3239.127188,3300.131406,20550.05442411
2022-01-19,3296.19565,3309.970796,3262.741724,3306.03504,21312.29679889
2022-01-20,3262.741724,3325.71382,3262.741724,3306.03504,25890.83266341
2022-01-21,3308.002918,3308.002918,3262.741724,3264.709602,33609.80711203
2022-01-24,3264.709602,3276.51687,3187.96236,3207.64114,70913.94893383
2022-01-25,3207.64114,3237.15931,3178.12297,3182.058726,51034.66779953
2022-01-26,3193.865994,3217.48053,3152.540556,3168.28358,75228.24077509
2022-01-27,3170.251458,3215.512652,3158.44419,3207.64114,50719.60761795
2022-01-28,3211.576896,3211.576896,3176.155092,3187.96236,71193.43780458
2022-01-31,3187.96236,3211.576896,3060.05029,3060.05029,145959.25153897
2022-02-02,3067.921802,3138.76541,3067.921802,3119.08663,66655.55486671
2022-02-03,3128.92602,3158.44419,3062.018168,3062.018168,98547.77582757
2022-02-04,3105.311484,3148.6048,3093.504216,3128.92602,66543.75931841
2022-02-07,3128.92602,3138.76541,3062.018168,3062.018168,70873.29600717
2022-02-08,3079.72907,3099.40785,3004.949706,3004.949706,101276.60352928
2022-02-09,3030.53212,3081.696948,2983.303048,2983.303048,87581.64886238
2022-02-10,2951.817,2953.784878,2762.900712,2772.740102,294987.79904039
2022-02-11,2784.54737,2792.418882,2636.95652,2646.79591,440977.54027435
2022-02-14,2695.99286,2784.54737,2646.79591,2739.286176,259553.69184472
2022-02-15,2741.254054,2760.932834,2656.6353,2676.31408,166036.71569071
2022-02-16,2705.83225,2764.86859,2686.15347,2745.18981,142473.2630783
2022-02-17,2741.254054,2766.836468,2705.83225,2743.221932,63088.26055274
2022-02-18,2743.221932,2743.221932,2650.731666,2656.6353,164339.45600286
2022-02-21,2656.6353,2682.217714,2577.92018,2656.6353,98319.10311513
2022-02-22,2646.79591,2672.378324,2609.406228,2617.27774,89853.13113923
2022-02-23,2642.860154,2695.99286,2638.924398,2658.603178,42350.18634285
2022-02-24,2658.603178,2680.249836,2568.08079,2654.667422,91540.22759541
2022-02-28,2597.59896,2642.860154,2526.755352,2526.755352,180732.74867649
2022-03-01,2536.594742,2579.888058,2520.851718,2544.466254,83907.64061593
2022-03-02,2544.466254,2558.2414,2520.851718,2534.626864,71254.41719456
2022-03-03,2538.56262,2544.466254,2479.52628,2518.88384,151010.37767585
2022-03-04,2524.787474,2544.466254,2518.88384,2528.72323,33386.21601542
2022-03-07,2528.72323,2528.72323,2442.136598,2499.20506,109391.94401279
2022-03-08,2497.237182,2497.237182,2420.48994,2420.48994,65862.82279694
2022-03-09,2416.554184,2485.429914,2404.746916,2450.00811,47441.96540639
2022-03-10,2479.52628,2536.594742,2463.783256,2530.691108,59785.21026202
2022-03-11,2544.466254,2544.466254,2459.8475,2477.558402,22973.98517591
2022-03-14,2475.590524,2477.558402,2312.25665,2312.25665,86356.9794469
2022-03-15,2316.192406,2359.485722,2127.276118,2204.02336,158922.45352608
2022-03-16,2215.830628,2272.89909,2170.569434,2243.38092,77550.53921026
2022-03-17,2243.38092,2339.806942,2223.70214,2304.385138,83064.09238784
2022-03-18,2304.385138,2398.843282,2217.798506,2217.798506,163246.90859901
2022-03-21,2245.348798,2312.25665,2245.348798,2306.353016,46166.47983259
2022-03-22,2322.09604,2385.068136,2263.0597,2349.646332,41501.55649893
2022-03-23,2363.421478,2396.875404,2351.61421,2369.325112,55074.55238587
2022-03-24,2400.81116,2548.40201,2390.97177,2518.88384,76529.13442805
2022-03-25,2526.755352,2607.43835,2499.20506,2595.631082,69679.11628668
2022-03-28,2595.631082,2595.631082,2477.558402,2579.888058,50135.22179729
2022-03-29,2509.04445,2562.177156,2491.333548,2538.56262,43600.26383749
2022-03-30,2538.56262,2573.984424,2520.851718,2538.56262,22232.06926446
2022-03-31,2572.016546,2572.016546,2479.52628,2499.20506,91133.69832886
2022-04-01,2509.04445,2538.56262,2450.00811,2479.52628,44240.54743231
2022-04-04,2451.975988,2489.36567,2451.975988,2457.879622,52670.94809739
2022-04-05,2461.815378,2479.52628,2381.13238,2381.13238,91204.84095051
2022-04-06,2392.939648,2428.361452,2371.29299,2392.939648,72016.65956934
2022-04-07,2390.97177,2436.232964,2316.192406,2316.192406,72209.76097095
2022-04-08,2326.031796,2440.16872,2326.031796,2440.16872,30306.75682131
2022-04-11,2440.16872,2479.52628,2410.65055,2430.32933,19071.30421703
2022-04-12,2430.32933,2477.558402,2373.260868,2381.13238,19965.66860344
2022-04-13,2390.97177,2448.040232,2363.421478,2408.682672,27750.70405787
2022-04-18,2410.65055,2410.65055,2381.13238,2385.068136,17704.34955826
2022-04-19,2390.97177,2469.68689,2387.036014,2432.297208,71061.31579295
2022-04-20,2459.8475,2530.691108,2444.104476,2495.269304,53809.23004373
2022-04-21,2497.237182,2528.72323,2467.719012,2473.622646,34509.25311427
2022-04-22,2473.622646,2473.622646,2390.97177,2390.97177,72550.22923169
2022-04-25,2383.100258,2398.843282,2326.031796,2398.843282,28055.60100779
2022-04-26,2400.81116,2410.65055,2381.13238,2406.714794,18801.97857794
2022-04-27,2390.97177,2390.97177,2310.288772,2310.288772,39682.33803112
2022-04-28,2324.063918,2381.13238,2310.288772,2381.13238,38757.48394972
2022-04-29,2381.13238,2381.13238,2233.54153,2233.54153,76097.19708234
2022-05-02,2261.091822,2278.802724,2202.055482,2237.477286,44885.91264296
2022-05-04,2237.477286,2237.477286,2148.922776,2186.312458,93085.0388083
2022-05-05,2237.477286,2349.646332,2235.509408,2349.646332,71899.78240521
2022-05-06,2290.609992,2430.32933,2266.995456,2424.425696,94238.56560214
2022-05-10,2341.77482,2469.68689,2268.963334,2331.93543,103827.57467689
2022-05-11,2333.903308,2367.357234,2318.160284,2349.646332,31663.54824842
2022-05-12,2324.063918,2396.875404,2300.449382,2300.449382,83074.2556195
2022-05-13,2300.449382,2318.160284,2164.6658,2164.6658,124367.46586933
2022-05-16,2198.119726,2243.38092,2194.18397,2243.38092,112888.09570512
2022-05-17,2237.477286,2369.325112,2202.055482,2369.325112,88125.38175639
2022-05-18,2375.228746,2420.48994,2371.29299,2418.522062,104203.61424844
2022-05-19,2361.4536,2469.68689,2324.063918,2457.879622,155573.66869288
2022-05-20,2450.00811,2489.36567,2450.00811,2465.751134,87490.1797774
2022-05-23,2465.751134,2514.948084,2459.8475,2509.04445,84166.80302336
2022-05-24,2509.04445,2509.04445,2451.975988,2489.36567,86311.24490441
2022-05-25,2473.622646,2503.140816,2461.815378,2503.140816,44367.58782811
2022-05-26,2509.04445,2518.88384,2471.654768,2518.88384,51512.33968772
2022-05-27,2518.88384,2518.88384,2483.462036,2483.462036,59241.47736801
2022-05-30,2483.462036,2566.112912,2481.494158,2546.434132,69399.62741593
2022-05-31,2558.2414,2558.2414,2389.003892,2389.003892,789474.75402439
2022-06-01,2426.393574,2446.072354,2361.4536,2365.389356,209835.16254565
2022-06-02,2365.389356,2381.13238,2282.73848,2312.25665,121786.00502673
2022-06-03,2349.646332,2349.646332,2282.73848,2290.609992,99101.67195324
2022-06-06,2302.41726,2329.967552,2288.642114,2326.031796,22714.82276848
2022-06-07,2326.031796,2371.29299,2314.224528,2355.549966,92058.55241026
2022-06-08,2361.4536,2406.714794,2357.517844,2404.746916,65857.74118111
2022-06-09,2404.746916,2404.746916,2316.192406,2361.4536,47934.88214208
2022-06-10,2359.485722,2359.485722,2322.09604,2326.031796,29656.30999483
2022-06-13,2310.288772,2310.288772,2253.22031,2290.609992,64775.35700892
2022-06-14,2253.22031,2276.834846,2227.637896,2261.091822,60872.67605004
2022-06-15,2261.091822,2268.963334,2225.670018,2229.605774,52122.13358755
2022-06-16,2243.38092,2280.770602,2198.119726,2204.02336,55445.5103416
2022-06-17,2186.312458,2243.38092,2152.858532,2184.34458,72702.67770665
2022-06-20,2164.6658,2182.376702,2034.785852,2058.400388,203208.73550088
2022-06-21,2068.239778,2129.243996,2066.2719,2066.2719,57899.93078839
2022-06-22,2115.46885,2121.372484,2066.2719,2066.2719,82525.44110966
2022-06-23,2078.079168,2095.79007,2046.59312,2046.59312,38066.38419658
2022-06-24,2066.2719,2115.46885,2056.43251,2115.46885,42766.87884107
2022-06-27,2115.46885,2135.14763,2085.95068,2125.30824,14116.72878095
2022-06-28,2131.211874,2257.156066,2085.95068,2243.38092,95387.01078014
2022-06-29,2257.156066,2278.802724,2221.734262,2243.38092,52609.96870741
2022-06-30,2243.38092,2243.38092,2180.408824,2231.573652,73246.41060066
2022-07-01,2233.54153,2233.54153,2144.98702,2144.98702,30510.02145458
2022-07-04,2166.633678,2176.473068,2137.115508,2164.6658,34102.72384772
2022-07-05,2164.6658,2202.055482,2164.6658,2190.248214,30926.7139528
2022-07-06,2198.119726,2204.02336,2184.34458,2204.02336,40190.49961431
2022-07-07,2213.86275,2213.86275,2184.34458,2204.02336,9888.82440883
2022-07-08,2211.894872,2300.449382,2184.34458,2257.156066,45510.95139028
2022-07-11,2257.156066,2263.0597,2194.18397,2239.445164,70380.37927148
2022-07-12,2239.445164,2239.445164,2188.280336,2215.830628,11494.6150117
2022-07-13,2215.830628,2233.54153,2198.119726,2213.86275,35124.12862993
2022-07-14,2217.798506,2257.156066,2200.087604,2257.156066,20616.11542992
2022-07-15,2213.86275,2253.22031,2205.991238,2233.54153,22857.10801178
2022-07-18,2243.38092,2253.22031,2196.151848,2215.830628,30550.67438124
2022-07-19,2215.830628,2229.605774,2200.087604,2205.991238,19696.34296435
2022-07-20,2205.991238,2223.70214,2200.087604,2209.926994,19335.54824029
2022-07-21,2205.991238,2219.766384,2139.083386,2172.537312,56868.36277452
2022-07-22,2192.216092,2192.216092,2144.98702,2154.82641,26109.34214418
2022-07-25,2154.82641,2154.82641,2087.918558,2095.79007,36933.18386607
2022-07-26,2087.918558,2154.82641,2087.918558,2093.822192,20346.78979083
2022-07-27,2095.79007,2113.500972,2034.785852,2066.2719,83109.82693033
2022-07-28,2085.95068,2111.533094,2026.91434,2036.75373,81473.54663246
2022-07-29,2046.59312,2083.982802,1916.713172,2028.882218,116836.51120649
2022-08-01,2036.75373,2060.368266,1969.845878,1987.55678,67956.44851967
2022-08-02,1989.524658,2036.75373,1989.524658,2022.978584,41379.59771896
2022-08-03,2022.978584,2050.528876,2019.042828,2036.75373,31165.54989689
2022-08-04,2036.75373,2046.59312,2007.23556,2026.91434,48656.47159021
2022-08-05,2036.75373,2048.560998,1977.71739,1977.71739,56853.11792703
2022-08-08,2005.267682,2038.721608,1979.685268,2036.75373,68545.91595617
2022-08-09,2046.59312,2060.368266,1993.460414,1999.364048,61299.53177992
2022-08-10,2007.23556,2030.850096,1991.492536,2017.07495,13435.79225948
2022-08-11,2026.91434,2154.82641,2026.91434,2154.82641,54505.4114127
2022-08-12,2154.82641,2221.734262,2121.372484,2204.02336,79893.16410875
2022-08-15,2213.86275,2292.57787,2213.86275,2282.73848,103939.37022519
2022-08-16,2282.73848,2282.73848,2257.156066,2257.156066,68718.69089446
2022-08-17,2259.123944,2314.224528,2259.123944,2294.545748,86468.7749952
2022-08-18,2290.609992,2345.710576,2223.70214,2327.999674,62793.52683449
2022-08-19,2331.93543,2343.742698,2302.41726,2322.09604,34600.72219924
2022-08-22,2312.25665,2312.25665,2249.284554,2263.0597,76895.01076794
2022-08-23,2253.22031,2263.0597,2194.18397,2263.0597,32512.17809234
2022-08-24,2263.0597,2263.0597,2223.70214,2227.637896,28294.43695188
2022-08-25,2223.70214,2261.091822,2223.70214,2231.573652,17485.84007748
2022-08-26,2233.54153,2233.54153,2170.569434,2184.34458,33121.97199217
2022-08-30,2144.98702,2164.6658,2125.30824,2164.6658,49774.42707322
2022-08-31,2154.82641,2188.280336,2064.304022,2064.304022,104391.63403422
2022-09-01,2087.918558,2115.46885,2085.95068,2105.62946,55115.20531252
2022-09-02,2105.62946,2176.473068,2103.661582,2158.762166,22953.65871258
2022-09-05,2158.762166,2158.762166,2144.98702,2148.922776,9838.00825051
2022-09-06,2141.051264,2146.954898,2097.757948,2133.179752,88643.70657124
2022-09-07,2133.179752,2139.083386,2107.597338,2111.533094,54515.57464436
2022-09-08,2113.500972,2123.340362,2082.014924,2089.886436,43203.89780261
2022-09-09,2085.95068,2111.533094,2024.946462,2056.43251,66096.57712521
2022-09-12,2056.43251,2101.693704,2046.59312,2095.79007,62849.42460864
2022-09-13,2095.79007,2121.372484,2091.854314,2105.62946,67194.20614489
2022-09-14,2095.79007,2141.051264,2083.982802,2135.14763,48244.86070783
2022-09-15,2144.98702,2182.376702,2143.019142,2143.019142,105087.81540319
2022-09-16,2102.0,2190.0,2094.0,2118.0,115725.0
2022-09-19,2120.0,2140.0,2058.0,2140.0,71815.0
2022-09-20,2130.0,2180.0,2084.0,2180.0,76250.0
2022-09-21,2170.0,2170.0,2106.0,2130.0,67675.0
2022-09-22,2110.0,2142.0,2084.0,2142.0,70935.0
2022-09-23,2150.0,2186.0,2106.0,2174.0,68305.0
2022-09-27,2158.0,2178.0,2032.0,2178.0,90300.0
2022-09-28,2160.0,2160.0,2082.0,2110.0,75735.0
2022-09-29,2130.0,2140.0,2060.0,2084.0,95355.0
2022-09-30,2082.0,2082.0,2004.0,2030.0,97600.0
2022-10-03,2030.0,2030.0,1992.0,1998.0,103685.0
2022-10-04,2028.0,2150.0,2012.0,2150.0,64850.0
2022-10-05,2150.0,2238.0,2120.0,2218.0,65660.0
2022-10-06,2218.0,2230.0,2188.0,2200.0,78055.0
2022-10-07,2200.0,2210.0,2160.0,2160.0,26830.0
2022-10-10,2196.0,2196.0,2142.0,2170.0,37560.0
2022-10-11,2174.0,2250.0,2166.0,2230.0,82980.0
2022-10-12,2230.0,2230.0,2200.0,2220.0,26890.0
2022-10-13,2200.0,2218.0,2154.0,2170.0,34290.0
2022-10-14,2178.0,2210.0,2178.0,2200.0,41805.0
2022-10-17,2190.0,2210.0,2172.0,2200.0,27515.0
2022-10-18,2198.0,2316.0,2190.0,2306.0,78100.0
2022-10-19,2306.0,2400.0,2252.0,2400.0,92815.0
2022-10-20,2380.0,2478.0,2370.0,2478.0,160030.0
2022-10-21,2468.0,2468.0,2330.0,2330.0,116180.0
2022-10-24,2358.0,2380.0,2290.0,2296.0,34610.0
2022-10-25,2300.0,2342.0,2294.0,2338.0,55300.0
2022-10-26,2338.0,2348.0,2306.0,2310.0,44510.0
2022-10-27,2310.0,2336.0,2280.0,2320.0,57075.0
2022-10-28,2280.0,2358.0,2272.0,2322.0,77630.0
2022-11-02,2280.0,2300.0,2204.0,2230.0,99260.0
2022-11-03,2230.0,2304.0,2212.0,2260.0,70300.0
2022-11-04,2260.0,2300.0,2240.0,2300.0,65045.0
2022-11-07,2300.0,2316.0,2258.0,2304.0,46440.0
2022-11-08,2300.0,2300.0,2254.0,2270.0,40555.0
2022-11-09,2270.0,2310.0,2252.0,2298.0,92260.0
2022-11-10,2290.0,2292.0,2260.0,2292.0,34240.0
2022-11-11,2344.0,2348.0,2270.0,2300.0,78950.0
2022-11-14,2300.0,2300.0,2212.0,2212.0,69520.0
2022-11-15,2226.0,2238.0,2214.0,2230.0,31380.0
2022-11-16,2238.0,2260.0,2222.0,2222.0,54250.0
2022-11-17,2224.0,2234.0,2214.0,2222.0,35850.0
2022-11-18,2230.0,2234.0,2202.0,2214.0,29890.0
2022-11-21,2228.0,2240.0,2214.0,2224.0,14350.0
2022-11-22,2214.0,2236.0,2174.0,2222.0,28070.0
2022-11-23,2220.0,2248.0,2202.0,2210.0,51265.0
2022-11-24,2210.0,2234.0,2210.0,2210.0,26495.0
2022-11-25,2210.0,2244.0,2204.0,2240.0,34355.0
2022-11-28,2248.0,2298.0,2234.0,2284.0,50390.0
2022-11-29,2270.0,2338.0,2256.0,2300.0,187100.0
2022-12-01,2304.0,2360.0,2290.0,2350.0,105100.0
2022-12-02,2320.0,2344.0,2230.0,2280.0,83825.0
2022-12-05,2270.0,2296.0,2190.0,2190.0,91890.0
2022-12-06,2194.0,2244.0,2158.0,2202.0,74750.0
2022-12-07,2200.0,2270.0,2182.0,2182.0,125105.0
2022-12-09,2190.0,2200.0,2152.0,2160.0,91750.0
2022-12-12,2170.0,2190.0,2134.0,2150.0,125390.0
2022-12-13,2170.0,2182.0,2132.0,2158.0,31195.0
2022-12-14,2178.0,2224.0,2140.0,2224.0,77845.0
2022-12-15,2224.0,2224.0,2174.0,2196.0,26205.0
2022-12-16,2180.0,2212.0,2070.0,2070.0,111430.0
2022-12-19,2072.0,2160.0,2002.0,2150.0,82500.0
2022-12-20,2142.0,2198.0,2112.0,2180.0,90385.0
2022-12-21,2200.0,2210.0,2172.0,2210.0,27270.0
2022-12-22,2210.0,2212.0,2162.0,2198.0,9285.0
2022-12-23,2200.0,2200.0,2184.0,2194.0,2090.0
2022-12-27,2194.0,2196.0,2162.0,2168.0,10430.0
2022-12-28,2166.0,2236.0,2162.0,2236.0,59990.0
2022-12-29,2220.0,2234.0,2180.0,2180.0,21460.0
2023-01-03,2182.0,2234.0,2182.0,2220.0,26130.0
2023-01-04,2220.0,2250.0,2202.0,2218.0,75885.0
2023-01-05,2218.0,2218.0,2158.0,2164.0,92750.0
2023-01-06,2168.0,2170.0,2122.0,2126.0,47425.0
2023-01-09,2148.0,2150.0,2128.0,2132.0,30555.0
2023-01-10,2132.0,2150.0,2110.0,2114.0,57935.0
2023-01-11,2116.0,2138.0,2048.0,2060.0,208760.0
2023-01-12,2060.0,2096.0,2054.0,2060.0,67430.0
2023-01-13,2090.0,2158.0,2080.0,2098.0,107450.0
2023-01-16,2110.0,2144.0,2102.0,2102.0,87855.0
2023-01-17,2104.0,2110.0,2074.0,2074.0,85150.0
2023-01-18,2074.0,2120.0,2058.0,2120.0,72890.0
2023-01-19,2110.0,2164.0,2104.0,2156.0,62775.0
2023-01-20,2156.0,2156.0,2078.0,2080.0,94000.0
2023-01-23,2080.0,2080.0,2034.0,2042.0,199735.0
2023-01-24,2064.0,2130.0,2060.0,2120.0,79235.0
2023-01-25,2120.0,2158.0,2100.0,2150.0,61675.0
2023-01-26,2148.0,2148.0,2132.0,2146.0,50720.0
2023-01-27,2146.0,2152.0,2130.0,2152.0,54945.0
2023-01-30,2158.0,2170.0,2124.0,2160.0,77285.0
2023-01-31,2130.0,2150.0,2020.0,2020.0,138970.0
2023-02-01,2068.0,2150.0,2050.0,2150.0,97230.0
2023-02-02,2148.0,2170.0,2108.0,2170.0,83325.0
2023-02-03,2170.0,2178.0,2128.0,2128.0,86990.0
2023-02-06,2150.0,2170.0,2112.0,2150.0,29130.0
2023-02-07,2150.0,2160.0,2114.0,2114.0,18855.0
2023-02-08,2120.0,2128.0,2090.0,2090.0,55215.0
2023-02-09,2110.0,2114.0,2070.0,2080.0,54590.0
2023-02-10,2044.0,2046.0,2000.0,2016.0,270005.0
2023-02-13,2022.0,2050.0,1990.0,2000.0,149030.0
2023-02-14,2010.0,2020.0,1990.0,1990.0,224665.0
2023-02-15,1990.0,1995.0,1972.0,1979.0,62085.0
2023-02-16,1988.0,1997.0,1965.0,1970.0,117765.0
2023-02-17,1990.0,2040.0,1971.0,2040.0,78140.0
2023-02-20,2038.0,2048.0,2008.0,2020.0,45710.0
2023-02-21,2020.0,2026.0,1983.0,1990.0,58835.0
2023-02-22,1984.0,1984.0,1939.0,1939.0,223740.0
2023-02-23,1938.0,1949.0,1906.0,1920.0,194145.0
2023-02-27,1913.0,1948.0,1863.0,1871.0,424160.0
2023-02-28,1868.0,1875.0,1775.0,1775.0,3653580.0
2023-03-01,1825.0,1835.0,1797.0,1808.0,641795.0
2023-03-02,1831.0,1834.0,1800.0,1807.0,334110.0
2023-03-03,1815.0,1862.0,1803.0,1850.0,232795.0
2023-03-06,1860.0,1885.0,1860.0,1874.0,70775.0
2023-03-07,1875.0,1885.0,1835.0,1850.0,187370.0
2023-03-08,1832.0,1843.0,1815.0,1839.0,260030.0
2023-03-09,1839.0,1850.0,1800.0,1800.0,139015.0
2023-03-10,1792.0,1829.0,1772.0,1820.0,246570.0
2023-03-13,1800.0,1839.0,1785.0,1800.0,83115.0
2023-03-14,1798.0,1812.0,1775.0,1777.0,111640.0
2023-03-15,1784.0,1808.0,1754.0,1758.0,133880.0
2023-03-16,1770.0,1770.0,1725.0,1730.0,140440.0
2023-03-17,1741.0,1765.0,1730.0,1740.0,111285.0
2023-03-20,1742.0,1759.0,1722.0,1745.0,243855.0
2023-03-21,1750.0,1818.0,1750.0,1816.0,103085.0
2023-03-22,1820.0,1845.0,1818.0,1838.0,135935.0
2023-03-23,1816.0,1850.0,1804.0,1848.0,206975.0
2023-03-24,1848.0,1875.0,1846.0,1850.0,67080.0
2023-03-27,1839.0,1839.0,1802.0,1821.0,77440.0
2023-03-28,1823.0,1863.0,1817.0,1850.0,84485.0
2023-03-29,1850.0,1860.0,1832.0,1844.0,120050.0
2023-03-30,1850.0,1862.0,1845.0,1860.0,36675.0
2023-03-31,1857.0,1864.0,1840.0,1864.0,135145.0
2023-04-03,1860.0,1864.0,1825.0,1825.0,68105.0
2023-04-04,1840.0,1842.0,1831.0,1840.0,100550.0
2023-04-05,1840.0,1845.0,1830.0,1836.0,9620.0
2023-04-11,1840.0,1840.0,1792.0,1792.0,49595.0
2023-04-12,1798.0,1817.0,1798.0,1798.0,11185.0
2023-04-13,1798.0,1804.0,1762.0,1780.0,52885.0
2023-04-14,1780.0,1805.0,1780.0,1805.0,13200.0
2023-04-17,1805.0,1805.0,1786.0,1800.0,54950.0
2023-04-18,1800.0,1800.0,1777.0,1800.0,22510.0
2023-04-19,1800.0,1800.0,1781.0,1785.0,22970.0
2023-04-20,1790.0,1793.0,1777.0,1783.0,62695.0
2023-04-24,1783.0,1789.0,1722.0,1722.0,131910.0
2023-04-25,1729.0,1733.0,1723.0,1723.0,76560.0
2023-04-26,1729.0,1729.0,1704.0,1704.0,71510.0
2023-04-27,1716.0,1725.0,1695.0,1725.0,75805.0
2023-04-28,1730.0,1737.0,1700.0,1700.0,54420.0
2023-05-02,1705.0,1727.0,1701.0,1720.0,52560.0
2023-05-03,1722.0,1730.0,1700.0,1700.0,69695.0
2023-05-04,1703.0,1725.0,1703.0,1711.0,9260.0
2023-05-05,1726.0,1739.0,1710.0,1710.0,49210.0
2023-05-08,1739.0,1740.0,1710.0,1710.0,47160.0
2023-05-09,1710.0,1720.0,1704.0,1710.0,42465.0
2023-05-10,1719.0,1719.0,1710.0,1713.0,32725.0
2023-05-11,1727.0,1731.0,1721.0,1729.0,23940.0
2023-05-12,1730.0,1730.0,1710.0,1710.0,30165.0
2023-05-15,1719.0,1719.0,1701.0,1701.0,27115.0
2023-05-16,1720.0,1723.0,1702.0,1721.0,155995.0
2023-05-17,1723.0,1735.0,1715.0,1725.0,8645.0
2023-05-18,1734.0,1739.0,1719.0,1730.0,23765.0
2023-05-19,1727.0,1744.0,1717.0,1740.0,26500.0
2023-05-22,1730.0,1730.0,1710.0,1720.0,34740.0
2023-05-23,1720.0,1722.0,1708.0,1718.0,42235.0
2023-05-24,1720.0,1724.0,1708.0,1720.0,26980.0
2023-05-25,1720.0,1727.0,1714.0,1720.0,14420.0
2023-05-26,1723.0,1729.0,1718.0,1720.0,24345.0
2023-05-29,1720.0,1729.0,1715.0,1729.0,14140.0
2023-05-30,1728.0,1728.0,1715.0,1717.0,33445.0
2023-05-31,1720.0,1727.0,1700.0,1700.0,57535.0
2023-06-01,1704.0,1720.0,1685.0,1700.0,64920.0
2023-06-02,1718.0,1718.0,1701.0,1710.0,7345.0
2023-06-05,1720.0,1730.0,1712.0,1724.0,23510.0
2023-06-06,1724.0,1725.0,1710.0,1720.0,9570.0
2023-06-07,1724.0,1740.0,1716.0,1720.0,31010.0
2023-06-08,1721.0,1730.0,1712.0,1720.0,19395.0
2023-06-09,1735.0,1806.0,1735.0,1785.0,204720.0
2023-06-13,1800.0,1840.0,1792.0,1834.0,193190.0
2023-06-14,1837.0,1842.0,1755.0,1755.0,110730.0
2023-06-15,1759.0,1760.0,1704.0,1710.0,180215.0
2023-06-16,1720.0,1725.0,1706.0,1710.0,96465.0
2023-06-19,1717.0,1728.0,1705.0,1718.0,38875.0
2023-06-20,1719.0,1737.0,1710.0,1720.0,65905.0
2023-06-21,1721.0,1737.0,1716.0,1725.0,13095.0
2023-06-22,1725.0,1726.0,1700.0,1706.0,64410.0
2023-06-23,1707.0,1716.0,1706.0,1715.0,19745.0
2023-06-26,1715.0,1759.0,1712.0,1759.0,20650.0
2023-06-27,1740.0,1766.0,1735.0,1750.0,16700.0
2023-06-29,1752.0,1768.0,1745.0,1759.0,21520.0
2023-06-30,1758.0,1759.0,1731.0,1731.0,27655.0
2023-07-03,1731.0,1753.0,1731.0,1745.0,5385.0
2023-07-04,1741.0,1750.0,1732.0,1749.0,6360.0
2023-07-05,1745.0,1768.0,1736.0,1762.0,74385.0
2023-07-06,1762.0,1807.0,1761.0,1804.0,65570.0
2023-07-07,1765.0,1810.0,1765.0,1810.0,34515.0
2023-07-10,1810.0,1848.0,1794.0,1842.0,106720.0
2023-07-11,1840.0,1842.0,1826.0,1834.0,30500.0
2023-07-12,1833.0,1833.0,1807.0,1825.0,14425.0
2023-07-13,1823.0,1881.0,1823.0,1881.0,110610.0
2023-07-14,1880.0,1880.0,1856.0,1866.0,19220.0
2023-07-17,1866.0,1866.0,1845.0,1846.0,19810.0
2023-07-18,1846.0,1859.0,1816.0,1816.0,57480.0
2023-07-19,1836.0,1866.0,1820.0,1847.0,28065.0
2023-07-20,1851.0,1900.0,1851.0,1890.0,50440.0
2023-07-21,1887.0,1890.0,1873.0,1890.0,28330.0
2023-07-24,1890.0,1925.0,1885.0,1920.0,85140.0
2023-07-25,1900.0,1930.0,1900.0,1930.0,61870.0
2023-07-26,1930.0,1932.0,1915.0,1921.0,37950.0
2023-07-27,1921.0,1937.0,1903.0,1937.0,16705.0
2023-07-28,1930.0,1930.0,1906.0,1929.0,36290.0
2023-07-31,1925.0,1929.0,1913.0,1920.0,47450.0
2023-08-01,1913.0,1936.0,1913.0,1918.0,23375.0
2023-08-02,1918.0,1920.0,1856.0,1870.0,45185.0
2023-08-03,1862.0,1890.0,1862.0,1885.0,19630.0
2023-08-04,1898.0,1900.0,1811.0,1811.0,32140.0
2023-08-07,1845.0,1875.0,1835.0,1875.0,43170.0
2023-08-08,1870.0,1875.0,1845.0,1860.0,25300.0
2023-08-09,1865.0,1874.0,1859.0,1874.0,40685.0
2023-08-10,1870.0,1870.0,1840.0,1840.0,19185.0
2023-08-11,1841.0,1858.0,1836.0,1850.0,37600.0
2023-08-14,1850.0,1865.0,1835.0,1850.0,44920.0
2023-08-15,1852.0,1917.0,1851.0,1915.0,72085.0
2023-08-16,1901.0,1922.0,1894.0,1918.0,51405.0
2023-08-17,1900.0,1918.0,1900.0,1910.0,37555.0
2023-08-18,1908.0,1910.0,1871.0,1884.0,31990.0
2023-08-22,1882.0,1884.0,1861.0,1870.0,22225.0
2023-08-23,1870.0,1870.0,1855.0,1860.0,14850.0
2023-08-24,1860.0,1875.0,1860.0,1870.0,19880.0
2023-08-25,1878.0,1878.0,1822.0,1825.0,35925.0
2023-08-29,1825.0,1836.0,1812.0,1836.0,19900.0
2023-08-30,1836.0,1850.0,1814.0,1814.0,21895.0
2023-08-31,1819.0,1834.0,1775.0,1802.0,60605.0
2023-09-01,1802.0,1802.0,1782.0,1801.0,11985.0
2023-09-04,1802.0,1812.0,1791.0,1796.0,6210.0
2023-09-05,1800.0,1804.0,1786.0,1796.0,24260.0
2023-09-06,1800.0,1800.0,1786.0,1790.0,37455.0
2023-09-07,1790.0,1790.0,1764.0,1765.0,35890.0
2023-09-08,1764.0,1795.0,1751.0,1770.0,5710.0
2023-09-11,1790.0,1810.0,1781.0,1786.0,11540.0
2023-09-12,1786.0,1809.0,1781.0,1781.0,12985.0
2023-09-13,1799.0,1799.0,1781.0,1787.0,16850.0
2023-09-14,1795.0,1795.0,1782.0,1795.0,12070.0
2023-09-15,1795.0,1810.0,1752.0,1752.0,29105.0
2023-09-18,1789.0,1789.0,1752.0,1752.0,27225.0
2023-09-19,1752.0,1764.0,1751.0,1761.0,10190.0
2023-09-20,1770.0,1780.0,1763.0,1772.0,13860.0
2023-09-21,1772.0,1781.0,1769.0,1775.0,9455.0
2023-09-22,1776.0,1785.0,1762.0,1778.0,107490.0
2023-09-25,1786.0,1800.0,1764.0,1800.0,8090.0
2023-09-26,1786.0,1848.0,1786.0,1829.0,23745.0
2023-09-27,1847.0,1847.0,1810.0,1833.0,17580.0
2023-09-28,1840.0,1844.0,1820.0,1833.0,13775.0
2023-09-29,1833.0,1833.0,1790.0,1793.0,27530.0
2023-10-02,1795.0,1820.0,1780.0,1800.0,6165.0
2023-10-03,1800.0,1819.0,1790.0,1807.0,11000.0
2023-10-04,1807.0,1820.0,1800.0,1820.0,11390.0
2023-10-05,1818.0,1818.0,1763.0,1780.0,37665.0
2023-10-06,1782.0,1792.0,1766.0,1790.0,14515.0
2023-10-09,1790.0,1819.0,1782.0,1802.0,21440.0
2023-10-10,1814.0,1833.0,1803.0,1805.0,15120.0
2023-10-11,1805.0,1830.0,1805.0,1808.0,24715.0
2023-10-12,1809.0,1820.0,1790.0,1790.0,14165.0
2023-10-13,1795.0,1803.0,1789.0,1794.0,13180.0
2023-10-16,1795.0,1814.0,1790.0,1790.0,17120.0
2023-10-17,1790.0,1810.0,1790.0,1792.0,36045.0
2023-10-18,1792.0,1815.0,1792.0,1799.0,59780.0
2023-10-19,1809.0,1814.0,1800.0,1814.0,34795.0
2023-10-20,1818.0,1818.0,1790.0,1800.0,36040.0
2023-10-23,1818.0,1818.0,1790.0,1795.0,18640.0
2023-10-24,1800.0,1800.0,1780.0,1790.0,27350.0
2023-10-25,1798.0,1798.0,1774.0,1780.0,9690.0
2023-10-26,1793.0,1793.0,1763.0,1779.0,8645.0
2023-10-27,1779.0,1780.0,1763.0,1769.0,4735.0
2023-10-31,1765.0,1790.0,1760.0,1760.0,9485.0
2023-11-03,1775.0,1788.0,1760.0,1762.0,27360.0
2023-11-06,1761.0,1775.0,1752.0,1762.0,31800.0
2023-11-07,1762.0,1772.0,1762.0,1770.0,62740.0
2023-11-08,1775.0,1787.0,1770.0,1775.0,42010.0
2023-11-09,1775.0,1794.0,1772.0,1772.0,21790.0
2023-11-10,1775.0,1785.0,1770.0,1773.0,11880.0
2023-11-13,1772.0,1772.0,1752.0,1766.0,26110.0
2023-11-14,1766.0,1766.0,1755.0,1766.0,6475.0
2023-11-15,1766.0,1768.0,1758.0,1762.0,57680.0
2023-11-16,1762.0,1762.0,1728.0,1744.0,14000.0
2023-11-17,1744.0,1744.0,1718.0,1718.0,30720.0
2023-11-20,1720.0,1729.0,1713.0,1720.0,16830.0
2023-11-21,1720.0,1760.0,1715.0,1760.0,40850.0
2023-11-22,1760.0,1760.0,1738.0,1760.0,4590.0
2023-11-23,1759.0,1760.0,1744.0,1755.0,9600.0
2023-11-24,1744.0,1760.0,1740.0,1740.0,16505.0
2023-11-28,1739.0,1745.0,1719.0,1719.0,94700.0
2023-11-29,1720.0,1736.0,1715.0,1715.0,64855.0
2023-11-30,1725.0,1740.0,1710.0,1710.0,20790.0
2023-12-01,1730.0,1730.0,1716.0,1719.0,8155.0
2023-12-04,1720.0,1738.0,1720.0,1725.0,8225.0
2023-12-05,1733.0,1734.0,1723.0,1727.0,5700.0
2023-12-06,1727.0,1736.0,1711.0,1718.0,19185.0
2023-12-07,1728.0,1730.0,1716.0,1729.0,5995.0
2023-12-11,1720.0,1724.0,1715.0,1718.0,11355.0
2023-12-12,1719.0,1725.0,1711.0,1718.0,31890.0
2023-12-13,1718.0,1725.0,1702.0,1702.0,55145.0
2023-12-14,1720.0,1723.0,1705.0,1705.0,22265.0
2023-12-15,1705.0,1718.0,1699.0,1699.0,59810.0
2023-12-18,1701.0,1729.0,1701.0,1703.0,25935.0
2023-12-19,1706.0,1742.0,1706.0,1730.0,26560.0
2023-12-20,1730.0,1755.0,1710.0,1718.0,41060.0
2023-12-21,1718.0,1730.0,1710.0,1710.0,12130.0
2023-12-22,1718.0,1739.0,1711.0,1713.0,10800.0
2023-12-27,1715.0,1734.0,1702.0,1702.0,20495.0
2023-12-28,1730.0,1730.0,1706.0,1708.0,11595.0
2023-12-29,1715.0,1737.0,1715.0,1720.0,9500.0
2024-01-02,1721.0,1737.0,1721.0,1735.0,17365.0
2024-01-03,1736.0,1736.0,1723.0,1723.0,7780.0
2024-01-04,1724.0,1728.0,1718.0,1721.0,26830.0
2024-01-05,1721.0,1738.0,1721.0,1726.0,20330.0
2024-01-08,1730.0,1739.0,1720.0,1720.0,36525.0
2024-01-09,1722.0,1751.0,1722.0,1730.0,67175.0
2024-01-10,1730.0,1732.0,1722.0,1723.0,24375.0
2024-01-11,1722.0,1750.0,1722.0,1725.0,22020.0
2024-01-12,1726.0,1738.0,1711.0,1712.0,106170.0
2024-01-15,1715.0,1790.0,1715.0,1790.0,116995.0
2024-01-16,1795.0,1815.0,1775.0,1806.0,71185.0
2024-01-17,1806.0,1806.0,1743.0,1749.0,51665.0
2024-01-18,1749.0,1774.0,1726.0,1727.0,30545.0
2024-01-19,1733.0,1751.0,1731.0,1731.0,18370.0
2024-01-22,1733.0,1756.0,1733.0,1750.0,70205.0
2024-01-23,1750.0,1757.0,1746.0,1750.0,25375.0
2024-01-24,1750.0,1768.0,1740.0,1741.0,65170.0
2024-01-25,1742.0,1759.0,1742.0,1748.0,44110.0
2024-01-26,1760.0,1760.0,1720.0,1720.0,160135.0
2024-01-29,1724.0,1727.0,1700.0,1700.0,185285.0
2024-01-30,1700.0,1728.0,1698.0,1728.0,33640.0
2024-01-31,1728.0,1739.0,1713.0,1738.0,30415.0
2024-02-01,1738.0,1744.0,1725.0,1733.0,21965.0
2024-02-02,1730.0,1759.0,1728.0,1728.0,77030.0
2024-02-05,1729.0,1745.0,1728.0,1743.0,11750.0
2024-02-06,1743.0,1752.0,1730.0,1750.0,18275.0
2024-02-07,1754.0,1759.0,1728.0,1728.0,50825.0
2024-02-08,1748.0,1759.0,1741.0,1741.0,31955.0
2024-02-12,1740.0,1746.0,1730.0,1730.0,14240.0
2024-02-13,1740.0,1750.0,1731.0,1739.0,131320.0
2024-02-14,1739.0,1758.0,1737.0,1757.0,16365.0
2024-02-15,1759.0,1790.0,1758.0,1790.0,72895.0
2024-02-16,1790.0,1794.0,1770.0,1781.0,35020.0
2024-02-19,1781.0,1781.0,1757.0,1760.0,39405.0
2024-02-20,1748.0,1750.0,1735.0,1743.0,13525.0
2024-02-21,1740.0,1757.0,1738.0,1755.0,16915.0
2024-02-22,1758.0,1771.0,1755.0,1763.0,13160.0
2024-02-23,1763.0,1768.0,1740.0,1740.0,72625.0
2024-02-26,1740.0,1755.0,1734.0,1734.0,17280.0
2024-02-27,1740.0,1740.0,1725.0,1730.0,80645.0
2024-02-28,1730.0,1738.0,1726.0,1726.0,7100.0
2024-02-29,1726.0,1734.0,1720.0,1720.0,21145.0
2024-03-01,1720.0,1741.0,1720.0,1736.0,12290.0
2024-03-04,1736.0,1755.0,1729.0,1729.0,55760.0
2024-03-05,1730.0,1749.0,1730.0,1749.0,40905.0
2024-03-06,1749.0,1750.0,1731.0,1745.0,17575.0
2024-03-07,1742.0,1748.0,1739.0,1746.0,11265.0
2024-03-08,1750.0,1754.0,1733.0,1745.0,21630.0
2024-03-11,1748.0,1757.0,1742.0,1750.0,13330.0
2024-03-12,1760.0,1760.0,1746.0,1760.0,39540.0
2024-03-13,1760.0,1765.0,1755.0,1760.0,21900.0
2024-03-14,1760.0,1763.0,1751.0,1763.0,34930.0
2024-03-15,1764.0,1765.0,1710.0,1710.0,51320.0
2024-03-18,1716.0,1757.0,1716.0,1730.0,20960.0
2024-03-19,1735.0,1747.0,1722.0,1730.0,33865.0
2024-03-20,1730.0,1746.0,1723.0,1730.0,15275.0
2024-03-21,1738.0,1749.0,1725.0,1749.0,14185.0
2024-03-22,1749.0,1749.0,1737.0,1749.0,7045.0
2024-03-25,1749.0,1759.0,1739.0,1755.0,24110.0
2024-03-26,1759.0,1768.0,1755.0,1768.0,32950.0
2024-03-27,1769.0,1776.0,1765.0,1769.0,16685.0
2024-04-01,1769.0,1784.0,1746.0,1773.0,39615.0
2024-04-02,1780.0,1784.0,1765.0,1773.0,65045.0
2024-04-03,1770.0,1770.0,1746.0,1754.0,32585.0
2024-04-04,1760.0,1760.0,1746.0,1760.0,31245.0
2024-04-05,1765.0,1765.0,1747.0,1750.0,24385.0
2024-04-08,1750.0,1760.0,1746.0,1759.0,14740.0
2024-04-11,1747.0,1759.0,1745.0,1750.0,36790.0
2024-04-12,1750.0,1755.0,1738.0,1738.0,20015.0
2024-04-15,1738.0,1738.0,1720.0,1726.0,35900.0
2024-04-16,1722.0,1729.0,1722.0,1724.0,103995.0
2024-04-17,1724.0,1730.0,1715.0,1720.0,29195.0
2024-04-18,1720.0,1725.0,1720.0,1722.0,17580.0
2024-04-19,1722.0,1730.0,1712.0,1722.0,36735.0
2024-04-22,1722.0,1742.0,1716.0,1720.0,19325.0
2024-04-23,1720.0,1730.0,1718.0,1722.0,18225.0
2024-04-24,1730.0,1747.0,1725.0,1747.0,10135.0
2024-04-25,1728.0,1750.0,1723.0,1730.0,9180.0
2024-04-26,1729.0,1750.0,1728.0,1750.0,11335.0
2024-04-29,1750.0,1768.0,1724.0,1768.0,21505.0
2024-04-30,1770.0,1778.0,1767.0,1774.0,33930.0
2024-05-02,1772.0,1774.0,1737.0,1737.0,20530.0
2024-05-03,1738.0,1760.0,1737.0,1760.0,23545.0
2024-05-06,1760.0,1771.0,1741.0,1770.0,26600.0
2024-05-07,1770.0,1771.0,1756.0,1769.0,18845.0
2024-05-08,1745.0,1771.0,1741.0,1768.0,10220.0
2024-05-09,1768.0,1789.0,1741.0,1772.0,62955.0
2024-05-10,1772.0,1795.0,1763.0,1790.0,40920.0
2024-05-13,1795.0,1845.0,1792.0,1830.0,131690.0
2024-05-14,1828.0,1874.0,1828.0,1860.0,131345.0
2024-05-15,1840.0,1918.0,1840.0,1913.0,159840.0
2024-05-16,1910.0,1964.0,1908.0,1940.0,196380.0
2024-05-17,1939.0,2010.0,1937.0,2000.0,303540.0
2024-05-20,2000.0,2058.0,1999.0,2020.0,170390.0
2024-05-21,2004.0,2020.0,1993.0,2000.0,68955.0
2024-05-22,1999.0,2016.0,1980.0,1989.0,32745.0
2024-05-23,1989.0,2010.0,1969.0,2006.0,87730.0
2024-05-24,1990.0,2008.0,1982.0,2006.0,81880.0
2024-05-27,1999.0,2018.0,1984.0,2000.0,46235.0
2024-05-28,2000.0,2002.0,1971.0,1972.0,41265.0
2024-05-29,1973.0,1975.0,1930.0,1954.0,68680.0
2024-05-30,1931.0,1945.0,1895.0,1910.0,46470.0
2024-05-31,1910.0,1979.0,1910.0,1970.0,46045.0
2024-06-03,1970.0,1970.0,1941.0,1941.0,25040.0
2024-06-04,1941.0,1949.0,1908.0,1949.0,17585.0
2024-06-05,1940.0,1985.0,1938.0,1977.0,28810.0
2024-06-06,1989.0,1998.0,1977.0,1995.0,38650.0
2024-06-07,1989.0,2016.0,1962.0,2004.0,51655.0
2024-06-10,2004.0,2004.0,1980.0,1994.0,9645.0
2024-06-11,1994.0,1994.0,1976.0,1985.0,9545.0
2024-06-13,1985.0,1998.0,1980.0,1990.0,19375.0
2024-06-14,1986.0,1998.0,1981.0,1990.0,55435.0
2024-06-18,1993.0,2010.0,1985.0,1995.0,17620.0
2024-06-19,1995.0,1995.0,1978.0,1979.0,20725.0
2024-06-20,1980.0,1997.0,1980.0,1993.0,43855.0
2024-06-21,1993.0,1997.0,1928.0,1928.0,71180.0
2024-06-24,1935.0,1975.0,1935.0,1975.0,35030.0
2024-06-25,1975.0,2014.0,1951.0,2008.0,56115.0
2024-06-26,2008.0,2050.0,1981.0,2050.0,125370.0
2024-06-27,2050.0,2106.0,2050.0,2090.0,171205.0
2024-06-28,2090.0,2118.0,2062.0,2100.0,148065.0
2024-07-01,2100.0,2108.0,2068.0,2088.0,35700.0
2024-07-02,2088.0,2088.0,2068.0,2080.0,31530.0
2024-07-03,2086.0,2120.0,2062.0,2120.0,47490.0
2024-07-04,2120.0,2146.0,2102.0,2134.0,137930.0
2024-07-05,2120.0,2140.0,2110.0,2110.0,41555.0
2024-07-08,2106.0,2110.0,2082.0,2082.0,20075.0
2024-07-09,2090.0,2124.0,2072.0,2124.0,29570.0
2024-07-10,2120.0,2120.0,2088.0,2100.0,34285.0
2024-07-11,2108.0,2158.0,2080.0,2150.0,215730.0
2024-07-12,2134.0,2144.0,2118.0,2128.0,30040.0
2024-07-15,2108.0,2140.0,2108.0,2110.0,22515.0
2024-07-16,2110.0,2112.0,2090.0,2092.0,20970.0
2024-07-17,2092.0,2104.0,2052.0,2060.0,40070.0
2024-07-18,2070.0,2100.0,2070.0,2090.0,5325.0
2024-07-19,2092.0,2110.0,2076.0,2090.0,15400.0
2024-07-22,2066.0,2088.0,2062.0,2062.0,42635.0
2024-07-23,2062.0,2100.0,2060.0,2100.0,6505.0
2024-07-25,2098.0,2118.0,2066.0,2114.0,49630.0
2024-07-26,2100.0,2136.0,2090.0,2124.0,21930.0
2024-07-29,2124.0,2142.0,2108.0,2108.0,19250.0
2024-07-30,2102.0,2134.0,2102.0,2126.0,15355.0
2024-07-31,2110.0,2168.0,2110.0,2152.0,58185.0
2024-08-01,2154.0,2168.0,2150.0,2162.0,16630.0
2024-08-02,2188.0,2250.0,2188.0,2218.0,209650.0
2024-08-05,2198.0,2198.0,2128.0,2140.0,89405.0
2024-08-06,2140.0,2178.0,2130.0,2178.0,54465.0
2024-08-07,2178.0,2230.0,2174.0,2230.0,77540.0
2024-08-08,2230.0,2232.0,2212.0,2228.0,86045.0
2024-08-09,2228.0,2336.0,2228.0,2296.0,204965.0
2024-08-12,2288.0,2362.0,2288.0,2312.0,76640.0
2024-08-13,2310.0,2338.0,2310.0,2318.0,43290.0
2024-08-14,2320.0,2348.0,2312.0,2338.0,82110.0
2024-08-15,2322.0,2346.0,2280.0,2280.0,51145.0
2024-08-16,2310.0,2320.0,2280.0,2282.0,33760.0
2024-08-19,2254.0,2298.0,2254.0,2290.0,45900.0
2024-08-20,2270.0,2294.0,2250.0,2260.0,63330.0
2024-08-21,2260.0,2270.0,2200.0,2220.0,52290.0
2024-08-22,2220.0,2248.0,2218.0,2228.0,25250.0
2024-08-27,2220.0,2284.0,2220.0,2252.0,44870.0
2024-08-28,2260.0,2280.0,2230.0,2258.0,24795.0
2024-08-29,2258.0,2260.0,2230.0,2238.0,40560.0
2024-08-30,2230.0,2242.0,2192.0,2200.0,83795.0
2024-09-02,2200.0,2242.0,2192.0,2224.0,10465.0
2024-09-03,2224.0,2238.0,2212.0,2232.0,75050.0
2024-09-04,2212.0,2228.0,2178.0,2228.0,16245.0
2024-09-05,2228.0,2234.0,2196.0,2234.0,32290.0
2024-09-06,2234.0,2234.0,2206.0,2218.0,29005.0
2024-09-09,2200.0,2234.0,2200.0,2210.0,37450.0
2024-09-10,2220.0,2260.0,2200.0,2244.0,64125.0
2024-09-11,2244.0,2246.0,2230.0,2236.0,22870.0
2024-09-12,2230.0,2236.0,2202.0,2202.0,81095.0
2024-09-13,2208.0,2226.0,2202.0,2210.0,22280.0
2024-09-16,2210.0,2210.0,2188.0,2210.0,16195.0
2024-09-17,2210.0,2280.0,2204.0,2276.0,46320.0
2024-09-18,2278.0,2278.0,2240.0,2240.0,17360.0
2024-09-19,2230.0,2330.0,2230.0,2292.0,94315.0
2024-09-20,2296.0,2302.0,2270.0,2290.0,41200.0
2024-09-23,2260.0,2292.0,2256.0,2292.0,44995.0
2024-09-24,2292.0,2292.0,2260.0,2260.0,32160.0
2024-09-25,2290.0,2290.0,2222.0,2222.0,39170.0
2024-09-26,2226.0,2244.0,2212.0,2220.0,40705.0
2024-09-27,2220.0,2278.0,2220.0,2258.0,32840.0
2024-09-30,2258.0,2294.0,2242.0,2274.0,35905.0
2024-10-01,2276.0,2420.0,2276.0,2400.0,263625.0
2024-10-02,2390.0,2448.0,2390.0,2430.0,179485.0
2024-10-03,2400.0,2424.0,2394.0,2404.0,56760.0
2024-10-04,2404.0,2412.0,2366.0,2400.0,50855.0
2024-10-07,2400.0,2472.0,2400.0,2460.0,128125.0
2024-10-08,2450.0,2470.0,2430.0,2460.0,28010.0
2024-10-09,2460.0,2460.0,2416.0,2420.0,33710.0
2024-10-10,2420.0,2430.0,2390.0,2390.0,27150.0
2024-10-11,2380.0,2432.0,2368.0,2420.0,55310.0
2024-10-14,2420.0,2464.0,2400.0,2406.0,36640.0
2024-10-15,2410.0,2450.0,2410.0,2450.0,38790.0
2024-10-16,2450.0,2460.0,2408.0,2420.0,83995.0
2024-10-17,2406.0,2438.0,2400.0,2430.0,57655.0
2024-10-18,2430.0,2448.0,2416.0,2420.0,26510.0
2024-10-21,2420.0,2444.0,2408.0,2414.0,10740.0
2024-10-22,2414.0,2414.0,2380.0,2390.0,62310.0
2024-10-23,2388.0,2388.0,2310.0,2310.0,90265.0
2024-10-24,2302.0,2312.0,2254.0,2260.0,49405.0
2024-10-25,2260.0,2312.0,2254.0,2274.0,42830.0
2024-10-28,2276.0,2298.0,2232.0,2266.0,39480.0
2024-10-29,2266.0,2266.0,2080.0,2100.0,430875.0
2024-10-30,2126.0,2178.0,2112.0,2166.0,123330.0
2024-10-31,2168.0,2186.0,2140.0,2146.0,53765.0
2024-11-04,2146.0,2180.0,2100.0,2146.0,21160.0
2024-11-05,2146.0,2180.0,2138.0,2168.0,66435.0
2024-11-06,2168.0,2200.0,2160.0,2186.0,34850.0
2024-11-07,2186.0,2186.0,2120.0,2142.0,38615.0
2024-11-08,2142.0,2180.0,2142.0,2180.0,34450.0
2024-11-11,2178.0,2178.0,2130.0,2134.0,22285.0
2024-11-12,2138.0,2144.0,2058.0,2090.0,36520.0
2024-11-13,2090.0,2106.0,2040.0,2060.0,46725.0
2024-11-14,2060.0,2100.0,2042.0,2060.0,15480.0
2024-11-15,2048.0,2118.0,2040.0,2118.0,58790.0
2024-11-18,2118.0,2118.0,2062.0,2088.0,50665.0
2024-11-19,2088.0,2136.0,2082.0,2134.0,29045.0
2024-11-20,2124.0,2160.0,2080.0,2160.0,59610.0
2024-11-21,2120.0,2132.0,2086.0,2100.0,45565.0
2024-11-22,2098.0,2100.0,2038.0,2100.0,35210.0
2024-11-25,2050.0,2100.0,2050.0,2100.0,33905.0
2024-11-26,2100.0,2106.0,2062.0,2100.0,38695.0
2024-11-27,2100.0,2118.0,2072.0,2116.0,49000.0
2024-11-28,2116.0,2118.0,2094.0,2100.0,19600.0
2024-11-29,2100.0,2128.0,2092.0,2100.0,47880.0
2024-12-02,2100.0,2140.0,2094.0,2130.0,23480.0
2024-12-03,2138.0,2138.0,2102.0,2102.0,8485.0
2024-12-04,2128.0,2128.0,2102.0,2108.0,21180.0
2024-12-05,2100.0,2118.0,2070.0,2074.0,38945.0
2024-12-06,2074.0,2116.0,2068.0,2116.0,34720.0
2024-12-09,2116.0,2116.0,2080.0,2100.0,19240.0
2024-12-10,2100.0,2100.0,2086.0,2100.0,15890.0
2024-12-11,2100.0,2100.0,2066.0,2088.0,14980.0
2024-12-12,2088.0,2088.0,2068.0,2080.0,14190.0
2024-12-13,2080.0,2102.0,2068.0,2076.0,28395.0
2024-12-16,2076.0,2076.0,2056.0,2064.0,20460.0
2024-12-17,2078.0,2078.0,2010.0,2026.0,36035.0
2024-12-18,2024.0,2044.0,2006.0,2030.0,23720.0
2024-12-19,2028.0,2048.0,2006.0,2048.0,15970.0
2024-12-20,2048.0,2080.0,2026.0,2080.0,29650.0
2024-12-23,2076.0,2096.0,2060.0,2096.0,8370.0
2024-12-26,2096.0,2100.0,2070.0,2100.0,19780.0
2024-12-27,2102.0,2184.0,2100.0,2184.0,104030.0
2025-01-02,2174.0,2178.0,2132.0,2156.0,18130.0
2025-01-03,2156.0,2178.0,2152.0,2164.0,10985.0
2025-01-06,2164.0,2204.0,2150.0,2204.0,20375.0
2025-01-07,2212.0,2222.0,2188.0,2190.0,9910.0
2025-01-08,2188.0,2308.0,2184.0,2300.0,79205.0
2025-01-09,2300.0,2300.0,2236.0,2260.0,36060.0
2025-01-10,2260.0,2324.0,2260.0,2300.0,60970.0
2025-01-13,2280.0,2280.0,2250.0,2270.0,30475.0
2025-01-14,2270.0,2300.0,2250.0,2300.0,21115.0
2025-01-15,2270.0,2308.0,2270.0,2290.0,30815.0
2025-01-16,2290.0,2318.0,2244.0,2290.0,23210.0
2025-01-17,2290.0,2290.0,2256.0,2290.0,6935.0
2025-01-20,2290.0,2290.0,2280.0,2290.0,10630.0
2025-01-21,2292.0,2334.0,2264.0,2278.0,57670.0
2025-01-22,2270.0,2284.0,2268.0,2272.0,22725.0
2025-01-23,2270.0,2310.0,2256.0,2300.0,47940.0
2025-01-24,2300.0,2310.0,2242.0,2278.0,23230.0
2025-01-27,2288.0,2298.0,2240.0,2290.0,14220.0
2025-01-28,2290.0,2290.0,2260.0,2280.0,11255.0
2025-01-30,2280.0,2288.0,2250.0,2288.0,12305.0
2025-01-31,2280.0,2282.0,2210.0,2210.0,91705.0
2025-02-03,2200.0,2238.0,2200.0,2210.0,49530.0
2025-02-04,2212.0,2254.0,2212.0,2244.0,26870.0
2025-02-05,2244.0,2270.0,2224.0,2258.0,21955.0
2025-02-06,2252.0,2314.0,2242.0,2300.0,97565.0
2025-02-07,2288.0,2300.0,2234.0,2288.0,107260.0
2025-02-10,2266.0,2286.0,2254.0,2270.0,22760.0
2025-02-11,2274.0,2288.0,2262.0,2280.0,22290.0
2025-02-12,2254.0,2260.0,2224.0,2250.0,62550.0
2025-02-13,2250.0,2280.0,2238.0,2270.0,29510.0
2025-02-14,2270.0,2278.0,2246.0,2270.0,4855.0
2025-02-17,2270.0,2288.0,2250.0,2270.0,36370.0
2025-02-18,2272.0,2308.0,2272.0,2300.0,92720.0
2025-02-19,2290.0,2298.0,2278.0,2286.0,19460.0
2025-02-20,2286.0,2290.0,2262.0,2270.0,26650.0
2025-02-21,2270.0,2280.0,2258.0,2278.0,9170.0
2025-02-24,2260.0,2280.0,2240.0,2264.0,18645.0
2025-02-25,2266.0,2276.0,2244.0,2276.0,33420.0
2025-02-26,2250.0,2278.0,2250.0,2270.0,24125.0
2025-02-27,2270.0,2278.0,2260.0,2270.0,28305.0
2025-02-28,2270.0,2276.0,2260.0,2274.0,17025.0
2025-03-03,2270.0,2270.0,2262.0,2270.0,37050.0
2025-03-04,2260.0,2274.0,2252.0,2274.0,16430.0
2025-03-05,2272.0,2272.0,2154.0,2248.0,90275.0
2025-03-06,2242.0,2256.0,2236.0,2242.0,7435.0
2025-03-07,2242.0,2248.0,2234.0,2234.0,12675.0
2025-03-10,2234.0,2240.0,2180.0,2200.0,66670.0
2025-03-11,2198.0,2198.0,2104.0,2166.0,40605.0
2025-03-12,2170.0,2170.0,2122.0,2150.0,25205.0
2025-03-13,2140.0,2160.0,2122.0,2122.0,43570.0
2025-03-14,2122.0,2130.0,2106.0,2106.0,46615.0
2025-03-17,2106.0,2106.0,2086.0,2096.0,36410.0
2025-03-18,2118.0,2130.0,2086.0,2100.0,34485.0
2025-03-19,2090.0,2200.0,2086.0,2200.0,44655.0
2025-03-20,2200.0,2200.0,2158.0,2200.0,15395.0
2025-03-21,2180.0,2198.0,2134.0,2198.0,74955.0
2025-03-24,2148.0,2178.0,2130.0,2162.0,14165.0
2025-03-25,2148.0,2166.0,2148.0,2162.0,16465.0
2025-03-26,2160.0,2166.0,2154.0,2162.0,12060.0
2025-03-27,2160.0,2194.0,2156.0,2194.0,17900.0
2025-03-28,2182.0,2248.0,2164.0,2244.0,48115.0
2025-03-31,2240.0,2244.0,2194.0,2244.0,22710.0
2025-04-02,2224.0,2242.0,2190.0,2238.0,39355.0
2025-04-03,2238.0,2238.0,2192.0,2200.0,10960.0
2025-04-04,2198.0,2198.0,2160.0,2170.0,42720.0
2025-04-07,2138.0,2138.0,2080.0,2090.0,34435.0
2025-04-08,2180.0,2180.0,2068.0,2072.0,92295.0
2025-04-10,2094.0,2140.0,2088.0,2100.0,103450.0
2025-04-11,2110.0,2136.0,2092.0,2098.0,37165.0
2025-04-14,2096.0,2136.0,2090.0,2090.0,25345.0
2025-04-15,2092.0,2094.0,2084.0,2090.0,25550.0
2025-04-16,2090.0,2090.0,2068.0,2072.0,28635.0
2025-04-21,2072.0,2072.0,2020.0,2022.0,73245.0
2025-04-22,2020.0,2030.0,2004.0,2014.0,32820.0
2025-04-23,2028.0,2028.0,1994.0,2010.0,49280.0
2025-04-24,2018.0,2022.0,1938.0,1965.0,201320.0
2025-04-25,1990.0,1992.0,1975.0,1984.0,27235.0
2025-04-28,1980.0,1980.0,1939.0,1941.0,84100.0
2025-04-29,1950.0,1960.0,1938.0,1942.0,59570.0
2025-04-30,1942.0,1979.0,1941.0,1941.0,37100.0
2025-05-02,1964.0,1970.0,1917.0,1930.0,272115.0
2025-05-05,1930.0,1952.0,1930.0,1942.0,23355.0
2025-05-06,1945.0,1995.0,1944.0,1995.0,72265.0
2025-05-07,1995.0,2032.0,1984.0,2022.0,114240.0
2025-05-08,2022.0,2026.0,1965.0,2000.0,35245.0
2025-05-09,2000.0,2004.0,1979.0,1980.0,37100.0
2025-05-13,1981.0,1990.0,1940.0,1940.0,79800.0
2025-05-14,1949.0,1949.0,1890.0,1890.0,129610.0
2025-05-15,1896.0,1900.0,1886.0,1893.0,71640.0
2025-05-16,1893.0,1893.0,1840.0,1845.0,82035.0
2025-05-19,1874.0,1874.0,1820.0,1821.0,69785.0
2025-05-20,1820.0,1825.0,1795.0,1800.0,121535.0
2025-05-21,1800.0,1820.0,1798.0,1798.0,53775.0
2025-05-22,1800.0,1813.0,1782.0,1800.0,53150.0
2025-05-23,1800.0,1800.0,1748.0,1748.0,129235.0
2025-05-26,1752.0,1789.0,1752.0,1752.0,49305.0
2025-05-27,1760.0,1787.0,1760.0,1780.0,35145.0
2025-05-28,1780.0,1810.0,1778.0,1785.0,56505.0
2025-05-29,1800.0,1820.0,1790.0,1815.0,39825.0
2025-05-30,1822.0,1840.0,1751.0,1770.0,102435.0
2025-06-02,1780.0,1802.0,1780.0,1800.0,510010.0
2025-06-03,1838.0,1843.0,1799.0,1800.0,56800.0
2025-06-04,1811.0,1815.0,1801.0,1812.0,39540.0
2025-06-05,1810.0,1810.0,1792.0,1810.0,32980.0
2025-06-09,1807.0,1829.0,1793.0,1800.0,30135.0
2025-06-10,1800.0,1826.0,1800.0,1807.0,25855.0
2025-06-11,1800.0,1814.0,1770.0,1800.0,30810.0
2025-06-13,1800.0,1813.0,1766.0,1782.0,70200.0
2025-06-16,1781.0,1781.0,1762.0,1765.0,52705.0
2025-06-17,1765.0,1785.0,1761.0,1761.0,30785.0
2025-06-18,1761.0,1778.0,1752.0,1753.0,51360.0
2025-06-19,1756.0,1770.0,1732.0,1737.0,74395.0
2025-06-20,1740.0,1740.0,1674.0,1674.0,445985.0
2025-06-23,1674.0,1700.0,1670.0,1676.0,63185.0
2025-06-24,1680.0,1722.0,1680.0,1696.0,70550.0
2025-06-25,1705.0,1724.0,1684.0,1688.0,55395.0
2025-06-26,1690.0,1703.0,1668.0,1672.0,99465.0
2025-06-27,1680.0,1709.0,1680.0,1698.0,25990.0
2025-06-30,1710.0,1720.0,1680.0,1682.0,89800.0
2025-07-01,1682.0,1708.0,1680.0,1708.0,43890.0
2025-07-02,1708.0,1742.0,1692.0,1739.0,31280.0
2025-07-03,1740.0,1766.0,1723.0,1748.0,66375.0
2025-07-04,1748.0,1750.0,1697.0,1705.0,85530.0
2025-07-07,1705.0,1712.0,1631.0,1639.0,407715.0
2025-07-08,1660.0,1667.0,1632.0,1633.0,104415.0
2025-07-09,1633.0,1649.0,1631.0,1640.0,83665.0
2025-07-10,1640.0,1665.0,1635.0,1660.0,39760.0
2025-07-11,1663.0,1679.0,1645.0,1666.0,61200.0
2025-07-14,1641.0,1698.0,1641.0,1685.0,72410.0
2025-07-15,1685.0,1691.0,1635.0,1637.0,209255.0
2025-07-16,1640.0,1656.0,1626.0,1630.0,68355.0
2025-07-17,1630.0,1650.0,1625.0,1642.0,37050.0
2025-07-18,1635.0,1661.0,1635.0,1650.0,40040.0
2025-07-21,1650.0,1653.0,1631.0,1631.0,56780.0
2025-07-22,1635.0,1648.0,1624.0,1624.0,102880.0
2025-07-23,1627.0,1696.0,1624.0,1690.0,80705.0
2025-07-24,1689.0,1689.0,1661.0,1664.0,51515.0
2025-07-25,1669.0,1678.0,1653.0,1656.0,28260.0
2025-07-28,1664.0,1667.0,1646.0,1667.0,32845.0
2025-07-29,1671.0,1680.0,1667.0,1669.0,32905.0
2025-07-30,1670.0,1671.0,1660.0,1664.0,25220.0
2025-07-31,1665.0,1693.0,1664.0,1670.0,47950.0
2025-08-01,1665.0,1682.0,1665.0,1680.0,39135.0
2025-08-04,1680.0,1710.0,1680.0,1710.0,22315.0
2025-08-05,1712.0,1740.0,1705.0,1730.0,85700.0
2025-08-06,1711.0,1744.0,1700.0,1718.0,55305.0
2025-08-07,1735.0,1746.0,1720.0,1740.0,45545.0
2025-08-08,1743.0,1744.0,1717.0,1720.0,23660.0
2025-08-11,1720.0,1724.0,1675.0,1675.0,68470.0
2025-08-12,1680.0,1710.0,1680.0,1704.0,42955.0
2025-08-13,1711.0,1732.0,1710.0,1715.0,22710.0
2025-08-14,1717.0,1730.0,1688.0,1695.0,58415.0
2025-08-15,1690.0,1699.0,1670.0,1698.0,62910.0
2025-08-18,1698.0,1698.0,1678.0,1688.0,29625.0
2025-08-19,1679.0,1680.0,1650.0,1680.0,19965.0
2025-08-20,1670.0,1670.0,1655.0,1670.0,24240.0
2025-08-22,1670.0,1670.0,1610.0,1632.0,94425.0
2025-08-26,1625.0,1625.0,1584.0,1600.0,86835.0
2025-08-27,1597.0,1620.0,1577.0,1585.0,120210.0
2025-08-28,1610.0,1614.0,1555.0,1555.0,185225.0
2025-08-29,1577.0,1577.0,1500.0,1507.0,145900.0
2025-09-01,1507.0,1529.0,1478.0,1505.0,79825.0
2025-09-02,1507.0,1528.0,1505.0,1520.0,62520.0
2025-09-03,1518.0,1523.0,1502.0,1520.0,53610.0
2025-09-04,1520.0,1582.0,1518.0,1576.0,161790.0
2025-09-05,1579.0,1588.0,1560.0,1575.0,290320.0
2025-09-08,1578.0,1581.0,1562.0,1570.0,22370.0
2025-09-09,1568.0,1570.0,1521.0,1523.0,63500.0
2025-09-10,1521.0,1538.0,1505.0,1530.0,23480.0
2025-09-11,1540.0,1550.0,1513.0,1520.0,44180.0
2025-09-12,1516.0,1579.0,1516.0,1526.0,21440.0
2025-09-15,1526.0,1550.0,1523.0,1530.0,15900.0
2025-09-16,1529.0,1548.0,1514.0,1514.0,55640.0
2025-09-17,1513.0,1539.0,1513.0,1530.0,22870.0
2025-09-18,1538.0,1600.0,1533.0,1599.0,69265.0
2025-09-19,1600.0,1600.0,1555.0,1555.0,29680.0
2025-09-22,1555.0,1577.0,1555.0,1574.0,19185.0
2025-09-23,1574.0,1575.0,1515.0,1530.0,48555.0
2025-09-24,1531.0,1559.0,1514.0,1529.0,41825.0
2025-09-25,1530.0,1539.0,1511.0,1535.0,15515.0
2025-09-26,1535.0,1535.0,1485.0,1492.0,111890.0
2025-09-29,1498.0,1498.0,1478.0,1492.0,35995.0
2025-09-30,1492.0,1505.0,1492.0,1500.0,26245.0
2025-10-01,1500.0,1510.0,1500.0,1508.0,10055.0
2025-10-02,1508.0,1525.0,1502.0,1515.0,23770.0
2025-10-03,1525.0,1558.0,1515.0,1558.0,55695.0
2025-10-06,1559.0,1569.0,1522.0,1530.0,41445.0
2025-10-07,1530.0,1530.0,1510.0,1525.0,40300.0
2025-10-08,1530.0,1530.0,1515.0,1525.0,47120.0
2025-10-09,1525.0,1529.0,1501.0,1505.0,48820.0
2025-10-10,1502.0,1513.0,1492.0,1495.0,23120.0
2025-10-13,1495.0,1509.0,1483.0,1490.0,54975.0
2025-10-14,1500.0,1500.0,1480.0,1480.0,52890.0
2025-10-15,1490.0,1499.0,1450.0,1450.0,188050.0
2025-10-16,1451.0,1472.0,1451.0,1457.0,49375.0
2025-10-17,1458.0,1474.0,1458.0,1463.0,27630.0
2025-10-20,1465.0,1478.0,1454.0,1465.0,30380.0
2025-10-21,1465.0,1478.0,1451.0,1465.0,36150.0
2025-10-22,1465.0,1465.0,1440.0,1450.0,33600.0
2025-10-23,1450.0,1475.0,1449.0,1470.0,27215.0
2025-10-24,1470.0,1470.0,1453.0,1455.0,50460.0
2025-10-27,1455.0,1455.0,1435.0,1445.0,16345.0
2025-10-28,1445.0,1458.0,1445.0,1450.0,16340.0
2025-10-29,1451.0,1487.0,1451.0,1477.0,46445.0
2025-10-30,1477.0,1487.0,1455.0,1477.0,19280.0
2025-11-03,1478.0,1480.0,1460.0,1480.0,18760.0
2025-11-04,1480.0,1500.0,1476.0,1490.0,21500.0
2025-11-05,1490.0,1493.0,1460.0,1493.0,20525.0
2025-11-06,1493.0,1493.0,1440.0,1445.0,79615.0
2025-11-07,1445.0,1462.0,1401.0,1460.0,73960.0
2025-11-10,1459.0,1469.0,1453.0,1453.0,10380.0
2025-11-11,1453.0,1469.0,1436.0,1461.0,14335.0
2025-11-12,1461.0,1505.0,1461.0,1501.0,25935.0
2025-11-13,1505.0,1648.0,1505.0,1648.0,140505.0
2025-11-14,1645.0,1645.0,1587.0,1596.0,61470.0
2025-11-17,1590.0,1627.0,1575.0,1620.0,33720.0
2025-11-18,1621.0,1655.0,1601.0,1625.0,35320.0
2025-11-19,1596.0,1629.0,1582.0,1629.0,16950.0
2025-11-20,1600.0,1625.0,1588.0,1620.0,32975.0
2025-11-21,1615.0,1615.0,1594.0,1601.0,19120.0
2025-11-24,1605.0,1611.0,1572.0,1608.0,20135.0
2025-11-25,1600.0,1610.0,1583.0,1583.0,16985.0
2025-11-26,1583.0,1600.0,1555.0,1597.0,20760.0
2025-11-27,1596.0,1596.0,1563.0,1570.0,15330.0
2025-11-28,1575.0,1620.0,1563.0,1602.0,40840.0
2025-12-01,1602.0,1632.0,1602.0,1617.0,29355.0
2025-12-02,1619.0,1628.0,1606.0,1628.0,18130.0
2025-12-03,1628.0,1630.0,1606.0,1609.0,47290.0
2025-12-04,1609.0,1609.0,1585.0,1600.0,49985.0
2025-12-05,1600.0,1609.0,1591.0,1591.0,15810.0
2025-12-09,1589.0,1590.0,1555.0,1570.0,45505.0
2025-12-10,1570.0,1585.0,1555.0,1567.0,20225.0
2025-12-11,1570.0,1589.0,1560.0,1565.0,24010.0
2025-12-12,1569.0,1571.0,1560.0,1560.0,27300.0
2025-12-15,1570.0,1587.0,1564.0,1573.0,12655.0
2025-12-16,1573.0,1575.0,1560.0,1574.0,34670.0
2025-12-17,1574.0,1574.0,1561.0,1563.0,22925.0
2025-12-18,1560.0,1604.0,1555.0,1604.0,36810.0
2025-12-19,1603.0,1603.0,1549.0,1549.0,195140.0
2025-12-22,1542.0,1574.0,1520.0,1565.0,20765.0
2025-12-23,1565.0,1605.0,1560.0,1590.0,32895.0
2025-12-26,1590.0,1603.0,1585.0,1585.0,18505.0
2025-12-29,1585.0,1585.0,1573.0,1584.0,8935.0
2026-01-02,1590.0,1619.0,1590.0,1600.0,12890.0
2026-01-05,1600.0,1616.0,1581.0,1581.0,25730.0
2026-01-06,1600.0,1630.0,1596.0,1611.0,61560.0
2026-01-07,1611.0,1628.0,1605.0,1610.0,34495.0
2026-01-08,1610.0,1629.0,1610.0,1620.0,19990.0
2026-01-09,1620.0,1645.0,1611.0,1620.0,56695.0
2026-01-12,1638.0,1638.0,1607.0,1620.0,58355.0
2026-01-13,1637.0,1643.0,1617.0,1640.0,32345.0
2026-01-14,1640.0,1681.0,1634.0,1660.0,119900.0
2026-01-15,1665.0,1672.0,1650.0,1651.0,43490.0
2026-01-16,1652.0,1664.0,1630.0,1632.0,47295.0
2026-01-19,1635.0,1647.0,1625.0,1625.0,38470.0
2026-01-20,1630.0,1639.0,1608.0,1619.0,44375.0
2026-01-21,1617.0,1625.0,1602.0,1602.0,47335.0
2026-01-22,1603.0,1635.0,1603.0,1630.0,21755.0
2026-01-23,1631.0,1637.0,1615.0,1619.0,54105.0
2026-01-26,1619.0,1626.0,1607.0,1617.0,22070.0
2026-01-27,1617.0,1617.0,1602.0,1605.0,24420.0
2026-01-28,1603.0,1604.0,1582.0,1589.0,76350.0
2026-01-29,1589.0,1589.0,1565.0,1570.0,67540.0
2026-01-30,1590.0,1590.0,1560.0,1571.0,54300.0
2026-02-02,1584.0,1594.0,1575.0,1580.0,63880.0
2026-02-03,1599.0,1605.0,1580.0,1597.0,41360.0
2026-02-04,1600.0,1687.0,1600.0,1678.0,169300.0
2026-02-05,1678.0,1754.0,1678.0,1726.0,270080.0
2026-02-06,1725.0,1735.0,1691.0,1718.0,41070.0
2026-02-09,1717.0,1742.0,1703.0,1733.0,49095.0
2026-02-10,1730.0,1733.0,1718.0,1730.0,32360.0
2026-02-11,1730.0,1734.0,1711.0,1730.0,110040.0
2026-02-12,1730.0,1743.0,1718.0,1725.0,28460.0
2026-02-13,1725.0,1725.0,1700.0,1702.0,20175.0
2026-02-16,1689.0,1689.0,1663.0,1680.0,20610.0
2026-02-18,1680.0,1701.0,1672.0,1690.0,36245.0
2026-02-19,1690.0,1724.0,1690.0,1705.0,35335.0
2026-02-20,1705.0,1710.0,1672.0,1685.0,54585.0
2026-02-23,1688.0,1699.0,1678.0,1690.0,25820.0
2026-02-24,1682.0,1698.0,1675.0,1680.0,31065.0
2026-02-25,1680.0,1749.0,1680.0,1744.0,83965.0
2026-02-26,1740.0,1746.0,1724.0,1745.0,46930.0
2026-02-27,1744.0,1744.0,1712.0,1740.0,25450.0
2026-03-02,1675.0,1699.0,1675.0,1678.0,56230.0
2026-03-03,1678.0,1699.0,1659.0,1680.0,45100.0
2026-03-04,1680.0,1680.0,1627.0,1632.0,38485.0
2026-03-05,1635.0,1670.0,1635.0,1652.0,33185.0
2026-03-06,1655.0,1669.0,1652.0,1660.0,17745.0
2026-03-09,1650.0,1650.0,1520.0,1600.0,77025.0
2026-03-10,1600.0,1619.0,1600.0,1602.0,14405.0
2026-03-11,1602.0,1635.0,1590.0,1623.0,27010.0
2026-03-12,1625.0,1625.0,1600.0,1610.0,38640.0
2026-03-13,1610.0,1615.0,1600.0,1610.0,12465.0
2026-03-16,1610.0,1610.0,1560.0,1575.0,64835.0
2026-03-17,1576.0,1635.0,1563.0,1610.0,32635.0
2026-03-18,1610.0,1640.0,1600.0,1635.0,24220.0
2026-03-19,1630.0,1630.0,1581.0,1619.0,50685.0
2026-03-23,1615.0,1615.0,1570.0,1585.0,52640.0
2026-03-24,1586.0,1619.0,1586.0,1616.0,15825.0
2026-03-25,1616.0,1635.0,1616.0,1630.0,27300.0
2026-03-26,1630.0,1635.0,1620.0,1634.0,14390.0
2026-03-27,1630.0,1634.0,1600.0,1614.0,26715.0
2026-03-30,1614.0,1638.0,1569.0,1638.0,64225.0
2026-03-31,1636.0,1636.0,1582.0,1625.0,50005.0
2026-04-01,1625.0,1630.0,1612.0,1615.0,18100.0
2026-04-06,1617.0,1629.0,1600.0,1620.0,21690.0
2026-04-07,1620.0,1658.0,1602.0,1645.0,107980.0
2026-04-08,1646.0,1670.0,1642.0,1651.0,58065.0
2026-04-10,1650.0,1667.0,1630.0,1650.0,27790.0
2026-04-13,1648.0,1648.0,1601.0,1630.0,26385.0
2026-04-14,1630.0,1643.0,1625.0,1633.0,15140.0
2026-04-15,1634.0,1655.0,1634.0,1645.0,32805.0
2026-04-16,1645.0,1660.0,1645.0,1655.0,10070.0
2026-04-17,1650.0,1657.0,1638.0,1645.0,13840.0
2026-04-20,1652.0,1652.0,1632.0,1640.0,38850.0
2026-04-21,1640.0,1654.0,1640.0,1653.0,13720.0
2026-04-22,1653.0,1653.0,1639.0,1648.0,20585.0
2026-04-23,1650.0,1650.0,1636.0,1650.0,18940.0
2026-04-24,1649.0,1649.0,1636.0,1646.0,19195.0
2026-04-27,1646.0,1652.0,1626.0,1639.0,41310.0
2026-04-28,1648.0,1649.0,1602.0,1630.0,51445.0
2026-04-29,1640.0,1652.0,1625.0,1647.0,36685.0
2026-04-30,1647.0,1653.0,1637.0,1647.0,33215.0
2026-05-04,1647.0,1655.0,1644.0,1653.0,21740.0
2026-05-05,1653.0,1656.0,1644.0,1650.0,24910.0
2026-05-06,1653.0,1653.0,1618.0,1621.0,32670.0
2026-05-07,1629.0,1660.0,1629.0,1660.0,52460.0
2026-05-08,1660.0,1698.0,1656.0,1692.0,70865.0
2026-05-11,1700.0,1700.0,1650.0,1670.0,56770.0
2026-05-12,1670.0,1700.0,1666.0,1700.0,62235.0
2026-05-13,1700.0,1742.0,1685.0,1730.0,120450.0
2026-05-14,1715.0,1766.0,1702.0,1765.0,149270.0
2026-05-15,1765.0,1860.0,1765.0,1805.0,400995.0
2026-05-18,1805.0,1809.0,1780.0,1803.0,41390.0
2026-05-19,1800.0,1815.0,1780.0,1804.0,94070.0
2026-05-20,1793.0,1799.0,1763.0,1794.0,66325.0
2026-05-21,1785.0,1785.0,1762.0,1770.0,100785.0
2026-05-22,1740.0,1758.0,1705.0,1750.0,18515.0
2026-05-25,1751.0,1760.0,1723.0,1740.0,23550.0
2026-05-26,1740.0,1740.0,1690.0,1710.0,57190.0
2026-05-28,1710.0,1710.0,1658.0,1675.0,34970.0
2026-05-29,1675.0,1708.0,1627.0,1690.0,93560.0
2026-06-01,1690.0,1699.0,1663.0,1699.0,30795.0
2026-06-02,1699.0,1750.0,1685.0,1700.0,23820.0
2026-06-03,1700.0,1700.0,1671.0,1688.0,29675.0
2026-06-04,1688.0,1708.0,1651.0,1700.0,38075.0
2026-06-05,1702.0,1702.0,1673.0,1680.0,17560.0
2026-06-08,1664.0,1701.0,1664.0,1689.0,36255.0
2026-06-09,1689.0,1715.0,1680.0,1706.0,53355.0
2026-06-10,1706.0,1710.0,1693.0,1705.0,21375.0
2026-06-11,1705.0,1705.0,1660.0,1700.0,43670.0
2026-06-15,1700.0,1743.0,1697.0,1730.0,71810.0
2026-06-16,1730.0,1732.0,1700.0,1722.0,55980.0
2026-06-17,1741.0,1823.0,1738.0,1809.0,273615.0
2026-06-18,1809.0,1815.0,1782.0,1805.0,64105.0
2026-06-19,1805.0,1805.0,1771.0,1800.0,35745.0
2026-06-22,1790.0,1795.0,1751.0,1789.0,62685.0
2026-06-23,1780.0,1780.0,1757.0,1770.0,30310.0
2026-06-24,1770.0,1772.0,1751.0,1772.0,45330.0
2026-06-25,1772.0,1815.0,1772.0,1799.0,62015.0
2026-06-26,1799.0,1810.0,1787.0,1800.0,55825.0
2026-06-29,1810.0,1964.0,1810.0,1925.0,284215.0
2026-06-30,1925.0,1935.0,1880.0,1898.0,81845.0
2026-07-01,1898.0,1899.0,1866.0,1890.0,36195.0
2026-07-02,1890.0,1917.0,1879.0,1880.0,50995.0
2026-07-03,1880.0,1905.0,1880.0,1885.0,15055.0
2026-07-06,1890.0,1911.0,1870.0,1880.0,50035.0
2026-07-07,1881.0,1890.0,1846.0,1853.0,43500.0
2026-07-08,1853.0,1869.0,1840.0,1845.0,28450.0
2026-07-09,1838.0,1839.0,1809.0,1809.0,39645.0
2026-07-10,1815.0,1834.0,1810.0,1810.0,29200.0
2026-07-13,1810.0,1849.0,1781.0,1849.0,52775.0
2026-07-14,1838.0,1838.0,1795.0,1796.0,41145.0
2026-07-15,1810.0,1820.0,1800.0,1804.0,45760.0
2026-07-16,1804.0,1838.0,1804.0,1824.0,43010.0
2026-07-17,1824.0,1886.0,1818.0,1870.0,175050.0
2026-07-20,1865.0,1878.0,1846.0,1870.0,83720.0
2026-07-21,1850.0,1859.0,1845.0,1845.0,45025.0
2026-07-22,1844.0,1844.0,1811.0,1828.0,37225.0
2026-07-23,1835.0,1840.0,1815.0,1822.0,27955.0
2026-07-24,1818.0,1819.0,1801.0,1819.0,18685.0
2026-07-27,1810.0,1832.0,1810.0,1825.0,23180.0
2026-07-28,1825.0,1860.0,1815.0,1850.0,32165.0
2026-07-29,1850.0,1860.0,1836.0,1838.0,16095.0
2026-07-30,1850.0,1850.0,1825.0,1850.0,23840.0
2026-07-31,1850.0,1850.0,1810.0,1810.0,48415.0
2026-08-03,1810.0,1821.0,1801.0,1821.0,36200.0
2026-08-04,1821.0,1825.0,1808.0,1814.0,20260.0
2026-08-05,1807.0,1807.0,1716.0,1755.0,229110.0
2026-08-06,1750.0,1750.0,1718.0,1719.0,62675.0
2026-08-07,1720.0,1730.0,1702.0,1725.0,49545.0
2026-08-10,1725.0,1746.0,1717.0,1740.0,17410.0
2026-08-11,1740.0,1766.0,1730.0,1757.0,23965.0
2026-08-12,1757.0,1779.0,1745.0,1770.0,59955.0
2026-08-13,1774.0,1775.0,1730.0,1734.0,58070.0
2026-08-14,1737.0,1751.0,1725.0,1750.0,62700.0
2026-08-17,1740.0,1740.0,1720.0,1721.0,18305.0
2026-08-18,1721.0,1746.0,1719.0,1740.0,68555.0
2026-08-19,1740.0,1740.0,1723.0,1735.0,45305.0
2026-08-20,1735.0,1757.0,1735.0,1748.0,20905.0
2026-08-24,1748.0,1748.0,1681.0,1694.0,83455.0
2026-08-25,1694.0,1710.0,1675.0,1682.0,41310.0
2026-08-26,1683.0,1698.0,1651.0,1670.0,44840.0
2026-08-27,1675.0,1675.0,1640.0,1649.0,35755.0
2026-08-28,1649.0,1655.0,1621.0,1630.0,35510.0
2026-09-01,1630.0,1630.0,1600.0,1601.0,53050.0
2026-09-02,1600.0,1601.0,1585.0,1592.0,70075.0
2026-09-03,1595.0,1595.0,1556.0,1583.0,114850.0
