Date,Open,High,Low,Close,Volume
2018-01-03,37.549999,38.849998,37.5,38.75,9978000.0
2018-01-04,38.75,39.5,38.0,39.5,20341600.0
2018-01-05,39.299999,39.700001,38.950001,39.349998,11425600.0
2018-01-08,39.5,39.650002,37.799999,38.400002,11202800.0
2018-01-09,38.400002,39.700001,38.150002,39.700001,7899600.0
2018-01-10,39.650002,39.650002,39.099998,39.099998,3455600.0
2018-01-11,39.150002,39.200001,38.0,38.5,6195500.0
2018-01-12,38.5,38.900002,38.5,38.900002,6451700.0
2018-01-15,39.0,39.599998,38.900002,39.349998,5621100.0
2018-01-16,39.400002,39.650002,39.299999,39.299999,7642700.0
2018-01-17,39.400002,39.599998,39.099998,39.450001,5404800.0
2018-01-18,39.5,39.5,38.900002,39.200001,7018500.0
2018-01-19,39.400002,39.400002,38.400002,39.0,9334500.0
2018-01-22,39.0,39.599998,39.0,39.5,10019800.0
2018-01-23,39.599998,39.650002,39.299999,39.5,5818100.0
2018-01-24,39.599998,39.599998,38.599998,38.900002,6591500.0
2018-01-25,38.900002,39.150002,38.400002,38.5,10428500.0
2018-01-26,38.549999,39.150002,38.150002,38.599998,10435100.0
2018-01-29,38.700001,39.099998,38.150002,39.099998,6554300.0
2018-01-30,38.5,38.650002,37.5,37.849998,23467100.0
2018-01-31,37.700001,37.700001,36.900002,36.900002,14513100.0
2018-02-01,36.950001,37.5,36.5,36.5,15959300.0
2018-02-02,36.700001,37.099998,36.049999,36.950001,13406900.0
2018-02-05,36.0,36.0,35.25,35.25,17071800.0
2018-02-06,35.049999,35.799999,34.299999,35.799999,15994600.0
2018-02-07,36.400002,36.650002,35.549999,35.950001,11008200.0
2018-02-08,36.0,36.150002,35.650002,36.0,6370400.0
2018-02-09,35.400002,35.549999,34.700001,35.0,9984800.0
2018-02-12,35.200001,35.900002,35.0,35.0,5814100.0
2018-02-13,35.099998,36.150002,35.099998,36.150002,11935500.0
2018-02-14,36.150002,36.25,35.799999,36.099998,6075300.0
2018-02-15,36.150002,36.25,35.700001,36.099998,5952100.0
2018-02-19,36.099998,36.849998,35.700001,36.25,15074700.0
2018-02-20,36.75,36.75,36.25,36.5,8948600.0
2018-02-21,36.400002,36.599998,35.400002,36.200001,7800100.0
2018-02-22,35.950001,35.950001,35.099998,35.950001,12014200.0
2018-02-23,35.799999,36.200001,35.400002,35.400002,7340800.0
2018-02-26,35.5,36.25,35.099998,36.25,7797300.0
2018-02-27,35.799999,36.400002,35.75,36.400002,6868400.0
2018-02-28,35.900002,36.400002,35.299999,35.299999,10871800.0
2018-03-01,35.599998,36.349998,35.299999,35.75,7397600.0
2018-03-02,35.349998,36.0,35.049999,36.0,6321200.0
2018-03-05,35.799999,36.25,35.5,36.25,3236600.0
2018-03-06,36.25,36.25,35.5,36.0,5346100.0
2018-03-07,35.900002,35.900002,35.400002,35.849998,3363200.0
2018-03-08,35.849998,35.849998,35.299999,35.400002,2097200.0
2018-03-09,35.400002,35.900002,35.400002,35.900002,1714100.0
2018-03-12,36.0,36.400002,35.900002,36.400002,3205900.0
2018-03-13,36.349998,36.349998,35.599998,35.700001,4470500.0
2018-03-14,35.700001,36.0,35.450001,35.5,4969100.0
2018-03-15,35.349998,35.75,34.0,34.0,9424600.0
2018-03-16,33.799999,35.900002,33.799999,34.75,22387900.0
2018-03-19,34.900002,35.0,34.400002,34.5,9036800.0
2018-03-20,34.5,35.0,33.700001,33.799999,8367000.0
2018-03-21,34.450001,34.450001,33.0,33.0,8907400.0
2018-03-22,33.150002,34.400002,33.150002,34.400002,8169900.0
2018-03-23,33.799999,34.0,33.5,33.900002,9259900.0
2018-03-26,33.799999,33.849998,33.049999,33.849998,5061400.0
2018-03-27,33.599998,34.5,33.599998,34.5,8666000.0
2018-03-28,34.0,34.150002,33.299999,33.700001,10415800.0
2018-04-02,33.900002,34.5,33.5,34.5,4440400.0
2018-04-03,34.150002,34.5,33.849998,34.299999,5450200.0
2018-04-04,34.599998,34.799999,34.200001,34.299999,6890300.0
2018-04-05,34.700001,34.700001,34.0,34.400002,4207600.0
2018-04-06,34.0,34.349998,32.950001,33.900002,8123300.0
2018-04-10,33.799999,34.599998,33.349998,33.849998,10723600.0
2018-04-11,33.900002,34.349998,33.299999,33.299999,7383400.0
2018-04-12,33.549999,34.450001,33.349998,34.450001,6760700.0
2018-04-13,34.299999,34.400002,33.75,33.799999,5273000.0
2018-04-16,34.0,34.0,33.849998,34.0,2494000.0
2018-04-17,33.799999,33.900002,33.099998,33.5,6359600.0
2018-04-18,33.299999,33.900002,33.200001,33.599998,5893800.0
2018-04-19,33.349998,33.5,32.099998,32.849998,19364500.0
2018-04-20,32.849998,33.299999,32.549999,33.0,3341400.0
2018-04-23,33.0,33.349998,32.5,33.200001,3776800.0
2018-04-24,33.099998,33.200001,32.299999,32.5,5155500.0
2018-04-25,32.400002,33.200001,32.349998,32.900002,4394400.0
2018-04-26,33.0,33.5,32.799999,33.5,6145900.0
2018-04-27,33.5,34.0,33.049999,33.900002,5889800.0
2018-04-30,33.900002,34.450001,33.75,34.25,4999100.0
2018-05-02,34.299999,34.75,33.700001,33.700001,4103300.0
2018-05-03,34.0,34.200001,32.799999,32.799999,5818400.0
2018-05-04,32.799999,33.200001,32.299999,32.400002,4174900.0
2018-05-07,33.0,33.0,32.200001,32.349998,3327600.0
2018-05-08,33.0,33.900002,32.599998,33.900002,10628500.0
2018-05-09,33.900002,34.549999,33.75,34.299999,10891700.0
2018-05-10,34.450001,34.799999,34.400002,34.700001,7269000.0
2018-05-11,34.900002,35.75,34.799999,35.650002,8899400.0
2018-05-15,36.299999,38.700001,36.25,38.299999,30151600.0
2018-05-16,38.099998,38.400002,37.299999,38.150002,15867300.0
2018-05-17,38.150002,38.700001,36.75,36.75,13646300.0
2018-05-18,37.450001,37.450001,36.950001,37.299999,7527200.0
2018-05-21,37.450001,38.450001,37.400002,37.799999,9693900.0
2018-05-22,38.200001,38.200001,37.200001,37.25,6368000.0
2018-05-23,37.950001,37.950001,36.849998,37.450001,8697900.0
2018-05-24,37.450001,38.0,37.450001,37.900002,6211900.0
2018-05-25,38.200001,38.25,37.799999,38.0,12255400.0
2018-05-28,38.0,38.0,37.700001,38.0,8996200.0
2018-05-29,38.0,38.349998,37.5,37.5,7159900.0
2018-05-30,37.700001,37.950001,36.599998,37.0,18344500.0
2018-05-31,37.299999,37.799999,36.700001,37.0,102018400.0
2018-06-01,37.0,37.700001,37.0,37.200001,9958000.0
2018-06-04,37.200001,37.549999,36.799999,37.450001,9466300.0
2018-06-05,37.900002,38.0,37.0,38.0,6757600.0
2018-06-06,38.0,38.099998,37.700001,38.049999,9248000.0
2018-06-07,38.049999,38.049999,37.5,37.950001,7102300.0
2018-06-08,37.950001,38.0,37.5,37.700001,4965600.0
2018-06-11,37.5,37.5,37.0,37.0,6048400.0
2018-06-13,37.0,37.099998,35.799999,36.5,9520200.0
2018-06-14,35.799999,35.799999,34.75,34.75,33632800.0
2018-06-18,34.5,35.0,34.349998,35.0,14831000.0
2018-06-19,34.75,34.950001,33.900002,34.700001,11821200.0
2018-06-20,34.75,34.950001,34.099998,34.5,9270500.0
2018-06-21,34.549999,34.700001,32.900002,32.900002,16661800.0
2018-06-22,32.950001,33.650002,32.25,33.25,13451700.0
2018-06-25,34.200001,34.200001,33.25,33.25,10822800.0
2018-06-26,33.700001,33.900002,32.700001,33.700001,8574100.0
2018-06-27,33.799999,35.5,33.5,35.5,9606900.0
2018-06-28,35.0,35.0,34.150002,34.25,9315500.0
2018-06-29,34.25,35.950001,34.0,35.950001,16237900.0
2018-07-02,35.799999,36.5,35.299999,35.900002,6099200.0
2018-07-03,36.0,36.299999,35.400002,36.0,4225700.0
2018-07-04,36.0,37.0,35.5,37.0,8574700.0
2018-07-05,36.849998,37.0,36.150002,37.0,8313900.0
2018-07-06,36.849998,37.049999,36.200001,36.650002,3429600.0
2018-07-09,36.5,36.650002,36.150002,36.400002,2686000.0
2018-07-10,36.799999,36.799999,36.049999,36.799999,2439000.0
2018-07-11,36.799999,37.150002,36.5,37.150002,3019400.0
2018-07-12,36.950001,37.049999,35.200001,36.400002,2763100.0
2018-07-13,36.400002,36.950001,36.400002,36.950001,3465200.0
2018-07-16,36.950001,37.0,36.549999,37.0,3211500.0
2018-07-17,37.0,37.0,36.450001,37.0,2758700.0
2018-07-18,37.0,37.0,36.599998,37.0,4310800.0
2018-07-19,36.599998,37.0,36.450001,36.549999,3045200.0
2018-07-20,36.799999,37.0,36.299999,37.0,4359900.0
2018-07-23,37.0,37.099998,36.400002,36.5,2794700.0
2018-07-24,36.549999,37.0,36.349998,37.0,3079800.0
2018-07-25,37.0,37.549999,36.299999,36.299999,7759300.0
2018-07-26,36.549999,37.5,36.549999,37.5,8868200.0
2018-07-27,37.5,38.049999,37.099998,38.049999,6094300.0
2018-07-30,38.0,38.049999,37.799999,38.0,5371000.0
2018-07-31,37.099998,37.799999,37.099998,37.75,8233100.0
2018-08-01,37.75,38.049999,37.75,38.0,13496400.0
2018-08-02,38.0,38.0,37.599998,37.900002,4912200.0
2018-08-03,37.900002,38.0,37.200001,38.0,6500800.0
2018-08-06,37.349998,38.0,37.349998,37.700001,5878400.0
2018-08-07,37.799999,38.0,37.799999,37.900002,4750800.0
2018-08-08,37.900002,39.5,37.849998,39.0,32176200.0
2018-08-09,38.700001,39.5,38.0,38.5,5496800.0
2018-08-10,38.5,39.0,38.349998,38.5,6561400.0
2018-08-13,38.5,38.5,37.200001,37.200001,8622600.0
2018-08-14,37.200001,37.299999,36.099998,36.349998,7606500.0
2018-08-15,36.0,36.700001,35.549999,35.700001,7394400.0
2018-08-16,35.75,36.0,35.400002,35.400002,6489100.0
2018-08-17,35.5,37.0,35.5,36.0,13580100.0
2018-08-20,36.200001,37.0,36.099998,36.099998,4871600.0
2018-08-22,36.799999,37.099998,36.25,37.099998,8808200.0
2018-08-23,37.0,38.5,37.0,38.5,9906900.0
2018-08-24,38.0,39.0,37.599998,38.5,10259500.0
2018-08-28,38.5,39.200001,38.5,39.0,12455000.0
2018-08-29,38.299999,39.099998,38.299999,39.0,7461200.0
2018-08-30,38.549999,39.0,38.549999,38.849998,9546100.0
2018-08-31,38.700001,39.0,37.900002,39.0,10721300.0
2018-09-03,39.0,39.049999,38.299999,38.549999,1787900.0
2018-09-04,38.450001,39.0,38.400002,38.700001,6104800.0
2018-09-05,38.049999,38.450001,37.549999,37.75,11356200.0
2018-09-06,37.549999,37.700001,36.5,37.299999,11148100.0
2018-09-07,37.299999,37.299999,36.25,36.650002,10463800.0
2018-09-10,36.599998,37.200001,35.849998,36.5,11438400.0
2018-09-11,37.0,37.0,36.099998,36.5,3316200.0
2018-09-12,36.0,37.0,36.0,36.5,5539800.0
2018-09-13,36.900002,37.5,36.400002,37.5,5140500.0
2018-09-14,36.75,37.099998,36.299999,36.400002,7693400.0
2018-09-17,36.400002,37.299999,36.400002,37.0,5486800.0
2018-09-18,36.849998,37.0,36.5,36.5,7170900.0
2018-09-19,36.5,37.150002,36.049999,36.950001,7877400.0
2018-09-20,36.950001,36.950001,36.0,36.0,6768600.0
2018-09-21,35.950001,37.0,35.900002,37.0,14766800.0
2018-09-24,36.25,37.0,36.25,37.0,1778200.0
2018-09-25,36.5,36.900002,35.599998,35.700001,8151300.0
2018-09-26,36.400002,36.849998,35.5,36.849998,10380100.0
2018-09-27,36.25,37.25,36.25,37.25,4948500.0
2018-09-28,37.0,37.099998,36.150002,36.150002,12400100.0
2018-10-01,36.0,36.099998,35.5,35.650002,8529600.0
2018-10-02,35.400002,35.400002,33.5,33.849998,19400400.0
2018-10-03,34.0,34.650002,33.700001,34.5,7060900.0
2018-10-04,34.599998,34.599998,34.0,34.099998,7871700.0
2018-10-05,34.0,34.599998,33.950001,34.299999,7079100.0
2018-10-08,34.0,34.599998,33.849998,34.0,8184800.0
2018-10-09,34.0,34.5,34.0,34.400002,5623500.0
2018-10-10,34.400002,34.5,33.75,34.0,5944600.0
2018-10-11,34.0,34.0,33.099998,33.700001,7592300.0
2018-10-12,33.700001,34.200001,33.150002,34.200001,11504500.0
2018-10-15,34.25,34.599998,33.700001,33.700001,5574300.0
2018-10-16,33.700001,34.0,33.200001,33.5,9745800.0
2018-10-17,33.799999,34.25,33.799999,34.0,11037800.0
2018-10-18,34.0,34.450001,33.799999,34.450001,5165200.0
2018-10-19,34.450001,34.5,33.900002,34.5,5991200.0
2018-10-22,34.150002,35.299999,34.150002,34.900002,12715400.0
2018-10-23,35.0,35.0,33.950001,34.0,8828600.0
2018-10-24,34.299999,34.799999,33.849998,34.700001,7122400.0
2018-10-25,34.400002,34.400002,33.549999,33.700001,8383800.0
2018-10-26,34.0,34.5,33.900002,34.5,4611800.0
2018-10-29,34.5,34.5,34.099998,34.400002,4273500.0
2018-10-30,34.349998,34.349998,33.700001,33.75,6445000.0
2018-10-31,33.849998,34.150002,33.700001,33.799999,27095100.0
2018-11-05,34.25,34.75,33.549999,33.650002,18361300.0
2018-11-06,33.650002,33.950001,33.0,33.0,13985200.0
2018-11-07,33.0,33.299999,32.549999,32.700001,9947800.0
2018-11-08,32.799999,33.0,32.599998,32.75,10612400.0
2018-11-09,32.799999,33.0,32.5,32.700001,8047200.0
2018-11-12,32.700001,33.0,32.5,32.549999,8317100.0
2018-11-13,32.450001,32.450001,31.450001,31.799999,12893200.0
2018-11-14,31.65,31.85,31.5,31.75,8464300.0
2018-11-15,31.75,31.950001,31.549999,31.950001,9159500.0
2018-11-16,31.9,32.650002,31.75,32.650002,33679700.0
2018-11-19,32.650002,32.900002,32.25,32.900002,14573400.0
2018-11-20,32.799999,33.849998,32.5,33.599998,11273700.0
2018-11-21,33.200001,33.400002,32.950001,33.299999,8195200.0
2018-11-22,33.299999,33.700001,33.0,33.25,5869900.0
2018-11-23,33.25,34.200001,33.099998,33.599998,7392700.0
2018-11-26,33.849998,34.799999,33.25,34.349998,8566100.0
2018-11-27,34.349998,34.450001,33.950001,34.400002,8634500.0
2018-11-28,34.400002,34.450001,33.549999,34.0,6813800.0
2018-11-29,34.099998,35.400002,34.099998,34.700001,23809600.0
2018-12-03,35.349998,36.5,35.049999,36.5,17323500.0
2018-12-04,36.450001,37.5,36.299999,37.400002,21873900.0
2018-12-05,36.549999,36.950001,36.299999,36.799999,21546100.0
2018-12-06,36.549999,36.650002,35.5,35.5,7439500.0
2018-12-07,35.450001,36.200001,35.450001,36.0,4139200.0
2018-12-10,35.950001,35.950001,35.200001,35.450001,9198700.0
2018-12-11,35.450001,35.75,35.0,35.5,9670000.0
2018-12-12,35.5,35.799999,35.150002,35.700001,33119000.0
2018-12-13,35.700001,36.0,34.799999,34.799999,8615800.0
2018-12-14,34.950001,35.5,34.099998,34.599998,23026100.0
2018-12-17,34.5,35.400002,34.400002,34.900002,10841200.0
2018-12-18,34.75,34.950001,34.400002,34.900002,21691600.0
2018-12-19,34.5,35.900002,34.5,35.900002,12486000.0
2018-12-20,35.299999,36.099998,35.299999,35.900002,9486600.0
2018-12-21,35.5,35.799999,34.799999,35.0,15584900.0
2018-12-26,34.849998,35.5,34.700001,35.5,3999100.0
2018-12-27,35.5,36.099998,35.400002,35.849998,10267600.0
2018-12-28,35.900002,36.049999,35.5,35.799999,9044100.0
2019-01-02,35.849998,37.0,35.849998,37.0,7795100.0
2019-01-03,37.0,38.0,36.5,38.0,10397000.0
2019-01-04,37.5,38.5,37.5,38.5,13631900.0
2019-01-07,38.549999,39.0,38.5,38.950001,19640500.0
2019-01-08,38.5,38.900002,37.799999,38.049999,6298000.0
2019-01-09,38.450001,39.0,38.200001,38.75,13693300.0
2019-01-10,38.700001,39.5,38.549999,39.450001,14200500.0
2019-01-11,39.099998,39.400002,38.650002,39.0,7479600.0
2019-01-14,38.799999,39.599998,38.400002,39.599998,9941100.0
2019-01-15,39.5,39.75,39.200001,39.75,6844000.0
2019-01-16,39.599998,39.599998,36.0,37.0,43535700.0
2019-01-17,36.950001,38.299999,36.849998,38.299999,28642100.0
2019-01-18,38.150002,39.400002,38.0,39.400002,14067400.0
2019-01-21,39.349998,39.950001,38.799999,39.900002,11058100.0
2019-01-22,39.700001,39.700001,38.799999,39.450001,12354300.0
2019-01-23,39.049999,39.700001,38.650002,39.700001,8835400.0
2019-01-24,39.650002,39.849998,39.299999,39.700001,7407800.0
2019-01-25,39.650002,39.900002,39.5,39.900002,8382300.0
2019-01-28,39.599998,39.950001,39.599998,39.950001,10371800.0
2019-01-29,39.900002,39.900002,38.700001,39.700001,11637500.0
2019-01-30,39.650002,39.650002,38.349998,39.099998,12153700.0
2019-01-31,39.099998,39.599998,38.099998,38.099998,11119400.0
2019-02-01,38.799999,39.5,38.650002,39.200001,10622000.0
2019-02-04,39.200001,39.5,38.5,38.5,2192400.0
2019-02-06,38.599998,39.599998,38.5,38.5,8189100.0
2019-02-07,38.700001,39.0,38.700001,38.700001,5054700.0
2019-02-08,38.650002,38.799999,38.549999,38.650002,7210300.0
2019-02-11,39.0,39.400002,38.950001,39.299999,5017300.0
2019-02-12,39.150002,39.400002,38.400002,38.900002,5287800.0
2019-02-13,39.0,39.0,37.799999,38.5,6896800.0
2019-02-14,38.849998,39.400002,38.700001,39.400002,4587600.0
2019-02-15,39.0,39.400002,38.950001,39.400002,4340400.0
2019-02-18,38.849998,39.200001,38.25,38.25,4504200.0
2019-02-19,38.349998,38.950001,37.599998,37.650002,10520500.0
2019-02-20,38.25,38.900002,37.950001,38.900002,8428400.0
2019-02-21,38.950001,38.950001,38.200001,38.5,7595600.0
2019-02-22,38.150002,39.099998,38.150002,39.099998,5361600.0
2019-02-26,39.5,39.5,38.849998,39.349998,6355800.0
2019-02-27,39.0,39.299999,38.450001,38.650002,6346400.0
2019-02-28,39.0,39.349998,38.0,38.349998,15471500.0
2019-03-01,38.049999,38.299999,37.5,37.950001,8648000.0
2019-03-04,37.799999,38.5,37.299999,38.5,7501600.0
2019-03-05,38.5,38.5,37.349998,37.349998,7699000.0
2019-03-06,37.450001,38.700001,37.450001,38.700001,4206300.0
2019-03-07,38.599998,38.650002,38.049999,38.650002,2670100.0
2019-03-08,38.549999,38.799999,38.099998,38.099998,2164300.0
2019-03-11,38.299999,38.349998,37.799999,38.0,5358200.0
2019-03-12,38.0,38.400002,36.700001,36.700001,11214000.0
2019-03-13,37.099998,37.75,37.0,37.650002,8928100.0
2019-03-14,37.099998,37.75,37.099998,37.099998,4177300.0
2019-03-15,37.0,38.400002,37.0,38.400002,18543000.0
2019-03-18,38.299999,39.150002,38.0,39.150002,5936600.0
2019-03-19,39.099998,39.450001,38.700001,39.0,9048300.0
2019-03-20,39.150002,39.400002,38.799999,39.400002,5588000.0
2019-03-21,39.400002,39.400002,39.099998,39.299999,6207300.0
2019-03-22,39.299999,39.799999,39.25,39.5,10501500.0
2019-03-25,39.0,39.450001,38.900002,39.450001,8022400.0
2019-03-26,39.450001,39.5,39.150002,39.5,4992500.0
2019-03-27,39.549999,39.700001,39.099998,39.549999,3216300.0
2019-03-28,39.599998,39.650002,39.400002,39.549999,4077400.0
2019-03-29,39.599998,39.950001,39.5,39.900002,10241600.0
2019-04-01,39.900002,39.900002,38.900002,39.049999,5393400.0
2019-04-02,39.349998,39.75,39.349998,39.400002,6327200.0
2019-04-03,39.349998,39.650002,39.200001,39.349998,4402800.0
2019-04-04,39.349998,39.599998,39.349998,39.5,3970300.0
2019-04-05,39.5,39.650002,38.950001,38.950001,2111700.0
2019-04-08,39.099998,39.799999,39.0,39.299999,4653400.0
2019-04-10,39.900002,40.099998,39.299999,39.950001,10922500.0
2019-04-11,39.549999,39.950001,39.549999,39.650002,3280700.0
2019-04-12,39.599998,39.650002,38.849998,39.0,6895000.0
2019-04-15,39.0,39.5,38.900002,38.950001,6793300.0
2019-04-16,39.0,39.900002,39.0,39.900002,4971400.0
2019-04-17,39.900002,39.900002,39.549999,39.599998,2935300.0
2019-04-22,39.900002,39.950001,39.099998,39.25,3434000.0
2019-04-23,39.25,39.950001,39.0,39.950001,4230800.0
2019-04-24,39.849998,40.0,39.200001,40.0,5467900.0
2019-04-25,40.0,40.799999,39.650002,40.799999,10315000.0
2019-04-26,40.900002,41.799999,40.549999,40.900002,6200600.0
2019-04-29,41.0,41.0,40.5,40.5,4584100.0
2019-04-30,40.5,41.700001,40.5,41.450001,8093000.0
2019-05-02,41.5,42.5,41.150002,41.799999,17330300.0
2019-05-03,41.799999,41.900002,40.900002,40.900002,4073000.0
2019-05-06,40.900002,40.900002,39.75,40.099998,6142900.0
2019-05-07,40.049999,40.299999,39.75,40.049999,4639400.0
2019-05-08,40.049999,40.049999,38.900002,39.5,10024600.0
2019-05-09,39.5,39.5,38.650002,38.650002,12593900.0
2019-05-10,38.599998,39.650002,38.5,38.5,11533800.0
2019-05-14,38.450001,38.5,37.049999,38.400002,16851100.0
2019-05-15,38.549999,38.849998,37.5,37.5,7148600.0
2019-05-16,37.549999,38.400002,37.5,37.950001,10943200.0
2019-05-17,38.0,39.25,38.0,39.099998,9628000.0
2019-05-20,39.099998,39.400002,38.25,39.400002,7410300.0
2019-05-21,39.400002,39.849998,38.799999,39.450001,5198800.0
2019-05-22,39.450001,39.950001,38.900002,39.349998,11113200.0
2019-05-23,39.349998,39.5,38.799999,39.400002,3749300.0
2019-05-24,39.299999,39.299999,38.75,38.799999,8233100.0
2019-05-27,38.650002,38.799999,38.150002,38.400002,9197800.0
2019-05-28,38.400002,39.299999,38.150002,39.25,22065800.0
2019-05-29,39.299999,39.950001,39.150002,39.200001,8876200.0
2019-05-30,38.900002,40.0,38.900002,39.0,12290300.0
2019-05-31,39.299999,39.799999,39.150002,39.799999,7313100.0
2019-06-03,39.599998,40.700001,39.299999,40.25,12859500.0
2019-06-04,40.200001,40.200001,39.0,39.0,5390000.0
2019-06-06,39.349998,39.349998,39.0,39.150002,8494100.0
2019-06-07,39.150002,39.5,38.950001,39.349998,2753100.0
2019-06-10,39.349998,39.700001,39.349998,39.700001,5488400.0
2019-06-11,39.549999,40.299999,39.25,39.25,5982000.0
2019-06-13,39.900002,39.900002,38.900002,39.049999,7888400.0
2019-06-14,39.099998,39.099998,38.400002,39.0,10061000.0
2019-06-17,39.200001,39.200001,38.299999,38.299999,4570100.0
2019-06-18,38.25,38.75,38.0,38.099998,6719300.0
2019-06-19,38.400002,38.75,38.200001,38.400002,10989700.0
2019-06-20,38.200001,38.5,38.200001,38.349998,8634300.0
2019-06-21,38.400002,38.799999,38.299999,38.299999,29575800.0
2019-06-24,38.599998,38.75,38.400002,38.450001,7021300.0
2019-06-25,38.5,38.900002,38.0,38.0,10669700.0
2019-06-26,38.049999,38.200001,37.75,37.799999,9262900.0
2019-06-27,37.799999,38.150002,37.799999,37.900002,20349200.0
2019-06-28,38.0,38.200001,37.099998,37.099998,21544000.0
2019-07-01,37.299999,38.0,37.299999,38.0,6111400.0
2019-07-02,38.0,38.400002,37.700001,38.0,12162200.0
2019-07-03,37.849998,38.299999,37.849998,38.049999,10875400.0
2019-07-04,38.049999,38.299999,37.900002,38.0,10628500.0
2019-07-05,38.0,38.400002,38.0,38.25,4983200.0
2019-07-08,38.25,38.299999,37.799999,37.799999,5707000.0
2019-07-09,37.849998,38.450001,37.849998,38.450001,2923400.0
2019-07-10,38.450001,38.650002,38.25,38.5,2926200.0
2019-07-11,38.599998,39.299999,38.5,39.200001,7399800.0
2019-07-12,39.200001,39.25,38.299999,38.299999,7380400.0
2019-07-15,38.349998,39.5,38.349998,39.5,11488600.0
2019-07-16,39.5,39.700001,39.200001,39.25,11258500.0
2019-07-17,39.25,39.25,38.650002,38.700001,4155900.0
2019-07-18,38.950001,38.950001,38.299999,38.299999,6807000.0
2019-07-19,38.75,38.849998,38.5,38.700001,6279000.0
2019-07-22,38.150002,38.5,37.75,37.900002,9283300.0
2019-07-23,38.099998,38.299999,37.799999,37.799999,5549500.0
2019-07-24,37.75,38.25,37.5,37.5,7293500.0
2019-07-25,37.5,37.950001,37.5,37.799999,4377800.0
2019-07-26,37.849998,38.049999,37.5,37.5,7252600.0
2019-07-29,37.549999,38.200001,37.5,38.200001,6651100.0
2019-07-30,38.200001,38.200001,37.5,37.5,19576000.0
2019-07-31,37.700001,37.700001,36.5,36.5,17479900.0
2019-08-01,36.5,38.0,36.5,38.0,6341800.0
2019-08-02,37.799999,37.799999,36.849998,37.599998,7433900.0
2019-08-05,37.599998,37.599998,36.0,36.0,8642400.0
2019-08-06,36.0,36.5,35.549999,35.900002,14550000.0
2019-08-07,36.049999,36.799999,36.049999,36.799999,15407400.0
2019-08-08,36.849998,36.950001,36.400002,36.5,9664000.0
2019-08-09,36.5,36.700001,35.5,35.5,5528400.0
2019-08-13,35.5,35.900002,34.450001,34.700001,20577300.0
2019-08-14,35.0,35.900002,35.0,35.5,14396300.0
2019-08-15,35.0,35.049999,34.0,34.5,21786000.0
2019-08-16,34.099998,35.25,34.099998,34.099998,27162300.0
2019-08-19,34.549999,35.0,34.349998,34.75,15769000.0
2019-08-20,34.75,35.700001,34.700001,35.700001,11271800.0
2019-08-22,35.849998,35.849998,34.650002,35.0,15420500.0
2019-08-23,34.700001,35.0,34.450001,34.799999,7672700.0
2019-08-27,34.849998,35.200001,34.5,34.650002,31035800.0
2019-08-28,34.650002,35.049999,34.450001,35.049999,7017100.0
2019-08-29,35.200001,35.5,35.0,35.0,9039700.0
2019-08-30,35.0,35.799999,35.0,35.299999,19065400.0
2019-09-02,35.299999,35.450001,34.900002,35.0,11214400.0
2019-09-03,35.0,35.0,34.099998,34.099998,18809000.0
2019-09-04,34.5,34.5,34.049999,34.150002,9033300.0
2019-09-05,34.549999,34.900002,34.049999,34.049999,9368400.0
2019-09-06,34.450001,34.849998,34.450001,34.549999,9973500.0
2019-09-09,35.0,35.0,34.5,35.0,4643200.0
2019-09-10,34.900002,34.900002,34.25,34.650002,8807500.0
2019-09-11,34.650002,34.650002,34.299999,34.5,18621300.0
2019-09-12,34.599998,34.799999,34.200001,34.200001,6126200.0
2019-09-13,34.299999,34.799999,34.299999,34.5,8859400.0
2019-09-16,34.349998,34.650002,34.099998,34.650002,7937900.0
2019-09-17,34.5,35.400002,34.099998,35.400002,11214500.0
2019-09-18,35.349998,35.349998,34.75,35.0,6705500.0
2019-09-19,35.099998,35.450001,34.849998,35.450001,4148800.0
2019-09-20,35.400002,35.450001,34.75,34.75,18972800.0
2019-09-23,34.75,35.5,34.700001,35.450001,26175400.0
2019-09-24,35.5,36.700001,35.5,36.700001,103907400.0
2019-09-25,36.599998,37.200001,35.950001,37.200001,9081800.0
2019-09-26,37.099998,37.349998,36.650002,37.099998,4757000.0
2019-09-27,37.200001,37.200001,36.25,36.5,4168500.0
2019-09-30,36.5,37.200001,36.099998,37.200001,8233100.0
2019-10-01,37.0,37.200001,36.450001,37.099998,5430500.0
2019-10-02,36.799999,36.950001,36.25,36.450001,6841700.0
2019-10-03,36.299999,36.299999,35.5,36.299999,6324500.0
2019-10-04,37.0,37.75,36.349998,37.75,6688400.0
2019-10-07,37.700001,37.950001,37.0,37.950001,5093700.0
2019-10-08,38.0,38.799999,37.849998,38.200001,21687800.0
2019-10-09,38.0,38.0,37.5,37.549999,5262700.0
2019-10-10,38.0,38.5,37.799999,38.5,6534700.0
2019-10-11,38.450001,38.900002,38.200001,38.799999,6410300.0
2019-10-14,38.799999,39.25,38.799999,39.200001,7940500.0
2019-10-15,39.0,39.099998,38.099998,38.099998,5289200.0
2019-10-16,38.099998,38.900002,38.0,38.650002,5829500.0
2019-10-17,38.549999,38.950001,38.299999,38.950001,6492300.0
2019-10-18,38.25,38.799999,38.25,38.75,3515300.0
2019-10-21,38.099998,38.5,38.0,38.049999,5439100.0
2019-10-22,38.0,38.75,38.0,38.5,7857700.0
2019-10-23,38.299999,38.75,38.049999,38.75,4032000.0
2019-10-24,38.75,39.0,38.049999,39.0,8098100.0
2019-10-25,38.950001,39.049999,38.5,38.849998,5776100.0
2019-10-28,38.799999,38.900002,38.0,38.099998,5533900.0
2019-10-29,38.099998,39.0,38.099998,39.0,4463700.0
2019-10-30,38.950001,39.049999,38.700001,39.049999,10102800.0
2019-10-31,39.0,39.150002,38.900002,39.0,13661100.0
2019-11-04,39.0,39.5,38.700001,39.5,10068900.0
2019-11-05,39.150002,40.599998,39.049999,40.599998,18480700.0
2019-11-06,40.599998,40.599998,38.799999,38.799999,7057700.0
2019-11-07,39.299999,40.099998,39.099998,40.0,8917300.0
2019-11-08,39.799999,40.0,39.150002,40.0,9048700.0
2019-11-11,39.400002,39.700001,39.049999,39.099998,6870900.0
2019-11-12,39.25,39.900002,39.150002,39.900002,4420300.0
2019-11-13,39.75,39.75,39.099998,39.150002,6301700.0
2019-11-14,39.200001,39.5,39.099998,39.299999,3530500.0
2019-11-15,39.5,39.900002,39.400002,39.900002,7417900.0
2019-11-18,39.700001,39.900002,39.099998,39.900002,4391300.0
2019-11-19,39.900002,39.900002,39.549999,39.799999,4950900.0
2019-11-20,39.700001,39.799999,39.25,39.799999,4505300.0
2019-11-21,39.700001,39.75,38.450001,39.0,11666600.0
2019-11-22,38.599998,39.700001,38.400002,39.450001,7147200.0
2019-11-25,38.849998,39.400002,38.599998,39.200001,6583200.0
2019-11-26,39.200001,39.799999,38.849998,38.900002,30312700.0
2019-11-27,38.900002,39.75,38.849998,39.75,6474500.0
2019-11-28,39.400002,40.0,39.099998,39.150002,4864400.0
2019-11-29,39.0,39.200001,38.849998,39.0,6758800.0
2019-12-02,39.0,40.0,38.900002,40.0,9924000.0
2019-12-03,39.299999,40.5,39.299999,40.5,4067300.0
2019-12-04,40.099998,40.299999,39.5,40.200001,10056300.0
2019-12-05,39.75,40.200001,39.75,40.0,7935600.0
2019-12-06,40.0,41.200001,39.849998,40.799999,11795900.0
2019-12-09,41.0,41.700001,40.799999,41.0,7602800.0
2019-12-10,40.799999,41.0,40.650002,40.900002,5173600.0
2019-12-11,40.900002,41.950001,40.200001,41.950001,6175400.0
2019-12-12,41.0,41.900002,40.599998,40.599998,6356800.0
2019-12-13,41.5,41.950001,41.299999,41.799999,7638500.0
2019-12-16,41.799999,41.900002,40.799999,40.799999,7439300.0
2019-12-17,40.900002,41.200001,40.5,40.5,10598500.0
2019-12-18,40.599998,40.700001,40.099998,40.650002,8795700.0
2019-12-19,40.799999,41.0,39.799999,40.650002,6101500.0
2019-12-20,40.400002,41.450001,38.849998,41.450001,29671700.0
2019-12-23,41.099998,41.950001,40.900002,41.950001,6651400.0
2019-12-26,42.0,42.0,41.099998,41.5,2556400.0
2019-12-27,41.5,42.099998,41.400002,42.099998,14600500.0
2020-01-02,42.0,42.25,41.0,42.25,8397900.0
2020-01-03,41.849998,43.349998,41.599998,42.799999,11589300.0
2020-01-06,42.700001,42.700001,41.950001,42.200001,5392600.0
2020-01-07,42.0,42.049999,41.599998,42.0,7377000.0
2020-01-08,41.599998,41.849998,41.450001,41.450001,8351000.0
2020-01-09,41.5,42.200001,41.450001,42.0,6251700.0
2020-01-10,42.0,42.400002,41.650002,42.0,16715800.0
2020-01-14,41.5,41.5,39.650002,41.049999,25675700.0
2020-01-15,40.900002,40.950001,40.5,40.700001,14451500.0
2020-01-16,40.650002,40.650002,40.049999,40.400002,10089200.0
2020-01-17,40.900002,41.900002,40.25,40.700001,6785100.0
2020-01-20,40.700001,40.700001,39.75,39.75,9864400.0
2020-01-21,40.450001,40.450001,39.5,40.0,11115700.0
2020-01-22,40.0,40.799999,40.0,40.200001,11421900.0
2020-01-23,40.099998,41.299999,40.0,40.700001,17025100.0
2020-01-24,41.150002,41.349998,40.799999,40.799999,7855400.0
2020-01-27,40.75,41.5,40.549999,41.0,1830900.0
2020-01-28,41.0,41.0,39.75,39.75,8836800.0
2020-01-29,39.700001,40.400002,39.700001,40.0,17716500.0
2020-01-30,40.0,40.700001,40.0,40.0,6861500.0
2020-01-31,40.0,40.349998,38.900002,38.900002,13787400.0
2020-02-03,39.0,39.049999,38.75,38.900002,14885000.0
2020-02-04,39.0,39.400002,38.549999,38.900002,14029600.0
2020-02-05,39.0,39.599998,38.650002,39.599998,17589000.0
2020-02-06,39.799999,41.950001,39.650002,41.950001,9637400.0
2020-02-07,41.049999,42.799999,40.700001,42.349998,13344100.0
2020-02-10,42.200001,42.349998,41.0,42.299999,32591800.0
2020-02-11,42.299999,43.0,41.5,42.700001,11615400.0
2020-02-12,42.450001,42.549999,42.049999,42.299999,26845400.0
2020-02-13,42.049999,42.25,41.299999,42.25,7860300.0
2020-02-14,42.049999,42.25,41.5,41.700001,28469100.0
2020-02-17,41.450001,41.700001,40.599998,41.700001,23900900.0
2020-02-18,41.599998,41.700001,40.75,41.700001,23553300.0
2020-02-19,41.099998,41.5,40.849998,41.099998,8956100.0
2020-02-20,41.099998,42.049999,41.049999,41.650002,9699100.0
2020-02-21,41.650002,41.75,41.0,41.299999,6633600.0
2020-02-24,40.5,40.5,40.0,40.099998,10441500.0
2020-02-26,39.599998,39.599998,38.150002,39.299999,22000600.0
2020-02-27,38.799999,39.349998,38.700001,39.049999,14296200.0
2020-02-28,38.349998,38.400002,38.0,38.299999,19564600.0
2020-03-02,38.099998,39.400002,38.0,38.700001,12293900.0
2020-03-03,39.450001,39.900002,39.0,39.0,10201000.0
2020-03-04,39.0,39.5,38.5,39.5,14554000.0
2020-03-05,39.5,39.5,39.200001,39.5,29866600.0
2020-03-06,38.650002,39.099998,38.5,38.549999,7856900.0
2020-03-09,38.5,38.5,36.099998,36.099998,10635500.0
2020-03-10,34.75,36.950001,34.75,35.5,28317700.0
2020-03-11,36.0,36.849998,34.799999,34.799999,10847900.0
2020-03-12,34.75,34.75,29.549999,30.9,26126700.0
2020-03-13,28.0,32.200001,27.0,30.0,32331700.0
2020-03-16,29.4,29.65,27.1,28.5,21905400.0
2020-03-19,25.0,27.5,19.9,27.0,38608100.0
2020-03-20,27.0,28.4,25.0,26.0,22492800.0
2020-03-23,23.5,25.0,23.4,24.700001,14121300.0
2020-03-24,25.4,26.85,25.1,25.5,20214300.0
2020-03-25,26.950001,27.85,26.0,27.0,17829700.0
2020-03-26,28.25,31.0,27.35,31.0,22578300.0
2020-03-27,31.1,32.450001,28.5,28.5,14406400.0
2020-03-30,28.0,28.0,26.1,27.35,13865200.0
2020-03-31,28.049999,28.700001,27.200001,28.4,23699100.0
2020-04-01,28.4,29.85,28.049999,28.299999,11654300.0
2020-04-02,27.9,29.6,27.5,29.6,9894400.0
2020-04-03,29.15,29.4,28.6,29.0,7305300.0
2020-04-06,29.049999,30.15,28.5,30.15,10310600.0
2020-04-07,31.0,31.6,30.200001,31.1,14784600.0
2020-04-08,30.5,31.0,29.15,29.200001,18388700.0
2020-04-13,29.4,30.1,28.6,30.1,8455700.0
2020-04-14,30.1,30.9,29.65,30.9,7110900.0
2020-04-15,30.9,31.950001,30.5,31.9,15335800.0
2020-04-16,30.35,31.0,29.549999,29.549999,19134500.0
2020-04-17,30.65,31.950001,30.299999,31.950001,13820200.0
2020-04-20,31.950001,31.950001,30.5,31.5,7963000.0
2020-04-21,30.950001,30.950001,30.0,30.0,12169600.0
2020-04-22,29.5,29.9,29.1,29.700001,8003400.0
2020-04-23,30.200001,30.450001,30.049999,30.25,8418700.0
2020-04-24,30.25,30.25,27.5,28.65,16089200.0
2020-04-27,28.950001,28.950001,27.6,28.799999,13845600.0
2020-04-28,28.799999,29.700001,28.700001,29.700001,6917500.0
2020-04-29,29.75,31.0,29.15,30.950001,6020100.0
2020-04-30,31.0,31.049999,30.049999,31.0,13148900.0
2020-05-04,29.25,30.4,28.75,30.4,8936700.0
2020-05-05,30.4,31.15,29.9,30.049999,6613900.0
2020-05-06,30.1,30.5,29.549999,30.0,6743400.0
2020-05-07,30.200001,31.299999,30.049999,30.9,10831000.0
2020-05-08,31.0,31.299999,30.5,31.0,9641700.0
2020-05-11,31.0,31.200001,30.549999,30.65,1642400.0
2020-05-12,30.4,30.65,29.6,29.6,17194300.0
2020-05-13,29.549999,30.0,28.4,28.549999,8265700.0
2020-05-14,28.549999,30.6,28.1,30.6,6949800.0
2020-05-15,30.049999,30.15,29.0,29.0,8206900.0
2020-05-18,29.5,29.85,28.5,29.799999,5762700.0
2020-05-19,29.700001,30.0,29.200001,29.5,4096400.0
2020-05-20,29.799999,29.9,29.299999,29.65,3831200.0
2020-05-21,29.4,29.5,28.75,28.950001,19547300.0
2020-05-22,29.0,29.25,28.549999,29.0,5793800.0
2020-05-26,29.0,29.5,28.75,29.5,4574400.0
2020-05-27,29.299999,29.799999,28.799999,29.799999,17783200.0
2020-05-28,29.799999,29.799999,29.15,29.5,10210900.0
2020-05-29,29.6,30.15,29.200001,30.15,27177200.0
2020-06-01,29.799999,31.75,29.5,31.75,12197000.0
2020-06-02,31.65,32.5,31.1,32.0,10086500.0
2020-06-03,32.400002,33.5,31.700001,33.5,9002700.0
2020-06-04,33.450001,34.299999,33.25,33.950001,20534200.0
2020-06-05,33.5,34.0,32.0,32.900002,13050700.0
2020-06-08,33.299999,34.200001,33.099998,33.400002,23062800.0
2020-06-09,33.400002,34.150002,33.099998,33.5,12442100.0
2020-06-10,33.549999,33.849998,31.9,33.0,12070700.0
2020-06-11,32.799999,33.25,31.9,33.25,24280900.0
2020-06-15,32.299999,32.75,30.65,30.65,10800600.0
2020-06-16,31.700001,31.950001,30.6,31.0,8352600.0
2020-06-17,31.450001,31.65,30.700001,31.0,14713800.0
2020-06-18,31.0,32.0,31.0,32.0,3223200.0
2020-06-19,31.9,32.950001,31.4,31.450001,29903900.0
2020-06-22,31.700001,32.200001,31.200001,32.200001,3773400.0
2020-06-23,31.950001,31.950001,31.6,31.700001,4542800.0
2020-06-24,31.5,31.85,31.0,31.0,5232800.0
2020-06-25,30.9,31.299999,30.450001,31.200001,25833900.0
2020-06-26,31.5,31.6,30.049999,31.6,13688600.0
2020-06-29,31.0,31.9,30.700001,31.9,4721500.0
2020-06-30,31.950001,32.049999,31.35,31.85,5735100.0
2020-07-01,31.85,32.5,31.299999,32.349998,6131700.0
2020-07-02,32.299999,33.700001,32.0,33.049999,8455200.0
2020-07-03,33.099998,33.400002,32.849998,33.400002,18372100.0
2020-07-06,33.400002,33.400002,32.650002,32.700001,7186400.0
2020-07-07,32.599998,32.75,31.5,31.5,7071200.0
2020-07-08,31.5,32.049999,31.200001,31.75,5139500.0
2020-07-09,31.75,31.85,30.5,30.5,5449300.0
2020-07-10,30.799999,32.0,30.049999,31.9,5031900.0
2020-07-13,31.75,31.75,31.1,31.200001,3076100.0
2020-07-14,31.200001,31.75,31.200001,31.6,3879600.0
2020-07-15,31.5,31.700001,31.15,31.700001,24563500.0
2020-07-16,31.75,32.700001,31.75,32.700001,2893100.0
2020-07-17,32.450001,32.450001,30.9,31.200001,9145900.0
2020-07-20,31.200001,31.9,30.799999,31.700001,4583900.0
2020-07-21,31.25,31.299999,30.75,31.0,11559900.0
2020-07-22,31.1,31.299999,30.9,30.9,24409300.0
2020-07-23,31.15,31.15,29.950001,30.5,9664200.0
2020-07-24,30.299999,30.5,30.049999,30.5,13693100.0
2020-07-27,30.5,30.700001,30.0,30.299999,5562300.0
2020-07-28,30.299999,31.200001,30.0,31.1,3365200.0
2020-07-29,31.0,31.049999,30.299999,30.5,4414200.0
2020-07-30,30.5,30.9,30.0,30.0,6437600.0
2020-08-03,29.5,29.5,28.200001,28.549999,19108000.0
2020-08-04,28.200001,29.1,28.200001,28.450001,14245400.0
2020-08-05,28.549999,29.299999,28.5,29.0,10324300.0
2020-08-06,29.15,29.450001,28.5,29.450001,4306000.0
2020-08-07,29.799999,29.799999,29.0,29.0,8339200.0
2020-08-10,29.200001,29.85,29.200001,29.700001,2388600.0
2020-08-11,29.799999,30.799999,29.799999,30.25,9425700.0
2020-08-12,30.799999,30.799999,29.85,30.0,9042800.0
2020-08-13,30.200001,31.0,30.049999,31.0,4687700.0
2020-08-14,30.6,31.0,30.1,31.0,22588800.0
2020-08-17,31.049999,31.4,30.200001,31.4,2630900.0
2020-08-18,31.4,32.0,31.0,32.0,7245500.0
2020-08-19,31.9,31.9,31.0,31.0,10127900.0
2020-08-20,31.1,31.15,30.0,31.0,4846200.0
2020-08-24,30.950001,31.1,30.0,30.0,11518300.0
2020-08-25,30.0,30.299999,29.5,30.049999,9789200.0
2020-08-26,29.75,30.049999,29.5,29.5,14253100.0
2020-08-27,29.5,29.950001,29.5,29.5,3828100.0
2020-08-28,29.5,29.799999,29.200001,29.200001,18218100.0
2020-09-01,29.9,29.950001,28.5,28.5,14026900.0
2020-09-02,28.9,28.950001,28.0,28.049999,20799100.0
2020-09-03,28.1,28.4,27.700001,27.950001,18089500.0
2020-09-04,28.15,28.200001,27.65,27.950001,9492400.0
2020-09-07,28.0,28.950001,28.0,28.85,6203500.0
2020-09-08,29.0,29.450001,28.950001,29.15,7838100.0
2020-09-09,29.299999,29.299999,28.299999,28.299999,11626500.0
2020-09-10,28.799999,28.85,28.25,28.25,9239400.0
2020-09-11,28.450001,28.799999,28.25,28.35,5775700.0
2020-09-14,28.450001,28.950001,28.299999,28.85,16759900.0
2020-09-15,28.950001,29.0,28.35,28.5,9837100.0
2020-09-16,28.549999,28.9,28.5,28.5,7855400.0
2020-09-17,28.5,28.65,28.0,28.5,8363600.0
2020-09-18,28.450001,28.6,28.049999,28.049999,20229300.0
2020-09-21,28.200001,29.0,28.15,29.0,5867900.0
2020-09-22,28.9,29.1,28.6,29.049999,3877800.0
2020-09-23,29.049999,29.1,28.799999,29.0,6782400.0
2020-09-24,28.85,28.950001,28.35,28.35,12733100.0
2020-09-25,28.75,29.0,28.4,28.5,4005700.0
2020-09-28,28.75,29.0,28.5,28.5,6858200.0
2020-09-29,28.85,28.85,28.450001,28.5,2015300.0
2020-09-30,28.549999,29.799999,28.5,29.4,24528300.0
2020-10-01,29.4,30.0,29.1,30.0,4492200.0
2020-10-02,29.950001,30.0,29.6,30.0,5839300.0
2020-10-05,30.299999,30.299999,29.5,29.5,3798500.0
2020-10-06,29.5,29.950001,28.9,29.6,3157900.0
2020-10-07,29.6,29.6,28.9,29.299999,7291000.0
2020-10-08,29.6,29.799999,28.75,29.75,3325100.0
2020-10-09,29.6,29.6,28.799999,29.1,7027100.0
2020-10-12,29.1,30.0,28.950001,30.0,4610800.0
2020-10-13,29.950001,30.15,29.5,29.950001,3518800.0
2020-10-14,29.9,29.950001,29.5,29.950001,5032300.0
2020-10-15,29.950001,30.25,29.65,30.25,5559200.0
2020-10-16,30.1,30.5,30.0,30.450001,6776800.0
2020-10-19,30.450001,31.4,30.450001,31.4,5537500.0
2020-10-20,31.200001,31.6,31.0,31.35,6970900.0
2020-10-21,31.5,32.799999,31.5,32.450001,11358900.0
2020-10-22,32.5,33.5,31.700001,33.5,12665400.0
2020-10-23,33.5,34.5,33.5,34.5,19261900.0
2020-10-26,34.450001,34.450001,33.700001,34.200001,5455400.0
2020-10-27,33.599998,33.849998,32.049999,33.5,7806000.0
2020-10-28,33.400002,33.400002,32.150002,32.5,8083800.0
2020-10-29,32.0,32.799999,31.6,32.799999,8708000.0
2020-10-30,32.700001,33.799999,32.5,33.700001,6005600.0
2020-11-03,32.049999,33.349998,31.65,33.0,10374600.0
2020-11-04,33.700001,33.849998,32.849998,33.849998,4506700.0
2020-11-05,33.849998,35.650002,33.799999,35.299999,9977800.0
2020-11-06,35.299999,35.299999,34.400002,34.75,11120600.0
2020-11-09,34.700001,35.849998,34.099998,35.849998,10681800.0
2020-11-10,36.099998,38.599998,36.099998,38.299999,24672800.0
2020-11-11,38.0,39.450001,37.299999,38.299999,24016300.0
2020-11-13,37.200001,38.75,37.0,38.75,10605800.0
2020-11-16,38.549999,38.650002,37.25,37.799999,12749900.0
2020-11-17,38.150002,38.400002,37.599998,38.400002,5286000.0
2020-11-18,38.400002,38.75,38.049999,38.5,12278200.0
2020-11-19,38.099998,38.5,37.599998,38.0,9494600.0
2020-11-20,38.0,39.5,38.0,39.5,6949200.0
2020-11-23,39.400002,40.5,38.549999,38.549999,10947700.0
2020-11-24,38.599998,39.450001,37.900002,38.5,12815800.0
2020-11-25,38.5,38.650002,37.25,37.299999,12321100.0
2020-11-26,37.200001,37.400002,36.099998,36.5,15411800.0
2020-11-27,36.200001,36.75,35.650002,36.0,64400700.0
2020-12-01,35.0,38.0,35.0,38.0,10176800.0
2020-12-02,37.900002,38.349998,37.099998,38.200001,9239800.0
2020-12-03,38.200001,39.0,37.349998,39.0,10784000.0
2020-12-04,38.75,38.849998,37.5,37.599998,10922800.0
2020-12-07,37.799999,38.700001,37.799999,38.700001,10097400.0
2020-12-09,38.599998,38.799999,37.900002,37.900002,6796300.0
2020-12-10,37.799999,38.75,37.799999,38.400002,5970700.0
2020-12-11,39.0,39.700001,38.799999,39.200001,12631500.0
2020-12-14,39.0,39.5,38.049999,38.049999,17303800.0
2020-12-15,38.25,38.599998,38.049999,38.150002,10614500.0
2020-12-16,38.049999,38.799999,37.549999,38.799999,8773800.0
2020-12-17,38.299999,38.450001,37.700001,37.849998,16650500.0
2020-12-18,37.849998,38.200001,37.599998,37.900002,36566700.0
2020-12-21,37.799999,38.349998,37.549999,38.099998,8128700.0
2020-12-22,38.200001,38.900002,37.299999,38.900002,12219400.0
2020-12-23,38.799999,38.799999,37.75,38.549999,6381700.0
2020-12-28,38.200001,38.900002,37.400002,38.599998,5404000.0
2020-12-29,38.549999,38.650002,38.299999,38.5,9207200.0
2021-01-04,38.5,40.400002,38.450001,39.25,12522700.0
2021-01-05,39.25,39.799999,39.150002,39.5,8630200.0
2021-01-06,39.5,39.5,37.650002,39.0,6698100.0
2021-01-07,39.349998,39.400002,38.5,39.099998,6987400.0
2021-01-08,39.0,40.400002,38.849998,40.400002,9232000.0
2021-01-11,40.400002,41.950001,40.0,40.0,11688800.0
2021-01-12,40.299999,41.0,39.200001,39.700001,9966300.0
2021-01-13,39.700001,40.549999,39.299999,39.299999,10437800.0
2021-01-14,39.299999,40.349998,39.299999,39.799999,6294900.0
2021-01-15,39.799999,40.5,39.400002,39.400002,6409400.0
2021-01-18,39.400002,39.5,39.0,39.200001,8206200.0
2021-01-19,39.200001,39.200001,39.0,39.0,4012200.0
2021-01-20,38.900002,39.200001,38.5,39.0,7415800.0
2021-01-21,39.0,39.0,38.400002,38.5,5868300.0
2021-01-22,38.5,38.5,37.25,37.599998,9068600.0
2021-01-25,37.700001,38.400002,37.700001,38.200001,5014900.0
2021-01-26,38.0,38.0,37.049999,37.700001,8049500.0
2021-01-27,37.650002,37.650002,36.799999,36.799999,12686900.0
2021-01-28,36.700001,37.5,36.200001,36.799999,6185300.0
2021-01-29,36.900002,36.900002,35.299999,35.299999,19797800.0
2021-02-01,35.299999,37.549999,35.299999,37.549999,10663700.0
2021-02-02,37.450001,37.549999,36.799999,37.0,9372200.0
2021-02-03,37.5,37.5,36.400002,37.200001,3742900.0
2021-02-04,36.549999,37.25,36.0,37.25,6022000.0
2021-02-05,37.0,38.349998,36.549999,38.349998,5785000.0
2021-02-08,38.700001,38.700001,37.450001,37.450001,5791700.0
2021-02-09,37.450001,38.0,37.450001,37.599998,6408200.0
2021-02-10,37.549999,38.400002,37.5,38.099998,8475700.0
2021-02-11,37.799999,38.099998,37.200001,37.200001,5755200.0
2021-02-15,37.299999,37.5,36.75,36.75,4015300.0
2021-02-16,37.0,38.0,36.900002,38.0,4986800.0
2021-02-17,37.400002,37.799999,37.049999,37.25,8884600.0
2021-02-18,37.0,37.049999,35.799999,35.799999,11064300.0
2021-02-19,36.0,36.150002,35.549999,35.75,15706700.0
2021-02-22,35.799999,36.25,35.75,35.75,5444200.0
2021-02-23,35.599998,35.849998,35.299999,35.5,10150700.0
2021-02-24,35.549999,35.799999,35.0,35.0,9081700.0
2021-02-26,35.200001,36.950001,34.599998,36.150002,12020100.0
2021-03-01,36.150002,36.700001,35.549999,36.049999,6325300.0
2021-03-02,36.150002,37.200001,35.950001,37.200001,5034500.0
2021-03-03,37.0,37.400002,36.5,37.0,5624100.0
2021-03-04,36.799999,36.950001,36.549999,36.950001,5556300.0
2021-03-05,36.950001,37.0,36.049999,37.0,7635500.0
2021-03-08,36.799999,36.799999,35.799999,35.900002,3951700.0
2021-03-09,35.75,36.0,35.349998,35.849998,5909700.0
2021-03-10,35.799999,36.799999,35.599998,35.799999,4766700.0
2021-03-11,36.200001,36.549999,35.700001,36.549999,3435600.0
2021-03-12,36.5,36.799999,36.0,36.400002,3421300.0
2021-03-15,36.049999,36.099998,35.349998,35.650002,10223400.0
2021-03-16,35.5,35.700001,35.349998,35.5,6297800.0
2021-03-17,35.599998,35.950001,35.0,35.0,6270500.0
2021-03-18,35.099998,36.400002,35.099998,36.299999,4412900.0
2021-03-19,36.200001,36.200001,34.25,34.25,12539800.0
2021-03-22,34.0,34.75,33.549999,33.950001,8616000.0
2021-03-23,34.099998,34.75,33.900002,34.75,5182900.0
2021-03-24,34.549999,35.299999,34.200001,35.299999,4149700.0
2021-03-25,35.349998,36.099998,35.349998,35.950001,4360000.0
2021-03-26,35.950001,36.299999,35.599998,36.0,8839700.0
2021-03-29,35.5,37.450001,35.200001,37.049999,6785900.0
2021-03-30,36.400002,37.0,35.450001,35.549999,5586800.0
2021-03-31,35.450001,35.75,35.0,35.0,7659700.0
2021-04-05,35.200001,35.700001,34.349998,34.5,4098000.0
2021-04-06,34.75,35.299999,34.700001,35.0,2848400.0
2021-04-07,35.0,36.900002,35.0,36.849998,4344100.0
2021-04-08,36.299999,36.349998,35.599998,35.599998,3411200.0
2021-04-12,36.0,36.0,34.599998,35.599998,9003600.0
2021-04-13,35.700001,35.799999,34.599998,35.0,3541500.0
2021-04-14,35.450001,35.700001,34.799999,35.700001,5608700.0
2021-04-15,35.599998,36.5,35.099998,36.5,6105400.0
2021-04-16,36.5,36.5,35.799999,35.849998,3839700.0
2021-04-19,35.700001,35.75,35.200001,35.5,4799600.0
2021-04-20,35.599998,36.25,35.25,36.25,7200400.0
2021-04-21,36.0,36.0,34.799999,34.799999,5159400.0
2021-04-22,35.299999,35.450001,34.849998,35.450001,4723900.0
2021-04-23,35.450001,35.5,34.849998,35.0,2800500.0
2021-04-26,35.049999,35.049999,34.049999,34.900002,8706300.0
2021-04-27,34.5,34.849998,34.349998,34.650002,2601900.0
2021-04-28,34.700001,35.400002,34.700001,35.400002,4802600.0
2021-04-29,34.950001,35.900002,34.950001,35.900002,3876000.0
2021-04-30,35.299999,35.5,34.450001,34.450001,8304800.0
2021-05-03,34.5,34.950001,34.299999,34.299999,2905400.0
2021-05-04,34.599998,34.599998,34.150002,34.200001,4032500.0
2021-05-05,34.200001,34.200001,33.5,33.650002,4749200.0
2021-05-06,33.700001,34.5,33.450001,34.5,6258300.0
2021-05-07,34.200001,34.349998,33.75,33.799999,2631800.0
2021-05-10,33.950001,34.349998,33.700001,33.700001,2721100.0
2021-05-11,33.599998,33.950001,33.25,33.950001,3212900.0
2021-05-12,33.900002,33.900002,32.5,32.5,32224500.0
2021-05-14,33.299999,33.299999,31.799999,33.0,26328400.0
2021-05-17,32.950001,33.900002,32.549999,33.900002,4645500.0
2021-05-18,33.200001,33.950001,33.049999,33.700001,4611600.0
2021-05-19,33.700001,33.900002,33.099998,33.75,2422500.0
2021-05-20,33.75,33.75,32.849998,32.849998,5699500.0
2021-05-21,32.849998,33.200001,32.25,33.200001,6238300.0
2021-05-24,32.599998,32.900002,32.450001,32.700001,3808700.0
2021-05-25,32.700001,32.849998,32.450001,32.549999,27928500.0
2021-05-26,32.900002,34.25,32.599998,33.900002,8317500.0
2021-05-27,33.900002,36.25,33.849998,36.25,25837200.0
2021-05-28,36.0,37.25,35.75,36.900002,15969400.0
2021-05-31,36.900002,36.950001,35.549999,36.0,3413600.0
2021-06-01,36.400002,36.900002,35.299999,36.599998,2974900.0
2021-06-02,36.5,40.049999,36.5,38.049999,28115400.0
2021-06-03,38.049999,38.049999,36.75,37.400002,3785700.0
2021-06-04,37.0,37.400002,36.0,37.0,25675400.0
2021-06-07,37.099998,37.099998,36.299999,36.650002,2651400.0
2021-06-08,36.650002,36.849998,36.400002,36.799999,3201300.0
2021-06-09,36.799999,37.700001,36.799999,37.599998,5771300.0
2021-06-10,37.799999,37.799999,37.200001,37.450001,12714600.0
2021-06-11,37.450001,37.650002,36.650002,37.0,4640900.0
2021-06-14,37.0,37.5,36.75,37.5,1672800.0
2021-06-15,37.0,38.0,36.700001,38.0,10427800.0
2021-06-16,37.700001,38.150002,37.349998,38.0,27216700.0
2021-06-17,37.799999,37.799999,36.849998,36.950001,7035700.0
2021-06-18,36.799999,36.849998,36.0,36.0,27151000.0
2021-06-21,36.0,36.900002,35.599998,36.549999,26961300.0
2021-06-22,36.5,37.400002,36.099998,36.650002,5828000.0
2021-06-23,36.75,37.400002,36.75,37.150002,3656200.0
2021-06-24,37.150002,37.650002,37.0,37.349998,2701800.0
2021-06-25,37.349998,37.799999,37.0,37.799999,3368000.0
2021-06-28,37.799999,37.849998,36.900002,37.700001,26162300.0
2021-06-29,37.700001,37.799999,37.049999,37.700001,3780000.0
2021-06-30,37.200001,37.400002,36.5,36.5,12196200.0
2021-07-01,36.900002,37.150002,36.700001,36.900002,4718800.0
2021-07-02,36.900002,37.0,36.5,37.0,24510800.0
2021-07-05,37.150002,37.299999,37.0,37.299999,2908700.0
2021-07-06,37.5,37.549999,36.599998,36.75,2397300.0
2021-07-07,36.799999,36.849998,36.450001,36.799999,2521900.0
2021-07-08,36.799999,37.0,36.599998,36.599998,2013900.0
2021-07-09,36.200001,36.5,35.25,36.0,33106200.0
2021-07-12,36.0,36.150002,35.799999,36.0,6399100.0
2021-07-13,35.849998,36.0,35.400002,35.450001,5319600.0
2021-07-14,35.450001,35.75,35.049999,35.049999,5333500.0
2021-07-15,35.299999,35.299999,34.599998,34.75,9252000.0
2021-07-16,35.150002,35.200001,34.099998,34.900002,7082600.0
2021-07-19,34.599998,34.599998,33.599998,33.950001,8635200.0
2021-07-21,34.299999,34.349998,33.5,33.5,5379500.0
2021-07-22,33.700001,34.700001,33.700001,34.0,3707500.0
2021-07-23,34.5,34.650002,33.150002,33.450001,4462500.0
2021-07-26,33.349998,33.450001,32.599998,32.599998,6786800.0
2021-07-27,32.599998,33.950001,32.200001,33.950001,5419400.0
2021-07-28,33.950001,33.950001,32.799999,33.400002,6731800.0
2021-07-29,33.099998,33.799999,32.799999,32.799999,9224300.0
2021-07-30,33.299999,33.299999,31.450001,31.450001,14518900.0
2021-08-02,31.5,32.400002,31.5,32.299999,6429000.0
2021-08-03,32.450001,33.799999,31.5,33.799999,8040300.0
2021-08-04,33.799999,34.450001,33.400002,34.049999,5395700.0
2021-08-05,34.049999,34.099998,32.599998,32.950001,6322500.0
2021-08-06,33.25,33.349998,32.650002,32.650002,3465300.0
2021-08-09,32.700001,33.900002,32.700001,33.900002,3302500.0
2021-08-10,33.900002,34.0,33.25,33.900002,5341600.0
2021-08-11,34.0,35.0,33.950001,35.0,12277400.0
2021-08-12,34.75,34.799999,33.200001,33.549999,5421900.0
2021-08-13,33.349998,34.849998,32.25,32.25,11078100.0
2021-08-16,33.150002,33.299999,32.849998,33.200001,5582300.0
2021-08-17,33.400002,34.099998,33.349998,33.950001,5018100.0
2021-08-18,34.0,34.900002,33.950001,34.900002,5386300.0
2021-08-19,34.849998,34.849998,34.099998,34.700001,3534700.0
2021-08-20,34.700001,34.700001,33.75,33.75,2548800.0
2021-08-23,34.25,34.25,33.150002,33.150002,4374500.0
2021-08-24,33.799999,33.799999,32.900002,33.450001,4125700.0
2021-08-25,33.5,34.799999,33.0,34.799999,5516700.0
2021-08-26,34.549999,34.549999,34.049999,34.5,5473800.0
2021-08-27,33.900002,34.299999,33.599998,34.0,5043700.0
2021-08-31,34.0,34.200001,32.5,34.0,18758100.0
2021-09-01,33.799999,34.200001,33.349998,33.400002,7616200.0
2021-09-02,33.700001,34.0,33.450001,33.799999,3453600.0
2021-09-03,34.200001,34.200001,33.549999,34.0,3211000.0
2021-09-06,34.0,34.150002,33.5,33.5,2967000.0
2021-09-07,34.099998,34.150002,33.650002,33.900002,3121400.0
2021-09-08,33.799999,34.200001,33.549999,33.950001,5003900.0
2021-09-09,33.849998,33.849998,33.5,33.700001,4693000.0
2021-09-10,33.599998,33.950001,33.450001,33.450001,11332100.0
2021-09-13,33.5,33.900002,33.450001,33.599998,3562700.0
2021-09-14,33.599998,34.0,33.5,33.5,4431200.0
2021-09-15,33.5,33.950001,32.549999,32.900002,6511500.0
2021-09-16,33.400002,33.849998,33.0,33.849998,6050300.0
2021-09-17,33.75,33.799999,32.799999,33.0,11887500.0
2021-09-20,33.049999,33.150002,32.549999,32.599998,3091000.0
2021-09-21,32.5,33.099998,32.450001,33.0,6397000.0
2021-09-22,33.150002,33.150002,32.5,32.5,6688100.0
2021-09-23,32.700001,33.099998,32.599998,32.599998,7302700.0
2021-09-24,32.799999,33.099998,32.799999,33.0,2701500.0
2021-09-27,33.0,33.099998,32.599998,32.599998,4124600.0
2021-09-28,32.849998,33.299999,32.5,33.299999,7515500.0
2021-09-29,33.099998,33.700001,32.700001,33.700001,7410900.0
2021-09-30,33.700001,33.700001,32.599998,32.75,14073300.0
2021-10-01,32.75,33.299999,32.549999,32.549999,5430900.0
2021-10-04,32.599998,33.0,32.549999,32.799999,3133100.0
2021-10-05,32.799999,33.099998,32.599998,32.799999,2883700.0
2021-10-06,32.799999,33.950001,32.799999,33.799999,6862300.0
2021-10-07,33.950001,34.0,33.400002,33.700001,4820500.0
2021-10-08,33.700001,34.25,33.25,33.25,12486000.0
2021-10-11,33.650002,35.200001,33.5,35.150002,6744600.0
2021-10-12,35.0,35.349998,34.599998,35.349998,7996000.0
2021-10-13,35.150002,35.799999,35.099998,35.799999,8702700.0
2021-10-14,35.950001,36.599998,35.900002,36.5,7031300.0
2021-10-15,36.299999,36.75,35.700001,36.5,5812800.0
2021-10-18,35.900002,36.799999,35.099998,36.599998,13055600.0
2021-10-19,36.599998,36.75,35.900002,36.0,3385600.0
2021-10-20,36.049999,36.200001,35.900002,36.200001,6220800.0
2021-10-21,36.200001,36.25,35.849998,36.200001,16363600.0
2021-10-22,36.200001,36.450001,35.849998,36.349998,6009400.0
2021-10-25,36.299999,36.299999,35.5,35.849998,11915100.0
2021-10-26,35.849998,35.849998,35.0,35.0,9677700.0
2021-10-27,35.0,35.450001,34.900002,35.200001,21114500.0
2021-10-28,35.200001,35.25,33.549999,33.700001,24623600.0
2021-10-29,33.799999,34.5,33.099998,33.099998,19175400.0
2021-11-02,33.299999,34.0,33.099998,33.5,8223300.0
2021-11-03,33.650002,34.75,33.650002,34.700001,7064000.0
2021-11-04,34.75,34.75,34.299999,34.549999,4778200.0
2021-11-05,34.799999,36.599998,34.049999,36.0,13962600.0
2021-11-08,36.049999,36.650002,35.5,36.299999,6020600.0
2021-11-09,36.200001,36.400002,35.599998,36.0,7466400.0
2021-11-10,36.0,36.5,35.599998,35.700001,7878900.0
2021-11-11,35.700001,35.700001,35.099998,35.400002,5946600.0
2021-11-12,35.400002,36.299999,35.299999,36.099998,6889800.0
2021-11-15,35.700001,36.5,35.5,36.099998,3578900.0
2021-11-16,36.099998,36.400002,35.599998,36.400002,21434200.0
2021-11-17,36.0,36.450001,35.849998,36.0,4969200.0
2021-11-18,35.900002,36.099998,35.5,36.0,4903800.0
2021-11-19,35.599998,36.0,35.200001,35.950001,5177900.0
2021-11-22,35.5,35.950001,34.599998,35.900002,7337400.0
2021-11-23,35.5,36.849998,35.450001,36.849998,7975400.0
2021-11-24,36.450001,37.5,35.900002,37.5,7934500.0
2021-11-25,36.599998,37.049999,36.150002,37.049999,8790000.0
2021-11-26,36.5,37.0,36.200001,36.599998,14082000.0
2021-11-29,35.799999,37.400002,34.150002,37.400002,41966200.0
2021-12-01,37.0,37.0,34.5,35.0,14292200.0
2021-12-02,34.950001,35.849998,34.599998,34.700001,9512800.0
2021-12-03,35.0,35.799999,35.0,35.799999,20784500.0
2021-12-06,35.700001,35.75,35.0,35.700001,2101300.0
2021-12-07,35.849998,36.099998,35.5,36.0,4785800.0
2021-12-09,36.049999,36.099998,35.5,36.0,8250200.0
2021-12-10,36.0,36.0,35.099998,35.150002,4020400.0
2021-12-13,35.200001,35.950001,35.0,35.599998,5304800.0
2021-12-14,36.0,36.049999,34.450001,35.5,5499200.0
2021-12-15,35.150002,35.25,34.049999,34.25,15208400.0
2021-12-16,34.200001,35.0,34.099998,35.0,22851300.0
2021-12-17,34.950001,35.799999,34.549999,35.799999,12514800.0
2021-12-20,35.450001,35.450001,34.599998,35.299999,3569900.0
2021-12-21,35.150002,35.5,35.0,35.0,5117100.0
2021-12-22,35.0,35.25,34.299999,34.950001,9833200.0
2021-12-23,34.950001,35.349998,34.5,35.349998,3416000.0
2021-12-24,35.299999,35.299999,34.5,34.549999,2196300.0
2021-12-27,34.799999,34.950001,34.400002,34.5,4539800.0
2021-12-28,34.5,35.099998,34.450001,34.599998,19556400.0
2021-12-29,34.900002,35.5,34.5,35.5,4312200.0
2021-12-31,34.950001,35.0,33.900002,33.900002,6543800.0
2022-01-03,33.900002,33.950001,33.5,33.5,4817400.0
2022-01-05,33.549999,34.349998,33.349998,34.349998,7134300.0
2022-01-06,33.849998,34.450001,33.450001,33.5,6561500.0
2022-01-07,33.5,33.799999,33.099998,33.099998,7227200.0
2022-01-10,33.099998,34.5,33.099998,34.400002,4921400.0
2022-01-11,33.799999,34.650002,33.549999,33.549999,5443800.0
2022-01-12,34.0,35.049999,33.799999,34.849998,6348400.0
2022-01-13,35.0,35.200001,34.450001,34.900002,5506600.0
2022-01-14,34.799999,34.900002,34.299999,34.299999,3570100.0
2022-01-17,34.5,34.549999,34.0,34.150002,3810500.0
2022-01-18,34.400002,34.849998,34.150002,34.849998,3906600.0
2022-01-19,34.5,34.599998,33.950001,34.349998,4845400.0
2022-01-20,34.450001,34.450001,33.650002,33.799999,3882900.0
2022-01-21,33.650002,34.700001,33.599998,34.700001,7521700.0
2022-01-24,34.150002,34.599998,34.150002,34.400002,8266300.0
2022-01-25,34.599998,35.099998,34.299999,35.049999,9167900.0
2022-01-26,35.049999,35.200001,34.299999,35.200001,6492700.0
2022-01-27,35.0,35.099998,34.549999,35.0,3372800.0
2022-01-28,35.0,35.0,34.200001,34.200001,6361900.0
2022-01-31,34.299999,35.5,34.299999,35.099998,8127000.0
2022-02-02,35.25,36.400002,35.25,36.200001,10282100.0
2022-02-03,36.0,36.400002,35.299999,35.299999,5302300.0
2022-02-04,35.599998,36.150002,35.200001,36.150002,6105100.0
2022-02-07,36.150002,36.299999,35.400002,35.599998,6169300.0
2022-02-08,35.599998,35.950001,35.5,35.5,4277800.0
2022-02-09,35.599998,36.549999,35.599998,36.25,6385500.0
2022-02-10,36.25,36.950001,36.099998,36.700001,9943500.0
2022-02-11,36.900002,37.799999,36.25,37.799999,30258100.0
2022-02-14,37.299999,38.0,36.75,38.0,9823700.0
2022-02-15,37.799999,37.799999,36.5,36.5,9528500.0
2022-02-16,36.900002,38.700001,36.900002,38.5,16987200.0
2022-02-17,38.5,38.75,37.900002,38.0,12154600.0
2022-02-18,38.0,38.700001,37.5,38.200001,9535900.0
2022-02-21,38.200001,39.900002,37.650002,39.900002,12883100.0
2022-02-22,39.5,39.849998,38.549999,39.849998,10361400.0
2022-02-23,39.450001,39.450001,38.700001,39.0,6693600.0
2022-02-24,39.0,39.400002,37.0,38.0,11416500.0
2022-02-28,37.349998,39.799999,37.349998,39.799999,30854700.0
2022-03-01,39.549999,39.549999,38.950001,39.400002,9810900.0
2022-03-02,39.25,39.25,37.900002,38.400002,6696800.0
2022-03-03,38.400002,39.700001,38.400002,39.25,15941000.0
2022-03-04,39.299999,39.299999,38.5,39.200001,3772600.0
2022-03-07,38.299999,39.5,37.599998,39.5,10209100.0
2022-03-08,38.5,39.650002,37.400002,37.400002,19672300.0
2022-03-09,36.75,38.349998,36.75,37.0,24710300.0
2022-03-10,37.849998,38.0,37.299999,37.5,11782600.0
2022-03-11,37.25,38.0,37.099998,38.0,9276900.0
2022-03-14,37.5,37.900002,36.900002,37.450001,17021300.0
2022-03-15,37.450001,39.0,36.549999,39.0,13971600.0
2022-03-16,38.700001,38.700001,37.5,37.950001,18645300.0
2022-03-17,37.900002,38.799999,37.849998,38.099998,13912500.0
2022-03-18,38.0,39.400002,38.0,38.650002,30992000.0
2022-03-21,38.599998,38.950001,38.200001,38.849998,8287900.0
2022-03-22,38.349998,39.049999,38.0,39.049999,5563000.0
2022-03-23,38.549999,38.900002,38.150002,38.900002,7640900.0
2022-03-24,38.75,38.75,37.349998,37.950001,11336100.0
2022-03-25,37.799999,38.25,37.5,37.700001,6312400.0
2022-03-28,37.599998,38.0,37.349998,37.5,5359600.0
2022-03-29,37.599998,37.950001,37.549999,37.950001,5487900.0
2022-03-30,37.599998,38.349998,37.299999,37.900002,9945500.0
2022-03-31,37.900002,38.150002,37.799999,37.849998,9635600.0
2022-04-01,37.650002,37.900002,37.099998,37.900002,8514800.0
2022-04-04,37.299999,38.200001,37.299999,38.150002,3164900.0
2022-04-05,38.0,38.049999,37.5,38.0,3036600.0
2022-04-06,37.849998,37.950001,37.549999,37.849998,2086500.0
2022-04-07,37.349998,37.799999,36.299999,36.299999,7016300.0
2022-04-08,36.599998,37.099998,36.599998,37.049999,2790800.0
2022-04-11,37.049999,37.549999,37.0,37.0,3680500.0
2022-04-12,37.0,37.0,36.0,36.0,7650700.0
2022-04-13,36.0,36.799999,36.0,36.799999,3508100.0
2022-04-18,36.849998,37.5,36.049999,37.150002,8197900.0
2022-04-19,37.200001,37.799999,37.0,37.25,4528600.0
2022-04-20,37.400002,38.200001,37.150002,38.200001,5820400.0
2022-04-21,38.200001,38.200001,36.849998,37.0,7247500.0
2022-04-22,37.200001,37.25,36.0,36.049999,6273000.0
2022-04-25,36.25,36.25,35.25,36.150002,7981000.0
2022-04-26,36.400002,36.650002,35.75,36.5,2837200.0
2022-04-27,35.599998,36.450001,35.25,36.0,6120800.0
2022-04-28,35.799999,36.349998,35.75,36.349998,6026200.0
2022-04-29,36.349998,36.349998,34.549999,35.0,15954400.0
2022-05-02,35.299999,35.400002,34.349998,35.0,4028100.0
2022-05-04,35.25,36.75,34.049999,36.75,10031400.0
2022-05-05,36.700001,37.25,36.049999,37.0,8535200.0
2022-05-06,36.799999,36.799999,35.200001,35.200001,6370100.0
2022-05-10,34.5,34.799999,34.0,34.5,20581200.0
2022-05-11,34.25,35.150002,34.099998,34.25,11851300.0
2022-05-12,34.200001,34.25,33.299999,33.549999,14921900.0
2022-05-13,34.0,35.950001,33.950001,35.099998,32114400.0
2022-05-16,36.0,36.700001,35.5,36.5,34284500.0
2022-05-17,36.5,37.150002,36.400002,36.799999,17371200.0
2022-05-18,37.25,37.650002,36.5,36.700001,13893700.0
2022-05-19,36.900002,36.950001,36.200001,36.25,14331000.0
2022-05-20,36.25,37.849998,36.25,37.799999,15958000.0
2022-05-23,37.799999,38.25,37.549999,37.950001,13567500.0
2022-05-24,38.200001,38.200001,36.5,37.700001,10573900.0
2022-05-25,38.0,38.0,36.799999,37.0,10593200.0
2022-05-26,37.0,37.0,36.450001,36.700001,14964900.0
2022-05-27,36.700001,37.799999,36.700001,37.799999,12529600.0
2022-05-30,38.0,38.849998,37.450001,38.0,16854500.0
2022-05-31,38.0,38.150002,36.900002,36.900002,132139000.0
2022-06-01,37.349998,37.349998,36.599998,37.049999,13873500.0
2022-06-02,37.099998,37.299999,36.799999,37.150002,7392200.0
2022-06-03,36.849998,38.049999,36.799999,37.900002,13272700.0
2022-06-06,38.349998,39.450001,38.349998,39.450001,28756400.0
2022-06-07,39.5,40.049999,39.099998,39.099998,15998800.0
2022-06-08,39.700001,39.700001,38.349998,38.349998,13908700.0
2022-06-09,39.099998,39.099998,37.299999,38.599998,13599300.0
2022-06-10,38.0,38.0,37.0,37.0,12677500.0
2022-06-13,37.0,37.549999,36.5,37.200001,16326700.0
2022-06-14,36.599998,37.5,36.599998,37.200001,16416900.0
2022-06-15,37.450001,38.299999,36.5,36.5,26719600.0
2022-06-16,36.799999,38.0,36.799999,37.900002,18890700.0
2022-06-17,36.900002,37.75,36.700001,37.75,150875400.0
2022-06-20,37.400002,37.700001,36.5,36.900002,4329000.0
2022-06-21,37.099998,37.200001,36.049999,36.450001,6631800.0
2022-06-22,36.200001,36.700001,35.099998,35.099998,8870700.0
2022-06-23,35.099998,35.599998,34.599998,35.0,10585200.0
2022-06-24,35.049999,36.400002,35.049999,36.349998,6205400.0
2022-06-27,36.349998,36.650002,35.549999,35.849998,3851700.0
2022-06-28,36.0,37.450001,35.75,37.299999,6435300.0
2022-06-29,37.650002,37.799999,36.099998,36.099998,7981900.0
2022-06-30,36.400002,37.0,35.299999,36.549999,9056000.0
2022-07-01,36.400002,36.75,35.900002,36.299999,1397700.0
2022-07-04,36.299999,36.5,35.799999,36.049999,6157800.0
2022-07-05,36.049999,37.5,36.049999,37.5,4766300.0
2022-07-06,37.5,38.049999,37.099998,37.75,7593900.0
2022-07-07,37.599998,37.700001,36.950001,37.25,5534400.0
2022-07-08,37.299999,38.799999,36.900002,36.900002,13805900.0
2022-07-11,37.0,37.450001,36.700001,37.450001,3962800.0
2022-07-12,37.0,37.900002,37.0,37.5,2695300.0
2022-07-13,37.200001,37.650002,36.5,36.900002,4123500.0
2022-07-14,36.599998,36.700001,35.549999,36.700001,7484600.0
2022-07-15,37.0,37.0,36.099998,37.0,6292900.0
2022-07-18,37.0,37.450001,36.049999,37.450001,4509500.0
2022-07-19,37.0,37.849998,37.0,37.849998,3430600.0
2022-07-20,37.799999,38.099998,36.75,36.75,8458900.0
2022-07-21,36.75,37.700001,35.900002,36.099998,8758300.0
2022-07-22,36.200001,36.700001,35.700001,36.0,7157800.0
2022-07-25,36.0,37.25,35.599998,37.25,3273700.0
2022-07-26,36.5,37.0,36.299999,36.849998,3523700.0
2022-07-27,36.5,36.599998,35.900002,36.150002,6331500.0
2022-07-28,36.950001,36.950001,35.950001,36.700001,10173600.0
2022-07-29,36.400002,36.599998,35.900002,36.599998,14340500.0
2022-08-01,36.599998,37.0,35.75,37.0,8577900.0
2022-08-02,36.900002,37.0,36.299999,37.0,6298300.0
2022-08-03,36.950001,37.049999,36.400002,37.0,4594100.0
2022-08-04,37.200001,37.5,36.75,37.5,6978200.0
2022-08-05,37.5,37.5,36.700001,36.700001,8246900.0
2022-08-08,36.799999,37.5,35.849998,36.599998,8579300.0
2022-08-09,36.599998,37.299999,36.349998,37.299999,4583800.0
2022-08-10,37.049999,37.650002,36.900002,37.650002,7166700.0
2022-08-11,37.700001,39.0,37.700001,39.0,18498700.0
2022-08-12,38.900002,38.900002,38.200001,38.450001,5274000.0
2022-08-15,38.599998,38.75,38.099998,38.099998,5714100.0
2022-08-16,38.0,38.400002,37.549999,38.150002,11616200.0
2022-08-17,38.150002,38.200001,37.75,38.0,3351600.0
2022-08-18,37.950001,38.200001,37.5,37.75,5394200.0
2022-08-19,37.549999,38.049999,37.549999,37.950001,6672200.0
2022-08-22,37.700001,37.700001,36.549999,36.549999,15434300.0
2022-08-23,36.599998,36.650002,36.099998,36.200001,17447800.0
2022-08-24,36.049999,36.900002,36.049999,36.5,3369400.0
2022-08-25,36.599998,37.0,36.349998,37.0,4717300.0
2022-08-26,37.0,37.25,36.700001,37.049999,8399200.0
2022-08-30,36.049999,36.950001,36.049999,36.900002,3993600.0
2022-08-31,36.5,37.849998,36.25,37.849998,24983500.0
2022-09-01,37.049999,37.450001,36.200001,36.450001,9063200.0
2022-09-02,36.5,36.75,36.400002,36.5,6652500.0
2022-09-05,36.400002,36.450001,35.650002,36.049999,9224600.0
2022-09-06,36.150002,36.349998,36.0,36.150002,5143200.0
2022-09-07,36.049999,36.599998,36.0,36.150002,6286400.0
2022-09-08,36.200001,37.400002,36.099998,37.400002,8012900.0
2022-09-09,36.549999,37.099998,36.400002,36.400002,5165800.0
2022-09-12,36.299999,36.599998,36.200001,36.450001,6998600.0
2022-09-13,36.799999,36.799999,36.299999,36.549999,5931300.0
2022-09-14,36.150002,36.400002,36.0,36.049999,11180400.0
2022-09-15,36.0,36.900002,36.0,36.5,12820700.0
2022-09-16,36.099998,36.75,35.75,35.75,92572500.0
2022-09-19,35.900002,36.150002,35.200001,35.200001,7251000.0
2022-09-20,35.5,35.799999,35.299999,35.599998,8144600.0
2022-09-21,35.150002,35.5,34.5,34.900002,9056000.0
2022-09-22,35.0,35.0,34.049999,34.200001,5810400.0
2022-09-23,34.049999,34.200001,33.75,34.049999,5900000.0
2022-09-27,33.5,34.0,32.099998,32.25,15663900.0
2022-09-28,32.400002,32.849998,31.6,32.099998,7726800.0
2022-09-29,32.599998,32.900002,31.75,31.9,9707200.0
2022-09-30,31.950001,31.950001,29.700001,30.1,21530700.0
2022-10-03,30.299999,30.950001,29.799999,30.6,6852000.0
2022-10-04,31.0,32.0,31.0,32.0,7178400.0
2022-10-05,32.0,32.450001,31.1,31.75,6753800.0
2022-10-06,31.700001,32.0,31.549999,31.549999,8632700.0
2022-10-07,31.549999,31.700001,30.85,31.450001,5073600.0
2022-10-10,31.35,31.35,30.9,31.15,3541300.0
2022-10-11,31.5,31.950001,30.9,31.0,5936900.0
2022-10-12,31.0,31.450001,30.9,31.200001,5100200.0
2022-10-13,31.200001,31.75,30.85,31.4,3901100.0
2022-10-14,31.75,32.200001,31.25,31.799999,21835500.0
2022-10-17,31.6,33.099998,31.0,33.0,8434200.0
2022-10-18,33.049999,34.049999,32.599998,34.0,12832300.0
2022-10-19,34.0,34.049999,33.0,33.700001,7466200.0
2022-10-20,33.599998,33.849998,33.25,33.700001,15455400.0
2022-10-21,33.700001,33.700001,32.0,32.0,8712000.0
2022-10-24,32.650002,32.950001,32.25,32.25,5951800.0
2022-10-25,32.25,32.849998,32.0,32.799999,5797500.0
2022-10-26,32.799999,32.950001,32.25,32.75,5055100.0
2022-10-27,32.5,33.200001,32.200001,32.450001,8917000.0
2022-10-28,32.400002,32.450001,31.5,31.5,13844500.0
2022-11-02,33.0,33.0,31.0,32.299999,9087100.0
2022-11-03,32.200001,32.299999,31.299999,32.299999,9396000.0
2022-11-04,32.0,32.299999,31.200001,32.299999,6606000.0
2022-11-07,32.299999,34.0,32.099998,34.0,7211800.0
2022-11-08,34.0,34.900002,33.599998,34.700001,4869000.0
2022-11-09,34.700001,34.700001,33.299999,33.299999,6506200.0
2022-11-10,33.400002,34.299999,33.299999,33.900002,12285100.0
2022-11-11,34.700001,35.5,34.700001,35.0,6595000.0
2022-11-14,35.099998,35.700001,35.049999,35.5,25002200.0
2022-11-15,35.0,35.5,34.799999,34.950001,11404500.0
2022-11-16,34.900002,34.900002,33.799999,34.799999,13932200.0
2022-11-17,34.5,34.599998,34.0,34.599998,3185000.0
2022-11-18,34.5,34.900002,34.0,34.0,7873300.0
2022-11-21,34.150002,34.25,33.549999,33.799999,5393500.0
2022-11-22,33.849998,35.0,33.849998,35.0,5766600.0
2022-11-23,35.0,35.849998,35.0,35.599998,10166600.0
2022-11-24,35.0,35.450001,34.950001,35.0,3653600.0
2022-11-25,34.950001,35.950001,34.599998,35.950001,6713000.0
2022-11-28,35.400002,35.75,35.099998,35.099998,4911900.0
2022-11-29,35.299999,36.400002,34.950001,36.400002,22925800.0
2022-12-01,37.0,37.0,35.200001,35.200001,11513300.0
2022-12-02,35.200001,35.299999,34.049999,34.049999,7677100.0
2022-12-05,34.049999,34.75,34.0,34.0,5861300.0
2022-12-06,34.0,36.400002,34.0,36.400002,4075100.0
2022-12-07,35.900002,36.0,34.549999,34.700001,7884200.0
2022-12-09,34.900002,35.049999,34.200001,34.700001,18731000.0
2022-12-12,34.900002,34.900002,34.25,34.700001,5244900.0
2022-12-13,34.700001,35.25,34.549999,35.200001,5878600.0
2022-12-14,35.450001,35.450001,34.599998,35.049999,6009600.0
2022-12-15,35.5,35.5,34.700001,34.700001,4242700.0
2022-12-16,34.450001,35.0,33.299999,33.299999,12892200.0
2022-12-19,33.700001,34.049999,33.200001,34.049999,5449900.0
2022-12-20,34.099998,34.200001,33.849998,34.200001,5881000.0
2022-12-21,34.25,35.200001,34.0,35.0,3553600.0
2022-12-22,34.799999,35.450001,34.799999,35.450001,1658100.0
2022-12-23,35.450001,35.5,34.900002,35.5,1435000.0
2022-12-27,35.450001,36.049999,35.200001,35.5,4627300.0
2022-12-28,35.5,35.950001,34.599998,34.900002,4107700.0
2022-12-29,34.900002,35.5,34.650002,35.5,37985700.0
2023-01-03,35.400002,36.0,35.049999,35.049999,3397000.0
2023-01-04,35.049999,37.0,35.049999,36.75,7624900.0
2023-01-05,36.75,36.75,36.349998,36.75,4232700.0
2023-01-06,36.5,36.849998,36.450001,36.75,3193800.0
2023-01-09,36.700001,37.549999,36.5,37.5,5675600.0
2023-01-10,37.599998,37.599998,36.849998,37.25,6064400.0
2023-01-11,37.25,37.5,36.25,36.25,3725600.0
2023-01-12,36.5,37.900002,36.5,37.900002,4631400.0
2023-01-13,37.799999,38.299999,37.700001,37.950001,5681000.0
2023-01-16,37.950001,38.900002,37.75,37.75,8271900.0
2023-01-17,38.25,38.299999,37.349998,38.299999,17180500.0
2023-01-18,38.299999,38.450001,37.849998,38.299999,5925500.0
2023-01-19,38.0,38.599998,38.0,38.299999,5215700.0
2023-01-20,38.049999,38.549999,38.049999,38.349998,5516600.0
2023-01-23,38.349998,38.349998,37.549999,38.0,2208700.0
2023-01-24,38.0,38.299999,37.5,37.5,4820000.0
2023-01-25,37.700001,37.900002,37.400002,37.799999,2680000.0
2023-01-26,37.799999,38.200001,37.5,37.799999,2996500.0
2023-01-27,37.799999,38.150002,37.5,37.599998,3883700.0
2023-01-30,37.599998,37.799999,37.150002,37.700001,6887000.0
2023-01-31,37.150002,37.599998,35.849998,36.900002,14603000.0
2023-02-01,36.349998,37.75,36.349998,37.75,8098200.0
2023-02-02,37.25,37.75,36.700001,36.900002,9734500.0
2023-02-03,37.150002,38.900002,36.599998,38.900002,21782400.0
2023-02-06,38.400002,38.400002,37.75,38.0,6473600.0
2023-02-07,38.0,38.150002,37.5,37.5,6851200.0
2023-02-08,37.5,38.349998,37.5,38.299999,4647700.0
2023-02-09,38.299999,38.299999,37.25,37.5,9469000.0
2023-02-10,37.849998,37.900002,37.200001,37.599998,2328600.0
2023-02-13,37.599998,38.0,37.099998,37.700001,5601100.0
2023-02-14,37.700001,37.900002,37.0,37.0,4985700.0
2023-02-15,36.950001,38.0,36.900002,38.0,6884500.0
2023-02-16,38.0,38.0,37.700001,37.849998,2864100.0
2023-02-17,37.150002,37.799999,37.0,37.0,7116700.0
2023-02-20,37.099998,37.150002,36.900002,36.900002,3198900.0
2023-02-21,36.900002,37.5,36.900002,37.450001,3316800.0
2023-02-22,37.400002,37.400002,36.549999,36.700001,6926700.0
2023-02-23,36.700001,36.700001,36.099998,36.349998,5574500.0
2023-02-27,36.200001,36.25,34.400002,35.099998,16337100.0
2023-02-28,35.450001,36.0,34.049999,34.049999,30153900.0
2023-03-01,34.700001,35.0,34.349998,34.799999,6266800.0
2023-03-02,35.0,36.099998,34.849998,35.5,8261100.0
2023-03-03,35.5,36.0,35.5,35.5,5367700.0
2023-03-06,35.5,36.349998,35.5,35.549999,4985200.0
2023-03-07,36.349998,36.5,36.0,36.400002,3071700.0
2023-03-08,36.299999,36.299999,35.400002,36.049999,4396400.0
2023-03-09,35.599998,35.799999,34.950001,34.950001,5118400.0
2023-03-10,34.75,35.700001,34.25,35.700001,15937500.0
2023-03-13,35.0,35.950001,34.950001,35.700001,7044100.0
2023-03-14,35.5,35.5,34.25,34.400002,10591400.0
2023-03-15,34.5,35.0,34.049999,34.049999,13295000.0
2023-03-16,34.049999,34.25,33.700001,34.0,9961000.0
2023-03-17,34.0,34.400002,33.950001,34.0,13307600.0
2023-03-20,34.0,34.099998,33.599998,34.0,4098500.0
2023-03-21,34.0,34.150002,33.900002,34.0,14575900.0
2023-03-22,34.099998,34.299999,33.849998,33.950001,7540600.0
2023-03-23,33.900002,34.0,33.450001,34.0,4779200.0
2023-03-24,34.0,34.049999,33.650002,34.0,8641300.0
2023-03-27,34.049999,34.200001,33.700001,33.950001,6682700.0
2023-03-28,34.0,34.349998,33.849998,33.849998,19358800.0
2023-03-29,33.849998,34.0,33.650002,34.0,5477200.0
2023-03-30,34.049999,34.049999,33.599998,33.650002,5940500.0
2023-03-31,33.599998,33.700001,32.799999,32.799999,12011500.0
2023-04-03,33.0,33.25,32.849998,32.950001,5088000.0
2023-04-04,32.950001,33.900002,32.849998,33.75,8053400.0
2023-04-05,33.849998,33.900002,33.5,33.5,4993400.0
2023-04-11,33.5,33.55,32.9,33.0,12416300.0
2023-04-12,32.95,33.25,32.1,32.85,9417700.0
2023-04-13,32.85,33.0,32.35,32.85,11226900.0
2023-04-14,32.849998,33.849998,32.599998,33.799999,7496500.0
2023-04-17,33.75,34.099998,33.099998,34.0,11461500.0
2023-04-18,33.950001,33.950001,33.099998,33.400002,4969300.0
2023-04-19,33.099998,33.400002,32.650002,33.0,4191100.0
2023-04-20,32.900002,33.5,32.799999,33.5,3966100.0
2023-04-24,33.5,33.950001,33.049999,33.950001,4952900.0
2023-04-25,33.599998,33.950001,33.450001,33.700001,5263100.0
2023-04-26,33.700001,33.799999,33.200001,33.599998,5948400.0
2023-04-27,33.650002,33.950001,33.349998,33.900002,6425400.0
2023-04-28,33.900002,34.0,33.700001,33.950001,10910700.0
2023-05-02,33.900002,34.099998,33.700001,33.950001,3697000.0
2023-05-03,33.950001,34.0,33.450001,33.450001,4163900.0
2023-05-04,33.450001,34.0,33.349998,34.0,6881600.0
2023-05-05,34.0,34.549999,33.900002,34.299999,14811000.0
2023-05-08,34.400002,34.650002,33.299999,33.299999,8173900.0
2023-05-09,33.700001,34.0,33.25,34.0,11950000.0
2023-05-10,34.0,34.099998,33.849998,34.0,10642500.0
2023-05-11,34.0,35.099998,33.900002,34.599998,15835600.0
2023-05-12,34.049999,34.25,33.349998,33.599998,23598000.0
2023-05-15,33.700001,33.849998,33.0,33.0,9001400.0
2023-05-16,33.400002,33.549999,33.150002,33.400002,6155300.0
2023-05-17,33.400002,34.150002,33.400002,34.0,6154600.0
2023-05-18,34.0,34.400002,33.75,33.799999,11708400.0
2023-05-19,33.900002,34.349998,33.849998,34.049999,16637300.0
2023-05-22,34.049999,34.150002,33.799999,34.0,14679900.0
2023-05-23,33.950001,34.75,33.950001,34.5,13730300.0
2023-05-24,34.400002,34.5,33.900002,34.0,7993500.0
2023-05-25,34.0,34.049999,33.849998,34.0,10033700.0
2023-05-26,34.0,34.099998,33.849998,34.0,7921700.0
2023-05-29,34.0,34.25,33.900002,34.25,7822500.0
2023-05-30,34.049999,34.200001,33.849998,33.849998,13027700.0
2023-05-31,34.099998,34.099998,32.700001,32.700001,139387200.0
2023-06-01,33.150002,33.150002,32.200001,32.5,13298800.0
2023-06-02,32.5,33.0,32.5,32.849998,8978400.0
2023-06-05,32.950001,33.200001,32.650002,32.900002,14469000.0
2023-06-06,32.900002,33.75,32.799999,33.5,9500500.0
2023-06-07,33.5,33.700001,33.049999,33.700001,10955000.0
2023-06-08,33.700001,33.700001,33.25,33.650002,8071800.0
2023-06-09,33.5,33.650002,32.799999,32.799999,10920800.0
2023-06-13,32.849998,33.049999,32.599998,32.799999,12751700.0
2023-06-14,32.799999,32.900002,32.200001,32.5,6492600.0
2023-06-15,32.650002,33.150002,32.150002,33.150002,19416400.0
2023-06-16,33.099998,34.0,32.799999,34.0,17484300.0
2023-06-19,33.5,33.5,32.849998,33.5,9700100.0
2023-06-20,33.099998,33.549999,33.099998,33.549999,5221700.0
2023-06-21,33.549999,33.549999,33.099998,33.5,6400100.0
2023-06-22,33.450001,33.450001,33.099998,33.099998,3391500.0
2023-06-23,33.099998,33.299999,32.900002,33.0,3584600.0
2023-06-26,33.0,34.0,32.950001,33.900002,6656500.0
2023-06-27,33.900002,33.900002,33.299999,33.299999,2867900.0
2023-06-29,33.450001,34.049999,33.299999,33.799999,17613600.0
2023-06-30,33.799999,33.799999,32.849998,32.849998,12598700.0
2023-07-03,32.849998,33.75,32.849998,33.700001,3549300.0
2023-07-04,33.75,33.75,33.299999,33.700001,1482100.0
2023-07-05,33.400002,33.650002,33.099998,33.650002,5534400.0
2023-07-06,33.650002,33.650002,32.700001,32.75,7389000.0
2023-07-07,32.950001,32.950001,31.9,31.9,8824700.0
2023-07-10,32.200001,32.25,31.9,31.9,3383200.0
2023-07-11,31.9,32.700001,31.85,32.349998,3664400.0
2023-07-12,32.400002,32.75,32.349998,32.75,13539800.0
2023-07-13,32.75,33.349998,32.75,33.099998,5244200.0
2023-07-14,33.0,33.299999,32.25,32.950001,7038400.0
2023-07-17,33.0,33.25,32.75,32.799999,1428700.0
2023-07-18,32.799999,33.200001,32.700001,33.0,3695000.0
2023-07-19,33.0,33.400002,32.950001,33.0,4458800.0
2023-07-20,33.0,33.599998,33.0,33.099998,5765400.0
2023-07-21,33.049999,33.849998,33.049999,33.299999,7967800.0
2023-07-24,33.299999,33.849998,33.299999,33.299999,2114700.0
2023-07-25,33.700001,33.799999,33.349998,33.5,5380100.0
2023-07-26,33.700001,33.700001,33.25,33.599998,4302700.0
2023-07-27,33.599998,34.0,33.299999,34.0,17234400.0
2023-07-28,33.950001,34.0,33.700001,33.849998,2091200.0
2023-07-31,33.900002,34.25,33.400002,33.400002,9264100.0
2023-08-01,33.450001,33.900002,33.25,33.25,6385800.0
2023-08-02,33.400002,33.400002,32.400002,32.5,9097300.0
2023-08-03,32.75,33.25,32.700001,33.049999,3559100.0
2023-08-04,33.25,34.0,32.900002,34.0,15126900.0
2023-08-07,33.25,33.549999,33.25,33.25,6169100.0
2023-08-08,33.349998,33.549999,32.700001,32.700001,5375000.0
2023-08-09,32.75,33.200001,32.75,32.799999,2669400.0
2023-08-10,32.700001,32.75,31.9,31.9,6980500.0
2023-08-11,32.0,32.25,31.049999,31.5,11915400.0
2023-08-14,31.5,31.6,29.85,30.15,14007000.0
2023-08-15,30.4,30.65,29.9,30.1,8725600.0
2023-08-16,30.299999,30.4,29.9,30.4,8433900.0
2023-08-17,30.299999,30.5,30.0,30.299999,18945400.0
2023-08-18,30.1,30.35,30.0,30.0,10138100.0
2023-08-22,30.65,31.1,30.25,30.6,11910000.0
2023-08-23,30.700001,30.9,30.1,30.1,7082100.0
2023-08-24,30.200001,30.85,30.200001,30.35,6607500.0
2023-08-25,30.35,30.35,29.6,29.6,12569200.0
2023-08-29,29.799999,30.35,29.65,30.299999,8164800.0
2023-08-30,30.049999,30.65,30.0,30.15,9800000.0
2023-08-31,30.200001,30.299999,29.200001,29.200001,25878100.0
2023-09-01,29.549999,30.1,29.4,29.9,12858800.0
2023-09-04,30.0,30.450001,29.9,30.450001,4435500.0
2023-09-05,30.35,30.35,29.75,29.75,5500600.0
2023-09-06,30.35,30.35,29.700001,29.799999,6315400.0
2023-09-07,29.700001,29.950001,29.549999,29.85,5215900.0
2023-09-08,30.0,30.25,29.700001,30.0,6211300.0
2023-09-11,29.9,30.25,29.85,30.15,6470600.0
2023-09-12,30.25,30.35,30.15,30.35,4643400.0
2023-09-13,30.35,30.35,29.700001,29.799999,8977100.0
2023-09-14,29.75,30.200001,29.65,30.200001,12089100.0
2023-09-15,30.15,30.299999,29.4,29.4,15853000.0
2023-09-18,29.549999,29.75,29.200001,29.25,8232700.0
2023-09-19,29.450001,29.450001,28.450001,28.700001,7323700.0
2023-09-20,28.6,29.0,27.700001,28.950001,15165700.0
2023-09-21,28.950001,30.0,28.700001,29.950001,8193800.0
2023-09-22,29.799999,30.35,29.6,30.200001,11522100.0
2023-09-25,30.25,30.299999,29.65,30.0,3897200.0
2023-09-26,30.25,30.700001,29.9,30.35,11474100.0
2023-09-27,30.5,31.0,30.25,31.0,14851500.0
2023-09-28,30.950001,31.4,30.4,31.0,6340800.0
2023-09-29,31.0,31.0,30.299999,30.299999,6156100.0
2023-10-02,30.4,30.450001,29.85,29.85,3227100.0
2023-10-03,30.200001,30.25,29.85,30.1,4287800.0
2023-10-04,30.049999,30.950001,30.049999,30.950001,4974500.0
2023-10-05,30.25,30.85,29.6,29.6,13448600.0
2023-10-06,29.9,30.700001,29.65,30.700001,8847600.0
2023-10-09,30.4,30.65,30.1,30.549999,4433000.0
2023-10-10,30.549999,31.4,30.5,31.0,6995200.0
2023-10-11,30.85,31.4,30.85,31.1,17010000.0
2023-10-12,31.299999,31.450001,30.65,31.200001,4733000.0
2023-10-13,31.200001,31.299999,31.0,31.0,4151000.0
2023-10-16,30.9,31.35,30.9,30.9,5360800.0
2023-10-17,31.0,31.85,31.0,31.85,6063900.0
2023-10-18,31.700001,31.950001,31.200001,31.200001,6126200.0
2023-10-19,31.299999,31.65,31.299999,31.4,3956800.0
2023-10-20,31.299999,31.299999,30.65,30.700001,6661400.0
2023-10-23,31.0,31.0,30.35,30.9,2012500.0
2023-10-24,30.9,30.9,30.200001,30.200001,2015000.0
2023-10-25,30.25,30.700001,30.1,30.200001,5518200.0
2023-10-26,30.200001,30.4,29.9,30.1,3916200.0
2023-10-27,30.0,30.4,29.9,30.0,4468700.0
2023-10-31,30.200001,30.4,29.549999,30.0,8378800.0
2023-11-03,30.200001,30.75,30.15,30.4,3104000.0
2023-11-06,30.6,31.049999,30.299999,31.0,5559500.0
2023-11-07,30.9,31.1,30.549999,31.049999,5186200.0
2023-11-08,31.1,31.35,30.5,30.9,6307100.0
2023-11-09,30.9,31.799999,30.65,31.799999,7321900.0
2023-11-10,31.700001,31.700001,31.1,31.4,3995200.0
2023-11-13,31.4,31.450001,30.9,30.9,2066900.0
2023-11-14,30.950001,31.0,30.65,30.950001,1291900.0
2023-11-15,30.950001,31.700001,30.799999,31.700001,7998300.0
2023-11-16,31.75,31.799999,31.35,31.65,3216800.0
2023-11-17,31.450001,31.950001,31.25,31.5,3453100.0
2023-11-20,31.65,31.75,31.35,31.700001,3192600.0
2023-11-21,31.65,31.85,31.200001,31.25,5339500.0
2023-11-22,31.35,31.549999,31.049999,31.5,1147000.0
2023-11-23,31.549999,32.200001,31.549999,31.950001,4626900.0
2023-11-24,31.950001,32.700001,31.75,32.5,6593200.0
2023-11-28,33.0,33.950001,33.0,33.950001,21453300.0
2023-11-29,33.900002,33.950001,32.5,32.5,14813900.0
2023-11-30,32.549999,32.700001,31.9,32.299999,17410500.0
2023-12-01,32.549999,33.099998,32.400002,33.0,4211400.0
2023-12-04,32.950001,33.5,32.599998,33.049999,2449700.0
2023-12-05,33.049999,33.349998,32.799999,33.349998,3757900.0
2023-12-06,33.400002,33.400002,32.950001,33.0,3471400.0
2023-12-07,33.0,33.200001,32.5,32.650002,4585500.0
2023-12-11,32.5,32.700001,32.200001,32.700001,5973900.0
2023-12-12,32.349998,33.200001,32.349998,33.200001,4140900.0
2023-12-13,32.799999,33.75,32.700001,32.799999,4444000.0
2023-12-14,33.049999,34.25,32.900002,34.150002,14546600.0
2023-12-15,34.150002,34.549999,33.099998,33.099998,42909200.0
2023-12-18,33.200001,33.599998,33.099998,33.599998,4775800.0
2023-12-19,33.599998,34.0,33.349998,33.900002,7130300.0
2023-12-20,33.849998,34.349998,33.400002,34.0,6954500.0
2023-12-21,33.400002,33.799999,32.849998,33.0,7964300.0
2023-12-22,33.049999,33.299999,32.950001,33.099998,4672100.0
2023-12-27,33.200001,33.400002,33.0,33.400002,5003200.0
2023-12-28,33.400002,33.599998,33.099998,33.599998,2726900.0
2023-12-29,33.5,33.700001,32.900002,32.900002,13102100.0
2024-01-02,32.950001,33.200001,32.25,32.299999,11373000.0
2024-01-03,32.299999,32.599998,32.099998,32.25,9558200.0
2024-01-04,32.349998,33.799999,32.099998,33.700001,10740800.0
2024-01-05,33.599998,33.599998,33.099998,33.099998,9268000.0
2024-01-08,33.400002,33.849998,33.25,33.5,6747500.0
2024-01-09,33.400002,34.150002,33.400002,33.5,9926100.0
2024-01-10,33.299999,33.75,33.150002,33.150002,5501900.0
2024-01-11,33.450001,34.0,33.349998,33.5,8877200.0
2024-01-12,33.5,33.950001,33.25,33.549999,4371900.0
2024-01-15,33.549999,34.099998,33.549999,33.75,4374900.0
2024-01-16,33.75,34.0,33.549999,33.75,14943200.0
2024-01-17,33.849998,33.849998,33.349998,33.349998,8284300.0
2024-01-18,33.75,33.75,32.599998,32.650002,4655200.0
2024-01-19,33.0,33.099998,32.700001,32.75,3624500.0
2024-01-22,33.0,33.200001,32.849998,33.0,6844500.0
2024-01-23,33.200001,33.599998,32.950001,33.049999,4359200.0
2024-01-24,33.150002,33.650002,33.150002,33.5,6838900.0
2024-01-25,33.650002,33.75,33.25,33.599998,3533400.0
2024-01-26,33.5,33.799999,33.25,33.700001,7420400.0
2024-01-29,33.75,33.75,33.5,33.700001,7373500.0
2024-01-30,33.700001,34.049999,33.650002,33.700001,6727500.0
2024-01-31,33.799999,34.799999,33.75,34.25,14840000.0
2024-02-01,34.049999,34.299999,33.599998,34.049999,6271600.0
2024-02-02,34.0,34.599998,33.599998,33.599998,9709000.0
2024-02-05,33.900002,34.700001,33.700001,33.900002,10660000.0
2024-02-06,34.0,34.400002,33.900002,34.0,6791300.0
2024-02-07,34.099998,35.049999,34.099998,34.799999,12621300.0
2024-02-08,34.799999,35.400002,34.650002,34.650002,12217300.0
2024-02-12,34.599998,35.0,34.0,34.0,5587800.0
2024-02-13,34.200001,34.400002,33.900002,34.0,8422100.0
2024-02-14,33.799999,34.400002,33.700001,34.200001,4294100.0
2024-02-15,34.299999,34.549999,34.0,34.0,4855400.0
2024-02-16,34.25,34.25,33.849998,34.0,3286500.0
2024-02-19,34.0,34.099998,33.049999,33.049999,8153400.0
2024-02-20,33.299999,33.299999,32.700001,32.900002,11817200.0
2024-02-21,33.0,33.799999,32.799999,33.799999,9020600.0
2024-02-22,33.799999,34.099998,33.150002,33.5,10431000.0
2024-02-23,33.5,34.0,33.200001,33.200001,10394200.0
2024-02-26,33.200001,33.650002,32.799999,32.799999,8842400.0
2024-02-27,32.849998,32.849998,32.0,32.299999,13100100.0
2024-02-28,32.299999,32.75,32.299999,32.5,6927200.0
2024-02-29,32.700001,32.849998,31.450001,31.6,38663000.0
2024-03-01,32.0,32.599998,32.0,32.450001,6302800.0
2024-03-04,32.450001,33.400002,32.200001,33.200001,8654000.0
2024-03-05,33.099998,33.549999,33.0,33.150002,9024100.0
2024-03-06,33.0,33.450001,32.700001,33.200001,8671300.0
2024-03-07,33.099998,33.150002,31.85,31.9,10873100.0
2024-03-08,32.200001,32.799999,31.65,32.799999,10944000.0
2024-03-11,32.599998,32.599998,31.6,31.6,14340500.0
2024-03-12,31.85,32.049999,31.549999,31.6,6299700.0
2024-03-13,31.700001,32.200001,31.65,32.049999,8418700.0
2024-03-14,32.049999,32.349998,31.85,32.349998,7562300.0
2024-03-15,32.25,32.25,31.200001,31.25,34249000.0
2024-03-18,31.5,31.799999,31.5,31.5,3865100.0
2024-03-19,31.65,32.349998,31.4,32.349998,6412700.0
2024-03-20,32.099998,32.799999,31.85,32.799999,8605300.0
2024-03-21,32.75,33.150002,32.200001,33.150002,12820800.0
2024-03-22,32.950001,32.950001,32.299999,32.599998,4609600.0
2024-03-25,32.599998,32.599998,32.049999,32.200001,1576100.0
2024-03-26,32.25,33.0,31.9,33.0,6858400.0
2024-03-27,32.900002,32.900002,32.299999,32.700001,2778400.0
2024-04-01,32.700001,33.150002,32.650002,33.0,7311600.0
2024-04-02,33.0,33.5,32.900002,33.150002,10620200.0
2024-04-03,33.0,33.0,31.799999,31.799999,9567800.0
2024-04-04,32.099998,32.099998,31.5,31.6,3868600.0
2024-04-05,31.5,31.549999,30.5,30.6,8029500.0
2024-04-08,30.65,31.700001,29.9,31.6,6570600.0
2024-04-11,31.5,31.65,30.35,30.4,8444300.0
2024-04-12,30.4,30.9,30.0,30.0,3874900.0
2024-04-15,30.0,30.0,29.299999,29.6,9133800.0
2024-04-16,29.6,29.9,29.15,29.299999,10104100.0
2024-04-17,29.299999,29.65,28.25,28.25,10980300.0
2024-04-18,28.65,29.5,28.049999,28.049999,16947600.0
2024-04-19,28.25,28.9,27.299999,27.299999,16456600.0
2024-04-22,27.9,28.200001,27.5,27.9,5114500.0
2024-04-23,28.0,28.65,28.0,28.200001,14854200.0
2024-04-24,28.65,29.1,28.5,28.6,5660000.0
2024-04-25,28.950001,29.299999,28.25,28.25,4617300.0
2024-04-26,28.200001,28.65,27.9,28.35,3847000.0
2024-04-29,28.700001,29.5,28.549999,28.799999,9127400.0
2024-04-30,28.950001,29.200001,27.950001,27.950001,13425600.0
2024-05-02,28.049999,28.200001,27.799999,27.950001,7638900.0
2024-05-03,28.15,28.15,27.25,27.4,9986800.0
2024-05-06,28.0,28.049999,27.35,27.35,7453300.0
2024-05-07,27.799999,27.799999,26.0,26.0,22532500.0
2024-05-08,26.700001,27.85,26.4,27.85,11336600.0
2024-05-09,27.85,28.6,26.799999,26.950001,11078600.0
2024-05-10,27.1,27.5,26.6,26.75,5278600.0
2024-05-13,26.799999,27.25,26.799999,26.799999,10887600.0
2024-05-14,26.799999,27.65,26.65,27.200001,9671200.0
2024-05-15,27.25,27.65,27.0,27.1,9742200.0
2024-05-16,27.700001,28.450001,27.450001,28.450001,9005500.0
2024-05-17,28.5,29.4,28.299999,29.200001,13308500.0
2024-05-20,29.200001,29.75,28.799999,29.200001,10139200.0
2024-05-21,29.200001,29.4,28.799999,29.0,10844900.0
2024-05-22,29.0,29.0,28.200001,28.200001,11686300.0
2024-05-23,28.299999,28.700001,28.299999,28.700001,5183500.0
2024-05-24,28.5,28.5,27.5,27.5,12384000.0
2024-05-27,28.0,28.0,27.1,27.200001,11300700.0
2024-05-28,27.299999,27.75,27.049999,27.049999,11982600.0
2024-05-29,27.200001,27.4,26.549999,26.549999,14899600.0
2024-05-30,26.65,27.1,26.049999,26.049999,19363000.0
2024-05-31,26.299999,26.950001,25.950001,26.950001,76270800.0
2024-06-03,27.0,27.35,26.85,27.35,3030300.0
2024-06-04,27.5,27.5,26.35,26.5,8180200.0
2024-06-05,26.950001,27.25,26.700001,26.9,5781000.0
2024-06-06,27.299999,27.5,26.9,27.1,5646200.0
2024-06-07,27.35,27.549999,26.9,27.549999,2920600.0
2024-06-10,27.549999,27.549999,27.049999,27.35,3889300.0
2024-06-11,27.299999,27.35,26.65,26.700001,6302900.0
2024-06-13,26.85,27.299999,26.799999,26.9,10026500.0
2024-06-14,27.0,27.15,26.6,27.15,4799200.0
2024-06-18,27.049999,27.1,26.9,27.0,4649400.0
2024-06-19,27.1,27.15,26.6,26.65,5580200.0
2024-06-20,26.65,26.799999,26.35,26.65,7413900.0
2024-06-21,26.799999,26.799999,25.700001,25.700001,17271200.0
2024-06-24,26.049999,27.0,26.0,27.0,12743000.0
2024-06-25,26.950001,27.25,26.700001,27.15,7021600.0
2024-06-26,27.299999,27.549999,27.1,27.15,22794600.0
2024-06-27,27.200001,27.799999,27.0,27.799999,8699000.0
2024-06-28,27.799999,28.299999,27.549999,28.299999,13034300.0
2024-07-01,27.85,28.4,27.65,28.0,15045300.0
2024-07-02,28.0,28.25,27.85,28.1,5671700.0
2024-07-03,28.1,28.5,27.950001,28.450001,5740700.0
2024-07-04,28.25,28.799999,28.200001,28.65,10632600.0
2024-07-05,28.65,28.85,28.549999,28.65,5934000.0
2024-07-08,28.65,28.9,28.35,28.5,8368700.0
2024-07-09,28.5,29.049999,28.25,28.799999,8971500.0
2024-07-10,28.799999,28.799999,28.35,28.4,6095200.0
2024-07-11,28.4,29.1,28.35,29.0,8265100.0
2024-07-12,29.0,29.35,28.799999,29.299999,7057900.0
2024-07-15,29.299999,30.0,29.299999,29.6,8430500.0
2024-07-16,29.65,30.200001,29.65,30.0,11201800.0
2024-07-17,30.0,30.299999,29.4,29.799999,6217100.0
2024-07-18,29.799999,29.950001,29.35,29.799999,8356300.0
2024-07-19,29.799999,30.6,29.799999,30.25,11953200.0
2024-07-22,30.25,31.25,30.15,30.65,13008300.0
2024-07-23,30.1,30.35,29.65,29.9,7245300.0
2024-07-25,29.799999,29.799999,29.0,29.0,8024700.0
2024-07-26,29.0,29.75,29.0,29.75,7069300.0
2024-07-29,29.75,30.85,29.4,29.4,7556800.0
2024-07-30,29.5,29.6,28.85,29.25,6745600.0
2024-07-31,29.25,29.85,28.799999,28.799999,6956100.0
2024-08-01,29.0,29.6,28.9,29.549999,3952400.0
2024-08-02,29.5,29.5,28.799999,29.200001,4165000.0
2024-08-05,28.6,28.799999,27.75,27.9,9812200.0
2024-08-06,28.35,28.700001,27.85,27.85,6075900.0
2024-08-07,28.299999,28.9,28.0,28.9,3652800.0
2024-08-08,28.450001,28.799999,28.35,28.6,5251300.0
2024-08-09,28.700001,29.5,28.35,29.5,5667500.0
2024-08-12,29.4,29.4,28.799999,29.0,10058400.0
2024-08-13,28.85,29.9,28.85,29.700001,5078300.0
2024-08-14,29.700001,30.299999,29.15,30.299999,9173700.0
2024-08-15,30.0,30.65,29.950001,30.0,12450700.0
2024-08-16,30.5,30.9,30.5,30.5,7344600.0
2024-08-19,30.65,31.200001,30.5,30.65,4898400.0
2024-08-20,30.65,30.950001,30.0,30.0,12432300.0
2024-08-21,30.15,30.35,29.75,29.75,7693800.0
2024-08-22,30.15,30.5,29.700001,29.700001,7578200.0
2024-08-27,29.85,31.1,29.85,31.0,12611200.0
2024-08-28,31.0,31.1,30.299999,30.299999,6329100.0
2024-08-29,30.299999,30.65,29.65,30.0,9357200.0
2024-08-30,30.200001,30.950001,30.0,30.950001,21037700.0
2024-09-02,30.950001,30.950001,30.450001,30.5,4697300.0
2024-09-03,30.5,30.6,30.15,30.15,5867300.0
2024-09-04,30.0,30.5,29.75,30.5,5424700.0
2024-09-05,30.4,30.4,29.75,29.75,5850800.0
2024-09-06,30.1,30.549999,29.85,30.1,6548800.0
2024-09-09,29.95,31.25,29.9,30.55,8671000.0
2024-09-10,30.85,32.2,30.85,31.75,11648500.0
2024-09-11,31.7,31.75,30.7,30.7,5691600.0
2024-09-12,31.1,31.25,30.7,31.1,5037300.0
2024-09-13,31.2,31.5,31.1,31.1,2510900.0
2024-09-16,31.25,31.8,31.1,31.8,2146200.0
2024-09-17,31.75,32.6,31.4,32.55,7035100.0
2024-09-18,32.2,32.65,32.1,32.4,7098200.0
2024-09-19,32.35,33.15,32.3,33.0,13889800.0
2024-09-20,33.0,33.45,32.2,32.2,22585700.0
2024-09-23,32.3,32.8,31.75,32.8,9755300.0
2024-09-24,32.85,33.3,32.65,32.8,8027300.0
2024-09-25,32.75,32.95,31.95,32.25,9274600.0
2024-09-26,32.4,32.85,32.25,32.85,4778800.0
2024-09-27,32.85,33.4,32.75,33.35,9181100.0
2024-09-30,33.35,33.35,32.15,32.3,15530200.0
2024-10-01,32.15,33.35,32.15,33.25,5678400.0
2024-10-02,33.0,33.1,32.65,32.95,2912400.0
2024-10-03,32.95,33.2,32.8,32.8,4747300.0
2024-10-04,32.9,32.9,32.45,32.45,5433600.0
2024-10-07,32.55,33.25,32.55,33.0,4935200.0
2024-10-08,32.95,32.95,32.4,32.4,23166600.0
2024-10-09,32.65,32.65,31.8,31.9,7105600.0
2024-10-10,32.05,32.3,32.05,32.25,2444900.0
2024-10-11,32.25,32.25,31.4,31.5,6891800.0
2024-10-14,31.85,32.15,31.4,31.4,4073500.0
2024-10-15,31.5,32.35,31.5,32.05,4720700.0
2024-10-16,32.3,32.3,31.7,31.7,3817800.0
2024-10-17,31.8,32.65,31.8,32.0,4543000.0
2024-10-18,32.05,32.45,31.9,32.1,3486500.0
2024-10-21,32.1,32.3,31.7,32.0,2387400.0
2024-10-22,32.0,32.3,31.8,31.85,4512100.0
2024-10-23,31.85,31.85,31.25,31.4,4716300.0
2024-10-24,31.4,31.4,30.95,30.95,4464300.0
2024-10-25,30.9,31.5,30.2,30.6,6032700.0
2024-10-28,30.7,31.0,30.25,30.9,3845000.0
2024-10-29,30.9,31.0,30.05,30.1,7504200.0
2024-10-30,30.05,30.5,29.8,30.05,7322800.0
2024-10-31,30.05,30.8,29.7,30.65,7994200.0
2024-11-04,30.0,30.05,29.1,29.6,10587000.0
2024-11-05,29.6,30.85,29.4,30.85,5362400.0
2024-11-06,30.7,30.7,29.3,29.8,13475100.0
2024-11-07,29.75,29.75,28.2,28.2,19333800.0
2024-11-08,28.4,28.9,28.1,28.6,12760900.0
2024-11-11,28.8,28.8,27.8,27.9,12521700.0
2024-11-12,28.0,28.7,27.1,27.1,14417700.0
2024-11-13,27.15,27.5,26.65,27.0,12647800.0
2024-11-14,27.4,27.4,26.1,26.1,15691400.0
2024-11-15,26.35,27.4,26.35,27.0,7963900.0
2024-11-18,27.45,28.0,27.25,28.0,8665000.0
2024-11-19,28.2,28.8,27.8,28.6,9586500.0
2024-11-20,28.6,29.2,27.85,29.2,5968500.0
2024-11-21,28.8,28.8,28.0,28.0,4528700.0
2024-11-22,28.4,28.45,27.5,27.5,5868600.0
2024-11-25,27.6,28.35,27.6,27.6,15812000.0
2024-11-26,27.95,28.2,27.45,27.45,6040100.0
2024-11-27,27.5,28.3,27.0,27.0,4196200.0
2024-11-28,27.2,27.4,26.5,26.5,7109700.0
2024-11-29,26.6,27.45,26.4,26.4,9539600.0
2024-12-02,26.8,27.2,26.6,26.6,6577700.0
2024-12-03,27.0,27.15,26.2,26.45,16278000.0
2024-12-04,26.6,26.85,26.1,26.1,13129200.0
2024-12-05,26.4,26.7,26.1,26.2,5410700.0
2024-12-06,26.25,26.7,25.95,26.7,7266800.0
2024-12-09,26.7,27.0,26.2,26.2,7770300.0
2024-12-10,26.5,26.85,26.1,26.75,13674800.0
2024-12-11,26.9,27.4,26.45,26.55,7040300.0
2024-12-12,26.5,26.85,26.1,26.1,10430300.0
2024-12-13,26.2,26.35,25.9,26.2,5005400.0
2024-12-16,26.45,26.5,26.05,26.2,3093100.0
2024-12-17,26.2,26.2,25.4,25.9,14224000.0
2024-12-18,25.95,26.0,25.1,25.1,11913200.0
2024-12-19,25.0,25.1,24.25,24.9,15273800.0
2024-12-20,25.0,25.45,24.5,24.8,11127200.0
2024-12-23,25.2,25.25,24.75,25.15,6891900.0
2024-12-26,25.35,25.6,25.0,25.3,3453200.0
2024-12-27,25.35,25.45,25.0,25.15,6480600.0
2025-01-02,25.15,25.45,24.7,25.0,6648200.0
2025-01-03,24.85,25.7,24.85,25.2,6617500.0
2025-01-06,25.5,25.75,25.05,25.15,4987200.0
2025-01-07,25.15,25.4,24.7,24.7,7717600.0
2025-01-08,24.8,24.8,24.1,24.1,8950500.0
2025-01-09,24.2,24.4,23.8,24.25,7904800.0
2025-01-10,24.25,24.5,24.1,24.1,4977000.0
2025-01-13,24.0,24.05,23.75,23.8,12599100.0
2025-01-14,23.9,24.3,23.7,23.8,9733600.0
2025-01-15,24.05,24.85,24.05,24.6,12036900.0
2025-01-16,24.8,25.6,24.15,24.15,13885600.0
2025-01-17,24.85,24.85,23.75,24.6,7789600.0
2025-01-20,24.2,24.95,24.05,24.1,8246000.0
2025-01-21,24.1,24.55,23.95,24.45,3262800.0
2025-01-22,24.55,25.0,24.45,24.45,5191100.0
2025-01-23,24.45,24.7,23.95,24.25,6144100.0
2025-01-24,24.3,24.45,23.85,23.85,5871700.0
2025-01-27,23.8,24.2,23.5,23.5,5702400.0
2025-01-28,23.55,24.05,23.5,23.5,3882800.0
2025-01-30,23.55,24.05,23.5,24.05,8829000.0
2025-01-31,24.05,24.2,22.85,23.15,33995400.0
2025-02-03,23.9,24.05,23.3,23.4,12626600.0
2025-02-04,23.8,24.4,23.8,24.25,7172600.0
2025-02-05,24.4,26.05,24.35,26.0,37630600.0
2025-02-06,25.9,25.9,24.9,25.65,6943900.0
2025-02-07,25.65,25.65,25.0,25.65,5427400.0
2025-02-10,25.65,25.65,24.5,24.6,7104400.0
2025-02-11,24.6,24.7,23.2,23.3,16334200.0
2025-02-12,23.5,23.75,23.05,23.4,7808900.0
2025-02-13,23.4,23.65,23.1,23.45,7283600.0
2025-02-14,23.45,23.65,23.0,23.0,6693300.0
2025-02-17,23.4,23.4,21.85,21.85,21296400.0
2025-02-18,21.95,23.05,21.95,22.85,17977500.0
2025-02-19,23.05,23.55,23.0,23.15,9600900.0
2025-02-20,23.15,23.4,22.75,23.05,7306200.0
2025-02-21,23.3,23.9,23.3,23.7,5533400.0
2025-02-24,23.7,23.7,22.9,23.4,5158900.0
2025-02-25,23.4,23.65,22.65,23.5,5470700.0
2025-02-26,23.5,24.4,23.15,24.4,11724400.0
2025-02-27,24.4,24.4,23.85,24.05,5909400.0
2025-02-28,24.0,24.0,22.3,22.3,18114900.0
2025-03-03,23.15,23.55,22.85,23.0,5275400.0
2025-03-04,23.35,23.55,22.8,22.8,5656000.0
2025-03-05,23.0,24.25,23.0,23.6,18612100.0
2025-03-06,24.1,24.75,23.8,24.3,7996200.0
2025-03-07,24.4,24.65,23.9,24.35,4820500.0
2025-03-10,24.35,25.3,24.35,25.0,7001900.0
2025-03-11,24.55,24.8,23.5,23.5,7863900.0
2025-03-12,23.5,23.95,23.0,23.95,10785500.0
2025-03-13,24.0,24.1,23.25,23.4,4089200.0
2025-03-14,23.85,24.25,23.35,23.8,6700600.0
2025-03-17,23.65,23.7,23.4,23.45,3478000.0
2025-03-18,23.55,24.1,23.5,23.8,4293200.0
2025-03-19,23.9,24.2,23.65,24.1,6016600.0
2025-03-20,24.15,24.5,24.1,24.4,4788000.0
2025-03-21,24.4,24.6,23.3,23.5,12058400.0
2025-03-24,23.6,23.6,22.75,23.15,6577300.0
2025-03-25,23.2,23.4,22.6,23.4,7584800.0
2025-03-26,23.0,23.35,22.25,22.5,10973800.0
2025-03-27,22.65,22.9,22.4,22.8,3631100.0
2025-03-28,22.95,23.0,22.6,22.8,7890400.0
2025-03-31,23.0,24.0,22.65,24.0,12734000.0
2025-04-02,23.65,23.75,23.25,23.65,11847200.0
2025-04-03,23.15,23.55,22.9,23.3,3685000.0
2025-04-04,22.85,23.15,22.65,22.95,4452400.0
2025-04-07,22.6,22.65,22.1,22.4,7200900.0
2025-04-08,22.4,22.6,22.2,22.5,9661500.0
2025-04-10,23.5,23.5,22.5,22.5,6774400.0
2025-04-11,22.55,22.65,22.0,22.5,10303900.0
2025-04-14,22.6,23.0,22.4,22.75,6435100.0
2025-04-15,22.45,22.85,22.25,22.65,11834100.0
2025-04-16,22.65,22.75,22.4,22.6,8782600.0
2025-04-21,22.35,22.35,21.85,21.9,13898200.0
2025-04-22,21.95,22.4,21.7,22.0,10289600.0
2025-04-23,22.3,22.6,22.1,22.35,11523800.0
2025-04-24,22.4,22.65,22.2,22.2,11026900.0
2025-04-25,22.25,23.15,22.25,22.8,14072200.0
2025-04-28,23.0,23.4,22.95,23.2,6640500.0
2025-04-29,23.3,23.3,22.7,22.9,7757300.0
2025-04-30,23.15,24.4,23.1,24.35,24495500.0
2025-05-02,24.3,24.75,24.15,24.2,9819200.0
2025-05-05,24.4,24.7,24.05,24.05,8900300.0
2025-05-06,24.25,24.45,24.1,24.2,10065000.0
2025-05-07,24.45,24.75,24.05,24.15,10776900.0
2025-05-08,24.15,24.4,23.55,23.55,10053700.0
2025-05-09,23.8,24.05,23.6,23.85,8548600.0
2025-05-13,23.85,24.6,23.5,24.2,10672600.0
2025-05-14,24.2,25.55,24.0,25.2,18079600.0
2025-05-15,25.0,25.0,24.0,24.1,13139100.0
2025-05-16,24.1,24.75,23.65,24.75,10338200.0
2025-05-19,24.7,24.7,23.9,24.1,7301200.0
2025-05-20,24.05,24.05,23.2,23.5,12683900.0
2025-05-21,23.55,23.55,22.9,23.05,12471700.0
2025-05-22,23.05,23.05,22.55,22.7,13458800.0
2025-05-23,23.1,23.6,22.9,23.5,8024200.0
2025-05-26,23.25,23.25,22.8,23.1,7646300.0
2025-05-27,23.15,23.7,22.9,23.0,9298500.0
2025-05-28,23.1,23.5,22.9,22.95,11074100.0
2025-05-29,23.05,23.35,22.75,22.9,8968300.0
2025-05-30,23.0,23.15,22.55,22.55,78131700.0
2025-06-02,22.9,23.05,22.55,22.95,7453000.0
2025-06-03,23.0,23.65,22.95,23.6,11011800.0
2025-06-04,23.4,23.5,22.95,22.95,10224800.0
2025-06-05,23.0,23.3,22.95,23.2,8640400.0
2025-06-09,23.2,23.35,22.8,22.95,6957100.0
2025-06-10,22.85,22.95,22.4,22.5,16701200.0
2025-06-11,22.55,23.05,22.5,22.75,9340000.0
2025-06-13,22.55,22.75,22.3,22.55,10846000.0
2025-06-16,22.5,22.65,22.2,22.4,4719200.0
2025-06-17,22.5,22.8,22.35,22.45,8240200.0
2025-06-18,22.5,22.6,22.35,22.4,7939800.0
2025-06-19,22.45,22.7,22.35,22.5,3564200.0
2025-06-20,22.5,22.6,22.2,22.2,25659600.0
2025-06-23,22.15,22.25,21.95,22.1,5595500.0
2025-06-24,22.35,22.65,21.85,21.85,20529200.0
2025-06-25,22.1,22.35,21.8,22.35,8559800.0
2025-06-26,22.2,22.6,22.2,22.45,14714300.0
2025-06-27,22.65,23.2,22.5,23.05,27166000.0
2025-06-30,23.4,23.7,23.2,23.45,34178000.0
2025-07-01,23.6,24.05,23.3,23.9,14966700.0
2025-07-02,24.0,24.05,23.65,23.8,7483900.0
2025-07-03,23.8,24.6,23.8,24.45,13841200.0
2025-07-04,24.45,24.45,23.4,23.55,10525000.0
2025-07-07,23.7,23.75,23.2,23.75,7631200.0
2025-07-08,23.75,23.75,23.3,23.55,5561200.0
2025-07-09,23.7,24.6,23.6,24.6,24190900.0
2025-07-10,24.6,25.1,24.15,25.05,19350400.0
2025-07-11,25.0,25.05,24.6,24.65,11444900.0
2025-07-14,24.6,25.25,24.55,25.25,14665600.0
2025-07-15,25.25,25.3,24.4,24.4,13771700.0
2025-07-16,23.9,23.95,23.4,23.5,33317600.0
2025-07-17,23.7,23.75,23.1,23.2,16176300.0
2025-07-18,23.35,23.5,23.0,23.15,6930400.0
2025-07-21,23.25,23.4,23.05,23.35,6277900.0
2025-07-22,23.45,23.45,23.1,23.3,4674700.0
2025-07-23,23.35,23.6,23.2,23.45,9629100.0
2025-07-24,23.5,23.6,23.35,23.5,9416300.0
2025-07-25,23.5,23.5,23.25,23.3,4521700.0
2025-07-28,23.35,23.4,22.75,23.0,7294300.0
2025-07-29,22.9,23.25,22.85,23.25,6493100.0
2025-07-30,23.2,23.4,23.0,23.2,6106000.0
2025-07-31,23.25,23.25,22.85,23.2,7540800.0
2025-08-01,23.15,23.3,22.8,23.3,9850400.0
2025-08-04,23.35,24.0,22.95,24.0,8068300.0
2025-08-05,24.1,24.45,23.9,24.4,8090100.0
2025-08-06,24.35,24.4,23.9,23.9,6837400.0
2025-08-07,23.9,23.9,23.35,23.65,4522600.0
2025-08-08,23.65,24.0,23.6,24.0,4436400.0
2025-08-11,23.95,23.95,23.1,23.1,6138800.0
2025-08-12,23.5,23.75,23.1,23.65,5414000.0
2025-08-13,23.65,24.0,23.2,23.8,10124200.0
2025-08-14,23.8,24.05,23.5,23.5,3437500.0
2025-08-15,23.5,23.85,23.3,23.75,4515500.0
2025-08-18,23.75,24.0,23.4,23.6,5770800.0
2025-08-19,23.6,24.0,23.3,23.6,7107900.0
2025-08-20,23.6,23.9,23.5,23.6,3089100.0
2025-08-22,23.85,23.85,23.5,23.75,4175700.0
2025-08-26,23.9,24.2,22.9,22.9,18144100.0
2025-08-27,23.1,24.0,22.85,23.95,9250500.0
2025-08-28,23.75,24.0,23.7,23.7,5475100.0
2025-08-29,23.55,23.65,23.05,23.1,12204600.0
2025-09-01,23.2,23.35,23.0,23.0,7349300.0
2025-09-02,23.0,23.15,22.45,23.0,8663100.0
2025-09-03,23.0,23.0,22.6,22.7,6783800.0
2025-09-04,22.7,23.3,22.65,23.0,7709800.0
2025-09-05,23.25,23.4,22.95,23.0,5444100.0
2025-09-08,23.15,23.4,22.9,23.4,4746300.0
2025-09-09,23.35,23.95,23.05,23.7,7779500.0
2025-09-10,23.65,24.05,23.5,24.0,7406400.0
2025-09-11,23.95,24.0,23.7,23.9,3637100.0
2025-09-12,24.0,24.0,23.7,23.9,4890500.0
2025-09-15,23.9,23.9,23.2,23.85,6892700.0
2025-09-16,23.85,23.85,23.35,23.5,4871900.0
2025-09-17,23.8,23.95,23.5,23.95,7395200.0
2025-09-18,23.95,24.15,23.75,24.1,8227000.0
2025-09-19,24.05,24.15,23.75,23.75,13650100.0
2025-09-22,23.85,24.15,23.65,23.85,2342900.0
2025-09-23,23.95,23.95,23.35,23.7,5157300.0
2025-09-24,23.7,23.7,23.1,23.35,5932400.0
2025-09-25,23.15,23.25,22.7,23.0,5543100.0
2025-09-26,23.2,23.2,22.6,22.6,4083500.0
2025-09-29,22.9,22.9,22.5,22.75,2532700.0
2025-09-30,22.7,22.8,22.25,22.45,10326400.0
2025-10-01,22.6,22.9,22.3,22.9,2942900.0
2025-10-02,22.85,22.85,22.35,22.4,8188100.0
2025-10-03,22.5,22.65,22.4,22.65,2015200.0
2025-10-06,22.65,22.65,22.35,22.35,6452300.0
2025-10-07,22.35,22.8,22.3,22.8,7897300.0
2025-10-08,22.85,22.9,22.55,22.8,2695200.0
2025-10-09,22.85,22.9,22.6,22.7,4999900.0
2025-10-10,22.85,22.85,22.55,22.8,2766700.0
2025-10-13,22.55,22.85,22.4,22.6,2572800.0
2025-10-14,22.8,23.2,22.65,23.0,6769600.0
2025-10-15,23.1,23.45,22.8,22.8,5045200.0
2025-10-16,22.8,23.0,22.65,22.8,2208400.0
2025-10-17,22.9,23.0,22.55,22.6,2446600.0
2025-10-20,22.6,23.25,22.5,23.1,3045400.0
2025-10-21,23.1,23.35,22.9,23.25,5315700.0
2025-10-22,23.25,23.3,22.6,22.95,2749800.0
2025-10-23,22.9,23.0,22.7,22.95,3509900.0
2025-10-24,22.95,22.95,22.6,22.9,2664800.0
2025-10-27,22.7,23.45,22.4,22.9,7149200.0
2025-10-28,22.85,23.15,22.75,22.9,5636500.0
2025-10-29,22.85,22.95,22.7,22.7,5147400.0
2025-10-30,22.65,22.75,22.3,22.4,5733600.0
2025-11-03,22.3,22.3,21.35,21.5,14145100.0
2025-11-04,21.75,22.75,21.65,22.3,8592800.0
2025-11-05,22.25,22.3,21.55,22.0,7904000.0
2025-11-06,22.0,22.05,21.7,21.8,9882300.0
2025-11-07,21.6,21.7,20.6,20.7,17004500.0
2025-11-10,20.6,20.8,20.05,20.4,12557900.0
2025-11-11,20.55,20.75,19.42,19.54,27991400.0
2025-11-12,19.4,19.84,19.24,19.46,8722600.0
2025-11-13,19.36,19.72,19.28,19.42,18215700.0
2025-11-14,19.32,19.72,18.84,19.0,10320700.0
2025-11-17,19.48,20.5,19.0,20.45,15863400.0
2025-11-18,20.55,21.55,19.9,21.4,16102900.0
2025-11-19,21.35,21.75,20.8,21.25,12913800.0
2025-11-20,21.25,22.65,20.65,22.5,15785000.0
2025-11-21,22.1,22.9,21.85,22.45,7208100.0
2025-11-24,22.3,22.7,21.65,22.3,30567500.0
2025-11-25,22.0,22.65,21.45,21.45,9637700.0
2025-11-26,21.5,22.45,21.4,22.45,16411100.0
2025-11-27,22.25,22.9,21.95,22.8,9684300.0
2025-11-28,22.8,23.3,22.3,23.0,12018800.0
2025-12-01,22.85,23.4,22.4,22.4,13534100.0
2025-12-02,22.65,22.75,22.35,22.4,4469500.0
2025-12-03,22.4,22.55,22.1,22.1,6522100.0
2025-12-04,22.1,22.5,21.7,22.15,14626500.0
2025-12-05,22.1,22.35,21.9,22.35,4707600.0
2025-12-09,22.35,22.8,21.95,22.8,8163000.0
2025-12-10,22.5,23.1,22.25,23.0,12849100.0
2025-12-11,22.9,22.9,22.1,22.1,10487300.0
2025-12-12,22.2,23.05,22.1,22.75,12090300.0
2025-12-15,22.75,23.5,22.75,23.4,10170400.0
2025-12-16,23.2,23.8,23.1,23.8,15267200.0
2025-12-17,23.8,23.8,23.1,23.1,4469400.0
2025-12-18,23.1,23.6,22.4,22.5,6562600.0
2025-12-19,22.6,23.6,22.2,22.2,8606700.0
2025-12-22,22.3,22.8,22.15,22.6,5776800.0
2025-12-23,22.75,23.15,22.25,23.0,9182700.0
2025-12-26,23.0,23.6,22.7,23.6,6191700.0
2025-12-29,23.6,23.6,22.75,22.75,6761300.0
2026-01-02,22.75,23.45,22.75,23.45,3341400.0
2026-01-05,23.4,23.5,23.15,23.3,7735800.0
2026-01-06,23.3,23.95,23.05,23.4,12728100.0
2026-01-07,23.4,23.4,23.1,23.1,8200100.0
2026-01-08,23.1,23.35,23.0,23.25,9231700.0
2026-01-09,23.25,23.35,23.05,23.15,7775600.0
2026-01-12,23.15,23.9,23.15,23.9,10289300.0
2026-01-13,23.8,23.9,23.45,23.55,9180500.0
2026-01-14,23.65,24.05,23.35,23.35,13677500.0
2026-01-15,23.5,24.1,23.2,24.0,13708600.0
2026-01-16,24.0,24.15,23.8,23.9,3954100.0
2026-01-19,23.9,24.0,23.5,23.7,4573200.0
2026-01-20,23.65,23.65,22.8,22.8,10130800.0
2026-01-21,22.8,23.0,22.55,22.6,10573300.0
2026-01-22,22.7,23.25,22.7,23.1,6079600.0
2026-01-23,23.1,23.1,22.65,22.8,7971200.0
2026-01-26,22.8,22.85,22.4,22.55,3833300.0
2026-01-27,22.45,23.25,22.45,22.45,14235700.0
2026-01-28,22.5,22.65,22.2,22.3,7646300.0
2026-01-29,22.4,22.4,21.2,21.2,15067700.0
2026-01-30,21.25,22.1,21.1,21.6,25238100.0
2026-02-02,21.7,21.85,21.1,21.1,7760000.0
2026-02-03,21.15,22.0,21.15,22.0,11020700.0
2026-02-04,21.95,21.95,21.25,21.25,7931100.0
2026-02-05,21.4,21.55,21.3,21.3,4761200.0
2026-02-06,21.4,21.6,21.2,21.3,5732800.0
2026-02-09,21.35,22.0,21.35,21.4,12146000.0
2026-02-10,21.5,21.7,21.45,21.5,5059200.0
2026-02-11,21.65,22.2,21.6,21.85,5167800.0
2026-02-12,21.9,21.95,21.25,21.3,8566800.0
2026-02-13,21.4,21.6,21.2,21.35,6918200.0
2026-02-16,21.45,21.5,21.2,21.3,2968000.0
2026-02-18,21.35,21.4,21.2,21.3,4820200.0
2026-02-19,21.5,21.5,21.0,21.0,11224700.0
2026-02-20,21.0,21.2,20.6,20.95,9169200.0
2026-02-23,21.0,21.8,21.0,21.4,5864200.0
2026-02-24,21.45,21.85,21.35,21.85,6279400.0
2026-02-25,21.9,21.9,21.45,21.5,7601000.0
2026-02-26,21.7,22.25,21.6,22.0,10117100.0
2026-02-27,22.0,22.1,21.35,21.5,18386800.0
2026-03-02,21.15,21.45,20.65,21.15,9215900.0
2026-03-03,21.2,21.4,20.95,21.05,6802200.0
2026-03-04,21.0,21.15,20.5,20.55,9717200.0
2026-03-05,20.6,21.35,20.6,20.9,4911300.0
2026-03-06,20.9,21.1,20.5,20.8,8319500.0
2026-03-09,20.45,20.45,19.5,19.6,13418200.0
2026-03-10,19.72,20.25,19.52,19.6,9179200.0
2026-03-11,19.74,20.0,19.58,19.6,6030800.0
2026-03-12,19.66,20.0,19.58,19.76,5620200.0
2026-03-13,19.88,19.88,19.6,19.64,5949500.0
2026-03-16,19.66,19.68,19.28,19.3,6809100.0
2026-03-17,19.32,19.72,19.06,19.18,8835700.0
2026-03-18,19.2,19.9,19.2,19.9,4175300.0
2026-03-19,19.78,19.78,19.3,19.5,15608900.0
2026-03-23,19.5,19.5,18.96,19.08,15480100.0
2026-03-24,19.14,19.5,19.14,19.2,4073500.0
2026-03-25,19.22,19.9,19.22,19.78,8444800.0
2026-03-26,19.8,19.8,19.32,19.32,4975200.0
2026-03-27,19.4,19.58,19.32,19.4,15693400.0
2026-03-30,19.38,19.54,18.98,19.54,11017900.0
2026-03-31,19.54,20.45,19.3,20.45,17049300.0
2026-04-01,20.45,20.55,20.05,20.2,10814600.0
2026-04-06,20.2,20.8,19.84,20.3,5213100.0
2026-04-07,20.3,20.3,19.84,19.92,11168700.0
2026-04-08,20.75,21.05,20.35,21.0,5523800.0
2026-04-10,21.0,21.0,20.4,20.4,9343200.0
2026-04-13,20.0,20.3,19.7,19.8,5249200.0
2026-04-14,19.84,20.3,19.74,20.0,4640800.0
2026-04-15,20.05,20.35,19.94,20.0,5194000.0
2026-04-16,20.0,20.2,19.78,20.2,4878200.0
2026-04-17,20.1,20.1,19.8,20.0,7367100.0
2026-04-20,19.94,20.0,19.8,20.0,13328500.0
2026-04-21,19.98,20.4,19.88,20.0,5424900.0
2026-04-22,20.25,20.3,19.9,20.0,1875200.0
2026-04-23,20.0,20.3,20.0,20.1,4047100.0
2026-04-24,20.1,20.4,19.92,19.98,9548700.0
2026-04-27,19.98,19.98,19.6,19.6,3746600.0
2026-04-28,19.7,19.7,19.34,19.4,6156900.0
2026-04-29,19.5,19.86,19.38,19.38,2864100.0
2026-04-30,19.38,19.5,19.0,19.0,9007300.0
2026-05-04,19.04,19.46,19.04,19.2,3429500.0
2026-05-05,19.18,19.4,19.1,19.2,2800400.0
2026-05-06,19.3,19.46,19.06,19.46,1524300.0
2026-05-07,19.46,19.66,19.22,19.26,3453300.0
2026-05-08,19.26,19.26,19.02,19.1,6494300.0
2026-05-11,19.2,19.56,19.16,19.54,3920000.0
2026-05-12,19.34,19.34,18.9,18.98,6381300.0
2026-05-13,18.98,19.08,18.9,18.9,5355500.0
2026-05-14,19.0,19.22,18.9,19.22,1176900.0
2026-05-15,19.24,19.24,18.92,18.98,4084900.0
2026-05-18,19.0,19.2,18.9,19.2,4703300.0
2026-05-19,19.0,19.1,18.9,19.0,4192600.0
2026-05-20,19.1,19.18,18.9,19.0,3698100.0
2026-05-21,19.02,19.12,18.92,18.98,4632600.0
2026-05-22,18.98,19.18,18.96,18.98,5437600.0
2026-05-25,19.12,19.3,19.08,19.14,1924900.0
2026-05-26,19.14,19.14,18.9,19.0,6741500.0
2026-05-28,19.18,19.2,18.94,19.0,5010200.0
2026-05-29,19.0,19.12,18.4,18.4,52993100.0
2026-06-01,18.6,18.76,18.3,18.42,12115800.0
2026-06-02,18.42,18.7,18.34,18.5,5133600.0
2026-06-03,18.54,18.66,18.4,18.4,7133000.0
2026-06-04,18.4,18.58,18.3,18.3,6429800.0
2026-06-05,18.3,18.4,18.12,18.12,8443300.0
2026-06-08,18.12,18.3,17.92,17.92,6747500.0
2026-06-09,18.0,18.12,17.74,17.8,10070700.0
2026-06-10,17.94,17.96,17.74,17.8,3546800.0
2026-06-11,17.8,17.84,17.48,17.6,4975000.0
2026-06-15,18.0,19.46,18.0,19.06,9622000.0
2026-06-16,19.3,19.7,19.0,19.46,9260100.0
2026-06-17,19.46,19.9,18.42,18.42,10019300.0
2026-06-18,18.5,18.7,18.2,18.52,5456600.0
2026-06-19,18.52,18.78,18.22,18.22,24251300.0
2026-06-22,18.28,18.6,18.02,18.5,3673100.0
2026-06-23,18.5,18.5,18.0,18.42,5713300.0
2026-06-24,18.42,18.54,18.24,18.36,8555800.0
2026-06-25,18.4,18.52,18.16,18.36,9824500.0
2026-06-26,18.42,18.52,18.22,18.52,5302100.0
2026-06-29,18.52,19.1,18.48,18.6,4529500.0
2026-06-30,18.6,18.78,18.04,18.1,10009200.0
2026-07-01,18.14,18.22,18.0,18.2,3884300.0
2026-07-02,18.14,18.54,18.08,18.2,3595200.0
2026-07-03,18.26,18.54,18.26,18.46,3777400.0
2026-07-06,18.46,18.8,18.44,18.7,2366900.0
2026-07-07,18.72,18.72,18.28,18.38,4920000.0
2026-07-08,18.4,18.54,18.26,18.42,3619200.0
2026-07-09,18.32,18.32,18.08,18.1,5226500.0
2026-07-10,18.12,18.52,18.12,18.24,5624000.0
2026-07-13,18.24,18.28,18.1,18.1,5809000.0
2026-07-14,18.12,18.12,17.92,18.0,6482100.0
2026-07-15,18.0,18.3,18.0,18.3,2532700.0
2026-07-16,18.3,18.6,18.24,18.5,3443600.0
2026-07-17,18.52,19.2,18.32,19.08,6646000.0
2026-07-20,19.0,19.0,18.24,18.24,7035500.0
2026-07-21,18.38,18.42,18.1,18.14,7996500.0
2026-07-22,18.16,18.24,18.14,18.18,4905800.0
2026-07-23,18.18,18.48,18.14,18.36,3268300.0
2026-07-24,18.34,18.34,18.1,18.2,3317400.0
2026-07-27,18.2,18.5,18.16,18.4,4401800.0
2026-07-28,18.4,18.5,18.2,18.2,3503900.0
2026-07-29,18.22,18.62,18.22,18.62,3593200.0
2026-07-30,18.58,18.7,18.3,18.66,2701100.0
2026-07-31,18.66,18.9,18.3,18.3,10485600.0
2026-08-03,18.38,18.66,18.38,18.56,2805200.0
2026-08-04,18.52,18.84,18.36,18.4,2979700.0
2026-08-05,18.4,18.44,18.24,18.3,5330300.0
2026-08-06,18.3,18.44,18.24,18.26,5175200.0
2026-08-07,18.26,18.26,18.08,18.2,6572200.0
2026-08-10,18.2,18.68,18.14,18.3,3648600.0
2026-08-11,18.48,19.18,18.28,19.1,17564700.0
2026-08-12,19.1,19.8,19.1,19.58,5425900.0
2026-08-13,18.62,18.8,18.16,18.2,21021400.0
2026-08-14,18.32,18.9,18.28,18.28,13761900.0
2026-08-17,18.3,18.38,18.16,18.18,12312000.0
2026-08-18,18.16,18.18,18.06,18.12,12492600.0
2026-08-19,18.12,18.34,17.88,18.3,8129300.0
2026-08-20,18.26,18.4,18.2,18.24,7859100.0
2026-08-24,18.4,18.4,18.12,18.16,4047400.0
2026-08-25,18.2,18.22,18.1,18.1,3275400.0
2026-08-26,18.1,18.28,18.04,18.1,2420500.0
2026-08-27,18.1,18.1,17.8,17.8,8568600.0
2026-08-28,17.82,17.9,17.76,17.84,16417100.0
2026-09-01,18.04,18.24,17.86,17.9,7387200.0
2026-09-02,17.92,18.2,17.92,18.1,2489700.0
2026-09-03,18.2,18.32,18.14,18.3,3937000.0
