Date,Open,High,Low,Close,Volume
2018-01-03,96.47756834,98.619531,96.3883199,98.17328878,2052472.74995737
2018-01-04,98.17328878,100.67224522,97.99479189,100.58299678,1789050.79149303
2018-01-05,100.58299678,101.832475,100.40449989,101.56472967,2485589.54300029
2018-01-08,101.65397811,101.74322656,101.29698433,101.56472967,1708590.00528578
2018-01-09,101.56472967,103.08195322,100.85074211,102.72495944,1597002.62611324
2018-01-10,102.635711,106.651891,102.45721411,106.651891,3646741.43485984
2018-01-11,106.47339411,106.47339411,102.72495944,104.77767366,2488603.6011384
2018-01-12,104.42067989,104.77767366,103.70669233,104.242183,1684522.3588893
2018-01-15,104.42067989,104.42067989,100.85074211,103.97443767,1506782.5661577
2018-01-16,103.97443767,105.58090966,102.90345633,102.90345633,1855505.73133361
2018-01-17,102.90345633,104.06368611,101.65397811,102.18946878,1480014.59258172
2018-01-18,91.03341323,102.635711,90.40867412,102.635711,8948828.24945793
2018-01-19,102.45721411,110.4895741,100.85074211,110.22182877,11139252.98378846
2018-01-22,106.91963633,110.31107721,106.91963633,110.13258033,4953823.04118301
2018-01-23,109.32934433,109.77558655,107.45512699,107.99061766,2789281.11093808
2018-01-24,107.72287233,107.72287233,104.77767366,105.40241277,3091740.16439561
2018-01-25,105.40241277,105.67015811,104.86692211,105.22391589,2589961.11012472
2018-01-26,105.22391589,105.31316433,104.50992833,105.13466744,1732556.80958843
2018-01-29,105.22391589,107.81212077,105.22391589,107.09813322,1132086.95947944
2018-01-30,107.00888477,107.09813322,105.13466744,107.09813322,1849578.45715123
2018-01-31,106.20564877,107.81212077,105.13466744,106.38414566,2509197.79763595
2018-02-01,106.38414566,108.8831021,106.38414566,107.00888477,752943.09599512
2018-02-02,107.00888477,107.09813322,105.93790344,107.09813322,997473.96888009
2018-02-05,105.13466744,108.70460522,102.81420789,108.70460522,1293389.49091511
2018-02-06,105.31316433,107.09813322,104.42067989,105.31316433,3375397.76969051
2018-02-07,107.09813322,107.09813322,106.29489722,106.651891,1913747.64286477
2018-02-08,106.20564877,107.09813322,105.31316433,106.11640033,1137599.66060936
2018-02-09,104.86692211,106.20564877,104.242183,105.22391589,1680432.65175023
2018-02-12,105.22391589,105.31316433,104.68842522,104.95617055,1561270.91086259
2018-02-13,105.22391589,107.09813322,104.77767366,107.09813322,3886129.36095898
2018-02-14,107.09813322,107.09813322,105.045419,106.20564877,2272017.19292421
2018-02-15,105.22391589,109.77558655,105.13466744,107.09813322,855790.82703485
2018-02-19,106.20564877,114.41650565,106.20564877,111.02506477,4384042.80163266
2018-02-20,111.02506477,111.02506477,109.59708966,110.31107721,1330958.77320906
2018-02-21,108.25836299,109.77558655,107.99061766,107.99061766,2055610.05954351
2018-02-22,107.54437544,107.54437544,106.651891,106.651891,1837376.56379659
2018-02-23,106.47339411,107.09813322,106.47339411,106.74113944,1317064.97361333
2018-02-26,106.74113944,108.8831021,106.651891,108.8831021,1384371.468913
2018-02-27,107.72287233,107.90136922,106.38414566,107.00888477,1809073.54945882
2018-02-28,106.20564877,115.13049321,105.31316433,107.00888477,3039033.36334855
2018-03-01,107.09813322,107.09813322,105.67015811,105.75940655,2297384.58186352
2018-03-02,105.40241277,105.75940655,105.31316433,105.49166122,3919989.89513504
2018-03-05,105.31316433,105.31316433,104.86692211,105.045419,1415105.89818002
2018-03-06,105.045419,105.31316433,104.95617055,105.045419,1680298.19562511
2018-03-07,105.31316433,105.40241277,105.045419,105.13466744,1672802.26664967
2018-03-08,105.13466744,105.75940655,104.59917678,105.13466744,2166401.90664242
2018-03-09,105.13466744,105.31316433,104.68842522,104.86692211,1432080.98397643
2018-03-12,104.242183,106.29489722,104.242183,106.20564877,1297736.90562732
2018-03-13,107.09813322,107.09813322,105.31316433,105.93790344,1079861.95954739
2018-03-14,105.58090966,105.58090966,102.45721411,102.81420789,3928740.74794493
2018-03-15,102.81420789,102.81420789,98.17328878,102.36796567,3755550.05411323
2018-03-16,102.72495944,102.72495944,101.832475,102.36796567,4704922.34423163
2018-03-19,102.10022033,102.635711,101.29698433,102.635711,1109565.55852183
2018-03-20,102.54646256,102.54646256,100.40449989,101.029239,1573159.07325862
2018-03-21,101.029239,101.029239,97.28080434,97.45930123,2126367.59538793
2018-03-22,97.45930123,100.85074211,97.28080434,99.95825767,4332131.53265923
2018-03-23,99.33351856,99.51201545,97.28080434,97.37005278,2714097.72764179
2018-03-26,96.83456212,97.54854967,96.83456212,97.54854967,755161.6220596
2018-03-27,97.28080434,102.635711,97.28080434,102.635711,1939215.87389793
2018-03-28,100.93999056,104.42067989,100.93999056,104.42067989,1497639.54964954
2018-04-02,102.635711,102.99270478,97.99479189,102.635711,2564313.60425807
2018-04-03,101.13439752,102.32745303,99.75779502,99.75779502,1201425.24182476
2018-04-04,100.95085052,100.95085052,98.65651301,98.65651301,1890752.76745366
2018-04-05,97.738778,99.29892751,97.738778,99.11538051,1911804.59603188
2018-04-06,99.11538051,100.49198302,97.188137,99.20715401,936958.92121303
2018-04-10,99.57424801,99.57424801,96.1786285,96.3621755,2585833.58784929
2018-04-11,96.3621755,96.3621755,94.89379949,95.26089349,1517366.11637204
2018-04-12,96.5457225,100.03311552,95.44444049,100.03311552,1784142.47200374
2018-04-13,99.84956852,99.84956852,97.2799105,98.47296601,1673053.75960472
2018-04-16,97.2799105,98.19764551,97.2799105,97.4634575,473993.03475795
2018-04-17,95.71976099,96.086855,93.88429098,94.52670549,1788740.74926047
2018-04-18,93.60897048,96.7292695,93.60897048,95.44444049,722180.14631385
2018-04-19,93.24187648,100.03311552,91.77350047,100.03311552,3308253.45477842
2018-04-20,96.3621755,98.19764551,96.3621755,97.2799105,565348.38196279
2018-04-23,97.2799105,99.11538051,96.3621755,99.11538051,890224.29762505
2018-04-24,98.84006001,99.84956852,95.53621399,95.53621399,953031.09882838
2018-04-25,97.188137,98.10587201,93.70074398,96.3621755,1143369.26736061
2018-04-26,94.80202599,96.3621755,94.80202599,96.3621755,603474.8561839
2018-04-27,96.270402,96.7292695,94.52670549,94.52670549,1734324.16959193
2018-04-30,94.52670549,96.3621755,94.52670549,96.3621755,2001972.23655192
2018-05-02,95.9950815,96.270402,92.96655598,93.60897048,1411180.78019465
2018-05-03,94.06783799,94.06783799,91.03930972,91.72761097,1662876.52984693
2018-05-04,91.08519922,91.08519922,88.01078879,90.25923588,978659.41188012
2018-05-07,90.85576547,90.85576547,89.11206712,89.57093463,1299972.20748799
2018-05-08,89.57093463,89.93803046,89.02029546,89.34150088,1602728.44819488
2018-05-09,89.15795755,89.15795755,86.72595795,88.10256045,1790854.64923157
2018-05-10,87.8272372,88.65319962,87.18482545,87.91901621,2558614.40162342
2018-05-11,89.47916296,90.16746422,88.10256045,89.93803046,3724016.17280657
2018-05-15,89.93803046,91.03930972,89.8462588,90.7639938,2160852.52252447
2018-05-16,91.03930972,91.77350047,89.02029546,90.85576547,1155703.98265592
2018-05-17,91.49817722,93.42542348,90.85576547,90.85576547,2789160.25517304
2018-05-18,91.31463297,91.68172881,90.67222122,91.31463297,1366865.15554269
2018-05-21,91.22286131,91.22286131,89.66270721,89.66270721,813426.52960266
2018-05-22,89.75448622,89.75448622,88.46965629,89.29561871,1010760.18154442
2018-05-23,89.57093463,89.57093463,85.34935544,86.26709045,2723106.32927183
2018-05-24,88.01078879,90.85576547,86.72595795,90.85576547,1152544.02909087
2018-05-25,89.93803046,89.93803046,88.46965629,89.02029546,2140149.37847757
2018-05-28,89.06618496,91.31463297,88.56142796,91.22286131,558352.89855326
2018-05-29,91.26874347,91.77350047,90.39689797,91.77350047,3347861.83825762
2018-05-30,90.85576547,90.90165497,87.18482545,88.10256045,1376944.31777604
2018-05-31,88.97440596,89.8462588,87.18482545,87.18482545,3630546.92563062
2018-06-01,87.27659712,91.08519922,87.27659712,90.85576547,1932246.22668029
2018-06-04,90.21335372,90.90165497,89.98391997,90.53456005,889962.78422657
2018-06-05,90.58044221,91.77350047,89.06618496,91.45229506,1386979.89444299
2018-06-06,91.45229506,91.45229506,90.53456005,90.53456005,1396154.65617325
2018-06-07,90.85576547,91.77350047,90.21335372,91.58995623,3670928.95291368
2018-06-08,91.58995623,91.95704747,90.85576547,91.13108872,737249.85590168
2018-06-11,91.31463297,91.36052248,90.7639938,90.7639938,605828.47677028
2018-06-13,90.7639938,90.7639938,88.56142796,90.53456005,1231063.42698663
2018-06-14,88.56142796,90.62633172,87.3683697,87.96489837,4735484.61980522
2018-06-18,86.86362003,86.86362003,84.5233921,84.75282585,1915520.26556872
2018-06-19,84.5233921,85.30346594,84.5233921,84.5233921,2087868.49156335
2018-06-20,84.56928252,85.80822294,83.51388543,83.51388543,1219589.52662801
2018-06-21,83.83509085,83.83509085,82.50437876,83.05501793,2302592.7845045
2018-06-22,82.41260618,82.41260618,78.05336491,80.76068042,6981427.06436244
2018-06-25,83.14678959,83.19268002,80.30181291,80.57713617,1830179.72652908
2018-06-26,81.21954792,81.21954792,78.0074754,78.92521041,2832516.99736389
2018-06-27,78.92521041,82.68792209,78.23690915,82.59615043,2502857.56578764
2018-06-28,82.32082717,82.32082717,81.21954792,81.40309217,1983579.12752499
2018-06-29,80.76068042,82.59615043,80.76068042,81.21954792,2815878.20738514
2018-07-02,81.21954792,81.35721001,79.38407791,80.30181291,2312192.5055073
2018-07-03,80.30181291,81.49487117,80.16415083,80.94422466,3168409.16493742
2018-07-04,80.94422466,80.94422466,80.02648966,80.76068042,2319918.04715427
2018-07-05,80.85245208,80.85245208,79.01698207,79.20053366,4799686.15913382
2018-07-06,79.15464416,80.30181291,79.10875466,80.30181291,2369028.08411184
2018-07-09,80.30181291,81.67841542,79.84294541,81.67841542,1049126.3763808
2018-07-10,82.13728292,83.51388543,80.94422466,83.51388543,2514843.59655163
2018-07-11,83.51388543,87.18482545,83.51388543,86.35886211,4631413.18359894
2018-07-12,86.45063469,89.29561871,85.48701753,88.10256045,3149601.99302955
2018-07-13,89.93803046,89.93803046,86.9095022,88.10256045,2358414.9986899
2018-07-16,88.10256045,88.65319962,86.81772961,88.65319962,1114766.23940108
2018-07-17,88.37788371,88.51553845,87.23071495,87.64369295,1561670.8446324
2018-07-18,87.4601487,89.02029546,87.4601487,89.02029546,422671.03030485
2018-07-19,88.74497221,88.74497221,88.05667095,88.10256045,482067.26093624
2018-07-20,89.02029546,89.02029546,87.64369295,87.64369295,546214.31830682
2018-07-23,87.64369295,87.64369295,87.18482545,87.4601487,3176984.62512948
2018-07-24,87.3683697,88.10256045,87.3683697,88.10256045,1589314.99013081
2018-07-25,88.14844996,92.69123548,88.14844996,90.67222122,3205064.62629203
2018-07-26,90.85576547,91.77350047,90.80987597,91.31463297,2118443.76640314
2018-07-27,91.31463297,92.69123548,90.90165497,92.69123548,2158389.93802205
2018-07-30,91.86527397,92.14059448,90.94753713,91.68172881,2408113.44079406
2018-07-31,91.63583839,91.63583839,89.47916296,89.93803046,2763444.77098847
2018-08-01,88.10256045,88.56142796,87.73546462,87.91901621,3454559.30484037
2018-08-02,87.91901621,87.96489837,87.78135504,87.91901621,1960729.39433218
2018-08-03,88.10256045,89.24972921,87.91901621,89.02029546,2405999.54082296
2018-08-06,89.24972921,92.23236798,88.56142796,90.39689797,1841283.14957318
2018-08-07,90.39689797,91.03930972,89.02029546,89.02029546,961595.66262884
2018-08-08,90.02980213,90.02980213,89.02029546,89.20383971,757996.58551499
2018-08-09,89.20383971,90.02980213,88.83675121,89.02029546,572801.51381968
2018-08-10,90.02980213,90.02980213,88.56142796,88.97440596,871907.46333935
2018-08-13,88.97440596,88.97440596,87.50603087,87.64369295,656769.10751726
2018-08-14,87.3683697,87.3683697,84.43162044,84.79871627,1620707.49434087
2018-08-15,84.79871627,85.80822294,84.66105419,85.80822294,486349.54283647
2018-08-16,85.34935544,85.80822294,84.61516468,85.16581119,1039679.20486046
2018-08-17,85.07403219,86.72595795,82.13728292,82.13728292,4211749.5573767
2018-08-20,83.97275293,83.97275293,82.64203993,82.68792209,1109546.86782294
2018-08-22,83.05501793,84.38573093,82.77969467,83.6056571,1495279.13059148
2018-08-23,83.78920869,87.91901621,83.78920869,87.91901621,2189564.51440004
2018-08-24,87.18482545,87.18482545,84.89048794,85.07403219,1012481.81141779
2018-08-28,85.07403219,87.3683697,85.02815002,85.85411245,1293238.23747695
2018-08-29,85.85411245,85.89999461,85.07403219,85.34935544,1239497.23408784
2018-08-30,85.80822294,86.9095022,85.39524494,86.26709045,1146256.81113557
2018-08-31,86.26709045,86.72595795,85.44112711,86.03765669,1443063.62202688
2018-09-03,86.4965242,86.58829586,84.33984877,84.43162044,1222553.3451442
2018-09-04,85.34935544,85.34935544,84.0645246,84.33984877,1550807.14220358
2018-09-05,84.33984877,84.33984877,81.72430493,82.59615043,2246672.50279467
2018-09-06,82.59615043,82.64203993,81.31131958,81.67841542,3711212.9126723
2018-09-07,81.86195967,83.33034118,81.17365842,81.86195967,3760355.63880468
2018-09-10,81.77018709,81.77018709,79.9806075,80.439475,2729851.19567448
2018-09-11,79.84294541,79.84294541,78.92521041,79.75117375,3930099.62720604
2018-09-12,79.47584957,79.47584957,78.78754832,78.78754832,3442649.54881761
2018-09-13,79.01698207,79.20053366,78.8793209,79.01698207,7317395.5066772
2018-09-14,79.20053366,80.76068042,78.46634291,78.92521041,5144524.26421393
2018-09-17,79.20053366,79.20053366,78.28279866,78.60400499,672122.12328677
2018-09-18,78.55811457,78.60400499,74.01532997,75.34604205,5234354.11659426
2018-09-19,74.61185864,76.35554964,72.40929371,72.95993288,5404544.85705137
2018-09-20,73.23525613,74.38242489,73.14347712,73.41880038,2339673.20513166
2018-09-21,74.56596914,76.99796873,74.33653538,76.99796873,3060861.77980958
2018-09-24,76.99796873,80.94422466,76.30966748,80.94422466,2832168.31283257
2018-09-25,80.57713617,80.57713617,78.0074754,78.0074754,1256157.81684979
2018-09-26,78.0074754,78.05336491,74.38242489,74.38242489,2001165.90357326
2018-09-27,74.6577408,75.66724839,73.18936663,73.18936663,2763052.50089074
2018-09-28,74.38242489,76.81441714,74.38242489,76.44732865,3571292.34809007
2018-10-01,76.86030665,77.36506365,75.16249872,76.6308729,2756078.81026442
2018-10-02,76.6308729,76.6767624,75.25427039,75.5754758,958348.53793095
2018-10-03,75.62136623,75.62136623,72.82227079,74.42830705,1325960.10146265
2018-10-04,74.61185864,74.61185864,73.87766788,73.87766788,957749.23639275
2018-10-05,74.52007963,74.6577408,73.96943955,74.33653538,2043988.72257553
2018-10-08,74.52007963,75.75902739,74.42830705,75.16249872,534576.97207414
2018-10-09,74.88717455,75.34604205,74.84129239,75.34604205,827493.77116295
2018-10-10,75.5754758,75.5754758,74.6577408,75.16249872,1955553.60832046
2018-10-11,74.33653538,75.16249872,73.46468988,75.16249872,745127.9470311
2018-10-12,75.16249872,75.48370414,74.52007963,74.52007963,1622047.75050812
2018-10-15,75.52959364,75.85079998,74.06121213,74.29064588,832451.6293426
2018-10-16,74.29064588,75.25427039,73.96943955,74.33653538,571014.50559668
2018-10-17,74.61185864,76.58498339,74.61185864,76.12611589,3030144.85187895
2018-10-18,76.12611589,76.12611589,74.52007963,75.25427039,1437343.01643497
2018-10-19,75.39193247,76.12611589,74.42830705,76.12611589,1309321.31148391
2018-10-22,75.71313789,76.72264456,75.34604205,76.49321081,1948089.58007197
2018-10-23,76.72264456,77.1356299,76.08023373,76.17200539,1221169.50341053
2018-10-24,76.35554964,76.6308729,75.80490956,75.80490956,1204814.01961348
2018-10-25,75.5754758,75.5754758,74.33653538,74.6577408,1847515.88557045
2018-10-26,74.33653538,75.16249872,73.51057204,74.33653538,654992.99568587
2018-10-29,75.25427039,75.71313789,74.38242489,75.20838089,499719.41533412
2018-10-30,74.29064588,74.38242489,72.59283704,72.95993288,3076051.34970504
2018-10-31,73.23525613,75.39193247,73.23525613,75.39193247,1877753.37227053
2018-11-05,75.25427039,76.44732865,75.02483664,75.25427039,2408407.64336736
2018-11-06,75.75902739,76.49321081,75.75902739,75.85079998,2506442.47862523
2018-11-07,75.85079998,76.08023373,74.70363122,75.80490956,1359597.26234306
2018-11-08,75.25427039,75.98846115,73.51057204,75.98846115,1486278.71112688
2018-11-09,75.71313789,75.71313789,73.23525613,73.41880038,1196826.96456802
2018-11-12,73.87766788,73.87766788,73.28113829,73.41880038,1630655.89987499
2018-11-13,73.37291088,73.41880038,72.54695488,73.23525613,1375353.44460191
2018-11-14,73.41880038,75.80490956,73.23525613,75.80490956,1710134.18023187
2018-11-15,75.80490956,78.74166616,75.25427039,77.5486079,5659967.17263209
2018-11-16,78.23690915,81.95373868,78.23690915,81.58664376,5497501.97382195
2018-11-19,81.67841542,81.67841542,80.76068042,81.40309217,2239764.19051796
2018-11-20,80.85245208,84.15629718,79.84294541,83.05501793,1999629.51235714
2018-11-21,83.05501793,83.88098127,80.85245208,83.88098127,1311783.89598633
2018-11-22,83.51388543,84.11041502,82.64203993,83.74331918,550409.42907421
2018-11-23,83.74331918,87.0012812,83.14678959,86.72595795,3096601.94426949
2018-11-26,86.5424137,86.86362003,85.44112711,86.12942836,2292764.23927803
2018-11-27,86.12942836,86.22120094,85.44112711,86.22120094,1953875.5640135
2018-11-28,86.17531878,86.26709045,85.6246787,86.0835462,1158744.07591333
2018-11-29,86.26709045,86.40475253,86.0835462,86.26709045,4193236.58804213
2018-12-03,86.26709045,87.18482545,83.97275293,84.47750994,2866132.36546109
2018-12-04,84.43162044,86.4965242,84.01864244,86.26709045,5374307.3703513
2018-12-05,85.34935544,86.22120094,84.47750994,85.80822294,3120061.87539211
2018-12-06,85.80822294,86.22120094,85.34935544,85.53289969,1870529.06463732
2018-12-07,85.71645128,87.04716336,85.71645128,86.4965242,1903022.10439935
2018-12-10,86.4965242,86.5424137,85.6246787,85.80822294,3744468.69984658
2018-12-11,85.80822294,86.4965242,85.6246787,85.99176719,1691403.28306523
2018-12-12,86.0835462,86.72595795,86.0835462,86.45063469,2767574.50340625
2018-12-13,86.31297995,87.13893595,86.31297995,87.0012812,2037080.41029882
2018-12-14,86.0835462,87.13893595,86.0835462,87.13893595,916615.35808905
2018-12-17,87.09305379,87.09305379,86.0835462,86.0835462,1206361.3072212
2018-12-18,86.0835462,86.12942836,83.51388543,84.47750994,3595558.61219136
2018-12-19,84.70694369,85.34935544,83.14678959,85.34935544,2204568.84563824
2018-12-20,84.43162044,87.04716336,84.29395835,86.12942836,1705143.63287741
2018-12-21,85.80822294,86.12942836,83.23856218,83.23856218,2893667.54704347
2018-12-26,83.33034118,84.89048794,83.33034118,84.89048794,1245097.97937211
2018-12-27,84.89048794,86.26709045,84.33984877,85.80822294,1978327.06677204
2018-12-28,85.85411245,86.72595795,85.30346594,86.26709045,1663159.83602862
2019-01-02,86.26709045,86.72595795,84.93637744,86.26709045,1003612.14865244
2019-01-03,86.26709045,87.18482545,84.89048794,87.18482545,2132042.46312447
2019-01-04,86.77184745,87.23071495,85.80822294,85.80822294,3179937.54725406
2019-01-07,86.26709045,87.8272372,85.34935544,85.34935544,2749584.56086865
2019-01-08,86.9095022,86.9095022,84.24807619,84.24807619,1595079.18128913
2019-01-09,84.89048794,85.80822294,84.24807619,85.34935544,2516990.18569755
2019-01-10,85.99176719,87.78135504,84.89048794,86.72595795,3892779.4859636
2019-01-11,84.89048794,85.34935544,82.32082717,82.59615043,8092477.63422668
2019-01-14,82.55026092,84.70694369,81.95373868,84.33984877,2003966.27621539
2019-01-15,84.33984877,86.12942836,83.51388543,86.0835462,2502040.33641736
2019-01-16,85.71645128,86.72595795,84.43162044,86.72595795,2374160.28455715
2019-01-17,86.58829586,86.58829586,84.89048794,85.34935544,2206497.50695208
2019-01-18,85.34935544,87.04716336,85.11992169,85.44112711,2097653.45122341
2019-01-21,86.22120094,86.22120094,83.69742968,84.43162044,1895045.94574549
2019-01-22,84.33984877,85.16581119,82.96324626,85.16581119,2590115.86974951
2019-01-23,83.46799593,84.89048794,83.23856218,83.42211377,1499594.10166651
2019-01-24,84.43162044,85.16581119,83.92686343,85.16581119,1516886.67514148
2019-01-25,85.30346594,85.89999461,83.55977493,83.65154752,2135180.62390631
2019-01-28,84.24807619,85.07403219,84.24807619,84.5233921,3849575.29325521
2019-01-29,84.5233921,84.56928252,82.77969467,83.51388543,2759674.61949362
2019-01-30,84.01864244,84.61516468,82.82558418,83.51388543,1891755.2354812
2019-01-31,83.51388543,85.07403219,83.10090743,83.51388543,2741194.33933386
2019-02-01,83.55977493,84.70694369,83.55977493,84.43162044,1575432.98722779
2019-02-04,83.97275293,84.43162044,83.74331918,83.88098127,1191324.28680819
2019-02-06,84.38573093,85.80822294,83.83509085,85.34935544,2695473.08016502
2019-02-07,85.34935544,85.71645128,84.9822596,85.34935544,4720916.14423117
2019-02-08,85.34935544,85.34935544,84.0645246,84.15629718,2049164.50858725
2019-02-11,84.43162044,85.07403219,83.19268002,83.19268002,1997101.5495051
2019-02-12,83.19268002,83.97275293,82.22905459,82.22905459,1984341.87493725
2019-02-13,82.59615043,82.73381251,81.21954792,81.31131958,2096204.23114013
2019-02-14,82.55026092,83.10090743,81.49487117,82.68792209,1991391.8403048
2019-02-15,83.42211377,84.43162044,81.86195967,81.86195967,9595929.05852088
2019-02-18,82.18317243,83.51388543,81.86195967,81.86195967,3253466.39779536
2019-02-19,81.86195967,82.59615043,81.86195967,82.18317243,2253210.33775684
2019-02-20,82.18317243,82.55026092,82.18317243,82.36671668,1921981.82578967
2019-02-21,82.36671668,82.36671668,81.40309217,81.63252592,2057729.0723877
2019-02-22,81.67841542,81.72430493,78.64988715,78.97109991,5347720.17483844
2019-02-26,79.75117375,79.75117375,77.68626999,77.91570374,2886268.8971446
2019-02-27,78.05336491,80.02648966,77.82393116,79.38407791,1593183.2091501
2019-02-28,79.84294541,79.84294541,77.0897404,77.0897404,2407884.61657039
2019-03-01,77.27328465,78.8793209,76.44732865,77.0897404,3818716.71223372
2019-03-04,76.49321081,78.37457124,76.44732865,78.14513749,1640168.44974496
2019-03-05,78.14513749,79.79705591,76.99796873,76.99796873,1029284.04727059
2019-03-06,76.99796873,79.75117375,76.99796873,79.24641582,1118569.08007074
2019-03-07,79.24641582,81.49487117,79.24641582,80.94422466,2365563.03158188
2019-03-08,80.94422466,80.99011417,79.01698207,79.20053366,1230932.67028739
2019-03-11,79.20053366,79.42996741,77.0897404,77.0897404,1888715.14222378
2019-03-12,77.64037957,78.51223241,77.18151206,78.09924707,1127035.57634677
2019-03-13,78.09924707,79.9806075,78.09924707,79.52174,747906.52689003
2019-03-14,79.01698207,80.25592341,78.05336491,80.25592341,714236.67683481
2019-03-15,80.16415083,81.58664376,78.92521041,81.58664376,2596882.52893537
2019-03-18,81.40309217,81.40309217,80.39358458,80.85245208,2373931.46033347
2019-03-19,80.8983425,80.8983425,79.84294541,79.84294541,1401875.26176515
2019-03-20,79.75117375,81.17365842,79.75117375,80.66890875,1576751.45061183
2019-03-21,81.17365842,81.40309217,80.34770242,80.85245208,1136983.98188088
2019-03-22,80.94422466,81.72430493,80.76068042,80.76068042,1403814.8194706
2019-03-25,80.76068042,80.76068042,78.09924707,78.09924707,1728309.36142673
2019-03-26,78.28279866,79.20053366,78.0074754,78.05336491,1174184.26281568
2019-03-27,78.46634291,78.51223241,76.90619615,76.99796873,2518156.09959913
2019-03-28,77.18151206,78.0074754,76.95207831,77.27328465,1434335.61235237
2019-03-29,77.31917415,77.82393116,77.27328465,77.27328465,1790364.31160941
2019-04-01,77.41094581,78.19101965,76.53910123,76.6308729,833835.47107626
2019-04-02,77.04385089,77.9615859,76.86030665,77.1356299,1729028.52327257
2019-04-03,77.18151206,78.0074754,77.0897404,77.0897404,574119.97720372
2019-04-04,77.0897404,77.1356299,74.33653538,74.33653538,4166660.28892087
2019-04-05,74.79540289,75.98846115,74.33653538,74.38242489,2160383.97768551
2019-04-08,74.70363122,75.71313789,74.15299114,74.15299114,4475453.13057617
2019-04-10,75.20838089,76.03434331,74.24476372,75.48370414,2194315.34113922
2019-04-11,75.62136623,76.81441714,75.5754758,76.17200539,2893460.515603
2019-04-12,76.6308729,76.6767624,74.79540289,74.79540289,2340272.50666986
2019-04-15,75.89668214,75.89668214,74.06121213,74.06121213,2165200.18277432
2019-04-16,74.47419747,75.07072614,74.33653538,74.52007963,2992356.16579755
2019-04-17,75.07072614,76.17200539,74.79540289,76.17200539,1257607.03693308
2019-04-22,76.17200539,76.53910123,75.20838089,75.98846115,2412177.79486222
2019-04-23,75.25427039,75.43781464,75.07072614,75.25427039,1742768.87308475
2019-04-24,75.25427039,75.71313789,74.79540289,75.25427039,1932333.39781312
2019-04-25,75.25427039,75.98846115,74.56596914,74.79540289,2071774.52116478
2019-04-26,75.20838089,76.90619615,75.20838089,76.58498339,3576054.07122086
2019-04-29,76.99796873,76.99796873,76.72264456,76.81441714,2972655.48977819
2019-04-30,76.81441714,77.86981332,76.81441714,77.86981332,2581028.27915208
2019-05-02,77.86981332,78.0074754,77.5486079,77.82393116,2513394.37646835
2019-05-03,78.0074754,79.15464416,77.86981332,78.60400499,4476281.25633805
2019-05-06,78.60400499,78.60400499,76.17200539,76.17200539,1799680.72643051
2019-05-07,76.6308729,78.19101965,76.6308729,77.86981332,1919323.10623838
2019-05-08,77.86981332,78.4204534,75.75902739,78.4204534,1916217.63463135
2019-05-09,77.5486079,77.5486079,75.71313789,75.71313789,1967703.0849585
2019-05-10,75.5754758,77.77804165,75.43781464,77.77804165,1662941.90819655
2019-05-14,76.58498339,76.58498339,73.87766788,74.61185864,4308727.44264901
2019-05-15,75.25427039,75.48370414,74.24476372,74.24476372,2048107.5586017
2019-05-16,74.29064588,74.74951338,74.06121213,74.24476372,1598435.26990305
2019-05-17,75.16249872,76.35554964,74.33653538,74.33653538,3637989.1610959
2019-05-20,74.1988733,74.97894713,74.15299114,74.33653538,1988929.25580238
2019-05-21,74.56596914,74.79540289,74.10710163,74.15299114,1924934.74791425
2019-05-22,74.33653538,75.5754758,74.33653538,74.33653538,1923856.00514549
2019-05-23,74.33653538,75.1166083,74.33653538,74.38242489,2067819.13101267
2019-05-24,74.38242489,74.61185864,73.41880038,74.33653538,2202879.90493967
2019-05-27,74.33653538,74.79540289,74.1988733,74.33653538,1255776.44314367
2019-05-28,74.33653538,74.33653538,73.23525613,73.23525613,5137016.65039903
2019-05-29,73.41880038,73.87766788,70.89502912,70.94091862,6697325.44608097
2019-05-30,71.58333037,73.55646247,71.53744087,72.68460962,2283088.243534
2019-05-31,72.91404337,74.24476372,72.91404337,74.15299114,3647872.18828039
2019-06-03,74.33653538,76.12611589,74.29064588,75.1166083,3455997.62853205
2019-06-04,75.25427039,76.44732865,73.41880038,73.41880038,2578533.00547485
2019-06-06,74.56596914,75.71313789,74.33653538,74.33653538,3101505.32049113
2019-06-07,74.79540289,75.20838089,74.70363122,75.07072614,1812560.26130601
2019-06-10,75.25427039,75.48370414,74.97894713,75.1166083,7478051.90448114
2019-06-11,75.25427039,75.5754758,74.06121213,74.06121213,1269364.24347339
2019-06-13,74.01532997,75.16249872,74.01532997,75.16249872,1908317.75071872
2019-06-14,74.84129239,75.43781464,74.33653538,75.25427039,1646847.93779798
2019-06-17,75.25427039,75.25427039,73.78589622,74.56596914,1989190.76920086
2019-06-18,74.56596914,74.56596914,73.37291088,73.51057204,1134717.53242733
2019-06-19,73.51057204,74.33653538,73.41880038,73.41880038,1281611.78763588
2019-06-20,73.51057204,74.33653538,73.32702871,74.33653538,2106991.65882772
2019-06-21,73.87766788,74.1988733,73.55646247,73.87766788,2758748.42620731
2019-06-24,73.96943955,74.56596914,73.46468988,73.46468988,948672.54218693
2019-06-25,73.64823413,74.15299114,73.23525613,73.23525613,2529041.59481116
2019-06-26,73.41880038,73.41880038,72.50106537,72.50106537,1605267.30743853
2019-06-27,72.50106537,73.18936663,72.31752113,72.31752113,2939781.07631003
2019-06-28,72.50106537,72.86816121,71.0326912,72.04219787,2897492.18049634
2019-07-01,72.50106537,72.91404337,71.67510203,72.27163162,1612894.78156107
2019-07-02,72.50106537,72.86816121,72.40929371,72.59283704,1502688.67688195
2019-07-03,72.59283704,73.23525613,71.76687462,71.76687462,2957444.12709952
2019-07-04,72.13396954,72.95993288,72.13396954,72.31752113,1130740.349492
2019-07-05,72.50106537,72.82227079,72.13396954,72.13396954,1864971.90491947
2019-07-08,72.13396954,72.31752113,71.58333037,71.58333037,1299623.52295668
2019-07-09,71.62921987,71.95042621,71.44566828,71.85865362,5148261.72653397
2019-07-10,71.62921987,72.50106537,71.62921987,72.04219787,754847.52834154
2019-07-11,71.95042621,73.78589622,71.95042621,73.60234463,5972257.75599216
2019-07-12,73.87766788,75.25427039,73.78589622,74.38242489,5155758.44395727
2019-07-15,75.07072614,77.04385089,75.02483664,76.99796873,14961028.97796711
2019-07-16,77.45683624,82.77969467,77.36506365,82.59615043,22404408.5643655
2019-07-17,82.50437876,82.50437876,80.76068042,82.50437876,6048118.43433663
2019-07-18,82.59615043,84.75282585,82.59615043,84.43162044,8788277.61646815
2019-07-19,84.24807619,85.34935544,83.05501793,85.34935544,5243616.04945735
2019-07-22,83.97275293,84.43162044,82.73381251,84.43162044,1729072.10883898
2019-07-23,83.97275293,83.97275293,83.14678959,83.19268002,3190278.22288591
2019-07-24,82.59615043,83.05501793,81.21954792,82.59615043,2306471.89991539
2019-07-25,82.59615043,84.0645246,82.59615043,84.0645246,2064811.72693006
2019-07-26,82.64203993,83.51388543,82.64203993,83.14678959,1198450.52691696
2019-07-29,83.14678959,83.14678959,81.90784917,82.55026092,2028603.0176312
2019-07-30,82.59615043,83.42211377,82.18317243,83.14678959,2846115.69408522
2019-07-31,82.59615043,82.59615043,82.04551126,82.59615043,2895400.07330844
2019-08-01,82.59615043,84.0645246,81.95373868,83.97275293,2773131.6631241
2019-08-02,83.97275293,84.79871627,82.22905459,84.79871627,2555399.96610034
2019-08-05,84.79871627,84.79871627,82.59615043,83.05501793,2826077.22992614
2019-08-06,82.55026092,82.55026092,80.76068042,81.21954792,4431039.43839977
2019-08-07,81.67841542,87.18482545,81.67841542,86.26709045,6462464.62145631
2019-08-08,86.17531878,87.09305379,84.61516468,86.40475253,4962445.56051725
2019-08-09,86.26709045,87.09305379,86.26709045,86.4965242,3317689.72990717
2019-08-13,86.17531878,86.40475253,81.67841542,84.11041502,4273314.16993721
2019-08-14,82.13728292,84.11041502,82.13728292,82.87147368,1489449.56108353
2019-08-15,81.86195967,82.59615043,79.15464416,82.59615043,2445422.6856449
2019-08-16,82.50437876,83.42211377,80.80656992,81.67841542,2294954.41399036
2019-08-19,81.67841542,82.59615043,80.8983425,82.59615043,1834930.55326826
2019-08-20,82.32082717,82.59615043,80.76068042,80.76068042,1912022.52386395
2019-08-22,81.21954792,81.21954792,80.02648966,81.21954792,1998463.59845555
2019-08-23,81.17365842,82.55026092,80.07237916,82.50437876,1877415.58413082
2019-08-27,82.13728292,82.13728292,79.61351166,79.93471708,4232572.56173123
2019-08-28,79.93471708,80.30181291,79.47584957,79.79705591,2269108.17310654
2019-08-29,79.75117375,80.30181291,79.65940116,80.30181291,2605730.39891752
2019-08-30,80.39358458,81.03600367,79.88883492,80.71479091,3716377.80229242
2019-09-02,80.53124667,80.80656992,79.84294541,79.84294541,1035484.09409306
2019-09-03,79.84294541,80.30181291,79.65940116,79.84294541,1567968.9589793
2019-09-04,79.56762216,80.53124667,79.56762216,80.53124667,976414.75520977
2019-09-05,79.93471708,82.50437876,79.93471708,82.13728292,2083869.51584481
2019-09-06,81.21954792,82.32082717,81.21954792,81.67841542,1041400.83473383
2019-09-09,82.04551126,85.11992169,81.67841542,85.07403219,2021335.12443158
2019-09-10,84.84459843,85.11992169,82.64203993,85.11992169,1522966.8616563
2019-09-11,84.9822596,85.34935544,84.43162044,85.34935544,5480045.95447293
2019-09-12,85.34935544,85.53289969,84.20218668,85.53289969,3000081.70744453
2019-09-13,85.11992169,86.58829586,84.24807619,86.5424137,3687840.15268251
2019-09-16,86.5424137,86.63418628,86.26709045,86.58829586,1798209.71356402
2019-09-17,86.58829586,86.58829586,84.20218668,85.34935544,1954943.41039065
2019-09-18,85.34935544,86.35886211,84.5233921,85.80822294,6465243.20131523
2019-09-19,85.80822294,86.03765669,84.89048794,85.53289969,5391545.46186824
2019-09-20,85.44112711,85.76233344,83.6056571,83.6056571,4245593.74969757
2019-09-23,83.6056571,83.97275293,82.59615043,82.91735584,2067884.50936229
2019-09-24,83.28445168,84.79871627,82.64203993,83.97275293,1633183.86272703
2019-09-25,84.01864244,84.79871627,83.83509085,83.97275293,1578124.39595388
2019-09-26,83.78920869,84.61516468,83.10090743,83.92686343,2103395.84959852
2019-09-27,83.97275293,84.70694369,83.51388543,84.24807619,518265.0738435
2019-09-30,84.24807619,85.34935544,83.78920869,85.34935544,1675047.79926818
2019-10-01,84.70694369,84.70694369,83.51388543,84.5233921,1875574.0939498
2019-10-02,84.43162044,84.75282585,83.55977493,84.0645246,1468735.52064503
2019-10-03,82.59615043,83.23856218,81.67841542,83.23856218,1418786.46153399
2019-10-04,82.13728292,85.39524494,82.13728292,85.34935544,2643660.73808976
2019-10-07,84.89048794,85.6246787,84.15629718,85.34935544,1217933.27510426
2019-10-08,85.34935544,86.26709045,84.15629718,84.61516468,1991446.32226282
2019-10-09,84.61516468,84.61516468,83.65154752,83.97275293,1766043.5655501
2019-10-10,83.97275293,85.57878919,83.92686343,85.39524494,3296234.73483962
2019-10-11,83.92686343,85.34935544,83.92686343,85.30346594,1156357.76615214
2019-10-14,85.30346594,86.0835462,84.9822596,85.71645128,1875824.71095669
2019-10-15,85.71645128,85.71645128,85.02815002,85.44112711,1660915.17935827
2019-10-16,85.44112711,86.26709045,84.66105419,86.26709045,3964761.04889719
2019-10-17,87.18482545,87.4601487,87.0012812,87.18482545,5211199.28443655
2019-10-18,87.27659712,87.3683697,86.81772961,87.27659712,2232463.60814353
2019-10-21,87.27659712,87.64369295,87.13893595,87.64369295,662729.43372444
2019-10-22,87.59780345,89.75448622,87.13893595,89.57093463,3367704.16736783
2019-10-23,89.57093463,89.57093463,88.05667095,89.02029546,2045318.08235117
2019-10-24,88.83675121,89.57093463,88.2861047,89.15795755,931020.38778905
2019-10-25,89.47916296,92.23236798,89.47916296,90.85576547,6266264.19424133
2019-10-28,90.85576547,91.13108872,90.39689797,90.85576547,2616964.57866086
2019-10-29,90.80987597,91.17697089,90.39689797,90.90165497,1503789.21243391
2019-10-30,90.85576547,91.68172881,90.39689797,91.68172881,2695603.83686427
2019-10-31,91.58995623,91.68172881,88.74497221,89.02029546,6099571.19548898
2019-11-04,89.52505247,90.58044221,89.02029546,89.29561871,4384054.19780491
2019-11-05,89.89214096,91.77350047,89.47916296,91.77350047,3949473.4114773
2019-11-06,91.77350047,91.77350047,88.2861047,88.65319962,2606351.49323892
2019-11-07,89.93803046,89.93803046,87.96489837,88.42376587,2447046.24799384
2019-11-08,88.42376587,89.93803046,87.3683697,89.47916296,1625828.79839458
2019-11-11,89.47916296,90.02980213,88.69909004,89.93803046,1038251.77756038
2019-11-12,89.29561871,89.93803046,88.10256045,88.56142796,1358671.06905675
2019-11-13,88.10256045,88.10256045,86.72595795,87.18482545,1568241.36876939
2019-11-14,86.68006844,88.01078879,86.45063469,86.45063469,808969.90543678
2019-11-15,87.55192129,89.02029546,85.89999461,88.10256045,3081052.79345111
2019-11-18,87.64369295,88.10256045,86.12942836,87.64369295,725024.1045224
2019-11-19,87.18482545,87.55192129,85.80822294,86.26709045,1583387.35309844
2019-11-20,85.89999461,85.89999461,84.61516468,85.34935544,2122017.78284913
2019-11-21,84.66105419,85.21169335,83.42211377,83.42211377,2477142.08160307
2019-11-22,83.23856218,84.43162044,81.90784917,82.96324626,5932801.92199541
2019-11-25,83.05501793,83.37622335,81.72430493,82.59615043,2249886.93831774
2019-11-26,82.68792209,83.23856218,79.84294541,79.84294541,10958468.34659693
2019-11-27,80.76068042,81.90784917,80.439475,81.54075334,7259601.04561154
2019-11-28,81.67841542,81.67841542,79.93471708,80.76068042,4724740.77768404
2019-11-29,80.94422466,81.12777625,78.55811457,78.8793209,2878586.94106404
2019-12-02,79.75117375,79.75117375,77.91570374,79.29230624,3097114.07467486
2019-12-03,79.65940116,80.94422466,79.56762216,80.07237916,5192130.59913019
2019-12-04,80.57713617,81.67841542,80.39358458,81.67841542,3064915.23748613
2019-12-05,81.67841542,82.55026092,81.63252592,82.55026092,3179828.58333802
2019-12-06,80.8983425,81.99962084,80.39358458,81.67841542,6162051.1049442
2019-12-09,81.67841542,82.13728292,81.03600367,81.67841542,2513383.48007674
2019-12-10,81.63252592,81.63252592,79.38407791,79.38407791,1478455.10195547
2019-12-11,80.66890875,81.67841542,79.61351166,81.67841542,1079875.99348625
2019-12-12,81.67841542,83.37622335,81.67841542,83.05501793,2167346.77192023
2019-12-13,83.05501793,83.51388543,81.77018709,83.51388543,1580467.12014866
2019-12-16,83.51388543,83.51388543,79.93471708,80.11826867,1975886.27505283
2019-12-17,80.11826867,80.11826867,77.27328465,77.64037957,4180455.12069107
2019-12-18,77.0897404,77.0897404,74.61185864,76.26377706,4764403.64312126
2019-12-19,75.71313789,77.5027184,75.34604205,76.90619615,2410107.48045753
2019-12-20,76.90619615,79.84294541,75.43781464,79.84294541,7688188.81655716
2019-12-23,79.29230624,80.30181291,78.92521041,80.30181291,1824339.26062953
2019-12-26,80.30181291,80.30181291,79.47584957,79.75117375,313500.08282807
2019-12-27,80.76068042,80.76068042,79.56762216,80.66890875,2421766.61947341
2020-01-02,79.01698207,80.76068042,78.8793209,80.76068042,851999.75587951
2020-01-03,80.76068042,82.50437876,79.84294541,81.67841542,2015145.97400071
2020-01-06,81.63252592,81.63252592,79.70528333,81.21954792,1807918.39848286
2020-01-07,80.34770242,81.17365842,79.42996741,79.42996741,943115.38246908
2020-01-08,79.38407791,79.38407791,77.22740248,78.37457124,2275351.80549542
2020-01-09,78.37457124,79.56762216,78.0074754,78.0074754,1661645.23759572
2020-01-10,78.0074754,79.84294541,78.0074754,79.38407791,1496597.59397552
2020-01-14,78.0074754,79.65940116,77.1356299,79.65940116,3438269.19939295
2020-01-15,79.33818841,79.33818841,76.76853498,76.81441714,3510436.00098379
2020-01-16,76.95207831,78.46634291,76.95207831,78.19101965,2185184.16497538
2020-01-17,77.5486079,80.30181291,77.5486079,80.30181291,2097827.79348907
2020-01-20,79.88883492,80.30181291,77.5944974,80.30181291,937362.08770236
2020-01-21,79.52174,79.52174,76.90619615,76.90619615,1332966.48126379
2020-01-22,76.90619615,76.90619615,74.38242489,75.02483664,5942619.57083028
2020-01-23,75.25427039,76.08023373,75.16249872,75.20838089,1459157.59242544
2020-01-24,75.39193247,75.75902739,75.39193247,75.48370414,3295286.7487701
2020-01-27,75.52959364,76.17200539,75.52959364,75.89668214,1092799.11392816
2020-01-28,75.89668214,76.40143914,75.1166083,76.17200539,812413.16518352
2020-01-29,76.17200539,76.44732865,75.30015989,76.17200539,1810795.04586622
2020-01-30,76.17200539,77.5486079,75.94257164,77.5486079,2744103.67589203
2020-01-31,77.5486079,77.5486079,75.34604205,75.71313789,3829820.13527782
2020-02-03,75.71313789,75.89668214,74.61185864,75.02483664,953859.22459026
2020-02-04,75.02483664,76.99796873,74.79540289,75.52959364,1477321.87722869
2020-02-05,76.44732865,78.60400499,76.44732865,78.0074754,2652399.64415587
2020-02-06,78.0074754,78.8793209,77.5944974,78.46634291,1702539.39528414
2020-02-07,78.83343874,79.01698207,77.86981332,78.92521041,1295068.83126636
2020-02-10,79.01698207,79.01698207,77.73215215,78.92521041,1282494.39535577
2020-02-11,78.92521041,78.92521041,78.0074754,78.74166616,1436460.40871508
2020-02-12,78.51223241,79.52174,78.46634291,79.10875466,1618844.21137665
2020-02-13,79.38407791,80.71479091,79.20053366,79.84294541,4282358.17496822
2020-02-14,79.84294541,79.93471708,78.51223241,78.92521041,1936354.16631486
2020-02-17,78.92521041,78.92521041,76.99796873,77.64037957,3644897.4733726
2020-02-18,77.27328465,78.0074754,76.6308729,76.6308729,1438759.54734344
2020-02-19,77.0897404,78.78754832,77.0897404,78.19101965,1310182.1264206
2020-02-20,78.46634291,79.01698207,78.0074754,78.0074754,6571210.60966055
2020-02-21,78.92521041,78.92521041,76.6308729,77.0897404,5000266.93577346
2020-02-24,75.30015989,75.66724839,74.88717455,74.88717455,2354786.50028589
2020-02-26,74.79540289,74.93306497,73.41880038,74.33653538,4499468.77767057
2020-02-27,73.41880038,74.33653538,73.41880038,73.41880038,3175306.58082252
2020-02-28,73.37291088,73.37291088,68.00416202,68.00416202,4340098.15407587
2020-03-02,69.28899286,69.97729411,68.00416202,69.28899286,4112091.15976989
2020-03-03,70.20672786,72.04219787,70.20672786,71.53744087,2677908.09689997
2020-03-04,71.58333037,71.85865362,70.16083836,71.35389662,1971963.57407552
2020-03-05,71.99630837,72.45517587,69.51842661,70.66559536,1872196.21255268
2020-03-06,70.66559536,70.66559536,68.00416202,68.37125785,1975504.9013467
2020-03-09,66.07692034,66.07692034,61.48824532,61.48824532,2818471.54858681
2020-03-10,60.57051031,67.91239035,58.7350403,65.61805284,3342784.11977033
2020-03-11,66.16869201,67.40763334,65.61805284,66.8111111,2929407.71150338
2020-03-12,65.15918534,65.250957,59.74454697,60.11164281,3196598.13001601
2020-03-13,56.53247446,62.40598032,54.14636528,62.40598032,3702779.10557109
2020-03-16,59.65277531,60.57051031,55.20176237,57.17488988,2072711.6108427
2020-03-19,53.22863027,53.45806403,44.05128023,50.93429276,4469122.32705446
2020-03-20,51.85202777,54.14636528,47.72222025,50.47542526,4242891.44457987
2020-03-23,45.88675024,49.74123817,45.61143065,47.17158108,4525151.57268033
2020-03-24,47.81399191,49.55769026,47.30923858,47.72222025,4103199.70422132
2020-03-25,51.20961235,52.21912361,50.10832942,50.8425211,4940009.89020538
2020-03-26,51.85202777,56.80779863,51.85202777,55.52296779,3801729.23772366
2020-03-27,57.72553363,59.6068858,55.89006362,58.68915447,8552338.04907472
2020-03-30,58.64326864,58.64326864,54.28402737,55.15587195,3892038.53133456
2020-03-31,57.63375738,58.64326864,55.70651571,56.71602238,4057413.06670287
2020-04-01,56.44070279,57.31255196,55.98183529,56.94545613,3343023.84038561
2020-04-02,55.52296779,56.89957029,55.06410028,55.56885362,3411540.35078924
2020-04-03,55.98183529,56.07360695,55.15587195,55.61473945,1757871.27184738
2020-04-06,56.34893113,57.03723238,55.52296779,56.89957029,4191035.51693819
2020-04-07,57.77141947,58.18440114,54.7887807,55.98183529,3497403.91662585
2020-04-08,56.76190821,56.76190821,52.31089527,52.3567811,7116618.59498869
2020-04-13,53.32040194,54.00870319,52.95331069,53.22863027,2131977.08477485
2020-04-14,53.8710457,55.98183529,53.64161194,55.98183529,3137964.64679687
2020-04-15,57.67964321,58.87270239,57.3584378,57.90907696,3986488.45375483
2020-04-16,57.8173053,57.8173053,52.76976277,52.76976277,4464044.60856717
2020-04-17,54.51346112,56.76190821,54.51346112,55.89006362,3712542.27244794
2020-04-20,56.53247446,56.71602238,55.10998612,55.75240154,1723656.60221198
2020-04-21,55.75240154,56.39481696,54.88055237,55.06410028,2240842.93328672
2020-04-22,54.88055237,55.20176237,54.3299132,55.06410028,3515317.58442222
2020-04-23,55.43119612,55.8441732,54.9264382,55.06410028,1811612.27523649
2020-04-24,55.06410028,56.44070279,54.3299132,54.60523278,1386500.45321243
2020-04-27,54.60523278,54.69700445,53.54983569,54.10047945,3902836.85541376
2020-04-28,54.10047945,54.28402737,53.22863027,53.59572611,5373392.07345659
2020-04-29,53.59572611,54.19225111,53.50394986,53.68749778,2009011.30552787
2020-04-30,54.14636528,54.28402737,53.68749778,53.68749778,2875045.61379286
2020-05-04,53.68749778,53.68749778,53.04508236,53.22863027,3726119.17638607
2020-05-05,53.8710457,54.10047945,53.41217819,53.8710457,2350079.25911312
2020-05-06,54.14636528,54.60523278,53.68749778,54.00870319,4742915.9588789
2020-05-07,54.10047945,54.14636528,53.91693153,53.96281736,1190746.7780532
2020-05-08,54.74289487,54.74289487,52.08146152,52.31089527,6755283.35302069
2020-05-11,53.22863027,53.91693153,52.99919652,53.77926944,583959.41882179
2020-05-12,53.96281736,55.98183529,53.91693153,55.98183529,3789819.48170089
2020-05-13,55.98183529,55.98183529,55.47708195,55.79828737,1368772.02407332
2020-05-14,55.70651571,55.98183529,53.73338361,55.98183529,1782867.59418611
2020-05-15,55.98183529,55.98183529,55.52296779,55.8441732,6401248.69342711
2020-05-18,55.93594946,55.98183529,54.55934695,55.98183529,1437800.66488232
2020-05-19,56.11949738,56.89957029,56.02772112,56.89957029,1694781.16446236
2020-05-20,56.89957029,58.68915447,56.21126904,58.68915447,3559131.97506042
2020-05-21,58.7350403,58.78092981,57.3584378,57.54198571,2379978.95767349
2020-05-22,57.8173053,57.8173053,56.25715487,57.17488988,1486017.19772839
2020-05-26,56.80779863,57.8173053,55.06410028,57.8173053,2858330.54907289
2020-05-27,57.31255196,57.8173053,55.61473945,57.8173053,1644341.76772915
2020-05-28,57.86319113,58.68915447,57.40432363,58.68915447,1673816.50701697
2020-05-29,58.68915447,60.84583357,57.86319113,60.84583357,10793878.35142408
2020-06-01,60.84583357,62.81895832,60.15753231,61.85534115,1495322.71615789
2020-06-02,61.94711282,63.23194366,61.67178957,62.17654657,2165178.38999111
2020-06-03,63.18605324,66.07692034,62.36009082,66.07692034,2734057.20283348
2020-06-04,64.05790608,71.58333037,64.05790608,70.66559536,9899121.15489192
2020-06-05,70.5738237,72.31752113,68.87601486,71.58333037,8313391.0775987
2020-06-08,71.58333037,71.58333037,68.87601486,70.66559536,5670449.50135478
2020-06-09,70.66559536,71.0326912,70.20672786,70.94091862,1674274.15546432
2020-06-10,70.61970586,70.61970586,68.0959346,69.47253711,2319111.71417561
2020-06-11,68.83012536,68.83012536,66.99465535,67.45352285,2462856.91221071
2020-06-15,66.07692034,66.48989834,62.49775199,62.49775199,3321187.47161193
2020-06-16,63.78258283,66.48989834,63.78258283,65.15918534,2566961.0375918
2020-06-17,66.62755951,67.08642701,66.44401618,66.99465535,1977902.1074995
2020-06-18,66.99465535,67.86650085,65.11329583,67.86650085,652900.88849797
2020-06-19,67.77472826,67.77472826,66.07692034,66.62755951,5732657.00101991
2020-06-22,66.3522436,66.99465535,64.70031783,66.99465535,2312377.74416456
2020-06-23,66.3522436,66.94876584,64.97564109,66.53578784,1270159.68006046
2020-06-24,66.53578784,66.62755951,65.29684742,66.07692034,1618364.77014609
2020-06-25,65.84748659,65.89337609,64.42499458,64.74620734,1171994.08810335
2020-06-26,65.98514868,65.98514868,64.70031783,65.02152325,1854565.850938
2020-06-29,64.24145033,64.333222,63.50725957,63.78258283,2509221.05848416
2020-06-30,64.19556083,66.07692034,63.50725957,66.07692034,6339466.15303452
2020-07-01,65.98514868,65.98514868,63.87435449,65.61805284,1343448.80998648
2020-07-02,65.61805284,68.83012536,64.7920895,68.83012536,3574931.74288569
2020-07-03,68.73835369,68.78423585,66.39812576,67.36175118,1874124.87386652
2020-07-06,67.36175118,67.36175118,65.66394234,66.07692034,2854168.1274803
2020-07-07,66.07692034,66.48989834,65.15918534,66.07692034,3596724.52609295
2020-07-08,66.07692034,68.37125785,65.75571493,68.37125785,3114199.61670936
2020-07-09,68.27948619,68.27948619,66.12280984,66.26046459,774057.86673874
2020-07-10,66.53578784,67.86650085,65.61805284,67.17819959,1712280.76937779
2020-07-13,66.16869201,68.37125785,66.07692034,68.37125785,714705.22167376
2020-07-14,67.45352285,67.45352285,65.15918534,65.43450859,1793513.36878286
2020-07-15,65.38861909,65.57216334,63.50725957,64.24145033,3541392.64952971
2020-07-16,64.24145033,65.61805284,63.78258283,65.02152325,1583757.83041296
2020-07-17,65.15918534,65.20507484,64.05790608,64.56265575,1000506.6770454
2020-07-20,64.65442833,65.20507484,64.42499458,65.15918534,922804.50851991
2020-07-21,65.250957,66.07692034,64.70031783,64.88386208,8530556.16225907
2020-07-22,64.88386208,64.88386208,63.87435449,63.96612708,2509863.94558877
2020-07-23,63.96612708,64.65442833,63.50725957,63.73669333,1866224.98995389
2020-07-24,63.78258283,64.7920895,63.55314908,63.78258283,1013811.17119344
2020-07-27,63.73669333,63.78258283,59.65277531,59.65277531,2744179.95063325
2020-07-28,60.15753231,62.58952457,59.23979731,62.58952457,2423510.04212999
2020-07-29,62.49775199,63.32371533,62.22243607,63.32371533,566329.05720712
2020-07-30,62.86484782,62.95661949,62.40598032,62.58952457,3931625.12203055
2020-08-03,61.48824532,61.48824532,58.82681197,59.37745205,3660403.03862457
2020-08-04,59.42334156,59.88220906,59.01036356,59.19390781,2843576.83484157
2020-08-05,60.11164281,61.02937782,59.6068858,60.11164281,3237252.56708916
2020-08-06,60.20341448,61.02937782,58.78092981,60.11164281,6093153.22083444
2020-08-07,60.01987115,60.29518706,56.89957029,57.40432363,3699597.35922283
2020-08-10,57.54198571,57.95496738,56.89957029,56.94545613,3717238.61722911
2020-08-11,57.03723238,58.23028697,55.98183529,55.98183529,5278135.81805765
2020-08-12,56.16538321,57.3584378,56.16538321,57.3584378,3032226.06267524
2020-08-13,57.63375738,59.88220906,57.63375738,59.51511322,3214152.21688946
2020-08-14,59.65277531,60.11164281,58.96447405,60.11164281,2929516.67541941
2020-08-17,60.11164281,60.11164281,58.91858455,59.79043739,912605.48597891
2020-08-18,59.83631956,60.52462081,59.83631956,60.29518706,2780127.14653363
2020-08-19,60.38696607,60.38696607,57.3584378,57.3584378,2860771.3407921
2020-08-20,58.2761728,58.59737822,57.40432363,58.2761728,1945060.38320616
2020-08-24,58.2761728,58.7350403,57.17488988,58.7350403,1608961.18419216
2020-08-25,58.68915447,58.68915447,57.31255196,57.8173053,2490795.26028242
2020-08-26,57.8173053,58.36794447,57.45020946,57.8173053,989141.74060282
2020-08-27,57.8173053,60.29518706,57.8173053,60.29518706,3044397.33209649
2020-08-28,60.01987115,61.48824532,60.01987115,61.48824532,2578652.86578249
2020-09-01,61.44235581,61.76356857,60.15753231,61.76356857,2907091.90149914
2020-09-02,61.76356857,61.76356857,60.11164281,60.52462081,915928.88541802
2020-09-03,60.57051031,62.03888448,59.88220906,62.03888448,2209602.97855911
2020-09-04,61.80945073,61.80945073,59.65277531,59.65277531,2155960.04269444
2020-09-07,59.69866481,60.47873865,59.69866481,60.38696607,1137735.83290153
2020-09-08,60.38696607,61.07526732,60.15753231,60.93760615,1129901.32733852
2020-09-09,60.57051031,60.57051031,59.69866481,59.88220906,1750516.20751493
2020-09-10,59.79043739,60.29518706,59.65277531,59.65277531,5075637.27649577
2020-09-11,59.65277531,59.92809856,59.56100364,59.56100364,1745939.72304141
2020-09-14,60.11164281,60.11164281,59.23979731,59.28567947,1393049.18456621
2020-09-15,59.19390781,60.34107656,58.96447405,58.96447405,702969.80791665
2020-09-16,59.05624572,59.65277531,58.82681197,58.91858455,1565092.31159594
2020-09-17,58.96447405,60.15753231,58.55149238,60.15753231,897448.60525826
2020-09-18,60.06575331,60.15753231,58.91858455,60.11164281,2824856.83406654
2020-09-21,60.11164281,60.20341448,58.82681197,58.91858455,1898609.06579988
2020-09-22,58.91858455,59.1480183,58.7350403,59.10213614,940184.2531277
2020-09-23,59.10213614,59.10213614,58.7350403,58.78092981,1891559.10043233
2020-09-24,59.10213614,59.65277531,58.82681197,58.82681197,1938446.27350275
2020-09-25,58.7350403,59.05624572,58.2761728,58.2761728,2302200.51440677
2020-09-28,58.64326864,59.37745205,58.41383489,58.7350403,1476842.43599813
2020-09-29,58.64326864,59.65277531,58.64326864,59.65277531,973864.99957452
2020-09-30,59.42334156,59.65277531,58.7350403,58.7350403,1611750.66044269
2020-10-01,59.19390781,60.57051031,58.96447405,60.57051031,823516.58822762
2020-10-02,60.29518706,60.52462081,59.83631956,60.34107656,635270.52688329
2020-10-05,60.43284823,60.79994406,60.15753231,60.52462081,1178335.78801666
2020-10-06,60.47873865,60.47873865,59.28567947,59.97398072,1041128.42494374
2020-10-07,59.97398072,60.11164281,59.56100364,59.83631956,1383754.56252831
2020-10-08,60.47873865,60.47873865,58.7350403,59.65277531,1674448.49772998
2020-10-09,59.33156989,59.65277531,59.05624572,59.19390781,4818111.95733556
2020-10-12,59.56100364,60.01987115,59.10213614,59.65277531,1725171.20064488
2020-10-13,59.19390781,59.88220906,59.1480183,59.56100364,1470980.17731538
2020-10-14,59.51511322,61.02937782,59.46923106,61.02937782,3425738.34904877
2020-10-15,61.02937782,61.30470107,60.38696607,61.30470107,1513683.13601001
2020-10-16,60.98348831,61.30470107,60.61639982,61.21292206,791927.9489687
2020-10-19,61.21292206,61.48824532,60.84583357,61.39647365,1191509.52546545
2020-10-20,61.44235581,63.32371533,60.89171573,63.32371533,9675821.40175871
2020-10-21,63.32371533,69.56431611,63.27782582,69.56431611,7364555.08953772
2020-10-22,68.64658111,68.64658111,66.16869201,66.99465535,5060262.46794305
2020-10-23,67.17819959,68.37125785,67.17819959,68.27948619,2325943.75171108
2020-10-26,68.23359577,69.56431611,67.08642701,68.46302952,3822900.92660952
2020-10-27,67.91239035,68.83012536,66.99465535,68.78423585,2200297.46012961
2020-10-28,68.64658111,68.64658111,67.36175118,67.45352285,1235520.05115252
2020-10-29,67.36175118,67.45352285,65.66394234,66.07692034,3076160.31362108
2020-10-30,66.07692034,67.49941235,65.48039075,67.49941235,1293031.20603648
2020-11-03,65.48039075,68.64658111,65.15918534,68.64658111,4284591.93524697
2020-11-04,68.64658111,69.74786036,68.37125785,69.74786036,1961241.52473755
2020-11-05,69.74786036,72.95993288,69.56431611,72.50106537,3924444.39996376
2020-11-06,72.50106537,72.86816121,70.98680078,72.17985996,3668499.05758607
2020-11-09,71.95042621,72.68460962,70.16083836,71.58333037,2731354.89771578
2020-11-10,73.05170454,75.25427039,73.05170454,74.33653538,5321557.93859812
2020-11-11,76.6308729,84.43162044,76.6308729,77.41094581,16775997.34181752
2020-11-13,76.6308729,77.0897404,74.42830705,74.97894713,10743242.81964201
2020-11-16,74.38242489,77.0897404,72.95993288,76.17200539,6481729.44181153
2020-11-17,76.17200539,76.17200539,73.69412363,75.80490956,6326205.2444529
2020-11-18,77.0897404,78.8793209,76.30966748,77.5027184,8114085.17877668
2020-11-19,78.0074754,79.70528333,77.5944974,79.56762216,7628225.97356238
2020-11-20,80.02648966,81.63252592,78.0074754,79.01698207,6880548.27089603
2020-11-23,80.21004125,81.67841542,79.84294541,81.31131958,7342914.8558129
2020-11-24,81.67841542,81.67841542,78.05336491,80.30181291,7664020.61998031
2020-11-25,80.57713617,80.99011417,79.84294541,80.30181291,6476281.24600971
2020-11-26,80.76068042,80.99011417,79.38407791,80.76068042,13468299.60301089
2020-11-27,80.76068042,81.67841542,76.17200539,76.17200539,86508839.25098802
2020-12-01,77.0897404,77.0897404,73.32702871,73.51057204,15510817.31271992
2020-12-02,75.25427039,75.25427039,72.77638863,73.41880038,8380534.64266027
2020-12-03,73.51057204,77.0897404,73.05170454,77.0897404,8332111.07837374
2020-12-04,77.27328465,78.19101965,75.43781464,77.22740248,4426985.98072322
2020-12-07,77.0897404,77.0897404,75.62136623,76.17200539,3454722.75071443
2020-12-09,75.89668214,76.99796873,74.47419747,76.99796873,4957367.84202996
2020-12-10,76.17200539,76.6767624,75.34604205,76.17200539,1559742.18331856
2020-12-11,76.17200539,77.0897404,75.62136623,75.62136623,3549673.90714847
2020-12-14,75.89668214,76.6308729,75.25427039,75.25427039,3114809.81463916
2020-12-15,75.34604205,76.53910123,75.34604205,76.17200539,3961797.230381
2020-12-16,76.17200539,76.2178949,75.34604205,76.17200539,2130800.27448165
2020-12-17,75.80490956,75.98846115,75.1166083,75.98846115,2106555.80316357
2020-12-18,75.71313789,76.12611589,74.56596914,75.89668214,3992405.1943956
2020-12-21,75.62136623,76.03434331,75.25427039,75.25427039,2273096.25243347
2020-12-22,75.43781464,75.43781464,74.47419747,74.6577408,2462617.19159543
2020-12-23,74.61185864,76.6308729,74.42830705,75.62136623,3519850.48332933
2020-12-28,75.48370414,75.48370414,74.33653538,74.38242489,1969446.50761509
2020-12-29,74.74951338,75.66724839,74.52007963,74.6577408,2575612.77252508
2021-01-04,74.70363122,75.62136623,74.33653538,75.62136623,1914768.41454806
2021-01-05,75.5754758,75.5754758,74.33653538,75.34604205,3785460.92505944
2021-01-06,76.08023373,76.08023373,73.46468988,74.33653538,1601083.09306273
2021-01-07,73.60234463,76.08023373,73.60234463,76.08023373,3021002.7793235
2021-01-08,76.08023373,79.84294541,76.03434331,79.84294541,7203277.59741237
2021-01-11,79.75117375,79.84294541,77.5944974,78.0074754,4739581.66304819
2021-01-12,78.46634291,78.55811457,77.0897404,77.0897404,2463902.96580465
2021-01-13,77.0897404,78.83343874,77.0897404,78.60400499,1351250.62637468
2021-01-14,78.37457124,79.15464416,77.5944974,79.10875466,2311876.51015079
2021-01-15,79.01698207,79.10875466,78.09924707,78.32868082,1751082.81987832
2021-01-18,78.28279866,78.28279866,77.04385089,77.73215215,2029856.10266562
2021-01-19,77.0897404,77.73215215,76.6308729,77.5486079,4093480.12291088
2021-01-20,77.0897404,77.0897404,75.71313789,76.35554964,1467253.61138694
2021-01-21,77.0897404,77.18151206,75.71313789,76.17200539,1397767.32213058
2021-01-22,75.80490956,76.03434331,73.51057204,74.33653538,2528889.04532871
2021-01-25,74.33653538,76.35554964,74.33653538,76.35554964,1046315.10734707
2021-01-26,75.71313789,76.17200539,75.30015989,76.12611589,2098230.9599784
2021-01-27,75.62136623,76.35554964,74.06121213,76.30966748,3550643.68600119
2021-01-28,74.33653538,76.30966748,74.33653538,76.30966748,1305856.25895395
2021-01-29,75.71313789,75.71313789,72.91404337,72.91404337,5189264.84813844
2021-02-01,73.41880038,76.35554964,73.41880038,76.35554964,3530757.77132457
2021-02-02,76.35554964,76.53910123,75.25427039,76.26377706,2637994.61445587
2021-02-03,75.71313789,76.26377706,75.30015989,75.98846115,4163609.29927185
2021-02-04,75.98846115,76.17200539,74.01532997,76.17200539,1550491.14684708
2021-02-05,76.17200539,77.0897404,76.17200539,77.04385089,3426032.55162207
2021-02-08,77.04385089,79.20053366,76.90619615,79.01698207,2886737.44198356
2021-02-09,79.01698207,80.30181291,79.01698207,79.52174,3259099.83225444
2021-02-10,79.52174,79.9806075,77.91570374,78.0074754,3855143.34936466
2021-02-11,78.0074754,79.79705591,78.0074754,79.15464416,1282058.53969162
2021-02-15,79.20053366,79.20053366,78.69577666,78.83343874,1179501.70191825
2021-02-16,78.92521041,78.92521041,78.23690915,78.74166616,1013506.07222853
2021-02-17,78.64988715,78.64988715,76.99796873,78.19101965,2242226.77502038
2021-02-18,77.45683624,78.0074754,76.95207831,77.0897404,2020485.20588649
2021-02-19,77.0897404,78.83343874,76.81441714,78.83343874,3443706.49880316
2021-02-22,78.83343874,78.83343874,77.73215215,78.46634291,1438105.76384722
2021-02-23,78.46634291,78.46634291,77.1356299,77.45683624,2523767.741275
2021-02-24,77.1356299,77.45683624,77.0897404,77.18151206,2768544.28225897
2021-02-26,77.0897404,81.67841542,76.6308729,81.67841542,5837861.66195297
2021-03-01,80.76068042,80.76068042,79.10875466,80.11826867,1595689.37921894
2021-03-02,79.65940116,80.34770242,78.92521041,78.92521041,1537687.88671281
2021-03-03,79.01698207,81.49487117,78.69577666,81.49487117,2042005.57930366
2021-03-04,80.76068042,81.03600367,79.84294541,80.85245208,2417146.54943347
2021-03-05,80.11826867,80.16415083,78.97109991,79.38407791,2855039.83880859
2021-03-08,79.38407791,79.38407791,75.25427039,75.34604205,2197366.33078824
2021-03-09,75.39193247,76.03434331,75.34604205,75.34604205,2023056.75430495
2021-03-10,75.5754758,75.98846115,75.43781464,75.52959364,1988645.94962068
2021-03-11,75.5754758,75.66724839,74.79540289,74.79540289,2505091.32606638
2021-03-12,74.33653538,74.52007963,73.32702871,73.60234463,4378791.24066036
2021-03-15,73.60234463,73.96943955,71.58333037,73.60234463,3957820.04744568
2021-03-16,73.64823413,75.98846115,73.41880038,75.71313789,2019068.67497802
2021-03-17,75.71313789,76.90619615,74.38242489,76.90619615,2729971.05598212
2021-03-18,76.90619615,79.15464416,76.86030665,78.8793209,4495295.45968638
2021-03-19,78.8793209,79.06287249,76.86030665,77.0897404,4382615.87411323
2021-03-22,75.25427039,76.17200539,74.79540289,75.34604205,1600876.06162227
2021-03-23,75.34604205,76.53910123,75.25427039,76.53910123,1169694.94947498
2021-03-24,76.44732865,77.82393116,75.34604205,77.82393116,1820874.20809958
2021-03-25,77.82393116,77.82393116,77.1356299,77.1356299,1351501.24338157
2021-03-26,76.72264456,76.86030665,75.66724839,75.71313789,2485946.3660188
2021-03-29,75.25427039,77.82393116,74.79540289,77.64037957,3172037.66334143
2021-03-30,76.6308729,77.41094581,75.98846115,77.27328465,697172.92758352
2021-03-31,77.18151206,77.18151206,74.79540289,74.79540289,2966597.09604657
2021-04-05,75.20838089,76.17200539,74.97894713,76.17200539,585844.49456922
2021-04-06,76.17200539,76.2178949,75.34604205,76.2178949,1149569.31418307
2021-04-07,76.2178949,77.0897404,76.17200539,77.0897404,842051.3503454
2021-04-08,77.0897404,77.27328465,75.30015989,76.81441714,2043389.42103733
2021-04-12,75.75902739,76.03434331,75.43781464,76.03434331,1550066.18757453
2021-04-13,75.25427039,75.89668214,74.38242489,74.79540289,2004227.78961388
2021-04-14,75.25427039,76.6308729,74.79540289,76.6308729,746588.06350599
2021-04-15,75.80490956,76.17200539,75.48370414,76.17200539,1070439.71835751
2021-04-16,76.17200539,76.6308729,75.75902739,76.17200539,1181354.08849087
2021-04-19,76.90619615,76.90619615,76.12611589,76.17200539,1933466.6225399
2021-04-20,76.72264456,77.0897404,75.71313789,76.17200539,1352797.9139824
2021-04-21,76.17200539,76.6308729,75.34604205,75.34604205,384076.01124479
2021-04-22,75.39193247,76.08023373,74.47419747,75.43781464,1937345.73795079
2021-04-23,75.71313789,76.17200539,74.79540289,74.79540289,687965.47667845
2021-04-26,75.02483664,76.40143914,75.02483664,76.17200539,867690.55978874
2021-04-27,76.35554964,76.35554964,75.43781464,76.17200539,545811.15181748
2021-04-28,76.12611589,76.17200539,75.25427039,76.17200539,1210937.79169472
2021-04-29,76.17200539,76.6308729,76.12611589,76.6308729,1246481.82110577
2021-04-30,75.98846115,76.6308729,75.89668214,75.98846115,3519796.00137131
2021-05-03,75.98846115,76.53910123,75.25427039,75.25427039,665867.59450629
2021-05-04,75.30015989,75.71313789,75.25427039,75.48370414,957476.82660266
2021-05-05,75.25427039,75.48370414,74.79540289,74.79540289,995701.3683482
2021-05-06,74.74951338,75.5754758,73.41880038,75.43781464,2214648.00787159
2021-05-07,75.34604205,75.71313789,74.33653538,75.25427039,3064076.21533265
2021-05-10,75.25427039,76.08023373,75.25427039,76.08023373,558614.41195175
2021-05-11,76.08023373,76.08023373,74.47419747,75.20838089,741739.16924237
2021-05-12,75.20838089,76.17200539,74.42830705,76.03434331,885517.05645228
2021-05-14,75.71313789,75.71313789,73.69412363,75.39193247,1144774.90187748
2021-05-17,74.52007963,75.25427039,73.7400058,73.87766788,2132598.17909625
2021-05-18,73.87766788,74.15299114,73.51057204,73.7400058,1503560.38821024
2021-05-19,74.29064588,74.88717455,73.69412363,74.88717455,857949.1856951
2021-05-20,74.88717455,74.88717455,73.64823413,73.64823413,1895754.21119973
2021-05-21,73.96943955,74.10710163,73.51057204,73.51057204,1304058.35433936
2021-05-24,73.51057204,74.33653538,73.18936663,73.41880038,1479610.11946546
2021-05-25,73.69412363,74.29064588,73.41880038,74.29064588,1999400.68813347
2021-05-26,74.42830705,76.17200539,74.1988733,75.34604205,1147368.24307914
2021-05-27,75.71313789,78.92521041,75.52959364,78.92521041,7043950.55938408
2021-05-28,77.9615859,78.4204534,76.17200539,77.0897404,2600031.58610882
2021-05-31,77.0897404,77.0897404,76.17200539,77.0897404,981645.02317952
2021-06-01,77.0897404,77.36506365,76.26377706,77.36506365,1520885.65086001
2021-06-02,77.0897404,78.8793209,77.04385089,78.64988715,3799016.03621436
2021-06-03,78.64988715,78.92521041,77.1356299,78.92521041,1034318.18019147
2021-06-04,78.64988715,78.97109991,78.46634291,78.78754832,731921.5204075
2021-06-07,78.69577666,78.78754832,78.0074754,78.14513749,1821157.51428127
2021-06-08,78.05336491,78.23690915,77.5486079,78.0074754,2642102.55409044
2021-06-09,78.0074754,78.69577666,77.64037957,78.60400499,2293025.75267651
2021-06-10,78.60400499,78.69577666,78.0074754,78.09924707,771431.83636227
2021-06-11,78.09924707,78.92521041,78.0074754,78.92521041,2324113.15792167
2021-06-14,78.92521041,79.56762216,78.09924707,79.33818841,2623861.99454596
2021-06-15,79.33818841,79.38407791,78.55811457,79.15464416,1284107.06131311
2021-06-16,78.74166616,80.76068042,78.74166616,80.76068042,3575716.28308115
2021-06-17,80.30181291,80.66890875,79.01698207,80.30181291,510517.73941332
2021-06-18,80.30181291,80.76068042,78.83343874,80.76068042,3976125.98533978
2021-06-21,80.57713617,80.76068042,79.10875466,80.53124667,977112.12427241
2021-06-22,80.02648966,80.57713617,79.38407791,79.38407791,683334.51024691
2021-06-23,79.42996741,80.11826867,79.42996741,79.88883492,1069894.89877732
2021-06-24,79.88883492,81.31131958,79.79705591,81.31131958,2148485.11805435
2021-06-25,80.85245208,81.67841542,80.39358458,81.67841542,1212103.70559631
2021-06-28,81.67841542,81.67841542,79.88883492,80.76068042,974660.43616159
2021-06-29,80.76068042,81.63252592,80.62301833,81.63252592,778307.45946416
2021-06-30,80.57713617,81.63252592,80.57713617,81.40309217,1757370.03783361
2021-07-01,81.58664376,82.55026092,81.40309217,82.55026092,1639198.67089224
2021-07-02,81.67841542,82.45848834,81.67841542,82.27494501,985742.06642248
2021-07-05,82.27494501,82.27494501,81.72430493,82.04551126,348499.29265893
2021-07-06,82.59615043,82.59615043,81.58664376,81.67841542,1011969.68101242
2021-07-07,81.67841542,82.13728292,80.66890875,81.21954792,1316414.86241787
2021-07-08,81.21954792,81.67841542,79.84294541,79.84294541,1015009.77426984
2021-07-09,79.84294541,81.12777625,77.41094581,81.12777625,2205353.3858337
2021-07-12,80.76068042,81.12777625,79.38407791,80.11826867,2271690.6179166
2021-07-13,80.71479091,80.71479091,78.23690915,78.23690915,2143396.50317545
2021-07-14,78.46634291,80.21004125,78.46634291,79.38407791,661618.00178087
2021-07-15,79.56762216,79.56762216,78.0074754,78.0074754,328929.37333881
2021-07-16,78.0074754,79.56762216,78.0074754,79.38407791,1940636.44821508
2021-07-19,79.52174,79.52174,77.27328465,78.97109991,1445090.35086515
2021-07-21,79.10875466,79.38407791,77.36506365,77.36506365,1011490.23978186
2021-07-22,77.5944974,80.30181291,77.5944974,80.30181291,1033381.09051356
2021-07-23,80.21004125,80.30181291,77.5486079,79.38407791,984554.35973769
2021-07-26,79.29230624,79.29230624,76.44732865,76.90619615,1774760.67883301
2021-07-27,76.90619615,77.5944974,76.6308729,77.27328465,2279699.46574527
2021-07-28,77.27328465,77.27328465,75.43781464,76.26377706,1331702.49983777
2021-07-29,76.53910123,76.86030665,75.80490956,76.53910123,1510610.35357779
2021-07-30,76.76853498,76.81441714,73.87766788,73.87766788,1956272.7701663
2021-08-02,74.33653538,76.17200539,74.01532997,76.17200539,768958.35546824
2021-08-03,76.17200539,76.90619615,74.88717455,76.90619615,1677564.86572862
2021-08-04,76.6308729,76.72264456,75.89668214,76.30966748,2512337.42648279
2021-08-05,76.17200539,76.99796873,76.03434331,76.90619615,2100551.89138997
2021-08-06,76.17200539,76.6308729,75.66724839,75.66724839,994960.41371915
2021-08-09,76.17200539,76.35554964,75.5754758,76.30966748,981067.51442452
2021-08-10,76.30966748,76.90619615,75.5754758,76.6308729,2094319.1553927
2021-08-11,76.6308729,76.76853498,75.80490956,75.80490956,1529341.25074443
2021-08-12,75.85079998,75.94257164,75.34604205,75.34604205,707404.63929933
2021-08-13,75.5754758,77.82393116,75.39193247,77.82393116,1219938.21115932
2021-08-16,77.27328465,77.27328465,76.40143914,77.0897404,917606.92972498
2021-08-17,77.0897404,77.0897404,76.35554964,76.35554964,2523462.6423101
2021-08-18,76.35554964,77.5027184,76.35554964,77.0897404,7171906.88598552
2021-08-19,77.0897404,77.5486079,76.99796873,77.45683624,1138106.31021606
2021-08-20,77.04385089,77.5027184,75.39193247,75.39193247,1405220.45398747
2021-08-23,75.71313789,76.58498339,75.07072614,75.07072614,1504748.09489503
2021-08-24,75.39193247,76.17200539,75.1166083,76.03434331,1746822.3307613
2021-08-25,76.03434331,76.17200539,75.43781464,76.17200539,818319.00943269
2021-08-26,76.17200539,76.6767624,75.75902739,75.85079998,917704.99724941
2021-08-27,75.85079998,76.53910123,75.39193247,76.08023373,1217355.76634926
2021-08-31,76.08023373,76.53910123,75.07072614,76.35554964,13154363.66451867
2021-09-01,76.30966748,76.6308729,75.52959364,75.52959364,1115409.12650569
2021-09-02,76.26377706,76.6308729,75.43781464,75.43781464,1725160.30425328
2021-09-03,75.89668214,76.6308729,75.89668214,76.6308729,1122589.84857248
2021-09-06,76.6308729,76.6767624,75.48370414,76.40143914,1166654.85621757
2021-09-07,76.6308729,76.81441714,76.40143914,76.72264456,936719.20059775
2021-09-08,76.6308729,76.86030665,76.40143914,76.72264456,987387.42155463
2021-09-09,76.76853498,76.90619615,76.08023373,76.08023373,731518.35391817
2021-09-10,76.44732865,76.6308729,75.80490956,75.98846115,1489874.52035608
2021-09-13,76.26377706,76.40143914,75.98846115,76.08023373,956735.87197362
2021-09-14,76.08023373,76.44732865,75.66724839,75.66724839,3039897.1223642
2021-09-15,75.66724839,76.53910123,75.66724839,76.17200539,895105.88106348
2021-09-16,76.40143914,76.6308729,76.03434331,76.6308729,532964.3061168
2021-09-17,76.6308729,76.6308729,75.98846115,76.35554964,1580532.49849829
2021-09-20,76.12611589,76.30966748,75.34604205,75.62136623,709540.33205364
2021-09-21,75.25427039,76.08023373,75.07072614,76.03434331,719031.08914041
2021-09-22,75.98846115,76.35554964,74.79540289,74.79540289,852915.05277422
2021-09-23,74.97894713,75.62136623,74.97894713,75.30015989,766550.25292384
2021-09-24,75.30015989,75.80490956,75.25427039,75.25427039,626586.1027752
2021-09-27,75.71313789,75.75902739,73.64823413,73.69412363,5138346.01017467
2021-09-28,73.96943955,74.47419747,73.78589622,73.83177838,1534549.72593096
2021-09-29,73.96943955,74.79540289,73.60234463,73.69412363,1884182.24331667
2021-09-30,73.87766788,74.74951338,73.69412363,74.74951338,1255656.58283603
2021-10-01,74.79540289,75.39193247,74.38242489,74.38242489,1979340.43119118
2021-10-04,74.38242489,74.47419747,73.78589622,74.33653538,1586569.0994467
2021-10-05,74.42830705,74.42830705,73.87766788,73.87766788,1059576.01592869
2021-10-06,74.33653538,75.02483664,74.33653538,74.79540289,1910311.79038218
2021-10-07,74.88717455,76.2178949,74.88717455,75.71313789,1820318.49212779
2021-10-08,75.71313789,76.86030665,74.38242489,74.38242489,3516069.43544287
2021-10-11,74.79540289,77.1356299,74.79540289,76.86030665,4830185.15923238
2021-10-12,77.18151206,77.91570374,76.90619615,77.73215215,2071807.2103396
2021-10-13,77.82393116,78.32868082,77.77804165,77.77804165,4323285.02183146
2021-10-14,78.0074754,78.46634291,77.9615859,78.46634291,1530801.36721931
2021-10-15,78.09924707,78.4204534,78.0074754,78.0074754,4739494.49191536
2021-10-18,78.0074754,78.92521041,77.9615859,78.92521041,5787302.40491212
2021-10-19,78.92521041,79.79705591,78.28279866,78.74166616,2961998.81878984
2021-10-20,78.92521041,79.38407791,78.83343874,78.92521041,1622320.16029821
2021-10-21,78.92521041,79.33818841,77.91570374,77.91570374,2361400.6099893
2021-10-22,77.77804165,78.46634291,77.64037957,78.0074754,980195.80309623
2021-10-25,77.82393116,77.91570374,77.5486079,77.73215215,1211351.85457566
2021-10-26,77.5486079,78.28279866,77.5486079,78.0074754,1276414.20884094
2021-10-27,78.83343874,80.30181291,78.37457124,79.84294541,5022767.98443495
2021-10-28,79.84294541,79.88883492,78.51223241,79.79705591,1181070.78230917
2021-10-29,79.75117375,79.84294541,77.5486079,79.79705591,3345006.98365747
2021-11-02,79.56762216,81.21954792,78.92521041,80.76068042,2998120.35695587
2021-11-03,81.21954792,83.78920869,81.17365842,83.51388543,5872969.83569987
2021-11-04,83.51388543,83.92686343,83.19268002,83.88098127,2948966.73443189
2021-11-05,83.97275293,85.80822294,83.74331918,85.80822294,3741875.35864492
2021-11-08,85.71645128,87.13893595,85.25758378,87.13893595,2528812.77058749
2021-11-09,87.13893595,87.91901621,86.31297995,87.91901621,3182879.57298704
2021-11-10,87.27659712,87.59780345,84.01864244,84.29395835,1691152.66605835
2021-11-11,84.15629718,84.20218668,82.68792209,83.83509085,1203898.72271878
2021-11-12,83.83509085,85.16581119,83.46799593,85.16581119,708886.54855742
2021-11-15,85.11992169,85.11992169,84.11041502,84.43162044,337755.45053775
2021-11-16,84.24807619,84.24807619,82.87147368,83.55977493,2238140.62816902
2021-11-17,83.33034118,84.89048794,83.33034118,83.6056571,1235421.98362808
2021-11-18,83.6056571,83.6056571,82.22905459,82.22905459,1666417.85711811
2021-11-19,82.27494501,83.33034118,80.76068042,83.33034118,1300375.37397733
2021-11-22,82.64203993,83.05501793,81.21954792,82.22905459,1923638.07731342
2021-11-23,81.99962084,83.23856218,81.81607751,82.04551126,1770848.87424731
2021-11-24,83.14678959,83.42211377,82.09139342,83.42211377,1134902.77108459
2021-11-25,83.42211377,83.92686343,82.77969467,83.92686343,575950.57099313
2021-11-26,83.33034118,83.51388543,81.21954792,83.51388543,1170065.4267895
2021-11-29,80.94422466,83.51388543,78.46634291,83.51388543,5244880.03088337
2021-12-01,83.51388543,83.51388543,81.67841542,82.41260618,2688139.80861578
2021-12-02,82.32082717,83.46799593,81.49487117,82.59615043,2063046.51149028
2021-12-03,82.64203993,83.51388543,82.64203993,83.33034118,1986749.97748165
2021-12-06,83.33034118,86.0835462,83.28445168,86.0835462,3190594.21824241
2021-12-07,86.0835462,86.0835462,84.43162044,84.43162044,1641203.6069473
2021-12-09,84.9822596,85.71645128,84.9822596,85.25758378,1928269.04374496
2021-12-10,84.9822596,85.21169335,82.68792209,83.19268002,1811721.23915253
2021-12-13,83.19268002,86.17531878,83.14678959,85.80822294,4061128.7362397
2021-12-14,85.80822294,87.0012812,84.33984877,87.0012812,3185102.43687418
2021-12-15,87.0012812,87.0012812,83.51388543,85.34935544,2123586.86324005
2021-12-16,85.30346594,86.26709045,84.47750994,85.39524494,1927898.56643044
2021-12-17,84.43162044,86.26709045,84.20218668,86.26709045,2855028.94241699
2021-12-20,85.80822294,86.81772961,85.34935544,86.81772961,965278.64299086
2021-12-21,86.72595795,86.72595795,84.5233921,84.5233921,2582760.80541706
2021-12-22,84.5233921,85.34935544,83.42211377,84.15629718,1552953.7313495
2021-12-23,84.0645246,84.89048794,83.92686343,84.43162044,926040.73682619
2021-12-24,84.43162044,84.43162044,83.42211377,83.42211377,470636.94614403
2021-12-27,83.51388543,86.26709045,83.51388543,86.26709045,567059.11544456
2021-12-28,86.22120094,87.13893595,86.0835462,87.0012812,890997.94142891
2021-12-29,85.34935544,87.8731267,85.34935544,87.73546462,1646728.07749034
2021-12-31,85.80822294,87.18482545,84.5233921,84.56928252,1747890.17713846
2022-01-03,84.43162044,84.43162044,83.51388543,83.55977493,932959.94549449
2022-01-05,83.51388543,85.25758378,83.51388543,85.25758378,1458841.59706893
2022-01-06,85.16581119,85.67056086,83.74331918,85.16581119,1359913.25769957
2022-01-07,84.47750994,86.22120094,84.24807619,84.89048794,1326581.19578406
2022-01-10,84.33984877,87.64369295,83.55977493,86.9095022,1678534.64458134
2022-01-11,86.72595795,87.59780345,85.44112711,87.09305379,1909690.69606077
2022-01-12,87.09305379,87.73546462,86.31297995,87.13893595,1627278.01847786
2022-01-13,87.18482545,88.56142796,87.09305379,88.2861047,4066206.454727
2022-01-14,88.10256045,88.10256045,86.9095022,87.09305379,1349147.62279518
2022-01-17,87.09305379,87.59780345,86.31297995,86.9095022,1570071.9625588
2022-01-18,87.09305379,87.3683697,86.35886211,87.18482545,1184928.10493686
2022-01-19,87.18482545,87.27659712,85.89999461,86.5424137,892359.99037936
2022-01-20,85.89999461,87.18482545,85.89999461,87.18482545,1071028.1235041
2022-01-21,86.45063469,87.09305379,86.45063469,86.9095022,1344898.03006976
2022-01-24,86.5424137,86.81772961,85.80822294,85.89999461,858962.55011423
2022-01-25,85.89999461,87.13893595,85.6246787,87.09305379,1264787.75899987
2022-01-26,86.9553917,87.55192129,85.71645128,87.18482545,1975036.35650775
2022-01-27,87.13893595,87.27659712,86.31297995,87.18482545,1365873.58390675
2022-01-28,87.18482545,91.13108872,86.72595795,91.13108872,6213198.76713164
2022-01-31,90.80987597,90.80987597,89.93803046,90.02980213,1858510.34469852
2022-02-02,90.58044221,94.06783799,90.58044221,92.32414148,3800650.4949549
2022-02-03,91.86527397,92.23236798,90.48866963,91.54406672,2854353.36613757
2022-02-04,91.58995623,92.23236798,91.40640464,91.77350047,5421020.20115607
2022-02-07,91.77350047,94.34315849,91.54406672,93.60897048,7114101.52852826
2022-02-08,93.60897048,95.16911999,93.24187648,93.51719698,4886257.99042466
2022-02-09,93.42542348,93.42542348,91.95704747,92.78300898,6045535.98952657
2022-02-10,92.69123548,93.60897048,91.77350047,92.69123548,6434253.86359451
2022-02-11,91.77350047,91.86527397,90.21335372,90.21335372,7505456.32936427
2022-02-14,90.21335372,92.14059448,90.21335372,91.77350047,1434542.64379284
2022-02-15,91.77350047,92.87478248,90.62633172,90.85576547,3298326.84202751
2022-02-16,91.77350047,91.77350047,90.67222122,91.77350047,4230033.70248759
2022-02-17,91.77350047,91.77350047,90.85576547,91.77350047,2313892.34259747
2022-02-18,91.77350047,91.77350047,91.13108872,91.22286131,2270099.74474247
2022-02-21,91.31463297,91.77350047,90.67222122,91.49817722,1926231.41851508
2022-02-22,91.36052248,91.77350047,90.3051263,90.85576547,3046325.99341034
2022-02-23,90.7639938,90.7639938,90.07569255,90.25923588,1242951.39022619
2022-02-24,89.98391997,90.25923588,89.43327346,89.93803046,1593520.99728981
2022-02-28,89.93803046,91.77350047,89.57093463,91.77350047,5101962.95861014
2022-03-01,90.85576547,91.68172881,90.16746422,90.39689797,2536255.00605276
2022-03-02,90.44278747,90.48866963,89.8462588,90.07569255,2687159.13337145
2022-03-03,90.48866963,90.85576547,90.12157471,90.39689797,4563441.49277549
2022-03-04,90.3051263,90.7639938,89.93803046,90.35100846,1768190.15469602
2022-03-07,90.35100846,90.39689797,88.92852379,90.39689797,1283366.10668406
2022-03-08,89.93803046,89.93803046,83.05501793,83.51388543,4369758.13202095
2022-03-09,84.01864244,86.72595795,84.01864244,85.57878919,3898282.16372344
2022-03-10,86.35886211,88.05667095,85.76233344,87.18482545,2264291.96801774
2022-03-11,87.18482545,89.02029546,85.89999461,89.02029546,2919034.34669672
2022-03-14,88.92852379,88.92852379,84.43162044,84.43162044,2629310.19034777
2022-03-15,84.43162044,88.10256045,83.55977493,88.10256045,1984483.5280281
2022-03-16,87.8272372,87.91901621,86.40475253,87.18482545,4238696.33381248
2022-03-17,89.47916296,91.77350047,89.47916296,91.68172881,4046375.02200839
2022-03-18,91.54406672,91.58995623,89.75448622,89.75448622,4511792.59657428
2022-03-21,89.93803046,90.67222122,87.64369295,89.70859671,1174772.66796227
2022-03-22,87.23071495,90.85576547,87.23071495,90.85576547,1377151.34921651
2022-03-23,89.93803046,90.80987597,89.8462588,90.80987597,901578.33767604
2022-03-24,90.7639938,91.22286131,90.25923588,90.85576547,1294513.11529457
2022-03-25,91.26874347,91.68172881,90.3051263,91.68172881,975924.41758761
2022-03-28,90.85576547,91.77350047,90.35100846,91.77350047,1227478.51414904
2022-03-29,91.31463297,91.77350047,90.62633172,91.77350047,1064348.63545108
2022-03-30,90.85576547,91.72761097,90.39689797,90.39689797,1106899.04466326
2022-03-31,90.7639938,91.72761097,90.48866963,91.40640464,2103265.09289928
2022-04-01,90.85576547,91.26874347,90.44278747,90.7639938,1004298.62132347
2022-04-04,90.44278747,91.58995623,90.44278747,90.85576547,1203560.93457907
2022-04-05,90.85576547,91.26874347,90.71810338,91.03930972,706423.964055
2022-04-06,90.94753713,90.99342756,89.93803046,90.02980213,2104202.18257719
2022-04-07,90.3051263,90.80987597,88.56142796,88.56142796,2125689.86681955
2022-04-08,90.21335372,90.67222122,88.69909004,90.39689797,1779097.44269125
2022-04-11,90.39689797,91.77350047,89.34150088,91.77350047,2841822.51579339
2022-04-12,91.77350047,95.44444049,89.93803046,89.93803046,4035903.5896773
2022-04-13,89.93803046,90.85576547,89.93803046,90.39689797,3075778.93991495
2022-04-18,90.02980213,90.12157471,89.75448622,89.93803046,1798089.85325638
2022-04-19,89.8462588,91.63583839,89.8462588,91.58995623,1445635.17044533
2022-04-20,91.63583839,91.72761097,91.08519922,91.58995623,3526486.38581594
2022-04-21,91.58995623,92.23236798,91.22286131,91.77350047,5409589.88636386
2022-04-22,91.77350047,91.77350047,89.93803046,90.85576547,915612.89006151
2022-04-25,90.7639938,90.7639938,89.75448622,90.12157471,1528295.19715048
2022-04-26,89.93803046,90.71810338,89.66270721,89.66270721,1628977.85556803
2022-04-27,89.66270721,89.89214096,87.27659712,88.92852379,1211602.47158255
2022-04-28,87.8272372,89.02029546,84.43162044,88.97440596,2448746.085084
2022-04-29,88.97440596,88.97440596,86.35886211,87.09305379,2268356.32208589
2022-05-02,87.18482545,87.18482545,85.44112711,86.17531878,956964.69619729
2022-05-04,85.53289969,89.89214096,85.53289969,89.8462588,1926547.41387159
2022-05-05,89.66270721,89.66270721,87.0012812,89.02029546,1833503.12596818
2022-05-06,89.02029546,89.02029546,86.63418628,86.63418628,1807994.67322408
2022-05-10,86.63418628,86.77184745,85.25758378,86.26709045,6913019.51787485
2022-05-11,86.03765669,87.18482545,85.39524494,87.18482545,1593629.96120585
2022-05-12,86.26709045,88.33199421,84.33984877,84.33984877,3440186.96431519
2022-05-13,85.25758378,85.71645128,81.67841542,81.67841542,3934272.94519023
2022-05-16,81.86195967,84.24807619,81.72430493,83.14678959,3707192.14417056
2022-05-17,83.51388543,85.16581119,82.59615043,85.16581119,1693822.28200124
2022-05-18,85.16581119,89.43327346,83.55977493,89.02029546,4267778.80300257
2022-05-19,87.18482545,90.3051263,86.72595795,88.01078879,2341874.27623559
2022-05-20,89.02029546,90.58044221,87.73546462,89.93803046,1575149.68104609
2022-05-23,89.06618496,89.8462588,86.72595795,86.72595795,1844105.31499852
2022-05-24,86.72595795,88.10256045,84.43162044,86.72595795,1479043.50710207
2022-05-25,84.93637744,88.37788371,84.93637744,88.37788371,1548682.34584087
2022-05-26,88.10256045,89.02029546,86.26709045,89.02029546,2861893.66912728
2022-05-27,88.10256045,88.51553845,86.4965242,87.73546462,1380431.16308921
2022-05-30,88.10256045,89.93803046,86.9095022,89.47916296,2237356.08797356
2022-05-31,89.47916296,90.71810338,87.64369295,90.71810338,14166366.03470591
2022-06-01,90.58044221,90.67222122,87.27659712,87.91901621,1936049.06734996
2022-06-02,88.10256045,88.79086171,85.85411245,86.35886211,1952578.89341266
2022-06-03,85.6246787,87.59780345,85.6246787,87.18482545,781369.34550478
2022-06-06,87.18482545,88.51553845,86.58829586,87.27659712,1147978.44100894
2022-06-07,86.77184745,87.8731267,86.77184745,87.32248754,1103662.81635698
2022-06-08,87.64369295,89.43327346,86.58829586,89.02029546,1897911.69673725
2022-06-09,89.02029546,89.93803046,88.60731746,89.75448622,1223741.05182899
2022-06-10,89.66270721,89.66270721,84.9822596,84.9822596,2007834.49523468
2022-06-13,84.9822596,86.17531878,83.14678959,85.02815002,1870768.7852526
2022-06-14,84.43162044,85.76233344,83.05501793,85.76233344,1850032.95203089
2022-06-15,84.47750994,86.26709045,84.47750994,85.21169335,1392656.91446848
2022-06-16,84.5233921,88.10256045,84.24807619,88.10256045,2479550.18414747
2022-06-17,85.80822294,87.13893595,84.43162044,87.0012812,5489809.12134979
2022-06-20,85.34935544,86.72595795,85.34935544,85.80822294,1147422.72503716
2022-06-21,86.17531878,86.63418628,84.70694369,84.9822596,900150.91037596
2022-06-22,85.53289969,86.22120094,83.33034118,83.51388543,1169836.60256583
2022-06-23,83.46799593,84.38573093,79.10875466,79.38407791,3543136.07218629
2022-06-24,79.38407791,82.36671668,77.45683624,80.76068042,3331626.21476821
2022-06-27,80.66890875,80.66890875,78.05336491,78.46634291,3370526.33279317
2022-06-28,78.46634291,79.75117375,78.32868082,79.01698207,2576397.31272054
2022-06-29,79.56762216,79.56762216,79.06287249,79.29230624,1233438.84035622
2022-06-30,79.29230624,79.84294541,77.0897404,77.82393116,2318915.57912674
2022-07-01,78.78754832,78.92521041,78.05336491,78.92521041,778993.93213519
2022-07-04,78.92521041,79.15464416,78.19101965,78.92521041,1006848.37695872
2022-07-05,78.92521041,81.67841542,78.92521041,81.67841542,941677.0587774
2022-07-06,82.09139342,82.59615043,80.76068042,81.58664376,1316251.41654382
2022-07-07,81.58664376,81.58664376,80.02648966,80.11826867,1080747.70481454
2022-07-08,80.30181291,84.43162044,79.84294541,79.84294541,2237388.77714837
2022-07-11,79.93471708,81.49487117,79.93471708,81.49487117,650754.29935205
2022-07-12,81.63252592,83.00912843,80.8983425,81.67841542,1469236.7546588
2022-07-13,81.67841542,82.50437876,80.07237916,80.34770242,750358.21500084
2022-07-14,80.439475,82.59615043,80.34770242,82.59615043,1496401.45892665
2022-07-15,82.59615043,82.59615043,80.53124667,81.31131958,1719428.80226977
2022-07-18,81.31131958,82.13728292,80.62301833,82.13728292,792636.21442293
2022-07-19,82.09139342,82.09139342,80.85245208,82.04551126,978626.72270531
2022-07-20,82.13728292,82.55026092,81.44898167,81.67841542,1645474.99245593
2022-07-21,82.13728292,82.59615043,80.99011417,81.67841542,3586198.61180384
2022-07-22,81.67841542,82.13728292,80.85245208,81.44898167,749301.26501529
2022-07-25,81.40309217,81.40309217,78.97109991,79.29230624,1093224.0732007
2022-07-26,79.84294541,79.9806075,79.38407791,79.38407791,1913221.12694035
2022-07-27,79.15464416,80.76068042,78.60400499,79.84294541,3809792.56751035
2022-07-28,79.79705591,84.24807619,79.65940116,84.24807619,2408418.53975897
2022-07-29,83.33034118,85.80822294,82.59615043,85.34935544,2254016.67073551
2022-08-01,84.93637744,84.9822596,82.64203993,82.64203993,1064773.59472362
2022-08-02,82.59615043,85.25758378,82.13728292,84.43162044,993522.09002747
2022-08-03,84.43162044,85.80822294,82.87147368,85.34935544,1616697.62223074
2022-08-04,85.34935544,86.26709045,84.5233921,86.26709045,1680147.31053868
2022-08-05,86.26709045,89.02029546,85.6246787,87.8731267,2359842.42598998
2022-08-08,87.64369295,88.56142796,86.35886211,88.56142796,467378.92505455
2022-08-09,88.51553845,88.51553845,86.81772961,87.27659712,1177638.41895403
2022-08-10,86.81772961,86.81772961,85.80822294,86.4965242,471759.27447921
2022-08-11,86.4965242,87.3683697,86.03765669,87.18482545,1399652.39787801
2022-08-12,87.18482545,87.64369295,86.03765669,87.4601487,1427983.01604745
2022-08-15,87.55192129,88.2861047,86.77184745,87.4601487,837104.38855735
2022-08-16,87.23071495,88.01078879,87.0012812,87.73546462,1850468.80769504
2022-08-17,88.10256045,88.33199421,85.34935544,85.34935544,2992356.16579755
2022-08-18,85.34935544,87.8272372,85.34935544,87.55192129,1040856.01515365
2022-08-19,87.23071495,88.05667095,86.4965242,87.91901621,501735.24778079
2022-08-22,87.55192129,87.59780345,84.75282585,84.75282585,1037924.88581227
2022-08-23,84.75282585,86.17531878,83.69742968,86.17531878,968765.48830402
2022-08-24,86.12942836,86.63418628,84.89048794,85.25758378,387290.44676786
2022-08-25,85.34935544,86.58829586,85.34935544,86.40475253,843522.36321189
2022-08-26,86.40475253,88.97440596,86.31297995,88.97440596,2066685.90628589
2022-08-30,86.63418628,87.13893595,85.99176719,86.63418628,3031594.07196223
2022-08-31,86.58829586,88.10256045,86.26709045,87.13893595,6230393.27308217
2022-09-01,87.13893595,88.56142796,86.31297995,88.24022254,2895258.4202176
2022-09-02,88.24022254,89.47916296,87.4142592,88.10256045,1453219.05900146
2022-09-05,88.10256045,89.02029546,87.59780345,88.97440596,1505990.28353785
2022-09-06,88.97440596,90.3051263,88.24022254,89.3873913,1948547.22851932
2022-09-07,89.15795755,89.15795755,87.18482545,87.18482545,908344.99686189
2022-09-08,87.23071495,88.79086171,87.09305379,87.23071495,1519392.84521031
2022-09-09,87.23071495,88.97440596,87.23071495,88.19433212,547086.02963511
2022-09-12,88.46965629,90.39689797,88.24022254,90.16746422,1448936.77710123
2022-09-13,89.93803046,91.03930972,89.57093463,90.16746422,2997052.51057872
2022-09-14,90.02980213,90.02980213,88.46965629,88.83675121,812533.02549116
2022-09-15,88.92852379,89.8462588,88.46965629,89.02029546,1451649.97861054
2022-09-16,89.02029546,89.52505247,88.42376587,89.02029546,2431693.23222432
2022-09-19,88.56142796,88.56142796,86.5424137,88.10256045,1515121.45970169
2022-09-20,88.10256045,89.02029546,87.73546462,88.88263337,1937672.6296989
2022-09-21,88.2861047,88.56142796,85.25758378,85.94588503,1820525.52356826
2022-09-22,85.94588503,86.26709045,85.53289969,86.26709045,1095959.06749321
2022-09-23,86.0835462,86.0835462,85.48701753,85.53289969,2272442.46893725
2022-09-27,85.39524494,85.44112711,80.80656992,81.54075334,4530501.70095771
2022-09-28,81.31131958,83.46799593,81.08188583,82.87147368,3921796.57680407
2022-09-29,82.87147368,83.23856218,81.21954792,82.59615043,2739004.16462153
2022-09-30,81.44898167,83.28445168,81.21954792,82.13728292,1443052.72563527
2022-10-03,80.80656992,84.43162044,79.84294541,84.43162044,1429377.75417272
2022-10-04,84.43162044,85.34935544,82.59615043,84.33984877,1397985.24996266
2022-10-05,84.43162044,85.34935544,81.63252592,83.6056571,1025688.23804139
2022-10-06,84.24807619,86.17531878,83.6056571,83.78920869,662533.29867558
2022-10-07,83.78920869,85.39524494,83.78920869,85.34935544,3255863.60394816
2022-10-10,85.34935544,85.34935544,83.78920869,85.30346594,1717565.51930555
2022-10-11,85.30346594,86.68006844,85.21169335,85.67056086,2163108.07558642
2022-10-12,85.44112711,85.71645128,84.43162044,84.43162044,165799.49464085
2022-10-13,83.97275293,85.80822294,83.51388543,84.43162044,559322.67740598
2022-10-14,84.47750994,85.30346594,83.97275293,83.97275293,1661133.10719035
2022-10-17,84.15629718,84.47750994,83.05501793,83.05501793,1408195.16889526
2022-10-18,83.51388543,84.33984877,83.23856218,84.24807619,1997025.27476388
2022-10-19,84.33984877,84.43162044,83.55977493,84.43162044,1363683.40919442
2022-10-20,84.43162044,85.89999461,83.51388543,85.71645128,3949931.05992465
2022-10-21,85.34935544,85.80822294,83.51388543,83.51388543,2119337.27051463
2022-10-24,83.51388543,84.79871627,83.51388543,83.97275293,2333865.42840692
2022-10-25,83.97275293,85.67056086,83.51388543,85.67056086,2094951.14610571
2022-10-26,85.44112711,85.67056086,84.5233921,85.57878919,1821745.91942787
2022-10-27,85.53289969,86.5424137,85.44112711,86.5424137,2163238.83228566
2022-10-28,86.63418628,88.51553845,86.5424137,88.10256045,1730891.80623679
2022-11-02,90.39689797,90.67222122,86.17531878,86.26709045,3657646.25154885
2022-11-03,86.17531878,87.04716336,85.30346594,86.40475253,2612813.05345988
2022-11-04,86.72595795,89.02029546,85.30346594,89.02029546,1605496.1316622
2022-11-07,88.88263337,89.47916296,88.2861047,88.97440596,2356791.43634096
2022-11-08,88.97440596,89.20383971,85.53289969,87.18482545,2179147.56402696
2022-11-09,87.09305379,87.64369295,86.45063469,87.0012812,4788528.2541317
2022-11-10,86.5424137,86.5424137,84.0645246,84.0645246,1543146.97890623
2022-11-11,85.80822294,88.05667095,85.80822294,86.17531878,3175698.85092025
2022-11-14,86.26709045,88.69909004,86.26709045,88.10256045,3009125.71247554
2022-11-15,87.4142592,88.56142796,86.35886211,87.78135504,1697472.57318845
2022-11-16,88.51553845,88.65319962,87.55192129,88.65319962,2677341.48453658
2022-11-17,88.56142796,89.34150088,86.77184745,87.91901621,1692285.89078513
2022-11-18,88.88263337,89.8462588,86.86362003,89.47916296,1769606.68560449
2022-11-21,89.47916296,89.66270721,89.02029546,89.66270721,587533.43526779
2022-11-22,89.47916296,90.3051263,89.29561871,89.75448622,1506230.00415313
2022-11-23,89.93803046,89.98391997,89.15795755,89.93803046,1129683.39950645
2022-11-24,89.93803046,91.72761097,89.20383971,90.85576547,3745144.27612601
2022-11-25,90.7639938,93.70074398,89.02029546,93.70074398,2623785.71980473
2022-11-28,93.60897048,94.25138499,92.41591498,93.97606449,2738067.07494362
2022-11-29,94.06783799,97.188137,91.77350047,97.188137,8185358.47625603
2022-12-01,94.06783799,96.1786285,91.95704747,95.44444049,3653876.10005399
2022-12-02,94.80202599,94.80202599,90.85576547,90.85576547,2303617.04531524
2022-12-05,91.72761097,92.59946198,89.93803046,89.93803046,1125237.67173217
2022-12-06,90.3051263,94.34315849,89.93803046,94.34315849,2444006.15473642
2022-12-07,91.95704747,93.97606449,90.85576547,90.85576547,1536053.42797226
2022-12-09,90.58044221,92.59946198,89.02029546,90.39689797,1795823.40380283
2022-12-12,90.39689797,91.68172881,90.39689797,90.94753713,1201817.51192249
2022-12-13,90.94753713,91.77350047,90.44278747,91.77350047,940957.89693156
2022-12-14,91.77350047,92.50768848,90.85576547,90.85576547,1118318.46306386
2022-12-15,90.85576547,91.77350047,90.85576547,91.77350047,1043928.79758587
2022-12-16,91.36052248,91.72761097,89.29561871,91.72761097,2547271.25796404
2022-12-19,89.93803046,91.03930972,88.19433212,89.47916296,1281622.68402748
2022-12-20,89.70859671,90.85576547,89.29561871,89.93803046,456460.74066771
2022-12-21,90.90165497,93.15010298,90.44278747,92.23236798,1548137.52626069
2022-12-22,91.77350047,91.86527397,90.39689797,91.77350047,1572817.85324292
2022-12-23,91.77350047,91.77350047,91.08519922,91.58995623,331991.25937943
2022-12-27,91.58995623,91.77350047,90.53456005,90.85576547,541343.63125999
2022-12-28,91.58995623,91.58995623,90.53456005,90.85576547,1180809.26891068
2022-12-29,90.67222122,93.60897048,90.48866963,93.60897048,844601.10598065
2023-01-03,91.77350047,91.86527397,89.93803046,89.93803046,1145145.379192
2023-01-04,90.67222122,92.59946198,90.21335372,90.21335372,1644668.65947726
2023-01-05,90.62633172,93.97606449,90.62633172,91.58995623,1135088.00974185
2023-01-06,91.68172881,93.70074398,91.36052248,92.32414148,1377565.41209745
2023-01-09,92.23236798,97.2799105,92.14059448,97.2799105,3023814.04835724
2023-01-10,95.44444049,97.188137,94.61847899,95.903308,1919355.79541319
2023-01-11,94.98557299,95.71976099,91.77350047,92.96655598,3279301.74228757
2023-01-12,93.15010298,95.26089349,93.15010298,94.61847899,1723035.50789057
2023-01-13,94.61847899,100.95085052,94.52670549,100.95085052,4088685.71060529
2023-01-16,100.85907702,105.90661955,100.49198302,103.15341453,4504611.87450749
2023-01-17,103.15341453,103.24518803,97.83055151,101.22617102,2332797.58202977
2023-01-18,101.22617102,103.97937604,99.29892751,103.97937604,2849341.0259999
2023-01-19,101.13439752,103.70405554,101.13439752,101.40971802,1551308.37621735
2023-01-20,101.40971802,101.77681203,99.66602151,100.85907702,1660991.4540995
2023-01-23,100.12488902,100.95085052,99.39070101,100.95085052,555301.90890425
2023-01-24,100.95085052,101.86858553,99.29892751,99.39070101,1152849.12805577
2023-01-25,99.48247451,100.85907702,98.74828651,100.21666252,1219415.18436235
2023-01-26,100.21666252,100.67553002,99.20715401,99.66602151,985164.55766749
2023-01-27,100.58375652,101.68503853,99.75779502,101.04262402,2049545.88229338
2023-01-30,100.85907702,100.95085052,98.47296601,100.95085052,1722904.75119133
2023-01-31,100.76730352,100.76730352,96.086855,96.3621755,3690836.66037351
2023-02-01,96.453949,100.95085052,96.453949,100.95085052,1593902.37099594
2023-02-02,100.95085052,102.14390603,99.39070101,100.95085052,3054422.01237184
2023-02-03,101.13439752,102.78632053,100.03311552,101.31794452,3625382.0360105
2023-02-06,101.31794452,101.31794452,97.738778,99.11538051,3548802.19582018
2023-02-07,99.11538051,99.66602151,97.555231,98.10587201,2184454.10673793
2023-02-08,97.738778,99.57424801,96.821043,99.57424801,903027.55775932
2023-02-09,99.57424801,100.95085052,97.738778,97.738778,1028510.40346673
2023-02-10,97.738778,99.11538051,97.738778,97.738778,1150974.94869994
2023-02-13,97.555231,99.11538051,97.2799105,97.2799105,1322898.21542203
2023-02-14,97.2799105,97.738778,94.80202599,95.71976099,1314388.1335796
2023-02-15,95.71976099,97.2799105,94.61847899,97.2799105,1380365.78473958
2023-02-16,97.00459,97.738778,96.3621755,96.453949,1523511.68123648
2023-02-17,96.453949,97.2799105,95.53621399,96.821043,2116711.24013816
2023-02-20,96.453949,96.821043,95.16911999,95.903308,821271.93155728
2023-02-21,95.903308,99.84956852,94.52670549,99.84956852,2233498.76534588
2023-02-22,99.66602151,99.66602151,95.44444049,95.44444049,2489836.3778213
2023-02-23,95.44444049,96.270402,94.34315849,94.61847899,2286923.77337848
2023-02-27,94.61847899,95.44444049,94.06783799,94.52670549,2540700.73382705
2023-02-28,94.43493199,100.76730352,94.34315849,100.76730352,5967169.14111326
2023-03-01,99.11538051,99.11538051,95.35266699,95.44444049,1712258.97659458
2023-03-02,95.9950815,97.188137,95.44444049,95.53621399,3707726.06735914
2023-03-03,96.270402,99.84956852,96.270402,99.02360701,2733588.65799452
2023-03-06,99.02360701,99.48247451,97.0963635,97.0963635,1459070.42129261
2023-03-07,97.2799105,100.21666252,97.2799105,99.57424801,2306896.85918794
2023-03-08,99.57424801,100.03311552,97.83055151,100.03311552,2776215.34194793
2023-03-09,100.03311552,100.03311552,98.47296601,99.11538051,1422741.85168611
2023-03-10,97.371684,100.03311552,96.5457225,100.03311552,1293456.16530902
2023-03-13,97.371684,98.93183351,95.44444049,96.453949,1841381.21709761
2023-03-14,95.35266699,96.086855,94.80202599,95.26089349,2048063.97303528
2023-03-15,95.81153449,97.738778,95.44444049,95.71976099,2192571.91848264
2023-03-16,94.71025249,96.086855,92.04882098,94.43493199,2831449.15098673
2023-03-17,94.43493199,96.5457225,92.87478248,92.87478248,4284014.42649198
2023-03-20,94.71025249,95.26089349,92.23236798,93.15010298,577051.10654509
2023-03-21,93.42542348,95.35266699,93.42542348,94.34315849,1262129.03944858
2023-03-22,94.52670549,97.188137,94.52670549,95.16911999,1391000.66294473
2023-03-23,95.16911999,97.83055151,94.98557299,96.821043,1258337.09517052
2023-03-24,102.5,104.1,100.6,101.5,3777480.0
2023-03-27,102.0,102.9,100.8,102.0,2775030.0
2023-03-28,102.3,102.9,101.0,101.8,1614610.0
2023-03-29,102.8,103.5,101.1,101.1,1422090.0
2023-03-30,102.0,103.0,101.8,103.0,864100.0
2023-03-31,102.8,103.0,101.7,102.5,1976790.0
2023-04-03,102.6,102.6,101.6,102.0,714220.0
2023-04-04,102.0,102.4,98.599998,99.099998,1186700.0
2023-04-05,99.099998,101.6,98.849998,101.6,3053960.0
2023-04-11,101.6,102.3,99.75,99.85,1550230.0
2023-04-12,99.800003,101.5,99.099998,101.5,1227130.0
2023-04-14,100.0,100.9,99.300003,99.300003,1564000.0
2023-04-17,99.300003,101.0,99.099998,101.0,751190.0
2023-04-18,100.9,100.9,99.75,100.0,916150.0
2023-04-19,100.0,100.9,98.849998,100.2,1106820.0
2023-04-20,100.0,103.0,99.050003,102.8,885340.0
2023-04-24,103.5,109.5,103.4,109.5,6279050.0
2023-04-25,108.1,111.0,108.1,109.5,2588750.0
2023-04-26,109.5,110.0,107.0,108.0,1507310.0
2023-04-27,108.0,110.4,107.6,109.0,1825130.0
2023-04-28,109.5,111.9,107.3,107.6,3874610.0
2023-05-02,108.0,111.3,108.0,110.0,1409220.0
2023-05-03,110.0,110.0,108.0,108.0,1338780.0
2023-05-04,108.7,110.0,107.6,109.5,1418830.0
2023-05-05,109.2,109.5,107.5,108.0,2670110.0
2023-05-08,108.0,109.2,105.1,105.1,2137870.0
2023-05-09,105.0,106.5,104.1,105.0,2009600.0
2023-05-10,105.1,107.0,105.1,106.5,1187610.0
2023-05-11,106.0,107.6,105.1,106.8,931370.0
2023-05-12,106.5,106.8,104.2,104.2,1796760.0
2023-05-15,104.4,105.7,102.7,102.7,1000880.0
2023-05-16,103.3,105.6,103.3,104.1,1170460.0
2023-05-17,104.0,105.4,104.0,105.0,1407200.0
2023-05-18,105.6,106.2,104.6,105.0,1931580.0
2023-05-19,105.1,106.4,105.0,105.5,1450020.0
2023-05-22,105.0,105.6,102.9,102.9,2546210.0
2023-05-23,103.5,104.2,102.4,103.0,1607980.0
2023-05-24,103.0,105.0,102.6,105.0,879530.0
2023-05-25,105.0,105.0,102.6,103.0,1245970.0
2023-05-26,103.0,103.0,99.300003,100.5,1118180.0
2023-05-29,102.4,103.0,100.6,103.0,576040.0
2023-05-30,102.0,102.9,100.1,100.7,1440140.0
2023-05-31,100.7,101.0,99.550003,99.949997,4240510.0
2023-06-01,99.949997,102.0,99.949997,100.0,882630.0
2023-06-02,100.5,101.6,99.949997,100.0,1602920.0
2023-06-05,100.7,101.5,100.7,100.7,2492060.0
2023-06-06,100.7,102.5,100.7,102.0,2740360.0
2023-06-07,102.5,103.9,102.2,103.9,3888640.0
2023-06-08,103.9,105.5,102.7,103.0,2520850.0
2023-06-09,103.0,105.0,103.0,104.3,3302960.0
2023-06-13,104.0,105.0,102.8,104.9,3025870.0
2023-06-14,104.9,105.0,103.0,104.0,782530.0
2023-06-15,103.0,105.0,102.1,105.0,2233620.0
2023-06-16,105.0,107.0,103.0,107.0,10207880.0
2023-06-19,106.5,106.5,105.6,106.3,2232250.0
2023-06-20,105.2,105.9,103.7,105.0,1826080.0
2023-06-21,103.0,107.0,103.0,107.0,3034360.0
2023-06-22,106.0,106.8,105.1,106.5,1716510.0
2023-06-23,106.0,106.6,105.5,106.2,1564070.0
2023-06-26,106.0,108.1,106.0,107.9,1402960.0
2023-06-27,107.0,109.1,106.1,109.1,1473120.0
2023-06-29,109.1,111.0,108.1,110.0,1855160.0
2023-06-30,109.0,110.9,108.0,108.8,1988510.0
2023-07-03,108.5,108.5,106.4,108.4,721620.0
2023-07-04,108.0,108.0,106.6,106.8,607260.0
2023-07-05,106.8,108.0,106.0,108.0,1521560.0
2023-07-06,107.0,108.8,106.0,108.8,1766100.0
2023-07-07,108.0,108.0,105.7,105.9,1425070.0
2023-07-10,105.9,108.6,105.9,108.6,1284880.0
2023-07-11,108.6,109.6,107.0,109.0,1946890.0
2023-07-12,109.2,111.0,108.0,110.9,2430680.0
2023-07-13,110.0,113.8,109.8,112.6,2833050.0
2023-07-14,113.0,115.0,111.4,115.0,2838200.0
2023-07-17,112.6,117.0,112.6,116.0,2154200.0
2023-07-18,115.1,117.5,114.9,116.1,1431800.0
2023-07-19,116.1,116.1,113.4,113.4,1075180.0
2023-07-20,113.7,115.4,113.7,114.5,1826540.0
2023-07-21,114.5,115.4,114.4,115.0,2165530.0
2023-07-24,115.0,115.9,114.8,115.0,1248620.0
2023-07-25,115.0,120.4,114.8,118.3,2453360.0
2023-07-26,118.3,118.8,115.8,117.5,1614320.0
2023-07-27,116.5,117.3,115.5,116.0,776120.0
2023-07-28,115.9,117.7,113.5,115.1,1700620.0
2023-07-31,115.0,118.0,114.5,114.5,1726560.0
2023-08-01,115.1,116.9,113.6,114.5,2420860.0
2023-08-02,114.5,115.8,112.0,112.3,2329180.0
2023-08-03,112.3,114.2,112.0,113.5,836400.0
2023-08-04,113.5,117.0,113.0,117.0,4734560.0
2023-08-07,114.0,116.5,114.0,116.4,1183680.0
2023-08-08,116.0,116.0,113.2,113.2,2055720.0
2023-08-09,113.6,115.8,112.2,115.8,1842240.0
2023-08-10,114.9,115.8,113.9,115.8,1219060.0
2023-08-11,115.8,115.8,113.7,113.8,1872480.0
2023-08-14,113.8,113.9,111.8,113.9,2260890.0
2023-08-15,113.8,117.5,113.6,114.6,2316810.0
2023-08-16,115.0,115.2,112.3,113.0,2337370.0
2023-08-17,112.6,114.0,111.4,113.4,2380600.0
2023-08-18,113.0,113.3,111.1,111.1,2136720.0
2023-08-22,111.0,114.1,111.0,112.9,3512160.0
2023-08-23,112.9,112.9,108.2,108.2,3267530.0
2023-08-24,109.2,110.4,108.2,108.2,2071990.0
2023-08-25,108.0,108.0,104.7,105.1,3484690.0
2023-08-29,105.1,107.9,104.7,107.9,2788640.0
2023-08-30,107.8,108.5,106.6,107.9,2308150.0
2023-08-31,108.0,110.0,106.0,110.0,4731790.0
2023-09-01,109.5,109.5,106.6,107.0,1655190.0
2023-09-04,107.0,108.0,105.8,105.8,1197670.0
2023-09-05,105.6,106.7,103.2,104.2,3475830.0
2023-09-06,105.0,105.6,104.2,105.0,2376070.0
2023-09-07,105.0,106.0,104.3,105.0,2566810.0
2023-09-08,105.0,107.0,104.2,107.0,1795030.0
2023-09-11,106.9,106.9,105.3,105.9,3451350.0
2023-09-12,107.0,108.2,106.6,107.5,2754340.0
2023-09-13,107.7,108.4,106.6,107.8,3870140.0
2023-09-14,108.0,111.0,107.1,109.6,3222340.0
2023-09-15,109.6,111.0,108.2,110.0,9976930.0
2023-09-18,110.0,110.0,108.0,108.0,1242630.0
2023-09-19,108.0,108.8,105.6,106.3,1044210.0
2023-09-20,107.9,108.5,106.7,107.0,2043350.0
2023-09-21,107.7,108.0,106.6,107.0,1623990.0
2023-09-22,107.2,109.5,106.6,108.5,1727810.0
2023-09-25,108.5,110.0,107.0,107.5,1211230.0
2023-09-26,107.5,111.8,107.5,110.5,3038950.0
2023-09-27,110.5,112.5,110.4,112.0,2522270.0
2023-09-28,111.8,114.4,111.0,111.0,2501140.0
2023-09-29,112.0,113.9,111.1,112.0,3171740.0
2023-10-02,112.0,113.0,111.0,111.3,525780.0
2023-10-03,111.0,111.0,108.2,109.0,4003260.0
2023-10-04,108.9,110.0,107.2,110.0,2578460.0
2023-10-05,108.4,109.8,107.0,107.0,2507100.0
2023-10-06,107.0,109.6,105.8,109.0,1457640.0
2023-10-09,108.9,108.9,107.1,107.1,688690.0
2023-10-10,107.2,109.5,107.2,108.8,1003060.0
2023-10-11,108.0,109.4,107.1,108.4,1590390.0
2023-10-12,108.1,109.1,107.6,108.0,1086600.0
2023-10-13,107.8,108.9,107.5,107.7,992830.0
2023-10-16,107.5,108.5,106.2,106.2,774550.0
2023-10-17,106.8,108.5,106.5,107.8,926030.0
2023-10-18,107.6,108.4,106.6,107.5,552920.0
2023-10-19,107.6,107.6,106.5,106.8,884960.0
2023-10-20,106.5,106.7,105.2,105.3,1859160.0
2023-10-23,105.0,105.0,102.2,102.2,2377150.0
2023-10-24,102.9,102.9,100.4,100.6,2353220.0
2023-10-25,100.8,102.0,99.800003,100.0,3180690.0
2023-10-26,99.849998,100.0,98.300003,99.0,2348820.0
2023-10-27,98.25,98.900002,96.0,98.900002,5757210.0
2023-10-31,98.900002,101.0,98.400002,100.5,4091650.0
2023-11-03,103.0,105.0,99.050003,99.050003,2619430.0
2023-11-06,99.099998,100.0,99.099998,100.0,1157960.0
2023-11-07,100.0,104.0,99.5,104.0,1497730.0
2023-11-08,104.0,104.4,102.3,104.3,873600.0
2023-11-09,104.3,104.3,102.8,103.8,1109900.0
2023-11-10,104.2,104.2,102.4,104.1,1083620.0
2023-11-13,103.0,103.5,102.1,103.0,467950.0
2023-11-14,103.0,104.0,102.6,104.0,2741510.0
2023-11-15,103.0,104.6,102.1,104.0,2250890.0
2023-11-16,104.0,106.7,103.9,106.7,1497070.0
2023-11-17,104.0,106.2,104.0,105.5,754050.0
2023-11-20,105.1,105.5,103.8,104.0,663120.0
2023-11-21,104.5,105.6,103.8,104.0,1050450.0
2023-11-22,103.9,105.2,103.5,105.2,628710.0
2023-11-23,104.0,104.8,103.6,104.0,591380.0
2023-11-24,103.8,104.8,103.1,103.4,858930.0
2023-11-28,103.4,104.7,103.2,104.5,1143640.0
2023-11-29,102.5,103.3,102.0,102.7,2815820.0
2023-11-30,102.7,103.3,102.1,103.3,3248380.0
2023-12-01,102.5,104.5,102.4,104.5,818360.0
2023-12-04,103.2,105.8,103.2,105.7,1805320.0
2023-12-05,105.7,106.1,104.5,106.0,2410980.0
2023-12-06,106.0,106.0,103.8,104.5,1419560.0
2023-12-07,104.0,104.9,101.7,101.9,1325550.0
2023-12-11,101.9,101.9,98.300003,99.5,4574670.0
2023-12-12,99.5,102.5,99.5,102.5,1585910.0
2023-12-13,102.5,102.7,100.3,100.8,776510.0
2023-12-14,100.9,103.0,100.9,101.5,2429990.0
2023-12-15,101.5,102.4,100.8,101.6,4341920.0
2023-12-18,101.6,103.0,101.5,102.2,1018150.0
2023-12-19,102.0,104.4,101.0,104.0,2135260.0
2023-12-20,104.1,105.2,101.9,103.3,1779520.0
2023-12-21,102.0,104.6,102.0,104.6,808830.0
2023-12-22,104.5,104.5,102.4,104.1,858600.0
2023-12-27,104.1,104.3,103.0,103.5,1579780.0
2023-12-28,104.0,105.0,103.5,104.5,1607910.0
2023-12-29,104.0,105.0,103.8,103.8,1228350.0
2024-01-02,104.0,105.8,104.0,105.8,1153110.0
2024-01-03,104.9,104.9,103.0,103.5,940060.0
2024-01-04,103.5,104.0,103.0,104.0,4295970.0
2024-01-05,104.3,105.5,104.0,104.5,1534720.0
2024-01-08,104.3,105.4,103.0,104.0,1512190.0
2024-01-09,104.0,105.8,104.0,105.0,3750170.0
2024-01-10,104.7,105.3,101.9,104.8,3053780.0
2024-01-11,105.0,108.8,103.5,108.8,1615630.0
2024-01-12,107.0,108.2,106.2,107.0,1850050.0
2024-01-15,107.0,110.0,107.0,109.0,1744070.0
2024-01-16,109.0,110.5,108.7,109.0,1973250.0
2024-01-17,111.0,111.9,108.6,109.0,2459840.0
2024-01-18,108.9,109.8,105.9,109.8,3292150.0
2024-01-19,109.0,109.5,106.2,106.2,2056930.0
2024-01-22,106.6,107.5,105.8,106.5,1671650.0
2024-01-23,106.5,107.6,106.4,107.6,1122370.0
2024-01-24,107.0,109.6,106.5,109.6,1794200.0
2024-01-25,109.0,111.2,109.0,111.2,1676780.0
2024-01-26,111.3,113.7,108.0,113.7,2483880.0
2024-01-29,113.0,114.2,110.6,112.0,1899050.0
2024-01-30,112.0,112.7,110.4,110.4,1266380.0
2024-01-31,110.6,114.4,110.6,110.6,2109130.0
2024-02-01,111.1,113.0,110.5,112.5,1435100.0
2024-02-02,112.5,116.9,111.7,116.1,3438420.0
2024-02-05,115.0,117.8,114.3,115.0,3384590.0
2024-02-06,116.0,116.9,113.1,114.2,1022130.0
2024-02-07,114.1,115.3,112.6,112.6,4409640.0
2024-02-08,113.1,114.5,113.1,113.4,5015440.0
2024-02-12,114.3,116.4,114.0,114.6,6562940.0
2024-02-13,114.4,114.6,113.3,113.5,2906720.0
2024-02-14,113.5,114.8,113.0,114.5,1676390.0
2024-02-15,114.0,114.7,113.5,114.5,2879900.0
2024-02-16,115.0,115.9,114.2,115.0,3146140.0
2024-02-19,115.1,117.2,115.1,116.7,3416860.0
2024-02-20,116.4,117.8,116.1,117.8,3290490.0
2024-02-21,117.5,120.0,116.0,120.0,2734160.0
2024-02-22,119.0,120.0,117.0,119.0,1471150.0
2024-02-23,118.5,121.0,117.2,120.0,1565370.0
2024-02-26,120.0,121.1,118.1,121.1,1737640.0
2024-02-27,120.8,121.9,119.0,121.9,2412340.0
2024-02-28,120.9,121.7,119.4,121.2,1967390.0
2024-02-29,121.3,125.1,120.2,125.1,13075820.0
2024-03-01,123.0,124.7,121.3,122.0,2861050.0
2024-03-04,122.0,122.0,118.8,120.0,5660960.0
2024-03-05,120.0,120.9,116.3,116.3,4851350.0
2024-03-06,116.3,119.0,115.5,117.9,4667330.0
2024-03-07,117.0,117.9,116.5,117.0,3026910.0
2024-03-08,117.1,119.7,117.0,118.1,3071450.0
2024-03-11,118.0,118.3,116.5,118.0,1600620.0
2024-03-12,117.8,119.5,117.5,118.1,1667060.0
2024-03-13,119.5,120.1,118.2,120.0,2758040.0
2024-03-14,119.8,120.2,119.0,120.1,2983660.0
2024-03-15,120.1,120.2,117.2,118.4,10414940.0
2024-03-18,118.0,124.0,117.6,120.5,3077090.0
2024-03-19,120.6,123.2,120.6,122.7,2116750.0
2024-03-20,122.5,124.7,120.4,121.8,3474740.0
2024-03-21,121.9,123.5,121.1,122.5,2047400.0
2024-03-22,123.4,124.4,121.4,121.5,2294110.0
2024-03-25,122.0,122.0,119.1,119.2,1966070.0
2024-03-26,119.2,122.0,117.1,118.0,4171520.0
2024-03-27,118.0,119.9,117.6,118.1,3324480.0
2024-04-01,120.0,120.0,118.1,118.1,1062650.0
2024-04-02,119.0,120.7,117.0,117.0,2486760.0
2024-04-03,117.1,117.9,115.0,115.0,2142630.0
2024-04-04,115.5,117.8,115.1,115.8,2645860.0
2024-04-05,115.5,117.5,114.0,114.2,2052670.0
2024-04-08,114.2,116.8,113.7,114.5,1570870.0
2024-04-11,115.8,117.5,115.0,117.5,1659240.0
2024-04-12,116.7,118.6,116.2,118.5,1946110.0
2024-04-15,118.0,118.0,115.4,117.0,1334580.0
2024-04-16,116.9,116.9,114.3,115.5,1203220.0
2024-04-17,115.5,118.3,115.0,118.0,2372470.0
2024-04-18,118.6,124.0,118.5,124.0,3505030.0
2024-04-19,123.9,124.0,119.1,124.0,1940180.0
2024-04-22,123.0,123.0,120.4,121.0,1074100.0
2024-04-23,122.0,125.0,121.9,125.0,3665890.0
2024-04-24,124.3,126.5,123.1,124.0,1585050.0
2024-04-25,125.4,125.5,123.4,123.7,1345730.0
2024-04-26,123.0,125.0,123.0,125.0,764730.0
2024-04-29,125.0,129.0,123.0,129.0,2966420.0
2024-04-30,128.5,129.5,126.2,127.5,4256120.0
2024-05-02,125.6,128.0,125.6,127.5,815710.0
2024-05-03,127.0,127.4,125.6,126.1,1149440.0
2024-05-06,126.1,128.89999,125.7,127.0,590640.0
2024-05-07,127.0,127.9,124.6,125.0,1302920.0
2024-05-08,126.0,126.0,122.0,124.4,1106780.0
2024-05-09,123.0,125.0,122.3,123.0,697560.0
2024-05-10,123.1,125.0,121.0,122.2,885660.0
2024-05-13,122.2,127.4,122.2,126.0,828410.0
2024-05-14,126.0,127.0,125.5,126.9,709450.0
2024-05-15,126.2,126.6,124.1,124.6,912600.0
2024-05-16,125.0,127.3,125.0,125.6,764800.0
2024-05-17,125.0,125.8,121.0,123.0,1616960.0
2024-05-20,122.8,126.8,122.4,126.6,736700.0
2024-05-21,126.6,126.6,124.5,125.2,1160880.0
2024-05-22,124.2,126.0,124.1,124.9,1229040.0
2024-05-23,124.5,125.9,123.1,124.0,1470940.0
2024-05-24,123.2,123.5,121.8,123.0,770230.0
2024-05-27,123.0,123.0,120.0,121.1,3056280.0
2024-05-28,121.0,124.0,120.4,123.0,1413870.0
2024-05-29,124.9,125.0,120.0,120.8,3496450.0
2024-05-30,120.5,121.9,119.3,120.2,1541380.0
2024-05-31,120.0,120.7,117.6,120.2,6065280.0
2024-06-03,120.0,121.7,119.1,121.0,768180.0
2024-06-04,120.5,121.7,119.0,120.0,1105840.0
2024-06-05,120.0,120.6,118.8,120.0,1640980.0
2024-06-06,119.0,120.6,118.0,120.0,1051190.0
2024-06-07,119.4,121.0,119.4,119.8,732770.0
2024-06-10,119.5,119.8,118.5,119.0,921660.0
2024-06-11,118.5,119.8,117.2,118.1,1693570.0
2024-06-13,118.1,119.9,116.1,116.1,1931710.0
2024-06-14,116.1,117.2,115.1,116.0,1083150.0
2024-06-18,115.8,116.0,115.0,115.6,1161470.0
2024-06-19,115.3,115.5,114.5,114.9,1534620.0
2024-06-20,114.9,116.0,114.7,115.8,759520.0
2024-06-21,115.8,116.0,109.8,109.8,6277560.0
2024-06-24,110.3,111.5,108.4,111.5,4118910.0
2024-06-25,111.5,112.9,111.3,112.1,939290.0
2024-06-26,112.1,116.0,112.0,116.0,2192830.0
2024-06-27,115.8,119.9,113.0,119.6,1085820.0
2024-06-28,119.4,120.5,117.9,119.1,2381520.0
2024-07-01,119.0,120.0,118.5,119.1,872570.0
2024-07-02,119.1,119.5,116.6,116.8,562770.0
2024-07-03,116.8,117.6,115.1,116.7,869790.0
2024-07-04,115.9,119.5,115.9,118.3,907470.0
2024-07-05,118.0,120.2,116.5,119.0,2220200.0
2024-07-08,119.0,122.9,119.0,122.5,1710910.0
2024-07-09,122.1,123.4,120.2,123.0,1927110.0
2024-07-10,122.9,123.1,121.3,121.5,1101560.0
2024-07-11,121.5,122.6,120.6,121.9,1304870.0
2024-07-12,122.0,122.9,120.1,122.7,1469320.0
2024-07-15,122.0,124.0,122.0,122.0,1541880.0
2024-07-16,123.0,123.1,121.3,121.3,1360030.0
2024-07-17,121.5,122.4,120.3,120.8,782370.0
2024-07-18,121.1,126.0,120.9,126.0,3138340.0
2024-07-19,126.0,130.60001,125.0,127.8,3454850.0
2024-07-22,126.8,130.39999,126.8,129.0,3766540.0
2024-07-23,129.0,129.2,128.10001,129.0,2690740.0
2024-07-25,128.60001,128.7,126.0,128.0,1896930.0
2024-07-26,128.0,128.0,126.8,127.0,1297130.0
2024-07-29,127.0,127.0,123.0,123.0,1523910.0
2024-07-30,123.1,126.0,119.1,122.1,2121340.0
2024-07-31,120.7,123.0,120.0,121.3,2069730.0
2024-08-01,123.0,124.8,121.7,124.8,1068450.0
2024-08-02,124.2,124.7,119.6,121.7,1432820.0
2024-08-05,121.0,121.7,117.6,118.2,2395450.0
2024-08-06,117.0,120.0,117.0,117.4,1270590.0
2024-08-07,117.2,119.8,116.5,119.8,1525330.0
2024-08-08,119.8,121.0,117.2,117.2,925820.0
2024-08-09,117.9,120.5,117.3,118.0,4501430.0
2024-08-12,120.0,120.2,118.7,118.7,1203430.0
2024-08-13,118.8,120.0,118.6,119.2,737950.0
2024-08-14,120.0,122.4,118.0,118.0,2713600.0
2024-08-15,120.0,120.9,117.8,117.9,653310.0
2024-08-16,118.5,121.2,118.5,120.5,1196890.0
2024-08-19,120.2,122.5,120.0,120.7,1198400.0
2024-08-20,121.2,122.9,121.2,122.1,2308840.0
2024-08-21,122.5,123.2,121.6,121.6,1507050.0
2024-08-22,122.5,124.8,122.1,124.8,2571660.0
2024-08-27,126.5,128.39999,125.7,127.4,3355720.0
2024-08-28,127.4,128.7,125.5,127.1,2097720.0
2024-08-29,126.4,126.9,124.4,124.4,1413430.0
2024-08-30,124.4,126.7,124.0,124.7,1808560.0
2024-09-02,124.7,126.5,124.1,126.0,796320.0
2024-09-03,126.0,127.4,122.9,123.0,1118050.0
2024-09-04,122.0,126.2,119.8,126.2,1419430.0
2024-09-05,126.5,127.0,122.6,126.5,1298050.0
2024-09-06,124.2,127.3,124.1,126.0,1120480.0
2024-09-09,125.9,126.9,125.0,125.0,1968750.0
2024-09-10,126.2,126.8,124.0,124.0,2616460.0
2024-09-11,124.0,125.0,121.0,121.0,2038020.0
2024-09-12,121.8,124.0,121.6,122.5,1150790.0
2024-09-13,122.5,124.3,122.5,123.4,616490.0
2024-09-16,123.4,125.8,122.0,125.8,472770.0
2024-09-17,125.8,127.5,123.2,126.8,1043420.0
2024-09-18,126.5,129.1,125.6,125.6,2089980.0
2024-09-19,128.0,129.1,126.2,128.2,2341430.0
2024-09-20,128.0,133.5,127.5,132.5,6294610.0
2024-09-23,132.6,139.2,132.6,139.2,3087520.0
2024-09-24,138.9,138.9,136.1,137.5,3632980.0
2024-09-25,136.9,136.9,131.3,132.0,3777330.0
2024-09-26,132.8,139.0,132.3,138.0,1702910.0
2024-09-27,138.0,138.0,136.2,137.0,4679330.0
2024-09-30,136.9,137.3,134.4,135.1,3644550.0
2024-10-01,135.0,139.0,133.8,138.5,2855660.0
2024-10-02,138.0,138.2,136.1,137.8,810480.0
2024-10-03,137.6,142.0,137.6,139.2,6423190.0
2024-10-04,138.4,144.8,138.4,144.8,2261650.0
2024-10-07,144.5,146.5,142.4,142.4,1991050.0
2024-10-08,142.0,143.9,141.8,143.0,2194130.0
2024-10-09,143.0,143.0,139.2,140.0,2266280.0
2024-10-10,140.3,142.4,140.3,141.0,1238680.0
2024-10-11,140.8,140.8,137.7,138.6,721780.0
2024-10-14,138.7,141.7,138.7,140.0,853650.0
2024-10-15,139.0,144.8,139.0,140.6,2037060.0
2024-10-16,142.0,142.4,140.0,140.6,2320790.0
2024-10-17,142.5,143.3,140.2,142.5,2476550.0
2024-10-18,142.5,144.3,142.0,143.1,969130.0
2024-10-21,142.5,143.5,141.7,142.5,1847830.0
2024-10-22,142.5,144.8,142.2,143.0,2479390.0
2024-10-23,143.0,144.1,142.3,143.8,1653650.0
2024-10-24,143.7,144.0,139.0,139.0,1753210.0
2024-10-25,140.6,148.8,139.8,146.0,5175530.0
2024-10-28,147.0,149.6,146.2,147.4,5074810.0
2024-10-29,147.5,149.1,146.4,147.2,3002900.0
2024-10-30,145.2,146.7,144.0,145.5,1213800.0
2024-10-31,145.0,145.0,141.0,143.2,1620280.0
2024-11-04,147.2,147.2,140.3,141.7,1823550.0
2024-11-05,142.0,144.5,141.1,143.5,1896440.0
2024-11-06,143.5,144.4,141.9,143.8,1193960.0
2024-11-07,141.6,143.7,138.4,140.0,2943040.0
2024-11-08,139.5,140.0,135.2,138.0,3348840.0
2024-11-11,138.5,138.5,136.5,138.0,1462280.0
2024-11-12,137.0,138.8,135.1,135.1,2391690.0
2024-11-13,135.1,138.9,135.0,135.0,3106260.0
2024-11-14,135.1,136.9,134.9,135.0,2556160.0
2024-11-15,134.6,140.3,134.6,140.0,2054960.0
2024-11-18,139.4,141.7,137.2,140.2,2425870.0
2024-11-19,140.2,141.0,136.5,138.1,2425070.0
2024-11-20,138.1,139.3,137.0,138.0,1958450.0
2024-11-21,137.2,139.0,135.5,135.5,2936760.0
2024-11-22,136.0,136.5,133.3,134.3,3146280.0
2024-11-25,134.3,135.3,131.1,131.1,9483130.0
2024-11-26,132.1,134.2,132.1,133.0,2095310.0
2024-11-27,133.0,133.0,130.5,130.5,2494150.0
2024-11-28,130.4,130.8,129.0,129.6,3696150.0
2024-11-29,129.4,131.0,128.6,128.6,3993420.0
2024-12-02,128.7,129.6,128.0,128.4,4025830.0
2024-12-03,128.1,129.4,127.7,127.7,4472410.0
2024-12-04,128.0,128.9,127.4,128.5,5121540.0
2024-12-05,127.9,129.4,126.9,128.0,5690090.0
2024-12-06,128.2,131.3,128.2,130.0,5898840.0
2024-12-09,130.0,130.4,128.5,130.0,2939810.0
2024-12-10,129.8,130.5,127.2,129.9,2810650.0
2024-12-11,128.9,130.1,128.7,130.0,3198460.0
2024-12-12,130.0,136.1,129.6,134.6,3479420.0
2024-12-13,136.0,136.0,132.0,132.0,2018850.0
2024-12-16,132.0,134.8,130.1,134.8,1703320.0
2024-12-17,134.5,134.5,128.5,128.5,3879080.0
2024-12-18,128.8,129.7,125.2,126.0,2719300.0
2024-12-19,126.0,127.0,120.4,122.0,6015530.0
2024-12-20,122.0,124.1,121.1,121.5,4989510.0
2024-12-23,121.6,122.6,120.1,122.6,1941540.0
2024-12-26,122.9,124.4,122.2,124.4,648720.0
2024-12-27,124.3,124.3,120.5,122.0,2202300.0
2025-01-02,122.4,122.6,121.2,122.0,1003760.0
2025-01-03,122.0,125.0,121.9,124.5,1552280.0
2025-01-06,124.5,124.5,122.4,124.0,1156370.0
2025-01-07,124.1,125.2,122.5,123.0,2321130.0
2025-01-08,123.0,123.8,120.5,120.6,2489190.0
2025-01-09,120.7,121.2,120.2,120.8,2231350.0
2025-01-10,120.6,121.7,120.6,120.9,1087140.0
2025-01-13,120.7,120.7,118.1,118.1,1841630.0
2025-01-14,118.2,120.0,117.5,118.0,1862780.0
2025-01-15,118.0,119.0,116.0,119.0,1276030.0
2025-01-16,120.0,122.7,118.0,118.0,2063450.0
2025-01-17,119.9,121.5,118.3,121.5,920320.0
2025-01-20,119.5,122.7,119.5,122.7,841150.0
2025-01-21,122.6,122.7,121.1,122.5,1145440.0
2025-01-22,122.5,124.5,121.7,124.5,1499040.0
2025-01-23,124.5,124.5,122.8,124.0,1105890.0
2025-01-24,124.0,124.9,122.5,124.5,1302870.0
2025-01-27,124.5,125.3,123.0,124.5,1667740.0
2025-01-28,124.0,126.4,123.5,125.5,1549910.0
2025-01-30,125.0,126.3,123.0,124.5,2027130.0
2025-01-31,124.0,124.7,116.2,116.2,6254730.0
2025-02-03,120.0,122.0,118.5,120.0,3147150.0
2025-02-04,120.0,124.5,119.6,124.3,2660770.0
2025-02-05,124.3,127.8,124.2,127.8,1859840.0
2025-02-06,127.0,128.2,126.0,127.0,1714410.0
2025-02-07,127.9,131.7,127.0,131.3,7457850.0
2025-02-10,132.1,134.4,128.0,128.7,3523330.0
2025-02-11,128.7,130.1,128.0,128.0,4317430.0
2025-02-12,133.2,133.5,129.8,131.0,4220720.0
2025-02-13,131.8,133.4,128.8,129.2,4595720.0
2025-02-14,129.8,130.6,128.7,130.0,2121930.0
2025-02-17,129.3,130.0,127.7,128.0,2508240.0
2025-02-18,127.8,130.0,127.8,129.0,2240370.0
2025-02-19,129.0,131.4,127.6,127.6,2178880.0
2025-02-20,128.0,129.8,126.7,129.8,2363130.0
2025-02-21,129.9,130.1,127.9,128.1,2777520.0
2025-02-24,128.6,130.6,128.5,130.5,1792330.0
2025-02-25,130.5,131.3,129.2,130.0,1818160.0
2025-02-26,130.0,132.0,130.0,132.0,2091030.0
2025-02-27,132.0,133.2,130.5,131.0,1781010.0
2025-02-28,131.5,131.9,124.3,124.3,20223760.0
2025-03-03,126.0,128.0,122.5,127.0,4460280.0
2025-03-04,127.0,127.6,125.3,127.0,12337670.0
2025-03-05,127.0,128.8,126.5,128.5,2047860.0
2025-03-06,128.8,131.1,128.5,130.0,7941680.0
2025-03-07,129.4,131.7,128.3,131.4,5175880.0
2025-03-10,130.5,132.3,130.5,131.9,2157820.0
2025-03-11,131.9,133.6,130.4,132.8,5545360.0
2025-03-12,131.4,133.2,130.5,133.2,3565570.0
2025-03-13,133.0,137.5,132.8,136.9,3966420.0
2025-03-14,136.5,136.9,135.0,136.0,2023600.0
2025-03-17,136.0,136.0,134.4,135.0,1829380.0
2025-03-18,135.0,135.3,134.3,134.6,2445260.0
2025-03-19,134.3,138.0,133.0,138.0,4148880.0
2025-03-20,137.6,137.6,135.2,135.2,1434130.0
2025-03-21,135.2,135.5,134.1,134.5,3347180.0
2025-03-24,134.5,134.5,131.1,132.0,1992210.0
2025-03-25,133.1,134.0,131.1,132.2,527270.0
2025-03-26,132.2,134.8,131.1,134.8,1052530.0
2025-03-27,134.4,134.7,133.2,134.5,2068800.0
2025-03-28,134.6,135.9,134.6,134.6,2288930.0
2025-03-31,134.5,134.5,130.5,132.0,2736760.0
2025-04-02,133.0,138.1,132.0,138.1,2190790.0
2025-04-03,137.0,137.0,133.7,133.9,1989920.0
2025-04-04,133.9,134.9,132.8,133.0,1603250.0
2025-04-07,128.0,129.0,127.3,127.5,4512360.0
2025-04-08,127.7,132.0,127.7,131.5,2091150.0
2025-04-10,135.0,135.5,132.7,133.0,6136610.0
2025-04-11,132.2,132.2,129.3,130.0,2499210.0
2025-04-14,130.2,133.0,129.2,131.1,990690.0
2025-04-15,131.1,132.0,131.1,132.0,908000.0
2025-04-16,132.0,132.0,130.3,132.0,1138250.0
2025-04-21,132.5,135.4,131.5,135.1,1177120.0
2025-04-22,135.0,135.0,133.0,135.0,942280.0
2025-04-23,135.1,135.1,131.7,134.0,2686690.0
2025-04-24,133.5,133.9,132.5,133.2,785950.0
2025-04-25,133.3,135.5,133.3,134.3,1586290.0
2025-04-28,134.3,135.7,133.0,133.3,1167130.0
2025-04-29,133.4,134.0,132.5,133.0,1384490.0
2025-04-30,134.0,140.0,133.6,140.0,5493230.0
2025-05-02,139.5,144.9,136.8,142.5,2837110.0
2025-05-05,142.5,143.9,140.0,141.0,898840.0
2025-05-06,141.0,141.1,138.4,140.0,1388990.0
2025-05-07,140.3,141.7,138.0,138.0,2824030.0
2025-05-08,138.2,140.3,134.5,134.5,2235370.0
2025-05-09,135.8,141.3,135.5,136.8,2557330.0
2025-05-13,137.9,143.3,137.6,141.0,3453760.0
2025-05-14,140.0,141.3,139.5,139.8,2170010.0
2025-05-15,139.5,140.5,135.0,135.0,1994200.0
2025-05-16,135.8,138.0,133.1,135.9,1871030.0
2025-05-19,135.5,138.0,134.5,135.9,1639090.0
2025-05-20,136.5,137.0,131.1,131.1,2907280.0
2025-05-21,131.6,136.7,131.4,136.7,5597980.0
2025-05-22,137.0,137.0,133.8,136.0,4520220.0
2025-05-23,136.7,139.8,136.3,139.8,1342970.0
2025-05-26,139.8,141.0,139.2,139.2,2349690.0
2025-05-27,137.7,139.4,137.7,138.1,1397530.0
2025-05-28,138.5,140.8,138.5,139.0,2175580.0
2025-05-29,139.9,139.9,137.9,138.0,1323020.0
2025-05-30,140.0,140.0,137.9,139.1,4883560.0
2025-06-02,138.4,141.0,138.4,139.8,2525390.0
2025-06-03,139.2,141.0,137.4,141.0,1845810.0
2025-06-04,139.6,142.0,138.3,140.0,2188930.0
2025-06-05,139.1,141.6,138.7,140.0,1712530.0
2025-06-09,139.2,139.6,136.3,139.6,1646930.0
2025-06-10,138.8,138.8,137.2,137.9,3043570.0
2025-06-11,138.0,139.2,138.0,138.5,3808980.0
2025-06-13,138.5,139.0,138.1,138.7,6627790.0
2025-06-16,138.7,140.0,137.8,137.8,1771130.0
2025-06-17,138.0,139.0,136.5,137.7,1652310.0
2025-06-18,137.7,138.8,134.3,135.5,1780920.0
2025-06-19,135.0,138.9,134.0,137.6,2166920.0
2025-06-20,137.9,138.5,136.0,136.9,6730970.0
2025-06-23,136.5,136.5,131.3,132.0,1354610.0
2025-06-24,133.2,136.7,133.2,136.3,2103490.0
2025-06-25,135.4,137.2,133.4,134.0,1398940.0
2025-06-26,134.6,134.9,132.8,134.2,2206450.0
2025-06-27,134.0,134.3,133.2,133.2,2720520.0
2025-06-30,133.4,134.0,130.0,130.0,3594320.0
2025-07-01,131.9,132.3,130.1,130.4,4846120.0
2025-07-02,130.4,130.4,126.8,127.7,4334470.0
2025-07-03,127.0,128.4,125.1,127.0,4770390.0
2025-07-04,127.3,127.5,124.0,124.7,3453590.0
2025-07-07,124.7,128.3,123.4,127.0,2877520.0
2025-07-08,127.0,127.5,124.2,124.5,4422540.0
2025-07-09,124.5,125.5,122.4,123.0,4026360.0
2025-07-10,123.0,124.0,120.0,120.0,7432670.0
2025-07-11,121.8,124.4,121.0,123.0,3482090.0
2025-07-14,123.0,124.2,121.9,123.4,2185810.0
2025-07-15,123.4,124.0,122.5,123.1,1318920.0
2025-07-16,122.2,123.0,118.5,119.7,4076030.0
2025-07-17,119.7,121.8,118.5,119.0,2012740.0
2025-07-18,119.8,122.8,119.4,122.0,1995090.0
2025-07-21,122.5,125.9,122.0,125.9,2904520.0
2025-07-22,126.0,128.1,125.6,127.8,3038940.0
2025-07-23,128.1,128.6,124.5,125.8,3074820.0
2025-07-24,125.5,126.8,124.6,125.0,1791070.0
2025-07-25,125.1,125.1,122.1,122.8,2449360.0
2025-07-28,122.8,123.7,120.2,122.0,2169470.0
2025-07-29,122.2,122.6,120.9,121.0,2706220.0
2025-07-30,121.5,122.0,120.2,120.7,1593100.0
2025-07-31,120.7,120.7,118.0,118.2,3194970.0
2025-08-01,118.7,120.6,118.7,120.5,1828360.0
2025-08-04,120.9,124.8,118.7,124.8,1583980.0
2025-08-05,124.7,124.7,121.2,121.5,869400.0
2025-08-06,121.6,122.3,119.4,121.5,1733860.0
2025-08-07,121.5,122.7,119.1,122.7,1593450.0
2025-08-08,121.5,121.9,120.1,120.9,1107190.0
2025-08-11,121.0,121.7,117.5,117.5,1897390.0
2025-08-12,118.2,118.4,117.0,117.5,1809830.0
2025-08-13,117.5,118.5,117.2,118.0,13038080.0
2025-08-14,118.2,120.8,117.7,118.0,2604720.0
2025-08-15,118.0,119.0,116.0,118.5,3171210.0
2025-08-18,119.5,120.0,116.2,116.2,1923830.0
2025-08-19,116.2,116.4,113.3,114.5,2784410.0
2025-08-20,114.6,115.8,113.5,114.0,2006340.0
2025-08-22,113.4,114.8,112.4,114.3,2919770.0
2025-08-26,114.0,114.0,108.3,112.1,7904140.0
2025-08-27,112.5,116.3,111.5,115.6,2469370.0
2025-08-28,115.0,116.2,111.4,112.5,2844390.0
2025-08-29,112.5,113.3,111.5,113.0,2446420.0
2025-09-01,113.9,114.0,111.3,113.0,821010.0
2025-09-02,113.0,114.0,108.4,110.8,2695700.0
2025-09-03,110.0,110.3,108.0,110.3,3334060.0
2025-09-04,110.3,111.0,110.0,110.2,5291590.0
2025-09-05,110.3,112.9,110.2,111.6,1882690.0
2025-09-08,111.8,112.7,106.9,107.0,3897650.0
2025-09-09,107.8,108.8,106.9,107.3,3372270.0
2025-09-10,107.3,108.7,107.2,107.8,3340660.0
2025-09-11,107.8,108.4,107.3,107.9,1039980.0
2025-09-12,107.9,108.7,107.3,108.0,2466050.0
2025-09-15,107.8,107.9,102.3,102.3,6785360.0
2025-09-16,103.1,109.9,103.1,109.7,5390940.0
2025-09-17,109.0,112.4,107.6,112.0,2660780.0
2025-09-18,111.5,114.5,109.1,114.0,2850700.0
2025-09-19,114.0,115.4,113.2,114.5,7140530.0
2025-09-22,114.5,114.6,112.1,113.0,1093850.0
2025-09-23,113.0,113.0,110.2,111.0,1680390.0
2025-09-24,111.3,112.9,109.5,110.5,1291320.0
2025-09-25,111.0,112.3,110.5,111.0,2223620.0
2025-09-26,110.7,112.5,109.8,112.0,1034370.0
2025-09-29,112.0,112.8,108.8,111.0,785800.0
2025-09-30,111.2,115.0,108.5,115.0,3014470.0
2025-10-01,112.0,113.0,111.0,112.0,2716990.0
2025-10-02,112.0,113.3,112.0,112.3,1999630.0
2025-10-03,112.3,113.2,112.0,113.0,1185610.0
2025-10-06,113.0,114.4,108.6,108.6,1877980.0
2025-10-07,109.0,113.4,108.3,112.8,1162030.0
2025-10-08,111.3,112.2,108.1,108.7,3628780.0
2025-10-09,108.8,109.6,107.4,107.5,2284130.0
2025-10-10,107.6,108.5,106.0,106.4,997370.0
2025-10-13,106.5,107.6,105.0,107.0,1148240.0
2025-10-14,105.7,107.3,105.2,106.8,1696210.0
2025-10-15,106.8,107.7,106.0,106.9,1224340.0
2025-10-16,107.0,109.0,107.0,108.0,2432230.0
2025-10-17,109.0,109.4,108.2,109.2,1468020.0
2025-10-20,109.4,111.2,108.5,108.6,883090.0
2025-10-21,109.5,110.5,107.3,109.7,850830.0
2025-10-22,109.7,109.7,106.1,106.9,829010.0
2025-10-23,106.9,106.9,105.0,105.0,2395650.0
2025-10-24,105.2,105.8,100.5,100.5,11480070.0
2025-10-27,101.0,103.1,100.5,102.5,2570180.0
2025-10-28,103.0,105.0,102.9,104.0,3179430.0
2025-10-29,104.0,107.5,104.0,104.6,3591100.0
2025-10-30,105.0,105.6,104.0,105.4,2142190.0
2025-11-03,101.7,103.4,100.0,103.0,8422330.0
2025-11-04,103.0,107.0,103.0,105.7,3994650.0
2025-11-05,105.7,106.1,102.5,102.5,2737780.0
2025-11-06,103.5,104.6,103.1,104.0,2423540.0
2025-11-07,104.0,104.8,102.9,104.0,5249380.0
2025-11-10,104.0,104.6,102.2,102.5,957710.0
2025-11-11,102.5,103.0,99.7,100.3,5637450.0
2025-11-12,100.3,105.0,100.3,102.5,1880480.0
2025-11-13,103.0,103.0,101.5,102.5,1314370.0
2025-11-14,102.5,102.9,99.0,99.0,1651490.0
2025-11-17,100.0,105.2,99.0,105.0,3550220.0
2025-11-18,105.0,106.1,103.1,104.6,2500270.0
2025-11-19,105.2,108.3,104.9,107.5,6650580.0
2025-11-20,107.6,112.1,107.4,110.7,4389010.0
2025-11-21,110.8,113.0,110.2,113.0,5999220.0
2025-11-24,113.0,115.4,110.5,113.0,24297240.0
2025-11-25,113.1,118.5,112.8,117.0,5648530.0
2025-11-26,116.9,118.4,116.1,118.0,6191490.0
2025-11-27,117.8,117.8,114.2,115.5,2340110.0
2025-11-28,115.5,118.0,115.1,116.5,2992990.0
2025-12-01,116.6,118.3,116.4,117.9,2887090.0
2025-12-02,116.0,116.6,116.0,116.0,3408360.0
2025-12-03,115.8,116.0,112.5,115.0,3698450.0
2025-12-04,114.0,115.5,113.5,115.0,3574350.0
2025-12-05,115.0,117.1,114.7,116.0,2223050.0
2025-12-09,116.0,116.1,114.9,115.0,3796180.0
2025-12-10,115.0,115.4,112.9,113.7,1506070.0
2025-12-11,113.7,116.3,113.7,116.0,3498890.0
2025-12-12,116.0,116.0,114.9,115.2,1332640.0
2025-12-15,115.2,118.8,115.2,118.5,2234190.0
2025-12-16,118.5,121.1,118.0,120.5,2307320.0
2025-12-17,120.5,121.2,119.2,120.0,3877540.0
2025-12-18,119.9,120.0,118.5,118.7,2030910.0
2025-12-19,118.7,118.9,116.0,116.0,1692180.0
2025-12-22,116.0,119.3,116.0,119.3,1919410.0
2025-12-23,119.3,120.0,117.7,119.8,1831960.0
2025-12-26,119.8,120.0,118.9,119.6,328170.0
2025-12-29,119.6,119.8,116.1,116.1,798920.0
2026-01-02,117.1,118.6,117.0,118.6,970420.0
2026-01-05,117.1,119.9,117.1,118.1,1897230.0
2026-01-06,118.4,123.0,118.4,121.0,2378620.0
2026-01-07,121.0,121.2,117.8,119.5,2658960.0
2026-01-08,119.6,121.4,118.5,121.0,1337920.0
2026-01-09,120.9,120.9,120.0,120.7,1685770.0
2026-01-12,120.0,123.4,119.9,123.4,2924310.0
2026-01-13,123.4,124.0,122.7,123.9,1767640.0
2026-01-14,123.9,125.0,123.2,124.0,2622100.0
2026-01-15,124.0,125.3,122.5,125.0,3615550.0
2026-01-16,125.0,125.5,123.6,124.6,3241840.0
2026-01-19,124.6,125.4,122.0,122.3,1606360.0
2026-01-20,122.3,122.8,118.6,118.6,2737040.0
2026-01-21,118.6,119.9,117.8,117.8,1457580.0
2026-01-22,117.8,119.2,117.0,118.0,1965680.0
2026-01-23,118.0,118.1,116.0,116.0,2937320.0
2026-01-26,116.0,117.6,115.5,117.0,1729760.0
2026-01-27,116.8,116.8,114.6,114.6,2112010.0
2026-01-28,114.8,115.7,114.2,115.0,2532150.0
2026-01-29,115.0,115.5,113.0,113.0,3448380.0
2026-01-30,113.0,124.0,111.9,124.0,4264310.0
2026-02-02,118.8,119.1,115.8,115.8,1756470.0
2026-02-03,116.5,117.3,115.5,116.0,761250.0
2026-02-04,116.4,118.1,116.4,116.7,884820.0
2026-02-05,116.7,117.5,116.2,116.2,1005600.0
2026-02-06,116.2,117.4,116.0,117.1,1113680.0
2026-02-09,117.1,118.0,115.0,115.0,1402820.0
2026-02-10,116.0,117.0,115.6,117.0,778450.0
2026-02-11,117.0,121.5,116.9,120.7,3082480.0
2026-02-12,120.7,121.0,117.2,117.2,1366540.0
2026-02-13,118.4,118.5,117.1,117.1,2987630.0
2026-02-16,117.1,117.1,116.0,116.6,725390.0
2026-02-18,116.6,117.4,116.0,116.9,723060.0
2026-02-19,116.9,118.0,116.9,117.6,606580.0
2026-02-20,117.6,118.7,116.9,118.7,1924850.0
2026-02-23,118.7,119.1,117.8,118.0,1303500.0
2026-02-24,118.9,119.8,117.9,119.8,1121380.0
2026-02-25,119.8,121.1,118.1,119.0,2741020.0
2026-02-26,119.1,119.6,118.5,118.5,2649980.0
2026-02-27,118.5,118.5,116.0,116.0,3560560.0
2026-03-02,116.0,116.1,113.3,115.0,2309060.0
2026-03-03,115.0,115.2,112.7,115.2,2919500.0
2026-03-04,114.8,115.0,110.0,110.5,1940710.0
2026-03-05,112.0,113.0,109.5,109.9,4440070.0
2026-03-06,109.5,111.0,107.0,109.0,2306680.0
2026-03-09,106.0,107.0,100.3,101.6,5728370.0
2026-03-10,103.0,104.6,102.8,103.0,3218070.0
2026-03-11,103.8,105.4,102.2,102.2,5623540.0
2026-03-12,102.2,103.0,101.5,102.0,1917450.0
2026-03-13,101.7,101.9,100.0,100.0,2354110.0
2026-03-16,99.6,99.8,96.3,99.75,3865300.0
2026-03-17,99.9,101.9,99.8,100.0,4945320.0
2026-03-18,101.0,101.0,99.25,101.0,1624780.0
2026-03-19,99.8,100.5,98.55,99.0,6641270.0
2026-03-23,99.05,99.4,96.0,97.65,3924770.0
2026-03-24,98.5,100.0,98.5,100.0,1392660.0
2026-03-25,100.0,101.0,98.95,100.7,2271090.0
2026-03-26,101.0,101.0,98.7,99.0,1958830.0
2026-03-27,98.7,99.95,97.3,98.5,3930210.0
2026-03-30,98.5,99.0,95.8,96.0,2552870.0
2026-03-31,96.0,99.9,92.9,99.9,4951930.0
2026-04-01,99.9,101.8,99.65,101.6,3498970.0
2026-04-06,101.6,102.0,99.7,102.0,1449600.0
2026-04-07,102.0,102.6,101.0,102.5,1104940.0
2026-04-08,104.0,106.4,103.3,104.1,2462240.0
2026-04-10,104.1,104.6,101.4,101.4,2361770.0
2026-04-13,101.3,101.3,98.75,99.0,4896400.0
2026-04-14,99.2,100.5,98.75,99.2,3281040.0
2026-04-15,100.0,102.5,100.0,102.3,2119170.0
2026-04-16,102.0,103.0,100.7,100.7,775340.0
2026-04-17,100.8,101.7,98.25,99.2,3142680.0
2026-04-20,99.3,101.8,98.6,98.6,2056750.0
2026-04-21,98.25,98.25,95.7,97.8,5128210.0
2026-04-22,98.1,99.15,96.0,96.6,4057250.0
2026-04-23,96.9,97.4,95.15,95.4,3378410.0
2026-04-24,95.65,96.4,92.1,92.1,6902800.0
2026-04-27,92.3,92.75,90.3,90.5,5395180.0
2026-04-28,91.0,91.9,90.3,91.0,4454750.0
2026-04-29,91.65,92.3,90.75,91.8,6646790.0
2026-04-30,91.0,91.0,89.5,89.5,5636450.0
2026-05-04,89.75,92.0,89.75,92.0,2504320.0
2026-05-05,91.5,91.5,88.15,88.9,4082370.0
2026-05-06,89.6,89.95,88.5,88.9,2481270.0
2026-05-07,91.5,91.5,88.95,89.9,4254670.0
2026-05-08,89.9,90.2,88.05,88.05,4140160.0
2026-05-11,88.0,88.65,87.55,87.55,4886870.0
2026-05-12,87.65,88.1,87.55,87.75,4058360.0
2026-05-13,87.75,88.4,87.0,88.0,3387500.0
2026-05-14,88.05,94.8,88.0,94.8,4963310.0
2026-05-15,92.9,92.9,90.2,90.35,3239430.0
2026-05-18,90.5,90.5,88.65,89.3,2003460.0
2026-05-19,89.9,89.95,88.05,88.55,1776660.0
2026-05-20,89.0,89.0,87.1,87.1,6495770.0
2026-05-21,88.55,90.25,88.55,89.5,2678870.0
2026-05-22,89.55,89.9,88.0,88.35,3056400.0
2026-05-25,88.65,92.0,88.5,91.1,1447730.0
2026-05-26,91.2,92.45,89.6,92.0,1893820.0
2026-05-28,92.1,92.3,89.55,90.35,2224050.0
2026-05-29,90.75,93.9,90.2,93.9,9369300.0
2026-06-01,92.8,93.5,91.4,93.5,9151350.0
2026-06-02,93.2,93.2,92.05,93.0,3821030.0
2026-06-03,92.0,93.65,91.0,92.85,4475800.0
2026-06-04,92.85,93.4,92.05,93.0,3896050.0
2026-06-05,93.2,95.65,92.95,94.75,4658380.0
2026-06-08,93.9,93.95,91.95,91.95,1470850.0
2026-06-09,91.95,92.0,90.2,90.2,2154280.0
2026-06-10,90.6,92.45,90.3,90.65,2441090.0
2026-06-11,90.95,92.05,90.0,90.8,1234890.0
2026-06-15,92.5,100.7,92.5,100.7,9066020.0
2026-06-16,100.7,100.8,97.0,98.9,2817260.0
2026-06-17,98.85,102.0,98.1,98.1,2361810.0
2026-06-18,98.2,99.5,96.4,99.5,1930010.0
2026-06-19,99.5,100.7,99.0,100.2,4565840.0
2026-06-22,100.1,100.1,97.0,98.0,1764280.0
2026-06-23,98.0,101.2,97.45,100.0,2404020.0
2026-06-24,100.0,100.5,96.1,96.1,791190.0
2026-06-25,96.1,96.2,94.3,94.3,1886040.0
2026-06-26,94.35,97.8,94.35,97.5,1147070.0
2026-06-29,97.5,99.45,95.75,99.0,1368650.0
2026-06-30,99.0,99.9,96.0,96.0,2363170.0
2026-07-01,96.5,98.8,96.45,98.55,616350.0
2026-07-02,98.55,101.4,98.55,101.0,1816820.0
2026-07-03,101.0,103.0,100.0,101.0,2618740.0
2026-07-06,101.0,105.1,101.0,104.0,4167040.0
2026-07-07,104.0,105.9,103.0,104.0,3450990.0
2026-07-08,104.0,104.0,102.6,103.8,970180.0
2026-07-09,103.0,103.3,101.0,101.0,4535340.0
2026-07-10,101.0,104.0,101.0,103.0,3134360.0
2026-07-13,103.0,104.2,102.0,102.0,2418940.0
2026-07-14,101.5,103.6,101.4,103.0,1243900.0
2026-07-15,103.0,103.8,102.9,103.5,2077060.0
2026-07-16,103.4,105.0,102.7,104.2,2037380.0
2026-07-17,103.8,105.9,103.2,104.0,3020340.0
2026-07-20,104.0,105.5,103.2,103.2,1171380.0
2026-07-21,103.7,105.4,103.2,103.2,2374940.0
2026-07-22,103.2,104.3,102.0,103.0,1165150.0
2026-07-23,103.0,104.5,102.5,104.0,1840970.0
2026-07-24,104.0,104.0,102.5,102.5,1016910.0
2026-07-27,102.5,103.5,102.0,102.0,983770.0
2026-07-28,102.1,103.0,101.1,102.0,1249930.0
2026-07-29,102.0,105.4,102.0,103.4,2502450.0
2026-07-30,103.4,105.2,102.8,105.2,2162480.0
2026-07-31,105.2,105.5,102.5,102.5,3509140.0
2026-08-03,102.8,105.2,102.8,104.8,1516650.0
2026-08-04,104.8,106.0,103.3,103.9,1685330.0
2026-08-05,103.9,104.4,102.9,103.4,1323580.0
2026-08-06,103.2,103.2,101.0,101.0,1942870.0
2026-08-07,100.2,101.3,99.0,101.0,3812190.0
2026-08-10,101.0,101.2,100.0,100.1,469500.0
2026-08-11,100.2,103.5,99.95,103.0,730320.0
2026-08-12,103.1,107.9,102.7,107.5,4338120.0
2026-08-13,107.5,108.0,105.2,106.9,1118920.0
2026-08-14,106.9,106.9,104.0,104.0,916590.0
2026-08-17,103.8,107.8,103.0,106.9,1314560.0
2026-08-18,106.7,107.5,104.5,107.5,672430.0
2026-08-19,107.4,107.7,104.2,107.4,1139580.0
2026-08-20,106.6,107.6,105.8,107.3,901280.0
2026-08-24,107.3,107.8,106.0,106.1,2071370.0
2026-08-25,106.2,106.5,105.3,105.5,463070.0
2026-08-26,105.5,106.8,103.8,105.0,1161300.0
2026-08-27,105.0,105.5,101.5,104.0,1565630.0
2026-08-28,103.0,103.5,100.0,100.0,4884950.0
2026-09-01,102.5,106.7,101.7,105.5,3367140.0
2026-09-02,104.9,104.9,103.0,104.0,441560.0
2026-09-03,104.0,104.9,102.0,104.9,1012280.0
