Date,Open,High,Low,Close,Volume
2018-01-03,44.700001,45.5,44.599998,45.5,10030500.0
2018-01-04,45.5,45.549999,44.099998,44.25,9590900.0
2018-01-05,44.400002,45.599998,44.400002,45.5,11091100.0
2018-01-08,45.549999,45.700001,45.200001,45.200001,8511000.0
2018-01-09,45.200001,46.400002,45.200001,46.400002,14713900.0
2018-01-10,46.349998,46.349998,45.400002,45.650002,10036600.0
2018-01-11,45.400002,45.400002,44.0,44.349998,23354700.0
2018-01-12,44.349998,44.650002,44.099998,44.349998,12227500.0
2018-01-15,44.349998,45.5,44.299999,44.799999,4998200.0
2018-01-16,44.799999,45.5,44.799999,45.049999,9383000.0
2018-01-17,45.25,45.25,44.400002,44.599998,12363800.0
2018-01-18,44.5,45.200001,44.450001,45.0,11166800.0
2018-01-19,44.900002,44.950001,44.450001,44.900002,9958900.0
2018-01-22,44.900002,45.5,44.900002,45.200001,6698800.0
2018-01-23,45.299999,45.900002,45.200001,45.599998,14236500.0
2018-01-24,45.599998,46.299999,45.400002,46.25,13342800.0
2018-01-25,46.25,47.299999,46.25,47.0,16623300.0
2018-01-26,47.0,47.5,46.950001,47.5,8978000.0
2018-01-29,47.5,47.5,46.150002,46.5,12918900.0
2018-01-30,46.5,46.5,44.900002,45.599998,18764000.0
2018-01-31,44.799999,45.400002,44.25,44.25,22132500.0
2018-02-01,44.25,45.5,44.25,45.349998,12665400.0
2018-02-02,45.5,45.849998,45.0,45.849998,9582700.0
2018-02-05,45.0,45.25,44.5,44.799999,13541500.0
2018-02-06,44.400002,44.450001,43.5,44.0,22597900.0
2018-02-07,44.200001,45.200001,44.150002,45.200001,14773700.0
2018-02-08,45.299999,45.400002,44.700001,45.200001,8698200.0
2018-02-09,44.5,44.5,43.75,43.950001,11284100.0
2018-02-12,44.0,44.450001,43.549999,43.549999,8219600.0
2018-02-13,44.0,44.099998,43.099998,43.700001,7501200.0
2018-02-14,43.700001,45.200001,43.099998,45.099998,12596600.0
2018-02-15,45.599998,45.700001,43.5,44.599998,5949500.0
2018-02-19,44.5,45.599998,44.0,45.599998,6557400.0
2018-02-20,45.549999,46.0,44.900002,46.0,9788400.0
2018-02-21,45.799999,45.799999,44.700001,45.0,11385100.0
2018-02-22,44.950001,44.950001,43.75,44.25,13163700.0
2018-02-23,44.25,44.299999,43.700001,43.900002,11734800.0
2018-02-26,43.25,43.5,42.5,42.5,22452800.0
2018-02-27,42.650002,42.900002,42.450001,42.5,23537700.0
2018-02-28,42.5,42.599998,41.099998,41.099998,24035000.0
2018-03-01,41.400002,42.849998,41.400002,42.200001,17922000.0
2018-03-02,42.0,42.049999,41.200001,41.5,12627100.0
2018-03-05,41.450001,41.849998,41.299999,41.650002,11685900.0
2018-03-06,41.700001,42.299999,41.150002,41.200001,20631500.0
2018-03-07,41.5,41.549999,41.349998,41.450001,18266100.0
2018-03-08,41.950001,41.950001,41.299999,41.5,7557800.0
2018-03-09,41.5,41.900002,41.5,41.75,9678300.0
2018-03-12,42.0,42.75,41.5,42.0,11630200.0
2018-03-13,42.0,42.200001,41.549999,41.549999,6625600.0
2018-03-14,41.950001,41.950001,40.799999,41.450001,8404100.0
2018-03-15,41.549999,41.549999,40.299999,40.299999,15248700.0
2018-03-16,40.400002,41.349998,40.400002,41.0,41936900.0
2018-03-19,41.0,41.5,40.849998,41.5,14074200.0
2018-03-20,41.200001,41.200001,40.200001,41.0,24845500.0
2018-03-21,41.299999,41.299999,39.75,39.75,20396000.0
2018-03-22,39.799999,41.950001,39.75,41.950001,17057500.0
2018-03-23,40.5,41.0,40.0,40.349998,20754200.0
2018-03-26,39.900002,40.349998,39.799999,40.099998,12468900.0
2018-03-27,40.299999,41.150002,40.299999,41.099998,13615400.0
2018-03-28,40.950001,41.099998,40.5,41.099998,17430300.0
2018-04-02,41.0,41.150002,40.25,41.0,5811400.0
2018-04-03,40.299999,41.799999,40.299999,41.599998,8699200.0
2018-04-04,41.75,41.849998,41.200001,41.599998,10820700.0
2018-04-05,41.75,41.75,41.25,41.75,3838000.0
2018-04-06,41.650002,41.75,40.450001,41.0,5370200.0
2018-04-10,41.099998,41.450001,40.0,41.25,13894900.0
2018-04-11,41.25,41.549999,40.299999,40.5,10064600.0
2018-04-12,40.5,40.900002,40.25,40.799999,7016400.0
2018-04-13,40.650002,40.849998,39.799999,39.900002,14171300.0
2018-04-16,40.049999,40.299999,39.900002,40.0,5661700.0
2018-04-17,40.150002,40.150002,39.0,39.75,10755700.0
2018-04-18,39.799999,41.0,39.799999,41.0,12264100.0
2018-04-19,40.5,40.950001,39.5,40.099998,24761600.0
2018-04-20,40.400002,41.400002,40.200001,41.099998,12296700.0
2018-04-23,41.349998,41.349998,40.599998,41.25,6528700.0
2018-04-24,41.25,41.349998,40.049999,40.049999,7793600.0
2018-04-25,40.099998,40.400002,39.700001,39.799999,8932500.0
2018-04-26,39.700001,41.0,39.599998,41.0,7088100.0
2018-04-27,40.799999,41.200001,40.599998,41.0,9084900.0
2018-04-30,41.150002,41.200001,40.700001,40.799999,12208800.0
2018-05-02,41.0,41.549999,40.799999,40.849998,11760500.0
2018-05-03,41.5,41.5,40.599998,40.75,8901800.0
2018-05-04,40.75,40.799999,40.049999,40.150002,5848200.0
2018-05-07,40.150002,40.450001,39.849998,40.0,5362700.0
2018-05-08,40.0,41.049999,40.0,40.099998,9231700.0
2018-05-09,40.349998,40.5,39.950001,39.950001,4370500.0
2018-05-10,40.0,40.5,39.950001,39.950001,6240500.0
2018-05-11,40.200001,41.0,40.049999,41.0,10095800.0
2018-05-15,41.0,42.299999,40.549999,42.25,17944600.0
2018-05-16,42.299999,43.349998,41.75,43.299999,12606900.0
2018-05-17,42.900002,43.099998,41.700001,41.700001,10874100.0
2018-05-18,41.700001,42.349998,41.200001,42.0,3545100.0
2018-05-21,42.0,42.349998,41.900002,41.900002,3199600.0
2018-05-22,42.0,42.0,41.099998,41.950001,4611200.0
2018-05-23,41.900002,42.0,41.099998,41.5,6213100.0
2018-05-24,41.5,42.0,41.450001,41.900002,3834500.0
2018-05-25,42.0,42.0,41.0,41.299999,4470700.0
2018-05-28,41.25,41.349998,41.0,41.200001,7396900.0
2018-05-29,41.200001,41.5,41.0,41.0,7711100.0
2018-05-30,40.799999,41.049999,40.150002,40.200001,10633900.0
2018-05-31,40.599998,41.0,39.799999,39.799999,28431500.0
2018-06-01,40.0,41.200001,40.0,40.549999,6500000.0
2018-06-04,40.650002,41.150002,40.200001,41.0,5681600.0
2018-06-05,41.0,41.0,40.0,40.299999,9805100.0
2018-06-06,40.400002,41.400002,40.400002,40.900002,13565200.0
2018-06-07,41.099998,42.0,41.049999,41.799999,7595700.0
2018-06-08,41.599998,41.650002,40.799999,40.799999,5100200.0
2018-06-11,41.0,41.150002,40.549999,40.799999,4461800.0
2018-06-13,40.599998,40.799999,40.150002,40.150002,9966100.0
2018-06-14,40.200001,40.25,39.150002,39.150002,28545300.0
2018-06-18,39.049999,39.099998,38.299999,38.599998,12295700.0
2018-06-19,38.400002,38.650002,38.0,38.400002,10940300.0
2018-06-20,38.450001,38.75,38.150002,38.25,14257400.0
2018-06-21,38.25,38.25,37.0,37.049999,20689300.0
2018-06-22,37.049999,38.0,36.049999,37.549999,16253800.0
2018-06-25,38.0,38.0,36.299999,36.299999,19976400.0
2018-06-26,36.299999,36.849998,36.25,36.599998,12469000.0
2018-06-27,36.700001,37.950001,36.700001,37.599998,20511900.0
2018-06-28,37.400002,37.450001,36.900002,37.0,9486600.0
2018-06-29,37.0,38.0,37.0,37.900002,16840400.0
2018-07-02,37.900002,38.75,37.849998,38.0,14869000.0
2018-07-03,38.400002,38.400002,37.650002,38.0,7991300.0
2018-07-04,38.0,38.400002,37.700001,38.200001,6245900.0
2018-07-05,38.200001,38.200001,37.5,37.599998,15923200.0
2018-07-06,37.400002,37.400002,36.700001,36.700001,10950300.0
2018-07-09,37.0,37.650002,36.799999,37.0,5250500.0
2018-07-10,37.0,37.150002,36.549999,36.549999,12823100.0
2018-07-11,36.75,37.400002,36.75,37.299999,11230800.0
2018-07-12,37.049999,38.25,37.049999,37.5,7831000.0
2018-07-13,38.0,38.049999,37.450001,37.650002,7883100.0
2018-07-16,37.200001,37.5,36.950001,37.099998,4100100.0
2018-07-17,37.25,37.650002,37.099998,37.400002,7792500.0
2018-07-18,37.700001,38.5,37.5,38.5,7790700.0
2018-07-19,38.5,38.75,38.200001,38.5,4808300.0
2018-07-20,38.700001,38.900002,38.099998,38.900002,4324300.0
2018-07-23,38.799999,38.900002,38.299999,38.799999,8337000.0
2018-07-24,38.75,39.099998,38.599998,39.099998,7716100.0
2018-07-25,39.099998,41.0,39.099998,40.5,21175500.0
2018-07-26,40.599998,41.200001,40.400002,40.849998,21502700.0
2018-07-27,40.900002,41.349998,40.549999,41.349998,10536100.0
2018-07-30,41.200001,42.200001,40.900002,42.200001,9884400.0
2018-07-31,41.75,42.200001,40.549999,40.849998,21267400.0
2018-08-01,40.799999,41.950001,40.75,41.950001,13680700.0
2018-08-02,41.799999,41.849998,41.0,41.25,7692000.0
2018-08-03,40.849998,41.25,40.400002,40.5,9024200.0
2018-08-06,40.650002,41.950001,40.599998,41.950001,9404400.0
2018-08-07,41.900002,42.0,41.599998,42.0,27877500.0
2018-08-08,42.200001,42.799999,42.0,42.650002,17054200.0
2018-08-09,42.950001,43.200001,41.599998,42.900002,11417400.0
2018-08-10,42.200001,42.75,42.200001,42.599998,7886200.0
2018-08-13,42.349998,42.349998,41.049999,41.25,10319700.0
2018-08-14,41.0,41.099998,40.349998,40.450001,9994300.0
2018-08-15,40.5,41.349998,40.5,41.099998,5649600.0
2018-08-16,41.099998,41.400002,40.599998,41.400002,2435700.0
2018-08-17,41.150002,42.5,41.150002,42.5,6720900.0
2018-08-20,42.5,43.0,42.0,42.200001,5692700.0
2018-08-22,42.200001,43.150002,42.200001,43.099998,15136500.0
2018-08-23,43.200001,44.450001,43.099998,44.299999,23261800.0
2018-08-24,43.799999,44.049999,43.599998,43.900002,13727700.0
2018-08-28,43.900002,44.5,43.549999,44.0,16531900.0
2018-08-29,43.75,44.799999,43.700001,44.799999,18582800.0
2018-08-30,44.099998,45.0,44.099998,44.700001,10569700.0
2018-08-31,44.049999,44.5,43.900002,44.5,12338700.0
2018-09-03,44.5,44.5,43.450001,43.950001,2772800.0
2018-09-04,43.900002,44.400002,43.75,44.200001,8746500.0
2018-09-05,44.200001,44.200001,43.150002,43.400002,11636800.0
2018-09-06,43.400002,43.400002,42.349998,43.099998,9504000.0
2018-09-07,42.400002,43.400002,41.0,42.200001,12822100.0
2018-09-10,42.099998,42.799999,41.5,42.0,12866000.0
2018-09-11,41.900002,42.099998,41.700001,41.849998,7072700.0
2018-09-12,41.599998,42.0,41.599998,41.75,6741000.0
2018-09-13,41.650002,42.0,41.0,42.0,5948200.0
2018-09-14,42.0,42.0,41.0,41.0,7868000.0
2018-09-17,41.0,41.950001,41.0,41.599998,3996500.0
2018-09-18,41.400002,41.549999,40.049999,40.5,11743000.0
2018-09-19,40.5,41.200001,39.900002,40.0,7033900.0
2018-09-20,40.5,40.650002,39.799999,39.799999,9641700.0
2018-09-21,39.900002,41.75,39.900002,41.75,11311800.0
2018-09-24,41.150002,41.849998,40.599998,40.900002,4448800.0
2018-09-25,41.0,41.200001,39.849998,39.849998,8418600.0
2018-09-26,40.0,40.450001,40.0,40.450001,4521200.0
2018-09-27,40.049999,41.299999,39.950001,41.299999,3588400.0
2018-09-28,40.650002,41.25,40.0,40.049999,9919200.0
2018-10-01,39.950001,40.599998,39.400002,40.599998,3343900.0
2018-10-02,40.599998,40.599998,39.0,39.299999,11436200.0
2018-10-03,39.150002,40.5,39.0,40.5,4483800.0
2018-10-04,40.0,40.099998,38.599998,38.599998,8641500.0
2018-10-05,38.900002,39.299999,38.75,39.0,8894300.0
2018-10-08,39.0,39.5,39.0,39.0,9817000.0
2018-10-09,39.450001,39.700001,39.0,39.700001,3197800.0
2018-10-10,39.700001,39.700001,38.450001,39.5,6192700.0
2018-10-11,38.799999,38.900002,38.099998,38.5,10250600.0
2018-10-12,38.099998,39.5,38.0,39.299999,10216900.0
2018-10-15,40.0,40.349998,39.200001,39.200001,10730800.0
2018-10-16,39.400002,40.200001,39.200001,40.200001,7399000.0
2018-10-17,40.400002,41.0,40.400002,40.799999,5888500.0
2018-10-18,40.950001,40.950001,40.200001,40.599998,4918100.0
2018-10-19,40.099998,40.950001,40.049999,40.900002,4836800.0
2018-10-22,40.900002,41.400002,40.799999,41.150002,9223600.0
2018-10-23,41.150002,41.349998,40.0,40.599998,6853900.0
2018-10-24,40.049999,40.200001,39.099998,39.099998,9440400.0
2018-10-25,39.0,39.049999,38.0,38.0,17933500.0
2018-10-26,38.299999,38.849998,38.299999,38.75,6384500.0
2018-10-29,38.75,38.900002,38.200001,38.700001,5718300.0
2018-10-30,38.349998,39.0,38.299999,38.299999,7908500.0
2018-10-31,38.25,39.650002,38.25,39.650002,14799300.0
2018-11-05,39.799999,40.0,39.0,40.0,14154500.0
2018-11-06,40.0,40.099998,38.0,38.0,14767300.0
2018-11-07,38.349998,38.849998,38.0,38.0,15290300.0
2018-11-08,38.099998,39.200001,38.049999,38.5,15168200.0
2018-11-09,38.5,38.599998,38.0,38.0,7158200.0
2018-11-12,38.0,39.0,38.0,38.599998,28139200.0
2018-11-13,38.549999,38.950001,38.049999,38.5,9065100.0
2018-11-14,38.549999,39.299999,38.549999,38.799999,6012600.0
2018-11-15,38.799999,39.25,38.299999,38.5,9783500.0
2018-11-16,39.0,39.700001,39.0,39.349998,16213200.0
2018-11-19,39.349998,39.900002,39.299999,39.900002,12157000.0
2018-11-20,39.799999,40.25,38.650002,40.099998,11868800.0
2018-11-21,40.049999,40.049999,39.5,40.0,7884800.0
2018-11-22,39.900002,40.099998,39.650002,40.0,3159400.0
2018-11-23,40.0,41.5,39.900002,41.5,11888600.0
2018-11-26,41.5,42.0,41.200001,41.5,10524300.0
2018-11-27,41.450001,41.5,40.5,40.900002,10360500.0
2018-11-28,40.900002,40.900002,40.25,40.25,5826700.0
2018-11-29,41.0,41.75,40.700001,41.650002,27201700.0
2018-12-03,42.200001,42.849998,41.299999,41.900002,15998700.0
2018-12-04,41.799999,42.650002,41.150002,42.650002,21121300.0
2018-12-05,42.099998,42.5,41.0,42.5,11548500.0
2018-12-06,42.450001,42.450001,41.549999,41.900002,8969300.0
2018-12-07,41.549999,41.950001,40.150002,40.75,10825500.0
2018-12-10,40.75,41.200001,40.099998,40.299999,7844400.0
2018-12-11,40.549999,42.0,40.549999,42.0,6822000.0
2018-12-12,41.900002,42.200001,41.349998,41.799999,14689900.0
2018-12-13,42.0,42.349998,41.900002,42.349998,11485100.0
2018-12-14,42.299999,42.5,41.599998,42.299999,7179500.0
2018-12-17,42.0,42.599998,41.799999,42.5,7611500.0
2018-12-18,41.900002,42.5,41.549999,42.5,4487500.0
2018-12-19,42.450001,43.200001,42.150002,43.200001,8144400.0
2018-12-20,42.5,42.900002,41.75,42.049999,9558300.0
2018-12-21,42.049999,42.700001,41.099998,41.299999,14895700.0
2018-12-26,40.900002,41.25,40.700001,41.25,4393400.0
2018-12-27,41.200001,42.099998,40.599998,40.599998,8096700.0
2018-12-28,41.099998,42.0,40.599998,40.599998,11717100.0
2019-01-02,40.599998,41.950001,40.599998,41.299999,4850600.0
2019-01-03,41.25,42.5,40.75,42.450001,14316500.0
2019-01-04,42.349998,44.349998,42.349998,43.700001,27004800.0
2019-01-07,43.799999,45.0,43.799999,44.799999,16911800.0
2019-01-08,44.799999,44.799999,43.5,43.900002,11078100.0
2019-01-09,43.900002,45.0,43.900002,45.0,20331600.0
2019-01-10,44.799999,45.25,43.700001,45.0,22832200.0
2019-01-11,45.0,45.049999,44.200001,44.349998,16485000.0
2019-01-14,44.0,44.549999,42.700001,44.549999,12455600.0
2019-01-15,44.0,45.099998,43.950001,45.0,14994800.0
2019-01-16,44.75,44.75,43.099998,43.099998,11804800.0
2019-01-17,43.299999,45.0,43.25,45.0,25486100.0
2019-01-18,44.650002,45.150002,44.200001,45.0,11539200.0
2019-01-21,44.599998,45.75,44.150002,45.299999,7445000.0
2019-01-22,45.25,45.25,44.400002,44.700001,10702600.0
2019-01-23,44.049999,44.5,43.849998,44.099998,11115000.0
2019-01-24,44.099998,44.950001,44.099998,44.349998,7146700.0
2019-01-25,44.349998,44.900002,44.200001,44.599998,8118100.0
2019-01-28,44.599998,44.799999,43.849998,44.200001,15793200.0
2019-01-29,44.200001,44.450001,42.849998,43.099998,25127000.0
2019-01-30,43.099998,44.200001,43.099998,43.75,17467400.0
2019-01-31,43.75,44.75,43.75,44.400002,20312100.0
2019-02-01,44.700001,45.25,44.5,44.950001,22515800.0
2019-02-04,44.549999,44.950001,44.549999,44.849998,2473700.0
2019-02-06,44.900002,45.150002,44.75,45.0,10605900.0
2019-02-07,45.0,45.25,44.849998,45.25,12189700.0
2019-02-08,45.200001,45.25,44.849998,45.0,10289800.0
2019-02-11,45.0,45.200001,44.799999,44.900002,5238400.0
2019-02-12,44.900002,45.0,44.450001,44.799999,6118700.0
2019-02-13,44.849998,44.900002,43.900002,44.400002,13515400.0
2019-02-14,44.5,45.0,44.450001,45.0,6798400.0
2019-02-15,44.950001,44.950001,44.200001,44.5,6612900.0
2019-02-18,44.599998,44.950001,44.400002,44.650002,8435200.0
2019-02-19,44.650002,44.900002,42.5,43.0,17025600.0
2019-02-20,43.099998,43.900002,43.099998,43.900002,12209300.0
2019-02-21,43.900002,44.049999,43.599998,44.0,17149000.0
2019-02-22,44.0,44.5,43.900002,44.5,7967400.0
2019-02-26,44.0,45.0,44.0,44.950001,17597900.0
2019-02-27,44.650002,44.900002,44.150002,44.650002,8828100.0
2019-02-28,44.650002,44.900002,44.0,44.0,14014800.0
2019-03-01,43.799999,44.099998,43.0,43.200001,9124800.0
2019-03-04,43.200001,43.650002,42.799999,42.900002,7216400.0
2019-03-05,43.0,43.549999,43.0,43.25,19086400.0
2019-03-06,43.299999,44.400002,43.25,44.25,8415100.0
2019-03-07,43.650002,43.849998,43.299999,43.400002,8307500.0
2019-03-08,43.099998,43.849998,43.0,43.0,7222600.0
2019-03-11,43.599998,43.799999,42.900002,43.150002,5778100.0
2019-03-12,43.150002,43.549999,42.799999,42.900002,6182100.0
2019-03-13,42.799999,43.0,42.599998,42.849998,8636800.0
2019-03-14,42.849998,43.450001,42.650002,42.799999,9923800.0
2019-03-15,42.799999,43.150002,42.599998,43.099998,13077100.0
2019-03-18,43.099998,43.450001,43.099998,43.450001,8801200.0
2019-03-19,43.099998,43.450001,43.0,43.25,12974100.0
2019-03-20,43.25,43.700001,43.25,43.700001,12432300.0
2019-03-21,44.0,44.700001,43.849998,44.700001,13282700.0
2019-03-22,44.700001,45.75,44.700001,45.0,18796300.0
2019-03-25,44.849998,44.849998,43.599998,43.849998,6083600.0
2019-03-26,44.400002,44.950001,44.0,44.5,12287800.0
2019-03-27,44.799999,44.900002,43.549999,43.549999,11748200.0
2019-03-28,44.549999,44.599998,43.700001,44.0,15297400.0
2019-03-29,44.400002,44.900002,44.0,44.900002,14318300.0
2019-04-01,44.849998,45.150002,44.700001,45.0,17106900.0
2019-04-02,45.0,45.0,44.799999,44.950001,11397100.0
2019-04-03,44.599998,44.849998,44.5,44.599998,4761300.0
2019-04-04,44.599998,44.75,44.400002,44.5,11193000.0
2019-04-05,44.5,45.099998,44.5,45.0,7025000.0
2019-04-08,45.0,45.0,44.849998,45.0,9190300.0
2019-04-10,45.099998,45.5,44.950001,45.349998,41430400.0
2019-04-11,45.5,46.950001,45.5,46.700001,22570300.0
2019-04-12,46.700001,46.75,46.400002,46.599998,14220900.0
2019-04-15,46.400002,46.900002,46.400002,46.799999,25336300.0
2019-04-16,46.700001,47.450001,46.700001,47.299999,24760300.0
2019-04-17,46.950001,47.200001,46.799999,47.0,19386600.0
2019-04-22,46.599998,47.099998,46.599998,47.0,14978400.0
2019-04-23,46.950001,47.0,46.349998,47.0,13110000.0
2019-04-24,47.400002,48.099998,47.099998,48.0,19145700.0
2019-04-25,48.0,49.5,47.950001,49.5,18473500.0
2019-04-26,49.5,49.599998,48.0,48.5,20647000.0
2019-04-29,48.150002,48.799999,48.0,48.5,23440400.0
2019-04-30,48.5,48.950001,48.400002,48.950001,10638500.0
2019-05-02,49.099998,49.400002,48.0,48.0,16279800.0
2019-05-03,48.0,48.049999,47.400002,47.400002,12052600.0
2019-05-06,47.400002,47.400002,46.299999,46.799999,21637100.0
2019-05-07,46.299999,47.5,46.299999,46.950001,9516200.0
2019-05-08,46.900002,47.0,45.950001,47.0,21210700.0
2019-05-09,46.0,46.950001,46.0,46.799999,12875700.0
2019-05-10,47.0,47.5,46.099998,47.0,11832700.0
2019-05-14,47.200001,48.299999,47.0,47.950001,20830600.0
2019-05-15,47.950001,47.950001,47.0,47.0,10143000.0
2019-05-16,47.0,47.849998,46.400002,46.599998,12575700.0
2019-05-17,46.299999,47.799999,46.299999,46.75,10989800.0
2019-05-20,46.75,47.599998,46.75,47.5,4448100.0
2019-05-21,47.5,48.0,46.799999,47.900002,9615700.0
2019-05-22,47.75,48.299999,47.599998,48.0,9664900.0
2019-05-23,48.0,48.5,48.0,48.5,10520300.0
2019-05-24,48.450001,48.450001,47.400002,47.700001,8521800.0
2019-05-27,47.150002,48.299999,47.150002,48.099998,13000200.0
2019-05-28,48.099998,48.650002,47.400002,48.650002,27116700.0
2019-05-29,48.599998,48.700001,48.400002,48.5,8398400.0
2019-05-30,48.5,49.450001,48.200001,48.200001,11443900.0
2019-05-31,48.599998,49.599998,48.5,49.5,27118400.0
2019-06-03,49.75,52.5,49.650002,52.450001,26167400.0
2019-06-04,51.700001,51.950001,50.200001,50.5,13833060.0
2019-06-06,51.0,51.25,50.0,50.0,22628230.0
2019-06-07,50.099998,50.75,49.700001,49.799999,8418480.0
2019-06-10,49.849998,50.700001,49.700001,50.650002,13988300.0
2019-06-11,50.650002,51.349998,50.450001,51.0,9236680.0
2019-06-13,51.150002,51.5,49.75,51.5,15622940.0
2019-06-14,51.150002,51.150002,50.049999,50.5,14160300.0
2019-06-17,50.549999,50.950001,50.0,50.5,6289810.0
2019-06-18,50.049999,50.849998,49.900002,49.900002,9667740.0
2019-06-19,50.5,51.0,50.400002,51.0,6188500.0
2019-06-20,50.400002,50.799999,50.349998,50.549999,9349280.0
2019-06-21,50.700001,51.200001,50.549999,50.75,15389290.0
2019-06-24,50.5,52.0,50.5,51.799999,11312640.0
2019-06-25,51.799999,51.900002,50.5,50.549999,9625940.0
2019-06-26,50.599998,51.0,50.400002,51.0,10266840.0
2019-06-27,50.650002,50.900002,50.450001,50.599998,10739880.0
2019-06-28,50.700001,50.799999,50.400002,50.799999,10811670.0
2019-07-01,50.950001,51.700001,50.700001,51.700001,5484330.0
2019-07-02,51.549999,51.700001,51.049999,51.450001,9924340.0
2019-07-03,51.75,52.349998,51.549999,51.75,8364750.0
2019-07-04,51.549999,51.950001,51.400002,51.400002,6029720.0
2019-07-05,51.5,52.450001,51.5,52.200001,12579070.0
2019-07-08,51.849998,52.650002,51.799999,52.099998,18957550.0
2019-07-09,52.049999,52.400002,51.25,51.450001,8054490.0
2019-07-10,51.549999,51.599998,51.0,51.25,6420600.0
2019-07-11,51.799999,53.0,51.549999,53.0,10327970.0
2019-07-12,52.599998,53.0,52.299999,53.0,11368580.0
2019-07-15,53.0,53.599998,52.799999,53.5,9744540.0
2019-07-16,53.5,53.849998,51.799999,51.799999,15736830.0
2019-07-17,52.0,52.75,52.0,52.200001,10579870.0
2019-07-18,52.200001,52.5,52.099998,52.349998,10337980.0
2019-07-19,52.5,52.849998,52.0,52.0,8880370.0
2019-07-22,51.400002,52.200001,51.400002,51.950001,4289060.0
2019-07-23,52.0,52.450001,51.900002,52.099998,5278510.0
2019-07-24,52.099998,52.150002,51.400002,52.0,9303770.0
2019-07-25,51.549999,52.549999,51.5,52.549999,3269150.0
2019-07-26,51.650002,51.950001,51.349998,51.349998,4935900.0
2019-07-29,51.400002,51.650002,50.950001,51.299999,2742030.0
2019-07-30,51.549999,51.549999,50.950001,51.099998,3898780.0
2019-07-31,50.799999,51.0,49.75,49.799999,11400370.0
2019-08-01,49.75,50.049999,49.400002,50.049999,8275400.0
2019-08-02,50.0,51.0,49.450001,51.0,5717040.0
2019-08-05,50.049999,50.700001,49.150002,49.150002,6635510.0
2019-08-06,48.400002,48.400002,47.549999,48.049999,22532500.0
2019-08-07,48.150002,48.849998,48.150002,48.5,14069000.0
2019-08-08,49.0,49.400002,48.700001,48.900002,8562600.0
2019-08-09,48.549999,49.049999,48.549999,48.650002,9555100.0
2019-08-13,48.400002,48.400002,46.299999,47.25,25680900.0
2019-08-14,47.400002,49.200001,47.400002,48.900002,18209600.0
2019-08-15,47.400002,49.0,47.0,48.849998,17971500.0
2019-08-16,48.5,49.25,48.450001,49.25,17231900.0
2019-08-19,48.5,49.400002,48.200001,49.400002,12304900.0
2019-08-20,48.599998,49.5,48.5,49.5,7877600.0
2019-08-22,49.0,49.150002,48.349998,49.150002,15526900.0
2019-08-23,48.450001,49.0,47.75,48.900002,12861400.0
2019-08-27,48.049999,48.299999,47.25,47.25,30254800.0
2019-08-28,47.75,48.0,47.25,47.75,11207300.0
2019-08-29,48.0,48.0,47.400002,47.700001,12162700.0
2019-08-30,48.049999,48.200001,47.299999,47.299999,25166000.0
2019-09-02,47.349998,47.799999,47.349998,47.400002,6942800.0
2019-09-03,47.5,47.799999,47.099998,47.299999,10370000.0
2019-09-04,47.700001,47.799999,47.049999,47.400002,9375400.0
2019-09-05,47.950001,48.5,47.299999,48.5,5748900.0
2019-09-06,48.799999,49.599998,48.700001,49.5,12984700.0
2019-09-09,49.5,49.700001,49.0,49.599998,8360200.0
2019-09-10,49.099998,49.200001,48.400002,49.0,7122300.0
2019-09-11,49.0,50.0,48.700001,50.0,7999700.0
2019-09-12,49.5,49.5,49.049999,49.299999,6708360.0
2019-09-13,49.400002,49.900002,48.849998,49.900002,4671900.0
2019-09-16,49.900002,49.900002,48.849998,49.900002,7923900.0
2019-09-17,49.299999,49.400002,48.799999,48.799999,14082600.0
2019-09-18,48.799999,49.099998,48.049999,48.049999,8554600.0
2019-09-19,48.099998,49.0,48.099998,49.0,8494900.0
2019-09-20,48.599998,48.799999,47.900002,47.900002,16266000.0
2019-09-23,47.950001,48.650002,47.799999,48.650002,2947500.0
2019-09-24,48.400002,48.950001,47.25,48.950001,3952600.0
2019-09-25,48.700001,49.200001,48.0,49.200001,7921900.0
2019-09-26,49.200001,49.650002,49.049999,49.349998,10941400.0
2019-09-27,49.599998,49.650002,49.200001,49.299999,12529100.0
2019-09-30,49.650002,49.700001,49.099998,49.450001,12910500.0
2019-10-01,49.700001,49.700001,48.150002,48.150002,6863500.0
2019-10-02,48.150002,48.150002,47.0,47.0,9208500.0
2019-10-03,46.549999,46.549999,45.0,45.0,15387000.0
2019-10-04,45.650002,46.349998,45.299999,46.200001,4536400.0
2019-10-07,46.25,46.549999,46.0,46.5,5971300.0
2019-10-08,46.5,46.900002,46.200001,46.5,7806600.0
2019-10-09,46.349998,46.599998,46.0,46.5,2011000.0
2019-10-10,46.950001,47.200001,46.549999,46.799999,3506700.0
2019-10-11,46.900002,47.950001,46.700001,47.950001,2754900.0
2019-10-14,47.900002,48.200001,47.75,48.0,3923000.0
2019-10-15,48.049999,48.150002,47.900002,48.0,5128100.0
2019-10-16,48.049999,49.200001,48.0,49.099998,6759600.0
2019-10-17,49.099998,49.200001,48.5,49.200001,4017900.0
2019-10-18,49.200001,49.200001,48.900002,49.0,4277500.0
2019-10-21,48.650002,49.049999,48.599998,48.849998,4310600.0
2019-10-22,48.799999,49.0,48.650002,48.799999,8801700.0
2019-10-23,48.650002,49.0,48.650002,49.0,4139400.0
2019-10-24,48.650002,49.049999,48.650002,48.950001,6667200.0
2019-10-25,49.200001,49.200001,48.5,48.5,2815900.0
2019-10-28,48.5,48.799999,48.099998,48.799999,5076900.0
2019-10-29,48.799999,49.0,48.5,49.0,5701900.0
2019-10-30,49.0,49.549999,48.799999,49.549999,5324000.0
2019-10-31,49.5,49.5,48.549999,48.549999,5560800.0
2019-11-04,49.400002,49.900002,48.900002,49.0,8138000.0
2019-11-05,48.900002,49.650002,48.700001,49.0,10078500.0
2019-11-06,49.0,49.0,46.75,47.0,13879600.0
2019-11-07,47.549999,47.549999,46.900002,47.0,8608800.0
2019-11-08,47.049999,47.099998,46.349998,47.0,7780900.0
2019-11-11,47.5,47.5,46.5,46.799999,7175500.0
2019-11-12,46.799999,46.849998,46.25,46.5,4686800.0
2019-11-13,46.5,46.950001,46.0,46.950001,6290200.0
2019-11-14,46.200001,47.0,45.900002,47.0,5224700.0
2019-11-15,46.799999,46.799999,45.950001,45.950001,6893400.0
2019-11-18,45.950001,46.0,44.799999,44.900002,9939500.0
2019-11-19,44.900002,45.5,44.799999,45.0,10232500.0
2019-11-20,45.0,45.700001,44.650002,45.700001,11103300.0
2019-11-21,45.700001,45.700001,44.150002,45.200001,13189200.0
2019-11-22,44.650002,44.799999,43.849998,44.5,13217800.0
2019-11-25,44.5,44.900002,43.75,43.900002,14704200.0
2019-11-26,43.950001,44.200001,42.549999,42.549999,37427400.0
2019-11-27,43.400002,44.650002,43.099998,44.5,15035300.0
2019-11-28,44.049999,44.700001,44.049999,44.700001,9193300.0
2019-11-29,44.700001,45.5,44.700001,45.5,7226900.0
2019-12-02,45.450001,47.0,45.099998,47.0,5839400.0
2019-12-03,46.75,47.25,46.0,47.25,11096000.0
2019-12-04,46.299999,46.450001,45.950001,46.0,13214100.0
2019-12-05,45.450001,45.75,45.450001,45.5,19353700.0
2019-12-06,45.400002,45.700001,45.0,45.5,5186200.0
2019-12-09,45.5,45.700001,44.700001,44.700001,11827800.0
2019-12-10,44.799999,45.400002,44.299999,45.25,6292400.0
2019-12-11,44.799999,45.900002,44.650002,45.450001,5165800.0
2019-12-12,45.0,45.5,44.549999,45.0,5887500.0
2019-12-13,45.799999,47.0,45.0,46.900002,8712500.0
2019-12-16,47.0,47.900002,45.75,45.75,11468500.0
2019-12-17,46.400002,47.0,45.25,45.75,17599500.0
2019-12-18,46.5,46.5,45.599998,45.75,10987000.0
2019-12-19,46.599998,46.599998,45.0,45.400002,8737300.0
2019-12-20,45.400002,46.0,43.700001,46.0,17863300.0
2019-12-23,45.099998,47.25,45.099998,47.25,9842900.0
2019-12-26,46.5,47.0,46.200001,46.400002,3843700.0
2019-12-27,46.299999,46.549999,45.5,45.5,10432800.0
2020-01-02,45.200001,45.299999,43.5,44.900002,8624300.0
2020-01-03,44.049999,45.200001,44.049999,44.75,9280200.0
2020-01-06,44.5,44.5,43.650002,44.150002,13041200.0
2020-01-07,44.150002,44.549999,44.150002,44.200001,12564400.0
2020-01-08,43.200001,44.349998,42.599998,44.049999,8829300.0
2020-01-09,44.049999,45.049999,44.049999,45.0,20253300.0
2020-01-10,45.0,45.049999,44.099998,44.349998,8807500.0
2020-01-14,44.0,44.0,43.5,43.900002,17446600.0
2020-01-15,43.849998,44.0,43.200001,43.200001,6208500.0
2020-01-16,43.900002,43.900002,42.5,42.900002,18848300.0
2020-01-17,43.450001,43.799999,42.75,43.549999,12670000.0
2020-01-20,43.400002,43.400002,40.5,40.5,19904400.0
2020-01-21,41.0,41.099998,38.5,39.5,44279700.0
2020-01-22,38.700001,40.150002,38.25,39.400002,34273300.0
2020-01-23,39.400002,41.25,39.400002,40.799999,23247700.0
2020-01-24,41.349998,41.700001,41.0,41.400002,30293000.0
2020-01-27,41.400002,42.0,41.349998,41.599998,28759100.0
2020-01-28,41.099998,41.75,40.75,41.5,14436200.0
2020-01-29,41.599998,42.0,41.200001,42.0,6643300.0
2020-01-30,41.75,42.049999,41.599998,41.900002,9373300.0
2020-01-31,42.0,42.0,41.299999,41.599998,16971600.0
2020-02-03,41.450001,41.450001,40.0,40.950001,9543500.0
2020-02-04,41.0,41.099998,40.599998,40.950001,11871400.0
2020-02-05,41.400002,41.950001,41.25,41.950001,7781500.0
2020-02-06,42.0,43.349998,42.0,43.349998,9796400.0
2020-02-07,43.450001,43.450001,42.599998,43.349998,7912200.0
2020-02-10,43.349998,44.049999,43.150002,43.700001,29150000.0
2020-02-11,44.0,44.0,43.5,43.650002,11287900.0
2020-02-12,44.0,44.150002,43.599998,43.599998,11898600.0
2020-02-13,43.599998,44.0,42.299999,42.900002,4686700.0
2020-02-14,42.950001,43.049999,41.099998,41.099998,8647600.0
2020-02-17,41.650002,41.900002,41.0,41.0,10334900.0
2020-02-18,41.0,41.299999,40.549999,41.099998,13736400.0
2020-02-19,41.450001,43.5,41.299999,42.200001,18788000.0
2020-02-20,42.25,42.599998,42.25,42.450001,15182800.0
2020-02-21,42.599998,42.75,42.150002,42.25,14983200.0
2020-02-24,41.400002,41.549999,40.700001,41.400002,10745500.0
2020-02-26,40.0,40.099998,38.150002,38.650002,34613600.0
2020-02-27,38.5,40.400002,38.5,40.400002,48181500.0
2020-02-28,39.299999,39.5,38.650002,39.0,34020600.0
2020-03-02,38.900002,40.099998,38.5,39.799999,10917800.0
2020-03-03,40.200001,40.400002,39.549999,39.599998,11519700.0
2020-03-04,39.400002,40.75,39.25,40.75,10981200.0
2020-03-05,40.75,40.849998,40.25,40.400002,5641200.0
2020-03-06,40.0,40.75,39.25,39.599998,12334700.0
2020-03-09,38.0,38.849998,37.299999,37.75,13538400.0
2020-03-10,36.799999,38.200001,36.400002,37.099998,18829600.0
2020-03-11,37.549999,38.400002,37.25,38.200001,20960400.0
2020-03-12,37.299999,37.450001,32.25,33.900002,22573500.0
2020-03-13,31.1,33.799999,30.0,33.0,32470900.0
2020-03-16,31.5,32.900002,28.799999,28.799999,23531700.0
2020-03-19,24.0,25.200001,19.440001,22.950001,37897100.0
2020-03-20,23.6,26.5,23.6,26.299999,27880600.0
2020-03-23,25.0,28.200001,25.0,27.5,28629500.0
2020-03-24,27.6,30.65,27.6,29.1,22226100.0
2020-03-25,31.1,31.9,30.0,30.700001,20502600.0
2020-03-26,31.25,33.200001,30.799999,32.299999,17143400.0
2020-03-27,33.650002,34.349998,30.65,31.0,18120900.0
2020-03-30,30.950001,32.0,28.549999,31.0,13388400.0
2020-03-31,31.6,32.799999,30.200001,30.200001,30775000.0
2020-04-01,30.799999,31.6,30.299999,31.15,17857100.0
2020-04-02,30.5,32.299999,30.1,32.299999,10361500.0
2020-04-03,31.9,32.099998,31.200001,32.0,8311000.0
2020-04-06,32.0,32.75,31.799999,32.5,8315000.0
2020-04-07,33.5,34.0,32.700001,33.5,8308100.0
2020-04-08,32.400002,32.650002,31.799999,32.0,11319200.0
2020-04-13,32.299999,33.450001,31.950001,33.450001,7580800.0
2020-04-14,33.549999,33.75,32.700001,33.75,12660700.0
2020-04-15,34.0,34.150002,33.200001,34.0,11691800.0
2020-04-16,32.299999,32.299999,30.200001,30.200001,26302600.0
2020-04-17,31.450001,31.85,31.0,31.549999,22989200.0
2020-04-20,31.75,32.049999,30.5,31.1,11689400.0
2020-04-21,31.0,31.200001,30.700001,30.950001,7213200.0
2020-04-22,30.5,30.5,30.0,30.200001,8860200.0
2020-04-23,30.6,31.15,30.200001,30.200001,5184700.0
2020-04-24,30.25,30.5,28.9,28.9,17380700.0
2020-04-27,29.299999,29.450001,28.200001,29.200001,6908300.0
2020-04-28,29.450001,30.299999,29.4,30.25,8868000.0
2020-04-29,30.450001,31.700001,30.299999,31.0,12591200.0
2020-04-30,31.799999,32.200001,31.299999,31.950001,18012900.0
2020-05-04,31.700001,31.799999,30.75,31.799999,13078500.0
2020-05-05,32.0,33.349998,31.799999,33.200001,14117000.0
2020-05-06,33.299999,33.700001,32.549999,33.5,21794900.0
2020-05-07,33.5,33.75,32.950001,33.75,7477800.0
2020-05-08,33.599998,33.650002,32.650002,32.650002,11277100.0
2020-05-11,32.5,33.5,31.9,33.299999,7716100.0
2020-05-12,32.849998,33.150002,31.65,31.799999,32212100.0
2020-05-13,32.200001,32.900002,32.150002,32.5,20788500.0
2020-05-14,32.0,32.5,31.5,32.5,6773800.0
2020-05-15,32.700001,33.099998,32.0,32.0,8639300.0
2020-05-18,31.65,32.450001,31.35,31.35,7581600.0
2020-05-19,32.25,32.5,31.85,31.9,10646700.0
2020-05-20,31.9,32.25,31.5,32.0,6807800.0
2020-05-21,32.400002,32.5,31.85,32.049999,7250200.0
2020-05-22,32.25,32.25,30.9,30.9,7955700.0
2020-05-26,31.0,31.450001,29.65,29.9,18646400.0
2020-05-27,30.0,30.25,29.049999,29.25,17920700.0
2020-05-28,29.5,30.85,29.5,30.75,10867600.0
2020-05-29,32.0,32.099998,31.35,32.0,60551300.0
2020-06-01,32.400002,32.549999,31.6,32.549999,7889200.0
2020-06-02,32.599998,33.299999,32.599998,33.299999,8907400.0
2020-06-03,33.5,36.0,33.450001,36.0,16172800.0
2020-06-04,36.0,37.5,35.099998,37.5,18397500.0
2020-06-05,36.700001,38.0,35.700001,38.0,12686100.0
2020-06-08,38.0,38.299999,37.099998,38.0,8368800.0
2020-06-09,37.75,38.0,36.650002,38.0,12179000.0
2020-06-10,37.849998,37.900002,35.599998,36.400002,9987800.0
2020-06-11,36.299999,37.400002,35.200001,37.400002,8390900.0
2020-06-15,35.849998,36.450001,35.099998,35.799999,13292300.0
2020-06-16,36.349998,37.0,35.200001,35.900002,10427100.0
2020-06-17,36.0,36.200001,35.799999,35.799999,5795700.0
2020-06-18,35.75,36.450001,35.049999,36.450001,5948900.0
2020-06-19,36.400002,36.75,35.75,36.299999,20401800.0
2020-06-22,36.299999,36.900002,35.799999,36.900002,7277000.0
2020-06-23,36.5,36.700001,36.049999,36.299999,4588400.0
2020-06-24,36.099998,36.450001,34.049999,34.049999,17104500.0
2020-06-25,34.099998,34.75,34.099998,34.099998,7155500.0
2020-06-26,34.200001,34.650002,34.0,34.0,4830200.0
2020-06-29,33.400002,34.049999,33.200001,33.950001,7346200.0
2020-06-30,34.5,34.75,33.799999,33.799999,7816500.0
2020-07-01,34.0,34.200001,33.75,33.900002,5877400.0
2020-07-02,33.950001,35.0,33.75,35.0,8882200.0
2020-07-03,35.400002,35.700001,34.900002,35.200001,4664800.0
2020-07-06,35.200001,35.700001,34.0,35.099998,12948800.0
2020-07-07,34.849998,35.400002,34.599998,34.700001,3931100.0
2020-07-08,34.700001,34.700001,33.299999,33.900002,8438400.0
2020-07-09,34.0,34.0,32.700001,32.950001,9778500.0
2020-07-10,32.0,32.849998,31.25,32.0,13986900.0
2020-07-13,32.25,32.799999,32.0,32.400002,7315500.0
2020-07-14,32.799999,33.5,32.549999,33.5,5547100.0
2020-07-15,33.75,33.849998,32.0,32.0,11730000.0
2020-07-16,32.150002,32.950001,32.150002,32.900002,5277000.0
2020-07-17,32.349998,32.599998,31.6,31.700001,14126100.0
2020-07-20,31.799999,33.400002,31.700001,32.950001,7251300.0
2020-07-21,32.799999,33.200001,32.299999,33.200001,4617200.0
2020-07-22,33.200001,33.900002,33.0,33.0,9084700.0
2020-07-23,33.049999,33.799999,31.799999,33.799999,6315000.0
2020-07-24,33.599998,33.599998,32.099998,32.5,5226300.0
2020-07-27,32.349998,32.400002,31.75,31.9,3982200.0
2020-07-28,31.9,33.150002,31.75,32.099998,5205200.0
2020-07-29,32.150002,33.25,31.5,33.25,5891300.0
2020-07-30,33.099998,33.299999,32.650002,33.299999,5052400.0
2020-08-03,31.85,32.200001,31.299999,31.299999,10630900.0
2020-08-04,31.0,32.200001,31.0,32.200001,8605500.0
2020-08-05,32.0,33.200001,32.0,32.5,13408100.0
2020-08-06,32.799999,32.799999,32.099998,32.799999,8045800.0
2020-08-07,32.5,32.700001,31.9,32.200001,11937600.0
2020-08-10,32.200001,33.200001,32.0,33.200001,2919000.0
2020-08-11,32.950001,33.299999,32.599998,32.599998,12988900.0
2020-08-12,32.799999,33.0,32.700001,32.799999,3353100.0
2020-08-13,33.0,33.400002,32.75,33.200001,11863300.0
2020-08-14,33.200001,33.799999,32.950001,33.299999,32351800.0
2020-08-17,33.400002,33.400002,33.0,33.099998,2393500.0
2020-08-18,33.099998,33.150002,32.700001,32.849998,8279900.0
2020-08-19,32.950001,32.950001,31.85,31.85,6485700.0
2020-08-20,31.85,31.9,31.15,31.35,5512600.0
2020-08-24,31.299999,31.299999,30.5,30.6,13455500.0
2020-08-25,30.6,30.6,30.200001,30.4,9526100.0
2020-08-26,30.0,30.35,29.700001,30.0,10759800.0
2020-08-27,30.049999,30.1,29.700001,29.700001,17572500.0
2020-08-28,29.65,29.85,28.799999,28.799999,28158300.0
2020-09-01,29.5,29.65,28.299999,28.299999,19823000.0
2020-09-02,28.1,28.25,27.0,27.0,40418800.0
2020-09-03,27.049999,27.75,26.5,26.9,22755600.0
2020-09-04,27.0,28.200001,26.950001,28.200001,19286500.0
2020-09-07,28.6,30.0,28.1,30.0,20669400.0
2020-09-08,29.9,30.9,29.200001,30.9,13582100.0
2020-09-09,30.450001,30.450001,29.65,29.75,11458000.0
2020-09-10,29.950001,30.299999,29.299999,30.0,9511500.0
2020-09-11,29.9,30.4,29.700001,30.4,6574200.0
2020-09-14,30.049999,31.299999,30.049999,31.299999,10443900.0
2020-09-15,31.25,31.950001,30.85,31.950001,9732400.0
2020-09-16,31.549999,31.700001,31.25,31.450001,9497600.0
2020-09-17,31.450001,31.450001,30.75,31.4,8288900.0
2020-09-18,31.299999,31.35,30.299999,31.0,13833700.0
2020-09-21,30.799999,30.9,30.299999,30.5,4836900.0
2020-09-22,30.0,30.15,29.75,30.0,6124600.0
2020-09-23,29.85,30.450001,29.75,29.799999,5222500.0
2020-09-24,29.65,29.950001,29.5,29.950001,6078700.0
2020-09-25,29.5,30.65,29.5,30.25,14439600.0
2020-09-28,30.25,30.4,29.75,29.799999,6079900.0
2020-09-29,29.85,30.1,29.450001,29.450001,4021600.0
2020-09-30,29.65,29.9,29.549999,29.700001,5789000.0
2020-10-01,29.799999,30.0,29.6,30.0,2650000.0
2020-10-02,29.85,30.700001,29.799999,30.700001,5847500.0
2020-10-05,30.700001,30.700001,30.1,30.15,5764200.0
2020-10-06,30.15,30.15,29.6,30.0,4682700.0
2020-10-07,29.799999,29.9,29.299999,29.700001,8980600.0
2020-10-08,29.9,30.049999,29.1,30.049999,13218200.0
2020-10-09,29.950001,29.950001,29.5,29.75,4994300.0
2020-10-12,29.75,29.75,29.049999,29.35,9452200.0
2020-10-13,29.4,29.75,29.35,29.5,8858200.0
2020-10-14,29.35,29.799999,29.0,29.799999,7857700.0
2020-10-15,29.75,29.75,29.299999,29.4,9468700.0
2020-10-16,29.4,29.450001,29.25,29.299999,4961100.0
2020-10-19,29.450001,30.1,29.4,29.85,7398400.0
2020-10-20,30.200001,31.35,30.15,31.35,14048700.0
2020-10-21,31.299999,32.75,31.299999,32.5,23352200.0
2020-10-22,32.5,33.5,31.5,33.5,16365700.0
2020-10-23,33.5,34.099998,33.150002,33.950001,20080900.0
2020-10-26,33.900002,34.400002,33.650002,34.400002,11651700.0
2020-10-27,34.200001,34.400002,33.599998,34.400002,15551300.0
2020-10-28,34.200001,34.200001,33.549999,33.849998,6890700.0
2020-10-29,33.299999,33.349998,32.150002,32.200001,11837400.0
2020-10-30,32.150002,33.150002,31.85,33.0,10161800.0
2020-11-03,31.799999,33.049999,31.799999,32.799999,5523900.0
2020-11-04,33.0,33.5,32.450001,33.349998,8909600.0
2020-11-05,33.5,34.799999,33.5,34.049999,16783600.0
2020-11-06,34.099998,35.0,33.700001,35.0,9633800.0
2020-11-09,34.799999,34.849998,34.25,34.700001,10096200.0
2020-11-10,35.150002,37.75,35.150002,37.75,33791300.0
2020-11-11,37.650002,38.299999,36.950001,38.299999,28046700.0
2020-11-13,37.5,39.5,36.900002,39.5,24118700.0
2020-11-16,39.299999,39.299999,38.0,39.099998,12386800.0
2020-11-17,38.799999,39.200001,38.400002,38.849998,12700700.0
2020-11-18,38.950001,39.549999,38.650002,39.5,10291900.0
2020-11-19,38.700001,39.650002,38.700001,39.25,12962400.0
2020-11-20,39.5,40.0,39.150002,40.0,7562200.0
2020-11-23,39.900002,40.299999,38.700001,38.700001,12266200.0
2020-11-24,39.450001,39.5,38.5,39.0,11231200.0
2020-11-25,39.0,39.5,37.75,37.75,11123200.0
2020-11-26,37.549999,38.0,36.799999,38.0,14530600.0
2020-11-27,37.700001,38.0,36.700001,38.0,41245100.0
2020-12-01,36.099998,39.75,36.0,39.75,16679200.0
2020-12-02,39.5,40.5,39.099998,40.5,12510700.0
2020-12-03,40.0,41.150002,39.299999,39.599998,14150300.0
2020-12-04,40.0,40.299999,38.549999,39.950001,9974100.0
2020-12-07,39.799999,40.049999,39.150002,39.799999,11488000.0
2020-12-09,40.0,40.25,38.549999,38.700001,11126800.0
2020-12-10,38.75,40.049999,38.75,40.049999,10014600.0
2020-12-11,40.049999,41.950001,40.0,41.599998,16865700.0
2020-12-14,41.049999,42.099998,40.599998,41.5,9649800.0
2020-12-15,41.950001,42.0,40.700001,41.299999,15198500.0
2020-12-16,41.0,41.700001,40.349998,41.700001,4692000.0
2020-12-17,41.25,42.0,41.0,42.0,4489300.0
2020-12-18,41.5,42.0,40.799999,41.900002,11216000.0
2020-12-21,41.099998,41.75,40.900002,41.75,6142900.0
2020-12-22,41.25,41.700001,40.450001,41.700001,6216500.0
2020-12-23,41.5,41.799999,41.0,41.75,6492100.0
2020-12-28,41.200001,41.75,41.049999,41.75,4895800.0
2020-12-29,41.700001,41.700001,40.900002,40.900002,6322500.0
2021-01-04,40.799999,42.0,40.650002,42.0,5282500.0
2021-01-05,41.900002,41.900002,41.0,41.0,5308400.0
2021-01-06,41.0,41.599998,39.0,41.049999,6928000.0
2021-01-07,41.0,41.0,40.049999,40.700001,4213600.0
2021-01-08,40.700001,41.799999,40.5,41.549999,6714900.0
2021-01-11,41.5,42.0,41.0,41.400002,9225000.0
2021-01-12,41.450001,41.700001,40.799999,41.450001,6519600.0
2021-01-13,41.450001,41.5,40.400002,40.400002,6850900.0
2021-01-14,40.0,40.75,39.150002,40.299999,9387300.0
2021-01-15,40.400002,40.5,39.599998,40.150002,4766300.0
2021-01-18,40.0,40.049999,39.200001,39.650002,8178000.0
2021-01-19,39.650002,39.650002,39.25,39.650002,7662200.0
2021-01-20,39.599998,39.900002,38.299999,38.849998,8395400.0
2021-01-21,39.099998,39.900002,38.849998,39.849998,3387100.0
2021-01-22,39.549999,39.75,38.700001,39.450001,7350700.0
2021-01-25,39.0,40.0,39.0,40.0,7227200.0
2021-01-26,39.5,40.0,39.299999,40.0,8480100.0
2021-01-27,39.599998,39.799999,38.799999,38.799999,8092700.0
2021-01-28,38.75,39.400002,38.700001,38.799999,5475100.0
2021-01-29,38.599998,39.700001,37.700001,37.700001,18671800.0
2021-02-01,37.5,39.299999,36.849998,39.299999,8429400.0
2021-02-02,39.0,39.549999,38.950001,39.299999,6652000.0
2021-02-03,39.299999,39.299999,38.200001,38.549999,6454800.0
2021-02-04,39.0,39.0,38.25,38.900002,5037300.0
2021-02-05,38.900002,39.950001,38.299999,39.950001,8962300.0
2021-02-08,39.849998,40.75,39.549999,40.75,9445400.0
2021-02-09,40.700001,40.700001,40.200001,40.299999,4467200.0
2021-02-10,40.5,41.200001,40.5,40.5,9768500.0
2021-02-11,40.5,40.599998,39.950001,40.349998,3698200.0
2021-02-15,40.099998,40.900002,40.0,40.0,4798500.0
2021-02-16,40.0,40.25,39.950001,40.099998,9395000.0
2021-02-17,39.849998,39.950001,39.200001,39.549999,8388900.0
2021-02-18,39.75,39.75,38.700001,38.849998,10125000.0
2021-02-19,38.950001,39.400002,38.150002,39.0,7749200.0
2021-02-22,38.950001,39.200001,38.349998,38.349998,5893700.0
2021-02-23,38.5,38.650002,38.150002,38.200001,6764400.0
2021-02-24,39.650002,39.650002,38.25,38.650002,6423200.0
2021-02-26,38.0,39.700001,37.599998,39.049999,11816900.0
2021-03-01,39.549999,39.900002,39.049999,39.849998,8698200.0
2021-03-02,39.700001,39.75,39.25,39.5,6343500.0
2021-03-03,39.400002,39.799999,39.150002,39.799999,2945700.0
2021-03-04,39.400002,39.400002,38.5,38.5,6635200.0
2021-03-05,38.5,38.75,38.099998,38.5,7584700.0
2021-03-08,38.400002,38.400002,37.599998,37.75,7317900.0
2021-03-09,37.599998,38.200001,36.599998,37.0,7633800.0
2021-03-10,37.049999,37.5,36.75,37.349998,10421900.0
2021-03-11,37.049999,37.200001,36.25,36.599998,8163900.0
2021-03-12,36.849998,37.0,36.599998,37.0,8230600.0
2021-03-15,36.700001,36.900002,35.0,35.900002,11451700.0
2021-03-16,35.849998,36.650002,35.700001,35.75,7751500.0
2021-03-17,35.75,36.0,35.400002,35.650002,9295700.0
2021-03-18,35.650002,36.75,35.349998,36.0,8668200.0
2021-03-19,36.0,36.349998,34.5,34.5,18215000.0
2021-03-22,34.400002,34.950001,33.799999,33.799999,15852700.0
2021-03-23,33.849998,34.700001,33.849998,34.299999,8205700.0
2021-03-24,34.299999,35.200001,33.900002,34.900002,6531400.0
2021-03-25,35.099998,35.900002,35.049999,35.049999,19333700.0
2021-03-26,35.099998,35.200001,34.599998,35.0,17345500.0
2021-03-29,34.450001,35.849998,34.099998,35.650002,9753000.0
2021-03-30,35.650002,35.650002,35.200001,35.450001,3663900.0
2021-03-31,35.5,35.599998,34.349998,34.349998,14151100.0
2021-04-05,34.349998,35.049999,34.349998,34.5,7539700.0
2021-04-06,34.950001,35.049999,34.450001,34.599998,8003500.0
2021-04-07,34.700001,34.900002,34.450001,34.5,14564000.0
2021-04-08,34.599998,34.700001,34.5,34.5,10989900.0
2021-04-12,34.5,34.849998,33.549999,34.049999,15424600.0
2021-04-13,34.150002,34.150002,33.25,33.299999,15676700.0
2021-04-14,33.400002,33.450001,32.799999,33.25,20741300.0
2021-04-15,33.25,33.950001,33.099998,33.700001,12635900.0
2021-04-16,33.849998,33.900002,33.099998,33.25,17399000.0
2021-04-19,33.099998,33.599998,33.049999,33.450001,7610500.0
2021-04-20,33.200001,33.5,33.0,33.049999,22741900.0
2021-04-21,33.150002,33.299999,33.0,33.0,18083800.0
2021-04-22,33.0,33.049999,32.099998,32.099998,30051400.0
2021-04-23,32.349998,32.400002,32.099998,32.200001,52093100.0
2021-04-26,32.599998,32.900002,32.200001,32.5,17636600.0
2021-04-27,32.700001,33.0,32.049999,32.049999,16710900.0
2021-04-28,32.25,33.099998,32.150002,32.75,29086500.0
2021-04-29,32.799999,33.099998,32.650002,32.900002,8910200.0
2021-04-30,33.049999,33.099998,32.200001,32.200001,23506900.0
2021-05-03,32.349998,32.799999,32.299999,32.299999,11714000.0
2021-05-04,32.450001,32.5,31.85,31.85,17640300.0
2021-05-05,31.85,32.25,31.799999,32.0,10994000.0
2021-05-06,32.150002,32.299999,31.549999,32.200001,23977900.0
2021-05-07,32.25,32.450001,32.0,32.25,12491300.0
2021-05-10,32.25,32.400002,32.0,32.200001,19485800.0
2021-05-11,32.150002,32.299999,32.049999,32.25,9729100.0
2021-05-12,32.25,32.299999,31.9,31.950001,13182900.0
2021-05-14,32.099998,32.150002,31.0,31.200001,10993000.0
2021-05-17,31.200001,32.950001,31.200001,32.950001,11520900.0
2021-05-18,32.25,32.650002,31.9,32.0,16567400.0
2021-05-19,32.200001,32.200001,31.25,31.35,7006500.0
2021-05-20,31.6,32.200001,31.299999,32.200001,7416700.0
2021-05-21,32.0,32.200001,31.5,32.150002,6208500.0
2021-05-24,32.150002,32.150002,31.5,31.6,4679600.0
2021-05-25,31.799999,32.099998,31.6,32.0,5770500.0
2021-05-26,32.049999,32.900002,32.049999,32.650002,21772800.0
2021-05-27,33.099998,34.75,32.799999,34.75,32749800.0
2021-05-28,34.299999,35.0,34.049999,34.5,29652500.0
2021-05-31,34.650002,34.849998,33.849998,34.400002,12797500.0
2021-06-01,33.900002,35.0,33.5,35.0,7723100.0
2021-06-02,35.049999,36.950001,34.900002,36.950001,23316900.0
2021-06-03,36.700001,36.700001,36.049999,36.5,14016700.0
2021-06-04,36.599998,36.75,36.099998,36.400002,11151600.0
2021-06-07,36.650002,36.700001,35.799999,36.299999,7407600.0
2021-06-08,36.5,36.950001,36.099998,36.950001,6456400.0
2021-06-09,36.950001,38.299999,36.900002,38.299999,15343900.0
2021-06-10,38.299999,38.349998,37.549999,37.700001,24411200.0
2021-06-11,37.700001,38.299999,37.650002,38.299999,7137000.0
2021-06-14,38.200001,38.200001,36.900002,37.049999,9089600.0
2021-06-15,37.150002,37.25,36.650002,37.099998,10793400.0
2021-06-16,37.099998,37.650002,37.049999,37.650002,11208900.0
2021-06-17,37.400002,37.400002,36.599998,36.650002,9864700.0
2021-06-18,36.700001,36.849998,36.0,36.0,26411000.0
2021-06-21,36.0,36.650002,35.799999,36.5,6263700.0
2021-06-22,36.5,37.25,36.450001,36.849998,6567900.0
2021-06-23,36.900002,37.900002,36.900002,37.900002,5576400.0
2021-06-24,37.799999,37.799999,36.799999,37.099998,9335400.0
2021-06-25,37.150002,37.5,36.900002,37.0,9963600.0
2021-06-28,37.0,37.349998,36.700001,36.700001,7503600.0
2021-06-29,36.75,37.0,36.150002,36.150002,11190000.0
2021-06-30,36.200001,36.450001,36.049999,36.049999,13735500.0
2021-07-01,36.25,37.400002,36.25,36.5,10485300.0
2021-07-02,36.700001,36.950001,36.349998,36.900002,2887800.0
2021-07-05,36.700001,37.200001,36.700001,37.200001,1867700.0
2021-07-06,37.400002,37.400002,36.650002,36.799999,3255500.0
2021-07-07,36.75,36.900002,36.299999,36.349998,4051200.0
2021-07-08,36.349998,36.650002,36.099998,36.099998,10335600.0
2021-07-09,36.099998,36.299999,35.150002,36.0,13774000.0
2021-07-12,36.0,37.0,35.900002,36.950001,6670400.0
2021-07-13,36.900002,36.900002,35.650002,35.650002,7817700.0
2021-07-14,35.549999,35.950001,35.349998,35.950001,8543900.0
2021-07-15,35.849998,35.900002,35.5,35.5,7585900.0
2021-07-16,35.5,36.099998,35.200001,35.5,6702500.0
2021-07-19,35.099998,35.099998,34.099998,34.099998,6665200.0
2021-07-21,34.400002,34.599998,33.75,34.299999,11166300.0
2021-07-22,34.299999,35.0,34.049999,34.049999,7208100.0
2021-07-23,34.25,34.75,33.150002,33.150002,9074700.0
2021-07-26,33.049999,33.75,32.5,32.5,6480000.0
2021-07-27,32.549999,33.849998,32.549999,33.849998,9157100.0
2021-07-28,33.799999,34.049999,33.150002,34.049999,11649200.0
2021-07-29,34.5,35.150002,33.799999,35.150002,8509300.0
2021-07-30,35.0,35.0,32.700001,32.700001,12663000.0
2021-08-02,33.0,34.0,32.900002,34.0,2455000.0
2021-08-03,33.849998,33.950001,33.150002,33.799999,13175500.0
2021-08-04,33.799999,33.799999,33.299999,33.299999,8892200.0
2021-08-05,33.450001,33.450001,32.450001,32.5,11442300.0
2021-08-06,32.799999,32.799999,32.25,32.299999,13219200.0
2021-08-09,32.75,33.799999,32.400002,33.799999,9735200.0
2021-08-10,33.799999,33.799999,32.900002,33.200001,6395500.0
2021-08-11,33.200001,34.25,33.200001,34.200001,16054000.0
2021-08-12,34.200001,34.200001,33.150002,33.349998,5168500.0
2021-08-13,33.349998,33.549999,31.700001,31.700001,17686500.0
2021-08-16,32.299999,33.049999,32.299999,32.799999,9794600.0
2021-08-17,32.849998,33.400002,32.849998,32.849998,10467300.0
2021-08-18,32.950001,34.049999,32.950001,34.049999,5323300.0
2021-08-19,34.049999,34.75,33.599998,34.75,5557000.0
2021-08-20,34.75,35.200001,34.700001,34.700001,6545300.0
2021-08-23,34.799999,35.0,33.200001,33.200001,6870600.0
2021-08-24,33.700001,33.799999,33.400002,33.700001,5199500.0
2021-08-25,33.700001,34.0,33.549999,34.0,7248100.0
2021-08-26,34.099998,34.450001,34.049999,34.299999,5623300.0
2021-08-27,34.200001,34.200001,33.5,33.5,4368000.0
2021-08-31,33.700001,33.900002,32.650002,33.75,19090400.0
2021-09-01,33.5,34.049999,33.049999,33.049999,8735900.0
2021-09-02,33.5,33.75,33.150002,33.150002,6292000.0
2021-09-03,33.25,33.450001,33.049999,33.099998,7053500.0
2021-09-06,33.150002,33.799999,33.150002,33.799999,1934300.0
2021-09-07,34.0,34.0,33.299999,33.450001,4815100.0
2021-09-08,33.299999,33.799999,32.650002,33.799999,11840800.0
2021-09-09,33.5,34.099998,33.200001,34.099998,5082100.0
2021-09-10,34.099998,34.5,33.900002,34.5,3903800.0
2021-09-13,34.400002,34.400002,33.75,33.75,3925000.0
2021-09-14,33.75,34.150002,33.599998,33.599998,4799200.0
2021-09-15,33.599998,33.900002,32.599998,32.599998,11272100.0
2021-09-16,33.099998,33.349998,32.900002,33.299999,4997400.0
2021-09-17,33.299999,33.5,32.650002,33.5,17989400.0
2021-09-20,33.5,33.5,32.700001,32.950001,3340000.0
2021-09-21,32.599998,33.25,32.5,33.099998,7954200.0
2021-09-22,33.0,33.599998,32.849998,32.849998,4396400.0
2021-09-23,33.150002,33.900002,33.099998,33.650002,6915700.0
2021-09-24,33.799999,34.349998,33.75,33.950001,4167500.0
2021-09-27,33.950001,33.950001,33.650002,33.900002,6644200.0
2021-09-28,33.75,33.75,33.0,33.0,7418000.0
2021-09-29,33.049999,33.450001,32.799999,33.049999,16331100.0
2021-09-30,33.049999,33.599998,32.900002,33.5,6510200.0
2021-10-01,33.200001,33.599998,32.650002,32.650002,3629300.0
2021-10-04,32.75,33.150002,32.700001,32.75,4438800.0
2021-10-05,32.650002,32.799999,32.450001,32.650002,11551900.0
2021-10-06,32.75,33.599998,32.75,33.400002,6670600.0
2021-10-07,33.349998,33.75,33.200001,33.400002,6512000.0
2021-10-08,33.549999,34.700001,33.400002,33.849998,7890200.0
2021-10-11,33.900002,36.0,33.849998,36.0,16359900.0
2021-10-12,36.049999,36.5,35.5,35.950001,11271100.0
2021-10-13,36.0,36.099998,35.25,35.900002,8587400.0
2021-10-14,36.599998,37.0,36.599998,36.799999,10817700.0
2021-10-15,36.799999,37.049999,36.200001,37.049999,30775900.0
2021-10-18,37.200001,38.400002,37.099998,38.0,12726300.0
2021-10-19,38.150002,38.799999,37.400002,37.900002,8827100.0
2021-10-20,37.5,38.150002,37.25,38.150002,8737100.0
2021-10-21,38.150002,38.599998,37.599998,38.150002,8658300.0
2021-10-22,38.0,38.0,37.25,37.5,2291400.0
2021-10-25,37.5,37.5,35.849998,35.849998,14539400.0
2021-10-26,36.049999,36.349998,35.650002,35.950001,14978500.0
2021-10-27,35.950001,36.900002,35.950001,36.099998,4699100.0
2021-10-28,35.900002,36.099998,35.650002,35.650002,12283400.0
2021-10-29,35.650002,35.950001,34.5,35.099998,12187700.0
2021-11-02,35.200001,36.049999,34.950001,34.950001,7221900.0
2021-11-03,35.200001,36.25,35.200001,36.25,4745900.0
2021-11-04,36.400002,37.099998,36.049999,36.650002,2688100.0
2021-11-05,36.799999,37.5,36.5,37.5,8784500.0
2021-11-08,37.5,38.049999,37.5,37.799999,4966900.0
2021-11-09,37.849998,38.0,37.099998,38.0,7758000.0
2021-11-10,38.049999,38.099998,37.25,38.0,5095200.0
2021-11-11,37.5,37.900002,37.0,37.0,4576900.0
2021-11-12,36.950001,37.950001,36.900002,37.950001,5741400.0
2021-11-15,37.950001,37.950001,36.75,36.75,3944600.0
2021-11-16,37.0,37.0,36.099998,36.299999,10307600.0
2021-11-17,36.349998,36.700001,36.0,36.0,6818300.0
2021-11-18,36.200001,36.900002,36.0,36.5,4821200.0
2021-11-19,36.5,37.150002,36.200001,37.150002,3220900.0
2021-11-22,37.150002,37.150002,36.650002,37.099998,4135900.0
2021-11-23,36.650002,37.150002,36.400002,36.650002,4904000.0
2021-11-24,36.75,37.299999,36.549999,36.900002,3789000.0
2021-11-25,37.0,37.099998,36.650002,37.099998,2375300.0
2021-11-26,36.599998,37.0,36.0,36.200001,14954700.0
2021-11-29,35.700001,35.700001,34.5,34.5,30791800.0
2021-12-01,34.650002,35.099998,33.200001,33.200001,21744600.0
2021-12-02,33.299999,34.349998,33.25,34.0,13734800.0
2021-12-03,34.299999,35.0,34.299999,34.5,6380500.0
2021-12-06,34.549999,35.549999,34.5,35.5,5227600.0
2021-12-07,35.549999,35.799999,35.0,35.799999,5915800.0
2021-12-09,35.349998,35.75,35.299999,35.5,5435000.0
2021-12-10,35.599998,35.700001,35.349998,35.549999,3836600.0
2021-12-13,35.549999,36.25,35.549999,36.0,11333000.0
2021-12-14,37.0,37.0,35.549999,36.0,7300000.0
2021-12-15,35.950001,36.150002,35.200001,35.849998,12758400.0
2021-12-16,35.349998,35.849998,34.849998,35.299999,10427100.0
2021-12-17,35.299999,35.450001,34.849998,34.849998,17623900.0
2021-12-20,35.0,35.900002,34.799999,34.900002,7096400.0
2021-12-21,35.25,35.5,34.5,34.5,7115200.0
2021-12-22,34.650002,35.049999,33.950001,34.0,9664700.0
2021-12-23,34.599998,35.299999,34.200001,35.299999,4808100.0
2021-12-24,35.299999,35.400002,35.0,35.25,951800.0
2021-12-27,35.349998,35.799999,35.25,35.5,2451900.0
2021-12-28,35.5,35.799999,35.049999,35.049999,3249400.0
2021-12-29,35.0,35.650002,34.799999,35.650002,1965600.0
2021-12-31,35.299999,36.700001,34.599998,36.700001,9961600.0
2022-01-03,35.299999,35.349998,34.700001,34.700001,4072300.0
2022-01-05,34.700001,35.0,33.549999,33.75,19416400.0
2022-01-06,33.799999,34.900002,33.700001,34.900002,5471800.0
2022-01-07,34.549999,34.650002,33.700001,33.849998,10437800.0
2022-01-10,33.849998,34.549999,33.75,34.5,6478800.0
2022-01-11,34.450001,34.5,34.0,34.450001,11470500.0
2022-01-12,34.5,35.599998,34.450001,35.599998,8549500.0
2022-01-13,35.599998,35.799999,35.299999,35.799999,7265700.0
2022-01-14,35.349998,36.200001,35.299999,36.200001,4331100.0
2022-01-17,36.0,36.0,35.650002,35.700001,2595100.0
2022-01-18,35.75,35.950001,35.0,35.950001,3801200.0
2022-01-19,35.400002,35.549999,34.650002,35.0,7333800.0
2022-01-20,35.0,35.0,34.049999,34.099998,11850400.0
2022-01-21,34.200001,34.650002,33.849998,34.650002,8720300.0
2022-01-24,34.799999,35.099998,34.700001,35.099998,4603100.0
2022-01-25,35.0,35.200001,34.599998,34.75,7135000.0
2022-01-26,34.599998,34.650002,34.099998,34.099998,9624500.0
2022-01-27,34.200001,34.650002,34.099998,34.650002,2863400.0
2022-01-28,34.650002,35.0,34.200001,34.200001,7065800.0
2022-01-31,34.700001,35.900002,34.650002,35.900002,10307500.0
2022-02-02,36.400002,38.0,36.400002,37.0,17667400.0
2022-02-03,37.0,37.0,36.599998,36.650002,7842700.0
2022-02-04,36.599998,37.099998,36.099998,37.099998,4446800.0
2022-02-07,37.049999,37.150002,36.049999,36.049999,4885400.0
2022-02-08,36.450001,36.900002,36.200001,36.799999,4867900.0
2022-02-09,37.0,37.849998,36.799999,37.849998,16209200.0
2022-02-10,37.849998,38.200001,37.5,38.0,13653900.0
2022-02-11,37.950001,38.0,37.150002,37.150002,13583200.0
2022-02-14,37.150002,37.849998,36.900002,37.849998,6052000.0
2022-02-15,36.950001,37.799999,36.799999,37.799999,6656400.0
2022-02-16,37.799999,38.900002,37.700001,38.900002,13150300.0
2022-02-17,38.900002,38.900002,38.400002,38.700001,5203600.0
2022-02-18,38.5,39.650002,37.599998,39.650002,15985300.0
2022-02-21,39.75,39.799999,38.599998,39.700001,12116400.0
2022-02-22,39.099998,39.5,38.700001,39.5,6776700.0
2022-02-23,39.299999,39.299999,38.200001,38.200001,6932200.0
2022-02-24,38.25,38.700001,37.150002,37.200001,8293800.0
2022-02-28,37.200001,39.0,37.049999,39.0,16803900.0
2022-03-01,38.700001,39.349998,38.700001,39.0,16712300.0
2022-03-02,38.5,38.650002,37.900002,37.900002,8991100.0
2022-03-03,37.950001,38.0,37.400002,38.0,7401800.0
2022-03-04,38.0,38.200001,37.599998,38.200001,1853000.0
2022-03-07,38.0,38.0,36.5,37.799999,6710300.0
2022-03-08,37.0,37.650002,36.400002,36.900002,22701000.0
2022-03-09,36.799999,38.049999,35.950001,37.200001,10201900.0
2022-03-10,37.799999,37.849998,36.549999,36.700001,9312400.0
2022-03-11,36.549999,36.900002,36.150002,36.849998,6835600.0
2022-03-14,36.5,36.549999,34.049999,34.049999,22369000.0
2022-03-15,34.549999,35.400002,34.049999,35.400002,16740600.0
2022-03-16,35.349998,36.150002,35.099998,35.599998,12266500.0
2022-03-17,36.200001,36.700001,35.799999,36.549999,9235300.0
2022-03-18,36.5,36.5,35.450001,35.450001,18784000.0
2022-03-21,35.549999,36.049999,34.599998,34.700001,10682500.0
2022-03-22,34.700001,35.0,34.5,34.950001,6140600.0
2022-03-23,35.0,35.5,35.0,35.349998,8052700.0
2022-03-24,35.450001,36.0,35.150002,36.0,6665500.0
2022-03-25,35.849998,36.099998,35.599998,36.0,8273400.0
2022-03-28,36.0,36.049999,35.650002,36.0,5011300.0
2022-03-29,35.5,35.599998,35.099998,35.25,10492000.0
2022-03-30,35.200001,36.0,35.200001,35.599998,8648500.0
2022-03-31,35.700001,35.799999,35.049999,35.049999,16600800.0
2022-04-01,35.099998,35.200001,34.75,34.950001,10123500.0
2022-04-04,35.049999,35.5,35.049999,35.299999,5848100.0
2022-04-05,35.349998,35.450001,34.700001,34.849998,9875600.0
2022-04-06,34.950001,35.150002,34.799999,34.799999,7997800.0
2022-04-07,34.799999,35.0,34.200001,34.200001,8240900.0
2022-04-08,34.25,34.950001,34.25,34.950001,4503200.0
2022-04-11,34.900002,34.900002,34.299999,34.299999,5787500.0
2022-04-12,34.400002,34.450001,34.0,34.0,10772500.0
2022-04-13,34.049999,34.349998,34.0,34.0,4703800.0
2022-04-18,34.5,34.5,34.099998,34.099998,4526500.0
2022-04-19,34.099998,34.5,34.0,34.0,3767500.0
2022-04-20,34.200001,35.599998,34.200001,35.599998,6676200.0
2022-04-21,35.599998,35.599998,34.849998,35.0,6320200.0
2022-04-22,35.299999,35.299999,34.400002,34.799999,15188300.0
2022-04-25,34.5,34.75,34.200001,34.75,6238300.0
2022-04-26,34.700001,35.200001,34.700001,35.200001,4693000.0
2022-04-27,34.700001,34.950001,33.950001,34.0,11972800.0
2022-04-28,34.099998,34.450001,33.599998,33.599998,11536400.0
2022-04-29,33.700001,33.75,32.049999,32.049999,21257500.0
2022-05-02,32.200001,32.5,31.700001,32.099998,8375000.0
2022-05-04,32.400002,32.400002,31.4,32.0,13854900.0
2022-05-05,32.5,33.049999,32.349998,32.549999,4381700.0
2022-05-06,32.450001,32.900002,32.099998,32.5,13005200.0
2022-05-10,32.0,32.200001,31.5,31.5,11780800.0
2022-05-11,31.5,31.549999,30.6,30.6,13499500.0
2022-05-12,30.5,30.5,29.15,29.15,24154500.0
2022-05-13,29.0,29.1,27.5,27.5,40280100.0
2022-05-16,28.299999,29.4,28.0,28.4,40153200.0
2022-05-17,28.85,29.450001,28.6,29.450001,10209700.0
2022-05-18,30.0,30.0,28.799999,28.799999,13220800.0
2022-05-19,28.5,28.85,27.950001,27.950001,14678100.0
2022-05-20,28.5,29.200001,28.15,29.0,15251600.0
2022-05-23,29.299999,29.299999,28.299999,28.5,16206500.0
2022-05-24,28.65,28.65,27.700001,27.700001,10817100.0
2022-05-25,27.75,28.35,27.75,28.299999,7983800.0
2022-05-26,28.4,28.85,28.049999,28.049999,14206100.0
2022-05-27,28.450001,28.85,28.1,28.85,13453100.0
2022-05-30,29.0,29.9,28.85,29.6,13962500.0
2022-05-31,29.6,30.200001,29.200001,29.6,104712900.0
2022-06-01,29.75,29.950001,29.299999,29.549999,8795200.0
2022-06-02,29.25,29.65,29.25,29.549999,8021600.0
2022-06-03,29.65,30.1,29.5,30.0,12745400.0
2022-06-06,30.0,30.1,29.299999,29.950001,6684700.0
2022-06-07,30.049999,30.950001,29.6,30.950001,10554700.0
2022-06-08,30.950001,32.200001,30.65,32.0,21958100.0
2022-06-09,31.950001,32.0,31.299999,31.700001,11034800.0
2022-06-10,31.0,31.450001,30.0,30.0,13299300.0
2022-06-13,29.799999,30.5,29.0,30.049999,13468000.0
2022-06-14,29.299999,29.65,29.049999,29.35,26460800.0
2022-06-15,29.549999,29.799999,28.1,28.1,9069800.0
2022-06-16,28.799999,28.9,28.200001,28.4,11302500.0
2022-06-17,28.1,28.25,27.799999,27.799999,10137100.0
2022-06-20,28.25,28.25,27.6,27.799999,6847500.0
2022-06-21,27.9,28.450001,27.4,27.65,9489500.0
2022-06-22,27.75,27.85,26.5,26.5,10326100.0
2022-06-23,26.6,26.950001,25.65,25.65,13907800.0
2022-06-24,25.85,27.1,25.85,26.85,12560200.0
2022-06-27,27.200001,28.049999,27.1,27.4,19054600.0
2022-06-28,27.299999,27.5,26.6,27.200001,17321700.0
2022-06-29,27.200001,27.799999,26.799999,26.799999,9299400.0
2022-06-30,26.9,27.299999,25.5,25.5,18331300.0
2022-07-01,25.799999,26.700001,25.6,26.0,6139400.0
2022-07-04,26.049999,26.35,25.700001,25.700001,8108800.0
2022-07-05,26.0,26.700001,26.0,26.4,15665900.0
2022-07-06,26.549999,27.25,26.1,26.9,15866600.0
2022-07-07,26.9,27.4,26.15,26.15,16053400.0
2022-07-08,26.5,26.700001,25.700001,25.9,39698900.0
2022-07-11,26.15,26.200001,25.0,25.450001,27497400.0
2022-07-12,25.5,25.799999,25.25,25.25,19359000.0
2022-07-13,25.299999,25.299999,24.35,24.4,23302000.0
2022-07-14,24.549999,24.799999,23.4,23.799999,31346800.0
2022-07-15,23.700001,23.700001,22.35,22.549999,34992300.0
2022-07-18,23.0,24.85,22.799999,24.85,28998500.0
2022-07-19,24.799999,25.1,24.299999,24.4,13288800.0
2022-07-20,24.6,25.65,24.6,25.200001,16393200.0
2022-07-21,25.5,26.25,25.450001,25.5,17087900.0
2022-07-22,25.4,25.4,24.700001,24.9,5258300.0
2022-07-25,24.75,24.75,23.65,24.0,13785900.0
2022-07-26,24.0,24.299999,23.700001,23.799999,9632800.0
2022-07-27,23.799999,24.450001,23.6,24.4,4578700.0
2022-07-28,24.700001,25.200001,24.65,25.0,10273400.0
2022-07-29,25.0,25.35,24.25,25.25,23148100.0
2022-08-01,25.450001,25.950001,25.049999,25.450001,8392800.0
2022-08-02,25.450001,26.1,25.450001,26.1,10500500.0
2022-08-03,26.1,26.6,25.799999,25.950001,12255100.0
2022-08-04,26.049999,26.35,25.65,26.0,9020100.0
2022-08-05,26.200001,26.5,25.700001,25.9,11883400.0
2022-08-08,25.950001,26.15,25.200001,25.200001,4831200.0
2022-08-09,25.25,26.35,25.1,26.35,21578400.0
2022-08-10,26.5,26.549999,26.0,26.35,10237600.0
2022-08-11,26.799999,28.200001,26.700001,28.049999,26664300.0
2022-08-12,27.9,28.75,27.6,28.5,16601000.0
2022-08-15,28.35,29.25,28.15,29.1,11398200.0
2022-08-16,29.200001,30.25,28.35,30.200001,27120900.0
2022-08-17,30.0,30.549999,29.299999,29.4,21857200.0
2022-08-18,29.0,29.299999,28.6,28.6,18143900.0
2022-08-19,28.85,29.799999,28.700001,29.549999,19850800.0
2022-08-22,29.299999,29.299999,28.65,28.9,14317000.0
2022-08-23,28.35,28.4,27.75,27.85,20957200.0
2022-08-24,28.0,28.799999,28.0,28.799999,5811800.0
2022-08-25,28.75,29.1,28.35,28.5,8835700.0
2022-08-26,28.6,29.299999,28.4,29.299999,17821600.0
2022-08-30,28.299999,28.950001,28.299999,28.9,12611000.0
2022-08-31,28.5,29.0,28.299999,28.65,14635000.0
2022-09-01,28.700001,28.799999,28.200001,28.65,11296600.0
2022-09-02,28.5,29.299999,28.5,29.049999,5150400.0
2022-09-05,29.049999,29.25,28.75,29.0,6951500.0
2022-09-06,28.950001,30.15,28.85,29.9,14869800.0
2022-09-07,30.0,30.0,28.549999,28.549999,8821600.0
2022-09-08,28.700001,28.950001,27.799999,27.799999,17496800.0
2022-09-09,28.0,28.4,27.700001,27.799999,13464500.0
2022-09-12,28.25,29.299999,28.200001,29.15,11260900.0
2022-09-13,29.15,29.200001,28.200001,28.5,10496000.0
2022-09-14,27.799999,28.85,27.799999,28.4,9334100.0
2022-09-15,28.5,29.200001,28.5,28.6,12380800.0
2022-09-16,28.5,28.799999,28.25,28.549999,16750200.0
2022-09-19,28.549999,28.75,28.0,28.0,7858600.0
2022-09-20,28.15,28.299999,27.65,27.65,10913100.0
2022-09-21,27.65,27.9,26.799999,26.950001,20100100.0
2022-09-22,26.65,26.65,25.5,25.549999,22991900.0
2022-09-23,25.6,25.65,24.4,25.0,28786000.0
2022-09-27,24.5,24.700001,23.6,24.4,27554800.0
2022-09-28,24.450001,24.549999,22.950001,23.049999,24728300.0
2022-09-29,23.799999,24.049999,23.1,23.1,16692700.0
2022-09-30,23.0,23.450001,22.75,22.85,20544800.0
2022-10-03,23.1,23.85,22.75,23.0,10266800.0
2022-10-04,23.85,24.049999,23.4,24.049999,11838900.0
2022-10-05,24.450001,24.6,23.5,23.799999,10323000.0
2022-10-06,23.85,24.1,23.5,23.799999,7071200.0
2022-10-07,23.700001,23.700001,23.299999,23.4,6195700.0
2022-10-10,23.0,23.200001,22.950001,23.0,6030400.0
2022-10-11,23.0,23.200001,22.700001,22.700001,9411800.0
2022-10-12,22.75,22.9,22.549999,22.700001,5620200.0
2022-10-13,22.799999,23.049999,22.700001,22.799999,10763800.0
2022-10-14,23.5,23.9,23.25,23.5,13724300.0
2022-10-17,23.450001,24.15,23.299999,23.950001,9686700.0
2022-10-18,24.4,25.799999,24.25,25.799999,22662800.0
2022-10-19,25.75,26.049999,25.4,25.799999,13360100.0
2022-10-20,25.799999,26.299999,25.450001,25.700001,29253600.0
2022-10-21,25.9,25.950001,25.450001,25.950001,11753100.0
2022-10-24,26.0,26.549999,25.950001,26.4,14557000.0
2022-10-25,26.35,26.4,25.9,26.4,14527100.0
2022-10-26,26.35,26.700001,26.049999,26.6,10767300.0
2022-10-27,26.5,26.65,26.15,26.4,17207000.0
2022-10-28,26.4,26.4,25.5,25.5,10104800.0
2022-11-02,26.6,27.200001,26.049999,27.200001,24275800.0
2022-11-03,26.9,26.950001,26.15,26.65,10651000.0
2022-11-04,26.450001,26.6,25.25,25.35,11758500.0
2022-11-07,25.799999,26.1,25.700001,25.700001,5469300.0
2022-11-08,26.1,26.75,25.75,26.0,11936800.0
2022-11-09,26.1,26.299999,25.549999,26.049999,9371300.0
2022-11-10,25.9,26.299999,25.549999,26.15,6794700.0
2022-11-11,27.450001,27.700001,26.9,26.9,12939700.0
2022-11-14,27.1,27.5,27.049999,27.200001,6239000.0
2022-11-15,27.200001,27.35,26.75,27.299999,6941400.0
2022-11-16,27.299999,27.799999,27.200001,27.799999,14442300.0
2022-11-17,27.75,28.5,27.700001,28.5,14031400.0
2022-11-18,28.6,29.700001,28.549999,29.700001,17509200.0
2022-11-21,29.65,29.700001,28.1,28.1,10922500.0
2022-11-22,28.25,28.450001,27.1,27.1,12947400.0
2022-11-23,27.549999,28.450001,27.5,28.450001,8326300.0
2022-11-24,28.65,29.799999,28.6,29.299999,14155000.0
2022-11-25,29.0,29.5,28.6,29.4,6567100.0
2022-11-28,29.4,29.950001,28.85,29.950001,12573800.0
2022-11-29,29.450001,31.700001,29.25,31.5,47866600.0
2022-12-01,31.049999,31.200001,29.6,29.6,15749700.0
2022-12-02,29.799999,29.85,28.9,29.0,8367200.0
2022-12-05,29.049999,30.299999,29.049999,29.299999,7819300.0
2022-12-06,29.299999,29.9,28.9,29.9,10944600.0
2022-12-07,29.700001,29.799999,29.0,29.0,9458700.0
2022-12-09,29.65,29.65,28.9,29.200001,10260200.0
2022-12-12,29.5,29.85,29.1,29.1,6565100.0
2022-12-13,29.15,29.450001,29.15,29.35,5232900.0
2022-12-14,29.5,29.75,29.1,29.5,11492800.0
2022-12-15,29.65,29.700001,29.0,29.0,6476900.0
2022-12-16,28.9,29.25,28.700001,29.25,33607600.0
2022-12-19,29.25,29.4,28.5,29.4,3312400.0
2022-12-20,29.4,30.0,29.0,29.9,7649800.0
2022-12-21,29.9,29.950001,29.450001,29.9,3306100.0
2022-12-22,29.9,30.25,29.5,29.9,5030600.0
2022-12-23,29.75,29.85,29.200001,29.200001,1686300.0
2022-12-27,29.25,30.0,28.950001,30.0,4703700.0
2022-12-28,30.0,30.049999,29.549999,30.049999,3224600.0
2022-12-29,30.1,30.799999,29.950001,30.799999,10155300.0
2023-01-03,30.4,30.700001,30.299999,30.4,3853800.0
2023-01-04,30.5,31.4,30.5,31.25,15226400.0
2023-01-05,31.25,31.299999,30.85,31.25,5185000.0
2023-01-06,31.0,31.049999,29.799999,30.25,6895400.0
2023-01-09,30.65,31.0,30.25,30.700001,3846500.0
2023-01-10,30.450001,30.700001,30.0,30.0,4335000.0
2023-01-11,30.1,30.35,29.9,30.0,4951600.0
2023-01-12,30.0,31.0,30.0,31.0,4875900.0
2023-01-13,31.0,31.15,30.299999,31.0,22706800.0
2023-01-16,31.049999,32.200001,31.049999,31.6,12287600.0
2023-01-17,31.6,32.349998,31.049999,31.950001,9779300.0
2023-01-18,31.950001,32.599998,31.5,32.450001,13946300.0
2023-01-19,32.200001,32.400002,31.950001,32.0,6268100.0
2023-01-20,31.950001,32.650002,31.5,32.650002,5109700.0
2023-01-23,32.450001,32.799999,32.150002,32.799999,7089400.0
2023-01-24,32.799999,33.450001,32.5,32.849998,11780000.0
2023-01-25,33.150002,33.25,32.700001,32.799999,8870900.0
2023-01-26,32.799999,32.900002,32.349998,32.650002,4805100.0
2023-01-27,32.75,33.049999,32.650002,32.900002,6436600.0
2023-01-30,32.650002,32.700001,31.0,31.049999,16110800.0
2023-01-31,31.049999,31.15,29.299999,29.299999,31660300.0
2023-02-01,29.950001,30.5,29.6,30.5,26520100.0
2023-02-02,30.5,30.6,29.75,29.75,18456700.0
2023-02-03,30.0,30.15,29.1,29.4,55900900.0
2023-02-06,29.549999,29.85,29.15,29.299999,20701100.0
2023-02-07,29.299999,29.549999,29.049999,29.049999,10874100.0
2023-02-08,29.15,29.75,29.15,29.200001,8450900.0
2023-02-09,29.25,29.4,28.9,29.1,10301700.0
2023-02-10,29.200001,29.450001,28.950001,29.25,4663500.0
2023-02-13,29.35,29.450001,28.6,28.6,5129100.0
2023-02-14,28.799999,28.9,28.4,28.700001,4957300.0
2023-02-15,28.700001,29.15,28.4,29.049999,7639700.0
2023-02-16,29.15,29.9,28.950001,29.6,6485700.0
2023-02-17,29.549999,29.6,29.200001,29.35,5416300.0
2023-02-20,29.5,29.65,29.1,29.1,6286400.0
2023-02-21,29.1,29.25,28.75,28.950001,9549300.0
2023-02-22,28.5,28.5,28.1,28.200001,9899500.0
2023-02-23,28.200001,28.4,27.9,28.049999,11448300.0
2023-02-27,28.1,28.5,27.85,28.5,9666300.0
2023-02-28,28.450001,28.700001,28.1,28.5,21897400.0
2023-03-01,28.549999,28.85,28.35,28.85,4937000.0
2023-03-02,28.85,29.5,28.450001,28.85,14284000.0
2023-03-03,28.700001,28.85,28.299999,28.35,5267800.0
2023-03-06,28.5,29.049999,28.4,28.65,7445300.0
2023-03-07,29.0,29.450001,28.299999,28.299999,9641800.0
2023-03-08,28.299999,28.450001,28.049999,28.15,8988700.0
2023-03-09,28.1,28.35,27.0,27.0,13607800.0
2023-03-10,26.950001,26.950001,26.200001,26.450001,14414500.0
2023-03-13,26.200001,27.0,26.0,26.35,14561500.0
2023-03-14,26.75,26.85,26.25,26.299999,28265600.0
2023-03-15,26.75,26.75,26.4,26.5,18942100.0
2023-03-16,26.299999,26.5,25.85,26.299999,13352500.0
2023-03-17,26.4,26.549999,26.1,26.200001,18391300.0
2023-03-20,26.1,27.049999,25.950001,27.0,4707500.0
2023-03-21,27.1,28.0,27.1,28.0,6625400.0
2023-03-22,28.15,28.549999,28.049999,28.200001,8852200.0
2023-03-23,27.6,28.35,27.6,28.35,4672800.0
2023-03-24,28.35,28.5,28.0,28.5,9862300.0
2023-03-27,28.450001,28.6,28.1,28.5,2864100.0
2023-03-28,28.6,28.799999,28.4,28.450001,5209900.0
2023-03-29,28.549999,28.9,28.4,28.9,7453500.0
2023-03-30,28.9,29.0,28.25,28.5,7024200.0
2023-03-31,28.1,28.4,26.5,26.5,18741500.0
2023-04-03,27.0,27.450001,26.85,27.4,8097400.0
2023-04-04,27.4,27.450001,27.0,27.35,7176700.0
2023-04-05,27.450001,28.4,27.450001,27.700001,9373300.0
2023-04-11,28.0,28.35,27.25,27.3,7580700.0
2023-04-12,27.4,27.4,26.7,27.05,9418500.0
2023-04-13,26.5,26.6,25.4,26.45,38820200.0
2023-04-14,26.4,26.65,25.950001,26.5,13258900.0
2023-04-17,26.5,26.700001,26.0,26.700001,9126200.0
2023-04-18,26.5,26.65,26.15,26.4,8319200.0
2023-04-19,26.15,26.4,25.9,26.15,12416400.0
2023-04-20,26.15,26.35,26.0,26.200001,5878300.0
2023-04-24,26.25,26.65,26.200001,26.65,8491800.0
2023-04-25,26.700001,26.700001,26.25,26.35,9791400.0
2023-04-26,26.35,26.4,26.049999,26.4,8743700.0
2023-04-27,26.35,26.35,25.950001,25.950001,6234400.0
2023-04-28,26.1,26.799999,26.1,26.65,14133400.0
2023-05-02,26.85,27.6,26.799999,27.5,8163200.0
2023-05-03,27.6,27.9,27.4,27.4,9135600.0
2023-05-04,27.4,28.65,27.4,28.65,15576400.0
2023-05-05,28.5,28.65,28.15,28.25,4341900.0
2023-05-08,28.4,28.549999,26.9,26.9,12166200.0
2023-05-09,27.049999,27.299999,26.65,26.799999,8970500.0
2023-05-10,26.9,27.4,26.85,26.950001,8282900.0
2023-05-11,27.200001,27.549999,26.9,27.0,17738000.0
2023-05-12,26.950001,27.5,26.450001,26.5,18902800.0
2023-05-15,26.549999,26.700001,26.200001,26.200001,9913200.0
2023-05-16,26.299999,26.5,26.200001,26.5,6968200.0
2023-05-17,26.5,27.049999,26.35,27.0,9213500.0
2023-05-18,27.0,27.35,27.0,27.35,6273700.0
2023-05-19,27.15,27.4,26.75,27.1,8042000.0
2023-05-22,26.75,26.9,26.35,26.5,9956000.0
2023-05-23,26.35,26.6,26.1,26.1,13224500.0
2023-05-24,26.049999,26.549999,26.049999,26.4,5239200.0
2023-05-25,26.5,26.65,26.0,26.0,4875900.0
2023-05-26,26.15,26.299999,25.9,25.9,6612400.0
2023-05-29,26.1,26.5,26.1,26.5,5690200.0
2023-05-30,26.450001,26.450001,26.200001,26.25,5555500.0
2023-05-31,26.25,26.549999,26.25,26.299999,60685400.0
2023-06-01,26.4,26.6,25.85,25.85,8826800.0
2023-06-02,26.0,26.15,25.75,25.950001,6018700.0
2023-06-05,26.049999,26.299999,25.85,25.9,6173100.0
2023-06-06,25.950001,26.299999,25.85,25.9,4043400.0
2023-06-07,25.9,26.65,25.85,26.299999,9413600.0
2023-06-08,26.299999,26.35,25.799999,25.799999,7035300.0
2023-06-09,25.85,26.049999,24.85,24.85,25547100.0
2023-06-13,24.9,25.6,24.1,25.0,24143400.0
2023-06-14,25.049999,25.25,24.0,24.0,20262300.0
2023-06-15,24.25,24.450001,23.85,24.25,15555300.0
2023-06-16,24.15,24.75,23.950001,24.450001,22462000.0
2023-06-19,24.450001,24.75,24.0,24.4,9450800.0
2023-06-20,24.35,24.35,23.15,23.15,37475700.0
2023-06-21,23.35,23.700001,23.200001,23.299999,37683300.0
2023-06-22,23.450001,23.9,23.200001,23.700001,15064800.0
2023-06-23,23.9,24.4,23.9,24.4,6940400.0
2023-06-26,24.700001,24.9,24.299999,24.700001,8529200.0
2023-06-27,24.700001,25.25,24.700001,25.1,7487900.0
2023-06-29,25.200001,25.5,25.0,25.1,8028000.0
2023-06-30,25.1,25.200001,24.299999,24.299999,16548500.0
2023-07-03,24.4,24.799999,24.4,24.75,4152500.0
2023-07-04,24.75,25.049999,24.6,24.700001,4148900.0
2023-07-05,24.65,24.9,24.4,24.700001,7466600.0
2023-07-06,24.700001,24.85,23.9,24.450001,8952300.0
2023-07-07,24.450001,24.450001,23.950001,24.0,4528500.0
2023-07-10,24.0,24.25,23.85,24.25,4398200.0
2023-07-11,24.25,24.700001,24.049999,24.700001,9148800.0
2023-07-12,24.75,24.950001,24.450001,24.75,8083000.0
2023-07-13,24.799999,25.1,24.799999,24.950001,12014000.0
2023-07-14,25.049999,25.700001,24.950001,25.700001,38088700.0
2023-07-17,25.700001,25.700001,25.35,25.450001,5632200.0
2023-07-18,25.5,26.049999,25.4,25.700001,7697000.0
2023-07-19,25.700001,26.15,25.700001,26.049999,6401600.0
2023-07-20,26.1,27.1,26.1,27.0,14386600.0
2023-07-21,26.950001,27.4,26.5,27.4,18275700.0
2023-07-24,27.299999,27.6,26.85,27.5,5479900.0
2023-07-25,27.549999,27.700001,27.35,27.450001,8832500.0
2023-07-26,27.5,27.5,26.9,27.0,8685700.0
2023-07-27,27.0,27.450001,26.700001,27.450001,9107800.0
2023-07-28,27.25,27.6,27.0,27.5,12528600.0
2023-07-31,27.5,27.950001,27.4,27.4,9963700.0
2023-08-01,27.85,28.25,27.6,28.1,18023700.0
2023-08-02,28.1,28.299999,27.299999,27.65,12242800.0
2023-08-03,27.75,28.950001,27.65,28.950001,22429500.0
2023-08-04,28.950001,29.299999,28.4,28.4,25059000.0
2023-08-07,28.5,28.700001,27.700001,28.700001,5453800.0
2023-08-08,28.700001,29.450001,28.5,29.4,22793600.0
2023-08-09,29.299999,29.549999,29.15,29.4,11096800.0
2023-08-10,29.0,29.35,29.0,29.299999,10617800.0
2023-08-11,29.299999,29.35,29.049999,29.049999,8298100.0
2023-08-14,29.0,29.15,28.75,29.049999,12791200.0
2023-08-15,29.049999,29.950001,29.0,29.65,15269400.0
2023-08-16,29.0,30.0,29.0,30.0,12737600.0
2023-08-17,29.950001,30.65,29.6,30.0,21322200.0
2023-08-18,30.0,30.0,29.25,29.5,13928000.0
2023-08-22,29.299999,29.450001,28.299999,28.299999,11528900.0
2023-08-23,28.5,28.700001,27.9,28.25,4551600.0
2023-08-24,28.25,28.5,28.15,28.25,8715300.0
2023-08-25,28.15,28.5,27.9,28.1,7174100.0
2023-08-29,28.1,28.5,27.950001,28.5,29602900.0
2023-08-30,28.549999,28.9,28.4,28.700001,5453000.0
2023-08-31,28.700001,28.700001,27.15,27.15,20039300.0
2023-09-01,27.450001,28.15,27.450001,28.049999,3710800.0
2023-09-04,28.049999,28.6,27.549999,28.6,2047000.0
2023-09-05,28.5,28.6,27.9,28.6,3637400.0
2023-09-06,28.549999,28.549999,28.049999,28.35,3623800.0
2023-09-07,28.049999,28.049999,27.35,27.35,7730700.0
2023-09-08,27.5,28.799999,27.299999,28.799999,6789500.0
2023-09-11,28.299999,28.549999,28.1,28.549999,2444600.0
2023-09-12,28.549999,28.950001,28.25,28.25,3994500.0
2023-09-13,28.25,28.35,27.700001,27.700001,2288200.0
2023-09-14,27.700001,27.950001,27.5,27.85,2280300.0
2023-09-15,27.6,27.9,27.049999,27.15,10748800.0
2023-09-18,27.200001,27.799999,26.85,27.799999,6382600.0
2023-09-19,27.299999,27.700001,26.5,26.799999,9132000.0
2023-09-20,26.75,27.0,26.200001,26.799999,7478700.0
2023-09-21,27.0,27.5,26.65,27.5,5107200.0
2023-09-22,27.299999,27.85,27.25,27.85,3566100.0
2023-09-25,27.85,28.450001,27.200001,28.450001,9615600.0
2023-09-26,28.450001,29.75,28.200001,29.5,14781800.0
2023-09-27,29.200001,29.75,28.85,29.5,14335500.0
2023-09-28,29.25,29.450001,29.0,29.200001,3563200.0
2023-09-29,29.200001,29.450001,28.9,29.450001,15325100.0
2023-10-02,29.450001,29.65,29.0,29.5,5836600.0
2023-10-03,29.299999,29.5,28.799999,29.200001,6919500.0
2023-10-04,29.1,29.35,28.700001,28.700001,9546500.0
2023-10-05,28.65,29.1,28.450001,28.6,13512500.0
2023-10-06,28.6,28.799999,28.25,28.450001,8512900.0
2023-10-09,28.450001,28.9,28.25,28.700001,2707100.0
2023-10-10,28.700001,28.85,28.549999,28.549999,9250500.0
2023-10-11,28.799999,29.200001,28.549999,28.65,11279400.0
2023-10-12,28.700001,29.299999,28.35,29.299999,6581500.0
2023-10-13,29.299999,29.35,29.049999,29.299999,4076000.0
2023-10-16,29.299999,29.299999,28.799999,28.85,4494300.0
2023-10-17,29.0,29.450001,28.950001,29.299999,10096400.0
2023-10-18,29.299999,29.75,28.950001,29.75,7531200.0
2023-10-19,29.35,29.549999,29.1,29.5,3393200.0
2023-10-20,29.1,29.299999,28.6,28.65,4400600.0
2023-10-23,28.6,28.6,28.1,28.15,9954500.0
2023-10-24,28.15,28.4,27.85,28.4,7424600.0
2023-10-25,28.299999,28.35,27.9,28.0,5134600.0
2023-10-26,28.0,28.0,27.4,27.799999,8763100.0
2023-10-27,27.450001,27.6,26.799999,26.799999,9899400.0
2023-10-31,26.75,28.0,26.200001,27.85,14379500.0
2023-11-03,27.35,28.1,27.35,27.35,7442200.0
2023-11-06,27.549999,28.200001,27.549999,28.1,5641800.0
2023-11-07,28.0,28.25,27.85,28.0,7666300.0
2023-11-08,28.049999,29.15,27.700001,29.15,9755800.0
2023-11-09,29.4,29.950001,29.35,29.5,20215600.0
2023-11-10,29.049999,29.200001,28.549999,28.950001,6432700.0
2023-11-13,28.950001,29.0,28.75,28.85,3071300.0
2023-11-14,28.9,29.549999,28.9,29.299999,10450500.0
2023-11-15,29.5,29.9,29.1,29.5,9231400.0
2023-11-16,29.5,29.799999,29.200001,29.799999,6349700.0
2023-11-17,29.4,29.700001,29.15,29.700001,8202600.0
2023-11-20,29.4,29.85,29.25,29.85,6522400.0
2023-11-21,29.799999,29.9,29.6,29.85,8016200.0
2023-11-22,29.700001,29.85,29.6,29.85,2205100.0
2023-11-23,29.65,29.85,29.549999,29.6,3258700.0
2023-11-24,29.65,29.9,29.6,29.9,3814200.0
2023-11-28,29.9,31.25,29.75,31.0,30079000.0
2023-11-29,31.0,31.549999,30.15,30.15,11198400.0
2023-11-30,30.299999,31.200001,29.75,31.200001,20498200.0
2023-12-01,31.0,31.15,30.6,31.0,6611900.0
2023-12-04,31.0,31.15,30.35,31.0,4667100.0
2023-12-05,31.0,31.65,30.65,31.049999,10703600.0
2023-12-06,31.1,31.4,31.0,31.4,6283500.0
2023-12-07,31.4,31.799999,31.049999,31.4,12549100.0
2023-12-11,31.4,31.950001,31.35,31.950001,9712500.0
2023-12-12,31.9,32.099998,31.6,32.0,6011800.0
2023-12-13,32.0,32.0,31.450001,31.5,2804900.0
2023-12-14,31.9,32.799999,31.9,32.799999,21316200.0
2023-12-15,32.75,33.0,32.549999,32.950001,17123500.0
2023-12-18,32.950001,33.950001,32.849998,33.950001,22723800.0
2023-12-19,33.849998,34.599998,33.799999,34.349998,19707300.0
2023-12-20,34.299999,34.599998,34.0,34.0,17100300.0
2023-12-21,34.0,34.150002,33.349998,33.849998,11410500.0
2023-12-22,33.5,34.299999,33.5,34.099998,7494500.0
2023-12-27,34.099998,34.700001,33.849998,34.299999,10818600.0
2023-12-28,34.299999,34.400002,34.049999,34.400002,6478900.0
2023-12-29,34.349998,34.450001,34.099998,34.450001,5629000.0
2024-01-02,34.200001,34.549999,34.150002,34.549999,4393800.0
2024-01-03,34.450001,34.450001,34.049999,34.25,4649000.0
2024-01-04,34.25,34.799999,34.25,34.799999,11704100.0
2024-01-05,34.799999,34.799999,34.099998,34.299999,16683200.0
2024-01-08,34.299999,34.299999,33.700001,34.0,9827900.0
2024-01-09,34.299999,35.0,34.299999,34.5,13545500.0
2024-01-10,34.5,34.599998,34.299999,34.450001,8227000.0
2024-01-11,34.25,34.5,34.049999,34.25,8211600.0
2024-01-12,34.200001,34.349998,34.049999,34.049999,4420000.0
2024-01-15,34.0,34.400002,33.75,34.0,6435700.0
2024-01-16,34.0,34.200001,33.299999,33.299999,13881000.0
2024-01-17,33.150002,33.599998,32.299999,32.299999,13489200.0
2024-01-18,32.349998,32.700001,31.549999,31.549999,18685800.0
2024-01-19,32.0,32.549999,31.799999,32.349998,10739800.0
2024-01-22,32.400002,33.349998,32.400002,33.349998,7474700.0
2024-01-23,33.0,34.299999,32.849998,34.299999,6527200.0
2024-01-24,34.25,34.599998,34.0,34.5,11118100.0
2024-01-25,34.5,34.5,33.799999,34.150002,4117100.0
2024-01-26,34.049999,34.099998,33.25,34.0,7556500.0
2024-01-29,33.950001,34.200001,33.200001,33.5,3377500.0
2024-01-30,33.5,33.799999,33.0,33.0,7636100.0
2024-01-31,33.0,34.150002,32.950001,34.099998,14421500.0
2024-02-01,33.400002,33.900002,33.099998,33.650002,7178500.0
2024-02-02,33.299999,34.25,33.200001,33.5,5462600.0
2024-02-05,33.400002,34.200001,33.400002,33.599998,3054000.0
2024-02-06,33.700001,34.150002,33.450001,34.150002,4074600.0
2024-02-07,34.099998,34.700001,34.0,34.5,12364400.0
2024-02-08,34.5,35.200001,34.450001,34.900002,12644500.0
2024-02-12,35.0,35.200001,34.5,34.549999,4171400.0
2024-02-13,34.549999,34.900002,34.299999,34.849998,4269600.0
2024-02-14,34.450001,34.900002,34.099998,34.900002,6015800.0
2024-02-15,34.900002,35.150002,34.599998,34.700001,9581300.0
2024-02-16,34.700001,34.900002,34.150002,34.25,4171100.0
2024-02-19,34.25,34.450001,33.400002,33.950001,7610100.0
2024-02-20,34.099998,34.900002,34.0,34.900002,6135300.0
2024-02-21,34.900002,35.599998,34.799999,35.549999,15701500.0
2024-02-22,35.549999,36.349998,35.400002,36.349998,13482300.0
2024-02-23,36.5,37.650002,36.400002,37.200001,15849800.0
2024-02-26,36.950001,36.950001,35.599998,35.599998,6701200.0
2024-02-27,35.650002,35.700001,34.799999,35.099998,11239500.0
2024-02-28,35.099998,35.599998,34.799999,35.099998,8126100.0
2024-02-29,35.0,35.400002,34.900002,35.0,16533800.0
2024-03-01,35.0,35.599998,34.799999,34.799999,7282800.0
2024-03-04,34.950001,35.349998,34.700001,34.900002,6249300.0
2024-03-05,35.0,35.200001,33.950001,33.950001,6944900.0
2024-03-06,34.099998,34.099998,33.049999,33.299999,12311300.0
2024-03-07,33.200001,33.349998,32.599998,32.799999,9190400.0
2024-03-08,33.200001,33.349998,32.700001,33.200001,7380100.0
2024-03-11,33.5,33.5,32.299999,32.299999,6672800.0
2024-03-12,32.299999,32.900002,32.25,32.299999,7272700.0
2024-03-13,32.5,33.75,32.5,33.700001,16328600.0
2024-03-14,33.700001,33.950001,33.400002,33.799999,15385100.0
2024-03-15,33.75,33.900002,32.200001,32.400002,28102200.0
2024-03-18,32.400002,32.900002,32.25,32.549999,3730000.0
2024-03-19,32.450001,33.150002,32.25,33.0,5515500.0
2024-03-20,32.650002,32.849998,31.799999,31.799999,8170100.0
2024-03-21,32.099998,32.549999,31.75,32.349998,10435200.0
2024-03-22,32.099998,32.099998,31.450001,31.6,29602500.0
2024-03-25,31.6,31.9,31.0,31.9,11702000.0
2024-03-26,31.799999,32.049999,31.25,32.049999,7264700.0
2024-03-27,32.099998,32.549999,31.799999,32.25,30786100.0
2024-04-01,32.5,33.299999,32.450001,33.25,11273300.0
2024-04-02,33.25,33.599998,32.799999,33.0,7465700.0
2024-04-03,32.950001,32.950001,32.150002,32.349998,5192100.0
2024-04-04,32.299999,32.400002,32.049999,32.200001,3341600.0
2024-04-05,31.700001,31.75,30.6,30.6,18976700.0
2024-04-08,30.5,30.5,29.65,29.75,28703400.0
2024-04-11,28.5,28.5,27.6,28.200001,41552100.0
2024-04-12,27.9,28.1,27.5,27.85,55401600.0
2024-04-15,27.5,28.35,27.5,27.950001,20002500.0
2024-04-16,27.9,28.0,26.799999,27.200001,27374000.0
2024-04-17,27.35,28.1,26.799999,26.950001,17626600.0
2024-04-18,27.200001,28.0,27.049999,27.950001,20639200.0
2024-04-19,27.799999,27.799999,27.0,27.0,16362200.0
2024-04-22,27.549999,27.65,27.049999,27.5,12837200.0
2024-04-23,27.5,28.049999,27.299999,27.950001,8319600.0
2024-04-24,28.049999,28.65,27.9,28.450001,21929700.0
2024-04-25,28.85,28.85,28.0,28.450001,10835700.0
2024-04-26,28.35,28.549999,28.0,28.549999,5375400.0
2024-04-29,28.6,29.5,28.35,29.5,10472000.0
2024-04-30,29.5,29.5,28.700001,28.75,12959600.0
2024-05-02,28.6,28.65,27.6,27.700001,13442000.0
2024-05-03,28.0,28.0,26.65,26.85,25247100.0
2024-05-06,26.950001,27.4,26.65,26.799999,14986100.0
2024-05-07,27.0,27.200001,26.5,26.5,14540500.0
2024-05-08,26.799999,27.799999,26.549999,27.799999,11933700.0
2024-05-09,27.75,28.450001,27.450001,27.85,17366300.0
2024-05-10,28.0,28.0,27.200001,27.200001,6297700.0
2024-05-13,27.200001,27.9,26.85,27.75,11024400.0
2024-05-14,27.700001,28.0,27.299999,28.0,17634000.0
2024-05-15,27.799999,28.35,27.299999,28.200001,8899100.0
2024-05-16,28.549999,29.4,28.549999,29.35,15903600.0
2024-05-17,29.25,29.700001,28.950001,29.4,16220600.0
2024-05-20,29.4,29.799999,29.049999,29.700001,22249100.0
2024-05-21,29.75,29.85,28.9,29.0,15976200.0
2024-05-22,28.85,29.200001,28.65,28.85,7947800.0
2024-05-23,28.85,29.5,28.6,29.4,6926800.0
2024-05-24,29.15,29.200001,28.549999,28.85,11499500.0
2024-05-27,28.65,28.75,28.1,28.450001,25108000.0
2024-05-28,28.15,28.700001,27.1,27.1,24109800.0
2024-05-29,27.200001,27.299999,26.799999,26.799999,12344700.0
2024-05-30,27.0,27.049999,26.5,26.5,13215700.0
2024-05-31,26.549999,26.85,26.25,26.25,33952400.0
2024-06-03,26.5,27.549999,26.5,27.5,12013500.0
2024-06-04,27.799999,27.799999,27.25,27.65,10241800.0
2024-06-05,27.65,27.9,27.25,27.85,10332900.0
2024-06-06,27.85,28.200001,27.75,28.0,10257000.0
2024-06-07,27.9,27.9,27.5,27.799999,8958400.0
2024-06-10,27.799999,27.799999,27.15,27.15,8518200.0
2024-06-11,27.1,27.4,27.1,27.299999,7062800.0
2024-06-13,27.549999,27.85,27.4,27.85,11964400.0
2024-06-14,27.85,27.85,27.6,27.75,3008300.0
2024-06-18,27.799999,28.049999,27.700001,28.049999,4209500.0
2024-06-19,28.1,28.1,27.65,27.85,5917700.0
2024-06-20,27.85,27.9,27.35,27.5,10926800.0
2024-06-21,27.5,27.700001,26.4,26.4,15960600.0
2024-06-24,26.5,27.700001,26.450001,27.700001,8843600.0
2024-06-25,27.6,28.75,27.5,28.75,15699400.0
2024-06-26,28.6,29.0,28.450001,29.0,9295300.0
2024-06-27,29.0,29.0,28.5,28.950001,6843000.0
2024-06-28,28.9,29.15,28.4,28.5,12374700.0
2024-07-01,28.299999,28.9,28.299999,28.9,5503200.0
2024-07-02,28.700001,28.85,28.450001,28.5,6870200.0
2024-07-03,28.5,29.200001,28.5,29.0,12283800.0
2024-07-04,28.700001,29.25,28.700001,29.200001,7814500.0
2024-07-05,29.15,29.450001,29.0,29.25,15180300.0
2024-07-08,29.25,29.450001,29.15,29.200001,12132200.0
2024-07-09,29.049999,29.4,29.0,29.4,12280300.0
2024-07-10,29.4,29.4,29.0,29.049999,11857100.0
2024-07-11,29.0,29.5,28.950001,29.5,11350500.0
2024-07-12,29.450001,29.65,29.200001,29.6,7890700.0
2024-07-15,29.5,30.799999,29.450001,30.700001,28603900.0
2024-07-16,31.450001,31.9,31.1,31.700001,28449300.0
2024-07-17,31.700001,31.700001,30.9,31.65,16322000.0
2024-07-18,30.950001,31.15,30.200001,30.950001,14070400.0
2024-07-19,30.5,31.799999,30.450001,31.700001,14595400.0
2024-07-22,31.25,31.950001,31.25,31.9,13904800.0
2024-07-23,31.799999,31.950001,30.950001,31.6,14037200.0
2024-07-25,31.6,31.75,31.0,31.200001,9599800.0
2024-07-26,31.4,31.549999,31.0,31.35,7410300.0
2024-07-29,31.4,31.75,30.950001,30.950001,4286300.0
2024-07-30,30.9,30.950001,29.75,30.049999,15399900.0
2024-07-31,30.0,30.25,29.450001,29.5,18160100.0
2024-08-01,29.4,29.5,28.950001,29.4,20554700.0
2024-08-02,29.299999,29.450001,28.9,28.9,10737800.0
2024-08-05,28.6,28.9,28.1,28.15,9183300.0
2024-08-06,28.950001,29.4,28.5,28.549999,10497200.0
2024-08-07,28.700001,30.0,28.6,30.0,6310600.0
2024-08-08,30.0,30.200001,29.4,29.799999,4626800.0
2024-08-09,30.0,30.35,29.700001,30.0,7695800.0
2024-08-12,30.0,30.25,29.5,30.1,2724900.0
2024-08-13,30.1,30.9,29.85,30.799999,5811000.0
2024-08-14,30.75,31.6,30.450001,31.5,12840100.0
2024-08-15,31.549999,32.349998,31.35,32.0,18236700.0
2024-08-16,32.349998,33.450001,32.150002,33.099998,22207600.0
2024-08-19,33.599998,34.450001,33.549999,34.299999,50069100.0
2024-08-20,34.099998,34.450001,34.0,34.349998,18050000.0
2024-08-21,34.299999,34.299999,33.200001,33.200001,8450900.0
2024-08-22,33.25,33.599998,32.75,32.75,5368100.0
2024-08-27,33.5,34.150002,33.099998,33.5,14522800.0
2024-08-28,33.5,34.099998,33.400002,34.0,11850200.0
2024-08-29,33.950001,34.900002,33.549999,34.849998,28775000.0
2024-08-30,34.849998,35.400002,34.450001,35.299999,43454900.0
2024-09-02,35.099998,35.150002,34.75,34.849998,8200300.0
2024-09-03,34.900002,35.0,34.549999,35.0,8693900.0
2024-09-04,34.200001,34.900002,33.75,34.849998,7546600.0
2024-09-05,34.849998,35.099998,34.650002,34.849998,6853300.0
2024-09-06,34.849998,35.400002,34.75,35.25,14244000.0
2024-09-09,35.2,36.0,34.5,35.95,11256200.0
2024-09-10,35.8,36.1,35.55,35.7,16392500.0
2024-09-11,35.55,35.95,34.65,34.75,10221400.0
2024-09-12,34.65,35.45,34.45,35.45,7298100.0
2024-09-13,35.45,35.45,34.8,35.0,5535300.0
2024-09-16,34.9,34.9,34.65,34.7,2253200.0
2024-09-17,34.7,35.5,34.7,35.0,3259500.0
2024-09-18,35.0,36.25,35.0,35.95,8035300.0
2024-09-19,35.5,36.1,35.5,36.0,7580200.0
2024-09-20,36.05,36.55,36.05,36.3,21681300.0
2024-09-23,36.45,37.2,36.45,37.2,12390400.0
2024-09-24,37.65,38.95,37.55,38.3,42799100.0
2024-09-25,38.4,38.8,38.05,38.4,17960400.0
2024-09-26,38.0,38.45,37.8,38.05,15400000.0
2024-09-27,38.05,38.2,37.1,37.2,8774300.0
2024-09-30,37.1,37.4,36.4,36.6,9827500.0
2024-10-01,36.6,37.5,36.6,37.5,7380900.0
2024-10-02,37.05,37.75,36.6,37.5,7701600.0
2024-10-03,37.5,38.15,37.4,37.6,6883400.0
2024-10-04,37.5,37.6,36.75,37.0,15487600.0
2024-10-07,37.2,38.45,37.2,38.25,8501500.0
2024-10-08,38.0,38.0,36.4,36.4,10755200.0
2024-10-09,36.6,36.85,36.1,36.4,9232400.0
2024-10-10,36.75,36.75,36.3,36.5,4570400.0
2024-10-11,36.3,36.4,35.3,35.35,11068400.0
2024-10-14,35.35,36.15,35.35,36.0,6403300.0
2024-10-15,36.0,37.2,36.0,37.1,7352100.0
2024-10-16,37.0,37.0,36.4,36.5,6301700.0
2024-10-17,36.4,36.4,35.4,35.65,18000300.0
2024-10-18,35.5,36.2,35.35,36.2,7442300.0
2024-10-21,36.0,36.15,35.85,36.0,1174000.0
2024-10-22,36.0,36.4,35.75,35.8,10054200.0
2024-10-23,35.75,35.75,35.2,35.35,7931800.0
2024-10-24,35.2,35.3,34.75,35.0,6599900.0
2024-10-25,34.85,35.15,34.65,34.8,4181000.0
2024-10-28,34.8,34.95,34.5,34.6,3166500.0
2024-10-29,34.5,34.6,33.5,33.5,10390400.0
2024-10-30,33.5,33.95,33.2,33.6,17005500.0
2024-10-31,33.6,33.8,32.7,32.7,18935600.0
2024-11-04,32.8,33.4,32.6,33.0,11910300.0
2024-11-05,33.3,34.65,33.2,34.5,15209800.0
2024-11-06,34.5,34.6,33.0,33.0,10971400.0
2024-11-07,32.85,32.85,31.25,31.4,33382100.0
2024-11-08,31.5,31.85,30.25,31.0,27250100.0
2024-11-11,31.0,31.65,30.7,31.6,10333100.0
2024-11-12,31.6,31.75,30.5,30.55,16541900.0
2024-11-13,30.7,31.05,30.0,30.25,12918400.0
2024-11-14,30.25,30.3,28.55,28.8,34335800.0
2024-11-15,29.0,30.2,28.95,29.05,26782000.0
2024-11-18,29.1,29.45,28.8,29.0,21043200.0
2024-11-19,29.1,29.7,28.75,29.25,21940000.0
2024-11-20,29.7,30.3,29.55,30.3,20498400.0
2024-11-21,30.1,30.55,29.75,29.95,13419900.0
2024-11-22,29.8,30.15,29.55,30.0,3989100.0
2024-11-25,30.0,30.2,29.6,29.9,18492000.0
2024-11-26,30.0,30.5,29.7,29.7,3836200.0
2024-11-27,29.7,29.95,28.8,29.0,8171700.0
2024-11-28,29.0,29.2,28.55,28.6,10738500.0
2024-11-29,28.8,29.45,28.6,28.6,14081200.0
2024-12-02,28.8,29.15,28.8,29.0,9048200.0
2024-12-03,29.15,29.3,28.65,29.15,12015900.0
2024-12-04,29.15,29.85,29.0,29.7,10662900.0
2024-12-05,29.8,29.85,28.85,29.0,8529200.0
2024-12-06,29.1,29.25,28.3,28.4,11250200.0
2024-12-09,28.55,28.8,28.0,28.15,12143100.0
2024-12-10,28.5,28.6,28.05,28.15,8134200.0
2024-12-11,28.1,28.2,27.2,27.2,14465900.0
2024-12-12,26.5,27.35,26.4,26.95,18605400.0
2024-12-13,27.05,27.05,26.4,26.6,15264900.0
2024-12-16,26.65,26.9,26.25,26.25,19702900.0
2024-12-17,26.2,26.35,25.55,25.7,33133400.0
2024-12-18,26.1,26.3,25.8,25.95,9403800.0
2024-12-19,25.5,25.6,24.8,24.9,28121800.0
2024-12-20,25.15,25.55,24.5,24.8,26706000.0
2024-12-23,25.2,26.25,25.05,26.25,12088900.0
2024-12-26,26.3,26.75,25.95,26.5,6228400.0
2024-12-27,26.5,26.6,25.8,26.2,11547900.0
2025-01-02,26.0,26.45,25.7,26.4,7202700.0
2025-01-03,26.4,27.0,26.2,26.95,5921300.0
2025-01-06,27.0,27.15,26.7,27.0,5867200.0
2025-01-07,27.1,27.1,25.85,26.1,21570900.0
2025-01-08,26.2,26.55,25.85,26.4,6288200.0
2025-01-09,26.4,26.5,26.0,26.5,4419300.0
2025-01-10,26.4,26.6,25.8,26.5,4805000.0
2025-01-13,26.5,26.6,25.25,25.25,13230900.0
2025-01-14,25.4,25.75,25.2,25.5,20678500.0
2025-01-15,25.95,26.55,25.65,26.2,10591100.0
2025-01-16,26.3,26.7,25.75,25.75,12838500.0
2025-01-17,26.0,26.0,25.1,25.8,10710100.0
2025-01-20,25.8,26.0,25.1,25.25,9603000.0
2025-01-21,25.3,25.55,25.1,25.5,6523300.0
2025-01-22,25.5,26.05,25.5,25.5,8923000.0
2025-01-23,25.5,25.7,25.1,25.6,5061000.0
2025-01-24,25.7,25.8,25.2,25.2,3975700.0
2025-01-27,25.5,25.6,24.35,24.65,10943400.0
2025-01-28,24.65,24.9,24.5,24.65,6951800.0
2025-01-30,25.0,25.0,24.15,24.5,10241600.0
2025-01-31,24.3,24.3,22.3,22.3,42991900.0
2025-02-03,23.85,24.6,23.55,24.0,35294200.0
2025-02-04,24.4,24.8,24.25,24.6,9022000.0
2025-02-05,24.75,26.15,24.65,25.9,17225700.0
2025-02-06,25.8,25.9,25.15,25.35,11907800.0
2025-02-07,25.4,25.45,24.95,25.0,12976800.0
2025-02-10,25.0,25.15,24.25,24.5,15070600.0
2025-02-11,24.5,24.5,23.55,24.0,10126000.0
2025-02-12,24.25,24.25,24.0,24.2,2677300.0
2025-02-13,24.2,24.35,23.9,24.15,6555200.0
2025-02-14,24.15,24.25,23.0,23.25,13299900.0
2025-02-17,23.35,23.5,22.4,22.4,23159000.0
2025-02-18,22.85,24.0,22.65,23.55,15430400.0
2025-02-19,23.85,24.8,23.75,24.8,9675000.0
2025-02-20,24.7,24.7,22.55,22.8,31375300.0
2025-02-21,23.2,23.45,22.85,23.1,23100800.0
2025-02-24,23.15,23.5,22.9,22.9,24442400.0
2025-02-25,22.95,23.15,22.5,22.9,16314000.0
2025-02-26,22.9,23.15,22.45,22.5,17789500.0
2025-02-27,22.7,23.05,22.25,22.45,28085800.0
2025-02-28,22.6,22.6,21.7,21.7,49329800.0
2025-03-03,22.0,22.2,21.4,21.65,20019000.0
2025-03-04,21.35,22.35,20.85,21.9,16097300.0
2025-03-05,22.0,23.55,22.0,23.25,25348500.0
2025-03-06,23.05,23.6,22.8,23.45,14505700.0
2025-03-07,23.3,23.45,22.4,23.45,17443700.0
2025-03-10,23.4,23.65,23.05,23.5,11140700.0
2025-03-11,23.05,23.1,21.9,22.05,37838100.0
2025-03-12,22.1,22.35,21.7,22.3,17782000.0
2025-03-13,22.4,22.5,21.55,21.65,32953600.0
2025-03-14,21.7,22.3,21.7,22.3,17339500.0
2025-03-17,22.3,22.4,22.0,22.15,7815200.0
2025-03-18,22.15,22.45,22.0,22.3,7289100.0
2025-03-19,22.4,22.4,22.05,22.25,12426900.0
2025-03-20,22.4,22.5,22.3,22.5,6312300.0
2025-03-21,22.4,22.7,21.95,22.7,17632000.0
2025-03-24,22.65,22.7,21.9,22.25,13121800.0
2025-03-25,22.25,22.25,22.05,22.25,8700500.0
2025-03-26,22.1,22.25,21.85,21.95,10250200.0
2025-03-27,22.1,22.2,21.35,21.7,15347600.0
2025-03-28,21.6,22.3,21.4,22.3,9783400.0
2025-03-31,22.0,23.0,21.8,23.0,7564400.0
2025-04-02,22.8,23.9,22.55,23.9,19174300.0
2025-04-03,23.4,23.75,23.0,23.75,7444300.0
2025-04-04,23.6,23.7,22.8,23.7,9325000.0
2025-04-07,22.65,22.7,21.9,22.5,13063100.0
2025-04-08,22.5,22.7,22.1,22.5,15391200.0
2025-04-10,23.2,23.2,22.45,23.0,24749600.0
2025-04-11,22.55,22.9,22.35,22.75,11019200.0
2025-04-14,22.75,23.8,22.75,23.8,12819700.0
2025-04-15,23.6,23.95,23.35,23.95,11676400.0
2025-04-16,23.8,23.85,23.5,23.7,11762600.0
2025-04-21,23.75,24.25,23.5,23.95,16360900.0
2025-04-22,24.0,24.4,23.8,24.4,12544800.0
2025-04-23,24.4,24.6,24.15,24.6,18548100.0
2025-04-24,24.65,24.8,24.5,24.7,12075700.0
2025-04-25,24.75,25.3,24.65,25.3,24518800.0
2025-04-28,25.4,25.7,24.95,24.95,13486900.0
2025-04-29,25.0,25.2,24.2,24.2,12953700.0
2025-04-30,24.4,25.3,24.3,25.05,17201900.0
2025-05-02,25.1,25.45,24.7,24.7,8995700.0
2025-05-05,24.9,25.05,24.45,24.45,6057100.0
2025-05-06,24.2,24.9,24.0,24.3,12751600.0
2025-05-07,24.4,24.65,23.95,24.0,18364100.0
2025-05-08,24.05,24.2,23.25,23.45,19508300.0
2025-05-09,23.45,23.7,22.8,22.85,42232500.0
2025-05-13,22.8,23.1,22.5,22.5,49621700.0
2025-05-14,22.7,23.7,22.65,23.5,25460100.0
2025-05-15,23.45,23.45,22.85,22.9,16451200.0
2025-05-16,23.15,23.65,22.95,23.4,40952900.0
2025-05-19,23.4,23.4,22.9,22.9,13274000.0
2025-05-20,23.2,23.2,22.4,23.0,13094800.0
2025-05-21,23.05,23.15,22.7,23.0,9153400.0
2025-05-22,22.9,22.9,22.55,22.6,16436800.0
2025-05-23,23.0,23.3,22.7,23.3,8795600.0
2025-05-26,23.25,23.45,22.85,23.45,8217800.0
2025-05-27,23.45,23.9,23.35,23.85,13891400.0
2025-05-28,23.85,24.25,23.7,24.0,14522400.0
2025-05-29,24.0,24.1,23.65,23.65,4562500.0
2025-05-30,23.7,23.8,23.0,23.0,29795400.0
2025-06-02,23.15,23.5,22.9,23.5,8643200.0
2025-06-03,23.5,23.85,23.35,23.75,11620600.0
2025-06-04,23.75,23.9,23.55,23.9,5723400.0
2025-06-05,24.0,24.45,23.75,24.25,13065400.0
2025-06-09,24.2,24.3,23.5,23.95,7655900.0
2025-06-10,23.95,24.05,23.2,23.65,9305400.0
2025-06-11,23.7,24.0,23.5,23.95,5588500.0
2025-06-13,23.75,24.65,23.75,24.35,22891800.0
2025-06-16,23.8,24.0,23.55,23.55,5271500.0
2025-06-17,23.65,23.9,23.65,23.65,8254700.0
2025-06-18,23.8,23.9,23.5,23.65,7010300.0
2025-06-19,23.65,23.95,23.3,23.7,4786500.0
2025-06-20,23.5,23.6,22.95,22.95,32210800.0
2025-06-23,22.75,22.8,22.25,22.8,11158700.0
2025-06-24,23.05,23.45,22.9,23.05,10514100.0
2025-06-25,23.15,23.75,23.15,23.7,8565500.0
2025-06-26,23.7,24.7,23.7,24.65,27231500.0
2025-06-27,24.55,25.9,24.55,25.8,34488900.0
2025-06-30,25.95,27.35,25.9,27.0,59169100.0
2025-07-01,27.0,27.9,26.65,27.9,41950800.0
2025-07-02,27.9,28.35,27.5,28.35,32146300.0
2025-07-03,28.05,28.35,27.5,27.9,37036800.0
2025-07-04,27.5,27.65,27.0,27.2,17164400.0
2025-07-07,26.85,27.8,26.7,27.8,13183200.0
2025-07-08,27.8,28.05,27.25,27.7,33072800.0
2025-07-09,27.6,28.3,27.5,28.3,22960300.0
2025-07-10,28.2,28.25,27.35,27.35,22556800.0
2025-07-11,27.5,27.65,26.8,27.2,16669900.0
2025-07-14,27.05,27.5,26.95,27.2,8268300.0
2025-07-15,27.2,27.8,26.7,26.9,11980600.0
2025-07-16,26.75,26.9,25.9,26.35,16897700.0
2025-07-17,26.25,26.3,25.8,26.15,8598700.0
2025-07-18,25.8,26.15,25.45,25.95,11868600.0
2025-07-21,25.95,26.65,25.65,25.75,13792800.0
2025-07-22,25.75,26.5,25.6,26.3,12224600.0
2025-07-23,26.5,27.05,26.05,26.5,10206600.0
2025-07-24,26.6,26.8,26.25,26.6,4219000.0
2025-07-25,26.35,26.75,25.6,25.85,11155100.0
2025-07-28,25.85,26.2,25.65,25.7,5293200.0
2025-07-29,25.6,25.75,25.0,25.2,15099600.0
2025-07-30,25.2,26.15,24.95,25.8,4578500.0
2025-07-31,25.3,25.45,24.7,25.0,10386200.0
2025-08-01,25.0,25.5,24.55,25.2,4185900.0
2025-08-04,25.2,26.6,25.2,26.6,13069400.0
2025-08-05,26.6,27.2,26.3,26.9,8901900.0
2025-08-06,26.9,27.4,26.1,26.2,10834500.0
2025-08-07,26.2,26.7,25.7,26.6,5332200.0
2025-08-08,26.55,27.35,26.1,27.35,9582500.0
2025-08-11,27.35,27.35,26.85,27.2,6349000.0
2025-08-12,27.2,27.35,26.8,27.2,5959600.0
2025-08-13,27.25,27.35,26.9,27.15,7486800.0
2025-08-14,27.15,27.65,26.7,26.75,9051000.0
2025-08-15,26.8,26.9,25.9,26.35,11275000.0
2025-08-18,26.5,26.65,26.0,26.3,8771500.0
2025-08-19,26.3,26.6,26.05,26.05,6263300.0
2025-08-20,26.0,26.75,25.85,26.5,6142900.0
2025-08-22,26.75,27.2,26.65,27.1,4604300.0
2025-08-26,27.15,28.5,27.15,28.5,43490300.0
2025-08-27,28.4,29.5,28.05,29.1,27105000.0
2025-08-28,29.1,29.1,28.15,28.15,9250300.0
2025-08-29,28.15,28.6,27.8,28.0,17132600.0
2025-09-01,28.05,28.8,28.05,28.5,9324400.0
2025-09-02,28.5,28.9,27.9,28.7,12401200.0
2025-09-03,28.4,28.4,27.6,27.85,8246200.0
2025-09-04,27.8,28.45,27.65,28.3,8974700.0
2025-09-05,28.3,28.9,28.05,28.9,6215000.0
2025-09-08,28.85,28.9,28.0,28.2,11194600.0
2025-09-09,28.25,29.35,28.25,29.3,19000200.0
2025-09-10,29.2,30.05,29.0,29.9,21243300.0
2025-09-11,29.9,29.9,29.15,29.5,8939300.0
2025-09-12,29.45,29.45,28.65,28.9,8512600.0
2025-09-15,28.85,28.85,27.8,27.95,14060300.0
2025-09-16,27.95,28.45,27.95,28.4,6187200.0
2025-09-17,28.05,28.25,27.4,27.75,10724000.0
2025-09-18,27.75,27.8,26.5,26.95,19486200.0
2025-09-19,27.0,27.4,26.8,26.95,29920500.0
2025-09-22,26.95,27.25,26.3,26.55,13115000.0
2025-09-23,26.65,26.65,26.15,26.3,12375300.0
2025-09-24,26.35,26.6,26.2,26.6,4355000.0
2025-09-25,26.2,26.4,25.7,26.0,10092300.0
2025-09-26,26.05,26.05,25.25,25.4,10954600.0
2025-09-29,25.35,25.45,25.15,25.25,3581400.0
2025-09-30,25.15,25.25,24.05,24.35,29758500.0
2025-10-01,24.25,24.65,23.7,24.4,21897300.0
2025-10-02,24.4,24.4,23.9,24.0,17018400.0
2025-10-03,24.3,24.4,24.05,24.2,10466800.0
2025-10-06,24.3,24.3,23.3,23.5,17430600.0
2025-10-07,23.5,24.0,23.5,24.0,7889000.0
2025-10-08,23.95,24.2,23.5,23.55,13417600.0
2025-10-09,23.65,23.7,23.15,23.25,9997400.0
2025-10-10,23.4,23.55,23.1,23.25,5601400.0
2025-10-13,23.1,23.2,22.8,23.15,9163000.0
2025-10-14,23.0,23.45,22.95,23.25,8916900.0
2025-10-15,23.25,23.3,22.85,23.1,8303900.0
2025-10-16,23.0,23.15,22.95,23.15,3827500.0
2025-10-17,23.05,23.05,22.55,22.55,21599600.0
2025-10-20,22.6,22.75,22.25,22.45,10060500.0
2025-10-21,22.45,22.7,21.85,22.0,22599200.0
2025-10-22,21.9,22.15,21.55,21.65,17796000.0
2025-10-23,21.65,21.9,21.25,21.5,26707400.0
2025-10-24,21.6,21.8,21.2,21.25,13993400.0
2025-10-27,21.25,21.7,20.55,20.9,29784200.0
2025-10-28,21.0,21.15,20.7,20.7,20595000.0
2025-10-29,20.7,21.2,20.1,20.15,44604000.0
2025-10-30,20.4,20.45,19.68,19.9,45201400.0
2025-11-03,19.54,20.0,18.8,20.0,39212900.0
2025-11-04,20.25,20.95,20.25,20.45,15577600.0
2025-11-05,20.55,20.6,19.84,20.25,10665000.0
2025-11-06,20.35,20.9,20.35,20.6,14121100.0
2025-11-07,20.3,20.95,19.62,19.7,37218300.0
2025-11-10,20.0,20.0,19.42,19.42,32010200.0
2025-11-11,19.4,19.4,18.94,19.2,24822200.0
2025-11-12,19.2,19.36,18.72,19.1,15501600.0
2025-11-13,19.1,19.42,19.06,19.3,16855500.0
2025-11-14,19.4,19.54,18.8,18.8,18678400.0
2025-11-17,18.8,19.6,18.8,19.4,15267900.0
2025-11-18,19.44,19.68,18.82,18.84,33430700.0
2025-11-19,18.96,19.36,18.64,19.36,30215700.0
2025-11-20,19.36,20.35,19.2,20.05,64547600.0
2025-11-21,20.05,21.2,19.66,21.0,39729500.0
2025-11-24,21.0,21.55,20.3,21.55,40935300.0
2025-11-25,21.55,21.55,20.85,21.2,30656000.0
2025-11-26,20.9,21.1,20.35,21.0,30993400.0
2025-11-27,21.0,21.0,20.4,20.4,11524700.0
2025-11-28,20.4,20.75,20.25,20.35,19359300.0
2025-12-01,20.6,21.15,20.25,20.75,21525500.0
2025-12-02,20.6,20.6,20.25,20.35,13164500.0
2025-12-03,20.4,20.5,20.2,20.25,15136700.0
2025-12-04,20.2,20.25,19.82,19.96,25607300.0
2025-12-05,20.05,20.4,19.92,20.4,17639800.0
2025-12-09,20.35,21.1,20.2,21.1,19593100.0
2025-12-10,21.1,21.15,20.65,21.0,10947700.0
2025-12-11,21.0,21.6,20.85,21.5,19807400.0
2025-12-12,21.5,21.8,21.2,21.7,7439100.0
2025-12-15,21.6,22.55,21.55,22.55,11496900.0
2025-12-16,22.55,22.85,22.1,22.7,28267200.0
2025-12-17,22.4,22.65,22.4,22.65,5094000.0
2025-12-18,22.6,22.6,21.75,22.0,6730000.0
2025-12-19,22.0,22.2,21.2,21.3,20567200.0
2025-12-22,21.45,21.9,21.35,21.9,9916100.0
2025-12-23,21.85,22.1,21.55,22.1,6338800.0
2025-12-26,22.1,22.45,22.05,22.45,3435200.0
2025-12-29,22.4,22.65,22.1,22.45,8538900.0
2026-01-02,22.45,22.6,22.2,22.55,2961300.0
2026-01-05,22.55,22.85,22.45,22.45,7656100.0
2026-01-06,22.45,22.85,22.2,22.5,9585800.0
2026-01-07,22.5,22.8,22.3,22.75,6619300.0
2026-01-08,22.7,23.1,22.55,22.8,7667500.0
2026-01-09,22.65,22.85,22.5,22.5,6339200.0
2026-01-12,22.5,23.1,22.5,23.0,9098200.0
2026-01-13,23.1,23.15,22.8,23.0,6886900.0
2026-01-14,23.0,23.65,22.85,23.2,16502900.0
2026-01-15,23.05,23.6,23.0,23.6,8378600.0
2026-01-16,23.6,23.6,23.3,23.55,8834100.0
2026-01-19,23.5,23.55,23.25,23.5,3580700.0
2026-01-20,23.5,23.5,22.4,22.4,16981700.0
2026-01-21,22.35,22.65,22.15,22.5,7834800.0
2026-01-22,22.5,22.7,22.45,22.5,6305700.0
2026-01-23,22.5,22.5,21.75,22.05,18645000.0
2026-01-26,22.05,22.05,21.5,21.6,6221700.0
2026-01-27,21.6,21.9,21.25,21.4,14637400.0
2026-01-28,21.4,21.5,21.0,21.5,17351300.0
2026-01-29,21.45,21.5,20.75,20.8,14773700.0
2026-01-30,20.85,21.25,20.85,21.25,23567200.0
2026-02-02,21.25,21.35,20.5,21.0,8851400.0
2026-02-03,20.7,21.8,20.7,21.8,8429700.0
2026-02-04,21.8,21.8,21.4,21.6,6288200.0
2026-02-05,21.6,21.65,21.25,21.55,6797700.0
2026-02-06,21.55,21.6,21.25,21.3,11600100.0
2026-02-09,21.35,21.7,21.2,21.25,11566200.0
2026-02-10,21.35,21.75,21.35,21.55,9666900.0
2026-02-11,21.55,22.15,21.55,22.1,10533200.0
2026-02-12,22.1,22.15,21.3,21.3,10119200.0
2026-02-13,21.3,21.3,20.65,20.65,18286500.0
2026-02-16,20.7,20.8,20.45,20.5,6511500.0
2026-02-18,20.6,20.95,20.45,20.95,6320200.0
2026-02-19,20.95,21.05,20.55,20.7,13894000.0
2026-02-20,20.6,21.3,20.25,21.25,14487200.0
2026-02-23,21.25,22.05,21.25,21.65,14700000.0
2026-02-24,21.75,21.85,20.55,20.55,30804500.0
2026-02-25,20.65,20.85,20.2,20.55,18537400.0
2026-02-26,20.55,21.35,20.5,21.15,11202300.0
2026-02-27,21.15,21.15,20.7,20.9,20018800.0
2026-03-02,20.5,21.3,20.3,21.0,12254400.0
2026-03-03,20.95,21.25,20.7,20.75,6001600.0
2026-03-04,20.75,20.8,20.0,20.0,23339300.0
2026-03-05,20.2,20.35,19.94,19.98,10175100.0
2026-03-06,20.0,20.2,19.8,20.2,4406500.0
2026-03-09,19.88,19.88,19.04,19.12,11259100.0
2026-03-10,19.36,19.8,19.22,19.22,14960600.0
2026-03-11,19.3,19.4,19.0,19.0,19271600.0
2026-03-12,19.06,19.3,19.0,19.14,4380100.0
2026-03-13,19.2,19.2,18.94,18.94,5756600.0
2026-03-16,18.94,18.94,18.36,18.76,8634100.0
2026-03-17,18.8,18.88,18.2,18.24,14683700.0
2026-03-18,18.3,18.52,18.08,18.3,13847000.0
2026-03-19,18.18,18.28,17.5,18.28,32041200.0
2026-03-23,17.78,17.78,16.88,16.92,42064000.0
2026-03-24,17.2,17.6,17.2,17.46,11962100.0
2026-03-25,17.6,18.06,17.6,17.98,15495200.0
2026-03-26,17.98,17.98,17.68,17.72,5225700.0
2026-03-27,17.66,17.76,17.46,17.54,11504800.0
2026-03-30,17.4,17.4,15.92,16.26,39106100.0
2026-03-31,16.26,16.42,15.82,16.14,48826100.0
2026-04-01,17.1,17.18,16.76,17.0,78043300.0
2026-04-06,16.9,16.9,16.58,16.78,15501100.0
2026-04-07,16.8,16.98,16.68,16.9,16419600.0
2026-04-08,17.5,18.48,17.48,18.4,34730000.0
2026-04-10,18.5,18.88,18.06,18.08,22797200.0
2026-04-13,17.86,18.06,17.5,18.06,13402500.0
2026-04-14,18.0,18.0,17.34,17.4,15703800.0
2026-04-15,17.62,17.74,17.46,17.68,10348600.0
2026-04-16,17.68,17.8,17.3,17.3,7517100.0
2026-04-17,17.34,17.38,17.06,17.2,14633600.0
2026-04-20,17.26,17.46,16.88,16.96,21523800.0
2026-04-21,16.82,16.96,16.6,16.6,30602600.0
2026-04-22,16.62,16.76,16.44,16.48,11320300.0
2026-04-23,16.4,16.68,16.34,16.34,6356000.0
2026-04-24,16.4,16.4,15.8,15.8,26039500.0
2026-04-27,15.8,16.08,15.72,15.8,10087700.0
2026-04-28,15.8,16.0,15.3,15.76,18191800.0
2026-04-29,15.72,16.16,15.68,15.76,10135000.0
2026-04-30,15.76,15.76,15.1,15.1,19919100.0
2026-05-04,15.22,15.38,15.02,15.1,11627200.0
2026-05-05,15.12,15.76,15.04,15.3,8891200.0
2026-05-06,15.36,15.5,15.12,15.32,13155800.0
2026-05-07,15.5,15.84,15.46,15.8,19492200.0
2026-05-08,15.82,15.84,15.42,15.6,12225400.0
2026-05-11,15.7,16.18,15.7,16.14,10056200.0
2026-05-12,16.18,16.18,15.66,16.0,9132100.0
2026-05-13,16.08,16.08,15.36,15.38,12443900.0
2026-05-14,15.38,15.76,15.36,15.6,3637100.0
2026-05-15,15.7,15.72,15.36,15.38,9704900.0
2026-05-18,15.46,15.5,15.14,15.22,11184600.0
2026-05-19,15.22,15.28,14.72,14.74,28365200.0
2026-05-20,14.78,15.18,14.74,15.0,13923100.0
2026-05-21,15.06,15.32,15.0,15.24,4756400.0
2026-05-22,15.26,15.58,15.26,15.5,9402700.0
2026-05-25,15.56,15.98,15.52,15.92,7438500.0
2026-05-26,15.92,15.92,15.4,15.8,4801500.0
2026-05-28,15.8,15.8,15.26,15.3,9033700.0
2026-05-29,15.3,15.3,14.58,14.58,63131800.0
2026-06-01,14.74,14.74,14.46,14.52,18525600.0
2026-06-02,14.48,14.64,14.46,14.54,13098300.0
2026-06-03,14.56,14.74,14.5,14.7,16323900.0
2026-06-04,14.6,14.6,13.94,14.0,37507000.0
2026-06-05,14.1,14.3,14.02,14.16,7751700.0
2026-06-08,14.1,14.1,13.54,13.6,34745100.0
2026-06-09,13.7,13.72,13.28,13.28,24378300.0
2026-06-10,13.32,13.54,13.12,13.2,33363400.0
2026-06-11,13.36,13.36,12.58,12.74,24821200.0
2026-06-15,13.16,14.04,13.16,13.5,81134800.0
2026-06-16,13.72,13.72,12.9,13.0,53672900.0
2026-06-17,13.2,13.88,13.04,13.64,36069500.0
2026-06-18,13.7,14.7,13.66,14.7,24365200.0
2026-06-19,14.76,15.42,14.46,14.46,37125800.0
2026-06-22,14.46,14.5,13.94,14.02,13068700.0
2026-06-23,14.06,14.16,13.56,14.08,16762800.0
2026-06-24,14.12,14.8,13.98,14.8,24096200.0
2026-06-25,14.68,15.36,14.34,15.12,22117300.0
2026-06-26,15.16,15.3,14.88,15.3,10276200.0
2026-06-29,15.12,15.36,15.02,15.1,7871200.0
2026-06-30,15.2,15.24,14.5,14.8,10965100.0
2026-07-01,14.78,14.8,14.38,14.6,8214200.0
2026-07-02,14.62,15.16,14.62,15.04,13093600.0
2026-07-03,15.2,15.56,15.2,15.44,17980600.0
2026-07-06,15.42,15.92,15.36,15.92,14632600.0
2026-07-07,15.92,15.92,15.46,15.7,7560700.0
2026-07-08,15.54,15.56,15.24,15.48,6097600.0
2026-07-09,15.2,15.32,15.04,15.1,6096700.0
2026-07-10,15.2,16.12,15.2,16.0,24890800.0
2026-07-13,16.0,16.08,15.72,15.96,10112300.0
2026-07-14,15.82,15.94,15.4,15.8,9010400.0
2026-07-15,15.8,16.06,15.66,15.74,9331200.0
2026-07-16,15.78,16.12,15.78,16.08,10912300.0
2026-07-17,16.12,17.0,16.1,17.0,49318500.0
2026-07-20,17.06,17.1,16.72,16.96,18312000.0
2026-07-21,16.96,16.98,16.82,16.94,14542400.0
2026-07-22,17.0,17.0,16.84,16.92,14511600.0
2026-07-23,16.92,16.94,16.76,16.84,16372400.0
2026-07-24,16.76,16.76,16.48,16.7,21388800.0
2026-07-27,16.72,17.04,16.72,16.9,11480000.0
2026-07-28,16.92,16.92,16.82,16.88,5019900.0
2026-07-29,16.88,17.04,16.88,16.98,10784500.0
2026-07-30,16.96,16.96,16.8,16.82,11875700.0
2026-07-31,16.82,16.94,16.82,16.9,16863300.0
2026-08-03,16.78,16.8,16.0,16.0,11000500.0
2026-08-04,16.0,16.12,15.3,15.4,14854200.0
2026-08-05,15.46,15.6,15.1,15.24,12338000.0
2026-08-06,15.32,15.54,15.14,15.32,5602000.0
2026-08-07,15.32,16.26,15.28,16.26,18608900.0
2026-08-10,16.18,16.18,15.66,16.0,8486200.0
2026-08-11,15.9,16.36,15.78,16.1,10582800.0
2026-08-12,16.1,16.32,15.76,15.88,5867900.0
2026-08-13,15.0,15.2,14.72,14.98,33192400.0
2026-08-14,14.98,15.66,14.8,15.6,24791300.0
2026-08-17,15.6,15.62,15.14,15.18,7675200.0
2026-08-18,15.18,15.62,15.02,15.62,7386200.0
2026-08-19,15.32,15.5,15.16,15.3,8481800.0
2026-08-20,15.26,15.38,15.1,15.12,12318900.0
2026-08-24,15.18,15.4,15.14,15.2,5517600.0
2026-08-25,15.26,15.86,15.14,15.8,18431800.0
2026-08-26,15.74,16.02,15.32,15.4,38022800.0
2026-08-27,15.56,15.82,15.2,15.5,26212700.0
2026-08-28,15.32,15.76,14.84,15.54,466433000.0
2026-09-01,15.18,15.68,14.92,15.02,41876400.0
2026-09-02,15.04,15.36,14.72,14.74,22026300.0
2026-09-03,14.9,15.02,14.6,15.0,18742900.0
