Date,Close,High,Low,Open,Volume
2018-01-03,8721.88671875,8721.88671875,8578.293766312878,8582.252709058057,0
2018-01-04,8737.5830078125,8758.007442699593,8688.105497716511,8707.76059920537,0
2018-01-05,8767.7451171875,8855.792785647141,8737.493131747839,8741.162110037461,153500
2018-01-08,8742.8720703125,8818.262841400967,8711.620340416854,8816.633377571045,0
2018-01-09,8921.42578125,8921.42578125,8753.149713743547,8756.70836902735,0
2018-01-10,8917.9970703125,8924.485636366791,8875.69837571392,8911.95858384759,0
2018-01-11,8810.984375,8906.709760516835,8743.381640937681,8906.349501590026,0
2018-01-12,8812.3544921875,8866.280081235336,8801.357319521483,8834.018844234635,122000
2018-01-15,8855.4423828125,8895.271983630688,8807.265319326512,8842.075703118368,0
2018-01-16,8862.8505859375,8966.873638575364,8862.8505859375,8888.454352870665,0
2018-01-17,8846.7158203125,8899.981423062087,8819.142830964396,8877.38762235768,0
2018-01-18,8818.47265625,8820.132385717905,8770.19503127445,8787.790116257147,0
2018-01-19,8913.6279296875,8913.6279296875,8800.517365763162,8822.451178970396,120800
2018-01-22,8948.3193359375,8972.81303814585,8880.716600685073,8890.85364269836,0
2018-01-23,8996.7060546875,8996.7060546875,8913.778160602124,8950.50797345103,0
2018-01-24,8917.9375,8990.058604750755,8895.922652617066,8990.058604750755,0
2018-01-25,8996.8564453125,8996.8564453125,8904.950390789683,8905.160297751127,0
2018-01-26,9038.8759765625,9038.8759765625,8943.020741564069,8993.297852580601,113200
2018-01-29,9056.291015625,9076.035937615849,9006.09396439085,9059.420093699599,0
2018-01-30,8908.189453125,9022.969504207824,8836.417872337763,9022.969504207824,0
2018-01-31,8761.7568359375,8829.55971413522,8719.607517633849,8829.55971413522,0
2018-02-01,8736.4736328125,8815.833112789775,8736.4736328125,8746.131306133964,0
2018-02-02,8808.4853515625,8808.4853515625,8744.612124836262,8744.612124836262,142600
2018-02-05,8613.78515625,8678.358396423893,8553.350500368475,8678.358396423893,0
2018-02-06,8548.2216796875,8548.2216796875,8377.675693174304,8472.901205187718,0
2018-02-07,8665.3310546875,9698.065460130929,8600.967724582093,8645.776513334733,0
2018-02-08,8642.857421875,8677.138644944016,8599.318813873326,8677.138644944016,0
2018-02-09,8501.50390625,8543.82212388235,8419.574782497459,8543.682511352152,110800
2018-02-12,8485.728515625,8552.31100695672,8458.384959586298,8531.606369083589,0
2018-02-13,8567.9365234375,8567.9365234375,8474.280918166027,8511.870861812953,0
2018-02-14,8595.900390625,8595.900390625,8496.385936207154,8561.369229343081,0
2018-02-15,8610.2265625,8610.2265625,8503.673881271354,8601.498337956908,174300
2018-02-19,8707.98046875,8755.578580454605,8536.005160962937,8591.66077099376,0
2018-02-20,8720.4580078125,8725.836507715383,8635.549175346761,8724.916822308136,0
2018-02-21,8611.4365234375,8675.279485399065,8611.286171465668,8675.279485399065,0
2018-02-22,8513.380859375,8603.717001918605,8470.711169012426,8596.289224678507,0
2018-02-23,8465.3828125,8524.038628393884,8463.613736143874,8518.540042280361,111100
2018-02-26,8497.794921875,8497.794921875,8371.52661555583,8447.97765624668,0
2018-02-27,8590.1708984375,8590.1708984375,8505.263045208705,8505.492478396875,0
2018-02-28,8473.111328125,8573.235973465715,8473.111328125,8536.335305570776,0
2018-03-01,8463.5927734375,8501.493182052805,8427.58250369595,8469.041567370576,0
2018-03-02,8456.3955078125,8456.3955078125,8335.546704736416,8412.776842790969,83800
2018-03-05,8384.013671875,8447.64769672682,8348.383187095362,8432.501201566627,0
2018-03-06,8358.0703125,8409.597100608773,8342.694383858261,8385.862969852491,0
2018-03-07,8402.5302734375,8402.5302734375,8330.968592676976,8371.467946565323,0
2018-03-08,8379.6953125,8387.583909457317,8348.384026235386,8385.924179899464,0
2018-03-09,8370.357421875,8407.58808280214,8365.478793547185,8399.170325459248,97800
2018-03-12,8451.3271484375,8482.469532299036,8423.76392249296,8440.080040089488,132000
2018-03-13,8417.40625,8460.074967639568,8395.801452895708,8451.916908775476,93100
2018-03-14,8346.59375,8427.862889166972,8282.629730806773,8427.862889166972,98200
2018-03-15,8187.904296875,8323.869334309851,8187.904296875,8319.960183273768,107600
2018-03-16,8236.0322265625,8255.966552925905,8154.092850724284,8198.03125756246,280800
2018-03-19,8233.4228515625,8238.01151535833,8166.899918571768,8234.422594483123,148100
2018-03-20,8057.5283203125,8178.147208743503,8013.429795784324,8178.147208743503,130700
2018-03-21,7907.03662109375,8095.508177341535,7907.03662109375,8095.508177341535,152900
2018-03-22,8122.36181640625,8122.36181640625,7926.711925563593,7932.790440812755,126600
2018-03-23,7968.75048828125,7978.608304717951,7921.612708318038,7978.608304717951,102000
2018-03-26,7930.3408203125,7947.566371718653,7832.096061637974,7946.006714146667,85100
2018-03-27,8044.9609375,8044.9609375,7945.166776415959,7945.166776415959,94700
2018-03-28,7977.77880859375,8054.149308708913,7965.231741763067,8014.289440405887,118100
2018-04-02,8037.38330078125,8037.38330078125,7942.817287358267,7991.574768409371,60000
2018-04-03,8046.65087890625,8069.604936809352,7974.279353781323,7974.279353781323,117400
2018-04-04,7995.61376953125,8082.851589356407,7989.545505827427,8082.851589356407,83500
2018-04-05,8020.09765625,8041.592128592968,7986.316304617595,8033.5741710113625,57700
2018-04-06,7943.61767578125,8045.631484828532,7899.758835675296,8016.708745725648,74400
2018-04-10,7932.64013671875,7982.587252743838,7888.281427271734,7944.40713012934,115900
2018-04-11,7941.88818359375,7988.9258940997215,7928.621575129266,7956.284384433656,89900
2018-04-12,8041.001953125,8041.001953125,7949.045620684549,7960.61295846031,83000
2018-04-13,7897.94921875,8029.16547974354,7897.94921875,8029.16547974354,123200
2018-04-16,7868.2265625,7926.951694788917,7843.4531482146285,7926.951694788917,80900
2018-04-17,7721.40478515625,7859.699304565209,7689.812810526565,7859.699304565209,124500
2018-04-18,7791.12646484375,7826.837496917376,7741.14956985823,7741.14956985823,121500
2018-04-19,7680.26513671875,7754.405738297759,7535.48205740218,7687.373172059989,294800
2018-04-20,7724.73388671875,7781.548867231568,7689.952791222361,7696.10111259467,115500
2018-04-23,7717.48583984375,7744.868447469885,7661.559790260982,7734.1011964909985,93800
2018-04-24,7598.40576171875,7702.289201997093,7598.40576171875,7702.1993813465015,101100
2018-04-25,7555.96728515625,7634.606732509515,7524.36505949589,7593.537702773784,108800
2018-04-26,7615.4619140625,7615.4619140625,7527.194569375264,7542.080878682065,79300
2018-04-27,7719.03515625,7719.03515625,7602.58511960158,7629.478106715439,125500
2018-04-30,7817.23974609375,7820.828666929478,7724.283669882945,7724.973433911901,131400
2018-05-02,7734.0810546875,7854.480270579597,7734.0810546875,7789.6268300399925,98800
2018-05-03,7533.1630859375,7790.406999079644,7533.1630859375,7790.406999079644,140500
2018-05-04,7544.25,7556.367001400942,7497.331888822465,7539.061392801119,91700
2018-05-07,7531.34326171875,7579.771239190205,7515.157482138674,7576.851579761776,58800
2018-05-08,7575.62158203125,7613.262292497427,7541.4106535816645,7542.160460751817,105500
2018-05-09,7553.32763671875,7588.848287529855,7533.992765045195,7585.729460648358,104800
2018-05-10,7569.0537109375,7628.32850821496,7529.723980343967,7545.5197233504405,95400
2018-05-11,7750.1171875,7758.26499491562,7623.140069668751,7623.140069668751,115100
2018-05-15,7883.94287109375,7904.417586521005,7763.463598246699,7769.901884057682,158700
2018-05-16,7867.537109375,7867.537109375,7749.337521106683,7867.457051834884,155200
2018-05-17,7692.14208984375,7853.880284170402,7692.14208984375,7853.880284170402,130800
2018-05-18,7670.3076171875,7740.399946806914,7637.186250447866,7740.399946806914,79800
2018-05-21,7656.0810546875,7713.676595641225,7656.0810546875,7691.242423149486,66800
2018-05-22,7644.234375,7696.670597333383,7631.557459262494,7696.250783419321,80900
2018-05-23,7558.5263671875,7671.647177931623,7515.627243426788,7671.647177931623,99000
2018-05-24,7650.5625,7650.5625,7553.507867032137,7571.722909732095,70200
2018-05-25,7645.5439453125,7672.317334782916,7604.024835539183,7671.847240809609,77700
2018-05-28,7640.93505859375,7667.988160562701,7596.176548580378,7667.988160562701,74600
2018-05-29,7600.4052734375,7660.400098524947,7583.209988503241,7660.400098524947,91500
2018-05-30,7468.2197265625,7573.432417812092,7459.8117323803035,7573.432417812092,112200
2018-05-31,7495.24267578125,7535.692235953863,7455.132871997333,7494.182889689498,376200
2018-06-01,7628.29833984375,7628.29833984375,7485.445422454593,7497.971986718711,109900
2018-06-04,7577.6611328125,7618.170734578446,7549.948533038412,7617.42092740471,75300
2018-06-05,7683.7841796875,7683.7841796875,7548.699282603072,7592.597663812256,129300
2018-06-06,7687.16357421875,7700.350125032151,7652.162320012564,7664.799207470696,102400
2018-06-07,7801.30419921875,7812.871049386718,7685.963738193753,7691.322223709422,152900
2018-06-08,7738.75048828125,7801.3442577876,7716.346092529537,7801.3442577876,80000
2018-06-11,7769.3017578125,7777.259672197239,7697.690291464055,7736.290227922429,58900
2018-06-13,7601.025390625,7721.864434272378,7551.798303187181,7720.444877433835,121100
2018-06-14,7527.6044921875,7559.49619432832,7477.6471227091615,7551.858021586476,272100
2018-06-18,7412.2041015625,7412.2041015625,7326.41610003666,7402.027030702812,133400
2018-06-19,7310.72998046875,7346.340940645643,7251.2555276496705,7345.551104681747,120500
2018-06-20,7259.75341796875,7347.8508826694415,7259.143223305505,7314.40928618922,112700
2018-06-21,7096.3251953125,7269.340765707199,7090.336988990657,7260.862965169868,143000
2018-06-22,7061.38427734375,7130.876172311128,6921.889876531082,7090.2167064956875,170000
2018-06-25,6985.08349609375,7238.198577081207,6985.08349609375,7238.198577081207,118100
2018-06-26,7005.40869140625,7019.454884458699,6928.07847732348,7012.246776909785,111900
2018-06-27,7174.58544921875,7174.58544921875,6982.344838985637,6996.191376425677,119600
2018-06-28,7064.75341796875,7126.677438199735,7053.816288588481,7126.677438199735,90200
2018-06-29,7191.8310546875,7191.8310546875,7059.6648411706565,7059.6648411706565,132400
2018-07-02,7226.10205078125,7259.423561580062,7158.989423361937,7182.773347316518,100900
2018-07-03,7265.4716796875,7265.4716796875,7192.700352249612,7221.183262839962,68200
2018-07-04,7346.53076171875,7346.53076171875,7225.43201944405,7270.160263671191,99100
2018-07-05,7231.71044921875,7304.131770079498,7223.212634127153,7304.131770079498,94400
2018-07-06,7184.8623046875,7224.092450654218,7141.733259016485,7224.092450654218,69000
2018-07-09,7184.7724609375,7212.714982191564,7160.798645642373,7194.97979692783,71400
2018-07-10,7231.4306640625,7231.4306640625,7190.73116794574,7216.394491162214,75400
2018-07-11,7331.8447265625,7331.8447265625,7237.2489330064955,7243.8673483858,76200
2018-07-12,7348.6904296875,7368.565201884362,7305.721498285909,7326.156185099605,91000
2018-07-13,7397.27783203125,7403.5159738740285,7364.606058387354,7370.584501391385,74000
2018-07-16,7367.54541015625,7388.100183182329,7332.994236241869,7387.080425877095,47300
2018-07-17,7379.78271484375,7384.051636766451,7344.8912953643885,7373.204328127875,51300
2018-07-18,7449.45458984375,7449.45458984375,7378.073042307657,7379.842606819124,59200
2018-07-19,7385.970703125,7457.222399205081,7363.796229844893,7442.026111847685,69600
2018-07-20,7397.70751953125,7409.544807566661,7325.466330955048,7388.669804545577,87400
2018-07-23,7374.9033203125,7406.255609514857,7366.625663787037,7386.600507648888,84700
2018-07-24,7445.10546875,7445.10546875,7361.087035500566,7361.087035500566,89500
2018-07-25,7512.068359375,7618.431146145628,7436.937775983117,7436.937775983117,149100
2018-07-26,7663.87939453125,7663.87939453125,7555.916921812119,7555.916921812119,160600
2018-07-27,7699.39990234375,7699.39990234375,7584.3894394135705,7659.690387494477,132900
2018-07-30,7771.3212890625,7771.3212890625,7681.124758161493,7691.472194788157,96200
2018-07-31,7670.02783203125,7740.859716927701,7621.810249584218,7728.102743178389,153400
2018-08-01,7836.205078125,7836.205078125,7653.331695179649,7663.019633543845,137400
2018-08-02,7757.55517578125,7822.508689724582,7744.098674790246,7822.508689724582,92600
2018-08-03,7817.3798828125,7817.3798828125,7707.877768049293,7761.494351537986,99500
2018-08-06,7815.30029296875,7841.573321810048,7782.048589998113,7807.372155969967,79000
2018-08-07,7723.86376953125,7812.88091626066,7723.86376953125,7811.371050643048,85000
2018-08-08,7849.44140625,7849.44140625,7735.50098049613,7735.50098049613,126600
2018-08-09,7818.69921875,7877.24422127072,7749.4269944901735,7854.6801998624505,143900
2018-08-10,7802.9736328125,7838.6143709946255,7779.819430110789,7802.013918642498,98300
2018-08-13,7633.30712890625,7780.109222772888,7632.637379256117,7780.109222772888,78500
2018-08-14,7525.8447265625,7621.150299548909,7506.899890661183,7621.150299548909,77300
2018-08-15,7538.9814453125,7564.675034106594,7511.508528875543,7519.056880958286,54400
2018-08-16,7515.42724609375,7539.980990610187,7477.017201489854,7532.632782570148,75700
2018-08-17,7581.5703125,7615.531793673033,7528.024024084553,7528.024024084553,94500
2018-08-20,7498.6015625,7604.854513596675,7498.6015625,7590.218140537843,43600
2018-08-22,7630.2978515625,7630.2978515625,7527.7046015924,7549.708709486922,73400
2018-08-23,7802.0234375,7802.0234375,7621.810015080784,7621.810015080784,121500
2018-08-24,7764.4736328125,7781.28913303877,7716.185756745428,7773.521111001999,131000
2018-08-28,7842.59326171875,7859.579128440829,7767.812685699805,7767.812685699805,123400
2018-08-29,7828.94677734375,7829.326562495957,7771.071523024356,7801.034033123717,159700
2018-08-30,7851.14111328125,7873.1354570938765,7816.259946796625,7816.259946796625,151000
2018-08-31,7853.6904296875,7853.6904296875,7774.85083955267,7836.045064747692,174700
2018-09-03,7830.20654296875,7876.974300994109,7818.909155316948,7876.974300994109,147800
2018-09-04,7879.79345703125,7879.79345703125,7826.367254703814,7840.663871155581,89700
2018-09-05,7750.27734375,7859.379175362795,7697.041031351836,7857.739460231619,120200
2018-09-06,7636.74609375,7713.156619784746,7550.298598043179,7713.156619784746,121200
2018-09-07,7596.6865234375,7618.920551684036,7524.794855316137,7595.466622311453,112000
2018-09-10,7594.197265625,7603.614766051558,7464.350769229496,7589.558321681729,111600
2018-09-11,7516.0771484375,7580.860783518877,7490.473868555779,7580.860783518877,77400
2018-09-12,7447.28515625,7532.2930819641915,7447.28515625,7503.270759779951,88900
2018-09-13,7515.4375,7515.4375,7450.894038949928,7471.478589321353,87000
2018-09-14,7411.244140625,7515.697261533404,7411.244140625,7506.409610740539,88300
2018-09-17,7411.654296875,7431.779005013017,7397.287873731794,7422.971211170921,53600
2018-09-18,7284.466796875,7416.633008435984,7272.110110854733,7409.864729224868,96700
2018-09-19,7219.37353515625,7335.793793266942,7201.508012046957,7283.696838316675,100500
2018-09-20,7132.89599609375,7257.8936423080895,7132.89599609375,7254.66449210674,90400
2018-09-21,7381.10205078125,7381.10205078125,7178.1542360299845,7182.72288548315,194300
2018-09-24,7431.69873046875,7431.69873046875,7359.687463702411,7359.687463702411,67700
2018-09-25,7330.28515625,7424.751101506288,7329.865342317713,7424.751101506288,57200
2018-09-26,7266.34130859375,7340.7220827680285,7203.187627667099,7340.7220827680285,136300
2018-09-27,7318.7080078125,7318.7080078125,7213.815056725887,7270.570482916271,78900
2018-09-28,7274.94921875,7373.624041835404,7274.94921875,7311.789843587647,103200
2018-10-01,7220.2236328125,7259.533349818014,7174.355543485044,7254.674735771099,63300
2018-10-02,7130.5263671875,7235.5496551669485,7092.096307431049,7235.5496551669485,101400
2018-10-03,7209.0166015625,7209.0166015625,7093.435967022988,7127.567328202057,56300
2018-10-04,7091.51611328125,7192.210432492099,7091.51611328125,7188.981282466261,60100
2018-10-05,7076.38037109375,7100.504050048783,7070.4614830908,7092.096056072469,59600
2018-10-08,7049.00732421875,7121.458909701989,7049.00732421875,7078.059912566839,56300
2018-10-09,7057.56494140625,7064.293191621009,7014.676068474485,7062.094050126597,59800
2018-10-10,6999.34033203125,7090.976436766463,6958.6408365289635,7090.976436766463,86300
2018-10-11,6882.60986328125,6932.9767930931785,6788.834175142974,6932.9767930931785,96400
2018-10-12,7002.96923828125,7002.96923828125,6846.09942038162,6871.123259054387,87000
2018-10-15,6924.72900390625,7061.56393265493,6924.72900390625,7034.161311537927,72300
2018-10-16,6985.2236328125,6985.2236328125,6892.5174935385485,6934.386608890091,82500
2018-10-17,7097.85498046875,7138.24449675136,7013.746237723765,7013.746237723765,99600
2018-10-18,7139.4140625,7139.4140625,7059.024578824303,7094.065860744952,47700
2018-10-19,7149.681640625,7160.838928030924,7084.748141492989,7120.669081017181,88100
2018-10-22,7234.2998046875,7249.215890785047,7122.868499101458,7143.14307050771,79300
2018-10-23,7195.77001953125,7263.242417860179,7157.879859090985,7260.843132394456,66100
2018-10-24,7127.5869140625,7184.472187170398,7127.5869140625,7183.9825669927,77900
2018-10-25,6965.048828125,7084.34822920858,6939.3156991329015,7084.34822920858,108300
2018-10-26,7062.51416015625,7063.563694986711,6977.275822783538,6986.00355917136,59300
2018-10-29,7107.2021484375,7107.2021484375,7044.298402435022,7052.836245967408,51300
2018-10-30,7014.25634765625,7095.565517187219,7014.25634765625,7091.9263162863435,47000
2018-10-31,7138.45458984375,7138.45458984375,7030.8221082048085,7030.8221082048085,150600
2018-11-05,7211.58544921875,7241.1281451481,7187.781511916368,7202.277784133655,71402900
2018-11-06,7178.26416015625,7274.669547810275,7160.328830351569,7211.355749174771,0
2018-11-07,7132.09619140625,7183.762593138511,6992.461687593848,7179.413613801467,0
2018-11-08,7004.73876953125,7025.193470539592,6945.0441590709825,7023.27404224584,0
2018-11-09,6967.0283203125,7037.5804910046045,6940.205627664576,7037.5804910046045,84800
2018-11-12,6924.41943359375,6924.41943359375,6924.41943359375,6924.41943359375,0
2018-11-13,6842.07080078125,6911.73257639651,6818.467006659679,6910.363299567544,0
2018-11-14,6921.30029296875,6930.617721247454,6859.325995040784,6865.564625176574,0
2018-11-15,6950.802734375,6969.837879342914,6896.7765858860275,6910.41321651327,0
2018-11-16,7081.51904296875,7120.019397660513,7007.278366112925,7007.278366112925,162700
2018-11-19,7268.390625,7268.390625,7097.854890156133,7103.983197012152,0
2018-11-20,7301.0625,7309.660386741253,7169.956076816438,7232.950132032756,0
2018-11-21,7263.58251953125,7265.261775246354,7201.088334675666,7260.373383754772,0
2018-11-22,7266.51123046875,7277.008530988271,7226.491736705226,7258.943352401687,0
2018-11-23,7338.29296875,7346.250883130891,7262.50240140472,7276.048722351213,87300
2018-11-26,7395.96826171875,7426.380363194925,7330.545143710109,7350.399901388126,0
2018-11-27,7411.72412109375,7411.72412109375,7347.830881865118,7397.987906965116,0
2018-11-28,7380.5322265625,7421.871205365054,7348.390101482491,7418.352090795742,0
2018-11-29,7365.9560546875,7480.426620331881,7365.9560546875,7407.445386340267,344400
2018-12-03,7530.96337890625,7537.7316580318575,7466.700118503033,7466.700118503033,0
2018-12-04,7701.939453125,7701.939453125,7521.036263352981,7535.472492642153,0
2018-12-05,7628.93798828125,7632.127109549511,7549.018599535526,7578.011143598672,0
2018-12-06,7533.3828125,7635.216980078375,7533.3828125,7631.957564245381,0
2018-12-07,7459.14208984375,7536.252145352386,7448.035082506618,7528.014517399409,88300
2018-12-10,7346.32080078125,7443.59559054468,7346.32080078125,7443.59559054468,0
2018-12-11,7449.16455078125,7449.16455078125,7377.1527949219935,7384.211038512396,0
2018-12-12,7486.3154296875,7486.3154296875,7423.751437374914,7454.063468075033,0
2018-12-13,7520.98583984375,7554.297585960172,7511.628382907852,7512.4182188576815,0
2018-12-14,7522.435546875,7557.326476199888,7501.1607447506585,7504.469952304257,128800
2018-12-17,7518.466796875,7536.20247115419,7488.63462340396,7499.341831364979,0
2018-12-18,7418.4921875,7480.286355310527,7395.328222393432,7476.43724747808,0
2018-12-19,7577.67138671875,7577.67138671875,7404.625556443348,7410.374078110658,0
2018-12-20,7561.4658203125,7582.490199313829,7496.262371716375,7512.138172266219,0
2018-12-21,7477.787109375,7546.18944215171,7450.324444611275,7534.932571138672,123500
2018-12-26,7448.0947265625,7451.304350529223,7376.983127820543,7434.818355000073,0
2018-12-27,7480.736328125,7512.398107509876,7445.305498499133,7463.12074115487,0
2018-12-28,7464.1005859375,7505.359995389793,7464.1005859375,7495.232716861412,82400
2019-01-02,7487.27490234375,7538.321346470657,7463.840498626085,7494.6426366959295,0
2019-01-03,7678.62548828125,7678.62548828125,7488.354105326928,7505.549878632491,0
2019-01-04,7759.11474609375,7799.494499883074,7655.211775379039,7655.211775379039,160400
2019-01-07,7785.658203125,7898.669183284709,7785.658203125,7798.874531327483,0
2019-01-08,7700.14013671875,7824.068231326223,7700.14013671875,7818.249415051275,0
2019-01-09,7853.20068359375,7856.339524845969,7763.913586094576,7773.210999856594,0
2019-01-10,7983.17724609375,7990.275518553411,7896.599410413394,7929.831099840797,0
2019-01-11,7902.05810546875,7963.392433144593,7853.67064427083,7963.392433144593,138400
2019-01-14,8022.0771484375,8022.0771484375,7816.939960901115,7884.372326765236,0
2019-01-15,8011.35986328125,8025.8561356780665,7974.379626366485,8007.021135201276,0
2019-01-16,7862.67822265625,7988.595548686654,7846.682336171286,7981.407455776159,0
2019-01-17,7925.162109375,7935.939123044724,7863.107755174012,7864.397462567018,0
2019-01-18,8045.05126953125,8055.49829002973,7917.463962414494,7930.070583804768,169200
2019-01-21,8005.4013671875,8065.006156967655,7962.012622285455,8053.409041516581,0
2019-01-22,8006.611328125,8027.735779593079,7977.089133471512,8021.777350637601,0
2019-01-23,7987.59619140625,7987.59619140625,7899.609048376793,7939.008586231315,0
2019-01-24,8062.82666015625,8066.40581795129,7998.593176890761,7998.593176890761,0
2019-01-25,8051.1298828125,8114.143464304503,8036.873294924876,8073.584069754973,76400
2019-01-28,8051.849609375,8141.516495398453,8040.13289544444,8069.045383265422,0
2019-01-29,8048.75,8085.310910461431,8012.8793417201605,8084.851067777514,0
2019-01-30,7977.89892578125,8044.881703235341,7910.1263123465105,8036.703630192194,0
2019-01-31,8005.42138671875,8097.147799275881,7997.353637121447,7997.353637121447,0
2019-02-01,8142.06640625,8163.560878899833,8036.583277558613,8036.583277558613,107200
2019-02-04,8067.40576171875,8146.7852547218,8066.666205772967,8129.459631205161,46700
2019-02-06,8056.37841796875,8211.598267275225,8056.37841796875,8089.369933874329,0
2019-02-07,8098.21728515625,8124.9906736087705,8085.650692534487,8091.089235377165,0
2019-02-08,8068.8154296875,8094.388932184899,8033.774146764487,8089.620138837242,108500
2019-02-11,8059.4677734375,8103.496491752521,8059.4677734375,8086.260689079762,0
2019-02-12,8007.86083984375,8081.451780495525,7982.367395039346,8074.5238743859945,0
2019-02-13,7918.2041015625,8038.363144577263,7887.431741107796,8038.272835768543,0
2019-02-14,7989.19580078125,7994.154486730747,7918.5840738079605,7958.143726363704,0
2019-02-15,7906.85693359375,7997.783259439352,7906.85693359375,7963.122250444956,153100
2019-02-18,7908.54638671875,7962.002367017091,7908.54638671875,7922.562801913408,0
2019-02-19,7831.736328125,7936.749366559141,7828.617012966188,7921.3231571172555,0
2019-02-20,7937.19921875,7942.547452850289,7846.45253432673,7847.0622408246545,0
2019-02-21,7929.2607421875,7944.617144748244,7890.550970102121,7944.617144748244,0
2019-02-22,7960.0830078125,7960.0830078125,7892.530554195082,7938.248778569025,73500
2019-02-26,7986.1064453125,7994.094137287577,7942.987162793981,7994.094137287577,0
2019-02-27,7887.091796875,7970.640135000313,7875.604516679356,7960.053013936096,0
2019-02-28,7703.50927734375,7917.954132859716,7703.50927734375,7917.954132859716,0
2019-03-01,7639.8056640625,7752.456874837089,7586.039703270869,7709.717863939885,144200
2019-03-04,7673.4970703125,7696.460892013267,7593.967227455748,7629.937958497465,0
2019-03-05,7668.6484375,7732.721807400276,7665.169351536088,7698.400553583699,0
2019-03-06,7819.3291015625,7819.3291015625,7672.5870511565845,7672.5870511565845,0
2019-03-07,7879.763671875,7879.763671875,7793.2058530373615,7804.492989489593,0
2019-03-08,7795.10546875,7882.433111411885,7795.10546875,7866.477253284142,77300
2019-03-11,7706.73828125,7821.78828380835,7706.73828125,7813.270454798024,127600
2019-03-12,7745.54833984375,7771.611462161217,7726.283274153674,7726.283274153674,0
2019-03-13,7764.1533203125,7764.1533203125,7722.804090145584,7723.633954867663,85400
2019-03-14,7748.42724609375,7761.974055207315,7716.785481114752,7739.789330801886,109900
2019-03-15,7796.27490234375,7796.27490234375,7699.760171201115,7746.077850033597,340800
2019-03-18,7870.99609375,7870.99609375,7758.514762976546,7792.576316984421,83500
2019-03-19,7841.39404296875,7876.77459465639,7841.39404296875,7861.678866568024,98600
2019-03-20,7856.18017578125,7873.595619711995,7821.588972384667,7846.142717599168,87800
2019-03-21,7952.67529296875,7952.67529296875,7867.287093128548,7873.755156516855,134100
2019-03-22,8011.35986328125,8030.334964450992,7949.016031229301,7954.62445234888,166500
2019-03-25,7860.99853515625,7992.2845986860875,7806.312402581712,7992.2845986860875,87100
2019-03-26,7904.9970703125,7908.656285620813,7867.407126929177,7873.275246889321,76200
2019-03-27,7859.02880859375,7913.8750561168445,7838.624387743421,7913.8750561168445,83500
2019-03-28,7874.375,7896.439638559105,7854.070162812699,7895.6898313726715,87900
2019-03-29,7918.89404296875,7918.89404296875,7885.442683157993,7889.061381612261,129100
2019-04-01,7838.29443359375,7921.792981392618,7807.60213083661,7921.123231744388,90900
2019-04-02,7877.1845703125,7891.470936048449,7852.331097384379,7852.331097384379,93500
2019-04-03,7893.0302734375,7893.0302734375,7858.488863196847,7878.453943786348,74400
2019-04-04,7852.11083984375,7895.579643014677,7833.72591879056,7890.591179623392,128600
2019-04-05,7871.15625,7884.602499570833,7864.387970809598,7864.387970809598,96700
2019-04-08,7913.59521484375,7953.22516228917,7877.444841513489,7877.444841513489,132600
2019-04-10,8006.47119140625,8006.47119140625,7951.095780885964,7974.389596355269,172600
2019-04-11,7953.75439453125,7997.463369050498,7953.75439453125,7988.65557549405,104500
2019-04-12,7878.7939453125,7977.478531424517,7878.7939453125,7968.910910203235,93500
2019-04-15,7785.97802734375,7912.715459780863,7785.97802734375,7885.752177813934,112000
2019-04-16,7824.44775390625,7857.6994564984825,7797.124702428756,7798.05463905894,163500
2019-04-17,7833.1357421875,7858.719495783391,7821.8486054238865,7830.696428010189,129800
2019-04-22,7830.41650390625,7856.8193821042105,7816.030066807278,7838.214303309697,84200
2019-04-23,7816.919921875,7832.765456301325,7767.722612862249,7825.017448833221,90800
2019-04-24,7844.97314453125,7844.97314453125,7797.055289329979,7797.055289329979,166600
2019-04-25,7892.4208984375,7892.4208984375,7829.606971010527,7846.432722903288,133200
2019-04-26,7866.2568359375,7897.53883027335,7837.50446450119,7890.870623247544,104900
2019-04-29,7894.98974609375,7894.98974609375,7844.312836747863,7859.199145307512,0
2019-04-30,7950.67578125,7950.67578125,7886.842097761618,7889.541110769742,106600
2019-05-02,7999.5126953125,8038.712575735072,7944.746993527639,7950.475500871899,131000
2019-05-03,7965.931640625,8075.433268805007,7965.931640625,8002.21235055601,168900
2019-05-06,7860.27880859375,7972.310062264473,7849.142023591445,7970.810447837934,121700
2019-05-07,7908.59619140625,7920.013177409224,7859.318823993207,7869.486131350396,0
2019-05-08,7924.65234375,7924.65234375,7752.956744268104,7900.608721192245,143900
2019-05-09,7753.62646484375,7861.998502011524,7753.62646484375,7855.730094245541,168200
2019-05-10,7740.2099609375,7839.634103113732,7717.445794739211,7753.946175048831,117200
2019-05-14,7644.6943359375,7716.325818365818,7575.772117763929,7716.325818365818,182100
2019-05-15,7574.76220703125,7709.207616570319,7574.76220703125,7669.188121918894,116000
2019-05-16,7473.23828125,7584.169714213454,7473.23828125,7558.006520665012,178700
2019-05-17,7581.8701171875,7634.946800345748,7480.546563553617,7480.546563553617,134400
2019-05-20,7658.1708984375,7658.1708984375,7532.0133974382,7584.999772409539,83800
2019-05-21,7719.5751953125,7738.89005327969,7637.62605129749,7660.510303999082,96500
2019-05-22,7813.060546875,7836.534490571994,7723.443945053687,7729.042114752713,111600
2019-05-23,7802.0234375,7819.879197322658,7762.11377868702,7805.49276018193,82300
2019-05-24,7745.09814453125,7768.632131685439,7662.549548187445,7768.632131685439,85800
2019-05-27,7723.02392578125,7740.459872121646,7691.962088567921,7716.815561215565,69900
2019-05-28,7759.294921875,7782.6590315402655,7700.91979492457,7726.403476780019,350900
2019-05-29,7795.74560546875,7814.370699510742,7776.480539253747,7776.480539253747,96800
2019-05-30,7834.53515625,7906.466854347249,7807.102269202678,7808.552091693746,159300
2019-05-31,7967.97119140625,7967.97119140625,7870.746191159659,7870.746191159659,148600
2019-06-03,8082.80126953125,8137.647516560718,7949.82570056339,7961.282715158167,166500
2019-06-04,7943.32763671875,8081.29216168102,7943.32763671875,8073.703780862199,105000
2019-06-06,7957.8134765625,7978.338471907217,7935.689283083613,7978.338471907217,119900
2019-06-07,7981.927734375,7981.927734375,7919.763541727872,7953.75480218101,60300
2019-06-10,8043.32177734375,8052.978961944451,7965.191966267225,7979.537886554614,90200
2019-06-11,8028.91552734375,8106.175446867866,8028.91552734375,8043.911671426172,106100
2019-06-13,8049.68994140625,8049.68994140625,7951.23527667649,8030.155413556211,113400
2019-06-14,7988.14599609375,8056.1382770995915,7942.77729183194,8056.1382770995915,96300
2019-06-17,7906.95703125,7989.72529891313,7906.95703125,7989.72529891313,59500
2019-06-18,7920.00341796875,7933.100147813794,7873.475343554849,7896.409387494245,73900
2019-06-19,8014.94873046875,8014.94873046875,7935.919248124782,7939.448613989774,84200
2019-06-20,8020.357421875,8020.357421875,7950.8152466159845,7982.74697651875,109900
2019-06-21,8053.3994140625,8053.3994140625,7996.963730268935,8030.794874889895,219200
2019-06-24,8058.5078125,8101.8267510506075,8058.5078125,8065.506012895104,101300
2019-06-25,8032.0244140625,8097.997683455552,8032.0244140625,8072.074173887389,105100
2019-06-26,8011.509765625,8049.520011301441,7981.087900723494,8022.977031806022,114400
2019-06-27,8055.56884765625,8055.56884765625,8001.162914912938,8001.312778722939,104800
2019-06-28,7997.6533203125,8040.152645283128,7949.295638569351,8030.234785559161,122000
2019-07-01,8041.64208984375,8041.64208984375,7991.605151923558,8009.410631920427,75200
2019-07-02,8091.51953125,8091.51953125,8020.457725194402,8036.153884565103,119000
2019-07-03,8090.599609375,8120.3019321079355,8090.179307302998,8098.267559371531,101300
2019-07-04,8062.8466796875,8110.75428282845,8062.8466796875,8094.1984813150475,69800
2019-07-05,8115.85302734375,8123.071386055526,8070.134802879603,8070.134802879603,84800
2019-07-08,8049.4501953125,8106.455556565922,8049.4501953125,8106.1655920644835,82400
2019-07-09,8039.97265625,8051.549757461883,8008.630617824088,8043.051942573349,89300
2019-07-10,8076.13330078125,8076.13330078125,8018.808197347416,8049.3804142717145,86800
2019-07-11,8152.39404296875,8152.39404296875,8081.142344092522,8096.2883520058185,89700
2019-07-12,8139.7265625,8195.411949137653,8139.7265625,8157.532042128031,142200
2019-07-15,8363.1396484375,8363.1396484375,8151.783837513952,8151.783837513952,139400
2019-07-16,8261.4462890625,8417.425717895681,8261.4462890625,8352.692360885621,179700
2019-07-17,8231.3642578125,8309.543377402411,8229.983753352984,8284.7304206566,87300
2019-07-18,8255.9267578125,8298.356276567789,8239.471028536162,8239.471028536162,70100
2019-07-19,8267.9443359375,8309.78318708611,8262.435010389556,8278.101880328924,110600
2019-07-22,8244.7099609375,8244.7099609375,8160.901434073746,8160.901434073746,76600
2019-07-23,8249.3388671875,8262.76510249524,8224.11586041209,8245.809501230731,92600
2019-07-24,8159.39208984375,8241.71076578151,8159.39208984375,8215.527069093163,72500
2019-07-25,8270.052734375,8270.052734375,8113.353289399621,8167.819261908065,96200
2019-07-26,8181.88623046875,8233.342724793352,8174.937821966555,8208.408706985629,75500
2019-07-29,8186.4150390625,8203.04113507281,8113.973705032204,8187.914653465262,54600
2019-07-30,8148.36474609375,8174.498163044201,8118.632645109326,8174.498163044201,118900
2019-07-31,8043.7314453125,8140.0670252125965,8021.387581422748,8140.0670252125965,105100
2019-08-01,8096.078125,8096.078125,7973.479282087947,8033.684014357042,90800
2019-08-02,8127.84033203125,8127.84033203125,8004.491676547822,8081.2419619187485,75200
2019-08-05,7887.99169921875,8099.917185110913,7887.99169921875,8099.917185110913,124800
2019-08-06,7764.75341796875,7830.676408333425,7718.035450277458,7830.676408333425,163600
2019-08-07,7915.35498046875,7915.35498046875,7790.307054037472,7790.307054037472,96000
2019-08-08,7912.12548828125,7957.293560441001,7908.426244259693,7929.870924896667,136100
2019-08-09,7852.37109375,7939.918407342872,7852.37109375,7916.50450577343,101200
2019-08-13,7786.44775390625,7848.851627372002,7620.310303706668,7847.412056180394,235500
2019-08-14,7856.6298828125,7856.6298828125,7856.6298828125,7856.6298828125,0
2019-08-15,7826.84716796875,7826.84716796875,7622.240115267302,7717.035562575612,198000
2019-08-16,7793.97607421875,7883.9129115299165,7775.070778702153,7800.5544609772105,167300
2019-08-19,7936.3095703125,7936.3095703125,7763.153895552776,7811.911378907467,214000
2019-08-20,7884.8828125,7915.554613733836,7843.133293138468,7915.554613733836,123600
2019-08-22,7846.8125,7846.8125,7753.426355263312,7840.073998233465,268000
2019-08-23,7887.3818359375,7887.3818359375,7745.398328906512,7804.0429158243705,159400
2019-08-27,7745.38818359375,7830.40636053229,7721.954268136104,7830.40636053229,282700
2019-08-28,7845.482421875,7845.482421875,7732.431416434549,7760.584332759064,180200
2019-08-29,7890.78125,7890.78125,7798.965013236975,7849.241637332793,132300
2019-08-30,7977.60888671875,7984.206799583201,7900.978200016945,7916.404409282226,235800
2019-09-02,7916.494140625,7954.634723793799,7916.494140625,7952.105100822664,88800
2019-09-03,7802.70361328125,7802.70361328125,7802.70361328125,7802.70361328125,0
2019-09-04,7838.84423828125,7850.141626319493,7792.576350122726,7836.754931760761,101200
2019-09-05,7896.15966796875,7914.924862562596,7852.141200912461,7859.809151191593,230800
2019-09-06,7931.4306640625,7967.291071540084,7913.585155341436,7913.585155341436,104900
2019-09-09,7958.07373046875,7958.963150195537,7925.852035679488,7950.835357412328,52800
2019-09-10,7927.44140625,7936.2892286522665,7891.710848416407,7931.180679055593,77700
2019-09-11,7965.8515625,7965.8515625,7919.553409017929,7929.3409313159955,107400
2019-09-12,7942.3876953125,7958.193689204922,7935.949409588817,7945.20679456599,110100
2019-09-13,7990.26513671875,7993.07447289493,7939.488154898789,7948.116307273068,92800
2019-09-16,7994.84423828125,7994.84423828125,7909.656181213575,7979.558129639813,85700
2019-09-17,7930.19091796875,7967.621235047325,7908.216587683371,7967.621235047325,76700
2019-09-18,7913.25537109375,7930.650800698815,7890.921269920999,7930.650800698815,76200
2019-09-19,7909.2861328125,7917.814213449788,7883.153203857914,7909.846047437054,62600
2019-09-20,7869.08642578125,7904.217528974662,7862.088225281289,7900.2986147996,168900
2019-09-23,7865.4873046875,7875.414927768694,7821.118830386978,7870.096471090245,88400
2019-09-24,7891.91064453125,7891.91064453125,7848.25194889266,7863.357927878037,171700
2019-09-25,7894.21044921875,7894.21044921875,7788.2874891634565,7887.9718189407295,109700
2019-09-26,7894.4501953125,7903.7080688763735,7863.078378678917,7891.640859042524,92500
2019-09-27,7817.2099609375,7906.356957996618,7806.182523287925,7906.356957996618,167300
2019-09-30,7777.06982421875,7823.188335187283,7773.51068091659,7823.188335187283,156900
2019-10-01,7737.8701171875,7790.5767788347575,7708.567593558933,7783.238821995592,119400
2019-10-02,7608.7236328125,7719.5750107804815,7608.7236328125,7719.5750107804815,136700
2019-10-03,7543.60986328125,7585.739165879466,7512.11796185006,7585.739165879466,116800
2019-10-04,7702.61962890625,7702.61962890625,7568.484195432217,7568.484195432217,137100
2019-10-07,7681.2451171875,7713.8666119539375,7653.491999509406,7695.441173951376,88800
2019-10-08,7754.72607421875,7790.546452792955,7689.072546975526,7704.788720379313,167400
2019-10-09,7679.275390625,7740.4696163940425,7674.496834202169,7740.4696163940425,66000
2019-10-10,7763.03369140625,7763.03369140625,7704.798665265225,7709.237953487182,97200
2019-10-11,7847.921875,7872.135863299051,7747.557546626785,7764.723542605579,78800
2019-10-14,7882.26318359375,7906.306805672809,7851.900873810317,7852.020960118666,119800
2019-10-15,7838.29443359375,7885.4322144115395,7814.070682286094,7885.4322144115395,153200
2019-10-16,7913.26513671875,7913.26513671875,7812.461465632574,7836.815067087391,169400
2019-10-17,7928.51123046875,7928.51123046875,7892.550750044164,7911.515600375323,77600
2019-10-18,7883.203125,7932.050429119204,7883.203125,7932.050429119204,122600
2019-10-21,7889.10107421875,7889.9211758165,7847.771858937868,7872.775194554975,61600
2019-10-22,7953.1953125,7953.1953125,7881.993405057533,7882.963370504219,106000
2019-10-23,7931.72021484375,7931.72021484375,7888.621433919155,7927.0514934768435,74300
2019-10-24,7948.93603515625,7966.0917800731795,7912.545490075373,7925.562162571671,86600
2019-10-25,7920.46337890625,7983.467198008203,7915.124907859112,7983.467198008203,170300
2019-10-28,7944.48681640625,7952.664889150837,7910.835801982086,7932.969758550164,88000
2019-10-29,7989.1357421875,7989.1357421875,7926.691837081972,7945.517074784951,141700
2019-10-30,8017.99853515625,8018.7083136012125,7963.722451124901,8018.7083136012125,104300
2019-10-31,7975.0693359375,8018.618195984644,7965.491720686859,8018.368260255372,133700
2019-11-04,8057.578125,8057.7480031956475,8000.4131358532195,8000.4131358532195,109100
2019-11-05,8102.7666015625,8214.567443618098,8053.489233382572,8053.808975384809,133300
2019-11-06,8023.81640625,8214.807328374687,8023.81640625,8214.807328374687,153700
2019-11-07,8071.734375,8080.961982547058,8018.848072611985,8080.961982547058,92700
2019-11-08,8063.68603515625,8063.68603515625,7987.425861756266,8042.83153500697,245300
2019-11-11,8007.32080078125,8057.508090435429,8000.712636788948,8053.169362389069,105400
2019-11-12,8010.2802734375,8010.2802734375,7960.673399246677,8007.911253643874,96700
2019-11-13,7945.42724609375,7986.726197409394,7912.415714655717,7986.726197409394,95000
2019-11-14,7931.67041015625,7931.67041015625,7879.214172197736,7924.032237518226,106800
2019-11-15,7930.92041015625,7944.376910560231,7903.497286627466,7936.548845535264,120500
2019-11-18,7878.9140625,7923.152687569818,7857.01978975761,7923.152687569818,67000
2019-11-19,7910.10595703125,7910.10595703125,7880.23326806179,7880.23326806179,296600
2019-11-20,7896.02978515625,7896.02978515625,7849.8317029403015,7894.530170745892,120500
2019-11-21,7816.8798828125,7880.013549177019,7742.189129970801,7880.013549177019,139300
2019-11-22,7816.8798828125,7880.013549177019,7742.189129970801,7880.013549177019,141800
2019-11-25,7769.6220703125,7801.863778989617,7748.237432897007,7785.477856097708,151300
2019-11-26,7705.818359375,7815.1906264243125,7705.818359375,7758.384920731017,934800
2019-11-27,7834.87548828125,7840.503923806061,7742.039008555526,7745.4385250338255,0
2019-11-28,7766.6630859375,7824.8078029438,7746.958191791063,7806.572745696608,157200
2019-11-29,7736.970703125,7771.831857137424,7710.4077085358995,7752.706891557864,115000
2019-12-02,7875.1650390625,7875.1650390625,7751.766592115275,7767.262607701218,112900
2019-12-03,7853.16064453125,7886.431873605448,7827.337207202361,7856.939457921853,123600
2019-12-04,7813.9208984375,7846.512127280042,7770.051807873833,7846.512127280042,250600
2019-12-05,7788.9072265625,7815.960328408756,7775.070452679317,7787.737605457398,171400
2019-12-06,7799.71435546875,7809.1816473195095,7758.754674262105,7794.4354396146655,152400
2019-12-09,7777.7998046875,7836.475146472699,7777.7998046875,7823.118229536255,171600
2019-12-10,7734.19140625,7775.450816338925,7733.621240362424,7758.174985207643,117800
2019-12-11,7784.40869140625,7799.09485682322,7749.537286169048,7750.23730149921,254700
2019-12-12,7739.07958984375,7785.738001005456,7718.515054140951,7742.158876078546,327800
2019-12-13,7875.60498046875,7882.143338449424,7802.973752391209,7816.390224747552,390100
2019-12-16,7699.6201171875,7890.261034708482,7699.6201171875,7880.733211379405,0
2019-12-17,7728.462890625,7728.462890625,7629.118319000138,7706.088272962844,0
2019-12-18,7731.681640625,7749.2972277835515,7680.964702537163,7749.2972277835515,0
2019-12-19,7651.97216796875,7749.217180070864,7615.791530738643,7749.217180070864,194600
2019-12-20,7771.1220703125,7771.1220703125,7467.490176705649,7642.025379777353,303800
2019-12-23,7870.576171875,7870.576171875,7743.26857710689,7743.968592409821,124400
2019-12-26,7840.263671875,7840.263671875,7770.971919843542,7792.52594756674,96200
2019-12-27,7813.25048828125,7889.961229882433,7813.25048828125,7846.372341666564,177800
2020-01-02,7740.53955078125,7740.53955078125,7642.01507853862,7719.27499875548,101100
2020-01-03,7837.7744140625,7888.9111656686155,7735.71081780641,7735.71081780641,118900
2020-01-06,7795.86572265625,7800.85418616647,7695.911441426276,7800.85418616647,102100
2020-01-07,7838.6845703125,7838.6845703125,7779.209629214972,7785.3179218210435,248600
2020-01-08,7734.25146484375,7765.623280771958,7719.305112805506,7760.484465437625,122300
2020-01-09,7795.6357421875,7795.6357421875,7734.6411710541315,7734.6411710541315,135500
2020-01-10,7774.77099609375,7792.8962186089075,7727.063047760091,7792.8962186089075,102200
2020-01-14,7791.24658203125,7791.24658203125,7682.304380261183,7759.594564686832,187100
2020-01-15,7662.4296875,7782.1391413846595,7662.4296875,7782.1391413846595,132800
2020-01-16,7651.212890625,7677.305790975394,7612.772579112013,7672.507220099761,121400
2020-01-17,7720.5947265625,7720.5947265625,7646.973521542615,7689.892660663746,109300
2020-01-20,7550.65869140625,7725.463843604246,7512.018724073093,7725.463843604246,149200
2020-01-21,7464.73046875,7584.639577486207,7440.216752520742,7568.2541422959075,152700
2020-01-22,7466.81005859375,7476.177767086197,7423.950961656813,7467.220109408427,140400
2020-01-23,7614.39208984375,7614.39208984375,7493.673132198726,7501.711104331648,119100
2020-01-24,7621.4501953125,7633.657017097574,7579.171028920224,7620.160487916029,106100
2020-01-27,7585.67919921875,7622.409988144574,7578.721027599103,7614.941693798497,0
2020-01-28,7466.7802734375,7561.175923502318,7466.7802734375,7561.175923502318,101500
2020-01-29,7460.3916015625,7470.6087007742035,7421.761398690159,7470.6087007742035,120400
2020-01-30,7390.77978515625,7482.72586962928,7390.77978515625,7464.530841084289,0
2020-01-31,7198.93896484375,7444.345589624381,7198.93896484375,7411.2642521294365,219400
2020-02-03,7135.19482421875,7217.753670651837,7127.356996126169,7204.36746475032,128900
2020-02-04,7225.0419921875,7274.529266599215,7156.359946654977,7170.566254458892,132800
2020-02-05,7350.9599609375,7350.9599609375,7279.548147124232,7289.565590891447,137600
2020-02-06,7504.2802734375,7504.580001051569,7371.694250071478,7371.694250071478,141000
2020-02-07,7505.2705078125,7505.2705078125,7427.700119980145,7445.415779933098,96700
2020-02-10,7428.94970703125,7508.909128067797,7412.103940814422,7508.909128067797,119500
2020-02-11,7437.4873046875,7442.7462062334225,7401.326681749069,7442.7462062334225,104800
2020-02-12,7381.2021484375,7438.397402598818,7381.2021484375,7433.33864477766,0
2020-02-13,7401.216796875,7401.216796875,7331.0248867110495,7388.200124752309,119200
2020-02-14,7280.1279296875,7403.246172421779,7280.1279296875,7403.246172421779,145100
2020-02-17,7324.96630859375,7346.1508019043895,7291.075122173542,7303.7818152831105,92800
2020-02-18,7321.0078125,7344.111735468814,7309.620603577489,7327.145882761571,92400
2020-02-19,7395.03857421875,7395.03857421875,7318.108646940911,7318.108646940911,114200
2020-02-20,7411.09423828125,7471.069050142805,7411.09423828125,7425.000818456344,0
2020-02-21,7367.88525390625,7429.119508518675,7364.906039493785,7428.659665822207,183300
2020-02-24,7185.59228515625,7268.601214220105,7178.254328240546,7265.991533693805,120700
2020-02-26,6908.0634765625,7100.054146373065,6877.3213817082415,7100.054146373065,225400
2020-02-27,6966.048828125,6977.775793516083,6888.249006737003,6888.249006737003,215900
2020-02-28,6786.1650390625,6857.1467855327,6768.22970987111,6857.1467855327,247900
2020-03-02,6747.544921875,6864.364983890368,6699.027611018971,6757.632660244838,155300
2020-03-03,6788.79443359375,6884.339690221875,6788.79443359375,6853.137752251352,170500
2020-03-04,6865.494140625,6865.494140625,6708.454937144994,6789.394082657433,171100
2020-03-05,6883.0,6939.415668032552,6871.203228948294,6897.246336438509,0
2020-03-06,6768.63916015625,6869.373507738208,6743.585544718204,6869.373507738208,227000
2020-03-09,6310.98681640625,6573.849389720472,6310.98681640625,6573.849389720472,242800
2020-03-10,6316.75537109375,6385.887494381985,6102.180671534915,6164.234537049267,240000
2020-03-11,6351.62646484375,6494.040038953296,6335.051137293381,6382.638509725134,192100
2020-03-12,5734.79541015625,6234.247062411433,5695.66533509993,6234.247062411433,265100
2020-03-13,5792.45068359375,5876.888935183562,5096.5895526795,5361.541452220114,334700
2020-03-16,5333.99853515625,5531.747490764505,5333.99853515625,5505.5442677122255,246600
2020-03-19,4622.2314453125,4622.2314453125,4622.2314453125,4622.2314453125,0
2020-03-20,4777.53125,4934.93120516328,4676.457631144694,4760.665957909936,217900
2020-03-23,4742.15087890625,4742.15087890625,4508.061162573171,4526.126342115061,217800
2020-03-24,4773.04248046875,4863.609032161239,4770.552886371731,4815.821517546817,0
2020-03-25,5026.46728515625,5072.275818680774,4962.723910181481,5005.472683602299,446800
2020-03-26,5400.19140625,5400.19140625,5074.954729123688,5126.951611909679,262200
2020-03-27,5265.26611328125,5640.489445917775,5265.26611328125,5492.167724714355,275100
2020-03-30,5129.8408203125,5233.644201404219,4983.5083381529275,5233.644201404219,0
2020-03-31,5319.86181640625,5338.716830547873,5224.926271028012,5226.026085833476,0
2020-04-01,5407.12939453125,5407.12939453125,5289.489727649208,5320.42171385591,163800
2020-04-02,5340.9365234375,5340.9365234375,5246.220647259834,5278.772334496497,131200
2020-04-03,5345.595703125,5371.319069350869,5314.033506204993,5369.469447287489,123300
2020-04-06,5569.3779296875,5569.3779296875,5344.5656215065155,5379.126558607589,220400
2020-04-07,5648.55712890625,5712.160889145335,5596.540720784646,5693.216054148185,231100
2020-04-08,5509.41357421875,5592.272153584022,5497.1266941882095,5592.272153584022,186900
2020-04-13,5609.53759765625,5609.53759765625,5520.070856184172,5550.532750066811,169100
2020-04-14,5779.3935546875,5779.3935546875,5639.3997727370315,5656.305093043212,205000
2020-04-15,5944.52099609375,5944.52099609375,5806.186943861886,5823.262142315623,279200
2020-04-16,5524.1796875,5827.261425277687,5524.1796875,5827.261425277687,251800
2020-04-17,5788.48193359375,5788.48193359375,5693.476087185905,5702.933616490432,197200
2020-04-20,5732.17578125,5815.4043776793,5702.7336457369065,5812.435414633345,121500
2020-04-21,5590.8125,5702.833502042011,5569.648019899366,5702.833502042011,139200
2020-04-22,5572.31689453125,5576.475981134661,5460.535584196111,5516.251235543572,113900
2020-04-23,5598.1103515625,5670.62197994238,5598.1103515625,5630.392089958115,82000
2020-04-24,5463.5751953125,5621.314422827014,5463.5751953125,5621.314422827014,135700
2020-04-27,5449.048828125,5491.7975997714575,5389.584140575175,5491.7975997714575,86600
2020-04-28,5573.546875,5573.546875,5465.065002917053,5469.423745450976,126700
2020-04-29,5642.51953125,5654.555987475798,5554.801848963986,5587.8333956637025,127400
2020-04-30,5699.24462890625,5715.410394403425,5653.506388659139,5693.665985105618,161300
2020-05-04,5570.6572265625,5599.9499862529865,5500.635195207447,5599.9499862529865,135600
2020-05-05,5670.2119140625,5702.493652372335,5601.959444604369,5608.55784558326,263900
2020-05-06,5637.8203125,5701.114095753719,5593.371781041449,5688.317093401424,269200
2020-05-07,5651.70703125,5668.882302771554,5598.380410164104,5660.494810863775,171900
2020-05-08,5620.49462890625,5694.845626704159,5620.49462890625,5673.011397635123,174600
2020-05-11,5666.47314453125,5680.219609875906,5625.743383078953,5640.079540544928,116800
2020-05-12,5650.216796875,5666.902447059108,5632.371288733621,5665.962747325209,130000
2020-05-13,5624.8037109375,5659.7249075352465,5606.328480949732,5654.735955954541,144200
2020-05-14,5653.24658203125,5653.24658203125,5555.381609228874,5611.527328789716,86900
2020-05-15,5653.24658203125,5653.24658203125,5555.381609228874,5611.527328789716,121300
2020-05-18,5477.94140625,5556.561325300083,5465.474397385822,5556.561325300083,81300
2020-05-19,5554.421875,5569.967682354425,5535.5966374563195,5542.164772793687,115500
2020-05-20,5580.52490234375,5580.52490234375,5517.101270626882,5566.968329887262,71700
2020-05-21,5603.04931640625,5612.45656514344,5555.6513493372795,5580.83481439373,101500
2020-05-22,5603.04931640625,5612.45656514344,5555.6513493372795,5580.83481439373,116500
2020-05-26,5495.4169921875,5532.227351028007,5394.742684164197,5525.56939507928,129600
2020-05-27,5522.35986328125,5522.35986328125,5422.385568901862,5498.556413366564,136000
2020-05-28,5568.7880859375,5572.78705751934,5490.677802516873,5531.797598805481,158400
2020-05-29,5837.3388671875,5837.3388671875,5599.280451123463,5599.280451123463,484200
2020-06-01,5928.6455078125,5930.1251078363275,5748.521900556839,5789.831103069646,192500
2020-06-02,6023.62109375,6041.536409135995,5928.52542810738,5931.90493024409,221100
2020-06-03,6244.04443359375,6244.04443359375,6060.4915310611295,6063.110974737252,227700
2020-06-04,6515.81494140625,6515.81494140625,6229.958262752853,6229.958262752853,330100
2020-06-05,6463.4677734375,6463.4677734375,6298.210465398952,6450.9812383115805,219600
2020-06-08,6512.3251953125,6549.575381135516,6429.06682209585,6486.0917075244715,264900
2020-06-09,6582.1474609375,6582.1474609375,6437.315070918561,6525.681998705898,252500
2020-06-10,6437.71484375,6549.63577352928,6347.568100520399,6549.63577352928,221000
2020-06-11,6474.5751953125,6474.5751953125,6261.589928768325,6396.544969046332,211100
2020-06-15,6162.2353515625,6338.689980440079,6162.2353515625,6338.689980440079,211000
2020-06-16,6280.13525390625,6314.606371173858,6195.6970037009505,6225.359298817412,163600
2020-06-17,6280.39501953125,6351.266934442709,6276.40629897346,6347.247948228992,240200
2020-06-18,6346.818359375,6346.818359375,6203.654972924155,6257.2710704556175,162200
2020-06-19,6313.4462890625,6373.390834951986,6258.570752151307,6291.562268213417,335200
2020-06-22,6345.79833984375,6345.79833984375,6247.863563048535,6314.576388168235,226800
2020-06-23,6296.16064453125,6322.894004070788,6256.761108672005,6322.894004070788,219500
2020-06-24,6187.2392578125,6304.588968476225,6187.2392578125,6302.709568881995,209500
2020-06-25,6116.68701171875,6160.636160507169,6107.649784635634,6155.207380601625,253400
2020-06-26,6190.248046875,6190.248046875,6090.443633045331,6136.032007838137,151500
2020-06-29,6103.61083984375,6123.995247124212,6038.877483824604,6123.995247124212,188500
2020-06-30,6206.12451171875,6206.12451171875,6129.644176150271,6132.913355118447,152300
2020-07-01,6208.11376953125,6221.940292667049,6137.861812743992,6221.940292667049,104900
2020-07-02,6362.44384765625,6380.959105616328,6181.4401034427165,6209.912761594459,164400
2020-07-03,6371.02197265625,6397.145138408013,6321.294524721121,6381.7291804448505,114800
2020-07-06,6326.783203125,6379.419569853795,6298.360336377486,6376.650262459057,119000
2020-07-07,6265.78857421875,6347.977399242749,6265.78857421875,6347.487779061126,121800
2020-07-08,6283.88427734375,6286.1239358540715,6226.13935918704,6263.819612184692,347400
2020-07-09,6190.98828125,6280.815283023296,6190.98828125,6280.815283023296,100000
2020-07-10,6195.78662109375,6195.78662109375,6096.961936447428,6155.887213355514,121500
2020-07-13,6170.98291015625,6186.188960744967,6149.528466388221,6186.188960744967,124800
2020-07-14,6171.22314453125,6177.091752621365,6133.712770695567,6156.816692863017,122800
2020-07-15,6014.962890625,6164.734432297243,6009.334455283761,6164.734432297243,204800
2020-07-16,6146.07958984375,6146.07958984375,6033.208225963908,6033.208225963908,103000
2020-07-17,6087.1845703125,6139.6510580743025,6030.748888457049,6114.627708125403,93400
2020-07-20,6149.119140625,6149.119140625,6068.629582104688,6111.008822320237,80300
2020-07-21,6134.732421875,6150.478372572066,6094.173028101216,6112.517919817355,99400
2020-07-22,6062.70068359375,6147.619275645204,6062.70068359375,6136.801744977685,135100
2020-07-23,6027.4599609375,6075.337787117495,5914.309367172133,6075.337787117495,120900
2020-07-24,6001.71630859375,6023.100945840845,5967.185638040009,6000.657010700122,61800
2020-07-27,5859.43310546875,5983.701441080769,5856.773633139602,5983.701441080769,108700
2020-07-28,5925.5859375,5938.0729604970065,5797.61884772176,5848.326021834899,105000
2020-07-29,5964.736328125,5964.736328125,5869.320920542641,5921.577503524842,80500
2020-07-30,5926.92626953125,5966.595757249388,5926.92626953125,5966.595757249388,120600
2020-08-03,5714.45068359375,5814.734958170212,5694.065788020754,5814.734958170212,0
2020-08-04,5774.01513671875,5800.998431987529,5690.276905471799,5690.276905471799,130800
2020-08-05,5832.08056640625,5887.336378874106,5802.088277854616,5810.726193641093,161800
2020-08-06,5901.0625,5901.0625,5817.8739326928835,5858.8531401507835,151500
2020-08-07,5844.51708984375,5905.351543794034,5833.359802713268,5905.351543794034,129400
2020-08-10,5929.39501953125,5929.39501953125,5831.100474380902,5851.615217997742,89900
2020-08-11,5952.4091796875,5982.811517467125,5912.069456066838,5933.384287101031,136900
2020-08-12,5993.458984375,5993.458984375,5965.436404279115,5978.952948487371,0
2020-08-13,6096.21240234375,6096.21240234375,6009.055123646396,6013.713593886835,110700
2020-08-14,6075.34814453125,6075.34814453125,6013.23374345602,6068.109771189349,251900
2020-08-17,6067.2197265625,6079.546635080919,6010.5946380816,6079.546635080919,119400
2020-08-18,6154.86767578125,6154.86767578125,6057.42251571969,6096.512562670378,135000
2020-08-19,6040.56689453125,6165.544524416401,6040.56689453125,6165.544524416401,115500
2020-08-20,6003.85595703125,6062.530809673821,5961.107184635805,6056.792539227691,73500
2020-08-24,5942.05224609375,5996.0080994222935,5924.276543179559,5996.0080994222935,626500
2020-08-25,5951.90966796875,5961.357434201086,5891.625362755555,5932.734422263861,80700
2020-08-26,5929.80517578125,5934.304018863584,5894.1844531556035,5934.304018863584,118100
2020-08-27,5920.02734375,5948.999873316589,5918.218238687343,5928.515395242037,116200
2020-08-28,5882.66748046875,5929.8653047475345,5870.750134791837,5916.18864584326,203000
2020-09-01,5797.74951171875,5944.691710275035,5797.74951171875,5920.537764509658,149300
2020-09-02,5736.9150390625,5819.2039392177985,5702.123691778755,5819.2039392177985,140800
2020-09-03,5771.3759765625,5774.485528623629,5721.988772233379,5749.66183295447,121100
2020-09-04,5783.6025390625,5783.6025390625,5694.315441437789,5748.6818317321,92800
2020-09-07,5934.32421875,5934.32421875,5770.526003770651,5786.212400051765,115600
2020-09-08,6032.478515625,6032.478515625,5906.951225023194,5916.018717509674,141500
2020-09-09,5931.314453125,5998.617456920187,5931.314453125,5998.617456920187,120400
2020-09-10,5900.87255859375,5972.053959292244,5900.87255859375,5954.018558548802,117600
2020-09-11,5966.42578125,5966.42578125,5886.846146340442,5905.421448096526,92200
2020-09-14,5995.5986328125,5995.5986328125,5932.9448196038265,5952.699506181947,105400
2020-09-15,6016.66259765625,6016.66259765625,5946.320824848683,5987.899975286633,102700
2020-09-16,5945.09130859375,5995.448476195349,5942.391807470843,5995.448476195349,84400
2020-09-17,5941.9921875,5944.521322353605,5884.816947251324,5944.521322353605,92800
2020-09-18,5907.380859375,5950.56994890571,5884.85686611103,5943.721612252836,170600
2020-09-21,5907.80078125,5923.786905193712,5878.248321330971,5912.079954405325,60400
2020-09-22,5892.7646484375,5892.7646484375,5835.529364667525,5891.6750848340735,78600
2020-09-23,5891.20556640625,5902.062638298405,5875.269234002523,5899.363137036607,83100
2020-09-24,5844.296875,5886.686364669107,5844.296875,5886.686364669107,102000
2020-09-25,5837.1591796875,5878.668525438376,5828.161493367129,5841.308015192971,89300
2020-09-28,5859.88330078125,5870.680329073826,5844.727041877736,5869.010836499425,77100
2020-09-29,5840.09814453125,5876.808429963386,5840.09814453125,5876.768401195462,91500
2020-09-30,5862.72265625,5877.018785358267,5847.996461931584,5861.992863413257,98100
2020-10-01,5943.341796875,5943.341796875,5855.8740546822855,5880.387770552871,77200
2020-10-02,5997.857421875,5997.857421875,5923.336547488345,5940.622141181643,164000
2020-10-05,5937.42333984375,6009.21444850368,5937.42333984375,6004.036092658926,181400
2020-10-06,5909.12060546875,5948.140356690121,5849.345937471091,5936.883485771165,152000
2020-10-07,5866.37158203125,5903.3923370751445,5844.177581291902,5903.3923370751445,175900
2020-10-08,5941.13232421875,5941.13232421875,5823.982274950085,5886.936300425989,189500
2020-10-09,5930.0849609375,5942.181947892322,5907.001053140414,5942.181947892322,175200
2020-10-12,5935.5234375,5952.939369010571,5909.210379893859,5933.8739593327155,146600
2020-10-13,5921.70703125,5944.5410025415085,5919.247702804501,5937.082959669273,128600
2020-10-14,5923.7763671875,5932.30444742991,5911.489487983067,5922.396839152867,133800
2020-10-15,5936.8037109375,5948.9705046991785,5918.028264714515,5928.905839156478,152800
2020-10-16,5896.9541015625,5938.093426941174,5896.9541015625,5919.8178521737245,140600
2020-10-19,6017.71240234375,6017.71240234375,5912.259537476426,5912.259537476426,112200
2020-10-20,6111.138671875,6131.4234953266405,6016.783049673348,6021.061734698944,183300
2020-10-21,6276.9755859375,6289.062809482064,6144.4598604880275,6144.4598604880275,287400
2020-10-22,6342.9990234375,6342.9990234375,6239.705757127889,6308.248192658297,258300
2020-10-23,6482.39306640625,6482.783102824439,6369.282016975758,6369.282016975758,203800
2020-10-26,6489.52099609375,6515.584117518202,6451.541017517086,6494.519710547242,141900
2020-10-27,6413.43115234375,6465.787808368592,6379.549726711921,6465.787808368592,150500
2020-10-28,6376.150390625,6413.380562855214,6376.150390625,6411.951242909628,129000
2020-10-29,6247.78369140625,6324.683840528192,6246.8737691176775,6324.683840528192,164500
2020-10-30,6322.3740234375,6326.75278012938,6201.305062074815,6231.997363997365,147400
2020-11-03,6333.93115234375,6356.785138232342,6249.262985172705,6281.274772186315,92400
2020-11-04,6462.38818359375,6462.38818359375,6332.461629609934,6372.831620697587,126900
2020-11-05,6643.06201171875,6701.027088698091,6475.495231788029,6475.495231788029,202300
2020-11-06,6683.97119140625,6708.005050281289,6569.310734367136,6684.411019712835,196100
2020-11-09,6684.13134765625,6684.13134765625,6617.8881274569685,6663.36666753144,148700
2020-11-10,7033.67138671875,7033.67138671875,6790.833926062912,6790.833926062912,273800
2020-11-11,7022.4541015625,7077.360393816761,6942.324802642186,6967.138734804927,296400
2020-11-13,6968.087890625,6970.867449239811,6915.241617888153,6932.10739768122,191300
2020-11-16,6916.271484375,6989.592963896387,6856.127280758569,6989.592963896387,174100
2020-11-17,6957.35107421875,6969.8078319374,6919.340828911018,6948.733173099342,172000
2020-11-18,7049.966796875,7049.966796875,6968.69814535712,6970.107450905093,181900
2020-11-19,6997.6201171875,7012.5400390625,6974.64990234375,7008.9599609375,0
2020-11-20,7169.7900390625,7169.7900390625,7021.18017578125,7024.22998046875,226700
2020-11-23,7178.6201171875,7263.7099609375,7158.68017578125,7163.97998046875,414300
2020-11-24,7108.669921875,7228.1201171875,7016.10986328125,7211.1298828125,210400
2020-11-25,7001.509765625,7146.1298828125,6994.7900390625,7125.43994140625,268200
2020-11-26,6927.75,6987.31982421875,6843.10986328125,6987.31982421875,186000
2020-11-27,6791.4599609375,6909.02978515625,6791.4599609375,6885.06982421875,594700
2020-12-01,7009.56005859375,7009.56005859375,6740.2998046875,6740.2998046875,172400
2020-12-02,7080.6201171875,7080.6201171875,6988.27001953125,7019.25,0
2020-12-03,7194.1298828125,7194.1298828125,7022.85986328125,7077.6298828125,0
2020-12-04,7134.56005859375,7196.9599609375,7097.35009765625,7184.56982421875,176200
2020-12-07,7203.669921875,7203.669921875,7142.2998046875,7173.7001953125,150500
2020-12-09,7102.66015625,7247.33984375,7102.66015625,7197.06982421875,226200
2020-12-10,7154.43017578125,7166.85009765625,7114.68994140625,7114.68994140625,127900
2020-12-11,7246.16015625,7304.89990234375,7181.22021484375,7183.8798828125,167300
2020-12-14,7281.35009765625,7311.2099609375,7214.93994140625,7244.3798828125,176200
2020-12-15,7227.72998046875,7290.60009765625,7214.14013671875,7281.91015625,203800
2020-12-16,7299.7001953125,7299.7001953125,7202.490234375,7242.47021484375,138900
2020-12-17,7298.02001953125,7298.02001953125,7236.81982421875,7271.64990234375,111000
2020-12-18,7272.7998046875,7286.669921875,7222.009765625,7266.9599609375,149700
2020-12-21,7224.89013671875,7251.02001953125,7157.8798828125,7244.85009765625,111000
2020-12-22,7202.39013671875,7206.5400390625,7081.14013671875,7206.330078125,172600
2020-12-23,7204.3798828125,7206.4599609375,7075.18017578125,7169.0498046875,99900
2020-12-24,7204.3798828125,7206.4599609375,7075.18017578125,7169.0498046875,0
2020-12-28,7122.25,7142.9501953125,7058.66015625,7142.9501953125,89200
2020-12-29,7139.7099609375,7173.27001953125,7120.81982421875,7123.1201171875,118100
2021-01-04,7197.5,7207.7900390625,7137.91015625,7149.64013671875,9100
2021-01-05,7134.18017578125,7186.72021484375,7104.0,7186.72021484375,123300
2021-01-06,7047.85009765625,7127.009765625,6928.89990234375,7126.91015625,112000
2021-01-07,7119.60986328125,7126.06982421875,7028.06005859375,7054.39013671875,92700
2021-01-08,7289.8798828125,7289.8798828125,7134.75,7141.35009765625,159000
2021-01-11,7304.7900390625,7432.39990234375,7285.080078125,7292.990234375,121200
2021-01-12,7258.10986328125,7326.5400390625,7253.81005859375,7326.5400390625,102000
2021-01-13,7242.85009765625,7284.60009765625,7233.990234375,7259.4599609375,104100
2021-01-14,7273.14990234375,7308.43994140625,7180.8798828125,7183.9501953125,122600
2021-01-15,7238.4599609375,7297.41015625,7238.4599609375,7282.259765625,90700
2021-01-18,7203.43994140625,7230.0498046875,7157.6298828125,7230.0498046875,85700
2021-01-19,7198.4501953125,7198.4501953125,7137.56005859375,7158.72998046875,73600
2021-01-20,7143.2998046875,7172.16015625,7082.75,7164.06005859375,103600
2021-01-21,7140.2900390625,7161.06982421875,7112.330078125,7161.06982421875,77800
2021-01-22,7045.830078125,7116.759765625,7007.2001953125,7116.759765625,110200
2021-01-25,7071.5,7071.5,7012.759765625,7026.77001953125,82900
2021-01-26,6977.16015625,7039.169921875,6961.06005859375,7039.169921875,114700
2021-01-27,6863.60986328125,6949.47998046875,6824.8798828125,6947.52001953125,120000
2021-01-28,6851.83984375,6918.2998046875,6770.75,6808.72021484375,82300
2021-01-29,6612.6201171875,6827.3798828125,6612.6201171875,6826.64990234375,175300
2021-02-01,6814.759765625,6814.759765625,6634.58984375,6634.58984375,107300
2021-02-02,6867.8798828125,6917.919921875,6837.31005859375,6838.259765625,80800
2021-02-03,6859.4599609375,6913.2998046875,6819.419921875,6895.43017578125,105600
2021-02-04,6903.75,6903.75,6809.41015625,6858.0400390625,79200
2021-02-05,7019.18017578125,7019.18017578125,6843.830078125,6899.14990234375,96100
2021-02-08,7024.47998046875,7032.1201171875,6965.93017578125,6997.27978515625,102200
2021-02-09,7065.5498046875,7091.919921875,7014.7900390625,7014.7900390625,101500
2021-02-10,7082.14990234375,7159.10986328125,7073.77978515625,7076.3798828125,115800
2021-02-11,6991.009765625,7076.009765625,6991.009765625,7059.47998046875,132200
2021-02-15,6959.2099609375,7026.39990234375,6959.2099609375,6996.580078125,79100
2021-02-16,7044.06005859375,7044.06005859375,6969.6298828125,6969.93017578125,92300
2021-02-17,6966.43017578125,6995.60009765625,6916.7099609375,6991.35986328125,88300
2021-02-18,6849.64013671875,6972.259765625,6849.64013671875,6954.3701171875,111400
2021-02-19,6926.41015625,6926.41015625,6841.47998046875,6858.72021484375,103200
2021-02-22,6810.33984375,6907.47021484375,6810.33984375,6901.93017578125,78900
2021-02-23,6814.669921875,6814.669921875,6736.419921875,6808.1298828125,111800
2021-02-24,6755.9501953125,6808.419921875,6735.83984375,6808.419921875,85000
2021-02-26,6794.85986328125,6827.169921875,6681.14013671875,6718.06005859375,198600
2021-03-01,6872.97021484375,6874.39990234375,6798.81005859375,6828.7001953125,107500
2021-03-02,6919.5400390625,6919.5400390625,6848.81005859375,6862.64013671875,113400
2021-03-03,6942.759765625,6942.759765625,6871.18017578125,6918.740234375,80100
2021-03-04,6882.490234375,6921.10009765625,6839.33984375,6911.169921875,87500
2021-03-05,6881.3701171875,6896.25,6829.2099609375,6864.580078125,77500
2021-03-08,6756.919921875,6879.77001953125,6745.75,6879.77001953125,106300
2021-03-09,6766.830078125,6769.3798828125,6668.330078125,6738.830078125,92600
2021-03-10,6808.31982421875,6808.31982421875,6727.10009765625,6752.89990234375,114000
2021-03-11,6719.18017578125,6782.56982421875,6705.669921875,6782.56982421875,59000
2021-03-12,6728.5498046875,6749.1298828125,6693.91015625,6734.39990234375,60800
2021-03-15,6552.4599609375,6694.08984375,6489.7900390625,6694.08984375,126900
2021-03-16,6559.080078125,6610.52978515625,6519.18017578125,6529.10009765625,74800
2021-03-17,6566.830078125,6593.52978515625,6548.5400390625,6574.31005859375,88600
2021-03-18,6630.85009765625,6675.83984375,6577.64013671875,6581.47021484375,94200
2021-03-19,6436.10009765625,6638.93017578125,6436.10009765625,6628.740234375,149900
2021-03-22,6395.169921875,6444.580078125,6325.64013671875,6381.58984375,77100
2021-03-23,6446.35009765625,6446.35009765625,6381.81982421875,6381.81982421875,83600
2021-03-24,6497.009765625,6497.009765625,6393.14013671875,6427.72021484375,83800
2021-03-25,6581.0,6603.5498046875,6498.509765625,6498.509765625,125600
2021-03-26,6544.6298828125,6576.60009765625,6526.2900390625,6567.89013671875,104300
2021-03-29,6607.77978515625,6653.52001953125,6432.06982421875,6469.259765625,107000
2021-03-30,6545.5498046875,6603.06005859375,6504.18017578125,6586.93017578125,82200
2021-03-31,6443.08984375,6557.0400390625,6443.08984375,6554.43017578125,114900
2021-04-05,6495.14990234375,6500.35009765625,6446.0400390625,6447.39990234375,77800
2021-04-06,6590.10986328125,6590.10986328125,6518.490234375,6521.259765625,78800
2021-04-07,6651.7099609375,6651.7099609375,6578.1201171875,6591.0498046875,133700
2021-04-08,6545.169921875,6648.7099609375,6542.27001953125,6648.7099609375,93600
2021-04-12,6518.64013671875,6566.669921875,6504.58984375,6562.10986328125,93700
2021-04-13,6457.7900390625,6520.02978515625,6431.7099609375,6520.02978515625,129700
2021-04-14,6523.2099609375,6523.2099609375,6453.259765625,6474.25,117900
2021-04-15,6539.9599609375,6539.9599609375,6464.490234375,6505.1298828125,140500
2021-04-16,6494.81005859375,6533.56005859375,6490.68017578125,6533.56005859375,85300
2021-04-19,6459.759765625,6503.77001953125,6459.759765625,6503.77001953125,131600
2021-04-20,6500.419921875,6500.419921875,6459.43994140625,6464.64990234375,105600
2021-04-21,6439.39013671875,6494.77978515625,6439.39013671875,6492.52001953125,140000
2021-04-22,6415.52978515625,6451.64990234375,6374.330078125,6451.22998046875,146000
2021-04-23,6378.06982421875,6424.5498046875,6371.43017578125,6423.2998046875,125700
2021-04-26,6389.3798828125,6417.77001953125,6348.56005859375,6417.77001953125,107600
2021-04-27,6356.47021484375,6397.740234375,6356.47021484375,6387.14990234375,139900
2021-04-28,6469.14013671875,6469.14013671875,6375.2900390625,6381.740234375,139200
2021-04-29,6487.509765625,6487.509765625,6420.93994140625,6453.259765625,118700
2021-04-30,6370.8701171875,6476.10986328125,6370.8701171875,6475.60986328125,116900
2021-05-03,6369.27978515625,6419.52001953125,6369.27978515625,6392.97021484375,77800
2021-05-04,6359.14990234375,6397.18994140625,6356.14013671875,6391.830078125,90400
2021-05-05,6299.68994140625,6354.81005859375,6299.68994140625,6352.5498046875,109900
2021-05-06,6282.77978515625,6322.169921875,6233.330078125,6310.3701171875,107300
2021-05-07,6258.7099609375,6305.990234375,6257.5,6278.7001953125,86900
2021-05-10,6317.41015625,6321.509765625,6279.7900390625,6279.7900390625,88700
2021-05-11,6326.830078125,6341.1201171875,6281.60986328125,6298.919921875,128700
2021-05-12,6236.39990234375,6310.330078125,6221.93017578125,6310.330078125,199300
2021-05-14,6269.35986328125,6269.35986328125,6080.93994140625,6262.31005859375,286100
2021-05-17,6283.580078125,6283.580078125,6188.740234375,6226.830078125,139300
2021-05-18,6244.740234375,6258.77001953125,6210.0,6230.5400390625,124200
2021-05-19,6245.7099609375,6269.990234375,6204.4501953125,6262.52001953125,113600
2021-05-20,6197.64013671875,6253.02001953125,6197.64013671875,6253.02001953125,111000
2021-05-21,6199.25,6218.41015625,6172.18017578125,6201.8798828125,115700
2021-05-24,6164.89013671875,6209.0498046875,6156.2001953125,6195.8701171875,165100
2021-05-25,6196.7099609375,6203.0,6164.89990234375,6173.25,176300
2021-05-26,6341.240234375,6377.10009765625,6213.43994140625,6223.669921875,235800
2021-05-27,6665.14013671875,6665.14013671875,6665.14013671875,6665.14013671875,0
2021-05-28,6674.509765625,6688.06982421875,6597.5,6622.18017578125,301800
2021-05-31,6628.490234375,6687.64013671875,6588.0400390625,6656.8798828125,122400
2021-06-01,6627.43017578125,6644.81982421875,6576.64013671875,6619.02001953125,79100
2021-06-02,6841.68994140625,6841.68994140625,6631.72021484375,6631.72021484375,226900
2021-06-03,6791.8701171875,6835.240234375,6760.18994140625,6835.240234375,138900
2021-06-04,6796.33984375,6810.759765625,6761.91015625,6789.02978515625,110600
2021-06-07,6763.919921875,6801.35986328125,6758.08984375,6801.35986328125,88800
2021-06-08,6809.72021484375,6809.72021484375,6767.33984375,6781.0400390625,83200
2021-06-09,6902.5400390625,6922.8701171875,6805.0,6811.4599609375,184100
2021-06-10,6875.7099609375,6925.14013671875,6872.72021484375,6923.9501953125,164100
2021-06-11,6907.7900390625,6910.330078125,6872.58984375,6890.02978515625,120700
2021-06-14,6917.490234375,6917.490234375,6871.7099609375,6898.2001953125,108300
2021-06-15,6976.72998046875,6976.72998046875,6893.4501953125,6908.81005859375,118000
2021-06-16,6973.35009765625,7001.2099609375,6957.9501953125,6957.9501953125,153400
2021-06-17,6887.919921875,6974.56005859375,6878.47021484375,6968.56005859375,111500
2021-06-18,6851.3798828125,6896.35986328125,6800.7001953125,6878.990234375,167100
2021-06-21,6827.169921875,6849.4501953125,6783.18994140625,6840.22021484375,120700
2021-06-22,6870.41015625,6910.169921875,6834.18994140625,6834.18994140625,77100
2021-06-23,6918.41015625,6918.9599609375,6871.830078125,6871.830078125,80900
2021-06-24,6886.0,6919.1298828125,6886.0,6917.89990234375,109600
2021-06-25,6950.509765625,6950.509765625,6894.27001953125,6894.27001953125,92600
2021-06-28,6937.9599609375,6954.60986328125,6901.89013671875,6949.52978515625,139900
2021-06-29,6956.64990234375,6956.64990234375,6921.06982421875,6939.25,119300
2021-06-30,6901.91015625,6957.56005859375,6901.91015625,6941.16015625,140500
2021-07-01,6964.009765625,7002.22998046875,6946.2099609375,6949.97998046875,108700
2021-07-02,7002.259765625,7002.259765625,6963.43994140625,6976.27001953125,156300
2021-07-05,7036.3798828125,7037.14013671875,6992.7001953125,6993.68017578125,89900
2021-07-06,6992.43017578125,7064.240234375,6992.43017578125,7064.240234375,120200
2021-07-07,6943.0,6994.1298828125,6924.2099609375,6994.1298828125,141900
2021-07-08,6924.990234375,6966.52978515625,6917.3798828125,6945.990234375,116700
2021-07-09,6834.919921875,6900.33984375,6745.85009765625,6900.33984375,179100
2021-07-12,6913.8701171875,6913.8701171875,6838.18017578125,6838.18017578125,83300
2021-07-13,6795.1298828125,6907.47998046875,6795.1298828125,6907.47998046875,116500
2021-07-14,6835.41015625,6835.41015625,6785.83984375,6811.58984375,120800
2021-07-15,6727.93017578125,6832.68994140625,6727.93017578125,6829.0498046875,80900
2021-07-16,6693.830078125,6783.91015625,6653.52978515625,6743.77978515625,142900
2021-07-19,6587.2001953125,6665.5400390625,6510.43017578125,6665.5400390625,148000
2021-07-21,6476.2099609375,6611.669921875,6451.1201171875,6611.669921875,147800
2021-07-22,6576.6201171875,6586.009765625,6496.97021484375,6496.97021484375,88000
2021-07-23,6520.740234375,6611.31005859375,6461.75,6600.8798828125,86600
2021-07-26,6372.60986328125,6509.740234375,6372.60986328125,6509.740234375,73400
2021-07-27,6522.580078125,6522.580078125,6401.66015625,6404.2099609375,74100
2021-07-28,6473.02978515625,6511.830078125,6370.25,6511.830078125,117600
2021-07-29,6496.52978515625,6523.56005859375,6442.509765625,6465.2099609375,116900
2021-07-30,6270.22998046875,6520.1201171875,6270.22998046875,6520.1201171875,145800
2021-08-02,6446.31005859375,6446.31005859375,6293.66015625,6304.02978515625,91200
2021-08-03,6560.06005859375,6560.06005859375,6376.10986328125,6442.39990234375,114000
2021-08-04,6585.2099609375,6598.18017578125,6545.56005859375,6570.93994140625,90900
2021-08-05,6547.27001953125,6605.4599609375,6539.91015625,6605.4599609375,134200
2021-08-06,6539.91015625,6578.41015625,6539.91015625,6549.89013671875,137200
2021-08-09,6632.56982421875,6637.43017578125,6537.2001953125,6555.740234375,133200
2021-08-10,6623.22998046875,6644.39013671875,6584.6298828125,6644.39013671875,150400
2021-08-11,6666.85986328125,6666.85986328125,6630.06005859375,6630.06005859375,142200
2021-08-12,6556.56982421875,6648.22998046875,6546.08984375,6648.22998046875,119000
2021-08-13,6320.18994140625,6588.43994140625,6320.18994140625,6564.77978515625,381400
2021-08-16,6513.68017578125,6513.68017578125,6413.77001953125,6420.31005859375,131900
2021-08-17,6561.41015625,6589.35009765625,6511.02001953125,6511.02001953125,129200
2021-08-18,6680.18017578125,6680.18017578125,6567.52001953125,6568.72021484375,126000
2021-08-19,6718.509765625,6718.509765625,6615.240234375,6678.43017578125,113200
2021-08-20,6633.22021484375,6743.27978515625,6633.22021484375,6717.93994140625,143800
2021-08-23,6591.669921875,6690.18017578125,6591.669921875,6679.52001953125,107900
2021-08-24,6678.81982421875,6678.81982421875,6628.39990234375,6631.8701171875,126300
2021-08-25,6822.14990234375,6822.14990234375,6666.93017578125,6682.93017578125,98900
2021-08-26,6820.52978515625,6850.18017578125,6808.93994140625,6822.830078125,191300
2021-08-27,6786.6201171875,6831.259765625,6774.02001953125,6799.080078125,91700
2021-08-31,6855.43994140625,6855.43994140625,6651.009765625,6786.10986328125,286100
2021-09-01,6785.93994140625,6868.7900390625,6779.740234375,6829.580078125,170300
2021-09-02,6834.66015625,6887.1201171875,6828.89013671875,6831.9599609375,185900
2021-09-03,6897.1298828125,6897.1298828125,6841.1298828125,6841.1298828125,168600
2021-09-06,6877.10009765625,6898.919921875,6867.1201171875,6884.6298828125,130500
2021-09-07,6912.7099609375,6924.14013671875,6884.0498046875,6892.7998046875,125200
2021-09-08,6949.39013671875,6949.39013671875,6865.02978515625,6893.16015625,115500
2021-09-09,6924.02001953125,6949.60009765625,6897.1201171875,6939.10009765625,139700
2021-09-10,6970.509765625,6970.509765625,6908.669921875,6914.97021484375,146300
2021-09-13,6968.14013671875,6973.080078125,6937.25,6960.97998046875,115600
2021-09-14,6920.35986328125,7033.06005859375,6920.35986328125,6976.89013671875,151600
2021-09-15,6880.2001953125,6974.97021484375,6861.009765625,6927.47998046875,160300
2021-09-16,6968.43017578125,6968.43017578125,6885.7001953125,6893.5400390625,159200
2021-09-17,6912.85009765625,6979.919921875,6912.85009765625,6962.0400390625,368200
2021-09-20,6857.89990234375,6928.830078125,6824.60009765625,6922.52001953125,156900
2021-09-21,6881.2001953125,6890.97021484375,6779.18994140625,6794.1298828125,127900
2021-09-22,6890.72998046875,6934.41015625,6890.669921875,6891.43994140625,162100
2021-09-23,6915.27978515625,6974.0,6904.5,6904.5,128700
2021-09-24,6951.52978515625,6985.990234375,6939.97998046875,6940.22021484375,139800
2021-09-27,6956.259765625,6987.259765625,6947.33984375,6965.85986328125,181900
2021-09-28,6885.35986328125,6984.5400390625,6868.33984375,6984.5400390625,168100
2021-09-29,6934.10986328125,6934.10986328125,6771.759765625,6875.16015625,224200
2021-09-30,6952.8798828125,6984.14013671875,6904.68994140625,6916.81982421875,174800
2021-10-01,6923.60009765625,6984.7900390625,6923.60009765625,6964.490234375,92200
2021-10-04,6960.89013671875,6964.0400390625,6929.7099609375,6929.7099609375,103500
2021-10-05,6981.240234375,6981.240234375,6921.64990234375,6946.759765625,103200
2021-10-06,7057.4501953125,7073.10009765625,6973.27978515625,6989.5400390625,197000
2021-10-07,6951.2998046875,7098.2998046875,6951.2998046875,7049.169921875,215700
2021-10-08,6906.85986328125,7076.009765625,6906.85986328125,6972.18017578125,266400
2021-10-11,7124.009765625,7171.43017578125,6936.4599609375,6936.4599609375,187400
2021-10-12,7107.81982421875,7166.6298828125,7095.91015625,7115.240234375,172300
2021-10-13,7068.919921875,7159.419921875,7030.68017578125,7121.58984375,262900
2021-10-14,7183.10986328125,7194.58984375,7132.18994140625,7132.18994140625,217100
2021-10-15,7213.4599609375,7228.58984375,7168.419921875,7194.990234375,227800
2021-10-18,7219.81005859375,7225.740234375,7158.240234375,7193.56982421875,240900
2021-10-19,7266.31005859375,7289.97021484375,7236.259765625,7236.259765625,230900
2021-10-20,7297.080078125,7297.080078125,7250.4599609375,7250.4599609375,169100
2021-10-21,7311.72021484375,7326.10009765625,7279.91015625,7321.25,283000
2021-10-22,7289.60986328125,7305.22021484375,7265.419921875,7305.22021484375,139000
2021-10-25,7211.5400390625,7295.35009765625,7198.419921875,7277.81982421875,162400
2021-10-26,7252.10009765625,7252.10009765625,7181.47021484375,7221.490234375,156400
2021-10-27,7230.14990234375,7287.02978515625,7218.60986328125,7254.2001953125,180900
2021-10-28,7157.72998046875,7251.47998046875,7144.43994140625,7235.22021484375,160200
2021-10-29,7054.7001953125,7182.60986328125,7043.68017578125,7159.66015625,179200
2021-11-02,7106.009765625,7182.60986328125,7043.68017578125,7159.66015625,0
2021-11-03,7184.72021484375,7210.9599609375,7136.669921875,7136.669921875,136500
2021-11-04,7203.72021484375,7224.0498046875,7176.64013671875,7221.47021484375,101100
2021-11-05,7340.77001953125,7354.3701171875,7243.27978515625,7247.2099609375,189900
2021-11-08,7396.22021484375,7424.93994140625,7373.52978515625,7374.419921875,168500
2021-11-09,7441.669921875,7441.669921875,7407.27978515625,7415.97021484375,192700
2021-11-10,7375.68017578125,7475.75,7361.2998046875,7454.490234375,131900
2021-11-11,7331.64990234375,7376.72021484375,7315.22021484375,7360.89013671875,119800
2021-11-12,7382.83984375,7387.81982421875,7329.25,7329.81005859375,184200
2021-11-15,7342.3701171875,7378.72998046875,7333.31005859375,7378.72998046875,109100
2021-11-16,7367.419921875,7367.419921875,7307.7099609375,7343.240234375,184400
2021-11-17,7349.81982421875,7381.4599609375,7344.35986328125,7356.8701171875,105500
2021-11-18,7299.33984375,7358.06982421875,7292.77978515625,7358.06982421875,108600
2021-11-19,7280.56982421875,7298.08984375,7209.669921875,7298.08984375,140000
2021-11-22,7282.669921875,7282.669921875,7231.89990234375,7268.740234375,122600
2021-11-23,7401.16015625,7401.16015625,7261.10986328125,7272.7001953125,172700
2021-11-24,7419.10009765625,7419.10009765625,7365.77001953125,7395.490234375,135200
2021-11-25,7369.27001953125,7397.580078125,7335.4599609375,7389.10986328125,135500
2021-11-26,7278.43994140625,7346.06982421875,7263.43017578125,7346.06982421875,218500
2021-11-29,7200.8798828125,7202.72021484375,7000.0,7151.66015625,795500
2021-12-01,6947.06005859375,7194.08984375,6928.2998046875,7194.08984375,296500
2021-12-02,7032.5400390625,7065.89013671875,6945.990234375,6952.47998046875,168900
2021-12-03,7055.18994140625,7120.06982421875,7055.18994140625,7074.009765625,105200
2021-12-06,7130.740234375,7151.759765625,7075.759765625,7075.759765625,119600
2021-12-07,7147.2998046875,7170.81982421875,7098.02978515625,7153.419921875,179700
2021-12-09,7234.919921875,7234.919921875,7113.72021484375,7124.66015625,180400
2021-12-10,7192.169921875,7231.240234375,7180.35986328125,7231.240234375,100500
2021-12-13,7197.60986328125,7226.81982421875,7165.6298828125,7192.7998046875,115600
2021-12-14,7241.990234375,7252.009765625,7158.64990234375,7252.009765625,115900
2021-12-15,7132.580078125,7263.27001953125,7096.14990234375,7234.97021484375,225500
2021-12-16,7233.259765625,7233.259765625,7132.580078125,7132.580078125,144300
2021-12-17,7297.66015625,7297.66015625,7188.7099609375,7195.43994140625,130700
2021-12-20,7237.60986328125,7239.85009765625,7179.41015625,7236.1201171875,83900
2021-12-21,7167.06005859375,7234.89990234375,7167.06005859375,7226.0,197400
2021-12-22,7119.18994140625,7119.18994140625,7119.18994140625,7119.18994140625,0
2021-12-23,7248.0498046875,7248.0498046875,7143.669921875,7143.669921875,131800
2021-12-24,7181.85986328125,7257.72021484375,7181.85986328125,7257.72021484375,45000
2021-12-27,7254.7998046875,7254.7998046875,7166.93017578125,7184.8798828125,53100
2021-12-28,7286.56005859375,7288.580078125,7239.77978515625,7239.77978515625,90800
2021-12-29,7334.56005859375,7334.56005859375,7237.009765625,7277.080078125,161400
2021-12-31,7122.6298828125,7274.68994140625,7119.43994140625,7274.68994140625,108200
2022-01-03,7041.27001953125,7101.64013671875,7041.27001953125,7101.64013671875,86300
2022-01-05,7091.39990234375,7131.0,6999.169921875,7069.169921875,167200
2022-01-06,7085.52001953125,7085.52001953125,7008.06982421875,7037.990234375,114900
2022-01-07,7011.10986328125,7077.25,6978.080078125,7074.990234375,152300
2022-01-10,7140.669921875,7156.83984375,6966.85009765625,6990.06982421875,123400
2022-01-11,7085.68994140625,7160.7998046875,7067.97998046875,7114.8701171875,111400
2022-01-12,7215.1298828125,7215.1298828125,7134.0,7142.52978515625,123100
2022-01-13,7307.75,7317.08984375,7217.3798828125,7217.3798828125,129200
2022-01-14,7261.33984375,7293.43994140625,7261.33984375,7281.4501953125,89300
2022-01-17,7223.830078125,7280.10986328125,7223.830078125,7266.41015625,72900
2022-01-18,7343.9599609375,7343.9599609375,7244.83984375,7246.35009765625,70000
2022-01-19,7261.5400390625,7304.6201171875,7242.27978515625,7304.6201171875,101500
2022-01-20,7239.27978515625,7281.56005859375,7218.68017578125,7258.169921875,182000
2022-01-21,7293.52001953125,7293.52001953125,7204.27001953125,7225.22021484375,77900
2022-01-24,7252.64013671875,7256.85009765625,7215.27001953125,7256.39990234375,76900
2022-01-25,7288.2099609375,7288.2099609375,7242.080078125,7262.6298828125,83400
2022-01-26,7253.60986328125,7283.14990234375,7210.2099609375,7283.14990234375,108000
2022-01-27,7273.52001953125,7275.27978515625,7237.7998046875,7243.68994140625,79200
2022-01-28,7251.97021484375,7315.31005859375,7251.97021484375,7266.9599609375,132500
2022-01-31,7361.64990234375,7369.93994140625,7279.0498046875,7279.0498046875,114000
2022-02-02,7458.990234375,7517.5,7380.14013671875,7380.14013671875,127100
2022-02-03,7382.77001953125,7460.58984375,7382.77001953125,7460.58984375,101900
2022-02-04,7456.35009765625,7470.1298828125,7394.43994140625,7407.97021484375,129600
2022-02-07,7380.2998046875,7474.52978515625,7378.7001953125,7469.2900390625,166500
2022-02-08,7458.22998046875,7473.7099609375,7400.89990234375,7400.89990234375,98100
2022-02-09,7502.47998046875,7552.2001953125,7475.2099609375,7475.2099609375,158900
2022-02-10,7432.6201171875,7538.77978515625,7427.43994140625,7508.72998046875,173800
2022-02-11,7270.35986328125,7446.2099609375,7270.35986328125,7446.2099609375,425900
2022-02-14,7361.14990234375,7361.14990234375,7276.6298828125,7276.6298828125,179500
2022-02-15,7309.93994140625,7372.64990234375,7292.9501953125,7338.27978515625,218800
2022-02-16,7452.81982421875,7452.81982421875,7324.8798828125,7324.8798828125,214500
2022-02-17,7438.93017578125,7464.18994140625,7423.9501953125,7455.08984375,167300
2022-02-18,7418.7900390625,7425.43994140625,7368.669921875,7419.580078125,187400
2022-02-21,7372.25,7372.25,7257.43017578125,7330.43994140625,141800
2022-02-22,7440.91015625,7440.91015625,7289.5498046875,7341.35009765625,139800
2022-02-23,7364.2099609375,7414.990234375,7347.43994140625,7414.990234375,135300
2022-02-24,7212.22998046875,7383.89990234375,7179.6298828125,7355.8701171875,219400
2022-02-28,7311.009765625,7326.06982421875,7175.81982421875,7175.81982421875,228000
2022-03-01,7404.60986328125,7404.60986328125,7317.43994140625,7322.3798828125,126100
2022-03-02,7304.02001953125,7379.1298828125,7286.259765625,7375.6201171875,104000
2022-03-03,7388.08984375,7388.08984375,7310.240234375,7319.8798828125,109000
2022-03-04,7342.009765625,7375.27978515625,7320.43994140625,7369.7998046875,87200
2022-03-07,7288.06982421875,7304.759765625,7158.330078125,7304.759765625,158600
2022-03-08,6977.72998046875,7176.18994140625,6977.72998046875,7167.9501953125,231700
2022-03-09,6989.8798828125,7095.1201171875,6967.5400390625,6967.5400390625,156500
2022-03-10,7124.7998046875,7125.39990234375,7043.4501953125,7094.77978515625,129800
2022-03-11,7112.18994140625,7112.18994140625,7044.83984375,7084.77978515625,118900
2022-03-14,6816.9501953125,7076.7900390625,6797.08984375,7076.7900390625,171900
2022-03-15,7019.919921875,7019.919921875,6638.39990234375,6820.77978515625,172500
2022-03-16,7026.4501953125,7026.4501953125,6957.4599609375,7004.56982421875,143200
2022-03-17,7122.4501953125,7156.77001953125,7046.56005859375,7053.5400390625,157900
2022-03-18,7007.6298828125,7140.89990234375,7007.6298828125,7112.0,367900
2022-03-21,6956.60009765625,7054.97998046875,6949.85009765625,7024.7900390625,127700
2022-03-22,7008.93994140625,7008.93994140625,6900.490234375,6940.85009765625,118400
2022-03-23,7009.43017578125,7013.669921875,6977.60986328125,6986.18994140625,94600
2022-03-24,7082.60986328125,7082.60986328125,6985.47021484375,7013.39013671875,125100
2022-03-25,7124.83984375,7124.83984375,7048.52978515625,7073.60986328125,102100
2022-03-28,7134.35986328125,7134.35986328125,7080.3701171875,7120.740234375,87900
2022-03-29,7115.08984375,7115.08984375,7062.72021484375,7090.22021484375,115600
2022-03-30,7167.02001953125,7167.02001953125,7097.18017578125,7097.18017578125,164400
2022-03-31,7203.47021484375,7203.47021484375,7156.490234375,7173.68994140625,172400
2022-04-01,7152.8798828125,7162.43994140625,7103.47021484375,7160.47998046875,102000
2022-04-04,7163.2099609375,7163.2099609375,7124.25,7124.25,78500
2022-04-05,7156.06982421875,7158.56982421875,7106.490234375,7158.56982421875,70400
2022-04-06,7109.259765625,7130.919921875,7080.490234375,7129.27001953125,82700
2022-04-07,6926.02978515625,7120.81982421875,6926.02978515625,7100.06005859375,149600
2022-04-08,7018.02001953125,7018.02001953125,6950.10009765625,6957.419921875,87200
2022-04-11,6988.2900390625,7026.919921875,6988.2900390625,7017.9501953125,57400
2022-04-12,6895.35986328125,6992.97021484375,6895.35986328125,6992.97021484375,105300
2022-04-13,6984.89990234375,6984.89990234375,6907.97021484375,6907.97021484375,76900
2022-04-18,6996.10986328125,7010.919921875,6977.39990234375,7010.919921875,52800
2022-04-19,7037.740234375,7037.740234375,7037.740234375,7037.740234375,0
2022-04-20,7142.419921875,7142.419921875,7067.740234375,7085.22998046875,92700
2022-04-21,7061.490234375,7156.85009765625,7050.6201171875,7145.5,104800
2022-04-22,6998.58984375,7072.58984375,6959.9501953125,7067.93017578125,76600
2022-04-25,7020.830078125,7020.830078125,6913.43017578125,6971.8798828125,84800
2022-04-26,6980.02001953125,7001.91015625,6964.0,6996.009765625,73100
2022-04-27,6863.91015625,6945.2998046875,6832.919921875,6936.10009765625,89300
2022-04-28,6909.4501953125,6909.4501953125,6828.85009765625,6858.0,97700
2022-04-29,6731.25,6911.64013671875,6731.25,6911.64013671875,189900
2022-05-02,6721.080078125,6764.10009765625,6668.39013671875,6742.830078125,79500
2022-05-04,6802.72998046875,6802.72998046875,6630.4599609375,6736.2998046875,111300
2022-05-05,6868.919921875,6881.58984375,6785.39013671875,6827.93994140625,104500
2022-05-06,6759.89990234375,6855.009765625,6759.89990234375,6800.93994140625,93300
2022-05-10,6720.93017578125,6720.93017578125,6547.43994140625,6632.35009765625,170500
2022-05-11,6635.85986328125,6695.85009765625,6630.52001953125,6677.240234375,153700
2022-05-12,6532.2998046875,6633.68017578125,6532.2998046875,6633.68017578125,170300
2022-05-13,6379.169921875,6569.35986328125,6379.169921875,6545.52001953125,340000
2022-05-16,6502.1201171875,6539.330078125,6458.56982421875,6458.56982421875,173600
2022-05-17,6594.66015625,6594.66015625,6495.68017578125,6518.1201171875,298100
2022-05-18,6727.60009765625,6727.60009765625,6607.97998046875,6621.169921875,223600
2022-05-19,6660.0498046875,6711.14990234375,6597.14013671875,6651.169921875,225700
2022-05-20,6746.330078125,6763.740234375,6683.14990234375,6683.14990234375,167000
2022-05-23,6687.85009765625,6757.58984375,6678.009765625,6757.58984375,143000
2022-05-24,6577.4501953125,6693.60986328125,6577.4501953125,6693.60986328125,145000
2022-05-25,6597.759765625,6612.080078125,6574.97998046875,6580.08984375,133800
2022-05-26,6645.52001953125,6645.52001953125,6589.18017578125,6607.18994140625,139200
2022-05-27,6726.14013671875,6726.14013671875,6641.16015625,6655.509765625,142300
2022-05-30,6822.31982421875,6839.27001953125,6729.89990234375,6741.9501953125,153900
2022-05-31,6774.68017578125,6832.080078125,6774.68017578125,6832.080078125,1029500
2022-06-01,6712.2099609375,6786.919921875,6698.7900390625,6786.919921875,118300
2022-06-02,6686.830078125,6722.72998046875,6653.41015625,6722.72998046875,84400
2022-06-03,6741.39990234375,6743.14990234375,6653.9599609375,6667.6201171875,93800
2022-06-06,6716.8798828125,6749.06982421875,6699.97021484375,6747.60009765625,132100
2022-06-07,6754.009765625,6754.009765625,6705.6298828125,6717.6201171875,96500
2022-06-08,6769.6201171875,6797.5498046875,6733.14013671875,6768.35009765625,110200
2022-06-09,6758.58984375,6796.3798828125,6684.6298828125,6796.3798828125,101700
2022-06-10,6530.0400390625,6713.330078125,6530.0400390625,6713.330078125,121100
2022-06-13,6467.009765625,6503.52978515625,6430.4501953125,6503.06005859375,125300
2022-06-14,6474.52978515625,6474.52978515625,6384.41015625,6416.8701171875,131300
2022-06-15,6319.419921875,6472.64013671875,6319.419921875,6443.85009765625,128000
2022-06-16,6393.009765625,6393.3798828125,6327.22998046875,6374.43017578125,128000
2022-06-17,6331.56005859375,6331.56005859375,6273.72998046875,6308.85986328125,281300
2022-06-20,6333.93994140625,6349.009765625,6302.5,6341.97998046875,87100
2022-06-21,6285.18994140625,6370.740234375,6255.68017578125,6349.259765625,108900
2022-06-22,6168.0,6299.41015625,6168.0,6289.27001953125,149500
2022-06-23,6065.22998046875,6215.89990234375,6054.7900390625,6177.56005859375,140900
2022-06-24,6217.56005859375,6217.56005859375,6096.47998046875,6096.47998046875,142500
2022-06-27,6238.81982421875,6253.509765625,6197.97998046875,6241.93994140625,143300
2022-06-28,6345.41015625,6349.490234375,6232.0498046875,6247.14013671875,162300
2022-06-29,6303.18994140625,6374.91015625,6303.18994140625,6361.22998046875,131200
2022-06-30,6155.43017578125,6337.33984375,6140.22021484375,6321.0400390625,171500
2022-07-01,6165.35009765625,6223.56005859375,6148.43017578125,6174.3701171875,124700
2022-07-04,6183.6201171875,6210.830078125,6160.8798828125,6195.89990234375,100400
2022-07-05,6309.990234375,6309.990234375,6193.16015625,6193.16015625,110700
2022-07-06,6445.009765625,6445.009765625,6312.08984375,6323.6201171875,132600
2022-07-07,6352.31982421875,6425.22998046875,6332.5400390625,6419.89990234375,127800
2022-07-08,6361.81982421875,6497.97021484375,6358.43994140625,6366.68017578125,168600
2022-07-11,6388.64013671875,6396.0,6315.52001953125,6381.10986328125,80800
2022-07-12,6349.93994140625,6393.68017578125,6349.93994140625,6378.33984375,80100
2022-07-13,6255.3701171875,6351.81982421875,6235.56982421875,6347.6298828125,128100
2022-07-14,6248.1298828125,6255.9599609375,6166.60986328125,6250.06005859375,112000
2022-07-15,6195.259765625,6240.830078125,6127.259765625,6240.830078125,111800
2022-07-18,6268.77978515625,6268.77978515625,6162.27001953125,6182.27001953125,80800
2022-07-19,6286.240234375,6287.02978515625,6249.259765625,6255.56982421875,90200
2022-07-20,6274.7998046875,6351.77001953125,6263.990234375,6294.97021484375,116800
2022-07-21,6256.169921875,6347.580078125,6245.6298828125,6298.31005859375,149200
2022-07-22,6263.39013671875,6266.6298828125,6233.41015625,6258.56982421875,63100
2022-07-25,6209.52978515625,6241.66015625,6163.259765625,6239.35009765625,72300
2022-07-26,6223.0,6234.25,6201.97021484375,6206.7998046875,74600
2022-07-27,6236.759765625,6237.27001953125,6171.4501953125,6208.93017578125,56400
2022-07-28,6379.259765625,6379.259765625,6274.72021484375,6274.72021484375,98800
2022-07-29,6315.93017578125,6351.7001953125,6265.9501953125,6351.7001953125,117500
2022-08-01,6312.02978515625,6325.97021484375,6227.330078125,6309.06982421875,134700
2022-08-02,6362.2998046875,6362.2998046875,6291.93994140625,6310.02978515625,117100
2022-08-03,6430.080078125,6430.080078125,6336.02001953125,6359.97021484375,133200
2022-08-04,6483.10986328125,6483.10986328125,6415.39013671875,6435.60986328125,104800
2022-08-05,6405.5,6519.7998046875,6405.5,6484.60986328125,270400
2022-08-08,6434.240234375,6437.919921875,6370.830078125,6425.47021484375,119700
2022-08-09,6468.97021484375,6468.97021484375,6408.39013671875,6431.60009765625,129400
2022-08-10,6471.83984375,6471.83984375,6413.9599609375,6464.56005859375,121600
2022-08-11,6680.68017578125,6680.68017578125,6505.740234375,6505.740234375,197000
2022-08-12,6699.66015625,6730.52978515625,6646.7900390625,6676.27001953125,173900
2022-08-15,6737.83984375,6745.9599609375,6691.169921875,6699.490234375,110400
2022-08-16,6850.64013671875,6850.64013671875,6703.08984375,6735.56005859375,207000
2022-08-17,6818.990234375,6883.60009765625,6817.0,6845.64990234375,156000
2022-08-18,6824.6298828125,6844.14013671875,6753.02978515625,6770.419921875,181200
2022-08-19,6863.85986328125,6867.89013671875,6819.14990234375,6834.759765625,102600
2022-08-22,6704.41015625,6848.9501953125,6704.41015625,6848.9501953125,120000
2022-08-23,6618.3798828125,6680.52001953125,6591.830078125,6680.52001953125,126000
2022-08-24,6643.4501953125,6677.68994140625,6614.83984375,6618.85986328125,75200
2022-08-25,6706.43017578125,6726.68017578125,6656.7001953125,6657.18017578125,61800
2022-08-26,6752.5,6752.5,6680.72998046875,6697.0400390625,176300
2022-08-30,6690.27001953125,6690.43994140625,6600.990234375,6616.43017578125,146200
2022-08-31,6583.64990234375,6661.14990234375,6583.64990234375,6661.14990234375,247500
2022-09-01,6588.27978515625,6606.2099609375,6569.169921875,6594.669921875,125600
2022-09-02,6692.64990234375,6692.64990234375,6586.080078125,6586.080078125,97500
2022-09-05,6676.0400390625,6698.5400390625,6640.02978515625,6693.83984375,84400
2022-09-06,6709.60009765625,6721.41015625,6668.41015625,6681.1298828125,95500
2022-09-07,6554.080078125,6709.4599609375,6554.080078125,6709.4599609375,118500
2022-09-08,6593.740234375,6600.66015625,6548.080078125,6574.47998046875,124000
2022-09-09,6606.0,6629.2900390625,6586.72021484375,6593.56982421875,81100
2022-09-12,6715.75,6715.75,6625.39990234375,6625.39990234375,72100
2022-09-13,6701.81005859375,6710.89013671875,6666.14013671875,6710.89013671875,85000
2022-09-14,6582.85986328125,6618.1298828125,6560.509765625,6604.47998046875,136300
2022-09-15,6575.669921875,6633.6298828125,6575.669921875,6586.5498046875,101600
2022-09-16,6548.77001953125,6588.25,6539.25,6586.91015625,439600
2022-09-19,6437.419921875,6550.02001953125,6433.31982421875,6544.64013671875,106900
2022-09-20,6448.4599609375,6500.759765625,6448.4599609375,6459.919921875,97800
2022-09-21,6341.68994140625,6446.97998046875,6315.5400390625,6437.39990234375,128600
2022-09-22,6301.7099609375,6304.18994140625,6227.580078125,6304.18994140625,161100
2022-09-23,6259.5400390625,6291.3701171875,6235.669921875,6291.3701171875,126400
2022-09-27,6020.06982421875,6193.0400390625,5962.169921875,6193.0400390625,179200
2022-09-28,5879.68017578125,6044.169921875,5879.68017578125,6038.97998046875,147000
2022-09-29,5934.25,6006.52001953125,5911.64990234375,5967.31982421875,152000
2022-09-30,5741.06982421875,5874.56982421875,5741.06982421875,5874.56982421875,180600
2022-10-03,5783.14990234375,5784.18994140625,5699.2998046875,5734.33984375,89900
2022-10-04,5987.72021484375,5987.72021484375,5850.64990234375,5851.77001953125,103400
2022-10-05,5988.58984375,6033.43017578125,5949.81005859375,6033.43017578125,107200
2022-10-06,5934.27001953125,6021.580078125,5934.27001953125,5990.27978515625,80000
2022-10-07,5932.18994140625,5941.7998046875,5869.58984375,5940.77001953125,74000
2022-10-10,5832.580078125,5898.830078125,5832.580078125,5898.830078125,66500
2022-10-11,5847.3701171875,5899.39990234375,5835.22021484375,5849.8701171875,100600
2022-10-12,5853.6298828125,5873.10986328125,5836.81982421875,5850.58984375,74900
2022-10-13,5895.64013671875,5914.72998046875,5841.56982421875,5869.85009765625,78600
2022-10-14,5904.75,5967.68994140625,5904.75,5954.9599609375,103000
2022-10-17,5970.330078125,5977.1298828125,5891.77978515625,5901.5498046875,72200
2022-10-18,6128.64013671875,6128.64013671875,5969.77978515625,5997.77978515625,128000
2022-10-19,6148.31005859375,6148.31005859375,6077.3798828125,6130.9501953125,80400
2022-10-20,6055.990234375,6181.75,6028.490234375,6137.259765625,257900
2022-10-21,5983.56005859375,6075.740234375,5983.56005859375,6067.6298828125,80700
2022-10-24,6028.7900390625,6071.7001953125,6018.97998046875,6021.5400390625,69300
2022-10-25,6073.41015625,6073.41015625,6020.8798828125,6038.10986328125,80800
2022-10-26,6121.52978515625,6121.52978515625,6053.58984375,6070.009765625,62000
2022-10-27,6230.580078125,6230.580078125,6111.93994140625,6120.89990234375,95900
2022-10-28,6153.43017578125,6210.83984375,6153.43017578125,6210.83984375,93100
2022-11-02,6206.240234375,6258.91015625,6159.60009765625,6258.91015625,120500
2022-11-03,6156.10986328125,6157.4599609375,6110.02978515625,6155.7998046875,79100
2022-11-04,6185.52978515625,6185.52978515625,6083.5,6148.47021484375,85300
2022-11-07,6295.580078125,6295.580078125,6167.64990234375,6184.7900390625,101100
2022-11-08,6289.10009765625,6345.830078125,6260.5,6303.580078125,92000
2022-11-09,6241.68017578125,6320.39013671875,6236.9599609375,6286.25,112200
2022-11-10,6167.56982421875,6248.91015625,6158.259765625,6230.83984375,106500
2022-11-11,6286.77001953125,6349.259765625,6272.2001953125,6307.72998046875,109700
2022-11-14,6354.759765625,6362.35009765625,6289.0498046875,6296.22021484375,140700
2022-11-15,6418.93994140625,6418.93994140625,6320.740234375,6334.669921875,128900
2022-11-16,6392.08984375,6423.6298828125,6333.9501953125,6423.6298828125,174800
2022-11-17,6403.740234375,6406.009765625,6366.0498046875,6380.81005859375,102800
2022-11-18,6437.3798828125,6451.60986328125,6403.5,6415.33984375,143000
2022-11-21,6403.240234375,6451.43994140625,6364.2998046875,6451.43994140625,115400
2022-11-22,6429.64990234375,6463.18017578125,6401.39990234375,6401.39990234375,106500
2022-11-23,6510.31982421875,6510.31982421875,6437.759765625,6441.419921875,100400
2022-11-24,6530.509765625,6536.169921875,6496.89013671875,6503.97998046875,107800
2022-11-25,6606.93994140625,6606.93994140625,6480.6201171875,6529.10986328125,115000
2022-11-28,6681.47021484375,6681.60986328125,6570.6201171875,6589.93017578125,141200
2022-11-29,6780.77978515625,6780.77978515625,6600.02001953125,6652.0,1304800
2022-12-01,6734.08984375,6814.14013671875,6732.9599609375,6814.14013671875,237300
2022-12-02,6489.64990234375,6731.169921875,6489.64990234375,6731.169921875,115400
2022-12-05,6442.1298828125,6541.77001953125,6442.1298828125,6503.56982421875,90800
2022-12-06,6674.3798828125,6674.3798828125,6456.81005859375,6463.009765625,132700
2022-12-07,6525.16015625,6662.75,6525.16015625,6662.75,143000
2022-12-09,6580.1201171875,6580.1201171875,6515.52978515625,6560.1298828125,134500
2022-12-12,6585.2001953125,6642.39990234375,6566.85986328125,6602.580078125,106100
2022-12-13,6582.3798828125,6631.66015625,6566.9501953125,6611.16015625,136000
2022-12-14,6615.06982421875,6632.1201171875,6583.35009765625,6610.4599609375,131100
2022-12-15,6566.7998046875,6631.08984375,6537.5400390625,6618.85009765625,120400
2022-12-16,6496.5,6552.31982421875,6478.27978515625,6523.06982421875,211700
2022-12-19,6414.27001953125,6477.990234375,6360.97021484375,6474.0,244900
2022-12-20,6458.1201171875,6458.1201171875,6385.2001953125,6412.419921875,87800
2022-12-21,6520.7998046875,6521.169921875,6449.64013671875,6464.35009765625,158600
2022-12-22,6576.93994140625,6580.2099609375,6521.669921875,6540.93017578125,183700
2022-12-23,6541.02978515625,6567.919921875,6536.669921875,6567.919921875,56100
2022-12-27,6564.89990234375,6579.259765625,6519.89990234375,6549.08984375,75400
2022-12-28,6566.5400390625,6576.7099609375,6530.27001953125,6567.1298828125,88600
2022-12-29,6566.39013671875,6591.27978515625,6529.68994140625,6553.669921875,161100
2023-01-03,6586.009765625,6624.759765625,6550.169921875,6555.39990234375,84400
2023-01-04,6718.5,6755.27001953125,6601.5,6601.5,209900
2023-01-05,6761.330078125,6767.0498046875,6730.52001953125,6738.93017578125,167200
2023-01-06,6667.97021484375,6736.64990234375,6666.68017578125,6736.64990234375,136700
2023-01-09,6790.240234375,6790.240234375,6685.06982421875,6692.2998046875,150100
2023-01-10,6756.68994140625,6783.39990234375,6740.02978515625,6783.39990234375,153900
2023-01-11,6709.33984375,6774.47021484375,6709.33984375,6764.68017578125,209800
2023-01-12,6833.52978515625,6833.52978515625,6723.52978515625,6723.52978515625,200000
2023-01-13,6951.5400390625,6959.6298828125,6816.419921875,6833.759765625,238400
2023-01-16,7045.47998046875,7132.10009765625,6966.0,6966.0,258100
2023-01-17,7014.0400390625,7046.4501953125,6952.7900390625,7041.06005859375,192700
2023-01-18,7094.85986328125,7094.85986328125,6967.8701171875,7008.06982421875,178900
2023-01-19,7062.009765625,7083.8701171875,7043.89990234375,7049.7998046875,194100
2023-01-20,7056.6201171875,7063.5,7035.64990234375,7056.43017578125,117100
2023-01-23,7069.68017578125,7069.68017578125,7003.419921875,7051.4599609375,97900
2023-01-24,7041.5,7137.6201171875,7039.0498046875,7065.60009765625,252700
2023-01-25,7081.35986328125,7085.5400390625,7047.72998046875,7072.490234375,138900
2023-01-26,7042.7001953125,7101.83984375,7042.7001953125,7088.14013671875,128400
2023-01-27,7052.16015625,7080.39990234375,7043.60009765625,7062.6298828125,112300
2023-01-30,6970.97021484375,7053.72021484375,6929.18017578125,7048.759765625,302500
2023-01-31,6793.25,6935.669921875,6740.18994140625,6935.669921875,240900
2023-02-01,7035.759765625,7035.759765625,6813.77001953125,6814.52001953125,249700
2023-02-02,6986.18994140625,7028.3701171875,6959.77978515625,7027.919921875,257700
2023-02-03,7027.3798828125,7027.3798828125,6901.22021484375,7012.8701171875,875100
2023-02-06,6936.60986328125,6997.4599609375,6892.0,6997.4599609375,252300
2023-02-07,6881.259765625,6931.7900390625,6881.259765625,6919.009765625,107900
2023-02-08,6923.080078125,6963.4599609375,6884.43017578125,6885.27001953125,110300
2023-02-09,6842.7900390625,6922.1298828125,6840.1201171875,6922.1298828125,115100
2023-02-10,6876.7900390625,6884.2001953125,6848.7099609375,6852.169921875,109500
2023-02-13,6838.75,6902.8701171875,6834.27001953125,6865.5400390625,178400
2023-02-14,6791.240234375,6863.740234375,6791.240234375,6847.990234375,238900
2023-02-15,6822.08984375,6829.02978515625,6747.10009765625,6790.52978515625,97100
2023-02-16,6815.91015625,6848.47998046875,6808.52978515625,6814.259765625,146400
2023-02-17,6779.02001953125,6808.97021484375,6745.5400390625,6805.2099609375,89800
2023-02-20,6744.1201171875,6794.97998046875,6735.52978515625,6793.85986328125,74100
2023-02-21,6800.9599609375,6800.9599609375,6719.10009765625,6757.9501953125,82300
2023-02-22,6699.22998046875,6778.2001953125,6696.72021484375,6778.2001953125,115300
2023-02-23,6685.89990234375,6704.91015625,6666.41015625,6704.91015625,129200
2023-02-24,6685.89990234375,6704.91015625,6666.41015625,6704.91015625,129200
2023-02-27,6599.33984375,6684.4501953125,6537.52001953125,6684.4501953125,165400
2023-02-28,6556.2001953125,6670.490234375,6556.2001953125,6609.41015625,767400
2023-03-01,6607.1298828125,6630.2001953125,6579.47998046875,6602.9599609375,159000
2023-03-02,6622.4501953125,6690.6298828125,6598.14990234375,6628.35009765625,149700
2023-03-03,6655.3701171875,6694.35986328125,6640.330078125,6640.330078125,204300
2023-03-06,6671.1201171875,6737.1298828125,6671.1201171875,6673.18017578125,94800
2023-03-07,6705.1201171875,6739.5,6705.1201171875,6707.5498046875,127100
2023-03-08,6711.490234375,6711.490234375,6617.85986328125,6681.2099609375,141500
2023-03-09,6609.27001953125,6711.10986328125,6609.27001953125,6711.10986328125,119500
2023-03-10,6589.8798828125,6596.16015625,6518.43017578125,6596.16015625,171100
2023-03-13,6544.4501953125,6599.9599609375,6498.39990234375,6529.56982421875,96400
2023-03-14,6393.330078125,6525.75,6393.330078125,6525.75,137000
2023-03-15,6466.10009765625,6513.259765625,6434.93017578125,6441.669921875,127100
2023-03-16,6404.91015625,6437.669921875,6330.52978515625,6437.669921875,108400
2023-03-17,6469.72021484375,6485.60986328125,6409.2900390625,6411.18017578125,143100
2023-03-20,6451.02001953125,6452.02978515625,6389.47998046875,6452.02978515625,86400
2023-03-21,6530.75,6530.75,6459.5400390625,6459.5400390625,100400
2023-03-22,6546.27001953125,6593.22021484375,6540.4501953125,6540.4501953125,84000
2023-03-23,6536.35986328125,6536.35986328125,6494.06005859375,6514.14013671875,86400
2023-03-24,6602.169921875,6602.83984375,6523.72998046875,6523.72998046875,74400
2023-03-27,6595.02978515625,6598.72998046875,6568.7001953125,6598.72998046875,73700
2023-03-28,6603.14990234375,6627.1298828125,6603.14990234375,6607.35986328125,112700
2023-03-29,6630.97021484375,6630.97021484375,6590.10986328125,6622.43994140625,83500
2023-03-30,6644.75,6644.75,6610.759765625,6632.56005859375,81500
2023-03-31,6499.68017578125,6635.68994140625,6499.68017578125,6635.68994140625,149700
2023-04-03,6529.990234375,6529.990234375,6507.10009765625,6524.31005859375,96200
2023-04-04,6472.0400390625,6538.97021484375,6463.97998046875,6533.93017578125,75200
2023-04-05,6488.509765625,6518.169921875,6470.5400390625,6470.5400390625,72000
2023-04-11,6479.6298828125,6506.58984375,6473.9501953125,6502.4599609375,91200
2023-04-12,6469.419921875,6479.16015625,6428.919921875,6473.72998046875,83500
2023-04-13,6448.8701171875,6453.2900390625,6394.10009765625,6453.2900390625,114400
2023-04-14,6481.91015625,6481.91015625,6445.5498046875,6445.5498046875,79000
2023-04-17,6505.6201171875,6505.6201171875,6425.14013671875,6483.240234375,71300
2023-04-18,6464.72021484375,6499.669921875,6454.27001953125,6499.669921875,49100
2023-04-19,6446.35009765625,6468.6298828125,6425.89990234375,6456.9599609375,57800
2023-04-20,6520.43994140625,6520.43994140625,6453.27001953125,6466.68017578125,69900
2023-04-24,6598.3798828125,6598.3798828125,6522.2001953125,6523.85009765625,99200
2023-04-25,6593.39013671875,6597.330078125,6575.0400390625,6595.509765625,112600
2023-04-26,6540.240234375,6584.85986328125,6512.97998046875,6584.85986328125,134300
2023-04-27,6583.68017578125,6597.830078125,6530.89990234375,6541.35986328125,48600
2023-04-28,6625.080078125,6635.39990234375,6587.41015625,6592.14013671875,235800
2023-05-02,6672.68994140625,6673.43994140625,6616.8798828125,6624.9501953125,105500
2023-05-03,6606.68994140625,6675.7099609375,6606.68994140625,6675.7099609375,104300
2023-05-04,6684.35009765625,6684.43994140625,6612.14013671875,6612.14013671875,115200
2023-05-05,6685.66015625,6706.22021484375,6673.31982421875,6678.8798828125,93700
2023-05-08,6600.740234375,6750.06005859375,6600.740234375,6709.56005859375,127600
2023-05-09,6622.60986328125,6646.580078125,6594.4501953125,6615.72998046875,76800
2023-05-10,6658.58984375,6660.66015625,6621.580078125,6632.830078125,100400
2023-05-11,6675.4599609375,6704.52978515625,6657.509765625,6669.39990234375,116400
2023-05-12,6578.14990234375,6668.64990234375,6578.14990234375,6661.60009765625,150400
2023-05-15,6523.14990234375,6585.72021484375,6523.14990234375,6582.56982421875,78700
2023-05-16,6588.89990234375,6596.33984375,6549.33984375,6549.33984375,65700
2023-05-17,6635.10986328125,6644.3798828125,6593.66015625,6595.4599609375,103100
2023-05-18,6628.64013671875,6658.16015625,6628.64013671875,6642.52978515625,81200
2023-05-19,6664.5498046875,6694.08984375,6635.4501953125,6635.4501953125,96200
2023-05-22,6620.830078125,6651.18994140625,6596.7900390625,6651.18994140625,83100
2023-05-23,6603.56005859375,6641.759765625,6592.169921875,6601.75,97300
2023-05-24,6615.9501953125,6615.9501953125,6589.81005859375,6596.2998046875,60000
2023-05-25,6560.22021484375,6613.85009765625,6560.22021484375,6612.47021484375,60500
2023-05-26,6530.2001953125,6570.9501953125,6496.47021484375,6570.9501953125,62300
2023-05-29,6593.16015625,6593.16015625,6532.72021484375,6543.93017578125,67000
2023-05-30,6510.669921875,6574.7900390625,6510.669921875,6574.7900390625,75900
2023-05-31,6477.35986328125,6522.08984375,6469.91015625,6517.06982421875,982000
2023-06-01,6430.580078125,6502.759765625,6430.580078125,6502.759765625,119900
2023-06-02,6512.009765625,6512.009765625,6449.97021484375,6449.97021484375,149500
2023-06-05,6521.64013671875,6544.1298828125,6521.06005859375,6525.6298828125,67300
2023-06-06,6479.93017578125,6539.490234375,6479.93017578125,6526.2099609375,95600
2023-06-07,6564.7001953125,6564.7001953125,6483.8701171875,6490.35009765625,82600
2023-06-08,6539.35986328125,6551.97998046875,6520.52978515625,6546.47021484375,65800
2023-06-09,6507.14990234375,6553.22998046875,6501.93017578125,6541.0400390625,80100
2023-06-12,6507.14990234375,6553.22998046875,6501.93017578125,6541.0400390625,80100
2023-06-13,6507.259765625,6525.419921875,6471.52978515625,6492.06005859375,130200
2023-06-14,6434.06005859375,6526.35986328125,6423.68994140625,6505.33984375,207100
2023-06-15,6461.419921875,6461.419921875,6386.83984375,6434.93994140625,111900
2023-06-16,6508.33984375,6508.3701171875,6413.56982421875,6450.2998046875,216400
2023-06-19,6450.33984375,6491.85009765625,6422.10986328125,6491.85009765625,96000
2023-06-20,6448.89990234375,6448.89990234375,6410.330078125,6434.02978515625,116400
2023-06-21,6424.2099609375,6437.39990234375,6406.8798828125,6420.7998046875,126300
2023-06-22,6404.91015625,6423.06005859375,6374.06982421875,6423.06005859375,130700
2023-06-23,6393.5498046875,6421.77978515625,6392.6298828125,6404.3798828125,67400
2023-06-26,6523.08984375,6545.4501953125,6419.93017578125,6422.56982421875,138700
2023-06-27,6502.85009765625,6547.330078125,6491.81005859375,6519.7900390625,94600
2023-06-29,6511.490234375,6550.25,6507.419921875,6507.419921875,83200
2023-06-30,6468.06982421875,6525.39013671875,6468.06982421875,6525.39013671875,118700
2023-07-03,6508.2099609375,6508.2099609375,6459.52978515625,6459.52978515625,42900
2023-07-04,6514.47021484375,6519.06982421875,6494.509765625,6501.64990234375,37100
2023-07-05,6512.39013671875,6512.39013671875,6446.7900390625,6509.2001953125,131000
2023-07-06,6474.259765625,6496.14990234375,6436.5400390625,6491.52978515625,117800
2023-07-07,6379.02978515625,6459.259765625,6379.02978515625,6459.259765625,65000
2023-07-10,6379.72021484375,6410.5,6375.259765625,6386.22998046875,67300
2023-07-11,6398.64013671875,6430.27978515625,6385.43994140625,6387.97998046875,79000
2023-07-12,6466.85009765625,6466.85009765625,6421.0498046875,6424.18994140625,113400
2023-07-13,6578.490234375,6579.0400390625,6475.66015625,6475.66015625,92600
2023-07-14,6624.7900390625,6624.7900390625,6526.43994140625,6581.39990234375,129200
2023-07-17,6550.759765625,6610.89013671875,6550.759765625,6604.91015625,63700
2023-07-18,6528.7998046875,6610.56982421875,6528.7998046875,6560.3701171875,54300
2023-07-19,6541.91015625,6564.169921875,6530.330078125,6539.22998046875,62100
2023-07-20,6613.5,6645.35986328125,6547.7998046875,6547.7998046875,103500
2023-07-21,6647.56005859375,6689.0400390625,6620.02978515625,6620.02978515625,88200
2023-07-24,6631.25,6677.47998046875,6631.25,6653.5498046875,88500
2023-07-25,6661.10986328125,6698.41015625,6650.6201171875,6650.6201171875,103900
2023-07-26,6679.1298828125,6683.22021484375,6622.60986328125,6683.22021484375,79500
2023-07-27,6677.919921875,6677.919921875,6627.58984375,6660.1201171875,78400
2023-07-28,6625.259765625,6671.60986328125,6625.259765625,6664.6201171875,65700
2023-07-31,6591.47021484375,6678.2900390625,6591.47021484375,6632.60009765625,79500
2023-08-01,6593.7998046875,6641.919921875,6593.7998046875,6627.56005859375,86200
2023-08-02,6483.27978515625,6616.259765625,6475.7998046875,6607.0498046875,92900
2023-08-03,6576.759765625,6576.759765625,6496.85986328125,6496.85986328125,75600
2023-08-04,6450.83984375,6590.64990234375,6450.83984375,6580.490234375,194200
2023-08-07,6507.77978515625,6522.58984375,6485.02978515625,6498.58984375,77700
2023-08-08,6472.97021484375,6541.64013671875,6465.97998046875,6517.1298828125,142800
2023-08-09,6530.4501953125,6530.4501953125,6478.740234375,6490.08984375,94700
2023-08-10,6449.66015625,6508.77978515625,6446.7998046875,6508.77978515625,112300
2023-08-11,6405.91015625,6458.77001953125,6405.91015625,6457.0498046875,100800
2023-08-14,6329.18994140625,6404.27001953125,6306.81005859375,6404.27001953125,187300
2023-08-15,6335.91015625,6370.43017578125,6297.169921875,6337.669921875,128600
2023-08-16,6410.08984375,6410.08984375,6322.10009765625,6333.2001953125,98500
2023-08-17,6364.97021484375,6409.97998046875,6353.740234375,6393.52978515625,95500
2023-08-18,6290.27001953125,6366.080078125,6290.27001953125,6352.080078125,120300
2023-08-22,6212.39013671875,6291.0400390625,6212.39013671875,6286.919921875,107900
2023-08-23,6179.6298828125,6225.2998046875,6179.6298828125,6225.2998046875,86000
2023-08-24,6225.77978515625,6278.18017578125,6204.2998046875,6204.2998046875,67900
2023-08-25,6160.27978515625,6222.2998046875,6155.2001953125,6222.2998046875,39800
2023-08-29,6225.0,6225.0,6142.14990234375,6161.02978515625,126400
2023-08-30,6295.2900390625,6300.43994140625,6224.81005859375,6224.81005859375,131500
2023-08-31,6175.25,6291.9501953125,6175.25,6291.9501953125,160600
2023-09-01,6181.06005859375,6220.25,6179.8798828125,6215.5498046875,616700
2023-09-04,6214.68017578125,6217.740234375,6183.740234375,6195.3701171875,1768700
2023-09-05,6225.0,6258.5,6193.91015625,6211.75,63900
2023-09-06,6241.68994140625,6245.740234375,6205.7998046875,6243.3701171875,61600
2023-09-07,6183.06982421875,6223.75,6170.06982421875,6223.75,68100
2023-09-08,6222.93994140625,6222.93994140625,6173.10009765625,6193.39990234375,48700
2023-09-11,6233.740234375,6233.740234375,6198.5,6217.56005859375,75300
2023-09-12,6230.2001953125,6260.8701171875,6230.2001953125,6238.89013671875,101800
2023-09-13,6149.18017578125,6239.39990234375,6149.18017578125,6235.81982421875,92000
2023-09-14,6208.39990234375,6208.39990234375,6149.2900390625,6156.64990234375,66600
2023-09-15,6126.33984375,6216.4599609375,6126.33984375,6202.89013671875,167200
2023-09-18,6124.56982421875,6159.68017578125,6085.169921875,6157.22021484375,66700
2023-09-19,6047.97021484375,6121.16015625,6034.35986328125,6121.06982421875,66300
2023-09-20,6041.0400390625,6061.64990234375,5998.31005859375,6049.02001953125,86900
2023-09-21,6094.7099609375,6094.7099609375,6043.1298828125,6053.9599609375,96500
2023-09-22,6142.7900390625,6142.7900390625,6086.77978515625,6096.8798828125,76800
2023-09-25,6172.83984375,6191.4599609375,6118.14013671875,6156.8701171875,134300
2023-09-26,6263.93994140625,6280.72021484375,6171.77978515625,6183.5400390625,108400
2023-09-27,6374.68017578125,6374.68017578125,6245.72998046875,6254.35009765625,103900
2023-09-28,6385.52001953125,6412.93994140625,6335.47021484375,6365.64990234375,73000
2023-09-29,6321.240234375,6392.08984375,6321.240234375,6383.41015625,154300
2023-10-02,6304.52978515625,6339.2900390625,6304.52978515625,6334.0,68800
2023-10-03,6305.990234375,6307.93994140625,6253.330078125,6304.08984375,96700
2023-10-04,6298.2001953125,6298.2001953125,6270.35986328125,6289.2998046875,68700
2023-10-05,6178.60009765625,6289.669921875,6178.60009765625,6266.0,108600
2023-10-06,6259.9501953125,6270.89013671875,6166.68994140625,6196.0498046875,85400
2023-10-09,6252.16015625,6271.72021484375,6227.25,6238.169921875,79100
2023-10-10,6264.06982421875,6303.43994140625,6263.740234375,6265.85986328125,141400
2023-10-11,6253.9599609375,6308.0498046875,6253.9599609375,6280.85009765625,121700
2023-10-12,6263.06005859375,6283.72021484375,6234.60009765625,6266.0400390625,71100
2023-10-13,6266.33984375,6283.5,6260.5,6264.66015625,55500
2023-10-16,6198.830078125,6265.85009765625,6198.830078125,6261.72021484375,71900
2023-10-17,6280.89990234375,6286.2099609375,6215.1298828125,6215.1298828125,97800
2023-10-18,6268.27001953125,6290.0498046875,6255.02978515625,6278.5,148600
2023-10-19,6219.16015625,6263.22021484375,6216.10009765625,6263.22021484375,87200
2023-10-20,6142.89990234375,6208.5,6142.89990234375,6208.5,77000
2023-10-23,6088.43994140625,6139.0498046875,6065.3701171875,6135.7001953125,58000
2023-10-24,6039.72021484375,6103.6201171875,6039.72021484375,6086.43994140625,50000
2023-10-25,6054.5,6080.490234375,6026.43017578125,6050.10009765625,71300
2023-10-26,6018.490234375,6051.259765625,5974.169921875,6051.259765625,85900
2023-10-27,5961.990234375,5999.5498046875,5956.85986328125,5996.2001953125,82400
2023-10-31,5973.77978515625,5980.81982421875,5920.47021484375,5971.740234375,86600
2023-11-03,5989.27001953125,6083.68994140625,5989.27001953125,6039.3798828125,81700
2023-11-06,6006.58984375,6078.02978515625,6006.58984375,6006.58984375,56500
2023-11-07,6131.31982421875,6131.31982421875,6055.68017578125,6081.43994140625,54600
2023-11-08,6155.02978515625,6155.02978515625,6103.64013671875,6133.18994140625,64900
2023-11-09,6188.22021484375,6203.72021484375,6155.64990234375,6155.64990234375,85700
2023-11-10,6161.89013671875,6189.0,6127.9599609375,6189.0,61600
2023-11-13,6116.14013671875,6158.759765625,6114.33984375,6158.22021484375,38000
2023-11-14,6110.8798828125,6128.06982421875,6079.14990234375,6122.39013671875,62600
2023-11-15,6171.1298828125,6173.259765625,6106.58984375,6114.580078125,75500
2023-11-16,6191.47998046875,6191.47998046875,6164.2001953125,6177.6298828125,78100
2023-11-17,6211.89013671875,6232.1201171875,6171.169921875,6172.39013671875,85000
2023-11-20,6183.6298828125,6211.97021484375,6174.52001953125,6206.31005859375,70900
2023-11-21,6208.830078125,6219.06005859375,6183.0498046875,6196.990234375,91800
2023-11-22,6253.18017578125,6253.18017578125,6204.22998046875,6213.68017578125,59600
2023-11-23,6246.2001953125,6259.66015625,6233.669921875,6249.4599609375,51300
2023-11-24,6269.5,6271.6298828125,6237.66015625,6249.7900390625,57100
2023-11-28,6309.56982421875,6310.97021484375,6274.16015625,6274.16015625,108200
2023-11-29,6265.14013671875,6329.419921875,6265.14013671875,6306.9599609375,91200
2023-11-30,6223.72998046875,6259.27978515625,6207.06982421875,6258.8701171875,142800
2023-12-01,6245.18017578125,6254.02978515625,6221.52001953125,6230.8701171875,57800
2023-12-04,6284.3701171875,6284.3701171875,6234.22021484375,6237.8701171875,52600
2023-12-05,6308.9501953125,6308.9501953125,6235.580078125,6288.85986328125,70100
2023-12-06,6305.85009765625,6306.39013671875,6273.97021484375,6306.39013671875,81900
2023-12-07,6234.77001953125,6306.419921875,6227.72021484375,6304.7099609375,72600
2023-12-11,6228.2900390625,6228.2900390625,6167.2099609375,6203.39013671875,107100
2023-12-12,6292.39013671875,6292.39013671875,6206.8798828125,6225.75,61800
2023-12-13,6255.740234375,6306.009765625,6245.66015625,6256.669921875,54500
2023-12-14,6410.47998046875,6411.240234375,6280.259765625,6280.259765625,156500
2023-12-15,6478.43994140625,6478.43994140625,6396.47998046875,6402.75,238200
2023-12-18,6475.5,6516.330078125,6452.419921875,6459.91015625,118400
2023-12-19,6521.27001953125,6524.580078125,6455.009765625,6455.009765625,114500
2023-12-20,6520.75,6566.41015625,6500.97021484375,6521.9599609375,197400
2023-12-21,6469.22998046875,6496.419921875,6428.1201171875,6486.27001953125,204200
2023-12-22,6501.0,6501.0,6459.68017578125,6466.93017578125,158300
2023-12-27,6462.7998046875,6500.5400390625,6462.7998046875,6499.60009765625,86900
2023-12-28,6519.10986328125,6519.10986328125,6472.2900390625,6478.60009765625,61000
2023-12-29,6450.0400390625,6523.830078125,6450.0400390625,6514.75,78000
2024-01-02,6554.0400390625,6555.60986328125,6464.33984375,6478.52001953125,63600
2024-01-03,6498.8798828125,6544.89990234375,6483.7998046875,6539.81005859375,43700
2024-01-04,6602.52001953125,6602.919921875,6493.3701171875,6505.10986328125,88800
2024-01-05,6629.64013671875,6629.64013671875,6583.06005859375,6606.240234375,99400
2024-01-08,6609.22021484375,6661.25,6609.22021484375,6633.2099609375,85300
2024-01-09,6618.52001953125,6678.35009765625,6618.52001953125,6628.5498046875,96500
2024-01-10,6546.10986328125,6593.77001953125,6546.10986328125,6587.669921875,84000
2024-01-11,6613.72998046875,6637.7001953125,6562.3701171875,6562.3701171875,78700
2024-01-12,6643.18017578125,6676.5400390625,6619.91015625,6619.91015625,70200
2024-01-15,6680.4501953125,6695.41015625,6650.41015625,6655.990234375,70300
2024-01-16,6637.0,6695.169921875,6637.0,6681.669921875,89800
2024-01-17,6572.509765625,6663.68017578125,6567.759765625,6647.080078125,133300
2024-01-18,6510.8701171875,6570.2998046875,6500.31005859375,6567.2900390625,86700
2024-01-19,6503.5400390625,6528.68017578125,6496.9599609375,6528.68017578125,66000
2024-01-22,6583.47021484375,6583.47021484375,6532.830078125,6532.830078125,75000
2024-01-23,6621.8798828125,6624.43017578125,6593.06982421875,6594.2900390625,67100
2024-01-24,6679.9599609375,6679.9599609375,6626.81982421875,6630.259765625,76600
2024-01-25,6673.5,6687.1201171875,6644.58984375,6676.39990234375,88500
2024-01-26,6686.08984375,6686.08984375,6643.830078125,6674.43994140625,72500
2024-01-29,6630.68017578125,6689.18017578125,6630.68017578125,6680.68017578125,54800
2024-01-30,6622.009765625,6662.43994140625,6622.009765625,6636.0400390625,83000
2024-01-31,6646.43994140625,6722.31982421875,6633.4501953125,6633.4501953125,97100
2024-02-01,6623.009765625,6644.10986328125,6601.33984375,6623.93994140625,65600
2024-02-02,6707.25,6765.3798828125,6652.0400390625,6652.47998046875,136900
2024-02-05,6728.22021484375,6760.41015625,6702.1201171875,6702.1201171875,69900
2024-02-06,6755.259765625,6774.2099609375,6695.81982421875,6756.72021484375,80100
2024-02-07,6830.0400390625,6877.60986328125,6772.93017578125,6772.93017578125,104600
2024-02-08,6850.16015625,6931.5498046875,6844.60986328125,6844.60986328125,112200
2024-02-12,6807.81982421875,6891.68994140625,6807.81982421875,6856.4501953125,74900
2024-02-13,6827.919921875,6848.56982421875,6824.080078125,6824.080078125,99300
2024-02-14,6854.52978515625,6854.52978515625,6780.72998046875,6810.64013671875,82300
2024-02-15,6882.14990234375,6918.14990234375,6855.72998046875,6862.3798828125,83400
2024-02-16,6873.22998046875,6916.43017578125,6873.22998046875,6893.22021484375,93200
2024-02-19,6798.60986328125,6901.31005859375,6798.60986328125,6882.31982421875,92800
2024-02-20,6854.66015625,6860.7998046875,6818.14013671875,6818.14013671875,73200
2024-02-21,6897.35986328125,6897.35986328125,6833.919921875,6846.52978515625,84900
2024-02-22,6903.14990234375,6922.5,6896.330078125,6899.60986328125,72300
2024-02-23,6913.2099609375,6990.64990234375,6913.2099609375,6915.25,71400
2024-02-26,6891.490234375,6941.85009765625,6891.490234375,6918.72998046875,59700
2024-02-27,6860.669921875,6887.35986328125,6842.330078125,6887.35986328125,91400
2024-02-28,6876.52001953125,6878.22998046875,6845.81005859375,6864.39013671875,68100
2024-02-29,6944.7099609375,6944.7099609375,6887.91015625,6908.72998046875,153100
2024-03-01,6919.58984375,7005.2998046875,6919.58984375,6931.31982421875,57500
2024-03-04,6951.669921875,7021.0400390625,6908.81005859375,6923.240234375,80600
2024-03-05,6905.4599609375,6981.83984375,6905.4599609375,6969.080078125,88800
2024-03-06,6878.5400390625,6894.47998046875,6861.5498046875,6882.43017578125,89100
2024-03-07,6837.33984375,6851.85986328125,6807.43994140625,6849.6298828125,76900
2024-03-08,6942.2099609375,6942.2099609375,6835.52978515625,6839.740234375,75800
2024-03-11,6872.240234375,6939.5400390625,6852.2099609375,6939.5400390625,79800
2024-03-12,6879.58984375,6928.41015625,6878.490234375,6885.919921875,101400
2024-03-13,6965.509765625,6980.64013671875,6889.56005859375,6890.22998046875,122400
2024-03-14,6967.9599609375,6989.3798828125,6939.009765625,6962.43994140625,118400
2024-03-15,6822.31982421875,6946.7001953125,6790.9599609375,6946.7001953125,405500
2024-03-18,6853.2900390625,6910.2900390625,6838.02978515625,6838.02978515625,76900
2024-03-19,6848.43017578125,6900.58984375,6831.18017578125,6851.35009765625,118500
2024-03-20,6856.77001953125,6871.22021484375,6840.7001953125,6856.02001953125,93100
2024-03-21,6963.22021484375,6963.22021484375,6875.240234375,6875.240234375,87200
2024-03-22,6881.97021484375,6919.759765625,6871.4501953125,6917.68017578125,98100
2024-03-25,6853.10009765625,6886.52978515625,6843.5,6879.75,95500
2024-03-26,6898.169921875,6898.169921875,6797.64990234375,6840.85009765625,92100
2024-03-27,6903.52978515625,6925.3701171875,6884.4599609375,6884.4599609375,113000
2024-04-01,6979.81005859375,6991.77001953125,6947.27001953125,6948.5400390625,85000
2024-04-02,6960.43017578125,7070.72021484375,6960.43017578125,7016.93017578125,133000
2024-04-03,6863.81982421875,6964.93017578125,6863.81982421875,6960.5498046875,64400
2024-04-04,6827.06005859375,6881.580078125,6809.77978515625,6870.89990234375,69400
2024-04-05,6745.4599609375,6819.22998046875,6728.83984375,6819.22998046875,84900
2024-04-08,6741.06982421875,6750.740234375,6686.5,6750.740234375,81400
2024-04-11,6677.64990234375,6727.27001953125,6669.68017578125,6727.27001953125,123400
2024-04-12,6659.39013671875,6719.2001953125,6659.39013671875,6681.259765625,131000
2024-04-15,6562.43017578125,6630.43017578125,6556.93017578125,6630.43017578125,91600
2024-04-16,6404.97021484375,6534.93994140625,6404.97021484375,6534.93994140625,122300
2024-04-17,6450.0400390625,6497.81982421875,6424.81005859375,6432.10009765625,94500
2024-04-18,6523.18994140625,6548.89013671875,6481.009765625,6481.89990234375,101500
2024-04-19,6443.0,6540.81005859375,6406.97998046875,6511.5,103200
2024-04-22,6444.080078125,6509.66015625,6439.43994140625,6484.60986328125,60700
2024-04-23,6506.7998046875,6515.43017578125,6463.64990234375,6463.64990234375,61600
2024-04-24,6572.75,6595.41015625,6538.97998046875,6538.97998046875,66900
2024-04-25,6574.8798828125,6598.14013671875,6574.8798828125,6598.14013671875,53900
2024-04-26,6628.75,6628.75,6547.759765625,6557.9501953125,58500
2024-04-29,6769.64013671875,6769.64013671875,6629.56982421875,6629.56982421875,107600
2024-04-30,6700.490234375,6777.27001953125,6700.490234375,6756.31982421875,95600
2024-05-02,6646.5498046875,6679.5,6634.83984375,6654.97021484375,80500
2024-05-03,6615.5498046875,6666.0498046875,6604.509765625,6664.490234375,83200
2024-05-06,6652.490234375,6683.7099609375,6639.27001953125,6639.27001953125,65400
2024-05-07,6618.580078125,6691.68017578125,6618.580078125,6668.240234375,106400
2024-05-08,6659.18017578125,6659.18017578125,6573.56982421875,6620.35009765625,109000
2024-05-09,6542.4599609375,6719.18994140625,6536.25,6670.85009765625,171700
2024-05-10,6511.93017578125,6598.93017578125,6511.93017578125,6574.22021484375,59700
2024-05-13,6604.25,6612.72998046875,6523.8798828125,6523.8798828125,72500
2024-05-14,6608.35986328125,6608.35986328125,6587.89013671875,6601.93017578125,80900
2024-05-15,6558.6298828125,6578.64990234375,6547.7099609375,6578.64990234375,156500
2024-05-16,6628.2001953125,6628.2001953125,6579.740234375,6589.240234375,251000
2024-05-17,6618.68994140625,6649.60986328125,6578.259765625,6619.509765625,112100
2024-05-20,6682.77978515625,6703.0,6617.580078125,6633.58984375,117900
2024-05-21,6633.66015625,6704.14013671875,6614.509765625,6704.14013671875,124200
2024-05-22,6607.22021484375,6620.56005859375,6578.580078125,6606.7998046875,87200
2024-05-23,6659.990234375,6659.990234375,6606.3701171875,6612.08984375,94900
2024-05-24,6619.89013671875,6634.60986328125,6587.0498046875,6634.60986328125,68400
2024-05-27,6571.60009765625,6595.08984375,6552.2998046875,6590.97021484375,98600
2024-05-28,6501.33984375,6572.9599609375,6495.990234375,6572.9599609375,110900
2024-05-29,6411.41015625,6506.39990234375,6411.41015625,6506.39990234375,89500
2024-05-30,6371.75,6415.60986328125,6341.5400390625,6410.39013671875,111700
2024-05-31,6433.10009765625,6433.10009765625,6356.52001953125,6387.89013671875,606500
2024-06-03,6470.740234375,6472.52001953125,6410.47998046875,6433.5400390625,96300
2024-06-04,6386.419921875,6498.56005859375,6351.18994140625,6498.56005859375,85200
2024-06-05,6441.31982421875,6443.58984375,6367.72998046875,6400.4599609375,73100
2024-06-06,6509.85986328125,6511.72998046875,6453.490234375,6465.1298828125,80300
2024-06-07,6518.759765625,6532.93017578125,6512.0498046875,6524.35986328125,62700
2024-06-10,6458.64013671875,6511.89013671875,6443.52001953125,6511.89013671875,45700
2024-06-11,6410.06982421875,6464.259765625,6410.06982421875,6456.85009765625,55000
2024-06-13,6390.830078125,6446.06005859375,6390.830078125,6428.27978515625,76800
2024-06-14,6383.7001953125,6400.33984375,6370.68017578125,6394.43017578125,68400
2024-06-18,6368.7998046875,6394.330078125,6343.68994140625,6394.330078125,60300
2024-06-19,6366.02978515625,6382.759765625,6364.39990234375,6371.52001953125,101400
2024-06-20,6344.56005859375,6372.75,6313.14990234375,6372.4599609375,85000
2024-06-21,6158.47998046875,6349.669921875,6158.47998046875,6349.669921875,168200
2024-06-24,6272.4599609375,6272.4599609375,6184.72021484375,6202.64013671875,81800
2024-06-25,6299.0498046875,6307.509765625,6281.669921875,6291.08984375,84800
2024-06-26,6313.10986328125,6313.10986328125,6277.85986328125,6308.56982421875,113500
2024-06-27,6390.580078125,6390.580078125,6301.83984375,6314.83984375,69100
2024-06-28,6411.91015625,6442.7900390625,6387.68017578125,6394.72998046875,123100
2024-07-01,6398.77001953125,6436.39990234375,6382.25,6401.9599609375,71800
2024-07-02,6358.9599609375,6399.3701171875,6348.06005859375,6399.3701171875,64000
2024-07-03,6450.02978515625,6451.93994140625,6355.7099609375,6366.580078125,71700
2024-07-04,6507.490234375,6517.64013671875,6437.580078125,6447.2900390625,70100
2024-07-05,6492.75,6560.2001953125,6492.75,6507.27978515625,82000
2024-07-08,6529.43017578125,6559.3798828125,6506.419921875,6506.419921875,94400
2024-07-09,6556.66015625,6557.31982421875,6497.52978515625,6530.0498046875,78800
2024-07-10,6489.35009765625,6561.7099609375,6489.35009765625,6550.0498046875,80900
2024-07-11,6609.240234375,6609.240234375,6492.4599609375,6492.4599609375,90700
2024-07-12,6648.22998046875,6648.22998046875,6589.58984375,6611.39013671875,68100
2024-07-15,6689.3701171875,6738.1201171875,6635.27001953125,6635.27001953125,85800
2024-07-16,6667.08984375,6736.81005859375,6667.08984375,6723.2099609375,85700
2024-07-17,6687.7099609375,6700.18017578125,6629.509765625,6677.85009765625,78900
2024-07-18,6705.009765625,6706.2001953125,6649.93017578125,6663.64990234375,93200
2024-07-19,6791.68994140625,6829.97021484375,6707.4501953125,6707.4501953125,121800
2024-07-22,6712.0498046875,6832.66015625,6712.0498046875,6756.759765625,109400
2024-07-23,6753.1201171875,6753.8798828125,6686.7099609375,6727.580078125,78200
2024-07-25,6670.27001953125,6698.25,6651.68017578125,6698.25,74800
2024-07-26,6726.009765625,6726.009765625,6675.6201171875,6684.6298828125,86600
2024-07-29,6649.22998046875,6761.759765625,6649.22998046875,6728.330078125,121500
2024-07-30,6606.35986328125,6671.33984375,6569.85986328125,6658.9501953125,73600
2024-07-31,6619.08984375,6640.169921875,6597.8701171875,6599.97021484375,135200
2024-08-01,6693.830078125,6693.830078125,6619.7001953125,6645.10009765625,89300
2024-08-02,6605.2998046875,6672.47021484375,6562.91015625,6672.47021484375,80700
2024-08-05,6434.72998046875,6535.56982421875,6397.10009765625,6535.56982421875,121300
2024-08-06,6433.240234375,6512.47021484375,6433.240234375,6439.7998046875,96000
2024-08-07,6535.169921875,6535.169921875,6451.9501953125,6461.85986328125,73000
2024-08-08,6549.27001953125,6570.81982421875,6515.91015625,6536.5,105600
2024-08-09,6647.7998046875,6647.7998046875,6571.64990234375,6571.64990234375,157100
2024-08-12,6613.35986328125,6661.85986328125,6594.58984375,6653.0,69600
2024-08-13,6650.43994140625,6670.0498046875,6615.3798828125,6624.330078125,101300
2024-08-14,6704.9599609375,6723.10986328125,6663.7099609375,6663.7099609375,150500
2024-08-15,6692.91015625,6742.47998046875,6692.91015625,6714.2001953125,120500
2024-08-16,6847.3701171875,6866.66015625,6724.27001953125,6724.27001953125,126000
2024-08-19,6889.8701171875,6943.52978515625,6863.0498046875,6863.0498046875,158200
2024-08-20,6944.759765625,7005.27001953125,6930.7998046875,6930.7998046875,122400
2024-08-21,6900.6201171875,6983.81005859375,6900.6201171875,6952.27001953125,77700
2024-08-22,6961.9599609375,6987.0400390625,6917.2900390625,6917.2900390625,124600
2024-08-27,6973.41015625,7008.8701171875,6967.9501953125,6967.9501953125,118000
2024-08-28,6958.009765625,7016.0400390625,6958.009765625,6985.56005859375,85700
2024-08-29,6891.5498046875,6959.64013671875,6872.5498046875,6953.009765625,100700
2024-08-30,6897.5400390625,6930.419921875,6881.39990234375,6904.509765625,229100
2024-09-02,6923.41015625,6933.509765625,6904.5400390625,6927.25,72900
2024-09-03,6882.919921875,6950.60986328125,6878.47998046875,6934.7001953125,78600
2024-09-04,6882.1201171875,6882.1201171875,6759.93017578125,6814.7099609375,77200
2024-09-05,6907.97021484375,6914.6298828125,6872.7001953125,6876.27001953125,68000
2024-09-06,6936.08984375,6940.47021484375,6886.490234375,6888.7099609375,86800
2024-09-09,6984.25,7025.4599609375,6920.8798828125,6931.2998046875,91700
2024-09-10,6984.6298828125,7109.75,6984.6298828125,7004.02001953125,129300
2024-09-11,6944.8798828125,7017.740234375,6944.8798828125,7001.72998046875,103700
2024-09-12,7024.669921875,7049.81005859375,6975.490234375,6979.740234375,89600
2024-09-13,7022.85009765625,7090.68017578125,7022.85009765625,7049.7099609375,64900
2024-09-16,7104.2001953125,7104.2001953125,7031.1298828125,7032.33984375,61000
2024-09-17,7175.35986328125,7180.72021484375,7094.35986328125,7094.35986328125,96800
2024-09-18,7155.89990234375,7219.169921875,7147.81982421875,7161.75,77500
2024-09-19,7202.16015625,7248.3798828125,7151.27978515625,7151.27978515625,100300
2024-09-20,7252.31982421875,7338.66015625,7219.6201171875,7219.6201171875,194000
2024-09-23,7417.25,7417.25,7291.47021484375,7291.47021484375,105400
2024-09-24,7432.2099609375,7474.43994140625,7425.3701171875,7436.330078125,146800
2024-09-25,7362.6201171875,7441.990234375,7341.1298828125,7422.35986328125,96500
2024-09-26,7458.740234375,7458.740234375,7369.35009765625,7374.7099609375,99300
2024-09-27,7428.2998046875,7436.4599609375,7402.35009765625,7428.490234375,81600
2024-09-30,7272.64990234375,7421.240234375,7272.64990234375,7417.47998046875,91300
2024-10-01,7380.31982421875,7388.14990234375,7278.14990234375,7278.14990234375,65700
2024-10-02,7402.81005859375,7412.8701171875,7335.18994140625,7351.77001953125,65000
2024-10-03,7388.919921875,7470.39013671875,7388.919921875,7406.7900390625,84200
2024-10-04,7467.919921875,7467.919921875,7392.41015625,7392.490234375,96100
2024-10-07,7554.68017578125,7604.60986328125,7464.81005859375,7464.81005859375,110500
2024-10-08,7537.25,7546.2900390625,7488.990234375,7535.33984375,91700
2024-10-09,7424.52001953125,7518.2099609375,7424.52001953125,7518.2099609375,85100
2024-10-10,7411.47021484375,7457.41015625,7399.43017578125,7416.43017578125,75000
2024-10-11,7310.31982421875,7415.18994140625,7291.0498046875,7415.18994140625,72900
2024-10-14,7326.41015625,7404.4599609375,7326.41015625,7334.58984375,56800
2024-10-15,7456.31005859375,7479.58984375,7359.10009765625,7359.10009765625,76600
2024-10-16,7437.0,7483.77978515625,7430.39990234375,7471.8798828125,115800
2024-10-17,7400.330078125,7484.669921875,7400.330078125,7468.0400390625,91100
2024-10-18,7415.72998046875,7447.93994140625,7393.14990234375,7427.58984375,64200
2024-10-21,7406.6298828125,7428.02001953125,7386.85009765625,7416.81005859375,38300
2024-10-22,7413.16015625,7452.740234375,7398.990234375,7414.1298828125,94300
2024-10-23,7367.66015625,7415.89990234375,7346.240234375,7411.31005859375,101900
2024-10-24,7283.7900390625,7354.06982421875,7283.7900390625,7354.06982421875,73200
2024-10-25,7314.22998046875,7317.43017578125,7272.2099609375,7283.7900390625,57700
2024-10-28,7343.240234375,7355.5498046875,7296.02978515625,7314.419921875,48100
2024-10-29,7239.97998046875,7331.89013671875,7230.97021484375,7331.89013671875,79600
2024-10-30,7280.240234375,7280.240234375,7184.72021484375,7215.72021484375,73600
2024-10-31,7142.9599609375,7252.10986328125,7142.9599609375,7252.10986328125,72100
2024-11-04,7136.10009765625,7150.56005859375,7106.68017578125,7150.56005859375,61600
2024-11-05,7257.93994140625,7257.93994140625,7131.259765625,7131.259765625,64900
2024-11-06,7165.419921875,7262.240234375,7154.8798828125,7252.9501953125,63100
2024-11-07,7014.43994140625,7142.5400390625,6923.990234375,7142.5400390625,126600
2024-11-08,6977.18017578125,7010.02001953125,6899.2001953125,7010.02001953125,93200
2024-11-11,6940.009765625,6969.169921875,6900.93017578125,6967.47998046875,65900
2024-11-12,6810.10986328125,6953.97021484375,6810.10986328125,6934.10986328125,90500
2024-11-13,6714.330078125,6832.990234375,6714.330078125,6815.60986328125,118000
2024-11-14,6557.08984375,6730.3798828125,6557.08984375,6730.3798828125,127000
2024-11-15,6676.64990234375,6694.58984375,6565.14990234375,6567.43994140625,97700
2024-11-18,6761.35009765625,6774.240234375,6693.39013671875,6710.669921875,91200
2024-11-19,6803.18994140625,6835.22998046875,6758.3798828125,6768.93994140625,91500
2024-11-20,6975.6298828125,6975.6298828125,6775.72021484375,6829.2099609375,93800
2024-11-21,6863.009765625,6919.56982421875,6857.89990234375,6890.759765625,80700
2024-11-22,6780.1298828125,6856.27978515625,6771.3701171875,6856.27978515625,62600
2024-11-25,6850.0,6880.759765625,6794.47021484375,6803.10009765625,138200
2024-11-26,6806.85986328125,6859.16015625,6806.85986328125,6852.990234375,67800
2024-11-27,6702.58984375,6823.14013671875,6702.58984375,6820.97998046875,65000
2024-11-28,6638.5400390625,6638.5400390625,6638.5400390625,6638.5400390625,0
2024-11-29,6613.85009765625,6683.5400390625,6609.56005859375,6634.25,101200
2024-12-02,6742.89013671875,6742.89013671875,6625.7001953125,6625.7001953125,69000
2024-12-03,6734.2099609375,6771.919921875,6707.14990234375,6771.919921875,77300
2024-12-04,6729.9599609375,6762.8798828125,6701.35009765625,6743.85986328125,85000
2024-12-05,6690.77001953125,6737.22998046875,6683.669921875,6730.06005859375,81300
2024-12-06,6729.14013671875,6729.14013671875,6645.27978515625,6692.9501953125,63600
2024-12-09,6680.56982421875,6729.14013671875,6670.22998046875,6729.14013671875,66100
2024-12-10,6724.81982421875,6742.009765625,6648.240234375,6729.0498046875,101100
2024-12-11,6642.7099609375,6724.89990234375,6642.7099609375,6720.93017578125,75100
2024-12-12,6641.35009765625,6667.97998046875,6598.5,6622.330078125,132100
2024-12-13,6616.509765625,6633.60009765625,6583.60986328125,6631.60986328125,77800
2024-12-16,6615.16015625,6633.89013671875,6575.06982421875,6622.509765625,89400
2024-12-17,6501.7099609375,6591.240234375,6462.72021484375,6591.240234375,134700
2024-12-18,6469.080078125,6520.81005859375,6461.18994140625,6512.490234375,71700
2024-12-19,6395.60009765625,6439.3798828125,6337.830078125,6439.3798828125,113600
2024-12-20,6406.3798828125,6476.93017578125,6401.85986328125,6415.81982421875,111700
2024-12-23,6534.91015625,6534.91015625,6382.2001953125,6422.740234375,62100
2024-12-26,6539.02001953125,6539.509765625,6489.47021484375,6523.56005859375,38200
2024-12-27,6528.7900390625,6560.33984375,6472.75,6558.81005859375,86600
2025-01-02,6550.39013671875,6550.39013671875,6484.56982421875,6527.83984375,45300
2025-01-03,6603.81005859375,6627.1201171875,6521.60986328125,6540.31982421875,61200
2025-01-06,6625.169921875,6661.1298828125,6602.759765625,6623.22998046875,49000
2025-01-07,6545.3798828125,6640.990234375,6545.3798828125,6628.16015625,81000
2025-01-08,6496.72021484375,6566.7099609375,6496.72021484375,6565.2900390625,70300
2025-01-09,6511.56982421875,6516.7001953125,6460.60009765625,6501.0,62700
2025-01-10,6496.31982421875,6520.2900390625,6473.1298828125,6516.4599609375,62200
2025-01-13,6343.10009765625,6492.8701171875,6343.10009765625,6492.8701171875,82000
2025-01-14,6299.669921875,6374.72021484375,6290.89013671875,6353.9501953125,98300
2025-01-15,6330.4599609375,6373.06982421875,6309.08984375,6332.64990234375,112100
2025-01-16,6265.52001953125,6419.259765625,6265.52001953125,6370.580078125,121200
2025-01-17,6352.1201171875,6352.1201171875,6278.10986328125,6329.43017578125,67700
2025-01-20,6349.89013671875,6382.25,6316.85009765625,6319.830078125,85200
2025-01-21,6340.2099609375,6368.02978515625,6326.2998046875,6339.240234375,70400
2025-01-22,6348.33984375,6392.0498046875,6335.58984375,6335.58984375,104100
2025-01-23,6378.85986328125,6385.72998046875,6319.39013671875,6359.3701171875,69300
2025-01-24,6296.2001953125,6378.7001953125,6296.2001953125,6367.8701171875,70400
2025-01-27,6196.8798828125,6325.60986328125,6196.8798828125,6320.77978515625,82000
2025-01-28,6153.47021484375,6248.31005859375,6153.47021484375,6212.080078125,66100
2025-01-30,6107.66015625,6163.02001953125,6076.93017578125,6163.02001953125,138800
2025-01-31,5862.58984375,6128.93017578125,5862.58984375,6122.6298828125,593900
2025-02-03,5883.0400390625,5994.0400390625,5883.0400390625,5986.64990234375,240700
2025-02-04,6089.06005859375,6094.0,5930.740234375,5930.740234375,96700
2025-02-05,6281.080078125,6282.06982421875,6094.66015625,6102.490234375,131900
2025-02-06,6241.97021484375,6281.08984375,6206.72021484375,6281.08984375,76500
2025-02-07,6154.990234375,6254.64990234375,6154.990234375,6254.64990234375,81800
2025-02-10,6037.1201171875,6188.89013671875,6030.5,6167.56982421875,79500
2025-02-11,5987.75,6059.31005859375,5955.72998046875,6059.31005859375,86500
2025-02-12,6044.1298828125,6073.830078125,5957.47998046875,6013.43017578125,106400
2025-02-13,6113.18994140625,6117.27001953125,6022.93994140625,6038.169921875,88100
2025-02-14,6061.330078125,6113.4501953125,6061.330078125,6111.990234375,121600
2025-02-17,5993.47998046875,6070.02001953125,5968.52978515625,6070.02001953125,136500
2025-02-18,6094.9599609375,6107.6201171875,5994.64013671875,5994.64013671875,108000
2025-02-19,6119.8798828125,6142.85986328125,6089.64990234375,6097.77001953125,101600
2025-02-20,6066.6298828125,6126.77001953125,6050.2900390625,6126.77001953125,106200
2025-02-21,6098.0400390625,6114.580078125,6068.990234375,6070.2998046875,74600
2025-02-24,6095.97021484375,6114.60009765625,6060.47021484375,6108.02001953125,76300
2025-02-25,6064.16015625,6106.33984375,6030.06005859375,6101.2900390625,71000
2025-02-26,6144.9599609375,6144.9599609375,6058.2099609375,6070.58984375,98800
2025-02-27,6124.08984375,6168.830078125,6122.0498046875,6151.2998046875,90800
2025-02-28,5997.97021484375,6143.16015625,5997.97021484375,6143.16015625,531900
2025-03-03,6037.18994140625,6087.10009765625,6037.18994140625,6045.56982421875,169300
2025-03-04,6064.10986328125,6081.27001953125,6000.5400390625,6040.93994140625,104300
2025-03-05,6121.77001953125,6141.60009765625,6057.72021484375,6060.9501953125,137100
2025-03-06,6219.9599609375,6275.33984375,6135.97021484375,6139.41015625,116800
2025-03-07,6298.2900390625,6306.169921875,6224.2001953125,6237.22021484375,94700
2025-03-10,6360.77001953125,6360.77001953125,6279.419921875,6283.08984375,101800
2025-03-11,6206.5498046875,6311.33984375,6156.97021484375,6311.2998046875,164900
2025-03-12,6195.259765625,6195.259765625,6123.8798828125,6173.740234375,121200
2025-03-13,6242.06982421875,6271.490234375,6206.6298828125,6212.10009765625,108400
2025-03-14,6294.10986328125,6299.7001953125,6236.60009765625,6251.4599609375,100700
2025-03-17,6306.18994140625,6335.9501953125,6306.18994140625,6313.240234375,85800
2025-03-18,6284.68017578125,6329.740234375,6284.68017578125,6312.6298828125,89100
2025-03-19,6313.1201171875,6313.1201171875,6245.240234375,6268.5,140600
2025-03-20,6323.1298828125,6337.72021484375,6305.52978515625,6315.10986328125,76900
2025-03-21,6266.75,6325.93994140625,6266.75,6325.93994140625,154500
2025-03-24,6192.02001953125,6266.43017578125,6187.490234375,6266.43017578125,123800
2025-03-25,6159.85009765625,6194.02001953125,6106.39013671875,6194.02001953125,79800
2025-03-26,6166.0498046875,6166.0498046875,6114.35986328125,6162.18994140625,99800
2025-03-27,6139.509765625,6180.22021484375,6125.52001953125,6180.22021484375,100900
2025-03-28,6147.43994140625,6151.2998046875,6126.60009765625,6142.990234375,64400
2025-03-31,6180.72021484375,6180.72021484375,6105.93017578125,6149.18994140625,111800
2025-04-02,6247.68017578125,6247.68017578125,6170.35986328125,6197.22021484375,90000
2025-04-03,6145.72998046875,6221.02001953125,6112.77978515625,6221.02001953125,68900
2025-04-04,6084.18994140625,6111.10986328125,6053.740234375,6111.10986328125,69300
2025-04-07,5822.85009765625,5900.18994140625,5804.56005859375,5900.18994140625,151400
2025-04-08,6006.33984375,6006.33984375,5839.06005859375,5839.06005859375,97700
2025-04-10,6077.81982421875,6197.72021484375,6067.97021484375,6197.72021484375,134000
2025-04-11,6082.43994140625,6087.18017578125,5970.080078125,6048.740234375,70200
2025-04-14,6145.52001953125,6145.52001953125,6091.60986328125,6111.60009765625,0
2025-04-15,6186.10009765625,6186.10009765625,6128.22998046875,6131.52978515625,133100
2025-04-16,6134.6201171875,6178.080078125,6121.259765625,6175.06005859375,73500
2025-04-21,6138.0,6152.3798828125,6120.2998046875,6143.06982421875,74300
2025-04-22,6145.58984375,6150.240234375,6112.259765625,6146.16015625,66300
2025-04-23,6168.47998046875,6168.47998046875,6111.7099609375,6148.47998046875,163200
2025-04-24,6158.47998046875,6183.8701171875,6146.41015625,6167.27978515625,100300
2025-04-25,6268.75,6294.72021484375,6188.1201171875,6188.1201171875,266500
2025-04-28,6249.5,6323.4501953125,6249.5,6293.509765625,224500
2025-04-29,6252.18994140625,6285.97998046875,6223.75,6268.52978515625,121900
2025-04-30,6354.990234375,6375.4501953125,6278.5400390625,6280.27978515625,183200
2025-05-02,6411.85986328125,6452.6298828125,6370.93994140625,6373.97021484375,153500
2025-05-05,6359.6298828125,6445.35009765625,6359.6298828125,6418.6201171875,192100
2025-05-06,6418.68994140625,6437.97998046875,6368.85009765625,6368.85009765625,241100
2025-05-07,6465.4501953125,6531.990234375,6458.35009765625,6458.35009765625,178800
2025-05-08,6389.490234375,6516.85009765625,6389.490234375,6474.7001953125,139500
2025-05-09,6458.2001953125,6487.490234375,6433.93994140625,6441.35009765625,185600
2025-05-13,6566.81982421875,6566.81982421875,6499.8701171875,6506.22021484375,153200
2025-05-14,6551.81005859375,6591.93994140625,6550.06005859375,6558.56005859375,215400
2025-05-15,6466.85986328125,6537.47021484375,6436.0,6537.47021484375,186000
2025-05-16,6465.52978515625,6471.8798828125,6403.02978515625,6459.740234375,97700
2025-05-19,6454.83984375,6482.8701171875,6445.02001953125,6482.8701171875,143000
2025-05-20,6335.330078125,6458.27001953125,6335.330078125,6458.27001953125,160700
2025-05-21,6375.35009765625,6375.35009765625,6315.0400390625,6343.7998046875,116100
2025-05-22,6305.3701171875,6360.3798828125,6269.08984375,6360.3798828125,126800
2025-05-23,6413.10009765625,6413.10009765625,6335.06005859375,6335.06005859375,117800
2025-05-26,6389.93994140625,6405.31005859375,6373.35009765625,6403.31982421875,115300
2025-05-27,6384.6201171875,6399.85009765625,6374.91015625,6387.31982421875,162400
2025-05-28,6425.7998046875,6473.81982421875,6411.009765625,6411.009765625,168400
2025-05-29,6412.81005859375,6453.72021484375,6412.81005859375,6452.93017578125,129000
2025-05-30,6341.52978515625,6456.27001953125,6337.240234375,6444.919921875,512100
2025-06-02,6352.66015625,6367.91015625,6319.2900390625,6350.3701171875,150000
2025-06-03,6412.85986328125,6412.85986328125,6366.31982421875,6366.31982421875,209400
2025-06-04,6378.56005859375,6428.89013671875,6378.56005859375,6420.27001953125,165900
2025-06-05,6376.7900390625,6401.669921875,6361.580078125,6379.14013671875,166100
2025-06-09,6406.1298828125,6406.1298828125,6368.9599609375,6386.990234375,221700
2025-06-10,6347.669921875,6413.18017578125,6340.240234375,6403.75,374100
2025-06-11,6381.31982421875,6384.4501953125,6345.77001953125,6359.52978515625,211200
2025-06-13,6395.58984375,6422.89990234375,6394.85009765625,6405.759765625,309600
2025-06-16,6358.580078125,6377.27001953125,6335.97998046875,6375.68017578125,152800
2025-06-17,6369.18994140625,6396.93994140625,6364.77001953125,6378.58984375,150800
2025-06-18,6337.43017578125,6386.0400390625,6332.580078125,6375.5400390625,141100
2025-06-19,6357.009765625,6365.97021484375,6320.56005859375,6344.33984375,0
2025-06-20,6339.77001953125,6370.27978515625,6332.5,6358.33984375,471100
2025-06-23,6218.27978515625,6300.169921875,6204.0400390625,6300.169921875,165900
2025-06-24,6292.75,6331.02001953125,6259.6201171875,6259.6201171875,133600
2025-06-25,6325.64013671875,6337.9599609375,6307.97021484375,6307.97021484375,114600
2025-06-26,6330.64990234375,6345.66015625,6306.41015625,6340.990234375,179000
2025-06-27,6408.27001953125,6417.240234375,6334.740234375,6334.740234375,165500
2025-06-30,6364.93994140625,6448.02001953125,6364.93994140625,6414.06005859375,199000
2025-07-01,6423.85009765625,6423.85009765625,6372.58984375,6393.66015625,210400
2025-07-02,6419.0498046875,6419.0498046875,6385.5400390625,6416.9501953125,152200
2025-07-03,6468.97998046875,6489.66015625,6401.2001953125,6401.2001953125,244800
2025-07-04,6395.56982421875,6470.009765625,6395.56982421875,6469.41015625,128900
2025-07-07,6425.240234375,6425.240234375,6376.990234375,6403.56982421875,117900
2025-07-08,6433.60009765625,6447.419921875,6393.31005859375,6422.830078125,124500
2025-07-09,6504.33984375,6508.60009765625,6438.6201171875,6438.6201171875,143800
2025-07-10,6463.2001953125,6536.68017578125,6463.2001953125,6511.919921875,147200
2025-07-11,6459.8798828125,6488.14990234375,6450.41015625,6481.4501953125,109000
2025-07-14,6525.0400390625,6547.7998046875,6476.56982421875,6479.1298828125,106000
2025-07-15,6459.47021484375,6537.85009765625,6459.47021484375,6529.93994140625,113600
2025-07-16,6337.47998046875,6428.259765625,6309.31005859375,6428.259765625,131500
2025-07-17,6295.5498046875,6358.58984375,6285.41015625,6347.10009765625,132700
2025-07-18,6303.72021484375,6339.85986328125,6290.60009765625,6312.64013671875,122100
2025-07-21,6352.740234375,6355.08984375,6310.10009765625,6310.10009765625,101500
2025-07-22,6355.68994140625,6365.259765625,6326.259765625,6365.259765625,76300
2025-07-23,6462.25,6462.25,6370.33984375,6370.33984375,99000
2025-07-24,6444.16015625,6466.10009765625,6436.33984375,6451.6201171875,77900
2025-07-25,6413.18017578125,6461.85009765625,6393.830078125,6461.85009765625,88300
2025-07-28,6379.75,6417.43017578125,6340.509765625,6411.259765625,116000
2025-07-29,6325.419921875,6384.22998046875,6316.7001953125,6384.22998046875,134400
2025-07-30,6318.22998046875,6333.919921875,6305.509765625,6328.77978515625,64500
2025-07-31,6252.72998046875,6315.490234375,6222.0400390625,6314.39990234375,112900
2025-08-01,6306.1298828125,6306.1298828125,6245.02001953125,6257.2900390625,82100
2025-08-04,6348.64990234375,6348.64990234375,6258.93017578125,6315.5400390625,95400
2025-08-05,6353.6298828125,6375.3798828125,6334.81982421875,6355.52001953125,82300
2025-08-06,6370.64990234375,6412.43017578125,6348.72998046875,6355.89013671875,107000
2025-08-07,6364.68994140625,6388.580078125,6310.97021484375,6386.91015625,114800
2025-08-08,6339.3798828125,6377.490234375,6322.830078125,6355.31982421875,97800
2025-08-11,6254.35986328125,6342.6298828125,6244.77001953125,6340.2900390625,119900
2025-08-12,6289.85009765625,6299.41015625,6260.169921875,6266.759765625,154300
2025-08-13,6325.08984375,6340.5,6286.68017578125,6300.35986328125,218000
2025-08-14,6291.85009765625,6366.77978515625,6291.85009765625,6346.169921875,145400
2025-08-15,6315.93017578125,6321.169921875,6266.7099609375,6313.43017578125,257900
2025-08-18,6288.8798828125,6336.35986328125,6286.08984375,6331.009765625,85300
2025-08-19,6277.669921875,6290.169921875,6237.509765625,6288.580078125,103100
2025-08-20,6277.8701171875,6301.5,6270.93994140625,6288.27978515625,90100
2025-08-22,6281.580078125,6309.240234375,6267.5498046875,6309.240234375,86700
2025-08-26,6145.240234375,6271.75,6145.240234375,6267.93017578125,180000
2025-08-27,6273.33984375,6277.91015625,6184.22998046875,6197.56982421875,119500
2025-08-28,6190.18994140625,6279.0498046875,6190.18994140625,6279.0498046875,96800
2025-08-29,6155.56982421875,6207.7998046875,6137.08984375,6186.6298828125,101100
2025-09-01,6140.35009765625,6170.68017578125,6114.33984375,6170.68017578125,60500
2025-09-02,6128.89013671875,6145.68017578125,6076.27001953125,6145.259765625,101500
2025-09-03,6082.93017578125,6113.35009765625,6065.10009765625,6113.35009765625,69000
2025-09-04,6106.919921875,6115.990234375,6088.2099609375,6095.14990234375,78700
2025-09-05,6149.1298828125,6175.47998046875,6122.89990234375,6131.39013671875,74600
2025-09-08,6101.85986328125,6170.240234375,6101.85986328125,6162.009765625,89900
2025-09-09,6122.7099609375,6142.330078125,6100.22998046875,6107.419921875,107500
2025-09-10,6120.08984375,6151.72998046875,6109.33984375,6134.3701171875,106200
2025-09-11,6126.89013671875,6138.27001953125,6114.10986328125,6137.72021484375,103500
2025-09-12,6109.2099609375,6146.64990234375,6102.009765625,6133.52001953125,175500
2025-09-15,6057.43017578125,6116.10009765625,6036.6298828125,6116.10009765625,104800
2025-09-16,6148.740234375,6158.5,6066.72998046875,6066.72998046875,121100
2025-09-17,6210.66015625,6225.4501953125,6155.22021484375,6167.68994140625,102500
2025-09-18,6233.6201171875,6233.6201171875,6186.14990234375,6197.83984375,95800
2025-09-19,6264.490234375,6287.3798828125,6248.4599609375,6255.7900390625,178100
2025-09-22,6214.830078125,6256.080078125,6210.68994140625,6256.080078125,65900
2025-09-23,6118.5400390625,6236.14990234375,6118.5400390625,6222.4599609375,78200
2025-09-24,6108.72021484375,6149.2099609375,6080.419921875,6132.31982421875,62400
2025-09-25,6042.27978515625,6120.89013671875,6032.2001953125,6117.2900390625,92800
2025-09-26,6027.1201171875,6067.0400390625,5997.75,6067.0400390625,105200
2025-09-29,5997.60009765625,6059.08984375,5984.08984375,6042.93994140625,63200
2025-09-30,5953.4599609375,6008.60986328125,5905.35009765625,5991.18994140625,113300
2025-10-01,6026.02978515625,6033.58984375,5932.35009765625,5951.85009765625,82700
2025-10-02,6039.759765625,6050.5498046875,6008.5498046875,6025.14990234375,69000
2025-10-03,6108.85986328125,6108.85986328125,6034.47998046875,6063.22021484375,56200
2025-10-06,6000.31982421875,6129.10009765625,6000.31982421875,6111.14990234375,84300
2025-10-07,6083.830078125,6083.830078125,6007.39990234375,6007.39990234375,69300
2025-10-08,6098.740234375,6138.25,6093.89990234375,6097.06005859375,98000
2025-10-09,6057.39990234375,6117.080078125,6056.64990234375,6105.56005859375,85000
2025-10-10,6037.7900390625,6071.419921875,6032.259765625,6051.22998046875,75400
2025-10-13,6052.330078125,6078.3701171875,6002.97998046875,6026.10986328125,73400
2025-10-14,6076.22021484375,6112.990234375,6054.06982421875,6054.06982421875,64400
2025-10-15,6094.10009765625,6110.72998046875,6071.56005859375,6103.4599609375,139100
2025-10-16,6093.669921875,6130.169921875,6093.669921875,6104.47021484375,49300
2025-10-17,6089.52978515625,6120.4501953125,6077.43994140625,6120.4501953125,54800
2025-10-20,6084.06982421875,6141.8701171875,6084.06982421875,6110.68017578125,52100
2025-10-21,6093.52978515625,6130.97998046875,6078.64990234375,6113.5,87900
2025-10-22,6030.8701171875,6093.77978515625,6023.81005859375,6087.83984375,65500
2025-10-23,6053.9599609375,6055.75,6006.60009765625,6024.509765625,74200
2025-10-24,5988.02001953125,6069.89013671875,5980.35009765625,6062.35009765625,191600
2025-10-27,5933.759765625,5996.419921875,5895.02001953125,5996.419921875,86600
2025-10-28,5953.16015625,5961.490234375,5926.5400390625,5934.39013671875,63400
2025-10-29,5963.77001953125,6021.2900390625,5959.02001953125,5961.27978515625,89300
2025-10-30,5929.68017578125,5972.4501953125,5905.27001953125,5961.56005859375,88800
2025-11-03,5828.06005859375,5828.97021484375,5761.31982421875,5801.33984375,50100
2025-11-04,5867.0400390625,5907.1298828125,5849.2099609375,5849.2099609375,97500
2025-11-05,5818.06005859375,5891.22998046875,5763.68017578125,5891.22998046875,85100
2025-11-06,5835.58984375,5876.2998046875,5828.39990234375,5833.8798828125,95600
2025-11-07,5759.3701171875,5804.81982421875,5722.7099609375,5790.669921875,142100
2025-11-10,5702.64013671875,5784.33984375,5702.64013671875,5763.4599609375,132500
2025-11-11,5629.06982421875,5712.169921875,5613.41015625,5712.169921875,148500
2025-11-12,5714.02001953125,5721.43994140625,5646.35009765625,5646.35009765625,79500
2025-11-13,5726.990234375,5768.91015625,5690.68994140625,5704.3701171875,102200
2025-11-14,5584.35009765625,5769.81005859375,5584.35009765625,5726.39013671875,91400
2025-11-17,5779.1201171875,5795.85009765625,5616.10009765625,5616.10009765625,121200
2025-11-18,5756.66015625,5809.509765625,5723.740234375,5803.81982421875,110900
2025-11-19,5813.7099609375,5821.47998046875,5756.39990234375,5756.39990234375,123900
2025-11-20,5930.81005859375,5934.8701171875,5769.5498046875,5805.91015625,153400
2025-11-21,5997.1298828125,5997.1298828125,5853.77978515625,5893.31005859375,132700
2025-11-24,6021.58984375,6021.58984375,5918.509765625,5987.93994140625,194000
2025-11-25,5976.169921875,6066.18017578125,5976.169921875,6016.919921875,153700
2025-11-26,6004.7001953125,6012.43017578125,5960.43017578125,5997.72021484375,122400
2025-11-27,5969.1298828125,6005.4501953125,5929.669921875,6005.4501953125,65300
2025-11-28,6022.240234375,6043.990234375,5973.33984375,5986.5,121700
2025-12-01,5989.2900390625,6110.919921875,5989.2900390625,6052.5,210000
2025-12-02,5994.39990234375,6006.330078125,5972.60009765625,6006.330078125,65000
2025-12-03,5905.83984375,6004.5400390625,5905.83984375,6004.5400390625,98100
2025-12-04,5887.580078125,5922.31982421875,5881.72021484375,5915.6201171875,89300
2025-12-05,5949.22021484375,5955.4599609375,5888.43994140625,5905.259765625,70000
2025-12-09,5976.64013671875,5976.64013671875,5922.72998046875,5963.75,111900
2025-12-10,5959.93994140625,5991.10009765625,5927.97021484375,5991.10009765625,87800
2025-12-11,5990.0,6011.68017578125,5965.4501953125,5973.43994140625,187200
2025-12-12,6036.72021484375,6062.58984375,5993.240234375,6000.490234375,134100
2025-12-15,6058.02001953125,6093.830078125,6031.60986328125,6033.4501953125,122000
2025-12-16,6055.68017578125,6112.2001953125,6053.27001953125,6065.740234375,148300
2025-12-17,6079.02001953125,6111.9501953125,6065.56982421875,6082.2099609375,106900
2025-12-18,6031.47998046875,6080.009765625,6020.66015625,6075.66015625,73900
2025-12-19,5920.8701171875,6068.3798828125,5920.8701171875,6050.35986328125,126600
2025-12-22,6041.259765625,6041.259765625,5951.740234375,5951.740234375,69700
2025-12-23,6041.91015625,6063.81982421875,5988.669921875,6058.10009765625,69700
2025-12-26,6065.64013671875,6077.4599609375,6048.330078125,6058.60009765625,43300
2025-12-29,6052.919921875,6100.7099609375,6052.919921875,6073.89990234375,83800
2026-01-02,6135.06005859375,6135.06005859375,6063.5,6066.39990234375,56100
2026-01-05,6164.52978515625,6237.14013671875,6115.7900390625,6115.7900390625,114800
2026-01-06,6317.91015625,6342.9599609375,6190.06982421875,6190.06982421875,129900
2026-01-07,6292.08984375,6343.27001953125,6244.8798828125,6309.7099609375,95400
2026-01-08,6320.669921875,6378.0498046875,6299.97021484375,6301.75,95200
2026-01-09,6348.14013671875,6367.77001953125,6339.02978515625,6339.10009765625,97600
2026-01-12,6419.9599609375,6431.080078125,6351.47021484375,6351.47021484375,116500
2026-01-13,6408.759765625,6436.93994140625,6392.8798828125,6424.5,98900
2026-01-14,6389.81005859375,6444.10986328125,6389.18017578125,6398.22021484375,91600
2026-01-15,6487.52978515625,6487.52978515625,6384.10986328125,6391.52978515625,142400
2026-01-16,6464.669921875,6494.10009765625,6464.56005859375,6486.2001953125,162400
2026-01-19,6437.77978515625,6491.31982421875,6437.77978515625,6478.72998046875,86000
2026-01-20,6352.85986328125,6445.60986328125,6350.02001953125,6441.89013671875,128400
2026-01-21,6330.10009765625,6357.22998046875,6329.72021484375,6335.5498046875,110700
2026-01-22,6398.60009765625,6413.06982421875,6341.509765625,6341.509765625,75800
2026-01-23,6333.259765625,6404.43017578125,6326.64013671875,6403.77001953125,83100
2026-01-26,6273.8701171875,6357.83984375,6273.8701171875,6346.41015625,74400
2026-01-27,6306.89990234375,6331.72021484375,6283.68994140625,6283.68994140625,159200
2026-01-28,6355.77978515625,6355.77978515625,6287.0400390625,6303.33984375,143500
2026-01-29,6223.35986328125,6365.4599609375,6215.7998046875,6365.4599609375,108800
2026-01-30,6328.97021484375,6328.97021484375,6212.68994140625,6253.4501953125,249400
2026-02-02,6297.080078125,6345.16015625,6284.4599609375,6339.3701171875,107200
2026-02-03,6401.9599609375,6401.9599609375,6314.18994140625,6314.18994140625,102000
2026-02-04,6372.9501953125,6424.18017578125,6372.9501953125,6408.7099609375,108900
2026-02-05,6382.0400390625,6412.64013671875,6382.0400390625,6398.06982421875,98400
2026-02-06,6390.91015625,6400.89990234375,6357.85986328125,6383.0498046875,107500
2026-02-09,6349.16015625,6458.7900390625,6349.16015625,6402.7099609375,92900
2026-02-10,6474.60009765625,6474.60009765625,6383.97998046875,6383.97998046875,87600
2026-02-11,6498.81982421875,6543.35009765625,6474.0400390625,6492.330078125,90400
2026-02-12,6471.25,6519.47998046875,6454.43017578125,6517.18994140625,100500
2026-02-13,6384.580078125,6481.169921875,6384.580078125,6481.169921875,105400
2026-02-16,6368.5498046875,6389.490234375,6328.68017578125,6389.490234375,135200
2026-02-18,6394.77001953125,6395.18994140625,6348.72021484375,6375.9599609375,158300
2026-02-19,6407.14990234375,6427.89990234375,6387.72998046875,6412.35009765625,136800
2026-02-20,6465.1201171875,6465.1201171875,6387.14990234375,6406.080078125,117900
2026-02-23,6488.509765625,6534.0,6468.91015625,6468.91015625,93700
2026-02-24,6547.97998046875,6547.97998046875,6482.1298828125,6508.81982421875,108100
2026-02-25,6619.8701171875,6667.5,6529.89990234375,6551.1201171875,120600
2026-02-26,6625.4599609375,6673.60986328125,6622.240234375,6622.240234375,97200
2026-02-27,6611.240234375,6616.4501953125,6554.39013671875,6607.7900390625,198600
2026-03-02,6426.830078125,6500.18017578125,6425.06982421875,6461.93994140625,131800
2026-03-03,6445.3798828125,6496.2998046875,6421.43994140625,6430.41015625,118100
2026-03-04,6307.83984375,6441.990234375,6247.97998046875,6428.64013671875,161000
2026-03-05,6380.52978515625,6380.52978515625,6312.08984375,6325.169921875,80700
2026-03-06,6320.41015625,6364.509765625,6284.97998046875,6352.5400390625,83600
2026-03-09,6006.22021484375,6198.4501953125,5938.39013671875,6198.4501953125,148300
2026-03-10,6126.66015625,6150.0,6085.4599609375,6085.4599609375,93400
2026-03-11,6158.330078125,6212.9501953125,6158.330078125,6176.52978515625,109500
2026-03-12,6113.580078125,6151.56005859375,6066.83984375,6151.169921875,96600
2026-03-13,6058.93994140625,6099.41015625,6058.93994140625,6090.93994140625,89500
2026-03-16,6006.5498046875,6048.97998046875,5970.31982421875,6048.97998046875,96000
2026-03-17,6026.009765625,6073.10009765625,6014.52001953125,6031.8798828125,96900
2026-03-18,6055.4501953125,6055.4501953125,5998.2099609375,6005.4599609375,73500
2026-03-19,6018.6201171875,6018.6201171875,5934.68017578125,5993.8701171875,137300
2026-03-23,5899.18017578125,5951.93994140625,5816.81982421875,5951.93994140625,130400
2026-03-24,5936.2001953125,5948.64013671875,5911.83984375,5922.77978515625,78200
2026-03-25,6044.169921875,6044.169921875,5960.240234375,5960.6298828125,103700
2026-03-26,5984.2001953125,6062.08984375,5984.2001953125,6062.08984375,76600
2026-03-27,5972.830078125,5980.16015625,5927.3701171875,5963.9501953125,96400
2026-03-30,5869.490234375,5938.16015625,5823.490234375,5938.16015625,146600
2026-03-31,5948.93994140625,5948.93994140625,5828.669921875,5851.66015625,173300
2026-04-01,5998.68017578125,6057.97021484375,5992.4501953125,6009.3701171875,160100
2026-04-06,5948.330078125,6010.31005859375,5912.7001953125,6010.31005859375,74000
2026-04-07,5957.8701171875,5967.580078125,5917.02001953125,5950.02978515625,93800
2026-04-08,6089.91015625,6114.259765625,6061.52978515625,6074.06005859375,134600
2026-04-10,6098.2099609375,6151.7998046875,6095.10986328125,6125.39990234375,95200
2026-04-13,6054.0498046875,6054.0498046875,5970.75,6036.97998046875,115100
2026-04-14,6013.10009765625,6065.6201171875,6013.10009765625,6043.35986328125,110500
2026-04-15,6063.35009765625,6081.14013671875,6043.08984375,6049.47998046875,95600
2026-04-16,6063.68994140625,6100.31982421875,6045.25,6074.5400390625,86500
2026-04-17,5999.1298828125,6069.419921875,5996.89013671875,6063.68994140625,95900
2026-04-20,6016.02978515625,6080.2099609375,6010.7998046875,6028.7998046875,83600
2026-04-21,6018.7001953125,6051.169921875,6005.93994140625,6032.08984375,91300
2026-04-22,5989.56005859375,6051.25,5969.14013671875,6027.990234375,77900
2026-04-23,5983.81005859375,6001.43994140625,5969.35986328125,6000.18994140625,66500
2026-04-24,5943.490234375,6000.259765625,5941.31982421875,5991.7001953125,83400
2026-04-27,5901.14990234375,5959.77001953125,5901.14990234375,5956.9501953125,69300
2026-04-28,5866.7900390625,5914.31005859375,5833.919921875,5914.31005859375,105000
2026-04-29,5907.89013671875,5918.77001953125,5869.4501953125,5887.240234375,74800
2026-04-30,5833.64013671875,5898.06005859375,5833.64013671875,5889.6201171875,100000
2026-05-04,5942.16015625,5942.16015625,5861.8798828125,5866.419921875,82800
2026-05-05,5898.080078125,5985.97021484375,5898.080078125,5929.39990234375,86800
2026-05-06,5967.2099609375,5967.2099609375,5929.169921875,5946.330078125,121400
2026-05-07,6034.27001953125,6106.9599609375,6021.330078125,6033.27001953125,129000
2026-05-08,5960.97021484375,6043.58984375,5960.97021484375,6040.02001953125,200200
2026-05-11,5986.85009765625,6033.81005859375,5986.85009765625,5997.68994140625,226900
2026-05-12,5971.97998046875,5999.0,5958.89990234375,5993.6298828125,111100
2026-05-13,5946.77978515625,5990.490234375,5919.8701171875,5990.490234375,129600
2026-05-14,6015.02978515625,6015.02978515625,5954.7001953125,5954.7001953125,58100
2026-05-15,5976.77001953125,6020.10009765625,5968.990234375,6020.10009765625,96900
2026-05-18,5941.52001953125,5991.009765625,5928.75,5991.009765625,65900
2026-05-19,5896.7998046875,5951.919921875,5896.7998046875,5947.009765625,87900
2026-05-20,5893.39990234375,5919.43017578125,5879.7099609375,5915.009765625,135400
2026-05-21,5920.7001953125,5965.740234375,5920.7001953125,5922.72021484375,71500
2026-05-22,5961.39990234375,5986.3798828125,5936.7001953125,5954.490234375,55100
2026-05-25,6009.3798828125,6049.81982421875,5976.509765625,5978.740234375,42700
2026-05-26,5963.240234375,6008.60009765625,5933.18994140625,6008.60009765625,49600
2026-05-28,5859.93994140625,5947.64013671875,5851.64013671875,5947.64013671875,82000
2026-05-29,5768.759765625,5878.72998046875,5766.81982421875,5863.43994140625,337900
2026-06-01,5799.31982421875,5873.6201171875,5799.31982421875,5848.58984375,95900
2026-06-02,5912.68994140625,5916.56005859375,5803.0,5809.18017578125,75500
2026-06-03,5953.169921875,6037.64013671875,5929.009765625,5940.02001953125,92900
2026-06-04,5911.93017578125,5994.39990234375,5896.2099609375,5960.47021484375,90300
2026-06-05,5938.3798828125,6000.240234375,5922.47021484375,5932.8701171875,133900
2026-06-08,5879.41015625,5944.60986328125,5879.41015625,5900.31982421875,96000
2026-06-09,5945.7099609375,5974.0400390625,5926.85986328125,5933.43994140625,106500
2026-06-10,5941.35986328125,5958.39013671875,5912.4501953125,5951.10986328125,100900
2026-06-11,5910.06005859375,5983.10009765625,5883.27978515625,5935.68994140625,81700
2026-06-15,6272.8798828125,6320.75,6103.47021484375,6115.919921875,222500
2026-06-16,6245.75,6396.22998046875,6245.75,6386.64990234375,134200
2026-06-17,6114.81005859375,6232.240234375,6114.81005859375,6229.259765625,111400
2026-06-18,6153.66015625,6180.919921875,6118.1201171875,6151.58984375,81300
2026-06-19,6135.35009765625,6201.8798828125,6135.35009765625,6182.77978515625,198800
2026-06-22,6035.02001953125,6113.919921875,6018.68017578125,6110.18017578125,148500
2026-06-23,6126.22021484375,6158.66015625,6040.0,6057.68017578125,83000
2026-06-24,5991.3701171875,6142.43994140625,5991.3701171875,6129.10009765625,108000
2026-06-25,6071.06005859375,6092.52001953125,6004.9599609375,6019.77978515625,101600
2026-06-26,6072.240234375,6112.47998046875,6023.85009765625,6106.56982421875,66600
2026-06-29,6133.41015625,6135.9599609375,6050.0,6057.22021484375,78500
2026-06-30,6037.169921875,6127.93994140625,6037.169921875,6127.93994140625,103300
2026-07-01,6069.259765625,6081.0,6044.52001953125,6081.0,64400
2026-07-02,6125.72021484375,6169.0498046875,6067.91015625,6086.490234375,85200
2026-07-03,6188.02978515625,6196.990234375,6156.02978515625,6156.02978515625,77500
2026-07-06,6223.990234375,6304.759765625,6175.31005859375,6175.31005859375,102500
2026-07-07,6247.10986328125,6297.4599609375,6241.93017578125,6244.39013671875,98500
2026-07-08,6275.77001953125,6290.68017578125,6225.7099609375,6257.4501953125,61600
2026-07-09,6223.8701171875,6287.1298828125,6223.8701171875,6287.1298828125,92000
2026-07-10,6286.7001953125,6337.47998046875,6219.77001953125,6228.4501953125,114500
2026-07-13,6265.72021484375,6325.97021484375,6265.72021484375,6270.18994140625,69700
2026-07-14,6256.02001953125,6287.25,6249.18017578125,6276.5,69500
2026-07-15,6302.5,6327.9599609375,6290.2900390625,6327.9599609375,61100
2026-07-16,6325.14990234375,6378.47021484375,6302.93017578125,6305.2998046875,96900
2026-07-17,6404.10986328125,6416.18994140625,6328.31982421875,6328.31982421875,125300
