Date,Close,High,Low,Open,Volume
2018-01-02,15.710735321044922,15.922712326057555,15.637359615719957,15.922712326057555,42626974
2018-01-03,15.347925186157227,15.690349170863824,15.299007032865966,15.682195973741267,51851150
2018-01-04,15.490605354309082,15.568058684766697,15.188946260801476,15.388693456660123,36894187
2018-01-05,15.547674179077148,15.555827377164643,15.40907392936653,15.547674179077148,29386048
2018-01-08,15.592517852783203,15.68627655516641,15.429457986706252,15.551752886263966,35276524
2018-01-09,15.551864624023438,15.759278172869227,15.547716227337531,15.609940082476284,37152896
2018-01-10,15.190961837768555,15.510378896578453,15.157775717864588,15.510378896578453,54388066
2018-01-11,15.132883071899414,15.253182337334792,15.087252821770237,15.211700482230903,54813997
2018-01-12,15.307112693786621,15.344447206973145,15.066513079681618,15.132885314774402,41285233
2018-01-16,15.232449531555176,15.356898305945043,15.157780476436267,15.307118586674083,32739342
2018-01-17,15.286375045776367,15.327856915936234,15.137036960961225,15.253187873528663,29194465
2018-01-18,15.410822868347168,15.506232846558667,15.269781575523691,15.282226765211018,36623296
2018-01-19,15.435710906982422,15.502083146766736,15.323707359505864,15.502083146766736,36965815
2018-01-22,15.709495544433594,15.721940732181407,15.340299831237076,15.431562446238265,41918634
2018-01-23,15.427412986755371,15.85468411816947,15.361040751825518,15.742680578884848,43739664
2018-01-24,15.356894493103027,15.510379914895271,15.340300908274246,15.468898047972914,37823767
2018-01-25,15.535270690917969,15.535270690917969,15.282226879318713,15.385933651429445,30981997
2018-01-26,15.688753128051758,15.688753128051756,15.497933219421203,15.539415079506366,28609654
2018-01-29,15.456450462341309,15.630677838150081,15.340298529277247,15.402522367585815,40884590
2018-01-30,15.531122207641602,15.68045923622385,15.473045707150064,15.497936084892789,39565357
2018-01-31,15.535270690917969,15.730240092934078,15.485492026946758,15.522826548712615,54843258
2018-02-01,16.2446231842041,16.29855023689214,15.92935451732664,15.97498582561442,79392071
2018-02-02,15.792463302612305,16.194845184864405,15.684608138306876,16.190696788440174,61034679
2018-02-05,15.195107460021973,15.892016898367714,15.19510746002197,15.68460342493503,60368442
2018-02-06,15.27807331085205,15.377631652667267,14.726353511891968,14.966953099839044,83286617
2018-02-07,15.319555282592773,15.53526448627387,15.240737873946607,15.269775590928226,47180078
2018-02-08,14.755396842956543,15.327857788027078,14.755396842956543,15.302968455000084,60563732
2018-02-09,14.954514503479004,15.078962214970465,14.53139060828815,14.863251870648666,66489162
2018-02-12,15.087258338928223,15.182668316676198,14.921326667536228,15.070664752759068,36741927
2018-02-13,15.182666778564453,15.228297040757186,14.92132515590024,15.05407068908075,30289413
2018-02-14,15.103846549987793,15.253183544847904,14.979398879675268,15.099698154634096,32880481
2018-02-15,15.348596572875977,15.348596572875975,15.029179516565822,15.128737875498587,36419533
2018-02-16,15.406672477722168,15.510379235635943,15.290520531731831,15.340300236463333,26349718
2018-02-20,15.25318717956543,15.385932719792175,15.211705311292835,15.298818491755087,29222666
2018-02-21,15.062365531921387,15.365189002525364,15.049921391875154,15.253185456660974,27529402
2018-02-22,15.128737449645996,15.344447745049072,15.103848122507085,15.128737449645994,24543650
2018-02-23,15.232449531555176,15.244894723266679,15.0540747358073,15.161928873673435,23098901
2018-02-26,15.539412498474121,15.560154472646174,15.269775214833071,15.319554905271543,26309734
2018-02-27,15.294668197631836,15.61408524817611,15.294668197631836,15.522823682695476,28360874
2018-02-28,15.058218955993652,15.423267361247639,15.058218955993652,15.423267361247639,38768971
2018-03-01,14.933772087097168,15.244892404385123,14.879845026366878,15.06236819158855,37798744
2018-03-02,15.078963279724121,15.09970421724561,14.913032636827193,14.933773574348683,28285936
2018-03-05,15.224145889282227,15.273925586162349,14.975250547605372,15.016733453743043,25551876
2018-03-06,15.294668197631836,15.307113385114302,15.141182789888285,15.278075661896587,23119820
2018-03-07,15.311260223388672,15.36103992067994,15.166070574494952,15.178515760711418,24475464
2018-03-08,15.394227981567383,15.394227981567383,15.166072490883305,15.311262158123222,26170581
2018-03-09,15.369336128234863,15.439856757109457,15.273926173750013,15.419115827030012,24918077
2018-03-12,15.497930526733398,15.58504367486632,15.365185035771011,15.36933343057369,29531820
2018-03-13,15.510376930236816,15.684604299538503,15.456449885070041,15.576749161630353,25399351
2018-03-14,15.361039161682129,15.593341959889102,15.332000395278529,15.593341959889102,24633285
2018-03-15,15.365191459655762,15.468899277932046,15.352747317619519,15.385933442340972,28967928
2018-03-16,15.348596572875977,15.489637843257738,15.307113661426976,15.385931088422602,49124372
2018-03-19,15.174368858337402,15.39007915519933,15.128737551961882,15.340299453010154,26000580
2018-03-20,15.074809074401855,15.273925769158787,15.008436842816213,15.215849280840397,26701240
2018-03-21,14.933772087097168,15.141185631955805,14.933772087097168,15.074813381407033,23086853
2018-03-22,14.6724271774292,14.950361287912266,14.668278782039948,14.9130267769836,37332696
2018-03-23,14.39449691772461,14.92962330490011,14.332272017814194,14.672431102559907,46377072
2018-03-26,14.39034366607666,14.639240039018707,14.28663693131535,14.543830094456188,41696070
2018-03-27,14.477462768554688,14.601911529943163,14.390349578400208,14.45672183211075,44831567
2018-03-28,14.751245498657227,14.871545838137182,14.618501018937778,14.639242998628148,40707969
2018-03-29,14.788581848144531,14.888140220278245,14.527241252240389,14.801027037501818,36494868
2018-04-02,14.56042194366455,14.792724725302357,14.448418423963037,14.759538613639814,38704360
2018-04-03,14.6724271774292,14.69316810680086,14.45671690263571,14.585312969404116,28969385
2018-04-04,14.883986473083496,14.908876842850068,14.510643497478737,14.585311464054998,27224220
2018-04-05,14.991847038269043,15.020884763927828,14.801026052036637,14.904732813717894,22644769
2018-04-06,14.78028392791748,15.016736222222075,14.69317075178535,14.93791879078721,33255438
2018-04-09,14.865663528442383,15.089683412393887,14.819169419599607,14.895250979726024,28968590
2018-04-10,15.13618278503418,15.381337393160436,14.814946595688474,14.929069501221239,52696259
2018-04-11,14.899477005004883,15.10236328781925,14.869889555520304,15.072775838334673,27864639
2018-04-12,14.861437797546387,14.992468406988694,14.819170616531233,14.971334816481116,29062065
2018-04-13,14.852984428405762,14.950201723232276,14.802263382537758,14.882572950470268,19032235
2018-04-16,15.064323425292969,15.140406055517891,14.886797643903783,14.950200547362497,32964025
2018-04-17,14.945971488952637,15.119270314287958,14.924836835005182,15.085455935378791,27255599
2018-04-18,14.882575035095215,15.022058464473387,14.861440373517349,14.996697937987097,28599724
2018-04-19,14.717724800109863,14.907931363715393,14.713497868984534,14.895250570339408,31172124
2018-04-20,14.654325485229492,14.819171557805651,14.434531433399302,14.734635055591875,42967507
2018-04-23,14.747318267822266,14.747318267822267,14.62051349372182,14.671234549436232,28084556
2018-04-24,14.793807983398438,14.933292446166572,14.692364834785877,14.857209817855429,28561593
2018-04-25,14.878347396850586,14.895254057903564,14.679686924480178,14.738862906683348,33485549
2018-04-26,13.990717887878418,14.24432633477285,13.724429712453857,14.13442930553836,175073050
2018-04-27,13.96535587310791,14.185148840714772,13.95690201005193,14.007623053573916,71773908
2018-04-30,13.821642875671387,14.121745372862279,13.808962082550867,14.0625704731135,61108955
2018-05-01,13.754014015197754,13.910405125528401,13.67793139183395,13.842776364184314,47421840
2018-05-02,13.551129341125488,13.792056965463384,13.483500571746674,13.792056965463384,53196466
2018-05-03,13.500407218933105,13.589169578389882,13.360922748781782,13.542675466610739,53352169
2018-05-04,13.584944725036621,13.639893775645453,13.449688233109859,13.500409284156506,33814298
2018-05-07,13.54267692565918,13.631439294678954,13.462367353160055,13.618758498787388,34776581
2018-05-08,13.398963928222656,13.525767602554652,13.348242885452631,13.513087875565613,44372404
2018-05-09,13.272157669067383,13.403189327290686,13.174941458700532,13.36937494684105,49642586
2018-05-10,13.475048065185547,13.53844990943465,13.314428921186957,13.348244376687338,39600046
2018-05-11,13.648344039916992,13.656796834590423,13.521539310933575,13.525766241973704,36426285
2018-05-14,13.606073379516602,13.72865008827472,13.568032074321097,13.69060878307922,35608980
2018-05-15,13.563806533813477,13.62720835983341,13.445456743218067,13.584940120017873,35095003
2018-05-16,13.652566909790039,13.699062073629097,13.546897926585393,13.563804579631762,25230541
2018-05-17,13.496179580688477,13.699065878028504,13.483499854234033,13.686386151574059,33656874
2018-05-18,13.546904563903809,13.568038157417842,13.432780597150941,13.500409377284392,28969650
2018-05-21,13.77514934539795,13.800510934665342,13.48350067548554,13.593396626016418,37984104
2018-05-22,13.707523345947266,13.868142507475909,13.694842548750634,13.792059859110465,38908785
2018-05-23,13.665251731872559,13.749788224265508,13.54690192341072,13.703293046708696,34379249
2018-05-24,13.855460166931152,13.86814096271528,13.614532518882086,13.690614091365697,46677223
2018-05-25,13.74133586883545,13.830099302325221,13.690613754354576,13.821645438677239,28884781
2018-05-29,13.665251731872559,13.732880498824155,13.584942170839948,13.720200772150049,35691200
2018-05-30,13.76669692993164,13.796285453854948,13.644120171877635,13.67793456038292,31955799
2018-05-31,13.661025047302246,13.758242335532469,13.59339627912892,13.74556154122237,38948770
2018-06-01,13.724427223205566,13.78360212536558,13.677932047275913,13.728653087011105,31463933
2018-06-04,13.699069023132324,13.81319299186485,13.68216236150925,13.770924736696456,24333399
2018-06-05,13.813190460205078,13.825871254653622,13.652571333484625,13.69906651238901,30999209
2018-06-06,14.109071731567383,14.185154394042817,13.779381617383653,13.8512373466763,45205729
2018-06-07,14.290816307067871,14.358445059253592,13.906177378734077,13.978031993950564,56352882
2018-06-08,14.299275398254395,14.38381190942164,14.193605292998908,14.227419683984378,43935086
2018-06-11,14.447213172912598,14.57401686711139,14.290822021227893,14.358450800454863,49197060
2018-06-12,14.519067764282227,14.595149334488392,14.404943807862448,14.586696538292387,78647321
2018-06-13,13.618756294250488,14.007622230499795,13.614530430377757,13.948447327398885,258289495
2018-06-14,13.745563507080078,13.93999704394101,13.568037698384042,13.779377896002794,117442904
2018-06-15,14.011849403381348,14.062571512204489,13.589169077013823,13.78782951354698,150914551
2018-06-18,13.606073379516602,13.965351780025989,13.568032074321097,13.956897919447735,104138823
2018-06-19,13.690614700317383,13.779378139940327,13.508863023769639,13.525769684826757,115643059
2018-06-20,13.525768280029297,13.770922845448803,13.504634689051077,13.737108459439458,73886085
2018-06-21,13.356696128845215,13.652571734676643,13.31865481178865,13.568036304756365,68087230
2018-06-22,13.39473819732666,13.479274699396282,13.318655558945409,13.411645924703398,82958662
2018-06-25,13.403190612792969,13.504633763871308,13.348242639569795,13.377830091875113,64377382
2018-06-26,13.365148544311523,13.445458101332372,13.272158193843115,13.41164371954573,59108126
2018-06-27,13.377833366394043,13.54690532624202,13.373606433971947,13.517317866694523,61469348
2018-06-28,13.606073379516602,13.661021338461971,13.382053546039353,13.420094851234856,55928276
2018-06-29,13.572261810302734,13.73287985745973,13.546901290732022,13.631436711770018,55645999
2018-07-02,13.614529609680176,13.656796785114693,13.525766192972672,13.593394954556091,50002449
2018-07-03,13.825872421264648,13.85968680857371,13.601851438212728,13.631438893682278,44857650
2018-07-05,13.779374122619629,13.86391060548025,13.720199225061267,13.8427759510617,46895286
2018-07-06,13.813190460205078,13.838552049102164,13.7159742383204,13.804736597239383,54541518
2018-07-09,13.870139122009277,13.965052148164954,13.852882901466108,13.90896698007721,57539848
2018-07-10,14.021135330200195,14.021135330200195,13.861510670107288,13.908966090673966,51435414
2018-07-11,13.749341011047363,13.956422174864851,13.74502668394993,13.92622297465937,51941182
2018-07-12,13.904651641845703,13.9391651698999,13.76228429191413,13.831311348022524,58851800
2018-07-13,13.663058280944824,13.770912104764097,13.589715806847996,13.753655885164582,70635135
2018-07-16,13.762282371520996,13.801109131872076,13.654427475217162,13.680312345276686,43981029
2018-07-17,13.701883316040039,13.85288039346953,13.68031277189716,13.749339820526108,48245236
2018-07-18,13.680315971374512,13.783856568533443,13.676001643641635,13.72777248695945,59012004
2018-07-19,13.490487098693848,13.710511212605969,13.481858445722459,13.68894066965388,68428822
2018-07-20,13.417149543762207,13.537947451292247,13.391264666961733,13.51637581272794,48517053
2018-07-23,13.374004364013672,13.460288720013562,13.287721097490232,13.434402759527725,49376329
2018-07-24,13.667375564575195,13.667375564575195,13.378324267797824,13.48186488447491,67484015
2018-07-25,13.050442695617676,13.451663192134427,12.998672941569732,13.417149659610228,127781491
2018-07-26,13.093585014343262,13.184183719046587,13.072014464854083,13.09789934213644,58705498
2018-07-27,13.408515930175781,13.464601080227288,13.093579928883226,13.136722100582165,60943985
2018-07-30,13.805424690246582,13.86150985143555,13.56814433299744,13.615600840237871,84792932
2018-07-31,13.79248332977295,13.952107986583407,13.779540348351878,13.865823622729367,62956068
2018-08-01,13.762282371520996,13.921907007943878,13.723454521693503,13.89170781129503,41515609
2018-08-02,13.740713119506836,13.848568034499312,13.706199590288309,13.740713119506838,41306020
2018-08-03,13.921908378601074,13.926222705615157,13.701884237741991,13.762283726462625,35197746
2018-08-06,13.852880477905273,13.943478071229311,13.80542397312995,13.896022655930437,39835585
2018-08-07,13.977992057800293,13.995249365371384,13.792482538269995,13.844252282030292,36200146
2018-08-08,13.960735321044922,14.034076696544348,13.934849360649984,14.0125050628819,29064448
2018-08-09,14.01681900024414,14.021133326856782,13.908964103357324,13.977991150206773,22388046
2018-08-10,13.917593002319336,13.982305723698744,13.874450824907584,13.973677070321108,28441506
2018-08-13,13.896021842956543,13.952105908474591,13.883078863463275,13.917592385968934,30159926
2018-08-14,13.908964157104492,13.96936364043847,13.896022266692972,13.908964157104494,23881650
2018-08-15,14.008193969726562,14.042707499392687,13.861511196276377,13.926223928215784,39232106
2018-08-16,14.275673866271973,14.297244414234026,14.034079153295073,14.034079153295073,49497475
2018-08-17,14.249789237976074,14.349015503485168,14.219590034514756,14.262732220663779,34647226
2018-08-20,14.2843017578125,14.344700160459528,14.241159574717518,14.297243650107388,31105394
2018-08-21,14.40941333770752,14.487069051794014,14.370585480664273,14.379214135446464,37627153
2018-08-22,14.098791122436523,14.323129602778895,14.09016246792876,14.323129602778895,45223736
2018-08-23,14.01681900024414,14.146245530194168,13.982305476819414,14.103103353544158,28404566
2018-08-24,14.08153247833252,14.124674653966515,14.003876780086603,14.003876780086603,21492889
2018-08-27,14.163503646850586,14.249786915609917,14.116047140873242,14.12467579459212,23296972
2018-08-28,14.094474792480469,14.163502929257698,14.077218575393479,14.15487427597599,21825743
2018-08-29,13.904651641845703,14.107419572456108,13.896024076939575,14.090162263690727,33315018
2018-08-30,13.788167953491211,13.943478271343754,13.74934010165896,13.89170852855173,33840646
2018-08-31,13.779542922973633,13.80111347322919,13.684630976581722,13.783857250920095,41386784
2018-09-04,13.745027542114258,13.779541071572007,13.581088549559093,13.710514012656507,33314753
2018-09-05,13.81405258178711,13.826995561995579,13.606971435310296,13.697570117816682,35382046
2018-09-06,13.883081436157227,13.939165512068296,13.805425723759905,13.861510889147565,33955436
2018-09-07,13.857192993164062,13.973675442285366,13.844250014605558,13.874449208432425,34103327
2018-09-10,13.97368335723877,14.103109947704507,13.891714381701755,13.9262279212639,34780156
2018-09-11,14.094474792480469,14.150559949335138,14.008191528092672,14.012504765257102,34892431
2018-09-12,14.41804027557373,14.517266525323118,14.167816943023347,14.167816943023347,65719388
2018-09-13,14.530210494995117,14.534524822166123,14.275672818241562,14.426669911320603,45818079
2018-09-14,14.495698928833008,14.517269478130672,14.366272364616915,14.500013256587883,43936675
2018-09-17,14.504327774047852,14.586297823509144,14.42235772458656,14.495699118425248,33820653
2018-09-18,14.547470092773438,14.63375338134089,14.400786214307635,14.478441936652054,44568356
2018-09-19,14.396468162536621,14.651006902977985,14.344698420682727,14.638063922776288,41038704
2018-09-20,14.426668167114258,14.465496017482423,14.301555962710964,14.448238710884826,32803159
2018-09-21,14.573354721069336,14.771807261908329,14.573354721069334,14.689838302593115,172328000
2018-09-24,14.629437446594238,14.78906320159967,14.560410387531514,14.77612021947168,48180625
2018-09-25,14.564724922180176,14.750235554605005,14.53452571959504,14.573353577054965,40622306
2018-09-26,14.387840270996094,14.629434936259242,14.383525944360413,14.594921412650221,43533782
2018-09-27,14.41804027557373,14.569037358374725,14.353327551366585,14.42235460245107,32880878
2018-09-28,14.487067222595215,14.530209401582242,14.370583666173182,14.41372584516021,29197113
2018-10-01,14.4482421875,14.560411438945877,14.405100000101328,14.52158357923474,29813567
2018-10-02,14.633753776550293,14.638068104516691,14.443928793412583,14.465500433244571,39724502
2018-10-03,14.633753776550293,14.720038156924732,14.569041036007844,14.70278084505914,35349608
2018-10-04,14.7200345993042,14.728662163675079,14.465496937142131,14.594922386946761,36434097
2018-10-05,14.663949966430664,14.797689747971386,14.60786589335763,14.750234329056214,37956167
2018-10-08,14.71572208404541,14.745921286752575,14.57335363594262,14.672579898973765,37166931
2018-10-09,14.73859691619873,14.826589003893938,14.73859691619873,14.822189288405252,36894716
2018-10-10,14.45262622833252,14.954178306490528,14.448226512256118,14.795794082937133,60268612
2018-10-11,13.968670845031738,14.545015784898684,13.929074517533168,14.443825663975336,84334960
2018-10-12,14.18864917755127,14.237044936996194,14.012666112805087,14.162251995599158,57132718
2018-10-15,14.237046241760254,14.373432990557896,14.171052725312324,14.197449909683622,44013202
2018-10-16,14.250249862670898,14.285447603678058,14.144659972768828,14.241451538458913,37136479
2018-10-17,14.329437255859375,14.395431884789497,14.20184993607589,14.259044021970682,39605606
2018-10-18,14.2986421585083,14.452627793702957,14.18425286125054,14.329439063339324,40679900
2018-10-19,14.461426734924316,14.496623355111115,14.215049282577223,14.276644201183743,46516092
2018-10-22,14.373433113098145,14.50102154221935,14.338236496623221,14.479022962522912,30573676
2018-10-23,14.52741813659668,14.641807413252621,14.100659040296664,14.386631676416853,70738937
2018-10-24,13.35713005065918,13.990670268228223,13.31313400161255,13.9598733672074,157361240
2018-10-25,13.189948081970215,13.51111739225902,13.093156539498848,13.48472020387571,101822750
2018-10-26,12.798380851745605,13.167945830302973,12.692791016591961,13.150348079963646,102825150
2018-10-29,13.040361404418945,13.339533225497703,12.886375777564941,13.018363933885292,65233480
2018-10-30,13.405521392822266,13.45831685646726,13.11954883492937,13.132746867561346,65072879
2018-10-31,13.497916221618652,13.62990436585281,13.251539907836683,13.502315937530396,59387755
2018-11-01,13.414323806762695,13.660700099502886,13.365928046906143,13.63430180628698,46842988
2018-11-02,13.427522659301758,13.599106020448408,13.35272971271795,13.475918422102852,44376640
2018-11-05,13.475919723510742,13.577109863649483,13.449522537178778,13.475919723510744,36206766
2018-11-06,13.62110424041748,13.625503956105181,13.423122589667525,13.480317782568319,32187234
2018-11-07,13.68270206451416,13.695901215461511,13.50231922343192,13.634306288746853,40827261
2018-11-08,13.656299591064453,13.709093952352404,13.58590636865438,13.673897341147367,39121022
2018-11-09,13.502315521240234,13.673898881311237,13.392325959955881,13.629903945628966,52952983
2018-11-12,13.541913986206055,13.739894561093317,13.484719894182494,13.506717365490129,34338337
2018-11-13,13.343929290771484,13.594706406733174,13.321931824425022,13.572707829347449,33948684
2018-11-14,13.423124313354492,13.515516132581773,13.247141218444742,13.440723178365197,41432594
2018-11-15,13.251542091369629,13.36153167416869,13.154751658480695,13.352732240895271,51526638
2018-11-16,13.326332092285156,13.38352617378024,13.176746204018867,13.229540569854436,38302658
2018-11-19,13.35273265838623,13.506718301327393,13.291138845625602,13.34833294161196,37015995
2018-11-20,12.94356632232666,13.277933531558979,12.934766892862894,13.185542855306672,54806053
2018-11-21,13.097553253173828,13.211942524661355,12.939169048147413,12.978765377163837,40125806
2018-11-23,12.917174339294434,13.093157459278343,12.912774622414883,13.093157459278343,17742924
2018-11-26,13.176750183105469,13.264741189749186,13.04036340063194,13.044763117620072,47387946
2018-11-27,13.392329216003418,13.414327800232359,13.075559602463143,13.128353982533385,42574147
2018-11-28,13.524314880371094,13.581508966681314,13.35273039936163,13.39232673259155,45639472
2018-11-29,13.44952392578125,13.5111177372616,13.286738852675171,13.36153181420398,40881545
2018-11-30,13.744292259216309,13.827884637780926,13.497915950385142,13.51111509785514,106538705
2018-12-03,13.95107650756836,14.034668905066255,13.775092278932876,13.964275658027901,57899712
2018-12-04,13.519914627075195,14.083060479896382,13.493517442984041,13.959872880111426,59356641
2018-12-06,13.431923866271973,13.445123015148326,13.132752046723706,13.409926395850853,68847073
2018-12-07,13.260340690612793,13.585909701896085,13.203145488972515,13.295537310453163,49616370
2018-12-10,13.15914249420166,13.238335124823658,12.833573654674803,13.233935410784781,54352980
2018-12-11,13.066761016845703,13.493521357149564,13.018366350480283,13.39233008520802,65621809
2018-12-12,13.269136428833008,13.326331619337559,13.167946305373288,13.247138962355423,54156499
2018-12-13,13.15914249420166,13.282331154173537,13.000758343996559,13.238335124823658,65005487
2018-12-14,13.295536041259766,13.374728706100727,13.066757478616845,13.123951563757887,56589614
2018-12-17,13.137151718139648,13.30433538147169,13.02276242805374,13.255940724502645,58284731
2018-12-18,13.08875560760498,13.207543489736581,13.02276098181712,13.03596012918256,58914160
2018-12-19,13.119552612304688,13.330732305609363,13.027160802084298,13.163547548463649,68079550
2018-12-20,12.604804992675781,13.137154092840104,12.402423562544127,13.128354658695322,101572381
2018-12-21,12.45521354675293,12.864374832054617,12.38042061168661,12.468412692131402,105470767
2018-12-24,12.037257194519043,12.446417479330343,12.037257194519043,12.41122085985068,54429772
2018-12-26,12.354024887084961,12.362823207334408,11.790877950194337,12.098849156986255,75985949
2018-12-27,12.3848237991333,12.389223515493,11.953664928356426,12.235237887061407,77548269
2018-12-28,12.521211624145508,12.670797548904922,12.393624283050464,12.402422605476634,66978909
2018-12-31,12.55640697479248,12.600403026624102,12.358425297069918,12.569606123653806,69988626
2019-01-02,12.99636459350586,13.018363173794578,12.450816467936777,12.538808567012833,52025256
2019-01-03,13.013965606689453,13.115155759608523,12.851180529830419,12.987568417023521,49787166
2019-01-04,13.348328590393066,13.36592745175337,13.150348066325027,13.181144962666329,55703858
2019-01-07,13.590307235717773,13.757490875350769,13.383526155204104,13.51991400734185,54377872
2019-01-08,13.761893272399902,13.805889326466964,13.65190369275201,13.775091310892355,57683105
2019-01-09,13.534917831420898,13.885657057115298,13.476461861581397,13.885657057115298,58660217
2019-01-10,13.669817924499512,13.705791090716136,13.409012185540865,13.512434896469605,42388654
2019-01-11,13.881159782409668,13.917132947714942,13.629347625272757,13.669817578185244,38308086
2019-01-14,13.768745422363281,13.840691763024642,13.66532269960665,13.80471859269396,32395897
2019-01-15,13.759746551513672,13.759746551513672,13.593371128583264,13.723773395024491,35397670
2019-01-16,13.741762161254883,13.827198843822078,13.647331904616978,13.728271800148816,32430586
2019-01-17,13.777737617492676,13.827201147570419,13.674314905105094,13.737267662984062,34777508
2019-01-18,13.92163372039795,13.953110107106145,13.72378068680719,13.858680946981561,57261808
2019-01-22,13.750758171081543,13.93511965887451,13.678810701323638,13.903643279603699,49859854
2019-01-23,13.890153884887695,13.894650672665604,13.755254793760324,13.813710763768192,36879490
2019-01-24,13.759746551513672,13.840686437502367,13.61135713905178,13.840686437502367,32297391
2019-01-25,13.786731719970703,13.957603984552305,13.777738144057851,13.795724160331039,40353402
2019-01-28,13.791226387023926,13.795722038736466,13.683305763771465,13.768742450699522,41081866
2019-01-29,13.80471420288086,13.80471420288086,13.692297939401083,13.76874104398942,41497735
2019-01-30,13.206663131713867,13.669818665466472,13.044783307188196,13.471965672774264,123070434
2019-01-31,13.516932487487793,13.530422852586238,13.107738372799746,13.265121423404452,69082348
2019-02-01,13.48995304107666,13.651832881826317,13.444987428026316,13.58438332669817,54384889
2019-02-04,13.314580917358398,13.503440309739908,13.292098115988939,13.503440309739908,51681413
2019-02-05,13.323575019836426,13.359548184783778,13.247131902379254,13.34156217008631,38762616
2019-02-06,13.292099952697754,13.395522670172056,13.274113936227344,13.355052713672977,30356937
2019-02-07,13.242634773254395,13.292098299613363,13.004311851904907,13.28310472472039,50163315
2019-02-08,13.287602424621582,13.292099212376861,13.085252653396319,13.220152879397315,32148838
2019-02-11,13.359546661376953,13.418002621918433,13.247130391791405,13.301090700835474,38471865
2019-02-12,13.404515266418457,13.503441188656316,13.368542100554468,13.42250128157423,39705568
2019-02-13,13.41800308227539,13.435990231091296,13.265117995101827,13.404513856215788,39773092
2019-02-14,13.395523071289062,13.49444900371988,13.287603562577473,13.355053113578148,34220369
2019-02-15,13.701290130615234,13.72377292682189,13.458470480933228,13.503437208898648,49237839
2019-02-19,13.773238182067871,13.79572098111634,13.629345542832272,13.696795075529929,32719218
2019-02-20,13.872163772583008,13.912633718392879,13.696794764441718,13.77773465606146,32767808
2019-02-21,13.863173484802246,13.96659733502561,13.773241133782905,13.876663848453772,35192450
2019-02-22,14.00706958770752,14.02505674365115,13.858681228936426,13.917137214647681,30924933
2019-02-25,13.99807357788086,14.070019912214324,13.948610047194421,14.052032760854715,32325063
2019-02-26,14.038541793823242,14.132972063296693,13.921629857221728,14.002568628202983,39276195
2019-02-27,13.966598510742188,14.061027657594472,13.840691846053216,14.043040504544937,34886738
2019-02-28,13.993575096130371,14.061024634459223,13.92612555780152,13.9665955079093,37371224
2019-03-01,13.858682632446289,14.047540975664024,13.777742693608467,14.029554953451669,40505000
2019-03-04,13.480962753295898,13.91713767264986,13.341566832356436,13.91713767264986,65515095
2019-03-05,13.467472076416016,13.51243883116882,13.4000225120632,13.498948464077143,34463455
2019-03-06,13.404515266418457,13.552904717551467,13.386528115710242,13.489950825625153,32544317
2019-03-07,13.453978538513184,13.521428086969602,13.400019353969055,13.426998946241119,32869756
2019-03-08,13.471965789794922,13.516931398729286,13.373039860365783,13.422502257304089,29797812
2019-03-11,13.588876724243164,13.629346674331998,13.467466873976663,13.480957235857057,34448494
2019-03-12,13.773238182067871,13.894648022255005,13.588875596103227,13.602364821311408,43009610
2019-03-13,13.615857124328613,13.81371009927676,13.584380746949856,13.782233721898002,36677713
2019-03-14,13.615857124328613,13.710287392017298,13.584380746949856,13.615857124328613,29249014
2019-03-15,13.791226387023926,13.795722038736466,13.624849800432692,13.719278926338172,70650758
2019-03-18,13.849682807922363,13.867668822023761,13.755253678897176,13.795722494513416,30882432
2019-03-19,13.795722961425781,13.962099559144658,13.741763781742977,13.881159654068037,38039182
2019-03-20,13.719279289245605,13.831695567184283,13.669816899128197,13.755253588316256,32656328
2019-03-21,13.966598510742188,14.007067333998458,13.692302375604918,13.692302375604918,34878529
2019-03-22,13.97109317779541,14.092503045656565,13.939616797731963,13.939616797731963,43918934
2019-03-25,13.836193084716797,14.007065336557632,13.78223390436808,13.984582534004407,33938489
2019-03-26,14.114988327026367,14.128477556591431,13.912638528024218,13.9261288931419,32179688
2019-03-27,14.119482040405273,14.227402675417606,14.052032495186914,14.079012086163765,35408526
2019-03-28,13.944112777709961,14.16444856093962,13.881160021230757,14.12847539501544,35743234
2019-03-29,14.101497650146484,14.114988014965915,13.926128585256837,14.011564155788792,41847006
2019-04-01,14.366801261901855,14.384787280759488,14.182438606959561,14.209418203022349,50012511
2019-04-02,14.222908020019531,14.366800707539007,14.186934848139662,14.348813553822755,42296239
2019-04-03,14.330827713012695,14.371297673822468,14.227404984522227,14.299351329172348,38104720
2019-04-04,14.380285263061523,14.447734791141983,14.353304543387601,14.366794903224562,37352688
2019-04-05,14.546664237976074,14.551161025685188,14.353308044246418,14.420757588778228,52865599
2019-04-08,14.564648628234863,14.62310572637865,14.474716290743977,14.591629351479224,49321648
2019-04-09,14.58083724975586,14.64513034445937,14.4843964479709,14.626760226127113,35455396
2019-04-10,14.640532493591309,14.7140106207544,14.57623942225592,14.580831950169772,26990932
2019-04-11,14.787492752075195,14.810454238132696,14.64053645795618,14.658905414856266,33008512
2019-04-12,14.787492752075195,14.842600782505032,14.677275531485934,14.833415724190198,34451936
2019-04-15,14.704830169677734,14.810454865584417,14.668091094591512,14.792085907906122,25769939
2019-04-16,14.81045913696289,14.81045913696289,14.66809532491186,14.750758557628577,28733316
2019-04-17,14.672685623168945,14.787495393422985,14.672685623168945,14.732386193419938,29610995
2019-04-18,14.709423065185547,14.741569611719997,14.626759854251437,14.672683989184794,30872370
2019-04-22,14.732386589050293,14.778310730331135,14.658908426892873,14.704832568173716,29444568
2019-04-23,14.74156665802002,14.824229852391284,14.640534509193712,14.723197703564976,41937700
2019-04-24,14.13996696472168,14.50735772881917,14.01597214694015,14.268553152290963,95658073
2019-04-25,13.933306694030762,14.075671606983807,13.800127998364722,14.071079078205049,58284201
2019-04-26,14.089448928833008,14.218036263620208,13.905753564658125,13.99300929753978,46593943
2019-04-29,14.181293487548828,14.378765227639006,14.15373948005031,14.195069911433457,42053815
2019-04-30,14.218040466308594,14.30070253482407,14.126192177207079,14.20885540545246,46341721
2019-05-01,14.13996696472168,14.332847405805282,14.135374435204252,14.259369252985783,35810228
2019-05-02,14.061897277832031,14.241000143042111,14.048120848034184,14.218038653559192,39338026
2019-05-03,14.098631858825684,14.13996345449234,14.03893130937906,14.080262905045718,37370694
2019-05-06,14.048120498657227,14.071081987569091,13.951679693821989,13.98841877191881,33340968
2019-05-07,14.020564079284668,14.048119255215589,13.905754325428044,14.015971549962847,34121069
2019-05-08,13.914939880371094,14.006788150624164,13.855238156787697,13.956271486012009,33120125
2019-05-09,13.951678276062012,13.983824821163804,13.836868523710116,13.9011616139137,35851802
2019-05-10,14.061897277832031,14.107821416527624,13.850646703724207,13.891978312577265,29145609
2019-05-13,13.993006706237793,14.075669894740857,13.93330499910587,13.937897527325967,36692409
2019-05-14,14.277735710144043,14.410915563629908,14.061893819014282,14.09863288898806,49683365
2019-05-15,14.351212501525879,14.374175142932641,14.185887282044023,14.254772886805577,31685041
2019-05-16,14.521136283874512,14.640538580085837,14.397141457840089,14.397141457840089,31292608
2019-05-17,14.603793144226074,14.695640221517934,14.41091277426514,14.424689198007833,40897698
2019-05-20,14.782896995544434,15.19161924429769,14.67727232717236,14.82422858920817,70774685
2019-05-21,14.883933067321777,14.989558923324033,14.736976766467768,14.805862387526881,30867074
2019-05-22,14.824230194091797,14.902300861716482,14.750752055119086,14.80586007948389,26465171
2019-05-23,14.759934425354004,14.842597613076782,14.663494812830319,14.778304538060993,32657122
2019-05-24,14.819640159606934,14.85637923527653,14.74156947884284,14.842601647001812,21391471
2019-05-28,14.663498878479004,14.888525863155307,14.65431381957883,14.847194257834184,32468584
2019-05-29,14.654313087463379,14.792085484894029,14.553280923797914,14.654313087463377,35680344
2019-05-30,14.631356239318848,14.727795904335624,14.53032404362556,14.677280386353965,32077342
2019-05-31,14.043526649475098,14.309884070854253,13.951678382997745,14.263961097345197,65422282
2019-06-03,14.277735710144043,14.39713797749119,14.089447831562246,14.107817946413872,48092446
2019-06-04,14.456838607788086,14.466022504796282,14.22721914772484,14.41550701219835,41391153
2019-06-05,14.548688888549805,14.56246647667954,14.429286603947672,14.52113487201997,27050379
2019-06-06,14.74156665802002,14.773713198113414,14.557871314822448,14.603795440554197,32321091
2019-06-07,14.920673370361328,15.017114175563934,14.759939468176805,14.773717057414244,42087842
2019-06-10,14.663498878479004,15.154884453152732,14.631352332058055,15.012520679118674,40947745
2019-06-11,14.746160507202148,14.897709323878725,14.709421435272358,14.723199022144605,25967082
2019-06-12,14.778308868408203,14.838009432740733,14.709423245030768,14.746162321480712,25530560
2019-06-13,14.828824043273926,14.84719299978816,14.750753368696923,14.796676339847286,22340382
2019-06-14,14.856376647949219,14.897708245845573,14.7783059807816,14.85178411932413,26279414
2019-06-17,14.833414077758789,14.87474567585837,14.773713524797984,14.810452594249893,22262001
2019-06-18,14.897710800170898,15.017113085707297,14.879340682520844,14.897710800170898,27187148
2019-06-19,14.883933067321777,14.96659627648457,14.842601462740383,14.943634789374745,28081510
2019-06-20,14.943634033203125,14.971188048286566,14.838008182545707,14.96200299001556,35835384
2019-06-21,14.90230655670166,15.017116337687789,14.88852896548056,15.012523807280754,51925426
2019-06-24,14.961999893188477,15.012516543493522,14.906891874427824,14.920668299253318,28790910
2019-06-25,14.948225975036621,14.971187460082424,14.902301845215485,14.971187460082424,25460123
2019-06-26,14.939043045043945,15.058445335694753,14.934450515434719,14.966597062969608,37020232
2019-06-27,15.14570140838623,15.168662897202317,14.952820959250046,15.044668074244115,37316013
2019-06-28,15.389091491699219,15.407460443795731,15.118140460373741,15.17324963612184,53981201
2019-07-01,15.352356910705566,15.568199989038975,15.338579322813128,15.526868385091285,42843978
2019-07-02,15.540648460388184,15.554426051513994,15.324805331399947,15.370729475422756,35260636
2019-07-03,15.604935646057129,15.632489656077787,15.554418994578118,15.595750589473788,26660726
2019-07-05,15.751895904541016,15.784043613096905,15.586570630616603,15.604940749791396,32447268
2019-07-08,15.728935241699219,15.779451912354299,15.646272020529022,15.673827200738959,42167017
2019-07-09,15.712646484375,15.768862814586647,15.647059188390248,15.736069758120959,41013548
2019-07-10,15.815712928771973,15.853190882245958,15.750126805955883,15.806343144640088,33566180
2019-07-11,15.675169944763184,15.93751680596409,15.581475651237348,15.92346212956111,38215804
2019-07-12,15.764180183410645,15.768865075442205,15.642376539750689,15.707963845139,30785251
2019-07-15,15.792288780212402,15.806342272581325,15.726701477961308,15.768864321175052,26817752
2019-07-16,15.731389999389648,15.796977316773358,15.698596932224673,15.778237745219796,23658953
2019-07-17,15.581477165222168,15.731388995872646,15.57679227263263,15.722019210693569,24888817
2019-07-18,15.50183391571045,15.553366543025101,15.384715168579696,15.548681651173451,42533500
2019-07-19,15.361291885375977,15.58615959583173,15.351922101676944,15.567420028433668,42575603
2019-07-22,15.05209732055664,15.342551128276062,15.023987971639222,15.342551128276062,47022787
2019-07-23,15.033361434936523,15.066154500314862,14.766330836222984,15.061469607681714,60340506
2019-07-24,15.572104454040527,15.642375463572288,15.075521312555505,15.075521312555505,63928943
2019-07-25,15.839143753051758,15.923468294958505,15.670492303130212,15.731393558349644,51661421
2019-07-26,15.998419761657715,16.03589771971754,15.736074055238943,15.806345078719401,45213673
2019-07-29,16.087430953979492,16.138962408819623,15.900041156711424,15.960942397178393,40963368
2019-07-30,16.012475967407227,16.227973951049556,15.96562821959904,16.13427963848699,44919083
2019-07-31,15.951573371887207,16.153016659203526,15.876617454966317,15.951573371887205,53799151
2019-08-01,15.984365463256836,16.20923320031164,15.937517722273675,16.15301567452112,54361984
2019-08-02,16.007787704467773,16.087428504060096,15.712648966598316,15.834452612036785,48294621
2019-08-05,15.689225196838379,15.900039435350495,15.548683159866044,15.787605569161904,49077502
2019-08-06,15.909408569335938,15.914093461450571,15.595530262083969,15.698594339445226,41916119
2019-08-07,15.956256866455078,16.003103423135556,15.628323871370096,15.740757736899734,50243814
2019-08-08,16.18112564086914,16.18112564086914,15.96094277179303,16.04526847830628,37732014
2019-08-09,16.18112564086914,16.204550105486028,15.998420732126279,16.12959418481953,30275643
2019-08-12,16.15301513671875,16.199862876142152,16.05463594867785,16.14833024447105,31324781
2019-08-13,16.331035614013672,16.377883351440783,16.101483001979737,16.101483001979737,41333294
2019-08-14,15.970311164855957,16.223287079279704,15.937518100305997,16.209233584788958,45830657
2019-08-15,16.087430953979492,16.14364730163304,15.909410942338262,16.04058320889904,32262702
2019-08-16,16.382566452026367,16.396619943580244,16.12021962434406,16.15301268204099,41180372
2019-08-19,16.574644088745117,16.602753445052187,16.391939188017744,16.401308973453435,34603667
2019-08-20,16.387250900268555,16.53716151009068,16.34977176899629,16.532477801735034,28856448
2019-08-21,16.47157859802246,16.51374144584549,16.382569193110392,16.485633274981343,29013606
2019-08-22,16.579330444335938,16.630863085725487,16.434103489483544,16.50905941347535,28412643
2019-08-23,16.312294006347656,16.602748995638244,16.227968326132537,16.53716169821904,44827992
2019-08-26,16.363828659057617,16.462207842808727,16.260763400209544,16.382568227231285,30713225
2019-08-27,16.26544952392578,16.415362531506375,16.223286675395872,16.40130785431186,42475509
2019-08-28,16.37788200378418,16.387251787109317,16.176436394507526,16.242023694730037,32261114
2019-08-29,16.466888427734375,16.551214096352364,16.42004188566059,16.448150047515508,30840594
2019-08-30,16.518423080444336,16.560585919952118,16.429412510033085,16.480945132332238,28610448
2019-09-03,16.574644088745117,16.579328981462965,16.359146122046546,16.434102039424634,27196284
2019-09-04,16.733922958374023,16.780770694798374,16.602750716050075,16.644912377473112,27455656
2019-09-05,16.813566207885742,16.855729058512377,16.747980077157063,16.81825110051689,28784687
2019-09-06,16.98221778869629,17.03843531780662,16.822936169779677,16.84167574050102,38748316
2019-09-09,17.235193252563477,17.867634818688533,17.197715295173666,17.717722989129282,156054584
2019-09-10,17.605287551879883,17.67087367571814,17.31951741277849,17.43195245800632,63577950
2019-09-11,18.14871597290039,18.15340086439288,17.66618634581511,17.769250409489604,72914534
2019-09-12,17.980066299438477,18.026914035708227,17.67555778826537,17.97538259055967,56491108
2019-09-13,17.759885787963867,17.96601514454146,17.680244980858003,17.80673353032973,51934430
2019-09-16,17.478797912597656,17.72240519016134,17.38510362487943,17.661502779243673,65127428
2019-09-17,17.40852928161621,17.450692130923798,17.23519299190129,17.35231175485488,46375748
2019-09-18,17.221141815185547,17.32420591455613,17.0946532502395,17.221141815185547,49625374
2019-09-19,17.403839111328125,17.436632165721882,17.239872656306037,17.34762278466834,35751178
2019-09-20,17.759885787963867,17.80673353032973,17.41789927988431,17.474115624280408,102573987
2019-09-23,17.614654541015625,17.731772093690733,17.55843702732246,17.624023140753334,28592972
2019-09-24,17.511594772338867,17.731777638460933,17.492856383950528,17.70366946435155,36647790
2019-09-25,17.511594772338867,17.595920477720778,17.44600863839905,17.488171491090004,29563331
2019-09-26,17.511594772338867,17.5490727321693,17.417900464289666,17.520964558059912,25490045
2019-09-27,17.535018920898438,17.67556097196846,17.41790015065551,17.61934344170821,32070987
2019-09-30,17.727088928222656,17.764568063036027,17.581862013034833,17.60997136414486,37524676
2019-10-01,17.525646209716797,17.783306988017355,17.506907824793945,17.778622096023255,30502974
2019-10-02,17.371049880981445,17.49753841839098,17.296093973565473,17.49753841839098,34764268
2019-10-03,17.422582626342773,17.42726751846899,17.17429044197477,17.33357204205182,26973322
2019-10-04,17.572490692138672,17.577175583265117,17.39446956154707,17.436632398631748,29014268
2019-10-07,17.642763137817383,17.74114231036971,17.577177022782497,17.605285188789818,27852194
2019-10-08,17.558441162109375,17.666190140420273,17.511593420175263,17.652136645977603,37298007
2019-10-09,17.67543601989746,17.75653795256103,17.599104930891578,17.751768313661845,32517572
2019-10-10,17.85194969177246,17.913968240340516,17.637267783732423,17.651580312521197,30928905
2019-10-11,17.928285598754883,18.033240557204323,17.875807517150843,17.933056442969672,36655734
2019-10-14,17.87580680847168,17.980761762760224,17.79947571357845,17.928284887995247,27506894
2019-10-15,18.080949783325195,18.16205173437977,17.85195646438008,17.866267793839917,30063141
2019-10-16,18.02846336364746,18.128648647357064,17.985526985594518,18.04277589125118,29173148
2019-10-17,18.038009643554688,18.061862657545436,17.942595178074644,18.061862657545436,24521672
2019-10-18,18.352874755859375,18.38149861213841,18.02846703550206,18.03800872251456,49864620
2019-10-21,18.23837661743164,18.42443347499374,18.219294449743447,18.32902022703605,35278112
2019-10-22,18.20975685119629,18.300400481148134,17.93782716609939,18.042782123840354,26683631
2019-10-23,18.00461196899414,18.19543966368466,17.952133901169876,18.133421114694613,32027692
2019-10-24,17.565706253051758,18.018921840818315,17.432126275155618,17.980756304956305,53057976
2019-10-25,17.60865020751953,17.73268855362745,17.518006569063985,17.62296274141001,44063779
2019-10-28,18.3624210357666,18.53893626585636,18.11434433994226,18.27177739599256,82403244
2019-10-29,18.15727996826172,18.362420257858222,18.119114417040883,18.362420257858222,35364040
2019-10-30,18.22406768798828,18.543703375651557,18.181131299098897,18.31471010474719,45040891
2019-10-31,18.3624210357666,18.3624210357666,18.07140794240502,18.22884099845532,52278140
2019-11-01,18.581867218017578,18.615261916369462,18.481683122961922,18.581867218017578,46648095
2019-11-04,18.55324363708496,18.844256649465425,18.538931106969088,18.653427733620806,47480891
2019-11-05,18.68682289123535,18.75361228625964,18.50553566937174,18.515077355734746,39343322
2019-11-06,18.72498893737793,18.739300262550373,18.60095062558578,18.72498893737793,29127073
2019-11-07,18.806089401245117,18.882420478755186,18.72498748079588,18.744069647794237,33818138
2019-11-08,18.787004470825195,18.810858683541976,18.648654856100737,18.76792230540999,24672872
2019-11-11,18.782238006591797,18.78700885024728,18.701136073965582,18.729761135898478,17987334
2019-11-12,18.68682289123535,18.834714210828437,18.639115664178696,18.772695658985654,21912332
2019-11-13,18.682052612304688,18.7536128526718,18.629574540481546,18.69636393752306,21974296
2019-11-14,18.581867218017578,18.643886976178287,18.45782890645457,18.59140890462052,36368956
2019-11-15,18.844257354736328,18.84902819828684,18.634346262306103,18.667740962401222,41675283
2019-11-18,18.906272888183594,18.93966758293876,18.7059035148943,18.748839895224737,34383883
2019-11-19,18.128650665283203,18.591407985548393,17.82809719021578,18.567553770220282,85473203
2019-11-20,17.73745346069336,17.94259248256803,17.365338546934055,17.694517078153503,92496494
2019-11-21,17.937822341918945,17.98552836139752,17.66589272995453,17.66589272995453,41518654
2019-11-22,18.00938606262207,18.095257637163748,17.98076099968297,18.00938606262207,26317280
2019-11-25,17.775619506835938,18.08094383159199,17.73745396624143,18.08094383159199,42985116
2019-11-26,17.842411041259766,17.861494416224588,17.54185631887342,17.78516332588233,71535058
2019-11-27,17.966445922851562,18.042776998572894,17.842407623614825,17.861490994924303,22600018
2019-11-29,17.832870483398438,18.109571004606313,17.823330000070204,18.00461604992698,24060390
2019-12-02,17.804243087768555,17.880574167785763,17.76130670466408,17.880574167785763,32951182
2019-12-03,17.913972854614258,17.913972854614258,17.608648466541602,17.746999332861165,32927880
2019-12-04,18.17635726928711,18.300395570474343,17.89488597135421,17.933051509815026,50625656
2019-12-05,18.219295501708984,18.30039742977287,18.133422730257994,18.185899597999263,28815933
2019-12-06,18.22406768798828,18.40535372626461,18.195442625556346,18.267004076877665,29930476
2019-12-09,18.147737503051758,18.33379561145912,18.142966658758372,18.185903052640175,27278637
2019-12-10,18.15727996826172,18.257465293190606,18.042783314599216,18.162050812759162,28833410
2019-12-11,18.20975685119629,18.247922399898332,18.12865490960961,18.13819539321615,24529351
2019-12-12,18.29562759399414,18.40058254001537,18.22406734876337,18.22406734876337,31237662
2019-12-13,18.2526912689209,18.262232956253545,18.104798729540416,18.228837050589288,32957538
2019-12-16,18.410120010375977,18.438743860960134,18.30516508839525,18.30516508839525,31833064
2019-12-17,18.367185592651367,18.46259883970247,18.343331377319828,18.414892818556094,45994833
2019-12-18,18.481679916381836,18.572322309108053,18.410119688792324,18.414890531266053,37645954
2019-12-19,18.572322845458984,18.572322845458984,18.443514913981296,18.505533458414387,33199697
2019-12-20,18.67728614807129,18.729764232198487,18.553247806798897,18.705910009977625,64039497
2019-12-23,18.639114379882812,18.81085990354959,18.624801851324484,18.724987141716202,38581095
2019-12-24,18.586639404296875,18.66297049311889,18.558015547178243,18.653428805826515,11515093
2019-12-26,18.682052612304688,18.70113478084866,18.59140899863519,18.60095068528638,26239032
2019-12-27,18.720216751098633,18.777465661956654,18.70113337922652,18.720216751098633,20430247
2019-12-30,18.62480354309082,18.739300167682764,18.596179688132434,18.734530529155037,23389652
2019-12-31,18.64388656616211,18.658197890993378,18.538930425354767,18.610490663786255,26766646
2020-01-02,18.53893280029297,18.71067835833679,18.467372552694222,18.682054500249,43165445
2020-01-03,18.634342193603516,18.701131579210678,18.40057813922025,18.405348981729077,36296666
2020-01-06,18.653427124023438,18.67728134010367,18.519848333007694,18.600950258163703,51229797
2020-01-07,18.72498893737793,18.74884194917094,18.596179782275495,18.643887010619924,37337462
2020-01-08,18.782238006591797,18.868110782873497,18.74407246210643,18.763155836728362,53645832
2020-01-09,18.839763641357422,18.93687633704643,18.718373384846842,18.898030277809738,52228887
2020-01-10,18.728086471557617,18.912599137411775,18.728086471557617,18.844620980444684,39350339
2020-01-13,18.499876022338867,18.718377799874215,18.461029953939708,18.71352204132432,43780576
2020-01-14,18.49501609802246,18.54357244638306,18.427036719837076,18.48044882565387,35129295
2020-01-15,18.38819122314453,18.465880887238743,18.349346391097423,18.43674756975375,34526213
2020-01-16,18.465883255004883,18.51443960784018,18.339637228113705,18.44646144959166,36172077
2020-01-17,18.63582992553711,18.664964473035333,18.441605739889756,18.475594819102856,44477926
2020-01-21,18.70380973815918,18.76207638208594,18.538718870030824,18.621264304095003,57931090
2020-01-22,18.956298828125,19.004855177730942,18.76207465590264,18.78149768622558,47842475
2020-01-23,18.757225036621094,18.93202746192599,18.71838018946465,18.917460184416647,38406592
2020-01-24,18.69409942626953,18.830055754990504,18.562997629687224,18.742655783470564,45632057
2020-01-27,18.572711944580078,18.72809133007196,18.45617740546117,18.461031938331228,46633398
2020-01-28,18.732942581176758,18.839765576445686,18.582418990979296,18.606696554294487,40842487
2020-01-29,17.990034103393555,18.723231491872227,17.98032381356718,18.694098169990063,76732420
2020-01-30,18.17454719543457,18.184257484829416,17.635574020458332,17.70840793502774,67100717
2020-01-31,18.266801834106445,18.33477998685527,18.08714493721272,18.121134013587135,54495840
2020-02-03,17.94632911682129,18.43674584182911,17.86863946000829,18.431890085003147,53993382
2020-02-04,18.271657943725586,18.325070051172606,17.936621704834497,18.00459985889331,42313451
2020-02-05,18.35906219482422,18.42704036023783,18.218250105581514,18.320217353701924,32620050
2020-02-06,18.664966583251953,18.684388390911725,18.383339949471388,18.383339949471388,34705482
2020-02-07,18.669822692871094,18.80092450390706,18.626123315394175,18.669822692871094,33363079
2020-02-10,18.616409301757812,18.713520787644935,18.49987478297232,18.655254141352977,24552653
2020-02-11,18.53386688232422,18.84948140870354,18.402765067516853,18.689246266006236,42338872
2020-02-12,18.47073745727539,18.6115507460181,18.46102594228595,18.543572593494797,41453646
2020-02-13,18.601842880249023,18.660110755414983,18.378484122681407,18.393051398023303,32606942
2020-02-14,18.572711944580078,18.6795349655553,18.50473376997783,18.58727922179561,36262904
2020-02-18,18.57756805419922,18.60670138297823,18.470743805006503,18.53872320709327,32138644
2020-02-19,18.664966583251953,18.76693383241943,18.529009024827023,18.567853866348198,29923989
2020-02-20,18.74751091003418,18.776645460999525,18.601843060014012,18.64554366026039,35981156
2020-02-21,18.718374252319336,18.781497875302964,18.630974293590455,18.7038082056319,37691897
2020-02-24,18.475595474243164,18.69895421530899,18.441606393824816,18.446462151913373,46190256
2020-02-25,18.135700225830078,18.587272159721092,18.091999636988927,18.50472673926573,64725329
2020-02-26,18.01431655883789,18.344497135154494,17.926915349206347,18.058017163653663,53306756
2020-02-27,17.34909439086914,17.922056693673188,17.16943746784171,17.761821577312865,87815227
2020-02-28,17.10145378112793,17.344234273762286,16.028364592260672,16.509069820532552,160070673
2020-03-02,18.053159713745117,18.169694240271653,17.13544955097262,17.17429439314813,90605027
2020-03-03,17.625864028930664,18.431895369090917,17.417073782765137,18.092003329643507,84481792
2020-03-04,18.538721084594727,18.558142892823195,17.829801173323162,17.97547025294417,55701210
2020-03-05,18.053159713745117,18.412474810419013,17.951191236658367,18.15998272317736,59974684
2020-03-06,17.980323791503906,18.087146789075106,17.56759662284004,17.82494321385282,64721224
2020-03-09,16.844112396240234,17.553031063010888,16.693587561897175,16.999491762863848,89990559
2020-03-10,17.407360076904297,17.426781881132023,16.625606399958283,17.242269223062266,75018634
2020-03-11,16.761568069458008,17.028626220332367,16.58676565727743,16.921803205222968,59972036
2020-03-12,15.212625503540039,16.23230405664836,15.081524938727329,15.469973327434523,111500925
2020-03-13,16.737289428710938,16.805268826404667,15.469975607400922,15.984670104844064,85647971
2020-03-16,15.445696830749512,16.455663937410268,15.013546588960837,15.052391430516957,77820218
2020-03-17,16.382827758789062,16.538208341467374,15.542807346460645,15.596219460075112,78966008
2020-03-18,15.950678825378418,15.979812148267994,14.688219710344155,15.537951641936237,100669546
2020-03-19,15.125224113464355,15.775876075765757,14.809610874657366,15.227192580554158,80521973
2020-03-20,13.814209938049316,14.809610916605223,13.683109374564706,14.790187884265851,154553565
2020-03-23,12.99846363067627,13.454891280478508,12.663427448156598,13.299511968086565,128274548
2020-03-24,13.639406204223633,13.741374661527745,13.032454896608298,13.595705611979215,101022392
2020-03-25,13.789935111999512,14.532842948665387,13.289806644372055,13.634555727238066,90068675
2020-03-26,14.858166694641113,15.032969088531571,13.925889304227995,13.925889304227995,84786312
2020-03-27,14.48913860321045,14.964989378958826,14.18809142949769,14.416304688680038,61415064
2020-03-30,14.678508758544922,14.765909949475587,14.314337947134826,14.518273650572539,55117988
2020-03-31,14.154104232788086,14.629953845594825,14.10554787457887,14.586253245826692,92432942
2020-04-01,13.619985580444336,13.877333398609997,13.45003895434254,13.78022069049425,72351304
2020-04-02,13.964734077453613,14.018146192264426,13.595707484454946,13.595707484454946,44775562
2020-04-03,13.333504676818848,13.955023322140054,13.231537435070107,13.85305485418977,70758797
2020-04-06,14.294915199279785,14.411449714102025,13.746231705383215,13.789932301716746,70836648
2020-04-07,14.605670928955078,15.037821046162248,14.600815171885191,14.780473278665902,71847522
2020-04-08,14.853387832641602,14.908049842519551,14.460808485285682,14.883203588477274,54010329
2020-04-09,15.270814895629883,15.375170678505116,14.903081767120012,14.908051269389045,66599583
2020-04-13,15.002464294433594,15.265840297221576,14.858353796438795,15.156515048572956,45209039
2020-04-14,15.469589233398438,15.484496485783387,15.081979337667127,15.250937400812196,42290546
2020-04-15,14.95277214050293,15.385106190517773,14.888171135520015,15.221117672565494,49706800
2020-04-16,14.987561225891113,15.047193999905765,14.763941146917084,15.047193999905765,43074884
2020-04-17,15.519277572631836,15.529216574831068,15.255902798823834,15.330442805469033,45884809
2020-04-20,15.395045280456543,15.613695802354856,15.255903012492086,15.330443020181262,40492157
2020-04-21,14.843448638916016,15.166456211951504,14.729153863906095,15.161486710221766,57214144
2020-04-22,14.644671440124512,15.355288688570944,14.565161940780447,15.355288688570944,67184129
2020-04-23,14.65958309173584,14.93289689759214,14.575104073665312,14.629766081881778,45031226
2020-04-24,14.763935089111328,14.883199333280343,14.485651852716959,14.704303594488989,47061315
2020-04-27,15.176395416259766,15.245965931547445,14.778847821866316,14.90308034705516,44116607
2020-04-28,15.23105525970459,15.464614262080348,15.216146757667,15.404981508854402,40944435
2020-04-29,15.618664741516113,15.837316510471195,15.439767725559728,15.46958473150212,43903972
2020-04-30,15.141610145568848,15.429832464986918,15.047192121384999,15.404984956030804,53955516
2020-05-01,14.858354568481445,15.30062634159092,14.783814565305892,15.290687339854324,48791121
2020-05-04,14.70927619934082,14.783817472097123,14.520441403839131,14.783817472097123,46557268
2020-05-05,14.778844833374023,14.997495338613836,14.768905831792821,14.778844833374023,32604956
2020-05-06,14.306756973266602,14.843446778801837,14.306756973266602,14.81860052819145,59704721
2020-05-07,14.356451034545898,14.510500552438433,14.326634027270273,14.49559204880062,42122133
2020-05-08,14.803691864013672,14.833507615407063,14.51546958741221,14.555224340911566,31824326
2020-05-11,14.599950790405273,14.734123574233688,14.48565601377723,14.734123574233688,38691782
2020-05-12,14.356451034545898,14.744060834808085,14.356451034545898,14.664551325255516,46632472
2020-05-13,13.958901405334473,14.371357432313093,13.914177151993764,14.311725931141797,65226860
2020-05-14,14.202401161193848,14.212338908445783,13.720373359805533,13.904239880371858,52730948
2020-05-15,14.068229675292969,14.142769688542524,13.948965403108753,14.053321170673204,42699397
2020-05-18,14.634734153747559,14.75399841673802,14.376327623139298,14.406143375155779,46244540
2020-05-19,14.391236305236816,14.669520843926547,14.361420552850255,14.639703836615437,46628367
2020-05-20,14.70430850982666,14.818603291829405,14.416084921415768,14.545288209519864,50178408
2020-05-21,14.793755531311035,14.937866068152992,14.674491249292771,14.803694535210406,51200272
2020-05-22,14.848419189453125,14.86332644077062,14.624799125367783,14.79872542357035,35269109
2020-05-26,15.31553840637207,15.46461844739707,15.191304620542986,15.22608987978717,54791357
2020-05-27,15.827374458312988,15.891976703813837,15.66835547696359,15.77271246780179,57514957
2020-05-28,15.434794425964355,15.936697547647364,15.390070186618491,15.916820805118135,52532745
2020-05-29,15.33541488647461,15.385108650906323,15.07203881343383,15.18136534616855,57900771
2020-06-01,15.370197296142578,15.52424680789465,15.20620878236147,15.280750042654745,33027445
2020-06-02,15.400012969970703,15.4546762259314,15.26087196196091,15.42982997590808,37650588
2020-06-03,15.658421516418457,15.732962785975134,15.54412674365438,15.554065746918557,36888361
2020-06-04,15.802533149719238,15.80253314971924,15.544126596839213,15.598789859351237,40729947
2020-06-05,16.284561157226562,16.3988559388273,16.016215577894656,16.170266375625825,61816766
2020-06-08,16.513145446777344,16.518114947206584,16.24480120806881,16.398850701677862,45385793
2020-06-09,16.21001625061035,16.329280498277306,16.075843501388388,16.304434250609997,42645378
2020-06-10,15.971487998962402,16.210017771602015,15.951611249948387,16.185170266678885,36133549
2020-06-11,14.992530822753906,15.564006034743123,14.967684565464104,15.50437451527765,66021525
2020-06-12,15.156513214111328,15.444734175216235,14.913013988311098,15.414918430088873,48034323
2020-06-15,15.156513214111328,15.231053204391856,14.669517272359357,14.903074988293895,53309006
2020-06-16,15.295658111572266,15.638543660578028,15.086945332385008,15.613696154172064,55119444
2020-06-17,15.037253379821777,15.315537955431115,15.01240712535742,15.295659947919855,41680314
2020-06-18,15.08198070526123,15.111797722584576,14.883206864397115,14.93786888630664,37554730
2020-06-19,15.062098503112793,15.280750276474828,14.898109986822394,15.25093326993147,99288878
2020-06-22,14.962711334228516,15.05712934726501,14.90804807590351,14.997496587735501,39136646
2020-06-23,15.032279014587402,15.24596125157777,15.00743276816149,15.057126515937625,51520812
2020-06-24,14.619823455810547,14.927922415445442,14.490620220990538,14.922952915461108,86849104
2020-06-25,14.768909454345703,14.813633717506747,14.51547238140804,14.654614672900703,48420401
2020-06-26,14.450868606567383,14.689398403581702,14.371359092537483,14.689398403581702,101387551
2020-06-29,14.863324165344238,14.873263167984186,14.55522512290249,14.575103128182384,49695678
2020-06-30,15.022345542907715,15.077007551581213,14.763938984893235,14.913019015711384,57979814
2020-07-01,14.858354568481445,15.146576834371517,14.833507064139953,14.972649323678922,41007987
2020-07-02,14.947802543640137,15.156516570524158,14.917986791910073,14.962711046967431,49947900
2020-07-06,15.1515474319458,15.206209435604729,15.027312411094831,15.176393683161264,44639852
2020-07-07,15.067070960998535,15.13167197800422,15.022346697331226,15.057131956866963,36422181
2020-07-08,15.136638641357422,15.18136289663718,14.982587870982911,15.136638641357422,51547292
2020-07-09,15.018927574157715,15.191792824987685,14.94266379501396,15.18670840185207,52120187
2020-07-10,15.318900108337402,15.3697430575963,14.97316959411122,14.998591710713312,48846464
2020-07-13,15.130782127380371,15.3392370713149,15.069771613223857,15.334152647810967,54274864
2020-07-14,15.232466697692871,15.303646052633566,15.013842925866205,15.110444396103732,40519034
2020-07-15,15.257891654968262,15.318903464233792,15.176543431911261,15.288396917628244,40985612
2020-07-16,15.451089859008789,15.507017226506774,15.212128404386617,15.237550518678956,43674920
2020-07-17,15.379907608032227,15.522267581285922,15.344317935705062,15.496846753607954,30634712
2020-07-20,15.176536560058594,15.344317354636624,15.15111573334328,15.344317354636624,42896938
2020-07-21,15.379907608032227,15.466340219660356,15.181621557098001,15.196874824071799,45341572
2020-07-22,15.334156036376953,15.390083423333788,15.227386971036394,15.334156036376955,40393519
2020-07-23,15.201960563659668,15.329065997008328,15.018926479894143,15.329065997008328,68190502
2020-07-24,15.03418254852295,15.359575394541752,14.978255171633949,15.151120442067784,51274813
2020-07-27,14.891820907592773,15.003675649136424,14.851146806289238,14.998591225980327,44346850
2020-07-28,15.095190048217773,15.196875934248155,14.846061039782978,14.876566292014042,49871240
2020-07-29,15.029095649719238,15.085023017397747,14.901988929682751,15.085023017397747,40350092
2020-07-30,15.03418254852295,15.11553076002765,14.927412218457166,14.983339595346166,35281820
2020-07-31,15.039266586303711,15.059602996685332,14.88165330710575,15.003676905176865,51205965
2020-08-03,15.059602737426758,15.242636847437055,14.952833695884301,15.227383576954422,51608461
2020-08-04,15.257891654968262,15.334155453591,15.029100259100039,15.049436672891506,45074786
2020-08-05,15.176536560058594,15.359570621032802,15.146031311211221,15.329064088240445,30387521
2020-08-06,15.171455383300781,15.298562111957123,15.090107179676345,15.105360449335398,29007119
2020-08-07,15.26297378540039,15.283310196135327,15.039266847589245,15.120615058419729,40278860
2020-08-10,15.354488372802734,15.354488372802734,15.247718060802818,15.278224597914317,47021066
2020-08-11,15.354488372802734,15.644291487745823,15.303645428228736,15.461258684802653,41026656
2020-08-12,15.344321250915527,15.512102088097002,15.308731570899049,15.435838304640933,28046160
2020-08-13,15.20704460144043,15.318899340996136,15.171454923925513,15.252803125086816,32958464
2020-08-14,15.257891654968262,15.329071029156744,15.130784895948505,15.166374583042746,29853155
2020-08-17,15.176536560058594,15.293474417261013,15.15111573334328,15.293474417261013,33125686
2020-08-18,15.14603328704834,15.217212638292725,15.13586444145767,15.181622962670533,29013606
2020-08-19,15.115528106689453,15.196876303914514,15.090105992590898,15.156202205301984,32808588
2020-08-20,15.085023880004883,15.191792914647225,14.998591254079786,15.024012085962655,30355348
2020-08-21,15.095190048217773,15.146032991232964,15.013841852971519,15.1155277390019,32945886
2020-08-24,15.26805591583252,15.27822476164533,15.079938688021452,15.105359518608294,34932813
2020-08-25,15.201960563659668,15.323982858188302,15.166369604303481,15.298560744362456,27839880
2020-08-26,15.247716903686523,15.313813111800375,15.100273787950742,15.166368712119526,36860557
2020-08-27,15.201960563659668,15.339234842538668,15.161286465483455,15.257886646186243,39206950
2020-08-28,15.273144721984863,15.293481135501658,15.156206813413041,15.222301762274556,35535366
2020-08-31,15.156206130981445,15.334154556036795,15.151121706844794,15.329070131900144,54923492
2020-09-01,14.983336448669434,15.125696430878083,14.907072676893238,15.120612008233653,61591818
2020-09-02,15.100274085998535,15.17145343403832,14.90707244819979,14.932493277086829,46510531
2020-09-03,15.044351577758789,15.344322308841663,14.957918941497331,15.140951777622172,58690669
2020-09-04,14.957914352416992,15.186705648366344,14.876564880941773,15.064683367071021,59361805
2020-09-08,15.003676414489746,15.04943365733826,14.754546086858797,14.998591991074287,61477424
2020-09-09,14.932497024536133,15.100277875554006,14.932497024536133,15.06468819260255,39217145
2020-09-10,14.69861888885498,14.937580372510151,14.693535749324093,14.937580372510151,62779578
2020-09-11,14.744375228881836,14.81047144032191,14.642690626278451,14.724038821939212,39282550
2020-09-14,14.815553665161133,14.896901848753915,14.744373041558742,14.795215977290466,38028987
2020-09-15,14.805388450622559,14.917243193441442,14.774883195283433,14.840978129175745,34307091
2020-09-16,14.866402626037598,15.018930211105125,14.80539082164331,14.810475245671624,40870556
2020-09-17,14.779966354370117,14.86639897372612,14.718954564964937,14.820640452658521,41904600
2020-09-18,14.708785057067871,14.85622945918961,14.698616211967387,14.764712421175439,60721023
2020-09-21,14.556258201599121,14.652859666711196,14.36814097810972,14.642690821131998,60207576
2020-09-22,14.495246887207031,14.708784928784262,14.449488368599033,14.50541444827375,37268482
2020-09-23,14.169855117797852,14.586764991012181,14.154601847822223,14.515585632349817,57973723
2020-09-24,14.256292343139648,14.368147124469397,14.108849154949114,14.169859686632888,43760980
2020-09-25,14.256292343139648,14.291882033946132,14.108849154949114,14.19019610254558,47569731
2020-09-28,14.429150581359863,14.566426136258976,14.357971234647021,14.398645330475084,40415232
2020-09-29,14.388479232788086,14.444406606709537,14.302046602157354,14.418985773442685,33695138
2020-09-30,14.495246887207031,14.576595079411238,14.383392159967443,14.429150678575443,51752777
2020-10-01,14.485081672668457,14.561345461481165,14.40881788385575,14.50033366006376,37920022
2020-10-02,14.581680297851562,14.688450617814595,14.342720109660407,14.373226649047137,37996284
2020-10-05,14.5765962600708,14.617270359467382,14.418984285402203,14.485079215442202,44305806
2020-10-06,14.59693431854248,14.825726955987804,14.571513485024257,14.61727201251332,51851282
2020-10-07,14.642695426940918,14.73421249804977,14.586768042608718,14.70370595171645,54847362
2020-10-08,14.90234088897705,14.9127587820313,14.709616444426134,14.751286701252592,42511786
2020-10-09,14.751282691955566,14.944007084125321,14.704403501343425,14.912754728847288,43291755
2020-10-12,14.652318000793457,14.740867452831713,14.589811963605694,14.740867452831713,67800584
2020-10-13,14.454388618469238,14.65232204599334,14.417925986065395,14.589815991548962,71511756
2020-10-14,14.318958282470703,14.558561946925526,14.313749335583777,14.433551167811189,64131912
2020-10-15,14.29812240600586,14.29812240600586,14.121023474514235,14.225199780823644,42483188
2020-10-16,14.235615730285645,14.360626491549063,14.230406784142529,14.313747291651476,38827756
2020-10-19,14.00121784210205,14.308536415356933,13.969965484849595,14.292910894425837,69017472
2020-10-20,13.938714981079102,14.12623179800503,13.886628145613509,14.058518122665424,55064895
2020-10-21,13.917878150939941,14.022054434994738,13.824119758368692,13.94392156425847,63219941
2020-10-22,14.730449676513672,14.845043859693522,14.428340011077529,14.496053679455274,118508460
2020-10-23,14.490843772888184,14.798162336147342,14.454382471381201,14.76690997991139,56442782
2020-10-26,14.261658668518066,14.402296263506102,14.110604496982704,14.391878371568382,54978438
2020-10-27,14.022054672241211,14.204362514726498,14.011636780581398,14.188735677236778,46561108
2020-10-28,13.803285598754883,14.00121896440665,13.777240869464933,13.907460569743572,64808211
2020-10-29,13.938714981079102,14.089770487022891,13.725156061810937,13.803287630399886,58489289
2020-10-30,14.07414436340332,14.084562257182846,13.902254377603665,13.92829911205248,64109669
2020-11-02,14.240825653076172,14.376253000523096,14.068935680126813,14.272078016687729,63620980
2020-11-03,14.303330421447754,14.480429341406948,14.272078057746288,14.32937515402442,44069208
2020-11-04,14.08456039428711,14.298120611567674,13.9908019934536,14.173109848919815,60219095
2020-11-05,14.329377174377441,14.506474803915763,14.15748717669816,14.162696123947923,46498086
2020-11-06,14.292914390563965,14.43355069029568,14.261660710276399,14.318957808746354,34735537
2020-11-09,14.740865707397461,14.996096141194577,14.662734156706957,14.709613350199312,93572376
2020-11-10,15.027347564697266,15.089853590600134,14.839832117769024,14.871084473025368,58510208
2020-11-11,14.964848518371582,15.105484827950985,14.808585367554166,15.08985930210365,52587691
2020-11-12,14.813791275024414,14.886713888390956,14.683570255542095,14.84504363569716,40346649
2020-11-13,15.058606147766113,15.100276410471603,14.829420360581276,14.88150851781082,36370545
2020-11-16,15.08985710144043,15.225285759580629,15.053395792593161,15.162779719134965,66132476
2020-11-17,15.121110916137695,15.173199068946335,14.938803039002766,14.990891191811405,37833830
2020-11-18,14.907548904418945,15.194031737784083,14.902339958217159,15.131527014143542,39135984
2020-11-19,14.730449676513672,14.850252805782644,14.641900223779436,14.850252805782644,54788444
2020-11-20,14.751282691955566,14.803370827679077,14.667942200954021,14.699194556232056,37358778
2020-11-23,14.907548904418945,14.949219158642792,14.766912618532498,14.787747087949194,36832091
2020-11-24,15.225285530090332,15.334669454983395,15.058603196544455,15.069021089026785,58266592
2020-11-25,15.100275993347168,15.256540460719208,15.05339810006531,15.251331513601071,32423701
2020-11-27,15.121110916137695,15.204451434475272,15.042979344620043,15.141946703417396,20720335
2020-11-30,14.975262641906738,15.115898916075315,14.949217913067857,15.037767360339362,57382822
2020-12-01,15.03776741027832,15.178405000304284,14.975262691638124,15.011723996743296,55682012
2020-12-02,15.152360916137695,15.209658006821256,14.996097797497594,15.011724635517767,39041053
2020-12-03,15.225285530090332,15.230494476331495,15.053395565693755,15.121109236047966,46284260
2020-12-04,15.386758804321289,15.501351684409771,15.266956977584616,15.29820934208319,49948562
2020-12-07,15.4388427734375,15.511765375978218,15.376338061371229,15.511765375978218,45853562
2020-12-08,16.048274993896484,16.110779721710056,15.345088255955268,15.360715095603933,97456992
2020-12-09,16.386844635009766,16.61082274107893,16.13161416763039,16.14723969059028,93587470
2020-12-10,15.985763549804688,16.204532654020802,15.876379655391682,16.183696874862076,62270236
2020-12-11,16.152450561523438,16.194120820032865,15.829506386923013,15.850340858482433,41708913
2020-12-14,15.912848472595215,16.28788083614993,15.834716894611821,16.267045047145974,56451785
2020-12-15,15.928471565246582,15.990976286765203,15.772207130669205,15.959723926005893,44250331
2020-12-16,15.777416229248047,15.933680665336363,15.751371498871448,15.902426988884445,45926250
2020-12-17,15.428427696228027,15.68886711323727,15.386757442122166,15.647196859131409,81662996
2020-12-18,15.313835144042969,15.459680378744508,15.240911211301718,15.37634118419397,98528240
2020-12-21,15.110689163208008,15.214865442218526,14.975261842040718,15.095063642129622,63319903
2020-12-22,14.79295825958252,15.110693502567564,14.751287999089858,15.10548455558215,84593405
2020-12-23,14.975262641906738,15.069019719555675,14.845042943883369,14.845042943883369,52034656
2020-12-24,14.944008827209473,14.980470131851758,14.845042804720505,14.964844610085255,25358704
2020-12-28,14.871085166931152,15.084645349363182,14.84504175556734,15.06901851331075,55104218
2020-12-29,14.865882873535156,15.04298183314725,14.850257345881097,14.944014457977945,48481570
2020-12-30,14.839837074279785,14.938803118211265,14.80858470858514,14.865880493126888,45476487
2020-12-31,14.980473518371582,15.001309305957548,14.78774906015453,14.81900142614285,51135925
2021-01-04,15.33466911315918,15.360713843784442,15.115899952859158,15.308625697924354,86700816
2021-01-05,15.240912437438965,15.496144249481118,15.204451125830253,15.365924527798242,83054520
2021-01-06,15.537808418273926,15.626357854426248,15.298204835385395,15.319040615840144,73455520
2021-01-07,15.579480171203613,15.673238561541321,15.459678368167786,15.636777257607836,71265359
2021-01-08,15.472040176391602,15.573339255637556,15.328090412221098,15.53601889654217,72471656
2021-01-11,15.392066955566406,15.472039341653591,15.290767881785678,15.32275791332599,40833484
2021-01-12,15.328089714050293,15.392067084904921,15.20013362595923,15.392067084904921,57515222
2021-01-13,15.253450393676758,15.35474948651051,15.178809665474018,15.349417813584306,51383116
2021-01-14,15.61599063873291,15.871902815948669,15.21079568495038,15.274774402445228,84548919
2021-01-15,15.552017211914062,15.615995951173982,15.365415360702364,15.434724427383527,53824704
2021-01-19,15.434721946716309,15.66397715151026,15.408064928365317,15.610661768426215,53971536
2021-01-20,15.440052032470703,15.466709048081434,15.322759278848805,15.461377375682904,43086270
2021-01-21,15.370741844177246,15.504029616785452,15.33875315573822,15.413393877556596,37102320
2021-01-22,15.424055099487305,15.488033813941088,15.232121648889455,15.360077731415272,45975370
2021-01-25,15.520023345947266,15.557343703758654,15.189470451290537,15.333420210508493,68733209
2021-01-26,15.861245155334473,15.909227523598288,15.498702131956778,15.514695805917322,66887024
2021-01-27,15.536018371582031,16.10115810389159,15.44005096778984,15.482702997655055,97381127
2021-01-28,15.354750633239746,15.845249768879489,15.344087286590975,15.477375080554143,69698670
2021-01-29,15.264114379882812,15.482706247117148,15.23212568736567,15.344086784366722,66272688
2021-02-01,15.274776458740234,15.450716272558868,15.104168317629075,15.429389581728975,56774709
2021-02-02,15.216134071350098,15.365416913790773,15.130829974636113,15.344090216421073,56673026
2021-02-03,15.20013427734375,15.301432009934876,15.168144244163729,15.200134277343748,53468813
2021-02-04,15.402729988098145,15.402729988098145,15.178806503750813,15.20546351644716,42001782
2021-02-05,15.424055099487305,15.498697157413677,15.386734743714992,15.450713458168776,36503739
2021-02-08,15.338751792907715,15.456044537684114,15.258779405724635,15.445382540073036,42459356
2021-02-09,15.258779525756836,15.344083585607402,15.226790839908329,15.280106213910392,43411312
2021-02-10,15.221457481384277,15.280104520926837,15.18413712763235,15.26944117803152,55965612
2021-02-11,15.296100616455078,15.301432288748899,15.173476192842879,15.200134554311981,44673216
2021-02-12,15.354750633239746,15.376075980155132,15.242789532574118,15.24811985951635,38015880
2021-02-16,15.445383071899414,15.557344148534488,15.317426978724246,15.354747337602603,51239727
2021-02-17,15.765276908874512,15.855912660020975,15.354750192129814,15.365413538472248,67769867
2021-02-18,15.584003448486328,15.775938273005508,15.573340103483718,15.754611583000289,35751575
2021-02-19,15.461373329162598,15.637314433121363,15.450711333537893,15.615987749108822,39326772
2021-02-22,15.631986618041992,15.765274386853614,15.450715144747637,15.45604547068403,46173044
2021-02-23,15.557342529296875,15.893228417006187,15.520022174302891,15.807924363768015,62175305
2021-02-24,15.66397476196289,15.775937183997664,15.5680073563279,15.621322731278656,45852636
2021-02-25,15.264114379882812,15.599999017268074,15.24278903366542,15.54668497853354,77501929
2021-02-26,14.86958122253418,15.349416948651344,14.86958122253418,15.290769896149898,102619798
2021-03-01,14.976210594177246,15.168145422642139,14.938890232282846,15.013532302453621,58790102
2021-03-02,15.04552173614502,15.173477845991847,14.970881008663214,14.970881008663214,47299370
2021-03-03,15.312095642089844,15.424056721178404,15.024194762732188,15.024194762732188,75820581
2021-03-04,15.418723106384277,15.631984585864126,15.27477335803162,15.338750724770197,80437237
2021-03-05,15.79193115234375,15.855909872769661,15.450714900423895,15.466708570743965,77737336
2021-03-08,15.989197731018066,16.2024592540287,15.685303157406512,15.749280537204102,74116593
2021-03-09,15.802594184875488,16.06916971302126,15.786599168489275,15.941213621077111,63488580
2021-03-10,15.989197731018066,16.079833474382987,15.7652755553445,15.962540713832738,57977033
2021-03-11,15.749281883239746,15.994530770727733,15.727956536945278,15.946547058587543,48327854
2021-03-12,15.893231391906738,16.45837118698812,15.845247684680944,15.941215099132531,92827229
2021-03-15,15.957208633422852,16.031849356740352,15.823920858137623,16.005192340236093,56121050
2021-03-16,15.989197731018066,16.015856094585395,15.82925293514209,15.861242971422884,50311735
2021-03-17,16.074501037597656,16.11715441727793,15.89323090586616,16.05850736659949,52881354
2021-03-18,15.999862670898438,16.261107927982447,15.989199324408858,16.03185136398504,41438817
2021-03-19,15.866571426391602,16.02651620340309,15.791930709970483,15.99985918936179,97559734
2021-03-22,15.989197731018066,15.999861076444999,15.770607228057965,15.877236643181284,41525936
2021-03-23,15.994529724121094,16.138480851122186,15.893231979682126,15.967872706401792,48880756
2021-03-24,15.989197731018066,16.149143873276042,15.978535731973134,15.983867404686599,44403518
2021-03-25,16.037179946899414,16.0958269949088,15.893230182557447,15.994527915542188,49001902
2021-03-26,16.159805297851562,16.314418402635834,16.037179532781884,16.14381028161243,83378238
2021-03-29,16.293092727661133,16.34107642901589,16.111821266183576,16.207788668893084,49355145
2021-03-30,16.383731842041016,16.389063515112866,16.20779201619831,16.3197531115609,46516092
2021-03-31,16.138477325439453,16.341075462820957,16.10115697023279,16.341075462820957,59981040
2021-04-01,16.24510955810547,16.250441230250736,16.010522715623004,16.122483791528044,42999548
2021-04-05,16.373065948486328,16.442374994872726,16.314418900202693,16.32508224468733,50996905
2021-04-06,16.517017364501953,16.517017364501953,16.362402905768814,16.373066250450112,44574314
2021-04-07,16.490360260009766,16.607653021300656,16.42105120706106,16.533012295604816,53821262
2021-04-08,16.358661651611328,16.544059973978108,16.320491651777072,16.522249135658733,66037678
2021-04-09,16.380475997924805,16.46226906207219,16.309587665838823,16.385929052472495,44111311
2021-04-12,16.336851119995117,16.445908067706995,16.304134173384938,16.36411501266463,32913051
2021-04-13,16.156902313232422,16.282318395327387,16.091468434327883,16.282318395327387,54794270
2021-04-14,16.21143341064453,16.249603407428594,15.976958999503937,16.140545093445255,41425180
2021-04-15,16.222341537475586,16.271416270141877,16.18417015890469,16.238699322686397,35073819
2021-04-16,16.33139419555664,16.37501723970961,16.27141199345875,16.30958198496341,39935944
2021-04-19,16.353208541870117,16.402284649213193,16.255057704217755,16.358661595689767,39439974
2021-04-20,16.29867935180664,16.36956629127978,16.276867138409568,16.342302401567114,35799239
2021-04-21,16.418643951416016,16.489530897611566,16.309585628155688,16.336850897487672,45489198
2021-04-22,17.100255966186523,17.389259574738166,16.985744582785355,17.06753901822928,143684584
2021-04-23,17.1220645904541,17.29110511660175,17.1220645904541,17.165689018131197,53428961
2021-04-26,16.854875564575195,17.111162227460344,16.84397083318123,17.111162227460344,60190761
2021-04-27,16.77853775024414,16.8385199773947,16.702197735350026,16.816707757691198,44211273
2021-04-28,16.882139205932617,16.9857430948942,16.849422260841262,16.88759225962014,37193014
2021-04-29,17.089345932006836,17.19295118327692,16.963929846120376,16.974835951945348,50944740
2021-04-30,17.127517700195312,17.138423807150424,16.931214660171825,17.100253809841238,41484362
2021-05-03,17.176593780517578,17.367445143831194,17.160235997141417,17.32927514657521,49589228
2021-05-04,17.46014404296875,17.49286098627549,17.203858795837558,17.231122685754226,68700639
2021-05-05,17.465599060058594,17.54739211603847,17.345636003090366,17.454692952052252,41937965
2021-05-06,17.672807693481445,17.678260747319992,17.291106318087348,17.471051586624203,38556072
2021-05-07,17.53648567199707,17.645543995903015,17.48195788707791,17.558297887591785,38330065
2021-05-10,17.792774200439453,17.940002540161704,17.59101669300149,17.629186697292305,54262286
2021-05-11,17.591014862060547,17.814583187094566,17.49286264579511,17.71643097082913,44221335
2021-05-12,17.432878494262695,17.612822353844404,17.41106628277791,17.53102931484357,41682300
2021-05-13,17.56374740600586,17.64008739115292,17.263839141185095,17.356536907701646,35838562
2021-05-14,17.580108642578125,17.749149181532115,17.569202534832613,17.629184750399112,28044703
2021-05-17,17.1057071685791,18.47438230485922,17.034818849139537,18.272624830724,227010260
2021-05-18,16.113283157348633,16.358662328015072,15.753392605410776,16.293228433317562,327097378
2021-05-19,15.791559219360352,15.911522251928298,15.633426193567766,15.840635318373048,162369932
2021-05-20,16.162355422973633,16.195072362541275,15.76429358726099,15.818822737896074,108488825
2021-05-21,16.36411476135254,16.489530868960337,16.282321707566314,16.36411476135254,98754380
2021-05-24,16.222341537475586,16.445908492616255,16.211435429312473,16.38592765178685,63020282
2021-05-25,16.096923828125,16.222339928459807,15.938789406546025,16.200527714297028,77290883
2021-05-26,16.113283157348633,16.162359266888693,16.020583992332284,16.086019264063648,43765747
2021-05-27,16.200531005859375,16.304136290115252,16.124190994846625,16.167814055001624,62823932
2021-05-28,16.047847747802734,16.20052773904048,16.015129426508597,16.20052773904048,54191320
2021-06-01,15.98786449432373,16.102374480292692,15.933335339419337,16.064204484969704,52162290
2021-06-02,16.145998001098633,16.162357161158567,15.89516580904837,15.976958855280687,53003692
2021-06-03,15.938789367675781,16.12418767947237,15.916977153566195,16.06420546770473,60788150
2021-06-04,15.960599899291992,15.998771273253228,15.916976848941417,15.944242116056584,45228105
2021-06-07,15.85699462890625,15.993318210333756,15.818824632001371,15.97695905007437,43812219
2021-06-08,15.802467346191406,15.835184290706323,15.666145137506563,15.829731237114881,81796720
2021-06-09,15.818825721740723,15.911524882195797,15.74793877646745,15.78610877600181,38698004
2021-06-10,15.91152286529541,15.971505072408393,15.813370663486387,15.818823716590623,46019327
2021-06-11,15.98786449432373,16.004222276871506,15.884259237708743,15.933335339419337,41163954
2021-06-14,15.862447738647461,15.966052999924058,15.79156079800581,15.938789109761968,36006312
2021-06-15,15.966054916381836,15.976961024569247,15.835185749234496,15.846091857421907,34705350
2021-06-16,15.846088409423828,15.998769759723595,15.807917039073715,15.96605144228064,40251454
2021-06-17,15.671599388122559,15.895167717279548,15.655240226098691,15.835185500225874,47283350
2021-06-18,15.62252426147461,15.687958159617073,15.491655088155754,15.61161815277289,86995009
2021-06-21,15.775199890136719,15.786105995806873,15.633426024558899,15.660689911700738,44495668
2021-06-22,15.693410873413086,15.813373935426963,15.68795781918056,15.780656987065704,41524215
2021-06-23,15.62252426147461,15.769751220812116,15.617071207123749,15.704317322669652,31479689
2021-06-24,15.698860168457031,15.726124056057257,15.600707969842508,15.655237122076528,47503266
2021-06-25,15.753388404846191,15.786105343471133,15.627972325922679,15.649783159328143,37039297
2021-06-28,15.693410873413086,15.764297824368127,15.677053087749405,15.764297824368127,35873515
2021-06-29,15.627979278564453,15.835188484751175,15.622526223528736,15.704319294996282,42715947
2021-06-30,15.693410873413086,15.737033930239395,15.622523922458045,15.62797697669057,43623814
2021-07-01,15.873355865478516,15.933338083908545,15.737033643253083,15.75339280565233,34947642
2021-07-02,15.938789367675781,16.004223255937095,15.867901048853351,15.873354102380747,37964376
2021-07-06,15.8242769241333,15.993317440913545,15.786106929064736,15.966052175126267,53233538
2021-07-07,15.775199890136719,15.851541252794249,15.737029897324724,15.829729041453943,44484282
2021-07-08,15.740842819213867,15.846972414963034,15.69056890089575,15.791115326928217,52985421
2021-07-09,15.891656875610352,15.94192937682019,15.774355313189782,15.779941303391274,45214865
2021-07-12,15.90841007232666,15.964268546975655,15.768764591005752,15.830209054179964,35588988
2021-07-13,15.791109085083008,15.98661163713495,15.763179141501865,15.908410616314173,38431218
2021-07-14,15.785531997680664,15.841390505737827,15.729673489623499,15.785531997680664,42322852
2021-07-15,15.88048267364502,15.91958318550885,15.757593738526392,15.774351705298004,36102832
2021-07-16,15.830211639404297,15.992199690677095,15.807867681654452,15.919584649196887,34673177
2021-07-19,15.522991180419922,15.752009701663322,15.361003123966428,15.701737205721752,76367393
2021-07-20,15.590019226074219,15.74083811474576,15.444789147864125,15.478303672789274,46026477
2021-07-21,15.584437370300293,15.807869926511161,15.556507419146689,15.684982373246083,40798133
2021-07-22,15.645880699157715,15.835800138317465,15.495064602860236,15.7855276360171,48904588
2021-07-23,15.724084854125977,15.757599389084,15.606781865867243,15.623539838648139,40029948
2021-07-26,15.740842819213867,15.77435735415551,15.645882384105635,15.684984320575282,48400144
2021-07-27,15.752007484436035,15.8637244398263,15.573261484294205,15.645876517875609,45261337
2021-07-28,15.645880699157715,15.802284196381477,15.562093665524978,15.724083153071405,42069835
2021-07-29,15.802281379699707,15.891654387724794,15.701736393020644,15.746422897033186,42129018
2021-07-30,15.66822338104248,15.863727383957185,15.64587942157634,15.84696941435758,49652913
2021-08-02,15.701738357543945,15.94751486566495,15.65705184794045,15.774354817276842,43086667
2021-08-03,15.746423721313477,15.779939659029873,15.590020243780618,15.684980656706966,37982515
2021-08-04,15.556506156921387,15.707323649103026,15.534163608414929,15.66263714148663,38980149
2021-08-05,15.606780052185059,15.64588057352613,15.562093540566176,15.567679530843987,27837762
2021-08-06,15.617950439453125,15.690565484449529,15.590020490913385,15.590020490913385,30562686
2021-08-09,15.556506156921387,15.640293182376693,15.534163608414929,15.62353662364772,33359504
2021-08-10,15.690564155578613,15.701736134048328,15.511818142476539,15.539748088650827,29472770
2021-08-11,15.729668617248535,15.763183147459872,15.65146616595066,15.684982106765565,27142927
2021-08-12,15.651463508605957,15.763180471147582,15.612362994897387,15.752008492772754,25167519
2021-08-13,15.746423721313477,15.785525648649271,15.640292739751771,15.662636698229369,29052135
2021-08-16,15.752007484436035,15.80227997330133,15.629119961989337,15.718492962060251,27148223
2021-08-17,15.746423721313477,15.79111163826867,15.645878729371171,15.684980656706966,26361502
2021-08-18,15.545331001281738,15.72407840583071,15.528574445976316,15.67380591870806,36599729
2021-08-19,15.377762794494629,15.556508855972618,15.361006232858395,15.52858031284308,49881700
2021-08-20,15.400105476379395,15.550921571578051,15.321904433639084,15.372175524969565,36754240
2021-08-23,15.372175216674805,15.483892198866386,15.361004646938508,15.428033707770595,37017584
2021-08-24,15.333074569702148,15.394519050461405,15.28838805931457,15.377761080089725,38782343
2021-08-25,15.321901321411133,15.37217240253041,15.271628829688536,15.333071889102461,29708309
2021-08-26,15.092884063720703,15.316318026503875,15.087299484194334,15.305146046244003,49257302
2021-08-27,15.154329299926758,15.193429822181741,15.01468377152831,15.104056796855026,42686157
2021-08-30,15.210184097290039,15.249284610043489,15.109639115579283,15.148739628332732,40268666
2021-08-31,15.316312789916992,15.360999285074778,15.148737375122986,15.187839292663748,52696392
2021-09-01,15.187844276428223,15.33866036544786,15.159914326162697,15.327489795945198,37546257
2021-09-02,15.439203262329102,15.567676784241373,15.171084239920004,15.182256218504556,80611740
2021-09-03,15.39451789855957,15.500648881765105,15.260458377427904,15.43920440560346,35800298
2021-09-07,15.316312789916992,15.388927815572236,15.288382848816449,15.34424132041445,34935329
2021-09-08,15.416861534118652,15.49506398491361,15.338660493927256,15.338660493927256,37976292
2021-09-09,15.316312789916992,15.455958263610457,15.310726801696884,15.400099792012453,39806590
2021-09-10,15.182252883911133,15.355412871525813,15.171080907780368,15.34982688346043,38245594
2021-09-13,15.372175216674805,15.500650169376197,15.266045635256738,15.271631625426675,51168760
2021-09-14,15.266046524047852,15.42244861549752,15.221360010690281,15.388934083130257,38046729
2021-09-15,15.400105476379395,15.444791988031517,15.254873960859097,15.277217921986962,44541081
2021-09-16,15.416861534118652,15.49506398491361,15.327489924331028,15.394518984322637,38041698
2021-09-17,15.377762794494629,15.606781362088768,15.316319717488899,15.316319717488899,89996517
2021-09-20,15.199014663696289,15.288387682267295,15.048197165881389,15.26045914294018,64631457
2021-09-21,15.059370040893555,15.321904532827478,15.0481980602573,15.254874059613561,47120101
2021-09-22,15.087298393249512,15.19901395595951,15.076126413797473,15.092882972372067,41950675
2021-09-23,15.187844276428223,15.243701355752174,15.092883856128987,15.115227816341408,45047776
2021-09-24,15.154329299926758,15.293974828325206,15.137572739305273,15.165501280743507,32406489
2021-09-27,15.305146217346191,15.444791740345044,15.171086684539725,15.17667267473211,42571764
2021-09-28,15.215770721435547,15.495061722021351,15.187842185618308,15.32748768591121,43597466
2021-09-29,15.305146217346191,15.400105229409554,15.17667267473211,15.238117156244751,41619543
2021-09-30,15.087298393249512,15.366589415929706,15.087298393249512,15.349831446751645,58751838
2021-10-01,15.171087265014648,15.305146802950492,15.087300230130202,15.15991528420242,41759490
2021-10-04,15.221358299255371,15.338659854653656,15.131985282589008,15.215772309388285,57892430
2021-10-05,15.277215957641602,15.349831000763102,15.176670966701508,15.249286009823006,42649350
2021-10-06,15.254875183105469,15.271633155294046,15.064957140716496,15.226946640061565,73923686
2021-10-07,15.52332592010498,15.603549377960528,15.454561922597172,15.471753283745192,64402935
2021-10-08,15.339950561523438,15.540510585509345,15.328489657962235,15.50612932190952,51635868
2021-10-11,14.915916442871094,15.339955541456979,14.915916442871094,15.294113359413837,85460890
2021-10-12,14.572098731994629,14.91591580618448,14.53198700530458,14.91018535278816,101515979
2021-10-13,14.497605323791504,14.589289690534127,14.331427951727107,14.486145863261896,80546996
2021-10-14,14.680974006652832,14.789849734440876,14.526257542735841,14.537717003225934,75032669
2021-10-15,14.726814270019531,14.864342248814829,14.698163451902902,14.721083816979384,63061723
2021-10-18,14.514795303344727,14.698164019372527,14.486144484121942,14.646591387104188,59807596
2021-10-19,14.663783073425293,14.669512079730099,14.48041435331419,14.58928862645254,46242686
2021-10-20,14.847151756286621,14.950297022861383,14.646591676511713,14.675242496300621,63927222
2021-10-21,14.761195182800293,15.064899027192924,14.669509392456263,14.967485678677495,73916007
2021-10-22,14.606477737426758,14.784115976795066,14.595016832413584,14.761195613852689,49159193
2021-10-25,14.692431449890137,14.703892354762145,14.509062760273805,14.5720962899859,65704956
2021-10-26,14.537715911865234,14.726815084309507,14.526256452235415,14.686703357894688,48187774
2021-10-27,14.360075950622559,14.600747727779227,14.348616492345771,14.549175100739655,52952056
2021-10-28,14.640862464904785,14.69243510256631,14.37727026982082,14.400192085263413,70281362
2021-10-29,14.474685668945312,14.62367168693073,14.41165212104692,14.537717769759338,71775496
2021-11-01,14.537715911865234,14.65805253819387,14.526256452235415,14.589288544994051,53318010
2021-11-02,14.457489967346191,14.600746935328893,14.400188337820255,14.554904763457785,45810003
2021-11-03,14.428840637207031,14.514794537423903,14.388728913578097,14.394459366537099,48160500
2021-11-04,14.211089134216309,14.468952280519622,14.062101699361515,14.400189739561453,83532616
2021-11-05,14.383001327514648,14.503336522387297,14.22828340803464,14.239744316237093,58867158
2021-11-08,14.25693130493164,14.400189733886862,14.170977405225765,14.360076563412319,61161253
2021-11-09,14.159514427185059,14.239739309309467,14.085021444230817,14.222547953050553,60057567
2021-11-10,14.297043800354004,14.400189053964557,14.13086501462945,14.14805492550854,62271427
2021-11-11,14.279853820800781,14.382999084367768,14.25693200797072,14.319965546169243,40223517
2021-11-12,14.291315078735352,14.371538531445513,14.274123718689955,14.297045532083818,36217358
2021-11-15,14.211089134216309,14.354347563227984,14.176707863737226,14.308503939810441,53290206
2021-11-16,14.130867958068848,14.262664055320155,14.113676596524819,14.205360963924363,48162354
2021-11-17,14.130867958068848,14.1652492340726,14.073564866673056,14.113676596524819,42762155
2021-11-18,13.97614860534668,14.148056414736658,13.976148605346681,14.113675142275493,49734868
2021-11-19,13.827160835266113,13.94749599698591,13.729746036552196,13.936035091940987,66821750
2021-11-22,14.153788566589355,14.245474382629263,13.792781544712314,13.80997290654811,71414574
2021-11-23,14.188169479370117,14.319965562036574,14.148056306873062,14.148056306873062,58975991
2021-11-24,14.021991729736328,14.1652487295816,13.999071362244896,14.136597908446246,44597748
2021-11-26,13.878732681274414,13.93603576217096,13.758397513767301,13.787048330673555,38851588
2021-11-29,13.689634323120117,13.901655300637946,13.66671395767945,13.895924847506748,69449493
2021-11-30,13.08222484588623,13.569298881612605,12.92177650262222,13.546377069538847,184492383
2021-12-01,12.738407135009766,13.294245131102317,12.732676682287943,13.179638970833908,106323952
2021-12-02,13.208291053771973,13.328626218032165,12.767059223983267,12.767059223983267,105952835
2021-12-03,13.443231582641602,13.483343306010056,13.128066801531686,13.191100336587297,93399859
2021-12-06,13.340088844299316,13.71828719088488,13.311436577385752,13.517727110826671,78265347
2021-12-07,13.225482940673828,13.391660303826535,13.162450846346216,13.351548576413268,82646331
2021-12-08,13.277056694030762,13.506267617912403,13.168180962530355,13.19110277846069,64794044
2021-12-09,13.145257949829102,13.219750942451517,12.99627051750022,13.196830578215407,68283976
2021-12-10,13.087956428527832,13.208293058133133,13.036383793994736,13.168179883541887,52988731
2021-12-13,12.858743667602539,13.065034175962262,12.772788324396645,13.013461548872332,87574921
2021-12-14,12.77278995513916,13.024922670093403,12.749869588552881,12.830093042231152,102318985
2021-12-15,12.704026222229004,12.835822297276964,12.618072323157902,12.767059756853707,93643342
2021-12-16,13.58648681640625,13.689632061559722,12.979077696938337,12.979077696938337,150436190
2021-12-17,13.626603126525879,13.660984400483787,13.340089133680125,13.638062586455701,142867941
2021-12-20,13.861542701721191,13.918844335251592,13.609410015268109,13.769858351571713,102088344
2021-12-21,14.021991729736328,14.222551818936559,13.867275269687468,13.936037819246016,96523307
2021-12-22,14.199630737304688,14.234013460942952,13.890196354150607,14.004802538776165,67746697
2021-12-23,14.251202583312988,14.337156484733105,14.216819865077662,14.239741677234546,57348266
2021-12-27,14.199630737304688,14.377270468182735,14.113676822377684,14.251204822762084,67853676
2021-12-28,14.222552299499512,14.394461573372999,14.148057846695712,14.176710115883443,55695649
2021-12-29,14.119406700134277,14.279855062645636,14.096484885310826,14.21682151896541,44728560
2021-12-30,14.199630737304688,14.297047007195442,14.130868184196816,14.136598638136526,53706074
2021-12-31,14.096484184265137,14.228281718776898,14.079294271086704,14.165248178231456,59608069
2022-01-03,14.572098731994629,14.658052638771045,14.199629390823178,14.199629390823178,76970210
2022-01-04,14.692431449890137,14.829957967102388,14.577826742421903,14.698161902326142,72918108
2022-01-05,15.019060134887695,15.368606193553033,14.898723515250962,14.898723515250962,125367971
2022-01-06,14.961758613586426,15.351416437116,14.86434379593297,15.305574255107565,93758133
2022-01-07,15.472896575927734,15.608262026521448,15.16685178532688,15.24924937435007,98164670
2022-01-10,15.57295036315918,15.67888906388235,15.419929446864465,15.531752309827919,77030717
2022-01-11,15.502327919006348,15.731860814747412,15.38461790329164,15.68477710571655,60054124
2022-01-12,15.567068099975586,15.602381998746186,15.390504551223385,15.467016512284486,48477730
2022-01-13,15.773056983947754,15.931965040234783,15.490554763620764,15.596493467812117,65005487
2022-01-14,15.996703147888184,16.026129900476604,15.578834046229545,15.667115790269495,72617163
2022-01-18,16.07322120666504,16.167388643063617,15.837802615668592,16.01436618734708,80247772
2022-01-19,16.055561065673828,16.1732695837561,15.761286054780744,16.155612637220027,67442309
2022-01-20,15.902539253234863,16.132073643198346,15.867226841807847,15.967279912747019,55659239
2022-01-21,15.66123104095459,15.890765372156075,15.567063643739798,15.796596488666507,79715392
2022-01-24,15.502327919006348,15.643579046098933,15.178626118928452,15.414046150357867,102910548
2022-01-25,15.584720611572266,15.66123106457162,15.125653434751802,15.396385816858674,115467364
2022-01-26,14.272262573242188,15.87899561612434,14.16043822085014,15.87899561612434,188252808
2022-01-27,14.195748329162598,14.43705094312284,13.866161008516729,14.160434446488347,116707158
2022-01-28,14.837267875671387,14.854924822743438,14.089814230021254,14.166324694783471,102063320
2022-01-31,15.007946014404297,15.031487122305206,14.490023805285672,14.696015559224332,129691758
2022-02-01,14.372313499450684,14.478250701195286,14.195750010268313,14.23694805865922,172591344
2022-02-02,14.442940711975098,14.537108120097635,14.166324136399508,14.248720246937992,93834925
2022-02-03,14.454713821411133,14.660705609852702,14.384088999604108,14.419401410507621,63825671
2022-02-04,14.172211647033691,14.44294260938392,14.113356637656425,14.42528714696334,69719192
2022-02-07,14.083925247192383,14.172206989105469,13.91324592472238,14.148665884856818,73169536
2022-02-08,14.089813232421875,14.195751934803413,14.019186935409216,14.054500827052996,42150732
2022-02-09,14.419397354125977,14.448824107221549,14.11335258232326,14.131009525945434,53029907
2022-02-10,14.272262573242188,14.507681089113671,14.24871997851758,14.39585673672162,58431827
2022-02-11,14.201637268066406,14.395856236420101,14.13101097262199,14.284033374189171,60084576
2022-02-14,14.154552459716797,14.28403225725291,14.030956823922313,14.148666811700418,57458290
2022-02-15,14.32522964477539,14.39585444515716,14.189864205481427,14.225176605672313,43586610
2022-02-16,14.089813232421875,14.325231745339238,13.995645827254931,14.225178691564997,60662502
2022-02-17,13.983872413635254,14.095696747699908,13.889705022720179,14.025070461376265,61712434
2022-02-18,14.048615455627441,14.101584807863304,13.86027915530274,13.954446562327625,62595410
2022-02-22,13.97799015045166,14.183981925308798,13.872051438452273,13.989761448734933,62168288
2022-02-23,13.836736679077148,14.083926469654255,13.777881683935021,14.007414530087056,50233222
2022-02-24,13.671944618225098,13.70725702500607,13.330587389275795,13.513038044573237,92965719
2022-02-25,14.072155952453613,14.189865949254695,13.795537905853529,13.80142355432107,59026965
2022-02-28,13.942676544189453,13.977988949730872,13.77788284120465,13.883821544103816,62788449
2022-03-01,13.84850788116455,13.983874829481225,13.636631958139413,13.895593071031174,57663378
2022-03-02,14.019186019897461,14.154552956475454,13.848506680256639,13.866163624925456,45624775
2022-03-03,14.072155952453613,14.183980300787155,13.936790496524775,14.095698546323776,49218641
2022-03-04,14.048615455627441,14.060385266799354,13.795538505620033,13.948562399879135,48190952
2022-03-07,13.872049331665039,14.048614320273607,13.81907998370995,13.930904327867895,50113532
2022-03-08,13.536577224731445,13.907361158783035,13.536577224731445,13.836736355284993,67277074
2022-03-09,13.689599990844727,13.842622384335739,13.65428758812366,13.707255449067866,58010928
2022-03-10,13.648404121398926,13.666059582443959,13.50126735255684,13.666059582443959,53623059
2022-03-11,13.648404121398926,13.948563308189787,13.624861524972179,13.889708303397946,72142244
2022-03-14,13.471837043762207,13.677827276847157,13.42475334958927,13.666055981735266,65683375
2022-03-15,13.589548110961914,13.654288760069543,13.483609407431215,13.524807461854284,47089252
2022-03-16,13.648404121398926,13.707257639915738,13.518924299876899,13.624861524972179,49791138
2022-03-17,13.648404121398926,13.695487827977393,13.50126735255684,13.607206063927146,41109008
2022-03-18,13.666060447692871,13.742572404649026,13.548351916931654,13.654290635009334,89500414
2022-03-21,13.630743980407715,13.836735705777965,13.589545932588601,13.666056380499144,50990418
2022-03-22,13.660172462463379,13.824966160881186,13.642517003319417,13.689600704828095,39631954
2022-03-23,13.660172462463379,13.801423566989413,13.636631354846473,13.660172462463379,38180320
2022-03-24,13.73080062866211,13.742571927211815,13.63074756353975,13.677831271463502,37218434
2022-03-25,14.030959129333496,14.030959129333496,13.730799948827787,13.771998005436906,42137094
2022-03-28,14.048615455627441,14.166323971271082,13.954446562327625,14.12512591648206,50968704
2022-03-29,14.119239807128906,14.16043786057387,14.036843700238975,14.089813050746754,43979838
2022-03-30,14.207523345947266,14.213408995217469,14.07804352082803,14.154555475065587,42385080
2022-03-31,13.90736198425293,14.207521132622388,13.901476335899625,14.125125028225812,69574611
2022-04-01,14.11335277557373,14.125124071483027,13.76610995017262,13.960330387577077,53381429
2022-04-04,14.231066703796387,14.242838002966064,13.872052483047272,14.036846212597307,47195569
2022-04-05,14.060385704040527,14.213408116783295,14.036844594689706,14.107470895292126,43936808
2022-04-06,14.142783164978027,14.207522329769711,13.889707695835638,13.995646402571982,49327209
2022-04-07,13.966218948364258,14.113355719093507,13.88970848154607,14.072157661093325,62815724
2022-04-08,14.207523345947266,14.266378352374216,13.854394793660635,13.93090674789819,73121078
2022-04-11,15.296404838562012,15.405498909287756,14.688601598022126,14.719770270890201,157485300
2022-04-12,15.241854667663574,15.678227866970431,15.20289346492439,15.38990991336678,104795900
2022-04-13,15.350943565368652,15.406276282187296,15.042660424405662,15.113802919659193,64100500
2022-04-14,15.445802688598633,15.485325631998496,15.184945834426403,15.271898119150478,52731100
2022-04-18,15.382561683654785,15.46951395773391,15.24818308946481,15.35884852359936,54812700
2022-04-19,15.406274795532227,15.524845106945309,15.327227418689066,15.406274795532227,57496000
2022-04-20,15.358845710754395,15.485320900231988,15.256083676989356,15.429988193298438,48751400
2022-04-21,15.975412368774414,16.08607929371306,15.516939416037825,15.556463856267069,81259800
2022-04-22,15.429987907409668,15.848936399403176,15.414178132092097,15.848936399403176,68483600
2022-04-25,15.422088623046875,15.722466924701147,15.105900540330877,15.6276112537382,71861400
2022-04-26,15.256085395812988,15.532750469354333,15.256085395812988,15.37465721854739,50825900
2022-04-27,15.074275970458984,15.303513196589167,15.011038374923624,15.200751161529704,66767000
2022-04-28,15.350943565368652,15.485323666658267,15.097993141224308,15.216563464079037,67479400
2022-04-29,14.908280372619629,15.31142067782712,14.868755926401173,15.303515788583429,70195400
2022-05-02,15.11380386352539,15.327229854911105,14.908281254147235,15.018946694695646,67551600
2022-05-03,15.279801368713379,15.55646646591665,15.050565607741632,15.161231043541544,62675300
2022-05-04,15.76989459991455,15.79360776129531,15.18494482413009,15.240279051993467,60771800
2022-05-05,15.76989459991455,15.801512650990077,15.556467101266454,15.603894931731515,55503900
2022-05-06,15.8331298828125,15.89636748337322,15.540655037904587,15.651320461960019,51506800
2022-05-09,15.453703880310059,15.84103590769582,15.390466275213013,15.793606573095463,51563300
2022-05-10,15.303516387939453,15.690846929829206,15.208659221003575,15.540657043723867,42465900
2022-05-11,15.358845710754395,15.540653607165538,15.248180296887295,15.414178417687943,50074200
2022-05-12,15.588081359863281,15.603891135406402,15.327226094214511,15.335130981986072,52687000
2022-05-13,15.682942390441895,15.698752169901459,15.445801729362646,15.603895000847627,34107300
2022-05-16,16.03074836730957,16.109794241149498,15.556465585753022,15.754083285759634,40027000
2022-05-17,16.25998306274414,16.339030439170443,15.999127775929653,16.125602975130416,42938400
2022-05-18,15.991222381591797,16.307410369590258,15.912175007666367,16.212554727042345,43342800
2022-05-19,15.975412368774414,16.078174405667212,15.738271758211887,15.746176646257735,41588100
2022-05-20,16.125598907470703,16.141408680308633,15.880553459294507,15.975409080916231,47415800
2022-05-23,16.394365310668945,16.528745415990148,16.141414878935745,16.228367155232846,46775100
2022-05-24,16.726360321044922,16.781693030233775,16.283697139830835,16.441790379269957,49841200
2022-05-25,16.837026596069336,16.892360815776772,16.647313794468094,16.694743125645896,40179400
2022-05-26,16.85283660888672,17.01883625492459,16.81331367338898,16.900264433024677,28495500
2022-05-27,16.829124450683594,16.923980104595987,16.718457510847887,16.844932721200035,34169600
2022-05-31,16.829124450683594,16.939789882815866,16.576172522275858,16.75007706728764,61515300
2022-06-01,16.77379035949707,16.97140806569724,16.69474448317976,16.947694905883424,35928900
2022-06-02,16.750072479248047,16.805405180157912,16.552454828739656,16.805405180157912,27085200
2022-06-03,16.520835876464844,16.718453534096486,16.44178851187157,16.64731105673285,27796900
2022-06-06,16.552461624145508,16.6394124008277,16.465509339759677,16.536651843765604,22002900
2022-06-07,16.710556030273438,16.75008048388513,16.418082612065618,16.520843176048537,24977700
2022-06-08,16.639406204223633,16.757978005212497,16.591978388449935,16.671025753208152,20732900
2022-06-09,16.505029678344727,16.726362045623965,16.49712629710565,16.615696615836047,24934500
2022-06-10,16.354835510253906,16.481310673064236,16.30740619342288,16.3469306241154,33572700
2022-06-13,15.61970329284668,16.196746618837096,15.556465688734077,16.125604125747493,56215900
2022-06-14,15.374659538269043,15.777798368659333,15.256087697644576,15.714560757254622,42638300
2022-06-15,15.366753578186035,15.580179559498461,15.161230978508144,15.49322879218728,38941900
2022-06-16,14.987324714660645,15.248181509875344,14.758088980885567,15.240276621441264,67896400
2022-06-17,15.319323539733887,15.350943095636113,15.018945297179792,15.129610727430762,97645400
2022-06-21,15.77779483795166,15.848937323324856,15.390464366310512,15.532749337056902,49307700
2022-06-22,16.06236457824707,16.24417247961091,15.66712922343704,15.690843887498804,46607400
2022-06-23,16.291603088378906,16.425983179885748,15.87265303657444,16.149318108230094,51713600
2022-06-24,16.59197998046875,16.64731268879781,16.212554402466704,16.362744259147888,47641700
2022-06-27,16.425987243652344,16.631509876079605,16.339034954782115,16.56036736840464,32339900
2022-06-28,16.291603088378906,16.647314031047593,16.283698199736936,16.544553494108644,26754000
2022-06-29,16.560361862182617,16.615694570264523,16.236268993957275,16.33902952215178,26585700
2022-06-30,16.568265914916992,16.718455777023184,16.40226778393379,16.43388733709437,37655700
2022-07-01,16.844932556152344,16.908170160708814,16.497126484943475,16.5761723598615,32762500
2022-07-05,16.73426628112793,16.75007605839555,16.42598316292603,16.702646726592686,36960500
2022-07-06,16.671031951904297,16.781697399092064,16.51293716360437,16.73426956568354,27645000
2022-07-07,16.71845817565918,16.85283828046491,16.623602517974838,16.734267954507736,27015400
2022-07-08,16.660783767700195,16.86904375576955,16.62073441636505,16.764914525627283,22366300
2022-07-11,16.54864501953125,16.708845486809327,16.524614491104074,16.588694372458328,23326400
2022-07-12,16.500587463378906,16.70884748462737,16.380437862446925,16.524616466894262,26448000
2022-07-13,16.380434036254883,16.500583609121957,16.20421323678411,16.380434036254883,25213100
2022-07-14,16.284311294555664,16.30033164288225,16.06003100133697,16.12411086685881,26621000
2022-07-15,16.47655487060547,16.492575222801356,16.188194642219006,16.452525870096515,23838000
2022-07-18,16.444515228271484,16.5726749866392,16.428494876529314,16.524613931412684,22507400
2022-07-19,16.660783767700195,16.708844822644153,16.444515131591668,16.5005848345748,21813100
2022-07-20,16.40446662902832,16.684816712343817,16.34038674093778,16.67680653535937,34207200
2022-07-21,15.154903411865234,15.315103846982806,14.610223765806985,15.251023978492693,123409000
2022-07-22,14.738388061523438,14.970678611515332,14.61823846191403,14.946648080479433,72016300
2022-07-25,14.842514038085938,14.938633075595664,14.682313605190318,14.722362949521946,39493100
2022-07-26,14.658284187316895,14.778435284941605,14.562165142558731,14.738384409805144,38885000
2022-07-27,14.730377197265625,14.810477435863168,14.602217426623547,14.698338018497594,36607400
2022-07-28,14.882566452026367,15.03475674188881,14.650277456979886,14.658286105270392,41940100
2022-07-29,15.042767524719238,15.098837231723603,14.802466816119898,14.82649734531531,40819800
2022-08-01,15.002718925476074,15.114859884332626,14.90659984963922,15.098839529098095,37087800
2022-08-02,14.70634651184082,15.010725550330154,14.674305808955205,14.994705198887345,43625200
2022-08-03,14.714359283447266,14.826498707760782,14.666298220639982,14.75440864133493,35524300
2022-08-04,14.634254455566406,14.722363320875335,14.59420358243999,14.666293626282945,28287800
2022-08-05,14.698336601257324,14.70634677712322,14.490076612098507,14.634256722114984,32726400
2022-08-08,14.417986869812012,14.74639644851272,14.417986869812012,14.706347096099408,44042500
2022-08-09,14.498086929321289,14.59420598507955,14.450027401442158,14.450027401442158,33257500
2022-08-10,14.425997734069824,14.618237384837606,14.409977381226275,14.594206855572283,50229500
2022-08-11,14.45002555847168,14.554154776893194,14.425995033704568,14.46604438053177,40798900
2022-08-12,14.634254455566406,14.634254455566406,14.490074367880496,14.49808454250578,25822300
2022-08-15,14.730377197265625,14.786446905948413,14.570178247855516,14.570178247855516,28845400
2022-08-16,14.874557495117188,14.978688264847122,14.71435854383382,14.71435854383382,34241000
2022-08-17,14.754406929016113,14.90659722133996,14.674306694751724,14.754406929016113,23772300
2022-08-18,14.762418746948242,14.84251899012057,14.562168902909955,14.626248791890804,33817400
2022-08-19,14.762418746948242,14.826498635929092,14.674308326680174,14.722367861469545,27161400
2022-08-22,14.522115707397461,14.682316168259021,14.474056180252921,14.6662958166159,32057100
2022-08-23,14.466044425964355,14.570175172497557,14.434005253958901,14.506095300701991,27298200
2022-08-24,14.425997734069824,14.474057264815537,14.305848143313078,14.474057264815537,30647700
2022-08-25,14.490077018737793,14.49808719482848,14.369927432947213,14.458036314375038,25198600
2022-08-26,14.329876899719238,14.490077369845059,14.297837722365022,14.434007663636494,30590700
2022-08-29,14.241767883300781,14.353907294671805,14.185696649830373,14.26579688414606,25465400
2022-08-30,14.273808479309082,14.337888367574804,14.217738768049704,14.265798302302734,32481900
2022-08-31,14.049529075622559,14.305848618493462,14.02549854555904,14.273807911742106,46669900
2022-09-01,14.017489433288574,14.153659391751924,13.945399365408853,14.009479255992481,30623200
2022-09-02,13.769179344177246,14.105599134485095,13.74514881351775,14.073558426939098,36489600
2022-09-06,13.44877815246582,13.801216722765497,13.440767976624715,13.777187723027009,57232600
2022-09-07,13.512858390808105,13.729127033130691,13.360668101348988,13.42474798199732,55566600
2022-09-08,13.432756423950195,13.560916168702086,13.376686726594327,13.504846471346218,49770900
2022-09-09,13.641018867492676,13.673058045604668,13.504848923000578,13.55290845406104,55081300
2022-09-12,13.921364784240723,13.937385134173098,13.641016299347445,13.673055471427537,43425000
2022-09-13,13.480816841125488,13.873306276454183,13.440767491151348,13.761166874298777,42274600
2022-09-14,13.432756423950195,13.552905993682009,13.376686726594327,13.528875468621779,41000300
2022-09-15,13.4247465133667,13.552906260643041,13.320615763839236,13.480816211827012,38637300
2022-09-16,13.40872859954834,13.464798308197235,13.2565382990835,13.352658890899445,69825900
2022-09-19,13.4247465133667,13.504846737360587,13.28056641573464,13.320615763839236,33805300
2022-09-20,13.264548301696777,13.33663836266673,13.184448064198502,13.33663836266673,36187500
2022-09-21,13.016237258911133,13.34464681522088,13.016237258911133,13.28056693905763,38815600
2022-09-22,13.008227348327637,13.12036675195083,12.92812711954616,13.02424769964089,37800400
2022-09-23,12.82399845123291,12.92011750773759,12.69583869070343,12.896088507503848,46225600
2022-09-26,12.551658630371094,12.799967976456712,12.479568573800291,12.743898271964946,46841200
2022-09-27,12.599719047546387,12.840019762326998,12.551659515704253,12.663799696490042,41183400
2022-09-28,12.679818153381348,12.751908208598723,12.583698334388984,12.639768037828091,42670800
2022-09-29,12.439518928527832,12.615738988607799,12.34339910409125,12.551659105650076,51308300
2022-09-30,12.287327766418457,12.559667614783772,12.287327766418457,12.439517277267825,63932700
2022-10-03,12.73588752746582,12.960167863207111,12.543647894452482,12.599717596441605,59540500
2022-10-04,12.888078689575195,12.936138219162803,12.72787898446242,12.807978455072583,46876200
2022-10-05,12.759920120239258,12.928129253438323,12.623750167170234,12.79196006426182,38250100
2022-10-06,12.489263534545898,12.888724912219379,12.481111864460464,12.750136413784533,52923900
2022-10-07,12.17947769165039,12.424045679145099,12.146868678481777,12.415893231487896,53446900
2022-10-10,12.146866798400879,12.334369178194114,12.03273565870594,12.228389707434474,43852600
2022-10-11,12.07349967956543,12.15502182846729,11.96752018627879,12.106108694618223,49661500
2022-10-12,11.926756858825684,12.17947649161715,11.918604411971733,12.032736335546664,46719600
2022-10-13,12.326216697692871,12.350673259351247,11.788167676448115,11.81262423810649,60354500
2022-10-14,12.220237731933594,12.448501575039543,12.203933615974659,12.38328277882348,47185600
2022-10-17,12.481111526489258,12.554481220032555,12.293609125318165,12.342523031807197,44240700
2022-10-18,12.71752643585205,12.79904857274051,12.595242064329165,12.68491742560464,49420200
2022-10-19,12.668614387512207,12.8479643588751,12.554482446197595,12.603396357463927,47349100
2022-10-20,13.646883964538574,13.989278969595253,13.141444681548423,13.21481359592029,117495700
2022-10-21,13.9403657913208,14.184932984797188,13.671341256528658,13.720254384239876,81050700
2022-10-24,14.274609565734863,14.551786571276933,14.176781747046899,14.209391538249696,69196500
2022-10-25,14.42134952545166,14.584393805502,14.266456137721564,14.29091347944326,58235100
2022-10-26,14.788202285766602,14.869725214078938,14.478417024084354,14.551787504073406,65157700
2022-10-27,14.698527336120605,14.959399442764942,14.66591754532986,14.959399442764942,53975500
2022-10-28,15.065374374389648,15.155049721651974,14.861567897826196,14.902330126090897,55833900
2022-10-31,14.861572265625,14.992008324567013,14.780049340056122,14.959400087291748,47573900
2022-11-01,14.95939826965332,15.146899887235064,14.869722906931493,15.138747440176688,48025700
2022-11-02,15.024614334106445,15.326247061374428,14.894178308003521,14.894178308003521,49201100
2022-11-03,14.812657356262207,14.943093399565361,14.731134440467661,14.812657356262207,41249400
2022-11-04,14.934943199157715,15.008313678917897,14.747441553068589,14.951248095753426,39458700
2022-11-07,14.967549324035645,15.000157554314777,14.79635106157974,14.951244431436008,39985200
2022-11-08,15.138745307922363,15.26918133264419,14.91863393310926,14.983851945470173,43210400
2022-11-09,14.983853340148926,15.261030307212113,14.983853340148926,15.065376251918135,41838400
2022-11-10,15.358857154846191,15.46483584509529,15.146898219427875,15.350704708685473,46482700
2022-11-11,15.53005599975586,15.595274023109594,15.309946142762215,15.342554376978917,52519500
2022-11-14,15.53821086883545,15.782779660720845,15.521907526646213,15.554515765945258,37316500
2022-11-15,15.50560188293457,15.807234690339389,15.334403581366013,15.587124809637668,49339300
2022-11-16,15.432228088378906,15.530054335465717,15.30994450206031,15.489293658332906,32155400
2022-11-17,15.448535919189453,15.481144156113075,15.09798843146787,15.252880277965883,36007800
2022-11-18,15.464838027954102,15.587123182705279,15.424077346317267,15.52190515913414,34211300
2022-11-21,15.358857154846191,15.554511197943071,15.293639140480565,15.472988291256009,31911400
2022-11-22,15.489293098449707,15.521902882913356,15.399617746094775,15.407770192210686,33771000
2022-11-23,15.562664031982422,15.578968924710235,15.3996182145446,15.432228000000224,21486000
2022-11-25,15.58712387084961,15.72571237142176,15.546361632492859,15.62788455428596,13782700
2022-11-28,15.342554092407227,15.611578628116586,15.301793411662288,15.57081794737165,27780200
2022-11-29,15.49744701385498,15.513751907632649,15.285488059506067,15.3180978470614,24088000
2022-11-30,15.717558860778809,15.717558860778809,15.326249173620107,15.440381878379865,59293400
2022-12-01,15.644189834594727,15.815386575144617,15.562666910795542,15.725712758393911,31615500
2022-12-02,15.50560188293457,15.53821012066351,15.375165822177811,15.530057672501151,33479600
2022-12-05,15.28548812866211,15.472989743192835,15.236575002028065,15.424076616558791,28698000
2022-12-06,15.627884864807129,15.636037312640466,15.334402962488735,15.399620990234997,45858100
2022-12-07,15.733861923217773,15.831689732015972,15.489294733602682,15.530055413565107,45381000
2022-12-08,15.58712387084961,15.91321400310161,15.50560094905651,15.83984352897986,45761100
2022-12-09,15.562664031982422,15.774622972683531,15.513750908719137,15.546359139254609,29815600
2022-12-12,15.733861923217773,15.742014370194314,15.546360307518185,15.603425881433688,31333500
2022-12-13,15.58712387084961,15.896909107758908,15.546361632492859,15.823538633637158,54142100
2022-12-14,15.407771110534668,15.570816932730457,15.293639967949733,15.530054699721411,44027700
2022-12-15,15.05722713470459,15.334404163057187,14.967553311357966,15.195815648880888,47277400
2022-12-16,15.073532104492188,15.089837001514207,14.85342065945661,14.967553383690186,76412500
2022-12-19,14.559937477111816,14.93494070670682,14.38058675433137,14.894180026940498,62216900
2022-12-20,14.731135368347168,14.747440263517142,14.535481291068647,14.55178618623862,40922700
2022-12-21,14.796353340148926,14.894181155891633,14.731135314627249,14.820810682814699,42316200
2022-12-22,14.894181251525879,14.902333699133482,14.608851804941322,14.682222278489363,32615000
2022-12-23,14.926790237426758,14.934942685444197,14.755593493821957,14.812659075023557,25164100
2022-12-27,15.049071311950684,15.097985991812774,14.853417257262942,14.877874597193987,30382500
2022-12-28,14.853422164916992,15.122446773364906,14.828966371825823,15.040925389833378,26632300
2022-12-29,15.04092025756836,15.122441613283158,14.869721989742866,14.894179329409418,23765900
2022-12-30,15.008312225341797,15.065377802979388,14.853418832525216,15.016464672850077,26204200
2023-01-03,15.277335166931152,15.367010525171967,15.008310647128914,15.089833558718727,42149200
2023-01-04,15.603426933288574,15.790930116548358,15.33440238460844,15.3833170697651,43926800
2023-01-05,15.660491943359375,15.750167307975488,15.456685427355717,15.603426367665602,31081800
2023-01-06,15.921366691589355,16.133325669489214,15.766473293331687,15.774625741126346,36050300
2023-01-09,15.746044158935547,15.91144282807644,15.696423138556991,15.91144282807644,51981100
2023-01-10,16.101648330688477,16.109918498863124,15.87836009946616,16.00240946733929,32869500
2023-01-11,16.052030563354492,16.118190338238097,15.919711013587278,16.101650000173834,30010200
2023-01-12,16.052030563354492,16.184350113121702,16.018951464599418,16.109920169205964,31740400
2023-01-13,16.16780662536621,16.200887295050215,15.952788581912792,16.0354871013765,25480000
2023-01-17,15.985872268676758,16.184351611705697,15.936252827262923,16.167811272109883,38801000
2023-01-18,15.729501724243164,15.985870652565918,15.688150879434046,15.952791554092068,38023700
2023-01-19,15.663339614868164,15.729499379326366,15.539290253680685,15.655069447139237,40180800
2023-01-20,15.903170585632324,15.903170585632324,15.52275227654522,15.679880755147225,37836600
2023-01-23,15.795659065246582,16.04375778638796,15.69641863036611,15.90316809044166,32890800
2023-01-24,15.845279693603516,17.805265417549148,15.4648614154032,15.68814965038571,32858500
2023-01-25,16.887298583984375,16.936918020441915,16.324939712887442,16.333209881859272,73582100
2023-01-26,16.539958953857422,16.804598044739397,16.382828902131223,16.763248778304114,47400900
2023-01-27,16.498611450195312,16.62266084012846,16.382830652533944,16.498611450195312,37094000
2023-01-30,16.672277450561523,16.754977555603404,16.44898764016044,16.473798144884995,37246000
2023-01-31,16.845949172973633,16.854217764501573,16.597848838052826,16.672278780791725,36575900
2023-02-01,16.688817977905273,16.953457055167178,16.5978477035815,16.928646550158877,40172500
2023-02-02,16.77151870727539,16.945187516668632,16.573039391951664,16.62265882643925,34968800
2023-02-03,16.399370193481445,16.754979584052222,16.349750755398443,16.721898907081222,31599900
2023-02-06,16.19261932373047,16.341479202751096,16.118189384220155,16.333209034208465,30929800
2023-02-07,15.919713020324707,16.159543220367656,15.787393453878135,16.118192369994567,36534400
2023-02-08,15.845279693603516,15.894899126113703,15.729500491955301,15.787390092779408,29805200
2023-02-09,15.688151359558105,15.919711365455552,15.621991583212191,15.886630688595849,28320900
2023-02-10,15.770854949951172,15.803935634101272,15.572375577172087,15.73777584317491,24931200
2023-02-13,15.927985191345215,15.977604640652686,15.704695303400811,15.72123564562792,21668700
2023-02-14,15.837010383605957,16.002410604101854,15.737771513207145,15.961059760291178,23195200
2023-02-15,15.919713020324707,15.936253360473943,15.704693330505613,15.721233670654849,31145400
2023-02-16,15.927985191345215,16.060304774414373,15.65507585409334,15.746046158968582,35161100
2023-02-17,16.07683753967285,16.134727132810674,15.82046708810091,15.927977684533818,29997500
2023-02-21,15.886629104614258,16.01068005309611,15.820469334864823,15.894899273004603,28220300
2023-02-22,16.027219772338867,16.06857061676701,15.894900224915672,15.894900224915672,25308800
2023-02-23,16.002410888671875,16.19262004146325,15.927980945862478,16.060300493662865,24845800
2023-02-24,15.9114408493042,15.936251356408004,15.696421186524939,15.927981187373403,29138100
2023-02-27,15.737771034240723,15.994139948570915,15.721230697219845,15.961059274529157,22981100
2023-02-28,15.638527870178223,15.737768297673682,15.580638278044654,15.729498130601304,34154800
2023-03-01,15.431784629821777,15.597184883022193,15.349084503221569,15.572374371830016,23339900
2023-03-02,15.431784629821777,15.506214586024592,15.29946505821093,15.32427556940311,24184800
2023-03-03,15.555834770202637,15.588915453364104,15.440055533885088,15.464866046256187,23501500
2023-03-06,15.522751808166504,15.679880282027364,15.522751808166504,15.588911580679866,24072100
2023-03-07,15.473130226135254,15.655070776879226,15.382161528136608,15.547560164644452,27944000
2023-03-08,15.390435218811035,15.415244152409626,15.034825781743326,15.357354537514642,31510300
2023-03-09,15.150602340698242,15.46486244811959,15.142332171832058,15.46486244811959,24711100
2023-03-10,15.241570472717285,15.291189901547646,15.0844404411524,15.117521111954776,32018500
2023-03-13,15.134060859680176,15.431780606878247,15.067901091122083,15.109251932329208,39835000
2023-03-14,15.249842643737793,15.307732247873508,15.059631916383196,15.191953039602076,32076200
2023-03-15,15.142333030700684,15.167143538706485,14.935583529439553,15.051364322759776,34436400
2023-03-16,15.208492279052734,15.241572955243244,14.943853179022486,15.07617272903761,31731800
2023-03-17,14.9934720993042,15.175412657335956,14.910773566424387,15.15060215104797,58728600
2023-03-20,15.291194915771484,15.365624872110384,15.067905046754781,15.109255898817349,27382100
2023-03-21,15.332544326782227,15.481402648095639,15.241574038168276,15.448323546928293,24313200
2023-03-22,15.208492279052734,15.48140154813061,15.200222110005107,15.390432843353624,21071100
2023-03-23,15.26638126373291,15.357351542181235,15.167142393946916,15.225031997550978,28957800
2023-03-24,15.390435218811035,15.431784493057823,15.17541552250559,15.258115648372868,32058000
2023-03-27,15.605452537536621,15.671612312675883,15.464862818194003,15.497941917076904,26650500
2023-03-28,15.481401443481445,15.704691274137648,15.481401443481444,15.580641894008684,21547200
2023-03-29,15.712961196899414,15.754310463836623,15.572371480990116,15.597181987576494,23149400
2023-03-30,15.779119491577148,15.828738922726066,15.696419388080102,15.7212298923412,19736300
2023-03-31,15.919713020324707,15.919713020324707,15.737774010804085,15.812203964101988,27130900
2023-04-03,16.03548812866211,16.10991806284619,15.878359669716383,15.936249267998834,31102500
2023-04-04,16.242238998413086,16.250509167078327,16.03548951390223,16.143000129176972,34207600
2023-04-05,16.44072151184082,16.482072363209415,16.200892883397742,16.225703394218897,38673200
2023-04-06,16.480979919433594,16.598402749423244,16.363558689188224,16.480979919433594,29722600
2023-04-10,16.413881301879883,16.43904367884734,16.288072616531036,16.330008311732573,23617500
2023-04-11,16.514528274536133,16.699047562612687,16.422267830625785,16.43065528913983,24664800
2023-04-12,16.58162498474121,16.673883821350707,16.48097709056066,16.598399900395304,28179500
2023-04-13,16.740982055664062,16.757756971489943,16.489364717251934,16.64872321810976,25253900
2023-04-14,16.7158203125,16.766143457315927,16.581624193161574,16.732595227353286,24948400
2023-04-17,16.598400115966797,16.70743386964646,16.480977304607126,16.690658953774506,23443900
2023-04-18,16.62356185913086,16.66549915125556,16.480978265395116,16.631949317555797,28517400
2023-04-19,16.52291488647461,16.631948642082403,16.447429363459964,16.590012951404958,31537200
2023-04-20,14.80352783203125,15.700965260073202,14.728042291378708,15.692577800029095,129904800
2023-04-21,15.281600952148438,15.432572024520823,14.954498028504496,14.988047866695842,76810200
2023-04-24,14.702879905700684,15.197728796063437,14.686104987443986,15.172566418678393,60001400
2023-04-25,14.686104774475098,14.904173909417079,14.63578162017902,14.686104774475098,46691800
2023-04-26,14.426101684570312,14.811915246957486,14.417714224551753,14.585458625689663,42482900
2023-04-27,14.769975662231445,14.7867489781129,14.560294016145225,14.57706733202668,36926900
2023-04-28,14.820298194885254,14.887396254861066,14.577066727632968,14.610616557492843,40675800
2023-05-01,14.677714347839355,14.895783438690808,14.669326890528463,14.879008524069025,35510200
2023-05-02,14.317063331604004,14.619005430606045,14.283515098239384,14.56029482240989,39398100
2023-05-03,14.333837509155273,14.46803363518325,14.317062593465774,14.384160656479763,32213100
2023-05-04,14.182868003845215,14.325451603163794,14.1325448510693,14.275128450387879,27422700
2023-05-05,14.367388725280762,14.367388725280762,14.157707034837559,14.241580030963707,23712300
2023-05-08,14.359001159667969,14.400936852877143,14.21641756311496,14.266740714914802,32091000
2023-05-09,14.275128364562988,14.350613893145118,14.182867918575012,14.342226434442196,29058400
2023-05-10,14.291900634765625,14.342223777917933,14.140929605564825,14.308673949320477,32892400
2023-05-11,14.22480297088623,14.258352804185012,14.157704904032771,14.216417112305638,21332600
2023-05-12,14.283514022827148,14.417710145670126,14.21641596140566,14.2583516498901,27280600
2023-05-15,14.216415405273438,14.342224065549221,14.208027947955864,14.258351092117396,28697300
2023-05-16,13.864150047302246,14.208027794898761,13.847375132847809,14.199640337671543,31200300
2023-05-17,13.973183631896973,14.0486691463344,13.880923203197035,13.973183631896973,34154700
2023-05-18,13.880928039550781,13.964801040342257,13.729958557819444,13.922865339818735,39142000
2023-05-19,13.679630279541016,13.964797449049634,13.662856963491818,13.914474301414002,46679400
2023-05-22,13.73834228515625,13.78027957891315,13.553822991858441,13.713181508646294,42251600
2023-05-23,13.503497123718262,13.671241465782126,13.478334752523946,13.637693237266898,45314800
2023-05-24,13.377689361572266,13.520273750115122,13.377689361572266,13.511886291988125,34236900
2023-05-25,12.706707954406738,13.142846180105375,12.580899281540152,13.142846180105375,102758200
2023-05-26,13.000262260437012,13.100909356146076,12.73187000521284,12.773805695187606,50164900
2023-05-30,13.117685317993164,13.15962101131174,12.933165227877536,12.991875838421203,35346700
2023-05-31,13.193169593811035,13.310591610746853,13.10090995185064,13.134458985279153,70109400
2023-06-01,13.260268211364746,13.31059136062586,13.109297163837333,13.209944262231597,31363800
2023-06-02,12.757030487060547,12.933163089440946,12.455089225782123,12.647995942742018,105292900
2023-06-05,12.908002853393555,12.99187503471426,12.790580839698134,12.857678904703508,39528300
2023-06-06,13.142847061157227,13.209945131167038,12.882841439965139,12.966714427413448,39037200
2023-06-07,13.503497123718262,13.520272037847807,13.058971497748495,13.109295440265198,43584200
2023-06-08,13.4783353805542,13.48672283800979,13.31897768825782,13.453174607931363,32833700
2023-06-09,13.377689361572266,13.528659608498055,13.344140328936309,13.428013310462216,24666300
2023-06-12,13.36091423034668,13.419624833032165,13.268653797701521,13.377688345454546,27517900
2023-06-13,13.268655776977539,13.39446525847731,13.151234554090928,13.251881659367491,41578200
2023-06-14,13.285429000854492,13.436400039459835,13.268654085510793,13.335752147141614,26782400
2023-06-15,13.444787979125977,13.503498585189718,13.243492987145117,13.318978509153938,30535200
2023-06-16,13.469948768615723,13.528659374746221,13.386076588411013,13.50349860054403,64149000
2023-06-20,13.235105514526367,13.486723654319983,13.226718856435127,13.43640050628447,35360500
2023-06-21,13.092523574829102,13.184784024281281,12.991876466231181,13.16800910624557,40676400
2023-06-22,13.067360877990723,13.117684827913811,12.975101236315787,13.058973419691535,30272800
2023-06-23,12.958325386047363,13.193168602399458,12.93316381283478,13.109296425066848,37408500
2023-06-26,13.109294891357422,13.126069004912678,12.941549756445394,12.966711326714224,28616600
2023-06-27,13.285429000854492,13.327365489341753,13.025423412131067,13.042198327474768,31457000
2023-06-28,13.235105514526367,13.285429462433898,13.092521928639053,13.260267888416141,26156400
2023-06-29,13.402851104736328,13.42801347943395,13.201556906387596,13.201556906387596,27298300
2023-06-30,13.377689361572266,13.453175684843208,13.277042263664395,13.41962585233522,40465300
2023-07-03,13.52027416229248,13.52027416229248,13.377689769402815,13.377689769402815,18424200
2023-07-05,13.4783353805542,13.612531500355773,13.419624778109002,13.48672283800979,32988100
2023-07-06,13.310591697692871,13.444788632155557,13.285430122425142,13.4280137153957,33325300
2023-07-07,13.325959205627441,13.445474830542578,13.257664795428388,13.266201800236667,28998300
2023-07-10,13.0357084274292,13.27473886419089,12.993024217331213,13.249128663785536,45305500
2023-07-11,13.001559257507324,13.104001678330572,12.899117650817598,13.052780467918948,39688000
2023-07-12,12.907654762268066,13.035707382295445,12.890581568077867,13.010096369809855,46478300
2023-07-13,12.907654762268066,12.95033896894386,12.813750158888144,12.924728770591795,40508200
2023-07-14,12.378375053405762,12.643016533456015,12.199102002825573,12.634479527682272,101745400
2023-07-17,11.550301551818848,12.130804784274147,11.507617346938282,12.05397337831583,160933400
2023-07-18,11.482006072998047,11.942993651387754,11.464932881126865,11.550300468749603,132538700
2023-07-19,12.455204010009766,12.497888216290029,12.182026392429718,12.22470978457646,142144700
2023-07-20,12.514961242675781,12.514961242675781,12.335688230006975,12.455203843164014,76867900
2023-07-21,12.60032844543457,12.61740163760015,12.463739651576217,12.47227584059229,49225400
2023-07-24,12.762528419494629,12.882044030410444,12.617402611287385,12.617402611287385,49475700
2023-07-25,12.634476661682129,12.899117267567721,12.566182259251429,12.873507070189582,59669800
2023-07-26,12.711307525634766,12.779601925151754,12.403981913674855,12.728380718447282,63191500
2023-07-27,12.386909484863281,12.7369185075091,12.378372480863746,12.711308309644007,65496000
2023-07-28,12.335688591003418,12.523498613136768,12.32715158678519,12.45520420765801,51420600
2023-07-31,12.39544677734375,12.455204178464214,12.301541359430415,12.344225566287973,47585600
2023-08-01,12.207636833190918,12.438130249072133,12.173489630314682,12.429594058953226,46296400
2023-08-02,12.25031852722168,12.429591509078259,12.130802934606171,12.199097326348356,41739100
2023-08-03,12.028363227844238,12.17348903652276,11.977142018961557,12.1564150288507,40781600
2023-08-04,11.951530456542969,12.045435045613495,11.951530456542969,11.994214656714446,38965000
2023-08-07,11.96006965637207,12.028364063538202,11.85762804562287,11.96006965637207,38109900
2023-08-08,12.105195045471191,12.122268239589951,11.900311017111404,11.900311017111404,39075100
2023-08-09,12.182024955749512,12.250319352090264,12.079582547104962,12.096656553256862,33951700
2023-08-10,12.096657752990723,12.250320567064241,12.096657752990723,12.1990993576619,33556400
2023-08-11,12.2673921585083,12.293002352797723,12.053971973118525,12.079582167407947,31237100
2023-08-14,12.17348861694336,12.267393213502622,12.105194216875994,12.216172820518832,26901400
2023-08-15,12.071046829223633,12.13080422482041,12.036899629720695,12.122267221411311,26393600
2023-08-16,12.036900520324707,12.113731114290882,11.960069112225018,12.07958391226141,29440300
2023-08-17,11.96006965637207,12.08812146627518,11.94299564751376,12.062511267121268,36036700
2023-08-18,11.99421501159668,12.07104641135193,11.908846608727865,11.925920614954999,32213600
2023-08-21,12.036900520324707,12.071047722354178,11.883237704125328,11.968606116265764,47841400
2023-08-22,12.17348861694336,12.224709009927151,11.97714160614958,12.02836281326684,43191500
2023-08-23,12.088120460510254,12.250320274634511,12.071047267206033,12.173488869431809,29371100
2023-08-24,12.079584121704102,12.190562733757474,11.985679518028263,11.985679518028263,29780100
2023-08-25,12.045435905456543,12.130804311893376,11.994215512901212,12.096657112145335,22107700
2023-08-28,12.130805015563965,12.182026225223941,12.045436604175174,12.105194817800731,30173700
2023-08-29,12.608867645263672,12.643014849677284,12.335689195821192,12.335689195821192,45429000
2023-08-30,12.574716567993164,12.796673749758702,12.54910637444587,12.702769163996377,26065300
2023-08-31,12.62593936920166,12.70277077371312,12.5491079646902,12.634476372843707,45406200
2023-09-01,12.506422996520996,12.685695991383714,12.497886807533954,12.643012604048222,20292900
2023-09-05,12.361299514770508,12.59179375738472,12.352763324184988,12.506425338460883,28402900
2023-09-06,12.47227668762207,12.59179229743151,12.224709278407401,12.318614691162491,43010100
2023-09-07,12.47227668762207,12.600329301160787,12.421056293513372,12.463740498026278,30699100
2023-09-08,12.293002128601074,12.472275113624287,12.258854932126813,12.472275113624287,28281300
2023-09-11,12.39544677734375,12.455204178464214,12.327151557891538,12.352762570486192,28625000
2023-09-12,12.34422492980957,12.438129528747577,12.275930528012205,12.403982327848894,27383300
2023-09-13,12.480813980102539,12.532035189529756,12.352762177734752,12.42105658088204,30916600
2023-09-14,12.856433868408203,12.941801464325115,12.69423405213913,12.719844249500854,55155000
2023-09-15,13.001559257507324,13.061317472009806,12.771065845988819,12.805213048218727,80594200
2023-09-18,12.88204574584961,12.9930243677356,12.822288339500846,12.950340157143511,29972500
2023-09-19,12.984485626220703,13.018632827300744,12.847896821900546,12.85643382570393,33190500
2023-09-20,13.274737358093262,13.428399357225118,13.035706948450986,13.04424313819523,45303600
2023-09-21,13.069854736328125,13.266200949526075,13.052780727806457,13.15522233653585,33709200
2023-09-22,12.907654762268066,13.112537977351641,12.847897361402072,13.086927778999575,33964400
2023-09-25,12.856433868408203,12.899117259299912,12.677160858609145,12.847896864576464,30428700
2023-09-26,12.822286605834961,12.873507000313218,12.523497986222322,12.634476593103203,35412000
2023-09-27,12.694232940673828,12.813748541453304,12.634475547350801,12.813748541453304,27561600
2023-09-28,12.813750267028809,12.82228727126272,12.702771654388561,12.711308658622473,27817600
2023-09-29,12.822286605834961,12.890581007894966,12.728381192402336,12.839359799283216,29640900
2023-10-02,12.523496627807617,12.88204260679816,12.514959624942746,12.83935840660721,36600200
2023-10-03,12.617403030395508,12.651550232629498,12.446667019225554,12.523498427785414,36830800
2023-10-04,12.506422996520996,12.574717393217895,12.335687004778748,12.514959999641466,37089000
2023-10-05,12.660085678100586,12.702769879171475,12.48934968795045,12.48934968795045,32171500
2023-10-06,12.571348190307617,12.623547925707092,12.284251719827129,12.545248737451203,53313500
2023-10-09,12.814945220947266,12.832345409582738,12.580048482175018,12.588748576492753,30659800
2023-10-10,13.015042304992676,13.032441662689074,12.780144753441812,12.780144753441812,35746800
2023-10-11,12.849745750427246,13.093342586402708,12.771446560013466,13.006343301568135,31793500
2023-10-12,12.571348190307617,12.762746113856826,12.423449907976863,12.736646661000412,38543700
2023-10-13,12.493048667907715,12.727946226392714,12.458249121801042,12.597447306227728,34104500
2023-10-16,12.536547660827637,12.614846842947507,12.379949296587892,12.52784756732841,31727900
2023-10-17,12.684447288513184,12.69314738294312,12.43215035785171,12.45824981145485,34771800
2023-10-18,12.45824909210205,12.6409469161482,12.44954982786109,12.588748011955943,36230900
2023-10-19,13.276041030883789,13.624036526840271,13.189041742051314,13.371739584850145,97636500
2023-10-20,13.380438804626465,13.841533014036175,13.215140332592174,13.215140332592174,68058400
2023-10-23,13.006342887878418,13.380438639206957,12.928043699955083,13.37173854506289,53938600
2023-10-24,13.510936737060547,13.545736283961613,13.206440909097871,13.206440909097871,66404200
2023-10-25,13.215139389038086,13.563135667076512,13.110740754532536,13.484836483775702,42605800
2023-10-26,13.154240608215332,13.302138883606279,13.032441784456138,13.197740247392659,41165100
2023-10-27,12.893243789672852,13.206440532538828,12.823644697855217,13.136841440721193,35849200
2023-10-30,13.276041030883789,13.380439679670733,12.971544349656835,13.006343899252483,41832200
2023-10-31,13.397836685180664,13.432636228660877,13.267338604551504,13.293438054740024,33688400
2023-11-01,13.554435729980469,13.658834365691673,13.423937642763113,13.476136545775415,41502800
2023-11-02,13.68493366241455,13.728433300890535,13.537036219094755,13.58923512151666,35788800
2023-11-03,13.81543254852295,13.954631557288005,13.771932910139281,13.83283190606446,42807500
2023-11-06,13.702333450317383,13.8328315322553,13.60663491220868,13.771932537975815,32805500
2023-11-07,13.780632972717285,13.88503160679101,13.6675342450491,13.6675342450491,26425500
2023-11-08,13.615334510803223,13.780632970322843,13.554435515025778,13.780632970322843,28224500
2023-11-09,13.597935676574707,13.702334314647723,13.52833658452603,13.641435316526787,26080800
2023-11-10,13.606637001037598,13.69363545912296,13.450038614922569,13.641436550209082,23755800
2023-11-13,13.554435729980469,13.693633910928742,13.49353673323725,13.580535181486619,23876000
2023-11-14,13.597935676574707,13.702334314647723,13.502237132429432,13.658834674695646,31504200
2023-11-15,13.71103286743164,13.74583240954445,13.606634241093209,13.615333504356515,25233500
2023-11-16,13.81543254852295,13.858932186906618,13.70233382060005,13.81543254852295,26214200
2023-11-17,13.832832336425781,13.885032070047517,13.780633432490664,13.841532430310506,27162600
2023-11-20,14.006830215454102,14.067729210317784,13.789332857013425,13.832831664952298,30868000
2023-11-21,14.085129737854004,14.137328640517573,13.937231464162892,13.980730273153668,25680000
2023-11-22,14.067729949951172,14.163429323696025,14.006830951885625,14.137329041936544,21301600
2023-11-24,14.102529525756836,14.198228905334231,14.093831090680114,14.102529525756836,12431000
2023-11-27,14.102529525756836,14.154730092457239,13.998131711102717,14.085130996230045,29976200
2023-11-28,14.07642936706543,14.093829554068469,13.945931283288958,14.06772927356391,24258400
2023-11-29,14.180830001831055,14.206930287547072,14.050331891997958,14.085132272952649,26623500
2023-11-30,14.415724754333496,14.441825034906087,14.17212877314866,14.17212877314866,50630000
2023-12-01,14.581023216247559,14.589723309773964,14.37222594973335,14.44182503857142,35407200
2023-12-04,14.494025230407715,14.589724608342792,14.39832585247264,14.441826323976455,40542500
2023-12-05,14.981218338012695,15.085617806362622,14.755020872732235,14.7724210606861,72091000
2023-12-06,14.73762321472168,15.033419789917417,14.668024118168175,14.93772040989134,45867500
2023-12-07,14.868120193481445,14.902918909450507,14.702821729352026,14.807221196005667,31309100
2023-12-08,14.720222473144531,14.885520943518829,14.624523096710996,14.868120755190315,42137200
2023-12-11,14.45922565460205,14.737622018213822,14.380926469914588,14.711521736860261,43835000
2023-12-12,14.27652645111084,14.424424720974878,14.215627456350322,14.407024534079543,41348800
2023-12-13,14.31132698059082,14.354825788929217,14.006830344102537,14.206927517456231,53889700
2023-12-14,14.485325813293457,14.624524009866523,14.363527806135375,14.363527806135375,54485000
2023-12-15,14.372225761413574,14.49402375044098,14.311326766899871,14.372225761413574,65906500
2023-12-18,14.320024490356445,14.572322208677393,14.276525684826037,14.441824132713105,34621800
2023-12-19,14.450526237487793,14.459226331679709,14.27652767239605,14.293927860779883,28077400
2023-12-20,14.267827033996582,14.450525686311698,14.267827033996582,14.415725310871396,33476300
2023-12-21,14.3461275100708,14.36352769935643,14.224329503818169,14.328727320785173,36327900
2023-12-22,14.39832592010498,14.55492429950766,14.354827107770157,14.354827107770157,26740400
2023-12-26,14.415724754333496,14.450525128430284,14.302626857265276,14.354825759037288,22750400
2023-12-27,14.424426078796387,14.459226455862938,14.311328172076719,14.346126889769959,27728700
2023-12-28,14.56362533569336,14.676724910075478,14.38092832082392,14.389628415728193,32112900
2023-12-29,14.598423957824707,14.641922767735874,14.450525681004214,14.46792420934474,33285400
2024-01-02,15.007317543029785,15.120415437867567,14.641921919085439,14.650622012438058,47624300
2024-01-03,14.989919662475586,15.120417764095324,14.981219567784484,15.068218855322106,33612400
2024-01-04,14.920319557189941,15.050817650000981,14.920319557189941,15.0160189329589,35703700
2024-01-05,15.198713302612305,15.242213765608701,14.876818173303938,14.92901706952662,33311400
2024-01-08,15.068217277526855,15.216115553042346,14.998618186659169,15.18131683729511,41215100
2024-01-09,14.986873626708984,15.013397986239445,14.880771129261186,15.004555970915296,30338400
2024-01-10,14.916138648986816,14.94266300755424,14.818878170394472,14.94266300755424,26893800
2024-01-11,14.350262641906738,14.854245732309657,14.279528202664961,14.854245732309657,59137500
2024-01-12,14.571309089660645,14.69509563263168,14.438682216745137,14.447524233131796,32658900
2024-01-16,14.535943031311035,14.677411923734901,14.447524551935564,14.518258998147497,39033400
2024-01-17,14.50941276550293,14.703932014452889,14.45636236786962,14.482886723465407,39261000
2024-01-18,14.50057315826416,14.51825718922433,14.314895892508396,14.403314360867242,35127800
2024-01-19,14.739301681518555,14.836562159845037,14.50057233641278,14.730459666539609,52563000
2024-01-22,14.854247093200684,14.942665571963994,14.712778201756276,14.78351264747848,44093400
2024-01-23,15.199077606201172,15.252128014046251,15.013398649080303,15.066450743367442,59713000
2024-01-24,14.74814510345459,15.066450927294987,14.553624128244534,14.642042600027098,79217000
2024-01-25,15.190234184265137,15.19907619916112,14.756985573013434,14.827720005739389,54457900
2024-01-26,15.287495613098145,15.367070379230523,15.13718472339564,15.16370908329243,38567300
2024-01-29,15.252129554748535,15.278655604571648,15.075292595478908,15.225603504925422,38264800
2024-01-30,15.499699592590332,15.552750001112635,15.190235784399754,15.252128208749454,54946400
2024-01-31,15.641167640686035,15.756110467441989,15.473172721788574,15.48201473714549,52968100
2024-02-01,15.950632095336914,16.056732911145623,15.756111122284182,15.994840487516866,71660400
2024-02-02,15.7649564743042,15.897583365353588,15.703064037577311,15.85337496381793,33248500
2024-02-05,15.676534652709961,15.800321186295063,15.54390778985069,15.658850621277509,31496900
2024-02-06,15.570430755615234,15.711899606194082,15.517378671816871,15.614639139005476,25734200
2024-02-07,15.322859764099121,15.57927311549258,15.296333721610976,15.56158908716715,33871800
2024-02-08,14.871930122375488,15.296336768060952,14.80119568142791,15.296336768060952,66974900
2024-02-09,14.889613151550293,14.924979526421446,14.650883797012563,14.845404761350855,44427100
2024-02-12,15.048766136169434,15.084132511232344,14.818878795713546,14.88961323228136,31151200
2024-02-13,14.942662239074707,15.20791761620069,14.810035393732631,15.048764727213468,29734600
2024-02-14,14.951508522033691,15.11066145645647,14.889616088967571,15.004558938027179,26468100
2024-02-15,15.110658645629883,15.225601473308267,14.978031787095745,14.978031787095745,25926700
2024-02-16,15.004556655883789,15.092975126719656,14.818879384926325,14.986874310870265,28848800
2024-02-20,14.951508522033691,15.146027838304688,14.916142140185473,14.92498247081579,29103900
2024-02-21,15.031082153320312,15.039924168724719,14.889613279733835,14.960347716527075,22644500
2024-02-22,14.668567657470703,14.827720558649217,14.518256771517883,14.827720558649217,59974500
2024-02-23,14.854247093200684,14.907299192323997,14.62436140943518,14.703936185235722,32270900
2024-02-26,14.677409172058105,14.880770455986568,14.606674739107252,14.854244411214282,26815900
2024-02-27,14.880770683288574,14.898454713406885,14.62435899234079,14.686251411312947,28350800
2024-02-28,14.99571418762207,15.06645031130977,14.863087328591657,14.871929344052619,33531100
2024-02-29,14.969191551208496,15.137186491425412,14.95150751825046,15.048768013077446,46155200
2024-03-01,15.013395309448242,15.075287719240283,14.863084448621139,14.916136531107188,27552700
2024-03-04,14.854247093200684,15.02224203420675,14.774670630957928,14.91614120884455,32690500
2024-03-05,15.181392669677734,15.349387585353924,15.031081784376294,15.057607829938416,43337900
2024-03-06,15.190234184265137,15.225600557407162,15.04876531881323,15.119499751539184,35356700
2024-03-07,15.07529067993164,15.296336007710357,15.039924304436893,15.19907721026829,27325100
2024-03-08,15.207918167114258,15.31401897265473,15.013397212886893,15.084131645394509,30812900
2024-03-11,15.322859764099121,15.420120233447228,15.225599294751015,15.225599294751015,29541600
2024-03-12,15.207918167114258,15.331703002392109,15.181392122508191,15.296334942917353,38700600
2024-03-13,15.199077606201172,15.41128092402355,15.146025511914033,15.269812045475298,32339800
2024-03-14,15.039922714233398,15.181391574138608,14.88076982522958,15.163707545039998,37237700
2024-03-15,15.07529067993164,15.15486713284734,14.933821805068623,14.933821805068623,93104700
2024-03-18,15.296333312988281,15.314017340841305,14.96918722991593,15.119498093783196,35177000
2024-03-19,15.181392669677734,15.314019524604428,15.172550654490362,15.29633549422968,26144600
2024-03-20,15.21675968170166,15.305178150838955,15.101816852332597,15.137184914564326,28961700
2024-03-21,15.172552108764648,15.269812598706126,15.084133634858041,15.199078156869266,34446700
2024-03-22,15.013395309448242,15.20791623901372,15.013395309448242,15.199074225266045,26169900
2024-03-25,15.137185096740723,15.14602542596302,15.004556548217577,15.066450657868002,30944600
2024-03-26,15.190234184265137,15.278652646783055,15.075289677059274,15.146024109785227,33048600
2024-03-27,15.517379760742188,15.552747819089701,15.28749412725073,15.28749412725073,37488400
2024-03-28,15.561592102050781,15.65001057436626,15.49085766148682,15.517382022671999,33461500
2024-04-01,15.47317123413086,15.508539292158092,15.163707472159876,15.199075530187109,31980100
2024-04-02,15.490856170654297,15.650009068216939,15.455488110555075,15.455488110555075,40169500
2024-04-03,15.570430755615234,15.65884752239572,15.464328274460234,15.552746727682447,38155900
2024-04-04,15.535065650939941,15.809161390201103,15.526223635293833,15.57927572917048,31850300
2024-04-05,15.402438163757324,15.508540660760563,15.27865332262186,15.49085663018636,37769000
2024-04-08,15.252129554748535,15.437806844183639,15.225603504925422,15.384756430979643,27372200
2024-04-09,15.187422752380371,15.349182562556024,15.106542847292545,15.277289504040814,32785000
2024-04-10,15.034648895263672,15.088569971494826,14.83694342461297,15.070596279417774,39046800
2024-04-11,14.756065368652344,15.007691946984322,14.756065368652344,14.98073140549902,40831200
2024-04-12,14.657212257385254,14.792011541218217,14.603292886665248,14.747079017962527,41785200
2024-04-15,14.594305992126465,14.863906272988675,14.495452384403732,14.792011493506044,40249900
2024-04-16,14.459506034851074,14.58531846495049,14.324705900702256,14.576331617933988,56368800
2024-04-17,14.486467361450195,14.603292950868145,14.432546276427235,14.47748051394637,27177500
2024-04-18,14.675185203552246,14.69315889756382,14.459506017610776,14.47747971162235,29566500
2024-04-19,14.836945533752441,14.845932381068488,14.61227949304886,14.675185710195324,45820400
2024-04-22,14.657212257385254,15.034651280557084,14.531399821016608,14.99870560476571,54178100
2024-04-23,14.827958106994629,14.854918647889214,14.639239462929915,14.720117657482081,47805000
2024-04-24,15.106545448303223,15.304252678810123,14.720119549475388,15.18742536731677,74197800
2024-04-25,14.899850845336914,15.277289839342114,14.827957785243816,15.007691292509438,46680400
2024-04-26,15.052624702453613,15.1694502892389,14.729105055869953,14.80099812021456,37852700
2024-04-29,15.295266151428223,15.528919065248559,15.268305606503011,15.268305606503011,42383300
2024-04-30,15.178435325622559,15.259315227618806,15.097555423626309,15.19640901808076,31822800
2024-05-01,15.205397605895996,15.367157428416037,15.079585172409677,15.124517694635976,39350700
2024-05-02,15.115530967712402,15.26830394419024,15.034651055808498,15.26830394419024,32205000
2024-05-03,15.142491340637207,15.205397557178818,15.03465088794741,15.115530798948296,24023200
2024-05-06,15.268301963806152,15.313236194627803,15.196408908557151,15.232356293214472,24182300
2024-05-07,15.349183082580566,15.466008663851143,15.277290021629646,15.331209388826391,28086800
2024-05-08,15.376143455505371,15.457023362451228,15.277289855001378,15.304250395338583,25292100
2024-05-09,15.43904972076416,15.448036567573421,15.313237293566026,15.367156660355832,22547700
2024-05-10,15.430061340332031,15.474993855846646,15.385128824817414,15.457021878080157,19229600
2024-05-13,15.510943412780762,15.582836476116588,15.41208980791931,15.439050349444935,28014800
2024-05-14,15.54688835144043,15.582835738439545,15.474995291507954,15.528916372006627,23545300
2024-05-15,15.573848724365234,15.67270232348497,15.439049452698336,15.591822417671683,30877900
2024-05-16,15.54688835144043,15.609796278688881,15.412089078325257,15.55587519819021,24686200
2024-05-17,15.636754989624023,15.645741836307565,15.51094256418591,15.636754989624022,25891200
2024-05-20,15.744595527648926,15.78054120052714,15.600809408004569,15.618781387410799,28266600
2024-05-21,15.519929885864258,15.744595917631607,15.403102589468391,15.735609070673018,31173300
2024-05-22,15.726621627807617,15.73560847442568,15.439049392292509,15.448036238910571,30647500
2024-05-23,15.699661254882812,15.735608641737283,15.564861982310045,15.636755041953236,32477700
2024-05-24,15.726621627807617,15.825475226540584,15.65472856892884,15.717634781189554,24996000
2024-05-28,15.519929885864258,15.744595917631607,15.457023671219927,15.690674835880072,25458300
2024-05-29,15.385129928588867,15.555874871046596,15.376143082028085,15.501955505747615,23503800
2024-05-30,15.83446216583252,15.8524341451081,15.42107578931084,15.430062635981502,33262600
2024-05-31,16.373661041259766,16.41859527951909,15.699662893963245,15.753583979874433,67619500
2024-06-03,16.184938430786133,16.472510629163718,16.140004203498695,16.292777148144975,38332700
2024-06-04,16.490488052368164,16.499474899859642,16.086088485581055,16.14899470395552,30089100
2024-06-05,16.445554733276367,16.46352842926303,16.319742289501725,16.454541581269698,28101800
2024-06-06,16.427579879760742,16.58035284081016,16.37365880122634,16.43656672618314,22319200
2024-06-07,16.26582145690918,16.373660195026318,16.148994157538805,16.373660195026318,36626700
2024-06-10,16.050140380859375,16.211900183095572,15.951286787478224,16.175952798569465,32414600
2024-06-11,16.050140380859375,16.131020281977474,15.933313095215173,16.032166688596323,29957000
2024-06-12,15.825475692749023,16.21190153838096,15.789528305217784,16.16696730396691,35652200
2024-06-13,15.87939453125,15.888381377833579,15.654728508857705,15.771554086312781,30692000
2024-06-14,15.852434158325195,15.95128775771914,15.71763488628438,15.80750163900017,22652300
2024-06-17,15.87939453125,15.906355071000736,15.717634720877033,15.78054093289636,27451600
2024-06-18,16.220888137817383,16.35568913918185,16.05014317380334,16.06811515512813,33711100
2024-06-20,16.27480697631836,16.319739494523713,16.08608662891134,16.12203401472818,32100600
2024-06-21,16.53542137145996,16.58035561107964,16.238862246234007,16.328729011407383,72558200
2024-06-24,16.760086059570312,16.805020295522908,16.53542002200485,16.553393716385887,42162200
2024-06-25,16.796031951904297,16.831977623397986,16.65224583779817,16.75109771995508,32354000
2024-06-26,16.85894012451172,16.903872647624233,16.724140841108287,16.751099669349443,32029700
2024-06-27,16.849952697753906,16.885900086260712,16.724140266111743,16.87691323913401,28916300
2024-06-28,17.173471450805664,17.19144343006474,16.876912367209187,16.894884346468263,52825200
2024-07-01,17.056644439697266,17.362190374997702,16.92184516566843,17.290297314577938,36095700
2024-07-02,16.912857055664062,17.074616858043395,16.78704463784264,17.056643165764438,31606900
2024-07-03,16.787046432495117,17.002725620703295,16.769072738294646,16.966778232302357,19463000
2024-07-05,16.86792755126953,16.894886380436578,16.76008709240352,16.805021331125168,30727800
2024-07-08,16.903873443603516,16.984753360267273,16.796034697429153,16.93083398718009,23277400
2024-07-09,16.894887924194336,17.056647770241067,16.805022866671575,16.91286162132533,27803600
2024-07-10,17.093734741210938,17.10285647343854,16.83833145821561,16.938668772926725,33408200
2024-07-11,17.203195571899414,17.212317305072823,16.984279195115697,17.057251320710268,23623400
2024-07-12,17.1575870513916,17.19407398439436,16.9569141392546,17.075493191928118,37919400
2024-07-15,16.947792053222656,17.212317092608192,16.902185127711274,17.194073626486567,33910900
2024-07-16,17.194072723388672,17.203194455970376,16.938669430478697,16.966034628223817,23923600
2024-07-17,17.476839065551758,17.504204262656934,17.19407232130182,17.239679243351226,40611500
2024-07-18,17.467716217041016,17.631903909595792,17.321771988057314,17.422109297905774,34793900
2024-07-19,17.44035530090332,17.549812618682555,17.31265277710395,17.44035530090332,29910300
2024-07-22,16.920427322387695,17.121101975694778,16.70151094224675,17.057251582294427,44083600
2024-07-23,16.610292434692383,16.975154744039624,16.546442052494346,16.938667817187927,70161800
2024-07-24,17.476839065551758,17.540689452337947,17.111978469778848,17.25792270808801,64465000
2024-07-25,17.50420379638672,18.005886884736764,17.42210994705053,17.467716867885073,54049700
2024-07-26,17.340015411376953,17.604538673373707,17.230556369997043,17.47683790825751,30844200
2024-07-29,17.239681243896484,17.349140305226598,17.166709116273992,17.330896838372787,30788300
2024-07-30,17.312650680541992,17.35825934058738,17.184949911999883,17.285287224307247,27855000
2024-07-31,17.55893325805664,17.62278364608276,17.221436113042397,17.239679578133458,39522000
2024-08-01,17.759607315063477,17.905551565742527,17.44947534742232,17.613663064384426,44379300
2024-08-02,17.668394088745117,18.23392764519976,17.504206365970298,17.914673933114585,45240100
2024-08-05,17.24880027770996,17.44035317010949,17.002518733107348,17.148462965510564,50898400
2024-08-06,17.50420379638672,17.60453937018122,17.20319359541819,17.230557052001913,33776000
2024-08-07,17.55893325805664,17.805214817408178,17.422110749458874,17.513326335121583,30036700
2024-08-08,17.695756912231445,17.768729037527116,17.522447462231955,17.568056127912193,25588100
2024-08-09,17.777849197387695,17.878186513212018,17.577176305531594,17.686633613892177,22819600
2024-08-12,17.723121643066406,17.841700691114557,17.6045408552256,17.82345896511745,22979900
2024-08-13,17.805213928222656,17.841699116790128,17.659269694367758,17.71399834711522,21508000
2024-08-14,17.90555191040039,17.93291711035172,17.7140007301193,17.76872939022922,19158600
2024-08-15,17.412988662719727,17.85994310960375,17.303529614192442,17.832577912523792,42608100
2024-08-16,17.641029357910156,17.659272825324678,17.40386950089981,17.44035643572885,24724400
2024-08-19,17.777849197387695,17.796092662045307,17.641026692040693,17.6501484243695,20506700
2024-08-20,17.777849197387695,17.859943048554406,17.686633613892177,17.750484000401276,20260900
2024-08-21,17.823457717895508,17.86906463938585,17.713998670609136,17.805214253382356,20055500
2024-08-22,17.796092987060547,17.859943374735764,17.695755669403734,17.841699909744964,17596700
2024-08-23,17.99676513671875,18.02413033307082,17.796092249514444,17.823457445866513,21519300
2024-08-26,18.024127960205078,18.188315637117256,17.969399314498443,18.024127960205078,22599700
2024-08-27,17.92379379272461,18.060616300801843,17.87818686996306,18.005887645529466,20321900
2024-08-28,18.078861236572266,18.16095509605561,17.94203871736427,17.951160450617163,20435500
2024-08-29,18.024127960205078,18.106221798661167,17.89642720695884,18.06061314407874,20775600
2024-08-30,18.151832580566406,18.16095431342621,17.96940314274828,18.024131800114453,29362700
2024-09-03,18.635271072387695,18.653514535257514,18.170073207961572,18.17919493939648,50352600
2024-09-04,18.76297378540039,19.036620537546714,18.471085308278354,18.69000166611988,57532400
2024-09-05,18.835947036743164,19.00013474994032,18.71736798820781,18.89067569454466,44199100
2024-09-06,19.12783432006836,19.155199517132438,18.835945843888386,18.835945843888386,53079500
2024-09-09,19.611276626586914,19.702492214669103,19.091350036248873,19.118713494818685,58958400
2024-09-10,19.802827835083008,19.939652087374398,19.45621068743333,19.565669741307914,60944500
2024-09-11,19.5656681060791,19.720734071229195,19.374115212756045,19.720734071229195,37328500
2024-09-12,19.693368911743164,19.738975832251732,19.310264864176705,19.456209097555117,34564800
2024-09-13,19.738975524902344,19.76634072065689,19.556546105916127,19.675125141267543,31451300
2024-09-16,20.31363296508789,20.377483350319096,19.875800260823183,19.921407181761897,53733400
2024-09-17,19.86667823791504,20.158566703152864,19.802826113825837,20.131201507114636,29304400
2024-09-18,19.82107162475586,20.06735319515574,19.7389777679559,19.92140894746529,27825600
2024-09-19,19.483577728271484,19.793709713818338,19.31939000182988,19.748101045477448,40942200
2024-09-20,19.647762298583984,19.720734416414693,19.364993819671533,19.428844205299338,94156500
2024-09-23,19.602155685424805,19.702493010346558,19.48357663398404,19.647764351204106,25550300
2024-09-24,19.693368911743164,19.75721929637216,19.437965633434693,19.501816018063685,25905500
2024-09-25,19.666004180908203,19.830191882292127,19.62951899159652,19.720734574564535,28334800
2024-09-26,19.74810028076172,19.848437607433468,19.547427367210965,19.602156027307945,25497500
2024-09-27,19.976137161254883,20.012624092262584,19.775464260090413,19.811949451305487,23577700
2024-09-30,20.067354202270508,20.131204596365436,19.76634395882816,20.067354202270508,26260200
2024-10-01,20.185932159423828,20.20417562525688,19.921408864015223,20.003502720471293,32705500
2024-10-02,20.240659713745117,20.286266632128743,20.067350292260986,20.112957210644613,29820100
2024-10-03,20.112958908081055,20.277146611786623,20.039986788633307,20.185931027528802,28894700
2024-10-04,19.985260009765625,20.049110402801183,19.593034178498375,19.793708830658954,24539300
2024-10-07,19.86667823791504,19.985257274495723,19.766340925567352,19.985257274495723,23116300
2024-10-08,19.939653396606445,20.04911071787533,19.811950868735746,19.994382057240887,22716400
2024-10-09,20.003503799438477,20.067354193505516,19.875803011304395,19.94877513877998,25365400
2024-10-10,19.60439109802246,20.029369403439624,19.595152247673116,19.955460362775405,28738500
2024-10-11,19.742971420288086,19.816880458440963,19.60439043188729,19.678299470040162,25249800
2024-10-14,19.641347885131836,19.779927125887802,19.641347885131836,19.7337346330127,33512200
2024-10-15,19.872310638427734,19.964697371267437,19.613628138902634,19.761446206594016,35942600
2024-10-16,20.057085037231445,20.103279290924025,19.84459675663738,19.881552159591443,23926900
2024-10-17,20.075563430786133,20.112518835014182,19.890791696037862,19.91850648707824,25471200
2024-10-18,20.186424255371094,20.380434806327404,19.983173092886943,20.075559824731528,27277400
2024-10-21,20.01089096069336,20.29728826238066,20.00165211068661,20.214140374450402,29366200
2024-10-22,19.863075256347656,19.973939707534534,19.447335767060206,19.632109264994778,47781900
2024-10-23,20.77769660949707,20.860844492303237,19.447332246728767,19.62286686177849,71932600
2024-10-24,20.50977897644043,20.76845973678702,20.380436834136614,20.694550696383633,38783100
2024-10-25,20.167949676513672,20.70379068954926,20.149471974860226,20.602165092585928,26050400
2024-10-28,20.426631927490234,20.463585568149504,20.1587105436555,20.251097288499565,27923800
2024-10-29,20.491302490234375,20.657598281530227,20.251097654154883,20.31576784807424,32711100
2024-10-30,20.343482971191406,20.565210089962232,20.232618530740744,20.44510679929647,36264900
2024-10-31,20.82389259338379,20.87932393250072,20.352721805563615,20.38043659405683,59566700
2024-11-01,20.435871124267578,20.999426929312033,20.389676869997952,20.8146551986254,37170000
2024-11-04,20.251094818115234,20.555969805418247,20.13099329796027,20.454344222273782,24318500
2024-11-05,20.371198654174805,20.48206309949336,20.167949226909798,20.232619419124546,26461800
2024-11-06,20.620643615722656,20.685313811955425,20.29729087242814,20.42663302702436,32259200
2024-11-07,20.361961364746094,20.685312322628906,20.288050560509383,20.685312322628906,31471800
2024-11-08,20.63912010192871,20.722267995651453,20.371198719459752,20.371198719459752,29901600
2024-11-11,20.611406326293945,20.768463284244323,20.55597497705582,20.583691532740293,23465000
2024-11-12,20.463584899902344,20.59292704331255,20.130995096307394,20.519016240146414,39579500
2024-11-13,20.602163314819336,20.685311202954367,20.380436200502743,20.48206178869677,29345600
2024-11-14,20.555973052978516,20.74998363821762,20.528256499888364,20.602165545998115,20825100
2024-11-15,20.953231811523438,21.01790199726647,20.509777598888014,20.54673123554243,40207300
2024-11-18,21.23963165283203,21.433643995477507,21.04562107231717,21.05485992312225,35656400
2024-11-19,20.999425888061523,21.174960521321022,20.953233398212962,21.138005119737745,24727700
2024-11-20,21.091814041137695,21.156484236104966,21.00866614414245,21.06409748809573,20423100
2024-11-21,21.230392456054688,21.387449392920423,20.999426476083343,21.064096668534425,23080900
2024-11-22,21.4151668548584,21.516792454245856,21.193439716119936,21.295063553376735,35732900
2024-11-25,21.341257095336914,21.544506525188098,21.202677858523355,21.3874495868979,64729800
2024-11-26,21.332019805908203,21.350497508737238,21.128770361181015,21.193440558951906,30080300
2024-11-27,21.49831199645996,21.59993582069044,21.258107186417174,21.433641809550448,33206300
2024-11-29,21.39668846130371,21.53526769827056,21.258109224336863,21.49831405740701,19673900
2024-12-02,20.97171401977539,21.39669062438718,20.9162809096802,21.387451772704647,44160600
2024-12-03,21.932527542114258,22.200448903881917,21.59993599292143,21.62765254273098,63128700
2024-12-04,21.73851776123047,22.015676220766665,21.590699681193765,21.86785814072996,41534200
2024-12-05,22.015676498413086,22.071107838593285,21.78471052517664,21.812427076332003,40155600
2024-12-06,22.061870574951172,22.080348277050376,21.766234389886534,22.01567808183382,34218800
2024-12-09,21.590700149536133,22.16349478157072,21.562983598129087,22.080346889480126,38385900
2024-12-10,21.720041275024414,21.858620512540245,21.350496054271996,21.62765452930366,32851500
2024-12-11,21.692325592041016,21.74775869897345,21.378211701279938,21.646133098394667,38518100
2024-12-12,21.58146095275879,21.932528454295216,21.58146095275879,21.784710373424033,22015000
2024-12-13,21.830902099609375,21.867857499600337,21.48907346034529,21.59069904818997,33693900
2024-12-16,21.10105323791504,21.99720065538846,20.888564947503404,21.904813905865367,48018100
2024-12-17,21.091814041137695,21.230393282086222,20.94399594917518,21.06409748809573,39844700
2024-12-18,20.768461227416992,21.23963205460521,20.749983525457303,21.064097410249445,38897400
2024-12-19,20.85161018371582,20.95323578752775,20.70379208478796,20.796178837150556,43160800
2024-12-20,21.017902374267578,21.017902374267578,20.80541411383464,20.87008430073767,93984000
2024-12-23,21.10105323791504,21.128769791411173,20.870087245172652,20.94399629236499,24655600
2024-12-24,21.20267677307129,21.23963041200215,21.0271421422908,21.10105118228303,9605900
2024-12-26,21.211915969848633,21.38745061807874,21.13800692250922,21.184201178428033,16440500
2024-12-27,21.11952781677246,21.313538376160142,21.082572417576472,21.138003754240035,18547500
2024-12-30,20.88856315612793,21.045620088208988,20.731506224046875,21.045620088208988,25420000
2024-12-31,21.03638458251953,21.11029363512471,20.879327625467177,20.897805329151172,22342800
2025-01-02,21.091814041137695,21.405927927090705,21.06409748809573,21.091814041137695,27108200
2025-01-03,20.94399642944336,21.211916066470106,20.92551872699167,21.15648472124573,26874900
2025-01-06,20.87932777404785,21.036384732217847,20.81465757282447,21.027145880310105,34416000
2025-01-07,20.50977897644043,20.92551666791053,20.472823575173475,20.823892838687446,37143500
2025-01-08,20.491302490234375,20.555972684153733,20.010892818075387,20.445108235912958,35517800
2025-01-10,20.292957305908203,20.620414319432214,20.10583850260958,20.470718206095018,41572400
2025-01-13,20.171327590942383,20.28359921892589,20.021633276629032,20.23681863039235,37865600
2025-01-14,20.395872116088867,20.414584354303887,20.002924036059763,20.133907919067635,25627300
2025-01-15,20.4987850189209,20.667191572313655,20.470716665189762,20.56427605979652,50559900
2025-01-16,20.601703643798828,20.704617387366422,20.43329706496439,20.58299140515116,25639600
2025-01-17,20.854310989379883,20.929158150419276,20.564276678917285,20.667192194532856,33638000
2025-01-21,21.041427612304688,21.088208202403635,20.77946166124171,20.77946166124171,36777600
2025-01-22,20.88237953186035,21.032073868078204,20.601703097576188,20.938514461817736,31676400
2025-01-23,21.078853607177734,21.2004795812275,20.78881928110252,20.90109092095376,32125200
2025-01-24,21.256614685058594,21.322107516471245,21.088209900631924,21.097564234907967,44409200
2025-01-27,22.58515167236328,22.800338820461025,21.846036184714027,21.986374387736333,92445200
2025-01-28,22.828405380249023,22.996811937599976,22.37932241697786,22.51030450180768,55731400
2025-01-29,22.669357299804688,23.371050172114344,22.641290726990544,23.11844030980353,34420400
2025-01-30,22.472883224487305,22.66935636406536,22.248341728756444,22.613221436256943,45653000
2025-01-31,22.201560974121094,22.585152916274264,22.13606992807014,22.463526942822085,40341800
2025-02-03,22.688066482543945,22.856473034738023,22.1454241390836,22.164136374771168,59555800
2025-02-04,22.688066482543945,22.856473034738023,22.51965993034987,22.650642011168813,30540200
2025-02-05,22.893896102905273,22.996811616403896,22.716135214403888,22.88453998490567,29511700
2025-02-06,22.875185012817383,22.978098738946013,22.734845031238077,22.921963817012486,24522500
2025-02-07,22.95939064025879,23.137151542010187,22.688068551537427,22.875187356483,26290100
2025-02-10,23.258777618408203,23.333624778073755,23.01552390337089,23.024880021391215,31913400
2025-02-11,23.530099868774414,23.558168225180292,23.202642848694623,23.296202252217018,35150300
2025-02-12,23.726572036743164,23.745282487675063,23.445893858800837,23.530097133733836,38970300
2025-02-13,23.97918128967285,24.082096805239175,23.726573236596447,23.829486967665694,35115100
2025-02-14,24.203723907470703,24.259858830592265,23.951114076678124,24.01660511773612,31687800
2025-02-18,24.39084243774414,24.49375795698265,24.054029308961482,24.054029308961482,52442500
2025-02-19,24.54989242553711,24.65280794285532,24.390841982634928,24.531180188843415,30551500
2025-02-20,24.465688705444336,24.58731645727148,24.26921557718105,24.512469296338267,32753900
2025-02-21,24.905414581298828,24.998972183739344,24.297279458454213,24.400194962535032,58421500
2025-02-24,25.017688751220703,25.382568460529043,24.8867066575197,24.90541889504761,54549600
2025-02-25,24.933483123779297,25.410634428918794,24.56860344875963,25.139314148249486,52497200
2025-02-26,24.8586368560791,25.101890576308914,24.727654769992697,24.84928073785906,39296500
2025-02-27,25.167381286621094,25.232872328798457,24.85863652742991,24.924127569607272,32943300
2025-02-28,25.64453125,25.719378406326097,25.260939350766634,25.260939350766634,62510800
2025-03-03,25.93456268310547,26.06554653962156,25.438700962177425,25.513548115402237,45078600
2025-03-04,24.53118133544922,26.168464648235997,24.437623716602012,26.00941419789968,89479700
2025-03-05,24.493757247924805,24.690230377695656,24.166300247142964,24.390841731665546,42010100
2025-03-06,25.008333206176758,25.064469920048335,24.381487510588652,24.531181845251734,32211600
2025-03-07,25.373214721679688,25.457416223536818,24.886707241520543,24.952198289907884,35341900
2025-03-10,25.522905349731445,25.691310113485525,24.96155078372694,25.36385491910512,57820800
2025-03-11,24.334707260131836,25.10189112600459,23.94175920877053,24.765078000695723,74574300
2025-03-12,24.063385009765625,24.19436888229465,23.28684503093893,23.979181729031648,62383200
2025-03-13,24.409557342529297,24.75572484316919,24.100812535567915,24.1288808941998,37698500
2025-03-14,24.86799430847168,24.933485355028488,24.0914542995176,24.138233108630413,37591300
2025-03-17,25.101890563964844,25.195449961622163,24.559248198948904,24.858636843854654,45570000
2025-03-18,24.89606285095215,25.242230323770805,24.849282256992062,25.073823754508886,30365600
2025-03-19,25.11124610900879,25.204805504530587,24.74636642942053,24.93348343596708,30145700
2025-03-20,25.064468383789062,25.195450472466753,24.961552865829667,25.16738211725134,27272300
2025-03-21,25.279653549194336,25.45741444396315,24.924128190662493,25.083178633269455,91268600
2025-03-24,25.223514556884766,25.466768257949298,25.11124471608387,25.129956951049667,26863300
2025-03-25,25.550973892211914,25.784871497410297,25.23287300638235,25.23287300638235,42339700
2025-03-26,25.86907386779785,26.046836541152953,25.597753583253052,25.6445323888479,42589400
2025-03-27,26.383651733398438,26.589480992550794,25.859719790015223,25.981347549353078,43000100
2025-03-28,26.364938735961914,26.673683508040014,26.252667098616634,26.5239891812444,35085300
2025-03-31,26.458499908447266,26.720464105636626,26.39300707465267,26.439787670220237,50156500
2025-04-01,26.645614624023438,26.767242377442916,26.402360901681586,26.57076746211034,43986400
2025-04-02,26.3275146484375,26.74853106404036,26.20588867531732,26.58012449779922,41574800
2025-04-03,26.757888793945312,27.160192996525357,26.617550575125996,26.70175386331704,48912300
2025-04-04,24.92412757873535,26.59883524415641,24.821213848631974,26.196531088351485,61361000
2025-04-07,25.101890563964844,25.47612637009703,23.483319587132467,23.558166748358904,74875400
2025-04-08,24.690231323242188,25.438704751478376,24.353419975808205,25.27965430412169,55717100
2025-04-09,24.765077590942383,25.129959065488844,23.576879122590135,24.40955401916314,77738700
2025-04-10,24.95229148864746,25.30213495227472,24.48898654734053,24.81046373982904,51467900
2025-04-11,25.330501556396484,25.43450761173045,24.92392734858475,25.131941262690376,32057600
2025-04-14,25.718164443969727,25.8599921920465,25.13194080089801,25.179216115777717,27042800
2025-04-15,26.001819610595703,26.124736509787777,25.774894855861202,26.001819610595703,25721300
2025-04-16,25.547969818115234,26.26656576853295,25.472328234041665,26.228744074777357,27835900
2025-04-17,25.67088508605957,25.992362248820537,25.53851277319476,25.699251354575246,24870300
2025-04-21,24.895559310913086,25.79380467390976,24.73482072395908,25.680341399350286,46226000
2025-04-22,25.491235733032227,25.86944543392292,24.564625933412547,24.583536779144584,50906800
2025-04-23,25.708709716796875,25.831626620876722,24.69700280208605,25.094121589522214,43351000
2025-04-24,26.03018569946289,26.313841190040897,25.661431397586334,25.689797668019185,43640800
2025-04-25,25.349409103393555,26.020729728683257,25.179215091251443,25.96399718901083,37050300
2025-04-28,25.77489471435547,25.784350137847202,25.339954250923963,25.43450668240365,24156000
2025-04-29,25.812715530395508,25.945089660588376,25.576335344939736,25.623612464093505,25015800
2025-04-30,26.19092559814453,26.370573242867433,25.831626701823293,26.096373162089588,38877100
2025-05-01,26.134191513061523,26.26656563710614,25.784349864760834,26.001819192454516,37367600
2025-05-02,26.10582733154297,26.266565924080883,25.86944715448354,26.096371908048077,22928400
2025-05-05,26.011276245117188,26.181470269951006,25.6803436194334,26.058551561598705,21335300
2025-05-06,26.62586212158203,26.701503703608896,26.001818619001014,26.03964031173323,32491700
2025-05-07,26.569129943847656,26.85278541019324,26.427302210674867,26.512399211266036,28352900
2025-05-08,25.973451614379883,26.512399899935833,25.954542571986487,26.474578208274004,30141500
2025-05-09,26.32329750061035,26.49349152206772,25.926178718355715,26.058551044628032,29206900
2025-05-12,25.538515090942383,25.812715164395584,25.217037899005756,25.6141566770782,57106100
2025-05-13,25.00902557373047,25.65197819493353,24.876651437021142,25.576336604001536,58767100
2025-05-14,24.999568939208984,25.14139668991089,24.86719480890787,24.990113515370496,31519500
2025-05-15,25.841079711914062,25.907265869938648,25.15085005903261,25.15085005903261,35278700
2025-05-16,26.20983123779297,26.25710835139772,25.642520302035802,25.878900459747115,31106000
2025-05-19,26.493492126464844,26.512402974488786,26.20037939240694,26.247656512466794,30996600
2025-05-20,26.26656723022461,26.72041675992201,26.238200958329376,26.521856463530824,24966600
2025-05-21,25.973451614379883,26.257108891531043,25.916720880324657,26.172011888729447,29684200
2025-05-22,25.74652671813965,26.20037619469632,25.727615872423744,26.077459304417957,25901600
2025-05-23,25.926177978515625,26.030185833868828,25.6803423771411,25.98290871623663,31766300
2025-05-27,25.897809982299805,26.124734721500882,25.83162382546251,25.869445517048117,33329200
2025-05-28,26.001819610595703,26.115282889681772,25.822170170141774,25.888356331509634,32270200
2025-05-29,25.888355255126953,26.01127395264597,25.784349207346516,25.982907683194448,27189100
2025-05-30,26.285472869873047,26.285472869873047,25.859989667185122,25.89780955470878,47964900
2025-06-02,26.40839385986328,26.436758327114656,26.09637209603468,26.143647410412065,26935200
2025-06-03,26.43675994873047,26.597498552285888,26.14364901404862,26.370573783167256,26085900
2025-06-04,25.869447708129883,26.44621412616099,25.737073579806005,26.436758702463734,33913500
2025-06-05,26.247655868530273,26.332752879112586,25.84108166317871,25.93563409754102,29186800
2025-06-06,26.550222396850586,26.569133244539586,26.25711147142189,26.25711147142189,22403100
2025-06-09,26.342206954956055,26.550220857158877,26.313840685067564,26.313840685067564,23353600
2025-06-10,26.87169647216797,27.051345897468458,26.332749999703985,26.38948073274296,39959100
2025-06-11,26.796058654785156,27.051349694449936,26.710961641563564,26.928430984935307,32164500
2025-06-12,26.72987174987793,26.918974815795877,26.58804399958004,26.918974815795877,23311700
2025-06-13,26.65423011779785,26.796057867856156,26.57858853087091,26.69205000954248,22428200
2025-06-16,26.446212768554688,26.843331526265047,26.266565137842022,26.616406779493065,32761400
2025-06-17,26.143646240234375,26.44621256695724,26.08691550483323,26.332751096154947,35258600
2025-06-18,26.153100967407227,26.313839549630988,26.086914810627594,26.247653392851355,27985500
2025-06-20,26.257112503051758,26.578589712644643,26.115284746687312,26.172015488545536,51495200
2025-06-23,26.663686752319336,26.758237387693036,26.28547699707346,26.28547699707346,32957200
2025-06-24,26.739328384399414,26.805514550639373,26.502948188720826,26.62586509696107,26007000
2025-06-25,26.398937225341797,26.805511402712646,26.361115532824712,26.606951123873078,26189400
2025-06-26,26.474580764770508,26.56913319961794,26.285475895075642,26.455669917113482,25118500
2025-06-27,26.550222396850586,26.644774831857884,26.38002837452499,26.474580809532288,37337200
2025-06-30,27.36336898803711,27.439010570310316,26.56913147244964,26.588042318877335,42590800
2025-07-01,27.306636810302734,27.5997495235002,27.1364446005128,27.410644663594585,25976400
2025-07-02,26.767688751220703,27.44846476463836,26.74877970907715,27.240449070121855,47012300
2025-07-03,26.814966201782227,26.86224151289079,26.59749508174528,26.748780044855227,21085200
2025-07-07,26.86224365234375,26.91897439087987,26.682594209635425,26.87169907600605,22448700
2025-07-08,26.748783111572266,26.90951990914468,26.550222814589045,26.701505991605917,24955400
2025-07-09,26.569129943847656,26.83387456485354,26.43675582990724,26.78659925494177,34453800
2025-07-10,26.376232147216797,26.56722476430419,26.24253531165187,26.50992716132377,25053100
2025-07-11,25.755496978759766,26.309378575460265,25.42125949739903,26.309378575460265,42713300
2025-07-14,25.93694305419922,26.271182377252575,25.80324805356099,25.80324805356099,30747000
2025-07-15,25.803247451782227,25.89874465920713,25.58360514972537,25.71730014724559,32266200
2025-07-16,25.736400604248047,25.88919541141107,25.66955128233867,25.803248104699648,21934400
2025-07-17,25.774599075317383,25.831896674150745,25.564506665289834,25.5931545539776,24546400
2025-07-18,25.726850509643555,25.82234771877414,25.593153688277628,25.755498397362295,27427900
2025-07-21,26.14703369140625,26.47172308940804,26.02288860226799,26.22343108967387,36229500
2025-07-22,26.18523406982422,26.509923477355876,25.994239657820525,26.213883778062087,35255800
2025-07-23,26.500375747680664,26.500375747680664,24.685935970689595,25.115670700750247,65616300
2025-07-24,26.6627197265625,26.901461843805553,26.443077415848762,26.51947482050823,47332700
2025-07-25,26.739116668701172,27.07335599135149,26.50037455558777,26.653169362263725,33987800
2025-07-28,26.357128143310547,26.67226764172312,26.29983054945126,26.67226764172312,29164400
2025-07-29,26.175683975219727,26.67226798562338,26.089736672593798,26.43352588309751,34202400
2025-07-30,26.26163101196289,26.46217350175456,26.013339009274866,26.1088362136099,30096100
2025-07-31,26.175683975219727,26.47172367234365,26.08018676991784,26.118386380621672,34120000
2025-08-01,26.500375747680664,26.672270368288068,26.108838810278407,26.39532863031884,38817000
2025-08-04,26.43352508544922,26.662717278383113,26.32847798064124,26.538572190257202,29972400
2025-08-05,26.519474029541016,26.71046662476425,26.423976821200522,26.471724514641895,25317400
2025-08-06,26.25208282470703,26.796414557088653,26.21388503335176,26.681819361565044,39247200
2025-08-07,26.79641342163086,26.844162935623874,26.061089120715557,26.21388392257778,35331400
2025-08-08,26.815513610839844,26.977858317823106,26.76776591762148,26.805963707904624,23598200
2025-08-11,26.872812271118164,27.006509096047708,26.81551467269568,26.911011884371696,20602400
2025-08-12,27.197500228881836,27.40759444751249,26.87281081959602,26.87281081959602,30755100
2025-08-13,27.121103286743164,27.30254780005051,27.082905496364525,27.216600494876385,26382700
2025-08-14,27.45534324645996,27.474443052824757,27.13065382408955,27.292998535274755,24530200
2025-08-15,27.56993865966797,27.770481150461027,27.35984444479027,27.445791746975203,37020400
2025-08-18,27.617687225341797,27.83732952833963,27.569939532153654,27.674984821459113,20420600
2025-08-19,27.674983978271484,27.846878582843978,27.50308937369899,27.569938692166495,18890600
2025-08-20,27.961475372314453,28.05697075502738,27.71318337005397,27.78958076909891,34843000
2025-08-21,28.11427116394043,28.228866355828714,27.894627040148706,27.93282665174996,32991000
2025-08-22,27.474443435668945,28.314814891394583,27.388496127287503,28.142920274631702,34012000
2025-08-25,27.445791244506836,27.674983438984793,27.426691439602596,27.474440951863198,19405000
2025-08-26,27.27389907836914,27.655886103270536,26.93965974853374,27.531741003224262,49407900
2025-08-27,27.75138282775879,27.770482634033065,27.216601002283504,27.216601002283504,28026200
2025-08-28,27.63678741455078,27.71318481758616,27.45534289929509,27.71318481758616,24658100
2025-08-29,27.97102928161621,28.00922707588153,27.646339833800305,27.713187339858063,26562400
2025-09-02,27.77048110961914,28.07607070740162,27.69408371017352,27.980573502730174,31571100
2025-09-03,27.732284545898438,27.77048233658007,27.168853017046718,27.703634836793892,27245400
2025-09-04,28.247966766357422,28.362563782156716,27.72273484580028,27.865979749456066,31845400
2025-09-05,28.257516860961914,28.448511281435838,28.095172149996415,28.24796695779244,25105900
2025-09-08,27.598588943481445,27.827781162064483,27.00650950083973,27.21660191250972,40649300
2025-09-09,28.095172882080078,28.247967693857518,27.531741330604074,27.598588833074476,35105500
2025-09-10,27.88507843017578,28.114270631066002,27.598586812969728,27.932826122314605,25689400
2025-09-11,28.162019729614258,28.171569632810485,27.808682418642828,27.9710271300631,23581000
2025-09-12,28.238414764404297,28.267064471589148,27.97102478317626,28.09516987139533,22794000
2025-09-15,28.28616714477539,28.44851185903704,28.171570125872773,28.276617241412023,31486400
2025-09-16,28.00922393798828,28.31481354370714,27.894626925114846,28.286165656582074,28118200
2025-09-17,28.209768295288086,28.247966085328425,27.93282657630027,28.00922397783868,25967200
2025-09-18,27.88507843017578,28.14291851776622,27.82777901385995,28.028323328049957,30142900
2025-09-19,27.70363426208496,27.990124061356163,27.62723686084879,27.942376368630203,62155700
2025-09-22,27.617687225341797,27.760932126363958,27.445792615532103,27.63678703120015,25835300
2025-09-23,27.49354362487793,27.703636036368366,27.273899488481298,27.617688726790952,28805800
2025-09-24,27.044708251953125,27.455345007851648,26.90146333794287,27.398047406539128,28858700
2025-09-25,27.025604248046875,27.45534074480955,27.016056167192257,27.216598651376422,25658500
2025-09-26,27.03515625,27.283448265028554,26.97785865313426,27.102003749919657,25455100
2025-09-29,26.80596351623535,27.063805429269443,26.624519004679023,26.977858124924747,28739600
2025-09-30,26.968307495117188,27.073354602364173,26.78686298845176,26.872810290479716,34049500
2025-10-01,26.30937957763672,26.89191090412548,26.280731690404636,26.78686379372056,38415100
2025-10-02,25.793697357177734,26.194784168214984,25.669550442010788,26.166134459763136,39597200
2025-10-03,25.841445922851562,25.99424073017476,25.774598422329884,25.80324813174965,34891700
2025-10-06,24.705034255981445,25.51675596991533,24.67638454715901,25.344863181353933,63474300
2025-10-07,24.981975555419922,25.115670561168056,24.68593583349569,24.752783336369756,43249600
2025-10-08,25.067920684814453,25.163417889810045,24.848278388344973,25.0488208795238,36913200
2025-10-09,24.9246768951416,25.28756410449417,24.915126992072093,25.067921798268728,33129200
2025-10-10,24.97100830078125,25.32814962662778,24.81656666890427,24.942050149604153,37980100
2025-10-13,24.70073890686035,24.951704038983834,24.469079209761972,24.787611523405698,36313700
2025-10-14,25.221973419189453,25.241278854715237,24.69108682970406,24.69108682970406,43644900
2025-10-15,25.164058685302734,25.279889456154425,25.038577037858744,25.144753249982845,34674000
2025-10-16,25.289541244506836,25.472937350103646,25.144752325995828,25.193015912522025,49513100
2025-10-17,25.4246768951416,25.559811262138894,25.28954252814431,25.472938643049872,61491800
2025-10-20,25.193016052246094,25.521201078174073,24.932398206761953,25.424675745653918,66161100
2025-10-21,25.144752502441406,25.318497733019758,24.999965423981976,25.241277835103556,100445700
2025-10-22,24.662128448486328,24.932399020146445,23.474871790638318,24.054021963585626,95468000
2025-10-23,23.764448165893555,24.855179504974096,23.638964675258894,24.787612321278974,107294100
2025-10-24,24.266376495361328,24.314640084259093,23.716184469400464,23.783751652789668,80553700
2025-10-27,24.642824172973633,24.68143320153339,24.10228304459627,24.208461095003894,86220400
2025-10-28,24.806917190551758,24.884137090307107,24.430468568310257,24.52699390327135,77662500
2025-10-29,24.266376495361328,25.29919336389385,24.121589410803363,25.212322586013205,102715000
2025-10-30,23.822362899780273,24.304987749966852,23.764448433256838,24.121589791396996,82167800
2025-10-31,23.88992691040039,24.12158658678527,23.65826723401551,23.774096151674225,89936800
2025-11-03,23.677576065063477,23.783752281309088,23.243212958843255,23.783752281309088,89327700
2025-11-04,23.5907039642334,23.706532901068847,23.445916872655207,23.61966027790838,75032700
2025-11-05,23.706531524658203,23.870624043204277,23.58104987686069,23.61000618885446,61112200
2025-11-06,23.880277633666992,24.121590061462012,23.44591636827659,23.44591636827659,71665300
2025-11-07,23.96714973449707,24.227767592712464,23.783751777856494,23.947844298836443,62440000
2025-11-10,23.96714973449707,24.073327789562825,23.754795465433237,23.88027711509194,52677600
2025-11-11,24.30498504638672,24.420813966549286,24.01540906384532,24.063672648135963,40962700
2025-11-12,24.758651733398438,24.83587162732412,24.5269920516214,24.55595020224384,44097000
2025-11-13,24.855178833007812,25.05788037861309,24.6717808814595,24.75865349845251,49785600
2025-11-14,24.70073890686035,25.02892393801663,24.555951826307318,24.971009474008937,37390200
2025-11-17,24.58490753173828,24.81656722312605,24.546298503707437,24.739347325996793,34519900
2025-11-18,24.710391998291016,24.874484516352204,24.459426862369924,24.652477533406962,41527600
2025-11-19,24.39185905456543,24.777958545674572,24.218113823299415,24.710391364863924,34296900
2025-11-20,24.63317108154297,24.739347289270846,24.247071596469855,24.37255323871828,44631800
2025-11-21,25.0289249420166,25.27023736630744,24.61386727766553,24.63317271346504,59017100
2025-11-24,24.72969627380371,25.11579575670236,24.546298329026516,25.08683760508463,66605900
2025-11-25,24.96135902404785,25.299194962338913,24.855180962831927,24.864833681221352,44336200
2025-11-26,24.922746658325195,25.164059080409782,24.903441222702185,24.932399376136697,27713000
2025-11-28,25.11579704284668,25.11579704284668,24.8648319058441,24.922746370977723,16345800
2025-12-01,24.893789291381836,25.067532681425593,24.662127755854968,25.048229087688018,34681900
2025-12-02,24.63317108154297,24.97100882138228,24.56560390178862,24.932397952341184,30839700
2025-12-03,24.440120697021484,24.922745519130338,24.430467979651198,24.671780390705624,29138400
2025-12-04,24.507688522338867,24.671781039815826,24.353248722486157,24.488384928158005,33035200
2025-12-05,24.401512145996094,24.749000772786733,24.372553993318697,24.478732045401525,28075600
2025-12-08,23.9768009185791,24.45942573281609,23.832013842521516,24.45942573281609,41475000
2025-12-09,23.65826988220215,24.12158928683353,23.5134827983883,23.97680220301968,41499600
2025-12-10,23.542436599731445,23.745139968306834,23.436260398160965,23.70652910150487,48955400
2025-12-11,23.455564498901367,23.851316686862248,23.42660818923972,23.610004287321832,38931800
2025-12-12,23.72583770751953,23.947844698115166,23.4266108140616,23.54243974782119,34207700
2025-12-15,23.465219497680664,23.77409910455852,23.378346878112808,23.638964736816376,37162500
2025-12-16,23.233558654785156,23.542438246537312,23.175644191598526,23.51348193547779,35702000
2025-12-17,23.51348114013672,23.600353752512003,23.24321058596166,23.272168737109265,39455100
2025-12-18,23.41695785522461,23.696879309821018,23.387999701548694,23.465219603616777,31038800
2025-12-19,23.310779571533203,23.436263061834083,23.18529792229999,23.368694037251018,89822300
2025-12-22,23.455564498901367,23.600353411479617,23.252862966999817,23.31077742739062,29049300
2025-12-23,23.610004425048828,23.677573443811006,23.416955608930863,23.436261042862913,20869100
2025-12-24,23.803054809570312,23.851316552780087,23.523133385032132,23.523133385032132,13904100
2025-12-26,23.79340362548828,23.909234394148058,23.735489161692197,23.75479459664676,16070100
2025-12-29,23.90923500061035,24.073327519751167,23.82236238217888,23.82236238217888,30322100
2025-12-30,23.947843551635742,23.996107139281424,23.870623652470275,23.909234522586818,21047900
2025-12-31,23.9768009185791,24.10228256021099,23.918886456369577,23.928539173582426,22911000
2026-01-02,23.706531524658203,23.947843943633746,23.648617059603016,23.928540349327115,28718400
2026-01-05,23.851320266723633,23.889931140157632,23.52313704787352,23.56174608023974,48958100
2026-01-06,23.494176864624023,23.677574815467835,23.04051018734472,23.667922097942622,59966200
2026-01-07,23.137033462524414,23.696878186240035,23.069466281551986,23.590701976598048,46998400
2026-01-08,23.33008575439453,23.474872843860453,23.146687792501574,23.15634051060833,43770400
2026-01-09,23.156341552734375,23.4748739003217,23.146688834193206,23.310781367257455,30811000
2026-01-12,23.183683395385742,23.339933852061197,23.066496484205338,23.203215168133266,40700100
2026-01-13,22.75399398803711,23.193449566999103,22.646572961909374,23.1348561106883,40890600
2026-01-14,23.056730270385742,23.16415129366682,22.78329104376083,22.78329104376083,51414800
2026-01-15,23.17391586303711,23.242275200145713,22.949306080351064,23.056728960180145,35919500
2026-01-16,22.93954086303711,23.105557199131727,22.841883866042814,23.105557199131727,46504800
2026-01-20,22.900480270385742,23.04696484151406,22.73446392639968,22.822355041607146,51781100
2026-01-21,22.94930648803711,23.232511589834914,22.920008830476288,22.920008830476288,40672100
2026-01-22,23.02743148803711,23.271573044043716,22.949306264621086,23.017665602278573,30388300
2026-01-23,23.037199020385742,23.09579247647268,22.75399390110283,22.949307904929142,36056800
2026-01-26,22.900480270385742,23.242276982134356,22.812589155178276,23.1446218431504,44376000
2026-01-27,22.46102523803711,22.949308395385742,22.412197667363216,22.949308395385742,72164400
2026-01-28,23.505949020385742,23.75985646545726,22.812587886371126,22.871181339033082,84121900
2026-01-29,24.541109085083008,24.541109085083008,23.857513826500295,23.877045598570394,73255300
2026-01-30,25.595800399780273,25.67392748756433,24.56064070112129,24.90243925956738,78227500
2026-02-02,25.683691024780273,26.015723690969107,25.57627000641489,25.67392700164436,66564000
2026-02-03,26.20127296447754,26.35752341875411,25.498145920232968,25.498145920232968,61110400
2026-02-04,26.58213233947754,26.855571556792427,26.25986555530212,26.455179548048793,52448300
2026-02-05,26.670024871826172,26.875104761408977,26.32822629762308,26.75791598698275,44672400
2026-02-06,26.49424171447754,26.738383278558302,26.298929580804316,26.62119637088483,37410400
2026-02-09,26.474712371826172,26.5626034857893,26.20127314364618,26.464946485535563,33057800
2026-02-10,26.767681121826172,26.943463347203732,26.445414329518087,26.445414329518087,34925900
2026-02-11,27.802839279174805,27.92979392933644,26.504006296668585,26.640726832431287,64213300
2026-02-12,28.125106811523438,28.61338992882525,27.793074142746022,27.81260591447464,70553100
2026-02-13,28.01768684387207,28.164171412029976,27.7442476173656,28.007920957641232,42687500
2026-02-17,28.00792121887207,28.379015585843458,27.95909178726244,28.08604644679512,29868900
2026-02-18,27.226665496826172,28.04698127373542,27.168072044947582,27.959090164591412,33179300
2026-02-19,27.226665496826172,27.734480380179946,27.080180935803575,27.363386034745883,31221900
2026-02-20,27.324323654174805,27.402448880887327,26.89463583858209,27.295027858315315,25383600
2026-02-23,27.85167121887207,28.15440624919718,27.37315395718,27.382919843661764,41169300
2026-02-24,27.685653686523438,28.125107383439875,27.52940323482173,27.85167002428804,34541700
2026-02-25,27.216903686523438,27.62706160832489,27.050887340493027,27.373154146004715,45550700
2026-02-26,26.816509246826172,27.392683503017185,26.76768167771942,27.32432416120679,33856800
2026-02-27,27.353620529174805,27.353620529174805,26.865337410544736,26.962994406801204,54509300
2026-03-02,27.353620529174805,27.587996202598966,27.216901852007116,27.255963532918337,39270900
2026-03-03,27.998153686523438,28.07627890985346,27.10947857264982,27.13877622989317,45891200
2026-03-04,28.30088996887207,28.388781081908817,27.55869938247972,27.802840949214612,42409300
2026-03-05,28.29112434387207,28.37901545772024,28.04698277488323,28.261828547690914,46498100
2026-03-06,27.968856811523438,28.271593690215056,27.66612179548412,28.25206191817322,37909900
2026-03-09,26.884870529174805,27.69542047220066,26.748149982505563,27.47080881076275,52145000
2026-03-10,27.060649871826172,27.28526152476263,26.80674428616287,27.002056418415588,37596500
2026-03-11,26.52353858947754,27.080181041119566,26.240335352086095,27.021587589013105,46925600
2026-03-12,26.74814796447754,26.74814796447754,26.103614413236073,26.416115303213484,32636100
2026-03-13,27.070415496826172,27.197370151086037,26.79697814177837,26.855571594624003,28076800
2026-03-16,27.080183029174805,27.168074145113035,26.826275567870187,27.080183029174805,31792800
2026-03-17,27.197370529174805,27.363386866755565,27.01182241948988,27.23643221073082,33904300
2026-03-18,26.767681121826172,27.13877734487932,26.74814934952815,27.06065025568722,34898700
2026-03-19,27.089948654174805,27.295028543601752,26.582133736467707,26.933698196826832,58624200
2026-03-20,27.646589279174805,27.959090172822275,27.18760382446161,27.18760382446161,128734200
2026-03-23,28.08604621887207,28.23253078720749,27.216902832449858,27.617294855137775,46656300
2026-03-24,28.19346809387207,28.750110551176903,27.98838821543476,28.125106892624782,41047200
2026-03-25,28.134872436523438,28.45713921644851,28.03721544143809,28.300888769372854,36571100
2026-03-26,28.24229621887207,28.525499464741905,28.14463922066953,28.388780784849732,29904500
2026-03-27,28.41807746887207,28.681750796183945,28.144638255809504,28.32042047401742,38162800
2026-03-30,28.10557746887207,28.6817517079123,28.04698215250532,28.525499393586603,35293900
2026-03-31,28.31065559387207,28.31065559387207,27.86143600929739,28.252062139938918,48632300
2026-04-01,27.646589279174805,28.291122837985778,27.402447723181186,28.271592929122,43112500
2026-04-02,27.666122436523438,27.95909157333009,27.33408975472798,27.724715891354297,34996200
2026-04-06,27.656356811523438,27.851670813007743,27.490340469057486,27.60752924247854,29396200
2026-04-07,27.382917404174805,27.82237108078981,27.265728639486134,27.62705895651166,27653000
2026-04-08,26.709087371826172,26.855571937134627,26.279397699289373,26.591898601988024,47841600
2026-04-09,26.21103858947754,26.76768106012177,26.132913363117865,26.59189883514942,41439800
2026-04-10,26.11038589477539,26.34721645626393,25.94263389378715,26.169594476221043,31990400
2026-04-13,25.271617889404297,26.04131061235663,25.064391622507667,26.021576301056903,46751800
2026-04-14,25.28148651123047,25.370295619291326,24.610470977280606,24.86703585097597,42173900
2026-04-15,25.123598098754883,25.439371544671914,25.08412759435712,25.340692460457028,33847600
2026-04-16,26.051177978515625,26.08078226785551,25.123597616149013,25.182806194828782,34901900
2026-04-17,26.159725189208984,26.258404271648754,25.69593594853311,25.8044812452846,35023800
2026-04-20,25.83408546447754,26.32747899318904,25.824217368045677,26.169593214573116,30509400
2026-04-21,25.538049697875977,26.09065183720159,25.538049697875977,25.853823155553638,44489400
2026-04-22,25.636728286743164,25.70580308227755,24.630204997721197,24.817695072848117,59711900
2026-04-23,26.258405685424805,26.40642337598039,25.6762011380454,25.77488022579814,47337900
2026-04-24,25.853822708129883,26.228800977046376,25.686068826264,26.080783288846366,30600900
2026-04-27,25.18280601501465,26.090650178005678,25.123597436757652,25.98210300001478,32633700
2026-04-28,25.71567153930664,25.962368316611972,25.538049558503275,25.597258140202424,30377600
2026-04-29,25.409767150878906,25.814349700573572,25.301219970471617,25.626859629546516,22790600
2026-04-30,25.784746170043945,26.12025393559405,25.43937218975445,25.478842695153094,44640600
2026-05-01,25.774879455566406,26.110385332464503,25.725538972090956,25.962367646332137,31493700
2026-05-04,25.755144119262695,25.794614625209572,25.478843049046333,25.587390234157592,23439500
2026-05-05,25.557785034179688,25.78474561120727,25.50844643296395,25.705802719973892,24482400
2026-05-06,25.232145309448242,25.666332151219066,25.143334321764506,25.449239671407145,34338900
2026-05-07,24.92624282836914,25.15320341381052,24.78809323412605,25.05452432557386,42986600
2026-05-08,24.82756233215332,25.06439100120244,24.788091828385276,24.89663712535761,36012900
2026-05-11,24.54139518737793,25.005184431350646,24.334168924566658,24.896637251680602,37447600
2026-05-12,24.896636962890625,25.103863223298166,24.531526806294252,24.689412584630023,33454600
2026-05-13,24.41311264038086,25.212409664780388,24.39337644665568,24.896638093765613,34609700
2026-05-14,24.32430076599121,24.64994042202374,24.32430076599121,24.511790835266595,32683600
2026-05-15,23.712493896484375,24.60060188031384,23.712493896484375,24.531527086770552,44236200
2026-05-18,24.107208251953125,24.255225934984292,23.534871830658176,23.771700499937435,38981000
2026-05-19,24.649940490722656,24.659808587253806,24.097340260007023,24.26509413674264,39383400
2026-05-20,24.600603103637695,24.94597897067573,24.462453509681303,24.61047120065559,40363800
2026-05-21,25.005184173583984,25.054522773572508,24.48218635582969,24.53152683796516,35792600
2026-05-22,24.92624282836914,25.093996713727346,24.857168031247593,25.005185722529056,25271100
2026-05-26,24.68941307067871,25.0051846335667,24.531527289234717,24.807826465688215,32461200
2026-05-27,24.56113052368164,25.015053572223156,24.55126242674084,24.600602911444835,35903300
2026-05-28,24.55126190185547,24.80782677038996,24.40324421520207,24.63020479354708,25343800
2026-05-29,24.472318649291992,24.541395325382165,24.23548997770946,24.531527228797856,88295100
2026-06-01,24.225622177124023,24.570998033206944,24.16641547904172,24.42298034692769,29675700
2026-06-02,24.31443214416504,24.383506936051223,23.929585799572333,24.31443214416504,42080300
2026-06-03,23.238834381103516,23.88024747225952,23.140157181369,23.87037937585668,51911800
2026-06-04,22.46914291381836,23.692758702585564,22.03495605904708,23.564475324469324,82536300
2026-06-05,22.449405670166016,22.735574821699768,22.29151989074979,22.597423353100357,60825900
2026-06-08,22.202709197998047,22.528348857616137,22.113898210634297,22.36059497950094,41973500
2026-06-09,22.40993309020996,22.656629853680244,22.025086741483342,22.2125768087219,52561000
2026-06-10,22.90332794189453,22.95266842673064,22.449406774284633,22.577688270564416,50622400
2026-06-11,22.696102142333984,23.06121417885531,22.686234045979685,22.8539879197089,38147600
2026-06-12,23.2684383392334,23.29804262802069,22.76517672273095,22.79478101151824,38879400
2026-06-15,22.982271194458008,23.199363666907704,22.863855920846497,23.0414778901903,48293300
2026-06-16,22.853988647460938,23.110553514401843,22.538217082655816,23.011874429863497,47609300
2026-06-17,22.143503189086914,22.57768816064861,21.95601311191657,22.528349558199746,56538300
2026-06-18,21.71918296813965,22.222444584209175,21.699446775631767,22.16323600668553,94242900
2026-06-22,21.807994842529297,22.17310500809517,21.719183854765276,21.738920048078832,68522300
2026-06-23,22.50861358642578,22.676367471412785,21.896806628576982,22.015220028481306,73551900
2026-06-24,22.07442855834961,22.63689691193191,22.015219976390487,22.53821782414709,57297300
2026-06-25,22.12376594543457,22.330990324463055,21.93627587716098,21.95601207006282,43228800
2026-06-26,22.419801712036133,22.419801712036133,22.025087257662552,22.17310494278427,85148700
2026-06-29,21.531694412231445,22.133635150868578,20.998830352211773,22.084294666141822,84994800
2026-06-30,20.42649269104004,21.462618340842635,20.298209320517778,21.442882148124298,131117200
2026-07-01,20.20939826965332,20.75213227475948,20.021910085880158,20.35741595026521,137694400
2026-07-02,20.30807876586914,20.712661332735355,19.62719512903332,20.42649404789813,129300400
2026-07-06,20.30807876586914,20.633718438765044,19.982439092973237,20.47583265082443,113634400
2026-07-07,20.81134033203125,20.988962313244134,20.584379748102364,20.643586447790977,66469400
2026-07-08,20.840944290161133,21.146847762839187,20.53503893533606,20.69292472008261,63946700
2026-07-09,20.762001037597656,20.79160344538219,20.456095688079593,20.64358576001857,50847700
2026-07-10,21.1299991607666,21.260000228881836,20.6200008392334,20.6200008392334,49781900
2026-07-13,21.549999237060547,21.6299991607666,21.239999771118164,21.3799991607666,65496400
2026-07-14,21.280000686645508,21.559999465942383,21.25,21.420000076293945,53556100
2026-07-15,21.43000030517578,21.709999084472656,21.25,21.31999969482422,75068600
2026-07-16,21.979999542236328,22.18000030517578,21.5,21.510000228881836,85226600
2026-07-17,21.809999465942383,22.770000457763672,21.670000076293945,22.3799991607666,79330400
2026-07-20,21.950000762939453,22.040000915527344,21.540000915527344,21.600000381469727,87678100
2026-07-21,22.260000228881836,22.389999389648438,21.700000762939453,21.93000030517578,139856700
2026-07-22,23.040000915527344,23.649999618530273,22.729999542236328,23.3799991607666,187291400
2026-07-23,22.959999084472656,23.469999313354492,22.649999618530273,23.25,103562100
2026-07-24,24.1299991607666,24.1299991607666,23.0,23.0,80670900
2026-07-27,24.420000076293945,24.520000457763672,24.030000686645508,24.1299991607666,74458300
2026-07-28,24.65999984741211,25.31999969482422,24.600000381469727,24.84000015258789,57350500
2026-07-29,23.940000534057617,24.670000076293945,23.600000381469727,24.639999389648438,77480900
2026-07-30,23.209999084472656,23.6200008392334,23.139999389648438,23.40999984741211,49433700
2026-07-31,23.25,23.459999084472656,22.920000076293945,23.170000076293945,58149000
2026-08-03,23.59000015258789,23.75,23.299999237060547,23.65999984741211,53816900
2026-08-04,23.3799991607666,23.459999084472656,23.020000457763672,23.350000381469727,55823300
2026-08-05,23.059999465942383,23.280000686645508,22.549999237060547,22.65999984741211,66801800
2026-08-06,23.709999084472656,23.709999084472656,23.209999084472656,23.459999084472656,47689400
2026-08-07,23.790000915527344,23.90999984741211,23.350000381469727,23.5,34887000
2026-08-10,24.049999237060547,24.09000015258789,23.469999313354492,23.579999923706055,42877500
2026-08-11,24.5,24.5,23.979999542236328,24.020000457763672,35144000
2026-08-12,24.25,24.450000762939453,24.100000381469727,24.329999923706055,32522200
2026-08-13,24.579999923706055,24.68000030517578,24.219999313354492,24.280000686645508,35277700
2026-08-14,24.889999389648438,24.969999313354492,24.579999923706055,24.649999618530273,27109300
2026-08-17,24.68000030517578,25.010000228881836,24.6200008392334,24.75,36794800
2026-08-18,24.899999618530273,25.229999542236328,24.899999618530273,25.040000915527344,34303300
2026-08-19,25.1200008392334,25.479999542236328,24.850000381469727,24.989999771118164,29973400
2026-08-20,25.149999618530273,25.270000457763672,25.040000915527344,25.059999465942383,25231400
2026-08-21,25.290000915527344,25.549999237060547,25.170000076293945,25.200000762939453,30363300
2026-08-24,25.690000534057617,25.770000457763672,25.209999084472656,25.459999084472656,26268500
2026-08-25,25.770000457763672,25.8700008392334,25.43000030517578,25.579999923706055,28823000
2026-08-26,25.8700008392334,26.020000457763672,25.719999313354492,25.81999969482422,26372000
2026-08-27,25.43000030517578,25.59000015258789,25.280000686645508,25.5,26110900
2026-08-31,25.889999389648438,26.239999771118164,25.860000610351562,25.920000076293945,37385800
2026-09-01,26.0,26.31999969482422,26.0,26.09000015258789,32807800
