Date,Close,High,Low,Open,Volume
2018-01-02,57.81114959716797,57.926729859630996,56.87970194570216,56.988481843561964,11469300
2018-01-03,58.94657516479492,59.13014872536767,57.668381355003135,57.899547100324526,13957700
2018-01-04,59.02815628051758,59.300113809485794,58.762999116242135,59.007760373597684,10863000
2018-01-05,58.980567932128906,59.06895193024083,58.2734803857573,58.98056793212891,11047600
2018-01-08,59.24571990966797,59.252520274205025,58.878578032041354,58.94656611593703,10927100
2018-01-09,58.994163513183594,59.25252551686866,58.91257988015359,59.10974897190738,8131600
2018-01-10,58.5250244140625,59.27970391497549,58.457036344652465,59.15052295208638,10822300
2018-01-11,59.10296630859375,59.40212021839288,58.42307483153051,58.71542837415412,14366000
2018-01-12,59.50408935546875,59.823639123597246,59.27292878364098,59.28652432844756,9834500
2018-01-16,59.13013458251953,59.66724921744868,58.87857298778324,59.65364848953976,10882800
2018-01-17,59.83042907714844,59.97320561498716,59.102945658355814,59.286514010674594,10546000
2018-01-18,59.442901611328125,59.959620495585895,59.3817086918121,59.67406218311012,9223700
2018-01-19,59.252540588378906,59.66727478563602,58.88539858488112,59.53809375093493,13090000
2018-01-22,60.00039291381836,60.02758918179063,59.18452562328108,59.26610924004017,10270400
2018-01-23,60.03439712524414,60.14317702370956,59.653654512719214,60.00040048919711,10281800
2018-01-24,60.1907844543457,60.455941683797114,59.83724321079705,60.16358817604816,10316100
2018-01-25,60.08199691772461,60.4219425726434,59.96641145281134,60.20437756098173,11271900
2018-01-26,60.51031494140625,60.51031494140626,60.14997344641957,60.26555370195152,10514400
2018-01-29,59.83721923828125,60.71427941015252,59.79642224359954,60.23155214771523,9315700
2018-01-30,59.00096893310547,60.08879402635906,59.00096893310547,59.51768779758563,12408000
2018-01-31,59.354515075683594,59.47009535665473,58.695019656840124,58.85139175764597,14404700
2018-02-01,60.55791473388672,60.68029536900804,59.38850092876269,59.49048565589024,17971000
2018-02-02,57.471195220947266,58.47743635524645,56.43096264313351,57.879128853225154,29822100
2018-02-05,54.200931549072266,57.104064918637576,53.1199017588821,56.62134275119972,30452700
2018-02-06,53.269474029541016,54.62925641797682,52.28363387278832,53.3782591104518,36262800
2018-02-07,52.31083679199219,53.990169085107475,52.29723606157054,53.330673712945554,21994500
2018-02-08,51.71933364868164,52.74597101699018,51.69213737282111,52.65078664505792,25650800
2018-02-09,52.04899978637695,52.52979338229649,50.75773588801602,52.3718170710172,29491600
2018-02-12,52.488590240478516,53.312805760911075,52.09021966761284,52.92130509177099,19340400
2018-02-13,52.40618133544922,52.71525893344068,52.0146805992324,52.26880943840696,11926600
2018-02-14,52.516056060791016,52.653427911920396,51.63002727175767,52.05587214995828,17188400
2018-02-15,52.34434509277344,52.68089695714815,51.822342539722655,52.625953456985144,14432400
2018-02-16,52.571014404296875,52.96938498504126,52.097090601680236,52.303145795913885,13722400
2018-02-20,52.028419494628906,53.209791706404694,51.82923415750834,52.52294788469342,13387300
2018-02-21,51.43772888183594,52.502338808289714,51.42399431229422,52.07649378966779,11715000
2018-02-22,52.10396957397461,52.77707354391253,51.64378549898817,51.71933873401009,14020200
2018-02-23,53.250999450683594,53.31281811814037,52.16578497935254,52.26194269299429,13378800
2018-02-26,54.150753021240234,54.21257167712274,53.271593952432895,53.395226023996514,16940400
2018-02-27,53.230384826660156,54.85820622331568,53.230384826660156,54.26065033943423,14629500
2018-02-28,52.02153396606445,53.74551290807164,51.9940595926228,53.6836994979786,17087800
2018-03-01,51.65064239501953,52.66717334228831,51.41711806022346,51.87730206599317,15696700
2018-03-02,51.89104461669922,52.11083439526584,51.156122053348156,51.43772525079211,15630300
2018-03-05,52.385555267333984,52.58474052571325,51.59568937677536,51.671242586512335,14891000
2018-03-06,52.323753356933594,52.87323041386826,52.10396358220004,52.660305303200246,10754300
2018-03-07,51.0050048828125,51.678108645677575,50.52421124056545,51.51326765643315,27255500
2018-03-08,50.90885543823242,51.355299637985,50.613512446281455,51.169854150109465,19299800
2018-03-09,51.2110481262207,51.554469865780014,50.97065395656916,51.38962889804751,19714100
2018-03-12,51.67810821533203,51.911637751667456,51.3003473997843,51.42397945073822,14226700
2018-03-13,51.190460205078125,52.07648920833044,50.9981448072004,51.739937262044414,13739700
2018-03-14,50.55168914794922,51.36903472879758,50.50361030438172,51.26600713823839,14820700
2018-03-15,51.11490249633789,51.51327306569419,50.895112740865635,51.06682365108462,15640600
2018-03-16,51.59569549560547,51.59569549560547,51.073692868299375,51.073692868299375,32109700
2018-03-19,50.929466247558594,51.52015230496202,50.73028092678747,51.5132824000521,12744800
2018-03-20,50.81956481933594,51.30722322637443,50.79209044201243,50.977541178895684,13003200
2018-03-21,51.540748596191406,51.95285374192009,50.81269599739736,50.98440691146775,15418500
2018-03-22,50.48299026489258,51.30720025477028,50.40743707113054,51.11488493981211,17737000
2018-03-23,50.06403350830078,50.97066692174558,49.91292706602645,50.695928412174176,20157300
2018-03-26,50.82644271850586,50.92947033962441,49.96788794285542,50.58604842936423,15032700
2018-03-27,50.62036895751953,51.43771448178919,50.33189591608338,50.82642412437425,15821900
2018-03-28,50.00909423828125,50.83330992323728,49.98848976319273,50.64785916703624,18163900
2018-03-29,51.24540328979492,51.43771866639777,50.31816544391632,50.36624428806704,14882900
2018-04-02,50.290706634521484,51.101182572610675,49.562653843428734,51.01188951998054,17891100
2018-04-03,51.527000427246094,51.60942353909749,50.20826207882602,50.44865627147545,15999200
2018-04-04,51.42399215698242,51.55448890286646,50.441805409551066,50.86078050574078,13122200
2018-04-05,52.2138671875,52.419922438644974,51.52702333728704,51.55449772011988,14200000
2018-04-06,51.42399215698242,52.28254682291186,50.97754268265875,51.952859525506156,14299600
2018-04-09,51.42399215698242,52.05588713345805,51.37591330529845,51.6643864154023,11103100
2018-04-10,52.93503952026367,53.415827975771506,52.241325971429944,52.255065778845115,19006100
2018-04-11,53.18230438232422,53.601279430822984,52.715250487614185,52.96251462247251,13734000
2018-04-12,53.03807830810547,53.669973337326894,52.893841741013766,53.477657914537964,13270400
2018-04-13,53.46391677856445,53.70431629129207,53.29907574029013,53.4364476390205,10925000
2018-04-16,53.9447021484375,54.31559835684647,53.37462064809401,53.656229066408734,10743600
2018-04-17,53.80046081542969,54.09580377506767,53.601275541236554,53.94469734359696,10478100
2018-04-18,54.41176223754883,54.782658488129215,54.21944682766312,54.28813015402203,12061400
2018-04-19,54.54912567138672,54.82386420081226,54.13015059305814,54.48044234908074,11291500
2018-04-20,54.26063537597656,54.53537381832529,53.8004514981574,54.480425081815554,12072200
2018-04-23,54.65215301513672,54.672757487710406,54.08894139058253,54.20570356196779,11729800
2018-04-24,53.8141975402832,54.89941173691743,53.55319884649313,54.810123951194754,14102000
2018-04-25,54.60405731201172,54.68648041706787,53.22350043347091,53.711158681269914,13867500
2018-04-26,55.53818130493164,55.565655681411386,54.624677937735896,54.67275678652506,14554400
2018-04-27,53.4295654296875,54.02025135769317,52.52980197106997,52.85261406829086,16346800
2018-04-30,53.40208435058594,53.958425931908025,53.39521444804362,53.51198183046205,15028800
2018-05-01,52.85262680053711,53.0655519357778,52.18639273538401,53.0655519357778,16231000
2018-05-02,52.74958801269531,53.04493095595105,52.40616622938402,52.50918857221697,13883700
2018-05-03,52.571014404296875,52.61909325092456,51.78801305053102,52.46798680718005,12243100
2018-05-04,52.81827926635742,53.03806903112988,52.15890997204004,52.28940670599156,9887200
2018-05-07,53.395233154296875,54.31560652999797,53.16170878804862,53.39523315429687,15071500
2018-05-08,53.6356315612793,53.68371565942857,52.45426458884385,53.436451464215864,17430400
2018-05-09,54.8994026184082,55.11232243218255,54.22629366489547,54.246903372209275,17142100
2018-05-10,56.12886428833008,56.176943134540586,55.290914191345806,55.38707188376683,17710300
2018-05-11,56.39250946044922,56.87123694309094,56.13580481650635,56.32312997001374,14751000
2018-05-14,56.774105072021484,57.11406828331595,56.621467015799034,56.68390696971775,11852100
2018-05-15,56.74637222290039,56.91288411870331,56.4757884072265,56.787998873521694,12595700
2018-05-16,56.90592575073242,56.92674436247256,56.316192124345356,56.72554012884573,9570000
2018-05-17,56.80878448486328,57.086307704691215,56.50351370703618,57.0308020020626,11224100
2018-05-18,56.40639114379883,56.75329390533925,56.37863828767766,56.57984252456903,10030900
2018-05-21,57.08631134033203,57.134877509896306,56.55901771840885,56.70472152041716,8822400
2018-05-22,56.642276763916016,57.34302175362956,56.441072547332304,57.19732324368594,10753400
2018-05-23,56.99610900878906,57.051614705672826,55.89989531525054,56.163539435476494,15140900
2018-05-24,55.691749572753906,56.44800010867064,55.46973208660957,56.44106057348395,13360500
2018-05-25,54.60941696166992,55.039578172434794,54.17925575090506,55.00488578856286,14562000
2018-05-29,54.40822982788086,54.623313147311244,53.79074331335245,54.22090465889698,14644800
2018-05-30,56.5451545715332,56.65616600473548,54.963278701616034,54.98409202201234,16627500
2018-05-31,56.3647346496582,56.57981786753663,55.983144954247116,56.06639819301344,15803100
2018-06-01,56.774105072021484,57.13488160128886,56.57984037985322,56.80185792709065,9906100
2018-06-04,56.177425384521484,57.25976013969904,56.06641397716212,56.926736504251444,10954700
2018-06-05,55.97623062133789,56.64922283536462,55.78890545646301,55.913785370835505,12059300
2018-06-06,56.93368148803711,56.95449480751471,56.10805648663353,56.53127829373224,11603300
2018-06-07,57.502593994140625,57.787056770439925,57.280576461086625,57.398527410924316,13502500
2018-06-08,58.002132415771484,58.04376434068601,57.23894750766567,57.66216923997545,14350400
2018-06-11,57.65522384643555,58.13395123445413,57.537278206676255,58.085385071417086,10831600
2018-06-12,57.183441162109375,58.10620363652386,57.11406167911687,57.66216859339355,12351800
2018-06-13,56.55207061767578,57.30831584228484,56.524317770903764,57.19730974851103,12049300
2018-06-14,56.81572341918945,57.100186172161536,56.54513973838509,56.85041580629364,11477300
2018-06-15,55.962345123291016,56.767156620651896,55.85827325645326,56.69777714053174,23797500
2018-06-18,56.0733642578125,56.461893671386896,55.712587701395734,55.7819671976317,9192600
2018-06-19,55.990108489990234,56.170499423889645,55.303242444222406,55.42812766102715,8759700
2018-06-20,55.816654205322266,56.28844218957699,55.691768994980826,56.09417748311615,8917700
2018-06-21,55.28934860229492,55.76807068193271,55.03957825930363,55.51830033894142,10990700
2018-06-22,56.46189880371094,56.850433545918975,56.14274885736212,56.30926601544417,16012200
2018-06-25,55.32405090332031,56.364759187470966,55.01878007275771,56.045609282196025,10557200
2018-06-26,55.94846725463867,56.2051771592512,55.48361890518895,55.60850408941732,10382800
2018-06-27,56.69083786010742,57.22507097540271,56.239863297320696,56.239863297320696,12725900
2018-06-28,56.87123489379883,56.9406143817343,56.21905606191103,56.70472306409057,9390700
2018-06-29,57.398521423339844,57.96050208734643,57.093245362242456,57.20425147053198,17323200
2018-07-02,56.72553253173828,56.98223714901108,56.42025645355953,56.81572533060233,9998300
2018-07-03,57.05855178833008,57.89805564556,56.94754568235097,57.294448365172336,7197300
2018-07-05,57.107120513916016,57.42627036123039,56.92673492194383,57.30138517807997,9035700
2018-07-06,57.12101364135742,57.37771831360402,56.65616518153905,56.864303675794424,7637100
2018-07-09,57.51647186279297,57.676044149259496,57.28057526137385,57.454026620855544,7158600
2018-07-10,58.043766021728516,58.36291589096804,57.93969414640106,58.07151358138807,8806200
2018-07-11,57.301395416259766,57.95357429960665,56.91286601851237,57.60667153924189,10405300
2018-07-12,57.37077331542969,57.75236313003015,57.10712386148221,57.59279084367654,9762200
2018-07-13,57.80093765258789,58.106213783040566,57.280583499306935,57.36384206942571,8720000
2018-07-16,57.232017517089844,57.44016129643312,56.89205428459095,57.252830836360936,8306900
2018-07-17,57.107120513916016,57.412396582353715,56.91979538584795,57.0724334200668,7373300
2018-07-18,57.04469299316406,57.114072489288255,56.5382126141566,56.75329593345272,8711900
2018-07-19,56.89898681640625,57.32220856719633,56.69778259936543,57.03080625333155,8659100
2018-07-20,56.47574996948242,56.84346591521474,56.37167812044339,56.69776744388575,9196300
2018-07-23,56.47574996948242,56.892032072324405,56.32311196333373,56.85733969154002,8425900
2018-07-24,57.59278869628906,57.59972293921778,56.53126726352228,56.559014821867564,11121000
2018-07-25,57.995216369628906,58.09928828409528,57.2459102307694,57.59281308344568,9523600
2018-07-26,58.446170806884766,58.557182221919405,57.842563440909686,58.16171331916084,13210100
2018-07-27,56.8365592956543,57.15570926910349,56.06643457740967,56.177446025557494,18220800
2018-07-30,56.7116584777832,56.982242191635855,55.99703968000234,56.982242191635855,11282800
2018-07-31,56.55207061767578,56.99610557939958,56.50350445915331,56.64226339969915,11716800
2018-08-01,55.7750129699707,56.149668502947506,55.65706732810251,56.12191565309942,8936300
2018-08-02,55.44200897216797,55.6848398776015,55.122853732664765,55.428129895676484,8364300
2018-08-03,55.643192291259766,55.71257706756856,55.24772341554981,55.483620009706144,7811100
2018-08-06,55.629329681396484,55.802781070364006,55.32405354295242,55.677895858574736,10041800
2018-08-07,56.385555267333984,56.60757275500888,55.719502804309286,56.13579022534986,10698100
2018-08-08,56.010921478271484,56.35782423529621,55.747271995210454,56.21212041922775,7275000
2018-08-09,55.72645950317383,56.13580751505818,55.58076097826058,56.01092230894452,9828500
2018-08-10,55.67035675048828,55.74045182549676,55.27782005211164,55.73344606153391,12954300
2018-08-13,55.06755065917969,55.9016968119696,54.97642756141216,55.69140615815103,10308500
2018-08-14,54.89230728149414,55.42503965407965,54.73108909041887,55.36896143635208,8005900
2018-08-15,53.9319953918457,54.60491798811654,53.630581644232514,54.52080065811516,16307800
2018-08-16,54.67500305175781,54.74509813993399,54.11423165052353,54.17030986022944,11519900
2018-08-17,54.85725402832031,55.01847219477367,54.53481234750123,54.91332688957101,10178400
2018-08-20,55.2427864074707,55.37597083346564,54.794171375387066,54.85726070535262,8152100
2018-08-21,55.2568244934082,55.78254588637321,55.14466802924334,55.4110369576776,9192200
2018-08-22,56.04890060424805,56.11198994234352,55.38999485125436,55.45308418934983,10098200
2018-08-23,55.43206024169922,55.817586021658514,55.305886904205565,55.76851890973955,7203900
2018-08-24,55.810585021972656,56.11199883462814,55.670389441717454,55.740484557887775,6545200
2018-08-27,56.35730743408203,56.40637452670181,55.97878757048148,56.013837785743604,6671900
2018-08-28,56.2732048034668,56.65172476579353,56.21712658358578,56.48349545406389,8823400
2018-08-29,56.679752349853516,56.80592564497164,56.14702006514231,56.38534977721534,8004800
2018-08-30,56.434417724609375,56.6236749961875,56.161043139045205,56.39235639366016,7450900
2018-08-31,56.196109771728516,56.39938934831692,55.91572396443711,56.245176886910926,10700000
2018-09-04,56.28023147583008,56.560617304830565,55.943767411446515,56.36434882890469,8855000
2018-09-05,57.03024673461914,57.07931384176301,55.79655259339873,56.00684325139449,13878400
2018-09-06,56.39939498901367,57.226530261894986,56.31527763403905,56.855021302941644,13320600
2018-09-07,57.359703063964844,57.42979817155482,55.95076840537658,56.18208707354601,16417800
2018-09-10,57.275577545166016,57.99756721125396,57.24053267033361,57.64708637545102,10817900
2018-09-11,58.08169174194336,58.31301040576679,57.21950642583503,57.45082508965846,11891900
2018-09-12,58.27094268798828,58.72656885078161,58.08869650120153,58.35506001506055,11556300
2018-09-13,57.703163146972656,58.35505769914995,57.48586674555123,58.28496260332817,11162700
2018-09-14,58.123748779296875,58.28497233974082,57.66812255847413,57.77326789372767,9442600
2018-09-17,58.46721267700195,58.60740286515968,58.172804725210135,58.179815838991885,8403300
2018-09-18,58.62144470214844,58.97192566966846,58.49527133992463,58.810707419441734,9219900
2018-09-19,59.322391510009766,59.42052572805799,58.62844086869343,58.62844086869343,10413600
2018-09-20,59.455570220947266,59.820067945985315,59.2593018037796,59.48360933024454,11198200
2018-09-21,59.7009162902832,59.88316785895882,59.24529004255126,59.58876518119266,26639400
2018-09-24,60.70329666137695,61.04676647906675,60.08645214317074,60.13551925998357,13549500
2018-09-25,60.63320541381836,61.23603308622825,60.542082290468954,61.004714371670154,12200700
2018-09-26,60.128501892089844,60.633195239926586,60.06541789756729,60.2967312253974,10275500
2018-09-27,60.12147521972656,60.549062231673055,59.99530191541591,60.3457827220663,7895400
2018-09-28,59.59575653076172,60.233634192846935,59.57472853713921,59.756980061722544,9884900
2018-10-01,60.14952087402344,60.30373330140356,59.76399515348641,59.827079138552854,8566900
2018-10-02,60.60515594482422,60.752357279516595,60.01635060605473,60.14252394263592,8453100
2018-10-03,60.38785934448242,60.90656957223683,60.268697123550766,60.64020601699301,10206700
2018-10-04,59.9882926940918,60.33877348055238,59.756974091528846,59.932214484759136,10204600
2018-10-05,59.820068359375,60.07241499688108,59.53267684594011,59.79904036423505,9217400
2018-10-08,60.37382507324219,60.49999838433423,59.336404824630215,59.4345390279337,13242400
2018-10-09,60.64020919799805,60.899561651523086,60.10046559595936,60.549080737752526,10177900
2018-10-10,59.24527359008789,60.85748745037567,59.2312567108119,60.79440347176463,16573400
2018-10-11,57.1984748840332,58.99994627796952,56.89706113261599,58.83872807832396,20320100
2018-10-12,57.04426574707031,57.64709328473623,56.26619777049951,57.56998706378498,15216300
2018-10-15,56.65172576904297,57.296609265354704,56.65172576904297,57.044262619334724,10558800
2018-10-16,56.9180908203125,56.967157927912744,56.08394999110832,56.4344308590854,9781800
2018-10-17,57.128379821777344,57.1423967030075,56.3152616646775,56.73584297237106,12247700
2018-10-18,57.373722076416016,57.80832031627131,56.91809583829441,56.91809583829441,17448600
2018-10-19,57.45783615112305,57.80130591508053,57.13539438423649,57.24053971750497,12098700
2018-10-22,56.88303756713867,57.60502719320376,56.52554563702124,57.47885388539248,9474100
2018-10-23,55.96477508544922,56.39937322994283,55.1797014668968,56.11898750278286,15465100
2018-10-24,54.40863800048828,56.25917608384615,54.35957090539593,56.16804765873729,16085700
2018-10-25,54.89230728149414,55.41102277360435,54.492759339033306,55.01848059742457,12315500
2018-10-26,54.345550537109375,54.9624001512559,53.946002649724676,54.58388025564211,18160100
2018-10-29,54.00910186767578,54.976427101743546,53.42730236516729,54.724080458436575,15707000
2018-10-30,55.221763610839844,55.397004041363154,54.268455240959945,54.408650794126714,17758200
2018-10-31,55.852638244628906,56.322281382321464,55.305888878609004,55.61430844400411,16629100
2018-11-01,56.54657745361328,56.60265567152387,55.58626337448222,55.95777220929175,14159300
2018-11-02,57.44379425048828,57.794275009424545,56.2381449319936,57.31061519867264,19350400
2018-11-05,57.22650909423828,58.0886942830886,57.08631890238421,57.82933654545424,15815000
2018-11-06,57.471839904785156,57.54894610837425,57.02322491003725,57.296599505339486,9063200
2018-11-07,58.20085906982422,58.27796529787179,57.24054479890966,57.62607059123324,12699800
2018-11-08,57.275577545166016,58.70553999699156,57.15641534449217,58.270941835347195,16865500
2018-11-09,57.26142120361328,57.636696117771756,56.42590132973868,56.82949959241637,15070100
2018-11-12,56.52503967285156,57.87036923774461,56.454233990936615,57.82080472019142,11906600
2018-11-13,55.229270935058594,56.53919487040063,54.97436617549586,56.50379473287224,15530200
2018-11-14,54.797340393066406,56.00105291632121,54.34417765004394,55.838200425426955,18552100
2018-11-15,55.36379623413086,55.36379623413087,53.749403295268216,54.28753067347177,18976000
2018-11-16,55.90900802612305,56.07186592477979,55.30006955621277,55.49125080255443,13704900
2018-11-19,56.093116760253906,56.19224579318633,55.53374270177684,55.55498386567277,9430800
2018-11-20,54.499969482421875,55.86654030306586,54.07512996039386,55.52666544416688,15533700
2018-11-21,54.91771697998047,55.49833214993334,54.70529995807185,54.825670144032735,9685300
2018-11-23,53.45201110839844,53.95473835736024,52.892637166056886,53.84853255993072,10875400
2018-11-26,54.507049560546875,54.74778996625822,53.89811095511213,53.983075614950295,13741100
2018-11-27,54.556610107421875,54.83983282243186,54.09636509234013,54.216735286432076,10344500
2018-11-28,55.54789352416992,55.54789352416992,54.40790441063738,54.54952115270355,11482100
2018-11-29,55.97982406616211,56.31261671046168,55.363808696790485,55.38504986095817,10255200
2018-11-30,56.291358947753906,56.362164608143566,55.45583919005442,55.54788600834842,14040100
2018-12-03,57.509254455566406,57.67918917618786,56.744540109578814,56.8153457929938,19415100
2018-12-04,56.24179458618164,58.02612208224955,56.18514789687774,57.622523874679096,18540700
2018-12-06,55.50543212890625,55.54083767830274,54.46457164133848,55.2292861304244,23218100
2018-12-07,54.974361419677734,56.90030592437121,54.75486221875911,56.2134795706403,16224700
2018-12-10,54.195499420166016,55.13014851658316,52.96346320264512,55.13014851658316,17946200
2018-12-11,54.294639587402344,55.087677474994365,53.58657178130796,55.01686637268201,15742400
2018-12-12,53.82729721069336,55.37088481300617,53.82729721069336,55.25759680477447,14559800
2018-12-13,54.507049560546875,54.67698428235062,53.777735350129056,53.8343820581061,13749700
2018-12-14,53.5157470703125,54.42915486395279,53.168790079045834,54.322943650343134,12669300
2018-12-17,52.425331115722656,53.52991495604842,52.02881494783703,53.28917454044004,15464100
2018-12-18,50.980873107910156,52.297879428701386,50.71180933349549,52.135021484892704,18681200
2018-12-19,50.11701965332031,51.88010631660752,49.77715025906396,51.29949114947018,21679600
2018-12-20,48.59467697143555,50.032058723266964,48.184001873039314,49.6284550091435,28723700
2018-12-21,48.23356246948242,49.82671442457069,47.91492883718882,48.24772144325862,47287300
2018-12-24,46.3855094909668,47.81580365068653,46.33594497558361,47.34848184880609,14262800
2018-12-26,48.601768493652344,48.615932873426175,45.77657976711603,46.85992252830743,24887700
2018-12-27,48.814170837402344,48.814170837402344,46.789097535331706,47.96448667169304,22077000
2018-12-28,48.26897048950195,49.267348470791845,48.021147891988406,48.98412032986459,19710600
2018-12-31,48.28312301635742,48.962867146459374,47.907848117646296,48.3751698436612,15807000
2019-01-02,49.3452262878418,49.472678655177376,47.624622029874665,47.68834551247927,16727200
2019-01-03,48.58759307861328,49.74174114183636,48.40349401873143,49.56472426944548,13866100
2019-01-04,50.378997802734375,50.463962435418594,49.11155647797988,49.30981449041063,16043600
2019-01-07,50.64097595214844,51.05165632347491,50.08868426759747,50.449800139082846,10844200
2019-01-08,51.00918960571289,51.398623537210185,50.93838392745219,51.36322339914333,11439000
2019-01-09,51.27824783325195,51.40570020127511,50.7330382268968,51.40570020127511,13473500
2019-01-10,51.016265869140625,51.037507029939185,50.35776287375356,51.03042484229755,13151100
2019-01-11,50.78261184692383,50.90298204883823,50.322366801932276,50.87465869507119,9790100
2019-01-14,50.71887969970703,50.825090918994235,50.357769117108354,50.42149260740447,11012400
2019-01-15,50.74720001220703,51.23576835038967,50.49937745013131,50.94545806186761,10298300
2019-01-16,50.7259521484375,51.2499205536207,50.49228859129632,50.570176443676715,12595600
2019-01-17,51.072914123535156,51.221607671513695,50.201993999356986,50.40733425193509,10141700
2019-01-18,51.681861877441406,51.89428435637745,51.07292320009467,51.88011997664675,15759200
2019-01-22,50.90296936035156,51.4835844625287,50.75427584173467,51.25700309099923,15035600
2019-01-23,50.4852294921875,51.193297196694324,50.22324249675395,50.987956914132,13187200
2019-01-24,50.55602264404297,50.95962091943217,50.01788980948186,50.343600224521694,11272500
2019-01-25,50.78261184692383,51.17204580643409,50.65515945603582,51.03043443972624,8996200
2019-01-28,50.44273376464844,50.47105711659669,49.826718416686845,50.28695802999658,13678400
2019-01-29,50.6339111328125,51.11539727452681,50.61266997102205,50.768440291527526,10513200
2019-01-30,51.18620300292969,51.384461049355906,50.633911187277604,50.818004857743894,11524700
2019-01-31,51.88719940185547,52.035892968336775,50.99503260083984,51.18621390212135,19876700
2019-02-01,53.75648880004883,54.160087100231394,52.62358176463523,53.04842122764947,22968700
2019-02-04,52.977603912353516,53.64318901286923,52.68021689378824,53.64318901286923,15483800
2019-02-05,53.522830963134766,53.558236506414744,53.112155832575276,53.23252603632327,12786700
2019-02-06,53.28916549682617,53.650276058955285,53.1971132576693,53.515746897469164,10866900
2019-02-07,52.87848663330078,53.23960260857413,52.326194790016174,53.06966250131204,14418900
2019-02-08,52.964393615722656,53.028824559865974,52.0694829775029,52.806888469459814,11959500
2019-02-11,53.050296783447266,53.13621016336763,52.54914905582991,52.89279165131022,10434800
2019-02-12,53.981014251708984,54.0168074022726,53.565774378040885,53.751917332116484,12599200
2019-02-13,54.58955764770508,54.79717760437481,54.059771994676545,54.10988677993462,13214600
2019-02-14,54.60386276245117,54.87591908057665,54.20294456155152,54.596707410364274,12772900
2019-02-15,55.63481521606445,55.67061383371417,54.947524361586765,55.0835525541331,14330300
2019-02-19,56.007102966308594,56.18608513607398,55.448674008474626,55.527426600139584,13551500
2019-02-20,56.221866607666016,56.42232572220364,55.842425360562494,56.05720610448206,12633100
2019-02-21,55.71355056762695,56.31493329304299,55.563206251798064,55.99276222018067,10266000
2019-02-22,56.14310836791992,56.52254957674047,55.57036887875518,56.35072827620111,9519300
2019-02-25,56.20038604736328,56.45095992458103,55.985605317118996,56.15027127191973,9274400
2019-02-26,56.31494140625,56.65142323085747,56.121637642263536,56.329257573681716,10990600
2019-02-27,56.894840240478516,57.095299351727085,56.31493988835214,56.47243957426093,12398200
2019-02-28,56.57981872558594,57.09528803064501,56.3507218635708,56.88050733283705,14597900
2019-03-01,57.27427673339844,57.27427673339844,56.579825254069874,56.83039912235836,15419400
2019-03-04,57.49622344970703,57.66805024442272,56.56551955778795,57.44610866677371,18089900
2019-03-05,57.41032028198242,57.56066464326745,57.09530992761256,57.36020549488741,13745500
2019-03-06,56.75881576538086,56.830407529468275,55.74219851387564,56.45096626391362,18633600
2019-03-07,57.388824462890625,57.460416212088674,56.78744175300626,56.95210769205209,16541700
2019-03-08,56.56551742553711,56.78745353271851,56.021410186984376,56.47960403141779,16211300
2019-03-11,57.116790771484375,57.48191593761367,57.0237220069074,57.25997978864415,11060900
2019-03-12,57.27427673339844,57.689516550619736,57.19552416592196,57.353029300874915,11320000
2019-03-13,57.782588958740234,57.81838756881555,57.41746389195587,57.69667557182009,10260200
2019-03-14,57.58930206298828,57.925789400725016,57.524865644520645,57.84703681265463,9976700
2019-03-15,57.38166046142578,57.66803290440851,57.34586185776543,57.40313743878198,25316400
2019-03-18,58.0474739074707,58.16918042021515,57.589280184821014,57.589280184821014,9840600
2019-03-19,57.89714431762695,58.706141619935416,57.73247834634398,58.40545293717667,13936500
2019-03-20,58.21929931640625,58.64885527908866,57.67519218388832,57.81122033254291,13133600
2019-03-21,58.55580520629883,58.627396979205265,57.84703736895142,57.854192722770556,10117000
2019-03-22,57.61792755126953,58.30521824947084,57.48906020397548,58.154873921311264,12497700
2019-03-25,57.21701431274414,57.58930025595937,56.980756555946236,57.274289913562164,11320400
2019-03-26,57.96155548095703,58.183491509793264,57.40313227156293,57.51052261077708,9472800
2019-03-27,57.517704010009766,58.21215566105418,57.14542352251382,57.96874254655722,7258700
2019-03-28,57.80406188964844,57.83986049721537,57.2885925284482,57.295753342381715,7412300
2019-03-29,57.84703826904297,58.333869979324795,57.61794131491636,58.226479587243084,10889200
2019-04-01,58.512840270996094,58.548633419691406,58.04748564114791,58.15487601143612,10816400
2019-04-02,58.262264251708984,58.6703433124618,58.068965943816146,58.52715978528944,7646000
2019-04-03,57.918609619140625,58.541463841792556,57.71098972422321,58.541463841792556,8562900
2019-04-04,58.741939544677734,58.76341652718022,57.82554641512819,58.07612577659407,9360600
2019-04-05,59.05696105957031,59.08559886502337,58.67035887910842,58.81354790637369,10059100
2019-04-08,59.42206954956055,59.56525307447798,59.12853622274804,59.18581181755556,9108200
2019-04-09,58.65602111816406,59.121375726815074,58.51999295785508,59.07841630339594,8561600
2019-04-10,58.39113998413086,58.76342594752607,58.283755054403606,58.64887473968071,10324300
2019-04-11,58.67033004760742,58.75624342174743,58.00451641879789,58.37680224463774,9115100
2019-04-12,57.93295669555664,59.28606167915453,57.689543527423076,59.28606167915453,16638700
2019-04-15,57.73963165283203,58.033159482468605,57.64655745686621,57.91145295462175,8536100
2019-04-16,58.13338851928711,58.240778880249344,57.76826893895641,57.85417685804568,7005700
2019-04-17,58.29806900024414,58.491367328481026,58.04749507026965,58.38398240285054,8311400
2019-04-18,58.08328628540039,58.58443959071806,58.04033231658241,58.391135806833496,9493900
2019-04-22,59.35047912597656,59.57957604827342,58.44840760476328,58.61307357802422,10770600
2019-04-23,59.694114685058594,59.77286725481217,59.19296693399115,59.55809198811219,10595100
2019-04-24,58.53433609008789,59.47936182096927,58.51285910153877,59.429247026987035,11684000
2019-04-25,58.8636474609375,59.307519675286706,58.27658625639382,58.45556839756081,11135000
2019-04-26,57.62509536743164,57.72532494121704,56.95928150608455,57.46759019088255,18053500
2019-04-29,57.25279998779297,57.546327816960165,57.03086391241527,57.36019034952758,10023700
2019-04-30,57.4747428894043,57.653725026185995,57.22416899033018,57.53917929893841,13721500
2019-05-01,56.322120666503906,57.46045036511835,56.2863275016805,57.231353354254956,13909800
2019-05-02,55.33412551879883,56.200398522094794,55.29832690177832,56.04289334656787,15360400
2019-05-03,55.46297836303711,55.992763891115494,55.441501383292135,55.69207525048457,12180700
2019-05-06,55.219573974609375,55.59902074154745,54.91888525705275,55.06922961583106,13367100
2019-05-07,54.9260368347168,54.97615161254733,54.245901464615386,54.76853168664908,13498800
2019-05-08,55.01195526123047,55.334126433434086,54.71126653685549,54.797179941863554,11352900
2019-05-09,54.96181869506836,55.040571252927634,54.38191846183189,54.66113008984204,13221600
2019-05-10,55.43976974487305,55.606323213467235,54.43322261105625,55.1646004540557,11056000
2019-05-13,54.82425308227539,55.20080632731578,54.570806970062186,54.78080675581338,12176100
2019-05-14,54.89665985107422,55.61355731261175,54.86045642429708,55.128382776347166,10548400
2019-05-15,55.302188873291016,55.432533387054,54.46218966799371,54.72287869551968,8918000
2019-05-16,55.294944763183594,55.72218172826188,55.19356631300532,55.32391082390756,8105200
2019-05-17,54.969078063964844,55.251490208086295,54.737349612675075,54.78080145964709,9279400
2019-05-20,54.96183776855469,55.29493914597494,54.79528431748925,55.07045910405731,7154300
2019-05-21,55.21529006958008,55.36735774647849,54.98356710601423,55.229770337741776,8489900
2019-05-22,54.71562576293945,55.19355740064421,54.59252416827378,55.04872712041082,7858300
2019-05-23,53.43391036987305,54.16528810332098,52.89080924126238,54.14355941741984,14657200
2019-05-24,53.65838623046875,53.7670075526889,53.18046014729402,53.68735228470812,7056400
2019-05-28,52.579444885253906,53.76702589055659,52.49254669289816,53.75978299334899,14912900
2019-05-29,52.25358200073242,52.4490960114364,51.86254845461308,52.058062465317064,13645200
2019-05-30,52.11600112915039,52.231859865848975,51.79737993498316,52.152204567307166,9362100
2019-05-31,51.24702453613281,51.81185439992602,51.14564609192371,51.55116539347096,13983300
2019-06-03,52.050811767578125,52.14495283522846,51.391851917578535,51.47874456499664,11831000
2019-06-04,53.289085388183594,53.33978013561859,52.26081514166057,52.46357203255684,10423000
2019-06-05,52.84736633300781,53.32529248421152,52.557711274093975,53.32529248421152,10617800
2019-06-06,53.810455322265625,54.034940867494726,53.289077381322045,53.375975546382676,11738900
2019-06-07,54.00596618652344,54.28113537819966,53.897344878724404,53.95527697951178,9095500
2019-06-10,54.24494934082031,54.5490846803464,53.91184241690777,54.4477062338377,7760400
2019-06-11,54.194252014160156,54.89666373491291,54.179771747366914,54.679426584749955,9415100
2019-06-12,53.607704162597656,54.02770371798925,53.448393605400106,53.93356817269555,7920800
2019-06-13,54.078392028808594,54.43321656632766,53.86114935906434,54.09287229525994,8986400
2019-06-14,53.839412689208984,54.17251398112363,53.75252006288033,54.078378461031186,8575900
2019-06-17,54.37527847290039,54.447696371327005,53.61494026181082,53.70183842509677,9355700
2019-06-18,54.84599304199219,55.193580334268916,54.5635807840791,54.61427002204523,10091500
2019-06-19,54.54183578491211,54.925626365152915,54.43321445425462,54.599767897890814,9757400
2019-06-20,55.475975036621094,55.73666404215457,55.0921844242276,55.2080431351809,16229700
2019-06-21,56.2580451965332,56.30873442129072,55.66425476735467,55.85976877007333,23108100
2019-06-24,55.7221794128418,56.30873244988447,55.62080096687609,56.14217898882026,10011800
2019-06-25,55.22975158691406,55.91768287232965,55.171825009222445,55.816304455482616,9740000
2019-06-26,55.46872329711914,55.85251384832341,55.37458776418355,55.52665540571487,11365500
2019-06-27,54.903900146484375,55.57734572940564,54.86045382652496,55.461481509900445,8147800
2019-06-28,55.490455627441406,55.56287353750938,54.990806301179774,55.171840026927974,14781300
2019-07-01,55.43976974487305,56.43183661063049,55.244255740160156,55.85252644345468,11437900
2019-07-02,54.83149337768555,55.229764242356694,54.60701333533071,55.135628697916744,10475400
2019-07-03,55.35287094116211,55.39631726522745,54.76631794272709,54.90390533521478,5246100
2019-07-05,55.128387451171875,55.28769801168957,54.73735394573138,55.17183930158357,6880800
2019-07-08,55.381832122802734,55.54113713858684,54.9763128766238,55.13562341711801,7876100
2019-07-09,55.345619201660156,55.5918223649693,54.83872708619443,55.36009946579787,7863000
2019-07-10,56.12770080566406,56.2145934627408,55.57011380743627,55.61356566068579,8077400
2019-07-11,56.171138763427734,56.2001048197071,55.79459108121666,56.05528006302061,6404000
2019-07-12,56.2145881652832,56.39562188341466,56.120452620750676,56.301486338882135,6139000
2019-07-15,55.816307067871094,56.29423312327431,55.67871969940656,56.21457785992217,7116400
2019-07-16,54.983558654785156,55.80907193089772,54.88218021910188,55.700450599891255,10197400
2019-07-17,54.657691955566406,55.00527353279229,54.56355090467266,54.84596300793477,7419300
2019-07-18,54.194252014160156,54.505630234966716,53.71632586403306,54.3318394098942,11424500
2019-07-19,54.30287170410156,54.49114831496592,53.97701322638798,54.23770221844307,11243100
2019-07-22,54.360801696777344,54.527355139253544,53.94804506292192,54.48390329246695,8368800
2019-07-23,54.57805633544922,54.8677059124774,54.12909065151707,54.41874575325679,8551200
2019-07-24,54.57080078125,55.0704555777414,54.2014904740733,54.59252394201741,8260200
2019-07-25,54.25942611694336,54.87493965248651,54.165290572588496,54.87493965248651,9083900
2019-07-26,54.17253112792969,54.368050648473826,54.02046345901256,54.21598297955669,7677300
2019-07-29,54.55632019042969,54.58528624911693,54.09287430085537,54.22321880259257,7091900
2019-07-30,54.56355285644531,54.715620492509885,54.230451531059614,54.35355311386763,6961200
2019-07-31,53.846656799316406,54.788034120342445,53.774244434170406,54.339068616902296,13104600
2019-08-01,52.47080993652344,53.781492231341396,52.333222548772014,53.397701649414174,17132800
2019-08-02,51.9566764831543,53.05012167452709,51.543919831732985,52.579432908065115,21376700
2019-08-05,50.89219284057617,51.35563867042206,50.407023850692205,51.25426024043765,19080900
2019-08-06,51.38459777832031,51.420806723295144,50.892185960093016,50.89942885402985,12282400
2019-08-07,51.051513671875,51.32668296234511,50.25496633654685,50.58806774860367,15231100
2019-08-08,52.412879943847656,52.434608630722046,51.13840654941454,51.30495447581051,14304100
2019-08-09,51.297698974609375,52.318731543089285,51.02977267414728,52.2318333910774,13686600
2019-08-12,51.0484504699707,51.43701871598657,50.82851219532172,51.36370036436533,9542600
2019-08-13,51.67893600463867,51.77424759809541,50.527908678564295,50.78450605824902,12403300
2019-08-14,49.596824645996094,50.65254036767525,49.596824645996094,50.63788005758946,18114400
2019-08-15,49.303565979003906,49.53083713266126,48.77570534420986,49.457524398584994,12874400
2019-08-16,50.0733757019043,50.19067498593029,49.318238138605956,49.69214044365987,12649000
2019-08-19,50.916473388671875,51.06310446429945,50.48392430072865,50.56456999397291,10032800
2019-08-20,50.608558654785156,50.80650921688164,50.37395451728831,50.80650921688164,9743500
2019-08-21,51.11442947387695,51.3050470961191,50.85783205551497,51.29038119026743,10134200
2019-08-22,51.004459381103516,51.2903830280093,50.7698552197089,51.25372944887527,8972000
2019-08-23,49.47952651977539,50.97513005504217,49.14228340791191,50.45460227846567,15371900
2019-08-26,49.743446350097656,50.04403582140413,49.50884225268405,49.94139687837336,7343900
2019-08-27,49.25959396362305,50.176017392960254,49.09830254511494,49.948740578969414,9490900
2019-08-28,49.61882400512695,49.83876783726422,49.23759436861356,49.50885208905832,9647400
2019-08-29,50.16868209838867,50.344633822457794,49.91941202867,50.073376079810494,9004100
2019-08-30,50.20532989501953,50.64521190222022,49.89740745591617,50.300635892002,9180800
2019-09-03,50.26397705078125,50.35195569014854,49.58215797754361,49.772775566137796,9849700
2019-09-04,50.79917526245117,51.03377939532056,50.652544183530466,50.953133700265106,6959200
2019-09-05,51.51764678955078,51.72293029532704,51.09975801267686,51.202396968863184,9901500
2019-09-06,52.001529693603516,52.01619000692251,51.40768911960473,51.57630789309361,10418500
2019-09-09,52.412078857421875,52.83730060333122,52.03818218504998,52.17014736159413,12840200
2019-09-10,52.83730697631836,53.40915427918192,52.5073967918677,52.8886264626419,13810800
2019-09-11,52.734676361083984,53.40182978902071,52.45608561880568,53.357843249030815,10525700
2019-09-12,52.771324157714844,52.903289342626216,51.832901957565,52.038185484519275,9100700
2019-09-13,53.25519561767578,53.31384805708091,52.829973822095354,52.97660492060817,7337200
2019-09-16,54.05431365966797,55.11736243597694,53.95900205797422,55.014723475232785,19830200
2019-09-17,53.64374923706055,54.31090803816218,53.2478537276272,54.12029043878978,14452200
2019-09-18,53.38715362548828,53.49712553622319,53.027917270931084,53.26252140357713,7292200
2019-09-19,53.02791976928711,53.658419454241916,52.92528080600646,53.497128056685476,8050200
2019-09-20,52.844635009765625,53.15255189903966,52.68334361250666,53.145218946417714,19736600
2019-09-23,52.88129425048828,53.049918618431526,52.39009264687798,52.43407918051336,7495200
2019-09-24,52.15548324584961,52.69067692280519,51.92087910099056,52.64668480017885,13307100
2019-09-25,52.30943298339844,52.39741162060098,51.92087045754263,52.03817530714601,8035200
2019-09-26,52.030845642089844,52.309436287389715,51.818234783807,52.21413028611952,8420200
2019-09-27,52.404754638671875,52.54404718257925,51.78158229390185,51.8329017771107,8224000
2019-09-30,51.76692581176758,52.38275965583875,51.74493254496569,52.22880119482095,9768900
2019-10-01,50.54991912841797,51.98687613004795,50.52059849797312,51.92822368234769,10279100
2019-10-02,49.23027038574219,50.28598642950254,49.12763140361833,50.05138224273302,14503700
2019-10-03,49.83877182006836,49.8534321331272,48.614425926988,49.120293425287095,10788400
2019-10-04,50.5645751953125,50.63788794396582,49.72146460228886,49.93407548876642,10534800
2019-10-07,49.86807632446289,50.608547746149526,49.86807632446289,50.36661070836043,10993000
2019-10-08,48.90033721923828,49.79476711173976,48.856350697771994,49.51617648678153,9748700
2019-10-09,49.44287109375,49.63348311067187,49.26691379495522,49.34023213282165,8580900
2019-10-10,50.03671646118164,50.11736216595407,49.39888377618275,49.43554294868091,7100100
2019-10-11,50.571903228759766,50.94579988854173,50.50591784600765,50.571903228759766,10101900
2019-10-14,50.718528747558594,50.857826871930655,50.285974063489206,50.29330701566764,6234600
2019-10-15,50.89448928833008,51.31971109409829,50.59390531763505,50.63055889808806,6645700
2019-10-16,50.02204895019531,50.97512577055396,50.00738304594467,50.74052164317606,9765800
2019-10-17,49.9560546875,50.49857558685768,49.91206816937448,50.20532467481738,9757200
2019-10-18,49.56749725341797,49.9633927371572,49.56749725341797,49.75811484041905,13472700
2019-10-21,50.39595413208008,50.41794739877264,49.72146785095375,49.72146785095375,10199300
2019-10-22,50.65255355834961,51.14376077189235,50.32997631182865,50.42528233571363,9536000
2019-10-23,51.136409759521484,51.143742710586025,50.425264528136374,50.55722968028416,8641800
2019-10-24,50.65255355834961,51.35637168062478,50.60123406958004,51.2903862845469,9003600
2019-10-25,50.769859313964844,50.93848369047399,50.513261865716025,50.513261865716025,7607200
2019-10-28,50.32264709472656,51.07777916843653,50.278660556345066,50.92382069069611,11209600
2019-10-29,50.1760139465332,50.608563090635705,50.02938285186803,50.20534016546624,13894400
2019-10-30,49.64814758300781,50.124688798369604,49.31823185234024,50.124688798369604,12840600
2019-10-31,49.538185119628906,49.64815705082288,49.22293523335539,49.45753940964698,16169100
2019-11-01,51.02644729614258,51.03378024856215,50.08069779655593,50.13935022910483,14108700
2019-11-04,52.54405212402344,52.69068322798432,51.27572523683875,51.37103125935981,15858200
2019-11-05,53.58510971069336,53.60710857212879,52.67601920720034,52.81531736260024,14930400
2019-11-06,52.412078857421875,53.42381374206162,52.199467984467205,53.32117478179437,13996500
2019-11-07,53.526458740234375,53.54111905332463,52.78598707757624,52.80798034391385,13073800
2019-11-08,52.50993347167969,53.27417779217293,52.42832086200929,53.13319975019253,12106000
2019-11-11,52.19088363647461,52.391221457046385,51.91635459023418,52.09442825007386,8674000
2019-11-12,51.4711799621582,52.24284022112446,51.181808072653475,52.13895776202392,13918600
2019-11-13,51.04824447631836,51.30793643679445,50.89984502686047,51.211475379431775,11773700
2019-11-14,50.82565689086914,51.17438858111362,50.588223391682014,51.092770285062315,11279800
2019-11-15,51.33761978149414,51.419238068973506,50.95178684779885,50.98146673968776,11252800
2019-11-18,50.84049987792969,51.06309628574511,50.67726892784175,50.97405659044658,10095600
2019-11-19,50.32109451293945,50.87015824944315,50.29141462706636,50.75144436681019,12605500
2019-11-20,50.4769172668457,50.85532879261886,49.950111950227516,50.209803914636446,16930700
2019-11-21,51.693756103515625,51.75311587459452,50.39529083067633,50.46948771409528,14080900
2019-11-22,51.4711799621582,52.07218224638172,51.44150006825247,51.72345056906553,12143600
2019-11-25,51.1298713684082,51.5231200691881,50.981471893960325,51.471181668346624,10670000
2019-11-26,51.00371551513672,51.22631183141611,50.781124859716805,51.13727217273246,15457000
2019-11-27,50.974029541015625,51.26340132110311,50.758860298065485,51.01855219546979,8393900
2019-11-29,50.55111312866211,50.84790636514396,50.454657732671066,50.69951257733311,7980800
2019-12-02,50.76628875732422,51.10759900250693,50.72919314030927,50.8256485375804,11116900
2019-12-03,50.3656120300293,50.64014673153825,50.098498715279895,50.45465168856558,12245800
2019-12-04,50.936946868896484,51.01856515178773,50.558535344660726,50.640153627551975,11049700
2019-12-05,50.75888442993164,51.17439166331962,50.61048494596345,51.115031869732334,13109000
2019-12-06,51.57505416870117,51.84216753956913,51.01856892286971,51.01856892286971,13710800
2019-12-09,51.68634796142578,51.91636003203072,51.211475383978545,51.25599804924995,12397700
2019-12-10,51.24113845825195,52.04989962509553,50.974025197721815,51.686330999707735,14281800
2019-12-11,51.16695785522461,51.76054432530564,50.951782901341744,51.003721292909326,13748400
2019-12-12,52.19088363647461,52.220563523257816,51.12243601657693,51.166953016321955,17068500
2019-12-13,51.3672981262207,52.339290497649166,51.285679841199645,52.29477349158691,12274500
2019-12-16,51.938621520996094,52.12411659785679,51.71602516441905,51.71602516441905,15208700
2019-12-17,51.70118713378906,52.220571075460235,51.4266523869855,51.923783486425506,14450700
2019-12-18,51.842159271240234,52.153789600597236,51.404388004025606,51.664079945156445,13652300
2019-12-19,51.48601531982422,51.975725061248035,51.374717136695104,51.931202391479935,13273200
2019-12-20,51.89411544799805,52.10929046179661,51.486023928576344,51.834755652289125,35092000
2019-12-23,52.15378189086914,52.16120327690716,51.589875430017145,51.834730221541435,14172500
2019-12-24,51.953460693359375,52.3096137458117,51.87184806430104,52.19831556311656,3979400
2019-12-26,52.035072326660156,52.3096070540734,51.946038320582346,52.07959499055906,8840200
2019-12-27,51.85700607299805,52.16863646057638,51.84958468447643,52.087018169420986,10516100
2019-12-30,51.55278778076172,52.26508810719234,51.493428005010884,52.005390503497395,12689400
2019-12-31,51.77538299560547,51.7902257712766,51.2040606711929,51.21147639816819,13151800
2020-01-02,52.60641098022461,52.69544500440699,52.11670120377692,52.11670120377692,12456400
2020-01-03,52.1834716796875,52.955131809210016,52.05733639739267,52.93286764686976,17386900
2020-01-06,52.58414077758789,52.94770950413796,52.109273884705395,52.17604938798892,20081900
2020-01-07,52.15378189086914,52.324434143731104,51.57503831880003,52.309597032513985,17387700
2020-01-08,51.3672981262207,52.153795424575925,51.32277545929806,52.02023874552877,15137700
2020-01-09,51.76054382324219,51.86442060536977,50.92210251782088,51.30051403034855,14811800
2020-01-10,51.300514221191406,51.90893780199925,51.28567710691515,51.88667930015483,11995600
2020-01-13,51.79021453857422,51.8421529204378,51.27824644530535,51.34502193876178,9953900
2020-01-14,51.34503936767578,51.62699553138068,51.115027264325775,51.478596060783104,16261000
2020-01-15,51.26342010498047,51.63441028316974,51.11502629804911,51.34503839705098,11390300
2020-01-16,51.063079833984375,51.62698640080254,51.04824271997915,51.419232839569524,13340300
2020-01-17,50.87016296386719,51.255995855115295,50.66983079173217,51.01114101961476,18144100
2020-01-21,50.14302444458008,50.7662851099098,50.0910860558026,50.73660522191413,17982600
2020-01-22,49.85365676879883,50.2320626353553,49.712678704281544,50.12818584914055,17033100
2020-01-23,49.542015075683594,49.66073462396757,49.007794090984625,49.497498075506925,19605900
2020-01-24,49.208133697509766,49.475247060701584,49.000380117440685,49.37137027066704,18238600
2020-01-27,48.035797119140625,48.770361601464735,48.00611723149382,48.540343887416896,21231000
2020-01-28,47.969017028808594,48.377102707979844,47.95417425597519,48.31032721280716,19664700
2020-01-29,47.568355560302734,48.32517294488818,47.41254038291338,48.25097605006376,14202800
2020-01-30,48.0728874206543,48.13966290697244,47.063794114440384,47.323485995997245,18544700
2020-01-31,46.091819763183594,46.89315992089133,45.898906112493115,46.89315992089133,34282900
2020-02-03,45.060462951660156,45.57242833598217,44.79334959273382,45.54275127532495,27389300
2020-02-04,44.49655532836914,45.935995956569684,44.43719555132336,45.594685729846354,31922100
2020-02-05,46.54441833496094,46.692814943369925,44.9639996917005,45.075297855614714,32099200
2020-02-06,45.91374206542969,46.75217777216095,45.83954233667233,46.69282081958531,16055400
2020-02-07,45.609527587890625,45.75050281864475,45.30531579384115,45.565007753238234,15112500
2020-02-10,45.127845764160156,45.54932101411791,44.87195058937603,45.519215023892656,20934500
2020-02-11,45.55683898925781,45.827787117005506,45.28589086151012,45.59447290671762,14908700
2020-02-12,46.11378860473633,46.30947177018747,45.579420276903555,46.16647264432182,17862100
2020-02-13,45.857887268066406,46.22667549530736,45.57941411489567,45.95573027309673,16949400
2020-02-14,45.64715576171875,46.030997018693945,45.36867970927731,46.02347195803608,10855300
2020-02-18,45.06763458251953,45.45147589151369,44.744002380142156,45.270845700598244,18948500
2020-02-19,45.41384506225586,45.624581243038975,45.03000375139159,45.240739932174705,12804900
2020-02-20,45.052581787109375,45.56437211540572,44.947213696765736,45.33105500745543,14817200
2020-02-21,44.50314712524414,44.789145321939046,44.247252037473146,44.789145321939046,20315700
2020-02-24,42.41836166381836,43.50215126427348,42.41836166381836,43.3666772053335,32096600
2020-02-25,40.79267883300781,42.71189098130271,40.61957371628979,42.71189098130271,36414500
2020-02-26,39.89704895019531,41.25931485618721,39.83683984105384,41.056103729587406,29801000
2020-02-27,37.49614334106445,39.468039288578744,37.48109034957936,38.91861801916335,48141300
2020-02-28,38.71540832519531,38.71540832519531,36.13387905000838,36.7058812626388,62446700
2020-03-02,40.55183410644531,40.55935916710084,38.48209502734351,39.58093763119293,38127600
2020-03-03,38.61003494262695,40.75503863842328,38.369192845501395,40.60451160995374,50580700
2020-03-04,39.452999114990234,39.49815810411723,38.474577319095886,39.309999956019645,24079600
2020-03-05,37.71440505981445,38.158458232215644,36.90908872748653,37.94771923562676,40788200
2020-03-06,35.89303970336914,36.88651428544276,35.52425141892168,36.7585681499183,55640500
2020-03-09,31.50519371032715,33.54482688916678,30.707402307751586,31.392297698364576,72896300
2020-03-10,32.671775817871094,34.81677723586373,31.196616847214226,34.74904019787106,60445900
2020-03-11,31.595508575439453,32.72445720287992,31.422403463759693,31.904087752097254,51986100
2020-03-12,27.982873916625977,30.59450936182409,27.84739984983349,30.030035040543684,65725300
2020-03-13,28.69034767150879,30.210665537556043,26.342135273852143,30.11282251692642,79891500
2020-03-16,25.958295822143555,28.50971950178694,25.025030272038006,25.89055878325634,48924700
2020-03-17,27.70439910888672,28.133399338395318,25.740028125839594,26.50018557096712,41204400
2020-03-18,24.92718505859375,27.629135573386403,23.504710237767576,26.003449653718654,54036400
2020-03-19,25.913137435913086,26.266875632810407,24.34766044383277,25.386294106998935,49412400
2020-03-20,24.641189575195312,26.477611861132345,23.753081550537274,26.22171669356967,76534600
2020-03-23,23.670286178588867,24.61107654442257,22.66175879157256,24.483127561715726,56952500
2020-03-24,26.673288345336914,27.222709593546533,25.085236564324465,25.90560303561453,61835600
2020-03-25,28.065662384033203,29.044083912353678,26.477607589012464,27.478607170189157,56607700
2020-03-26,29.21718978881836,29.77413903286205,27.636662883693077,28.223715241985648,46722000
2020-03-27,27.809772491455078,28.359193892518228,27.24529809529996,27.945246576217524,51558600
2020-03-30,28.223718643188477,28.712930914763128,26.98940180723012,27.26787502727801,45835000
2020-03-31,28.57745361328125,29.691349238938354,28.12587244327012,28.855926801929325,41491600
2020-04-01,28.246294021606445,29.126875452748454,27.350662468485474,27.74203167443027,36045900
2020-04-02,30.406347274780273,31.580451871881003,28.524766450129622,29.156977722054823,62000200
2020-04-03,29.510713577270508,31.746032562090946,28.991398292471573,31.196611294417263,48425700
2020-04-06,30.45903205871582,30.729980163512174,29.525766683424454,30.014978858313928,41301900
2020-04-07,31.03856086730957,32.604034737508336,30.978348898308035,32.28793051344439,48921800
2020-04-08,33.002933502197266,33.145935512623474,31.211670245111378,31.572933495390846,33355600
2020-04-09,32.461029052734375,35.15545095720358,31.414870706960127,34.21466066480743,60107300
2020-04-13,32.18256378173828,33.635144706859954,31.58798630084888,33.454514518332694,29651900
2020-04-14,31.934192657470703,32.92766718632139,31.542823468671227,32.36319289169874,30769000
2020-04-15,30.46656036376953,30.903088550448167,29.638665840774355,30.857929571150937,33125000
2020-04-16,29.465560913085938,30.466560556453977,29.29998085901375,30.466560556453977,30934000
2020-04-17,32.52877426147461,32.6040363553965,30.00745392018326,30.01498185221436,40829100
2020-04-20,30.99340057373047,32.167508079793336,30.511716326442496,30.669768431759252,39260800
2020-04-21,30.827821731567383,31.70840311300073,29.82682215471076,30.406349434391835,44381600
2020-04-22,31.70840835571289,32.31051378770569,31.505197234090602,32.0621436820345,27074200
2020-04-23,32.701881408691406,33.61256600869722,32.220197087070645,32.461039247881025,35271000
2020-04-24,32.91261672973633,33.78567025784242,32.4610384076716,33.41688196473805,28653800
2020-04-27,33.0706672668457,33.356668388316976,31.783666526822206,32.80724707013849,28274400
2020-04-28,33.84587097167969,34.161975117745854,33.19860681994726,33.3942899287886,26545100
2020-04-29,35.71994400024414,35.825312109278656,34.74152215355356,34.81678426827374,29502500
2020-04-30,34.97483825683594,35.885523024614606,34.44799485635499,35.885523024614606,37076300
2020-05-01,32.468563079833984,34.914618515680395,32.36319499735253,34.3426191231818,35399300
2020-05-04,33.77813720703125,33.82329330591794,31.77613547623357,31.99439665333588,27465600
2020-05-05,33.740509033203125,35.48661582470498,33.61256004300743,34.81677063333128,29276200
2020-05-06,33.108299255371094,34.071667771272175,33.04056222715526,33.81577265035287,22659000
2020-05-07,33.29645538330078,34.07166576075439,33.09324431064446,33.838348705986505,22160300
2020-05-08,34.75656509399414,34.78667107959738,33.853405623350454,34.10177569798002,19977400
2020-05-11,34.425411224365234,34.7716214793871,34.25230322578921,34.70388444070325,22258000
2020-05-12,33.8499870300293,35.039185927156595,33.8499870300293,34.84737955901564,25439100
2020-05-13,32.16975784301758,33.658173907477064,31.916572083048212,33.55843672330639,30827900
2020-05-14,32.45362854003906,32.64543485874702,30.842456633585126,31.509941803203798,24856500
2020-05-15,32.22346878051758,32.998365194381876,32.10838379275118,32.51501526992174,22445600
2020-05-18,34.786006927490234,34.970142349229505,33.803959149502774,34.06481595637235,32026100
2020-05-19,33.711883544921875,35.77572177602096,33.70421257856533,34.947116926345636,21771600
2020-05-20,34.80902099609375,34.97014057948675,34.195241165913295,34.23360185653712,19352400
2020-05-21,34.18757247924805,35.13125957986944,34.05714261034593,34.86272887412192,19130700
2020-05-22,34.21825408935547,34.27195963701512,33.335946572994814,33.79628067485839,15406400
2020-05-26,35.223323822021484,35.522541309227634,34.88574564381792,35.092896887283665,20356500
2020-05-27,35.47649383544922,36.16699474577947,34.83969552718844,35.798727008256975,20788300
2020-05-28,34.55583572387695,35.64529448179994,34.471440454259536,35.6222786543526,19698000
2020-05-29,34.8857421875,35.054529796512526,34.041792435506046,34.38704447374299,25874700
2020-06-01,35.50719451904297,35.6376243734301,34.371701152137604,34.770658755655646,19031000
2020-06-02,36.29744338989258,36.40485450324867,35.86779600973485,35.95219129215274,22319000
2020-06-03,37.7781867980957,37.90094276716881,36.788465151156394,36.82682584272927,23418000
2020-06-04,37.670772552490234,37.7091361705806,36.94958160408173,37.50198492517182,18731400
2020-06-05,40.724334716796875,41.00820735860445,39.58883829609999,39.627201916039716,41328900
2020-06-08,41.99791717529297,42.47359607539628,41.0158667317711,41.982572317001576,33579400
2020-06-09,41.061912536621094,41.407164625768864,40.2409814172771,40.570888643936826,27276900
2020-06-10,38.85996627807617,41.04655741846,38.82160266807476,41.04655741846,31156800
2020-06-11,35.43047332763672,37.47129301196855,35.36909388366501,36.466226567429075,39183000
2020-06-12,36.19001388549805,37.30249109096271,35.22331135164017,36.857501964816095,30978100
2020-06-15,36.1670036315918,36.642682543585664,34.333335457554895,34.79366951087379,27929300
2020-06-16,36.98027038574219,38.16946934791867,36.24373459420834,38.03136852116444,26203400
2020-06-17,35.77573013305664,36.926568519725244,35.75271137514458,36.82682837339529,19279400
2020-06-18,35.99821853637695,36.31278379650727,35.115910980132206,35.37676776344217,21478700
2020-06-19,35.277034759521484,37.026308291267384,35.277034759521484,36.99562148982523,48899900
2020-06-22,35.61460876464844,35.62995362691609,34.8320412761308,35.05453446217869,17565400
2020-06-23,35.82943344116211,36.22839107470465,35.67598774722526,35.98287913509896,18916600
2020-06-24,34.14153289794922,35.261681364769416,33.949726533353996,35.223320677196945,27626900
2020-06-25,34.65557861328125,34.709287097358526,33.52008508742909,33.79628676904539,19353600
2020-06-26,33.466373443603516,34.479110807522595,33.37430720871983,34.43307915344717,31518600
2020-06-29,34.00343322753906,34.20291349241286,33.404998286383574,33.61214951833731,17052100
2020-06-30,34.31032180786133,34.50212816335835,33.11344909593615,33.32060031108085,22153600
2020-07-01,33.53543472290039,34.81670316679415,33.50474499241261,34.13387276047691,17290100
2020-07-02,33.819297790527344,34.67091554505105,33.704212807269506,34.2335972914436,18216600
2020-07-06,34.05714416503906,34.586531706023834,33.63517066729667,34.27196639805699,22692000
2020-07-07,33.17482376098633,33.75791371003379,33.075083650994365,33.681192349567546,17407600
2020-07-08,33.098106384277344,33.70421520939881,32.867939328090166,33.105780277965565,18291400
2020-07-09,31.73244857788086,33.06741936905319,31.678743024599967,32.913976603526734,25882000
2020-07-10,32.72216033935547,32.76819198442079,31.53295877847547,31.54830363574133,18951000
2020-07-13,32.72983932495117,33.213192203706754,32.399932129723254,32.97535124790223,20028300
2020-07-14,33.811622619628906,33.90368884671633,32.422943613535935,32.630094819532076,21444100
2020-07-15,34.24127197265625,34.59419497022825,33.919035768157585,34.54816039051909,17332400
2020-07-16,33.972747802734375,34.37937935099396,33.59680890687551,33.99576656035158,14673700
2020-07-17,33.38965606689453,34.287308549639654,33.289915926567346,34.011109811917976,17958900
2020-07-20,32.60708236694336,33.38197880131295,32.59173750638626,33.15181174642228,18553900
2020-07-21,34.25660705566406,34.67090644787376,33.0750795209336,33.105769231980815,28821800
2020-07-22,33.45869827270508,33.87300066772328,33.27456289934172,33.87300066772328,21345400
2020-07-23,33.52775573730469,33.6198219800216,33.00604215068706,33.297588667145874,17934400
2020-07-24,33.320594787597656,34.08014619048633,33.136459429081846,33.66584675560716,16415300
2020-07-27,33.811622619628906,33.82696747859891,32.96767586340694,33.16715317655178,18547900
2020-07-28,33.41267395019531,33.94973245000535,33.34362352983783,33.68887563162524,19190500
2020-07-29,33.78093338012695,33.82696795768894,33.2515489084609,33.53542148659493,14143200
2020-07-30,32.12372589111328,33.12879219410132,32.09303910018227,33.09043151038813,29901100
2020-07-31,32.28484344482422,32.35389091518963,31.38718828255286,31.578994615965364,32116200
2020-08-03,32.415283203125,32.60708961261095,31.81684814208358,32.261837490189535,23033600
2020-08-04,33.35128402709961,33.45102120675767,32.4075972791271,32.48431863682287,17724000
2020-08-05,33.64283752441406,33.99576348418728,33.39732559475717,33.87300751935883,17175100
2020-08-06,33.481719970703125,33.681200237403544,33.182502497385485,33.29758749176903,14434900
2020-08-07,33.32827377319336,33.38965321638027,32.84492382839469,33.16715712492714,18757900
2020-08-10,34.149200439453125,34.21825084085065,33.45102545942591,33.75024581663691,24367800
2020-08-11,34.50212097167969,35.61459526029026,34.31798562102163,34.9087494240206,28987500
2020-08-12,34.494300842285156,35.159306580102,34.13441545439535,34.783773612155585,22503200
2020-08-13,33.64936065673828,34.32219190138045,33.578948015218245,34.03271903489663,17338700
2020-08-14,33.79800033569336,33.86058767217374,33.17993434641918,33.32858188197202,13595700
2020-08-17,33.35988235473633,33.77453285141973,33.226882378242124,33.77453285141973,15554600
2020-08-18,33.19558334350586,33.7901764955663,33.08605326163716,33.32076100628021,13014000
2020-08-19,32.82787322998047,33.37552663341368,32.757460606903756,33.13299360182257,14473100
2020-08-20,32.3271598815918,32.77310546250014,32.311512301712646,32.61663264817933,15678500
2020-08-21,32.08462142944336,32.342801976962505,31.849913739997895,32.31150682251106,25517700
2020-08-24,33.03129577636719,33.258178290219654,32.147226652034185,32.29587422793361,18208900
2020-08-25,31.98293113708496,32.913940020079934,31.842105862753414,32.59317200287397,31285600
2020-08-26,31.30227279663086,31.95163407699348,31.29445049717397,31.795161227613335,26795000
2020-08-27,31.091032028198242,31.529152342606412,30.75461650993722,31.294444604963346,32034300
2020-08-28,31.83427619934082,32.01421891746289,31.106680043537473,31.169270372173564,33477100
2020-08-31,31.247499465942383,31.857743118353692,31.216207291936367,31.7951528014005,25259600
2020-09-01,30.84850311279297,31.09885846418722,30.55120501383559,31.09885846418722,22464100
2020-09-02,30.66073226928711,31.075385706539514,30.472967265355123,30.69202743143275,26413400
2020-09-03,30.59815216064453,31.317923153270193,30.418209412488114,30.66856479987718,28817200
2020-09-04,30.574676513671875,31.13015223822787,30.238260965679693,30.871971614873885,24632500
2020-09-08,29.870553970336914,30.261734611138106,29.22119267406064,29.925319021291365,38496400
2020-09-09,29.69060707092285,30.38690803640842,29.66713420632522,30.0035497490047,25886100
2020-09-10,28.947362899780273,30.019196852579725,28.86912797762331,29.940961930422763,34381200
2020-09-11,28.869131088256836,29.18989907881652,28.548363097697152,29.049073816183363,26838600
2020-09-14,28.681365966796875,28.955191235914988,28.54836597450282,28.876956297444554,26129900
2020-09-15,28.37624168395996,29.244663111893438,28.329298936554757,28.7908921737234,23724200
2020-09-16,29.581073760986328,29.847076649829216,28.376236971258496,28.524884503314254,30890900
2020-09-17,29.57325553894043,29.7140808069164,28.923897233914694,29.221192369000494,24696200
2020-09-18,29.096010208129883,29.58889857021358,28.712654914431077,29.362013119551296,46853800
2020-09-21,28.501419067382812,28.720479250754867,27.914648160946665,28.501419067382812,35351800
2020-09-22,27.797290802001953,28.822184986507548,27.750351042898657,28.52488691281255,27303200
2020-09-23,26.9054012298584,28.00070810524974,26.87410606553953,27.891178014604833,31251400
2020-09-24,26.850635528564453,27.241816119580218,26.412512192217214,26.913225855673083,26796000
2020-09-25,27.10099220275879,27.335699972033204,26.50639898829886,26.60028149911438,23486000
2020-09-28,27.62517547607422,28.086768710632395,27.460877353320768,27.492172518080586,23396500
2020-09-29,26.81934356689453,27.468704858052188,26.592461065216543,27.38264464023887,20770500
2020-09-30,26.858455657958984,27.320045801693233,26.70198285468322,27.100985667789455,22223700
2020-10-01,25.91963005065918,26.67851846307061,25.770979497348097,26.435988376251792,36890200
2020-10-02,25.802270889282227,26.091743684968883,25.19985243349524,25.231147596399474,32694300
2020-10-05,26.39686393737793,26.404686234947125,25.950915379696937,26.068270734529406,22965200
2020-10-06,26.123043060302734,26.92887423596826,26.060455708872844,26.69416644528108,26731800
2020-10-07,26.209096908569336,26.39686488615607,25.982211472789338,26.31862698529878,23779300
2020-10-08,27.586057662963867,27.648647998462252,26.412515732612277,26.506401235859858,34413700
2020-10-09,27.179227828979492,28.1258841099469,27.10881520567368,27.91464624002946,29228600
2020-10-12,27.093170166015625,27.171405095040768,26.780224480972567,27.022757536104496,17912800
2020-10-13,26.772403717041016,27.28093675380722,26.678518215461775,27.171406653102853,20995100
2020-10-14,26.717634201049805,27.249640016526005,26.623748715162773,26.647221578869985,17743000
2020-10-15,26.952341079711914,26.960163377715386,26.029154722819996,26.36557024191472,23251600
2020-10-16,26.678516387939453,27.10099216269152,26.50639894911066,26.889754275315486,22627200
2020-10-19,26.14651107788086,26.88975484906912,26.123041195828698,26.678516957185852,23645800
2020-10-20,26.36557388305664,26.54551660669509,26.076101065418374,26.3342787177792,23040600
2020-10-21,25.943098068237305,26.302983515001106,25.92745048562089,26.216923302846453,28619300
2020-10-22,27.27311134338379,27.351346267971344,25.83356664588682,25.958744315909552,31831500
2020-10-23,26.725461959838867,27.4452359096821,26.490754166107724,27.359175688937327,27429100
2020-10-26,26.091747283935547,26.42034057081253,25.778804565140444,26.295162886400206,30888700
2020-10-27,25.67709732055664,25.974395446657752,25.58321480132999,25.935277979019272,27100700
2020-10-28,24.699140548706055,25.33285413619271,24.660023089237438,25.113790991120926,42136400
2020-10-29,25.794450759887695,25.919628437560014,24.339258391652432,24.57396616422913,38622800
2020-10-30,25.5206241607666,25.927452385185752,25.043383301650454,25.356329007964092,47885700
2020-11-02,26.592458724975586,26.96016646262993,25.481504259700547,25.92744990869604,40130300
2020-11-03,26.138683319091797,26.9836347101396,25.919623173770063,26.9836347101396,36773000
2020-11-04,25.997865676879883,26.70981434148733,25.450212169226884,26.0291608451964,35410100
2020-11-05,25.95092010498047,26.53769101704393,25.927450223528712,26.10739294509163,30824100
2020-11-06,25.645797729492188,26.33427638217823,25.52062006395572,25.89615306056512,33985600
2020-11-09,28.89259147644043,29.737539790118287,28.211938253690167,28.49358570193591,76879400
2020-11-10,29.53359031677246,29.990295069590513,28.8285010440192,29.685824215553154,49055400
2020-11-11,29.22911834716797,29.741909414516837,28.99675893962681,29.71787328838356,34124500
2020-11-12,28.22757911682129,29.076891436358494,27.93913330805482,28.732359282162612,30933700
2020-11-13,28.90862464904785,29.044833435291192,28.34775828865742,28.363783391122947,29241500
2020-11-16,30.5752010345459,30.58321205897221,29.72588879096984,30.118496230338142,38596800
2020-11-17,30.98383140563965,31.015881617210795,29.950238062519688,30.294770195718474,26521100
2020-11-18,29.81401824951172,31.352394373882692,29.806007226991166,31.26425784377868,31068000
2020-11-19,29.966257095336914,30.046379551550732,29.293218071123146,29.533588496240395,26954400
2020-11-20,29.597686767578125,29.97426904770556,29.46948899977583,29.926193738601246,18351000
2020-11-23,31.536678314208984,31.592764641026356,29.87010444170539,30.046377501117465,29367600
2020-11-24,33.63591766357422,33.71604317070957,32.22574235922342,32.45809868872699,46979300
2020-11-25,32.698482513427734,33.41959396726018,32.570284717870194,33.38754375425165,28178200
2020-11-27,32.20170211791992,32.80262964749664,31.945306616485226,32.610334549658354,14971900
2020-11-30,30.551166534423828,31.953331232497998,30.422968741430388,31.88923080776304,45614300
2020-12-01,30.847620010375977,31.769043648860784,30.823583881946753,31.216188243179438,32472900
2020-12-02,32.00139617919922,32.385989470263254,30.719418542319104,30.759479770382402,29369500
2020-12-03,32.21772766113281,32.56225969400488,31.83313440370073,32.10555500977456,27038900
2020-12-04,33.39555358886719,33.459650950256496,32.570280575944366,32.666428146266405,28723600
2020-12-07,32.77058410644531,33.28337513441819,32.586296965321665,33.18722452431656,24899400
2020-12-08,33.84423828125,34.12466989312342,32.4020098302572,32.47412125280684,32573800
2020-12-09,34.29292678833008,35.0380770908306,33.95640887441379,34.22081537013728,37824800
2020-12-10,35.26243591308594,35.63100722348012,34.260889751476775,34.61343595650805,38058700
2020-12-11,35.09416961669922,35.19833125172792,34.62143980415442,35.014047162969874,25478800
2020-12-14,33.828224182128906,35.622993194734434,33.796173971356154,35.52684561889251,30595000
2020-12-15,34.485233306884766,34.62945617833591,33.70002159369291,34.004489383222314,27138400
2020-12-16,35.01405334472656,35.342560353376136,34.421136690432185,35.05411457866408,34273000
2020-12-17,34.837772369384766,35.28646603485512,34.773675020875025,35.25441583236248,21204600
2020-12-18,34.23685073852539,35.07814883213464,33.988466211031735,34.66951937745908,46596800
2020-12-21,33.61187744140625,33.716039059744084,32.47411983061464,32.93883854591021,27869500
2020-12-22,33.04300308227539,33.57181918568808,33.034989003593495,33.315423684425895,21792900
2020-12-23,33.46767044067383,33.964436533527255,33.21928586600879,33.2593471054124,19085900
2020-12-24,33.331451416015625,33.53176062658417,33.15518138911898,33.37151570331013,8039000
2020-12-28,33.44361877441406,34.092618498144084,33.2673457351416,33.403554497142885,23877500
2020-12-29,33.06704330444336,33.74809336600655,33.01095697261937,33.68399601098307,20287700
2020-12-30,33.331451416015625,33.988465382162374,33.06704484743266,33.11512015830047,23807300
2020-12-31,33.026981353759766,33.39554954239908,32.82667215691547,33.22729055060406,22786500
2021-01-04,33.25132369995117,33.85225123669728,32.850705342120435,33.2112624754632,27764700
2021-01-05,34.853797912597656,35.895405055012354,33.51573403455563,33.5237450570426,44035100
2021-01-06,35.7431755065918,36.13577984200858,35.01405011291325,35.58292752915648,36484800
2021-01-07,36.02361297607422,36.51236801054802,35.6790808388706,36.05566318801792,29528100
2021-01-08,36.424224853515625,36.71267059577097,36.01559542297114,36.21590462659559,28628200
2021-01-11,37.52994155883789,37.77031204982638,35.85535609066829,36.08771555643036,38246200
2021-01-12,38.363216400146484,38.5955727344484,37.58601577549944,38.02669537617974,36915100
2021-01-13,38.79589080810547,39.02825025210613,38.21098821410389,38.884027359724776,29000300
2021-01-14,40.31023025512695,40.92718304585944,38.85999034004337,38.85999034004337,35474800
2021-01-15,38.37123107910156,39.32470485746549,37.89049020645529,39.188493007780956,42411300
2021-01-19,39.13241195678711,39.61315289432591,38.73980451449856,38.819930041739255,24932600
2021-01-20,39.68525695800781,39.85351900567353,39.25259141730164,39.348738975627924,22342400
2021-01-21,38.54750442504883,39.573086590566135,38.20297234323112,39.52501433685498,29044500
2021-01-22,38.002655029296875,38.17091399434714,37.3696773343265,37.66613404272105,23264800
2021-01-25,37.5780029296875,37.69818660232811,36.98508641931053,37.5780029296875,26395800
2021-01-26,36.75273132324219,38.34719390716547,36.73670622039399,37.86644999114713,23976800
2021-01-27,36.336090087890625,37.38571146642994,35.67907611246175,36.055658411723186,32410300
2021-01-28,36.90496826171875,37.32962278941147,36.60850844382398,36.80881764465652,24967200
2021-01-29,35.927459716796875,36.88894452776748,35.663050094777674,36.49633713471726,38961100
2021-02-01,35.99155044555664,36.52036959220309,35.48677353435386,36.52036959220309,24412400
2021-02-02,36.56044387817383,37.65012664883203,36.280009104164634,36.7046667776125,31940400
2021-02-03,37.99464416503906,38.194953346988385,36.39217070944449,36.56043274520334,28459300
2021-02-04,38.72377014160156,38.763831364234164,37.858433061655546,38.36321302495739,25280300
2021-02-05,40.021785736083984,40.15799454867932,39.292660243457,39.40483292594171,34980100
2021-02-08,41.744441986083984,41.95276529529717,40.63072316494634,40.7989821832888,36998700
2021-02-09,41.25553894042969,41.52443575510252,40.55477283494572,41.2881303272752,28977000
2021-02-10,41.65480422973633,41.89925668963325,41.05996877091387,41.25553260386041,25723800
2021-02-11,40.611812591552734,41.49999240267107,39.74807709823236,41.46739790668565,26972200
2021-02-12,41.1659049987793,41.32072418615321,40.26142797462485,40.2777252219877,19756700
2021-02-16,42.40446090698242,42.80373252291586,42.0622249849436,42.339271928162994,28060100
2021-02-17,43.06448745727539,43.406723420923775,42.20890221072738,42.65706561526377,25509700
2021-02-18,42.38816452026367,43.13781914157145,42.257789668367465,43.03189171141817,20627600
2021-02-19,42.673362731933594,42.82818502079076,42.30668245356394,42.461504742421106,22607200
2021-02-22,44.246009826660156,44.661581831233406,42.8526279231938,42.8526279231938,36435100
2021-02-23,44.85713195800781,45.02824833900331,43.78968901223302,44.80009316434265,33527900
2021-02-24,46.201629638671875,46.44608208057757,44.71046445879866,44.971214144615594,28728600
2021-02-25,45.4356803894043,46.64979879113225,45.101594618466834,46.42979063343463,29670900
2021-02-26,44.303043365478516,44.865287409702326,43.284488918269,44.335637853800776,35291000
2021-03-01,45.957176208496094,46.943136131063,45.73716808299762,46.01421500676814,36998300
2021-03-02,45.68827819824219,46.41348846989976,45.647536641884855,46.16088895545542,30302600
2021-03-03,46.054962158203125,47.228335861738486,45.533462734409625,45.97347593049679,35358900
2021-03-04,47.83946990966797,48.45875282389811,46.52757113680917,46.54386838280279,52137500
2021-03-05,49.64842224121094,49.74620260570904,48.165407094732565,48.75209549848462,51429800
2021-03-08,49.59953308105469,50.20251876160682,48.74394785339689,50.17807444630805,38154600
2021-03-09,48.83357620239258,50.02324708815864,48.45874890003586,49.38767008778146,35645900
2021-03-10,50.332881927490234,50.45510658396343,48.91505291038041,49.314327581641024,31579100
2021-03-11,49.958065032958984,50.968469412853764,49.917320363971726,50.34103943270825,24802600
2021-03-12,50.49586486816406,50.821800481743736,50.11288733611637,50.15362889926608,20422700
2021-03-15,49.208396911621094,50.406217813426345,48.78467793201393,50.10472659830667,31243600
2021-03-16,48.1654052734375,48.61356862785411,47.61945844983858,48.515788267053416,30624800
2021-03-17,48.377262115478516,48.670606299444074,47.76612943501079,47.823168236517255,25575500
2021-03-18,46.2912712097168,48.05133345813122,46.05496579328965,47.92095859189244,38622800
2021-03-19,46.030517578125,46.82906395474263,45.47642366645044,46.20978106127966,84439400
2021-03-22,45.55791473388672,46.33201693158376,45.5497676639326,46.038672679119,29315100
2021-03-23,44.99566650390625,45.86754894438583,44.368236532166236,44.76750817248511,33493300
2021-03-24,45.90827941894531,46.674231131609595,45.696421492763626,45.696421492763626,29781800
2021-03-25,45.777915954589844,46.03866567078036,44.40897839039875,44.98751662892259,31495900
2021-03-26,47.02461624145508,47.08165503608943,46.05495362428992,46.69053054071909,34226500
2021-03-29,46.772029876708984,47.114262740539424,46.23423315613111,46.723138135426616,21144400
2021-03-30,46.193477630615234,46.73942440065589,46.03051141472854,46.33200264417651,20303400
2021-03-31,45.49272155761719,46.14459584284527,45.468274134908654,45.91643751172911,23686500
2021-04-01,46.763877868652344,46.812769608021114,45.745323278000804,45.89199538772518,23194500
2021-04-05,46.03867721557617,46.70684891941481,45.74533293420651,46.69055166951843,23264800
2021-04-06,45.90827941894531,46.88609216617232,45.84309045188569,46.31570113792481,18926300
2021-04-07,46.112003326416016,46.25867543542187,45.82680928578348,45.94903397103375,22385000
2021-04-08,45.63124084472656,45.69642982367077,45.07714695722721,45.57420204234118,21999300
2021-04-09,45.52531433105469,45.98977496773941,45.24826736282329,45.63124487700896,20020700
2021-04-12,45.22382736206055,46.27497652783908,45.06900817118999,46.2505291020516,20238800
2021-04-13,45.39493179321289,45.61493991681264,44.88972968071424,45.060846074053586,19370600
2021-04-14,46.70683288574219,47.26907382643776,45.834950520075274,45.96532536610823,28051100
2021-04-15,46.42978286743164,46.78831289312817,46.26681354361274,46.78831289312817,23250300
2021-04-16,46.16904067993164,47.000181568651406,45.98977408382096,46.73943185160777,22752000
2021-04-19,46.02236557006836,46.560162214897915,45.598646530447866,46.242373712277946,21123300
2021-04-20,45.05270767211914,46.0142234601785,44.6371356559267,46.0142234601785,21782100
2021-04-21,45.63124084472656,45.737171381320096,44.246006125978184,44.408975464957095,16625600
2021-04-22,45.036407470703125,45.623095874655085,44.832696564706666,45.623095874655085,21600100
2021-04-23,45.280860900878906,45.582352177829705,44.96307237809539,45.03640843015173,15337900
2021-04-26,45.37049865722656,45.8675538246327,45.174934796398105,45.199382221740485,16083800
2021-04-27,45.96533203125,46.14459863618269,45.47642706482879,45.639393314714546,19278600
2021-04-28,47.35055923461914,47.6357532340483,46.27496599622707,46.37274635197686,24729800
2021-04-29,48.02688217163086,48.46689847544618,47.38315806980668,48.0105849261138,27318400
2021-04-30,46.64164733886719,47.98613736504102,46.57645836120997,47.529826954966694,30518400
2021-05-03,47.92909622192383,48.06762123848618,47.04906682522125,47.24462753187454,20509600
2021-05-04,48.2306022644043,48.48320495545879,47.67650824481418,48.07578306507678,23522200
2021-05-05,49.6810188293457,49.746204705635535,48.40171453479136,48.7032058179433,31526200
2021-05-06,50.15362548828125,50.22696154031589,48.91506278079719,49.59138449493687,26836800
2021-05-07,50.87068557739258,50.90328006700738,49.5832312130423,49.76249779754212,33610600
2021-05-10,50.99291229248047,52.16628281025029,50.952167627123536,51.530708926347536,31956600
2021-05-11,49.37137222290039,50.83809003293587,49.20840288658944,50.21881028501211,34563800
2021-05-12,49.635929107666016,50.991740103667404,49.3961811951947,49.61112553328509,34426500
2021-05-13,49.02415466308594,49.97487731726496,48.5694624538256,48.7761410174589,24268200
2021-05-14,50.23942947387695,50.330368553426275,49.544989320740605,49.544989320740605,20735400
2021-05-17,51.413368225097656,51.46297222521252,49.95835224537904,50.04929133542368,25282500
2021-05-18,49.95834732055664,51.50430223792187,49.9335468997766,51.25628856912682,25170800
2021-05-19,48.75961685180664,49.48712643545375,48.296655634273876,48.8588217006832,28889800
2021-05-20,48.64386749267578,48.90015005021844,48.1478401949996,48.734806566438166,20692500
2021-05-21,48.71001052856445,49.46232365381744,48.652140773339625,49.123367725121845,20792700
2021-05-24,49.280433654785156,49.43750821647215,48.51985495569191,48.84227614073002,18400300
2021-05-25,48.16437911987305,49.22257568677491,48.04863960950842,49.189506354194975,25616100
2021-05-26,48.72654342651367,48.87535226416707,47.866762885662396,48.156111651285656,21698700
2021-05-27,48.412391662597656,49.35484548180051,47.96596517339688,48.96628874264448,33556000
2021-05-28,48.255306243896484,48.610793596833396,48.04036194274745,48.55292385599849,19246800
2021-06-01,49.98313903808594,50.18155183077255,49.14815909601061,49.14815909601061,28474200
2021-06-02,50.379966735839844,50.68585328794098,49.74339636624825,50.22289215905673,22978300
2021-06-03,50.578372955322266,50.76851683516462,49.892198683415096,50.057542147436706,20272800
2021-06-04,50.801597595214844,51.0082761833535,50.247697339097456,50.8098633511278,20427800
2021-06-07,50.47090530395508,51.033071257076884,50.446104885150035,50.70238744290589,15477900
2021-06-08,51.363765716552734,51.65311449036328,50.156760315470635,50.84293477002865,28953400
2021-06-09,51.793643951416016,52.430211086347256,51.41335303687574,51.810175459572115,29133000
2021-06-10,51.876319885253906,52.893178047991235,51.46296275469411,52.58729465440309,27488700
2021-06-11,51.39681625366211,52.24006504971109,51.372015838787306,52.09125625313397,17631700
2021-06-14,51.31416320800781,51.90112968258964,50.90080600275326,51.50430714398509,16997200
2021-06-15,53.182533264160156,53.240403013771655,51.54563614934558,51.653109893051855,30717100
2021-06-16,52.99238586425781,53.571089664069106,52.54596253486692,53.17426402113195,24803200
2021-06-17,51.24801254272461,53.289994388443056,50.65277733397661,52.793967150262574,28491800
2021-06-18,49.93354415893555,50.884263696075955,49.80126999926103,50.42957146929883,39590700
2021-06-21,51.74404525756836,51.83498433004823,50.34689930434148,50.371699722776135,33145400
2021-06-22,52.73609924316406,52.917977375192635,51.446423963957066,51.958985881706965,25140400
2021-06-23,53.124671936035156,53.488422002400334,52.56250586183735,52.9510626596796,20701600
2021-06-24,53.339599609375,53.372668935618776,52.75263641370287,53.03371937944591,19568400
2021-06-25,53.45534133911133,53.67855139011828,53.207324564811536,53.414003107618505,18438300
2021-06-28,52.09125900268555,53.3726653487018,51.876314703875416,53.3726653487018,20570000
2021-06-29,51.76884841918945,52.7195711226475,51.744047999440646,52.25660998079288,19579300
2021-06-30,52.149139404296875,52.273144656733095,51.62830851380342,51.83498708819521,17875500
2021-07-01,52.297943115234375,53.25693153830218,51.89285489067016,53.18253028182948,22530300
2021-07-02,52.22353744506836,52.34754584352682,51.60350176010524,52.09126329175614,14555300
2021-07-06,50.735443115234375,51.88457520242884,50.346889635166946,51.876309449092936,22110800
2021-07-07,49.941810607910156,51.099211886387806,49.28870555571684,50.57838099570639,21671400
2021-07-08,49.718589782714844,50.18981660830267,49.03241866009184,49.148158139546496,18935900
2021-07-09,50.619720458984375,50.80159862942182,49.801274999345964,50.18156285238331,20086000
2021-07-12,50.57012176513672,50.8429390494051,49.73514155210072,49.9500859230708,21809400
2021-07-13,50.33036804199219,50.8511957863034,50.024481476859144,50.42957287609935,17147300
2021-07-14,49.214290618896484,51.03306231601183,49.07375073207115,50.57010127288629,21573600
2021-07-15,48.734806060791016,49.35484175328539,48.58599724229919,48.91668105276409,15851100
2021-07-16,47.38725662231445,48.99108099880162,47.24671672524494,48.92494550419959,27049500
2021-07-19,45.758628845214844,46.46133779415561,45.138593206912944,45.99837671557102,37969100
2021-07-20,46.26293182373047,46.79202847517681,45.49408726657725,45.88264399971151,26756100
2021-07-21,47.75101852416992,48.19744502122198,46.98217709524459,47.0069775160814,20908700
2021-07-22,47.213661193847656,47.73449216327271,46.84163907282976,47.726223252991616,13493800
2021-07-23,47.15577697753906,47.36245551988067,46.68455015329336,47.36245551988067,14088200
2021-07-26,48.34624481201172,48.486787862354525,47.122708205467376,47.254982347967726,18387600
2021-07-27,47.80889892578125,47.95770462780116,47.296333687902774,47.95770462780116,16861400
2021-07-28,48.13130187988281,48.470254576769406,47.63527146617221,47.949423746155816,16855300
2021-07-29,48.71826934814453,49.04895629836547,48.41238596907208,48.77613909138353,18607800
2021-07-30,47.59393310546875,48.676929771423055,47.387254569087986,48.676929771423055,28652800
2021-08-02,47.60220718383789,48.82574387368083,47.453398369186026,47.577403612286226,20873800
2021-08-03,48.114768981933594,48.28837821395019,47.06484152778896,47.59393813221927,18208200
2021-08-04,46.99043273925781,47.85021621812238,46.96563232375772,47.27978143230635,20868300
2021-08-05,47.28805160522461,47.701408694162474,46.9821682424366,47.230181865066456,15180200
2021-08-06,47.83369064331055,48.007299892119406,47.56087340632676,47.668347150017176,14888500
2021-08-09,47.28805160522461,47.5525998898517,46.9821682424366,47.230181865066456,17828200
2021-08-10,48.09823226928711,48.2470410771502,47.37072289236362,47.46992771305088,16340200
2021-08-11,48.238773345947266,48.362781740079924,47.717945659384824,48.10649919724918,18278600
2021-08-12,48.12967300415039,48.498934977809675,47.72684437948354,48.17163692035518,19225500
2021-08-13,47.64292526245117,47.894692764914055,47.24848748104091,47.86112291087968,20063000
2021-08-16,46.94636154174805,47.072246883875366,46.38408093674642,47.01350124458855,16959500
2021-08-17,46.627464294433594,47.24849062845125,46.15749591083825,46.57710951002769,16243700
2021-08-18,45.645565032958984,46.83726927305177,45.57842852442566,46.50996798923502,21890500
2021-08-19,44.25244903564453,45.074891291936055,43.723735013243676,44.87347856052464,30923500
2021-08-20,44.26084518432617,44.5965341529506,43.73213113703039,43.86640736475972,16918300
2021-08-23,46.08196258544922,46.20784793825418,45.276305291410466,45.276305291410466,21632600
2021-08-24,46.45961380004883,46.87083329539913,46.16588238768693,46.400868157855925,17915600
2021-08-25,46.543540954589844,46.803702545861654,46.04839676565175,46.35891314273682,13270300
2021-08-26,45.91411590576172,46.61067596627642,45.8469793995155,46.325338611585664,11842600
2021-08-27,46.80370330810547,47.17296213922305,46.49319012736118,46.49319012736118,15822500
2021-08-30,46.29176712036133,47.282055363295676,46.25819726772689,47.198133933106945,14086100
2021-08-31,45.75467300415039,46.417663342731466,45.704318213400576,46.098756070778855,27104100
2021-09-01,45.125247955322266,45.956081109451226,44.98257766334795,45.72949257752353,21644100
2021-09-02,46.224639892578125,46.69460511818065,45.544864646605625,45.561649576291146,23293300
2021-09-03,46.04839324951172,46.42604611078004,45.821801532750726,46.25820003894995,13840000
2021-09-07,45.77983474731445,46.38407924525498,45.71269824831946,45.8805410965055,14354400
2021-09-08,45.360225677490234,46.30855322955367,45.326655823998315,45.981255161501025,18756700
2021-09-09,45.393802642822266,46.15749932172581,44.7308123387747,44.999364805989266,19110800
2021-09-10,45.30148696899414,46.35052104071427,45.276311175720195,46.31695118208372,15123700
2021-09-13,46.4680061340332,46.937974487855385,45.83858577512372,45.86376476643039,22052300
2021-09-14,45.805023193359375,46.80370243241827,45.662352901266516,46.73656271816333,19940300
2021-09-15,47.34919738769531,47.44151289250456,46.417657878960036,46.46800946238492,23240900
2021-09-16,46.845664978027344,47.382769907398966,46.57711251334153,47.382769907398966,17907200
2021-09-17,46.29176712036133,47.62613834930525,46.24141234140968,46.44282825581893,30000400
2021-09-20,45.058101654052734,45.46093027616456,44.44546625783699,45.13363222078603,27555100
2021-09-21,45.01613998413086,45.74626664612569,44.6888419356986,45.6287753673446,19696800
2021-09-22,46.3337287902832,46.921188417902535,45.62877787741949,45.67913265740883,25690600
2021-09-23,47.90309524536133,48.037371483692766,46.3924835623851,46.509974870750355,23069400
2021-09-24,48.331085205078125,48.524107039485145,47.56738872920815,47.58417365412142,22328600
2021-09-27,49.766170501708984,50.18578408638005,49.36334184459247,49.388517635225504,32972200
2021-09-28,50.286495208740234,50.756463620546384,49.94241216480652,50.26971348099527,37619300
2021-09-29,50.252925872802734,50.513084257152805,49.55636575679947,50.21935601630668,23422800
2021-09-30,49.36334228515625,50.49629769332063,49.354951422002884,50.45433697475855,31289600
2021-10-01,51.13410949707031,51.18446427758025,49.85848387006236,49.85848387006236,24407300
2021-10-04,51.79709243774414,52.09082061270469,51.15088725143394,51.46140035087752,33946700
2021-10-05,51.71317672729492,52.61954359719492,51.209641711615525,52.46848245221158,29641600
2021-10-06,50.764854431152344,51.293565258964634,50.14382489827422,50.748069503085624,25284900
2021-10-07,50.90751266479492,51.259989690104966,50.47111421514289,50.865551952623925,19513600
2021-10-08,52.18314743041992,52.38456016516751,51.4026658801282,51.4026658801282,22186900
2021-10-11,51.66282272338867,52.92166340494047,51.612467943623535,52.89648441435919,22121500
2021-10-12,51.39427947998047,52.015305867681114,51.06697815514594,51.671222814658336,20198600
2021-10-13,51.2515983581543,51.520150772037034,50.52986254532047,51.008221732636414,14991700
2021-10-14,52.032081604003906,52.21671259543302,51.33552155553761,51.78870497010141,18594500
2021-10-15,52.52722930908203,52.93005797119795,52.40134395155935,52.64472060202447,16092600
2021-10-18,52.502044677734375,52.98879469530703,52.2586680682495,52.946833983664106,18282800
2021-10-19,53.290924072265625,53.3832395710711,52.594364000477015,52.76221007090538,18933200
2021-10-20,53.58465576171875,53.60144068998742,52.63633132502152,52.778998413208676,14305200
2021-10-21,52.61113739013672,53.408403648784365,52.32580009340167,53.26573660111525,16564600
2021-10-22,52.972015380859375,53.055940014431116,52.32581010864538,52.678287166851845,14266800
2021-10-25,54.00426483154297,54.06301047485382,53.35806275512365,53.47555404174534,17939800
2021-10-26,55.25471878051758,55.338646627319584,54.01266604251528,54.121763279443826,25585100
2021-10-27,53.81964111328125,54.75957793611842,53.69375894691051,54.68405055713471,21764500
2021-10-28,53.97069549560547,54.10497491177274,53.40002398388199,53.559475988484394,16626400
2021-10-29,54.104976654052734,54.85188832284896,53.98748536252042,54.591729949141,23966300
2021-11-01,55.0784797668457,55.456135854939795,54.566550653923755,54.60851457575494,19656400
2021-11-02,54.398704528808594,54.927415337262694,54.264431511986416,54.574941464959956,16300000
2021-11-03,53.651790618896484,54.08818590879404,53.42519890987423,53.74410611532008,17372800
2021-11-04,54.054622650146484,54.45744808797625,53.567869376873524,54.28121115857637,17720100
2021-11-05,54.56654739379883,54.826712168576464,54.180503666639424,54.59172958707031,18565100
2021-11-08,55.15401077270508,55.70789737681594,54.868670204748724,55.0113436901245,17696000
2021-11-09,55.691123962402344,55.69951802815847,54.80993273909751,55.19597652752933,18781300
2021-11-10,54.59396743774414,55.835705082942,54.23675332734274,55.555036621596464,20177200
2021-11-11,54.696014404296875,55.13828096092215,54.4493669955718,54.593957882647146,13319300
2021-11-12,54.279273986816406,54.747054721424725,54.075154433916225,54.39834426674514,18158900
2021-11-15,54.747047424316406,55.08724447085809,53.76896469340225,54.22823524842343,18849200
2021-11-16,55.29988479614258,55.59756702009921,54.72154058699115,54.72154058699115,17028700
2021-11-17,54.696014404296875,55.486984891296956,54.58545100956202,54.755549538206864,15497000
2021-11-18,54.100669860839844,54.88313357304091,53.675416996968345,54.568450606636,16948200
2021-11-19,51.60017776489258,52.75686600244759,51.379047716852554,52.637795727008985,32035500
2021-11-22,52.31460189819336,53.190624937199786,51.30250132731944,51.30250132731944,21994400
2021-11-23,53.69243240356445,53.90505885491534,52.66331791326531,52.89295487005493,21185900
2021-11-24,53.9901008605957,54.30478705774162,53.22464768555791,53.22464768555791,15869700
2021-11-26,52.093475341796875,52.23805975685162,50.63911133948713,51.47260655562526,24979600
2021-11-29,52.382652282714844,53.70093562209237,52.12750119193567,53.216147576285294,18946400
2021-11-30,50.89426040649414,52.04244178542279,50.741169123380764,51.421573023650396,34979800
2021-12-01,50.85174560546875,52.7568768946643,50.81772459277039,51.79580761910311,30630600
2021-12-02,52.118995666503906,52.37415000831153,50.29891372888662,50.80921916807963,29216000
2021-12-03,51.787296295166016,52.92697416728362,51.328022396456966,52.66331620815315,22014700
2021-12-06,52.37413787841797,52.86742945319336,52.23805386394588,52.49320814665956,19210500
2021-12-07,52.96099853515625,53.60738153977405,52.81641085665165,53.02053368382806,19800400
2021-12-08,53.11408615112305,53.74345860601062,53.02052999702359,53.25016694497079,18214400
2021-12-09,53.25016403198242,53.386244818386025,52.569760099964384,52.77387965735886,16910300
2021-12-10,53.590362548828125,53.87953461563034,52.92696914327906,53.811495846958984,17942400
2021-12-13,52.41667556762695,53.343727058405236,52.178531727401094,53.13110059945996,17793700
2021-12-14,52.340126037597656,53.13109666586787,52.06796444985113,52.10198221500291,22551100
2021-12-15,52.1104850769043,52.30610100025757,51.0388460688033,52.042443062996135,19961900
2021-12-16,52.195533752441406,53.1140814631572,52.13599861316409,52.255068891718714,21187800
2021-12-17,51.05585479736328,52.118986894555896,50.76668273715002,51.83832170799632,44338100
2021-12-20,50.31591796875,50.392463612875545,49.295310461883346,50.00123176264358,21819300
2021-12-21,51.45560073852539,51.608692041598744,50.792207254822294,50.81772139052714,19798900
2021-12-22,51.872344970703125,52.19553480632787,51.004828752318225,51.31951495834098,14058300
2021-12-23,51.89786148071289,52.5952759392013,51.880850976308054,52.0254353971162,13543300
2021-12-27,52.637794494628906,52.68882600194568,51.38755014295152,51.8213098440901,12593700
2021-12-28,52.46770095825195,52.99501688344436,52.221056745189436,52.65481327005713,12781000
2021-12-29,52.0084342956543,52.391159334606165,51.81281509404564,52.289099540513824,12733600
2021-12-30,51.702247619628906,52.39115523132483,51.685237114542055,52.06796536794096,11940300
2021-12-31,52.04244613647461,52.28058995479548,51.625700132151565,51.65972114111483,14072000
2022-01-03,54.041133880615234,54.09216214705774,52.059454008411535,52.08497138605462,24282400
2022-01-04,56.073848724365234,56.2949820534645,54.517421523320365,54.54293565959251,38584000
2022-01-05,56.77126693725586,57.50270250604195,56.54163320698341,56.558640469326065,34033300
2022-01-06,58.1065559387207,58.24263998123078,57.043423689776866,57.834394342544854,30668500
2022-01-07,58.58283615112305,58.837990482231746,57.81738613548532,58.276653549330284,23985400
2022-01-10,58.234127044677734,58.82947844657747,57.79186044140054,58.65937989999001,22760300
2022-01-11,60.68358612060547,60.7261140051539,58.32768796450002,58.591342679936695,32936100
2022-01-12,60.504974365234375,61.074811621132476,60.079721519547405,60.504974365234375,23045100
2022-01-13,60.07122802734375,60.8792125074433,59.799066405030565,60.487980580920905,21043200
2022-01-14,61.1258544921875,61.36399507918094,60.04570848695313,60.088236372706675,23012900
2022-01-18,62.154972076416016,62.835372895961704,61.244931032529344,61.93383872786229,32841200
2022-01-19,62.18048095703125,62.81836032139238,61.70419977473849,62.72480416217853,26431600
2022-01-20,62.31655502319336,63.25211656292583,61.457548865939486,61.661668434224715,26774600
2022-01-21,61.38100051879883,62.240013172544835,60.4199313244236,62.240013172544835,35995200
2022-01-24,61.90831756591797,62.1549650250066,59.373807442987165,60.28384838363074,41507000
2022-01-25,63.728389739990234,63.99204441971861,60.71759890713519,61.7382031096297,39278400
2022-01-26,63.08201217651367,64.63843931200697,62.50366798627353,64.15365127672068,35252400
2022-01-27,63.890010833740234,64.64696062830409,62.92893493430738,64.17917974903627,29174700
2022-01-28,64.02606964111328,64.31524496046306,62.89489547481754,63.76241494402318,30595700
2022-01-31,64.60441589355469,64.99564775930126,63.16705910180019,63.76241701920542,36085500
2022-02-01,68.74638366699219,69.3247278562079,64.86807290272746,65.02116420248586,61033100
2022-02-02,68.5677719116211,68.72936358230561,67.31752749364692,68.09148430691826,30299300
2022-02-03,67.76830291748047,68.30411923955994,67.20696597057827,68.11700692392587,28529400
2022-02-04,69.23967742919922,70.19223973294511,68.78040353753144,68.78040353753144,32197500
2022-02-07,70.07315826416016,70.66000922468331,68.58477341319865,69.01002622775908,34949200
2022-02-08,68.26160430908203,70.16673567912969,67.97242893329593,69.97111647002336,34356300
2022-02-09,67.93482208251953,68.82055352323782,67.6854403027712,68.43358564201618,40106100
2022-02-10,67.28128051757812,68.5195884272351,66.89431257620045,67.69405200772388,28527700
2022-02-11,68.975341796875,69.06993511171687,67.27267525127972,67.60804916361757,42002100
2022-02-14,67.91761779785156,68.65715530237038,66.25794424118847,68.43357709530167,34652800
2022-02-15,67.06629943847656,67.23829029961597,65.71620234223965,66.12897384819372,25075100
2022-02-16,67.3758544921875,68.56256808495922,67.10927694518672,67.7542277027267,21733800
2022-02-17,67.27265930175781,68.0380002598224,67.03187220057029,67.4876428643777,23738800
2022-02-18,66.52452850341797,67.22107329722914,66.12035826871502,66.3525442405048,23394800
2022-02-22,65.75057220458984,68.61415484199327,64.76164650137144,68.51096036974153,35947800
2022-02-23,66.01715850830078,66.61911650203677,65.46680103794583,65.75058095381657,25385000
2022-02-24,65.18304443359375,67.96062948045365,63.66095653788889,67.9348324925231,46199900
2022-02-25,66.93728637695312,67.06627784107333,65.57859509578499,65.94836712718111,28310300
2022-02-28,67.43606567382812,67.87463413028915,65.52700992770596,65.7935940988936,32204600
2022-03-01,68.08101654052734,69.35372255737497,67.35867466991269,67.73704140942421,40002300
2022-03-02,69.25051879882812,70.64361494134506,68.63996613905253,69.31071394667138,44321400
2022-03-03,69.6890869140625,70.31683537320173,68.47657621998798,68.67436402540247,30196600
2022-03-04,72.3118896484375,72.47527930445193,69.36232058353457,69.69769451688445,42802200
2022-03-07,74.91748046875,75.01207376899971,72.14849090313795,73.02562102453383,55207900
2022-03-08,75.48503112792969,78.69258892493231,73.46418685319206,76.57715135317999,72082300
2022-03-09,71.19396209716797,74.44451272942591,70.17063817190969,72.26027880132952,65466700
2022-03-10,73.40399932861328,73.67917806825805,71.2885615374481,72.24308922576124,44644200
2022-03-11,73.02562713623047,74.1521456532733,72.20869208655144,72.2946842137631,35303400
2022-03-14,70.41143035888672,71.76152718208824,69.22472318052958,71.42615327166602,37462600
2022-03-15,66.40413665771484,68.08100614471616,65.67319371622142,67.78003041125169,47957900
2022-03-16,66.15476989746094,67.60806148973792,65.57001409945426,66.91150999338352,37812300
2022-03-17,67.91761779785156,68.06380506265305,66.27514004143282,67.22966769406581,34041900
2022-03-18,67.65103912353516,68.27019295453152,67.16087676745951,67.9864130218617,41461500
2022-03-21,70.68660736083984,70.96178611538251,68.57116945514704,68.89794873670203,33089300
2022-03-22,70.37702178955078,70.68659867044849,69.474094687581,70.19643636915683,23132200
2022-03-23,71.48635864257812,72.46668353026332,71.4175688629782,71.66694411549065,27716300
2022-03-24,71.70133209228516,72.79345251802204,71.15957575056619,71.7701284228848,19871600
2022-03-25,73.26639556884766,73.51577728895806,71.19395743531692,71.3057465260791,22398300
2022-03-28,71.21115112304688,71.64111823585026,70.53180229752424,71.5207279691275,21552400
2022-03-29,70.83279418945312,70.93598211170719,68.58836502952997,69.49129215314491,27036300
2022-03-30,72.04532623291016,72.24311409548339,71.12519639039488,71.42617221537073,22079000
2022-03-31,71.02197265625,72.57845824371815,70.9875810567815,71.26275977797714,27861500
2022-04-01,71.47775268554688,72.35488292356514,70.50602257392276,70.50602257392276,18671100
2022-04-04,71.51213073730469,71.94209783439543,70.55760325690107,71.85609916635549,20869400
2022-04-05,71.14237213134766,73.15461537444253,70.99617830469207,71.80451869847127,21753100
2022-04-06,71.93350982666016,72.83643695941281,71.3229572242907,71.73572203904094,24768200
2022-04-07,73.13741302490234,73.47278686872008,71.12516340121809,72.08829215520468,26122000
2022-04-08,74.67668914794922,74.99486719096622,73.24060048605278,73.24060048605278,24866500
2022-04-11,72.1054916381836,73.89415660378654,71.80451593742787,73.76516514324031,21800100
2022-04-12,73.61038970947266,74.65951081815048,73.42120307534658,73.7049830265357,22444200
2022-04-13,74.65090942382812,74.90889238977083,73.25781977791975,74.47892515371923,19306800
2022-04-14,75.52804565429688,76.06980200550089,74.15215182211098,74.53051852547505,24566400
2022-04-18,76.1471939086914,76.43956845614873,75.4592437628948,76.10419456428706,19032300
2022-04-19,75.46783447265625,76.2417766390971,75.04646195045196,75.68281804329105,20382600
2022-04-20,75.63982391357422,76.10418924541592,75.07227065961993,75.64842509400972,20689400
2022-04-21,74.84008026123047,77.2221019202293,74.6336978685042,76.49115252459657,29010900
2022-04-22,73.20620727539062,75.77741565021924,73.09441817418089,74.52191231357963,23591600
2022-04-25,70.73818969726562,71.08216469218428,68.18418405302464,70.83278298488769,37698300
2022-04-26,70.76399993896484,72.85364071590031,70.66940663361059,71.14237316038185,28941500
2022-04-27,72.78482818603516,73.50717630601773,70.75538300430014,71.70991046523386,32773000
2022-04-28,74.98626708984375,75.79460741786271,72.2946751374428,72.99121980942121,33683800
2022-04-29,73.30940246582031,75.79461218290784,72.8364359546327,75.79461218290784,34656500
2022-05-02,74.30693054199219,74.84868682213805,72.77624188362644,73.10302113644515,36335200
2022-05-03,75.83760833740234,76.34496642737608,74.05754459130004,74.1779348689473,33908100
2022-05-04,78.8559799194336,79.01076837006403,76.45676877582994,76.96412691019827,46188400
2022-05-05,77.6606674194336,79.15695788079617,76.00959507666622,79.14835670045869,41013400
2022-05-06,78.84739685058594,78.95918597433781,76.8351466975948,78.23684413942483,29619300
2022-05-09,72.63006591796875,77.01573048548178,72.2516926445871,76.91254254603548,45851600
2022-05-10,73.11162567138672,74.71970549037975,71.82172396782056,73.64478740407462,34483200
2022-05-11,74.63369750976562,76.48255753782529,74.19512918664962,74.32412064177527,33020600
2022-05-12,74.97252655029297,75.04202095580578,72.45317042391544,74.66846118574308,29491500
2022-05-13,77.19649505615234,77.27467873615826,75.01594850911715,75.89338069886144,25798400
2022-05-16,79.01216125488281,79.90697197712397,77.29205408657445,77.30074337109619,26101200
2022-05-17,80.01990509033203,80.3152744802874,79.1598515177174,79.68978519073804,23120700
2022-05-18,78.7515640258789,80.72360796372638,78.03919494279936,80.36742673617856,25451200
2022-05-19,79.17723083496094,80.18497582442015,77.31812147797629,77.31812147797629,24387400
2022-05-20,79.80272674560547,81.30564831536982,78.53436285258502,79.86353848609335,28795000
2022-05-23,81.56626892089844,82.33076027342321,80.40215663673693,80.49771888430031,27239300
2022-05-24,82.00933074951172,82.34813994888465,80.20234393420122,80.63671538242112,24293300
2022-05-25,83.65995788574219,83.85976507442396,82.07015652265623,82.1657187878461,29947800
2022-05-26,83.95531463623047,84.64162233330102,83.57306563330955,83.92056412433017,24314800
2022-05-27,84.7806167602539,85.07599279395683,82.79120134411868,83.35587892893533,25588800
2022-05-31,83.3993148803711,86.68316184330857,83.14737865464545,85.62329448956007,44888100
2022-06-01,84.99781036376953,85.75361914584018,83.93794949091192,84.28544138208728,25815400
2022-06-02,84.85011291503906,85.22367260718276,84.08562158999284,84.51999301676541,19089100
2022-06-03,86.08372497558594,86.57891475806203,85.0499255013153,85.0499255013153,21038200
2022-06-06,85.8665542602539,86.68317479475749,85.7188695421365,86.16193032447175,20682100
2022-06-07,89.80195617675781,89.8540786299298,86.43122947467832,86.61366468876267,37810200
2022-06-08,90.86183166503906,91.71320276329595,89.46316146387552,89.90621564355554,31613200
2022-06-09,88.89846801757812,90.84445037747805,88.75078330620694,89.84539465541036,26607000
2022-06-10,87.27392578125,89.78459265899855,86.69186952997592,88.55966840822747,30950500
2022-06-13,83.26900482177734,84.93698958268348,81.59233077612147,84.71980385981605,33421000
2022-06-14,83.48619842529297,85.71886760200286,82.76514016659333,84.6242562275728,31264000
2022-06-15,82.43502044677734,83.89450891130005,81.02765443985024,83.39063639459965,29620800
2022-06-16,79.39440155029297,80.90601212054555,78.43009654134354,80.28052289104824,35696700
2022-06-17,74.81614685058594,79.35966886522067,74.41652588034151,79.02085963766599,64610200
2022-06-21,79.47260284423828,80.38477890597451,76.9011180458655,76.9532471265235,35951500
2022-06-22,76.32775115966797,77.9783639830554,76.04106441407274,76.04975369884352,29727200
2022-06-23,74.02559661865234,77.36157347290013,72.55741870108125,77.02276420391968,35757200
2022-06-24,75.49376678466797,76.79688126324803,74.54683348368198,75.53719995716418,26639000
2022-06-27,77.34418487548828,78.22161712327366,76.16269391648505,76.2843174009722,25478700
2022-06-28,79.4899673461914,81.00157798415297,78.49091178618939,79.15984746350466,33096900
2022-06-29,76.55361938476562,80.96682785582179,76.2408714405515,80.77571000367466,25400900
2022-06-30,74.3991470336914,76.10188245067937,73.55646529669603,74.8335185164327,39948100
2022-07-01,76.0584487915039,76.345128931008,73.59121533880229,75.35476248694675,26327900
2022-07-05,73.6781005859375,75.3200245235213,72.11436697432545,75.0072764756021,34591100
2022-07-06,72.34891510009766,74.04296790629574,70.37687143038106,72.76591465134145,33375700
2022-07-07,74.65977478027344,75.37214376789605,74.10377979617691,74.17327419820171,23817400
2022-07-08,74.7813949584961,75.84126242125832,73.78233923730303,75.53719708542971,17673800
2022-07-11,74.3991470336914,74.8161465734355,73.28715709835093,73.99083677943733,15603800
2022-07-12,73.40877532958984,73.8865865776026,71.98403749840207,72.78327937873037,21013000
2022-07-13,73.70415496826172,74.981208273907,72.36629654404437,72.435790948691,19928600
2022-07-14,72.22728729248047,72.37497200113752,70.0988697468289,71.10660810776355,26343000
2022-07-15,73.44351959228516,73.73888897284769,72.01878188231835,73.66939458376237,17243700
2022-07-18,74.79876708984375,76.39725757337979,74.49470838123119,75.21576662450008,19395800
2022-07-19,76.6839370727539,76.9011228096664,74.92907923481327,75.07676394519792,18248900
2022-07-20,77.52661895751953,77.88280674824613,75.79782234385026,76.08450910790101,16584400
2022-07-21,76.23220825195312,76.27564805884583,74.02559994707983,75.51983916360695,21375700
2022-07-22,75.65011596679688,76.85766779051745,75.2591777746979,76.05842609659808,15479500
2022-07-25,78.16948699951172,78.29979312869389,75.9455007270583,76.58837522827378,17536400
2022-07-26,77.86544036865234,79.29886778534916,77.31813461085193,79.16855499692514,15141200
2022-07-27,79.55079650878906,79.92435626514767,77.66562578325099,78.43011723971325,18047000
2022-07-28,80.48033142089844,81.01026505228326,79.06428306128575,80.08071053342458,20353100
2022-07-29,84.2072525024414,84.71980764990712,81.74870841887899,82.05276711889955,29825800
2022-08-01,82.07884979248047,82.83465203641195,80.99292093351339,82.3481580285495,20793200
2022-08-02,81.72264099121094,82.70431804193609,81.50545527510504,82.26126395322713,16722500
2022-08-03,79.0729751586914,82.02670231877492,78.87316800508735,82.02670231877492,23580800
2022-08-04,75.74571228027344,78.48224771652448,75.08546567479831,78.45618648425295,31821500
2022-08-05,76.84029388427734,77.91753967060113,74.95512370018255,75.02462471116755,17408000
2022-08-08,77.27467346191406,77.83935763712843,76.64049489632066,76.9793040758529,14458500
2022-08-09,78.69941711425781,79.5855385950151,78.14342218153978,78.23030177501268,19083400
2022-08-10,79.44654846191406,79.74192454245622,77.4831939610646,78.77761923654177,18302000
2022-08-11,81.74478149414062,82.71845629802962,80.20970944921079,80.56057770557406,18797900
2022-08-12,82.45527648925781,82.47281722045885,80.79739965693877,81.1219600693984,15058200
2022-08-15,80.98162078857422,81.34126941505411,78.64831499641116,79.41146073840513,20755200
2022-08-16,80.22721862792969,81.48159155893512,80.07809900839277,80.72721305819728,14038200
2022-08-17,80.87635803222656,81.76231570128098,79.75356363980006,80.06057668579442,13678000
2022-08-18,82.78861236572266,83.60439364359733,81.65704435496863,81.70967993870313,17770400
2022-08-19,82.52545928955078,83.50790093122859,82.27984887913134,82.59563560463684,16128600
2022-08-22,82.46406555175781,82.88511010277257,80.57811870846838,81.94652353784002,16019900
2022-08-23,85.9640121459961,86.32366071527643,83.72719078565287,83.8149145192987,23764700
2022-08-24,86.47278594970703,86.81488711744065,85.40262057684528,85.97279142052854,17050300
2022-08-25,86.92013549804688,87.59557074045173,86.05172545019303,86.77101586513498,15305700
2022-08-26,85.84999084472656,87.63944680678203,85.45525407364227,86.63945100213104,15531400
2022-08-29,87.82364654541016,89.08678669650907,86.08681963562465,86.12190779154149,23059200
2022-08-30,84.48158264160156,86.50788208235102,84.05176438730174,86.27981238537502,17086800
2022-08-31,83.8499984741211,84.94647825347124,82.09563082716086,82.48159385105419,18340900
2022-09-01,82.34124755859375,83.39386546520572,80.95529551739556,82.82369464396531,16423000
2022-09-02,83.8499984741211,84.9026230777261,83.42895398658426,84.5166600538328,18206800
2022-09-06,83.28861236572266,84.72719349089013,82.9026559832222,84.35001082165037,19201500
2022-09-07,82.57808685302734,82.97281690737687,80.96407178626825,81.74476487500871,16274700
2022-09-08,83.25350189208984,83.7008607267916,82.20965122635903,83.03420598365093,18759200
2022-09-09,84.64824676513672,85.08683871728769,83.61316949036515,84.66578749857464,17158000
2022-09-12,85.62190246582031,87.00785433374843,84.98155541289282,85.65699061730488,16118900
2022-09-13,83.62194061279297,85.77103843480405,83.25352499057081,84.74473490473582,18229100
2022-09-14,85.6745376586914,86.45523068269202,84.34122126595206,84.37630942002166,22655700
2022-09-15,83.18334197998047,84.68332548607127,82.4991396816634,84.402626935675,21092300
2022-09-16,81.76231384277344,83.63071321653995,80.70092208367188,83.3938764985513,37874700
2022-09-19,81.7535400390625,82.00792418321753,79.8237380596288,79.83251177284306,15342100
2022-09-20,81.08688354492188,81.51670179099911,80.38513373336615,81.34126768430127,14712500
2022-09-21,79.77986145019531,82.35001017190422,79.70969183458885,82.07808534392888,17332400
2022-09-22,79.44654083251953,81.27985855457464,79.40267896317413,80.87634809526556,16139400
2022-09-23,75.21852111816406,76.75359297771843,74.4290542519168,76.75359297771843,27738800
2022-09-26,73.66590881347656,75.63079892753733,73.58695878035141,74.4729164166323,22043400
2022-09-27,75.20974731445312,76.27991276603379,74.39396600237788,75.09571581428126,17307300
2022-09-28,77.94656372070312,78.33252678733338,75.36764085255047,75.54308165210158,19543300
2022-09-29,77.78866577148438,78.3851510701063,76.42902809756646,77.35007383697948,17896000
2022-09-30,76.5869140625,78.10444495392387,76.5869140625,77.34129265235725,21357600
2022-10-03,80.63074493408203,81.01670800338273,78.70094297234304,78.98164156118476,23881300
2022-10-04,83.5693130493164,83.64826308587318,81.32372424992626,81.78863067863914,22133700
2022-10-05,86.94647979736328,87.7096255881654,83.9114239846013,83.99036733162934,34857700
2022-10-06,89.525390625,89.63065510688146,86.25349828201026,86.37630349801412,29124700
2022-10-07,88.62187957763672,90.63063131296911,87.87627467488609,89.63941601330123,24507600
2022-10-10,86.70085144042969,89.4990701576935,86.59559365801046,89.0253900596613,16786100
2022-10-11,85.9640121459961,87.50785750330114,84.86753239923594,85.27980985479876,17804100
2022-10-12,86.3412094116211,86.76226061786706,85.28859143457902,85.52542813707983,12635800
2022-10-13,89.35871887207031,89.86748040555638,85.43770609432183,85.56928500685744,22019100
2022-10-14,87.00786590576172,89.683272561578,86.87628699328975,88.70083095886785,15222000
2022-10-17,88.26223754882812,89.4464343562316,88.1569730821593,88.65696758716882,14283200
2022-10-18,88.42013549804688,89.77976646151363,87.04295710969932,89.06924967862057,14065400
2022-10-19,91.04291534423828,91.21834944258403,88.79732676197978,88.8148674948616,20921700
2022-10-20,91.16571044921875,92.10429682536292,90.70957782863609,91.50781158775104,17649000
2022-10-21,92.85869598388672,93.33237613273295,91.1481899122608,91.62186336872443,22814100
2022-10-24,93.50779724121094,94.45515740710171,92.2095688885888,92.68324897153418,17024200
2022-10-25,92.8762435913086,94.1481644626208,92.16572666165416,93.34115675333636,15719800
2022-10-26,93.9814682006836,94.58672714108714,92.98147924233575,93.20954889547609,17383800
2022-10-27,94.34112548828125,96.12180762816496,94.22708730496663,95.09550413262336,18214000
2022-10-28,97.10424041748047,97.55160601292043,94.84111138278999,96.01653441928666,28169400
2022-10-31,97.20074462890625,99.04283615028754,95.99900698372512,96.05163587551934,26401800
2022-11-01,98.16566467285156,98.74460263293345,97.06041095875348,98.56916850984992,22213100
2022-11-02,96.14812469482422,98.33231066109042,95.88496685640966,97.87617799253793,20654200
2022-11-03,97.45512390136719,98.08669734093932,95.00778016921602,95.24462355524638,17103700
2022-11-04,98.51651000976562,99.56036086880674,97.1919672960167,99.12176897070627,17541500
2022-11-07,99.68317413330078,99.99018714834469,98.35862461996078,98.60424172437769,16008000
2022-11-08,99.99896240234375,100.57790697596378,98.77090363085613,99.54282972901618,14661000
2022-11-09,95.52532958984375,99.36739272458057,95.23585729200123,99.20949935233756,19522800
2022-11-10,96.9288101196289,97.1042442030739,94.35866131211002,96.65688528257478,20146700
2022-11-11,99.95512390136719,100.4375778255174,98.67443593916714,98.75338598692966,20518900
2022-11-14,100.24691009521484,101.36989885956451,99.4687697738474,99.59256359838177,20858300
2022-11-15,100.9189224243164,101.27262192428351,99.80477810686675,100.62712657713112,19373800
2022-11-16,99.84015655517578,101.03388655813325,98.9116961382881,100.30880556219736,13591000
2022-11-17,99.9727783203125,100.09657213110795,97.9301736959309,98.40766700025193,12425900
2022-11-18,99.10621643066406,99.45991590558116,96.92212942527661,98.06280669009965,15415000
2022-11-21,98.12471771240234,98.32809038602198,95.03870301084189,97.25815421146967,20973000
2022-11-22,100.96314239501953,101.21957437654709,98.53146748834396,99.22117783701808,17719100
2022-11-23,100.4591064453125,100.75974660124662,99.12389418828164,99.31842922859481,11546700
2022-11-25,100.10541534423828,101.34336018448249,99.97277719238058,100.69785811011185,7136000
2022-11-28,97.0989990234375,98.55800549017108,96.93099696100107,97.85061311732854,23015500
2022-11-29,97.74449920654297,98.8586504349217,97.08131507593193,97.80639612221636,14453200
2022-11-30,98.45187377929688,98.94705576148642,97.0724531956228,98.62872689659908,23158100
2022-12-01,97.9743881225586,99.09737675608788,97.42615357330227,98.71715098323813,14398300
2022-12-02,97.14319610595703,98.77904867803807,96.55959092825144,96.83371157819955,15248400
2022-12-05,94.48162078857422,98.46956947997444,93.67696097285233,97.88596427068104,19287700
2022-12-06,91.85540008544922,94.64961849447012,91.20990478908153,93.64157938393886,21197000
2022-12-07,91.65203094482422,92.71312265553227,90.52019798773388,91.76698041050301,20061700
2022-12-08,92.3329086303711,94.43741712719195,91.70509516797097,93.97760571349268,21128800
2022-12-09,91.55476379394531,93.68579156648288,91.3425468001827,92.4832173580671,21298200
2022-12-12,93.8095932006836,93.94223136269619,91.598979654664,91.81120341238704,20413200
2022-12-13,94.83533477783203,95.97601234135414,94.63195533396421,95.32167252647801,24305300
2022-12-14,94.13677215576172,95.76378733257552,93.50895868008463,95.48966664875323,17597300
2022-12-15,93.23484802246094,93.88034346193584,91.69625598948416,93.13758047740178,15365100
2022-12-16,92.58048248291016,93.35862268360542,91.19221759770008,91.68739956530335,54596600
2022-12-19,92.9960708618164,93.90684238539488,92.29751630823294,93.07565644197444,13611100
2022-12-20,94.34014129638672,95.06522223464236,92.90766135903722,92.99608454735976,14680000
2022-12-21,95.55155181884766,96.02020078209098,94.75573638872103,95.75493122080103,13565400
2022-12-22,93.62390899658203,95.66652064289907,92.0499531215356,95.40124430038799,13213000
2022-12-23,96.09978485107422,96.15283741324075,94.52582920840518,94.57003742812508,11539400
2022-12-27,97.43498992919922,97.68257752913131,96.23241580416666,96.62147914137876,11962100
2022-12-28,95.83451080322266,97.26699073174258,95.41007680338795,97.18741188661987,10702100
2022-12-29,96.55958557128906,97.01939691238212,95.48964955111046,95.48964955111046,10534000
2022-12-30,97.53227233886719,97.70911872402773,96.03789542310918,96.03789542310918,11799600
2023-01-03,94.18098449707031,97.28468116032171,93.27905036276509,97.07246414188529,15146200
2023-01-04,94.45509338378906,94.75574032792433,92.63355001809687,92.6689206436573,18058400
2023-01-05,96.56845092773438,97.2227907134053,94.00413761036516,94.03066389615134,15946600
2023-01-06,97.73565673828125,99.02665439443025,96.97520504755187,97.33774895078103,16348100
2023-01-09,95.91409301757812,98.7171491235989,95.33048785553247,98.7171491235989,17964600
2023-01-10,97.3465805053711,97.5588042753703,95.50735505584743,97.0813109122584,15104600
2023-01-11,98.4783935546875,98.54912804583326,96.46230876627968,98.14237605015833,16710400
2023-01-12,100.11426544189453,100.57407008234286,98.80557927926048,98.87632053048546,15357300
2023-01-13,100.05237579345703,100.35301601359217,99.17697467136394,100.01700516527804,12011400
2023-01-17,99.85784149169922,100.87472513445225,99.6279357798685,100.28228228690536,16542200
2023-01-18,97.80638885498047,100.91009224458013,97.62069812175756,100.14964062494879,16399700
2023-01-19,98.43417358398438,99.15041002401131,96.89558885322987,97.32886710431052,12928000
2023-01-20,100.22921752929688,100.30880312556474,97.80638695484154,98.46957102329246,16515600
2023-01-23,99.7074966430664,101.3256603293212,99.60138478402679,100.4856300372559,16584400
2023-01-24,100.63597869873047,100.82166944510679,92.73082847671083,96.52424250020444,13583000
2023-01-25,100.10541534423828,100.49448545735245,98.4960890757978,100.12310402915618,11914700
2023-01-26,104.12874603271484,104.1464279733534,101.10462146796013,101.44063905640921,21019700
2023-01-27,102.22760009765625,104.04914326442632,102.03306505144657,103.41248556637876,15179200
2023-01-30,100.41492462158203,102.12151883900319,100.05238744647363,101.76781926227571,18672100
2023-01-31,102.58131408691406,102.92616926445515,97.64722297497009,99.12391122200573,27861800
2023-02-01,101.45831298828125,103.79272025122926,100.2203681073223,102.42214396030714,19464900
2023-02-02,98.28388977050781,101.75013055006832,97.11668596733917,101.55559545849724,24562100
2023-02-03,98.9647445678711,100.90124417261217,98.64641568089291,98.94706262804212,20226600
2023-02-06,98.79673767089844,99.99930516160761,97.549948467148,99.35380982259689,13855200
2023-02-07,101.61749267578125,101.96234788595012,99.05317934032047,99.3803526085931,16013300
2023-02-08,100.73323059082031,102.42214248001505,100.6713336849798,101.73243217314736,18459700
2023-02-09,101.11344909667969,102.78467218044058,100.96312901420002,101.35219910650626,17439300
2023-02-10,105.37551879882812,105.78227085822293,102.71394510064111,103.02342962993534,24918600
2023-02-13,104.96564483642578,105.3042412346242,103.2726492490959,104.89435923738331,14536200
2023-02-14,103.7359848022461,104.97454310689795,103.37956363009289,104.26170756075997,12079000
2023-02-15,103.42411804199219,103.441936041289,101.70439218769393,103.11225206803516,13663400
2023-02-16,103.12117767333984,104.0567757150315,102.29250123745908,102.74693165849393,11360600
2023-02-17,99.15599060058594,101.74894799574247,98.88867982051423,101.74894799574247,20758300
2023-02-21,99.05796813964844,100.13613718465054,98.73718978597549,98.73718978597549,14469400
2023-02-22,97.77487182617188,98.87977138404774,96.80362426460337,98.44315900038342,13973800
2023-02-23,98.67483520507812,99.64608284747972,97.92635677078925,98.66592960336224,11289400
2023-02-24,98.6837387084961,98.87085830019925,97.14221997946264,97.41844996564515,14351000
2023-02-27,98.50554656982422,99.13819103793254,97.97982371436143,98.72830899372869,11710500
2023-02-28,97.93524932861328,99.22726832524974,97.3204230263213,99.12033994280003,18107000
2023-03-01,98.80848693847656,99.67280611490085,97.33825377844742,97.40062697684047,13200000
2023-03-02,99.26293182373047,99.53024263835877,98.16693776906345,98.56791418825986,10339900
2023-03-03,100.519287109375,101.01827942825078,97.97088511747178,98.05999550174208,13006700
2023-03-06,101.41034698486328,101.4370773836233,99.68171548275244,99.78863707779253,14347400
2023-03-07,99.45004272460938,100.8400778738256,99.0579787396843,100.51929948582668,11525300
2023-03-08,97.99761199951172,100.17176782393297,97.18675381551888,99.11142370400705,13509800
2023-03-09,97.240234375,100.00249340236701,97.15113078015524,98.7906654776065,12961200
2023-03-10,96.03731536865234,98.94213868286252,95.47595662312314,97.6233824131807,15795700
2023-03-13,94.93241119384766,96.10859622039146,92.41965196449645,93.86314775270097,20745600
2023-03-14,95.2888412475586,97.1333135479092,93.52456014375132,94.7631184769343,18263500
2023-03-15,90.5484619140625,92.84736469297809,89.30099112662504,91.61771870434096,25733800
2023-03-16,90.02273559570312,90.6019191669989,87.34067452744245,88.31192207896954,27465200
2023-03-17,88.9623794555664,90.53954088886348,88.33864752035572,89.63957898391531,43199500
2023-03-20,91.28802490234375,91.31476209966388,88.6594314138635,88.77526540957608,32042100
2023-03-21,95.37796020507812,95.59181022847245,92.78500232851445,92.82064513210845,31592300
2023-03-22,93.19486236572266,95.50268406673912,93.16813196888165,95.16408770980617,14952700
2023-03-23,92.14344787597656,94.7542168329142,91.27912862489582,93.88099197998577,14385900
2023-03-24,92.25035858154297,92.53549416486746,89.91581311750139,90.4147986887771,13401600
2023-03-27,94.2730484008789,94.87896238796156,92.5889652364314,93.32853122214578,14805900
2023-03-28,95.44923400878906,95.92148920121244,93.72950803751957,93.95227043380748,11047600
2023-03-29,97.08876037597656,97.26697436895958,95.77891641976845,96.28681440297478,14219100
2023-03-30,97.56101989746094,97.632305497823,96.69670068803575,97.61448749681699,11578200
2023-03-31,97.71249389648438,98.16692425825963,97.16895314392808,97.73031189573958,14418000
2023-04-03,103.47758483886719,104.11914162145122,100.79553050913222,101.03611090351684,28087700
2023-04-04,102.48851776123047,103.98548129923331,101.73112699219475,103.59342411420617,16365500
2023-04-05,104.24388122558594,104.25279362425464,101.85586824500108,102.78256055966354,16479500
2023-04-06,102.51525115966797,104.41318421148469,102.26575158077267,104.12804863377276,15778000
2023-04-10,102.06082153320312,103.52214232666908,101.7311307353695,102.27467153273818,13006600
2023-04-11,102.78256225585938,103.53995299915736,101.91824312127746,102.43505348189714,11758500
2023-04-12,102.6756362915039,103.88745735028841,102.40831872375888,103.5043125937117,10919000
2023-04-13,103.15680694580078,103.26373534280415,101.69548617759872,102.11428056815093,12399700
2023-04-14,103.40630340576172,103.94984417726504,102.57762704905738,103.27264461309936,11530800
2023-04-17,102.20338439941406,103.81618876658746,101.9538916040066,102.90731438541017,13260400
2023-04-18,104.19933319091797,104.43991357046262,101.84696299865949,101.9271541924516,17436100
2023-04-19,103.86963653564453,104.1636844925587,103.15679423976195,103.43302419845463,10682600
2023-04-20,103.04097747802734,103.07662027859556,100.89355142960301,102.58654026849399,17038700
2023-04-21,103.37066650390625,104.14587530886092,102.7023793006452,103.79836650701868,14315300
2023-04-24,105.32205200195312,105.93687835467365,103.25481735887792,103.29046015595125,15831300
2023-04-25,103.82510375976562,104.91218543652329,103.03207010341016,104.74289062327883,12179800
2023-04-26,102.87167358398438,104.33299438389295,102.18556838329042,103.38848398346079,15566100
2023-04-27,104.101318359375,104.26170754691421,102.36376769467202,103.02314924242684,16279200
2023-04-28,105.44680786132812,106.85466788038768,104.10132784137473,104.47556704699743,24381900
2023-05-01,102.17665100097656,104.5201156851399,101.9806190108613,103.35283614349954,17355000
2023-05-02,98.10456085205078,101.52619489475417,97.3828128422563,101.52619489475417,24324100
2023-05-03,96.17098236083984,97.84615313991577,96.01950556235205,97.19569074727107,16212300
2023-05-04,94.48690032958984,96.90164392801576,94.37106632901671,96.14425312821218,17177200
2023-05-05,96.83928680419922,97.50757411464461,95.81457823521562,96.72345278439659,14968200
2023-05-08,97.22242736816406,98.87978025271248,97.1600541649034,98.460985831604,11187800
2023-05-09,97.2491455078125,98.22039303403028,96.42046917002494,96.53630316199819,11370800
2023-05-10,96.00167083740234,98.02435700117825,95.08389094382916,97.7837698301792,14884800
2023-05-11,94.26415252685547,95.1819326685878,93.49784920890674,94.88788462371143,17165900
2023-05-12,94.2552261352539,95.35122014066874,93.36417653019662,94.72748133822724,12613300
2023-05-15,94.43497467041016,95.20792733140733,93.9945736426379,94.83044073617398,13715600
2023-05-16,92.14308166503906,94.2012922413337,91.69369088917978,94.039511287738,14795200
2023-05-17,94.21028137207031,94.57878509734566,92.43968062940567,92.92502348707713,14064700
2023-05-18,95.06411743164062,95.1899531518068,93.59011630170319,93.96760974788424,12005600
2023-05-19,95.5045394897461,96.21457781194741,95.10907337177073,95.7831596053234,13359600
2023-05-22,94.3450927734375,96.20557015724323,94.26419887475456,95.12702827014114,12882000
2023-05-23,95.63036346435547,97.26614569955332,95.04615405382208,95.26185971748569,14394400
2023-05-24,96.69990539550781,97.52678964767736,95.92695955732621,96.51116208950495,16340300
2023-05-25,94.96526336669922,95.65732215399697,94.11141676639673,95.21692110753476,14316500
2023-05-26,94.3450927734375,96.1246762585603,94.2192639151827,95.69326498944625,12370300
2023-05-30,93.50923156738281,93.58113573578032,92.22397370020268,92.8351454172637,11938000
2023-05-31,91.8375015258789,92.61045422826227,91.44203543894065,91.93636804761347,24926100
2023-06-01,92.89807891845703,94.89337542950693,91.01063868214185,91.45103980394464,13551900
2023-06-02,95.05513763427734,95.3876824156491,93.94963332241716,94.51587008146024,14112000
2023-06-05,94.6327133178711,96.3403996901627,94.45295288769556,96.3403996901627,10628000
2023-06-06,95.40567016601562,95.51351957164312,93.45531569977682,93.6081069291888,12209800
2023-06-07,97.54476165771484,97.86832356804699,95.92695896321322,95.98088366254888,16027100
2023-06-08,97.23918151855469,98.0930212783072,95.18097087359959,97.76046962450039,13517100
2023-06-09,96.52015686035156,97.61667152523046,96.31344092939476,97.48185291186412,12251600
2023-06-12,95.64833068847656,96.22355033059999,94.87537800865589,95.10007339564658,14112000
2023-06-13,95.66630554199219,97.3739849149709,95.5224972098229,96.51115549343129,13533800
2023-06-14,94.51588439941406,97.16728760242808,93.82381866844646,96.57408840445585,16627700
2023-06-15,95.17198181152344,96.19659227334364,94.76753283975837,94.82145754075123,16224100
2023-06-16,94.48890686035156,95.96290813142538,94.3361156345211,95.59441124223663,43128900
2023-06-20,92.32283782958984,94.1653358112984,91.78357029487414,94.08444876681249,17514100
2023-06-21,93.35645294189453,94.03952206230872,91.97232837080287,92.1251196063829,13285700
2023-06-22,92.84413146972656,93.37440926201596,92.25992212469889,92.4306859464206,12455300
2023-06-23,92.03523254394531,92.41271915108315,91.33418402864389,92.20599637641676,17933600
2023-06-26,93.73392486572266,94.29117187266951,91.85546793678613,91.85546793678613,14283400
2023-06-27,93.96761322021484,94.02153791859389,92.8171670832428,93.51822244796544,13227500
2023-06-28,94.73158264160156,95.1090692703944,92.75425899415244,93.75190712536171,13084100
2023-06-29,95.89997100830078,95.92694020985536,94.48888450855404,94.96524440247582,11364400
2023-06-30,96.39431762695312,96.96054751366715,95.99885156547482,96.45723205881025,13544700
2023-07-03,96.58306884765625,97.48185043774107,96.23254457609592,96.61003119821329,7397000
2023-07-05,96.08873748779297,96.99650190372355,95.36071977938144,96.73585443492918,12491200
2023-07-06,92.50259399414062,95.01918503657284,92.06219296172061,94.45294828058817,17961400
2023-07-07,92.71831512451172,93.47328839317383,91.28025904811985,91.60382097959206,21929200
2023-07-10,94.09345245361328,94.14737715793291,92.34981387090794,92.54754692962625,14877600
2023-07-11,95.2438735961914,95.41464427000291,94.20128379820734,94.60573957452534,12576500
2023-07-12,95.71125030517578,96.75384024870365,95.38768838181606,96.16963083946196,13238200
2023-07-13,93.9586410522461,95.47758434073735,92.86212626579633,95.24389917547093,26826800
2023-07-14,90.72300720214844,93.51821822797928,90.35450349409624,93.51821822797928,28181900
2023-07-17,91.11846923828125,91.37911670539944,90.07588622696743,90.52527699293142,18051300
2023-07-18,90.70503997802734,91.8554793612464,90.18374498964384,90.70503997802734,24617800
2023-07-19,91.33419036865234,92.0352389326174,90.5971897171558,90.82188512135791,15556500
2023-07-20,92.94302368164062,93.16771911822849,91.99930010510738,92.16108109373707,15740200
2023-07-21,93.37442779541016,93.81482889676016,92.80819780796014,93.61710268800303,17121500
2023-07-24,94.83942413330078,95.41465062172291,93.43732713924152,93.79684112307076,15090900
2023-07-25,94.98323059082031,95.3517274455158,93.9586202143282,94.42598358405003,14116100
2023-07-26,94.45295715332031,95.01919396249619,94.04850816718861,94.47093662572948,15159600
2023-07-27,94.74955749511719,96.16064437555582,94.1383857143257,95.27085248461927,17677900
2023-07-28,93.6170883178711,94.51586985614333,91.96332672172755,94.47092803636613,17566400
2023-07-31,96.38534545898438,96.94259256925328,94.54284712897858,94.54284712897858,24197000
2023-08-01,95.8281021118164,96.45724652474189,94.84842654636407,96.12469484524709,14177400
2023-08-02,94.6327133178711,95.61238194798051,93.98558948355772,95.50453254703446,13484100
2023-08-03,96.27747344970703,96.96054242914799,94.64169145004213,95.17196922543643,16280400
2023-08-04,96.54711151123047,98.18289364194919,96.46622446395773,97.0324543663438,14279600
2023-08-07,96.34937286376953,97.44588737733368,95.72921829931855,96.97852402027218,12410800
2023-08-08,96.82575225830078,96.84372487453778,94.22826692523645,95.30680904277554,14065600
2023-08-09,98.47051239013672,99.2434651342426,97.34703536174557,97.70654938226265,19919600
2023-08-10,98.97382354736328,100.3309787067306,98.36265183888175,99.0367379795382,15837200
2023-08-11,100.51072692871094,100.7264325475417,98.91089711282994,99.19850689032363,14047000
2023-08-14,100.59162139892578,100.64555295048797,99.56701106230463,100.37591576415251,12973400
2023-08-15,98.00910186767578,100.45570196921948,97.83693130550508,100.3560250030543,14909600
2023-08-16,96.35990905761719,99.06930032454547,96.3055423142575,98.11784083552955,13695100
2023-08-17,98.22659301757812,99.81235441389808,97.3385635937557,97.3385635937557,16709500
2023-08-18,99.7126693725586,99.8576496649821,97.51978973520309,97.5379096792421,16224000
2023-08-21,98.50748443603516,100.56444711124797,97.99097963850673,100.00263208573435,11092400
2023-08-22,97.95474243164062,99.42270685365662,97.81881864774401,98.92432195049263,10518800
2023-08-23,97.0938949584961,97.22981873068366,95.79810123526576,96.9942179864499,11435600
2023-08-24,96.36897277832031,97.65570307311815,96.11525209071175,96.43240295022245,10818500
2023-08-25,98.09066772460938,98.70684956283229,96.61364676408238,97.34762552969683,13579300
2023-08-28,98.91525268554688,99.71266151446065,98.26282413763109,98.27188065225164,10382100
2023-08-29,99.5042495727539,99.69454009070303,98.24470263487376,99.36833271234048,9665000
2023-08-30,100.47382354736328,100.70942428153225,99.65829477581755,100.07512258958113,11922100
2023-08-31,100.7547378540039,100.96314831112169,100.23823305530009,100.6913076827024,17479800
2023-09-01,102.86605834960938,103.13790588607655,101.66994163321985,101.66994163321985,14843500
2023-09-05,102.87513732910156,104.9592836547517,102.8479539540196,103.39164219577192,18304000
2023-09-06,103.76315307617188,103.83563976237589,102.60328313646578,102.82982045010745,13325500
2023-09-07,103.25570678710938,104.97739178671779,103.0291694690917,103.89001542558105,13248500
2023-09-08,104.75992584228516,105.15863376451327,103.59099236305616,103.78128289501845,14283200
2023-09-11,103.44600677490234,105.72949995507909,102.91137509621349,105.27642530784502,14383600
2023-09-12,106.4634780883789,106.6265852370249,104.45182555953512,104.51525573326576,20145800
2023-09-13,105.51202392578125,106.88936778362799,105.02270248706232,106.39098982977431,13472800
2023-09-14,107.39680480957031,107.52367206338413,106.31849191579839,106.51784585460145,15210700
2023-09-15,105.74761199951172,107.3877468010694,105.56638491950433,106.83499521966593,34568400
2023-09-18,106.59939575195312,107.14308391180728,105.74761325638057,106.49971878275336,14045300
2023-09-19,106.31848907470703,107.68676941198231,105.6660605336479,107.48742239187635,12562900
2023-09-20,105.47577667236328,106.94373406884836,105.40328307137456,105.60263701740841,11879900
2023-09-21,103.98970031738281,106.35475065065532,103.844713104393,106.00135296070617,14400600
2023-09-22,104.15279388427734,105.72949159625674,104.03499006075278,104.85052574397312,13197300
2023-09-25,105.32173156738281,105.70231259750297,104.05312122027877,104.28871505033207,11316000
2023-09-26,105.4848403930664,105.77480788445435,104.54244431771302,104.66024123461833,11805400
2023-09-27,108.91913604736328,109.1909835851224,106.38192231954845,106.82593351207629,23976200
2023-09-28,108.25765228271484,109.37221199160076,107.09778234586405,108.71979033714982,16808100
2023-09-29,106.54503631591797,107.99487381273642,105.77481079386165,107.92238020955287,18813600
2023-10-02,104.77803039550781,106.7353160025194,103.79939450537184,106.49971527277842,14395000
2023-10-03,104.95926666259766,105.5120182443478,104.23434451537355,104.60586901700265,13297100
2023-10-04,101.03565216064453,103.382575650263,100.12950281391228,103.34633576016009,19622200
2023-10-05,98.7612075805664,100.49195601483106,98.49842346112135,99.49519319466137,20128800
2023-10-06,97.11203002929688,98.1087929916572,95.24536446814729,95.80717958779863,25367500
2023-10-09,100.51007843017578,101.55215150508566,99.24146803086683,100.07513063881703,22369900
2023-10-10,100.08418273925781,100.99033199688212,99.78515873840313,100.60068753956887,13892000
2023-10-11,96.4958267211914,97.11200845595435,94.99162263870438,96.92171795287062,57939000
2023-10-12,96.47770690917969,97.71912689478707,96.13336578691329,97.49258959366225,31183000
2023-10-13,99.5586166381836,99.8576406246641,97.71912792640006,97.89129848935085,30276500
2023-10-16,99.63111114501953,100.29260316511595,98.88806900767075,100.12949601724083,18452000
2023-10-17,100.93597412109375,101.30749866777646,99.3864595840332,99.43176981624308,19775400
2023-10-18,102.34955596923828,102.74826385520615,101.21686939625702,101.32560979607649,23380300
2023-10-19,102.4129867553711,103.27383270402491,100.88159920060231,102.14114612424639,20972500
2023-10-20,100.65506744384766,102.68483997117185,100.39228331322099,102.32237886294988,22445300
2023-10-23,99.17801666259766,100.546303745314,98.48028489443418,100.24727288180009,18185000
2023-10-24,98.21749877929688,99.51329224750323,97.97284156820622,99.40455186848023,16786100
2023-10-25,98.39873504638672,99.22333410945804,97.98190725781434,98.33530488102504,22047300
2023-10-26,97.50165557861328,98.17220407178561,96.50489281019605,97.36573181169958,18768300
2023-10-27,95.6440658569336,99.5495673104506,95.10943414995769,98.67060134217164,23092000
2023-10-30,95.9430923461914,96.43241383324684,95.33597393041505,95.81623198807011,19379900
2023-10-31,95.91590118408203,96.196812165719,94.72884782373468,95.6712439171032,22185200
2023-11-01,95.72560119628906,97.1120083699352,95.56249406330895,96.53207343342139,28984900
2023-11-02,98.86994934082031,98.9424429430502,95.59874985892857,95.94308409946491,25212700
2023-11-03,97.6647720336914,98.570921348405,96.54114881919033,98.22658709762725,30555600
2023-11-06,95.93402862548828,98.10878140902652,95.84340816503212,98.01816786194084,19097300
2023-11-07,94.42981719970703,95.01881562411467,93.59616150753924,94.66541795214418,20272500
2023-11-08,93.26993560791016,95.0550506031274,93.23368881101489,93.99485771907652,19184100
2023-11-09,93.297119140625,94.21233175206714,93.20650560491292,93.94048423156127,18380500
2023-11-10,94.01297760009766,94.61103937842894,93.2518156058974,94.17608472933622,17825500
2023-11-13,95.00069427490234,95.27254184450476,94.06736155310273,94.284842374133,15308400
2023-11-14,95.36647033691406,95.85111999096245,94.98240913671593,95.3756166445155,18260500
2023-11-15,94.79037475585938,96.15288151741152,94.64406174642619,95.06470118366416,20137600
2023-11-16,93.69304656982422,94.43373698224751,92.49513847534445,94.09540036254214,22469100
2023-11-17,95.9791259765625,96.40891167363266,93.95822484863872,94.24169755241371,22984900
2023-11-20,95.5584945678711,96.82041284580811,95.49448437210447,96.36319516844986,17458800
2023-11-21,95.52192687988281,95.7413894358396,94.38802886808577,95.29331801592275,14989000
2023-11-22,95.11043548583984,95.2110239459818,93.21755433607869,93.80279248058336,18072000
2023-11-24,95.62250518798828,96.44549840620299,95.01898147902293,95.11956295002705,9480800
2023-11-27,95.06470489501953,95.46705871008051,94.35144638765766,95.19272529497738,18013500
2023-11-28,95.00984191894531,95.93342365033877,94.99154930358145,95.32074661424468,20629500
2023-11-29,93.58329772949219,95.63163765995648,92.94319586158905,95.34815799566756,26802100
2023-11-30,93.94908142089844,95.54020387708965,93.09865630692994,94.28742499581931,29254700
2023-12-01,94.1777114868164,95.30247023698489,93.47359921183174,93.72964003909888,17845300
2023-12-04,93.66561126708984,94.51603640428931,92.8974819609478,93.391277877056,21523900
2023-12-05,91.84588623046875,93.58330776584646,91.70871953646844,93.51929757219136,22250300
2023-12-06,90.62967681884766,92.10191810727189,89.92555778007754,91.4435236209471,31154800
2023-12-07,89.99872589111328,92.21165777402229,89.69696054982894,91.31551503374453,29990700
2023-12-08,91.03203582763672,91.2514983435933,90.30048480566465,90.54737926404235,22074900
2023-12-11,91.09605407714844,91.3155166125186,90.14504045509337,91.26065272282312,22252300
2023-12-12,89.66038513183594,90.23647686682177,89.13915728306176,90.23647686682177,26084000
2023-12-13,90.45594787597656,90.55653632786162,89.30376429789246,89.65124723748455,19915400
2023-12-14,92.88835144042969,93.40043304203226,91.1875010047199,91.30637509749519,26165700
2023-12-15,92.26654052734375,92.35798267923312,91.72701997099523,91.98306078692104,55527000
2023-12-18,92.95235443115234,94.28742920077259,92.833473371009,93.39127949088578,21610400
2023-12-19,94.1777114868164,94.3606027752853,93.08039166236024,93.2724222828106,18904700
2023-12-20,92.60487365722656,95.04642157680233,92.47685325414334,94.64406775191863,20988900
2023-12-21,93.02550506591797,93.28154583071125,92.18421929741314,92.78774993721524,19250900
2023-12-22,93.19010925292969,94.13197654096658,93.10780644414646,93.555877809248,12927800
2023-12-26,93.40042877197266,94.21427569870744,93.3821431341465,93.94908860240456,16835100
2023-12-27,92.96149444580078,93.77534129153335,92.66886845700137,93.30897734261875,14558800
2023-12-28,91.61727905273438,92.9157755626503,91.56240818819128,92.71459867136429,16329300
2023-12-29,91.42525482177734,91.98305400012299,91.09605751799366,91.78188407144494,17746400
2024-01-02,93.60160064697266,94.27828083563186,92.22080134950542,92.28481154334361,23483000
2024-01-03,94.38801574707031,94.7537912738772,92.96149886677013,93.51929799883045,23490800
2024-01-04,93.56503295898438,95.62251267737382,93.31813846247665,95.17444126992494,19395200
2024-01-05,93.84850311279297,94.55262228160166,93.39128541024807,94.34229906873207,15827400
2024-01-08,92.28482055664062,92.39455531818994,90.4376640850528,92.11108257158992,23370100
2024-01-09,91.14176940917969,92.6231571836727,90.70284434927748,92.6231571836727,19496600
2024-01-10,90.2456283569336,91.26065216967724,89.76097872999239,91.26065216967724,18206100
2024-01-11,90.22733306884766,90.98631607328734,90.12674462360442,90.56567665526471,15833400
2024-01-12,91.39781188964844,92.03792083074089,90.68455342160418,91.5715568414088,18041700
2024-01-16,89.3311996459961,91.4526895706309,89.18488662801295,91.27894460592307,20235700
2024-01-17,88.68195343017578,89.5780962685249,88.31617785312785,88.33446349251527,18384000
2024-01-18,88.51734161376953,88.78252171671429,87.62119193201849,88.70022588681856,20940300
2024-01-19,88.65451049804688,88.71852069789213,88.16072151443409,88.44419425995042,20088400
2024-01-22,88.53563690185547,88.79167770267068,87.57547692220986,88.42590214011099,19955900
2024-01-23,89.53236389160156,90.0718773717668,88.45332995468338,88.52647947673806,15863400
2024-01-24,91.0777587890625,91.12348334685854,89.37690849255246,89.90728266599925,17330600
2024-01-25,93.39128112792969,93.43700568672294,91.09605338954229,91.72700904604254,22089500
2024-01-26,94.18683624267578,94.25999274132299,92.53171057616207,93.24496899650306,20817200
2024-01-29,94.30571746826172,94.36972766528264,93.14438761471426,94.16855774363708,18317500
2024-01-30,95.87855529785156,95.90598724502888,93.36385781662871,93.6473375495015,19610900
2024-01-31,94.01309967041016,95.90598063771411,93.97652141783081,95.77796024198057,22415300
2024-02-01,93.62904357910156,95.1104314945441,92.92493136424481,94.70807767086099,19240700
2024-02-02,93.24497985839844,95.10128262413458,92.91578255272627,94.87267377167272,21973400
2024-02-05,92.86090850830078,93.6198845132892,91.90074864229838,92.76945939604322,17190900
2024-02-06,93.5009994506836,94.22340409781086,92.87918323395299,93.33640083517882,13347900
2024-02-07,93.47358703613281,93.93995104024414,92.52257338973976,93.50101898168259,13826800
2024-02-08,95.07384490966797,95.48533802849734,93.3729945924205,93.58331081703531,19636900
2024-02-09,93.06209564208984,95.86941228397737,92.99808543761381,95.1927319828608,20410500
2024-02-12,94.3423080444336,94.55263127731328,93.27242019307094,93.41873322056796,18173100
2024-02-13,93.53009796142578,95.14523193959128,92.84712899368631,94.84066916947762,18917400
2024-02-14,93.06864166259766,94.71146975287775,92.68101115383067,94.01926939803977,17651300
2024-02-15,95.73593139648438,95.92974666008963,92.84714393833214,92.84714393833214,23196300
2024-02-16,95.73593139648438,96.5665662286708,95.54210909145264,95.99435174795806,20151400
2024-02-20,94.83145141601562,96.09587330314265,94.73915944092764,95.83744591489942,17650000
2024-02-21,96.76959991455078,96.88958580563126,95.052942618185,95.08062950338032,20991300
2024-02-22,96.6865463256836,97.28645470065604,95.47749826619038,96.13278745702674,20470700
2024-02-23,95.83744812011719,96.06818158385948,94.95143246431793,95.87436631928713,15975900
2024-02-26,96.2158432006836,96.8526697398724,95.10832551997981,95.72668944101567,13360800
2024-02-27,96.01280975341797,97.04649822686518,95.84668137449657,96.61271817960227,16360000
2024-02-28,96.28044891357422,97.30490594359367,95.98511039401888,96.41889038492766,14810500
2024-02-29,96.46504211425781,96.97265854417384,96.18816618637977,96.6127149089339,17566100
2024-03-01,97.68330383300781,98.1909202074682,97.25875515683443,97.57255629052601,18460100
2024-03-04,96.31737518310547,97.69254461993356,96.01280532888056,97.51719198018317,18138000
2024-03-05,97.49872589111328,98.08017164914092,96.28045355898915,96.47426881166503,19952700
2024-03-06,98.54165649414062,99.28000648383038,97.96944194148706,98.40322203232273,20472800
2024-03-07,99.09542083740234,99.65841111073345,98.38475775205058,98.38475775205058,15195400
2024-03-08,100.0275650024414,100.0460276220633,98.5416409870592,98.96619674124804,16281500
2024-03-11,100.61824035644531,100.710539370117,99.06771128187091,99.90758442458568,17577300
2024-03-12,99.9721908569336,100.85820647700166,99.70453920481519,100.65515991046864,14957200
2024-03-13,101.08894348144531,101.84574895691982,100.70131295432027,100.72899984319686,17122200
2024-03-14,102.87943267822266,102.95326907278616,101.23661162702867,101.36582179680171,22121000
2024-03-15,102.6948471069336,103.64547489385657,102.30721657717463,102.30721657717463,38264400
2024-03-18,103.64546966552734,104.16231034580095,102.53794486882171,103.1747714508918,16770500
2024-03-19,104.37458801269531,104.7437629691019,103.42396725291135,103.57164005204464,14878800
2024-03-20,104.28229522705078,104.66070149083187,103.48857154141751,104.03310618222478,16119700
2024-03-21,104.74375915527344,105.13139671817069,103.89466171545347,104.21768715001254,14878000
2024-03-22,104.74375915527344,104.92835014746888,104.125395174628,104.73453488673344,14701900
2024-03-25,105.8143539428711,106.8572665267026,105.05754856313814,105.05754856313814,14011700
2024-03-26,105.02064514160156,106.11893869209851,104.66993280848877,105.82360013752285,13152300
2024-03-27,106.10969543457031,106.1927560930239,104.669921023302,104.7345261047967,12415700
2024-03-28,107.28182983398438,107.47564509946719,106.19276759834771,106.62654763884919,18482100
2024-04-01,107.9740219116211,108.20475535867473,106.48809794928158,107.43872566594041,13817000
2024-04-02,110.08753204345703,110.38287054964732,108.28781412158266,108.83234163179193,19919600
2024-04-03,110.10600280761719,110.52132019218655,109.57993083449722,110.27213116973012,16504300
2024-04-04,110.49363708496094,110.64130283332021,109.49686687818772,109.87527312094329,18467400
2024-04-05,112.01649475097656,112.73638209702293,110.4198159377137,110.73361713862684,21720600
2024-04-08,111.2596664428711,112.35795281783142,110.94586530614978,111.74882020402349,17513900
2024-04-09,111.84111785888672,112.27489787032506,111.06584980747164,111.67498949368535,14132300
2024-04-10,112.78250885009766,113.03170492218338,111.42580206317713,111.8780376588173,17409200
2024-04-11,112.40412139892578,113.2347633236621,111.06586300867647,113.2347633236621,17555900
2024-04-12,111.09355163574219,114.21306555809207,110.44749370671926,113.47471565104489,21556200
2024-04-15,110.45672607421875,112.31182512839716,110.24444818544717,111.75805917209796,15029500
2024-04-16,109.54301452636719,110.95510210795251,108.83235156008075,110.34596242256414,18082200
2024-04-17,109.48764038085938,110.15215388124936,108.09401533349167,109.41381102414776,14538600
2024-04-18,109.38612365722656,110.49364857147307,108.8785142327788,109.82913503121054,13821400
2024-04-19,110.64129638671875,111.61037964929935,109.78296771002404,109.97678999568078,21572400
2024-04-22,111.2688980102539,112.20106313104158,109.30305152757214,110.06908828070878,16340700
2024-04-23,111.70266723632812,111.7303541213574,110.24443026576574,110.7520466293873,13929800
2024-04-24,111.72114562988281,111.91496089388144,110.18907205528436,111.02894524070491,12101200
2024-04-25,111.97956085205078,112.37642267198943,110.19829831717631,111.70267789249316,16041000
2024-04-26,108.86927032470703,109.92141429456888,107.2633674825115,109.82912232275095,27289500
2024-04-29,110.41981506347656,110.79822135548949,108.68470180619401,108.68470180619401,17309900
2024-04-30,109.15538024902344,110.93664281071933,108.88773563656079,109.93064832260272,21083300
2024-05-01,107.08802032470703,109.33998131571474,106.74653928492194,109.16462161976439,27777700
2024-05-02,107.28182983398438,108.22322631367408,106.9680357017055,107.30029245436933,25513600
2024-05-03,107.06031799316406,107.12492307581326,105.33442929749887,107.06031799316406,28023300
2024-05-06,107.75252532958984,109.21998674862637,107.4294998953453,107.67868893278356,31401300
2024-05-07,107.21722412109375,108.51856423501962,106.99572196775,108.24168126227006,30122000
2024-05-08,107.19876861572266,107.93711147451677,106.5157995349458,106.79267546645866,18957200
2024-05-09,109.3122787475586,109.39533940756345,107.23567775032642,107.24490201826524,17564000
2024-05-10,108.86927032470703,109.51532821028475,108.51855801522845,109.40457361924759,13648100
2024-05-13,108.82313537597656,109.86604810826327,108.09401677782996,109.29382657718672,15060600
2024-05-14,109.48373413085938,109.54886396936223,108.37652687631063,108.66495800416332,15079100
2024-05-15,110.3304214477539,110.57232820328069,108.00434580801523,109.42790296375618,18244300
2024-05-16,109.66981506347656,111.00033059206716,109.36277138027427,110.29320162128532,15745200
2024-05-17,111.31668853759766,111.49347257888238,109.75356523712644,110.06991525318223,15104500
2024-05-20,110.41417694091797,111.54930319632649,110.30252983292421,111.40043801946122,11551300
2024-05-21,109.65120697021484,111.1398939970238,109.5860771346238,110.16294646315839,14495000
2024-05-22,107.44609069824219,109.28833865753374,106.96226298263659,109.28833865753374,17879300
2024-05-23,105.6131591796875,109.33488086736519,105.47359319667544,107.55775535416113,15979800
2024-05-24,105.52941131591797,107.07392914410318,105.17585032929962,106.85062074333541,12212900
2024-05-28,106.86921691894531,107.10182447673536,105.20374595333432,105.62243671790866,13978300
2024-05-29,105.72480010986328,106.5808014429661,104.96184749241233,106.56218886038758,13902000
2024-05-30,106.05976104736328,106.1900207376094,105.10141885542942,105.3898500126,14683700
2024-05-31,109.10226440429688,109.3162594087373,106.05975319640238,106.18071368454889,29037400
2024-06-03,106.48775482177734,108.26488026610025,105.8457626825986,108.20905671450744,19589300
2024-06-04,104.83157348632812,105.22235248364287,103.203320565564,105.13861716934088,19412200
2024-06-05,105.25028228759766,105.31541212724945,103.7243771026528,105.03628018667314,14863500
2024-06-06,106.0411376953125,106.10626752946168,104.31053684664087,104.9060116441817,13154100
2024-06-07,104.9060287475586,106.90645554916523,104.8315926110754,105.8736772259781,13289200
2024-06-10,105.21306610107422,106.27375613641277,104.85949802354786,105.19445351877269,15239700
2024-06-11,104.36636352539062,104.83157866860654,103.56619291116967,104.66410093310402,12462400
2024-06-12,103.21263885498047,105.41776133668364,102.84977158691314,105.41776133668364,13606800
2024-06-13,102.38455200195312,103.14750457099905,102.08681458716984,103.12889198960139,14466900
2024-06-14,101.5192642211914,102.54273626878125,101.03543642505169,102.36595221650472,13313400
2024-06-17,100.82142639160156,101.84489828681009,100.65394865612237,101.57507265194806,21147900
2024-06-18,101.77046203613281,103.01724230953971,101.23081786568659,101.44481285604809,17762900
2024-06-20,103.9662857055664,104.78506895970895,101.96585902595031,102.26360355372597,17433200
2024-06-21,103.0544662475586,104.85949627662089,103.0544662475586,104.11515626522637,52212500
2024-06-24,106.11558532714844,106.5621879244252,103.87324475369621,103.87324475369621,16266700
2024-06-25,106.4133071899414,106.58078491407328,105.56661227943603,106.17139334427998,14188900
2024-06-26,106.45054626464844,106.8320190402086,105.26889567261479,106.43193368128219,15771800
2024-06-27,106.90644836425781,106.99018368820826,106.171407537783,106.99018368820826,16812700
2024-06-28,107.11113739013672,108.43234669641568,106.70174579155236,107.79965381615791,24565900
2024-07-01,106.96227264404297,108.61843753838431,106.56218730787802,107.66009540954322,11972900
2024-07-02,106.23653411865234,107.87409346787993,105.59453492691573,107.83687540328157,13326700
2024-07-03,106.77618408203125,107.61357277855006,106.32026812032551,106.32026812032551,7732900
2024-07-05,105.48287963867188,106.65521663867226,104.85018678688239,106.6366111571282,12631000
2024-07-08,104.37567901611328,105.65037117638636,103.66854994848131,104.5710685416523,13350500
2024-07-09,103.22193145751953,104.71061839814845,102.92419406939374,103.38010289213838,11727000
2024-07-10,104.13375854492188,104.1709766091396,102.73811308054655,103.20332823533833,10004100
2024-07-11,105.37123107910156,105.43636091591206,103.21263307515659,103.6778482234087,13082700
2024-07-12,105.38983154296875,106.20861470801863,104.79435674945219,106.05974246032976,11684900
2024-07-15,107.19486999511719,108.07878300617335,105.67827121843959,106.32026327432591,13032500
2024-07-16,107.96713256835938,108.25556368901168,105.79922827162355,106.39470309410432,13614100
2024-07-17,109.455810546875,109.95824371766521,108.44164501409753,108.61842192889131,13602800
2024-07-18,110.53512573242188,111.57720315597281,109.26973991929283,109.74425427525118,13033600
2024-07-19,107.99504089355469,110.60954767436803,107.80895767945294,110.33972204488678,16157700
2024-07-22,107.25070190429688,107.87409562551305,106.60870979833952,107.16696658124074,12065900
2024-07-23,105.52011108398438,107.15766341509834,105.29680268541583,106.82270791586586,11251700
2024-07-24,107.00879669189453,107.18557363158186,105.20375953879267,105.85505794526229,14925200
2024-07-25,109.26042175292969,109.81867846895813,106.59008444807831,107.15764745398268,17021700
2024-07-26,109.16738891601562,109.81868728724392,108.36721828929524,108.64634312041314,11252500
2024-07-29,108.02296447753906,109.22322050600977,107.35305347573026,109.15809066409061,8861800
2024-07-30,109.94894409179688,110.34902939471476,108.14391418209593,108.26486756256146,12483900
2024-07-31,110.33972930908203,111.42833818896634,110.31181753499116,111.3166839939828,15137700
2024-08-01,108.8138198852539,111.17711368040374,108.26486941993151,110.1164237146793,15051500
2024-08-02,108.74869537353516,110.60025685756344,107.39026793159479,107.90200745705388,20403800
2024-08-05,106.78547668457031,107.95782078735353,105.37122582775808,107.50191195240095,18025900
2024-08-06,106.21792602539062,107.58565259801371,105.72479200554606,106.48774456451301,13647800
2024-08-07,107.6321792602539,108.97200118711905,107.2414002311249,107.41817716413851,13660700
2024-08-08,109.68843078613281,109.8931265940461,107.67870496918988,108.00435416422461,13851000
2024-08-09,110.58164978027344,111.00964690531738,109.19531049495494,109.68843746297034,12151900
2024-08-12,110.7212142944336,111.8098161262646,109.80938940626292,111.23295383860392,13228900
2024-08-13,109.6605224609375,110.26530361280545,109.32556696447587,110.0513015072693,11585100
2024-08-14,110.67466735839844,111.5585802908607,109.44649980156004,109.88380312307245,12194500
2024-08-15,111.35936737060547,112.20349057549252,110.7872349681476,110.90916212633205,11579400
2024-08-16,110.8341293334961,111.12488972642107,110.35579474768004,110.66530325739343,10056000
2024-08-19,111.17178344726562,113.01948910283262,110.83413128910263,111.04985628406172,12417500
2024-08-20,107.46700286865234,111.28434151317437,107.40134867695866,111.28434151317437,15632000
2024-08-21,106.78230285644531,108.39552809776426,106.69789340244964,107.87029463529548,11752400
2024-08-22,107.6076889038086,107.87030566188788,106.5853512032628,106.71665958230244,10609500
2024-08-23,109.0989761352539,109.47414598601405,107.88905712333153,107.88905712333153,10381400
2024-08-26,111.43438720703125,111.55632151178526,109.66171716128642,110.44957449037804,13671000
2024-08-27,110.37455749511719,111.99716417842305,110.11194072689896,111.57509538169782,9991600
2024-08-28,109.28656005859375,110.28076125990657,109.04270573225635,109.73676532127105,10742900
2024-08-29,110.79661560058594,111.41564695372173,109.1271172080973,109.92434870211187,10753900
2024-08-30,110.618408203125,110.6934364468926,109.0708370775764,109.53979759102933,13284700
2024-09-03,108.3017349243164,108.88324134266026,106.9605076587444,108.64876110151668,15725100
2024-09-04,106.9792709350586,108.93952961871048,106.90424269066257,108.13291695635395,12620600
2024-09-05,106.14451599121094,108.12352983896749,106.05072532400956,107.92656729111384,17200800
2024-09-06,105.64742279052734,107.09182201551054,104.79391838599196,106.53844489443793,13467700
2024-09-09,107.87029266357422,108.93952199592404,105.66617981726606,105.86314236209164,21645300
2024-09-10,103.94041442871094,108.23609471850534,103.33076429186562,107.95471553049366,20913400
2024-09-11,102.90869903564453,104.06233792310529,101.07974868962246,103.9028930615489,19571900
2024-09-12,104.324951171875,104.41874183639983,102.94620622047614,103.0775145819647,15919500
2024-09-13,104.24992370605469,105.48797917693474,104.04357993494642,104.55005814882048,10035400
2024-09-16,105.71308898925781,106.06949644017209,104.75641259166144,105.0940647686414,11729000
2024-09-17,107.09183502197266,107.2700423267061,105.15971978199232,105.34730114588096,12202600
2024-09-18,107.46700286865234,108.45181574405765,106.74479960425158,107.02617880052179,12569900
2024-09-19,108.79883575439453,110.28075264843385,108.03912203595571,108.94890654882504,12660600
2024-09-20,108.1141586303711,108.33926483940871,107.1574822871558,108.2923659235834,36206200
2024-09-23,110.07441711425781,110.47772345973343,107.97347592552825,108.17043849111822,16066300
2024-09-24,109.78365325927734,110.82474611657985,109.57730949934074,110.5246045342945,11984900
2024-09-25,107.64518737792969,109.78365321625988,106.96050907197474,109.25841260323548,13816000
2024-09-26,105.79750061035156,106.43528723052447,104.24054818389979,104.24054818389979,16887900
2024-09-27,108.63002014160156,108.8832556868593,106.2195632313246,106.69790498988922,15964000
2024-09-30,109.94310760498047,110.10255246751561,107.82340400948871,108.29236453866486,13247600
2024-10-01,112.48487854003906,113.11328396373696,108.73319411566457,108.83636600979648,23235900
2024-10-02,113.97616577148438,115.19546603007304,112.73811023995324,114.36071684661938,17129700
2024-10-03,114.97034454345703,115.52371443441325,113.42277364205516,114.33255805130584,16524300
2024-10-04,117.0806884765625,117.41834063304479,114.82967648527053,115.5518725581094,19752300
2024-10-07,117.587158203125,118.49693556117272,117.10881649009112,117.47460510718487,15714400
2024-10-08,114.46389770507812,116.32097756998566,113.73232035491634,116.189669181791,14818500
2024-10-09,114.51078033447266,114.97036681226322,113.30086844773231,113.39465912385103,11144900
2024-10-10,115.49559783935547,116.02083133894084,114.69836637583633,115.51436026763767,10243300
2024-10-11,115.9364242553711,116.33034938813454,115.30801885466227,115.45808250514696,8294800
2024-10-14,116.37724304199219,116.54606911351011,115.0078791977999,115.58938565631865,9808100
2024-10-15,112.87879943847656,114.3794717205873,112.3441847143568,113.31962348667126,15771300
2024-10-16,113.16954803466797,113.90112524867016,113.11326791036608,113.3852658512229,8426800
2024-10-17,112.87879943847656,114.03244550408758,112.27853052563228,113.2633505122702,11204900
2024-10-18,112.55992126464844,113.15080902383016,111.75330848849968,112.96322765272281,12898600
2024-10-21,112.62556457519531,113.93865551335243,112.28791241521863,113.46969497513703,10177800
2024-10-22,113.20707702636719,113.66666353018255,112.49426212288475,112.79439659692217,9201400
2024-10-23,112.80375671386719,113.25396194716465,111.98777001493409,112.52238470435452,8320300
2024-10-24,112.16598510742188,112.96322379684179,111.73454224398532,112.55053620756752,9905600
2024-10-25,112.07218933105469,112.95383744778695,111.9127444627261,112.73811244798883,10714600
2024-10-28,111.51881408691406,111.62198597470056,109.52103767411153,109.53980010231074,11844500
2024-10-29,109.99938201904297,111.77205227007981,109.8024194529022,111.21868227317525,14731000
2024-10-30,109.4460220336914,110.92793202246558,109.24905944953352,110.35580670035203,12303700
2024-10-31,109.53042602539062,111.30309634993101,109.43663534559218,109.87745941199209,20512000
2024-11-01,107.81401062011719,112.50361538229313,107.7108387428878,112.48486011178278,20939300
2024-11-04,111.246826171875,111.33123563908607,108.73319724888145,108.86450563505669,14965400
2024-11-05,111.5750961303711,111.80957641153506,110.68407392425613,111.68764924140712,10436700
2024-11-06,113.48844909667969,114.3419607023416,111.89398614523262,113.62913868787086,20807700
2024-11-07,113.6291275024414,113.95739841239323,112.1847283428842,113.76981707978337,12184400
2024-11-08,113.59162139892578,113.88237464087864,112.23163870926963,113.46969423586133,12836000
2024-11-11,112.9913558959961,114.06996659056618,112.616186025393,113.48845293334288,11969700
2024-11-12,112.87879943847656,113.779202807743,112.40045768875787,113.61037672876994,11972800
2024-11-13,113.92927551269531,114.47327146020531,111.42502792933136,113.08514510376084,15127900
2024-11-14,114.00492095947266,115.25314975776726,113.78743053752434,115.04511763685967,13041800
2024-11-15,112.82289123535156,114.64795383673253,112.65267788132644,113.85362966099541,19051700
2024-11-18,113.76850891113281,114.06165851389102,112.7850548688523,113.27678549727732,14239700
2024-11-19,112.17985534667969,113.2389613823231,111.77323498799754,113.2389613823231,11584400
2024-11-20,113.77796936035156,113.91981501409778,112.18931391044723,112.69049563439015,11360900
2024-11-21,115.3004379272461,115.88672996380872,113.7306917718865,114.4966554614185,14675400
2024-11-22,115.16805267333984,116.51084290806995,115.02620700864128,115.19642036336552,13323400
2024-11-25,113.44700622558594,115.25315217548572,113.10657952667614,114.82762240913345,26580300
2024-11-26,111.55575561523438,113.17277890925659,111.44227763835603,113.03093324180124,14827300
2024-11-27,111.2625961303711,112.27441782168033,111.04509851168477,111.66920925237861,11079100
2024-11-29,111.54627990722656,112.05691990164057,110.5911935909391,111.05455651329225,9426500
2024-12-02,111.44226837158203,111.7732367584099,110.46827259838726,111.6313983173192,12687300
2024-12-03,111.27205657958984,112.26496896849113,110.88435281091847,112.26496896849113,11756600
2024-12-04,108.06637573242188,111.15858359144407,107.66921367067012,111.11129930165804,19520600
2024-12-05,108.53919982910156,109.33353124077645,107.85834639468604,108.47300614600951,15751200
2024-12-06,107.39497375488281,108.52972449106937,107.32878008218141,108.31223408700875,16171100
2024-12-09,106.76141357421875,108.69049575748583,106.61956791678135,108.40680444261103,17412600
2024-12-10,106.54390716552734,107.68811620272923,105.67393111957422,107.41388321148047,20990900
2024-12-11,105.8346939086914,106.27914026451371,105.06873746584773,105.91034588725047,32392200
2024-12-12,105.74012756347656,106.26967695931401,104.75667353222885,105.52262993900365,14543300
2024-12-13,104.81340789794922,105.81577852058861,104.25549082049722,105.81577852058861,13106100
2024-12-16,102.5722885131836,104.39735116557746,102.27914608983501,104.20822120327969,20256100
2024-12-17,102.13729095458984,102.2885876958339,100.98362354250382,101.40915329273307,17554000
2024-12-18,100.63374328613281,102.9127105293603,100.52972361526359,101.72121707231194,17114500
2024-12-19,99.77322387695312,101.81577684237844,99.48953255820825,101.5510021259872,20565600
2024-12-20,100.11363983154297,100.36895621936226,99.13963692279891,99.71647058500196,40141200
2024-12-23,100.52027130126953,100.80395540643755,99.21529988795878,99.58409427487618,12285100
2024-12-24,100.61483764648438,101.36188475848112,99.9528936058766,100.72830840833633,7807000
2024-12-26,100.69993591308594,101.21057596076606,100.17984477874931,100.7283036021954,9652400
2024-12-27,100.69048309326172,102.11837632737272,100.01908079456813,100.52026974696486,11943900
2024-12-30,100.00962829589844,100.76612643520365,99.77322127463374,100.52026832757856,11080800
2024-12-31,101.7212142944336,102.03327329851932,100.02853913191474,100.39733351326339,12387800
2025-01-02,101.475341796875,103.07345547948516,101.06872145456582,102.39260214217032,12685400
2025-01-03,101.99543762207031,102.59118067046133,101.61718497557813,102.1278249661572,14237900
2025-01-06,101.88196563720703,103.81104775430923,101.67392630871028,102.3547796694016,15623700
2025-01-07,102.83705139160156,104.07582183993239,102.39260504964696,103.01672303143074,12625900
2025-01-08,101.11600494384766,101.8535936485936,100.24602889284317,101.47534099589666,17858100
2025-01-10,100.7472152709961,104.11364888576803,100.0285359189475,102.78976814712155,19304500
2025-01-13,103.34769439697266,103.66920448325739,101.30513426797638,101.30513426797638,17073400
2025-01-14,103.75431823730469,103.79214422776434,101.96708167186347,102.8748837991852,11191200
2025-01-15,105.44698333740234,105.65502265772581,103.51790129608825,104.066367283383,14521100
2025-01-16,105.2673110961914,105.61719606149569,104.53918069382973,105.14438205060468,10366600
2025-01-17,106.21294403076172,106.73304235262624,104.79450193247987,104.99308296049098,19298500
2025-01-21,105.4091567993164,106.08055182939603,105.08763952016082,105.95762278374289,20416300
2025-01-22,103.57464599609375,105.50372821112424,103.45171693872783,105.15384321229358,15718000
2025-01-23,104.16092681884766,105.09709652933728,103.65028682733445,104.3122235489798,13726800
2025-01-24,102.75194549560547,104.6904786338881,102.51553848743177,104.24603230419048,14235900
2025-01-27,104.17984008789062,104.44461478641809,102.49662332047798,103.08291530619552,15926700
2025-01-28,102.16565704345703,104.84178619982337,101.92925002712579,104.40679815552224,15862000
2025-01-29,102.76140594482422,102.86542561506421,101.62665508802237,101.85360381646873,12345500
2025-01-30,103.61246490478516,103.87723960382762,102.78976590598653,103.30040591752677,14346300
2025-01-31,101.02144622802734,104.5391837253997,100.3311345776974,104.5391837253997,20376500
2025-02-03,101.2673110961914,101.4658993486214,99.59355251161668,100.84178133142986,14623200
2025-02-04,103.98125457763672,104.28385525069349,100.73775023148019,100.9079635609852,14835700
2025-02-05,103.9056167602539,104.02855303499118,103.1680279701107,103.7732293986677,13364400
2025-02-06,102.5344467163086,105.01199473124828,102.11836807795724,104.74721282484425,13411400
2025-02-07,102.96944427490234,103.76377563852515,102.43043654102506,102.86542460568305,10051600
2025-02-10,104.93635559082031,104.99309097041767,103.90561716919092,104.02855344441203,12142200
2025-02-11,105.59828186035156,106.39261316827361,104.7944994664868,105.53208818590551,12713100
2025-02-12,102.42118835449219,105.16896224137777,102.25899539008648,104.99722637344742,18244100
2025-02-13,103.16535949707031,103.43250980270135,101.62927981542424,102.23035890421713,15460000
2025-02-14,103.27032470703125,105.16896215625293,103.13675317420494,103.53746777268387,15733500
2025-02-18,105.08307647705078,105.89404846866529,103.34663950429557,103.64240396169457,20060300
2025-02-19,105.2357406616211,106.9817133714116,105.00675466763045,105.67461956478333,10964700
2025-02-20,106.8576889038086,107.25840349021331,104.90180865062472,105.49334490610481,16325800
2025-02-21,105.60783386230469,106.71457038413944,105.48379796238122,106.20890571888805,14710000
2025-02-24,106.16120147705078,106.72411629625529,105.25482221518705,105.83681556155507,13153500
2025-02-25,104.69190979003906,106.9817114561347,103.89047338362401,106.18982523150925,14497000
2025-02-26,104.4343032836914,104.82548222718026,103.53745967986977,104.70144632846328,10446400
2025-02-27,105.09261322021484,106.18027108011471,104.26255547277496,104.95904171314652,15293200
2025-02-28,106.21844482421875,106.4569664335721,104.31980757281275,105.05445820591811,18821700
2025-03-03,102.8123550415039,107.0103367610099,101.61974701204777,106.5714506005605,18706900
2025-03-04,102.60246276855469,103.95726384741157,101.07592582906085,101.4766404108463,19394900
2025-03-05,100.59888458251953,101.44802099948339,98.91014737279863,100.98051336566097,24822200
2025-03-06,102.67878723144531,103.14628755772134,99.5684633401862,100.58933555909215,17150200
2025-03-07,104.0145034790039,105.33114746271542,103.32756733688295,103.43251743063102,19625000
2025-03-10,106.66687774658203,107.40152117725546,104.07176120132597,104.26257559708196,22749100
2025-03-11,104.14807891845703,106.9530880924127,103.79506431642064,106.781352242652,19904700
2025-03-12,104.11945343017578,105.07353989632306,103.44205291270346,104.04313204500157,14051500
2025-03-13,103.68057250976562,105.73185982784803,102.68832173080712,103.35618661156289,17767800
2025-03-14,106.76227569580078,107.029418738358,103.33710153960851,103.93818066446423,15890100
2025-03-17,108.53688049316406,109.24290245340426,106.60008609467272,106.66687185741029,19908800
2025-03-18,108.4223861694336,109.28106545063756,107.40151393486391,108.85172217048452,15998700
2025-03-19,110.11112976074219,110.50230145233859,108.60367129855524,108.95667865551498,17315000
2025-03-20,110.57862091064453,111.12244989548778,108.96621248229262,109.45279860950036,16230800
2025-03-21,110.19699096679688,110.66449131456797,109.09979003381783,110.19699096679688,41102800
2025-03-24,110.48320770263672,111.54224418581119,110.27330753060552,110.36871471450111,14207500
2025-03-25,111.2369384765625,112.238732185605,110.63586661859827,111.08428842590106,12081800
2025-03-26,112.83980560302734,113.70802780007672,112.27689806972457,112.27689806972457,14110800
2025-03-27,112.47724151611328,113.60306372326818,111.87616972381498,112.6775987802127,12740800
2025-03-28,112.32460021972656,113.02107924733124,111.8570926213597,112.67760754527073,10233400
2025-03-31,113.4695053100586,114.4045132628721,112.38184730564214,112.38184730564214,21652300
2025-04-01,113.57445526123047,113.80343397789585,112.51541868788759,113.74619111850504,12425400
2025-04-02,113.22144317626953,113.3836361342395,112.2578210524934,112.95430012100081,12614600
2025-04-03,107.26793670654297,110.14927449790741,107.0771223338016,109.11886669436157,21204600
2025-04-04,99.54937744140625,105.7414037890358,99.06279858923106,104.82548166369767,30841300
2025-04-07,98.21366882324219,100.94235685624689,93.9393580053914,95.78074528250153,35068500
2025-04-08,96.1432876586914,100.75152692538437,94.46410075995801,100.61795540569199,27147800
2025-04-09,100.94235229492188,101.68653858318575,93.6245034757554,94.8075759495565,30063300
2025-04-10,95.34186553955078,99.01509715894584,93.30966388724607,98.94831139419692,33999300
2025-04-11,98.40447235107422,99.1582014931081,94.254197897836,95.69487042395652,22884600
2025-04-14,98.64299011230469,100.26493404446794,98.00375398555458,100.20769119105789,18020000
2025-04-15,98.3663101196289,100.5702547371125,98.27090293182614,98.88151766868603,13164900
2025-04-16,99.40626525878906,100.74198040778214,98.93875767753985,99.1772792797317,13607000
2025-04-17,102.01091766357422,103.56608317741076,99.66386595803561,99.88330903611559,17916500
2025-04-21,100.51301574707031,100.78015881418237,99.33949337667053,100.76108028614692,16926500
2025-04-22,103.32756805419922,103.93818281528044,101.2667377762235,101.2667377762235,13147000
2025-04-23,102.44026947021484,104.28165669460046,101.58159016988695,103.8141490716372,14235700
2025-04-24,103.64240264892578,103.8809242480913,102.04908011348446,103.0127094122616,9849600
2025-04-25,103.58516693115234,103.7664456883202,102.48796604357672,103.17490946115805,11245800
2025-04-28,103.64240264892578,104.23393883533282,102.73602348373741,103.75689563700179,13890900
2025-04-29,103.38479614257812,103.833217885984,102.5833598337227,102.79325999268724,9483100
2025-04-30,100.7801513671875,102.48796702471762,99.36810746562098,102.48796702471762,20379300
2025-05-01,100.92326354980469,102.01092152083714,100.1599987570128,100.27448447242551,18610300
2025-05-02,101.33351135253906,103.99541316860373,99.74973178115903,102.77418379329833,16581900
2025-05-05,98.52850341796875,99.85469026583064,98.33768904168315,99.8451473632858,19624000
2025-05-06,99.90238189697266,101.11407565064965,98.72885975029475,99.12003137282029,16303400
2025-05-07,99.8069839477539,100.45576302381895,99.29177639213444,100.16953417766304,12332200
2025-05-08,101.199951171875,102.45934501601036,100.50346484879086,100.50346484879086,19196500
2025-05-09,102.38301849365234,102.80281887684731,101.49571777041895,102.22082553800055,10992100
2025-05-12,104.14807891845703,105.3693083927101,103.34664252653981,105.20710816636254,14244600
2025-05-13,104.4343032836914,105.43609698068799,104.01450291099157,104.30073176130546,13350800
2025-05-14,103.49930572509766,103.86185597112592,102.97455524351518,103.86185597112592,15494900
2025-05-15,104.54884338378906,104.61624425879067,102.0357420719304,102.53643323677892,15004300
2025-05-16,104.1733169555664,104.84732566535136,103.46078506677206,104.6162380143028,14042500
2025-05-19,102.51716613769531,103.57632576040372,101.7950108477382,103.57632576040372,16802700
2025-05-20,101.05359649658203,102.75788713734026,100.88990972317289,102.44013703873874,12429300
2025-05-21,99.8115005493164,101.07286286284078,99.79223895968505,100.64919604467941,16716100
2025-05-22,99.14712524414062,99.62856218727337,98.10721968389916,99.23378036775505,13417400
2025-05-23,99.20487213134766,99.6285388930128,98.2805142981953,98.79083616321392,12061600
2025-05-27,99.67668151855469,100.00406239433833,99.07970453011797,99.6477964831327,13043600
2025-05-28,98.31904602050781,100.55291298162369,98.01092669297955,100.41811123496409,14292400
2025-05-29,98.87751770019531,99.03157369572175,97.97241393323993,98.48273589677198,13825300
2025-05-30,98.50199127197266,98.58864638658616,97.43320078154211,98.36718952958898,28645800
2025-06-02,99.22413635253906,99.99443089421038,98.42494942950654,99.89814499476937,17290500
2025-06-03,99.94630432128906,100.77437638479212,98.41533114485188,99.07971642388539,19194300
2025-06-04,98.50199127197266,101.02471589041909,98.50199127197266,100.06184210416772,15648500
2025-06-05,98.04943084716797,99.22413793910393,97.95314494618738,99.15673707380319,13924800
2025-06-06,100.39884185791016,100.62030605089956,98.86787613409805,98.94490779654164,15487800
2025-06-09,101.07286071777344,101.92018698996934,99.97518520869134,100.45662209324117,17087300
2025-06-10,103.23933410644531,103.65337015071411,101.9972259736389,102.14165851859676,17634800
2025-06-11,105.25172424316406,105.32875590402932,102.50753560359485,103.75927438115305,22648200
2025-06-12,105.65613555908203,106.09905658468342,104.20219419829387,104.87620285765611,17469400
2025-06-13,107.95741271972656,108.35218715633881,106.57087210185232,108.17886957910454,28540200
2025-06-16,108.30403900146484,108.95879342336029,107.00415360562788,107.66853882162069,22986100
2025-06-17,109.76760864257812,110.6630815332449,108.9106515838495,109.71946201611948,19451700
2025-06-18,108.9876937866211,110.96158077785216,108.74697532333845,110.35497289499189,17968900
2025-06-20,110.44161224365234,110.76899312695922,108.97804742820651,109.23802009912195,36273300
2025-06-23,107.59151458740234,112.60808612144518,107.03305337564711,112.36736767540006,26631100
2025-06-24,104.31773376464844,106.82121127674935,103.90370512343452,105.19395236311243,24828300
2025-06-25,104.34663391113281,105.18432939601642,103.70150289714556,104.09628467206528,17483200
2025-06-26,105.90647888183594,106.33977646546933,104.51994571418227,104.89546587897843,18304800
2025-06-27,105.31912994384766,106.01240023116787,104.346632728826,105.85834424850997,22002100
2025-06-30,103.79779815673828,104.79918044006295,103.72076648997667,104.606608619303,19199000
2025-07-01,105.184326171875,105.56947714029376,103.17192356475611,104.11553572393119,15536900
2025-07-02,106.92713165283203,107.22562016115167,104.78955077690054,105.91611128843948,11892200
2025-07-03,108.03443145751953,108.29441148300808,106.5130965205741,106.74418416289659,11223600
2025-07-07,106.98490142822266,107.89000509111263,106.12794439060524,107.39893742867832,15415900
2025-07-08,109.95055389404297,110.21052656958359,106.73455180664708,106.7730676374945,17913400
2025-07-09,109.57503509521484,110.02757958450402,109.06470583971705,109.69057524305732,10652100
2025-07-10,110.66307830810547,110.99045185082323,108.87213257896681,109.48837117973027,14901700
2025-07-11,111.14451599121094,111.46226608816855,110.25867391436879,110.58604745949337,11683900
2025-07-14,109.6905746459961,110.95194424017892,109.01656596677141,110.95194424017892,13220300
2025-07-15,108.71807861328125,109.8253775486079,108.41958275547317,109.44023392561274,10959300
2025-07-16,108.06332397460938,109.28617040231443,107.93814568583247,108.68918603391911,11158900
2025-07-17,107.51448822021484,108.06332597289979,106.96564312138607,107.35079409695216,13151400
2025-07-18,103.7688980102539,107.58188442216026,103.35486201505994,106.98490006862788,32366600
2025-07-21,104.03851318359375,104.73177612321237,103.45115959960856,103.6052155819203,17010400
2025-07-22,104.51032257080078,105.37691045536346,103.6148496477767,103.97111559647026,13970900
2025-07-23,105.84871673583984,105.91611760774447,104.80881127261651,104.8858429394058,12002700
2025-07-24,106.67677307128906,106.83082903602582,105.07839927855511,105.58872848623704,15647200
2025-07-25,106.30126190185547,106.85973043169554,105.62724587910735,106.61901199774485,10548900
2025-07-28,107.30265808105469,107.94778176072323,106.72492792705604,106.87899126042743,12353000
2025-07-29,108.6891860961914,108.8047335906339,107.2737678565253,107.74557393641399,15928000
2025-07-30,107.74557495117188,108.42921443757189,107.12933633396219,108.23664262449778,12996900
2025-07-31,107.49523162841797,108.32330369323108,106.26275432622472,106.26275432622472,17233700
2025-08-01,105.5694808959961,108.36181633369162,104.8184405212398,107.84186360975019,19652000
2025-08-04,103.38375091552734,105.8390744215122,103.11414011110902,105.16506577582457,19129500
2025-08-05,103.25858306884766,103.81705162950657,102.13202249886415,103.23932882537225,21314300
2025-08-06,102.55567932128906,105.0013793883628,102.42087759166749,104.2888475647707,15321800
2025-08-07,102.01647186279297,104.04813608267548,101.95870178799905,103.16229398716435,13468300
2025-08-08,102.83492279052734,103.51856229377444,102.01647419943372,102.54605771765384,14417700
2025-08-11,101.90093231201172,103.53781477403791,101.61206724405704,103.13340955581646,13570700
2025-08-12,102.18978881835938,103.29709510415664,101.85278447384988,102.39199142506507,14109400
2025-08-13,103.60520935058594,103.60520935058594,101.8142636687973,102.06461288940845,17958700
2025-08-14,103.39337921142578,103.59558181461352,102.48828289422498,103.55707332974849,13683500
2025-08-15,103.49056243896484,104.53042413910818,102.96577138265387,103.19901679512692,19271900
2025-08-18,103.7140884399414,104.20972567810239,102.6936601404045,103.11154890699076,13040000
2025-08-19,104.39437103271484,104.43324526924799,103.16014553442298,103.20873276921256,16113600
2025-08-20,105.47310638427734,106.25057628140125,104.64704925264721,104.84141301967696,18959700
2025-08-21,106.15339660644531,106.48381650017089,104.91916367517014,105.36620628024141,12194900
2025-08-22,108.14564514160156,108.27198825876137,106.51296434690045,106.51296434690045,13586700
2025-08-25,108.59268951416016,108.76761986699798,107.42649210490949,107.77635281058514,9744900
2025-08-26,108.3497314453125,108.66071791639624,107.25156209122048,108.23311615272006,18143900
2025-08-27,109.57425689697266,109.79778192508626,108.28171621130144,108.28171621130144,15262600
2025-08-28,110.1573486328125,110.44890170919774,108.91340268064054,109.69087260799938,14189800
2025-08-29,111.07087707519531,111.55679393662437,110.38087602170638,110.5169321497463,14597900
2025-09-02,111.45960235595703,111.99410640835276,110.13790801462953,110.96396512433365,15206700
2025-09-03,108.75790405273438,111.20692151454529,108.32057447471314,110.75987893875846,14920100
2025-09-04,109.2341079711914,109.94354241103126,108.24283345769933,108.9522753120418,12864400
2025-09-05,106.15339660644531,108.63156805289493,105.9493050079647,108.45663769312769,16826700
2025-09-08,106.75593566894531,106.95030686712708,105.29818504784592,106.63932036453933,15440500
2025-09-09,107.53338623046875,109.34099726764585,107.41676353260186,107.41676353260186,14899500
2025-09-10,109.33128356933594,109.38959121459888,107.71803618170735,108.02903006178224,15837600
2025-09-11,108.9814224243164,109.59367494058706,107.74719697943684,108.2622676158315,11534500
2025-09-12,109.00086975097656,110.03101108521462,108.72875009078862,109.68115036518988,11105700
2025-09-15,109.18550872802734,109.29241102232862,108.18452125820836,109.02029878756257,12880500
2025-09-16,111.44988250732422,112.07185544585985,109.60339710220181,109.77832745457134,17208000
2025-09-17,112.04270935058594,112.23707312684543,110.83763762587085,111.30411365469479,13302000
2025-09-18,110.72101593017578,112.10101803202316,110.20594524529633,111.92608766597893,14628700
2025-09-19,109.64228057861328,110.76961125878745,109.46735021150015,110.69186278129207,38746500
2025-09-22,108.86480712890625,109.62284363833473,108.41776451945006,109.2826959138657,15611500
2025-09-23,110.74044799804688,111.51791792980742,109.31185867627873,109.54509669000579,25369100
2025-09-24,111.33326721191406,112.49947211017462,111.24580573715848,111.3429876250545,14756100
2025-09-25,112.33424377441406,112.63551723632344,111.1874872289276,111.41100480780977,15012600
2025-09-26,113.9183349609375,115.02622466382806,112.65494832420173,112.69382255766303,18568900
2025-09-29,111.00284576416016,113.21862540114104,110.46833426642237,112.7910162029508,19189300
2025-09-30,109.57425689697266,110.29341180631097,108.78707392073078,110.15735567250381,18076200
2025-10-01,108.83564758300781,109.83663504878889,108.15536699883687,109.38959246283336,16614000
2025-10-02,108.15536499023438,109.90466106611652,107.90268617173395,108.8162121516571,13062600
2025-10-03,110.06988525390625,110.54608168355931,108.74819084896897,108.74819084896897,12950100
2025-10-06,110.98340606689453,111.53735098177359,109.99213895087513,110.09904125150992,12036800
2025-10-07,111.04171752929688,111.28467594749493,108.59269252173914,110.85706675882555,11945000
2025-10-08,110.80847930908203,111.77060004610118,110.21566755150361,111.15834004717937,12301000
2025-10-09,109.72974395751953,112.2565100331723,109.56452659751527,111.20692788321571,10976200
2025-10-10,107.61114501953125,109.44791005376213,107.59170419410415,109.09804934109887,13811600
2025-10-13,109.07861328125,109.13692834557659,108.18452804960516,108.39833265162953,10296500
2025-10-14,109.127197265625,109.77832400668812,107.59169837799688,107.64029302443528,11167200
2025-10-15,108.46635437011719,110.37114743614104,107.84438142670133,109.62283878732902,12182900
2025-10-16,107.52367401123047,109.0300191284848,107.28071559970572,108.72874565633255,11782200
2025-10-17,109.07861328125,109.72974750046133,108.04847192368108,108.48579412636526,13460100
2025-10-20,109.5256576538086,109.9629872780101,108.8259436011914,108.84537701327677,9523600
2025-10-21,109.53536987304688,110.16706322885845,108.83564845827111,109.71030022674081,9202300
2025-10-22,111.47904205322266,111.93580507533065,109.89495580258458,110.25452952377394,12938800
2025-10-23,112.71327209472656,113.5587626407378,112.11073255125102,113.34495804742382,15001100
2025-10-24,112.13988494873047,113.18946707646688,111.93580077075434,113.07284436855093,9919400
2025-10-27,112.67440032958984,112.72298756536166,111.85805617489514,112.44115490567556,10975400
2025-10-28,111.79002380371094,112.90763398641612,111.7511495678905,112.23706639389255,9535200
2025-10-29,113.17002868652344,113.7531348241486,111.57622204988705,111.68312434748483,12570600
2025-10-30,111.45960235595703,113.23805227913105,111.30410541485863,113.15059081063988,16172900
2025-10-31,111.13890075683594,111.98439873160424,109.44791222180191,110.76960662593272,20213400
2025-11-03,110.55580139160156,111.75115266456905,110.43917868090855,111.27495623795205,12290300
2025-11-04,110.92508697509766,111.12917114221159,109.34100086968844,110.18649135994585,16860700
2025-11-05,110.47804260253906,111.93579298483091,110.4683221905966,110.87649051815787,12400900
2025-11-06,111.27495574951172,111.70256493900654,110.43917819613684,110.43917819613684,14219700
2025-11-07,113.9183349609375,114.20016759265555,111.6636813216951,111.96494736289283,17181100
2025-11-10,114.89017486572266,115.11369245227725,112.20791192555146,114.13214580783787,13048000
2025-11-11,116.40624237060547,117.4072299208323,115.48300329784361,115.48300329784361,16077100
2025-11-12,114.79299926757812,115.92032250358848,114.472292367225,115.74539214107791,13790900
2025-11-13,115.44412231445312,116.38680215875796,114.9484850676996,115.28862536860791,17291900
2025-11-14,116.94403839111328,117.13030423595934,114.36576278199473,116.12055397963738,17064300
2025-11-17,115.36568450927734,117.14989176671764,114.80689452973157,116.63031603758692,16034900
2025-11-18,116.68914031982422,117.13029505260532,114.18929341814709,114.9539526464096,15808500
2025-11-19,115.04218292236328,115.85586186327224,113.65011056424346,114.55201596702355,15919200
2025-11-20,114.71867370605469,116.669543620535,114.44418140113498,115.65980086485705,14401000
2025-11-21,114.7774887084961,115.07158437525726,113.37561100680882,114.68925477292015,15667600
2025-11-24,113.68932342529297,114.89512993221705,112.48350943901481,114.89512993221705,18034900
2025-11-25,112.25802612304688,113.62068951387047,111.94431960456993,112.914847977459,14434600
2025-11-26,112.5129165649414,113.46384162902656,112.06196387586725,112.160003247741,11650600
2025-11-28,113.64029693603516,116.40483806561917,112.5619312079222,112.68937191455296,7240800
2025-12-01,114.33634185791016,115.10100859456215,113.81676607945676,113.81676607945676,12658100
2025-12-02,113.11092376708984,114.3069323331814,112.43449845560603,114.15008279695115,14607700
2025-12-03,115.48333740234375,115.65979780503157,113.60109061388896,113.66971368830343,16819100
2025-12-04,114.83631134033203,116.01270901724688,114.36575526130771,115.1892321392773,13686900
2025-12-05,114.24811553955078,116.44406141854374,114.12067482295866,114.4539847645169,12516900
2025-12-08,113.69912719726562,114.69906446838193,112.77761095258792,113.55207561874306,14904200
2025-12-09,115.92448425292969,118.10082671847627,114.59122954393455,114.60103497720259,23790800
2025-12-10,117.1891098022461,117.51262176910427,116.04212098813484,116.3950417739158,19845200
2025-12-11,117.1891098022461,117.99298326333523,116.72835169417907,116.76756594586071,14781800
2025-12-12,116.48326873779297,117.56163448599445,115.98329637586768,117.09107842247377,14459500
2025-12-15,115.44412231445312,116.68914307822224,114.55201487415584,116.66953969111152,16358700
2025-12-16,112.42469024658203,114.54220754921194,112.35606717379666,114.47358447642657,17638700
2025-12-17,115.10100555419922,115.30687477346801,112.90505225662412,112.94426650972589,18502200
2025-12-18,114.24811553955078,114.68926281028475,113.35600808534332,114.68926281028475,13705600
2025-12-19,114.39515686035156,115.25784793700979,113.6795098745103,114.45397449667834,45412800
2025-12-22,115.82645416259766,116.13035528445343,115.03237860130838,115.03237860130838,11768600
2025-12-23,117.07147216796875,117.66947644340163,115.99310637729363,116.14015795769345,12567600
2025-12-24,116.87541198730469,117.68909094185487,116.77738009046408,116.98324931763564,6137400
2025-12-26,116.76757049560547,117.19891980155684,116.19897504309758,116.55189584262978,8066100
2025-12-29,118.1596450805664,118.9145063803753,117.05187045384986,117.787120887003,14782500
2025-12-30,118.610595703125,119.40467124297325,118.2576749030489,118.71843302977904,11150500
2025-12-31,117.97337341308594,118.87528625081782,117.51262278040748,118.79685774677961,10559900
2026-01-02,120.23795318603516,120.26736200605848,117.25773726088853,117.72829333996988,14175100
2026-01-05,122.8946533203125,123.45344332148551,119.98306055864913,122.74760174540302,30112200
2026-01-06,118.66942596435547,123.32601216113297,118.62040627580554,122.88485740224668,23328600
2026-01-07,116.15975952148438,117.75770853507144,115.94408487086373,117.44400199217434,20353000
2026-01-08,120.49284362792969,121.19867775555002,116.32642453948432,116.64013108932252,20232700
2026-01-09,122.15940856933594,122.40449204572425,120.67910227773142,120.80655047223998,16137700
2026-01-12,121.59081268310547,122.051570813798,120.14972065029409,122.01235656019075,15314900
2026-01-13,124.05144500732422,124.63964381543548,122.35546417326054,122.54172999624801,21619700
2026-01-14,127.63947296142578,129.12958470323446,124.62984813635859,124.84552279472729,27593900
2026-01-15,126.59053039550781,127.63947996539788,125.7768514049602,126.59053039550781,17400000
2026-01-16,127.3355712890625,127.60026563386086,126.3356265099308,126.37484824330528,16592400
2026-01-20,127.89436340332031,129.345253344085,127.51203379194625,128.92370200099126,16477300
2026-01-21,130.982421875,131.10005716420434,129.31585712353169,129.31585712353169,18879900
2026-01-22,131.01181030273438,131.54118398045577,129.25701935753054,130.4334169425723,16600100
2026-01-23,132.315673828125,133.30580572799937,131.83530480966832,132.43330911480464,17758200
2026-01-26,132.18821716308594,134.24692430039343,131.53139525667265,134.2371113879926,16056100
2026-01-27,134.1390838623047,134.23710827308267,132.0607808658375,132.59015456841982,14517000
2026-01-28,134.8743438720703,135.2958802817515,133.98223640576208,134.98218120270877,15637300
2026-01-29,137.7467041015625,139.54071684501432,136.3742426928216,137.56045323507496,35760600
2026-01-30,138.61920166015625,139.413284651152,135.1194175625329,136.0115249641907,29657700
2026-02-02,135.67820739746094,137.5604616716114,135.34489745756886,137.0800926697375,27735600
2026-02-03,140.90338134765625,142.15820749031957,135.58997362759902,135.91348559607266,37577800
2026-02-04,144.68746948242188,144.9325529451777,141.28570982267485,141.28570982267485,29426200
2026-02-05,143.20718383789062,143.8443949157971,140.97202365001937,143.6973508081906,18431700
2026-02-06,146.1187744140625,146.62855224315575,143.2169794161954,143.73655519939692,17216000
2026-02-09,148.23629760742188,148.56960754784373,145.7070343161397,146.32463450957823,21297300
2026-02-10,148.6088104248047,148.79507625683397,146.87363021409703,148.3735398653639,15800300
2026-02-11,152.500732421875,153.8437850193578,150.54987761975752,150.94200517912682,23091500
2026-02-12,147.9611358642578,153.2112816986525,147.9118045030338,151.86914039995418,30652500
2026-02-13,146.50057983398438,149.66843335045488,146.0367505798841,148.573009056918,20166000
2026-02-17,144.270263671875,147.17165857121253,143.24391231753378,146.25386332053407,19766600
2026-02-18,148.7012939453125,148.99735741858277,145.67161638544218,146.20451859059764,19849700
2026-02-19,148.98748779296875,151.36584368014013,148.85919011306916,150.20133141726754,20305000
2026-02-20,145.345947265625,148.8295908063359,144.53672317214324,148.51380081276685,25908600
2026-02-23,148.78024291992188,149.28355533426253,146.18478981965436,146.2045163413988,16073100
2026-02-24,147.29994201660156,148.7407762133805,146.08609834773506,148.44471274188743,14185500
2026-02-25,147.10256958007812,148.20785713109032,145.39529183251534,147.94141356259428,15225700
2026-02-26,146.5894012451172,148.97763562919565,144.8426553083189,145.86899164872443,15632100
2026-02-27,150.4973907470703,151.63228308015854,147.29006930491963,149.01708854300077,30275100
2026-03-02,152.19480895996094,157.5140277442215,151.0204334392882,157.25744744344775,31493100
2026-03-03,149.83619689941406,154.00078180487054,148.32628979550924,153.388913296314,25198900
2026-03-04,147.85260009765625,149.1749998639953,145.9183318111316,148.74077544915835,16764800
2026-03-05,148.78024291992188,150.32963320643273,147.5071895803822,149.0170967065771,22969300
2026-03-06,149.22434997558594,151.78033504800396,147.99076470220882,151.13886167079949,21136400
2026-03-09,148.46446228027344,151.86915473890892,147.50719887090204,150.02371592586377,25532700
2026-03-10,146.18479919433594,148.42497928748784,145.76043801499983,147.2900868194475,19617600
2026-03-11,149.5894775390625,149.8164529995664,145.72095615785696,146.046624457752,15297400
2026-03-12,151.5138702392578,152.96456766631465,149.63882672348768,150.27042175538625,26054000
2026-03-13,154.06985473632812,154.82974744779892,150.97108926767592,152.27376248734015,22414100
2026-03-16,155.165283203125,155.70806372597428,152.7277175392131,153.95143953087205,22835600
2026-03-17,156.7245330810547,158.34299629210685,154.74093346250348,156.17188931021934,21592200
2026-03-18,155.5205535888672,158.07653857282673,155.46134390714047,157.56337795891957,18947100
2026-03-19,156.0830841064453,157.46469361601712,152.80667432886895,156.181761895178,27082700
2026-03-20,157.5732421875,160.3068712918422,157.01073514922803,157.25745219688022,53942100
2026-03-23,159.0140838623047,159.30026902536085,152.9843183312989,154.06986435705824,25021300
2026-03-24,163.20826721191406,165.2806813902276,159.13249674027693,159.58646273652485,26131800
2026-03-25,161.11610412597656,162.83326029190215,160.79043579838304,161.71809435727107,17192300
2026-03-26,163.25759887695312,163.50431592661914,159.9318578661477,161.9351991047626,18625200
2026-03-27,168.74459838867188,168.98143711851466,162.63588184124913,163.4056378300655,30338300
2026-03-30,169.21829223632812,174.09342357607832,168.80380939743299,170.2446285433427,29813500
2026-03-31,167.4320526123047,172.09007144795677,163.79050675840085,170.40252029916738,32006700
2026-04-01,158.66867065429688,165.79386038255356,157.43508538359336,163.59314847597437,37927600
2026-04-02,158.57984924316406,164.70829216920555,157.4942882287153,162.32995131495318,25377700
2026-04-06,161.2246551513672,161.59966989102813,157.4350848271786,158.46143620148837,16344300
2026-04-07,161.757568359375,164.0569730451393,159.64567103873514,162.06349508840393,25227500
2026-04-08,154.16854858398438,154.29684626632607,148.99735388970248,151.50400750448705,31311200
2026-04-09,153.0040283203125,157.1390081962723,152.2836188014346,154.80013554578184,25868400
2026-04-10,150.50726318359375,153.08298977804927,149.92501456184667,152.01717031912833,21065000
2026-04-13,150.63555908203125,152.58955387101517,149.29341774875434,152.244159041483,18685600
2026-04-14,147.28021240234375,148.13878289907458,144.79330037579695,148.09931479763057,18528200
2026-04-15,147.05322265625,148.25720304523475,144.97093018596462,146.6486181452608,15626500
2026-04-16,149.98422241210938,150.77371997111916,147.3887693274927,147.56639837260283,15191000
2026-04-17,144.51698303222656,144.87225619004138,140.10568093036503,142.9577294539512,28947400
2026-04-20,145.7406768798828,147.40848641370326,144.42815553036803,145.44462849031555,16354400
2026-04-21,146.41177368164062,146.8558613809694,144.31961781734506,145.43476869638585,17515900
2026-04-22,147.5367889404297,148.70128613345972,146.2341157498405,147.40849126178932,13738700
2026-04-23,148.5532684326172,149.24407315856882,146.54992719815058,147.88220528695376,12970400
2026-04-24,146.9545440673828,148.32629023309528,145.02027581191402,147.6749536212974,13735900
2026-04-27,146.24398803710938,149.19471405683467,146.02687584763237,147.20125131114554,13940800
2026-04-28,148.58287048339844,150.30988979505028,147.86246092975082,149.54013382081567,15173600
2026-04-29,152.63890075683594,152.9152226446687,149.0269595764905,150.02370608327118,14669100
2026-04-30,152.30337524414062,153.6455166348819,149.35263382507475,150.42831657823265,22885900
2026-05-01,150.74412536621094,152.97444219282582,149.14540361800823,150.60596441338373,15458200
2026-05-04,151.67176818847656,152.4415241398171,147.55652981525986,150.66515846041094,14238500
2026-05-05,152.84616088867188,153.250765430774,150.40859508241783,151.0895365909912,12494600
2026-05-06,146.73744201660156,148.3559053389129,145.15844679845733,147.11245676905406,20527000
2026-05-07,144.65513610839844,145.14857018638108,142.29652181797798,144.87224830738384,22509400
2026-05-08,142.67153930664062,144.5761876566039,142.03006595775787,143.9347293661345,19550100
2026-05-11,147.71441650390625,147.75389966236088,144.08274896354814,144.10249054277546,14849500
2026-05-12,148.65196228027344,149.8164595321171,147.80325502310743,149.26381574762087,16443100
2026-05-13,149.57962036132812,149.79671751167356,147.71442500651165,148.0894397413527,15772800
2026-05-14,150.77371215820312,151.10924370941106,149.27366837965636,149.905263382453,11331500
2026-05-15,156.90402221679688,156.98350935726506,152.01567678266807,152.7608516688576,27882400
2026-05-18,159.45748901367188,160.6895017397437,154.23131965292822,156.30788510753027,20065200
2026-05-19,161.50424194335938,162.2692924138743,158.612959712182,160.46099405822483,20715600
2026-05-20,155.27456665039062,162.62695246090524,155.2646364435186,160.57027775243373,18509700
2026-05-21,154.2909393310547,158.36456815663448,152.47272592771048,157.40080741244543,17061700
2026-05-22,153.92332458496094,154.54927634853834,152.1845831622433,153.039050982118,12948500
2026-05-26,148.84619140625,153.55570196228766,148.50838244281752,152.51245412992614,13057800
2026-05-27,146.948486328125,147.73341239068998,144.812324315,146.2827985604971,16241100
2026-05-28,146.01454162597656,149.2436327977562,145.9251091176085,148.37921962101078,14012500
2026-05-29,144.32546997070312,145.9847242712525,143.77902050285167,145.2494947353263,27959900
2026-06-01,148.41897583007812,148.6872278824595,146.05428259382654,146.07415816976595,16732100
2026-06-02,148.59780883789062,149.8596425847688,147.54463073444197,148.0712197861663,10462400
2026-06-03,151.5487060546875,153.91339931686977,149.05485944903873,149.6410600803893,14373000
2026-06-04,151.0618438720703,152.44290069957347,149.96892981929165,151.07178923986044,11799400
2026-06-05,148.9554901123047,151.15127878116928,148.33948372439218,151.0320404901442,16584000
2026-06-08,150.77371215820312,152.82045666526088,149.92917459257427,150.18751157814702,13870900
2026-06-09,147.95199584960938,150.1577147624696,146.82926081757435,149.93912891268184,18163500
2026-06-10,149.65098571777344,151.5089654358688,148.5978076229357,150.25706190677164,14596500
2026-06-11,145.6568603515625,151.5089666465856,145.47801049142424,151.32018657890387,17285800
2026-06-12,146.064208984375,147.95199447310367,144.21617464648634,144.69309749283448,17713100
2026-06-15,140.01339721679688,141.06657534019064,136.83398727052634,138.8409959581125,23631400
2026-06-16,140.9473419189453,141.2354695284117,139.07943207905402,139.28808771120796,18925400
2026-06-17,139.8345489501953,141.42424618882197,139.41725285653254,140.31145660572122,16663200
2026-06-18,136.92340087890625,137.5692282188612,134.97601897282365,137.43012951128387,48063400
2026-06-22,137.57916259765625,138.10575166092363,136.1384941196488,137.64870437324234,15783300
2026-06-23,138.83103942871094,139.486796941336,137.60895690836153,138.56278739587265,13699400
2026-06-24,136.01925659179688,136.75450130722126,134.7176868182312,136.23784244879812,16212900
2026-06-25,136.66506958007812,137.18172838415734,134.08179072030313,134.76735400327686,13288800
2026-06-26,135.66156005859375,136.6948776843146,135.04555369443563,136.08880152709986,22684200
2026-06-29,135.18466186523438,136.5061071911013,134.51897409848138,135.70132071428984,11972700
2026-06-30,135.8404083251953,136.4166786942443,134.45935154509178,135.6019469157409,28784000
2026-07-01,135.4032440185547,136.60546617741443,134.75743184534812,135.6516356483452,12433400
2026-07-02,136.20802307128906,138.24483735700704,135.45291801558523,136.26763463349974,13703300
2026-07-06,135.5622100830078,136.48621961272076,135.13496862214214,135.67150299991567,13915100
2026-07-07,140.7784423828125,140.82812374084455,137.24134800388697,137.6685743295943,14667800
2026-07-08,140.2220458984375,143.0636467131422,138.91053083290223,142.5171821025025,18291400
2026-07-09,136.57565307617188,139.14898658435814,136.2378289556867,138.7614962690738,14110200
2026-07-10,137.9865264892578,138.0759438396731,136.25771524478435,137.01282036043938,9753500
2026-07-13,143.58029174804688,144.29566085231056,139.58616526996687,140.013391594685,18724300
2026-07-14,144.15655517578125,145.06070430003604,142.9642784465353,144.57385127298625,16096400
2026-07-15,143.58029174804688,144.15656214651605,141.11625103370636,144.15656214651605,13444500
2026-07-16,145.0110321044922,145.92511149334146,143.62004502594374,144.3453443482853,13518000
2026-07-17,146.41195678710938,149.03497168229288,146.2231767306124,148.07121098589766,19031400
2026-07-20,147.40553283691406,148.13083216789195,145.28923125020256,145.55749846162485,12149200
2026-07-21,150.73397827148438,150.78364446729043,147.52474760584934,148.0513366306137,13145300
2026-07-22,153.4563446044922,153.80409894761962,151.96599483786918,152.87014400150304,13788700
2026-07-23,155.88064575195312,157.54984533591656,155.05598374734197,155.59251814100296,15822800
2026-07-24,155.93032836914062,157.6889453127249,154.67842488089144,155.98000972608443,12091600
2026-07-27,153.7742919921875,154.420104155216,151.51889178426083,152.08523196835614,13955800
2026-07-28,152.055419921875,155.17521831898253,150.9028942324521,153.17815498792126,16299900
2026-07-29,155.74154663085938,158.04662815474293,154.85727306502608,156.7053073348219,14571300
2026-07-30,155.96014404296875,156.76493053038882,153.53583921231603,154.09223405988436,12578100
2026-07-31,154.4399871826172,155.1553563125088,151.16121453071767,152.7509270772818,15714200
2026-08-03,154.0624237060547,154.90696132074848,151.66792473036153,152.4727263545316,14532800
2026-08-04,152.96951293945312,153.84384119554895,148.13083352442996,150.6445556868725,14347900
2026-08-05,150.6544952392578,154.04254552700252,150.17757239730147,154.04254552700252,12227500
2026-08-06,153.84384155273438,153.87364733649875,150.8631418913171,153.227835140774,11879100
2026-08-07,152.055419921875,152.68137170710398,150.55513987163098,151.65799936147022,18455200
2026-08-10,158.76199340820312,159.33826383030498,153.45635163451644,153.50603299447087,19761600
2026-08-11,158.7719268798828,160.62989135010667,158.2453378571924,158.6328281788065,13744500
2026-08-12,158.7222442626953,159.19915192536513,156.54633125837117,157.5299675257101,13219500
2026-08-13,157.58958435058594,158.73217976988673,156.4171679882901,157.0133139569994,10542800
2026-08-14,159.07000732421875,160.22253297554738,158.22546971049474,158.68251698441384,10231300
2026-08-17,161.4600067138672,162.50999450683594,159.08999633789062,160.10000610351562,12858100
2026-08-18,165.55999755859375,165.6699981689453,163.25,164.35000610351562,18952700
2026-08-19,164.77000427246094,168.2100067138672,164.66000366210938,166.07000732421875,13648900
2026-08-20,166.14999389648438,168.63999938964844,166.07000732421875,167.02000427246094,13803000
2026-08-21,165.11000061035156,168.0,164.61000061035156,166.5399932861328,14314300
2026-08-24,164.0500030517578,165.22000122070312,162.25,163.8699951171875,10842500
2026-08-25,160.63999938964844,162.80999755859375,160.4600067138672,161.4499969482422,17525300
2026-08-26,158.19000244140625,161.1300048828125,157.75999450683594,158.0,14838400
2026-08-27,156.44000244140625,158.19000244140625,156.13999938964844,157.6300048828125,14288500
2026-08-31,160.9499969482422,161.58999633789062,158.74000549316406,159.94000244140625,18363400
2026-09-01,164.5500030517578,164.6999969482422,162.22000122070312,163.60000610351562,11381800
2026-09-02,164.14999389648438,165.02000427246094,162.75999450683594,163.92999267578125,11287000
