Using device: cuda
Benchmarking 23 symbols x 3 losses: ['NVDA', 'AAPL', 'MSFT', 'LLY', 'COST', 'AVGO', 'V', 'GOOGL', 'JPM', 'DIS', 'KO', 'JNJ', 'AMZN', 'WMT', 'INTC', 'F', 'KHC', 'BA', 'T', 'PARA', 'GRAB', 'SPY', 'PSEI.PS']

Epoch 001/50 | [MSE] train_loss=0.001442 val_loss=0.001670 | train_profit=0.422757 (+42,276 PHP) val_profit=0.838889 (+83,889 PHP) | train_geo=-0.302383 (-30,238 PHP) val_geo=0.858053 (+85,805 PHP)
Epoch 002/50 | [MSE] train_loss=0.001259 val_loss=0.001603 | train_profit=2.692155 (+269,216 PHP) val_profit=0.838889 (+83,889 PHP) | train_geo=5.811294 (+581,129 PHP) val_geo=0.858053 (+85,805 PHP)
Epoch 003/50 | [MSE] train_loss=0.001212 val_loss=0.001650 | train_profit=0.719026 (+71,903 PHP) val_profit=0.838889 (+83,889 PHP) | train_geo=-0.059740 (-5,974 PHP) val_geo=0.858053 (+85,805 PHP)
Epoch 004/50 | [MSE] train_loss=0.001218 val_loss=0.001755 | train_profit=1.602427 (+160,243 PHP) val_profit=0.838889 (+83,889 PHP) | train_geo=1.276177 (+127,618 PHP) val_geo=0.858053 (+85,805 PHP)
Epoch 005/50 | [MSE] train_loss=0.001239 val_loss=0.001600 | train_profit=-0.558525 (-55,853 PHP) val_profit=0.838889 (+83,889 PHP) | train_geo=-0.740834 (-74,083 PHP) val_geo=0.858053 (+85,805 PHP)
Epoch 006/50 | [MSE] train_loss=0.001199 val_loss=0.001416 | train_profit=-3.887713 (-388,771 PHP) val_profit=0.838889 (+83,889 PHP) | train_geo=-0.990775 (-99,077 PHP) val_geo=0.858053 (+85,805 PHP)
Epoch 007/50 | [MSE] train_loss=0.001102 val_loss=0.001413 | train_profit=-1.985345 (-198,535 PHP) val_profit=0.838889 (+83,889 PHP) | train_geo=-0.937910 (-93,791 PHP) val_geo=0.858053 (+85,805 PHP)
Epoch 008/50 | [MSE] train_loss=0.001092 val_loss=0.001424 | train_profit=-2.720610 (-272,061 PHP) val_profit=0.838889 (+83,889 PHP) | train_geo=-0.970292 (-97,029 PHP) val_geo=0.858053 (+85,805 PHP)
Epoch 009/50 | [MSE] train_loss=0.001105 val_loss=0.001411 | train_profit=-3.350691 (-335,069 PHP) val_profit=0.838889 (+83,889 PHP) | train_geo=-0.984219 (-98,422 PHP) val_geo=0.858053 (+85,805 PHP)
Epoch 010/50 | [MSE] train_loss=0.001093 val_loss=0.001419 | train_profit=-1.435946 (-143,595 PHP) val_profit=0.838889 (+83,889 PHP) | train_geo=-0.891200 (-89,120 PHP) val_geo=0.858053 (+85,805 PHP)
Epoch 011/50 | [MSE] train_loss=0.001095 val_loss=0.001416 | train_profit=-3.060939 (-306,094 PHP) val_profit=0.838889 (+83,889 PHP) | train_geo=-0.978833 (-97,883 PHP) val_geo=0.858053 (+85,805 PHP)
Epoch 012/50 | [MSE] train_loss=0.001091 val_loss=0.001417 | train_profit=-2.054538 (-205,454 PHP) val_profit=0.838889 (+83,889 PHP) | train_geo=-0.942111 (-94,211 PHP) val_geo=0.858053 (+85,805 PHP)
Epoch 013/50 | [MSE] train_loss=0.001095 val_loss=0.001414 | train_profit=-2.820652 (-282,065 PHP) val_profit=0.838889 (+83,889 PHP) | train_geo=-0.973149 (-97,315 PHP) val_geo=0.858053 (+85,805 PHP)
Epoch 014/50 | [MSE] train_loss=0.001086 val_loss=0.001416 | train_profit=-2.955845 (-295,584 PHP) val_profit=0.838889 (+83,889 PHP) | train_geo=-0.976498 (-97,650 PHP) val_geo=0.858053 (+85,805 PHP)
Epoch 015/50 | [MSE] train_loss=0.001083 val_loss=0.001414 | train_profit=-2.143827 (-214,383 PHP) val_profit=0.838889 (+83,889 PHP) | train_geo=-0.947025 (-94,703 PHP) val_geo=0.858053 (+85,805 PHP)
Epoch 016/50 | [MSE] train_loss=0.001078 val_loss=0.001415 | train_profit=-2.851172 (-285,117 PHP) val_profit=0.838889 (+83,889 PHP) | train_geo=-0.973937 (-97,394 PHP) val_geo=0.858053 (+85,805 PHP)
Epoch 017/50 | [MSE] train_loss=0.001086 val_loss=0.001415 | train_profit=-2.907970 (-290,797 PHP) val_profit=0.838889 (+83,889 PHP) | train_geo=-0.975330 (-97,533 PHP) val_geo=0.858053 (+85,805 PHP)
Epoch 018/50 | [MSE] train_loss=0.001083 val_loss=0.001413 | train_profit=-2.519402 (-251,940 PHP) val_profit=0.838889 (+83,889 PHP) | train_geo=-0.963633 (-96,363 PHP) val_geo=0.858053 (+85,805 PHP)
Epoch 019/50 | [MSE] train_loss=0.001085 val_loss=0.001413 | train_profit=-3.362731 (-336,273 PHP) val_profit=0.838889 (+83,889 PHP) | train_geo=-0.984365 (-98,437 PHP) val_geo=0.858053 (+85,805 PHP)
Early stopping at epoch 19: no improvement in val_loss for 10 epochs (best=0.001411 at epoch 9)
[1/23] NVDA       (strong) mse           dir_acc=0.535 cum_ret=+0.6613 geo_ret=+0.7906 sharpe=+1.484 (buy&hold=+0.7923 always_short=-0.5238) [2.8s] [DEGENERATE: constant signal]
Epoch 001/50 | train_loss=-0.000563 val_loss=-0.001452 | train_profit=1.768962 (+176,896 PHP) val_profit=0.838889 (+83,889 PHP) | train_geo=1.687977 (+168,798 PHP) val_geo=0.858053 (+85,805 PHP)
Epoch 002/50 | train_loss=-0.001683 val_loss=-0.002030 | train_profit=3.156849 (+315,685 PHP) val_profit=0.838889 (+83,889 PHP) | train_geo=9.779662 (+977,966 PHP) val_geo=0.858053 (+85,805 PHP)
Epoch 003/50 | train_loss=-0.001777 val_loss=-0.001967 | train_profit=3.156849 (+315,685 PHP) val_profit=0.838889 (+83,889 PHP) | train_geo=9.779662 (+977,966 PHP) val_geo=0.858053 (+85,805 PHP)
Epoch 004/50 | train_loss=-0.001662 val_loss=-0.001894 | train_profit=3.002008 (+300,201 PHP) val_profit=0.838889 (+83,889 PHP) | train_geo=8.229228 (+822,923 PHP) val_geo=0.858053 (+85,805 PHP)
Epoch 005/50 | train_loss=-0.001682 val_loss=-0.001913 | train_profit=2.928973 (+292,897 PHP) val_profit=0.838889 (+83,889 PHP) | train_geo=7.577928 (+757,793 PHP) val_geo=0.858053 (+85,805 PHP)
Epoch 006/50 | train_loss=-0.001800 val_loss=-0.001891 | train_profit=3.156849 (+315,685 PHP) val_profit=0.838889 (+83,889 PHP) | train_geo=9.779662 (+977,966 PHP) val_geo=0.858053 (+85,805 PHP)
Epoch 007/50 | train_loss=-0.001845 val_loss=-0.001898 | train_profit=3.156849 (+315,685 PHP) val_profit=0.838889 (+83,889 PHP) | train_geo=9.779662 (+977,966 PHP) val_geo=0.858053 (+85,805 PHP)
Epoch 008/50 | train_loss=-0.001903 val_loss=-0.001965 | train_profit=3.156849 (+315,685 PHP) val_profit=0.838889 (+83,889 PHP) | train_geo=9.779662 (+977,966 PHP) val_geo=0.858053 (+85,805 PHP)
Epoch 009/50 | train_loss=-0.001908 val_loss=-0.001956 | train_profit=3.156849 (+315,685 PHP) val_profit=0.838889 (+83,889 PHP) | train_geo=9.779662 (+977,966 PHP) val_geo=0.858053 (+85,805 PHP)
Epoch 010/50 | train_loss=-0.001843 val_loss=-0.001851 | train_profit=3.156849 (+315,685 PHP) val_profit=0.838889 (+83,889 PHP) | train_geo=9.779662 (+977,966 PHP) val_geo=0.858053 (+85,805 PHP)
Epoch 011/50 | train_loss=-0.001716 val_loss=-0.001981 | train_profit=3.156849 (+315,685 PHP) val_profit=0.838889 (+83,889 PHP) | train_geo=9.779662 (+977,966 PHP) val_geo=0.858053 (+85,805 PHP)
Epoch 012/50 | train_loss=-0.001841 val_loss=-0.001953 | train_profit=3.156849 (+315,685 PHP) val_profit=0.838889 (+83,889 PHP) | train_geo=9.779662 (+977,966 PHP) val_geo=0.858053 (+85,805 PHP)
Early stopping at epoch 12: no improvement in val_loss for 10 epochs (best=-0.002030 at epoch 2)
[1/23] NVDA       (strong) profit-aware  dir_acc=0.535 cum_ret=+0.6613 geo_ret=+0.7906 sharpe=+1.484 (buy&hold=+0.7923 always_short=-0.5238) [1.2s] [DEGENERATE: constant signal]
Epoch 001/50 | [PROFIT-LOG] train_loss=-0.001931 val_loss=-0.001928 | train_profit=3.154133 (+315,413 PHP) val_profit=0.838889 (+83,889 PHP) | train_geo=9.750792 (+975,079 PHP) val_geo=0.858053 (+85,805 PHP)
Epoch 002/50 | [PROFIT-LOG] train_loss=-0.002009 val_loss=-0.001928 | train_profit=3.156849 (+315,685 PHP) val_profit=0.838889 (+83,889 PHP) | train_geo=9.779662 (+977,966 PHP) val_geo=0.858053 (+85,805 PHP)
Epoch 003/50 | [PROFIT-LOG] train_loss=-0.002009 val_loss=-0.001928 | train_profit=3.156849 (+315,685 PHP) val_profit=0.838889 (+83,889 PHP) | train_geo=9.779662 (+977,966 PHP) val_geo=0.858053 (+85,805 PHP)
Epoch 004/50 | [PROFIT-LOG] train_loss=-0.002009 val_loss=-0.001928 | train_profit=3.156849 (+315,685 PHP) val_profit=0.838889 (+83,889 PHP) | train_geo=9.779662 (+977,966 PHP) val_geo=0.858053 (+85,805 PHP)
Epoch 005/50 | [PROFIT-LOG] train_loss=-0.002009 val_loss=-0.001928 | train_profit=3.156849 (+315,685 PHP) val_profit=0.838889 (+83,889 PHP) | train_geo=9.779662 (+977,966 PHP) val_geo=0.858053 (+85,805 PHP)
Epoch 006/50 | [PROFIT-LOG] train_loss=-0.002010 val_loss=-0.001928 | train_profit=3.156849 (+315,685 PHP) val_profit=0.838889 (+83,889 PHP) | train_geo=9.779662 (+977,966 PHP) val_geo=0.858053 (+85,805 PHP)
Epoch 007/50 | [PROFIT-LOG] train_loss=-0.002009 val_loss=-0.001928 | train_profit=3.156849 (+315,685 PHP) val_profit=0.838889 (+83,889 PHP) | train_geo=9.779662 (+977,966 PHP) val_geo=0.858053 (+85,805 PHP)
Epoch 008/50 | [PROFIT-LOG] train_loss=-0.002009 val_loss=-0.001928 | train_profit=3.156849 (+315,685 PHP) val_profit=0.838889 (+83,889 PHP) | train_geo=9.779662 (+977,966 PHP) val_geo=0.858053 (+85,805 PHP)
Epoch 009/50 | [PROFIT-LOG] train_loss=-0.002009 val_loss=-0.001928 | train_profit=3.156849 (+315,685 PHP) val_profit=0.838889 (+83,889 PHP) | train_geo=9.779662 (+977,966 PHP) val_geo=0.858053 (+85,805 PHP)
Epoch 010/50 | [PROFIT-LOG] train_loss=-0.002009 val_loss=-0.001928 | train_profit=3.156849 (+315,685 PHP) val_profit=0.838889 (+83,889 PHP) | train_geo=9.779662 (+977,966 PHP) val_geo=0.858053 (+85,805 PHP)
Epoch 011/50 | [PROFIT-LOG] train_loss=-0.002009 val_loss=-0.001928 | train_profit=3.156849 (+315,685 PHP) val_profit=0.838889 (+83,889 PHP) | train_geo=9.779662 (+977,966 PHP) val_geo=0.858053 (+85,805 PHP)
Epoch 012/50 | [PROFIT-LOG] train_loss=-0.002009 val_loss=-0.001928 | train_profit=3.156849 (+315,685 PHP) val_profit=0.838889 (+83,889 PHP) | train_geo=9.779662 (+977,966 PHP) val_geo=0.858053 (+85,805 PHP)
Epoch 013/50 | [PROFIT-LOG] train_loss=-0.002009 val_loss=-0.001928 | train_profit=3.156849 (+315,685 PHP) val_profit=0.838889 (+83,889 PHP) | train_geo=9.779662 (+977,966 PHP) val_geo=0.858053 (+85,805 PHP)
Epoch 014/50 | [PROFIT-LOG] train_loss=-0.002009 val_loss=-0.001928 | train_profit=3.156849 (+315,685 PHP) val_profit=0.838889 (+83,889 PHP) | train_geo=9.779662 (+977,966 PHP) val_geo=0.858053 (+85,805 PHP)
Epoch 015/50 | [PROFIT-LOG] train_loss=-0.002009 val_loss=-0.001928 | train_profit=3.156849 (+315,685 PHP) val_profit=0.838889 (+83,889 PHP) | train_geo=9.779662 (+977,966 PHP) val_geo=0.858053 (+85,805 PHP)
Epoch 016/50 | [PROFIT-LOG] train_loss=-0.002009 val_loss=-0.001928 | train_profit=3.156849 (+315,685 PHP) val_profit=0.838889 (+83,889 PHP) | train_geo=9.779662 (+977,966 PHP) val_geo=0.858053 (+85,805 PHP)
Epoch 017/50 | [PROFIT-LOG] train_loss=-0.002009 val_loss=-0.001928 | train_profit=3.156849 (+315,685 PHP) val_profit=0.838889 (+83,889 PHP) | train_geo=9.779662 (+977,966 PHP) val_geo=0.858053 (+85,805 PHP)
Epoch 018/50 | [PROFIT-LOG] train_loss=-0.002009 val_loss=-0.001928 | train_profit=3.156849 (+315,685 PHP) val_profit=0.838889 (+83,889 PHP) | train_geo=9.779662 (+977,966 PHP) val_geo=0.858053 (+85,805 PHP)
Epoch 019/50 | [PROFIT-LOG] train_loss=-0.002009 val_loss=-0.001928 | train_profit=3.156849 (+315,685 PHP) val_profit=0.838889 (+83,889 PHP) | train_geo=9.779662 (+977,966 PHP) val_geo=0.858053 (+85,805 PHP)
Epoch 020/50 | [PROFIT-LOG] train_loss=-0.002009 val_loss=-0.001928 | train_profit=3.156849 (+315,685 PHP) val_profit=0.838889 (+83,889 PHP) | train_geo=9.779662 (+977,966 PHP) val_geo=0.858053 (+85,805 PHP)
Epoch 021/50 | [PROFIT-LOG] train_loss=-0.002009 val_loss=-0.001928 | train_profit=3.156849 (+315,685 PHP) val_profit=0.838889 (+83,889 PHP) | train_geo=9.779662 (+977,966 PHP) val_geo=0.858053 (+85,805 PHP)
Epoch 022/50 | [PROFIT-LOG] train_loss=-0.002009 val_loss=-0.001928 | train_profit=3.156849 (+315,685 PHP) val_profit=0.838889 (+83,889 PHP) | train_geo=9.779662 (+977,966 PHP) val_geo=0.858053 (+85,805 PHP)
Epoch 023/50 | [PROFIT-LOG] train_loss=-0.002009 val_loss=-0.001928 | train_profit=3.156849 (+315,685 PHP) val_profit=0.838889 (+83,889 PHP) | train_geo=9.779662 (+977,966 PHP) val_geo=0.858053 (+85,805 PHP)
Epoch 024/50 | [PROFIT-LOG] train_loss=-0.002009 val_loss=-0.001928 | train_profit=3.156849 (+315,685 PHP) val_profit=0.838889 (+83,889 PHP) | train_geo=9.779662 (+977,966 PHP) val_geo=0.858053 (+85,805 PHP)
Epoch 025/50 | [PROFIT-LOG] train_loss=-0.002009 val_loss=-0.001928 | train_profit=3.156849 (+315,685 PHP) val_profit=0.838889 (+83,889 PHP) | train_geo=9.779662 (+977,966 PHP) val_geo=0.858053 (+85,805 PHP)
Epoch 026/50 | [PROFIT-LOG] train_loss=-0.002009 val_loss=-0.001928 | train_profit=3.156849 (+315,685 PHP) val_profit=0.838889 (+83,889 PHP) | train_geo=9.779662 (+977,966 PHP) val_geo=0.858053 (+85,805 PHP)
Epoch 027/50 | [PROFIT-LOG] train_loss=-0.002009 val_loss=-0.001928 | train_profit=3.156849 (+315,685 PHP) val_profit=0.838889 (+83,889 PHP) | train_geo=9.779662 (+977,966 PHP) val_geo=0.858053 (+85,805 PHP)
Epoch 028/50 | [PROFIT-LOG] train_loss=-0.002009 val_loss=-0.001928 | train_profit=3.156849 (+315,685 PHP) val_profit=0.838889 (+83,889 PHP) | train_geo=9.779662 (+977,966 PHP) val_geo=0.858053 (+85,805 PHP)
Epoch 029/50 | [PROFIT-LOG] train_loss=-0.002009 val_loss=-0.001928 | train_profit=3.156849 (+315,685 PHP) val_profit=0.838889 (+83,889 PHP) | train_geo=9.779662 (+977,966 PHP) val_geo=0.858053 (+85,805 PHP)
Epoch 030/50 | [PROFIT-LOG] train_loss=-0.002009 val_loss=-0.001928 | train_profit=3.156849 (+315,685 PHP) val_profit=0.838889 (+83,889 PHP) | train_geo=9.779662 (+977,966 PHP) val_geo=0.858053 (+85,805 PHP)
Epoch 031/50 | [PROFIT-LOG] train_loss=-0.002009 val_loss=-0.001928 | train_profit=3.156849 (+315,685 PHP) val_profit=0.838889 (+83,889 PHP) | train_geo=9.779662 (+977,966 PHP) val_geo=0.858053 (+85,805 PHP)
Epoch 032/50 | [PROFIT-LOG] train_loss=-0.002009 val_loss=-0.001928 | train_profit=3.156849 (+315,685 PHP) val_profit=0.838889 (+83,889 PHP) | train_geo=9.779662 (+977,966 PHP) val_geo=0.858053 (+85,805 PHP)
Epoch 033/50 | [PROFIT-LOG] train_loss=-0.002009 val_loss=-0.001928 | train_profit=3.156849 (+315,685 PHP) val_profit=0.838889 (+83,889 PHP) | train_geo=9.779662 (+977,966 PHP) val_geo=0.858053 (+85,805 PHP)
Epoch 034/50 | [PROFIT-LOG] train_loss=-0.002009 val_loss=-0.001928 | train_profit=3.156849 (+315,685 PHP) val_profit=0.838889 (+83,889 PHP) | train_geo=9.779662 (+977,966 PHP) val_geo=0.858053 (+85,805 PHP)
Epoch 035/50 | [PROFIT-LOG] train_loss=-0.002009 val_loss=-0.001928 | train_profit=3.156849 (+315,685 PHP) val_profit=0.838889 (+83,889 PHP) | train_geo=9.779662 (+977,966 PHP) val_geo=0.858053 (+85,805 PHP)
Epoch 036/50 | [PROFIT-LOG] train_loss=-0.002009 val_loss=-0.001928 | train_profit=3.156849 (+315,685 PHP) val_profit=0.838889 (+83,889 PHP) | train_geo=9.779662 (+977,966 PHP) val_geo=0.858053 (+85,805 PHP)
Epoch 037/50 | [PROFIT-LOG] train_loss=-0.002009 val_loss=-0.001928 | train_profit=3.156849 (+315,685 PHP) val_profit=0.838889 (+83,889 PHP) | train_geo=9.779662 (+977,966 PHP) val_geo=0.858053 (+85,805 PHP)
Epoch 038/50 | [PROFIT-LOG] train_loss=-0.002009 val_loss=-0.001928 | train_profit=3.156849 (+315,685 PHP) val_profit=0.838889 (+83,889 PHP) | train_geo=9.779662 (+977,966 PHP) val_geo=0.858053 (+85,805 PHP)
Epoch 039/50 | [PROFIT-LOG] train_loss=-0.002009 val_loss=-0.001928 | train_profit=3.156849 (+315,685 PHP) val_profit=0.838889 (+83,889 PHP) | train_geo=9.779662 (+977,966 PHP) val_geo=0.858053 (+85,805 PHP)
Epoch 040/50 | [PROFIT-LOG] train_loss=-0.002009 val_loss=-0.001928 | train_profit=3.156849 (+315,685 PHP) val_profit=0.838889 (+83,889 PHP) | train_geo=9.779662 (+977,966 PHP) val_geo=0.858053 (+85,805 PHP)
Epoch 041/50 | [PROFIT-LOG] train_loss=-0.002009 val_loss=-0.001928 | train_profit=3.156849 (+315,685 PHP) val_profit=0.838889 (+83,889 PHP) | train_geo=9.779662 (+977,966 PHP) val_geo=0.858053 (+85,805 PHP)
Epoch 042/50 | [PROFIT-LOG] train_loss=-0.002009 val_loss=-0.001928 | train_profit=3.156849 (+315,685 PHP) val_profit=0.838889 (+83,889 PHP) | train_geo=9.779662 (+977,966 PHP) val_geo=0.858053 (+85,805 PHP)
Epoch 043/50 | [PROFIT-LOG] train_loss=-0.002009 val_loss=-0.001928 | train_profit=3.156849 (+315,685 PHP) val_profit=0.838889 (+83,889 PHP) | train_geo=9.779662 (+977,966 PHP) val_geo=0.858053 (+85,805 PHP)
Epoch 044/50 | [PROFIT-LOG] train_loss=-0.002009 val_loss=-0.001928 | train_profit=3.156849 (+315,685 PHP) val_profit=0.838889 (+83,889 PHP) | train_geo=9.779662 (+977,966 PHP) val_geo=0.858053 (+85,805 PHP)
Epoch 045/50 | [PROFIT-LOG] train_loss=-0.002009 val_loss=-0.001928 | train_profit=3.156849 (+315,685 PHP) val_profit=0.838889 (+83,889 PHP) | train_geo=9.779662 (+977,966 PHP) val_geo=0.858053 (+85,805 PHP)
Epoch 046/50 | [PROFIT-LOG] train_loss=-0.002009 val_loss=-0.001928 | train_profit=3.156849 (+315,685 PHP) val_profit=0.838889 (+83,889 PHP) | train_geo=9.779662 (+977,966 PHP) val_geo=0.858053 (+85,805 PHP)
Epoch 047/50 | [PROFIT-LOG] train_loss=-0.002009 val_loss=-0.001928 | train_profit=3.156849 (+315,685 PHP) val_profit=0.838889 (+83,889 PHP) | train_geo=9.779662 (+977,966 PHP) val_geo=0.858053 (+85,805 PHP)
Epoch 048/50 | [PROFIT-LOG] train_loss=-0.002009 val_loss=-0.001928 | train_profit=3.156849 (+315,685 PHP) val_profit=0.838889 (+83,889 PHP) | train_geo=9.779662 (+977,966 PHP) val_geo=0.858053 (+85,805 PHP)
Epoch 049/50 | [PROFIT-LOG] train_loss=-0.002009 val_loss=-0.001928 | train_profit=3.156849 (+315,685 PHP) val_profit=0.838889 (+83,889 PHP) | train_geo=9.779662 (+977,966 PHP) val_geo=0.858053 (+85,805 PHP)
Epoch 050/50 | [PROFIT-LOG] train_loss=-0.002009 val_loss=-0.001928 | train_profit=3.156849 (+315,685 PHP) val_profit=0.838889 (+83,889 PHP) | train_geo=9.779662 (+977,966 PHP) val_geo=0.858053 (+85,805 PHP)
[1/23] NVDA       (strong) profit-log    dir_acc=0.535 cum_ret=+0.6613 geo_ret=+0.7906 sharpe=+1.484 (buy&hold=+0.7923 always_short=-0.5238) [4.7s] [DEGENERATE: constant signal]
Epoch 001/50 | [MSE] train_loss=0.000569 val_loss=0.000400 | train_profit=0.091986 (+9,199 PHP) val_profit=0.058780 (+5,878 PHP) | train_geo=-0.184460 (-18,446 PHP) val_geo=0.000268 (+27 PHP)
Epoch 002/50 | [MSE] train_loss=0.000442 val_loss=0.000382 | train_profit=-0.503543 (-50,354 PHP) val_profit=0.142946 (+14,295 PHP) | train_geo=-0.552319 (-55,232 PHP) val_geo=0.088446 (+8,845 PHP)
Epoch 003/50 | [MSE] train_loss=0.000422 val_loss=0.000380 | train_profit=-0.104753 (-10,475 PHP) val_profit=-0.004323 (-432 PHP) | train_geo=-0.331306 (-33,131 PHP) val_geo=-0.060471 (-6,047 PHP)
Epoch 004/50 | [MSE] train_loss=0.000406 val_loss=0.000378 | train_profit=0.395564 (+39,556 PHP) val_profit=0.180167 (+18,017 PHP) | train_geo=0.105385 (+10,539 PHP) val_geo=0.130005 (+13,001 PHP)
Epoch 005/50 | [MSE] train_loss=0.000402 val_loss=0.000378 | train_profit=0.412860 (+41,286 PHP) val_profit=-0.141746 (-14,175 PHP) | train_geo=0.121889 (+12,189 PHP) val_geo=-0.181560 (-18,156 PHP)
Epoch 006/50 | [MSE] train_loss=0.000405 val_loss=0.000379 | train_profit=-0.608858 (-60,886 PHP) val_profit=0.195263 (+19,526 PHP) | train_geo=-0.596408 (-59,641 PHP) val_geo=0.146553 (+14,655 PHP)
Epoch 007/50 | [MSE] train_loss=0.000404 val_loss=0.000381 | train_profit=-1.840680 (-184,068 PHP) val_profit=-0.726274 (-72,627 PHP) | train_geo=-0.882504 (-88,250 PHP) val_geo=-0.543852 (-54,385 PHP)
Epoch 008/50 | [MSE] train_loss=0.000398 val_loss=0.000380 | train_profit=0.639586 (+63,959 PHP) val_profit=-0.072061 (-7,206 PHP) | train_geo=0.406569 (+40,657 PHP) val_geo=-0.122537 (-12,254 PHP)
Epoch 009/50 | [MSE] train_loss=0.000397 val_loss=0.000379 | train_profit=-0.392395 (-39,240 PHP) val_profit=-0.539469 (-53,947 PHP) | train_geo=-0.498969 (-49,897 PHP) val_geo=-0.450199 (-45,020 PHP)
Epoch 010/50 | [MSE] train_loss=0.000395 val_loss=0.000379 | train_profit=0.607818 (+60,782 PHP) val_profit=-0.447023 (-44,702 PHP) | train_geo=0.364961 (+36,496 PHP) val_geo=-0.396777 (-39,678 PHP)
Epoch 011/50 | [MSE] train_loss=0.000399 val_loss=0.000379 | train_profit=-1.116700 (-111,670 PHP) val_profit=-0.479148 (-47,915 PHP) | train_geo=-0.757628 (-75,763 PHP) val_geo=-0.415827 (-41,583 PHP)
Epoch 012/50 | [MSE] train_loss=0.000396 val_loss=0.000379 | train_profit=1.121784 (+112,178 PHP) val_profit=-0.099863 (-9,986 PHP) | train_geo=1.282306 (+128,231 PHP) val_geo=-0.146489 (-14,649 PHP)
Epoch 013/50 | [MSE] train_loss=0.000399 val_loss=0.000378 | train_profit=0.211325 (+21,132 PHP) val_profit=-0.237967 (-23,797 PHP) | train_geo=-0.083334 (-8,333 PHP) val_geo=-0.256714 (-25,671 PHP)
Epoch 014/50 | [MSE] train_loss=0.000397 val_loss=0.000380 | train_profit=-0.398357 (-39,836 PHP) val_profit=-0.516100 (-51,610 PHP) | train_geo=-0.502198 (-50,220 PHP) val_geo=-0.437171 (-43,717 PHP)
Epoch 015/50 | [MSE] train_loss=0.000395 val_loss=0.000380 | train_profit=0.086961 (+8,696 PHP) val_profit=-0.591984 (-59,198 PHP) | train_geo=-0.189943 (-18,994 PHP) val_geo=-0.478341 (-47,834 PHP)
Early stopping at epoch 15: no improvement in val_loss for 10 epochs (best=0.000378 at epoch 5)
[2/23] AAPL       (strong) mse           dir_acc=0.553 cum_ret=+0.0809 geo_ret=+0.0416 sharpe=+0.254 (buy&hold=+0.5403 always_short=-0.4005) [1.2s]
Epoch 001/50 | train_loss=-0.000218 val_loss=0.000461 | train_profit=1.395773 (+139,577 PHP) val_profit=0.124211 (+12,421 PHP) | train_geo=1.999063 (+199,906 PHP) val_geo=0.067758 (+6,776 PHP)
Epoch 002/50 | train_loss=-0.000584 val_loss=-0.000131 | train_profit=1.797846 (+179,785 PHP) val_profit=0.124211 (+12,421 PHP) | train_geo=3.484219 (+348,422 PHP) val_geo=0.067758 (+6,776 PHP)
Epoch 003/50 | train_loss=-0.000734 val_loss=0.000251 | train_profit=1.796959 (+179,696 PHP) val_profit=0.051359 (+5,136 PHP) | train_geo=3.480724 (+348,072 PHP) val_geo=-0.007304 (-730 PHP)
Epoch 004/50 | train_loss=-0.000745 val_loss=-0.000135 | train_profit=1.740502 (+174,050 PHP) val_profit=0.124211 (+12,421 PHP) | train_geo=3.233979 (+323,398 PHP) val_geo=0.067758 (+6,776 PHP)
Epoch 005/50 | train_loss=-0.000834 val_loss=-0.000147 | train_profit=1.772006 (+177,201 PHP) val_profit=0.124211 (+12,421 PHP) | train_geo=3.369746 (+336,975 PHP) val_geo=0.067758 (+6,776 PHP)
Epoch 006/50 | train_loss=-0.000807 val_loss=-0.000071 | train_profit=1.772006 (+177,201 PHP) val_profit=0.124211 (+12,421 PHP) | train_geo=3.369746 (+336,975 PHP) val_geo=0.067758 (+6,776 PHP)
Epoch 007/50 | train_loss=-0.000849 val_loss=-0.000155 | train_profit=1.772006 (+177,201 PHP) val_profit=0.124211 (+12,421 PHP) | train_geo=3.369746 (+336,975 PHP) val_geo=0.067758 (+6,776 PHP)
Epoch 008/50 | train_loss=-0.000756 val_loss=-0.000017 | train_profit=1.772006 (+177,201 PHP) val_profit=0.124211 (+12,421 PHP) | train_geo=3.369746 (+336,975 PHP) val_geo=0.067758 (+6,776 PHP)
Epoch 009/50 | train_loss=-0.000863 val_loss=-0.000155 | train_profit=1.772006 (+177,201 PHP) val_profit=0.124211 (+12,421 PHP) | train_geo=3.369746 (+336,975 PHP) val_geo=0.067758 (+6,776 PHP)
Epoch 010/50 | train_loss=-0.000836 val_loss=-0.000092 | train_profit=1.772006 (+177,201 PHP) val_profit=0.124211 (+12,421 PHP) | train_geo=3.369746 (+336,975 PHP) val_geo=0.067758 (+6,776 PHP)
Epoch 011/50 | train_loss=-0.000841 val_loss=-0.000109 | train_profit=1.772006 (+177,201 PHP) val_profit=0.124211 (+12,421 PHP) | train_geo=3.369746 (+336,975 PHP) val_geo=0.067758 (+6,776 PHP)
Epoch 012/50 | train_loss=-0.000859 val_loss=-0.000130 | train_profit=1.772006 (+177,201 PHP) val_profit=0.124211 (+12,421 PHP) | train_geo=3.369746 (+336,975 PHP) val_geo=0.067758 (+6,776 PHP)
Epoch 013/50 | train_loss=-0.000834 val_loss=-0.000113 | train_profit=1.772006 (+177,201 PHP) val_profit=0.124211 (+12,421 PHP) | train_geo=3.369746 (+336,975 PHP) val_geo=0.067758 (+6,776 PHP)
Epoch 014/50 | train_loss=-0.000883 val_loss=-0.000135 | train_profit=1.772006 (+177,201 PHP) val_profit=0.124211 (+12,421 PHP) | train_geo=3.369746 (+336,975 PHP) val_geo=0.067758 (+6,776 PHP)
Epoch 015/50 | train_loss=-0.000778 val_loss=0.000085 | train_profit=2.077769 (+207,777 PHP) val_profit=0.124211 (+12,421 PHP) | train_geo=4.935536 (+493,554 PHP) val_geo=0.067758 (+6,776 PHP)
Epoch 016/50 | train_loss=-0.000838 val_loss=-0.000074 | train_profit=1.772006 (+177,201 PHP) val_profit=0.124211 (+12,421 PHP) | train_geo=3.369746 (+336,975 PHP) val_geo=0.067758 (+6,776 PHP)
Epoch 017/50 | train_loss=-0.000704 val_loss=0.000147 | train_profit=1.658388 (+165,839 PHP) val_profit=0.124211 (+12,421 PHP) | train_geo=2.899488 (+289,949 PHP) val_geo=0.067758 (+6,776 PHP)
Early stopping at epoch 17: no improvement in val_loss for 10 epochs (best=-0.000155 at epoch 7)
[2/23] AAPL       (strong) profit-aware  dir_acc=0.531 cum_ret=+0.4707 geo_ret=+0.5388 sharpe=+1.490 (buy&hold=+0.5403 always_short=-0.4005) [1.7s] [DEGENERATE: constant signal]
Epoch 001/50 | [PROFIT-LOG] train_loss=-0.000664 val_loss=-0.000191 | train_profit=1.402094 (+140,209 PHP) val_profit=0.124211 (+12,421 PHP) | train_geo=2.017809 (+201,781 PHP) val_geo=0.067758 (+6,776 PHP)
Epoch 002/50 | [PROFIT-LOG] train_loss=-0.000927 val_loss=-0.000191 | train_profit=1.772006 (+177,201 PHP) val_profit=0.124211 (+12,421 PHP) | train_geo=3.369746 (+336,975 PHP) val_geo=0.067758 (+6,776 PHP)
Epoch 003/50 | [PROFIT-LOG] train_loss=-0.000927 val_loss=-0.000191 | train_profit=1.772006 (+177,201 PHP) val_profit=0.124211 (+12,421 PHP) | train_geo=3.369746 (+336,975 PHP) val_geo=0.067758 (+6,776 PHP)
Epoch 004/50 | [PROFIT-LOG] train_loss=-0.000927 val_loss=-0.000191 | train_profit=1.772006 (+177,201 PHP) val_profit=0.124211 (+12,421 PHP) | train_geo=3.369746 (+336,975 PHP) val_geo=0.067758 (+6,776 PHP)
Epoch 005/50 | [PROFIT-LOG] train_loss=-0.000927 val_loss=-0.000191 | train_profit=1.772006 (+177,201 PHP) val_profit=0.124211 (+12,421 PHP) | train_geo=3.369746 (+336,975 PHP) val_geo=0.067758 (+6,776 PHP)
Epoch 006/50 | [PROFIT-LOG] train_loss=-0.000927 val_loss=-0.000191 | train_profit=1.772006 (+177,201 PHP) val_profit=0.124211 (+12,421 PHP) | train_geo=3.369746 (+336,975 PHP) val_geo=0.067758 (+6,776 PHP)
Epoch 007/50 | [PROFIT-LOG] train_loss=-0.000927 val_loss=-0.000191 | train_profit=1.772006 (+177,201 PHP) val_profit=0.124211 (+12,421 PHP) | train_geo=3.369746 (+336,975 PHP) val_geo=0.067758 (+6,776 PHP)
Epoch 008/50 | [PROFIT-LOG] train_loss=-0.000927 val_loss=-0.000191 | train_profit=1.772006 (+177,201 PHP) val_profit=0.124211 (+12,421 PHP) | train_geo=3.369746 (+336,975 PHP) val_geo=0.067758 (+6,776 PHP)
Epoch 009/50 | [PROFIT-LOG] train_loss=-0.000927 val_loss=-0.000191 | train_profit=1.772006 (+177,201 PHP) val_profit=0.124211 (+12,421 PHP) | train_geo=3.369746 (+336,975 PHP) val_geo=0.067758 (+6,776 PHP)
Epoch 010/50 | [PROFIT-LOG] train_loss=-0.000927 val_loss=-0.000191 | train_profit=1.772006 (+177,201 PHP) val_profit=0.124211 (+12,421 PHP) | train_geo=3.369746 (+336,975 PHP) val_geo=0.067758 (+6,776 PHP)
Epoch 011/50 | [PROFIT-LOG] train_loss=-0.000927 val_loss=-0.000191 | train_profit=1.772006 (+177,201 PHP) val_profit=0.124211 (+12,421 PHP) | train_geo=3.369746 (+336,975 PHP) val_geo=0.067758 (+6,776 PHP)
Early stopping at epoch 11: no improvement in val_loss for 10 epochs (best=-0.000191 at epoch 1)
[2/23] AAPL       (strong) profit-log    dir_acc=0.531 cum_ret=+0.4707 geo_ret=+0.5388 sharpe=+1.490 (buy&hold=+0.5403 always_short=-0.4005) [1.1s] [DEGENERATE: constant signal]
Epoch 001/50 | [MSE] train_loss=0.000519 val_loss=0.000339 | train_profit=-0.372720 (-37,272 PHP) val_profit=0.133943 (+13,394 PHP) | train_geo=-0.472990 (-47,299 PHP) val_geo=0.100705 (+10,070 PHP)
Epoch 002/50 | [MSE] train_loss=0.000407 val_loss=0.000275 | train_profit=-0.798908 (-79,891 PHP) val_profit=0.133943 (+13,394 PHP) | train_geo=-0.656577 (-65,658 PHP) val_geo=0.100705 (+10,070 PHP)
Epoch 003/50 | [MSE] train_loss=0.000368 val_loss=0.000262 | train_profit=0.657916 (+65,792 PHP) val_profit=0.133943 (+13,394 PHP) | train_geo=0.477166 (+47,717 PHP) val_geo=0.100705 (+10,070 PHP)
Epoch 004/50 | [MSE] train_loss=0.000368 val_loss=0.000255 | train_profit=-0.085350 (-8,535 PHP) val_profit=0.133943 (+13,394 PHP) | train_geo=-0.299151 (-29,915 PHP) val_geo=0.100705 (+10,070 PHP)
Epoch 005/50 | [MSE] train_loss=0.000363 val_loss=0.000263 | train_profit=0.112278 (+11,228 PHP) val_profit=0.133943 (+13,394 PHP) | train_geo=-0.143922 (-14,392 PHP) val_geo=0.100705 (+10,070 PHP)
Epoch 006/50 | [MSE] train_loss=0.000366 val_loss=0.000263 | train_profit=-0.841807 (-84,181 PHP) val_profit=0.133943 (+13,394 PHP) | train_geo=-0.670874 (-67,087 PHP) val_geo=0.100705 (+10,070 PHP)
Epoch 007/50 | [MSE] train_loss=0.000361 val_loss=0.000261 | train_profit=0.222172 (+22,217 PHP) val_profit=0.133943 (+13,394 PHP) | train_geo=-0.044590 (-4,459 PHP) val_geo=0.100705 (+10,070 PHP)
Epoch 008/50 | [MSE] train_loss=0.000363 val_loss=0.000264 | train_profit=-0.391206 (-39,121 PHP) val_profit=0.133943 (+13,394 PHP) | train_geo=-0.483194 (-48,319 PHP) val_geo=0.100705 (+10,070 PHP)
Epoch 009/50 | [MSE] train_loss=0.000358 val_loss=0.000264 | train_profit=0.643482 (+64,348 PHP) val_profit=0.133943 (+13,394 PHP) | train_geo=0.459401 (+45,940 PHP) val_geo=0.100705 (+10,070 PHP)
Epoch 010/50 | [MSE] train_loss=0.000360 val_loss=0.000257 | train_profit=0.615653 (+61,565 PHP) val_profit=0.133943 (+13,394 PHP) | train_geo=0.416999 (+41,700 PHP) val_geo=0.100705 (+10,070 PHP)
Epoch 011/50 | [MSE] train_loss=0.000359 val_loss=0.000266 | train_profit=0.064698 (+6,470 PHP) val_profit=0.133943 (+13,394 PHP) | train_geo=-0.183850 (-18,385 PHP) val_geo=0.100705 (+10,070 PHP)
Epoch 012/50 | [MSE] train_loss=0.000359 val_loss=0.000260 | train_profit=0.896793 (+89,679 PHP) val_profit=0.133943 (+13,394 PHP) | train_geo=0.876945 (+87,694 PHP) val_geo=0.100705 (+10,070 PHP)
Epoch 013/50 | [MSE] train_loss=0.000356 val_loss=0.000260 | train_profit=0.745171 (+74,517 PHP) val_profit=0.133943 (+13,394 PHP) | train_geo=0.612145 (+61,214 PHP) val_geo=0.100705 (+10,070 PHP)
Epoch 014/50 | [MSE] train_loss=0.000356 val_loss=0.000265 | train_profit=0.283735 (+28,373 PHP) val_profit=0.133943 (+13,394 PHP) | train_geo=0.016742 (+1,674 PHP) val_geo=0.100705 (+10,070 PHP)
Early stopping at epoch 14: no improvement in val_loss for 10 epochs (best=0.000255 at epoch 4)
[3/23] MSFT       (strong) mse           dir_acc=0.522 cum_ret=+0.1817 geo_ret=+0.1357 sharpe=+0.484 (buy&hold=+0.1368 always_short=-0.2128) [1.2s] [DEGENERATE: constant signal]
Epoch 001/50 | train_loss=-0.000830 val_loss=-0.000105 | train_profit=1.765489 (+176,549 PHP) val_profit=0.133943 (+13,394 PHP) | train_geo=3.474706 (+347,471 PHP) val_geo=0.100705 (+10,070 PHP)
Epoch 002/50 | train_loss=-0.000992 val_loss=-0.000207 | train_profit=1.824052 (+182,405 PHP) val_profit=0.133943 (+13,394 PHP) | train_geo=3.745046 (+374,505 PHP) val_geo=0.100705 (+10,070 PHP)
Epoch 003/50 | train_loss=-0.001038 val_loss=-0.000095 | train_profit=1.824052 (+182,405 PHP) val_profit=0.133943 (+13,394 PHP) | train_geo=3.745046 (+374,505 PHP) val_geo=0.100705 (+10,070 PHP)
Epoch 004/50 | train_loss=-0.000945 val_loss=-0.000255 | train_profit=1.824052 (+182,405 PHP) val_profit=0.133943 (+13,394 PHP) | train_geo=3.745046 (+374,505 PHP) val_geo=0.100705 (+10,070 PHP)
Epoch 005/50 | train_loss=-0.001043 val_loss=-0.000222 | train_profit=1.824052 (+182,405 PHP) val_profit=0.133943 (+13,394 PHP) | train_geo=3.745046 (+374,505 PHP) val_geo=0.100705 (+10,070 PHP)
Epoch 006/50 | train_loss=-0.001044 val_loss=-0.000233 | train_profit=1.824052 (+182,405 PHP) val_profit=0.133943 (+13,394 PHP) | train_geo=3.745046 (+374,505 PHP) val_geo=0.100705 (+10,070 PHP)
Epoch 007/50 | train_loss=-0.001047 val_loss=-0.000252 | train_profit=1.824052 (+182,405 PHP) val_profit=0.133943 (+13,394 PHP) | train_geo=3.745046 (+374,505 PHP) val_geo=0.100705 (+10,070 PHP)
Epoch 008/50 | train_loss=-0.001059 val_loss=-0.000251 | train_profit=1.824052 (+182,405 PHP) val_profit=0.133943 (+13,394 PHP) | train_geo=3.745046 (+374,505 PHP) val_geo=0.100705 (+10,070 PHP)
Epoch 009/50 | train_loss=-0.001068 val_loss=-0.000241 | train_profit=1.824052 (+182,405 PHP) val_profit=0.133943 (+13,394 PHP) | train_geo=3.745046 (+374,505 PHP) val_geo=0.100705 (+10,070 PHP)
Epoch 010/50 | train_loss=-0.001057 val_loss=-0.000255 | train_profit=1.824052 (+182,405 PHP) val_profit=0.133943 (+13,394 PHP) | train_geo=3.745046 (+374,505 PHP) val_geo=0.100705 (+10,070 PHP)
Epoch 011/50 | train_loss=-0.001074 val_loss=-0.000257 | train_profit=1.824052 (+182,405 PHP) val_profit=0.133943 (+13,394 PHP) | train_geo=3.745046 (+374,505 PHP) val_geo=0.100705 (+10,070 PHP)
Epoch 012/50 | train_loss=-0.001073 val_loss=-0.000255 | train_profit=1.824052 (+182,405 PHP) val_profit=0.133943 (+13,394 PHP) | train_geo=3.745046 (+374,505 PHP) val_geo=0.100705 (+10,070 PHP)
Epoch 013/50 | train_loss=-0.001072 val_loss=-0.000255 | train_profit=1.824052 (+182,405 PHP) val_profit=0.133943 (+13,394 PHP) | train_geo=3.745046 (+374,505 PHP) val_geo=0.100705 (+10,070 PHP)
Epoch 014/50 | train_loss=-0.001070 val_loss=-0.000255 | train_profit=1.824052 (+182,405 PHP) val_profit=0.133943 (+13,394 PHP) | train_geo=3.745046 (+374,505 PHP) val_geo=0.100705 (+10,070 PHP)
Epoch 015/50 | train_loss=-0.001080 val_loss=-0.000258 | train_profit=1.824052 (+182,405 PHP) val_profit=0.133943 (+13,394 PHP) | train_geo=3.745046 (+374,505 PHP) val_geo=0.100705 (+10,070 PHP)
Epoch 016/50 | train_loss=-0.001082 val_loss=-0.000259 | train_profit=1.824052 (+182,405 PHP) val_profit=0.133943 (+13,394 PHP) | train_geo=3.745046 (+374,505 PHP) val_geo=0.100705 (+10,070 PHP)
Epoch 017/50 | train_loss=-0.001083 val_loss=-0.000255 | train_profit=1.824052 (+182,405 PHP) val_profit=0.133943 (+13,394 PHP) | train_geo=3.745046 (+374,505 PHP) val_geo=0.100705 (+10,070 PHP)
Epoch 018/50 | train_loss=-0.001078 val_loss=-0.000257 | train_profit=1.824052 (+182,405 PHP) val_profit=0.133943 (+13,394 PHP) | train_geo=3.745046 (+374,505 PHP) val_geo=0.100705 (+10,070 PHP)
Epoch 019/50 | train_loss=-0.001082 val_loss=-0.000260 | train_profit=1.824052 (+182,405 PHP) val_profit=0.133943 (+13,394 PHP) | train_geo=3.745046 (+374,505 PHP) val_geo=0.100705 (+10,070 PHP)
Epoch 020/50 | train_loss=-0.001088 val_loss=-0.000260 | train_profit=1.824052 (+182,405 PHP) val_profit=0.133943 (+13,394 PHP) | train_geo=3.745046 (+374,505 PHP) val_geo=0.100705 (+10,070 PHP)
Epoch 021/50 | train_loss=-0.001083 val_loss=-0.000257 | train_profit=1.824052 (+182,405 PHP) val_profit=0.133943 (+13,394 PHP) | train_geo=3.745046 (+374,505 PHP) val_geo=0.100705 (+10,070 PHP)
Epoch 022/50 | train_loss=-0.001087 val_loss=-0.000259 | train_profit=1.824052 (+182,405 PHP) val_profit=0.133943 (+13,394 PHP) | train_geo=3.745046 (+374,505 PHP) val_geo=0.100705 (+10,070 PHP)
Epoch 023/50 | train_loss=-0.001085 val_loss=-0.000261 | train_profit=1.824052 (+182,405 PHP) val_profit=0.133943 (+13,394 PHP) | train_geo=3.745046 (+374,505 PHP) val_geo=0.100705 (+10,070 PHP)
Epoch 024/50 | train_loss=-0.001090 val_loss=-0.000260 | train_profit=1.824052 (+182,405 PHP) val_profit=0.133943 (+13,394 PHP) | train_geo=3.745046 (+374,505 PHP) val_geo=0.100705 (+10,070 PHP)
Epoch 025/50 | train_loss=-0.001091 val_loss=-0.000261 | train_profit=1.824052 (+182,405 PHP) val_profit=0.133943 (+13,394 PHP) | train_geo=3.745046 (+374,505 PHP) val_geo=0.100705 (+10,070 PHP)
Epoch 026/50 | train_loss=-0.001085 val_loss=-0.000259 | train_profit=1.824052 (+182,405 PHP) val_profit=0.133943 (+13,394 PHP) | train_geo=3.745046 (+374,505 PHP) val_geo=0.100705 (+10,070 PHP)
Epoch 027/50 | train_loss=-0.001081 val_loss=-0.000259 | train_profit=1.824052 (+182,405 PHP) val_profit=0.133943 (+13,394 PHP) | train_geo=3.745046 (+374,505 PHP) val_geo=0.100705 (+10,070 PHP)
Epoch 028/50 | train_loss=-0.001086 val_loss=-0.000260 | train_profit=1.824052 (+182,405 PHP) val_profit=0.133943 (+13,394 PHP) | train_geo=3.745046 (+374,505 PHP) val_geo=0.100705 (+10,070 PHP)
Epoch 029/50 | train_loss=-0.001088 val_loss=-0.000260 | train_profit=1.824052 (+182,405 PHP) val_profit=0.133943 (+13,394 PHP) | train_geo=3.745046 (+374,505 PHP) val_geo=0.100705 (+10,070 PHP)
Epoch 030/50 | train_loss=-0.001089 val_loss=-0.000259 | train_profit=1.824052 (+182,405 PHP) val_profit=0.133943 (+13,394 PHP) | train_geo=3.745046 (+374,505 PHP) val_geo=0.100705 (+10,070 PHP)
Epoch 031/50 | train_loss=-0.001089 val_loss=-0.000257 | train_profit=1.824052 (+182,405 PHP) val_profit=0.133943 (+13,394 PHP) | train_geo=3.745046 (+374,505 PHP) val_geo=0.100705 (+10,070 PHP)
Epoch 032/50 | train_loss=-0.001086 val_loss=-0.000259 | train_profit=1.824052 (+182,405 PHP) val_profit=0.133943 (+13,394 PHP) | train_geo=3.745046 (+374,505 PHP) val_geo=0.100705 (+10,070 PHP)
Epoch 033/50 | train_loss=-0.001088 val_loss=-0.000259 | train_profit=1.824052 (+182,405 PHP) val_profit=0.133943 (+13,394 PHP) | train_geo=3.745046 (+374,505 PHP) val_geo=0.100705 (+10,070 PHP)
Early stopping at epoch 33: no improvement in val_loss for 10 epochs (best=-0.000261 at epoch 23)
[3/23] MSFT       (strong) profit-aware  dir_acc=0.522 cum_ret=+0.1817 geo_ret=+0.1357 sharpe=+0.484 (buy&hold=+0.1368 always_short=-0.2128) [3.0s] [DEGENERATE: constant signal]
Epoch 001/50 | [PROFIT-LOG] train_loss=-0.001111 val_loss=-0.000305 | train_profit=1.765489 (+176,549 PHP) val_profit=0.133943 (+13,394 PHP) | train_geo=3.474706 (+347,471 PHP) val_geo=0.100705 (+10,070 PHP)
Epoch 002/50 | [PROFIT-LOG] train_loss=-0.001142 val_loss=-0.000305 | train_profit=1.824052 (+182,405 PHP) val_profit=0.133943 (+13,394 PHP) | train_geo=3.745046 (+374,505 PHP) val_geo=0.100705 (+10,070 PHP)
Epoch 003/50 | [PROFIT-LOG] train_loss=-0.001142 val_loss=-0.000305 | train_profit=1.824052 (+182,405 PHP) val_profit=0.133943 (+13,394 PHP) | train_geo=3.745046 (+374,505 PHP) val_geo=0.100705 (+10,070 PHP)
Epoch 004/50 | [PROFIT-LOG] train_loss=-0.001142 val_loss=-0.000305 | train_profit=1.824052 (+182,405 PHP) val_profit=0.133943 (+13,394 PHP) | train_geo=3.745046 (+374,505 PHP) val_geo=0.100705 (+10,070 PHP)
Epoch 005/50 | [PROFIT-LOG] train_loss=-0.001142 val_loss=-0.000305 | train_profit=1.824052 (+182,405 PHP) val_profit=0.133943 (+13,394 PHP) | train_geo=3.745046 (+374,505 PHP) val_geo=0.100705 (+10,070 PHP)
Epoch 006/50 | [PROFIT-LOG] train_loss=-0.001142 val_loss=-0.000305 | train_profit=1.824052 (+182,405 PHP) val_profit=0.133943 (+13,394 PHP) | train_geo=3.745046 (+374,505 PHP) val_geo=0.100705 (+10,070 PHP)
Epoch 007/50 | [PROFIT-LOG] train_loss=-0.001142 val_loss=-0.000305 | train_profit=1.824052 (+182,405 PHP) val_profit=0.133943 (+13,394 PHP) | train_geo=3.745046 (+374,505 PHP) val_geo=0.100705 (+10,070 PHP)
Epoch 008/50 | [PROFIT-LOG] train_loss=-0.001142 val_loss=-0.000305 | train_profit=1.824052 (+182,405 PHP) val_profit=0.133943 (+13,394 PHP) | train_geo=3.745046 (+374,505 PHP) val_geo=0.100705 (+10,070 PHP)
Epoch 009/50 | [PROFIT-LOG] train_loss=-0.001142 val_loss=-0.000305 | train_profit=1.824052 (+182,405 PHP) val_profit=0.133943 (+13,394 PHP) | train_geo=3.745046 (+374,505 PHP) val_geo=0.100705 (+10,070 PHP)
Epoch 010/50 | [PROFIT-LOG] train_loss=-0.001142 val_loss=-0.000305 | train_profit=1.824052 (+182,405 PHP) val_profit=0.133943 (+13,394 PHP) | train_geo=3.745046 (+374,505 PHP) val_geo=0.100705 (+10,070 PHP)
Epoch 011/50 | [PROFIT-LOG] train_loss=-0.001142 val_loss=-0.000305 | train_profit=1.824052 (+182,405 PHP) val_profit=0.133943 (+13,394 PHP) | train_geo=3.745046 (+374,505 PHP) val_geo=0.100705 (+10,070 PHP)
Epoch 012/50 | [PROFIT-LOG] train_loss=-0.001142 val_loss=-0.000305 | train_profit=1.824052 (+182,405 PHP) val_profit=0.133943 (+13,394 PHP) | train_geo=3.745046 (+374,505 PHP) val_geo=0.100705 (+10,070 PHP)
Epoch 013/50 | [PROFIT-LOG] train_loss=-0.001142 val_loss=-0.000305 | train_profit=1.824052 (+182,405 PHP) val_profit=0.133943 (+13,394 PHP) | train_geo=3.745046 (+374,505 PHP) val_geo=0.100705 (+10,070 PHP)
Epoch 014/50 | [PROFIT-LOG] train_loss=-0.001142 val_loss=-0.000305 | train_profit=1.824052 (+182,405 PHP) val_profit=0.133943 (+13,394 PHP) | train_geo=3.745046 (+374,505 PHP) val_geo=0.100705 (+10,070 PHP)
Epoch 015/50 | [PROFIT-LOG] train_loss=-0.001142 val_loss=-0.000305 | train_profit=1.824052 (+182,405 PHP) val_profit=0.133943 (+13,394 PHP) | train_geo=3.745046 (+374,505 PHP) val_geo=0.100705 (+10,070 PHP)
Epoch 016/50 | [PROFIT-LOG] train_loss=-0.001142 val_loss=-0.000305 | train_profit=1.824052 (+182,405 PHP) val_profit=0.133943 (+13,394 PHP) | train_geo=3.745046 (+374,505 PHP) val_geo=0.100705 (+10,070 PHP)
Epoch 017/50 | [PROFIT-LOG] train_loss=-0.001142 val_loss=-0.000305 | train_profit=1.824052 (+182,405 PHP) val_profit=0.133943 (+13,394 PHP) | train_geo=3.745046 (+374,505 PHP) val_geo=0.100705 (+10,070 PHP)
Epoch 018/50 | [PROFIT-LOG] train_loss=-0.001142 val_loss=-0.000305 | train_profit=1.824052 (+182,405 PHP) val_profit=0.133943 (+13,394 PHP) | train_geo=3.745046 (+374,505 PHP) val_geo=0.100705 (+10,070 PHP)
Epoch 019/50 | [PROFIT-LOG] train_loss=-0.001142 val_loss=-0.000305 | train_profit=1.824052 (+182,405 PHP) val_profit=0.133943 (+13,394 PHP) | train_geo=3.745046 (+374,505 PHP) val_geo=0.100705 (+10,070 PHP)
Epoch 020/50 | [PROFIT-LOG] train_loss=-0.001142 val_loss=-0.000305 | train_profit=1.824052 (+182,405 PHP) val_profit=0.133943 (+13,394 PHP) | train_geo=3.745046 (+374,505 PHP) val_geo=0.100705 (+10,070 PHP)
Epoch 021/50 | [PROFIT-LOG] train_loss=-0.001142 val_loss=-0.000305 | train_profit=1.824052 (+182,405 PHP) val_profit=0.133943 (+13,394 PHP) | train_geo=3.745046 (+374,505 PHP) val_geo=0.100705 (+10,070 PHP)
Epoch 022/50 | [PROFIT-LOG] train_loss=-0.001142 val_loss=-0.000305 | train_profit=1.824052 (+182,405 PHP) val_profit=0.133943 (+13,394 PHP) | train_geo=3.745046 (+374,505 PHP) val_geo=0.100705 (+10,070 PHP)
Epoch 023/50 | [PROFIT-LOG] train_loss=-0.001142 val_loss=-0.000305 | train_profit=1.824052 (+182,405 PHP) val_profit=0.133943 (+13,394 PHP) | train_geo=3.745046 (+374,505 PHP) val_geo=0.100705 (+10,070 PHP)
Epoch 024/50 | [PROFIT-LOG] train_loss=-0.001142 val_loss=-0.000305 | train_profit=1.824052 (+182,405 PHP) val_profit=0.133943 (+13,394 PHP) | train_geo=3.745046 (+374,505 PHP) val_geo=0.100705 (+10,070 PHP)
Epoch 025/50 | [PROFIT-LOG] train_loss=-0.001142 val_loss=-0.000305 | train_profit=1.824052 (+182,405 PHP) val_profit=0.133943 (+13,394 PHP) | train_geo=3.745046 (+374,505 PHP) val_geo=0.100705 (+10,070 PHP)
Epoch 026/50 | [PROFIT-LOG] train_loss=-0.001142 val_loss=-0.000305 | train_profit=1.824052 (+182,405 PHP) val_profit=0.133943 (+13,394 PHP) | train_geo=3.745046 (+374,505 PHP) val_geo=0.100705 (+10,070 PHP)
Epoch 027/50 | [PROFIT-LOG] train_loss=-0.001142 val_loss=-0.000305 | train_profit=1.824052 (+182,405 PHP) val_profit=0.133943 (+13,394 PHP) | train_geo=3.745046 (+374,505 PHP) val_geo=0.100705 (+10,070 PHP)
Epoch 028/50 | [PROFIT-LOG] train_loss=-0.001142 val_loss=-0.000305 | train_profit=1.824052 (+182,405 PHP) val_profit=0.133943 (+13,394 PHP) | train_geo=3.745046 (+374,505 PHP) val_geo=0.100705 (+10,070 PHP)
Epoch 029/50 | [PROFIT-LOG] train_loss=-0.001142 val_loss=-0.000305 | train_profit=1.824052 (+182,405 PHP) val_profit=0.133943 (+13,394 PHP) | train_geo=3.745046 (+374,505 PHP) val_geo=0.100705 (+10,070 PHP)
Epoch 030/50 | [PROFIT-LOG] train_loss=-0.001142 val_loss=-0.000305 | train_profit=1.824052 (+182,405 PHP) val_profit=0.133943 (+13,394 PHP) | train_geo=3.745046 (+374,505 PHP) val_geo=0.100705 (+10,070 PHP)
Epoch 031/50 | [PROFIT-LOG] train_loss=-0.001142 val_loss=-0.000305 | train_profit=1.824052 (+182,405 PHP) val_profit=0.133943 (+13,394 PHP) | train_geo=3.745046 (+374,505 PHP) val_geo=0.100705 (+10,070 PHP)
Epoch 032/50 | [PROFIT-LOG] train_loss=-0.001142 val_loss=-0.000305 | train_profit=1.824052 (+182,405 PHP) val_profit=0.133943 (+13,394 PHP) | train_geo=3.745046 (+374,505 PHP) val_geo=0.100705 (+10,070 PHP)
Epoch 033/50 | [PROFIT-LOG] train_loss=-0.001142 val_loss=-0.000305 | train_profit=1.824052 (+182,405 PHP) val_profit=0.133943 (+13,394 PHP) | train_geo=3.745046 (+374,505 PHP) val_geo=0.100705 (+10,070 PHP)
Epoch 034/50 | [PROFIT-LOG] train_loss=-0.001142 val_loss=-0.000305 | train_profit=1.824052 (+182,405 PHP) val_profit=0.133943 (+13,394 PHP) | train_geo=3.745046 (+374,505 PHP) val_geo=0.100705 (+10,070 PHP)
Epoch 035/50 | [PROFIT-LOG] train_loss=-0.001142 val_loss=-0.000305 | train_profit=1.824052 (+182,405 PHP) val_profit=0.133943 (+13,394 PHP) | train_geo=3.745046 (+374,505 PHP) val_geo=0.100705 (+10,070 PHP)
Epoch 036/50 | [PROFIT-LOG] train_loss=-0.001142 val_loss=-0.000305 | train_profit=1.824052 (+182,405 PHP) val_profit=0.133943 (+13,394 PHP) | train_geo=3.745046 (+374,505 PHP) val_geo=0.100705 (+10,070 PHP)
Epoch 037/50 | [PROFIT-LOG] train_loss=-0.001142 val_loss=-0.000305 | train_profit=1.824052 (+182,405 PHP) val_profit=0.133943 (+13,394 PHP) | train_geo=3.745046 (+374,505 PHP) val_geo=0.100705 (+10,070 PHP)
Epoch 038/50 | [PROFIT-LOG] train_loss=-0.001142 val_loss=-0.000305 | train_profit=1.824052 (+182,405 PHP) val_profit=0.133943 (+13,394 PHP) | train_geo=3.745046 (+374,505 PHP) val_geo=0.100705 (+10,070 PHP)
Epoch 039/50 | [PROFIT-LOG] train_loss=-0.001142 val_loss=-0.000305 | train_profit=1.824052 (+182,405 PHP) val_profit=0.133943 (+13,394 PHP) | train_geo=3.745046 (+374,505 PHP) val_geo=0.100705 (+10,070 PHP)
Epoch 040/50 | [PROFIT-LOG] train_loss=-0.001142 val_loss=-0.000305 | train_profit=1.824052 (+182,405 PHP) val_profit=0.133943 (+13,394 PHP) | train_geo=3.745046 (+374,505 PHP) val_geo=0.100705 (+10,070 PHP)
Epoch 041/50 | [PROFIT-LOG] train_loss=-0.001142 val_loss=-0.000305 | train_profit=1.824052 (+182,405 PHP) val_profit=0.133943 (+13,394 PHP) | train_geo=3.745046 (+374,505 PHP) val_geo=0.100705 (+10,070 PHP)
Epoch 042/50 | [PROFIT-LOG] train_loss=-0.001142 val_loss=-0.000305 | train_profit=1.824052 (+182,405 PHP) val_profit=0.133943 (+13,394 PHP) | train_geo=3.745046 (+374,505 PHP) val_geo=0.100705 (+10,070 PHP)
Epoch 043/50 | [PROFIT-LOG] train_loss=-0.001142 val_loss=-0.000305 | train_profit=1.824052 (+182,405 PHP) val_profit=0.133943 (+13,394 PHP) | train_geo=3.745046 (+374,505 PHP) val_geo=0.100705 (+10,070 PHP)
Epoch 044/50 | [PROFIT-LOG] train_loss=-0.001142 val_loss=-0.000305 | train_profit=1.824052 (+182,405 PHP) val_profit=0.133943 (+13,394 PHP) | train_geo=3.745046 (+374,505 PHP) val_geo=0.100705 (+10,070 PHP)
Epoch 045/50 | [PROFIT-LOG] train_loss=-0.001142 val_loss=-0.000305 | train_profit=1.824052 (+182,405 PHP) val_profit=0.133943 (+13,394 PHP) | train_geo=3.745046 (+374,505 PHP) val_geo=0.100705 (+10,070 PHP)
Epoch 046/50 | [PROFIT-LOG] train_loss=-0.001142 val_loss=-0.000305 | train_profit=1.824052 (+182,405 PHP) val_profit=0.133943 (+13,394 PHP) | train_geo=3.745046 (+374,505 PHP) val_geo=0.100705 (+10,070 PHP)
Epoch 047/50 | [PROFIT-LOG] train_loss=-0.001142 val_loss=-0.000305 | train_profit=1.824052 (+182,405 PHP) val_profit=0.133943 (+13,394 PHP) | train_geo=3.745046 (+374,505 PHP) val_geo=0.100705 (+10,070 PHP)
Epoch 048/50 | [PROFIT-LOG] train_loss=-0.001142 val_loss=-0.000305 | train_profit=1.824052 (+182,405 PHP) val_profit=0.133943 (+13,394 PHP) | train_geo=3.745046 (+374,505 PHP) val_geo=0.100705 (+10,070 PHP)
Epoch 049/50 | [PROFIT-LOG] train_loss=-0.001142 val_loss=-0.000305 | train_profit=1.824052 (+182,405 PHP) val_profit=0.133943 (+13,394 PHP) | train_geo=3.745046 (+374,505 PHP) val_geo=0.100705 (+10,070 PHP)
Epoch 050/50 | [PROFIT-LOG] train_loss=-0.001142 val_loss=-0.000305 | train_profit=1.824052 (+182,405 PHP) val_profit=0.133943 (+13,394 PHP) | train_geo=3.745046 (+374,505 PHP) val_geo=0.100705 (+10,070 PHP)
[3/23] MSFT       (strong) profit-log    dir_acc=0.522 cum_ret=+0.1817 geo_ret=+0.1357 sharpe=+0.484 (buy&hold=+0.1368 always_short=-0.2128) [4.4s] [DEGENERATE: constant signal]
Epoch 001/50 | [MSE] train_loss=0.000510 val_loss=0.000646 | train_profit=-0.385878 (-38,588 PHP) val_profit=0.076839 (+7,684 PHP) | train_geo=-0.479558 (-47,956 PHP) val_geo=-0.007527 (-753 PHP)
Epoch 002/50 | [MSE] train_loss=0.000402 val_loss=0.000592 | train_profit=0.527301 (+52,730 PHP) val_profit=0.076839 (+7,684 PHP) | train_geo=0.301220 (+30,122 PHP) val_geo=-0.007527 (-753 PHP)
Epoch 003/50 | [MSE] train_loss=0.000378 val_loss=0.000603 | train_profit=-0.876347 (-87,635 PHP) val_profit=0.076839 (+7,684 PHP) | train_geo=-0.681810 (-68,181 PHP) val_geo=-0.007527 (-753 PHP)
Epoch 004/50 | [MSE] train_loss=0.000373 val_loss=0.000567 | train_profit=0.656207 (+65,621 PHP) val_profit=0.076839 (+7,684 PHP) | train_geo=0.478039 (+47,804 PHP) val_geo=-0.007527 (-753 PHP)
Epoch 005/50 | [MSE] train_loss=0.000362 val_loss=0.000577 | train_profit=0.800383 (+80,038 PHP) val_profit=0.076839 (+7,684 PHP) | train_geo=0.713927 (+71,393 PHP) val_geo=-0.007527 (-753 PHP)
Epoch 006/50 | [MSE] train_loss=0.000363 val_loss=0.000577 | train_profit=0.394866 (+39,487 PHP) val_profit=0.076839 (+7,684 PHP) | train_geo=0.141339 (+14,134 PHP) val_geo=-0.007527 (-753 PHP)
Epoch 007/50 | [MSE] train_loss=0.000362 val_loss=0.000584 | train_profit=0.413092 (+41,309 PHP) val_profit=0.076839 (+7,684 PHP) | train_geo=0.157357 (+15,736 PHP) val_geo=-0.007527 (-753 PHP)
Epoch 008/50 | [MSE] train_loss=0.000362 val_loss=0.000586 | train_profit=1.367941 (+136,794 PHP) val_profit=0.076839 (+7,684 PHP) | train_geo=2.017472 (+201,747 PHP) val_geo=-0.007527 (-753 PHP)
Epoch 009/50 | [MSE] train_loss=0.000358 val_loss=0.000585 | train_profit=0.993960 (+99,396 PHP) val_profit=0.076839 (+7,684 PHP) | train_geo=1.073307 (+107,331 PHP) val_geo=-0.007527 (-753 PHP)
Epoch 010/50 | [MSE] train_loss=0.000360 val_loss=0.000580 | train_profit=0.267858 (+26,786 PHP) val_profit=0.076839 (+7,684 PHP) | train_geo=0.002079 (+208 PHP) val_geo=-0.007527 (-753 PHP)
Epoch 011/50 | [MSE] train_loss=0.000361 val_loss=0.000592 | train_profit=0.998251 (+99,825 PHP) val_profit=0.076839 (+7,684 PHP) | train_geo=1.082506 (+108,251 PHP) val_geo=-0.007527 (-753 PHP)
Epoch 012/50 | [MSE] train_loss=0.000361 val_loss=0.000594 | train_profit=1.348812 (+134,881 PHP) val_profit=0.076839 (+7,684 PHP) | train_geo=1.958254 (+195,825 PHP) val_geo=-0.007527 (-753 PHP)
Epoch 013/50 | [MSE] train_loss=0.000361 val_loss=0.000598 | train_profit=1.588605 (+158,860 PHP) val_profit=0.076839 (+7,684 PHP) | train_geo=2.763287 (+276,329 PHP) val_geo=-0.007527 (-753 PHP)
Epoch 014/50 | [MSE] train_loss=0.000361 val_loss=0.000608 | train_profit=1.528536 (+152,854 PHP) val_profit=0.076839 (+7,684 PHP) | train_geo=2.542437 (+254,244 PHP) val_geo=-0.007527 (-753 PHP)
Early stopping at epoch 14: no improvement in val_loss for 10 epochs (best=0.000567 at epoch 4)
[4/23] LLY        (strong) mse           dir_acc=0.531 cum_ret=+0.5645 geo_ret=+0.6121 sharpe=+1.203 (buy&hold=+0.6137 always_short=-0.4794) [1.1s] [DEGENERATE: constant signal]
Epoch 001/50 | train_loss=-0.001526 val_loss=0.000072 | train_profit=2.583960 (+258,396 PHP) val_profit=0.076839 (+7,684 PHP) | train_geo=9.215224 (+921,522 PHP) val_geo=-0.007527 (-753 PHP)
Epoch 002/50 | train_loss=-0.001469 val_loss=0.000234 | train_profit=2.449312 (+244,931 PHP) val_profit=0.076839 (+7,684 PHP) | train_geo=7.926590 (+792,659 PHP) val_geo=-0.007527 (-753 PHP)
Epoch 003/50 | train_loss=-0.001663 val_loss=0.000004 | train_profit=2.588677 (+258,868 PHP) val_profit=0.076839 (+7,684 PHP) | train_geo=9.263585 (+926,358 PHP) val_geo=-0.007527 (-753 PHP)
Epoch 004/50 | train_loss=-0.001738 val_loss=-0.000010 | train_profit=2.588677 (+258,868 PHP) val_profit=0.076839 (+7,684 PHP) | train_geo=9.263585 (+926,358 PHP) val_geo=-0.007527 (-753 PHP)
Epoch 005/50 | train_loss=-0.001741 val_loss=-0.000006 | train_profit=2.588677 (+258,868 PHP) val_profit=0.076839 (+7,684 PHP) | train_geo=9.263585 (+926,358 PHP) val_geo=-0.007527 (-753 PHP)
Epoch 006/50 | train_loss=-0.001741 val_loss=0.000002 | train_profit=2.588677 (+258,868 PHP) val_profit=0.076839 (+7,684 PHP) | train_geo=9.263585 (+926,358 PHP) val_geo=-0.007527 (-753 PHP)
Epoch 007/50 | train_loss=-0.001741 val_loss=-0.000007 | train_profit=2.588677 (+258,868 PHP) val_profit=0.076839 (+7,684 PHP) | train_geo=9.263585 (+926,358 PHP) val_geo=-0.007527 (-753 PHP)
Epoch 008/50 | train_loss=-0.001742 val_loss=-0.000006 | train_profit=2.588677 (+258,868 PHP) val_profit=0.076839 (+7,684 PHP) | train_geo=9.263585 (+926,358 PHP) val_geo=-0.007527 (-753 PHP)
Epoch 009/50 | train_loss=-0.001746 val_loss=0.000009 | train_profit=2.588677 (+258,868 PHP) val_profit=0.076839 (+7,684 PHP) | train_geo=9.263585 (+926,358 PHP) val_geo=-0.007527 (-753 PHP)
Epoch 010/50 | train_loss=-0.001746 val_loss=-0.000001 | train_profit=2.588677 (+258,868 PHP) val_profit=0.076839 (+7,684 PHP) | train_geo=9.263585 (+926,358 PHP) val_geo=-0.007527 (-753 PHP)
Epoch 011/50 | train_loss=-0.001747 val_loss=0.000009 | train_profit=2.588677 (+258,868 PHP) val_profit=0.076839 (+7,684 PHP) | train_geo=9.263585 (+926,358 PHP) val_geo=-0.007527 (-753 PHP)
Epoch 012/50 | train_loss=-0.001744 val_loss=0.000000 | train_profit=2.588677 (+258,868 PHP) val_profit=0.076839 (+7,684 PHP) | train_geo=9.263585 (+926,358 PHP) val_geo=-0.007527 (-753 PHP)
Epoch 013/50 | train_loss=-0.001741 val_loss=0.000003 | train_profit=2.588677 (+258,868 PHP) val_profit=0.076839 (+7,684 PHP) | train_geo=9.263585 (+926,358 PHP) val_geo=-0.007527 (-753 PHP)
Epoch 014/50 | train_loss=-0.001746 val_loss=0.000008 | train_profit=2.588677 (+258,868 PHP) val_profit=0.076839 (+7,684 PHP) | train_geo=9.263585 (+926,358 PHP) val_geo=-0.007527 (-753 PHP)
Early stopping at epoch 14: no improvement in val_loss for 10 epochs (best=-0.000010 at epoch 4)
[4/23] LLY        (strong) profit-aware  dir_acc=0.531 cum_ret=+0.5645 geo_ret=+0.6121 sharpe=+1.203 (buy&hold=+0.6137 always_short=-0.4794) [1.3s] [DEGENERATE: constant signal]
Epoch 001/50 | [PROFIT-LOG] train_loss=-0.001798 val_loss=0.000033 | train_profit=2.583960 (+258,396 PHP) val_profit=0.076839 (+7,684 PHP) | train_geo=9.215224 (+921,522 PHP) val_geo=-0.007527 (-753 PHP)
Epoch 002/50 | [PROFIT-LOG] train_loss=-0.001818 val_loss=0.000033 | train_profit=2.588677 (+258,868 PHP) val_profit=0.076839 (+7,684 PHP) | train_geo=9.263585 (+926,358 PHP) val_geo=-0.007527 (-753 PHP)
Epoch 003/50 | [PROFIT-LOG] train_loss=-0.001818 val_loss=0.000033 | train_profit=2.588677 (+258,868 PHP) val_profit=0.076839 (+7,684 PHP) | train_geo=9.263585 (+926,358 PHP) val_geo=-0.007527 (-753 PHP)
Epoch 004/50 | [PROFIT-LOG] train_loss=-0.001818 val_loss=0.000033 | train_profit=2.588677 (+258,868 PHP) val_profit=0.076839 (+7,684 PHP) | train_geo=9.263585 (+926,358 PHP) val_geo=-0.007527 (-753 PHP)
Epoch 005/50 | [PROFIT-LOG] train_loss=-0.001818 val_loss=0.000033 | train_profit=2.588677 (+258,868 PHP) val_profit=0.076839 (+7,684 PHP) | train_geo=9.263585 (+926,358 PHP) val_geo=-0.007527 (-753 PHP)
Epoch 006/50 | [PROFIT-LOG] train_loss=-0.001818 val_loss=0.000033 | train_profit=2.588677 (+258,868 PHP) val_profit=0.076839 (+7,684 PHP) | train_geo=9.263585 (+926,358 PHP) val_geo=-0.007527 (-753 PHP)
Epoch 007/50 | [PROFIT-LOG] train_loss=-0.001818 val_loss=0.000033 | train_profit=2.588677 (+258,868 PHP) val_profit=0.076839 (+7,684 PHP) | train_geo=9.263585 (+926,358 PHP) val_geo=-0.007527 (-753 PHP)
Epoch 008/50 | [PROFIT-LOG] train_loss=-0.001818 val_loss=0.000033 | train_profit=2.588677 (+258,868 PHP) val_profit=0.076839 (+7,684 PHP) | train_geo=9.263585 (+926,358 PHP) val_geo=-0.007527 (-753 PHP)
Epoch 009/50 | [PROFIT-LOG] train_loss=-0.001818 val_loss=0.000033 | train_profit=2.588677 (+258,868 PHP) val_profit=0.076839 (+7,684 PHP) | train_geo=9.263585 (+926,358 PHP) val_geo=-0.007527 (-753 PHP)
Epoch 010/50 | [PROFIT-LOG] train_loss=-0.001818 val_loss=0.000033 | train_profit=2.588677 (+258,868 PHP) val_profit=0.076839 (+7,684 PHP) | train_geo=9.263585 (+926,358 PHP) val_geo=-0.007527 (-753 PHP)
Epoch 011/50 | [PROFIT-LOG] train_loss=-0.001818 val_loss=0.000033 | train_profit=2.588677 (+258,868 PHP) val_profit=0.076839 (+7,684 PHP) | train_geo=9.263585 (+926,358 PHP) val_geo=-0.007527 (-753 PHP)
Early stopping at epoch 11: no improvement in val_loss for 10 epochs (best=0.000033 at epoch 1)
[4/23] LLY        (strong) profit-log    dir_acc=0.531 cum_ret=+0.5645 geo_ret=+0.6121 sharpe=+1.203 (buy&hold=+0.6137 always_short=-0.4794) [1.0s] [DEGENERATE: constant signal]
Epoch 001/50 | [MSE] train_loss=0.000308 val_loss=0.000249 | train_profit=-0.120883 (-12,088 PHP) val_profit=0.386641 (+38,664 PHP) | train_geo=-0.248228 (-24,823 PHP) val_geo=0.427460 (+42,746 PHP)
Epoch 002/50 | [MSE] train_loss=0.000248 val_loss=0.000212 | train_profit=-0.661854 (-66,185 PHP) val_profit=0.386641 (+38,664 PHP) | train_geo=-0.563012 (-56,301 PHP) val_geo=0.427460 (+42,746 PHP)
Epoch 003/50 | [MSE] train_loss=0.000227 val_loss=0.000217 | train_profit=-0.304487 (-30,449 PHP) val_profit=0.386641 (+38,664 PHP) | train_geo=-0.374618 (-37,462 PHP) val_geo=0.427460 (+42,746 PHP)
Epoch 004/50 | [MSE] train_loss=0.000225 val_loss=0.000210 | train_profit=0.026620 (+2,662 PHP) val_profit=0.386641 (+38,664 PHP) | train_geo=-0.128538 (-12,854 PHP) val_geo=0.427460 (+42,746 PHP)
Epoch 005/50 | [MSE] train_loss=0.000220 val_loss=0.000206 | train_profit=0.312010 (+31,201 PHP) val_profit=0.386641 (+38,664 PHP) | train_geo=0.160472 (+16,047 PHP) val_geo=0.427460 (+42,746 PHP)
Epoch 006/50 | [MSE] train_loss=0.000222 val_loss=0.000207 | train_profit=-0.230821 (-23,082 PHP) val_profit=0.386641 (+38,664 PHP) | train_geo=-0.326545 (-32,655 PHP) val_geo=0.427460 (+42,746 PHP)
Epoch 007/50 | [MSE] train_loss=0.000221 val_loss=0.000204 | train_profit=-0.135265 (-13,526 PHP) val_profit=0.386641 (+38,664 PHP) | train_geo=-0.259095 (-25,910 PHP) val_geo=0.427460 (+42,746 PHP)
Epoch 008/50 | [MSE] train_loss=0.000220 val_loss=0.000210 | train_profit=0.043709 (+4,371 PHP) val_profit=0.386641 (+38,664 PHP) | train_geo=-0.113154 (-11,315 PHP) val_geo=0.427460 (+42,746 PHP)
Epoch 009/50 | [MSE] train_loss=0.000220 val_loss=0.000205 | train_profit=-0.175930 (-17,593 PHP) val_profit=0.386641 (+38,664 PHP) | train_geo=-0.288519 (-28,852 PHP) val_geo=0.427460 (+42,746 PHP)
Epoch 010/50 | [MSE] train_loss=0.000219 val_loss=0.000205 | train_profit=-0.321736 (-32,174 PHP) val_profit=0.386641 (+38,664 PHP) | train_geo=-0.385328 (-38,533 PHP) val_geo=0.427460 (+42,746 PHP)
Epoch 011/50 | [MSE] train_loss=0.000218 val_loss=0.000206 | train_profit=0.040194 (+4,019 PHP) val_profit=0.386641 (+38,664 PHP) | train_geo=-0.117341 (-11,734 PHP) val_geo=0.427460 (+42,746 PHP)
Epoch 012/50 | [MSE] train_loss=0.000218 val_loss=0.000204 | train_profit=0.638415 (+63,842 PHP) val_profit=0.386641 (+38,664 PHP) | train_geo=0.609548 (+60,955 PHP) val_geo=0.427460 (+42,746 PHP)
Epoch 013/50 | [MSE] train_loss=0.000217 val_loss=0.000205 | train_profit=0.050115 (+5,012 PHP) val_profit=0.386641 (+38,664 PHP) | train_geo=-0.108039 (-10,804 PHP) val_geo=0.427460 (+42,746 PHP)
Epoch 014/50 | [MSE] train_loss=0.000217 val_loss=0.000206 | train_profit=0.776022 (+77,602 PHP) val_profit=0.386641 (+38,664 PHP) | train_geo=0.846408 (+84,641 PHP) val_geo=0.427460 (+42,746 PHP)
Epoch 015/50 | [MSE] train_loss=0.000217 val_loss=0.000205 | train_profit=0.608393 (+60,839 PHP) val_profit=0.386641 (+38,664 PHP) | train_geo=0.560245 (+56,025 PHP) val_geo=0.427460 (+42,746 PHP)
Epoch 016/50 | [MSE] train_loss=0.000219 val_loss=0.000209 | train_profit=-0.122054 (-12,205 PHP) val_profit=0.386641 (+38,664 PHP) | train_geo=-0.249532 (-24,953 PHP) val_geo=0.427460 (+42,746 PHP)
Epoch 017/50 | [MSE] train_loss=0.000218 val_loss=0.000207 | train_profit=0.629042 (+62,904 PHP) val_profit=0.386641 (+38,664 PHP) | train_geo=0.591745 (+59,175 PHP) val_geo=0.427460 (+42,746 PHP)
Early stopping at epoch 17: no improvement in val_loss for 10 epochs (best=0.000204 at epoch 7)
[5/23] COST       (strong) mse           dir_acc=0.466 cum_ret=-0.0566 geo_ret=-0.0775 sharpe=-0.229 (buy&hold=-0.0766 always_short=+0.0322) [1.4s] [DEGENERATE: constant signal]
Epoch 001/50 | train_loss=-0.000610 val_loss=-0.000724 | train_profit=1.319921 (+131,992 PHP) val_profit=0.386641 (+38,664 PHP) | train_geo=2.177061 (+217,706 PHP) val_geo=0.427460 (+42,746 PHP)
Epoch 002/50 | train_loss=-0.000713 val_loss=-0.000936 | train_profit=1.608542 (+160,854 PHP) val_profit=0.386641 (+38,664 PHP) | train_geo=3.244534 (+324,453 PHP) val_geo=0.427460 (+42,746 PHP)
Epoch 003/50 | train_loss=-0.000841 val_loss=-0.000955 | train_profit=1.489555 (+148,956 PHP) val_profit=0.386641 (+38,664 PHP) | train_geo=2.767278 (+276,728 PHP) val_geo=0.427460 (+42,746 PHP)
Epoch 004/50 | train_loss=-0.000949 val_loss=-0.001054 | train_profit=1.608542 (+160,854 PHP) val_profit=0.386641 (+38,664 PHP) | train_geo=3.244534 (+324,453 PHP) val_geo=0.427460 (+42,746 PHP)
Epoch 005/50 | train_loss=-0.000977 val_loss=-0.001052 | train_profit=1.608542 (+160,854 PHP) val_profit=0.386641 (+38,664 PHP) | train_geo=3.244534 (+324,453 PHP) val_geo=0.427460 (+42,746 PHP)
Epoch 006/50 | train_loss=-0.000972 val_loss=-0.001061 | train_profit=1.608542 (+160,854 PHP) val_profit=0.386641 (+38,664 PHP) | train_geo=3.244534 (+324,453 PHP) val_geo=0.427460 (+42,746 PHP)
Epoch 007/50 | train_loss=-0.000976 val_loss=-0.001060 | train_profit=1.608542 (+160,854 PHP) val_profit=0.386641 (+38,664 PHP) | train_geo=3.244534 (+324,453 PHP) val_geo=0.427460 (+42,746 PHP)
Epoch 008/50 | train_loss=-0.000970 val_loss=-0.001057 | train_profit=1.608542 (+160,854 PHP) val_profit=0.386641 (+38,664 PHP) | train_geo=3.244534 (+324,453 PHP) val_geo=0.427460 (+42,746 PHP)
Epoch 009/50 | train_loss=-0.000954 val_loss=-0.001057 | train_profit=1.608542 (+160,854 PHP) val_profit=0.386641 (+38,664 PHP) | train_geo=3.244534 (+324,453 PHP) val_geo=0.427460 (+42,746 PHP)
Epoch 010/50 | train_loss=-0.000929 val_loss=-0.001041 | train_profit=1.608542 (+160,854 PHP) val_profit=0.386641 (+38,664 PHP) | train_geo=3.244534 (+324,453 PHP) val_geo=0.427460 (+42,746 PHP)
Epoch 011/50 | train_loss=-0.000968 val_loss=-0.001053 | train_profit=1.608542 (+160,854 PHP) val_profit=0.386641 (+38,664 PHP) | train_geo=3.244534 (+324,453 PHP) val_geo=0.427460 (+42,746 PHP)
Epoch 012/50 | train_loss=-0.000956 val_loss=-0.001045 | train_profit=1.608542 (+160,854 PHP) val_profit=0.386641 (+38,664 PHP) | train_geo=3.244534 (+324,453 PHP) val_geo=0.427460 (+42,746 PHP)
Epoch 013/50 | train_loss=-0.000954 val_loss=-0.001047 | train_profit=1.608542 (+160,854 PHP) val_profit=0.386641 (+38,664 PHP) | train_geo=3.244534 (+324,453 PHP) val_geo=0.427460 (+42,746 PHP)
Epoch 014/50 | train_loss=-0.000967 val_loss=-0.001046 | train_profit=1.608542 (+160,854 PHP) val_profit=0.386641 (+38,664 PHP) | train_geo=3.244534 (+324,453 PHP) val_geo=0.427460 (+42,746 PHP)
Epoch 015/50 | train_loss=-0.000960 val_loss=-0.001036 | train_profit=1.608542 (+160,854 PHP) val_profit=0.386641 (+38,664 PHP) | train_geo=3.244534 (+324,453 PHP) val_geo=0.427460 (+42,746 PHP)
Epoch 016/50 | train_loss=-0.000979 val_loss=-0.001049 | train_profit=1.608542 (+160,854 PHP) val_profit=0.386641 (+38,664 PHP) | train_geo=3.244534 (+324,453 PHP) val_geo=0.427460 (+42,746 PHP)
Early stopping at epoch 16: no improvement in val_loss for 10 epochs (best=-0.001061 at epoch 6)
[5/23] COST       (strong) profit-aware  dir_acc=0.466 cum_ret=-0.0566 geo_ret=-0.0775 sharpe=-0.229 (buy&hold=-0.0766 always_short=+0.0322) [1.7s] [DEGENERATE: constant signal]
Epoch 001/50 | [PROFIT-LOG] train_loss=-0.001013 val_loss=-0.001112 | train_profit=1.600624 (+160,062 PHP) val_profit=0.386641 (+38,664 PHP) | train_geo=3.211055 (+321,106 PHP) val_geo=0.427460 (+42,746 PHP)
Epoch 002/50 | [PROFIT-LOG] train_loss=-0.001033 val_loss=-0.001112 | train_profit=1.608542 (+160,854 PHP) val_profit=0.386641 (+38,664 PHP) | train_geo=3.244534 (+324,453 PHP) val_geo=0.427460 (+42,746 PHP)
Epoch 003/50 | [PROFIT-LOG] train_loss=-0.001033 val_loss=-0.001112 | train_profit=1.608542 (+160,854 PHP) val_profit=0.386641 (+38,664 PHP) | train_geo=3.244534 (+324,453 PHP) val_geo=0.427460 (+42,746 PHP)
Epoch 004/50 | [PROFIT-LOG] train_loss=-0.001033 val_loss=-0.001112 | train_profit=1.608542 (+160,854 PHP) val_profit=0.386641 (+38,664 PHP) | train_geo=3.244534 (+324,453 PHP) val_geo=0.427460 (+42,746 PHP)
Epoch 005/50 | [PROFIT-LOG] train_loss=-0.001033 val_loss=-0.001112 | train_profit=1.608542 (+160,854 PHP) val_profit=0.386641 (+38,664 PHP) | train_geo=3.244534 (+324,453 PHP) val_geo=0.427460 (+42,746 PHP)
Epoch 006/50 | [PROFIT-LOG] train_loss=-0.001033 val_loss=-0.001112 | train_profit=1.608542 (+160,854 PHP) val_profit=0.386641 (+38,664 PHP) | train_geo=3.244534 (+324,453 PHP) val_geo=0.427460 (+42,746 PHP)
Epoch 007/50 | [PROFIT-LOG] train_loss=-0.001033 val_loss=-0.001112 | train_profit=1.608542 (+160,854 PHP) val_profit=0.386641 (+38,664 PHP) | train_geo=3.244534 (+324,453 PHP) val_geo=0.427460 (+42,746 PHP)
Epoch 008/50 | [PROFIT-LOG] train_loss=-0.001033 val_loss=-0.001112 | train_profit=1.608542 (+160,854 PHP) val_profit=0.386641 (+38,664 PHP) | train_geo=3.244534 (+324,453 PHP) val_geo=0.427460 (+42,746 PHP)
Epoch 009/50 | [PROFIT-LOG] train_loss=-0.001033 val_loss=-0.001112 | train_profit=1.608542 (+160,854 PHP) val_profit=0.386641 (+38,664 PHP) | train_geo=3.244534 (+324,453 PHP) val_geo=0.427460 (+42,746 PHP)
Epoch 010/50 | [PROFIT-LOG] train_loss=-0.001033 val_loss=-0.001112 | train_profit=1.608542 (+160,854 PHP) val_profit=0.386641 (+38,664 PHP) | train_geo=3.244534 (+324,453 PHP) val_geo=0.427460 (+42,746 PHP)
Epoch 011/50 | [PROFIT-LOG] train_loss=-0.001033 val_loss=-0.001112 | train_profit=1.608542 (+160,854 PHP) val_profit=0.386641 (+38,664 PHP) | train_geo=3.244534 (+324,453 PHP) val_geo=0.427460 (+42,746 PHP)
Epoch 012/50 | [PROFIT-LOG] train_loss=-0.001033 val_loss=-0.001112 | train_profit=1.608542 (+160,854 PHP) val_profit=0.386641 (+38,664 PHP) | train_geo=3.244534 (+324,453 PHP) val_geo=0.427460 (+42,746 PHP)
Epoch 013/50 | [PROFIT-LOG] train_loss=-0.001033 val_loss=-0.001112 | train_profit=1.608542 (+160,854 PHP) val_profit=0.386641 (+38,664 PHP) | train_geo=3.244534 (+324,453 PHP) val_geo=0.427460 (+42,746 PHP)
Epoch 014/50 | [PROFIT-LOG] train_loss=-0.001033 val_loss=-0.001112 | train_profit=1.608542 (+160,854 PHP) val_profit=0.386641 (+38,664 PHP) | train_geo=3.244534 (+324,453 PHP) val_geo=0.427460 (+42,746 PHP)
Epoch 015/50 | [PROFIT-LOG] train_loss=-0.001033 val_loss=-0.001112 | train_profit=1.608542 (+160,854 PHP) val_profit=0.386641 (+38,664 PHP) | train_geo=3.244534 (+324,453 PHP) val_geo=0.427460 (+42,746 PHP)
Epoch 016/50 | [PROFIT-LOG] train_loss=-0.001033 val_loss=-0.001112 | train_profit=1.608542 (+160,854 PHP) val_profit=0.386641 (+38,664 PHP) | train_geo=3.244534 (+324,453 PHP) val_geo=0.427460 (+42,746 PHP)
Epoch 017/50 | [PROFIT-LOG] train_loss=-0.001033 val_loss=-0.001112 | train_profit=1.608542 (+160,854 PHP) val_profit=0.386641 (+38,664 PHP) | train_geo=3.244534 (+324,453 PHP) val_geo=0.427460 (+42,746 PHP)
Epoch 018/50 | [PROFIT-LOG] train_loss=-0.001033 val_loss=-0.001112 | train_profit=1.608542 (+160,854 PHP) val_profit=0.386641 (+38,664 PHP) | train_geo=3.244534 (+324,453 PHP) val_geo=0.427460 (+42,746 PHP)
Epoch 019/50 | [PROFIT-LOG] train_loss=-0.001033 val_loss=-0.001112 | train_profit=1.608542 (+160,854 PHP) val_profit=0.386641 (+38,664 PHP) | train_geo=3.244534 (+324,453 PHP) val_geo=0.427460 (+42,746 PHP)
Epoch 020/50 | [PROFIT-LOG] train_loss=-0.001033 val_loss=-0.001112 | train_profit=1.608542 (+160,854 PHP) val_profit=0.386641 (+38,664 PHP) | train_geo=3.244534 (+324,453 PHP) val_geo=0.427460 (+42,746 PHP)
Epoch 021/50 | [PROFIT-LOG] train_loss=-0.001033 val_loss=-0.001112 | train_profit=1.608542 (+160,854 PHP) val_profit=0.386641 (+38,664 PHP) | train_geo=3.244534 (+324,453 PHP) val_geo=0.427460 (+42,746 PHP)
Epoch 022/50 | [PROFIT-LOG] train_loss=-0.001033 val_loss=-0.001112 | train_profit=1.608542 (+160,854 PHP) val_profit=0.386641 (+38,664 PHP) | train_geo=3.244534 (+324,453 PHP) val_geo=0.427460 (+42,746 PHP)
Epoch 023/50 | [PROFIT-LOG] train_loss=-0.001033 val_loss=-0.001112 | train_profit=1.608542 (+160,854 PHP) val_profit=0.386641 (+38,664 PHP) | train_geo=3.244534 (+324,453 PHP) val_geo=0.427460 (+42,746 PHP)
Epoch 024/50 | [PROFIT-LOG] train_loss=-0.001033 val_loss=-0.001112 | train_profit=1.608542 (+160,854 PHP) val_profit=0.386641 (+38,664 PHP) | train_geo=3.244534 (+324,453 PHP) val_geo=0.427460 (+42,746 PHP)
Epoch 025/50 | [PROFIT-LOG] train_loss=-0.001033 val_loss=-0.001112 | train_profit=1.608542 (+160,854 PHP) val_profit=0.386641 (+38,664 PHP) | train_geo=3.244534 (+324,453 PHP) val_geo=0.427460 (+42,746 PHP)
Epoch 026/50 | [PROFIT-LOG] train_loss=-0.001033 val_loss=-0.001112 | train_profit=1.608542 (+160,854 PHP) val_profit=0.386641 (+38,664 PHP) | train_geo=3.244534 (+324,453 PHP) val_geo=0.427460 (+42,746 PHP)
Epoch 027/50 | [PROFIT-LOG] train_loss=-0.001033 val_loss=-0.001112 | train_profit=1.608542 (+160,854 PHP) val_profit=0.386641 (+38,664 PHP) | train_geo=3.244534 (+324,453 PHP) val_geo=0.427460 (+42,746 PHP)
Epoch 028/50 | [PROFIT-LOG] train_loss=-0.001033 val_loss=-0.001112 | train_profit=1.608542 (+160,854 PHP) val_profit=0.386641 (+38,664 PHP) | train_geo=3.244534 (+324,453 PHP) val_geo=0.427460 (+42,746 PHP)
Epoch 029/50 | [PROFIT-LOG] train_loss=-0.001033 val_loss=-0.001112 | train_profit=1.608542 (+160,854 PHP) val_profit=0.386641 (+38,664 PHP) | train_geo=3.244534 (+324,453 PHP) val_geo=0.427460 (+42,746 PHP)
Epoch 030/50 | [PROFIT-LOG] train_loss=-0.001033 val_loss=-0.001112 | train_profit=1.608542 (+160,854 PHP) val_profit=0.386641 (+38,664 PHP) | train_geo=3.244534 (+324,453 PHP) val_geo=0.427460 (+42,746 PHP)
Epoch 031/50 | [PROFIT-LOG] train_loss=-0.001033 val_loss=-0.001112 | train_profit=1.608542 (+160,854 PHP) val_profit=0.386641 (+38,664 PHP) | train_geo=3.244534 (+324,453 PHP) val_geo=0.427460 (+42,746 PHP)
Epoch 032/50 | [PROFIT-LOG] train_loss=-0.001033 val_loss=-0.001112 | train_profit=1.608542 (+160,854 PHP) val_profit=0.386641 (+38,664 PHP) | train_geo=3.244534 (+324,453 PHP) val_geo=0.427460 (+42,746 PHP)
Epoch 033/50 | [PROFIT-LOG] train_loss=-0.001033 val_loss=-0.001112 | train_profit=1.608542 (+160,854 PHP) val_profit=0.386641 (+38,664 PHP) | train_geo=3.244534 (+324,453 PHP) val_geo=0.427460 (+42,746 PHP)
Epoch 034/50 | [PROFIT-LOG] train_loss=-0.001033 val_loss=-0.001112 | train_profit=1.608542 (+160,854 PHP) val_profit=0.386641 (+38,664 PHP) | train_geo=3.244534 (+324,453 PHP) val_geo=0.427460 (+42,746 PHP)
Epoch 035/50 | [PROFIT-LOG] train_loss=-0.001033 val_loss=-0.001112 | train_profit=1.608542 (+160,854 PHP) val_profit=0.386641 (+38,664 PHP) | train_geo=3.244534 (+324,453 PHP) val_geo=0.427460 (+42,746 PHP)
Epoch 036/50 | [PROFIT-LOG] train_loss=-0.001033 val_loss=-0.001112 | train_profit=1.608542 (+160,854 PHP) val_profit=0.386641 (+38,664 PHP) | train_geo=3.244534 (+324,453 PHP) val_geo=0.427460 (+42,746 PHP)
Epoch 037/50 | [PROFIT-LOG] train_loss=-0.001033 val_loss=-0.001112 | train_profit=1.608542 (+160,854 PHP) val_profit=0.386641 (+38,664 PHP) | train_geo=3.244534 (+324,453 PHP) val_geo=0.427460 (+42,746 PHP)
Epoch 038/50 | [PROFIT-LOG] train_loss=-0.001033 val_loss=-0.001112 | train_profit=1.608542 (+160,854 PHP) val_profit=0.386641 (+38,664 PHP) | train_geo=3.244534 (+324,453 PHP) val_geo=0.427460 (+42,746 PHP)
Epoch 039/50 | [PROFIT-LOG] train_loss=-0.001033 val_loss=-0.001112 | train_profit=1.608542 (+160,854 PHP) val_profit=0.386641 (+38,664 PHP) | train_geo=3.244534 (+324,453 PHP) val_geo=0.427460 (+42,746 PHP)
Epoch 040/50 | [PROFIT-LOG] train_loss=-0.001033 val_loss=-0.001112 | train_profit=1.608542 (+160,854 PHP) val_profit=0.386641 (+38,664 PHP) | train_geo=3.244534 (+324,453 PHP) val_geo=0.427460 (+42,746 PHP)
Epoch 041/50 | [PROFIT-LOG] train_loss=-0.001033 val_loss=-0.001112 | train_profit=1.608542 (+160,854 PHP) val_profit=0.386641 (+38,664 PHP) | train_geo=3.244534 (+324,453 PHP) val_geo=0.427460 (+42,746 PHP)
Epoch 042/50 | [PROFIT-LOG] train_loss=-0.001033 val_loss=-0.001112 | train_profit=1.608542 (+160,854 PHP) val_profit=0.386641 (+38,664 PHP) | train_geo=3.244534 (+324,453 PHP) val_geo=0.427460 (+42,746 PHP)
Epoch 043/50 | [PROFIT-LOG] train_loss=-0.001033 val_loss=-0.001112 | train_profit=1.608542 (+160,854 PHP) val_profit=0.386641 (+38,664 PHP) | train_geo=3.244534 (+324,453 PHP) val_geo=0.427460 (+42,746 PHP)
Epoch 044/50 | [PROFIT-LOG] train_loss=-0.001033 val_loss=-0.001112 | train_profit=1.608542 (+160,854 PHP) val_profit=0.386641 (+38,664 PHP) | train_geo=3.244534 (+324,453 PHP) val_geo=0.427460 (+42,746 PHP)
Epoch 045/50 | [PROFIT-LOG] train_loss=-0.001033 val_loss=-0.001112 | train_profit=1.608542 (+160,854 PHP) val_profit=0.386641 (+38,664 PHP) | train_geo=3.244534 (+324,453 PHP) val_geo=0.427460 (+42,746 PHP)
Epoch 046/50 | [PROFIT-LOG] train_loss=-0.001033 val_loss=-0.001112 | train_profit=1.608542 (+160,854 PHP) val_profit=0.386641 (+38,664 PHP) | train_geo=3.244534 (+324,453 PHP) val_geo=0.427460 (+42,746 PHP)
Epoch 047/50 | [PROFIT-LOG] train_loss=-0.001033 val_loss=-0.001112 | train_profit=1.608542 (+160,854 PHP) val_profit=0.386641 (+38,664 PHP) | train_geo=3.244534 (+324,453 PHP) val_geo=0.427460 (+42,746 PHP)
Epoch 048/50 | [PROFIT-LOG] train_loss=-0.001033 val_loss=-0.001112 | train_profit=1.608542 (+160,854 PHP) val_profit=0.386641 (+38,664 PHP) | train_geo=3.244534 (+324,453 PHP) val_geo=0.427460 (+42,746 PHP)
Epoch 049/50 | [PROFIT-LOG] train_loss=-0.001033 val_loss=-0.001112 | train_profit=1.608542 (+160,854 PHP) val_profit=0.386641 (+38,664 PHP) | train_geo=3.244534 (+324,453 PHP) val_geo=0.427460 (+42,746 PHP)
Epoch 050/50 | [PROFIT-LOG] train_loss=-0.001033 val_loss=-0.001112 | train_profit=1.608542 (+160,854 PHP) val_profit=0.386641 (+38,664 PHP) | train_geo=3.244534 (+324,453 PHP) val_geo=0.427460 (+42,746 PHP)
[5/23] COST       (strong) profit-log    dir_acc=0.466 cum_ret=-0.0566 geo_ret=-0.0775 sharpe=-0.229 (buy&hold=-0.0766 always_short=+0.0322) [5.2s] [DEGENERATE: constant signal]
Epoch 001/50 | [MSE] train_loss=0.000815 val_loss=0.001490 | train_profit=-1.867955 (-186,795 PHP) val_profit=0.842830 (+84,283 PHP) | train_geo=-0.896136 (-89,614 PHP) val_geo=0.870408 (+87,041 PHP)
Epoch 002/50 | [MSE] train_loss=0.000637 val_loss=0.001439 | train_profit=-0.342697 (-34,270 PHP) val_profit=0.842830 (+84,283 PHP) | train_geo=-0.524948 (-52,495 PHP) val_geo=0.870408 (+87,041 PHP)
Epoch 003/50 | [MSE] train_loss=0.000576 val_loss=0.001419 | train_profit=-0.186808 (-18,681 PHP) val_profit=0.842830 (+84,283 PHP) | train_geo=-0.441811 (-44,181 PHP) val_geo=0.870408 (+87,041 PHP)
Epoch 004/50 | [MSE] train_loss=0.000562 val_loss=0.001405 | train_profit=1.232802 (+123,280 PHP) val_profit=0.842830 (+84,283 PHP) | train_geo=1.309956 (+130,996 PHP) val_geo=0.870408 (+87,041 PHP)
Epoch 005/50 | [MSE] train_loss=0.000545 val_loss=0.001390 | train_profit=2.190718 (+219,072 PHP) val_profit=0.821659 (+82,166 PHP) | train_geo=5.073008 (+507,301 PHP) val_geo=0.831445 (+83,144 PHP)
Epoch 006/50 | [MSE] train_loss=0.000549 val_loss=0.001398 | train_profit=-0.133546 (-13,355 PHP) val_profit=0.842830 (+84,283 PHP) | train_geo=-0.413744 (-41,374 PHP) val_geo=0.870408 (+87,041 PHP)
Epoch 007/50 | [MSE] train_loss=0.000548 val_loss=0.001411 | train_profit=-0.314420 (-31,442 PHP) val_profit=0.842830 (+84,283 PHP) | train_geo=-0.507937 (-50,794 PHP) val_geo=0.870408 (+87,041 PHP)
Epoch 008/50 | [MSE] train_loss=0.000544 val_loss=0.001406 | train_profit=0.763552 (+76,355 PHP) val_profit=0.842830 (+84,283 PHP) | train_geo=0.448150 (+44,815 PHP) val_geo=0.870408 (+87,041 PHP)
Epoch 009/50 | [MSE] train_loss=0.000541 val_loss=0.001413 | train_profit=0.749871 (+74,987 PHP) val_profit=0.842830 (+84,283 PHP) | train_geo=0.425905 (+42,591 PHP) val_geo=0.870408 (+87,041 PHP)
Epoch 010/50 | [MSE] train_loss=0.000549 val_loss=0.001411 | train_profit=-0.049472 (-4,947 PHP) val_profit=0.842830 (+84,283 PHP) | train_geo=-0.361891 (-36,189 PHP) val_geo=0.870408 (+87,041 PHP)
Epoch 011/50 | [MSE] train_loss=0.000543 val_loss=0.001420 | train_profit=0.373309 (+37,331 PHP) val_profit=0.842830 (+84,283 PHP) | train_geo=-0.024516 (-2,452 PHP) val_geo=0.870408 (+87,041 PHP)
Epoch 012/50 | [MSE] train_loss=0.000552 val_loss=0.001422 | train_profit=0.966988 (+96,699 PHP) val_profit=0.842830 (+84,283 PHP) | train_geo=0.765922 (+76,592 PHP) val_geo=0.870408 (+87,041 PHP)
Epoch 013/50 | [MSE] train_loss=0.000546 val_loss=0.001432 | train_profit=0.213877 (+21,388 PHP) val_profit=0.842830 (+84,283 PHP) | train_geo=-0.171047 (-17,105 PHP) val_geo=0.870408 (+87,041 PHP)
Epoch 014/50 | [MSE] train_loss=0.000550 val_loss=0.001447 | train_profit=0.267910 (+26,791 PHP) val_profit=0.842830 (+84,283 PHP) | train_geo=-0.123507 (-12,351 PHP) val_geo=0.870408 (+87,041 PHP)
Epoch 015/50 | [MSE] train_loss=0.000561 val_loss=0.001442 | train_profit=0.264355 (+26,436 PHP) val_profit=0.842830 (+84,283 PHP) | train_geo=-0.123579 (-12,358 PHP) val_geo=0.870408 (+87,041 PHP)
Early stopping at epoch 15: no improvement in val_loss for 10 epochs (best=0.001390 at epoch 5)
[6/23] AVGO       (strong) mse           dir_acc=0.534 cum_ret=+0.7064 geo_ret=+0.7818 sharpe=+1.237 (buy&hold=+0.6192 always_short=-0.5231) [1.3s]
Epoch 001/50 | train_loss=-0.000619 val_loss=-0.001693 | train_profit=2.131844 (+213,184 PHP) val_profit=0.978444 (+97,844 PHP) | train_geo=4.661005 (+466,101 PHP) val_geo=1.140343 (+114,034 PHP)
Epoch 002/50 | train_loss=-0.001002 val_loss=-0.002134 | train_profit=2.002841 (+200,284 PHP) val_profit=0.842830 (+84,283 PHP) | train_geo=3.975722 (+397,572 PHP) val_geo=0.870408 (+87,041 PHP)
Epoch 003/50 | train_loss=-0.000999 val_loss=-0.002069 | train_profit=2.083384 (+208,338 PHP) val_profit=0.842830 (+84,283 PHP) | train_geo=4.394498 (+439,450 PHP) val_geo=0.870408 (+87,041 PHP)
Epoch 004/50 | train_loss=-0.000849 val_loss=-0.002056 | train_profit=2.175598 (+217,560 PHP) val_profit=0.842830 (+84,283 PHP) | train_geo=4.914712 (+491,471 PHP) val_geo=0.870408 (+87,041 PHP)
Epoch 005/50 | train_loss=-0.001214 val_loss=-0.002243 | train_profit=2.175598 (+217,560 PHP) val_profit=0.842830 (+84,283 PHP) | train_geo=4.914712 (+491,471 PHP) val_geo=0.870408 (+87,041 PHP)
Epoch 006/50 | train_loss=-0.001237 val_loss=-0.002254 | train_profit=2.175598 (+217,560 PHP) val_profit=0.842830 (+84,283 PHP) | train_geo=4.914712 (+491,471 PHP) val_geo=0.870408 (+87,041 PHP)
Epoch 007/50 | train_loss=-0.001225 val_loss=-0.002257 | train_profit=2.175598 (+217,560 PHP) val_profit=0.842830 (+84,283 PHP) | train_geo=4.914712 (+491,471 PHP) val_geo=0.870408 (+87,041 PHP)
Epoch 008/50 | train_loss=-0.001245 val_loss=-0.002255 | train_profit=2.175598 (+217,560 PHP) val_profit=0.842830 (+84,283 PHP) | train_geo=4.914712 (+491,471 PHP) val_geo=0.870408 (+87,041 PHP)
Epoch 009/50 | train_loss=-0.001228 val_loss=-0.002247 | train_profit=2.175598 (+217,560 PHP) val_profit=0.842830 (+84,283 PHP) | train_geo=4.914712 (+491,471 PHP) val_geo=0.870408 (+87,041 PHP)
Epoch 010/50 | train_loss=-0.001203 val_loss=-0.002255 | train_profit=2.175598 (+217,560 PHP) val_profit=0.842830 (+84,283 PHP) | train_geo=4.914712 (+491,471 PHP) val_geo=0.870408 (+87,041 PHP)
Epoch 011/50 | train_loss=-0.001250 val_loss=-0.002253 | train_profit=2.175598 (+217,560 PHP) val_profit=0.842830 (+84,283 PHP) | train_geo=4.914712 (+491,471 PHP) val_geo=0.870408 (+87,041 PHP)
Epoch 012/50 | train_loss=-0.001244 val_loss=-0.002258 | train_profit=2.175598 (+217,560 PHP) val_profit=0.842830 (+84,283 PHP) | train_geo=4.914712 (+491,471 PHP) val_geo=0.870408 (+87,041 PHP)
Epoch 013/50 | train_loss=-0.001253 val_loss=-0.002255 | train_profit=2.175598 (+217,560 PHP) val_profit=0.842830 (+84,283 PHP) | train_geo=4.914712 (+491,471 PHP) val_geo=0.870408 (+87,041 PHP)
Epoch 014/50 | train_loss=-0.001232 val_loss=-0.002254 | train_profit=2.175598 (+217,560 PHP) val_profit=0.842830 (+84,283 PHP) | train_geo=4.914712 (+491,471 PHP) val_geo=0.870408 (+87,041 PHP)
Epoch 015/50 | train_loss=-0.001226 val_loss=-0.002257 | train_profit=2.175598 (+217,560 PHP) val_profit=0.842830 (+84,283 PHP) | train_geo=4.914712 (+491,471 PHP) val_geo=0.870408 (+87,041 PHP)
Epoch 016/50 | train_loss=-0.001240 val_loss=-0.002259 | train_profit=2.175598 (+217,560 PHP) val_profit=0.842830 (+84,283 PHP) | train_geo=4.914712 (+491,471 PHP) val_geo=0.870408 (+87,041 PHP)
Epoch 017/50 | train_loss=-0.001245 val_loss=-0.002258 | train_profit=2.175598 (+217,560 PHP) val_profit=0.842830 (+84,283 PHP) | train_geo=4.914712 (+491,471 PHP) val_geo=0.870408 (+87,041 PHP)
Epoch 018/50 | train_loss=-0.001253 val_loss=-0.002258 | train_profit=2.175598 (+217,560 PHP) val_profit=0.842830 (+84,283 PHP) | train_geo=4.914712 (+491,471 PHP) val_geo=0.870408 (+87,041 PHP)
Epoch 019/50 | train_loss=-0.001254 val_loss=-0.002257 | train_profit=2.175598 (+217,560 PHP) val_profit=0.842830 (+84,283 PHP) | train_geo=4.914712 (+491,471 PHP) val_geo=0.870408 (+87,041 PHP)
Epoch 020/50 | train_loss=-0.001246 val_loss=-0.002252 | train_profit=2.175598 (+217,560 PHP) val_profit=0.842830 (+84,283 PHP) | train_geo=4.914712 (+491,471 PHP) val_geo=0.870408 (+87,041 PHP)
Epoch 021/50 | train_loss=-0.001236 val_loss=-0.002256 | train_profit=2.175598 (+217,560 PHP) val_profit=0.842830 (+84,283 PHP) | train_geo=4.914712 (+491,471 PHP) val_geo=0.870408 (+87,041 PHP)
Epoch 022/50 | train_loss=-0.001242 val_loss=-0.002255 | train_profit=2.175598 (+217,560 PHP) val_profit=0.842830 (+84,283 PHP) | train_geo=4.914712 (+491,471 PHP) val_geo=0.870408 (+87,041 PHP)
Epoch 023/50 | train_loss=-0.001240 val_loss=-0.002258 | train_profit=2.175598 (+217,560 PHP) val_profit=0.842830 (+84,283 PHP) | train_geo=4.914712 (+491,471 PHP) val_geo=0.870408 (+87,041 PHP)
Epoch 024/50 | train_loss=-0.001243 val_loss=-0.002260 | train_profit=2.175598 (+217,560 PHP) val_profit=0.842830 (+84,283 PHP) | train_geo=4.914712 (+491,471 PHP) val_geo=0.870408 (+87,041 PHP)
Epoch 025/50 | train_loss=-0.001244 val_loss=-0.002261 | train_profit=2.175598 (+217,560 PHP) val_profit=0.842830 (+84,283 PHP) | train_geo=4.914712 (+491,471 PHP) val_geo=0.870408 (+87,041 PHP)
Epoch 026/50 | train_loss=-0.001246 val_loss=-0.002260 | train_profit=2.175598 (+217,560 PHP) val_profit=0.842830 (+84,283 PHP) | train_geo=4.914712 (+491,471 PHP) val_geo=0.870408 (+87,041 PHP)
Epoch 027/50 | train_loss=-0.001246 val_loss=-0.002256 | train_profit=2.175598 (+217,560 PHP) val_profit=0.842830 (+84,283 PHP) | train_geo=4.914712 (+491,471 PHP) val_geo=0.870408 (+87,041 PHP)
Epoch 028/50 | train_loss=-0.001249 val_loss=-0.002257 | train_profit=2.175598 (+217,560 PHP) val_profit=0.842830 (+84,283 PHP) | train_geo=4.914712 (+491,471 PHP) val_geo=0.870408 (+87,041 PHP)
Epoch 029/50 | train_loss=-0.001234 val_loss=-0.002262 | train_profit=2.175598 (+217,560 PHP) val_profit=0.842830 (+84,283 PHP) | train_geo=4.914712 (+491,471 PHP) val_geo=0.870408 (+87,041 PHP)
Epoch 030/50 | train_loss=-0.001242 val_loss=-0.002258 | train_profit=2.175598 (+217,560 PHP) val_profit=0.842830 (+84,283 PHP) | train_geo=4.914712 (+491,471 PHP) val_geo=0.870408 (+87,041 PHP)
Epoch 031/50 | train_loss=-0.001257 val_loss=-0.002256 | train_profit=2.175598 (+217,560 PHP) val_profit=0.842830 (+84,283 PHP) | train_geo=4.914712 (+491,471 PHP) val_geo=0.870408 (+87,041 PHP)
Epoch 032/50 | train_loss=-0.001259 val_loss=-0.002256 | train_profit=2.175598 (+217,560 PHP) val_profit=0.842830 (+84,283 PHP) | train_geo=4.914712 (+491,471 PHP) val_geo=0.870408 (+87,041 PHP)
Epoch 033/50 | train_loss=-0.001244 val_loss=-0.002256 | train_profit=2.175598 (+217,560 PHP) val_profit=0.842830 (+84,283 PHP) | train_geo=4.914712 (+491,471 PHP) val_geo=0.870408 (+87,041 PHP)
Epoch 034/50 | train_loss=-0.001249 val_loss=-0.002253 | train_profit=2.175598 (+217,560 PHP) val_profit=0.842830 (+84,283 PHP) | train_geo=4.914712 (+491,471 PHP) val_geo=0.870408 (+87,041 PHP)
Epoch 035/50 | train_loss=-0.001254 val_loss=-0.002254 | train_profit=2.175598 (+217,560 PHP) val_profit=0.842830 (+84,283 PHP) | train_geo=4.914712 (+491,471 PHP) val_geo=0.870408 (+87,041 PHP)
Epoch 036/50 | train_loss=-0.001258 val_loss=-0.002254 | train_profit=2.175598 (+217,560 PHP) val_profit=0.842830 (+84,283 PHP) | train_geo=4.914712 (+491,471 PHP) val_geo=0.870408 (+87,041 PHP)
Epoch 037/50 | train_loss=-0.001256 val_loss=-0.002251 | train_profit=2.175598 (+217,560 PHP) val_profit=0.842830 (+84,283 PHP) | train_geo=4.914712 (+491,471 PHP) val_geo=0.870408 (+87,041 PHP)
Epoch 038/50 | train_loss=-0.001258 val_loss=-0.002249 | train_profit=2.175598 (+217,560 PHP) val_profit=0.842830 (+84,283 PHP) | train_geo=4.914712 (+491,471 PHP) val_geo=0.870408 (+87,041 PHP)
Epoch 039/50 | train_loss=-0.001252 val_loss=-0.002249 | train_profit=2.175598 (+217,560 PHP) val_profit=0.842830 (+84,283 PHP) | train_geo=4.914712 (+491,471 PHP) val_geo=0.870408 (+87,041 PHP)
Early stopping at epoch 39: no improvement in val_loss for 10 epochs (best=-0.002262 at epoch 29)
[6/23] AVGO       (strong) profit-aware  dir_acc=0.531 cum_ret=+0.6098 geo_ret=+0.6175 sharpe=+1.066 (buy&hold=+0.6192 always_short=-0.5231) [3.9s] [DEGENERATE: constant signal]
Epoch 001/50 | [PROFIT-LOG] train_loss=-0.001246 val_loss=-0.001959 | train_profit=2.104090 (+210,409 PHP) val_profit=0.842830 (+84,283 PHP) | train_geo=4.505863 (+450,586 PHP) val_geo=0.870408 (+87,041 PHP)
Epoch 002/50 | [PROFIT-LOG] train_loss=-0.001307 val_loss=-0.001959 | train_profit=2.175598 (+217,560 PHP) val_profit=0.842830 (+84,283 PHP) | train_geo=4.914712 (+491,471 PHP) val_geo=0.870408 (+87,041 PHP)
Epoch 003/50 | [PROFIT-LOG] train_loss=-0.001307 val_loss=-0.001959 | train_profit=2.175598 (+217,560 PHP) val_profit=0.842830 (+84,283 PHP) | train_geo=4.914712 (+491,471 PHP) val_geo=0.870408 (+87,041 PHP)
Epoch 004/50 | [PROFIT-LOG] train_loss=-0.001307 val_loss=-0.001959 | train_profit=2.175598 (+217,560 PHP) val_profit=0.842830 (+84,283 PHP) | train_geo=4.914712 (+491,471 PHP) val_geo=0.870408 (+87,041 PHP)
Epoch 005/50 | [PROFIT-LOG] train_loss=-0.001307 val_loss=-0.001959 | train_profit=2.175598 (+217,560 PHP) val_profit=0.842830 (+84,283 PHP) | train_geo=4.914712 (+491,471 PHP) val_geo=0.870408 (+87,041 PHP)
Epoch 006/50 | [PROFIT-LOG] train_loss=-0.001307 val_loss=-0.001959 | train_profit=2.175598 (+217,560 PHP) val_profit=0.842830 (+84,283 PHP) | train_geo=4.914712 (+491,471 PHP) val_geo=0.870408 (+87,041 PHP)
Epoch 007/50 | [PROFIT-LOG] train_loss=-0.001307 val_loss=-0.001959 | train_profit=2.175598 (+217,560 PHP) val_profit=0.842830 (+84,283 PHP) | train_geo=4.914712 (+491,471 PHP) val_geo=0.870408 (+87,041 PHP)
Epoch 008/50 | [PROFIT-LOG] train_loss=-0.001307 val_loss=-0.001959 | train_profit=2.175598 (+217,560 PHP) val_profit=0.842830 (+84,283 PHP) | train_geo=4.914712 (+491,471 PHP) val_geo=0.870408 (+87,041 PHP)
Epoch 009/50 | [PROFIT-LOG] train_loss=-0.001307 val_loss=-0.001959 | train_profit=2.175598 (+217,560 PHP) val_profit=0.842830 (+84,283 PHP) | train_geo=4.914712 (+491,471 PHP) val_geo=0.870408 (+87,041 PHP)
Epoch 010/50 | [PROFIT-LOG] train_loss=-0.001307 val_loss=-0.001959 | train_profit=2.175598 (+217,560 PHP) val_profit=0.842830 (+84,283 PHP) | train_geo=4.914712 (+491,471 PHP) val_geo=0.870408 (+87,041 PHP)
Epoch 011/50 | [PROFIT-LOG] train_loss=-0.001307 val_loss=-0.001959 | train_profit=2.175598 (+217,560 PHP) val_profit=0.842830 (+84,283 PHP) | train_geo=4.914712 (+491,471 PHP) val_geo=0.870408 (+87,041 PHP)
Epoch 012/50 | [PROFIT-LOG] train_loss=-0.001307 val_loss=-0.001959 | train_profit=2.175598 (+217,560 PHP) val_profit=0.842830 (+84,283 PHP) | train_geo=4.914712 (+491,471 PHP) val_geo=0.870408 (+87,041 PHP)
Epoch 013/50 | [PROFIT-LOG] train_loss=-0.001307 val_loss=-0.001959 | train_profit=2.175598 (+217,560 PHP) val_profit=0.842830 (+84,283 PHP) | train_geo=4.914712 (+491,471 PHP) val_geo=0.870408 (+87,041 PHP)
Epoch 014/50 | [PROFIT-LOG] train_loss=-0.001307 val_loss=-0.001959 | train_profit=2.175598 (+217,560 PHP) val_profit=0.842830 (+84,283 PHP) | train_geo=4.914712 (+491,471 PHP) val_geo=0.870408 (+87,041 PHP)
Epoch 015/50 | [PROFIT-LOG] train_loss=-0.001307 val_loss=-0.001959 | train_profit=2.175598 (+217,560 PHP) val_profit=0.842830 (+84,283 PHP) | train_geo=4.914712 (+491,471 PHP) val_geo=0.870408 (+87,041 PHP)
Epoch 016/50 | [PROFIT-LOG] train_loss=-0.001307 val_loss=-0.001959 | train_profit=2.175598 (+217,560 PHP) val_profit=0.842830 (+84,283 PHP) | train_geo=4.914712 (+491,471 PHP) val_geo=0.870408 (+87,041 PHP)
Epoch 017/50 | [PROFIT-LOG] train_loss=-0.001307 val_loss=-0.001959 | train_profit=2.175598 (+217,560 PHP) val_profit=0.842830 (+84,283 PHP) | train_geo=4.914712 (+491,471 PHP) val_geo=0.870408 (+87,041 PHP)
Epoch 018/50 | [PROFIT-LOG] train_loss=-0.001307 val_loss=-0.001959 | train_profit=2.175598 (+217,560 PHP) val_profit=0.842830 (+84,283 PHP) | train_geo=4.914712 (+491,471 PHP) val_geo=0.870408 (+87,041 PHP)
Epoch 019/50 | [PROFIT-LOG] train_loss=-0.001307 val_loss=-0.001959 | train_profit=2.175598 (+217,560 PHP) val_profit=0.842830 (+84,283 PHP) | train_geo=4.914712 (+491,471 PHP) val_geo=0.870408 (+87,041 PHP)
Epoch 020/50 | [PROFIT-LOG] train_loss=-0.001307 val_loss=-0.001959 | train_profit=2.175598 (+217,560 PHP) val_profit=0.842830 (+84,283 PHP) | train_geo=4.914712 (+491,471 PHP) val_geo=0.870408 (+87,041 PHP)
Epoch 021/50 | [PROFIT-LOG] train_loss=-0.001307 val_loss=-0.001959 | train_profit=2.175598 (+217,560 PHP) val_profit=0.842830 (+84,283 PHP) | train_geo=4.914712 (+491,471 PHP) val_geo=0.870408 (+87,041 PHP)
Epoch 022/50 | [PROFIT-LOG] train_loss=-0.001307 val_loss=-0.001959 | train_profit=2.175598 (+217,560 PHP) val_profit=0.842830 (+84,283 PHP) | train_geo=4.914712 (+491,471 PHP) val_geo=0.870408 (+87,041 PHP)
Early stopping at epoch 22: no improvement in val_loss for 10 epochs (best=-0.001959 at epoch 12)
[6/23] AVGO       (strong) profit-log    dir_acc=0.531 cum_ret=+0.6098 geo_ret=+0.6175 sharpe=+1.066 (buy&hold=+0.6192 always_short=-0.5231) [1.9s] [DEGENERATE: constant signal]
Epoch 001/50 | [MSE] train_loss=0.000431 val_loss=0.000215 | train_profit=-0.460603 (-46,060 PHP) val_profit=0.299033 (+29,903 PHP) | train_geo=-0.495373 (-49,537 PHP) val_geo=0.313164 (+31,316 PHP)
Epoch 002/50 | [MSE] train_loss=0.000332 val_loss=0.000166 | train_profit=-0.571663 (-57,166 PHP) val_profit=0.176551 (+17,655 PHP) | train_geo=-0.550390 (-55,039 PHP) val_geo=0.161898 (+16,190 PHP)
Epoch 003/50 | [MSE] train_loss=0.000307 val_loss=0.000173 | train_profit=-1.537954 (-153,795 PHP) val_profit=0.299033 (+29,903 PHP) | train_geo=-0.828478 (-82,848 PHP) val_geo=0.313164 (+31,316 PHP)
Epoch 004/50 | [MSE] train_loss=0.000303 val_loss=0.000168 | train_profit=-0.802724 (-80,272 PHP) val_profit=0.290079 (+29,008 PHP) | train_geo=-0.642211 (-64,221 PHP) val_geo=0.301449 (+30,145 PHP)
Epoch 005/50 | [MSE] train_loss=0.000297 val_loss=0.000170 | train_profit=-0.405050 (-40,505 PHP) val_profit=0.268308 (+26,831 PHP) | train_geo=-0.466396 (-46,640 PHP) val_geo=0.273485 (+27,349 PHP)
Epoch 006/50 | [MSE] train_loss=0.000305 val_loss=0.000168 | train_profit=-0.247092 (-24,709 PHP) val_profit=-0.086219 (-8,622 PHP) | train_geo=-0.375327 (-37,533 PHP) val_geo=-0.106696 (-10,670 PHP)
Epoch 007/50 | [MSE] train_loss=0.000303 val_loss=0.000169 | train_profit=-0.525927 (-52,593 PHP) val_profit=0.286042 (+28,604 PHP) | train_geo=-0.528170 (-52,817 PHP) val_geo=0.296272 (+29,627 PHP)
Epoch 008/50 | [MSE] train_loss=0.000299 val_loss=0.000170 | train_profit=0.355740 (+35,574 PHP) val_profit=0.276339 (+27,634 PHP) | train_geo=0.142569 (+14,257 PHP) val_geo=0.283691 (+28,369 PHP)
Epoch 009/50 | [MSE] train_loss=0.000299 val_loss=0.000169 | train_profit=-0.421554 (-42,155 PHP) val_profit=0.318409 (+31,841 PHP) | train_geo=-0.475799 (-47,580 PHP) val_geo=0.338969 (+33,897 PHP)
Epoch 010/50 | [MSE] train_loss=0.000298 val_loss=0.000169 | train_profit=-0.124315 (-12,431 PHP) val_profit=0.306465 (+30,646 PHP) | train_geo=-0.293922 (-29,392 PHP) val_geo=0.323074 (+32,307 PHP)
Epoch 011/50 | [MSE] train_loss=0.000298 val_loss=0.000168 | train_profit=0.008995 (+900 PHP) val_profit=0.237965 (+23,797 PHP) | train_geo=-0.192809 (-19,281 PHP) val_geo=0.235530 (+23,553 PHP)
Epoch 012/50 | [MSE] train_loss=0.000299 val_loss=0.000167 | train_profit=-0.432028 (-43,203 PHP) val_profit=0.301001 (+30,100 PHP) | train_geo=-0.481921 (-48,192 PHP) val_geo=0.315849 (+31,585 PHP)
Early stopping at epoch 12: no improvement in val_loss for 10 epochs (best=0.000166 at epoch 2)
[7/23] V          (strong) mse           dir_acc=0.487 cum_ret=-0.1514 geo_ret=-0.1667 sharpe=-0.542 (buy&hold=+0.0503 always_short=-0.1038) [0.9s]
Epoch 001/50 | train_loss=-0.000363 val_loss=-0.000769 | train_profit=0.974245 (+97,425 PHP) val_profit=0.299033 (+29,903 PHP) | train_geo=1.119755 (+111,976 PHP) val_geo=0.313164 (+31,316 PHP)
Epoch 002/50 | train_loss=-0.000506 val_loss=-0.000728 | train_profit=1.065938 (+106,594 PHP) val_profit=0.299033 (+29,903 PHP) | train_geo=1.323503 (+132,350 PHP) val_geo=0.313164 (+31,316 PHP)
Epoch 003/50 | train_loss=-0.000536 val_loss=-0.000739 | train_profit=1.065938 (+106,594 PHP) val_profit=0.299033 (+29,903 PHP) | train_geo=1.323503 (+132,350 PHP) val_geo=0.313164 (+31,316 PHP)
Epoch 004/50 | train_loss=-0.000520 val_loss=-0.000712 | train_profit=1.065938 (+106,594 PHP) val_profit=0.299033 (+29,903 PHP) | train_geo=1.323503 (+132,350 PHP) val_geo=0.313164 (+31,316 PHP)
Epoch 005/50 | train_loss=-0.000521 val_loss=-0.000760 | train_profit=1.065938 (+106,594 PHP) val_profit=0.299033 (+29,903 PHP) | train_geo=1.323503 (+132,350 PHP) val_geo=0.313164 (+31,316 PHP)
Epoch 006/50 | train_loss=-0.000542 val_loss=-0.000777 | train_profit=1.065938 (+106,594 PHP) val_profit=0.299033 (+29,903 PHP) | train_geo=1.323503 (+132,350 PHP) val_geo=0.313164 (+31,316 PHP)
Epoch 007/50 | train_loss=-0.000545 val_loss=-0.000771 | train_profit=1.065938 (+106,594 PHP) val_profit=0.299033 (+29,903 PHP) | train_geo=1.323503 (+132,350 PHP) val_geo=0.313164 (+31,316 PHP)
Epoch 008/50 | train_loss=-0.000547 val_loss=-0.000765 | train_profit=1.065938 (+106,594 PHP) val_profit=0.299033 (+29,903 PHP) | train_geo=1.323503 (+132,350 PHP) val_geo=0.313164 (+31,316 PHP)
Epoch 009/50 | train_loss=-0.000532 val_loss=-0.000773 | train_profit=1.065938 (+106,594 PHP) val_profit=0.299033 (+29,903 PHP) | train_geo=1.323503 (+132,350 PHP) val_geo=0.313164 (+31,316 PHP)
Epoch 010/50 | train_loss=-0.000541 val_loss=-0.000762 | train_profit=1.065938 (+106,594 PHP) val_profit=0.299033 (+29,903 PHP) | train_geo=1.323503 (+132,350 PHP) val_geo=0.313164 (+31,316 PHP)
Epoch 011/50 | train_loss=-0.000553 val_loss=-0.000773 | train_profit=1.065938 (+106,594 PHP) val_profit=0.299033 (+29,903 PHP) | train_geo=1.323503 (+132,350 PHP) val_geo=0.313164 (+31,316 PHP)
Epoch 012/50 | train_loss=-0.000558 val_loss=-0.000769 | train_profit=1.065938 (+106,594 PHP) val_profit=0.299033 (+29,903 PHP) | train_geo=1.323503 (+132,350 PHP) val_geo=0.313164 (+31,316 PHP)
Epoch 013/50 | train_loss=-0.000549 val_loss=-0.000773 | train_profit=1.065938 (+106,594 PHP) val_profit=0.299033 (+29,903 PHP) | train_geo=1.323503 (+132,350 PHP) val_geo=0.313164 (+31,316 PHP)
Epoch 014/50 | train_loss=-0.000545 val_loss=-0.000759 | train_profit=1.065938 (+106,594 PHP) val_profit=0.299033 (+29,903 PHP) | train_geo=1.323503 (+132,350 PHP) val_geo=0.313164 (+31,316 PHP)
Epoch 015/50 | train_loss=-0.000552 val_loss=-0.000760 | train_profit=1.065938 (+106,594 PHP) val_profit=0.299033 (+29,903 PHP) | train_geo=1.323503 (+132,350 PHP) val_geo=0.313164 (+31,316 PHP)
Epoch 016/50 | train_loss=-0.000555 val_loss=-0.000763 | train_profit=1.065938 (+106,594 PHP) val_profit=0.299033 (+29,903 PHP) | train_geo=1.323503 (+132,350 PHP) val_geo=0.313164 (+31,316 PHP)
Early stopping at epoch 16: no improvement in val_loss for 10 epochs (best=-0.000777 at epoch 6)
[7/23] V          (strong) profit-aware  dir_acc=0.494 cum_ret=+0.0782 geo_ret=+0.0492 sharpe=+0.282 (buy&hold=+0.0503 always_short=-0.1038) [1.4s] [DEGENERATE: constant signal]
Epoch 001/50 | [PROFIT-LOG] train_loss=-0.000585 val_loss=-0.000852 | train_profit=1.086843 (+108,684 PHP) val_profit=0.299033 (+29,903 PHP) | train_geo=1.372708 (+137,271 PHP) val_geo=0.313164 (+31,316 PHP)
Epoch 002/50 | [PROFIT-LOG] train_loss=-0.000598 val_loss=-0.000852 | train_profit=1.065938 (+106,594 PHP) val_profit=0.299033 (+29,903 PHP) | train_geo=1.323503 (+132,350 PHP) val_geo=0.313164 (+31,316 PHP)
Epoch 003/50 | [PROFIT-LOG] train_loss=-0.000598 val_loss=-0.000852 | train_profit=1.065938 (+106,594 PHP) val_profit=0.299033 (+29,903 PHP) | train_geo=1.323503 (+132,350 PHP) val_geo=0.313164 (+31,316 PHP)
Epoch 004/50 | [PROFIT-LOG] train_loss=-0.000598 val_loss=-0.000852 | train_profit=1.065938 (+106,594 PHP) val_profit=0.299033 (+29,903 PHP) | train_geo=1.323503 (+132,350 PHP) val_geo=0.313164 (+31,316 PHP)
Epoch 005/50 | [PROFIT-LOG] train_loss=-0.000598 val_loss=-0.000852 | train_profit=1.065938 (+106,594 PHP) val_profit=0.299033 (+29,903 PHP) | train_geo=1.323503 (+132,350 PHP) val_geo=0.313164 (+31,316 PHP)
Epoch 006/50 | [PROFIT-LOG] train_loss=-0.000598 val_loss=-0.000852 | train_profit=1.065938 (+106,594 PHP) val_profit=0.299033 (+29,903 PHP) | train_geo=1.323503 (+132,350 PHP) val_geo=0.313164 (+31,316 PHP)
Epoch 007/50 | [PROFIT-LOG] train_loss=-0.000598 val_loss=-0.000852 | train_profit=1.065938 (+106,594 PHP) val_profit=0.299033 (+29,903 PHP) | train_geo=1.323503 (+132,350 PHP) val_geo=0.313164 (+31,316 PHP)
Epoch 008/50 | [PROFIT-LOG] train_loss=-0.000598 val_loss=-0.000852 | train_profit=1.065938 (+106,594 PHP) val_profit=0.299033 (+29,903 PHP) | train_geo=1.323503 (+132,350 PHP) val_geo=0.313164 (+31,316 PHP)
Epoch 009/50 | [PROFIT-LOG] train_loss=-0.000598 val_loss=-0.000852 | train_profit=1.065938 (+106,594 PHP) val_profit=0.299033 (+29,903 PHP) | train_geo=1.323503 (+132,350 PHP) val_geo=0.313164 (+31,316 PHP)
Epoch 010/50 | [PROFIT-LOG] train_loss=-0.000598 val_loss=-0.000852 | train_profit=1.065938 (+106,594 PHP) val_profit=0.299033 (+29,903 PHP) | train_geo=1.323503 (+132,350 PHP) val_geo=0.313164 (+31,316 PHP)
Epoch 011/50 | [PROFIT-LOG] train_loss=-0.000598 val_loss=-0.000852 | train_profit=1.065938 (+106,594 PHP) val_profit=0.299033 (+29,903 PHP) | train_geo=1.323503 (+132,350 PHP) val_geo=0.313164 (+31,316 PHP)
Epoch 012/50 | [PROFIT-LOG] train_loss=-0.000598 val_loss=-0.000852 | train_profit=1.065938 (+106,594 PHP) val_profit=0.299033 (+29,903 PHP) | train_geo=1.323503 (+132,350 PHP) val_geo=0.313164 (+31,316 PHP)
Epoch 013/50 | [PROFIT-LOG] train_loss=-0.000598 val_loss=-0.000852 | train_profit=1.065938 (+106,594 PHP) val_profit=0.299033 (+29,903 PHP) | train_geo=1.323503 (+132,350 PHP) val_geo=0.313164 (+31,316 PHP)
Epoch 014/50 | [PROFIT-LOG] train_loss=-0.000598 val_loss=-0.000852 | train_profit=1.065938 (+106,594 PHP) val_profit=0.299033 (+29,903 PHP) | train_geo=1.323503 (+132,350 PHP) val_geo=0.313164 (+31,316 PHP)
Epoch 015/50 | [PROFIT-LOG] train_loss=-0.000598 val_loss=-0.000852 | train_profit=1.065938 (+106,594 PHP) val_profit=0.299033 (+29,903 PHP) | train_geo=1.323503 (+132,350 PHP) val_geo=0.313164 (+31,316 PHP)
Epoch 016/50 | [PROFIT-LOG] train_loss=-0.000598 val_loss=-0.000852 | train_profit=1.065938 (+106,594 PHP) val_profit=0.299033 (+29,903 PHP) | train_geo=1.323503 (+132,350 PHP) val_geo=0.313164 (+31,316 PHP)
Epoch 017/50 | [PROFIT-LOG] train_loss=-0.000598 val_loss=-0.000852 | train_profit=1.065938 (+106,594 PHP) val_profit=0.299033 (+29,903 PHP) | train_geo=1.323503 (+132,350 PHP) val_geo=0.313164 (+31,316 PHP)
Epoch 018/50 | [PROFIT-LOG] train_loss=-0.000598 val_loss=-0.000852 | train_profit=1.065938 (+106,594 PHP) val_profit=0.299033 (+29,903 PHP) | train_geo=1.323503 (+132,350 PHP) val_geo=0.313164 (+31,316 PHP)
Epoch 019/50 | [PROFIT-LOG] train_loss=-0.000598 val_loss=-0.000852 | train_profit=1.065938 (+106,594 PHP) val_profit=0.299033 (+29,903 PHP) | train_geo=1.323503 (+132,350 PHP) val_geo=0.313164 (+31,316 PHP)
Epoch 020/50 | [PROFIT-LOG] train_loss=-0.000598 val_loss=-0.000852 | train_profit=1.065938 (+106,594 PHP) val_profit=0.299033 (+29,903 PHP) | train_geo=1.323503 (+132,350 PHP) val_geo=0.313164 (+31,316 PHP)
Epoch 021/50 | [PROFIT-LOG] train_loss=-0.000598 val_loss=-0.000852 | train_profit=1.065938 (+106,594 PHP) val_profit=0.299033 (+29,903 PHP) | train_geo=1.323503 (+132,350 PHP) val_geo=0.313164 (+31,316 PHP)
Epoch 022/50 | [PROFIT-LOG] train_loss=-0.000598 val_loss=-0.000852 | train_profit=1.065938 (+106,594 PHP) val_profit=0.299033 (+29,903 PHP) | train_geo=1.323503 (+132,350 PHP) val_geo=0.313164 (+31,316 PHP)
Epoch 023/50 | [PROFIT-LOG] train_loss=-0.000598 val_loss=-0.000852 | train_profit=1.065938 (+106,594 PHP) val_profit=0.299033 (+29,903 PHP) | train_geo=1.323503 (+132,350 PHP) val_geo=0.313164 (+31,316 PHP)
Epoch 024/50 | [PROFIT-LOG] train_loss=-0.000598 val_loss=-0.000852 | train_profit=1.065938 (+106,594 PHP) val_profit=0.299033 (+29,903 PHP) | train_geo=1.323503 (+132,350 PHP) val_geo=0.313164 (+31,316 PHP)
Epoch 025/50 | [PROFIT-LOG] train_loss=-0.000598 val_loss=-0.000852 | train_profit=1.065938 (+106,594 PHP) val_profit=0.299033 (+29,903 PHP) | train_geo=1.323503 (+132,350 PHP) val_geo=0.313164 (+31,316 PHP)
Epoch 026/50 | [PROFIT-LOG] train_loss=-0.000598 val_loss=-0.000852 | train_profit=1.065938 (+106,594 PHP) val_profit=0.299033 (+29,903 PHP) | train_geo=1.323503 (+132,350 PHP) val_geo=0.313164 (+31,316 PHP)
Epoch 027/50 | [PROFIT-LOG] train_loss=-0.000598 val_loss=-0.000852 | train_profit=1.065938 (+106,594 PHP) val_profit=0.299033 (+29,903 PHP) | train_geo=1.323503 (+132,350 PHP) val_geo=0.313164 (+31,316 PHP)
Epoch 028/50 | [PROFIT-LOG] train_loss=-0.000598 val_loss=-0.000852 | train_profit=1.065938 (+106,594 PHP) val_profit=0.299033 (+29,903 PHP) | train_geo=1.323503 (+132,350 PHP) val_geo=0.313164 (+31,316 PHP)
Epoch 029/50 | [PROFIT-LOG] train_loss=-0.000598 val_loss=-0.000852 | train_profit=1.065938 (+106,594 PHP) val_profit=0.299033 (+29,903 PHP) | train_geo=1.323503 (+132,350 PHP) val_geo=0.313164 (+31,316 PHP)
Epoch 030/50 | [PROFIT-LOG] train_loss=-0.000598 val_loss=-0.000852 | train_profit=1.065938 (+106,594 PHP) val_profit=0.299033 (+29,903 PHP) | train_geo=1.323503 (+132,350 PHP) val_geo=0.313164 (+31,316 PHP)
Epoch 031/50 | [PROFIT-LOG] train_loss=-0.000598 val_loss=-0.000852 | train_profit=1.065938 (+106,594 PHP) val_profit=0.299033 (+29,903 PHP) | train_geo=1.323503 (+132,350 PHP) val_geo=0.313164 (+31,316 PHP)
Epoch 032/50 | [PROFIT-LOG] train_loss=-0.000598 val_loss=-0.000852 | train_profit=1.065938 (+106,594 PHP) val_profit=0.299033 (+29,903 PHP) | train_geo=1.323503 (+132,350 PHP) val_geo=0.313164 (+31,316 PHP)
Epoch 033/50 | [PROFIT-LOG] train_loss=-0.000598 val_loss=-0.000852 | train_profit=1.065938 (+106,594 PHP) val_profit=0.299033 (+29,903 PHP) | train_geo=1.323503 (+132,350 PHP) val_geo=0.313164 (+31,316 PHP)
Epoch 034/50 | [PROFIT-LOG] train_loss=-0.000598 val_loss=-0.000852 | train_profit=1.065938 (+106,594 PHP) val_profit=0.299033 (+29,903 PHP) | train_geo=1.323503 (+132,350 PHP) val_geo=0.313164 (+31,316 PHP)
Epoch 035/50 | [PROFIT-LOG] train_loss=-0.000598 val_loss=-0.000852 | train_profit=1.065938 (+106,594 PHP) val_profit=0.299033 (+29,903 PHP) | train_geo=1.323503 (+132,350 PHP) val_geo=0.313164 (+31,316 PHP)
Epoch 036/50 | [PROFIT-LOG] train_loss=-0.000598 val_loss=-0.000852 | train_profit=1.065938 (+106,594 PHP) val_profit=0.299033 (+29,903 PHP) | train_geo=1.323503 (+132,350 PHP) val_geo=0.313164 (+31,316 PHP)
Epoch 037/50 | [PROFIT-LOG] train_loss=-0.000598 val_loss=-0.000852 | train_profit=1.065938 (+106,594 PHP) val_profit=0.299033 (+29,903 PHP) | train_geo=1.323503 (+132,350 PHP) val_geo=0.313164 (+31,316 PHP)
Epoch 038/50 | [PROFIT-LOG] train_loss=-0.000598 val_loss=-0.000852 | train_profit=1.065938 (+106,594 PHP) val_profit=0.299033 (+29,903 PHP) | train_geo=1.323503 (+132,350 PHP) val_geo=0.313164 (+31,316 PHP)
Epoch 039/50 | [PROFIT-LOG] train_loss=-0.000598 val_loss=-0.000852 | train_profit=1.065938 (+106,594 PHP) val_profit=0.299033 (+29,903 PHP) | train_geo=1.323503 (+132,350 PHP) val_geo=0.313164 (+31,316 PHP)
Epoch 040/50 | [PROFIT-LOG] train_loss=-0.000598 val_loss=-0.000852 | train_profit=1.065938 (+106,594 PHP) val_profit=0.299033 (+29,903 PHP) | train_geo=1.323503 (+132,350 PHP) val_geo=0.313164 (+31,316 PHP)
Epoch 041/50 | [PROFIT-LOG] train_loss=-0.000598 val_loss=-0.000852 | train_profit=1.065938 (+106,594 PHP) val_profit=0.299033 (+29,903 PHP) | train_geo=1.323503 (+132,350 PHP) val_geo=0.313164 (+31,316 PHP)
Epoch 042/50 | [PROFIT-LOG] train_loss=-0.000598 val_loss=-0.000852 | train_profit=1.065938 (+106,594 PHP) val_profit=0.299033 (+29,903 PHP) | train_geo=1.323503 (+132,350 PHP) val_geo=0.313164 (+31,316 PHP)
Epoch 043/50 | [PROFIT-LOG] train_loss=-0.000598 val_loss=-0.000852 | train_profit=1.065938 (+106,594 PHP) val_profit=0.299033 (+29,903 PHP) | train_geo=1.323503 (+132,350 PHP) val_geo=0.313164 (+31,316 PHP)
Epoch 044/50 | [PROFIT-LOG] train_loss=-0.000598 val_loss=-0.000852 | train_profit=1.065938 (+106,594 PHP) val_profit=0.299033 (+29,903 PHP) | train_geo=1.323503 (+132,350 PHP) val_geo=0.313164 (+31,316 PHP)
Epoch 045/50 | [PROFIT-LOG] train_loss=-0.000598 val_loss=-0.000852 | train_profit=1.065938 (+106,594 PHP) val_profit=0.299033 (+29,903 PHP) | train_geo=1.323503 (+132,350 PHP) val_geo=0.313164 (+31,316 PHP)
Epoch 046/50 | [PROFIT-LOG] train_loss=-0.000598 val_loss=-0.000852 | train_profit=1.065938 (+106,594 PHP) val_profit=0.299033 (+29,903 PHP) | train_geo=1.323503 (+132,350 PHP) val_geo=0.313164 (+31,316 PHP)
Epoch 047/50 | [PROFIT-LOG] train_loss=-0.000598 val_loss=-0.000852 | train_profit=1.065938 (+106,594 PHP) val_profit=0.299033 (+29,903 PHP) | train_geo=1.323503 (+132,350 PHP) val_geo=0.313164 (+31,316 PHP)
Epoch 048/50 | [PROFIT-LOG] train_loss=-0.000598 val_loss=-0.000852 | train_profit=1.065938 (+106,594 PHP) val_profit=0.299033 (+29,903 PHP) | train_geo=1.323503 (+132,350 PHP) val_geo=0.313164 (+31,316 PHP)
Epoch 049/50 | [PROFIT-LOG] train_loss=-0.000598 val_loss=-0.000852 | train_profit=1.065938 (+106,594 PHP) val_profit=0.299033 (+29,903 PHP) | train_geo=1.323503 (+132,350 PHP) val_geo=0.313164 (+31,316 PHP)
Epoch 050/50 | [PROFIT-LOG] train_loss=-0.000598 val_loss=-0.000852 | train_profit=1.065938 (+106,594 PHP) val_profit=0.299033 (+29,903 PHP) | train_geo=1.323503 (+132,350 PHP) val_geo=0.313164 (+31,316 PHP)
[7/23] V          (strong) profit-log    dir_acc=0.494 cum_ret=+0.0782 geo_ret=+0.0492 sharpe=+0.282 (buy&hold=+0.0503 always_short=-0.1038) [4.4s] [DEGENERATE: constant signal]
Epoch 001/50 | [MSE] train_loss=0.000578 val_loss=0.000463 | train_profit=0.375076 (+37,508 PHP) val_profit=0.160589 (+16,059 PHP) | train_geo=0.091272 (+9,127 PHP) val_geo=0.105380 (+10,538 PHP)
Epoch 002/50 | [MSE] train_loss=0.000479 val_loss=0.000416 | train_profit=0.828453 (+82,845 PHP) val_profit=0.160589 (+16,059 PHP) | train_geo=0.716906 (+71,691 PHP) val_geo=0.105380 (+10,538 PHP)
Epoch 003/50 | [MSE] train_loss=0.000452 val_loss=0.000401 | train_profit=0.655003 (+65,500 PHP) val_profit=0.160589 (+16,059 PHP) | train_geo=0.443082 (+44,308 PHP) val_geo=0.105380 (+10,538 PHP)
Epoch 004/50 | [MSE] train_loss=0.000426 val_loss=0.000390 | train_profit=0.345864 (+34,586 PHP) val_profit=0.172160 (+17,216 PHP) | train_geo=0.058872 (+5,887 PHP) val_geo=0.118242 (+11,824 PHP)
Epoch 005/50 | [MSE] train_loss=0.000423 val_loss=0.000404 | train_profit=-0.235960 (-23,596 PHP) val_profit=0.160589 (+16,059 PHP) | train_geo=-0.409272 (-40,927 PHP) val_geo=0.105380 (+10,538 PHP)
Epoch 006/50 | [MSE] train_loss=0.000415 val_loss=0.000404 | train_profit=0.570467 (+57,047 PHP) val_profit=0.160589 (+16,059 PHP) | train_geo=0.325481 (+32,548 PHP) val_geo=0.105380 (+10,538 PHP)
Epoch 007/50 | [MSE] train_loss=0.000423 val_loss=0.000406 | train_profit=0.293749 (+29,375 PHP) val_profit=0.160589 (+16,059 PHP) | train_geo=0.004336 (+434 PHP) val_geo=0.105380 (+10,538 PHP)
Epoch 008/50 | [MSE] train_loss=0.000418 val_loss=0.000400 | train_profit=0.308612 (+30,861 PHP) val_profit=0.160589 (+16,059 PHP) | train_geo=0.019537 (+1,954 PHP) val_geo=0.105380 (+10,538 PHP)
Epoch 009/50 | [MSE] train_loss=0.000415 val_loss=0.000407 | train_profit=0.109054 (+10,905 PHP) val_profit=0.160589 (+16,059 PHP) | train_geo=-0.164218 (-16,422 PHP) val_geo=0.105380 (+10,538 PHP)
Epoch 010/50 | [MSE] train_loss=0.000417 val_loss=0.000409 | train_profit=0.209132 (+20,913 PHP) val_profit=0.160589 (+16,059 PHP) | train_geo=-0.077219 (-7,722 PHP) val_geo=0.105380 (+10,538 PHP)
Epoch 011/50 | [MSE] train_loss=0.000414 val_loss=0.000412 | train_profit=0.166487 (+16,649 PHP) val_profit=0.160589 (+16,059 PHP) | train_geo=-0.115475 (-11,548 PHP) val_geo=0.105380 (+10,538 PHP)
Epoch 012/50 | [MSE] train_loss=0.000413 val_loss=0.000418 | train_profit=1.056120 (+105,612 PHP) val_profit=0.160589 (+16,059 PHP) | train_geo=1.156426 (+115,643 PHP) val_geo=0.105380 (+10,538 PHP)
Epoch 013/50 | [MSE] train_loss=0.000419 val_loss=0.000424 | train_profit=-0.023617 (-2,362 PHP) val_profit=0.160589 (+16,059 PHP) | train_geo=-0.269614 (-26,961 PHP) val_geo=0.105380 (+10,538 PHP)
Epoch 014/50 | [MSE] train_loss=0.000423 val_loss=0.000427 | train_profit=0.341736 (+34,174 PHP) val_profit=0.160589 (+16,059 PHP) | train_geo=0.053574 (+5,357 PHP) val_geo=0.105380 (+10,538 PHP)
Early stopping at epoch 14: no improvement in val_loss for 10 epochs (best=0.000390 at epoch 4)
[8/23] GOOGL      (mid   ) mse           dir_acc=0.531 cum_ret=+0.8867 geo_ret=+1.2825 sharpe=+2.257 (buy&hold=+1.2511 always_short=-0.6078) [1.1s]
Epoch 001/50 | train_loss=-0.000223 val_loss=0.000390 | train_profit=1.219727 (+121,973 PHP) val_profit=0.132225 (+13,223 PHP) | train_geo=1.537031 (+153,703 PHP) val_geo=0.074414 (+7,441 PHP)
Epoch 002/50 | train_loss=-0.000582 val_loss=0.000830 | train_profit=1.485015 (+148,502 PHP) val_profit=-0.173522 (-17,352 PHP) | train_geo=2.312960 (+231,296 PHP) val_geo=-0.208630 (-20,863 PHP)
Epoch 003/50 | train_loss=-0.000390 val_loss=0.001128 | train_profit=0.575728 (+57,573 PHP) val_profit=-0.094898 (-9,490 PHP) | train_geo=0.333041 (+33,304 PHP) val_geo=-0.143874 (-14,387 PHP)
Epoch 004/50 | train_loss=-0.000439 val_loss=0.001784 | train_profit=1.001297 (+100,130 PHP) val_profit=-0.385684 (-38,568 PHP) | train_geo=1.042641 (+104,264 PHP) val_geo=-0.360088 (-36,009 PHP)
Epoch 005/50 | train_loss=-0.000267 val_loss=0.001059 | train_profit=1.274696 (+127,470 PHP) val_profit=-0.085586 (-8,559 PHP) | train_geo=1.683788 (+168,379 PHP) val_geo=-0.136178 (-13,618 PHP)
Epoch 006/50 | train_loss=0.000021 val_loss=0.002195 | train_profit=0.910267 (+91,027 PHP) val_profit=-0.423016 (-42,302 PHP) | train_geo=0.864657 (+86,466 PHP) val_geo=-0.383997 (-38,400 PHP)
Epoch 007/50 | train_loss=0.000098 val_loss=0.001635 | train_profit=0.319630 (+31,963 PHP) val_profit=-0.308743 (-30,874 PHP) | train_geo=0.031025 (+3,102 PHP) val_geo=-0.308907 (-30,891 PHP)
Epoch 008/50 | train_loss=-0.000207 val_loss=0.001106 | train_profit=1.380903 (+138,090 PHP) val_profit=-0.115374 (-11,537 PHP) | train_geo=1.983587 (+198,359 PHP) val_geo=-0.161583 (-16,158 PHP)
Epoch 009/50 | train_loss=0.000187 val_loss=0.002328 | train_profit=0.560893 (+56,089 PHP) val_profit=-0.443263 (-44,326 PHP) | train_geo=0.314030 (+31,403 PHP) val_geo=-0.396467 (-39,647 PHP)
Epoch 010/50 | train_loss=0.000089 val_loss=0.001620 | train_profit=0.469156 (+46,916 PHP) val_profit=-0.237350 (-23,735 PHP) | train_geo=0.197411 (+19,741 PHP) val_geo=-0.257724 (-25,772 PHP)
Epoch 011/50 | train_loss=-0.000360 val_loss=0.000913 | train_profit=1.152704 (+115,270 PHP) val_profit=0.018217 (+1,822 PHP) | train_geo=1.376241 (+137,624 PHP) val_geo=-0.041358 (-4,136 PHP)
Early stopping at epoch 11: no improvement in val_loss for 10 epochs (best=0.000390 at epoch 1)
[8/23] GOOGL      (mid   ) profit-aware  dir_acc=0.528 cum_ret=+0.8718 geo_ret=+1.2489 sharpe=+2.218 (buy&hold=+1.2511 always_short=-0.6078) [1.1s] [DEGENERATE: constant signal]
Epoch 001/50 | [PROFIT-LOG] train_loss=-0.000679 val_loss=-0.000294 | train_profit=1.705311 (+170,531 PHP) val_profit=0.160589 (+16,059 PHP) | train_geo=3.130428 (+313,043 PHP) val_geo=0.105380 (+10,538 PHP)
Epoch 002/50 | [PROFIT-LOG] train_loss=-0.000490 val_loss=-0.000295 | train_profit=1.186900 (+118,690 PHP) val_profit=0.160589 (+16,059 PHP) | train_geo=1.455647 (+145,565 PHP) val_geo=0.105380 (+10,538 PHP)
Epoch 003/50 | [PROFIT-LOG] train_loss=-0.000490 val_loss=-0.000295 | train_profit=1.186900 (+118,690 PHP) val_profit=0.160589 (+16,059 PHP) | train_geo=1.455647 (+145,565 PHP) val_geo=0.105380 (+10,538 PHP)
Epoch 004/50 | [PROFIT-LOG] train_loss=-0.000493 val_loss=-0.000294 | train_profit=1.186900 (+118,690 PHP) val_profit=0.160589 (+16,059 PHP) | train_geo=1.455647 (+145,565 PHP) val_geo=0.105380 (+10,538 PHP)
Epoch 005/50 | [PROFIT-LOG] train_loss=-0.000492 val_loss=-0.000285 | train_profit=1.183383 (+118,338 PHP) val_profit=0.160589 (+16,059 PHP) | train_geo=1.446934 (+144,693 PHP) val_geo=0.105380 (+10,538 PHP)
Epoch 006/50 | [PROFIT-LOG] train_loss=-0.000473 val_loss=-0.000295 | train_profit=1.143398 (+114,340 PHP) val_profit=0.160589 (+16,059 PHP) | train_geo=1.351013 (+135,101 PHP) val_geo=0.105380 (+10,538 PHP)
Epoch 007/50 | [PROFIT-LOG] train_loss=-0.000490 val_loss=-0.000295 | train_profit=1.186900 (+118,690 PHP) val_profit=0.160589 (+16,059 PHP) | train_geo=1.455647 (+145,565 PHP) val_geo=0.105380 (+10,538 PHP)
Epoch 008/50 | [PROFIT-LOG] train_loss=-0.000490 val_loss=-0.000295 | train_profit=1.186900 (+118,690 PHP) val_profit=0.160589 (+16,059 PHP) | train_geo=1.455647 (+145,565 PHP) val_geo=0.105380 (+10,538 PHP)
Epoch 009/50 | [PROFIT-LOG] train_loss=-0.000490 val_loss=-0.000295 | train_profit=1.186900 (+118,690 PHP) val_profit=0.160589 (+16,059 PHP) | train_geo=1.455647 (+145,565 PHP) val_geo=0.105380 (+10,538 PHP)
Epoch 010/50 | [PROFIT-LOG] train_loss=-0.000490 val_loss=-0.000295 | train_profit=1.186900 (+118,690 PHP) val_profit=0.160589 (+16,059 PHP) | train_geo=1.455647 (+145,565 PHP) val_geo=0.105380 (+10,538 PHP)
Epoch 011/50 | [PROFIT-LOG] train_loss=-0.000490 val_loss=-0.000295 | train_profit=1.186900 (+118,690 PHP) val_profit=0.160589 (+16,059 PHP) | train_geo=1.455647 (+145,565 PHP) val_geo=0.105380 (+10,538 PHP)
Epoch 012/50 | [PROFIT-LOG] train_loss=-0.000490 val_loss=-0.000295 | train_profit=1.186900 (+118,690 PHP) val_profit=0.160589 (+16,059 PHP) | train_geo=1.455647 (+145,565 PHP) val_geo=0.105380 (+10,538 PHP)
Epoch 013/50 | [PROFIT-LOG] train_loss=-0.000490 val_loss=-0.000295 | train_profit=1.186900 (+118,690 PHP) val_profit=0.160589 (+16,059 PHP) | train_geo=1.455647 (+145,565 PHP) val_geo=0.105380 (+10,538 PHP)
Epoch 014/50 | [PROFIT-LOG] train_loss=-0.000490 val_loss=-0.000295 | train_profit=1.186900 (+118,690 PHP) val_profit=0.160589 (+16,059 PHP) | train_geo=1.455647 (+145,565 PHP) val_geo=0.105380 (+10,538 PHP)
Epoch 015/50 | [PROFIT-LOG] train_loss=-0.000490 val_loss=-0.000295 | train_profit=1.186900 (+118,690 PHP) val_profit=0.160589 (+16,059 PHP) | train_geo=1.455647 (+145,565 PHP) val_geo=0.105380 (+10,538 PHP)
Epoch 016/50 | [PROFIT-LOG] train_loss=-0.000490 val_loss=-0.000295 | train_profit=1.186900 (+118,690 PHP) val_profit=0.160589 (+16,059 PHP) | train_geo=1.455647 (+145,565 PHP) val_geo=0.105380 (+10,538 PHP)
Epoch 017/50 | [PROFIT-LOG] train_loss=-0.000490 val_loss=-0.000295 | train_profit=1.186900 (+118,690 PHP) val_profit=0.160589 (+16,059 PHP) | train_geo=1.455647 (+145,565 PHP) val_geo=0.105380 (+10,538 PHP)
Epoch 018/50 | [PROFIT-LOG] train_loss=-0.000490 val_loss=-0.000295 | train_profit=1.186900 (+118,690 PHP) val_profit=0.160589 (+16,059 PHP) | train_geo=1.455647 (+145,565 PHP) val_geo=0.105380 (+10,538 PHP)
Epoch 019/50 | [PROFIT-LOG] train_loss=-0.000490 val_loss=-0.000295 | train_profit=1.186900 (+118,690 PHP) val_profit=0.160589 (+16,059 PHP) | train_geo=1.455647 (+145,565 PHP) val_geo=0.105380 (+10,538 PHP)
Epoch 020/50 | [PROFIT-LOG] train_loss=-0.000490 val_loss=-0.000295 | train_profit=1.186900 (+118,690 PHP) val_profit=0.160589 (+16,059 PHP) | train_geo=1.455647 (+145,565 PHP) val_geo=0.105380 (+10,538 PHP)
Epoch 021/50 | [PROFIT-LOG] train_loss=-0.000490 val_loss=-0.000295 | train_profit=1.186900 (+118,690 PHP) val_profit=0.160589 (+16,059 PHP) | train_geo=1.455647 (+145,565 PHP) val_geo=0.105380 (+10,538 PHP)
Early stopping at epoch 21: no improvement in val_loss for 10 epochs (best=-0.000295 at epoch 11)
[8/23] GOOGL      (mid   ) profit-log    dir_acc=0.528 cum_ret=+0.8718 geo_ret=+1.2489 sharpe=+2.218 (buy&hold=+1.2511 always_short=-0.6078) [2.0s] [DEGENERATE: constant signal]
Epoch 001/50 | [MSE] train_loss=0.000535 val_loss=0.000359 | train_profit=-0.037420 (-3,742 PHP) val_profit=0.469436 (+46,944 PHP) | train_geo=-0.265029 (-26,503 PHP) val_geo=0.526716 (+52,672 PHP)
Epoch 002/50 | [MSE] train_loss=0.000418 val_loss=0.000330 | train_profit=-0.422276 (-42,228 PHP) val_profit=0.469436 (+46,944 PHP) | train_geo=-0.503017 (-50,302 PHP) val_geo=0.526716 (+52,672 PHP)
Epoch 003/50 | [MSE] train_loss=0.000396 val_loss=0.000320 | train_profit=-1.692732 (-169,273 PHP) val_profit=0.469436 (+46,944 PHP) | train_geo=-0.860787 (-86,079 PHP) val_geo=0.526716 (+52,672 PHP)
Epoch 004/50 | [MSE] train_loss=0.000387 val_loss=0.000313 | train_profit=-0.314751 (-31,475 PHP) val_profit=0.469436 (+46,944 PHP) | train_geo=-0.445507 (-44,551 PHP) val_geo=0.526716 (+52,672 PHP)
Epoch 005/50 | [MSE] train_loss=0.000374 val_loss=0.000310 | train_profit=0.844897 (+84,490 PHP) val_profit=0.469436 (+46,944 PHP) | train_geo=0.773063 (+77,306 PHP) val_geo=0.526716 (+52,672 PHP)
Epoch 006/50 | [MSE] train_loss=0.000380 val_loss=0.000305 | train_profit=-0.297175 (-29,718 PHP) val_profit=0.469436 (+46,944 PHP) | train_geo=-0.434529 (-43,453 PHP) val_geo=0.526716 (+52,672 PHP)
Epoch 007/50 | [MSE] train_loss=0.000374 val_loss=0.000307 | train_profit=-0.510002 (-51,000 PHP) val_profit=0.469436 (+46,944 PHP) | train_geo=-0.544114 (-54,411 PHP) val_geo=0.526716 (+52,672 PHP)
Epoch 008/50 | [MSE] train_loss=0.000371 val_loss=0.000319 | train_profit=1.450737 (+145,074 PHP) val_profit=0.469436 (+46,944 PHP) | train_geo=2.266519 (+226,652 PHP) val_geo=0.526716 (+52,672 PHP)
Epoch 009/50 | [MSE] train_loss=0.000377 val_loss=0.000318 | train_profit=0.181047 (+18,105 PHP) val_profit=0.469436 (+46,944 PHP) | train_geo=-0.089193 (-8,919 PHP) val_geo=0.526716 (+52,672 PHP)
Epoch 010/50 | [MSE] train_loss=0.000376 val_loss=0.000317 | train_profit=-0.381340 (-38,134 PHP) val_profit=0.469436 (+46,944 PHP) | train_geo=-0.481937 (-48,194 PHP) val_geo=0.526716 (+52,672 PHP)
Epoch 011/50 | [MSE] train_loss=0.000376 val_loss=0.000322 | train_profit=0.406868 (+40,687 PHP) val_profit=0.469436 (+46,944 PHP) | train_geo=0.143065 (+14,307 PHP) val_geo=0.526716 (+52,672 PHP)
Epoch 012/50 | [MSE] train_loss=0.000378 val_loss=0.000319 | train_profit=-0.908875 (-90,887 PHP) val_profit=0.469436 (+46,944 PHP) | train_geo=-0.696066 (-69,607 PHP) val_geo=0.526716 (+52,672 PHP)
Epoch 013/50 | [MSE] train_loss=0.000377 val_loss=0.000320 | train_profit=-0.365801 (-36,580 PHP) val_profit=0.469436 (+46,944 PHP) | train_geo=-0.473166 (-47,317 PHP) val_geo=0.526716 (+52,672 PHP)
Epoch 014/50 | [MSE] train_loss=0.000378 val_loss=0.000318 | train_profit=0.149658 (+14,966 PHP) val_profit=0.469436 (+46,944 PHP) | train_geo=-0.114483 (-11,448 PHP) val_geo=0.526716 (+52,672 PHP)
Epoch 015/50 | [MSE] train_loss=0.000377 val_loss=0.000308 | train_profit=-0.170459 (-17,046 PHP) val_profit=0.469436 (+46,944 PHP) | train_geo=-0.360054 (-36,005 PHP) val_geo=0.526716 (+52,672 PHP)
Epoch 016/50 | [MSE] train_loss=0.000378 val_loss=0.000304 | train_profit=-0.932878 (-93,288 PHP) val_profit=0.469436 (+46,944 PHP) | train_geo=-0.701658 (-70,166 PHP) val_geo=0.526716 (+52,672 PHP)
Epoch 017/50 | [MSE] train_loss=0.000379 val_loss=0.000299 | train_profit=-1.205602 (-120,560 PHP) val_profit=0.469436 (+46,944 PHP) | train_geo=-0.773533 (-77,353 PHP) val_geo=0.526716 (+52,672 PHP)
Epoch 018/50 | [MSE] train_loss=0.000377 val_loss=0.000294 | train_profit=-1.141002 (-114,100 PHP) val_profit=0.469436 (+46,944 PHP) | train_geo=-0.756989 (-75,699 PHP) val_geo=0.526716 (+52,672 PHP)
Epoch 019/50 | [MSE] train_loss=0.000374 val_loss=0.000294 | train_profit=-1.403262 (-140,326 PHP) val_profit=0.469436 (+46,944 PHP) | train_geo=-0.814226 (-81,423 PHP) val_geo=0.526716 (+52,672 PHP)
Epoch 020/50 | [MSE] train_loss=0.000371 val_loss=0.000295 | train_profit=-0.393093 (-39,309 PHP) val_profit=0.469436 (+46,944 PHP) | train_geo=-0.487147 (-48,715 PHP) val_geo=0.526716 (+52,672 PHP)
Epoch 021/50 | [MSE] train_loss=0.000371 val_loss=0.000294 | train_profit=-1.262806 (-126,281 PHP) val_profit=0.469436 (+46,944 PHP) | train_geo=-0.785280 (-78,528 PHP) val_geo=0.526716 (+52,672 PHP)
Epoch 022/50 | [MSE] train_loss=0.000371 val_loss=0.000293 | train_profit=-0.876689 (-87,669 PHP) val_profit=0.468996 (+46,900 PHP) | train_geo=-0.683136 (-68,314 PHP) val_geo=0.526035 (+52,604 PHP)
Epoch 023/50 | [MSE] train_loss=0.000371 val_loss=0.000293 | train_profit=-0.609084 (-60,908 PHP) val_profit=0.460867 (+46,087 PHP) | train_geo=-0.585372 (-58,537 PHP) val_geo=0.513690 (+51,369 PHP)
Epoch 024/50 | [MSE] train_loss=0.000369 val_loss=0.000293 | train_profit=-1.067553 (-106,755 PHP) val_profit=0.458787 (+45,879 PHP) | train_geo=-0.738658 (-73,866 PHP) val_geo=0.510576 (+51,058 PHP)
Epoch 025/50 | [MSE] train_loss=0.000369 val_loss=0.000292 | train_profit=-0.230427 (-23,043 PHP) val_profit=0.469436 (+46,944 PHP) | train_geo=-0.394007 (-39,401 PHP) val_geo=0.526716 (+52,672 PHP)
Epoch 026/50 | [MSE] train_loss=0.000369 val_loss=0.000293 | train_profit=-0.498017 (-49,802 PHP) val_profit=0.460867 (+46,087 PHP) | train_geo=-0.536748 (-53,675 PHP) val_geo=0.513690 (+51,369 PHP)
Epoch 027/50 | [MSE] train_loss=0.000371 val_loss=0.000292 | train_profit=-2.038517 (-203,852 PHP) val_profit=0.479418 (+47,942 PHP) | train_geo=-0.901784 (-90,178 PHP) val_geo=0.542095 (+54,210 PHP)
Epoch 028/50 | [MSE] train_loss=0.000370 val_loss=0.000292 | train_profit=-0.574361 (-57,436 PHP) val_profit=0.479418 (+47,942 PHP) | train_geo=-0.572924 (-57,292 PHP) val_geo=0.542095 (+54,210 PHP)
Epoch 029/50 | [MSE] train_loss=0.000368 val_loss=0.000292 | train_profit=-0.697405 (-69,741 PHP) val_profit=0.518254 (+51,825 PHP) | train_geo=-0.622064 (-62,206 PHP) val_geo=0.603448 (+60,345 PHP)
Epoch 030/50 | [MSE] train_loss=0.000369 val_loss=0.000292 | train_profit=-0.260438 (-26,044 PHP) val_profit=0.325831 (+32,583 PHP) | train_geo=-0.412146 (-41,215 PHP) val_geo=0.321952 (+32,195 PHP)
Epoch 031/50 | [MSE] train_loss=0.000368 val_loss=0.000292 | train_profit=-0.984128 (-98,413 PHP) val_profit=0.329796 (+32,980 PHP) | train_geo=-0.717235 (-71,724 PHP) val_geo=0.327227 (+32,723 PHP)
Epoch 032/50 | [MSE] train_loss=0.000367 val_loss=0.000292 | train_profit=-0.559017 (-55,902 PHP) val_profit=0.342080 (+34,208 PHP) | train_geo=-0.565359 (-56,536 PHP) val_geo=0.343638 (+34,364 PHP)
Epoch 033/50 | [MSE] train_loss=0.000365 val_loss=0.000292 | train_profit=-0.222420 (-22,242 PHP) val_profit=0.342080 (+34,208 PHP) | train_geo=-0.390914 (-39,091 PHP) val_geo=0.343638 (+34,364 PHP)
Epoch 034/50 | [MSE] train_loss=0.000369 val_loss=0.000292 | train_profit=-0.509240 (-50,924 PHP) val_profit=0.368293 (+36,829 PHP) | train_geo=-0.542595 (-54,259 PHP) val_geo=0.379326 (+37,933 PHP)
Epoch 035/50 | [MSE] train_loss=0.000366 val_loss=0.000292 | train_profit=0.013108 (+1,311 PHP) val_profit=0.314104 (+31,410 PHP) | train_geo=-0.227093 (-22,709 PHP) val_geo=0.306954 (+30,695 PHP)
Epoch 036/50 | [MSE] train_loss=0.000366 val_loss=0.000292 | train_profit=-0.555913 (-55,591 PHP) val_profit=0.244363 (+24,436 PHP) | train_geo=-0.563886 (-56,389 PHP) val_geo=0.218521 (+21,852 PHP)
Epoch 037/50 | [MSE] train_loss=0.000366 val_loss=0.000292 | train_profit=-0.780106 (-78,011 PHP) val_profit=0.342080 (+34,208 PHP) | train_geo=-0.652247 (-65,225 PHP) val_geo=0.343638 (+34,364 PHP)
Epoch 038/50 | [MSE] train_loss=0.000368 val_loss=0.000292 | train_profit=-0.345692 (-34,569 PHP) val_profit=0.368116 (+36,812 PHP) | train_geo=-0.460587 (-46,059 PHP) val_geo=0.379184 (+37,918 PHP)
Epoch 039/50 | [MSE] train_loss=0.000367 val_loss=0.000292 | train_profit=-0.976800 (-97,680 PHP) val_profit=0.284390 (+28,439 PHP) | train_geo=-0.714351 (-71,435 PHP) val_geo=0.268543 (+26,854 PHP)
Epoch 040/50 | [MSE] train_loss=0.000366 val_loss=0.000291 | train_profit=-0.384875 (-38,488 PHP) val_profit=0.244555 (+24,455 PHP) | train_geo=-0.482698 (-48,270 PHP) val_geo=0.218957 (+21,896 PHP)
Epoch 041/50 | [MSE] train_loss=0.000365 val_loss=0.000292 | train_profit=-0.181081 (-18,108 PHP) val_profit=0.244555 (+24,455 PHP) | train_geo=-0.364638 (-36,464 PHP) val_geo=0.218957 (+21,896 PHP)
Epoch 042/50 | [MSE] train_loss=0.000365 val_loss=0.000292 | train_profit=-0.107960 (-10,796 PHP) val_profit=0.340213 (+34,021 PHP) | train_geo=-0.317654 (-31,765 PHP) val_geo=0.341469 (+34,147 PHP)
Epoch 043/50 | [MSE] train_loss=0.000368 val_loss=0.000292 | train_profit=-0.678015 (-67,801 PHP) val_profit=0.350135 (+35,013 PHP) | train_geo=-0.614315 (-61,432 PHP) val_geo=0.355047 (+35,505 PHP)
Epoch 044/50 | [MSE] train_loss=0.000365 val_loss=0.000292 | train_profit=0.445804 (+44,580 PHP) val_profit=0.333421 (+33,342 PHP) | train_geo=0.191928 (+19,193 PHP) val_geo=0.332545 (+33,254 PHP)
Epoch 045/50 | [MSE] train_loss=0.000365 val_loss=0.000292 | train_profit=-0.165163 (-16,516 PHP) val_profit=0.365782 (+36,578 PHP) | train_geo=-0.355054 (-35,505 PHP) val_geo=0.376362 (+37,636 PHP)
Epoch 046/50 | [MSE] train_loss=0.000365 val_loss=0.000291 | train_profit=0.077897 (+7,790 PHP) val_profit=0.223898 (+22,390 PHP) | train_geo=-0.177081 (-17,708 PHP) val_geo=0.194016 (+19,402 PHP)
Epoch 047/50 | [MSE] train_loss=0.000364 val_loss=0.000292 | train_profit=-0.589279 (-58,928 PHP) val_profit=0.409578 (+40,958 PHP) | train_geo=-0.578790 (-57,879 PHP) val_geo=0.438087 (+43,809 PHP)
Epoch 048/50 | [MSE] train_loss=0.000364 val_loss=0.000291 | train_profit=-0.663759 (-66,376 PHP) val_profit=0.374314 (+37,431 PHP) | train_geo=-0.609394 (-60,939 PHP) val_geo=0.388148 (+38,815 PHP)
Epoch 049/50 | [MSE] train_loss=0.000363 val_loss=0.000292 | train_profit=0.280031 (+28,003 PHP) val_profit=0.374314 (+37,431 PHP) | train_geo=0.007552 (+755 PHP) val_geo=0.388148 (+38,815 PHP)
Epoch 050/50 | [MSE] train_loss=0.000364 val_loss=0.000292 | train_profit=0.100277 (+10,028 PHP) val_profit=0.374314 (+37,431 PHP) | train_geo=-0.157587 (-15,759 PHP) val_geo=0.388148 (+38,815 PHP)
Early stopping at epoch 50: no improvement in val_loss for 10 epochs (best=0.000291 at epoch 40)
[9/23] JPM        (mid   ) mse           dir_acc=0.559 cum_ret=+0.3264 geo_ret=+0.3468 sharpe=+1.212 (buy&hold=+0.3924 always_short=-0.3217) [3.9s]
Epoch 001/50 | train_loss=0.001377 val_loss=0.002134 | train_profit=-0.986979 (-98,698 PHP) val_profit=-0.471436 (-47,144 PHP) | train_geo=-0.717306 (-71,731 PHP) val_geo=-0.404455 (-40,446 PHP)
Epoch 002/50 | train_loss=0.000336 val_loss=-0.000698 | train_profit=0.081304 (+8,130 PHP) val_profit=0.469436 (+46,944 PHP) | train_geo=-0.176823 (-17,682 PHP) val_geo=0.526716 (+52,672 PHP)
Epoch 003/50 | train_loss=0.000112 val_loss=-0.000418 | train_profit=0.885058 (+88,506 PHP) val_profit=0.403874 (+40,387 PHP) | train_geo=0.844377 (+84,438 PHP) val_geo=0.429950 (+42,995 PHP)
Epoch 004/50 | train_loss=-0.000438 val_loss=0.000102 | train_profit=1.547908 (+154,791 PHP) val_profit=0.038448 (+3,845 PHP) | train_geo=2.582320 (+258,232 PHP) val_geo=-0.008069 (-807 PHP)
Epoch 005/50 | train_loss=-0.000586 val_loss=-0.000952 | train_profit=1.083804 (+108,380 PHP) val_profit=0.468863 (+46,886 PHP) | train_geo=1.246823 (+124,682 PHP) val_geo=0.525898 (+52,590 PHP)
Epoch 006/50 | train_loss=-0.000383 val_loss=-0.000492 | train_profit=1.124980 (+112,498 PHP) val_profit=0.145005 (+14,500 PHP) | train_geo=1.345852 (+134,585 PHP) val_geo=0.103518 (+10,352 PHP)
Epoch 007/50 | train_loss=-0.000513 val_loss=-0.000825 | train_profit=1.041844 (+104,184 PHP) val_profit=0.452501 (+45,250 PHP) | train_geo=1.153812 (+115,381 PHP) val_geo=0.501269 (+50,127 PHP)
Epoch 008/50 | train_loss=-0.000696 val_loss=-0.000325 | train_profit=1.593960 (+159,396 PHP) val_profit=0.149446 (+14,945 PHP) | train_geo=2.751704 (+275,170 PHP) val_geo=0.108397 (+10,840 PHP)
Epoch 009/50 | train_loss=-0.000810 val_loss=-0.000723 | train_profit=1.726187 (+172,619 PHP) val_profit=0.351967 (+35,197 PHP) | train_geo=3.280773 (+328,077 PHP) val_geo=0.357275 (+35,728 PHP)
Epoch 010/50 | train_loss=-0.000489 val_loss=-0.000247 | train_profit=1.244735 (+124,474 PHP) val_profit=0.097305 (+9,730 PHP) | train_geo=1.643388 (+164,339 PHP) val_geo=0.051931 (+5,193 PHP)
Epoch 011/50 | train_loss=-0.000771 val_loss=-0.000522 | train_profit=1.335608 (+133,561 PHP) val_profit=0.223410 (+22,341 PHP) | train_geo=1.895863 (+189,586 PHP) val_geo=0.193388 (+19,339 PHP)
Epoch 012/50 | train_loss=-0.000860 val_loss=-0.000777 | train_profit=1.605790 (+160,579 PHP) val_profit=0.228337 (+22,834 PHP) | train_geo=2.795230 (+279,523 PHP) val_geo=0.199219 (+19,922 PHP)
Epoch 013/50 | train_loss=-0.000854 val_loss=-0.000741 | train_profit=1.691620 (+169,162 PHP) val_profit=0.228337 (+22,834 PHP) | train_geo=3.136190 (+313,619 PHP) val_geo=0.199219 (+19,922 PHP)
Epoch 014/50 | train_loss=-0.000910 val_loss=-0.000713 | train_profit=1.658384 (+165,838 PHP) val_profit=0.258062 (+25,806 PHP) | train_geo=3.001534 (+300,153 PHP) val_geo=0.235496 (+23,550 PHP)
Epoch 015/50 | train_loss=-0.000887 val_loss=-0.000793 | train_profit=1.660355 (+166,035 PHP) val_profit=0.291324 (+29,132 PHP) | train_geo=3.008313 (+300,831 PHP) val_geo=0.277247 (+27,725 PHP)
Early stopping at epoch 15: no improvement in val_loss for 10 epochs (best=-0.000952 at epoch 5)
[9/23] JPM        (mid   ) profit-aware  dir_acc=0.566 cum_ret=+0.3695 geo_ret=+0.4063 sharpe=+1.376 (buy&hold=+0.3924 always_short=-0.3217) [1.3s]
Epoch 001/50 | [PROFIT-LOG] train_loss=0.000916 val_loss=0.001620 | train_profit=-0.986979 (-98,698 PHP) val_profit=-0.471436 (-47,144 PHP) | train_geo=-0.717306 (-71,731 PHP) val_geo=-0.404455 (-40,446 PHP)
Epoch 002/50 | [PROFIT-LOG] train_loss=0.000832 val_loss=0.001620 | train_profit=-0.862656 (-86,266 PHP) val_profit=-0.471436 (-47,144 PHP) | train_geo=-0.679843 (-67,984 PHP) val_geo=-0.404455 (-40,446 PHP)
Epoch 003/50 | [PROFIT-LOG] train_loss=0.000832 val_loss=0.001620 | train_profit=-0.862656 (-86,266 PHP) val_profit=-0.471436 (-47,144 PHP) | train_geo=-0.679843 (-67,984 PHP) val_geo=-0.404455 (-40,446 PHP)
Epoch 004/50 | [PROFIT-LOG] train_loss=0.000832 val_loss=0.001620 | train_profit=-0.862656 (-86,266 PHP) val_profit=-0.471436 (-47,144 PHP) | train_geo=-0.679843 (-67,984 PHP) val_geo=-0.404455 (-40,446 PHP)
Epoch 005/50 | [PROFIT-LOG] train_loss=0.000832 val_loss=0.001620 | train_profit=-0.862656 (-86,266 PHP) val_profit=-0.471436 (-47,144 PHP) | train_geo=-0.679843 (-67,984 PHP) val_geo=-0.404455 (-40,446 PHP)
Epoch 006/50 | [PROFIT-LOG] train_loss=0.000832 val_loss=0.001620 | train_profit=-0.862656 (-86,266 PHP) val_profit=-0.471436 (-47,144 PHP) | train_geo=-0.679843 (-67,984 PHP) val_geo=-0.404455 (-40,446 PHP)
Epoch 007/50 | [PROFIT-LOG] train_loss=0.000832 val_loss=0.001620 | train_profit=-0.862656 (-86,266 PHP) val_profit=-0.471436 (-47,144 PHP) | train_geo=-0.679843 (-67,984 PHP) val_geo=-0.404455 (-40,446 PHP)
Epoch 008/50 | [PROFIT-LOG] train_loss=0.000832 val_loss=0.001620 | train_profit=-0.862656 (-86,266 PHP) val_profit=-0.471436 (-47,144 PHP) | train_geo=-0.679843 (-67,984 PHP) val_geo=-0.404455 (-40,446 PHP)
Epoch 009/50 | [PROFIT-LOG] train_loss=0.000832 val_loss=0.001620 | train_profit=-0.862656 (-86,266 PHP) val_profit=-0.471436 (-47,144 PHP) | train_geo=-0.679843 (-67,984 PHP) val_geo=-0.404455 (-40,446 PHP)
Epoch 010/50 | [PROFIT-LOG] train_loss=0.000832 val_loss=0.001620 | train_profit=-0.862656 (-86,266 PHP) val_profit=-0.471436 (-47,144 PHP) | train_geo=-0.679843 (-67,984 PHP) val_geo=-0.404455 (-40,446 PHP)
Epoch 011/50 | [PROFIT-LOG] train_loss=0.000832 val_loss=0.001620 | train_profit=-0.862656 (-86,266 PHP) val_profit=-0.471436 (-47,144 PHP) | train_geo=-0.679843 (-67,984 PHP) val_geo=-0.404455 (-40,446 PHP)
Early stopping at epoch 11: no improvement in val_loss for 10 epochs (best=0.001620 at epoch 1)
[9/23] JPM        (mid   ) profit-log    dir_acc=0.438 cum_ret=-0.3607 geo_ret=-0.3224 sharpe=-1.342 (buy&hold=+0.3924 always_short=-0.3217) [1.0s] [DEGENERATE: constant signal]
Epoch 001/50 | [MSE] train_loss=0.000662 val_loss=0.000456 | train_profit=-1.079488 (-107,949 PHP) val_profit=0.073621 (+7,362 PHP) | train_geo=-0.749928 (-74,993 PHP) val_geo=0.018859 (+1,886 PHP)
Epoch 002/50 | [MSE] train_loss=0.000524 val_loss=0.000436 | train_profit=-1.235892 (-123,589 PHP) val_profit=0.073621 (+7,362 PHP) | train_geo=-0.786362 (-78,636 PHP) val_geo=0.018859 (+1,886 PHP)
Epoch 003/50 | [MSE] train_loss=0.000495 val_loss=0.000415 | train_profit=-0.838240 (-83,824 PHP) val_profit=0.073621 (+7,362 PHP) | train_geo=-0.682630 (-68,263 PHP) val_geo=0.018859 (+1,886 PHP)
Epoch 004/50 | [MSE] train_loss=0.000493 val_loss=0.000388 | train_profit=-0.764527 (-76,453 PHP) val_profit=0.073621 (+7,362 PHP) | train_geo=-0.657681 (-65,768 PHP) val_geo=0.018859 (+1,886 PHP)
Epoch 005/50 | [MSE] train_loss=0.000482 val_loss=0.000366 | train_profit=-0.779421 (-77,942 PHP) val_profit=0.073621 (+7,362 PHP) | train_geo=-0.662984 (-66,298 PHP) val_geo=0.018859 (+1,886 PHP)
Epoch 006/50 | [MSE] train_loss=0.000480 val_loss=0.000354 | train_profit=-1.499008 (-149,901 PHP) val_profit=-0.124877 (-12,488 PHP) | train_geo=-0.836117 (-83,612 PHP) val_geo=-0.165423 (-16,542 PHP)
Epoch 007/50 | [MSE] train_loss=0.000465 val_loss=0.000352 | train_profit=-0.914776 (-91,478 PHP) val_profit=-0.174132 (-17,413 PHP) | train_geo=-0.705765 (-70,577 PHP) val_geo=-0.205681 (-20,568 PHP)
Epoch 008/50 | [MSE] train_loss=0.000452 val_loss=0.000353 | train_profit=-1.218707 (-121,871 PHP) val_profit=-0.058991 (-5,899 PHP) | train_geo=-0.782549 (-78,255 PHP) val_geo=-0.108451 (-10,845 PHP)
Epoch 009/50 | [MSE] train_loss=0.000452 val_loss=0.000351 | train_profit=-1.083149 (-108,315 PHP) val_profit=-0.116406 (-11,641 PHP) | train_geo=-0.750993 (-75,099 PHP) val_geo=-0.158225 (-15,823 PHP)
Epoch 010/50 | [MSE] train_loss=0.000450 val_loss=0.000351 | train_profit=-2.053672 (-205,367 PHP) val_profit=-0.134457 (-13,446 PHP) | train_geo=-0.906179 (-90,618 PHP) val_geo=-0.173333 (-17,333 PHP)
Epoch 011/50 | [MSE] train_loss=0.000443 val_loss=0.000351 | train_profit=-0.505580 (-50,558 PHP) val_profit=0.022287 (+2,229 PHP) | train_geo=-0.555510 (-55,551 PHP) val_geo=-0.033230 (-3,323 PHP)
Epoch 012/50 | [MSE] train_loss=0.000452 val_loss=0.000350 | train_profit=-2.235464 (-223,546 PHP) val_profit=-0.183456 (-18,346 PHP) | train_geo=-0.921854 (-92,185 PHP) val_geo=-0.212843 (-21,284 PHP)
Epoch 013/50 | [MSE] train_loss=0.000449 val_loss=0.000352 | train_profit=-1.481939 (-148,194 PHP) val_profit=-0.169372 (-16,937 PHP) | train_geo=-0.833544 (-83,354 PHP) val_geo=-0.202083 (-20,208 PHP)
Epoch 014/50 | [MSE] train_loss=0.000450 val_loss=0.000350 | train_profit=-0.351987 (-35,199 PHP) val_profit=-0.055565 (-5,557 PHP) | train_geo=-0.481692 (-48,169 PHP) val_geo=-0.105335 (-10,533 PHP)
Epoch 015/50 | [MSE] train_loss=0.000447 val_loss=0.000350 | train_profit=-1.011181 (-101,118 PHP) val_profit=-0.056365 (-5,637 PHP) | train_geo=-0.732434 (-73,243 PHP) val_geo=-0.106316 (-10,632 PHP)
Epoch 016/50 | [MSE] train_loss=0.000445 val_loss=0.000351 | train_profit=-0.477922 (-47,792 PHP) val_profit=-0.000476 (-48 PHP) | train_geo=-0.543210 (-54,321 PHP) val_geo=-0.054967 (-5,497 PHP)
Epoch 017/50 | [MSE] train_loss=0.000444 val_loss=0.000351 | train_profit=-0.862721 (-86,272 PHP) val_profit=-0.259774 (-25,977 PHP) | train_geo=-0.688740 (-68,874 PHP) val_geo=-0.271032 (-27,103 PHP)
Epoch 018/50 | [MSE] train_loss=0.000449 val_loss=0.000350 | train_profit=-1.450749 (-145,075 PHP) val_profit=-0.194449 (-19,445 PHP) | train_geo=-0.827814 (-82,781 PHP) val_geo=-0.221518 (-22,152 PHP)
Epoch 019/50 | [MSE] train_loss=0.000444 val_loss=0.000351 | train_profit=-1.751301 (-175,130 PHP) val_profit=-0.195803 (-19,580 PHP) | train_geo=-0.872692 (-87,269 PHP) val_geo=-0.222595 (-22,259 PHP)
Epoch 020/50 | [MSE] train_loss=0.000443 val_loss=0.000351 | train_profit=-0.988294 (-98,829 PHP) val_profit=-0.031282 (-3,128 PHP) | train_geo=-0.726945 (-72,695 PHP) val_geo=-0.083739 (-8,374 PHP)
Epoch 021/50 | [MSE] train_loss=0.000447 val_loss=0.000351 | train_profit=-1.318693 (-131,869 PHP) val_profit=-0.109457 (-10,946 PHP) | train_geo=-0.803206 (-80,321 PHP) val_geo=-0.152281 (-15,228 PHP)
Epoch 022/50 | [MSE] train_loss=0.000443 val_loss=0.000351 | train_profit=-1.047442 (-104,744 PHP) val_profit=-0.234142 (-23,414 PHP) | train_geo=-0.741682 (-74,168 PHP) val_geo=-0.251843 (-25,184 PHP)
Epoch 023/50 | [MSE] train_loss=0.000439 val_loss=0.000350 | train_profit=-1.044015 (-104,402 PHP) val_profit=-0.038953 (-3,895 PHP) | train_geo=-0.740652 (-74,065 PHP) val_geo=-0.090323 (-9,032 PHP)
Epoch 024/50 | [MSE] train_loss=0.000442 val_loss=0.000350 | train_profit=-0.985729 (-98,573 PHP) val_profit=-0.034685 (-3,468 PHP) | train_geo=-0.725755 (-72,576 PHP) val_geo=-0.086660 (-8,666 PHP)
Epoch 025/50 | [MSE] train_loss=0.000442 val_loss=0.000351 | train_profit=-1.223467 (-122,347 PHP) val_profit=-0.093444 (-9,344 PHP) | train_geo=-0.783769 (-78,377 PHP) val_geo=-0.138965 (-13,896 PHP)
Early stopping at epoch 25: no improvement in val_loss for 10 epochs (best=0.000350 at epoch 15)
[10/23] DIS        (mid   ) mse           dir_acc=0.469 cum_ret=+0.0337 geo_ret=-0.0051 sharpe=+0.107 (buy&hold=-0.0203 always_short=-0.0554) [2.0s]
Epoch 001/50 | train_loss=0.000386 val_loss=0.000421 | train_profit=-0.463307 (-46,331 PHP) val_profit=0.073621 (+7,362 PHP) | train_geo=-0.536627 (-53,663 PHP) val_geo=0.018859 (+1,886 PHP)
Epoch 002/50 | train_loss=-0.000035 val_loss=-0.000067 | train_profit=0.321110 (+32,111 PHP) val_profit=0.073621 (+7,362 PHP) | train_geo=0.016689 (+1,669 PHP) val_geo=0.018859 (+1,886 PHP)
Epoch 003/50 | train_loss=0.000001 val_loss=0.000306 | train_profit=0.386772 (+38,677 PHP) val_profit=0.073621 (+7,362 PHP) | train_geo=0.085834 (+8,583 PHP) val_geo=0.018859 (+1,886 PHP)
Epoch 004/50 | train_loss=-0.000012 val_loss=-0.000003 | train_profit=0.211340 (+21,134 PHP) val_profit=0.178187 (+17,819 PHP) | train_geo=-0.088908 (-8,891 PHP) val_geo=0.131256 (+13,126 PHP)
Epoch 005/50 | train_loss=-0.000079 val_loss=0.000250 | train_profit=0.332953 (+33,295 PHP) val_profit=0.073621 (+7,362 PHP) | train_geo=0.028883 (+2,888 PHP) val_geo=0.018859 (+1,886 PHP)
Epoch 006/50 | train_loss=-0.000192 val_loss=-0.000062 | train_profit=0.386772 (+38,677 PHP) val_profit=0.073621 (+7,362 PHP) | train_geo=0.085834 (+8,583 PHP) val_geo=0.018859 (+1,886 PHP)
Epoch 007/50 | train_loss=-0.000263 val_loss=-0.000040 | train_profit=0.386772 (+38,677 PHP) val_profit=0.073621 (+7,362 PHP) | train_geo=0.085834 (+8,583 PHP) val_geo=0.018859 (+1,886 PHP)
Epoch 008/50 | train_loss=-0.000297 val_loss=-0.000057 | train_profit=0.386772 (+38,677 PHP) val_profit=0.073621 (+7,362 PHP) | train_geo=0.085834 (+8,583 PHP) val_geo=0.018859 (+1,886 PHP)
Epoch 009/50 | train_loss=-0.000300 val_loss=-0.000057 | train_profit=0.386772 (+38,677 PHP) val_profit=0.073621 (+7,362 PHP) | train_geo=0.085834 (+8,583 PHP) val_geo=0.018859 (+1,886 PHP)
Epoch 010/50 | train_loss=-0.000308 val_loss=-0.000068 | train_profit=0.386772 (+38,677 PHP) val_profit=0.073621 (+7,362 PHP) | train_geo=0.085834 (+8,583 PHP) val_geo=0.018859 (+1,886 PHP)
Epoch 011/50 | train_loss=-0.000315 val_loss=-0.000079 | train_profit=0.386772 (+38,677 PHP) val_profit=0.073621 (+7,362 PHP) | train_geo=0.085834 (+8,583 PHP) val_geo=0.018859 (+1,886 PHP)
Epoch 012/50 | train_loss=-0.000311 val_loss=-0.000074 | train_profit=0.386772 (+38,677 PHP) val_profit=0.073621 (+7,362 PHP) | train_geo=0.085834 (+8,583 PHP) val_geo=0.018859 (+1,886 PHP)
Epoch 013/50 | train_loss=-0.000325 val_loss=-0.000069 | train_profit=0.386772 (+38,677 PHP) val_profit=0.073621 (+7,362 PHP) | train_geo=0.085834 (+8,583 PHP) val_geo=0.018859 (+1,886 PHP)
Epoch 014/50 | train_loss=-0.000286 val_loss=-0.000059 | train_profit=0.386772 (+38,677 PHP) val_profit=0.073621 (+7,362 PHP) | train_geo=0.085834 (+8,583 PHP) val_geo=0.018859 (+1,886 PHP)
Epoch 015/50 | train_loss=-0.000266 val_loss=-0.000023 | train_profit=0.386772 (+38,677 PHP) val_profit=0.073621 (+7,362 PHP) | train_geo=0.085834 (+8,583 PHP) val_geo=0.018859 (+1,886 PHP)
Epoch 016/50 | train_loss=-0.000314 val_loss=-0.000057 | train_profit=0.386772 (+38,677 PHP) val_profit=0.073621 (+7,362 PHP) | train_geo=0.085834 (+8,583 PHP) val_geo=0.018859 (+1,886 PHP)
Epoch 017/50 | train_loss=-0.000317 val_loss=-0.000052 | train_profit=0.386772 (+38,677 PHP) val_profit=0.073621 (+7,362 PHP) | train_geo=0.085834 (+8,583 PHP) val_geo=0.018859 (+1,886 PHP)
Epoch 018/50 | train_loss=-0.000320 val_loss=-0.000066 | train_profit=0.386772 (+38,677 PHP) val_profit=0.073621 (+7,362 PHP) | train_geo=0.085834 (+8,583 PHP) val_geo=0.018859 (+1,886 PHP)
Epoch 019/50 | train_loss=-0.000319 val_loss=-0.000059 | train_profit=0.386772 (+38,677 PHP) val_profit=0.073621 (+7,362 PHP) | train_geo=0.085834 (+8,583 PHP) val_geo=0.018859 (+1,886 PHP)
Epoch 020/50 | train_loss=-0.000296 val_loss=-0.000045 | train_profit=0.386772 (+38,677 PHP) val_profit=0.073621 (+7,362 PHP) | train_geo=0.085834 (+8,583 PHP) val_geo=0.018859 (+1,886 PHP)
Epoch 021/50 | train_loss=-0.000265 val_loss=0.000001 | train_profit=0.386772 (+38,677 PHP) val_profit=0.073621 (+7,362 PHP) | train_geo=0.085834 (+8,583 PHP) val_geo=0.018859 (+1,886 PHP)
Early stopping at epoch 21: no improvement in val_loss for 10 epochs (best=-0.000079 at epoch 11)
[10/23] DIS        (mid   ) profit-aware  dir_acc=0.463 cum_ret=+0.0173 geo_ret=-0.0213 sharpe=+0.055 (buy&hold=-0.0203 always_short=-0.0554) [2.1s] [DEGENERATE: constant signal]
Epoch 001/50 | [PROFIT-LOG] train_loss=-0.000205 val_loss=-0.000058 | train_profit=0.127443 (+12,744 PHP) val_profit=0.073621 (+7,362 PHP) | train_geo=-0.162353 (-16,235 PHP) val_geo=0.018859 (+1,886 PHP)
Epoch 002/50 | [PROFIT-LOG] train_loss=-0.000359 val_loss=-0.000058 | train_profit=0.386772 (+38,677 PHP) val_profit=0.073621 (+7,362 PHP) | train_geo=0.085834 (+8,583 PHP) val_geo=0.018859 (+1,886 PHP)
Epoch 003/50 | [PROFIT-LOG] train_loss=-0.000359 val_loss=-0.000058 | train_profit=0.386772 (+38,677 PHP) val_profit=0.073621 (+7,362 PHP) | train_geo=0.085834 (+8,583 PHP) val_geo=0.018859 (+1,886 PHP)
Epoch 004/50 | [PROFIT-LOG] train_loss=-0.000359 val_loss=-0.000058 | train_profit=0.386772 (+38,677 PHP) val_profit=0.073621 (+7,362 PHP) | train_geo=0.085834 (+8,583 PHP) val_geo=0.018859 (+1,886 PHP)
Epoch 005/50 | [PROFIT-LOG] train_loss=-0.000359 val_loss=-0.000058 | train_profit=0.386772 (+38,677 PHP) val_profit=0.073621 (+7,362 PHP) | train_geo=0.085834 (+8,583 PHP) val_geo=0.018859 (+1,886 PHP)
Epoch 006/50 | [PROFIT-LOG] train_loss=-0.000359 val_loss=-0.000058 | train_profit=0.386772 (+38,677 PHP) val_profit=0.073621 (+7,362 PHP) | train_geo=0.085834 (+8,583 PHP) val_geo=0.018859 (+1,886 PHP)
Epoch 007/50 | [PROFIT-LOG] train_loss=-0.000359 val_loss=-0.000058 | train_profit=0.386772 (+38,677 PHP) val_profit=0.073621 (+7,362 PHP) | train_geo=0.085834 (+8,583 PHP) val_geo=0.018859 (+1,886 PHP)
Epoch 008/50 | [PROFIT-LOG] train_loss=-0.000359 val_loss=-0.000058 | train_profit=0.386772 (+38,677 PHP) val_profit=0.073621 (+7,362 PHP) | train_geo=0.085834 (+8,583 PHP) val_geo=0.018859 (+1,886 PHP)
Epoch 009/50 | [PROFIT-LOG] train_loss=-0.000359 val_loss=-0.000058 | train_profit=0.386772 (+38,677 PHP) val_profit=0.073621 (+7,362 PHP) | train_geo=0.085834 (+8,583 PHP) val_geo=0.018859 (+1,886 PHP)
Epoch 010/50 | [PROFIT-LOG] train_loss=-0.000359 val_loss=-0.000058 | train_profit=0.386772 (+38,677 PHP) val_profit=0.073621 (+7,362 PHP) | train_geo=0.085834 (+8,583 PHP) val_geo=0.018859 (+1,886 PHP)
Epoch 011/50 | [PROFIT-LOG] train_loss=-0.000359 val_loss=-0.000058 | train_profit=0.386772 (+38,677 PHP) val_profit=0.073621 (+7,362 PHP) | train_geo=0.085834 (+8,583 PHP) val_geo=0.018859 (+1,886 PHP)
Early stopping at epoch 11: no improvement in val_loss for 10 epochs (best=-0.000058 at epoch 1)
[10/23] DIS        (mid   ) profit-log    dir_acc=0.463 cum_ret=+0.0173 geo_ret=-0.0213 sharpe=+0.055 (buy&hold=-0.0203 always_short=-0.0554) [1.1s] [DEGENERATE: constant signal]
Epoch 001/50 | [MSE] train_loss=0.000246 val_loss=0.000103 | train_profit=-0.841573 (-84,157 PHP) val_profit=0.237763 (+23,776 PHP) | train_geo=-0.619277 (-61,928 PHP) val_geo=0.248170 (+24,817 PHP)
Epoch 002/50 | [MSE] train_loss=0.000178 val_loss=0.000101 | train_profit=-1.040920 (-104,092 PHP) val_profit=-0.079588 (-7,959 PHP) | train_geo=-0.688374 (-68,837 PHP) val_geo=-0.091470 (-9,147 PHP)
Epoch 003/50 | [MSE] train_loss=0.000172 val_loss=0.000101 | train_profit=-1.608654 (-160,865 PHP) val_profit=0.269246 (+26,925 PHP) | train_geo=-0.823615 (-82,361 PHP) val_geo=0.288133 (+28,813 PHP)
Epoch 004/50 | [MSE] train_loss=0.000169 val_loss=0.000101 | train_profit=-1.102023 (-110,202 PHP) val_profit=0.142636 (+14,264 PHP) | train_geo=-0.706815 (-70,681 PHP) val_geo=0.134705 (+13,470 PHP)
Epoch 005/50 | [MSE] train_loss=0.000167 val_loss=0.000101 | train_profit=-0.697242 (-69,724 PHP) val_profit=0.237763 (+23,776 PHP) | train_geo=-0.559866 (-55,987 PHP) val_geo=0.248170 (+24,817 PHP)
Epoch 006/50 | [MSE] train_loss=0.000167 val_loss=0.000101 | train_profit=-0.346394 (-34,639 PHP) val_profit=0.116254 (+11,625 PHP) | train_geo=-0.375037 (-37,504 PHP) val_geo=0.105194 (+10,519 PHP)
Epoch 007/50 | [MSE] train_loss=0.000168 val_loss=0.000101 | train_profit=-1.285779 (-128,578 PHP) val_profit=0.202720 (+20,272 PHP) | train_geo=-0.756271 (-75,627 PHP) val_geo=0.205042 (+20,504 PHP)
Epoch 008/50 | [MSE] train_loss=0.000166 val_loss=0.000101 | train_profit=-0.833682 (-83,368 PHP) val_profit=0.237763 (+23,776 PHP) | train_geo=-0.616517 (-61,652 PHP) val_geo=0.248170 (+24,817 PHP)
Epoch 009/50 | [MSE] train_loss=0.000166 val_loss=0.000101 | train_profit=-1.080770 (-108,077 PHP) val_profit=0.219012 (+21,901 PHP) | train_geo=-0.700589 (-70,059 PHP) val_geo=0.224891 (+22,489 PHP)
Epoch 010/50 | [MSE] train_loss=0.000166 val_loss=0.000101 | train_profit=-0.619580 (-61,958 PHP) val_profit=0.247178 (+24,718 PHP) | train_geo=-0.524896 (-52,490 PHP) val_geo=0.259915 (+25,992 PHP)
Epoch 011/50 | [MSE] train_loss=0.000165 val_loss=0.000101 | train_profit=-1.384687 (-138,469 PHP) val_profit=0.253116 (+25,312 PHP) | train_geo=-0.779230 (-77,923 PHP) val_geo=0.267417 (+26,742 PHP)
Epoch 012/50 | [MSE] train_loss=0.000165 val_loss=0.000101 | train_profit=-0.335550 (-33,555 PHP) val_profit=0.091764 (+9,176 PHP) | train_geo=-0.368721 (-36,872 PHP) val_geo=0.078518 (+7,852 PHP)
Epoch 013/50 | [MSE] train_loss=0.000165 val_loss=0.000101 | train_profit=-0.712920 (-71,292 PHP) val_profit=0.143022 (+14,302 PHP) | train_geo=-0.567261 (-56,726 PHP) val_geo=0.135243 (+13,524 PHP)
Epoch 014/50 | [MSE] train_loss=0.000163 val_loss=0.000101 | train_profit=-0.662835 (-66,284 PHP) val_profit=0.267670 (+26,767 PHP) | train_geo=-0.544917 (-54,492 PHP) val_geo=0.286015 (+28,601 PHP)
Early stopping at epoch 14: no improvement in val_loss for 10 epochs (best=0.000101 at epoch 4)
[11/23] KO         (mid   ) mse           dir_acc=0.491 cum_ret=+0.1591 geo_ret=+0.1493 sharpe=+0.705 (buy&hold=+0.2684 always_short=-0.2426) [1.1s]
Epoch 001/50 | train_loss=-0.000146 val_loss=-0.000534 | train_profit=0.604689 (+60,469 PHP) val_profit=0.237763 (+23,776 PHP) | train_geo=0.617279 (+61,728 PHP) val_geo=0.248170 (+24,817 PHP)
Epoch 002/50 | train_loss=-0.000224 val_loss=-0.000625 | train_profit=0.605338 (+60,534 PHP) val_profit=0.237763 (+23,776 PHP) | train_geo=0.618283 (+61,828 PHP) val_geo=0.248170 (+24,817 PHP)
Epoch 003/50 | train_loss=-0.000258 val_loss=-0.000635 | train_profit=0.605338 (+60,534 PHP) val_profit=0.237763 (+23,776 PHP) | train_geo=0.618283 (+61,828 PHP) val_geo=0.248170 (+24,817 PHP)
Epoch 004/50 | train_loss=-0.000243 val_loss=-0.000642 | train_profit=0.605338 (+60,534 PHP) val_profit=0.237763 (+23,776 PHP) | train_geo=0.618283 (+61,828 PHP) val_geo=0.248170 (+24,817 PHP)
Epoch 005/50 | train_loss=-0.000266 val_loss=-0.000640 | train_profit=0.605338 (+60,534 PHP) val_profit=0.237763 (+23,776 PHP) | train_geo=0.618283 (+61,828 PHP) val_geo=0.248170 (+24,817 PHP)
Epoch 006/50 | train_loss=-0.000271 val_loss=-0.000635 | train_profit=0.605338 (+60,534 PHP) val_profit=0.237763 (+23,776 PHP) | train_geo=0.618283 (+61,828 PHP) val_geo=0.248170 (+24,817 PHP)
Epoch 007/50 | train_loss=-0.000264 val_loss=-0.000596 | train_profit=0.605338 (+60,534 PHP) val_profit=0.237763 (+23,776 PHP) | train_geo=0.618283 (+61,828 PHP) val_geo=0.248170 (+24,817 PHP)
Epoch 008/50 | train_loss=-0.000272 val_loss=-0.000613 | train_profit=0.605338 (+60,534 PHP) val_profit=0.237763 (+23,776 PHP) | train_geo=0.618283 (+61,828 PHP) val_geo=0.248170 (+24,817 PHP)
Epoch 009/50 | train_loss=-0.000263 val_loss=-0.000614 | train_profit=0.605338 (+60,534 PHP) val_profit=0.237763 (+23,776 PHP) | train_geo=0.618283 (+61,828 PHP) val_geo=0.248170 (+24,817 PHP)
Epoch 010/50 | train_loss=-0.000274 val_loss=-0.000631 | train_profit=0.605338 (+60,534 PHP) val_profit=0.237763 (+23,776 PHP) | train_geo=0.618283 (+61,828 PHP) val_geo=0.248170 (+24,817 PHP)
Epoch 011/50 | train_loss=-0.000278 val_loss=-0.000625 | train_profit=0.605338 (+60,534 PHP) val_profit=0.237763 (+23,776 PHP) | train_geo=0.618283 (+61,828 PHP) val_geo=0.248170 (+24,817 PHP)
Epoch 012/50 | train_loss=-0.000281 val_loss=-0.000615 | train_profit=0.605338 (+60,534 PHP) val_profit=0.237763 (+23,776 PHP) | train_geo=0.618283 (+61,828 PHP) val_geo=0.248170 (+24,817 PHP)
Epoch 013/50 | train_loss=-0.000275 val_loss=-0.000631 | train_profit=0.605338 (+60,534 PHP) val_profit=0.237763 (+23,776 PHP) | train_geo=0.618283 (+61,828 PHP) val_geo=0.248170 (+24,817 PHP)
Epoch 014/50 | train_loss=-0.000283 val_loss=-0.000625 | train_profit=0.605338 (+60,534 PHP) val_profit=0.237763 (+23,776 PHP) | train_geo=0.618283 (+61,828 PHP) val_geo=0.248170 (+24,817 PHP)
Early stopping at epoch 14: no improvement in val_loss for 10 epochs (best=-0.000642 at epoch 4)
[11/23] KO         (mid   ) profit-aware  dir_acc=0.494 cum_ret=+0.2567 geo_ret=+0.2671 sharpe=+1.138 (buy&hold=+0.2684 always_short=-0.2426) [1.4s] [DEGENERATE: constant signal]
Epoch 001/50 | [PROFIT-LOG] train_loss=-0.000289 val_loss=-0.000694 | train_profit=0.610542 (+61,054 PHP) val_profit=0.237763 (+23,776 PHP) | train_geo=0.626728 (+62,673 PHP) val_geo=0.248170 (+24,817 PHP)
Epoch 002/50 | [PROFIT-LOG] train_loss=-0.000300 val_loss=-0.000694 | train_profit=0.605338 (+60,534 PHP) val_profit=0.237763 (+23,776 PHP) | train_geo=0.618283 (+61,828 PHP) val_geo=0.248170 (+24,817 PHP)
Epoch 003/50 | [PROFIT-LOG] train_loss=-0.000300 val_loss=-0.000694 | train_profit=0.605338 (+60,534 PHP) val_profit=0.237763 (+23,776 PHP) | train_geo=0.618283 (+61,828 PHP) val_geo=0.248170 (+24,817 PHP)
Epoch 004/50 | [PROFIT-LOG] train_loss=-0.000300 val_loss=-0.000694 | train_profit=0.605338 (+60,534 PHP) val_profit=0.237763 (+23,776 PHP) | train_geo=0.618283 (+61,828 PHP) val_geo=0.248170 (+24,817 PHP)
Epoch 005/50 | [PROFIT-LOG] train_loss=-0.000300 val_loss=-0.000694 | train_profit=0.605338 (+60,534 PHP) val_profit=0.237763 (+23,776 PHP) | train_geo=0.618283 (+61,828 PHP) val_geo=0.248170 (+24,817 PHP)
Epoch 006/50 | [PROFIT-LOG] train_loss=-0.000300 val_loss=-0.000694 | train_profit=0.605338 (+60,534 PHP) val_profit=0.237763 (+23,776 PHP) | train_geo=0.618283 (+61,828 PHP) val_geo=0.248170 (+24,817 PHP)
Epoch 007/50 | [PROFIT-LOG] train_loss=-0.000300 val_loss=-0.000694 | train_profit=0.605338 (+60,534 PHP) val_profit=0.237763 (+23,776 PHP) | train_geo=0.618283 (+61,828 PHP) val_geo=0.248170 (+24,817 PHP)
Epoch 008/50 | [PROFIT-LOG] train_loss=-0.000300 val_loss=-0.000694 | train_profit=0.605338 (+60,534 PHP) val_profit=0.237763 (+23,776 PHP) | train_geo=0.618283 (+61,828 PHP) val_geo=0.248170 (+24,817 PHP)
Epoch 009/50 | [PROFIT-LOG] train_loss=-0.000300 val_loss=-0.000694 | train_profit=0.605338 (+60,534 PHP) val_profit=0.237763 (+23,776 PHP) | train_geo=0.618283 (+61,828 PHP) val_geo=0.248170 (+24,817 PHP)
Epoch 010/50 | [PROFIT-LOG] train_loss=-0.000300 val_loss=-0.000694 | train_profit=0.605338 (+60,534 PHP) val_profit=0.237763 (+23,776 PHP) | train_geo=0.618283 (+61,828 PHP) val_geo=0.248170 (+24,817 PHP)
Epoch 011/50 | [PROFIT-LOG] train_loss=-0.000300 val_loss=-0.000694 | train_profit=0.605338 (+60,534 PHP) val_profit=0.237763 (+23,776 PHP) | train_geo=0.618283 (+61,828 PHP) val_geo=0.248170 (+24,817 PHP)
Epoch 012/50 | [PROFIT-LOG] train_loss=-0.000300 val_loss=-0.000694 | train_profit=0.605338 (+60,534 PHP) val_profit=0.237763 (+23,776 PHP) | train_geo=0.618283 (+61,828 PHP) val_geo=0.248170 (+24,817 PHP)
Epoch 013/50 | [PROFIT-LOG] train_loss=-0.000300 val_loss=-0.000694 | train_profit=0.605338 (+60,534 PHP) val_profit=0.237763 (+23,776 PHP) | train_geo=0.618283 (+61,828 PHP) val_geo=0.248170 (+24,817 PHP)
Epoch 014/50 | [PROFIT-LOG] train_loss=-0.000300 val_loss=-0.000694 | train_profit=0.605338 (+60,534 PHP) val_profit=0.237763 (+23,776 PHP) | train_geo=0.618283 (+61,828 PHP) val_geo=0.248170 (+24,817 PHP)
Epoch 015/50 | [PROFIT-LOG] train_loss=-0.000300 val_loss=-0.000694 | train_profit=0.605338 (+60,534 PHP) val_profit=0.237763 (+23,776 PHP) | train_geo=0.618283 (+61,828 PHP) val_geo=0.248170 (+24,817 PHP)
Epoch 016/50 | [PROFIT-LOG] train_loss=-0.000300 val_loss=-0.000694 | train_profit=0.605338 (+60,534 PHP) val_profit=0.237763 (+23,776 PHP) | train_geo=0.618283 (+61,828 PHP) val_geo=0.248170 (+24,817 PHP)
Epoch 017/50 | [PROFIT-LOG] train_loss=-0.000300 val_loss=-0.000694 | train_profit=0.605338 (+60,534 PHP) val_profit=0.237763 (+23,776 PHP) | train_geo=0.618283 (+61,828 PHP) val_geo=0.248170 (+24,817 PHP)
Epoch 018/50 | [PROFIT-LOG] train_loss=-0.000300 val_loss=-0.000694 | train_profit=0.605338 (+60,534 PHP) val_profit=0.237763 (+23,776 PHP) | train_geo=0.618283 (+61,828 PHP) val_geo=0.248170 (+24,817 PHP)
Epoch 019/50 | [PROFIT-LOG] train_loss=-0.000300 val_loss=-0.000694 | train_profit=0.605338 (+60,534 PHP) val_profit=0.237763 (+23,776 PHP) | train_geo=0.618283 (+61,828 PHP) val_geo=0.248170 (+24,817 PHP)
Epoch 020/50 | [PROFIT-LOG] train_loss=-0.000300 val_loss=-0.000694 | train_profit=0.605338 (+60,534 PHP) val_profit=0.237763 (+23,776 PHP) | train_geo=0.618283 (+61,828 PHP) val_geo=0.248170 (+24,817 PHP)
Epoch 021/50 | [PROFIT-LOG] train_loss=-0.000300 val_loss=-0.000694 | train_profit=0.605338 (+60,534 PHP) val_profit=0.237763 (+23,776 PHP) | train_geo=0.618283 (+61,828 PHP) val_geo=0.248170 (+24,817 PHP)
Epoch 022/50 | [PROFIT-LOG] train_loss=-0.000300 val_loss=-0.000694 | train_profit=0.605338 (+60,534 PHP) val_profit=0.237763 (+23,776 PHP) | train_geo=0.618283 (+61,828 PHP) val_geo=0.248170 (+24,817 PHP)
Epoch 023/50 | [PROFIT-LOG] train_loss=-0.000300 val_loss=-0.000694 | train_profit=0.605338 (+60,534 PHP) val_profit=0.237763 (+23,776 PHP) | train_geo=0.618283 (+61,828 PHP) val_geo=0.248170 (+24,817 PHP)
Epoch 024/50 | [PROFIT-LOG] train_loss=-0.000300 val_loss=-0.000694 | train_profit=0.605338 (+60,534 PHP) val_profit=0.237763 (+23,776 PHP) | train_geo=0.618283 (+61,828 PHP) val_geo=0.248170 (+24,817 PHP)
Epoch 025/50 | [PROFIT-LOG] train_loss=-0.000300 val_loss=-0.000694 | train_profit=0.605338 (+60,534 PHP) val_profit=0.237763 (+23,776 PHP) | train_geo=0.618283 (+61,828 PHP) val_geo=0.248170 (+24,817 PHP)
Epoch 026/50 | [PROFIT-LOG] train_loss=-0.000300 val_loss=-0.000694 | train_profit=0.605338 (+60,534 PHP) val_profit=0.237763 (+23,776 PHP) | train_geo=0.618283 (+61,828 PHP) val_geo=0.248170 (+24,817 PHP)
Epoch 027/50 | [PROFIT-LOG] train_loss=-0.000300 val_loss=-0.000694 | train_profit=0.605338 (+60,534 PHP) val_profit=0.237763 (+23,776 PHP) | train_geo=0.618283 (+61,828 PHP) val_geo=0.248170 (+24,817 PHP)
Epoch 028/50 | [PROFIT-LOG] train_loss=-0.000300 val_loss=-0.000694 | train_profit=0.605338 (+60,534 PHP) val_profit=0.237763 (+23,776 PHP) | train_geo=0.618283 (+61,828 PHP) val_geo=0.248170 (+24,817 PHP)
Epoch 029/50 | [PROFIT-LOG] train_loss=-0.000300 val_loss=-0.000694 | train_profit=0.605338 (+60,534 PHP) val_profit=0.237763 (+23,776 PHP) | train_geo=0.618283 (+61,828 PHP) val_geo=0.248170 (+24,817 PHP)
Epoch 030/50 | [PROFIT-LOG] train_loss=-0.000300 val_loss=-0.000694 | train_profit=0.605338 (+60,534 PHP) val_profit=0.237763 (+23,776 PHP) | train_geo=0.618283 (+61,828 PHP) val_geo=0.248170 (+24,817 PHP)
Epoch 031/50 | [PROFIT-LOG] train_loss=-0.000300 val_loss=-0.000694 | train_profit=0.605338 (+60,534 PHP) val_profit=0.237763 (+23,776 PHP) | train_geo=0.618283 (+61,828 PHP) val_geo=0.248170 (+24,817 PHP)
Epoch 032/50 | [PROFIT-LOG] train_loss=-0.000300 val_loss=-0.000694 | train_profit=0.605338 (+60,534 PHP) val_profit=0.237763 (+23,776 PHP) | train_geo=0.618283 (+61,828 PHP) val_geo=0.248170 (+24,817 PHP)
Epoch 033/50 | [PROFIT-LOG] train_loss=-0.000300 val_loss=-0.000694 | train_profit=0.605338 (+60,534 PHP) val_profit=0.237763 (+23,776 PHP) | train_geo=0.618283 (+61,828 PHP) val_geo=0.248170 (+24,817 PHP)
Epoch 034/50 | [PROFIT-LOG] train_loss=-0.000300 val_loss=-0.000694 | train_profit=0.605338 (+60,534 PHP) val_profit=0.237763 (+23,776 PHP) | train_geo=0.618283 (+61,828 PHP) val_geo=0.248170 (+24,817 PHP)
Epoch 035/50 | [PROFIT-LOG] train_loss=-0.000300 val_loss=-0.000694 | train_profit=0.605338 (+60,534 PHP) val_profit=0.237763 (+23,776 PHP) | train_geo=0.618283 (+61,828 PHP) val_geo=0.248170 (+24,817 PHP)
Epoch 036/50 | [PROFIT-LOG] train_loss=-0.000300 val_loss=-0.000694 | train_profit=0.605338 (+60,534 PHP) val_profit=0.237763 (+23,776 PHP) | train_geo=0.618283 (+61,828 PHP) val_geo=0.248170 (+24,817 PHP)
Epoch 037/50 | [PROFIT-LOG] train_loss=-0.000300 val_loss=-0.000694 | train_profit=0.605338 (+60,534 PHP) val_profit=0.237763 (+23,776 PHP) | train_geo=0.618283 (+61,828 PHP) val_geo=0.248170 (+24,817 PHP)
Epoch 038/50 | [PROFIT-LOG] train_loss=-0.000300 val_loss=-0.000694 | train_profit=0.605338 (+60,534 PHP) val_profit=0.237763 (+23,776 PHP) | train_geo=0.618283 (+61,828 PHP) val_geo=0.248170 (+24,817 PHP)
Epoch 039/50 | [PROFIT-LOG] train_loss=-0.000300 val_loss=-0.000694 | train_profit=0.605338 (+60,534 PHP) val_profit=0.237763 (+23,776 PHP) | train_geo=0.618283 (+61,828 PHP) val_geo=0.248170 (+24,817 PHP)
Epoch 040/50 | [PROFIT-LOG] train_loss=-0.000300 val_loss=-0.000694 | train_profit=0.605338 (+60,534 PHP) val_profit=0.237763 (+23,776 PHP) | train_geo=0.618283 (+61,828 PHP) val_geo=0.248170 (+24,817 PHP)
Epoch 041/50 | [PROFIT-LOG] train_loss=-0.000300 val_loss=-0.000694 | train_profit=0.605338 (+60,534 PHP) val_profit=0.237763 (+23,776 PHP) | train_geo=0.618283 (+61,828 PHP) val_geo=0.248170 (+24,817 PHP)
Epoch 042/50 | [PROFIT-LOG] train_loss=-0.000300 val_loss=-0.000694 | train_profit=0.605338 (+60,534 PHP) val_profit=0.237763 (+23,776 PHP) | train_geo=0.618283 (+61,828 PHP) val_geo=0.248170 (+24,817 PHP)
Epoch 043/50 | [PROFIT-LOG] train_loss=-0.000300 val_loss=-0.000694 | train_profit=0.605338 (+60,534 PHP) val_profit=0.237763 (+23,776 PHP) | train_geo=0.618283 (+61,828 PHP) val_geo=0.248170 (+24,817 PHP)
Epoch 044/50 | [PROFIT-LOG] train_loss=-0.000300 val_loss=-0.000694 | train_profit=0.605338 (+60,534 PHP) val_profit=0.237763 (+23,776 PHP) | train_geo=0.618283 (+61,828 PHP) val_geo=0.248170 (+24,817 PHP)
Epoch 045/50 | [PROFIT-LOG] train_loss=-0.000300 val_loss=-0.000694 | train_profit=0.605338 (+60,534 PHP) val_profit=0.237763 (+23,776 PHP) | train_geo=0.618283 (+61,828 PHP) val_geo=0.248170 (+24,817 PHP)
Epoch 046/50 | [PROFIT-LOG] train_loss=-0.000300 val_loss=-0.000694 | train_profit=0.605338 (+60,534 PHP) val_profit=0.237763 (+23,776 PHP) | train_geo=0.618283 (+61,828 PHP) val_geo=0.248170 (+24,817 PHP)
Epoch 047/50 | [PROFIT-LOG] train_loss=-0.000300 val_loss=-0.000694 | train_profit=0.605338 (+60,534 PHP) val_profit=0.237763 (+23,776 PHP) | train_geo=0.618283 (+61,828 PHP) val_geo=0.248170 (+24,817 PHP)
Epoch 048/50 | [PROFIT-LOG] train_loss=-0.000300 val_loss=-0.000694 | train_profit=0.605338 (+60,534 PHP) val_profit=0.237763 (+23,776 PHP) | train_geo=0.618283 (+61,828 PHP) val_geo=0.248170 (+24,817 PHP)
Epoch 049/50 | [PROFIT-LOG] train_loss=-0.000300 val_loss=-0.000694 | train_profit=0.605338 (+60,534 PHP) val_profit=0.237763 (+23,776 PHP) | train_geo=0.618283 (+61,828 PHP) val_geo=0.248170 (+24,817 PHP)
Epoch 050/50 | [PROFIT-LOG] train_loss=-0.000300 val_loss=-0.000694 | train_profit=0.605338 (+60,534 PHP) val_profit=0.237763 (+23,776 PHP) | train_geo=0.618283 (+61,828 PHP) val_geo=0.248170 (+24,817 PHP)
[11/23] KO         (mid   ) profit-log    dir_acc=0.494 cum_ret=+0.2567 geo_ret=+0.2671 sharpe=+1.138 (buy&hold=+0.2684 always_short=-0.2426) [5.2s] [DEGENERATE: constant signal]
Epoch 001/50 | [MSE] train_loss=0.000238 val_loss=0.000144 | train_profit=-1.532605 (-153,260 PHP) val_profit=-0.239625 (-23,963 PHP) | train_geo=-0.808133 (-80,813 PHP) val_geo=-0.230358 (-23,036 PHP)
Epoch 002/50 | [MSE] train_loss=0.000168 val_loss=0.000138 | train_profit=-1.506381 (-150,638 PHP) val_profit=0.108223 (+10,822 PHP) | train_geo=-0.803503 (-80,350 PHP) val_geo=0.090531 (+9,053 PHP)
Epoch 003/50 | [MSE] train_loss=0.000166 val_loss=0.000137 | train_profit=-1.300497 (-130,050 PHP) val_profit=-0.204101 (-20,410 PHP) | train_geo=-0.757972 (-75,797 PHP) val_geo=-0.202430 (-20,243 PHP)
Epoch 004/50 | [MSE] train_loss=0.000159 val_loss=0.000135 | train_profit=-1.350135 (-135,014 PHP) val_profit=0.012613 (+1,261 PHP) | train_geo=-0.769882 (-76,988 PHP) val_geo=-0.008924 (-892 PHP)
Epoch 005/50 | [MSE] train_loss=0.000159 val_loss=0.000135 | train_profit=-1.338461 (-133,846 PHP) val_profit=0.017266 (+1,727 PHP) | train_geo=-0.766896 (-76,690 PHP) val_geo=-0.004181 (-418 PHP)
Epoch 006/50 | [MSE] train_loss=0.000159 val_loss=0.000135 | train_profit=-1.110664 (-111,066 PHP) val_profit=0.242434 (+24,243 PHP) | train_geo=-0.707128 (-70,713 PHP) val_geo=0.247908 (+24,791 PHP)
Epoch 007/50 | [MSE] train_loss=0.000160 val_loss=0.000135 | train_profit=-1.554759 (-155,476 PHP) val_profit=0.054812 (+5,481 PHP) | train_geo=-0.812569 (-81,257 PHP) val_geo=0.033620 (+3,362 PHP)
Epoch 008/50 | [MSE] train_loss=0.000157 val_loss=0.000135 | train_profit=-1.280901 (-128,090 PHP) val_profit=0.064554 (+6,455 PHP) | train_geo=-0.753168 (-75,317 PHP) val_geo=0.043914 (+4,391 PHP)
Epoch 009/50 | [MSE] train_loss=0.000157 val_loss=0.000135 | train_profit=-1.616898 (-161,690 PHP) val_profit=0.226501 (+22,650 PHP) | train_geo=-0.823768 (-82,377 PHP) val_geo=0.227847 (+22,785 PHP)
Epoch 010/50 | [MSE] train_loss=0.000157 val_loss=0.000135 | train_profit=-1.203956 (-120,396 PHP) val_profit=0.139459 (+13,946 PHP) | train_geo=-0.733431 (-73,343 PHP) val_geo=0.125444 (+12,544 PHP)
Epoch 011/50 | [MSE] train_loss=0.000158 val_loss=0.000135 | train_profit=-2.041940 (-204,194 PHP) val_profit=-0.114013 (-11,401 PHP) | train_geo=-0.884927 (-88,493 PHP) val_geo=-0.127021 (-12,702 PHP)
Epoch 012/50 | [MSE] train_loss=0.000156 val_loss=0.000135 | train_profit=-0.717853 (-71,785 PHP) val_profit=-0.210770 (-21,077 PHP) | train_geo=-0.566561 (-56,656 PHP) val_geo=-0.207554 (-20,755 PHP)
Epoch 013/50 | [MSE] train_loss=0.000155 val_loss=0.000135 | train_profit=-0.949281 (-94,928 PHP) val_profit=0.008270 (+827 PHP) | train_geo=-0.656132 (-65,613 PHP) val_geo=-0.013455 (-1,345 PHP)
Epoch 014/50 | [MSE] train_loss=0.000155 val_loss=0.000135 | train_profit=-0.708790 (-70,879 PHP) val_profit=-0.168357 (-16,836 PHP) | train_geo=-0.562232 (-56,223 PHP) val_geo=-0.173190 (-17,319 PHP)
Epoch 015/50 | [MSE] train_loss=0.000154 val_loss=0.000135 | train_profit=-0.431562 (-43,156 PHP) val_profit=-0.034469 (-3,447 PHP) | train_geo=-0.422393 (-42,239 PHP) val_geo=-0.054324 (-5,432 PHP)
Epoch 016/50 | [MSE] train_loss=0.000157 val_loss=0.000135 | train_profit=-1.163504 (-116,350 PHP) val_profit=-0.152047 (-15,205 PHP) | train_geo=-0.722531 (-72,253 PHP) val_geo=-0.159627 (-15,963 PHP)
Early stopping at epoch 16: no improvement in val_loss for 10 epochs (best=0.000135 at epoch 6)
[12/23] JNJ        (mid   ) mse           dir_acc=0.487 cum_ret=-0.4424 geo_ret=-0.3723 sharpe=-1.835 (buy&hold=+0.8392 always_short=-0.4803) [1.4s]
Epoch 001/50 | train_loss=0.000401 val_loss=0.000255 | train_profit=-0.582358 (-58,236 PHP) val_profit=0.029762 (+2,976 PHP) | train_geo=-0.503275 (-50,327 PHP) val_geo=0.008133 (+813 PHP)
Epoch 002/50 | train_loss=0.000108 val_loss=0.000252 | train_profit=0.433028 (+43,303 PHP) val_profit=0.029762 (+2,976 PHP) | train_geo=0.371495 (+37,149 PHP) val_geo=0.008133 (+813 PHP)
Epoch 003/50 | train_loss=0.000048 val_loss=0.000091 | train_profit=0.433028 (+43,303 PHP) val_profit=0.029762 (+2,976 PHP) | train_geo=0.371495 (+37,149 PHP) val_geo=0.008133 (+813 PHP)
Epoch 004/50 | train_loss=0.000002 val_loss=0.000102 | train_profit=0.254462 (+25,446 PHP) val_profit=0.029762 (+2,976 PHP) | train_geo=0.147040 (+14,704 PHP) val_geo=0.008133 (+813 PHP)
Epoch 005/50 | train_loss=0.000050 val_loss=0.000185 | train_profit=0.215806 (+21,581 PHP) val_profit=0.029762 (+2,976 PHP) | train_geo=0.103482 (+10,348 PHP) val_geo=0.008133 (+813 PHP)
Epoch 006/50 | train_loss=0.000053 val_loss=0.000186 | train_profit=0.433028 (+43,303 PHP) val_profit=0.029762 (+2,976 PHP) | train_geo=0.371495 (+37,149 PHP) val_geo=0.008133 (+813 PHP)
Epoch 007/50 | train_loss=-0.000062 val_loss=0.000061 | train_profit=0.444547 (+44,455 PHP) val_profit=0.029762 (+2,976 PHP) | train_geo=0.387299 (+38,730 PHP) val_geo=0.008133 (+813 PHP)
Epoch 008/50 | train_loss=-0.000048 val_loss=0.000218 | train_profit=0.354686 (+35,469 PHP) val_profit=0.029762 (+2,976 PHP) | train_geo=0.267200 (+26,720 PHP) val_geo=0.008133 (+813 PHP)
Epoch 009/50 | train_loss=0.000080 val_loss=0.000225 | train_profit=0.433028 (+43,303 PHP) val_profit=0.029762 (+2,976 PHP) | train_geo=0.371495 (+37,149 PHP) val_geo=0.008133 (+813 PHP)
Epoch 010/50 | train_loss=0.000032 val_loss=0.000126 | train_profit=0.433028 (+43,303 PHP) val_profit=0.029762 (+2,976 PHP) | train_geo=0.371495 (+37,149 PHP) val_geo=0.008133 (+813 PHP)
Epoch 011/50 | train_loss=-0.000099 val_loss=-0.000017 | train_profit=0.433028 (+43,303 PHP) val_profit=0.029762 (+2,976 PHP) | train_geo=0.371495 (+37,149 PHP) val_geo=0.008133 (+813 PHP)
Epoch 012/50 | train_loss=-0.000145 val_loss=0.000006 | train_profit=0.433028 (+43,303 PHP) val_profit=0.029762 (+2,976 PHP) | train_geo=0.371495 (+37,149 PHP) val_geo=0.008133 (+813 PHP)
Epoch 013/50 | train_loss=-0.000151 val_loss=-0.000008 | train_profit=0.433028 (+43,303 PHP) val_profit=0.029762 (+2,976 PHP) | train_geo=0.371495 (+37,149 PHP) val_geo=0.008133 (+813 PHP)
Epoch 014/50 | train_loss=-0.000160 val_loss=-0.000013 | train_profit=0.433028 (+43,303 PHP) val_profit=0.029762 (+2,976 PHP) | train_geo=0.371495 (+37,149 PHP) val_geo=0.008133 (+813 PHP)
Epoch 015/50 | train_loss=-0.000146 val_loss=0.000016 | train_profit=0.433028 (+43,303 PHP) val_profit=0.029762 (+2,976 PHP) | train_geo=0.371495 (+37,149 PHP) val_geo=0.008133 (+813 PHP)
Epoch 016/50 | train_loss=-0.000151 val_loss=0.000005 | train_profit=0.433028 (+43,303 PHP) val_profit=0.029762 (+2,976 PHP) | train_geo=0.371495 (+37,149 PHP) val_geo=0.008133 (+813 PHP)
Epoch 017/50 | train_loss=-0.000130 val_loss=0.000103 | train_profit=0.440759 (+44,076 PHP) val_profit=0.029762 (+2,976 PHP) | train_geo=0.381870 (+38,187 PHP) val_geo=0.008133 (+813 PHP)
Epoch 018/50 | train_loss=-0.000069 val_loss=0.000036 | train_profit=0.433028 (+43,303 PHP) val_profit=0.029762 (+2,976 PHP) | train_geo=0.371495 (+37,149 PHP) val_geo=0.008133 (+813 PHP)
Epoch 019/50 | train_loss=-0.000146 val_loss=0.000010 | train_profit=0.502506 (+50,251 PHP) val_profit=0.029762 (+2,976 PHP) | train_geo=0.470160 (+47,016 PHP) val_geo=0.008133 (+813 PHP)
Epoch 020/50 | train_loss=-0.000183 val_loss=0.000047 | train_profit=0.645974 (+64,597 PHP) val_profit=0.068560 (+6,856 PHP) | train_geo=0.696097 (+69,610 PHP) val_geo=0.048037 (+4,804 PHP)
Epoch 021/50 | train_loss=-0.000223 val_loss=0.000039 | train_profit=0.695778 (+69,578 PHP) val_profit=0.029762 (+2,976 PHP) | train_geo=0.783829 (+78,383 PHP) val_geo=0.008133 (+813 PHP)
Early stopping at epoch 21: no improvement in val_loss for 10 epochs (best=-0.000017 at epoch 11)
[12/23] JNJ        (mid   ) profit-aware  dir_acc=0.559 cum_ret=+0.6307 geo_ret=+0.8374 sharpe=+2.668 (buy&hold=+0.8392 always_short=-0.4803) [2.2s] [DEGENERATE: constant signal]
Epoch 001/50 | [PROFIT-LOG] train_loss=0.000524 val_loss=0.000165 | train_profit=-1.147964 (-114,796 PHP) val_profit=-0.031762 (-3,176 PHP) | train_geo=-0.718182 (-71,818 PHP) val_geo=-0.051800 (-5,180 PHP)
Epoch 002/50 | [PROFIT-LOG] train_loss=0.000323 val_loss=0.000165 | train_profit=-0.435028 (-43,503 PHP) val_profit=-0.031762 (-3,176 PHP) | train_geo=-0.424145 (-42,415 PHP) val_geo=-0.051800 (-5,180 PHP)
Epoch 003/50 | [PROFIT-LOG] train_loss=0.000323 val_loss=0.000165 | train_profit=-0.435028 (-43,503 PHP) val_profit=-0.031762 (-3,176 PHP) | train_geo=-0.424145 (-42,415 PHP) val_geo=-0.051800 (-5,180 PHP)
Epoch 004/50 | [PROFIT-LOG] train_loss=0.000323 val_loss=0.000165 | train_profit=-0.435028 (-43,503 PHP) val_profit=-0.031762 (-3,176 PHP) | train_geo=-0.424145 (-42,415 PHP) val_geo=-0.051800 (-5,180 PHP)
Epoch 005/50 | [PROFIT-LOG] train_loss=0.000323 val_loss=0.000165 | train_profit=-0.435028 (-43,503 PHP) val_profit=-0.031762 (-3,176 PHP) | train_geo=-0.424145 (-42,415 PHP) val_geo=-0.051800 (-5,180 PHP)
Epoch 006/50 | [PROFIT-LOG] train_loss=0.000323 val_loss=0.000165 | train_profit=-0.435028 (-43,503 PHP) val_profit=-0.031762 (-3,176 PHP) | train_geo=-0.424145 (-42,415 PHP) val_geo=-0.051800 (-5,180 PHP)
Epoch 007/50 | [PROFIT-LOG] train_loss=0.000323 val_loss=0.000165 | train_profit=-0.435028 (-43,503 PHP) val_profit=-0.031762 (-3,176 PHP) | train_geo=-0.424145 (-42,415 PHP) val_geo=-0.051800 (-5,180 PHP)
Epoch 008/50 | [PROFIT-LOG] train_loss=0.000323 val_loss=0.000165 | train_profit=-0.435028 (-43,503 PHP) val_profit=-0.031762 (-3,176 PHP) | train_geo=-0.424145 (-42,415 PHP) val_geo=-0.051800 (-5,180 PHP)
Epoch 009/50 | [PROFIT-LOG] train_loss=0.000323 val_loss=0.000165 | train_profit=-0.435028 (-43,503 PHP) val_profit=-0.031762 (-3,176 PHP) | train_geo=-0.424145 (-42,415 PHP) val_geo=-0.051800 (-5,180 PHP)
Epoch 010/50 | [PROFIT-LOG] train_loss=0.000323 val_loss=0.000165 | train_profit=-0.435028 (-43,503 PHP) val_profit=-0.031762 (-3,176 PHP) | train_geo=-0.424145 (-42,415 PHP) val_geo=-0.051800 (-5,180 PHP)
Epoch 011/50 | [PROFIT-LOG] train_loss=0.000323 val_loss=0.000165 | train_profit=-0.435028 (-43,503 PHP) val_profit=-0.031762 (-3,176 PHP) | train_geo=-0.424145 (-42,415 PHP) val_geo=-0.051800 (-5,180 PHP)
Early stopping at epoch 11: no improvement in val_loss for 10 epochs (best=0.000165 at epoch 1)
[12/23] JNJ        (mid   ) profit-log    dir_acc=0.441 cum_ret=-0.6327 geo_ret=-0.4808 sharpe=-2.678 (buy&hold=+0.8392 always_short=-0.4803) [1.2s] [DEGENERATE: constant signal]
Epoch 001/50 | [MSE] train_loss=0.000711 val_loss=0.000558 | train_profit=-0.398214 (-39,821 PHP) val_profit=0.221865 (+22,187 PHP) | train_geo=-0.538616 (-53,862 PHP) val_geo=0.168607 (+16,861 PHP)
Epoch 002/50 | [MSE] train_loss=0.000602 val_loss=0.000483 | train_profit=-0.503920 (-50,392 PHP) val_profit=0.221865 (+22,187 PHP) | train_geo=-0.585979 (-58,598 PHP) val_geo=0.168607 (+16,861 PHP)
Epoch 003/50 | [MSE] train_loss=0.000538 val_loss=0.000474 | train_profit=0.476765 (+47,677 PHP) val_profit=0.221865 (+22,187 PHP) | train_geo=0.110855 (+11,085 PHP) val_geo=0.168607 (+16,861 PHP)
Epoch 004/50 | [MSE] train_loss=0.000527 val_loss=0.000452 | train_profit=1.527301 (+152,730 PHP) val_profit=0.221865 (+22,187 PHP) | train_geo=2.176754 (+217,675 PHP) val_geo=0.168607 (+16,861 PHP)
Epoch 005/50 | [MSE] train_loss=0.000519 val_loss=0.000480 | train_profit=1.072281 (+107,228 PHP) val_profit=0.221865 (+22,187 PHP) | train_geo=1.013127 (+101,313 PHP) val_geo=0.168607 (+16,861 PHP)
Epoch 006/50 | [MSE] train_loss=0.000525 val_loss=0.000476 | train_profit=0.721395 (+72,140 PHP) val_profit=0.221865 (+22,187 PHP) | train_geo=0.416089 (+41,609 PHP) val_geo=0.168607 (+16,861 PHP)
Epoch 007/50 | [MSE] train_loss=0.000526 val_loss=0.000477 | train_profit=0.295374 (+29,537 PHP) val_profit=0.221865 (+22,187 PHP) | train_geo=-0.077177 (-7,718 PHP) val_geo=0.168607 (+16,861 PHP)
Epoch 008/50 | [MSE] train_loss=0.000525 val_loss=0.000498 | train_profit=0.414042 (+41,404 PHP) val_profit=0.221865 (+22,187 PHP) | train_geo=0.040920 (+4,092 PHP) val_geo=0.168607 (+16,861 PHP)
Epoch 009/50 | [MSE] train_loss=0.000530 val_loss=0.000524 | train_profit=0.239668 (+23,967 PHP) val_profit=0.221865 (+22,187 PHP) | train_geo=-0.125823 (-12,582 PHP) val_geo=0.168607 (+16,861 PHP)
Epoch 010/50 | [MSE] train_loss=0.000539 val_loss=0.000546 | train_profit=0.411009 (+41,101 PHP) val_profit=0.221865 (+22,187 PHP) | train_geo=0.039062 (+3,906 PHP) val_geo=0.168607 (+16,861 PHP)
Epoch 011/50 | [MSE] train_loss=0.000549 val_loss=0.000558 | train_profit=-0.242150 (-24,215 PHP) val_profit=0.221865 (+22,187 PHP) | train_geo=-0.459831 (-45,983 PHP) val_geo=0.168607 (+16,861 PHP)
Epoch 012/50 | [MSE] train_loss=0.000559 val_loss=0.000509 | train_profit=0.258004 (+25,800 PHP) val_profit=0.221865 (+22,187 PHP) | train_geo=-0.107687 (-10,769 PHP) val_geo=0.168607 (+16,861 PHP)
Epoch 013/50 | [MSE] train_loss=0.000566 val_loss=0.000452 | train_profit=-0.615370 (-61,537 PHP) val_profit=0.221865 (+22,187 PHP) | train_geo=-0.628441 (-62,844 PHP) val_geo=0.168607 (+16,861 PHP)
Epoch 014/50 | [MSE] train_loss=0.000551 val_loss=0.000428 | train_profit=-1.290010 (-129,001 PHP) val_profit=0.157167 (+15,717 PHP) | train_geo=-0.810811 (-81,081 PHP) val_geo=0.095463 (+9,546 PHP)
Epoch 015/50 | [MSE] train_loss=0.000529 val_loss=0.000426 | train_profit=-1.864341 (-186,434 PHP) val_profit=0.173299 (+17,330 PHP) | train_geo=-0.893343 (-89,334 PHP) val_geo=0.113267 (+11,327 PHP)
Epoch 016/50 | [MSE] train_loss=0.000526 val_loss=0.000432 | train_profit=-0.986289 (-98,629 PHP) val_profit=0.126800 (+12,680 PHP) | train_geo=-0.743559 (-74,356 PHP) val_geo=0.062585 (+6,258 PHP)
Epoch 017/50 | [MSE] train_loss=0.000528 val_loss=0.000429 | train_profit=-0.636073 (-63,607 PHP) val_profit=0.127585 (+12,759 PHP) | train_geo=-0.635468 (-63,547 PHP) val_geo=0.063533 (+6,353 PHP)
Epoch 018/50 | [MSE] train_loss=0.000529 val_loss=0.000426 | train_profit=-0.797153 (-79,715 PHP) val_profit=-0.053020 (-5,302 PHP) | train_geo=-0.689684 (-68,968 PHP) val_geo=-0.113060 (-11,306 PHP)
Epoch 019/50 | [MSE] train_loss=0.000527 val_loss=0.000428 | train_profit=-0.485009 (-48,501 PHP) val_profit=0.182521 (+18,252 PHP) | train_geo=-0.575215 (-57,521 PHP) val_geo=0.124149 (+12,415 PHP)
Epoch 020/50 | [MSE] train_loss=0.000523 val_loss=0.000428 | train_profit=-1.441536 (-144,154 PHP) val_profit=-0.068322 (-6,832 PHP) | train_geo=-0.837291 (-83,729 PHP) val_geo=-0.126534 (-12,653 PHP)
Epoch 021/50 | [MSE] train_loss=0.000527 val_loss=0.000427 | train_profit=-1.068137 (-106,814 PHP) val_profit=0.259347 (+25,935 PHP) | train_geo=-0.763452 (-76,345 PHP) val_geo=0.213935 (+21,394 PHP)
Epoch 022/50 | [MSE] train_loss=0.000525 val_loss=0.000426 | train_profit=-1.308622 (-130,862 PHP) val_profit=0.205660 (+20,566 PHP) | train_geo=-0.814434 (-81,443 PHP) val_geo=0.150209 (+15,021 PHP)
Epoch 023/50 | [MSE] train_loss=0.000523 val_loss=0.000426 | train_profit=-1.043731 (-104,373 PHP) val_profit=-0.092292 (-9,229 PHP) | train_geo=-0.757726 (-75,773 PHP) val_geo=-0.147230 (-14,723 PHP)
Epoch 024/50 | [MSE] train_loss=0.000523 val_loss=0.000426 | train_profit=-1.064309 (-106,431 PHP) val_profit=-0.068322 (-6,832 PHP) | train_geo=-0.762754 (-76,275 PHP) val_geo=-0.126534 (-12,653 PHP)
Epoch 025/50 | [MSE] train_loss=0.000522 val_loss=0.000426 | train_profit=-0.752152 (-75,215 PHP) val_profit=0.221345 (+22,135 PHP) | train_geo=-0.675400 (-67,540 PHP) val_geo=0.168706 (+16,871 PHP)
Early stopping at epoch 25: no improvement in val_loss for 10 epochs (best=0.000426 at epoch 15)
[13/23] AMZN       (mid   ) mse           dir_acc=0.527 cum_ret=+0.1577 geo_ret=+0.0941 sharpe=+0.377 (buy&hold=+0.2557 always_short=-0.3058) [3.5s]
Epoch 001/50 | train_loss=-0.000223 val_loss=0.000869 | train_profit=1.592836 (+159,284 PHP) val_profit=-0.050913 (-5,091 PHP) | train_geo=2.396745 (+239,674 PHP) val_geo=-0.111037 (-11,104 PHP)
Epoch 002/50 | train_loss=0.001304 val_loss=0.001335 | train_profit=-0.667149 (-66,715 PHP) val_profit=-0.256778 (-25,678 PHP) | train_geo=-0.647499 (-64,750 PHP) val_geo=-0.276365 (-27,636 PHP)
Epoch 003/50 | train_loss=0.001025 val_loss=0.000072 | train_profit=-0.358556 (-35,856 PHP) val_profit=0.064902 (+6,490 PHP) | train_geo=-0.519700 (-51,970 PHP) val_geo=-0.001320 (-132 PHP)
Epoch 004/50 | train_loss=0.001154 val_loss=0.000890 | train_profit=-0.772892 (-77,289 PHP) val_profit=-0.079940 (-7,994 PHP) | train_geo=-0.682695 (-68,270 PHP) val_geo=-0.136097 (-13,610 PHP)
Epoch 005/50 | train_loss=0.000639 val_loss=-0.000695 | train_profit=0.274080 (+27,408 PHP) val_profit=0.429454 (+42,945 PHP) | train_geo=-0.095610 (-9,561 PHP) val_geo=0.438256 (+43,826 PHP)
Epoch 006/50 | train_loss=-0.000220 val_loss=0.001773 | train_profit=1.017838 (+101,784 PHP) val_profit=-0.373537 (-37,354 PHP) | train_geo=0.908700 (+90,870 PHP) val_geo=-0.356523 (-35,652 PHP)
Epoch 007/50 | train_loss=0.000028 val_loss=0.000263 | train_profit=1.033477 (+103,348 PHP) val_profit=0.221865 (+22,187 PHP) | train_geo=0.936945 (+93,694 PHP) val_geo=0.168607 (+16,861 PHP)
Epoch 008/50 | train_loss=-0.000265 val_loss=0.000534 | train_profit=1.103545 (+110,354 PHP) val_profit=0.023021 (+2,302 PHP) | train_geo=1.077563 (+107,756 PHP) val_geo=-0.043074 (-4,307 PHP)
Epoch 009/50 | train_loss=-0.000434 val_loss=0.000340 | train_profit=0.934854 (+93,485 PHP) val_profit=-0.076476 (-7,648 PHP) | train_geo=0.754915 (+75,491 PHP) val_geo=-0.133672 (-13,367 PHP)
Epoch 010/50 | train_loss=-0.000568 val_loss=-0.000251 | train_profit=1.095791 (+109,579 PHP) val_profit=0.221865 (+22,187 PHP) | train_geo=1.061552 (+106,155 PHP) val_geo=0.168607 (+16,861 PHP)
Epoch 011/50 | train_loss=-0.000465 val_loss=0.000060 | train_profit=1.127938 (+112,794 PHP) val_profit=0.237223 (+23,722 PHP) | train_geo=1.128391 (+112,839 PHP) val_geo=0.186883 (+18,688 PHP)
Epoch 012/50 | train_loss=-0.000316 val_loss=0.000094 | train_profit=1.098465 (+109,847 PHP) val_profit=0.221865 (+22,187 PHP) | train_geo=1.067203 (+106,720 PHP) val_geo=0.168607 (+16,861 PHP)
Epoch 013/50 | train_loss=-0.000386 val_loss=-0.000267 | train_profit=1.158316 (+115,832 PHP) val_profit=0.221865 (+22,187 PHP) | train_geo=1.194662 (+119,466 PHP) val_geo=0.168607 (+16,861 PHP)
Epoch 014/50 | train_loss=-0.000570 val_loss=0.000020 | train_profit=1.020678 (+102,068 PHP) val_profit=0.237223 (+23,722 PHP) | train_geo=0.912306 (+91,231 PHP) val_geo=0.186883 (+18,688 PHP)
Epoch 015/50 | train_loss=-0.000596 val_loss=-0.000250 | train_profit=1.227830 (+122,783 PHP) val_profit=0.221865 (+22,187 PHP) | train_geo=1.353218 (+135,322 PHP) val_geo=0.168607 (+16,861 PHP)
Early stopping at epoch 15: no improvement in val_loss for 10 epochs (best=-0.000695 at epoch 5)
[13/23] AMZN       (mid   ) profit-aware  dir_acc=0.483 cum_ret=-0.1415 geo_ret=-0.1909 sharpe=-0.338 (buy&hold=+0.2557 always_short=-0.3058) [4.2s]
Epoch 001/50 | [PROFIT-LOG] train_loss=-0.000627 val_loss=-0.000002 | train_profit=1.550577 (+155,058 PHP) val_profit=0.167609 (+16,761 PHP) | train_geo=2.254498 (+225,450 PHP) val_geo=0.106166 (+10,617 PHP)
Epoch 002/50 | [PROFIT-LOG] train_loss=-0.000143 val_loss=0.000771 | train_profit=0.546400 (+54,640 PHP) val_profit=-0.190484 (-19,048 PHP) | train_geo=0.189342 (+18,934 PHP) val_geo=-0.227097 (-22,710 PHP)
Epoch 003/50 | [PROFIT-LOG] train_loss=0.000252 val_loss=0.000377 | train_profit=0.199244 (+19,924 PHP) val_profit=-0.156973 (-15,697 PHP) | train_geo=-0.160102 (-16,010 PHP) val_geo=-0.200533 (-20,053 PHP)
Epoch 004/50 | [PROFIT-LOG] train_loss=-0.000256 val_loss=0.000849 | train_profit=0.827655 (+82,765 PHP) val_profit=-0.118721 (-11,872 PHP) | train_geo=0.574405 (+57,440 PHP) val_geo=-0.169280 (-16,928 PHP)
Epoch 005/50 | [PROFIT-LOG] train_loss=-0.000193 val_loss=0.000848 | train_profit=0.785742 (+78,574 PHP) val_profit=-0.244136 (-24,414 PHP) | train_geo=0.510366 (+51,037 PHP) val_geo=-0.267515 (-26,751 PHP)
Epoch 006/50 | [PROFIT-LOG] train_loss=-0.000306 val_loss=0.001045 | train_profit=1.014656 (+101,466 PHP) val_profit=-0.294415 (-29,442 PHP) | train_geo=0.898619 (+89,862 PHP) val_geo=-0.303505 (-30,350 PHP)
Epoch 007/50 | [PROFIT-LOG] train_loss=-0.000315 val_loss=0.000310 | train_profit=0.736403 (+73,640 PHP) val_profit=-0.015323 (-1,532 PHP) | train_geo=0.437241 (+43,724 PHP) val_geo=-0.078690 (-7,869 PHP)
Epoch 008/50 | [PROFIT-LOG] train_loss=0.000248 val_loss=0.000464 | train_profit=0.328114 (+32,811 PHP) val_profit=-0.007978 (-798 PHP) | train_geo=-0.045121 (-4,512 PHP) val_geo=-0.071644 (-7,164 PHP)
Epoch 009/50 | [PROFIT-LOG] train_loss=-0.000659 val_loss=0.000784 | train_profit=0.887844 (+88,784 PHP) val_profit=-0.171347 (-17,135 PHP) | train_geo=0.673039 (+67,304 PHP) val_geo=-0.212133 (-21,213 PHP)
Epoch 010/50 | [PROFIT-LOG] train_loss=-0.001170 val_loss=0.000335 | train_profit=1.665208 (+166,521 PHP) val_profit=-0.046568 (-4,657 PHP) | train_geo=2.650996 (+265,100 PHP) val_geo=-0.107281 (-10,728 PHP)
Epoch 011/50 | [PROFIT-LOG] train_loss=-0.001093 val_loss=0.001055 | train_profit=1.571323 (+157,132 PHP) val_profit=-0.242116 (-24,212 PHP) | train_geo=2.318095 (+231,810 PHP) val_geo=-0.266032 (-26,603 PHP)
Early stopping at epoch 11: no improvement in val_loss for 10 epochs (best=-0.000002 at epoch 1)
[13/23] AMZN       (mid   ) profit-log    dir_acc=0.480 cum_ret=-0.3247 geo_ret=-0.3265 sharpe=-0.777 (buy&hold=+0.2557 always_short=-0.3058) [3.0s]
Epoch 001/50 | [MSE] train_loss=0.000266 val_loss=0.000230 | train_profit=-0.553603 (-55,360 PHP) val_profit=0.425670 (+42,567 PHP) | train_geo=-0.501748 (-50,175 PHP) val_geo=0.479826 (+47,983 PHP)
Epoch 002/50 | [MSE] train_loss=0.000208 val_loss=0.000222 | train_profit=-1.178851 (-117,885 PHP) val_profit=-0.352232 (-35,223 PHP) | train_geo=-0.732991 (-73,299 PHP) val_geo=-0.320761 (-32,076 PHP)
Epoch 003/50 | [MSE] train_loss=0.000200 val_loss=0.000214 | train_profit=-0.853394 (-85,339 PHP) val_profit=0.539910 (+53,991 PHP) | train_geo=-0.630463 (-63,046 PHP) val_geo=0.658896 (+65,890 PHP)
Epoch 004/50 | [MSE] train_loss=0.000194 val_loss=0.000213 | train_profit=-1.059543 (-105,954 PHP) val_profit=0.529426 (+52,943 PHP) | train_geo=-0.699274 (-69,927 PHP) val_geo=0.641587 (+64,159 PHP)
Epoch 005/50 | [MSE] train_loss=0.000190 val_loss=0.000214 | train_profit=-0.454122 (-45,412 PHP) val_profit=0.326414 (+32,641 PHP) | train_geo=-0.448817 (-44,882 PHP) val_geo=0.340153 (+34,015 PHP)
Epoch 006/50 | [MSE] train_loss=0.000192 val_loss=0.000213 | train_profit=-0.387967 (-38,797 PHP) val_profit=0.399595 (+39,959 PHP) | train_geo=-0.410579 (-41,058 PHP) val_geo=0.441614 (+44,161 PHP)
Epoch 007/50 | [MSE] train_loss=0.000191 val_loss=0.000215 | train_profit=-1.076800 (-107,680 PHP) val_profit=0.197208 (+19,721 PHP) | train_geo=-0.704586 (-70,459 PHP) val_geo=0.177449 (+17,745 PHP)
Epoch 008/50 | [MSE] train_loss=0.000188 val_loss=0.000215 | train_profit=0.162351 (+16,235 PHP) val_profit=-0.246523 (-24,652 PHP) | train_geo=0.021650 (+2,165 PHP) val_geo=-0.245054 (-24,505 PHP)
Epoch 009/50 | [MSE] train_loss=0.000190 val_loss=0.000215 | train_profit=-0.475757 (-47,576 PHP) val_profit=-0.032309 (-3,231 PHP) | train_geo=-0.460984 (-46,098 PHP) val_geo=-0.064312 (-6,431 PHP)
Epoch 010/50 | [MSE] train_loss=0.000189 val_loss=0.000216 | train_profit=-0.574023 (-57,402 PHP) val_profit=-0.170887 (-17,089 PHP) | train_geo=-0.511402 (-51,140 PHP) val_geo=-0.185618 (-18,562 PHP)
Epoch 011/50 | [MSE] train_loss=0.000190 val_loss=0.000216 | train_profit=-1.083298 (-108,330 PHP) val_profit=-0.335748 (-33,575 PHP) | train_geo=-0.706748 (-70,675 PHP) val_geo=-0.309653 (-30,965 PHP)
Epoch 012/50 | [MSE] train_loss=0.000188 val_loss=0.000215 | train_profit=-0.253090 (-25,309 PHP) val_profit=-0.196112 (-19,611 PHP) | train_geo=-0.326993 (-32,699 PHP) val_geo=-0.206033 (-20,603 PHP)
Epoch 013/50 | [MSE] train_loss=0.000188 val_loss=0.000216 | train_profit=-0.552058 (-55,206 PHP) val_profit=-0.259799 (-25,980 PHP) | train_geo=-0.500857 (-50,086 PHP) val_geo=-0.255024 (-25,502 PHP)
Epoch 014/50 | [MSE] train_loss=0.000189 val_loss=0.000216 | train_profit=-1.089445 (-108,945 PHP) val_profit=-0.336750 (-33,675 PHP) | train_geo=-0.708627 (-70,863 PHP) val_geo=-0.310449 (-31,045 PHP)
Early stopping at epoch 14: no improvement in val_loss for 10 epochs (best=0.000213 at epoch 4)
[14/23] WMT        (mid   ) mse           dir_acc=0.519 cum_ret=+0.2206 geo_ret=+0.2001 sharpe=+0.710 (buy&hold=+0.1160 always_short=-0.1698) [3.3s]
Epoch 001/50 | train_loss=-0.000342 val_loss=-0.001611 | train_profit=0.807989 (+80,799 PHP) val_profit=0.581301 (+58,130 PHP) | train_geo=0.947204 (+94,720 PHP) val_geo=0.729053 (+72,905 PHP)
Epoch 002/50 | train_loss=-0.000421 val_loss=-0.001248 | train_profit=0.646577 (+64,658 PHP) val_profit=0.552314 (+55,231 PHP) | train_geo=0.656538 (+65,654 PHP) val_geo=0.679761 (+67,976 PHP)
Epoch 003/50 | train_loss=-0.000080 val_loss=0.001019 | train_profit=0.038929 (+3,893 PHP) val_profit=-0.304038 (-30,404 PHP) | train_geo=-0.098361 (-9,836 PHP) val_geo=-0.287510 (-28,751 PHP)
Epoch 004/50 | train_loss=-0.000213 val_loss=-0.001286 | train_profit=0.722969 (+72,297 PHP) val_profit=0.554450 (+55,445 PHP) | train_geo=0.785977 (+78,598 PHP) val_geo=0.683267 (+68,327 PHP)
Epoch 005/50 | train_loss=-0.000352 val_loss=-0.000979 | train_profit=0.881905 (+88,191 PHP) val_profit=0.413676 (+41,368 PHP) | train_geo=1.097048 (+109,705 PHP) val_geo=0.462161 (+46,216 PHP)
Epoch 006/50 | train_loss=-0.000361 val_loss=-0.001076 | train_profit=0.971827 (+97,183 PHP) val_profit=0.438241 (+43,824 PHP) | train_geo=1.294241 (+129,424 PHP) val_geo=0.498593 (+49,859 PHP)
Epoch 007/50 | train_loss=-0.000480 val_loss=-0.000944 | train_profit=1.168119 (+116,812 PHP) val_profit=0.429873 (+42,987 PHP) | train_geo=1.793607 (+179,361 PHP) val_geo=0.486034 (+48,603 PHP)
Epoch 008/50 | train_loss=-0.000556 val_loss=-0.001342 | train_profit=1.238595 (+123,860 PHP) val_profit=0.546137 (+54,614 PHP) | train_geo=1.996989 (+199,699 PHP) val_geo=0.669275 (+66,928 PHP)
Epoch 009/50 | train_loss=-0.000482 val_loss=-0.000538 | train_profit=1.021820 (+102,182 PHP) val_profit=0.256654 (+25,665 PHP) | train_geo=1.412585 (+141,259 PHP) val_geo=0.249411 (+24,941 PHP)
Epoch 010/50 | train_loss=-0.000411 val_loss=-0.001491 | train_profit=0.951318 (+95,132 PHP) val_profit=0.539910 (+53,991 PHP) | train_geo=1.247608 (+124,761 PHP) val_geo=0.658896 (+65,890 PHP)
Epoch 011/50 | train_loss=-0.000525 val_loss=-0.000831 | train_profit=1.088986 (+108,899 PHP) val_profit=0.286752 (+28,675 PHP) | train_geo=1.579446 (+157,945 PHP) val_geo=0.287566 (+28,757 PHP)
Early stopping at epoch 11: no improvement in val_loss for 10 epochs (best=-0.001611 at epoch 1)
[14/23] WMT        (mid   ) profit-aware  dir_acc=0.509 cum_ret=+0.1471 geo_ret=+0.1149 sharpe=+0.473 (buy&hold=+0.1160 always_short=-0.1698) [3.2s] [DEGENERATE: constant signal]
Epoch 001/50 | [PROFIT-LOG] train_loss=-0.000470 val_loss=-0.001712 | train_profit=0.758693 (+75,869 PHP) val_profit=0.581301 (+58,130 PHP) | train_geo=0.853543 (+85,354 PHP) val_geo=0.729053 (+72,905 PHP)
Epoch 002/50 | [PROFIT-LOG] train_loss=-0.000547 val_loss=-0.001712 | train_profit=0.891132 (+89,113 PHP) val_profit=0.581301 (+58,130 PHP) | train_geo=1.116176 (+111,618 PHP) val_geo=0.729053 (+72,905 PHP)
Epoch 003/50 | [PROFIT-LOG] train_loss=-0.000547 val_loss=-0.001712 | train_profit=0.891132 (+89,113 PHP) val_profit=0.581301 (+58,130 PHP) | train_geo=1.116176 (+111,618 PHP) val_geo=0.729053 (+72,905 PHP)
Epoch 004/50 | [PROFIT-LOG] train_loss=-0.000547 val_loss=-0.001712 | train_profit=0.891132 (+89,113 PHP) val_profit=0.581301 (+58,130 PHP) | train_geo=1.116176 (+111,618 PHP) val_geo=0.729053 (+72,905 PHP)
Epoch 005/50 | [PROFIT-LOG] train_loss=-0.000547 val_loss=-0.001712 | train_profit=0.891132 (+89,113 PHP) val_profit=0.581301 (+58,130 PHP) | train_geo=1.116176 (+111,618 PHP) val_geo=0.729053 (+72,905 PHP)
Epoch 006/50 | [PROFIT-LOG] train_loss=-0.000547 val_loss=-0.001712 | train_profit=0.891132 (+89,113 PHP) val_profit=0.581301 (+58,130 PHP) | train_geo=1.116176 (+111,618 PHP) val_geo=0.729053 (+72,905 PHP)
Epoch 007/50 | [PROFIT-LOG] train_loss=-0.000547 val_loss=-0.001712 | train_profit=0.891132 (+89,113 PHP) val_profit=0.581301 (+58,130 PHP) | train_geo=1.116176 (+111,618 PHP) val_geo=0.729053 (+72,905 PHP)
Epoch 008/50 | [PROFIT-LOG] train_loss=-0.000547 val_loss=-0.001712 | train_profit=0.891132 (+89,113 PHP) val_profit=0.581301 (+58,130 PHP) | train_geo=1.116176 (+111,618 PHP) val_geo=0.729053 (+72,905 PHP)
Epoch 009/50 | [PROFIT-LOG] train_loss=-0.000547 val_loss=-0.001712 | train_profit=0.891132 (+89,113 PHP) val_profit=0.581301 (+58,130 PHP) | train_geo=1.116176 (+111,618 PHP) val_geo=0.729053 (+72,905 PHP)
Epoch 010/50 | [PROFIT-LOG] train_loss=-0.000547 val_loss=-0.001712 | train_profit=0.891132 (+89,113 PHP) val_profit=0.581301 (+58,130 PHP) | train_geo=1.116176 (+111,618 PHP) val_geo=0.729053 (+72,905 PHP)
Epoch 011/50 | [PROFIT-LOG] train_loss=-0.000547 val_loss=-0.001712 | train_profit=0.891132 (+89,113 PHP) val_profit=0.581301 (+58,130 PHP) | train_geo=1.116176 (+111,618 PHP) val_geo=0.729053 (+72,905 PHP)
Epoch 012/50 | [PROFIT-LOG] train_loss=-0.000547 val_loss=-0.001712 | train_profit=0.891132 (+89,113 PHP) val_profit=0.581301 (+58,130 PHP) | train_geo=1.116176 (+111,618 PHP) val_geo=0.729053 (+72,905 PHP)
Epoch 013/50 | [PROFIT-LOG] train_loss=-0.000547 val_loss=-0.001712 | train_profit=0.891132 (+89,113 PHP) val_profit=0.581301 (+58,130 PHP) | train_geo=1.116176 (+111,618 PHP) val_geo=0.729053 (+72,905 PHP)
Epoch 014/50 | [PROFIT-LOG] train_loss=-0.000547 val_loss=-0.001712 | train_profit=0.891132 (+89,113 PHP) val_profit=0.581301 (+58,130 PHP) | train_geo=1.116176 (+111,618 PHP) val_geo=0.729053 (+72,905 PHP)
Epoch 015/50 | [PROFIT-LOG] train_loss=-0.000547 val_loss=-0.001712 | train_profit=0.891132 (+89,113 PHP) val_profit=0.581301 (+58,130 PHP) | train_geo=1.116176 (+111,618 PHP) val_geo=0.729053 (+72,905 PHP)
Epoch 016/50 | [PROFIT-LOG] train_loss=-0.000547 val_loss=-0.001712 | train_profit=0.891132 (+89,113 PHP) val_profit=0.581301 (+58,130 PHP) | train_geo=1.116176 (+111,618 PHP) val_geo=0.729053 (+72,905 PHP)
Epoch 017/50 | [PROFIT-LOG] train_loss=-0.000547 val_loss=-0.001712 | train_profit=0.891132 (+89,113 PHP) val_profit=0.581301 (+58,130 PHP) | train_geo=1.116176 (+111,618 PHP) val_geo=0.729053 (+72,905 PHP)
Epoch 018/50 | [PROFIT-LOG] train_loss=-0.000547 val_loss=-0.001712 | train_profit=0.891132 (+89,113 PHP) val_profit=0.581301 (+58,130 PHP) | train_geo=1.116176 (+111,618 PHP) val_geo=0.729053 (+72,905 PHP)
Epoch 019/50 | [PROFIT-LOG] train_loss=-0.000547 val_loss=-0.001712 | train_profit=0.891132 (+89,113 PHP) val_profit=0.581301 (+58,130 PHP) | train_geo=1.116176 (+111,618 PHP) val_geo=0.729053 (+72,905 PHP)
Epoch 020/50 | [PROFIT-LOG] train_loss=-0.000547 val_loss=-0.001712 | train_profit=0.891132 (+89,113 PHP) val_profit=0.581301 (+58,130 PHP) | train_geo=1.116176 (+111,618 PHP) val_geo=0.729053 (+72,905 PHP)
Epoch 021/50 | [PROFIT-LOG] train_loss=-0.000547 val_loss=-0.001712 | train_profit=0.891132 (+89,113 PHP) val_profit=0.581301 (+58,130 PHP) | train_geo=1.116176 (+111,618 PHP) val_geo=0.729053 (+72,905 PHP)
Epoch 022/50 | [PROFIT-LOG] train_loss=-0.000547 val_loss=-0.001712 | train_profit=0.891132 (+89,113 PHP) val_profit=0.581301 (+58,130 PHP) | train_geo=1.116176 (+111,618 PHP) val_geo=0.729053 (+72,905 PHP)
Epoch 023/50 | [PROFIT-LOG] train_loss=-0.000547 val_loss=-0.001712 | train_profit=0.891132 (+89,113 PHP) val_profit=0.581301 (+58,130 PHP) | train_geo=1.116176 (+111,618 PHP) val_geo=0.729053 (+72,905 PHP)
Epoch 024/50 | [PROFIT-LOG] train_loss=-0.000547 val_loss=-0.001712 | train_profit=0.891132 (+89,113 PHP) val_profit=0.581301 (+58,130 PHP) | train_geo=1.116176 (+111,618 PHP) val_geo=0.729053 (+72,905 PHP)
Epoch 025/50 | [PROFIT-LOG] train_loss=-0.000547 val_loss=-0.001712 | train_profit=0.891132 (+89,113 PHP) val_profit=0.581301 (+58,130 PHP) | train_geo=1.116176 (+111,618 PHP) val_geo=0.729053 (+72,905 PHP)
Epoch 026/50 | [PROFIT-LOG] train_loss=-0.000547 val_loss=-0.001712 | train_profit=0.891132 (+89,113 PHP) val_profit=0.581301 (+58,130 PHP) | train_geo=1.116176 (+111,618 PHP) val_geo=0.729053 (+72,905 PHP)
Epoch 027/50 | [PROFIT-LOG] train_loss=-0.000547 val_loss=-0.001712 | train_profit=0.891132 (+89,113 PHP) val_profit=0.581301 (+58,130 PHP) | train_geo=1.116176 (+111,618 PHP) val_geo=0.729053 (+72,905 PHP)
Early stopping at epoch 27: no improvement in val_loss for 10 epochs (best=-0.001712 at epoch 17)
[14/23] WMT        (mid   ) profit-log    dir_acc=0.509 cum_ret=+0.1471 geo_ret=+0.1149 sharpe=+0.473 (buy&hold=+0.1160 always_short=-0.1698) [7.1s] [DEGENERATE: constant signal]
Epoch 001/50 | [MSE] train_loss=0.000844 val_loss=0.001502 | train_profit=-0.027928 (-2,793 PHP) val_profit=-0.478546 (-47,855 PHP) | train_geo=-0.365051 (-36,505 PHP) val_geo=-0.504254 (-50,425 PHP)
Epoch 002/50 | [MSE] train_loss=0.000677 val_loss=0.001401 | train_profit=0.369985 (+36,998 PHP) val_profit=-0.350791 (-35,079 PHP) | train_geo=-0.060075 (-6,007 PHP) val_geo=-0.436400 (-43,640 PHP)
Epoch 003/50 | [MSE] train_loss=0.000642 val_loss=0.001382 | train_profit=-0.220275 (-22,028 PHP) val_profit=-0.483311 (-48,331 PHP) | train_geo=-0.480273 (-48,027 PHP) val_geo=-0.506549 (-50,655 PHP)
Epoch 004/50 | [MSE] train_loss=0.000623 val_loss=0.001377 | train_profit=0.073174 (+7,317 PHP) val_profit=0.075687 (+7,569 PHP) | train_geo=-0.300601 (-30,060 PHP) val_geo=-0.135388 (-13,539 PHP)
Epoch 005/50 | [MSE] train_loss=0.000595 val_loss=0.001396 | train_profit=1.439147 (+143,915 PHP) val_profit=-0.304256 (-30,426 PHP) | train_geo=1.760305 (+176,030 PHP) val_geo=-0.409545 (-40,954 PHP)
Epoch 006/50 | [MSE] train_loss=0.000613 val_loss=0.001387 | train_profit=-0.497308 (-49,731 PHP) val_profit=-0.084917 (-8,492 PHP) | train_geo=-0.606817 (-60,682 PHP) val_geo=-0.264467 (-26,447 PHP)
Epoch 007/50 | [MSE] train_loss=0.000602 val_loss=0.001389 | train_profit=0.989361 (+98,936 PHP) val_profit=-0.190566 (-19,057 PHP) | train_geo=0.758686 (+75,869 PHP) val_geo=-0.338326 (-33,833 PHP)
Epoch 008/50 | [MSE] train_loss=0.000607 val_loss=0.001400 | train_profit=-1.493204 (-149,320 PHP) val_profit=-0.227230 (-22,723 PHP) | train_geo=-0.855355 (-85,536 PHP) val_geo=-0.362110 (-36,211 PHP)
Epoch 009/50 | [MSE] train_loss=0.000604 val_loss=0.001391 | train_profit=0.639293 (+63,929 PHP) val_profit=-0.161115 (-16,111 PHP) | train_geo=0.240968 (+24,097 PHP) val_geo=-0.318520 (-31,852 PHP)
Epoch 010/50 | [MSE] train_loss=0.000601 val_loss=0.001389 | train_profit=-0.313917 (-31,392 PHP) val_profit=-0.541033 (-54,103 PHP) | train_geo=-0.523834 (-52,383 PHP) val_geo=-0.535589 (-53,559 PHP)
Epoch 011/50 | [MSE] train_loss=0.000600 val_loss=0.001387 | train_profit=-0.395440 (-39,544 PHP) val_profit=-0.076888 (-7,689 PHP) | train_geo=-0.561941 (-56,194 PHP) val_geo=-0.258896 (-25,890 PHP)
Epoch 012/50 | [MSE] train_loss=0.000600 val_loss=0.001388 | train_profit=-0.439770 (-43,977 PHP) val_profit=-0.153912 (-15,391 PHP) | train_geo=-0.581041 (-58,104 PHP) val_geo=-0.313809 (-31,381 PHP)
Epoch 013/50 | [MSE] train_loss=0.000600 val_loss=0.001393 | train_profit=-0.156409 (-15,641 PHP) val_profit=-0.175195 (-17,519 PHP) | train_geo=-0.444201 (-44,420 PHP) val_geo=-0.328160 (-32,816 PHP)
Epoch 014/50 | [MSE] train_loss=0.000591 val_loss=0.001396 | train_profit=1.177827 (+117,783 PHP) val_profit=-0.293137 (-29,314 PHP) | train_geo=1.134812 (+113,481 PHP) val_geo=-0.403077 (-40,308 PHP)
Early stopping at epoch 14: no improvement in val_loss for 10 epochs (best=0.001377 at epoch 4)
[15/23] INTC       (weak  ) mse           dir_acc=0.524 cum_ret=+1.9220 geo_ret=+3.8300 sharpe=+2.057 (buy&hold=+3.3296 always_short=-0.8858) [3.1s]
Epoch 001/50 | train_loss=0.000284 val_loss=-0.002641 | train_profit=-0.436360 (-43,636 PHP) val_profit=1.302342 (+130,234 PHP) | train_geo=-0.579738 (-57,974 PHP) val_geo=1.966219 (+196,622 PHP)
Epoch 002/50 | train_loss=-0.001147 val_loss=0.001926 | train_profit=2.037328 (+203,733 PHP) val_profit=-0.592650 (-59,265 PHP) | train_geo=4.014724 (+401,472 PHP) val_geo=-0.560981 (-56,098 PHP)
Epoch 003/50 | train_loss=-0.000961 val_loss=0.002174 | train_profit=1.802534 (+180,253 PHP) val_profit=-0.637959 (-63,796 PHP) | train_geo=2.958539 (+295,854 PHP) val_geo=-0.580372 (-58,037 PHP)
Epoch 004/50 | train_loss=-0.000500 val_loss=-0.000064 | train_profit=1.407516 (+140,752 PHP) val_profit=-0.089898 (-8,990 PHP) | train_geo=1.658149 (+165,815 PHP) val_geo=-0.273451 (-27,345 PHP)
Epoch 005/50 | train_loss=-0.000951 val_loss=0.000773 | train_profit=2.231425 (+223,143 PHP) val_profit=-0.019571 (-1,957 PHP) | train_geo=5.090969 (+509,097 PHP) val_geo=-0.220350 (-22,035 PHP)
Epoch 006/50 | train_loss=-0.000783 val_loss=-0.000049 | train_profit=1.555767 (+155,577 PHP) val_profit=-0.061065 (-6,107 PHP) | train_geo=2.086536 (+208,654 PHP) val_geo=-0.252245 (-25,225 PHP)
Epoch 007/50 | train_loss=-0.001115 val_loss=0.000873 | train_profit=1.979949 (+197,995 PHP) val_profit=-0.281780 (-28,178 PHP) | train_geo=3.722557 (+372,256 PHP) val_geo=-0.400645 (-40,064 PHP)
Epoch 008/50 | train_loss=-0.000956 val_loss=0.000858 | train_profit=1.648872 (+164,887 PHP) val_profit=-0.235521 (-23,552 PHP) | train_geo=2.389224 (+238,922 PHP) val_geo=-0.372100 (-37,210 PHP)
Epoch 009/50 | train_loss=-0.000720 val_loss=-0.000137 | train_profit=1.438318 (+143,832 PHP) val_profit=0.305195 (+30,520 PHP) | train_geo=1.755242 (+175,524 PHP) val_geo=0.079255 (+7,925 PHP)
Epoch 010/50 | train_loss=-0.000981 val_loss=-0.000833 | train_profit=2.112391 (+211,239 PHP) val_profit=0.549312 (+54,931 PHP) | train_geo=4.405206 (+440,521 PHP) val_geo=0.379346 (+37,935 PHP)
Epoch 011/50 | train_loss=-0.001394 val_loss=0.001236 | train_profit=2.633901 (+263,390 PHP) val_profit=-0.284961 (-28,496 PHP) | train_geo=8.119300 (+811,930 PHP) val_geo=-0.402392 (-40,239 PHP)
Early stopping at epoch 11: no improvement in val_loss for 10 epochs (best=-0.002641 at epoch 1)
[15/23] INTC       (weak  ) profit-aware  dir_acc=0.439 cum_ret=-2.5159 geo_ret=-0.9436 sharpe=-2.708 (buy&hold=+3.3296 always_short=-0.8858) [3.0s]
Epoch 001/50 | [PROFIT-LOG] train_loss=0.000176 val_loss=0.002202 | train_profit=0.414205 (+41,421 PHP) val_profit=-0.478546 (-47,855 PHP) | train_geo=-0.016904 (-1,690 PHP) val_geo=-0.504254 (-50,425 PHP)
Epoch 002/50 | [PROFIT-LOG] train_loss=0.000157 val_loss=0.002202 | train_profit=0.409445 (+40,944 PHP) val_profit=-0.478546 (-47,855 PHP) | train_geo=-0.021568 (-2,157 PHP) val_geo=-0.504254 (-50,425 PHP)
Epoch 003/50 | [PROFIT-LOG] train_loss=0.000157 val_loss=0.002202 | train_profit=0.409445 (+40,944 PHP) val_profit=-0.478546 (-47,855 PHP) | train_geo=-0.021568 (-2,157 PHP) val_geo=-0.504254 (-50,425 PHP)
Epoch 004/50 | [PROFIT-LOG] train_loss=0.000157 val_loss=0.002202 | train_profit=0.409445 (+40,944 PHP) val_profit=-0.478546 (-47,855 PHP) | train_geo=-0.021568 (-2,157 PHP) val_geo=-0.504254 (-50,425 PHP)
Epoch 005/50 | [PROFIT-LOG] train_loss=0.000157 val_loss=0.002202 | train_profit=0.409445 (+40,944 PHP) val_profit=-0.478546 (-47,855 PHP) | train_geo=-0.021568 (-2,157 PHP) val_geo=-0.504254 (-50,425 PHP)
Epoch 006/50 | [PROFIT-LOG] train_loss=0.000157 val_loss=0.002202 | train_profit=0.409445 (+40,944 PHP) val_profit=-0.478546 (-47,855 PHP) | train_geo=-0.021568 (-2,157 PHP) val_geo=-0.504254 (-50,425 PHP)
Epoch 007/50 | [PROFIT-LOG] train_loss=0.000157 val_loss=0.002202 | train_profit=0.409445 (+40,944 PHP) val_profit=-0.478546 (-47,855 PHP) | train_geo=-0.021568 (-2,157 PHP) val_geo=-0.504254 (-50,425 PHP)
Epoch 008/50 | [PROFIT-LOG] train_loss=0.000157 val_loss=0.002202 | train_profit=0.409445 (+40,944 PHP) val_profit=-0.478546 (-47,855 PHP) | train_geo=-0.021568 (-2,157 PHP) val_geo=-0.504254 (-50,425 PHP)
Epoch 009/50 | [PROFIT-LOG] train_loss=0.000157 val_loss=0.002202 | train_profit=0.409445 (+40,944 PHP) val_profit=-0.478546 (-47,855 PHP) | train_geo=-0.021568 (-2,157 PHP) val_geo=-0.504254 (-50,425 PHP)
Epoch 010/50 | [PROFIT-LOG] train_loss=0.000157 val_loss=0.002202 | train_profit=0.409445 (+40,944 PHP) val_profit=-0.478546 (-47,855 PHP) | train_geo=-0.021568 (-2,157 PHP) val_geo=-0.504254 (-50,425 PHP)
Epoch 011/50 | [PROFIT-LOG] train_loss=0.000157 val_loss=0.002202 | train_profit=0.409445 (+40,944 PHP) val_profit=-0.478546 (-47,855 PHP) | train_geo=-0.021568 (-2,157 PHP) val_geo=-0.504254 (-50,425 PHP)
Early stopping at epoch 11: no improvement in val_loss for 10 epochs (best=0.002202 at epoch 1)
[15/23] INTC       (weak  ) profit-log    dir_acc=0.505 cum_ret=+1.8032 geo_ret=+3.3251 sharpe=+1.928 (buy&hold=+3.3296 always_short=-0.8858) [2.9s] [DEGENERATE: constant signal]
Epoch 001/50 | [MSE] train_loss=0.001138 val_loss=0.000601 | train_profit=-0.791571 (-79,157 PHP) val_profit=-0.085176 (-8,518 PHP) | train_geo=-0.724994 (-72,499 PHP) val_geo=-0.157789 (-15,779 PHP)
Epoch 002/50 | [MSE] train_loss=0.000808 val_loss=0.000567 | train_profit=-1.060844 (-106,084 PHP) val_profit=-0.098829 (-9,883 PHP) | train_geo=-0.791787 (-79,179 PHP) val_geo=-0.169170 (-16,917 PHP)
Epoch 003/50 | [MSE] train_loss=0.000769 val_loss=0.000571 | train_profit=-1.745483 (-174,548 PHP) val_profit=0.001538 (+154 PHP) | train_geo=-0.894549 (-89,455 PHP) val_geo=-0.081583 (-8,158 PHP)
Epoch 004/50 | [MSE] train_loss=0.000756 val_loss=0.000565 | train_profit=-1.490659 (-149,066 PHP) val_profit=0.031947 (+3,195 PHP) | train_geo=-0.864464 (-86,446 PHP) val_geo=-0.053134 (-5,313 PHP)
Epoch 005/50 | [MSE] train_loss=0.000744 val_loss=0.000567 | train_profit=-0.765335 (-76,533 PHP) val_profit=0.031947 (+3,195 PHP) | train_geo=-0.719839 (-71,984 PHP) val_geo=-0.053134 (-5,313 PHP)
Epoch 006/50 | [MSE] train_loss=0.000753 val_loss=0.000539 | train_profit=-1.084180 (-108,418 PHP) val_profit=0.031947 (+3,195 PHP) | train_geo=-0.796677 (-79,668 PHP) val_geo=-0.053134 (-5,313 PHP)
Epoch 007/50 | [MSE] train_loss=0.000745 val_loss=0.000533 | train_profit=-0.397420 (-39,742 PHP) val_profit=-0.338353 (-33,835 PHP) | train_geo=-0.595682 (-59,568 PHP) val_geo=-0.346011 (-34,601 PHP)
Epoch 008/50 | [MSE] train_loss=0.000735 val_loss=0.000531 | train_profit=-1.556448 (-155,645 PHP) val_profit=-0.710234 (-71,023 PHP) | train_geo=-0.872347 (-87,235 PHP) val_geo=-0.549490 (-54,949 PHP)
Epoch 009/50 | [MSE] train_loss=0.000722 val_loss=0.000531 | train_profit=-1.080486 (-108,049 PHP) val_profit=-0.033947 (-3,395 PHP) | train_geo=-0.794353 (-79,435 PHP) val_geo=-0.109667 (-10,967 PHP)
Epoch 010/50 | [MSE] train_loss=0.000717 val_loss=0.000532 | train_profit=-2.871098 (-287,110 PHP) val_profit=-0.642329 (-64,233 PHP) | train_geo=-0.966096 (-96,610 PHP) val_geo=-0.517778 (-51,778 PHP)
Epoch 011/50 | [MSE] train_loss=0.000713 val_loss=0.000532 | train_profit=-1.744066 (-174,407 PHP) val_profit=-0.577700 (-57,770 PHP) | train_geo=-0.894267 (-89,427 PHP) val_geo=-0.485344 (-48,534 PHP)
Epoch 012/50 | [MSE] train_loss=0.000720 val_loss=0.000532 | train_profit=-1.783425 (-178,343 PHP) val_profit=-0.033947 (-3,395 PHP) | train_geo=-0.898235 (-89,824 PHP) val_geo=-0.109667 (-10,967 PHP)
Epoch 013/50 | [MSE] train_loss=0.000716 val_loss=0.000534 | train_profit=-1.124589 (-112,459 PHP) val_profit=-0.691182 (-69,118 PHP) | train_geo=-0.803010 (-80,301 PHP) val_geo=-0.540737 (-54,074 PHP)
Epoch 014/50 | [MSE] train_loss=0.000712 val_loss=0.000531 | train_profit=-1.788297 (-178,830 PHP) val_profit=-0.033947 (-3,395 PHP) | train_geo=-0.898824 (-89,882 PHP) val_geo=-0.109667 (-10,967 PHP)
Epoch 015/50 | [MSE] train_loss=0.000709 val_loss=0.000533 | train_profit=-2.155129 (-215,513 PHP) val_profit=-0.033947 (-3,395 PHP) | train_geo=-0.930009 (-93,001 PHP) val_geo=-0.109667 (-10,967 PHP)
Epoch 016/50 | [MSE] train_loss=0.000706 val_loss=0.000531 | train_profit=-1.461023 (-146,102 PHP) val_profit=-0.659254 (-65,925 PHP) | train_geo=-0.859365 (-85,936 PHP) val_geo=-0.525846 (-52,585 PHP)
Epoch 017/50 | [MSE] train_loss=0.000709 val_loss=0.000533 | train_profit=-1.343599 (-134,360 PHP) val_profit=-0.033947 (-3,395 PHP) | train_geo=-0.842030 (-84,203 PHP) val_geo=-0.109667 (-10,967 PHP)
Epoch 018/50 | [MSE] train_loss=0.000710 val_loss=0.000534 | train_profit=-1.529358 (-152,936 PHP) val_profit=-0.033947 (-3,395 PHP) | train_geo=-0.868854 (-86,885 PHP) val_geo=-0.109667 (-10,967 PHP)
Epoch 019/50 | [MSE] train_loss=0.000714 val_loss=0.000533 | train_profit=-3.126026 (-312,603 PHP) val_profit=-0.033947 (-3,395 PHP) | train_geo=-0.973759 (-97,376 PHP) val_geo=-0.109667 (-10,967 PHP)
Epoch 020/50 | [MSE] train_loss=0.000703 val_loss=0.000532 | train_profit=-1.738034 (-173,803 PHP) val_profit=-0.033947 (-3,395 PHP) | train_geo=-0.893332 (-89,333 PHP) val_geo=-0.109667 (-10,967 PHP)
Epoch 021/50 | [MSE] train_loss=0.000704 val_loss=0.000531 | train_profit=-2.425514 (-242,551 PHP) val_profit=-0.529069 (-52,907 PHP) | train_geo=-0.946542 (-94,654 PHP) val_geo=-0.459745 (-45,975 PHP)
Epoch 022/50 | [MSE] train_loss=0.000707 val_loss=0.000533 | train_profit=-1.699108 (-169,911 PHP) val_profit=-0.032324 (-3,232 PHP) | train_geo=-0.889068 (-88,907 PHP) val_geo=-0.108225 (-10,822 PHP)
Epoch 023/50 | [MSE] train_loss=0.000705 val_loss=0.000534 | train_profit=-2.009098 (-200,910 PHP) val_profit=-0.033947 (-3,395 PHP) | train_geo=-0.918873 (-91,887 PHP) val_geo=-0.109667 (-10,967 PHP)
Epoch 024/50 | [MSE] train_loss=0.000702 val_loss=0.000533 | train_profit=-1.867225 (-186,723 PHP) val_profit=-0.366070 (-36,607 PHP) | train_geo=-0.906632 (-90,663 PHP) val_geo=-0.363892 (-36,389 PHP)
Epoch 025/50 | [MSE] train_loss=0.000706 val_loss=0.000535 | train_profit=-1.949055 (-194,905 PHP) val_profit=-0.033947 (-3,395 PHP) | train_geo=-0.913865 (-91,386 PHP) val_geo=-0.109667 (-10,967 PHP)
Epoch 026/50 | [MSE] train_loss=0.000701 val_loss=0.000534 | train_profit=-2.428379 (-242,838 PHP) val_profit=-0.033947 (-3,395 PHP) | train_geo=-0.946697 (-94,670 PHP) val_geo=-0.109667 (-10,967 PHP)
Epoch 027/50 | [MSE] train_loss=0.000696 val_loss=0.000532 | train_profit=-1.308601 (-130,860 PHP) val_profit=-0.018891 (-1,889 PHP) | train_geo=-0.836190 (-83,619 PHP) val_geo=-0.095872 (-9,587 PHP)
Epoch 028/50 | [MSE] train_loss=0.000698 val_loss=0.000533 | train_profit=-1.189920 (-118,992 PHP) val_profit=-0.097242 (-9,724 PHP) | train_geo=-0.815663 (-81,566 PHP) val_geo=-0.164124 (-16,412 PHP)
Epoch 029/50 | [MSE] train_loss=0.000699 val_loss=0.000532 | train_profit=-2.194666 (-219,467 PHP) val_profit=-0.056875 (-5,687 PHP) | train_geo=-0.932631 (-93,263 PHP) val_geo=-0.129910 (-12,991 PHP)
Epoch 030/50 | [MSE] train_loss=0.000698 val_loss=0.000533 | train_profit=-1.505939 (-150,594 PHP) val_profit=-0.082133 (-8,213 PHP) | train_geo=-0.865463 (-86,546 PHP) val_geo=-0.151280 (-15,128 PHP)
Epoch 031/50 | [MSE] train_loss=0.000699 val_loss=0.000534 | train_profit=-1.768483 (-176,848 PHP) val_profit=-0.017919 (-1,792 PHP) | train_geo=-0.896804 (-89,680 PHP) val_geo=-0.095230 (-9,523 PHP)
Early stopping at epoch 31: no improvement in val_loss for 10 epochs (best=0.000531 at epoch 21)
[16/23] F          (weak  ) mse           dir_acc=0.467 cum_ret=-0.5293 geo_ret=-0.4579 sharpe=-1.167 (buy&hold=+0.3803 always_short=-0.3844) [6.3s]
Epoch 001/50 | train_loss=0.000120 val_loss=0.000702 | train_profit=0.573821 (+57,382 PHP) val_profit=0.031947 (+3,195 PHP) | train_geo=0.076265 (+7,627 PHP) val_geo=-0.053134 (-5,313 PHP)
Epoch 002/50 | train_loss=0.000177 val_loss=0.000921 | train_profit=0.405087 (+40,509 PHP) val_profit=0.031947 (+3,195 PHP) | train_geo=-0.090550 (-9,055 PHP) val_geo=-0.053134 (-5,313 PHP)
Epoch 003/50 | train_loss=-0.000267 val_loss=0.000922 | train_profit=1.188861 (+118,886 PHP) val_profit=-0.050834 (-5,083 PHP) | train_geo=0.992827 (+99,283 PHP) val_geo=-0.128357 (-12,836 PHP)
Epoch 004/50 | train_loss=-0.000347 val_loss=0.000309 | train_profit=1.059342 (+105,934 PHP) val_profit=0.031947 (+3,195 PHP) | train_geo=0.750844 (+75,084 PHP) val_geo=-0.053134 (-5,313 PHP)
Epoch 005/50 | train_loss=-0.000181 val_loss=0.000845 | train_profit=1.004417 (+100,442 PHP) val_profit=0.031947 (+3,195 PHP) | train_geo=0.656995 (+65,700 PHP) val_geo=-0.053134 (-5,313 PHP)
Epoch 006/50 | train_loss=-0.000037 val_loss=-0.000274 | train_profit=0.762298 (+76,230 PHP) val_profit=0.031947 (+3,195 PHP) | train_geo=0.300162 (+30,016 PHP) val_geo=-0.053134 (-5,313 PHP)
Epoch 007/50 | train_loss=-0.000535 val_loss=0.000143 | train_profit=0.924080 (+92,408 PHP) val_profit=0.031947 (+3,195 PHP) | train_geo=0.528889 (+52,889 PHP) val_geo=-0.053134 (-5,313 PHP)
Epoch 008/50 | train_loss=-0.000502 val_loss=0.000253 | train_profit=0.924080 (+92,408 PHP) val_profit=0.031947 (+3,195 PHP) | train_geo=0.528889 (+52,889 PHP) val_geo=-0.053134 (-5,313 PHP)
Epoch 009/50 | train_loss=-0.000530 val_loss=0.000128 | train_profit=0.924080 (+92,408 PHP) val_profit=0.031947 (+3,195 PHP) | train_geo=0.528889 (+52,889 PHP) val_geo=-0.053134 (-5,313 PHP)
Epoch 010/50 | train_loss=-0.000537 val_loss=0.000155 | train_profit=0.924080 (+92,408 PHP) val_profit=0.031947 (+3,195 PHP) | train_geo=0.528889 (+52,889 PHP) val_geo=-0.053134 (-5,313 PHP)
Epoch 011/50 | train_loss=-0.000523 val_loss=0.000218 | train_profit=0.924080 (+92,408 PHP) val_profit=0.031947 (+3,195 PHP) | train_geo=0.528889 (+52,889 PHP) val_geo=-0.053134 (-5,313 PHP)
Epoch 012/50 | train_loss=-0.000504 val_loss=0.000196 | train_profit=0.924080 (+92,408 PHP) val_profit=0.031947 (+3,195 PHP) | train_geo=0.528889 (+52,889 PHP) val_geo=-0.053134 (-5,313 PHP)
Epoch 013/50 | train_loss=-0.000516 val_loss=0.000192 | train_profit=0.924080 (+92,408 PHP) val_profit=0.031947 (+3,195 PHP) | train_geo=0.528889 (+52,889 PHP) val_geo=-0.053134 (-5,313 PHP)
Epoch 014/50 | train_loss=-0.000528 val_loss=0.000150 | train_profit=0.924080 (+92,408 PHP) val_profit=0.031947 (+3,195 PHP) | train_geo=0.528889 (+52,889 PHP) val_geo=-0.053134 (-5,313 PHP)
Epoch 015/50 | train_loss=-0.000545 val_loss=0.000180 | train_profit=0.924080 (+92,408 PHP) val_profit=0.031947 (+3,195 PHP) | train_geo=0.528889 (+52,889 PHP) val_geo=-0.053134 (-5,313 PHP)
Epoch 016/50 | train_loss=-0.000515 val_loss=0.000213 | train_profit=0.924080 (+92,408 PHP) val_profit=0.031947 (+3,195 PHP) | train_geo=0.528889 (+52,889 PHP) val_geo=-0.053134 (-5,313 PHP)
Early stopping at epoch 16: no improvement in val_loss for 10 epochs (best=-0.000274 at epoch 6)
[16/23] F          (weak  ) profit-aware  dir_acc=0.495 cum_ret=+0.1539 geo_ret=+0.0753 sharpe=+0.338 (buy&hold=+0.3803 always_short=-0.3844) [4.5s]
Epoch 001/50 | [PROFIT-LOG] train_loss=-0.000515 val_loss=0.000163 | train_profit=0.872752 (+87,275 PHP) val_profit=0.031947 (+3,195 PHP) | train_geo=0.452281 (+45,228 PHP) val_geo=-0.053134 (-5,313 PHP)
Epoch 002/50 | [PROFIT-LOG] train_loss=-0.000556 val_loss=0.000163 | train_profit=0.924080 (+92,408 PHP) val_profit=0.031947 (+3,195 PHP) | train_geo=0.528889 (+52,889 PHP) val_geo=-0.053134 (-5,313 PHP)
Epoch 003/50 | [PROFIT-LOG] train_loss=-0.000556 val_loss=0.000163 | train_profit=0.924080 (+92,408 PHP) val_profit=0.031947 (+3,195 PHP) | train_geo=0.528889 (+52,889 PHP) val_geo=-0.053134 (-5,313 PHP)
Epoch 004/50 | [PROFIT-LOG] train_loss=-0.000556 val_loss=0.000163 | train_profit=0.924080 (+92,408 PHP) val_profit=0.031947 (+3,195 PHP) | train_geo=0.528889 (+52,889 PHP) val_geo=-0.053134 (-5,313 PHP)
Epoch 005/50 | [PROFIT-LOG] train_loss=-0.000556 val_loss=0.000163 | train_profit=0.924080 (+92,408 PHP) val_profit=0.031947 (+3,195 PHP) | train_geo=0.528889 (+52,889 PHP) val_geo=-0.053134 (-5,313 PHP)
Epoch 006/50 | [PROFIT-LOG] train_loss=-0.000556 val_loss=0.000163 | train_profit=0.924080 (+92,408 PHP) val_profit=0.031947 (+3,195 PHP) | train_geo=0.528889 (+52,889 PHP) val_geo=-0.053134 (-5,313 PHP)
Epoch 007/50 | [PROFIT-LOG] train_loss=-0.000556 val_loss=0.000163 | train_profit=0.924080 (+92,408 PHP) val_profit=0.031947 (+3,195 PHP) | train_geo=0.528889 (+52,889 PHP) val_geo=-0.053134 (-5,313 PHP)
Epoch 008/50 | [PROFIT-LOG] train_loss=-0.000556 val_loss=0.000163 | train_profit=0.924080 (+92,408 PHP) val_profit=0.031947 (+3,195 PHP) | train_geo=0.528889 (+52,889 PHP) val_geo=-0.053134 (-5,313 PHP)
Epoch 009/50 | [PROFIT-LOG] train_loss=-0.000556 val_loss=0.000163 | train_profit=0.924080 (+92,408 PHP) val_profit=0.031947 (+3,195 PHP) | train_geo=0.528889 (+52,889 PHP) val_geo=-0.053134 (-5,313 PHP)
Epoch 010/50 | [PROFIT-LOG] train_loss=-0.000556 val_loss=0.000163 | train_profit=0.924080 (+92,408 PHP) val_profit=0.031947 (+3,195 PHP) | train_geo=0.528889 (+52,889 PHP) val_geo=-0.053134 (-5,313 PHP)
Epoch 011/50 | [PROFIT-LOG] train_loss=-0.000556 val_loss=0.000163 | train_profit=0.924080 (+92,408 PHP) val_profit=0.031947 (+3,195 PHP) | train_geo=0.528889 (+52,889 PHP) val_geo=-0.053134 (-5,313 PHP)
Early stopping at epoch 11: no improvement in val_loss for 10 epochs (best=0.000163 at epoch 1)
[16/23] F          (weak  ) profit-log    dir_acc=0.498 cum_ret=+0.4010 geo_ret=+0.3789 sharpe=+0.884 (buy&hold=+0.3803 always_short=-0.3844) [3.1s] [DEGENERATE: constant signal]
Epoch 001/50 | [MSE] train_loss=0.000496 val_loss=0.000209 | train_profit=-0.637677 (-63,768 PHP) val_profit=-0.365789 (-36,579 PHP) | train_geo=-0.594415 (-59,441 PHP) val_geo=-0.328601 (-32,860 PHP)
Epoch 002/50 | [MSE] train_loss=0.000395 val_loss=0.000220 | train_profit=0.222536 (+22,254 PHP) val_profit=-0.069878 (-6,988 PHP) | train_geo=-0.045262 (-4,526 PHP) val_geo=-0.096649 (-9,665 PHP)
Epoch 003/50 | [MSE] train_loss=0.000379 val_loss=0.000208 | train_profit=0.538250 (+53,825 PHP) val_profit=0.134468 (+13,447 PHP) | train_geo=0.315257 (+31,526 PHP) val_geo=0.108246 (+10,825 PHP)
Epoch 004/50 | [MSE] train_loss=0.000378 val_loss=0.000210 | train_profit=-0.769864 (-76,986 PHP) val_profit=0.042708 (+4,271 PHP) | train_geo=-0.650930 (-65,093 PHP) val_geo=0.011133 (+1,113 PHP)
Epoch 005/50 | [MSE] train_loss=0.000377 val_loss=0.000204 | train_profit=-1.280831 (-128,083 PHP) val_profit=0.161345 (+16,135 PHP) | train_geo=-0.790364 (-79,036 PHP) val_geo=0.138568 (+13,857 PHP)
Epoch 006/50 | [MSE] train_loss=0.000369 val_loss=0.000204 | train_profit=-0.397185 (-39,718 PHP) val_profit=0.161345 (+16,135 PHP) | train_geo=-0.490548 (-49,055 PHP) val_geo=0.138568 (+13,857 PHP)
Epoch 007/50 | [MSE] train_loss=0.000367 val_loss=0.000206 | train_profit=-0.869362 (-86,936 PHP) val_profit=0.161345 (+16,135 PHP) | train_geo=-0.682968 (-68,297 PHP) val_geo=0.138568 (+13,857 PHP)
Epoch 008/50 | [MSE] train_loss=0.000364 val_loss=0.000201 | train_profit=-0.437683 (-43,768 PHP) val_profit=0.129908 (+12,991 PHP) | train_geo=-0.512208 (-51,221 PHP) val_geo=0.103290 (+10,329 PHP)
Epoch 009/50 | [MSE] train_loss=0.000362 val_loss=0.000203 | train_profit=-0.034239 (-3,424 PHP) val_profit=0.161345 (+16,135 PHP) | train_geo=-0.258100 (-25,810 PHP) val_geo=0.138568 (+13,857 PHP)
Epoch 010/50 | [MSE] train_loss=0.000360 val_loss=0.000203 | train_profit=-0.209669 (-20,967 PHP) val_profit=0.161345 (+16,135 PHP) | train_geo=-0.382017 (-38,202 PHP) val_geo=0.138568 (+13,857 PHP)
Epoch 011/50 | [MSE] train_loss=0.000362 val_loss=0.000202 | train_profit=1.210548 (+121,055 PHP) val_profit=0.161345 (+16,135 PHP) | train_geo=1.570040 (+157,004 PHP) val_geo=0.138568 (+13,857 PHP)
Epoch 012/50 | [MSE] train_loss=0.000361 val_loss=0.000204 | train_profit=-0.021652 (-2,165 PHP) val_profit=0.161345 (+16,135 PHP) | train_geo=-0.249612 (-24,961 PHP) val_geo=0.138568 (+13,857 PHP)
Epoch 013/50 | [MSE] train_loss=0.000364 val_loss=0.000203 | train_profit=0.455706 (+45,571 PHP) val_profit=0.161345 (+16,135 PHP) | train_geo=0.211169 (+21,117 PHP) val_geo=0.138568 (+13,857 PHP)
Epoch 014/50 | [MSE] train_loss=0.000360 val_loss=0.000202 | train_profit=1.111835 (+111,183 PHP) val_profit=0.161345 (+16,135 PHP) | train_geo=1.338117 (+133,812 PHP) val_geo=0.138568 (+13,857 PHP)
Epoch 015/50 | [MSE] train_loss=0.000360 val_loss=0.000202 | train_profit=1.533055 (+153,305 PHP) val_profit=0.161345 (+16,135 PHP) | train_geo=2.563258 (+256,326 PHP) val_geo=0.138568 (+13,857 PHP)
Epoch 016/50 | [MSE] train_loss=0.000363 val_loss=0.000202 | train_profit=-0.067227 (-6,723 PHP) val_profit=0.161345 (+16,135 PHP) | train_geo=-0.292968 (-29,297 PHP) val_geo=0.138568 (+13,857 PHP)
Epoch 017/50 | [MSE] train_loss=0.000361 val_loss=0.000202 | train_profit=0.746937 (+74,694 PHP) val_profit=0.161345 (+16,135 PHP) | train_geo=0.617897 (+61,790 PHP) val_geo=0.138568 (+13,857 PHP)
Epoch 018/50 | [MSE] train_loss=0.000359 val_loss=0.000202 | train_profit=0.883118 (+88,312 PHP) val_profit=0.161345 (+16,135 PHP) | train_geo=0.856595 (+85,660 PHP) val_geo=0.138568 (+13,857 PHP)
Early stopping at epoch 18: no improvement in val_loss for 10 epochs (best=0.000201 at epoch 8)
[17/23] KHC        (weak  ) mse           dir_acc=0.466 cum_ret=-0.1679 geo_ret=-0.1928 sharpe=-0.489 (buy&hold=-0.0034 always_short=-0.0856) [4.2s]
Epoch 001/50 | train_loss=0.000454 val_loss=-0.000184 | train_profit=-0.170679 (-17,068 PHP) val_profit=0.161345 (+16,135 PHP) | train_geo=-0.355018 (-35,502 PHP) val_geo=0.138568 (+13,857 PHP)
Epoch 002/50 | train_loss=-0.000220 val_loss=0.001181 | train_profit=0.715104 (+71,510 PHP) val_profit=-0.163345 (-16,335 PHP) | train_geo=0.566261 (+56,626 PHP) val_geo=-0.177312 (-17,731 PHP)
Epoch 003/50 | train_loss=0.000785 val_loss=0.001074 | train_profit=-0.082074 (-8,207 PHP) val_profit=-0.163345 (-16,335 PHP) | train_geo=-0.302828 (-30,283 PHP) val_geo=-0.177312 (-17,731 PHP)
Epoch 004/50 | train_loss=0.000487 val_loss=0.000463 | train_profit=-0.333964 (-33,396 PHP) val_profit=-0.362612 (-36,261 PHP) | train_geo=-0.458208 (-45,821 PHP) val_geo=-0.326060 (-32,606 PHP)
Epoch 005/50 | train_loss=0.000424 val_loss=-0.000119 | train_profit=-0.111618 (-11,162 PHP) val_profit=0.161345 (+16,135 PHP) | train_geo=-0.315547 (-31,555 PHP) val_geo=0.138568 (+13,857 PHP)
Epoch 006/50 | train_loss=0.000243 val_loss=0.000420 | train_profit=-0.257103 (-25,710 PHP) val_profit=-0.270629 (-27,063 PHP) | train_geo=-0.408625 (-40,862 PHP) val_geo=-0.261082 (-26,108 PHP)
Epoch 007/50 | train_loss=0.000389 val_loss=0.000261 | train_profit=-0.694719 (-69,472 PHP) val_profit=-0.098161 (-9,816 PHP) | train_geo=-0.618316 (-61,832 PHP) val_geo=-0.121665 (-12,167 PHP)
Epoch 008/50 | train_loss=-0.000007 val_loss=0.000854 | train_profit=0.233012 (+23,301 PHP) val_profit=-0.321735 (-32,173 PHP) | train_geo=-0.035311 (-3,531 PHP) val_geo=-0.297988 (-29,799 PHP)
Epoch 009/50 | train_loss=-0.000036 val_loss=0.000495 | train_profit=0.351014 (+35,101 PHP) val_profit=-0.099085 (-9,909 PHP) | train_geo=0.086105 (+8,610 PHP) val_geo=-0.122598 (-12,260 PHP)
Epoch 010/50 | train_loss=-0.000187 val_loss=0.000622 | train_profit=0.667281 (+66,728 PHP) val_profit=-0.108353 (-10,835 PHP) | train_geo=0.490394 (+49,039 PHP) val_geo=-0.130487 (-13,049 PHP)
Epoch 011/50 | train_loss=-0.000157 val_loss=0.000369 | train_profit=0.411357 (+41,136 PHP) val_profit=-0.075117 (-7,512 PHP) | train_geo=0.154078 (+15,408 PHP) val_geo=-0.101240 (-10,124 PHP)
Early stopping at epoch 11: no improvement in val_loss for 10 epochs (best=-0.000184 at epoch 1)
[17/23] KHC        (weak  ) profit-aware  dir_acc=0.475 cum_ret=-0.0442 geo_ret=-0.0865 sharpe=-0.128 (buy&hold=-0.0034 always_short=-0.0856) [3.1s] [DEGENERATE: constant signal]
Epoch 001/50 | [PROFIT-LOG] train_loss=0.000190 val_loss=-0.000407 | train_profit=-0.170679 (-17,068 PHP) val_profit=0.161345 (+16,135 PHP) | train_geo=-0.355018 (-35,502 PHP) val_geo=0.138568 (+13,857 PHP)
Epoch 002/50 | [PROFIT-LOG] train_loss=0.000069 val_loss=-0.000407 | train_profit=0.080074 (+8,007 PHP) val_profit=0.161345 (+16,135 PHP) | train_geo=-0.171075 (-17,108 PHP) val_geo=0.138568 (+13,857 PHP)
Epoch 003/50 | [PROFIT-LOG] train_loss=0.000069 val_loss=-0.000407 | train_profit=0.080074 (+8,007 PHP) val_profit=0.161345 (+16,135 PHP) | train_geo=-0.171075 (-17,108 PHP) val_geo=0.138568 (+13,857 PHP)
Epoch 004/50 | [PROFIT-LOG] train_loss=0.000069 val_loss=-0.000407 | train_profit=0.080074 (+8,007 PHP) val_profit=0.161345 (+16,135 PHP) | train_geo=-0.171075 (-17,108 PHP) val_geo=0.138568 (+13,857 PHP)
Epoch 005/50 | [PROFIT-LOG] train_loss=0.000069 val_loss=-0.000407 | train_profit=0.080074 (+8,007 PHP) val_profit=0.161345 (+16,135 PHP) | train_geo=-0.171075 (-17,108 PHP) val_geo=0.138568 (+13,857 PHP)
Epoch 006/50 | [PROFIT-LOG] train_loss=0.000069 val_loss=-0.000407 | train_profit=0.080074 (+8,007 PHP) val_profit=0.161345 (+16,135 PHP) | train_geo=-0.171075 (-17,108 PHP) val_geo=0.138568 (+13,857 PHP)
Epoch 007/50 | [PROFIT-LOG] train_loss=0.000069 val_loss=-0.000407 | train_profit=0.080074 (+8,007 PHP) val_profit=0.161345 (+16,135 PHP) | train_geo=-0.171075 (-17,108 PHP) val_geo=0.138568 (+13,857 PHP)
Epoch 008/50 | [PROFIT-LOG] train_loss=0.000069 val_loss=-0.000407 | train_profit=0.080074 (+8,007 PHP) val_profit=0.161345 (+16,135 PHP) | train_geo=-0.171075 (-17,108 PHP) val_geo=0.138568 (+13,857 PHP)
Epoch 009/50 | [PROFIT-LOG] train_loss=0.000069 val_loss=-0.000407 | train_profit=0.080074 (+8,007 PHP) val_profit=0.161345 (+16,135 PHP) | train_geo=-0.171075 (-17,108 PHP) val_geo=0.138568 (+13,857 PHP)
Epoch 010/50 | [PROFIT-LOG] train_loss=0.000069 val_loss=-0.000407 | train_profit=0.080074 (+8,007 PHP) val_profit=0.161345 (+16,135 PHP) | train_geo=-0.171075 (-17,108 PHP) val_geo=0.138568 (+13,857 PHP)
Epoch 011/50 | [PROFIT-LOG] train_loss=0.000069 val_loss=-0.000407 | train_profit=0.080074 (+8,007 PHP) val_profit=0.161345 (+16,135 PHP) | train_geo=-0.171075 (-17,108 PHP) val_geo=0.138568 (+13,857 PHP)
Epoch 012/50 | [PROFIT-LOG] train_loss=0.000069 val_loss=-0.000407 | train_profit=0.080074 (+8,007 PHP) val_profit=0.161345 (+16,135 PHP) | train_geo=-0.171075 (-17,108 PHP) val_geo=0.138568 (+13,857 PHP)
Epoch 013/50 | [PROFIT-LOG] train_loss=0.000069 val_loss=-0.000407 | train_profit=0.080074 (+8,007 PHP) val_profit=0.161345 (+16,135 PHP) | train_geo=-0.171075 (-17,108 PHP) val_geo=0.138568 (+13,857 PHP)
Epoch 014/50 | [PROFIT-LOG] train_loss=0.000069 val_loss=-0.000407 | train_profit=0.080074 (+8,007 PHP) val_profit=0.161345 (+16,135 PHP) | train_geo=-0.171075 (-17,108 PHP) val_geo=0.138568 (+13,857 PHP)
Early stopping at epoch 14: no improvement in val_loss for 10 epochs (best=-0.000407 at epoch 4)
[17/23] KHC        (weak  ) profit-log    dir_acc=0.475 cum_ret=-0.0442 geo_ret=-0.0865 sharpe=-0.128 (buy&hold=-0.0034 always_short=-0.0856) [4.0s] [DEGENERATE: constant signal]
Epoch 001/50 | [MSE] train_loss=0.001427 val_loss=0.000664 | train_profit=-0.737241 (-73,724 PHP) val_profit=0.050979 (+5,098 PHP) | train_geo=-0.757308 (-75,731 PHP) val_geo=-0.036801 (-3,680 PHP)
Epoch 002/50 | [MSE] train_loss=0.001008 val_loss=0.000574 | train_profit=-0.211283 (-21,128 PHP) val_profit=0.127940 (+12,794 PHP) | train_geo=-0.590981 (-59,098 PHP) val_geo=0.040841 (+4,084 PHP)
Epoch 003/50 | [MSE] train_loss=0.000962 val_loss=0.000566 | train_profit=-0.193952 (-19,395 PHP) val_profit=0.014911 (+1,491 PHP) | train_geo=-0.579765 (-57,977 PHP) val_geo=-0.070948 (-7,095 PHP)
Epoch 004/50 | [MSE] train_loss=0.000956 val_loss=0.000560 | train_profit=-1.984325 (-198,432 PHP) val_profit=-0.065464 (-6,546 PHP) | train_geo=-0.930668 (-93,067 PHP) val_geo=-0.142604 (-14,260 PHP)
Epoch 005/50 | [MSE] train_loss=0.000930 val_loss=0.000559 | train_profit=-0.238176 (-23,818 PHP) val_profit=0.140261 (+14,026 PHP) | train_geo=-0.600516 (-60,052 PHP) val_geo=0.054071 (+5,407 PHP)
Epoch 006/50 | [MSE] train_loss=0.000962 val_loss=0.000558 | train_profit=-1.783266 (-178,327 PHP) val_profit=0.178511 (+17,851 PHP) | train_geo=-0.915930 (-91,593 PHP) val_geo=0.095039 (+9,504 PHP)
Epoch 007/50 | [MSE] train_loss=0.000951 val_loss=0.000563 | train_profit=-2.048389 (-204,839 PHP) val_profit=0.057668 (+5,767 PHP) | train_geo=-0.935481 (-93,548 PHP) val_geo=-0.030230 (-3,023 PHP)
Epoch 008/50 | [MSE] train_loss=0.000931 val_loss=0.000563 | train_profit=-1.833557 (-183,356 PHP) val_profit=0.057668 (+5,767 PHP) | train_geo=-0.918521 (-91,852 PHP) val_geo=-0.030230 (-3,023 PHP)
Epoch 009/50 | [MSE] train_loss=0.000932 val_loss=0.000566 | train_profit=-0.913255 (-91,325 PHP) val_profit=0.057668 (+5,767 PHP) | train_geo=-0.799337 (-79,934 PHP) val_geo=-0.030230 (-3,023 PHP)
Epoch 010/50 | [MSE] train_loss=0.000938 val_loss=0.000562 | train_profit=-3.182363 (-318,236 PHP) val_profit=0.057668 (+5,767 PHP) | train_geo=-0.979285 (-97,928 PHP) val_geo=-0.030230 (-3,023 PHP)
Epoch 011/50 | [MSE] train_loss=0.000939 val_loss=0.000564 | train_profit=-1.386188 (-138,619 PHP) val_profit=0.057668 (+5,767 PHP) | train_geo=-0.874553 (-87,455 PHP) val_geo=-0.030230 (-3,023 PHP)
Epoch 012/50 | [MSE] train_loss=0.000935 val_loss=0.000562 | train_profit=-2.145584 (-214,558 PHP) val_profit=-0.017057 (-1,706 PHP) | train_geo=-0.941600 (-94,160 PHP) val_geo=-0.100146 (-10,015 PHP)
Epoch 013/50 | [MSE] train_loss=0.000923 val_loss=0.000567 | train_profit=-1.937972 (-193,797 PHP) val_profit=0.057668 (+5,767 PHP) | train_geo=-0.927804 (-92,780 PHP) val_geo=-0.030230 (-3,023 PHP)
Epoch 014/50 | [MSE] train_loss=0.000923 val_loss=0.000567 | train_profit=-0.975950 (-97,595 PHP) val_profit=0.057668 (+5,767 PHP) | train_geo=-0.808542 (-80,854 PHP) val_geo=-0.030230 (-3,023 PHP)
Epoch 015/50 | [MSE] train_loss=0.000920 val_loss=0.000561 | train_profit=-1.125687 (-112,569 PHP) val_profit=0.057668 (+5,767 PHP) | train_geo=-0.834331 (-83,433 PHP) val_geo=-0.030230 (-3,023 PHP)
Epoch 016/50 | [MSE] train_loss=0.000928 val_loss=0.000566 | train_profit=-1.814948 (-181,495 PHP) val_profit=0.057668 (+5,767 PHP) | train_geo=-0.917322 (-91,732 PHP) val_geo=-0.030230 (-3,023 PHP)
Early stopping at epoch 16: no improvement in val_loss for 10 epochs (best=0.000558 at epoch 6)
[18/23] BA         (weak  ) mse           dir_acc=0.503 cum_ret=+0.0436 geo_ret=-0.0226 sharpe=+0.106 (buy&hold=+0.0121 always_short=-0.1348) [3.9s]
Epoch 001/50 | train_loss=0.000860 val_loss=0.001362 | train_profit=-0.857669 (-85,767 PHP) val_profit=-0.161644 (-16,164 PHP) | train_geo=-0.787904 (-78,790 PHP) val_geo=-0.222410 (-22,241 PHP)
Epoch 002/50 | train_loss=0.000484 val_loss=0.001376 | train_profit=1.099454 (+109,945 PHP) val_profit=0.057668 (+5,767 PHP) | train_geo=0.522144 (+52,214 PHP) val_geo=-0.030230 (-3,023 PHP)
Epoch 003/50 | train_loss=0.000867 val_loss=0.000049 | train_profit=0.245931 (+24,593 PHP) val_profit=0.057668 (+5,767 PHP) | train_geo=-0.355265 (-35,527 PHP) val_geo=-0.030230 (-3,023 PHP)
Epoch 004/50 | train_loss=0.000243 val_loss=0.000062 | train_profit=0.361324 (+36,132 PHP) val_profit=0.057668 (+5,767 PHP) | train_geo=-0.276319 (-27,632 PHP) val_geo=-0.030230 (-3,023 PHP)
Epoch 005/50 | train_loss=0.000629 val_loss=0.000558 | train_profit=-1.692917 (-169,292 PHP) val_profit=-0.059668 (-5,967 PHP) | train_geo=-0.908643 (-90,864 PHP) val_geo=-0.138267 (-13,827 PHP)
Epoch 006/50 | train_loss=0.000302 val_loss=0.000559 | train_profit=0.084054 (+8,405 PHP) val_profit=0.057668 (+5,767 PHP) | train_geo=-0.449217 (-44,922 PHP) val_geo=-0.030230 (-3,023 PHP)
Epoch 007/50 | train_loss=0.000469 val_loss=0.000205 | train_profit=0.130007 (+13,001 PHP) val_profit=0.057668 (+5,767 PHP) | train_geo=-0.425915 (-42,592 PHP) val_geo=-0.030230 (-3,023 PHP)
Epoch 008/50 | train_loss=0.000434 val_loss=0.000358 | train_profit=-0.650104 (-65,010 PHP) val_profit=0.035212 (+3,521 PHP) | train_geo=-0.737236 (-73,724 PHP) val_geo=-0.051787 (-5,179 PHP)
Epoch 009/50 | train_loss=0.000253 val_loss=0.000615 | train_profit=0.215923 (+21,592 PHP) val_profit=0.054853 (+5,485 PHP) | train_geo=-0.374002 (-37,400 PHP) val_geo=-0.034048 (-3,405 PHP)
Epoch 010/50 | train_loss=0.000192 val_loss=0.000770 | train_profit=0.578111 (+57,811 PHP) val_profit=0.057668 (+5,767 PHP) | train_geo=-0.096511 (-9,651 PHP) val_geo=-0.030230 (-3,023 PHP)
Epoch 011/50 | train_loss=0.000457 val_loss=0.000373 | train_profit=0.288954 (+28,895 PHP) val_profit=0.136249 (+13,625 PHP) | train_geo=-0.326779 (-32,678 PHP) val_geo=0.049168 (+4,917 PHP)
Epoch 012/50 | train_loss=0.000473 val_loss=0.000530 | train_profit=-0.503826 (-50,383 PHP) val_profit=-0.059668 (-5,967 PHP) | train_geo=-0.695629 (-69,563 PHP) val_geo=-0.138267 (-13,827 PHP)
Epoch 013/50 | train_loss=0.000173 val_loss=0.000433 | train_profit=-0.731821 (-73,182 PHP) val_profit=0.035212 (+3,521 PHP) | train_geo=-0.758008 (-75,801 PHP) val_geo=-0.051787 (-5,179 PHP)
Early stopping at epoch 13: no improvement in val_loss for 10 epochs (best=0.000049 at epoch 3)
[18/23] BA         (weak  ) profit-aware  dir_acc=0.481 cum_ret=+0.0768 geo_ret=+0.0110 sharpe=+0.187 (buy&hold=+0.0121 always_short=-0.1348) [3.6s] [DEGENERATE: constant signal]
Epoch 001/50 | [PROFIT-LOG] train_loss=0.000425 val_loss=0.000098 | train_profit=-0.032369 (-3,237 PHP) val_profit=0.047497 (+4,750 PHP) | train_geo=-0.511944 (-51,194 PHP) val_geo=-0.039988 (-3,999 PHP)
Epoch 002/50 | [PROFIT-LOG] train_loss=0.000271 val_loss=0.000150 | train_profit=0.233753 (+23,375 PHP) val_profit=0.041287 (+4,129 PHP) | train_geo=-0.363068 (-36,307 PHP) val_geo=-0.045989 (-4,599 PHP)
Epoch 003/50 | [PROFIT-LOG] train_loss=0.000608 val_loss=-0.000251 | train_profit=0.006116 (+612 PHP) val_profit=0.155711 (+15,571 PHP) | train_geo=-0.493082 (-49,308 PHP) val_geo=0.069800 (+6,980 PHP)
Epoch 004/50 | [PROFIT-LOG] train_loss=-0.000018 val_loss=-0.000200 | train_profit=0.908210 (+90,821 PHP) val_profit=0.133898 (+13,390 PHP) | train_geo=0.257175 (+25,717 PHP) val_geo=0.046624 (+4,662 PHP)
Epoch 005/50 | [PROFIT-LOG] train_loss=-0.000413 val_loss=0.000090 | train_profit=1.247605 (+124,761 PHP) val_profit=0.057668 (+5,767 PHP) | train_geo=0.766507 (+76,651 PHP) val_geo=-0.030230 (-3,023 PHP)
Epoch 006/50 | [PROFIT-LOG] train_loss=0.000671 val_loss=0.000159 | train_profit=-0.358269 (-35,827 PHP) val_profit=0.041287 (+4,129 PHP) | train_geo=-0.652444 (-65,244 PHP) val_geo=-0.045989 (-4,599 PHP)
Epoch 007/50 | [PROFIT-LOG] train_loss=-0.000234 val_loss=0.001095 | train_profit=0.802900 (+80,290 PHP) val_profit=-0.237749 (-23,775 PHP) | train_geo=0.128884 (+12,888 PHP) val_geo=-0.280049 (-28,005 PHP)
Epoch 008/50 | [PROFIT-LOG] train_loss=-0.000068 val_loss=0.000207 | train_profit=0.808985 (+80,899 PHP) val_profit=0.018897 (+1,890 PHP) | train_geo=0.132509 (+13,251 PHP) val_geo=-0.067232 (-6,723 PHP)
Epoch 009/50 | [PROFIT-LOG] train_loss=-0.000145 val_loss=0.001306 | train_profit=0.624799 (+62,480 PHP) val_profit=-0.334877 (-33,488 PHP) | train_geo=-0.060758 (-6,076 PHP) val_geo=-0.346721 (-34,672 PHP)
Epoch 010/50 | [PROFIT-LOG] train_loss=0.000119 val_loss=0.001659 | train_profit=0.610022 (+61,002 PHP) val_profit=-0.471951 (-47,195 PHP) | train_geo=-0.072255 (-7,225 PHP) val_geo=-0.430728 (-43,073 PHP)
Epoch 011/50 | [PROFIT-LOG] train_loss=0.000057 val_loss=0.000247 | train_profit=0.635346 (+63,535 PHP) val_profit=0.006771 (+677 PHP) | train_geo=-0.048037 (-4,804 PHP) val_geo=-0.078365 (-7,837 PHP)
Epoch 012/50 | [PROFIT-LOG] train_loss=-0.000269 val_loss=0.000090 | train_profit=1.082902 (+108,290 PHP) val_profit=0.057668 (+5,767 PHP) | train_geo=0.491130 (+49,113 PHP) val_geo=-0.030230 (-3,023 PHP)
Epoch 013/50 | [PROFIT-LOG] train_loss=0.000194 val_loss=0.000136 | train_profit=0.302949 (+30,295 PHP) val_profit=0.072921 (+7,292 PHP) | train_geo=-0.321095 (-32,109 PHP) val_geo=-0.015277 (-1,528 PHP)
Early stopping at epoch 13: no improvement in val_loss for 10 epochs (best=-0.000251 at epoch 3)
[18/23] BA         (weak  ) profit-log    dir_acc=0.491 cum_ret=+0.1991 geo_ret=+0.1427 sharpe=+0.484 (buy&hold=+0.0121 always_short=-0.1348) [2.4s]
Epoch 001/50 | [MSE] train_loss=0.000403 val_loss=0.000197 | train_profit=-1.560106 (-156,011 PHP) val_profit=0.438222 (+43,822 PHP) | train_geo=-0.827855 (-82,785 PHP) val_geo=0.502073 (+50,207 PHP)
Epoch 002/50 | [MSE] train_loss=0.000293 val_loss=0.000194 | train_profit=-1.477567 (-147,757 PHP) val_profit=0.406510 (+40,651 PHP) | train_geo=-0.813603 (-81,360 PHP) val_geo=0.455054 (+45,505 PHP)
Epoch 003/50 | [MSE] train_loss=0.000286 val_loss=0.000194 | train_profit=-2.365339 (-236,534 PHP) val_profit=0.317308 (+31,731 PHP) | train_geo=-0.923279 (-92,328 PHP) val_geo=0.330989 (+33,099 PHP)
Epoch 004/50 | [MSE] train_loss=0.000281 val_loss=0.000194 | train_profit=-2.308855 (-230,885 PHP) val_profit=0.416331 (+41,633 PHP) | train_geo=-0.918768 (-91,877 PHP) val_geo=0.469513 (+46,951 PHP)
Epoch 005/50 | [MSE] train_loss=0.000275 val_loss=0.000194 | train_profit=-1.568531 (-156,853 PHP) val_profit=0.386558 (+38,656 PHP) | train_geo=-0.829419 (-82,942 PHP) val_geo=0.426317 (+42,632 PHP)
Epoch 006/50 | [MSE] train_loss=0.000277 val_loss=0.000194 | train_profit=-1.539448 (-153,945 PHP) val_profit=0.329817 (+32,982 PHP) | train_geo=-0.824435 (-82,444 PHP) val_geo=0.347570 (+34,757 PHP)
Epoch 007/50 | [MSE] train_loss=0.000273 val_loss=0.000193 | train_profit=-1.247488 (-124,749 PHP) val_profit=0.556955 (+55,695 PHP) | train_geo=-0.764473 (-76,447 PHP) val_geo=0.691467 (+69,147 PHP)
Epoch 008/50 | [MSE] train_loss=0.000270 val_loss=0.000193 | train_profit=-1.066811 (-106,681 PHP) val_profit=0.576098 (+57,610 PHP) | train_geo=-0.717894 (-71,789 PHP) val_geo=0.724213 (+72,421 PHP)
Epoch 009/50 | [MSE] train_loss=0.000274 val_loss=0.000193 | train_profit=-1.798360 (-179,836 PHP) val_profit=0.576098 (+57,610 PHP) | train_geo=-0.864284 (-86,428 PHP) val_geo=0.724213 (+72,421 PHP)
Epoch 010/50 | [MSE] train_loss=0.000270 val_loss=0.000193 | train_profit=-0.737642 (-73,764 PHP) val_profit=0.576098 (+57,610 PHP) | train_geo=-0.607773 (-60,777 PHP) val_geo=0.724213 (+72,421 PHP)
Epoch 011/50 | [MSE] train_loss=0.000274 val_loss=0.000193 | train_profit=-1.827857 (-182,786 PHP) val_profit=0.576098 (+57,610 PHP) | train_geo=-0.868428 (-86,843 PHP) val_geo=0.724213 (+72,421 PHP)
Epoch 012/50 | [MSE] train_loss=0.000272 val_loss=0.000193 | train_profit=-1.478727 (-147,873 PHP) val_profit=0.576098 (+57,610 PHP) | train_geo=-0.813301 (-81,330 PHP) val_geo=0.724213 (+72,421 PHP)
Epoch 013/50 | [MSE] train_loss=0.000270 val_loss=0.000193 | train_profit=-2.469198 (-246,920 PHP) val_profit=0.576098 (+57,610 PHP) | train_geo=-0.930789 (-93,079 PHP) val_geo=0.724213 (+72,421 PHP)
Epoch 014/50 | [MSE] train_loss=0.000270 val_loss=0.000193 | train_profit=-2.237183 (-223,718 PHP) val_profit=0.576098 (+57,610 PHP) | train_geo=-0.912702 (-91,270 PHP) val_geo=0.724213 (+72,421 PHP)
Epoch 015/50 | [MSE] train_loss=0.000267 val_loss=0.000193 | train_profit=-0.115007 (-11,501 PHP) val_profit=0.576540 (+57,654 PHP) | train_geo=-0.267202 (-26,720 PHP) val_geo=0.725019 (+72,502 PHP)
Epoch 016/50 | [MSE] train_loss=0.000271 val_loss=0.000193 | train_profit=-1.545364 (-154,536 PHP) val_profit=0.576098 (+57,610 PHP) | train_geo=-0.825242 (-82,524 PHP) val_geo=0.724213 (+72,421 PHP)
Epoch 017/50 | [MSE] train_loss=0.000270 val_loss=0.000193 | train_profit=-0.994199 (-99,420 PHP) val_profit=0.576098 (+57,610 PHP) | train_geo=-0.696595 (-69,659 PHP) val_geo=0.724213 (+72,421 PHP)
Epoch 018/50 | [MSE] train_loss=0.000270 val_loss=0.000193 | train_profit=-1.466094 (-146,609 PHP) val_profit=0.576098 (+57,610 PHP) | train_geo=-0.811053 (-81,105 PHP) val_geo=0.724213 (+72,421 PHP)
Epoch 019/50 | [MSE] train_loss=0.000270 val_loss=0.000193 | train_profit=-1.397493 (-139,749 PHP) val_profit=0.547223 (+54,722 PHP) | train_geo=-0.797385 (-79,738 PHP) val_geo=0.675089 (+67,509 PHP)
Epoch 020/50 | [MSE] train_loss=0.000269 val_loss=0.000193 | train_profit=-1.258341 (-125,834 PHP) val_profit=0.576098 (+57,610 PHP) | train_geo=-0.767138 (-76,714 PHP) val_geo=0.724213 (+72,421 PHP)
Epoch 021/50 | [MSE] train_loss=0.000270 val_loss=0.000193 | train_profit=-1.693793 (-169,379 PHP) val_profit=0.576098 (+57,610 PHP) | train_geo=-0.849373 (-84,937 PHP) val_geo=0.724213 (+72,421 PHP)
Epoch 022/50 | [MSE] train_loss=0.000269 val_loss=0.000193 | train_profit=-1.790945 (-179,095 PHP) val_profit=0.576098 (+57,610 PHP) | train_geo=-0.863508 (-86,351 PHP) val_geo=0.724213 (+72,421 PHP)
Epoch 023/50 | [MSE] train_loss=0.000269 val_loss=0.000194 | train_profit=-1.839316 (-183,932 PHP) val_profit=0.562469 (+56,247 PHP) | train_geo=-0.869874 (-86,987 PHP) val_geo=0.700690 (+70,069 PHP)
Epoch 024/50 | [MSE] train_loss=0.000270 val_loss=0.000194 | train_profit=-1.815409 (-181,541 PHP) val_profit=0.576098 (+57,610 PHP) | train_geo=-0.866804 (-86,680 PHP) val_geo=0.724213 (+72,421 PHP)
Epoch 025/50 | [MSE] train_loss=0.000270 val_loss=0.000194 | train_profit=-1.403589 (-140,359 PHP) val_profit=0.520164 (+52,016 PHP) | train_geo=-0.798689 (-79,869 PHP) val_geo=0.630369 (+63,037 PHP)
Epoch 026/50 | [MSE] train_loss=0.000269 val_loss=0.000194 | train_profit=-1.535166 (-153,517 PHP) val_profit=0.515010 (+51,501 PHP) | train_geo=-0.823610 (-82,361 PHP) val_geo=0.621965 (+62,196 PHP)
Early stopping at epoch 26: no improvement in val_loss for 10 epochs (best=0.000193 at epoch 16)
[19/23] T          (weak  ) mse           dir_acc=0.512 cum_ret=+0.0349 geo_ret=+0.0000 sharpe=+0.117 (buy&hold=+0.0010 always_short=-0.0684) [2.1s] [DEGENERATE: constant signal]
Epoch 001/50 | train_loss=0.000582 val_loss=0.002230 | train_profit=-0.307842 (-30,784 PHP) val_profit=-0.578098 (-57,810 PHP) | train_geo=-0.396824 (-39,682 PHP) val_geo=-0.456367 (-45,637 PHP)
Epoch 002/50 | train_loss=0.000541 val_loss=0.002092 | train_profit=-0.287569 (-28,757 PHP) val_profit=-0.578098 (-57,810 PHP) | train_geo=-0.384408 (-38,441 PHP) val_geo=-0.456367 (-45,637 PHP)
Epoch 003/50 | train_loss=0.000417 val_loss=0.001939 | train_profit=-0.169563 (-16,956 PHP) val_profit=-0.578098 (-57,810 PHP) | train_geo=-0.307352 (-30,735 PHP) val_geo=-0.456367 (-45,637 PHP)
Epoch 004/50 | train_loss=0.000370 val_loss=0.001990 | train_profit=-0.169563 (-16,956 PHP) val_profit=-0.578098 (-57,810 PHP) | train_geo=-0.307352 (-30,735 PHP) val_geo=-0.456367 (-45,637 PHP)
Epoch 005/50 | train_loss=0.000341 val_loss=0.001878 | train_profit=-0.283886 (-28,389 PHP) val_profit=-0.573462 (-57,346 PHP) | train_geo=-0.382129 (-38,213 PHP) val_geo=-0.453836 (-45,384 PHP)
Epoch 006/50 | train_loss=0.000438 val_loss=0.001994 | train_profit=0.000209 (+21 PHP) val_profit=-0.593865 (-59,386 PHP) | train_geo=-0.178732 (-17,873 PHP) val_geo=-0.464922 (-46,492 PHP)
Epoch 007/50 | train_loss=0.000163 val_loss=0.000655 | train_profit=0.120108 (+12,011 PHP) val_profit=-0.253131 (-25,313 PHP) | train_geo=-0.074589 (-7,459 PHP) val_geo=-0.247627 (-24,763 PHP)
Epoch 008/50 | train_loss=0.000377 val_loss=-0.001401 | train_profit=-0.167482 (-16,748 PHP) val_profit=0.576098 (+57,610 PHP) | train_geo=-0.306210 (-30,621 PHP) val_geo=0.724213 (+72,421 PHP)
Epoch 009/50 | train_loss=0.000225 val_loss=-0.001497 | train_profit=0.167563 (+16,756 PHP) val_profit=0.576098 (+57,610 PHP) | train_geo=-0.030744 (-3,074 PHP) val_geo=0.724213 (+72,421 PHP)
Epoch 010/50 | train_loss=0.000045 val_loss=-0.001567 | train_profit=0.167563 (+16,756 PHP) val_profit=0.576098 (+57,610 PHP) | train_geo=-0.030744 (-3,074 PHP) val_geo=0.724213 (+72,421 PHP)
Epoch 011/50 | train_loss=0.000002 val_loss=-0.001610 | train_profit=0.167563 (+16,756 PHP) val_profit=0.576098 (+57,610 PHP) | train_geo=-0.030744 (-3,074 PHP) val_geo=0.724213 (+72,421 PHP)
Epoch 012/50 | train_loss=-0.000036 val_loss=-0.001528 | train_profit=0.167563 (+16,756 PHP) val_profit=0.576098 (+57,610 PHP) | train_geo=-0.030744 (-3,074 PHP) val_geo=0.724213 (+72,421 PHP)
Epoch 013/50 | train_loss=-0.000041 val_loss=-0.001581 | train_profit=0.167563 (+16,756 PHP) val_profit=0.576098 (+57,610 PHP) | train_geo=-0.030744 (-3,074 PHP) val_geo=0.724213 (+72,421 PHP)
Epoch 014/50 | train_loss=-0.000051 val_loss=-0.001495 | train_profit=0.167563 (+16,756 PHP) val_profit=0.576098 (+57,610 PHP) | train_geo=-0.030744 (-3,074 PHP) val_geo=0.724213 (+72,421 PHP)
Epoch 015/50 | train_loss=-0.000054 val_loss=-0.001508 | train_profit=0.167563 (+16,756 PHP) val_profit=0.576098 (+57,610 PHP) | train_geo=-0.030744 (-3,074 PHP) val_geo=0.724213 (+72,421 PHP)
Epoch 016/50 | train_loss=-0.000059 val_loss=-0.001554 | train_profit=0.167563 (+16,756 PHP) val_profit=0.576098 (+57,610 PHP) | train_geo=-0.030744 (-3,074 PHP) val_geo=0.724213 (+72,421 PHP)
Epoch 017/50 | train_loss=-0.000053 val_loss=-0.001499 | train_profit=0.167563 (+16,756 PHP) val_profit=0.576098 (+57,610 PHP) | train_geo=-0.030744 (-3,074 PHP) val_geo=0.724213 (+72,421 PHP)
Epoch 018/50 | train_loss=-0.000046 val_loss=-0.001592 | train_profit=0.167563 (+16,756 PHP) val_profit=0.576098 (+57,610 PHP) | train_geo=-0.030744 (-3,074 PHP) val_geo=0.724213 (+72,421 PHP)
Epoch 019/50 | train_loss=-0.000053 val_loss=-0.001471 | train_profit=0.167563 (+16,756 PHP) val_profit=0.576098 (+57,610 PHP) | train_geo=-0.030744 (-3,074 PHP) val_geo=0.724213 (+72,421 PHP)
Epoch 020/50 | train_loss=-0.000067 val_loss=-0.001528 | train_profit=0.167563 (+16,756 PHP) val_profit=0.576098 (+57,610 PHP) | train_geo=-0.030744 (-3,074 PHP) val_geo=0.724213 (+72,421 PHP)
Epoch 021/50 | train_loss=-0.000049 val_loss=-0.001512 | train_profit=0.167563 (+16,756 PHP) val_profit=0.576098 (+57,610 PHP) | train_geo=-0.030744 (-3,074 PHP) val_geo=0.724213 (+72,421 PHP)
Early stopping at epoch 21: no improvement in val_loss for 10 epochs (best=-0.001610 at epoch 11)
[19/23] T          (weak  ) profit-aware  dir_acc=0.512 cum_ret=+0.0349 geo_ret=+0.0000 sharpe=+0.117 (buy&hold=+0.0010 always_short=-0.0684) [3.0s] [DEGENERATE: constant signal]
Epoch 001/50 | [PROFIT-LOG] train_loss=0.000569 val_loss=0.001729 | train_profit=-0.411238 (-41,124 PHP) val_profit=-0.464225 (-46,423 PHP) | train_geo=-0.456268 (-45,627 PHP) val_geo=-0.390772 (-39,077 PHP)
Epoch 002/50 | [PROFIT-LOG] train_loss=0.000294 val_loss=0.001908 | train_profit=-0.108641 (-10,864 PHP) val_profit=-0.578098 (-57,810 PHP) | train_geo=-0.263852 (-26,385 PHP) val_geo=-0.456367 (-45,637 PHP)
Epoch 003/50 | [PROFIT-LOG] train_loss=0.000315 val_loss=0.001908 | train_profit=-0.169563 (-16,956 PHP) val_profit=-0.578098 (-57,810 PHP) | train_geo=-0.307352 (-30,735 PHP) val_geo=-0.456367 (-45,637 PHP)
Epoch 004/50 | [PROFIT-LOG] train_loss=0.000315 val_loss=0.001908 | train_profit=-0.169563 (-16,956 PHP) val_profit=-0.578098 (-57,810 PHP) | train_geo=-0.307352 (-30,735 PHP) val_geo=-0.456367 (-45,637 PHP)
Epoch 005/50 | [PROFIT-LOG] train_loss=0.000315 val_loss=0.001908 | train_profit=-0.169563 (-16,956 PHP) val_profit=-0.578098 (-57,810 PHP) | train_geo=-0.307352 (-30,735 PHP) val_geo=-0.456367 (-45,637 PHP)
Epoch 006/50 | [PROFIT-LOG] train_loss=0.000315 val_loss=0.001908 | train_profit=-0.169563 (-16,956 PHP) val_profit=-0.578098 (-57,810 PHP) | train_geo=-0.307352 (-30,735 PHP) val_geo=-0.456367 (-45,637 PHP)
Epoch 007/50 | [PROFIT-LOG] train_loss=0.000315 val_loss=0.001908 | train_profit=-0.169563 (-16,956 PHP) val_profit=-0.578098 (-57,810 PHP) | train_geo=-0.307352 (-30,735 PHP) val_geo=-0.456367 (-45,637 PHP)
Epoch 008/50 | [PROFIT-LOG] train_loss=0.000315 val_loss=0.001908 | train_profit=-0.169563 (-16,956 PHP) val_profit=-0.578098 (-57,810 PHP) | train_geo=-0.307352 (-30,735 PHP) val_geo=-0.456367 (-45,637 PHP)
Epoch 009/50 | [PROFIT-LOG] train_loss=0.000315 val_loss=0.001908 | train_profit=-0.169563 (-16,956 PHP) val_profit=-0.578098 (-57,810 PHP) | train_geo=-0.307352 (-30,735 PHP) val_geo=-0.456367 (-45,637 PHP)
Epoch 010/50 | [PROFIT-LOG] train_loss=0.000315 val_loss=0.001908 | train_profit=-0.169563 (-16,956 PHP) val_profit=-0.578098 (-57,810 PHP) | train_geo=-0.307352 (-30,735 PHP) val_geo=-0.456367 (-45,637 PHP)
Epoch 011/50 | [PROFIT-LOG] train_loss=0.000315 val_loss=0.001908 | train_profit=-0.169563 (-16,956 PHP) val_profit=-0.578098 (-57,810 PHP) | train_geo=-0.307352 (-30,735 PHP) val_geo=-0.456367 (-45,637 PHP)
Early stopping at epoch 11: no improvement in val_loss for 10 epochs (best=0.001729 at epoch 1)
[19/23] T          (weak  ) profit-log    dir_acc=0.491 cum_ret=-0.0563 geo_ret=-0.0872 sharpe=-0.189 (buy&hold=+0.0010 always_short=-0.0684) [1.8s]
Epoch 001/50 | [MSE] train_loss=0.008730 val_loss=0.007846 | train_profit=-0.799811 (-79,981 PHP) val_profit=-1.306820 (-130,682 PHP) | train_geo=-0.999448 (-99,945 PHP) val_geo=-0.889735 (-88,974 PHP)
Epoch 002/50 | [MSE] train_loss=0.006357 val_loss=0.007500 | train_profit=-2.195312 (-219,531 PHP) val_profit=1.349598 (+134,960 PHP) | train_geo=-0.999931 (-99,993 PHP) val_geo=0.497058 (+49,706 PHP)
Epoch 003/50 | [MSE] train_loss=0.005776 val_loss=0.007437 | train_profit=2.505735 (+250,573 PHP) val_profit=1.724602 (+172,460 PHP) | train_geo=-0.801609 (-80,161 PHP) val_geo=1.216484 (+121,648 PHP)
Epoch 004/50 | [MSE] train_loss=0.005768 val_loss=0.007368 | train_profit=0.416332 (+41,633 PHP) val_profit=1.349598 (+134,960 PHP) | train_geo=-0.998895 (-99,890 PHP) val_geo=0.497058 (+49,706 PHP)
Epoch 005/50 | [MSE] train_loss=0.005755 val_loss=0.007433 | train_profit=2.717673 (+271,767 PHP) val_profit=1.349598 (+134,960 PHP) | train_geo=-0.851826 (-85,183 PHP) val_geo=0.497058 (+49,706 PHP)
Epoch 006/50 | [MSE] train_loss=0.005710 val_loss=0.007398 | train_profit=0.534207 (+53,421 PHP) val_profit=1.349598 (+134,960 PHP) | train_geo=-0.998800 (-99,880 PHP) val_geo=0.497058 (+49,706 PHP)
Epoch 007/50 | [MSE] train_loss=0.005782 val_loss=0.007450 | train_profit=0.467705 (+46,771 PHP) val_profit=0.889901 (+88,990 PHP) | train_geo=-0.997965 (-99,797 PHP) val_geo=-0.056117 (-5,612 PHP)
Epoch 008/50 | [MSE] train_loss=0.005615 val_loss=0.007388 | train_profit=0.998057 (+99,806 PHP) val_profit=1.357868 (+135,787 PHP) | train_geo=-0.996404 (-99,640 PHP) val_geo=0.509692 (+50,969 PHP)
Epoch 009/50 | [MSE] train_loss=0.005586 val_loss=0.007435 | train_profit=4.069611 (+406,961 PHP) val_profit=1.032993 (+103,299 PHP) | train_geo=-0.909348 (-90,935 PHP) val_geo=0.088812 (+8,881 PHP)
Epoch 010/50 | [MSE] train_loss=0.005491 val_loss=0.007407 | train_profit=1.054491 (+105,449 PHP) val_profit=0.877456 (+87,746 PHP) | train_geo=-0.996425 (-99,642 PHP) val_geo=-0.068231 (-6,823 PHP)
Epoch 011/50 | [MSE] train_loss=0.005614 val_loss=0.007450 | train_profit=2.384061 (+238,406 PHP) val_profit=0.915747 (+91,575 PHP) | train_geo=-0.894958 (-89,496 PHP) val_geo=-0.031742 (-3,174 PHP)
Epoch 012/50 | [MSE] train_loss=0.005459 val_loss=0.007445 | train_profit=3.234719 (+323,472 PHP) val_profit=1.211615 (+121,161 PHP) | train_geo=-0.635747 (-63,575 PHP) val_geo=0.302643 (+30,264 PHP)
Epoch 013/50 | [MSE] train_loss=0.005637 val_loss=0.007484 | train_profit=3.845903 (+384,590 PHP) val_profit=1.592479 (+159,248 PHP) | train_geo=-0.474109 (-47,411 PHP) val_geo=0.909921 (+90,992 PHP)
Epoch 014/50 | [MSE] train_loss=0.005523 val_loss=0.007423 | train_profit=0.840448 (+84,045 PHP) val_profit=1.211615 (+121,161 PHP) | train_geo=-0.997129 (-99,713 PHP) val_geo=0.302643 (+30,264 PHP)
Early stopping at epoch 14: no improvement in val_loss for 10 epochs (best=0.007368 at epoch 4)
[20/23] PARA       (weak  ) mse           dir_acc=0.579 cum_ret=+2.4789 geo_ret=+3.1785 sharpe=+1.968 (buy&hold=-0.9696 always_short=+3.1826) [0.9s] [DEGENERATE: constant signal]
Epoch 001/50 | train_loss=0.000975 val_loss=-0.002997 | train_profit=1.045027 (+104,503 PHP) val_profit=1.349598 (+134,960 PHP) | train_geo=-0.997945 (-99,795 PHP) val_geo=0.497058 (+49,706 PHP)
Epoch 002/50 | train_loss=0.003960 val_loss=-0.005158 | train_profit=3.730793 (+373,079 PHP) val_profit=1.349598 (+134,960 PHP) | train_geo=-0.971484 (-97,148 PHP) val_geo=0.497058 (+49,706 PHP)
Epoch 003/50 | train_loss=0.002637 val_loss=0.004530 | train_profit=-2.247366 (-224,737 PHP) val_profit=1.025947 (+102,595 PHP) | train_geo=-0.999863 (-99,986 PHP) val_geo=0.151724 (+15,172 PHP)
Epoch 004/50 | train_loss=-0.001303 val_loss=-0.006428 | train_profit=3.641565 (+364,156 PHP) val_profit=1.349598 (+134,960 PHP) | train_geo=-0.973919 (-97,392 PHP) val_geo=0.497058 (+49,706 PHP)
Epoch 005/50 | train_loss=-0.000310 val_loss=-0.006910 | train_profit=1.553370 (+155,337 PHP) val_profit=1.349598 (+134,960 PHP) | train_geo=-0.996819 (-99,682 PHP) val_geo=0.497058 (+49,706 PHP)
Epoch 006/50 | train_loss=-0.000818 val_loss=-0.006887 | train_profit=3.730793 (+373,079 PHP) val_profit=1.349598 (+134,960 PHP) | train_geo=-0.971484 (-97,148 PHP) val_geo=0.497058 (+49,706 PHP)
Epoch 007/50 | train_loss=0.000604 val_loss=-0.006345 | train_profit=0.370119 (+37,012 PHP) val_profit=1.349598 (+134,960 PHP) | train_geo=-0.999034 (-99,903 PHP) val_geo=0.497058 (+49,706 PHP)
Epoch 008/50 | train_loss=0.001957 val_loss=-0.004974 | train_profit=3.730793 (+373,079 PHP) val_profit=1.349598 (+134,960 PHP) | train_geo=-0.971484 (-97,148 PHP) val_geo=0.497058 (+49,706 PHP)
Epoch 009/50 | train_loss=-0.000360 val_loss=-0.002927 | train_profit=1.879520 (+187,952 PHP) val_profit=1.181698 (+118,170 PHP) | train_geo=-0.995577 (-99,558 PHP) val_geo=0.265017 (+26,502 PHP)
Epoch 010/50 | train_loss=-0.001696 val_loss=-0.005337 | train_profit=3.801645 (+380,165 PHP) val_profit=1.349598 (+134,960 PHP) | train_geo=-0.940894 (-94,089 PHP) val_geo=0.497058 (+49,706 PHP)
Epoch 011/50 | train_loss=-0.001646 val_loss=-0.006049 | train_profit=3.598793 (+359,879 PHP) val_profit=1.349598 (+134,960 PHP) | train_geo=-0.975015 (-97,502 PHP) val_geo=0.497058 (+49,706 PHP)
Epoch 012/50 | train_loss=-0.002283 val_loss=-0.005870 | train_profit=4.869982 (+486,998 PHP) val_profit=1.349598 (+134,960 PHP) | train_geo=-0.826250 (-82,625 PHP) val_geo=0.497058 (+49,706 PHP)
Epoch 013/50 | train_loss=-0.001790 val_loss=-0.006873 | train_profit=4.700854 (+470,085 PHP) val_profit=1.349598 (+134,960 PHP) | train_geo=-0.853079 (-85,308 PHP) val_geo=0.497058 (+49,706 PHP)
Epoch 014/50 | train_loss=-0.002244 val_loss=-0.005891 | train_profit=5.364474 (+536,447 PHP) val_profit=1.349598 (+134,960 PHP) | train_geo=-0.714597 (-71,460 PHP) val_geo=0.497058 (+49,706 PHP)
Epoch 015/50 | train_loss=0.000774 val_loss=-0.005275 | train_profit=0.447809 (+44,781 PHP) val_profit=1.349598 (+134,960 PHP) | train_geo=-0.997783 (-99,778 PHP) val_geo=0.497058 (+49,706 PHP)
Early stopping at epoch 15: no improvement in val_loss for 10 epochs (best=-0.006910 at epoch 5)
[20/23] PARA       (weak  ) profit-aware  dir_acc=0.579 cum_ret=+2.4789 geo_ret=+3.1785 sharpe=+1.968 (buy&hold=-0.9696 always_short=+3.1826) [1.0s] [DEGENERATE: constant signal]
Epoch 001/50 | [PROFIT-LOG] train_loss=0.006150 val_loss=0.013660 | train_profit=-3.732793 (-373,279 PHP) val_profit=-1.351598 (-135,160 PHP) | train_geo=-0.997027 (-99,703 PHP) val_geo=-0.880379 (-88,038 PHP)
Epoch 002/50 | [PROFIT-LOG] train_loss=0.006142 val_loss=0.013660 | train_profit=-3.732793 (-373,279 PHP) val_profit=-1.351598 (-135,160 PHP) | train_geo=-0.997027 (-99,703 PHP) val_geo=-0.880379 (-88,038 PHP)
Epoch 003/50 | [PROFIT-LOG] train_loss=0.006142 val_loss=0.013660 | train_profit=-3.732793 (-373,279 PHP) val_profit=-1.351598 (-135,160 PHP) | train_geo=-0.997027 (-99,703 PHP) val_geo=-0.880379 (-88,038 PHP)
Epoch 004/50 | [PROFIT-LOG] train_loss=0.006142 val_loss=0.013660 | train_profit=-3.732793 (-373,279 PHP) val_profit=-1.351598 (-135,160 PHP) | train_geo=-0.997027 (-99,703 PHP) val_geo=-0.880379 (-88,038 PHP)
Epoch 005/50 | [PROFIT-LOG] train_loss=0.006142 val_loss=0.013660 | train_profit=-3.732793 (-373,279 PHP) val_profit=-1.351598 (-135,160 PHP) | train_geo=-0.997027 (-99,703 PHP) val_geo=-0.880379 (-88,038 PHP)
Epoch 006/50 | [PROFIT-LOG] train_loss=0.006142 val_loss=0.013660 | train_profit=-3.732793 (-373,279 PHP) val_profit=-1.351598 (-135,160 PHP) | train_geo=-0.997027 (-99,703 PHP) val_geo=-0.880379 (-88,038 PHP)
Epoch 007/50 | [PROFIT-LOG] train_loss=0.006142 val_loss=0.013660 | train_profit=-3.732793 (-373,279 PHP) val_profit=-1.351598 (-135,160 PHP) | train_geo=-0.997027 (-99,703 PHP) val_geo=-0.880379 (-88,038 PHP)
Epoch 008/50 | [PROFIT-LOG] train_loss=0.006142 val_loss=0.013660 | train_profit=-3.732793 (-373,279 PHP) val_profit=-1.351598 (-135,160 PHP) | train_geo=-0.997027 (-99,703 PHP) val_geo=-0.880379 (-88,038 PHP)
Epoch 009/50 | [PROFIT-LOG] train_loss=0.006142 val_loss=0.013660 | train_profit=-3.732793 (-373,279 PHP) val_profit=-1.351598 (-135,160 PHP) | train_geo=-0.997027 (-99,703 PHP) val_geo=-0.880379 (-88,038 PHP)
Epoch 010/50 | [PROFIT-LOG] train_loss=0.006142 val_loss=0.013660 | train_profit=-3.732793 (-373,279 PHP) val_profit=-1.351598 (-135,160 PHP) | train_geo=-0.997027 (-99,703 PHP) val_geo=-0.880379 (-88,038 PHP)
Epoch 011/50 | [PROFIT-LOG] train_loss=0.006142 val_loss=0.013660 | train_profit=-3.732793 (-373,279 PHP) val_profit=-1.351598 (-135,160 PHP) | train_geo=-0.997027 (-99,703 PHP) val_geo=-0.880379 (-88,038 PHP)
Epoch 012/50 | [PROFIT-LOG] train_loss=0.006142 val_loss=0.013659 | train_profit=-3.732793 (-373,279 PHP) val_profit=-1.351598 (-135,160 PHP) | train_geo=-0.997027 (-99,703 PHP) val_geo=-0.880379 (-88,038 PHP)
Epoch 013/50 | [PROFIT-LOG] train_loss=0.006142 val_loss=0.013653 | train_profit=-3.732793 (-373,279 PHP) val_profit=-1.351598 (-135,160 PHP) | train_geo=-0.997027 (-99,703 PHP) val_geo=-0.880379 (-88,038 PHP)
Epoch 014/50 | [PROFIT-LOG] train_loss=0.006984 val_loss=0.001769 | train_profit=-4.129977 (-412,998 PHP) val_profit=-1.184321 (-118,432 PHP) | train_geo=-0.998159 (-99,816 PHP) val_geo=-0.867384 (-86,738 PHP)
Epoch 015/50 | [PROFIT-LOG] train_loss=0.003831 val_loss=-0.006327 | train_profit=0.933260 (+93,326 PHP) val_profit=1.441813 (+144,181 PHP) | train_geo=-0.987713 (-98,771 PHP) val_geo=0.641541 (+64,154 PHP)
Epoch 016/50 | [PROFIT-LOG] train_loss=0.003380 val_loss=-0.005858 | train_profit=4.019729 (+401,973 PHP) val_profit=1.349598 (+134,960 PHP) | train_geo=-0.956661 (-95,666 PHP) val_geo=0.497058 (+49,706 PHP)
Epoch 017/50 | [PROFIT-LOG] train_loss=0.003847 val_loss=-0.005858 | train_profit=3.730793 (+373,079 PHP) val_profit=1.349598 (+134,960 PHP) | train_geo=-0.971484 (-97,148 PHP) val_geo=0.497058 (+49,706 PHP)
Epoch 018/50 | [PROFIT-LOG] train_loss=0.003847 val_loss=-0.005858 | train_profit=3.730793 (+373,079 PHP) val_profit=1.349598 (+134,960 PHP) | train_geo=-0.971484 (-97,148 PHP) val_geo=0.497058 (+49,706 PHP)
Epoch 019/50 | [PROFIT-LOG] train_loss=0.003847 val_loss=-0.005858 | train_profit=3.730793 (+373,079 PHP) val_profit=1.349598 (+134,960 PHP) | train_geo=-0.971484 (-97,148 PHP) val_geo=0.497058 (+49,706 PHP)
Epoch 020/50 | [PROFIT-LOG] train_loss=0.003847 val_loss=-0.005858 | train_profit=3.730793 (+373,079 PHP) val_profit=1.349598 (+134,960 PHP) | train_geo=-0.971484 (-97,148 PHP) val_geo=0.497058 (+49,706 PHP)
Epoch 021/50 | [PROFIT-LOG] train_loss=0.003847 val_loss=-0.005858 | train_profit=3.730793 (+373,079 PHP) val_profit=1.349598 (+134,960 PHP) | train_geo=-0.971484 (-97,148 PHP) val_geo=0.497058 (+49,706 PHP)
Epoch 022/50 | [PROFIT-LOG] train_loss=0.003847 val_loss=-0.005858 | train_profit=3.730793 (+373,079 PHP) val_profit=1.349598 (+134,960 PHP) | train_geo=-0.971484 (-97,148 PHP) val_geo=0.497058 (+49,706 PHP)
Epoch 023/50 | [PROFIT-LOG] train_loss=0.003847 val_loss=-0.005858 | train_profit=3.730793 (+373,079 PHP) val_profit=1.349598 (+134,960 PHP) | train_geo=-0.971484 (-97,148 PHP) val_geo=0.497058 (+49,706 PHP)
Epoch 024/50 | [PROFIT-LOG] train_loss=0.003847 val_loss=-0.005858 | train_profit=3.730793 (+373,079 PHP) val_profit=1.349598 (+134,960 PHP) | train_geo=-0.971484 (-97,148 PHP) val_geo=0.497058 (+49,706 PHP)
Epoch 025/50 | [PROFIT-LOG] train_loss=0.003847 val_loss=-0.005858 | train_profit=3.730793 (+373,079 PHP) val_profit=1.349598 (+134,960 PHP) | train_geo=-0.971484 (-97,148 PHP) val_geo=0.497058 (+49,706 PHP)
Early stopping at epoch 25: no improvement in val_loss for 10 epochs (best=-0.006327 at epoch 15)
[20/23] PARA       (weak  ) profit-log    dir_acc=0.569 cum_ret=+2.6695 geo_ret=+4.3902 sharpe=+2.123 (buy&hold=-0.9696 always_short=+3.1826) [1.7s]
Epoch 001/50 | [MSE] train_loss=0.002608 val_loss=0.001198 | train_profit=-0.990512 (-99,051 PHP) val_profit=0.380722 (+38,072 PHP) | train_geo=-0.839763 (-83,976 PHP) val_geo=0.301574 (+30,157 PHP)
Epoch 002/50 | [MSE] train_loss=0.001994 val_loss=0.001113 | train_profit=-0.488342 (-48,834 PHP) val_profit=-0.192657 (-19,266 PHP) | train_geo=-0.729980 (-72,998 PHP) val_geo=-0.266667 (-26,667 PHP)
Epoch 003/50 | [MSE] train_loss=0.001724 val_loss=0.001061 | train_profit=-1.050075 (-105,008 PHP) val_profit=-0.922816 (-92,282 PHP) | train_geo=-0.845682 (-84,568 PHP) val_geo=-0.647522 (-64,752 PHP)
Epoch 004/50 | [MSE] train_loss=0.001742 val_loss=0.001044 | train_profit=-2.902511 (-290,251 PHP) val_profit=-0.473338 (-47,334 PHP) | train_geo=-0.976831 (-97,683 PHP) val_geo=-0.446864 (-44,686 PHP)
Epoch 005/50 | [MSE] train_loss=0.001709 val_loss=0.001068 | train_profit=0.491117 (+49,112 PHP) val_profit=-0.597269 (-59,727 PHP) | train_geo=-0.269179 (-26,918 PHP) val_geo=-0.511372 (-51,137 PHP)
Epoch 006/50 | [MSE] train_loss=0.001705 val_loss=0.001053 | train_profit=-2.176039 (-217,604 PHP) val_profit=-0.835896 (-83,590 PHP) | train_geo=-0.952387 (-95,239 PHP) val_geo=-0.615243 (-61,524 PHP)
Epoch 007/50 | [MSE] train_loss=0.001674 val_loss=0.001075 | train_profit=-0.910747 (-91,075 PHP) val_profit=-0.366527 (-36,653 PHP) | train_geo=-0.823642 (-82,364 PHP) val_geo=-0.384468 (-38,447 PHP)
Epoch 008/50 | [MSE] train_loss=0.001639 val_loss=0.001039 | train_profit=0.298126 (+29,813 PHP) val_profit=-0.441052 (-44,105 PHP) | train_geo=-0.397744 (-39,774 PHP) val_geo=-0.427997 (-42,800 PHP)
Epoch 009/50 | [MSE] train_loss=0.001666 val_loss=0.001077 | train_profit=0.163399 (+16,340 PHP) val_profit=-1.103121 (-110,312 PHP) | train_geo=-0.472534 (-47,253 PHP) val_geo=-0.705874 (-70,587 PHP)
Epoch 010/50 | [MSE] train_loss=0.001654 val_loss=0.001073 | train_profit=-0.310512 (-31,051 PHP) val_profit=-0.533654 (-53,365 PHP) | train_geo=-0.675196 (-67,520 PHP) val_geo=-0.479084 (-47,908 PHP)
Epoch 011/50 | [MSE] train_loss=0.001613 val_loss=0.001061 | train_profit=2.171812 (+217,181 PHP) val_profit=-1.298846 (-129,885 PHP) | train_geo=3.005507 (+300,551 PHP) val_geo=-0.758367 (-75,837 PHP)
Epoch 012/50 | [MSE] train_loss=0.001647 val_loss=0.001073 | train_profit=-0.119132 (-11,913 PHP) val_profit=-0.547935 (-54,793 PHP) | train_geo=-0.608820 (-60,882 PHP) val_geo=-0.486669 (-48,667 PHP)
Epoch 013/50 | [MSE] train_loss=0.001642 val_loss=0.001060 | train_profit=-0.331168 (-33,117 PHP) val_profit=-0.738732 (-73,873 PHP) | train_geo=-0.690445 (-69,045 PHP) val_geo=-0.576275 (-57,628 PHP)
Epoch 014/50 | [MSE] train_loss=0.001630 val_loss=0.001075 | train_profit=1.375180 (+137,518 PHP) val_profit=-0.529750 (-52,975 PHP) | train_geo=0.757724 (+75,772 PHP) val_geo=-0.477198 (-47,720 PHP)
Epoch 015/50 | [MSE] train_loss=0.001639 val_loss=0.001054 | train_profit=-0.317335 (-31,733 PHP) val_profit=-0.843852 (-84,385 PHP) | train_geo=-0.678520 (-67,852 PHP) val_geo=-0.618204 (-61,820 PHP)
Epoch 016/50 | [MSE] train_loss=0.001629 val_loss=0.001066 | train_profit=0.866494 (+86,649 PHP) val_profit=-0.803587 (-80,359 PHP) | train_geo=0.057370 (+5,737 PHP) val_geo=-0.602958 (-60,296 PHP)
Epoch 017/50 | [MSE] train_loss=0.001628 val_loss=0.001064 | train_profit=1.964590 (+196,459 PHP) val_profit=-0.901034 (-90,103 PHP) | train_geo=2.200838 (+220,084 PHP) val_geo=-0.639840 (-63,984 PHP)
Epoch 018/50 | [MSE] train_loss=0.001603 val_loss=0.001076 | train_profit=0.736490 (+73,649 PHP) val_profit=-0.554645 (-55,464 PHP) | train_geo=-0.066592 (-6,659 PHP) val_geo=-0.490163 (-49,016 PHP)
Early stopping at epoch 18: no improvement in val_loss for 10 epochs (best=0.001039 at epoch 8)
[21/23] GRAB       (weak  ) mse           dir_acc=0.507 cum_ret=-0.1992 geo_ret=-0.2263 sharpe=-0.647 (buy&hold=-0.4134 always_short=+0.5217) [1.1s]
Epoch 001/50 | train_loss=0.003223 val_loss=0.005131 | train_profit=-0.906864 (-90,686 PHP) val_profit=-0.332335 (-33,233 PHP) | train_geo=-0.821736 (-82,174 PHP) val_geo=-0.362295 (-36,230 PHP)
Epoch 002/50 | train_loss=0.002692 val_loss=0.003321 | train_profit=0.237132 (+23,713 PHP) val_profit=-0.332335 (-33,233 PHP) | train_geo=-0.443423 (-44,342 PHP) val_geo=-0.362295 (-36,230 PHP)
Epoch 003/50 | train_loss=-0.000499 val_loss=0.001417 | train_profit=1.915380 (+191,538 PHP) val_profit=-0.090187 (-9,019 PHP) | train_geo=1.987945 (+198,794 PHP) val_geo=-0.188731 (-18,873 PHP)
Epoch 004/50 | train_loss=0.001539 val_loss=0.003322 | train_profit=-0.445298 (-44,530 PHP) val_profit=-0.311809 (-31,181 PHP) | train_geo=-0.719334 (-71,933 PHP) val_geo=-0.350225 (-35,023 PHP)
Epoch 005/50 | train_loss=-0.000692 val_loss=0.002527 | train_profit=1.777330 (+177,733 PHP) val_profit=-0.344891 (-34,489 PHP) | train_geo=1.629606 (+162,961 PHP) val_geo=-0.371012 (-37,101 PHP)
Epoch 006/50 | train_loss=0.000666 val_loss=0.003459 | train_profit=0.050058 (+5,006 PHP) val_profit=-0.434416 (-43,442 PHP) | train_geo=-0.529034 (-52,903 PHP) val_geo=-0.424235 (-42,423 PHP)
Epoch 007/50 | train_loss=-0.000365 val_loss=0.002409 | train_profit=1.843630 (+184,363 PHP) val_profit=-0.196150 (-19,615 PHP) | train_geo=1.781817 (+178,182 PHP) val_geo=-0.269940 (-26,994 PHP)
Epoch 008/50 | train_loss=0.000961 val_loss=0.003757 | train_profit=0.320407 (+32,041 PHP) val_profit=-0.350657 (-35,066 PHP) | train_geo=-0.382561 (-38,256 PHP) val_geo=-0.374958 (-37,496 PHP)
Epoch 009/50 | train_loss=-0.000177 val_loss=0.004008 | train_profit=0.269476 (+26,948 PHP) val_profit=-0.415776 (-41,578 PHP) | train_geo=-0.418080 (-41,808 PHP) val_geo=-0.413313 (-41,331 PHP)
Epoch 010/50 | train_loss=-0.001235 val_loss=0.003156 | train_profit=2.714465 (+271,447 PHP) val_profit=-0.386931 (-38,693 PHP) | train_geo=5.752932 (+575,293 PHP) val_geo=-0.396785 (-39,679 PHP)
Epoch 011/50 | train_loss=0.000092 val_loss=0.003780 | train_profit=1.087057 (+108,706 PHP) val_profit=-0.183585 (-18,359 PHP) | train_geo=0.329691 (+32,969 PHP) val_geo=-0.261045 (-26,105 PHP)
Epoch 012/50 | train_loss=-0.000741 val_loss=0.004315 | train_profit=1.622844 (+162,284 PHP) val_profit=-0.711358 (-71,136 PHP) | train_geo=1.263268 (+126,327 PHP) val_geo=-0.564289 (-56,429 PHP)
Epoch 013/50 | train_loss=-0.001259 val_loss=0.003713 | train_profit=3.164388 (+316,439 PHP) val_profit=-0.638448 (-63,845 PHP) | train_geo=9.640345 (+964,034 PHP) val_geo=-0.531660 (-53,166 PHP)
Early stopping at epoch 13: no improvement in val_loss for 10 epochs (best=0.001417 at epoch 3)
[21/23] GRAB       (weak  ) profit-aware  dir_acc=0.440 cum_ret=-0.4254 geo_ret=-0.3826 sharpe=-1.390 (buy&hold=-0.4134 always_short=+0.5217) [0.8s]
Epoch 001/50 | [PROFIT-LOG] train_loss=0.000847 val_loss=0.001994 | train_profit=-0.328957 (-32,896 PHP) val_profit=-0.332335 (-33,233 PHP) | train_geo=-0.682518 (-68,252 PHP) val_geo=-0.362295 (-36,230 PHP)
Epoch 002/50 | [PROFIT-LOG] train_loss=0.000342 val_loss=0.001994 | train_profit=0.237132 (+23,713 PHP) val_profit=-0.332335 (-33,233 PHP) | train_geo=-0.443423 (-44,342 PHP) val_geo=-0.362295 (-36,230 PHP)
Epoch 003/50 | [PROFIT-LOG] train_loss=0.000342 val_loss=0.001994 | train_profit=0.237132 (+23,713 PHP) val_profit=-0.332335 (-33,233 PHP) | train_geo=-0.443423 (-44,342 PHP) val_geo=-0.362295 (-36,230 PHP)
Epoch 004/50 | [PROFIT-LOG] train_loss=0.000342 val_loss=0.001994 | train_profit=0.237132 (+23,713 PHP) val_profit=-0.332335 (-33,233 PHP) | train_geo=-0.443423 (-44,342 PHP) val_geo=-0.362295 (-36,230 PHP)
Epoch 005/50 | [PROFIT-LOG] train_loss=0.000342 val_loss=0.001994 | train_profit=0.237132 (+23,713 PHP) val_profit=-0.332335 (-33,233 PHP) | train_geo=-0.443423 (-44,342 PHP) val_geo=-0.362295 (-36,230 PHP)
Epoch 006/50 | [PROFIT-LOG] train_loss=0.000342 val_loss=0.001994 | train_profit=0.237132 (+23,713 PHP) val_profit=-0.332335 (-33,233 PHP) | train_geo=-0.443423 (-44,342 PHP) val_geo=-0.362295 (-36,230 PHP)
Epoch 007/50 | [PROFIT-LOG] train_loss=0.000342 val_loss=0.001994 | train_profit=0.237132 (+23,713 PHP) val_profit=-0.332335 (-33,233 PHP) | train_geo=-0.443423 (-44,342 PHP) val_geo=-0.362295 (-36,230 PHP)
Epoch 008/50 | [PROFIT-LOG] train_loss=0.000342 val_loss=0.001994 | train_profit=0.237132 (+23,713 PHP) val_profit=-0.332335 (-33,233 PHP) | train_geo=-0.443423 (-44,342 PHP) val_geo=-0.362295 (-36,230 PHP)
Epoch 009/50 | [PROFIT-LOG] train_loss=0.000342 val_loss=0.001994 | train_profit=0.237132 (+23,713 PHP) val_profit=-0.332335 (-33,233 PHP) | train_geo=-0.443423 (-44,342 PHP) val_geo=-0.362295 (-36,230 PHP)
Epoch 010/50 | [PROFIT-LOG] train_loss=0.000342 val_loss=0.001994 | train_profit=0.237132 (+23,713 PHP) val_profit=-0.332335 (-33,233 PHP) | train_geo=-0.443423 (-44,342 PHP) val_geo=-0.362295 (-36,230 PHP)
Epoch 011/50 | [PROFIT-LOG] train_loss=0.000342 val_loss=0.001994 | train_profit=0.237132 (+23,713 PHP) val_profit=-0.332335 (-33,233 PHP) | train_geo=-0.443423 (-44,342 PHP) val_geo=-0.362295 (-36,230 PHP)
Early stopping at epoch 11: no improvement in val_loss for 10 epochs (best=0.001994 at epoch 1)
[21/23] GRAB       (weak  ) profit-log    dir_acc=0.565 cum_ret=+0.4756 geo_ret=+0.5202 sharpe=+1.554 (buy&hold=-0.4134 always_short=+0.5217) [0.7s] [DEGENERATE: constant signal]
Epoch 001/50 | [MSE] train_loss=0.000242 val_loss=0.000173 | train_profit=-0.045390 (-4,539 PHP) val_profit=0.204732 (+20,473 PHP) | train_geo=-0.153140 (-15,314 PHP) val_geo=0.200436 (+20,044 PHP)
Epoch 002/50 | [MSE] train_loss=0.000187 val_loss=0.000157 | train_profit=-0.204902 (-20,490 PHP) val_profit=0.204732 (+20,473 PHP) | train_geo=-0.278745 (-27,875 PHP) val_geo=0.200436 (+20,044 PHP)
Epoch 003/50 | [MSE] train_loss=0.000174 val_loss=0.000153 | train_profit=-0.836226 (-83,623 PHP) val_profit=0.204732 (+20,473 PHP) | train_geo=-0.617255 (-61,726 PHP) val_geo=0.200436 (+20,044 PHP)
Epoch 004/50 | [MSE] train_loss=0.000169 val_loss=0.000149 | train_profit=-0.112475 (-11,248 PHP) val_profit=0.204732 (+20,473 PHP) | train_geo=-0.209558 (-20,956 PHP) val_geo=0.200436 (+20,044 PHP)
Epoch 005/50 | [MSE] train_loss=0.000166 val_loss=0.000151 | train_profit=-0.111662 (-11,166 PHP) val_profit=0.204732 (+20,473 PHP) | train_geo=-0.208387 (-20,839 PHP) val_geo=0.200436 (+20,044 PHP)
Epoch 006/50 | [MSE] train_loss=0.000169 val_loss=0.000149 | train_profit=-0.438075 (-43,808 PHP) val_profit=0.204732 (+20,473 PHP) | train_geo=-0.429457 (-42,946 PHP) val_geo=0.200436 (+20,044 PHP)
Epoch 007/50 | [MSE] train_loss=0.000165 val_loss=0.000149 | train_profit=-0.208298 (-20,830 PHP) val_profit=0.204732 (+20,473 PHP) | train_geo=-0.282021 (-28,202 PHP) val_geo=0.200436 (+20,044 PHP)
Epoch 008/50 | [MSE] train_loss=0.000165 val_loss=0.000152 | train_profit=-0.077764 (-7,776 PHP) val_profit=0.204732 (+20,473 PHP) | train_geo=-0.181713 (-18,171 PHP) val_geo=0.200436 (+20,044 PHP)
Epoch 009/50 | [MSE] train_loss=0.000165 val_loss=0.000152 | train_profit=0.120694 (+12,069 PHP) val_profit=0.204732 (+20,473 PHP) | train_geo=-0.001253 (-125 PHP) val_geo=0.200436 (+20,044 PHP)
Epoch 010/50 | [MSE] train_loss=0.000166 val_loss=0.000149 | train_profit=-0.689384 (-68,938 PHP) val_profit=0.204732 (+20,473 PHP) | train_geo=-0.556574 (-55,657 PHP) val_geo=0.200436 (+20,044 PHP)
Epoch 011/50 | [MSE] train_loss=0.000165 val_loss=0.000152 | train_profit=0.146679 (+14,668 PHP) val_profit=0.204732 (+20,473 PHP) | train_geo=0.025926 (+2,593 PHP) val_geo=0.200436 (+20,044 PHP)
Epoch 012/50 | [MSE] train_loss=0.000165 val_loss=0.000153 | train_profit=-0.388879 (-38,888 PHP) val_profit=0.204732 (+20,473 PHP) | train_geo=-0.401383 (-40,138 PHP) val_geo=0.200436 (+20,044 PHP)
Epoch 013/50 | [MSE] train_loss=0.000165 val_loss=0.000155 | train_profit=0.039493 (+3,949 PHP) val_profit=0.204732 (+20,473 PHP) | train_geo=-0.080550 (-8,055 PHP) val_geo=0.200436 (+20,044 PHP)
Epoch 014/50 | [MSE] train_loss=0.000165 val_loss=0.000157 | train_profit=0.840030 (+84,003 PHP) val_profit=0.204732 (+20,473 PHP) | train_geo=1.054932 (+105,493 PHP) val_geo=0.200436 (+20,044 PHP)
Epoch 015/50 | [MSE] train_loss=0.000166 val_loss=0.000156 | train_profit=0.435145 (+43,514 PHP) val_profit=0.204732 (+20,473 PHP) | train_geo=0.368964 (+36,896 PHP) val_geo=0.200436 (+20,044 PHP)
Epoch 016/50 | [MSE] train_loss=0.000167 val_loss=0.000161 | train_profit=0.366544 (+36,654 PHP) val_profit=0.204732 (+20,473 PHP) | train_geo=0.278216 (+27,822 PHP) val_geo=0.200436 (+20,044 PHP)
Epoch 017/50 | [MSE] train_loss=0.000168 val_loss=0.000164 | train_profit=-0.043518 (-4,352 PHP) val_profit=0.204732 (+20,473 PHP) | train_geo=-0.152887 (-15,289 PHP) val_geo=0.200436 (+20,044 PHP)
Early stopping at epoch 17: no improvement in val_loss for 10 epochs (best=0.000149 at epoch 7)
[22/23] SPY        (index ) mse           dir_acc=0.552 cum_ret=+0.2856 geo_ret=+0.3176 sharpe=+1.821 (buy&hold=+0.3190 always_short=-0.2566) [1.4s] [DEGENERATE: constant signal]
Epoch 001/50 | train_loss=-0.000367 val_loss=-0.000464 | train_profit=0.815753 (+81,575 PHP) val_profit=0.204732 (+20,473 PHP) | train_geo=1.000687 (+100,069 PHP) val_geo=0.200436 (+20,044 PHP)
Epoch 002/50 | train_loss=-0.000411 val_loss=-0.000443 | train_profit=0.684841 (+68,484 PHP) val_profit=0.204732 (+20,473 PHP) | train_geo=0.754981 (+75,498 PHP) val_geo=0.200436 (+20,044 PHP)
Epoch 003/50 | train_loss=-0.000409 val_loss=-0.000488 | train_profit=0.815753 (+81,575 PHP) val_profit=0.204732 (+20,473 PHP) | train_geo=1.000687 (+100,069 PHP) val_geo=0.200436 (+20,044 PHP)
Epoch 004/50 | train_loss=-0.000446 val_loss=-0.000384 | train_profit=0.897126 (+89,713 PHP) val_profit=0.204732 (+20,473 PHP) | train_geo=1.170592 (+117,059 PHP) val_geo=0.200436 (+20,044 PHP)
Epoch 005/50 | train_loss=-0.000431 val_loss=-0.000532 | train_profit=0.815753 (+81,575 PHP) val_profit=0.204732 (+20,473 PHP) | train_geo=1.000687 (+100,069 PHP) val_geo=0.200436 (+20,044 PHP)
Epoch 006/50 | train_loss=-0.000500 val_loss=-0.000521 | train_profit=0.815753 (+81,575 PHP) val_profit=0.204732 (+20,473 PHP) | train_geo=1.000687 (+100,069 PHP) val_geo=0.200436 (+20,044 PHP)
Epoch 007/50 | train_loss=-0.000513 val_loss=-0.000529 | train_profit=0.815753 (+81,575 PHP) val_profit=0.204732 (+20,473 PHP) | train_geo=1.000687 (+100,069 PHP) val_geo=0.200436 (+20,044 PHP)
Epoch 008/50 | train_loss=-0.000507 val_loss=-0.000513 | train_profit=0.815753 (+81,575 PHP) val_profit=0.204732 (+20,473 PHP) | train_geo=1.000687 (+100,069 PHP) val_geo=0.200436 (+20,044 PHP)
Epoch 009/50 | train_loss=-0.000511 val_loss=-0.000539 | train_profit=0.815753 (+81,575 PHP) val_profit=0.204732 (+20,473 PHP) | train_geo=1.000687 (+100,069 PHP) val_geo=0.200436 (+20,044 PHP)
Epoch 010/50 | train_loss=-0.000509 val_loss=-0.000541 | train_profit=0.815753 (+81,575 PHP) val_profit=0.204732 (+20,473 PHP) | train_geo=1.000687 (+100,069 PHP) val_geo=0.200436 (+20,044 PHP)
Epoch 011/50 | train_loss=-0.000516 val_loss=-0.000534 | train_profit=0.815753 (+81,575 PHP) val_profit=0.204732 (+20,473 PHP) | train_geo=1.000687 (+100,069 PHP) val_geo=0.200436 (+20,044 PHP)
Epoch 012/50 | train_loss=-0.000514 val_loss=-0.000538 | train_profit=0.815753 (+81,575 PHP) val_profit=0.204732 (+20,473 PHP) | train_geo=1.000687 (+100,069 PHP) val_geo=0.200436 (+20,044 PHP)
Epoch 013/50 | train_loss=-0.000518 val_loss=-0.000531 | train_profit=0.815753 (+81,575 PHP) val_profit=0.204732 (+20,473 PHP) | train_geo=1.000687 (+100,069 PHP) val_geo=0.200436 (+20,044 PHP)
Epoch 014/50 | train_loss=-0.000520 val_loss=-0.000535 | train_profit=0.815753 (+81,575 PHP) val_profit=0.204732 (+20,473 PHP) | train_geo=1.000687 (+100,069 PHP) val_geo=0.200436 (+20,044 PHP)
Epoch 015/50 | train_loss=-0.000522 val_loss=-0.000535 | train_profit=0.815753 (+81,575 PHP) val_profit=0.204732 (+20,473 PHP) | train_geo=1.000687 (+100,069 PHP) val_geo=0.200436 (+20,044 PHP)
Epoch 016/50 | train_loss=-0.000518 val_loss=-0.000535 | train_profit=0.815753 (+81,575 PHP) val_profit=0.204732 (+20,473 PHP) | train_geo=1.000687 (+100,069 PHP) val_geo=0.200436 (+20,044 PHP)
Epoch 017/50 | train_loss=-0.000514 val_loss=-0.000528 | train_profit=0.815753 (+81,575 PHP) val_profit=0.204732 (+20,473 PHP) | train_geo=1.000687 (+100,069 PHP) val_geo=0.200436 (+20,044 PHP)
Epoch 018/50 | train_loss=-0.000515 val_loss=-0.000536 | train_profit=0.815753 (+81,575 PHP) val_profit=0.204732 (+20,473 PHP) | train_geo=1.000687 (+100,069 PHP) val_geo=0.200436 (+20,044 PHP)
Epoch 019/50 | train_loss=-0.000520 val_loss=-0.000536 | train_profit=0.815753 (+81,575 PHP) val_profit=0.204732 (+20,473 PHP) | train_geo=1.000687 (+100,069 PHP) val_geo=0.200436 (+20,044 PHP)
Epoch 020/50 | train_loss=-0.000520 val_loss=-0.000533 | train_profit=0.815753 (+81,575 PHP) val_profit=0.204732 (+20,473 PHP) | train_geo=1.000687 (+100,069 PHP) val_geo=0.200436 (+20,044 PHP)
Early stopping at epoch 20: no improvement in val_loss for 10 epochs (best=-0.000541 at epoch 10)
[22/23] SPY        (index ) profit-aware  dir_acc=0.552 cum_ret=+0.2856 geo_ret=+0.3176 sharpe=+1.821 (buy&hold=+0.3190 always_short=-0.2566) [2.1s] [DEGENERATE: constant signal]
Epoch 001/50 | [PROFIT-LOG] train_loss=-0.000542 val_loss=-0.000569 | train_profit=0.815753 (+81,575 PHP) val_profit=0.204732 (+20,473 PHP) | train_geo=1.000687 (+100,069 PHP) val_geo=0.200436 (+20,044 PHP)
Epoch 002/50 | [PROFIT-LOG] train_loss=-0.000550 val_loss=-0.000569 | train_profit=0.815753 (+81,575 PHP) val_profit=0.204732 (+20,473 PHP) | train_geo=1.000687 (+100,069 PHP) val_geo=0.200436 (+20,044 PHP)
Epoch 003/50 | [PROFIT-LOG] train_loss=-0.000550 val_loss=-0.000569 | train_profit=0.815753 (+81,575 PHP) val_profit=0.204732 (+20,473 PHP) | train_geo=1.000687 (+100,069 PHP) val_geo=0.200436 (+20,044 PHP)
Epoch 004/50 | [PROFIT-LOG] train_loss=-0.000550 val_loss=-0.000569 | train_profit=0.815753 (+81,575 PHP) val_profit=0.204732 (+20,473 PHP) | train_geo=1.000687 (+100,069 PHP) val_geo=0.200436 (+20,044 PHP)
Epoch 005/50 | [PROFIT-LOG] train_loss=-0.000550 val_loss=-0.000569 | train_profit=0.815753 (+81,575 PHP) val_profit=0.204732 (+20,473 PHP) | train_geo=1.000687 (+100,069 PHP) val_geo=0.200436 (+20,044 PHP)
Epoch 006/50 | [PROFIT-LOG] train_loss=-0.000550 val_loss=-0.000569 | train_profit=0.815753 (+81,575 PHP) val_profit=0.204732 (+20,473 PHP) | train_geo=1.000687 (+100,069 PHP) val_geo=0.200436 (+20,044 PHP)
Epoch 007/50 | [PROFIT-LOG] train_loss=-0.000550 val_loss=-0.000569 | train_profit=0.815753 (+81,575 PHP) val_profit=0.204732 (+20,473 PHP) | train_geo=1.000687 (+100,069 PHP) val_geo=0.200436 (+20,044 PHP)
Epoch 008/50 | [PROFIT-LOG] train_loss=-0.000550 val_loss=-0.000569 | train_profit=0.815753 (+81,575 PHP) val_profit=0.204732 (+20,473 PHP) | train_geo=1.000687 (+100,069 PHP) val_geo=0.200436 (+20,044 PHP)
Epoch 009/50 | [PROFIT-LOG] train_loss=-0.000550 val_loss=-0.000569 | train_profit=0.815753 (+81,575 PHP) val_profit=0.204732 (+20,473 PHP) | train_geo=1.000687 (+100,069 PHP) val_geo=0.200436 (+20,044 PHP)
Epoch 010/50 | [PROFIT-LOG] train_loss=-0.000550 val_loss=-0.000569 | train_profit=0.815753 (+81,575 PHP) val_profit=0.204732 (+20,473 PHP) | train_geo=1.000687 (+100,069 PHP) val_geo=0.200436 (+20,044 PHP)
Epoch 011/50 | [PROFIT-LOG] train_loss=-0.000550 val_loss=-0.000569 | train_profit=0.815753 (+81,575 PHP) val_profit=0.204732 (+20,473 PHP) | train_geo=1.000687 (+100,069 PHP) val_geo=0.200436 (+20,044 PHP)
Epoch 012/50 | [PROFIT-LOG] train_loss=-0.000550 val_loss=-0.000569 | train_profit=0.815753 (+81,575 PHP) val_profit=0.204732 (+20,473 PHP) | train_geo=1.000687 (+100,069 PHP) val_geo=0.200436 (+20,044 PHP)
Epoch 013/50 | [PROFIT-LOG] train_loss=-0.000550 val_loss=-0.000569 | train_profit=0.815753 (+81,575 PHP) val_profit=0.204732 (+20,473 PHP) | train_geo=1.000687 (+100,069 PHP) val_geo=0.200436 (+20,044 PHP)
Epoch 014/50 | [PROFIT-LOG] train_loss=-0.000550 val_loss=-0.000569 | train_profit=0.815753 (+81,575 PHP) val_profit=0.204732 (+20,473 PHP) | train_geo=1.000687 (+100,069 PHP) val_geo=0.200436 (+20,044 PHP)
Epoch 015/50 | [PROFIT-LOG] train_loss=-0.000550 val_loss=-0.000569 | train_profit=0.815753 (+81,575 PHP) val_profit=0.204732 (+20,473 PHP) | train_geo=1.000687 (+100,069 PHP) val_geo=0.200436 (+20,044 PHP)
Epoch 016/50 | [PROFIT-LOG] train_loss=-0.000550 val_loss=-0.000569 | train_profit=0.815753 (+81,575 PHP) val_profit=0.204732 (+20,473 PHP) | train_geo=1.000687 (+100,069 PHP) val_geo=0.200436 (+20,044 PHP)
Epoch 017/50 | [PROFIT-LOG] train_loss=-0.000550 val_loss=-0.000569 | train_profit=0.815753 (+81,575 PHP) val_profit=0.204732 (+20,473 PHP) | train_geo=1.000687 (+100,069 PHP) val_geo=0.200436 (+20,044 PHP)
Epoch 018/50 | [PROFIT-LOG] train_loss=-0.000550 val_loss=-0.000569 | train_profit=0.815753 (+81,575 PHP) val_profit=0.204732 (+20,473 PHP) | train_geo=1.000687 (+100,069 PHP) val_geo=0.200436 (+20,044 PHP)
Epoch 019/50 | [PROFIT-LOG] train_loss=-0.000550 val_loss=-0.000569 | train_profit=0.815753 (+81,575 PHP) val_profit=0.204732 (+20,473 PHP) | train_geo=1.000687 (+100,069 PHP) val_geo=0.200436 (+20,044 PHP)
Epoch 020/50 | [PROFIT-LOG] train_loss=-0.000550 val_loss=-0.000569 | train_profit=0.815753 (+81,575 PHP) val_profit=0.204732 (+20,473 PHP) | train_geo=1.000687 (+100,069 PHP) val_geo=0.200436 (+20,044 PHP)
Epoch 021/50 | [PROFIT-LOG] train_loss=-0.000550 val_loss=-0.000569 | train_profit=0.815753 (+81,575 PHP) val_profit=0.204732 (+20,473 PHP) | train_geo=1.000687 (+100,069 PHP) val_geo=0.200436 (+20,044 PHP)
Epoch 022/50 | [PROFIT-LOG] train_loss=-0.000550 val_loss=-0.000569 | train_profit=0.815753 (+81,575 PHP) val_profit=0.204732 (+20,473 PHP) | train_geo=1.000687 (+100,069 PHP) val_geo=0.200436 (+20,044 PHP)
Epoch 023/50 | [PROFIT-LOG] train_loss=-0.000550 val_loss=-0.000569 | train_profit=0.815753 (+81,575 PHP) val_profit=0.204732 (+20,473 PHP) | train_geo=1.000687 (+100,069 PHP) val_geo=0.200436 (+20,044 PHP)
Epoch 024/50 | [PROFIT-LOG] train_loss=-0.000550 val_loss=-0.000569 | train_profit=0.815753 (+81,575 PHP) val_profit=0.204732 (+20,473 PHP) | train_geo=1.000687 (+100,069 PHP) val_geo=0.200436 (+20,044 PHP)
Epoch 025/50 | [PROFIT-LOG] train_loss=-0.000550 val_loss=-0.000569 | train_profit=0.815753 (+81,575 PHP) val_profit=0.204732 (+20,473 PHP) | train_geo=1.000687 (+100,069 PHP) val_geo=0.200436 (+20,044 PHP)
Epoch 026/50 | [PROFIT-LOG] train_loss=-0.000550 val_loss=-0.000569 | train_profit=0.815753 (+81,575 PHP) val_profit=0.204732 (+20,473 PHP) | train_geo=1.000687 (+100,069 PHP) val_geo=0.200436 (+20,044 PHP)
Epoch 027/50 | [PROFIT-LOG] train_loss=-0.000550 val_loss=-0.000569 | train_profit=0.815753 (+81,575 PHP) val_profit=0.204732 (+20,473 PHP) | train_geo=1.000687 (+100,069 PHP) val_geo=0.200436 (+20,044 PHP)
Epoch 028/50 | [PROFIT-LOG] train_loss=-0.000550 val_loss=-0.000569 | train_profit=0.815753 (+81,575 PHP) val_profit=0.204732 (+20,473 PHP) | train_geo=1.000687 (+100,069 PHP) val_geo=0.200436 (+20,044 PHP)
Epoch 029/50 | [PROFIT-LOG] train_loss=-0.000550 val_loss=-0.000569 | train_profit=0.815753 (+81,575 PHP) val_profit=0.204732 (+20,473 PHP) | train_geo=1.000687 (+100,069 PHP) val_geo=0.200436 (+20,044 PHP)
Epoch 030/50 | [PROFIT-LOG] train_loss=-0.000550 val_loss=-0.000569 | train_profit=0.815753 (+81,575 PHP) val_profit=0.204732 (+20,473 PHP) | train_geo=1.000687 (+100,069 PHP) val_geo=0.200436 (+20,044 PHP)
Epoch 031/50 | [PROFIT-LOG] train_loss=-0.000550 val_loss=-0.000569 | train_profit=0.815753 (+81,575 PHP) val_profit=0.204732 (+20,473 PHP) | train_geo=1.000687 (+100,069 PHP) val_geo=0.200436 (+20,044 PHP)
Epoch 032/50 | [PROFIT-LOG] train_loss=-0.000550 val_loss=-0.000569 | train_profit=0.815753 (+81,575 PHP) val_profit=0.204732 (+20,473 PHP) | train_geo=1.000687 (+100,069 PHP) val_geo=0.200436 (+20,044 PHP)
Epoch 033/50 | [PROFIT-LOG] train_loss=-0.000550 val_loss=-0.000569 | train_profit=0.815753 (+81,575 PHP) val_profit=0.204732 (+20,473 PHP) | train_geo=1.000687 (+100,069 PHP) val_geo=0.200436 (+20,044 PHP)
Epoch 034/50 | [PROFIT-LOG] train_loss=-0.000550 val_loss=-0.000569 | train_profit=0.815753 (+81,575 PHP) val_profit=0.204732 (+20,473 PHP) | train_geo=1.000687 (+100,069 PHP) val_geo=0.200436 (+20,044 PHP)
Epoch 035/50 | [PROFIT-LOG] train_loss=-0.000550 val_loss=-0.000569 | train_profit=0.815753 (+81,575 PHP) val_profit=0.204732 (+20,473 PHP) | train_geo=1.000687 (+100,069 PHP) val_geo=0.200436 (+20,044 PHP)
Epoch 036/50 | [PROFIT-LOG] train_loss=-0.000550 val_loss=-0.000569 | train_profit=0.815753 (+81,575 PHP) val_profit=0.204732 (+20,473 PHP) | train_geo=1.000687 (+100,069 PHP) val_geo=0.200436 (+20,044 PHP)
Epoch 037/50 | [PROFIT-LOG] train_loss=-0.000550 val_loss=-0.000569 | train_profit=0.815753 (+81,575 PHP) val_profit=0.204732 (+20,473 PHP) | train_geo=1.000687 (+100,069 PHP) val_geo=0.200436 (+20,044 PHP)
Epoch 038/50 | [PROFIT-LOG] train_loss=-0.000550 val_loss=-0.000569 | train_profit=0.815753 (+81,575 PHP) val_profit=0.204732 (+20,473 PHP) | train_geo=1.000687 (+100,069 PHP) val_geo=0.200436 (+20,044 PHP)
Epoch 039/50 | [PROFIT-LOG] train_loss=-0.000550 val_loss=-0.000569 | train_profit=0.815753 (+81,575 PHP) val_profit=0.204732 (+20,473 PHP) | train_geo=1.000687 (+100,069 PHP) val_geo=0.200436 (+20,044 PHP)
Epoch 040/50 | [PROFIT-LOG] train_loss=-0.000550 val_loss=-0.000569 | train_profit=0.815753 (+81,575 PHP) val_profit=0.204732 (+20,473 PHP) | train_geo=1.000687 (+100,069 PHP) val_geo=0.200436 (+20,044 PHP)
Epoch 041/50 | [PROFIT-LOG] train_loss=-0.000550 val_loss=-0.000569 | train_profit=0.815753 (+81,575 PHP) val_profit=0.204732 (+20,473 PHP) | train_geo=1.000687 (+100,069 PHP) val_geo=0.200436 (+20,044 PHP)
Epoch 042/50 | [PROFIT-LOG] train_loss=-0.000550 val_loss=-0.000569 | train_profit=0.815753 (+81,575 PHP) val_profit=0.204732 (+20,473 PHP) | train_geo=1.000687 (+100,069 PHP) val_geo=0.200436 (+20,044 PHP)
Epoch 043/50 | [PROFIT-LOG] train_loss=-0.000550 val_loss=-0.000569 | train_profit=0.815753 (+81,575 PHP) val_profit=0.204732 (+20,473 PHP) | train_geo=1.000687 (+100,069 PHP) val_geo=0.200436 (+20,044 PHP)
Epoch 044/50 | [PROFIT-LOG] train_loss=-0.000550 val_loss=-0.000569 | train_profit=0.815753 (+81,575 PHP) val_profit=0.204732 (+20,473 PHP) | train_geo=1.000687 (+100,069 PHP) val_geo=0.200436 (+20,044 PHP)
Epoch 045/50 | [PROFIT-LOG] train_loss=-0.000550 val_loss=-0.000569 | train_profit=0.815753 (+81,575 PHP) val_profit=0.204732 (+20,473 PHP) | train_geo=1.000687 (+100,069 PHP) val_geo=0.200436 (+20,044 PHP)
Epoch 046/50 | [PROFIT-LOG] train_loss=-0.000550 val_loss=-0.000569 | train_profit=0.815753 (+81,575 PHP) val_profit=0.204732 (+20,473 PHP) | train_geo=1.000687 (+100,069 PHP) val_geo=0.200436 (+20,044 PHP)
Epoch 047/50 | [PROFIT-LOG] train_loss=-0.000550 val_loss=-0.000569 | train_profit=0.815753 (+81,575 PHP) val_profit=0.204732 (+20,473 PHP) | train_geo=1.000687 (+100,069 PHP) val_geo=0.200436 (+20,044 PHP)
Epoch 048/50 | [PROFIT-LOG] train_loss=-0.000550 val_loss=-0.000569 | train_profit=0.815753 (+81,575 PHP) val_profit=0.204732 (+20,473 PHP) | train_geo=1.000687 (+100,069 PHP) val_geo=0.200436 (+20,044 PHP)
Epoch 049/50 | [PROFIT-LOG] train_loss=-0.000550 val_loss=-0.000569 | train_profit=0.815753 (+81,575 PHP) val_profit=0.204732 (+20,473 PHP) | train_geo=1.000687 (+100,069 PHP) val_geo=0.200436 (+20,044 PHP)
Epoch 050/50 | [PROFIT-LOG] train_loss=-0.000550 val_loss=-0.000569 | train_profit=0.815753 (+81,575 PHP) val_profit=0.204732 (+20,473 PHP) | train_geo=1.000687 (+100,069 PHP) val_geo=0.200436 (+20,044 PHP)
[22/23] SPY        (index ) profit-log    dir_acc=0.552 cum_ret=+0.2856 geo_ret=+0.3176 sharpe=+1.821 (buy&hold=+0.3190 always_short=-0.2566) [14.4s] [DEGENERATE: constant signal]
Epoch 001/50 | [MSE] train_loss=0.000301 val_loss=0.000135 | train_profit=-0.662872 (-66,287 PHP) val_profit=0.226395 (+22,639 PHP) | train_geo=-0.545609 (-54,561 PHP) val_geo=0.231813 (+23,181 PHP)
Epoch 002/50 | [MSE] train_loss=0.000201 val_loss=0.000126 | train_profit=-1.323943 (-132,394 PHP) val_profit=0.321596 (+32,160 PHP) | train_geo=-0.765407 (-76,541 PHP) val_geo=0.355024 (+35,502 PHP)
Epoch 003/50 | [MSE] train_loss=0.000194 val_loss=0.000122 | train_profit=-1.491060 (-149,106 PHP) val_profit=0.223479 (+22,348 PHP) | train_geo=-0.801859 (-80,186 PHP) val_geo=0.228223 (+22,822 PHP)
Epoch 004/50 | [MSE] train_loss=0.000186 val_loss=0.000122 | train_profit=-1.758483 (-175,848 PHP) val_profit=-0.154062 (-15,406 PHP) | train_geo=-0.848468 (-84,847 PHP) val_geo=-0.158106 (-15,811 PHP)
Epoch 005/50 | [MSE] train_loss=0.000184 val_loss=0.000125 | train_profit=-1.267264 (-126,726 PHP) val_profit=-0.060959 (-6,096 PHP) | train_geo=-0.752078 (-75,208 PHP) val_geo=-0.075832 (-7,583 PHP)
Epoch 006/50 | [MSE] train_loss=0.000181 val_loss=0.000124 | train_profit=-0.826984 (-82,698 PHP) val_profit=-0.060959 (-6,096 PHP) | train_geo=-0.613985 (-61,398 PHP) val_geo=-0.075832 (-7,583 PHP)
Epoch 007/50 | [MSE] train_loss=0.000180 val_loss=0.000124 | train_profit=-1.211840 (-121,184 PHP) val_profit=-0.060959 (-6,096 PHP) | train_geo=-0.737851 (-73,785 PHP) val_geo=-0.075832 (-7,583 PHP)
Epoch 008/50 | [MSE] train_loss=0.000177 val_loss=0.000125 | train_profit=-0.930444 (-93,044 PHP) val_profit=-0.060959 (-6,096 PHP) | train_geo=-0.652095 (-65,209 PHP) val_geo=-0.075832 (-7,583 PHP)
Epoch 009/50 | [MSE] train_loss=0.000176 val_loss=0.000124 | train_profit=-1.010748 (-101,075 PHP) val_profit=-0.060959 (-6,096 PHP) | train_geo=-0.679474 (-67,947 PHP) val_geo=-0.075832 (-7,583 PHP)
Epoch 010/50 | [MSE] train_loss=0.000177 val_loss=0.000124 | train_profit=-1.060396 (-106,040 PHP) val_profit=-0.060959 (-6,096 PHP) | train_geo=-0.694772 (-69,477 PHP) val_geo=-0.075832 (-7,583 PHP)
Epoch 011/50 | [MSE] train_loss=0.000176 val_loss=0.000124 | train_profit=-1.127482 (-112,748 PHP) val_profit=-0.060959 (-6,096 PHP) | train_geo=-0.714753 (-71,475 PHP) val_geo=-0.075832 (-7,583 PHP)
Epoch 012/50 | [MSE] train_loss=0.000176 val_loss=0.000124 | train_profit=-0.774910 (-77,491 PHP) val_profit=-0.060959 (-6,096 PHP) | train_geo=-0.593447 (-59,345 PHP) val_geo=-0.075832 (-7,583 PHP)
Epoch 013/50 | [MSE] train_loss=0.000177 val_loss=0.000125 | train_profit=-0.747276 (-74,728 PHP) val_profit=-0.060959 (-6,096 PHP) | train_geo=-0.581977 (-58,198 PHP) val_geo=-0.075832 (-7,583 PHP)
Epoch 014/50 | [MSE] train_loss=0.000175 val_loss=0.000124 | train_profit=-0.714144 (-71,414 PHP) val_profit=-0.060959 (-6,096 PHP) | train_geo=-0.567837 (-56,784 PHP) val_geo=-0.075832 (-7,583 PHP)
Early stopping at epoch 14: no improvement in val_loss for 10 epochs (best=0.000122 at epoch 4)
[23/23] PSEI.PS    (index ) mse           dir_acc=0.523 cum_ret=+0.0749 geo_ret=+0.0592 sharpe=+0.363 (buy&hold=+0.0421 always_short=-0.0732) [5.2s]
Epoch 001/50 | train_loss=0.000426 val_loss=0.000048 | train_profit=-0.290839 (-29,084 PHP) val_profit=0.058959 (+5,896 PHP) | train_geo=-0.339556 (-33,956 PHP) val_geo=0.041971 (+4,197 PHP)
Epoch 002/50 | train_loss=0.000124 val_loss=-0.000066 | train_profit=0.108075 (+10,808 PHP) val_profit=0.058959 (+5,896 PHP) | train_geo=-0.015788 (-1,579 PHP) val_geo=0.041971 (+4,197 PHP)
Epoch 003/50 | train_loss=0.000114 val_loss=-0.000039 | train_profit=0.109379 (+10,938 PHP) val_profit=0.058959 (+5,896 PHP) | train_geo=-0.014519 (-1,452 PHP) val_geo=0.041971 (+4,197 PHP)
Epoch 004/50 | train_loss=0.000097 val_loss=-0.000053 | train_profit=0.109379 (+10,938 PHP) val_profit=0.058959 (+5,896 PHP) | train_geo=-0.014519 (-1,452 PHP) val_geo=0.041971 (+4,197 PHP)
Epoch 005/50 | train_loss=0.000099 val_loss=-0.000028 | train_profit=0.158119 (+15,812 PHP) val_profit=0.058959 (+5,896 PHP) | train_geo=0.034881 (+3,488 PHP) val_geo=0.041971 (+4,197 PHP)
Epoch 006/50 | train_loss=0.000148 val_loss=0.000002 | train_profit=-0.005609 (-561 PHP) val_profit=0.058959 (+5,896 PHP) | train_geo=-0.121599 (-12,160 PHP) val_geo=0.041971 (+4,197 PHP)
Epoch 007/50 | train_loss=0.000120 val_loss=-0.000022 | train_profit=0.109379 (+10,938 PHP) val_profit=0.058959 (+5,896 PHP) | train_geo=-0.014519 (-1,452 PHP) val_geo=0.041971 (+4,197 PHP)
Epoch 008/50 | train_loss=0.000069 val_loss=-0.000004 | train_profit=0.300616 (+30,062 PHP) val_profit=0.058959 (+5,896 PHP) | train_geo=0.193633 (+19,363 PHP) val_geo=0.041971 (+4,197 PHP)
Epoch 009/50 | train_loss=0.000161 val_loss=-0.000005 | train_profit=-0.242821 (-24,282 PHP) val_profit=0.047521 (+4,752 PHP) | train_geo=-0.307152 (-30,715 PHP) val_geo=0.030067 (+3,007 PHP)
Epoch 010/50 | train_loss=0.000102 val_loss=0.000349 | train_profit=-0.181163 (-18,116 PHP) val_profit=-0.087512 (-8,751 PHP) | train_geo=-0.262944 (-26,294 PHP) val_geo=-0.100057 (-10,006 PHP)
Epoch 011/50 | train_loss=0.000257 val_loss=0.000043 | train_profit=0.056906 (+5,691 PHP) val_profit=0.058959 (+5,896 PHP) | train_geo=-0.064889 (-6,489 PHP) val_geo=0.041971 (+4,197 PHP)
Epoch 012/50 | train_loss=0.000081 val_loss=0.000084 | train_profit=0.109379 (+10,938 PHP) val_profit=0.047521 (+4,752 PHP) | train_geo=-0.014519 (-1,452 PHP) val_geo=0.030067 (+3,007 PHP)
Early stopping at epoch 12: no improvement in val_loss for 10 epochs (best=-0.000066 at epoch 2)
[23/23] PSEI.PS    (index ) profit-aware  dir_acc=0.487 cum_ret=-0.0596 geo_ret=-0.0741 sharpe=-0.289 (buy&hold=+0.0421 always_short=-0.0732) [4.9s] [DEGENERATE: constant signal]
Epoch 001/50 | [PROFIT-LOG] train_loss=0.000261 val_loss=-0.000113 | train_profit=-0.172561 (-17,256 PHP) val_profit=0.058959 (+5,896 PHP) | train_geo=-0.256661 (-25,666 PHP) val_geo=0.041971 (+4,197 PHP)
Epoch 002/50 | [PROFIT-LOG] train_loss=0.000059 val_loss=-0.000113 | train_profit=0.109379 (+10,938 PHP) val_profit=0.058959 (+5,896 PHP) | train_geo=-0.014519 (-1,452 PHP) val_geo=0.041971 (+4,197 PHP)
Epoch 003/50 | [PROFIT-LOG] train_loss=0.000059 val_loss=-0.000113 | train_profit=0.109379 (+10,938 PHP) val_profit=0.058959 (+5,896 PHP) | train_geo=-0.014519 (-1,452 PHP) val_geo=0.041971 (+4,197 PHP)
Epoch 004/50 | [PROFIT-LOG] train_loss=0.000059 val_loss=-0.000113 | train_profit=0.109379 (+10,938 PHP) val_profit=0.058959 (+5,896 PHP) | train_geo=-0.014519 (-1,452 PHP) val_geo=0.041971 (+4,197 PHP)
Epoch 005/50 | [PROFIT-LOG] train_loss=0.000059 val_loss=-0.000113 | train_profit=0.109379 (+10,938 PHP) val_profit=0.058959 (+5,896 PHP) | train_geo=-0.014519 (-1,452 PHP) val_geo=0.041971 (+4,197 PHP)
Epoch 006/50 | [PROFIT-LOG] train_loss=0.000059 val_loss=-0.000113 | train_profit=0.109379 (+10,938 PHP) val_profit=0.058959 (+5,896 PHP) | train_geo=-0.014519 (-1,452 PHP) val_geo=0.041971 (+4,197 PHP)
Epoch 007/50 | [PROFIT-LOG] train_loss=0.000059 val_loss=-0.000113 | train_profit=0.109379 (+10,938 PHP) val_profit=0.058959 (+5,896 PHP) | train_geo=-0.014519 (-1,452 PHP) val_geo=0.041971 (+4,197 PHP)
Epoch 008/50 | [PROFIT-LOG] train_loss=0.000059 val_loss=-0.000113 | train_profit=0.109379 (+10,938 PHP) val_profit=0.058959 (+5,896 PHP) | train_geo=-0.014519 (-1,452 PHP) val_geo=0.041971 (+4,197 PHP)
Epoch 009/50 | [PROFIT-LOG] train_loss=0.000059 val_loss=-0.000113 | train_profit=0.109379 (+10,938 PHP) val_profit=0.058959 (+5,896 PHP) | train_geo=-0.014519 (-1,452 PHP) val_geo=0.041971 (+4,197 PHP)
Epoch 010/50 | [PROFIT-LOG] train_loss=0.000059 val_loss=-0.000113 | train_profit=0.109379 (+10,938 PHP) val_profit=0.058959 (+5,896 PHP) | train_geo=-0.014519 (-1,452 PHP) val_geo=0.041971 (+4,197 PHP)
Epoch 011/50 | [PROFIT-LOG] train_loss=0.000059 val_loss=-0.000113 | train_profit=0.109379 (+10,938 PHP) val_profit=0.058959 (+5,896 PHP) | train_geo=-0.014519 (-1,452 PHP) val_geo=0.041971 (+4,197 PHP)
Epoch 012/50 | [PROFIT-LOG] train_loss=0.000059 val_loss=-0.000113 | train_profit=0.109379 (+10,938 PHP) val_profit=0.058959 (+5,896 PHP) | train_geo=-0.014519 (-1,452 PHP) val_geo=0.041971 (+4,197 PHP)
Epoch 013/50 | [PROFIT-LOG] train_loss=0.000059 val_loss=-0.000113 | train_profit=0.109379 (+10,938 PHP) val_profit=0.058959 (+5,896 PHP) | train_geo=-0.014519 (-1,452 PHP) val_geo=0.041971 (+4,197 PHP)
Epoch 014/50 | [PROFIT-LOG] train_loss=0.000059 val_loss=-0.000113 | train_profit=0.109379 (+10,938 PHP) val_profit=0.058959 (+5,896 PHP) | train_geo=-0.014519 (-1,452 PHP) val_geo=0.041971 (+4,197 PHP)
Epoch 015/50 | [PROFIT-LOG] train_loss=0.000059 val_loss=-0.000113 | train_profit=0.109379 (+10,938 PHP) val_profit=0.058959 (+5,896 PHP) | train_geo=-0.014519 (-1,452 PHP) val_geo=0.041971 (+4,197 PHP)
Epoch 016/50 | [PROFIT-LOG] train_loss=0.000059 val_loss=-0.000113 | train_profit=0.109379 (+10,938 PHP) val_profit=0.058959 (+5,896 PHP) | train_geo=-0.014519 (-1,452 PHP) val_geo=0.041971 (+4,197 PHP)
Epoch 017/50 | [PROFIT-LOG] train_loss=0.000059 val_loss=-0.000113 | train_profit=0.109379 (+10,938 PHP) val_profit=0.058959 (+5,896 PHP) | train_geo=-0.014519 (-1,452 PHP) val_geo=0.041971 (+4,197 PHP)
Epoch 018/50 | [PROFIT-LOG] train_loss=0.000059 val_loss=-0.000113 | train_profit=0.109379 (+10,938 PHP) val_profit=0.058959 (+5,896 PHP) | train_geo=-0.014519 (-1,452 PHP) val_geo=0.041971 (+4,197 PHP)
Epoch 019/50 | [PROFIT-LOG] train_loss=0.000059 val_loss=-0.000113 | train_profit=0.109379 (+10,938 PHP) val_profit=0.058959 (+5,896 PHP) | train_geo=-0.014519 (-1,452 PHP) val_geo=0.041971 (+4,197 PHP)
Early stopping at epoch 19: no improvement in val_loss for 10 epochs (best=-0.000113 at epoch 9)
[23/23] PSEI.PS    (index ) profit-log    dir_acc=0.487 cum_ret=-0.0596 geo_ret=-0.0741 sharpe=-0.289 (buy&hold=+0.0421 always_short=-0.0732) [2.1s] [DEGENERATE: constant signal]

Total benchmark time: 186.4s

==============================================================================
  AGGREGATE SUMMARY (mean across symbols)
==============================================================================
  Loss               DirAcc      CumRet      GeoRet    Sharpe      RMSE
  --------------------------------------------------------------------------
  mse                0.5150     +0.3162     +0.4478    +0.502   0.02208
  profit-aware       0.5075     +0.2020     +0.3228    +0.578   0.05417
  profit-log         0.5041     +0.3547     +0.5206    +0.568   0.10863
  buy & hold                    +0.3685

==============================================================================
  BY TIER (mean across symbols in tier)
==============================================================================
  Loss               DirAcc      CumRet      GeoRet    Sharpe      RMSE
  --------------------------------------------------------------------------
  strong/mse         0.5184     +0.2838     +0.3025    +0.556   0.01962
  strong/profit-aware    0.5157     +0.3585     +0.3809    +0.826   0.04356
  strong/profit-log    0.5157     +0.3585     +0.3809    +0.826   0.10314

  mid/mse            0.5119     +0.1917     +0.2422    +0.505   0.01541
  mid/profit-aware    0.5145     +0.3074     +0.3803    +1.084   0.04975
  mid/profit-log     0.4788     -0.0036     +0.0686    -0.130   0.08174

  weak/mse           0.5083     +0.5118     +0.8727    +0.278   0.03480
  weak/profit-aware    0.4889     -0.0344     +0.2646    -0.231   0.07732
  weak/profit-log    0.5133     +0.7783     +1.2262    +0.951   0.15358

  index/mse          0.5373     +0.1803     +0.1884    +1.092   0.00948
  index/profit-aware    0.5193     +0.1130     +0.1217    +0.766   0.02570
  index/profit-log    0.5193     +0.1130     +0.1217    +0.766   0.06466


  profit-aware beats MSE on (out of 23 symbols):
    Geometric return: 8/23
    Sharpe-like:      8/23
    Directional acc:  6/23

  profit-log beats MSE on (out of 23 symbols):
    Geometric return: 8/23
    Sharpe-like:      8/23
    Directional acc:  5/23

==============================================================================
  DEGENERATE RUNS (executed signal never changes across the test window)
==============================================================================
  mse            7/23  ['NVDA', 'MSFT', 'LLY', 'COST', 'T', 'PARA', 'SPY']
  profit-aware   18/23  ['NVDA', 'AAPL', 'MSFT', 'LLY', 'COST', 'AVGO', 'V', 'GOOGL', 'DIS', 'KO', 'JNJ', 'WMT', 'KHC', 'BA', 'T', 'PARA', 'SPY', 'PSEI.PS']
  profit-log     19/23  ['NVDA', 'AAPL', 'MSFT', 'LLY', 'COST', 'AVGO', 'V', 'GOOGL', 'JPM', 'DIS', 'KO', 'JNJ', 'WMT', 'INTC', 'F', 'KHC', 'GRAB', 'SPY', 'PSEI.PS']

Saved per-symbol results to results\benchmark_full_v4.csv
Saved aggregate summary to results\benchmark_full_v4_summary.txt
