Using device: cuda
Benchmarking 23 symbols x 2 losses: ['NVDA', 'AAPL', 'MSFT', 'LLY', 'COST', 'AVGO', 'V', 'GOOGL', 'JPM', 'DIS', 'KO', 'JNJ', 'AMZN', 'WMT', 'INTC', 'F', 'KHC', 'BA', 'T', 'PARA', 'GRAB', 'SPY', 'PSEI.PS']

Epoch 001/50 | [MSE] train_loss=0.001442 val_loss=0.001670 | train_profit=0.422757 (+42,276 PHP) val_profit=0.838889 (+83,889 PHP) | train_geo=-0.302383 (-30,238 PHP) val_geo=0.858053 (+85,805 PHP)
Epoch 002/50 | [MSE] train_loss=0.001259 val_loss=0.001603 | train_profit=2.692155 (+269,216 PHP) val_profit=0.838889 (+83,889 PHP) | train_geo=5.811294 (+581,129 PHP) val_geo=0.858053 (+85,805 PHP)
Epoch 003/50 | [MSE] train_loss=0.001212 val_loss=0.001650 | train_profit=0.719026 (+71,903 PHP) val_profit=0.838889 (+83,889 PHP) | train_geo=-0.059740 (-5,974 PHP) val_geo=0.858053 (+85,805 PHP)
Epoch 004/50 | [MSE] train_loss=0.001218 val_loss=0.001755 | train_profit=1.602427 (+160,243 PHP) val_profit=0.838889 (+83,889 PHP) | train_geo=1.276177 (+127,618 PHP) val_geo=0.858053 (+85,805 PHP)
Epoch 005/50 | [MSE] train_loss=0.001239 val_loss=0.001600 | train_profit=-0.558525 (-55,853 PHP) val_profit=0.838889 (+83,889 PHP) | train_geo=-0.740834 (-74,083 PHP) val_geo=0.858053 (+85,805 PHP)
Epoch 006/50 | [MSE] train_loss=0.001199 val_loss=0.001416 | train_profit=-3.887713 (-388,771 PHP) val_profit=0.838889 (+83,889 PHP) | train_geo=-0.990775 (-99,077 PHP) val_geo=0.858053 (+85,805 PHP)
Epoch 007/50 | [MSE] train_loss=0.001102 val_loss=0.001413 | train_profit=-1.985345 (-198,535 PHP) val_profit=0.838889 (+83,889 PHP) | train_geo=-0.937910 (-93,791 PHP) val_geo=0.858053 (+85,805 PHP)
Epoch 008/50 | [MSE] train_loss=0.001092 val_loss=0.001424 | train_profit=-2.720610 (-272,061 PHP) val_profit=0.838889 (+83,889 PHP) | train_geo=-0.970292 (-97,029 PHP) val_geo=0.858053 (+85,805 PHP)
Epoch 009/50 | [MSE] train_loss=0.001105 val_loss=0.001411 | train_profit=-3.350691 (-335,069 PHP) val_profit=0.838889 (+83,889 PHP) | train_geo=-0.984219 (-98,422 PHP) val_geo=0.858053 (+85,805 PHP)
Epoch 010/50 | [MSE] train_loss=0.001093 val_loss=0.001419 | train_profit=-1.435946 (-143,595 PHP) val_profit=0.838889 (+83,889 PHP) | train_geo=-0.891200 (-89,120 PHP) val_geo=0.858053 (+85,805 PHP)
Epoch 011/50 | [MSE] train_loss=0.001095 val_loss=0.001416 | train_profit=-3.060939 (-306,094 PHP) val_profit=0.838889 (+83,889 PHP) | train_geo=-0.978833 (-97,883 PHP) val_geo=0.858053 (+85,805 PHP)
Epoch 012/50 | [MSE] train_loss=0.001091 val_loss=0.001417 | train_profit=-2.054538 (-205,454 PHP) val_profit=0.838889 (+83,889 PHP) | train_geo=-0.942111 (-94,211 PHP) val_geo=0.858053 (+85,805 PHP)
Epoch 013/50 | [MSE] train_loss=0.001095 val_loss=0.001414 | train_profit=-2.820652 (-282,065 PHP) val_profit=0.838889 (+83,889 PHP) | train_geo=-0.973149 (-97,315 PHP) val_geo=0.858053 (+85,805 PHP)
Epoch 014/50 | [MSE] train_loss=0.001086 val_loss=0.001416 | train_profit=-2.955845 (-295,584 PHP) val_profit=0.838889 (+83,889 PHP) | train_geo=-0.976498 (-97,650 PHP) val_geo=0.858053 (+85,805 PHP)
Epoch 015/50 | [MSE] train_loss=0.001083 val_loss=0.001414 | train_profit=-2.143827 (-214,383 PHP) val_profit=0.838889 (+83,889 PHP) | train_geo=-0.947025 (-94,703 PHP) val_geo=0.858053 (+85,805 PHP)
Epoch 016/50 | [MSE] train_loss=0.001078 val_loss=0.001415 | train_profit=-2.851172 (-285,117 PHP) val_profit=0.838889 (+83,889 PHP) | train_geo=-0.973937 (-97,394 PHP) val_geo=0.858053 (+85,805 PHP)
Epoch 017/50 | [MSE] train_loss=0.001086 val_loss=0.001415 | train_profit=-2.907970 (-290,797 PHP) val_profit=0.838889 (+83,889 PHP) | train_geo=-0.975330 (-97,533 PHP) val_geo=0.858053 (+85,805 PHP)
Epoch 018/50 | [MSE] train_loss=0.001083 val_loss=0.001413 | train_profit=-2.519402 (-251,940 PHP) val_profit=0.838889 (+83,889 PHP) | train_geo=-0.963633 (-96,363 PHP) val_geo=0.858053 (+85,805 PHP)
Epoch 019/50 | [MSE] train_loss=0.001085 val_loss=0.001413 | train_profit=-3.362731 (-336,273 PHP) val_profit=0.838889 (+83,889 PHP) | train_geo=-0.984365 (-98,437 PHP) val_geo=0.858053 (+85,805 PHP)
Epoch 020/50 | [MSE] train_loss=0.001075 val_loss=0.001415 | train_profit=-2.565695 (-256,569 PHP) val_profit=0.838889 (+83,889 PHP) | train_geo=-0.965294 (-96,529 PHP) val_geo=0.858053 (+85,805 PHP)
Epoch 021/50 | [MSE] train_loss=0.001085 val_loss=0.001410 | train_profit=-3.119686 (-311,969 PHP) val_profit=0.838889 (+83,889 PHP) | train_geo=-0.980065 (-98,007 PHP) val_geo=0.858053 (+85,805 PHP)
Epoch 022/50 | [MSE] train_loss=0.001079 val_loss=0.001414 | train_profit=-2.473301 (-247,330 PHP) val_profit=0.838889 (+83,889 PHP) | train_geo=-0.961967 (-96,197 PHP) val_geo=0.858053 (+85,805 PHP)
Epoch 023/50 | [MSE] train_loss=0.001076 val_loss=0.001410 | train_profit=-3.437698 (-343,770 PHP) val_profit=0.838889 (+83,889 PHP) | train_geo=-0.985507 (-98,551 PHP) val_geo=0.858053 (+85,805 PHP)
Epoch 024/50 | [MSE] train_loss=0.001070 val_loss=0.001413 | train_profit=-2.918025 (-291,803 PHP) val_profit=0.838889 (+83,889 PHP) | train_geo=-0.975627 (-97,563 PHP) val_geo=0.858053 (+85,805 PHP)
Epoch 025/50 | [MSE] train_loss=0.001074 val_loss=0.001414 | train_profit=-2.683256 (-268,326 PHP) val_profit=0.838889 (+83,889 PHP) | train_geo=-0.969133 (-96,913 PHP) val_geo=0.858053 (+85,805 PHP)
Epoch 026/50 | [MSE] train_loss=0.001076 val_loss=0.001411 | train_profit=-2.551436 (-255,144 PHP) val_profit=0.838889 (+83,889 PHP) | train_geo=-0.964761 (-96,476 PHP) val_geo=0.858053 (+85,805 PHP)
Epoch 027/50 | [MSE] train_loss=0.001071 val_loss=0.001409 | train_profit=-2.900913 (-290,091 PHP) val_profit=0.838889 (+83,889 PHP) | train_geo=-0.975188 (-97,519 PHP) val_geo=0.858053 (+85,805 PHP)
Epoch 028/50 | [MSE] train_loss=0.001069 val_loss=0.001412 | train_profit=-2.322554 (-232,255 PHP) val_profit=0.838889 (+83,889 PHP) | train_geo=-0.955246 (-95,525 PHP) val_geo=0.858053 (+85,805 PHP)
Epoch 029/50 | [MSE] train_loss=0.001074 val_loss=0.001409 | train_profit=-2.291660 (-229,166 PHP) val_profit=0.838889 (+83,889 PHP) | train_geo=-0.954280 (-95,428 PHP) val_geo=0.858053 (+85,805 PHP)
Epoch 030/50 | [MSE] train_loss=0.001067 val_loss=0.001411 | train_profit=-2.833831 (-283,383 PHP) val_profit=0.838889 (+83,889 PHP) | train_geo=-0.973474 (-97,347 PHP) val_geo=0.858053 (+85,805 PHP)
Epoch 031/50 | [MSE] train_loss=0.001072 val_loss=0.001409 | train_profit=-2.498673 (-249,867 PHP) val_profit=0.838889 (+83,889 PHP) | train_geo=-0.962467 (-96,247 PHP) val_geo=0.858053 (+85,805 PHP)
Epoch 032/50 | [MSE] train_loss=0.001068 val_loss=0.001410 | train_profit=-2.703118 (-270,312 PHP) val_profit=0.838889 (+83,889 PHP) | train_geo=-0.969777 (-96,978 PHP) val_geo=0.858053 (+85,805 PHP)
Epoch 033/50 | [MSE] train_loss=0.001068 val_loss=0.001407 | train_profit=-2.613176 (-261,318 PHP) val_profit=0.838889 (+83,889 PHP) | train_geo=-0.966607 (-96,661 PHP) val_geo=0.858053 (+85,805 PHP)
Epoch 034/50 | [MSE] train_loss=0.001062 val_loss=0.001410 | train_profit=-1.429977 (-142,998 PHP) val_profit=0.838889 (+83,889 PHP) | train_geo=-0.890677 (-89,068 PHP) val_geo=0.858053 (+85,805 PHP)
Epoch 035/50 | [MSE] train_loss=0.001060 val_loss=0.001408 | train_profit=-1.529373 (-152,937 PHP) val_profit=0.838889 (+83,889 PHP) | train_geo=-0.901141 (-90,114 PHP) val_geo=0.858053 (+85,805 PHP)
Epoch 036/50 | [MSE] train_loss=0.001065 val_loss=0.001409 | train_profit=-1.976643 (-197,664 PHP) val_profit=0.838889 (+83,889 PHP) | train_geo=-0.936785 (-93,678 PHP) val_geo=0.858053 (+85,805 PHP)
Epoch 037/50 | [MSE] train_loss=0.001066 val_loss=0.001408 | train_profit=-1.725001 (-172,500 PHP) val_profit=0.835853 (+83,585 PHP) | train_geo=-0.919362 (-91,936 PHP) val_geo=0.852349 (+85,235 PHP)
Epoch 038/50 | [MSE] train_loss=0.001068 val_loss=0.001408 | train_profit=-2.626771 (-262,677 PHP) val_profit=0.838889 (+83,889 PHP) | train_geo=-0.967366 (-96,737 PHP) val_geo=0.858053 (+85,805 PHP)
Epoch 039/50 | [MSE] train_loss=0.001064 val_loss=0.001407 | train_profit=-1.571551 (-157,155 PHP) val_profit=0.838889 (+83,889 PHP) | train_geo=-0.906104 (-90,610 PHP) val_geo=0.858053 (+85,805 PHP)
Epoch 040/50 | [MSE] train_loss=0.001062 val_loss=0.001409 | train_profit=-1.725786 (-172,579 PHP) val_profit=0.838889 (+83,889 PHP) | train_geo=-0.918669 (-91,867 PHP) val_geo=0.858053 (+85,805 PHP)
Epoch 041/50 | [MSE] train_loss=0.001062 val_loss=0.001407 | train_profit=-2.178544 (-217,854 PHP) val_profit=0.838889 (+83,889 PHP) | train_geo=-0.948852 (-94,885 PHP) val_geo=0.858053 (+85,805 PHP)
Epoch 042/50 | [MSE] train_loss=0.001064 val_loss=0.001405 | train_profit=-2.478642 (-247,864 PHP) val_profit=0.835853 (+83,585 PHP) | train_geo=-0.961771 (-96,177 PHP) val_geo=0.852349 (+85,235 PHP)
Epoch 043/50 | [MSE] train_loss=0.001064 val_loss=0.001406 | train_profit=-2.058610 (-205,861 PHP) val_profit=0.835853 (+83,585 PHP) | train_geo=-0.941736 (-94,174 PHP) val_geo=0.852349 (+85,235 PHP)
Epoch 044/50 | [MSE] train_loss=0.001064 val_loss=0.001406 | train_profit=-3.012614 (-301,261 PHP) val_profit=0.835853 (+83,585 PHP) | train_geo=-0.977818 (-97,782 PHP) val_geo=0.852349 (+85,235 PHP)
Epoch 045/50 | [MSE] train_loss=0.001057 val_loss=0.001406 | train_profit=-1.255463 (-125,546 PHP) val_profit=0.835853 (+83,585 PHP) | train_geo=-0.869781 (-86,978 PHP) val_geo=0.852349 (+85,235 PHP)
Epoch 046/50 | [MSE] train_loss=0.001059 val_loss=0.001407 | train_profit=-1.807660 (-180,766 PHP) val_profit=0.805975 (+80,597 PHP) | train_geo=-0.925137 (-92,514 PHP) val_geo=0.797855 (+79,785 PHP)
Epoch 047/50 | [MSE] train_loss=0.001059 val_loss=0.001407 | train_profit=-2.164185 (-216,419 PHP) val_profit=0.835853 (+83,585 PHP) | train_geo=-0.947596 (-94,760 PHP) val_geo=0.852349 (+85,235 PHP)
Epoch 048/50 | [MSE] train_loss=0.001057 val_loss=0.001405 | train_profit=-0.981184 (-98,118 PHP) val_profit=0.725013 (+72,501 PHP) | train_geo=-0.828693 (-82,869 PHP) val_geo=0.657876 (+65,788 PHP)
Epoch 049/50 | [MSE] train_loss=0.001056 val_loss=0.001404 | train_profit=-1.480851 (-148,085 PHP) val_profit=0.770213 (+77,021 PHP) | train_geo=-0.896048 (-89,605 PHP) val_geo=0.734689 (+73,469 PHP)
Epoch 050/50 | [MSE] train_loss=0.001061 val_loss=0.001405 | train_profit=-1.359294 (-135,929 PHP) val_profit=0.805975 (+80,597 PHP) | train_geo=-0.883813 (-88,381 PHP) val_geo=0.797855 (+79,785 PHP)
[1/23] NVDA       (strong) mse           dir_acc=0.535 cum_ret=+0.6613 geo_ret=+0.7906 sharpe=+1.484 (buy&hold=+0.7923) [8.2s]
Epoch 001/50 | train_loss=-0.000563 val_loss=-0.001452 | train_profit=1.768962 (+176,896 PHP) val_profit=0.838889 (+83,889 PHP) | train_geo=1.687977 (+168,798 PHP) val_geo=0.858053 (+85,805 PHP)
Epoch 002/50 | train_loss=-0.001683 val_loss=-0.002030 | train_profit=3.156849 (+315,685 PHP) val_profit=0.838889 (+83,889 PHP) | train_geo=9.779662 (+977,966 PHP) val_geo=0.858053 (+85,805 PHP)
Epoch 003/50 | train_loss=-0.001777 val_loss=-0.001967 | train_profit=3.156849 (+315,685 PHP) val_profit=0.838889 (+83,889 PHP) | train_geo=9.779662 (+977,966 PHP) val_geo=0.858053 (+85,805 PHP)
Epoch 004/50 | train_loss=-0.001662 val_loss=-0.001894 | train_profit=3.002008 (+300,201 PHP) val_profit=0.838889 (+83,889 PHP) | train_geo=8.229228 (+822,923 PHP) val_geo=0.858053 (+85,805 PHP)
Epoch 005/50 | train_loss=-0.001682 val_loss=-0.001913 | train_profit=2.928973 (+292,897 PHP) val_profit=0.838889 (+83,889 PHP) | train_geo=7.577928 (+757,793 PHP) val_geo=0.858053 (+85,805 PHP)
Epoch 006/50 | train_loss=-0.001800 val_loss=-0.001891 | train_profit=3.156849 (+315,685 PHP) val_profit=0.838889 (+83,889 PHP) | train_geo=9.779662 (+977,966 PHP) val_geo=0.858053 (+85,805 PHP)
Epoch 007/50 | train_loss=-0.001845 val_loss=-0.001898 | train_profit=3.156849 (+315,685 PHP) val_profit=0.838889 (+83,889 PHP) | train_geo=9.779662 (+977,966 PHP) val_geo=0.858053 (+85,805 PHP)
Epoch 008/50 | train_loss=-0.001903 val_loss=-0.001965 | train_profit=3.156849 (+315,685 PHP) val_profit=0.838889 (+83,889 PHP) | train_geo=9.779662 (+977,966 PHP) val_geo=0.858053 (+85,805 PHP)
Epoch 009/50 | train_loss=-0.001908 val_loss=-0.001956 | train_profit=3.156849 (+315,685 PHP) val_profit=0.838889 (+83,889 PHP) | train_geo=9.779662 (+977,966 PHP) val_geo=0.858053 (+85,805 PHP)
Epoch 010/50 | train_loss=-0.001843 val_loss=-0.001851 | train_profit=3.156849 (+315,685 PHP) val_profit=0.838889 (+83,889 PHP) | train_geo=9.779662 (+977,966 PHP) val_geo=0.858053 (+85,805 PHP)
Epoch 011/50 | train_loss=-0.001716 val_loss=-0.001981 | train_profit=3.156849 (+315,685 PHP) val_profit=0.838889 (+83,889 PHP) | train_geo=9.779662 (+977,966 PHP) val_geo=0.858053 (+85,805 PHP)
Epoch 012/50 | train_loss=-0.001841 val_loss=-0.001953 | train_profit=3.156849 (+315,685 PHP) val_profit=0.838889 (+83,889 PHP) | train_geo=9.779662 (+977,966 PHP) val_geo=0.858053 (+85,805 PHP)
Epoch 013/50 | train_loss=-0.001766 val_loss=-0.002015 | train_profit=3.156849 (+315,685 PHP) val_profit=0.838889 (+83,889 PHP) | train_geo=9.779662 (+977,966 PHP) val_geo=0.858053 (+85,805 PHP)
Epoch 014/50 | train_loss=-0.001880 val_loss=-0.002016 | train_profit=3.156849 (+315,685 PHP) val_profit=0.838889 (+83,889 PHP) | train_geo=9.779662 (+977,966 PHP) val_geo=0.858053 (+85,805 PHP)
Epoch 015/50 | train_loss=-0.001865 val_loss=-0.002019 | train_profit=3.156849 (+315,685 PHP) val_profit=0.838889 (+83,889 PHP) | train_geo=9.779662 (+977,966 PHP) val_geo=0.858053 (+85,805 PHP)
Epoch 016/50 | train_loss=-0.001880 val_loss=-0.002014 | train_profit=3.156849 (+315,685 PHP) val_profit=0.838889 (+83,889 PHP) | train_geo=9.779662 (+977,966 PHP) val_geo=0.858053 (+85,805 PHP)
Epoch 017/50 | train_loss=-0.001866 val_loss=-0.002015 | train_profit=3.156849 (+315,685 PHP) val_profit=0.838889 (+83,889 PHP) | train_geo=9.779662 (+977,966 PHP) val_geo=0.858053 (+85,805 PHP)
Epoch 018/50 | train_loss=-0.001883 val_loss=-0.002026 | train_profit=3.156849 (+315,685 PHP) val_profit=0.838889 (+83,889 PHP) | train_geo=9.779662 (+977,966 PHP) val_geo=0.858053 (+85,805 PHP)
Epoch 019/50 | train_loss=-0.001899 val_loss=-0.002023 | train_profit=3.156849 (+315,685 PHP) val_profit=0.838889 (+83,889 PHP) | train_geo=9.779662 (+977,966 PHP) val_geo=0.858053 (+85,805 PHP)
Epoch 020/50 | train_loss=-0.001909 val_loss=-0.002032 | train_profit=3.156849 (+315,685 PHP) val_profit=0.838889 (+83,889 PHP) | train_geo=9.779662 (+977,966 PHP) val_geo=0.858053 (+85,805 PHP)
Epoch 021/50 | train_loss=-0.001897 val_loss=-0.002028 | train_profit=3.156849 (+315,685 PHP) val_profit=0.838889 (+83,889 PHP) | train_geo=9.779662 (+977,966 PHP) val_geo=0.858053 (+85,805 PHP)
Epoch 022/50 | train_loss=-0.001922 val_loss=-0.002028 | train_profit=3.156849 (+315,685 PHP) val_profit=0.838889 (+83,889 PHP) | train_geo=9.779662 (+977,966 PHP) val_geo=0.858053 (+85,805 PHP)
Epoch 023/50 | train_loss=-0.001914 val_loss=-0.002030 | train_profit=3.156849 (+315,685 PHP) val_profit=0.838889 (+83,889 PHP) | train_geo=9.779662 (+977,966 PHP) val_geo=0.858053 (+85,805 PHP)
Epoch 024/50 | train_loss=-0.001908 val_loss=-0.002018 | train_profit=3.156849 (+315,685 PHP) val_profit=0.838889 (+83,889 PHP) | train_geo=9.779662 (+977,966 PHP) val_geo=0.858053 (+85,805 PHP)
Epoch 025/50 | train_loss=-0.001898 val_loss=-0.002024 | train_profit=3.156849 (+315,685 PHP) val_profit=0.838889 (+83,889 PHP) | train_geo=9.779662 (+977,966 PHP) val_geo=0.858053 (+85,805 PHP)
Epoch 026/50 | train_loss=-0.001928 val_loss=-0.002024 | train_profit=3.156849 (+315,685 PHP) val_profit=0.838889 (+83,889 PHP) | train_geo=9.779662 (+977,966 PHP) val_geo=0.858053 (+85,805 PHP)
Epoch 027/50 | train_loss=-0.001924 val_loss=-0.002034 | train_profit=3.156849 (+315,685 PHP) val_profit=0.838889 (+83,889 PHP) | train_geo=9.779662 (+977,966 PHP) val_geo=0.858053 (+85,805 PHP)
Epoch 028/50 | train_loss=-0.001928 val_loss=-0.002026 | train_profit=3.156849 (+315,685 PHP) val_profit=0.838889 (+83,889 PHP) | train_geo=9.779662 (+977,966 PHP) val_geo=0.858053 (+85,805 PHP)
Epoch 029/50 | train_loss=-0.001919 val_loss=-0.002026 | train_profit=3.156849 (+315,685 PHP) val_profit=0.838889 (+83,889 PHP) | train_geo=9.779662 (+977,966 PHP) val_geo=0.858053 (+85,805 PHP)
Epoch 030/50 | train_loss=-0.001912 val_loss=-0.002028 | train_profit=3.156849 (+315,685 PHP) val_profit=0.838889 (+83,889 PHP) | train_geo=9.779662 (+977,966 PHP) val_geo=0.858053 (+85,805 PHP)
Epoch 031/50 | train_loss=-0.001921 val_loss=-0.002021 | train_profit=3.156849 (+315,685 PHP) val_profit=0.838889 (+83,889 PHP) | train_geo=9.779662 (+977,966 PHP) val_geo=0.858053 (+85,805 PHP)
Epoch 032/50 | train_loss=-0.001929 val_loss=-0.002025 | train_profit=3.156849 (+315,685 PHP) val_profit=0.838889 (+83,889 PHP) | train_geo=9.779662 (+977,966 PHP) val_geo=0.858053 (+85,805 PHP)
Epoch 033/50 | train_loss=-0.001930 val_loss=-0.002024 | train_profit=3.156849 (+315,685 PHP) val_profit=0.838889 (+83,889 PHP) | train_geo=9.779662 (+977,966 PHP) val_geo=0.858053 (+85,805 PHP)
Epoch 034/50 | train_loss=-0.001941 val_loss=-0.002022 | train_profit=3.156849 (+315,685 PHP) val_profit=0.838889 (+83,889 PHP) | train_geo=9.779662 (+977,966 PHP) val_geo=0.858053 (+85,805 PHP)
Epoch 035/50 | train_loss=-0.001926 val_loss=-0.002027 | train_profit=3.156849 (+315,685 PHP) val_profit=0.838889 (+83,889 PHP) | train_geo=9.779662 (+977,966 PHP) val_geo=0.858053 (+85,805 PHP)
Epoch 036/50 | train_loss=-0.001931 val_loss=-0.002025 | train_profit=3.156849 (+315,685 PHP) val_profit=0.838889 (+83,889 PHP) | train_geo=9.779662 (+977,966 PHP) val_geo=0.858053 (+85,805 PHP)
Epoch 037/50 | train_loss=-0.001940 val_loss=-0.002014 | train_profit=3.156849 (+315,685 PHP) val_profit=0.838889 (+83,889 PHP) | train_geo=9.779662 (+977,966 PHP) val_geo=0.858053 (+85,805 PHP)
Epoch 038/50 | train_loss=-0.001938 val_loss=-0.002020 | train_profit=3.156849 (+315,685 PHP) val_profit=0.838889 (+83,889 PHP) | train_geo=9.779662 (+977,966 PHP) val_geo=0.858053 (+85,805 PHP)
Epoch 039/50 | train_loss=-0.001929 val_loss=-0.002020 | train_profit=3.156849 (+315,685 PHP) val_profit=0.838889 (+83,889 PHP) | train_geo=9.779662 (+977,966 PHP) val_geo=0.858053 (+85,805 PHP)
Epoch 040/50 | train_loss=-0.001940 val_loss=-0.002010 | train_profit=3.156849 (+315,685 PHP) val_profit=0.838889 (+83,889 PHP) | train_geo=9.779662 (+977,966 PHP) val_geo=0.858053 (+85,805 PHP)
Epoch 041/50 | train_loss=-0.001947 val_loss=-0.002007 | train_profit=3.156849 (+315,685 PHP) val_profit=0.838889 (+83,889 PHP) | train_geo=9.779662 (+977,966 PHP) val_geo=0.858053 (+85,805 PHP)
Epoch 042/50 | train_loss=-0.001932 val_loss=-0.002010 | train_profit=3.156849 (+315,685 PHP) val_profit=0.838889 (+83,889 PHP) | train_geo=9.779662 (+977,966 PHP) val_geo=0.858053 (+85,805 PHP)
Epoch 043/50 | train_loss=-0.001939 val_loss=-0.002004 | train_profit=3.156849 (+315,685 PHP) val_profit=0.838889 (+83,889 PHP) | train_geo=9.779662 (+977,966 PHP) val_geo=0.858053 (+85,805 PHP)
Epoch 044/50 | train_loss=-0.001925 val_loss=-0.002013 | train_profit=3.156849 (+315,685 PHP) val_profit=0.838889 (+83,889 PHP) | train_geo=9.779662 (+977,966 PHP) val_geo=0.858053 (+85,805 PHP)
Epoch 045/50 | train_loss=-0.001938 val_loss=-0.002023 | train_profit=3.156849 (+315,685 PHP) val_profit=0.838889 (+83,889 PHP) | train_geo=9.779662 (+977,966 PHP) val_geo=0.858053 (+85,805 PHP)
Epoch 046/50 | train_loss=-0.001946 val_loss=-0.002021 | train_profit=3.156849 (+315,685 PHP) val_profit=0.838889 (+83,889 PHP) | train_geo=9.779662 (+977,966 PHP) val_geo=0.858053 (+85,805 PHP)
Epoch 047/50 | train_loss=-0.001954 val_loss=-0.002085 | train_profit=3.156849 (+315,685 PHP) val_profit=0.838889 (+83,889 PHP) | train_geo=9.779662 (+977,966 PHP) val_geo=0.858053 (+85,805 PHP)
Epoch 048/50 | train_loss=-0.001945 val_loss=-0.002056 | train_profit=3.156849 (+315,685 PHP) val_profit=0.838889 (+83,889 PHP) | train_geo=9.779662 (+977,966 PHP) val_geo=0.858053 (+85,805 PHP)
Epoch 049/50 | train_loss=-0.001963 val_loss=-0.002024 | train_profit=3.156849 (+315,685 PHP) val_profit=0.838889 (+83,889 PHP) | train_geo=9.779662 (+977,966 PHP) val_geo=0.858053 (+85,805 PHP)
Epoch 050/50 | train_loss=-0.001984 val_loss=-0.002097 | train_profit=3.156849 (+315,685 PHP) val_profit=0.838889 (+83,889 PHP) | train_geo=9.779662 (+977,966 PHP) val_geo=0.858053 (+85,805 PHP)
[1/23] NVDA       (strong) profit-aware  dir_acc=0.535 cum_ret=+0.6613 geo_ret=+0.7906 sharpe=+1.484 (buy&hold=+0.7923) [13.5s]
Epoch 001/50 | [PROFIT-LOG] train_loss=-0.001931 val_loss=-0.001928 | train_profit=3.154133 (+315,413 PHP) val_profit=0.838889 (+83,889 PHP) | train_geo=9.750792 (+975,079 PHP) val_geo=0.858053 (+85,805 PHP)
Epoch 002/50 | [PROFIT-LOG] train_loss=-0.002009 val_loss=-0.001928 | train_profit=3.156849 (+315,685 PHP) val_profit=0.838889 (+83,889 PHP) | train_geo=9.779662 (+977,966 PHP) val_geo=0.858053 (+85,805 PHP)
Epoch 003/50 | [PROFIT-LOG] train_loss=-0.002009 val_loss=-0.001928 | train_profit=3.156849 (+315,685 PHP) val_profit=0.838889 (+83,889 PHP) | train_geo=9.779662 (+977,966 PHP) val_geo=0.858053 (+85,805 PHP)
Epoch 004/50 | [PROFIT-LOG] train_loss=-0.002009 val_loss=-0.001928 | train_profit=3.156849 (+315,685 PHP) val_profit=0.838889 (+83,889 PHP) | train_geo=9.779662 (+977,966 PHP) val_geo=0.858053 (+85,805 PHP)
Epoch 005/50 | [PROFIT-LOG] train_loss=-0.002009 val_loss=-0.001928 | train_profit=3.156849 (+315,685 PHP) val_profit=0.838889 (+83,889 PHP) | train_geo=9.779662 (+977,966 PHP) val_geo=0.858053 (+85,805 PHP)
Epoch 006/50 | [PROFIT-LOG] train_loss=-0.002010 val_loss=-0.001928 | train_profit=3.156849 (+315,685 PHP) val_profit=0.838889 (+83,889 PHP) | train_geo=9.779662 (+977,966 PHP) val_geo=0.858053 (+85,805 PHP)
Epoch 007/50 | [PROFIT-LOG] train_loss=-0.002009 val_loss=-0.001928 | train_profit=3.156849 (+315,685 PHP) val_profit=0.838889 (+83,889 PHP) | train_geo=9.779662 (+977,966 PHP) val_geo=0.858053 (+85,805 PHP)
Epoch 008/50 | [PROFIT-LOG] train_loss=-0.002009 val_loss=-0.001928 | train_profit=3.156849 (+315,685 PHP) val_profit=0.838889 (+83,889 PHP) | train_geo=9.779662 (+977,966 PHP) val_geo=0.858053 (+85,805 PHP)
Epoch 009/50 | [PROFIT-LOG] train_loss=-0.002009 val_loss=-0.001928 | train_profit=3.156849 (+315,685 PHP) val_profit=0.838889 (+83,889 PHP) | train_geo=9.779662 (+977,966 PHP) val_geo=0.858053 (+85,805 PHP)
Epoch 010/50 | [PROFIT-LOG] train_loss=-0.002009 val_loss=-0.001928 | train_profit=3.156849 (+315,685 PHP) val_profit=0.838889 (+83,889 PHP) | train_geo=9.779662 (+977,966 PHP) val_geo=0.858053 (+85,805 PHP)
Epoch 011/50 | [PROFIT-LOG] train_loss=-0.002009 val_loss=-0.001928 | train_profit=3.156849 (+315,685 PHP) val_profit=0.838889 (+83,889 PHP) | train_geo=9.779662 (+977,966 PHP) val_geo=0.858053 (+85,805 PHP)
Epoch 012/50 | [PROFIT-LOG] train_loss=-0.002009 val_loss=-0.001928 | train_profit=3.156849 (+315,685 PHP) val_profit=0.838889 (+83,889 PHP) | train_geo=9.779662 (+977,966 PHP) val_geo=0.858053 (+85,805 PHP)
Epoch 013/50 | [PROFIT-LOG] train_loss=-0.002009 val_loss=-0.001928 | train_profit=3.156849 (+315,685 PHP) val_profit=0.838889 (+83,889 PHP) | train_geo=9.779662 (+977,966 PHP) val_geo=0.858053 (+85,805 PHP)
Epoch 014/50 | [PROFIT-LOG] train_loss=-0.002009 val_loss=-0.001928 | train_profit=3.156849 (+315,685 PHP) val_profit=0.838889 (+83,889 PHP) | train_geo=9.779662 (+977,966 PHP) val_geo=0.858053 (+85,805 PHP)
Epoch 015/50 | [PROFIT-LOG] train_loss=-0.002009 val_loss=-0.001928 | train_profit=3.156849 (+315,685 PHP) val_profit=0.838889 (+83,889 PHP) | train_geo=9.779662 (+977,966 PHP) val_geo=0.858053 (+85,805 PHP)
Epoch 016/50 | [PROFIT-LOG] train_loss=-0.002009 val_loss=-0.001928 | train_profit=3.156849 (+315,685 PHP) val_profit=0.838889 (+83,889 PHP) | train_geo=9.779662 (+977,966 PHP) val_geo=0.858053 (+85,805 PHP)
Epoch 017/50 | [PROFIT-LOG] train_loss=-0.002009 val_loss=-0.001928 | train_profit=3.156849 (+315,685 PHP) val_profit=0.838889 (+83,889 PHP) | train_geo=9.779662 (+977,966 PHP) val_geo=0.858053 (+85,805 PHP)
Epoch 018/50 | [PROFIT-LOG] train_loss=-0.002009 val_loss=-0.001928 | train_profit=3.156849 (+315,685 PHP) val_profit=0.838889 (+83,889 PHP) | train_geo=9.779662 (+977,966 PHP) val_geo=0.858053 (+85,805 PHP)
Epoch 019/50 | [PROFIT-LOG] train_loss=-0.002009 val_loss=-0.001928 | train_profit=3.156849 (+315,685 PHP) val_profit=0.838889 (+83,889 PHP) | train_geo=9.779662 (+977,966 PHP) val_geo=0.858053 (+85,805 PHP)
Epoch 020/50 | [PROFIT-LOG] train_loss=-0.002009 val_loss=-0.001928 | train_profit=3.156849 (+315,685 PHP) val_profit=0.838889 (+83,889 PHP) | train_geo=9.779662 (+977,966 PHP) val_geo=0.858053 (+85,805 PHP)
Epoch 021/50 | [PROFIT-LOG] train_loss=-0.002009 val_loss=-0.001928 | train_profit=3.156849 (+315,685 PHP) val_profit=0.838889 (+83,889 PHP) | train_geo=9.779662 (+977,966 PHP) val_geo=0.858053 (+85,805 PHP)
Epoch 022/50 | [PROFIT-LOG] train_loss=-0.002009 val_loss=-0.001928 | train_profit=3.156849 (+315,685 PHP) val_profit=0.838889 (+83,889 PHP) | train_geo=9.779662 (+977,966 PHP) val_geo=0.858053 (+85,805 PHP)
Epoch 023/50 | [PROFIT-LOG] train_loss=-0.002009 val_loss=-0.001928 | train_profit=3.156849 (+315,685 PHP) val_profit=0.838889 (+83,889 PHP) | train_geo=9.779662 (+977,966 PHP) val_geo=0.858053 (+85,805 PHP)
Epoch 024/50 | [PROFIT-LOG] train_loss=-0.002009 val_loss=-0.001928 | train_profit=3.156849 (+315,685 PHP) val_profit=0.838889 (+83,889 PHP) | train_geo=9.779662 (+977,966 PHP) val_geo=0.858053 (+85,805 PHP)
Epoch 025/50 | [PROFIT-LOG] train_loss=-0.002009 val_loss=-0.001928 | train_profit=3.156849 (+315,685 PHP) val_profit=0.838889 (+83,889 PHP) | train_geo=9.779662 (+977,966 PHP) val_geo=0.858053 (+85,805 PHP)
Epoch 026/50 | [PROFIT-LOG] train_loss=-0.002009 val_loss=-0.001928 | train_profit=3.156849 (+315,685 PHP) val_profit=0.838889 (+83,889 PHP) | train_geo=9.779662 (+977,966 PHP) val_geo=0.858053 (+85,805 PHP)
Epoch 027/50 | [PROFIT-LOG] train_loss=-0.002009 val_loss=-0.001928 | train_profit=3.156849 (+315,685 PHP) val_profit=0.838889 (+83,889 PHP) | train_geo=9.779662 (+977,966 PHP) val_geo=0.858053 (+85,805 PHP)
Epoch 028/50 | [PROFIT-LOG] train_loss=-0.002009 val_loss=-0.001928 | train_profit=3.156849 (+315,685 PHP) val_profit=0.838889 (+83,889 PHP) | train_geo=9.779662 (+977,966 PHP) val_geo=0.858053 (+85,805 PHP)
Epoch 029/50 | [PROFIT-LOG] train_loss=-0.002009 val_loss=-0.001928 | train_profit=3.156849 (+315,685 PHP) val_profit=0.838889 (+83,889 PHP) | train_geo=9.779662 (+977,966 PHP) val_geo=0.858053 (+85,805 PHP)
Epoch 030/50 | [PROFIT-LOG] train_loss=-0.002009 val_loss=-0.001928 | train_profit=3.156849 (+315,685 PHP) val_profit=0.838889 (+83,889 PHP) | train_geo=9.779662 (+977,966 PHP) val_geo=0.858053 (+85,805 PHP)
Epoch 031/50 | [PROFIT-LOG] train_loss=-0.002009 val_loss=-0.001928 | train_profit=3.156849 (+315,685 PHP) val_profit=0.838889 (+83,889 PHP) | train_geo=9.779662 (+977,966 PHP) val_geo=0.858053 (+85,805 PHP)
Epoch 032/50 | [PROFIT-LOG] train_loss=-0.002009 val_loss=-0.001928 | train_profit=3.156849 (+315,685 PHP) val_profit=0.838889 (+83,889 PHP) | train_geo=9.779662 (+977,966 PHP) val_geo=0.858053 (+85,805 PHP)
Epoch 033/50 | [PROFIT-LOG] train_loss=-0.002009 val_loss=-0.001928 | train_profit=3.156849 (+315,685 PHP) val_profit=0.838889 (+83,889 PHP) | train_geo=9.779662 (+977,966 PHP) val_geo=0.858053 (+85,805 PHP)
Epoch 034/50 | [PROFIT-LOG] train_loss=-0.002009 val_loss=-0.001928 | train_profit=3.156849 (+315,685 PHP) val_profit=0.838889 (+83,889 PHP) | train_geo=9.779662 (+977,966 PHP) val_geo=0.858053 (+85,805 PHP)
Epoch 035/50 | [PROFIT-LOG] train_loss=-0.002009 val_loss=-0.001928 | train_profit=3.156849 (+315,685 PHP) val_profit=0.838889 (+83,889 PHP) | train_geo=9.779662 (+977,966 PHP) val_geo=0.858053 (+85,805 PHP)
Epoch 036/50 | [PROFIT-LOG] train_loss=-0.002009 val_loss=-0.001928 | train_profit=3.156849 (+315,685 PHP) val_profit=0.838889 (+83,889 PHP) | train_geo=9.779662 (+977,966 PHP) val_geo=0.858053 (+85,805 PHP)
Epoch 037/50 | [PROFIT-LOG] train_loss=-0.002009 val_loss=-0.001928 | train_profit=3.156849 (+315,685 PHP) val_profit=0.838889 (+83,889 PHP) | train_geo=9.779662 (+977,966 PHP) val_geo=0.858053 (+85,805 PHP)
Epoch 038/50 | [PROFIT-LOG] train_loss=-0.002009 val_loss=-0.001928 | train_profit=3.156849 (+315,685 PHP) val_profit=0.838889 (+83,889 PHP) | train_geo=9.779662 (+977,966 PHP) val_geo=0.858053 (+85,805 PHP)
Epoch 039/50 | [PROFIT-LOG] train_loss=-0.002009 val_loss=-0.001928 | train_profit=3.156849 (+315,685 PHP) val_profit=0.838889 (+83,889 PHP) | train_geo=9.779662 (+977,966 PHP) val_geo=0.858053 (+85,805 PHP)
Epoch 040/50 | [PROFIT-LOG] train_loss=-0.002009 val_loss=-0.001928 | train_profit=3.156849 (+315,685 PHP) val_profit=0.838889 (+83,889 PHP) | train_geo=9.779662 (+977,966 PHP) val_geo=0.858053 (+85,805 PHP)
Epoch 041/50 | [PROFIT-LOG] train_loss=-0.002009 val_loss=-0.001928 | train_profit=3.156849 (+315,685 PHP) val_profit=0.838889 (+83,889 PHP) | train_geo=9.779662 (+977,966 PHP) val_geo=0.858053 (+85,805 PHP)
Epoch 042/50 | [PROFIT-LOG] train_loss=-0.002009 val_loss=-0.001928 | train_profit=3.156849 (+315,685 PHP) val_profit=0.838889 (+83,889 PHP) | train_geo=9.779662 (+977,966 PHP) val_geo=0.858053 (+85,805 PHP)
Epoch 043/50 | [PROFIT-LOG] train_loss=-0.002009 val_loss=-0.001928 | train_profit=3.156849 (+315,685 PHP) val_profit=0.838889 (+83,889 PHP) | train_geo=9.779662 (+977,966 PHP) val_geo=0.858053 (+85,805 PHP)
Epoch 044/50 | [PROFIT-LOG] train_loss=-0.002009 val_loss=-0.001928 | train_profit=3.156849 (+315,685 PHP) val_profit=0.838889 (+83,889 PHP) | train_geo=9.779662 (+977,966 PHP) val_geo=0.858053 (+85,805 PHP)
Epoch 045/50 | [PROFIT-LOG] train_loss=-0.002009 val_loss=-0.001928 | train_profit=3.156849 (+315,685 PHP) val_profit=0.838889 (+83,889 PHP) | train_geo=9.779662 (+977,966 PHP) val_geo=0.858053 (+85,805 PHP)
Epoch 046/50 | [PROFIT-LOG] train_loss=-0.002009 val_loss=-0.001928 | train_profit=3.156849 (+315,685 PHP) val_profit=0.838889 (+83,889 PHP) | train_geo=9.779662 (+977,966 PHP) val_geo=0.858053 (+85,805 PHP)
Epoch 047/50 | [PROFIT-LOG] train_loss=-0.002009 val_loss=-0.001928 | train_profit=3.156849 (+315,685 PHP) val_profit=0.838889 (+83,889 PHP) | train_geo=9.779662 (+977,966 PHP) val_geo=0.858053 (+85,805 PHP)
Epoch 048/50 | [PROFIT-LOG] train_loss=-0.002009 val_loss=-0.001928 | train_profit=3.156849 (+315,685 PHP) val_profit=0.838889 (+83,889 PHP) | train_geo=9.779662 (+977,966 PHP) val_geo=0.858053 (+85,805 PHP)
Epoch 049/50 | [PROFIT-LOG] train_loss=-0.002009 val_loss=-0.001928 | train_profit=3.156849 (+315,685 PHP) val_profit=0.838889 (+83,889 PHP) | train_geo=9.779662 (+977,966 PHP) val_geo=0.858053 (+85,805 PHP)
Epoch 050/50 | [PROFIT-LOG] train_loss=-0.002009 val_loss=-0.001928 | train_profit=3.156849 (+315,685 PHP) val_profit=0.838889 (+83,889 PHP) | train_geo=9.779662 (+977,966 PHP) val_geo=0.858053 (+85,805 PHP)
[1/23] NVDA       (strong) profit-log    dir_acc=0.535 cum_ret=+0.6613 geo_ret=+0.7906 sharpe=+1.484 (buy&hold=+0.7923) [5.1s]
Epoch 001/50 | [MSE] train_loss=0.000569 val_loss=0.000400 | train_profit=0.091986 (+9,199 PHP) val_profit=0.058780 (+5,878 PHP) | train_geo=-0.184460 (-18,446 PHP) val_geo=0.000268 (+27 PHP)
Epoch 002/50 | [MSE] train_loss=0.000442 val_loss=0.000382 | train_profit=-0.503543 (-50,354 PHP) val_profit=0.142946 (+14,295 PHP) | train_geo=-0.552319 (-55,232 PHP) val_geo=0.088446 (+8,845 PHP)
Epoch 003/50 | [MSE] train_loss=0.000422 val_loss=0.000380 | train_profit=-0.104753 (-10,475 PHP) val_profit=-0.004323 (-432 PHP) | train_geo=-0.331306 (-33,131 PHP) val_geo=-0.060471 (-6,047 PHP)
Epoch 004/50 | [MSE] train_loss=0.000406 val_loss=0.000378 | train_profit=0.395564 (+39,556 PHP) val_profit=0.180167 (+18,017 PHP) | train_geo=0.105385 (+10,539 PHP) val_geo=0.130005 (+13,001 PHP)
Epoch 005/50 | [MSE] train_loss=0.000402 val_loss=0.000378 | train_profit=0.412860 (+41,286 PHP) val_profit=-0.141746 (-14,175 PHP) | train_geo=0.121889 (+12,189 PHP) val_geo=-0.181560 (-18,156 PHP)
Epoch 006/50 | [MSE] train_loss=0.000405 val_loss=0.000379 | train_profit=-0.608858 (-60,886 PHP) val_profit=0.195263 (+19,526 PHP) | train_geo=-0.596408 (-59,641 PHP) val_geo=0.146553 (+14,655 PHP)
Epoch 007/50 | [MSE] train_loss=0.000404 val_loss=0.000381 | train_profit=-1.840680 (-184,068 PHP) val_profit=-0.726274 (-72,627 PHP) | train_geo=-0.882504 (-88,250 PHP) val_geo=-0.543852 (-54,385 PHP)
Epoch 008/50 | [MSE] train_loss=0.000398 val_loss=0.000380 | train_profit=0.639586 (+63,959 PHP) val_profit=-0.072061 (-7,206 PHP) | train_geo=0.406569 (+40,657 PHP) val_geo=-0.122537 (-12,254 PHP)
Epoch 009/50 | [MSE] train_loss=0.000397 val_loss=0.000379 | train_profit=-0.392395 (-39,240 PHP) val_profit=-0.539469 (-53,947 PHP) | train_geo=-0.498969 (-49,897 PHP) val_geo=-0.450199 (-45,020 PHP)
Epoch 010/50 | [MSE] train_loss=0.000395 val_loss=0.000379 | train_profit=0.607818 (+60,782 PHP) val_profit=-0.447023 (-44,702 PHP) | train_geo=0.364961 (+36,496 PHP) val_geo=-0.396777 (-39,678 PHP)
Epoch 011/50 | [MSE] train_loss=0.000399 val_loss=0.000379 | train_profit=-1.116700 (-111,670 PHP) val_profit=-0.479148 (-47,915 PHP) | train_geo=-0.757628 (-75,763 PHP) val_geo=-0.415827 (-41,583 PHP)
Epoch 012/50 | [MSE] train_loss=0.000396 val_loss=0.000379 | train_profit=1.121784 (+112,178 PHP) val_profit=-0.099863 (-9,986 PHP) | train_geo=1.282306 (+128,231 PHP) val_geo=-0.146489 (-14,649 PHP)
Epoch 013/50 | [MSE] train_loss=0.000399 val_loss=0.000378 | train_profit=0.211325 (+21,132 PHP) val_profit=-0.237967 (-23,797 PHP) | train_geo=-0.083334 (-8,333 PHP) val_geo=-0.256714 (-25,671 PHP)
Epoch 014/50 | [MSE] train_loss=0.000397 val_loss=0.000380 | train_profit=-0.398357 (-39,836 PHP) val_profit=-0.516100 (-51,610 PHP) | train_geo=-0.502198 (-50,220 PHP) val_geo=-0.437171 (-43,717 PHP)
Epoch 015/50 | [MSE] train_loss=0.000395 val_loss=0.000380 | train_profit=0.086961 (+8,696 PHP) val_profit=-0.591984 (-59,198 PHP) | train_geo=-0.189943 (-18,994 PHP) val_geo=-0.478341 (-47,834 PHP)
Epoch 016/50 | [MSE] train_loss=0.000397 val_loss=0.000379 | train_profit=-0.377773 (-37,777 PHP) val_profit=-0.209960 (-20,996 PHP) | train_geo=-0.491603 (-49,160 PHP) val_geo=-0.235224 (-23,522 PHP)
Epoch 017/50 | [MSE] train_loss=0.000396 val_loss=0.000379 | train_profit=-0.141815 (-14,181 PHP) val_profit=-0.097104 (-9,710 PHP) | train_geo=-0.356061 (-35,606 PHP) val_geo=-0.144212 (-14,421 PHP)
Epoch 018/50 | [MSE] train_loss=0.000397 val_loss=0.000379 | train_profit=-0.394064 (-39,406 PHP) val_profit=-0.360000 (-36,000 PHP) | train_geo=-0.499696 (-49,970 PHP) val_geo=-0.341836 (-34,184 PHP)
Epoch 019/50 | [MSE] train_loss=0.000395 val_loss=0.000380 | train_profit=0.873604 (+87,360 PHP) val_profit=-0.597893 (-59,789 PHP) | train_geo=0.779063 (+77,906 PHP) val_geo=-0.481439 (-48,144 PHP)
Epoch 020/50 | [MSE] train_loss=0.000394 val_loss=0.000379 | train_profit=0.745099 (+74,510 PHP) val_profit=-0.341250 (-34,125 PHP) | train_geo=0.565484 (+56,548 PHP) val_geo=-0.329332 (-32,933 PHP)
Epoch 021/50 | [MSE] train_loss=0.000394 val_loss=0.000379 | train_profit=0.529969 (+52,997 PHP) val_profit=-0.208289 (-20,829 PHP) | train_geo=0.260144 (+26,014 PHP) val_geo=-0.234362 (-23,436 PHP)
Epoch 022/50 | [MSE] train_loss=0.000395 val_loss=0.000380 | train_profit=0.208701 (+20,870 PHP) val_profit=-0.239461 (-23,946 PHP) | train_geo=-0.086081 (-8,608 PHP) val_geo=-0.257807 (-25,781 PHP)
Epoch 023/50 | [MSE] train_loss=0.000396 val_loss=0.000379 | train_profit=0.487423 (+48,742 PHP) val_profit=-0.062763 (-6,276 PHP) | train_geo=0.208573 (+20,857 PHP) val_geo=-0.114284 (-11,428 PHP)
Epoch 024/50 | [MSE] train_loss=0.000396 val_loss=0.000380 | train_profit=0.821598 (+82,160 PHP) val_profit=-0.343482 (-34,348 PHP) | train_geo=0.689218 (+68,922 PHP) val_geo=-0.330869 (-33,087 PHP)
Epoch 025/50 | [MSE] train_loss=0.000395 val_loss=0.000379 | train_profit=0.379469 (+37,947 PHP) val_profit=-0.223222 (-22,322 PHP) | train_geo=0.084725 (+8,472 PHP) val_geo=-0.245719 (-24,572 PHP)
Epoch 026/50 | [MSE] train_loss=0.000396 val_loss=0.000379 | train_profit=0.716276 (+71,628 PHP) val_profit=-0.313571 (-31,357 PHP) | train_geo=0.520791 (+52,079 PHP) val_geo=-0.310665 (-31,066 PHP)
Epoch 027/50 | [MSE] train_loss=0.000395 val_loss=0.000380 | train_profit=1.080075 (+108,007 PHP) val_profit=-0.544684 (-54,468 PHP) | train_geo=1.187868 (+118,787 PHP) val_geo=-0.453079 (-45,308 PHP)
Epoch 028/50 | [MSE] train_loss=0.000393 val_loss=0.000380 | train_profit=0.323890 (+32,389 PHP) val_profit=-0.431588 (-43,159 PHP) | train_geo=0.025888 (+2,589 PHP) val_geo=-0.387663 (-38,766 PHP)
Epoch 029/50 | [MSE] train_loss=0.000395 val_loss=0.000380 | train_profit=0.744655 (+74,466 PHP) val_profit=-0.650984 (-65,098 PHP) | train_geo=0.563734 (+56,373 PHP) val_geo=-0.508282 (-50,828 PHP)
Epoch 030/50 | [MSE] train_loss=0.000395 val_loss=0.000380 | train_profit=0.092736 (+9,274 PHP) val_profit=-0.319237 (-31,924 PHP) | train_geo=-0.185878 (-18,588 PHP) val_geo=-0.314725 (-31,472 PHP)
Epoch 031/50 | [MSE] train_loss=0.000395 val_loss=0.000380 | train_profit=0.921280 (+92,128 PHP) val_profit=-0.370914 (-37,091 PHP) | train_geo=0.867966 (+86,797 PHP) val_geo=-0.349295 (-34,929 PHP)
Epoch 032/50 | [MSE] train_loss=0.000397 val_loss=0.000380 | train_profit=0.043379 (+4,338 PHP) val_profit=0.048275 (+4,827 PHP) | train_geo=-0.225967 (-22,597 PHP) val_geo=-0.010263 (-1,026 PHP)
Epoch 033/50 | [MSE] train_loss=0.000396 val_loss=0.000379 | train_profit=0.461649 (+46,165 PHP) val_profit=-0.347842 (-34,784 PHP) | train_geo=0.177705 (+17,771 PHP) val_geo=-0.334013 (-33,401 PHP)
Epoch 034/50 | [MSE] train_loss=0.000395 val_loss=0.000379 | train_profit=0.691259 (+69,126 PHP) val_profit=-0.245966 (-24,597 PHP) | train_geo=0.482798 (+48,280 PHP) val_geo=-0.262676 (-26,268 PHP)
Epoch 035/50 | [MSE] train_loss=0.000396 val_loss=0.000379 | train_profit=0.356047 (+35,605 PHP) val_profit=-0.401414 (-40,141 PHP) | train_geo=0.059763 (+5,976 PHP) val_geo=-0.368931 (-36,893 PHP)
Epoch 036/50 | [MSE] train_loss=0.000394 val_loss=0.000380 | train_profit=0.871910 (+87,191 PHP) val_profit=-0.202276 (-20,228 PHP) | train_geo=0.776499 (+77,650 PHP) val_geo=-0.229754 (-22,975 PHP)
Epoch 037/50 | [MSE] train_loss=0.000396 val_loss=0.000380 | train_profit=0.370010 (+37,001 PHP) val_profit=-0.154047 (-15,405 PHP) | train_geo=0.074674 (+7,467 PHP) val_geo=-0.191628 (-19,163 PHP)
Epoch 038/50 | [MSE] train_loss=0.000397 val_loss=0.000380 | train_profit=0.646138 (+64,614 PHP) val_profit=-0.122806 (-12,281 PHP) | train_geo=0.416607 (+41,661 PHP) val_geo=-0.165952 (-16,595 PHP)
Epoch 039/50 | [MSE] train_loss=0.000397 val_loss=0.000379 | train_profit=0.889268 (+88,927 PHP) val_profit=-0.029245 (-2,925 PHP) | train_geo=0.807645 (+80,765 PHP) val_geo=-0.084136 (-8,414 PHP)
Epoch 040/50 | [MSE] train_loss=0.000397 val_loss=0.000379 | train_profit=0.698447 (+69,845 PHP) val_profit=-0.069568 (-6,957 PHP) | train_geo=0.492943 (+49,294 PHP) val_geo=-0.120313 (-12,031 PHP)
Epoch 041/50 | [MSE] train_loss=0.000398 val_loss=0.000379 | train_profit=0.870676 (+87,068 PHP) val_profit=0.070028 (+7,003 PHP) | train_geo=0.774982 (+77,498 PHP) val_geo=0.011566 (+1,157 PHP)
Epoch 042/50 | [MSE] train_loss=0.000396 val_loss=0.000379 | train_profit=0.878439 (+87,844 PHP) val_profit=-0.027787 (-2,779 PHP) | train_geo=0.788518 (+78,852 PHP) val_geo=-0.082873 (-8,287 PHP)
Epoch 043/50 | [MSE] train_loss=0.000397 val_loss=0.000380 | train_profit=0.966702 (+96,670 PHP) val_profit=0.100164 (+10,016 PHP) | train_geo=0.953493 (+95,349 PHP) val_geo=0.042435 (+4,243 PHP)
Epoch 044/50 | [MSE] train_loss=0.000399 val_loss=0.000381 | train_profit=0.802769 (+80,277 PHP) val_profit=-0.025144 (-2,514 PHP) | train_geo=0.658403 (+65,840 PHP) val_geo=-0.080485 (-8,048 PHP)
Epoch 045/50 | [MSE] train_loss=0.000399 val_loss=0.000381 | train_profit=0.876105 (+87,610 PHP) val_profit=0.143811 (+14,381 PHP) | train_geo=0.783302 (+78,330 PHP) val_geo=0.088933 (+8,893 PHP)
Epoch 046/50 | [MSE] train_loss=0.000399 val_loss=0.000382 | train_profit=0.254392 (+25,439 PHP) val_profit=0.225421 (+22,542 PHP) | train_geo=-0.042698 (-4,270 PHP) val_geo=0.181664 (+18,166 PHP)
Epoch 047/50 | [MSE] train_loss=0.000400 val_loss=0.000384 | train_profit=0.216482 (+21,648 PHP) val_profit=0.238918 (+23,892 PHP) | train_geo=-0.078387 (-7,839 PHP) val_geo=0.197728 (+19,773 PHP)
Epoch 048/50 | [MSE] train_loss=0.000400 val_loss=0.000386 | train_profit=0.890623 (+89,062 PHP) val_profit=0.170178 (+17,018 PHP) | train_geo=0.809855 (+80,986 PHP) val_geo=0.118063 (+11,806 PHP)
Epoch 049/50 | [MSE] train_loss=0.000402 val_loss=0.000388 | train_profit=0.087832 (+8,783 PHP) val_profit=0.124211 (+12,421 PHP) | train_geo=-0.189820 (-18,982 PHP) val_geo=0.067758 (+6,776 PHP)
Epoch 050/50 | [MSE] train_loss=0.000404 val_loss=0.000393 | train_profit=0.597583 (+59,758 PHP) val_profit=0.124211 (+12,421 PHP) | train_geo=0.350779 (+35,078 PHP) val_geo=0.067758 (+6,776 PHP)
[2/23] AAPL       (strong) mse           dir_acc=0.531 cum_ret=+0.4707 geo_ret=+0.5388 sharpe=+1.490 (buy&hold=+0.5403) [4.3s]
Epoch 001/50 | train_loss=-0.000218 val_loss=0.000461 | train_profit=1.395773 (+139,577 PHP) val_profit=0.124211 (+12,421 PHP) | train_geo=1.999063 (+199,906 PHP) val_geo=0.067758 (+6,776 PHP)
Epoch 002/50 | train_loss=-0.000584 val_loss=-0.000131 | train_profit=1.797846 (+179,785 PHP) val_profit=0.124211 (+12,421 PHP) | train_geo=3.484219 (+348,422 PHP) val_geo=0.067758 (+6,776 PHP)
Epoch 003/50 | train_loss=-0.000734 val_loss=0.000251 | train_profit=1.796959 (+179,696 PHP) val_profit=0.051359 (+5,136 PHP) | train_geo=3.480724 (+348,072 PHP) val_geo=-0.007304 (-730 PHP)
Epoch 004/50 | train_loss=-0.000745 val_loss=-0.000135 | train_profit=1.740502 (+174,050 PHP) val_profit=0.124211 (+12,421 PHP) | train_geo=3.233979 (+323,398 PHP) val_geo=0.067758 (+6,776 PHP)
Epoch 005/50 | train_loss=-0.000834 val_loss=-0.000147 | train_profit=1.772006 (+177,201 PHP) val_profit=0.124211 (+12,421 PHP) | train_geo=3.369746 (+336,975 PHP) val_geo=0.067758 (+6,776 PHP)
Epoch 006/50 | train_loss=-0.000807 val_loss=-0.000071 | train_profit=1.772006 (+177,201 PHP) val_profit=0.124211 (+12,421 PHP) | train_geo=3.369746 (+336,975 PHP) val_geo=0.067758 (+6,776 PHP)
Epoch 007/50 | train_loss=-0.000849 val_loss=-0.000155 | train_profit=1.772006 (+177,201 PHP) val_profit=0.124211 (+12,421 PHP) | train_geo=3.369746 (+336,975 PHP) val_geo=0.067758 (+6,776 PHP)
Epoch 008/50 | train_loss=-0.000756 val_loss=-0.000017 | train_profit=1.772006 (+177,201 PHP) val_profit=0.124211 (+12,421 PHP) | train_geo=3.369746 (+336,975 PHP) val_geo=0.067758 (+6,776 PHP)
Epoch 009/50 | train_loss=-0.000863 val_loss=-0.000155 | train_profit=1.772006 (+177,201 PHP) val_profit=0.124211 (+12,421 PHP) | train_geo=3.369746 (+336,975 PHP) val_geo=0.067758 (+6,776 PHP)
Epoch 010/50 | train_loss=-0.000836 val_loss=-0.000092 | train_profit=1.772006 (+177,201 PHP) val_profit=0.124211 (+12,421 PHP) | train_geo=3.369746 (+336,975 PHP) val_geo=0.067758 (+6,776 PHP)
Epoch 011/50 | train_loss=-0.000841 val_loss=-0.000109 | train_profit=1.772006 (+177,201 PHP) val_profit=0.124211 (+12,421 PHP) | train_geo=3.369746 (+336,975 PHP) val_geo=0.067758 (+6,776 PHP)
Epoch 012/50 | train_loss=-0.000859 val_loss=-0.000130 | train_profit=1.772006 (+177,201 PHP) val_profit=0.124211 (+12,421 PHP) | train_geo=3.369746 (+336,975 PHP) val_geo=0.067758 (+6,776 PHP)
Epoch 013/50 | train_loss=-0.000834 val_loss=-0.000113 | train_profit=1.772006 (+177,201 PHP) val_profit=0.124211 (+12,421 PHP) | train_geo=3.369746 (+336,975 PHP) val_geo=0.067758 (+6,776 PHP)
Epoch 014/50 | train_loss=-0.000883 val_loss=-0.000135 | train_profit=1.772006 (+177,201 PHP) val_profit=0.124211 (+12,421 PHP) | train_geo=3.369746 (+336,975 PHP) val_geo=0.067758 (+6,776 PHP)
Epoch 015/50 | train_loss=-0.000778 val_loss=0.000085 | train_profit=2.077769 (+207,777 PHP) val_profit=0.124211 (+12,421 PHP) | train_geo=4.935536 (+493,554 PHP) val_geo=0.067758 (+6,776 PHP)
Epoch 016/50 | train_loss=-0.000838 val_loss=-0.000074 | train_profit=1.772006 (+177,201 PHP) val_profit=0.124211 (+12,421 PHP) | train_geo=3.369746 (+336,975 PHP) val_geo=0.067758 (+6,776 PHP)
Epoch 017/50 | train_loss=-0.000704 val_loss=0.000147 | train_profit=1.658388 (+165,839 PHP) val_profit=0.124211 (+12,421 PHP) | train_geo=2.899488 (+289,949 PHP) val_geo=0.067758 (+6,776 PHP)
Epoch 018/50 | train_loss=-0.000786 val_loss=0.000357 | train_profit=1.767205 (+176,721 PHP) val_profit=-0.047127 (-4,713 PHP) | train_geo=3.348743 (+334,874 PHP) val_geo=-0.100499 (-10,050 PHP)
Epoch 019/50 | train_loss=-0.000669 val_loss=0.000168 | train_profit=2.059910 (+205,991 PHP) val_profit=0.124211 (+12,421 PHP) | train_geo=4.836121 (+483,612 PHP) val_geo=0.067758 (+6,776 PHP)
Epoch 020/50 | train_loss=-0.000731 val_loss=-0.000062 | train_profit=1.772006 (+177,201 PHP) val_profit=0.124211 (+12,421 PHP) | train_geo=3.369746 (+336,975 PHP) val_geo=0.067758 (+6,776 PHP)
Epoch 021/50 | train_loss=-0.000688 val_loss=0.000006 | train_profit=1.679410 (+167,941 PHP) val_profit=0.124211 (+12,421 PHP) | train_geo=2.983073 (+298,307 PHP) val_geo=0.067758 (+6,776 PHP)
Epoch 022/50 | train_loss=-0.000877 val_loss=-0.000134 | train_profit=1.772006 (+177,201 PHP) val_profit=0.124211 (+12,421 PHP) | train_geo=3.369746 (+336,975 PHP) val_geo=0.067758 (+6,776 PHP)
Epoch 023/50 | train_loss=-0.000832 val_loss=-0.000084 | train_profit=1.772006 (+177,201 PHP) val_profit=0.124211 (+12,421 PHP) | train_geo=3.369746 (+336,975 PHP) val_geo=0.067758 (+6,776 PHP)
Epoch 024/50 | train_loss=-0.000927 val_loss=-0.000044 | train_profit=1.772006 (+177,201 PHP) val_profit=0.173931 (+17,393 PHP) | train_geo=3.369746 (+336,975 PHP) val_geo=0.122186 (+12,219 PHP)
Epoch 025/50 | train_loss=-0.000804 val_loss=0.000040 | train_profit=2.187474 (+218,747 PHP) val_profit=0.124211 (+12,421 PHP) | train_geo=5.628436 (+562,844 PHP) val_geo=0.067758 (+6,776 PHP)
Epoch 026/50 | train_loss=-0.000882 val_loss=0.000259 | train_profit=1.760550 (+176,055 PHP) val_profit=-0.024810 (-2,481 PHP) | train_geo=3.319951 (+331,995 PHP) val_geo=-0.079987 (-7,999 PHP)
Epoch 027/50 | train_loss=-0.000724 val_loss=0.000052 | train_profit=1.746907 (+174,691 PHP) val_profit=0.124211 (+12,421 PHP) | train_geo=3.265368 (+326,537 PHP) val_geo=0.067758 (+6,776 PHP)
Epoch 028/50 | train_loss=-0.000821 val_loss=0.000039 | train_profit=1.772006 (+177,201 PHP) val_profit=0.124211 (+12,421 PHP) | train_geo=3.369746 (+336,975 PHP) val_geo=0.067758 (+6,776 PHP)
Epoch 029/50 | train_loss=-0.000762 val_loss=-0.000102 | train_profit=1.782197 (+178,220 PHP) val_profit=0.201830 (+20,183 PHP) | train_geo=3.414882 (+341,488 PHP) val_geo=0.154015 (+15,401 PHP)
Epoch 030/50 | train_loss=-0.000925 val_loss=-0.000116 | train_profit=2.113123 (+211,312 PHP) val_profit=0.228119 (+22,812 PHP) | train_geo=5.151013 (+515,101 PHP) val_geo=0.184855 (+18,485 PHP)
Epoch 031/50 | train_loss=-0.000964 val_loss=-0.000006 | train_profit=2.076989 (+207,699 PHP) val_profit=0.131098 (+13,110 PHP) | train_geo=4.931842 (+493,184 PHP) val_geo=0.075176 (+7,518 PHP)
Epoch 032/50 | train_loss=-0.000982 val_loss=-0.000090 | train_profit=2.167777 (+216,778 PHP) val_profit=0.075084 (+7,508 PHP) | train_geo=5.499233 (+549,923 PHP) val_geo=0.016568 (+1,657 PHP)
Epoch 033/50 | train_loss=-0.000886 val_loss=0.000605 | train_profit=1.867286 (+186,729 PHP) val_profit=-0.126079 (-12,608 PHP) | train_geo=3.806320 (+380,632 PHP) val_geo=-0.168653 (-16,865 PHP)
Epoch 034/50 | train_loss=-0.001081 val_loss=0.000319 | train_profit=1.913570 (+191,357 PHP) val_profit=0.017439 (+1,744 PHP) | train_geo=4.033187 (+403,319 PHP) val_geo=-0.040336 (-4,034 PHP)
Epoch 035/50 | train_loss=-0.001072 val_loss=-0.000044 | train_profit=2.228605 (+222,860 PHP) val_profit=0.140834 (+14,083 PHP) | train_geo=5.908535 (+590,854 PHP) val_geo=0.085802 (+8,580 PHP)
Epoch 036/50 | train_loss=-0.001024 val_loss=0.000085 | train_profit=1.938545 (+193,854 PHP) val_profit=0.071292 (+7,129 PHP) | train_geo=4.162063 (+416,206 PHP) val_geo=0.012795 (+1,279 PHP)
Epoch 037/50 | train_loss=-0.001246 val_loss=0.000060 | train_profit=2.656663 (+265,666 PHP) val_profit=0.084813 (+8,481 PHP) | train_geo=9.604767 (+960,477 PHP) val_geo=0.026589 (+2,659 PHP)
Epoch 038/50 | train_loss=-0.001264 val_loss=0.000676 | train_profit=2.690685 (+269,069 PHP) val_profit=-0.141904 (-14,190 PHP) | train_geo=9.968510 (+996,851 PHP) val_geo=-0.181693 (-18,169 PHP)
Epoch 039/50 | train_loss=-0.001142 val_loss=-0.000093 | train_profit=2.640404 (+264,040 PHP) val_profit=0.169566 (+16,957 PHP) | train_geo=9.442538 (+944,254 PHP) val_geo=0.117339 (+11,734 PHP)
Epoch 040/50 | train_loss=-0.001032 val_loss=0.000251 | train_profit=2.047112 (+204,711 PHP) val_profit=0.044679 (+4,468 PHP) | train_geo=4.754768 (+475,477 PHP) val_geo=-0.013860 (-1,386 PHP)
Epoch 041/50 | train_loss=-0.001039 val_loss=0.000725 | train_profit=1.775395 (+177,540 PHP) val_profit=-0.065996 (-6,600 PHP) | train_geo=3.382681 (+338,268 PHP) val_geo=-0.117070 (-11,707 PHP)
Epoch 042/50 | train_loss=-0.001076 val_loss=0.000164 | train_profit=2.150751 (+215,075 PHP) val_profit=0.026710 (+2,671 PHP) | train_geo=5.389657 (+538,966 PHP) val_geo=-0.031402 (-3,140 PHP)
Epoch 043/50 | train_loss=-0.001097 val_loss=-0.000132 | train_profit=1.905438 (+190,544 PHP) val_profit=0.212717 (+21,272 PHP) | train_geo=3.988866 (+398,887 PHP) val_geo=0.166695 (+16,670 PHP)
Epoch 044/50 | train_loss=-0.001124 val_loss=0.000087 | train_profit=2.216007 (+221,601 PHP) val_profit=-0.025666 (-2,567 PHP) | train_geo=5.818036 (+581,804 PHP) val_geo=-0.080906 (-8,091 PHP)
Epoch 045/50 | train_loss=-0.001107 val_loss=0.000178 | train_profit=2.392589 (+239,259 PHP) val_profit=0.019274 (+1,927 PHP) | train_geo=7.135918 (+713,592 PHP) val_geo=-0.038623 (-3,862 PHP)
Epoch 046/50 | train_loss=-0.001196 val_loss=0.000512 | train_profit=2.409739 (+240,974 PHP) val_profit=-0.052055 (-5,206 PHP) | train_geo=7.271114 (+727,111 PHP) val_geo=-0.104777 (-10,478 PHP)
Epoch 047/50 | train_loss=-0.001329 val_loss=0.000258 | train_profit=2.727364 (+272,736 PHP) val_profit=-0.034265 (-3,427 PHP) | train_geo=10.399989 (+1,039,999 PHP) val_geo=-0.088762 (-8,876 PHP)
Epoch 048/50 | train_loss=-0.001262 val_loss=0.000591 | train_profit=2.481646 (+248,165 PHP) val_profit=-0.118026 (-11,803 PHP) | train_geo=7.895012 (+789,501 PHP) val_geo=-0.162111 (-16,211 PHP)
Epoch 049/50 | train_loss=-0.001265 val_loss=0.000204 | train_profit=2.465058 (+246,506 PHP) val_profit=0.016544 (+1,654 PHP) | train_geo=7.763601 (+776,360 PHP) val_geo=-0.041361 (-4,136 PHP)
Epoch 050/50 | train_loss=-0.001198 val_loss=0.000101 | train_profit=2.647777 (+264,778 PHP) val_profit=0.036292 (+3,629 PHP) | train_geo=9.506880 (+950,688 PHP) val_geo=-0.022104 (-2,210 PHP)
[2/23] AAPL       (strong) profit-aware  dir_acc=0.535 cum_ret=+0.4634 geo_ret=+0.5275 sharpe=+1.466 (buy&hold=+0.5403) [6.1s]
Epoch 001/50 | [PROFIT-LOG] train_loss=-0.000664 val_loss=-0.000191 | train_profit=1.402094 (+140,209 PHP) val_profit=0.124211 (+12,421 PHP) | train_geo=2.017809 (+201,781 PHP) val_geo=0.067758 (+6,776 PHP)
Epoch 002/50 | [PROFIT-LOG] train_loss=-0.000927 val_loss=-0.000191 | train_profit=1.772006 (+177,201 PHP) val_profit=0.124211 (+12,421 PHP) | train_geo=3.369746 (+336,975 PHP) val_geo=0.067758 (+6,776 PHP)
Epoch 003/50 | [PROFIT-LOG] train_loss=-0.000927 val_loss=-0.000191 | train_profit=1.772006 (+177,201 PHP) val_profit=0.124211 (+12,421 PHP) | train_geo=3.369746 (+336,975 PHP) val_geo=0.067758 (+6,776 PHP)
Epoch 004/50 | [PROFIT-LOG] train_loss=-0.000927 val_loss=-0.000191 | train_profit=1.772006 (+177,201 PHP) val_profit=0.124211 (+12,421 PHP) | train_geo=3.369746 (+336,975 PHP) val_geo=0.067758 (+6,776 PHP)
Epoch 005/50 | [PROFIT-LOG] train_loss=-0.000927 val_loss=-0.000191 | train_profit=1.772006 (+177,201 PHP) val_profit=0.124211 (+12,421 PHP) | train_geo=3.369746 (+336,975 PHP) val_geo=0.067758 (+6,776 PHP)
Epoch 006/50 | [PROFIT-LOG] train_loss=-0.000927 val_loss=-0.000191 | train_profit=1.772006 (+177,201 PHP) val_profit=0.124211 (+12,421 PHP) | train_geo=3.369746 (+336,975 PHP) val_geo=0.067758 (+6,776 PHP)
Epoch 007/50 | [PROFIT-LOG] train_loss=-0.000927 val_loss=-0.000191 | train_profit=1.772006 (+177,201 PHP) val_profit=0.124211 (+12,421 PHP) | train_geo=3.369746 (+336,975 PHP) val_geo=0.067758 (+6,776 PHP)
Epoch 008/50 | [PROFIT-LOG] train_loss=-0.000927 val_loss=-0.000191 | train_profit=1.772006 (+177,201 PHP) val_profit=0.124211 (+12,421 PHP) | train_geo=3.369746 (+336,975 PHP) val_geo=0.067758 (+6,776 PHP)
Epoch 009/50 | [PROFIT-LOG] train_loss=-0.000927 val_loss=-0.000191 | train_profit=1.772006 (+177,201 PHP) val_profit=0.124211 (+12,421 PHP) | train_geo=3.369746 (+336,975 PHP) val_geo=0.067758 (+6,776 PHP)
Epoch 010/50 | [PROFIT-LOG] train_loss=-0.000927 val_loss=-0.000191 | train_profit=1.772006 (+177,201 PHP) val_profit=0.124211 (+12,421 PHP) | train_geo=3.369746 (+336,975 PHP) val_geo=0.067758 (+6,776 PHP)
Epoch 011/50 | [PROFIT-LOG] train_loss=-0.000927 val_loss=-0.000191 | train_profit=1.772006 (+177,201 PHP) val_profit=0.124211 (+12,421 PHP) | train_geo=3.369746 (+336,975 PHP) val_geo=0.067758 (+6,776 PHP)
Epoch 012/50 | [PROFIT-LOG] train_loss=-0.000927 val_loss=-0.000191 | train_profit=1.772006 (+177,201 PHP) val_profit=0.124211 (+12,421 PHP) | train_geo=3.369746 (+336,975 PHP) val_geo=0.067758 (+6,776 PHP)
Epoch 013/50 | [PROFIT-LOG] train_loss=-0.000927 val_loss=-0.000191 | train_profit=1.772006 (+177,201 PHP) val_profit=0.124211 (+12,421 PHP) | train_geo=3.369746 (+336,975 PHP) val_geo=0.067758 (+6,776 PHP)
Epoch 014/50 | [PROFIT-LOG] train_loss=-0.000927 val_loss=-0.000191 | train_profit=1.772006 (+177,201 PHP) val_profit=0.124211 (+12,421 PHP) | train_geo=3.369746 (+336,975 PHP) val_geo=0.067758 (+6,776 PHP)
Epoch 015/50 | [PROFIT-LOG] train_loss=-0.000927 val_loss=-0.000191 | train_profit=1.772006 (+177,201 PHP) val_profit=0.124211 (+12,421 PHP) | train_geo=3.369746 (+336,975 PHP) val_geo=0.067758 (+6,776 PHP)
Epoch 016/50 | [PROFIT-LOG] train_loss=-0.000927 val_loss=-0.000191 | train_profit=1.772006 (+177,201 PHP) val_profit=0.124211 (+12,421 PHP) | train_geo=3.369746 (+336,975 PHP) val_geo=0.067758 (+6,776 PHP)
Epoch 017/50 | [PROFIT-LOG] train_loss=-0.000927 val_loss=-0.000191 | train_profit=1.772006 (+177,201 PHP) val_profit=0.124211 (+12,421 PHP) | train_geo=3.369746 (+336,975 PHP) val_geo=0.067758 (+6,776 PHP)
Epoch 018/50 | [PROFIT-LOG] train_loss=-0.000927 val_loss=-0.000191 | train_profit=1.772006 (+177,201 PHP) val_profit=0.124211 (+12,421 PHP) | train_geo=3.369746 (+336,975 PHP) val_geo=0.067758 (+6,776 PHP)
Epoch 019/50 | [PROFIT-LOG] train_loss=-0.000927 val_loss=-0.000191 | train_profit=1.772006 (+177,201 PHP) val_profit=0.124211 (+12,421 PHP) | train_geo=3.369746 (+336,975 PHP) val_geo=0.067758 (+6,776 PHP)
Epoch 020/50 | [PROFIT-LOG] train_loss=-0.000927 val_loss=-0.000191 | train_profit=1.772006 (+177,201 PHP) val_profit=0.124211 (+12,421 PHP) | train_geo=3.369746 (+336,975 PHP) val_geo=0.067758 (+6,776 PHP)
Epoch 021/50 | [PROFIT-LOG] train_loss=-0.000927 val_loss=-0.000191 | train_profit=1.772006 (+177,201 PHP) val_profit=0.124211 (+12,421 PHP) | train_geo=3.369746 (+336,975 PHP) val_geo=0.067758 (+6,776 PHP)
Epoch 022/50 | [PROFIT-LOG] train_loss=-0.000927 val_loss=-0.000191 | train_profit=1.772006 (+177,201 PHP) val_profit=0.124211 (+12,421 PHP) | train_geo=3.369746 (+336,975 PHP) val_geo=0.067758 (+6,776 PHP)
Epoch 023/50 | [PROFIT-LOG] train_loss=-0.000927 val_loss=-0.000191 | train_profit=1.772006 (+177,201 PHP) val_profit=0.124211 (+12,421 PHP) | train_geo=3.369746 (+336,975 PHP) val_geo=0.067758 (+6,776 PHP)
Epoch 024/50 | [PROFIT-LOG] train_loss=-0.000927 val_loss=-0.000191 | train_profit=1.772006 (+177,201 PHP) val_profit=0.124211 (+12,421 PHP) | train_geo=3.369746 (+336,975 PHP) val_geo=0.067758 (+6,776 PHP)
Epoch 025/50 | [PROFIT-LOG] train_loss=-0.000927 val_loss=-0.000191 | train_profit=1.772006 (+177,201 PHP) val_profit=0.124211 (+12,421 PHP) | train_geo=3.369746 (+336,975 PHP) val_geo=0.067758 (+6,776 PHP)
Epoch 026/50 | [PROFIT-LOG] train_loss=-0.000927 val_loss=-0.000191 | train_profit=1.772006 (+177,201 PHP) val_profit=0.124211 (+12,421 PHP) | train_geo=3.369746 (+336,975 PHP) val_geo=0.067758 (+6,776 PHP)
Epoch 027/50 | [PROFIT-LOG] train_loss=-0.000927 val_loss=-0.000191 | train_profit=1.772006 (+177,201 PHP) val_profit=0.124211 (+12,421 PHP) | train_geo=3.369746 (+336,975 PHP) val_geo=0.067758 (+6,776 PHP)
Epoch 028/50 | [PROFIT-LOG] train_loss=-0.000927 val_loss=-0.000191 | train_profit=1.772006 (+177,201 PHP) val_profit=0.124211 (+12,421 PHP) | train_geo=3.369746 (+336,975 PHP) val_geo=0.067758 (+6,776 PHP)
Epoch 029/50 | [PROFIT-LOG] train_loss=-0.000927 val_loss=-0.000191 | train_profit=1.772006 (+177,201 PHP) val_profit=0.124211 (+12,421 PHP) | train_geo=3.369746 (+336,975 PHP) val_geo=0.067758 (+6,776 PHP)
Epoch 030/50 | [PROFIT-LOG] train_loss=-0.000927 val_loss=-0.000191 | train_profit=1.772006 (+177,201 PHP) val_profit=0.124211 (+12,421 PHP) | train_geo=3.369746 (+336,975 PHP) val_geo=0.067758 (+6,776 PHP)
Epoch 031/50 | [PROFIT-LOG] train_loss=-0.000927 val_loss=-0.000191 | train_profit=1.772006 (+177,201 PHP) val_profit=0.124211 (+12,421 PHP) | train_geo=3.369746 (+336,975 PHP) val_geo=0.067758 (+6,776 PHP)
Epoch 032/50 | [PROFIT-LOG] train_loss=-0.000927 val_loss=-0.000191 | train_profit=1.772006 (+177,201 PHP) val_profit=0.124211 (+12,421 PHP) | train_geo=3.369746 (+336,975 PHP) val_geo=0.067758 (+6,776 PHP)
Epoch 033/50 | [PROFIT-LOG] train_loss=-0.000927 val_loss=-0.000191 | train_profit=1.772006 (+177,201 PHP) val_profit=0.124211 (+12,421 PHP) | train_geo=3.369746 (+336,975 PHP) val_geo=0.067758 (+6,776 PHP)
Epoch 034/50 | [PROFIT-LOG] train_loss=-0.000927 val_loss=-0.000191 | train_profit=1.772006 (+177,201 PHP) val_profit=0.124211 (+12,421 PHP) | train_geo=3.369746 (+336,975 PHP) val_geo=0.067758 (+6,776 PHP)
Epoch 035/50 | [PROFIT-LOG] train_loss=-0.000927 val_loss=-0.000191 | train_profit=1.772006 (+177,201 PHP) val_profit=0.124211 (+12,421 PHP) | train_geo=3.369746 (+336,975 PHP) val_geo=0.067758 (+6,776 PHP)
Epoch 036/50 | [PROFIT-LOG] train_loss=-0.000927 val_loss=-0.000191 | train_profit=1.772006 (+177,201 PHP) val_profit=0.124211 (+12,421 PHP) | train_geo=3.369746 (+336,975 PHP) val_geo=0.067758 (+6,776 PHP)
Epoch 037/50 | [PROFIT-LOG] train_loss=-0.000927 val_loss=-0.000191 | train_profit=1.772006 (+177,201 PHP) val_profit=0.124211 (+12,421 PHP) | train_geo=3.369746 (+336,975 PHP) val_geo=0.067758 (+6,776 PHP)
Epoch 038/50 | [PROFIT-LOG] train_loss=-0.000927 val_loss=-0.000191 | train_profit=1.772006 (+177,201 PHP) val_profit=0.124211 (+12,421 PHP) | train_geo=3.369746 (+336,975 PHP) val_geo=0.067758 (+6,776 PHP)
Epoch 039/50 | [PROFIT-LOG] train_loss=-0.000927 val_loss=-0.000191 | train_profit=1.772006 (+177,201 PHP) val_profit=0.124211 (+12,421 PHP) | train_geo=3.369746 (+336,975 PHP) val_geo=0.067758 (+6,776 PHP)
Epoch 040/50 | [PROFIT-LOG] train_loss=-0.000927 val_loss=-0.000191 | train_profit=1.772006 (+177,201 PHP) val_profit=0.124211 (+12,421 PHP) | train_geo=3.369746 (+336,975 PHP) val_geo=0.067758 (+6,776 PHP)
Epoch 041/50 | [PROFIT-LOG] train_loss=-0.000927 val_loss=-0.000191 | train_profit=1.772006 (+177,201 PHP) val_profit=0.124211 (+12,421 PHP) | train_geo=3.369746 (+336,975 PHP) val_geo=0.067758 (+6,776 PHP)
Epoch 042/50 | [PROFIT-LOG] train_loss=-0.000927 val_loss=-0.000191 | train_profit=1.772006 (+177,201 PHP) val_profit=0.124211 (+12,421 PHP) | train_geo=3.369746 (+336,975 PHP) val_geo=0.067758 (+6,776 PHP)
Epoch 043/50 | [PROFIT-LOG] train_loss=-0.000927 val_loss=-0.000191 | train_profit=1.772006 (+177,201 PHP) val_profit=0.124211 (+12,421 PHP) | train_geo=3.369746 (+336,975 PHP) val_geo=0.067758 (+6,776 PHP)
Epoch 044/50 | [PROFIT-LOG] train_loss=-0.000927 val_loss=-0.000191 | train_profit=1.772006 (+177,201 PHP) val_profit=0.124211 (+12,421 PHP) | train_geo=3.369746 (+336,975 PHP) val_geo=0.067758 (+6,776 PHP)
Epoch 045/50 | [PROFIT-LOG] train_loss=-0.000927 val_loss=-0.000191 | train_profit=1.772006 (+177,201 PHP) val_profit=0.124211 (+12,421 PHP) | train_geo=3.369746 (+336,975 PHP) val_geo=0.067758 (+6,776 PHP)
Epoch 046/50 | [PROFIT-LOG] train_loss=-0.000927 val_loss=-0.000191 | train_profit=1.772006 (+177,201 PHP) val_profit=0.124211 (+12,421 PHP) | train_geo=3.369746 (+336,975 PHP) val_geo=0.067758 (+6,776 PHP)
Epoch 047/50 | [PROFIT-LOG] train_loss=-0.000927 val_loss=-0.000191 | train_profit=1.772006 (+177,201 PHP) val_profit=0.124211 (+12,421 PHP) | train_geo=3.369746 (+336,975 PHP) val_geo=0.067758 (+6,776 PHP)
Epoch 048/50 | [PROFIT-LOG] train_loss=-0.000927 val_loss=-0.000191 | train_profit=1.772006 (+177,201 PHP) val_profit=0.124211 (+12,421 PHP) | train_geo=3.369746 (+336,975 PHP) val_geo=0.067758 (+6,776 PHP)
Epoch 049/50 | [PROFIT-LOG] train_loss=-0.000927 val_loss=-0.000191 | train_profit=1.772006 (+177,201 PHP) val_profit=0.124211 (+12,421 PHP) | train_geo=3.369746 (+336,975 PHP) val_geo=0.067758 (+6,776 PHP)
Epoch 050/50 | [PROFIT-LOG] train_loss=-0.000927 val_loss=-0.000191 | train_profit=1.772006 (+177,201 PHP) val_profit=0.124211 (+12,421 PHP) | train_geo=3.369746 (+336,975 PHP) val_geo=0.067758 (+6,776 PHP)
[2/23] AAPL       (strong) profit-log    dir_acc=0.531 cum_ret=+0.4707 geo_ret=+0.5388 sharpe=+1.490 (buy&hold=+0.5403) [4.3s]
Epoch 001/50 | [MSE] train_loss=0.000519 val_loss=0.000339 | train_profit=-0.372720 (-37,272 PHP) val_profit=0.133943 (+13,394 PHP) | train_geo=-0.472990 (-47,299 PHP) val_geo=0.100705 (+10,070 PHP)
Epoch 002/50 | [MSE] train_loss=0.000407 val_loss=0.000275 | train_profit=-0.798908 (-79,891 PHP) val_profit=0.133943 (+13,394 PHP) | train_geo=-0.656577 (-65,658 PHP) val_geo=0.100705 (+10,070 PHP)
Epoch 003/50 | [MSE] train_loss=0.000368 val_loss=0.000262 | train_profit=0.657916 (+65,792 PHP) val_profit=0.133943 (+13,394 PHP) | train_geo=0.477166 (+47,717 PHP) val_geo=0.100705 (+10,070 PHP)
Epoch 004/50 | [MSE] train_loss=0.000368 val_loss=0.000255 | train_profit=-0.085350 (-8,535 PHP) val_profit=0.133943 (+13,394 PHP) | train_geo=-0.299151 (-29,915 PHP) val_geo=0.100705 (+10,070 PHP)
Epoch 005/50 | [MSE] train_loss=0.000363 val_loss=0.000263 | train_profit=0.112278 (+11,228 PHP) val_profit=0.133943 (+13,394 PHP) | train_geo=-0.143922 (-14,392 PHP) val_geo=0.100705 (+10,070 PHP)
Epoch 006/50 | [MSE] train_loss=0.000366 val_loss=0.000263 | train_profit=-0.841807 (-84,181 PHP) val_profit=0.133943 (+13,394 PHP) | train_geo=-0.670874 (-67,087 PHP) val_geo=0.100705 (+10,070 PHP)
Epoch 007/50 | [MSE] train_loss=0.000361 val_loss=0.000261 | train_profit=0.222172 (+22,217 PHP) val_profit=0.133943 (+13,394 PHP) | train_geo=-0.044590 (-4,459 PHP) val_geo=0.100705 (+10,070 PHP)
Epoch 008/50 | [MSE] train_loss=0.000363 val_loss=0.000264 | train_profit=-0.391206 (-39,121 PHP) val_profit=0.133943 (+13,394 PHP) | train_geo=-0.483194 (-48,319 PHP) val_geo=0.100705 (+10,070 PHP)
Epoch 009/50 | [MSE] train_loss=0.000358 val_loss=0.000264 | train_profit=0.643482 (+64,348 PHP) val_profit=0.133943 (+13,394 PHP) | train_geo=0.459401 (+45,940 PHP) val_geo=0.100705 (+10,070 PHP)
Epoch 010/50 | [MSE] train_loss=0.000360 val_loss=0.000257 | train_profit=0.615653 (+61,565 PHP) val_profit=0.133943 (+13,394 PHP) | train_geo=0.416999 (+41,700 PHP) val_geo=0.100705 (+10,070 PHP)
Epoch 011/50 | [MSE] train_loss=0.000359 val_loss=0.000266 | train_profit=0.064698 (+6,470 PHP) val_profit=0.133943 (+13,394 PHP) | train_geo=-0.183850 (-18,385 PHP) val_geo=0.100705 (+10,070 PHP)
Epoch 012/50 | [MSE] train_loss=0.000359 val_loss=0.000260 | train_profit=0.896793 (+89,679 PHP) val_profit=0.133943 (+13,394 PHP) | train_geo=0.876945 (+87,694 PHP) val_geo=0.100705 (+10,070 PHP)
Epoch 013/50 | [MSE] train_loss=0.000356 val_loss=0.000260 | train_profit=0.745171 (+74,517 PHP) val_profit=0.133943 (+13,394 PHP) | train_geo=0.612145 (+61,214 PHP) val_geo=0.100705 (+10,070 PHP)
Epoch 014/50 | [MSE] train_loss=0.000356 val_loss=0.000265 | train_profit=0.283735 (+28,373 PHP) val_profit=0.133943 (+13,394 PHP) | train_geo=0.016742 (+1,674 PHP) val_geo=0.100705 (+10,070 PHP)
Epoch 015/50 | [MSE] train_loss=0.000357 val_loss=0.000258 | train_profit=-0.421996 (-42,200 PHP) val_profit=0.133943 (+13,394 PHP) | train_geo=-0.498550 (-49,855 PHP) val_geo=0.100705 (+10,070 PHP)
Epoch 016/50 | [MSE] train_loss=0.000358 val_loss=0.000264 | train_profit=-0.132988 (-13,299 PHP) val_profit=0.133943 (+13,394 PHP) | train_geo=-0.330774 (-33,077 PHP) val_geo=0.100705 (+10,070 PHP)
Epoch 017/50 | [MSE] train_loss=0.000357 val_loss=0.000262 | train_profit=0.164216 (+16,422 PHP) val_profit=0.133943 (+13,394 PHP) | train_geo=-0.098344 (-9,834 PHP) val_geo=0.100705 (+10,070 PHP)
Epoch 018/50 | [MSE] train_loss=0.000355 val_loss=0.000261 | train_profit=0.591341 (+59,134 PHP) val_profit=0.133943 (+13,394 PHP) | train_geo=0.382268 (+38,227 PHP) val_geo=0.100705 (+10,070 PHP)
Epoch 019/50 | [MSE] train_loss=0.000358 val_loss=0.000261 | train_profit=0.209413 (+20,941 PHP) val_profit=0.133943 (+13,394 PHP) | train_geo=-0.056897 (-5,690 PHP) val_geo=0.100705 (+10,070 PHP)
Epoch 020/50 | [MSE] train_loss=0.000353 val_loss=0.000263 | train_profit=1.231118 (+123,112 PHP) val_profit=0.133943 (+13,394 PHP) | train_geo=1.629027 (+162,903 PHP) val_geo=0.100705 (+10,070 PHP)
Epoch 021/50 | [MSE] train_loss=0.000356 val_loss=0.000262 | train_profit=0.444539 (+44,454 PHP) val_profit=0.133943 (+13,394 PHP) | train_geo=0.196093 (+19,609 PHP) val_geo=0.100705 (+10,070 PHP)
Epoch 022/50 | [MSE] train_loss=0.000354 val_loss=0.000262 | train_profit=-0.300243 (-30,024 PHP) val_profit=0.133943 (+13,394 PHP) | train_geo=-0.433660 (-43,366 PHP) val_geo=0.100705 (+10,070 PHP)
Epoch 023/50 | [MSE] train_loss=0.000354 val_loss=0.000261 | train_profit=0.841152 (+84,115 PHP) val_profit=0.133943 (+13,394 PHP) | train_geo=0.775741 (+77,574 PHP) val_geo=0.100705 (+10,070 PHP)
Epoch 024/50 | [MSE] train_loss=0.000355 val_loss=0.000264 | train_profit=0.457288 (+45,729 PHP) val_profit=0.133943 (+13,394 PHP) | train_geo=0.208978 (+20,898 PHP) val_geo=0.100705 (+10,070 PHP)
Epoch 025/50 | [MSE] train_loss=0.000354 val_loss=0.000265 | train_profit=-0.118874 (-11,887 PHP) val_profit=0.133943 (+13,394 PHP) | train_geo=-0.321408 (-32,141 PHP) val_geo=0.100705 (+10,070 PHP)
Epoch 026/50 | [MSE] train_loss=0.000356 val_loss=0.000260 | train_profit=0.901762 (+90,176 PHP) val_profit=0.133943 (+13,394 PHP) | train_geo=0.891440 (+89,144 PHP) val_geo=0.100705 (+10,070 PHP)
Epoch 027/50 | [MSE] train_loss=0.000357 val_loss=0.000265 | train_profit=-0.237841 (-23,784 PHP) val_profit=0.133943 (+13,394 PHP) | train_geo=-0.396958 (-39,696 PHP) val_geo=0.100705 (+10,070 PHP)
Epoch 028/50 | [MSE] train_loss=0.000357 val_loss=0.000263 | train_profit=0.573409 (+57,341 PHP) val_profit=0.133943 (+13,394 PHP) | train_geo=0.357878 (+35,788 PHP) val_geo=0.100705 (+10,070 PHP)
Epoch 029/50 | [MSE] train_loss=0.000356 val_loss=0.000266 | train_profit=0.872936 (+87,294 PHP) val_profit=0.133943 (+13,394 PHP) | train_geo=0.832278 (+83,228 PHP) val_geo=0.100705 (+10,070 PHP)
Epoch 030/50 | [MSE] train_loss=0.000355 val_loss=0.000265 | train_profit=1.472163 (+147,216 PHP) val_profit=0.133943 (+13,394 PHP) | train_geo=2.348534 (+234,853 PHP) val_geo=0.100705 (+10,070 PHP)
Epoch 031/50 | [MSE] train_loss=0.000356 val_loss=0.000266 | train_profit=1.418018 (+141,802 PHP) val_profit=0.133943 (+13,394 PHP) | train_geo=2.170905 (+217,091 PHP) val_geo=0.100705 (+10,070 PHP)
Epoch 032/50 | [MSE] train_loss=0.000355 val_loss=0.000267 | train_profit=1.394837 (+139,484 PHP) val_profit=0.133943 (+13,394 PHP) | train_geo=2.090146 (+209,015 PHP) val_geo=0.100705 (+10,070 PHP)
Epoch 033/50 | [MSE] train_loss=0.000356 val_loss=0.000270 | train_profit=0.113487 (+11,349 PHP) val_profit=0.133943 (+13,394 PHP) | train_geo=-0.143217 (-14,322 PHP) val_geo=0.100705 (+10,070 PHP)
Epoch 034/50 | [MSE] train_loss=0.000354 val_loss=0.000273 | train_profit=0.531665 (+53,166 PHP) val_profit=0.133943 (+13,394 PHP) | train_geo=0.302384 (+30,238 PHP) val_geo=0.100705 (+10,070 PHP)
Epoch 035/50 | [MSE] train_loss=0.000355 val_loss=0.000269 | train_profit=1.285053 (+128,505 PHP) val_profit=0.133943 (+13,394 PHP) | train_geo=1.773875 (+177,387 PHP) val_geo=0.100705 (+10,070 PHP)
Epoch 036/50 | [MSE] train_loss=0.000354 val_loss=0.000274 | train_profit=0.729338 (+72,934 PHP) val_profit=0.133943 (+13,394 PHP) | train_geo=0.589604 (+58,960 PHP) val_geo=0.100705 (+10,070 PHP)
Epoch 037/50 | [MSE] train_loss=0.000357 val_loss=0.000278 | train_profit=1.012768 (+101,277 PHP) val_profit=0.133943 (+13,394 PHP) | train_geo=1.109492 (+110,949 PHP) val_geo=0.100705 (+10,070 PHP)
Epoch 038/50 | [MSE] train_loss=0.000357 val_loss=0.000282 | train_profit=1.892295 (+189,229 PHP) val_profit=0.133943 (+13,394 PHP) | train_geo=4.105763 (+410,576 PHP) val_geo=0.100705 (+10,070 PHP)
Epoch 039/50 | [MSE] train_loss=0.000355 val_loss=0.000285 | train_profit=1.066304 (+106,630 PHP) val_profit=0.133943 (+13,394 PHP) | train_geo=1.229195 (+122,920 PHP) val_geo=0.100705 (+10,070 PHP)
Epoch 040/50 | [MSE] train_loss=0.000357 val_loss=0.000288 | train_profit=1.602280 (+160,228 PHP) val_profit=0.133943 (+13,394 PHP) | train_geo=2.814745 (+281,474 PHP) val_geo=0.100705 (+10,070 PHP)
Epoch 041/50 | [MSE] train_loss=0.000360 val_loss=0.000294 | train_profit=0.682887 (+68,289 PHP) val_profit=0.133943 (+13,394 PHP) | train_geo=0.517499 (+51,750 PHP) val_geo=0.100705 (+10,070 PHP)
Epoch 042/50 | [MSE] train_loss=0.000361 val_loss=0.000298 | train_profit=1.202298 (+120,230 PHP) val_profit=0.133943 (+13,394 PHP) | train_geo=1.555121 (+155,512 PHP) val_geo=0.100705 (+10,070 PHP)
Epoch 043/50 | [MSE] train_loss=0.000363 val_loss=0.000302 | train_profit=0.896038 (+89,604 PHP) val_profit=0.133943 (+13,394 PHP) | train_geo=0.879514 (+87,951 PHP) val_geo=0.100705 (+10,070 PHP)
Epoch 044/50 | [MSE] train_loss=0.000362 val_loss=0.000304 | train_profit=1.487031 (+148,703 PHP) val_profit=0.133943 (+13,394 PHP) | train_geo=2.401894 (+240,189 PHP) val_geo=0.100705 (+10,070 PHP)
Epoch 045/50 | [MSE] train_loss=0.000366 val_loss=0.000295 | train_profit=1.115340 (+111,534 PHP) val_profit=0.133943 (+13,394 PHP) | train_geo=1.342762 (+134,276 PHP) val_geo=0.100705 (+10,070 PHP)
Epoch 046/50 | [MSE] train_loss=0.000366 val_loss=0.000282 | train_profit=1.032293 (+103,229 PHP) val_profit=0.133943 (+13,394 PHP) | train_geo=1.155757 (+115,576 PHP) val_geo=0.100705 (+10,070 PHP)
Epoch 047/50 | [MSE] train_loss=0.000365 val_loss=0.000270 | train_profit=0.557111 (+55,711 PHP) val_profit=0.133943 (+13,394 PHP) | train_geo=0.339740 (+33,974 PHP) val_geo=0.100705 (+10,070 PHP)
Epoch 048/50 | [MSE] train_loss=0.000361 val_loss=0.000261 | train_profit=0.752974 (+75,297 PHP) val_profit=0.133943 (+13,394 PHP) | train_geo=0.631419 (+63,142 PHP) val_geo=0.100705 (+10,070 PHP)
Epoch 049/50 | [MSE] train_loss=0.000359 val_loss=0.000255 | train_profit=0.218435 (+21,844 PHP) val_profit=0.106447 (+10,645 PHP) | train_geo=-0.044718 (-4,472 PHP) val_geo=0.070817 (+7,082 PHP)
Epoch 050/50 | [MSE] train_loss=0.000356 val_loss=0.000253 | train_profit=0.447531 (+44,753 PHP) val_profit=0.092254 (+9,225 PHP) | train_geo=0.201287 (+20,129 PHP) val_geo=0.055802 (+5,580 PHP)
[3/23] MSFT       (strong) mse           dir_acc=0.519 cum_ret=+0.0717 geo_ret=+0.0172 sharpe=+0.191 (buy&hold=+0.1368) [3.9s]
Epoch 001/50 | train_loss=-0.000830 val_loss=-0.000105 | train_profit=1.765489 (+176,549 PHP) val_profit=0.133943 (+13,394 PHP) | train_geo=3.474706 (+347,471 PHP) val_geo=0.100705 (+10,070 PHP)
Epoch 002/50 | train_loss=-0.000992 val_loss=-0.000207 | train_profit=1.824052 (+182,405 PHP) val_profit=0.133943 (+13,394 PHP) | train_geo=3.745046 (+374,505 PHP) val_geo=0.100705 (+10,070 PHP)
Epoch 003/50 | train_loss=-0.001038 val_loss=-0.000095 | train_profit=1.824052 (+182,405 PHP) val_profit=0.133943 (+13,394 PHP) | train_geo=3.745046 (+374,505 PHP) val_geo=0.100705 (+10,070 PHP)
Epoch 004/50 | train_loss=-0.000945 val_loss=-0.000255 | train_profit=1.824052 (+182,405 PHP) val_profit=0.133943 (+13,394 PHP) | train_geo=3.745046 (+374,505 PHP) val_geo=0.100705 (+10,070 PHP)
Epoch 005/50 | train_loss=-0.001043 val_loss=-0.000222 | train_profit=1.824052 (+182,405 PHP) val_profit=0.133943 (+13,394 PHP) | train_geo=3.745046 (+374,505 PHP) val_geo=0.100705 (+10,070 PHP)
Epoch 006/50 | train_loss=-0.001044 val_loss=-0.000233 | train_profit=1.824052 (+182,405 PHP) val_profit=0.133943 (+13,394 PHP) | train_geo=3.745046 (+374,505 PHP) val_geo=0.100705 (+10,070 PHP)
Epoch 007/50 | train_loss=-0.001047 val_loss=-0.000252 | train_profit=1.824052 (+182,405 PHP) val_profit=0.133943 (+13,394 PHP) | train_geo=3.745046 (+374,505 PHP) val_geo=0.100705 (+10,070 PHP)
Epoch 008/50 | train_loss=-0.001059 val_loss=-0.000251 | train_profit=1.824052 (+182,405 PHP) val_profit=0.133943 (+13,394 PHP) | train_geo=3.745046 (+374,505 PHP) val_geo=0.100705 (+10,070 PHP)
Epoch 009/50 | train_loss=-0.001068 val_loss=-0.000241 | train_profit=1.824052 (+182,405 PHP) val_profit=0.133943 (+13,394 PHP) | train_geo=3.745046 (+374,505 PHP) val_geo=0.100705 (+10,070 PHP)
Epoch 010/50 | train_loss=-0.001057 val_loss=-0.000255 | train_profit=1.824052 (+182,405 PHP) val_profit=0.133943 (+13,394 PHP) | train_geo=3.745046 (+374,505 PHP) val_geo=0.100705 (+10,070 PHP)
Epoch 011/50 | train_loss=-0.001074 val_loss=-0.000257 | train_profit=1.824052 (+182,405 PHP) val_profit=0.133943 (+13,394 PHP) | train_geo=3.745046 (+374,505 PHP) val_geo=0.100705 (+10,070 PHP)
Epoch 012/50 | train_loss=-0.001073 val_loss=-0.000255 | train_profit=1.824052 (+182,405 PHP) val_profit=0.133943 (+13,394 PHP) | train_geo=3.745046 (+374,505 PHP) val_geo=0.100705 (+10,070 PHP)
Epoch 013/50 | train_loss=-0.001072 val_loss=-0.000255 | train_profit=1.824052 (+182,405 PHP) val_profit=0.133943 (+13,394 PHP) | train_geo=3.745046 (+374,505 PHP) val_geo=0.100705 (+10,070 PHP)
Epoch 014/50 | train_loss=-0.001070 val_loss=-0.000255 | train_profit=1.824052 (+182,405 PHP) val_profit=0.133943 (+13,394 PHP) | train_geo=3.745046 (+374,505 PHP) val_geo=0.100705 (+10,070 PHP)
Epoch 015/50 | train_loss=-0.001080 val_loss=-0.000258 | train_profit=1.824052 (+182,405 PHP) val_profit=0.133943 (+13,394 PHP) | train_geo=3.745046 (+374,505 PHP) val_geo=0.100705 (+10,070 PHP)
Epoch 016/50 | train_loss=-0.001082 val_loss=-0.000259 | train_profit=1.824052 (+182,405 PHP) val_profit=0.133943 (+13,394 PHP) | train_geo=3.745046 (+374,505 PHP) val_geo=0.100705 (+10,070 PHP)
Epoch 017/50 | train_loss=-0.001083 val_loss=-0.000255 | train_profit=1.824052 (+182,405 PHP) val_profit=0.133943 (+13,394 PHP) | train_geo=3.745046 (+374,505 PHP) val_geo=0.100705 (+10,070 PHP)
Epoch 018/50 | train_loss=-0.001078 val_loss=-0.000257 | train_profit=1.824052 (+182,405 PHP) val_profit=0.133943 (+13,394 PHP) | train_geo=3.745046 (+374,505 PHP) val_geo=0.100705 (+10,070 PHP)
Epoch 019/50 | train_loss=-0.001082 val_loss=-0.000260 | train_profit=1.824052 (+182,405 PHP) val_profit=0.133943 (+13,394 PHP) | train_geo=3.745046 (+374,505 PHP) val_geo=0.100705 (+10,070 PHP)
Epoch 020/50 | train_loss=-0.001088 val_loss=-0.000260 | train_profit=1.824052 (+182,405 PHP) val_profit=0.133943 (+13,394 PHP) | train_geo=3.745046 (+374,505 PHP) val_geo=0.100705 (+10,070 PHP)
Epoch 021/50 | train_loss=-0.001083 val_loss=-0.000257 | train_profit=1.824052 (+182,405 PHP) val_profit=0.133943 (+13,394 PHP) | train_geo=3.745046 (+374,505 PHP) val_geo=0.100705 (+10,070 PHP)
Epoch 022/50 | train_loss=-0.001087 val_loss=-0.000259 | train_profit=1.824052 (+182,405 PHP) val_profit=0.133943 (+13,394 PHP) | train_geo=3.745046 (+374,505 PHP) val_geo=0.100705 (+10,070 PHP)
Epoch 023/50 | train_loss=-0.001085 val_loss=-0.000261 | train_profit=1.824052 (+182,405 PHP) val_profit=0.133943 (+13,394 PHP) | train_geo=3.745046 (+374,505 PHP) val_geo=0.100705 (+10,070 PHP)
Epoch 024/50 | train_loss=-0.001090 val_loss=-0.000260 | train_profit=1.824052 (+182,405 PHP) val_profit=0.133943 (+13,394 PHP) | train_geo=3.745046 (+374,505 PHP) val_geo=0.100705 (+10,070 PHP)
Epoch 025/50 | train_loss=-0.001091 val_loss=-0.000261 | train_profit=1.824052 (+182,405 PHP) val_profit=0.133943 (+13,394 PHP) | train_geo=3.745046 (+374,505 PHP) val_geo=0.100705 (+10,070 PHP)
Epoch 026/50 | train_loss=-0.001085 val_loss=-0.000259 | train_profit=1.824052 (+182,405 PHP) val_profit=0.133943 (+13,394 PHP) | train_geo=3.745046 (+374,505 PHP) val_geo=0.100705 (+10,070 PHP)
Epoch 027/50 | train_loss=-0.001081 val_loss=-0.000259 | train_profit=1.824052 (+182,405 PHP) val_profit=0.133943 (+13,394 PHP) | train_geo=3.745046 (+374,505 PHP) val_geo=0.100705 (+10,070 PHP)
Epoch 028/50 | train_loss=-0.001086 val_loss=-0.000260 | train_profit=1.824052 (+182,405 PHP) val_profit=0.133943 (+13,394 PHP) | train_geo=3.745046 (+374,505 PHP) val_geo=0.100705 (+10,070 PHP)
Epoch 029/50 | train_loss=-0.001088 val_loss=-0.000260 | train_profit=1.824052 (+182,405 PHP) val_profit=0.133943 (+13,394 PHP) | train_geo=3.745046 (+374,505 PHP) val_geo=0.100705 (+10,070 PHP)
Epoch 030/50 | train_loss=-0.001089 val_loss=-0.000259 | train_profit=1.824052 (+182,405 PHP) val_profit=0.133943 (+13,394 PHP) | train_geo=3.745046 (+374,505 PHP) val_geo=0.100705 (+10,070 PHP)
Epoch 031/50 | train_loss=-0.001089 val_loss=-0.000257 | train_profit=1.824052 (+182,405 PHP) val_profit=0.133943 (+13,394 PHP) | train_geo=3.745046 (+374,505 PHP) val_geo=0.100705 (+10,070 PHP)
Epoch 032/50 | train_loss=-0.001086 val_loss=-0.000259 | train_profit=1.824052 (+182,405 PHP) val_profit=0.133943 (+13,394 PHP) | train_geo=3.745046 (+374,505 PHP) val_geo=0.100705 (+10,070 PHP)
Epoch 033/50 | train_loss=-0.001088 val_loss=-0.000259 | train_profit=1.824052 (+182,405 PHP) val_profit=0.133943 (+13,394 PHP) | train_geo=3.745046 (+374,505 PHP) val_geo=0.100705 (+10,070 PHP)
Epoch 034/50 | train_loss=-0.001093 val_loss=-0.000262 | train_profit=1.824052 (+182,405 PHP) val_profit=0.133943 (+13,394 PHP) | train_geo=3.745046 (+374,505 PHP) val_geo=0.100705 (+10,070 PHP)
Epoch 035/50 | train_loss=-0.001094 val_loss=-0.000263 | train_profit=1.824052 (+182,405 PHP) val_profit=0.133943 (+13,394 PHP) | train_geo=3.745046 (+374,505 PHP) val_geo=0.100705 (+10,070 PHP)
Epoch 036/50 | train_loss=-0.001097 val_loss=-0.000262 | train_profit=1.824052 (+182,405 PHP) val_profit=0.133943 (+13,394 PHP) | train_geo=3.745046 (+374,505 PHP) val_geo=0.100705 (+10,070 PHP)
Epoch 037/50 | train_loss=-0.001092 val_loss=-0.000259 | train_profit=1.824052 (+182,405 PHP) val_profit=0.133943 (+13,394 PHP) | train_geo=3.745046 (+374,505 PHP) val_geo=0.100705 (+10,070 PHP)
Epoch 038/50 | train_loss=-0.001092 val_loss=-0.000259 | train_profit=1.824052 (+182,405 PHP) val_profit=0.133943 (+13,394 PHP) | train_geo=3.745046 (+374,505 PHP) val_geo=0.100705 (+10,070 PHP)
Epoch 039/50 | train_loss=-0.001095 val_loss=-0.000262 | train_profit=1.824052 (+182,405 PHP) val_profit=0.133943 (+13,394 PHP) | train_geo=3.745046 (+374,505 PHP) val_geo=0.100705 (+10,070 PHP)
Epoch 040/50 | train_loss=-0.001092 val_loss=-0.000257 | train_profit=1.824052 (+182,405 PHP) val_profit=0.133943 (+13,394 PHP) | train_geo=3.745046 (+374,505 PHP) val_geo=0.100705 (+10,070 PHP)
Epoch 041/50 | train_loss=-0.001096 val_loss=-0.000256 | train_profit=1.824052 (+182,405 PHP) val_profit=0.133943 (+13,394 PHP) | train_geo=3.745046 (+374,505 PHP) val_geo=0.100705 (+10,070 PHP)
Epoch 042/50 | train_loss=-0.001093 val_loss=-0.000260 | train_profit=1.824052 (+182,405 PHP) val_profit=0.133943 (+13,394 PHP) | train_geo=3.745046 (+374,505 PHP) val_geo=0.100705 (+10,070 PHP)
Epoch 043/50 | train_loss=-0.001096 val_loss=-0.000260 | train_profit=1.824052 (+182,405 PHP) val_profit=0.133943 (+13,394 PHP) | train_geo=3.745046 (+374,505 PHP) val_geo=0.100705 (+10,070 PHP)
Epoch 044/50 | train_loss=-0.001101 val_loss=-0.000257 | train_profit=1.824052 (+182,405 PHP) val_profit=0.133943 (+13,394 PHP) | train_geo=3.745046 (+374,505 PHP) val_geo=0.100705 (+10,070 PHP)
Epoch 045/50 | train_loss=-0.001098 val_loss=-0.000252 | train_profit=1.824052 (+182,405 PHP) val_profit=0.133943 (+13,394 PHP) | train_geo=3.745046 (+374,505 PHP) val_geo=0.100705 (+10,070 PHP)
Epoch 046/50 | train_loss=-0.001097 val_loss=-0.000253 | train_profit=1.824052 (+182,405 PHP) val_profit=0.133943 (+13,394 PHP) | train_geo=3.745046 (+374,505 PHP) val_geo=0.100705 (+10,070 PHP)
Epoch 047/50 | train_loss=-0.001102 val_loss=-0.000257 | train_profit=1.824052 (+182,405 PHP) val_profit=0.133943 (+13,394 PHP) | train_geo=3.745046 (+374,505 PHP) val_geo=0.100705 (+10,070 PHP)
Epoch 048/50 | train_loss=-0.001108 val_loss=-0.000245 | train_profit=1.824052 (+182,405 PHP) val_profit=0.133943 (+13,394 PHP) | train_geo=3.745046 (+374,505 PHP) val_geo=0.100705 (+10,070 PHP)
Epoch 049/50 | train_loss=-0.001108 val_loss=-0.000242 | train_profit=1.824052 (+182,405 PHP) val_profit=0.133943 (+13,394 PHP) | train_geo=3.745046 (+374,505 PHP) val_geo=0.100705 (+10,070 PHP)
Epoch 050/50 | train_loss=-0.001115 val_loss=-0.000252 | train_profit=1.824052 (+182,405 PHP) val_profit=0.133943 (+13,394 PHP) | train_geo=3.745046 (+374,505 PHP) val_geo=0.100705 (+10,070 PHP)
[3/23] MSFT       (strong) profit-aware  dir_acc=0.522 cum_ret=+0.1817 geo_ret=+0.1357 sharpe=+0.484 (buy&hold=+0.1368) [4.6s]
Epoch 001/50 | [PROFIT-LOG] train_loss=-0.001111 val_loss=-0.000305 | train_profit=1.765489 (+176,549 PHP) val_profit=0.133943 (+13,394 PHP) | train_geo=3.474706 (+347,471 PHP) val_geo=0.100705 (+10,070 PHP)
Epoch 002/50 | [PROFIT-LOG] train_loss=-0.001142 val_loss=-0.000305 | train_profit=1.824052 (+182,405 PHP) val_profit=0.133943 (+13,394 PHP) | train_geo=3.745046 (+374,505 PHP) val_geo=0.100705 (+10,070 PHP)
Epoch 003/50 | [PROFIT-LOG] train_loss=-0.001142 val_loss=-0.000305 | train_profit=1.824052 (+182,405 PHP) val_profit=0.133943 (+13,394 PHP) | train_geo=3.745046 (+374,505 PHP) val_geo=0.100705 (+10,070 PHP)
Epoch 004/50 | [PROFIT-LOG] train_loss=-0.001142 val_loss=-0.000305 | train_profit=1.824052 (+182,405 PHP) val_profit=0.133943 (+13,394 PHP) | train_geo=3.745046 (+374,505 PHP) val_geo=0.100705 (+10,070 PHP)
Epoch 005/50 | [PROFIT-LOG] train_loss=-0.001142 val_loss=-0.000305 | train_profit=1.824052 (+182,405 PHP) val_profit=0.133943 (+13,394 PHP) | train_geo=3.745046 (+374,505 PHP) val_geo=0.100705 (+10,070 PHP)
Epoch 006/50 | [PROFIT-LOG] train_loss=-0.001142 val_loss=-0.000305 | train_profit=1.824052 (+182,405 PHP) val_profit=0.133943 (+13,394 PHP) | train_geo=3.745046 (+374,505 PHP) val_geo=0.100705 (+10,070 PHP)
Epoch 007/50 | [PROFIT-LOG] train_loss=-0.001142 val_loss=-0.000305 | train_profit=1.824052 (+182,405 PHP) val_profit=0.133943 (+13,394 PHP) | train_geo=3.745046 (+374,505 PHP) val_geo=0.100705 (+10,070 PHP)
Epoch 008/50 | [PROFIT-LOG] train_loss=-0.001142 val_loss=-0.000305 | train_profit=1.824052 (+182,405 PHP) val_profit=0.133943 (+13,394 PHP) | train_geo=3.745046 (+374,505 PHP) val_geo=0.100705 (+10,070 PHP)
Epoch 009/50 | [PROFIT-LOG] train_loss=-0.001142 val_loss=-0.000305 | train_profit=1.824052 (+182,405 PHP) val_profit=0.133943 (+13,394 PHP) | train_geo=3.745046 (+374,505 PHP) val_geo=0.100705 (+10,070 PHP)
Epoch 010/50 | [PROFIT-LOG] train_loss=-0.001142 val_loss=-0.000305 | train_profit=1.824052 (+182,405 PHP) val_profit=0.133943 (+13,394 PHP) | train_geo=3.745046 (+374,505 PHP) val_geo=0.100705 (+10,070 PHP)
Epoch 011/50 | [PROFIT-LOG] train_loss=-0.001142 val_loss=-0.000305 | train_profit=1.824052 (+182,405 PHP) val_profit=0.133943 (+13,394 PHP) | train_geo=3.745046 (+374,505 PHP) val_geo=0.100705 (+10,070 PHP)
Epoch 012/50 | [PROFIT-LOG] train_loss=-0.001142 val_loss=-0.000305 | train_profit=1.824052 (+182,405 PHP) val_profit=0.133943 (+13,394 PHP) | train_geo=3.745046 (+374,505 PHP) val_geo=0.100705 (+10,070 PHP)
Epoch 013/50 | [PROFIT-LOG] train_loss=-0.001142 val_loss=-0.000305 | train_profit=1.824052 (+182,405 PHP) val_profit=0.133943 (+13,394 PHP) | train_geo=3.745046 (+374,505 PHP) val_geo=0.100705 (+10,070 PHP)
Epoch 014/50 | [PROFIT-LOG] train_loss=-0.001142 val_loss=-0.000305 | train_profit=1.824052 (+182,405 PHP) val_profit=0.133943 (+13,394 PHP) | train_geo=3.745046 (+374,505 PHP) val_geo=0.100705 (+10,070 PHP)
Epoch 015/50 | [PROFIT-LOG] train_loss=-0.001142 val_loss=-0.000305 | train_profit=1.824052 (+182,405 PHP) val_profit=0.133943 (+13,394 PHP) | train_geo=3.745046 (+374,505 PHP) val_geo=0.100705 (+10,070 PHP)
Epoch 016/50 | [PROFIT-LOG] train_loss=-0.001142 val_loss=-0.000305 | train_profit=1.824052 (+182,405 PHP) val_profit=0.133943 (+13,394 PHP) | train_geo=3.745046 (+374,505 PHP) val_geo=0.100705 (+10,070 PHP)
Epoch 017/50 | [PROFIT-LOG] train_loss=-0.001142 val_loss=-0.000305 | train_profit=1.824052 (+182,405 PHP) val_profit=0.133943 (+13,394 PHP) | train_geo=3.745046 (+374,505 PHP) val_geo=0.100705 (+10,070 PHP)
Epoch 018/50 | [PROFIT-LOG] train_loss=-0.001142 val_loss=-0.000305 | train_profit=1.824052 (+182,405 PHP) val_profit=0.133943 (+13,394 PHP) | train_geo=3.745046 (+374,505 PHP) val_geo=0.100705 (+10,070 PHP)
Epoch 019/50 | [PROFIT-LOG] train_loss=-0.001142 val_loss=-0.000305 | train_profit=1.824052 (+182,405 PHP) val_profit=0.133943 (+13,394 PHP) | train_geo=3.745046 (+374,505 PHP) val_geo=0.100705 (+10,070 PHP)
Epoch 020/50 | [PROFIT-LOG] train_loss=-0.001142 val_loss=-0.000305 | train_profit=1.824052 (+182,405 PHP) val_profit=0.133943 (+13,394 PHP) | train_geo=3.745046 (+374,505 PHP) val_geo=0.100705 (+10,070 PHP)
Epoch 021/50 | [PROFIT-LOG] train_loss=-0.001142 val_loss=-0.000305 | train_profit=1.824052 (+182,405 PHP) val_profit=0.133943 (+13,394 PHP) | train_geo=3.745046 (+374,505 PHP) val_geo=0.100705 (+10,070 PHP)
Epoch 022/50 | [PROFIT-LOG] train_loss=-0.001142 val_loss=-0.000305 | train_profit=1.824052 (+182,405 PHP) val_profit=0.133943 (+13,394 PHP) | train_geo=3.745046 (+374,505 PHP) val_geo=0.100705 (+10,070 PHP)
Epoch 023/50 | [PROFIT-LOG] train_loss=-0.001142 val_loss=-0.000305 | train_profit=1.824052 (+182,405 PHP) val_profit=0.133943 (+13,394 PHP) | train_geo=3.745046 (+374,505 PHP) val_geo=0.100705 (+10,070 PHP)
Epoch 024/50 | [PROFIT-LOG] train_loss=-0.001142 val_loss=-0.000305 | train_profit=1.824052 (+182,405 PHP) val_profit=0.133943 (+13,394 PHP) | train_geo=3.745046 (+374,505 PHP) val_geo=0.100705 (+10,070 PHP)
Epoch 025/50 | [PROFIT-LOG] train_loss=-0.001142 val_loss=-0.000305 | train_profit=1.824052 (+182,405 PHP) val_profit=0.133943 (+13,394 PHP) | train_geo=3.745046 (+374,505 PHP) val_geo=0.100705 (+10,070 PHP)
Epoch 026/50 | [PROFIT-LOG] train_loss=-0.001142 val_loss=-0.000305 | train_profit=1.824052 (+182,405 PHP) val_profit=0.133943 (+13,394 PHP) | train_geo=3.745046 (+374,505 PHP) val_geo=0.100705 (+10,070 PHP)
Epoch 027/50 | [PROFIT-LOG] train_loss=-0.001142 val_loss=-0.000305 | train_profit=1.824052 (+182,405 PHP) val_profit=0.133943 (+13,394 PHP) | train_geo=3.745046 (+374,505 PHP) val_geo=0.100705 (+10,070 PHP)
Epoch 028/50 | [PROFIT-LOG] train_loss=-0.001142 val_loss=-0.000305 | train_profit=1.824052 (+182,405 PHP) val_profit=0.133943 (+13,394 PHP) | train_geo=3.745046 (+374,505 PHP) val_geo=0.100705 (+10,070 PHP)
Epoch 029/50 | [PROFIT-LOG] train_loss=-0.001142 val_loss=-0.000305 | train_profit=1.824052 (+182,405 PHP) val_profit=0.133943 (+13,394 PHP) | train_geo=3.745046 (+374,505 PHP) val_geo=0.100705 (+10,070 PHP)
Epoch 030/50 | [PROFIT-LOG] train_loss=-0.001142 val_loss=-0.000305 | train_profit=1.824052 (+182,405 PHP) val_profit=0.133943 (+13,394 PHP) | train_geo=3.745046 (+374,505 PHP) val_geo=0.100705 (+10,070 PHP)
Epoch 031/50 | [PROFIT-LOG] train_loss=-0.001142 val_loss=-0.000305 | train_profit=1.824052 (+182,405 PHP) val_profit=0.133943 (+13,394 PHP) | train_geo=3.745046 (+374,505 PHP) val_geo=0.100705 (+10,070 PHP)
Epoch 032/50 | [PROFIT-LOG] train_loss=-0.001142 val_loss=-0.000305 | train_profit=1.824052 (+182,405 PHP) val_profit=0.133943 (+13,394 PHP) | train_geo=3.745046 (+374,505 PHP) val_geo=0.100705 (+10,070 PHP)
Epoch 033/50 | [PROFIT-LOG] train_loss=-0.001142 val_loss=-0.000305 | train_profit=1.824052 (+182,405 PHP) val_profit=0.133943 (+13,394 PHP) | train_geo=3.745046 (+374,505 PHP) val_geo=0.100705 (+10,070 PHP)
Epoch 034/50 | [PROFIT-LOG] train_loss=-0.001142 val_loss=-0.000305 | train_profit=1.824052 (+182,405 PHP) val_profit=0.133943 (+13,394 PHP) | train_geo=3.745046 (+374,505 PHP) val_geo=0.100705 (+10,070 PHP)
Epoch 035/50 | [PROFIT-LOG] train_loss=-0.001142 val_loss=-0.000305 | train_profit=1.824052 (+182,405 PHP) val_profit=0.133943 (+13,394 PHP) | train_geo=3.745046 (+374,505 PHP) val_geo=0.100705 (+10,070 PHP)
Epoch 036/50 | [PROFIT-LOG] train_loss=-0.001142 val_loss=-0.000305 | train_profit=1.824052 (+182,405 PHP) val_profit=0.133943 (+13,394 PHP) | train_geo=3.745046 (+374,505 PHP) val_geo=0.100705 (+10,070 PHP)
Epoch 037/50 | [PROFIT-LOG] train_loss=-0.001142 val_loss=-0.000305 | train_profit=1.824052 (+182,405 PHP) val_profit=0.133943 (+13,394 PHP) | train_geo=3.745046 (+374,505 PHP) val_geo=0.100705 (+10,070 PHP)
Epoch 038/50 | [PROFIT-LOG] train_loss=-0.001142 val_loss=-0.000305 | train_profit=1.824052 (+182,405 PHP) val_profit=0.133943 (+13,394 PHP) | train_geo=3.745046 (+374,505 PHP) val_geo=0.100705 (+10,070 PHP)
Epoch 039/50 | [PROFIT-LOG] train_loss=-0.001142 val_loss=-0.000305 | train_profit=1.824052 (+182,405 PHP) val_profit=0.133943 (+13,394 PHP) | train_geo=3.745046 (+374,505 PHP) val_geo=0.100705 (+10,070 PHP)
Epoch 040/50 | [PROFIT-LOG] train_loss=-0.001142 val_loss=-0.000305 | train_profit=1.824052 (+182,405 PHP) val_profit=0.133943 (+13,394 PHP) | train_geo=3.745046 (+374,505 PHP) val_geo=0.100705 (+10,070 PHP)
Epoch 041/50 | [PROFIT-LOG] train_loss=-0.001142 val_loss=-0.000305 | train_profit=1.824052 (+182,405 PHP) val_profit=0.133943 (+13,394 PHP) | train_geo=3.745046 (+374,505 PHP) val_geo=0.100705 (+10,070 PHP)
Epoch 042/50 | [PROFIT-LOG] train_loss=-0.001142 val_loss=-0.000305 | train_profit=1.824052 (+182,405 PHP) val_profit=0.133943 (+13,394 PHP) | train_geo=3.745046 (+374,505 PHP) val_geo=0.100705 (+10,070 PHP)
Epoch 043/50 | [PROFIT-LOG] train_loss=-0.001142 val_loss=-0.000305 | train_profit=1.824052 (+182,405 PHP) val_profit=0.133943 (+13,394 PHP) | train_geo=3.745046 (+374,505 PHP) val_geo=0.100705 (+10,070 PHP)
Epoch 044/50 | [PROFIT-LOG] train_loss=-0.001142 val_loss=-0.000305 | train_profit=1.824052 (+182,405 PHP) val_profit=0.133943 (+13,394 PHP) | train_geo=3.745046 (+374,505 PHP) val_geo=0.100705 (+10,070 PHP)
Epoch 045/50 | [PROFIT-LOG] train_loss=-0.001142 val_loss=-0.000305 | train_profit=1.824052 (+182,405 PHP) val_profit=0.133943 (+13,394 PHP) | train_geo=3.745046 (+374,505 PHP) val_geo=0.100705 (+10,070 PHP)
Epoch 046/50 | [PROFIT-LOG] train_loss=-0.001142 val_loss=-0.000305 | train_profit=1.824052 (+182,405 PHP) val_profit=0.133943 (+13,394 PHP) | train_geo=3.745046 (+374,505 PHP) val_geo=0.100705 (+10,070 PHP)
Epoch 047/50 | [PROFIT-LOG] train_loss=-0.001142 val_loss=-0.000305 | train_profit=1.824052 (+182,405 PHP) val_profit=0.133943 (+13,394 PHP) | train_geo=3.745046 (+374,505 PHP) val_geo=0.100705 (+10,070 PHP)
Epoch 048/50 | [PROFIT-LOG] train_loss=-0.001142 val_loss=-0.000305 | train_profit=1.824052 (+182,405 PHP) val_profit=0.133943 (+13,394 PHP) | train_geo=3.745046 (+374,505 PHP) val_geo=0.100705 (+10,070 PHP)
Epoch 049/50 | [PROFIT-LOG] train_loss=-0.001142 val_loss=-0.000305 | train_profit=1.824052 (+182,405 PHP) val_profit=0.133943 (+13,394 PHP) | train_geo=3.745046 (+374,505 PHP) val_geo=0.100705 (+10,070 PHP)
Epoch 050/50 | [PROFIT-LOG] train_loss=-0.001142 val_loss=-0.000305 | train_profit=1.824052 (+182,405 PHP) val_profit=0.133943 (+13,394 PHP) | train_geo=3.745046 (+374,505 PHP) val_geo=0.100705 (+10,070 PHP)
[3/23] MSFT       (strong) profit-log    dir_acc=0.522 cum_ret=+0.1817 geo_ret=+0.1357 sharpe=+0.484 (buy&hold=+0.1368) [4.4s]
Epoch 001/50 | [MSE] train_loss=0.000510 val_loss=0.000646 | train_profit=-0.385878 (-38,588 PHP) val_profit=0.076839 (+7,684 PHP) | train_geo=-0.479558 (-47,956 PHP) val_geo=-0.007527 (-753 PHP)
Epoch 002/50 | [MSE] train_loss=0.000402 val_loss=0.000592 | train_profit=0.527301 (+52,730 PHP) val_profit=0.076839 (+7,684 PHP) | train_geo=0.301220 (+30,122 PHP) val_geo=-0.007527 (-753 PHP)
Epoch 003/50 | [MSE] train_loss=0.000378 val_loss=0.000603 | train_profit=-0.876347 (-87,635 PHP) val_profit=0.076839 (+7,684 PHP) | train_geo=-0.681810 (-68,181 PHP) val_geo=-0.007527 (-753 PHP)
Epoch 004/50 | [MSE] train_loss=0.000373 val_loss=0.000567 | train_profit=0.656207 (+65,621 PHP) val_profit=0.076839 (+7,684 PHP) | train_geo=0.478039 (+47,804 PHP) val_geo=-0.007527 (-753 PHP)
Epoch 005/50 | [MSE] train_loss=0.000362 val_loss=0.000577 | train_profit=0.800383 (+80,038 PHP) val_profit=0.076839 (+7,684 PHP) | train_geo=0.713927 (+71,393 PHP) val_geo=-0.007527 (-753 PHP)
Epoch 006/50 | [MSE] train_loss=0.000363 val_loss=0.000577 | train_profit=0.394866 (+39,487 PHP) val_profit=0.076839 (+7,684 PHP) | train_geo=0.141339 (+14,134 PHP) val_geo=-0.007527 (-753 PHP)
Epoch 007/50 | [MSE] train_loss=0.000362 val_loss=0.000584 | train_profit=0.413092 (+41,309 PHP) val_profit=0.076839 (+7,684 PHP) | train_geo=0.157357 (+15,736 PHP) val_geo=-0.007527 (-753 PHP)
Epoch 008/50 | [MSE] train_loss=0.000362 val_loss=0.000586 | train_profit=1.367941 (+136,794 PHP) val_profit=0.076839 (+7,684 PHP) | train_geo=2.017472 (+201,747 PHP) val_geo=-0.007527 (-753 PHP)
Epoch 009/50 | [MSE] train_loss=0.000358 val_loss=0.000585 | train_profit=0.993960 (+99,396 PHP) val_profit=0.076839 (+7,684 PHP) | train_geo=1.073307 (+107,331 PHP) val_geo=-0.007527 (-753 PHP)
Epoch 010/50 | [MSE] train_loss=0.000360 val_loss=0.000580 | train_profit=0.267858 (+26,786 PHP) val_profit=0.076839 (+7,684 PHP) | train_geo=0.002079 (+208 PHP) val_geo=-0.007527 (-753 PHP)
Epoch 011/50 | [MSE] train_loss=0.000361 val_loss=0.000592 | train_profit=0.998251 (+99,825 PHP) val_profit=0.076839 (+7,684 PHP) | train_geo=1.082506 (+108,251 PHP) val_geo=-0.007527 (-753 PHP)
Epoch 012/50 | [MSE] train_loss=0.000361 val_loss=0.000594 | train_profit=1.348812 (+134,881 PHP) val_profit=0.076839 (+7,684 PHP) | train_geo=1.958254 (+195,825 PHP) val_geo=-0.007527 (-753 PHP)
Epoch 013/50 | [MSE] train_loss=0.000361 val_loss=0.000598 | train_profit=1.588605 (+158,860 PHP) val_profit=0.076839 (+7,684 PHP) | train_geo=2.763287 (+276,329 PHP) val_geo=-0.007527 (-753 PHP)
Epoch 014/50 | [MSE] train_loss=0.000361 val_loss=0.000608 | train_profit=1.528536 (+152,854 PHP) val_profit=0.076839 (+7,684 PHP) | train_geo=2.542437 (+254,244 PHP) val_geo=-0.007527 (-753 PHP)
Epoch 015/50 | [MSE] train_loss=0.000364 val_loss=0.000607 | train_profit=0.661789 (+66,179 PHP) val_profit=0.076839 (+7,684 PHP) | train_geo=0.486487 (+48,649 PHP) val_geo=-0.007527 (-753 PHP)
Epoch 016/50 | [MSE] train_loss=0.000368 val_loss=0.000612 | train_profit=0.783079 (+78,308 PHP) val_profit=0.076839 (+7,684 PHP) | train_geo=0.678510 (+67,851 PHP) val_geo=-0.007527 (-753 PHP)
Epoch 017/50 | [MSE] train_loss=0.000371 val_loss=0.000609 | train_profit=0.347776 (+34,778 PHP) val_profit=0.076839 (+7,684 PHP) | train_geo=0.083707 (+8,371 PHP) val_geo=-0.007527 (-753 PHP)
Epoch 018/50 | [MSE] train_loss=0.000374 val_loss=0.000595 | train_profit=0.303702 (+30,370 PHP) val_profit=0.076839 (+7,684 PHP) | train_geo=0.038267 (+3,827 PHP) val_geo=-0.007527 (-753 PHP)
Epoch 019/50 | [MSE] train_loss=0.000377 val_loss=0.000572 | train_profit=0.637786 (+63,779 PHP) val_profit=0.076839 (+7,684 PHP) | train_geo=0.449227 (+44,923 PHP) val_geo=-0.007527 (-753 PHP)
Epoch 020/50 | [MSE] train_loss=0.000375 val_loss=0.000560 | train_profit=0.787236 (+78,724 PHP) val_profit=0.076839 (+7,684 PHP) | train_geo=0.681694 (+68,169 PHP) val_geo=-0.007527 (-753 PHP)
Epoch 021/50 | [MSE] train_loss=0.000375 val_loss=0.000547 | train_profit=0.227978 (+22,798 PHP) val_profit=0.076839 (+7,684 PHP) | train_geo=-0.038827 (-3,883 PHP) val_geo=-0.007527 (-753 PHP)
Epoch 022/50 | [MSE] train_loss=0.000372 val_loss=0.000543 | train_profit=0.630248 (+63,025 PHP) val_profit=0.076839 (+7,684 PHP) | train_geo=0.434846 (+43,485 PHP) val_geo=-0.007527 (-753 PHP)
Epoch 023/50 | [MSE] train_loss=0.000369 val_loss=0.000540 | train_profit=0.393287 (+39,329 PHP) val_profit=0.125080 (+12,508 PHP) | train_geo=0.131028 (+13,103 PHP) val_geo=0.041609 (+4,161 PHP)
Epoch 024/50 | [MSE] train_loss=0.000364 val_loss=0.000542 | train_profit=0.280754 (+28,075 PHP) val_profit=0.125080 (+12,508 PHP) | train_geo=0.010343 (+1,034 PHP) val_geo=0.041609 (+4,161 PHP)
Epoch 025/50 | [MSE] train_loss=0.000363 val_loss=0.000541 | train_profit=0.594475 (+59,447 PHP) val_profit=0.125080 (+12,508 PHP) | train_geo=0.382797 (+38,280 PHP) val_geo=0.041609 (+4,161 PHP)
Epoch 026/50 | [MSE] train_loss=0.000362 val_loss=0.000541 | train_profit=0.779304 (+77,930 PHP) val_profit=0.125080 (+12,508 PHP) | train_geo=0.665326 (+66,533 PHP) val_geo=0.041609 (+4,161 PHP)
Epoch 027/50 | [MSE] train_loss=0.000362 val_loss=0.000541 | train_profit=2.059533 (+205,953 PHP) val_profit=0.125080 (+12,508 PHP) | train_geo=5.018269 (+501,827 PHP) val_geo=0.041609 (+4,161 PHP)
Epoch 028/50 | [MSE] train_loss=0.000362 val_loss=0.000541 | train_profit=0.842157 (+84,216 PHP) val_profit=0.125080 (+12,508 PHP) | train_geo=0.775957 (+77,596 PHP) val_geo=0.041609 (+4,161 PHP)
Epoch 029/50 | [MSE] train_loss=0.000362 val_loss=0.000541 | train_profit=0.954579 (+95,458 PHP) val_profit=0.125080 (+12,508 PHP) | train_geo=0.984402 (+98,440 PHP) val_geo=0.041609 (+4,161 PHP)
Epoch 030/50 | [MSE] train_loss=0.000362 val_loss=0.000540 | train_profit=0.997958 (+99,796 PHP) val_profit=0.125080 (+12,508 PHP) | train_geo=1.071606 (+107,161 PHP) val_geo=0.041609 (+4,161 PHP)
Epoch 031/50 | [MSE] train_loss=0.000362 val_loss=0.000540 | train_profit=1.114271 (+111,427 PHP) val_profit=0.125080 (+12,508 PHP) | train_geo=1.330728 (+133,073 PHP) val_geo=0.041609 (+4,161 PHP)
Epoch 032/50 | [MSE] train_loss=0.000359 val_loss=0.000540 | train_profit=1.514810 (+151,481 PHP) val_profit=0.125080 (+12,508 PHP) | train_geo=2.488251 (+248,825 PHP) val_geo=0.041609 (+4,161 PHP)
Epoch 033/50 | [MSE] train_loss=0.000358 val_loss=0.000541 | train_profit=1.719519 (+171,952 PHP) val_profit=0.125080 (+12,508 PHP) | train_geo=3.276340 (+327,634 PHP) val_geo=0.041609 (+4,161 PHP)
Epoch 034/50 | [MSE] train_loss=0.000360 val_loss=0.000540 | train_profit=1.892291 (+189,229 PHP) val_profit=0.125080 (+12,508 PHP) | train_geo=4.094960 (+409,496 PHP) val_geo=0.041609 (+4,161 PHP)
Epoch 035/50 | [MSE] train_loss=0.000360 val_loss=0.000540 | train_profit=1.438893 (+143,889 PHP) val_profit=0.077663 (+7,766 PHP) | train_geo=2.231242 (+223,124 PHP) val_geo=-0.006619 (-662 PHP)
Epoch 036/50 | [MSE] train_loss=0.000359 val_loss=0.000540 | train_profit=1.618995 (+161,900 PHP) val_profit=0.125080 (+12,508 PHP) | train_geo=2.865548 (+286,555 PHP) val_geo=0.041609 (+4,161 PHP)
Epoch 037/50 | [MSE] train_loss=0.000360 val_loss=0.000540 | train_profit=1.287798 (+128,780 PHP) val_profit=0.134664 (+13,466 PHP) | train_geo=1.771143 (+177,114 PHP) val_geo=0.051606 (+5,161 PHP)
Epoch 038/50 | [MSE] train_loss=0.000360 val_loss=0.000540 | train_profit=2.264263 (+226,426 PHP) val_profit=0.125080 (+12,508 PHP) | train_geo=6.383753 (+638,375 PHP) val_geo=0.041609 (+4,161 PHP)
Epoch 039/50 | [MSE] train_loss=0.000359 val_loss=0.000540 | train_profit=1.695328 (+169,533 PHP) val_profit=0.129423 (+12,942 PHP) | train_geo=3.173682 (+317,368 PHP) val_geo=0.046168 (+4,617 PHP)
Epoch 040/50 | [MSE] train_loss=0.000358 val_loss=0.000541 | train_profit=1.917906 (+191,791 PHP) val_profit=0.129423 (+12,942 PHP) | train_geo=4.215068 (+421,507 PHP) val_geo=0.046168 (+4,617 PHP)
Epoch 041/50 | [MSE] train_loss=0.000359 val_loss=0.000541 | train_profit=1.874644 (+187,464 PHP) val_profit=0.134664 (+13,466 PHP) | train_geo=4.001661 (+400,166 PHP) val_geo=0.051606 (+5,161 PHP)
Epoch 042/50 | [MSE] train_loss=0.000358 val_loss=0.000540 | train_profit=1.038787 (+103,879 PHP) val_profit=0.134664 (+13,466 PHP) | train_geo=1.162213 (+116,221 PHP) val_geo=0.051606 (+5,161 PHP)
Epoch 043/50 | [MSE] train_loss=0.000359 val_loss=0.000540 | train_profit=1.510189 (+151,019 PHP) val_profit=0.134664 (+13,466 PHP) | train_geo=2.464058 (+246,406 PHP) val_geo=0.051606 (+5,161 PHP)
Epoch 044/50 | [MSE] train_loss=0.000358 val_loss=0.000540 | train_profit=1.769104 (+176,910 PHP) val_profit=0.129423 (+12,942 PHP) | train_geo=3.493787 (+349,379 PHP) val_geo=0.046168 (+4,617 PHP)
Epoch 045/50 | [MSE] train_loss=0.000359 val_loss=0.000540 | train_profit=1.208140 (+120,814 PHP) val_profit=0.009547 (+955 PHP) | train_geo=1.562111 (+156,211 PHP) val_geo=-0.072283 (-7,228 PHP)
Epoch 046/50 | [MSE] train_loss=0.000358 val_loss=0.000541 | train_profit=1.811002 (+181,100 PHP) val_profit=0.134664 (+13,466 PHP) | train_geo=3.692150 (+369,215 PHP) val_geo=0.051606 (+5,161 PHP)
Epoch 047/50 | [MSE] train_loss=0.000359 val_loss=0.000540 | train_profit=1.147735 (+114,774 PHP) val_profit=0.134664 (+13,466 PHP) | train_geo=1.410767 (+141,077 PHP) val_geo=0.051606 (+5,161 PHP)
Epoch 048/50 | [MSE] train_loss=0.000357 val_loss=0.000541 | train_profit=2.128926 (+212,893 PHP) val_profit=0.087248 (+8,725 PHP) | train_geo=5.445128 (+544,513 PHP) val_geo=0.002915 (+291 PHP)
Epoch 049/50 | [MSE] train_loss=0.000359 val_loss=0.000540 | train_profit=1.704632 (+170,463 PHP) val_profit=0.020953 (+2,095 PHP) | train_geo=3.214654 (+321,465 PHP) val_geo=-0.061657 (-6,166 PHP)
Epoch 050/50 | [MSE] train_loss=0.000358 val_loss=0.000540 | train_profit=1.430500 (+143,050 PHP) val_profit=0.087248 (+8,725 PHP) | train_geo=2.207771 (+220,777 PHP) val_geo=0.002915 (+291 PHP)
[4/23] LLY        (strong) mse           dir_acc=0.525 cum_ret=+0.4504 geo_ret=+0.4381 sharpe=+0.958 (buy&hold=+0.6137) [3.8s]
Epoch 001/50 | train_loss=-0.001526 val_loss=0.000072 | train_profit=2.583960 (+258,396 PHP) val_profit=0.076839 (+7,684 PHP) | train_geo=9.215224 (+921,522 PHP) val_geo=-0.007527 (-753 PHP)
Epoch 002/50 | train_loss=-0.001469 val_loss=0.000234 | train_profit=2.449312 (+244,931 PHP) val_profit=0.076839 (+7,684 PHP) | train_geo=7.926590 (+792,659 PHP) val_geo=-0.007527 (-753 PHP)
Epoch 003/50 | train_loss=-0.001663 val_loss=0.000004 | train_profit=2.588677 (+258,868 PHP) val_profit=0.076839 (+7,684 PHP) | train_geo=9.263585 (+926,358 PHP) val_geo=-0.007527 (-753 PHP)
Epoch 004/50 | train_loss=-0.001738 val_loss=-0.000010 | train_profit=2.588677 (+258,868 PHP) val_profit=0.076839 (+7,684 PHP) | train_geo=9.263585 (+926,358 PHP) val_geo=-0.007527 (-753 PHP)
Epoch 005/50 | train_loss=-0.001741 val_loss=-0.000006 | train_profit=2.588677 (+258,868 PHP) val_profit=0.076839 (+7,684 PHP) | train_geo=9.263585 (+926,358 PHP) val_geo=-0.007527 (-753 PHP)
Epoch 006/50 | train_loss=-0.001741 val_loss=0.000002 | train_profit=2.588677 (+258,868 PHP) val_profit=0.076839 (+7,684 PHP) | train_geo=9.263585 (+926,358 PHP) val_geo=-0.007527 (-753 PHP)
Epoch 007/50 | train_loss=-0.001741 val_loss=-0.000007 | train_profit=2.588677 (+258,868 PHP) val_profit=0.076839 (+7,684 PHP) | train_geo=9.263585 (+926,358 PHP) val_geo=-0.007527 (-753 PHP)
Epoch 008/50 | train_loss=-0.001742 val_loss=-0.000006 | train_profit=2.588677 (+258,868 PHP) val_profit=0.076839 (+7,684 PHP) | train_geo=9.263585 (+926,358 PHP) val_geo=-0.007527 (-753 PHP)
Epoch 009/50 | train_loss=-0.001746 val_loss=0.000009 | train_profit=2.588677 (+258,868 PHP) val_profit=0.076839 (+7,684 PHP) | train_geo=9.263585 (+926,358 PHP) val_geo=-0.007527 (-753 PHP)
Epoch 010/50 | train_loss=-0.001746 val_loss=-0.000001 | train_profit=2.588677 (+258,868 PHP) val_profit=0.076839 (+7,684 PHP) | train_geo=9.263585 (+926,358 PHP) val_geo=-0.007527 (-753 PHP)
Epoch 011/50 | train_loss=-0.001747 val_loss=0.000009 | train_profit=2.588677 (+258,868 PHP) val_profit=0.076839 (+7,684 PHP) | train_geo=9.263585 (+926,358 PHP) val_geo=-0.007527 (-753 PHP)
Epoch 012/50 | train_loss=-0.001744 val_loss=0.000000 | train_profit=2.588677 (+258,868 PHP) val_profit=0.076839 (+7,684 PHP) | train_geo=9.263585 (+926,358 PHP) val_geo=-0.007527 (-753 PHP)
Epoch 013/50 | train_loss=-0.001741 val_loss=0.000003 | train_profit=2.588677 (+258,868 PHP) val_profit=0.076839 (+7,684 PHP) | train_geo=9.263585 (+926,358 PHP) val_geo=-0.007527 (-753 PHP)
Epoch 014/50 | train_loss=-0.001746 val_loss=0.000008 | train_profit=2.588677 (+258,868 PHP) val_profit=0.076839 (+7,684 PHP) | train_geo=9.263585 (+926,358 PHP) val_geo=-0.007527 (-753 PHP)
Epoch 015/50 | train_loss=-0.001744 val_loss=0.000007 | train_profit=2.588677 (+258,868 PHP) val_profit=0.076839 (+7,684 PHP) | train_geo=9.263585 (+926,358 PHP) val_geo=-0.007527 (-753 PHP)
Epoch 016/50 | train_loss=-0.001745 val_loss=0.000009 | train_profit=2.588677 (+258,868 PHP) val_profit=0.076839 (+7,684 PHP) | train_geo=9.263585 (+926,358 PHP) val_geo=-0.007527 (-753 PHP)
Epoch 017/50 | train_loss=-0.001747 val_loss=0.000018 | train_profit=2.588677 (+258,868 PHP) val_profit=0.076839 (+7,684 PHP) | train_geo=9.263585 (+926,358 PHP) val_geo=-0.007527 (-753 PHP)
Epoch 018/50 | train_loss=-0.001748 val_loss=0.000011 | train_profit=2.588677 (+258,868 PHP) val_profit=0.076839 (+7,684 PHP) | train_geo=9.263585 (+926,358 PHP) val_geo=-0.007527 (-753 PHP)
Epoch 019/50 | train_loss=-0.001745 val_loss=0.000009 | train_profit=2.588677 (+258,868 PHP) val_profit=0.076839 (+7,684 PHP) | train_geo=9.263585 (+926,358 PHP) val_geo=-0.007527 (-753 PHP)
Epoch 020/50 | train_loss=-0.001745 val_loss=0.000008 | train_profit=2.588677 (+258,868 PHP) val_profit=0.076839 (+7,684 PHP) | train_geo=9.263585 (+926,358 PHP) val_geo=-0.007527 (-753 PHP)
Epoch 021/50 | train_loss=-0.001749 val_loss=0.000012 | train_profit=2.588677 (+258,868 PHP) val_profit=0.076839 (+7,684 PHP) | train_geo=9.263585 (+926,358 PHP) val_geo=-0.007527 (-753 PHP)
Epoch 022/50 | train_loss=-0.001747 val_loss=0.000018 | train_profit=2.588677 (+258,868 PHP) val_profit=0.076839 (+7,684 PHP) | train_geo=9.263585 (+926,358 PHP) val_geo=-0.007527 (-753 PHP)
Epoch 023/50 | train_loss=-0.001744 val_loss=0.000019 | train_profit=2.588677 (+258,868 PHP) val_profit=0.076839 (+7,684 PHP) | train_geo=9.263585 (+926,358 PHP) val_geo=-0.007527 (-753 PHP)
Epoch 024/50 | train_loss=-0.001747 val_loss=0.000017 | train_profit=2.588677 (+258,868 PHP) val_profit=0.076839 (+7,684 PHP) | train_geo=9.263585 (+926,358 PHP) val_geo=-0.007527 (-753 PHP)
Epoch 025/50 | train_loss=-0.001750 val_loss=0.000016 | train_profit=2.588677 (+258,868 PHP) val_profit=0.076839 (+7,684 PHP) | train_geo=9.263585 (+926,358 PHP) val_geo=-0.007527 (-753 PHP)
Epoch 026/50 | train_loss=-0.001747 val_loss=0.000028 | train_profit=2.588677 (+258,868 PHP) val_profit=0.076839 (+7,684 PHP) | train_geo=9.263585 (+926,358 PHP) val_geo=-0.007527 (-753 PHP)
Epoch 027/50 | train_loss=-0.001751 val_loss=0.000012 | train_profit=2.588677 (+258,868 PHP) val_profit=0.076839 (+7,684 PHP) | train_geo=9.263585 (+926,358 PHP) val_geo=-0.007527 (-753 PHP)
Epoch 028/50 | train_loss=-0.001747 val_loss=0.000006 | train_profit=2.588677 (+258,868 PHP) val_profit=0.076839 (+7,684 PHP) | train_geo=9.263585 (+926,358 PHP) val_geo=-0.007527 (-753 PHP)
Epoch 029/50 | train_loss=-0.001747 val_loss=0.000013 | train_profit=2.588677 (+258,868 PHP) val_profit=0.076839 (+7,684 PHP) | train_geo=9.263585 (+926,358 PHP) val_geo=-0.007527 (-753 PHP)
Epoch 030/50 | train_loss=-0.001750 val_loss=0.000011 | train_profit=2.588677 (+258,868 PHP) val_profit=0.076839 (+7,684 PHP) | train_geo=9.263585 (+926,358 PHP) val_geo=-0.007527 (-753 PHP)
Epoch 031/50 | train_loss=-0.001748 val_loss=0.000008 | train_profit=2.588677 (+258,868 PHP) val_profit=0.076839 (+7,684 PHP) | train_geo=9.263585 (+926,358 PHP) val_geo=-0.007527 (-753 PHP)
Epoch 032/50 | train_loss=-0.001707 val_loss=0.000170 | train_profit=2.588677 (+258,868 PHP) val_profit=0.076839 (+7,684 PHP) | train_geo=9.263585 (+926,358 PHP) val_geo=-0.007527 (-753 PHP)
Epoch 033/50 | train_loss=-0.001714 val_loss=0.000033 | train_profit=2.588677 (+258,868 PHP) val_profit=0.076839 (+7,684 PHP) | train_geo=9.263585 (+926,358 PHP) val_geo=-0.007527 (-753 PHP)
Epoch 034/50 | train_loss=-0.001738 val_loss=0.000070 | train_profit=2.557822 (+255,782 PHP) val_profit=0.076839 (+7,684 PHP) | train_geo=8.951262 (+895,126 PHP) val_geo=-0.007527 (-753 PHP)
Epoch 035/50 | train_loss=-0.001718 val_loss=0.000127 | train_profit=2.624874 (+262,487 PHP) val_profit=0.076839 (+7,684 PHP) | train_geo=9.641983 (+964,198 PHP) val_geo=-0.007527 (-753 PHP)
Epoch 036/50 | train_loss=-0.001602 val_loss=-0.000054 | train_profit=2.588677 (+258,868 PHP) val_profit=0.076839 (+7,684 PHP) | train_geo=9.263585 (+926,358 PHP) val_geo=-0.007527 (-753 PHP)
Epoch 037/50 | train_loss=-0.001734 val_loss=-0.000024 | train_profit=2.588677 (+258,868 PHP) val_profit=0.076839 (+7,684 PHP) | train_geo=9.263585 (+926,358 PHP) val_geo=-0.007527 (-753 PHP)
Epoch 038/50 | train_loss=-0.001731 val_loss=-0.000024 | train_profit=2.588677 (+258,868 PHP) val_profit=0.076839 (+7,684 PHP) | train_geo=9.263585 (+926,358 PHP) val_geo=-0.007527 (-753 PHP)
Epoch 039/50 | train_loss=-0.001732 val_loss=-0.000026 | train_profit=2.588677 (+258,868 PHP) val_profit=0.076839 (+7,684 PHP) | train_geo=9.263585 (+926,358 PHP) val_geo=-0.007527 (-753 PHP)
Epoch 040/50 | train_loss=-0.001731 val_loss=-0.000027 | train_profit=2.588677 (+258,868 PHP) val_profit=0.076839 (+7,684 PHP) | train_geo=9.263585 (+926,358 PHP) val_geo=-0.007527 (-753 PHP)
Epoch 041/50 | train_loss=-0.001734 val_loss=-0.000025 | train_profit=2.588677 (+258,868 PHP) val_profit=0.076839 (+7,684 PHP) | train_geo=9.263585 (+926,358 PHP) val_geo=-0.007527 (-753 PHP)
Epoch 042/50 | train_loss=-0.001743 val_loss=-0.000020 | train_profit=2.588677 (+258,868 PHP) val_profit=0.076839 (+7,684 PHP) | train_geo=9.263585 (+926,358 PHP) val_geo=-0.007527 (-753 PHP)
Epoch 043/50 | train_loss=-0.001743 val_loss=-0.000019 | train_profit=2.588677 (+258,868 PHP) val_profit=0.076839 (+7,684 PHP) | train_geo=9.263585 (+926,358 PHP) val_geo=-0.007527 (-753 PHP)
Epoch 044/50 | train_loss=-0.001751 val_loss=-0.000014 | train_profit=2.588677 (+258,868 PHP) val_profit=0.076839 (+7,684 PHP) | train_geo=9.263585 (+926,358 PHP) val_geo=-0.007527 (-753 PHP)
Epoch 045/50 | train_loss=-0.001749 val_loss=-0.000014 | train_profit=2.588677 (+258,868 PHP) val_profit=0.076839 (+7,684 PHP) | train_geo=9.263585 (+926,358 PHP) val_geo=-0.007527 (-753 PHP)
Epoch 046/50 | train_loss=-0.001751 val_loss=-0.000014 | train_profit=2.588677 (+258,868 PHP) val_profit=0.076839 (+7,684 PHP) | train_geo=9.263585 (+926,358 PHP) val_geo=-0.007527 (-753 PHP)
Epoch 047/50 | train_loss=-0.001748 val_loss=-0.000014 | train_profit=2.588677 (+258,868 PHP) val_profit=0.076839 (+7,684 PHP) | train_geo=9.263585 (+926,358 PHP) val_geo=-0.007527 (-753 PHP)
Epoch 048/50 | train_loss=-0.001751 val_loss=-0.000012 | train_profit=2.588677 (+258,868 PHP) val_profit=0.076839 (+7,684 PHP) | train_geo=9.263585 (+926,358 PHP) val_geo=-0.007527 (-753 PHP)
Epoch 049/50 | train_loss=-0.001747 val_loss=-0.000014 | train_profit=2.588677 (+258,868 PHP) val_profit=0.076839 (+7,684 PHP) | train_geo=9.263585 (+926,358 PHP) val_geo=-0.007527 (-753 PHP)
Epoch 050/50 | train_loss=-0.001744 val_loss=-0.000014 | train_profit=2.588677 (+258,868 PHP) val_profit=0.076839 (+7,684 PHP) | train_geo=9.263585 (+926,358 PHP) val_geo=-0.007527 (-753 PHP)
[4/23] LLY        (strong) profit-aware  dir_acc=0.531 cum_ret=+0.5645 geo_ret=+0.6121 sharpe=+1.203 (buy&hold=+0.6137) [5.1s]
Epoch 001/50 | [PROFIT-LOG] train_loss=-0.001798 val_loss=0.000033 | train_profit=2.583960 (+258,396 PHP) val_profit=0.076839 (+7,684 PHP) | train_geo=9.215224 (+921,522 PHP) val_geo=-0.007527 (-753 PHP)
Epoch 002/50 | [PROFIT-LOG] train_loss=-0.001818 val_loss=0.000033 | train_profit=2.588677 (+258,868 PHP) val_profit=0.076839 (+7,684 PHP) | train_geo=9.263585 (+926,358 PHP) val_geo=-0.007527 (-753 PHP)
Epoch 003/50 | [PROFIT-LOG] train_loss=-0.001818 val_loss=0.000033 | train_profit=2.588677 (+258,868 PHP) val_profit=0.076839 (+7,684 PHP) | train_geo=9.263585 (+926,358 PHP) val_geo=-0.007527 (-753 PHP)
Epoch 004/50 | [PROFIT-LOG] train_loss=-0.001818 val_loss=0.000033 | train_profit=2.588677 (+258,868 PHP) val_profit=0.076839 (+7,684 PHP) | train_geo=9.263585 (+926,358 PHP) val_geo=-0.007527 (-753 PHP)
Epoch 005/50 | [PROFIT-LOG] train_loss=-0.001818 val_loss=0.000033 | train_profit=2.588677 (+258,868 PHP) val_profit=0.076839 (+7,684 PHP) | train_geo=9.263585 (+926,358 PHP) val_geo=-0.007527 (-753 PHP)
Epoch 006/50 | [PROFIT-LOG] train_loss=-0.001818 val_loss=0.000033 | train_profit=2.588677 (+258,868 PHP) val_profit=0.076839 (+7,684 PHP) | train_geo=9.263585 (+926,358 PHP) val_geo=-0.007527 (-753 PHP)
Epoch 007/50 | [PROFIT-LOG] train_loss=-0.001818 val_loss=0.000033 | train_profit=2.588677 (+258,868 PHP) val_profit=0.076839 (+7,684 PHP) | train_geo=9.263585 (+926,358 PHP) val_geo=-0.007527 (-753 PHP)
Epoch 008/50 | [PROFIT-LOG] train_loss=-0.001818 val_loss=0.000033 | train_profit=2.588677 (+258,868 PHP) val_profit=0.076839 (+7,684 PHP) | train_geo=9.263585 (+926,358 PHP) val_geo=-0.007527 (-753 PHP)
Epoch 009/50 | [PROFIT-LOG] train_loss=-0.001818 val_loss=0.000033 | train_profit=2.588677 (+258,868 PHP) val_profit=0.076839 (+7,684 PHP) | train_geo=9.263585 (+926,358 PHP) val_geo=-0.007527 (-753 PHP)
Epoch 010/50 | [PROFIT-LOG] train_loss=-0.001818 val_loss=0.000033 | train_profit=2.588677 (+258,868 PHP) val_profit=0.076839 (+7,684 PHP) | train_geo=9.263585 (+926,358 PHP) val_geo=-0.007527 (-753 PHP)
Epoch 011/50 | [PROFIT-LOG] train_loss=-0.001818 val_loss=0.000033 | train_profit=2.588677 (+258,868 PHP) val_profit=0.076839 (+7,684 PHP) | train_geo=9.263585 (+926,358 PHP) val_geo=-0.007527 (-753 PHP)
Epoch 012/50 | [PROFIT-LOG] train_loss=-0.001818 val_loss=0.000033 | train_profit=2.588677 (+258,868 PHP) val_profit=0.076839 (+7,684 PHP) | train_geo=9.263585 (+926,358 PHP) val_geo=-0.007527 (-753 PHP)
Epoch 013/50 | [PROFIT-LOG] train_loss=-0.001818 val_loss=0.000033 | train_profit=2.588677 (+258,868 PHP) val_profit=0.076839 (+7,684 PHP) | train_geo=9.263585 (+926,358 PHP) val_geo=-0.007527 (-753 PHP)
Epoch 014/50 | [PROFIT-LOG] train_loss=-0.001818 val_loss=0.000033 | train_profit=2.588677 (+258,868 PHP) val_profit=0.076839 (+7,684 PHP) | train_geo=9.263585 (+926,358 PHP) val_geo=-0.007527 (-753 PHP)
Epoch 015/50 | [PROFIT-LOG] train_loss=-0.001818 val_loss=0.000033 | train_profit=2.588677 (+258,868 PHP) val_profit=0.076839 (+7,684 PHP) | train_geo=9.263585 (+926,358 PHP) val_geo=-0.007527 (-753 PHP)
Epoch 016/50 | [PROFIT-LOG] train_loss=-0.001818 val_loss=0.000033 | train_profit=2.588677 (+258,868 PHP) val_profit=0.076839 (+7,684 PHP) | train_geo=9.263585 (+926,358 PHP) val_geo=-0.007527 (-753 PHP)
Epoch 017/50 | [PROFIT-LOG] train_loss=-0.001818 val_loss=0.000033 | train_profit=2.588677 (+258,868 PHP) val_profit=0.076839 (+7,684 PHP) | train_geo=9.263585 (+926,358 PHP) val_geo=-0.007527 (-753 PHP)
Epoch 018/50 | [PROFIT-LOG] train_loss=-0.001818 val_loss=0.000033 | train_profit=2.588677 (+258,868 PHP) val_profit=0.076839 (+7,684 PHP) | train_geo=9.263585 (+926,358 PHP) val_geo=-0.007527 (-753 PHP)
Epoch 019/50 | [PROFIT-LOG] train_loss=-0.001818 val_loss=0.000033 | train_profit=2.588677 (+258,868 PHP) val_profit=0.076839 (+7,684 PHP) | train_geo=9.263585 (+926,358 PHP) val_geo=-0.007527 (-753 PHP)
Epoch 020/50 | [PROFIT-LOG] train_loss=-0.001818 val_loss=0.000033 | train_profit=2.588677 (+258,868 PHP) val_profit=0.076839 (+7,684 PHP) | train_geo=9.263585 (+926,358 PHP) val_geo=-0.007527 (-753 PHP)
Epoch 021/50 | [PROFIT-LOG] train_loss=-0.001818 val_loss=0.000033 | train_profit=2.588677 (+258,868 PHP) val_profit=0.076839 (+7,684 PHP) | train_geo=9.263585 (+926,358 PHP) val_geo=-0.007527 (-753 PHP)
Epoch 022/50 | [PROFIT-LOG] train_loss=-0.001818 val_loss=0.000033 | train_profit=2.588677 (+258,868 PHP) val_profit=0.076839 (+7,684 PHP) | train_geo=9.263585 (+926,358 PHP) val_geo=-0.007527 (-753 PHP)
Epoch 023/50 | [PROFIT-LOG] train_loss=-0.001818 val_loss=0.000033 | train_profit=2.588677 (+258,868 PHP) val_profit=0.076839 (+7,684 PHP) | train_geo=9.263585 (+926,358 PHP) val_geo=-0.007527 (-753 PHP)
Epoch 024/50 | [PROFIT-LOG] train_loss=-0.001818 val_loss=0.000033 | train_profit=2.588677 (+258,868 PHP) val_profit=0.076839 (+7,684 PHP) | train_geo=9.263585 (+926,358 PHP) val_geo=-0.007527 (-753 PHP)
Epoch 025/50 | [PROFIT-LOG] train_loss=-0.001818 val_loss=0.000033 | train_profit=2.588677 (+258,868 PHP) val_profit=0.076839 (+7,684 PHP) | train_geo=9.263585 (+926,358 PHP) val_geo=-0.007527 (-753 PHP)
Epoch 026/50 | [PROFIT-LOG] train_loss=-0.001818 val_loss=0.000033 | train_profit=2.588677 (+258,868 PHP) val_profit=0.076839 (+7,684 PHP) | train_geo=9.263585 (+926,358 PHP) val_geo=-0.007527 (-753 PHP)
Epoch 027/50 | [PROFIT-LOG] train_loss=-0.001818 val_loss=0.000033 | train_profit=2.588677 (+258,868 PHP) val_profit=0.076839 (+7,684 PHP) | train_geo=9.263585 (+926,358 PHP) val_geo=-0.007527 (-753 PHP)
Epoch 028/50 | [PROFIT-LOG] train_loss=-0.001818 val_loss=0.000033 | train_profit=2.588677 (+258,868 PHP) val_profit=0.076839 (+7,684 PHP) | train_geo=9.263585 (+926,358 PHP) val_geo=-0.007527 (-753 PHP)
Epoch 029/50 | [PROFIT-LOG] train_loss=-0.001818 val_loss=0.000033 | train_profit=2.588677 (+258,868 PHP) val_profit=0.076839 (+7,684 PHP) | train_geo=9.263585 (+926,358 PHP) val_geo=-0.007527 (-753 PHP)
Epoch 030/50 | [PROFIT-LOG] train_loss=-0.001818 val_loss=0.000033 | train_profit=2.588677 (+258,868 PHP) val_profit=0.076839 (+7,684 PHP) | train_geo=9.263585 (+926,358 PHP) val_geo=-0.007527 (-753 PHP)
Epoch 031/50 | [PROFIT-LOG] train_loss=-0.001818 val_loss=0.000033 | train_profit=2.588677 (+258,868 PHP) val_profit=0.076839 (+7,684 PHP) | train_geo=9.263585 (+926,358 PHP) val_geo=-0.007527 (-753 PHP)
Epoch 032/50 | [PROFIT-LOG] train_loss=-0.001818 val_loss=0.000033 | train_profit=2.588677 (+258,868 PHP) val_profit=0.076839 (+7,684 PHP) | train_geo=9.263585 (+926,358 PHP) val_geo=-0.007527 (-753 PHP)
Epoch 033/50 | [PROFIT-LOG] train_loss=-0.001818 val_loss=0.000033 | train_profit=2.588677 (+258,868 PHP) val_profit=0.076839 (+7,684 PHP) | train_geo=9.263585 (+926,358 PHP) val_geo=-0.007527 (-753 PHP)
Epoch 034/50 | [PROFIT-LOG] train_loss=-0.001818 val_loss=0.000033 | train_profit=2.588677 (+258,868 PHP) val_profit=0.076839 (+7,684 PHP) | train_geo=9.263585 (+926,358 PHP) val_geo=-0.007527 (-753 PHP)
Epoch 035/50 | [PROFIT-LOG] train_loss=-0.001818 val_loss=0.000033 | train_profit=2.588677 (+258,868 PHP) val_profit=0.076839 (+7,684 PHP) | train_geo=9.263585 (+926,358 PHP) val_geo=-0.007527 (-753 PHP)
Epoch 036/50 | [PROFIT-LOG] train_loss=-0.001818 val_loss=0.000033 | train_profit=2.588677 (+258,868 PHP) val_profit=0.076839 (+7,684 PHP) | train_geo=9.263585 (+926,358 PHP) val_geo=-0.007527 (-753 PHP)
Epoch 037/50 | [PROFIT-LOG] train_loss=-0.001818 val_loss=0.000033 | train_profit=2.588677 (+258,868 PHP) val_profit=0.076839 (+7,684 PHP) | train_geo=9.263585 (+926,358 PHP) val_geo=-0.007527 (-753 PHP)
Epoch 038/50 | [PROFIT-LOG] train_loss=-0.001818 val_loss=0.000033 | train_profit=2.588677 (+258,868 PHP) val_profit=0.076839 (+7,684 PHP) | train_geo=9.263585 (+926,358 PHP) val_geo=-0.007527 (-753 PHP)
Epoch 039/50 | [PROFIT-LOG] train_loss=-0.001818 val_loss=0.000033 | train_profit=2.588677 (+258,868 PHP) val_profit=0.076839 (+7,684 PHP) | train_geo=9.263585 (+926,358 PHP) val_geo=-0.007527 (-753 PHP)
Epoch 040/50 | [PROFIT-LOG] train_loss=-0.001818 val_loss=0.000033 | train_profit=2.588677 (+258,868 PHP) val_profit=0.076839 (+7,684 PHP) | train_geo=9.263585 (+926,358 PHP) val_geo=-0.007527 (-753 PHP)
Epoch 041/50 | [PROFIT-LOG] train_loss=-0.001818 val_loss=0.000033 | train_profit=2.588677 (+258,868 PHP) val_profit=0.076839 (+7,684 PHP) | train_geo=9.263585 (+926,358 PHP) val_geo=-0.007527 (-753 PHP)
Epoch 042/50 | [PROFIT-LOG] train_loss=-0.001818 val_loss=0.000033 | train_profit=2.588677 (+258,868 PHP) val_profit=0.076839 (+7,684 PHP) | train_geo=9.263585 (+926,358 PHP) val_geo=-0.007527 (-753 PHP)
Epoch 043/50 | [PROFIT-LOG] train_loss=-0.001818 val_loss=0.000033 | train_profit=2.588677 (+258,868 PHP) val_profit=0.076839 (+7,684 PHP) | train_geo=9.263585 (+926,358 PHP) val_geo=-0.007527 (-753 PHP)
Epoch 044/50 | [PROFIT-LOG] train_loss=-0.001818 val_loss=0.000033 | train_profit=2.588677 (+258,868 PHP) val_profit=0.076839 (+7,684 PHP) | train_geo=9.263585 (+926,358 PHP) val_geo=-0.007527 (-753 PHP)
Epoch 045/50 | [PROFIT-LOG] train_loss=-0.001818 val_loss=0.000033 | train_profit=2.588677 (+258,868 PHP) val_profit=0.076839 (+7,684 PHP) | train_geo=9.263585 (+926,358 PHP) val_geo=-0.007527 (-753 PHP)
Epoch 046/50 | [PROFIT-LOG] train_loss=-0.001818 val_loss=0.000033 | train_profit=2.588677 (+258,868 PHP) val_profit=0.076839 (+7,684 PHP) | train_geo=9.263585 (+926,358 PHP) val_geo=-0.007527 (-753 PHP)
Epoch 047/50 | [PROFIT-LOG] train_loss=-0.001818 val_loss=0.000033 | train_profit=2.588677 (+258,868 PHP) val_profit=0.076839 (+7,684 PHP) | train_geo=9.263585 (+926,358 PHP) val_geo=-0.007527 (-753 PHP)
Epoch 048/50 | [PROFIT-LOG] train_loss=-0.001818 val_loss=0.000033 | train_profit=2.588677 (+258,868 PHP) val_profit=0.076839 (+7,684 PHP) | train_geo=9.263585 (+926,358 PHP) val_geo=-0.007527 (-753 PHP)
Epoch 049/50 | [PROFIT-LOG] train_loss=-0.001818 val_loss=0.000033 | train_profit=2.588677 (+258,868 PHP) val_profit=0.076839 (+7,684 PHP) | train_geo=9.263585 (+926,358 PHP) val_geo=-0.007527 (-753 PHP)
Epoch 050/50 | [PROFIT-LOG] train_loss=-0.001818 val_loss=0.000033 | train_profit=2.588677 (+258,868 PHP) val_profit=0.076839 (+7,684 PHP) | train_geo=9.263585 (+926,358 PHP) val_geo=-0.007527 (-753 PHP)
[4/23] LLY        (strong) profit-log    dir_acc=0.531 cum_ret=+0.5645 geo_ret=+0.6121 sharpe=+1.203 (buy&hold=+0.6137) [5.1s]
Epoch 001/50 | [MSE] train_loss=0.000308 val_loss=0.000249 | train_profit=-0.120883 (-12,088 PHP) val_profit=0.386641 (+38,664 PHP) | train_geo=-0.248228 (-24,823 PHP) val_geo=0.427460 (+42,746 PHP)
Epoch 002/50 | [MSE] train_loss=0.000248 val_loss=0.000212 | train_profit=-0.661854 (-66,185 PHP) val_profit=0.386641 (+38,664 PHP) | train_geo=-0.563012 (-56,301 PHP) val_geo=0.427460 (+42,746 PHP)
Epoch 003/50 | [MSE] train_loss=0.000227 val_loss=0.000217 | train_profit=-0.304487 (-30,449 PHP) val_profit=0.386641 (+38,664 PHP) | train_geo=-0.374618 (-37,462 PHP) val_geo=0.427460 (+42,746 PHP)
Epoch 004/50 | [MSE] train_loss=0.000225 val_loss=0.000210 | train_profit=0.026620 (+2,662 PHP) val_profit=0.386641 (+38,664 PHP) | train_geo=-0.128538 (-12,854 PHP) val_geo=0.427460 (+42,746 PHP)
Epoch 005/50 | [MSE] train_loss=0.000220 val_loss=0.000206 | train_profit=0.312010 (+31,201 PHP) val_profit=0.386641 (+38,664 PHP) | train_geo=0.160472 (+16,047 PHP) val_geo=0.427460 (+42,746 PHP)
Epoch 006/50 | [MSE] train_loss=0.000222 val_loss=0.000207 | train_profit=-0.230821 (-23,082 PHP) val_profit=0.386641 (+38,664 PHP) | train_geo=-0.326545 (-32,655 PHP) val_geo=0.427460 (+42,746 PHP)
Epoch 007/50 | [MSE] train_loss=0.000221 val_loss=0.000204 | train_profit=-0.135265 (-13,526 PHP) val_profit=0.386641 (+38,664 PHP) | train_geo=-0.259095 (-25,910 PHP) val_geo=0.427460 (+42,746 PHP)
Epoch 008/50 | [MSE] train_loss=0.000220 val_loss=0.000210 | train_profit=0.043709 (+4,371 PHP) val_profit=0.386641 (+38,664 PHP) | train_geo=-0.113154 (-11,315 PHP) val_geo=0.427460 (+42,746 PHP)
Epoch 009/50 | [MSE] train_loss=0.000220 val_loss=0.000205 | train_profit=-0.175930 (-17,593 PHP) val_profit=0.386641 (+38,664 PHP) | train_geo=-0.288519 (-28,852 PHP) val_geo=0.427460 (+42,746 PHP)
Epoch 010/50 | [MSE] train_loss=0.000219 val_loss=0.000205 | train_profit=-0.321736 (-32,174 PHP) val_profit=0.386641 (+38,664 PHP) | train_geo=-0.385328 (-38,533 PHP) val_geo=0.427460 (+42,746 PHP)
Epoch 011/50 | [MSE] train_loss=0.000218 val_loss=0.000206 | train_profit=0.040194 (+4,019 PHP) val_profit=0.386641 (+38,664 PHP) | train_geo=-0.117341 (-11,734 PHP) val_geo=0.427460 (+42,746 PHP)
Epoch 012/50 | [MSE] train_loss=0.000218 val_loss=0.000204 | train_profit=0.638415 (+63,842 PHP) val_profit=0.386641 (+38,664 PHP) | train_geo=0.609548 (+60,955 PHP) val_geo=0.427460 (+42,746 PHP)
Epoch 013/50 | [MSE] train_loss=0.000217 val_loss=0.000205 | train_profit=0.050115 (+5,012 PHP) val_profit=0.386641 (+38,664 PHP) | train_geo=-0.108039 (-10,804 PHP) val_geo=0.427460 (+42,746 PHP)
Epoch 014/50 | [MSE] train_loss=0.000217 val_loss=0.000206 | train_profit=0.776022 (+77,602 PHP) val_profit=0.386641 (+38,664 PHP) | train_geo=0.846408 (+84,641 PHP) val_geo=0.427460 (+42,746 PHP)
Epoch 015/50 | [MSE] train_loss=0.000217 val_loss=0.000205 | train_profit=0.608393 (+60,839 PHP) val_profit=0.386641 (+38,664 PHP) | train_geo=0.560245 (+56,025 PHP) val_geo=0.427460 (+42,746 PHP)
Epoch 016/50 | [MSE] train_loss=0.000219 val_loss=0.000209 | train_profit=-0.122054 (-12,205 PHP) val_profit=0.386641 (+38,664 PHP) | train_geo=-0.249532 (-24,953 PHP) val_geo=0.427460 (+42,746 PHP)
Epoch 017/50 | [MSE] train_loss=0.000218 val_loss=0.000207 | train_profit=0.629042 (+62,904 PHP) val_profit=0.386641 (+38,664 PHP) | train_geo=0.591745 (+59,175 PHP) val_geo=0.427460 (+42,746 PHP)
Epoch 018/50 | [MSE] train_loss=0.000218 val_loss=0.000207 | train_profit=0.598874 (+59,887 PHP) val_profit=0.386641 (+38,664 PHP) | train_geo=0.545254 (+54,525 PHP) val_geo=0.427460 (+42,746 PHP)
Epoch 019/50 | [MSE] train_loss=0.000219 val_loss=0.000207 | train_profit=0.458850 (+45,885 PHP) val_profit=0.386641 (+38,664 PHP) | train_geo=0.342045 (+34,205 PHP) val_geo=0.427460 (+42,746 PHP)
Epoch 020/50 | [MSE] train_loss=0.000217 val_loss=0.000209 | train_profit=0.617766 (+61,777 PHP) val_profit=0.386641 (+38,664 PHP) | train_geo=0.574794 (+57,479 PHP) val_geo=0.427460 (+42,746 PHP)
Epoch 021/50 | [MSE] train_loss=0.000219 val_loss=0.000208 | train_profit=0.355568 (+35,557 PHP) val_profit=0.386641 (+38,664 PHP) | train_geo=0.211450 (+21,145 PHP) val_geo=0.427460 (+42,746 PHP)
Epoch 022/50 | [MSE] train_loss=0.000218 val_loss=0.000209 | train_profit=0.745137 (+74,514 PHP) val_profit=0.386641 (+38,664 PHP) | train_geo=0.789769 (+78,977 PHP) val_geo=0.427460 (+42,746 PHP)
Epoch 023/50 | [MSE] train_loss=0.000219 val_loss=0.000209 | train_profit=0.446707 (+44,671 PHP) val_profit=0.386641 (+38,664 PHP) | train_geo=0.327209 (+32,721 PHP) val_geo=0.427460 (+42,746 PHP)
Epoch 024/50 | [MSE] train_loss=0.000221 val_loss=0.000209 | train_profit=0.128581 (+12,858 PHP) val_profit=0.386641 (+38,664 PHP) | train_geo=-0.034647 (-3,465 PHP) val_geo=0.427460 (+42,746 PHP)
Epoch 025/50 | [MSE] train_loss=0.000221 val_loss=0.000206 | train_profit=0.168811 (+16,881 PHP) val_profit=0.386641 (+38,664 PHP) | train_geo=0.005000 (+500 PHP) val_geo=0.427460 (+42,746 PHP)
Epoch 026/50 | [MSE] train_loss=0.000222 val_loss=0.000202 | train_profit=0.179938 (+17,994 PHP) val_profit=0.386641 (+38,664 PHP) | train_geo=0.015806 (+1,581 PHP) val_geo=0.427460 (+42,746 PHP)
Epoch 027/50 | [MSE] train_loss=0.000223 val_loss=0.000199 | train_profit=0.262780 (+26,278 PHP) val_profit=0.386641 (+38,664 PHP) | train_geo=0.104010 (+10,401 PHP) val_geo=0.427460 (+42,746 PHP)
Epoch 028/50 | [MSE] train_loss=0.000225 val_loss=0.000196 | train_profit=0.127333 (+12,733 PHP) val_profit=0.386641 (+38,664 PHP) | train_geo=-0.036466 (-3,647 PHP) val_geo=0.427460 (+42,746 PHP)
Epoch 029/50 | [MSE] train_loss=0.000224 val_loss=0.000192 | train_profit=0.504512 (+50,451 PHP) val_profit=0.341448 (+34,145 PHP) | train_geo=0.407361 (+40,736 PHP) val_geo=0.364309 (+36,431 PHP)
Epoch 030/50 | [MSE] train_loss=0.000224 val_loss=0.000191 | train_profit=0.318922 (+31,892 PHP) val_profit=0.374214 (+37,421 PHP) | train_geo=0.168453 (+16,845 PHP) val_geo=0.409918 (+40,992 PHP)
Epoch 031/50 | [MSE] train_loss=0.000222 val_loss=0.000190 | train_profit=-0.025770 (-2,577 PHP) val_profit=0.051083 (+5,108 PHP) | train_geo=-0.173230 (-17,323 PHP) val_geo=0.020679 (+2,068 PHP)
Epoch 032/50 | [MSE] train_loss=0.000221 val_loss=0.000191 | train_profit=0.398389 (+39,839 PHP) val_profit=0.089235 (+8,923 PHP) | train_geo=0.265892 (+26,589 PHP) val_geo=0.060246 (+6,025 PHP)
Epoch 033/50 | [MSE] train_loss=0.000220 val_loss=0.000191 | train_profit=0.107561 (+10,756 PHP) val_profit=0.022791 (+2,279 PHP) | train_geo=-0.054060 (-5,406 PHP) val_geo=-0.007684 (-768 PHP)
Epoch 034/50 | [MSE] train_loss=0.000219 val_loss=0.000191 | train_profit=0.137558 (+13,756 PHP) val_profit=-0.027475 (-2,747 PHP) | train_geo=-0.025542 (-2,554 PHP) val_geo=-0.056464 (-5,646 PHP)
Epoch 035/50 | [MSE] train_loss=0.000219 val_loss=0.000191 | train_profit=-0.050866 (-5,087 PHP) val_profit=-0.055791 (-5,579 PHP) | train_geo=-0.192504 (-19,250 PHP) val_geo=-0.082733 (-8,273 PHP)
Epoch 036/50 | [MSE] train_loss=0.000219 val_loss=0.000191 | train_profit=-0.085387 (-8,539 PHP) val_profit=-0.061593 (-6,159 PHP) | train_geo=-0.219633 (-21,963 PHP) val_geo=-0.088219 (-8,822 PHP)
Epoch 037/50 | [MSE] train_loss=0.000218 val_loss=0.000191 | train_profit=-0.108916 (-10,892 PHP) val_profit=0.103748 (+10,375 PHP) | train_geo=-0.238355 (-23,835 PHP) val_geo=0.076045 (+7,605 PHP)
Epoch 038/50 | [MSE] train_loss=0.000219 val_loss=0.000191 | train_profit=0.025796 (+2,580 PHP) val_profit=-0.071252 (-7,125 PHP) | train_geo=-0.128240 (-12,824 PHP) val_geo=-0.096964 (-9,696 PHP)
Epoch 039/50 | [MSE] train_loss=0.000218 val_loss=0.000191 | train_profit=0.311503 (+31,150 PHP) val_profit=-0.053795 (-5,379 PHP) | train_geo=0.160543 (+16,054 PHP) val_geo=-0.080941 (-8,094 PHP)
Epoch 040/50 | [MSE] train_loss=0.000218 val_loss=0.000191 | train_profit=0.204946 (+20,495 PHP) val_profit=-0.001737 (-174 PHP) | train_geo=0.042656 (+4,266 PHP) val_geo=-0.031816 (-3,182 PHP)
Epoch 041/50 | [MSE] train_loss=0.000218 val_loss=0.000191 | train_profit=0.001253 (+125 PHP) val_profit=-0.117391 (-11,739 PHP) | train_geo=-0.149311 (-14,931 PHP) val_geo=-0.137667 (-13,767 PHP)
Epoch 042/50 | [MSE] train_loss=0.000217 val_loss=0.000191 | train_profit=-0.061592 (-6,159 PHP) val_profit=0.047063 (+4,706 PHP) | train_geo=-0.201351 (-20,135 PHP) val_geo=0.016628 (+1,663 PHP)
Epoch 043/50 | [MSE] train_loss=0.000219 val_loss=0.000191 | train_profit=-0.122684 (-12,268 PHP) val_profit=-0.180904 (-18,090 PHP) | train_geo=-0.248628 (-24,863 PHP) val_geo=-0.190784 (-19,078 PHP)
Epoch 044/50 | [MSE] train_loss=0.000218 val_loss=0.000191 | train_profit=0.359690 (+35,969 PHP) val_profit=0.016780 (+1,678 PHP) | train_geo=0.218403 (+21,840 PHP) val_geo=-0.013707 (-1,371 PHP)
Epoch 045/50 | [MSE] train_loss=0.000217 val_loss=0.000191 | train_profit=0.200676 (+20,068 PHP) val_profit=-0.284745 (-28,474 PHP) | train_geo=0.038613 (+3,861 PHP) val_geo=-0.270841 (-27,084 PHP)
Epoch 046/50 | [MSE] train_loss=0.000217 val_loss=0.000191 | train_profit=0.290099 (+29,010 PHP) val_profit=-0.180841 (-18,084 PHP) | train_geo=0.136073 (+13,607 PHP) val_geo=-0.190742 (-19,074 PHP)
Epoch 047/50 | [MSE] train_loss=0.000217 val_loss=0.000191 | train_profit=0.091302 (+9,130 PHP) val_profit=0.013854 (+1,385 PHP) | train_geo=-0.068949 (-6,895 PHP) val_geo=-0.016587 (-1,659 PHP)
Epoch 048/50 | [MSE] train_loss=0.000217 val_loss=0.000192 | train_profit=-0.247675 (-24,768 PHP) val_profit=-0.028604 (-2,860 PHP) | train_geo=-0.337361 (-33,736 PHP) val_geo=-0.057426 (-5,743 PHP)
Epoch 049/50 | [MSE] train_loss=0.000217 val_loss=0.000192 | train_profit=0.113718 (+11,372 PHP) val_profit=-0.193766 (-19,377 PHP) | train_geo=-0.048206 (-4,821 PHP) val_geo=-0.201248 (-20,125 PHP)
Epoch 050/50 | [MSE] train_loss=0.000216 val_loss=0.000191 | train_profit=0.051477 (+5,148 PHP) val_profit=-0.021864 (-2,186 PHP) | train_geo=-0.105279 (-10,528 PHP) val_geo=-0.051159 (-5,116 PHP)
[5/23] COST       (strong) mse           dir_acc=0.478 cum_ret=-0.2049 geo_ret=-0.2048 sharpe=-0.826 (buy&hold=-0.0766) [4.2s]
Epoch 001/50 | train_loss=-0.000610 val_loss=-0.000724 | train_profit=1.319921 (+131,992 PHP) val_profit=0.386641 (+38,664 PHP) | train_geo=2.177061 (+217,706 PHP) val_geo=0.427460 (+42,746 PHP)
Epoch 002/50 | train_loss=-0.000713 val_loss=-0.000936 | train_profit=1.608542 (+160,854 PHP) val_profit=0.386641 (+38,664 PHP) | train_geo=3.244534 (+324,453 PHP) val_geo=0.427460 (+42,746 PHP)
Epoch 003/50 | train_loss=-0.000841 val_loss=-0.000955 | train_profit=1.489555 (+148,956 PHP) val_profit=0.386641 (+38,664 PHP) | train_geo=2.767278 (+276,728 PHP) val_geo=0.427460 (+42,746 PHP)
Epoch 004/50 | train_loss=-0.000949 val_loss=-0.001054 | train_profit=1.608542 (+160,854 PHP) val_profit=0.386641 (+38,664 PHP) | train_geo=3.244534 (+324,453 PHP) val_geo=0.427460 (+42,746 PHP)
Epoch 005/50 | train_loss=-0.000977 val_loss=-0.001052 | train_profit=1.608542 (+160,854 PHP) val_profit=0.386641 (+38,664 PHP) | train_geo=3.244534 (+324,453 PHP) val_geo=0.427460 (+42,746 PHP)
Epoch 006/50 | train_loss=-0.000972 val_loss=-0.001061 | train_profit=1.608542 (+160,854 PHP) val_profit=0.386641 (+38,664 PHP) | train_geo=3.244534 (+324,453 PHP) val_geo=0.427460 (+42,746 PHP)
Epoch 007/50 | train_loss=-0.000976 val_loss=-0.001060 | train_profit=1.608542 (+160,854 PHP) val_profit=0.386641 (+38,664 PHP) | train_geo=3.244534 (+324,453 PHP) val_geo=0.427460 (+42,746 PHP)
Epoch 008/50 | train_loss=-0.000970 val_loss=-0.001057 | train_profit=1.608542 (+160,854 PHP) val_profit=0.386641 (+38,664 PHP) | train_geo=3.244534 (+324,453 PHP) val_geo=0.427460 (+42,746 PHP)
Epoch 009/50 | train_loss=-0.000954 val_loss=-0.001057 | train_profit=1.608542 (+160,854 PHP) val_profit=0.386641 (+38,664 PHP) | train_geo=3.244534 (+324,453 PHP) val_geo=0.427460 (+42,746 PHP)
Epoch 010/50 | train_loss=-0.000929 val_loss=-0.001041 | train_profit=1.608542 (+160,854 PHP) val_profit=0.386641 (+38,664 PHP) | train_geo=3.244534 (+324,453 PHP) val_geo=0.427460 (+42,746 PHP)
Epoch 011/50 | train_loss=-0.000968 val_loss=-0.001053 | train_profit=1.608542 (+160,854 PHP) val_profit=0.386641 (+38,664 PHP) | train_geo=3.244534 (+324,453 PHP) val_geo=0.427460 (+42,746 PHP)
Epoch 012/50 | train_loss=-0.000956 val_loss=-0.001045 | train_profit=1.608542 (+160,854 PHP) val_profit=0.386641 (+38,664 PHP) | train_geo=3.244534 (+324,453 PHP) val_geo=0.427460 (+42,746 PHP)
Epoch 013/50 | train_loss=-0.000954 val_loss=-0.001047 | train_profit=1.608542 (+160,854 PHP) val_profit=0.386641 (+38,664 PHP) | train_geo=3.244534 (+324,453 PHP) val_geo=0.427460 (+42,746 PHP)
Epoch 014/50 | train_loss=-0.000967 val_loss=-0.001046 | train_profit=1.608542 (+160,854 PHP) val_profit=0.386641 (+38,664 PHP) | train_geo=3.244534 (+324,453 PHP) val_geo=0.427460 (+42,746 PHP)
Epoch 015/50 | train_loss=-0.000960 val_loss=-0.001036 | train_profit=1.608542 (+160,854 PHP) val_profit=0.386641 (+38,664 PHP) | train_geo=3.244534 (+324,453 PHP) val_geo=0.427460 (+42,746 PHP)
Epoch 016/50 | train_loss=-0.000979 val_loss=-0.001049 | train_profit=1.608542 (+160,854 PHP) val_profit=0.386641 (+38,664 PHP) | train_geo=3.244534 (+324,453 PHP) val_geo=0.427460 (+42,746 PHP)
Epoch 017/50 | train_loss=-0.000979 val_loss=-0.001050 | train_profit=1.608542 (+160,854 PHP) val_profit=0.386641 (+38,664 PHP) | train_geo=3.244534 (+324,453 PHP) val_geo=0.427460 (+42,746 PHP)
Epoch 018/50 | train_loss=-0.000968 val_loss=-0.001040 | train_profit=1.608542 (+160,854 PHP) val_profit=0.386641 (+38,664 PHP) | train_geo=3.244534 (+324,453 PHP) val_geo=0.427460 (+42,746 PHP)
Epoch 019/50 | train_loss=-0.000971 val_loss=-0.001037 | train_profit=1.608542 (+160,854 PHP) val_profit=0.386641 (+38,664 PHP) | train_geo=3.244534 (+324,453 PHP) val_geo=0.427460 (+42,746 PHP)
Epoch 020/50 | train_loss=-0.000979 val_loss=-0.001037 | train_profit=1.608542 (+160,854 PHP) val_profit=0.386641 (+38,664 PHP) | train_geo=3.244534 (+324,453 PHP) val_geo=0.427460 (+42,746 PHP)
Epoch 021/50 | train_loss=-0.000978 val_loss=-0.001039 | train_profit=1.608542 (+160,854 PHP) val_profit=0.386641 (+38,664 PHP) | train_geo=3.244534 (+324,453 PHP) val_geo=0.427460 (+42,746 PHP)
Epoch 022/50 | train_loss=-0.000981 val_loss=-0.001034 | train_profit=1.608542 (+160,854 PHP) val_profit=0.386641 (+38,664 PHP) | train_geo=3.244534 (+324,453 PHP) val_geo=0.427460 (+42,746 PHP)
Epoch 023/50 | train_loss=-0.000977 val_loss=-0.001023 | train_profit=1.608542 (+160,854 PHP) val_profit=0.386641 (+38,664 PHP) | train_geo=3.244534 (+324,453 PHP) val_geo=0.427460 (+42,746 PHP)
Epoch 024/50 | train_loss=-0.000971 val_loss=-0.001021 | train_profit=1.608542 (+160,854 PHP) val_profit=0.386641 (+38,664 PHP) | train_geo=3.244534 (+324,453 PHP) val_geo=0.427460 (+42,746 PHP)
Epoch 025/50 | train_loss=-0.000980 val_loss=-0.001021 | train_profit=1.608542 (+160,854 PHP) val_profit=0.386641 (+38,664 PHP) | train_geo=3.244534 (+324,453 PHP) val_geo=0.427460 (+42,746 PHP)
Epoch 026/50 | train_loss=-0.000979 val_loss=-0.001021 | train_profit=1.608542 (+160,854 PHP) val_profit=0.386641 (+38,664 PHP) | train_geo=3.244534 (+324,453 PHP) val_geo=0.427460 (+42,746 PHP)
Epoch 027/50 | train_loss=-0.000980 val_loss=-0.001035 | train_profit=1.608542 (+160,854 PHP) val_profit=0.386641 (+38,664 PHP) | train_geo=3.244534 (+324,453 PHP) val_geo=0.427460 (+42,746 PHP)
Epoch 028/50 | train_loss=-0.000986 val_loss=-0.001028 | train_profit=1.608542 (+160,854 PHP) val_profit=0.386641 (+38,664 PHP) | train_geo=3.244534 (+324,453 PHP) val_geo=0.427460 (+42,746 PHP)
Epoch 029/50 | train_loss=-0.000985 val_loss=-0.001017 | train_profit=1.608542 (+160,854 PHP) val_profit=0.386641 (+38,664 PHP) | train_geo=3.244534 (+324,453 PHP) val_geo=0.427460 (+42,746 PHP)
Epoch 030/50 | train_loss=-0.000982 val_loss=-0.000991 | train_profit=1.608542 (+160,854 PHP) val_profit=0.386641 (+38,664 PHP) | train_geo=3.244534 (+324,453 PHP) val_geo=0.427460 (+42,746 PHP)
Epoch 031/50 | train_loss=-0.000962 val_loss=-0.000867 | train_profit=1.566604 (+156,660 PHP) val_profit=0.423952 (+42,395 PHP) | train_geo=3.070203 (+307,020 PHP) val_geo=0.481926 (+48,193 PHP)
Epoch 032/50 | train_loss=-0.000953 val_loss=-0.000463 | train_profit=1.583207 (+158,321 PHP) val_profit=0.178403 (+17,840 PHP) | train_geo=3.138365 (+313,836 PHP) val_geo=0.159055 (+15,906 PHP)
Epoch 033/50 | train_loss=-0.000942 val_loss=-0.000938 | train_profit=1.595063 (+159,506 PHP) val_profit=0.400994 (+40,099 PHP) | train_geo=3.187983 (+318,798 PHP) val_geo=0.448217 (+44,822 PHP)
Epoch 034/50 | train_loss=-0.001037 val_loss=-0.000874 | train_profit=1.847601 (+184,760 PHP) val_profit=0.346285 (+34,628 PHP) | train_geo=4.393222 (+439,322 PHP) val_geo=0.371037 (+37,104 PHP)
Epoch 035/50 | train_loss=-0.001019 val_loss=-0.000952 | train_profit=1.701895 (+170,189 PHP) val_profit=0.344806 (+34,481 PHP) | train_geo=3.660605 (+366,060 PHP) val_geo=0.368946 (+36,895 PHP)
Epoch 036/50 | train_loss=-0.001074 val_loss=-0.000915 | train_profit=1.776030 (+177,603 PHP) val_profit=0.336677 (+33,668 PHP) | train_geo=4.019693 (+401,969 PHP) val_geo=0.357943 (+35,794 PHP)
Epoch 037/50 | train_loss=-0.001069 val_loss=-0.000780 | train_profit=1.753443 (+175,344 PHP) val_profit=0.358143 (+35,814 PHP) | train_geo=3.906589 (+390,659 PHP) val_geo=0.387528 (+38,753 PHP)
Epoch 038/50 | train_loss=-0.001044 val_loss=-0.000873 | train_profit=1.764098 (+176,410 PHP) val_profit=0.346285 (+34,628 PHP) | train_geo=3.959534 (+395,953 PHP) val_geo=0.371037 (+37,104 PHP)
Epoch 039/50 | train_loss=-0.001032 val_loss=-0.001018 | train_profit=1.768769 (+176,877 PHP) val_profit=0.390000 (+39,000 PHP) | train_geo=3.982807 (+398,281 PHP) val_geo=0.432311 (+43,231 PHP)
Epoch 040/50 | train_loss=-0.001119 val_loss=-0.000950 | train_profit=1.827254 (+182,725 PHP) val_profit=0.381870 (+38,187 PHP) | train_geo=4.283520 (+428,352 PHP) val_geo=0.420799 (+42,080 PHP)
Epoch 041/50 | train_loss=-0.001146 val_loss=-0.000993 | train_profit=1.898840 (+189,884 PHP) val_profit=0.390000 (+39,000 PHP) | train_geo=4.675651 (+467,565 PHP) val_geo=0.432311 (+43,231 PHP)
Epoch 042/50 | train_loss=-0.001080 val_loss=-0.001007 | train_profit=1.799982 (+179,998 PHP) val_profit=0.390000 (+39,000 PHP) | train_geo=4.141710 (+414,171 PHP) val_geo=0.432311 (+43,231 PHP)
Epoch 043/50 | train_loss=-0.001108 val_loss=-0.000713 | train_profit=1.833582 (+183,358 PHP) val_profit=0.330186 (+33,019 PHP) | train_geo=4.317234 (+431,723 PHP) val_geo=0.349198 (+34,920 PHP)
Epoch 044/50 | train_loss=-0.001202 val_loss=-0.000972 | train_profit=1.919977 (+191,998 PHP) val_profit=0.358520 (+35,852 PHP) | train_geo=4.796095 (+479,610 PHP) val_geo=0.387894 (+38,789 PHP)
Epoch 045/50 | train_loss=-0.001147 val_loss=-0.000931 | train_profit=1.859117 (+185,912 PHP) val_profit=0.369515 (+36,951 PHP) | train_geo=4.454959 (+445,496 PHP) val_geo=0.403305 (+40,331 PHP)
Epoch 046/50 | train_loss=-0.001084 val_loss=-0.000882 | train_profit=1.762766 (+176,277 PHP) val_profit=0.349450 (+34,945 PHP) | train_geo=3.953220 (+395,322 PHP) val_geo=0.375419 (+37,542 PHP)
Epoch 047/50 | train_loss=-0.001023 val_loss=-0.000792 | train_profit=1.727774 (+172,777 PHP) val_profit=0.352120 (+35,212 PHP) | train_geo=3.783015 (+378,301 PHP) val_geo=0.379108 (+37,911 PHP)
Epoch 048/50 | train_loss=-0.001156 val_loss=-0.000928 | train_profit=1.855606 (+185,561 PHP) val_profit=0.332649 (+33,265 PHP) | train_geo=4.435544 (+443,554 PHP) val_geo=0.352390 (+35,239 PHP)
Epoch 049/50 | train_loss=-0.001152 val_loss=-0.000469 | train_profit=1.841063 (+184,106 PHP) val_profit=0.204633 (+20,463 PHP) | train_geo=4.356816 (+435,682 PHP) val_geo=0.189939 (+18,994 PHP)
Epoch 050/50 | train_loss=-0.001198 val_loss=-0.000561 | train_profit=1.992862 (+199,286 PHP) val_profit=0.249411 (+24,941 PHP) | train_geo=5.233065 (+523,306 PHP) val_geo=0.244447 (+24,445 PHP)
[5/23] COST       (strong) profit-aware  dir_acc=0.475 cum_ret=-0.0059 geo_ret=-0.0295 sharpe=-0.024 (buy&hold=-0.0766) [4.4s]
Epoch 001/50 | [PROFIT-LOG] train_loss=-0.001013 val_loss=-0.001112 | train_profit=1.600624 (+160,062 PHP) val_profit=0.386641 (+38,664 PHP) | train_geo=3.211055 (+321,106 PHP) val_geo=0.427460 (+42,746 PHP)
Epoch 002/50 | [PROFIT-LOG] train_loss=-0.001033 val_loss=-0.001112 | train_profit=1.608542 (+160,854 PHP) val_profit=0.386641 (+38,664 PHP) | train_geo=3.244534 (+324,453 PHP) val_geo=0.427460 (+42,746 PHP)
Epoch 003/50 | [PROFIT-LOG] train_loss=-0.001033 val_loss=-0.001112 | train_profit=1.608542 (+160,854 PHP) val_profit=0.386641 (+38,664 PHP) | train_geo=3.244534 (+324,453 PHP) val_geo=0.427460 (+42,746 PHP)
Epoch 004/50 | [PROFIT-LOG] train_loss=-0.001033 val_loss=-0.001112 | train_profit=1.608542 (+160,854 PHP) val_profit=0.386641 (+38,664 PHP) | train_geo=3.244534 (+324,453 PHP) val_geo=0.427460 (+42,746 PHP)
Epoch 005/50 | [PROFIT-LOG] train_loss=-0.001033 val_loss=-0.001112 | train_profit=1.608542 (+160,854 PHP) val_profit=0.386641 (+38,664 PHP) | train_geo=3.244534 (+324,453 PHP) val_geo=0.427460 (+42,746 PHP)
Epoch 006/50 | [PROFIT-LOG] train_loss=-0.001033 val_loss=-0.001112 | train_profit=1.608542 (+160,854 PHP) val_profit=0.386641 (+38,664 PHP) | train_geo=3.244534 (+324,453 PHP) val_geo=0.427460 (+42,746 PHP)
Epoch 007/50 | [PROFIT-LOG] train_loss=-0.001033 val_loss=-0.001112 | train_profit=1.608542 (+160,854 PHP) val_profit=0.386641 (+38,664 PHP) | train_geo=3.244534 (+324,453 PHP) val_geo=0.427460 (+42,746 PHP)
Epoch 008/50 | [PROFIT-LOG] train_loss=-0.001033 val_loss=-0.001112 | train_profit=1.608542 (+160,854 PHP) val_profit=0.386641 (+38,664 PHP) | train_geo=3.244534 (+324,453 PHP) val_geo=0.427460 (+42,746 PHP)
Epoch 009/50 | [PROFIT-LOG] train_loss=-0.001033 val_loss=-0.001112 | train_profit=1.608542 (+160,854 PHP) val_profit=0.386641 (+38,664 PHP) | train_geo=3.244534 (+324,453 PHP) val_geo=0.427460 (+42,746 PHP)
Epoch 010/50 | [PROFIT-LOG] train_loss=-0.001033 val_loss=-0.001112 | train_profit=1.608542 (+160,854 PHP) val_profit=0.386641 (+38,664 PHP) | train_geo=3.244534 (+324,453 PHP) val_geo=0.427460 (+42,746 PHP)
Epoch 011/50 | [PROFIT-LOG] train_loss=-0.001033 val_loss=-0.001112 | train_profit=1.608542 (+160,854 PHP) val_profit=0.386641 (+38,664 PHP) | train_geo=3.244534 (+324,453 PHP) val_geo=0.427460 (+42,746 PHP)
Epoch 012/50 | [PROFIT-LOG] train_loss=-0.001033 val_loss=-0.001112 | train_profit=1.608542 (+160,854 PHP) val_profit=0.386641 (+38,664 PHP) | train_geo=3.244534 (+324,453 PHP) val_geo=0.427460 (+42,746 PHP)
Epoch 013/50 | [PROFIT-LOG] train_loss=-0.001033 val_loss=-0.001112 | train_profit=1.608542 (+160,854 PHP) val_profit=0.386641 (+38,664 PHP) | train_geo=3.244534 (+324,453 PHP) val_geo=0.427460 (+42,746 PHP)
Epoch 014/50 | [PROFIT-LOG] train_loss=-0.001033 val_loss=-0.001112 | train_profit=1.608542 (+160,854 PHP) val_profit=0.386641 (+38,664 PHP) | train_geo=3.244534 (+324,453 PHP) val_geo=0.427460 (+42,746 PHP)
Epoch 015/50 | [PROFIT-LOG] train_loss=-0.001033 val_loss=-0.001112 | train_profit=1.608542 (+160,854 PHP) val_profit=0.386641 (+38,664 PHP) | train_geo=3.244534 (+324,453 PHP) val_geo=0.427460 (+42,746 PHP)
Epoch 016/50 | [PROFIT-LOG] train_loss=-0.001033 val_loss=-0.001112 | train_profit=1.608542 (+160,854 PHP) val_profit=0.386641 (+38,664 PHP) | train_geo=3.244534 (+324,453 PHP) val_geo=0.427460 (+42,746 PHP)
Epoch 017/50 | [PROFIT-LOG] train_loss=-0.001033 val_loss=-0.001112 | train_profit=1.608542 (+160,854 PHP) val_profit=0.386641 (+38,664 PHP) | train_geo=3.244534 (+324,453 PHP) val_geo=0.427460 (+42,746 PHP)
Epoch 018/50 | [PROFIT-LOG] train_loss=-0.001033 val_loss=-0.001112 | train_profit=1.608542 (+160,854 PHP) val_profit=0.386641 (+38,664 PHP) | train_geo=3.244534 (+324,453 PHP) val_geo=0.427460 (+42,746 PHP)
Epoch 019/50 | [PROFIT-LOG] train_loss=-0.001033 val_loss=-0.001112 | train_profit=1.608542 (+160,854 PHP) val_profit=0.386641 (+38,664 PHP) | train_geo=3.244534 (+324,453 PHP) val_geo=0.427460 (+42,746 PHP)
Epoch 020/50 | [PROFIT-LOG] train_loss=-0.001033 val_loss=-0.001112 | train_profit=1.608542 (+160,854 PHP) val_profit=0.386641 (+38,664 PHP) | train_geo=3.244534 (+324,453 PHP) val_geo=0.427460 (+42,746 PHP)
Epoch 021/50 | [PROFIT-LOG] train_loss=-0.001033 val_loss=-0.001112 | train_profit=1.608542 (+160,854 PHP) val_profit=0.386641 (+38,664 PHP) | train_geo=3.244534 (+324,453 PHP) val_geo=0.427460 (+42,746 PHP)
Epoch 022/50 | [PROFIT-LOG] train_loss=-0.001033 val_loss=-0.001112 | train_profit=1.608542 (+160,854 PHP) val_profit=0.386641 (+38,664 PHP) | train_geo=3.244534 (+324,453 PHP) val_geo=0.427460 (+42,746 PHP)
Epoch 023/50 | [PROFIT-LOG] train_loss=-0.001033 val_loss=-0.001112 | train_profit=1.608542 (+160,854 PHP) val_profit=0.386641 (+38,664 PHP) | train_geo=3.244534 (+324,453 PHP) val_geo=0.427460 (+42,746 PHP)
Epoch 024/50 | [PROFIT-LOG] train_loss=-0.001033 val_loss=-0.001112 | train_profit=1.608542 (+160,854 PHP) val_profit=0.386641 (+38,664 PHP) | train_geo=3.244534 (+324,453 PHP) val_geo=0.427460 (+42,746 PHP)
Epoch 025/50 | [PROFIT-LOG] train_loss=-0.001033 val_loss=-0.001112 | train_profit=1.608542 (+160,854 PHP) val_profit=0.386641 (+38,664 PHP) | train_geo=3.244534 (+324,453 PHP) val_geo=0.427460 (+42,746 PHP)
Epoch 026/50 | [PROFIT-LOG] train_loss=-0.001033 val_loss=-0.001112 | train_profit=1.608542 (+160,854 PHP) val_profit=0.386641 (+38,664 PHP) | train_geo=3.244534 (+324,453 PHP) val_geo=0.427460 (+42,746 PHP)
Epoch 027/50 | [PROFIT-LOG] train_loss=-0.001033 val_loss=-0.001112 | train_profit=1.608542 (+160,854 PHP) val_profit=0.386641 (+38,664 PHP) | train_geo=3.244534 (+324,453 PHP) val_geo=0.427460 (+42,746 PHP)
Epoch 028/50 | [PROFIT-LOG] train_loss=-0.001033 val_loss=-0.001112 | train_profit=1.608542 (+160,854 PHP) val_profit=0.386641 (+38,664 PHP) | train_geo=3.244534 (+324,453 PHP) val_geo=0.427460 (+42,746 PHP)
Epoch 029/50 | [PROFIT-LOG] train_loss=-0.001033 val_loss=-0.001112 | train_profit=1.608542 (+160,854 PHP) val_profit=0.386641 (+38,664 PHP) | train_geo=3.244534 (+324,453 PHP) val_geo=0.427460 (+42,746 PHP)
Epoch 030/50 | [PROFIT-LOG] train_loss=-0.001033 val_loss=-0.001112 | train_profit=1.608542 (+160,854 PHP) val_profit=0.386641 (+38,664 PHP) | train_geo=3.244534 (+324,453 PHP) val_geo=0.427460 (+42,746 PHP)
Epoch 031/50 | [PROFIT-LOG] train_loss=-0.001033 val_loss=-0.001112 | train_profit=1.608542 (+160,854 PHP) val_profit=0.386641 (+38,664 PHP) | train_geo=3.244534 (+324,453 PHP) val_geo=0.427460 (+42,746 PHP)
Epoch 032/50 | [PROFIT-LOG] train_loss=-0.001033 val_loss=-0.001112 | train_profit=1.608542 (+160,854 PHP) val_profit=0.386641 (+38,664 PHP) | train_geo=3.244534 (+324,453 PHP) val_geo=0.427460 (+42,746 PHP)
Epoch 033/50 | [PROFIT-LOG] train_loss=-0.001033 val_loss=-0.001112 | train_profit=1.608542 (+160,854 PHP) val_profit=0.386641 (+38,664 PHP) | train_geo=3.244534 (+324,453 PHP) val_geo=0.427460 (+42,746 PHP)
Epoch 034/50 | [PROFIT-LOG] train_loss=-0.001033 val_loss=-0.001112 | train_profit=1.608542 (+160,854 PHP) val_profit=0.386641 (+38,664 PHP) | train_geo=3.244534 (+324,453 PHP) val_geo=0.427460 (+42,746 PHP)
Epoch 035/50 | [PROFIT-LOG] train_loss=-0.001033 val_loss=-0.001112 | train_profit=1.608542 (+160,854 PHP) val_profit=0.386641 (+38,664 PHP) | train_geo=3.244534 (+324,453 PHP) val_geo=0.427460 (+42,746 PHP)
Epoch 036/50 | [PROFIT-LOG] train_loss=-0.001033 val_loss=-0.001112 | train_profit=1.608542 (+160,854 PHP) val_profit=0.386641 (+38,664 PHP) | train_geo=3.244534 (+324,453 PHP) val_geo=0.427460 (+42,746 PHP)
Epoch 037/50 | [PROFIT-LOG] train_loss=-0.001033 val_loss=-0.001112 | train_profit=1.608542 (+160,854 PHP) val_profit=0.386641 (+38,664 PHP) | train_geo=3.244534 (+324,453 PHP) val_geo=0.427460 (+42,746 PHP)
Epoch 038/50 | [PROFIT-LOG] train_loss=-0.001033 val_loss=-0.001112 | train_profit=1.608542 (+160,854 PHP) val_profit=0.386641 (+38,664 PHP) | train_geo=3.244534 (+324,453 PHP) val_geo=0.427460 (+42,746 PHP)
Epoch 039/50 | [PROFIT-LOG] train_loss=-0.001033 val_loss=-0.001112 | train_profit=1.608542 (+160,854 PHP) val_profit=0.386641 (+38,664 PHP) | train_geo=3.244534 (+324,453 PHP) val_geo=0.427460 (+42,746 PHP)
Epoch 040/50 | [PROFIT-LOG] train_loss=-0.001033 val_loss=-0.001112 | train_profit=1.608542 (+160,854 PHP) val_profit=0.386641 (+38,664 PHP) | train_geo=3.244534 (+324,453 PHP) val_geo=0.427460 (+42,746 PHP)
Epoch 041/50 | [PROFIT-LOG] train_loss=-0.001033 val_loss=-0.001112 | train_profit=1.608542 (+160,854 PHP) val_profit=0.386641 (+38,664 PHP) | train_geo=3.244534 (+324,453 PHP) val_geo=0.427460 (+42,746 PHP)
Epoch 042/50 | [PROFIT-LOG] train_loss=-0.001033 val_loss=-0.001112 | train_profit=1.608542 (+160,854 PHP) val_profit=0.386641 (+38,664 PHP) | train_geo=3.244534 (+324,453 PHP) val_geo=0.427460 (+42,746 PHP)
Epoch 043/50 | [PROFIT-LOG] train_loss=-0.001033 val_loss=-0.001112 | train_profit=1.608542 (+160,854 PHP) val_profit=0.386641 (+38,664 PHP) | train_geo=3.244534 (+324,453 PHP) val_geo=0.427460 (+42,746 PHP)
Epoch 044/50 | [PROFIT-LOG] train_loss=-0.001033 val_loss=-0.001112 | train_profit=1.608542 (+160,854 PHP) val_profit=0.386641 (+38,664 PHP) | train_geo=3.244534 (+324,453 PHP) val_geo=0.427460 (+42,746 PHP)
Epoch 045/50 | [PROFIT-LOG] train_loss=-0.001033 val_loss=-0.001112 | train_profit=1.608542 (+160,854 PHP) val_profit=0.386641 (+38,664 PHP) | train_geo=3.244534 (+324,453 PHP) val_geo=0.427460 (+42,746 PHP)
Epoch 046/50 | [PROFIT-LOG] train_loss=-0.001033 val_loss=-0.001112 | train_profit=1.608542 (+160,854 PHP) val_profit=0.386641 (+38,664 PHP) | train_geo=3.244534 (+324,453 PHP) val_geo=0.427460 (+42,746 PHP)
Epoch 047/50 | [PROFIT-LOG] train_loss=-0.001033 val_loss=-0.001112 | train_profit=1.608542 (+160,854 PHP) val_profit=0.386641 (+38,664 PHP) | train_geo=3.244534 (+324,453 PHP) val_geo=0.427460 (+42,746 PHP)
Epoch 048/50 | [PROFIT-LOG] train_loss=-0.001033 val_loss=-0.001112 | train_profit=1.608542 (+160,854 PHP) val_profit=0.386641 (+38,664 PHP) | train_geo=3.244534 (+324,453 PHP) val_geo=0.427460 (+42,746 PHP)
Epoch 049/50 | [PROFIT-LOG] train_loss=-0.001033 val_loss=-0.001112 | train_profit=1.608542 (+160,854 PHP) val_profit=0.386641 (+38,664 PHP) | train_geo=3.244534 (+324,453 PHP) val_geo=0.427460 (+42,746 PHP)
Epoch 050/50 | [PROFIT-LOG] train_loss=-0.001033 val_loss=-0.001112 | train_profit=1.608542 (+160,854 PHP) val_profit=0.386641 (+38,664 PHP) | train_geo=3.244534 (+324,453 PHP) val_geo=0.427460 (+42,746 PHP)
[5/23] COST       (strong) profit-log    dir_acc=0.466 cum_ret=-0.0566 geo_ret=-0.0775 sharpe=-0.229 (buy&hold=-0.0766) [4.3s]
Epoch 001/50 | [MSE] train_loss=0.000815 val_loss=0.001490 | train_profit=-1.867955 (-186,795 PHP) val_profit=0.842830 (+84,283 PHP) | train_geo=-0.896136 (-89,614 PHP) val_geo=0.870408 (+87,041 PHP)
Epoch 002/50 | [MSE] train_loss=0.000637 val_loss=0.001439 | train_profit=-0.342697 (-34,270 PHP) val_profit=0.842830 (+84,283 PHP) | train_geo=-0.524948 (-52,495 PHP) val_geo=0.870408 (+87,041 PHP)
Epoch 003/50 | [MSE] train_loss=0.000576 val_loss=0.001419 | train_profit=-0.186808 (-18,681 PHP) val_profit=0.842830 (+84,283 PHP) | train_geo=-0.441811 (-44,181 PHP) val_geo=0.870408 (+87,041 PHP)
Epoch 004/50 | [MSE] train_loss=0.000562 val_loss=0.001405 | train_profit=1.232802 (+123,280 PHP) val_profit=0.842830 (+84,283 PHP) | train_geo=1.309956 (+130,996 PHP) val_geo=0.870408 (+87,041 PHP)
Epoch 005/50 | [MSE] train_loss=0.000545 val_loss=0.001390 | train_profit=2.190718 (+219,072 PHP) val_profit=0.821659 (+82,166 PHP) | train_geo=5.073008 (+507,301 PHP) val_geo=0.831445 (+83,144 PHP)
Epoch 006/50 | [MSE] train_loss=0.000549 val_loss=0.001398 | train_profit=-0.133546 (-13,355 PHP) val_profit=0.842830 (+84,283 PHP) | train_geo=-0.413744 (-41,374 PHP) val_geo=0.870408 (+87,041 PHP)
Epoch 007/50 | [MSE] train_loss=0.000548 val_loss=0.001411 | train_profit=-0.314420 (-31,442 PHP) val_profit=0.842830 (+84,283 PHP) | train_geo=-0.507937 (-50,794 PHP) val_geo=0.870408 (+87,041 PHP)
Epoch 008/50 | [MSE] train_loss=0.000544 val_loss=0.001406 | train_profit=0.763552 (+76,355 PHP) val_profit=0.842830 (+84,283 PHP) | train_geo=0.448150 (+44,815 PHP) val_geo=0.870408 (+87,041 PHP)
Epoch 009/50 | [MSE] train_loss=0.000541 val_loss=0.001413 | train_profit=0.749871 (+74,987 PHP) val_profit=0.842830 (+84,283 PHP) | train_geo=0.425905 (+42,591 PHP) val_geo=0.870408 (+87,041 PHP)
Epoch 010/50 | [MSE] train_loss=0.000549 val_loss=0.001411 | train_profit=-0.049472 (-4,947 PHP) val_profit=0.842830 (+84,283 PHP) | train_geo=-0.361891 (-36,189 PHP) val_geo=0.870408 (+87,041 PHP)
Epoch 011/50 | [MSE] train_loss=0.000543 val_loss=0.001420 | train_profit=0.373309 (+37,331 PHP) val_profit=0.842830 (+84,283 PHP) | train_geo=-0.024516 (-2,452 PHP) val_geo=0.870408 (+87,041 PHP)
Epoch 012/50 | [MSE] train_loss=0.000552 val_loss=0.001422 | train_profit=0.966988 (+96,699 PHP) val_profit=0.842830 (+84,283 PHP) | train_geo=0.765922 (+76,592 PHP) val_geo=0.870408 (+87,041 PHP)
Epoch 013/50 | [MSE] train_loss=0.000546 val_loss=0.001432 | train_profit=0.213877 (+21,388 PHP) val_profit=0.842830 (+84,283 PHP) | train_geo=-0.171047 (-17,105 PHP) val_geo=0.870408 (+87,041 PHP)
Epoch 014/50 | [MSE] train_loss=0.000550 val_loss=0.001447 | train_profit=0.267910 (+26,791 PHP) val_profit=0.842830 (+84,283 PHP) | train_geo=-0.123507 (-12,351 PHP) val_geo=0.870408 (+87,041 PHP)
Epoch 015/50 | [MSE] train_loss=0.000561 val_loss=0.001442 | train_profit=0.264355 (+26,436 PHP) val_profit=0.842830 (+84,283 PHP) | train_geo=-0.123579 (-12,358 PHP) val_geo=0.870408 (+87,041 PHP)
Epoch 016/50 | [MSE] train_loss=0.000556 val_loss=0.001440 | train_profit=0.146146 (+14,615 PHP) val_profit=0.842830 (+84,283 PHP) | train_geo=-0.218587 (-21,859 PHP) val_geo=0.870408 (+87,041 PHP)
Epoch 017/50 | [MSE] train_loss=0.000563 val_loss=0.001426 | train_profit=-0.709511 (-70,951 PHP) val_profit=0.842830 (+84,283 PHP) | train_geo=-0.671080 (-67,108 PHP) val_geo=0.870408 (+87,041 PHP)
Epoch 018/50 | [MSE] train_loss=0.000561 val_loss=0.001403 | train_profit=-1.052221 (-105,222 PHP) val_profit=0.842830 (+84,283 PHP) | train_geo=-0.765882 (-76,588 PHP) val_geo=0.870408 (+87,041 PHP)
Epoch 019/50 | [MSE] train_loss=0.000553 val_loss=0.001395 | train_profit=-0.673862 (-67,386 PHP) val_profit=0.842830 (+84,283 PHP) | train_geo=-0.658178 (-65,818 PHP) val_geo=0.870408 (+87,041 PHP)
Epoch 020/50 | [MSE] train_loss=0.000550 val_loss=0.001396 | train_profit=0.002685 (+268 PHP) val_profit=0.842830 (+84,283 PHP) | train_geo=-0.324326 (-32,433 PHP) val_geo=0.870408 (+87,041 PHP)
Epoch 021/50 | [MSE] train_loss=0.000550 val_loss=0.001389 | train_profit=-0.439564 (-43,956 PHP) val_profit=0.842830 (+84,283 PHP) | train_geo=-0.564898 (-56,490 PHP) val_geo=0.870408 (+87,041 PHP)
Epoch 022/50 | [MSE] train_loss=0.000546 val_loss=0.001388 | train_profit=-0.686586 (-68,659 PHP) val_profit=0.842830 (+84,283 PHP) | train_geo=-0.661325 (-66,133 PHP) val_geo=0.870408 (+87,041 PHP)
Epoch 023/50 | [MSE] train_loss=0.000547 val_loss=0.001390 | train_profit=-0.067543 (-6,754 PHP) val_profit=0.842830 (+84,283 PHP) | train_geo=-0.371144 (-37,114 PHP) val_geo=0.870408 (+87,041 PHP)
Epoch 024/50 | [MSE] train_loss=0.000545 val_loss=0.001389 | train_profit=-0.946959 (-94,696 PHP) val_profit=0.842830 (+84,283 PHP) | train_geo=-0.740548 (-74,055 PHP) val_geo=0.870408 (+87,041 PHP)
Epoch 025/50 | [MSE] train_loss=0.000545 val_loss=0.001387 | train_profit=-0.125619 (-12,562 PHP) val_profit=0.842830 (+84,283 PHP) | train_geo=-0.405709 (-40,571 PHP) val_geo=0.870408 (+87,041 PHP)
Epoch 026/50 | [MSE] train_loss=0.000543 val_loss=0.001387 | train_profit=0.024902 (+2,490 PHP) val_profit=0.842830 (+84,283 PHP) | train_geo=-0.309527 (-30,953 PHP) val_geo=0.870408 (+87,041 PHP)
Epoch 027/50 | [MSE] train_loss=0.000542 val_loss=0.001387 | train_profit=0.115605 (+11,560 PHP) val_profit=0.842830 (+84,283 PHP) | train_geo=-0.245888 (-24,589 PHP) val_geo=0.870408 (+87,041 PHP)
Epoch 028/50 | [MSE] train_loss=0.000545 val_loss=0.001388 | train_profit=-1.268260 (-126,826 PHP) val_profit=0.842830 (+84,283 PHP) | train_geo=-0.811861 (-81,186 PHP) val_geo=0.870408 (+87,041 PHP)
Epoch 029/50 | [MSE] train_loss=0.000543 val_loss=0.001386 | train_profit=-0.780545 (-78,055 PHP) val_profit=0.842830 (+84,283 PHP) | train_geo=-0.692956 (-69,296 PHP) val_geo=0.870408 (+87,041 PHP)
Epoch 030/50 | [MSE] train_loss=0.000541 val_loss=0.001386 | train_profit=-1.062322 (-106,232 PHP) val_profit=0.842830 (+84,283 PHP) | train_geo=-0.768756 (-76,876 PHP) val_geo=0.870408 (+87,041 PHP)
Epoch 031/50 | [MSE] train_loss=0.000539 val_loss=0.001387 | train_profit=-0.693773 (-69,377 PHP) val_profit=0.842830 (+84,283 PHP) | train_geo=-0.664675 (-66,468 PHP) val_geo=0.870408 (+87,041 PHP)
Epoch 032/50 | [MSE] train_loss=0.000541 val_loss=0.001385 | train_profit=-0.648823 (-64,882 PHP) val_profit=0.842830 (+84,283 PHP) | train_geo=-0.650140 (-65,014 PHP) val_geo=0.870408 (+87,041 PHP)
Epoch 033/50 | [MSE] train_loss=0.000540 val_loss=0.001386 | train_profit=-1.223826 (-122,383 PHP) val_profit=0.842830 (+84,283 PHP) | train_geo=-0.803258 (-80,326 PHP) val_geo=0.870408 (+87,041 PHP)
Epoch 034/50 | [MSE] train_loss=0.000538 val_loss=0.001386 | train_profit=-0.341093 (-34,109 PHP) val_profit=0.842830 (+84,283 PHP) | train_geo=-0.520748 (-52,075 PHP) val_geo=0.870408 (+87,041 PHP)
Epoch 035/50 | [MSE] train_loss=0.000538 val_loss=0.001386 | train_profit=0.055222 (+5,522 PHP) val_profit=0.842830 (+84,283 PHP) | train_geo=-0.287796 (-28,780 PHP) val_geo=0.870408 (+87,041 PHP)
Epoch 036/50 | [MSE] train_loss=0.000539 val_loss=0.001387 | train_profit=-0.698754 (-69,875 PHP) val_profit=0.842830 (+84,283 PHP) | train_geo=-0.665141 (-66,514 PHP) val_geo=0.870408 (+87,041 PHP)
Epoch 037/50 | [MSE] train_loss=0.000541 val_loss=0.001388 | train_profit=-0.946768 (-94,677 PHP) val_profit=0.842830 (+84,283 PHP) | train_geo=-0.740307 (-74,031 PHP) val_geo=0.870408 (+87,041 PHP)
Epoch 038/50 | [MSE] train_loss=0.000538 val_loss=0.001388 | train_profit=-0.606917 (-60,692 PHP) val_profit=0.842830 (+84,283 PHP) | train_geo=-0.634772 (-63,477 PHP) val_geo=0.870408 (+87,041 PHP)
Epoch 039/50 | [MSE] train_loss=0.000539 val_loss=0.001388 | train_profit=-0.617534 (-61,753 PHP) val_profit=0.842830 (+84,283 PHP) | train_geo=-0.638820 (-63,882 PHP) val_geo=0.870408 (+87,041 PHP)
Epoch 040/50 | [MSE] train_loss=0.000535 val_loss=0.001387 | train_profit=-0.124473 (-12,447 PHP) val_profit=0.669901 (+66,990 PHP) | train_geo=-0.405003 (-40,500 PHP) val_geo=0.572896 (+57,290 PHP)
Epoch 041/50 | [MSE] train_loss=0.000533 val_loss=0.001389 | train_profit=-0.034011 (-3,401 PHP) val_profit=0.842830 (+84,283 PHP) | train_geo=-0.352084 (-35,208 PHP) val_geo=0.870408 (+87,041 PHP)
Epoch 042/50 | [MSE] train_loss=0.000536 val_loss=0.001390 | train_profit=-0.461389 (-46,139 PHP) val_profit=0.842830 (+84,283 PHP) | train_geo=-0.575413 (-57,541 PHP) val_geo=0.870408 (+87,041 PHP)
Epoch 043/50 | [MSE] train_loss=0.000538 val_loss=0.001389 | train_profit=-1.192564 (-119,256 PHP) val_profit=0.458873 (+45,887 PHP) | train_geo=-0.796751 (-79,675 PHP) val_geo=0.271832 (+27,183 PHP)
Epoch 044/50 | [MSE] train_loss=0.000533 val_loss=0.001387 | train_profit=0.275784 (+27,578 PHP) val_profit=0.441702 (+44,170 PHP) | train_geo=-0.113317 (-11,332 PHP) val_geo=0.250363 (+25,036 PHP)
Epoch 045/50 | [MSE] train_loss=0.000536 val_loss=0.001391 | train_profit=-1.025501 (-102,550 PHP) val_profit=0.464614 (+46,461 PHP) | train_geo=-0.760010 (-76,001 PHP) val_geo=0.279273 (+27,927 PHP)
Epoch 046/50 | [MSE] train_loss=0.000533 val_loss=0.001389 | train_profit=0.381167 (+38,117 PHP) val_profit=0.447444 (+44,744 PHP) | train_geo=-0.009892 (-989 PHP) val_geo=0.257679 (+25,768 PHP)
Epoch 047/50 | [MSE] train_loss=0.000532 val_loss=0.001392 | train_profit=-0.021384 (-2,138 PHP) val_profit=0.464614 (+46,461 PHP) | train_geo=-0.338981 (-33,898 PHP) val_geo=0.279273 (+27,927 PHP)
Epoch 048/50 | [MSE] train_loss=0.000534 val_loss=0.001390 | train_profit=-0.582664 (-58,266 PHP) val_profit=0.343837 (+34,384 PHP) | train_geo=-0.624869 (-62,487 PHP) val_geo=0.134093 (+13,409 PHP)
Epoch 049/50 | [MSE] train_loss=0.000529 val_loss=0.001393 | train_profit=0.925700 (+92,570 PHP) val_profit=0.500220 (+50,022 PHP) | train_geo=0.706706 (+70,671 PHP) val_geo=0.326431 (+32,643 PHP)
Epoch 050/50 | [MSE] train_loss=0.000529 val_loss=0.001393 | train_profit=0.763713 (+76,371 PHP) val_profit=0.447654 (+44,765 PHP) | train_geo=0.451966 (+45,197 PHP) val_geo=0.258491 (+25,849 PHP)
[6/23] AVGO       (strong) mse           dir_acc=0.528 cum_ret=+0.6346 geo_ret=+0.6581 sharpe=+1.110 (buy&hold=+0.6192) [4.2s]
Epoch 001/50 | train_loss=-0.000619 val_loss=-0.001693 | train_profit=2.131844 (+213,184 PHP) val_profit=0.978444 (+97,844 PHP) | train_geo=4.661005 (+466,101 PHP) val_geo=1.140343 (+114,034 PHP)
Epoch 002/50 | train_loss=-0.001002 val_loss=-0.002134 | train_profit=2.002841 (+200,284 PHP) val_profit=0.842830 (+84,283 PHP) | train_geo=3.975722 (+397,572 PHP) val_geo=0.870408 (+87,041 PHP)
Epoch 003/50 | train_loss=-0.000999 val_loss=-0.002069 | train_profit=2.083384 (+208,338 PHP) val_profit=0.842830 (+84,283 PHP) | train_geo=4.394498 (+439,450 PHP) val_geo=0.870408 (+87,041 PHP)
Epoch 004/50 | train_loss=-0.000849 val_loss=-0.002056 | train_profit=2.175598 (+217,560 PHP) val_profit=0.842830 (+84,283 PHP) | train_geo=4.914712 (+491,471 PHP) val_geo=0.870408 (+87,041 PHP)
Epoch 005/50 | train_loss=-0.001214 val_loss=-0.002243 | train_profit=2.175598 (+217,560 PHP) val_profit=0.842830 (+84,283 PHP) | train_geo=4.914712 (+491,471 PHP) val_geo=0.870408 (+87,041 PHP)
Epoch 006/50 | train_loss=-0.001237 val_loss=-0.002254 | train_profit=2.175598 (+217,560 PHP) val_profit=0.842830 (+84,283 PHP) | train_geo=4.914712 (+491,471 PHP) val_geo=0.870408 (+87,041 PHP)
Epoch 007/50 | train_loss=-0.001225 val_loss=-0.002257 | train_profit=2.175598 (+217,560 PHP) val_profit=0.842830 (+84,283 PHP) | train_geo=4.914712 (+491,471 PHP) val_geo=0.870408 (+87,041 PHP)
Epoch 008/50 | train_loss=-0.001245 val_loss=-0.002255 | train_profit=2.175598 (+217,560 PHP) val_profit=0.842830 (+84,283 PHP) | train_geo=4.914712 (+491,471 PHP) val_geo=0.870408 (+87,041 PHP)
Epoch 009/50 | train_loss=-0.001228 val_loss=-0.002247 | train_profit=2.175598 (+217,560 PHP) val_profit=0.842830 (+84,283 PHP) | train_geo=4.914712 (+491,471 PHP) val_geo=0.870408 (+87,041 PHP)
Epoch 010/50 | train_loss=-0.001203 val_loss=-0.002255 | train_profit=2.175598 (+217,560 PHP) val_profit=0.842830 (+84,283 PHP) | train_geo=4.914712 (+491,471 PHP) val_geo=0.870408 (+87,041 PHP)
Epoch 011/50 | train_loss=-0.001250 val_loss=-0.002253 | train_profit=2.175598 (+217,560 PHP) val_profit=0.842830 (+84,283 PHP) | train_geo=4.914712 (+491,471 PHP) val_geo=0.870408 (+87,041 PHP)
Epoch 012/50 | train_loss=-0.001244 val_loss=-0.002258 | train_profit=2.175598 (+217,560 PHP) val_profit=0.842830 (+84,283 PHP) | train_geo=4.914712 (+491,471 PHP) val_geo=0.870408 (+87,041 PHP)
Epoch 013/50 | train_loss=-0.001253 val_loss=-0.002255 | train_profit=2.175598 (+217,560 PHP) val_profit=0.842830 (+84,283 PHP) | train_geo=4.914712 (+491,471 PHP) val_geo=0.870408 (+87,041 PHP)
Epoch 014/50 | train_loss=-0.001232 val_loss=-0.002254 | train_profit=2.175598 (+217,560 PHP) val_profit=0.842830 (+84,283 PHP) | train_geo=4.914712 (+491,471 PHP) val_geo=0.870408 (+87,041 PHP)
Epoch 015/50 | train_loss=-0.001226 val_loss=-0.002257 | train_profit=2.175598 (+217,560 PHP) val_profit=0.842830 (+84,283 PHP) | train_geo=4.914712 (+491,471 PHP) val_geo=0.870408 (+87,041 PHP)
Epoch 016/50 | train_loss=-0.001240 val_loss=-0.002259 | train_profit=2.175598 (+217,560 PHP) val_profit=0.842830 (+84,283 PHP) | train_geo=4.914712 (+491,471 PHP) val_geo=0.870408 (+87,041 PHP)
Epoch 017/50 | train_loss=-0.001245 val_loss=-0.002258 | train_profit=2.175598 (+217,560 PHP) val_profit=0.842830 (+84,283 PHP) | train_geo=4.914712 (+491,471 PHP) val_geo=0.870408 (+87,041 PHP)
Epoch 018/50 | train_loss=-0.001253 val_loss=-0.002258 | train_profit=2.175598 (+217,560 PHP) val_profit=0.842830 (+84,283 PHP) | train_geo=4.914712 (+491,471 PHP) val_geo=0.870408 (+87,041 PHP)
Epoch 019/50 | train_loss=-0.001254 val_loss=-0.002257 | train_profit=2.175598 (+217,560 PHP) val_profit=0.842830 (+84,283 PHP) | train_geo=4.914712 (+491,471 PHP) val_geo=0.870408 (+87,041 PHP)
Epoch 020/50 | train_loss=-0.001246 val_loss=-0.002252 | train_profit=2.175598 (+217,560 PHP) val_profit=0.842830 (+84,283 PHP) | train_geo=4.914712 (+491,471 PHP) val_geo=0.870408 (+87,041 PHP)
Epoch 021/50 | train_loss=-0.001236 val_loss=-0.002256 | train_profit=2.175598 (+217,560 PHP) val_profit=0.842830 (+84,283 PHP) | train_geo=4.914712 (+491,471 PHP) val_geo=0.870408 (+87,041 PHP)
Epoch 022/50 | train_loss=-0.001242 val_loss=-0.002255 | train_profit=2.175598 (+217,560 PHP) val_profit=0.842830 (+84,283 PHP) | train_geo=4.914712 (+491,471 PHP) val_geo=0.870408 (+87,041 PHP)
Epoch 023/50 | train_loss=-0.001240 val_loss=-0.002258 | train_profit=2.175598 (+217,560 PHP) val_profit=0.842830 (+84,283 PHP) | train_geo=4.914712 (+491,471 PHP) val_geo=0.870408 (+87,041 PHP)
Epoch 024/50 | train_loss=-0.001243 val_loss=-0.002260 | train_profit=2.175598 (+217,560 PHP) val_profit=0.842830 (+84,283 PHP) | train_geo=4.914712 (+491,471 PHP) val_geo=0.870408 (+87,041 PHP)
Epoch 025/50 | train_loss=-0.001244 val_loss=-0.002261 | train_profit=2.175598 (+217,560 PHP) val_profit=0.842830 (+84,283 PHP) | train_geo=4.914712 (+491,471 PHP) val_geo=0.870408 (+87,041 PHP)
Epoch 026/50 | train_loss=-0.001246 val_loss=-0.002260 | train_profit=2.175598 (+217,560 PHP) val_profit=0.842830 (+84,283 PHP) | train_geo=4.914712 (+491,471 PHP) val_geo=0.870408 (+87,041 PHP)
Epoch 027/50 | train_loss=-0.001246 val_loss=-0.002256 | train_profit=2.175598 (+217,560 PHP) val_profit=0.842830 (+84,283 PHP) | train_geo=4.914712 (+491,471 PHP) val_geo=0.870408 (+87,041 PHP)
Epoch 028/50 | train_loss=-0.001249 val_loss=-0.002257 | train_profit=2.175598 (+217,560 PHP) val_profit=0.842830 (+84,283 PHP) | train_geo=4.914712 (+491,471 PHP) val_geo=0.870408 (+87,041 PHP)
Epoch 029/50 | train_loss=-0.001234 val_loss=-0.002262 | train_profit=2.175598 (+217,560 PHP) val_profit=0.842830 (+84,283 PHP) | train_geo=4.914712 (+491,471 PHP) val_geo=0.870408 (+87,041 PHP)
Epoch 030/50 | train_loss=-0.001242 val_loss=-0.002258 | train_profit=2.175598 (+217,560 PHP) val_profit=0.842830 (+84,283 PHP) | train_geo=4.914712 (+491,471 PHP) val_geo=0.870408 (+87,041 PHP)
Epoch 031/50 | train_loss=-0.001257 val_loss=-0.002256 | train_profit=2.175598 (+217,560 PHP) val_profit=0.842830 (+84,283 PHP) | train_geo=4.914712 (+491,471 PHP) val_geo=0.870408 (+87,041 PHP)
Epoch 032/50 | train_loss=-0.001259 val_loss=-0.002256 | train_profit=2.175598 (+217,560 PHP) val_profit=0.842830 (+84,283 PHP) | train_geo=4.914712 (+491,471 PHP) val_geo=0.870408 (+87,041 PHP)
Epoch 033/50 | train_loss=-0.001244 val_loss=-0.002256 | train_profit=2.175598 (+217,560 PHP) val_profit=0.842830 (+84,283 PHP) | train_geo=4.914712 (+491,471 PHP) val_geo=0.870408 (+87,041 PHP)
Epoch 034/50 | train_loss=-0.001249 val_loss=-0.002253 | train_profit=2.175598 (+217,560 PHP) val_profit=0.842830 (+84,283 PHP) | train_geo=4.914712 (+491,471 PHP) val_geo=0.870408 (+87,041 PHP)
Epoch 035/50 | train_loss=-0.001254 val_loss=-0.002254 | train_profit=2.175598 (+217,560 PHP) val_profit=0.842830 (+84,283 PHP) | train_geo=4.914712 (+491,471 PHP) val_geo=0.870408 (+87,041 PHP)
Epoch 036/50 | train_loss=-0.001258 val_loss=-0.002254 | train_profit=2.175598 (+217,560 PHP) val_profit=0.842830 (+84,283 PHP) | train_geo=4.914712 (+491,471 PHP) val_geo=0.870408 (+87,041 PHP)
Epoch 037/50 | train_loss=-0.001256 val_loss=-0.002251 | train_profit=2.175598 (+217,560 PHP) val_profit=0.842830 (+84,283 PHP) | train_geo=4.914712 (+491,471 PHP) val_geo=0.870408 (+87,041 PHP)
Epoch 038/50 | train_loss=-0.001258 val_loss=-0.002249 | train_profit=2.175598 (+217,560 PHP) val_profit=0.842830 (+84,283 PHP) | train_geo=4.914712 (+491,471 PHP) val_geo=0.870408 (+87,041 PHP)
Epoch 039/50 | train_loss=-0.001252 val_loss=-0.002249 | train_profit=2.175598 (+217,560 PHP) val_profit=0.842830 (+84,283 PHP) | train_geo=4.914712 (+491,471 PHP) val_geo=0.870408 (+87,041 PHP)
Epoch 040/50 | train_loss=-0.001254 val_loss=-0.002248 | train_profit=2.175598 (+217,560 PHP) val_profit=0.842830 (+84,283 PHP) | train_geo=4.914712 (+491,471 PHP) val_geo=0.870408 (+87,041 PHP)
Epoch 041/50 | train_loss=-0.001258 val_loss=-0.002249 | train_profit=2.175598 (+217,560 PHP) val_profit=0.842830 (+84,283 PHP) | train_geo=4.914712 (+491,471 PHP) val_geo=0.870408 (+87,041 PHP)
Epoch 042/50 | train_loss=-0.001256 val_loss=-0.002247 | train_profit=2.175598 (+217,560 PHP) val_profit=0.842830 (+84,283 PHP) | train_geo=4.914712 (+491,471 PHP) val_geo=0.870408 (+87,041 PHP)
Epoch 043/50 | train_loss=-0.001259 val_loss=-0.002245 | train_profit=2.175598 (+217,560 PHP) val_profit=0.842830 (+84,283 PHP) | train_geo=4.914712 (+491,471 PHP) val_geo=0.870408 (+87,041 PHP)
Epoch 044/50 | train_loss=-0.001261 val_loss=-0.002237 | train_profit=2.175598 (+217,560 PHP) val_profit=0.842830 (+84,283 PHP) | train_geo=4.914712 (+491,471 PHP) val_geo=0.870408 (+87,041 PHP)
Epoch 045/50 | train_loss=-0.001264 val_loss=-0.002240 | train_profit=2.175598 (+217,560 PHP) val_profit=0.842830 (+84,283 PHP) | train_geo=4.914712 (+491,471 PHP) val_geo=0.870408 (+87,041 PHP)
Epoch 046/50 | train_loss=-0.001260 val_loss=-0.002232 | train_profit=2.175598 (+217,560 PHP) val_profit=0.842830 (+84,283 PHP) | train_geo=4.914712 (+491,471 PHP) val_geo=0.870408 (+87,041 PHP)
Epoch 047/50 | train_loss=-0.001268 val_loss=-0.002226 | train_profit=2.175598 (+217,560 PHP) val_profit=0.842830 (+84,283 PHP) | train_geo=4.914712 (+491,471 PHP) val_geo=0.870408 (+87,041 PHP)
Epoch 048/50 | train_loss=-0.001266 val_loss=-0.002223 | train_profit=2.175598 (+217,560 PHP) val_profit=0.842830 (+84,283 PHP) | train_geo=4.914712 (+491,471 PHP) val_geo=0.870408 (+87,041 PHP)
Epoch 049/50 | train_loss=-0.001254 val_loss=-0.002213 | train_profit=2.175598 (+217,560 PHP) val_profit=0.842830 (+84,283 PHP) | train_geo=4.914712 (+491,471 PHP) val_geo=0.870408 (+87,041 PHP)
Epoch 050/50 | train_loss=-0.001271 val_loss=-0.002215 | train_profit=2.175598 (+217,560 PHP) val_profit=0.842830 (+84,283 PHP) | train_geo=4.914712 (+491,471 PHP) val_geo=0.870408 (+87,041 PHP)
[6/23] AVGO       (strong) profit-aware  dir_acc=0.531 cum_ret=+0.6098 geo_ret=+0.6175 sharpe=+1.066 (buy&hold=+0.6192) [4.9s]
Epoch 001/50 | [PROFIT-LOG] train_loss=-0.001246 val_loss=-0.001959 | train_profit=2.104090 (+210,409 PHP) val_profit=0.842830 (+84,283 PHP) | train_geo=4.505863 (+450,586 PHP) val_geo=0.870408 (+87,041 PHP)
Epoch 002/50 | [PROFIT-LOG] train_loss=-0.001307 val_loss=-0.001959 | train_profit=2.175598 (+217,560 PHP) val_profit=0.842830 (+84,283 PHP) | train_geo=4.914712 (+491,471 PHP) val_geo=0.870408 (+87,041 PHP)
Epoch 003/50 | [PROFIT-LOG] train_loss=-0.001307 val_loss=-0.001959 | train_profit=2.175598 (+217,560 PHP) val_profit=0.842830 (+84,283 PHP) | train_geo=4.914712 (+491,471 PHP) val_geo=0.870408 (+87,041 PHP)
Epoch 004/50 | [PROFIT-LOG] train_loss=-0.001307 val_loss=-0.001959 | train_profit=2.175598 (+217,560 PHP) val_profit=0.842830 (+84,283 PHP) | train_geo=4.914712 (+491,471 PHP) val_geo=0.870408 (+87,041 PHP)
Epoch 005/50 | [PROFIT-LOG] train_loss=-0.001307 val_loss=-0.001959 | train_profit=2.175598 (+217,560 PHP) val_profit=0.842830 (+84,283 PHP) | train_geo=4.914712 (+491,471 PHP) val_geo=0.870408 (+87,041 PHP)
Epoch 006/50 | [PROFIT-LOG] train_loss=-0.001307 val_loss=-0.001959 | train_profit=2.175598 (+217,560 PHP) val_profit=0.842830 (+84,283 PHP) | train_geo=4.914712 (+491,471 PHP) val_geo=0.870408 (+87,041 PHP)
Epoch 007/50 | [PROFIT-LOG] train_loss=-0.001307 val_loss=-0.001959 | train_profit=2.175598 (+217,560 PHP) val_profit=0.842830 (+84,283 PHP) | train_geo=4.914712 (+491,471 PHP) val_geo=0.870408 (+87,041 PHP)
Epoch 008/50 | [PROFIT-LOG] train_loss=-0.001307 val_loss=-0.001959 | train_profit=2.175598 (+217,560 PHP) val_profit=0.842830 (+84,283 PHP) | train_geo=4.914712 (+491,471 PHP) val_geo=0.870408 (+87,041 PHP)
Epoch 009/50 | [PROFIT-LOG] train_loss=-0.001307 val_loss=-0.001959 | train_profit=2.175598 (+217,560 PHP) val_profit=0.842830 (+84,283 PHP) | train_geo=4.914712 (+491,471 PHP) val_geo=0.870408 (+87,041 PHP)
Epoch 010/50 | [PROFIT-LOG] train_loss=-0.001307 val_loss=-0.001959 | train_profit=2.175598 (+217,560 PHP) val_profit=0.842830 (+84,283 PHP) | train_geo=4.914712 (+491,471 PHP) val_geo=0.870408 (+87,041 PHP)
Epoch 011/50 | [PROFIT-LOG] train_loss=-0.001307 val_loss=-0.001959 | train_profit=2.175598 (+217,560 PHP) val_profit=0.842830 (+84,283 PHP) | train_geo=4.914712 (+491,471 PHP) val_geo=0.870408 (+87,041 PHP)
Epoch 012/50 | [PROFIT-LOG] train_loss=-0.001307 val_loss=-0.001959 | train_profit=2.175598 (+217,560 PHP) val_profit=0.842830 (+84,283 PHP) | train_geo=4.914712 (+491,471 PHP) val_geo=0.870408 (+87,041 PHP)
Epoch 013/50 | [PROFIT-LOG] train_loss=-0.001307 val_loss=-0.001959 | train_profit=2.175598 (+217,560 PHP) val_profit=0.842830 (+84,283 PHP) | train_geo=4.914712 (+491,471 PHP) val_geo=0.870408 (+87,041 PHP)
Epoch 014/50 | [PROFIT-LOG] train_loss=-0.001307 val_loss=-0.001959 | train_profit=2.175598 (+217,560 PHP) val_profit=0.842830 (+84,283 PHP) | train_geo=4.914712 (+491,471 PHP) val_geo=0.870408 (+87,041 PHP)
Epoch 015/50 | [PROFIT-LOG] train_loss=-0.001307 val_loss=-0.001959 | train_profit=2.175598 (+217,560 PHP) val_profit=0.842830 (+84,283 PHP) | train_geo=4.914712 (+491,471 PHP) val_geo=0.870408 (+87,041 PHP)
Epoch 016/50 | [PROFIT-LOG] train_loss=-0.001307 val_loss=-0.001959 | train_profit=2.175598 (+217,560 PHP) val_profit=0.842830 (+84,283 PHP) | train_geo=4.914712 (+491,471 PHP) val_geo=0.870408 (+87,041 PHP)
Epoch 017/50 | [PROFIT-LOG] train_loss=-0.001307 val_loss=-0.001959 | train_profit=2.175598 (+217,560 PHP) val_profit=0.842830 (+84,283 PHP) | train_geo=4.914712 (+491,471 PHP) val_geo=0.870408 (+87,041 PHP)
Epoch 018/50 | [PROFIT-LOG] train_loss=-0.001307 val_loss=-0.001959 | train_profit=2.175598 (+217,560 PHP) val_profit=0.842830 (+84,283 PHP) | train_geo=4.914712 (+491,471 PHP) val_geo=0.870408 (+87,041 PHP)
Epoch 019/50 | [PROFIT-LOG] train_loss=-0.001307 val_loss=-0.001959 | train_profit=2.175598 (+217,560 PHP) val_profit=0.842830 (+84,283 PHP) | train_geo=4.914712 (+491,471 PHP) val_geo=0.870408 (+87,041 PHP)
Epoch 020/50 | [PROFIT-LOG] train_loss=-0.001307 val_loss=-0.001959 | train_profit=2.175598 (+217,560 PHP) val_profit=0.842830 (+84,283 PHP) | train_geo=4.914712 (+491,471 PHP) val_geo=0.870408 (+87,041 PHP)
Epoch 021/50 | [PROFIT-LOG] train_loss=-0.001307 val_loss=-0.001959 | train_profit=2.175598 (+217,560 PHP) val_profit=0.842830 (+84,283 PHP) | train_geo=4.914712 (+491,471 PHP) val_geo=0.870408 (+87,041 PHP)
Epoch 022/50 | [PROFIT-LOG] train_loss=-0.001307 val_loss=-0.001959 | train_profit=2.175598 (+217,560 PHP) val_profit=0.842830 (+84,283 PHP) | train_geo=4.914712 (+491,471 PHP) val_geo=0.870408 (+87,041 PHP)
Epoch 023/50 | [PROFIT-LOG] train_loss=-0.001307 val_loss=-0.001959 | train_profit=2.175598 (+217,560 PHP) val_profit=0.842830 (+84,283 PHP) | train_geo=4.914712 (+491,471 PHP) val_geo=0.870408 (+87,041 PHP)
Epoch 024/50 | [PROFIT-LOG] train_loss=-0.001307 val_loss=-0.001959 | train_profit=2.175598 (+217,560 PHP) val_profit=0.842830 (+84,283 PHP) | train_geo=4.914712 (+491,471 PHP) val_geo=0.870408 (+87,041 PHP)
Epoch 025/50 | [PROFIT-LOG] train_loss=-0.001307 val_loss=-0.001959 | train_profit=2.175598 (+217,560 PHP) val_profit=0.842830 (+84,283 PHP) | train_geo=4.914712 (+491,471 PHP) val_geo=0.870408 (+87,041 PHP)
Epoch 026/50 | [PROFIT-LOG] train_loss=-0.001307 val_loss=-0.001959 | train_profit=2.175598 (+217,560 PHP) val_profit=0.842830 (+84,283 PHP) | train_geo=4.914712 (+491,471 PHP) val_geo=0.870408 (+87,041 PHP)
Epoch 027/50 | [PROFIT-LOG] train_loss=-0.001307 val_loss=-0.001959 | train_profit=2.175598 (+217,560 PHP) val_profit=0.842830 (+84,283 PHP) | train_geo=4.914712 (+491,471 PHP) val_geo=0.870408 (+87,041 PHP)
Epoch 028/50 | [PROFIT-LOG] train_loss=-0.001307 val_loss=-0.001959 | train_profit=2.175598 (+217,560 PHP) val_profit=0.842830 (+84,283 PHP) | train_geo=4.914712 (+491,471 PHP) val_geo=0.870408 (+87,041 PHP)
Epoch 029/50 | [PROFIT-LOG] train_loss=-0.001307 val_loss=-0.001959 | train_profit=2.175598 (+217,560 PHP) val_profit=0.842830 (+84,283 PHP) | train_geo=4.914712 (+491,471 PHP) val_geo=0.870408 (+87,041 PHP)
Epoch 030/50 | [PROFIT-LOG] train_loss=-0.001307 val_loss=-0.001959 | train_profit=2.175598 (+217,560 PHP) val_profit=0.842830 (+84,283 PHP) | train_geo=4.914712 (+491,471 PHP) val_geo=0.870408 (+87,041 PHP)
Epoch 031/50 | [PROFIT-LOG] train_loss=-0.001307 val_loss=-0.001959 | train_profit=2.175598 (+217,560 PHP) val_profit=0.842830 (+84,283 PHP) | train_geo=4.914712 (+491,471 PHP) val_geo=0.870408 (+87,041 PHP)
Epoch 032/50 | [PROFIT-LOG] train_loss=-0.001307 val_loss=-0.001959 | train_profit=2.175598 (+217,560 PHP) val_profit=0.842830 (+84,283 PHP) | train_geo=4.914712 (+491,471 PHP) val_geo=0.870408 (+87,041 PHP)
Epoch 033/50 | [PROFIT-LOG] train_loss=-0.001307 val_loss=-0.001959 | train_profit=2.175598 (+217,560 PHP) val_profit=0.842830 (+84,283 PHP) | train_geo=4.914712 (+491,471 PHP) val_geo=0.870408 (+87,041 PHP)
Epoch 034/50 | [PROFIT-LOG] train_loss=-0.001307 val_loss=-0.001959 | train_profit=2.175598 (+217,560 PHP) val_profit=0.842830 (+84,283 PHP) | train_geo=4.914712 (+491,471 PHP) val_geo=0.870408 (+87,041 PHP)
Epoch 035/50 | [PROFIT-LOG] train_loss=-0.001307 val_loss=-0.001959 | train_profit=2.175598 (+217,560 PHP) val_profit=0.842830 (+84,283 PHP) | train_geo=4.914712 (+491,471 PHP) val_geo=0.870408 (+87,041 PHP)
Epoch 036/50 | [PROFIT-LOG] train_loss=-0.001307 val_loss=-0.001959 | train_profit=2.175598 (+217,560 PHP) val_profit=0.842830 (+84,283 PHP) | train_geo=4.914712 (+491,471 PHP) val_geo=0.870408 (+87,041 PHP)
Epoch 037/50 | [PROFIT-LOG] train_loss=-0.001307 val_loss=-0.001959 | train_profit=2.175598 (+217,560 PHP) val_profit=0.842830 (+84,283 PHP) | train_geo=4.914712 (+491,471 PHP) val_geo=0.870408 (+87,041 PHP)
Epoch 038/50 | [PROFIT-LOG] train_loss=-0.001307 val_loss=-0.001959 | train_profit=2.175598 (+217,560 PHP) val_profit=0.842830 (+84,283 PHP) | train_geo=4.914712 (+491,471 PHP) val_geo=0.870408 (+87,041 PHP)
Epoch 039/50 | [PROFIT-LOG] train_loss=-0.001307 val_loss=-0.001959 | train_profit=2.175598 (+217,560 PHP) val_profit=0.842830 (+84,283 PHP) | train_geo=4.914712 (+491,471 PHP) val_geo=0.870408 (+87,041 PHP)
Epoch 040/50 | [PROFIT-LOG] train_loss=-0.001307 val_loss=-0.001959 | train_profit=2.175598 (+217,560 PHP) val_profit=0.842830 (+84,283 PHP) | train_geo=4.914712 (+491,471 PHP) val_geo=0.870408 (+87,041 PHP)
Epoch 041/50 | [PROFIT-LOG] train_loss=-0.001307 val_loss=-0.001959 | train_profit=2.175598 (+217,560 PHP) val_profit=0.842830 (+84,283 PHP) | train_geo=4.914712 (+491,471 PHP) val_geo=0.870408 (+87,041 PHP)
Epoch 042/50 | [PROFIT-LOG] train_loss=-0.001307 val_loss=-0.001959 | train_profit=2.175598 (+217,560 PHP) val_profit=0.842830 (+84,283 PHP) | train_geo=4.914712 (+491,471 PHP) val_geo=0.870408 (+87,041 PHP)
Epoch 043/50 | [PROFIT-LOG] train_loss=-0.001307 val_loss=-0.001959 | train_profit=2.175598 (+217,560 PHP) val_profit=0.842830 (+84,283 PHP) | train_geo=4.914712 (+491,471 PHP) val_geo=0.870408 (+87,041 PHP)
Epoch 044/50 | [PROFIT-LOG] train_loss=-0.001307 val_loss=-0.001959 | train_profit=2.175598 (+217,560 PHP) val_profit=0.842830 (+84,283 PHP) | train_geo=4.914712 (+491,471 PHP) val_geo=0.870408 (+87,041 PHP)
Epoch 045/50 | [PROFIT-LOG] train_loss=-0.001307 val_loss=-0.001959 | train_profit=2.175598 (+217,560 PHP) val_profit=0.842830 (+84,283 PHP) | train_geo=4.914712 (+491,471 PHP) val_geo=0.870408 (+87,041 PHP)
Epoch 046/50 | [PROFIT-LOG] train_loss=-0.001307 val_loss=-0.001959 | train_profit=2.175598 (+217,560 PHP) val_profit=0.842830 (+84,283 PHP) | train_geo=4.914712 (+491,471 PHP) val_geo=0.870408 (+87,041 PHP)
Epoch 047/50 | [PROFIT-LOG] train_loss=-0.001307 val_loss=-0.001959 | train_profit=2.175598 (+217,560 PHP) val_profit=0.842830 (+84,283 PHP) | train_geo=4.914712 (+491,471 PHP) val_geo=0.870408 (+87,041 PHP)
Epoch 048/50 | [PROFIT-LOG] train_loss=-0.001307 val_loss=-0.001959 | train_profit=2.175598 (+217,560 PHP) val_profit=0.842830 (+84,283 PHP) | train_geo=4.914712 (+491,471 PHP) val_geo=0.870408 (+87,041 PHP)
Epoch 049/50 | [PROFIT-LOG] train_loss=-0.001307 val_loss=-0.001959 | train_profit=2.175598 (+217,560 PHP) val_profit=0.842830 (+84,283 PHP) | train_geo=4.914712 (+491,471 PHP) val_geo=0.870408 (+87,041 PHP)
Epoch 050/50 | [PROFIT-LOG] train_loss=-0.001307 val_loss=-0.001959 | train_profit=2.175598 (+217,560 PHP) val_profit=0.842830 (+84,283 PHP) | train_geo=4.914712 (+491,471 PHP) val_geo=0.870408 (+87,041 PHP)
[6/23] AVGO       (strong) profit-log    dir_acc=0.531 cum_ret=+0.6098 geo_ret=+0.6175 sharpe=+1.066 (buy&hold=+0.6192) [4.5s]
Epoch 001/50 | [MSE] train_loss=0.000431 val_loss=0.000215 | train_profit=-0.460603 (-46,060 PHP) val_profit=0.299033 (+29,903 PHP) | train_geo=-0.495373 (-49,537 PHP) val_geo=0.313164 (+31,316 PHP)
Epoch 002/50 | [MSE] train_loss=0.000332 val_loss=0.000166 | train_profit=-0.571663 (-57,166 PHP) val_profit=0.176551 (+17,655 PHP) | train_geo=-0.550390 (-55,039 PHP) val_geo=0.161898 (+16,190 PHP)
Epoch 003/50 | [MSE] train_loss=0.000307 val_loss=0.000173 | train_profit=-1.537954 (-153,795 PHP) val_profit=0.299033 (+29,903 PHP) | train_geo=-0.828478 (-82,848 PHP) val_geo=0.313164 (+31,316 PHP)
Epoch 004/50 | [MSE] train_loss=0.000303 val_loss=0.000168 | train_profit=-0.802724 (-80,272 PHP) val_profit=0.290079 (+29,008 PHP) | train_geo=-0.642211 (-64,221 PHP) val_geo=0.301449 (+30,145 PHP)
Epoch 005/50 | [MSE] train_loss=0.000297 val_loss=0.000170 | train_profit=-0.405050 (-40,505 PHP) val_profit=0.268308 (+26,831 PHP) | train_geo=-0.466396 (-46,640 PHP) val_geo=0.273485 (+27,349 PHP)
Epoch 006/50 | [MSE] train_loss=0.000305 val_loss=0.000168 | train_profit=-0.247092 (-24,709 PHP) val_profit=-0.086219 (-8,622 PHP) | train_geo=-0.375327 (-37,533 PHP) val_geo=-0.106696 (-10,670 PHP)
Epoch 007/50 | [MSE] train_loss=0.000303 val_loss=0.000169 | train_profit=-0.525927 (-52,593 PHP) val_profit=0.286042 (+28,604 PHP) | train_geo=-0.528170 (-52,817 PHP) val_geo=0.296272 (+29,627 PHP)
Epoch 008/50 | [MSE] train_loss=0.000299 val_loss=0.000170 | train_profit=0.355740 (+35,574 PHP) val_profit=0.276339 (+27,634 PHP) | train_geo=0.142569 (+14,257 PHP) val_geo=0.283691 (+28,369 PHP)
Epoch 009/50 | [MSE] train_loss=0.000299 val_loss=0.000169 | train_profit=-0.421554 (-42,155 PHP) val_profit=0.318409 (+31,841 PHP) | train_geo=-0.475799 (-47,580 PHP) val_geo=0.338969 (+33,897 PHP)
Epoch 010/50 | [MSE] train_loss=0.000298 val_loss=0.000169 | train_profit=-0.124315 (-12,431 PHP) val_profit=0.306465 (+30,646 PHP) | train_geo=-0.293922 (-29,392 PHP) val_geo=0.323074 (+32,307 PHP)
Epoch 011/50 | [MSE] train_loss=0.000298 val_loss=0.000168 | train_profit=0.008995 (+900 PHP) val_profit=0.237965 (+23,797 PHP) | train_geo=-0.192809 (-19,281 PHP) val_geo=0.235530 (+23,553 PHP)
Epoch 012/50 | [MSE] train_loss=0.000299 val_loss=0.000167 | train_profit=-0.432028 (-43,203 PHP) val_profit=0.301001 (+30,100 PHP) | train_geo=-0.481921 (-48,192 PHP) val_geo=0.315849 (+31,585 PHP)
Epoch 013/50 | [MSE] train_loss=0.000298 val_loss=0.000167 | train_profit=-0.428411 (-42,841 PHP) val_profit=0.280518 (+28,052 PHP) | train_geo=-0.479623 (-47,962 PHP) val_geo=0.289130 (+28,913 PHP)
Epoch 014/50 | [MSE] train_loss=0.000298 val_loss=0.000168 | train_profit=-0.761905 (-76,190 PHP) val_profit=0.299033 (+29,903 PHP) | train_geo=-0.627183 (-62,718 PHP) val_geo=0.313164 (+31,316 PHP)
Epoch 015/50 | [MSE] train_loss=0.000294 val_loss=0.000168 | train_profit=-0.213066 (-21,307 PHP) val_profit=0.204825 (+20,482 PHP) | train_geo=-0.354648 (-35,465 PHP) val_geo=0.195081 (+19,508 PHP)
Epoch 016/50 | [MSE] train_loss=0.000298 val_loss=0.000168 | train_profit=-0.532275 (-53,228 PHP) val_profit=0.301001 (+30,100 PHP) | train_geo=-0.531034 (-53,103 PHP) val_geo=0.315849 (+31,585 PHP)
Epoch 017/50 | [MSE] train_loss=0.000298 val_loss=0.000168 | train_profit=-0.976026 (-97,603 PHP) val_profit=0.299033 (+29,903 PHP) | train_geo=-0.699210 (-69,921 PHP) val_geo=0.313164 (+31,316 PHP)
Epoch 018/50 | [MSE] train_loss=0.000298 val_loss=0.000168 | train_profit=-0.480673 (-48,067 PHP) val_profit=0.290079 (+29,008 PHP) | train_geo=-0.506551 (-50,655 PHP) val_geo=0.301449 (+30,145 PHP)
Epoch 019/50 | [MSE] train_loss=0.000295 val_loss=0.000167 | train_profit=-0.442221 (-44,222 PHP) val_profit=0.290079 (+29,008 PHP) | train_geo=-0.486929 (-48,693 PHP) val_geo=0.301449 (+30,145 PHP)
Epoch 020/50 | [MSE] train_loss=0.000294 val_loss=0.000168 | train_profit=0.590771 (+59,077 PHP) val_profit=0.280603 (+28,060 PHP) | train_geo=0.445940 (+44,594 PHP) val_geo=0.289180 (+28,918 PHP)
Epoch 021/50 | [MSE] train_loss=0.000296 val_loss=0.000168 | train_profit=0.613439 (+61,344 PHP) val_profit=0.280603 (+28,060 PHP) | train_geo=0.479642 (+47,964 PHP) val_geo=0.289180 (+28,918 PHP)
Epoch 022/50 | [MSE] train_loss=0.000295 val_loss=0.000168 | train_profit=0.344428 (+34,443 PHP) val_profit=0.282400 (+28,240 PHP) | train_geo=0.127914 (+12,791 PHP) val_geo=0.291459 (+29,146 PHP)
Epoch 023/50 | [MSE] train_loss=0.000296 val_loss=0.000168 | train_profit=-0.542187 (-54,219 PHP) val_profit=0.269501 (+26,950 PHP) | train_geo=-0.535562 (-53,556 PHP) val_geo=0.275054 (+27,505 PHP)
Epoch 024/50 | [MSE] train_loss=0.000295 val_loss=0.000168 | train_profit=0.231164 (+23,116 PHP) val_profit=0.282400 (+28,240 PHP) | train_geo=0.007857 (+786 PHP) val_geo=0.291459 (+29,146 PHP)
Epoch 025/50 | [MSE] train_loss=0.000295 val_loss=0.000169 | train_profit=-0.947483 (-94,748 PHP) val_profit=0.290079 (+29,008 PHP) | train_geo=-0.690610 (-69,061 PHP) val_geo=0.301449 (+30,145 PHP)
Epoch 026/50 | [MSE] train_loss=0.000296 val_loss=0.000170 | train_profit=0.513324 (+51,332 PHP) val_profit=0.282400 (+28,240 PHP) | train_geo=0.338240 (+33,824 PHP) val_geo=0.291459 (+29,146 PHP)
Epoch 027/50 | [MSE] train_loss=0.000296 val_loss=0.000168 | train_profit=-1.184143 (-118,414 PHP) val_profit=0.268688 (+26,869 PHP) | train_geo=-0.755746 (-75,575 PHP) val_geo=0.273970 (+27,397 PHP)
Epoch 028/50 | [MSE] train_loss=0.000296 val_loss=0.000169 | train_profit=-0.248603 (-24,860 PHP) val_profit=0.278493 (+27,849 PHP) | train_geo=-0.377217 (-37,722 PHP) val_geo=0.286448 (+28,645 PHP)
Epoch 029/50 | [MSE] train_loss=0.000296 val_loss=0.000169 | train_profit=0.035331 (+3,533 PHP) val_profit=0.268688 (+26,869 PHP) | train_geo=-0.171745 (-17,174 PHP) val_geo=0.273970 (+27,397 PHP)
Epoch 030/50 | [MSE] train_loss=0.000295 val_loss=0.000169 | train_profit=-0.008506 (-851 PHP) val_profit=0.292149 (+29,215 PHP) | train_geo=-0.207475 (-20,747 PHP) val_geo=0.304192 (+30,419 PHP)
Epoch 031/50 | [MSE] train_loss=0.000294 val_loss=0.000169 | train_profit=0.484305 (+48,431 PHP) val_profit=0.264511 (+26,451 PHP) | train_geo=0.298330 (+29,833 PHP) val_geo=0.268790 (+26,879 PHP)
Epoch 032/50 | [MSE] train_loss=0.000294 val_loss=0.000170 | train_profit=-0.106003 (-10,600 PHP) val_profit=0.292149 (+29,215 PHP) | train_geo=-0.281542 (-28,154 PHP) val_geo=0.304192 (+30,419 PHP)
Epoch 033/50 | [MSE] train_loss=0.000293 val_loss=0.000170 | train_profit=-0.372489 (-37,249 PHP) val_profit=0.205146 (+20,515 PHP) | train_geo=-0.449328 (-44,933 PHP) val_geo=0.195453 (+19,545 PHP)
Epoch 034/50 | [MSE] train_loss=0.000294 val_loss=0.000169 | train_profit=0.118896 (+11,890 PHP) val_profit=0.228079 (+22,808 PHP) | train_geo=-0.099307 (-9,931 PHP) val_geo=0.223224 (+22,322 PHP)
Epoch 035/50 | [MSE] train_loss=0.000294 val_loss=0.000170 | train_profit=0.230480 (+23,048 PHP) val_profit=0.288810 (+28,881 PHP) | train_geo=0.006405 (+640 PHP) val_geo=0.299789 (+29,979 PHP)
Epoch 036/50 | [MSE] train_loss=0.000294 val_loss=0.000169 | train_profit=0.354464 (+35,446 PHP) val_profit=0.298559 (+29,856 PHP) | train_geo=0.140632 (+14,063 PHP) val_geo=0.312604 (+31,260 PHP)
Epoch 037/50 | [MSE] train_loss=0.000294 val_loss=0.000169 | train_profit=-0.261976 (-26,198 PHP) val_profit=0.205207 (+20,521 PHP) | train_geo=-0.385491 (-38,549 PHP) val_geo=0.195554 (+19,555 PHP)
Epoch 038/50 | [MSE] train_loss=0.000296 val_loss=0.000170 | train_profit=0.023011 (+2,301 PHP) val_profit=0.255492 (+25,549 PHP) | train_geo=-0.182466 (-18,247 PHP) val_geo=0.257247 (+25,725 PHP)
Epoch 039/50 | [MSE] train_loss=0.000294 val_loss=0.000171 | train_profit=-0.273757 (-27,376 PHP) val_profit=0.288810 (+28,881 PHP) | train_geo=-0.392547 (-39,255 PHP) val_geo=0.299789 (+29,979 PHP)
Epoch 040/50 | [MSE] train_loss=0.000294 val_loss=0.000169 | train_profit=0.370824 (+37,082 PHP) val_profit=0.294917 (+29,492 PHP) | train_geo=0.158321 (+15,832 PHP) val_geo=0.307839 (+30,784 PHP)
Epoch 041/50 | [MSE] train_loss=0.000294 val_loss=0.000169 | train_profit=-0.008346 (-835 PHP) val_profit=0.278791 (+27,879 PHP) | train_geo=-0.207894 (-20,789 PHP) val_geo=0.286930 (+28,693 PHP)
Epoch 042/50 | [MSE] train_loss=0.000293 val_loss=0.000171 | train_profit=0.074687 (+7,469 PHP) val_profit=0.300356 (+30,036 PHP) | train_geo=-0.138928 (-13,893 PHP) val_geo=0.314925 (+31,492 PHP)
Epoch 043/50 | [MSE] train_loss=0.000294 val_loss=0.000170 | train_profit=-0.114956 (-11,496 PHP) val_profit=0.294917 (+29,492 PHP) | train_geo=-0.287392 (-28,739 PHP) val_geo=0.307839 (+30,784 PHP)
Epoch 044/50 | [MSE] train_loss=0.000292 val_loss=0.000170 | train_profit=0.915440 (+91,544 PHP) val_profit=0.179128 (+17,913 PHP) | train_geo=0.999768 (+99,977 PHP) val_geo=0.164648 (+16,465 PHP)
Epoch 045/50 | [MSE] train_loss=0.000293 val_loss=0.000169 | train_profit=0.383303 (+38,330 PHP) val_profit=0.259224 (+25,922 PHP) | train_geo=0.172789 (+17,279 PHP) val_geo=0.261987 (+26,199 PHP)
Epoch 046/50 | [MSE] train_loss=0.000292 val_loss=0.000168 | train_profit=0.701674 (+70,167 PHP) val_profit=0.225382 (+22,538 PHP) | train_geo=0.615006 (+61,501 PHP) val_geo=0.219987 (+21,999 PHP)
Epoch 047/50 | [MSE] train_loss=0.000290 val_loss=0.000170 | train_profit=0.838339 (+83,834 PHP) val_profit=0.185794 (+18,579 PHP) | train_geo=0.849540 (+84,954 PHP) val_geo=0.172499 (+17,250 PHP)
Epoch 048/50 | [MSE] train_loss=0.000294 val_loss=0.000171 | train_profit=0.170287 (+17,029 PHP) val_profit=0.150772 (+15,077 PHP) | train_geo=-0.052011 (-5,201 PHP) val_geo=0.132074 (+13,207 PHP)
Epoch 049/50 | [MSE] train_loss=0.000292 val_loss=0.000171 | train_profit=0.394217 (+39,422 PHP) val_profit=0.235260 (+23,526 PHP) | train_geo=0.186148 (+18,615 PHP) val_geo=0.232076 (+23,208 PHP)
Epoch 050/50 | [MSE] train_loss=0.000294 val_loss=0.000169 | train_profit=0.184723 (+18,472 PHP) val_profit=0.183489 (+18,349 PHP) | train_geo=-0.038028 (-3,803 PHP) val_geo=0.169829 (+16,983 PHP)
[7/23] V          (strong) mse           dir_acc=0.494 cum_ret=+0.0198 geo_ret=-0.0104 sharpe=+0.071 (buy&hold=+0.0503) [4.1s]
Epoch 001/50 | train_loss=-0.000363 val_loss=-0.000769 | train_profit=0.974245 (+97,425 PHP) val_profit=0.299033 (+29,903 PHP) | train_geo=1.119755 (+111,976 PHP) val_geo=0.313164 (+31,316 PHP)
Epoch 002/50 | train_loss=-0.000506 val_loss=-0.000728 | train_profit=1.065938 (+106,594 PHP) val_profit=0.299033 (+29,903 PHP) | train_geo=1.323503 (+132,350 PHP) val_geo=0.313164 (+31,316 PHP)
Epoch 003/50 | train_loss=-0.000536 val_loss=-0.000739 | train_profit=1.065938 (+106,594 PHP) val_profit=0.299033 (+29,903 PHP) | train_geo=1.323503 (+132,350 PHP) val_geo=0.313164 (+31,316 PHP)
Epoch 004/50 | train_loss=-0.000520 val_loss=-0.000712 | train_profit=1.065938 (+106,594 PHP) val_profit=0.299033 (+29,903 PHP) | train_geo=1.323503 (+132,350 PHP) val_geo=0.313164 (+31,316 PHP)
Epoch 005/50 | train_loss=-0.000521 val_loss=-0.000760 | train_profit=1.065938 (+106,594 PHP) val_profit=0.299033 (+29,903 PHP) | train_geo=1.323503 (+132,350 PHP) val_geo=0.313164 (+31,316 PHP)
Epoch 006/50 | train_loss=-0.000542 val_loss=-0.000777 | train_profit=1.065938 (+106,594 PHP) val_profit=0.299033 (+29,903 PHP) | train_geo=1.323503 (+132,350 PHP) val_geo=0.313164 (+31,316 PHP)
Epoch 007/50 | train_loss=-0.000545 val_loss=-0.000771 | train_profit=1.065938 (+106,594 PHP) val_profit=0.299033 (+29,903 PHP) | train_geo=1.323503 (+132,350 PHP) val_geo=0.313164 (+31,316 PHP)
Epoch 008/50 | train_loss=-0.000547 val_loss=-0.000765 | train_profit=1.065938 (+106,594 PHP) val_profit=0.299033 (+29,903 PHP) | train_geo=1.323503 (+132,350 PHP) val_geo=0.313164 (+31,316 PHP)
Epoch 009/50 | train_loss=-0.000532 val_loss=-0.000773 | train_profit=1.065938 (+106,594 PHP) val_profit=0.299033 (+29,903 PHP) | train_geo=1.323503 (+132,350 PHP) val_geo=0.313164 (+31,316 PHP)
Epoch 010/50 | train_loss=-0.000541 val_loss=-0.000762 | train_profit=1.065938 (+106,594 PHP) val_profit=0.299033 (+29,903 PHP) | train_geo=1.323503 (+132,350 PHP) val_geo=0.313164 (+31,316 PHP)
Epoch 011/50 | train_loss=-0.000553 val_loss=-0.000773 | train_profit=1.065938 (+106,594 PHP) val_profit=0.299033 (+29,903 PHP) | train_geo=1.323503 (+132,350 PHP) val_geo=0.313164 (+31,316 PHP)
Epoch 012/50 | train_loss=-0.000558 val_loss=-0.000769 | train_profit=1.065938 (+106,594 PHP) val_profit=0.299033 (+29,903 PHP) | train_geo=1.323503 (+132,350 PHP) val_geo=0.313164 (+31,316 PHP)
Epoch 013/50 | train_loss=-0.000549 val_loss=-0.000773 | train_profit=1.065938 (+106,594 PHP) val_profit=0.299033 (+29,903 PHP) | train_geo=1.323503 (+132,350 PHP) val_geo=0.313164 (+31,316 PHP)
Epoch 014/50 | train_loss=-0.000545 val_loss=-0.000759 | train_profit=1.065938 (+106,594 PHP) val_profit=0.299033 (+29,903 PHP) | train_geo=1.323503 (+132,350 PHP) val_geo=0.313164 (+31,316 PHP)
Epoch 015/50 | train_loss=-0.000552 val_loss=-0.000760 | train_profit=1.065938 (+106,594 PHP) val_profit=0.299033 (+29,903 PHP) | train_geo=1.323503 (+132,350 PHP) val_geo=0.313164 (+31,316 PHP)
Epoch 016/50 | train_loss=-0.000555 val_loss=-0.000763 | train_profit=1.065938 (+106,594 PHP) val_profit=0.299033 (+29,903 PHP) | train_geo=1.323503 (+132,350 PHP) val_geo=0.313164 (+31,316 PHP)
Epoch 017/50 | train_loss=-0.000563 val_loss=-0.000764 | train_profit=1.065938 (+106,594 PHP) val_profit=0.299033 (+29,903 PHP) | train_geo=1.323503 (+132,350 PHP) val_geo=0.313164 (+31,316 PHP)
Epoch 018/50 | train_loss=-0.000561 val_loss=-0.000770 | train_profit=1.065938 (+106,594 PHP) val_profit=0.299033 (+29,903 PHP) | train_geo=1.323503 (+132,350 PHP) val_geo=0.313164 (+31,316 PHP)
Epoch 019/50 | train_loss=-0.000563 val_loss=-0.000763 | train_profit=1.065938 (+106,594 PHP) val_profit=0.299033 (+29,903 PHP) | train_geo=1.323503 (+132,350 PHP) val_geo=0.313164 (+31,316 PHP)
Epoch 020/50 | train_loss=-0.000563 val_loss=-0.000769 | train_profit=1.065938 (+106,594 PHP) val_profit=0.299033 (+29,903 PHP) | train_geo=1.323503 (+132,350 PHP) val_geo=0.313164 (+31,316 PHP)
Epoch 021/50 | train_loss=-0.000559 val_loss=-0.000767 | train_profit=1.065938 (+106,594 PHP) val_profit=0.299033 (+29,903 PHP) | train_geo=1.323503 (+132,350 PHP) val_geo=0.313164 (+31,316 PHP)
Epoch 022/50 | train_loss=-0.000563 val_loss=-0.000755 | train_profit=1.065938 (+106,594 PHP) val_profit=0.299033 (+29,903 PHP) | train_geo=1.323503 (+132,350 PHP) val_geo=0.313164 (+31,316 PHP)
Epoch 023/50 | train_loss=-0.000562 val_loss=-0.000765 | train_profit=1.065938 (+106,594 PHP) val_profit=0.299033 (+29,903 PHP) | train_geo=1.323503 (+132,350 PHP) val_geo=0.313164 (+31,316 PHP)
Epoch 024/50 | train_loss=-0.000566 val_loss=-0.000764 | train_profit=1.065938 (+106,594 PHP) val_profit=0.299033 (+29,903 PHP) | train_geo=1.323503 (+132,350 PHP) val_geo=0.313164 (+31,316 PHP)
Epoch 025/50 | train_loss=-0.000567 val_loss=-0.000761 | train_profit=1.065938 (+106,594 PHP) val_profit=0.299033 (+29,903 PHP) | train_geo=1.323503 (+132,350 PHP) val_geo=0.313164 (+31,316 PHP)
Epoch 026/50 | train_loss=-0.000563 val_loss=-0.000761 | train_profit=1.065938 (+106,594 PHP) val_profit=0.299033 (+29,903 PHP) | train_geo=1.323503 (+132,350 PHP) val_geo=0.313164 (+31,316 PHP)
Epoch 027/50 | train_loss=-0.000562 val_loss=-0.000760 | train_profit=1.065938 (+106,594 PHP) val_profit=0.299033 (+29,903 PHP) | train_geo=1.323503 (+132,350 PHP) val_geo=0.313164 (+31,316 PHP)
Epoch 028/50 | train_loss=-0.000566 val_loss=-0.000757 | train_profit=1.065938 (+106,594 PHP) val_profit=0.299033 (+29,903 PHP) | train_geo=1.323503 (+132,350 PHP) val_geo=0.313164 (+31,316 PHP)
Epoch 029/50 | train_loss=-0.000569 val_loss=-0.000763 | train_profit=1.065938 (+106,594 PHP) val_profit=0.299033 (+29,903 PHP) | train_geo=1.323503 (+132,350 PHP) val_geo=0.313164 (+31,316 PHP)
Epoch 030/50 | train_loss=-0.000569 val_loss=-0.000758 | train_profit=1.065938 (+106,594 PHP) val_profit=0.299033 (+29,903 PHP) | train_geo=1.323503 (+132,350 PHP) val_geo=0.313164 (+31,316 PHP)
Epoch 031/50 | train_loss=-0.000570 val_loss=-0.000753 | train_profit=1.065938 (+106,594 PHP) val_profit=0.299033 (+29,903 PHP) | train_geo=1.323503 (+132,350 PHP) val_geo=0.313164 (+31,316 PHP)
Epoch 032/50 | train_loss=-0.000566 val_loss=-0.000755 | train_profit=1.065938 (+106,594 PHP) val_profit=0.299033 (+29,903 PHP) | train_geo=1.323503 (+132,350 PHP) val_geo=0.313164 (+31,316 PHP)
Epoch 033/50 | train_loss=-0.000567 val_loss=-0.000750 | train_profit=1.065938 (+106,594 PHP) val_profit=0.299033 (+29,903 PHP) | train_geo=1.323503 (+132,350 PHP) val_geo=0.313164 (+31,316 PHP)
Epoch 034/50 | train_loss=-0.000569 val_loss=-0.000753 | train_profit=1.065938 (+106,594 PHP) val_profit=0.299033 (+29,903 PHP) | train_geo=1.323503 (+132,350 PHP) val_geo=0.313164 (+31,316 PHP)
Epoch 035/50 | train_loss=-0.000568 val_loss=-0.000751 | train_profit=1.065938 (+106,594 PHP) val_profit=0.299033 (+29,903 PHP) | train_geo=1.323503 (+132,350 PHP) val_geo=0.313164 (+31,316 PHP)
Epoch 036/50 | train_loss=-0.000573 val_loss=-0.000751 | train_profit=1.065938 (+106,594 PHP) val_profit=0.299033 (+29,903 PHP) | train_geo=1.323503 (+132,350 PHP) val_geo=0.313164 (+31,316 PHP)
Epoch 037/50 | train_loss=-0.000569 val_loss=-0.000736 | train_profit=1.065938 (+106,594 PHP) val_profit=0.299033 (+29,903 PHP) | train_geo=1.323503 (+132,350 PHP) val_geo=0.313164 (+31,316 PHP)
Epoch 038/50 | train_loss=-0.000561 val_loss=-0.000742 | train_profit=1.065938 (+106,594 PHP) val_profit=0.299033 (+29,903 PHP) | train_geo=1.323503 (+132,350 PHP) val_geo=0.313164 (+31,316 PHP)
Epoch 039/50 | train_loss=-0.000568 val_loss=-0.000734 | train_profit=1.065938 (+106,594 PHP) val_profit=0.299033 (+29,903 PHP) | train_geo=1.323503 (+132,350 PHP) val_geo=0.313164 (+31,316 PHP)
Epoch 040/50 | train_loss=-0.000563 val_loss=-0.000741 | train_profit=1.065938 (+106,594 PHP) val_profit=0.299033 (+29,903 PHP) | train_geo=1.323503 (+132,350 PHP) val_geo=0.313164 (+31,316 PHP)
Epoch 041/50 | train_loss=-0.000576 val_loss=-0.000725 | train_profit=1.065938 (+106,594 PHP) val_profit=0.299033 (+29,903 PHP) | train_geo=1.323503 (+132,350 PHP) val_geo=0.313164 (+31,316 PHP)
Epoch 042/50 | train_loss=-0.000554 val_loss=-0.000759 | train_profit=1.055283 (+105,528 PHP) val_profit=0.299033 (+29,903 PHP) | train_geo=1.298877 (+129,888 PHP) val_geo=0.313164 (+31,316 PHP)
Epoch 043/50 | train_loss=-0.000543 val_loss=-0.000750 | train_profit=1.065938 (+106,594 PHP) val_profit=0.299033 (+29,903 PHP) | train_geo=1.323503 (+132,350 PHP) val_geo=0.313164 (+31,316 PHP)
Epoch 044/50 | train_loss=-0.000557 val_loss=-0.000709 | train_profit=1.065938 (+106,594 PHP) val_profit=0.299033 (+29,903 PHP) | train_geo=1.323503 (+132,350 PHP) val_geo=0.313164 (+31,316 PHP)
Epoch 045/50 | train_loss=-0.000551 val_loss=-0.000749 | train_profit=1.065938 (+106,594 PHP) val_profit=0.299033 (+29,903 PHP) | train_geo=1.323503 (+132,350 PHP) val_geo=0.313164 (+31,316 PHP)
Epoch 046/50 | train_loss=-0.000578 val_loss=-0.000742 | train_profit=1.065938 (+106,594 PHP) val_profit=0.299033 (+29,903 PHP) | train_geo=1.323503 (+132,350 PHP) val_geo=0.313164 (+31,316 PHP)
Epoch 047/50 | train_loss=-0.000579 val_loss=-0.000726 | train_profit=1.065938 (+106,594 PHP) val_profit=0.299033 (+29,903 PHP) | train_geo=1.323503 (+132,350 PHP) val_geo=0.313164 (+31,316 PHP)
Epoch 048/50 | train_loss=-0.000579 val_loss=-0.000730 | train_profit=1.065938 (+106,594 PHP) val_profit=0.299033 (+29,903 PHP) | train_geo=1.323503 (+132,350 PHP) val_geo=0.313164 (+31,316 PHP)
Epoch 049/50 | train_loss=-0.000579 val_loss=-0.000727 | train_profit=1.065938 (+106,594 PHP) val_profit=0.299033 (+29,903 PHP) | train_geo=1.323503 (+132,350 PHP) val_geo=0.313164 (+31,316 PHP)
Epoch 050/50 | train_loss=-0.000580 val_loss=-0.000710 | train_profit=1.065938 (+106,594 PHP) val_profit=0.299033 (+29,903 PHP) | train_geo=1.323503 (+132,350 PHP) val_geo=0.313164 (+31,316 PHP)
[7/23] V          (strong) profit-aware  dir_acc=0.494 cum_ret=+0.0782 geo_ret=+0.0492 sharpe=+0.282 (buy&hold=+0.0503) [4.9s]
Epoch 001/50 | [PROFIT-LOG] train_loss=-0.000585 val_loss=-0.000852 | train_profit=1.086843 (+108,684 PHP) val_profit=0.299033 (+29,903 PHP) | train_geo=1.372708 (+137,271 PHP) val_geo=0.313164 (+31,316 PHP)
Epoch 002/50 | [PROFIT-LOG] train_loss=-0.000598 val_loss=-0.000852 | train_profit=1.065938 (+106,594 PHP) val_profit=0.299033 (+29,903 PHP) | train_geo=1.323503 (+132,350 PHP) val_geo=0.313164 (+31,316 PHP)
Epoch 003/50 | [PROFIT-LOG] train_loss=-0.000598 val_loss=-0.000852 | train_profit=1.065938 (+106,594 PHP) val_profit=0.299033 (+29,903 PHP) | train_geo=1.323503 (+132,350 PHP) val_geo=0.313164 (+31,316 PHP)
Epoch 004/50 | [PROFIT-LOG] train_loss=-0.000598 val_loss=-0.000852 | train_profit=1.065938 (+106,594 PHP) val_profit=0.299033 (+29,903 PHP) | train_geo=1.323503 (+132,350 PHP) val_geo=0.313164 (+31,316 PHP)
Epoch 005/50 | [PROFIT-LOG] train_loss=-0.000598 val_loss=-0.000852 | train_profit=1.065938 (+106,594 PHP) val_profit=0.299033 (+29,903 PHP) | train_geo=1.323503 (+132,350 PHP) val_geo=0.313164 (+31,316 PHP)
Epoch 006/50 | [PROFIT-LOG] train_loss=-0.000598 val_loss=-0.000852 | train_profit=1.065938 (+106,594 PHP) val_profit=0.299033 (+29,903 PHP) | train_geo=1.323503 (+132,350 PHP) val_geo=0.313164 (+31,316 PHP)
Epoch 007/50 | [PROFIT-LOG] train_loss=-0.000598 val_loss=-0.000852 | train_profit=1.065938 (+106,594 PHP) val_profit=0.299033 (+29,903 PHP) | train_geo=1.323503 (+132,350 PHP) val_geo=0.313164 (+31,316 PHP)
Epoch 008/50 | [PROFIT-LOG] train_loss=-0.000598 val_loss=-0.000852 | train_profit=1.065938 (+106,594 PHP) val_profit=0.299033 (+29,903 PHP) | train_geo=1.323503 (+132,350 PHP) val_geo=0.313164 (+31,316 PHP)
Epoch 009/50 | [PROFIT-LOG] train_loss=-0.000598 val_loss=-0.000852 | train_profit=1.065938 (+106,594 PHP) val_profit=0.299033 (+29,903 PHP) | train_geo=1.323503 (+132,350 PHP) val_geo=0.313164 (+31,316 PHP)
Epoch 010/50 | [PROFIT-LOG] train_loss=-0.000598 val_loss=-0.000852 | train_profit=1.065938 (+106,594 PHP) val_profit=0.299033 (+29,903 PHP) | train_geo=1.323503 (+132,350 PHP) val_geo=0.313164 (+31,316 PHP)
Epoch 011/50 | [PROFIT-LOG] train_loss=-0.000598 val_loss=-0.000852 | train_profit=1.065938 (+106,594 PHP) val_profit=0.299033 (+29,903 PHP) | train_geo=1.323503 (+132,350 PHP) val_geo=0.313164 (+31,316 PHP)
Epoch 012/50 | [PROFIT-LOG] train_loss=-0.000598 val_loss=-0.000852 | train_profit=1.065938 (+106,594 PHP) val_profit=0.299033 (+29,903 PHP) | train_geo=1.323503 (+132,350 PHP) val_geo=0.313164 (+31,316 PHP)
Epoch 013/50 | [PROFIT-LOG] train_loss=-0.000598 val_loss=-0.000852 | train_profit=1.065938 (+106,594 PHP) val_profit=0.299033 (+29,903 PHP) | train_geo=1.323503 (+132,350 PHP) val_geo=0.313164 (+31,316 PHP)
Epoch 014/50 | [PROFIT-LOG] train_loss=-0.000598 val_loss=-0.000852 | train_profit=1.065938 (+106,594 PHP) val_profit=0.299033 (+29,903 PHP) | train_geo=1.323503 (+132,350 PHP) val_geo=0.313164 (+31,316 PHP)
Epoch 015/50 | [PROFIT-LOG] train_loss=-0.000598 val_loss=-0.000852 | train_profit=1.065938 (+106,594 PHP) val_profit=0.299033 (+29,903 PHP) | train_geo=1.323503 (+132,350 PHP) val_geo=0.313164 (+31,316 PHP)
Epoch 016/50 | [PROFIT-LOG] train_loss=-0.000598 val_loss=-0.000852 | train_profit=1.065938 (+106,594 PHP) val_profit=0.299033 (+29,903 PHP) | train_geo=1.323503 (+132,350 PHP) val_geo=0.313164 (+31,316 PHP)
Epoch 017/50 | [PROFIT-LOG] train_loss=-0.000598 val_loss=-0.000852 | train_profit=1.065938 (+106,594 PHP) val_profit=0.299033 (+29,903 PHP) | train_geo=1.323503 (+132,350 PHP) val_geo=0.313164 (+31,316 PHP)
Epoch 018/50 | [PROFIT-LOG] train_loss=-0.000598 val_loss=-0.000852 | train_profit=1.065938 (+106,594 PHP) val_profit=0.299033 (+29,903 PHP) | train_geo=1.323503 (+132,350 PHP) val_geo=0.313164 (+31,316 PHP)
Epoch 019/50 | [PROFIT-LOG] train_loss=-0.000598 val_loss=-0.000852 | train_profit=1.065938 (+106,594 PHP) val_profit=0.299033 (+29,903 PHP) | train_geo=1.323503 (+132,350 PHP) val_geo=0.313164 (+31,316 PHP)
Epoch 020/50 | [PROFIT-LOG] train_loss=-0.000598 val_loss=-0.000852 | train_profit=1.065938 (+106,594 PHP) val_profit=0.299033 (+29,903 PHP) | train_geo=1.323503 (+132,350 PHP) val_geo=0.313164 (+31,316 PHP)
Epoch 021/50 | [PROFIT-LOG] train_loss=-0.000598 val_loss=-0.000852 | train_profit=1.065938 (+106,594 PHP) val_profit=0.299033 (+29,903 PHP) | train_geo=1.323503 (+132,350 PHP) val_geo=0.313164 (+31,316 PHP)
Epoch 022/50 | [PROFIT-LOG] train_loss=-0.000598 val_loss=-0.000852 | train_profit=1.065938 (+106,594 PHP) val_profit=0.299033 (+29,903 PHP) | train_geo=1.323503 (+132,350 PHP) val_geo=0.313164 (+31,316 PHP)
Epoch 023/50 | [PROFIT-LOG] train_loss=-0.000598 val_loss=-0.000852 | train_profit=1.065938 (+106,594 PHP) val_profit=0.299033 (+29,903 PHP) | train_geo=1.323503 (+132,350 PHP) val_geo=0.313164 (+31,316 PHP)
Epoch 024/50 | [PROFIT-LOG] train_loss=-0.000598 val_loss=-0.000852 | train_profit=1.065938 (+106,594 PHP) val_profit=0.299033 (+29,903 PHP) | train_geo=1.323503 (+132,350 PHP) val_geo=0.313164 (+31,316 PHP)
Epoch 025/50 | [PROFIT-LOG] train_loss=-0.000598 val_loss=-0.000852 | train_profit=1.065938 (+106,594 PHP) val_profit=0.299033 (+29,903 PHP) | train_geo=1.323503 (+132,350 PHP) val_geo=0.313164 (+31,316 PHP)
Epoch 026/50 | [PROFIT-LOG] train_loss=-0.000598 val_loss=-0.000852 | train_profit=1.065938 (+106,594 PHP) val_profit=0.299033 (+29,903 PHP) | train_geo=1.323503 (+132,350 PHP) val_geo=0.313164 (+31,316 PHP)
Epoch 027/50 | [PROFIT-LOG] train_loss=-0.000598 val_loss=-0.000852 | train_profit=1.065938 (+106,594 PHP) val_profit=0.299033 (+29,903 PHP) | train_geo=1.323503 (+132,350 PHP) val_geo=0.313164 (+31,316 PHP)
Epoch 028/50 | [PROFIT-LOG] train_loss=-0.000598 val_loss=-0.000852 | train_profit=1.065938 (+106,594 PHP) val_profit=0.299033 (+29,903 PHP) | train_geo=1.323503 (+132,350 PHP) val_geo=0.313164 (+31,316 PHP)
Epoch 029/50 | [PROFIT-LOG] train_loss=-0.000598 val_loss=-0.000852 | train_profit=1.065938 (+106,594 PHP) val_profit=0.299033 (+29,903 PHP) | train_geo=1.323503 (+132,350 PHP) val_geo=0.313164 (+31,316 PHP)
Epoch 030/50 | [PROFIT-LOG] train_loss=-0.000598 val_loss=-0.000852 | train_profit=1.065938 (+106,594 PHP) val_profit=0.299033 (+29,903 PHP) | train_geo=1.323503 (+132,350 PHP) val_geo=0.313164 (+31,316 PHP)
Epoch 031/50 | [PROFIT-LOG] train_loss=-0.000598 val_loss=-0.000852 | train_profit=1.065938 (+106,594 PHP) val_profit=0.299033 (+29,903 PHP) | train_geo=1.323503 (+132,350 PHP) val_geo=0.313164 (+31,316 PHP)
Epoch 032/50 | [PROFIT-LOG] train_loss=-0.000598 val_loss=-0.000852 | train_profit=1.065938 (+106,594 PHP) val_profit=0.299033 (+29,903 PHP) | train_geo=1.323503 (+132,350 PHP) val_geo=0.313164 (+31,316 PHP)
Epoch 033/50 | [PROFIT-LOG] train_loss=-0.000598 val_loss=-0.000852 | train_profit=1.065938 (+106,594 PHP) val_profit=0.299033 (+29,903 PHP) | train_geo=1.323503 (+132,350 PHP) val_geo=0.313164 (+31,316 PHP)
Epoch 034/50 | [PROFIT-LOG] train_loss=-0.000598 val_loss=-0.000852 | train_profit=1.065938 (+106,594 PHP) val_profit=0.299033 (+29,903 PHP) | train_geo=1.323503 (+132,350 PHP) val_geo=0.313164 (+31,316 PHP)
Epoch 035/50 | [PROFIT-LOG] train_loss=-0.000598 val_loss=-0.000852 | train_profit=1.065938 (+106,594 PHP) val_profit=0.299033 (+29,903 PHP) | train_geo=1.323503 (+132,350 PHP) val_geo=0.313164 (+31,316 PHP)
Epoch 036/50 | [PROFIT-LOG] train_loss=-0.000598 val_loss=-0.000852 | train_profit=1.065938 (+106,594 PHP) val_profit=0.299033 (+29,903 PHP) | train_geo=1.323503 (+132,350 PHP) val_geo=0.313164 (+31,316 PHP)
Epoch 037/50 | [PROFIT-LOG] train_loss=-0.000598 val_loss=-0.000852 | train_profit=1.065938 (+106,594 PHP) val_profit=0.299033 (+29,903 PHP) | train_geo=1.323503 (+132,350 PHP) val_geo=0.313164 (+31,316 PHP)
Epoch 038/50 | [PROFIT-LOG] train_loss=-0.000598 val_loss=-0.000852 | train_profit=1.065938 (+106,594 PHP) val_profit=0.299033 (+29,903 PHP) | train_geo=1.323503 (+132,350 PHP) val_geo=0.313164 (+31,316 PHP)
Epoch 039/50 | [PROFIT-LOG] train_loss=-0.000598 val_loss=-0.000852 | train_profit=1.065938 (+106,594 PHP) val_profit=0.299033 (+29,903 PHP) | train_geo=1.323503 (+132,350 PHP) val_geo=0.313164 (+31,316 PHP)
Epoch 040/50 | [PROFIT-LOG] train_loss=-0.000598 val_loss=-0.000852 | train_profit=1.065938 (+106,594 PHP) val_profit=0.299033 (+29,903 PHP) | train_geo=1.323503 (+132,350 PHP) val_geo=0.313164 (+31,316 PHP)
Epoch 041/50 | [PROFIT-LOG] train_loss=-0.000598 val_loss=-0.000852 | train_profit=1.065938 (+106,594 PHP) val_profit=0.299033 (+29,903 PHP) | train_geo=1.323503 (+132,350 PHP) val_geo=0.313164 (+31,316 PHP)
Epoch 042/50 | [PROFIT-LOG] train_loss=-0.000598 val_loss=-0.000852 | train_profit=1.065938 (+106,594 PHP) val_profit=0.299033 (+29,903 PHP) | train_geo=1.323503 (+132,350 PHP) val_geo=0.313164 (+31,316 PHP)
Epoch 043/50 | [PROFIT-LOG] train_loss=-0.000598 val_loss=-0.000852 | train_profit=1.065938 (+106,594 PHP) val_profit=0.299033 (+29,903 PHP) | train_geo=1.323503 (+132,350 PHP) val_geo=0.313164 (+31,316 PHP)
Epoch 044/50 | [PROFIT-LOG] train_loss=-0.000598 val_loss=-0.000852 | train_profit=1.065938 (+106,594 PHP) val_profit=0.299033 (+29,903 PHP) | train_geo=1.323503 (+132,350 PHP) val_geo=0.313164 (+31,316 PHP)
Epoch 045/50 | [PROFIT-LOG] train_loss=-0.000598 val_loss=-0.000852 | train_profit=1.065938 (+106,594 PHP) val_profit=0.299033 (+29,903 PHP) | train_geo=1.323503 (+132,350 PHP) val_geo=0.313164 (+31,316 PHP)
Epoch 046/50 | [PROFIT-LOG] train_loss=-0.000598 val_loss=-0.000852 | train_profit=1.065938 (+106,594 PHP) val_profit=0.299033 (+29,903 PHP) | train_geo=1.323503 (+132,350 PHP) val_geo=0.313164 (+31,316 PHP)
Epoch 047/50 | [PROFIT-LOG] train_loss=-0.000598 val_loss=-0.000852 | train_profit=1.065938 (+106,594 PHP) val_profit=0.299033 (+29,903 PHP) | train_geo=1.323503 (+132,350 PHP) val_geo=0.313164 (+31,316 PHP)
Epoch 048/50 | [PROFIT-LOG] train_loss=-0.000598 val_loss=-0.000852 | train_profit=1.065938 (+106,594 PHP) val_profit=0.299033 (+29,903 PHP) | train_geo=1.323503 (+132,350 PHP) val_geo=0.313164 (+31,316 PHP)
Epoch 049/50 | [PROFIT-LOG] train_loss=-0.000598 val_loss=-0.000852 | train_profit=1.065938 (+106,594 PHP) val_profit=0.299033 (+29,903 PHP) | train_geo=1.323503 (+132,350 PHP) val_geo=0.313164 (+31,316 PHP)
Epoch 050/50 | [PROFIT-LOG] train_loss=-0.000598 val_loss=-0.000852 | train_profit=1.065938 (+106,594 PHP) val_profit=0.299033 (+29,903 PHP) | train_geo=1.323503 (+132,350 PHP) val_geo=0.313164 (+31,316 PHP)
[7/23] V          (strong) profit-log    dir_acc=0.494 cum_ret=+0.0782 geo_ret=+0.0492 sharpe=+0.282 (buy&hold=+0.0503) [4.9s]
Epoch 001/50 | [MSE] train_loss=0.000578 val_loss=0.000463 | train_profit=0.375076 (+37,508 PHP) val_profit=0.160589 (+16,059 PHP) | train_geo=0.091272 (+9,127 PHP) val_geo=0.105380 (+10,538 PHP)
Epoch 002/50 | [MSE] train_loss=0.000479 val_loss=0.000416 | train_profit=0.828453 (+82,845 PHP) val_profit=0.160589 (+16,059 PHP) | train_geo=0.716906 (+71,691 PHP) val_geo=0.105380 (+10,538 PHP)
Epoch 003/50 | [MSE] train_loss=0.000452 val_loss=0.000401 | train_profit=0.655003 (+65,500 PHP) val_profit=0.160589 (+16,059 PHP) | train_geo=0.443082 (+44,308 PHP) val_geo=0.105380 (+10,538 PHP)
Epoch 004/50 | [MSE] train_loss=0.000426 val_loss=0.000390 | train_profit=0.345864 (+34,586 PHP) val_profit=0.172160 (+17,216 PHP) | train_geo=0.058872 (+5,887 PHP) val_geo=0.118242 (+11,824 PHP)
Epoch 005/50 | [MSE] train_loss=0.000423 val_loss=0.000404 | train_profit=-0.235960 (-23,596 PHP) val_profit=0.160589 (+16,059 PHP) | train_geo=-0.409272 (-40,927 PHP) val_geo=0.105380 (+10,538 PHP)
Epoch 006/50 | [MSE] train_loss=0.000415 val_loss=0.000404 | train_profit=0.570467 (+57,047 PHP) val_profit=0.160589 (+16,059 PHP) | train_geo=0.325481 (+32,548 PHP) val_geo=0.105380 (+10,538 PHP)
Epoch 007/50 | [MSE] train_loss=0.000423 val_loss=0.000406 | train_profit=0.293749 (+29,375 PHP) val_profit=0.160589 (+16,059 PHP) | train_geo=0.004336 (+434 PHP) val_geo=0.105380 (+10,538 PHP)
Epoch 008/50 | [MSE] train_loss=0.000418 val_loss=0.000400 | train_profit=0.308612 (+30,861 PHP) val_profit=0.160589 (+16,059 PHP) | train_geo=0.019537 (+1,954 PHP) val_geo=0.105380 (+10,538 PHP)
Epoch 009/50 | [MSE] train_loss=0.000415 val_loss=0.000407 | train_profit=0.109054 (+10,905 PHP) val_profit=0.160589 (+16,059 PHP) | train_geo=-0.164218 (-16,422 PHP) val_geo=0.105380 (+10,538 PHP)
Epoch 010/50 | [MSE] train_loss=0.000417 val_loss=0.000409 | train_profit=0.209132 (+20,913 PHP) val_profit=0.160589 (+16,059 PHP) | train_geo=-0.077219 (-7,722 PHP) val_geo=0.105380 (+10,538 PHP)
Epoch 011/50 | [MSE] train_loss=0.000414 val_loss=0.000412 | train_profit=0.166487 (+16,649 PHP) val_profit=0.160589 (+16,059 PHP) | train_geo=-0.115475 (-11,548 PHP) val_geo=0.105380 (+10,538 PHP)
Epoch 012/50 | [MSE] train_loss=0.000413 val_loss=0.000418 | train_profit=1.056120 (+105,612 PHP) val_profit=0.160589 (+16,059 PHP) | train_geo=1.156426 (+115,643 PHP) val_geo=0.105380 (+10,538 PHP)
Epoch 013/50 | [MSE] train_loss=0.000419 val_loss=0.000424 | train_profit=-0.023617 (-2,362 PHP) val_profit=0.160589 (+16,059 PHP) | train_geo=-0.269614 (-26,961 PHP) val_geo=0.105380 (+10,538 PHP)
Epoch 014/50 | [MSE] train_loss=0.000423 val_loss=0.000427 | train_profit=0.341736 (+34,174 PHP) val_profit=0.160589 (+16,059 PHP) | train_geo=0.053574 (+5,357 PHP) val_geo=0.105380 (+10,538 PHP)
Epoch 015/50 | [MSE] train_loss=0.000426 val_loss=0.000425 | train_profit=0.991243 (+99,124 PHP) val_profit=0.160589 (+16,059 PHP) | train_geo=1.021759 (+102,176 PHP) val_geo=0.105380 (+10,538 PHP)
Epoch 016/50 | [MSE] train_loss=0.000428 val_loss=0.000419 | train_profit=-0.289994 (-28,999 PHP) val_profit=0.160589 (+16,059 PHP) | train_geo=-0.439990 (-43,999 PHP) val_geo=0.105380 (+10,538 PHP)
Epoch 017/50 | [MSE] train_loss=0.000425 val_loss=0.000404 | train_profit=0.415413 (+41,541 PHP) val_profit=0.160589 (+16,059 PHP) | train_geo=0.136344 (+13,634 PHP) val_geo=0.105380 (+10,538 PHP)
Epoch 018/50 | [MSE] train_loss=0.000422 val_loss=0.000395 | train_profit=-0.017316 (-1,732 PHP) val_profit=0.160589 (+16,059 PHP) | train_geo=-0.263095 (-26,310 PHP) val_geo=0.105380 (+10,538 PHP)
Epoch 019/50 | [MSE] train_loss=0.000420 val_loss=0.000390 | train_profit=0.132261 (+13,226 PHP) val_profit=0.160589 (+16,059 PHP) | train_geo=-0.144108 (-14,411 PHP) val_geo=0.105380 (+10,538 PHP)
Epoch 020/50 | [MSE] train_loss=0.000424 val_loss=0.000386 | train_profit=-0.506952 (-50,695 PHP) val_profit=0.177862 (+17,786 PHP) | train_geo=-0.548773 (-54,877 PHP) val_geo=0.124683 (+12,468 PHP)
Epoch 021/50 | [MSE] train_loss=0.000419 val_loss=0.000384 | train_profit=-0.879855 (-87,986 PHP) val_profit=0.177862 (+17,786 PHP) | train_geo=-0.689379 (-68,938 PHP) val_geo=0.124683 (+12,468 PHP)
Epoch 022/50 | [MSE] train_loss=0.000417 val_loss=0.000382 | train_profit=0.189494 (+18,949 PHP) val_profit=0.171039 (+17,104 PHP) | train_geo=-0.093086 (-9,309 PHP) val_geo=0.116952 (+11,695 PHP)
Epoch 023/50 | [MSE] train_loss=0.000416 val_loss=0.000381 | train_profit=-0.205239 (-20,524 PHP) val_profit=0.171039 (+17,104 PHP) | train_geo=-0.389479 (-38,948 PHP) val_geo=0.116952 (+11,695 PHP)
Epoch 024/50 | [MSE] train_loss=0.000418 val_loss=0.000380 | train_profit=-0.675107 (-67,511 PHP) val_profit=0.171039 (+17,104 PHP) | train_geo=-0.618584 (-61,858 PHP) val_geo=0.116952 (+11,695 PHP)
Epoch 025/50 | [MSE] train_loss=0.000416 val_loss=0.000381 | train_profit=-0.701698 (-70,170 PHP) val_profit=0.171039 (+17,104 PHP) | train_geo=-0.628575 (-62,857 PHP) val_geo=0.116952 (+11,695 PHP)
Epoch 026/50 | [MSE] train_loss=0.000415 val_loss=0.000380 | train_profit=-0.597125 (-59,712 PHP) val_profit=0.203890 (+20,389 PHP) | train_geo=-0.587369 (-58,737 PHP) val_geo=0.154223 (+15,422 PHP)
Epoch 027/50 | [MSE] train_loss=0.000410 val_loss=0.000379 | train_profit=-0.700326 (-70,033 PHP) val_profit=0.203890 (+20,389 PHP) | train_geo=-0.628146 (-62,815 PHP) val_geo=0.154223 (+15,422 PHP)
Epoch 028/50 | [MSE] train_loss=0.000413 val_loss=0.000379 | train_profit=0.076540 (+7,654 PHP) val_profit=0.349737 (+34,974 PHP) | train_geo=-0.190090 (-19,009 PHP) val_geo=0.335992 (+33,599 PHP)
Epoch 029/50 | [MSE] train_loss=0.000413 val_loss=0.000379 | train_profit=0.032019 (+3,202 PHP) val_profit=0.432677 (+43,268 PHP) | train_geo=-0.224509 (-22,451 PHP) val_geo=0.451551 (+45,155 PHP)
Epoch 030/50 | [MSE] train_loss=0.000410 val_loss=0.000378 | train_profit=-0.523815 (-52,382 PHP) val_profit=0.398682 (+39,868 PHP) | train_geo=-0.555409 (-55,541 PHP) val_geo=0.402755 (+40,276 PHP)
Epoch 031/50 | [MSE] train_loss=0.000413 val_loss=0.000377 | train_profit=-0.490892 (-49,089 PHP) val_profit=0.454367 (+45,437 PHP) | train_geo=-0.540844 (-54,084 PHP) val_geo=0.483196 (+48,320 PHP)
Epoch 032/50 | [MSE] train_loss=0.000411 val_loss=0.000377 | train_profit=-0.462888 (-46,289 PHP) val_profit=0.471161 (+47,116 PHP) | train_geo=-0.528138 (-52,814 PHP) val_geo=0.508346 (+50,835 PHP)
Epoch 033/50 | [MSE] train_loss=0.000410 val_loss=0.000376 | train_profit=0.417434 (+41,743 PHP) val_profit=0.687407 (+68,741 PHP) | train_geo=0.139768 (+13,977 PHP) val_geo=0.872953 (+87,295 PHP)
Epoch 034/50 | [MSE] train_loss=0.000413 val_loss=0.000376 | train_profit=-0.649623 (-64,962 PHP) val_profit=0.781887 (+78,189 PHP) | train_geo=-0.609271 (-60,927 PHP) val_geo=1.059014 (+105,901 PHP)
Epoch 035/50 | [MSE] train_loss=0.000409 val_loss=0.000375 | train_profit=-0.451115 (-45,112 PHP) val_profit=0.735801 (+73,580 PHP) | train_geo=-0.522266 (-52,227 PHP) val_geo=0.966049 (+96,605 PHP)
Epoch 036/50 | [MSE] train_loss=0.000407 val_loss=0.000376 | train_profit=0.068128 (+6,813 PHP) val_profit=0.391084 (+39,108 PHP) | train_geo=-0.196043 (-19,604 PHP) val_geo=0.392210 (+39,221 PHP)
Epoch 037/50 | [MSE] train_loss=0.000412 val_loss=0.000375 | train_profit=-0.384336 (-38,434 PHP) val_profit=0.915135 (+91,514 PHP) | train_geo=-0.489154 (-48,915 PHP) val_geo=1.353325 (+135,332 PHP)
Epoch 038/50 | [MSE] train_loss=0.000411 val_loss=0.000374 | train_profit=0.694182 (+69,418 PHP) val_profit=1.168637 (+116,864 PHP) | train_geo=0.504069 (+50,407 PHP) val_geo=2.034521 (+203,452 PHP)
Epoch 039/50 | [MSE] train_loss=0.000411 val_loss=0.000374 | train_profit=0.213527 (+21,353 PHP) val_profit=1.108389 (+110,839 PHP) | train_geo=-0.069701 (-6,970 PHP) val_geo=1.856939 (+185,694 PHP)
Epoch 040/50 | [MSE] train_loss=0.000411 val_loss=0.000374 | train_profit=0.283914 (+28,391 PHP) val_profit=1.123632 (+112,363 PHP) | train_geo=-0.003571 (-357 PHP) val_geo=1.900377 (+190,038 PHP)
Epoch 041/50 | [MSE] train_loss=0.000410 val_loss=0.000374 | train_profit=-0.257606 (-25,761 PHP) val_profit=0.896685 (+89,668 PHP) | train_geo=-0.420206 (-42,021 PHP) val_geo=1.310582 (+131,058 PHP)
Epoch 042/50 | [MSE] train_loss=0.000408 val_loss=0.000373 | train_profit=0.632530 (+63,253 PHP) val_profit=0.872995 (+87,300 PHP) | train_geo=0.414775 (+41,478 PHP) val_geo=1.256694 (+125,669 PHP)
Epoch 043/50 | [MSE] train_loss=0.000409 val_loss=0.000374 | train_profit=0.021244 (+2,124 PHP) val_profit=1.107308 (+110,731 PHP) | train_geo=-0.233583 (-23,358 PHP) val_geo=1.853415 (+185,341 PHP)
Epoch 044/50 | [MSE] train_loss=0.000409 val_loss=0.000374 | train_profit=-0.417480 (-41,748 PHP) val_profit=1.225766 (+122,577 PHP) | train_geo=-0.506180 (-50,618 PHP) val_geo=2.212800 (+221,280 PHP)
Epoch 045/50 | [MSE] train_loss=0.000411 val_loss=0.000373 | train_profit=0.036678 (+3,668 PHP) val_profit=1.059781 (+105,978 PHP) | train_geo=-0.221682 (-22,168 PHP) val_geo=1.721337 (+172,134 PHP)
Epoch 046/50 | [MSE] train_loss=0.000410 val_loss=0.000374 | train_profit=0.663233 (+66,323 PHP) val_profit=1.263411 (+126,341 PHP) | train_geo=0.460085 (+46,009 PHP) val_geo=2.336650 (+233,665 PHP)
Epoch 047/50 | [MSE] train_loss=0.000408 val_loss=0.000373 | train_profit=-0.241073 (-24,107 PHP) val_profit=1.037715 (+103,771 PHP) | train_geo=-0.410889 (-41,089 PHP) val_geo=1.661376 (+166,138 PHP)
Epoch 048/50 | [MSE] train_loss=0.000409 val_loss=0.000374 | train_profit=-0.273091 (-27,309 PHP) val_profit=1.094065 (+109,407 PHP) | train_geo=-0.428969 (-42,897 PHP) val_geo=1.816508 (+181,651 PHP)
Epoch 049/50 | [MSE] train_loss=0.000407 val_loss=0.000373 | train_profit=0.355051 (+35,505 PHP) val_profit=1.127103 (+112,710 PHP) | train_geo=0.070785 (+7,079 PHP) val_geo=1.910776 (+191,078 PHP)
Epoch 050/50 | [MSE] train_loss=0.000411 val_loss=0.000374 | train_profit=-1.016283 (-101,628 PHP) val_profit=1.028738 (+102,874 PHP) | train_geo=-0.729145 (-72,915 PHP) val_geo=1.637843 (+163,784 PHP)
[8/23] GOOGL      (mid   ) mse           dir_acc=0.506 cum_ret=-0.1025 geo_ret=-0.1527 sharpe=-0.257 (buy&hold=+1.2511) [4.1s]
Epoch 001/50 | train_loss=-0.000223 val_loss=0.000390 | train_profit=1.219727 (+121,973 PHP) val_profit=0.132225 (+13,223 PHP) | train_geo=1.537031 (+153,703 PHP) val_geo=0.074414 (+7,441 PHP)
Epoch 002/50 | train_loss=-0.000582 val_loss=0.000830 | train_profit=1.485015 (+148,502 PHP) val_profit=-0.173522 (-17,352 PHP) | train_geo=2.312960 (+231,296 PHP) val_geo=-0.208630 (-20,863 PHP)
Epoch 003/50 | train_loss=-0.000390 val_loss=0.001128 | train_profit=0.575728 (+57,573 PHP) val_profit=-0.094898 (-9,490 PHP) | train_geo=0.333041 (+33,304 PHP) val_geo=-0.143874 (-14,387 PHP)
Epoch 004/50 | train_loss=-0.000439 val_loss=0.001784 | train_profit=1.001297 (+100,130 PHP) val_profit=-0.385684 (-38,568 PHP) | train_geo=1.042641 (+104,264 PHP) val_geo=-0.360088 (-36,009 PHP)
Epoch 005/50 | train_loss=-0.000267 val_loss=0.001059 | train_profit=1.274696 (+127,470 PHP) val_profit=-0.085586 (-8,559 PHP) | train_geo=1.683788 (+168,379 PHP) val_geo=-0.136178 (-13,618 PHP)
Epoch 006/50 | train_loss=0.000021 val_loss=0.002195 | train_profit=0.910267 (+91,027 PHP) val_profit=-0.423016 (-42,302 PHP) | train_geo=0.864657 (+86,466 PHP) val_geo=-0.383997 (-38,400 PHP)
Epoch 007/50 | train_loss=0.000098 val_loss=0.001635 | train_profit=0.319630 (+31,963 PHP) val_profit=-0.308743 (-30,874 PHP) | train_geo=0.031025 (+3,102 PHP) val_geo=-0.308907 (-30,891 PHP)
Epoch 008/50 | train_loss=-0.000207 val_loss=0.001106 | train_profit=1.380903 (+138,090 PHP) val_profit=-0.115374 (-11,537 PHP) | train_geo=1.983587 (+198,359 PHP) val_geo=-0.161583 (-16,158 PHP)
Epoch 009/50 | train_loss=0.000187 val_loss=0.002328 | train_profit=0.560893 (+56,089 PHP) val_profit=-0.443263 (-44,326 PHP) | train_geo=0.314030 (+31,403 PHP) val_geo=-0.396467 (-39,647 PHP)
Epoch 010/50 | train_loss=0.000089 val_loss=0.001620 | train_profit=0.469156 (+46,916 PHP) val_profit=-0.237350 (-23,735 PHP) | train_geo=0.197411 (+19,741 PHP) val_geo=-0.257724 (-25,772 PHP)
Epoch 011/50 | train_loss=-0.000360 val_loss=0.000913 | train_profit=1.152704 (+115,270 PHP) val_profit=0.018217 (+1,822 PHP) | train_geo=1.376241 (+137,624 PHP) val_geo=-0.041358 (-4,136 PHP)
Epoch 012/50 | train_loss=-0.000611 val_loss=0.001107 | train_profit=1.308477 (+130,848 PHP) val_profit=-0.094356 (-9,436 PHP) | train_geo=1.777341 (+177,734 PHP) val_geo=-0.143499 (-14,350 PHP)
Epoch 013/50 | train_loss=-0.000455 val_loss=0.001706 | train_profit=1.075510 (+107,551 PHP) val_profit=-0.198956 (-19,896 PHP) | train_geo=1.199862 (+119,986 PHP) val_geo=-0.228571 (-22,857 PHP)
Epoch 014/50 | train_loss=-0.000583 val_loss=0.001598 | train_profit=1.042616 (+104,262 PHP) val_profit=-0.166619 (-16,662 PHP) | train_geo=1.128511 (+112,851 PHP) val_geo=-0.203198 (-20,320 PHP)
Epoch 015/50 | train_loss=-0.000678 val_loss=0.000842 | train_profit=1.399076 (+139,908 PHP) val_profit=-0.002153 (-215 PHP) | train_geo=2.040742 (+204,074 PHP) val_geo=-0.060776 (-6,078 PHP)
Epoch 016/50 | train_loss=-0.000719 val_loss=0.000826 | train_profit=1.542298 (+154,230 PHP) val_profit=0.044105 (+4,410 PHP) | train_geo=2.510133 (+251,013 PHP) val_geo=-0.016091 (-1,609 PHP)
Epoch 017/50 | train_loss=-0.000893 val_loss=0.001014 | train_profit=1.530261 (+153,026 PHP) val_profit=-0.185519 (-18,552 PHP) | train_geo=2.469244 (+246,924 PHP) val_geo=-0.218179 (-21,818 PHP)
Epoch 018/50 | train_loss=-0.001009 val_loss=0.000446 | train_profit=1.619490 (+161,949 PHP) val_profit=-0.023876 (-2,388 PHP) | train_geo=2.792794 (+279,279 PHP) val_geo=-0.081012 (-8,101 PHP)
Epoch 019/50 | train_loss=-0.001039 val_loss=0.000102 | train_profit=1.392332 (+139,233 PHP) val_profit=0.117684 (+11,768 PHP) | train_geo=2.019367 (+201,937 PHP) val_geo=0.058885 (+5,888 PHP)
Epoch 020/50 | train_loss=-0.001119 val_loss=0.000013 | train_profit=1.602221 (+160,222 PHP) val_profit=0.161567 (+16,157 PHP) | train_geo=2.728889 (+272,889 PHP) val_geo=0.106503 (+10,650 PHP)
Epoch 021/50 | train_loss=-0.001303 val_loss=-0.000152 | train_profit=1.765239 (+176,524 PHP) val_profit=0.202007 (+20,201 PHP) | train_geo=3.389342 (+338,934 PHP) val_geo=0.152067 (+15,207 PHP)
Epoch 022/50 | train_loss=-0.001267 val_loss=-0.000140 | train_profit=1.789544 (+178,954 PHP) val_profit=0.133570 (+13,357 PHP) | train_geo=3.497235 (+349,724 PHP) val_geo=0.075893 (+7,589 PHP)
Epoch 023/50 | train_loss=-0.000925 val_loss=0.000391 | train_profit=1.072618 (+107,262 PHP) val_profit=0.014599 (+1,460 PHP) | train_geo=1.193271 (+119,327 PHP) val_geo=-0.044910 (-4,491 PHP)
Epoch 024/50 | train_loss=-0.001214 val_loss=-0.000171 | train_profit=1.631857 (+163,186 PHP) val_profit=0.150877 (+15,088 PHP) | train_geo=2.838705 (+283,871 PHP) val_geo=0.094670 (+9,467 PHP)
Epoch 025/50 | train_loss=-0.001305 val_loss=-0.000102 | train_profit=1.744478 (+174,448 PHP) val_profit=0.153071 (+15,307 PHP) | train_geo=3.299724 (+329,972 PHP) val_geo=0.097065 (+9,707 PHP)
Epoch 026/50 | train_loss=-0.001413 val_loss=-0.000236 | train_profit=2.268021 (+226,802 PHP) val_profit=0.239746 (+23,975 PHP) | train_geo=6.261082 (+626,108 PHP) val_geo=0.196490 (+19,649 PHP)
Epoch 027/50 | train_loss=-0.001355 val_loss=-0.000319 | train_profit=1.745758 (+174,576 PHP) val_profit=0.149710 (+14,971 PHP) | train_geo=3.303851 (+330,385 PHP) val_geo=0.093425 (+9,342 PHP)
Epoch 028/50 | train_loss=-0.001245 val_loss=-0.000451 | train_profit=1.656704 (+165,670 PHP) val_profit=0.279151 (+27,915 PHP) | train_geo=2.934256 (+293,426 PHP) val_geo=0.244604 (+24,460 PHP)
Epoch 029/50 | train_loss=-0.001384 val_loss=-0.000219 | train_profit=1.742450 (+174,245 PHP) val_profit=0.271727 (+27,173 PHP) | train_geo=3.286972 (+328,697 PHP) val_geo=0.235658 (+23,566 PHP)
Epoch 030/50 | train_loss=-0.001371 val_loss=-0.000527 | train_profit=1.800569 (+180,057 PHP) val_profit=0.289263 (+28,926 PHP) | train_geo=3.545652 (+354,565 PHP) val_geo=0.257183 (+25,718 PHP)
Epoch 031/50 | train_loss=-0.001349 val_loss=-0.000289 | train_profit=1.831608 (+183,161 PHP) val_profit=0.149710 (+14,971 PHP) | train_geo=3.688539 (+368,854 PHP) val_geo=0.093425 (+9,342 PHP)
Epoch 032/50 | train_loss=-0.001267 val_loss=-0.000092 | train_profit=1.614430 (+161,443 PHP) val_profit=0.259798 (+25,980 PHP) | train_geo=2.773619 (+277,362 PHP) val_geo=0.220776 (+22,078 PHP)
Epoch 033/50 | train_loss=-0.001402 val_loss=-0.000312 | train_profit=1.825028 (+182,503 PHP) val_profit=0.300573 (+30,057 PHP) | train_geo=3.657397 (+365,740 PHP) val_geo=0.271722 (+27,172 PHP)
Epoch 034/50 | train_loss=-0.001551 val_loss=-0.000324 | train_profit=2.072281 (+207,228 PHP) val_profit=0.266164 (+26,616 PHP) | train_geo=4.967346 (+496,735 PHP) val_geo=0.228537 (+22,854 PHP)
Epoch 035/50 | train_loss=-0.001327 val_loss=-0.000273 | train_profit=1.603785 (+160,379 PHP) val_profit=0.209468 (+20,947 PHP) | train_geo=2.732078 (+273,208 PHP) val_geo=0.160762 (+16,076 PHP)
Epoch 036/50 | train_loss=-0.001494 val_loss=-0.000456 | train_profit=1.894839 (+189,484 PHP) val_profit=0.269761 (+26,976 PHP) | train_geo=3.996213 (+399,621 PHP) val_geo=0.232959 (+23,296 PHP)
Epoch 037/50 | train_loss=-0.001483 val_loss=-0.000319 | train_profit=2.088534 (+208,853 PHP) val_profit=0.188592 (+18,859 PHP) | train_geo=5.065705 (+506,571 PHP) val_geo=0.136803 (+13,680 PHP)
Epoch 038/50 | train_loss=-0.001451 val_loss=-0.000308 | train_profit=2.110659 (+211,066 PHP) val_profit=0.219037 (+21,904 PHP) | train_geo=5.203664 (+520,366 PHP) val_geo=0.172045 (+17,205 PHP)
Epoch 039/50 | train_loss=-0.001332 val_loss=-0.000452 | train_profit=1.625200 (+162,520 PHP) val_profit=0.280342 (+28,034 PHP) | train_geo=2.811771 (+281,177 PHP) val_geo=0.246132 (+24,613 PHP)
Epoch 040/50 | train_loss=-0.001541 val_loss=-0.000293 | train_profit=2.105693 (+210,569 PHP) val_profit=0.165205 (+16,521 PHP) | train_geo=5.173317 (+517,332 PHP) val_geo=0.110512 (+11,051 PHP)
Epoch 041/50 | train_loss=-0.001668 val_loss=-0.000523 | train_profit=2.282436 (+228,244 PHP) val_profit=0.332072 (+33,207 PHP) | train_geo=6.363864 (+636,386 PHP) val_geo=0.312480 (+31,248 PHP)
Epoch 042/50 | train_loss=-0.001564 val_loss=-0.000475 | train_profit=2.191767 (+219,177 PHP) val_profit=0.304513 (+30,451 PHP) | train_geo=5.727510 (+572,751 PHP) val_geo=0.276754 (+27,675 PHP)
Epoch 043/50 | train_loss=-0.001623 val_loss=-0.000206 | train_profit=2.203318 (+220,332 PHP) val_profit=0.182110 (+18,211 PHP) | train_geo=5.807075 (+580,708 PHP) val_geo=0.129485 (+12,948 PHP)
Epoch 044/50 | train_loss=-0.001504 val_loss=-0.000502 | train_profit=1.962947 (+196,295 PHP) val_profit=0.193731 (+19,373 PHP) | train_geo=4.348383 (+434,838 PHP) val_geo=0.142681 (+14,268 PHP)
Epoch 045/50 | train_loss=-0.001606 val_loss=-0.000327 | train_profit=2.219107 (+221,911 PHP) val_profit=0.254060 (+25,406 PHP) | train_geo=5.913458 (+591,346 PHP) val_geo=0.213743 (+21,374 PHP)
Epoch 046/50 | train_loss=-0.001464 val_loss=-0.000271 | train_profit=1.636395 (+163,639 PHP) val_profit=0.165205 (+16,521 PHP) | train_geo=2.856598 (+285,660 PHP) val_geo=0.110512 (+11,051 PHP)
Epoch 047/50 | train_loss=-0.001484 val_loss=-0.000327 | train_profit=2.014804 (+201,480 PHP) val_profit=0.188592 (+18,859 PHP) | train_geo=4.634089 (+463,409 PHP) val_geo=0.136803 (+13,680 PHP)
Epoch 048/50 | train_loss=-0.001334 val_loss=-0.000011 | train_profit=1.868363 (+186,836 PHP) val_profit=0.155689 (+15,569 PHP) | train_geo=3.864755 (+386,476 PHP) val_geo=0.099861 (+9,986 PHP)
Epoch 049/50 | train_loss=-0.001374 val_loss=-0.000111 | train_profit=1.787689 (+178,769 PHP) val_profit=0.187479 (+18,748 PHP) | train_geo=3.488076 (+348,808 PHP) val_geo=0.135657 (+13,566 PHP)
Epoch 050/50 | train_loss=-0.001538 val_loss=-0.000411 | train_profit=2.028727 (+202,873 PHP) val_profit=0.103712 (+10,371 PHP) | train_geo=4.712380 (+471,238 PHP) val_geo=0.044066 (+4,407 PHP)
[8/23] GOOGL      (mid   ) profit-aware  dir_acc=0.519 cum_ret=+0.6121 geo_ret=+0.7339 sharpe=+1.550 (buy&hold=+1.2511) [4.6s]
Epoch 001/50 | [PROFIT-LOG] train_loss=-0.000679 val_loss=-0.000294 | train_profit=1.705311 (+170,531 PHP) val_profit=0.160589 (+16,059 PHP) | train_geo=3.130428 (+313,043 PHP) val_geo=0.105380 (+10,538 PHP)
Epoch 002/50 | [PROFIT-LOG] train_loss=-0.000490 val_loss=-0.000295 | train_profit=1.186900 (+118,690 PHP) val_profit=0.160589 (+16,059 PHP) | train_geo=1.455647 (+145,565 PHP) val_geo=0.105380 (+10,538 PHP)
Epoch 003/50 | [PROFIT-LOG] train_loss=-0.000490 val_loss=-0.000295 | train_profit=1.186900 (+118,690 PHP) val_profit=0.160589 (+16,059 PHP) | train_geo=1.455647 (+145,565 PHP) val_geo=0.105380 (+10,538 PHP)
Epoch 004/50 | [PROFIT-LOG] train_loss=-0.000493 val_loss=-0.000294 | train_profit=1.186900 (+118,690 PHP) val_profit=0.160589 (+16,059 PHP) | train_geo=1.455647 (+145,565 PHP) val_geo=0.105380 (+10,538 PHP)
Epoch 005/50 | [PROFIT-LOG] train_loss=-0.000492 val_loss=-0.000285 | train_profit=1.183383 (+118,338 PHP) val_profit=0.160589 (+16,059 PHP) | train_geo=1.446934 (+144,693 PHP) val_geo=0.105380 (+10,538 PHP)
Epoch 006/50 | [PROFIT-LOG] train_loss=-0.000473 val_loss=-0.000295 | train_profit=1.143398 (+114,340 PHP) val_profit=0.160589 (+16,059 PHP) | train_geo=1.351013 (+135,101 PHP) val_geo=0.105380 (+10,538 PHP)
Epoch 007/50 | [PROFIT-LOG] train_loss=-0.000490 val_loss=-0.000295 | train_profit=1.186900 (+118,690 PHP) val_profit=0.160589 (+16,059 PHP) | train_geo=1.455647 (+145,565 PHP) val_geo=0.105380 (+10,538 PHP)
Epoch 008/50 | [PROFIT-LOG] train_loss=-0.000490 val_loss=-0.000295 | train_profit=1.186900 (+118,690 PHP) val_profit=0.160589 (+16,059 PHP) | train_geo=1.455647 (+145,565 PHP) val_geo=0.105380 (+10,538 PHP)
Epoch 009/50 | [PROFIT-LOG] train_loss=-0.000490 val_loss=-0.000295 | train_profit=1.186900 (+118,690 PHP) val_profit=0.160589 (+16,059 PHP) | train_geo=1.455647 (+145,565 PHP) val_geo=0.105380 (+10,538 PHP)
Epoch 010/50 | [PROFIT-LOG] train_loss=-0.000490 val_loss=-0.000295 | train_profit=1.186900 (+118,690 PHP) val_profit=0.160589 (+16,059 PHP) | train_geo=1.455647 (+145,565 PHP) val_geo=0.105380 (+10,538 PHP)
Epoch 011/50 | [PROFIT-LOG] train_loss=-0.000490 val_loss=-0.000295 | train_profit=1.186900 (+118,690 PHP) val_profit=0.160589 (+16,059 PHP) | train_geo=1.455647 (+145,565 PHP) val_geo=0.105380 (+10,538 PHP)
Epoch 012/50 | [PROFIT-LOG] train_loss=-0.000490 val_loss=-0.000295 | train_profit=1.186900 (+118,690 PHP) val_profit=0.160589 (+16,059 PHP) | train_geo=1.455647 (+145,565 PHP) val_geo=0.105380 (+10,538 PHP)
Epoch 013/50 | [PROFIT-LOG] train_loss=-0.000490 val_loss=-0.000295 | train_profit=1.186900 (+118,690 PHP) val_profit=0.160589 (+16,059 PHP) | train_geo=1.455647 (+145,565 PHP) val_geo=0.105380 (+10,538 PHP)
Epoch 014/50 | [PROFIT-LOG] train_loss=-0.000490 val_loss=-0.000295 | train_profit=1.186900 (+118,690 PHP) val_profit=0.160589 (+16,059 PHP) | train_geo=1.455647 (+145,565 PHP) val_geo=0.105380 (+10,538 PHP)
Epoch 015/50 | [PROFIT-LOG] train_loss=-0.000490 val_loss=-0.000295 | train_profit=1.186900 (+118,690 PHP) val_profit=0.160589 (+16,059 PHP) | train_geo=1.455647 (+145,565 PHP) val_geo=0.105380 (+10,538 PHP)
Epoch 016/50 | [PROFIT-LOG] train_loss=-0.000490 val_loss=-0.000295 | train_profit=1.186900 (+118,690 PHP) val_profit=0.160589 (+16,059 PHP) | train_geo=1.455647 (+145,565 PHP) val_geo=0.105380 (+10,538 PHP)
Epoch 017/50 | [PROFIT-LOG] train_loss=-0.000490 val_loss=-0.000295 | train_profit=1.186900 (+118,690 PHP) val_profit=0.160589 (+16,059 PHP) | train_geo=1.455647 (+145,565 PHP) val_geo=0.105380 (+10,538 PHP)
Epoch 018/50 | [PROFIT-LOG] train_loss=-0.000490 val_loss=-0.000295 | train_profit=1.186900 (+118,690 PHP) val_profit=0.160589 (+16,059 PHP) | train_geo=1.455647 (+145,565 PHP) val_geo=0.105380 (+10,538 PHP)
Epoch 019/50 | [PROFIT-LOG] train_loss=-0.000490 val_loss=-0.000295 | train_profit=1.186900 (+118,690 PHP) val_profit=0.160589 (+16,059 PHP) | train_geo=1.455647 (+145,565 PHP) val_geo=0.105380 (+10,538 PHP)
Epoch 020/50 | [PROFIT-LOG] train_loss=-0.000490 val_loss=-0.000295 | train_profit=1.186900 (+118,690 PHP) val_profit=0.160589 (+16,059 PHP) | train_geo=1.455647 (+145,565 PHP) val_geo=0.105380 (+10,538 PHP)
Epoch 021/50 | [PROFIT-LOG] train_loss=-0.000490 val_loss=-0.000295 | train_profit=1.186900 (+118,690 PHP) val_profit=0.160589 (+16,059 PHP) | train_geo=1.455647 (+145,565 PHP) val_geo=0.105380 (+10,538 PHP)
Epoch 022/50 | [PROFIT-LOG] train_loss=-0.000490 val_loss=-0.000295 | train_profit=1.186900 (+118,690 PHP) val_profit=0.160589 (+16,059 PHP) | train_geo=1.455647 (+145,565 PHP) val_geo=0.105380 (+10,538 PHP)
Epoch 023/50 | [PROFIT-LOG] train_loss=-0.000490 val_loss=-0.000295 | train_profit=1.186900 (+118,690 PHP) val_profit=0.160589 (+16,059 PHP) | train_geo=1.455647 (+145,565 PHP) val_geo=0.105380 (+10,538 PHP)
Epoch 024/50 | [PROFIT-LOG] train_loss=-0.000490 val_loss=-0.000295 | train_profit=1.186900 (+118,690 PHP) val_profit=0.160589 (+16,059 PHP) | train_geo=1.455647 (+145,565 PHP) val_geo=0.105380 (+10,538 PHP)
Epoch 025/50 | [PROFIT-LOG] train_loss=-0.000490 val_loss=-0.000295 | train_profit=1.186900 (+118,690 PHP) val_profit=0.160589 (+16,059 PHP) | train_geo=1.455647 (+145,565 PHP) val_geo=0.105380 (+10,538 PHP)
Epoch 026/50 | [PROFIT-LOG] train_loss=-0.000490 val_loss=-0.000295 | train_profit=1.186900 (+118,690 PHP) val_profit=0.160589 (+16,059 PHP) | train_geo=1.455647 (+145,565 PHP) val_geo=0.105380 (+10,538 PHP)
Epoch 027/50 | [PROFIT-LOG] train_loss=-0.000490 val_loss=-0.000295 | train_profit=1.186900 (+118,690 PHP) val_profit=0.160589 (+16,059 PHP) | train_geo=1.455647 (+145,565 PHP) val_geo=0.105380 (+10,538 PHP)
Epoch 028/50 | [PROFIT-LOG] train_loss=-0.000490 val_loss=-0.000295 | train_profit=1.186900 (+118,690 PHP) val_profit=0.160589 (+16,059 PHP) | train_geo=1.455647 (+145,565 PHP) val_geo=0.105380 (+10,538 PHP)
Epoch 029/50 | [PROFIT-LOG] train_loss=-0.000490 val_loss=-0.000295 | train_profit=1.186900 (+118,690 PHP) val_profit=0.160589 (+16,059 PHP) | train_geo=1.455647 (+145,565 PHP) val_geo=0.105380 (+10,538 PHP)
Epoch 030/50 | [PROFIT-LOG] train_loss=-0.000490 val_loss=-0.000295 | train_profit=1.186900 (+118,690 PHP) val_profit=0.160589 (+16,059 PHP) | train_geo=1.455647 (+145,565 PHP) val_geo=0.105380 (+10,538 PHP)
Epoch 031/50 | [PROFIT-LOG] train_loss=-0.000490 val_loss=-0.000295 | train_profit=1.186900 (+118,690 PHP) val_profit=0.160589 (+16,059 PHP) | train_geo=1.455647 (+145,565 PHP) val_geo=0.105380 (+10,538 PHP)
Epoch 032/50 | [PROFIT-LOG] train_loss=-0.000490 val_loss=-0.000295 | train_profit=1.186900 (+118,690 PHP) val_profit=0.160589 (+16,059 PHP) | train_geo=1.455647 (+145,565 PHP) val_geo=0.105380 (+10,538 PHP)
Epoch 033/50 | [PROFIT-LOG] train_loss=-0.000490 val_loss=-0.000295 | train_profit=1.186900 (+118,690 PHP) val_profit=0.160589 (+16,059 PHP) | train_geo=1.455647 (+145,565 PHP) val_geo=0.105380 (+10,538 PHP)
Epoch 034/50 | [PROFIT-LOG] train_loss=-0.000490 val_loss=-0.000295 | train_profit=1.186900 (+118,690 PHP) val_profit=0.160589 (+16,059 PHP) | train_geo=1.455647 (+145,565 PHP) val_geo=0.105380 (+10,538 PHP)
Epoch 035/50 | [PROFIT-LOG] train_loss=-0.000490 val_loss=-0.000295 | train_profit=1.186900 (+118,690 PHP) val_profit=0.160589 (+16,059 PHP) | train_geo=1.455647 (+145,565 PHP) val_geo=0.105380 (+10,538 PHP)
Epoch 036/50 | [PROFIT-LOG] train_loss=-0.000490 val_loss=-0.000295 | train_profit=1.186900 (+118,690 PHP) val_profit=0.160589 (+16,059 PHP) | train_geo=1.455647 (+145,565 PHP) val_geo=0.105380 (+10,538 PHP)
Epoch 037/50 | [PROFIT-LOG] train_loss=-0.000490 val_loss=-0.000295 | train_profit=1.186900 (+118,690 PHP) val_profit=0.160589 (+16,059 PHP) | train_geo=1.455647 (+145,565 PHP) val_geo=0.105380 (+10,538 PHP)
Epoch 038/50 | [PROFIT-LOG] train_loss=-0.000490 val_loss=-0.000295 | train_profit=1.186900 (+118,690 PHP) val_profit=0.160589 (+16,059 PHP) | train_geo=1.455647 (+145,565 PHP) val_geo=0.105380 (+10,538 PHP)
Epoch 039/50 | [PROFIT-LOG] train_loss=-0.000490 val_loss=-0.000295 | train_profit=1.186900 (+118,690 PHP) val_profit=0.160589 (+16,059 PHP) | train_geo=1.455647 (+145,565 PHP) val_geo=0.105380 (+10,538 PHP)
Epoch 040/50 | [PROFIT-LOG] train_loss=-0.000490 val_loss=-0.000295 | train_profit=1.186900 (+118,690 PHP) val_profit=0.160589 (+16,059 PHP) | train_geo=1.455647 (+145,565 PHP) val_geo=0.105380 (+10,538 PHP)
Epoch 041/50 | [PROFIT-LOG] train_loss=-0.000490 val_loss=-0.000295 | train_profit=1.186900 (+118,690 PHP) val_profit=0.160589 (+16,059 PHP) | train_geo=1.455647 (+145,565 PHP) val_geo=0.105380 (+10,538 PHP)
Epoch 042/50 | [PROFIT-LOG] train_loss=-0.000490 val_loss=-0.000295 | train_profit=1.186900 (+118,690 PHP) val_profit=0.160589 (+16,059 PHP) | train_geo=1.455647 (+145,565 PHP) val_geo=0.105380 (+10,538 PHP)
Epoch 043/50 | [PROFIT-LOG] train_loss=-0.000490 val_loss=-0.000295 | train_profit=1.186900 (+118,690 PHP) val_profit=0.160589 (+16,059 PHP) | train_geo=1.455647 (+145,565 PHP) val_geo=0.105380 (+10,538 PHP)
Epoch 044/50 | [PROFIT-LOG] train_loss=-0.000490 val_loss=-0.000295 | train_profit=1.186900 (+118,690 PHP) val_profit=0.160589 (+16,059 PHP) | train_geo=1.455647 (+145,565 PHP) val_geo=0.105380 (+10,538 PHP)
Epoch 045/50 | [PROFIT-LOG] train_loss=-0.000490 val_loss=-0.000295 | train_profit=1.186900 (+118,690 PHP) val_profit=0.160589 (+16,059 PHP) | train_geo=1.455647 (+145,565 PHP) val_geo=0.105380 (+10,538 PHP)
Epoch 046/50 | [PROFIT-LOG] train_loss=-0.000490 val_loss=-0.000295 | train_profit=1.186900 (+118,690 PHP) val_profit=0.160589 (+16,059 PHP) | train_geo=1.455647 (+145,565 PHP) val_geo=0.105380 (+10,538 PHP)
Epoch 047/50 | [PROFIT-LOG] train_loss=-0.000490 val_loss=-0.000295 | train_profit=1.186900 (+118,690 PHP) val_profit=0.160589 (+16,059 PHP) | train_geo=1.455647 (+145,565 PHP) val_geo=0.105380 (+10,538 PHP)
Epoch 048/50 | [PROFIT-LOG] train_loss=-0.000490 val_loss=-0.000295 | train_profit=1.186900 (+118,690 PHP) val_profit=0.160589 (+16,059 PHP) | train_geo=1.455647 (+145,565 PHP) val_geo=0.105380 (+10,538 PHP)
Epoch 049/50 | [PROFIT-LOG] train_loss=-0.000490 val_loss=-0.000295 | train_profit=1.186900 (+118,690 PHP) val_profit=0.160589 (+16,059 PHP) | train_geo=1.455647 (+145,565 PHP) val_geo=0.105380 (+10,538 PHP)
Epoch 050/50 | [PROFIT-LOG] train_loss=-0.000490 val_loss=-0.000295 | train_profit=1.186900 (+118,690 PHP) val_profit=0.160589 (+16,059 PHP) | train_geo=1.455647 (+145,565 PHP) val_geo=0.105380 (+10,538 PHP)
[8/23] GOOGL      (mid   ) profit-log    dir_acc=0.528 cum_ret=+0.8718 geo_ret=+1.2489 sharpe=+2.218 (buy&hold=+1.2511) [4.9s]
Epoch 001/50 | [MSE] train_loss=0.000535 val_loss=0.000359 | train_profit=-0.037420 (-3,742 PHP) val_profit=0.469436 (+46,944 PHP) | train_geo=-0.265029 (-26,503 PHP) val_geo=0.526716 (+52,672 PHP)
Epoch 002/50 | [MSE] train_loss=0.000418 val_loss=0.000330 | train_profit=-0.422276 (-42,228 PHP) val_profit=0.469436 (+46,944 PHP) | train_geo=-0.503017 (-50,302 PHP) val_geo=0.526716 (+52,672 PHP)
Epoch 003/50 | [MSE] train_loss=0.000396 val_loss=0.000320 | train_profit=-1.692732 (-169,273 PHP) val_profit=0.469436 (+46,944 PHP) | train_geo=-0.860787 (-86,079 PHP) val_geo=0.526716 (+52,672 PHP)
Epoch 004/50 | [MSE] train_loss=0.000387 val_loss=0.000313 | train_profit=-0.314751 (-31,475 PHP) val_profit=0.469436 (+46,944 PHP) | train_geo=-0.445507 (-44,551 PHP) val_geo=0.526716 (+52,672 PHP)
Epoch 005/50 | [MSE] train_loss=0.000374 val_loss=0.000310 | train_profit=0.844897 (+84,490 PHP) val_profit=0.469436 (+46,944 PHP) | train_geo=0.773063 (+77,306 PHP) val_geo=0.526716 (+52,672 PHP)
Epoch 006/50 | [MSE] train_loss=0.000380 val_loss=0.000305 | train_profit=-0.297175 (-29,718 PHP) val_profit=0.469436 (+46,944 PHP) | train_geo=-0.434529 (-43,453 PHP) val_geo=0.526716 (+52,672 PHP)
Epoch 007/50 | [MSE] train_loss=0.000374 val_loss=0.000307 | train_profit=-0.510002 (-51,000 PHP) val_profit=0.469436 (+46,944 PHP) | train_geo=-0.544114 (-54,411 PHP) val_geo=0.526716 (+52,672 PHP)
Epoch 008/50 | [MSE] train_loss=0.000371 val_loss=0.000319 | train_profit=1.450737 (+145,074 PHP) val_profit=0.469436 (+46,944 PHP) | train_geo=2.266519 (+226,652 PHP) val_geo=0.526716 (+52,672 PHP)
Epoch 009/50 | [MSE] train_loss=0.000377 val_loss=0.000318 | train_profit=0.181047 (+18,105 PHP) val_profit=0.469436 (+46,944 PHP) | train_geo=-0.089193 (-8,919 PHP) val_geo=0.526716 (+52,672 PHP)
Epoch 010/50 | [MSE] train_loss=0.000376 val_loss=0.000317 | train_profit=-0.381340 (-38,134 PHP) val_profit=0.469436 (+46,944 PHP) | train_geo=-0.481937 (-48,194 PHP) val_geo=0.526716 (+52,672 PHP)
Epoch 011/50 | [MSE] train_loss=0.000376 val_loss=0.000322 | train_profit=0.406868 (+40,687 PHP) val_profit=0.469436 (+46,944 PHP) | train_geo=0.143065 (+14,307 PHP) val_geo=0.526716 (+52,672 PHP)
Epoch 012/50 | [MSE] train_loss=0.000378 val_loss=0.000319 | train_profit=-0.908875 (-90,887 PHP) val_profit=0.469436 (+46,944 PHP) | train_geo=-0.696066 (-69,607 PHP) val_geo=0.526716 (+52,672 PHP)
Epoch 013/50 | [MSE] train_loss=0.000377 val_loss=0.000320 | train_profit=-0.365801 (-36,580 PHP) val_profit=0.469436 (+46,944 PHP) | train_geo=-0.473166 (-47,317 PHP) val_geo=0.526716 (+52,672 PHP)
Epoch 014/50 | [MSE] train_loss=0.000378 val_loss=0.000318 | train_profit=0.149658 (+14,966 PHP) val_profit=0.469436 (+46,944 PHP) | train_geo=-0.114483 (-11,448 PHP) val_geo=0.526716 (+52,672 PHP)
Epoch 015/50 | [MSE] train_loss=0.000377 val_loss=0.000308 | train_profit=-0.170459 (-17,046 PHP) val_profit=0.469436 (+46,944 PHP) | train_geo=-0.360054 (-36,005 PHP) val_geo=0.526716 (+52,672 PHP)
Epoch 016/50 | [MSE] train_loss=0.000378 val_loss=0.000304 | train_profit=-0.932878 (-93,288 PHP) val_profit=0.469436 (+46,944 PHP) | train_geo=-0.701658 (-70,166 PHP) val_geo=0.526716 (+52,672 PHP)
Epoch 017/50 | [MSE] train_loss=0.000379 val_loss=0.000299 | train_profit=-1.205602 (-120,560 PHP) val_profit=0.469436 (+46,944 PHP) | train_geo=-0.773533 (-77,353 PHP) val_geo=0.526716 (+52,672 PHP)
Epoch 018/50 | [MSE] train_loss=0.000377 val_loss=0.000294 | train_profit=-1.141002 (-114,100 PHP) val_profit=0.469436 (+46,944 PHP) | train_geo=-0.756989 (-75,699 PHP) val_geo=0.526716 (+52,672 PHP)
Epoch 019/50 | [MSE] train_loss=0.000374 val_loss=0.000294 | train_profit=-1.403262 (-140,326 PHP) val_profit=0.469436 (+46,944 PHP) | train_geo=-0.814226 (-81,423 PHP) val_geo=0.526716 (+52,672 PHP)
Epoch 020/50 | [MSE] train_loss=0.000371 val_loss=0.000295 | train_profit=-0.393093 (-39,309 PHP) val_profit=0.469436 (+46,944 PHP) | train_geo=-0.487147 (-48,715 PHP) val_geo=0.526716 (+52,672 PHP)
Epoch 021/50 | [MSE] train_loss=0.000371 val_loss=0.000294 | train_profit=-1.262806 (-126,281 PHP) val_profit=0.469436 (+46,944 PHP) | train_geo=-0.785280 (-78,528 PHP) val_geo=0.526716 (+52,672 PHP)
Epoch 022/50 | [MSE] train_loss=0.000371 val_loss=0.000293 | train_profit=-0.876689 (-87,669 PHP) val_profit=0.468996 (+46,900 PHP) | train_geo=-0.683136 (-68,314 PHP) val_geo=0.526035 (+52,604 PHP)
Epoch 023/50 | [MSE] train_loss=0.000371 val_loss=0.000293 | train_profit=-0.609084 (-60,908 PHP) val_profit=0.460867 (+46,087 PHP) | train_geo=-0.585372 (-58,537 PHP) val_geo=0.513690 (+51,369 PHP)
Epoch 024/50 | [MSE] train_loss=0.000369 val_loss=0.000293 | train_profit=-1.067553 (-106,755 PHP) val_profit=0.458787 (+45,879 PHP) | train_geo=-0.738658 (-73,866 PHP) val_geo=0.510576 (+51,058 PHP)
Epoch 025/50 | [MSE] train_loss=0.000369 val_loss=0.000292 | train_profit=-0.230427 (-23,043 PHP) val_profit=0.469436 (+46,944 PHP) | train_geo=-0.394007 (-39,401 PHP) val_geo=0.526716 (+52,672 PHP)
Epoch 026/50 | [MSE] train_loss=0.000369 val_loss=0.000293 | train_profit=-0.498017 (-49,802 PHP) val_profit=0.460867 (+46,087 PHP) | train_geo=-0.536748 (-53,675 PHP) val_geo=0.513690 (+51,369 PHP)
Epoch 027/50 | [MSE] train_loss=0.000371 val_loss=0.000292 | train_profit=-2.038517 (-203,852 PHP) val_profit=0.479418 (+47,942 PHP) | train_geo=-0.901784 (-90,178 PHP) val_geo=0.542095 (+54,210 PHP)
Epoch 028/50 | [MSE] train_loss=0.000370 val_loss=0.000292 | train_profit=-0.574361 (-57,436 PHP) val_profit=0.479418 (+47,942 PHP) | train_geo=-0.572924 (-57,292 PHP) val_geo=0.542095 (+54,210 PHP)
Epoch 029/50 | [MSE] train_loss=0.000368 val_loss=0.000292 | train_profit=-0.697405 (-69,741 PHP) val_profit=0.518254 (+51,825 PHP) | train_geo=-0.622064 (-62,206 PHP) val_geo=0.603448 (+60,345 PHP)
Epoch 030/50 | [MSE] train_loss=0.000369 val_loss=0.000292 | train_profit=-0.260438 (-26,044 PHP) val_profit=0.325831 (+32,583 PHP) | train_geo=-0.412146 (-41,215 PHP) val_geo=0.321952 (+32,195 PHP)
Epoch 031/50 | [MSE] train_loss=0.000368 val_loss=0.000292 | train_profit=-0.984128 (-98,413 PHP) val_profit=0.329796 (+32,980 PHP) | train_geo=-0.717235 (-71,724 PHP) val_geo=0.327227 (+32,723 PHP)
Epoch 032/50 | [MSE] train_loss=0.000367 val_loss=0.000292 | train_profit=-0.559017 (-55,902 PHP) val_profit=0.342080 (+34,208 PHP) | train_geo=-0.565359 (-56,536 PHP) val_geo=0.343638 (+34,364 PHP)
Epoch 033/50 | [MSE] train_loss=0.000365 val_loss=0.000292 | train_profit=-0.222420 (-22,242 PHP) val_profit=0.342080 (+34,208 PHP) | train_geo=-0.390914 (-39,091 PHP) val_geo=0.343638 (+34,364 PHP)
Epoch 034/50 | [MSE] train_loss=0.000369 val_loss=0.000292 | train_profit=-0.509240 (-50,924 PHP) val_profit=0.368293 (+36,829 PHP) | train_geo=-0.542595 (-54,259 PHP) val_geo=0.379326 (+37,933 PHP)
Epoch 035/50 | [MSE] train_loss=0.000366 val_loss=0.000292 | train_profit=0.013108 (+1,311 PHP) val_profit=0.314104 (+31,410 PHP) | train_geo=-0.227093 (-22,709 PHP) val_geo=0.306954 (+30,695 PHP)
Epoch 036/50 | [MSE] train_loss=0.000366 val_loss=0.000292 | train_profit=-0.555913 (-55,591 PHP) val_profit=0.244363 (+24,436 PHP) | train_geo=-0.563886 (-56,389 PHP) val_geo=0.218521 (+21,852 PHP)
Epoch 037/50 | [MSE] train_loss=0.000366 val_loss=0.000292 | train_profit=-0.780106 (-78,011 PHP) val_profit=0.342080 (+34,208 PHP) | train_geo=-0.652247 (-65,225 PHP) val_geo=0.343638 (+34,364 PHP)
Epoch 038/50 | [MSE] train_loss=0.000368 val_loss=0.000292 | train_profit=-0.345692 (-34,569 PHP) val_profit=0.368116 (+36,812 PHP) | train_geo=-0.460587 (-46,059 PHP) val_geo=0.379184 (+37,918 PHP)
Epoch 039/50 | [MSE] train_loss=0.000367 val_loss=0.000292 | train_profit=-0.976800 (-97,680 PHP) val_profit=0.284390 (+28,439 PHP) | train_geo=-0.714351 (-71,435 PHP) val_geo=0.268543 (+26,854 PHP)
Epoch 040/50 | [MSE] train_loss=0.000366 val_loss=0.000291 | train_profit=-0.384875 (-38,488 PHP) val_profit=0.244555 (+24,455 PHP) | train_geo=-0.482698 (-48,270 PHP) val_geo=0.218957 (+21,896 PHP)
Epoch 041/50 | [MSE] train_loss=0.000365 val_loss=0.000292 | train_profit=-0.181081 (-18,108 PHP) val_profit=0.244555 (+24,455 PHP) | train_geo=-0.364638 (-36,464 PHP) val_geo=0.218957 (+21,896 PHP)
Epoch 042/50 | [MSE] train_loss=0.000365 val_loss=0.000292 | train_profit=-0.107960 (-10,796 PHP) val_profit=0.340213 (+34,021 PHP) | train_geo=-0.317654 (-31,765 PHP) val_geo=0.341469 (+34,147 PHP)
Epoch 043/50 | [MSE] train_loss=0.000368 val_loss=0.000292 | train_profit=-0.678015 (-67,801 PHP) val_profit=0.350135 (+35,013 PHP) | train_geo=-0.614315 (-61,432 PHP) val_geo=0.355047 (+35,505 PHP)
Epoch 044/50 | [MSE] train_loss=0.000365 val_loss=0.000292 | train_profit=0.445804 (+44,580 PHP) val_profit=0.333421 (+33,342 PHP) | train_geo=0.191928 (+19,193 PHP) val_geo=0.332545 (+33,254 PHP)
Epoch 045/50 | [MSE] train_loss=0.000365 val_loss=0.000292 | train_profit=-0.165163 (-16,516 PHP) val_profit=0.365782 (+36,578 PHP) | train_geo=-0.355054 (-35,505 PHP) val_geo=0.376362 (+37,636 PHP)
Epoch 046/50 | [MSE] train_loss=0.000365 val_loss=0.000291 | train_profit=0.077897 (+7,790 PHP) val_profit=0.223898 (+22,390 PHP) | train_geo=-0.177081 (-17,708 PHP) val_geo=0.194016 (+19,402 PHP)
Epoch 047/50 | [MSE] train_loss=0.000364 val_loss=0.000292 | train_profit=-0.589279 (-58,928 PHP) val_profit=0.409578 (+40,958 PHP) | train_geo=-0.578790 (-57,879 PHP) val_geo=0.438087 (+43,809 PHP)
Epoch 048/50 | [MSE] train_loss=0.000364 val_loss=0.000291 | train_profit=-0.663759 (-66,376 PHP) val_profit=0.374314 (+37,431 PHP) | train_geo=-0.609394 (-60,939 PHP) val_geo=0.388148 (+38,815 PHP)
Epoch 049/50 | [MSE] train_loss=0.000363 val_loss=0.000292 | train_profit=0.280031 (+28,003 PHP) val_profit=0.374314 (+37,431 PHP) | train_geo=0.007552 (+755 PHP) val_geo=0.388148 (+38,815 PHP)
Epoch 050/50 | [MSE] train_loss=0.000364 val_loss=0.000292 | train_profit=0.100277 (+10,028 PHP) val_profit=0.374314 (+37,431 PHP) | train_geo=-0.157587 (-15,759 PHP) val_geo=0.388148 (+38,815 PHP)
[9/23] JPM        (mid   ) mse           dir_acc=0.541 cum_ret=+0.1514 geo_ret=+0.1305 sharpe=+0.560 (buy&hold=+0.3924) [4.2s]
Epoch 001/50 | train_loss=0.001377 val_loss=0.002134 | train_profit=-0.986979 (-98,698 PHP) val_profit=-0.471436 (-47,144 PHP) | train_geo=-0.717306 (-71,731 PHP) val_geo=-0.404455 (-40,446 PHP)
Epoch 002/50 | train_loss=0.000336 val_loss=-0.000698 | train_profit=0.081304 (+8,130 PHP) val_profit=0.469436 (+46,944 PHP) | train_geo=-0.176823 (-17,682 PHP) val_geo=0.526716 (+52,672 PHP)
Epoch 003/50 | train_loss=0.000112 val_loss=-0.000418 | train_profit=0.885058 (+88,506 PHP) val_profit=0.403874 (+40,387 PHP) | train_geo=0.844377 (+84,438 PHP) val_geo=0.429950 (+42,995 PHP)
Epoch 004/50 | train_loss=-0.000438 val_loss=0.000102 | train_profit=1.547908 (+154,791 PHP) val_profit=0.038448 (+3,845 PHP) | train_geo=2.582320 (+258,232 PHP) val_geo=-0.008069 (-807 PHP)
Epoch 005/50 | train_loss=-0.000586 val_loss=-0.000952 | train_profit=1.083804 (+108,380 PHP) val_profit=0.468863 (+46,886 PHP) | train_geo=1.246823 (+124,682 PHP) val_geo=0.525898 (+52,590 PHP)
Epoch 006/50 | train_loss=-0.000383 val_loss=-0.000492 | train_profit=1.124980 (+112,498 PHP) val_profit=0.145005 (+14,500 PHP) | train_geo=1.345852 (+134,585 PHP) val_geo=0.103518 (+10,352 PHP)
Epoch 007/50 | train_loss=-0.000513 val_loss=-0.000825 | train_profit=1.041844 (+104,184 PHP) val_profit=0.452501 (+45,250 PHP) | train_geo=1.153812 (+115,381 PHP) val_geo=0.501269 (+50,127 PHP)
Epoch 008/50 | train_loss=-0.000696 val_loss=-0.000325 | train_profit=1.593960 (+159,396 PHP) val_profit=0.149446 (+14,945 PHP) | train_geo=2.751704 (+275,170 PHP) val_geo=0.108397 (+10,840 PHP)
Epoch 009/50 | train_loss=-0.000810 val_loss=-0.000723 | train_profit=1.726187 (+172,619 PHP) val_profit=0.351967 (+35,197 PHP) | train_geo=3.280773 (+328,077 PHP) val_geo=0.357275 (+35,728 PHP)
Epoch 010/50 | train_loss=-0.000489 val_loss=-0.000247 | train_profit=1.244735 (+124,474 PHP) val_profit=0.097305 (+9,730 PHP) | train_geo=1.643388 (+164,339 PHP) val_geo=0.051931 (+5,193 PHP)
Epoch 011/50 | train_loss=-0.000771 val_loss=-0.000522 | train_profit=1.335608 (+133,561 PHP) val_profit=0.223410 (+22,341 PHP) | train_geo=1.895863 (+189,586 PHP) val_geo=0.193388 (+19,339 PHP)
Epoch 012/50 | train_loss=-0.000860 val_loss=-0.000777 | train_profit=1.605790 (+160,579 PHP) val_profit=0.228337 (+22,834 PHP) | train_geo=2.795230 (+279,523 PHP) val_geo=0.199219 (+19,922 PHP)
Epoch 013/50 | train_loss=-0.000854 val_loss=-0.000741 | train_profit=1.691620 (+169,162 PHP) val_profit=0.228337 (+22,834 PHP) | train_geo=3.136190 (+313,619 PHP) val_geo=0.199219 (+19,922 PHP)
Epoch 014/50 | train_loss=-0.000910 val_loss=-0.000713 | train_profit=1.658384 (+165,838 PHP) val_profit=0.258062 (+25,806 PHP) | train_geo=3.001534 (+300,153 PHP) val_geo=0.235496 (+23,550 PHP)
Epoch 015/50 | train_loss=-0.000887 val_loss=-0.000793 | train_profit=1.660355 (+166,035 PHP) val_profit=0.291324 (+29,132 PHP) | train_geo=3.008313 (+300,831 PHP) val_geo=0.277247 (+27,725 PHP)
Epoch 016/50 | train_loss=-0.000862 val_loss=-0.000629 | train_profit=1.673147 (+167,315 PHP) val_profit=0.216094 (+21,609 PHP) | train_geo=3.060077 (+306,008 PHP) val_geo=0.184682 (+18,468 PHP)
Epoch 017/50 | train_loss=-0.000917 val_loss=-0.001077 | train_profit=1.832058 (+183,206 PHP) val_profit=0.553352 (+55,335 PHP) | train_geo=3.761091 (+376,109 PHP) val_geo=0.660714 (+66,071 PHP)
Epoch 018/50 | train_loss=-0.000638 val_loss=-0.000056 | train_profit=1.457311 (+145,731 PHP) val_profit=0.107887 (+10,789 PHP) | train_geo=2.270488 (+227,049 PHP) val_geo=0.063257 (+6,326 PHP)
Epoch 019/50 | train_loss=-0.000640 val_loss=-0.000526 | train_profit=1.569663 (+156,966 PHP) val_profit=0.258062 (+25,806 PHP) | train_geo=2.659274 (+265,927 PHP) val_geo=0.235496 (+23,550 PHP)
Epoch 020/50 | train_loss=-0.000800 val_loss=-0.000842 | train_profit=1.506073 (+150,607 PHP) val_profit=0.291613 (+29,161 PHP) | train_geo=2.435864 (+243,586 PHP) val_geo=0.277621 (+27,762 PHP)
Epoch 021/50 | train_loss=-0.000864 val_loss=-0.000659 | train_profit=1.574684 (+157,468 PHP) val_profit=0.278988 (+27,899 PHP) | train_geo=2.678674 (+267,867 PHP) val_geo=0.261774 (+26,177 PHP)
Epoch 022/50 | train_loss=-0.000900 val_loss=-0.000968 | train_profit=1.606361 (+160,636 PHP) val_profit=0.474550 (+47,455 PHP) | train_geo=2.797626 (+279,763 PHP) val_geo=0.534706 (+53,471 PHP)
Epoch 023/50 | train_loss=-0.000891 val_loss=-0.000715 | train_profit=1.684282 (+168,428 PHP) val_profit=0.250746 (+25,075 PHP) | train_geo=3.107213 (+310,721 PHP) val_geo=0.226483 (+22,648 PHP)
Epoch 024/50 | train_loss=-0.000948 val_loss=-0.001000 | train_profit=1.640926 (+164,093 PHP) val_profit=0.455251 (+45,525 PHP) | train_geo=2.931897 (+293,190 PHP) val_geo=0.505352 (+50,535 PHP)
Epoch 025/50 | train_loss=-0.000930 val_loss=-0.000886 | train_profit=1.644648 (+164,465 PHP) val_profit=0.271552 (+27,155 PHP) | train_geo=2.946666 (+294,667 PHP) val_geo=0.252207 (+25,221 PHP)
Epoch 026/50 | train_loss=-0.000963 val_loss=-0.000897 | train_profit=1.696590 (+169,659 PHP) val_profit=0.331375 (+33,138 PHP) | train_geo=3.157745 (+315,774 PHP) val_geo=0.329503 (+32,950 PHP)
Epoch 027/50 | train_loss=-0.001014 val_loss=-0.000662 | train_profit=2.032933 (+203,293 PHP) val_profit=0.270843 (+27,084 PHP) | train_geo=4.823181 (+482,318 PHP) val_geo=0.251536 (+25,154 PHP)
Epoch 028/50 | train_loss=-0.000965 val_loss=-0.000838 | train_profit=1.845252 (+184,525 PHP) val_profit=0.247135 (+24,713 PHP) | train_geo=3.825393 (+382,539 PHP) val_geo=0.221944 (+22,194 PHP)
Epoch 029/50 | train_loss=-0.000956 val_loss=-0.000782 | train_profit=1.745946 (+174,595 PHP) val_profit=0.259611 (+25,961 PHP) | train_geo=3.368355 (+336,835 PHP) val_geo=0.237356 (+23,736 PHP)
Epoch 030/50 | train_loss=-0.000921 val_loss=-0.000869 | train_profit=1.656985 (+165,698 PHP) val_profit=0.323287 (+32,329 PHP) | train_geo=2.994966 (+299,497 PHP) val_geo=0.318818 (+31,882 PHP)
Epoch 031/50 | train_loss=-0.000976 val_loss=-0.000752 | train_profit=1.884492 (+188,449 PHP) val_profit=0.250746 (+25,075 PHP) | train_geo=4.017630 (+401,763 PHP) val_geo=0.226483 (+22,648 PHP)
Epoch 032/50 | train_loss=-0.000973 val_loss=-0.001011 | train_profit=1.644110 (+164,411 PHP) val_profit=0.265045 (+26,505 PHP) | train_geo=2.943868 (+294,387 PHP) val_geo=0.243994 (+24,399 PHP)
Epoch 033/50 | train_loss=-0.001007 val_loss=-0.000908 | train_profit=1.781804 (+178,180 PHP) val_profit=0.301453 (+30,145 PHP) | train_geo=3.527812 (+352,781 PHP) val_geo=0.290250 (+29,025 PHP)
Epoch 034/50 | train_loss=-0.001097 val_loss=-0.000696 | train_profit=2.008370 (+200,837 PHP) val_profit=0.280361 (+28,036 PHP) | train_geo=4.679714 (+467,971 PHP) val_geo=0.263435 (+26,344 PHP)
Epoch 035/50 | train_loss=-0.001024 val_loss=-0.000861 | train_profit=1.762604 (+176,260 PHP) val_profit=0.321590 (+32,159 PHP) | train_geo=3.441413 (+344,141 PHP) val_geo=0.316508 (+31,651 PHP)
Epoch 036/50 | train_loss=-0.001080 val_loss=-0.000590 | train_profit=2.008262 (+200,826 PHP) val_profit=0.140440 (+14,044 PHP) | train_geo=4.681293 (+468,129 PHP) val_geo=0.098106 (+9,811 PHP)
Epoch 037/50 | train_loss=-0.001060 val_loss=-0.000694 | train_profit=2.191612 (+219,161 PHP) val_profit=0.286858 (+28,686 PHP) | train_geo=5.824975 (+582,497 PHP) val_geo=0.271608 (+27,161 PHP)
Epoch 038/50 | train_loss=-0.001111 val_loss=-0.000561 | train_profit=1.914512 (+191,451 PHP) val_profit=0.245208 (+24,521 PHP) | train_geo=4.172064 (+417,206 PHP) val_geo=0.219676 (+21,968 PHP)
Epoch 039/50 | train_loss=-0.001164 val_loss=-0.000476 | train_profit=2.275155 (+227,515 PHP) val_profit=0.133765 (+13,376 PHP) | train_geo=6.424613 (+642,461 PHP) val_geo=0.090787 (+9,079 PHP)
Epoch 040/50 | train_loss=-0.001113 val_loss=-0.000662 | train_profit=2.059506 (+205,951 PHP) val_profit=0.309180 (+30,918 PHP) | train_geo=4.979463 (+497,946 PHP) val_geo=0.300292 (+30,029 PHP)
Epoch 041/50 | train_loss=-0.001071 val_loss=-0.000447 | train_profit=1.911876 (+191,188 PHP) val_profit=0.121770 (+12,177 PHP) | train_geo=4.158023 (+415,802 PHP) val_geo=0.077935 (+7,794 PHP)
Epoch 042/50 | train_loss=-0.001135 val_loss=-0.000696 | train_profit=1.949802 (+194,980 PHP) val_profit=0.365670 (+36,567 PHP) | train_geo=4.356494 (+435,649 PHP) val_geo=0.376047 (+37,605 PHP)
Epoch 043/50 | train_loss=-0.001129 val_loss=-0.000270 | train_profit=2.197217 (+219,722 PHP) val_profit=0.073699 (+7,370 PHP) | train_geo=5.863771 (+586,377 PHP) val_geo=0.027229 (+2,723 PHP)
Epoch 044/50 | train_loss=-0.001238 val_loss=-0.000304 | train_profit=2.203910 (+220,391 PHP) val_profit=0.107752 (+10,775 PHP) | train_geo=5.910611 (+591,061 PHP) val_geo=0.062875 (+6,288 PHP)
Epoch 045/50 | train_loss=-0.001171 val_loss=-0.000341 | train_profit=2.229791 (+222,979 PHP) val_profit=0.160693 (+16,069 PHP) | train_geo=6.088822 (+608,882 PHP) val_geo=0.120728 (+12,073 PHP)
Epoch 046/50 | train_loss=-0.001172 val_loss=-0.000910 | train_profit=2.187478 (+218,748 PHP) val_profit=0.431712 (+43,171 PHP) | train_geo=5.795925 (+579,592 PHP) val_geo=0.469854 (+46,985 PHP)
Epoch 047/50 | train_loss=-0.001288 val_loss=-0.000129 | train_profit=2.357030 (+235,703 PHP) val_profit=0.181749 (+18,175 PHP) | train_geo=7.054272 (+705,427 PHP) val_geo=0.144671 (+14,467 PHP)
Epoch 048/50 | train_loss=-0.001131 val_loss=-0.000762 | train_profit=2.022885 (+202,289 PHP) val_profit=0.367025 (+36,702 PHP) | train_geo=4.762243 (+476,224 PHP) val_geo=0.377660 (+37,766 PHP)
Epoch 049/50 | train_loss=-0.000918 val_loss=-0.000305 | train_profit=1.579975 (+157,998 PHP) val_profit=0.117747 (+11,775 PHP) | train_geo=2.699657 (+269,966 PHP) val_geo=0.073734 (+7,373 PHP)
Epoch 050/50 | train_loss=-0.001360 val_loss=-0.000186 | train_profit=2.366868 (+236,687 PHP) val_profit=0.165780 (+16,578 PHP) | train_geo=7.133709 (+713,371 PHP) val_geo=0.126692 (+12,669 PHP)
[9/23] JPM        (mid   ) profit-aware  dir_acc=0.509 cum_ret=-0.0536 geo_ret=-0.0790 sharpe=-0.199 (buy&hold=+0.3924) [4.6s]
Epoch 001/50 | [PROFIT-LOG] train_loss=0.000916 val_loss=0.001620 | train_profit=-0.986979 (-98,698 PHP) val_profit=-0.471436 (-47,144 PHP) | train_geo=-0.717306 (-71,731 PHP) val_geo=-0.404455 (-40,446 PHP)
Epoch 002/50 | [PROFIT-LOG] train_loss=0.000832 val_loss=0.001620 | train_profit=-0.862656 (-86,266 PHP) val_profit=-0.471436 (-47,144 PHP) | train_geo=-0.679843 (-67,984 PHP) val_geo=-0.404455 (-40,446 PHP)
Epoch 003/50 | [PROFIT-LOG] train_loss=0.000832 val_loss=0.001620 | train_profit=-0.862656 (-86,266 PHP) val_profit=-0.471436 (-47,144 PHP) | train_geo=-0.679843 (-67,984 PHP) val_geo=-0.404455 (-40,446 PHP)
Epoch 004/50 | [PROFIT-LOG] train_loss=0.000832 val_loss=0.001620 | train_profit=-0.862656 (-86,266 PHP) val_profit=-0.471436 (-47,144 PHP) | train_geo=-0.679843 (-67,984 PHP) val_geo=-0.404455 (-40,446 PHP)
Epoch 005/50 | [PROFIT-LOG] train_loss=0.000832 val_loss=0.001620 | train_profit=-0.862656 (-86,266 PHP) val_profit=-0.471436 (-47,144 PHP) | train_geo=-0.679843 (-67,984 PHP) val_geo=-0.404455 (-40,446 PHP)
Epoch 006/50 | [PROFIT-LOG] train_loss=0.000832 val_loss=0.001620 | train_profit=-0.862656 (-86,266 PHP) val_profit=-0.471436 (-47,144 PHP) | train_geo=-0.679843 (-67,984 PHP) val_geo=-0.404455 (-40,446 PHP)
Epoch 007/50 | [PROFIT-LOG] train_loss=0.000832 val_loss=0.001620 | train_profit=-0.862656 (-86,266 PHP) val_profit=-0.471436 (-47,144 PHP) | train_geo=-0.679843 (-67,984 PHP) val_geo=-0.404455 (-40,446 PHP)
Epoch 008/50 | [PROFIT-LOG] train_loss=0.000832 val_loss=0.001620 | train_profit=-0.862656 (-86,266 PHP) val_profit=-0.471436 (-47,144 PHP) | train_geo=-0.679843 (-67,984 PHP) val_geo=-0.404455 (-40,446 PHP)
Epoch 009/50 | [PROFIT-LOG] train_loss=0.000832 val_loss=0.001620 | train_profit=-0.862656 (-86,266 PHP) val_profit=-0.471436 (-47,144 PHP) | train_geo=-0.679843 (-67,984 PHP) val_geo=-0.404455 (-40,446 PHP)
Epoch 010/50 | [PROFIT-LOG] train_loss=0.000832 val_loss=0.001620 | train_profit=-0.862656 (-86,266 PHP) val_profit=-0.471436 (-47,144 PHP) | train_geo=-0.679843 (-67,984 PHP) val_geo=-0.404455 (-40,446 PHP)
Epoch 011/50 | [PROFIT-LOG] train_loss=0.000832 val_loss=0.001620 | train_profit=-0.862656 (-86,266 PHP) val_profit=-0.471436 (-47,144 PHP) | train_geo=-0.679843 (-67,984 PHP) val_geo=-0.404455 (-40,446 PHP)
Epoch 012/50 | [PROFIT-LOG] train_loss=0.000832 val_loss=0.001620 | train_profit=-0.862656 (-86,266 PHP) val_profit=-0.471436 (-47,144 PHP) | train_geo=-0.679843 (-67,984 PHP) val_geo=-0.404455 (-40,446 PHP)
Epoch 013/50 | [PROFIT-LOG] train_loss=0.000832 val_loss=0.001620 | train_profit=-0.862656 (-86,266 PHP) val_profit=-0.471436 (-47,144 PHP) | train_geo=-0.679843 (-67,984 PHP) val_geo=-0.404455 (-40,446 PHP)
Epoch 014/50 | [PROFIT-LOG] train_loss=0.000832 val_loss=0.001620 | train_profit=-0.862656 (-86,266 PHP) val_profit=-0.471436 (-47,144 PHP) | train_geo=-0.679843 (-67,984 PHP) val_geo=-0.404455 (-40,446 PHP)
Epoch 015/50 | [PROFIT-LOG] train_loss=0.000832 val_loss=0.001620 | train_profit=-0.862656 (-86,266 PHP) val_profit=-0.471436 (-47,144 PHP) | train_geo=-0.679843 (-67,984 PHP) val_geo=-0.404455 (-40,446 PHP)
Epoch 016/50 | [PROFIT-LOG] train_loss=0.000832 val_loss=0.001620 | train_profit=-0.862656 (-86,266 PHP) val_profit=-0.471436 (-47,144 PHP) | train_geo=-0.679843 (-67,984 PHP) val_geo=-0.404455 (-40,446 PHP)
Epoch 017/50 | [PROFIT-LOG] train_loss=0.000832 val_loss=0.001620 | train_profit=-0.862656 (-86,266 PHP) val_profit=-0.471436 (-47,144 PHP) | train_geo=-0.679843 (-67,984 PHP) val_geo=-0.404455 (-40,446 PHP)
Epoch 018/50 | [PROFIT-LOG] train_loss=0.000832 val_loss=0.001620 | train_profit=-0.862656 (-86,266 PHP) val_profit=-0.471436 (-47,144 PHP) | train_geo=-0.679843 (-67,984 PHP) val_geo=-0.404455 (-40,446 PHP)
Epoch 019/50 | [PROFIT-LOG] train_loss=0.000832 val_loss=0.001620 | train_profit=-0.862656 (-86,266 PHP) val_profit=-0.471436 (-47,144 PHP) | train_geo=-0.679843 (-67,984 PHP) val_geo=-0.404455 (-40,446 PHP)
Epoch 020/50 | [PROFIT-LOG] train_loss=0.000832 val_loss=0.001620 | train_profit=-0.862656 (-86,266 PHP) val_profit=-0.471436 (-47,144 PHP) | train_geo=-0.679843 (-67,984 PHP) val_geo=-0.404455 (-40,446 PHP)
Epoch 021/50 | [PROFIT-LOG] train_loss=0.000832 val_loss=0.001620 | train_profit=-0.862656 (-86,266 PHP) val_profit=-0.471436 (-47,144 PHP) | train_geo=-0.679843 (-67,984 PHP) val_geo=-0.404455 (-40,446 PHP)
Epoch 022/50 | [PROFIT-LOG] train_loss=0.000832 val_loss=0.001620 | train_profit=-0.862656 (-86,266 PHP) val_profit=-0.471436 (-47,144 PHP) | train_geo=-0.679843 (-67,984 PHP) val_geo=-0.404455 (-40,446 PHP)
Epoch 023/50 | [PROFIT-LOG] train_loss=0.000832 val_loss=0.001620 | train_profit=-0.862656 (-86,266 PHP) val_profit=-0.471436 (-47,144 PHP) | train_geo=-0.679843 (-67,984 PHP) val_geo=-0.404455 (-40,446 PHP)
Epoch 024/50 | [PROFIT-LOG] train_loss=0.000832 val_loss=0.001620 | train_profit=-0.862656 (-86,266 PHP) val_profit=-0.471436 (-47,144 PHP) | train_geo=-0.679843 (-67,984 PHP) val_geo=-0.404455 (-40,446 PHP)
Epoch 025/50 | [PROFIT-LOG] train_loss=0.000832 val_loss=0.001620 | train_profit=-0.862656 (-86,266 PHP) val_profit=-0.471436 (-47,144 PHP) | train_geo=-0.679843 (-67,984 PHP) val_geo=-0.404455 (-40,446 PHP)
Epoch 026/50 | [PROFIT-LOG] train_loss=0.000832 val_loss=0.001620 | train_profit=-0.862656 (-86,266 PHP) val_profit=-0.471436 (-47,144 PHP) | train_geo=-0.679843 (-67,984 PHP) val_geo=-0.404455 (-40,446 PHP)
Epoch 027/50 | [PROFIT-LOG] train_loss=0.000832 val_loss=0.001620 | train_profit=-0.862656 (-86,266 PHP) val_profit=-0.471436 (-47,144 PHP) | train_geo=-0.679843 (-67,984 PHP) val_geo=-0.404455 (-40,446 PHP)
Epoch 028/50 | [PROFIT-LOG] train_loss=0.000832 val_loss=0.001620 | train_profit=-0.862656 (-86,266 PHP) val_profit=-0.471436 (-47,144 PHP) | train_geo=-0.679843 (-67,984 PHP) val_geo=-0.404455 (-40,446 PHP)
Epoch 029/50 | [PROFIT-LOG] train_loss=0.000832 val_loss=0.001620 | train_profit=-0.862656 (-86,266 PHP) val_profit=-0.471436 (-47,144 PHP) | train_geo=-0.679843 (-67,984 PHP) val_geo=-0.404455 (-40,446 PHP)
Epoch 030/50 | [PROFIT-LOG] train_loss=0.000832 val_loss=0.001620 | train_profit=-0.862656 (-86,266 PHP) val_profit=-0.471436 (-47,144 PHP) | train_geo=-0.679843 (-67,984 PHP) val_geo=-0.404455 (-40,446 PHP)
Epoch 031/50 | [PROFIT-LOG] train_loss=0.000832 val_loss=0.001620 | train_profit=-0.862656 (-86,266 PHP) val_profit=-0.471436 (-47,144 PHP) | train_geo=-0.679843 (-67,984 PHP) val_geo=-0.404455 (-40,446 PHP)
Epoch 032/50 | [PROFIT-LOG] train_loss=0.000832 val_loss=0.001620 | train_profit=-0.862656 (-86,266 PHP) val_profit=-0.471436 (-47,144 PHP) | train_geo=-0.679843 (-67,984 PHP) val_geo=-0.404455 (-40,446 PHP)
Epoch 033/50 | [PROFIT-LOG] train_loss=0.000832 val_loss=0.001620 | train_profit=-0.862656 (-86,266 PHP) val_profit=-0.471436 (-47,144 PHP) | train_geo=-0.679843 (-67,984 PHP) val_geo=-0.404455 (-40,446 PHP)
Epoch 034/50 | [PROFIT-LOG] train_loss=0.000832 val_loss=0.001620 | train_profit=-0.862656 (-86,266 PHP) val_profit=-0.471436 (-47,144 PHP) | train_geo=-0.679843 (-67,984 PHP) val_geo=-0.404455 (-40,446 PHP)
Epoch 035/50 | [PROFIT-LOG] train_loss=0.000832 val_loss=0.001620 | train_profit=-0.862656 (-86,266 PHP) val_profit=-0.471436 (-47,144 PHP) | train_geo=-0.679843 (-67,984 PHP) val_geo=-0.404455 (-40,446 PHP)
Epoch 036/50 | [PROFIT-LOG] train_loss=0.000832 val_loss=0.001620 | train_profit=-0.862656 (-86,266 PHP) val_profit=-0.471436 (-47,144 PHP) | train_geo=-0.679843 (-67,984 PHP) val_geo=-0.404455 (-40,446 PHP)
Epoch 037/50 | [PROFIT-LOG] train_loss=0.000832 val_loss=0.001620 | train_profit=-0.862656 (-86,266 PHP) val_profit=-0.471436 (-47,144 PHP) | train_geo=-0.679843 (-67,984 PHP) val_geo=-0.404455 (-40,446 PHP)
Epoch 038/50 | [PROFIT-LOG] train_loss=0.000832 val_loss=0.001620 | train_profit=-0.862656 (-86,266 PHP) val_profit=-0.471436 (-47,144 PHP) | train_geo=-0.679843 (-67,984 PHP) val_geo=-0.404455 (-40,446 PHP)
Epoch 039/50 | [PROFIT-LOG] train_loss=0.000832 val_loss=0.001620 | train_profit=-0.862656 (-86,266 PHP) val_profit=-0.471436 (-47,144 PHP) | train_geo=-0.679843 (-67,984 PHP) val_geo=-0.404455 (-40,446 PHP)
Epoch 040/50 | [PROFIT-LOG] train_loss=0.000832 val_loss=0.001620 | train_profit=-0.862656 (-86,266 PHP) val_profit=-0.471436 (-47,144 PHP) | train_geo=-0.679843 (-67,984 PHP) val_geo=-0.404455 (-40,446 PHP)
Epoch 041/50 | [PROFIT-LOG] train_loss=0.000832 val_loss=0.001620 | train_profit=-0.862656 (-86,266 PHP) val_profit=-0.471436 (-47,144 PHP) | train_geo=-0.679843 (-67,984 PHP) val_geo=-0.404455 (-40,446 PHP)
Epoch 042/50 | [PROFIT-LOG] train_loss=0.000832 val_loss=0.001620 | train_profit=-0.862656 (-86,266 PHP) val_profit=-0.471436 (-47,144 PHP) | train_geo=-0.679843 (-67,984 PHP) val_geo=-0.404455 (-40,446 PHP)
Epoch 043/50 | [PROFIT-LOG] train_loss=0.000832 val_loss=0.001620 | train_profit=-0.862656 (-86,266 PHP) val_profit=-0.471436 (-47,144 PHP) | train_geo=-0.679843 (-67,984 PHP) val_geo=-0.404455 (-40,446 PHP)
Epoch 044/50 | [PROFIT-LOG] train_loss=0.000832 val_loss=0.001620 | train_profit=-0.862656 (-86,266 PHP) val_profit=-0.471436 (-47,144 PHP) | train_geo=-0.679843 (-67,984 PHP) val_geo=-0.404455 (-40,446 PHP)
Epoch 045/50 | [PROFIT-LOG] train_loss=0.000832 val_loss=0.001620 | train_profit=-0.862656 (-86,266 PHP) val_profit=-0.471436 (-47,144 PHP) | train_geo=-0.679843 (-67,984 PHP) val_geo=-0.404455 (-40,446 PHP)
Epoch 046/50 | [PROFIT-LOG] train_loss=0.000832 val_loss=0.001620 | train_profit=-0.862656 (-86,266 PHP) val_profit=-0.471436 (-47,144 PHP) | train_geo=-0.679843 (-67,984 PHP) val_geo=-0.404455 (-40,446 PHP)
Epoch 047/50 | [PROFIT-LOG] train_loss=0.000832 val_loss=0.001620 | train_profit=-0.862656 (-86,266 PHP) val_profit=-0.471436 (-47,144 PHP) | train_geo=-0.679843 (-67,984 PHP) val_geo=-0.404455 (-40,446 PHP)
Epoch 048/50 | [PROFIT-LOG] train_loss=0.000832 val_loss=0.001620 | train_profit=-0.862656 (-86,266 PHP) val_profit=-0.471436 (-47,144 PHP) | train_geo=-0.679843 (-67,984 PHP) val_geo=-0.404455 (-40,446 PHP)
Epoch 049/50 | [PROFIT-LOG] train_loss=0.000832 val_loss=0.001620 | train_profit=-0.862656 (-86,266 PHP) val_profit=-0.471436 (-47,144 PHP) | train_geo=-0.679843 (-67,984 PHP) val_geo=-0.404455 (-40,446 PHP)
Epoch 050/50 | [PROFIT-LOG] train_loss=0.000832 val_loss=0.001620 | train_profit=-0.862656 (-86,266 PHP) val_profit=-0.471436 (-47,144 PHP) | train_geo=-0.679843 (-67,984 PHP) val_geo=-0.404455 (-40,446 PHP)
[9/23] JPM        (mid   ) profit-log    dir_acc=0.438 cum_ret=-0.3607 geo_ret=-0.3224 sharpe=-1.342 (buy&hold=+0.3924) [4.6s]
Epoch 001/50 | [MSE] train_loss=0.000662 val_loss=0.000456 | train_profit=-1.079488 (-107,949 PHP) val_profit=0.073621 (+7,362 PHP) | train_geo=-0.749928 (-74,993 PHP) val_geo=0.018859 (+1,886 PHP)
Epoch 002/50 | [MSE] train_loss=0.000524 val_loss=0.000436 | train_profit=-1.235892 (-123,589 PHP) val_profit=0.073621 (+7,362 PHP) | train_geo=-0.786362 (-78,636 PHP) val_geo=0.018859 (+1,886 PHP)
Epoch 003/50 | [MSE] train_loss=0.000495 val_loss=0.000415 | train_profit=-0.838240 (-83,824 PHP) val_profit=0.073621 (+7,362 PHP) | train_geo=-0.682630 (-68,263 PHP) val_geo=0.018859 (+1,886 PHP)
Epoch 004/50 | [MSE] train_loss=0.000493 val_loss=0.000388 | train_profit=-0.764527 (-76,453 PHP) val_profit=0.073621 (+7,362 PHP) | train_geo=-0.657681 (-65,768 PHP) val_geo=0.018859 (+1,886 PHP)
Epoch 005/50 | [MSE] train_loss=0.000482 val_loss=0.000366 | train_profit=-0.779421 (-77,942 PHP) val_profit=0.073621 (+7,362 PHP) | train_geo=-0.662984 (-66,298 PHP) val_geo=0.018859 (+1,886 PHP)
Epoch 006/50 | [MSE] train_loss=0.000480 val_loss=0.000354 | train_profit=-1.499008 (-149,901 PHP) val_profit=-0.124877 (-12,488 PHP) | train_geo=-0.836117 (-83,612 PHP) val_geo=-0.165423 (-16,542 PHP)
Epoch 007/50 | [MSE] train_loss=0.000465 val_loss=0.000352 | train_profit=-0.914776 (-91,478 PHP) val_profit=-0.174132 (-17,413 PHP) | train_geo=-0.705765 (-70,577 PHP) val_geo=-0.205681 (-20,568 PHP)
Epoch 008/50 | [MSE] train_loss=0.000452 val_loss=0.000353 | train_profit=-1.218707 (-121,871 PHP) val_profit=-0.058991 (-5,899 PHP) | train_geo=-0.782549 (-78,255 PHP) val_geo=-0.108451 (-10,845 PHP)
Epoch 009/50 | [MSE] train_loss=0.000452 val_loss=0.000351 | train_profit=-1.083149 (-108,315 PHP) val_profit=-0.116406 (-11,641 PHP) | train_geo=-0.750993 (-75,099 PHP) val_geo=-0.158225 (-15,823 PHP)
Epoch 010/50 | [MSE] train_loss=0.000450 val_loss=0.000351 | train_profit=-2.053672 (-205,367 PHP) val_profit=-0.134457 (-13,446 PHP) | train_geo=-0.906179 (-90,618 PHP) val_geo=-0.173333 (-17,333 PHP)
Epoch 011/50 | [MSE] train_loss=0.000443 val_loss=0.000351 | train_profit=-0.505580 (-50,558 PHP) val_profit=0.022287 (+2,229 PHP) | train_geo=-0.555510 (-55,551 PHP) val_geo=-0.033230 (-3,323 PHP)
Epoch 012/50 | [MSE] train_loss=0.000452 val_loss=0.000350 | train_profit=-2.235464 (-223,546 PHP) val_profit=-0.183456 (-18,346 PHP) | train_geo=-0.921854 (-92,185 PHP) val_geo=-0.212843 (-21,284 PHP)
Epoch 013/50 | [MSE] train_loss=0.000449 val_loss=0.000352 | train_profit=-1.481939 (-148,194 PHP) val_profit=-0.169372 (-16,937 PHP) | train_geo=-0.833544 (-83,354 PHP) val_geo=-0.202083 (-20,208 PHP)
Epoch 014/50 | [MSE] train_loss=0.000450 val_loss=0.000350 | train_profit=-0.351987 (-35,199 PHP) val_profit=-0.055565 (-5,557 PHP) | train_geo=-0.481692 (-48,169 PHP) val_geo=-0.105335 (-10,533 PHP)
Epoch 015/50 | [MSE] train_loss=0.000447 val_loss=0.000350 | train_profit=-1.011181 (-101,118 PHP) val_profit=-0.056365 (-5,637 PHP) | train_geo=-0.732434 (-73,243 PHP) val_geo=-0.106316 (-10,632 PHP)
Epoch 016/50 | [MSE] train_loss=0.000445 val_loss=0.000351 | train_profit=-0.477922 (-47,792 PHP) val_profit=-0.000476 (-48 PHP) | train_geo=-0.543210 (-54,321 PHP) val_geo=-0.054967 (-5,497 PHP)
Epoch 017/50 | [MSE] train_loss=0.000444 val_loss=0.000351 | train_profit=-0.862721 (-86,272 PHP) val_profit=-0.259774 (-25,977 PHP) | train_geo=-0.688740 (-68,874 PHP) val_geo=-0.271032 (-27,103 PHP)
Epoch 018/50 | [MSE] train_loss=0.000449 val_loss=0.000350 | train_profit=-1.450749 (-145,075 PHP) val_profit=-0.194449 (-19,445 PHP) | train_geo=-0.827814 (-82,781 PHP) val_geo=-0.221518 (-22,152 PHP)
Epoch 019/50 | [MSE] train_loss=0.000444 val_loss=0.000351 | train_profit=-1.751301 (-175,130 PHP) val_profit=-0.195803 (-19,580 PHP) | train_geo=-0.872692 (-87,269 PHP) val_geo=-0.222595 (-22,259 PHP)
Epoch 020/50 | [MSE] train_loss=0.000443 val_loss=0.000351 | train_profit=-0.988294 (-98,829 PHP) val_profit=-0.031282 (-3,128 PHP) | train_geo=-0.726945 (-72,695 PHP) val_geo=-0.083739 (-8,374 PHP)
Epoch 021/50 | [MSE] train_loss=0.000447 val_loss=0.000351 | train_profit=-1.318693 (-131,869 PHP) val_profit=-0.109457 (-10,946 PHP) | train_geo=-0.803206 (-80,321 PHP) val_geo=-0.152281 (-15,228 PHP)
Epoch 022/50 | [MSE] train_loss=0.000443 val_loss=0.000351 | train_profit=-1.047442 (-104,744 PHP) val_profit=-0.234142 (-23,414 PHP) | train_geo=-0.741682 (-74,168 PHP) val_geo=-0.251843 (-25,184 PHP)
Epoch 023/50 | [MSE] train_loss=0.000439 val_loss=0.000350 | train_profit=-1.044015 (-104,402 PHP) val_profit=-0.038953 (-3,895 PHP) | train_geo=-0.740652 (-74,065 PHP) val_geo=-0.090323 (-9,032 PHP)
Epoch 024/50 | [MSE] train_loss=0.000442 val_loss=0.000350 | train_profit=-0.985729 (-98,573 PHP) val_profit=-0.034685 (-3,468 PHP) | train_geo=-0.725755 (-72,576 PHP) val_geo=-0.086660 (-8,666 PHP)
Epoch 025/50 | [MSE] train_loss=0.000442 val_loss=0.000351 | train_profit=-1.223467 (-122,347 PHP) val_profit=-0.093444 (-9,344 PHP) | train_geo=-0.783769 (-78,377 PHP) val_geo=-0.138965 (-13,896 PHP)
Epoch 026/50 | [MSE] train_loss=0.000441 val_loss=0.000350 | train_profit=-1.074499 (-107,450 PHP) val_profit=0.113210 (+11,321 PHP) | train_geo=-0.748432 (-74,843 PHP) val_geo=0.059124 (+5,912 PHP)
Epoch 027/50 | [MSE] train_loss=0.000441 val_loss=0.000351 | train_profit=-1.088428 (-108,843 PHP) val_profit=-0.044266 (-4,427 PHP) | train_geo=-0.752295 (-75,229 PHP) val_geo=-0.095403 (-9,540 PHP)
Epoch 028/50 | [MSE] train_loss=0.000443 val_loss=0.000350 | train_profit=-1.068428 (-106,843 PHP) val_profit=0.011235 (+1,123 PHP) | train_geo=-0.747157 (-74,716 PHP) val_geo=-0.043647 (-4,365 PHP)
Epoch 029/50 | [MSE] train_loss=0.000441 val_loss=0.000351 | train_profit=-1.347510 (-134,751 PHP) val_profit=-0.165808 (-16,581 PHP) | train_geo=-0.809176 (-80,918 PHP) val_geo=-0.198890 (-19,889 PHP)
Epoch 030/50 | [MSE] train_loss=0.000442 val_loss=0.000350 | train_profit=-1.361753 (-136,175 PHP) val_profit=0.123805 (+12,380 PHP) | train_geo=-0.811790 (-81,179 PHP) val_geo=0.070424 (+7,042 PHP)
Epoch 031/50 | [MSE] train_loss=0.000441 val_loss=0.000350 | train_profit=-0.502367 (-50,237 PHP) val_profit=-0.076964 (-7,696 PHP) | train_geo=-0.554696 (-55,470 PHP) val_geo=-0.124451 (-12,445 PHP)
Epoch 032/50 | [MSE] train_loss=0.000441 val_loss=0.000350 | train_profit=-1.188955 (-118,896 PHP) val_profit=0.046608 (+4,661 PHP) | train_geo=-0.776234 (-77,623 PHP) val_geo=-0.009148 (-915 PHP)
Epoch 033/50 | [MSE] train_loss=0.000439 val_loss=0.000351 | train_profit=-1.709146 (-170,915 PHP) val_profit=-0.104193 (-10,419 PHP) | train_geo=-0.866942 (-86,694 PHP) val_geo=-0.147967 (-14,797 PHP)
Epoch 034/50 | [MSE] train_loss=0.000440 val_loss=0.000351 | train_profit=-0.697162 (-69,716 PHP) val_profit=-0.131574 (-13,157 PHP) | train_geo=-0.633156 (-63,316 PHP) val_geo=-0.171031 (-17,103 PHP)
Epoch 035/50 | [MSE] train_loss=0.000441 val_loss=0.000350 | train_profit=-1.247535 (-124,753 PHP) val_profit=-0.080115 (-8,012 PHP) | train_geo=-0.789227 (-78,923 PHP) val_geo=-0.127327 (-12,733 PHP)
Epoch 036/50 | [MSE] train_loss=0.000439 val_loss=0.000351 | train_profit=-1.447349 (-144,735 PHP) val_profit=-0.054839 (-5,484 PHP) | train_geo=-0.827643 (-82,764 PHP) val_geo=-0.105134 (-10,513 PHP)
Epoch 037/50 | [MSE] train_loss=0.000439 val_loss=0.000351 | train_profit=-2.265905 (-226,591 PHP) val_profit=-0.132462 (-13,246 PHP) | train_geo=-0.924086 (-92,409 PHP) val_geo=-0.171869 (-17,187 PHP)
Epoch 038/50 | [MSE] train_loss=0.000439 val_loss=0.000350 | train_profit=-1.793134 (-179,313 PHP) val_profit=0.099392 (+9,939 PHP) | train_geo=-0.878000 (-87,800 PHP) val_geo=0.044582 (+4,458 PHP)
Epoch 039/50 | [MSE] train_loss=0.000437 val_loss=0.000352 | train_profit=-0.785391 (-78,539 PHP) val_profit=-0.203676 (-20,368 PHP) | train_geo=-0.664325 (-66,432 PHP) val_geo=-0.228721 (-22,872 PHP)
Epoch 040/50 | [MSE] train_loss=0.000441 val_loss=0.000351 | train_profit=-1.561270 (-156,127 PHP) val_profit=-0.053677 (-5,368 PHP) | train_geo=-0.845898 (-84,590 PHP) val_geo=-0.103749 (-10,375 PHP)
Epoch 041/50 | [MSE] train_loss=0.000437 val_loss=0.000351 | train_profit=-1.705043 (-170,504 PHP) val_profit=-0.146992 (-14,699 PHP) | train_geo=-0.866630 (-86,663 PHP) val_geo=-0.183863 (-18,386 PHP)
Epoch 042/50 | [MSE] train_loss=0.000436 val_loss=0.000351 | train_profit=-0.620751 (-62,075 PHP) val_profit=-0.054231 (-5,423 PHP) | train_geo=-0.604319 (-60,432 PHP) val_geo=-0.104275 (-10,428 PHP)
Epoch 043/50 | [MSE] train_loss=0.000437 val_loss=0.000352 | train_profit=0.084414 (+8,441 PHP) val_profit=-0.024869 (-2,487 PHP) | train_geo=-0.198150 (-19,815 PHP) val_geo=-0.077582 (-7,758 PHP)
Epoch 044/50 | [MSE] train_loss=0.000438 val_loss=0.000352 | train_profit=-0.786836 (-78,684 PHP) val_profit=-0.120196 (-12,020 PHP) | train_geo=-0.664371 (-66,437 PHP) val_geo=-0.161527 (-16,153 PHP)
Epoch 045/50 | [MSE] train_loss=0.000440 val_loss=0.000352 | train_profit=-0.556850 (-55,685 PHP) val_profit=-0.192912 (-19,291 PHP) | train_geo=-0.577839 (-57,784 PHP) val_geo=-0.220402 (-22,040 PHP)
Epoch 046/50 | [MSE] train_loss=0.000438 val_loss=0.000351 | train_profit=-0.608002 (-60,800 PHP) val_profit=-0.134615 (-13,461 PHP) | train_geo=-0.599116 (-59,912 PHP) val_geo=-0.173621 (-17,362 PHP)
Epoch 047/50 | [MSE] train_loss=0.000436 val_loss=0.000351 | train_profit=-0.677911 (-67,791 PHP) val_profit=-0.230694 (-23,069 PHP) | train_geo=-0.626367 (-62,637 PHP) val_geo=-0.249470 (-24,947 PHP)
Epoch 048/50 | [MSE] train_loss=0.000435 val_loss=0.000351 | train_profit=-0.547721 (-54,772 PHP) val_profit=-0.001008 (-101 PHP) | train_geo=-0.573997 (-57,400 PHP) val_geo=-0.055485 (-5,548 PHP)
Epoch 049/50 | [MSE] train_loss=0.000436 val_loss=0.000352 | train_profit=-0.125510 (-12,551 PHP) val_profit=-0.083372 (-8,337 PHP) | train_geo=-0.349839 (-34,984 PHP) val_geo=-0.130193 (-13,019 PHP)
Epoch 050/50 | [MSE] train_loss=0.000435 val_loss=0.000351 | train_profit=-0.689410 (-68,941 PHP) val_profit=-0.116826 (-11,683 PHP) | train_geo=-0.630099 (-63,010 PHP) val_geo=-0.158846 (-15,885 PHP)
[10/23] DIS        (mid   ) mse           dir_acc=0.456 cum_ret=-0.1149 geo_ret=-0.1426 sharpe=-0.365 (buy&hold=-0.0203) [4.2s]
Epoch 001/50 | train_loss=0.000386 val_loss=0.000421 | train_profit=-0.463307 (-46,331 PHP) val_profit=0.073621 (+7,362 PHP) | train_geo=-0.536627 (-53,663 PHP) val_geo=0.018859 (+1,886 PHP)
Epoch 002/50 | train_loss=-0.000035 val_loss=-0.000067 | train_profit=0.321110 (+32,111 PHP) val_profit=0.073621 (+7,362 PHP) | train_geo=0.016689 (+1,669 PHP) val_geo=0.018859 (+1,886 PHP)
Epoch 003/50 | train_loss=0.000001 val_loss=0.000306 | train_profit=0.386772 (+38,677 PHP) val_profit=0.073621 (+7,362 PHP) | train_geo=0.085834 (+8,583 PHP) val_geo=0.018859 (+1,886 PHP)
Epoch 004/50 | train_loss=-0.000012 val_loss=-0.000003 | train_profit=0.211340 (+21,134 PHP) val_profit=0.178187 (+17,819 PHP) | train_geo=-0.088908 (-8,891 PHP) val_geo=0.131256 (+13,126 PHP)
Epoch 005/50 | train_loss=-0.000079 val_loss=0.000250 | train_profit=0.332953 (+33,295 PHP) val_profit=0.073621 (+7,362 PHP) | train_geo=0.028883 (+2,888 PHP) val_geo=0.018859 (+1,886 PHP)
Epoch 006/50 | train_loss=-0.000192 val_loss=-0.000062 | train_profit=0.386772 (+38,677 PHP) val_profit=0.073621 (+7,362 PHP) | train_geo=0.085834 (+8,583 PHP) val_geo=0.018859 (+1,886 PHP)
Epoch 007/50 | train_loss=-0.000263 val_loss=-0.000040 | train_profit=0.386772 (+38,677 PHP) val_profit=0.073621 (+7,362 PHP) | train_geo=0.085834 (+8,583 PHP) val_geo=0.018859 (+1,886 PHP)
Epoch 008/50 | train_loss=-0.000297 val_loss=-0.000057 | train_profit=0.386772 (+38,677 PHP) val_profit=0.073621 (+7,362 PHP) | train_geo=0.085834 (+8,583 PHP) val_geo=0.018859 (+1,886 PHP)
Epoch 009/50 | train_loss=-0.000300 val_loss=-0.000057 | train_profit=0.386772 (+38,677 PHP) val_profit=0.073621 (+7,362 PHP) | train_geo=0.085834 (+8,583 PHP) val_geo=0.018859 (+1,886 PHP)
Epoch 010/50 | train_loss=-0.000308 val_loss=-0.000068 | train_profit=0.386772 (+38,677 PHP) val_profit=0.073621 (+7,362 PHP) | train_geo=0.085834 (+8,583 PHP) val_geo=0.018859 (+1,886 PHP)
Epoch 011/50 | train_loss=-0.000315 val_loss=-0.000079 | train_profit=0.386772 (+38,677 PHP) val_profit=0.073621 (+7,362 PHP) | train_geo=0.085834 (+8,583 PHP) val_geo=0.018859 (+1,886 PHP)
Epoch 012/50 | train_loss=-0.000311 val_loss=-0.000074 | train_profit=0.386772 (+38,677 PHP) val_profit=0.073621 (+7,362 PHP) | train_geo=0.085834 (+8,583 PHP) val_geo=0.018859 (+1,886 PHP)
Epoch 013/50 | train_loss=-0.000325 val_loss=-0.000069 | train_profit=0.386772 (+38,677 PHP) val_profit=0.073621 (+7,362 PHP) | train_geo=0.085834 (+8,583 PHP) val_geo=0.018859 (+1,886 PHP)
Epoch 014/50 | train_loss=-0.000286 val_loss=-0.000059 | train_profit=0.386772 (+38,677 PHP) val_profit=0.073621 (+7,362 PHP) | train_geo=0.085834 (+8,583 PHP) val_geo=0.018859 (+1,886 PHP)
Epoch 015/50 | train_loss=-0.000266 val_loss=-0.000023 | train_profit=0.386772 (+38,677 PHP) val_profit=0.073621 (+7,362 PHP) | train_geo=0.085834 (+8,583 PHP) val_geo=0.018859 (+1,886 PHP)
Epoch 016/50 | train_loss=-0.000314 val_loss=-0.000057 | train_profit=0.386772 (+38,677 PHP) val_profit=0.073621 (+7,362 PHP) | train_geo=0.085834 (+8,583 PHP) val_geo=0.018859 (+1,886 PHP)
Epoch 017/50 | train_loss=-0.000317 val_loss=-0.000052 | train_profit=0.386772 (+38,677 PHP) val_profit=0.073621 (+7,362 PHP) | train_geo=0.085834 (+8,583 PHP) val_geo=0.018859 (+1,886 PHP)
Epoch 018/50 | train_loss=-0.000320 val_loss=-0.000066 | train_profit=0.386772 (+38,677 PHP) val_profit=0.073621 (+7,362 PHP) | train_geo=0.085834 (+8,583 PHP) val_geo=0.018859 (+1,886 PHP)
Epoch 019/50 | train_loss=-0.000319 val_loss=-0.000059 | train_profit=0.386772 (+38,677 PHP) val_profit=0.073621 (+7,362 PHP) | train_geo=0.085834 (+8,583 PHP) val_geo=0.018859 (+1,886 PHP)
Epoch 020/50 | train_loss=-0.000296 val_loss=-0.000045 | train_profit=0.386772 (+38,677 PHP) val_profit=0.073621 (+7,362 PHP) | train_geo=0.085834 (+8,583 PHP) val_geo=0.018859 (+1,886 PHP)
Epoch 021/50 | train_loss=-0.000265 val_loss=0.000001 | train_profit=0.386772 (+38,677 PHP) val_profit=0.073621 (+7,362 PHP) | train_geo=0.085834 (+8,583 PHP) val_geo=0.018859 (+1,886 PHP)
Epoch 022/50 | train_loss=-0.000329 val_loss=-0.000068 | train_profit=0.386772 (+38,677 PHP) val_profit=0.073621 (+7,362 PHP) | train_geo=0.085834 (+8,583 PHP) val_geo=0.018859 (+1,886 PHP)
Epoch 023/50 | train_loss=-0.000336 val_loss=-0.000056 | train_profit=0.386772 (+38,677 PHP) val_profit=0.073621 (+7,362 PHP) | train_geo=0.085834 (+8,583 PHP) val_geo=0.018859 (+1,886 PHP)
Epoch 024/50 | train_loss=-0.000325 val_loss=-0.000058 | train_profit=0.386772 (+38,677 PHP) val_profit=0.073621 (+7,362 PHP) | train_geo=0.085834 (+8,583 PHP) val_geo=0.018859 (+1,886 PHP)
Epoch 025/50 | train_loss=-0.000328 val_loss=-0.000067 | train_profit=0.386772 (+38,677 PHP) val_profit=0.073621 (+7,362 PHP) | train_geo=0.085834 (+8,583 PHP) val_geo=0.018859 (+1,886 PHP)
Epoch 026/50 | train_loss=-0.000330 val_loss=-0.000070 | train_profit=0.386772 (+38,677 PHP) val_profit=0.073621 (+7,362 PHP) | train_geo=0.085834 (+8,583 PHP) val_geo=0.018859 (+1,886 PHP)
Epoch 027/50 | train_loss=-0.000329 val_loss=-0.000060 | train_profit=0.386772 (+38,677 PHP) val_profit=0.073621 (+7,362 PHP) | train_geo=0.085834 (+8,583 PHP) val_geo=0.018859 (+1,886 PHP)
Epoch 028/50 | train_loss=-0.000333 val_loss=-0.000067 | train_profit=0.386772 (+38,677 PHP) val_profit=0.073621 (+7,362 PHP) | train_geo=0.085834 (+8,583 PHP) val_geo=0.018859 (+1,886 PHP)
Epoch 029/50 | train_loss=-0.000336 val_loss=-0.000066 | train_profit=0.386772 (+38,677 PHP) val_profit=0.073621 (+7,362 PHP) | train_geo=0.085834 (+8,583 PHP) val_geo=0.018859 (+1,886 PHP)
Epoch 030/50 | train_loss=-0.000324 val_loss=-0.000070 | train_profit=0.386772 (+38,677 PHP) val_profit=0.073621 (+7,362 PHP) | train_geo=0.085834 (+8,583 PHP) val_geo=0.018859 (+1,886 PHP)
Epoch 031/50 | train_loss=-0.000331 val_loss=-0.000065 | train_profit=0.386772 (+38,677 PHP) val_profit=0.073621 (+7,362 PHP) | train_geo=0.085834 (+8,583 PHP) val_geo=0.018859 (+1,886 PHP)
Epoch 032/50 | train_loss=-0.000328 val_loss=-0.000063 | train_profit=0.386772 (+38,677 PHP) val_profit=0.073621 (+7,362 PHP) | train_geo=0.085834 (+8,583 PHP) val_geo=0.018859 (+1,886 PHP)
Epoch 033/50 | train_loss=-0.000332 val_loss=-0.000059 | train_profit=0.386772 (+38,677 PHP) val_profit=0.073621 (+7,362 PHP) | train_geo=0.085834 (+8,583 PHP) val_geo=0.018859 (+1,886 PHP)
Epoch 034/50 | train_loss=-0.000333 val_loss=-0.000062 | train_profit=0.386772 (+38,677 PHP) val_profit=0.073621 (+7,362 PHP) | train_geo=0.085834 (+8,583 PHP) val_geo=0.018859 (+1,886 PHP)
Epoch 035/50 | train_loss=-0.000336 val_loss=-0.000064 | train_profit=0.386772 (+38,677 PHP) val_profit=0.073621 (+7,362 PHP) | train_geo=0.085834 (+8,583 PHP) val_geo=0.018859 (+1,886 PHP)
Epoch 036/50 | train_loss=-0.000337 val_loss=-0.000063 | train_profit=0.386772 (+38,677 PHP) val_profit=0.073621 (+7,362 PHP) | train_geo=0.085834 (+8,583 PHP) val_geo=0.018859 (+1,886 PHP)
Epoch 037/50 | train_loss=-0.000339 val_loss=-0.000057 | train_profit=0.386772 (+38,677 PHP) val_profit=0.073621 (+7,362 PHP) | train_geo=0.085834 (+8,583 PHP) val_geo=0.018859 (+1,886 PHP)
Epoch 038/50 | train_loss=-0.000343 val_loss=-0.000049 | train_profit=0.386772 (+38,677 PHP) val_profit=0.073621 (+7,362 PHP) | train_geo=0.085834 (+8,583 PHP) val_geo=0.018859 (+1,886 PHP)
Epoch 039/50 | train_loss=-0.000342 val_loss=-0.000059 | train_profit=0.386772 (+38,677 PHP) val_profit=0.073621 (+7,362 PHP) | train_geo=0.085834 (+8,583 PHP) val_geo=0.018859 (+1,886 PHP)
Epoch 040/50 | train_loss=-0.000331 val_loss=-0.000065 | train_profit=0.386772 (+38,677 PHP) val_profit=0.073621 (+7,362 PHP) | train_geo=0.085834 (+8,583 PHP) val_geo=0.018859 (+1,886 PHP)
Epoch 041/50 | train_loss=-0.000344 val_loss=-0.000067 | train_profit=0.386772 (+38,677 PHP) val_profit=0.073621 (+7,362 PHP) | train_geo=0.085834 (+8,583 PHP) val_geo=0.018859 (+1,886 PHP)
Epoch 042/50 | train_loss=-0.000342 val_loss=-0.000055 | train_profit=0.386772 (+38,677 PHP) val_profit=0.073621 (+7,362 PHP) | train_geo=0.085834 (+8,583 PHP) val_geo=0.018859 (+1,886 PHP)
Epoch 043/50 | train_loss=-0.000338 val_loss=-0.000049 | train_profit=0.386772 (+38,677 PHP) val_profit=0.073621 (+7,362 PHP) | train_geo=0.085834 (+8,583 PHP) val_geo=0.018859 (+1,886 PHP)
Epoch 044/50 | train_loss=-0.000337 val_loss=-0.000058 | train_profit=0.386772 (+38,677 PHP) val_profit=0.073621 (+7,362 PHP) | train_geo=0.085834 (+8,583 PHP) val_geo=0.018859 (+1,886 PHP)
Epoch 045/50 | train_loss=-0.000333 val_loss=-0.000057 | train_profit=0.386772 (+38,677 PHP) val_profit=0.073621 (+7,362 PHP) | train_geo=0.085834 (+8,583 PHP) val_geo=0.018859 (+1,886 PHP)
Epoch 046/50 | train_loss=-0.000335 val_loss=-0.000054 | train_profit=0.386772 (+38,677 PHP) val_profit=0.073621 (+7,362 PHP) | train_geo=0.085834 (+8,583 PHP) val_geo=0.018859 (+1,886 PHP)
Epoch 047/50 | train_loss=-0.000351 val_loss=-0.000055 | train_profit=0.386772 (+38,677 PHP) val_profit=0.073621 (+7,362 PHP) | train_geo=0.085834 (+8,583 PHP) val_geo=0.018859 (+1,886 PHP)
Epoch 048/50 | train_loss=-0.000351 val_loss=-0.000061 | train_profit=0.386772 (+38,677 PHP) val_profit=0.073621 (+7,362 PHP) | train_geo=0.085834 (+8,583 PHP) val_geo=0.018859 (+1,886 PHP)
Epoch 049/50 | train_loss=-0.000344 val_loss=-0.000054 | train_profit=0.386772 (+38,677 PHP) val_profit=0.073621 (+7,362 PHP) | train_geo=0.085834 (+8,583 PHP) val_geo=0.018859 (+1,886 PHP)
Epoch 050/50 | train_loss=-0.000351 val_loss=-0.000061 | train_profit=0.386772 (+38,677 PHP) val_profit=0.073621 (+7,362 PHP) | train_geo=0.085834 (+8,583 PHP) val_geo=0.018859 (+1,886 PHP)
[10/23] DIS        (mid   ) profit-aware  dir_acc=0.463 cum_ret=+0.0173 geo_ret=-0.0213 sharpe=+0.055 (buy&hold=-0.0203) [11.2s]
Epoch 001/50 | [PROFIT-LOG] train_loss=-0.000205 val_loss=-0.000058 | train_profit=0.127443 (+12,744 PHP) val_profit=0.073621 (+7,362 PHP) | train_geo=-0.162353 (-16,235 PHP) val_geo=0.018859 (+1,886 PHP)
Epoch 002/50 | [PROFIT-LOG] train_loss=-0.000359 val_loss=-0.000058 | train_profit=0.386772 (+38,677 PHP) val_profit=0.073621 (+7,362 PHP) | train_geo=0.085834 (+8,583 PHP) val_geo=0.018859 (+1,886 PHP)
Epoch 003/50 | [PROFIT-LOG] train_loss=-0.000359 val_loss=-0.000058 | train_profit=0.386772 (+38,677 PHP) val_profit=0.073621 (+7,362 PHP) | train_geo=0.085834 (+8,583 PHP) val_geo=0.018859 (+1,886 PHP)
Epoch 004/50 | [PROFIT-LOG] train_loss=-0.000359 val_loss=-0.000058 | train_profit=0.386772 (+38,677 PHP) val_profit=0.073621 (+7,362 PHP) | train_geo=0.085834 (+8,583 PHP) val_geo=0.018859 (+1,886 PHP)
Epoch 005/50 | [PROFIT-LOG] train_loss=-0.000359 val_loss=-0.000058 | train_profit=0.386772 (+38,677 PHP) val_profit=0.073621 (+7,362 PHP) | train_geo=0.085834 (+8,583 PHP) val_geo=0.018859 (+1,886 PHP)
Epoch 006/50 | [PROFIT-LOG] train_loss=-0.000359 val_loss=-0.000058 | train_profit=0.386772 (+38,677 PHP) val_profit=0.073621 (+7,362 PHP) | train_geo=0.085834 (+8,583 PHP) val_geo=0.018859 (+1,886 PHP)
Epoch 007/50 | [PROFIT-LOG] train_loss=-0.000359 val_loss=-0.000058 | train_profit=0.386772 (+38,677 PHP) val_profit=0.073621 (+7,362 PHP) | train_geo=0.085834 (+8,583 PHP) val_geo=0.018859 (+1,886 PHP)
Epoch 008/50 | [PROFIT-LOG] train_loss=-0.000359 val_loss=-0.000058 | train_profit=0.386772 (+38,677 PHP) val_profit=0.073621 (+7,362 PHP) | train_geo=0.085834 (+8,583 PHP) val_geo=0.018859 (+1,886 PHP)
Epoch 009/50 | [PROFIT-LOG] train_loss=-0.000359 val_loss=-0.000058 | train_profit=0.386772 (+38,677 PHP) val_profit=0.073621 (+7,362 PHP) | train_geo=0.085834 (+8,583 PHP) val_geo=0.018859 (+1,886 PHP)
Epoch 010/50 | [PROFIT-LOG] train_loss=-0.000359 val_loss=-0.000058 | train_profit=0.386772 (+38,677 PHP) val_profit=0.073621 (+7,362 PHP) | train_geo=0.085834 (+8,583 PHP) val_geo=0.018859 (+1,886 PHP)
Epoch 011/50 | [PROFIT-LOG] train_loss=-0.000359 val_loss=-0.000058 | train_profit=0.386772 (+38,677 PHP) val_profit=0.073621 (+7,362 PHP) | train_geo=0.085834 (+8,583 PHP) val_geo=0.018859 (+1,886 PHP)
Epoch 012/50 | [PROFIT-LOG] train_loss=-0.000359 val_loss=-0.000058 | train_profit=0.386772 (+38,677 PHP) val_profit=0.073621 (+7,362 PHP) | train_geo=0.085834 (+8,583 PHP) val_geo=0.018859 (+1,886 PHP)
Epoch 013/50 | [PROFIT-LOG] train_loss=-0.000359 val_loss=-0.000058 | train_profit=0.386772 (+38,677 PHP) val_profit=0.073621 (+7,362 PHP) | train_geo=0.085834 (+8,583 PHP) val_geo=0.018859 (+1,886 PHP)
Epoch 014/50 | [PROFIT-LOG] train_loss=-0.000359 val_loss=-0.000058 | train_profit=0.386772 (+38,677 PHP) val_profit=0.073621 (+7,362 PHP) | train_geo=0.085834 (+8,583 PHP) val_geo=0.018859 (+1,886 PHP)
Epoch 015/50 | [PROFIT-LOG] train_loss=-0.000359 val_loss=-0.000058 | train_profit=0.386772 (+38,677 PHP) val_profit=0.073621 (+7,362 PHP) | train_geo=0.085834 (+8,583 PHP) val_geo=0.018859 (+1,886 PHP)
Epoch 016/50 | [PROFIT-LOG] train_loss=-0.000359 val_loss=-0.000058 | train_profit=0.386772 (+38,677 PHP) val_profit=0.073621 (+7,362 PHP) | train_geo=0.085834 (+8,583 PHP) val_geo=0.018859 (+1,886 PHP)
Epoch 017/50 | [PROFIT-LOG] train_loss=-0.000359 val_loss=-0.000058 | train_profit=0.386772 (+38,677 PHP) val_profit=0.073621 (+7,362 PHP) | train_geo=0.085834 (+8,583 PHP) val_geo=0.018859 (+1,886 PHP)
Epoch 018/50 | [PROFIT-LOG] train_loss=-0.000359 val_loss=-0.000058 | train_profit=0.386772 (+38,677 PHP) val_profit=0.073621 (+7,362 PHP) | train_geo=0.085834 (+8,583 PHP) val_geo=0.018859 (+1,886 PHP)
Epoch 019/50 | [PROFIT-LOG] train_loss=-0.000359 val_loss=-0.000058 | train_profit=0.386772 (+38,677 PHP) val_profit=0.073621 (+7,362 PHP) | train_geo=0.085834 (+8,583 PHP) val_geo=0.018859 (+1,886 PHP)
Epoch 020/50 | [PROFIT-LOG] train_loss=-0.000359 val_loss=-0.000058 | train_profit=0.386772 (+38,677 PHP) val_profit=0.073621 (+7,362 PHP) | train_geo=0.085834 (+8,583 PHP) val_geo=0.018859 (+1,886 PHP)
Epoch 021/50 | [PROFIT-LOG] train_loss=-0.000359 val_loss=-0.000058 | train_profit=0.386772 (+38,677 PHP) val_profit=0.073621 (+7,362 PHP) | train_geo=0.085834 (+8,583 PHP) val_geo=0.018859 (+1,886 PHP)
Epoch 022/50 | [PROFIT-LOG] train_loss=-0.000359 val_loss=-0.000058 | train_profit=0.386772 (+38,677 PHP) val_profit=0.073621 (+7,362 PHP) | train_geo=0.085834 (+8,583 PHP) val_geo=0.018859 (+1,886 PHP)
Epoch 023/50 | [PROFIT-LOG] train_loss=-0.000359 val_loss=-0.000058 | train_profit=0.386772 (+38,677 PHP) val_profit=0.073621 (+7,362 PHP) | train_geo=0.085834 (+8,583 PHP) val_geo=0.018859 (+1,886 PHP)
Epoch 024/50 | [PROFIT-LOG] train_loss=-0.000359 val_loss=-0.000058 | train_profit=0.386772 (+38,677 PHP) val_profit=0.073621 (+7,362 PHP) | train_geo=0.085834 (+8,583 PHP) val_geo=0.018859 (+1,886 PHP)
Epoch 025/50 | [PROFIT-LOG] train_loss=-0.000359 val_loss=-0.000058 | train_profit=0.386772 (+38,677 PHP) val_profit=0.073621 (+7,362 PHP) | train_geo=0.085834 (+8,583 PHP) val_geo=0.018859 (+1,886 PHP)
Epoch 026/50 | [PROFIT-LOG] train_loss=-0.000359 val_loss=-0.000058 | train_profit=0.386772 (+38,677 PHP) val_profit=0.073621 (+7,362 PHP) | train_geo=0.085834 (+8,583 PHP) val_geo=0.018859 (+1,886 PHP)
Epoch 027/50 | [PROFIT-LOG] train_loss=-0.000359 val_loss=-0.000058 | train_profit=0.386772 (+38,677 PHP) val_profit=0.073621 (+7,362 PHP) | train_geo=0.085834 (+8,583 PHP) val_geo=0.018859 (+1,886 PHP)
Epoch 028/50 | [PROFIT-LOG] train_loss=-0.000359 val_loss=-0.000058 | train_profit=0.386772 (+38,677 PHP) val_profit=0.073621 (+7,362 PHP) | train_geo=0.085834 (+8,583 PHP) val_geo=0.018859 (+1,886 PHP)
Epoch 029/50 | [PROFIT-LOG] train_loss=-0.000359 val_loss=-0.000058 | train_profit=0.386772 (+38,677 PHP) val_profit=0.073621 (+7,362 PHP) | train_geo=0.085834 (+8,583 PHP) val_geo=0.018859 (+1,886 PHP)
Epoch 030/50 | [PROFIT-LOG] train_loss=-0.000359 val_loss=-0.000058 | train_profit=0.386772 (+38,677 PHP) val_profit=0.073621 (+7,362 PHP) | train_geo=0.085834 (+8,583 PHP) val_geo=0.018859 (+1,886 PHP)
Epoch 031/50 | [PROFIT-LOG] train_loss=-0.000359 val_loss=-0.000058 | train_profit=0.386772 (+38,677 PHP) val_profit=0.073621 (+7,362 PHP) | train_geo=0.085834 (+8,583 PHP) val_geo=0.018859 (+1,886 PHP)
Epoch 032/50 | [PROFIT-LOG] train_loss=-0.000359 val_loss=-0.000058 | train_profit=0.386772 (+38,677 PHP) val_profit=0.073621 (+7,362 PHP) | train_geo=0.085834 (+8,583 PHP) val_geo=0.018859 (+1,886 PHP)
Epoch 033/50 | [PROFIT-LOG] train_loss=-0.000359 val_loss=-0.000058 | train_profit=0.386772 (+38,677 PHP) val_profit=0.073621 (+7,362 PHP) | train_geo=0.085834 (+8,583 PHP) val_geo=0.018859 (+1,886 PHP)
Epoch 034/50 | [PROFIT-LOG] train_loss=-0.000359 val_loss=-0.000058 | train_profit=0.386772 (+38,677 PHP) val_profit=0.073621 (+7,362 PHP) | train_geo=0.085834 (+8,583 PHP) val_geo=0.018859 (+1,886 PHP)
Epoch 035/50 | [PROFIT-LOG] train_loss=-0.000359 val_loss=-0.000058 | train_profit=0.386772 (+38,677 PHP) val_profit=0.073621 (+7,362 PHP) | train_geo=0.085834 (+8,583 PHP) val_geo=0.018859 (+1,886 PHP)
Epoch 036/50 | [PROFIT-LOG] train_loss=-0.000359 val_loss=-0.000058 | train_profit=0.386772 (+38,677 PHP) val_profit=0.073621 (+7,362 PHP) | train_geo=0.085834 (+8,583 PHP) val_geo=0.018859 (+1,886 PHP)
Epoch 037/50 | [PROFIT-LOG] train_loss=-0.000359 val_loss=-0.000058 | train_profit=0.386772 (+38,677 PHP) val_profit=0.073621 (+7,362 PHP) | train_geo=0.085834 (+8,583 PHP) val_geo=0.018859 (+1,886 PHP)
Epoch 038/50 | [PROFIT-LOG] train_loss=-0.000359 val_loss=-0.000058 | train_profit=0.386772 (+38,677 PHP) val_profit=0.073621 (+7,362 PHP) | train_geo=0.085834 (+8,583 PHP) val_geo=0.018859 (+1,886 PHP)
Epoch 039/50 | [PROFIT-LOG] train_loss=-0.000359 val_loss=-0.000058 | train_profit=0.386772 (+38,677 PHP) val_profit=0.073621 (+7,362 PHP) | train_geo=0.085834 (+8,583 PHP) val_geo=0.018859 (+1,886 PHP)
Epoch 040/50 | [PROFIT-LOG] train_loss=-0.000359 val_loss=-0.000058 | train_profit=0.386772 (+38,677 PHP) val_profit=0.073621 (+7,362 PHP) | train_geo=0.085834 (+8,583 PHP) val_geo=0.018859 (+1,886 PHP)
Epoch 041/50 | [PROFIT-LOG] train_loss=-0.000359 val_loss=-0.000058 | train_profit=0.386772 (+38,677 PHP) val_profit=0.073621 (+7,362 PHP) | train_geo=0.085834 (+8,583 PHP) val_geo=0.018859 (+1,886 PHP)
Epoch 042/50 | [PROFIT-LOG] train_loss=-0.000359 val_loss=-0.000058 | train_profit=0.386772 (+38,677 PHP) val_profit=0.073621 (+7,362 PHP) | train_geo=0.085834 (+8,583 PHP) val_geo=0.018859 (+1,886 PHP)
Epoch 043/50 | [PROFIT-LOG] train_loss=-0.000359 val_loss=-0.000058 | train_profit=0.386772 (+38,677 PHP) val_profit=0.073621 (+7,362 PHP) | train_geo=0.085834 (+8,583 PHP) val_geo=0.018859 (+1,886 PHP)
Epoch 044/50 | [PROFIT-LOG] train_loss=-0.000359 val_loss=-0.000058 | train_profit=0.386772 (+38,677 PHP) val_profit=0.073621 (+7,362 PHP) | train_geo=0.085834 (+8,583 PHP) val_geo=0.018859 (+1,886 PHP)
Epoch 045/50 | [PROFIT-LOG] train_loss=-0.000359 val_loss=-0.000058 | train_profit=0.386772 (+38,677 PHP) val_profit=0.073621 (+7,362 PHP) | train_geo=0.085834 (+8,583 PHP) val_geo=0.018859 (+1,886 PHP)
Epoch 046/50 | [PROFIT-LOG] train_loss=-0.000359 val_loss=-0.000058 | train_profit=0.386772 (+38,677 PHP) val_profit=0.073621 (+7,362 PHP) | train_geo=0.085834 (+8,583 PHP) val_geo=0.018859 (+1,886 PHP)
Epoch 047/50 | [PROFIT-LOG] train_loss=-0.000359 val_loss=-0.000058 | train_profit=0.386772 (+38,677 PHP) val_profit=0.073621 (+7,362 PHP) | train_geo=0.085834 (+8,583 PHP) val_geo=0.018859 (+1,886 PHP)
Epoch 048/50 | [PROFIT-LOG] train_loss=-0.000359 val_loss=-0.000058 | train_profit=0.386772 (+38,677 PHP) val_profit=0.073621 (+7,362 PHP) | train_geo=0.085834 (+8,583 PHP) val_geo=0.018859 (+1,886 PHP)
Epoch 049/50 | [PROFIT-LOG] train_loss=-0.000359 val_loss=-0.000058 | train_profit=0.386772 (+38,677 PHP) val_profit=0.073621 (+7,362 PHP) | train_geo=0.085834 (+8,583 PHP) val_geo=0.018859 (+1,886 PHP)
Epoch 050/50 | [PROFIT-LOG] train_loss=-0.000359 val_loss=-0.000058 | train_profit=0.386772 (+38,677 PHP) val_profit=0.073621 (+7,362 PHP) | train_geo=0.085834 (+8,583 PHP) val_geo=0.018859 (+1,886 PHP)
[10/23] DIS        (mid   ) profit-log    dir_acc=0.463 cum_ret=+0.0173 geo_ret=-0.0213 sharpe=+0.055 (buy&hold=-0.0203) [10.9s]
Epoch 001/50 | [MSE] train_loss=0.000246 val_loss=0.000103 | train_profit=-0.841573 (-84,157 PHP) val_profit=0.237763 (+23,776 PHP) | train_geo=-0.619277 (-61,928 PHP) val_geo=0.248170 (+24,817 PHP)
Epoch 002/50 | [MSE] train_loss=0.000178 val_loss=0.000101 | train_profit=-1.040920 (-104,092 PHP) val_profit=-0.079588 (-7,959 PHP) | train_geo=-0.688374 (-68,837 PHP) val_geo=-0.091470 (-9,147 PHP)
Epoch 003/50 | [MSE] train_loss=0.000172 val_loss=0.000101 | train_profit=-1.608654 (-160,865 PHP) val_profit=0.269246 (+26,925 PHP) | train_geo=-0.823615 (-82,361 PHP) val_geo=0.288133 (+28,813 PHP)
Epoch 004/50 | [MSE] train_loss=0.000169 val_loss=0.000101 | train_profit=-1.102023 (-110,202 PHP) val_profit=0.142636 (+14,264 PHP) | train_geo=-0.706815 (-70,681 PHP) val_geo=0.134705 (+13,470 PHP)
Epoch 005/50 | [MSE] train_loss=0.000167 val_loss=0.000101 | train_profit=-0.697242 (-69,724 PHP) val_profit=0.237763 (+23,776 PHP) | train_geo=-0.559866 (-55,987 PHP) val_geo=0.248170 (+24,817 PHP)
Epoch 006/50 | [MSE] train_loss=0.000167 val_loss=0.000101 | train_profit=-0.346394 (-34,639 PHP) val_profit=0.116254 (+11,625 PHP) | train_geo=-0.375037 (-37,504 PHP) val_geo=0.105194 (+10,519 PHP)
Epoch 007/50 | [MSE] train_loss=0.000168 val_loss=0.000101 | train_profit=-1.285779 (-128,578 PHP) val_profit=0.202720 (+20,272 PHP) | train_geo=-0.756271 (-75,627 PHP) val_geo=0.205042 (+20,504 PHP)
Epoch 008/50 | [MSE] train_loss=0.000166 val_loss=0.000101 | train_profit=-0.833682 (-83,368 PHP) val_profit=0.237763 (+23,776 PHP) | train_geo=-0.616517 (-61,652 PHP) val_geo=0.248170 (+24,817 PHP)
Epoch 009/50 | [MSE] train_loss=0.000166 val_loss=0.000101 | train_profit=-1.080770 (-108,077 PHP) val_profit=0.219012 (+21,901 PHP) | train_geo=-0.700589 (-70,059 PHP) val_geo=0.224891 (+22,489 PHP)
Epoch 010/50 | [MSE] train_loss=0.000166 val_loss=0.000101 | train_profit=-0.619580 (-61,958 PHP) val_profit=0.247178 (+24,718 PHP) | train_geo=-0.524896 (-52,490 PHP) val_geo=0.259915 (+25,992 PHP)
Epoch 011/50 | [MSE] train_loss=0.000165 val_loss=0.000101 | train_profit=-1.384687 (-138,469 PHP) val_profit=0.253116 (+25,312 PHP) | train_geo=-0.779230 (-77,923 PHP) val_geo=0.267417 (+26,742 PHP)
Epoch 012/50 | [MSE] train_loss=0.000165 val_loss=0.000101 | train_profit=-0.335550 (-33,555 PHP) val_profit=0.091764 (+9,176 PHP) | train_geo=-0.368721 (-36,872 PHP) val_geo=0.078518 (+7,852 PHP)
Epoch 013/50 | [MSE] train_loss=0.000165 val_loss=0.000101 | train_profit=-0.712920 (-71,292 PHP) val_profit=0.143022 (+14,302 PHP) | train_geo=-0.567261 (-56,726 PHP) val_geo=0.135243 (+13,524 PHP)
Epoch 014/50 | [MSE] train_loss=0.000163 val_loss=0.000101 | train_profit=-0.662835 (-66,284 PHP) val_profit=0.267670 (+26,767 PHP) | train_geo=-0.544917 (-54,492 PHP) val_geo=0.286015 (+28,601 PHP)
Epoch 015/50 | [MSE] train_loss=0.000164 val_loss=0.000101 | train_profit=-0.782795 (-78,280 PHP) val_profit=0.061052 (+6,105 PHP) | train_geo=-0.596465 (-59,646 PHP) val_geo=0.045899 (+4,590 PHP)
Epoch 016/50 | [MSE] train_loss=0.000166 val_loss=0.000101 | train_profit=-0.973534 (-97,353 PHP) val_profit=0.210461 (+21,046 PHP) | train_geo=-0.666740 (-66,674 PHP) val_geo=0.214595 (+21,459 PHP)
Epoch 017/50 | [MSE] train_loss=0.000164 val_loss=0.000101 | train_profit=-0.684872 (-68,487 PHP) val_profit=0.268826 (+26,883 PHP) | train_geo=-0.554954 (-55,495 PHP) val_geo=0.287523 (+28,752 PHP)
Epoch 018/50 | [MSE] train_loss=0.000165 val_loss=0.000101 | train_profit=-1.023878 (-102,388 PHP) val_profit=0.247178 (+24,718 PHP) | train_geo=-0.683061 (-68,306 PHP) val_geo=0.259915 (+25,992 PHP)
Epoch 019/50 | [MSE] train_loss=0.000164 val_loss=0.000101 | train_profit=-1.279713 (-127,971 PHP) val_profit=0.187364 (+18,736 PHP) | train_geo=-0.754590 (-75,459 PHP) val_geo=0.186783 (+18,678 PHP)
Epoch 020/50 | [MSE] train_loss=0.000163 val_loss=0.000101 | train_profit=-0.447218 (-44,722 PHP) val_profit=0.192231 (+19,223 PHP) | train_geo=-0.435738 (-43,574 PHP) val_geo=0.192682 (+19,268 PHP)
Epoch 021/50 | [MSE] train_loss=0.000163 val_loss=0.000101 | train_profit=-0.252943 (-25,294 PHP) val_profit=0.179014 (+17,901 PHP) | train_geo=-0.313900 (-31,390 PHP) val_geo=0.177009 (+17,701 PHP)
Epoch 022/50 | [MSE] train_loss=0.000164 val_loss=0.000102 | train_profit=-0.575991 (-57,599 PHP) val_profit=0.148833 (+14,883 PHP) | train_geo=-0.503634 (-50,363 PHP) val_geo=0.141999 (+14,200 PHP)
Epoch 023/50 | [MSE] train_loss=0.000164 val_loss=0.000102 | train_profit=-0.487264 (-48,726 PHP) val_profit=0.168645 (+16,865 PHP) | train_geo=-0.457922 (-45,792 PHP) val_geo=0.164822 (+16,482 PHP)
Epoch 024/50 | [MSE] train_loss=0.000164 val_loss=0.000102 | train_profit=-0.577602 (-57,760 PHP) val_profit=0.187364 (+18,736 PHP) | train_geo=-0.504696 (-50,470 PHP) val_geo=0.186783 (+18,678 PHP)
Epoch 025/50 | [MSE] train_loss=0.000163 val_loss=0.000102 | train_profit=0.243413 (+24,341 PHP) val_profit=0.190892 (+19,089 PHP) | train_geo=0.128003 (+12,800 PHP) val_geo=0.191044 (+19,104 PHP)
Epoch 026/50 | [MSE] train_loss=0.000163 val_loss=0.000102 | train_profit=-0.862433 (-86,243 PHP) val_profit=0.225536 (+22,554 PHP) | train_geo=-0.627742 (-62,774 PHP) val_geo=0.233060 (+23,306 PHP)
Epoch 027/50 | [MSE] train_loss=0.000164 val_loss=0.000102 | train_profit=-1.040340 (-104,034 PHP) val_profit=0.211811 (+21,181 PHP) | train_geo=-0.688434 (-68,843 PHP) val_geo=0.216237 (+21,624 PHP)
Epoch 028/50 | [MSE] train_loss=0.000163 val_loss=0.000102 | train_profit=-0.711504 (-71,150 PHP) val_profit=0.156048 (+15,605 PHP) | train_geo=-0.567009 (-56,701 PHP) val_geo=0.150319 (+15,032 PHP)
Epoch 029/50 | [MSE] train_loss=0.000164 val_loss=0.000102 | train_profit=-0.685922 (-68,592 PHP) val_profit=0.207368 (+20,737 PHP) | train_geo=-0.555273 (-55,527 PHP) val_geo=0.210886 (+21,089 PHP)
Epoch 030/50 | [MSE] train_loss=0.000162 val_loss=0.000102 | train_profit=-0.689106 (-68,911 PHP) val_profit=0.140185 (+14,019 PHP) | train_geo=-0.556854 (-55,685 PHP) val_geo=0.132004 (+13,200 PHP)
Epoch 031/50 | [MSE] train_loss=0.000163 val_loss=0.000103 | train_profit=-0.348812 (-34,881 PHP) val_profit=-0.103658 (-10,366 PHP) | train_geo=-0.376622 (-37,662 PHP) val_geo=-0.112905 (-11,291 PHP)
Epoch 032/50 | [MSE] train_loss=0.000163 val_loss=0.000103 | train_profit=0.144984 (+14,498 PHP) val_profit=0.211093 (+21,109 PHP) | train_geo=0.021253 (+2,125 PHP) val_geo=0.215443 (+21,544 PHP)
Epoch 033/50 | [MSE] train_loss=0.000162 val_loss=0.000102 | train_profit=0.082616 (+8,262 PHP) val_profit=0.014503 (+1,450 PHP) | train_geo=-0.040087 (-4,009 PHP) val_geo=-0.001629 (-163 PHP)
Epoch 034/50 | [MSE] train_loss=0.000164 val_loss=0.000103 | train_profit=-0.866224 (-86,622 PHP) val_profit=0.218342 (+21,834 PHP) | train_geo=-0.629276 (-62,928 PHP) val_geo=0.224377 (+22,438 PHP)
Epoch 035/50 | [MSE] train_loss=0.000162 val_loss=0.000103 | train_profit=-0.288653 (-28,865 PHP) val_profit=0.144444 (+14,444 PHP) | train_geo=-0.338367 (-33,837 PHP) val_geo=0.136974 (+13,697 PHP)
Epoch 036/50 | [MSE] train_loss=0.000163 val_loss=0.000103 | train_profit=-0.191542 (-19,154 PHP) val_profit=0.071020 (+7,102 PHP) | train_geo=-0.270454 (-27,045 PHP) val_geo=0.056500 (+5,650 PHP)
Epoch 037/50 | [MSE] train_loss=0.000164 val_loss=0.000103 | train_profit=-0.298504 (-29,850 PHP) val_profit=0.133688 (+13,369 PHP) | train_geo=-0.344495 (-34,449 PHP) val_geo=0.124927 (+12,493 PHP)
Epoch 038/50 | [MSE] train_loss=0.000162 val_loss=0.000103 | train_profit=0.106934 (+10,693 PHP) val_profit=0.010645 (+1,065 PHP) | train_geo=-0.016483 (-1,648 PHP) val_geo=-0.005450 (-545 PHP)
Epoch 039/50 | [MSE] train_loss=0.000163 val_loss=0.000103 | train_profit=-0.159570 (-15,957 PHP) val_profit=0.170222 (+17,022 PHP) | train_geo=-0.247150 (-24,715 PHP) val_geo=0.166776 (+16,678 PHP)
Epoch 040/50 | [MSE] train_loss=0.000163 val_loss=0.000103 | train_profit=-0.571621 (-57,162 PHP) val_profit=0.038190 (+3,819 PHP) | train_geo=-0.501803 (-50,180 PHP) val_geo=0.022308 (+2,231 PHP)
Epoch 041/50 | [MSE] train_loss=0.000163 val_loss=0.000103 | train_profit=-0.179149 (-17,915 PHP) val_profit=0.091946 (+9,195 PHP) | train_geo=-0.262484 (-26,248 PHP) val_geo=0.078814 (+7,881 PHP)
Epoch 042/50 | [MSE] train_loss=0.000163 val_loss=0.000103 | train_profit=-0.110194 (-11,019 PHP) val_profit=0.196843 (+19,684 PHP) | train_geo=-0.208585 (-20,859 PHP) val_geo=0.198262 (+19,826 PHP)
Epoch 043/50 | [MSE] train_loss=0.000163 val_loss=0.000103 | train_profit=-0.885291 (-88,529 PHP) val_profit=0.130805 (+13,080 PHP) | train_geo=-0.636155 (-63,616 PHP) val_geo=0.121698 (+12,170 PHP)
Epoch 044/50 | [MSE] train_loss=0.000162 val_loss=0.000103 | train_profit=-0.268288 (-26,829 PHP) val_profit=0.115995 (+11,599 PHP) | train_geo=-0.324140 (-32,414 PHP) val_geo=0.105167 (+10,517 PHP)
Epoch 045/50 | [MSE] train_loss=0.000163 val_loss=0.000103 | train_profit=-0.072274 (-7,227 PHP) val_profit=0.099698 (+9,970 PHP) | train_geo=-0.178083 (-17,808 PHP) val_geo=0.087292 (+8,729 PHP)
Epoch 046/50 | [MSE] train_loss=0.000162 val_loss=0.000103 | train_profit=-0.200797 (-20,080 PHP) val_profit=0.043208 (+4,321 PHP) | train_geo=-0.277525 (-27,752 PHP) val_geo=0.027384 (+2,738 PHP)
Epoch 047/50 | [MSE] train_loss=0.000162 val_loss=0.000103 | train_profit=-0.334209 (-33,421 PHP) val_profit=0.090344 (+9,034 PHP) | train_geo=-0.367842 (-36,784 PHP) val_geo=0.077104 (+7,710 PHP)
Epoch 048/50 | [MSE] train_loss=0.000162 val_loss=0.000103 | train_profit=-0.042496 (-4,250 PHP) val_profit=0.062575 (+6,257 PHP) | train_geo=-0.152895 (-15,289 PHP) val_geo=0.047669 (+4,767 PHP)
Epoch 049/50 | [MSE] train_loss=0.000163 val_loss=0.000103 | train_profit=-0.203543 (-20,354 PHP) val_profit=0.044933 (+4,493 PHP) | train_geo=-0.279497 (-27,950 PHP) val_geo=0.029154 (+2,915 PHP)
Epoch 050/50 | [MSE] train_loss=0.000163 val_loss=0.000103 | train_profit=-0.393623 (-39,362 PHP) val_profit=0.089578 (+8,958 PHP) | train_geo=-0.404707 (-40,471 PHP) val_geo=0.076272 (+7,627 PHP)
[11/23] KO         (mid   ) mse           dir_acc=0.484 cum_ret=-0.1057 geo_ret=-0.1182 sharpe=-0.467 (buy&hold=+0.2684) [4.2s]
Epoch 001/50 | train_loss=-0.000146 val_loss=-0.000534 | train_profit=0.604689 (+60,469 PHP) val_profit=0.237763 (+23,776 PHP) | train_geo=0.617279 (+61,728 PHP) val_geo=0.248170 (+24,817 PHP)
Epoch 002/50 | train_loss=-0.000224 val_loss=-0.000625 | train_profit=0.605338 (+60,534 PHP) val_profit=0.237763 (+23,776 PHP) | train_geo=0.618283 (+61,828 PHP) val_geo=0.248170 (+24,817 PHP)
Epoch 003/50 | train_loss=-0.000258 val_loss=-0.000635 | train_profit=0.605338 (+60,534 PHP) val_profit=0.237763 (+23,776 PHP) | train_geo=0.618283 (+61,828 PHP) val_geo=0.248170 (+24,817 PHP)
Epoch 004/50 | train_loss=-0.000243 val_loss=-0.000642 | train_profit=0.605338 (+60,534 PHP) val_profit=0.237763 (+23,776 PHP) | train_geo=0.618283 (+61,828 PHP) val_geo=0.248170 (+24,817 PHP)
Epoch 005/50 | train_loss=-0.000266 val_loss=-0.000640 | train_profit=0.605338 (+60,534 PHP) val_profit=0.237763 (+23,776 PHP) | train_geo=0.618283 (+61,828 PHP) val_geo=0.248170 (+24,817 PHP)
Epoch 006/50 | train_loss=-0.000271 val_loss=-0.000635 | train_profit=0.605338 (+60,534 PHP) val_profit=0.237763 (+23,776 PHP) | train_geo=0.618283 (+61,828 PHP) val_geo=0.248170 (+24,817 PHP)
Epoch 007/50 | train_loss=-0.000264 val_loss=-0.000596 | train_profit=0.605338 (+60,534 PHP) val_profit=0.237763 (+23,776 PHP) | train_geo=0.618283 (+61,828 PHP) val_geo=0.248170 (+24,817 PHP)
Epoch 008/50 | train_loss=-0.000272 val_loss=-0.000613 | train_profit=0.605338 (+60,534 PHP) val_profit=0.237763 (+23,776 PHP) | train_geo=0.618283 (+61,828 PHP) val_geo=0.248170 (+24,817 PHP)
Epoch 009/50 | train_loss=-0.000263 val_loss=-0.000614 | train_profit=0.605338 (+60,534 PHP) val_profit=0.237763 (+23,776 PHP) | train_geo=0.618283 (+61,828 PHP) val_geo=0.248170 (+24,817 PHP)
Epoch 010/50 | train_loss=-0.000274 val_loss=-0.000631 | train_profit=0.605338 (+60,534 PHP) val_profit=0.237763 (+23,776 PHP) | train_geo=0.618283 (+61,828 PHP) val_geo=0.248170 (+24,817 PHP)
Epoch 011/50 | train_loss=-0.000278 val_loss=-0.000625 | train_profit=0.605338 (+60,534 PHP) val_profit=0.237763 (+23,776 PHP) | train_geo=0.618283 (+61,828 PHP) val_geo=0.248170 (+24,817 PHP)
Epoch 012/50 | train_loss=-0.000281 val_loss=-0.000615 | train_profit=0.605338 (+60,534 PHP) val_profit=0.237763 (+23,776 PHP) | train_geo=0.618283 (+61,828 PHP) val_geo=0.248170 (+24,817 PHP)
Epoch 013/50 | train_loss=-0.000275 val_loss=-0.000631 | train_profit=0.605338 (+60,534 PHP) val_profit=0.237763 (+23,776 PHP) | train_geo=0.618283 (+61,828 PHP) val_geo=0.248170 (+24,817 PHP)
Epoch 014/50 | train_loss=-0.000283 val_loss=-0.000625 | train_profit=0.605338 (+60,534 PHP) val_profit=0.237763 (+23,776 PHP) | train_geo=0.618283 (+61,828 PHP) val_geo=0.248170 (+24,817 PHP)
Epoch 015/50 | train_loss=-0.000278 val_loss=-0.000626 | train_profit=0.605338 (+60,534 PHP) val_profit=0.237763 (+23,776 PHP) | train_geo=0.618283 (+61,828 PHP) val_geo=0.248170 (+24,817 PHP)
Epoch 016/50 | train_loss=-0.000278 val_loss=-0.000639 | train_profit=0.605338 (+60,534 PHP) val_profit=0.237763 (+23,776 PHP) | train_geo=0.618283 (+61,828 PHP) val_geo=0.248170 (+24,817 PHP)
Epoch 017/50 | train_loss=-0.000283 val_loss=-0.000635 | train_profit=0.605338 (+60,534 PHP) val_profit=0.237763 (+23,776 PHP) | train_geo=0.618283 (+61,828 PHP) val_geo=0.248170 (+24,817 PHP)
Epoch 018/50 | train_loss=-0.000281 val_loss=-0.000637 | train_profit=0.605338 (+60,534 PHP) val_profit=0.237763 (+23,776 PHP) | train_geo=0.618283 (+61,828 PHP) val_geo=0.248170 (+24,817 PHP)
Epoch 019/50 | train_loss=-0.000281 val_loss=-0.000640 | train_profit=0.605338 (+60,534 PHP) val_profit=0.237763 (+23,776 PHP) | train_geo=0.618283 (+61,828 PHP) val_geo=0.248170 (+24,817 PHP)
Epoch 020/50 | train_loss=-0.000282 val_loss=-0.000641 | train_profit=0.605338 (+60,534 PHP) val_profit=0.237763 (+23,776 PHP) | train_geo=0.618283 (+61,828 PHP) val_geo=0.248170 (+24,817 PHP)
Epoch 021/50 | train_loss=-0.000283 val_loss=-0.000641 | train_profit=0.605338 (+60,534 PHP) val_profit=0.237763 (+23,776 PHP) | train_geo=0.618283 (+61,828 PHP) val_geo=0.248170 (+24,817 PHP)
Epoch 022/50 | train_loss=-0.000282 val_loss=-0.000640 | train_profit=0.605338 (+60,534 PHP) val_profit=0.237763 (+23,776 PHP) | train_geo=0.618283 (+61,828 PHP) val_geo=0.248170 (+24,817 PHP)
Epoch 023/50 | train_loss=-0.000284 val_loss=-0.000641 | train_profit=0.605338 (+60,534 PHP) val_profit=0.237763 (+23,776 PHP) | train_geo=0.618283 (+61,828 PHP) val_geo=0.248170 (+24,817 PHP)
Epoch 024/50 | train_loss=-0.000286 val_loss=-0.000635 | train_profit=0.605338 (+60,534 PHP) val_profit=0.237763 (+23,776 PHP) | train_geo=0.618283 (+61,828 PHP) val_geo=0.248170 (+24,817 PHP)
Epoch 025/50 | train_loss=-0.000284 val_loss=-0.000640 | train_profit=0.605338 (+60,534 PHP) val_profit=0.237763 (+23,776 PHP) | train_geo=0.618283 (+61,828 PHP) val_geo=0.248170 (+24,817 PHP)
Epoch 026/50 | train_loss=-0.000285 val_loss=-0.000637 | train_profit=0.605338 (+60,534 PHP) val_profit=0.237763 (+23,776 PHP) | train_geo=0.618283 (+61,828 PHP) val_geo=0.248170 (+24,817 PHP)
Epoch 027/50 | train_loss=-0.000284 val_loss=-0.000639 | train_profit=0.605338 (+60,534 PHP) val_profit=0.237763 (+23,776 PHP) | train_geo=0.618283 (+61,828 PHP) val_geo=0.248170 (+24,817 PHP)
Epoch 028/50 | train_loss=-0.000283 val_loss=-0.000638 | train_profit=0.605338 (+60,534 PHP) val_profit=0.237763 (+23,776 PHP) | train_geo=0.618283 (+61,828 PHP) val_geo=0.248170 (+24,817 PHP)
Epoch 029/50 | train_loss=-0.000284 val_loss=-0.000638 | train_profit=0.605338 (+60,534 PHP) val_profit=0.237763 (+23,776 PHP) | train_geo=0.618283 (+61,828 PHP) val_geo=0.248170 (+24,817 PHP)
Epoch 030/50 | train_loss=-0.000285 val_loss=-0.000640 | train_profit=0.605338 (+60,534 PHP) val_profit=0.237763 (+23,776 PHP) | train_geo=0.618283 (+61,828 PHP) val_geo=0.248170 (+24,817 PHP)
Epoch 031/50 | train_loss=-0.000285 val_loss=-0.000640 | train_profit=0.605338 (+60,534 PHP) val_profit=0.237763 (+23,776 PHP) | train_geo=0.618283 (+61,828 PHP) val_geo=0.248170 (+24,817 PHP)
Epoch 032/50 | train_loss=-0.000287 val_loss=-0.000638 | train_profit=0.605338 (+60,534 PHP) val_profit=0.237763 (+23,776 PHP) | train_geo=0.618283 (+61,828 PHP) val_geo=0.248170 (+24,817 PHP)
Epoch 033/50 | train_loss=-0.000288 val_loss=-0.000637 | train_profit=0.605338 (+60,534 PHP) val_profit=0.237763 (+23,776 PHP) | train_geo=0.618283 (+61,828 PHP) val_geo=0.248170 (+24,817 PHP)
Epoch 034/50 | train_loss=-0.000286 val_loss=-0.000639 | train_profit=0.605338 (+60,534 PHP) val_profit=0.237763 (+23,776 PHP) | train_geo=0.618283 (+61,828 PHP) val_geo=0.248170 (+24,817 PHP)
Epoch 035/50 | train_loss=-0.000289 val_loss=-0.000634 | train_profit=0.605338 (+60,534 PHP) val_profit=0.237763 (+23,776 PHP) | train_geo=0.618283 (+61,828 PHP) val_geo=0.248170 (+24,817 PHP)
Epoch 036/50 | train_loss=-0.000287 val_loss=-0.000637 | train_profit=0.605338 (+60,534 PHP) val_profit=0.237763 (+23,776 PHP) | train_geo=0.618283 (+61,828 PHP) val_geo=0.248170 (+24,817 PHP)
Epoch 037/50 | train_loss=-0.000285 val_loss=-0.000638 | train_profit=0.605338 (+60,534 PHP) val_profit=0.237763 (+23,776 PHP) | train_geo=0.618283 (+61,828 PHP) val_geo=0.248170 (+24,817 PHP)
Epoch 038/50 | train_loss=-0.000287 val_loss=-0.000638 | train_profit=0.605338 (+60,534 PHP) val_profit=0.237763 (+23,776 PHP) | train_geo=0.618283 (+61,828 PHP) val_geo=0.248170 (+24,817 PHP)
Epoch 039/50 | train_loss=-0.000288 val_loss=-0.000633 | train_profit=0.605338 (+60,534 PHP) val_profit=0.237763 (+23,776 PHP) | train_geo=0.618283 (+61,828 PHP) val_geo=0.248170 (+24,817 PHP)
Epoch 040/50 | train_loss=-0.000288 val_loss=-0.000632 | train_profit=0.605338 (+60,534 PHP) val_profit=0.237763 (+23,776 PHP) | train_geo=0.618283 (+61,828 PHP) val_geo=0.248170 (+24,817 PHP)
Epoch 041/50 | train_loss=-0.000290 val_loss=-0.000628 | train_profit=0.605338 (+60,534 PHP) val_profit=0.237763 (+23,776 PHP) | train_geo=0.618283 (+61,828 PHP) val_geo=0.248170 (+24,817 PHP)
Epoch 042/50 | train_loss=-0.000287 val_loss=-0.000631 | train_profit=0.605338 (+60,534 PHP) val_profit=0.237763 (+23,776 PHP) | train_geo=0.618283 (+61,828 PHP) val_geo=0.248170 (+24,817 PHP)
Epoch 043/50 | train_loss=-0.000293 val_loss=-0.000613 | train_profit=0.605338 (+60,534 PHP) val_profit=0.237763 (+23,776 PHP) | train_geo=0.618283 (+61,828 PHP) val_geo=0.248170 (+24,817 PHP)
Epoch 044/50 | train_loss=-0.000285 val_loss=-0.000576 | train_profit=0.605338 (+60,534 PHP) val_profit=0.237763 (+23,776 PHP) | train_geo=0.618283 (+61,828 PHP) val_geo=0.248170 (+24,817 PHP)
Epoch 045/50 | train_loss=-0.000285 val_loss=-0.000601 | train_profit=0.605338 (+60,534 PHP) val_profit=0.237763 (+23,776 PHP) | train_geo=0.618283 (+61,828 PHP) val_geo=0.248170 (+24,817 PHP)
Epoch 046/50 | train_loss=-0.000285 val_loss=-0.000552 | train_profit=0.554408 (+55,441 PHP) val_profit=0.224522 (+22,452 PHP) | train_geo=0.537789 (+53,779 PHP) val_geo=0.231752 (+23,175 PHP)
Epoch 047/50 | train_loss=-0.000171 val_loss=-0.000554 | train_profit=0.466778 (+46,678 PHP) val_profit=0.237763 (+23,776 PHP) | train_geo=0.408774 (+40,877 PHP) val_geo=0.248170 (+24,817 PHP)
Epoch 048/50 | train_loss=-0.000187 val_loss=-0.000576 | train_profit=0.571312 (+57,131 PHP) val_profit=0.237763 (+23,776 PHP) | train_geo=0.564083 (+56,408 PHP) val_geo=0.248170 (+24,817 PHP)
Epoch 049/50 | train_loss=-0.000267 val_loss=-0.000553 | train_profit=0.605338 (+60,534 PHP) val_profit=0.237763 (+23,776 PHP) | train_geo=0.618283 (+61,828 PHP) val_geo=0.248170 (+24,817 PHP)
Epoch 050/50 | train_loss=-0.000286 val_loss=-0.000632 | train_profit=0.605338 (+60,534 PHP) val_profit=0.237763 (+23,776 PHP) | train_geo=0.618283 (+61,828 PHP) val_geo=0.248170 (+24,817 PHP)
[11/23] KO         (mid   ) profit-aware  dir_acc=0.494 cum_ret=+0.2567 geo_ret=+0.2671 sharpe=+1.138 (buy&hold=+0.2684) [6.4s]
Epoch 001/50 | [PROFIT-LOG] train_loss=-0.000289 val_loss=-0.000694 | train_profit=0.610542 (+61,054 PHP) val_profit=0.237763 (+23,776 PHP) | train_geo=0.626728 (+62,673 PHP) val_geo=0.248170 (+24,817 PHP)
Epoch 002/50 | [PROFIT-LOG] train_loss=-0.000300 val_loss=-0.000694 | train_profit=0.605338 (+60,534 PHP) val_profit=0.237763 (+23,776 PHP) | train_geo=0.618283 (+61,828 PHP) val_geo=0.248170 (+24,817 PHP)
Epoch 003/50 | [PROFIT-LOG] train_loss=-0.000300 val_loss=-0.000694 | train_profit=0.605338 (+60,534 PHP) val_profit=0.237763 (+23,776 PHP) | train_geo=0.618283 (+61,828 PHP) val_geo=0.248170 (+24,817 PHP)
Epoch 004/50 | [PROFIT-LOG] train_loss=-0.000300 val_loss=-0.000694 | train_profit=0.605338 (+60,534 PHP) val_profit=0.237763 (+23,776 PHP) | train_geo=0.618283 (+61,828 PHP) val_geo=0.248170 (+24,817 PHP)
Epoch 005/50 | [PROFIT-LOG] train_loss=-0.000300 val_loss=-0.000694 | train_profit=0.605338 (+60,534 PHP) val_profit=0.237763 (+23,776 PHP) | train_geo=0.618283 (+61,828 PHP) val_geo=0.248170 (+24,817 PHP)
Epoch 006/50 | [PROFIT-LOG] train_loss=-0.000300 val_loss=-0.000694 | train_profit=0.605338 (+60,534 PHP) val_profit=0.237763 (+23,776 PHP) | train_geo=0.618283 (+61,828 PHP) val_geo=0.248170 (+24,817 PHP)
Epoch 007/50 | [PROFIT-LOG] train_loss=-0.000300 val_loss=-0.000694 | train_profit=0.605338 (+60,534 PHP) val_profit=0.237763 (+23,776 PHP) | train_geo=0.618283 (+61,828 PHP) val_geo=0.248170 (+24,817 PHP)
Epoch 008/50 | [PROFIT-LOG] train_loss=-0.000300 val_loss=-0.000694 | train_profit=0.605338 (+60,534 PHP) val_profit=0.237763 (+23,776 PHP) | train_geo=0.618283 (+61,828 PHP) val_geo=0.248170 (+24,817 PHP)
Epoch 009/50 | [PROFIT-LOG] train_loss=-0.000300 val_loss=-0.000694 | train_profit=0.605338 (+60,534 PHP) val_profit=0.237763 (+23,776 PHP) | train_geo=0.618283 (+61,828 PHP) val_geo=0.248170 (+24,817 PHP)
Epoch 010/50 | [PROFIT-LOG] train_loss=-0.000300 val_loss=-0.000694 | train_profit=0.605338 (+60,534 PHP) val_profit=0.237763 (+23,776 PHP) | train_geo=0.618283 (+61,828 PHP) val_geo=0.248170 (+24,817 PHP)
Epoch 011/50 | [PROFIT-LOG] train_loss=-0.000300 val_loss=-0.000694 | train_profit=0.605338 (+60,534 PHP) val_profit=0.237763 (+23,776 PHP) | train_geo=0.618283 (+61,828 PHP) val_geo=0.248170 (+24,817 PHP)
Epoch 012/50 | [PROFIT-LOG] train_loss=-0.000300 val_loss=-0.000694 | train_profit=0.605338 (+60,534 PHP) val_profit=0.237763 (+23,776 PHP) | train_geo=0.618283 (+61,828 PHP) val_geo=0.248170 (+24,817 PHP)
Epoch 013/50 | [PROFIT-LOG] train_loss=-0.000300 val_loss=-0.000694 | train_profit=0.605338 (+60,534 PHP) val_profit=0.237763 (+23,776 PHP) | train_geo=0.618283 (+61,828 PHP) val_geo=0.248170 (+24,817 PHP)
Epoch 014/50 | [PROFIT-LOG] train_loss=-0.000300 val_loss=-0.000694 | train_profit=0.605338 (+60,534 PHP) val_profit=0.237763 (+23,776 PHP) | train_geo=0.618283 (+61,828 PHP) val_geo=0.248170 (+24,817 PHP)
Epoch 015/50 | [PROFIT-LOG] train_loss=-0.000300 val_loss=-0.000694 | train_profit=0.605338 (+60,534 PHP) val_profit=0.237763 (+23,776 PHP) | train_geo=0.618283 (+61,828 PHP) val_geo=0.248170 (+24,817 PHP)
Epoch 016/50 | [PROFIT-LOG] train_loss=-0.000300 val_loss=-0.000694 | train_profit=0.605338 (+60,534 PHP) val_profit=0.237763 (+23,776 PHP) | train_geo=0.618283 (+61,828 PHP) val_geo=0.248170 (+24,817 PHP)
Epoch 017/50 | [PROFIT-LOG] train_loss=-0.000300 val_loss=-0.000694 | train_profit=0.605338 (+60,534 PHP) val_profit=0.237763 (+23,776 PHP) | train_geo=0.618283 (+61,828 PHP) val_geo=0.248170 (+24,817 PHP)
Epoch 018/50 | [PROFIT-LOG] train_loss=-0.000300 val_loss=-0.000694 | train_profit=0.605338 (+60,534 PHP) val_profit=0.237763 (+23,776 PHP) | train_geo=0.618283 (+61,828 PHP) val_geo=0.248170 (+24,817 PHP)
Epoch 019/50 | [PROFIT-LOG] train_loss=-0.000300 val_loss=-0.000694 | train_profit=0.605338 (+60,534 PHP) val_profit=0.237763 (+23,776 PHP) | train_geo=0.618283 (+61,828 PHP) val_geo=0.248170 (+24,817 PHP)
Epoch 020/50 | [PROFIT-LOG] train_loss=-0.000300 val_loss=-0.000694 | train_profit=0.605338 (+60,534 PHP) val_profit=0.237763 (+23,776 PHP) | train_geo=0.618283 (+61,828 PHP) val_geo=0.248170 (+24,817 PHP)
Epoch 021/50 | [PROFIT-LOG] train_loss=-0.000300 val_loss=-0.000694 | train_profit=0.605338 (+60,534 PHP) val_profit=0.237763 (+23,776 PHP) | train_geo=0.618283 (+61,828 PHP) val_geo=0.248170 (+24,817 PHP)
Epoch 022/50 | [PROFIT-LOG] train_loss=-0.000300 val_loss=-0.000694 | train_profit=0.605338 (+60,534 PHP) val_profit=0.237763 (+23,776 PHP) | train_geo=0.618283 (+61,828 PHP) val_geo=0.248170 (+24,817 PHP)
Epoch 023/50 | [PROFIT-LOG] train_loss=-0.000300 val_loss=-0.000694 | train_profit=0.605338 (+60,534 PHP) val_profit=0.237763 (+23,776 PHP) | train_geo=0.618283 (+61,828 PHP) val_geo=0.248170 (+24,817 PHP)
Epoch 024/50 | [PROFIT-LOG] train_loss=-0.000300 val_loss=-0.000694 | train_profit=0.605338 (+60,534 PHP) val_profit=0.237763 (+23,776 PHP) | train_geo=0.618283 (+61,828 PHP) val_geo=0.248170 (+24,817 PHP)
Epoch 025/50 | [PROFIT-LOG] train_loss=-0.000300 val_loss=-0.000694 | train_profit=0.605338 (+60,534 PHP) val_profit=0.237763 (+23,776 PHP) | train_geo=0.618283 (+61,828 PHP) val_geo=0.248170 (+24,817 PHP)
Epoch 026/50 | [PROFIT-LOG] train_loss=-0.000300 val_loss=-0.000694 | train_profit=0.605338 (+60,534 PHP) val_profit=0.237763 (+23,776 PHP) | train_geo=0.618283 (+61,828 PHP) val_geo=0.248170 (+24,817 PHP)
Epoch 027/50 | [PROFIT-LOG] train_loss=-0.000300 val_loss=-0.000694 | train_profit=0.605338 (+60,534 PHP) val_profit=0.237763 (+23,776 PHP) | train_geo=0.618283 (+61,828 PHP) val_geo=0.248170 (+24,817 PHP)
Epoch 028/50 | [PROFIT-LOG] train_loss=-0.000300 val_loss=-0.000694 | train_profit=0.605338 (+60,534 PHP) val_profit=0.237763 (+23,776 PHP) | train_geo=0.618283 (+61,828 PHP) val_geo=0.248170 (+24,817 PHP)
Epoch 029/50 | [PROFIT-LOG] train_loss=-0.000300 val_loss=-0.000694 | train_profit=0.605338 (+60,534 PHP) val_profit=0.237763 (+23,776 PHP) | train_geo=0.618283 (+61,828 PHP) val_geo=0.248170 (+24,817 PHP)
Epoch 030/50 | [PROFIT-LOG] train_loss=-0.000300 val_loss=-0.000694 | train_profit=0.605338 (+60,534 PHP) val_profit=0.237763 (+23,776 PHP) | train_geo=0.618283 (+61,828 PHP) val_geo=0.248170 (+24,817 PHP)
Epoch 031/50 | [PROFIT-LOG] train_loss=-0.000300 val_loss=-0.000694 | train_profit=0.605338 (+60,534 PHP) val_profit=0.237763 (+23,776 PHP) | train_geo=0.618283 (+61,828 PHP) val_geo=0.248170 (+24,817 PHP)
Epoch 032/50 | [PROFIT-LOG] train_loss=-0.000300 val_loss=-0.000694 | train_profit=0.605338 (+60,534 PHP) val_profit=0.237763 (+23,776 PHP) | train_geo=0.618283 (+61,828 PHP) val_geo=0.248170 (+24,817 PHP)
Epoch 033/50 | [PROFIT-LOG] train_loss=-0.000300 val_loss=-0.000694 | train_profit=0.605338 (+60,534 PHP) val_profit=0.237763 (+23,776 PHP) | train_geo=0.618283 (+61,828 PHP) val_geo=0.248170 (+24,817 PHP)
Epoch 034/50 | [PROFIT-LOG] train_loss=-0.000300 val_loss=-0.000694 | train_profit=0.605338 (+60,534 PHP) val_profit=0.237763 (+23,776 PHP) | train_geo=0.618283 (+61,828 PHP) val_geo=0.248170 (+24,817 PHP)
Epoch 035/50 | [PROFIT-LOG] train_loss=-0.000300 val_loss=-0.000694 | train_profit=0.605338 (+60,534 PHP) val_profit=0.237763 (+23,776 PHP) | train_geo=0.618283 (+61,828 PHP) val_geo=0.248170 (+24,817 PHP)
Epoch 036/50 | [PROFIT-LOG] train_loss=-0.000300 val_loss=-0.000694 | train_profit=0.605338 (+60,534 PHP) val_profit=0.237763 (+23,776 PHP) | train_geo=0.618283 (+61,828 PHP) val_geo=0.248170 (+24,817 PHP)
Epoch 037/50 | [PROFIT-LOG] train_loss=-0.000300 val_loss=-0.000694 | train_profit=0.605338 (+60,534 PHP) val_profit=0.237763 (+23,776 PHP) | train_geo=0.618283 (+61,828 PHP) val_geo=0.248170 (+24,817 PHP)
Epoch 038/50 | [PROFIT-LOG] train_loss=-0.000300 val_loss=-0.000694 | train_profit=0.605338 (+60,534 PHP) val_profit=0.237763 (+23,776 PHP) | train_geo=0.618283 (+61,828 PHP) val_geo=0.248170 (+24,817 PHP)
Epoch 039/50 | [PROFIT-LOG] train_loss=-0.000300 val_loss=-0.000694 | train_profit=0.605338 (+60,534 PHP) val_profit=0.237763 (+23,776 PHP) | train_geo=0.618283 (+61,828 PHP) val_geo=0.248170 (+24,817 PHP)
Epoch 040/50 | [PROFIT-LOG] train_loss=-0.000300 val_loss=-0.000694 | train_profit=0.605338 (+60,534 PHP) val_profit=0.237763 (+23,776 PHP) | train_geo=0.618283 (+61,828 PHP) val_geo=0.248170 (+24,817 PHP)
Epoch 041/50 | [PROFIT-LOG] train_loss=-0.000300 val_loss=-0.000694 | train_profit=0.605338 (+60,534 PHP) val_profit=0.237763 (+23,776 PHP) | train_geo=0.618283 (+61,828 PHP) val_geo=0.248170 (+24,817 PHP)
Epoch 042/50 | [PROFIT-LOG] train_loss=-0.000300 val_loss=-0.000694 | train_profit=0.605338 (+60,534 PHP) val_profit=0.237763 (+23,776 PHP) | train_geo=0.618283 (+61,828 PHP) val_geo=0.248170 (+24,817 PHP)
Epoch 043/50 | [PROFIT-LOG] train_loss=-0.000300 val_loss=-0.000694 | train_profit=0.605338 (+60,534 PHP) val_profit=0.237763 (+23,776 PHP) | train_geo=0.618283 (+61,828 PHP) val_geo=0.248170 (+24,817 PHP)
Epoch 044/50 | [PROFIT-LOG] train_loss=-0.000300 val_loss=-0.000694 | train_profit=0.605338 (+60,534 PHP) val_profit=0.237763 (+23,776 PHP) | train_geo=0.618283 (+61,828 PHP) val_geo=0.248170 (+24,817 PHP)
Epoch 045/50 | [PROFIT-LOG] train_loss=-0.000300 val_loss=-0.000694 | train_profit=0.605338 (+60,534 PHP) val_profit=0.237763 (+23,776 PHP) | train_geo=0.618283 (+61,828 PHP) val_geo=0.248170 (+24,817 PHP)
Epoch 046/50 | [PROFIT-LOG] train_loss=-0.000300 val_loss=-0.000694 | train_profit=0.605338 (+60,534 PHP) val_profit=0.237763 (+23,776 PHP) | train_geo=0.618283 (+61,828 PHP) val_geo=0.248170 (+24,817 PHP)
Epoch 047/50 | [PROFIT-LOG] train_loss=-0.000300 val_loss=-0.000694 | train_profit=0.605338 (+60,534 PHP) val_profit=0.237763 (+23,776 PHP) | train_geo=0.618283 (+61,828 PHP) val_geo=0.248170 (+24,817 PHP)
Epoch 048/50 | [PROFIT-LOG] train_loss=-0.000300 val_loss=-0.000694 | train_profit=0.605338 (+60,534 PHP) val_profit=0.237763 (+23,776 PHP) | train_geo=0.618283 (+61,828 PHP) val_geo=0.248170 (+24,817 PHP)
Epoch 049/50 | [PROFIT-LOG] train_loss=-0.000300 val_loss=-0.000694 | train_profit=0.605338 (+60,534 PHP) val_profit=0.237763 (+23,776 PHP) | train_geo=0.618283 (+61,828 PHP) val_geo=0.248170 (+24,817 PHP)
Epoch 050/50 | [PROFIT-LOG] train_loss=-0.000300 val_loss=-0.000694 | train_profit=0.605338 (+60,534 PHP) val_profit=0.237763 (+23,776 PHP) | train_geo=0.618283 (+61,828 PHP) val_geo=0.248170 (+24,817 PHP)
[11/23] KO         (mid   ) profit-log    dir_acc=0.494 cum_ret=+0.2567 geo_ret=+0.2671 sharpe=+1.138 (buy&hold=+0.2684) [13.5s]
Epoch 001/50 | [MSE] train_loss=0.000238 val_loss=0.000144 | train_profit=-1.532605 (-153,260 PHP) val_profit=-0.239625 (-23,963 PHP) | train_geo=-0.808133 (-80,813 PHP) val_geo=-0.230358 (-23,036 PHP)
Epoch 002/50 | [MSE] train_loss=0.000168 val_loss=0.000138 | train_profit=-1.506381 (-150,638 PHP) val_profit=0.108223 (+10,822 PHP) | train_geo=-0.803503 (-80,350 PHP) val_geo=0.090531 (+9,053 PHP)
Epoch 003/50 | [MSE] train_loss=0.000166 val_loss=0.000137 | train_profit=-1.300497 (-130,050 PHP) val_profit=-0.204101 (-20,410 PHP) | train_geo=-0.757972 (-75,797 PHP) val_geo=-0.202430 (-20,243 PHP)
Epoch 004/50 | [MSE] train_loss=0.000159 val_loss=0.000135 | train_profit=-1.350135 (-135,014 PHP) val_profit=0.012613 (+1,261 PHP) | train_geo=-0.769882 (-76,988 PHP) val_geo=-0.008924 (-892 PHP)
Epoch 005/50 | [MSE] train_loss=0.000159 val_loss=0.000135 | train_profit=-1.338461 (-133,846 PHP) val_profit=0.017266 (+1,727 PHP) | train_geo=-0.766896 (-76,690 PHP) val_geo=-0.004181 (-418 PHP)
Epoch 006/50 | [MSE] train_loss=0.000159 val_loss=0.000135 | train_profit=-1.110664 (-111,066 PHP) val_profit=0.242434 (+24,243 PHP) | train_geo=-0.707128 (-70,713 PHP) val_geo=0.247908 (+24,791 PHP)
Epoch 007/50 | [MSE] train_loss=0.000160 val_loss=0.000135 | train_profit=-1.554759 (-155,476 PHP) val_profit=0.054812 (+5,481 PHP) | train_geo=-0.812569 (-81,257 PHP) val_geo=0.033620 (+3,362 PHP)
Epoch 008/50 | [MSE] train_loss=0.000157 val_loss=0.000135 | train_profit=-1.280901 (-128,090 PHP) val_profit=0.064554 (+6,455 PHP) | train_geo=-0.753168 (-75,317 PHP) val_geo=0.043914 (+4,391 PHP)
Epoch 009/50 | [MSE] train_loss=0.000157 val_loss=0.000135 | train_profit=-1.616898 (-161,690 PHP) val_profit=0.226501 (+22,650 PHP) | train_geo=-0.823768 (-82,377 PHP) val_geo=0.227847 (+22,785 PHP)
Epoch 010/50 | [MSE] train_loss=0.000157 val_loss=0.000135 | train_profit=-1.203956 (-120,396 PHP) val_profit=0.139459 (+13,946 PHP) | train_geo=-0.733431 (-73,343 PHP) val_geo=0.125444 (+12,544 PHP)
Epoch 011/50 | [MSE] train_loss=0.000158 val_loss=0.000135 | train_profit=-2.041940 (-204,194 PHP) val_profit=-0.114013 (-11,401 PHP) | train_geo=-0.884927 (-88,493 PHP) val_geo=-0.127021 (-12,702 PHP)
Epoch 012/50 | [MSE] train_loss=0.000156 val_loss=0.000135 | train_profit=-0.717853 (-71,785 PHP) val_profit=-0.210770 (-21,077 PHP) | train_geo=-0.566561 (-56,656 PHP) val_geo=-0.207554 (-20,755 PHP)
Epoch 013/50 | [MSE] train_loss=0.000155 val_loss=0.000135 | train_profit=-0.949281 (-94,928 PHP) val_profit=0.008270 (+827 PHP) | train_geo=-0.656132 (-65,613 PHP) val_geo=-0.013455 (-1,345 PHP)
Epoch 014/50 | [MSE] train_loss=0.000155 val_loss=0.000135 | train_profit=-0.708790 (-70,879 PHP) val_profit=-0.168357 (-16,836 PHP) | train_geo=-0.562232 (-56,223 PHP) val_geo=-0.173190 (-17,319 PHP)
Epoch 015/50 | [MSE] train_loss=0.000154 val_loss=0.000135 | train_profit=-0.431562 (-43,156 PHP) val_profit=-0.034469 (-3,447 PHP) | train_geo=-0.422393 (-42,239 PHP) val_geo=-0.054324 (-5,432 PHP)
Epoch 016/50 | [MSE] train_loss=0.000157 val_loss=0.000135 | train_profit=-1.163504 (-116,350 PHP) val_profit=-0.152047 (-15,205 PHP) | train_geo=-0.722531 (-72,253 PHP) val_geo=-0.159627 (-15,963 PHP)
Epoch 017/50 | [MSE] train_loss=0.000156 val_loss=0.000135 | train_profit=-0.524323 (-52,432 PHP) val_profit=0.138044 (+13,804 PHP) | train_geo=-0.473464 (-47,346 PHP) val_geo=0.123518 (+12,352 PHP)
Epoch 018/50 | [MSE] train_loss=0.000156 val_loss=0.000135 | train_profit=-0.920865 (-92,087 PHP) val_profit=0.090649 (+9,065 PHP) | train_geo=-0.646001 (-64,600 PHP) val_geo=0.071559 (+7,156 PHP)
Epoch 019/50 | [MSE] train_loss=0.000155 val_loss=0.000135 | train_profit=-1.700733 (-170,073 PHP) val_profit=-0.083786 (-8,379 PHP) | train_geo=-0.837955 (-83,796 PHP) val_geo=-0.099975 (-9,998 PHP)
Epoch 020/50 | [MSE] train_loss=0.000156 val_loss=0.000135 | train_profit=-0.808639 (-80,864 PHP) val_profit=-0.099185 (-9,918 PHP) | train_geo=-0.604158 (-60,416 PHP) val_geo=-0.113932 (-11,393 PHP)
Epoch 021/50 | [MSE] train_loss=0.000155 val_loss=0.000135 | train_profit=-0.750987 (-75,099 PHP) val_profit=-0.122316 (-12,232 PHP) | train_geo=-0.580527 (-58,053 PHP) val_geo=-0.134281 (-13,428 PHP)
Epoch 022/50 | [MSE] train_loss=0.000155 val_loss=0.000135 | train_profit=-0.753709 (-75,371 PHP) val_profit=-0.005756 (-576 PHP) | train_geo=-0.581758 (-58,176 PHP) val_geo=-0.027237 (-2,724 PHP)
Epoch 023/50 | [MSE] train_loss=0.000156 val_loss=0.000135 | train_profit=-1.399251 (-139,925 PHP) val_profit=-0.007272 (-727 PHP) | train_geo=-0.780852 (-78,085 PHP) val_geo=-0.028316 (-2,832 PHP)
Epoch 024/50 | [MSE] train_loss=0.000155 val_loss=0.000135 | train_profit=-0.526565 (-52,656 PHP) val_profit=-0.083638 (-8,364 PHP) | train_geo=-0.474764 (-47,476 PHP) val_geo=-0.100111 (-10,011 PHP)
Epoch 025/50 | [MSE] train_loss=0.000156 val_loss=0.000135 | train_profit=-0.168472 (-16,847 PHP) val_profit=-0.183050 (-18,305 PHP) | train_geo=-0.247893 (-24,789 PHP) val_geo=-0.185305 (-18,530 PHP)
Epoch 026/50 | [MSE] train_loss=0.000155 val_loss=0.000135 | train_profit=-0.849971 (-84,997 PHP) val_profit=-0.078854 (-7,885 PHP) | train_geo=-0.620015 (-62,001 PHP) val_geo=-0.095732 (-9,573 PHP)
Epoch 027/50 | [MSE] train_loss=0.000155 val_loss=0.000135 | train_profit=-1.024781 (-102,478 PHP) val_profit=-0.042296 (-4,230 PHP) | train_geo=-0.681063 (-68,106 PHP) val_geo=-0.062059 (-6,206 PHP)
Epoch 028/50 | [MSE] train_loss=0.000154 val_loss=0.000135 | train_profit=0.214972 (+21,497 PHP) val_profit=-0.073975 (-7,398 PHP) | train_geo=0.103930 (+10,393 PHP) val_geo=-0.091441 (-9,144 PHP)
Epoch 029/50 | [MSE] train_loss=0.000155 val_loss=0.000135 | train_profit=-0.994905 (-99,491 PHP) val_profit=0.072926 (+7,293 PHP) | train_geo=-0.671294 (-67,129 PHP) val_geo=0.052606 (+5,261 PHP)
Epoch 030/50 | [MSE] train_loss=0.000155 val_loss=0.000135 | train_profit=-0.840268 (-84,027 PHP) val_profit=0.146419 (+14,642 PHP) | train_geo=-0.616266 (-61,627 PHP) val_geo=0.133009 (+13,301 PHP)
Epoch 031/50 | [MSE] train_loss=0.000155 val_loss=0.000135 | train_profit=-0.644144 (-64,414 PHP) val_profit=0.008159 (+816 PHP) | train_geo=-0.533136 (-53,314 PHP) val_geo=-0.013486 (-1,349 PHP)
Epoch 032/50 | [MSE] train_loss=0.000155 val_loss=0.000135 | train_profit=-0.480027 (-48,003 PHP) val_profit=-0.186910 (-18,691 PHP) | train_geo=-0.449715 (-44,972 PHP) val_geo=-0.188598 (-18,860 PHP)
Epoch 033/50 | [MSE] train_loss=0.000153 val_loss=0.000135 | train_profit=0.188868 (+18,887 PHP) val_profit=-0.021718 (-2,172 PHP) | train_geo=0.075614 (+7,561 PHP) val_geo=-0.042633 (-4,263 PHP)
Epoch 034/50 | [MSE] train_loss=0.000155 val_loss=0.000135 | train_profit=-0.907289 (-90,729 PHP) val_profit=0.043633 (+4,363 PHP) | train_geo=-0.641354 (-64,135 PHP) val_geo=0.022442 (+2,244 PHP)
Epoch 035/50 | [MSE] train_loss=0.000155 val_loss=0.000135 | train_profit=-0.558766 (-55,877 PHP) val_profit=0.088961 (+8,896 PHP) | train_geo=-0.491153 (-49,115 PHP) val_geo=0.069698 (+6,970 PHP)
Epoch 036/50 | [MSE] train_loss=0.000155 val_loss=0.000135 | train_profit=-0.931529 (-93,153 PHP) val_profit=-0.094245 (-9,425 PHP) | train_geo=-0.650104 (-65,010 PHP) val_geo=-0.109698 (-10,970 PHP)
Epoch 037/50 | [MSE] train_loss=0.000155 val_loss=0.000135 | train_profit=-0.993310 (-99,331 PHP) val_profit=0.029062 (+2,906 PHP) | train_geo=-0.670971 (-67,097 PHP) val_geo=0.007284 (+728 PHP)
Epoch 038/50 | [MSE] train_loss=0.000156 val_loss=0.000135 | train_profit=-0.774120 (-77,412 PHP) val_profit=-0.070766 (-7,077 PHP) | train_geo=-0.590487 (-59,049 PHP) val_geo=-0.088623 (-8,862 PHP)
Epoch 039/50 | [MSE] train_loss=0.000156 val_loss=0.000135 | train_profit=-0.881436 (-88,144 PHP) val_profit=0.064174 (+6,417 PHP) | train_geo=-0.631799 (-63,180 PHP) val_geo=0.043454 (+4,345 PHP)
Epoch 040/50 | [MSE] train_loss=0.000155 val_loss=0.000135 | train_profit=-0.688520 (-68,852 PHP) val_profit=0.009610 (+961 PHP) | train_geo=-0.553663 (-55,366 PHP) val_geo=-0.012177 (-1,218 PHP)
Epoch 041/50 | [MSE] train_loss=0.000155 val_loss=0.000135 | train_profit=-0.581576 (-58,158 PHP) val_profit=0.009610 (+961 PHP) | train_geo=-0.503273 (-50,327 PHP) val_geo=-0.012177 (-1,218 PHP)
Epoch 042/50 | [MSE] train_loss=0.000155 val_loss=0.000136 | train_profit=-0.395568 (-39,557 PHP) val_profit=0.122940 (+12,294 PHP) | train_geo=-0.400510 (-40,051 PHP) val_geo=0.106733 (+10,673 PHP)
Epoch 043/50 | [MSE] train_loss=0.000155 val_loss=0.000135 | train_profit=-0.590253 (-59,025 PHP) val_profit=-0.011522 (-1,152 PHP) | train_geo=-0.507068 (-50,707 PHP) val_geo=-0.032834 (-3,283 PHP)
Epoch 044/50 | [MSE] train_loss=0.000155 val_loss=0.000135 | train_profit=-0.331505 (-33,151 PHP) val_profit=0.134706 (+13,471 PHP) | train_geo=-0.361272 (-36,127 PHP) val_geo=0.119722 (+11,972 PHP)
Epoch 045/50 | [MSE] train_loss=0.000155 val_loss=0.000135 | train_profit=-0.813054 (-81,305 PHP) val_profit=-0.036464 (-3,646 PHP) | train_geo=-0.605833 (-60,583 PHP) val_geo=-0.056644 (-5,664 PHP)
Epoch 046/50 | [MSE] train_loss=0.000154 val_loss=0.000135 | train_profit=0.190696 (+19,070 PHP) val_profit=0.001257 (+126 PHP) | train_geo=0.077552 (+7,755 PHP) val_geo=-0.020308 (-2,031 PHP)
Epoch 047/50 | [MSE] train_loss=0.000155 val_loss=0.000135 | train_profit=-0.563609 (-56,361 PHP) val_profit=0.092632 (+9,263 PHP) | train_geo=-0.493652 (-49,365 PHP) val_geo=0.073604 (+7,360 PHP)
Epoch 048/50 | [MSE] train_loss=0.000154 val_loss=0.000135 | train_profit=-0.215035 (-21,504 PHP) val_profit=0.072285 (+7,228 PHP) | train_geo=-0.282525 (-28,252 PHP) val_geo=0.051868 (+5,187 PHP)
Epoch 049/50 | [MSE] train_loss=0.000155 val_loss=0.000135 | train_profit=-0.370317 (-37,032 PHP) val_profit=0.118980 (+11,898 PHP) | train_geo=-0.385562 (-38,556 PHP) val_geo=0.102175 (+10,218 PHP)
Epoch 050/50 | [MSE] train_loss=0.000155 val_loss=0.000135 | train_profit=0.028642 (+2,864 PHP) val_profit=-0.082815 (-8,282 PHP) | train_geo=-0.083708 (-8,371 PHP) val_geo=-0.099455 (-9,945 PHP)
[12/23] JNJ        (mid   ) mse           dir_acc=0.556 cum_ret=+0.4328 geo_ret=+0.5072 sharpe=+1.812 (buy&hold=+0.8392) [4.1s]
Epoch 001/50 | train_loss=0.000401 val_loss=0.000255 | train_profit=-0.582358 (-58,236 PHP) val_profit=0.029762 (+2,976 PHP) | train_geo=-0.503275 (-50,327 PHP) val_geo=0.008133 (+813 PHP)
Epoch 002/50 | train_loss=0.000108 val_loss=0.000252 | train_profit=0.433028 (+43,303 PHP) val_profit=0.029762 (+2,976 PHP) | train_geo=0.371495 (+37,149 PHP) val_geo=0.008133 (+813 PHP)
Epoch 003/50 | train_loss=0.000048 val_loss=0.000091 | train_profit=0.433028 (+43,303 PHP) val_profit=0.029762 (+2,976 PHP) | train_geo=0.371495 (+37,149 PHP) val_geo=0.008133 (+813 PHP)
Epoch 004/50 | train_loss=0.000002 val_loss=0.000102 | train_profit=0.254462 (+25,446 PHP) val_profit=0.029762 (+2,976 PHP) | train_geo=0.147040 (+14,704 PHP) val_geo=0.008133 (+813 PHP)
Epoch 005/50 | train_loss=0.000050 val_loss=0.000185 | train_profit=0.215806 (+21,581 PHP) val_profit=0.029762 (+2,976 PHP) | train_geo=0.103482 (+10,348 PHP) val_geo=0.008133 (+813 PHP)
Epoch 006/50 | train_loss=0.000053 val_loss=0.000186 | train_profit=0.433028 (+43,303 PHP) val_profit=0.029762 (+2,976 PHP) | train_geo=0.371495 (+37,149 PHP) val_geo=0.008133 (+813 PHP)
Epoch 007/50 | train_loss=-0.000062 val_loss=0.000061 | train_profit=0.444547 (+44,455 PHP) val_profit=0.029762 (+2,976 PHP) | train_geo=0.387299 (+38,730 PHP) val_geo=0.008133 (+813 PHP)
Epoch 008/50 | train_loss=-0.000048 val_loss=0.000218 | train_profit=0.354686 (+35,469 PHP) val_profit=0.029762 (+2,976 PHP) | train_geo=0.267200 (+26,720 PHP) val_geo=0.008133 (+813 PHP)
Epoch 009/50 | train_loss=0.000080 val_loss=0.000225 | train_profit=0.433028 (+43,303 PHP) val_profit=0.029762 (+2,976 PHP) | train_geo=0.371495 (+37,149 PHP) val_geo=0.008133 (+813 PHP)
Epoch 010/50 | train_loss=0.000032 val_loss=0.000126 | train_profit=0.433028 (+43,303 PHP) val_profit=0.029762 (+2,976 PHP) | train_geo=0.371495 (+37,149 PHP) val_geo=0.008133 (+813 PHP)
Epoch 011/50 | train_loss=-0.000099 val_loss=-0.000017 | train_profit=0.433028 (+43,303 PHP) val_profit=0.029762 (+2,976 PHP) | train_geo=0.371495 (+37,149 PHP) val_geo=0.008133 (+813 PHP)
Epoch 012/50 | train_loss=-0.000145 val_loss=0.000006 | train_profit=0.433028 (+43,303 PHP) val_profit=0.029762 (+2,976 PHP) | train_geo=0.371495 (+37,149 PHP) val_geo=0.008133 (+813 PHP)
Epoch 013/50 | train_loss=-0.000151 val_loss=-0.000008 | train_profit=0.433028 (+43,303 PHP) val_profit=0.029762 (+2,976 PHP) | train_geo=0.371495 (+37,149 PHP) val_geo=0.008133 (+813 PHP)
Epoch 014/50 | train_loss=-0.000160 val_loss=-0.000013 | train_profit=0.433028 (+43,303 PHP) val_profit=0.029762 (+2,976 PHP) | train_geo=0.371495 (+37,149 PHP) val_geo=0.008133 (+813 PHP)
Epoch 015/50 | train_loss=-0.000146 val_loss=0.000016 | train_profit=0.433028 (+43,303 PHP) val_profit=0.029762 (+2,976 PHP) | train_geo=0.371495 (+37,149 PHP) val_geo=0.008133 (+813 PHP)
Epoch 016/50 | train_loss=-0.000151 val_loss=0.000005 | train_profit=0.433028 (+43,303 PHP) val_profit=0.029762 (+2,976 PHP) | train_geo=0.371495 (+37,149 PHP) val_geo=0.008133 (+813 PHP)
Epoch 017/50 | train_loss=-0.000130 val_loss=0.000103 | train_profit=0.440759 (+44,076 PHP) val_profit=0.029762 (+2,976 PHP) | train_geo=0.381870 (+38,187 PHP) val_geo=0.008133 (+813 PHP)
Epoch 018/50 | train_loss=-0.000069 val_loss=0.000036 | train_profit=0.433028 (+43,303 PHP) val_profit=0.029762 (+2,976 PHP) | train_geo=0.371495 (+37,149 PHP) val_geo=0.008133 (+813 PHP)
Epoch 019/50 | train_loss=-0.000146 val_loss=0.000010 | train_profit=0.502506 (+50,251 PHP) val_profit=0.029762 (+2,976 PHP) | train_geo=0.470160 (+47,016 PHP) val_geo=0.008133 (+813 PHP)
Epoch 020/50 | train_loss=-0.000183 val_loss=0.000047 | train_profit=0.645974 (+64,597 PHP) val_profit=0.068560 (+6,856 PHP) | train_geo=0.696097 (+69,610 PHP) val_geo=0.048037 (+4,804 PHP)
Epoch 021/50 | train_loss=-0.000223 val_loss=0.000039 | train_profit=0.695778 (+69,578 PHP) val_profit=0.029762 (+2,976 PHP) | train_geo=0.783829 (+78,383 PHP) val_geo=0.008133 (+813 PHP)
Epoch 022/50 | train_loss=-0.000113 val_loss=0.000275 | train_profit=0.249589 (+24,959 PHP) val_profit=-0.043574 (-4,357 PHP) | train_geo=0.140995 (+14,100 PHP) val_geo=-0.063191 (-6,319 PHP)
Epoch 023/50 | train_loss=-0.000216 val_loss=0.000004 | train_profit=0.556248 (+55,625 PHP) val_profit=0.029762 (+2,976 PHP) | train_geo=0.550552 (+55,055 PHP) val_geo=0.008133 (+813 PHP)
Epoch 024/50 | train_loss=-0.000170 val_loss=0.000007 | train_profit=0.497789 (+49,779 PHP) val_profit=0.029762 (+2,976 PHP) | train_geo=0.463244 (+46,324 PHP) val_geo=0.008133 (+813 PHP)
Epoch 025/50 | train_loss=-0.000198 val_loss=0.000004 | train_profit=0.517316 (+51,732 PHP) val_profit=0.029762 (+2,976 PHP) | train_geo=0.492123 (+49,212 PHP) val_geo=0.008133 (+813 PHP)
Epoch 026/50 | train_loss=-0.000257 val_loss=-0.000013 | train_profit=0.561805 (+56,181 PHP) val_profit=0.029762 (+2,976 PHP) | train_geo=0.559540 (+55,954 PHP) val_geo=0.008133 (+813 PHP)
Epoch 027/50 | train_loss=-0.000184 val_loss=0.000101 | train_profit=0.527733 (+52,773 PHP) val_profit=0.052875 (+5,288 PHP) | train_geo=0.507831 (+50,783 PHP) val_geo=0.031724 (+3,172 PHP)
Epoch 028/50 | train_loss=-0.000161 val_loss=0.000047 | train_profit=0.367038 (+36,704 PHP) val_profit=0.056661 (+5,666 PHP) | train_geo=0.283673 (+28,367 PHP) val_geo=0.035599 (+3,560 PHP)
Epoch 029/50 | train_loss=-0.000039 val_loss=0.000018 | train_profit=0.210432 (+21,043 PHP) val_profit=0.029762 (+2,976 PHP) | train_geo=0.096847 (+9,685 PHP) val_geo=0.008133 (+813 PHP)
Epoch 030/50 | train_loss=-0.000208 val_loss=-0.000019 | train_profit=0.479196 (+47,920 PHP) val_profit=0.029762 (+2,976 PHP) | train_geo=0.436281 (+43,628 PHP) val_geo=0.008133 (+813 PHP)
Epoch 031/50 | train_loss=-0.000218 val_loss=0.000220 | train_profit=0.558507 (+55,851 PHP) val_profit=-0.108013 (-10,801 PHP) | train_geo=0.554497 (+55,450 PHP) val_geo=-0.121722 (-12,172 PHP)
Epoch 032/50 | train_loss=-0.000294 val_loss=0.000009 | train_profit=0.755911 (+75,591 PHP) val_profit=0.029762 (+2,976 PHP) | train_geo=0.894269 (+89,427 PHP) val_geo=0.008133 (+813 PHP)
Epoch 033/50 | train_loss=-0.000209 val_loss=-0.000028 | train_profit=0.527507 (+52,751 PHP) val_profit=0.029762 (+2,976 PHP) | train_geo=0.507432 (+50,743 PHP) val_geo=0.008133 (+813 PHP)
Epoch 034/50 | train_loss=-0.000194 val_loss=-0.000018 | train_profit=0.502506 (+50,251 PHP) val_profit=0.029762 (+2,976 PHP) | train_geo=0.470160 (+47,016 PHP) val_geo=0.008133 (+813 PHP)
Epoch 035/50 | train_loss=-0.000197 val_loss=-0.000012 | train_profit=0.482990 (+48,299 PHP) val_profit=0.029762 (+2,976 PHP) | train_geo=0.441711 (+44,171 PHP) val_geo=0.008133 (+813 PHP)
Epoch 036/50 | train_loss=-0.000318 val_loss=0.000104 | train_profit=0.826137 (+82,614 PHP) val_profit=0.002913 (+291 PHP) | train_geo=1.033279 (+103,328 PHP) val_geo=-0.018596 (-1,860 PHP)
Epoch 037/50 | train_loss=-0.000226 val_loss=0.000177 | train_profit=0.576219 (+57,622 PHP) val_profit=0.024905 (+2,491 PHP) | train_geo=0.582589 (+58,259 PHP) val_geo=0.003232 (+323 PHP)
Epoch 038/50 | train_loss=-0.000284 val_loss=0.000013 | train_profit=0.732427 (+73,243 PHP) val_profit=0.029762 (+2,976 PHP) | train_geo=0.850244 (+85,024 PHP) val_geo=0.008133 (+813 PHP)
Epoch 039/50 | train_loss=-0.000282 val_loss=-0.000024 | train_profit=0.785860 (+78,586 PHP) val_profit=0.036802 (+3,680 PHP) | train_geo=0.952478 (+95,248 PHP) val_geo=0.015241 (+1,524 PHP)
Epoch 040/50 | train_loss=-0.000138 val_loss=-0.000012 | train_profit=0.477636 (+47,764 PHP) val_profit=0.029762 (+2,976 PHP) | train_geo=0.433553 (+43,355 PHP) val_geo=0.008133 (+813 PHP)
Epoch 041/50 | train_loss=-0.000169 val_loss=-0.000018 | train_profit=0.478710 (+47,871 PHP) val_profit=0.029762 (+2,976 PHP) | train_geo=0.435526 (+43,553 PHP) val_geo=0.008133 (+813 PHP)
Epoch 042/50 | train_loss=-0.000095 val_loss=-0.000041 | train_profit=0.336990 (+33,699 PHP) val_profit=0.077891 (+7,789 PHP) | train_geo=0.245472 (+24,547 PHP) val_geo=0.057901 (+5,790 PHP)
Epoch 043/50 | train_loss=-0.000178 val_loss=0.000118 | train_profit=0.508087 (+50,809 PHP) val_profit=-0.001487 (-149 PHP) | train_geo=0.477986 (+47,799 PHP) val_geo=-0.022891 (-2,289 PHP)
Epoch 044/50 | train_loss=-0.000122 val_loss=0.000018 | train_profit=0.363276 (+36,328 PHP) val_profit=0.040590 (+4,059 PHP) | train_geo=0.278466 (+27,847 PHP) val_geo=0.019094 (+1,909 PHP)
Epoch 045/50 | train_loss=-0.000318 val_loss=0.000211 | train_profit=0.751429 (+75,143 PHP) val_profit=-0.050741 (-5,074 PHP) | train_geo=0.886222 (+88,622 PHP) val_geo=-0.069907 (-6,991 PHP)
Epoch 046/50 | train_loss=-0.000238 val_loss=0.000013 | train_profit=0.694126 (+69,413 PHP) val_profit=0.040590 (+4,059 PHP) | train_geo=0.781209 (+78,121 PHP) val_geo=0.019094 (+1,909 PHP)
Epoch 047/50 | train_loss=-0.000313 val_loss=0.000113 | train_profit=0.723508 (+72,351 PHP) val_profit=0.004329 (+433 PHP) | train_geo=0.834173 (+83,417 PHP) val_geo=-0.017206 (-1,721 PHP)
Epoch 048/50 | train_loss=-0.000265 val_loss=0.000087 | train_profit=0.709018 (+70,902 PHP) val_profit=0.004329 (+433 PHP) | train_geo=0.807931 (+80,793 PHP) val_geo=-0.017206 (-1,721 PHP)
Epoch 049/50 | train_loss=-0.000151 val_loss=0.000360 | train_profit=0.512790 (+51,279 PHP) val_profit=-0.059781 (-5,978 PHP) | train_geo=0.485257 (+48,526 PHP) val_geo=-0.078164 (-7,816 PHP)
Epoch 050/50 | train_loss=-0.000288 val_loss=-0.000037 | train_profit=0.648909 (+64,891 PHP) val_profit=0.029762 (+2,976 PHP) | train_geo=0.701848 (+70,185 PHP) val_geo=0.008133 (+813 PHP)
[12/23] JNJ        (mid   ) profit-aware  dir_acc=0.559 cum_ret=+0.6307 geo_ret=+0.8374 sharpe=+2.668 (buy&hold=+0.8392) [5.2s]
Epoch 001/50 | [PROFIT-LOG] train_loss=0.000524 val_loss=0.000165 | train_profit=-1.147964 (-114,796 PHP) val_profit=-0.031762 (-3,176 PHP) | train_geo=-0.718182 (-71,818 PHP) val_geo=-0.051800 (-5,180 PHP)
Epoch 002/50 | [PROFIT-LOG] train_loss=0.000323 val_loss=0.000165 | train_profit=-0.435028 (-43,503 PHP) val_profit=-0.031762 (-3,176 PHP) | train_geo=-0.424145 (-42,415 PHP) val_geo=-0.051800 (-5,180 PHP)
Epoch 003/50 | [PROFIT-LOG] train_loss=0.000323 val_loss=0.000165 | train_profit=-0.435028 (-43,503 PHP) val_profit=-0.031762 (-3,176 PHP) | train_geo=-0.424145 (-42,415 PHP) val_geo=-0.051800 (-5,180 PHP)
Epoch 004/50 | [PROFIT-LOG] train_loss=0.000323 val_loss=0.000165 | train_profit=-0.435028 (-43,503 PHP) val_profit=-0.031762 (-3,176 PHP) | train_geo=-0.424145 (-42,415 PHP) val_geo=-0.051800 (-5,180 PHP)
Epoch 005/50 | [PROFIT-LOG] train_loss=0.000323 val_loss=0.000165 | train_profit=-0.435028 (-43,503 PHP) val_profit=-0.031762 (-3,176 PHP) | train_geo=-0.424145 (-42,415 PHP) val_geo=-0.051800 (-5,180 PHP)
Epoch 006/50 | [PROFIT-LOG] train_loss=0.000323 val_loss=0.000165 | train_profit=-0.435028 (-43,503 PHP) val_profit=-0.031762 (-3,176 PHP) | train_geo=-0.424145 (-42,415 PHP) val_geo=-0.051800 (-5,180 PHP)
Epoch 007/50 | [PROFIT-LOG] train_loss=0.000323 val_loss=0.000165 | train_profit=-0.435028 (-43,503 PHP) val_profit=-0.031762 (-3,176 PHP) | train_geo=-0.424145 (-42,415 PHP) val_geo=-0.051800 (-5,180 PHP)
Epoch 008/50 | [PROFIT-LOG] train_loss=0.000323 val_loss=0.000165 | train_profit=-0.435028 (-43,503 PHP) val_profit=-0.031762 (-3,176 PHP) | train_geo=-0.424145 (-42,415 PHP) val_geo=-0.051800 (-5,180 PHP)
Epoch 009/50 | [PROFIT-LOG] train_loss=0.000323 val_loss=0.000165 | train_profit=-0.435028 (-43,503 PHP) val_profit=-0.031762 (-3,176 PHP) | train_geo=-0.424145 (-42,415 PHP) val_geo=-0.051800 (-5,180 PHP)
Epoch 010/50 | [PROFIT-LOG] train_loss=0.000323 val_loss=0.000165 | train_profit=-0.435028 (-43,503 PHP) val_profit=-0.031762 (-3,176 PHP) | train_geo=-0.424145 (-42,415 PHP) val_geo=-0.051800 (-5,180 PHP)
Epoch 011/50 | [PROFIT-LOG] train_loss=0.000323 val_loss=0.000165 | train_profit=-0.435028 (-43,503 PHP) val_profit=-0.031762 (-3,176 PHP) | train_geo=-0.424145 (-42,415 PHP) val_geo=-0.051800 (-5,180 PHP)
Epoch 012/50 | [PROFIT-LOG] train_loss=0.000323 val_loss=0.000165 | train_profit=-0.435028 (-43,503 PHP) val_profit=-0.031762 (-3,176 PHP) | train_geo=-0.424145 (-42,415 PHP) val_geo=-0.051800 (-5,180 PHP)
Epoch 013/50 | [PROFIT-LOG] train_loss=0.000323 val_loss=0.000165 | train_profit=-0.435028 (-43,503 PHP) val_profit=-0.031762 (-3,176 PHP) | train_geo=-0.424145 (-42,415 PHP) val_geo=-0.051800 (-5,180 PHP)
Epoch 014/50 | [PROFIT-LOG] train_loss=0.000323 val_loss=0.000165 | train_profit=-0.435028 (-43,503 PHP) val_profit=-0.031762 (-3,176 PHP) | train_geo=-0.424145 (-42,415 PHP) val_geo=-0.051800 (-5,180 PHP)
Epoch 015/50 | [PROFIT-LOG] train_loss=0.000323 val_loss=0.000165 | train_profit=-0.435028 (-43,503 PHP) val_profit=-0.031762 (-3,176 PHP) | train_geo=-0.424145 (-42,415 PHP) val_geo=-0.051800 (-5,180 PHP)
Epoch 016/50 | [PROFIT-LOG] train_loss=0.000323 val_loss=0.000165 | train_profit=-0.435028 (-43,503 PHP) val_profit=-0.031762 (-3,176 PHP) | train_geo=-0.424145 (-42,415 PHP) val_geo=-0.051800 (-5,180 PHP)
Epoch 017/50 | [PROFIT-LOG] train_loss=0.000323 val_loss=0.000165 | train_profit=-0.435028 (-43,503 PHP) val_profit=-0.031762 (-3,176 PHP) | train_geo=-0.424145 (-42,415 PHP) val_geo=-0.051800 (-5,180 PHP)
Epoch 018/50 | [PROFIT-LOG] train_loss=0.000323 val_loss=0.000165 | train_profit=-0.435028 (-43,503 PHP) val_profit=-0.031762 (-3,176 PHP) | train_geo=-0.424145 (-42,415 PHP) val_geo=-0.051800 (-5,180 PHP)
Epoch 019/50 | [PROFIT-LOG] train_loss=0.000323 val_loss=0.000165 | train_profit=-0.435028 (-43,503 PHP) val_profit=-0.031762 (-3,176 PHP) | train_geo=-0.424145 (-42,415 PHP) val_geo=-0.051800 (-5,180 PHP)
Epoch 020/50 | [PROFIT-LOG] train_loss=0.000323 val_loss=0.000165 | train_profit=-0.435028 (-43,503 PHP) val_profit=-0.031762 (-3,176 PHP) | train_geo=-0.424145 (-42,415 PHP) val_geo=-0.051800 (-5,180 PHP)
Epoch 021/50 | [PROFIT-LOG] train_loss=0.000323 val_loss=0.000165 | train_profit=-0.435028 (-43,503 PHP) val_profit=-0.031762 (-3,176 PHP) | train_geo=-0.424145 (-42,415 PHP) val_geo=-0.051800 (-5,180 PHP)
Epoch 022/50 | [PROFIT-LOG] train_loss=0.000323 val_loss=0.000165 | train_profit=-0.435028 (-43,503 PHP) val_profit=-0.031762 (-3,176 PHP) | train_geo=-0.424145 (-42,415 PHP) val_geo=-0.051800 (-5,180 PHP)
Epoch 023/50 | [PROFIT-LOG] train_loss=0.000323 val_loss=0.000165 | train_profit=-0.435028 (-43,503 PHP) val_profit=-0.031762 (-3,176 PHP) | train_geo=-0.424145 (-42,415 PHP) val_geo=-0.051800 (-5,180 PHP)
Epoch 024/50 | [PROFIT-LOG] train_loss=0.000323 val_loss=0.000165 | train_profit=-0.435028 (-43,503 PHP) val_profit=-0.031762 (-3,176 PHP) | train_geo=-0.424145 (-42,415 PHP) val_geo=-0.051800 (-5,180 PHP)
Epoch 025/50 | [PROFIT-LOG] train_loss=0.000323 val_loss=0.000165 | train_profit=-0.435028 (-43,503 PHP) val_profit=-0.031762 (-3,176 PHP) | train_geo=-0.424145 (-42,415 PHP) val_geo=-0.051800 (-5,180 PHP)
Epoch 026/50 | [PROFIT-LOG] train_loss=0.000323 val_loss=0.000165 | train_profit=-0.435028 (-43,503 PHP) val_profit=-0.031762 (-3,176 PHP) | train_geo=-0.424145 (-42,415 PHP) val_geo=-0.051800 (-5,180 PHP)
Epoch 027/50 | [PROFIT-LOG] train_loss=0.000326 val_loss=0.000165 | train_profit=-0.435028 (-43,503 PHP) val_profit=-0.031762 (-3,176 PHP) | train_geo=-0.424145 (-42,415 PHP) val_geo=-0.051800 (-5,180 PHP)
Epoch 028/50 | [PROFIT-LOG] train_loss=0.000323 val_loss=0.000165 | train_profit=-0.435028 (-43,503 PHP) val_profit=-0.031762 (-3,176 PHP) | train_geo=-0.424145 (-42,415 PHP) val_geo=-0.051800 (-5,180 PHP)
Epoch 029/50 | [PROFIT-LOG] train_loss=0.000323 val_loss=0.000165 | train_profit=-0.435028 (-43,503 PHP) val_profit=-0.031762 (-3,176 PHP) | train_geo=-0.424145 (-42,415 PHP) val_geo=-0.051800 (-5,180 PHP)
Epoch 030/50 | [PROFIT-LOG] train_loss=0.000323 val_loss=0.000165 | train_profit=-0.435028 (-43,503 PHP) val_profit=-0.031762 (-3,176 PHP) | train_geo=-0.424145 (-42,415 PHP) val_geo=-0.051800 (-5,180 PHP)
Epoch 031/50 | [PROFIT-LOG] train_loss=0.000323 val_loss=0.000165 | train_profit=-0.435028 (-43,503 PHP) val_profit=-0.031762 (-3,176 PHP) | train_geo=-0.424145 (-42,415 PHP) val_geo=-0.051800 (-5,180 PHP)
Epoch 032/50 | [PROFIT-LOG] train_loss=0.000323 val_loss=0.000165 | train_profit=-0.435028 (-43,503 PHP) val_profit=-0.031762 (-3,176 PHP) | train_geo=-0.424145 (-42,415 PHP) val_geo=-0.051800 (-5,180 PHP)
Epoch 033/50 | [PROFIT-LOG] train_loss=0.000323 val_loss=0.000165 | train_profit=-0.435028 (-43,503 PHP) val_profit=-0.031762 (-3,176 PHP) | train_geo=-0.424145 (-42,415 PHP) val_geo=-0.051800 (-5,180 PHP)
Epoch 034/50 | [PROFIT-LOG] train_loss=0.000323 val_loss=0.000165 | train_profit=-0.435028 (-43,503 PHP) val_profit=-0.031762 (-3,176 PHP) | train_geo=-0.424145 (-42,415 PHP) val_geo=-0.051800 (-5,180 PHP)
Epoch 035/50 | [PROFIT-LOG] train_loss=0.000323 val_loss=0.000165 | train_profit=-0.435028 (-43,503 PHP) val_profit=-0.031762 (-3,176 PHP) | train_geo=-0.424145 (-42,415 PHP) val_geo=-0.051800 (-5,180 PHP)
Epoch 036/50 | [PROFIT-LOG] train_loss=0.000323 val_loss=0.000165 | train_profit=-0.435028 (-43,503 PHP) val_profit=-0.031762 (-3,176 PHP) | train_geo=-0.424145 (-42,415 PHP) val_geo=-0.051800 (-5,180 PHP)
Epoch 037/50 | [PROFIT-LOG] train_loss=0.000323 val_loss=0.000165 | train_profit=-0.435028 (-43,503 PHP) val_profit=-0.031762 (-3,176 PHP) | train_geo=-0.424145 (-42,415 PHP) val_geo=-0.051800 (-5,180 PHP)
Epoch 038/50 | [PROFIT-LOG] train_loss=0.000323 val_loss=0.000165 | train_profit=-0.435028 (-43,503 PHP) val_profit=-0.031762 (-3,176 PHP) | train_geo=-0.424145 (-42,415 PHP) val_geo=-0.051800 (-5,180 PHP)
Epoch 039/50 | [PROFIT-LOG] train_loss=0.000323 val_loss=0.000165 | train_profit=-0.435028 (-43,503 PHP) val_profit=-0.031762 (-3,176 PHP) | train_geo=-0.424145 (-42,415 PHP) val_geo=-0.051800 (-5,180 PHP)
Epoch 040/50 | [PROFIT-LOG] train_loss=0.000323 val_loss=0.000165 | train_profit=-0.435028 (-43,503 PHP) val_profit=-0.031762 (-3,176 PHP) | train_geo=-0.424145 (-42,415 PHP) val_geo=-0.051800 (-5,180 PHP)
Epoch 041/50 | [PROFIT-LOG] train_loss=0.000323 val_loss=0.000165 | train_profit=-0.435028 (-43,503 PHP) val_profit=-0.031762 (-3,176 PHP) | train_geo=-0.424145 (-42,415 PHP) val_geo=-0.051800 (-5,180 PHP)
Epoch 042/50 | [PROFIT-LOG] train_loss=0.000323 val_loss=0.000165 | train_profit=-0.435028 (-43,503 PHP) val_profit=-0.031762 (-3,176 PHP) | train_geo=-0.424145 (-42,415 PHP) val_geo=-0.051800 (-5,180 PHP)
Epoch 043/50 | [PROFIT-LOG] train_loss=0.000323 val_loss=0.000165 | train_profit=-0.435028 (-43,503 PHP) val_profit=-0.031762 (-3,176 PHP) | train_geo=-0.424145 (-42,415 PHP) val_geo=-0.051800 (-5,180 PHP)
Epoch 044/50 | [PROFIT-LOG] train_loss=0.000323 val_loss=0.000165 | train_profit=-0.435028 (-43,503 PHP) val_profit=-0.031762 (-3,176 PHP) | train_geo=-0.424145 (-42,415 PHP) val_geo=-0.051800 (-5,180 PHP)
Epoch 045/50 | [PROFIT-LOG] train_loss=0.000323 val_loss=0.000165 | train_profit=-0.435028 (-43,503 PHP) val_profit=-0.031762 (-3,176 PHP) | train_geo=-0.424145 (-42,415 PHP) val_geo=-0.051800 (-5,180 PHP)
Epoch 046/50 | [PROFIT-LOG] train_loss=0.000323 val_loss=0.000165 | train_profit=-0.435028 (-43,503 PHP) val_profit=-0.031762 (-3,176 PHP) | train_geo=-0.424145 (-42,415 PHP) val_geo=-0.051800 (-5,180 PHP)
Epoch 047/50 | [PROFIT-LOG] train_loss=0.000323 val_loss=0.000165 | train_profit=-0.435028 (-43,503 PHP) val_profit=-0.031762 (-3,176 PHP) | train_geo=-0.424145 (-42,415 PHP) val_geo=-0.051800 (-5,180 PHP)
Epoch 048/50 | [PROFIT-LOG] train_loss=0.000323 val_loss=0.000165 | train_profit=-0.435028 (-43,503 PHP) val_profit=-0.031762 (-3,176 PHP) | train_geo=-0.424145 (-42,415 PHP) val_geo=-0.051800 (-5,180 PHP)
Epoch 049/50 | [PROFIT-LOG] train_loss=0.000323 val_loss=0.000165 | train_profit=-0.435028 (-43,503 PHP) val_profit=-0.031762 (-3,176 PHP) | train_geo=-0.424145 (-42,415 PHP) val_geo=-0.051800 (-5,180 PHP)
Epoch 050/50 | [PROFIT-LOG] train_loss=0.000323 val_loss=0.000165 | train_profit=-0.435028 (-43,503 PHP) val_profit=-0.031762 (-3,176 PHP) | train_geo=-0.424145 (-42,415 PHP) val_geo=-0.051800 (-5,180 PHP)
[12/23] JNJ        (mid   ) profit-log    dir_acc=0.441 cum_ret=-0.6327 geo_ret=-0.4808 sharpe=-2.678 (buy&hold=+0.8392) [4.9s]
Epoch 001/50 | [MSE] train_loss=0.000711 val_loss=0.000558 | train_profit=-0.398214 (-39,821 PHP) val_profit=0.221865 (+22,187 PHP) | train_geo=-0.538616 (-53,862 PHP) val_geo=0.168607 (+16,861 PHP)
Epoch 002/50 | [MSE] train_loss=0.000602 val_loss=0.000483 | train_profit=-0.503920 (-50,392 PHP) val_profit=0.221865 (+22,187 PHP) | train_geo=-0.585979 (-58,598 PHP) val_geo=0.168607 (+16,861 PHP)
Epoch 003/50 | [MSE] train_loss=0.000538 val_loss=0.000474 | train_profit=0.476765 (+47,677 PHP) val_profit=0.221865 (+22,187 PHP) | train_geo=0.110855 (+11,085 PHP) val_geo=0.168607 (+16,861 PHP)
Epoch 004/50 | [MSE] train_loss=0.000527 val_loss=0.000452 | train_profit=1.527301 (+152,730 PHP) val_profit=0.221865 (+22,187 PHP) | train_geo=2.176754 (+217,675 PHP) val_geo=0.168607 (+16,861 PHP)
Epoch 005/50 | [MSE] train_loss=0.000519 val_loss=0.000480 | train_profit=1.072281 (+107,228 PHP) val_profit=0.221865 (+22,187 PHP) | train_geo=1.013127 (+101,313 PHP) val_geo=0.168607 (+16,861 PHP)
Epoch 006/50 | [MSE] train_loss=0.000525 val_loss=0.000476 | train_profit=0.721395 (+72,140 PHP) val_profit=0.221865 (+22,187 PHP) | train_geo=0.416089 (+41,609 PHP) val_geo=0.168607 (+16,861 PHP)
Epoch 007/50 | [MSE] train_loss=0.000526 val_loss=0.000477 | train_profit=0.295374 (+29,537 PHP) val_profit=0.221865 (+22,187 PHP) | train_geo=-0.077177 (-7,718 PHP) val_geo=0.168607 (+16,861 PHP)
Epoch 008/50 | [MSE] train_loss=0.000525 val_loss=0.000498 | train_profit=0.414042 (+41,404 PHP) val_profit=0.221865 (+22,187 PHP) | train_geo=0.040920 (+4,092 PHP) val_geo=0.168607 (+16,861 PHP)
Epoch 009/50 | [MSE] train_loss=0.000530 val_loss=0.000524 | train_profit=0.239668 (+23,967 PHP) val_profit=0.221865 (+22,187 PHP) | train_geo=-0.125823 (-12,582 PHP) val_geo=0.168607 (+16,861 PHP)
Epoch 010/50 | [MSE] train_loss=0.000539 val_loss=0.000546 | train_profit=0.411009 (+41,101 PHP) val_profit=0.221865 (+22,187 PHP) | train_geo=0.039062 (+3,906 PHP) val_geo=0.168607 (+16,861 PHP)
Epoch 011/50 | [MSE] train_loss=0.000549 val_loss=0.000558 | train_profit=-0.242150 (-24,215 PHP) val_profit=0.221865 (+22,187 PHP) | train_geo=-0.459831 (-45,983 PHP) val_geo=0.168607 (+16,861 PHP)
Epoch 012/50 | [MSE] train_loss=0.000559 val_loss=0.000509 | train_profit=0.258004 (+25,800 PHP) val_profit=0.221865 (+22,187 PHP) | train_geo=-0.107687 (-10,769 PHP) val_geo=0.168607 (+16,861 PHP)
Epoch 013/50 | [MSE] train_loss=0.000566 val_loss=0.000452 | train_profit=-0.615370 (-61,537 PHP) val_profit=0.221865 (+22,187 PHP) | train_geo=-0.628441 (-62,844 PHP) val_geo=0.168607 (+16,861 PHP)
Epoch 014/50 | [MSE] train_loss=0.000551 val_loss=0.000428 | train_profit=-1.290010 (-129,001 PHP) val_profit=0.157167 (+15,717 PHP) | train_geo=-0.810811 (-81,081 PHP) val_geo=0.095463 (+9,546 PHP)
Epoch 015/50 | [MSE] train_loss=0.000529 val_loss=0.000426 | train_profit=-1.864341 (-186,434 PHP) val_profit=0.173299 (+17,330 PHP) | train_geo=-0.893343 (-89,334 PHP) val_geo=0.113267 (+11,327 PHP)
Epoch 016/50 | [MSE] train_loss=0.000526 val_loss=0.000432 | train_profit=-0.986289 (-98,629 PHP) val_profit=0.126800 (+12,680 PHP) | train_geo=-0.743559 (-74,356 PHP) val_geo=0.062585 (+6,258 PHP)
Epoch 017/50 | [MSE] train_loss=0.000528 val_loss=0.000429 | train_profit=-0.636073 (-63,607 PHP) val_profit=0.127585 (+12,759 PHP) | train_geo=-0.635468 (-63,547 PHP) val_geo=0.063533 (+6,353 PHP)
Epoch 018/50 | [MSE] train_loss=0.000529 val_loss=0.000426 | train_profit=-0.797153 (-79,715 PHP) val_profit=-0.053020 (-5,302 PHP) | train_geo=-0.689684 (-68,968 PHP) val_geo=-0.113060 (-11,306 PHP)
Epoch 019/50 | [MSE] train_loss=0.000527 val_loss=0.000428 | train_profit=-0.485009 (-48,501 PHP) val_profit=0.182521 (+18,252 PHP) | train_geo=-0.575215 (-57,521 PHP) val_geo=0.124149 (+12,415 PHP)
Epoch 020/50 | [MSE] train_loss=0.000523 val_loss=0.000428 | train_profit=-1.441536 (-144,154 PHP) val_profit=-0.068322 (-6,832 PHP) | train_geo=-0.837291 (-83,729 PHP) val_geo=-0.126534 (-12,653 PHP)
Epoch 021/50 | [MSE] train_loss=0.000527 val_loss=0.000427 | train_profit=-1.068137 (-106,814 PHP) val_profit=0.259347 (+25,935 PHP) | train_geo=-0.763452 (-76,345 PHP) val_geo=0.213935 (+21,394 PHP)
Epoch 022/50 | [MSE] train_loss=0.000525 val_loss=0.000426 | train_profit=-1.308622 (-130,862 PHP) val_profit=0.205660 (+20,566 PHP) | train_geo=-0.814434 (-81,443 PHP) val_geo=0.150209 (+15,021 PHP)
Epoch 023/50 | [MSE] train_loss=0.000523 val_loss=0.000426 | train_profit=-1.043731 (-104,373 PHP) val_profit=-0.092292 (-9,229 PHP) | train_geo=-0.757726 (-75,773 PHP) val_geo=-0.147230 (-14,723 PHP)
Epoch 024/50 | [MSE] train_loss=0.000523 val_loss=0.000426 | train_profit=-1.064309 (-106,431 PHP) val_profit=-0.068322 (-6,832 PHP) | train_geo=-0.762754 (-76,275 PHP) val_geo=-0.126534 (-12,653 PHP)
Epoch 025/50 | [MSE] train_loss=0.000522 val_loss=0.000426 | train_profit=-0.752152 (-75,215 PHP) val_profit=0.221345 (+22,135 PHP) | train_geo=-0.675400 (-67,540 PHP) val_geo=0.168706 (+16,871 PHP)
Epoch 026/50 | [MSE] train_loss=0.000520 val_loss=0.000425 | train_profit=-0.489854 (-48,985 PHP) val_profit=-0.068322 (-6,832 PHP) | train_geo=-0.577080 (-57,708 PHP) val_geo=-0.126534 (-12,653 PHP)
Epoch 027/50 | [MSE] train_loss=0.000522 val_loss=0.000426 | train_profit=-0.692688 (-69,269 PHP) val_profit=0.275480 (+27,548 PHP) | train_geo=-0.655501 (-65,550 PHP) val_geo=0.233667 (+23,367 PHP)
Epoch 028/50 | [MSE] train_loss=0.000523 val_loss=0.000426 | train_profit=-1.620397 (-162,040 PHP) val_profit=-0.112122 (-11,212 PHP) | train_geo=-0.864210 (-86,421 PHP) val_geo=-0.164047 (-16,405 PHP)
Epoch 029/50 | [MSE] train_loss=0.000523 val_loss=0.000424 | train_profit=-1.890640 (-189,064 PHP) val_profit=-0.092292 (-9,229 PHP) | train_geo=-0.896405 (-89,640 PHP) val_geo=-0.147230 (-14,723 PHP)
Epoch 030/50 | [MSE] train_loss=0.000520 val_loss=0.000425 | train_profit=-1.375233 (-137,523 PHP) val_profit=-0.030320 (-3,032 PHP) | train_geo=-0.826253 (-82,625 PHP) val_geo=-0.092731 (-9,273 PHP)
Epoch 031/50 | [MSE] train_loss=0.000522 val_loss=0.000423 | train_profit=-2.005578 (-200,558 PHP) val_profit=-0.068322 (-6,832 PHP) | train_geo=-0.907601 (-90,760 PHP) val_geo=-0.126534 (-12,653 PHP)
Epoch 032/50 | [MSE] train_loss=0.000519 val_loss=0.000425 | train_profit=-0.487214 (-48,721 PHP) val_profit=-0.029498 (-2,950 PHP) | train_geo=-0.576095 (-57,609 PHP) val_geo=-0.091914 (-9,191 PHP)
Epoch 033/50 | [MSE] train_loss=0.000519 val_loss=0.000425 | train_profit=-1.069554 (-106,955 PHP) val_profit=-0.068322 (-6,832 PHP) | train_geo=-0.763658 (-76,366 PHP) val_geo=-0.126534 (-12,653 PHP)
Epoch 034/50 | [MSE] train_loss=0.000517 val_loss=0.000424 | train_profit=-0.716945 (-71,695 PHP) val_profit=0.205220 (+20,522 PHP) | train_geo=-0.663632 (-66,363 PHP) val_geo=0.149916 (+14,992 PHP)
Epoch 035/50 | [MSE] train_loss=0.000518 val_loss=0.000423 | train_profit=-0.918117 (-91,812 PHP) val_profit=-0.174245 (-17,424 PHP) | train_geo=-0.725155 (-72,516 PHP) val_geo=-0.214438 (-21,444 PHP)
Epoch 036/50 | [MSE] train_loss=0.000516 val_loss=0.000425 | train_profit=-1.519074 (-151,907 PHP) val_profit=-0.092292 (-9,229 PHP) | train_geo=-0.849616 (-84,962 PHP) val_geo=-0.147230 (-14,723 PHP)
Epoch 037/50 | [MSE] train_loss=0.000519 val_loss=0.000424 | train_profit=-1.385235 (-138,523 PHP) val_profit=-0.048492 (-4,849 PHP) | train_geo=-0.827707 (-82,771 PHP) val_geo=-0.108963 (-10,896 PHP)
Epoch 038/50 | [MSE] train_loss=0.000520 val_loss=0.000425 | train_profit=-1.013989 (-101,399 PHP) val_profit=-0.092292 (-9,229 PHP) | train_geo=-0.750471 (-75,047 PHP) val_geo=-0.147230 (-14,723 PHP)
Epoch 039/50 | [MSE] train_loss=0.000515 val_loss=0.000424 | train_profit=-1.086969 (-108,697 PHP) val_profit=-0.118147 (-11,815 PHP) | train_geo=-0.767948 (-76,795 PHP) val_geo=-0.169082 (-16,908 PHP)
Epoch 040/50 | [MSE] train_loss=0.000519 val_loss=0.000424 | train_profit=-1.328695 (-132,869 PHP) val_profit=-0.036193 (-3,619 PHP) | train_geo=-0.817709 (-81,771 PHP) val_geo=-0.097994 (-9,799 PHP)
Epoch 041/50 | [MSE] train_loss=0.000518 val_loss=0.000424 | train_profit=-1.742471 (-174,247 PHP) val_profit=-0.092292 (-9,229 PHP) | train_geo=-0.879831 (-87,983 PHP) val_geo=-0.147230 (-14,723 PHP)
Epoch 042/50 | [MSE] train_loss=0.000518 val_loss=0.000424 | train_profit=-1.173793 (-117,379 PHP) val_profit=-0.048492 (-4,849 PHP) | train_geo=-0.787239 (-78,724 PHP) val_geo=-0.108963 (-10,896 PHP)
Epoch 043/50 | [MSE] train_loss=0.000515 val_loss=0.000424 | train_profit=-0.806860 (-80,686 PHP) val_profit=-0.092292 (-9,229 PHP) | train_geo=-0.692554 (-69,255 PHP) val_geo=-0.147230 (-14,723 PHP)
Epoch 044/50 | [MSE] train_loss=0.000514 val_loss=0.000423 | train_profit=-1.006616 (-100,662 PHP) val_profit=-0.030320 (-3,032 PHP) | train_geo=-0.748348 (-74,835 PHP) val_geo=-0.092731 (-9,273 PHP)
Epoch 045/50 | [MSE] train_loss=0.000516 val_loss=0.000425 | train_profit=-1.386993 (-138,699 PHP) val_profit=-0.092292 (-9,229 PHP) | train_geo=-0.828129 (-82,813 PHP) val_geo=-0.147230 (-14,723 PHP)
Epoch 046/50 | [MSE] train_loss=0.000515 val_loss=0.000424 | train_profit=-1.805631 (-180,563 PHP) val_profit=-0.092292 (-9,229 PHP) | train_geo=-0.886902 (-88,690 PHP) val_geo=-0.147230 (-14,723 PHP)
Epoch 047/50 | [MSE] train_loss=0.000516 val_loss=0.000425 | train_profit=-1.174252 (-117,425 PHP) val_profit=-0.048492 (-4,849 PHP) | train_geo=-0.787418 (-78,742 PHP) val_geo=-0.108963 (-10,896 PHP)
Epoch 048/50 | [MSE] train_loss=0.000515 val_loss=0.000424 | train_profit=-1.434681 (-143,468 PHP) val_profit=-0.130445 (-13,045 PHP) | train_geo=-0.835949 (-83,595 PHP) val_geo=-0.179186 (-17,919 PHP)
Epoch 049/50 | [MSE] train_loss=0.000516 val_loss=0.000423 | train_profit=-1.199333 (-119,933 PHP) val_profit=-0.092292 (-9,229 PHP) | train_geo=-0.792562 (-79,256 PHP) val_geo=-0.147230 (-14,723 PHP)
Epoch 050/50 | [MSE] train_loss=0.000512 val_loss=0.000425 | train_profit=-0.731254 (-73,125 PHP) val_profit=-0.092292 (-9,229 PHP) | train_geo=-0.668130 (-66,813 PHP) val_geo=-0.147230 (-14,723 PHP)
[13/23] AMZN       (mid   ) mse           dir_acc=0.530 cum_ret=+0.3049 geo_ret=+0.2682 sharpe=+0.732 (buy&hold=+0.2557) [3.6s]
Epoch 001/50 | train_loss=-0.000223 val_loss=0.000869 | train_profit=1.592836 (+159,284 PHP) val_profit=-0.050913 (-5,091 PHP) | train_geo=2.396745 (+239,674 PHP) val_geo=-0.111037 (-11,104 PHP)
Epoch 002/50 | train_loss=0.001304 val_loss=0.001335 | train_profit=-0.667149 (-66,715 PHP) val_profit=-0.256778 (-25,678 PHP) | train_geo=-0.647499 (-64,750 PHP) val_geo=-0.276365 (-27,636 PHP)
Epoch 003/50 | train_loss=0.001025 val_loss=0.000072 | train_profit=-0.358556 (-35,856 PHP) val_profit=0.064902 (+6,490 PHP) | train_geo=-0.519700 (-51,970 PHP) val_geo=-0.001320 (-132 PHP)
Epoch 004/50 | train_loss=0.001154 val_loss=0.000890 | train_profit=-0.772892 (-77,289 PHP) val_profit=-0.079940 (-7,994 PHP) | train_geo=-0.682695 (-68,270 PHP) val_geo=-0.136097 (-13,610 PHP)
Epoch 005/50 | train_loss=0.000639 val_loss=-0.000695 | train_profit=0.274080 (+27,408 PHP) val_profit=0.429454 (+42,945 PHP) | train_geo=-0.095610 (-9,561 PHP) val_geo=0.438256 (+43,826 PHP)
Epoch 006/50 | train_loss=-0.000220 val_loss=0.001773 | train_profit=1.017838 (+101,784 PHP) val_profit=-0.373537 (-37,354 PHP) | train_geo=0.908700 (+90,870 PHP) val_geo=-0.356523 (-35,652 PHP)
Epoch 007/50 | train_loss=0.000028 val_loss=0.000263 | train_profit=1.033477 (+103,348 PHP) val_profit=0.221865 (+22,187 PHP) | train_geo=0.936945 (+93,694 PHP) val_geo=0.168607 (+16,861 PHP)
Epoch 008/50 | train_loss=-0.000265 val_loss=0.000534 | train_profit=1.103545 (+110,354 PHP) val_profit=0.023021 (+2,302 PHP) | train_geo=1.077563 (+107,756 PHP) val_geo=-0.043074 (-4,307 PHP)
Epoch 009/50 | train_loss=-0.000434 val_loss=0.000340 | train_profit=0.934854 (+93,485 PHP) val_profit=-0.076476 (-7,648 PHP) | train_geo=0.754915 (+75,491 PHP) val_geo=-0.133672 (-13,367 PHP)
Epoch 010/50 | train_loss=-0.000568 val_loss=-0.000251 | train_profit=1.095791 (+109,579 PHP) val_profit=0.221865 (+22,187 PHP) | train_geo=1.061552 (+106,155 PHP) val_geo=0.168607 (+16,861 PHP)
Epoch 011/50 | train_loss=-0.000465 val_loss=0.000060 | train_profit=1.127938 (+112,794 PHP) val_profit=0.237223 (+23,722 PHP) | train_geo=1.128391 (+112,839 PHP) val_geo=0.186883 (+18,688 PHP)
Epoch 012/50 | train_loss=-0.000316 val_loss=0.000094 | train_profit=1.098465 (+109,847 PHP) val_profit=0.221865 (+22,187 PHP) | train_geo=1.067203 (+106,720 PHP) val_geo=0.168607 (+16,861 PHP)
Epoch 013/50 | train_loss=-0.000386 val_loss=-0.000267 | train_profit=1.158316 (+115,832 PHP) val_profit=0.221865 (+22,187 PHP) | train_geo=1.194662 (+119,466 PHP) val_geo=0.168607 (+16,861 PHP)
Epoch 014/50 | train_loss=-0.000570 val_loss=0.000020 | train_profit=1.020678 (+102,068 PHP) val_profit=0.237223 (+23,722 PHP) | train_geo=0.912306 (+91,231 PHP) val_geo=0.186883 (+18,688 PHP)
Epoch 015/50 | train_loss=-0.000596 val_loss=-0.000250 | train_profit=1.227830 (+122,783 PHP) val_profit=0.221865 (+22,187 PHP) | train_geo=1.353218 (+135,322 PHP) val_geo=0.168607 (+16,861 PHP)
Epoch 016/50 | train_loss=-0.000615 val_loss=-0.000137 | train_profit=1.105181 (+110,518 PHP) val_profit=0.221865 (+22,187 PHP) | train_geo=1.081010 (+108,101 PHP) val_geo=0.168607 (+16,861 PHP)
Epoch 017/50 | train_loss=-0.000728 val_loss=-0.000335 | train_profit=1.098465 (+109,847 PHP) val_profit=0.221865 (+22,187 PHP) | train_geo=1.067203 (+106,720 PHP) val_geo=0.168607 (+16,861 PHP)
Epoch 018/50 | train_loss=-0.000733 val_loss=-0.000310 | train_profit=1.158316 (+115,832 PHP) val_profit=0.221865 (+22,187 PHP) | train_geo=1.194662 (+119,466 PHP) val_geo=0.168607 (+16,861 PHP)
Epoch 019/50 | train_loss=-0.000676 val_loss=-0.000149 | train_profit=1.158316 (+115,832 PHP) val_profit=0.221865 (+22,187 PHP) | train_geo=1.194662 (+119,466 PHP) val_geo=0.168607 (+16,861 PHP)
Epoch 020/50 | train_loss=-0.000705 val_loss=-0.000395 | train_profit=1.158316 (+115,832 PHP) val_profit=0.221865 (+22,187 PHP) | train_geo=1.194662 (+119,466 PHP) val_geo=0.168607 (+16,861 PHP)
Epoch 021/50 | train_loss=-0.000696 val_loss=-0.000238 | train_profit=1.158316 (+115,832 PHP) val_profit=0.221865 (+22,187 PHP) | train_geo=1.194662 (+119,466 PHP) val_geo=0.168607 (+16,861 PHP)
Epoch 022/50 | train_loss=-0.000696 val_loss=-0.000355 | train_profit=1.158316 (+115,832 PHP) val_profit=0.221865 (+22,187 PHP) | train_geo=1.194662 (+119,466 PHP) val_geo=0.168607 (+16,861 PHP)
Epoch 023/50 | train_loss=-0.000698 val_loss=-0.000057 | train_profit=1.177514 (+117,751 PHP) val_profit=0.221865 (+22,187 PHP) | train_geo=1.237304 (+123,730 PHP) val_geo=0.168607 (+16,861 PHP)
Epoch 024/50 | train_loss=-0.000693 val_loss=-0.000334 | train_profit=1.098465 (+109,847 PHP) val_profit=0.221865 (+22,187 PHP) | train_geo=1.067203 (+106,720 PHP) val_geo=0.168607 (+16,861 PHP)
Epoch 025/50 | train_loss=-0.000675 val_loss=-0.000049 | train_profit=1.298282 (+129,828 PHP) val_profit=0.153954 (+15,395 PHP) | train_geo=1.524986 (+152,499 PHP) val_geo=0.091799 (+9,180 PHP)
Epoch 026/50 | train_loss=-0.000667 val_loss=-0.000360 | train_profit=1.158316 (+115,832 PHP) val_profit=0.221865 (+22,187 PHP) | train_geo=1.194662 (+119,466 PHP) val_geo=0.168607 (+16,861 PHP)
Epoch 027/50 | train_loss=-0.000715 val_loss=-0.000100 | train_profit=1.185399 (+118,540 PHP) val_profit=0.221865 (+22,187 PHP) | train_geo=1.254982 (+125,498 PHP) val_geo=0.168607 (+16,861 PHP)
Epoch 028/50 | train_loss=-0.000682 val_loss=-0.000325 | train_profit=1.158316 (+115,832 PHP) val_profit=0.221865 (+22,187 PHP) | train_geo=1.194662 (+119,466 PHP) val_geo=0.168607 (+16,861 PHP)
Epoch 029/50 | train_loss=-0.000707 val_loss=-0.000160 | train_profit=1.167938 (+116,794 PHP) val_profit=0.221865 (+22,187 PHP) | train_geo=1.215939 (+121,594 PHP) val_geo=0.168607 (+16,861 PHP)
Epoch 030/50 | train_loss=-0.000754 val_loss=-0.000037 | train_profit=1.158316 (+115,832 PHP) val_profit=0.153954 (+15,395 PHP) | train_geo=1.194662 (+119,466 PHP) val_geo=0.091799 (+9,180 PHP)
Epoch 031/50 | train_loss=-0.000573 val_loss=0.000417 | train_profit=1.040219 (+104,022 PHP) val_profit=-0.089697 (-8,970 PHP) | train_geo=0.949517 (+94,952 PHP) val_geo=-0.145041 (-14,504 PHP)
Epoch 032/50 | train_loss=-0.000631 val_loss=-0.000344 | train_profit=1.126720 (+112,672 PHP) val_profit=0.221865 (+22,187 PHP) | train_geo=1.126524 (+112,652 PHP) val_geo=0.168607 (+16,861 PHP)
Epoch 033/50 | train_loss=-0.000717 val_loss=-0.000394 | train_profit=1.158316 (+115,832 PHP) val_profit=0.221865 (+22,187 PHP) | train_geo=1.194662 (+119,466 PHP) val_geo=0.168607 (+16,861 PHP)
Epoch 034/50 | train_loss=-0.000736 val_loss=-0.000251 | train_profit=1.158316 (+115,832 PHP) val_profit=0.221865 (+22,187 PHP) | train_geo=1.194662 (+119,466 PHP) val_geo=0.168607 (+16,861 PHP)
Epoch 035/50 | train_loss=-0.000707 val_loss=0.000164 | train_profit=1.158344 (+115,834 PHP) val_profit=0.014596 (+1,460 PHP) | train_geo=1.194888 (+119,489 PHP) val_geo=-0.051054 (-5,105 PHP)
Epoch 036/50 | train_loss=-0.000732 val_loss=0.000049 | train_profit=1.219790 (+121,979 PHP) val_profit=0.153954 (+15,395 PHP) | train_geo=1.334701 (+133,470 PHP) val_geo=0.091799 (+9,180 PHP)
Epoch 037/50 | train_loss=-0.000598 val_loss=0.000506 | train_profit=1.147924 (+114,792 PHP) val_profit=-0.089697 (-8,970 PHP) | train_geo=1.171778 (+117,178 PHP) val_geo=-0.145041 (-14,504 PHP)
Epoch 038/50 | train_loss=-0.000638 val_loss=-0.000261 | train_profit=1.229516 (+122,952 PHP) val_profit=0.221865 (+22,187 PHP) | train_geo=1.357409 (+135,741 PHP) val_geo=0.168607 (+16,861 PHP)
Epoch 039/50 | train_loss=-0.000737 val_loss=0.000519 | train_profit=1.331248 (+133,125 PHP) val_profit=-0.039873 (-3,987 PHP) | train_geo=1.609538 (+160,954 PHP) val_geo=-0.101262 (-10,126 PHP)
Epoch 040/50 | train_loss=-0.000716 val_loss=0.000777 | train_profit=1.274893 (+127,489 PHP) val_profit=-0.102667 (-10,267 PHP) | train_geo=1.465743 (+146,574 PHP) val_geo=-0.156010 (-15,601 PHP)
Epoch 041/50 | train_loss=-0.000723 val_loss=0.000072 | train_profit=1.043678 (+104,368 PHP) val_profit=-0.072673 (-7,267 PHP) | train_geo=0.956839 (+95,684 PHP) val_geo=-0.130576 (-13,058 PHP)
Epoch 042/50 | train_loss=-0.000900 val_loss=0.000699 | train_profit=1.409125 (+140,913 PHP) val_profit=-0.102667 (-10,267 PHP) | train_geo=1.820173 (+182,017 PHP) val_geo=-0.156010 (-15,601 PHP)
Epoch 043/50 | train_loss=-0.000760 val_loss=0.000178 | train_profit=1.098437 (+109,844 PHP) val_profit=-0.072673 (-7,267 PHP) | train_geo=1.067316 (+106,732 PHP) val_geo=-0.130576 (-13,058 PHP)
Epoch 044/50 | train_loss=-0.000861 val_loss=0.000804 | train_profit=1.058287 (+105,829 PHP) val_profit=-0.173436 (-17,344 PHP) | train_geo=0.984788 (+98,479 PHP) val_geo=-0.213750 (-21,375 PHP)
Epoch 045/50 | train_loss=-0.000811 val_loss=0.000697 | train_profit=1.290177 (+129,018 PHP) val_profit=-0.184620 (-18,462 PHP) | train_geo=1.504267 (+150,427 PHP) val_geo=-0.222526 (-22,253 PHP)
Epoch 046/50 | train_loss=-0.000936 val_loss=0.000736 | train_profit=1.543851 (+154,385 PHP) val_profit=-0.258649 (-25,865 PHP) | train_geo=2.228749 (+222,875 PHP) val_geo=-0.278051 (-27,805 PHP)
Epoch 047/50 | train_loss=-0.001012 val_loss=0.000712 | train_profit=1.670663 (+167,066 PHP) val_profit=-0.102667 (-10,267 PHP) | train_geo=2.671613 (+267,161 PHP) val_geo=-0.156010 (-15,601 PHP)
Epoch 048/50 | train_loss=-0.001066 val_loss=0.000731 | train_profit=1.847680 (+184,768 PHP) val_profit=-0.102667 (-10,267 PHP) | train_geo=3.383361 (+338,336 PHP) val_geo=-0.156010 (-15,601 PHP)
Epoch 049/50 | train_loss=-0.001014 val_loss=0.000735 | train_profit=1.533372 (+153,337 PHP) val_profit=-0.133497 (-13,350 PHP) | train_geo=2.195107 (+219,511 PHP) val_geo=-0.181758 (-18,176 PHP)
Epoch 050/50 | train_loss=-0.001199 val_loss=0.000431 | train_profit=1.831159 (+183,116 PHP) val_profit=-0.039873 (-3,987 PHP) | train_geo=3.311826 (+331,183 PHP) val_geo=-0.101262 (-10,126 PHP)
[13/23] AMZN       (mid   ) profit-aware  dir_acc=0.533 cum_ret=+0.2371 geo_ret=+0.1849 sharpe=+0.569 (buy&hold=+0.2557) [4.3s]
Epoch 001/50 | [PROFIT-LOG] train_loss=-0.000627 val_loss=-0.000002 | train_profit=1.550577 (+155,058 PHP) val_profit=0.167609 (+16,761 PHP) | train_geo=2.254498 (+225,450 PHP) val_geo=0.106166 (+10,617 PHP)
Epoch 002/50 | [PROFIT-LOG] train_loss=-0.000143 val_loss=0.000771 | train_profit=0.546400 (+54,640 PHP) val_profit=-0.190484 (-19,048 PHP) | train_geo=0.189342 (+18,934 PHP) val_geo=-0.227097 (-22,710 PHP)
Epoch 003/50 | [PROFIT-LOG] train_loss=0.000252 val_loss=0.000377 | train_profit=0.199244 (+19,924 PHP) val_profit=-0.156973 (-15,697 PHP) | train_geo=-0.160102 (-16,010 PHP) val_geo=-0.200533 (-20,053 PHP)
Epoch 004/50 | [PROFIT-LOG] train_loss=-0.000256 val_loss=0.000849 | train_profit=0.827655 (+82,765 PHP) val_profit=-0.118721 (-11,872 PHP) | train_geo=0.574405 (+57,440 PHP) val_geo=-0.169280 (-16,928 PHP)
Epoch 005/50 | [PROFIT-LOG] train_loss=-0.000193 val_loss=0.000848 | train_profit=0.785742 (+78,574 PHP) val_profit=-0.244136 (-24,414 PHP) | train_geo=0.510366 (+51,037 PHP) val_geo=-0.267515 (-26,751 PHP)
Epoch 006/50 | [PROFIT-LOG] train_loss=-0.000306 val_loss=0.001045 | train_profit=1.014656 (+101,466 PHP) val_profit=-0.294415 (-29,442 PHP) | train_geo=0.898619 (+89,862 PHP) val_geo=-0.303505 (-30,350 PHP)
Epoch 007/50 | [PROFIT-LOG] train_loss=-0.000315 val_loss=0.000310 | train_profit=0.736403 (+73,640 PHP) val_profit=-0.015323 (-1,532 PHP) | train_geo=0.437241 (+43,724 PHP) val_geo=-0.078690 (-7,869 PHP)
Epoch 008/50 | [PROFIT-LOG] train_loss=0.000248 val_loss=0.000464 | train_profit=0.328114 (+32,811 PHP) val_profit=-0.007978 (-798 PHP) | train_geo=-0.045121 (-4,512 PHP) val_geo=-0.071644 (-7,164 PHP)
Epoch 009/50 | [PROFIT-LOG] train_loss=-0.000659 val_loss=0.000784 | train_profit=0.887844 (+88,784 PHP) val_profit=-0.171347 (-17,135 PHP) | train_geo=0.673039 (+67,304 PHP) val_geo=-0.212133 (-21,213 PHP)
Epoch 010/50 | [PROFIT-LOG] train_loss=-0.001170 val_loss=0.000335 | train_profit=1.665208 (+166,521 PHP) val_profit=-0.046568 (-4,657 PHP) | train_geo=2.650996 (+265,100 PHP) val_geo=-0.107281 (-10,728 PHP)
Epoch 011/50 | [PROFIT-LOG] train_loss=-0.001093 val_loss=0.001055 | train_profit=1.571323 (+157,132 PHP) val_profit=-0.242116 (-24,212 PHP) | train_geo=2.318095 (+231,810 PHP) val_geo=-0.266032 (-26,603 PHP)
Epoch 012/50 | [PROFIT-LOG] train_loss=-0.000977 val_loss=0.000618 | train_profit=1.322561 (+132,256 PHP) val_profit=-0.159906 (-15,991 PHP) | train_geo=1.591098 (+159,110 PHP) val_geo=-0.203205 (-20,321 PHP)
Epoch 013/50 | [PROFIT-LOG] train_loss=-0.001191 val_loss=0.000087 | train_profit=1.780819 (+178,082 PHP) val_profit=0.152460 (+15,246 PHP) | train_geo=3.100976 (+310,098 PHP) val_geo=0.090509 (+9,051 PHP)
Epoch 014/50 | [PROFIT-LOG] train_loss=-0.001232 val_loss=0.000734 | train_profit=1.769550 (+176,955 PHP) val_profit=-0.172204 (-17,220 PHP) | train_geo=3.052949 (+305,295 PHP) val_geo=-0.212895 (-21,289 PHP)
Epoch 015/50 | [PROFIT-LOG] train_loss=-0.001133 val_loss=0.000752 | train_profit=1.639008 (+163,901 PHP) val_profit=-0.172204 (-17,220 PHP) | train_geo=2.556817 (+255,682 PHP) val_geo=-0.212895 (-21,289 PHP)
Epoch 016/50 | [PROFIT-LOG] train_loss=-0.001182 val_loss=0.000359 | train_profit=1.630769 (+163,077 PHP) val_profit=-0.087081 (-8,708 PHP) | train_geo=2.528331 (+252,833 PHP) val_geo=-0.143050 (-14,305 PHP)
Epoch 017/50 | [PROFIT-LOG] train_loss=-0.001003 val_loss=0.000837 | train_profit=1.518168 (+151,817 PHP) val_profit=-0.182579 (-18,258 PHP) | train_geo=2.145517 (+214,552 PHP) val_geo=-0.220999 (-22,100 PHP)
Epoch 018/50 | [PROFIT-LOG] train_loss=-0.001233 val_loss=0.000256 | train_profit=1.695237 (+169,524 PHP) val_profit=0.002631 (+263 PHP) | train_geo=2.763112 (+276,311 PHP) val_geo=-0.062242 (-6,224 PHP)
Epoch 019/50 | [PROFIT-LOG] train_loss=-0.000803 val_loss=-0.000008 | train_profit=1.207712 (+120,771 PHP) val_profit=0.067901 (+6,790 PHP) | train_geo=1.306156 (+130,616 PHP) val_geo=0.000874 (+87 PHP)
Epoch 020/50 | [PROFIT-LOG] train_loss=-0.000805 val_loss=-0.000478 | train_profit=1.214696 (+121,470 PHP) val_profit=0.221865 (+22,187 PHP) | train_geo=1.322354 (+132,235 PHP) val_geo=0.168607 (+16,861 PHP)
Epoch 021/50 | [PROFIT-LOG] train_loss=-0.000760 val_loss=-0.000479 | train_profit=1.154760 (+115,476 PHP) val_profit=0.221865 (+22,187 PHP) | train_geo=1.186913 (+118,691 PHP) val_geo=0.168607 (+16,861 PHP)
Epoch 022/50 | [PROFIT-LOG] train_loss=-0.000768 val_loss=-0.000314 | train_profit=1.154760 (+115,476 PHP) val_profit=0.153954 (+15,395 PHP) | train_geo=1.186913 (+118,691 PHP) val_geo=0.091799 (+9,180 PHP)
Epoch 023/50 | [PROFIT-LOG] train_loss=-0.001345 val_loss=0.000427 | train_profit=1.937812 (+193,781 PHP) val_profit=-0.046568 (-4,657 PHP) | train_geo=3.796907 (+379,691 PHP) val_geo=-0.107281 (-10,728 PHP)
Epoch 024/50 | [PROFIT-LOG] train_loss=-0.001277 val_loss=0.000528 | train_profit=1.840682 (+184,068 PHP) val_profit=-0.125822 (-12,582 PHP) | train_geo=3.354137 (+335,414 PHP) val_geo=-0.175476 (-17,548 PHP)
Epoch 025/50 | [PROFIT-LOG] train_loss=-0.001073 val_loss=0.001013 | train_profit=1.753415 (+175,342 PHP) val_profit=-0.260021 (-26,002 PHP) | train_geo=2.988927 (+298,893 PHP) val_geo=-0.279153 (-27,915 PHP)
Epoch 026/50 | [PROFIT-LOG] train_loss=-0.001187 val_loss=0.000382 | train_profit=1.801968 (+180,197 PHP) val_profit=-0.036193 (-3,619 PHP) | train_geo=3.188371 (+318,837 PHP) val_geo=-0.097994 (-9,799 PHP)
Epoch 027/50 | [PROFIT-LOG] train_loss=-0.001292 val_loss=0.000365 | train_profit=1.863886 (+186,389 PHP) val_profit=-0.046568 (-4,657 PHP) | train_geo=3.455125 (+345,512 PHP) val_geo=-0.107281 (-10,728 PHP)
Epoch 028/50 | [PROFIT-LOG] train_loss=-0.001096 val_loss=0.000954 | train_profit=1.572491 (+157,249 PHP) val_profit=-0.223119 (-22,312 PHP) | train_geo=2.327770 (+232,777 PHP) val_geo=-0.252043 (-25,204 PHP)
Epoch 029/50 | [PROFIT-LOG] train_loss=-0.000553 val_loss=-0.000162 | train_profit=1.122439 (+112,244 PHP) val_profit=0.116873 (+11,687 PHP) | train_geo=1.119666 (+111,967 PHP) val_geo=0.051844 (+5,184 PHP)
Epoch 030/50 | [PROFIT-LOG] train_loss=-0.000608 val_loss=-0.000791 | train_profit=1.477439 (+147,744 PHP) val_profit=0.315475 (+31,548 PHP) | train_geo=2.020999 (+202,100 PHP) val_geo=0.284424 (+28,442 PHP)
Epoch 031/50 | [PROFIT-LOG] train_loss=-0.000872 val_loss=-0.000551 | train_profit=1.726416 (+172,642 PHP) val_profit=0.280913 (+28,091 PHP) | train_geo=2.882982 (+288,298 PHP) val_geo=0.240714 (+24,071 PHP)
Epoch 032/50 | [PROFIT-LOG] train_loss=-0.001270 val_loss=0.000870 | train_profit=1.924034 (+192,403 PHP) val_profit=-0.218704 (-21,870 PHP) | train_geo=3.734080 (+373,408 PHP) val_geo=-0.248730 (-24,873 PHP)
Epoch 033/50 | [PROFIT-LOG] train_loss=-0.001203 val_loss=0.000962 | train_profit=1.713334 (+171,333 PHP) val_profit=-0.206406 (-20,641 PHP) | train_geo=2.832153 (+283,215 PHP) val_geo=-0.239481 (-23,948 PHP)
Epoch 034/50 | [PROFIT-LOG] train_loss=-0.001216 val_loss=0.000791 | train_profit=1.725436 (+172,544 PHP) val_profit=-0.182579 (-18,258 PHP) | train_geo=2.878374 (+287,837 PHP) val_geo=-0.220999 (-22,100 PHP)
Epoch 035/50 | [PROFIT-LOG] train_loss=-0.000857 val_loss=0.000597 | train_profit=1.599623 (+159,962 PHP) val_profit=-0.182579 (-18,258 PHP) | train_geo=2.419291 (+241,929 PHP) val_geo=-0.220999 (-22,100 PHP)
Epoch 036/50 | [PROFIT-LOG] train_loss=-0.000770 val_loss=-0.000482 | train_profit=1.173105 (+117,310 PHP) val_profit=0.221865 (+22,187 PHP) | train_geo=1.227566 (+122,757 PHP) val_geo=0.168607 (+16,861 PHP)
Epoch 037/50 | [PROFIT-LOG] train_loss=-0.000762 val_loss=-0.000482 | train_profit=1.158316 (+115,832 PHP) val_profit=0.221865 (+22,187 PHP) | train_geo=1.194662 (+119,466 PHP) val_geo=0.168607 (+16,861 PHP)
Epoch 038/50 | [PROFIT-LOG] train_loss=-0.000762 val_loss=-0.000482 | train_profit=1.158316 (+115,832 PHP) val_profit=0.221865 (+22,187 PHP) | train_geo=1.194662 (+119,466 PHP) val_geo=0.168607 (+16,861 PHP)
Epoch 039/50 | [PROFIT-LOG] train_loss=-0.000762 val_loss=-0.000482 | train_profit=1.158316 (+115,832 PHP) val_profit=0.221865 (+22,187 PHP) | train_geo=1.194662 (+119,466 PHP) val_geo=0.168607 (+16,861 PHP)
Epoch 040/50 | [PROFIT-LOG] train_loss=-0.000762 val_loss=-0.000482 | train_profit=1.158316 (+115,832 PHP) val_profit=0.221865 (+22,187 PHP) | train_geo=1.194662 (+119,466 PHP) val_geo=0.168607 (+16,861 PHP)
Epoch 041/50 | [PROFIT-LOG] train_loss=-0.000762 val_loss=-0.000482 | train_profit=1.158316 (+115,832 PHP) val_profit=0.221865 (+22,187 PHP) | train_geo=1.194662 (+119,466 PHP) val_geo=0.168607 (+16,861 PHP)
Epoch 042/50 | [PROFIT-LOG] train_loss=-0.000762 val_loss=-0.000482 | train_profit=1.158316 (+115,832 PHP) val_profit=0.221865 (+22,187 PHP) | train_geo=1.194662 (+119,466 PHP) val_geo=0.168607 (+16,861 PHP)
Epoch 043/50 | [PROFIT-LOG] train_loss=-0.000762 val_loss=-0.000482 | train_profit=1.158316 (+115,832 PHP) val_profit=0.221865 (+22,187 PHP) | train_geo=1.194662 (+119,466 PHP) val_geo=0.168607 (+16,861 PHP)
Epoch 044/50 | [PROFIT-LOG] train_loss=-0.000762 val_loss=-0.000482 | train_profit=1.158316 (+115,832 PHP) val_profit=0.221865 (+22,187 PHP) | train_geo=1.194662 (+119,466 PHP) val_geo=0.168607 (+16,861 PHP)
Epoch 045/50 | [PROFIT-LOG] train_loss=-0.000762 val_loss=-0.000482 | train_profit=1.158316 (+115,832 PHP) val_profit=0.221865 (+22,187 PHP) | train_geo=1.194662 (+119,466 PHP) val_geo=0.168607 (+16,861 PHP)
Epoch 046/50 | [PROFIT-LOG] train_loss=-0.000762 val_loss=-0.000482 | train_profit=1.158316 (+115,832 PHP) val_profit=0.221865 (+22,187 PHP) | train_geo=1.194662 (+119,466 PHP) val_geo=0.168607 (+16,861 PHP)
Epoch 047/50 | [PROFIT-LOG] train_loss=-0.000762 val_loss=-0.000482 | train_profit=1.158316 (+115,832 PHP) val_profit=0.221865 (+22,187 PHP) | train_geo=1.194662 (+119,466 PHP) val_geo=0.168607 (+16,861 PHP)
Epoch 048/50 | [PROFIT-LOG] train_loss=-0.000762 val_loss=-0.000482 | train_profit=1.158316 (+115,832 PHP) val_profit=0.221865 (+22,187 PHP) | train_geo=1.194662 (+119,466 PHP) val_geo=0.168607 (+16,861 PHP)
Epoch 049/50 | [PROFIT-LOG] train_loss=-0.000762 val_loss=-0.000482 | train_profit=1.158316 (+115,832 PHP) val_profit=0.221865 (+22,187 PHP) | train_geo=1.194662 (+119,466 PHP) val_geo=0.168607 (+16,861 PHP)
Epoch 050/50 | [PROFIT-LOG] train_loss=-0.000762 val_loss=-0.000482 | train_profit=1.158316 (+115,832 PHP) val_profit=0.221865 (+22,187 PHP) | train_geo=1.194662 (+119,466 PHP) val_geo=0.168607 (+16,861 PHP)
[13/23] AMZN       (mid   ) profit-log    dir_acc=0.524 cum_ret=+0.2940 geo_ret=+0.2545 sharpe=+0.706 (buy&hold=+0.2557) [4.6s]
Epoch 001/50 | [MSE] train_loss=0.000266 val_loss=0.000230 | train_profit=-0.553603 (-55,360 PHP) val_profit=0.425670 (+42,567 PHP) | train_geo=-0.501748 (-50,175 PHP) val_geo=0.479826 (+47,983 PHP)
Epoch 002/50 | [MSE] train_loss=0.000208 val_loss=0.000222 | train_profit=-1.178851 (-117,885 PHP) val_profit=-0.352232 (-35,223 PHP) | train_geo=-0.732991 (-73,299 PHP) val_geo=-0.320761 (-32,076 PHP)
Epoch 003/50 | [MSE] train_loss=0.000200 val_loss=0.000214 | train_profit=-0.853394 (-85,339 PHP) val_profit=0.539910 (+53,991 PHP) | train_geo=-0.630463 (-63,046 PHP) val_geo=0.658896 (+65,890 PHP)
Epoch 004/50 | [MSE] train_loss=0.000194 val_loss=0.000213 | train_profit=-1.059543 (-105,954 PHP) val_profit=0.529426 (+52,943 PHP) | train_geo=-0.699274 (-69,927 PHP) val_geo=0.641587 (+64,159 PHP)
Epoch 005/50 | [MSE] train_loss=0.000190 val_loss=0.000214 | train_profit=-0.454122 (-45,412 PHP) val_profit=0.326414 (+32,641 PHP) | train_geo=-0.448817 (-44,882 PHP) val_geo=0.340153 (+34,015 PHP)
Epoch 006/50 | [MSE] train_loss=0.000192 val_loss=0.000213 | train_profit=-0.387967 (-38,797 PHP) val_profit=0.399595 (+39,959 PHP) | train_geo=-0.410579 (-41,058 PHP) val_geo=0.441614 (+44,161 PHP)
Epoch 007/50 | [MSE] train_loss=0.000191 val_loss=0.000215 | train_profit=-1.076800 (-107,680 PHP) val_profit=0.197208 (+19,721 PHP) | train_geo=-0.704586 (-70,459 PHP) val_geo=0.177449 (+17,745 PHP)
Epoch 008/50 | [MSE] train_loss=0.000188 val_loss=0.000215 | train_profit=0.162351 (+16,235 PHP) val_profit=-0.246523 (-24,652 PHP) | train_geo=0.021650 (+2,165 PHP) val_geo=-0.245054 (-24,505 PHP)
Epoch 009/50 | [MSE] train_loss=0.000190 val_loss=0.000215 | train_profit=-0.475757 (-47,576 PHP) val_profit=-0.032309 (-3,231 PHP) | train_geo=-0.460984 (-46,098 PHP) val_geo=-0.064312 (-6,431 PHP)
Epoch 010/50 | [MSE] train_loss=0.000189 val_loss=0.000216 | train_profit=-0.574023 (-57,402 PHP) val_profit=-0.170887 (-17,089 PHP) | train_geo=-0.511402 (-51,140 PHP) val_geo=-0.185618 (-18,562 PHP)
Epoch 011/50 | [MSE] train_loss=0.000190 val_loss=0.000216 | train_profit=-1.083298 (-108,330 PHP) val_profit=-0.335748 (-33,575 PHP) | train_geo=-0.706748 (-70,675 PHP) val_geo=-0.309653 (-30,965 PHP)
Epoch 012/50 | [MSE] train_loss=0.000188 val_loss=0.000215 | train_profit=-0.253090 (-25,309 PHP) val_profit=-0.196112 (-19,611 PHP) | train_geo=-0.326993 (-32,699 PHP) val_geo=-0.206033 (-20,603 PHP)
Epoch 013/50 | [MSE] train_loss=0.000188 val_loss=0.000216 | train_profit=-0.552058 (-55,206 PHP) val_profit=-0.259799 (-25,980 PHP) | train_geo=-0.500857 (-50,086 PHP) val_geo=-0.255024 (-25,502 PHP)
Epoch 014/50 | [MSE] train_loss=0.000189 val_loss=0.000216 | train_profit=-1.089445 (-108,945 PHP) val_profit=-0.336750 (-33,675 PHP) | train_geo=-0.708627 (-70,863 PHP) val_geo=-0.310449 (-31,045 PHP)
Epoch 015/50 | [MSE] train_loss=0.000188 val_loss=0.000216 | train_profit=-0.385776 (-38,578 PHP) val_profit=-0.283510 (-28,351 PHP) | train_geo=-0.410127 (-41,013 PHP) val_geo=-0.272572 (-27,257 PHP)
Epoch 016/50 | [MSE] train_loss=0.000189 val_loss=0.000216 | train_profit=-0.889332 (-88,933 PHP) val_profit=-0.247532 (-24,753 PHP) | train_geo=-0.643890 (-64,389 PHP) val_geo=-0.245848 (-24,585 PHP)
Epoch 017/50 | [MSE] train_loss=0.000188 val_loss=0.000216 | train_profit=-0.695450 (-69,545 PHP) val_profit=0.022057 (+2,206 PHP) | train_geo=-0.567440 (-56,744 PHP) val_geo=-0.012147 (-1,215 PHP)
Epoch 018/50 | [MSE] train_loss=0.000189 val_loss=0.000214 | train_profit=-1.246948 (-124,695 PHP) val_profit=0.045282 (+4,528 PHP) | train_geo=-0.751132 (-75,113 PHP) val_geo=0.011245 (+1,125 PHP)
Epoch 019/50 | [MSE] train_loss=0.000188 val_loss=0.000215 | train_profit=-0.555924 (-55,592 PHP) val_profit=-0.368980 (-36,898 PHP) | train_geo=-0.502871 (-50,287 PHP) val_geo=-0.332274 (-33,227 PHP)
Epoch 020/50 | [MSE] train_loss=0.000187 val_loss=0.000215 | train_profit=-0.118427 (-11,843 PHP) val_profit=0.004878 (+488 PHP) | train_geo=-0.229390 (-22,939 PHP) val_geo=-0.028672 (-2,867 PHP)
Epoch 021/50 | [MSE] train_loss=0.000188 val_loss=0.000215 | train_profit=-0.267755 (-26,775 PHP) val_profit=-0.170452 (-17,045 PHP) | train_geo=-0.335806 (-33,581 PHP) val_geo=-0.185396 (-18,540 PHP)
Epoch 022/50 | [MSE] train_loss=0.000187 val_loss=0.000214 | train_profit=-0.390220 (-39,022 PHP) val_profit=0.173523 (+17,352 PHP) | train_geo=-0.412714 (-41,271 PHP) val_geo=0.149742 (+14,974 PHP)
Epoch 023/50 | [MSE] train_loss=0.000187 val_loss=0.000215 | train_profit=-0.201627 (-20,163 PHP) val_profit=-0.295631 (-29,563 PHP) | train_geo=-0.290633 (-29,063 PHP) val_geo=-0.281336 (-28,134 PHP)
Epoch 024/50 | [MSE] train_loss=0.000186 val_loss=0.000215 | train_profit=0.327188 (+32,719 PHP) val_profit=0.070428 (+7,043 PHP) | train_geo=0.205141 (+20,514 PHP) val_geo=0.037202 (+3,720 PHP)
Epoch 025/50 | [MSE] train_loss=0.000188 val_loss=0.000215 | train_profit=-0.436749 (-43,675 PHP) val_profit=0.007774 (+777 PHP) | train_geo=-0.439886 (-43,989 PHP) val_geo=-0.026060 (-2,606 PHP)
Epoch 026/50 | [MSE] train_loss=0.000187 val_loss=0.000215 | train_profit=-0.621493 (-62,149 PHP) val_profit=0.212624 (+21,262 PHP) | train_geo=-0.534222 (-53,422 PHP) val_geo=0.195724 (+19,572 PHP)
Epoch 027/50 | [MSE] train_loss=0.000187 val_loss=0.000215 | train_profit=0.386481 (+38,648 PHP) val_profit=0.037645 (+3,764 PHP) | train_geo=0.277546 (+27,755 PHP) val_geo=0.003705 (+371 PHP)
Epoch 028/50 | [MSE] train_loss=0.000188 val_loss=0.000216 | train_profit=0.129809 (+12,981 PHP) val_profit=-0.370381 (-37,038 PHP) | train_geo=-0.012034 (-1,203 PHP) val_geo=-0.333486 (-33,349 PHP)
Epoch 029/50 | [MSE] train_loss=0.000188 val_loss=0.000215 | train_profit=-0.117569 (-11,757 PHP) val_profit=-0.247367 (-24,737 PHP) | train_geo=-0.228369 (-22,837 PHP) val_geo=-0.245763 (-24,576 PHP)
Epoch 030/50 | [MSE] train_loss=0.000187 val_loss=0.000216 | train_profit=-0.900491 (-90,049 PHP) val_profit=-0.276563 (-27,656 PHP) | train_geo=-0.647934 (-64,793 PHP) val_geo=-0.267507 (-26,751 PHP)
Epoch 031/50 | [MSE] train_loss=0.000188 val_loss=0.000215 | train_profit=-0.451357 (-45,136 PHP) val_profit=0.157266 (+15,727 PHP) | train_geo=-0.448350 (-44,835 PHP) val_geo=0.131252 (+13,125 PHP)
Epoch 032/50 | [MSE] train_loss=0.000186 val_loss=0.000215 | train_profit=-0.213876 (-21,388 PHP) val_profit=0.082803 (+8,280 PHP) | train_geo=-0.299365 (-29,937 PHP) val_geo=0.049909 (+4,991 PHP)
Epoch 033/50 | [MSE] train_loss=0.000187 val_loss=0.000214 | train_profit=-0.329913 (-32,991 PHP) val_profit=0.208028 (+20,803 PHP) | train_geo=-0.376944 (-37,694 PHP) val_geo=0.190246 (+19,025 PHP)
Epoch 034/50 | [MSE] train_loss=0.000187 val_loss=0.000215 | train_profit=-0.739826 (-73,983 PHP) val_profit=0.000990 (+99 PHP) | train_geo=-0.586427 (-58,643 PHP) val_geo=-0.032583 (-3,258 PHP)
Epoch 035/50 | [MSE] train_loss=0.000186 val_loss=0.000216 | train_profit=-0.243618 (-24,362 PHP) val_profit=-0.273729 (-27,373 PHP) | train_geo=-0.320177 (-32,018 PHP) val_geo=-0.265457 (-26,546 PHP)
Epoch 036/50 | [MSE] train_loss=0.000188 val_loss=0.000215 | train_profit=-0.057508 (-5,751 PHP) val_profit=0.003934 (+393 PHP) | train_geo=-0.180661 (-18,066 PHP) val_geo=-0.029706 (-2,971 PHP)
Epoch 037/50 | [MSE] train_loss=0.000187 val_loss=0.000216 | train_profit=0.478306 (+47,831 PHP) val_profit=-0.270006 (-27,001 PHP) | train_geo=0.401876 (+40,188 PHP) val_geo=-0.262726 (-26,273 PHP)
Epoch 038/50 | [MSE] train_loss=0.000188 val_loss=0.000215 | train_profit=-0.759818 (-75,982 PHP) val_profit=-0.053654 (-5,365 PHP) | train_geo=-0.594616 (-59,462 PHP) val_geo=-0.084241 (-8,424 PHP)
Epoch 039/50 | [MSE] train_loss=0.000187 val_loss=0.000215 | train_profit=-0.237292 (-23,729 PHP) val_profit=-0.048139 (-4,814 PHP) | train_geo=-0.315732 (-31,573 PHP) val_geo=-0.079158 (-7,916 PHP)
Epoch 040/50 | [MSE] train_loss=0.000187 val_loss=0.000216 | train_profit=-0.024441 (-2,444 PHP) val_profit=-0.074563 (-7,456 PHP) | train_geo=-0.153055 (-15,306 PHP) val_geo=-0.103134 (-10,313 PHP)
Epoch 041/50 | [MSE] train_loss=0.000187 val_loss=0.000215 | train_profit=0.008661 (+866 PHP) val_profit=0.121210 (+12,121 PHP) | train_geo=-0.124891 (-12,489 PHP) val_geo=0.091258 (+9,126 PHP)
Epoch 042/50 | [MSE] train_loss=0.000187 val_loss=0.000215 | train_profit=-0.180949 (-18,095 PHP) val_profit=0.204191 (+20,419 PHP) | train_geo=-0.276282 (-27,628 PHP) val_geo=0.185480 (+18,548 PHP)
Epoch 043/50 | [MSE] train_loss=0.000188 val_loss=0.000214 | train_profit=-0.496675 (-49,668 PHP) val_profit=0.135789 (+13,579 PHP) | train_geo=-0.472097 (-47,210 PHP) val_geo=0.106965 (+10,696 PHP)
Epoch 044/50 | [MSE] train_loss=0.000187 val_loss=0.000214 | train_profit=-0.294659 (-29,466 PHP) val_profit=0.220676 (+22,068 PHP) | train_geo=-0.353989 (-35,399 PHP) val_geo=0.205159 (+20,516 PHP)
Epoch 045/50 | [MSE] train_loss=0.000186 val_loss=0.000215 | train_profit=0.263117 (+26,312 PHP) val_profit=0.137183 (+13,718 PHP) | train_geo=0.129413 (+12,941 PHP) val_geo=0.108578 (+10,858 PHP)
Epoch 046/50 | [MSE] train_loss=0.000185 val_loss=0.000217 | train_profit=0.785017 (+78,502 PHP) val_profit=-0.073075 (-7,308 PHP) | train_geo=0.903939 (+90,394 PHP) val_geo=-0.101851 (-10,185 PHP)
Epoch 047/50 | [MSE] train_loss=0.000187 val_loss=0.000217 | train_profit=-0.179146 (-17,915 PHP) val_profit=-0.112418 (-11,242 PHP) | train_geo=-0.275574 (-27,557 PHP) val_geo=-0.136553 (-13,655 PHP)
Epoch 048/50 | [MSE] train_loss=0.000188 val_loss=0.000215 | train_profit=-0.432328 (-43,233 PHP) val_profit=0.096805 (+9,680 PHP) | train_geo=-0.437263 (-43,726 PHP) val_geo=0.064778 (+6,478 PHP)
Epoch 049/50 | [MSE] train_loss=0.000188 val_loss=0.000216 | train_profit=-0.187239 (-18,724 PHP) val_profit=-0.070085 (-7,008 PHP) | train_geo=-0.280176 (-28,018 PHP) val_geo=-0.099173 (-9,917 PHP)
Epoch 050/50 | [MSE] train_loss=0.000187 val_loss=0.000215 | train_profit=0.012971 (+1,297 PHP) val_profit=-0.088517 (-8,852 PHP) | train_geo=-0.121203 (-12,120 PHP) val_geo=-0.115631 (-11,563 PHP)
[14/23] WMT        (mid   ) mse           dir_acc=0.512 cum_ret=+0.0069 geo_ret=-0.0310 sharpe=+0.022 (buy&hold=+0.1160) [4.0s]
Epoch 001/50 | train_loss=-0.000342 val_loss=-0.001611 | train_profit=0.807989 (+80,799 PHP) val_profit=0.581301 (+58,130 PHP) | train_geo=0.947204 (+94,720 PHP) val_geo=0.729053 (+72,905 PHP)
Epoch 002/50 | train_loss=-0.000421 val_loss=-0.001248 | train_profit=0.646577 (+64,658 PHP) val_profit=0.552314 (+55,231 PHP) | train_geo=0.656538 (+65,654 PHP) val_geo=0.679761 (+67,976 PHP)
Epoch 003/50 | train_loss=-0.000080 val_loss=0.001019 | train_profit=0.038929 (+3,893 PHP) val_profit=-0.304038 (-30,404 PHP) | train_geo=-0.098361 (-9,836 PHP) val_geo=-0.287510 (-28,751 PHP)
Epoch 004/50 | train_loss=-0.000213 val_loss=-0.001286 | train_profit=0.722969 (+72,297 PHP) val_profit=0.554450 (+55,445 PHP) | train_geo=0.785977 (+78,598 PHP) val_geo=0.683267 (+68,327 PHP)
Epoch 005/50 | train_loss=-0.000352 val_loss=-0.000979 | train_profit=0.881905 (+88,191 PHP) val_profit=0.413676 (+41,368 PHP) | train_geo=1.097048 (+109,705 PHP) val_geo=0.462161 (+46,216 PHP)
Epoch 006/50 | train_loss=-0.000361 val_loss=-0.001076 | train_profit=0.971827 (+97,183 PHP) val_profit=0.438241 (+43,824 PHP) | train_geo=1.294241 (+129,424 PHP) val_geo=0.498593 (+49,859 PHP)
Epoch 007/50 | train_loss=-0.000480 val_loss=-0.000944 | train_profit=1.168119 (+116,812 PHP) val_profit=0.429873 (+42,987 PHP) | train_geo=1.793607 (+179,361 PHP) val_geo=0.486034 (+48,603 PHP)
Epoch 008/50 | train_loss=-0.000556 val_loss=-0.001342 | train_profit=1.238595 (+123,860 PHP) val_profit=0.546137 (+54,614 PHP) | train_geo=1.996989 (+199,699 PHP) val_geo=0.669275 (+66,928 PHP)
Epoch 009/50 | train_loss=-0.000482 val_loss=-0.000538 | train_profit=1.021820 (+102,182 PHP) val_profit=0.256654 (+25,665 PHP) | train_geo=1.412585 (+141,259 PHP) val_geo=0.249411 (+24,941 PHP)
Epoch 010/50 | train_loss=-0.000411 val_loss=-0.001491 | train_profit=0.951318 (+95,132 PHP) val_profit=0.539910 (+53,991 PHP) | train_geo=1.247608 (+124,761 PHP) val_geo=0.658896 (+65,890 PHP)
Epoch 011/50 | train_loss=-0.000525 val_loss=-0.000831 | train_profit=1.088986 (+108,899 PHP) val_profit=0.286752 (+28,675 PHP) | train_geo=1.579446 (+157,945 PHP) val_geo=0.287566 (+28,757 PHP)
Epoch 012/50 | train_loss=-0.000400 val_loss=-0.001554 | train_profit=0.929924 (+92,992 PHP) val_profit=0.581301 (+58,130 PHP) | train_geo=1.199995 (+120,000 PHP) val_geo=0.729053 (+72,905 PHP)
Epoch 013/50 | train_loss=-0.000559 val_loss=-0.000975 | train_profit=1.105207 (+110,521 PHP) val_profit=0.493936 (+49,394 PHP) | train_geo=1.622767 (+162,277 PHP) val_geo=0.584584 (+58,458 PHP)
Epoch 014/50 | train_loss=-0.000382 val_loss=-0.001593 | train_profit=0.759668 (+75,967 PHP) val_profit=0.581301 (+58,130 PHP) | train_geo=0.854465 (+85,446 PHP) val_geo=0.729053 (+72,905 PHP)
Epoch 015/50 | train_loss=-0.000441 val_loss=-0.001670 | train_profit=0.891132 (+89,113 PHP) val_profit=0.581301 (+58,130 PHP) | train_geo=1.116176 (+111,618 PHP) val_geo=0.729053 (+72,905 PHP)
Epoch 016/50 | train_loss=-0.000499 val_loss=-0.001669 | train_profit=0.891132 (+89,113 PHP) val_profit=0.581301 (+58,130 PHP) | train_geo=1.116176 (+111,618 PHP) val_geo=0.729053 (+72,905 PHP)
Epoch 017/50 | train_loss=-0.000535 val_loss=-0.001611 | train_profit=0.891132 (+89,113 PHP) val_profit=0.581301 (+58,130 PHP) | train_geo=1.116176 (+111,618 PHP) val_geo=0.729053 (+72,905 PHP)
Epoch 018/50 | train_loss=-0.000517 val_loss=-0.001575 | train_profit=0.993434 (+99,343 PHP) val_profit=0.581301 (+58,130 PHP) | train_geo=1.344381 (+134,438 PHP) val_geo=0.729053 (+72,905 PHP)
Epoch 019/50 | train_loss=-0.000527 val_loss=-0.001400 | train_profit=0.893092 (+89,309 PHP) val_profit=0.589369 (+58,937 PHP) | train_geo=1.120379 (+112,038 PHP) val_geo=0.743114 (+74,311 PHP)
Epoch 020/50 | train_loss=-0.000486 val_loss=-0.001608 | train_profit=0.993385 (+99,338 PHP) val_profit=0.581301 (+58,130 PHP) | train_geo=1.344343 (+134,434 PHP) val_geo=0.729053 (+72,905 PHP)
Epoch 021/50 | train_loss=-0.000501 val_loss=-0.000445 | train_profit=0.965566 (+96,557 PHP) val_profit=0.287985 (+28,798 PHP) | train_geo=1.280108 (+128,011 PHP) val_geo=0.289274 (+28,927 PHP)
Epoch 022/50 | train_loss=-0.000362 val_loss=-0.001530 | train_profit=0.763356 (+76,336 PHP) val_profit=0.581301 (+58,130 PHP) | train_geo=0.861092 (+86,109 PHP) val_geo=0.729053 (+72,905 PHP)
Epoch 023/50 | train_loss=-0.000463 val_loss=-0.001472 | train_profit=1.061223 (+106,122 PHP) val_profit=0.606470 (+60,647 PHP) | train_geo=1.509665 (+150,967 PHP) val_geo=0.773197 (+77,320 PHP)
Epoch 024/50 | train_loss=-0.000553 val_loss=-0.000627 | train_profit=1.061559 (+106,156 PHP) val_profit=0.286752 (+28,675 PHP) | train_geo=1.509750 (+150,975 PHP) val_geo=0.287566 (+28,757 PHP)
Epoch 025/50 | train_loss=-0.000398 val_loss=-0.001599 | train_profit=0.692892 (+69,289 PHP) val_profit=0.581301 (+58,130 PHP) | train_geo=0.734107 (+73,411 PHP) val_geo=0.729053 (+72,905 PHP)
Epoch 026/50 | train_loss=-0.000480 val_loss=-0.001643 | train_profit=0.895976 (+89,598 PHP) val_profit=0.581301 (+58,130 PHP) | train_geo=1.126461 (+112,646 PHP) val_geo=0.729053 (+72,905 PHP)
Epoch 027/50 | train_loss=-0.000528 val_loss=-0.001615 | train_profit=0.903490 (+90,349 PHP) val_profit=0.581301 (+58,130 PHP) | train_geo=1.142209 (+114,221 PHP) val_geo=0.729053 (+72,905 PHP)
Epoch 028/50 | train_loss=-0.000545 val_loss=-0.001428 | train_profit=1.101398 (+110,140 PHP) val_profit=0.546137 (+54,614 PHP) | train_geo=1.613157 (+161,316 PHP) val_geo=0.669275 (+66,928 PHP)
Epoch 029/50 | train_loss=-0.000612 val_loss=-0.001200 | train_profit=1.104742 (+110,474 PHP) val_profit=0.487046 (+48,705 PHP) | train_geo=1.621675 (+162,167 PHP) val_geo=0.573487 (+57,349 PHP)
Epoch 030/50 | train_loss=-0.000595 val_loss=-0.000911 | train_profit=1.162156 (+116,216 PHP) val_profit=0.426481 (+42,648 PHP) | train_geo=1.775758 (+177,576 PHP) val_geo=0.481182 (+48,118 PHP)
Epoch 031/50 | train_loss=-0.000509 val_loss=-0.001331 | train_profit=0.876857 (+87,686 PHP) val_profit=0.450066 (+45,007 PHP) | train_geo=1.085903 (+108,590 PHP) val_geo=0.516222 (+51,622 PHP)
Epoch 032/50 | train_loss=-0.000558 val_loss=-0.001603 | train_profit=1.007030 (+100,703 PHP) val_profit=0.623864 (+62,386 PHP) | train_geo=1.376858 (+137,686 PHP) val_geo=0.804293 (+80,429 PHP)
Epoch 033/50 | train_loss=-0.000505 val_loss=-0.001069 | train_profit=1.026094 (+102,609 PHP) val_profit=0.479396 (+47,940 PHP) | train_geo=1.421825 (+142,182 PHP) val_geo=0.561641 (+56,164 PHP)
Epoch 034/50 | train_loss=-0.000473 val_loss=-0.001587 | train_profit=0.916423 (+91,642 PHP) val_profit=0.581301 (+58,130 PHP) | train_geo=1.169571 (+116,957 PHP) val_geo=0.729053 (+72,905 PHP)
Epoch 035/50 | train_loss=-0.000589 val_loss=-0.001291 | train_profit=1.085008 (+108,501 PHP) val_profit=0.450066 (+45,007 PHP) | train_geo=1.570019 (+157,002 PHP) val_geo=0.516222 (+51,622 PHP)
Epoch 036/50 | train_loss=-0.000600 val_loss=-0.001234 | train_profit=0.968589 (+96,859 PHP) val_profit=0.447360 (+44,736 PHP) | train_geo=1.287005 (+128,700 PHP) val_geo=0.512158 (+51,216 PHP)
Epoch 037/50 | train_loss=-0.000617 val_loss=-0.001273 | train_profit=1.014157 (+101,416 PHP) val_profit=0.483488 (+48,349 PHP) | train_geo=1.393555 (+139,356 PHP) val_geo=0.567835 (+56,784 PHP)
Epoch 038/50 | train_loss=-0.000579 val_loss=-0.001431 | train_profit=0.943636 (+94,364 PHP) val_profit=0.589369 (+58,937 PHP) | train_geo=1.230485 (+123,048 PHP) val_geo=0.743114 (+74,311 PHP)
Epoch 039/50 | train_loss=-0.000562 val_loss=-0.001502 | train_profit=0.971940 (+97,194 PHP) val_profit=0.589369 (+58,937 PHP) | train_geo=1.294363 (+129,436 PHP) val_geo=0.743114 (+74,311 PHP)
Epoch 040/50 | train_loss=-0.000548 val_loss=-0.001653 | train_profit=1.036040 (+103,604 PHP) val_profit=0.581301 (+58,130 PHP) | train_geo=1.446794 (+144,679 PHP) val_geo=0.729053 (+72,905 PHP)
Epoch 041/50 | train_loss=-0.000633 val_loss=-0.001281 | train_profit=1.241777 (+124,178 PHP) val_profit=0.507763 (+50,776 PHP) | train_geo=2.007355 (+200,736 PHP) val_geo=0.606631 (+60,663 PHP)
Epoch 042/50 | train_loss=-0.000613 val_loss=-0.001400 | train_profit=0.904177 (+90,418 PHP) val_profit=0.483488 (+48,349 PHP) | train_geo=1.143665 (+114,367 PHP) val_geo=0.567835 (+56,784 PHP)
Epoch 043/50 | train_loss=-0.000666 val_loss=-0.001600 | train_profit=1.209530 (+120,953 PHP) val_profit=0.539910 (+53,991 PHP) | train_geo=1.910703 (+191,070 PHP) val_geo=0.658896 (+65,890 PHP)
Epoch 044/50 | train_loss=-0.000527 val_loss=-0.000412 | train_profit=1.051919 (+105,192 PHP) val_profit=0.151243 (+15,124 PHP) | train_geo=1.485666 (+148,567 PHP) val_geo=0.124493 (+12,449 PHP)
Epoch 045/50 | train_loss=-0.000692 val_loss=-0.001164 | train_profit=1.295495 (+129,550 PHP) val_profit=0.402114 (+40,211 PHP) | train_geo=2.172666 (+217,267 PHP) val_geo=0.445374 (+44,537 PHP)
Epoch 046/50 | train_loss=-0.000473 val_loss=-0.000398 | train_profit=0.939024 (+93,902 PHP) val_profit=0.074775 (+7,477 PHP) | train_geo=1.220102 (+122,010 PHP) val_geo=0.041415 (+4,141 PHP)
Epoch 047/50 | train_loss=-0.000460 val_loss=-0.001611 | train_profit=0.784611 (+78,461 PHP) val_profit=0.589369 (+58,937 PHP) | train_geo=0.901786 (+90,179 PHP) val_geo=0.743114 (+74,311 PHP)
Epoch 048/50 | train_loss=-0.000429 val_loss=-0.000114 | train_profit=0.834269 (+83,427 PHP) val_profit=-0.031943 (-3,194 PHP) | train_geo=0.998163 (+99,816 PHP) val_geo=-0.064055 (-6,406 PHP)
Epoch 049/50 | train_loss=-0.000585 val_loss=-0.001276 | train_profit=1.155199 (+115,520 PHP) val_profit=0.493223 (+49,322 PHP) | train_geo=1.756451 (+175,645 PHP) val_geo=0.583370 (+58,337 PHP)
Epoch 050/50 | train_loss=-0.000676 val_loss=-0.001310 | train_profit=1.228501 (+122,850 PHP) val_profit=0.507763 (+50,776 PHP) | train_geo=1.967215 (+196,722 PHP) val_geo=0.606631 (+60,663 PHP)
[14/23] WMT        (mid   ) profit-aware  dir_acc=0.519 cum_ret=+0.1282 geo_ret=+0.0941 sharpe=+0.412 (buy&hold=+0.1160) [4.6s]
Epoch 001/50 | [PROFIT-LOG] train_loss=-0.000470 val_loss=-0.001712 | train_profit=0.758693 (+75,869 PHP) val_profit=0.581301 (+58,130 PHP) | train_geo=0.853543 (+85,354 PHP) val_geo=0.729053 (+72,905 PHP)
Epoch 002/50 | [PROFIT-LOG] train_loss=-0.000547 val_loss=-0.001712 | train_profit=0.891132 (+89,113 PHP) val_profit=0.581301 (+58,130 PHP) | train_geo=1.116176 (+111,618 PHP) val_geo=0.729053 (+72,905 PHP)
Epoch 003/50 | [PROFIT-LOG] train_loss=-0.000547 val_loss=-0.001712 | train_profit=0.891132 (+89,113 PHP) val_profit=0.581301 (+58,130 PHP) | train_geo=1.116176 (+111,618 PHP) val_geo=0.729053 (+72,905 PHP)
Epoch 004/50 | [PROFIT-LOG] train_loss=-0.000547 val_loss=-0.001712 | train_profit=0.891132 (+89,113 PHP) val_profit=0.581301 (+58,130 PHP) | train_geo=1.116176 (+111,618 PHP) val_geo=0.729053 (+72,905 PHP)
Epoch 005/50 | [PROFIT-LOG] train_loss=-0.000547 val_loss=-0.001712 | train_profit=0.891132 (+89,113 PHP) val_profit=0.581301 (+58,130 PHP) | train_geo=1.116176 (+111,618 PHP) val_geo=0.729053 (+72,905 PHP)
Epoch 006/50 | [PROFIT-LOG] train_loss=-0.000547 val_loss=-0.001712 | train_profit=0.891132 (+89,113 PHP) val_profit=0.581301 (+58,130 PHP) | train_geo=1.116176 (+111,618 PHP) val_geo=0.729053 (+72,905 PHP)
Epoch 007/50 | [PROFIT-LOG] train_loss=-0.000547 val_loss=-0.001712 | train_profit=0.891132 (+89,113 PHP) val_profit=0.581301 (+58,130 PHP) | train_geo=1.116176 (+111,618 PHP) val_geo=0.729053 (+72,905 PHP)
Epoch 008/50 | [PROFIT-LOG] train_loss=-0.000547 val_loss=-0.001712 | train_profit=0.891132 (+89,113 PHP) val_profit=0.581301 (+58,130 PHP) | train_geo=1.116176 (+111,618 PHP) val_geo=0.729053 (+72,905 PHP)
Epoch 009/50 | [PROFIT-LOG] train_loss=-0.000547 val_loss=-0.001712 | train_profit=0.891132 (+89,113 PHP) val_profit=0.581301 (+58,130 PHP) | train_geo=1.116176 (+111,618 PHP) val_geo=0.729053 (+72,905 PHP)
Epoch 010/50 | [PROFIT-LOG] train_loss=-0.000547 val_loss=-0.001712 | train_profit=0.891132 (+89,113 PHP) val_profit=0.581301 (+58,130 PHP) | train_geo=1.116176 (+111,618 PHP) val_geo=0.729053 (+72,905 PHP)
Epoch 011/50 | [PROFIT-LOG] train_loss=-0.000547 val_loss=-0.001712 | train_profit=0.891132 (+89,113 PHP) val_profit=0.581301 (+58,130 PHP) | train_geo=1.116176 (+111,618 PHP) val_geo=0.729053 (+72,905 PHP)
Epoch 012/50 | [PROFIT-LOG] train_loss=-0.000547 val_loss=-0.001712 | train_profit=0.891132 (+89,113 PHP) val_profit=0.581301 (+58,130 PHP) | train_geo=1.116176 (+111,618 PHP) val_geo=0.729053 (+72,905 PHP)
Epoch 013/50 | [PROFIT-LOG] train_loss=-0.000547 val_loss=-0.001712 | train_profit=0.891132 (+89,113 PHP) val_profit=0.581301 (+58,130 PHP) | train_geo=1.116176 (+111,618 PHP) val_geo=0.729053 (+72,905 PHP)
Epoch 014/50 | [PROFIT-LOG] train_loss=-0.000547 val_loss=-0.001712 | train_profit=0.891132 (+89,113 PHP) val_profit=0.581301 (+58,130 PHP) | train_geo=1.116176 (+111,618 PHP) val_geo=0.729053 (+72,905 PHP)
Epoch 015/50 | [PROFIT-LOG] train_loss=-0.000547 val_loss=-0.001712 | train_profit=0.891132 (+89,113 PHP) val_profit=0.581301 (+58,130 PHP) | train_geo=1.116176 (+111,618 PHP) val_geo=0.729053 (+72,905 PHP)
Epoch 016/50 | [PROFIT-LOG] train_loss=-0.000547 val_loss=-0.001712 | train_profit=0.891132 (+89,113 PHP) val_profit=0.581301 (+58,130 PHP) | train_geo=1.116176 (+111,618 PHP) val_geo=0.729053 (+72,905 PHP)
Epoch 017/50 | [PROFIT-LOG] train_loss=-0.000547 val_loss=-0.001712 | train_profit=0.891132 (+89,113 PHP) val_profit=0.581301 (+58,130 PHP) | train_geo=1.116176 (+111,618 PHP) val_geo=0.729053 (+72,905 PHP)
Epoch 018/50 | [PROFIT-LOG] train_loss=-0.000547 val_loss=-0.001712 | train_profit=0.891132 (+89,113 PHP) val_profit=0.581301 (+58,130 PHP) | train_geo=1.116176 (+111,618 PHP) val_geo=0.729053 (+72,905 PHP)
Epoch 019/50 | [PROFIT-LOG] train_loss=-0.000547 val_loss=-0.001712 | train_profit=0.891132 (+89,113 PHP) val_profit=0.581301 (+58,130 PHP) | train_geo=1.116176 (+111,618 PHP) val_geo=0.729053 (+72,905 PHP)
Epoch 020/50 | [PROFIT-LOG] train_loss=-0.000547 val_loss=-0.001712 | train_profit=0.891132 (+89,113 PHP) val_profit=0.581301 (+58,130 PHP) | train_geo=1.116176 (+111,618 PHP) val_geo=0.729053 (+72,905 PHP)
Epoch 021/50 | [PROFIT-LOG] train_loss=-0.000547 val_loss=-0.001712 | train_profit=0.891132 (+89,113 PHP) val_profit=0.581301 (+58,130 PHP) | train_geo=1.116176 (+111,618 PHP) val_geo=0.729053 (+72,905 PHP)
Epoch 022/50 | [PROFIT-LOG] train_loss=-0.000547 val_loss=-0.001712 | train_profit=0.891132 (+89,113 PHP) val_profit=0.581301 (+58,130 PHP) | train_geo=1.116176 (+111,618 PHP) val_geo=0.729053 (+72,905 PHP)
Epoch 023/50 | [PROFIT-LOG] train_loss=-0.000547 val_loss=-0.001712 | train_profit=0.891132 (+89,113 PHP) val_profit=0.581301 (+58,130 PHP) | train_geo=1.116176 (+111,618 PHP) val_geo=0.729053 (+72,905 PHP)
Epoch 024/50 | [PROFIT-LOG] train_loss=-0.000547 val_loss=-0.001712 | train_profit=0.891132 (+89,113 PHP) val_profit=0.581301 (+58,130 PHP) | train_geo=1.116176 (+111,618 PHP) val_geo=0.729053 (+72,905 PHP)
Epoch 025/50 | [PROFIT-LOG] train_loss=-0.000547 val_loss=-0.001712 | train_profit=0.891132 (+89,113 PHP) val_profit=0.581301 (+58,130 PHP) | train_geo=1.116176 (+111,618 PHP) val_geo=0.729053 (+72,905 PHP)
Epoch 026/50 | [PROFIT-LOG] train_loss=-0.000547 val_loss=-0.001712 | train_profit=0.891132 (+89,113 PHP) val_profit=0.581301 (+58,130 PHP) | train_geo=1.116176 (+111,618 PHP) val_geo=0.729053 (+72,905 PHP)
Epoch 027/50 | [PROFIT-LOG] train_loss=-0.000547 val_loss=-0.001712 | train_profit=0.891132 (+89,113 PHP) val_profit=0.581301 (+58,130 PHP) | train_geo=1.116176 (+111,618 PHP) val_geo=0.729053 (+72,905 PHP)
Epoch 028/50 | [PROFIT-LOG] train_loss=-0.000547 val_loss=-0.001712 | train_profit=0.891132 (+89,113 PHP) val_profit=0.581301 (+58,130 PHP) | train_geo=1.116176 (+111,618 PHP) val_geo=0.729053 (+72,905 PHP)
Epoch 029/50 | [PROFIT-LOG] train_loss=-0.000547 val_loss=-0.001712 | train_profit=0.891132 (+89,113 PHP) val_profit=0.581301 (+58,130 PHP) | train_geo=1.116176 (+111,618 PHP) val_geo=0.729053 (+72,905 PHP)
Epoch 030/50 | [PROFIT-LOG] train_loss=-0.000547 val_loss=-0.001712 | train_profit=0.891132 (+89,113 PHP) val_profit=0.581301 (+58,130 PHP) | train_geo=1.116176 (+111,618 PHP) val_geo=0.729053 (+72,905 PHP)
Epoch 031/50 | [PROFIT-LOG] train_loss=-0.000547 val_loss=-0.001712 | train_profit=0.891132 (+89,113 PHP) val_profit=0.581301 (+58,130 PHP) | train_geo=1.116176 (+111,618 PHP) val_geo=0.729053 (+72,905 PHP)
Epoch 032/50 | [PROFIT-LOG] train_loss=-0.000547 val_loss=-0.001712 | train_profit=0.891132 (+89,113 PHP) val_profit=0.581301 (+58,130 PHP) | train_geo=1.116176 (+111,618 PHP) val_geo=0.729053 (+72,905 PHP)
Epoch 033/50 | [PROFIT-LOG] train_loss=-0.000547 val_loss=-0.001712 | train_profit=0.891132 (+89,113 PHP) val_profit=0.581301 (+58,130 PHP) | train_geo=1.116176 (+111,618 PHP) val_geo=0.729053 (+72,905 PHP)
Epoch 034/50 | [PROFIT-LOG] train_loss=-0.000547 val_loss=-0.001712 | train_profit=0.891132 (+89,113 PHP) val_profit=0.581301 (+58,130 PHP) | train_geo=1.116176 (+111,618 PHP) val_geo=0.729053 (+72,905 PHP)
Epoch 035/50 | [PROFIT-LOG] train_loss=-0.000547 val_loss=-0.001712 | train_profit=0.891132 (+89,113 PHP) val_profit=0.581301 (+58,130 PHP) | train_geo=1.116176 (+111,618 PHP) val_geo=0.729053 (+72,905 PHP)
Epoch 036/50 | [PROFIT-LOG] train_loss=-0.000547 val_loss=-0.001712 | train_profit=0.891132 (+89,113 PHP) val_profit=0.581301 (+58,130 PHP) | train_geo=1.116176 (+111,618 PHP) val_geo=0.729053 (+72,905 PHP)
Epoch 037/50 | [PROFIT-LOG] train_loss=-0.000547 val_loss=-0.001712 | train_profit=0.891132 (+89,113 PHP) val_profit=0.581301 (+58,130 PHP) | train_geo=1.116176 (+111,618 PHP) val_geo=0.729053 (+72,905 PHP)
Epoch 038/50 | [PROFIT-LOG] train_loss=-0.000547 val_loss=-0.001712 | train_profit=0.891132 (+89,113 PHP) val_profit=0.581301 (+58,130 PHP) | train_geo=1.116176 (+111,618 PHP) val_geo=0.729053 (+72,905 PHP)
Epoch 039/50 | [PROFIT-LOG] train_loss=-0.000547 val_loss=-0.001712 | train_profit=0.891132 (+89,113 PHP) val_profit=0.581301 (+58,130 PHP) | train_geo=1.116176 (+111,618 PHP) val_geo=0.729053 (+72,905 PHP)
Epoch 040/50 | [PROFIT-LOG] train_loss=-0.000547 val_loss=-0.001712 | train_profit=0.891132 (+89,113 PHP) val_profit=0.581301 (+58,130 PHP) | train_geo=1.116176 (+111,618 PHP) val_geo=0.729053 (+72,905 PHP)
Epoch 041/50 | [PROFIT-LOG] train_loss=-0.000547 val_loss=-0.001712 | train_profit=0.891132 (+89,113 PHP) val_profit=0.581301 (+58,130 PHP) | train_geo=1.116176 (+111,618 PHP) val_geo=0.729053 (+72,905 PHP)
Epoch 042/50 | [PROFIT-LOG] train_loss=-0.000547 val_loss=-0.001712 | train_profit=0.891132 (+89,113 PHP) val_profit=0.581301 (+58,130 PHP) | train_geo=1.116176 (+111,618 PHP) val_geo=0.729053 (+72,905 PHP)
Epoch 043/50 | [PROFIT-LOG] train_loss=-0.000547 val_loss=-0.001712 | train_profit=0.891132 (+89,113 PHP) val_profit=0.581301 (+58,130 PHP) | train_geo=1.116176 (+111,618 PHP) val_geo=0.729053 (+72,905 PHP)
Epoch 044/50 | [PROFIT-LOG] train_loss=-0.000547 val_loss=-0.001712 | train_profit=0.891132 (+89,113 PHP) val_profit=0.581301 (+58,130 PHP) | train_geo=1.116176 (+111,618 PHP) val_geo=0.729053 (+72,905 PHP)
Epoch 045/50 | [PROFIT-LOG] train_loss=-0.000547 val_loss=-0.001712 | train_profit=0.891132 (+89,113 PHP) val_profit=0.581301 (+58,130 PHP) | train_geo=1.116176 (+111,618 PHP) val_geo=0.729053 (+72,905 PHP)
Epoch 046/50 | [PROFIT-LOG] train_loss=-0.000547 val_loss=-0.001712 | train_profit=0.891132 (+89,113 PHP) val_profit=0.581301 (+58,130 PHP) | train_geo=1.116176 (+111,618 PHP) val_geo=0.729053 (+72,905 PHP)
Epoch 047/50 | [PROFIT-LOG] train_loss=-0.000547 val_loss=-0.001712 | train_profit=0.891132 (+89,113 PHP) val_profit=0.581301 (+58,130 PHP) | train_geo=1.116176 (+111,618 PHP) val_geo=0.729053 (+72,905 PHP)
Epoch 048/50 | [PROFIT-LOG] train_loss=-0.000547 val_loss=-0.001712 | train_profit=0.891132 (+89,113 PHP) val_profit=0.581301 (+58,130 PHP) | train_geo=1.116176 (+111,618 PHP) val_geo=0.729053 (+72,905 PHP)
Epoch 049/50 | [PROFIT-LOG] train_loss=-0.000547 val_loss=-0.001712 | train_profit=0.891132 (+89,113 PHP) val_profit=0.581301 (+58,130 PHP) | train_geo=1.116176 (+111,618 PHP) val_geo=0.729053 (+72,905 PHP)
Epoch 050/50 | [PROFIT-LOG] train_loss=-0.000547 val_loss=-0.001712 | train_profit=0.891132 (+89,113 PHP) val_profit=0.581301 (+58,130 PHP) | train_geo=1.116176 (+111,618 PHP) val_geo=0.729053 (+72,905 PHP)
[14/23] WMT        (mid   ) profit-log    dir_acc=0.509 cum_ret=+0.1471 geo_ret=+0.1149 sharpe=+0.473 (buy&hold=+0.1160) [4.5s]
Epoch 001/50 | [MSE] train_loss=0.000844 val_loss=0.001502 | train_profit=-0.027928 (-2,793 PHP) val_profit=-0.478546 (-47,855 PHP) | train_geo=-0.365051 (-36,505 PHP) val_geo=-0.504254 (-50,425 PHP)
Epoch 002/50 | [MSE] train_loss=0.000677 val_loss=0.001401 | train_profit=0.369985 (+36,998 PHP) val_profit=-0.350791 (-35,079 PHP) | train_geo=-0.060075 (-6,007 PHP) val_geo=-0.436400 (-43,640 PHP)
Epoch 003/50 | [MSE] train_loss=0.000642 val_loss=0.001382 | train_profit=-0.220275 (-22,028 PHP) val_profit=-0.483311 (-48,331 PHP) | train_geo=-0.480273 (-48,027 PHP) val_geo=-0.506549 (-50,655 PHP)
Epoch 004/50 | [MSE] train_loss=0.000623 val_loss=0.001377 | train_profit=0.073174 (+7,317 PHP) val_profit=0.075687 (+7,569 PHP) | train_geo=-0.300601 (-30,060 PHP) val_geo=-0.135388 (-13,539 PHP)
Epoch 005/50 | [MSE] train_loss=0.000595 val_loss=0.001396 | train_profit=1.439147 (+143,915 PHP) val_profit=-0.304256 (-30,426 PHP) | train_geo=1.760305 (+176,030 PHP) val_geo=-0.409545 (-40,954 PHP)
Epoch 006/50 | [MSE] train_loss=0.000613 val_loss=0.001387 | train_profit=-0.497308 (-49,731 PHP) val_profit=-0.084917 (-8,492 PHP) | train_geo=-0.606817 (-60,682 PHP) val_geo=-0.264467 (-26,447 PHP)
Epoch 007/50 | [MSE] train_loss=0.000602 val_loss=0.001389 | train_profit=0.989361 (+98,936 PHP) val_profit=-0.190566 (-19,057 PHP) | train_geo=0.758686 (+75,869 PHP) val_geo=-0.338326 (-33,833 PHP)
Epoch 008/50 | [MSE] train_loss=0.000607 val_loss=0.001400 | train_profit=-1.493204 (-149,320 PHP) val_profit=-0.227230 (-22,723 PHP) | train_geo=-0.855355 (-85,536 PHP) val_geo=-0.362110 (-36,211 PHP)
Epoch 009/50 | [MSE] train_loss=0.000604 val_loss=0.001391 | train_profit=0.639293 (+63,929 PHP) val_profit=-0.161115 (-16,111 PHP) | train_geo=0.240968 (+24,097 PHP) val_geo=-0.318520 (-31,852 PHP)
Epoch 010/50 | [MSE] train_loss=0.000601 val_loss=0.001389 | train_profit=-0.313917 (-31,392 PHP) val_profit=-0.541033 (-54,103 PHP) | train_geo=-0.523834 (-52,383 PHP) val_geo=-0.535589 (-53,559 PHP)
Epoch 011/50 | [MSE] train_loss=0.000600 val_loss=0.001387 | train_profit=-0.395440 (-39,544 PHP) val_profit=-0.076888 (-7,689 PHP) | train_geo=-0.561941 (-56,194 PHP) val_geo=-0.258896 (-25,890 PHP)
Epoch 012/50 | [MSE] train_loss=0.000600 val_loss=0.001388 | train_profit=-0.439770 (-43,977 PHP) val_profit=-0.153912 (-15,391 PHP) | train_geo=-0.581041 (-58,104 PHP) val_geo=-0.313809 (-31,381 PHP)
Epoch 013/50 | [MSE] train_loss=0.000600 val_loss=0.001393 | train_profit=-0.156409 (-15,641 PHP) val_profit=-0.175195 (-17,519 PHP) | train_geo=-0.444201 (-44,420 PHP) val_geo=-0.328160 (-32,816 PHP)
Epoch 014/50 | [MSE] train_loss=0.000591 val_loss=0.001396 | train_profit=1.177827 (+117,783 PHP) val_profit=-0.293137 (-29,314 PHP) | train_geo=1.134812 (+113,481 PHP) val_geo=-0.403077 (-40,308 PHP)
Epoch 015/50 | [MSE] train_loss=0.000593 val_loss=0.001387 | train_profit=0.045156 (+4,516 PHP) val_profit=-0.105511 (-10,551 PHP) | train_geo=-0.318116 (-31,812 PHP) val_geo=-0.279788 (-27,979 PHP)
Epoch 016/50 | [MSE] train_loss=0.000601 val_loss=0.001392 | train_profit=-0.430403 (-43,040 PHP) val_profit=-0.199306 (-19,931 PHP) | train_geo=-0.576235 (-57,623 PHP) val_geo=-0.344223 (-34,422 PHP)
Epoch 017/50 | [MSE] train_loss=0.000595 val_loss=0.001397 | train_profit=-0.795905 (-79,591 PHP) val_profit=-0.175195 (-17,519 PHP) | train_geo=-0.708443 (-70,844 PHP) val_geo=-0.328160 (-32,816 PHP)
Epoch 018/50 | [MSE] train_loss=0.000593 val_loss=0.001396 | train_profit=-0.117807 (-11,781 PHP) val_profit=-0.081961 (-8,196 PHP) | train_geo=-0.419195 (-41,920 PHP) val_geo=-0.262261 (-26,226 PHP)
Epoch 019/50 | [MSE] train_loss=0.000597 val_loss=0.001387 | train_profit=0.778549 (+77,855 PHP) val_profit=-0.364854 (-36,485 PHP) | train_geo=0.420044 (+42,004 PHP) val_geo=-0.444461 (-44,446 PHP)
Epoch 020/50 | [MSE] train_loss=0.000590 val_loss=0.001388 | train_profit=0.495562 (+49,556 PHP) val_profit=-0.281841 (-28,184 PHP) | train_geo=0.072665 (+7,266 PHP) val_geo=-0.397504 (-39,750 PHP)
Epoch 021/50 | [MSE] train_loss=0.000594 val_loss=0.001393 | train_profit=-0.566618 (-56,662 PHP) val_profit=-0.004107 (-411 PHP) | train_geo=-0.631012 (-63,101 PHP) val_geo=-0.202508 (-20,251 PHP)
Epoch 022/50 | [MSE] train_loss=0.000590 val_loss=0.001393 | train_profit=1.035150 (+103,515 PHP) val_profit=0.152008 (+15,201 PHP) | train_geo=0.841285 (+84,128 PHP) val_geo=-0.066716 (-6,672 PHP)
Epoch 023/50 | [MSE] train_loss=0.000587 val_loss=0.001395 | train_profit=1.509920 (+150,992 PHP) val_profit=-0.074041 (-7,404 PHP) | train_geo=1.975790 (+197,579 PHP) val_geo=-0.256429 (-25,643 PHP)
Epoch 024/50 | [MSE] train_loss=0.000597 val_loss=0.001393 | train_profit=-0.234173 (-23,417 PHP) val_profit=-0.197602 (-19,760 PHP) | train_geo=-0.486245 (-48,625 PHP) val_geo=-0.343027 (-34,303 PHP)
Epoch 025/50 | [MSE] train_loss=0.000591 val_loss=0.001393 | train_profit=1.477561 (+147,756 PHP) val_profit=-0.222057 (-22,206 PHP) | train_geo=1.873371 (+187,337 PHP) val_geo=-0.358906 (-35,891 PHP)
Epoch 026/50 | [MSE] train_loss=0.000590 val_loss=0.001393 | train_profit=0.717850 (+71,785 PHP) val_profit=-0.211756 (-21,176 PHP) | train_geo=0.343753 (+34,375 PHP) val_geo=-0.351866 (-35,187 PHP)
Epoch 027/50 | [MSE] train_loss=0.000595 val_loss=0.001391 | train_profit=0.083432 (+8,343 PHP) val_profit=0.054202 (+5,420 PHP) | train_geo=-0.290324 (-29,032 PHP) val_geo=-0.153917 (-15,392 PHP)
Epoch 028/50 | [MSE] train_loss=0.000595 val_loss=0.001395 | train_profit=0.982727 (+98,273 PHP) val_profit=0.054202 (+5,420 PHP) | train_geo=0.744910 (+74,491 PHP) val_geo=-0.153917 (-15,392 PHP)
Epoch 029/50 | [MSE] train_loss=0.000591 val_loss=0.001400 | train_profit=1.210947 (+121,095 PHP) val_profit=0.044637 (+4,464 PHP) | train_geo=1.196244 (+119,624 PHP) val_geo=-0.161867 (-16,187 PHP)
Epoch 030/50 | [MSE] train_loss=0.000590 val_loss=0.001406 | train_profit=1.305330 (+130,533 PHP) val_profit=-0.221341 (-22,134 PHP) | train_geo=1.424283 (+142,428 PHP) val_geo=-0.358584 (-35,858 PHP)
Epoch 031/50 | [MSE] train_loss=0.000595 val_loss=0.001399 | train_profit=0.875035 (+87,504 PHP) val_profit=0.030463 (+3,046 PHP) | train_geo=0.574838 (+57,484 PHP) val_geo=-0.173952 (-17,395 PHP)
Epoch 032/50 | [MSE] train_loss=0.000594 val_loss=0.001403 | train_profit=0.659428 (+65,943 PHP) val_profit=-0.221341 (-22,134 PHP) | train_geo=0.264161 (+26,416 PHP) val_geo=-0.358584 (-35,858 PHP)
Epoch 033/50 | [MSE] train_loss=0.000598 val_loss=0.001402 | train_profit=0.232917 (+23,292 PHP) val_profit=0.004708 (+471 PHP) | train_geo=-0.175409 (-17,541 PHP) val_geo=-0.194934 (-19,493 PHP)
Epoch 034/50 | [MSE] train_loss=0.000589 val_loss=0.001414 | train_profit=1.573408 (+157,341 PHP) val_profit=-0.364401 (-36,440 PHP) | train_geo=2.169929 (+216,993 PHP) val_geo=-0.444170 (-44,417 PHP)
Epoch 035/50 | [MSE] train_loss=0.000594 val_loss=0.001405 | train_profit=0.912117 (+91,212 PHP) val_profit=0.153983 (+15,398 PHP) | train_geo=0.631537 (+63,154 PHP) val_geo=-0.064927 (-6,493 PHP)
Epoch 036/50 | [MSE] train_loss=0.000591 val_loss=0.001419 | train_profit=2.061712 (+206,171 PHP) val_profit=-0.364401 (-36,440 PHP) | train_geo=4.165036 (+416,504 PHP) val_geo=-0.444170 (-44,417 PHP)
Epoch 037/50 | [MSE] train_loss=0.000600 val_loss=0.001426 | train_profit=0.787085 (+78,709 PHP) val_profit=-0.364401 (-36,440 PHP) | train_geo=0.439678 (+43,968 PHP) val_geo=-0.444170 (-44,417 PHP)
Epoch 038/50 | [MSE] train_loss=0.000593 val_loss=0.001428 | train_profit=1.312441 (+131,244 PHP) val_profit=-0.208267 (-20,827 PHP) | train_geo=1.434787 (+143,479 PHP) val_geo=-0.349890 (-34,989 PHP)
Epoch 039/50 | [MSE] train_loss=0.000596 val_loss=0.001434 | train_profit=1.487635 (+148,764 PHP) val_profit=-0.208267 (-20,827 PHP) | train_geo=1.907172 (+190,717 PHP) val_geo=-0.349890 (-34,989 PHP)
Epoch 040/50 | [MSE] train_loss=0.000596 val_loss=0.001442 | train_profit=1.498776 (+149,878 PHP) val_profit=-0.208267 (-20,827 PHP) | train_geo=1.937246 (+193,725 PHP) val_geo=-0.349890 (-34,989 PHP)
Epoch 041/50 | [MSE] train_loss=0.000600 val_loss=0.001439 | train_profit=2.266636 (+226,664 PHP) val_profit=-0.208267 (-20,827 PHP) | train_geo=5.339886 (+533,989 PHP) val_geo=-0.349890 (-34,989 PHP)
Epoch 042/50 | [MSE] train_loss=0.000593 val_loss=0.001444 | train_profit=1.844967 (+184,497 PHP) val_profit=-0.019688 (-1,969 PHP) | train_geo=3.161592 (+316,159 PHP) val_geo=-0.214615 (-21,462 PHP)
Epoch 043/50 | [MSE] train_loss=0.000601 val_loss=0.001442 | train_profit=2.171919 (+217,192 PHP) val_profit=-0.058993 (-5,899 PHP) | train_geo=4.736742 (+473,674 PHP) val_geo=-0.244906 (-24,491 PHP)
Epoch 044/50 | [MSE] train_loss=0.000594 val_loss=0.001432 | train_profit=2.144078 (+214,408 PHP) val_profit=-0.058993 (-5,899 PHP) | train_geo=4.614349 (+461,435 PHP) val_geo=-0.244906 (-24,491 PHP)
Epoch 045/50 | [MSE] train_loss=0.000594 val_loss=0.001422 | train_profit=1.037854 (+103,785 PHP) val_profit=-0.145963 (-14,596 PHP) | train_geo=0.854330 (+85,433 PHP) val_geo=-0.308207 (-30,821 PHP)
Epoch 046/50 | [MSE] train_loss=0.000591 val_loss=0.001414 | train_profit=1.796857 (+179,686 PHP) val_profit=0.080086 (+8,009 PHP) | train_geo=2.968519 (+296,852 PHP) val_geo=-0.131705 (-13,170 PHP)
Epoch 047/50 | [MSE] train_loss=0.000594 val_loss=0.001403 | train_profit=1.730462 (+173,046 PHP) val_profit=-0.077970 (-7,797 PHP) | train_geo=2.708724 (+270,872 PHP) val_geo=-0.258808 (-25,881 PHP)
Epoch 048/50 | [MSE] train_loss=0.000588 val_loss=0.001405 | train_profit=1.820228 (+182,023 PHP) val_profit=0.070045 (+7,005 PHP) | train_geo=3.058565 (+305,856 PHP) val_geo=-0.140331 (-14,033 PHP)
Epoch 049/50 | [MSE] train_loss=0.000588 val_loss=0.001403 | train_profit=2.514725 (+251,472 PHP) val_profit=0.070045 (+7,005 PHP) | train_geo=7.129988 (+712,999 PHP) val_geo=-0.140331 (-14,033 PHP)
Epoch 050/50 | [MSE] train_loss=0.000589 val_loss=0.001392 | train_profit=1.117682 (+111,768 PHP) val_profit=-0.092397 (-9,240 PHP) | train_geo=1.007627 (+100,763 PHP) val_geo=-0.269429 (-26,943 PHP)
[15/23] INTC       (weak  ) mse           dir_acc=0.498 cum_ret=+0.7261 geo_ret=+0.4550 sharpe=+0.771 (buy&hold=+3.3296) [3.9s]
Epoch 001/50 | train_loss=0.000284 val_loss=-0.002641 | train_profit=-0.436360 (-43,636 PHP) val_profit=1.302342 (+130,234 PHP) | train_geo=-0.579738 (-57,974 PHP) val_geo=1.966219 (+196,622 PHP)
Epoch 002/50 | train_loss=-0.001147 val_loss=0.001926 | train_profit=2.037328 (+203,733 PHP) val_profit=-0.592650 (-59,265 PHP) | train_geo=4.014724 (+401,472 PHP) val_geo=-0.560981 (-56,098 PHP)
Epoch 003/50 | train_loss=-0.000961 val_loss=0.002174 | train_profit=1.802534 (+180,253 PHP) val_profit=-0.637959 (-63,796 PHP) | train_geo=2.958539 (+295,854 PHP) val_geo=-0.580372 (-58,037 PHP)
Epoch 004/50 | train_loss=-0.000500 val_loss=-0.000064 | train_profit=1.407516 (+140,752 PHP) val_profit=-0.089898 (-8,990 PHP) | train_geo=1.658149 (+165,815 PHP) val_geo=-0.273451 (-27,345 PHP)
Epoch 005/50 | train_loss=-0.000951 val_loss=0.000773 | train_profit=2.231425 (+223,143 PHP) val_profit=-0.019571 (-1,957 PHP) | train_geo=5.090969 (+509,097 PHP) val_geo=-0.220350 (-22,035 PHP)
Epoch 006/50 | train_loss=-0.000783 val_loss=-0.000049 | train_profit=1.555767 (+155,577 PHP) val_profit=-0.061065 (-6,107 PHP) | train_geo=2.086536 (+208,654 PHP) val_geo=-0.252245 (-25,225 PHP)
Epoch 007/50 | train_loss=-0.001115 val_loss=0.000873 | train_profit=1.979949 (+197,995 PHP) val_profit=-0.281780 (-28,178 PHP) | train_geo=3.722557 (+372,256 PHP) val_geo=-0.400645 (-40,064 PHP)
Epoch 008/50 | train_loss=-0.000956 val_loss=0.000858 | train_profit=1.648872 (+164,887 PHP) val_profit=-0.235521 (-23,552 PHP) | train_geo=2.389224 (+238,922 PHP) val_geo=-0.372100 (-37,210 PHP)
Epoch 009/50 | train_loss=-0.000720 val_loss=-0.000137 | train_profit=1.438318 (+143,832 PHP) val_profit=0.305195 (+30,520 PHP) | train_geo=1.755242 (+175,524 PHP) val_geo=0.079255 (+7,925 PHP)
Epoch 010/50 | train_loss=-0.000981 val_loss=-0.000833 | train_profit=2.112391 (+211,239 PHP) val_profit=0.549312 (+54,931 PHP) | train_geo=4.405206 (+440,521 PHP) val_geo=0.379346 (+37,935 PHP)
Epoch 011/50 | train_loss=-0.001394 val_loss=0.001236 | train_profit=2.633901 (+263,390 PHP) val_profit=-0.284961 (-28,496 PHP) | train_geo=8.119300 (+811,930 PHP) val_geo=-0.402392 (-40,239 PHP)
Epoch 012/50 | train_loss=-0.000290 val_loss=0.000809 | train_profit=0.677498 (+67,750 PHP) val_profit=-0.257833 (-25,783 PHP) | train_geo=0.279899 (+27,990 PHP) val_geo=-0.385865 (-38,587 PHP)
Epoch 013/50 | train_loss=-0.001289 val_loss=0.000798 | train_profit=2.235965 (+223,596 PHP) val_profit=-0.232707 (-23,271 PHP) | train_geo=5.118249 (+511,825 PHP) val_geo=-0.370156 (-37,016 PHP)
Epoch 014/50 | train_loss=-0.000849 val_loss=-0.001565 | train_profit=1.549555 (+154,955 PHP) val_profit=0.836078 (+83,608 PHP) | train_geo=2.066290 (+206,629 PHP) val_geo=0.859703 (+85,970 PHP)
Epoch 015/50 | train_loss=-0.001359 val_loss=-0.000085 | train_profit=2.453450 (+245,345 PHP) val_profit=-0.099260 (-9,926 PHP) | train_geo=6.611566 (+661,157 PHP) val_geo=-0.279519 (-27,952 PHP)
Epoch 016/50 | train_loss=-0.000898 val_loss=-0.000663 | train_profit=1.054149 (+105,415 PHP) val_profit=0.144910 (+14,491 PHP) | train_geo=0.871025 (+87,103 PHP) val_geo=-0.080050 (-8,005 PHP)
Epoch 017/50 | train_loss=-0.001513 val_loss=0.000083 | train_profit=2.771144 (+277,114 PHP) val_profit=-0.058178 (-5,818 PHP) | train_geo=9.463000 (+946,300 PHP) val_geo=-0.249969 (-24,997 PHP)
Epoch 018/50 | train_loss=-0.001141 val_loss=-0.000297 | train_profit=1.784937 (+178,494 PHP) val_profit=0.060055 (+6,005 PHP) | train_geo=2.882302 (+288,230 PHP) val_geo=-0.155838 (-15,584 PHP)
Epoch 019/50 | train_loss=-0.000928 val_loss=-0.000534 | train_profit=1.529332 (+152,933 PHP) val_profit=0.371957 (+37,196 PHP) | train_geo=2.003956 (+200,396 PHP) val_geo=0.168569 (+16,857 PHP)
Epoch 020/50 | train_loss=-0.001416 val_loss=0.000060 | train_profit=2.806097 (+280,610 PHP) val_profit=-0.051550 (-5,155 PHP) | train_geo=9.885242 (+988,524 PHP) val_geo=-0.244426 (-24,443 PHP)
Epoch 021/50 | train_loss=-0.001189 val_loss=0.000205 | train_profit=1.516793 (+151,679 PHP) val_profit=0.235014 (+23,501 PHP) | train_geo=1.969591 (+196,959 PHP) val_geo=0.011439 (+1,144 PHP)
Epoch 022/50 | train_loss=-0.001563 val_loss=0.000124 | train_profit=2.681157 (+268,116 PHP) val_profit=-0.019092 (-1,909 PHP) | train_geo=8.589657 (+858,966 PHP) val_geo=-0.220047 (-22,005 PHP)
Epoch 023/50 | train_loss=-0.001582 val_loss=0.000295 | train_profit=2.969916 (+296,992 PHP) val_profit=0.043992 (+4,399 PHP) | train_geo=11.827868 (+1,182,787 PHP) val_geo=-0.169398 (-16,940 PHP)
Epoch 024/50 | train_loss=-0.001199 val_loss=0.000378 | train_profit=2.345916 (+234,592 PHP) val_profit=0.025188 (+2,519 PHP) | train_geo=5.840761 (+584,076 PHP) val_geo=-0.184754 (-18,475 PHP)
Epoch 025/50 | train_loss=-0.001136 val_loss=0.000104 | train_profit=1.976531 (+197,653 PHP) val_profit=0.289235 (+28,924 PHP) | train_geo=3.717156 (+371,716 PHP) val_geo=0.067561 (+6,756 PHP)
Epoch 026/50 | train_loss=-0.001099 val_loss=-0.001134 | train_profit=1.761247 (+176,125 PHP) val_profit=0.701143 (+70,114 PHP) | train_geo=2.816348 (+281,635 PHP) val_geo=0.624756 (+62,476 PHP)
Epoch 027/50 | train_loss=-0.001392 val_loss=0.000150 | train_profit=2.247955 (+224,796 PHP) val_profit=0.104740 (+10,474 PHP) | train_geo=5.189410 (+518,941 PHP) val_geo=-0.116399 (-11,640 PHP)
Epoch 028/50 | train_loss=-0.001619 val_loss=0.000390 | train_profit=2.632106 (+263,211 PHP) val_profit=0.151803 (+15,180 PHP) | train_geo=8.093478 (+809,348 PHP) val_geo=-0.070685 (-7,068 PHP)
Epoch 029/50 | train_loss=-0.001502 val_loss=-0.000238 | train_profit=2.801240 (+280,124 PHP) val_profit=0.281819 (+28,182 PHP) | train_geo=9.781463 (+978,146 PHP) val_geo=0.055038 (+5,504 PHP)
Epoch 030/50 | train_loss=-0.001774 val_loss=0.000062 | train_profit=3.989128 (+398,913 PHP) val_profit=0.249474 (+24,947 PHP) | train_geo=34.653240 (+3,465,324 PHP) val_geo=0.024829 (+2,483 PHP)
Epoch 031/50 | train_loss=-0.001748 val_loss=0.000069 | train_profit=3.460461 (+346,046 PHP) val_profit=-0.023791 (-2,379 PHP) | train_geo=19.966724 (+1,996,672 PHP) val_geo=-0.223608 (-22,361 PHP)
Epoch 032/50 | train_loss=-0.001744 val_loss=0.000372 | train_profit=3.198489 (+319,849 PHP) val_profit=0.009828 (+983 PHP) | train_geo=15.140665 (+1,514,066 PHP) val_geo=-0.193980 (-19,398 PHP)
Epoch 033/50 | train_loss=-0.001327 val_loss=-0.000152 | train_profit=2.232388 (+223,239 PHP) val_profit=0.257355 (+25,735 PHP) | train_geo=5.078267 (+507,827 PHP) val_geo=0.033868 (+3,387 PHP)
Epoch 034/50 | train_loss=-0.001568 val_loss=0.000035 | train_profit=2.389545 (+238,954 PHP) val_profit=0.169496 (+16,950 PHP) | train_geo=6.134294 (+613,429 PHP) val_geo=-0.054125 (-5,413 PHP)
Epoch 035/50 | train_loss=-0.001197 val_loss=-0.000132 | train_profit=1.712901 (+171,290 PHP) val_profit=0.129314 (+12,931 PHP) | train_geo=2.616879 (+261,688 PHP) val_geo=-0.089828 (-8,983 PHP)
Epoch 036/50 | train_loss=-0.001199 val_loss=-0.000274 | train_profit=2.363145 (+236,315 PHP) val_profit=0.332590 (+33,259 PHP) | train_geo=5.960418 (+596,042 PHP) val_geo=0.115605 (+11,560 PHP)
Epoch 037/50 | train_loss=-0.001449 val_loss=-0.000005 | train_profit=2.606002 (+260,600 PHP) val_profit=0.050552 (+5,055 PHP) | train_geo=7.869927 (+786,993 PHP) val_geo=-0.160483 (-16,048 PHP)
Epoch 038/50 | train_loss=-0.001669 val_loss=-0.000110 | train_profit=2.976761 (+297,676 PHP) val_profit=0.232167 (+23,217 PHP) | train_geo=11.894030 (+1,189,403 PHP) val_geo=0.007045 (+705 PHP)
Epoch 039/50 | train_loss=-0.001924 val_loss=-0.000026 | train_profit=3.425893 (+342,589 PHP) val_profit=0.229132 (+22,913 PHP) | train_geo=19.283554 (+1,928,355 PHP) val_geo=0.004184 (+418 PHP)
Epoch 040/50 | train_loss=-0.001824 val_loss=-0.000144 | train_profit=3.592555 (+359,256 PHP) val_profit=0.024265 (+2,427 PHP) | train_geo=22.962976 (+2,296,298 PHP) val_geo=-0.185404 (-18,540 PHP)
Epoch 041/50 | train_loss=-0.001592 val_loss=0.000297 | train_profit=2.552471 (+255,247 PHP) val_profit=0.128104 (+12,810 PHP) | train_geo=7.412929 (+741,293 PHP) val_geo=-0.096440 (-9,644 PHP)
Epoch 042/50 | train_loss=-0.001440 val_loss=-0.000174 | train_profit=2.715218 (+271,522 PHP) val_profit=0.295639 (+29,564 PHP) | train_geo=8.886744 (+888,674 PHP) val_geo=0.074324 (+7,432 PHP)
Epoch 043/50 | train_loss=-0.001627 val_loss=-0.000407 | train_profit=2.860472 (+286,047 PHP) val_profit=0.031316 (+3,132 PHP) | train_geo=10.490947 (+1,049,095 PHP) val_geo=-0.179153 (-17,915 PHP)
Epoch 044/50 | train_loss=-0.002190 val_loss=0.000332 | train_profit=3.697562 (+369,756 PHP) val_profit=-0.294997 (-29,500 PHP) | train_geo=25.619122 (+2,561,912 PHP) val_geo=-0.408599 (-40,860 PHP)
Epoch 045/50 | train_loss=-0.001494 val_loss=-0.000176 | train_profit=2.265260 (+226,526 PHP) val_profit=0.160357 (+16,036 PHP) | train_geo=5.306573 (+530,657 PHP) val_geo=-0.060809 (-6,081 PHP)
Epoch 046/50 | train_loss=-0.001383 val_loss=-0.000335 | train_profit=1.967194 (+196,719 PHP) val_profit=0.164125 (+16,413 PHP) | train_geo=3.681734 (+368,173 PHP) val_geo=-0.058094 (-5,809 PHP)
Epoch 047/50 | train_loss=-0.001606 val_loss=-0.000237 | train_profit=2.401028 (+240,103 PHP) val_profit=0.064020 (+6,402 PHP) | train_geo=6.250843 (+625,084 PHP) val_geo=-0.152391 (-15,239 PHP)
Epoch 048/50 | train_loss=-0.001933 val_loss=0.000077 | train_profit=3.769430 (+376,943 PHP) val_profit=-0.047304 (-4,730 PHP) | train_geo=27.604567 (+2,760,457 PHP) val_geo=-0.241662 (-24,166 PHP)
Epoch 049/50 | train_loss=-0.001856 val_loss=-0.000197 | train_profit=3.275396 (+327,540 PHP) val_profit=0.241537 (+24,154 PHP) | train_geo=16.343849 (+1,634,385 PHP) val_geo=0.013413 (+1,341 PHP)
Epoch 050/50 | train_loss=-0.002239 val_loss=0.000396 | train_profit=3.894839 (+389,484 PHP) val_profit=0.071869 (+7,187 PHP) | train_geo=31.398125 (+3,139,812 PHP) val_geo=-0.142160 (-14,216 PHP)
[15/23] INTC       (weak  ) profit-aware  dir_acc=0.502 cum_ret=+0.4703 geo_ret=+0.1364 sharpe=+0.499 (buy&hold=+3.3296) [4.8s]
Epoch 001/50 | [PROFIT-LOG] train_loss=0.000176 val_loss=0.002202 | train_profit=0.414205 (+41,421 PHP) val_profit=-0.478546 (-47,855 PHP) | train_geo=-0.016904 (-1,690 PHP) val_geo=-0.504254 (-50,425 PHP)
Epoch 002/50 | [PROFIT-LOG] train_loss=0.000157 val_loss=0.002202 | train_profit=0.409445 (+40,944 PHP) val_profit=-0.478546 (-47,855 PHP) | train_geo=-0.021568 (-2,157 PHP) val_geo=-0.504254 (-50,425 PHP)
Epoch 003/50 | [PROFIT-LOG] train_loss=0.000157 val_loss=0.002202 | train_profit=0.409445 (+40,944 PHP) val_profit=-0.478546 (-47,855 PHP) | train_geo=-0.021568 (-2,157 PHP) val_geo=-0.504254 (-50,425 PHP)
Epoch 004/50 | [PROFIT-LOG] train_loss=0.000157 val_loss=0.002202 | train_profit=0.409445 (+40,944 PHP) val_profit=-0.478546 (-47,855 PHP) | train_geo=-0.021568 (-2,157 PHP) val_geo=-0.504254 (-50,425 PHP)
Epoch 005/50 | [PROFIT-LOG] train_loss=0.000157 val_loss=0.002202 | train_profit=0.409445 (+40,944 PHP) val_profit=-0.478546 (-47,855 PHP) | train_geo=-0.021568 (-2,157 PHP) val_geo=-0.504254 (-50,425 PHP)
Epoch 006/50 | [PROFIT-LOG] train_loss=0.000157 val_loss=0.002202 | train_profit=0.409445 (+40,944 PHP) val_profit=-0.478546 (-47,855 PHP) | train_geo=-0.021568 (-2,157 PHP) val_geo=-0.504254 (-50,425 PHP)
Epoch 007/50 | [PROFIT-LOG] train_loss=0.000157 val_loss=0.002202 | train_profit=0.409445 (+40,944 PHP) val_profit=-0.478546 (-47,855 PHP) | train_geo=-0.021568 (-2,157 PHP) val_geo=-0.504254 (-50,425 PHP)
Epoch 008/50 | [PROFIT-LOG] train_loss=0.000157 val_loss=0.002202 | train_profit=0.409445 (+40,944 PHP) val_profit=-0.478546 (-47,855 PHP) | train_geo=-0.021568 (-2,157 PHP) val_geo=-0.504254 (-50,425 PHP)
Epoch 009/50 | [PROFIT-LOG] train_loss=0.000157 val_loss=0.002202 | train_profit=0.409445 (+40,944 PHP) val_profit=-0.478546 (-47,855 PHP) | train_geo=-0.021568 (-2,157 PHP) val_geo=-0.504254 (-50,425 PHP)
Epoch 010/50 | [PROFIT-LOG] train_loss=0.000157 val_loss=0.002202 | train_profit=0.409445 (+40,944 PHP) val_profit=-0.478546 (-47,855 PHP) | train_geo=-0.021568 (-2,157 PHP) val_geo=-0.504254 (-50,425 PHP)
Epoch 011/50 | [PROFIT-LOG] train_loss=0.000157 val_loss=0.002202 | train_profit=0.409445 (+40,944 PHP) val_profit=-0.478546 (-47,855 PHP) | train_geo=-0.021568 (-2,157 PHP) val_geo=-0.504254 (-50,425 PHP)
Epoch 012/50 | [PROFIT-LOG] train_loss=0.000157 val_loss=0.002202 | train_profit=0.409445 (+40,944 PHP) val_profit=-0.478546 (-47,855 PHP) | train_geo=-0.021568 (-2,157 PHP) val_geo=-0.504254 (-50,425 PHP)
Epoch 013/50 | [PROFIT-LOG] train_loss=0.000157 val_loss=0.002202 | train_profit=0.409445 (+40,944 PHP) val_profit=-0.478546 (-47,855 PHP) | train_geo=-0.021568 (-2,157 PHP) val_geo=-0.504254 (-50,425 PHP)
Epoch 014/50 | [PROFIT-LOG] train_loss=0.000157 val_loss=0.002202 | train_profit=0.409445 (+40,944 PHP) val_profit=-0.478546 (-47,855 PHP) | train_geo=-0.021568 (-2,157 PHP) val_geo=-0.504254 (-50,425 PHP)
Epoch 015/50 | [PROFIT-LOG] train_loss=0.000157 val_loss=0.002202 | train_profit=0.409445 (+40,944 PHP) val_profit=-0.478546 (-47,855 PHP) | train_geo=-0.021568 (-2,157 PHP) val_geo=-0.504254 (-50,425 PHP)
Epoch 016/50 | [PROFIT-LOG] train_loss=0.000157 val_loss=0.002202 | train_profit=0.409445 (+40,944 PHP) val_profit=-0.478546 (-47,855 PHP) | train_geo=-0.021568 (-2,157 PHP) val_geo=-0.504254 (-50,425 PHP)
Epoch 017/50 | [PROFIT-LOG] train_loss=0.000157 val_loss=0.002202 | train_profit=0.409445 (+40,944 PHP) val_profit=-0.478546 (-47,855 PHP) | train_geo=-0.021568 (-2,157 PHP) val_geo=-0.504254 (-50,425 PHP)
Epoch 018/50 | [PROFIT-LOG] train_loss=0.000157 val_loss=0.002202 | train_profit=0.409445 (+40,944 PHP) val_profit=-0.478546 (-47,855 PHP) | train_geo=-0.021568 (-2,157 PHP) val_geo=-0.504254 (-50,425 PHP)
Epoch 019/50 | [PROFIT-LOG] train_loss=0.000157 val_loss=0.002202 | train_profit=0.409445 (+40,944 PHP) val_profit=-0.478546 (-47,855 PHP) | train_geo=-0.021568 (-2,157 PHP) val_geo=-0.504254 (-50,425 PHP)
Epoch 020/50 | [PROFIT-LOG] train_loss=0.000157 val_loss=0.002202 | train_profit=0.409445 (+40,944 PHP) val_profit=-0.478546 (-47,855 PHP) | train_geo=-0.021568 (-2,157 PHP) val_geo=-0.504254 (-50,425 PHP)
Epoch 021/50 | [PROFIT-LOG] train_loss=0.000157 val_loss=0.002202 | train_profit=0.409445 (+40,944 PHP) val_profit=-0.478546 (-47,855 PHP) | train_geo=-0.021568 (-2,157 PHP) val_geo=-0.504254 (-50,425 PHP)
Epoch 022/50 | [PROFIT-LOG] train_loss=0.000157 val_loss=0.002202 | train_profit=0.409445 (+40,944 PHP) val_profit=-0.478546 (-47,855 PHP) | train_geo=-0.021568 (-2,157 PHP) val_geo=-0.504254 (-50,425 PHP)
Epoch 023/50 | [PROFIT-LOG] train_loss=0.000157 val_loss=0.002202 | train_profit=0.409445 (+40,944 PHP) val_profit=-0.478546 (-47,855 PHP) | train_geo=-0.021568 (-2,157 PHP) val_geo=-0.504254 (-50,425 PHP)
Epoch 024/50 | [PROFIT-LOG] train_loss=0.000157 val_loss=0.002202 | train_profit=0.409445 (+40,944 PHP) val_profit=-0.478546 (-47,855 PHP) | train_geo=-0.021568 (-2,157 PHP) val_geo=-0.504254 (-50,425 PHP)
Epoch 025/50 | [PROFIT-LOG] train_loss=0.000157 val_loss=0.002202 | train_profit=0.409445 (+40,944 PHP) val_profit=-0.478546 (-47,855 PHP) | train_geo=-0.021568 (-2,157 PHP) val_geo=-0.504254 (-50,425 PHP)
Epoch 026/50 | [PROFIT-LOG] train_loss=-0.000647 val_loss=-0.001138 | train_profit=1.192915 (+119,291 PHP) val_profit=0.379695 (+37,969 PHP) | train_geo=1.149542 (+114,954 PHP) val_geo=0.178754 (+17,875 PHP)
Epoch 027/50 | [PROFIT-LOG] train_loss=-0.000707 val_loss=-0.000809 | train_profit=1.231816 (+123,182 PHP) val_profit=0.476546 (+47,655 PHP) | train_geo=1.237053 (+123,705 PHP) val_geo=0.294253 (+29,425 PHP)
Epoch 028/50 | [PROFIT-LOG] train_loss=-0.000167 val_loss=0.002152 | train_profit=0.141516 (+14,152 PHP) val_profit=-0.409081 (-40,908 PHP) | train_geo=-0.247806 (-24,781 PHP) val_geo=-0.471492 (-47,149 PHP)
Epoch 029/50 | [PROFIT-LOG] train_loss=-0.001164 val_loss=0.002496 | train_profit=1.418321 (+141,832 PHP) val_profit=-0.651542 (-65,154 PHP) | train_geo=1.691046 (+169,105 PHP) val_geo=-0.584196 (-58,420 PHP)
Epoch 030/50 | [PROFIT-LOG] train_loss=0.000156 val_loss=0.002201 | train_profit=0.477977 (+47,798 PHP) val_profit=-0.478546 (-47,855 PHP) | train_geo=0.048110 (+4,811 PHP) val_geo=-0.504254 (-50,425 PHP)
Epoch 031/50 | [PROFIT-LOG] train_loss=0.000157 val_loss=0.002201 | train_profit=0.409445 (+40,944 PHP) val_profit=-0.478546 (-47,855 PHP) | train_geo=-0.021568 (-2,157 PHP) val_geo=-0.504254 (-50,425 PHP)
Epoch 032/50 | [PROFIT-LOG] train_loss=0.000189 val_loss=0.002201 | train_profit=0.359030 (+35,903 PHP) val_profit=-0.478546 (-47,855 PHP) | train_geo=-0.069751 (-6,975 PHP) val_geo=-0.504254 (-50,425 PHP)
Epoch 033/50 | [PROFIT-LOG] train_loss=0.000157 val_loss=0.002201 | train_profit=0.409445 (+40,944 PHP) val_profit=-0.478546 (-47,855 PHP) | train_geo=-0.021568 (-2,157 PHP) val_geo=-0.504254 (-50,425 PHP)
Epoch 034/50 | [PROFIT-LOG] train_loss=0.000157 val_loss=0.002201 | train_profit=0.409445 (+40,944 PHP) val_profit=-0.478546 (-47,855 PHP) | train_geo=-0.021568 (-2,157 PHP) val_geo=-0.504254 (-50,425 PHP)
Epoch 035/50 | [PROFIT-LOG] train_loss=0.000157 val_loss=0.002201 | train_profit=0.409445 (+40,944 PHP) val_profit=-0.478546 (-47,855 PHP) | train_geo=-0.021568 (-2,157 PHP) val_geo=-0.504254 (-50,425 PHP)
Epoch 036/50 | [PROFIT-LOG] train_loss=0.000157 val_loss=0.002201 | train_profit=0.409445 (+40,944 PHP) val_profit=-0.478546 (-47,855 PHP) | train_geo=-0.021568 (-2,157 PHP) val_geo=-0.504254 (-50,425 PHP)
Epoch 037/50 | [PROFIT-LOG] train_loss=0.000157 val_loss=0.002201 | train_profit=0.409445 (+40,944 PHP) val_profit=-0.478546 (-47,855 PHP) | train_geo=-0.021568 (-2,157 PHP) val_geo=-0.504254 (-50,425 PHP)
Epoch 038/50 | [PROFIT-LOG] train_loss=0.000157 val_loss=0.002201 | train_profit=0.409445 (+40,944 PHP) val_profit=-0.478546 (-47,855 PHP) | train_geo=-0.021568 (-2,157 PHP) val_geo=-0.504254 (-50,425 PHP)
Epoch 039/50 | [PROFIT-LOG] train_loss=0.000157 val_loss=0.002201 | train_profit=0.409445 (+40,944 PHP) val_profit=-0.478546 (-47,855 PHP) | train_geo=-0.021568 (-2,157 PHP) val_geo=-0.504254 (-50,425 PHP)
Epoch 040/50 | [PROFIT-LOG] train_loss=0.000157 val_loss=0.002201 | train_profit=0.409445 (+40,944 PHP) val_profit=-0.478546 (-47,855 PHP) | train_geo=-0.021568 (-2,157 PHP) val_geo=-0.504254 (-50,425 PHP)
Epoch 041/50 | [PROFIT-LOG] train_loss=0.000157 val_loss=0.002201 | train_profit=0.409445 (+40,944 PHP) val_profit=-0.478546 (-47,855 PHP) | train_geo=-0.021568 (-2,157 PHP) val_geo=-0.504254 (-50,425 PHP)
Epoch 042/50 | [PROFIT-LOG] train_loss=0.000157 val_loss=0.002201 | train_profit=0.409445 (+40,944 PHP) val_profit=-0.478546 (-47,855 PHP) | train_geo=-0.021568 (-2,157 PHP) val_geo=-0.504254 (-50,425 PHP)
Epoch 043/50 | [PROFIT-LOG] train_loss=0.000156 val_loss=0.002201 | train_profit=0.409445 (+40,944 PHP) val_profit=-0.478546 (-47,855 PHP) | train_geo=-0.021568 (-2,157 PHP) val_geo=-0.504254 (-50,425 PHP)
Epoch 044/50 | [PROFIT-LOG] train_loss=0.000157 val_loss=0.002201 | train_profit=0.409445 (+40,944 PHP) val_profit=-0.478546 (-47,855 PHP) | train_geo=-0.021568 (-2,157 PHP) val_geo=-0.504254 (-50,425 PHP)
Epoch 045/50 | [PROFIT-LOG] train_loss=0.000157 val_loss=0.002201 | train_profit=0.409445 (+40,944 PHP) val_profit=-0.478546 (-47,855 PHP) | train_geo=-0.021568 (-2,157 PHP) val_geo=-0.504254 (-50,425 PHP)
Epoch 046/50 | [PROFIT-LOG] train_loss=0.000157 val_loss=0.002201 | train_profit=0.409445 (+40,944 PHP) val_profit=-0.478546 (-47,855 PHP) | train_geo=-0.021568 (-2,157 PHP) val_geo=-0.504254 (-50,425 PHP)
Epoch 047/50 | [PROFIT-LOG] train_loss=0.000156 val_loss=0.002200 | train_profit=0.409445 (+40,944 PHP) val_profit=-0.478546 (-47,855 PHP) | train_geo=-0.021568 (-2,157 PHP) val_geo=-0.504254 (-50,425 PHP)
Epoch 048/50 | [PROFIT-LOG] train_loss=0.000155 val_loss=0.002199 | train_profit=0.409445 (+40,944 PHP) val_profit=-0.478546 (-47,855 PHP) | train_geo=-0.021568 (-2,157 PHP) val_geo=-0.504254 (-50,425 PHP)
Epoch 049/50 | [PROFIT-LOG] train_loss=0.000160 val_loss=0.002192 | train_profit=0.409445 (+40,944 PHP) val_profit=-0.478546 (-47,855 PHP) | train_geo=-0.021568 (-2,157 PHP) val_geo=-0.504254 (-50,425 PHP)
Epoch 050/50 | [PROFIT-LOG] train_loss=0.000155 val_loss=0.002199 | train_profit=0.409445 (+40,944 PHP) val_profit=-0.478546 (-47,855 PHP) | train_geo=-0.021568 (-2,157 PHP) val_geo=-0.504254 (-50,425 PHP)
[15/23] INTC       (weak  ) profit-log    dir_acc=0.505 cum_ret=+1.8032 geo_ret=+3.3251 sharpe=+1.928 (buy&hold=+3.3296) [4.6s]
Epoch 001/50 | [MSE] train_loss=0.001138 val_loss=0.000601 | train_profit=-0.791571 (-79,157 PHP) val_profit=-0.085176 (-8,518 PHP) | train_geo=-0.724994 (-72,499 PHP) val_geo=-0.157789 (-15,779 PHP)
Epoch 002/50 | [MSE] train_loss=0.000808 val_loss=0.000567 | train_profit=-1.060844 (-106,084 PHP) val_profit=-0.098829 (-9,883 PHP) | train_geo=-0.791787 (-79,179 PHP) val_geo=-0.169170 (-16,917 PHP)
Epoch 003/50 | [MSE] train_loss=0.000769 val_loss=0.000571 | train_profit=-1.745483 (-174,548 PHP) val_profit=0.001538 (+154 PHP) | train_geo=-0.894549 (-89,455 PHP) val_geo=-0.081583 (-8,158 PHP)
Epoch 004/50 | [MSE] train_loss=0.000756 val_loss=0.000565 | train_profit=-1.490659 (-149,066 PHP) val_profit=0.031947 (+3,195 PHP) | train_geo=-0.864464 (-86,446 PHP) val_geo=-0.053134 (-5,313 PHP)
Epoch 005/50 | [MSE] train_loss=0.000744 val_loss=0.000567 | train_profit=-0.765335 (-76,533 PHP) val_profit=0.031947 (+3,195 PHP) | train_geo=-0.719839 (-71,984 PHP) val_geo=-0.053134 (-5,313 PHP)
Epoch 006/50 | [MSE] train_loss=0.000753 val_loss=0.000539 | train_profit=-1.084180 (-108,418 PHP) val_profit=0.031947 (+3,195 PHP) | train_geo=-0.796677 (-79,668 PHP) val_geo=-0.053134 (-5,313 PHP)
Epoch 007/50 | [MSE] train_loss=0.000745 val_loss=0.000533 | train_profit=-0.397420 (-39,742 PHP) val_profit=-0.338353 (-33,835 PHP) | train_geo=-0.595682 (-59,568 PHP) val_geo=-0.346011 (-34,601 PHP)
Epoch 008/50 | [MSE] train_loss=0.000735 val_loss=0.000531 | train_profit=-1.556448 (-155,645 PHP) val_profit=-0.710234 (-71,023 PHP) | train_geo=-0.872347 (-87,235 PHP) val_geo=-0.549490 (-54,949 PHP)
Epoch 009/50 | [MSE] train_loss=0.000722 val_loss=0.000531 | train_profit=-1.080486 (-108,049 PHP) val_profit=-0.033947 (-3,395 PHP) | train_geo=-0.794353 (-79,435 PHP) val_geo=-0.109667 (-10,967 PHP)
Epoch 010/50 | [MSE] train_loss=0.000717 val_loss=0.000532 | train_profit=-2.871098 (-287,110 PHP) val_profit=-0.642329 (-64,233 PHP) | train_geo=-0.966096 (-96,610 PHP) val_geo=-0.517778 (-51,778 PHP)
Epoch 011/50 | [MSE] train_loss=0.000713 val_loss=0.000532 | train_profit=-1.744066 (-174,407 PHP) val_profit=-0.577700 (-57,770 PHP) | train_geo=-0.894267 (-89,427 PHP) val_geo=-0.485344 (-48,534 PHP)
Epoch 012/50 | [MSE] train_loss=0.000720 val_loss=0.000532 | train_profit=-1.783425 (-178,343 PHP) val_profit=-0.033947 (-3,395 PHP) | train_geo=-0.898235 (-89,824 PHP) val_geo=-0.109667 (-10,967 PHP)
Epoch 013/50 | [MSE] train_loss=0.000716 val_loss=0.000534 | train_profit=-1.124589 (-112,459 PHP) val_profit=-0.691182 (-69,118 PHP) | train_geo=-0.803010 (-80,301 PHP) val_geo=-0.540737 (-54,074 PHP)
Epoch 014/50 | [MSE] train_loss=0.000712 val_loss=0.000531 | train_profit=-1.788297 (-178,830 PHP) val_profit=-0.033947 (-3,395 PHP) | train_geo=-0.898824 (-89,882 PHP) val_geo=-0.109667 (-10,967 PHP)
Epoch 015/50 | [MSE] train_loss=0.000709 val_loss=0.000533 | train_profit=-2.155129 (-215,513 PHP) val_profit=-0.033947 (-3,395 PHP) | train_geo=-0.930009 (-93,001 PHP) val_geo=-0.109667 (-10,967 PHP)
Epoch 016/50 | [MSE] train_loss=0.000706 val_loss=0.000531 | train_profit=-1.461023 (-146,102 PHP) val_profit=-0.659254 (-65,925 PHP) | train_geo=-0.859365 (-85,936 PHP) val_geo=-0.525846 (-52,585 PHP)
Epoch 017/50 | [MSE] train_loss=0.000709 val_loss=0.000533 | train_profit=-1.343599 (-134,360 PHP) val_profit=-0.033947 (-3,395 PHP) | train_geo=-0.842030 (-84,203 PHP) val_geo=-0.109667 (-10,967 PHP)
Epoch 018/50 | [MSE] train_loss=0.000710 val_loss=0.000534 | train_profit=-1.529358 (-152,936 PHP) val_profit=-0.033947 (-3,395 PHP) | train_geo=-0.868854 (-86,885 PHP) val_geo=-0.109667 (-10,967 PHP)
Epoch 019/50 | [MSE] train_loss=0.000714 val_loss=0.000533 | train_profit=-3.126026 (-312,603 PHP) val_profit=-0.033947 (-3,395 PHP) | train_geo=-0.973759 (-97,376 PHP) val_geo=-0.109667 (-10,967 PHP)
Epoch 020/50 | [MSE] train_loss=0.000703 val_loss=0.000532 | train_profit=-1.738034 (-173,803 PHP) val_profit=-0.033947 (-3,395 PHP) | train_geo=-0.893332 (-89,333 PHP) val_geo=-0.109667 (-10,967 PHP)
Epoch 021/50 | [MSE] train_loss=0.000704 val_loss=0.000531 | train_profit=-2.425514 (-242,551 PHP) val_profit=-0.529069 (-52,907 PHP) | train_geo=-0.946542 (-94,654 PHP) val_geo=-0.459745 (-45,975 PHP)
Epoch 022/50 | [MSE] train_loss=0.000707 val_loss=0.000533 | train_profit=-1.699108 (-169,911 PHP) val_profit=-0.032324 (-3,232 PHP) | train_geo=-0.889068 (-88,907 PHP) val_geo=-0.108225 (-10,822 PHP)
Epoch 023/50 | [MSE] train_loss=0.000705 val_loss=0.000534 | train_profit=-2.009098 (-200,910 PHP) val_profit=-0.033947 (-3,395 PHP) | train_geo=-0.918873 (-91,887 PHP) val_geo=-0.109667 (-10,967 PHP)
Epoch 024/50 | [MSE] train_loss=0.000702 val_loss=0.000533 | train_profit=-1.867225 (-186,723 PHP) val_profit=-0.366070 (-36,607 PHP) | train_geo=-0.906632 (-90,663 PHP) val_geo=-0.363892 (-36,389 PHP)
Epoch 025/50 | [MSE] train_loss=0.000706 val_loss=0.000535 | train_profit=-1.949055 (-194,905 PHP) val_profit=-0.033947 (-3,395 PHP) | train_geo=-0.913865 (-91,386 PHP) val_geo=-0.109667 (-10,967 PHP)
Epoch 026/50 | [MSE] train_loss=0.000701 val_loss=0.000534 | train_profit=-2.428379 (-242,838 PHP) val_profit=-0.033947 (-3,395 PHP) | train_geo=-0.946697 (-94,670 PHP) val_geo=-0.109667 (-10,967 PHP)
Epoch 027/50 | [MSE] train_loss=0.000696 val_loss=0.000532 | train_profit=-1.308601 (-130,860 PHP) val_profit=-0.018891 (-1,889 PHP) | train_geo=-0.836190 (-83,619 PHP) val_geo=-0.095872 (-9,587 PHP)
Epoch 028/50 | [MSE] train_loss=0.000698 val_loss=0.000533 | train_profit=-1.189920 (-118,992 PHP) val_profit=-0.097242 (-9,724 PHP) | train_geo=-0.815663 (-81,566 PHP) val_geo=-0.164124 (-16,412 PHP)
Epoch 029/50 | [MSE] train_loss=0.000699 val_loss=0.000532 | train_profit=-2.194666 (-219,467 PHP) val_profit=-0.056875 (-5,687 PHP) | train_geo=-0.932631 (-93,263 PHP) val_geo=-0.129910 (-12,991 PHP)
Epoch 030/50 | [MSE] train_loss=0.000698 val_loss=0.000533 | train_profit=-1.505939 (-150,594 PHP) val_profit=-0.082133 (-8,213 PHP) | train_geo=-0.865463 (-86,546 PHP) val_geo=-0.151280 (-15,128 PHP)
Epoch 031/50 | [MSE] train_loss=0.000699 val_loss=0.000534 | train_profit=-1.768483 (-176,848 PHP) val_profit=-0.017919 (-1,792 PHP) | train_geo=-0.896804 (-89,680 PHP) val_geo=-0.095230 (-9,523 PHP)
Epoch 032/50 | [MSE] train_loss=0.000702 val_loss=0.000534 | train_profit=-2.372024 (-237,202 PHP) val_profit=-0.053781 (-5,378 PHP) | train_geo=-0.943595 (-94,360 PHP) val_geo=-0.127154 (-12,715 PHP)
Epoch 033/50 | [MSE] train_loss=0.000694 val_loss=0.000533 | train_profit=-1.111823 (-111,182 PHP) val_profit=-0.080152 (-8,015 PHP) | train_geo=-0.800618 (-80,062 PHP) val_geo=-0.149928 (-14,993 PHP)
Epoch 034/50 | [MSE] train_loss=0.000699 val_loss=0.000534 | train_profit=-2.356657 (-235,666 PHP) val_profit=-0.058995 (-5,900 PHP) | train_geo=-0.942741 (-94,274 PHP) val_geo=-0.131662 (-13,166 PHP)
Epoch 035/50 | [MSE] train_loss=0.000695 val_loss=0.000533 | train_profit=-1.423219 (-142,322 PHP) val_profit=-0.160484 (-16,048 PHP) | train_geo=-0.853774 (-85,377 PHP) val_geo=-0.215350 (-21,535 PHP)
Epoch 036/50 | [MSE] train_loss=0.000699 val_loss=0.000534 | train_profit=-1.450251 (-145,025 PHP) val_profit=-0.058995 (-5,900 PHP) | train_geo=-0.857821 (-85,782 PHP) val_geo=-0.131662 (-13,166 PHP)
Epoch 037/50 | [MSE] train_loss=0.000695 val_loss=0.000534 | train_profit=-1.262433 (-126,243 PHP) val_profit=-0.657160 (-65,716 PHP) | train_geo=-0.828611 (-82,861 PHP) val_geo=-0.524877 (-52,488 PHP)
Epoch 038/50 | [MSE] train_loss=0.000695 val_loss=0.000534 | train_profit=-1.312329 (-131,233 PHP) val_profit=-0.467347 (-46,735 PHP) | train_geo=-0.836758 (-83,676 PHP) val_geo=-0.425283 (-42,528 PHP)
Epoch 039/50 | [MSE] train_loss=0.000696 val_loss=0.000533 | train_profit=-1.480314 (-148,031 PHP) val_profit=-0.464002 (-46,400 PHP) | train_geo=-0.862061 (-86,206 PHP) val_geo=-0.423431 (-42,343 PHP)
Epoch 040/50 | [MSE] train_loss=0.000698 val_loss=0.000534 | train_profit=-2.132747 (-213,275 PHP) val_profit=-0.474281 (-47,428 PHP) | train_geo=-0.928901 (-92,890 PHP) val_geo=-0.429281 (-42,928 PHP)
Epoch 041/50 | [MSE] train_loss=0.000697 val_loss=0.000534 | train_profit=-2.118270 (-211,827 PHP) val_profit=-0.617852 (-61,785 PHP) | train_geo=-0.927235 (-92,723 PHP) val_geo=-0.505869 (-50,587 PHP)
Epoch 042/50 | [MSE] train_loss=0.000693 val_loss=0.000534 | train_profit=-0.956803 (-95,680 PHP) val_profit=-0.617852 (-61,785 PHP) | train_geo=-0.767110 (-76,711 PHP) val_geo=-0.505869 (-50,587 PHP)
Epoch 043/50 | [MSE] train_loss=0.000696 val_loss=0.000535 | train_profit=-1.777908 (-177,791 PHP) val_profit=-0.160484 (-16,048 PHP) | train_geo=-0.897808 (-89,781 PHP) val_geo=-0.215350 (-21,535 PHP)
Epoch 044/50 | [MSE] train_loss=0.000693 val_loss=0.000535 | train_profit=-1.638508 (-163,851 PHP) val_profit=-0.648540 (-64,854 PHP) | train_geo=-0.882395 (-88,239 PHP) val_geo=-0.520787 (-52,079 PHP)
Epoch 045/50 | [MSE] train_loss=0.000695 val_loss=0.000534 | train_profit=-1.393258 (-139,326 PHP) val_profit=-0.187303 (-18,730 PHP) | train_geo=-0.849537 (-84,954 PHP) val_geo=-0.236250 (-23,625 PHP)
Epoch 046/50 | [MSE] train_loss=0.000693 val_loss=0.000536 | train_profit=-1.602231 (-160,223 PHP) val_profit=-0.630101 (-63,010 PHP) | train_geo=-0.877926 (-87,793 PHP) val_geo=-0.511925 (-51,193 PHP)
Epoch 047/50 | [MSE] train_loss=0.000693 val_loss=0.000533 | train_profit=-1.320381 (-132,038 PHP) val_profit=-0.479706 (-47,971 PHP) | train_geo=-0.838102 (-83,810 PHP) val_geo=-0.432547 (-43,255 PHP)
Epoch 048/50 | [MSE] train_loss=0.000693 val_loss=0.000536 | train_profit=-1.527543 (-152,754 PHP) val_profit=-0.597803 (-59,780 PHP) | train_geo=-0.868462 (-86,846 PHP) val_geo=-0.495810 (-49,581 PHP)
Epoch 049/50 | [MSE] train_loss=0.000691 val_loss=0.000535 | train_profit=-1.012977 (-101,298 PHP) val_profit=-0.489272 (-48,927 PHP) | train_geo=-0.779965 (-77,996 PHP) val_geo=-0.437817 (-43,782 PHP)
Epoch 050/50 | [MSE] train_loss=0.000693 val_loss=0.000534 | train_profit=-1.543030 (-154,303 PHP) val_profit=-0.325285 (-32,528 PHP) | train_geo=-0.870604 (-87,060 PHP) val_geo=-0.337486 (-33,749 PHP)
[16/23] F          (weak  ) mse           dir_acc=0.464 cum_ret=-0.4936 geo_ret=-0.4383 sharpe=-1.086 (buy&hold=+0.3803) [3.8s]
Epoch 001/50 | train_loss=0.000120 val_loss=0.000702 | train_profit=0.573821 (+57,382 PHP) val_profit=0.031947 (+3,195 PHP) | train_geo=0.076265 (+7,627 PHP) val_geo=-0.053134 (-5,313 PHP)
Epoch 002/50 | train_loss=0.000177 val_loss=0.000921 | train_profit=0.405087 (+40,509 PHP) val_profit=0.031947 (+3,195 PHP) | train_geo=-0.090550 (-9,055 PHP) val_geo=-0.053134 (-5,313 PHP)
Epoch 003/50 | train_loss=-0.000267 val_loss=0.000922 | train_profit=1.188861 (+118,886 PHP) val_profit=-0.050834 (-5,083 PHP) | train_geo=0.992827 (+99,283 PHP) val_geo=-0.128357 (-12,836 PHP)
Epoch 004/50 | train_loss=-0.000347 val_loss=0.000309 | train_profit=1.059342 (+105,934 PHP) val_profit=0.031947 (+3,195 PHP) | train_geo=0.750844 (+75,084 PHP) val_geo=-0.053134 (-5,313 PHP)
Epoch 005/50 | train_loss=-0.000181 val_loss=0.000845 | train_profit=1.004417 (+100,442 PHP) val_profit=0.031947 (+3,195 PHP) | train_geo=0.656995 (+65,700 PHP) val_geo=-0.053134 (-5,313 PHP)
Epoch 006/50 | train_loss=-0.000037 val_loss=-0.000274 | train_profit=0.762298 (+76,230 PHP) val_profit=0.031947 (+3,195 PHP) | train_geo=0.300162 (+30,016 PHP) val_geo=-0.053134 (-5,313 PHP)
Epoch 007/50 | train_loss=-0.000535 val_loss=0.000143 | train_profit=0.924080 (+92,408 PHP) val_profit=0.031947 (+3,195 PHP) | train_geo=0.528889 (+52,889 PHP) val_geo=-0.053134 (-5,313 PHP)
Epoch 008/50 | train_loss=-0.000502 val_loss=0.000253 | train_profit=0.924080 (+92,408 PHP) val_profit=0.031947 (+3,195 PHP) | train_geo=0.528889 (+52,889 PHP) val_geo=-0.053134 (-5,313 PHP)
Epoch 009/50 | train_loss=-0.000530 val_loss=0.000128 | train_profit=0.924080 (+92,408 PHP) val_profit=0.031947 (+3,195 PHP) | train_geo=0.528889 (+52,889 PHP) val_geo=-0.053134 (-5,313 PHP)
Epoch 010/50 | train_loss=-0.000537 val_loss=0.000155 | train_profit=0.924080 (+92,408 PHP) val_profit=0.031947 (+3,195 PHP) | train_geo=0.528889 (+52,889 PHP) val_geo=-0.053134 (-5,313 PHP)
Epoch 011/50 | train_loss=-0.000523 val_loss=0.000218 | train_profit=0.924080 (+92,408 PHP) val_profit=0.031947 (+3,195 PHP) | train_geo=0.528889 (+52,889 PHP) val_geo=-0.053134 (-5,313 PHP)
Epoch 012/50 | train_loss=-0.000504 val_loss=0.000196 | train_profit=0.924080 (+92,408 PHP) val_profit=0.031947 (+3,195 PHP) | train_geo=0.528889 (+52,889 PHP) val_geo=-0.053134 (-5,313 PHP)
Epoch 013/50 | train_loss=-0.000516 val_loss=0.000192 | train_profit=0.924080 (+92,408 PHP) val_profit=0.031947 (+3,195 PHP) | train_geo=0.528889 (+52,889 PHP) val_geo=-0.053134 (-5,313 PHP)
Epoch 014/50 | train_loss=-0.000528 val_loss=0.000150 | train_profit=0.924080 (+92,408 PHP) val_profit=0.031947 (+3,195 PHP) | train_geo=0.528889 (+52,889 PHP) val_geo=-0.053134 (-5,313 PHP)
Epoch 015/50 | train_loss=-0.000545 val_loss=0.000180 | train_profit=0.924080 (+92,408 PHP) val_profit=0.031947 (+3,195 PHP) | train_geo=0.528889 (+52,889 PHP) val_geo=-0.053134 (-5,313 PHP)
Epoch 016/50 | train_loss=-0.000515 val_loss=0.000213 | train_profit=0.924080 (+92,408 PHP) val_profit=0.031947 (+3,195 PHP) | train_geo=0.528889 (+52,889 PHP) val_geo=-0.053134 (-5,313 PHP)
Epoch 017/50 | train_loss=-0.000494 val_loss=0.000245 | train_profit=0.924080 (+92,408 PHP) val_profit=0.031947 (+3,195 PHP) | train_geo=0.528889 (+52,889 PHP) val_geo=-0.053134 (-5,313 PHP)
Epoch 018/50 | train_loss=-0.000484 val_loss=0.000234 | train_profit=0.924080 (+92,408 PHP) val_profit=0.031947 (+3,195 PHP) | train_geo=0.528889 (+52,889 PHP) val_geo=-0.053134 (-5,313 PHP)
Epoch 019/50 | train_loss=-0.000499 val_loss=0.000183 | train_profit=0.924080 (+92,408 PHP) val_profit=0.031947 (+3,195 PHP) | train_geo=0.528889 (+52,889 PHP) val_geo=-0.053134 (-5,313 PHP)
Epoch 020/50 | train_loss=-0.000501 val_loss=0.000244 | train_profit=0.924080 (+92,408 PHP) val_profit=0.031947 (+3,195 PHP) | train_geo=0.528889 (+52,889 PHP) val_geo=-0.053134 (-5,313 PHP)
Epoch 021/50 | train_loss=-0.000490 val_loss=0.000224 | train_profit=0.924080 (+92,408 PHP) val_profit=0.031947 (+3,195 PHP) | train_geo=0.528889 (+52,889 PHP) val_geo=-0.053134 (-5,313 PHP)
Epoch 022/50 | train_loss=-0.000516 val_loss=0.000160 | train_profit=0.924080 (+92,408 PHP) val_profit=0.031947 (+3,195 PHP) | train_geo=0.528889 (+52,889 PHP) val_geo=-0.053134 (-5,313 PHP)
Epoch 023/50 | train_loss=-0.000513 val_loss=0.000230 | train_profit=0.924080 (+92,408 PHP) val_profit=0.031947 (+3,195 PHP) | train_geo=0.528889 (+52,889 PHP) val_geo=-0.053134 (-5,313 PHP)
Epoch 024/50 | train_loss=-0.000518 val_loss=0.000173 | train_profit=0.924080 (+92,408 PHP) val_profit=0.031947 (+3,195 PHP) | train_geo=0.528889 (+52,889 PHP) val_geo=-0.053134 (-5,313 PHP)
Epoch 025/50 | train_loss=-0.000481 val_loss=0.000285 | train_profit=0.924080 (+92,408 PHP) val_profit=0.031947 (+3,195 PHP) | train_geo=0.528889 (+52,889 PHP) val_geo=-0.053134 (-5,313 PHP)
Epoch 026/50 | train_loss=-0.000517 val_loss=0.000133 | train_profit=0.924080 (+92,408 PHP) val_profit=0.031947 (+3,195 PHP) | train_geo=0.528889 (+52,889 PHP) val_geo=-0.053134 (-5,313 PHP)
Epoch 027/50 | train_loss=-0.000534 val_loss=0.000219 | train_profit=0.924080 (+92,408 PHP) val_profit=0.031947 (+3,195 PHP) | train_geo=0.528889 (+52,889 PHP) val_geo=-0.053134 (-5,313 PHP)
Epoch 028/50 | train_loss=-0.000512 val_loss=0.000174 | train_profit=0.924080 (+92,408 PHP) val_profit=0.031947 (+3,195 PHP) | train_geo=0.528889 (+52,889 PHP) val_geo=-0.053134 (-5,313 PHP)
Epoch 029/50 | train_loss=-0.000525 val_loss=0.000182 | train_profit=0.924080 (+92,408 PHP) val_profit=0.031947 (+3,195 PHP) | train_geo=0.528889 (+52,889 PHP) val_geo=-0.053134 (-5,313 PHP)
Epoch 030/50 | train_loss=-0.000521 val_loss=0.000179 | train_profit=0.924080 (+92,408 PHP) val_profit=0.031947 (+3,195 PHP) | train_geo=0.528889 (+52,889 PHP) val_geo=-0.053134 (-5,313 PHP)
Epoch 031/50 | train_loss=-0.000516 val_loss=0.000211 | train_profit=0.924080 (+92,408 PHP) val_profit=0.031947 (+3,195 PHP) | train_geo=0.528889 (+52,889 PHP) val_geo=-0.053134 (-5,313 PHP)
Epoch 032/50 | train_loss=-0.000523 val_loss=0.000160 | train_profit=0.924080 (+92,408 PHP) val_profit=0.031947 (+3,195 PHP) | train_geo=0.528889 (+52,889 PHP) val_geo=-0.053134 (-5,313 PHP)
Epoch 033/50 | train_loss=-0.000541 val_loss=0.000170 | train_profit=0.924080 (+92,408 PHP) val_profit=0.031947 (+3,195 PHP) | train_geo=0.528889 (+52,889 PHP) val_geo=-0.053134 (-5,313 PHP)
Epoch 034/50 | train_loss=-0.000522 val_loss=0.000199 | train_profit=0.924080 (+92,408 PHP) val_profit=0.031947 (+3,195 PHP) | train_geo=0.528889 (+52,889 PHP) val_geo=-0.053134 (-5,313 PHP)
Epoch 035/50 | train_loss=-0.000539 val_loss=0.000160 | train_profit=0.924080 (+92,408 PHP) val_profit=0.031947 (+3,195 PHP) | train_geo=0.528889 (+52,889 PHP) val_geo=-0.053134 (-5,313 PHP)
Epoch 036/50 | train_loss=-0.000513 val_loss=0.000223 | train_profit=0.924080 (+92,408 PHP) val_profit=0.031947 (+3,195 PHP) | train_geo=0.528889 (+52,889 PHP) val_geo=-0.053134 (-5,313 PHP)
Epoch 037/50 | train_loss=-0.000534 val_loss=0.000127 | train_profit=0.924080 (+92,408 PHP) val_profit=0.031947 (+3,195 PHP) | train_geo=0.528889 (+52,889 PHP) val_geo=-0.053134 (-5,313 PHP)
Epoch 038/50 | train_loss=-0.000566 val_loss=0.000154 | train_profit=0.924080 (+92,408 PHP) val_profit=0.031947 (+3,195 PHP) | train_geo=0.528889 (+52,889 PHP) val_geo=-0.053134 (-5,313 PHP)
Epoch 039/50 | train_loss=-0.000514 val_loss=0.000235 | train_profit=0.924080 (+92,408 PHP) val_profit=0.031947 (+3,195 PHP) | train_geo=0.528889 (+52,889 PHP) val_geo=-0.053134 (-5,313 PHP)
Epoch 040/50 | train_loss=-0.000525 val_loss=0.000135 | train_profit=0.924080 (+92,408 PHP) val_profit=0.031947 (+3,195 PHP) | train_geo=0.528889 (+52,889 PHP) val_geo=-0.053134 (-5,313 PHP)
Epoch 041/50 | train_loss=-0.000546 val_loss=0.000179 | train_profit=0.924080 (+92,408 PHP) val_profit=0.031947 (+3,195 PHP) | train_geo=0.528889 (+52,889 PHP) val_geo=-0.053134 (-5,313 PHP)
Epoch 042/50 | train_loss=-0.000536 val_loss=0.000175 | train_profit=0.924080 (+92,408 PHP) val_profit=0.031947 (+3,195 PHP) | train_geo=0.528889 (+52,889 PHP) val_geo=-0.053134 (-5,313 PHP)
Epoch 043/50 | train_loss=-0.000548 val_loss=0.000144 | train_profit=0.924080 (+92,408 PHP) val_profit=0.031947 (+3,195 PHP) | train_geo=0.528889 (+52,889 PHP) val_geo=-0.053134 (-5,313 PHP)
Epoch 044/50 | train_loss=-0.000530 val_loss=0.000213 | train_profit=0.924080 (+92,408 PHP) val_profit=0.031947 (+3,195 PHP) | train_geo=0.528889 (+52,889 PHP) val_geo=-0.053134 (-5,313 PHP)
Epoch 045/50 | train_loss=-0.000540 val_loss=0.000145 | train_profit=0.924080 (+92,408 PHP) val_profit=0.031947 (+3,195 PHP) | train_geo=0.528889 (+52,889 PHP) val_geo=-0.053134 (-5,313 PHP)
Epoch 046/50 | train_loss=-0.000546 val_loss=0.000181 | train_profit=0.924080 (+92,408 PHP) val_profit=0.031947 (+3,195 PHP) | train_geo=0.528889 (+52,889 PHP) val_geo=-0.053134 (-5,313 PHP)
Epoch 047/50 | train_loss=-0.000542 val_loss=0.000155 | train_profit=0.924080 (+92,408 PHP) val_profit=0.031947 (+3,195 PHP) | train_geo=0.528889 (+52,889 PHP) val_geo=-0.053134 (-5,313 PHP)
Epoch 048/50 | train_loss=-0.000552 val_loss=0.000168 | train_profit=0.924080 (+92,408 PHP) val_profit=0.031947 (+3,195 PHP) | train_geo=0.528889 (+52,889 PHP) val_geo=-0.053134 (-5,313 PHP)
Epoch 049/50 | train_loss=-0.000550 val_loss=0.000151 | train_profit=0.924080 (+92,408 PHP) val_profit=0.031947 (+3,195 PHP) | train_geo=0.528889 (+52,889 PHP) val_geo=-0.053134 (-5,313 PHP)
Epoch 050/50 | train_loss=-0.000553 val_loss=0.000150 | train_profit=0.924080 (+92,408 PHP) val_profit=0.031947 (+3,195 PHP) | train_geo=0.528889 (+52,889 PHP) val_geo=-0.053134 (-5,313 PHP)
[16/23] F          (weak  ) profit-aware  dir_acc=0.498 cum_ret=+0.4010 geo_ret=+0.3789 sharpe=+0.884 (buy&hold=+0.3803) [8.9s]
Epoch 001/50 | [PROFIT-LOG] train_loss=-0.000515 val_loss=0.000163 | train_profit=0.872752 (+87,275 PHP) val_profit=0.031947 (+3,195 PHP) | train_geo=0.452281 (+45,228 PHP) val_geo=-0.053134 (-5,313 PHP)
Epoch 002/50 | [PROFIT-LOG] train_loss=-0.000556 val_loss=0.000163 | train_profit=0.924080 (+92,408 PHP) val_profit=0.031947 (+3,195 PHP) | train_geo=0.528889 (+52,889 PHP) val_geo=-0.053134 (-5,313 PHP)
Epoch 003/50 | [PROFIT-LOG] train_loss=-0.000556 val_loss=0.000163 | train_profit=0.924080 (+92,408 PHP) val_profit=0.031947 (+3,195 PHP) | train_geo=0.528889 (+52,889 PHP) val_geo=-0.053134 (-5,313 PHP)
Epoch 004/50 | [PROFIT-LOG] train_loss=-0.000556 val_loss=0.000163 | train_profit=0.924080 (+92,408 PHP) val_profit=0.031947 (+3,195 PHP) | train_geo=0.528889 (+52,889 PHP) val_geo=-0.053134 (-5,313 PHP)
Epoch 005/50 | [PROFIT-LOG] train_loss=-0.000556 val_loss=0.000163 | train_profit=0.924080 (+92,408 PHP) val_profit=0.031947 (+3,195 PHP) | train_geo=0.528889 (+52,889 PHP) val_geo=-0.053134 (-5,313 PHP)
Epoch 006/50 | [PROFIT-LOG] train_loss=-0.000556 val_loss=0.000163 | train_profit=0.924080 (+92,408 PHP) val_profit=0.031947 (+3,195 PHP) | train_geo=0.528889 (+52,889 PHP) val_geo=-0.053134 (-5,313 PHP)
Epoch 007/50 | [PROFIT-LOG] train_loss=-0.000556 val_loss=0.000163 | train_profit=0.924080 (+92,408 PHP) val_profit=0.031947 (+3,195 PHP) | train_geo=0.528889 (+52,889 PHP) val_geo=-0.053134 (-5,313 PHP)
Epoch 008/50 | [PROFIT-LOG] train_loss=-0.000556 val_loss=0.000163 | train_profit=0.924080 (+92,408 PHP) val_profit=0.031947 (+3,195 PHP) | train_geo=0.528889 (+52,889 PHP) val_geo=-0.053134 (-5,313 PHP)
Epoch 009/50 | [PROFIT-LOG] train_loss=-0.000556 val_loss=0.000163 | train_profit=0.924080 (+92,408 PHP) val_profit=0.031947 (+3,195 PHP) | train_geo=0.528889 (+52,889 PHP) val_geo=-0.053134 (-5,313 PHP)
Epoch 010/50 | [PROFIT-LOG] train_loss=-0.000556 val_loss=0.000163 | train_profit=0.924080 (+92,408 PHP) val_profit=0.031947 (+3,195 PHP) | train_geo=0.528889 (+52,889 PHP) val_geo=-0.053134 (-5,313 PHP)
Epoch 011/50 | [PROFIT-LOG] train_loss=-0.000556 val_loss=0.000163 | train_profit=0.924080 (+92,408 PHP) val_profit=0.031947 (+3,195 PHP) | train_geo=0.528889 (+52,889 PHP) val_geo=-0.053134 (-5,313 PHP)
Epoch 012/50 | [PROFIT-LOG] train_loss=-0.000556 val_loss=0.000163 | train_profit=0.924080 (+92,408 PHP) val_profit=0.031947 (+3,195 PHP) | train_geo=0.528889 (+52,889 PHP) val_geo=-0.053134 (-5,313 PHP)
Epoch 013/50 | [PROFIT-LOG] train_loss=-0.000556 val_loss=0.000163 | train_profit=0.924080 (+92,408 PHP) val_profit=0.031947 (+3,195 PHP) | train_geo=0.528889 (+52,889 PHP) val_geo=-0.053134 (-5,313 PHP)
Epoch 014/50 | [PROFIT-LOG] train_loss=-0.000556 val_loss=0.000163 | train_profit=0.924080 (+92,408 PHP) val_profit=0.031947 (+3,195 PHP) | train_geo=0.528889 (+52,889 PHP) val_geo=-0.053134 (-5,313 PHP)
Epoch 015/50 | [PROFIT-LOG] train_loss=-0.000556 val_loss=0.000163 | train_profit=0.924080 (+92,408 PHP) val_profit=0.031947 (+3,195 PHP) | train_geo=0.528889 (+52,889 PHP) val_geo=-0.053134 (-5,313 PHP)
Epoch 016/50 | [PROFIT-LOG] train_loss=-0.000556 val_loss=0.000163 | train_profit=0.924080 (+92,408 PHP) val_profit=0.031947 (+3,195 PHP) | train_geo=0.528889 (+52,889 PHP) val_geo=-0.053134 (-5,313 PHP)
Epoch 017/50 | [PROFIT-LOG] train_loss=-0.000556 val_loss=0.000163 | train_profit=0.924080 (+92,408 PHP) val_profit=0.031947 (+3,195 PHP) | train_geo=0.528889 (+52,889 PHP) val_geo=-0.053134 (-5,313 PHP)
Epoch 018/50 | [PROFIT-LOG] train_loss=-0.000556 val_loss=0.000163 | train_profit=0.924080 (+92,408 PHP) val_profit=0.031947 (+3,195 PHP) | train_geo=0.528889 (+52,889 PHP) val_geo=-0.053134 (-5,313 PHP)
Epoch 019/50 | [PROFIT-LOG] train_loss=-0.000556 val_loss=0.000163 | train_profit=0.924080 (+92,408 PHP) val_profit=0.031947 (+3,195 PHP) | train_geo=0.528889 (+52,889 PHP) val_geo=-0.053134 (-5,313 PHP)
Epoch 020/50 | [PROFIT-LOG] train_loss=-0.000556 val_loss=0.000163 | train_profit=0.924080 (+92,408 PHP) val_profit=0.031947 (+3,195 PHP) | train_geo=0.528889 (+52,889 PHP) val_geo=-0.053134 (-5,313 PHP)
Epoch 021/50 | [PROFIT-LOG] train_loss=-0.000556 val_loss=0.000163 | train_profit=0.924080 (+92,408 PHP) val_profit=0.031947 (+3,195 PHP) | train_geo=0.528889 (+52,889 PHP) val_geo=-0.053134 (-5,313 PHP)
Epoch 022/50 | [PROFIT-LOG] train_loss=-0.000556 val_loss=0.000163 | train_profit=0.924080 (+92,408 PHP) val_profit=0.031947 (+3,195 PHP) | train_geo=0.528889 (+52,889 PHP) val_geo=-0.053134 (-5,313 PHP)
Epoch 023/50 | [PROFIT-LOG] train_loss=-0.000556 val_loss=0.000163 | train_profit=0.924080 (+92,408 PHP) val_profit=0.031947 (+3,195 PHP) | train_geo=0.528889 (+52,889 PHP) val_geo=-0.053134 (-5,313 PHP)
Epoch 024/50 | [PROFIT-LOG] train_loss=-0.000556 val_loss=0.000163 | train_profit=0.924080 (+92,408 PHP) val_profit=0.031947 (+3,195 PHP) | train_geo=0.528889 (+52,889 PHP) val_geo=-0.053134 (-5,313 PHP)
Epoch 025/50 | [PROFIT-LOG] train_loss=-0.000556 val_loss=0.000163 | train_profit=0.924080 (+92,408 PHP) val_profit=0.031947 (+3,195 PHP) | train_geo=0.528889 (+52,889 PHP) val_geo=-0.053134 (-5,313 PHP)
Epoch 026/50 | [PROFIT-LOG] train_loss=-0.000556 val_loss=0.000163 | train_profit=0.924080 (+92,408 PHP) val_profit=0.031947 (+3,195 PHP) | train_geo=0.528889 (+52,889 PHP) val_geo=-0.053134 (-5,313 PHP)
Epoch 027/50 | [PROFIT-LOG] train_loss=-0.000556 val_loss=0.000163 | train_profit=0.924080 (+92,408 PHP) val_profit=0.031947 (+3,195 PHP) | train_geo=0.528889 (+52,889 PHP) val_geo=-0.053134 (-5,313 PHP)
Epoch 028/50 | [PROFIT-LOG] train_loss=-0.000556 val_loss=0.000163 | train_profit=0.924080 (+92,408 PHP) val_profit=0.031947 (+3,195 PHP) | train_geo=0.528889 (+52,889 PHP) val_geo=-0.053134 (-5,313 PHP)
Epoch 029/50 | [PROFIT-LOG] train_loss=-0.000556 val_loss=0.000163 | train_profit=0.924080 (+92,408 PHP) val_profit=0.031947 (+3,195 PHP) | train_geo=0.528889 (+52,889 PHP) val_geo=-0.053134 (-5,313 PHP)
Epoch 030/50 | [PROFIT-LOG] train_loss=-0.000556 val_loss=0.000163 | train_profit=0.924080 (+92,408 PHP) val_profit=0.031947 (+3,195 PHP) | train_geo=0.528889 (+52,889 PHP) val_geo=-0.053134 (-5,313 PHP)
Epoch 031/50 | [PROFIT-LOG] train_loss=-0.000556 val_loss=0.000163 | train_profit=0.924080 (+92,408 PHP) val_profit=0.031947 (+3,195 PHP) | train_geo=0.528889 (+52,889 PHP) val_geo=-0.053134 (-5,313 PHP)
Epoch 032/50 | [PROFIT-LOG] train_loss=-0.000556 val_loss=0.000163 | train_profit=0.924080 (+92,408 PHP) val_profit=0.031947 (+3,195 PHP) | train_geo=0.528889 (+52,889 PHP) val_geo=-0.053134 (-5,313 PHP)
Epoch 033/50 | [PROFIT-LOG] train_loss=-0.000556 val_loss=0.000163 | train_profit=0.924080 (+92,408 PHP) val_profit=0.031947 (+3,195 PHP) | train_geo=0.528889 (+52,889 PHP) val_geo=-0.053134 (-5,313 PHP)
Epoch 034/50 | [PROFIT-LOG] train_loss=-0.000556 val_loss=0.000163 | train_profit=0.924080 (+92,408 PHP) val_profit=0.031947 (+3,195 PHP) | train_geo=0.528889 (+52,889 PHP) val_geo=-0.053134 (-5,313 PHP)
Epoch 035/50 | [PROFIT-LOG] train_loss=-0.000556 val_loss=0.000163 | train_profit=0.924080 (+92,408 PHP) val_profit=0.031947 (+3,195 PHP) | train_geo=0.528889 (+52,889 PHP) val_geo=-0.053134 (-5,313 PHP)
Epoch 036/50 | [PROFIT-LOG] train_loss=-0.000556 val_loss=0.000163 | train_profit=0.924080 (+92,408 PHP) val_profit=0.031947 (+3,195 PHP) | train_geo=0.528889 (+52,889 PHP) val_geo=-0.053134 (-5,313 PHP)
Epoch 037/50 | [PROFIT-LOG] train_loss=-0.000556 val_loss=0.000163 | train_profit=0.924080 (+92,408 PHP) val_profit=0.031947 (+3,195 PHP) | train_geo=0.528889 (+52,889 PHP) val_geo=-0.053134 (-5,313 PHP)
Epoch 038/50 | [PROFIT-LOG] train_loss=-0.000556 val_loss=0.000163 | train_profit=0.924080 (+92,408 PHP) val_profit=0.031947 (+3,195 PHP) | train_geo=0.528889 (+52,889 PHP) val_geo=-0.053134 (-5,313 PHP)
Epoch 039/50 | [PROFIT-LOG] train_loss=-0.000556 val_loss=0.000163 | train_profit=0.924080 (+92,408 PHP) val_profit=0.031947 (+3,195 PHP) | train_geo=0.528889 (+52,889 PHP) val_geo=-0.053134 (-5,313 PHP)
Epoch 040/50 | [PROFIT-LOG] train_loss=-0.000556 val_loss=0.000163 | train_profit=0.924080 (+92,408 PHP) val_profit=0.031947 (+3,195 PHP) | train_geo=0.528889 (+52,889 PHP) val_geo=-0.053134 (-5,313 PHP)
Epoch 041/50 | [PROFIT-LOG] train_loss=-0.000556 val_loss=0.000163 | train_profit=0.924080 (+92,408 PHP) val_profit=0.031947 (+3,195 PHP) | train_geo=0.528889 (+52,889 PHP) val_geo=-0.053134 (-5,313 PHP)
Epoch 042/50 | [PROFIT-LOG] train_loss=-0.000556 val_loss=0.000163 | train_profit=0.924080 (+92,408 PHP) val_profit=0.031947 (+3,195 PHP) | train_geo=0.528889 (+52,889 PHP) val_geo=-0.053134 (-5,313 PHP)
Epoch 043/50 | [PROFIT-LOG] train_loss=-0.000556 val_loss=0.000163 | train_profit=0.924080 (+92,408 PHP) val_profit=0.031947 (+3,195 PHP) | train_geo=0.528889 (+52,889 PHP) val_geo=-0.053134 (-5,313 PHP)
Epoch 044/50 | [PROFIT-LOG] train_loss=-0.000556 val_loss=0.000163 | train_profit=0.924080 (+92,408 PHP) val_profit=0.031947 (+3,195 PHP) | train_geo=0.528889 (+52,889 PHP) val_geo=-0.053134 (-5,313 PHP)
Epoch 045/50 | [PROFIT-LOG] train_loss=-0.000556 val_loss=0.000163 | train_profit=0.924080 (+92,408 PHP) val_profit=0.031947 (+3,195 PHP) | train_geo=0.528889 (+52,889 PHP) val_geo=-0.053134 (-5,313 PHP)
Epoch 046/50 | [PROFIT-LOG] train_loss=-0.000556 val_loss=0.000163 | train_profit=0.924080 (+92,408 PHP) val_profit=0.031947 (+3,195 PHP) | train_geo=0.528889 (+52,889 PHP) val_geo=-0.053134 (-5,313 PHP)
Epoch 047/50 | [PROFIT-LOG] train_loss=-0.000556 val_loss=0.000163 | train_profit=0.924080 (+92,408 PHP) val_profit=0.031947 (+3,195 PHP) | train_geo=0.528889 (+52,889 PHP) val_geo=-0.053134 (-5,313 PHP)
Epoch 048/50 | [PROFIT-LOG] train_loss=-0.000556 val_loss=0.000163 | train_profit=0.924080 (+92,408 PHP) val_profit=0.031947 (+3,195 PHP) | train_geo=0.528889 (+52,889 PHP) val_geo=-0.053134 (-5,313 PHP)
Epoch 049/50 | [PROFIT-LOG] train_loss=-0.000556 val_loss=0.000163 | train_profit=0.924080 (+92,408 PHP) val_profit=0.031947 (+3,195 PHP) | train_geo=0.528889 (+52,889 PHP) val_geo=-0.053134 (-5,313 PHP)
Epoch 050/50 | [PROFIT-LOG] train_loss=-0.000556 val_loss=0.000163 | train_profit=0.924080 (+92,408 PHP) val_profit=0.031947 (+3,195 PHP) | train_geo=0.528889 (+52,889 PHP) val_geo=-0.053134 (-5,313 PHP)
[16/23] F          (weak  ) profit-log    dir_acc=0.498 cum_ret=+0.4010 geo_ret=+0.3789 sharpe=+0.884 (buy&hold=+0.3803) [13.6s]
Epoch 001/50 | [MSE] train_loss=0.000496 val_loss=0.000209 | train_profit=-0.637677 (-63,768 PHP) val_profit=-0.365789 (-36,579 PHP) | train_geo=-0.594415 (-59,441 PHP) val_geo=-0.328601 (-32,860 PHP)
Epoch 002/50 | [MSE] train_loss=0.000395 val_loss=0.000220 | train_profit=0.222536 (+22,254 PHP) val_profit=-0.069878 (-6,988 PHP) | train_geo=-0.045262 (-4,526 PHP) val_geo=-0.096649 (-9,665 PHP)
Epoch 003/50 | [MSE] train_loss=0.000379 val_loss=0.000208 | train_profit=0.538250 (+53,825 PHP) val_profit=0.134468 (+13,447 PHP) | train_geo=0.315257 (+31,526 PHP) val_geo=0.108246 (+10,825 PHP)
Epoch 004/50 | [MSE] train_loss=0.000378 val_loss=0.000210 | train_profit=-0.769864 (-76,986 PHP) val_profit=0.042708 (+4,271 PHP) | train_geo=-0.650930 (-65,093 PHP) val_geo=0.011133 (+1,113 PHP)
Epoch 005/50 | [MSE] train_loss=0.000377 val_loss=0.000204 | train_profit=-1.280831 (-128,083 PHP) val_profit=0.161345 (+16,135 PHP) | train_geo=-0.790364 (-79,036 PHP) val_geo=0.138568 (+13,857 PHP)
Epoch 006/50 | [MSE] train_loss=0.000369 val_loss=0.000204 | train_profit=-0.397185 (-39,718 PHP) val_profit=0.161345 (+16,135 PHP) | train_geo=-0.490548 (-49,055 PHP) val_geo=0.138568 (+13,857 PHP)
Epoch 007/50 | [MSE] train_loss=0.000367 val_loss=0.000206 | train_profit=-0.869362 (-86,936 PHP) val_profit=0.161345 (+16,135 PHP) | train_geo=-0.682968 (-68,297 PHP) val_geo=0.138568 (+13,857 PHP)
Epoch 008/50 | [MSE] train_loss=0.000364 val_loss=0.000201 | train_profit=-0.437683 (-43,768 PHP) val_profit=0.129908 (+12,991 PHP) | train_geo=-0.512208 (-51,221 PHP) val_geo=0.103290 (+10,329 PHP)
Epoch 009/50 | [MSE] train_loss=0.000362 val_loss=0.000203 | train_profit=-0.034239 (-3,424 PHP) val_profit=0.161345 (+16,135 PHP) | train_geo=-0.258100 (-25,810 PHP) val_geo=0.138568 (+13,857 PHP)
Epoch 010/50 | [MSE] train_loss=0.000360 val_loss=0.000203 | train_profit=-0.209669 (-20,967 PHP) val_profit=0.161345 (+16,135 PHP) | train_geo=-0.382017 (-38,202 PHP) val_geo=0.138568 (+13,857 PHP)
Epoch 011/50 | [MSE] train_loss=0.000362 val_loss=0.000202 | train_profit=1.210548 (+121,055 PHP) val_profit=0.161345 (+16,135 PHP) | train_geo=1.570040 (+157,004 PHP) val_geo=0.138568 (+13,857 PHP)
Epoch 012/50 | [MSE] train_loss=0.000361 val_loss=0.000204 | train_profit=-0.021652 (-2,165 PHP) val_profit=0.161345 (+16,135 PHP) | train_geo=-0.249612 (-24,961 PHP) val_geo=0.138568 (+13,857 PHP)
Epoch 013/50 | [MSE] train_loss=0.000364 val_loss=0.000203 | train_profit=0.455706 (+45,571 PHP) val_profit=0.161345 (+16,135 PHP) | train_geo=0.211169 (+21,117 PHP) val_geo=0.138568 (+13,857 PHP)
Epoch 014/50 | [MSE] train_loss=0.000360 val_loss=0.000202 | train_profit=1.111835 (+111,183 PHP) val_profit=0.161345 (+16,135 PHP) | train_geo=1.338117 (+133,812 PHP) val_geo=0.138568 (+13,857 PHP)
Epoch 015/50 | [MSE] train_loss=0.000360 val_loss=0.000202 | train_profit=1.533055 (+153,305 PHP) val_profit=0.161345 (+16,135 PHP) | train_geo=2.563258 (+256,326 PHP) val_geo=0.138568 (+13,857 PHP)
Epoch 016/50 | [MSE] train_loss=0.000363 val_loss=0.000202 | train_profit=-0.067227 (-6,723 PHP) val_profit=0.161345 (+16,135 PHP) | train_geo=-0.292968 (-29,297 PHP) val_geo=0.138568 (+13,857 PHP)
Epoch 017/50 | [MSE] train_loss=0.000361 val_loss=0.000202 | train_profit=0.746937 (+74,694 PHP) val_profit=0.161345 (+16,135 PHP) | train_geo=0.617897 (+61,790 PHP) val_geo=0.138568 (+13,857 PHP)
Epoch 018/50 | [MSE] train_loss=0.000359 val_loss=0.000202 | train_profit=0.883118 (+88,312 PHP) val_profit=0.161345 (+16,135 PHP) | train_geo=0.856595 (+85,660 PHP) val_geo=0.138568 (+13,857 PHP)
Epoch 019/50 | [MSE] train_loss=0.000360 val_loss=0.000203 | train_profit=0.317327 (+31,733 PHP) val_profit=0.161345 (+16,135 PHP) | train_geo=0.047344 (+4,734 PHP) val_geo=0.138568 (+13,857 PHP)
Epoch 020/50 | [MSE] train_loss=0.000356 val_loss=0.000201 | train_profit=0.883930 (+88,393 PHP) val_profit=0.091018 (+9,102 PHP) | train_geo=0.858271 (+85,827 PHP) val_geo=0.061194 (+6,119 PHP)
Epoch 021/50 | [MSE] train_loss=0.000359 val_loss=0.000202 | train_profit=0.950891 (+95,089 PHP) val_profit=0.161345 (+16,135 PHP) | train_geo=0.986661 (+98,666 PHP) val_geo=0.138568 (+13,857 PHP)
Epoch 022/50 | [MSE] train_loss=0.000358 val_loss=0.000201 | train_profit=1.148575 (+114,858 PHP) val_profit=0.088022 (+8,802 PHP) | train_geo=1.423287 (+142,329 PHP) val_geo=0.058008 (+5,801 PHP)
Epoch 023/50 | [MSE] train_loss=0.000360 val_loss=0.000201 | train_profit=0.642617 (+64,262 PHP) val_profit=0.161345 (+16,135 PHP) | train_geo=0.457775 (+45,777 PHP) val_geo=0.138568 (+13,857 PHP)
Epoch 024/50 | [MSE] train_loss=0.000359 val_loss=0.000200 | train_profit=0.658645 (+65,865 PHP) val_profit=0.091018 (+9,102 PHP) | train_geo=0.482867 (+48,287 PHP) val_geo=0.061194 (+6,119 PHP)
Epoch 025/50 | [MSE] train_loss=0.000360 val_loss=0.000201 | train_profit=0.684626 (+68,463 PHP) val_profit=0.126010 (+12,601 PHP) | train_geo=0.521606 (+52,161 PHP) val_geo=0.099050 (+9,905 PHP)
Epoch 026/50 | [MSE] train_loss=0.000359 val_loss=0.000200 | train_profit=0.952764 (+95,276 PHP) val_profit=0.139046 (+13,905 PHP) | train_geo=0.992082 (+99,208 PHP) val_geo=0.113448 (+11,345 PHP)
Epoch 027/50 | [MSE] train_loss=0.000360 val_loss=0.000201 | train_profit=0.595813 (+59,581 PHP) val_profit=0.091018 (+9,102 PHP) | train_geo=0.392328 (+39,233 PHP) val_geo=0.061194 (+6,119 PHP)
Epoch 028/50 | [MSE] train_loss=0.000359 val_loss=0.000201 | train_profit=0.706602 (+70,660 PHP) val_profit=0.161345 (+16,135 PHP) | train_geo=0.555674 (+55,567 PHP) val_geo=0.138568 (+13,857 PHP)
Epoch 029/50 | [MSE] train_loss=0.000359 val_loss=0.000201 | train_profit=0.788503 (+78,850 PHP) val_profit=0.091018 (+9,102 PHP) | train_geo=0.689059 (+68,906 PHP) val_geo=0.061194 (+6,119 PHP)
Epoch 030/50 | [MSE] train_loss=0.000358 val_loss=0.000200 | train_profit=0.948365 (+94,837 PHP) val_profit=0.088022 (+8,802 PHP) | train_geo=0.983079 (+98,308 PHP) val_geo=0.058008 (+5,801 PHP)
Epoch 031/50 | [MSE] train_loss=0.000358 val_loss=0.000201 | train_profit=0.962222 (+96,222 PHP) val_profit=0.043536 (+4,354 PHP) | train_geo=1.008964 (+100,896 PHP) val_geo=0.011954 (+1,195 PHP)
Epoch 032/50 | [MSE] train_loss=0.000359 val_loss=0.000200 | train_profit=0.965569 (+96,557 PHP) val_profit=-0.014112 (-1,411 PHP) | train_geo=1.016940 (+101,694 PHP) val_geo=-0.044769 (-4,477 PHP)
Epoch 033/50 | [MSE] train_loss=0.000359 val_loss=0.000200 | train_profit=0.756888 (+75,689 PHP) val_profit=-0.050859 (-5,086 PHP) | train_geo=0.636256 (+63,626 PHP) val_geo=-0.079090 (-7,909 PHP)
Epoch 034/50 | [MSE] train_loss=0.000360 val_loss=0.000199 | train_profit=0.676474 (+67,647 PHP) val_profit=-0.011304 (-1,130 PHP) | train_geo=0.509572 (+50,957 PHP) val_geo=-0.042045 (-4,204 PHP)
Epoch 035/50 | [MSE] train_loss=0.000359 val_loss=0.000200 | train_profit=0.617394 (+61,739 PHP) val_profit=-0.050697 (-5,070 PHP) | train_geo=0.422505 (+42,251 PHP) val_geo=-0.079042 (-7,904 PHP)
Epoch 036/50 | [MSE] train_loss=0.000357 val_loss=0.000200 | train_profit=0.481672 (+48,167 PHP) val_profit=-0.094664 (-9,466 PHP) | train_geo=0.242785 (+24,278 PHP) val_geo=-0.118673 (-11,867 PHP)
Epoch 037/50 | [MSE] train_loss=0.000359 val_loss=0.000199 | train_profit=0.703611 (+70,361 PHP) val_profit=0.027558 (+2,756 PHP) | train_geo=0.552357 (+55,236 PHP) val_geo=-0.004058 (-406 PHP)
Epoch 038/50 | [MSE] train_loss=0.000360 val_loss=0.000199 | train_profit=0.945183 (+94,518 PHP) val_profit=-0.085414 (-8,541 PHP) | train_geo=0.975509 (+97,551 PHP) val_geo=-0.110330 (-11,033 PHP)
Epoch 039/50 | [MSE] train_loss=0.000359 val_loss=0.000199 | train_profit=0.812459 (+81,246 PHP) val_profit=-0.078521 (-7,852 PHP) | train_geo=0.730330 (+73,033 PHP) val_geo=-0.104316 (-10,432 PHP)
Epoch 040/50 | [MSE] train_loss=0.000358 val_loss=0.000199 | train_profit=0.728360 (+72,836 PHP) val_profit=0.016690 (+1,669 PHP) | train_geo=0.590796 (+59,080 PHP) val_geo=-0.014729 (-1,473 PHP)
Epoch 041/50 | [MSE] train_loss=0.000359 val_loss=0.000199 | train_profit=0.977261 (+97,726 PHP) val_profit=-0.018454 (-1,845 PHP) | train_geo=1.040508 (+104,051 PHP) val_geo=-0.048659 (-4,866 PHP)
Epoch 042/50 | [MSE] train_loss=0.000358 val_loss=0.000199 | train_profit=1.428431 (+142,843 PHP) val_profit=-0.055197 (-5,520 PHP) | train_geo=2.208986 (+220,899 PHP) val_geo=-0.083064 (-8,306 PHP)
Epoch 043/50 | [MSE] train_loss=0.000359 val_loss=0.000199 | train_profit=0.967478 (+96,748 PHP) val_profit=-0.016787 (-1,679 PHP) | train_geo=1.023070 (+102,307 PHP) val_geo=-0.047096 (-4,710 PHP)
Epoch 044/50 | [MSE] train_loss=0.000359 val_loss=0.000199 | train_profit=0.718881 (+71,888 PHP) val_profit=-0.053362 (-5,336 PHP) | train_geo=0.576987 (+57,699 PHP) val_geo=-0.081297 (-8,130 PHP)
Epoch 045/50 | [MSE] train_loss=0.000358 val_loss=0.000199 | train_profit=1.381452 (+138,145 PHP) val_profit=-0.096308 (-9,631 PHP) | train_geo=2.067383 (+206,738 PHP) val_geo=-0.120135 (-12,013 PHP)
Epoch 046/50 | [MSE] train_loss=0.000359 val_loss=0.000199 | train_profit=0.973355 (+97,335 PHP) val_profit=0.080935 (+8,093 PHP) | train_geo=1.033959 (+103,396 PHP) val_geo=0.050850 (+5,085 PHP)
Epoch 047/50 | [MSE] train_loss=0.000359 val_loss=0.000199 | train_profit=1.100934 (+110,093 PHP) val_profit=0.090956 (+9,096 PHP) | train_geo=1.310334 (+131,033 PHP) val_geo=0.061437 (+6,144 PHP)
Epoch 048/50 | [MSE] train_loss=0.000360 val_loss=0.000199 | train_profit=0.769034 (+76,903 PHP) val_profit=0.132615 (+13,261 PHP) | train_geo=0.656703 (+65,670 PHP) val_geo=0.106642 (+10,664 PHP)
Epoch 049/50 | [MSE] train_loss=0.000360 val_loss=0.000199 | train_profit=1.300284 (+130,028 PHP) val_profit=0.091660 (+9,166 PHP) | train_geo=1.827191 (+182,719 PHP) val_geo=0.061949 (+6,195 PHP)
Epoch 050/50 | [MSE] train_loss=0.000359 val_loss=0.000200 | train_profit=0.730493 (+73,049 PHP) val_profit=0.148622 (+14,862 PHP) | train_geo=0.594356 (+59,436 PHP) val_geo=0.124256 (+12,426 PHP)
[17/23] KHC        (weak  ) mse           dir_acc=0.506 cum_ret=-0.0848 geo_ret=-0.1229 sharpe=-0.247 (buy&hold=-0.0034) [7.6s]
Epoch 001/50 | train_loss=0.000454 val_loss=-0.000184 | train_profit=-0.170679 (-17,068 PHP) val_profit=0.161345 (+16,135 PHP) | train_geo=-0.355018 (-35,502 PHP) val_geo=0.138568 (+13,857 PHP)
Epoch 002/50 | train_loss=-0.000220 val_loss=0.001181 | train_profit=0.715104 (+71,510 PHP) val_profit=-0.163345 (-16,335 PHP) | train_geo=0.566261 (+56,626 PHP) val_geo=-0.177312 (-17,731 PHP)
Epoch 003/50 | train_loss=0.000785 val_loss=0.001074 | train_profit=-0.082074 (-8,207 PHP) val_profit=-0.163345 (-16,335 PHP) | train_geo=-0.302828 (-30,283 PHP) val_geo=-0.177312 (-17,731 PHP)
Epoch 004/50 | train_loss=0.000487 val_loss=0.000463 | train_profit=-0.333964 (-33,396 PHP) val_profit=-0.362612 (-36,261 PHP) | train_geo=-0.458208 (-45,821 PHP) val_geo=-0.326060 (-32,606 PHP)
Epoch 005/50 | train_loss=0.000424 val_loss=-0.000119 | train_profit=-0.111618 (-11,162 PHP) val_profit=0.161345 (+16,135 PHP) | train_geo=-0.315547 (-31,555 PHP) val_geo=0.138568 (+13,857 PHP)
Epoch 006/50 | train_loss=0.000243 val_loss=0.000420 | train_profit=-0.257103 (-25,710 PHP) val_profit=-0.270629 (-27,063 PHP) | train_geo=-0.408625 (-40,862 PHP) val_geo=-0.261082 (-26,108 PHP)
Epoch 007/50 | train_loss=0.000389 val_loss=0.000261 | train_profit=-0.694719 (-69,472 PHP) val_profit=-0.098161 (-9,816 PHP) | train_geo=-0.618316 (-61,832 PHP) val_geo=-0.121665 (-12,167 PHP)
Epoch 008/50 | train_loss=-0.000007 val_loss=0.000854 | train_profit=0.233012 (+23,301 PHP) val_profit=-0.321735 (-32,173 PHP) | train_geo=-0.035311 (-3,531 PHP) val_geo=-0.297988 (-29,799 PHP)
Epoch 009/50 | train_loss=-0.000036 val_loss=0.000495 | train_profit=0.351014 (+35,101 PHP) val_profit=-0.099085 (-9,909 PHP) | train_geo=0.086105 (+8,610 PHP) val_geo=-0.122598 (-12,260 PHP)
Epoch 010/50 | train_loss=-0.000187 val_loss=0.000622 | train_profit=0.667281 (+66,728 PHP) val_profit=-0.108353 (-10,835 PHP) | train_geo=0.490394 (+49,039 PHP) val_geo=-0.130487 (-13,049 PHP)
Epoch 011/50 | train_loss=-0.000157 val_loss=0.000369 | train_profit=0.411357 (+41,136 PHP) val_profit=-0.075117 (-7,512 PHP) | train_geo=0.154078 (+15,408 PHP) val_geo=-0.101240 (-10,124 PHP)
Epoch 012/50 | train_loss=-0.000287 val_loss=0.000558 | train_profit=0.765475 (+76,547 PHP) val_profit=0.047078 (+4,708 PHP) | train_geo=0.644510 (+64,451 PHP) val_geo=0.015842 (+1,584 PHP)
Epoch 013/50 | train_loss=-0.000333 val_loss=0.000271 | train_profit=0.855282 (+85,528 PHP) val_profit=-0.047847 (-4,785 PHP) | train_geo=0.798647 (+79,865 PHP) val_geo=-0.076309 (-7,631 PHP)
Epoch 014/50 | train_loss=-0.000404 val_loss=0.000463 | train_profit=0.994339 (+99,434 PHP) val_profit=-0.198652 (-19,865 PHP) | train_geo=1.068199 (+106,820 PHP) val_geo=-0.205678 (-20,568 PHP)
Epoch 015/50 | train_loss=-0.000471 val_loss=0.000321 | train_profit=1.197487 (+119,749 PHP) val_profit=0.062814 (+6,281 PHP) | train_geo=1.534203 (+153,420 PHP) val_geo=0.032024 (+3,202 PHP)
Epoch 016/50 | train_loss=-0.000496 val_loss=0.000311 | train_profit=1.042980 (+104,298 PHP) val_profit=0.029158 (+2,916 PHP) | train_geo=1.171558 (+117,156 PHP) val_geo=-0.002227 (-223 PHP)
Epoch 017/50 | train_loss=-0.000485 val_loss=0.000347 | train_profit=1.343688 (+134,369 PHP) val_profit=-0.064871 (-6,487 PHP) | train_geo=1.934813 (+193,481 PHP) val_geo=-0.091848 (-9,185 PHP)
Epoch 018/50 | train_loss=-0.000583 val_loss=0.000236 | train_profit=1.290610 (+129,061 PHP) val_profit=-0.110484 (-11,048 PHP) | train_geo=1.782342 (+178,234 PHP) val_geo=-0.132372 (-13,237 PHP)
Epoch 019/50 | train_loss=-0.000505 val_loss=0.000515 | train_profit=1.190692 (+119,069 PHP) val_profit=-0.119648 (-11,965 PHP) | train_geo=1.516447 (+151,645 PHP) val_geo=-0.140289 (-14,029 PHP)
Epoch 020/50 | train_loss=-0.000644 val_loss=0.000045 | train_profit=1.297200 (+129,720 PHP) val_profit=0.064100 (+6,410 PHP) | train_geo=1.800434 (+180,043 PHP) val_geo=0.033067 (+3,307 PHP)
Epoch 021/50 | train_loss=-0.000556 val_loss=0.000578 | train_profit=1.038152 (+103,815 PHP) val_profit=-0.160908 (-16,091 PHP) | train_geo=1.160172 (+116,017 PHP) val_geo=-0.175118 (-17,512 PHP)
Epoch 022/50 | train_loss=-0.000656 val_loss=-0.000140 | train_profit=1.136040 (+113,604 PHP) val_profit=0.154321 (+15,432 PHP) | train_geo=1.383108 (+138,311 PHP) val_geo=0.130532 (+13,053 PHP)
Epoch 023/50 | train_loss=-0.000583 val_loss=0.000606 | train_profit=1.232561 (+123,256 PHP) val_profit=-0.010969 (-1,097 PHP) | train_geo=1.624246 (+162,425 PHP) val_geo=-0.041409 (-4,141 PHP)
Epoch 024/50 | train_loss=-0.000632 val_loss=0.000167 | train_profit=1.280023 (+128,002 PHP) val_profit=0.018649 (+1,865 PHP) | train_geo=1.753156 (+175,316 PHP) val_geo=-0.012732 (-1,273 PHP)
Epoch 025/50 | train_loss=-0.000697 val_loss=0.000324 | train_profit=1.613759 (+161,376 PHP) val_profit=-0.054319 (-5,432 PHP) | train_geo=2.843963 (+284,396 PHP) val_geo=-0.082134 (-8,213 PHP)
Epoch 026/50 | train_loss=-0.000762 val_loss=0.000324 | train_profit=1.442975 (+144,297 PHP) val_profit=-0.067046 (-6,705 PHP) | train_geo=2.240424 (+224,042 PHP) val_geo=-0.093934 (-9,393 PHP)
Epoch 027/50 | train_loss=-0.000791 val_loss=0.000383 | train_profit=1.595419 (+159,542 PHP) val_profit=-0.068605 (-6,861 PHP) | train_geo=2.774368 (+277,437 PHP) val_geo=-0.095325 (-9,533 PHP)
Epoch 028/50 | train_loss=-0.000750 val_loss=-0.000053 | train_profit=1.520967 (+152,097 PHP) val_profit=0.082570 (+8,257 PHP) | train_geo=2.502803 (+250,280 PHP) val_geo=0.052328 (+5,233 PHP)
Epoch 029/50 | train_loss=-0.000706 val_loss=0.000247 | train_profit=1.659622 (+165,962 PHP) val_profit=-0.001688 (-169 PHP) | train_geo=3.023865 (+302,386 PHP) val_geo=-0.032740 (-3,274 PHP)
Epoch 030/50 | train_loss=-0.000706 val_loss=0.000279 | train_profit=1.522977 (+152,298 PHP) val_profit=-0.026902 (-2,690 PHP) | train_geo=2.511122 (+251,112 PHP) val_geo=-0.056608 (-5,661 PHP)
Epoch 031/50 | train_loss=-0.000826 val_loss=-0.000019 | train_profit=1.453136 (+145,314 PHP) val_profit=0.116179 (+11,618 PHP) | train_geo=2.272099 (+227,210 PHP) val_geo=0.088409 (+8,841 PHP)
Epoch 032/50 | train_loss=-0.000770 val_loss=-0.000095 | train_profit=1.479315 (+147,931 PHP) val_profit=0.100651 (+10,065 PHP) | train_geo=2.359466 (+235,947 PHP) val_geo=0.071628 (+7,163 PHP)
Epoch 033/50 | train_loss=-0.000875 val_loss=-0.000004 | train_profit=1.709988 (+170,999 PHP) val_profit=0.083399 (+8,340 PHP) | train_geo=3.233493 (+323,349 PHP) val_geo=0.053240 (+5,324 PHP)
Epoch 034/50 | train_loss=-0.000855 val_loss=0.000165 | train_profit=1.734475 (+173,447 PHP) val_profit=0.003045 (+305 PHP) | train_geo=3.338816 (+333,882 PHP) val_geo=-0.028129 (-2,813 PHP)
Epoch 035/50 | train_loss=-0.000778 val_loss=0.000117 | train_profit=1.477203 (+147,720 PHP) val_profit=0.037191 (+3,719 PHP) | train_geo=2.352816 (+235,282 PHP) val_geo=0.005604 (+560 PHP)
Epoch 036/50 | train_loss=-0.000871 val_loss=0.000058 | train_profit=1.794637 (+179,464 PHP) val_profit=0.048221 (+4,822 PHP) | train_geo=3.607109 (+360,711 PHP) val_geo=0.016754 (+1,675 PHP)
Epoch 037/50 | train_loss=-0.000875 val_loss=-0.000190 | train_profit=1.642691 (+164,269 PHP) val_profit=0.070667 (+7,067 PHP) | train_geo=2.956239 (+295,624 PHP) val_geo=0.039716 (+3,972 PHP)
Epoch 038/50 | train_loss=-0.000797 val_loss=0.000000 | train_profit=1.529336 (+152,934 PHP) val_profit=0.066050 (+6,605 PHP) | train_geo=2.531538 (+253,154 PHP) val_geo=0.035164 (+3,516 PHP)
Epoch 039/50 | train_loss=-0.000921 val_loss=-0.000303 | train_profit=1.884742 (+188,474 PHP) val_profit=0.130540 (+13,054 PHP) | train_geo=4.042518 (+404,252 PHP) val_geo=0.103878 (+10,388 PHP)
Epoch 040/50 | train_loss=-0.000975 val_loss=-0.000218 | train_profit=1.853468 (+185,347 PHP) val_profit=0.169544 (+16,954 PHP) | train_geo=3.885127 (+388,513 PHP) val_geo=0.147982 (+14,798 PHP)
Epoch 041/50 | train_loss=-0.000830 val_loss=-0.000172 | train_profit=1.815875 (+181,588 PHP) val_profit=0.119548 (+11,955 PHP) | train_geo=3.707104 (+370,710 PHP) val_geo=0.092033 (+9,203 PHP)
Epoch 042/50 | train_loss=-0.001014 val_loss=-0.000361 | train_profit=2.061027 (+206,103 PHP) val_profit=0.146606 (+14,661 PHP) | train_geo=5.015353 (+501,535 PHP) val_geo=0.121866 (+12,187 PHP)
Epoch 043/50 | train_loss=-0.000919 val_loss=-0.000330 | train_profit=1.757549 (+175,755 PHP) val_profit=0.150674 (+15,067 PHP) | train_geo=3.439934 (+343,993 PHP) val_geo=0.126474 (+12,647 PHP)
Epoch 044/50 | train_loss=-0.001089 val_loss=-0.000173 | train_profit=2.154265 (+215,427 PHP) val_profit=0.179440 (+17,944 PHP) | train_geo=5.603578 (+560,358 PHP) val_geo=0.159477 (+15,948 PHP)
Epoch 045/50 | train_loss=-0.000716 val_loss=-0.000163 | train_profit=1.581421 (+158,142 PHP) val_profit=0.077275 (+7,727 PHP) | train_geo=2.722293 (+272,229 PHP) val_geo=0.046707 (+4,671 PHP)
Epoch 046/50 | train_loss=-0.001003 val_loss=-0.000235 | train_profit=2.028198 (+202,820 PHP) val_profit=0.188099 (+18,810 PHP) | train_geo=4.820859 (+482,086 PHP) val_geo=0.169494 (+16,949 PHP)
Epoch 047/50 | train_loss=-0.000765 val_loss=-0.000242 | train_profit=1.503468 (+150,347 PHP) val_profit=0.147446 (+14,745 PHP) | train_geo=2.442014 (+244,201 PHP) val_geo=0.122847 (+12,285 PHP)
Epoch 048/50 | train_loss=-0.001060 val_loss=-0.000440 | train_profit=2.201197 (+220,120 PHP) val_profit=0.273534 (+27,353 PHP) | train_geo=5.921741 (+592,174 PHP) val_geo=0.273980 (+27,398 PHP)
Epoch 049/50 | train_loss=-0.000979 val_loss=-0.000454 | train_profit=1.823282 (+182,328 PHP) val_profit=0.229472 (+22,947 PHP) | train_geo=3.739956 (+373,996 PHP) val_geo=0.219076 (+21,908 PHP)
Epoch 050/50 | train_loss=-0.000940 val_loss=-0.000361 | train_profit=1.897600 (+189,760 PHP) val_profit=0.115449 (+11,545 PHP) | train_geo=4.108554 (+410,855 PHP) val_geo=0.087373 (+8,737 PHP)
[17/23] KHC        (weak  ) profit-aware  dir_acc=0.469 cum_ret=-0.0306 geo_ret=-0.0739 sharpe=-0.089 (buy&hold=-0.0034) [4.8s]
Epoch 001/50 | [PROFIT-LOG] train_loss=0.000190 val_loss=-0.000407 | train_profit=-0.170679 (-17,068 PHP) val_profit=0.161345 (+16,135 PHP) | train_geo=-0.355018 (-35,502 PHP) val_geo=0.138568 (+13,857 PHP)
Epoch 002/50 | [PROFIT-LOG] train_loss=0.000069 val_loss=-0.000407 | train_profit=0.080074 (+8,007 PHP) val_profit=0.161345 (+16,135 PHP) | train_geo=-0.171075 (-17,108 PHP) val_geo=0.138568 (+13,857 PHP)
Epoch 003/50 | [PROFIT-LOG] train_loss=0.000069 val_loss=-0.000407 | train_profit=0.080074 (+8,007 PHP) val_profit=0.161345 (+16,135 PHP) | train_geo=-0.171075 (-17,108 PHP) val_geo=0.138568 (+13,857 PHP)
Epoch 004/50 | [PROFIT-LOG] train_loss=0.000069 val_loss=-0.000407 | train_profit=0.080074 (+8,007 PHP) val_profit=0.161345 (+16,135 PHP) | train_geo=-0.171075 (-17,108 PHP) val_geo=0.138568 (+13,857 PHP)
Epoch 005/50 | [PROFIT-LOG] train_loss=0.000069 val_loss=-0.000407 | train_profit=0.080074 (+8,007 PHP) val_profit=0.161345 (+16,135 PHP) | train_geo=-0.171075 (-17,108 PHP) val_geo=0.138568 (+13,857 PHP)
Epoch 006/50 | [PROFIT-LOG] train_loss=0.000069 val_loss=-0.000407 | train_profit=0.080074 (+8,007 PHP) val_profit=0.161345 (+16,135 PHP) | train_geo=-0.171075 (-17,108 PHP) val_geo=0.138568 (+13,857 PHP)
Epoch 007/50 | [PROFIT-LOG] train_loss=0.000069 val_loss=-0.000407 | train_profit=0.080074 (+8,007 PHP) val_profit=0.161345 (+16,135 PHP) | train_geo=-0.171075 (-17,108 PHP) val_geo=0.138568 (+13,857 PHP)
Epoch 008/50 | [PROFIT-LOG] train_loss=0.000069 val_loss=-0.000407 | train_profit=0.080074 (+8,007 PHP) val_profit=0.161345 (+16,135 PHP) | train_geo=-0.171075 (-17,108 PHP) val_geo=0.138568 (+13,857 PHP)
Epoch 009/50 | [PROFIT-LOG] train_loss=0.000069 val_loss=-0.000407 | train_profit=0.080074 (+8,007 PHP) val_profit=0.161345 (+16,135 PHP) | train_geo=-0.171075 (-17,108 PHP) val_geo=0.138568 (+13,857 PHP)
Epoch 010/50 | [PROFIT-LOG] train_loss=0.000069 val_loss=-0.000407 | train_profit=0.080074 (+8,007 PHP) val_profit=0.161345 (+16,135 PHP) | train_geo=-0.171075 (-17,108 PHP) val_geo=0.138568 (+13,857 PHP)
Epoch 011/50 | [PROFIT-LOG] train_loss=0.000069 val_loss=-0.000407 | train_profit=0.080074 (+8,007 PHP) val_profit=0.161345 (+16,135 PHP) | train_geo=-0.171075 (-17,108 PHP) val_geo=0.138568 (+13,857 PHP)
Epoch 012/50 | [PROFIT-LOG] train_loss=0.000069 val_loss=-0.000407 | train_profit=0.080074 (+8,007 PHP) val_profit=0.161345 (+16,135 PHP) | train_geo=-0.171075 (-17,108 PHP) val_geo=0.138568 (+13,857 PHP)
Epoch 013/50 | [PROFIT-LOG] train_loss=0.000069 val_loss=-0.000407 | train_profit=0.080074 (+8,007 PHP) val_profit=0.161345 (+16,135 PHP) | train_geo=-0.171075 (-17,108 PHP) val_geo=0.138568 (+13,857 PHP)
Epoch 014/50 | [PROFIT-LOG] train_loss=0.000069 val_loss=-0.000407 | train_profit=0.080074 (+8,007 PHP) val_profit=0.161345 (+16,135 PHP) | train_geo=-0.171075 (-17,108 PHP) val_geo=0.138568 (+13,857 PHP)
Epoch 015/50 | [PROFIT-LOG] train_loss=0.000069 val_loss=-0.000407 | train_profit=0.080074 (+8,007 PHP) val_profit=0.161345 (+16,135 PHP) | train_geo=-0.171075 (-17,108 PHP) val_geo=0.138568 (+13,857 PHP)
Epoch 016/50 | [PROFIT-LOG] train_loss=0.000069 val_loss=-0.000407 | train_profit=0.080074 (+8,007 PHP) val_profit=0.161345 (+16,135 PHP) | train_geo=-0.171075 (-17,108 PHP) val_geo=0.138568 (+13,857 PHP)
Epoch 017/50 | [PROFIT-LOG] train_loss=0.000069 val_loss=-0.000407 | train_profit=0.080074 (+8,007 PHP) val_profit=0.161345 (+16,135 PHP) | train_geo=-0.171075 (-17,108 PHP) val_geo=0.138568 (+13,857 PHP)
Epoch 018/50 | [PROFIT-LOG] train_loss=0.000069 val_loss=-0.000407 | train_profit=0.080074 (+8,007 PHP) val_profit=0.161345 (+16,135 PHP) | train_geo=-0.171075 (-17,108 PHP) val_geo=0.138568 (+13,857 PHP)
Epoch 019/50 | [PROFIT-LOG] train_loss=0.000069 val_loss=-0.000407 | train_profit=0.080074 (+8,007 PHP) val_profit=0.161345 (+16,135 PHP) | train_geo=-0.171075 (-17,108 PHP) val_geo=0.138568 (+13,857 PHP)
Epoch 020/50 | [PROFIT-LOG] train_loss=0.000069 val_loss=-0.000407 | train_profit=0.080074 (+8,007 PHP) val_profit=0.161345 (+16,135 PHP) | train_geo=-0.171075 (-17,108 PHP) val_geo=0.138568 (+13,857 PHP)
Epoch 021/50 | [PROFIT-LOG] train_loss=0.000069 val_loss=-0.000407 | train_profit=0.080074 (+8,007 PHP) val_profit=0.161345 (+16,135 PHP) | train_geo=-0.171075 (-17,108 PHP) val_geo=0.138568 (+13,857 PHP)
Epoch 022/50 | [PROFIT-LOG] train_loss=0.000069 val_loss=-0.000407 | train_profit=0.080074 (+8,007 PHP) val_profit=0.161345 (+16,135 PHP) | train_geo=-0.171075 (-17,108 PHP) val_geo=0.138568 (+13,857 PHP)
Epoch 023/50 | [PROFIT-LOG] train_loss=0.000069 val_loss=-0.000407 | train_profit=0.080074 (+8,007 PHP) val_profit=0.161345 (+16,135 PHP) | train_geo=-0.171075 (-17,108 PHP) val_geo=0.138568 (+13,857 PHP)
Epoch 024/50 | [PROFIT-LOG] train_loss=0.000069 val_loss=-0.000407 | train_profit=0.080074 (+8,007 PHP) val_profit=0.161345 (+16,135 PHP) | train_geo=-0.171075 (-17,108 PHP) val_geo=0.138568 (+13,857 PHP)
Epoch 025/50 | [PROFIT-LOG] train_loss=0.000069 val_loss=-0.000407 | train_profit=0.080074 (+8,007 PHP) val_profit=0.161345 (+16,135 PHP) | train_geo=-0.171075 (-17,108 PHP) val_geo=0.138568 (+13,857 PHP)
Epoch 026/50 | [PROFIT-LOG] train_loss=0.000069 val_loss=-0.000407 | train_profit=0.080074 (+8,007 PHP) val_profit=0.161345 (+16,135 PHP) | train_geo=-0.171075 (-17,108 PHP) val_geo=0.138568 (+13,857 PHP)
Epoch 027/50 | [PROFIT-LOG] train_loss=0.000069 val_loss=-0.000407 | train_profit=0.080074 (+8,007 PHP) val_profit=0.161345 (+16,135 PHP) | train_geo=-0.171075 (-17,108 PHP) val_geo=0.138568 (+13,857 PHP)
Epoch 028/50 | [PROFIT-LOG] train_loss=0.000069 val_loss=-0.000407 | train_profit=0.080074 (+8,007 PHP) val_profit=0.161345 (+16,135 PHP) | train_geo=-0.171075 (-17,108 PHP) val_geo=0.138568 (+13,857 PHP)
Epoch 029/50 | [PROFIT-LOG] train_loss=0.000069 val_loss=-0.000407 | train_profit=0.080074 (+8,007 PHP) val_profit=0.161345 (+16,135 PHP) | train_geo=-0.171075 (-17,108 PHP) val_geo=0.138568 (+13,857 PHP)
Epoch 030/50 | [PROFIT-LOG] train_loss=0.000069 val_loss=-0.000407 | train_profit=0.080074 (+8,007 PHP) val_profit=0.161345 (+16,135 PHP) | train_geo=-0.171075 (-17,108 PHP) val_geo=0.138568 (+13,857 PHP)
Epoch 031/50 | [PROFIT-LOG] train_loss=0.000069 val_loss=-0.000407 | train_profit=0.080074 (+8,007 PHP) val_profit=0.161345 (+16,135 PHP) | train_geo=-0.171075 (-17,108 PHP) val_geo=0.138568 (+13,857 PHP)
Epoch 032/50 | [PROFIT-LOG] train_loss=0.000069 val_loss=-0.000407 | train_profit=0.080074 (+8,007 PHP) val_profit=0.161345 (+16,135 PHP) | train_geo=-0.171075 (-17,108 PHP) val_geo=0.138568 (+13,857 PHP)
Epoch 033/50 | [PROFIT-LOG] train_loss=0.000069 val_loss=-0.000407 | train_profit=0.080074 (+8,007 PHP) val_profit=0.161345 (+16,135 PHP) | train_geo=-0.171075 (-17,108 PHP) val_geo=0.138568 (+13,857 PHP)
Epoch 034/50 | [PROFIT-LOG] train_loss=0.000069 val_loss=-0.000407 | train_profit=0.080074 (+8,007 PHP) val_profit=0.161345 (+16,135 PHP) | train_geo=-0.171075 (-17,108 PHP) val_geo=0.138568 (+13,857 PHP)
Epoch 035/50 | [PROFIT-LOG] train_loss=0.000069 val_loss=-0.000407 | train_profit=0.080074 (+8,007 PHP) val_profit=0.161345 (+16,135 PHP) | train_geo=-0.171075 (-17,108 PHP) val_geo=0.138568 (+13,857 PHP)
Epoch 036/50 | [PROFIT-LOG] train_loss=0.000069 val_loss=-0.000407 | train_profit=0.080074 (+8,007 PHP) val_profit=0.161345 (+16,135 PHP) | train_geo=-0.171075 (-17,108 PHP) val_geo=0.138568 (+13,857 PHP)
Epoch 037/50 | [PROFIT-LOG] train_loss=0.000069 val_loss=-0.000407 | train_profit=0.080074 (+8,007 PHP) val_profit=0.161345 (+16,135 PHP) | train_geo=-0.171075 (-17,108 PHP) val_geo=0.138568 (+13,857 PHP)
Epoch 038/50 | [PROFIT-LOG] train_loss=0.000069 val_loss=-0.000407 | train_profit=0.080074 (+8,007 PHP) val_profit=0.161345 (+16,135 PHP) | train_geo=-0.171075 (-17,108 PHP) val_geo=0.138568 (+13,857 PHP)
Epoch 039/50 | [PROFIT-LOG] train_loss=0.000069 val_loss=-0.000407 | train_profit=0.080074 (+8,007 PHP) val_profit=0.161345 (+16,135 PHP) | train_geo=-0.171075 (-17,108 PHP) val_geo=0.138568 (+13,857 PHP)
Epoch 040/50 | [PROFIT-LOG] train_loss=0.000069 val_loss=-0.000407 | train_profit=0.080074 (+8,007 PHP) val_profit=0.161345 (+16,135 PHP) | train_geo=-0.171075 (-17,108 PHP) val_geo=0.138568 (+13,857 PHP)
Epoch 041/50 | [PROFIT-LOG] train_loss=0.000069 val_loss=-0.000407 | train_profit=0.080074 (+8,007 PHP) val_profit=0.161345 (+16,135 PHP) | train_geo=-0.171075 (-17,108 PHP) val_geo=0.138568 (+13,857 PHP)
Epoch 042/50 | [PROFIT-LOG] train_loss=0.000069 val_loss=-0.000407 | train_profit=0.080074 (+8,007 PHP) val_profit=0.161345 (+16,135 PHP) | train_geo=-0.171075 (-17,108 PHP) val_geo=0.138568 (+13,857 PHP)
Epoch 043/50 | [PROFIT-LOG] train_loss=0.000069 val_loss=-0.000407 | train_profit=0.080074 (+8,007 PHP) val_profit=0.161345 (+16,135 PHP) | train_geo=-0.171075 (-17,108 PHP) val_geo=0.138568 (+13,857 PHP)
Epoch 044/50 | [PROFIT-LOG] train_loss=0.000069 val_loss=-0.000407 | train_profit=0.080074 (+8,007 PHP) val_profit=0.161345 (+16,135 PHP) | train_geo=-0.171075 (-17,108 PHP) val_geo=0.138568 (+13,857 PHP)
Epoch 045/50 | [PROFIT-LOG] train_loss=0.000069 val_loss=-0.000407 | train_profit=0.080074 (+8,007 PHP) val_profit=0.161345 (+16,135 PHP) | train_geo=-0.171075 (-17,108 PHP) val_geo=0.138568 (+13,857 PHP)
Epoch 046/50 | [PROFIT-LOG] train_loss=0.000069 val_loss=-0.000407 | train_profit=0.080074 (+8,007 PHP) val_profit=0.161345 (+16,135 PHP) | train_geo=-0.171075 (-17,108 PHP) val_geo=0.138568 (+13,857 PHP)
Epoch 047/50 | [PROFIT-LOG] train_loss=0.000069 val_loss=-0.000407 | train_profit=0.080074 (+8,007 PHP) val_profit=0.161345 (+16,135 PHP) | train_geo=-0.171075 (-17,108 PHP) val_geo=0.138568 (+13,857 PHP)
Epoch 048/50 | [PROFIT-LOG] train_loss=0.000069 val_loss=-0.000407 | train_profit=0.080074 (+8,007 PHP) val_profit=0.161345 (+16,135 PHP) | train_geo=-0.171075 (-17,108 PHP) val_geo=0.138568 (+13,857 PHP)
Epoch 049/50 | [PROFIT-LOG] train_loss=0.000069 val_loss=-0.000407 | train_profit=0.080074 (+8,007 PHP) val_profit=0.161345 (+16,135 PHP) | train_geo=-0.171075 (-17,108 PHP) val_geo=0.138568 (+13,857 PHP)
Epoch 050/50 | [PROFIT-LOG] train_loss=0.000069 val_loss=-0.000407 | train_profit=0.080074 (+8,007 PHP) val_profit=0.161345 (+16,135 PHP) | train_geo=-0.171075 (-17,108 PHP) val_geo=0.138568 (+13,857 PHP)
[17/23] KHC        (weak  ) profit-log    dir_acc=0.475 cum_ret=-0.0442 geo_ret=-0.0865 sharpe=-0.128 (buy&hold=-0.0034) [4.7s]
Epoch 001/50 | [MSE] train_loss=0.001427 val_loss=0.000664 | train_profit=-0.737241 (-73,724 PHP) val_profit=0.050979 (+5,098 PHP) | train_geo=-0.757308 (-75,731 PHP) val_geo=-0.036801 (-3,680 PHP)
Epoch 002/50 | [MSE] train_loss=0.001008 val_loss=0.000574 | train_profit=-0.211283 (-21,128 PHP) val_profit=0.127940 (+12,794 PHP) | train_geo=-0.590981 (-59,098 PHP) val_geo=0.040841 (+4,084 PHP)
Epoch 003/50 | [MSE] train_loss=0.000962 val_loss=0.000566 | train_profit=-0.193952 (-19,395 PHP) val_profit=0.014911 (+1,491 PHP) | train_geo=-0.579765 (-57,977 PHP) val_geo=-0.070948 (-7,095 PHP)
Epoch 004/50 | [MSE] train_loss=0.000956 val_loss=0.000560 | train_profit=-1.984325 (-198,432 PHP) val_profit=-0.065464 (-6,546 PHP) | train_geo=-0.930668 (-93,067 PHP) val_geo=-0.142604 (-14,260 PHP)
Epoch 005/50 | [MSE] train_loss=0.000930 val_loss=0.000559 | train_profit=-0.238176 (-23,818 PHP) val_profit=0.140261 (+14,026 PHP) | train_geo=-0.600516 (-60,052 PHP) val_geo=0.054071 (+5,407 PHP)
Epoch 006/50 | [MSE] train_loss=0.000962 val_loss=0.000558 | train_profit=-1.783266 (-178,327 PHP) val_profit=0.178511 (+17,851 PHP) | train_geo=-0.915930 (-91,593 PHP) val_geo=0.095039 (+9,504 PHP)
Epoch 007/50 | [MSE] train_loss=0.000951 val_loss=0.000563 | train_profit=-2.048389 (-204,839 PHP) val_profit=0.057668 (+5,767 PHP) | train_geo=-0.935481 (-93,548 PHP) val_geo=-0.030230 (-3,023 PHP)
Epoch 008/50 | [MSE] train_loss=0.000931 val_loss=0.000563 | train_profit=-1.833557 (-183,356 PHP) val_profit=0.057668 (+5,767 PHP) | train_geo=-0.918521 (-91,852 PHP) val_geo=-0.030230 (-3,023 PHP)
Epoch 009/50 | [MSE] train_loss=0.000932 val_loss=0.000566 | train_profit=-0.913255 (-91,325 PHP) val_profit=0.057668 (+5,767 PHP) | train_geo=-0.799337 (-79,934 PHP) val_geo=-0.030230 (-3,023 PHP)
Epoch 010/50 | [MSE] train_loss=0.000938 val_loss=0.000562 | train_profit=-3.182363 (-318,236 PHP) val_profit=0.057668 (+5,767 PHP) | train_geo=-0.979285 (-97,928 PHP) val_geo=-0.030230 (-3,023 PHP)
Epoch 011/50 | [MSE] train_loss=0.000939 val_loss=0.000564 | train_profit=-1.386188 (-138,619 PHP) val_profit=0.057668 (+5,767 PHP) | train_geo=-0.874553 (-87,455 PHP) val_geo=-0.030230 (-3,023 PHP)
Epoch 012/50 | [MSE] train_loss=0.000935 val_loss=0.000562 | train_profit=-2.145584 (-214,558 PHP) val_profit=-0.017057 (-1,706 PHP) | train_geo=-0.941600 (-94,160 PHP) val_geo=-0.100146 (-10,015 PHP)
Epoch 013/50 | [MSE] train_loss=0.000923 val_loss=0.000567 | train_profit=-1.937972 (-193,797 PHP) val_profit=0.057668 (+5,767 PHP) | train_geo=-0.927804 (-92,780 PHP) val_geo=-0.030230 (-3,023 PHP)
Epoch 014/50 | [MSE] train_loss=0.000923 val_loss=0.000567 | train_profit=-0.975950 (-97,595 PHP) val_profit=0.057668 (+5,767 PHP) | train_geo=-0.808542 (-80,854 PHP) val_geo=-0.030230 (-3,023 PHP)
Epoch 015/50 | [MSE] train_loss=0.000920 val_loss=0.000561 | train_profit=-1.125687 (-112,569 PHP) val_profit=0.057668 (+5,767 PHP) | train_geo=-0.834331 (-83,433 PHP) val_geo=-0.030230 (-3,023 PHP)
Epoch 016/50 | [MSE] train_loss=0.000928 val_loss=0.000566 | train_profit=-1.814948 (-181,495 PHP) val_profit=0.057668 (+5,767 PHP) | train_geo=-0.917322 (-91,732 PHP) val_geo=-0.030230 (-3,023 PHP)
Epoch 017/50 | [MSE] train_loss=0.000928 val_loss=0.000569 | train_profit=-1.320112 (-132,011 PHP) val_profit=0.057668 (+5,767 PHP) | train_geo=-0.863912 (-86,391 PHP) val_geo=-0.030230 (-3,023 PHP)
Epoch 018/50 | [MSE] train_loss=0.000928 val_loss=0.000565 | train_profit=-1.823996 (-182,400 PHP) val_profit=0.057668 (+5,767 PHP) | train_geo=-0.918018 (-91,802 PHP) val_geo=-0.030230 (-3,023 PHP)
Epoch 019/50 | [MSE] train_loss=0.000923 val_loss=0.000566 | train_profit=-1.818653 (-181,865 PHP) val_profit=0.057668 (+5,767 PHP) | train_geo=-0.918846 (-91,885 PHP) val_geo=-0.030230 (-3,023 PHP)
Epoch 020/50 | [MSE] train_loss=0.000919 val_loss=0.000568 | train_profit=-0.607699 (-60,770 PHP) val_profit=0.057668 (+5,767 PHP) | train_geo=-0.720218 (-72,022 PHP) val_geo=-0.030230 (-3,023 PHP)
Epoch 021/50 | [MSE] train_loss=0.000915 val_loss=0.000566 | train_profit=-0.477982 (-47,798 PHP) val_profit=0.057668 (+5,767 PHP) | train_geo=-0.682457 (-68,246 PHP) val_geo=-0.030230 (-3,023 PHP)
Epoch 022/50 | [MSE] train_loss=0.000920 val_loss=0.000567 | train_profit=0.787383 (+78,738 PHP) val_profit=0.057668 (+5,767 PHP) | train_geo=0.127072 (+12,707 PHP) val_geo=-0.030230 (-3,023 PHP)
Epoch 023/50 | [MSE] train_loss=0.000924 val_loss=0.000564 | train_profit=-1.190756 (-119,076 PHP) val_profit=0.057668 (+5,767 PHP) | train_geo=-0.845490 (-84,549 PHP) val_geo=-0.030230 (-3,023 PHP)
Epoch 024/50 | [MSE] train_loss=0.000921 val_loss=0.000567 | train_profit=-0.476613 (-47,661 PHP) val_profit=0.057668 (+5,767 PHP) | train_geo=-0.682738 (-68,274 PHP) val_geo=-0.030230 (-3,023 PHP)
Epoch 025/50 | [MSE] train_loss=0.000913 val_loss=0.000570 | train_profit=-1.490059 (-149,006 PHP) val_profit=0.057668 (+5,767 PHP) | train_geo=-0.885196 (-88,520 PHP) val_geo=-0.030230 (-3,023 PHP)
Epoch 026/50 | [MSE] train_loss=0.000915 val_loss=0.000566 | train_profit=-1.221638 (-122,164 PHP) val_profit=0.057668 (+5,767 PHP) | train_geo=-0.849315 (-84,931 PHP) val_geo=-0.030230 (-3,023 PHP)
Epoch 027/50 | [MSE] train_loss=0.000916 val_loss=0.000567 | train_profit=-1.299628 (-129,963 PHP) val_profit=-0.003303 (-330 PHP) | train_geo=-0.860322 (-86,032 PHP) val_geo=-0.087704 (-8,770 PHP)
Epoch 028/50 | [MSE] train_loss=0.000920 val_loss=0.000565 | train_profit=-2.157205 (-215,721 PHP) val_profit=0.086658 (+8,666 PHP) | train_geo=-0.941193 (-94,119 PHP) val_geo=-0.001682 (-168 PHP)
Epoch 029/50 | [MSE] train_loss=0.000919 val_loss=0.000568 | train_profit=-1.297339 (-129,734 PHP) val_profit=0.086658 (+8,666 PHP) | train_geo=-0.862220 (-86,222 PHP) val_geo=-0.001682 (-168 PHP)
Epoch 030/50 | [MSE] train_loss=0.000915 val_loss=0.000566 | train_profit=-1.579718 (-157,972 PHP) val_profit=0.077497 (+7,750 PHP) | train_geo=-0.895788 (-89,579 PHP) val_geo=-0.010811 (-1,081 PHP)
Epoch 031/50 | [MSE] train_loss=0.000914 val_loss=0.000568 | train_profit=-1.928025 (-192,802 PHP) val_profit=0.031060 (+3,106 PHP) | train_geo=-0.925952 (-92,595 PHP) val_geo=-0.055798 (-5,580 PHP)
Epoch 032/50 | [MSE] train_loss=0.000909 val_loss=0.000569 | train_profit=-1.677108 (-167,711 PHP) val_profit=-0.003303 (-330 PHP) | train_geo=-0.905215 (-90,522 PHP) val_geo=-0.087704 (-8,770 PHP)
Epoch 033/50 | [MSE] train_loss=0.000904 val_loss=0.000569 | train_profit=-0.846346 (-84,635 PHP) val_profit=0.132781 (+13,278 PHP) | train_geo=-0.779954 (-77,995 PHP) val_geo=0.045452 (+4,545 PHP)
Epoch 034/50 | [MSE] train_loss=0.000919 val_loss=0.000572 | train_profit=-3.090059 (-309,006 PHP) val_profit=0.011933 (+1,193 PHP) | train_geo=-0.976821 (-97,682 PHP) val_geo=-0.073656 (-7,366 PHP)
Epoch 035/50 | [MSE] train_loss=0.000895 val_loss=0.000571 | train_profit=-0.148949 (-14,895 PHP) val_profit=0.085845 (+8,584 PHP) | train_geo=-0.557014 (-55,701 PHP) val_geo=-0.002605 (-261 PHP)
Epoch 036/50 | [MSE] train_loss=0.000902 val_loss=0.000569 | train_profit=-0.146891 (-14,689 PHP) val_profit=-0.017057 (-1,706 PHP) | train_geo=-0.556843 (-55,684 PHP) val_geo=-0.100146 (-10,015 PHP)
Epoch 037/50 | [MSE] train_loss=0.000893 val_loss=0.000580 | train_profit=-1.269916 (-126,992 PHP) val_profit=0.103015 (+10,302 PHP) | train_geo=-0.856810 (-85,681 PHP) val_geo=0.014865 (+1,487 PHP)
Epoch 038/50 | [MSE] train_loss=0.000888 val_loss=0.000583 | train_profit=-1.232260 (-123,226 PHP) val_profit=-0.271821 (-27,182 PHP) | train_geo=-0.850835 (-85,084 PHP) val_geo=-0.302873 (-30,287 PHP)
Epoch 039/50 | [MSE] train_loss=0.000906 val_loss=0.000564 | train_profit=-0.427428 (-42,743 PHP) val_profit=0.066838 (+6,684 PHP) | train_geo=-0.666257 (-66,626 PHP) val_geo=-0.021246 (-2,125 PHP)
Epoch 040/50 | [MSE] train_loss=0.000901 val_loss=0.000571 | train_profit=-0.637418 (-63,742 PHP) val_profit=0.127259 (+12,726 PHP) | train_geo=-0.729445 (-72,944 PHP) val_geo=0.039808 (+3,981 PHP)
Epoch 041/50 | [MSE] train_loss=0.000884 val_loss=0.000584 | train_profit=-0.939474 (-93,947 PHP) val_profit=0.069208 (+6,921 PHP) | train_geo=-0.800133 (-80,013 PHP) val_geo=-0.018923 (-1,892 PHP)
Epoch 042/50 | [MSE] train_loss=0.000861 val_loss=0.000588 | train_profit=0.750578 (+75,058 PHP) val_profit=-0.059020 (-5,902 PHP) | train_geo=0.085997 (+8,600 PHP) val_geo=-0.137002 (-13,700 PHP)
Epoch 043/50 | [MSE] train_loss=0.000902 val_loss=0.000608 | train_profit=1.440127 (+144,013 PHP) val_profit=-0.091906 (-9,191 PHP) | train_geo=1.170552 (+117,055 PHP) val_geo=-0.164995 (-16,499 PHP)
Epoch 044/50 | [MSE] train_loss=0.000847 val_loss=0.000572 | train_profit=0.490572 (+49,057 PHP) val_profit=-0.077921 (-7,792 PHP) | train_geo=-0.158779 (-15,878 PHP) val_geo=-0.153482 (-15,348 PHP)
Epoch 045/50 | [MSE] train_loss=0.000925 val_loss=0.000558 | train_profit=-1.117867 (-111,787 PHP) val_profit=-0.141781 (-14,178 PHP) | train_geo=-0.835690 (-83,569 PHP) val_geo=-0.205451 (-20,545 PHP)
Epoch 046/50 | [MSE] train_loss=0.000917 val_loss=0.000569 | train_profit=-1.648170 (-164,817 PHP) val_profit=0.038643 (+3,864 PHP) | train_geo=-0.902117 (-90,212 PHP) val_geo=-0.048291 (-4,829 PHP)
Epoch 047/50 | [MSE] train_loss=0.000899 val_loss=0.000571 | train_profit=0.610332 (+61,033 PHP) val_profit=0.038643 (+3,864 PHP) | train_geo=-0.053807 (-5,381 PHP) val_geo=-0.048291 (-4,829 PHP)
Epoch 048/50 | [MSE] train_loss=0.000884 val_loss=0.000578 | train_profit=-1.526014 (-152,601 PHP) val_profit=-0.020554 (-2,055 PHP) | train_geo=-0.888637 (-88,864 PHP) val_geo=-0.103060 (-10,306 PHP)
Epoch 049/50 | [MSE] train_loss=0.000845 val_loss=0.000581 | train_profit=1.475655 (+147,565 PHP) val_profit=-0.200984 (-20,098 PHP) | train_geo=1.259127 (+125,913 PHP) val_geo=-0.251455 (-25,145 PHP)
Epoch 050/50 | [MSE] train_loss=0.000907 val_loss=0.000612 | train_profit=-0.560664 (-56,066 PHP) val_profit=0.276179 (+27,618 PHP) | train_geo=-0.707665 (-70,767 PHP) val_geo=0.207491 (+20,749 PHP)
[18/23] BA         (weak  ) mse           dir_acc=0.494 cum_ret=+0.2164 geo_ret=+0.1621 sharpe=+0.525 (buy&hold=+0.0121) [4.2s]
Epoch 001/50 | train_loss=0.000860 val_loss=0.001362 | train_profit=-0.857669 (-85,767 PHP) val_profit=-0.161644 (-16,164 PHP) | train_geo=-0.787904 (-78,790 PHP) val_geo=-0.222410 (-22,241 PHP)
Epoch 002/50 | train_loss=0.000484 val_loss=0.001376 | train_profit=1.099454 (+109,945 PHP) val_profit=0.057668 (+5,767 PHP) | train_geo=0.522144 (+52,214 PHP) val_geo=-0.030230 (-3,023 PHP)
Epoch 003/50 | train_loss=0.000867 val_loss=0.000049 | train_profit=0.245931 (+24,593 PHP) val_profit=0.057668 (+5,767 PHP) | train_geo=-0.355265 (-35,527 PHP) val_geo=-0.030230 (-3,023 PHP)
Epoch 004/50 | train_loss=0.000243 val_loss=0.000062 | train_profit=0.361324 (+36,132 PHP) val_profit=0.057668 (+5,767 PHP) | train_geo=-0.276319 (-27,632 PHP) val_geo=-0.030230 (-3,023 PHP)
Epoch 005/50 | train_loss=0.000629 val_loss=0.000558 | train_profit=-1.692917 (-169,292 PHP) val_profit=-0.059668 (-5,967 PHP) | train_geo=-0.908643 (-90,864 PHP) val_geo=-0.138267 (-13,827 PHP)
Epoch 006/50 | train_loss=0.000302 val_loss=0.000559 | train_profit=0.084054 (+8,405 PHP) val_profit=0.057668 (+5,767 PHP) | train_geo=-0.449217 (-44,922 PHP) val_geo=-0.030230 (-3,023 PHP)
Epoch 007/50 | train_loss=0.000469 val_loss=0.000205 | train_profit=0.130007 (+13,001 PHP) val_profit=0.057668 (+5,767 PHP) | train_geo=-0.425915 (-42,592 PHP) val_geo=-0.030230 (-3,023 PHP)
Epoch 008/50 | train_loss=0.000434 val_loss=0.000358 | train_profit=-0.650104 (-65,010 PHP) val_profit=0.035212 (+3,521 PHP) | train_geo=-0.737236 (-73,724 PHP) val_geo=-0.051787 (-5,179 PHP)
Epoch 009/50 | train_loss=0.000253 val_loss=0.000615 | train_profit=0.215923 (+21,592 PHP) val_profit=0.054853 (+5,485 PHP) | train_geo=-0.374002 (-37,400 PHP) val_geo=-0.034048 (-3,405 PHP)
Epoch 010/50 | train_loss=0.000192 val_loss=0.000770 | train_profit=0.578111 (+57,811 PHP) val_profit=0.057668 (+5,767 PHP) | train_geo=-0.096511 (-9,651 PHP) val_geo=-0.030230 (-3,023 PHP)
Epoch 011/50 | train_loss=0.000457 val_loss=0.000373 | train_profit=0.288954 (+28,895 PHP) val_profit=0.136249 (+13,625 PHP) | train_geo=-0.326779 (-32,678 PHP) val_geo=0.049168 (+4,917 PHP)
Epoch 012/50 | train_loss=0.000473 val_loss=0.000530 | train_profit=-0.503826 (-50,383 PHP) val_profit=-0.059668 (-5,967 PHP) | train_geo=-0.695629 (-69,563 PHP) val_geo=-0.138267 (-13,827 PHP)
Epoch 013/50 | train_loss=0.000173 val_loss=0.000433 | train_profit=-0.731821 (-73,182 PHP) val_profit=0.035212 (+3,521 PHP) | train_geo=-0.758008 (-75,801 PHP) val_geo=-0.051787 (-5,179 PHP)
Epoch 014/50 | train_loss=0.000003 val_loss=0.000334 | train_profit=0.766025 (+76,603 PHP) val_profit=0.104018 (+10,402 PHP) | train_geo=0.090712 (+9,071 PHP) val_geo=0.015785 (+1,578 PHP)
Epoch 015/50 | train_loss=-0.000000 val_loss=0.000365 | train_profit=0.970498 (+97,050 PHP) val_profit=-0.023267 (-2,327 PHP) | train_geo=0.340336 (+34,034 PHP) val_geo=-0.105770 (-10,577 PHP)
Epoch 016/50 | train_loss=0.000058 val_loss=0.000604 | train_profit=0.260248 (+26,025 PHP) val_profit=-0.493124 (-49,312 PHP) | train_geo=-0.344534 (-34,453 PHP) val_geo=-0.442593 (-44,259 PHP)
Epoch 017/50 | train_loss=0.000019 val_loss=0.000434 | train_profit=0.101709 (+10,171 PHP) val_profit=0.057668 (+5,767 PHP) | train_geo=-0.442124 (-44,212 PHP) val_geo=-0.030230 (-3,023 PHP)
Epoch 018/50 | train_loss=0.000306 val_loss=0.000251 | train_profit=0.233950 (+23,395 PHP) val_profit=0.029225 (+2,923 PHP) | train_geo=-0.362996 (-36,300 PHP) val_geo=-0.057563 (-5,756 PHP)
Epoch 019/50 | train_loss=0.000222 val_loss=0.000750 | train_profit=0.479923 (+47,992 PHP) val_profit=-0.213106 (-21,311 PHP) | train_geo=-0.181771 (-18,177 PHP) val_geo=-0.261971 (-26,197 PHP)
Epoch 020/50 | train_loss=-0.000035 val_loss=0.000502 | train_profit=0.737624 (+73,762 PHP) val_profit=0.152320 (+15,232 PHP) | train_geo=0.059662 (+5,966 PHP) val_geo=0.066257 (+6,626 PHP)
Epoch 021/50 | train_loss=-0.000174 val_loss=0.000449 | train_profit=0.170593 (+17,059 PHP) val_profit=-0.036988 (-3,699 PHP) | train_geo=-0.399497 (-39,950 PHP) val_geo=-0.117790 (-11,779 PHP)
Epoch 022/50 | train_loss=-0.000193 val_loss=0.000379 | train_profit=1.080592 (+108,059 PHP) val_profit=0.080086 (+8,009 PHP) | train_geo=0.495683 (+49,568 PHP) val_geo=-0.008276 (-828 PHP)
Epoch 023/50 | train_loss=-0.000019 val_loss=0.000722 | train_profit=1.129091 (+112,909 PHP) val_profit=-0.338949 (-33,895 PHP) | train_geo=0.571941 (+57,194 PHP) val_geo=-0.349515 (-34,952 PHP)
Epoch 024/50 | train_loss=-0.000138 val_loss=0.001034 | train_profit=0.770329 (+77,033 PHP) val_profit=-0.080746 (-8,075 PHP) | train_geo=0.093750 (+9,375 PHP) val_geo=-0.157221 (-15,722 PHP)
Epoch 025/50 | train_loss=-0.000235 val_loss=0.001015 | train_profit=1.247741 (+124,774 PHP) val_profit=-0.246821 (-24,682 PHP) | train_geo=0.767052 (+76,705 PHP) val_geo=-0.286291 (-28,629 PHP)
Epoch 026/50 | train_loss=-0.000130 val_loss=0.000948 | train_profit=0.989873 (+98,987 PHP) val_profit=-0.303668 (-30,367 PHP) | train_geo=0.365328 (+36,533 PHP) val_geo=-0.325872 (-32,587 PHP)
Epoch 027/50 | train_loss=-0.000159 val_loss=0.001189 | train_profit=0.797996 (+79,800 PHP) val_profit=-0.102259 (-10,226 PHP) | train_geo=0.125682 (+12,568 PHP) val_geo=-0.175261 (-17,526 PHP)
Epoch 028/50 | train_loss=-0.000292 val_loss=0.001000 | train_profit=0.723516 (+72,352 PHP) val_profit=-0.287741 (-28,774 PHP) | train_geo=0.045588 (+4,559 PHP) val_geo=-0.315040 (-31,504 PHP)
Epoch 029/50 | train_loss=-0.000424 val_loss=0.001051 | train_profit=1.005448 (+100,545 PHP) val_profit=-0.259199 (-25,920 PHP) | train_geo=0.386872 (+38,687 PHP) val_geo=-0.295563 (-29,556 PHP)
Epoch 030/50 | train_loss=-0.000259 val_loss=0.000380 | train_profit=0.673286 (+67,329 PHP) val_profit=0.072917 (+7,292 PHP) | train_geo=-0.010914 (-1,091 PHP) val_geo=-0.015284 (-1,528 PHP)
Epoch 031/50 | train_loss=0.000202 val_loss=0.000821 | train_profit=0.154250 (+15,425 PHP) val_profit=-0.356043 (-35,604 PHP) | train_geo=-0.411113 (-41,111 PHP) val_geo=-0.360466 (-36,047 PHP)
Epoch 032/50 | train_loss=-0.000495 val_loss=0.000754 | train_profit=1.144127 (+114,413 PHP) val_profit=-0.059834 (-5,983 PHP) | train_geo=0.592227 (+59,223 PHP) val_geo=-0.137869 (-13,787 PHP)
Epoch 033/50 | train_loss=-0.000581 val_loss=0.000540 | train_profit=1.820539 (+182,054 PHP) val_profit=-0.052824 (-5,282 PHP) | train_geo=2.138378 (+213,838 PHP) val_geo=-0.131809 (-13,181 PHP)
Epoch 034/50 | train_loss=-0.000500 val_loss=0.000989 | train_profit=1.358013 (+135,801 PHP) val_profit=-0.424110 (-42,411 PHP) | train_geo=0.976095 (+97,610 PHP) val_geo=-0.402764 (-40,276 PHP)
Epoch 035/50 | train_loss=-0.000856 val_loss=0.000327 | train_profit=2.053108 (+205,311 PHP) val_profit=0.063158 (+6,316 PHP) | train_geo=2.964324 (+296,432 PHP) val_geo=-0.025039 (-2,504 PHP)
Epoch 036/50 | train_loss=-0.000160 val_loss=0.000894 | train_profit=0.655612 (+65,561 PHP) val_profit=-0.295697 (-29,570 PHP) | train_geo=-0.025037 (-2,504 PHP) val_geo=-0.320506 (-32,051 PHP)
Epoch 037/50 | train_loss=-0.000328 val_loss=0.001124 | train_profit=0.732944 (+73,294 PHP) val_profit=-0.239870 (-23,987 PHP) | train_geo=0.053513 (+5,351 PHP) val_geo=-0.281321 (-28,132 PHP)
Epoch 038/50 | train_loss=-0.000501 val_loss=0.001071 | train_profit=1.357374 (+135,737 PHP) val_profit=-0.375682 (-37,568 PHP) | train_geo=0.970154 (+97,015 PHP) val_geo=-0.372882 (-37,288 PHP)
Epoch 039/50 | train_loss=-0.000517 val_loss=0.001174 | train_profit=2.017324 (+201,732 PHP) val_profit=-0.375682 (-37,568 PHP) | train_geo=2.821173 (+282,117 PHP) val_geo=-0.372882 (-37,288 PHP)
Epoch 040/50 | train_loss=-0.000637 val_loss=0.001308 | train_profit=2.084663 (+208,466 PHP) val_profit=-0.481551 (-48,155 PHP) | train_geo=3.082832 (+308,283 PHP) val_geo=-0.435764 (-43,576 PHP)
Epoch 041/50 | train_loss=-0.000640 val_loss=0.001439 | train_profit=1.915530 (+191,553 PHP) val_profit=-0.371308 (-37,131 PHP) | train_geo=2.444974 (+244,497 PHP) val_geo=-0.369927 (-36,993 PHP)
Epoch 042/50 | train_loss=-0.000703 val_loss=0.001551 | train_profit=1.671931 (+167,193 PHP) val_profit=-0.345615 (-34,562 PHP) | train_geo=1.699332 (+169,933 PHP) val_geo=-0.353525 (-35,352 PHP)
Epoch 043/50 | train_loss=-0.000424 val_loss=0.001771 | train_profit=1.265572 (+126,557 PHP) val_profit=-0.453760 (-45,376 PHP) | train_geo=0.791324 (+79,132 PHP) val_geo=-0.420033 (-42,003 PHP)
Epoch 044/50 | train_loss=-0.000878 val_loss=0.001473 | train_profit=2.121303 (+212,130 PHP) val_profit=-0.204357 (-20,436 PHP) | train_geo=3.239367 (+323,937 PHP) val_geo=-0.255549 (-25,555 PHP)
Epoch 045/50 | train_loss=-0.000859 val_loss=0.001455 | train_profit=1.511996 (+151,200 PHP) val_profit=-0.266357 (-26,636 PHP) | train_geo=1.306991 (+130,699 PHP) val_geo=-0.300409 (-30,041 PHP)
Epoch 046/50 | train_loss=-0.001085 val_loss=0.001456 | train_profit=2.614775 (+261,478 PHP) val_profit=-0.235330 (-23,533 PHP) | train_geo=5.959262 (+595,926 PHP) val_geo=-0.278303 (-27,830 PHP)
Epoch 047/50 | train_loss=-0.001093 val_loss=0.001488 | train_profit=2.580019 (+258,002 PHP) val_profit=-0.284513 (-28,451 PHP) | train_geo=5.720338 (+572,034 PHP) val_geo=-0.312846 (-31,285 PHP)
Epoch 048/50 | train_loss=-0.000789 val_loss=0.001782 | train_profit=2.512742 (+251,274 PHP) val_profit=-0.476248 (-47,625 PHP) | train_geo=5.286248 (+528,625 PHP) val_geo=-0.432793 (-43,279 PHP)
Epoch 049/50 | train_loss=-0.000849 val_loss=0.001568 | train_profit=1.994568 (+199,457 PHP) val_profit=-0.278079 (-27,808 PHP) | train_geo=2.733335 (+273,334 PHP) val_geo=-0.308568 (-30,857 PHP)
Epoch 050/50 | train_loss=-0.001137 val_loss=0.001591 | train_profit=2.716019 (+271,602 PHP) val_profit=-0.312186 (-31,219 PHP) | train_geo=6.702891 (+670,289 PHP) val_geo=-0.331865 (-33,187 PHP)
[18/23] BA         (weak  ) profit-aware  dir_acc=0.500 cum_ret=+0.2771 geo_ret=+0.2353 sharpe=+0.676 (buy&hold=+0.0121) [4.9s]
Epoch 001/50 | [PROFIT-LOG] train_loss=0.000425 val_loss=0.000098 | train_profit=-0.032369 (-3,237 PHP) val_profit=0.047497 (+4,750 PHP) | train_geo=-0.511944 (-51,194 PHP) val_geo=-0.039988 (-3,999 PHP)
Epoch 002/50 | [PROFIT-LOG] train_loss=0.000271 val_loss=0.000150 | train_profit=0.233753 (+23,375 PHP) val_profit=0.041287 (+4,129 PHP) | train_geo=-0.363068 (-36,307 PHP) val_geo=-0.045989 (-4,599 PHP)
Epoch 003/50 | [PROFIT-LOG] train_loss=0.000608 val_loss=-0.000251 | train_profit=0.006116 (+612 PHP) val_profit=0.155711 (+15,571 PHP) | train_geo=-0.493082 (-49,308 PHP) val_geo=0.069800 (+6,980 PHP)
Epoch 004/50 | [PROFIT-LOG] train_loss=-0.000018 val_loss=-0.000200 | train_profit=0.908210 (+90,821 PHP) val_profit=0.133898 (+13,390 PHP) | train_geo=0.257175 (+25,717 PHP) val_geo=0.046624 (+4,662 PHP)
Epoch 005/50 | [PROFIT-LOG] train_loss=-0.000413 val_loss=0.000090 | train_profit=1.247605 (+124,761 PHP) val_profit=0.057668 (+5,767 PHP) | train_geo=0.766507 (+76,651 PHP) val_geo=-0.030230 (-3,023 PHP)
Epoch 006/50 | [PROFIT-LOG] train_loss=0.000671 val_loss=0.000159 | train_profit=-0.358269 (-35,827 PHP) val_profit=0.041287 (+4,129 PHP) | train_geo=-0.652444 (-65,244 PHP) val_geo=-0.045989 (-4,599 PHP)
Epoch 007/50 | [PROFIT-LOG] train_loss=-0.000234 val_loss=0.001095 | train_profit=0.802900 (+80,290 PHP) val_profit=-0.237749 (-23,775 PHP) | train_geo=0.128884 (+12,888 PHP) val_geo=-0.280049 (-28,005 PHP)
Epoch 008/50 | [PROFIT-LOG] train_loss=-0.000068 val_loss=0.000207 | train_profit=0.808985 (+80,899 PHP) val_profit=0.018897 (+1,890 PHP) | train_geo=0.132509 (+13,251 PHP) val_geo=-0.067232 (-6,723 PHP)
Epoch 009/50 | [PROFIT-LOG] train_loss=-0.000145 val_loss=0.001306 | train_profit=0.624799 (+62,480 PHP) val_profit=-0.334877 (-33,488 PHP) | train_geo=-0.060758 (-6,076 PHP) val_geo=-0.346721 (-34,672 PHP)
Epoch 010/50 | [PROFIT-LOG] train_loss=0.000119 val_loss=0.001659 | train_profit=0.610022 (+61,002 PHP) val_profit=-0.471951 (-47,195 PHP) | train_geo=-0.072255 (-7,225 PHP) val_geo=-0.430728 (-43,073 PHP)
Epoch 011/50 | [PROFIT-LOG] train_loss=0.000057 val_loss=0.000247 | train_profit=0.635346 (+63,535 PHP) val_profit=0.006771 (+677 PHP) | train_geo=-0.048037 (-4,804 PHP) val_geo=-0.078365 (-7,837 PHP)
Epoch 012/50 | [PROFIT-LOG] train_loss=-0.000269 val_loss=0.000090 | train_profit=1.082902 (+108,290 PHP) val_profit=0.057668 (+5,767 PHP) | train_geo=0.491130 (+49,113 PHP) val_geo=-0.030230 (-3,023 PHP)
Epoch 013/50 | [PROFIT-LOG] train_loss=0.000194 val_loss=0.000136 | train_profit=0.302949 (+30,295 PHP) val_profit=0.072921 (+7,292 PHP) | train_geo=-0.321095 (-32,109 PHP) val_geo=-0.015277 (-1,528 PHP)
Epoch 014/50 | [PROFIT-LOG] train_loss=-0.000034 val_loss=0.000311 | train_profit=0.740083 (+74,008 PHP) val_profit=-0.016590 (-1,659 PHP) | train_geo=0.058105 (+5,810 PHP) val_geo=-0.099694 (-9,969 PHP)
Epoch 015/50 | [PROFIT-LOG] train_loss=-0.000097 val_loss=-0.000039 | train_profit=0.847055 (+84,706 PHP) val_profit=0.088505 (+8,851 PHP) | train_geo=0.177271 (+17,727 PHP) val_geo=0.000266 (+27 PHP)
Epoch 016/50 | [PROFIT-LOG] train_loss=-0.000459 val_loss=-0.000081 | train_profit=1.459106 (+145,911 PHP) val_profit=0.114434 (+11,443 PHP) | train_geo=1.183703 (+118,370 PHP) val_geo=0.026385 (+2,639 PHP)
Epoch 017/50 | [PROFIT-LOG] train_loss=-0.000140 val_loss=0.000199 | train_profit=0.896795 (+89,679 PHP) val_profit=0.010252 (+1,025 PHP) | train_geo=0.242089 (+24,209 PHP) val_geo=-0.075227 (-7,523 PHP)
Epoch 018/50 | [PROFIT-LOG] train_loss=0.000178 val_loss=0.000208 | train_profit=0.424555 (+42,456 PHP) val_profit=0.010252 (+1,025 PHP) | train_geo=-0.229501 (-22,950 PHP) val_geo=-0.075227 (-7,523 PHP)
Epoch 019/50 | [PROFIT-LOG] train_loss=0.000183 val_loss=-0.000097 | train_profit=0.580844 (+58,084 PHP) val_profit=0.148586 (+14,859 PHP) | train_geo=-0.095843 (-9,584 PHP) val_geo=0.062227 (+6,223 PHP)
Epoch 020/50 | [PROFIT-LOG] train_loss=0.000284 val_loss=0.001424 | train_profit=0.302789 (+30,279 PHP) val_profit=-0.395471 (-39,547 PHP) | train_geo=-0.314149 (-31,415 PHP) val_geo=-0.385144 (-38,514 PHP)
Epoch 021/50 | [PROFIT-LOG] train_loss=0.000054 val_loss=0.001452 | train_profit=0.720001 (+72,000 PHP) val_profit=-0.353258 (-35,326 PHP) | train_geo=0.041452 (+4,145 PHP) val_geo=-0.358571 (-35,857 PHP)
Epoch 022/50 | [PROFIT-LOG] train_loss=-0.000018 val_loss=0.001579 | train_profit=0.733897 (+73,390 PHP) val_profit=-0.423845 (-42,385 PHP) | train_geo=0.056263 (+5,626 PHP) val_geo=-0.402618 (-40,262 PHP)
Epoch 023/50 | [PROFIT-LOG] train_loss=-0.000185 val_loss=-0.000169 | train_profit=1.065032 (+106,503 PHP) val_profit=0.140421 (+14,042 PHP) | train_geo=0.471967 (+47,197 PHP) val_geo=0.053624 (+5,362 PHP)
Epoch 024/50 | [PROFIT-LOG] train_loss=-0.000013 val_loss=0.000185 | train_profit=1.016483 (+101,648 PHP) val_profit=0.027314 (+2,731 PHP) | train_geo=0.396907 (+39,691 PHP) val_geo=-0.059155 (-5,916 PHP)
Epoch 025/50 | [PROFIT-LOG] train_loss=-0.000328 val_loss=-0.000168 | train_profit=1.223272 (+122,327 PHP) val_profit=0.140421 (+14,042 PHP) | train_geo=0.724851 (+72,485 PHP) val_geo=0.053624 (+5,362 PHP)
Epoch 026/50 | [PROFIT-LOG] train_loss=-0.000685 val_loss=-0.000168 | train_profit=1.755712 (+175,571 PHP) val_profit=0.140421 (+14,042 PHP) | train_geo=1.943050 (+194,305 PHP) val_geo=0.053624 (+5,362 PHP)
Epoch 027/50 | [PROFIT-LOG] train_loss=-0.000638 val_loss=-0.000145 | train_profit=1.682473 (+168,247 PHP) val_profit=0.140421 (+14,042 PHP) | train_geo=1.734251 (+173,425 PHP) val_geo=0.053624 (+5,362 PHP)
Epoch 028/50 | [PROFIT-LOG] train_loss=-0.000607 val_loss=-0.000147 | train_profit=1.805194 (+180,519 PHP) val_profit=0.129879 (+12,988 PHP) | train_geo=2.091463 (+209,146 PHP) val_geo=0.042521 (+4,252 PHP)
Epoch 029/50 | [PROFIT-LOG] train_loss=-0.000226 val_loss=-0.000171 | train_profit=1.090660 (+109,066 PHP) val_profit=0.145749 (+14,575 PHP) | train_geo=0.509731 (+50,973 PHP) val_geo=0.059293 (+5,929 PHP)
Epoch 030/50 | [PROFIT-LOG] train_loss=-0.000631 val_loss=0.000090 | train_profit=1.757692 (+175,769 PHP) val_profit=0.057668 (+5,767 PHP) | train_geo=1.948707 (+194,871 PHP) val_geo=-0.030230 (-3,023 PHP)
Epoch 031/50 | [PROFIT-LOG] train_loss=0.000098 val_loss=0.000090 | train_profit=0.568153 (+56,815 PHP) val_profit=0.057668 (+5,767 PHP) | train_geo=-0.110824 (-11,082 PHP) val_geo=-0.030230 (-3,023 PHP)
Epoch 032/50 | [PROFIT-LOG] train_loss=0.000089 val_loss=0.000180 | train_profit=0.634071 (+63,407 PHP) val_profit=0.028170 (+2,817 PHP) | train_geo=-0.050140 (-5,014 PHP) val_geo=-0.058500 (-5,850 PHP)
Epoch 033/50 | [PROFIT-LOG] train_loss=0.000057 val_loss=0.001538 | train_profit=0.528099 (+52,810 PHP) val_profit=-0.383871 (-38,387 PHP) | train_geo=-0.144676 (-14,468 PHP) val_geo=-0.377897 (-37,790 PHP)
Epoch 034/50 | [PROFIT-LOG] train_loss=0.000359 val_loss=0.001736 | train_profit=0.149973 (+14,997 PHP) val_profit=-0.496476 (-49,648 PHP) | train_geo=-0.411781 (-41,178 PHP) val_geo=-0.444285 (-44,428 PHP)
Epoch 035/50 | [PROFIT-LOG] train_loss=0.000119 val_loss=0.001234 | train_profit=0.433453 (+43,345 PHP) val_profit=-0.284135 (-28,414 PHP) | train_geo=-0.223436 (-22,344 PHP) val_geo=-0.312606 (-31,261 PHP)
Epoch 036/50 | [PROFIT-LOG] train_loss=-0.000221 val_loss=0.000775 | train_profit=0.635224 (+63,522 PHP) val_profit=-0.163250 (-16,325 PHP) | train_geo=-0.048626 (-4,863 PHP) val_geo=-0.223991 (-22,399 PHP)
Epoch 037/50 | [PROFIT-LOG] train_loss=-0.000661 val_loss=0.000569 | train_profit=1.657247 (+165,725 PHP) val_profit=-0.041896 (-4,190 PHP) | train_geo=1.648293 (+164,829 PHP) val_geo=-0.123983 (-12,398 PHP)
Epoch 038/50 | [PROFIT-LOG] train_loss=-0.000197 val_loss=0.000569 | train_profit=0.839578 (+83,958 PHP) val_profit=-0.055540 (-5,554 PHP) | train_geo=0.168329 (+16,833 PHP) val_geo=-0.135862 (-13,586 PHP)
Epoch 039/50 | [PROFIT-LOG] train_loss=-0.000361 val_loss=0.000696 | train_profit=0.975927 (+97,593 PHP) val_profit=-0.141202 (-14,120 PHP) | train_geo=0.339788 (+33,979 PHP) val_geo=-0.206922 (-20,692 PHP)
Epoch 040/50 | [PROFIT-LOG] train_loss=-0.000444 val_loss=0.000600 | train_profit=1.451391 (+145,139 PHP) val_profit=-0.110780 (-11,078 PHP) | train_geo=1.158109 (+115,811 PHP) val_geo=-0.182442 (-18,244 PHP)
Epoch 041/50 | [PROFIT-LOG] train_loss=-0.000347 val_loss=0.000879 | train_profit=1.217423 (+121,742 PHP) val_profit=-0.164838 (-16,484 PHP) | train_geo=0.706952 (+70,695 PHP) val_geo=-0.225406 (-22,541 PHP)
Epoch 042/50 | [PROFIT-LOG] train_loss=-0.000129 val_loss=0.001388 | train_profit=0.795731 (+79,573 PHP) val_profit=-0.346348 (-34,635 PHP) | train_geo=0.116738 (+11,674 PHP) val_geo=-0.354504 (-35,450 PHP)
Epoch 043/50 | [PROFIT-LOG] train_loss=-0.000468 val_loss=0.000763 | train_profit=1.299622 (+129,962 PHP) val_profit=-0.310377 (-31,038 PHP) | train_geo=0.853286 (+85,329 PHP) val_geo=-0.330828 (-33,083 PHP)
Epoch 044/50 | [PROFIT-LOG] train_loss=-0.000583 val_loss=0.000319 | train_profit=1.463891 (+146,389 PHP) val_profit=-0.016102 (-1,610 PHP) | train_geo=1.183555 (+118,356 PHP) val_geo=-0.099301 (-9,930 PHP)
Epoch 045/50 | [PROFIT-LOG] train_loss=-0.000393 val_loss=0.000279 | train_profit=1.348301 (+134,830 PHP) val_profit=0.022007 (+2,201 PHP) | train_geo=0.947648 (+94,765 PHP) val_geo=-0.064173 (-6,417 PHP)
Epoch 046/50 | [PROFIT-LOG] train_loss=-0.000469 val_loss=0.000038 | train_profit=1.485795 (+148,579 PHP) val_profit=0.080086 (+8,009 PHP) | train_geo=1.246338 (+124,634 PHP) val_geo=-0.008276 (-828 PHP)
Epoch 047/50 | [PROFIT-LOG] train_loss=-0.000409 val_loss=0.000062 | train_profit=1.337440 (+133,744 PHP) val_profit=0.061629 (+6,163 PHP) | train_geo=0.933158 (+93,316 PHP) val_geo=-0.026363 (-2,636 PHP)
Epoch 048/50 | [PROFIT-LOG] train_loss=-0.000191 val_loss=0.000494 | train_profit=0.954295 (+95,430 PHP) val_profit=-0.067660 (-6,766 PHP) | train_geo=0.316582 (+31,658 PHP) val_geo=-0.144402 (-14,440 PHP)
Epoch 049/50 | [PROFIT-LOG] train_loss=-0.000552 val_loss=0.000402 | train_profit=1.637480 (+163,748 PHP) val_profit=-0.042547 (-4,255 PHP) | train_geo=1.614311 (+161,431 PHP) val_geo=-0.122815 (-12,281 PHP)
Epoch 050/50 | [PROFIT-LOG] train_loss=-0.000554 val_loss=0.000429 | train_profit=1.564056 (+156,406 PHP) val_profit=-0.057783 (-5,778 PHP) | train_geo=1.429378 (+142,938 PHP) val_geo=-0.136118 (-13,612 PHP)
[18/23] BA         (weak  ) profit-log    dir_acc=0.491 cum_ret=+0.1977 geo_ret=+0.1411 sharpe=+0.481 (buy&hold=+0.0121) [4.6s]
Epoch 001/50 | [MSE] train_loss=0.000403 val_loss=0.000197 | train_profit=-1.560106 (-156,011 PHP) val_profit=0.438222 (+43,822 PHP) | train_geo=-0.827855 (-82,785 PHP) val_geo=0.502073 (+50,207 PHP)
Epoch 002/50 | [MSE] train_loss=0.000293 val_loss=0.000194 | train_profit=-1.477567 (-147,757 PHP) val_profit=0.406510 (+40,651 PHP) | train_geo=-0.813603 (-81,360 PHP) val_geo=0.455054 (+45,505 PHP)
Epoch 003/50 | [MSE] train_loss=0.000286 val_loss=0.000194 | train_profit=-2.365339 (-236,534 PHP) val_profit=0.317308 (+31,731 PHP) | train_geo=-0.923279 (-92,328 PHP) val_geo=0.330989 (+33,099 PHP)
Epoch 004/50 | [MSE] train_loss=0.000281 val_loss=0.000194 | train_profit=-2.308855 (-230,885 PHP) val_profit=0.416331 (+41,633 PHP) | train_geo=-0.918768 (-91,877 PHP) val_geo=0.469513 (+46,951 PHP)
Epoch 005/50 | [MSE] train_loss=0.000275 val_loss=0.000194 | train_profit=-1.568531 (-156,853 PHP) val_profit=0.386558 (+38,656 PHP) | train_geo=-0.829419 (-82,942 PHP) val_geo=0.426317 (+42,632 PHP)
Epoch 006/50 | [MSE] train_loss=0.000277 val_loss=0.000194 | train_profit=-1.539448 (-153,945 PHP) val_profit=0.329817 (+32,982 PHP) | train_geo=-0.824435 (-82,444 PHP) val_geo=0.347570 (+34,757 PHP)
Epoch 007/50 | [MSE] train_loss=0.000273 val_loss=0.000193 | train_profit=-1.247488 (-124,749 PHP) val_profit=0.556955 (+55,695 PHP) | train_geo=-0.764473 (-76,447 PHP) val_geo=0.691467 (+69,147 PHP)
Epoch 008/50 | [MSE] train_loss=0.000270 val_loss=0.000193 | train_profit=-1.066811 (-106,681 PHP) val_profit=0.576098 (+57,610 PHP) | train_geo=-0.717894 (-71,789 PHP) val_geo=0.724213 (+72,421 PHP)
Epoch 009/50 | [MSE] train_loss=0.000274 val_loss=0.000193 | train_profit=-1.798360 (-179,836 PHP) val_profit=0.576098 (+57,610 PHP) | train_geo=-0.864284 (-86,428 PHP) val_geo=0.724213 (+72,421 PHP)
Epoch 010/50 | [MSE] train_loss=0.000270 val_loss=0.000193 | train_profit=-0.737642 (-73,764 PHP) val_profit=0.576098 (+57,610 PHP) | train_geo=-0.607773 (-60,777 PHP) val_geo=0.724213 (+72,421 PHP)
Epoch 011/50 | [MSE] train_loss=0.000274 val_loss=0.000193 | train_profit=-1.827857 (-182,786 PHP) val_profit=0.576098 (+57,610 PHP) | train_geo=-0.868428 (-86,843 PHP) val_geo=0.724213 (+72,421 PHP)
Epoch 012/50 | [MSE] train_loss=0.000272 val_loss=0.000193 | train_profit=-1.478727 (-147,873 PHP) val_profit=0.576098 (+57,610 PHP) | train_geo=-0.813301 (-81,330 PHP) val_geo=0.724213 (+72,421 PHP)
Epoch 013/50 | [MSE] train_loss=0.000270 val_loss=0.000193 | train_profit=-2.469198 (-246,920 PHP) val_profit=0.576098 (+57,610 PHP) | train_geo=-0.930789 (-93,079 PHP) val_geo=0.724213 (+72,421 PHP)
Epoch 014/50 | [MSE] train_loss=0.000270 val_loss=0.000193 | train_profit=-2.237183 (-223,718 PHP) val_profit=0.576098 (+57,610 PHP) | train_geo=-0.912702 (-91,270 PHP) val_geo=0.724213 (+72,421 PHP)
Epoch 015/50 | [MSE] train_loss=0.000267 val_loss=0.000193 | train_profit=-0.115007 (-11,501 PHP) val_profit=0.576540 (+57,654 PHP) | train_geo=-0.267202 (-26,720 PHP) val_geo=0.725019 (+72,502 PHP)
Epoch 016/50 | [MSE] train_loss=0.000271 val_loss=0.000193 | train_profit=-1.545364 (-154,536 PHP) val_profit=0.576098 (+57,610 PHP) | train_geo=-0.825242 (-82,524 PHP) val_geo=0.724213 (+72,421 PHP)
Epoch 017/50 | [MSE] train_loss=0.000270 val_loss=0.000193 | train_profit=-0.994199 (-99,420 PHP) val_profit=0.576098 (+57,610 PHP) | train_geo=-0.696595 (-69,659 PHP) val_geo=0.724213 (+72,421 PHP)
Epoch 018/50 | [MSE] train_loss=0.000270 val_loss=0.000193 | train_profit=-1.466094 (-146,609 PHP) val_profit=0.576098 (+57,610 PHP) | train_geo=-0.811053 (-81,105 PHP) val_geo=0.724213 (+72,421 PHP)
Epoch 019/50 | [MSE] train_loss=0.000270 val_loss=0.000193 | train_profit=-1.397493 (-139,749 PHP) val_profit=0.547223 (+54,722 PHP) | train_geo=-0.797385 (-79,738 PHP) val_geo=0.675089 (+67,509 PHP)
Epoch 020/50 | [MSE] train_loss=0.000269 val_loss=0.000193 | train_profit=-1.258341 (-125,834 PHP) val_profit=0.576098 (+57,610 PHP) | train_geo=-0.767138 (-76,714 PHP) val_geo=0.724213 (+72,421 PHP)
Epoch 021/50 | [MSE] train_loss=0.000270 val_loss=0.000193 | train_profit=-1.693793 (-169,379 PHP) val_profit=0.576098 (+57,610 PHP) | train_geo=-0.849373 (-84,937 PHP) val_geo=0.724213 (+72,421 PHP)
Epoch 022/50 | [MSE] train_loss=0.000269 val_loss=0.000193 | train_profit=-1.790945 (-179,095 PHP) val_profit=0.576098 (+57,610 PHP) | train_geo=-0.863508 (-86,351 PHP) val_geo=0.724213 (+72,421 PHP)
Epoch 023/50 | [MSE] train_loss=0.000269 val_loss=0.000194 | train_profit=-1.839316 (-183,932 PHP) val_profit=0.562469 (+56,247 PHP) | train_geo=-0.869874 (-86,987 PHP) val_geo=0.700690 (+70,069 PHP)
Epoch 024/50 | [MSE] train_loss=0.000270 val_loss=0.000194 | train_profit=-1.815409 (-181,541 PHP) val_profit=0.576098 (+57,610 PHP) | train_geo=-0.866804 (-86,680 PHP) val_geo=0.724213 (+72,421 PHP)
Epoch 025/50 | [MSE] train_loss=0.000270 val_loss=0.000194 | train_profit=-1.403589 (-140,359 PHP) val_profit=0.520164 (+52,016 PHP) | train_geo=-0.798689 (-79,869 PHP) val_geo=0.630369 (+63,037 PHP)
Epoch 026/50 | [MSE] train_loss=0.000269 val_loss=0.000194 | train_profit=-1.535166 (-153,517 PHP) val_profit=0.515010 (+51,501 PHP) | train_geo=-0.823610 (-82,361 PHP) val_geo=0.621965 (+62,196 PHP)
Epoch 027/50 | [MSE] train_loss=0.000268 val_loss=0.000194 | train_profit=-0.683781 (-68,378 PHP) val_profit=0.576098 (+57,610 PHP) | train_geo=-0.586118 (-58,612 PHP) val_geo=0.724213 (+72,421 PHP)
Epoch 028/50 | [MSE] train_loss=0.000270 val_loss=0.000194 | train_profit=-1.880663 (-188,066 PHP) val_profit=0.415549 (+41,555 PHP) | train_geo=-0.875247 (-87,525 PHP) val_geo=0.468087 (+46,809 PHP)
Epoch 029/50 | [MSE] train_loss=0.000270 val_loss=0.000194 | train_profit=-0.913970 (-91,397 PHP) val_profit=0.428302 (+42,830 PHP) | train_geo=-0.671359 (-67,136 PHP) val_geo=0.487072 (+48,707 PHP)
Epoch 030/50 | [MSE] train_loss=0.000270 val_loss=0.000194 | train_profit=-1.415635 (-141,563 PHP) val_profit=0.450165 (+45,017 PHP) | train_geo=-0.801206 (-80,121 PHP) val_geo=0.519850 (+51,985 PHP)
Epoch 031/50 | [MSE] train_loss=0.000268 val_loss=0.000195 | train_profit=-0.923203 (-92,320 PHP) val_profit=0.453309 (+45,331 PHP) | train_geo=-0.674532 (-67,453 PHP) val_geo=0.524806 (+52,481 PHP)
Epoch 032/50 | [MSE] train_loss=0.000268 val_loss=0.000194 | train_profit=-0.852233 (-85,223 PHP) val_profit=0.400397 (+40,040 PHP) | train_geo=-0.650780 (-65,078 PHP) val_geo=0.445981 (+44,598 PHP)
Epoch 033/50 | [MSE] train_loss=0.000268 val_loss=0.000194 | train_profit=-0.559262 (-55,926 PHP) val_profit=0.423083 (+42,308 PHP) | train_geo=-0.531843 (-53,184 PHP) val_geo=0.479130 (+47,913 PHP)
Epoch 034/50 | [MSE] train_loss=0.000268 val_loss=0.000195 | train_profit=-1.010097 (-101,010 PHP) val_profit=0.396333 (+39,633 PHP) | train_geo=-0.701639 (-70,164 PHP) val_geo=0.440166 (+44,017 PHP)
Epoch 035/50 | [MSE] train_loss=0.000267 val_loss=0.000195 | train_profit=-0.731296 (-73,130 PHP) val_profit=0.445559 (+44,556 PHP) | train_geo=-0.605514 (-60,551 PHP) val_geo=0.512900 (+51,290 PHP)
Epoch 036/50 | [MSE] train_loss=0.000269 val_loss=0.000194 | train_profit=-0.610011 (-61,001 PHP) val_profit=0.412328 (+41,233 PHP) | train_geo=-0.554515 (-55,452 PHP) val_geo=0.463315 (+46,332 PHP)
Epoch 037/50 | [MSE] train_loss=0.000269 val_loss=0.000195 | train_profit=-1.776975 (-177,698 PHP) val_profit=0.414766 (+41,477 PHP) | train_geo=-0.861637 (-86,164 PHP) val_geo=0.466887 (+46,689 PHP)
Epoch 038/50 | [MSE] train_loss=0.000269 val_loss=0.000195 | train_profit=-1.237167 (-123,717 PHP) val_profit=0.288393 (+28,839 PHP) | train_geo=-0.762008 (-76,201 PHP) val_geo=0.293041 (+29,304 PHP)
Epoch 039/50 | [MSE] train_loss=0.000268 val_loss=0.000195 | train_profit=-1.248149 (-124,815 PHP) val_profit=0.377167 (+37,717 PHP) | train_geo=-0.765020 (-76,502 PHP) val_geo=0.412808 (+41,281 PHP)
Epoch 040/50 | [MSE] train_loss=0.000268 val_loss=0.000195 | train_profit=-1.159312 (-115,931 PHP) val_profit=0.312267 (+31,227 PHP) | train_geo=-0.743332 (-74,333 PHP) val_geo=0.323807 (+32,381 PHP)
Epoch 041/50 | [MSE] train_loss=0.000267 val_loss=0.000195 | train_profit=0.064648 (+6,465 PHP) val_profit=0.349523 (+34,952 PHP) | train_geo=-0.124515 (-12,451 PHP) val_geo=0.374270 (+37,427 PHP)
Epoch 042/50 | [MSE] train_loss=0.000268 val_loss=0.000195 | train_profit=-1.513643 (-151,364 PHP) val_profit=0.327796 (+32,780 PHP) | train_geo=-0.819855 (-81,986 PHP) val_geo=0.344637 (+34,464 PHP)
Epoch 043/50 | [MSE] train_loss=0.000269 val_loss=0.000195 | train_profit=-1.054639 (-105,464 PHP) val_profit=0.270967 (+27,097 PHP) | train_geo=-0.714498 (-71,450 PHP) val_geo=0.270197 (+27,020 PHP)
Epoch 044/50 | [MSE] train_loss=0.000267 val_loss=0.000195 | train_profit=-0.223482 (-22,348 PHP) val_profit=0.383436 (+38,344 PHP) | train_geo=-0.344810 (-34,481 PHP) val_geo=0.421628 (+42,163 PHP)
Epoch 045/50 | [MSE] train_loss=0.000266 val_loss=0.000196 | train_profit=0.066164 (+6,616 PHP) val_profit=0.190962 (+19,096 PHP) | train_geo=-0.123435 (-12,344 PHP) val_geo=0.172447 (+17,245 PHP)
Epoch 046/50 | [MSE] train_loss=0.000268 val_loss=0.000196 | train_profit=-0.766958 (-76,696 PHP) val_profit=0.170032 (+17,003 PHP) | train_geo=-0.619414 (-61,941 PHP) val_geo=0.148186 (+14,819 PHP)
Epoch 047/50 | [MSE] train_loss=0.000267 val_loss=0.000196 | train_profit=-0.305717 (-30,572 PHP) val_profit=0.171059 (+17,106 PHP) | train_geo=-0.395762 (-39,576 PHP) val_geo=0.149700 (+14,970 PHP)
Epoch 048/50 | [MSE] train_loss=0.000268 val_loss=0.000196 | train_profit=-0.676924 (-67,692 PHP) val_profit=0.336405 (+33,640 PHP) | train_geo=-0.583865 (-58,386 PHP) val_geo=0.356346 (+35,635 PHP)
Epoch 049/50 | [MSE] train_loss=0.000267 val_loss=0.000197 | train_profit=-0.793502 (-79,350 PHP) val_profit=0.097490 (+9,749 PHP) | train_geo=-0.629508 (-62,951 PHP) val_geo=0.067963 (+6,796 PHP)
Epoch 050/50 | [MSE] train_loss=0.000267 val_loss=0.000196 | train_profit=-0.832514 (-83,251 PHP) val_profit=0.214807 (+21,481 PHP) | train_geo=-0.643932 (-64,393 PHP) val_geo=0.200890 (+20,089 PHP)
[19/23] T          (weak  ) mse           dir_acc=0.522 cum_ret=-0.0693 geo_ret=-0.0990 sharpe=-0.233 (buy&hold=+0.0010) [4.1s]
Epoch 001/50 | train_loss=0.000582 val_loss=0.002230 | train_profit=-0.307842 (-30,784 PHP) val_profit=-0.578098 (-57,810 PHP) | train_geo=-0.396824 (-39,682 PHP) val_geo=-0.456367 (-45,637 PHP)
Epoch 002/50 | train_loss=0.000541 val_loss=0.002092 | train_profit=-0.287569 (-28,757 PHP) val_profit=-0.578098 (-57,810 PHP) | train_geo=-0.384408 (-38,441 PHP) val_geo=-0.456367 (-45,637 PHP)
Epoch 003/50 | train_loss=0.000417 val_loss=0.001939 | train_profit=-0.169563 (-16,956 PHP) val_profit=-0.578098 (-57,810 PHP) | train_geo=-0.307352 (-30,735 PHP) val_geo=-0.456367 (-45,637 PHP)
Epoch 004/50 | train_loss=0.000370 val_loss=0.001990 | train_profit=-0.169563 (-16,956 PHP) val_profit=-0.578098 (-57,810 PHP) | train_geo=-0.307352 (-30,735 PHP) val_geo=-0.456367 (-45,637 PHP)
Epoch 005/50 | train_loss=0.000341 val_loss=0.001878 | train_profit=-0.283886 (-28,389 PHP) val_profit=-0.573462 (-57,346 PHP) | train_geo=-0.382129 (-38,213 PHP) val_geo=-0.453836 (-45,384 PHP)
Epoch 006/50 | train_loss=0.000438 val_loss=0.001994 | train_profit=0.000209 (+21 PHP) val_profit=-0.593865 (-59,386 PHP) | train_geo=-0.178732 (-17,873 PHP) val_geo=-0.464922 (-46,492 PHP)
Epoch 007/50 | train_loss=0.000163 val_loss=0.000655 | train_profit=0.120108 (+12,011 PHP) val_profit=-0.253131 (-25,313 PHP) | train_geo=-0.074589 (-7,459 PHP) val_geo=-0.247627 (-24,763 PHP)
Epoch 008/50 | train_loss=0.000377 val_loss=-0.001401 | train_profit=-0.167482 (-16,748 PHP) val_profit=0.576098 (+57,610 PHP) | train_geo=-0.306210 (-30,621 PHP) val_geo=0.724213 (+72,421 PHP)
Epoch 009/50 | train_loss=0.000225 val_loss=-0.001497 | train_profit=0.167563 (+16,756 PHP) val_profit=0.576098 (+57,610 PHP) | train_geo=-0.030744 (-3,074 PHP) val_geo=0.724213 (+72,421 PHP)
Epoch 010/50 | train_loss=0.000045 val_loss=-0.001567 | train_profit=0.167563 (+16,756 PHP) val_profit=0.576098 (+57,610 PHP) | train_geo=-0.030744 (-3,074 PHP) val_geo=0.724213 (+72,421 PHP)
Epoch 011/50 | train_loss=0.000002 val_loss=-0.001610 | train_profit=0.167563 (+16,756 PHP) val_profit=0.576098 (+57,610 PHP) | train_geo=-0.030744 (-3,074 PHP) val_geo=0.724213 (+72,421 PHP)
Epoch 012/50 | train_loss=-0.000036 val_loss=-0.001528 | train_profit=0.167563 (+16,756 PHP) val_profit=0.576098 (+57,610 PHP) | train_geo=-0.030744 (-3,074 PHP) val_geo=0.724213 (+72,421 PHP)
Epoch 013/50 | train_loss=-0.000041 val_loss=-0.001581 | train_profit=0.167563 (+16,756 PHP) val_profit=0.576098 (+57,610 PHP) | train_geo=-0.030744 (-3,074 PHP) val_geo=0.724213 (+72,421 PHP)
Epoch 014/50 | train_loss=-0.000051 val_loss=-0.001495 | train_profit=0.167563 (+16,756 PHP) val_profit=0.576098 (+57,610 PHP) | train_geo=-0.030744 (-3,074 PHP) val_geo=0.724213 (+72,421 PHP)
Epoch 015/50 | train_loss=-0.000054 val_loss=-0.001508 | train_profit=0.167563 (+16,756 PHP) val_profit=0.576098 (+57,610 PHP) | train_geo=-0.030744 (-3,074 PHP) val_geo=0.724213 (+72,421 PHP)
Epoch 016/50 | train_loss=-0.000059 val_loss=-0.001554 | train_profit=0.167563 (+16,756 PHP) val_profit=0.576098 (+57,610 PHP) | train_geo=-0.030744 (-3,074 PHP) val_geo=0.724213 (+72,421 PHP)
Epoch 017/50 | train_loss=-0.000053 val_loss=-0.001499 | train_profit=0.167563 (+16,756 PHP) val_profit=0.576098 (+57,610 PHP) | train_geo=-0.030744 (-3,074 PHP) val_geo=0.724213 (+72,421 PHP)
Epoch 018/50 | train_loss=-0.000046 val_loss=-0.001592 | train_profit=0.167563 (+16,756 PHP) val_profit=0.576098 (+57,610 PHP) | train_geo=-0.030744 (-3,074 PHP) val_geo=0.724213 (+72,421 PHP)
Epoch 019/50 | train_loss=-0.000053 val_loss=-0.001471 | train_profit=0.167563 (+16,756 PHP) val_profit=0.576098 (+57,610 PHP) | train_geo=-0.030744 (-3,074 PHP) val_geo=0.724213 (+72,421 PHP)
Epoch 020/50 | train_loss=-0.000067 val_loss=-0.001528 | train_profit=0.167563 (+16,756 PHP) val_profit=0.576098 (+57,610 PHP) | train_geo=-0.030744 (-3,074 PHP) val_geo=0.724213 (+72,421 PHP)
Epoch 021/50 | train_loss=-0.000049 val_loss=-0.001512 | train_profit=0.167563 (+16,756 PHP) val_profit=0.576098 (+57,610 PHP) | train_geo=-0.030744 (-3,074 PHP) val_geo=0.724213 (+72,421 PHP)
Epoch 022/50 | train_loss=-0.000052 val_loss=-0.001562 | train_profit=0.167563 (+16,756 PHP) val_profit=0.576098 (+57,610 PHP) | train_geo=-0.030744 (-3,074 PHP) val_geo=0.724213 (+72,421 PHP)
Epoch 023/50 | train_loss=-0.000053 val_loss=-0.001517 | train_profit=0.167563 (+16,756 PHP) val_profit=0.576098 (+57,610 PHP) | train_geo=-0.030744 (-3,074 PHP) val_geo=0.724213 (+72,421 PHP)
Epoch 024/50 | train_loss=-0.000050 val_loss=-0.001562 | train_profit=0.167563 (+16,756 PHP) val_profit=0.576098 (+57,610 PHP) | train_geo=-0.030744 (-3,074 PHP) val_geo=0.724213 (+72,421 PHP)
Epoch 025/50 | train_loss=-0.000053 val_loss=-0.001497 | train_profit=0.167563 (+16,756 PHP) val_profit=0.576098 (+57,610 PHP) | train_geo=-0.030744 (-3,074 PHP) val_geo=0.724213 (+72,421 PHP)
Epoch 026/50 | train_loss=-0.000065 val_loss=-0.001484 | train_profit=0.167563 (+16,756 PHP) val_profit=0.576098 (+57,610 PHP) | train_geo=-0.030744 (-3,074 PHP) val_geo=0.724213 (+72,421 PHP)
Epoch 027/50 | train_loss=-0.000057 val_loss=-0.001458 | train_profit=0.167563 (+16,756 PHP) val_profit=0.576098 (+57,610 PHP) | train_geo=-0.030744 (-3,074 PHP) val_geo=0.724213 (+72,421 PHP)
Epoch 028/50 | train_loss=-0.000051 val_loss=-0.001574 | train_profit=0.167563 (+16,756 PHP) val_profit=0.576098 (+57,610 PHP) | train_geo=-0.030744 (-3,074 PHP) val_geo=0.724213 (+72,421 PHP)
Epoch 029/50 | train_loss=-0.000058 val_loss=-0.001482 | train_profit=0.167563 (+16,756 PHP) val_profit=0.576098 (+57,610 PHP) | train_geo=-0.030744 (-3,074 PHP) val_geo=0.724213 (+72,421 PHP)
Epoch 030/50 | train_loss=-0.000057 val_loss=-0.001535 | train_profit=0.167563 (+16,756 PHP) val_profit=0.576098 (+57,610 PHP) | train_geo=-0.030744 (-3,074 PHP) val_geo=0.724213 (+72,421 PHP)
Epoch 031/50 | train_loss=-0.000060 val_loss=-0.001458 | train_profit=0.167563 (+16,756 PHP) val_profit=0.576098 (+57,610 PHP) | train_geo=-0.030744 (-3,074 PHP) val_geo=0.724213 (+72,421 PHP)
Epoch 032/50 | train_loss=-0.000057 val_loss=-0.001520 | train_profit=0.167563 (+16,756 PHP) val_profit=0.576098 (+57,610 PHP) | train_geo=-0.030744 (-3,074 PHP) val_geo=0.724213 (+72,421 PHP)
Epoch 033/50 | train_loss=-0.000056 val_loss=-0.001493 | train_profit=0.167563 (+16,756 PHP) val_profit=0.576098 (+57,610 PHP) | train_geo=-0.030744 (-3,074 PHP) val_geo=0.724213 (+72,421 PHP)
Epoch 034/50 | train_loss=-0.000062 val_loss=-0.001460 | train_profit=0.167563 (+16,756 PHP) val_profit=0.576098 (+57,610 PHP) | train_geo=-0.030744 (-3,074 PHP) val_geo=0.724213 (+72,421 PHP)
Epoch 035/50 | train_loss=-0.000063 val_loss=-0.001444 | train_profit=0.167563 (+16,756 PHP) val_profit=0.576098 (+57,610 PHP) | train_geo=-0.030744 (-3,074 PHP) val_geo=0.724213 (+72,421 PHP)
Epoch 036/50 | train_loss=-0.000058 val_loss=-0.001531 | train_profit=0.167563 (+16,756 PHP) val_profit=0.576098 (+57,610 PHP) | train_geo=-0.030744 (-3,074 PHP) val_geo=0.724213 (+72,421 PHP)
Epoch 037/50 | train_loss=-0.000055 val_loss=-0.001459 | train_profit=0.167563 (+16,756 PHP) val_profit=0.576098 (+57,610 PHP) | train_geo=-0.030744 (-3,074 PHP) val_geo=0.724213 (+72,421 PHP)
Epoch 038/50 | train_loss=-0.000060 val_loss=-0.001499 | train_profit=0.167563 (+16,756 PHP) val_profit=0.576098 (+57,610 PHP) | train_geo=-0.030744 (-3,074 PHP) val_geo=0.724213 (+72,421 PHP)
Epoch 039/50 | train_loss=-0.000059 val_loss=-0.001495 | train_profit=0.167563 (+16,756 PHP) val_profit=0.576098 (+57,610 PHP) | train_geo=-0.030744 (-3,074 PHP) val_geo=0.724213 (+72,421 PHP)
Epoch 040/50 | train_loss=-0.000058 val_loss=-0.001478 | train_profit=0.167563 (+16,756 PHP) val_profit=0.576098 (+57,610 PHP) | train_geo=-0.030744 (-3,074 PHP) val_geo=0.724213 (+72,421 PHP)
Epoch 041/50 | train_loss=-0.000069 val_loss=-0.001448 | train_profit=0.167563 (+16,756 PHP) val_profit=0.576098 (+57,610 PHP) | train_geo=-0.030744 (-3,074 PHP) val_geo=0.724213 (+72,421 PHP)
Epoch 042/50 | train_loss=-0.000057 val_loss=-0.001514 | train_profit=0.167563 (+16,756 PHP) val_profit=0.576098 (+57,610 PHP) | train_geo=-0.030744 (-3,074 PHP) val_geo=0.724213 (+72,421 PHP)
Epoch 043/50 | train_loss=-0.000059 val_loss=-0.001485 | train_profit=0.167563 (+16,756 PHP) val_profit=0.576098 (+57,610 PHP) | train_geo=-0.030744 (-3,074 PHP) val_geo=0.724213 (+72,421 PHP)
Epoch 044/50 | train_loss=-0.000060 val_loss=-0.001430 | train_profit=0.167563 (+16,756 PHP) val_profit=0.576098 (+57,610 PHP) | train_geo=-0.030744 (-3,074 PHP) val_geo=0.724213 (+72,421 PHP)
Epoch 045/50 | train_loss=-0.000067 val_loss=-0.001480 | train_profit=0.167563 (+16,756 PHP) val_profit=0.576098 (+57,610 PHP) | train_geo=-0.030744 (-3,074 PHP) val_geo=0.724213 (+72,421 PHP)
Epoch 046/50 | train_loss=-0.000061 val_loss=-0.001443 | train_profit=0.167563 (+16,756 PHP) val_profit=0.576098 (+57,610 PHP) | train_geo=-0.030744 (-3,074 PHP) val_geo=0.724213 (+72,421 PHP)
Epoch 047/50 | train_loss=-0.000064 val_loss=-0.001489 | train_profit=0.167563 (+16,756 PHP) val_profit=0.576098 (+57,610 PHP) | train_geo=-0.030744 (-3,074 PHP) val_geo=0.724213 (+72,421 PHP)
Epoch 048/50 | train_loss=-0.000064 val_loss=-0.001423 | train_profit=0.167563 (+16,756 PHP) val_profit=0.576098 (+57,610 PHP) | train_geo=-0.030744 (-3,074 PHP) val_geo=0.724213 (+72,421 PHP)
Epoch 049/50 | train_loss=-0.000069 val_loss=-0.001432 | train_profit=0.167563 (+16,756 PHP) val_profit=0.576098 (+57,610 PHP) | train_geo=-0.030744 (-3,074 PHP) val_geo=0.724213 (+72,421 PHP)
Epoch 050/50 | train_loss=-0.000065 val_loss=-0.001465 | train_profit=0.167563 (+16,756 PHP) val_profit=0.576098 (+57,610 PHP) | train_geo=-0.030744 (-3,074 PHP) val_geo=0.724213 (+72,421 PHP)
[19/23] T          (weak  ) profit-aware  dir_acc=0.512 cum_ret=+0.0349 geo_ret=+0.0000 sharpe=+0.117 (buy&hold=+0.0010) [10.0s]
Epoch 001/50 | [PROFIT-LOG] train_loss=0.000569 val_loss=0.001729 | train_profit=-0.411238 (-41,124 PHP) val_profit=-0.464225 (-46,423 PHP) | train_geo=-0.456268 (-45,627 PHP) val_geo=-0.390772 (-39,077 PHP)
Epoch 002/50 | [PROFIT-LOG] train_loss=0.000294 val_loss=0.001908 | train_profit=-0.108641 (-10,864 PHP) val_profit=-0.578098 (-57,810 PHP) | train_geo=-0.263852 (-26,385 PHP) val_geo=-0.456367 (-45,637 PHP)
Epoch 003/50 | [PROFIT-LOG] train_loss=0.000315 val_loss=0.001908 | train_profit=-0.169563 (-16,956 PHP) val_profit=-0.578098 (-57,810 PHP) | train_geo=-0.307352 (-30,735 PHP) val_geo=-0.456367 (-45,637 PHP)
Epoch 004/50 | [PROFIT-LOG] train_loss=0.000315 val_loss=0.001908 | train_profit=-0.169563 (-16,956 PHP) val_profit=-0.578098 (-57,810 PHP) | train_geo=-0.307352 (-30,735 PHP) val_geo=-0.456367 (-45,637 PHP)
Epoch 005/50 | [PROFIT-LOG] train_loss=0.000315 val_loss=0.001908 | train_profit=-0.169563 (-16,956 PHP) val_profit=-0.578098 (-57,810 PHP) | train_geo=-0.307352 (-30,735 PHP) val_geo=-0.456367 (-45,637 PHP)
Epoch 006/50 | [PROFIT-LOG] train_loss=0.000315 val_loss=0.001908 | train_profit=-0.169563 (-16,956 PHP) val_profit=-0.578098 (-57,810 PHP) | train_geo=-0.307352 (-30,735 PHP) val_geo=-0.456367 (-45,637 PHP)
Epoch 007/50 | [PROFIT-LOG] train_loss=0.000315 val_loss=0.001908 | train_profit=-0.169563 (-16,956 PHP) val_profit=-0.578098 (-57,810 PHP) | train_geo=-0.307352 (-30,735 PHP) val_geo=-0.456367 (-45,637 PHP)
Epoch 008/50 | [PROFIT-LOG] train_loss=0.000315 val_loss=0.001908 | train_profit=-0.169563 (-16,956 PHP) val_profit=-0.578098 (-57,810 PHP) | train_geo=-0.307352 (-30,735 PHP) val_geo=-0.456367 (-45,637 PHP)
Epoch 009/50 | [PROFIT-LOG] train_loss=0.000315 val_loss=0.001908 | train_profit=-0.169563 (-16,956 PHP) val_profit=-0.578098 (-57,810 PHP) | train_geo=-0.307352 (-30,735 PHP) val_geo=-0.456367 (-45,637 PHP)
Epoch 010/50 | [PROFIT-LOG] train_loss=0.000315 val_loss=0.001908 | train_profit=-0.169563 (-16,956 PHP) val_profit=-0.578098 (-57,810 PHP) | train_geo=-0.307352 (-30,735 PHP) val_geo=-0.456367 (-45,637 PHP)
Epoch 011/50 | [PROFIT-LOG] train_loss=0.000315 val_loss=0.001908 | train_profit=-0.169563 (-16,956 PHP) val_profit=-0.578098 (-57,810 PHP) | train_geo=-0.307352 (-30,735 PHP) val_geo=-0.456367 (-45,637 PHP)
Epoch 012/50 | [PROFIT-LOG] train_loss=0.000315 val_loss=0.001908 | train_profit=-0.169563 (-16,956 PHP) val_profit=-0.578098 (-57,810 PHP) | train_geo=-0.307352 (-30,735 PHP) val_geo=-0.456367 (-45,637 PHP)
Epoch 013/50 | [PROFIT-LOG] train_loss=0.000315 val_loss=0.001908 | train_profit=-0.169563 (-16,956 PHP) val_profit=-0.578098 (-57,810 PHP) | train_geo=-0.307352 (-30,735 PHP) val_geo=-0.456367 (-45,637 PHP)
Epoch 014/50 | [PROFIT-LOG] train_loss=0.000315 val_loss=0.001908 | train_profit=-0.169563 (-16,956 PHP) val_profit=-0.578098 (-57,810 PHP) | train_geo=-0.307352 (-30,735 PHP) val_geo=-0.456367 (-45,637 PHP)
Epoch 015/50 | [PROFIT-LOG] train_loss=0.000315 val_loss=0.001908 | train_profit=-0.169563 (-16,956 PHP) val_profit=-0.578098 (-57,810 PHP) | train_geo=-0.307352 (-30,735 PHP) val_geo=-0.456367 (-45,637 PHP)
Epoch 016/50 | [PROFIT-LOG] train_loss=0.000315 val_loss=0.001908 | train_profit=-0.169563 (-16,956 PHP) val_profit=-0.578098 (-57,810 PHP) | train_geo=-0.307352 (-30,735 PHP) val_geo=-0.456367 (-45,637 PHP)
Epoch 017/50 | [PROFIT-LOG] train_loss=0.000315 val_loss=0.001908 | train_profit=-0.169563 (-16,956 PHP) val_profit=-0.578098 (-57,810 PHP) | train_geo=-0.307352 (-30,735 PHP) val_geo=-0.456367 (-45,637 PHP)
Epoch 018/50 | [PROFIT-LOG] train_loss=0.000315 val_loss=0.001908 | train_profit=-0.169563 (-16,956 PHP) val_profit=-0.578098 (-57,810 PHP) | train_geo=-0.307352 (-30,735 PHP) val_geo=-0.456367 (-45,637 PHP)
Epoch 019/50 | [PROFIT-LOG] train_loss=0.000315 val_loss=0.001908 | train_profit=-0.169563 (-16,956 PHP) val_profit=-0.578098 (-57,810 PHP) | train_geo=-0.307352 (-30,735 PHP) val_geo=-0.456367 (-45,637 PHP)
Epoch 020/50 | [PROFIT-LOG] train_loss=0.000315 val_loss=0.001908 | train_profit=-0.169563 (-16,956 PHP) val_profit=-0.578098 (-57,810 PHP) | train_geo=-0.307352 (-30,735 PHP) val_geo=-0.456367 (-45,637 PHP)
Epoch 021/50 | [PROFIT-LOG] train_loss=0.000315 val_loss=0.001908 | train_profit=-0.169563 (-16,956 PHP) val_profit=-0.578098 (-57,810 PHP) | train_geo=-0.307352 (-30,735 PHP) val_geo=-0.456367 (-45,637 PHP)
Epoch 022/50 | [PROFIT-LOG] train_loss=0.000315 val_loss=0.001908 | train_profit=-0.169563 (-16,956 PHP) val_profit=-0.578098 (-57,810 PHP) | train_geo=-0.307352 (-30,735 PHP) val_geo=-0.456367 (-45,637 PHP)
Epoch 023/50 | [PROFIT-LOG] train_loss=0.000315 val_loss=0.001908 | train_profit=-0.169563 (-16,956 PHP) val_profit=-0.578098 (-57,810 PHP) | train_geo=-0.307352 (-30,735 PHP) val_geo=-0.456367 (-45,637 PHP)
Epoch 024/50 | [PROFIT-LOG] train_loss=0.000315 val_loss=0.001908 | train_profit=-0.169563 (-16,956 PHP) val_profit=-0.578098 (-57,810 PHP) | train_geo=-0.307352 (-30,735 PHP) val_geo=-0.456367 (-45,637 PHP)
Epoch 025/50 | [PROFIT-LOG] train_loss=0.000315 val_loss=0.001908 | train_profit=-0.169563 (-16,956 PHP) val_profit=-0.578098 (-57,810 PHP) | train_geo=-0.307352 (-30,735 PHP) val_geo=-0.456367 (-45,637 PHP)
Epoch 026/50 | [PROFIT-LOG] train_loss=0.000315 val_loss=0.001908 | train_profit=-0.169563 (-16,956 PHP) val_profit=-0.578098 (-57,810 PHP) | train_geo=-0.307352 (-30,735 PHP) val_geo=-0.456367 (-45,637 PHP)
Epoch 027/50 | [PROFIT-LOG] train_loss=0.000315 val_loss=0.001908 | train_profit=-0.169563 (-16,956 PHP) val_profit=-0.578098 (-57,810 PHP) | train_geo=-0.307352 (-30,735 PHP) val_geo=-0.456367 (-45,637 PHP)
Epoch 028/50 | [PROFIT-LOG] train_loss=0.000315 val_loss=0.001908 | train_profit=-0.169563 (-16,956 PHP) val_profit=-0.578098 (-57,810 PHP) | train_geo=-0.307352 (-30,735 PHP) val_geo=-0.456367 (-45,637 PHP)
Epoch 029/50 | [PROFIT-LOG] train_loss=0.000315 val_loss=0.001908 | train_profit=-0.169563 (-16,956 PHP) val_profit=-0.578098 (-57,810 PHP) | train_geo=-0.307352 (-30,735 PHP) val_geo=-0.456367 (-45,637 PHP)
Epoch 030/50 | [PROFIT-LOG] train_loss=0.000315 val_loss=0.001908 | train_profit=-0.169563 (-16,956 PHP) val_profit=-0.578098 (-57,810 PHP) | train_geo=-0.307352 (-30,735 PHP) val_geo=-0.456367 (-45,637 PHP)
Epoch 031/50 | [PROFIT-LOG] train_loss=0.000315 val_loss=0.001908 | train_profit=-0.169563 (-16,956 PHP) val_profit=-0.578098 (-57,810 PHP) | train_geo=-0.307352 (-30,735 PHP) val_geo=-0.456367 (-45,637 PHP)
Epoch 032/50 | [PROFIT-LOG] train_loss=0.000315 val_loss=0.001908 | train_profit=-0.169563 (-16,956 PHP) val_profit=-0.578098 (-57,810 PHP) | train_geo=-0.307352 (-30,735 PHP) val_geo=-0.456367 (-45,637 PHP)
Epoch 033/50 | [PROFIT-LOG] train_loss=0.000315 val_loss=0.001908 | train_profit=-0.169563 (-16,956 PHP) val_profit=-0.578098 (-57,810 PHP) | train_geo=-0.307352 (-30,735 PHP) val_geo=-0.456367 (-45,637 PHP)
Epoch 034/50 | [PROFIT-LOG] train_loss=0.000315 val_loss=0.001908 | train_profit=-0.169563 (-16,956 PHP) val_profit=-0.578098 (-57,810 PHP) | train_geo=-0.307352 (-30,735 PHP) val_geo=-0.456367 (-45,637 PHP)
Epoch 035/50 | [PROFIT-LOG] train_loss=0.000315 val_loss=0.001908 | train_profit=-0.169563 (-16,956 PHP) val_profit=-0.578098 (-57,810 PHP) | train_geo=-0.307352 (-30,735 PHP) val_geo=-0.456367 (-45,637 PHP)
Epoch 036/50 | [PROFIT-LOG] train_loss=0.000315 val_loss=0.001908 | train_profit=-0.169563 (-16,956 PHP) val_profit=-0.578098 (-57,810 PHP) | train_geo=-0.307352 (-30,735 PHP) val_geo=-0.456367 (-45,637 PHP)
Epoch 037/50 | [PROFIT-LOG] train_loss=0.000315 val_loss=0.001908 | train_profit=-0.169563 (-16,956 PHP) val_profit=-0.578098 (-57,810 PHP) | train_geo=-0.307352 (-30,735 PHP) val_geo=-0.456367 (-45,637 PHP)
Epoch 038/50 | [PROFIT-LOG] train_loss=0.000315 val_loss=0.001908 | train_profit=-0.169563 (-16,956 PHP) val_profit=-0.578098 (-57,810 PHP) | train_geo=-0.307352 (-30,735 PHP) val_geo=-0.456367 (-45,637 PHP)
Epoch 039/50 | [PROFIT-LOG] train_loss=0.000315 val_loss=0.001908 | train_profit=-0.169563 (-16,956 PHP) val_profit=-0.578098 (-57,810 PHP) | train_geo=-0.307352 (-30,735 PHP) val_geo=-0.456367 (-45,637 PHP)
Epoch 040/50 | [PROFIT-LOG] train_loss=0.000315 val_loss=0.001908 | train_profit=-0.169563 (-16,956 PHP) val_profit=-0.578098 (-57,810 PHP) | train_geo=-0.307352 (-30,735 PHP) val_geo=-0.456367 (-45,637 PHP)
Epoch 041/50 | [PROFIT-LOG] train_loss=0.000315 val_loss=0.001908 | train_profit=-0.169563 (-16,956 PHP) val_profit=-0.578098 (-57,810 PHP) | train_geo=-0.307352 (-30,735 PHP) val_geo=-0.456367 (-45,637 PHP)
Epoch 042/50 | [PROFIT-LOG] train_loss=0.000315 val_loss=0.001908 | train_profit=-0.169563 (-16,956 PHP) val_profit=-0.578098 (-57,810 PHP) | train_geo=-0.307352 (-30,735 PHP) val_geo=-0.456367 (-45,637 PHP)
Epoch 043/50 | [PROFIT-LOG] train_loss=0.000315 val_loss=0.001908 | train_profit=-0.169563 (-16,956 PHP) val_profit=-0.578098 (-57,810 PHP) | train_geo=-0.307352 (-30,735 PHP) val_geo=-0.456367 (-45,637 PHP)
Epoch 044/50 | [PROFIT-LOG] train_loss=0.000315 val_loss=0.001908 | train_profit=-0.169563 (-16,956 PHP) val_profit=-0.578098 (-57,810 PHP) | train_geo=-0.307352 (-30,735 PHP) val_geo=-0.456367 (-45,637 PHP)
Epoch 045/50 | [PROFIT-LOG] train_loss=0.000315 val_loss=0.001908 | train_profit=-0.169563 (-16,956 PHP) val_profit=-0.578098 (-57,810 PHP) | train_geo=-0.307352 (-30,735 PHP) val_geo=-0.456367 (-45,637 PHP)
Epoch 046/50 | [PROFIT-LOG] train_loss=0.000315 val_loss=0.001908 | train_profit=-0.169563 (-16,956 PHP) val_profit=-0.578098 (-57,810 PHP) | train_geo=-0.307352 (-30,735 PHP) val_geo=-0.456367 (-45,637 PHP)
Epoch 047/50 | [PROFIT-LOG] train_loss=0.000315 val_loss=0.001908 | train_profit=-0.169563 (-16,956 PHP) val_profit=-0.578098 (-57,810 PHP) | train_geo=-0.307352 (-30,735 PHP) val_geo=-0.456367 (-45,637 PHP)
Epoch 048/50 | [PROFIT-LOG] train_loss=0.000315 val_loss=0.001908 | train_profit=-0.169563 (-16,956 PHP) val_profit=-0.578098 (-57,810 PHP) | train_geo=-0.307352 (-30,735 PHP) val_geo=-0.456367 (-45,637 PHP)
Epoch 049/50 | [PROFIT-LOG] train_loss=0.000315 val_loss=0.001908 | train_profit=-0.169563 (-16,956 PHP) val_profit=-0.578098 (-57,810 PHP) | train_geo=-0.307352 (-30,735 PHP) val_geo=-0.456367 (-45,637 PHP)
Epoch 050/50 | [PROFIT-LOG] train_loss=0.000315 val_loss=0.001908 | train_profit=-0.169563 (-16,956 PHP) val_profit=-0.578098 (-57,810 PHP) | train_geo=-0.307352 (-30,735 PHP) val_geo=-0.456367 (-45,637 PHP)
[19/23] T          (weak  ) profit-log    dir_acc=0.475 cum_ret=-0.0369 geo_ret=-0.0693 sharpe=-0.124 (buy&hold=+0.0010) [12.6s]
Epoch 001/50 | [MSE] train_loss=0.008730 val_loss=0.007846 | train_profit=-0.799811 (-79,981 PHP) val_profit=-1.306820 (-130,682 PHP) | train_geo=-0.999448 (-99,945 PHP) val_geo=-0.889735 (-88,974 PHP)
Epoch 002/50 | [MSE] train_loss=0.006357 val_loss=0.007500 | train_profit=-2.195312 (-219,531 PHP) val_profit=1.349598 (+134,960 PHP) | train_geo=-0.999931 (-99,993 PHP) val_geo=0.497058 (+49,706 PHP)
Epoch 003/50 | [MSE] train_loss=0.005776 val_loss=0.007437 | train_profit=2.505735 (+250,573 PHP) val_profit=1.724602 (+172,460 PHP) | train_geo=-0.801609 (-80,161 PHP) val_geo=1.216484 (+121,648 PHP)
Epoch 004/50 | [MSE] train_loss=0.005768 val_loss=0.007368 | train_profit=0.416332 (+41,633 PHP) val_profit=1.349598 (+134,960 PHP) | train_geo=-0.998895 (-99,890 PHP) val_geo=0.497058 (+49,706 PHP)
Epoch 005/50 | [MSE] train_loss=0.005755 val_loss=0.007433 | train_profit=2.717673 (+271,767 PHP) val_profit=1.349598 (+134,960 PHP) | train_geo=-0.851826 (-85,183 PHP) val_geo=0.497058 (+49,706 PHP)
Epoch 006/50 | [MSE] train_loss=0.005710 val_loss=0.007398 | train_profit=0.534207 (+53,421 PHP) val_profit=1.349598 (+134,960 PHP) | train_geo=-0.998800 (-99,880 PHP) val_geo=0.497058 (+49,706 PHP)
Epoch 007/50 | [MSE] train_loss=0.005782 val_loss=0.007450 | train_profit=0.467705 (+46,771 PHP) val_profit=0.889901 (+88,990 PHP) | train_geo=-0.997965 (-99,797 PHP) val_geo=-0.056117 (-5,612 PHP)
Epoch 008/50 | [MSE] train_loss=0.005615 val_loss=0.007388 | train_profit=0.998057 (+99,806 PHP) val_profit=1.357868 (+135,787 PHP) | train_geo=-0.996404 (-99,640 PHP) val_geo=0.509692 (+50,969 PHP)
Epoch 009/50 | [MSE] train_loss=0.005586 val_loss=0.007435 | train_profit=4.069611 (+406,961 PHP) val_profit=1.032993 (+103,299 PHP) | train_geo=-0.909348 (-90,935 PHP) val_geo=0.088812 (+8,881 PHP)
Epoch 010/50 | [MSE] train_loss=0.005491 val_loss=0.007407 | train_profit=1.054491 (+105,449 PHP) val_profit=0.877456 (+87,746 PHP) | train_geo=-0.996425 (-99,642 PHP) val_geo=-0.068231 (-6,823 PHP)
Epoch 011/50 | [MSE] train_loss=0.005614 val_loss=0.007450 | train_profit=2.384061 (+238,406 PHP) val_profit=0.915747 (+91,575 PHP) | train_geo=-0.894958 (-89,496 PHP) val_geo=-0.031742 (-3,174 PHP)
Epoch 012/50 | [MSE] train_loss=0.005459 val_loss=0.007445 | train_profit=3.234719 (+323,472 PHP) val_profit=1.211615 (+121,161 PHP) | train_geo=-0.635747 (-63,575 PHP) val_geo=0.302643 (+30,264 PHP)
Epoch 013/50 | [MSE] train_loss=0.005637 val_loss=0.007484 | train_profit=3.845903 (+384,590 PHP) val_profit=1.592479 (+159,248 PHP) | train_geo=-0.474109 (-47,411 PHP) val_geo=0.909921 (+90,992 PHP)
Epoch 014/50 | [MSE] train_loss=0.005523 val_loss=0.007423 | train_profit=0.840448 (+84,045 PHP) val_profit=1.211615 (+121,161 PHP) | train_geo=-0.997129 (-99,713 PHP) val_geo=0.302643 (+30,264 PHP)
Epoch 015/50 | [MSE] train_loss=0.005458 val_loss=0.007460 | train_profit=2.397726 (+239,773 PHP) val_profit=0.889578 (+88,958 PHP) | train_geo=-0.893992 (-89,399 PHP) val_geo=-0.056695 (-5,669 PHP)
Epoch 016/50 | [MSE] train_loss=0.005475 val_loss=0.007413 | train_profit=0.907523 (+90,752 PHP) val_profit=0.763767 (+76,377 PHP) | train_geo=-0.996942 (-99,694 PHP) val_geo=-0.168485 (-16,848 PHP)
Epoch 017/50 | [MSE] train_loss=0.005571 val_loss=0.007478 | train_profit=1.180345 (+118,034 PHP) val_profit=1.217794 (+121,779 PHP) | train_geo=-0.995947 (-99,595 PHP) val_geo=0.310680 (+31,068 PHP)
Epoch 018/50 | [MSE] train_loss=0.005440 val_loss=0.007445 | train_profit=3.188551 (+318,855 PHP) val_profit=0.405227 (+40,523 PHP) | train_geo=-0.963539 (-96,354 PHP) val_geo=-0.420126 (-42,013 PHP)
Epoch 019/50 | [MSE] train_loss=0.005422 val_loss=0.007472 | train_profit=2.395715 (+239,571 PHP) val_profit=0.815502 (+81,550 PHP) | train_geo=-0.984395 (-98,440 PHP) val_geo=-0.124057 (-12,406 PHP)
Epoch 020/50 | [MSE] train_loss=0.005508 val_loss=0.007457 | train_profit=0.692830 (+69,283 PHP) val_profit=0.803381 (+80,338 PHP) | train_geo=-0.997402 (-99,740 PHP) val_geo=-0.134770 (-13,477 PHP)
Epoch 021/50 | [MSE] train_loss=0.005305 val_loss=0.007488 | train_profit=4.622618 (+462,262 PHP) val_profit=0.275769 (+27,577 PHP) | train_geo=0.094865 (+9,487 PHP) val_geo=-0.490667 (-49,067 PHP)
Epoch 022/50 | [MSE] train_loss=0.005388 val_loss=0.007464 | train_profit=3.832813 (+383,281 PHP) val_profit=0.482018 (+48,202 PHP) | train_geo=-0.547864 (-54,786 PHP) val_geo=-0.353793 (-35,379 PHP)
Epoch 023/50 | [MSE] train_loss=0.005479 val_loss=0.007528 | train_profit=2.112930 (+211,293 PHP) val_profit=0.649886 (+64,989 PHP) | train_geo=-0.924159 (-92,416 PHP) val_geo=-0.258018 (-25,802 PHP)
Epoch 024/50 | [MSE] train_loss=0.005402 val_loss=0.007492 | train_profit=1.464524 (+146,452 PHP) val_profit=-0.305064 (-30,506 PHP) | train_geo=-0.994379 (-99,438 PHP) val_geo=-0.715575 (-71,557 PHP)
Epoch 025/50 | [MSE] train_loss=0.005263 val_loss=0.007509 | train_profit=4.306054 (+430,605 PHP) val_profit=1.288055 (+128,805 PHP) | train_geo=-0.183342 (-18,334 PHP) val_geo=0.457117 (+45,712 PHP)
Epoch 026/50 | [MSE] train_loss=0.005227 val_loss=0.007506 | train_profit=5.251352 (+525,135 PHP) val_profit=0.898081 (+89,808 PHP) | train_geo=1.050350 (+105,035 PHP) val_geo=-0.014699 (-1,470 PHP)
Epoch 027/50 | [MSE] train_loss=0.005311 val_loss=0.007563 | train_profit=3.729823 (+372,982 PHP) val_profit=0.981996 (+98,200 PHP) | train_geo=-0.540948 (-54,095 PHP) val_geo=0.085757 (+8,576 PHP)
Epoch 028/50 | [MSE] train_loss=0.005263 val_loss=0.007583 | train_profit=5.395676 (+539,568 PHP) val_profit=0.818919 (+81,892 PHP) | train_geo=1.490774 (+149,077 PHP) val_geo=-0.098449 (-9,845 PHP)
Epoch 029/50 | [MSE] train_loss=0.005068 val_loss=0.007606 | train_profit=5.833088 (+583,309 PHP) val_profit=0.789021 (+78,902 PHP) | train_geo=3.163146 (+316,315 PHP) val_geo=-0.105449 (-10,545 PHP)
Epoch 030/50 | [MSE] train_loss=0.005227 val_loss=0.007688 | train_profit=3.855617 (+385,562 PHP) val_profit=1.419203 (+141,920 PHP) | train_geo=-0.474903 (-47,490 PHP) val_geo=0.662313 (+66,231 PHP)
Epoch 031/50 | [MSE] train_loss=0.005320 val_loss=0.007632 | train_profit=4.062447 (+406,245 PHP) val_profit=0.164543 (+16,454 PHP) | train_geo=-0.423234 (-42,323 PHP) val_geo=-0.530240 (-53,024 PHP)
Epoch 032/50 | [MSE] train_loss=0.005102 val_loss=0.007728 | train_profit=4.032125 (+403,212 PHP) val_profit=0.653710 (+65,371 PHP) | train_geo=-0.377633 (-37,763 PHP) val_geo=-0.232004 (-23,200 PHP)
Epoch 033/50 | [MSE] train_loss=0.005179 val_loss=0.007719 | train_profit=4.147430 (+414,743 PHP) val_profit=-0.053276 (-5,328 PHP) | train_geo=-0.301098 (-30,110 PHP) val_geo=-0.622079 (-62,208 PHP)
Epoch 034/50 | [MSE] train_loss=0.005050 val_loss=0.007753 | train_profit=3.459696 (+345,970 PHP) val_profit=0.398156 (+39,816 PHP) | train_geo=-0.646720 (-64,672 PHP) val_geo=-0.405671 (-40,567 PHP)
Epoch 035/50 | [MSE] train_loss=0.004938 val_loss=0.007770 | train_profit=5.206422 (+520,642 PHP) val_profit=1.135078 (+113,508 PHP) | train_geo=1.061435 (+106,144 PHP) val_geo=0.249460 (+24,946 PHP)
Epoch 036/50 | [MSE] train_loss=0.005040 val_loss=0.007831 | train_profit=4.668006 (+466,801 PHP) val_profit=0.169932 (+16,993 PHP) | train_geo=0.198554 (+19,855 PHP) val_geo=-0.527606 (-52,761 PHP)
Epoch 037/50 | [MSE] train_loss=0.004945 val_loss=0.007844 | train_profit=5.180018 (+518,002 PHP) val_profit=0.499028 (+49,903 PHP) | train_geo=0.989594 (+98,959 PHP) val_geo=-0.342649 (-34,265 PHP)
Epoch 038/50 | [MSE] train_loss=0.004874 val_loss=0.007806 | train_profit=4.478612 (+447,861 PHP) val_profit=-0.545539 (-54,554 PHP) | train_geo=-0.022611 (-2,261 PHP) val_geo=-0.770154 (-77,015 PHP)
Epoch 039/50 | [MSE] train_loss=0.004937 val_loss=0.007906 | train_profit=5.492212 (+549,221 PHP) val_profit=0.378881 (+37,888 PHP) | train_geo=1.762661 (+176,266 PHP) val_geo=-0.419160 (-41,916 PHP)
Epoch 040/50 | [MSE] train_loss=0.004922 val_loss=0.007910 | train_profit=7.646441 (+764,644 PHP) val_profit=-0.118935 (-11,893 PHP) | train_geo=272.275635 (+27,227,564 PHP) val_geo=-0.647300 (-64,730 PHP)
Epoch 041/50 | [MSE] train_loss=0.004955 val_loss=0.008012 | train_profit=4.869040 (+486,904 PHP) val_profit=1.033893 (+103,389 PHP) | train_geo=0.286750 (+28,675 PHP) val_geo=0.125891 (+12,589 PHP)
Epoch 042/50 | [MSE] train_loss=0.004866 val_loss=0.007909 | train_profit=4.475589 (+447,559 PHP) val_profit=0.063651 (+6,365 PHP) | train_geo=-0.066483 (-6,648 PHP) val_geo=-0.575798 (-57,580 PHP)
Epoch 043/50 | [MSE] train_loss=0.004950 val_loss=0.008042 | train_profit=6.108282 (+610,828 PHP) val_profit=0.214910 (+21,491 PHP) | train_geo=4.115439 (+411,544 PHP) val_geo=-0.506166 (-50,617 PHP)
Epoch 044/50 | [MSE] train_loss=0.004715 val_loss=0.007910 | train_profit=6.712643 (+671,264 PHP) val_profit=-0.161646 (-16,165 PHP) | train_geo=8.374199 (+837,420 PHP) val_geo=-0.662081 (-66,208 PHP)
Epoch 045/50 | [MSE] train_loss=0.004751 val_loss=0.007971 | train_profit=7.399250 (+739,925 PHP) val_profit=0.046318 (+4,632 PHP) | train_geo=17.807198 (+1,780,720 PHP) val_geo=-0.583214 (-58,321 PHP)
Epoch 046/50 | [MSE] train_loss=0.004858 val_loss=0.008133 | train_profit=6.212537 (+621,254 PHP) val_profit=0.481577 (+48,158 PHP) | train_geo=4.642905 (+464,291 PHP) val_geo=-0.353436 (-35,344 PHP)
Epoch 047/50 | [MSE] train_loss=0.004641 val_loss=0.008041 | train_profit=7.948270 (+794,827 PHP) val_profit=0.444709 (+44,471 PHP) | train_geo=366.867645 (+36,686,764 PHP) val_geo=-0.376191 (-37,619 PHP)
Epoch 048/50 | [MSE] train_loss=0.004558 val_loss=0.008062 | train_profit=8.609624 (+860,962 PHP) val_profit=0.490783 (+49,078 PHP) | train_geo=637.139587 (+63,713,960 PHP) val_geo=-0.347642 (-34,764 PHP)
Epoch 049/50 | [MSE] train_loss=0.004531 val_loss=0.007980 | train_profit=6.821581 (+682,158 PHP) val_profit=0.115892 (+11,589 PHP) | train_geo=118.205215 (+11,820,522 PHP) val_geo=-0.553231 (-55,323 PHP)
Epoch 050/50 | [MSE] train_loss=0.004614 val_loss=0.008197 | train_profit=7.832692 (+783,269 PHP) val_profit=1.369522 (+136,952 PHP) | train_geo=330.919189 (+33,091,918 PHP) val_geo=0.579052 (+57,905 PHP)
[20/23] PARA       (weak  ) mse           dir_acc=0.594 cum_ret=+2.6355 geo_ret=+3.8760 sharpe=+2.096 (buy&hold=-0.9696) [7.2s]
Epoch 001/50 | train_loss=0.000975 val_loss=-0.002997 | train_profit=1.045027 (+104,503 PHP) val_profit=1.349598 (+134,960 PHP) | train_geo=-0.997945 (-99,795 PHP) val_geo=0.497058 (+49,706 PHP)
Epoch 002/50 | train_loss=0.003960 val_loss=-0.005158 | train_profit=3.730793 (+373,079 PHP) val_profit=1.349598 (+134,960 PHP) | train_geo=-0.971484 (-97,148 PHP) val_geo=0.497058 (+49,706 PHP)
Epoch 003/50 | train_loss=0.002637 val_loss=0.004530 | train_profit=-2.247366 (-224,737 PHP) val_profit=1.025947 (+102,595 PHP) | train_geo=-0.999863 (-99,986 PHP) val_geo=0.151724 (+15,172 PHP)
Epoch 004/50 | train_loss=-0.001303 val_loss=-0.006428 | train_profit=3.641565 (+364,156 PHP) val_profit=1.349598 (+134,960 PHP) | train_geo=-0.973919 (-97,392 PHP) val_geo=0.497058 (+49,706 PHP)
Epoch 005/50 | train_loss=-0.000310 val_loss=-0.006910 | train_profit=1.553370 (+155,337 PHP) val_profit=1.349598 (+134,960 PHP) | train_geo=-0.996819 (-99,682 PHP) val_geo=0.497058 (+49,706 PHP)
Epoch 006/50 | train_loss=-0.000818 val_loss=-0.006887 | train_profit=3.730793 (+373,079 PHP) val_profit=1.349598 (+134,960 PHP) | train_geo=-0.971484 (-97,148 PHP) val_geo=0.497058 (+49,706 PHP)
Epoch 007/50 | train_loss=0.000604 val_loss=-0.006345 | train_profit=0.370119 (+37,012 PHP) val_profit=1.349598 (+134,960 PHP) | train_geo=-0.999034 (-99,903 PHP) val_geo=0.497058 (+49,706 PHP)
Epoch 008/50 | train_loss=0.001957 val_loss=-0.004974 | train_profit=3.730793 (+373,079 PHP) val_profit=1.349598 (+134,960 PHP) | train_geo=-0.971484 (-97,148 PHP) val_geo=0.497058 (+49,706 PHP)
Epoch 009/50 | train_loss=-0.000360 val_loss=-0.002927 | train_profit=1.879520 (+187,952 PHP) val_profit=1.181698 (+118,170 PHP) | train_geo=-0.995577 (-99,558 PHP) val_geo=0.265017 (+26,502 PHP)
Epoch 010/50 | train_loss=-0.001696 val_loss=-0.005337 | train_profit=3.801645 (+380,165 PHP) val_profit=1.349598 (+134,960 PHP) | train_geo=-0.940894 (-94,089 PHP) val_geo=0.497058 (+49,706 PHP)
Epoch 011/50 | train_loss=-0.001646 val_loss=-0.006049 | train_profit=3.598793 (+359,879 PHP) val_profit=1.349598 (+134,960 PHP) | train_geo=-0.975015 (-97,502 PHP) val_geo=0.497058 (+49,706 PHP)
Epoch 012/50 | train_loss=-0.002283 val_loss=-0.005870 | train_profit=4.869982 (+486,998 PHP) val_profit=1.349598 (+134,960 PHP) | train_geo=-0.826250 (-82,625 PHP) val_geo=0.497058 (+49,706 PHP)
Epoch 013/50 | train_loss=-0.001790 val_loss=-0.006873 | train_profit=4.700854 (+470,085 PHP) val_profit=1.349598 (+134,960 PHP) | train_geo=-0.853079 (-85,308 PHP) val_geo=0.497058 (+49,706 PHP)
Epoch 014/50 | train_loss=-0.002244 val_loss=-0.005891 | train_profit=5.364474 (+536,447 PHP) val_profit=1.349598 (+134,960 PHP) | train_geo=-0.714597 (-71,460 PHP) val_geo=0.497058 (+49,706 PHP)
Epoch 015/50 | train_loss=0.000774 val_loss=-0.005275 | train_profit=0.447809 (+44,781 PHP) val_profit=1.349598 (+134,960 PHP) | train_geo=-0.997783 (-99,778 PHP) val_geo=0.497058 (+49,706 PHP)
Epoch 016/50 | train_loss=0.000152 val_loss=-0.005758 | train_profit=3.730793 (+373,079 PHP) val_profit=1.349598 (+134,960 PHP) | train_geo=-0.971484 (-97,148 PHP) val_geo=0.497058 (+49,706 PHP)
Epoch 017/50 | train_loss=-0.001350 val_loss=-0.003402 | train_profit=3.811332 (+381,133 PHP) val_profit=0.934980 (+93,498 PHP) | train_geo=-0.940207 (-94,021 PHP) val_geo=-0.013107 (-1,311 PHP)
Epoch 018/50 | train_loss=-0.002973 val_loss=-0.005608 | train_profit=5.193189 (+519,319 PHP) val_profit=1.349598 (+134,960 PHP) | train_geo=-0.759540 (-75,954 PHP) val_geo=0.497058 (+49,706 PHP)
Epoch 019/50 | train_loss=-0.002108 val_loss=-0.005187 | train_profit=4.540656 (+454,066 PHP) val_profit=1.349598 (+134,960 PHP) | train_geo=-0.875039 (-87,504 PHP) val_geo=0.497058 (+49,706 PHP)
Epoch 020/50 | train_loss=-0.002598 val_loss=-0.006494 | train_profit=4.093856 (+409,386 PHP) val_profit=1.349598 (+134,960 PHP) | train_geo=-0.920910 (-92,091 PHP) val_geo=0.497058 (+49,706 PHP)
Epoch 021/50 | train_loss=-0.002706 val_loss=-0.006668 | train_profit=5.364474 (+536,447 PHP) val_profit=1.349598 (+134,960 PHP) | train_geo=-0.714597 (-71,460 PHP) val_geo=0.497058 (+49,706 PHP)
Epoch 022/50 | train_loss=-0.001341 val_loss=-0.006262 | train_profit=2.733324 (+273,332 PHP) val_profit=1.349598 (+134,960 PHP) | train_geo=-0.979684 (-97,968 PHP) val_geo=0.497058 (+49,706 PHP)
Epoch 023/50 | train_loss=-0.002156 val_loss=-0.006478 | train_profit=5.364474 (+536,447 PHP) val_profit=1.349598 (+134,960 PHP) | train_geo=-0.714597 (-71,460 PHP) val_geo=0.497058 (+49,706 PHP)
Epoch 024/50 | train_loss=-0.001487 val_loss=-0.003816 | train_profit=3.591172 (+359,117 PHP) val_profit=1.177861 (+117,786 PHP) | train_geo=-0.948028 (-94,803 PHP) val_geo=0.259061 (+25,906 PHP)
Epoch 025/50 | train_loss=-0.003005 val_loss=-0.006400 | train_profit=5.041375 (+504,137 PHP) val_profit=1.349598 (+134,960 PHP) | train_geo=-0.793822 (-79,382 PHP) val_geo=0.497058 (+49,706 PHP)
Epoch 026/50 | train_loss=-0.002819 val_loss=-0.005699 | train_profit=4.632511 (+463,251 PHP) val_profit=1.349598 (+134,960 PHP) | train_geo=-0.863317 (-86,332 PHP) val_geo=0.497058 (+49,706 PHP)
Epoch 027/50 | train_loss=-0.003131 val_loss=-0.006782 | train_profit=5.326344 (+532,634 PHP) val_profit=1.349598 (+134,960 PHP) | train_geo=-0.725286 (-72,529 PHP) val_geo=0.497058 (+49,706 PHP)
Epoch 028/50 | train_loss=-0.003094 val_loss=-0.006953 | train_profit=5.364474 (+536,447 PHP) val_profit=1.349598 (+134,960 PHP) | train_geo=-0.714597 (-71,460 PHP) val_geo=0.497058 (+49,706 PHP)
Epoch 029/50 | train_loss=-0.003183 val_loss=-0.006495 | train_profit=5.390788 (+539,079 PHP) val_profit=1.349598 (+134,960 PHP) | train_geo=-0.706935 (-70,694 PHP) val_geo=0.497058 (+49,706 PHP)
Epoch 030/50 | train_loss=-0.003141 val_loss=-0.006611 | train_profit=5.394717 (+539,472 PHP) val_profit=1.349598 (+134,960 PHP) | train_geo=-0.705753 (-70,575 PHP) val_geo=0.497058 (+49,706 PHP)
Epoch 031/50 | train_loss=-0.003249 val_loss=-0.006763 | train_profit=5.326344 (+532,634 PHP) val_profit=1.349598 (+134,960 PHP) | train_geo=-0.725286 (-72,529 PHP) val_geo=0.497058 (+49,706 PHP)
Epoch 032/50 | train_loss=-0.003031 val_loss=-0.006749 | train_profit=4.703317 (+470,332 PHP) val_profit=1.349598 (+134,960 PHP) | train_geo=-0.853010 (-85,301 PHP) val_geo=0.497058 (+49,706 PHP)
Epoch 033/50 | train_loss=-0.003166 val_loss=-0.006610 | train_profit=5.364474 (+536,447 PHP) val_profit=1.349598 (+134,960 PHP) | train_geo=-0.714597 (-71,460 PHP) val_geo=0.497058 (+49,706 PHP)
Epoch 034/50 | train_loss=-0.002122 val_loss=-0.005799 | train_profit=3.096441 (+309,644 PHP) val_profit=1.349598 (+134,960 PHP) | train_geo=-0.970722 (-97,072 PHP) val_geo=0.497058 (+49,706 PHP)
Epoch 035/50 | train_loss=-0.002855 val_loss=-0.006261 | train_profit=5.364474 (+536,447 PHP) val_profit=1.349598 (+134,960 PHP) | train_geo=-0.714597 (-71,460 PHP) val_geo=0.497058 (+49,706 PHP)
Epoch 036/50 | train_loss=-0.002684 val_loss=-0.005158 | train_profit=4.211791 (+421,179 PHP) val_profit=1.502736 (+150,274 PHP) | train_geo=-0.910912 (-91,091 PHP) val_geo=0.745749 (+74,575 PHP)
Epoch 037/50 | train_loss=-0.003581 val_loss=-0.006569 | train_profit=5.326274 (+532,627 PHP) val_profit=1.349598 (+134,960 PHP) | train_geo=-0.725305 (-72,531 PHP) val_geo=0.497058 (+49,706 PHP)
Epoch 038/50 | train_loss=-0.003568 val_loss=-0.006539 | train_profit=5.326344 (+532,634 PHP) val_profit=1.349598 (+134,960 PHP) | train_geo=-0.725260 (-72,526 PHP) val_geo=0.497058 (+49,706 PHP)
Epoch 039/50 | train_loss=-0.003560 val_loss=-0.006635 | train_profit=5.356474 (+535,647 PHP) val_profit=1.349598 (+134,960 PHP) | train_geo=-0.716846 (-71,685 PHP) val_geo=0.497058 (+49,706 PHP)
Epoch 040/50 | train_loss=-0.003591 val_loss=-0.006664 | train_profit=5.364474 (+536,447 PHP) val_profit=1.349598 (+134,960 PHP) | train_geo=-0.714597 (-71,460 PHP) val_geo=0.497058 (+49,706 PHP)
Epoch 041/50 | train_loss=-0.003420 val_loss=-0.006763 | train_profit=5.020866 (+502,087 PHP) val_profit=1.349598 (+134,960 PHP) | train_geo=-0.797854 (-79,785 PHP) val_geo=0.497058 (+49,706 PHP)
Epoch 042/50 | train_loss=-0.003520 val_loss=-0.006751 | train_profit=5.326344 (+532,634 PHP) val_profit=1.349598 (+134,960 PHP) | train_geo=-0.725286 (-72,529 PHP) val_geo=0.497058 (+49,706 PHP)
Epoch 043/50 | train_loss=-0.003313 val_loss=-0.006698 | train_profit=5.259824 (+525,982 PHP) val_profit=1.349598 (+134,960 PHP) | train_geo=-0.742913 (-74,291 PHP) val_geo=0.497058 (+49,706 PHP)
Epoch 044/50 | train_loss=-0.003839 val_loss=-0.006999 | train_profit=5.364474 (+536,447 PHP) val_profit=1.349598 (+134,960 PHP) | train_geo=-0.714597 (-71,460 PHP) val_geo=0.497058 (+49,706 PHP)
Epoch 045/50 | train_loss=-0.003240 val_loss=-0.006806 | train_profit=4.993451 (+499,345 PHP) val_profit=1.349598 (+134,960 PHP) | train_geo=-0.803376 (-80,338 PHP) val_geo=0.497058 (+49,706 PHP)
Epoch 046/50 | train_loss=-0.003489 val_loss=-0.006575 | train_profit=5.364474 (+536,447 PHP) val_profit=1.349598 (+134,960 PHP) | train_geo=-0.714597 (-71,460 PHP) val_geo=0.497058 (+49,706 PHP)
Epoch 047/50 | train_loss=-0.003431 val_loss=-0.006246 | train_profit=4.665719 (+466,572 PHP) val_profit=1.357868 (+135,787 PHP) | train_geo=-0.859691 (-85,969 PHP) val_geo=0.509692 (+50,969 PHP)
Epoch 048/50 | train_loss=-0.003874 val_loss=-0.007020 | train_profit=5.326344 (+532,634 PHP) val_profit=1.349598 (+134,960 PHP) | train_geo=-0.725260 (-72,526 PHP) val_geo=0.497058 (+49,706 PHP)
Epoch 049/50 | train_loss=-0.004236 val_loss=-0.006795 | train_profit=5.492838 (+549,284 PHP) val_profit=1.349598 (+134,960 PHP) | train_geo=-0.675380 (-67,538 PHP) val_geo=0.497058 (+49,706 PHP)
Epoch 050/50 | train_loss=-0.003170 val_loss=-0.007214 | train_profit=4.707229 (+470,723 PHP) val_profit=1.349598 (+134,960 PHP) | train_geo=-0.852921 (-85,292 PHP) val_geo=0.497058 (+49,706 PHP)
[20/23] PARA       (weak  ) profit-aware  dir_acc=0.579 cum_ret=+2.4789 geo_ret=+3.1785 sharpe=+1.968 (buy&hold=-0.9696) [8.7s]
Epoch 001/50 | [PROFIT-LOG] train_loss=0.006150 val_loss=0.013660 | train_profit=-3.732793 (-373,279 PHP) val_profit=-1.351598 (-135,160 PHP) | train_geo=-0.997027 (-99,703 PHP) val_geo=-0.880379 (-88,038 PHP)
Epoch 002/50 | [PROFIT-LOG] train_loss=0.006142 val_loss=0.013660 | train_profit=-3.732793 (-373,279 PHP) val_profit=-1.351598 (-135,160 PHP) | train_geo=-0.997027 (-99,703 PHP) val_geo=-0.880379 (-88,038 PHP)
Epoch 003/50 | [PROFIT-LOG] train_loss=0.006142 val_loss=0.013660 | train_profit=-3.732793 (-373,279 PHP) val_profit=-1.351598 (-135,160 PHP) | train_geo=-0.997027 (-99,703 PHP) val_geo=-0.880379 (-88,038 PHP)
Epoch 004/50 | [PROFIT-LOG] train_loss=0.006142 val_loss=0.013660 | train_profit=-3.732793 (-373,279 PHP) val_profit=-1.351598 (-135,160 PHP) | train_geo=-0.997027 (-99,703 PHP) val_geo=-0.880379 (-88,038 PHP)
Epoch 005/50 | [PROFIT-LOG] train_loss=0.006142 val_loss=0.013660 | train_profit=-3.732793 (-373,279 PHP) val_profit=-1.351598 (-135,160 PHP) | train_geo=-0.997027 (-99,703 PHP) val_geo=-0.880379 (-88,038 PHP)
Epoch 006/50 | [PROFIT-LOG] train_loss=0.006142 val_loss=0.013660 | train_profit=-3.732793 (-373,279 PHP) val_profit=-1.351598 (-135,160 PHP) | train_geo=-0.997027 (-99,703 PHP) val_geo=-0.880379 (-88,038 PHP)
Epoch 007/50 | [PROFIT-LOG] train_loss=0.006142 val_loss=0.013660 | train_profit=-3.732793 (-373,279 PHP) val_profit=-1.351598 (-135,160 PHP) | train_geo=-0.997027 (-99,703 PHP) val_geo=-0.880379 (-88,038 PHP)
Epoch 008/50 | [PROFIT-LOG] train_loss=0.006142 val_loss=0.013660 | train_profit=-3.732793 (-373,279 PHP) val_profit=-1.351598 (-135,160 PHP) | train_geo=-0.997027 (-99,703 PHP) val_geo=-0.880379 (-88,038 PHP)
Epoch 009/50 | [PROFIT-LOG] train_loss=0.006142 val_loss=0.013660 | train_profit=-3.732793 (-373,279 PHP) val_profit=-1.351598 (-135,160 PHP) | train_geo=-0.997027 (-99,703 PHP) val_geo=-0.880379 (-88,038 PHP)
Epoch 010/50 | [PROFIT-LOG] train_loss=0.006142 val_loss=0.013660 | train_profit=-3.732793 (-373,279 PHP) val_profit=-1.351598 (-135,160 PHP) | train_geo=-0.997027 (-99,703 PHP) val_geo=-0.880379 (-88,038 PHP)
Epoch 011/50 | [PROFIT-LOG] train_loss=0.006142 val_loss=0.013660 | train_profit=-3.732793 (-373,279 PHP) val_profit=-1.351598 (-135,160 PHP) | train_geo=-0.997027 (-99,703 PHP) val_geo=-0.880379 (-88,038 PHP)
Epoch 012/50 | [PROFIT-LOG] train_loss=0.006142 val_loss=0.013659 | train_profit=-3.732793 (-373,279 PHP) val_profit=-1.351598 (-135,160 PHP) | train_geo=-0.997027 (-99,703 PHP) val_geo=-0.880379 (-88,038 PHP)
Epoch 013/50 | [PROFIT-LOG] train_loss=0.006142 val_loss=0.013653 | train_profit=-3.732793 (-373,279 PHP) val_profit=-1.351598 (-135,160 PHP) | train_geo=-0.997027 (-99,703 PHP) val_geo=-0.880379 (-88,038 PHP)
Epoch 014/50 | [PROFIT-LOG] train_loss=0.006984 val_loss=0.001769 | train_profit=-4.129977 (-412,998 PHP) val_profit=-1.184321 (-118,432 PHP) | train_geo=-0.998159 (-99,816 PHP) val_geo=-0.867384 (-86,738 PHP)
Epoch 015/50 | [PROFIT-LOG] train_loss=0.003831 val_loss=-0.006327 | train_profit=0.933260 (+93,326 PHP) val_profit=1.441813 (+144,181 PHP) | train_geo=-0.987713 (-98,771 PHP) val_geo=0.641541 (+64,154 PHP)
Epoch 016/50 | [PROFIT-LOG] train_loss=0.003380 val_loss=-0.005858 | train_profit=4.019729 (+401,973 PHP) val_profit=1.349598 (+134,960 PHP) | train_geo=-0.956661 (-95,666 PHP) val_geo=0.497058 (+49,706 PHP)
Epoch 017/50 | [PROFIT-LOG] train_loss=0.003847 val_loss=-0.005858 | train_profit=3.730793 (+373,079 PHP) val_profit=1.349598 (+134,960 PHP) | train_geo=-0.971484 (-97,148 PHP) val_geo=0.497058 (+49,706 PHP)
Epoch 018/50 | [PROFIT-LOG] train_loss=0.003847 val_loss=-0.005858 | train_profit=3.730793 (+373,079 PHP) val_profit=1.349598 (+134,960 PHP) | train_geo=-0.971484 (-97,148 PHP) val_geo=0.497058 (+49,706 PHP)
Epoch 019/50 | [PROFIT-LOG] train_loss=0.003847 val_loss=-0.005858 | train_profit=3.730793 (+373,079 PHP) val_profit=1.349598 (+134,960 PHP) | train_geo=-0.971484 (-97,148 PHP) val_geo=0.497058 (+49,706 PHP)
Epoch 020/50 | [PROFIT-LOG] train_loss=0.003847 val_loss=-0.005858 | train_profit=3.730793 (+373,079 PHP) val_profit=1.349598 (+134,960 PHP) | train_geo=-0.971484 (-97,148 PHP) val_geo=0.497058 (+49,706 PHP)
Epoch 021/50 | [PROFIT-LOG] train_loss=0.003847 val_loss=-0.005858 | train_profit=3.730793 (+373,079 PHP) val_profit=1.349598 (+134,960 PHP) | train_geo=-0.971484 (-97,148 PHP) val_geo=0.497058 (+49,706 PHP)
Epoch 022/50 | [PROFIT-LOG] train_loss=0.003847 val_loss=-0.005858 | train_profit=3.730793 (+373,079 PHP) val_profit=1.349598 (+134,960 PHP) | train_geo=-0.971484 (-97,148 PHP) val_geo=0.497058 (+49,706 PHP)
Epoch 023/50 | [PROFIT-LOG] train_loss=0.003847 val_loss=-0.005858 | train_profit=3.730793 (+373,079 PHP) val_profit=1.349598 (+134,960 PHP) | train_geo=-0.971484 (-97,148 PHP) val_geo=0.497058 (+49,706 PHP)
Epoch 024/50 | [PROFIT-LOG] train_loss=0.003847 val_loss=-0.005858 | train_profit=3.730793 (+373,079 PHP) val_profit=1.349598 (+134,960 PHP) | train_geo=-0.971484 (-97,148 PHP) val_geo=0.497058 (+49,706 PHP)
Epoch 025/50 | [PROFIT-LOG] train_loss=0.003847 val_loss=-0.005858 | train_profit=3.730793 (+373,079 PHP) val_profit=1.349598 (+134,960 PHP) | train_geo=-0.971484 (-97,148 PHP) val_geo=0.497058 (+49,706 PHP)
Epoch 026/50 | [PROFIT-LOG] train_loss=0.003847 val_loss=-0.005858 | train_profit=3.730793 (+373,079 PHP) val_profit=1.349598 (+134,960 PHP) | train_geo=-0.971484 (-97,148 PHP) val_geo=0.497058 (+49,706 PHP)
Epoch 027/50 | [PROFIT-LOG] train_loss=0.003847 val_loss=-0.005858 | train_profit=3.730793 (+373,079 PHP) val_profit=1.349598 (+134,960 PHP) | train_geo=-0.971484 (-97,148 PHP) val_geo=0.497058 (+49,706 PHP)
Epoch 028/50 | [PROFIT-LOG] train_loss=0.003847 val_loss=-0.005858 | train_profit=3.730793 (+373,079 PHP) val_profit=1.349598 (+134,960 PHP) | train_geo=-0.971484 (-97,148 PHP) val_geo=0.497058 (+49,706 PHP)
Epoch 029/50 | [PROFIT-LOG] train_loss=0.003847 val_loss=-0.005858 | train_profit=3.730793 (+373,079 PHP) val_profit=1.349598 (+134,960 PHP) | train_geo=-0.971484 (-97,148 PHP) val_geo=0.497058 (+49,706 PHP)
Epoch 030/50 | [PROFIT-LOG] train_loss=0.003847 val_loss=-0.005858 | train_profit=3.730793 (+373,079 PHP) val_profit=1.349598 (+134,960 PHP) | train_geo=-0.971484 (-97,148 PHP) val_geo=0.497058 (+49,706 PHP)
Epoch 031/50 | [PROFIT-LOG] train_loss=0.003847 val_loss=-0.005858 | train_profit=3.730793 (+373,079 PHP) val_profit=1.349598 (+134,960 PHP) | train_geo=-0.971484 (-97,148 PHP) val_geo=0.497058 (+49,706 PHP)
Epoch 032/50 | [PROFIT-LOG] train_loss=0.003847 val_loss=-0.005858 | train_profit=3.730793 (+373,079 PHP) val_profit=1.349598 (+134,960 PHP) | train_geo=-0.971484 (-97,148 PHP) val_geo=0.497058 (+49,706 PHP)
Epoch 033/50 | [PROFIT-LOG] train_loss=0.003847 val_loss=-0.005858 | train_profit=3.730793 (+373,079 PHP) val_profit=1.349598 (+134,960 PHP) | train_geo=-0.971484 (-97,148 PHP) val_geo=0.497058 (+49,706 PHP)
Epoch 034/50 | [PROFIT-LOG] train_loss=0.003847 val_loss=-0.005858 | train_profit=3.730793 (+373,079 PHP) val_profit=1.349598 (+134,960 PHP) | train_geo=-0.971484 (-97,148 PHP) val_geo=0.497058 (+49,706 PHP)
Epoch 035/50 | [PROFIT-LOG] train_loss=0.003847 val_loss=-0.005858 | train_profit=3.730793 (+373,079 PHP) val_profit=1.349598 (+134,960 PHP) | train_geo=-0.971484 (-97,148 PHP) val_geo=0.497058 (+49,706 PHP)
Epoch 036/50 | [PROFIT-LOG] train_loss=0.003847 val_loss=-0.005858 | train_profit=3.730793 (+373,079 PHP) val_profit=1.349598 (+134,960 PHP) | train_geo=-0.971484 (-97,148 PHP) val_geo=0.497058 (+49,706 PHP)
Epoch 037/50 | [PROFIT-LOG] train_loss=0.003847 val_loss=-0.005858 | train_profit=3.730793 (+373,079 PHP) val_profit=1.349598 (+134,960 PHP) | train_geo=-0.971484 (-97,148 PHP) val_geo=0.497058 (+49,706 PHP)
Epoch 038/50 | [PROFIT-LOG] train_loss=0.003847 val_loss=-0.005858 | train_profit=3.730793 (+373,079 PHP) val_profit=1.349598 (+134,960 PHP) | train_geo=-0.971484 (-97,148 PHP) val_geo=0.497058 (+49,706 PHP)
Epoch 039/50 | [PROFIT-LOG] train_loss=0.003847 val_loss=-0.005858 | train_profit=3.730793 (+373,079 PHP) val_profit=1.349598 (+134,960 PHP) | train_geo=-0.971484 (-97,148 PHP) val_geo=0.497058 (+49,706 PHP)
Epoch 040/50 | [PROFIT-LOG] train_loss=0.003847 val_loss=-0.005858 | train_profit=3.730793 (+373,079 PHP) val_profit=1.349598 (+134,960 PHP) | train_geo=-0.971484 (-97,148 PHP) val_geo=0.497058 (+49,706 PHP)
Epoch 041/50 | [PROFIT-LOG] train_loss=0.003846 val_loss=-0.005858 | train_profit=3.730793 (+373,079 PHP) val_profit=1.349598 (+134,960 PHP) | train_geo=-0.971484 (-97,148 PHP) val_geo=0.497058 (+49,706 PHP)
Epoch 042/50 | [PROFIT-LOG] train_loss=0.003847 val_loss=-0.005858 | train_profit=3.730793 (+373,079 PHP) val_profit=1.349598 (+134,960 PHP) | train_geo=-0.971484 (-97,148 PHP) val_geo=0.497058 (+49,706 PHP)
Epoch 043/50 | [PROFIT-LOG] train_loss=0.003847 val_loss=-0.005858 | train_profit=3.730793 (+373,079 PHP) val_profit=1.349598 (+134,960 PHP) | train_geo=-0.971484 (-97,148 PHP) val_geo=0.497058 (+49,706 PHP)
Epoch 044/50 | [PROFIT-LOG] train_loss=0.003847 val_loss=-0.005858 | train_profit=3.730793 (+373,079 PHP) val_profit=1.349598 (+134,960 PHP) | train_geo=-0.971484 (-97,148 PHP) val_geo=0.497058 (+49,706 PHP)
Epoch 045/50 | [PROFIT-LOG] train_loss=0.003847 val_loss=-0.005858 | train_profit=3.730793 (+373,079 PHP) val_profit=1.349598 (+134,960 PHP) | train_geo=-0.971484 (-97,148 PHP) val_geo=0.497058 (+49,706 PHP)
Epoch 046/50 | [PROFIT-LOG] train_loss=0.003847 val_loss=-0.005858 | train_profit=3.730793 (+373,079 PHP) val_profit=1.349598 (+134,960 PHP) | train_geo=-0.971484 (-97,148 PHP) val_geo=0.497058 (+49,706 PHP)
Epoch 047/50 | [PROFIT-LOG] train_loss=0.003847 val_loss=-0.005858 | train_profit=3.730793 (+373,079 PHP) val_profit=1.349598 (+134,960 PHP) | train_geo=-0.971484 (-97,148 PHP) val_geo=0.497058 (+49,706 PHP)
Epoch 048/50 | [PROFIT-LOG] train_loss=0.003847 val_loss=-0.005858 | train_profit=3.730793 (+373,079 PHP) val_profit=1.349598 (+134,960 PHP) | train_geo=-0.971484 (-97,148 PHP) val_geo=0.497058 (+49,706 PHP)
Epoch 049/50 | [PROFIT-LOG] train_loss=0.003847 val_loss=-0.005858 | train_profit=3.730793 (+373,079 PHP) val_profit=1.349598 (+134,960 PHP) | train_geo=-0.971484 (-97,148 PHP) val_geo=0.497058 (+49,706 PHP)
Epoch 050/50 | [PROFIT-LOG] train_loss=0.003846 val_loss=-0.005858 | train_profit=3.730793 (+373,079 PHP) val_profit=1.349598 (+134,960 PHP) | train_geo=-0.971484 (-97,148 PHP) val_geo=0.497058 (+49,706 PHP)
[20/23] PARA       (weak  ) profit-log    dir_acc=0.579 cum_ret=+2.4789 geo_ret=+3.1785 sharpe=+1.968 (buy&hold=-0.9696) [8.2s]
Epoch 001/50 | [MSE] train_loss=0.002608 val_loss=0.001198 | train_profit=-0.990512 (-99,051 PHP) val_profit=0.380722 (+38,072 PHP) | train_geo=-0.839763 (-83,976 PHP) val_geo=0.301574 (+30,157 PHP)
Epoch 002/50 | [MSE] train_loss=0.001994 val_loss=0.001113 | train_profit=-0.488342 (-48,834 PHP) val_profit=-0.192657 (-19,266 PHP) | train_geo=-0.729980 (-72,998 PHP) val_geo=-0.266667 (-26,667 PHP)
Epoch 003/50 | [MSE] train_loss=0.001724 val_loss=0.001061 | train_profit=-1.050075 (-105,008 PHP) val_profit=-0.922816 (-92,282 PHP) | train_geo=-0.845682 (-84,568 PHP) val_geo=-0.647522 (-64,752 PHP)
Epoch 004/50 | [MSE] train_loss=0.001742 val_loss=0.001044 | train_profit=-2.902511 (-290,251 PHP) val_profit=-0.473338 (-47,334 PHP) | train_geo=-0.976831 (-97,683 PHP) val_geo=-0.446864 (-44,686 PHP)
Epoch 005/50 | [MSE] train_loss=0.001709 val_loss=0.001068 | train_profit=0.491117 (+49,112 PHP) val_profit=-0.597269 (-59,727 PHP) | train_geo=-0.269179 (-26,918 PHP) val_geo=-0.511372 (-51,137 PHP)
Epoch 006/50 | [MSE] train_loss=0.001705 val_loss=0.001053 | train_profit=-2.176039 (-217,604 PHP) val_profit=-0.835896 (-83,590 PHP) | train_geo=-0.952387 (-95,239 PHP) val_geo=-0.615243 (-61,524 PHP)
Epoch 007/50 | [MSE] train_loss=0.001674 val_loss=0.001075 | train_profit=-0.910747 (-91,075 PHP) val_profit=-0.366527 (-36,653 PHP) | train_geo=-0.823642 (-82,364 PHP) val_geo=-0.384468 (-38,447 PHP)
Epoch 008/50 | [MSE] train_loss=0.001639 val_loss=0.001039 | train_profit=0.298126 (+29,813 PHP) val_profit=-0.441052 (-44,105 PHP) | train_geo=-0.397744 (-39,774 PHP) val_geo=-0.427997 (-42,800 PHP)
Epoch 009/50 | [MSE] train_loss=0.001666 val_loss=0.001077 | train_profit=0.163399 (+16,340 PHP) val_profit=-1.103121 (-110,312 PHP) | train_geo=-0.472534 (-47,253 PHP) val_geo=-0.705874 (-70,587 PHP)
Epoch 010/50 | [MSE] train_loss=0.001654 val_loss=0.001073 | train_profit=-0.310512 (-31,051 PHP) val_profit=-0.533654 (-53,365 PHP) | train_geo=-0.675196 (-67,520 PHP) val_geo=-0.479084 (-47,908 PHP)
Epoch 011/50 | [MSE] train_loss=0.001613 val_loss=0.001061 | train_profit=2.171812 (+217,181 PHP) val_profit=-1.298846 (-129,885 PHP) | train_geo=3.005507 (+300,551 PHP) val_geo=-0.758367 (-75,837 PHP)
Epoch 012/50 | [MSE] train_loss=0.001647 val_loss=0.001073 | train_profit=-0.119132 (-11,913 PHP) val_profit=-0.547935 (-54,793 PHP) | train_geo=-0.608820 (-60,882 PHP) val_geo=-0.486669 (-48,667 PHP)
Epoch 013/50 | [MSE] train_loss=0.001642 val_loss=0.001060 | train_profit=-0.331168 (-33,117 PHP) val_profit=-0.738732 (-73,873 PHP) | train_geo=-0.690445 (-69,045 PHP) val_geo=-0.576275 (-57,628 PHP)
Epoch 014/50 | [MSE] train_loss=0.001630 val_loss=0.001075 | train_profit=1.375180 (+137,518 PHP) val_profit=-0.529750 (-52,975 PHP) | train_geo=0.757724 (+75,772 PHP) val_geo=-0.477198 (-47,720 PHP)
Epoch 015/50 | [MSE] train_loss=0.001639 val_loss=0.001054 | train_profit=-0.317335 (-31,733 PHP) val_profit=-0.843852 (-84,385 PHP) | train_geo=-0.678520 (-67,852 PHP) val_geo=-0.618204 (-61,820 PHP)
Epoch 016/50 | [MSE] train_loss=0.001629 val_loss=0.001066 | train_profit=0.866494 (+86,649 PHP) val_profit=-0.803587 (-80,359 PHP) | train_geo=0.057370 (+5,737 PHP) val_geo=-0.602958 (-60,296 PHP)
Epoch 017/50 | [MSE] train_loss=0.001628 val_loss=0.001064 | train_profit=1.964590 (+196,459 PHP) val_profit=-0.901034 (-90,103 PHP) | train_geo=2.200838 (+220,084 PHP) val_geo=-0.639840 (-63,984 PHP)
Epoch 018/50 | [MSE] train_loss=0.001603 val_loss=0.001076 | train_profit=0.736490 (+73,649 PHP) val_profit=-0.554645 (-55,464 PHP) | train_geo=-0.066592 (-6,659 PHP) val_geo=-0.490163 (-49,016 PHP)
Epoch 019/50 | [MSE] train_loss=0.001613 val_loss=0.001052 | train_profit=2.744049 (+274,405 PHP) val_profit=-0.458384 (-45,838 PHP) | train_geo=6.042507 (+604,251 PHP) val_geo=-0.437762 (-43,776 PHP)
Epoch 020/50 | [MSE] train_loss=0.001638 val_loss=0.001078 | train_profit=0.551857 (+55,186 PHP) val_profit=-0.594740 (-59,474 PHP) | train_geo=-0.229155 (-22,915 PHP) val_geo=-0.510195 (-51,020 PHP)
Epoch 021/50 | [MSE] train_loss=0.001614 val_loss=0.001064 | train_profit=1.965748 (+196,575 PHP) val_profit=-1.087721 (-108,772 PHP) | train_geo=2.213532 (+221,353 PHP) val_geo=-0.700969 (-70,097 PHP)
Epoch 022/50 | [MSE] train_loss=0.001635 val_loss=0.001061 | train_profit=-0.205875 (-20,587 PHP) val_profit=-0.472350 (-47,235 PHP) | train_geo=-0.640510 (-64,051 PHP) val_geo=-0.445629 (-44,563 PHP)
Epoch 023/50 | [MSE] train_loss=0.001616 val_loss=0.001081 | train_profit=0.651046 (+65,105 PHP) val_profit=-0.806369 (-80,637 PHP) | train_geo=-0.153985 (-15,399 PHP) val_geo=-0.604091 (-60,409 PHP)
Epoch 024/50 | [MSE] train_loss=0.001611 val_loss=0.001056 | train_profit=-0.380991 (-38,099 PHP) val_profit=-0.605281 (-60,528 PHP) | train_geo=-0.699871 (-69,987 PHP) val_geo=-0.514766 (-51,477 PHP)
Epoch 025/50 | [MSE] train_loss=0.001615 val_loss=0.001075 | train_profit=0.207691 (+20,769 PHP) val_profit=-0.842636 (-84,264 PHP) | train_geo=-0.446282 (-44,628 PHP) val_geo=-0.618180 (-61,818 PHP)
Epoch 026/50 | [MSE] train_loss=0.001612 val_loss=0.001061 | train_profit=0.235360 (+23,536 PHP) val_profit=-1.068644 (-106,864 PHP) | train_geo=-0.445445 (-44,544 PHP) val_geo=-0.695188 (-69,519 PHP)
Epoch 027/50 | [MSE] train_loss=0.001621 val_loss=0.001071 | train_profit=0.054531 (+5,453 PHP) val_profit=-0.678216 (-67,822 PHP) | train_geo=-0.537031 (-53,703 PHP) val_geo=-0.549812 (-54,981 PHP)
Epoch 028/50 | [MSE] train_loss=0.001612 val_loss=0.001072 | train_profit=1.320091 (+132,009 PHP) val_profit=-0.836102 (-83,610 PHP) | train_geo=0.686504 (+68,650 PHP) val_geo=-0.615633 (-61,563 PHP)
Epoch 029/50 | [MSE] train_loss=0.001613 val_loss=0.001061 | train_profit=1.584848 (+158,485 PHP) val_profit=-0.474815 (-47,482 PHP) | train_geo=1.145584 (+114,558 PHP) val_geo=-0.446974 (-44,697 PHP)
Epoch 030/50 | [MSE] train_loss=0.001605 val_loss=0.001071 | train_profit=1.125871 (+112,587 PHP) val_profit=-0.521294 (-52,129 PHP) | train_geo=0.366926 (+36,693 PHP) val_geo=-0.472234 (-47,223 PHP)
Epoch 031/50 | [MSE] train_loss=0.001621 val_loss=0.001070 | train_profit=1.292918 (+129,292 PHP) val_profit=-0.556881 (-55,688 PHP) | train_geo=0.630864 (+63,086 PHP) val_geo=-0.490682 (-49,068 PHP)
Epoch 032/50 | [MSE] train_loss=0.001613 val_loss=0.001068 | train_profit=0.834503 (+83,450 PHP) val_profit=-0.532385 (-53,238 PHP) | train_geo=0.020621 (+2,062 PHP) val_geo=-0.477990 (-47,799 PHP)
Epoch 033/50 | [MSE] train_loss=0.001617 val_loss=0.001077 | train_profit=0.388681 (+38,868 PHP) val_profit=-0.919296 (-91,930 PHP) | train_geo=-0.351092 (-35,109 PHP) val_geo=-0.646348 (-64,635 PHP)
Epoch 034/50 | [MSE] train_loss=0.001606 val_loss=0.001059 | train_profit=0.795771 (+79,577 PHP) val_profit=-1.059928 (-105,993 PHP) | train_geo=-0.019527 (-1,953 PHP) val_geo=-0.692446 (-69,245 PHP)
Epoch 035/50 | [MSE] train_loss=0.001602 val_loss=0.001073 | train_profit=1.828544 (+182,854 PHP) val_profit=-0.536309 (-53,631 PHP) | train_geo=1.795274 (+179,527 PHP) val_geo=-0.480018 (-48,002 PHP)
Epoch 036/50 | [MSE] train_loss=0.001609 val_loss=0.001059 | train_profit=2.830236 (+283,024 PHP) val_profit=-0.705284 (-70,528 PHP) | train_geo=6.629145 (+662,914 PHP) val_geo=-0.560859 (-56,086 PHP)
Epoch 037/50 | [MSE] train_loss=0.001621 val_loss=0.001075 | train_profit=0.259141 (+25,914 PHP) val_profit=-0.441581 (-44,158 PHP) | train_geo=-0.425825 (-42,582 PHP) val_geo=-0.428342 (-42,834 PHP)
Epoch 038/50 | [MSE] train_loss=0.001612 val_loss=0.001050 | train_profit=1.509151 (+150,915 PHP) val_profit=-0.481907 (-48,191 PHP) | train_geo=1.029105 (+102,910 PHP) val_geo=-0.450888 (-45,089 PHP)
Epoch 039/50 | [MSE] train_loss=0.001609 val_loss=0.001071 | train_profit=1.810069 (+181,007 PHP) val_profit=-0.841388 (-84,139 PHP) | train_geo=1.748276 (+174,828 PHP) val_geo=-0.617160 (-61,716 PHP)
Epoch 040/50 | [MSE] train_loss=0.001616 val_loss=0.001063 | train_profit=0.979708 (+97,971 PHP) val_profit=-0.679658 (-67,966 PHP) | train_geo=0.184266 (+18,427 PHP) val_geo=-0.549567 (-54,957 PHP)
Epoch 041/50 | [MSE] train_loss=0.001610 val_loss=0.001065 | train_profit=0.000237 (+24 PHP) val_profit=-0.540399 (-54,040 PHP) | train_geo=-0.559355 (-55,936 PHP) val_geo=-0.482152 (-48,215 PHP)
Epoch 042/50 | [MSE] train_loss=0.001610 val_loss=0.001064 | train_profit=1.627885 (+162,788 PHP) val_profit=-0.630868 (-63,087 PHP) | train_geo=1.278883 (+127,888 PHP) val_geo=-0.526891 (-52,689 PHP)
Epoch 043/50 | [MSE] train_loss=0.001606 val_loss=0.001064 | train_profit=2.509899 (+250,990 PHP) val_profit=-0.729627 (-72,963 PHP) | train_geo=4.602121 (+460,212 PHP) val_geo=-0.571438 (-57,144 PHP)
Epoch 044/50 | [MSE] train_loss=0.001609 val_loss=0.001066 | train_profit=0.502007 (+50,201 PHP) val_profit=-0.498308 (-49,831 PHP) | train_geo=-0.254053 (-25,405 PHP) val_geo=-0.459739 (-45,974 PHP)
Epoch 045/50 | [MSE] train_loss=0.001601 val_loss=0.001063 | train_profit=3.058405 (+305,840 PHP) val_profit=-0.639106 (-63,911 PHP) | train_geo=8.721519 (+872,152 PHP) val_geo=-0.530904 (-53,090 PHP)
Epoch 046/50 | [MSE] train_loss=0.001597 val_loss=0.001062 | train_profit=2.155515 (+215,551 PHP) val_profit=-0.761016 (-76,102 PHP) | train_geo=2.900613 (+290,061 PHP) val_geo=-0.584818 (-58,482 PHP)
Epoch 047/50 | [MSE] train_loss=0.001613 val_loss=0.001068 | train_profit=2.231104 (+223,110 PHP) val_profit=-0.908927 (-90,893 PHP) | train_geo=3.235578 (+323,558 PHP) val_geo=-0.641933 (-64,193 PHP)
Epoch 048/50 | [MSE] train_loss=0.001607 val_loss=0.001070 | train_profit=2.989538 (+298,954 PHP) val_profit=-0.612847 (-61,285 PHP) | train_geo=8.071139 (+807,114 PHP) val_geo=-0.518397 (-51,840 PHP)
Epoch 049/50 | [MSE] train_loss=0.001596 val_loss=0.001063 | train_profit=2.894959 (+289,496 PHP) val_profit=-0.846362 (-84,636 PHP) | train_geo=7.135633 (+713,563 PHP) val_geo=-0.618768 (-61,877 PHP)
Epoch 050/50 | [MSE] train_loss=0.001605 val_loss=0.001070 | train_profit=2.849999 (+285,000 PHP) val_profit=-1.200975 (-120,098 PHP) | train_geo=6.854159 (+685,416 PHP) val_geo=-0.732977 (-73,298 PHP)
[21/23] GRAB       (weak  ) mse           dir_acc=0.464 cum_ret=-0.5732 geo_ret=-0.4679 sharpe=-1.870 (buy&hold=-0.4134) [2.5s]
Epoch 001/50 | train_loss=0.003223 val_loss=0.005131 | train_profit=-0.906864 (-90,686 PHP) val_profit=-0.332335 (-33,233 PHP) | train_geo=-0.821736 (-82,174 PHP) val_geo=-0.362295 (-36,230 PHP)
Epoch 002/50 | train_loss=0.002692 val_loss=0.003321 | train_profit=0.237132 (+23,713 PHP) val_profit=-0.332335 (-33,233 PHP) | train_geo=-0.443423 (-44,342 PHP) val_geo=-0.362295 (-36,230 PHP)
Epoch 003/50 | train_loss=-0.000499 val_loss=0.001417 | train_profit=1.915380 (+191,538 PHP) val_profit=-0.090187 (-9,019 PHP) | train_geo=1.987945 (+198,794 PHP) val_geo=-0.188731 (-18,873 PHP)
Epoch 004/50 | train_loss=0.001539 val_loss=0.003322 | train_profit=-0.445298 (-44,530 PHP) val_profit=-0.311809 (-31,181 PHP) | train_geo=-0.719334 (-71,933 PHP) val_geo=-0.350225 (-35,023 PHP)
Epoch 005/50 | train_loss=-0.000692 val_loss=0.002527 | train_profit=1.777330 (+177,733 PHP) val_profit=-0.344891 (-34,489 PHP) | train_geo=1.629606 (+162,961 PHP) val_geo=-0.371012 (-37,101 PHP)
Epoch 006/50 | train_loss=0.000666 val_loss=0.003459 | train_profit=0.050058 (+5,006 PHP) val_profit=-0.434416 (-43,442 PHP) | train_geo=-0.529034 (-52,903 PHP) val_geo=-0.424235 (-42,423 PHP)
Epoch 007/50 | train_loss=-0.000365 val_loss=0.002409 | train_profit=1.843630 (+184,363 PHP) val_profit=-0.196150 (-19,615 PHP) | train_geo=1.781817 (+178,182 PHP) val_geo=-0.269940 (-26,994 PHP)
Epoch 008/50 | train_loss=0.000961 val_loss=0.003757 | train_profit=0.320407 (+32,041 PHP) val_profit=-0.350657 (-35,066 PHP) | train_geo=-0.382561 (-38,256 PHP) val_geo=-0.374958 (-37,496 PHP)
Epoch 009/50 | train_loss=-0.000177 val_loss=0.004008 | train_profit=0.269476 (+26,948 PHP) val_profit=-0.415776 (-41,578 PHP) | train_geo=-0.418080 (-41,808 PHP) val_geo=-0.413313 (-41,331 PHP)
Epoch 010/50 | train_loss=-0.001235 val_loss=0.003156 | train_profit=2.714465 (+271,447 PHP) val_profit=-0.386931 (-38,693 PHP) | train_geo=5.752932 (+575,293 PHP) val_geo=-0.396785 (-39,679 PHP)
Epoch 011/50 | train_loss=0.000092 val_loss=0.003780 | train_profit=1.087057 (+108,706 PHP) val_profit=-0.183585 (-18,359 PHP) | train_geo=0.329691 (+32,969 PHP) val_geo=-0.261045 (-26,105 PHP)
Epoch 012/50 | train_loss=-0.000741 val_loss=0.004315 | train_profit=1.622844 (+162,284 PHP) val_profit=-0.711358 (-71,136 PHP) | train_geo=1.263268 (+126,327 PHP) val_geo=-0.564289 (-56,429 PHP)
Epoch 013/50 | train_loss=-0.001259 val_loss=0.003713 | train_profit=3.164388 (+316,439 PHP) val_profit=-0.638448 (-63,845 PHP) | train_geo=9.640345 (+964,034 PHP) val_geo=-0.531660 (-53,166 PHP)
Epoch 014/50 | train_loss=-0.000560 val_loss=0.004376 | train_profit=0.953616 (+95,362 PHP) val_profit=-0.422087 (-42,209 PHP) | train_geo=0.162090 (+16,209 PHP) val_geo=-0.416871 (-41,687 PHP)
Epoch 015/50 | train_loss=-0.001415 val_loss=0.003731 | train_profit=2.500820 (+250,082 PHP) val_profit=-0.792652 (-79,265 PHP) | train_geo=4.377360 (+437,736 PHP) val_geo=-0.598838 (-59,884 PHP)
Epoch 016/50 | train_loss=-0.000269 val_loss=0.004285 | train_profit=0.995345 (+99,535 PHP) val_profit=-0.381117 (-38,112 PHP) | train_geo=0.213394 (+21,339 PHP) val_geo=-0.392840 (-39,284 PHP)
Epoch 017/50 | train_loss=-0.001681 val_loss=0.004322 | train_profit=3.182613 (+318,261 PHP) val_profit=-0.566549 (-56,655 PHP) | train_geo=9.809034 (+980,903 PHP) val_geo=-0.496647 (-49,665 PHP)
Epoch 018/50 | train_loss=-0.000944 val_loss=0.004384 | train_profit=1.672663 (+167,266 PHP) val_profit=-0.745298 (-74,530 PHP) | train_geo=1.389993 (+138,999 PHP) val_geo=-0.578629 (-57,863 PHP)
Epoch 019/50 | train_loss=-0.001658 val_loss=0.004312 | train_profit=2.565641 (+256,564 PHP) val_profit=-0.879009 (-87,901 PHP) | train_geo=4.824803 (+482,480 PHP) val_geo=-0.632061 (-63,206 PHP)
Epoch 020/50 | train_loss=-0.001748 val_loss=0.003606 | train_profit=2.705303 (+270,530 PHP) val_profit=-0.557577 (-55,758 PHP) | train_geo=5.831956 (+583,196 PHP) val_geo=-0.491670 (-49,167 PHP)
Epoch 021/50 | train_loss=-0.002860 val_loss=0.004804 | train_profit=3.972738 (+397,274 PHP) val_profit=-0.883661 (-88,366 PHP) | train_geo=23.323595 (+2,332,360 PHP) val_geo=-0.633637 (-63,364 PHP)
Epoch 022/50 | train_loss=-0.002727 val_loss=0.004687 | train_profit=3.329354 (+332,935 PHP) val_profit=-0.608646 (-60,865 PHP) | train_geo=11.742289 (+1,174,229 PHP) val_geo=-0.516755 (-51,676 PHP)
Epoch 023/50 | train_loss=-0.002750 val_loss=0.003832 | train_profit=4.631621 (+463,162 PHP) val_profit=-0.520619 (-52,062 PHP) | train_geo=46.220993 (+4,622,100 PHP) val_geo=-0.473183 (-47,318 PHP)
Epoch 024/50 | train_loss=-0.002668 val_loss=0.003019 | train_profit=4.076012 (+407,601 PHP) val_profit=-0.344630 (-34,463 PHP) | train_geo=26.028238 (+2,602,824 PHP) val_geo=-0.370415 (-37,041 PHP)
Epoch 025/50 | train_loss=-0.001996 val_loss=0.004801 | train_profit=3.207431 (+320,743 PHP) val_profit=-0.727834 (-72,783 PHP) | train_geo=10.295798 (+1,029,580 PHP) val_geo=-0.571206 (-57,121 PHP)
Epoch 026/50 | train_loss=-0.002672 val_loss=0.004233 | train_profit=3.610399 (+361,040 PHP) val_profit=-0.826350 (-82,635 PHP) | train_geo=15.903917 (+1,590,392 PHP) val_geo=-0.612001 (-61,200 PHP)
Epoch 027/50 | train_loss=-0.003377 val_loss=0.003412 | train_profit=4.952968 (+495,297 PHP) val_profit=-0.420575 (-42,057 PHP) | train_geo=64.161232 (+6,416,123 PHP) val_geo=-0.416838 (-41,684 PHP)
Epoch 028/50 | train_loss=-0.002844 val_loss=0.002783 | train_profit=3.536480 (+353,648 PHP) val_profit=-0.116585 (-11,659 PHP) | train_geo=14.676202 (+1,467,620 PHP) val_geo=-0.208996 (-20,900 PHP)
Epoch 029/50 | train_loss=-0.003776 val_loss=0.003637 | train_profit=4.796675 (+479,667 PHP) val_profit=-0.371218 (-37,122 PHP) | train_geo=54.626957 (+5,462,696 PHP) val_geo=-0.387403 (-38,740 PHP)
Epoch 030/50 | train_loss=-0.003614 val_loss=0.002858 | train_profit=5.040088 (+504,009 PHP) val_profit=-0.200129 (-20,013 PHP) | train_geo=70.097641 (+7,009,764 PHP) val_geo=-0.272646 (-27,265 PHP)
Epoch 031/50 | train_loss=-0.003688 val_loss=0.003617 | train_profit=5.367704 (+536,770 PHP) val_profit=-0.463302 (-46,330 PHP) | train_geo=97.732224 (+9,773,222 PHP) val_geo=-0.442059 (-44,206 PHP)
Epoch 032/50 | train_loss=-0.004068 val_loss=0.003599 | train_profit=5.078835 (+507,884 PHP) val_profit=-0.398259 (-39,826 PHP) | train_geo=73.211197 (+7,321,120 PHP) val_geo=-0.402977 (-40,298 PHP)
Epoch 033/50 | train_loss=-0.003512 val_loss=0.001687 | train_profit=5.086526 (+508,653 PHP) val_profit=0.190347 (+19,035 PHP) | train_geo=73.561295 (+7,356,130 PHP) val_geo=0.074122 (+7,412 PHP)
Epoch 034/50 | train_loss=-0.003784 val_loss=0.001232 | train_profit=5.353259 (+535,326 PHP) val_profit=0.094468 (+9,447 PHP) | train_geo=96.746201 (+9,674,620 PHP) val_geo=-0.022804 (-2,280 PHP)
Epoch 035/50 | train_loss=-0.004459 val_loss=0.002179 | train_profit=5.961266 (+596,127 PHP) val_profit=-0.068523 (-6,852 PHP) | train_geo=179.030426 (+17,903,042 PHP) val_geo=-0.170520 (-17,052 PHP)
Epoch 036/50 | train_loss=-0.004171 val_loss=0.003200 | train_profit=6.169062 (+616,906 PHP) val_profit=-0.140306 (-14,031 PHP) | train_geo=220.383545 (+22,038,354 PHP) val_geo=-0.227720 (-22,772 PHP)
Epoch 037/50 | train_loss=-0.001717 val_loss=0.003227 | train_profit=3.300311 (+330,031 PHP) val_profit=-0.423575 (-42,357 PHP) | train_geo=11.449598 (+1,144,960 PHP) val_geo=-0.419153 (-41,915 PHP)
Epoch 038/50 | train_loss=-0.004000 val_loss=0.004832 | train_profit=6.049424 (+604,942 PHP) val_profit=-0.630349 (-63,035 PHP) | train_geo=195.088333 (+19,508,834 PHP) val_geo=-0.527409 (-52,741 PHP)
Epoch 039/50 | train_loss=-0.004274 val_loss=0.002651 | train_profit=5.487877 (+548,788 PHP) val_profit=-0.262946 (-26,295 PHP) | train_geo=109.809608 (+10,980,961 PHP) val_geo=-0.317915 (-31,792 PHP)
Epoch 040/50 | train_loss=-0.003845 val_loss=0.002563 | train_profit=5.675968 (+567,597 PHP) val_profit=-0.150616 (-15,062 PHP) | train_geo=134.126511 (+13,412,651 PHP) val_geo=-0.235966 (-23,597 PHP)
Epoch 041/50 | train_loss=-0.004724 val_loss=0.002254 | train_profit=6.316805 (+631,680 PHP) val_profit=0.046811 (+4,681 PHP) | train_geo=256.009766 (+25,600,976 PHP) val_geo=-0.068174 (-6,817 PHP)
Epoch 042/50 | train_loss=-0.004948 val_loss=0.002821 | train_profit=6.564317 (+656,432 PHP) val_profit=-0.381885 (-38,189 PHP) | train_geo=328.518829 (+32,851,882 PHP) val_geo=-0.393869 (-39,387 PHP)
Epoch 043/50 | train_loss=-0.005566 val_loss=0.002432 | train_profit=7.185774 (+718,577 PHP) val_profit=0.026012 (+2,601 PHP) | train_geo=613.283813 (+61,328,380 PHP) val_geo=-0.087429 (-8,743 PHP)
Epoch 044/50 | train_loss=-0.005226 val_loss=0.002266 | train_profit=6.553492 (+655,349 PHP) val_profit=-0.048195 (-4,820 PHP) | train_geo=325.218628 (+32,521,862 PHP) val_geo=-0.152030 (-15,203 PHP)
Epoch 045/50 | train_loss=-0.005384 val_loss=0.003007 | train_profit=7.401284 (+740,128 PHP) val_profit=-0.007396 (-740 PHP) | train_geo=761.571594 (+76,157,160 PHP) val_geo=-0.117672 (-11,767 PHP)
Epoch 046/50 | train_loss=-0.005182 val_loss=0.002702 | train_profit=6.573958 (+657,396 PHP) val_profit=-0.153440 (-15,344 PHP) | train_geo=331.717499 (+33,171,750 PHP) val_geo=-0.237188 (-23,719 PHP)
Epoch 047/50 | train_loss=-0.005264 val_loss=0.002659 | train_profit=7.209855 (+720,986 PHP) val_profit=-0.037239 (-3,724 PHP) | train_geo=628.012024 (+62,801,204 PHP) val_geo=-0.143909 (-14,391 PHP)
Epoch 048/50 | train_loss=-0.005185 val_loss=0.002197 | train_profit=6.504103 (+650,410 PHP) val_profit=-0.003307 (-331 PHP) | train_geo=309.054535 (+30,905,454 PHP) val_geo=-0.113166 (-11,317 PHP)
Epoch 049/50 | train_loss=-0.004447 val_loss=0.002306 | train_profit=5.762356 (+576,236 PHP) val_profit=-0.066942 (-6,694 PHP) | train_geo=145.392120 (+14,539,212 PHP) val_geo=-0.169359 (-16,936 PHP)
Epoch 050/50 | train_loss=-0.004733 val_loss=0.003647 | train_profit=6.086162 (+608,616 PHP) val_profit=-0.199596 (-19,960 PHP) | train_geo=202.524246 (+20,252,424 PHP) val_geo=-0.272038 (-27,204 PHP)
[21/23] GRAB       (weak  ) profit-aware  dir_acc=0.478 cum_ret=-0.3584 geo_ret=-0.3401 sharpe=-1.167 (buy&hold=-0.4134) [3.2s]
Epoch 001/50 | [PROFIT-LOG] train_loss=0.000847 val_loss=0.001994 | train_profit=-0.328957 (-32,896 PHP) val_profit=-0.332335 (-33,233 PHP) | train_geo=-0.682518 (-68,252 PHP) val_geo=-0.362295 (-36,230 PHP)
Epoch 002/50 | [PROFIT-LOG] train_loss=0.000342 val_loss=0.001994 | train_profit=0.237132 (+23,713 PHP) val_profit=-0.332335 (-33,233 PHP) | train_geo=-0.443423 (-44,342 PHP) val_geo=-0.362295 (-36,230 PHP)
Epoch 003/50 | [PROFIT-LOG] train_loss=0.000342 val_loss=0.001994 | train_profit=0.237132 (+23,713 PHP) val_profit=-0.332335 (-33,233 PHP) | train_geo=-0.443423 (-44,342 PHP) val_geo=-0.362295 (-36,230 PHP)
Epoch 004/50 | [PROFIT-LOG] train_loss=0.000342 val_loss=0.001994 | train_profit=0.237132 (+23,713 PHP) val_profit=-0.332335 (-33,233 PHP) | train_geo=-0.443423 (-44,342 PHP) val_geo=-0.362295 (-36,230 PHP)
Epoch 005/50 | [PROFIT-LOG] train_loss=0.000342 val_loss=0.001994 | train_profit=0.237132 (+23,713 PHP) val_profit=-0.332335 (-33,233 PHP) | train_geo=-0.443423 (-44,342 PHP) val_geo=-0.362295 (-36,230 PHP)
Epoch 006/50 | [PROFIT-LOG] train_loss=0.000342 val_loss=0.001994 | train_profit=0.237132 (+23,713 PHP) val_profit=-0.332335 (-33,233 PHP) | train_geo=-0.443423 (-44,342 PHP) val_geo=-0.362295 (-36,230 PHP)
Epoch 007/50 | [PROFIT-LOG] train_loss=0.000342 val_loss=0.001994 | train_profit=0.237132 (+23,713 PHP) val_profit=-0.332335 (-33,233 PHP) | train_geo=-0.443423 (-44,342 PHP) val_geo=-0.362295 (-36,230 PHP)
Epoch 008/50 | [PROFIT-LOG] train_loss=0.000342 val_loss=0.001994 | train_profit=0.237132 (+23,713 PHP) val_profit=-0.332335 (-33,233 PHP) | train_geo=-0.443423 (-44,342 PHP) val_geo=-0.362295 (-36,230 PHP)
Epoch 009/50 | [PROFIT-LOG] train_loss=0.000342 val_loss=0.001994 | train_profit=0.237132 (+23,713 PHP) val_profit=-0.332335 (-33,233 PHP) | train_geo=-0.443423 (-44,342 PHP) val_geo=-0.362295 (-36,230 PHP)
Epoch 010/50 | [PROFIT-LOG] train_loss=0.000342 val_loss=0.001994 | train_profit=0.237132 (+23,713 PHP) val_profit=-0.332335 (-33,233 PHP) | train_geo=-0.443423 (-44,342 PHP) val_geo=-0.362295 (-36,230 PHP)
Epoch 011/50 | [PROFIT-LOG] train_loss=0.000342 val_loss=0.001994 | train_profit=0.237132 (+23,713 PHP) val_profit=-0.332335 (-33,233 PHP) | train_geo=-0.443423 (-44,342 PHP) val_geo=-0.362295 (-36,230 PHP)
Epoch 012/50 | [PROFIT-LOG] train_loss=0.000342 val_loss=0.001994 | train_profit=0.237132 (+23,713 PHP) val_profit=-0.332335 (-33,233 PHP) | train_geo=-0.443423 (-44,342 PHP) val_geo=-0.362295 (-36,230 PHP)
Epoch 013/50 | [PROFIT-LOG] train_loss=0.000342 val_loss=0.001994 | train_profit=0.237132 (+23,713 PHP) val_profit=-0.332335 (-33,233 PHP) | train_geo=-0.443423 (-44,342 PHP) val_geo=-0.362295 (-36,230 PHP)
Epoch 014/50 | [PROFIT-LOG] train_loss=0.000342 val_loss=0.001994 | train_profit=0.237132 (+23,713 PHP) val_profit=-0.332335 (-33,233 PHP) | train_geo=-0.443423 (-44,342 PHP) val_geo=-0.362295 (-36,230 PHP)
Epoch 015/50 | [PROFIT-LOG] train_loss=0.000342 val_loss=0.001994 | train_profit=0.237132 (+23,713 PHP) val_profit=-0.332335 (-33,233 PHP) | train_geo=-0.443423 (-44,342 PHP) val_geo=-0.362295 (-36,230 PHP)
Epoch 016/50 | [PROFIT-LOG] train_loss=0.000342 val_loss=0.001994 | train_profit=0.237132 (+23,713 PHP) val_profit=-0.332335 (-33,233 PHP) | train_geo=-0.443423 (-44,342 PHP) val_geo=-0.362295 (-36,230 PHP)
Epoch 017/50 | [PROFIT-LOG] train_loss=0.000342 val_loss=0.001994 | train_profit=0.237132 (+23,713 PHP) val_profit=-0.332335 (-33,233 PHP) | train_geo=-0.443423 (-44,342 PHP) val_geo=-0.362295 (-36,230 PHP)
Epoch 018/50 | [PROFIT-LOG] train_loss=0.000342 val_loss=0.001994 | train_profit=0.237132 (+23,713 PHP) val_profit=-0.332335 (-33,233 PHP) | train_geo=-0.443423 (-44,342 PHP) val_geo=-0.362295 (-36,230 PHP)
Epoch 019/50 | [PROFIT-LOG] train_loss=0.000342 val_loss=0.001994 | train_profit=0.237132 (+23,713 PHP) val_profit=-0.332335 (-33,233 PHP) | train_geo=-0.443423 (-44,342 PHP) val_geo=-0.362295 (-36,230 PHP)
Epoch 020/50 | [PROFIT-LOG] train_loss=0.000342 val_loss=0.001994 | train_profit=0.237132 (+23,713 PHP) val_profit=-0.332335 (-33,233 PHP) | train_geo=-0.443423 (-44,342 PHP) val_geo=-0.362295 (-36,230 PHP)
Epoch 021/50 | [PROFIT-LOG] train_loss=0.000342 val_loss=0.001994 | train_profit=0.237132 (+23,713 PHP) val_profit=-0.332335 (-33,233 PHP) | train_geo=-0.443423 (-44,342 PHP) val_geo=-0.362295 (-36,230 PHP)
Epoch 022/50 | [PROFIT-LOG] train_loss=0.000342 val_loss=0.001994 | train_profit=0.237132 (+23,713 PHP) val_profit=-0.332335 (-33,233 PHP) | train_geo=-0.443423 (-44,342 PHP) val_geo=-0.362295 (-36,230 PHP)
Epoch 023/50 | [PROFIT-LOG] train_loss=0.000342 val_loss=0.001994 | train_profit=0.237132 (+23,713 PHP) val_profit=-0.332335 (-33,233 PHP) | train_geo=-0.443423 (-44,342 PHP) val_geo=-0.362295 (-36,230 PHP)
Epoch 024/50 | [PROFIT-LOG] train_loss=0.000342 val_loss=0.001994 | train_profit=0.237132 (+23,713 PHP) val_profit=-0.332335 (-33,233 PHP) | train_geo=-0.443423 (-44,342 PHP) val_geo=-0.362295 (-36,230 PHP)
Epoch 025/50 | [PROFIT-LOG] train_loss=0.000342 val_loss=0.001994 | train_profit=0.237132 (+23,713 PHP) val_profit=-0.332335 (-33,233 PHP) | train_geo=-0.443423 (-44,342 PHP) val_geo=-0.362295 (-36,230 PHP)
Epoch 026/50 | [PROFIT-LOG] train_loss=0.000342 val_loss=0.001994 | train_profit=0.237132 (+23,713 PHP) val_profit=-0.332335 (-33,233 PHP) | train_geo=-0.443423 (-44,342 PHP) val_geo=-0.362295 (-36,230 PHP)
Epoch 027/50 | [PROFIT-LOG] train_loss=0.000342 val_loss=0.001994 | train_profit=0.237132 (+23,713 PHP) val_profit=-0.332335 (-33,233 PHP) | train_geo=-0.443423 (-44,342 PHP) val_geo=-0.362295 (-36,230 PHP)
Epoch 028/50 | [PROFIT-LOG] train_loss=0.000342 val_loss=0.001994 | train_profit=0.237132 (+23,713 PHP) val_profit=-0.332335 (-33,233 PHP) | train_geo=-0.443423 (-44,342 PHP) val_geo=-0.362295 (-36,230 PHP)
Epoch 029/50 | [PROFIT-LOG] train_loss=0.000342 val_loss=0.001994 | train_profit=0.237132 (+23,713 PHP) val_profit=-0.332335 (-33,233 PHP) | train_geo=-0.443423 (-44,342 PHP) val_geo=-0.362295 (-36,230 PHP)
Epoch 030/50 | [PROFIT-LOG] train_loss=0.000342 val_loss=0.001994 | train_profit=0.237132 (+23,713 PHP) val_profit=-0.332335 (-33,233 PHP) | train_geo=-0.443423 (-44,342 PHP) val_geo=-0.362295 (-36,230 PHP)
Epoch 031/50 | [PROFIT-LOG] train_loss=0.000342 val_loss=0.001994 | train_profit=0.237132 (+23,713 PHP) val_profit=-0.332335 (-33,233 PHP) | train_geo=-0.443423 (-44,342 PHP) val_geo=-0.362295 (-36,230 PHP)
Epoch 032/50 | [PROFIT-LOG] train_loss=0.000342 val_loss=0.001994 | train_profit=0.237132 (+23,713 PHP) val_profit=-0.332335 (-33,233 PHP) | train_geo=-0.443423 (-44,342 PHP) val_geo=-0.362295 (-36,230 PHP)
Epoch 033/50 | [PROFIT-LOG] train_loss=0.000342 val_loss=0.001994 | train_profit=0.237132 (+23,713 PHP) val_profit=-0.332335 (-33,233 PHP) | train_geo=-0.443423 (-44,342 PHP) val_geo=-0.362295 (-36,230 PHP)
Epoch 034/50 | [PROFIT-LOG] train_loss=0.000342 val_loss=0.001994 | train_profit=0.237132 (+23,713 PHP) val_profit=-0.332335 (-33,233 PHP) | train_geo=-0.443423 (-44,342 PHP) val_geo=-0.362295 (-36,230 PHP)
Epoch 035/50 | [PROFIT-LOG] train_loss=0.000342 val_loss=0.001994 | train_profit=0.237132 (+23,713 PHP) val_profit=-0.332335 (-33,233 PHP) | train_geo=-0.443423 (-44,342 PHP) val_geo=-0.362295 (-36,230 PHP)
Epoch 036/50 | [PROFIT-LOG] train_loss=0.000342 val_loss=0.001994 | train_profit=0.237132 (+23,713 PHP) val_profit=-0.332335 (-33,233 PHP) | train_geo=-0.443423 (-44,342 PHP) val_geo=-0.362295 (-36,230 PHP)
Epoch 037/50 | [PROFIT-LOG] train_loss=0.000342 val_loss=0.001994 | train_profit=0.237132 (+23,713 PHP) val_profit=-0.332335 (-33,233 PHP) | train_geo=-0.443423 (-44,342 PHP) val_geo=-0.362295 (-36,230 PHP)
Epoch 038/50 | [PROFIT-LOG] train_loss=0.000342 val_loss=0.001994 | train_profit=0.237132 (+23,713 PHP) val_profit=-0.332335 (-33,233 PHP) | train_geo=-0.443423 (-44,342 PHP) val_geo=-0.362295 (-36,230 PHP)
Epoch 039/50 | [PROFIT-LOG] train_loss=0.000342 val_loss=0.001994 | train_profit=0.237132 (+23,713 PHP) val_profit=-0.332335 (-33,233 PHP) | train_geo=-0.443423 (-44,342 PHP) val_geo=-0.362295 (-36,230 PHP)
Epoch 040/50 | [PROFIT-LOG] train_loss=0.000342 val_loss=0.001994 | train_profit=0.237132 (+23,713 PHP) val_profit=-0.332335 (-33,233 PHP) | train_geo=-0.443423 (-44,342 PHP) val_geo=-0.362295 (-36,230 PHP)
Epoch 041/50 | [PROFIT-LOG] train_loss=0.000342 val_loss=0.001994 | train_profit=0.237132 (+23,713 PHP) val_profit=-0.332335 (-33,233 PHP) | train_geo=-0.443423 (-44,342 PHP) val_geo=-0.362295 (-36,230 PHP)
Epoch 042/50 | [PROFIT-LOG] train_loss=0.000342 val_loss=0.001994 | train_profit=0.237132 (+23,713 PHP) val_profit=-0.332335 (-33,233 PHP) | train_geo=-0.443423 (-44,342 PHP) val_geo=-0.362295 (-36,230 PHP)
Epoch 043/50 | [PROFIT-LOG] train_loss=0.000342 val_loss=0.001994 | train_profit=0.237132 (+23,713 PHP) val_profit=-0.332335 (-33,233 PHP) | train_geo=-0.443423 (-44,342 PHP) val_geo=-0.362295 (-36,230 PHP)
Epoch 044/50 | [PROFIT-LOG] train_loss=0.000342 val_loss=0.001994 | train_profit=0.237132 (+23,713 PHP) val_profit=-0.332335 (-33,233 PHP) | train_geo=-0.443423 (-44,342 PHP) val_geo=-0.362295 (-36,230 PHP)
Epoch 045/50 | [PROFIT-LOG] train_loss=0.000342 val_loss=0.001994 | train_profit=0.237132 (+23,713 PHP) val_profit=-0.332335 (-33,233 PHP) | train_geo=-0.443423 (-44,342 PHP) val_geo=-0.362295 (-36,230 PHP)
Epoch 046/50 | [PROFIT-LOG] train_loss=0.000342 val_loss=0.001994 | train_profit=0.237132 (+23,713 PHP) val_profit=-0.332335 (-33,233 PHP) | train_geo=-0.443423 (-44,342 PHP) val_geo=-0.362295 (-36,230 PHP)
Epoch 047/50 | [PROFIT-LOG] train_loss=0.000342 val_loss=0.001994 | train_profit=0.237132 (+23,713 PHP) val_profit=-0.332335 (-33,233 PHP) | train_geo=-0.443423 (-44,342 PHP) val_geo=-0.362295 (-36,230 PHP)
Epoch 048/50 | [PROFIT-LOG] train_loss=0.000342 val_loss=0.001994 | train_profit=0.237132 (+23,713 PHP) val_profit=-0.332335 (-33,233 PHP) | train_geo=-0.443423 (-44,342 PHP) val_geo=-0.362295 (-36,230 PHP)
Epoch 049/50 | [PROFIT-LOG] train_loss=0.000342 val_loss=0.001994 | train_profit=0.237132 (+23,713 PHP) val_profit=-0.332335 (-33,233 PHP) | train_geo=-0.443423 (-44,342 PHP) val_geo=-0.362295 (-36,230 PHP)
Epoch 050/50 | [PROFIT-LOG] train_loss=0.000342 val_loss=0.001994 | train_profit=0.237132 (+23,713 PHP) val_profit=-0.332335 (-33,233 PHP) | train_geo=-0.443423 (-44,342 PHP) val_geo=-0.362295 (-36,230 PHP)
[21/23] GRAB       (weak  ) profit-log    dir_acc=0.565 cum_ret=+0.4756 geo_ret=+0.5202 sharpe=+1.554 (buy&hold=-0.4134) [3.3s]
Epoch 001/50 | [MSE] train_loss=0.000242 val_loss=0.000173 | train_profit=-0.045390 (-4,539 PHP) val_profit=0.204732 (+20,473 PHP) | train_geo=-0.153140 (-15,314 PHP) val_geo=0.200436 (+20,044 PHP)
Epoch 002/50 | [MSE] train_loss=0.000187 val_loss=0.000157 | train_profit=-0.204902 (-20,490 PHP) val_profit=0.204732 (+20,473 PHP) | train_geo=-0.278745 (-27,875 PHP) val_geo=0.200436 (+20,044 PHP)
Epoch 003/50 | [MSE] train_loss=0.000174 val_loss=0.000153 | train_profit=-0.836226 (-83,623 PHP) val_profit=0.204732 (+20,473 PHP) | train_geo=-0.617255 (-61,726 PHP) val_geo=0.200436 (+20,044 PHP)
Epoch 004/50 | [MSE] train_loss=0.000169 val_loss=0.000149 | train_profit=-0.112475 (-11,248 PHP) val_profit=0.204732 (+20,473 PHP) | train_geo=-0.209558 (-20,956 PHP) val_geo=0.200436 (+20,044 PHP)
Epoch 005/50 | [MSE] train_loss=0.000166 val_loss=0.000151 | train_profit=-0.111662 (-11,166 PHP) val_profit=0.204732 (+20,473 PHP) | train_geo=-0.208387 (-20,839 PHP) val_geo=0.200436 (+20,044 PHP)
Epoch 006/50 | [MSE] train_loss=0.000169 val_loss=0.000149 | train_profit=-0.438075 (-43,808 PHP) val_profit=0.204732 (+20,473 PHP) | train_geo=-0.429457 (-42,946 PHP) val_geo=0.200436 (+20,044 PHP)
Epoch 007/50 | [MSE] train_loss=0.000165 val_loss=0.000149 | train_profit=-0.208298 (-20,830 PHP) val_profit=0.204732 (+20,473 PHP) | train_geo=-0.282021 (-28,202 PHP) val_geo=0.200436 (+20,044 PHP)
Epoch 008/50 | [MSE] train_loss=0.000165 val_loss=0.000152 | train_profit=-0.077764 (-7,776 PHP) val_profit=0.204732 (+20,473 PHP) | train_geo=-0.181713 (-18,171 PHP) val_geo=0.200436 (+20,044 PHP)
Epoch 009/50 | [MSE] train_loss=0.000165 val_loss=0.000152 | train_profit=0.120694 (+12,069 PHP) val_profit=0.204732 (+20,473 PHP) | train_geo=-0.001253 (-125 PHP) val_geo=0.200436 (+20,044 PHP)
Epoch 010/50 | [MSE] train_loss=0.000166 val_loss=0.000149 | train_profit=-0.689384 (-68,938 PHP) val_profit=0.204732 (+20,473 PHP) | train_geo=-0.556574 (-55,657 PHP) val_geo=0.200436 (+20,044 PHP)
Epoch 011/50 | [MSE] train_loss=0.000165 val_loss=0.000152 | train_profit=0.146679 (+14,668 PHP) val_profit=0.204732 (+20,473 PHP) | train_geo=0.025926 (+2,593 PHP) val_geo=0.200436 (+20,044 PHP)
Epoch 012/50 | [MSE] train_loss=0.000165 val_loss=0.000153 | train_profit=-0.388879 (-38,888 PHP) val_profit=0.204732 (+20,473 PHP) | train_geo=-0.401383 (-40,138 PHP) val_geo=0.200436 (+20,044 PHP)
Epoch 013/50 | [MSE] train_loss=0.000165 val_loss=0.000155 | train_profit=0.039493 (+3,949 PHP) val_profit=0.204732 (+20,473 PHP) | train_geo=-0.080550 (-8,055 PHP) val_geo=0.200436 (+20,044 PHP)
Epoch 014/50 | [MSE] train_loss=0.000165 val_loss=0.000157 | train_profit=0.840030 (+84,003 PHP) val_profit=0.204732 (+20,473 PHP) | train_geo=1.054932 (+105,493 PHP) val_geo=0.200436 (+20,044 PHP)
Epoch 015/50 | [MSE] train_loss=0.000166 val_loss=0.000156 | train_profit=0.435145 (+43,514 PHP) val_profit=0.204732 (+20,473 PHP) | train_geo=0.368964 (+36,896 PHP) val_geo=0.200436 (+20,044 PHP)
Epoch 016/50 | [MSE] train_loss=0.000167 val_loss=0.000161 | train_profit=0.366544 (+36,654 PHP) val_profit=0.204732 (+20,473 PHP) | train_geo=0.278216 (+27,822 PHP) val_geo=0.200436 (+20,044 PHP)
Epoch 017/50 | [MSE] train_loss=0.000168 val_loss=0.000164 | train_profit=-0.043518 (-4,352 PHP) val_profit=0.204732 (+20,473 PHP) | train_geo=-0.152887 (-15,289 PHP) val_geo=0.200436 (+20,044 PHP)
Epoch 018/50 | [MSE] train_loss=0.000170 val_loss=0.000162 | train_profit=-0.014410 (-1,441 PHP) val_profit=0.204732 (+20,473 PHP) | train_geo=-0.127315 (-12,732 PHP) val_geo=0.200436 (+20,044 PHP)
Epoch 019/50 | [MSE] train_loss=0.000171 val_loss=0.000159 | train_profit=-0.192530 (-19,253 PHP) val_profit=0.204732 (+20,473 PHP) | train_geo=-0.269730 (-26,973 PHP) val_geo=0.200436 (+20,044 PHP)
Epoch 020/50 | [MSE] train_loss=0.000170 val_loss=0.000154 | train_profit=-0.010773 (-1,077 PHP) val_profit=0.204732 (+20,473 PHP) | train_geo=-0.123736 (-12,374 PHP) val_geo=0.200436 (+20,044 PHP)
Epoch 021/50 | [MSE] train_loss=0.000172 val_loss=0.000147 | train_profit=-0.332331 (-33,233 PHP) val_profit=0.204732 (+20,473 PHP) | train_geo=-0.364894 (-36,489 PHP) val_geo=0.200436 (+20,044 PHP)
Epoch 022/50 | [MSE] train_loss=0.000171 val_loss=0.000143 | train_profit=-0.553274 (-55,327 PHP) val_profit=0.204732 (+20,473 PHP) | train_geo=-0.490878 (-49,088 PHP) val_geo=0.200436 (+20,044 PHP)
Epoch 023/50 | [MSE] train_loss=0.000169 val_loss=0.000141 | train_profit=-0.521404 (-52,140 PHP) val_profit=0.201346 (+20,135 PHP) | train_geo=-0.474246 (-47,425 PHP) val_geo=0.196403 (+19,640 PHP)
Epoch 024/50 | [MSE] train_loss=0.000167 val_loss=0.000140 | train_profit=-0.590639 (-59,064 PHP) val_profit=0.204732 (+20,473 PHP) | train_geo=-0.509478 (-50,948 PHP) val_geo=0.200436 (+20,044 PHP)
Epoch 025/50 | [MSE] train_loss=0.000166 val_loss=0.000140 | train_profit=-0.387372 (-38,737 PHP) val_profit=0.201346 (+20,135 PHP) | train_geo=-0.398358 (-39,836 PHP) val_geo=0.196403 (+19,640 PHP)
Epoch 026/50 | [MSE] train_loss=0.000165 val_loss=0.000140 | train_profit=-0.326924 (-32,692 PHP) val_profit=0.201346 (+20,135 PHP) | train_geo=-0.361177 (-36,118 PHP) val_geo=0.196403 (+19,640 PHP)
Epoch 027/50 | [MSE] train_loss=0.000166 val_loss=0.000140 | train_profit=-0.837654 (-83,765 PHP) val_profit=0.201346 (+20,135 PHP) | train_geo=-0.617059 (-61,706 PHP) val_geo=0.196403 (+19,640 PHP)
Epoch 028/50 | [MSE] train_loss=0.000166 val_loss=0.000140 | train_profit=-0.785959 (-78,596 PHP) val_profit=0.178907 (+17,891 PHP) | train_geo=-0.596828 (-59,683 PHP) val_geo=0.169814 (+16,981 PHP)
Epoch 029/50 | [MSE] train_loss=0.000166 val_loss=0.000140 | train_profit=-0.806632 (-80,663 PHP) val_profit=0.178470 (+17,847 PHP) | train_geo=-0.604782 (-60,478 PHP) val_geo=0.169264 (+16,926 PHP)
Epoch 030/50 | [MSE] train_loss=0.000165 val_loss=0.000140 | train_profit=-0.382789 (-38,279 PHP) val_profit=0.216072 (+21,607 PHP) | train_geo=-0.396095 (-39,610 PHP) val_geo=0.214066 (+21,407 PHP)
Epoch 031/50 | [MSE] train_loss=0.000165 val_loss=0.000139 | train_profit=-0.411687 (-41,169 PHP) val_profit=0.216072 (+21,607 PHP) | train_geo=-0.412948 (-41,295 PHP) val_geo=0.214066 (+21,407 PHP)
Epoch 032/50 | [MSE] train_loss=0.000164 val_loss=0.000139 | train_profit=-0.116023 (-11,602 PHP) val_profit=0.216072 (+21,607 PHP) | train_geo=-0.210607 (-21,061 PHP) val_geo=0.214066 (+21,407 PHP)
Epoch 033/50 | [MSE] train_loss=0.000164 val_loss=0.000140 | train_profit=-0.569197 (-56,920 PHP) val_profit=0.204839 (+20,484 PHP) | train_geo=-0.498766 (-49,877 PHP) val_geo=0.200488 (+20,049 PHP)
Epoch 034/50 | [MSE] train_loss=0.000165 val_loss=0.000139 | train_profit=-0.475255 (-47,526 PHP) val_profit=0.238511 (+23,851 PHP) | train_geo=-0.449538 (-44,954 PHP) val_geo=0.241661 (+24,166 PHP)
Epoch 035/50 | [MSE] train_loss=0.000164 val_loss=0.000139 | train_profit=0.213260 (+21,326 PHP) val_profit=0.197560 (+19,756 PHP) | train_geo=0.098228 (+9,823 PHP) val_geo=0.191933 (+19,193 PHP)
Epoch 036/50 | [MSE] train_loss=0.000164 val_loss=0.000139 | train_profit=0.013054 (+1,305 PHP) val_profit=0.217242 (+21,724 PHP) | train_geo=-0.101970 (-10,197 PHP) val_geo=0.215907 (+21,591 PHP)
Epoch 037/50 | [MSE] train_loss=0.000164 val_loss=0.000139 | train_profit=-0.253004 (-25,300 PHP) val_profit=0.221648 (+22,165 PHP) | train_geo=-0.312170 (-31,217 PHP) val_geo=0.220878 (+22,088 PHP)
Epoch 038/50 | [MSE] train_loss=0.000164 val_loss=0.000139 | train_profit=-0.104964 (-10,496 PHP) val_profit=0.218824 (+21,882 PHP) | train_geo=-0.202488 (-20,249 PHP) val_geo=0.217792 (+21,779 PHP)
Epoch 039/50 | [MSE] train_loss=0.000163 val_loss=0.000139 | train_profit=0.360810 (+36,081 PHP) val_profit=0.217566 (+21,757 PHP) | train_geo=0.272556 (+27,256 PHP) val_geo=0.216077 (+21,608 PHP)
Epoch 040/50 | [MSE] train_loss=0.000164 val_loss=0.000139 | train_profit=-0.910650 (-91,065 PHP) val_profit=0.203071 (+20,307 PHP) | train_geo=-0.644243 (-64,424 PHP) val_geo=0.198515 (+19,851 PHP)
Epoch 041/50 | [MSE] train_loss=0.000164 val_loss=0.000139 | train_profit=-0.324342 (-32,434 PHP) val_profit=0.127204 (+12,720 PHP) | train_geo=-0.359833 (-35,983 PHP) val_geo=0.110929 (+11,093 PHP)
Epoch 042/50 | [MSE] train_loss=0.000164 val_loss=0.000138 | train_profit=-0.339945 (-33,994 PHP) val_profit=0.177725 (+17,772 PHP) | train_geo=-0.369422 (-36,942 PHP) val_geo=0.168548 (+16,855 PHP)
Epoch 043/50 | [MSE] train_loss=0.000164 val_loss=0.000139 | train_profit=-0.569069 (-56,907 PHP) val_profit=0.227489 (+22,749 PHP) | train_geo=-0.499149 (-49,915 PHP) val_geo=0.228645 (+22,865 PHP)
Epoch 044/50 | [MSE] train_loss=0.000163 val_loss=0.000138 | train_profit=-0.297773 (-29,777 PHP) val_profit=0.168291 (+16,829 PHP) | train_geo=-0.341642 (-34,164 PHP) val_geo=0.157655 (+15,766 PHP)
Epoch 045/50 | [MSE] train_loss=0.000164 val_loss=0.000139 | train_profit=-0.460474 (-46,047 PHP) val_profit=0.279440 (+27,944 PHP) | train_geo=-0.441841 (-44,184 PHP) val_geo=0.294269 (+29,427 PHP)
Epoch 046/50 | [MSE] train_loss=0.000163 val_loss=0.000138 | train_profit=-0.234598 (-23,460 PHP) val_profit=0.275685 (+27,568 PHP) | train_geo=-0.298911 (-29,891 PHP) val_geo=0.289160 (+28,916 PHP)
Epoch 047/50 | [MSE] train_loss=0.000163 val_loss=0.000138 | train_profit=-0.056511 (-5,651 PHP) val_profit=0.285589 (+28,559 PHP) | train_geo=-0.162440 (-16,244 PHP) val_geo=0.302197 (+30,220 PHP)
Epoch 048/50 | [MSE] train_loss=0.000163 val_loss=0.000138 | train_profit=-0.143797 (-14,380 PHP) val_profit=0.245284 (+24,528 PHP) | train_geo=-0.232439 (-23,244 PHP) val_geo=0.250645 (+25,064 PHP)
Epoch 049/50 | [MSE] train_loss=0.000163 val_loss=0.000138 | train_profit=-0.125024 (-12,502 PHP) val_profit=0.265997 (+26,600 PHP) | train_geo=-0.217978 (-21,798 PHP) val_geo=0.276960 (+27,696 PHP)
Epoch 050/50 | [MSE] train_loss=0.000163 val_loss=0.000138 | train_profit=-0.055720 (-5,572 PHP) val_profit=0.261050 (+26,105 PHP) | train_geo=-0.161978 (-16,198 PHP) val_geo=0.270722 (+27,072 PHP)
[22/23] SPY        (index ) mse           dir_acc=0.530 cum_ret=+0.0685 geo_ret=+0.0603 sharpe=+0.431 (buy&hold=+0.3190) [4.2s]
Epoch 001/50 | train_loss=-0.000367 val_loss=-0.000464 | train_profit=0.815753 (+81,575 PHP) val_profit=0.204732 (+20,473 PHP) | train_geo=1.000687 (+100,069 PHP) val_geo=0.200436 (+20,044 PHP)
Epoch 002/50 | train_loss=-0.000411 val_loss=-0.000443 | train_profit=0.684841 (+68,484 PHP) val_profit=0.204732 (+20,473 PHP) | train_geo=0.754981 (+75,498 PHP) val_geo=0.200436 (+20,044 PHP)
Epoch 003/50 | train_loss=-0.000409 val_loss=-0.000488 | train_profit=0.815753 (+81,575 PHP) val_profit=0.204732 (+20,473 PHP) | train_geo=1.000687 (+100,069 PHP) val_geo=0.200436 (+20,044 PHP)
Epoch 004/50 | train_loss=-0.000446 val_loss=-0.000384 | train_profit=0.897126 (+89,713 PHP) val_profit=0.204732 (+20,473 PHP) | train_geo=1.170592 (+117,059 PHP) val_geo=0.200436 (+20,044 PHP)
Epoch 005/50 | train_loss=-0.000431 val_loss=-0.000532 | train_profit=0.815753 (+81,575 PHP) val_profit=0.204732 (+20,473 PHP) | train_geo=1.000687 (+100,069 PHP) val_geo=0.200436 (+20,044 PHP)
Epoch 006/50 | train_loss=-0.000500 val_loss=-0.000521 | train_profit=0.815753 (+81,575 PHP) val_profit=0.204732 (+20,473 PHP) | train_geo=1.000687 (+100,069 PHP) val_geo=0.200436 (+20,044 PHP)
Epoch 007/50 | train_loss=-0.000513 val_loss=-0.000529 | train_profit=0.815753 (+81,575 PHP) val_profit=0.204732 (+20,473 PHP) | train_geo=1.000687 (+100,069 PHP) val_geo=0.200436 (+20,044 PHP)
Epoch 008/50 | train_loss=-0.000507 val_loss=-0.000513 | train_profit=0.815753 (+81,575 PHP) val_profit=0.204732 (+20,473 PHP) | train_geo=1.000687 (+100,069 PHP) val_geo=0.200436 (+20,044 PHP)
Epoch 009/50 | train_loss=-0.000511 val_loss=-0.000539 | train_profit=0.815753 (+81,575 PHP) val_profit=0.204732 (+20,473 PHP) | train_geo=1.000687 (+100,069 PHP) val_geo=0.200436 (+20,044 PHP)
Epoch 010/50 | train_loss=-0.000509 val_loss=-0.000541 | train_profit=0.815753 (+81,575 PHP) val_profit=0.204732 (+20,473 PHP) | train_geo=1.000687 (+100,069 PHP) val_geo=0.200436 (+20,044 PHP)
Epoch 011/50 | train_loss=-0.000516 val_loss=-0.000534 | train_profit=0.815753 (+81,575 PHP) val_profit=0.204732 (+20,473 PHP) | train_geo=1.000687 (+100,069 PHP) val_geo=0.200436 (+20,044 PHP)
Epoch 012/50 | train_loss=-0.000514 val_loss=-0.000538 | train_profit=0.815753 (+81,575 PHP) val_profit=0.204732 (+20,473 PHP) | train_geo=1.000687 (+100,069 PHP) val_geo=0.200436 (+20,044 PHP)
Epoch 013/50 | train_loss=-0.000518 val_loss=-0.000531 | train_profit=0.815753 (+81,575 PHP) val_profit=0.204732 (+20,473 PHP) | train_geo=1.000687 (+100,069 PHP) val_geo=0.200436 (+20,044 PHP)
Epoch 014/50 | train_loss=-0.000520 val_loss=-0.000535 | train_profit=0.815753 (+81,575 PHP) val_profit=0.204732 (+20,473 PHP) | train_geo=1.000687 (+100,069 PHP) val_geo=0.200436 (+20,044 PHP)
Epoch 015/50 | train_loss=-0.000522 val_loss=-0.000535 | train_profit=0.815753 (+81,575 PHP) val_profit=0.204732 (+20,473 PHP) | train_geo=1.000687 (+100,069 PHP) val_geo=0.200436 (+20,044 PHP)
Epoch 016/50 | train_loss=-0.000518 val_loss=-0.000535 | train_profit=0.815753 (+81,575 PHP) val_profit=0.204732 (+20,473 PHP) | train_geo=1.000687 (+100,069 PHP) val_geo=0.200436 (+20,044 PHP)
Epoch 017/50 | train_loss=-0.000514 val_loss=-0.000528 | train_profit=0.815753 (+81,575 PHP) val_profit=0.204732 (+20,473 PHP) | train_geo=1.000687 (+100,069 PHP) val_geo=0.200436 (+20,044 PHP)
Epoch 018/50 | train_loss=-0.000515 val_loss=-0.000536 | train_profit=0.815753 (+81,575 PHP) val_profit=0.204732 (+20,473 PHP) | train_geo=1.000687 (+100,069 PHP) val_geo=0.200436 (+20,044 PHP)
Epoch 019/50 | train_loss=-0.000520 val_loss=-0.000536 | train_profit=0.815753 (+81,575 PHP) val_profit=0.204732 (+20,473 PHP) | train_geo=1.000687 (+100,069 PHP) val_geo=0.200436 (+20,044 PHP)
Epoch 020/50 | train_loss=-0.000520 val_loss=-0.000533 | train_profit=0.815753 (+81,575 PHP) val_profit=0.204732 (+20,473 PHP) | train_geo=1.000687 (+100,069 PHP) val_geo=0.200436 (+20,044 PHP)
Epoch 021/50 | train_loss=-0.000511 val_loss=-0.000518 | train_profit=0.815753 (+81,575 PHP) val_profit=0.204732 (+20,473 PHP) | train_geo=1.000687 (+100,069 PHP) val_geo=0.200436 (+20,044 PHP)
Epoch 022/50 | train_loss=-0.000513 val_loss=-0.000533 | train_profit=0.815753 (+81,575 PHP) val_profit=0.204732 (+20,473 PHP) | train_geo=1.000687 (+100,069 PHP) val_geo=0.200436 (+20,044 PHP)
Epoch 023/50 | train_loss=-0.000520 val_loss=-0.000536 | train_profit=0.815753 (+81,575 PHP) val_profit=0.204732 (+20,473 PHP) | train_geo=1.000687 (+100,069 PHP) val_geo=0.200436 (+20,044 PHP)
Epoch 024/50 | train_loss=-0.000521 val_loss=-0.000537 | train_profit=0.815753 (+81,575 PHP) val_profit=0.204732 (+20,473 PHP) | train_geo=1.000687 (+100,069 PHP) val_geo=0.200436 (+20,044 PHP)
Epoch 025/50 | train_loss=-0.000517 val_loss=-0.000528 | train_profit=0.815753 (+81,575 PHP) val_profit=0.204732 (+20,473 PHP) | train_geo=1.000687 (+100,069 PHP) val_geo=0.200436 (+20,044 PHP)
Epoch 026/50 | train_loss=-0.000518 val_loss=-0.000538 | train_profit=0.815753 (+81,575 PHP) val_profit=0.204732 (+20,473 PHP) | train_geo=1.000687 (+100,069 PHP) val_geo=0.200436 (+20,044 PHP)
Epoch 027/50 | train_loss=-0.000521 val_loss=-0.000536 | train_profit=0.815753 (+81,575 PHP) val_profit=0.204732 (+20,473 PHP) | train_geo=1.000687 (+100,069 PHP) val_geo=0.200436 (+20,044 PHP)
Epoch 028/50 | train_loss=-0.000520 val_loss=-0.000536 | train_profit=0.815753 (+81,575 PHP) val_profit=0.204732 (+20,473 PHP) | train_geo=1.000687 (+100,069 PHP) val_geo=0.200436 (+20,044 PHP)
Epoch 029/50 | train_loss=-0.000516 val_loss=-0.000527 | train_profit=0.815753 (+81,575 PHP) val_profit=0.204732 (+20,473 PHP) | train_geo=1.000687 (+100,069 PHP) val_geo=0.200436 (+20,044 PHP)
Epoch 030/50 | train_loss=-0.000519 val_loss=-0.000535 | train_profit=0.815753 (+81,575 PHP) val_profit=0.204732 (+20,473 PHP) | train_geo=1.000687 (+100,069 PHP) val_geo=0.200436 (+20,044 PHP)
Epoch 031/50 | train_loss=-0.000519 val_loss=-0.000532 | train_profit=0.815753 (+81,575 PHP) val_profit=0.204732 (+20,473 PHP) | train_geo=1.000687 (+100,069 PHP) val_geo=0.200436 (+20,044 PHP)
Epoch 032/50 | train_loss=-0.000521 val_loss=-0.000532 | train_profit=0.815753 (+81,575 PHP) val_profit=0.204732 (+20,473 PHP) | train_geo=1.000687 (+100,069 PHP) val_geo=0.200436 (+20,044 PHP)
Epoch 033/50 | train_loss=-0.000515 val_loss=-0.000515 | train_profit=0.815753 (+81,575 PHP) val_profit=0.204732 (+20,473 PHP) | train_geo=1.000687 (+100,069 PHP) val_geo=0.200436 (+20,044 PHP)
Epoch 034/50 | train_loss=-0.000516 val_loss=-0.000516 | train_profit=0.798630 (+79,863 PHP) val_profit=0.204732 (+20,473 PHP) | train_geo=0.966692 (+96,669 PHP) val_geo=0.200436 (+20,044 PHP)
Epoch 035/50 | train_loss=-0.000320 val_loss=-0.000019 | train_profit=0.384210 (+38,421 PHP) val_profit=0.066487 (+6,649 PHP) | train_geo=0.299552 (+29,955 PHP) val_geo=0.044649 (+4,465 PHP)
Epoch 036/50 | train_loss=-0.000384 val_loss=-0.000521 | train_profit=0.764119 (+76,412 PHP) val_profit=0.204732 (+20,473 PHP) | train_geo=0.899441 (+89,944 PHP) val_geo=0.200436 (+20,044 PHP)
Epoch 037/50 | train_loss=-0.000457 val_loss=-0.000478 | train_profit=0.815753 (+81,575 PHP) val_profit=0.204732 (+20,473 PHP) | train_geo=1.000687 (+100,069 PHP) val_geo=0.200436 (+20,044 PHP)
Epoch 038/50 | train_loss=-0.000471 val_loss=-0.000528 | train_profit=0.815753 (+81,575 PHP) val_profit=0.204732 (+20,473 PHP) | train_geo=1.000687 (+100,069 PHP) val_geo=0.200436 (+20,044 PHP)
Epoch 039/50 | train_loss=-0.000493 val_loss=-0.000536 | train_profit=0.815753 (+81,575 PHP) val_profit=0.204732 (+20,473 PHP) | train_geo=1.000687 (+100,069 PHP) val_geo=0.200436 (+20,044 PHP)
Epoch 040/50 | train_loss=-0.000504 val_loss=-0.000536 | train_profit=0.815753 (+81,575 PHP) val_profit=0.204732 (+20,473 PHP) | train_geo=1.000687 (+100,069 PHP) val_geo=0.200436 (+20,044 PHP)
Epoch 041/50 | train_loss=-0.000507 val_loss=-0.000536 | train_profit=0.815753 (+81,575 PHP) val_profit=0.204732 (+20,473 PHP) | train_geo=1.000687 (+100,069 PHP) val_geo=0.200436 (+20,044 PHP)
Epoch 042/50 | train_loss=-0.000518 val_loss=-0.000537 | train_profit=0.815753 (+81,575 PHP) val_profit=0.204732 (+20,473 PHP) | train_geo=1.000687 (+100,069 PHP) val_geo=0.200436 (+20,044 PHP)
Epoch 043/50 | train_loss=-0.000517 val_loss=-0.000537 | train_profit=0.815753 (+81,575 PHP) val_profit=0.204732 (+20,473 PHP) | train_geo=1.000687 (+100,069 PHP) val_geo=0.200436 (+20,044 PHP)
Epoch 044/50 | train_loss=-0.000523 val_loss=-0.000536 | train_profit=0.815753 (+81,575 PHP) val_profit=0.204732 (+20,473 PHP) | train_geo=1.000687 (+100,069 PHP) val_geo=0.200436 (+20,044 PHP)
Epoch 045/50 | train_loss=-0.000522 val_loss=-0.000536 | train_profit=0.815753 (+81,575 PHP) val_profit=0.204732 (+20,473 PHP) | train_geo=1.000687 (+100,069 PHP) val_geo=0.200436 (+20,044 PHP)
Epoch 046/50 | train_loss=-0.000520 val_loss=-0.000536 | train_profit=0.815753 (+81,575 PHP) val_profit=0.204732 (+20,473 PHP) | train_geo=1.000687 (+100,069 PHP) val_geo=0.200436 (+20,044 PHP)
Epoch 047/50 | train_loss=-0.000521 val_loss=-0.000536 | train_profit=0.815753 (+81,575 PHP) val_profit=0.204732 (+20,473 PHP) | train_geo=1.000687 (+100,069 PHP) val_geo=0.200436 (+20,044 PHP)
Epoch 048/50 | train_loss=-0.000521 val_loss=-0.000536 | train_profit=0.815753 (+81,575 PHP) val_profit=0.204732 (+20,473 PHP) | train_geo=1.000687 (+100,069 PHP) val_geo=0.200436 (+20,044 PHP)
Epoch 049/50 | train_loss=-0.000521 val_loss=-0.000536 | train_profit=0.815753 (+81,575 PHP) val_profit=0.204732 (+20,473 PHP) | train_geo=1.000687 (+100,069 PHP) val_geo=0.200436 (+20,044 PHP)
Epoch 050/50 | train_loss=-0.000521 val_loss=-0.000534 | train_profit=0.815753 (+81,575 PHP) val_profit=0.204732 (+20,473 PHP) | train_geo=1.000687 (+100,069 PHP) val_geo=0.200436 (+20,044 PHP)
[22/23] SPY        (index ) profit-aware  dir_acc=0.552 cum_ret=+0.2856 geo_ret=+0.3176 sharpe=+1.821 (buy&hold=+0.3190) [4.9s]
Epoch 001/50 | [PROFIT-LOG] train_loss=-0.000542 val_loss=-0.000569 | train_profit=0.815753 (+81,575 PHP) val_profit=0.204732 (+20,473 PHP) | train_geo=1.000687 (+100,069 PHP) val_geo=0.200436 (+20,044 PHP)
Epoch 002/50 | [PROFIT-LOG] train_loss=-0.000550 val_loss=-0.000569 | train_profit=0.815753 (+81,575 PHP) val_profit=0.204732 (+20,473 PHP) | train_geo=1.000687 (+100,069 PHP) val_geo=0.200436 (+20,044 PHP)
Epoch 003/50 | [PROFIT-LOG] train_loss=-0.000550 val_loss=-0.000569 | train_profit=0.815753 (+81,575 PHP) val_profit=0.204732 (+20,473 PHP) | train_geo=1.000687 (+100,069 PHP) val_geo=0.200436 (+20,044 PHP)
Epoch 004/50 | [PROFIT-LOG] train_loss=-0.000550 val_loss=-0.000569 | train_profit=0.815753 (+81,575 PHP) val_profit=0.204732 (+20,473 PHP) | train_geo=1.000687 (+100,069 PHP) val_geo=0.200436 (+20,044 PHP)
Epoch 005/50 | [PROFIT-LOG] train_loss=-0.000550 val_loss=-0.000569 | train_profit=0.815753 (+81,575 PHP) val_profit=0.204732 (+20,473 PHP) | train_geo=1.000687 (+100,069 PHP) val_geo=0.200436 (+20,044 PHP)
Epoch 006/50 | [PROFIT-LOG] train_loss=-0.000550 val_loss=-0.000569 | train_profit=0.815753 (+81,575 PHP) val_profit=0.204732 (+20,473 PHP) | train_geo=1.000687 (+100,069 PHP) val_geo=0.200436 (+20,044 PHP)
Epoch 007/50 | [PROFIT-LOG] train_loss=-0.000550 val_loss=-0.000569 | train_profit=0.815753 (+81,575 PHP) val_profit=0.204732 (+20,473 PHP) | train_geo=1.000687 (+100,069 PHP) val_geo=0.200436 (+20,044 PHP)
Epoch 008/50 | [PROFIT-LOG] train_loss=-0.000550 val_loss=-0.000569 | train_profit=0.815753 (+81,575 PHP) val_profit=0.204732 (+20,473 PHP) | train_geo=1.000687 (+100,069 PHP) val_geo=0.200436 (+20,044 PHP)
Epoch 009/50 | [PROFIT-LOG] train_loss=-0.000550 val_loss=-0.000569 | train_profit=0.815753 (+81,575 PHP) val_profit=0.204732 (+20,473 PHP) | train_geo=1.000687 (+100,069 PHP) val_geo=0.200436 (+20,044 PHP)
Epoch 010/50 | [PROFIT-LOG] train_loss=-0.000550 val_loss=-0.000569 | train_profit=0.815753 (+81,575 PHP) val_profit=0.204732 (+20,473 PHP) | train_geo=1.000687 (+100,069 PHP) val_geo=0.200436 (+20,044 PHP)
Epoch 011/50 | [PROFIT-LOG] train_loss=-0.000550 val_loss=-0.000569 | train_profit=0.815753 (+81,575 PHP) val_profit=0.204732 (+20,473 PHP) | train_geo=1.000687 (+100,069 PHP) val_geo=0.200436 (+20,044 PHP)
Epoch 012/50 | [PROFIT-LOG] train_loss=-0.000550 val_loss=-0.000569 | train_profit=0.815753 (+81,575 PHP) val_profit=0.204732 (+20,473 PHP) | train_geo=1.000687 (+100,069 PHP) val_geo=0.200436 (+20,044 PHP)
Epoch 013/50 | [PROFIT-LOG] train_loss=-0.000550 val_loss=-0.000569 | train_profit=0.815753 (+81,575 PHP) val_profit=0.204732 (+20,473 PHP) | train_geo=1.000687 (+100,069 PHP) val_geo=0.200436 (+20,044 PHP)
Epoch 014/50 | [PROFIT-LOG] train_loss=-0.000550 val_loss=-0.000569 | train_profit=0.815753 (+81,575 PHP) val_profit=0.204732 (+20,473 PHP) | train_geo=1.000687 (+100,069 PHP) val_geo=0.200436 (+20,044 PHP)
Epoch 015/50 | [PROFIT-LOG] train_loss=-0.000550 val_loss=-0.000569 | train_profit=0.815753 (+81,575 PHP) val_profit=0.204732 (+20,473 PHP) | train_geo=1.000687 (+100,069 PHP) val_geo=0.200436 (+20,044 PHP)
Epoch 016/50 | [PROFIT-LOG] train_loss=-0.000550 val_loss=-0.000569 | train_profit=0.815753 (+81,575 PHP) val_profit=0.204732 (+20,473 PHP) | train_geo=1.000687 (+100,069 PHP) val_geo=0.200436 (+20,044 PHP)
Epoch 017/50 | [PROFIT-LOG] train_loss=-0.000550 val_loss=-0.000569 | train_profit=0.815753 (+81,575 PHP) val_profit=0.204732 (+20,473 PHP) | train_geo=1.000687 (+100,069 PHP) val_geo=0.200436 (+20,044 PHP)
Epoch 018/50 | [PROFIT-LOG] train_loss=-0.000550 val_loss=-0.000569 | train_profit=0.815753 (+81,575 PHP) val_profit=0.204732 (+20,473 PHP) | train_geo=1.000687 (+100,069 PHP) val_geo=0.200436 (+20,044 PHP)
Epoch 019/50 | [PROFIT-LOG] train_loss=-0.000550 val_loss=-0.000569 | train_profit=0.815753 (+81,575 PHP) val_profit=0.204732 (+20,473 PHP) | train_geo=1.000687 (+100,069 PHP) val_geo=0.200436 (+20,044 PHP)
Epoch 020/50 | [PROFIT-LOG] train_loss=-0.000550 val_loss=-0.000569 | train_profit=0.815753 (+81,575 PHP) val_profit=0.204732 (+20,473 PHP) | train_geo=1.000687 (+100,069 PHP) val_geo=0.200436 (+20,044 PHP)
Epoch 021/50 | [PROFIT-LOG] train_loss=-0.000550 val_loss=-0.000569 | train_profit=0.815753 (+81,575 PHP) val_profit=0.204732 (+20,473 PHP) | train_geo=1.000687 (+100,069 PHP) val_geo=0.200436 (+20,044 PHP)
Epoch 022/50 | [PROFIT-LOG] train_loss=-0.000550 val_loss=-0.000569 | train_profit=0.815753 (+81,575 PHP) val_profit=0.204732 (+20,473 PHP) | train_geo=1.000687 (+100,069 PHP) val_geo=0.200436 (+20,044 PHP)
Epoch 023/50 | [PROFIT-LOG] train_loss=-0.000550 val_loss=-0.000569 | train_profit=0.815753 (+81,575 PHP) val_profit=0.204732 (+20,473 PHP) | train_geo=1.000687 (+100,069 PHP) val_geo=0.200436 (+20,044 PHP)
Epoch 024/50 | [PROFIT-LOG] train_loss=-0.000550 val_loss=-0.000569 | train_profit=0.815753 (+81,575 PHP) val_profit=0.204732 (+20,473 PHP) | train_geo=1.000687 (+100,069 PHP) val_geo=0.200436 (+20,044 PHP)
Epoch 025/50 | [PROFIT-LOG] train_loss=-0.000550 val_loss=-0.000569 | train_profit=0.815753 (+81,575 PHP) val_profit=0.204732 (+20,473 PHP) | train_geo=1.000687 (+100,069 PHP) val_geo=0.200436 (+20,044 PHP)
Epoch 026/50 | [PROFIT-LOG] train_loss=-0.000550 val_loss=-0.000569 | train_profit=0.815753 (+81,575 PHP) val_profit=0.204732 (+20,473 PHP) | train_geo=1.000687 (+100,069 PHP) val_geo=0.200436 (+20,044 PHP)
Epoch 027/50 | [PROFIT-LOG] train_loss=-0.000550 val_loss=-0.000569 | train_profit=0.815753 (+81,575 PHP) val_profit=0.204732 (+20,473 PHP) | train_geo=1.000687 (+100,069 PHP) val_geo=0.200436 (+20,044 PHP)
Epoch 028/50 | [PROFIT-LOG] train_loss=-0.000550 val_loss=-0.000569 | train_profit=0.815753 (+81,575 PHP) val_profit=0.204732 (+20,473 PHP) | train_geo=1.000687 (+100,069 PHP) val_geo=0.200436 (+20,044 PHP)
Epoch 029/50 | [PROFIT-LOG] train_loss=-0.000550 val_loss=-0.000569 | train_profit=0.815753 (+81,575 PHP) val_profit=0.204732 (+20,473 PHP) | train_geo=1.000687 (+100,069 PHP) val_geo=0.200436 (+20,044 PHP)
Epoch 030/50 | [PROFIT-LOG] train_loss=-0.000550 val_loss=-0.000569 | train_profit=0.815753 (+81,575 PHP) val_profit=0.204732 (+20,473 PHP) | train_geo=1.000687 (+100,069 PHP) val_geo=0.200436 (+20,044 PHP)
Epoch 031/50 | [PROFIT-LOG] train_loss=-0.000550 val_loss=-0.000569 | train_profit=0.815753 (+81,575 PHP) val_profit=0.204732 (+20,473 PHP) | train_geo=1.000687 (+100,069 PHP) val_geo=0.200436 (+20,044 PHP)
Epoch 032/50 | [PROFIT-LOG] train_loss=-0.000550 val_loss=-0.000569 | train_profit=0.815753 (+81,575 PHP) val_profit=0.204732 (+20,473 PHP) | train_geo=1.000687 (+100,069 PHP) val_geo=0.200436 (+20,044 PHP)
Epoch 033/50 | [PROFIT-LOG] train_loss=-0.000550 val_loss=-0.000569 | train_profit=0.815753 (+81,575 PHP) val_profit=0.204732 (+20,473 PHP) | train_geo=1.000687 (+100,069 PHP) val_geo=0.200436 (+20,044 PHP)
Epoch 034/50 | [PROFIT-LOG] train_loss=-0.000550 val_loss=-0.000569 | train_profit=0.815753 (+81,575 PHP) val_profit=0.204732 (+20,473 PHP) | train_geo=1.000687 (+100,069 PHP) val_geo=0.200436 (+20,044 PHP)
Epoch 035/50 | [PROFIT-LOG] train_loss=-0.000550 val_loss=-0.000569 | train_profit=0.815753 (+81,575 PHP) val_profit=0.204732 (+20,473 PHP) | train_geo=1.000687 (+100,069 PHP) val_geo=0.200436 (+20,044 PHP)
Epoch 036/50 | [PROFIT-LOG] train_loss=-0.000550 val_loss=-0.000569 | train_profit=0.815753 (+81,575 PHP) val_profit=0.204732 (+20,473 PHP) | train_geo=1.000687 (+100,069 PHP) val_geo=0.200436 (+20,044 PHP)
Epoch 037/50 | [PROFIT-LOG] train_loss=-0.000550 val_loss=-0.000569 | train_profit=0.815753 (+81,575 PHP) val_profit=0.204732 (+20,473 PHP) | train_geo=1.000687 (+100,069 PHP) val_geo=0.200436 (+20,044 PHP)
Epoch 038/50 | [PROFIT-LOG] train_loss=-0.000550 val_loss=-0.000569 | train_profit=0.815753 (+81,575 PHP) val_profit=0.204732 (+20,473 PHP) | train_geo=1.000687 (+100,069 PHP) val_geo=0.200436 (+20,044 PHP)
Epoch 039/50 | [PROFIT-LOG] train_loss=-0.000550 val_loss=-0.000569 | train_profit=0.815753 (+81,575 PHP) val_profit=0.204732 (+20,473 PHP) | train_geo=1.000687 (+100,069 PHP) val_geo=0.200436 (+20,044 PHP)
Epoch 040/50 | [PROFIT-LOG] train_loss=-0.000550 val_loss=-0.000569 | train_profit=0.815753 (+81,575 PHP) val_profit=0.204732 (+20,473 PHP) | train_geo=1.000687 (+100,069 PHP) val_geo=0.200436 (+20,044 PHP)
Epoch 041/50 | [PROFIT-LOG] train_loss=-0.000550 val_loss=-0.000569 | train_profit=0.815753 (+81,575 PHP) val_profit=0.204732 (+20,473 PHP) | train_geo=1.000687 (+100,069 PHP) val_geo=0.200436 (+20,044 PHP)
Epoch 042/50 | [PROFIT-LOG] train_loss=-0.000550 val_loss=-0.000569 | train_profit=0.815753 (+81,575 PHP) val_profit=0.204732 (+20,473 PHP) | train_geo=1.000687 (+100,069 PHP) val_geo=0.200436 (+20,044 PHP)
Epoch 043/50 | [PROFIT-LOG] train_loss=-0.000550 val_loss=-0.000569 | train_profit=0.815753 (+81,575 PHP) val_profit=0.204732 (+20,473 PHP) | train_geo=1.000687 (+100,069 PHP) val_geo=0.200436 (+20,044 PHP)
Epoch 044/50 | [PROFIT-LOG] train_loss=-0.000550 val_loss=-0.000569 | train_profit=0.815753 (+81,575 PHP) val_profit=0.204732 (+20,473 PHP) | train_geo=1.000687 (+100,069 PHP) val_geo=0.200436 (+20,044 PHP)
Epoch 045/50 | [PROFIT-LOG] train_loss=-0.000550 val_loss=-0.000569 | train_profit=0.815753 (+81,575 PHP) val_profit=0.204732 (+20,473 PHP) | train_geo=1.000687 (+100,069 PHP) val_geo=0.200436 (+20,044 PHP)
Epoch 046/50 | [PROFIT-LOG] train_loss=-0.000550 val_loss=-0.000569 | train_profit=0.815753 (+81,575 PHP) val_profit=0.204732 (+20,473 PHP) | train_geo=1.000687 (+100,069 PHP) val_geo=0.200436 (+20,044 PHP)
Epoch 047/50 | [PROFIT-LOG] train_loss=-0.000550 val_loss=-0.000569 | train_profit=0.815753 (+81,575 PHP) val_profit=0.204732 (+20,473 PHP) | train_geo=1.000687 (+100,069 PHP) val_geo=0.200436 (+20,044 PHP)
Epoch 048/50 | [PROFIT-LOG] train_loss=-0.000550 val_loss=-0.000569 | train_profit=0.815753 (+81,575 PHP) val_profit=0.204732 (+20,473 PHP) | train_geo=1.000687 (+100,069 PHP) val_geo=0.200436 (+20,044 PHP)
Epoch 049/50 | [PROFIT-LOG] train_loss=-0.000550 val_loss=-0.000569 | train_profit=0.815753 (+81,575 PHP) val_profit=0.204732 (+20,473 PHP) | train_geo=1.000687 (+100,069 PHP) val_geo=0.200436 (+20,044 PHP)
Epoch 050/50 | [PROFIT-LOG] train_loss=-0.000550 val_loss=-0.000569 | train_profit=0.815753 (+81,575 PHP) val_profit=0.204732 (+20,473 PHP) | train_geo=1.000687 (+100,069 PHP) val_geo=0.200436 (+20,044 PHP)
[22/23] SPY        (index ) profit-log    dir_acc=0.552 cum_ret=+0.2856 geo_ret=+0.3176 sharpe=+1.821 (buy&hold=+0.3190) [4.8s]
Epoch 001/50 | [MSE] train_loss=0.000301 val_loss=0.000135 | train_profit=-0.662872 (-66,287 PHP) val_profit=0.226395 (+22,639 PHP) | train_geo=-0.545609 (-54,561 PHP) val_geo=0.231813 (+23,181 PHP)
Epoch 002/50 | [MSE] train_loss=0.000201 val_loss=0.000126 | train_profit=-1.323943 (-132,394 PHP) val_profit=0.321596 (+32,160 PHP) | train_geo=-0.765407 (-76,541 PHP) val_geo=0.355024 (+35,502 PHP)
Epoch 003/50 | [MSE] train_loss=0.000194 val_loss=0.000122 | train_profit=-1.491060 (-149,106 PHP) val_profit=0.223479 (+22,348 PHP) | train_geo=-0.801859 (-80,186 PHP) val_geo=0.228223 (+22,822 PHP)
Epoch 004/50 | [MSE] train_loss=0.000186 val_loss=0.000122 | train_profit=-1.758483 (-175,848 PHP) val_profit=-0.154062 (-15,406 PHP) | train_geo=-0.848468 (-84,847 PHP) val_geo=-0.158106 (-15,811 PHP)
Epoch 005/50 | [MSE] train_loss=0.000184 val_loss=0.000125 | train_profit=-1.267264 (-126,726 PHP) val_profit=-0.060959 (-6,096 PHP) | train_geo=-0.752078 (-75,208 PHP) val_geo=-0.075832 (-7,583 PHP)
Epoch 006/50 | [MSE] train_loss=0.000181 val_loss=0.000124 | train_profit=-0.826984 (-82,698 PHP) val_profit=-0.060959 (-6,096 PHP) | train_geo=-0.613985 (-61,398 PHP) val_geo=-0.075832 (-7,583 PHP)
Epoch 007/50 | [MSE] train_loss=0.000180 val_loss=0.000124 | train_profit=-1.211840 (-121,184 PHP) val_profit=-0.060959 (-6,096 PHP) | train_geo=-0.737851 (-73,785 PHP) val_geo=-0.075832 (-7,583 PHP)
Epoch 008/50 | [MSE] train_loss=0.000177 val_loss=0.000125 | train_profit=-0.930444 (-93,044 PHP) val_profit=-0.060959 (-6,096 PHP) | train_geo=-0.652095 (-65,209 PHP) val_geo=-0.075832 (-7,583 PHP)
Epoch 009/50 | [MSE] train_loss=0.000176 val_loss=0.000124 | train_profit=-1.010748 (-101,075 PHP) val_profit=-0.060959 (-6,096 PHP) | train_geo=-0.679474 (-67,947 PHP) val_geo=-0.075832 (-7,583 PHP)
Epoch 010/50 | [MSE] train_loss=0.000177 val_loss=0.000124 | train_profit=-1.060396 (-106,040 PHP) val_profit=-0.060959 (-6,096 PHP) | train_geo=-0.694772 (-69,477 PHP) val_geo=-0.075832 (-7,583 PHP)
Epoch 011/50 | [MSE] train_loss=0.000176 val_loss=0.000124 | train_profit=-1.127482 (-112,748 PHP) val_profit=-0.060959 (-6,096 PHP) | train_geo=-0.714753 (-71,475 PHP) val_geo=-0.075832 (-7,583 PHP)
Epoch 012/50 | [MSE] train_loss=0.000176 val_loss=0.000124 | train_profit=-0.774910 (-77,491 PHP) val_profit=-0.060959 (-6,096 PHP) | train_geo=-0.593447 (-59,345 PHP) val_geo=-0.075832 (-7,583 PHP)
Epoch 013/50 | [MSE] train_loss=0.000177 val_loss=0.000125 | train_profit=-0.747276 (-74,728 PHP) val_profit=-0.060959 (-6,096 PHP) | train_geo=-0.581977 (-58,198 PHP) val_geo=-0.075832 (-7,583 PHP)
Epoch 014/50 | [MSE] train_loss=0.000175 val_loss=0.000124 | train_profit=-0.714144 (-71,414 PHP) val_profit=-0.060959 (-6,096 PHP) | train_geo=-0.567837 (-56,784 PHP) val_geo=-0.075832 (-7,583 PHP)
Epoch 015/50 | [MSE] train_loss=0.000176 val_loss=0.000124 | train_profit=-0.256894 (-25,689 PHP) val_profit=-0.060959 (-6,096 PHP) | train_geo=-0.316895 (-31,690 PHP) val_geo=-0.075832 (-7,583 PHP)
Epoch 016/50 | [MSE] train_loss=0.000175 val_loss=0.000124 | train_profit=-0.187387 (-18,739 PHP) val_profit=-0.060959 (-6,096 PHP) | train_geo=-0.267575 (-26,757 PHP) val_geo=-0.075832 (-7,583 PHP)
Epoch 017/50 | [MSE] train_loss=0.000176 val_loss=0.000124 | train_profit=-0.569251 (-56,925 PHP) val_profit=-0.060959 (-6,096 PHP) | train_geo=-0.500287 (-50,029 PHP) val_geo=-0.075832 (-7,583 PHP)
Epoch 018/50 | [MSE] train_loss=0.000177 val_loss=0.000126 | train_profit=-0.871481 (-87,148 PHP) val_profit=-0.060959 (-6,096 PHP) | train_geo=-0.630907 (-63,091 PHP) val_geo=-0.075832 (-7,583 PHP)
Epoch 019/50 | [MSE] train_loss=0.000175 val_loss=0.000124 | train_profit=-0.338915 (-33,892 PHP) val_profit=-0.060959 (-6,096 PHP) | train_geo=-0.370688 (-37,069 PHP) val_geo=-0.075832 (-7,583 PHP)
Epoch 020/50 | [MSE] train_loss=0.000175 val_loss=0.000124 | train_profit=-0.144604 (-14,460 PHP) val_profit=-0.060959 (-6,096 PHP) | train_geo=-0.235839 (-23,584 PHP) val_geo=-0.075832 (-7,583 PHP)
Epoch 021/50 | [MSE] train_loss=0.000176 val_loss=0.000123 | train_profit=-0.631950 (-63,195 PHP) val_profit=-0.060959 (-6,096 PHP) | train_geo=-0.530653 (-53,065 PHP) val_geo=-0.075832 (-7,583 PHP)
Epoch 022/50 | [MSE] train_loss=0.000174 val_loss=0.000124 | train_profit=0.027650 (+2,765 PHP) val_profit=-0.060959 (-6,096 PHP) | train_geo=-0.091470 (-9,147 PHP) val_geo=-0.075832 (-7,583 PHP)
Epoch 023/50 | [MSE] train_loss=0.000175 val_loss=0.000124 | train_profit=-0.298132 (-29,813 PHP) val_profit=-0.060959 (-6,096 PHP) | train_geo=-0.344732 (-34,473 PHP) val_geo=-0.075832 (-7,583 PHP)
Epoch 024/50 | [MSE] train_loss=0.000175 val_loss=0.000124 | train_profit=-0.713899 (-71,390 PHP) val_profit=-0.060959 (-6,096 PHP) | train_geo=-0.568444 (-56,844 PHP) val_geo=-0.075832 (-7,583 PHP)
Epoch 025/50 | [MSE] train_loss=0.000175 val_loss=0.000124 | train_profit=-0.108019 (-10,802 PHP) val_profit=-0.060959 (-6,096 PHP) | train_geo=-0.206797 (-20,680 PHP) val_geo=-0.075832 (-7,583 PHP)
Epoch 026/50 | [MSE] train_loss=0.000175 val_loss=0.000124 | train_profit=-0.271316 (-27,132 PHP) val_profit=-0.060959 (-6,096 PHP) | train_geo=-0.326587 (-32,659 PHP) val_geo=-0.075832 (-7,583 PHP)
Epoch 027/50 | [MSE] train_loss=0.000175 val_loss=0.000124 | train_profit=-0.445777 (-44,578 PHP) val_profit=-0.060959 (-6,096 PHP) | train_geo=-0.434749 (-43,475 PHP) val_geo=-0.075832 (-7,583 PHP)
Epoch 028/50 | [MSE] train_loss=0.000175 val_loss=0.000124 | train_profit=-0.391797 (-39,180 PHP) val_profit=-0.060959 (-6,096 PHP) | train_geo=-0.403073 (-40,307 PHP) val_geo=-0.075832 (-7,583 PHP)
Epoch 029/50 | [MSE] train_loss=0.000175 val_loss=0.000123 | train_profit=-0.244303 (-24,430 PHP) val_profit=-0.060959 (-6,096 PHP) | train_geo=-0.308101 (-30,810 PHP) val_geo=-0.075832 (-7,583 PHP)
Epoch 030/50 | [MSE] train_loss=0.000176 val_loss=0.000124 | train_profit=-0.251536 (-25,154 PHP) val_profit=-0.060959 (-6,096 PHP) | train_geo=-0.312996 (-31,300 PHP) val_geo=-0.075832 (-7,583 PHP)
Epoch 031/50 | [MSE] train_loss=0.000175 val_loss=0.000123 | train_profit=0.100896 (+10,090 PHP) val_profit=-0.060959 (-6,096 PHP) | train_geo=-0.022820 (-2,282 PHP) val_geo=-0.075832 (-7,583 PHP)
Epoch 032/50 | [MSE] train_loss=0.000175 val_loss=0.000122 | train_profit=-0.413145 (-41,315 PHP) val_profit=-0.060959 (-6,096 PHP) | train_geo=-0.415984 (-41,598 PHP) val_geo=-0.075832 (-7,583 PHP)
Epoch 033/50 | [MSE] train_loss=0.000176 val_loss=0.000123 | train_profit=-0.104130 (-10,413 PHP) val_profit=-0.060959 (-6,096 PHP) | train_geo=-0.204114 (-20,411 PHP) val_geo=-0.075832 (-7,583 PHP)
Epoch 034/50 | [MSE] train_loss=0.000175 val_loss=0.000123 | train_profit=-0.271197 (-27,120 PHP) val_profit=-0.060959 (-6,096 PHP) | train_geo=-0.326622 (-32,662 PHP) val_geo=-0.075832 (-7,583 PHP)
Epoch 035/50 | [MSE] train_loss=0.000175 val_loss=0.000123 | train_profit=-0.301748 (-30,175 PHP) val_profit=-0.060959 (-6,096 PHP) | train_geo=-0.347052 (-34,705 PHP) val_geo=-0.075832 (-7,583 PHP)
Epoch 036/50 | [MSE] train_loss=0.000176 val_loss=0.000122 | train_profit=-0.231275 (-23,127 PHP) val_profit=-0.060959 (-6,096 PHP) | train_geo=-0.299227 (-29,923 PHP) val_geo=-0.075832 (-7,583 PHP)
Epoch 037/50 | [MSE] train_loss=0.000175 val_loss=0.000122 | train_profit=-0.363180 (-36,318 PHP) val_profit=-0.060959 (-6,096 PHP) | train_geo=-0.385982 (-38,598 PHP) val_geo=-0.075832 (-7,583 PHP)
Epoch 038/50 | [MSE] train_loss=0.000175 val_loss=0.000122 | train_profit=0.335217 (+33,522 PHP) val_profit=-0.060959 (-6,096 PHP) | train_geo=0.235811 (+23,581 PHP) val_geo=-0.075832 (-7,583 PHP)
Epoch 039/50 | [MSE] train_loss=0.000175 val_loss=0.000121 | train_profit=0.185404 (+18,540 PHP) val_profit=-0.131548 (-13,155 PHP) | train_geo=0.063776 (+6,378 PHP) val_geo=-0.138944 (-13,894 PHP)
Epoch 040/50 | [MSE] train_loss=0.000175 val_loss=0.000121 | train_profit=0.034435 (+3,444 PHP) val_profit=-0.168313 (-16,831 PHP) | train_geo=-0.085202 (-8,520 PHP) val_geo=-0.169970 (-16,997 PHP)
Epoch 041/50 | [MSE] train_loss=0.000176 val_loss=0.000121 | train_profit=0.328938 (+32,894 PHP) val_profit=-0.284576 (-28,458 PHP) | train_geo=0.228559 (+22,856 PHP) val_geo=-0.261184 (-26,118 PHP)
Epoch 042/50 | [MSE] train_loss=0.000176 val_loss=0.000121 | train_profit=0.172976 (+17,298 PHP) val_profit=-0.330612 (-33,061 PHP) | train_geo=0.050704 (+5,070 PHP) val_geo=-0.294407 (-29,441 PHP)
Epoch 043/50 | [MSE] train_loss=0.000176 val_loss=0.000121 | train_profit=-0.232452 (-23,245 PHP) val_profit=-0.085561 (-8,556 PHP) | train_geo=-0.300268 (-30,027 PHP) val_geo=-0.098395 (-9,839 PHP)
Epoch 044/50 | [MSE] train_loss=0.000176 val_loss=0.000121 | train_profit=0.129765 (+12,976 PHP) val_profit=0.027036 (+2,704 PHP) | train_geo=0.006505 (+651 PHP) val_geo=0.008866 (+887 PHP)
Epoch 045/50 | [MSE] train_loss=0.000177 val_loss=0.000121 | train_profit=-0.098295 (-9,830 PHP) val_profit=0.260191 (+26,019 PHP) | train_geo=-0.199360 (-19,936 PHP) val_geo=0.274097 (+27,410 PHP)
Epoch 046/50 | [MSE] train_loss=0.000176 val_loss=0.000121 | train_profit=0.185237 (+18,524 PHP) val_profit=0.265270 (+26,527 PHP) | train_geo=0.063316 (+6,332 PHP) val_geo=0.280582 (+28,058 PHP)
Epoch 047/50 | [MSE] train_loss=0.000176 val_loss=0.000121 | train_profit=0.048971 (+4,897 PHP) val_profit=0.168249 (+16,825 PHP) | train_geo=-0.072086 (-7,209 PHP) val_geo=0.162005 (+16,200 PHP)
Epoch 048/50 | [MSE] train_loss=0.000177 val_loss=0.000121 | train_profit=-0.392924 (-39,292 PHP) val_profit=0.148556 (+14,856 PHP) | train_geo=-0.404101 (-40,410 PHP) val_geo=0.139356 (+13,936 PHP)
Epoch 049/50 | [MSE] train_loss=0.000176 val_loss=0.000121 | train_profit=0.050377 (+5,038 PHP) val_profit=0.102418 (+10,242 PHP) | train_geo=-0.070683 (-7,068 PHP) val_geo=0.088053 (+8,805 PHP)
Epoch 050/50 | [MSE] train_loss=0.000176 val_loss=0.000121 | train_profit=0.090719 (+9,072 PHP) val_profit=0.102418 (+10,242 PHP) | train_geo=-0.033129 (-3,313 PHP) val_geo=0.088053 (+8,805 PHP)
[23/23] PSEI.PS    (index ) mse           dir_acc=0.480 cum_ret=-0.2655 geo_ret=-0.2468 sharpe=-1.284 (buy&hold=+0.0421) [3.9s]
Epoch 001/50 | train_loss=0.000426 val_loss=0.000048 | train_profit=-0.290839 (-29,084 PHP) val_profit=0.058959 (+5,896 PHP) | train_geo=-0.339556 (-33,956 PHP) val_geo=0.041971 (+4,197 PHP)
Epoch 002/50 | train_loss=0.000124 val_loss=-0.000066 | train_profit=0.108075 (+10,808 PHP) val_profit=0.058959 (+5,896 PHP) | train_geo=-0.015788 (-1,579 PHP) val_geo=0.041971 (+4,197 PHP)
Epoch 003/50 | train_loss=0.000114 val_loss=-0.000039 | train_profit=0.109379 (+10,938 PHP) val_profit=0.058959 (+5,896 PHP) | train_geo=-0.014519 (-1,452 PHP) val_geo=0.041971 (+4,197 PHP)
Epoch 004/50 | train_loss=0.000097 val_loss=-0.000053 | train_profit=0.109379 (+10,938 PHP) val_profit=0.058959 (+5,896 PHP) | train_geo=-0.014519 (-1,452 PHP) val_geo=0.041971 (+4,197 PHP)
Epoch 005/50 | train_loss=0.000099 val_loss=-0.000028 | train_profit=0.158119 (+15,812 PHP) val_profit=0.058959 (+5,896 PHP) | train_geo=0.034881 (+3,488 PHP) val_geo=0.041971 (+4,197 PHP)
Epoch 006/50 | train_loss=0.000148 val_loss=0.000002 | train_profit=-0.005609 (-561 PHP) val_profit=0.058959 (+5,896 PHP) | train_geo=-0.121599 (-12,160 PHP) val_geo=0.041971 (+4,197 PHP)
Epoch 007/50 | train_loss=0.000120 val_loss=-0.000022 | train_profit=0.109379 (+10,938 PHP) val_profit=0.058959 (+5,896 PHP) | train_geo=-0.014519 (-1,452 PHP) val_geo=0.041971 (+4,197 PHP)
Epoch 008/50 | train_loss=0.000069 val_loss=-0.000004 | train_profit=0.300616 (+30,062 PHP) val_profit=0.058959 (+5,896 PHP) | train_geo=0.193633 (+19,363 PHP) val_geo=0.041971 (+4,197 PHP)
Epoch 009/50 | train_loss=0.000161 val_loss=-0.000005 | train_profit=-0.242821 (-24,282 PHP) val_profit=0.047521 (+4,752 PHP) | train_geo=-0.307152 (-30,715 PHP) val_geo=0.030067 (+3,007 PHP)
Epoch 010/50 | train_loss=0.000102 val_loss=0.000349 | train_profit=-0.181163 (-18,116 PHP) val_profit=-0.087512 (-8,751 PHP) | train_geo=-0.262944 (-26,294 PHP) val_geo=-0.100057 (-10,006 PHP)
Epoch 011/50 | train_loss=0.000257 val_loss=0.000043 | train_profit=0.056906 (+5,691 PHP) val_profit=0.058959 (+5,896 PHP) | train_geo=-0.064889 (-6,489 PHP) val_geo=0.041971 (+4,197 PHP)
Epoch 012/50 | train_loss=0.000081 val_loss=0.000084 | train_profit=0.109379 (+10,938 PHP) val_profit=0.047521 (+4,752 PHP) | train_geo=-0.014519 (-1,452 PHP) val_geo=0.030067 (+3,007 PHP)
Epoch 013/50 | train_loss=0.000067 val_loss=-0.000008 | train_profit=0.293267 (+29,327 PHP) val_profit=0.058959 (+5,896 PHP) | train_geo=0.184641 (+18,464 PHP) val_geo=0.041971 (+4,197 PHP)
Epoch 014/50 | train_loss=0.000068 val_loss=0.000037 | train_profit=0.147012 (+14,701 PHP) val_profit=0.047521 (+4,752 PHP) | train_geo=0.023327 (+2,333 PHP) val_geo=0.030067 (+3,007 PHP)
Epoch 015/50 | train_loss=0.000010 val_loss=0.000004 | train_profit=0.180434 (+18,043 PHP) val_profit=0.047521 (+4,752 PHP) | train_geo=0.058045 (+5,805 PHP) val_geo=0.030067 (+3,007 PHP)
Epoch 016/50 | train_loss=0.000078 val_loss=0.001194 | train_profit=-0.028324 (-2,832 PHP) val_profit=-0.226729 (-22,673 PHP) | train_geo=-0.141636 (-14,164 PHP) val_geo=-0.217095 (-21,710 PHP)
Epoch 017/50 | train_loss=0.000372 val_loss=0.000819 | train_profit=-0.653104 (-65,310 PHP) val_profit=-0.225015 (-22,501 PHP) | train_geo=-0.540499 (-54,050 PHP) val_geo=-0.215777 (-21,578 PHP)
Epoch 018/50 | train_loss=-0.000005 val_loss=0.000866 | train_profit=0.431835 (+43,184 PHP) val_profit=-0.276131 (-27,613 PHP) | train_geo=0.361425 (+36,143 PHP) val_geo=-0.254807 (-25,481 PHP)
Epoch 019/50 | train_loss=-0.000134 val_loss=0.000943 | train_profit=0.494324 (+49,432 PHP) val_profit=-0.230818 (-23,082 PHP) | train_geo=0.449029 (+44,903 PHP) val_geo=-0.220211 (-22,021 PHP)
Epoch 020/50 | train_loss=-0.000050 val_loss=0.000561 | train_profit=0.335809 (+33,581 PHP) val_profit=-0.053030 (-5,303 PHP) | train_geo=0.236281 (+23,628 PHP) val_geo=-0.068461 (-6,846 PHP)
Epoch 021/50 | train_loss=0.000441 val_loss=0.000582 | train_profit=-0.111379 (-11,138 PHP) val_profit=-0.060959 (-6,096 PHP) | train_geo=-0.211577 (-21,158 PHP) val_geo=-0.075832 (-7,583 PHP)
Epoch 022/50 | train_loss=0.000406 val_loss=0.000508 | train_profit=-0.111379 (-11,138 PHP) val_profit=-0.060959 (-6,096 PHP) | train_geo=-0.211577 (-21,158 PHP) val_geo=-0.075832 (-7,583 PHP)
Epoch 023/50 | train_loss=0.000259 val_loss=0.000249 | train_profit=-0.111379 (-11,138 PHP) val_profit=-0.060959 (-6,096 PHP) | train_geo=-0.211577 (-21,158 PHP) val_geo=-0.075832 (-7,583 PHP)
Epoch 024/50 | train_loss=0.000150 val_loss=0.000287 | train_profit=-0.111379 (-11,138 PHP) val_profit=-0.060959 (-6,096 PHP) | train_geo=-0.211577 (-21,158 PHP) val_geo=-0.075832 (-7,583 PHP)
Epoch 025/50 | train_loss=0.000133 val_loss=0.000203 | train_profit=-0.111379 (-11,138 PHP) val_profit=-0.060959 (-6,096 PHP) | train_geo=-0.211577 (-21,158 PHP) val_geo=-0.075832 (-7,583 PHP)
Epoch 026/50 | train_loss=0.000110 val_loss=0.000237 | train_profit=-0.111379 (-11,138 PHP) val_profit=-0.060959 (-6,096 PHP) | train_geo=-0.211577 (-21,158 PHP) val_geo=-0.075832 (-7,583 PHP)
Epoch 027/50 | train_loss=0.000111 val_loss=0.000215 | train_profit=-0.111379 (-11,138 PHP) val_profit=-0.060959 (-6,096 PHP) | train_geo=-0.211577 (-21,158 PHP) val_geo=-0.075832 (-7,583 PHP)
Epoch 028/50 | train_loss=0.000104 val_loss=0.000213 | train_profit=-0.111379 (-11,138 PHP) val_profit=-0.060959 (-6,096 PHP) | train_geo=-0.211577 (-21,158 PHP) val_geo=-0.075832 (-7,583 PHP)
Epoch 029/50 | train_loss=0.000105 val_loss=0.000216 | train_profit=-0.111379 (-11,138 PHP) val_profit=-0.060959 (-6,096 PHP) | train_geo=-0.211577 (-21,158 PHP) val_geo=-0.075832 (-7,583 PHP)
Epoch 030/50 | train_loss=0.000105 val_loss=0.000220 | train_profit=-0.111379 (-11,138 PHP) val_profit=-0.060959 (-6,096 PHP) | train_geo=-0.211577 (-21,158 PHP) val_geo=-0.075832 (-7,583 PHP)
Epoch 031/50 | train_loss=0.000106 val_loss=0.000217 | train_profit=-0.111379 (-11,138 PHP) val_profit=-0.060959 (-6,096 PHP) | train_geo=-0.211577 (-21,158 PHP) val_geo=-0.075832 (-7,583 PHP)
Epoch 032/50 | train_loss=0.000103 val_loss=0.000215 | train_profit=-0.111379 (-11,138 PHP) val_profit=-0.060959 (-6,096 PHP) | train_geo=-0.211577 (-21,158 PHP) val_geo=-0.075832 (-7,583 PHP)
Epoch 033/50 | train_loss=0.000103 val_loss=0.000216 | train_profit=-0.111379 (-11,138 PHP) val_profit=-0.060959 (-6,096 PHP) | train_geo=-0.211577 (-21,158 PHP) val_geo=-0.075832 (-7,583 PHP)
Epoch 034/50 | train_loss=0.000099 val_loss=0.000207 | train_profit=-0.111379 (-11,138 PHP) val_profit=-0.060959 (-6,096 PHP) | train_geo=-0.211577 (-21,158 PHP) val_geo=-0.075832 (-7,583 PHP)
Epoch 035/50 | train_loss=0.000103 val_loss=0.000221 | train_profit=-0.111379 (-11,138 PHP) val_profit=-0.060959 (-6,096 PHP) | train_geo=-0.211577 (-21,158 PHP) val_geo=-0.075832 (-7,583 PHP)
Epoch 036/50 | train_loss=0.000097 val_loss=0.000201 | train_profit=-0.111379 (-11,138 PHP) val_profit=-0.060959 (-6,096 PHP) | train_geo=-0.211577 (-21,158 PHP) val_geo=-0.075832 (-7,583 PHP)
Epoch 037/50 | train_loss=0.000100 val_loss=0.000217 | train_profit=-0.111379 (-11,138 PHP) val_profit=-0.060959 (-6,096 PHP) | train_geo=-0.211577 (-21,158 PHP) val_geo=-0.075832 (-7,583 PHP)
Epoch 038/50 | train_loss=0.000094 val_loss=0.000196 | train_profit=-0.111379 (-11,138 PHP) val_profit=-0.060959 (-6,096 PHP) | train_geo=-0.211577 (-21,158 PHP) val_geo=-0.075832 (-7,583 PHP)
Epoch 039/50 | train_loss=0.000093 val_loss=0.000202 | train_profit=-0.111379 (-11,138 PHP) val_profit=-0.060959 (-6,096 PHP) | train_geo=-0.211577 (-21,158 PHP) val_geo=-0.075832 (-7,583 PHP)
Epoch 040/50 | train_loss=0.000089 val_loss=0.000200 | train_profit=-0.111379 (-11,138 PHP) val_profit=-0.060959 (-6,096 PHP) | train_geo=-0.211577 (-21,158 PHP) val_geo=-0.075832 (-7,583 PHP)
Epoch 041/50 | train_loss=0.000092 val_loss=0.000201 | train_profit=-0.111379 (-11,138 PHP) val_profit=-0.060959 (-6,096 PHP) | train_geo=-0.211577 (-21,158 PHP) val_geo=-0.075832 (-7,583 PHP)
Epoch 042/50 | train_loss=0.000092 val_loss=0.000203 | train_profit=-0.111379 (-11,138 PHP) val_profit=-0.060959 (-6,096 PHP) | train_geo=-0.211577 (-21,158 PHP) val_geo=-0.075832 (-7,583 PHP)
Epoch 043/50 | train_loss=0.000089 val_loss=0.000198 | train_profit=-0.111379 (-11,138 PHP) val_profit=-0.060959 (-6,096 PHP) | train_geo=-0.211577 (-21,158 PHP) val_geo=-0.075832 (-7,583 PHP)
Epoch 044/50 | train_loss=0.000089 val_loss=0.000196 | train_profit=-0.111379 (-11,138 PHP) val_profit=-0.060959 (-6,096 PHP) | train_geo=-0.211577 (-21,158 PHP) val_geo=-0.075832 (-7,583 PHP)
Epoch 045/50 | train_loss=0.000103 val_loss=0.000189 | train_profit=-0.127258 (-12,726 PHP) val_profit=-0.060959 (-6,096 PHP) | train_geo=-0.223989 (-22,399 PHP) val_geo=-0.075832 (-7,583 PHP)
Epoch 046/50 | train_loss=0.000091 val_loss=0.000205 | train_profit=-0.111379 (-11,138 PHP) val_profit=-0.060959 (-6,096 PHP) | train_geo=-0.211577 (-21,158 PHP) val_geo=-0.075832 (-7,583 PHP)
Epoch 047/50 | train_loss=0.000088 val_loss=0.000201 | train_profit=-0.111379 (-11,138 PHP) val_profit=-0.060959 (-6,096 PHP) | train_geo=-0.211577 (-21,158 PHP) val_geo=-0.075832 (-7,583 PHP)
Epoch 048/50 | train_loss=0.000088 val_loss=0.000198 | train_profit=-0.111379 (-11,138 PHP) val_profit=-0.060959 (-6,096 PHP) | train_geo=-0.211577 (-21,158 PHP) val_geo=-0.075832 (-7,583 PHP)
Epoch 049/50 | train_loss=0.000090 val_loss=0.000201 | train_profit=-0.111379 (-11,138 PHP) val_profit=-0.060959 (-6,096 PHP) | train_geo=-0.211577 (-21,158 PHP) val_geo=-0.075832 (-7,583 PHP)
Epoch 050/50 | train_loss=0.000087 val_loss=0.000200 | train_profit=-0.111379 (-11,138 PHP) val_profit=-0.060959 (-6,096 PHP) | train_geo=-0.211577 (-21,158 PHP) val_geo=-0.075832 (-7,583 PHP)
[23/23] PSEI.PS    (index ) profit-aware  dir_acc=0.513 cum_ret=+0.0576 geo_ret=+0.0410 sharpe=+0.280 (buy&hold=+0.0421) [4.7s]
Epoch 001/50 | [PROFIT-LOG] train_loss=0.000261 val_loss=-0.000113 | train_profit=-0.172561 (-17,256 PHP) val_profit=0.058959 (+5,896 PHP) | train_geo=-0.256661 (-25,666 PHP) val_geo=0.041971 (+4,197 PHP)
Epoch 002/50 | [PROFIT-LOG] train_loss=0.000059 val_loss=-0.000113 | train_profit=0.109379 (+10,938 PHP) val_profit=0.058959 (+5,896 PHP) | train_geo=-0.014519 (-1,452 PHP) val_geo=0.041971 (+4,197 PHP)
Epoch 003/50 | [PROFIT-LOG] train_loss=0.000059 val_loss=-0.000113 | train_profit=0.109379 (+10,938 PHP) val_profit=0.058959 (+5,896 PHP) | train_geo=-0.014519 (-1,452 PHP) val_geo=0.041971 (+4,197 PHP)
Epoch 004/50 | [PROFIT-LOG] train_loss=0.000059 val_loss=-0.000113 | train_profit=0.109379 (+10,938 PHP) val_profit=0.058959 (+5,896 PHP) | train_geo=-0.014519 (-1,452 PHP) val_geo=0.041971 (+4,197 PHP)
Epoch 005/50 | [PROFIT-LOG] train_loss=0.000059 val_loss=-0.000113 | train_profit=0.109379 (+10,938 PHP) val_profit=0.058959 (+5,896 PHP) | train_geo=-0.014519 (-1,452 PHP) val_geo=0.041971 (+4,197 PHP)
Epoch 006/50 | [PROFIT-LOG] train_loss=0.000059 val_loss=-0.000113 | train_profit=0.109379 (+10,938 PHP) val_profit=0.058959 (+5,896 PHP) | train_geo=-0.014519 (-1,452 PHP) val_geo=0.041971 (+4,197 PHP)
Epoch 007/50 | [PROFIT-LOG] train_loss=0.000059 val_loss=-0.000113 | train_profit=0.109379 (+10,938 PHP) val_profit=0.058959 (+5,896 PHP) | train_geo=-0.014519 (-1,452 PHP) val_geo=0.041971 (+4,197 PHP)
Epoch 008/50 | [PROFIT-LOG] train_loss=0.000059 val_loss=-0.000113 | train_profit=0.109379 (+10,938 PHP) val_profit=0.058959 (+5,896 PHP) | train_geo=-0.014519 (-1,452 PHP) val_geo=0.041971 (+4,197 PHP)
Epoch 009/50 | [PROFIT-LOG] train_loss=0.000059 val_loss=-0.000113 | train_profit=0.109379 (+10,938 PHP) val_profit=0.058959 (+5,896 PHP) | train_geo=-0.014519 (-1,452 PHP) val_geo=0.041971 (+4,197 PHP)
Epoch 010/50 | [PROFIT-LOG] train_loss=0.000059 val_loss=-0.000113 | train_profit=0.109379 (+10,938 PHP) val_profit=0.058959 (+5,896 PHP) | train_geo=-0.014519 (-1,452 PHP) val_geo=0.041971 (+4,197 PHP)
Epoch 011/50 | [PROFIT-LOG] train_loss=0.000059 val_loss=-0.000113 | train_profit=0.109379 (+10,938 PHP) val_profit=0.058959 (+5,896 PHP) | train_geo=-0.014519 (-1,452 PHP) val_geo=0.041971 (+4,197 PHP)
Epoch 012/50 | [PROFIT-LOG] train_loss=0.000059 val_loss=-0.000113 | train_profit=0.109379 (+10,938 PHP) val_profit=0.058959 (+5,896 PHP) | train_geo=-0.014519 (-1,452 PHP) val_geo=0.041971 (+4,197 PHP)
Epoch 013/50 | [PROFIT-LOG] train_loss=0.000059 val_loss=-0.000113 | train_profit=0.109379 (+10,938 PHP) val_profit=0.058959 (+5,896 PHP) | train_geo=-0.014519 (-1,452 PHP) val_geo=0.041971 (+4,197 PHP)
Epoch 014/50 | [PROFIT-LOG] train_loss=0.000059 val_loss=-0.000113 | train_profit=0.109379 (+10,938 PHP) val_profit=0.058959 (+5,896 PHP) | train_geo=-0.014519 (-1,452 PHP) val_geo=0.041971 (+4,197 PHP)
Epoch 015/50 | [PROFIT-LOG] train_loss=0.000059 val_loss=-0.000113 | train_profit=0.109379 (+10,938 PHP) val_profit=0.058959 (+5,896 PHP) | train_geo=-0.014519 (-1,452 PHP) val_geo=0.041971 (+4,197 PHP)
Epoch 016/50 | [PROFIT-LOG] train_loss=0.000059 val_loss=-0.000113 | train_profit=0.109379 (+10,938 PHP) val_profit=0.058959 (+5,896 PHP) | train_geo=-0.014519 (-1,452 PHP) val_geo=0.041971 (+4,197 PHP)
Epoch 017/50 | [PROFIT-LOG] train_loss=0.000059 val_loss=-0.000113 | train_profit=0.109379 (+10,938 PHP) val_profit=0.058959 (+5,896 PHP) | train_geo=-0.014519 (-1,452 PHP) val_geo=0.041971 (+4,197 PHP)
Epoch 018/50 | [PROFIT-LOG] train_loss=0.000059 val_loss=-0.000113 | train_profit=0.109379 (+10,938 PHP) val_profit=0.058959 (+5,896 PHP) | train_geo=-0.014519 (-1,452 PHP) val_geo=0.041971 (+4,197 PHP)
Epoch 019/50 | [PROFIT-LOG] train_loss=0.000059 val_loss=-0.000113 | train_profit=0.109379 (+10,938 PHP) val_profit=0.058959 (+5,896 PHP) | train_geo=-0.014519 (-1,452 PHP) val_geo=0.041971 (+4,197 PHP)
Epoch 020/50 | [PROFIT-LOG] train_loss=0.000059 val_loss=-0.000113 | train_profit=0.109379 (+10,938 PHP) val_profit=0.058959 (+5,896 PHP) | train_geo=-0.014519 (-1,452 PHP) val_geo=0.041971 (+4,197 PHP)
Epoch 021/50 | [PROFIT-LOG] train_loss=0.000059 val_loss=-0.000113 | train_profit=0.109379 (+10,938 PHP) val_profit=0.058959 (+5,896 PHP) | train_geo=-0.014519 (-1,452 PHP) val_geo=0.041971 (+4,197 PHP)
Epoch 022/50 | [PROFIT-LOG] train_loss=0.000059 val_loss=-0.000113 | train_profit=0.109379 (+10,938 PHP) val_profit=0.058959 (+5,896 PHP) | train_geo=-0.014519 (-1,452 PHP) val_geo=0.041971 (+4,197 PHP)
Epoch 023/50 | [PROFIT-LOG] train_loss=0.000059 val_loss=-0.000113 | train_profit=0.109379 (+10,938 PHP) val_profit=0.058959 (+5,896 PHP) | train_geo=-0.014519 (-1,452 PHP) val_geo=0.041971 (+4,197 PHP)
Epoch 024/50 | [PROFIT-LOG] train_loss=0.000059 val_loss=-0.000113 | train_profit=0.109379 (+10,938 PHP) val_profit=0.058959 (+5,896 PHP) | train_geo=-0.014519 (-1,452 PHP) val_geo=0.041971 (+4,197 PHP)
Epoch 025/50 | [PROFIT-LOG] train_loss=0.000059 val_loss=-0.000113 | train_profit=0.109379 (+10,938 PHP) val_profit=0.058959 (+5,896 PHP) | train_geo=-0.014519 (-1,452 PHP) val_geo=0.041971 (+4,197 PHP)
Epoch 026/50 | [PROFIT-LOG] train_loss=0.000059 val_loss=-0.000113 | train_profit=0.109379 (+10,938 PHP) val_profit=0.058959 (+5,896 PHP) | train_geo=-0.014519 (-1,452 PHP) val_geo=0.041971 (+4,197 PHP)
Epoch 027/50 | [PROFIT-LOG] train_loss=0.000059 val_loss=-0.000113 | train_profit=0.109379 (+10,938 PHP) val_profit=0.058959 (+5,896 PHP) | train_geo=-0.014519 (-1,452 PHP) val_geo=0.041971 (+4,197 PHP)
Epoch 028/50 | [PROFIT-LOG] train_loss=0.000059 val_loss=-0.000113 | train_profit=0.109379 (+10,938 PHP) val_profit=0.058959 (+5,896 PHP) | train_geo=-0.014519 (-1,452 PHP) val_geo=0.041971 (+4,197 PHP)
Epoch 029/50 | [PROFIT-LOG] train_loss=0.000059 val_loss=-0.000113 | train_profit=0.109379 (+10,938 PHP) val_profit=0.058959 (+5,896 PHP) | train_geo=-0.014519 (-1,452 PHP) val_geo=0.041971 (+4,197 PHP)
Epoch 030/50 | [PROFIT-LOG] train_loss=0.000059 val_loss=-0.000113 | train_profit=0.109379 (+10,938 PHP) val_profit=0.058959 (+5,896 PHP) | train_geo=-0.014519 (-1,452 PHP) val_geo=0.041971 (+4,197 PHP)
Epoch 031/50 | [PROFIT-LOG] train_loss=0.000059 val_loss=-0.000113 | train_profit=0.109379 (+10,938 PHP) val_profit=0.058959 (+5,896 PHP) | train_geo=-0.014519 (-1,452 PHP) val_geo=0.041971 (+4,197 PHP)
Epoch 032/50 | [PROFIT-LOG] train_loss=0.000059 val_loss=-0.000113 | train_profit=0.109379 (+10,938 PHP) val_profit=0.058959 (+5,896 PHP) | train_geo=-0.014519 (-1,452 PHP) val_geo=0.041971 (+4,197 PHP)
Epoch 033/50 | [PROFIT-LOG] train_loss=0.000059 val_loss=-0.000113 | train_profit=0.109379 (+10,938 PHP) val_profit=0.058959 (+5,896 PHP) | train_geo=-0.014519 (-1,452 PHP) val_geo=0.041971 (+4,197 PHP)
Epoch 034/50 | [PROFIT-LOG] train_loss=0.000059 val_loss=-0.000113 | train_profit=0.109379 (+10,938 PHP) val_profit=0.058959 (+5,896 PHP) | train_geo=-0.014519 (-1,452 PHP) val_geo=0.041971 (+4,197 PHP)
Epoch 035/50 | [PROFIT-LOG] train_loss=0.000059 val_loss=-0.000113 | train_profit=0.109379 (+10,938 PHP) val_profit=0.058959 (+5,896 PHP) | train_geo=-0.014519 (-1,452 PHP) val_geo=0.041971 (+4,197 PHP)
Epoch 036/50 | [PROFIT-LOG] train_loss=0.000059 val_loss=-0.000113 | train_profit=0.109379 (+10,938 PHP) val_profit=0.058959 (+5,896 PHP) | train_geo=-0.014519 (-1,452 PHP) val_geo=0.041971 (+4,197 PHP)
Epoch 037/50 | [PROFIT-LOG] train_loss=0.000059 val_loss=-0.000113 | train_profit=0.109379 (+10,938 PHP) val_profit=0.058959 (+5,896 PHP) | train_geo=-0.014519 (-1,452 PHP) val_geo=0.041971 (+4,197 PHP)
Epoch 038/50 | [PROFIT-LOG] train_loss=0.000059 val_loss=-0.000113 | train_profit=0.109379 (+10,938 PHP) val_profit=0.058959 (+5,896 PHP) | train_geo=-0.014519 (-1,452 PHP) val_geo=0.041971 (+4,197 PHP)
Epoch 039/50 | [PROFIT-LOG] train_loss=0.000059 val_loss=-0.000113 | train_profit=0.109379 (+10,938 PHP) val_profit=0.058959 (+5,896 PHP) | train_geo=-0.014519 (-1,452 PHP) val_geo=0.041971 (+4,197 PHP)
Epoch 040/50 | [PROFIT-LOG] train_loss=0.000059 val_loss=-0.000113 | train_profit=0.109379 (+10,938 PHP) val_profit=0.058959 (+5,896 PHP) | train_geo=-0.014519 (-1,452 PHP) val_geo=0.041971 (+4,197 PHP)
Epoch 041/50 | [PROFIT-LOG] train_loss=0.000059 val_loss=-0.000113 | train_profit=0.109379 (+10,938 PHP) val_profit=0.058959 (+5,896 PHP) | train_geo=-0.014519 (-1,452 PHP) val_geo=0.041971 (+4,197 PHP)
Epoch 042/50 | [PROFIT-LOG] train_loss=0.000059 val_loss=-0.000113 | train_profit=0.109379 (+10,938 PHP) val_profit=0.058959 (+5,896 PHP) | train_geo=-0.014519 (-1,452 PHP) val_geo=0.041971 (+4,197 PHP)
Epoch 043/50 | [PROFIT-LOG] train_loss=0.000059 val_loss=-0.000113 | train_profit=0.109379 (+10,938 PHP) val_profit=0.058959 (+5,896 PHP) | train_geo=-0.014519 (-1,452 PHP) val_geo=0.041971 (+4,197 PHP)
Epoch 044/50 | [PROFIT-LOG] train_loss=0.000059 val_loss=-0.000113 | train_profit=0.109379 (+10,938 PHP) val_profit=0.058959 (+5,896 PHP) | train_geo=-0.014519 (-1,452 PHP) val_geo=0.041971 (+4,197 PHP)
Epoch 045/50 | [PROFIT-LOG] train_loss=0.000059 val_loss=-0.000113 | train_profit=0.109379 (+10,938 PHP) val_profit=0.058959 (+5,896 PHP) | train_geo=-0.014519 (-1,452 PHP) val_geo=0.041971 (+4,197 PHP)
Epoch 046/50 | [PROFIT-LOG] train_loss=0.000059 val_loss=-0.000113 | train_profit=0.109379 (+10,938 PHP) val_profit=0.058959 (+5,896 PHP) | train_geo=-0.014519 (-1,452 PHP) val_geo=0.041971 (+4,197 PHP)
Epoch 047/50 | [PROFIT-LOG] train_loss=0.000059 val_loss=-0.000113 | train_profit=0.109379 (+10,938 PHP) val_profit=0.058959 (+5,896 PHP) | train_geo=-0.014519 (-1,452 PHP) val_geo=0.041971 (+4,197 PHP)
Epoch 048/50 | [PROFIT-LOG] train_loss=0.000059 val_loss=-0.000113 | train_profit=0.109379 (+10,938 PHP) val_profit=0.058959 (+5,896 PHP) | train_geo=-0.014519 (-1,452 PHP) val_geo=0.041971 (+4,197 PHP)
Epoch 049/50 | [PROFIT-LOG] train_loss=0.000059 val_loss=-0.000113 | train_profit=0.109379 (+10,938 PHP) val_profit=0.058959 (+5,896 PHP) | train_geo=-0.014519 (-1,452 PHP) val_geo=0.041971 (+4,197 PHP)
Epoch 050/50 | [PROFIT-LOG] train_loss=0.000059 val_loss=-0.000113 | train_profit=0.109379 (+10,938 PHP) val_profit=0.058959 (+5,896 PHP) | train_geo=-0.014519 (-1,452 PHP) val_geo=0.041971 (+4,197 PHP)
[23/23] PSEI.PS    (index ) profit-log    dir_acc=0.487 cum_ret=-0.0596 geo_ret=-0.0741 sharpe=-0.289 (buy&hold=+0.0421) [4.3s]

Total benchmark time: 383.3s

==============================================================================
  AGGREGATE SUMMARY (mean across symbols)
==============================================================================
  Loss               DirAcc      CumRet      GeoRet    Sharpe      RMSE
  --------------------------------------------------------------------------
  mse                0.5108     +0.2103     +0.2551    +0.244   0.02225
  profit-aware       0.5140     +0.3477     +0.3736    +0.745   0.04876
  profit-log         0.5057     +0.3741     +0.4939    +0.628   0.11276
  buy & hold                    +0.3685

==============================================================================
  BY TIER (mean across symbols in tier)
==============================================================================
  Loss               DirAcc      CumRet      GeoRet    Sharpe      RMSE
  --------------------------------------------------------------------------
  strong/mse         0.5157     +0.3005     +0.3182    +0.640   0.01937
  strong/profit-aware    0.5175     +0.3647     +0.3862    +0.852   0.04342
  strong/profit-log    0.5157     +0.3585     +0.3809    +0.826   0.10339

  mid/mse            0.5123     +0.0818     +0.0659    +0.291   0.01547
  mid/profit-aware    0.5136     +0.2612     +0.2881    +0.885   0.03492
  mid/profit-log     0.4851     +0.0848     +0.1516    +0.081   0.08595

  weak/mse           0.5061     +0.3367     +0.4807    -0.006   0.03559
  weak/profit-aware    0.5056     +0.4676     +0.5022    +0.413   0.07542
  weak/profit-log    0.5125     +0.7536     +1.0554    +0.938   0.16268

  index/mse          0.5051     -0.0985     -0.0932    -0.426   0.00932
  index/profit-aware    0.5324     +0.1716     +0.1793    +1.050   0.02261
  index/profit-log    0.5193     +0.1130     +0.1217    +0.766   0.06465


  profit-aware beats MSE on (out of 23 symbols):
    Geometric return: 16/23
    Sharpe-like:      16/23
    Directional acc:  16/23

  profit-log beats MSE on (out of 23 symbols):
    Geometric return: 15/23
    Sharpe-like:      15/23
    Directional acc:  11/23

Saved per-symbol results to results\benchmark_full_v2.csv
Saved aggregate summary to results\benchmark_full_v2_summary.txt
