Using device: cuda
Benchmarking 37 symbols x 2 losses: ['NVDA', 'MSFT', 'AAPL', 'COST', 'V', 'AVGO', 'DIS', 'KO', 'JNJ', 'XOM', 'PFE', 'WMT', 'T', 'KHC', 'F', 'PYPL', 'BA', 'NKE', 'SPY', 'PSE:ICT', 'PSE:CNPF', 'PSE:AREIT', 'PSE:MER', 'PSE:BPI', 'PSE:BDO', 'PSE:GLO', 'PSE:PGOLD', 'PSE:TEL', 'PSE:MBT', 'PSE:SM', 'PSE:AEV', 'PSE:SMPH', 'PSE:EW', 'PSE:MEG', 'PSE:URC', 'PSE:ALI', 'PSE:PSEI']

Epoch 001/50 | [MSE] train_loss=0.001438 val_loss=0.001698 | train_profit=0.535959 (+53,596 PHP) val_profit=0.793629 (+79,363 PHP) | train_geo=-0.220766 (-22,077 PHP) val_geo=0.775451 (+77,545 PHP)
Epoch 002/50 | [MSE] train_loss=0.001280 val_loss=0.001531 | train_profit=1.471542 (+147,154 PHP) val_profit=0.793629 (+79,363 PHP) | train_geo=0.986263 (+98,626 PHP) val_geo=0.775451 (+77,545 PHP)
Epoch 003/50 | [MSE] train_loss=0.001180 val_loss=0.001673 | train_profit=0.971718 (+97,172 PHP) val_profit=0.793629 (+79,363 PHP) | train_geo=0.203027 (+20,303 PHP) val_geo=0.775451 (+77,545 PHP)
Epoch 004/50 | [MSE] train_loss=0.001225 val_loss=0.001766 | train_profit=1.645222 (+164,522 PHP) val_profit=0.793629 (+79,363 PHP) | train_geo=1.367115 (+136,711 PHP) val_geo=0.775451 (+77,545 PHP)
Epoch 005/50 | [MSE] train_loss=0.001235 val_loss=0.001638 | train_profit=-0.874816 (-87,482 PHP) val_profit=0.793629 (+79,363 PHP) | train_geo=-0.811904 (-81,190 PHP) val_geo=0.775451 (+77,545 PHP)
Epoch 006/50 | [MSE] train_loss=0.001208 val_loss=0.001428 | train_profit=-2.979233 (-297,923 PHP) val_profit=0.793629 (+79,363 PHP) | train_geo=-0.977153 (-97,715 PHP) val_geo=0.775451 (+77,545 PHP)
Epoch 007/50 | [MSE] train_loss=0.001124 val_loss=0.001410 | train_profit=-2.910729 (-291,073 PHP) val_profit=0.793629 (+79,363 PHP) | train_geo=-0.975493 (-97,549 PHP) val_geo=0.775451 (+77,545 PHP)
Epoch 008/50 | [MSE] train_loss=0.001084 val_loss=0.001414 | train_profit=-2.053310 (-205,331 PHP) val_profit=0.793629 (+79,363 PHP) | train_geo=-0.941476 (-94,148 PHP) val_geo=0.775451 (+77,545 PHP)
Epoch 009/50 | [MSE] train_loss=0.001100 val_loss=0.001415 | train_profit=-2.625986 (-262,599 PHP) val_profit=0.793629 (+79,363 PHP) | train_geo=-0.967360 (-96,736 PHP) val_geo=0.775451 (+77,545 PHP)
Epoch 010/50 | [MSE] train_loss=0.001095 val_loss=0.001414 | train_profit=-2.465361 (-246,536 PHP) val_profit=0.793629 (+79,363 PHP) | train_geo=-0.961725 (-96,173 PHP) val_geo=0.775451 (+77,545 PHP)
Epoch 011/50 | [MSE] train_loss=0.001093 val_loss=0.001421 | train_profit=-3.211739 (-321,174 PHP) val_profit=0.793629 (+79,363 PHP) | train_geo=-0.981868 (-98,187 PHP) val_geo=0.775451 (+77,545 PHP)
Epoch 012/50 | [MSE] train_loss=0.001085 val_loss=0.001416 | train_profit=-3.042184 (-304,218 PHP) val_profit=0.793629 (+79,363 PHP) | train_geo=-0.978528 (-97,853 PHP) val_geo=0.775451 (+77,545 PHP)
Epoch 013/50 | [MSE] train_loss=0.001089 val_loss=0.001420 | train_profit=-1.981459 (-198,146 PHP) val_profit=0.793629 (+79,363 PHP) | train_geo=-0.937753 (-93,775 PHP) val_geo=0.775451 (+77,545 PHP)
Epoch 014/50 | [MSE] train_loss=0.001093 val_loss=0.001419 | train_profit=-2.497435 (-249,744 PHP) val_profit=0.793629 (+79,363 PHP) | train_geo=-0.962950 (-96,295 PHP) val_geo=0.775451 (+77,545 PHP)
Epoch 015/50 | [MSE] train_loss=0.001079 val_loss=0.001417 | train_profit=-1.832392 (-183,239 PHP) val_profit=0.793629 (+79,363 PHP) | train_geo=-0.927093 (-92,709 PHP) val_geo=0.775451 (+77,545 PHP)
Epoch 016/50 | [MSE] train_loss=0.001080 val_loss=0.001424 | train_profit=-1.860851 (-186,085 PHP) val_profit=0.793629 (+79,363 PHP) | train_geo=-0.929844 (-92,984 PHP) val_geo=0.775451 (+77,545 PHP)
Epoch 017/50 | [MSE] train_loss=0.001095 val_loss=0.001416 | train_profit=-2.867058 (-286,706 PHP) val_profit=0.793629 (+79,363 PHP) | train_geo=-0.974395 (-97,439 PHP) val_geo=0.775451 (+77,545 PHP)
Epoch 018/50 | [MSE] train_loss=0.001088 val_loss=0.001411 | train_profit=-2.870609 (-287,061 PHP) val_profit=0.793629 (+79,363 PHP) | train_geo=-0.974505 (-97,450 PHP) val_geo=0.775451 (+77,545 PHP)
Epoch 019/50 | [MSE] train_loss=0.001078 val_loss=0.001414 | train_profit=-2.128836 (-212,884 PHP) val_profit=0.793629 (+79,363 PHP) | train_geo=-0.946394 (-94,639 PHP) val_geo=0.775451 (+77,545 PHP)
Epoch 020/50 | [MSE] train_loss=0.001079 val_loss=0.001419 | train_profit=-2.042131 (-204,213 PHP) val_profit=0.793629 (+79,363 PHP) | train_geo=-0.941486 (-94,149 PHP) val_geo=0.775451 (+77,545 PHP)
Epoch 021/50 | [MSE] train_loss=0.001088 val_loss=0.001411 | train_profit=-3.282763 (-328,276 PHP) val_profit=0.793629 (+79,363 PHP) | train_geo=-0.983117 (-98,312 PHP) val_geo=0.775451 (+77,545 PHP)
Epoch 022/50 | [MSE] train_loss=0.001080 val_loss=0.001412 | train_profit=-1.958823 (-195,882 PHP) val_profit=0.793629 (+79,363 PHP) | train_geo=-0.936375 (-93,637 PHP) val_geo=0.775451 (+77,545 PHP)
Epoch 023/50 | [MSE] train_loss=0.001075 val_loss=0.001412 | train_profit=-2.128918 (-212,892 PHP) val_profit=0.793629 (+79,363 PHP) | train_geo=-0.946318 (-94,632 PHP) val_geo=0.775451 (+77,545 PHP)
Epoch 024/50 | [MSE] train_loss=0.001080 val_loss=0.001413 | train_profit=-2.970605 (-297,061 PHP) val_profit=0.793629 (+79,363 PHP) | train_geo=-0.976929 (-97,693 PHP) val_geo=0.775451 (+77,545 PHP)
Epoch 025/50 | [MSE] train_loss=0.001074 val_loss=0.001410 | train_profit=-2.851123 (-285,112 PHP) val_profit=0.793629 (+79,363 PHP) | train_geo=-0.974012 (-97,401 PHP) val_geo=0.775451 (+77,545 PHP)
Epoch 026/50 | [MSE] train_loss=0.001071 val_loss=0.001409 | train_profit=-2.516372 (-251,637 PHP) val_profit=0.793629 (+79,363 PHP) | train_geo=-0.963670 (-96,367 PHP) val_geo=0.775451 (+77,545 PHP)
Epoch 027/50 | [MSE] train_loss=0.001074 val_loss=0.001413 | train_profit=-2.550659 (-255,066 PHP) val_profit=0.793629 (+79,363 PHP) | train_geo=-0.964842 (-96,484 PHP) val_geo=0.775451 (+77,545 PHP)
Epoch 028/50 | [MSE] train_loss=0.001074 val_loss=0.001409 | train_profit=-2.183338 (-218,334 PHP) val_profit=0.793629 (+79,363 PHP) | train_geo=-0.949186 (-94,919 PHP) val_geo=0.775451 (+77,545 PHP)
Epoch 029/50 | [MSE] train_loss=0.001070 val_loss=0.001411 | train_profit=-2.861786 (-286,179 PHP) val_profit=0.793629 (+79,363 PHP) | train_geo=-0.974012 (-97,401 PHP) val_geo=0.775451 (+77,545 PHP)
Epoch 030/50 | [MSE] train_loss=0.001073 val_loss=0.001410 | train_profit=-2.635301 (-263,530 PHP) val_profit=0.793629 (+79,363 PHP) | train_geo=-0.967708 (-96,771 PHP) val_geo=0.775451 (+77,545 PHP)
Epoch 031/50 | [MSE] train_loss=0.001068 val_loss=0.001410 | train_profit=-1.659772 (-165,977 PHP) val_profit=0.793629 (+79,363 PHP) | train_geo=-0.914216 (-91,422 PHP) val_geo=0.775451 (+77,545 PHP)
Epoch 032/50 | [MSE] train_loss=0.001071 val_loss=0.001408 | train_profit=-2.273223 (-227,322 PHP) val_profit=0.793629 (+79,363 PHP) | train_geo=-0.953653 (-95,365 PHP) val_geo=0.775451 (+77,545 PHP)
Epoch 033/50 | [MSE] train_loss=0.001070 val_loss=0.001407 | train_profit=-2.388161 (-238,816 PHP) val_profit=0.793629 (+79,363 PHP) | train_geo=-0.958670 (-95,867 PHP) val_geo=0.775451 (+77,545 PHP)
Epoch 034/50 | [MSE] train_loss=0.001065 val_loss=0.001408 | train_profit=-2.710356 (-271,036 PHP) val_profit=0.793629 (+79,363 PHP) | train_geo=-0.970098 (-97,010 PHP) val_geo=0.775451 (+77,545 PHP)
Epoch 035/50 | [MSE] train_loss=0.001066 val_loss=0.001409 | train_profit=-2.344624 (-234,462 PHP) val_profit=0.793629 (+79,363 PHP) | train_geo=-0.956861 (-95,686 PHP) val_geo=0.775451 (+77,545 PHP)
Epoch 036/50 | [MSE] train_loss=0.001067 val_loss=0.001411 | train_profit=-2.571212 (-257,121 PHP) val_profit=0.793629 (+79,363 PHP) | train_geo=-0.965239 (-96,524 PHP) val_geo=0.775451 (+77,545 PHP)
Epoch 037/50 | [MSE] train_loss=0.001067 val_loss=0.001408 | train_profit=-2.135646 (-213,565 PHP) val_profit=0.790594 (+79,059 PHP) | train_geo=-0.946744 (-94,674 PHP) val_geo=0.770000 (+77,000 PHP)
Epoch 038/50 | [MSE] train_loss=0.001061 val_loss=0.001410 | train_profit=-0.949028 (-94,903 PHP) val_profit=0.793629 (+79,363 PHP) | train_geo=-0.823248 (-82,325 PHP) val_geo=0.775451 (+77,545 PHP)
Epoch 039/50 | [MSE] train_loss=0.001065 val_loss=0.001409 | train_profit=-3.047062 (-304,706 PHP) val_profit=0.790594 (+79,059 PHP) | train_geo=-0.978647 (-97,865 PHP) val_geo=0.770000 (+77,000 PHP)
Epoch 040/50 | [MSE] train_loss=0.001063 val_loss=0.001409 | train_profit=-1.990075 (-199,007 PHP) val_profit=0.790594 (+79,059 PHP) | train_geo=-0.938360 (-93,836 PHP) val_geo=0.770000 (+77,000 PHP)
Epoch 041/50 | [MSE] train_loss=0.001062 val_loss=0.001410 | train_profit=-2.024153 (-202,415 PHP) val_profit=0.793629 (+79,363 PHP) | train_geo=-0.939886 (-93,989 PHP) val_geo=0.775451 (+77,545 PHP)
Epoch 042/50 | [MSE] train_loss=0.001064 val_loss=0.001408 | train_profit=-2.327077 (-232,708 PHP) val_profit=0.793629 (+79,363 PHP) | train_geo=-0.956055 (-95,606 PHP) val_geo=0.775451 (+77,545 PHP)
Epoch 043/50 | [MSE] train_loss=0.001062 val_loss=0.001409 | train_profit=-2.507558 (-250,756 PHP) val_profit=0.790594 (+79,059 PHP) | train_geo=-0.963329 (-96,333 PHP) val_geo=0.770000 (+77,000 PHP)
Epoch 044/50 | [MSE] train_loss=0.001059 val_loss=0.001409 | train_profit=-1.313695 (-131,370 PHP) val_profit=0.753186 (+75,319 PHP) | train_geo=-0.878657 (-87,866 PHP) val_geo=0.705073 (+70,507 PHP)
Epoch 045/50 | [MSE] train_loss=0.001064 val_loss=0.001408 | train_profit=-1.168985 (-116,898 PHP) val_profit=0.790594 (+79,059 PHP) | train_geo=-0.858353 (-85,835 PHP) val_geo=0.770000 (+77,000 PHP)
Epoch 046/50 | [MSE] train_loss=0.001062 val_loss=0.001407 | train_profit=-1.887151 (-188,715 PHP) val_profit=0.753186 (+75,319 PHP) | train_geo=-0.931708 (-93,171 PHP) val_geo=0.705073 (+70,507 PHP)
Epoch 047/50 | [MSE] train_loss=0.001058 val_loss=0.001408 | train_profit=-1.239122 (-123,912 PHP) val_profit=0.753186 (+75,319 PHP) | train_geo=-0.868150 (-86,815 PHP) val_geo=0.705073 (+70,507 PHP)
Epoch 048/50 | [MSE] train_loss=0.001059 val_loss=0.001408 | train_profit=-1.942546 (-194,255 PHP) val_profit=0.753186 (+75,319 PHP) | train_geo=-0.935380 (-93,538 PHP) val_geo=0.705073 (+70,507 PHP)
Epoch 049/50 | [MSE] train_loss=0.001065 val_loss=0.001408 | train_profit=-1.151510 (-115,151 PHP) val_profit=0.651754 (+65,175 PHP) | train_geo=-0.855813 (-85,581 PHP) val_geo=0.540516 (+54,052 PHP)
Epoch 050/50 | [MSE] train_loss=0.001062 val_loss=0.001408 | train_profit=-2.786062 (-278,606 PHP) val_profit=0.753186 (+75,319 PHP) | train_geo=-0.972274 (-97,227 PHP) val_geo=0.705073 (+70,507 PHP)
[1/37] NVDA       (strong) mse           dir_acc=0.528 cum_ret=+0.6190 geo_ret=+0.7100 sharpe=+1.352 (buy&hold=+0.7117 always_short=-0.5051) [DEGENERATE: constant signal]
  [5.1s total]
Epoch 001/50 | train_loss=0.001403 val_loss=-0.000148 | train_profit=0.669827 (+66,983 PHP) val_profit=0.721499 (+72,150 PHP) | train_geo=-0.114669 (-11,467 PHP) val_geo=0.651533 (+65,153 PHP)
Epoch 002/50 | train_loss=-0.000450 val_loss=-0.000706 | train_profit=3.237095 (+323,709 PHP) val_profit=0.793629 (+79,363 PHP) | train_geo=10.650498 (+1,065,050 PHP) val_geo=0.775451 (+77,545 PHP)
Epoch 003/50 | train_loss=-0.000830 val_loss=-0.000665 | train_profit=3.314152 (+331,415 PHP) val_profit=0.793629 (+79,363 PHP) | train_geo=11.592131 (+1,159,213 PHP) val_geo=0.775451 (+77,545 PHP)
Epoch 004/50 | train_loss=-0.000789 val_loss=-0.000485 | train_profit=3.270047 (+327,005 PHP) val_profit=0.793629 (+79,363 PHP) | train_geo=11.040812 (+1,104,081 PHP) val_geo=0.775451 (+77,545 PHP)
Epoch 005/50 | train_loss=-0.000768 val_loss=-0.000635 | train_profit=3.270047 (+327,005 PHP) val_profit=0.793629 (+79,363 PHP) | train_geo=11.040812 (+1,104,081 PHP) val_geo=0.775451 (+77,545 PHP)
Epoch 006/50 | train_loss=-0.000770 val_loss=-0.000519 | train_profit=3.270047 (+327,005 PHP) val_profit=0.793629 (+79,363 PHP) | train_geo=11.040812 (+1,104,081 PHP) val_geo=0.775451 (+77,545 PHP)
Epoch 007/50 | train_loss=-0.000700 val_loss=-0.000128 | train_profit=3.205411 (+320,541 PHP) val_profit=0.793629 (+79,363 PHP) | train_geo=10.285434 (+1,028,543 PHP) val_geo=0.775451 (+77,545 PHP)
Epoch 008/50 | train_loss=-0.000034 val_loss=-0.000827 | train_profit=1.677737 (+167,774 PHP) val_profit=0.793629 (+79,363 PHP) | train_geo=1.439337 (+143,934 PHP) val_geo=0.775451 (+77,545 PHP)
Epoch 009/50 | train_loss=-0.000031 val_loss=-0.000891 | train_profit=3.134766 (+313,477 PHP) val_profit=0.793629 (+79,363 PHP) | train_geo=9.514546 (+951,455 PHP) val_geo=0.775451 (+77,545 PHP)
Epoch 010/50 | train_loss=-0.000772 val_loss=-0.000864 | train_profit=3.270047 (+327,005 PHP) val_profit=0.793629 (+79,363 PHP) | train_geo=11.040812 (+1,104,081 PHP) val_geo=0.775451 (+77,545 PHP)
Epoch 011/50 | train_loss=-0.000744 val_loss=-0.000891 | train_profit=3.270047 (+327,005 PHP) val_profit=0.793629 (+79,363 PHP) | train_geo=11.040812 (+1,104,081 PHP) val_geo=0.775451 (+77,545 PHP)
Epoch 012/50 | train_loss=-0.000764 val_loss=-0.000934 | train_profit=3.270047 (+327,005 PHP) val_profit=0.793629 (+79,363 PHP) | train_geo=11.040812 (+1,104,081 PHP) val_geo=0.775451 (+77,545 PHP)
Epoch 013/50 | train_loss=-0.000809 val_loss=-0.000906 | train_profit=3.270047 (+327,005 PHP) val_profit=0.793629 (+79,363 PHP) | train_geo=11.040812 (+1,104,081 PHP) val_geo=0.775451 (+77,545 PHP)
Epoch 014/50 | train_loss=-0.000859 val_loss=-0.000907 | train_profit=3.270047 (+327,005 PHP) val_profit=0.793629 (+79,363 PHP) | train_geo=11.040812 (+1,104,081 PHP) val_geo=0.775451 (+77,545 PHP)
Epoch 015/50 | train_loss=-0.000908 val_loss=-0.000911 | train_profit=3.270047 (+327,005 PHP) val_profit=0.793629 (+79,363 PHP) | train_geo=11.040812 (+1,104,081 PHP) val_geo=0.775451 (+77,545 PHP)
Epoch 016/50 | train_loss=-0.001002 val_loss=-0.000890 | train_profit=3.270047 (+327,005 PHP) val_profit=0.793629 (+79,363 PHP) | train_geo=11.040812 (+1,104,081 PHP) val_geo=0.775451 (+77,545 PHP)
Epoch 017/50 | train_loss=-0.000935 val_loss=-0.000897 | train_profit=3.270047 (+327,005 PHP) val_profit=0.793629 (+79,363 PHP) | train_geo=11.040812 (+1,104,081 PHP) val_geo=0.775451 (+77,545 PHP)
Epoch 018/50 | train_loss=-0.001023 val_loss=-0.000871 | train_profit=3.270047 (+327,005 PHP) val_profit=0.793629 (+79,363 PHP) | train_geo=11.040812 (+1,104,081 PHP) val_geo=0.775451 (+77,545 PHP)
Epoch 019/50 | train_loss=-0.001004 val_loss=-0.000852 | train_profit=3.270047 (+327,005 PHP) val_profit=0.793629 (+79,363 PHP) | train_geo=11.040812 (+1,104,081 PHP) val_geo=0.775451 (+77,545 PHP)
Epoch 020/50 | train_loss=-0.000985 val_loss=-0.000855 | train_profit=3.270047 (+327,005 PHP) val_profit=0.793629 (+79,363 PHP) | train_geo=11.040812 (+1,104,081 PHP) val_geo=0.775451 (+77,545 PHP)
Epoch 021/50 | train_loss=-0.000994 val_loss=-0.000856 | train_profit=3.270047 (+327,005 PHP) val_profit=0.793629 (+79,363 PHP) | train_geo=11.040812 (+1,104,081 PHP) val_geo=0.775451 (+77,545 PHP)
Epoch 022/50 | train_loss=-0.000998 val_loss=-0.000850 | train_profit=3.270047 (+327,005 PHP) val_profit=0.793629 (+79,363 PHP) | train_geo=11.040812 (+1,104,081 PHP) val_geo=0.775451 (+77,545 PHP)
Epoch 023/50 | train_loss=-0.000977 val_loss=-0.000805 | train_profit=3.270047 (+327,005 PHP) val_profit=0.793629 (+79,363 PHP) | train_geo=11.040812 (+1,104,081 PHP) val_geo=0.775451 (+77,545 PHP)
Epoch 024/50 | train_loss=-0.000959 val_loss=-0.000820 | train_profit=3.270047 (+327,005 PHP) val_profit=0.793629 (+79,363 PHP) | train_geo=11.040812 (+1,104,081 PHP) val_geo=0.775451 (+77,545 PHP)
Epoch 025/50 | train_loss=-0.001037 val_loss=-0.000864 | train_profit=3.270047 (+327,005 PHP) val_profit=0.793629 (+79,363 PHP) | train_geo=11.040812 (+1,104,081 PHP) val_geo=0.775451 (+77,545 PHP)
Epoch 026/50 | train_loss=-0.001061 val_loss=-0.000811 | train_profit=3.270047 (+327,005 PHP) val_profit=0.793629 (+79,363 PHP) | train_geo=11.040812 (+1,104,081 PHP) val_geo=0.775451 (+77,545 PHP)
Epoch 027/50 | train_loss=-0.001042 val_loss=-0.000787 | train_profit=3.270047 (+327,005 PHP) val_profit=0.793629 (+79,363 PHP) | train_geo=11.040812 (+1,104,081 PHP) val_geo=0.775451 (+77,545 PHP)
Epoch 028/50 | train_loss=-0.001036 val_loss=-0.000788 | train_profit=3.270047 (+327,005 PHP) val_profit=0.793629 (+79,363 PHP) | train_geo=11.040812 (+1,104,081 PHP) val_geo=0.775451 (+77,545 PHP)
Epoch 029/50 | train_loss=-0.001014 val_loss=-0.000774 | train_profit=3.270047 (+327,005 PHP) val_profit=0.793629 (+79,363 PHP) | train_geo=11.040812 (+1,104,081 PHP) val_geo=0.775451 (+77,545 PHP)
Epoch 030/50 | train_loss=-0.001018 val_loss=-0.000805 | train_profit=3.270047 (+327,005 PHP) val_profit=0.793629 (+79,363 PHP) | train_geo=11.040812 (+1,104,081 PHP) val_geo=0.775451 (+77,545 PHP)
Epoch 031/50 | train_loss=-0.001079 val_loss=-0.000770 | train_profit=3.270047 (+327,005 PHP) val_profit=0.793629 (+79,363 PHP) | train_geo=11.040812 (+1,104,081 PHP) val_geo=0.775451 (+77,545 PHP)
Epoch 032/50 | train_loss=-0.001046 val_loss=-0.000765 | train_profit=3.270047 (+327,005 PHP) val_profit=0.793629 (+79,363 PHP) | train_geo=11.040812 (+1,104,081 PHP) val_geo=0.775451 (+77,545 PHP)
Epoch 033/50 | train_loss=-0.001068 val_loss=-0.000743 | train_profit=3.270047 (+327,005 PHP) val_profit=0.793629 (+79,363 PHP) | train_geo=11.040812 (+1,104,081 PHP) val_geo=0.775451 (+77,545 PHP)
Epoch 034/50 | train_loss=-0.001055 val_loss=-0.000781 | train_profit=3.252269 (+325,227 PHP) val_profit=0.793629 (+79,363 PHP) | train_geo=10.828794 (+1,082,880 PHP) val_geo=0.775451 (+77,545 PHP)
Epoch 035/50 | train_loss=-0.001083 val_loss=-0.000938 | train_profit=2.995798 (+299,580 PHP) val_profit=0.945432 (+94,543 PHP) | train_geo=8.134069 (+813,407 PHP) val_geo=1.066925 (+106,692 PHP)
Epoch 036/50 | train_loss=-0.001082 val_loss=-0.000839 | train_profit=3.443376 (+344,338 PHP) val_profit=0.793629 (+79,363 PHP) | train_geo=13.322290 (+1,332,229 PHP) val_geo=0.775451 (+77,545 PHP)
Epoch 037/50 | train_loss=-0.001133 val_loss=-0.000863 | train_profit=3.457724 (+345,772 PHP) val_profit=0.945432 (+94,543 PHP) | train_geo=13.561988 (+1,356,199 PHP) val_geo=1.066925 (+106,692 PHP)
Epoch 038/50 | train_loss=-0.001235 val_loss=-0.000993 | train_profit=4.159833 (+415,983 PHP) val_profit=1.000547 (+100,055 PHP) | train_geo=28.468206 (+2,846,821 PHP) val_geo=1.184190 (+118,419 PHP)
Epoch 039/50 | train_loss=-0.001289 val_loss=-0.001058 | train_profit=4.040191 (+404,019 PHP) val_profit=0.967884 (+96,788 PHP) | train_geo=25.141911 (+2,514,191 PHP) val_geo=1.113936 (+111,394 PHP)
Epoch 040/50 | train_loss=-0.001428 val_loss=-0.001082 | train_profit=3.893044 (+389,304 PHP) val_profit=0.737656 (+73,766 PHP) | train_geo=21.524015 (+2,152,402 PHP) val_geo=0.678002 (+67,800 PHP)
Epoch 041/50 | train_loss=-0.001546 val_loss=-0.001194 | train_profit=4.559841 (+455,984 PHP) val_profit=0.953498 (+95,350 PHP) | train_geo=42.958534 (+4,295,854 PHP) val_geo=1.083381 (+108,338 PHP)
Epoch 042/50 | train_loss=-0.001633 val_loss=-0.001251 | train_profit=4.420471 (+442,047 PHP) val_profit=0.848142 (+84,814 PHP) | train_geo=37.235329 (+3,723,533 PHP) val_geo=0.874683 (+87,468 PHP)
Epoch 043/50 | train_loss=-0.001645 val_loss=-0.001378 | train_profit=4.405109 (+440,511 PHP) val_profit=0.961421 (+96,142 PHP) | train_geo=36.688999 (+3,668,900 PHP) val_geo=1.099973 (+109,997 PHP)
Epoch 044/50 | train_loss=-0.001462 val_loss=-0.000705 | train_profit=3.686350 (+368,635 PHP) val_profit=0.853044 (+85,304 PHP) | train_geo=17.341187 (+1,734,119 PHP) val_geo=0.884225 (+88,423 PHP)
Epoch 045/50 | train_loss=-0.001478 val_loss=-0.001002 | train_profit=4.222906 (+422,291 PHP) val_profit=0.967884 (+96,788 PHP) | train_geo=30.398514 (+3,039,852 PHP) val_geo=1.113936 (+111,394 PHP)
Epoch 046/50 | train_loss=-0.001613 val_loss=-0.000477 | train_profit=4.105811 (+410,581 PHP) val_profit=0.853044 (+85,304 PHP) | train_geo=26.925013 (+2,692,501 PHP) val_geo=0.884225 (+88,423 PHP)
Epoch 047/50 | train_loss=-0.001808 val_loss=-0.000971 | train_profit=4.695690 (+469,569 PHP) val_profit=0.848142 (+84,814 PHP) | train_geo=49.423985 (+4,942,398 PHP) val_geo=0.874683 (+87,468 PHP)
Epoch 048/50 | train_loss=-0.001872 val_loss=-0.000992 | train_profit=4.362185 (+436,218 PHP) val_profit=0.824338 (+82,434 PHP) | train_geo=35.054379 (+3,505,438 PHP) val_geo=0.830596 (+83,060 PHP)
Epoch 049/50 | train_loss=-0.001871 val_loss=-0.001155 | train_profit=4.902781 (+490,278 PHP) val_profit=0.986777 (+98,678 PHP) | train_geo=61.016830 (+6,101,683 PHP) val_geo=1.154040 (+115,404 PHP)
Epoch 050/50 | train_loss=-0.001588 val_loss=-0.000873 | train_profit=4.222223 (+422,222 PHP) val_profit=0.781664 (+78,166 PHP) | train_geo=30.326765 (+3,032,676 PHP) val_geo=0.754152 (+75,415 PHP)
[1/37] NVDA       (strong) profit-aware  dir_acc=0.537 cum_ret=+0.5819 geo_ret=+0.6474 sharpe=+1.269 (buy&hold=+0.7117 always_short=-0.5051)
  [5.0s total]
Epoch 001/50 | [MSE] train_loss=0.000519 val_loss=0.000340 | train_profit=-0.397166 (-39,717 PHP) val_profit=0.140934 (+14,093 PHP) | train_geo=-0.485901 (-48,590 PHP) val_geo=0.108678 (+10,868 PHP)
Epoch 002/50 | [MSE] train_loss=0.000413 val_loss=0.000265 | train_profit=-0.757698 (-75,770 PHP) val_profit=0.140934 (+14,093 PHP) | train_geo=-0.643350 (-64,335 PHP) val_geo=0.108678 (+10,868 PHP)
Epoch 003/50 | [MSE] train_loss=0.000374 val_loss=0.000259 | train_profit=-0.392657 (-39,266 PHP) val_profit=0.140934 (+14,093 PHP) | train_geo=-0.484410 (-48,441 PHP) val_geo=0.108678 (+10,868 PHP)
Epoch 004/50 | [MSE] train_loss=0.000367 val_loss=0.000254 | train_profit=-0.519946 (-51,995 PHP) val_profit=0.140934 (+14,093 PHP) | train_geo=-0.545364 (-54,536 PHP) val_geo=0.108678 (+10,868 PHP)
Epoch 005/50 | [MSE] train_loss=0.000363 val_loss=0.000256 | train_profit=0.137761 (+13,776 PHP) val_profit=0.140934 (+14,093 PHP) | train_geo=-0.121895 (-12,189 PHP) val_geo=0.108678 (+10,868 PHP)
Epoch 006/50 | [MSE] train_loss=0.000364 val_loss=0.000255 | train_profit=-0.657653 (-65,765 PHP) val_profit=0.140934 (+14,093 PHP) | train_geo=-0.603762 (-60,376 PHP) val_geo=0.108678 (+10,868 PHP)
Epoch 007/50 | [MSE] train_loss=0.000361 val_loss=0.000263 | train_profit=0.035859 (+3,586 PHP) val_profit=0.140934 (+14,093 PHP) | train_geo=-0.205736 (-20,574 PHP) val_geo=0.108678 (+10,868 PHP)
Epoch 008/50 | [MSE] train_loss=0.000363 val_loss=0.000259 | train_profit=-0.042350 (-4,235 PHP) val_profit=0.140934 (+14,093 PHP) | train_geo=-0.266928 (-26,693 PHP) val_geo=0.108678 (+10,868 PHP)
Epoch 009/50 | [MSE] train_loss=0.000361 val_loss=0.000261 | train_profit=-0.304197 (-30,420 PHP) val_profit=0.140934 (+14,093 PHP) | train_geo=-0.436005 (-43,601 PHP) val_geo=0.108678 (+10,868 PHP)
Epoch 010/50 | [MSE] train_loss=0.000362 val_loss=0.000262 | train_profit=-0.402159 (-40,216 PHP) val_profit=0.140934 (+14,093 PHP) | train_geo=-0.488813 (-48,881 PHP) val_geo=0.108678 (+10,868 PHP)
Epoch 011/50 | [MSE] train_loss=0.000359 val_loss=0.000257 | train_profit=0.761502 (+76,150 PHP) val_profit=0.140934 (+14,093 PHP) | train_geo=0.639319 (+63,932 PHP) val_geo=0.108678 (+10,868 PHP)
Epoch 012/50 | [MSE] train_loss=0.000357 val_loss=0.000255 | train_profit=-0.635715 (-63,572 PHP) val_profit=0.140934 (+14,093 PHP) | train_geo=-0.595343 (-59,534 PHP) val_geo=0.108678 (+10,868 PHP)
Epoch 013/50 | [MSE] train_loss=0.000357 val_loss=0.000255 | train_profit=0.620061 (+62,006 PHP) val_profit=0.140934 (+14,093 PHP) | train_geo=0.422015 (+42,201 PHP) val_geo=0.108678 (+10,868 PHP)
Epoch 014/50 | [MSE] train_loss=0.000358 val_loss=0.000254 | train_profit=0.190572 (+19,057 PHP) val_profit=0.140934 (+14,093 PHP) | train_geo=-0.074575 (-7,457 PHP) val_geo=0.108678 (+10,868 PHP)
Epoch 015/50 | [MSE] train_loss=0.000356 val_loss=0.000255 | train_profit=0.066459 (+6,646 PHP) val_profit=0.140934 (+14,093 PHP) | train_geo=-0.182822 (-18,282 PHP) val_geo=0.108678 (+10,868 PHP)
Epoch 016/50 | [MSE] train_loss=0.000355 val_loss=0.000260 | train_profit=0.390571 (+39,057 PHP) val_profit=0.140934 (+14,093 PHP) | train_geo=0.130160 (+13,016 PHP) val_geo=0.108678 (+10,868 PHP)
Epoch 017/50 | [MSE] train_loss=0.000360 val_loss=0.000259 | train_profit=-0.426605 (-42,660 PHP) val_profit=0.140934 (+14,093 PHP) | train_geo=-0.501132 (-50,113 PHP) val_geo=0.108678 (+10,868 PHP)
Epoch 018/50 | [MSE] train_loss=0.000358 val_loss=0.000256 | train_profit=-0.118063 (-11,806 PHP) val_profit=0.140934 (+14,093 PHP) | train_geo=-0.320551 (-32,055 PHP) val_geo=0.108678 (+10,868 PHP)
Epoch 019/50 | [MSE] train_loss=0.000358 val_loss=0.000254 | train_profit=0.231941 (+23,194 PHP) val_profit=0.140934 (+14,093 PHP) | train_geo=-0.035937 (-3,594 PHP) val_geo=0.108678 (+10,868 PHP)
Epoch 020/50 | [MSE] train_loss=0.000356 val_loss=0.000255 | train_profit=-0.240859 (-24,086 PHP) val_profit=0.140934 (+14,093 PHP) | train_geo=-0.399318 (-39,932 PHP) val_geo=0.108678 (+10,868 PHP)
Epoch 021/50 | [MSE] train_loss=0.000355 val_loss=0.000255 | train_profit=-0.317987 (-31,799 PHP) val_profit=0.140934 (+14,093 PHP) | train_geo=-0.444121 (-44,412 PHP) val_geo=0.108678 (+10,868 PHP)
Epoch 022/50 | [MSE] train_loss=0.000356 val_loss=0.000258 | train_profit=-0.065090 (-6,509 PHP) val_profit=0.140934 (+14,093 PHP) | train_geo=-0.284281 (-28,428 PHP) val_geo=0.108678 (+10,868 PHP)
Epoch 023/50 | [MSE] train_loss=0.000354 val_loss=0.000255 | train_profit=0.789926 (+78,993 PHP) val_profit=0.140934 (+14,093 PHP) | train_geo=0.690358 (+69,036 PHP) val_geo=0.108678 (+10,868 PHP)
Epoch 024/50 | [MSE] train_loss=0.000355 val_loss=0.000259 | train_profit=0.168999 (+16,900 PHP) val_profit=0.140934 (+14,093 PHP) | train_geo=-0.094069 (-9,407 PHP) val_geo=0.108678 (+10,868 PHP)
Epoch 025/50 | [MSE] train_loss=0.000356 val_loss=0.000261 | train_profit=0.336861 (+33,686 PHP) val_profit=0.140934 (+14,093 PHP) | train_geo=0.070742 (+7,074 PHP) val_geo=0.108678 (+10,868 PHP)
Epoch 026/50 | [MSE] train_loss=0.000355 val_loss=0.000257 | train_profit=0.644248 (+64,425 PHP) val_profit=0.140934 (+14,093 PHP) | train_geo=0.456781 (+45,678 PHP) val_geo=0.108678 (+10,868 PHP)
Epoch 027/50 | [MSE] train_loss=0.000358 val_loss=0.000260 | train_profit=0.144154 (+14,415 PHP) val_profit=0.140934 (+14,093 PHP) | train_geo=-0.116521 (-11,652 PHP) val_geo=0.108678 (+10,868 PHP)
Epoch 028/50 | [MSE] train_loss=0.000355 val_loss=0.000257 | train_profit=0.557891 (+55,789 PHP) val_profit=0.140934 (+14,093 PHP) | train_geo=0.339338 (+33,934 PHP) val_geo=0.108678 (+10,868 PHP)
Epoch 029/50 | [MSE] train_loss=0.000355 val_loss=0.000258 | train_profit=0.257983 (+25,798 PHP) val_profit=0.140934 (+14,093 PHP) | train_geo=-0.010416 (-1,042 PHP) val_geo=0.108678 (+10,868 PHP)
Epoch 030/50 | [MSE] train_loss=0.000356 val_loss=0.000260 | train_profit=-0.359031 (-35,903 PHP) val_profit=0.140934 (+14,093 PHP) | train_geo=-0.466524 (-46,652 PHP) val_geo=0.108678 (+10,868 PHP)
Epoch 031/50 | [MSE] train_loss=0.000353 val_loss=0.000260 | train_profit=0.890568 (+89,057 PHP) val_profit=0.140934 (+14,093 PHP) | train_geo=0.864377 (+86,438 PHP) val_geo=0.108678 (+10,868 PHP)
Epoch 032/50 | [MSE] train_loss=0.000355 val_loss=0.000258 | train_profit=0.876175 (+87,617 PHP) val_profit=0.140934 (+14,093 PHP) | train_geo=0.838068 (+83,807 PHP) val_geo=0.108678 (+10,868 PHP)
Epoch 033/50 | [MSE] train_loss=0.000355 val_loss=0.000260 | train_profit=0.734977 (+73,498 PHP) val_profit=0.140934 (+14,093 PHP) | train_geo=0.599066 (+59,907 PHP) val_geo=0.108678 (+10,868 PHP)
Epoch 034/50 | [MSE] train_loss=0.000354 val_loss=0.000258 | train_profit=0.516896 (+51,690 PHP) val_profit=0.140934 (+14,093 PHP) | train_geo=0.282843 (+28,284 PHP) val_geo=0.108678 (+10,868 PHP)
Epoch 035/50 | [MSE] train_loss=0.000354 val_loss=0.000261 | train_profit=0.568010 (+56,801 PHP) val_profit=0.140934 (+14,093 PHP) | train_geo=0.350530 (+35,053 PHP) val_geo=0.108678 (+10,868 PHP)
Epoch 036/50 | [MSE] train_loss=0.000356 val_loss=0.000262 | train_profit=0.290099 (+29,010 PHP) val_profit=0.140934 (+14,093 PHP) | train_geo=0.021921 (+2,192 PHP) val_geo=0.108678 (+10,868 PHP)
Epoch 037/50 | [MSE] train_loss=0.000353 val_loss=0.000262 | train_profit=0.772415 (+77,242 PHP) val_profit=0.140934 (+14,093 PHP) | train_geo=0.655251 (+65,525 PHP) val_geo=0.108678 (+10,868 PHP)
Epoch 038/50 | [MSE] train_loss=0.000353 val_loss=0.000264 | train_profit=0.939467 (+93,947 PHP) val_profit=0.140934 (+14,093 PHP) | train_geo=0.961711 (+96,171 PHP) val_geo=0.108678 (+10,868 PHP)
Epoch 039/50 | [MSE] train_loss=0.000356 val_loss=0.000263 | train_profit=1.199206 (+119,921 PHP) val_profit=0.140934 (+14,093 PHP) | train_geo=1.539632 (+153,963 PHP) val_geo=0.108678 (+10,868 PHP)
Epoch 040/50 | [MSE] train_loss=0.000352 val_loss=0.000269 | train_profit=0.882084 (+88,208 PHP) val_profit=0.140934 (+14,093 PHP) | train_geo=0.852819 (+85,282 PHP) val_geo=0.108678 (+10,868 PHP)
Epoch 041/50 | [MSE] train_loss=0.000352 val_loss=0.000272 | train_profit=1.666311 (+166,631 PHP) val_profit=0.140934 (+14,093 PHP) | train_geo=3.065509 (+306,551 PHP) val_geo=0.108678 (+10,868 PHP)
Epoch 042/50 | [MSE] train_loss=0.000353 val_loss=0.000278 | train_profit=1.306917 (+130,692 PHP) val_profit=0.140934 (+14,093 PHP) | train_geo=1.834342 (+183,434 PHP) val_geo=0.108678 (+10,868 PHP)
Epoch 043/50 | [MSE] train_loss=0.000355 val_loss=0.000274 | train_profit=1.705364 (+170,536 PHP) val_profit=0.140934 (+14,093 PHP) | train_geo=3.229516 (+322,952 PHP) val_geo=0.108678 (+10,868 PHP)
Epoch 044/50 | [MSE] train_loss=0.000352 val_loss=0.000279 | train_profit=1.506338 (+150,634 PHP) val_profit=0.140934 (+14,093 PHP) | train_geo=2.464176 (+246,418 PHP) val_geo=0.108678 (+10,868 PHP)
Epoch 045/50 | [MSE] train_loss=0.000355 val_loss=0.000280 | train_profit=1.891800 (+189,180 PHP) val_profit=0.140934 (+14,093 PHP) | train_geo=4.097180 (+409,718 PHP) val_geo=0.108678 (+10,868 PHP)
Epoch 046/50 | [MSE] train_loss=0.000353 val_loss=0.000284 | train_profit=1.708932 (+170,893 PHP) val_profit=0.140934 (+14,093 PHP) | train_geo=3.241994 (+324,199 PHP) val_geo=0.108678 (+10,868 PHP)
Epoch 047/50 | [MSE] train_loss=0.000353 val_loss=0.000286 | train_profit=1.552227 (+155,223 PHP) val_profit=0.140934 (+14,093 PHP) | train_geo=2.627350 (+262,735 PHP) val_geo=0.108678 (+10,868 PHP)
Epoch 048/50 | [MSE] train_loss=0.000354 val_loss=0.000288 | train_profit=1.663048 (+166,305 PHP) val_profit=0.140934 (+14,093 PHP) | train_geo=3.051639 (+305,164 PHP) val_geo=0.108678 (+10,868 PHP)
Epoch 049/50 | [MSE] train_loss=0.000356 val_loss=0.000303 | train_profit=2.029846 (+202,985 PHP) val_profit=0.140934 (+14,093 PHP) | train_geo=4.854319 (+485,432 PHP) val_geo=0.108678 (+10,868 PHP)
Epoch 050/50 | [MSE] train_loss=0.000358 val_loss=0.000301 | train_profit=2.007303 (+200,730 PHP) val_profit=0.140934 (+14,093 PHP) | train_geo=4.725236 (+472,524 PHP) val_geo=0.108678 (+10,868 PHP)
[2/37] MSFT       (strong) mse           dir_acc=0.516 cum_ret=+0.0975 geo_ret=+0.0440 sharpe=+0.260 (buy&hold=+0.1145 always_short=-0.1970)
  [4.2s total]
Epoch 001/50 | train_loss=-0.000159 val_loss=0.000518 | train_profit=0.866814 (+86,681 PHP) val_profit=0.114082 (+11,408 PHP) | train_geo=0.820021 (+82,002 PHP) val_geo=0.079284 (+7,928 PHP)
Epoch 002/50 | train_loss=-0.000087 val_loss=0.000362 | train_profit=1.671542 (+167,154 PHP) val_profit=0.140934 (+14,093 PHP) | train_geo=3.072490 (+307,249 PHP) val_geo=0.108678 (+10,868 PHP)
Epoch 003/50 | train_loss=-0.000452 val_loss=0.000236 | train_profit=1.834692 (+183,469 PHP) val_profit=0.140934 (+14,093 PHP) | train_geo=3.794384 (+379,438 PHP) val_geo=0.108678 (+10,868 PHP)
Epoch 004/50 | train_loss=-0.000349 val_loss=0.000017 | train_profit=1.103322 (+110,332 PHP) val_profit=0.140934 (+14,093 PHP) | train_geo=1.305891 (+130,589 PHP) val_geo=0.108678 (+10,868 PHP)
Epoch 005/50 | train_loss=-0.000386 val_loss=0.000010 | train_profit=1.509165 (+150,917 PHP) val_profit=0.140934 (+14,093 PHP) | train_geo=2.460063 (+246,006 PHP) val_geo=0.108678 (+10,868 PHP)
Epoch 006/50 | train_loss=-0.000495 val_loss=-0.000023 | train_profit=1.799610 (+179,961 PHP) val_profit=0.140934 (+14,093 PHP) | train_geo=3.628811 (+362,881 PHP) val_geo=0.108678 (+10,868 PHP)
Epoch 007/50 | train_loss=-0.000559 val_loss=-0.000053 | train_profit=1.799610 (+179,961 PHP) val_profit=0.140934 (+14,093 PHP) | train_geo=3.628811 (+362,881 PHP) val_geo=0.108678 (+10,868 PHP)
Epoch 008/50 | train_loss=-0.000548 val_loss=-0.000022 | train_profit=1.799610 (+179,961 PHP) val_profit=0.140934 (+14,093 PHP) | train_geo=3.628811 (+362,881 PHP) val_geo=0.108678 (+10,868 PHP)
Epoch 009/50 | train_loss=-0.000599 val_loss=-0.000033 | train_profit=1.799610 (+179,961 PHP) val_profit=0.140934 (+14,093 PHP) | train_geo=3.628811 (+362,881 PHP) val_geo=0.108678 (+10,868 PHP)
Epoch 010/50 | train_loss=-0.000627 val_loss=-0.000054 | train_profit=1.799610 (+179,961 PHP) val_profit=0.140934 (+14,093 PHP) | train_geo=3.628811 (+362,881 PHP) val_geo=0.108678 (+10,868 PHP)
Epoch 011/50 | train_loss=-0.000641 val_loss=-0.000062 | train_profit=1.799610 (+179,961 PHP) val_profit=0.140934 (+14,093 PHP) | train_geo=3.628811 (+362,881 PHP) val_geo=0.108678 (+10,868 PHP)
Epoch 012/50 | train_loss=-0.000647 val_loss=-0.000036 | train_profit=1.799610 (+179,961 PHP) val_profit=0.140934 (+14,093 PHP) | train_geo=3.628811 (+362,881 PHP) val_geo=0.108678 (+10,868 PHP)
Epoch 013/50 | train_loss=-0.000628 val_loss=-0.000054 | train_profit=1.799610 (+179,961 PHP) val_profit=0.140934 (+14,093 PHP) | train_geo=3.628811 (+362,881 PHP) val_geo=0.108678 (+10,868 PHP)
Epoch 014/50 | train_loss=-0.000635 val_loss=-0.000040 | train_profit=1.799610 (+179,961 PHP) val_profit=0.140934 (+14,093 PHP) | train_geo=3.628811 (+362,881 PHP) val_geo=0.108678 (+10,868 PHP)
Epoch 015/50 | train_loss=-0.000647 val_loss=-0.000041 | train_profit=1.799610 (+179,961 PHP) val_profit=0.140934 (+14,093 PHP) | train_geo=3.628811 (+362,881 PHP) val_geo=0.108678 (+10,868 PHP)
Epoch 016/50 | train_loss=-0.000660 val_loss=-0.000051 | train_profit=1.799610 (+179,961 PHP) val_profit=0.140934 (+14,093 PHP) | train_geo=3.628811 (+362,881 PHP) val_geo=0.108678 (+10,868 PHP)
Epoch 017/50 | train_loss=-0.000647 val_loss=-0.000045 | train_profit=1.799610 (+179,961 PHP) val_profit=0.140934 (+14,093 PHP) | train_geo=3.628811 (+362,881 PHP) val_geo=0.108678 (+10,868 PHP)
Epoch 018/50 | train_loss=-0.000675 val_loss=-0.000051 | train_profit=1.799610 (+179,961 PHP) val_profit=0.140934 (+14,093 PHP) | train_geo=3.628811 (+362,881 PHP) val_geo=0.108678 (+10,868 PHP)
Epoch 019/50 | train_loss=-0.000627 val_loss=-0.000036 | train_profit=1.799610 (+179,961 PHP) val_profit=0.140934 (+14,093 PHP) | train_geo=3.628811 (+362,881 PHP) val_geo=0.108678 (+10,868 PHP)
Epoch 020/50 | train_loss=-0.000672 val_loss=-0.000039 | train_profit=1.799610 (+179,961 PHP) val_profit=0.140934 (+14,093 PHP) | train_geo=3.628811 (+362,881 PHP) val_geo=0.108678 (+10,868 PHP)
Epoch 021/50 | train_loss=-0.000673 val_loss=-0.000054 | train_profit=1.799610 (+179,961 PHP) val_profit=0.140934 (+14,093 PHP) | train_geo=3.628811 (+362,881 PHP) val_geo=0.108678 (+10,868 PHP)
Epoch 022/50 | train_loss=-0.000668 val_loss=-0.000049 | train_profit=1.799610 (+179,961 PHP) val_profit=0.140934 (+14,093 PHP) | train_geo=3.628811 (+362,881 PHP) val_geo=0.108678 (+10,868 PHP)
Epoch 023/50 | train_loss=-0.000684 val_loss=-0.000035 | train_profit=1.799610 (+179,961 PHP) val_profit=0.140934 (+14,093 PHP) | train_geo=3.628811 (+362,881 PHP) val_geo=0.108678 (+10,868 PHP)
Epoch 024/50 | train_loss=-0.000670 val_loss=-0.000030 | train_profit=1.799610 (+179,961 PHP) val_profit=0.140934 (+14,093 PHP) | train_geo=3.628811 (+362,881 PHP) val_geo=0.108678 (+10,868 PHP)
Epoch 025/50 | train_loss=-0.000661 val_loss=-0.000022 | train_profit=1.799610 (+179,961 PHP) val_profit=0.140934 (+14,093 PHP) | train_geo=3.628811 (+362,881 PHP) val_geo=0.108678 (+10,868 PHP)
Epoch 026/50 | train_loss=-0.000685 val_loss=-0.000032 | train_profit=1.799610 (+179,961 PHP) val_profit=0.140934 (+14,093 PHP) | train_geo=3.628811 (+362,881 PHP) val_geo=0.108678 (+10,868 PHP)
Epoch 027/50 | train_loss=-0.000667 val_loss=-0.000035 | train_profit=1.799610 (+179,961 PHP) val_profit=0.140934 (+14,093 PHP) | train_geo=3.628811 (+362,881 PHP) val_geo=0.108678 (+10,868 PHP)
Epoch 028/50 | train_loss=-0.000694 val_loss=-0.000031 | train_profit=1.799610 (+179,961 PHP) val_profit=0.140934 (+14,093 PHP) | train_geo=3.628811 (+362,881 PHP) val_geo=0.108678 (+10,868 PHP)
Epoch 029/50 | train_loss=-0.000689 val_loss=-0.000041 | train_profit=1.799610 (+179,961 PHP) val_profit=0.140934 (+14,093 PHP) | train_geo=3.628811 (+362,881 PHP) val_geo=0.108678 (+10,868 PHP)
Epoch 030/50 | train_loss=-0.000677 val_loss=-0.000022 | train_profit=1.799610 (+179,961 PHP) val_profit=0.140934 (+14,093 PHP) | train_geo=3.628811 (+362,881 PHP) val_geo=0.108678 (+10,868 PHP)
Epoch 031/50 | train_loss=-0.000729 val_loss=0.000017 | train_profit=1.799610 (+179,961 PHP) val_profit=0.140934 (+14,093 PHP) | train_geo=3.628811 (+362,881 PHP) val_geo=0.108678 (+10,868 PHP)
Epoch 032/50 | train_loss=-0.000692 val_loss=-0.000014 | train_profit=1.799610 (+179,961 PHP) val_profit=0.140934 (+14,093 PHP) | train_geo=3.628811 (+362,881 PHP) val_geo=0.108678 (+10,868 PHP)
Epoch 033/50 | train_loss=-0.000704 val_loss=-0.000010 | train_profit=1.799610 (+179,961 PHP) val_profit=0.140934 (+14,093 PHP) | train_geo=3.628811 (+362,881 PHP) val_geo=0.108678 (+10,868 PHP)
Epoch 034/50 | train_loss=-0.000718 val_loss=-0.000001 | train_profit=1.799610 (+179,961 PHP) val_profit=0.140934 (+14,093 PHP) | train_geo=3.628811 (+362,881 PHP) val_geo=0.108678 (+10,868 PHP)
Epoch 035/50 | train_loss=-0.000759 val_loss=0.000097 | train_profit=1.799610 (+179,961 PHP) val_profit=0.140934 (+14,093 PHP) | train_geo=3.628811 (+362,881 PHP) val_geo=0.108678 (+10,868 PHP)
Epoch 036/50 | train_loss=-0.000691 val_loss=0.000043 | train_profit=1.714817 (+171,482 PHP) val_profit=0.140934 (+14,093 PHP) | train_geo=3.252270 (+325,227 PHP) val_geo=0.108678 (+10,868 PHP)
Epoch 037/50 | train_loss=-0.000737 val_loss=0.000045 | train_profit=1.758563 (+175,856 PHP) val_profit=0.140934 (+14,093 PHP) | train_geo=3.442879 (+344,288 PHP) val_geo=0.108678 (+10,868 PHP)
Epoch 038/50 | train_loss=-0.000831 val_loss=0.000274 | train_profit=1.876939 (+187,694 PHP) val_profit=0.070826 (+7,083 PHP) | train_geo=4.002396 (+400,240 PHP) val_geo=0.033565 (+3,357 PHP)
Epoch 039/50 | train_loss=-0.000810 val_loss=0.000300 | train_profit=2.225118 (+222,512 PHP) val_profit=0.137430 (+13,743 PHP) | train_geo=6.103121 (+610,312 PHP) val_geo=0.104995 (+10,500 PHP)
Epoch 040/50 | train_loss=-0.000796 val_loss=0.000315 | train_profit=2.330197 (+233,020 PHP) val_profit=0.063665 (+6,366 PHP) | train_geo=6.895146 (+689,515 PHP) val_geo=0.026185 (+2,618 PHP)
Epoch 041/50 | train_loss=-0.000810 val_loss=0.000224 | train_profit=1.921015 (+192,102 PHP) val_profit=0.080456 (+8,046 PHP) | train_geo=4.240595 (+424,060 PHP) val_geo=0.043824 (+4,382 PHP)
Epoch 042/50 | train_loss=-0.000828 val_loss=0.000404 | train_profit=2.259193 (+225,919 PHP) val_profit=0.140934 (+14,093 PHP) | train_geo=6.353987 (+635,399 PHP) val_geo=0.108678 (+10,868 PHP)
Epoch 043/50 | train_loss=-0.000867 val_loss=-0.000007 | train_profit=2.292493 (+229,249 PHP) val_profit=-0.048462 (-4,846 PHP) | train_geo=6.602897 (+660,290 PHP) val_geo=-0.082713 (-8,271 PHP)
Epoch 044/50 | train_loss=-0.001314 val_loss=0.000286 | train_profit=3.008442 (+300,844 PHP) val_profit=0.080355 (+8,035 PHP) | train_geo=14.569640 (+1,456,964 PHP) val_geo=0.043464 (+4,346 PHP)
Epoch 045/50 | train_loss=-0.001045 val_loss=0.000372 | train_profit=2.456845 (+245,684 PHP) val_profit=0.000432 (+43 PHP) | train_geo=7.966887 (+796,689 PHP) val_geo=-0.036701 (-3,670 PHP)
Epoch 046/50 | train_loss=-0.001115 val_loss=0.000206 | train_profit=2.647559 (+264,756 PHP) val_profit=0.061209 (+6,121 PHP) | train_geo=9.849580 (+984,958 PHP) val_geo=0.023970 (+2,397 PHP)
Epoch 047/50 | train_loss=-0.001021 val_loss=0.000372 | train_profit=2.551999 (+255,200 PHP) val_profit=-0.148098 (-14,810 PHP) | train_geo=8.863677 (+886,368 PHP) val_geo=-0.169687 (-16,969 PHP)
Epoch 048/50 | train_loss=-0.001174 val_loss=0.000316 | train_profit=2.378351 (+237,835 PHP) val_profit=0.017521 (+1,752 PHP) | train_geo=7.282337 (+728,234 PHP) val_geo=-0.020139 (-2,014 PHP)
Epoch 049/50 | train_loss=-0.001202 val_loss=0.000126 | train_profit=2.628781 (+262,878 PHP) val_profit=0.085178 (+8,518 PHP) | train_geo=9.649663 (+964,966 PHP) val_geo=0.048548 (+4,855 PHP)
Epoch 050/50 | train_loss=-0.001313 val_loss=0.000183 | train_profit=3.026329 (+302,633 PHP) val_profit=0.062420 (+6,242 PHP) | train_geo=14.856837 (+1,485,684 PHP) val_geo=0.024871 (+2,487 PHP)
[2/37] MSFT       (strong) profit-aware  dir_acc=0.503 cum_ret=-0.1534 geo_ret=-0.1879 sharpe=-0.408 (buy&hold=+0.1145 always_short=-0.1970)
  [4.7s total]
Epoch 001/50 | [MSE] train_loss=0.000564 val_loss=0.000418 | train_profit=0.094639 (+9,464 PHP) val_profit=0.141838 (+14,184 PHP) | train_geo=-0.182459 (-18,246 PHP) val_geo=0.084245 (+8,425 PHP)
Epoch 002/50 | [MSE] train_loss=0.000451 val_loss=0.000396 | train_profit=-0.919855 (-91,985 PHP) val_profit=0.141920 (+14,192 PHP) | train_geo=-0.704922 (-70,492 PHP) val_geo=0.084867 (+8,487 PHP)
Epoch 003/50 | [MSE] train_loss=0.000416 val_loss=0.000392 | train_profit=-0.623312 (-62,331 PHP) val_profit=-0.286739 (-28,674 PHP) | train_geo=-0.602884 (-60,288 PHP) val_geo=-0.293672 (-29,367 PHP)
Epoch 004/50 | [MSE] train_loss=0.000406 val_loss=0.000393 | train_profit=-0.099019 (-9,902 PHP) val_profit=0.089820 (+8,982 PHP) | train_geo=-0.327631 (-32,763 PHP) val_geo=0.029516 (+2,952 PHP)
Epoch 005/50 | [MSE] train_loss=0.000400 val_loss=0.000392 | train_profit=0.344634 (+34,463 PHP) val_profit=-0.415100 (-41,510 PHP) | train_geo=0.047844 (+4,784 PHP) val_geo=-0.378856 (-37,886 PHP)
Epoch 006/50 | [MSE] train_loss=0.000404 val_loss=0.000393 | train_profit=-0.788374 (-78,837 PHP) val_profit=-0.405751 (-40,575 PHP) | train_geo=-0.662896 (-66,290 PHP) val_geo=-0.372797 (-37,280 PHP)
Epoch 007/50 | [MSE] train_loss=0.000398 val_loss=0.000394 | train_profit=-0.400579 (-40,058 PHP) val_profit=-0.151552 (-15,155 PHP) | train_geo=-0.503388 (-50,339 PHP) val_geo=-0.191607 (-19,161 PHP)
Epoch 008/50 | [MSE] train_loss=0.000395 val_loss=0.000393 | train_profit=-0.006493 (-649 PHP) val_profit=-0.341025 (-34,103 PHP) | train_geo=-0.262927 (-26,293 PHP) val_geo=-0.331243 (-33,124 PHP)
Epoch 009/50 | [MSE] train_loss=0.000397 val_loss=0.000394 | train_profit=0.143824 (+14,382 PHP) val_profit=-0.047763 (-4,776 PHP) | train_geo=-0.142967 (-14,297 PHP) val_geo=-0.103258 (-10,326 PHP)
Epoch 010/50 | [MSE] train_loss=0.000397 val_loss=0.000393 | train_profit=0.323318 (+32,332 PHP) val_profit=-0.124358 (-12,436 PHP) | train_geo=0.026385 (+2,639 PHP) val_geo=-0.169421 (-16,942 PHP)
Epoch 011/50 | [MSE] train_loss=0.000394 val_loss=0.000394 | train_profit=0.518773 (+51,877 PHP) val_profit=-0.560280 (-56,028 PHP) | train_geo=0.247946 (+24,795 PHP) val_geo=-0.462932 (-46,293 PHP)
Epoch 012/50 | [MSE] train_loss=0.000392 val_loss=0.000393 | train_profit=0.809131 (+80,913 PHP) val_profit=-0.515797 (-51,580 PHP) | train_geo=0.669241 (+66,924 PHP) val_geo=-0.438350 (-43,835 PHP)
Epoch 013/50 | [MSE] train_loss=0.000392 val_loss=0.000393 | train_profit=0.570119 (+57,012 PHP) val_profit=-0.643774 (-64,377 PHP) | train_geo=0.312160 (+31,216 PHP) val_geo=-0.505890 (-50,589 PHP)
Epoch 014/50 | [MSE] train_loss=0.000393 val_loss=0.000393 | train_profit=0.646564 (+64,656 PHP) val_profit=-0.587609 (-58,761 PHP) | train_geo=0.417643 (+41,764 PHP) val_geo=-0.477246 (-47,725 PHP)
Epoch 015/50 | [MSE] train_loss=0.000392 val_loss=0.000393 | train_profit=-0.096245 (-9,625 PHP) val_profit=-0.738156 (-73,816 PHP) | train_geo=-0.326755 (-32,675 PHP) val_geo=-0.550560 (-55,056 PHP)
Epoch 016/50 | [MSE] train_loss=0.000394 val_loss=0.000393 | train_profit=0.576332 (+57,633 PHP) val_profit=-0.173288 (-17,329 PHP) | train_geo=0.320388 (+32,039 PHP) val_geo=-0.209046 (-20,905 PHP)
Epoch 017/50 | [MSE] train_loss=0.000396 val_loss=0.000394 | train_profit=-0.311577 (-31,158 PHP) val_profit=-0.294345 (-29,434 PHP) | train_geo=-0.457146 (-45,715 PHP) val_geo=-0.299301 (-29,930 PHP)
Epoch 018/50 | [MSE] train_loss=0.000393 val_loss=0.000393 | train_profit=0.396948 (+39,695 PHP) val_profit=-0.458100 (-45,810 PHP) | train_geo=0.103974 (+10,397 PHP) val_geo=-0.404967 (-40,497 PHP)
Epoch 019/50 | [MSE] train_loss=0.000396 val_loss=0.000393 | train_profit=0.468843 (+46,884 PHP) val_profit=-0.472024 (-47,202 PHP) | train_geo=0.187059 (+18,706 PHP) val_geo=-0.413197 (-41,320 PHP)
Epoch 020/50 | [MSE] train_loss=0.000394 val_loss=0.000393 | train_profit=0.347250 (+34,725 PHP) val_profit=-0.330634 (-33,063 PHP) | train_geo=0.050069 (+5,007 PHP) val_geo=-0.324278 (-32,428 PHP)
Epoch 021/50 | [MSE] train_loss=0.000393 val_loss=0.000394 | train_profit=0.475211 (+47,521 PHP) val_profit=-0.326973 (-32,697 PHP) | train_geo=0.195291 (+19,529 PHP) val_geo=-0.321503 (-32,150 PHP)
Epoch 022/50 | [MSE] train_loss=0.000395 val_loss=0.000393 | train_profit=-0.472893 (-47,289 PHP) val_profit=-0.622203 (-62,220 PHP) | train_geo=-0.538292 (-53,829 PHP) val_geo=-0.495178 (-49,518 PHP)
Epoch 023/50 | [MSE] train_loss=0.000392 val_loss=0.000393 | train_profit=0.932619 (+93,262 PHP) val_profit=-0.136774 (-13,677 PHP) | train_geo=0.888803 (+88,880 PHP) val_geo=-0.179237 (-17,924 PHP)
Epoch 024/50 | [MSE] train_loss=0.000393 val_loss=0.000394 | train_profit=0.715432 (+71,543 PHP) val_profit=-0.234444 (-23,444 PHP) | train_geo=0.519095 (+51,910 PHP) val_geo=-0.255975 (-25,597 PHP)
Epoch 025/50 | [MSE] train_loss=0.000395 val_loss=0.000393 | train_profit=0.103670 (+10,367 PHP) val_profit=-0.237166 (-23,717 PHP) | train_geo=-0.176933 (-17,693 PHP) val_geo=-0.258105 (-25,810 PHP)
Epoch 026/50 | [MSE] train_loss=0.000392 val_loss=0.000393 | train_profit=1.047418 (+104,742 PHP) val_profit=-0.624785 (-62,479 PHP) | train_geo=1.116920 (+111,692 PHP) val_geo=-0.496473 (-49,647 PHP)
Epoch 027/50 | [MSE] train_loss=0.000394 val_loss=0.000393 | train_profit=0.240630 (+24,063 PHP) val_profit=-0.095805 (-9,580 PHP) | train_geo=-0.056444 (-5,644 PHP) val_geo=-0.145367 (-14,537 PHP)
Epoch 028/50 | [MSE] train_loss=0.000393 val_loss=0.000393 | train_profit=0.577103 (+57,710 PHP) val_profit=-0.645339 (-64,534 PHP) | train_geo=0.323204 (+32,320 PHP) val_geo=-0.506675 (-50,668 PHP)
Epoch 029/50 | [MSE] train_loss=0.000395 val_loss=0.000393 | train_profit=0.511722 (+51,172 PHP) val_profit=-0.637980 (-63,798 PHP) | train_geo=0.238454 (+23,845 PHP) val_geo=-0.503043 (-50,304 PHP)
Epoch 030/50 | [MSE] train_loss=0.000394 val_loss=0.000393 | train_profit=0.429821 (+42,982 PHP) val_profit=-0.369910 (-36,991 PHP) | train_geo=0.140929 (+14,093 PHP) val_geo=-0.350215 (-35,021 PHP)
Epoch 031/50 | [MSE] train_loss=0.000394 val_loss=0.000393 | train_profit=0.644138 (+64,414 PHP) val_profit=-0.478998 (-47,900 PHP) | train_geo=0.413530 (+41,353 PHP) val_geo=-0.417421 (-41,742 PHP)
Epoch 032/50 | [MSE] train_loss=0.000393 val_loss=0.000393 | train_profit=0.361311 (+36,131 PHP) val_profit=-0.490160 (-49,016 PHP) | train_geo=0.065506 (+6,551 PHP) val_geo=-0.423862 (-42,386 PHP)
Epoch 033/50 | [MSE] train_loss=0.000393 val_loss=0.000392 | train_profit=0.961797 (+96,180 PHP) val_profit=-0.400250 (-40,025 PHP) | train_geo=0.943203 (+94,320 PHP) val_geo=-0.369650 (-36,965 PHP)
Epoch 034/50 | [MSE] train_loss=0.000394 val_loss=0.000393 | train_profit=0.389525 (+38,952 PHP) val_profit=-0.261918 (-26,192 PHP) | train_geo=0.096023 (+9,602 PHP) val_geo=-0.275909 (-27,591 PHP)
Epoch 035/50 | [MSE] train_loss=0.000392 val_loss=0.000393 | train_profit=0.327460 (+32,746 PHP) val_profit=-0.380788 (-38,079 PHP) | train_geo=0.028735 (+2,873 PHP) val_geo=-0.357240 (-35,724 PHP)
Epoch 036/50 | [MSE] train_loss=0.000395 val_loss=0.000393 | train_profit=0.475527 (+47,553 PHP) val_profit=-0.268982 (-26,898 PHP) | train_geo=0.194964 (+19,496 PHP) val_geo=-0.281351 (-28,135 PHP)
Epoch 037/50 | [MSE] train_loss=0.000394 val_loss=0.000393 | train_profit=0.671955 (+67,195 PHP) val_profit=-0.361100 (-36,110 PHP) | train_geo=0.452912 (+45,291 PHP) val_geo=-0.344524 (-34,452 PHP)
Epoch 038/50 | [MSE] train_loss=0.000393 val_loss=0.000393 | train_profit=0.444401 (+44,440 PHP) val_profit=-0.500484 (-50,048 PHP) | train_geo=0.156679 (+15,668 PHP) val_geo=-0.429860 (-42,986 PHP)
Epoch 039/50 | [MSE] train_loss=0.000394 val_loss=0.000393 | train_profit=0.820241 (+82,024 PHP) val_profit=-0.247926 (-24,793 PHP) | train_geo=0.686591 (+68,659 PHP) val_geo=-0.265881 (-26,588 PHP)
Epoch 040/50 | [MSE] train_loss=0.000393 val_loss=0.000393 | train_profit=0.943313 (+94,331 PHP) val_profit=-0.080595 (-8,060 PHP) | train_geo=0.907929 (+90,793 PHP) val_geo=-0.132207 (-13,221 PHP)
Epoch 041/50 | [MSE] train_loss=0.000394 val_loss=0.000393 | train_profit=0.507795 (+50,779 PHP) val_profit=-0.124319 (-12,432 PHP) | train_geo=0.233565 (+23,357 PHP) val_geo=-0.169358 (-16,936 PHP)
Epoch 042/50 | [MSE] train_loss=0.000394 val_loss=0.000394 | train_profit=0.930966 (+93,097 PHP) val_profit=0.063011 (+6,301 PHP) | train_geo=0.884541 (+88,454 PHP) val_geo=0.001841 (+184 PHP)
Epoch 043/50 | [MSE] train_loss=0.000395 val_loss=0.000393 | train_profit=1.209750 (+120,975 PHP) val_profit=-0.124131 (-12,413 PHP) | train_geo=1.491500 (+149,150 PHP) val_geo=-0.169254 (-16,925 PHP)
Epoch 044/50 | [MSE] train_loss=0.000395 val_loss=0.000393 | train_profit=0.890239 (+89,024 PHP) val_profit=-0.033716 (-3,372 PHP) | train_geo=0.807830 (+80,783 PHP) val_geo=-0.090686 (-9,069 PHP)
Epoch 045/50 | [MSE] train_loss=0.000396 val_loss=0.000394 | train_profit=0.717033 (+71,703 PHP) val_profit=-0.009356 (-936 PHP) | train_geo=0.519876 (+51,988 PHP) val_geo=-0.068324 (-6,832 PHP)
Epoch 046/50 | [MSE] train_loss=0.000396 val_loss=0.000394 | train_profit=0.464901 (+46,490 PHP) val_profit=0.021075 (+2,107 PHP) | train_geo=0.180812 (+18,081 PHP) val_geo=-0.039471 (-3,947 PHP)
Epoch 047/50 | [MSE] train_loss=0.000398 val_loss=0.000394 | train_profit=0.651662 (+65,166 PHP) val_profit=0.033046 (+3,305 PHP) | train_geo=0.424757 (+42,476 PHP) val_geo=-0.027859 (-2,786 PHP)
Epoch 048/50 | [MSE] train_loss=0.000396 val_loss=0.000395 | train_profit=0.846255 (+84,626 PHP) val_profit=0.208554 (+20,855 PHP) | train_geo=0.731013 (+73,101 PHP) val_geo=0.158840 (+15,884 PHP)
Epoch 049/50 | [MSE] train_loss=0.000398 val_loss=0.000397 | train_profit=0.326207 (+32,621 PHP) val_profit=0.227789 (+22,779 PHP) | train_geo=0.028557 (+2,856 PHP) val_geo=0.181442 (+18,144 PHP)
Epoch 050/50 | [MSE] train_loss=0.000399 val_loss=0.000399 | train_profit=0.596268 (+59,627 PHP) val_profit=0.213396 (+21,340 PHP) | train_geo=0.347470 (+34,747 PHP) val_geo=0.164469 (+16,447 PHP)
[3/37] AAPL       (strong) mse           dir_acc=0.547 cum_ret=+0.5518 geo_ret=+0.6717 sharpe=+1.785 (buy&hold=+0.6722 always_short=-0.4458)
  [4.1s total]
Epoch 001/50 | train_loss=0.001961 val_loss=0.001878 | train_profit=-0.974448 (-97,445 PHP) val_profit=0.124890 (+12,489 PHP) | train_geo=-0.720166 (-72,017 PHP) val_geo=0.065721 (+6,572 PHP)
Epoch 002/50 | train_loss=0.000038 val_loss=0.000146 | train_profit=1.683348 (+168,335 PHP) val_profit=0.124890 (+12,489 PHP) | train_geo=2.996193 (+299,619 PHP) val_geo=0.065721 (+6,572 PHP)
Epoch 003/50 | train_loss=0.000864 val_loss=0.001015 | train_profit=-0.269735 (-26,974 PHP) val_profit=0.124890 (+12,489 PHP) | train_geo=-0.433137 (-43,314 PHP) val_geo=0.065721 (+6,572 PHP)
Epoch 004/50 | train_loss=-0.000323 val_loss=0.000191 | train_profit=1.758914 (+175,891 PHP) val_profit=0.124890 (+12,489 PHP) | train_geo=3.311876 (+331,188 PHP) val_geo=0.065721 (+6,572 PHP)
Epoch 005/50 | train_loss=-0.000088 val_loss=0.000641 | train_profit=1.496808 (+149,681 PHP) val_profit=0.124890 (+12,489 PHP) | train_geo=2.317531 (+231,753 PHP) val_geo=0.065721 (+6,572 PHP)
Epoch 006/50 | train_loss=-0.000350 val_loss=0.000199 | train_profit=1.610953 (+161,095 PHP) val_profit=0.124890 (+12,489 PHP) | train_geo=2.717122 (+271,712 PHP) val_geo=0.065721 (+6,572 PHP)
Epoch 007/50 | train_loss=-0.000299 val_loss=0.000322 | train_profit=1.781474 (+178,147 PHP) val_profit=0.124890 (+12,489 PHP) | train_geo=3.409605 (+340,960 PHP) val_geo=0.065721 (+6,572 PHP)
Epoch 008/50 | train_loss=-0.000394 val_loss=0.000295 | train_profit=1.924690 (+192,469 PHP) val_profit=0.124890 (+12,489 PHP) | train_geo=4.092288 (+409,229 PHP) val_geo=0.065721 (+6,572 PHP)
Epoch 009/50 | train_loss=-0.000424 val_loss=0.000223 | train_profit=1.662145 (+166,214 PHP) val_profit=0.124890 (+12,489 PHP) | train_geo=2.913248 (+291,325 PHP) val_geo=0.065721 (+6,572 PHP)
Epoch 010/50 | train_loss=-0.000165 val_loss=0.000516 | train_profit=1.738012 (+173,801 PHP) val_profit=0.124890 (+12,489 PHP) | train_geo=3.223527 (+322,353 PHP) val_geo=0.065721 (+6,572 PHP)
Epoch 011/50 | train_loss=-0.000517 val_loss=0.000315 | train_profit=1.925856 (+192,586 PHP) val_profit=0.174611 (+17,461 PHP) | train_geo=4.097007 (+409,701 PHP) val_geo=0.120045 (+12,005 PHP)
Epoch 012/50 | train_loss=-0.000387 val_loss=0.000442 | train_profit=2.203297 (+220,330 PHP) val_profit=0.124890 (+12,489 PHP) | train_geo=5.741930 (+574,193 PHP) val_geo=0.065721 (+6,572 PHP)
Epoch 013/50 | train_loss=-0.000488 val_loss=0.000585 | train_profit=2.056184 (+205,618 PHP) val_profit=-0.007568 (-757 PHP) | train_geo=4.811935 (+481,194 PHP) val_geo=-0.066512 (-6,651 PHP)
Epoch 014/50 | train_loss=-0.000289 val_loss=0.000487 | train_profit=1.635033 (+163,503 PHP) val_profit=0.124890 (+12,489 PHP) | train_geo=2.808866 (+280,887 PHP) val_geo=0.065721 (+6,572 PHP)
Epoch 015/50 | train_loss=-0.000405 val_loss=0.000240 | train_profit=1.685124 (+168,512 PHP) val_profit=0.170858 (+17,086 PHP) | train_geo=3.003672 (+300,367 PHP) val_geo=0.115930 (+11,593 PHP)
Epoch 016/50 | train_loss=-0.000222 val_loss=0.000551 | train_profit=1.745329 (+174,533 PHP) val_profit=0.124890 (+12,489 PHP) | train_geo=3.255805 (+325,581 PHP) val_geo=0.065721 (+6,572 PHP)
Epoch 017/50 | train_loss=-0.000528 val_loss=0.000301 | train_profit=2.019825 (+201,983 PHP) val_profit=0.238959 (+23,896 PHP) | train_geo=4.600063 (+460,006 PHP) val_geo=0.194681 (+19,468 PHP)
Epoch 018/50 | train_loss=-0.000510 val_loss=0.000434 | train_profit=1.866618 (+186,662 PHP) val_profit=0.103379 (+10,338 PHP) | train_geo=3.798920 (+379,892 PHP) val_geo=0.043005 (+4,301 PHP)
Epoch 019/50 | train_loss=-0.000428 val_loss=0.000491 | train_profit=1.506330 (+150,633 PHP) val_profit=0.063647 (+6,365 PHP) | train_geo=2.350659 (+235,066 PHP) val_geo=0.002402 (+240 PHP)
Epoch 020/50 | train_loss=-0.000543 val_loss=0.000452 | train_profit=1.992939 (+199,294 PHP) val_profit=0.084753 (+8,475 PHP) | train_geo=4.453002 (+445,300 PHP) val_geo=0.023776 (+2,378 PHP)
Epoch 021/50 | train_loss=-0.000610 val_loss=0.000376 | train_profit=2.100798 (+210,080 PHP) val_profit=0.116631 (+11,663 PHP) | train_geo=5.077950 (+507,795 PHP) val_geo=0.057016 (+5,702 PHP)
Epoch 022/50 | train_loss=-0.000517 val_loss=0.000586 | train_profit=1.904874 (+190,487 PHP) val_profit=0.033405 (+3,340 PHP) | train_geo=3.987355 (+398,736 PHP) val_geo=-0.027469 (-2,747 PHP)
Epoch 023/50 | train_loss=-0.000659 val_loss=0.000347 | train_profit=2.049964 (+204,996 PHP) val_profit=0.141514 (+14,151 PHP) | train_geo=4.775761 (+477,576 PHP) val_geo=0.083730 (+8,373 PHP)
Epoch 024/50 | train_loss=-0.000627 val_loss=0.000481 | train_profit=2.441286 (+244,129 PHP) val_profit=0.078057 (+7,806 PHP) | train_geo=7.543764 (+754,376 PHP) val_geo=0.016951 (+1,695 PHP)
Epoch 025/50 | train_loss=-0.000699 val_loss=0.000386 | train_profit=2.100549 (+210,055 PHP) val_profit=0.063891 (+6,389 PHP) | train_geo=5.064813 (+506,481 PHP) val_geo=0.002730 (+273 PHP)
Epoch 026/50 | train_loss=-0.000689 val_loss=0.000365 | train_profit=2.212654 (+221,265 PHP) val_profit=0.014230 (+1,423 PHP) | train_geo=5.790729 (+579,073 PHP) val_geo=-0.045983 (-4,598 PHP)
Epoch 027/50 | train_loss=-0.000631 val_loss=0.000324 | train_profit=1.915609 (+191,561 PHP) val_profit=0.112554 (+11,255 PHP) | train_geo=4.040414 (+404,041 PHP) val_geo=0.052755 (+5,275 PHP)
Epoch 028/50 | train_loss=-0.000819 val_loss=0.000420 | train_profit=2.612415 (+261,242 PHP) val_profit=0.084150 (+8,415 PHP) | train_geo=9.148125 (+914,812 PHP) val_geo=0.023199 (+2,320 PHP)
Epoch 029/50 | train_loss=-0.000815 val_loss=0.000269 | train_profit=2.465729 (+246,573 PHP) val_profit=0.146368 (+14,637 PHP) | train_geo=7.759721 (+775,972 PHP) val_geo=0.088981 (+8,898 PHP)
Epoch 030/50 | train_loss=-0.000726 val_loss=0.001118 | train_profit=2.280260 (+228,026 PHP) val_profit=-0.155616 (-15,562 PHP) | train_geo=6.272362 (+627,236 PHP) val_geo=-0.194881 (-19,488 PHP)
Epoch 031/50 | train_loss=-0.000706 val_loss=0.000718 | train_profit=2.037435 (+203,743 PHP) val_profit=-0.070438 (-7,044 PHP) | train_geo=4.701039 (+470,104 PHP) val_geo=-0.123415 (-12,341 PHP)
Epoch 032/50 | train_loss=-0.000866 val_loss=0.000648 | train_profit=2.749530 (+274,953 PHP) val_profit=0.046061 (+4,606 PHP) | train_geo=10.638462 (+1,063,846 PHP) val_geo=-0.014972 (-1,497 PHP)
Epoch 033/50 | train_loss=-0.000938 val_loss=0.000337 | train_profit=2.199606 (+219,961 PHP) val_profit=0.010163 (+1,016 PHP) | train_geo=5.699851 (+569,985 PHP) val_geo=-0.049834 (-4,983 PHP)
Epoch 034/50 | train_loss=-0.000806 val_loss=0.000780 | train_profit=2.644724 (+264,472 PHP) val_profit=0.071421 (+7,142 PHP) | train_geo=9.480628 (+948,063 PHP) val_geo=0.010330 (+1,033 PHP)
Epoch 035/50 | train_loss=-0.000965 val_loss=0.000516 | train_profit=2.249151 (+224,915 PHP) val_profit=-0.012167 (-1,217 PHP) | train_geo=6.047969 (+604,797 PHP) val_geo=-0.070738 (-7,074 PHP)
Epoch 036/50 | train_loss=-0.000885 val_loss=0.000584 | train_profit=2.686027 (+268,603 PHP) val_profit=0.027125 (+2,712 PHP) | train_geo=9.921665 (+992,166 PHP) val_geo=-0.033497 (-3,350 PHP)
Epoch 037/50 | train_loss=-0.000920 val_loss=0.000443 | train_profit=2.622541 (+262,254 PHP) val_profit=0.020708 (+2,071 PHP) | train_geo=9.247950 (+924,795 PHP) val_geo=-0.039766 (-3,977 PHP)
Epoch 038/50 | train_loss=-0.000811 val_loss=0.001184 | train_profit=2.562590 (+256,259 PHP) val_profit=-0.201050 (-20,105 PHP) | train_geo=8.648734 (+864,873 PHP) val_geo=-0.230726 (-23,073 PHP)
Epoch 039/50 | train_loss=-0.000906 val_loss=0.000704 | train_profit=2.245680 (+224,568 PHP) val_profit=-0.025753 (-2,575 PHP) | train_geo=6.026433 (+602,643 PHP) val_geo=-0.083261 (-8,326 PHP)
Epoch 040/50 | train_loss=-0.000946 val_loss=0.000660 | train_profit=2.534090 (+253,409 PHP) val_profit=-0.021538 (-2,154 PHP) | train_geo=8.365028 (+836,503 PHP) val_geo=-0.079424 (-7,942 PHP)
Epoch 041/50 | train_loss=-0.001043 val_loss=0.000688 | train_profit=2.707747 (+270,775 PHP) val_profit=-0.007278 (-728 PHP) | train_geo=10.159902 (+1,015,990 PHP) val_geo=-0.066221 (-6,622 PHP)
Epoch 042/50 | train_loss=-0.001027 val_loss=0.001046 | train_profit=2.598542 (+259,854 PHP) val_profit=-0.232047 (-23,205 PHP) | train_geo=8.999909 (+899,991 PHP) val_geo=-0.254225 (-25,422 PHP)
Epoch 043/50 | train_loss=-0.000976 val_loss=0.001285 | train_profit=2.579390 (+257,939 PHP) val_profit=-0.200227 (-20,023 PHP) | train_geo=8.810737 (+881,074 PHP) val_geo=-0.229947 (-22,995 PHP)
Epoch 044/50 | train_loss=-0.000934 val_loss=0.000661 | train_profit=2.723652 (+272,365 PHP) val_profit=-0.007278 (-728 PHP) | train_geo=10.335773 (+1,033,577 PHP) val_geo=-0.066221 (-6,622 PHP)
Epoch 045/50 | train_loss=-0.001051 val_loss=0.000563 | train_profit=2.354907 (+235,491 PHP) val_profit=-0.047931 (-4,793 PHP) | train_geo=6.834220 (+683,422 PHP) val_geo=-0.103486 (-10,349 PHP)
Epoch 046/50 | train_loss=-0.001001 val_loss=0.001321 | train_profit=2.874975 (+287,498 PHP) val_profit=-0.177921 (-17,792 PHP) | train_geo=12.189981 (+1,218,998 PHP) val_geo=-0.212718 (-21,272 PHP)
Epoch 047/50 | train_loss=-0.000970 val_loss=0.000601 | train_profit=2.396188 (+239,619 PHP) val_profit=-0.072483 (-7,248 PHP) | train_geo=7.168643 (+716,864 PHP) val_geo=-0.125171 (-12,517 PHP)
Epoch 048/50 | train_loss=-0.001049 val_loss=0.000929 | train_profit=2.971181 (+297,118 PHP) val_profit=-0.004905 (-491 PHP) | train_geo=13.532344 (+1,353,234 PHP) val_geo=-0.064044 (-6,404 PHP)
Epoch 049/50 | train_loss=-0.001083 val_loss=0.001141 | train_profit=2.661723 (+266,172 PHP) val_profit=-0.240287 (-24,029 PHP) | train_geo=9.669728 (+966,973 PHP) val_geo=-0.260375 (-26,037 PHP)
Epoch 050/50 | train_loss=-0.000967 val_loss=0.000752 | train_profit=2.486205 (+248,620 PHP) val_profit=-0.048368 (-4,837 PHP) | train_geo=7.939817 (+793,982 PHP) val_geo=-0.103755 (-10,375 PHP)
[3/37] AAPL       (strong) profit-aware  dir_acc=0.550 cum_ret=+0.5009 geo_ret=+0.5886 sharpe=+1.617 (buy&hold=+0.6722 always_short=-0.4458)
  [5.2s total]
Epoch 001/50 | [MSE] train_loss=0.000307 val_loss=0.000256 | train_profit=-0.113843 (-11,384 PHP) val_profit=0.390944 (+39,094 PHP) | train_geo=-0.242928 (-24,293 PHP) val_geo=0.433704 (+43,370 PHP)
Epoch 002/50 | [MSE] train_loss=0.000252 val_loss=0.000208 | train_profit=-0.487924 (-48,792 PHP) val_profit=0.390944 (+39,094 PHP) | train_geo=-0.478935 (-47,894 PHP) val_geo=0.433704 (+43,370 PHP)
Epoch 003/50 | [MSE] train_loss=0.000228 val_loss=0.000210 | train_profit=-0.435444 (-43,544 PHP) val_profit=0.390944 (+39,094 PHP) | train_geo=-0.450773 (-45,077 PHP) val_geo=0.433704 (+43,370 PHP)
Epoch 004/50 | [MSE] train_loss=0.000224 val_loss=0.000206 | train_profit=0.062154 (+6,215 PHP) val_profit=0.390944 (+39,094 PHP) | train_geo=-0.096213 (-9,621 PHP) val_geo=0.433704 (+43,370 PHP)
Epoch 005/50 | [MSE] train_loss=0.000221 val_loss=0.000202 | train_profit=-0.373539 (-37,354 PHP) val_profit=0.390944 (+39,094 PHP) | train_geo=-0.415602 (-41,560 PHP) val_geo=0.433704 (+43,370 PHP)
Epoch 006/50 | [MSE] train_loss=0.000223 val_loss=0.000204 | train_profit=-0.595016 (-59,502 PHP) val_profit=0.390944 (+39,094 PHP) | train_geo=-0.532162 (-53,216 PHP) val_geo=0.433704 (+43,370 PHP)
Epoch 007/50 | [MSE] train_loss=0.000221 val_loss=0.000205 | train_profit=-0.336995 (-33,700 PHP) val_profit=0.390944 (+39,094 PHP) | train_geo=-0.394784 (-39,478 PHP) val_geo=0.433704 (+43,370 PHP)
Epoch 008/50 | [MSE] train_loss=0.000220 val_loss=0.000203 | train_profit=-0.500659 (-50,066 PHP) val_profit=0.390944 (+39,094 PHP) | train_geo=-0.485513 (-48,551 PHP) val_geo=0.433704 (+43,370 PHP)
Epoch 009/50 | [MSE] train_loss=0.000218 val_loss=0.000206 | train_profit=-0.246035 (-24,604 PHP) val_profit=0.390944 (+39,094 PHP) | train_geo=-0.337022 (-33,702 PHP) val_geo=0.433704 (+43,370 PHP)
Epoch 010/50 | [MSE] train_loss=0.000220 val_loss=0.000203 | train_profit=0.054729 (+5,473 PHP) val_profit=0.390944 (+39,094 PHP) | train_geo=-0.103313 (-10,331 PHP) val_geo=0.433704 (+43,370 PHP)
Epoch 011/50 | [MSE] train_loss=0.000219 val_loss=0.000204 | train_profit=-0.368231 (-36,823 PHP) val_profit=0.390944 (+39,094 PHP) | train_geo=-0.413106 (-41,311 PHP) val_geo=0.433704 (+43,370 PHP)
Epoch 012/50 | [MSE] train_loss=0.000218 val_loss=0.000203 | train_profit=0.700958 (+70,096 PHP) val_profit=0.390944 (+39,094 PHP) | train_geo=0.712174 (+71,217 PHP) val_geo=0.433704 (+43,370 PHP)
Epoch 013/50 | [MSE] train_loss=0.000217 val_loss=0.000202 | train_profit=0.587774 (+58,777 PHP) val_profit=0.390944 (+39,094 PHP) | train_geo=0.527581 (+52,758 PHP) val_geo=0.433704 (+43,370 PHP)
Epoch 014/50 | [MSE] train_loss=0.000217 val_loss=0.000202 | train_profit=0.225452 (+22,545 PHP) val_profit=0.390944 (+39,094 PHP) | train_geo=0.064514 (+6,451 PHP) val_geo=0.433704 (+43,370 PHP)
Epoch 015/50 | [MSE] train_loss=0.000217 val_loss=0.000201 | train_profit=0.691440 (+69,144 PHP) val_profit=0.390944 (+39,094 PHP) | train_geo=0.695159 (+69,516 PHP) val_geo=0.433704 (+43,370 PHP)
Epoch 016/50 | [MSE] train_loss=0.000218 val_loss=0.000204 | train_profit=-0.379399 (-37,940 PHP) val_profit=0.390944 (+39,094 PHP) | train_geo=-0.419547 (-41,955 PHP) val_geo=0.433704 (+43,370 PHP)
Epoch 017/50 | [MSE] train_loss=0.000218 val_loss=0.000203 | train_profit=0.078625 (+7,862 PHP) val_profit=0.390944 (+39,094 PHP) | train_geo=-0.081603 (-8,160 PHP) val_geo=0.433704 (+43,370 PHP)
Epoch 018/50 | [MSE] train_loss=0.000218 val_loss=0.000203 | train_profit=0.550009 (+55,001 PHP) val_profit=0.390944 (+39,094 PHP) | train_geo=0.473014 (+47,301 PHP) val_geo=0.433704 (+43,370 PHP)
Epoch 019/50 | [MSE] train_loss=0.000218 val_loss=0.000201 | train_profit=0.400424 (+40,042 PHP) val_profit=0.390944 (+39,094 PHP) | train_geo=0.266501 (+26,650 PHP) val_geo=0.433704 (+43,370 PHP)
Epoch 020/50 | [MSE] train_loss=0.000216 val_loss=0.000203 | train_profit=0.736097 (+73,610 PHP) val_profit=0.390944 (+39,094 PHP) | train_geo=0.772661 (+77,266 PHP) val_geo=0.433704 (+43,370 PHP)
Epoch 021/50 | [MSE] train_loss=0.000217 val_loss=0.000202 | train_profit=0.449682 (+44,968 PHP) val_profit=0.390944 (+39,094 PHP) | train_geo=0.330916 (+33,092 PHP) val_geo=0.433704 (+43,370 PHP)
Epoch 022/50 | [MSE] train_loss=0.000217 val_loss=0.000204 | train_profit=0.873155 (+87,315 PHP) val_profit=0.390944 (+39,094 PHP) | train_geo=1.034139 (+103,414 PHP) val_geo=0.433704 (+43,370 PHP)
Epoch 023/50 | [MSE] train_loss=0.000217 val_loss=0.000204 | train_profit=0.773442 (+77,344 PHP) val_profit=0.390944 (+39,094 PHP) | train_geo=0.840483 (+84,048 PHP) val_geo=0.433704 (+43,370 PHP)
Epoch 024/50 | [MSE] train_loss=0.000218 val_loss=0.000205 | train_profit=0.777043 (+77,704 PHP) val_profit=0.390944 (+39,094 PHP) | train_geo=0.849878 (+84,988 PHP) val_geo=0.433704 (+43,370 PHP)
Epoch 025/50 | [MSE] train_loss=0.000217 val_loss=0.000205 | train_profit=0.575689 (+57,569 PHP) val_profit=0.390944 (+39,094 PHP) | train_geo=0.509384 (+50,938 PHP) val_geo=0.433704 (+43,370 PHP)
Epoch 026/50 | [MSE] train_loss=0.000218 val_loss=0.000204 | train_profit=0.875207 (+87,521 PHP) val_profit=0.390944 (+39,094 PHP) | train_geo=1.037218 (+103,722 PHP) val_geo=0.433704 (+43,370 PHP)
Epoch 027/50 | [MSE] train_loss=0.000218 val_loss=0.000204 | train_profit=0.669753 (+66,975 PHP) val_profit=0.390944 (+39,094 PHP) | train_geo=0.658218 (+65,822 PHP) val_geo=0.433704 (+43,370 PHP)
Epoch 028/50 | [MSE] train_loss=0.000219 val_loss=0.000205 | train_profit=0.157872 (+15,787 PHP) val_profit=0.390944 (+39,094 PHP) | train_geo=-0.007306 (-731 PHP) val_geo=0.433704 (+43,370 PHP)
Epoch 029/50 | [MSE] train_loss=0.000219 val_loss=0.000205 | train_profit=0.316316 (+31,632 PHP) val_profit=0.390944 (+39,094 PHP) | train_geo=0.164726 (+16,473 PHP) val_geo=0.433704 (+43,370 PHP)
Epoch 030/50 | [MSE] train_loss=0.000219 val_loss=0.000204 | train_profit=0.139503 (+13,950 PHP) val_profit=0.390944 (+39,094 PHP) | train_geo=-0.024745 (-2,474 PHP) val_geo=0.433704 (+43,370 PHP)
Epoch 031/50 | [MSE] train_loss=0.000219 val_loss=0.000202 | train_profit=0.269955 (+26,996 PHP) val_profit=0.390944 (+39,094 PHP) | train_geo=0.111249 (+11,125 PHP) val_geo=0.433704 (+43,370 PHP)
Epoch 032/50 | [MSE] train_loss=0.000220 val_loss=0.000201 | train_profit=0.283052 (+28,305 PHP) val_profit=0.390944 (+39,094 PHP) | train_geo=0.126711 (+12,671 PHP) val_geo=0.433704 (+43,370 PHP)
Epoch 033/50 | [MSE] train_loss=0.000220 val_loss=0.000200 | train_profit=0.202414 (+20,241 PHP) val_profit=0.390944 (+39,094 PHP) | train_geo=0.038392 (+3,839 PHP) val_geo=0.433704 (+43,370 PHP)
Epoch 034/50 | [MSE] train_loss=0.000222 val_loss=0.000198 | train_profit=0.079587 (+7,959 PHP) val_profit=0.390944 (+39,094 PHP) | train_geo=-0.081237 (-8,124 PHP) val_geo=0.433704 (+43,370 PHP)
Epoch 035/50 | [MSE] train_loss=0.000222 val_loss=0.000194 | train_profit=0.583497 (+58,350 PHP) val_profit=0.390944 (+39,094 PHP) | train_geo=0.521740 (+52,174 PHP) val_geo=0.433704 (+43,370 PHP)
Epoch 036/50 | [MSE] train_loss=0.000224 val_loss=0.000192 | train_profit=-0.261631 (-26,163 PHP) val_profit=0.345750 (+34,575 PHP) | train_geo=-0.347731 (-34,773 PHP) val_geo=0.370276 (+37,028 PHP)
Epoch 037/50 | [MSE] train_loss=0.000223 val_loss=0.000191 | train_profit=0.373807 (+37,381 PHP) val_profit=0.360103 (+36,010 PHP) | train_geo=0.234190 (+23,419 PHP) val_geo=0.390201 (+39,020 PHP)
Epoch 038/50 | [MSE] train_loss=0.000223 val_loss=0.000190 | train_profit=0.021757 (+2,176 PHP) val_profit=0.353093 (+35,309 PHP) | train_geo=-0.132707 (-13,271 PHP) val_geo=0.380589 (+38,059 PHP)
Epoch 039/50 | [MSE] train_loss=0.000220 val_loss=0.000190 | train_profit=0.456707 (+45,671 PHP) val_profit=0.176855 (+17,686 PHP) | train_geo=0.341910 (+34,191 PHP) val_geo=0.157507 (+15,751 PHP)
Epoch 040/50 | [MSE] train_loss=0.000220 val_loss=0.000190 | train_profit=-0.067979 (-6,798 PHP) val_profit=0.138700 (+13,870 PHP) | train_geo=-0.206539 (-20,654 PHP) val_geo=0.114410 (+11,441 PHP)
Epoch 041/50 | [MSE] train_loss=0.000219 val_loss=0.000190 | train_profit=0.039197 (+3,920 PHP) val_profit=0.121952 (+12,195 PHP) | train_geo=-0.116391 (-11,639 PHP) val_geo=0.095692 (+9,569 PHP)
Epoch 042/50 | [MSE] train_loss=0.000219 val_loss=0.000190 | train_profit=-0.168730 (-16,873 PHP) val_profit=0.107027 (+10,703 PHP) | train_geo=-0.282690 (-28,269 PHP) val_geo=0.079449 (+7,945 PHP)
Epoch 043/50 | [MSE] train_loss=0.000219 val_loss=0.000190 | train_profit=0.283461 (+28,346 PHP) val_profit=-0.196028 (-19,603 PHP) | train_geo=0.128608 (+12,861 PHP) val_geo=-0.203065 (-20,307 PHP)
Epoch 044/50 | [MSE] train_loss=0.000219 val_loss=0.000191 | train_profit=0.195641 (+19,564 PHP) val_profit=-0.060886 (-6,089 PHP) | train_geo=0.033607 (+3,361 PHP) val_geo=-0.087520 (-8,752 PHP)
Epoch 045/50 | [MSE] train_loss=0.000219 val_loss=0.000191 | train_profit=0.237315 (+23,732 PHP) val_profit=-0.248964 (-24,896 PHP) | train_geo=0.077011 (+7,701 PHP) val_geo=-0.244214 (-24,421 PHP)
Epoch 046/50 | [MSE] train_loss=0.000218 val_loss=0.000191 | train_profit=0.072649 (+7,265 PHP) val_profit=-0.104955 (-10,495 PHP) | train_geo=-0.086259 (-8,626 PHP) val_geo=-0.126886 (-12,689 PHP)
Epoch 047/50 | [MSE] train_loss=0.000217 val_loss=0.000191 | train_profit=0.402747 (+40,275 PHP) val_profit=-0.106110 (-10,611 PHP) | train_geo=0.272031 (+27,203 PHP) val_geo=-0.127832 (-12,783 PHP)
Epoch 048/50 | [MSE] train_loss=0.000217 val_loss=0.000191 | train_profit=0.460194 (+46,019 PHP) val_profit=0.074139 (+7,414 PHP) | train_geo=0.347054 (+34,705 PHP) val_geo=0.044690 (+4,469 PHP)
Epoch 049/50 | [MSE] train_loss=0.000218 val_loss=0.000191 | train_profit=-0.030351 (-3,035 PHP) val_profit=-0.099102 (-9,910 PHP) | train_geo=-0.176180 (-17,618 PHP) val_geo=-0.121689 (-12,169 PHP)
Epoch 050/50 | [MSE] train_loss=0.000217 val_loss=0.000191 | train_profit=0.324306 (+32,431 PHP) val_profit=-0.045378 (-4,538 PHP) | train_geo=0.175502 (+17,550 PHP) val_geo=-0.073181 (-7,318 PHP)
[4/37] COST       (strong) mse           dir_acc=0.491 cum_ret=-0.0434 geo_ret=-0.0655 sharpe=-0.175 (buy&hold=-0.0815 always_short=+0.0375)
  [4.4s total]
Epoch 001/50 | train_loss=-0.000401 val_loss=-0.000610 | train_profit=1.409817 (+140,982 PHP) val_profit=0.390944 (+39,094 PHP) | train_geo=2.478642 (+247,864 PHP) val_geo=0.433704 (+43,370 PHP)
Epoch 002/50 | train_loss=-0.000453 val_loss=-0.000836 | train_profit=1.579945 (+157,995 PHP) val_profit=0.390944 (+39,094 PHP) | train_geo=3.124592 (+312,459 PHP) val_geo=0.433704 (+43,370 PHP)
Epoch 003/50 | train_loss=-0.000626 val_loss=-0.000793 | train_profit=1.597247 (+159,725 PHP) val_profit=0.390944 (+39,094 PHP) | train_geo=3.196585 (+319,658 PHP) val_geo=0.433704 (+43,370 PHP)
Epoch 004/50 | train_loss=-0.000577 val_loss=-0.000843 | train_profit=1.597247 (+159,725 PHP) val_profit=0.390944 (+39,094 PHP) | train_geo=3.196585 (+319,658 PHP) val_geo=0.433704 (+43,370 PHP)
Epoch 005/50 | train_loss=-0.000688 val_loss=-0.000851 | train_profit=1.597247 (+159,725 PHP) val_profit=0.390944 (+39,094 PHP) | train_geo=3.196585 (+319,658 PHP) val_geo=0.433704 (+43,370 PHP)
Epoch 006/50 | train_loss=-0.000683 val_loss=-0.000840 | train_profit=1.597247 (+159,725 PHP) val_profit=0.390944 (+39,094 PHP) | train_geo=3.196585 (+319,658 PHP) val_geo=0.433704 (+43,370 PHP)
Epoch 007/50 | train_loss=-0.000664 val_loss=-0.000847 | train_profit=1.597247 (+159,725 PHP) val_profit=0.390944 (+39,094 PHP) | train_geo=3.196585 (+319,658 PHP) val_geo=0.433704 (+43,370 PHP)
Epoch 008/50 | train_loss=-0.000683 val_loss=-0.000846 | train_profit=1.597247 (+159,725 PHP) val_profit=0.390944 (+39,094 PHP) | train_geo=3.196585 (+319,658 PHP) val_geo=0.433704 (+43,370 PHP)
Epoch 009/50 | train_loss=-0.000702 val_loss=-0.000842 | train_profit=1.597247 (+159,725 PHP) val_profit=0.390944 (+39,094 PHP) | train_geo=3.196585 (+319,658 PHP) val_geo=0.433704 (+43,370 PHP)
Epoch 010/50 | train_loss=-0.000675 val_loss=-0.000833 | train_profit=1.597247 (+159,725 PHP) val_profit=0.390944 (+39,094 PHP) | train_geo=3.196585 (+319,658 PHP) val_geo=0.433704 (+43,370 PHP)
Epoch 011/50 | train_loss=-0.000687 val_loss=-0.000835 | train_profit=1.597247 (+159,725 PHP) val_profit=0.390944 (+39,094 PHP) | train_geo=3.196585 (+319,658 PHP) val_geo=0.433704 (+43,370 PHP)
Epoch 012/50 | train_loss=-0.000657 val_loss=-0.000833 | train_profit=1.597247 (+159,725 PHP) val_profit=0.390944 (+39,094 PHP) | train_geo=3.196585 (+319,658 PHP) val_geo=0.433704 (+43,370 PHP)
Epoch 013/50 | train_loss=-0.000621 val_loss=-0.000827 | train_profit=1.597247 (+159,725 PHP) val_profit=0.390944 (+39,094 PHP) | train_geo=3.196585 (+319,658 PHP) val_geo=0.433704 (+43,370 PHP)
Epoch 014/50 | train_loss=-0.000575 val_loss=-0.000793 | train_profit=1.597247 (+159,725 PHP) val_profit=0.390944 (+39,094 PHP) | train_geo=3.196585 (+319,658 PHP) val_geo=0.433704 (+43,370 PHP)
Epoch 015/50 | train_loss=-0.000564 val_loss=-0.000751 | train_profit=1.597247 (+159,725 PHP) val_profit=0.390944 (+39,094 PHP) | train_geo=3.196585 (+319,658 PHP) val_geo=0.433704 (+43,370 PHP)
Epoch 016/50 | train_loss=-0.000627 val_loss=-0.000731 | train_profit=1.597247 (+159,725 PHP) val_profit=0.390944 (+39,094 PHP) | train_geo=3.196585 (+319,658 PHP) val_geo=0.433704 (+43,370 PHP)
Epoch 017/50 | train_loss=-0.000661 val_loss=-0.000745 | train_profit=1.597247 (+159,725 PHP) val_profit=0.390944 (+39,094 PHP) | train_geo=3.196585 (+319,658 PHP) val_geo=0.433704 (+43,370 PHP)
Epoch 018/50 | train_loss=-0.000671 val_loss=-0.000751 | train_profit=1.597247 (+159,725 PHP) val_profit=0.390944 (+39,094 PHP) | train_geo=3.196585 (+319,658 PHP) val_geo=0.433704 (+43,370 PHP)
Epoch 019/50 | train_loss=-0.000681 val_loss=-0.000739 | train_profit=1.597247 (+159,725 PHP) val_profit=0.390944 (+39,094 PHP) | train_geo=3.196585 (+319,658 PHP) val_geo=0.433704 (+43,370 PHP)
Epoch 020/50 | train_loss=-0.000699 val_loss=-0.000697 | train_profit=1.597247 (+159,725 PHP) val_profit=0.390944 (+39,094 PHP) | train_geo=3.196585 (+319,658 PHP) val_geo=0.433704 (+43,370 PHP)
Epoch 021/50 | train_loss=-0.000685 val_loss=-0.000690 | train_profit=1.597247 (+159,725 PHP) val_profit=0.390944 (+39,094 PHP) | train_geo=3.196585 (+319,658 PHP) val_geo=0.433704 (+43,370 PHP)
Epoch 022/50 | train_loss=-0.000697 val_loss=-0.000640 | train_profit=1.597247 (+159,725 PHP) val_profit=0.394302 (+39,430 PHP) | train_geo=3.196585 (+319,658 PHP) val_geo=0.438577 (+43,858 PHP)
Epoch 023/50 | train_loss=-0.000695 val_loss=-0.000518 | train_profit=1.597247 (+159,725 PHP) val_profit=0.372084 (+37,208 PHP) | train_geo=3.196585 (+319,658 PHP) val_geo=0.407076 (+40,708 PHP)
Epoch 024/50 | train_loss=-0.000701 val_loss=-0.000404 | train_profit=1.740096 (+174,010 PHP) val_profit=0.241871 (+24,187 PHP) | train_geo=3.842442 (+384,244 PHP) val_geo=0.235182 (+23,518 PHP)
Epoch 025/50 | train_loss=-0.000651 val_loss=-0.000691 | train_profit=1.451777 (+145,178 PHP) val_profit=0.360103 (+36,010 PHP) | train_geo=2.627730 (+262,773 PHP) val_geo=0.390201 (+39,020 PHP)
Epoch 026/50 | train_loss=-0.000768 val_loss=-0.000625 | train_profit=1.765766 (+176,577 PHP) val_profit=0.350587 (+35,059 PHP) | train_geo=3.968411 (+396,841 PHP) val_geo=0.377032 (+37,703 PHP)
Epoch 027/50 | train_loss=-0.000804 val_loss=-0.000700 | train_profit=1.848201 (+184,820 PHP) val_profit=0.379425 (+37,942 PHP) | train_geo=4.396239 (+439,624 PHP) val_geo=0.417346 (+41,735 PHP)
Epoch 028/50 | train_loss=-0.000799 val_loss=-0.000751 | train_profit=1.741228 (+174,123 PHP) val_profit=0.394302 (+39,430 PHP) | train_geo=3.848434 (+384,843 PHP) val_geo=0.438577 (+43,858 PHP)
Epoch 029/50 | train_loss=-0.000815 val_loss=-0.000683 | train_profit=1.750013 (+175,001 PHP) val_profit=0.347946 (+34,795 PHP) | train_geo=3.890052 (+389,005 PHP) val_geo=0.373390 (+37,339 PHP)
Epoch 030/50 | train_loss=-0.000837 val_loss=-0.000729 | train_profit=1.960553 (+196,055 PHP) val_profit=0.394302 (+39,430 PHP) | train_geo=5.038609 (+503,861 PHP) val_geo=0.438577 (+43,858 PHP)
Epoch 031/50 | train_loss=-0.000800 val_loss=-0.000740 | train_profit=1.809463 (+180,946 PHP) val_profit=0.394302 (+39,430 PHP) | train_geo=4.190524 (+419,052 PHP) val_geo=0.438577 (+43,858 PHP)
Epoch 032/50 | train_loss=-0.000840 val_loss=-0.000641 | train_profit=1.875177 (+187,518 PHP) val_profit=0.366676 (+36,668 PHP) | train_geo=4.542851 (+454,285 PHP) val_geo=0.399380 (+39,938 PHP)
Epoch 033/50 | train_loss=-0.000836 val_loss=-0.000703 | train_profit=1.912956 (+191,296 PHP) val_profit=0.379425 (+37,942 PHP) | train_geo=4.756492 (+475,649 PHP) val_geo=0.417346 (+41,735 PHP)
Epoch 034/50 | train_loss=-0.000838 val_loss=-0.000505 | train_profit=1.727358 (+172,736 PHP) val_profit=0.305928 (+30,593 PHP) | train_geo=3.780993 (+378,099 PHP) val_geo=0.316922 (+31,692 PHP)
Epoch 035/50 | train_loss=-0.000887 val_loss=-0.000724 | train_profit=1.983169 (+198,317 PHP) val_profit=0.368430 (+36,843 PHP) | train_geo=5.173983 (+517,398 PHP) val_geo=0.401780 (+40,178 PHP)
Epoch 036/50 | train_loss=-0.000805 val_loss=-0.000744 | train_profit=1.732470 (+173,247 PHP) val_profit=0.394302 (+39,430 PHP) | train_geo=3.804818 (+380,482 PHP) val_geo=0.438577 (+43,858 PHP)
Epoch 037/50 | train_loss=-0.000879 val_loss=-0.000530 | train_profit=1.811207 (+181,121 PHP) val_profit=0.368910 (+36,891 PHP) | train_geo=4.198974 (+419,897 PHP) val_geo=0.402640 (+40,264 PHP)
Epoch 038/50 | train_loss=-0.000920 val_loss=-0.000467 | train_profit=1.945520 (+194,552 PHP) val_profit=0.334654 (+33,465 PHP) | train_geo=4.945576 (+494,558 PHP) val_geo=0.355346 (+35,535 PHP)
Epoch 039/50 | train_loss=-0.000933 val_loss=-0.000584 | train_profit=2.015758 (+201,576 PHP) val_profit=0.336738 (+33,674 PHP) | train_geo=5.378563 (+537,856 PHP) val_geo=0.358075 (+35,807 PHP)
Epoch 040/50 | train_loss=-0.000795 val_loss=-0.000425 | train_profit=1.694826 (+169,483 PHP) val_profit=0.290059 (+29,006 PHP) | train_geo=3.626304 (+362,630 PHP) val_geo=0.296176 (+29,618 PHP)
Epoch 041/50 | train_loss=-0.000880 val_loss=-0.000616 | train_profit=1.904490 (+190,449 PHP) val_profit=0.323660 (+32,366 PHP) | train_geo=4.707575 (+470,758 PHP) val_geo=0.340461 (+34,046 PHP)
Epoch 042/50 | train_loss=-0.000877 val_loss=-0.000405 | train_profit=1.769920 (+176,992 PHP) val_profit=0.274402 (+27,440 PHP) | train_geo=3.988015 (+398,802 PHP) val_geo=0.276106 (+27,611 PHP)
Epoch 043/50 | train_loss=-0.000985 val_loss=-0.000465 | train_profit=2.080012 (+208,001 PHP) val_profit=0.323660 (+32,366 PHP) | train_geo=5.802333 (+580,233 PHP) val_geo=0.340461 (+34,046 PHP)
Epoch 044/50 | train_loss=-0.000910 val_loss=-0.000287 | train_profit=1.998854 (+199,885 PHP) val_profit=0.293280 (+29,328 PHP) | train_geo=5.273123 (+527,312 PHP) val_geo=0.300579 (+30,058 PHP)
Epoch 045/50 | train_loss=-0.000818 val_loss=-0.000736 | train_profit=1.820108 (+182,011 PHP) val_profit=0.394302 (+39,430 PHP) | train_geo=4.244026 (+424,403 PHP) val_geo=0.438577 (+43,858 PHP)
Epoch 046/50 | train_loss=-0.000907 val_loss=-0.000473 | train_profit=1.882567 (+188,257 PHP) val_profit=0.296472 (+29,647 PHP) | train_geo=4.583412 (+458,341 PHP) val_geo=0.304555 (+30,456 PHP)
Epoch 047/50 | train_loss=-0.001038 val_loss=-0.000294 | train_profit=2.236085 (+223,608 PHP) val_profit=0.269590 (+26,959 PHP) | train_geo=6.952125 (+695,212 PHP) val_geo=0.269936 (+26,994 PHP)
Epoch 048/50 | train_loss=-0.001051 val_loss=-0.000259 | train_profit=2.299822 (+229,982 PHP) val_profit=0.213534 (+21,353 PHP) | train_geo=7.475929 (+747,593 PHP) val_geo=0.200774 (+20,077 PHP)
Epoch 049/50 | train_loss=-0.001029 val_loss=-0.000128 | train_profit=2.200549 (+220,055 PHP) val_profit=0.204827 (+20,483 PHP) | train_geo=6.675135 (+667,514 PHP) val_geo=0.190394 (+19,039 PHP)
Epoch 050/50 | train_loss=-0.001011 val_loss=0.000097 | train_profit=2.176401 (+217,640 PHP) val_profit=0.175577 (+17,558 PHP) | train_geo=6.492470 (+649,247 PHP) val_geo=0.156217 (+15,622 PHP)
[4/37] COST       (strong) profit-aware  dir_acc=0.497 cum_ret=+0.0121 geo_ret=-0.0120 sharpe=+0.049 (buy&hold=-0.0815 always_short=+0.0375)
  [5.1s total]
Epoch 001/50 | [MSE] train_loss=0.000429 val_loss=0.000222 | train_profit=-0.435022 (-43,502 PHP) val_profit=0.295423 (+29,542 PHP) | train_geo=-0.482264 (-48,226 PHP) val_geo=0.308440 (+30,844 PHP)
Epoch 002/50 | [MSE] train_loss=0.000333 val_loss=0.000168 | train_profit=-0.577554 (-57,755 PHP) val_profit=-0.021335 (-2,133 PHP) | train_geo=-0.552973 (-55,297 PHP) val_geo=-0.046497 (-4,650 PHP)
Epoch 003/50 | [MSE] train_loss=0.000313 val_loss=0.000174 | train_profit=-1.015726 (-101,573 PHP) val_profit=0.295423 (+29,542 PHP) | train_geo=-0.710641 (-71,064 PHP) val_geo=0.308440 (+30,844 PHP)
Epoch 004/50 | [MSE] train_loss=0.000300 val_loss=0.000168 | train_profit=-0.332709 (-33,271 PHP) val_profit=0.295423 (+29,542 PHP) | train_geo=-0.427368 (-42,737 PHP) val_geo=0.308440 (+30,844 PHP)
Epoch 005/50 | [MSE] train_loss=0.000298 val_loss=0.000170 | train_profit=-0.576991 (-57,699 PHP) val_profit=-0.003898 (-390 PHP) | train_geo=-0.551269 (-55,127 PHP) val_geo=-0.030034 (-3,003 PHP)
Epoch 006/50 | [MSE] train_loss=0.000304 val_loss=0.000169 | train_profit=-0.836585 (-83,658 PHP) val_profit=0.265082 (+26,508 PHP) | train_geo=-0.654432 (-65,443 PHP) val_geo=0.269422 (+26,942 PHP)
Epoch 007/50 | [MSE] train_loss=0.000301 val_loss=0.000170 | train_profit=-1.282208 (-128,221 PHP) val_profit=0.253949 (+25,395 PHP) | train_geo=-0.778722 (-77,872 PHP) val_geo=0.255259 (+25,526 PHP)
Epoch 008/50 | [MSE] train_loss=0.000296 val_loss=0.000169 | train_profit=0.396708 (+39,671 PHP) val_profit=0.105749 (+10,575 PHP) | train_geo=0.189045 (+18,905 PHP) val_geo=0.082422 (+8,242 PHP)
Epoch 009/50 | [MSE] train_loss=0.000299 val_loss=0.000169 | train_profit=-0.080857 (-8,086 PHP) val_profit=0.301142 (+30,114 PHP) | train_geo=-0.262178 (-26,218 PHP) val_geo=0.315999 (+31,600 PHP)
Epoch 010/50 | [MSE] train_loss=0.000298 val_loss=0.000169 | train_profit=0.268333 (+26,833 PHP) val_profit=0.249607 (+24,961 PHP) | train_geo=0.046321 (+4,632 PHP) val_geo=0.249880 (+24,988 PHP)
Epoch 011/50 | [MSE] train_loss=0.000299 val_loss=0.000169 | train_profit=0.036179 (+3,618 PHP) val_profit=0.317630 (+31,763 PHP) | train_geo=-0.170815 (-17,081 PHP) val_geo=0.337952 (+33,795 PHP)
Epoch 012/50 | [MSE] train_loss=0.000298 val_loss=0.000168 | train_profit=-0.636935 (-63,693 PHP) val_profit=0.297389 (+29,739 PHP) | train_geo=-0.577311 (-57,731 PHP) val_geo=0.311114 (+31,111 PHP)
Epoch 013/50 | [MSE] train_loss=0.000297 val_loss=0.000167 | train_profit=-0.221125 (-22,113 PHP) val_profit=0.178244 (+17,824 PHP) | train_geo=-0.359915 (-35,992 PHP) val_geo=0.163745 (+16,374 PHP)
Epoch 014/50 | [MSE] train_loss=0.000298 val_loss=0.000168 | train_profit=-0.702211 (-70,221 PHP) val_profit=0.295423 (+29,542 PHP) | train_geo=-0.604537 (-60,454 PHP) val_geo=0.308440 (+30,844 PHP)
Epoch 015/50 | [MSE] train_loss=0.000294 val_loss=0.000168 | train_profit=-0.358039 (-35,804 PHP) val_profit=0.315851 (+31,585 PHP) | train_geo=-0.441586 (-44,159 PHP) val_geo=0.335566 (+33,557 PHP)
Epoch 016/50 | [MSE] train_loss=0.000297 val_loss=0.000167 | train_profit=-0.096224 (-9,622 PHP) val_profit=0.274797 (+27,480 PHP) | train_geo=-0.273625 (-27,362 PHP) val_geo=0.281767 (+28,177 PHP)
Epoch 017/50 | [MSE] train_loss=0.000298 val_loss=0.000168 | train_profit=-1.349574 (-134,957 PHP) val_profit=0.295423 (+29,542 PHP) | train_geo=-0.793074 (-79,307 PHP) val_geo=0.308440 (+30,844 PHP)
Epoch 018/50 | [MSE] train_loss=0.000297 val_loss=0.000168 | train_profit=-1.041998 (-104,200 PHP) val_profit=0.286468 (+28,647 PHP) | train_geo=-0.718620 (-71,862 PHP) val_geo=0.296767 (+29,677 PHP)
Epoch 019/50 | [MSE] train_loss=0.000296 val_loss=0.000168 | train_profit=-0.286110 (-28,611 PHP) val_profit=0.193672 (+19,367 PHP) | train_geo=-0.400614 (-40,061 PHP) val_geo=0.181793 (+18,179 PHP)
Epoch 020/50 | [MSE] train_loss=0.000294 val_loss=0.000168 | train_profit=0.377608 (+37,761 PHP) val_profit=0.286468 (+28,647 PHP) | train_geo=0.167370 (+16,737 PHP) val_geo=0.296767 (+29,677 PHP)
Epoch 021/50 | [MSE] train_loss=0.000296 val_loss=0.000168 | train_profit=0.442513 (+44,251 PHP) val_profit=0.278789 (+27,879 PHP) | train_geo=0.245903 (+24,590 PHP) val_geo=0.286812 (+28,681 PHP)
Epoch 022/50 | [MSE] train_loss=0.000296 val_loss=0.000168 | train_profit=0.054408 (+5,441 PHP) val_profit=0.278789 (+27,879 PHP) | train_geo=-0.156719 (-15,672 PHP) val_geo=0.286812 (+28,681 PHP)
Epoch 023/50 | [MSE] train_loss=0.000295 val_loss=0.000168 | train_profit=-0.314032 (-31,403 PHP) val_profit=0.230979 (+23,098 PHP) | train_geo=-0.415729 (-41,573 PHP) val_geo=0.226755 (+22,676 PHP)
Epoch 024/50 | [MSE] train_loss=0.000294 val_loss=0.000168 | train_profit=0.208835 (+20,883 PHP) val_profit=0.274883 (+27,488 PHP) | train_geo=-0.014510 (-1,451 PHP) val_geo=0.281820 (+28,182 PHP)
Epoch 025/50 | [MSE] train_loss=0.000297 val_loss=0.000169 | train_profit=-0.810746 (-81,075 PHP) val_profit=0.295423 (+29,542 PHP) | train_geo=-0.645162 (-64,516 PHP) val_geo=0.308440 (+30,844 PHP)
Epoch 026/50 | [MSE] train_loss=0.000296 val_loss=0.000169 | train_profit=0.229028 (+22,903 PHP) val_profit=0.295423 (+29,542 PHP) | train_geo=0.005988 (+599 PHP) val_geo=0.308440 (+30,844 PHP)
Epoch 027/50 | [MSE] train_loss=0.000295 val_loss=0.000168 | train_profit=-0.486248 (-48,625 PHP) val_profit=0.288538 (+28,854 PHP) | train_geo=-0.508839 (-50,884 PHP) val_geo=0.299500 (+29,950 PHP)
Epoch 028/50 | [MSE] train_loss=0.000295 val_loss=0.000168 | train_profit=0.349885 (+34,989 PHP) val_profit=0.252252 (+25,225 PHP) | train_geo=0.135833 (+13,583 PHP) val_geo=0.253190 (+25,319 PHP)
Epoch 029/50 | [MSE] train_loss=0.000295 val_loss=0.000168 | train_profit=0.011702 (+1,170 PHP) val_profit=0.238511 (+23,851 PHP) | train_geo=-0.191652 (-19,165 PHP) val_geo=0.236089 (+23,609 PHP)
Epoch 030/50 | [MSE] train_loss=0.000295 val_loss=0.000170 | train_profit=-0.168317 (-16,832 PHP) val_profit=0.262181 (+26,218 PHP) | train_geo=-0.324877 (-32,488 PHP) val_geo=0.265697 (+26,570 PHP)
Epoch 031/50 | [MSE] train_loss=0.000293 val_loss=0.000169 | train_profit=0.723410 (+72,341 PHP) val_profit=0.294948 (+29,495 PHP) | train_geo=0.649371 (+64,937 PHP) val_geo=0.307883 (+30,788 PHP)
Epoch 032/50 | [MSE] train_loss=0.000295 val_loss=0.000170 | train_profit=-0.004543 (-454 PHP) val_profit=0.300940 (+30,094 PHP) | train_geo=-0.204487 (-20,449 PHP) val_geo=0.315900 (+31,590 PHP)
Epoch 033/50 | [MSE] train_loss=0.000294 val_loss=0.000170 | train_profit=-0.000753 (-75 PHP) val_profit=0.233053 (+23,305 PHP) | train_geo=-0.201715 (-20,171 PHP) val_geo=0.229284 (+22,928 PHP)
Epoch 034/50 | [MSE] train_loss=0.000295 val_loss=0.000170 | train_profit=0.105091 (+10,509 PHP) val_profit=0.283089 (+28,309 PHP) | train_geo=-0.112046 (-11,205 PHP) val_geo=0.292369 (+29,237 PHP)
Epoch 035/50 | [MSE] train_loss=0.000293 val_loss=0.000170 | train_profit=0.317258 (+31,726 PHP) val_profit=0.283089 (+28,309 PHP) | train_geo=0.097668 (+9,767 PHP) val_geo=0.292369 (+29,237 PHP)
Epoch 036/50 | [MSE] train_loss=0.000294 val_loss=0.000169 | train_profit=0.194868 (+19,487 PHP) val_profit=0.291307 (+29,131 PHP) | train_geo=-0.027478 (-2,748 PHP) val_geo=0.303135 (+30,314 PHP)
Epoch 037/50 | [MSE] train_loss=0.000293 val_loss=0.000169 | train_profit=0.019658 (+1,966 PHP) val_profit=0.251145 (+25,115 PHP) | train_geo=-0.184020 (-18,402 PHP) val_geo=0.251921 (+25,192 PHP)
Epoch 038/50 | [MSE] train_loss=0.000295 val_loss=0.000170 | train_profit=-0.262052 (-26,205 PHP) val_profit=0.219514 (+21,951 PHP) | train_geo=-0.385225 (-38,523 PHP) val_geo=0.212761 (+21,276 PHP)
Epoch 039/50 | [MSE] train_loss=0.000294 val_loss=0.000169 | train_profit=0.119693 (+11,969 PHP) val_profit=0.201941 (+20,194 PHP) | train_geo=-0.098956 (-9,896 PHP) val_geo=0.191643 (+19,164 PHP)
Epoch 040/50 | [MSE] train_loss=0.000292 val_loss=0.000171 | train_profit=0.149966 (+14,997 PHP) val_profit=0.296745 (+29,674 PHP) | train_geo=-0.071497 (-7,150 PHP) val_geo=0.310195 (+31,020 PHP)
Epoch 041/50 | [MSE] train_loss=0.000293 val_loss=0.000170 | train_profit=0.809051 (+80,905 PHP) val_profit=0.281375 (+28,137 PHP) | train_geo=0.796605 (+79,660 PHP) val_geo=0.290441 (+29,044 PHP)
Epoch 042/50 | [MSE] train_loss=0.000293 val_loss=0.000171 | train_profit=-0.031174 (-3,117 PHP) val_profit=0.294948 (+29,495 PHP) | train_geo=-0.225505 (-22,550 PHP) val_geo=0.307883 (+30,788 PHP)
Epoch 043/50 | [MSE] train_loss=0.000294 val_loss=0.000169 | train_profit=0.150053 (+15,005 PHP) val_profit=0.174786 (+17,479 PHP) | train_geo=-0.069899 (-6,990 PHP) val_geo=0.159751 (+15,975 PHP)
Epoch 044/50 | [MSE] train_loss=0.000293 val_loss=0.000171 | train_profit=0.372298 (+37,230 PHP) val_profit=0.296745 (+29,674 PHP) | train_geo=0.160661 (+16,066 PHP) val_geo=0.310195 (+31,020 PHP)
Epoch 045/50 | [MSE] train_loss=0.000294 val_loss=0.000169 | train_profit=-0.066087 (-6,609 PHP) val_profit=0.178294 (+17,829 PHP) | train_geo=-0.252341 (-25,234 PHP) val_geo=0.163743 (+16,374 PHP)
Epoch 046/50 | [MSE] train_loss=0.000292 val_loss=0.000169 | train_profit=0.750669 (+75,067 PHP) val_profit=0.232609 (+23,261 PHP) | train_geo=0.694013 (+69,401 PHP) val_geo=0.228782 (+22,878 PHP)
Epoch 047/50 | [MSE] train_loss=0.000291 val_loss=0.000170 | train_profit=0.520958 (+52,096 PHP) val_profit=0.293421 (+29,342 PHP) | train_geo=0.345466 (+34,547 PHP) val_geo=0.306058 (+30,606 PHP)
Epoch 048/50 | [MSE] train_loss=0.000293 val_loss=0.000171 | train_profit=0.011286 (+1,129 PHP) val_profit=0.195991 (+19,599 PHP) | train_geo=-0.191435 (-19,143 PHP) val_geo=0.184590 (+18,459 PHP)
Epoch 049/50 | [MSE] train_loss=0.000291 val_loss=0.000170 | train_profit=0.016495 (+1,650 PHP) val_profit=0.243871 (+24,387 PHP) | train_geo=-0.187082 (-18,708 PHP) val_geo=0.242739 (+24,274 PHP)
Epoch 050/50 | [MSE] train_loss=0.000291 val_loss=0.000169 | train_profit=0.545743 (+54,574 PHP) val_profit=0.272698 (+27,270 PHP) | train_geo=0.380866 (+38,087 PHP) val_geo=0.279160 (+27,916 PHP)
[5/37] V          (strong) mse           dir_acc=0.506 cum_ret=+0.1282 geo_ret=+0.1028 sharpe=+0.461 (buy&hold=+0.0674 always_short=-0.1184)
  [3.9s total]
Epoch 001/50 | train_loss=0.000101 val_loss=-0.000405 | train_profit=0.842270 (+84,227 PHP) val_profit=0.295423 (+29,542 PHP) | train_geo=0.857982 (+85,798 PHP) val_geo=0.308440 (+30,844 PHP)
Epoch 002/50 | train_loss=-0.000082 val_loss=-0.000302 | train_profit=0.868700 (+86,870 PHP) val_profit=0.295423 (+29,542 PHP) | train_geo=0.905698 (+90,570 PHP) val_geo=0.308440 (+30,844 PHP)
Epoch 003/50 | train_loss=-0.000128 val_loss=-0.000295 | train_profit=0.897496 (+89,750 PHP) val_profit=0.295423 (+29,542 PHP) | train_geo=0.962853 (+96,285 PHP) val_geo=0.308440 (+30,844 PHP)
Epoch 004/50 | train_loss=0.000063 val_loss=0.000016 | train_profit=0.195555 (+19,555 PHP) val_profit=0.261734 (+26,173 PHP) | train_geo=-0.027234 (-2,723 PHP) val_geo=0.265052 (+26,505 PHP)
Epoch 005/50 | train_loss=-0.000009 val_loss=-0.000475 | train_profit=1.033156 (+103,316 PHP) val_profit=0.295423 (+29,542 PHP) | train_geo=1.248436 (+124,844 PHP) val_geo=0.308440 (+30,844 PHP)
Epoch 006/50 | train_loss=-0.000194 val_loss=-0.000542 | train_profit=1.068629 (+106,863 PHP) val_profit=0.295423 (+29,542 PHP) | train_geo=1.329757 (+132,976 PHP) val_geo=0.308440 (+30,844 PHP)
Epoch 007/50 | train_loss=-0.000178 val_loss=-0.000530 | train_profit=1.068629 (+106,863 PHP) val_profit=0.295423 (+29,542 PHP) | train_geo=1.329757 (+132,976 PHP) val_geo=0.308440 (+30,844 PHP)
Epoch 008/50 | train_loss=-0.000240 val_loss=-0.000508 | train_profit=1.068629 (+106,863 PHP) val_profit=0.295423 (+29,542 PHP) | train_geo=1.329757 (+132,976 PHP) val_geo=0.308440 (+30,844 PHP)
Epoch 009/50 | train_loss=-0.000201 val_loss=-0.000503 | train_profit=1.068629 (+106,863 PHP) val_profit=0.295423 (+29,542 PHP) | train_geo=1.329757 (+132,976 PHP) val_geo=0.308440 (+30,844 PHP)
Epoch 010/50 | train_loss=-0.000232 val_loss=-0.000502 | train_profit=1.068629 (+106,863 PHP) val_profit=0.295423 (+29,542 PHP) | train_geo=1.329757 (+132,976 PHP) val_geo=0.308440 (+30,844 PHP)
Epoch 011/50 | train_loss=-0.000260 val_loss=-0.000500 | train_profit=1.068629 (+106,863 PHP) val_profit=0.295423 (+29,542 PHP) | train_geo=1.329757 (+132,976 PHP) val_geo=0.308440 (+30,844 PHP)
Epoch 012/50 | train_loss=-0.000246 val_loss=-0.000486 | train_profit=1.068629 (+106,863 PHP) val_profit=0.295423 (+29,542 PHP) | train_geo=1.329757 (+132,976 PHP) val_geo=0.308440 (+30,844 PHP)
Epoch 013/50 | train_loss=-0.000246 val_loss=-0.000479 | train_profit=1.068629 (+106,863 PHP) val_profit=0.295423 (+29,542 PHP) | train_geo=1.329757 (+132,976 PHP) val_geo=0.308440 (+30,844 PHP)
Epoch 014/50 | train_loss=-0.000252 val_loss=-0.000488 | train_profit=1.068629 (+106,863 PHP) val_profit=0.295423 (+29,542 PHP) | train_geo=1.329757 (+132,976 PHP) val_geo=0.308440 (+30,844 PHP)
Epoch 015/50 | train_loss=-0.000268 val_loss=-0.000487 | train_profit=1.068629 (+106,863 PHP) val_profit=0.295423 (+29,542 PHP) | train_geo=1.329757 (+132,976 PHP) val_geo=0.308440 (+30,844 PHP)
Epoch 016/50 | train_loss=-0.000270 val_loss=-0.000490 | train_profit=1.068629 (+106,863 PHP) val_profit=0.295423 (+29,542 PHP) | train_geo=1.329757 (+132,976 PHP) val_geo=0.308440 (+30,844 PHP)
Epoch 017/50 | train_loss=-0.000275 val_loss=-0.000492 | train_profit=1.068629 (+106,863 PHP) val_profit=0.295423 (+29,542 PHP) | train_geo=1.329757 (+132,976 PHP) val_geo=0.308440 (+30,844 PHP)
Epoch 018/50 | train_loss=-0.000271 val_loss=-0.000493 | train_profit=1.068629 (+106,863 PHP) val_profit=0.295423 (+29,542 PHP) | train_geo=1.329757 (+132,976 PHP) val_geo=0.308440 (+30,844 PHP)
Epoch 019/50 | train_loss=-0.000281 val_loss=-0.000479 | train_profit=1.068629 (+106,863 PHP) val_profit=0.295423 (+29,542 PHP) | train_geo=1.329757 (+132,976 PHP) val_geo=0.308440 (+30,844 PHP)
Epoch 020/50 | train_loss=-0.000298 val_loss=-0.000500 | train_profit=1.068629 (+106,863 PHP) val_profit=0.295423 (+29,542 PHP) | train_geo=1.329757 (+132,976 PHP) val_geo=0.308440 (+30,844 PHP)
Epoch 021/50 | train_loss=-0.000286 val_loss=-0.000491 | train_profit=1.068629 (+106,863 PHP) val_profit=0.295423 (+29,542 PHP) | train_geo=1.329757 (+132,976 PHP) val_geo=0.308440 (+30,844 PHP)
Epoch 022/50 | train_loss=-0.000289 val_loss=-0.000479 | train_profit=1.068629 (+106,863 PHP) val_profit=0.295423 (+29,542 PHP) | train_geo=1.329757 (+132,976 PHP) val_geo=0.308440 (+30,844 PHP)
Epoch 023/50 | train_loss=-0.000290 val_loss=-0.000481 | train_profit=1.068629 (+106,863 PHP) val_profit=0.295423 (+29,542 PHP) | train_geo=1.329757 (+132,976 PHP) val_geo=0.308440 (+30,844 PHP)
Epoch 024/50 | train_loss=-0.000296 val_loss=-0.000475 | train_profit=1.068629 (+106,863 PHP) val_profit=0.295423 (+29,542 PHP) | train_geo=1.329757 (+132,976 PHP) val_geo=0.308440 (+30,844 PHP)
Epoch 025/50 | train_loss=-0.000288 val_loss=-0.000468 | train_profit=1.068629 (+106,863 PHP) val_profit=0.295423 (+29,542 PHP) | train_geo=1.329757 (+132,976 PHP) val_geo=0.308440 (+30,844 PHP)
Epoch 026/50 | train_loss=-0.000295 val_loss=-0.000471 | train_profit=1.068629 (+106,863 PHP) val_profit=0.295423 (+29,542 PHP) | train_geo=1.329757 (+132,976 PHP) val_geo=0.308440 (+30,844 PHP)
Epoch 027/50 | train_loss=-0.000294 val_loss=-0.000457 | train_profit=1.068629 (+106,863 PHP) val_profit=0.295423 (+29,542 PHP) | train_geo=1.329757 (+132,976 PHP) val_geo=0.308440 (+30,844 PHP)
Epoch 028/50 | train_loss=-0.000300 val_loss=-0.000470 | train_profit=1.068629 (+106,863 PHP) val_profit=0.295423 (+29,542 PHP) | train_geo=1.329757 (+132,976 PHP) val_geo=0.308440 (+30,844 PHP)
Epoch 029/50 | train_loss=-0.000290 val_loss=-0.000455 | train_profit=1.068629 (+106,863 PHP) val_profit=0.295423 (+29,542 PHP) | train_geo=1.329757 (+132,976 PHP) val_geo=0.308440 (+30,844 PHP)
Epoch 030/50 | train_loss=-0.000298 val_loss=-0.000442 | train_profit=1.068629 (+106,863 PHP) val_profit=0.295423 (+29,542 PHP) | train_geo=1.329757 (+132,976 PHP) val_geo=0.308440 (+30,844 PHP)
Epoch 031/50 | train_loss=-0.000308 val_loss=-0.000433 | train_profit=1.068629 (+106,863 PHP) val_profit=0.295423 (+29,542 PHP) | train_geo=1.329757 (+132,976 PHP) val_geo=0.308440 (+30,844 PHP)
Epoch 032/50 | train_loss=-0.000289 val_loss=-0.000438 | train_profit=1.068629 (+106,863 PHP) val_profit=0.295423 (+29,542 PHP) | train_geo=1.329757 (+132,976 PHP) val_geo=0.308440 (+30,844 PHP)
Epoch 033/50 | train_loss=-0.000297 val_loss=-0.000391 | train_profit=1.068629 (+106,863 PHP) val_profit=0.295423 (+29,542 PHP) | train_geo=1.329757 (+132,976 PHP) val_geo=0.308440 (+30,844 PHP)
Epoch 034/50 | train_loss=-0.000300 val_loss=-0.000394 | train_profit=1.068629 (+106,863 PHP) val_profit=0.295423 (+29,542 PHP) | train_geo=1.329757 (+132,976 PHP) val_geo=0.308440 (+30,844 PHP)
Epoch 035/50 | train_loss=-0.000328 val_loss=-0.000417 | train_profit=1.068629 (+106,863 PHP) val_profit=0.295423 (+29,542 PHP) | train_geo=1.329757 (+132,976 PHP) val_geo=0.308440 (+30,844 PHP)
Epoch 036/50 | train_loss=-0.000320 val_loss=-0.000370 | train_profit=1.068629 (+106,863 PHP) val_profit=0.295423 (+29,542 PHP) | train_geo=1.329757 (+132,976 PHP) val_geo=0.308440 (+30,844 PHP)
Epoch 037/50 | train_loss=-0.000311 val_loss=-0.000330 | train_profit=1.068629 (+106,863 PHP) val_profit=0.295423 (+29,542 PHP) | train_geo=1.329757 (+132,976 PHP) val_geo=0.308440 (+30,844 PHP)
Epoch 038/50 | train_loss=-0.000300 val_loss=-0.000359 | train_profit=1.077973 (+107,797 PHP) val_profit=0.275570 (+27,557 PHP) | train_geo=1.351717 (+135,172 PHP) val_geo=0.282669 (+28,267 PHP)
Epoch 039/50 | train_loss=-0.000328 val_loss=-0.000223 | train_profit=1.044847 (+104,485 PHP) val_profit=0.295423 (+29,542 PHP) | train_geo=1.274896 (+127,490 PHP) val_geo=0.308440 (+30,844 PHP)
Epoch 040/50 | train_loss=-0.000311 val_loss=-0.000299 | train_profit=1.057661 (+105,766 PHP) val_profit=0.281236 (+28,124 PHP) | train_geo=1.304289 (+130,429 PHP) val_geo=0.289951 (+28,995 PHP)
Epoch 041/50 | train_loss=-0.000138 val_loss=-0.000295 | train_profit=0.607646 (+60,765 PHP) val_profit=0.295423 (+29,542 PHP) | train_geo=0.467349 (+46,735 PHP) val_geo=0.308440 (+30,844 PHP)
Epoch 042/50 | train_loss=-0.000287 val_loss=-0.000285 | train_profit=1.068629 (+106,863 PHP) val_profit=0.295423 (+29,542 PHP) | train_geo=1.329757 (+132,976 PHP) val_geo=0.308440 (+30,844 PHP)
Epoch 043/50 | train_loss=-0.000281 val_loss=-0.000254 | train_profit=1.068629 (+106,863 PHP) val_profit=0.295423 (+29,542 PHP) | train_geo=1.329757 (+132,976 PHP) val_geo=0.308440 (+30,844 PHP)
Epoch 044/50 | train_loss=-0.000326 val_loss=-0.000238 | train_profit=1.068629 (+106,863 PHP) val_profit=0.295423 (+29,542 PHP) | train_geo=1.329757 (+132,976 PHP) val_geo=0.308440 (+30,844 PHP)
Epoch 045/50 | train_loss=-0.000341 val_loss=-0.000204 | train_profit=1.033510 (+103,351 PHP) val_profit=0.287646 (+28,765 PHP) | train_geo=1.249340 (+124,934 PHP) val_geo=0.298273 (+29,827 PHP)
Epoch 046/50 | train_loss=-0.000408 val_loss=-0.000251 | train_profit=1.370300 (+137,030 PHP) val_profit=0.276348 (+27,635 PHP) | train_geo=2.151881 (+215,188 PHP) val_geo=0.283759 (+28,376 PHP)
Epoch 047/50 | train_loss=-0.000421 val_loss=-0.000025 | train_profit=1.549745 (+154,974 PHP) val_profit=0.083584 (+8,358 PHP) | train_geo=2.771229 (+277,123 PHP) val_geo=0.058642 (+5,864 PHP)
Epoch 048/50 | train_loss=-0.000418 val_loss=0.000348 | train_profit=1.097037 (+109,704 PHP) val_profit=-0.083354 (-8,335 PHP) | train_geo=1.398847 (+139,885 PHP) val_geo=-0.104246 (-10,425 PHP)
Epoch 049/50 | train_loss=-0.000374 val_loss=-0.000012 | train_profit=0.787881 (+78,788 PHP) val_profit=0.140715 (+14,072 PHP) | train_geo=0.758535 (+75,853 PHP) val_geo=0.120911 (+12,091 PHP)
Epoch 050/50 | train_loss=-0.000491 val_loss=-0.000094 | train_profit=1.317449 (+131,745 PHP) val_profit=0.279591 (+27,959 PHP) | train_geo=1.989468 (+198,947 PHP) val_geo=0.287905 (+28,790 PHP)
[5/37] V          (strong) profit-aware  dir_acc=0.456 cum_ret=-0.0395 geo_ret=-0.0675 sharpe=-0.142 (buy&hold=+0.0674 always_short=-0.1184)
  [4.5s total]
Epoch 001/50 | [MSE] train_loss=0.000822 val_loss=0.001479 | train_profit=-1.896355 (-189,635 PHP) val_profit=0.826533 (+82,653 PHP) | train_geo=-0.899054 (-89,905 PHP) val_geo=0.840172 (+84,017 PHP)
Epoch 002/50 | [MSE] train_loss=0.000620 val_loss=0.001438 | train_profit=-0.501102 (-50,110 PHP) val_profit=0.826533 (+82,653 PHP) | train_geo=-0.594878 (-59,488 PHP) val_geo=0.840172 (+84,017 PHP)
Epoch 003/50 | [MSE] train_loss=0.000568 val_loss=0.001409 | train_profit=-1.027359 (-102,736 PHP) val_profit=0.826533 (+82,653 PHP) | train_geo=-0.760669 (-76,067 PHP) val_geo=0.840172 (+84,017 PHP)
Epoch 004/50 | [MSE] train_loss=0.000558 val_loss=0.001388 | train_profit=0.768404 (+76,840 PHP) val_profit=0.805363 (+80,536 PHP) | train_geo=0.451637 (+45,164 PHP) val_geo=0.801839 (+80,184 PHP)
Epoch 005/50 | [MSE] train_loss=0.000544 val_loss=0.001384 | train_profit=0.471659 (+47,166 PHP) val_profit=0.776825 (+77,682 PHP) | train_geo=0.078922 (+7,892 PHP) val_geo=0.751952 (+75,195 PHP)
Epoch 006/50 | [MSE] train_loss=0.000548 val_loss=0.001387 | train_profit=-0.183102 (-18,310 PHP) val_profit=0.826533 (+82,653 PHP) | train_geo=-0.442154 (-44,215 PHP) val_geo=0.840172 (+84,017 PHP)
Epoch 007/50 | [MSE] train_loss=0.000544 val_loss=0.001398 | train_profit=-0.504157 (-50,416 PHP) val_profit=0.826533 (+82,653 PHP) | train_geo=-0.594479 (-59,448 PHP) val_geo=0.840172 (+84,017 PHP)
Epoch 008/50 | [MSE] train_loss=0.000538 val_loss=0.001398 | train_profit=0.905182 (+90,518 PHP) val_profit=0.826533 (+82,653 PHP) | train_geo=0.661428 (+66,143 PHP) val_geo=0.840172 (+84,017 PHP)
Epoch 009/50 | [MSE] train_loss=0.000540 val_loss=0.001405 | train_profit=-0.237444 (-23,744 PHP) val_profit=0.826533 (+82,653 PHP) | train_geo=-0.471570 (-47,157 PHP) val_geo=0.840172 (+84,017 PHP)
Epoch 010/50 | [MSE] train_loss=0.000544 val_loss=0.001407 | train_profit=-0.273162 (-27,316 PHP) val_profit=0.826533 (+82,653 PHP) | train_geo=-0.489962 (-48,996 PHP) val_geo=0.840172 (+84,017 PHP)
Epoch 011/50 | [MSE] train_loss=0.000540 val_loss=0.001405 | train_profit=0.112632 (+11,263 PHP) val_profit=0.826533 (+82,653 PHP) | train_geo=-0.249729 (-24,973 PHP) val_geo=0.840172 (+84,017 PHP)
Epoch 012/50 | [MSE] train_loss=0.000541 val_loss=0.001402 | train_profit=0.939449 (+93,945 PHP) val_profit=0.826533 (+82,653 PHP) | train_geo=0.717635 (+71,763 PHP) val_geo=0.840172 (+84,017 PHP)
Epoch 013/50 | [MSE] train_loss=0.000540 val_loss=0.001411 | train_profit=0.130091 (+13,009 PHP) val_profit=0.826533 (+82,653 PHP) | train_geo=-0.237175 (-23,717 PHP) val_geo=0.840172 (+84,017 PHP)
Epoch 014/50 | [MSE] train_loss=0.000540 val_loss=0.001420 | train_profit=0.497101 (+49,710 PHP) val_profit=0.826533 (+82,653 PHP) | train_geo=0.101443 (+10,144 PHP) val_geo=0.840172 (+84,017 PHP)
Epoch 015/50 | [MSE] train_loss=0.000541 val_loss=0.001416 | train_profit=0.333254 (+33,325 PHP) val_profit=0.826533 (+82,653 PHP) | train_geo=-0.059883 (-5,988 PHP) val_geo=0.840172 (+84,017 PHP)
Epoch 016/50 | [MSE] train_loss=0.000543 val_loss=0.001432 | train_profit=-0.009081 (-908 PHP) val_profit=0.826533 (+82,653 PHP) | train_geo=-0.336849 (-33,685 PHP) val_geo=0.840172 (+84,017 PHP)
Epoch 017/50 | [MSE] train_loss=0.000547 val_loss=0.001441 | train_profit=-0.146979 (-14,698 PHP) val_profit=0.826533 (+82,653 PHP) | train_geo=-0.421600 (-42,160 PHP) val_geo=0.840172 (+84,017 PHP)
Epoch 018/50 | [MSE] train_loss=0.000552 val_loss=0.001439 | train_profit=0.843619 (+84,362 PHP) val_profit=0.826533 (+82,653 PHP) | train_geo=0.567795 (+56,780 PHP) val_geo=0.840172 (+84,017 PHP)
Epoch 019/50 | [MSE] train_loss=0.000551 val_loss=0.001440 | train_profit=0.508358 (+50,836 PHP) val_profit=0.826533 (+82,653 PHP) | train_geo=0.124642 (+12,464 PHP) val_geo=0.840172 (+84,017 PHP)
Epoch 020/50 | [MSE] train_loss=0.000558 val_loss=0.001445 | train_profit=-0.750177 (-75,018 PHP) val_profit=0.826533 (+82,653 PHP) | train_geo=-0.685143 (-68,514 PHP) val_geo=0.840172 (+84,017 PHP)
Epoch 021/50 | [MSE] train_loss=0.000562 val_loss=0.001424 | train_profit=0.235753 (+23,575 PHP) val_profit=0.826533 (+82,653 PHP) | train_geo=-0.146651 (-14,665 PHP) val_geo=0.840172 (+84,017 PHP)
Epoch 022/50 | [MSE] train_loss=0.000562 val_loss=0.001405 | train_profit=-0.527685 (-52,769 PHP) val_profit=0.826533 (+82,653 PHP) | train_geo=-0.602672 (-60,267 PHP) val_geo=0.840172 (+84,017 PHP)
Epoch 023/50 | [MSE] train_loss=0.000551 val_loss=0.001394 | train_profit=-0.300574 (-30,057 PHP) val_profit=0.826533 (+82,653 PHP) | train_geo=-0.501655 (-50,165 PHP) val_geo=0.840172 (+84,017 PHP)
Epoch 024/50 | [MSE] train_loss=0.000550 val_loss=0.001393 | train_profit=-0.901843 (-90,184 PHP) val_profit=0.826533 (+82,653 PHP) | train_geo=-0.728359 (-72,836 PHP) val_geo=0.840172 (+84,017 PHP)
Epoch 025/50 | [MSE] train_loss=0.000548 val_loss=0.001389 | train_profit=-0.063594 (-6,359 PHP) val_profit=0.826533 (+82,653 PHP) | train_geo=-0.367660 (-36,766 PHP) val_geo=0.840172 (+84,017 PHP)
Epoch 026/50 | [MSE] train_loss=0.000542 val_loss=0.001388 | train_profit=-0.269264 (-26,926 PHP) val_profit=0.826533 (+82,653 PHP) | train_geo=-0.484657 (-48,466 PHP) val_geo=0.840172 (+84,017 PHP)
Epoch 027/50 | [MSE] train_loss=0.000545 val_loss=0.001389 | train_profit=-0.537518 (-53,752 PHP) val_profit=0.826533 (+82,653 PHP) | train_geo=-0.608083 (-60,808 PHP) val_geo=0.840172 (+84,017 PHP)
Epoch 028/50 | [MSE] train_loss=0.000544 val_loss=0.001388 | train_profit=-0.734467 (-73,447 PHP) val_profit=0.826533 (+82,653 PHP) | train_geo=-0.676978 (-67,698 PHP) val_geo=0.840172 (+84,017 PHP)
Epoch 029/50 | [MSE] train_loss=0.000542 val_loss=0.001387 | train_profit=-0.020243 (-2,024 PHP) val_profit=0.826533 (+82,653 PHP) | train_geo=-0.338967 (-33,897 PHP) val_geo=0.840172 (+84,017 PHP)
Epoch 030/50 | [MSE] train_loss=0.000543 val_loss=0.001385 | train_profit=-1.175614 (-117,561 PHP) val_profit=0.826533 (+82,653 PHP) | train_geo=-0.793460 (-79,346 PHP) val_geo=0.840172 (+84,017 PHP)
Epoch 031/50 | [MSE] train_loss=0.000543 val_loss=0.001387 | train_profit=-1.127609 (-112,761 PHP) val_profit=0.826533 (+82,653 PHP) | train_geo=-0.783796 (-78,380 PHP) val_geo=0.840172 (+84,017 PHP)
Epoch 032/50 | [MSE] train_loss=0.000541 val_loss=0.001386 | train_profit=-0.191031 (-19,103 PHP) val_profit=0.826533 (+82,653 PHP) | train_geo=-0.446057 (-44,606 PHP) val_geo=0.840172 (+84,017 PHP)
Epoch 033/50 | [MSE] train_loss=0.000540 val_loss=0.001385 | train_profit=-1.136296 (-113,630 PHP) val_profit=0.826533 (+82,653 PHP) | train_geo=-0.784096 (-78,410 PHP) val_geo=0.840172 (+84,017 PHP)
Epoch 034/50 | [MSE] train_loss=0.000540 val_loss=0.001387 | train_profit=-0.723665 (-72,366 PHP) val_profit=0.826533 (+82,653 PHP) | train_geo=-0.675317 (-67,532 PHP) val_geo=0.840172 (+84,017 PHP)
Epoch 035/50 | [MSE] train_loss=0.000541 val_loss=0.001385 | train_profit=-0.600556 (-60,056 PHP) val_profit=0.826533 (+82,653 PHP) | train_geo=-0.632515 (-63,251 PHP) val_geo=0.840172 (+84,017 PHP)
Epoch 036/50 | [MSE] train_loss=0.000539 val_loss=0.001388 | train_profit=-0.601986 (-60,199 PHP) val_profit=0.826533 (+82,653 PHP) | train_geo=-0.633024 (-63,302 PHP) val_geo=0.840172 (+84,017 PHP)
Epoch 037/50 | [MSE] train_loss=0.000537 val_loss=0.001386 | train_profit=-0.637748 (-63,775 PHP) val_profit=0.826533 (+82,653 PHP) | train_geo=-0.645851 (-64,585 PHP) val_geo=0.840172 (+84,017 PHP)
Epoch 038/50 | [MSE] train_loss=0.000538 val_loss=0.001387 | train_profit=-0.477858 (-47,786 PHP) val_profit=0.826533 (+82,653 PHP) | train_geo=-0.584427 (-58,443 PHP) val_geo=0.840172 (+84,017 PHP)
Epoch 039/50 | [MSE] train_loss=0.000536 val_loss=0.001387 | train_profit=-0.362990 (-36,299 PHP) val_profit=0.826533 (+82,653 PHP) | train_geo=-0.532696 (-53,270 PHP) val_geo=0.840172 (+84,017 PHP)
Epoch 040/50 | [MSE] train_loss=0.000536 val_loss=0.001386 | train_profit=-0.341391 (-34,139 PHP) val_profit=0.826533 (+82,653 PHP) | train_geo=-0.523533 (-52,353 PHP) val_geo=0.840172 (+84,017 PHP)
Epoch 041/50 | [MSE] train_loss=0.000534 val_loss=0.001387 | train_profit=-0.535485 (-53,548 PHP) val_profit=0.826533 (+82,653 PHP) | train_geo=-0.607607 (-60,761 PHP) val_geo=0.840172 (+84,017 PHP)
Epoch 042/50 | [MSE] train_loss=0.000537 val_loss=0.001388 | train_profit=-0.424244 (-42,424 PHP) val_profit=0.826533 (+82,653 PHP) | train_geo=-0.559295 (-55,929 PHP) val_geo=0.840172 (+84,017 PHP)
Epoch 043/50 | [MSE] train_loss=0.000539 val_loss=0.001387 | train_profit=-0.345816 (-34,582 PHP) val_profit=0.826533 (+82,653 PHP) | train_geo=-0.523193 (-52,319 PHP) val_geo=0.840172 (+84,017 PHP)
Epoch 044/50 | [MSE] train_loss=0.000533 val_loss=0.001387 | train_profit=-0.005483 (-548 PHP) val_profit=0.670775 (+67,077 PHP) | train_geo=-0.331694 (-33,169 PHP) val_geo=0.574038 (+57,404 PHP)
Epoch 045/50 | [MSE] train_loss=0.000534 val_loss=0.001389 | train_profit=-0.614943 (-61,494 PHP) val_profit=0.442576 (+44,258 PHP) | train_geo=-0.637833 (-63,783 PHP) val_geo=0.251271 (+25,127 PHP)
Epoch 046/50 | [MSE] train_loss=0.000531 val_loss=0.001390 | train_profit=0.601584 (+60,158 PHP) val_profit=0.442576 (+44,258 PHP) | train_geo=0.234526 (+23,453 PHP) val_geo=0.251271 (+25,127 PHP)
Epoch 047/50 | [MSE] train_loss=0.000532 val_loss=0.001391 | train_profit=0.558019 (+55,802 PHP) val_profit=0.448317 (+44,832 PHP) | train_geo=0.175303 (+17,530 PHP) val_geo=0.258592 (+25,859 PHP)
Epoch 048/50 | [MSE] train_loss=0.000533 val_loss=0.001391 | train_profit=-0.352763 (-35,276 PHP) val_profit=0.448317 (+44,832 PHP) | train_geo=-0.525460 (-52,546 PHP) val_geo=0.258592 (+25,859 PHP)
Epoch 049/50 | [MSE] train_loss=0.000534 val_loss=0.001391 | train_profit=0.349294 (+34,929 PHP) val_profit=0.354256 (+35,426 PHP) | train_geo=-0.040929 (-4,093 PHP) val_geo=0.145558 (+14,556 PHP)
Epoch 050/50 | [MSE] train_loss=0.000529 val_loss=0.001391 | train_profit=0.663793 (+66,379 PHP) val_profit=0.338608 (+33,861 PHP) | train_geo=0.314569 (+31,457 PHP) val_geo=0.128119 (+12,812 PHP)
[6/37] AVGO       (strong) mse           dir_acc=0.531 cum_ret=+0.6486 geo_ret=+0.6818 sharpe=+1.135 (buy&hold=+0.6212 always_short=-0.5237)
  [4.0s total]
Epoch 001/50 | train_loss=0.001159 val_loss=-0.000239 | train_profit=-0.003809 (-381 PHP) val_profit=0.826533 (+82,653 PHP) | train_geo=-0.328700 (-32,870 PHP) val_geo=0.840172 (+84,017 PHP)
Epoch 002/50 | train_loss=-0.000029 val_loss=-0.001451 | train_profit=1.352327 (+135,233 PHP) val_profit=0.826533 (+82,653 PHP) | train_geo=1.594951 (+159,495 PHP) val_geo=0.840172 (+84,017 PHP)
Epoch 003/50 | train_loss=-0.000599 val_loss=-0.001347 | train_profit=2.256193 (+225,619 PHP) val_profit=0.826533 (+82,653 PHP) | train_geo=5.411634 (+541,163 PHP) val_geo=0.840172 (+84,017 PHP)
Epoch 004/50 | train_loss=-0.000725 val_loss=-0.001479 | train_profit=2.184043 (+218,404 PHP) val_profit=0.826533 (+82,653 PHP) | train_geo=4.964660 (+496,466 PHP) val_geo=0.840172 (+84,017 PHP)
Epoch 005/50 | train_loss=-0.000658 val_loss=-0.001343 | train_profit=2.184043 (+218,404 PHP) val_profit=0.826533 (+82,653 PHP) | train_geo=4.964660 (+496,466 PHP) val_geo=0.840172 (+84,017 PHP)
Epoch 006/50 | train_loss=-0.000694 val_loss=-0.001504 | train_profit=2.184043 (+218,404 PHP) val_profit=0.826533 (+82,653 PHP) | train_geo=4.964660 (+496,466 PHP) val_geo=0.840172 (+84,017 PHP)
Epoch 007/50 | train_loss=-0.000733 val_loss=-0.001450 | train_profit=2.184043 (+218,404 PHP) val_profit=0.826533 (+82,653 PHP) | train_geo=4.964660 (+496,466 PHP) val_geo=0.840172 (+84,017 PHP)
Epoch 008/50 | train_loss=-0.000750 val_loss=-0.001440 | train_profit=2.184043 (+218,404 PHP) val_profit=0.826533 (+82,653 PHP) | train_geo=4.964660 (+496,466 PHP) val_geo=0.840172 (+84,017 PHP)
Epoch 009/50 | train_loss=-0.000732 val_loss=-0.001367 | train_profit=2.184043 (+218,404 PHP) val_profit=0.826533 (+82,653 PHP) | train_geo=4.964660 (+496,466 PHP) val_geo=0.840172 (+84,017 PHP)
Epoch 010/50 | train_loss=-0.000572 val_loss=-0.001360 | train_profit=2.205096 (+220,510 PHP) val_profit=0.826533 (+82,653 PHP) | train_geo=5.092031 (+509,203 PHP) val_geo=0.840172 (+84,017 PHP)
Epoch 011/50 | train_loss=-0.000342 val_loss=-0.001471 | train_profit=1.486871 (+148,687 PHP) val_profit=0.826533 (+82,653 PHP) | train_geo=1.968585 (+196,858 PHP) val_geo=0.840172 (+84,017 PHP)
Epoch 012/50 | train_loss=-0.000368 val_loss=-0.001512 | train_profit=2.184043 (+218,404 PHP) val_profit=0.826533 (+82,653 PHP) | train_geo=4.964660 (+496,466 PHP) val_geo=0.840172 (+84,017 PHP)
Epoch 013/50 | train_loss=-0.000714 val_loss=-0.001505 | train_profit=2.184043 (+218,404 PHP) val_profit=0.826533 (+82,653 PHP) | train_geo=4.964660 (+496,466 PHP) val_geo=0.840172 (+84,017 PHP)
Epoch 014/50 | train_loss=-0.000706 val_loss=-0.001510 | train_profit=2.184043 (+218,404 PHP) val_profit=0.826533 (+82,653 PHP) | train_geo=4.964660 (+496,466 PHP) val_geo=0.840172 (+84,017 PHP)
Epoch 015/50 | train_loss=-0.000710 val_loss=-0.001511 | train_profit=2.184043 (+218,404 PHP) val_profit=0.826533 (+82,653 PHP) | train_geo=4.964660 (+496,466 PHP) val_geo=0.840172 (+84,017 PHP)
Epoch 016/50 | train_loss=-0.000743 val_loss=-0.001512 | train_profit=2.184043 (+218,404 PHP) val_profit=0.826533 (+82,653 PHP) | train_geo=4.964660 (+496,466 PHP) val_geo=0.840172 (+84,017 PHP)
Epoch 017/50 | train_loss=-0.000734 val_loss=-0.001509 | train_profit=2.184043 (+218,404 PHP) val_profit=0.826533 (+82,653 PHP) | train_geo=4.964660 (+496,466 PHP) val_geo=0.840172 (+84,017 PHP)
Epoch 018/50 | train_loss=-0.000754 val_loss=-0.001495 | train_profit=2.184043 (+218,404 PHP) val_profit=0.826533 (+82,653 PHP) | train_geo=4.964660 (+496,466 PHP) val_geo=0.840172 (+84,017 PHP)
Epoch 019/50 | train_loss=-0.000758 val_loss=-0.001498 | train_profit=2.184043 (+218,404 PHP) val_profit=0.826533 (+82,653 PHP) | train_geo=4.964660 (+496,466 PHP) val_geo=0.840172 (+84,017 PHP)
Epoch 020/50 | train_loss=-0.000744 val_loss=-0.001500 | train_profit=2.184043 (+218,404 PHP) val_profit=0.826533 (+82,653 PHP) | train_geo=4.964660 (+496,466 PHP) val_geo=0.840172 (+84,017 PHP)
Epoch 021/50 | train_loss=-0.000743 val_loss=-0.001494 | train_profit=2.184043 (+218,404 PHP) val_profit=0.826533 (+82,653 PHP) | train_geo=4.964660 (+496,466 PHP) val_geo=0.840172 (+84,017 PHP)
Epoch 022/50 | train_loss=-0.000745 val_loss=-0.001498 | train_profit=2.184043 (+218,404 PHP) val_profit=0.826533 (+82,653 PHP) | train_geo=4.964660 (+496,466 PHP) val_geo=0.840172 (+84,017 PHP)
Epoch 023/50 | train_loss=-0.000745 val_loss=-0.001506 | train_profit=2.184043 (+218,404 PHP) val_profit=0.826533 (+82,653 PHP) | train_geo=4.964660 (+496,466 PHP) val_geo=0.840172 (+84,017 PHP)
Epoch 024/50 | train_loss=-0.000715 val_loss=-0.001499 | train_profit=2.184043 (+218,404 PHP) val_profit=0.826533 (+82,653 PHP) | train_geo=4.964660 (+496,466 PHP) val_geo=0.840172 (+84,017 PHP)
Epoch 025/50 | train_loss=-0.000736 val_loss=-0.001505 | train_profit=2.184043 (+218,404 PHP) val_profit=0.826533 (+82,653 PHP) | train_geo=4.964660 (+496,466 PHP) val_geo=0.840172 (+84,017 PHP)
Epoch 026/50 | train_loss=-0.000764 val_loss=-0.001494 | train_profit=2.184043 (+218,404 PHP) val_profit=0.826533 (+82,653 PHP) | train_geo=4.964660 (+496,466 PHP) val_geo=0.840172 (+84,017 PHP)
Epoch 027/50 | train_loss=-0.000754 val_loss=-0.001485 | train_profit=2.184043 (+218,404 PHP) val_profit=0.826533 (+82,653 PHP) | train_geo=4.964660 (+496,466 PHP) val_geo=0.840172 (+84,017 PHP)
Epoch 028/50 | train_loss=-0.000772 val_loss=-0.001486 | train_profit=2.184043 (+218,404 PHP) val_profit=0.826533 (+82,653 PHP) | train_geo=4.964660 (+496,466 PHP) val_geo=0.840172 (+84,017 PHP)
Epoch 029/50 | train_loss=-0.000760 val_loss=-0.001480 | train_profit=2.184043 (+218,404 PHP) val_profit=0.826533 (+82,653 PHP) | train_geo=4.964660 (+496,466 PHP) val_geo=0.840172 (+84,017 PHP)
Epoch 030/50 | train_loss=-0.000758 val_loss=-0.001477 | train_profit=2.184043 (+218,404 PHP) val_profit=0.826533 (+82,653 PHP) | train_geo=4.964660 (+496,466 PHP) val_geo=0.840172 (+84,017 PHP)
Epoch 031/50 | train_loss=-0.000782 val_loss=-0.001477 | train_profit=2.184043 (+218,404 PHP) val_profit=0.826533 (+82,653 PHP) | train_geo=4.964660 (+496,466 PHP) val_geo=0.840172 (+84,017 PHP)
Epoch 032/50 | train_loss=-0.000779 val_loss=-0.001468 | train_profit=2.184043 (+218,404 PHP) val_profit=0.826533 (+82,653 PHP) | train_geo=4.964660 (+496,466 PHP) val_geo=0.840172 (+84,017 PHP)
Epoch 033/50 | train_loss=-0.000768 val_loss=-0.001453 | train_profit=2.184043 (+218,404 PHP) val_profit=0.826533 (+82,653 PHP) | train_geo=4.964660 (+496,466 PHP) val_geo=0.840172 (+84,017 PHP)
Epoch 034/50 | train_loss=-0.000786 val_loss=-0.001439 | train_profit=2.184043 (+218,404 PHP) val_profit=0.826533 (+82,653 PHP) | train_geo=4.964660 (+496,466 PHP) val_geo=0.840172 (+84,017 PHP)
Epoch 035/50 | train_loss=-0.000773 val_loss=-0.001440 | train_profit=2.184043 (+218,404 PHP) val_profit=0.826533 (+82,653 PHP) | train_geo=4.964660 (+496,466 PHP) val_geo=0.840172 (+84,017 PHP)
Epoch 036/50 | train_loss=-0.000768 val_loss=-0.001425 | train_profit=2.184043 (+218,404 PHP) val_profit=0.826533 (+82,653 PHP) | train_geo=4.964660 (+496,466 PHP) val_geo=0.840172 (+84,017 PHP)
Epoch 037/50 | train_loss=-0.000782 val_loss=-0.001405 | train_profit=2.184043 (+218,404 PHP) val_profit=0.826533 (+82,653 PHP) | train_geo=4.964660 (+496,466 PHP) val_geo=0.840172 (+84,017 PHP)
Epoch 038/50 | train_loss=-0.000783 val_loss=-0.001398 | train_profit=2.184043 (+218,404 PHP) val_profit=0.826533 (+82,653 PHP) | train_geo=4.964660 (+496,466 PHP) val_geo=0.840172 (+84,017 PHP)
Epoch 039/50 | train_loss=-0.000806 val_loss=-0.001376 | train_profit=2.184043 (+218,404 PHP) val_profit=0.826533 (+82,653 PHP) | train_geo=4.964660 (+496,466 PHP) val_geo=0.840172 (+84,017 PHP)
Epoch 040/50 | train_loss=-0.000795 val_loss=-0.001372 | train_profit=2.184043 (+218,404 PHP) val_profit=0.826533 (+82,653 PHP) | train_geo=4.964660 (+496,466 PHP) val_geo=0.840172 (+84,017 PHP)
Epoch 041/50 | train_loss=-0.000790 val_loss=-0.001352 | train_profit=2.184043 (+218,404 PHP) val_profit=0.826533 (+82,653 PHP) | train_geo=4.964660 (+496,466 PHP) val_geo=0.840172 (+84,017 PHP)
Epoch 042/50 | train_loss=-0.000805 val_loss=-0.001314 | train_profit=2.209104 (+220,910 PHP) val_profit=0.826533 (+82,653 PHP) | train_geo=5.116175 (+511,618 PHP) val_geo=0.840172 (+84,017 PHP)
Epoch 043/50 | train_loss=-0.000775 val_loss=-0.001270 | train_profit=2.073485 (+207,349 PHP) val_profit=0.826533 (+82,653 PHP) | train_geo=4.338994 (+433,899 PHP) val_geo=0.840172 (+84,017 PHP)
Epoch 044/50 | train_loss=-0.000787 val_loss=-0.001187 | train_profit=2.155130 (+215,513 PHP) val_profit=0.826533 (+82,653 PHP) | train_geo=4.793964 (+479,396 PHP) val_geo=0.840172 (+84,017 PHP)
Epoch 045/50 | train_loss=-0.000801 val_loss=-0.001185 | train_profit=2.239646 (+223,965 PHP) val_profit=0.826533 (+82,653 PHP) | train_geo=5.305998 (+530,600 PHP) val_geo=0.840172 (+84,017 PHP)
Epoch 046/50 | train_loss=-0.000826 val_loss=-0.001115 | train_profit=2.248487 (+224,849 PHP) val_profit=0.826533 (+82,653 PHP) | train_geo=5.362802 (+536,280 PHP) val_geo=0.840172 (+84,017 PHP)
Epoch 047/50 | train_loss=-0.000764 val_loss=-0.000704 | train_profit=1.994947 (+199,495 PHP) val_profit=0.595904 (+59,590 PHP) | train_geo=3.935151 (+393,515 PHP) val_geo=0.460282 (+46,028 PHP)
Epoch 048/50 | train_loss=-0.000800 val_loss=-0.000301 | train_profit=2.211627 (+221,163 PHP) val_profit=0.091508 (+9,151 PHP) | train_geo=5.130623 (+513,062 PHP) val_geo=-0.118837 (-11,884 PHP)
Epoch 049/50 | train_loss=-0.000932 val_loss=-0.000603 | train_profit=2.297579 (+229,758 PHP) val_profit=0.578956 (+57,896 PHP) | train_geo=5.682279 (+568,228 PHP) val_geo=0.436223 (+43,622 PHP)
Epoch 050/50 | train_loss=-0.000781 val_loss=0.000214 | train_profit=2.072692 (+207,269 PHP) val_profit=0.138572 (+13,857 PHP) | train_geo=4.334605 (+433,461 PHP) val_geo=-0.076287 (-7,629 PHP)
[6/37] AVGO       (strong) profit-aware  dir_acc=0.537 cum_ret=+0.3685 geo_ret=+0.2706 sharpe=+0.643 (buy&hold=+0.6212 always_short=-0.5237)
  [4.5s total]
Epoch 001/50 | [MSE] train_loss=0.000659 val_loss=0.000465 | train_profit=-1.114499 (-111,450 PHP) val_profit=0.068981 (+6,898 PHP) | train_geo=-0.758584 (-75,858 PHP) val_geo=0.014180 (+1,418 PHP)
Epoch 002/50 | [MSE] train_loss=0.000529 val_loss=0.000433 | train_profit=-1.517996 (-151,800 PHP) val_profit=0.068981 (+6,898 PHP) | train_geo=-0.838989 (-83,899 PHP) val_geo=0.014180 (+1,418 PHP)
Epoch 003/50 | [MSE] train_loss=0.000500 val_loss=0.000393 | train_profit=-1.594678 (-159,468 PHP) val_profit=0.068981 (+6,898 PHP) | train_geo=-0.851305 (-85,130 PHP) val_geo=0.014180 (+1,418 PHP)
Epoch 004/50 | [MSE] train_loss=0.000473 val_loss=0.000387 | train_profit=-0.579267 (-57,927 PHP) val_profit=0.068981 (+6,898 PHP) | train_geo=-0.587220 (-58,722 PHP) val_geo=0.014180 (+1,418 PHP)
Epoch 005/50 | [MSE] train_loss=0.000476 val_loss=0.000371 | train_profit=-0.057542 (-5,754 PHP) val_profit=0.068981 (+6,898 PHP) | train_geo=-0.304329 (-30,433 PHP) val_geo=0.014180 (+1,418 PHP)
Epoch 006/50 | [MSE] train_loss=0.000477 val_loss=0.000357 | train_profit=-1.512441 (-151,244 PHP) val_profit=0.153815 (+15,381 PHP) | train_geo=-0.838147 (-83,815 PHP) val_geo=0.104085 (+10,409 PHP)
Epoch 007/50 | [MSE] train_loss=0.000464 val_loss=0.000351 | train_profit=-1.276373 (-127,637 PHP) val_profit=-0.153733 (-15,373 PHP) | train_geo=-0.795566 (-79,557 PHP) val_geo=-0.189452 (-18,945 PHP)
Epoch 008/50 | [MSE] train_loss=0.000455 val_loss=0.000351 | train_profit=-0.925010 (-92,501 PHP) val_profit=-0.099315 (-9,931 PHP) | train_geo=-0.708202 (-70,820 PHP) val_geo=-0.143732 (-14,373 PHP)
Epoch 009/50 | [MSE] train_loss=0.000453 val_loss=0.000349 | train_profit=-2.074582 (-207,458 PHP) val_profit=-0.184477 (-18,448 PHP) | train_geo=-0.907930 (-90,793 PHP) val_geo=-0.214015 (-21,401 PHP)
Epoch 010/50 | [MSE] train_loss=0.000450 val_loss=0.000350 | train_profit=-1.814503 (-181,450 PHP) val_profit=-0.119761 (-11,976 PHP) | train_geo=-0.880663 (-88,066 PHP) val_geo=-0.161121 (-16,112 PHP)
Epoch 011/50 | [MSE] train_loss=0.000445 val_loss=0.000350 | train_profit=-1.152191 (-115,219 PHP) val_profit=-0.056352 (-5,635 PHP) | train_geo=-0.767687 (-76,769 PHP) val_geo=-0.106136 (-10,614 PHP)
Epoch 012/50 | [MSE] train_loss=0.000448 val_loss=0.000349 | train_profit=-2.428778 (-242,878 PHP) val_profit=-0.132157 (-13,216 PHP) | train_geo=-0.935647 (-93,565 PHP) val_geo=-0.171829 (-17,183 PHP)
Epoch 013/50 | [MSE] train_loss=0.000447 val_loss=0.000351 | train_profit=-1.317963 (-131,796 PHP) val_profit=-0.224098 (-22,410 PHP) | train_geo=-0.803163 (-80,316 PHP) val_geo=-0.244478 (-24,448 PHP)
Epoch 014/50 | [MSE] train_loss=0.000447 val_loss=0.000349 | train_profit=-0.725674 (-72,567 PHP) val_profit=-0.149720 (-14,972 PHP) | train_geo=-0.643656 (-64,366 PHP) val_geo=-0.185859 (-18,586 PHP)
Epoch 015/50 | [MSE] train_loss=0.000447 val_loss=0.000349 | train_profit=-1.391723 (-139,172 PHP) val_profit=-0.030779 (-3,078 PHP) | train_geo=-0.817054 (-81,705 PHP) val_geo=-0.083257 (-8,326 PHP)
Epoch 016/50 | [MSE] train_loss=0.000446 val_loss=0.000349 | train_profit=-1.271577 (-127,158 PHP) val_profit=-0.123534 (-12,353 PHP) | train_geo=-0.794050 (-79,405 PHP) val_geo=-0.164280 (-16,428 PHP)
Epoch 017/50 | [MSE] train_loss=0.000442 val_loss=0.000350 | train_profit=-1.042926 (-104,293 PHP) val_profit=-0.074784 (-7,478 PHP) | train_geo=-0.740244 (-74,024 PHP) val_geo=-0.122636 (-12,264 PHP)
Epoch 018/50 | [MSE] train_loss=0.000444 val_loss=0.000350 | train_profit=-1.490263 (-149,026 PHP) val_profit=0.001077 (+108 PHP) | train_geo=-0.834540 (-83,454 PHP) val_geo=-0.053204 (-5,320 PHP)
Epoch 019/50 | [MSE] train_loss=0.000446 val_loss=0.000350 | train_profit=-1.577179 (-157,718 PHP) val_profit=-0.111279 (-11,128 PHP) | train_geo=-0.848572 (-84,857 PHP) val_geo=-0.153990 (-15,399 PHP)
Epoch 020/50 | [MSE] train_loss=0.000440 val_loss=0.000349 | train_profit=-0.922307 (-92,231 PHP) val_profit=-0.049752 (-4,975 PHP) | train_geo=-0.708128 (-70,813 PHP) val_geo=-0.100430 (-10,043 PHP)
Epoch 021/50 | [MSE] train_loss=0.000442 val_loss=0.000350 | train_profit=-0.756331 (-75,633 PHP) val_profit=-0.151787 (-15,179 PHP) | train_geo=-0.654061 (-65,406 PHP) val_geo=-0.187649 (-18,765 PHP)
Epoch 022/50 | [MSE] train_loss=0.000441 val_loss=0.000350 | train_profit=-1.867182 (-186,718 PHP) val_profit=-0.120070 (-12,007 PHP) | train_geo=-0.886456 (-88,646 PHP) val_geo=-0.161378 (-16,138 PHP)
Epoch 023/50 | [MSE] train_loss=0.000442 val_loss=0.000350 | train_profit=-0.706669 (-70,667 PHP) val_profit=-0.073232 (-7,323 PHP) | train_geo=-0.636753 (-63,675 PHP) val_geo=-0.121040 (-12,104 PHP)
Epoch 024/50 | [MSE] train_loss=0.000441 val_loss=0.000349 | train_profit=-0.825143 (-82,514 PHP) val_profit=0.000006 (+1 PHP) | train_geo=-0.677577 (-67,758 PHP) val_geo=-0.054312 (-5,431 PHP)
Epoch 025/50 | [MSE] train_loss=0.000442 val_loss=0.000349 | train_profit=-1.916539 (-191,654 PHP) val_profit=0.087986 (+8,799 PHP) | train_geo=-0.891982 (-89,198 PHP) val_geo=0.032572 (+3,257 PHP)
Epoch 026/50 | [MSE] train_loss=0.000439 val_loss=0.000349 | train_profit=-0.497924 (-49,792 PHP) val_profit=-0.015008 (-1,501 PHP) | train_geo=-0.552501 (-55,250 PHP) val_geo=-0.068395 (-6,840 PHP)
Epoch 027/50 | [MSE] train_loss=0.000439 val_loss=0.000350 | train_profit=-1.465590 (-146,559 PHP) val_profit=-0.077538 (-7,754 PHP) | train_geo=-0.830211 (-83,021 PHP) val_geo=-0.125101 (-12,510 PHP)
Epoch 028/50 | [MSE] train_loss=0.000440 val_loss=0.000349 | train_profit=-1.542021 (-154,202 PHP) val_profit=-0.029827 (-2,983 PHP) | train_geo=-0.843144 (-84,314 PHP) val_geo=-0.082168 (-8,217 PHP)
Epoch 029/50 | [MSE] train_loss=0.000440 val_loss=0.000350 | train_profit=-0.779983 (-77,998 PHP) val_profit=-0.096366 (-9,637 PHP) | train_geo=-0.662652 (-66,265 PHP) val_geo=-0.141349 (-14,135 PHP)
Epoch 030/50 | [MSE] train_loss=0.000439 val_loss=0.000349 | train_profit=-0.967014 (-96,701 PHP) val_profit=-0.171212 (-17,121 PHP) | train_geo=-0.720143 (-72,014 PHP) val_geo=-0.203373 (-20,337 PHP)
Epoch 031/50 | [MSE] train_loss=0.000439 val_loss=0.000349 | train_profit=-1.785455 (-178,545 PHP) val_profit=-0.054316 (-5,432 PHP) | train_geo=-0.877071 (-87,707 PHP) val_geo=-0.104503 (-10,450 PHP)
Epoch 032/50 | [MSE] train_loss=0.000436 val_loss=0.000350 | train_profit=-1.367327 (-136,733 PHP) val_profit=-0.078944 (-7,894 PHP) | train_geo=-0.812734 (-81,273 PHP) val_geo=-0.126498 (-12,650 PHP)
Epoch 033/50 | [MSE] train_loss=0.000438 val_loss=0.000350 | train_profit=-1.375291 (-137,529 PHP) val_profit=-0.160549 (-16,055 PHP) | train_geo=-0.814299 (-81,430 PHP) val_geo=-0.194855 (-19,486 PHP)
Epoch 034/50 | [MSE] train_loss=0.000437 val_loss=0.000350 | train_profit=-1.457817 (-145,782 PHP) val_profit=-0.072607 (-7,261 PHP) | train_geo=-0.828949 (-82,895 PHP) val_geo=-0.120763 (-12,076 PHP)
Epoch 035/50 | [MSE] train_loss=0.000434 val_loss=0.000350 | train_profit=-0.695709 (-69,571 PHP) val_profit=-0.098836 (-9,884 PHP) | train_geo=-0.632860 (-63,286 PHP) val_geo=-0.143658 (-14,366 PHP)
Epoch 036/50 | [MSE] train_loss=0.000437 val_loss=0.000350 | train_profit=-0.837325 (-83,733 PHP) val_profit=-0.177447 (-17,745 PHP) | train_geo=-0.681579 (-68,158 PHP) val_geo=-0.208273 (-20,827 PHP)
Epoch 037/50 | [MSE] train_loss=0.000437 val_loss=0.000351 | train_profit=-0.798974 (-79,897 PHP) val_profit=-0.065771 (-6,577 PHP) | train_geo=-0.669638 (-66,964 PHP) val_geo=-0.114745 (-11,475 PHP)
Epoch 038/50 | [MSE] train_loss=0.000437 val_loss=0.000350 | train_profit=-0.595243 (-59,524 PHP) val_profit=-0.099568 (-9,957 PHP) | train_geo=-0.594346 (-59,435 PHP) val_geo=-0.144209 (-14,421 PHP)
Epoch 039/50 | [MSE] train_loss=0.000438 val_loss=0.000351 | train_profit=-1.156305 (-115,630 PHP) val_profit=0.069105 (+6,910 PHP) | train_geo=-0.768808 (-76,881 PHP) val_geo=0.013256 (+1,326 PHP)
Epoch 040/50 | [MSE] train_loss=0.000438 val_loss=0.000350 | train_profit=-1.330450 (-133,045 PHP) val_profit=-0.209771 (-20,977 PHP) | train_geo=-0.805640 (-80,564 PHP) val_geo=-0.233583 (-23,358 PHP)
Epoch 041/50 | [MSE] train_loss=0.000435 val_loss=0.000351 | train_profit=-1.735242 (-173,524 PHP) val_profit=0.120091 (+12,009 PHP) | train_geo=-0.870219 (-87,022 PHP) val_geo=0.066384 (+6,638 PHP)
Epoch 042/50 | [MSE] train_loss=0.000433 val_loss=0.000351 | train_profit=-0.168905 (-16,891 PHP) val_profit=-0.316546 (-31,655 PHP) | train_geo=-0.377198 (-37,720 PHP) val_geo=-0.311253 (-31,125 PHP)
Epoch 043/50 | [MSE] train_loss=0.000436 val_loss=0.000351 | train_profit=-0.687184 (-68,718 PHP) val_profit=0.134222 (+13,422 PHP) | train_geo=-0.629122 (-62,912 PHP) val_geo=0.081589 (+8,159 PHP)
Epoch 044/50 | [MSE] train_loss=0.000434 val_loss=0.000351 | train_profit=-0.454696 (-45,470 PHP) val_profit=-0.052667 (-5,267 PHP) | train_geo=-0.532690 (-53,269 PHP) val_geo=-0.103021 (-10,302 PHP)
Epoch 045/50 | [MSE] train_loss=0.000438 val_loss=0.000351 | train_profit=-1.333491 (-133,349 PHP) val_profit=-0.066638 (-6,664 PHP) | train_geo=-0.806550 (-80,655 PHP) val_geo=-0.115438 (-11,544 PHP)
Epoch 046/50 | [MSE] train_loss=0.000437 val_loss=0.000351 | train_profit=-0.888589 (-88,859 PHP) val_profit=-0.059696 (-5,970 PHP) | train_geo=-0.697786 (-69,779 PHP) val_geo=-0.109377 (-10,938 PHP)
Epoch 047/50 | [MSE] train_loss=0.000435 val_loss=0.000351 | train_profit=-0.781340 (-78,134 PHP) val_profit=-0.169194 (-16,919 PHP) | train_geo=-0.663025 (-66,302 PHP) val_geo=-0.201788 (-20,179 PHP)
Epoch 048/50 | [MSE] train_loss=0.000435 val_loss=0.000351 | train_profit=-1.364395 (-136,440 PHP) val_profit=0.053549 (+5,355 PHP) | train_geo=-0.812017 (-81,202 PHP) val_geo=-0.002237 (-224 PHP)
Epoch 049/50 | [MSE] train_loss=0.000435 val_loss=0.000352 | train_profit=-1.014754 (-101,475 PHP) val_profit=-0.078479 (-7,848 PHP) | train_geo=-0.733927 (-73,393 PHP) val_geo=-0.125915 (-12,592 PHP)
Epoch 050/50 | [MSE] train_loss=0.000434 val_loss=0.000352 | train_profit=-0.035424 (-3,542 PHP) val_profit=-0.139482 (-13,948 PHP) | train_geo=-0.288136 (-28,814 PHP) val_geo=-0.177722 (-17,772 PHP)
[7/37] DIS        (mid   ) mse           dir_acc=0.475 cum_ret=-0.0365 geo_ret=-0.0726 sharpe=-0.116 (buy&hold=-0.0101 always_short=-0.0654)
  [3.7s total]
Epoch 001/50 | train_loss=0.001696 val_loss=0.000825 | train_profit=-1.511376 (-151,138 PHP) val_profit=0.066285 (+6,629 PHP) | train_geo=-0.837891 (-83,789 PHP) val_geo=0.011468 (+1,147 PHP)
Epoch 002/50 | train_loss=0.000964 val_loss=0.000932 | train_profit=-0.187960 (-18,796 PHP) val_profit=-0.066714 (-6,671 PHP) | train_geo=-0.389642 (-38,964 PHP) val_geo=-0.115510 (-11,551 PHP)
Epoch 003/50 | train_loss=0.001056 val_loss=0.000832 | train_profit=-0.270987 (-27,099 PHP) val_profit=-0.070981 (-7,098 PHP) | train_geo=-0.438710 (-43,871 PHP) val_geo=-0.118855 (-11,886 PHP)
Epoch 004/50 | train_loss=0.000841 val_loss=0.000473 | train_profit=-1.080120 (-108,012 PHP) val_profit=0.068981 (+6,898 PHP) | train_geo=-0.750691 (-75,069 PHP) val_geo=0.014180 (+1,418 PHP)
Epoch 005/50 | train_loss=0.000404 val_loss=0.000344 | train_profit=0.126730 (+12,673 PHP) val_profit=-0.317018 (-31,702 PHP) | train_geo=-0.162312 (-16,231 PHP) val_geo=-0.311589 (-31,159 PHP)
Epoch 006/50 | train_loss=0.000321 val_loss=0.000189 | train_profit=0.317897 (+31,790 PHP) val_profit=0.068981 (+6,898 PHP) | train_geo=0.013366 (+1,337 PHP) val_geo=0.014180 (+1,418 PHP)
Epoch 007/50 | train_loss=0.000137 val_loss=0.000166 | train_profit=0.397477 (+39,748 PHP) val_profit=0.068981 (+6,898 PHP) | train_geo=0.097459 (+9,746 PHP) val_geo=0.014180 (+1,418 PHP)
Epoch 008/50 | train_loss=0.000254 val_loss=0.000195 | train_profit=0.333928 (+33,393 PHP) val_profit=0.068981 (+6,898 PHP) | train_geo=0.029799 (+2,980 PHP) val_geo=0.014180 (+1,418 PHP)
Epoch 009/50 | train_loss=0.000239 val_loss=0.000175 | train_profit=0.397477 (+39,748 PHP) val_profit=0.068981 (+6,898 PHP) | train_geo=0.097459 (+9,746 PHP) val_geo=0.014180 (+1,418 PHP)
Epoch 010/50 | train_loss=0.000140 val_loss=0.000181 | train_profit=0.397477 (+39,748 PHP) val_profit=0.068981 (+6,898 PHP) | train_geo=0.097459 (+9,746 PHP) val_geo=0.014180 (+1,418 PHP)
Epoch 011/50 | train_loss=0.000129 val_loss=0.000155 | train_profit=0.397477 (+39,748 PHP) val_profit=0.068981 (+6,898 PHP) | train_geo=0.097459 (+9,746 PHP) val_geo=0.014180 (+1,418 PHP)
Epoch 012/50 | train_loss=0.000163 val_loss=0.000152 | train_profit=0.397477 (+39,748 PHP) val_profit=0.068981 (+6,898 PHP) | train_geo=0.097459 (+9,746 PHP) val_geo=0.014180 (+1,418 PHP)
Epoch 013/50 | train_loss=0.000116 val_loss=0.000167 | train_profit=0.397477 (+39,748 PHP) val_profit=0.068981 (+6,898 PHP) | train_geo=0.097459 (+9,746 PHP) val_geo=0.014180 (+1,418 PHP)
Epoch 014/50 | train_loss=0.000140 val_loss=0.000164 | train_profit=0.397477 (+39,748 PHP) val_profit=0.068981 (+6,898 PHP) | train_geo=0.097459 (+9,746 PHP) val_geo=0.014180 (+1,418 PHP)
Epoch 015/50 | train_loss=0.000131 val_loss=0.000169 | train_profit=0.397477 (+39,748 PHP) val_profit=0.068981 (+6,898 PHP) | train_geo=0.097459 (+9,746 PHP) val_geo=0.014180 (+1,418 PHP)
Epoch 016/50 | train_loss=0.000103 val_loss=0.000166 | train_profit=0.397477 (+39,748 PHP) val_profit=0.068981 (+6,898 PHP) | train_geo=0.097459 (+9,746 PHP) val_geo=0.014180 (+1,418 PHP)
Epoch 017/50 | train_loss=0.000066 val_loss=0.000156 | train_profit=0.397477 (+39,748 PHP) val_profit=0.068981 (+6,898 PHP) | train_geo=0.097459 (+9,746 PHP) val_geo=0.014180 (+1,418 PHP)
Epoch 018/50 | train_loss=0.000107 val_loss=0.000154 | train_profit=0.397477 (+39,748 PHP) val_profit=0.068981 (+6,898 PHP) | train_geo=0.097459 (+9,746 PHP) val_geo=0.014180 (+1,418 PHP)
Epoch 019/50 | train_loss=0.000117 val_loss=0.000147 | train_profit=0.397477 (+39,748 PHP) val_profit=0.068981 (+6,898 PHP) | train_geo=0.097459 (+9,746 PHP) val_geo=0.014180 (+1,418 PHP)
Epoch 020/50 | train_loss=0.000093 val_loss=0.000158 | train_profit=0.397477 (+39,748 PHP) val_profit=0.068981 (+6,898 PHP) | train_geo=0.097459 (+9,746 PHP) val_geo=0.014180 (+1,418 PHP)
Epoch 021/50 | train_loss=0.000072 val_loss=0.000166 | train_profit=0.397477 (+39,748 PHP) val_profit=0.068981 (+6,898 PHP) | train_geo=0.097459 (+9,746 PHP) val_geo=0.014180 (+1,418 PHP)
Epoch 022/50 | train_loss=0.000090 val_loss=0.000190 | train_profit=0.397477 (+39,748 PHP) val_profit=0.068981 (+6,898 PHP) | train_geo=0.097459 (+9,746 PHP) val_geo=0.014180 (+1,418 PHP)
Epoch 023/50 | train_loss=0.000115 val_loss=0.000168 | train_profit=0.397477 (+39,748 PHP) val_profit=0.068981 (+6,898 PHP) | train_geo=0.097459 (+9,746 PHP) val_geo=0.014180 (+1,418 PHP)
Epoch 024/50 | train_loss=0.000060 val_loss=0.000167 | train_profit=0.397477 (+39,748 PHP) val_profit=0.068981 (+6,898 PHP) | train_geo=0.097459 (+9,746 PHP) val_geo=0.014180 (+1,418 PHP)
Epoch 025/50 | train_loss=0.000053 val_loss=0.000167 | train_profit=0.397477 (+39,748 PHP) val_profit=0.068981 (+6,898 PHP) | train_geo=0.097459 (+9,746 PHP) val_geo=0.014180 (+1,418 PHP)
Epoch 026/50 | train_loss=0.000055 val_loss=0.000155 | train_profit=0.397477 (+39,748 PHP) val_profit=0.068981 (+6,898 PHP) | train_geo=0.097459 (+9,746 PHP) val_geo=0.014180 (+1,418 PHP)
Epoch 027/50 | train_loss=0.000047 val_loss=0.000163 | train_profit=0.397477 (+39,748 PHP) val_profit=0.068981 (+6,898 PHP) | train_geo=0.097459 (+9,746 PHP) val_geo=0.014180 (+1,418 PHP)
Epoch 028/50 | train_loss=0.000055 val_loss=0.000154 | train_profit=0.397477 (+39,748 PHP) val_profit=0.068981 (+6,898 PHP) | train_geo=0.097459 (+9,746 PHP) val_geo=0.014180 (+1,418 PHP)
Epoch 029/50 | train_loss=0.000055 val_loss=0.000151 | train_profit=0.397477 (+39,748 PHP) val_profit=0.068981 (+6,898 PHP) | train_geo=0.097459 (+9,746 PHP) val_geo=0.014180 (+1,418 PHP)
Epoch 030/50 | train_loss=0.000052 val_loss=0.000153 | train_profit=0.397477 (+39,748 PHP) val_profit=0.068981 (+6,898 PHP) | train_geo=0.097459 (+9,746 PHP) val_geo=0.014180 (+1,418 PHP)
Epoch 031/50 | train_loss=0.000022 val_loss=0.000150 | train_profit=0.397477 (+39,748 PHP) val_profit=0.068981 (+6,898 PHP) | train_geo=0.097459 (+9,746 PHP) val_geo=0.014180 (+1,418 PHP)
Epoch 032/50 | train_loss=0.000043 val_loss=0.000175 | train_profit=0.397477 (+39,748 PHP) val_profit=0.068981 (+6,898 PHP) | train_geo=0.097459 (+9,746 PHP) val_geo=0.014180 (+1,418 PHP)
Epoch 033/50 | train_loss=0.000040 val_loss=0.000153 | train_profit=0.397477 (+39,748 PHP) val_profit=0.068981 (+6,898 PHP) | train_geo=0.097459 (+9,746 PHP) val_geo=0.014180 (+1,418 PHP)
Epoch 034/50 | train_loss=0.000023 val_loss=0.000166 | train_profit=0.397477 (+39,748 PHP) val_profit=0.068981 (+6,898 PHP) | train_geo=0.097459 (+9,746 PHP) val_geo=0.014180 (+1,418 PHP)
Epoch 035/50 | train_loss=0.000010 val_loss=0.000170 | train_profit=0.397477 (+39,748 PHP) val_profit=0.068981 (+6,898 PHP) | train_geo=0.097459 (+9,746 PHP) val_geo=0.014180 (+1,418 PHP)
Epoch 036/50 | train_loss=0.000028 val_loss=0.000165 | train_profit=0.397477 (+39,748 PHP) val_profit=0.068981 (+6,898 PHP) | train_geo=0.097459 (+9,746 PHP) val_geo=0.014180 (+1,418 PHP)
Epoch 037/50 | train_loss=0.000004 val_loss=0.000155 | train_profit=0.397477 (+39,748 PHP) val_profit=0.068981 (+6,898 PHP) | train_geo=0.097459 (+9,746 PHP) val_geo=0.014180 (+1,418 PHP)
Epoch 038/50 | train_loss=0.000036 val_loss=0.000206 | train_profit=0.397477 (+39,748 PHP) val_profit=0.068981 (+6,898 PHP) | train_geo=0.097459 (+9,746 PHP) val_geo=0.014180 (+1,418 PHP)
Epoch 039/50 | train_loss=0.000011 val_loss=0.000170 | train_profit=0.397477 (+39,748 PHP) val_profit=0.068981 (+6,898 PHP) | train_geo=0.097459 (+9,746 PHP) val_geo=0.014180 (+1,418 PHP)
Epoch 040/50 | train_loss=0.000045 val_loss=0.000218 | train_profit=0.397477 (+39,748 PHP) val_profit=0.068981 (+6,898 PHP) | train_geo=0.097459 (+9,746 PHP) val_geo=0.014180 (+1,418 PHP)
Epoch 041/50 | train_loss=0.000011 val_loss=0.000162 | train_profit=0.397477 (+39,748 PHP) val_profit=0.068981 (+6,898 PHP) | train_geo=0.097459 (+9,746 PHP) val_geo=0.014180 (+1,418 PHP)
Epoch 042/50 | train_loss=0.000007 val_loss=0.000331 | train_profit=0.377620 (+37,762 PHP) val_profit=0.114334 (+11,433 PHP) | train_geo=0.075818 (+7,582 PHP) val_geo=0.061318 (+6,132 PHP)
Epoch 043/50 | train_loss=-0.000003 val_loss=0.000173 | train_profit=0.368733 (+36,873 PHP) val_profit=0.068981 (+6,898 PHP) | train_geo=0.066296 (+6,630 PHP) val_geo=0.014180 (+1,418 PHP)
Epoch 044/50 | train_loss=0.000007 val_loss=0.000344 | train_profit=0.374501 (+37,450 PHP) val_profit=0.087570 (+8,757 PHP) | train_geo=0.072584 (+7,258 PHP) val_geo=0.033280 (+3,328 PHP)
Epoch 045/50 | train_loss=-0.000001 val_loss=0.000213 | train_profit=0.406943 (+40,694 PHP) val_profit=0.068981 (+6,898 PHP) | train_geo=0.107867 (+10,787 PHP) val_geo=0.014180 (+1,418 PHP)
Epoch 046/50 | train_loss=-0.000000 val_loss=0.000306 | train_profit=0.397477 (+39,748 PHP) val_profit=0.068981 (+6,898 PHP) | train_geo=0.097459 (+9,746 PHP) val_geo=0.014180 (+1,418 PHP)
Epoch 047/50 | train_loss=-0.000021 val_loss=0.000334 | train_profit=0.397477 (+39,748 PHP) val_profit=0.068981 (+6,898 PHP) | train_geo=0.097459 (+9,746 PHP) val_geo=0.014180 (+1,418 PHP)
Epoch 048/50 | train_loss=-0.000036 val_loss=0.000290 | train_profit=0.397477 (+39,748 PHP) val_profit=0.068981 (+6,898 PHP) | train_geo=0.097459 (+9,746 PHP) val_geo=0.014180 (+1,418 PHP)
Epoch 049/50 | train_loss=0.000004 val_loss=0.000294 | train_profit=0.397477 (+39,748 PHP) val_profit=0.068981 (+6,898 PHP) | train_geo=0.097459 (+9,746 PHP) val_geo=0.014180 (+1,418 PHP)
Epoch 050/50 | train_loss=-0.000050 val_loss=0.000621 | train_profit=0.359611 (+35,961 PHP) val_profit=-0.156454 (-15,645 PHP) | train_geo=0.056692 (+5,669 PHP) val_geo=-0.191246 (-19,125 PHP)
[7/37] DIS        (mid   ) profit-aware  dir_acc=0.472 cum_ret=-0.0044 geo_ret=-0.0425 sharpe=-0.014 (buy&hold=-0.0101 always_short=-0.0654)
  [4.9s total]
Epoch 001/50 | [MSE] train_loss=0.000243 val_loss=0.000104 | train_profit=-0.741153 (-74,115 PHP) val_profit=0.233744 (+23,374 PHP) | train_geo=-0.578981 (-57,898 PHP) val_geo=0.243131 (+24,313 PHP)
Epoch 002/50 | [MSE] train_loss=0.000179 val_loss=0.000102 | train_profit=-1.112802 (-111,280 PHP) val_profit=0.113704 (+11,370 PHP) | train_geo=-0.709804 (-70,980 PHP) val_geo=0.102522 (+10,252 PHP)
Epoch 003/50 | [MSE] train_loss=0.000175 val_loss=0.000101 | train_profit=-1.247847 (-124,785 PHP) val_profit=0.233744 (+23,374 PHP) | train_geo=-0.746768 (-74,677 PHP) val_geo=0.243131 (+24,313 PHP)
Epoch 004/50 | [MSE] train_loss=0.000168 val_loss=0.000101 | train_profit=-0.538364 (-53,836 PHP) val_profit=0.200569 (+20,057 PHP) | train_geo=-0.484215 (-48,422 PHP) val_geo=0.202539 (+20,254 PHP)
Epoch 005/50 | [MSE] train_loss=0.000168 val_loss=0.000101 | train_profit=-1.304222 (-130,422 PHP) val_profit=0.202963 (+20,296 PHP) | train_geo=-0.760427 (-76,043 PHP) val_geo=0.205396 (+20,540 PHP)
Epoch 006/50 | [MSE] train_loss=0.000167 val_loss=0.000101 | train_profit=-0.901686 (-90,169 PHP) val_profit=0.094407 (+9,441 PHP) | train_geo=-0.641543 (-64,154 PHP) val_geo=0.081274 (+8,127 PHP)
Epoch 007/50 | [MSE] train_loss=0.000167 val_loss=0.000101 | train_profit=-0.612472 (-61,247 PHP) val_profit=0.233744 (+23,374 PHP) | train_geo=-0.521479 (-52,148 PHP) val_geo=0.243131 (+24,313 PHP)
Epoch 008/50 | [MSE] train_loss=0.000164 val_loss=0.000101 | train_profit=-0.769939 (-76,994 PHP) val_profit=0.068176 (+6,818 PHP) | train_geo=-0.590949 (-59,095 PHP) val_geo=0.053327 (+5,333 PHP)
Epoch 009/50 | [MSE] train_loss=0.000166 val_loss=0.000101 | train_profit=-0.510910 (-51,091 PHP) val_profit=0.244595 (+24,460 PHP) | train_geo=-0.470198 (-47,020 PHP) val_geo=0.256719 (+25,672 PHP)
Epoch 010/50 | [MSE] train_loss=0.000167 val_loss=0.000101 | train_profit=-1.066893 (-106,689 PHP) val_profit=0.192193 (+19,219 PHP) | train_geo=-0.696602 (-69,660 PHP) val_geo=0.192390 (+19,239 PHP)
Epoch 011/50 | [MSE] train_loss=0.000165 val_loss=0.000101 | train_profit=-0.727938 (-72,794 PHP) val_profit=0.215118 (+21,512 PHP) | train_geo=-0.573541 (-57,354 PHP) val_geo=0.220157 (+22,016 PHP)
Epoch 012/50 | [MSE] train_loss=0.000166 val_loss=0.000101 | train_profit=-0.038168 (-3,817 PHP) val_profit=0.112358 (+11,236 PHP) | train_geo=-0.149664 (-14,966 PHP) val_geo=0.100988 (+10,099 PHP)
Epoch 013/50 | [MSE] train_loss=0.000165 val_loss=0.000101 | train_profit=-0.969768 (-96,977 PHP) val_profit=0.164015 (+16,401 PHP) | train_geo=-0.665418 (-66,542 PHP) val_geo=0.159359 (+15,936 PHP)
Epoch 014/50 | [MSE] train_loss=0.000164 val_loss=0.000102 | train_profit=-0.535304 (-53,530 PHP) val_profit=0.171630 (+17,163 PHP) | train_geo=-0.483097 (-48,310 PHP) val_geo=0.168097 (+16,810 PHP)
Epoch 015/50 | [MSE] train_loss=0.000164 val_loss=0.000102 | train_profit=-0.675511 (-67,551 PHP) val_profit=-0.180588 (-18,059 PHP) | train_geo=-0.550434 (-55,043 PHP) val_geo=-0.178652 (-17,865 PHP)
Epoch 016/50 | [MSE] train_loss=0.000166 val_loss=0.000102 | train_profit=-0.729968 (-72,997 PHP) val_profit=0.177540 (+17,754 PHP) | train_geo=-0.574751 (-57,475 PHP) val_geo=0.175042 (+17,504 PHP)
Epoch 017/50 | [MSE] train_loss=0.000164 val_loss=0.000102 | train_profit=-0.903549 (-90,355 PHP) val_profit=0.172714 (+17,271 PHP) | train_geo=-0.642510 (-64,251 PHP) val_geo=0.169404 (+16,940 PHP)
Epoch 018/50 | [MSE] train_loss=0.000164 val_loss=0.000101 | train_profit=-0.718275 (-71,828 PHP) val_profit=0.078310 (+7,831 PHP) | train_geo=-0.569632 (-56,963 PHP) val_geo=0.064123 (+6,412 PHP)
Epoch 019/50 | [MSE] train_loss=0.000164 val_loss=0.000102 | train_profit=-0.886886 (-88,689 PHP) val_profit=0.229001 (+22,900 PHP) | train_geo=-0.635958 (-63,596 PHP) val_geo=0.237462 (+23,746 PHP)
Epoch 020/50 | [MSE] train_loss=0.000164 val_loss=0.000102 | train_profit=-0.793776 (-79,378 PHP) val_profit=0.168530 (+16,853 PHP) | train_geo=-0.601032 (-60,103 PHP) val_geo=0.164641 (+16,464 PHP)
Epoch 021/50 | [MSE] train_loss=0.000163 val_loss=0.000102 | train_profit=0.312406 (+31,241 PHP) val_profit=0.159045 (+15,904 PHP) | train_geo=0.208779 (+20,878 PHP) val_geo=0.153646 (+15,365 PHP)
Epoch 022/50 | [MSE] train_loss=0.000164 val_loss=0.000102 | train_profit=-0.298921 (-29,892 PHP) val_profit=0.125859 (+12,586 PHP) | train_geo=-0.344560 (-34,456 PHP) val_geo=0.115894 (+11,589 PHP)
Epoch 023/50 | [MSE] train_loss=0.000164 val_loss=0.000102 | train_profit=-0.480591 (-48,059 PHP) val_profit=0.056743 (+5,674 PHP) | train_geo=-0.453892 (-45,389 PHP) val_geo=0.041371 (+4,137 PHP)
Epoch 024/50 | [MSE] train_loss=0.000164 val_loss=0.000102 | train_profit=-1.161892 (-116,189 PHP) val_profit=0.100982 (+10,098 PHP) | train_geo=-0.724069 (-72,407 PHP) val_geo=0.088619 (+8,862 PHP)
Epoch 025/50 | [MSE] train_loss=0.000163 val_loss=0.000102 | train_profit=0.250098 (+25,010 PHP) val_profit=0.167195 (+16,719 PHP) | train_geo=0.135713 (+13,571 PHP) val_geo=0.163056 (+16,306 PHP)
Epoch 026/50 | [MSE] train_loss=0.000162 val_loss=0.000102 | train_profit=-0.605064 (-60,506 PHP) val_profit=0.153777 (+15,378 PHP) | train_geo=-0.518195 (-51,819 PHP) val_geo=0.147614 (+14,761 PHP)
Epoch 027/50 | [MSE] train_loss=0.000164 val_loss=0.000102 | train_profit=-0.634324 (-63,432 PHP) val_profit=0.209144 (+20,914 PHP) | train_geo=-0.532304 (-53,230 PHP) val_geo=0.213084 (+21,308 PHP)
Epoch 028/50 | [MSE] train_loss=0.000163 val_loss=0.000102 | train_profit=-0.666349 (-66,635 PHP) val_profit=0.107795 (+10,780 PHP) | train_geo=-0.546999 (-54,700 PHP) val_geo=0.096049 (+9,605 PHP)
Epoch 029/50 | [MSE] train_loss=0.000163 val_loss=0.000102 | train_profit=-0.745757 (-74,576 PHP) val_profit=0.096912 (+9,691 PHP) | train_geo=-0.581206 (-58,121 PHP) val_geo=0.084175 (+8,417 PHP)
Epoch 030/50 | [MSE] train_loss=0.000162 val_loss=0.000102 | train_profit=0.127744 (+12,774 PHP) val_profit=0.143387 (+14,339 PHP) | train_geo=0.004746 (+475 PHP) val_geo=0.135795 (+13,579 PHP)
Epoch 031/50 | [MSE] train_loss=0.000164 val_loss=0.000103 | train_profit=-0.188124 (-18,812 PHP) val_profit=-0.133533 (-13,353 PHP) | train_geo=-0.267625 (-26,762 PHP) val_geo=-0.139042 (-13,904 PHP)
Epoch 032/50 | [MSE] train_loss=0.000163 val_loss=0.000103 | train_profit=-0.683486 (-68,349 PHP) val_profit=0.131293 (+13,129 PHP) | train_geo=-0.554578 (-55,458 PHP) val_geo=0.122231 (+12,223 PHP)
Epoch 033/50 | [MSE] train_loss=0.000163 val_loss=0.000103 | train_profit=-0.311554 (-31,155 PHP) val_profit=0.080919 (+8,092 PHP) | train_geo=-0.353300 (-35,330 PHP) val_geo=0.067041 (+6,704 PHP)
Epoch 034/50 | [MSE] train_loss=0.000164 val_loss=0.000103 | train_profit=-0.703344 (-70,334 PHP) val_profit=0.179920 (+17,992 PHP) | train_geo=-0.563449 (-56,345 PHP) val_geo=0.178235 (+17,823 PHP)
Epoch 035/50 | [MSE] train_loss=0.000163 val_loss=0.000103 | train_profit=-0.483990 (-48,399 PHP) val_profit=0.129485 (+12,948 PHP) | train_geo=-0.455808 (-45,581 PHP) val_geo=0.120215 (+12,022 PHP)
Epoch 036/50 | [MSE] train_loss=0.000163 val_loss=0.000103 | train_profit=-0.093070 (-9,307 PHP) val_profit=0.103068 (+10,307 PHP) | train_geo=-0.194686 (-19,469 PHP) val_geo=0.090948 (+9,095 PHP)
Epoch 037/50 | [MSE] train_loss=0.000163 val_loss=0.000103 | train_profit=-0.139048 (-13,905 PHP) val_profit=-0.058909 (-5,891 PHP) | train_geo=-0.230787 (-23,079 PHP) val_geo=-0.072308 (-7,231 PHP)
Epoch 038/50 | [MSE] train_loss=0.000163 val_loss=0.000103 | train_profit=-0.175788 (-17,579 PHP) val_profit=0.084375 (+8,437 PHP) | train_geo=-0.258850 (-25,885 PHP) val_geo=0.070557 (+7,056 PHP)
Epoch 039/50 | [MSE] train_loss=0.000162 val_loss=0.000103 | train_profit=0.001884 (+188 PHP) val_profit=0.087404 (+8,740 PHP) | train_geo=-0.114368 (-11,437 PHP) val_geo=0.073901 (+7,390 PHP)
Epoch 040/50 | [MSE] train_loss=0.000163 val_loss=0.000103 | train_profit=-0.461723 (-46,172 PHP) val_profit=0.047541 (+4,754 PHP) | train_geo=-0.443999 (-44,400 PHP) val_geo=0.031949 (+3,195 PHP)
Epoch 041/50 | [MSE] train_loss=0.000163 val_loss=0.000103 | train_profit=0.115741 (+11,574 PHP) val_profit=0.054997 (+5,500 PHP) | train_geo=-0.007763 (-776 PHP) val_geo=0.039667 (+3,967 PHP)
Epoch 042/50 | [MSE] train_loss=0.000163 val_loss=0.000103 | train_profit=-0.159879 (-15,988 PHP) val_profit=0.098054 (+9,805 PHP) | train_geo=-0.247317 (-24,732 PHP) val_geo=0.085479 (+8,548 PHP)
Epoch 043/50 | [MSE] train_loss=0.000164 val_loss=0.000103 | train_profit=-0.667704 (-66,770 PHP) val_profit=-0.017507 (-1,751 PHP) | train_geo=-0.547508 (-54,751 PHP) val_geo=-0.033033 (-3,303 PHP)
Epoch 044/50 | [MSE] train_loss=0.000162 val_loss=0.000103 | train_profit=-0.293551 (-29,355 PHP) val_profit=0.141788 (+14,179 PHP) | train_geo=-0.341718 (-34,172 PHP) val_geo=0.133937 (+13,394 PHP)
Epoch 045/50 | [MSE] train_loss=0.000162 val_loss=0.000103 | train_profit=0.123687 (+12,369 PHP) val_profit=-0.012842 (-1,284 PHP) | train_geo=0.000606 (+61 PHP) val_geo=-0.028513 (-2,851 PHP)
Epoch 046/50 | [MSE] train_loss=0.000163 val_loss=0.000103 | train_profit=-0.140490 (-14,049 PHP) val_profit=0.118353 (+11,835 PHP) | train_geo=-0.232592 (-23,259 PHP) val_geo=0.107652 (+10,765 PHP)
Epoch 047/50 | [MSE] train_loss=0.000163 val_loss=0.000104 | train_profit=-0.326678 (-32,668 PHP) val_profit=0.059535 (+5,953 PHP) | train_geo=-0.362846 (-36,285 PHP) val_geo=0.044510 (+4,451 PHP)
Epoch 048/50 | [MSE] train_loss=0.000162 val_loss=0.000104 | train_profit=-0.076078 (-7,608 PHP) val_profit=0.082815 (+8,282 PHP) | train_geo=-0.181264 (-18,126 PHP) val_geo=0.068978 (+6,898 PHP)
Epoch 049/50 | [MSE] train_loss=0.000163 val_loss=0.000103 | train_profit=-0.363924 (-36,392 PHP) val_profit=0.148726 (+14,873 PHP) | train_geo=-0.386232 (-38,623 PHP) val_geo=0.141866 (+14,187 PHP)
Epoch 050/50 | [MSE] train_loss=0.000162 val_loss=0.000103 | train_profit=0.009324 (+932 PHP) val_profit=0.072467 (+7,247 PHP) | train_geo=-0.108776 (-10,878 PHP) val_geo=0.057946 (+5,795 PHP)
[8/37] KO         (mid   ) mse           dir_acc=0.487 cum_ret=-0.0953 geo_ret=-0.1090 sharpe=-0.421 (buy&hold=+0.2846 always_short=-0.2521)
  [4.3s total]
Epoch 001/50 | train_loss=0.000153 val_loss=-0.000461 | train_profit=0.526615 (+52,661 PHP) val_profit=0.233744 (+23,374 PHP) | train_geo=0.495805 (+49,580 PHP) val_geo=0.243131 (+24,313 PHP)
Epoch 002/50 | train_loss=0.000006 val_loss=-0.000389 | train_profit=0.581142 (+58,114 PHP) val_profit=0.233744 (+23,374 PHP) | train_geo=0.579525 (+57,952 PHP) val_geo=0.243131 (+24,313 PHP)
Epoch 003/50 | train_loss=0.000019 val_loss=-0.000461 | train_profit=0.599476 (+59,948 PHP) val_profit=0.233744 (+23,374 PHP) | train_geo=0.608792 (+60,879 PHP) val_geo=0.243131 (+24,313 PHP)
Epoch 004/50 | train_loss=-0.000063 val_loss=-0.000437 | train_profit=0.599476 (+59,948 PHP) val_profit=0.233744 (+23,374 PHP) | train_geo=0.608792 (+60,879 PHP) val_geo=0.243131 (+24,313 PHP)
Epoch 005/50 | train_loss=-0.000060 val_loss=-0.000471 | train_profit=0.599476 (+59,948 PHP) val_profit=0.233744 (+23,374 PHP) | train_geo=0.608792 (+60,879 PHP) val_geo=0.243131 (+24,313 PHP)
Epoch 006/50 | train_loss=-0.000090 val_loss=-0.000452 | train_profit=0.599476 (+59,948 PHP) val_profit=0.233744 (+23,374 PHP) | train_geo=0.608792 (+60,879 PHP) val_geo=0.243131 (+24,313 PHP)
Epoch 007/50 | train_loss=-0.000104 val_loss=-0.000437 | train_profit=0.599476 (+59,948 PHP) val_profit=0.233744 (+23,374 PHP) | train_geo=0.608792 (+60,879 PHP) val_geo=0.243131 (+24,313 PHP)
Epoch 008/50 | train_loss=-0.000103 val_loss=-0.000351 | train_profit=0.599476 (+59,948 PHP) val_profit=0.233744 (+23,374 PHP) | train_geo=0.608792 (+60,879 PHP) val_geo=0.243131 (+24,313 PHP)
Epoch 009/50 | train_loss=-0.000072 val_loss=-0.000417 | train_profit=0.599476 (+59,948 PHP) val_profit=0.233744 (+23,374 PHP) | train_geo=0.608792 (+60,879 PHP) val_geo=0.243131 (+24,313 PHP)
Epoch 010/50 | train_loss=-0.000109 val_loss=-0.000420 | train_profit=0.599476 (+59,948 PHP) val_profit=0.233744 (+23,374 PHP) | train_geo=0.608792 (+60,879 PHP) val_geo=0.243131 (+24,313 PHP)
Epoch 011/50 | train_loss=-0.000108 val_loss=-0.000375 | train_profit=0.599476 (+59,948 PHP) val_profit=0.233744 (+23,374 PHP) | train_geo=0.608792 (+60,879 PHP) val_geo=0.243131 (+24,313 PHP)
Epoch 012/50 | train_loss=-0.000092 val_loss=-0.000407 | train_profit=0.599476 (+59,948 PHP) val_profit=0.233744 (+23,374 PHP) | train_geo=0.608792 (+60,879 PHP) val_geo=0.243131 (+24,313 PHP)
Epoch 013/50 | train_loss=-0.000107 val_loss=-0.000394 | train_profit=0.599476 (+59,948 PHP) val_profit=0.233744 (+23,374 PHP) | train_geo=0.608792 (+60,879 PHP) val_geo=0.243131 (+24,313 PHP)
Epoch 014/50 | train_loss=-0.000110 val_loss=-0.000420 | train_profit=0.599476 (+59,948 PHP) val_profit=0.233744 (+23,374 PHP) | train_geo=0.608792 (+60,879 PHP) val_geo=0.243131 (+24,313 PHP)
Epoch 015/50 | train_loss=-0.000102 val_loss=-0.000432 | train_profit=0.599476 (+59,948 PHP) val_profit=0.233744 (+23,374 PHP) | train_geo=0.608792 (+60,879 PHP) val_geo=0.243131 (+24,313 PHP)
Epoch 016/50 | train_loss=-0.000110 val_loss=-0.000441 | train_profit=0.599476 (+59,948 PHP) val_profit=0.233744 (+23,374 PHP) | train_geo=0.608792 (+60,879 PHP) val_geo=0.243131 (+24,313 PHP)
Epoch 017/50 | train_loss=-0.000109 val_loss=-0.000461 | train_profit=0.599476 (+59,948 PHP) val_profit=0.233744 (+23,374 PHP) | train_geo=0.608792 (+60,879 PHP) val_geo=0.243131 (+24,313 PHP)
Epoch 018/50 | train_loss=-0.000116 val_loss=-0.000462 | train_profit=0.599476 (+59,948 PHP) val_profit=0.233744 (+23,374 PHP) | train_geo=0.608792 (+60,879 PHP) val_geo=0.243131 (+24,313 PHP)
Epoch 019/50 | train_loss=-0.000112 val_loss=-0.000463 | train_profit=0.599476 (+59,948 PHP) val_profit=0.233744 (+23,374 PHP) | train_geo=0.608792 (+60,879 PHP) val_geo=0.243131 (+24,313 PHP)
Epoch 020/50 | train_loss=-0.000120 val_loss=-0.000461 | train_profit=0.599476 (+59,948 PHP) val_profit=0.233744 (+23,374 PHP) | train_geo=0.608792 (+60,879 PHP) val_geo=0.243131 (+24,313 PHP)
Epoch 021/50 | train_loss=-0.000118 val_loss=-0.000464 | train_profit=0.599476 (+59,948 PHP) val_profit=0.233744 (+23,374 PHP) | train_geo=0.608792 (+60,879 PHP) val_geo=0.243131 (+24,313 PHP)
Epoch 022/50 | train_loss=-0.000116 val_loss=-0.000473 | train_profit=0.599476 (+59,948 PHP) val_profit=0.233744 (+23,374 PHP) | train_geo=0.608792 (+60,879 PHP) val_geo=0.243131 (+24,313 PHP)
Epoch 023/50 | train_loss=-0.000118 val_loss=-0.000472 | train_profit=0.599476 (+59,948 PHP) val_profit=0.233744 (+23,374 PHP) | train_geo=0.608792 (+60,879 PHP) val_geo=0.243131 (+24,313 PHP)
Epoch 024/50 | train_loss=-0.000128 val_loss=-0.000461 | train_profit=0.599476 (+59,948 PHP) val_profit=0.233744 (+23,374 PHP) | train_geo=0.608792 (+60,879 PHP) val_geo=0.243131 (+24,313 PHP)
Epoch 025/50 | train_loss=-0.000122 val_loss=-0.000472 | train_profit=0.599476 (+59,948 PHP) val_profit=0.233744 (+23,374 PHP) | train_geo=0.608792 (+60,879 PHP) val_geo=0.243131 (+24,313 PHP)
Epoch 026/50 | train_loss=-0.000128 val_loss=-0.000464 | train_profit=0.599476 (+59,948 PHP) val_profit=0.233744 (+23,374 PHP) | train_geo=0.608792 (+60,879 PHP) val_geo=0.243131 (+24,313 PHP)
Epoch 027/50 | train_loss=-0.000124 val_loss=-0.000471 | train_profit=0.599476 (+59,948 PHP) val_profit=0.233744 (+23,374 PHP) | train_geo=0.608792 (+60,879 PHP) val_geo=0.243131 (+24,313 PHP)
Epoch 028/50 | train_loss=-0.000133 val_loss=-0.000450 | train_profit=0.599476 (+59,948 PHP) val_profit=0.233744 (+23,374 PHP) | train_geo=0.608792 (+60,879 PHP) val_geo=0.243131 (+24,313 PHP)
Epoch 029/50 | train_loss=-0.000134 val_loss=-0.000442 | train_profit=0.599476 (+59,948 PHP) val_profit=0.233744 (+23,374 PHP) | train_geo=0.608792 (+60,879 PHP) val_geo=0.243131 (+24,313 PHP)
Epoch 030/50 | train_loss=-0.000134 val_loss=-0.000452 | train_profit=0.599476 (+59,948 PHP) val_profit=0.233744 (+23,374 PHP) | train_geo=0.608792 (+60,879 PHP) val_geo=0.243131 (+24,313 PHP)
Epoch 031/50 | train_loss=-0.000120 val_loss=-0.000454 | train_profit=0.599476 (+59,948 PHP) val_profit=0.233744 (+23,374 PHP) | train_geo=0.608792 (+60,879 PHP) val_geo=0.243131 (+24,313 PHP)
Epoch 032/50 | train_loss=-0.000141 val_loss=-0.000446 | train_profit=0.599476 (+59,948 PHP) val_profit=0.233744 (+23,374 PHP) | train_geo=0.608792 (+60,879 PHP) val_geo=0.243131 (+24,313 PHP)
Epoch 033/50 | train_loss=-0.000128 val_loss=-0.000452 | train_profit=0.599476 (+59,948 PHP) val_profit=0.233744 (+23,374 PHP) | train_geo=0.608792 (+60,879 PHP) val_geo=0.243131 (+24,313 PHP)
Epoch 034/50 | train_loss=-0.000136 val_loss=-0.000453 | train_profit=0.599476 (+59,948 PHP) val_profit=0.233744 (+23,374 PHP) | train_geo=0.608792 (+60,879 PHP) val_geo=0.243131 (+24,313 PHP)
Epoch 035/50 | train_loss=-0.000139 val_loss=-0.000423 | train_profit=0.599476 (+59,948 PHP) val_profit=0.233744 (+23,374 PHP) | train_geo=0.608792 (+60,879 PHP) val_geo=0.243131 (+24,313 PHP)
Epoch 036/50 | train_loss=-0.000134 val_loss=-0.000404 | train_profit=0.494158 (+49,416 PHP) val_profit=0.234036 (+23,404 PHP) | train_geo=0.447956 (+44,796 PHP) val_geo=0.243495 (+24,350 PHP)
Epoch 037/50 | train_loss=-0.000116 val_loss=-0.000291 | train_profit=0.567785 (+56,778 PHP) val_profit=0.207374 (+20,737 PHP) | train_geo=0.558494 (+55,849 PHP) val_geo=0.210751 (+21,075 PHP)
Epoch 038/50 | train_loss=-0.000215 val_loss=-0.000339 | train_profit=0.848939 (+84,894 PHP) val_profit=0.228590 (+22,859 PHP) | train_geo=1.066878 (+106,688 PHP) val_geo=0.236744 (+23,674 PHP)
Epoch 039/50 | train_loss=-0.000321 val_loss=-0.000231 | train_profit=1.172611 (+117,261 PHP) val_profit=0.190925 (+19,093 PHP) | train_geo=1.857515 (+185,752 PHP) val_geo=0.190982 (+19,098 PHP)
Epoch 040/50 | train_loss=-0.000307 val_loss=-0.000364 | train_profit=0.954531 (+95,453 PHP) val_profit=0.233744 (+23,374 PHP) | train_geo=1.296952 (+129,695 PHP) val_geo=0.243131 (+24,313 PHP)
Epoch 041/50 | train_loss=-0.000090 val_loss=-0.000403 | train_profit=0.606004 (+60,600 PHP) val_profit=0.233744 (+23,374 PHP) | train_geo=0.619332 (+61,933 PHP) val_geo=0.243131 (+24,313 PHP)
Epoch 042/50 | train_loss=-0.000160 val_loss=-0.000305 | train_profit=0.539600 (+53,960 PHP) val_profit=0.240112 (+24,011 PHP) | train_geo=0.515426 (+51,543 PHP) val_geo=0.251081 (+25,108 PHP)
Epoch 043/50 | train_loss=-0.000210 val_loss=-0.000123 | train_profit=0.544280 (+54,428 PHP) val_profit=0.070095 (+7,009 PHP) | train_geo=0.522233 (+52,223 PHP) val_geo=0.055385 (+5,539 PHP)
Epoch 044/50 | train_loss=-0.000460 val_loss=0.000022 | train_profit=1.444968 (+144,497 PHP) val_profit=0.023145 (+2,315 PHP) | train_geo=2.753229 (+275,323 PHP) val_geo=0.006859 (+686 PHP)
Epoch 045/50 | train_loss=-0.000334 val_loss=-0.000235 | train_profit=1.029657 (+102,966 PHP) val_profit=0.211429 (+21,143 PHP) | train_geo=1.478004 (+147,800 PHP) val_geo=0.215666 (+21,567 PHP)
Epoch 046/50 | train_loss=-0.000410 val_loss=-0.000025 | train_profit=1.335808 (+133,581 PHP) val_profit=0.217435 (+21,743 PHP) | train_geo=2.365468 (+236,547 PHP) val_geo=0.223113 (+22,311 PHP)
Epoch 047/50 | train_loss=-0.000541 val_loss=-0.000098 | train_profit=1.431135 (+143,114 PHP) val_profit=0.146241 (+14,624 PHP) | train_geo=2.702929 (+270,293 PHP) val_geo=0.138882 (+13,888 PHP)
Epoch 048/50 | train_loss=-0.000600 val_loss=-0.000208 | train_profit=1.555397 (+155,540 PHP) val_profit=0.159322 (+15,932 PHP) | train_geo=3.192431 (+319,243 PHP) val_geo=0.153987 (+15,399 PHP)
Epoch 049/50 | train_loss=-0.000578 val_loss=0.000134 | train_profit=1.251114 (+125,111 PHP) val_profit=0.074215 (+7,422 PHP) | train_geo=2.090572 (+209,057 PHP) val_geo=0.059885 (+5,988 PHP)
Epoch 050/50 | train_loss=-0.000583 val_loss=-0.000167 | train_profit=1.552624 (+155,262 PHP) val_profit=0.105397 (+10,540 PHP) | train_geo=3.180145 (+318,014 PHP) val_geo=0.093262 (+9,326 PHP)
[8/37] KO         (mid   ) profit-aware  dir_acc=0.506 cum_ret=+0.2616 geo_ret=+0.2733 sharpe=+1.160 (buy&hold=+0.2846 always_short=-0.2521)
  [5.3s total]
Epoch 001/50 | [MSE] train_loss=0.000238 val_loss=0.000145 | train_profit=-1.537243 (-153,724 PHP) val_profit=-0.298511 (-29,851 PHP) | train_geo=-0.809034 (-80,903 PHP) val_geo=-0.274335 (-27,433 PHP)
Epoch 002/50 | [MSE] train_loss=0.000165 val_loss=0.000137 | train_profit=-0.731792 (-73,179 PHP) val_profit=0.045527 (+4,553 PHP) | train_geo=-0.572585 (-57,259 PHP) val_geo=0.024275 (+2,427 PHP)
Epoch 003/50 | [MSE] train_loss=0.000168 val_loss=0.000136 | train_profit=-1.567040 (-156,704 PHP) val_profit=-0.047546 (-4,755 PHP) | train_geo=-0.814769 (-81,477 PHP) val_geo=-0.066739 (-6,674 PHP)
Epoch 004/50 | [MSE] train_loss=0.000159 val_loss=0.000135 | train_profit=-0.933408 (-93,341 PHP) val_profit=-0.039011 (-3,901 PHP) | train_geo=-0.650169 (-65,017 PHP) val_geo=-0.058875 (-5,888 PHP)
Epoch 005/50 | [MSE] train_loss=0.000159 val_loss=0.000135 | train_profit=-1.429884 (-142,988 PHP) val_profit=-0.011807 (-1,181 PHP) | train_geo=-0.787346 (-78,735 PHP) val_geo=-0.032739 (-3,274 PHP)
Epoch 006/50 | [MSE] train_loss=0.000160 val_loss=0.000135 | train_profit=-1.682684 (-168,268 PHP) val_profit=-0.016913 (-1,691 PHP) | train_geo=-0.834836 (-83,484 PHP) val_geo=-0.038225 (-3,823 PHP)
Epoch 007/50 | [MSE] train_loss=0.000160 val_loss=0.000135 | train_profit=-1.304339 (-130,434 PHP) val_profit=0.101975 (+10,197 PHP) | train_geo=-0.759097 (-75,910 PHP) val_geo=0.083670 (+8,367 PHP)
Epoch 008/50 | [MSE] train_loss=0.000157 val_loss=0.000135 | train_profit=-1.411927 (-141,193 PHP) val_profit=0.129502 (+12,950 PHP) | train_geo=-0.783673 (-78,367 PHP) val_geo=0.114350 (+11,435 PHP)
Epoch 009/50 | [MSE] train_loss=0.000157 val_loss=0.000135 | train_profit=-1.292634 (-129,263 PHP) val_profit=0.103243 (+10,324 PHP) | train_geo=-0.756061 (-75,606 PHP) val_geo=0.085080 (+8,508 PHP)
Epoch 010/50 | [MSE] train_loss=0.000157 val_loss=0.000135 | train_profit=-0.837455 (-83,746 PHP) val_profit=0.183669 (+18,367 PHP) | train_geo=-0.615108 (-61,511 PHP) val_geo=0.176451 (+17,645 PHP)
Epoch 011/50 | [MSE] train_loss=0.000158 val_loss=0.000135 | train_profit=-1.096384 (-109,638 PHP) val_profit=-0.011194 (-1,119 PHP) | train_geo=-0.703132 (-70,313 PHP) val_geo=-0.032469 (-3,247 PHP)
Epoch 012/50 | [MSE] train_loss=0.000157 val_loss=0.000135 | train_profit=-1.468203 (-146,820 PHP) val_profit=-0.215077 (-21,508 PHP) | train_geo=-0.795470 (-79,547 PHP) val_geo=-0.210997 (-21,100 PHP)
Epoch 013/50 | [MSE] train_loss=0.000156 val_loss=0.000135 | train_profit=-1.010322 (-101,032 PHP) val_profit=0.045582 (+4,558 PHP) | train_geo=-0.676374 (-67,637 PHP) val_geo=0.024568 (+2,457 PHP)
Epoch 014/50 | [MSE] train_loss=0.000155 val_loss=0.000135 | train_profit=-0.020187 (-2,019 PHP) val_profit=-0.174927 (-17,493 PHP) | train_geo=-0.127898 (-12,790 PHP) val_geo=-0.178574 (-17,857 PHP)
Epoch 015/50 | [MSE] train_loss=0.000156 val_loss=0.000135 | train_profit=-0.650289 (-65,029 PHP) val_profit=-0.000990 (-99 PHP) | train_geo=-0.535800 (-53,580 PHP) val_geo=-0.022177 (-2,218 PHP)
Epoch 016/50 | [MSE] train_loss=0.000157 val_loss=0.000135 | train_profit=-1.243989 (-124,399 PHP) val_profit=-0.187438 (-18,744 PHP) | train_geo=-0.743903 (-74,390 PHP) val_geo=-0.188827 (-18,883 PHP)
Epoch 017/50 | [MSE] train_loss=0.000156 val_loss=0.000135 | train_profit=-0.982508 (-98,251 PHP) val_profit=0.018522 (+1,852 PHP) | train_geo=-0.667264 (-66,726 PHP) val_geo=-0.003190 (-319 PHP)
Epoch 018/50 | [MSE] train_loss=0.000157 val_loss=0.000135 | train_profit=-1.296173 (-129,617 PHP) val_profit=-0.192174 (-19,217 PHP) | train_geo=-0.756933 (-75,693 PHP) val_geo=-0.192641 (-19,264 PHP)
Epoch 019/50 | [MSE] train_loss=0.000156 val_loss=0.000135 | train_profit=-1.477529 (-147,753 PHP) val_profit=-0.232252 (-23,225 PHP) | train_geo=-0.797196 (-79,720 PHP) val_geo=-0.224455 (-22,446 PHP)
Epoch 020/50 | [MSE] train_loss=0.000155 val_loss=0.000135 | train_profit=-0.435687 (-43,569 PHP) val_profit=-0.181835 (-18,184 PHP) | train_geo=-0.424957 (-42,496 PHP) val_geo=-0.184244 (-18,424 PHP)
Epoch 021/50 | [MSE] train_loss=0.000155 val_loss=0.000135 | train_profit=-0.662989 (-66,299 PHP) val_profit=-0.166381 (-16,638 PHP) | train_geo=-0.541821 (-54,182 PHP) val_geo=-0.171572 (-17,157 PHP)
Epoch 022/50 | [MSE] train_loss=0.000156 val_loss=0.000135 | train_profit=-1.109286 (-110,929 PHP) val_profit=-0.176792 (-17,679 PHP) | train_geo=-0.706997 (-70,700 PHP) val_geo=-0.180072 (-18,007 PHP)
Epoch 023/50 | [MSE] train_loss=0.000156 val_loss=0.000135 | train_profit=-0.844739 (-84,474 PHP) val_profit=-0.051486 (-5,149 PHP) | train_geo=-0.617953 (-61,795 PHP) val_geo=-0.070566 (-7,057 PHP)
Epoch 024/50 | [MSE] train_loss=0.000155 val_loss=0.000135 | train_profit=-0.178674 (-17,867 PHP) val_profit=-0.110051 (-11,005 PHP) | train_geo=-0.255997 (-25,600 PHP) val_geo=-0.123440 (-12,344 PHP)
Epoch 025/50 | [MSE] train_loss=0.000156 val_loss=0.000135 | train_profit=-0.792925 (-79,293 PHP) val_profit=-0.129469 (-12,947 PHP) | train_geo=-0.597748 (-59,775 PHP) val_geo=-0.140380 (-14,038 PHP)
Epoch 026/50 | [MSE] train_loss=0.000155 val_loss=0.000135 | train_profit=-0.911982 (-91,198 PHP) val_profit=-0.113277 (-11,328 PHP) | train_geo=-0.642873 (-64,287 PHP) val_geo=-0.126252 (-12,625 PHP)
Epoch 027/50 | [MSE] train_loss=0.000156 val_loss=0.000135 | train_profit=-1.189158 (-118,916 PHP) val_profit=-0.144795 (-14,479 PHP) | train_geo=-0.729585 (-72,958 PHP) val_geo=-0.153556 (-15,356 PHP)
Epoch 028/50 | [MSE] train_loss=0.000154 val_loss=0.000135 | train_profit=-0.785779 (-78,578 PHP) val_profit=-0.004359 (-436 PHP) | train_geo=-0.595171 (-59,517 PHP) val_geo=-0.025778 (-2,578 PHP)
Epoch 029/50 | [MSE] train_loss=0.000155 val_loss=0.000135 | train_profit=-0.881211 (-88,121 PHP) val_profit=-0.103620 (-10,362 PHP) | train_geo=-0.631544 (-63,154 PHP) val_geo=-0.117864 (-11,786 PHP)
Epoch 030/50 | [MSE] train_loss=0.000155 val_loss=0.000135 | train_profit=-0.593398 (-59,340 PHP) val_profit=-0.252281 (-25,228 PHP) | train_geo=-0.508524 (-50,852 PHP) val_geo=-0.239879 (-23,988 PHP)
Epoch 031/50 | [MSE] train_loss=0.000155 val_loss=0.000135 | train_profit=-0.568412 (-56,841 PHP) val_profit=-0.116347 (-11,635 PHP) | train_geo=-0.496564 (-49,656 PHP) val_geo=-0.129082 (-12,908 PHP)
Epoch 032/50 | [MSE] train_loss=0.000156 val_loss=0.000135 | train_profit=-0.117996 (-11,800 PHP) val_profit=-0.016253 (-1,625 PHP) | train_geo=-0.209406 (-20,941 PHP) val_geo=-0.037329 (-3,733 PHP)
Epoch 033/50 | [MSE] train_loss=0.000154 val_loss=0.000135 | train_profit=-0.193863 (-19,386 PHP) val_profit=0.049591 (+4,959 PHP) | train_geo=-0.267020 (-26,702 PHP) val_geo=0.028371 (+2,837 PHP)
Epoch 034/50 | [MSE] train_loss=0.000155 val_loss=0.000135 | train_profit=-0.844582 (-84,458 PHP) val_profit=-0.143824 (-14,382 PHP) | train_geo=-0.618141 (-61,814 PHP) val_geo=-0.152687 (-15,269 PHP)
Epoch 035/50 | [MSE] train_loss=0.000154 val_loss=0.000135 | train_profit=0.224010 (+22,401 PHP) val_profit=-0.128563 (-12,856 PHP) | train_geo=0.114427 (+11,443 PHP) val_geo=-0.139761 (-13,976 PHP)
Epoch 036/50 | [MSE] train_loss=0.000155 val_loss=0.000135 | train_profit=-0.895960 (-89,596 PHP) val_profit=0.008861 (+886 PHP) | train_geo=-0.637360 (-63,736 PHP) val_geo=-0.012822 (-1,282 PHP)
Epoch 037/50 | [MSE] train_loss=0.000155 val_loss=0.000135 | train_profit=-1.032700 (-103,270 PHP) val_profit=-0.160781 (-16,078 PHP) | train_geo=-0.683616 (-68,362 PHP) val_geo=-0.167039 (-16,704 PHP)
Epoch 038/50 | [MSE] train_loss=0.000155 val_loss=0.000135 | train_profit=-0.646020 (-64,602 PHP) val_profit=-0.174469 (-17,447 PHP) | train_geo=-0.534011 (-53,401 PHP) val_geo=-0.178464 (-17,846 PHP)
Epoch 039/50 | [MSE] train_loss=0.000155 val_loss=0.000135 | train_profit=-0.503231 (-50,323 PHP) val_profit=-0.064277 (-6,428 PHP) | train_geo=-0.462045 (-46,204 PHP) val_geo=-0.082549 (-8,255 PHP)
Epoch 040/50 | [MSE] train_loss=0.000155 val_loss=0.000135 | train_profit=-0.660302 (-66,030 PHP) val_profit=-0.042174 (-4,217 PHP) | train_geo=-0.540705 (-54,071 PHP) val_geo=-0.062086 (-6,209 PHP)
Epoch 041/50 | [MSE] train_loss=0.000154 val_loss=0.000135 | train_profit=-0.342468 (-34,247 PHP) val_profit=-0.068677 (-6,868 PHP) | train_geo=-0.368738 (-36,874 PHP) val_geo=-0.086684 (-8,668 PHP)
Epoch 042/50 | [MSE] train_loss=0.000155 val_loss=0.000135 | train_profit=-0.333351 (-33,335 PHP) val_profit=0.031509 (+3,151 PHP) | train_geo=-0.362275 (-36,228 PHP) val_geo=0.009857 (+986 PHP)
Epoch 043/50 | [MSE] train_loss=0.000155 val_loss=0.000135 | train_profit=-0.049795 (-4,980 PHP) val_profit=-0.016443 (-1,644 PHP) | train_geo=-0.152637 (-15,264 PHP) val_geo=-0.037458 (-3,746 PHP)
Epoch 044/50 | [MSE] train_loss=0.000155 val_loss=0.000135 | train_profit=-0.580306 (-58,031 PHP) val_profit=-0.022690 (-2,269 PHP) | train_geo=-0.502270 (-50,227 PHP) val_geo=-0.043527 (-4,353 PHP)
Epoch 045/50 | [MSE] train_loss=0.000155 val_loss=0.000135 | train_profit=-0.529071 (-52,907 PHP) val_profit=-0.060763 (-6,076 PHP) | train_geo=-0.475978 (-47,598 PHP) val_geo=-0.079309 (-7,931 PHP)
Epoch 046/50 | [MSE] train_loss=0.000155 val_loss=0.000135 | train_profit=-0.334137 (-33,414 PHP) val_profit=-0.064002 (-6,400 PHP) | train_geo=-0.363238 (-36,324 PHP) val_geo=-0.082239 (-8,224 PHP)
Epoch 047/50 | [MSE] train_loss=0.000155 val_loss=0.000135 | train_profit=-0.761367 (-76,137 PHP) val_profit=-0.096897 (-9,690 PHP) | train_geo=-0.584643 (-58,464 PHP) val_geo=-0.112017 (-11,202 PHP)
Epoch 048/50 | [MSE] train_loss=0.000156 val_loss=0.000135 | train_profit=-0.853909 (-85,391 PHP) val_profit=0.107717 (+10,772 PHP) | train_geo=-0.621381 (-62,138 PHP) val_geo=0.090023 (+9,002 PHP)
Epoch 049/50 | [MSE] train_loss=0.000155 val_loss=0.000135 | train_profit=-0.929899 (-92,990 PHP) val_profit=0.097854 (+9,785 PHP) | train_geo=-0.649158 (-64,916 PHP) val_geo=0.079302 (+7,930 PHP)
Epoch 050/50 | [MSE] train_loss=0.000155 val_loss=0.000135 | train_profit=-0.870506 (-87,051 PHP) val_profit=0.001146 (+115 PHP) | train_geo=-0.628158 (-62,816 PHP) val_geo=-0.020509 (-2,051 PHP)
[9/37] JNJ        (mid   ) mse           dir_acc=0.550 cum_ret=+0.3583 geo_ret=+0.3989 sharpe=+1.494 (buy&hold=+0.8735 always_short=-0.4899)
  [4.0s total]
Epoch 001/50 | train_loss=0.000670 val_loss=0.000800 | train_profit=-0.171284 (-17,128 PHP) val_profit=0.034784 (+3,478 PHP) | train_geo=-0.250086 (-25,009 PHP) val_geo=0.013244 (+1,324 PHP)
Epoch 002/50 | train_loss=0.000347 val_loss=0.000285 | train_profit=0.341522 (+34,152 PHP) val_profit=0.034784 (+3,478 PHP) | train_geo=0.251515 (+25,152 PHP) val_geo=0.013244 (+1,324 PHP)
Epoch 003/50 | train_loss=0.000221 val_loss=0.000114 | train_profit=0.430004 (+43,000 PHP) val_profit=0.034784 (+3,478 PHP) | train_geo=0.367309 (+36,731 PHP) val_geo=0.013244 (+1,324 PHP)
Epoch 004/50 | train_loss=0.000192 val_loss=0.000605 | train_profit=0.259061 (+25,906 PHP) val_profit=0.034784 (+3,478 PHP) | train_geo=0.151737 (+15,174 PHP) val_geo=0.013244 (+1,324 PHP)
Epoch 005/50 | train_loss=0.000226 val_loss=0.000192 | train_profit=0.277187 (+27,719 PHP) val_profit=0.034784 (+3,478 PHP) | train_geo=0.173381 (+17,338 PHP) val_geo=0.013244 (+1,324 PHP)
Epoch 006/50 | train_loss=0.000056 val_loss=0.000138 | train_profit=0.305054 (+30,505 PHP) val_profit=0.034784 (+3,478 PHP) | train_geo=0.206338 (+20,634 PHP) val_geo=0.013244 (+1,324 PHP)
Epoch 007/50 | train_loss=0.000136 val_loss=0.000281 | train_profit=0.365638 (+36,564 PHP) val_profit=0.034784 (+3,478 PHP) | train_geo=0.281885 (+28,189 PHP) val_geo=0.013244 (+1,324 PHP)
Epoch 008/50 | train_loss=0.000110 val_loss=0.000217 | train_profit=0.111957 (+11,196 PHP) val_profit=0.034784 (+3,478 PHP) | train_geo=-0.005565 (-556 PHP) val_geo=0.013244 (+1,324 PHP)
Epoch 009/50 | train_loss=0.000059 val_loss=0.000097 | train_profit=0.425435 (+42,544 PHP) val_profit=0.034784 (+3,478 PHP) | train_geo=0.361042 (+36,104 PHP) val_geo=0.013244 (+1,324 PHP)
Epoch 010/50 | train_loss=0.000039 val_loss=0.000091 | train_profit=0.424286 (+42,429 PHP) val_profit=0.034784 (+3,478 PHP) | train_geo=0.359503 (+35,950 PHP) val_geo=0.013244 (+1,324 PHP)
Epoch 011/50 | train_loss=0.000111 val_loss=0.000279 | train_profit=0.185278 (+18,528 PHP) val_profit=0.034784 (+3,478 PHP) | train_geo=0.069924 (+6,992 PHP) val_geo=0.013244 (+1,324 PHP)
Epoch 012/50 | train_loss=0.000105 val_loss=0.000177 | train_profit=0.406983 (+40,698 PHP) val_profit=0.034784 (+3,478 PHP) | train_geo=0.336007 (+33,601 PHP) val_geo=0.013244 (+1,324 PHP)
Epoch 013/50 | train_loss=0.000022 val_loss=0.000140 | train_profit=0.516306 (+51,631 PHP) val_profit=0.034784 (+3,478 PHP) | train_geo=0.490706 (+49,071 PHP) val_geo=0.013244 (+1,324 PHP)
Epoch 014/50 | train_loss=0.000047 val_loss=0.000214 | train_profit=0.298158 (+29,816 PHP) val_profit=0.034784 (+3,478 PHP) | train_geo=0.197907 (+19,791 PHP) val_geo=0.013244 (+1,324 PHP)
Epoch 015/50 | train_loss=0.000024 val_loss=0.000179 | train_profit=0.452393 (+45,239 PHP) val_profit=0.034784 (+3,478 PHP) | train_geo=0.398122 (+39,812 PHP) val_geo=0.013244 (+1,324 PHP)
Epoch 016/50 | train_loss=-0.000042 val_loss=0.000148 | train_profit=0.565980 (+56,598 PHP) val_profit=0.034784 (+3,478 PHP) | train_geo=0.566675 (+56,668 PHP) val_geo=0.013244 (+1,324 PHP)
Epoch 017/50 | train_loss=-0.000009 val_loss=0.000201 | train_profit=0.662810 (+66,281 PHP) val_profit=0.034784 (+3,478 PHP) | train_geo=0.725690 (+72,569 PHP) val_geo=0.013244 (+1,324 PHP)
Epoch 018/50 | train_loss=-0.000070 val_loss=0.000127 | train_profit=0.619388 (+61,939 PHP) val_profit=0.034784 (+3,478 PHP) | train_geo=0.651784 (+65,178 PHP) val_geo=0.013244 (+1,324 PHP)
Epoch 019/50 | train_loss=-0.000025 val_loss=0.000178 | train_profit=0.699854 (+69,985 PHP) val_profit=0.034784 (+3,478 PHP) | train_geo=0.791044 (+79,104 PHP) val_geo=0.013244 (+1,324 PHP)
Epoch 020/50 | train_loss=-0.000056 val_loss=0.000171 | train_profit=0.503241 (+50,324 PHP) val_profit=0.034784 (+3,478 PHP) | train_geo=0.470786 (+47,079 PHP) val_geo=0.013244 (+1,324 PHP)
Epoch 021/50 | train_loss=-0.000031 val_loss=0.000132 | train_profit=0.470524 (+47,052 PHP) val_profit=0.034784 (+3,478 PHP) | train_geo=0.423832 (+42,383 PHP) val_geo=0.013244 (+1,324 PHP)
Epoch 022/50 | train_loss=-0.000036 val_loss=0.000153 | train_profit=0.520737 (+52,074 PHP) val_profit=0.034784 (+3,478 PHP) | train_geo=0.496771 (+49,677 PHP) val_geo=0.013244 (+1,324 PHP)
Epoch 023/50 | train_loss=-0.000119 val_loss=0.000103 | train_profit=0.729757 (+72,976 PHP) val_profit=0.034784 (+3,478 PHP) | train_geo=0.845589 (+84,559 PHP) val_geo=0.013244 (+1,324 PHP)
Epoch 024/50 | train_loss=-0.000099 val_loss=0.000282 | train_profit=0.542930 (+54,293 PHP) val_profit=-0.008135 (-813 PHP) | train_geo=0.530233 (+53,023 PHP) val_geo=-0.029354 (-2,935 PHP)
Epoch 025/50 | train_loss=0.000172 val_loss=0.000181 | train_profit=0.085670 (+8,567 PHP) val_profit=0.067583 (+6,758 PHP) | train_geo=-0.031304 (-3,130 PHP) val_geo=0.047031 (+4,703 PHP)
Epoch 026/50 | train_loss=-0.000154 val_loss=0.000023 | train_profit=0.693370 (+69,337 PHP) val_profit=0.034784 (+3,478 PHP) | train_geo=0.778900 (+77,890 PHP) val_geo=0.013244 (+1,324 PHP)
Epoch 027/50 | train_loss=-0.000060 val_loss=0.000130 | train_profit=0.636101 (+63,610 PHP) val_profit=0.034784 (+3,478 PHP) | train_geo=0.680340 (+68,034 PHP) val_geo=0.013244 (+1,324 PHP)
Epoch 028/50 | train_loss=-0.000107 val_loss=0.000181 | train_profit=0.539600 (+53,960 PHP) val_profit=0.047941 (+4,794 PHP) | train_geo=0.525144 (+52,514 PHP) val_geo=0.026684 (+2,668 PHP)
Epoch 029/50 | train_loss=-0.000059 val_loss=0.000132 | train_profit=0.611742 (+61,174 PHP) val_profit=0.034784 (+3,478 PHP) | train_geo=0.639501 (+63,950 PHP) val_geo=0.013244 (+1,324 PHP)
Epoch 030/50 | train_loss=-0.000018 val_loss=0.000116 | train_profit=0.524530 (+52,453 PHP) val_profit=0.034784 (+3,478 PHP) | train_geo=0.502889 (+50,289 PHP) val_geo=0.013244 (+1,324 PHP)
Epoch 031/50 | train_loss=-0.000051 val_loss=0.000166 | train_profit=0.692764 (+69,276 PHP) val_profit=0.059331 (+5,933 PHP) | train_geo=0.778620 (+77,862 PHP) val_geo=0.038462 (+3,846 PHP)
Epoch 032/50 | train_loss=-0.000130 val_loss=0.000088 | train_profit=0.689835 (+68,983 PHP) val_profit=0.034784 (+3,478 PHP) | train_geo=0.773358 (+77,336 PHP) val_geo=0.013244 (+1,324 PHP)
Epoch 033/50 | train_loss=-0.000125 val_loss=0.000195 | train_profit=0.651379 (+65,138 PHP) val_profit=0.040079 (+4,008 PHP) | train_geo=0.706446 (+70,645 PHP) val_geo=0.018636 (+1,864 PHP)
Epoch 034/50 | train_loss=-0.000109 val_loss=0.000129 | train_profit=0.771208 (+77,121 PHP) val_profit=0.034784 (+3,478 PHP) | train_geo=0.924015 (+92,402 PHP) val_geo=0.013244 (+1,324 PHP)
Epoch 035/50 | train_loss=-0.000213 val_loss=0.000090 | train_profit=0.791523 (+79,152 PHP) val_profit=0.034784 (+3,478 PHP) | train_geo=0.963080 (+96,308 PHP) val_geo=0.013244 (+1,324 PHP)
Epoch 036/50 | train_loss=-0.000065 val_loss=0.000115 | train_profit=0.497827 (+49,783 PHP) val_profit=0.034784 (+3,478 PHP) | train_geo=0.463239 (+46,324 PHP) val_geo=0.013244 (+1,324 PHP)
Epoch 037/50 | train_loss=-0.000063 val_loss=0.000163 | train_profit=0.655396 (+65,540 PHP) val_profit=0.034784 (+3,478 PHP) | train_geo=0.713133 (+71,313 PHP) val_geo=0.013244 (+1,324 PHP)
Epoch 038/50 | train_loss=-0.000152 val_loss=0.000082 | train_profit=0.699923 (+69,992 PHP) val_profit=0.034784 (+3,478 PHP) | train_geo=0.790904 (+79,090 PHP) val_geo=0.013244 (+1,324 PHP)
Epoch 039/50 | train_loss=-0.000103 val_loss=0.000227 | train_profit=0.563368 (+56,337 PHP) val_profit=-0.010475 (-1,048 PHP) | train_geo=0.562062 (+56,206 PHP) val_geo=-0.031580 (-3,158 PHP)
Epoch 040/50 | train_loss=-0.000115 val_loss=0.000154 | train_profit=0.673532 (+67,353 PHP) val_profit=0.037432 (+3,743 PHP) | train_geo=0.745046 (+74,505 PHP) val_geo=0.015950 (+1,595 PHP)
Epoch 041/50 | train_loss=-0.000176 val_loss=0.000144 | train_profit=0.869725 (+86,973 PHP) val_profit=0.034784 (+3,478 PHP) | train_geo=1.122603 (+112,260 PHP) val_geo=0.013244 (+1,324 PHP)
Epoch 042/50 | train_loss=-0.000037 val_loss=0.000163 | train_profit=0.577077 (+57,708 PHP) val_profit=0.034784 (+3,478 PHP) | train_geo=0.583704 (+58,370 PHP) val_geo=0.013244 (+1,324 PHP)
Epoch 043/50 | train_loss=-0.000070 val_loss=0.000163 | train_profit=0.555077 (+55,508 PHP) val_profit=0.034784 (+3,478 PHP) | train_geo=0.548651 (+54,865 PHP) val_geo=0.013244 (+1,324 PHP)
Epoch 044/50 | train_loss=-0.000094 val_loss=0.000167 | train_profit=0.544829 (+54,483 PHP) val_profit=0.034784 (+3,478 PHP) | train_geo=0.533124 (+53,312 PHP) val_geo=0.013244 (+1,324 PHP)
Epoch 045/50 | train_loss=-0.000083 val_loss=0.000168 | train_profit=0.544600 (+54,460 PHP) val_profit=0.034784 (+3,478 PHP) | train_geo=0.532853 (+53,285 PHP) val_geo=0.013244 (+1,324 PHP)
Epoch 046/50 | train_loss=-0.000127 val_loss=0.000142 | train_profit=0.564762 (+56,476 PHP) val_profit=0.034784 (+3,478 PHP) | train_geo=0.564092 (+56,409 PHP) val_geo=0.013244 (+1,324 PHP)
Epoch 047/50 | train_loss=-0.000132 val_loss=0.000150 | train_profit=0.649096 (+64,910 PHP) val_profit=0.034784 (+3,478 PHP) | train_geo=0.702085 (+70,208 PHP) val_geo=0.013244 (+1,324 PHP)
Epoch 048/50 | train_loss=-0.000093 val_loss=0.000135 | train_profit=0.772404 (+77,240 PHP) val_profit=0.034784 (+3,478 PHP) | train_geo=0.926098 (+92,610 PHP) val_geo=0.013244 (+1,324 PHP)
Epoch 049/50 | train_loss=-0.000151 val_loss=0.000104 | train_profit=0.594289 (+59,429 PHP) val_profit=0.034784 (+3,478 PHP) | train_geo=0.610956 (+61,096 PHP) val_geo=0.013244 (+1,324 PHP)
Epoch 050/50 | train_loss=-0.000112 val_loss=0.000140 | train_profit=0.760325 (+76,032 PHP) val_profit=0.034784 (+3,478 PHP) | train_geo=0.902965 (+90,297 PHP) val_geo=0.013244 (+1,324 PHP)
[9/37] JNJ        (mid   ) profit-aware  dir_acc=0.566 cum_ret=+0.6514 geo_ret=+0.8756 sharpe=+2.752 (buy&hold=+0.8735 always_short=-0.4899)
  [4.7s total]
Epoch 001/50 | [MSE] train_loss=0.000634 val_loss=0.000234 | train_profit=-0.084356 (-8,436 PHP) val_profit=0.089554 (+8,955 PHP) | train_geo=-0.328162 (-32,816 PHP) val_geo=0.058992 (+5,899 PHP)
Epoch 002/50 | [MSE] train_loss=0.000451 val_loss=0.000200 | train_profit=-0.164018 (-16,402 PHP) val_profit=0.295163 (+29,516 PHP) | train_geo=-0.380911 (-38,091 PHP) val_geo=0.301018 (+30,102 PHP)
Epoch 003/50 | [MSE] train_loss=0.000449 val_loss=0.000209 | train_profit=-1.407667 (-140,767 PHP) val_profit=0.192660 (+19,266 PHP) | train_geo=-0.822358 (-82,236 PHP) val_geo=0.173938 (+17,394 PHP)
Epoch 004/50 | [MSE] train_loss=0.000438 val_loss=0.000204 | train_profit=-0.716911 (-71,691 PHP) val_profit=0.247622 (+24,762 PHP) | train_geo=-0.644013 (-64,401 PHP) val_geo=0.240129 (+24,013 PHP)
Epoch 005/50 | [MSE] train_loss=0.000430 val_loss=0.000202 | train_profit=0.724622 (+72,462 PHP) val_profit=0.175050 (+17,505 PHP) | train_geo=0.509546 (+50,955 PHP) val_geo=0.153448 (+15,345 PHP)
Epoch 006/50 | [MSE] train_loss=0.000434 val_loss=0.000206 | train_profit=-0.257512 (-25,751 PHP) val_profit=0.089554 (+8,955 PHP) | train_geo=-0.437296 (-43,730 PHP) val_geo=0.058992 (+5,899 PHP)
Epoch 007/50 | [MSE] train_loss=0.000427 val_loss=0.000207 | train_profit=-0.090674 (-9,067 PHP) val_profit=0.089554 (+8,955 PHP) | train_geo=-0.334531 (-33,453 PHP) val_geo=0.058992 (+5,899 PHP)
Epoch 008/50 | [MSE] train_loss=0.000420 val_loss=0.000204 | train_profit=0.728200 (+72,820 PHP) val_profit=0.089554 (+8,955 PHP) | train_geo=0.514573 (+51,457 PHP) val_geo=0.058992 (+5,899 PHP)
Epoch 009/50 | [MSE] train_loss=0.000426 val_loss=0.000207 | train_profit=-0.512262 (-51,226 PHP) val_profit=0.089554 (+8,955 PHP) | train_geo=-0.563643 (-56,364 PHP) val_geo=0.058992 (+5,899 PHP)
Epoch 010/50 | [MSE] train_loss=0.000428 val_loss=0.000204 | train_profit=-0.611576 (-61,158 PHP) val_profit=0.049292 (+4,929 PHP) | train_geo=-0.605724 (-60,572 PHP) val_geo=0.017149 (+1,715 PHP)
Epoch 011/50 | [MSE] train_loss=0.000423 val_loss=0.000207 | train_profit=0.829873 (+82,987 PHP) val_profit=0.089554 (+8,955 PHP) | train_geo=0.673112 (+67,311 PHP) val_geo=0.058992 (+5,899 PHP)
Epoch 012/50 | [MSE] train_loss=0.000425 val_loss=0.000204 | train_profit=0.442859 (+44,286 PHP) val_profit=0.049292 (+4,929 PHP) | train_geo=0.135401 (+13,540 PHP) val_geo=0.017149 (+1,715 PHP)
Epoch 013/50 | [MSE] train_loss=0.000423 val_loss=0.000206 | train_profit=1.099141 (+109,914 PHP) val_profit=0.089554 (+8,955 PHP) | train_geo=1.192312 (+119,231 PHP) val_geo=0.058992 (+5,899 PHP)
Epoch 014/50 | [MSE] train_loss=0.000425 val_loss=0.000207 | train_profit=0.712641 (+71,264 PHP) val_profit=0.089554 (+8,955 PHP) | train_geo=0.488101 (+48,810 PHP) val_geo=0.058992 (+5,899 PHP)
Epoch 015/50 | [MSE] train_loss=0.000424 val_loss=0.000204 | train_profit=0.755929 (+75,593 PHP) val_profit=0.049292 (+4,929 PHP) | train_geo=0.552795 (+55,280 PHP) val_geo=0.017149 (+1,715 PHP)
Epoch 016/50 | [MSE] train_loss=0.000428 val_loss=0.000205 | train_profit=0.859118 (+85,912 PHP) val_profit=0.089554 (+8,955 PHP) | train_geo=0.723007 (+72,301 PHP) val_geo=0.058992 (+5,899 PHP)
Epoch 017/50 | [MSE] train_loss=0.000428 val_loss=0.000205 | train_profit=0.694218 (+69,422 PHP) val_profit=-0.003079 (-308 PHP) | train_geo=0.461270 (+46,127 PHP) val_geo=-0.034765 (-3,477 PHP)
Epoch 018/50 | [MSE] train_loss=0.000428 val_loss=0.000204 | train_profit=0.558358 (+55,836 PHP) val_profit=-0.096166 (-9,617 PHP) | train_geo=0.275210 (+27,521 PHP) val_geo=-0.120607 (-12,061 PHP)
Epoch 019/50 | [MSE] train_loss=0.000430 val_loss=0.000203 | train_profit=0.629838 (+62,984 PHP) val_profit=-0.437043 (-43,704 PHP) | train_geo=0.369722 (+36,972 PHP) val_geo=-0.374586 (-37,459 PHP)
Epoch 020/50 | [MSE] train_loss=0.000429 val_loss=0.000203 | train_profit=0.905883 (+90,588 PHP) val_profit=-0.212785 (-21,279 PHP) | train_geo=0.806206 (+80,621 PHP) val_geo=-0.217124 (-21,712 PHP)
Epoch 021/50 | [MSE] train_loss=0.000433 val_loss=0.000206 | train_profit=0.539712 (+53,971 PHP) val_profit=-0.114492 (-11,449 PHP) | train_geo=0.252373 (+25,237 PHP) val_geo=-0.136123 (-13,612 PHP)
Epoch 022/50 | [MSE] train_loss=0.000434 val_loss=0.000210 | train_profit=0.527038 (+52,704 PHP) val_profit=-0.091554 (-9,155 PHP) | train_geo=0.236842 (+23,684 PHP) val_geo=-0.116108 (-11,611 PHP)
Epoch 023/50 | [MSE] train_loss=0.000437 val_loss=0.000218 | train_profit=0.127807 (+12,781 PHP) val_profit=-0.091554 (-9,155 PHP) | train_geo=-0.171515 (-17,152 PHP) val_geo=-0.116108 (-11,611 PHP)
Epoch 024/50 | [MSE] train_loss=0.000437 val_loss=0.000226 | train_profit=-0.332564 (-33,256 PHP) val_profit=-0.091554 (-9,155 PHP) | train_geo=-0.477198 (-47,720 PHP) val_geo=-0.116108 (-11,611 PHP)
Epoch 025/50 | [MSE] train_loss=0.000435 val_loss=0.000228 | train_profit=-0.733814 (-73,381 PHP) val_profit=-0.091554 (-9,155 PHP) | train_geo=-0.649658 (-64,966 PHP) val_geo=-0.116108 (-11,611 PHP)
Epoch 026/50 | [MSE] train_loss=0.000432 val_loss=0.000230 | train_profit=-0.463190 (-46,319 PHP) val_profit=-0.091554 (-9,155 PHP) | train_geo=-0.540697 (-54,070 PHP) val_geo=-0.116108 (-11,611 PHP)
Epoch 027/50 | [MSE] train_loss=0.000429 val_loss=0.000224 | train_profit=-0.789378 (-78,938 PHP) val_profit=-0.091554 (-9,155 PHP) | train_geo=-0.669047 (-66,905 PHP) val_geo=-0.116108 (-11,611 PHP)
Epoch 028/50 | [MSE] train_loss=0.000427 val_loss=0.000223 | train_profit=-0.215881 (-21,588 PHP) val_profit=-0.091554 (-9,155 PHP) | train_geo=-0.412139 (-41,214 PHP) val_geo=-0.116108 (-11,611 PHP)
Epoch 029/50 | [MSE] train_loss=0.000427 val_loss=0.000223 | train_profit=-0.232775 (-23,278 PHP) val_profit=-0.091554 (-9,155 PHP) | train_geo=-0.422345 (-42,234 PHP) val_geo=-0.116108 (-11,611 PHP)
Epoch 030/50 | [MSE] train_loss=0.000427 val_loss=0.000223 | train_profit=-0.790725 (-79,072 PHP) val_profit=-0.091554 (-9,155 PHP) | train_geo=-0.669779 (-66,978 PHP) val_geo=-0.116108 (-11,611 PHP)
Epoch 031/50 | [MSE] train_loss=0.000425 val_loss=0.000223 | train_profit=-0.015930 (-1,593 PHP) val_profit=-0.091554 (-9,155 PHP) | train_geo=-0.282369 (-28,237 PHP) val_geo=-0.116108 (-11,611 PHP)
Epoch 032/50 | [MSE] train_loss=0.000425 val_loss=0.000219 | train_profit=-0.200684 (-20,068 PHP) val_profit=-0.091554 (-9,155 PHP) | train_geo=-0.402683 (-40,268 PHP) val_geo=-0.116108 (-11,611 PHP)
Epoch 033/50 | [MSE] train_loss=0.000425 val_loss=0.000219 | train_profit=-0.691395 (-69,140 PHP) val_profit=-0.091554 (-9,155 PHP) | train_geo=-0.634860 (-63,486 PHP) val_geo=-0.116108 (-11,611 PHP)
Epoch 034/50 | [MSE] train_loss=0.000424 val_loss=0.000218 | train_profit=-0.174997 (-17,500 PHP) val_profit=-0.091554 (-9,155 PHP) | train_geo=-0.387439 (-38,744 PHP) val_geo=-0.116108 (-11,611 PHP)
Epoch 035/50 | [MSE] train_loss=0.000423 val_loss=0.000219 | train_profit=-0.365053 (-36,505 PHP) val_profit=-0.091554 (-9,155 PHP) | train_geo=-0.493746 (-49,375 PHP) val_geo=-0.116108 (-11,611 PHP)
Epoch 036/50 | [MSE] train_loss=0.000425 val_loss=0.000218 | train_profit=-0.994817 (-99,482 PHP) val_profit=-0.091554 (-9,155 PHP) | train_geo=-0.730814 (-73,081 PHP) val_geo=-0.116108 (-11,611 PHP)
Epoch 037/50 | [MSE] train_loss=0.000422 val_loss=0.000217 | train_profit=-0.106677 (-10,668 PHP) val_profit=-0.091554 (-9,155 PHP) | train_geo=-0.344200 (-34,420 PHP) val_geo=-0.116108 (-11,611 PHP)
Epoch 038/50 | [MSE] train_loss=0.000423 val_loss=0.000218 | train_profit=0.092436 (+9,244 PHP) val_profit=-0.091554 (-9,155 PHP) | train_geo=-0.198751 (-19,875 PHP) val_geo=-0.116108 (-11,611 PHP)
Epoch 039/50 | [MSE] train_loss=0.000423 val_loss=0.000217 | train_profit=-0.833589 (-83,359 PHP) val_profit=-0.091554 (-9,155 PHP) | train_geo=-0.683388 (-68,339 PHP) val_geo=-0.116108 (-11,611 PHP)
Epoch 040/50 | [MSE] train_loss=0.000423 val_loss=0.000217 | train_profit=-0.659660 (-65,966 PHP) val_profit=-0.091554 (-9,155 PHP) | train_geo=-0.623285 (-62,329 PHP) val_geo=-0.116108 (-11,611 PHP)
Epoch 041/50 | [MSE] train_loss=0.000423 val_loss=0.000216 | train_profit=-0.514078 (-51,408 PHP) val_profit=-0.091554 (-9,155 PHP) | train_geo=-0.564073 (-56,407 PHP) val_geo=-0.116108 (-11,611 PHP)
Epoch 042/50 | [MSE] train_loss=0.000421 val_loss=0.000215 | train_profit=-0.412569 (-41,257 PHP) val_profit=-0.091554 (-9,155 PHP) | train_geo=-0.516972 (-51,697 PHP) val_geo=-0.116108 (-11,611 PHP)
Epoch 043/50 | [MSE] train_loss=0.000423 val_loss=0.000216 | train_profit=-0.266147 (-26,615 PHP) val_profit=-0.091554 (-9,155 PHP) | train_geo=-0.440490 (-44,049 PHP) val_geo=-0.116108 (-11,611 PHP)
Epoch 044/50 | [MSE] train_loss=0.000421 val_loss=0.000215 | train_profit=-0.497607 (-49,761 PHP) val_profit=-0.091554 (-9,155 PHP) | train_geo=-0.556287 (-55,629 PHP) val_geo=-0.116108 (-11,611 PHP)
Epoch 045/50 | [MSE] train_loss=0.000422 val_loss=0.000215 | train_profit=-0.717504 (-71,750 PHP) val_profit=-0.091554 (-9,155 PHP) | train_geo=-0.644385 (-64,439 PHP) val_geo=-0.116108 (-11,611 PHP)
Epoch 046/50 | [MSE] train_loss=0.000422 val_loss=0.000215 | train_profit=-0.817352 (-81,735 PHP) val_profit=-0.091554 (-9,155 PHP) | train_geo=-0.678287 (-67,829 PHP) val_geo=-0.116108 (-11,611 PHP)
Epoch 047/50 | [MSE] train_loss=0.000422 val_loss=0.000215 | train_profit=-0.895033 (-89,503 PHP) val_profit=-0.091554 (-9,155 PHP) | train_geo=-0.702312 (-70,231 PHP) val_geo=-0.116108 (-11,611 PHP)
Epoch 048/50 | [MSE] train_loss=0.000421 val_loss=0.000214 | train_profit=-0.998968 (-99,897 PHP) val_profit=-0.091554 (-9,155 PHP) | train_geo=-0.731772 (-73,177 PHP) val_geo=-0.116108 (-11,611 PHP)
Epoch 049/50 | [MSE] train_loss=0.000420 val_loss=0.000214 | train_profit=-0.389586 (-38,959 PHP) val_profit=-0.091554 (-9,155 PHP) | train_geo=-0.506289 (-50,629 PHP) val_geo=-0.116108 (-11,611 PHP)
Epoch 050/50 | [MSE] train_loss=0.000421 val_loss=0.000214 | train_profit=-0.837421 (-83,742 PHP) val_profit=-0.091554 (-9,155 PHP) | train_geo=-0.684543 (-68,454 PHP) val_geo=-0.116108 (-11,611 PHP)
[10/37] XOM        (mid   ) mse           dir_acc=0.434 cum_ret=-0.5440 geo_ret=-0.4418 sharpe=-1.739 (buy&hold=+0.6556 always_short=-0.4412) [DEGENERATE: constant signal]
  [4.4s total]
Epoch 001/50 | train_loss=0.002420 val_loss=0.001221 | train_profit=-1.939352 (-193,935 PHP) val_profit=-0.381179 (-38,118 PHP) | train_geo=-0.895307 (-89,531 PHP) val_geo=-0.338642 (-33,864 PHP)
Epoch 002/50 | train_loss=0.001046 val_loss=0.001824 | train_profit=-0.271189 (-27,119 PHP) val_profit=-0.410509 (-41,051 PHP) | train_geo=-0.442228 (-44,223 PHP) val_geo=-0.357668 (-35,767 PHP)
Epoch 003/50 | train_loss=0.000826 val_loss=0.001296 | train_profit=-0.309081 (-30,908 PHP) val_profit=-0.333327 (-33,333 PHP) | train_geo=-0.463289 (-46,329 PHP) val_geo=-0.306155 (-30,615 PHP)
Epoch 004/50 | train_loss=0.000098 val_loss=0.000571 | train_profit=0.549456 (+54,946 PHP) val_profit=0.033237 (+3,324 PHP) | train_geo=0.266654 (+26,665 PHP) val_geo=0.001011 (+101 PHP)
Epoch 005/50 | train_loss=0.000884 val_loss=0.001449 | train_profit=-0.745455 (-74,545 PHP) val_profit=-0.352757 (-35,276 PHP) | train_geo=-0.653408 (-65,341 PHP) val_geo=-0.319457 (-31,946 PHP)
Epoch 006/50 | train_loss=0.000589 val_loss=0.001403 | train_profit=-0.066027 (-6,603 PHP) val_profit=-0.526738 (-52,674 PHP) | train_geo=-0.315719 (-31,572 PHP) val_geo=-0.428262 (-42,826 PHP)
Epoch 007/50 | train_loss=0.000027 val_loss=0.000689 | train_profit=0.721140 (+72,114 PHP) val_profit=-0.062102 (-6,210 PHP) | train_geo=0.504114 (+50,411 PHP) val_geo=-0.090073 (-9,007 PHP)
Epoch 008/50 | train_loss=0.000420 val_loss=0.001150 | train_profit=0.267715 (+26,772 PHP) val_profit=-0.199251 (-19,925 PHP) | train_geo=-0.042995 (-4,300 PHP) val_geo=-0.206566 (-20,657 PHP)
Epoch 009/50 | train_loss=0.000473 val_loss=0.001396 | train_profit=0.149505 (+14,951 PHP) val_profit=-0.296820 (-29,682 PHP) | train_geo=-0.149861 (-14,986 PHP) val_geo=-0.280340 (-28,034 PHP)
Epoch 010/50 | train_loss=0.000146 val_loss=0.001225 | train_profit=0.681680 (+68,168 PHP) val_profit=-0.378520 (-37,852 PHP) | train_geo=0.446727 (+44,673 PHP) val_geo=-0.336785 (-33,679 PHP)
Epoch 011/50 | train_loss=0.000177 val_loss=0.001129 | train_profit=0.317228 (+31,723 PHP) val_profit=-0.397913 (-39,791 PHP) | train_geo=0.004312 (+431 PHP) val_geo=-0.349543 (-34,954 PHP)
Epoch 012/50 | train_loss=0.000228 val_loss=0.001167 | train_profit=0.659793 (+65,979 PHP) val_profit=-0.391333 (-39,133 PHP) | train_geo=0.415414 (+41,541 PHP) val_geo=-0.345200 (-34,520 PHP)
Epoch 013/50 | train_loss=0.000072 val_loss=0.000956 | train_profit=0.210986 (+21,099 PHP) val_profit=-0.228688 (-22,869 PHP) | train_geo=-0.096751 (-9,675 PHP) val_geo=-0.229674 (-22,967 PHP)
Epoch 014/50 | train_loss=0.000329 val_loss=0.001180 | train_profit=0.941755 (+94,176 PHP) val_profit=-0.400747 (-40,075 PHP) | train_geo=0.878982 (+87,898 PHP) val_geo=-0.351344 (-35,134 PHP)
Epoch 015/50 | train_loss=0.000081 val_loss=0.001023 | train_profit=0.107180 (+10,718 PHP) val_profit=-0.195785 (-19,578 PHP) | train_geo=-0.185782 (-18,578 PHP) val_geo=-0.203776 (-20,378 PHP)
Epoch 016/50 | train_loss=0.000320 val_loss=0.001125 | train_profit=-0.133358 (-13,336 PHP) val_profit=-0.335161 (-33,516 PHP) | train_geo=-0.360156 (-36,016 PHP) val_geo=-0.307395 (-30,739 PHP)
Epoch 017/50 | train_loss=0.000189 val_loss=0.001140 | train_profit=0.349759 (+34,976 PHP) val_profit=-0.382324 (-38,232 PHP) | train_geo=0.037881 (+3,788 PHP) val_geo=-0.339352 (-33,935 PHP)
Epoch 018/50 | train_loss=0.000097 val_loss=0.001053 | train_profit=0.476197 (+47,620 PHP) val_profit=-0.380527 (-38,053 PHP) | train_geo=0.177328 (+17,733 PHP) val_geo=-0.338108 (-33,811 PHP)
Epoch 019/50 | train_loss=0.000191 val_loss=0.001079 | train_profit=0.295909 (+29,591 PHP) val_profit=-0.189561 (-18,956 PHP) | train_geo=-0.017032 (-1,703 PHP) val_geo=-0.198790 (-19,879 PHP)
Epoch 020/50 | train_loss=0.000137 val_loss=0.001083 | train_profit=0.660979 (+66,098 PHP) val_profit=-0.374014 (-37,401 PHP) | train_geo=0.419007 (+41,901 PHP) val_geo=-0.333748 (-33,375 PHP)
Epoch 021/50 | train_loss=0.000098 val_loss=0.001022 | train_profit=0.161717 (+16,172 PHP) val_profit=-0.162263 (-16,226 PHP) | train_geo=-0.140355 (-14,035 PHP) val_geo=-0.176590 (-17,659 PHP)
Epoch 022/50 | train_loss=0.000191 val_loss=0.001041 | train_profit=0.301787 (+30,179 PHP) val_profit=-0.437867 (-43,787 PHP) | train_geo=-0.011579 (-1,158 PHP) val_geo=-0.375036 (-37,504 PHP)
Epoch 023/50 | train_loss=0.000092 val_loss=0.001025 | train_profit=0.417731 (+41,773 PHP) val_profit=-0.319974 (-31,997 PHP) | train_geo=0.110967 (+11,097 PHP) val_geo=-0.296774 (-29,677 PHP)
Epoch 024/50 | train_loss=0.000153 val_loss=0.001154 | train_profit=0.620282 (+62,028 PHP) val_profit=-0.396421 (-39,642 PHP) | train_geo=0.361831 (+36,183 PHP) val_geo=-0.348588 (-34,859 PHP)
Epoch 025/50 | train_loss=0.000063 val_loss=0.001027 | train_profit=0.484921 (+48,492 PHP) val_profit=-0.193611 (-19,361 PHP) | train_geo=0.187865 (+18,786 PHP) val_geo=-0.202020 (-20,202 PHP)
Epoch 026/50 | train_loss=0.000173 val_loss=0.001137 | train_profit=0.564972 (+56,497 PHP) val_profit=-0.423256 (-42,326 PHP) | train_geo=0.288531 (+28,853 PHP) val_geo=-0.365828 (-36,583 PHP)
Epoch 027/50 | train_loss=0.000004 val_loss=0.001012 | train_profit=0.554319 (+55,432 PHP) val_profit=-0.215893 (-21,589 PHP) | train_geo=0.275184 (+27,518 PHP) val_geo=-0.219656 (-21,966 PHP)
Epoch 028/50 | train_loss=0.000179 val_loss=0.001104 | train_profit=0.299960 (+29,996 PHP) val_profit=-0.390142 (-39,014 PHP) | train_geo=-0.012782 (-1,278 PHP) val_geo=-0.344458 (-34,446 PHP)
Epoch 029/50 | train_loss=0.000137 val_loss=0.001157 | train_profit=0.210077 (+21,008 PHP) val_profit=-0.376072 (-37,607 PHP) | train_geo=-0.097823 (-9,782 PHP) val_geo=-0.335283 (-33,528 PHP)
Epoch 030/50 | train_loss=-0.000047 val_loss=0.000966 | train_profit=0.632990 (+63,299 PHP) val_profit=-0.201742 (-20,174 PHP) | train_geo=0.377571 (+37,757 PHP) val_geo=-0.208585 (-20,858 PHP)
Epoch 031/50 | train_loss=0.000102 val_loss=0.001194 | train_profit=1.201483 (+120,148 PHP) val_profit=-0.417953 (-41,795 PHP) | train_geo=1.436489 (+143,649 PHP) val_geo=-0.362425 (-36,242 PHP)
Epoch 032/50 | train_loss=0.000124 val_loss=0.001146 | train_profit=0.339978 (+33,998 PHP) val_profit=-0.464962 (-46,496 PHP) | train_geo=0.028479 (+2,848 PHP) val_geo=-0.391843 (-39,184 PHP)
Epoch 033/50 | train_loss=0.000033 val_loss=0.001076 | train_profit=0.660839 (+66,084 PHP) val_profit=-0.350324 (-35,032 PHP) | train_geo=0.418408 (+41,841 PHP) val_geo=-0.317748 (-31,775 PHP)
Epoch 034/50 | train_loss=0.000140 val_loss=0.001188 | train_profit=0.492786 (+49,279 PHP) val_profit=-0.429091 (-42,909 PHP) | train_geo=0.197175 (+19,718 PHP) val_geo=-0.369524 (-36,952 PHP)
Epoch 035/50 | train_loss=0.000047 val_loss=0.001010 | train_profit=0.231203 (+23,120 PHP) val_profit=-0.388915 (-38,892 PHP) | train_geo=-0.078219 (-7,822 PHP) val_geo=-0.343616 (-34,362 PHP)
Epoch 036/50 | train_loss=0.000180 val_loss=0.001245 | train_profit=0.960075 (+96,008 PHP) val_profit=-0.454991 (-45,499 PHP) | train_geo=0.912949 (+91,295 PHP) val_geo=-0.385719 (-38,572 PHP)
Epoch 037/50 | train_loss=-0.000044 val_loss=0.001065 | train_profit=0.814093 (+81,409 PHP) val_profit=-0.386493 (-38,649 PHP) | train_geo=0.650971 (+65,097 PHP) val_geo=-0.342015 (-34,201 PHP)
Epoch 038/50 | train_loss=0.000093 val_loss=0.001000 | train_profit=0.346917 (+34,692 PHP) val_profit=-0.205315 (-20,532 PHP) | train_geo=0.036247 (+3,625 PHP) val_geo=-0.211332 (-21,133 PHP)
Epoch 039/50 | train_loss=0.000197 val_loss=0.001232 | train_profit=1.008161 (+100,816 PHP) val_profit=-0.244228 (-24,423 PHP) | train_geo=1.008178 (+100,818 PHP) val_geo=-0.241466 (-24,147 PHP)
Epoch 040/50 | train_loss=-0.000031 val_loss=0.001089 | train_profit=0.821014 (+82,101 PHP) val_profit=-0.378002 (-37,800 PHP) | train_geo=0.662717 (+66,272 PHP) val_geo=-0.336394 (-33,639 PHP)
Epoch 041/50 | train_loss=0.000056 val_loss=0.001168 | train_profit=0.740532 (+74,053 PHP) val_profit=-0.454991 (-45,499 PHP) | train_geo=0.536017 (+53,602 PHP) val_geo=-0.385719 (-38,572 PHP)
Epoch 042/50 | train_loss=-0.000055 val_loss=0.001014 | train_profit=0.753185 (+75,319 PHP) val_profit=-0.245141 (-24,514 PHP) | train_geo=0.553650 (+55,365 PHP) val_geo=-0.242137 (-24,214 PHP)
Epoch 043/50 | train_loss=0.000152 val_loss=0.001214 | train_profit=1.048974 (+104,897 PHP) val_profit=-0.438301 (-43,830 PHP) | train_geo=1.091548 (+109,155 PHP) val_geo=-0.375418 (-37,542 PHP)
Epoch 044/50 | train_loss=-0.000112 val_loss=0.000997 | train_profit=0.938625 (+93,862 PHP) val_profit=-0.344690 (-34,469 PHP) | train_geo=0.873375 (+87,337 PHP) val_geo=-0.314018 (-31,402 PHP)
Epoch 045/50 | train_loss=0.000218 val_loss=0.001323 | train_profit=1.101806 (+110,181 PHP) val_profit=-0.480861 (-48,086 PHP) | train_geo=1.204898 (+120,490 PHP) val_geo=-0.401394 (-40,139 PHP)
Epoch 046/50 | train_loss=-0.000058 val_loss=0.001100 | train_profit=1.308393 (+130,839 PHP) val_profit=-0.516384 (-51,638 PHP) | train_geo=1.710966 (+171,097 PHP) val_geo=-0.422317 (-42,232 PHP)
Epoch 047/50 | train_loss=-0.000041 val_loss=0.001004 | train_profit=0.757363 (+75,736 PHP) val_profit=-0.191716 (-19,172 PHP) | train_geo=0.561390 (+56,139 PHP) val_geo=-0.200561 (-20,056 PHP)
Epoch 048/50 | train_loss=0.000145 val_loss=0.001303 | train_profit=1.043315 (+104,332 PHP) val_profit=-0.378728 (-37,873 PHP) | train_geo=1.078516 (+107,852 PHP) val_geo=-0.337015 (-33,701 PHP)
Epoch 049/50 | train_loss=-0.000126 val_loss=0.001026 | train_profit=0.865365 (+86,536 PHP) val_profit=-0.322743 (-32,274 PHP) | train_geo=0.738624 (+73,862 PHP) val_geo=-0.298718 (-29,872 PHP)
Epoch 050/50 | train_loss=0.000153 val_loss=0.001283 | train_profit=0.609215 (+60,922 PHP) val_profit=-0.401713 (-40,171 PHP) | train_geo=0.346827 (+34,683 PHP) val_geo=-0.352082 (-35,208 PHP)
[10/37] XOM        (mid   ) profit-aware  dir_acc=0.472 cum_ret=-0.2169 geo_ret=-0.2256 sharpe=-0.692 (buy&hold=+0.6556 always_short=-0.4412)
  [4.9s total]
Epoch 001/50 | [MSE] train_loss=0.000399 val_loss=0.000265 | train_profit=-0.407427 (-40,743 PHP) val_profit=0.308397 (+30,840 PHP) | train_geo=-0.453007 (-45,301 PHP) val_geo=0.310840 (+31,084 PHP)
Epoch 002/50 | [MSE] train_loss=0.000291 val_loss=0.000262 | train_profit=0.879681 (+87,968 PHP) val_profit=-0.010028 (-1,003 PHP) | train_geo=0.982370 (+98,237 PHP) val_geo=-0.047002 (-4,700 PHP)
Epoch 003/50 | [MSE] train_loss=0.000289 val_loss=0.000250 | train_profit=-0.243703 (-24,370 PHP) val_profit=-0.273697 (-27,370 PHP) | train_geo=-0.356325 (-35,632 PHP) val_geo=-0.268054 (-26,805 PHP)
Epoch 004/50 | [MSE] train_loss=0.000287 val_loss=0.000246 | train_profit=-0.143912 (-14,391 PHP) val_profit=-0.209186 (-20,919 PHP) | train_geo=-0.288842 (-28,884 PHP) val_geo=-0.219259 (-21,926 PHP)
Epoch 005/50 | [MSE] train_loss=0.000268 val_loss=0.000241 | train_profit=0.518420 (+51,842 PHP) val_profit=-0.239178 (-23,918 PHP) | train_geo=0.382006 (+38,201 PHP) val_geo=-0.242180 (-24,218 PHP)
Epoch 006/50 | [MSE] train_loss=0.000269 val_loss=0.000242 | train_profit=0.295921 (+29,592 PHP) val_profit=-0.236051 (-23,605 PHP) | train_geo=0.106382 (+10,638 PHP) val_geo=-0.239925 (-23,992 PHP)
Epoch 007/50 | [MSE] train_loss=0.000271 val_loss=0.000243 | train_profit=0.445729 (+44,573 PHP) val_profit=-0.150804 (-15,080 PHP) | train_geo=0.283876 (+28,388 PHP) val_geo=-0.172174 (-17,217 PHP)
Epoch 008/50 | [MSE] train_loss=0.000267 val_loss=0.000241 | train_profit=0.702378 (+70,238 PHP) val_profit=-0.138345 (-13,834 PHP) | train_geo=0.661051 (+66,105 PHP) val_geo=-0.161674 (-16,167 PHP)
Epoch 009/50 | [MSE] train_loss=0.000270 val_loss=0.000242 | train_profit=0.433107 (+43,311 PHP) val_profit=-0.165050 (-16,505 PHP) | train_geo=0.268834 (+26,883 PHP) val_geo=-0.183786 (-18,379 PHP)
Epoch 010/50 | [MSE] train_loss=0.000270 val_loss=0.000241 | train_profit=0.516348 (+51,635 PHP) val_profit=-0.122555 (-12,256 PHP) | train_geo=0.379180 (+37,918 PHP) val_geo=-0.148559 (-14,856 PHP)
Epoch 011/50 | [MSE] train_loss=0.000274 val_loss=0.000242 | train_profit=0.442113 (+44,211 PHP) val_profit=0.052837 (+5,284 PHP) | train_geo=0.280606 (+28,061 PHP) val_geo=0.014727 (+1,473 PHP)
Epoch 012/50 | [MSE] train_loss=0.000279 val_loss=0.000246 | train_profit=-0.191470 (-19,147 PHP) val_profit=0.038722 (+3,872 PHP) | train_geo=-0.321301 (-32,130 PHP) val_geo=0.000577 (+58 PHP)
Epoch 013/50 | [MSE] train_loss=0.000277 val_loss=0.000255 | train_profit=0.081565 (+8,156 PHP) val_profit=0.038722 (+3,872 PHP) | train_geo=-0.107785 (-10,779 PHP) val_geo=0.000577 (+58 PHP)
Epoch 014/50 | [MSE] train_loss=0.000278 val_loss=0.000265 | train_profit=-0.186174 (-18,617 PHP) val_profit=0.038722 (+3,872 PHP) | train_geo=-0.317125 (-31,713 PHP) val_geo=0.000577 (+58 PHP)
Epoch 015/50 | [MSE] train_loss=0.000278 val_loss=0.000275 | train_profit=-0.657237 (-65,724 PHP) val_profit=0.038722 (+3,872 PHP) | train_geo=-0.573691 (-57,369 PHP) val_geo=0.000577 (+58 PHP)
Epoch 016/50 | [MSE] train_loss=0.000278 val_loss=0.000275 | train_profit=-1.362862 (-136,286 PHP) val_profit=0.038722 (+3,872 PHP) | train_geo=-0.789909 (-78,991 PHP) val_geo=0.000577 (+58 PHP)
Epoch 017/50 | [MSE] train_loss=0.000274 val_loss=0.000268 | train_profit=-0.924853 (-92,485 PHP) val_profit=0.038722 (+3,872 PHP) | train_geo=-0.673667 (-67,367 PHP) val_geo=0.000577 (+58 PHP)
Epoch 018/50 | [MSE] train_loss=0.000271 val_loss=0.000268 | train_profit=-0.992055 (-99,205 PHP) val_profit=0.038722 (+3,872 PHP) | train_geo=-0.695159 (-69,516 PHP) val_geo=0.000577 (+58 PHP)
Epoch 019/50 | [MSE] train_loss=0.000270 val_loss=0.000265 | train_profit=-0.794079 (-79,408 PHP) val_profit=0.038722 (+3,872 PHP) | train_geo=-0.628402 (-62,840 PHP) val_geo=0.000577 (+58 PHP)
Epoch 020/50 | [MSE] train_loss=0.000268 val_loss=0.000260 | train_profit=-0.825748 (-82,575 PHP) val_profit=0.038722 (+3,872 PHP) | train_geo=-0.639865 (-63,987 PHP) val_geo=0.000577 (+58 PHP)
Epoch 021/50 | [MSE] train_loss=0.000268 val_loss=0.000263 | train_profit=-0.651814 (-65,181 PHP) val_profit=0.038722 (+3,872 PHP) | train_geo=-0.571673 (-57,167 PHP) val_geo=0.000577 (+58 PHP)
Epoch 022/50 | [MSE] train_loss=0.000269 val_loss=0.000263 | train_profit=-0.620626 (-62,063 PHP) val_profit=0.038722 (+3,872 PHP) | train_geo=-0.557760 (-55,776 PHP) val_geo=0.000577 (+58 PHP)
Epoch 023/50 | [MSE] train_loss=0.000268 val_loss=0.000262 | train_profit=-0.610845 (-61,085 PHP) val_profit=0.038722 (+3,872 PHP) | train_geo=-0.553763 (-55,376 PHP) val_geo=0.000577 (+58 PHP)
Epoch 024/50 | [MSE] train_loss=0.000266 val_loss=0.000261 | train_profit=-0.053269 (-5,327 PHP) val_profit=0.038722 (+3,872 PHP) | train_geo=-0.219292 (-21,929 PHP) val_geo=0.000577 (+58 PHP)
Epoch 025/50 | [MSE] train_loss=0.000267 val_loss=0.000262 | train_profit=-0.062528 (-6,253 PHP) val_profit=0.038722 (+3,872 PHP) | train_geo=-0.226306 (-22,631 PHP) val_geo=0.000577 (+58 PHP)
Epoch 026/50 | [MSE] train_loss=0.000267 val_loss=0.000261 | train_profit=-0.516562 (-51,656 PHP) val_profit=0.038722 (+3,872 PHP) | train_geo=-0.509502 (-50,950 PHP) val_geo=0.000577 (+58 PHP)
Epoch 027/50 | [MSE] train_loss=0.000267 val_loss=0.000260 | train_profit=-0.051314 (-5,131 PHP) val_profit=0.038722 (+3,872 PHP) | train_geo=-0.217935 (-21,794 PHP) val_geo=0.000577 (+58 PHP)
Epoch 028/50 | [MSE] train_loss=0.000266 val_loss=0.000260 | train_profit=-0.276178 (-27,618 PHP) val_profit=0.038722 (+3,872 PHP) | train_geo=-0.375547 (-37,555 PHP) val_geo=0.000577 (+58 PHP)
Epoch 029/50 | [MSE] train_loss=0.000267 val_loss=0.000260 | train_profit=-0.137289 (-13,729 PHP) val_profit=0.038722 (+3,872 PHP) | train_geo=-0.282291 (-28,229 PHP) val_geo=0.000577 (+58 PHP)
Epoch 030/50 | [MSE] train_loss=0.000266 val_loss=0.000260 | train_profit=-0.115539 (-11,554 PHP) val_profit=0.038722 (+3,872 PHP) | train_geo=-0.267239 (-26,724 PHP) val_geo=0.000577 (+58 PHP)
Epoch 031/50 | [MSE] train_loss=0.000266 val_loss=0.000260 | train_profit=-0.024100 (-2,410 PHP) val_profit=0.038722 (+3,872 PHP) | train_geo=-0.196924 (-19,692 PHP) val_geo=0.000577 (+58 PHP)
Epoch 032/50 | [MSE] train_loss=0.000266 val_loss=0.000259 | train_profit=-0.451079 (-45,108 PHP) val_profit=0.038722 (+3,872 PHP) | train_geo=-0.476442 (-47,644 PHP) val_geo=0.000577 (+58 PHP)
Epoch 033/50 | [MSE] train_loss=0.000265 val_loss=0.000259 | train_profit=-0.375753 (-37,575 PHP) val_profit=0.038722 (+3,872 PHP) | train_geo=-0.435007 (-43,501 PHP) val_geo=0.000577 (+58 PHP)
Epoch 034/50 | [MSE] train_loss=0.000266 val_loss=0.000258 | train_profit=-0.519496 (-51,950 PHP) val_profit=0.038722 (+3,872 PHP) | train_geo=-0.510601 (-51,060 PHP) val_geo=0.000577 (+58 PHP)
Epoch 035/50 | [MSE] train_loss=0.000265 val_loss=0.000259 | train_profit=-0.166525 (-16,653 PHP) val_profit=0.038722 (+3,872 PHP) | train_geo=-0.303800 (-30,380 PHP) val_geo=0.000577 (+58 PHP)
Epoch 036/50 | [MSE] train_loss=0.000265 val_loss=0.000259 | train_profit=0.023895 (+2,389 PHP) val_profit=0.038722 (+3,872 PHP) | train_geo=-0.157257 (-15,726 PHP) val_geo=0.000577 (+58 PHP)
Epoch 037/50 | [MSE] train_loss=0.000266 val_loss=0.000258 | train_profit=-0.820862 (-82,086 PHP) val_profit=0.038722 (+3,872 PHP) | train_geo=-0.638597 (-63,860 PHP) val_geo=0.000577 (+58 PHP)
Epoch 038/50 | [MSE] train_loss=0.000265 val_loss=0.000258 | train_profit=0.144011 (+14,401 PHP) val_profit=0.038722 (+3,872 PHP) | train_geo=-0.048903 (-4,890 PHP) val_geo=0.000577 (+58 PHP)
Epoch 039/50 | [MSE] train_loss=0.000264 val_loss=0.000257 | train_profit=-0.338848 (-33,885 PHP) val_profit=0.038722 (+3,872 PHP) | train_geo=-0.413772 (-41,377 PHP) val_geo=0.000577 (+58 PHP)
Epoch 040/50 | [MSE] train_loss=0.000265 val_loss=0.000258 | train_profit=0.103239 (+10,324 PHP) val_profit=0.038722 (+3,872 PHP) | train_geo=-0.086771 (-8,677 PHP) val_geo=0.000577 (+58 PHP)
Epoch 041/50 | [MSE] train_loss=0.000264 val_loss=0.000258 | train_profit=0.029445 (+2,944 PHP) val_profit=0.038722 (+3,872 PHP) | train_geo=-0.152037 (-15,204 PHP) val_geo=0.000577 (+58 PHP)
Epoch 042/50 | [MSE] train_loss=0.000264 val_loss=0.000256 | train_profit=0.139757 (+13,976 PHP) val_profit=0.038722 (+3,872 PHP) | train_geo=-0.053656 (-5,366 PHP) val_geo=0.000577 (+58 PHP)
Epoch 043/50 | [MSE] train_loss=0.000264 val_loss=0.000256 | train_profit=0.105345 (+10,535 PHP) val_profit=0.038722 (+3,872 PHP) | train_geo=-0.084792 (-8,479 PHP) val_geo=0.000577 (+58 PHP)
Epoch 044/50 | [MSE] train_loss=0.000264 val_loss=0.000257 | train_profit=-0.220457 (-22,046 PHP) val_profit=0.038722 (+3,872 PHP) | train_geo=-0.340207 (-34,021 PHP) val_geo=0.000577 (+58 PHP)
Epoch 045/50 | [MSE] train_loss=0.000264 val_loss=0.000257 | train_profit=-0.063886 (-6,389 PHP) val_profit=0.038722 (+3,872 PHP) | train_geo=-0.227578 (-22,758 PHP) val_geo=0.000577 (+58 PHP)
Epoch 046/50 | [MSE] train_loss=0.000264 val_loss=0.000257 | train_profit=-0.000929 (-93 PHP) val_profit=0.038722 (+3,872 PHP) | train_geo=-0.177373 (-17,737 PHP) val_geo=0.000577 (+58 PHP)
Epoch 047/50 | [MSE] train_loss=0.000263 val_loss=0.000257 | train_profit=0.026746 (+2,675 PHP) val_profit=0.038722 (+3,872 PHP) | train_geo=-0.154421 (-15,442 PHP) val_geo=0.000577 (+58 PHP)
Epoch 048/50 | [MSE] train_loss=0.000263 val_loss=0.000255 | train_profit=-0.006171 (-617 PHP) val_profit=0.038722 (+3,872 PHP) | train_geo=-0.181897 (-18,190 PHP) val_geo=0.000577 (+58 PHP)
Epoch 049/50 | [MSE] train_loss=0.000264 val_loss=0.000257 | train_profit=0.375925 (+37,592 PHP) val_profit=0.038722 (+3,872 PHP) | train_geo=0.199724 (+19,972 PHP) val_geo=0.000577 (+58 PHP)
Epoch 050/50 | [MSE] train_loss=0.000264 val_loss=0.000256 | train_profit=0.067479 (+6,748 PHP) val_profit=0.038722 (+3,872 PHP) | train_geo=-0.119050 (-11,905 PHP) val_geo=0.000577 (+58 PHP)
[11/37] PFE        (mid   ) mse           dir_acc=0.469 cum_ret=-0.3514 geo_ret=-0.3207 sharpe=-1.180 (buy&hold=+0.3711 always_short=-0.3200) [DEGENERATE: constant signal]
  [3.6s total]
Epoch 001/50 | train_loss=0.000979 val_loss=0.000294 | train_profit=-0.527838 (-52,784 PHP) val_profit=0.051437 (+5,144 PHP) | train_geo=-0.515450 (-51,545 PHP) val_geo=0.013418 (+1,342 PHP)
Epoch 002/50 | train_loss=0.000914 val_loss=0.002185 | train_profit=0.576126 (+57,613 PHP) val_profit=-0.040722 (-4,072 PHP) | train_geo=0.464482 (+46,448 PHP) val_geo=-0.075775 (-7,577 PHP)
Epoch 003/50 | train_loss=0.001355 val_loss=0.000839 | train_profit=0.303892 (+30,389 PHP) val_profit=-0.113604 (-11,360 PHP) | train_geo=0.115183 (+11,518 PHP) val_geo=-0.140960 (-14,096 PHP)
Epoch 004/50 | train_loss=0.000805 val_loss=0.001829 | train_profit=0.045318 (+4,532 PHP) val_profit=-0.040722 (-4,072 PHP) | train_geo=-0.139472 (-13,947 PHP) val_geo=-0.075775 (-7,577 PHP)
Epoch 005/50 | train_loss=0.001205 val_loss=0.000831 | train_profit=0.090854 (+9,085 PHP) val_profit=-0.167771 (-16,777 PHP) | train_geo=-0.098924 (-9,892 PHP) val_geo=-0.186191 (-18,619 PHP)
Epoch 006/50 | train_loss=0.000611 val_loss=0.001257 | train_profit=-0.260040 (-26,004 PHP) val_profit=-0.165587 (-16,559 PHP) | train_geo=-0.365843 (-36,584 PHP) val_geo=-0.184388 (-18,439 PHP)
Epoch 007/50 | train_loss=0.000317 val_loss=0.000900 | train_profit=0.169440 (+16,944 PHP) val_profit=-0.147445 (-14,744 PHP) | train_geo=-0.026396 (-2,640 PHP) val_geo=-0.169513 (-16,951 PHP)
Epoch 008/50 | train_loss=0.000190 val_loss=0.000954 | train_profit=0.310009 (+31,001 PHP) val_profit=-0.142600 (-14,260 PHP) | train_geo=0.121650 (+12,165 PHP) val_geo=-0.165402 (-16,540 PHP)
Epoch 009/50 | train_loss=0.000126 val_loss=0.000886 | train_profit=0.759454 (+75,945 PHP) val_profit=-0.100930 (-10,093 PHP) | train_geo=0.759175 (+75,917 PHP) val_geo=-0.129843 (-12,984 PHP)
Epoch 010/50 | train_loss=0.000108 val_loss=0.000866 | train_profit=0.502794 (+50,279 PHP) val_profit=-0.100930 (-10,093 PHP) | train_geo=0.360372 (+36,037 PHP) val_geo=-0.129843 (-12,984 PHP)
Epoch 011/50 | train_loss=0.000121 val_loss=0.000860 | train_profit=0.593598 (+59,360 PHP) val_profit=-0.215968 (-21,597 PHP) | train_geo=0.489788 (+48,979 PHP) val_geo=-0.224348 (-22,435 PHP)
Epoch 012/50 | train_loss=0.000219 val_loss=0.001029 | train_profit=1.076393 (+107,639 PHP) val_profit=-0.148770 (-14,877 PHP) | train_geo=1.416213 (+141,621 PHP) val_geo=-0.170541 (-17,054 PHP)
Epoch 013/50 | train_loss=0.000010 val_loss=0.000957 | train_profit=0.894329 (+89,433 PHP) val_profit=-0.337161 (-33,716 PHP) | train_geo=1.012780 (+101,278 PHP) val_geo=-0.312924 (-31,292 PHP)
Epoch 014/50 | train_loss=0.000251 val_loss=0.001153 | train_profit=0.597788 (+59,779 PHP) val_profit=-0.133762 (-13,376 PHP) | train_geo=0.495610 (+49,561 PHP) val_geo=-0.158001 (-15,800 PHP)
Epoch 015/50 | train_loss=0.000054 val_loss=0.000951 | train_profit=0.819639 (+81,964 PHP) val_profit=-0.415318 (-41,532 PHP) | train_geo=0.868502 (+86,850 PHP) val_geo=-0.364758 (-36,476 PHP)
Epoch 016/50 | train_loss=0.000197 val_loss=0.001042 | train_profit=0.735126 (+73,513 PHP) val_profit=-0.153861 (-15,386 PHP) | train_geo=0.715538 (+71,554 PHP) val_geo=-0.174770 (-17,477 PHP)
Epoch 017/50 | train_loss=-0.000009 val_loss=0.000952 | train_profit=0.797872 (+79,787 PHP) val_profit=-0.452384 (-45,238 PHP) | train_geo=0.826984 (+82,698 PHP) val_geo=-0.387977 (-38,798 PHP)
Epoch 018/50 | train_loss=0.000104 val_loss=0.001042 | train_profit=1.182207 (+118,221 PHP) val_profit=-0.139672 (-13,967 PHP) | train_geo=1.685294 (+168,529 PHP) val_geo=-0.163027 (-16,303 PHP)
Epoch 019/50 | train_loss=0.000081 val_loss=0.000945 | train_profit=1.006625 (+100,662 PHP) val_profit=-0.177166 (-17,717 PHP) | train_geo=1.252309 (+125,231 PHP) val_geo=-0.193683 (-19,368 PHP)
Epoch 020/50 | train_loss=0.000058 val_loss=0.000863 | train_profit=0.797578 (+79,758 PHP) val_profit=-0.063942 (-6,394 PHP) | train_geo=0.826915 (+82,691 PHP) val_geo=-0.097009 (-9,701 PHP)
Epoch 021/50 | train_loss=-0.000079 val_loss=0.000941 | train_profit=0.606200 (+60,620 PHP) val_profit=-0.399516 (-39,952 PHP) | train_geo=0.508070 (+50,807 PHP) val_geo=-0.354745 (-35,474 PHP)
Epoch 022/50 | train_loss=0.000159 val_loss=0.001133 | train_profit=0.868820 (+86,882 PHP) val_profit=-0.179904 (-17,990 PHP) | train_geo=0.962336 (+96,234 PHP) val_geo=-0.196009 (-19,601 PHP)
Epoch 023/50 | train_loss=-0.000058 val_loss=0.000951 | train_profit=0.814449 (+81,445 PHP) val_profit=-0.335992 (-33,599 PHP) | train_geo=0.858209 (+85,821 PHP) val_geo=-0.312229 (-31,223 PHP)
Epoch 024/50 | train_loss=0.000095 val_loss=0.001096 | train_profit=0.920070 (+92,007 PHP) val_profit=-0.175713 (-17,571 PHP) | train_geo=1.065128 (+106,513 PHP) val_geo=-0.192637 (-19,264 PHP)
Epoch 025/50 | train_loss=-0.000044 val_loss=0.000864 | train_profit=1.173791 (+117,379 PHP) val_profit=-0.292331 (-29,233 PHP) | train_geo=1.664820 (+166,482 PHP) val_geo=-0.281562 (-28,156 PHP)
Epoch 026/50 | train_loss=0.000149 val_loss=0.001106 | train_profit=0.628599 (+62,860 PHP) val_profit=-0.156847 (-15,685 PHP) | train_geo=0.542230 (+54,223 PHP) val_geo=-0.177192 (-17,719 PHP)
Epoch 027/50 | train_loss=0.000112 val_loss=0.000763 | train_profit=0.503764 (+50,376 PHP) val_profit=-0.453968 (-45,397 PHP) | train_geo=0.362515 (+36,251 PHP) val_geo=-0.388939 (-38,894 PHP)
Epoch 028/50 | train_loss=0.000170 val_loss=0.001013 | train_profit=0.429161 (+42,916 PHP) val_profit=-0.100719 (-10,072 PHP) | train_geo=0.263810 (+26,381 PHP) val_geo=-0.129707 (-12,971 PHP)
Epoch 029/50 | train_loss=-0.000012 val_loss=0.000938 | train_profit=0.872562 (+87,256 PHP) val_profit=-0.486042 (-48,604 PHP) | train_geo=0.970098 (+97,010 PHP) val_geo=-0.408148 (-40,815 PHP)
Epoch 030/50 | train_loss=0.000216 val_loss=0.000904 | train_profit=0.206065 (+20,606 PHP) val_profit=-0.038411 (-3,841 PHP) | train_geo=0.010382 (+1,038 PHP) val_geo=-0.073597 (-7,360 PHP)
Epoch 031/50 | train_loss=-0.000070 val_loss=0.000767 | train_profit=1.035430 (+103,543 PHP) val_profit=-0.037790 (-3,779 PHP) | train_geo=1.320175 (+132,017 PHP) val_geo=-0.073059 (-7,306 PHP)
Epoch 032/50 | train_loss=-0.000022 val_loss=0.000702 | train_profit=1.016771 (+101,677 PHP) val_profit=0.014158 (+1,416 PHP) | train_geo=1.277966 (+127,797 PHP) val_geo=-0.023518 (-2,352 PHP)
Epoch 033/50 | train_loss=-0.000145 val_loss=0.000621 | train_profit=0.748200 (+74,820 PHP) val_profit=0.043806 (+4,381 PHP) | train_geo=0.738896 (+73,890 PHP) val_geo=0.005851 (+585 PHP)
Epoch 034/50 | train_loss=-0.000101 val_loss=0.000672 | train_profit=0.988095 (+98,809 PHP) val_profit=-0.001841 (-184 PHP) | train_geo=1.213295 (+121,329 PHP) val_geo=-0.039160 (-3,916 PHP)
Epoch 035/50 | train_loss=-0.000226 val_loss=0.000599 | train_profit=1.027167 (+102,717 PHP) val_profit=-0.058429 (-5,843 PHP) | train_geo=1.300892 (+130,089 PHP) val_geo=-0.092063 (-9,206 PHP)
Epoch 036/50 | train_loss=-0.000230 val_loss=0.000729 | train_profit=1.643565 (+164,356 PHP) val_profit=0.012901 (+1,290 PHP) | train_geo=3.266069 (+326,607 PHP) val_geo=-0.024895 (-2,489 PHP)
Epoch 037/50 | train_loss=-0.000005 val_loss=0.000818 | train_profit=0.781349 (+78,135 PHP) val_profit=-0.289874 (-28,987 PHP) | train_geo=0.799260 (+79,926 PHP) val_geo=-0.279962 (-27,996 PHP)
Epoch 038/50 | train_loss=-0.000322 val_loss=0.000720 | train_profit=1.920078 (+192,008 PHP) val_profit=0.048568 (+4,857 PHP) | train_geo=4.625795 (+462,580 PHP) val_geo=0.010521 (+1,052 PHP)
Epoch 039/50 | train_loss=-0.000124 val_loss=0.000504 | train_profit=0.959254 (+95,925 PHP) val_profit=-0.010000 (-1,000 PHP) | train_geo=1.149620 (+114,962 PHP) val_geo=-0.047070 (-4,707 PHP)
Epoch 040/50 | train_loss=-0.000264 val_loss=-0.000288 | train_profit=1.280656 (+128,066 PHP) val_profit=0.530966 (+53,097 PHP) | train_geo=1.965721 (+196,572 PHP) val_geo=0.637830 (+63,783 PHP)
Epoch 041/50 | train_loss=-0.000687 val_loss=0.000216 | train_profit=1.872248 (+187,225 PHP) val_profit=-0.056057 (-5,606 PHP) | train_geo=4.361063 (+436,106 PHP) val_geo=-0.090057 (-9,006 PHP)
Epoch 042/50 | train_loss=-0.000833 val_loss=-0.000027 | train_profit=2.201023 (+220,102 PHP) val_profit=0.125167 (+12,517 PHP) | train_geo=6.451224 (+645,122 PHP) val_geo=0.090729 (+9,073 PHP)
Epoch 043/50 | train_loss=-0.000999 val_loss=-0.000135 | train_profit=1.963362 (+196,336 PHP) val_profit=0.106800 (+10,680 PHP) | train_geo=4.870128 (+487,013 PHP) val_geo=0.070772 (+7,077 PHP)
Epoch 044/50 | train_loss=-0.000989 val_loss=-0.000385 | train_profit=2.275340 (+227,534 PHP) val_profit=0.241707 (+24,171 PHP) | train_geo=7.028069 (+702,807 PHP) val_geo=0.225528 (+22,553 PHP)
Epoch 045/50 | train_loss=-0.001159 val_loss=-0.000148 | train_profit=2.364051 (+236,405 PHP) val_profit=0.249812 (+24,981 PHP) | train_geo=7.766042 (+776,604 PHP) val_geo=0.235771 (+23,577 PHP)
Epoch 046/50 | train_loss=-0.000843 val_loss=-0.000126 | train_profit=1.993658 (+199,366 PHP) val_profit=0.109940 (+10,994 PHP) | train_geo=5.051208 (+505,121 PHP) val_geo=0.074154 (+7,415 PHP)
Epoch 047/50 | train_loss=-0.001160 val_loss=-0.000387 | train_profit=2.286290 (+228,629 PHP) val_profit=0.338851 (+33,885 PHP) | train_geo=7.113591 (+711,359 PHP) val_geo=0.350783 (+35,078 PHP)
Epoch 048/50 | train_loss=-0.001438 val_loss=-0.000262 | train_profit=3.339459 (+333,946 PHP) val_profit=0.170645 (+17,064 PHP) | train_geo=22.282412 (+2,228,241 PHP) val_geo=0.141397 (+14,140 PHP)
Epoch 049/50 | train_loss=-0.001195 val_loss=-0.000401 | train_profit=2.394585 (+239,459 PHP) val_profit=0.363372 (+36,337 PHP) | train_geo=8.035444 (+803,544 PHP) val_geo=0.384401 (+38,440 PHP)
Epoch 050/50 | train_loss=-0.001574 val_loss=-0.000222 | train_profit=3.398742 (+339,874 PHP) val_profit=0.144090 (+14,409 PHP) | train_geo=23.692751 (+2,369,275 PHP) val_geo=0.111293 (+11,129 PHP)
[11/37] PFE        (mid   ) profit-aware  dir_acc=0.466 cum_ret=-0.4058 geo_ret=-0.3567 sharpe=-1.363 (buy&hold=+0.3711 always_short=-0.3200)
  [5.6s total]
Epoch 001/50 | [MSE] train_loss=0.000267 val_loss=0.000226 | train_profit=-0.549592 (-54,959 PHP) val_profit=0.353262 (+35,326 PHP) | train_geo=-0.499743 (-49,974 PHP) val_geo=0.376354 (+37,635 PHP)
Epoch 002/50 | [MSE] train_loss=0.000205 val_loss=0.000219 | train_profit=-1.490910 (-149,091 PHP) val_profit=-0.433754 (-43,375 PHP) | train_geo=-0.804871 (-80,487 PHP) val_geo=-0.374072 (-37,407 PHP)
Epoch 003/50 | [MSE] train_loss=0.000198 val_loss=0.000214 | train_profit=-1.229361 (-122,936 PHP) val_profit=0.416622 (+41,662 PHP) | train_geo=-0.746903 (-74,690 PHP) val_geo=0.466289 (+46,629 PHP)
Epoch 004/50 | [MSE] train_loss=0.000192 val_loss=0.000212 | train_profit=-0.641244 (-64,124 PHP) val_profit=0.588768 (+58,877 PHP) | train_geo=-0.542552 (-54,255 PHP) val_geo=0.742014 (+74,201 PHP)
Epoch 005/50 | [MSE] train_loss=0.000191 val_loss=0.000215 | train_profit=-1.010523 (-101,052 PHP) val_profit=-0.086830 (-8,683 PHP) | train_geo=-0.684396 (-68,440 PHP) val_geo=-0.114145 (-11,415 PHP)
Epoch 006/50 | [MSE] train_loss=0.000193 val_loss=0.000215 | train_profit=-1.338960 (-133,896 PHP) val_profit=-0.163698 (-16,370 PHP) | train_geo=-0.772892 (-77,289 PHP) val_geo=-0.179753 (-17,975 PHP)
Epoch 007/50 | [MSE] train_loss=0.000191 val_loss=0.000216 | train_profit=-0.974708 (-97,471 PHP) val_profit=-0.306940 (-30,694 PHP) | train_geo=-0.673057 (-67,306 PHP) val_geo=-0.289480 (-28,948 PHP)
Epoch 008/50 | [MSE] train_loss=0.000188 val_loss=0.000215 | train_profit=-0.162776 (-16,278 PHP) val_profit=-0.277532 (-27,753 PHP) | train_geo=-0.262053 (-26,205 PHP) val_geo=-0.268233 (-26,823 PHP)
Epoch 009/50 | [MSE] train_loss=0.000190 val_loss=0.000214 | train_profit=-0.453345 (-45,334 PHP) val_profit=0.033224 (+3,322 PHP) | train_geo=-0.448717 (-44,872 PHP) val_geo=-0.000902 (-90 PHP)
Epoch 010/50 | [MSE] train_loss=0.000190 val_loss=0.000216 | train_profit=-0.358356 (-35,836 PHP) val_profit=-0.296282 (-29,628 PHP) | train_geo=-0.393675 (-39,368 PHP) val_geo=-0.281975 (-28,197 PHP)
Epoch 011/50 | [MSE] train_loss=0.000191 val_loss=0.000217 | train_profit=-0.927920 (-92,792 PHP) val_profit=-0.248167 (-24,817 PHP) | train_geo=-0.657194 (-65,719 PHP) val_geo=-0.246332 (-24,633 PHP)
Epoch 012/50 | [MSE] train_loss=0.000189 val_loss=0.000215 | train_profit=-0.802297 (-80,230 PHP) val_profit=-0.277532 (-27,753 PHP) | train_geo=-0.611544 (-61,154 PHP) val_geo=-0.268233 (-26,823 PHP)
Epoch 013/50 | [MSE] train_loss=0.000188 val_loss=0.000215 | train_profit=-0.853437 (-85,344 PHP) val_profit=-0.018120 (-1,812 PHP) | train_geo=-0.631245 (-63,124 PHP) val_geo=-0.050664 (-5,066 PHP)
Epoch 014/50 | [MSE] train_loss=0.000189 val_loss=0.000216 | train_profit=-0.634922 (-63,492 PHP) val_profit=-0.221326 (-22,133 PHP) | train_geo=-0.540290 (-54,029 PHP) val_geo=-0.225813 (-22,581 PHP)
Epoch 015/50 | [MSE] train_loss=0.000188 val_loss=0.000215 | train_profit=-0.842269 (-84,227 PHP) val_profit=-0.335723 (-33,572 PHP) | train_geo=-0.626619 (-62,662 PHP) val_geo=-0.309617 (-30,962 PHP)
Epoch 016/50 | [MSE] train_loss=0.000188 val_loss=0.000215 | train_profit=-0.558144 (-55,814 PHP) val_profit=0.048881 (+4,888 PHP) | train_geo=-0.503735 (-50,373 PHP) val_geo=0.014880 (+1,488 PHP)
Epoch 017/50 | [MSE] train_loss=0.000189 val_loss=0.000215 | train_profit=-1.289702 (-128,970 PHP) val_profit=-0.235940 (-23,594 PHP) | train_geo=-0.761454 (-76,145 PHP) val_geo=-0.237216 (-23,722 PHP)
Epoch 018/50 | [MSE] train_loss=0.000188 val_loss=0.000214 | train_profit=-0.508731 (-50,873 PHP) val_profit=0.119220 (+11,922 PHP) | train_geo=-0.478950 (-47,895 PHP) val_geo=0.089250 (+8,925 PHP)
Epoch 019/50 | [MSE] train_loss=0.000188 val_loss=0.000215 | train_profit=-0.703099 (-70,310 PHP) val_profit=-0.285217 (-28,522 PHP) | train_geo=-0.570858 (-57,086 PHP) val_geo=-0.273839 (-27,384 PHP)
Epoch 020/50 | [MSE] train_loss=0.000187 val_loss=0.000215 | train_profit=0.153974 (+15,397 PHP) val_profit=-0.221631 (-22,163 PHP) | train_geo=0.012128 (+1,213 PHP) val_geo=-0.226111 (-22,611 PHP)
Epoch 021/50 | [MSE] train_loss=0.000188 val_loss=0.000215 | train_profit=-0.336570 (-33,657 PHP) val_profit=-0.323842 (-32,384 PHP) | train_geo=-0.379832 (-37,983 PHP) val_geo=-0.301349 (-30,135 PHP)
Epoch 022/50 | [MSE] train_loss=0.000188 val_loss=0.000215 | train_profit=-0.592013 (-59,201 PHP) val_profit=-0.181003 (-18,100 PHP) | train_geo=-0.520107 (-52,011 PHP) val_geo=-0.193912 (-19,391 PHP)
Epoch 023/50 | [MSE] train_loss=0.000186 val_loss=0.000215 | train_profit=0.372166 (+37,217 PHP) val_profit=-0.284547 (-28,455 PHP) | train_geo=0.261630 (+26,163 PHP) val_geo=-0.273381 (-27,338 PHP)
Epoch 024/50 | [MSE] train_loss=0.000187 val_loss=0.000215 | train_profit=-0.084483 (-8,448 PHP) val_profit=-0.100571 (-10,057 PHP) | train_geo=-0.202286 (-20,229 PHP) val_geo=-0.126255 (-12,625 PHP)
Epoch 025/50 | [MSE] train_loss=0.000187 val_loss=0.000215 | train_profit=-0.931968 (-93,197 PHP) val_profit=0.060478 (+6,048 PHP) | train_geo=-0.659017 (-65,902 PHP) val_geo=0.026935 (+2,694 PHP)
Epoch 026/50 | [MSE] train_loss=0.000187 val_loss=0.000215 | train_profit=-0.165579 (-16,558 PHP) val_profit=0.218495 (+21,850 PHP) | train_geo=-0.265028 (-26,503 PHP) val_geo=0.202940 (+20,294 PHP)
Epoch 027/50 | [MSE] train_loss=0.000187 val_loss=0.000215 | train_profit=-0.131683 (-13,168 PHP) val_profit=-0.271200 (-27,120 PHP) | train_geo=-0.239489 (-23,949 PHP) val_geo=-0.263720 (-26,372 PHP)
Epoch 028/50 | [MSE] train_loss=0.000187 val_loss=0.000216 | train_profit=-0.285942 (-28,594 PHP) val_profit=-0.323560 (-32,356 PHP) | train_geo=-0.348063 (-34,806 PHP) val_geo=-0.301217 (-30,122 PHP)
Epoch 029/50 | [MSE] train_loss=0.000187 val_loss=0.000216 | train_profit=0.296938 (+29,694 PHP) val_profit=-0.254257 (-25,426 PHP) | train_geo=0.168114 (+16,811 PHP) val_geo=-0.251008 (-25,101 PHP)
Epoch 030/50 | [MSE] train_loss=0.000188 val_loss=0.000216 | train_profit=-0.139446 (-13,945 PHP) val_profit=-0.371657 (-37,166 PHP) | train_geo=-0.245007 (-24,501 PHP) val_geo=-0.334112 (-33,411 PHP)
Epoch 031/50 | [MSE] train_loss=0.000187 val_loss=0.000215 | train_profit=-0.619716 (-61,972 PHP) val_profit=0.201713 (+20,171 PHP) | train_geo=-0.533862 (-53,386 PHP) val_geo=0.182681 (+18,268 PHP)
Epoch 032/50 | [MSE] train_loss=0.000186 val_loss=0.000215 | train_profit=-0.427457 (-42,746 PHP) val_profit=-0.058302 (-5,830 PHP) | train_geo=-0.434224 (-43,422 PHP) val_geo=-0.088511 (-8,851 PHP)
Epoch 033/50 | [MSE] train_loss=0.000187 val_loss=0.000215 | train_profit=0.434502 (+43,450 PHP) val_profit=-0.156466 (-15,647 PHP) | train_geo=0.341563 (+34,156 PHP) val_geo=-0.174110 (-17,411 PHP)
Epoch 034/50 | [MSE] train_loss=0.000188 val_loss=0.000216 | train_profit=-0.122013 (-12,201 PHP) val_profit=-0.262541 (-26,254 PHP) | train_geo=-0.232048 (-23,205 PHP) val_geo=-0.257199 (-25,720 PHP)
Epoch 035/50 | [MSE] train_loss=0.000187 val_loss=0.000215 | train_profit=-0.055248 (-5,525 PHP) val_profit=0.160821 (+16,082 PHP) | train_geo=-0.179097 (-17,910 PHP) val_geo=0.135267 (+13,527 PHP)
Epoch 036/50 | [MSE] train_loss=0.000187 val_loss=0.000215 | train_profit=-0.468670 (-46,867 PHP) val_profit=0.148513 (+14,851 PHP) | train_geo=-0.457692 (-45,769 PHP) val_geo=0.121449 (+12,145 PHP)
Epoch 037/50 | [MSE] train_loss=0.000187 val_loss=0.000215 | train_profit=-0.055890 (-5,589 PHP) val_profit=-0.060710 (-6,071 PHP) | train_geo=-0.179801 (-17,980 PHP) val_geo=-0.090407 (-9,041 PHP)
Epoch 038/50 | [MSE] train_loss=0.000187 val_loss=0.000215 | train_profit=-0.155273 (-15,527 PHP) val_profit=-0.079412 (-7,941 PHP) | train_geo=-0.257714 (-25,771 PHP) val_geo=-0.107597 (-10,760 PHP)
Epoch 039/50 | [MSE] train_loss=0.000187 val_loss=0.000215 | train_profit=0.009920 (+992 PHP) val_profit=-0.015837 (-1,584 PHP) | train_geo=-0.123764 (-12,376 PHP) val_geo=-0.048918 (-4,892 PHP)
Epoch 040/50 | [MSE] train_loss=0.000188 val_loss=0.000216 | train_profit=-0.170123 (-17,012 PHP) val_profit=-0.337064 (-33,706 PHP) | train_geo=-0.267316 (-26,732 PHP) val_geo=-0.310633 (-31,063 PHP)
Epoch 041/50 | [MSE] train_loss=0.000187 val_loss=0.000214 | train_profit=0.150789 (+15,079 PHP) val_profit=0.202334 (+20,233 PHP) | train_geo=0.008546 (+855 PHP) val_geo=0.183318 (+18,332 PHP)
Epoch 042/50 | [MSE] train_loss=0.000186 val_loss=0.000213 | train_profit=0.001669 (+167 PHP) val_profit=0.364379 (+36,438 PHP) | train_geo=-0.131016 (-13,102 PHP) val_geo=0.391781 (+39,178 PHP)
Epoch 043/50 | [MSE] train_loss=0.000187 val_loss=0.000215 | train_profit=-0.563466 (-56,347 PHP) val_profit=-0.042094 (-4,209 PHP) | train_geo=-0.506222 (-50,622 PHP) val_geo=-0.073441 (-7,344 PHP)
Epoch 044/50 | [MSE] train_loss=0.000186 val_loss=0.000215 | train_profit=0.002274 (+227 PHP) val_profit=0.152809 (+15,281 PHP) | train_geo=-0.131006 (-13,101 PHP) val_geo=0.126073 (+12,607 PHP)
Epoch 045/50 | [MSE] train_loss=0.000186 val_loss=0.000214 | train_profit=-0.327637 (-32,764 PHP) val_profit=0.185657 (+18,566 PHP) | train_geo=-0.374778 (-37,478 PHP) val_geo=0.163678 (+16,368 PHP)
Epoch 046/50 | [MSE] train_loss=0.000186 val_loss=0.000217 | train_profit=0.453660 (+45,366 PHP) val_profit=-0.216894 (-21,689 PHP) | train_geo=0.367359 (+36,736 PHP) val_geo=-0.222378 (-22,238 PHP)
Epoch 047/50 | [MSE] train_loss=0.000187 val_loss=0.000217 | train_profit=-0.071816 (-7,182 PHP) val_profit=-0.240882 (-24,088 PHP) | train_geo=-0.191804 (-19,180 PHP) val_geo=-0.240706 (-24,071 PHP)
Epoch 048/50 | [MSE] train_loss=0.000186 val_loss=0.000216 | train_profit=0.354930 (+35,493 PHP) val_profit=-0.045483 (-4,548 PHP) | train_geo=0.237804 (+23,780 PHP) val_geo=-0.076776 (-7,678 PHP)
Epoch 049/50 | [MSE] train_loss=0.000187 val_loss=0.000216 | train_profit=-0.889770 (-88,977 PHP) val_profit=-0.204386 (-20,439 PHP) | train_geo=-0.644199 (-64,420 PHP) val_geo=-0.212614 (-21,261 PHP)
Epoch 050/50 | [MSE] train_loss=0.000188 val_loss=0.000215 | train_profit=-0.127111 (-12,711 PHP) val_profit=0.130260 (+13,026 PHP) | train_geo=-0.235967 (-23,597 PHP) val_geo=0.100880 (+10,088 PHP)
[12/37] WMT        (mid   ) mse           dir_acc=0.519 cum_ret=+0.0851 geo_ret=+0.0478 sharpe=+0.273 (buy&hold=+0.1131 always_short=-0.1675)
  [4.7s total]
Epoch 001/50 | train_loss=0.000241 val_loss=0.000554 | train_profit=0.188856 (+18,886 PHP) val_profit=-0.249784 (-24,978 PHP) | train_geo=0.047924 (+4,792 PHP) val_geo=-0.247781 (-24,778 PHP)
Epoch 002/50 | train_loss=0.000071 val_loss=-0.000797 | train_profit=0.861679 (+86,168 PHP) val_profit=0.550139 (+55,014 PHP) | train_geo=1.054693 (+105,469 PHP) val_geo=0.675922 (+67,592 PHP)
Epoch 003/50 | train_loss=-0.000137 val_loss=-0.001405 | train_profit=0.815324 (+81,532 PHP) val_profit=0.588768 (+58,877 PHP) | train_geo=0.961366 (+96,137 PHP) val_geo=0.742014 (+74,201 PHP)
Epoch 004/50 | train_loss=-0.000277 val_loss=-0.001105 | train_profit=0.872567 (+87,257 PHP) val_profit=0.588768 (+58,877 PHP) | train_geo=1.077585 (+107,758 PHP) val_geo=0.742014 (+74,201 PHP)
Epoch 005/50 | train_loss=-0.000199 val_loss=-0.001280 | train_profit=0.896359 (+89,636 PHP) val_profit=0.588768 (+58,877 PHP) | train_geo=1.127311 (+112,731 PHP) val_geo=0.742014 (+74,201 PHP)
Epoch 006/50 | train_loss=-0.000234 val_loss=-0.001429 | train_profit=0.887939 (+88,794 PHP) val_profit=0.588768 (+58,877 PHP) | train_geo=1.109421 (+110,942 PHP) val_geo=0.742014 (+74,201 PHP)
Epoch 007/50 | train_loss=-0.000289 val_loss=-0.001123 | train_profit=0.910214 (+91,021 PHP) val_profit=0.588768 (+58,877 PHP) | train_geo=1.156890 (+115,689 PHP) val_geo=0.742014 (+74,201 PHP)
Epoch 008/50 | train_loss=-0.000178 val_loss=-0.000322 | train_profit=0.659540 (+65,954 PHP) val_profit=0.230664 (+23,066 PHP) | train_geo=0.679013 (+67,901 PHP) val_geo=0.217408 (+21,741 PHP)
Epoch 009/50 | train_loss=0.000097 val_loss=-0.001352 | train_profit=0.913447 (+91,345 PHP) val_profit=0.588768 (+58,877 PHP) | train_geo=1.163993 (+116,399 PHP) val_geo=0.742014 (+74,201 PHP)
Epoch 010/50 | train_loss=-0.000273 val_loss=-0.001354 | train_profit=0.887939 (+88,794 PHP) val_profit=0.588768 (+58,877 PHP) | train_geo=1.109421 (+110,942 PHP) val_geo=0.742014 (+74,201 PHP)
Epoch 011/50 | train_loss=-0.000295 val_loss=-0.001245 | train_profit=0.887939 (+88,794 PHP) val_profit=0.588768 (+58,877 PHP) | train_geo=1.109421 (+110,942 PHP) val_geo=0.742014 (+74,201 PHP)
Epoch 012/50 | train_loss=-0.000314 val_loss=-0.001061 | train_profit=0.892783 (+89,278 PHP) val_profit=0.588768 (+58,877 PHP) | train_geo=1.119673 (+111,967 PHP) val_geo=0.742014 (+74,201 PHP)
Epoch 013/50 | train_loss=-0.000300 val_loss=-0.000846 | train_profit=0.841629 (+84,163 PHP) val_profit=0.547375 (+54,738 PHP) | train_geo=1.013836 (+101,384 PHP) val_geo=0.671330 (+67,133 PHP)
Epoch 014/50 | train_loss=-0.000258 val_loss=-0.001108 | train_profit=0.925465 (+92,546 PHP) val_profit=0.588768 (+58,877 PHP) | train_geo=1.190133 (+119,013 PHP) val_geo=0.742014 (+74,201 PHP)
Epoch 015/50 | train_loss=-0.000291 val_loss=-0.001297 | train_profit=0.913446 (+91,345 PHP) val_profit=0.588768 (+58,877 PHP) | train_geo=1.164027 (+116,403 PHP) val_geo=0.742014 (+74,201 PHP)
Epoch 016/50 | train_loss=-0.000325 val_loss=-0.001236 | train_profit=0.887939 (+88,794 PHP) val_profit=0.588768 (+58,877 PHP) | train_geo=1.109421 (+110,942 PHP) val_geo=0.742014 (+74,201 PHP)
Epoch 017/50 | train_loss=-0.000325 val_loss=-0.001018 | train_profit=0.887939 (+88,794 PHP) val_profit=0.588768 (+58,877 PHP) | train_geo=1.109421 (+110,942 PHP) val_geo=0.742014 (+74,201 PHP)
Epoch 018/50 | train_loss=-0.000304 val_loss=-0.000904 | train_profit=0.780063 (+78,006 PHP) val_profit=0.547375 (+54,738 PHP) | train_geo=0.893054 (+89,305 PHP) val_geo=0.671330 (+67,133 PHP)
Epoch 019/50 | train_loss=-0.000314 val_loss=-0.000948 | train_profit=0.911890 (+91,189 PHP) val_profit=0.547375 (+54,738 PHP) | train_geo=1.160490 (+116,049 PHP) val_geo=0.671330 (+67,133 PHP)
Epoch 020/50 | train_loss=-0.000371 val_loss=-0.000760 | train_profit=1.207081 (+120,708 PHP) val_profit=0.556046 (+55,605 PHP) | train_geo=1.904277 (+190,428 PHP) val_geo=0.685897 (+68,590 PHP)
Epoch 021/50 | train_loss=-0.000325 val_loss=-0.000868 | train_profit=1.078336 (+107,834 PHP) val_profit=0.533038 (+53,304 PHP) | train_geo=1.552994 (+155,299 PHP) val_geo=0.647490 (+64,749 PHP)
Epoch 022/50 | train_loss=-0.000273 val_loss=-0.001231 | train_profit=0.931978 (+93,198 PHP) val_profit=0.588768 (+58,877 PHP) | train_geo=1.204653 (+120,465 PHP) val_geo=0.742014 (+74,201 PHP)
Epoch 023/50 | train_loss=-0.000352 val_loss=-0.000985 | train_profit=1.072337 (+107,234 PHP) val_profit=0.593371 (+59,337 PHP) | train_geo=1.537681 (+153,768 PHP) val_geo=0.750054 (+75,005 PHP)
Epoch 024/50 | train_loss=-0.000317 val_loss=-0.000592 | train_profit=0.962471 (+96,247 PHP) val_profit=0.437339 (+43,734 PHP) | train_geo=1.273168 (+127,317 PHP) val_geo=0.497177 (+49,718 PHP)
Epoch 025/50 | train_loss=-0.000263 val_loss=-0.001113 | train_profit=0.945301 (+94,530 PHP) val_profit=0.588768 (+58,877 PHP) | train_geo=1.234112 (+123,411 PHP) val_geo=0.742014 (+74,201 PHP)
Epoch 026/50 | train_loss=-0.000325 val_loss=-0.000944 | train_profit=0.899911 (+89,991 PHP) val_profit=0.547375 (+54,738 PHP) | train_geo=1.134887 (+113,489 PHP) val_geo=0.671330 (+67,133 PHP)
Epoch 027/50 | train_loss=-0.000318 val_loss=-0.001012 | train_profit=0.945057 (+94,506 PHP) val_profit=0.547375 (+54,738 PHP) | train_geo=1.233431 (+123,343 PHP) val_geo=0.671330 (+67,133 PHP)
Epoch 028/50 | train_loss=-0.000336 val_loss=-0.001044 | train_profit=1.055074 (+105,507 PHP) val_profit=0.547375 (+54,738 PHP) | train_geo=1.494181 (+149,418 PHP) val_geo=0.671330 (+67,133 PHP)
Epoch 029/50 | train_loss=-0.000382 val_loss=-0.000633 | train_profit=0.961472 (+96,147 PHP) val_profit=0.409580 (+40,958 PHP) | train_geo=1.271075 (+127,108 PHP) val_geo=0.456211 (+45,621 PHP)
Epoch 030/50 | train_loss=-0.000330 val_loss=-0.000751 | train_profit=1.117899 (+111,790 PHP) val_profit=0.490954 (+49,095 PHP) | train_geo=1.656294 (+165,629 PHP) val_geo=0.579590 (+57,959 PHP)
Epoch 031/50 | train_loss=-0.000428 val_loss=-0.000577 | train_profit=1.194749 (+119,475 PHP) val_profit=0.409580 (+40,958 PHP) | train_geo=1.868105 (+186,811 PHP) val_geo=0.456211 (+45,621 PHP)
Epoch 032/50 | train_loss=-0.000311 val_loss=-0.001024 | train_profit=1.038446 (+103,845 PHP) val_profit=0.530275 (+53,027 PHP) | train_geo=1.452842 (+145,284 PHP) val_geo=0.642976 (+64,298 PHP)
Epoch 033/50 | train_loss=-0.000337 val_loss=-0.000444 | train_profit=0.899753 (+89,975 PHP) val_profit=0.420015 (+42,002 PHP) | train_geo=1.134129 (+113,413 PHP) val_geo=0.471652 (+47,165 PHP)
Epoch 034/50 | train_loss=-0.000240 val_loss=-0.001314 | train_profit=0.798465 (+79,847 PHP) val_profit=0.588768 (+58,877 PHP) | train_geo=0.928664 (+92,866 PHP) val_geo=0.742014 (+74,201 PHP)
Epoch 035/50 | train_loss=-0.000359 val_loss=-0.000856 | train_profit=0.901377 (+90,138 PHP) val_profit=0.490954 (+49,095 PHP) | train_geo=1.138399 (+113,840 PHP) val_geo=0.579590 (+57,959 PHP)
Epoch 036/50 | train_loss=-0.000386 val_loss=-0.000741 | train_profit=0.860738 (+86,074 PHP) val_profit=0.409580 (+40,958 PHP) | train_geo=1.052499 (+105,250 PHP) val_geo=0.456211 (+45,621 PHP)
Epoch 037/50 | train_loss=-0.000365 val_loss=-0.000869 | train_profit=1.110147 (+111,015 PHP) val_profit=0.508201 (+50,820 PHP) | train_geo=1.635839 (+163,584 PHP) val_geo=0.607106 (+60,711 PHP)
Epoch 038/50 | train_loss=-0.000439 val_loss=-0.000745 | train_profit=1.169185 (+116,918 PHP) val_profit=0.409580 (+40,958 PHP) | train_geo=1.796434 (+179,643 PHP) val_geo=0.456211 (+45,621 PHP)
Epoch 039/50 | train_loss=-0.000318 val_loss=-0.001035 | train_profit=1.001437 (+100,144 PHP) val_profit=0.530275 (+53,027 PHP) | train_geo=1.363502 (+136,350 PHP) val_geo=0.642976 (+64,298 PHP)
Epoch 040/50 | train_loss=-0.000421 val_loss=-0.000493 | train_profit=1.299470 (+129,947 PHP) val_profit=0.375683 (+37,568 PHP) | train_geo=2.186289 (+218,629 PHP) val_geo=0.407726 (+40,773 PHP)
Epoch 041/50 | train_loss=-0.000362 val_loss=-0.000843 | train_profit=1.003001 (+100,300 PHP) val_profit=0.445708 (+44,571 PHP) | train_geo=1.367225 (+136,723 PHP) val_geo=0.509829 (+50,983 PHP)
Epoch 042/50 | train_loss=-0.000441 val_loss=-0.000758 | train_profit=1.082827 (+108,283 PHP) val_profit=0.422285 (+42,229 PHP) | train_geo=1.564262 (+156,426 PHP) val_geo=0.474718 (+47,472 PHP)
Epoch 043/50 | train_loss=-0.000479 val_loss=-0.000175 | train_profit=1.453251 (+145,325 PHP) val_profit=0.215385 (+21,539 PHP) | train_geo=2.716839 (+271,684 PHP) val_geo=0.198913 (+19,891 PHP)
Epoch 044/50 | train_loss=-0.000294 val_loss=-0.001377 | train_profit=1.004975 (+100,498 PHP) val_profit=0.588768 (+58,877 PHP) | train_geo=1.371869 (+137,187 PHP) val_geo=0.742014 (+74,201 PHP)
Epoch 045/50 | train_loss=-0.000283 val_loss=-0.001310 | train_profit=0.892783 (+89,278 PHP) val_profit=0.588768 (+58,877 PHP) | train_geo=1.119673 (+111,967 PHP) val_geo=0.742014 (+74,201 PHP)
Epoch 046/50 | train_loss=-0.000467 val_loss=-0.000791 | train_profit=1.177318 (+117,732 PHP) val_profit=0.409580 (+40,958 PHP) | train_geo=1.819356 (+181,936 PHP) val_geo=0.456211 (+45,621 PHP)
Epoch 047/50 | train_loss=-0.000462 val_loss=-0.000478 | train_profit=1.401537 (+140,154 PHP) val_profit=0.259392 (+25,939 PHP) | train_geo=2.529593 (+252,959 PHP) val_geo=0.252988 (+25,299 PHP)
Epoch 048/50 | train_loss=-0.000301 val_loss=-0.000641 | train_profit=0.929953 (+92,995 PHP) val_profit=0.332238 (+33,224 PHP) | train_geo=1.199998 (+120,000 PHP) val_geo=0.347608 (+34,761 PHP)
Epoch 049/50 | train_loss=-0.000406 val_loss=-0.000840 | train_profit=1.078538 (+107,854 PHP) val_profit=0.445708 (+44,571 PHP) | train_geo=1.552853 (+155,285 PHP) val_geo=0.509829 (+50,983 PHP)
Epoch 050/50 | train_loss=-0.000419 val_loss=-0.001045 | train_profit=0.942331 (+94,233 PHP) val_profit=0.502428 (+50,243 PHP) | train_geo=1.226865 (+122,686 PHP) val_geo=0.597921 (+59,792 PHP)
[12/37] WMT        (mid   ) profit-aware  dir_acc=0.525 cum_ret=+0.2045 geo_ret=+0.1809 sharpe=+0.658 (buy&hold=+0.1131 always_short=-0.1675)
  [6.2s total]
Epoch 001/50 | [MSE] train_loss=0.000403 val_loss=0.000198 | train_profit=-1.561711 (-156,171 PHP) val_profit=0.436535 (+43,654 PHP) | train_geo=-0.828109 (-82,811 PHP) val_geo=0.499532 (+49,953 PHP)
Epoch 002/50 | [MSE] train_loss=0.000293 val_loss=0.000194 | train_profit=-1.702186 (-170,219 PHP) val_profit=0.358052 (+35,805 PHP) | train_geo=-0.851046 (-85,105 PHP) val_geo=0.386309 (+38,631 PHP)
Epoch 003/50 | [MSE] train_loss=0.000287 val_loss=0.000196 | train_profit=-1.966249 (-196,625 PHP) val_profit=-0.029104 (-2,910 PHP) | train_geo=-0.885557 (-88,556 PHP) val_geo=-0.058689 (-5,869 PHP)
Epoch 004/50 | [MSE] train_loss=0.000277 val_loss=0.000194 | train_profit=-1.678633 (-167,863 PHP) val_profit=0.451013 (+45,101 PHP) | train_geo=-0.847175 (-84,718 PHP) val_geo=0.521491 (+52,149 PHP)
Epoch 005/50 | [MSE] train_loss=0.000276 val_loss=0.000196 | train_profit=-1.443606 (-144,361 PHP) val_profit=-0.092838 (-9,284 PHP) | train_geo=-0.806762 (-80,676 PHP) val_geo=-0.116812 (-11,681 PHP)
Epoch 006/50 | [MSE] train_loss=0.000278 val_loss=0.000194 | train_profit=-2.272293 (-227,229 PHP) val_profit=0.274528 (+27,453 PHP) | train_geo=-0.915733 (-91,573 PHP) val_geo=0.275133 (+27,513 PHP)
Epoch 007/50 | [MSE] train_loss=0.000274 val_loss=0.000193 | train_profit=-1.168716 (-116,872 PHP) val_profit=0.574412 (+57,441 PHP) | train_geo=-0.745414 (-74,541 PHP) val_geo=0.721298 (+72,130 PHP)
Epoch 008/50 | [MSE] train_loss=0.000271 val_loss=0.000193 | train_profit=-1.528883 (-152,888 PHP) val_profit=0.574412 (+57,441 PHP) | train_geo=-0.822432 (-82,243 PHP) val_geo=0.721298 (+72,130 PHP)
Epoch 009/50 | [MSE] train_loss=0.000273 val_loss=0.000193 | train_profit=-1.738429 (-173,843 PHP) val_profit=0.574412 (+57,441 PHP) | train_geo=-0.856106 (-85,611 PHP) val_geo=0.721298 (+72,130 PHP)
Epoch 010/50 | [MSE] train_loss=0.000270 val_loss=0.000193 | train_profit=-1.048293 (-104,829 PHP) val_profit=0.574412 (+57,441 PHP) | train_geo=-0.712470 (-71,247 PHP) val_geo=0.721298 (+72,130 PHP)
Epoch 011/50 | [MSE] train_loss=0.000272 val_loss=0.000193 | train_profit=-2.070998 (-207,100 PHP) val_profit=0.574412 (+57,441 PHP) | train_geo=-0.896857 (-89,686 PHP) val_geo=0.721298 (+72,130 PHP)
Epoch 012/50 | [MSE] train_loss=0.000272 val_loss=0.000193 | train_profit=-1.532577 (-153,258 PHP) val_profit=0.574412 (+57,441 PHP) | train_geo=-0.823038 (-82,304 PHP) val_geo=0.721298 (+72,130 PHP)
Epoch 013/50 | [MSE] train_loss=0.000271 val_loss=0.000194 | train_profit=-2.465080 (-246,508 PHP) val_profit=0.574854 (+57,485 PHP) | train_geo=-0.930466 (-93,047 PHP) val_geo=0.722102 (+72,210 PHP)
Epoch 014/50 | [MSE] train_loss=0.000268 val_loss=0.000193 | train_profit=-1.598747 (-159,875 PHP) val_profit=0.574412 (+57,441 PHP) | train_geo=-0.834489 (-83,449 PHP) val_geo=0.721298 (+72,130 PHP)
Epoch 015/50 | [MSE] train_loss=0.000268 val_loss=0.000194 | train_profit=-1.023193 (-102,319 PHP) val_profit=0.493138 (+49,314 PHP) | train_geo=-0.705111 (-70,511 PHP) val_geo=0.586906 (+58,691 PHP)
Epoch 016/50 | [MSE] train_loss=0.000271 val_loss=0.000193 | train_profit=-1.378475 (-137,847 PHP) val_profit=0.574412 (+57,441 PHP) | train_geo=-0.793440 (-79,344 PHP) val_geo=0.721298 (+72,130 PHP)
Epoch 017/50 | [MSE] train_loss=0.000270 val_loss=0.000193 | train_profit=-2.310442 (-231,044 PHP) val_profit=0.574412 (+57,441 PHP) | train_geo=-0.918825 (-91,883 PHP) val_geo=0.721298 (+72,130 PHP)
Epoch 018/50 | [MSE] train_loss=0.000269 val_loss=0.000193 | train_profit=-1.214950 (-121,495 PHP) val_profit=0.574412 (+57,441 PHP) | train_geo=-0.756984 (-75,698 PHP) val_geo=0.721298 (+72,130 PHP)
Epoch 019/50 | [MSE] train_loss=0.000271 val_loss=0.000193 | train_profit=-1.696041 (-169,604 PHP) val_profit=0.574854 (+57,485 PHP) | train_geo=-0.849698 (-84,970 PHP) val_geo=0.722102 (+72,210 PHP)
Epoch 020/50 | [MSE] train_loss=0.000269 val_loss=0.000193 | train_profit=-2.319668 (-231,967 PHP) val_profit=0.574412 (+57,441 PHP) | train_geo=-0.919551 (-91,955 PHP) val_geo=0.721298 (+72,130 PHP)
Epoch 021/50 | [MSE] train_loss=0.000269 val_loss=0.000194 | train_profit=-1.492773 (-149,277 PHP) val_profit=0.614859 (+61,486 PHP) | train_geo=-0.815891 (-81,589 PHP) val_geo=0.792468 (+79,247 PHP)
Epoch 022/50 | [MSE] train_loss=0.000269 val_loss=0.000194 | train_profit=-1.820597 (-182,060 PHP) val_profit=0.614418 (+61,442 PHP) | train_geo=-0.867502 (-86,750 PHP) val_geo=0.791631 (+79,163 PHP)
Epoch 023/50 | [MSE] train_loss=0.000269 val_loss=0.000194 | train_profit=-1.506920 (-150,692 PHP) val_profit=0.552037 (+55,204 PHP) | train_geo=-0.818475 (-81,848 PHP) val_geo=0.683196 (+68,320 PHP)
Epoch 024/50 | [MSE] train_loss=0.000269 val_loss=0.000194 | train_profit=-1.431710 (-143,171 PHP) val_profit=0.574412 (+57,441 PHP) | train_geo=-0.804409 (-80,441 PHP) val_geo=0.721298 (+72,130 PHP)
Epoch 025/50 | [MSE] train_loss=0.000270 val_loss=0.000194 | train_profit=-1.181320 (-118,132 PHP) val_profit=0.614418 (+61,442 PHP) | train_geo=-0.748400 (-74,840 PHP) val_geo=0.791631 (+79,163 PHP)
Epoch 026/50 | [MSE] train_loss=0.000269 val_loss=0.000194 | train_profit=-1.600006 (-160,001 PHP) val_profit=0.407806 (+40,781 PHP) | train_geo=-0.834726 (-83,473 PHP) val_geo=0.456834 (+45,683 PHP)
Epoch 027/50 | [MSE] train_loss=0.000268 val_loss=0.000194 | train_profit=-1.464714 (-146,471 PHP) val_profit=0.430079 (+43,008 PHP) | train_geo=-0.810923 (-81,092 PHP) val_geo=0.489731 (+48,973 PHP)
Epoch 028/50 | [MSE] train_loss=0.000268 val_loss=0.000194 | train_profit=-1.165208 (-116,521 PHP) val_profit=0.455996 (+45,600 PHP) | train_geo=-0.744304 (-74,430 PHP) val_geo=0.528783 (+52,878 PHP)
Epoch 029/50 | [MSE] train_loss=0.000269 val_loss=0.000194 | train_profit=-1.252544 (-125,254 PHP) val_profit=0.398401 (+39,840 PHP) | train_geo=-0.766109 (-76,611 PHP) val_geo=0.442988 (+44,299 PHP)
Epoch 030/50 | [MSE] train_loss=0.000268 val_loss=0.000194 | train_profit=-0.813547 (-81,355 PHP) val_profit=0.406827 (+40,683 PHP) | train_geo=-0.636375 (-63,637 PHP) val_geo=0.455213 (+45,521 PHP)
Epoch 031/50 | [MSE] train_loss=0.000267 val_loss=0.000194 | train_profit=-0.834115 (-83,412 PHP) val_profit=0.325423 (+32,542 PHP) | train_geo=-0.644763 (-64,476 PHP) val_geo=0.341462 (+34,146 PHP)
Epoch 032/50 | [MSE] train_loss=0.000268 val_loss=0.000195 | train_profit=-1.227139 (-122,714 PHP) val_profit=0.472169 (+47,217 PHP) | train_geo=-0.759907 (-75,991 PHP) val_geo=0.553853 (+55,385 PHP)
Epoch 033/50 | [MSE] train_loss=0.000268 val_loss=0.000195 | train_profit=-0.901893 (-90,189 PHP) val_profit=0.344069 (+34,407 PHP) | train_geo=-0.667198 (-66,720 PHP) val_geo=0.366600 (+36,660 PHP)
Epoch 034/50 | [MSE] train_loss=0.000268 val_loss=0.000195 | train_profit=-1.161503 (-116,150 PHP) val_profit=0.422773 (+42,277 PHP) | train_geo=-0.743678 (-74,368 PHP) val_geo=0.478822 (+47,882 PHP)
Epoch 035/50 | [MSE] train_loss=0.000268 val_loss=0.000195 | train_profit=-0.691854 (-69,185 PHP) val_profit=0.399372 (+39,937 PHP) | train_geo=-0.589724 (-58,972 PHP) val_geo=0.444649 (+44,465 PHP)
Epoch 036/50 | [MSE] train_loss=0.000269 val_loss=0.000194 | train_profit=-1.904625 (-190,462 PHP) val_profit=0.343559 (+34,356 PHP) | train_geo=-0.878186 (-87,819 PHP) val_geo=0.366004 (+36,600 PHP)
Epoch 037/50 | [MSE] train_loss=0.000269 val_loss=0.000195 | train_profit=-1.735575 (-173,557 PHP) val_profit=0.367896 (+36,790 PHP) | train_geo=-0.855694 (-85,569 PHP) val_geo=0.399962 (+39,996 PHP)
Epoch 038/50 | [MSE] train_loss=0.000267 val_loss=0.000195 | train_profit=-1.523531 (-152,353 PHP) val_profit=0.371896 (+37,190 PHP) | train_geo=-0.821786 (-82,179 PHP) val_geo=0.405553 (+40,555 PHP)
Epoch 039/50 | [MSE] train_loss=0.000268 val_loss=0.000195 | train_profit=-0.377009 (-37,701 PHP) val_profit=0.312630 (+31,263 PHP) | train_geo=-0.437473 (-43,747 PHP) val_geo=0.324413 (+32,441 PHP)
Epoch 040/50 | [MSE] train_loss=0.000267 val_loss=0.000195 | train_profit=-0.723264 (-72,326 PHP) val_profit=0.316021 (+31,602 PHP) | train_geo=-0.602683 (-60,268 PHP) val_geo=0.329021 (+32,902 PHP)
Epoch 041/50 | [MSE] train_loss=0.000267 val_loss=0.000195 | train_profit=-0.532178 (-53,218 PHP) val_profit=0.365919 (+36,592 PHP) | train_geo=-0.518382 (-51,838 PHP) val_geo=0.397074 (+39,707 PHP)
Epoch 042/50 | [MSE] train_loss=0.000267 val_loss=0.000195 | train_profit=-0.939301 (-93,930 PHP) val_profit=0.315734 (+31,573 PHP) | train_geo=-0.679875 (-67,988 PHP) val_geo=0.328615 (+32,861 PHP)
Epoch 043/50 | [MSE] train_loss=0.000268 val_loss=0.000196 | train_profit=-0.789826 (-78,983 PHP) val_profit=0.264703 (+26,470 PHP) | train_geo=-0.627902 (-62,790 PHP) val_geo=0.262357 (+26,236 PHP)
Epoch 044/50 | [MSE] train_loss=0.000268 val_loss=0.000196 | train_profit=-1.178009 (-117,801 PHP) val_profit=0.295538 (+29,554 PHP) | train_geo=-0.747888 (-74,789 PHP) val_geo=0.301995 (+30,199 PHP)
Epoch 045/50 | [MSE] train_loss=0.000267 val_loss=0.000196 | train_profit=-1.387973 (-138,797 PHP) val_profit=0.241063 (+24,106 PHP) | train_geo=-0.795663 (-79,566 PHP) val_geo=0.233208 (+23,321 PHP)
Epoch 046/50 | [MSE] train_loss=0.000267 val_loss=0.000196 | train_profit=-0.860720 (-86,072 PHP) val_profit=0.215451 (+21,545 PHP) | train_geo=-0.653787 (-65,379 PHP) val_geo=0.201538 (+20,154 PHP)
Epoch 047/50 | [MSE] train_loss=0.000267 val_loss=0.000196 | train_profit=-1.094082 (-109,408 PHP) val_profit=0.203455 (+20,345 PHP) | train_geo=-0.726079 (-72,608 PHP) val_geo=0.187336 (+18,734 PHP)
Epoch 048/50 | [MSE] train_loss=0.000268 val_loss=0.000196 | train_profit=-1.164698 (-116,470 PHP) val_profit=0.225728 (+22,573 PHP) | train_geo=-0.744680 (-74,468 PHP) val_geo=0.214220 (+21,422 PHP)
Epoch 049/50 | [MSE] train_loss=0.000267 val_loss=0.000196 | train_profit=-0.714967 (-71,497 PHP) val_profit=0.106868 (+10,687 PHP) | train_geo=-0.599340 (-59,934 PHP) val_geo=0.078011 (+7,801 PHP)
Epoch 050/50 | [MSE] train_loss=0.000267 val_loss=0.000196 | train_profit=-0.637599 (-63,760 PHP) val_profit=0.295679 (+29,568 PHP) | train_geo=-0.566842 (-56,684 PHP) val_geo=0.302220 (+30,222 PHP)
[13/37] T          (weak  ) mse           dir_acc=0.519 cum_ret=-0.0492 geo_ret=-0.0805 sharpe=-0.165 (buy&hold=+0.0079 always_short=-0.0747)
  [4.4s total]
Epoch 001/50 | train_loss=0.001071 val_loss=0.002523 | train_profit=-0.213957 (-21,396 PHP) val_profit=-0.585920 (-58,592 PHP) | train_geo=-0.337485 (-33,748 PHP) val_geo=-0.460636 (-46,064 PHP)
Epoch 002/50 | train_loss=0.001032 val_loss=0.001749 | train_profit=-0.178608 (-17,861 PHP) val_profit=-0.576412 (-57,641 PHP) | train_geo=-0.313512 (-31,351 PHP) val_geo=-0.455461 (-45,546 PHP)
Epoch 003/50 | train_loss=0.000488 val_loss=-0.001302 | train_profit=-0.662757 (-66,276 PHP) val_profit=0.574412 (+57,441 PHP) | train_geo=-0.577347 (-57,735 PHP) val_geo=0.721298 (+72,130 PHP)
Epoch 004/50 | train_loss=0.000261 val_loss=-0.000858 | train_profit=0.024577 (+2,458 PHP) val_profit=0.574412 (+57,441 PHP) | train_geo=-0.160051 (-16,005 PHP) val_geo=0.721298 (+72,130 PHP)
Epoch 005/50 | train_loss=0.000260 val_loss=-0.001217 | train_profit=0.138662 (+13,866 PHP) val_profit=0.574412 (+57,441 PHP) | train_geo=-0.058479 (-5,848 PHP) val_geo=0.721298 (+72,130 PHP)
Epoch 006/50 | train_loss=0.000250 val_loss=-0.000593 | train_profit=-0.054366 (-5,437 PHP) val_profit=0.456592 (+45,659 PHP) | train_geo=-0.223703 (-22,370 PHP) val_geo=0.529764 (+52,976 PHP)
Epoch 007/50 | train_loss=0.000253 val_loss=-0.001042 | train_profit=-0.109885 (-10,989 PHP) val_profit=0.574412 (+57,441 PHP) | train_geo=-0.265751 (-26,575 PHP) val_geo=0.721298 (+72,130 PHP)
Epoch 008/50 | train_loss=0.000198 val_loss=-0.000935 | train_profit=0.173252 (+17,325 PHP) val_profit=0.574412 (+57,441 PHP) | train_geo=-0.025154 (-2,515 PHP) val_geo=0.721298 (+72,130 PHP)
Epoch 009/50 | train_loss=0.000210 val_loss=-0.001037 | train_profit=0.042447 (+4,245 PHP) val_profit=0.574412 (+57,441 PHP) | train_geo=-0.144897 (-14,490 PHP) val_geo=0.721298 (+72,130 PHP)
Epoch 010/50 | train_loss=0.000200 val_loss=-0.000986 | train_profit=0.251518 (+25,152 PHP) val_profit=0.574412 (+57,441 PHP) | train_geo=0.054236 (+5,424 PHP) val_geo=0.721298 (+72,130 PHP)
Epoch 011/50 | train_loss=0.000204 val_loss=-0.000974 | train_profit=0.156511 (+15,651 PHP) val_profit=0.574412 (+57,441 PHP) | train_geo=-0.041426 (-4,143 PHP) val_geo=0.721298 (+72,130 PHP)
Epoch 012/50 | train_loss=0.000210 val_loss=-0.000981 | train_profit=0.160511 (+16,051 PHP) val_profit=0.574412 (+57,441 PHP) | train_geo=-0.037576 (-3,758 PHP) val_geo=0.721298 (+72,130 PHP)
Epoch 013/50 | train_loss=0.000177 val_loss=-0.001054 | train_profit=0.160511 (+16,051 PHP) val_profit=0.574412 (+57,441 PHP) | train_geo=-0.037576 (-3,758 PHP) val_geo=0.721298 (+72,130 PHP)
Epoch 014/50 | train_loss=0.000179 val_loss=-0.000765 | train_profit=0.160511 (+16,051 PHP) val_profit=0.574412 (+57,441 PHP) | train_geo=-0.037576 (-3,758 PHP) val_geo=0.721298 (+72,130 PHP)
Epoch 015/50 | train_loss=0.000144 val_loss=-0.000891 | train_profit=0.160511 (+16,051 PHP) val_profit=0.574412 (+57,441 PHP) | train_geo=-0.037576 (-3,758 PHP) val_geo=0.721298 (+72,130 PHP)
Epoch 016/50 | train_loss=0.000167 val_loss=-0.000899 | train_profit=0.160213 (+16,021 PHP) val_profit=0.574412 (+57,441 PHP) | train_geo=-0.037850 (-3,785 PHP) val_geo=0.721298 (+72,130 PHP)
Epoch 017/50 | train_loss=0.000168 val_loss=-0.001012 | train_profit=0.160511 (+16,051 PHP) val_profit=0.574412 (+57,441 PHP) | train_geo=-0.037576 (-3,758 PHP) val_geo=0.721298 (+72,130 PHP)
Epoch 018/50 | train_loss=0.000141 val_loss=-0.001006 | train_profit=0.160511 (+16,051 PHP) val_profit=0.574412 (+57,441 PHP) | train_geo=-0.037576 (-3,758 PHP) val_geo=0.721298 (+72,130 PHP)
Epoch 019/50 | train_loss=0.000169 val_loss=-0.000987 | train_profit=0.160511 (+16,051 PHP) val_profit=0.574412 (+57,441 PHP) | train_geo=-0.037576 (-3,758 PHP) val_geo=0.721298 (+72,130 PHP)
Epoch 020/50 | train_loss=0.000146 val_loss=-0.000899 | train_profit=0.160511 (+16,051 PHP) val_profit=0.574412 (+57,441 PHP) | train_geo=-0.037576 (-3,758 PHP) val_geo=0.721298 (+72,130 PHP)
Epoch 021/50 | train_loss=0.000146 val_loss=-0.000848 | train_profit=0.160213 (+16,021 PHP) val_profit=0.574412 (+57,441 PHP) | train_geo=-0.037850 (-3,785 PHP) val_geo=0.721298 (+72,130 PHP)
Epoch 022/50 | train_loss=0.000147 val_loss=-0.000898 | train_profit=0.160171 (+16,017 PHP) val_profit=0.574412 (+57,441 PHP) | train_geo=-0.037908 (-3,791 PHP) val_geo=0.721298 (+72,130 PHP)
Epoch 023/50 | train_loss=0.000148 val_loss=-0.000741 | train_profit=0.065497 (+6,550 PHP) val_profit=0.574412 (+57,441 PHP) | train_geo=-0.124853 (-12,485 PHP) val_geo=0.721298 (+72,130 PHP)
Epoch 024/50 | train_loss=0.000141 val_loss=-0.000787 | train_profit=0.092321 (+9,232 PHP) val_profit=0.574412 (+57,441 PHP) | train_geo=-0.101016 (-10,102 PHP) val_geo=0.721298 (+72,130 PHP)
Epoch 025/50 | train_loss=0.000154 val_loss=-0.000800 | train_profit=0.142373 (+14,237 PHP) val_profit=0.574412 (+57,441 PHP) | train_geo=-0.054760 (-5,476 PHP) val_geo=0.721298 (+72,130 PHP)
Epoch 026/50 | train_loss=0.000115 val_loss=-0.000638 | train_profit=0.074756 (+7,476 PHP) val_profit=0.456310 (+45,631 PHP) | train_geo=-0.116648 (-11,665 PHP) val_geo=0.529547 (+52,955 PHP)
Epoch 027/50 | train_loss=0.000137 val_loss=-0.000612 | train_profit=-0.007468 (-747 PHP) val_profit=0.515815 (+51,582 PHP) | train_geo=-0.186219 (-18,622 PHP) val_geo=0.623337 (+62,334 PHP)
Epoch 028/50 | train_loss=0.000143 val_loss=-0.000578 | train_profit=0.188049 (+18,805 PHP) val_profit=0.412550 (+41,255 PHP) | train_geo=-0.010194 (-1,019 PHP) val_geo=0.464089 (+46,409 PHP)
Epoch 029/50 | train_loss=0.000135 val_loss=-0.000354 | train_profit=0.375989 (+37,599 PHP) val_profit=0.380763 (+38,076 PHP) | train_geo=0.194459 (+19,446 PHP) val_geo=0.418312 (+41,831 PHP)
Epoch 030/50 | train_loss=0.000066 val_loss=-0.000340 | train_profit=0.703676 (+70,368 PHP) val_profit=0.289581 (+28,958 PHP) | train_geo=0.657374 (+65,737 PHP) val_geo=0.294954 (+29,495 PHP)
Epoch 031/50 | train_loss=0.000032 val_loss=-0.000376 | train_profit=0.439971 (+43,997 PHP) val_profit=0.286485 (+28,648 PHP) | train_geo=0.273163 (+27,316 PHP) val_geo=0.290698 (+29,070 PHP)
Epoch 032/50 | train_loss=-0.000064 val_loss=-0.000465 | train_profit=0.510054 (+51,005 PHP) val_profit=0.269863 (+26,986 PHP) | train_geo=0.365486 (+36,549 PHP) val_geo=0.269271 (+26,927 PHP)
Epoch 033/50 | train_loss=-0.000081 val_loss=-0.000648 | train_profit=0.786439 (+78,644 PHP) val_profit=0.380166 (+38,017 PHP) | train_geo=0.801002 (+80,100 PHP) val_geo=0.417547 (+41,755 PHP)
Epoch 034/50 | train_loss=-0.000135 val_loss=-0.000655 | train_profit=1.038355 (+103,836 PHP) val_profit=0.417124 (+41,712 PHP) | train_geo=1.318629 (+131,863 PHP) val_geo=0.470997 (+47,100 PHP)
Epoch 035/50 | train_loss=-0.000201 val_loss=-0.000647 | train_profit=1.247449 (+124,745 PHP) val_profit=0.520681 (+52,068 PHP) | train_geo=1.859406 (+185,941 PHP) val_geo=0.632014 (+63,201 PHP)
Epoch 036/50 | train_loss=-0.000070 val_loss=-0.000703 | train_profit=0.859364 (+85,936 PHP) val_profit=0.493118 (+49,312 PHP) | train_geo=0.938415 (+93,842 PHP) val_geo=0.587398 (+58,740 PHP)
Epoch 037/50 | train_loss=-0.000135 val_loss=-0.000799 | train_profit=0.825243 (+82,524 PHP) val_profit=0.498517 (+49,852 PHP) | train_geo=0.873223 (+87,322 PHP) val_geo=0.595854 (+59,585 PHP)
Epoch 038/50 | train_loss=-0.000338 val_loss=-0.000572 | train_profit=1.282093 (+128,209 PHP) val_profit=0.546537 (+54,654 PHP) | train_geo=1.958893 (+195,889 PHP) val_geo=0.674960 (+67,496 PHP)
Epoch 039/50 | train_loss=-0.000433 val_loss=-0.000892 | train_profit=1.425928 (+142,593 PHP) val_profit=0.618626 (+61,863 PHP) | train_geo=2.418077 (+241,808 PHP) val_geo=0.800272 (+80,027 PHP)
Epoch 040/50 | train_loss=-0.000572 val_loss=-0.000772 | train_profit=1.403401 (+140,340 PHP) val_profit=0.475911 (+47,591 PHP) | train_geo=2.340052 (+234,005 PHP) val_geo=0.560440 (+56,044 PHP)
Epoch 041/50 | train_loss=-0.000612 val_loss=-0.000843 | train_profit=1.818856 (+181,886 PHP) val_profit=0.388543 (+38,854 PHP) | train_geo=4.062694 (+406,269 PHP) val_geo=0.429593 (+42,959 PHP)
Epoch 042/50 | train_loss=-0.000761 val_loss=-0.000464 | train_profit=1.918549 (+191,855 PHP) val_profit=0.316295 (+31,630 PHP) | train_geo=4.596056 (+459,606 PHP) val_geo=0.330160 (+33,016 PHP)
Epoch 043/50 | train_loss=-0.000702 val_loss=-0.000932 | train_profit=1.795116 (+179,512 PHP) val_profit=0.509472 (+50,947 PHP) | train_geo=3.945049 (+394,505 PHP) val_geo=0.613616 (+61,362 PHP)
Epoch 044/50 | train_loss=-0.000899 val_loss=-0.000736 | train_profit=1.925199 (+192,520 PHP) val_profit=0.488165 (+48,816 PHP) | train_geo=4.630939 (+463,094 PHP) val_geo=0.579572 (+57,957 PHP)
Epoch 045/50 | train_loss=-0.000883 val_loss=-0.000871 | train_profit=2.063214 (+206,321 PHP) val_profit=0.408981 (+40,898 PHP) | train_geo=5.468602 (+546,860 PHP) val_geo=0.459030 (+45,903 PHP)
Epoch 046/50 | train_loss=-0.000905 val_loss=-0.000553 | train_profit=1.967820 (+196,782 PHP) val_profit=0.390543 (+39,054 PHP) | train_geo=4.875712 (+487,571 PHP) val_geo=0.432503 (+43,250 PHP)
Epoch 047/50 | train_loss=-0.000859 val_loss=-0.000798 | train_profit=1.895843 (+189,584 PHP) val_profit=0.466527 (+46,653 PHP) | train_geo=4.470392 (+447,039 PHP) val_geo=0.545729 (+54,573 PHP)
Epoch 048/50 | train_loss=-0.001042 val_loss=-0.000411 | train_profit=2.290476 (+229,048 PHP) val_profit=0.234825 (+23,483 PHP) | train_geo=7.115187 (+711,519 PHP) val_geo=0.225880 (+22,588 PHP)
Epoch 049/50 | train_loss=-0.000972 val_loss=-0.000520 | train_profit=2.287140 (+228,714 PHP) val_profit=0.406616 (+40,662 PHP) | train_geo=7.090182 (+709,018 PHP) val_geo=0.455661 (+45,566 PHP)
Epoch 050/50 | train_loss=-0.001173 val_loss=-0.000442 | train_profit=2.592357 (+259,236 PHP) val_profit=0.349612 (+34,961 PHP) | train_geo=9.981046 (+998,105 PHP) val_geo=0.375057 (+37,506 PHP)
[13/37] T          (weak  ) profit-aware  dir_acc=0.487 cum_ret=-0.1121 geo_ret=-0.1365 sharpe=-0.377 (buy&hold=+0.0079 always_short=-0.0747)
  [4.6s total]
Epoch 001/50 | [MSE] train_loss=0.000495 val_loss=0.000222 | train_profit=-0.639860 (-63,986 PHP) val_profit=-0.307117 (-30,712 PHP) | train_geo=-0.595342 (-59,534 PHP) val_geo=-0.288474 (-28,847 PHP)
Epoch 002/50 | [MSE] train_loss=0.000404 val_loss=0.000233 | train_profit=-0.529724 (-52,972 PHP) val_profit=0.156890 (+15,689 PHP) | train_geo=-0.550657 (-55,066 PHP) val_geo=0.132473 (+13,247 PHP)
Epoch 003/50 | [MSE] train_loss=0.000383 val_loss=0.000212 | train_profit=-0.349196 (-34,920 PHP) val_profit=0.114191 (+11,419 PHP) | train_geo=-0.459666 (-45,967 PHP) val_geo=0.084900 (+8,490 PHP)
Epoch 004/50 | [MSE] train_loss=0.000381 val_loss=0.000211 | train_profit=-0.122590 (-12,259 PHP) val_profit=0.149152 (+14,915 PHP) | train_geo=-0.330419 (-33,042 PHP) val_geo=0.123682 (+12,368 PHP)
Epoch 005/50 | [MSE] train_loss=0.000375 val_loss=0.000210 | train_profit=-0.893193 (-89,319 PHP) val_profit=0.216264 (+21,626 PHP) | train_geo=-0.690743 (-69,074 PHP) val_geo=0.201789 (+20,179 PHP)
Epoch 006/50 | [MSE] train_loss=0.000365 val_loss=0.000208 | train_profit=0.301548 (+30,155 PHP) val_profit=0.216264 (+21,626 PHP) | train_geo=0.039648 (+3,965 PHP) val_geo=0.201789 (+20,179 PHP)
Epoch 007/50 | [MSE] train_loss=0.000365 val_loss=0.000208 | train_profit=-0.357816 (-35,782 PHP) val_profit=0.216264 (+21,626 PHP) | train_geo=-0.470374 (-47,037 PHP) val_geo=0.201789 (+20,179 PHP)
Epoch 008/50 | [MSE] train_loss=0.000361 val_loss=0.000208 | train_profit=0.643068 (+64,307 PHP) val_profit=0.216264 (+21,626 PHP) | train_geo=0.457604 (+45,760 PHP) val_geo=0.201789 (+20,179 PHP)
Epoch 009/50 | [MSE] train_loss=0.000360 val_loss=0.000207 | train_profit=-0.270669 (-27,067 PHP) val_profit=0.216264 (+21,626 PHP) | train_geo=-0.414553 (-41,455 PHP) val_geo=0.201789 (+20,179 PHP)
Epoch 010/50 | [MSE] train_loss=0.000360 val_loss=0.000206 | train_profit=-0.286362 (-28,636 PHP) val_profit=0.216264 (+21,626 PHP) | train_geo=-0.427532 (-42,753 PHP) val_geo=0.201789 (+20,179 PHP)
Epoch 011/50 | [MSE] train_loss=0.000364 val_loss=0.000208 | train_profit=-0.414022 (-41,402 PHP) val_profit=0.216264 (+21,626 PHP) | train_geo=-0.502593 (-50,259 PHP) val_geo=0.201789 (+20,179 PHP)
Epoch 012/50 | [MSE] train_loss=0.000362 val_loss=0.000207 | train_profit=-0.317597 (-31,760 PHP) val_profit=0.216264 (+21,626 PHP) | train_geo=-0.444815 (-44,481 PHP) val_geo=0.201789 (+20,179 PHP)
Epoch 013/50 | [MSE] train_loss=0.000363 val_loss=0.000208 | train_profit=0.146102 (+14,610 PHP) val_profit=0.216264 (+21,626 PHP) | train_geo=-0.112627 (-11,263 PHP) val_geo=0.201789 (+20,179 PHP)
Epoch 014/50 | [MSE] train_loss=0.000359 val_loss=0.000207 | train_profit=0.971465 (+97,146 PHP) val_profit=0.216264 (+21,626 PHP) | train_geo=1.029489 (+102,949 PHP) val_geo=0.201789 (+20,179 PHP)
Epoch 015/50 | [MSE] train_loss=0.000362 val_loss=0.000208 | train_profit=0.807533 (+80,753 PHP) val_profit=0.216264 (+21,626 PHP) | train_geo=0.721166 (+72,117 PHP) val_geo=0.201789 (+20,179 PHP)
Epoch 016/50 | [MSE] train_loss=0.000362 val_loss=0.000207 | train_profit=0.256774 (+25,677 PHP) val_profit=0.145936 (+14,594 PHP) | train_geo=-0.013435 (-1,343 PHP) val_geo=0.120121 (+12,012 PHP)
Epoch 017/50 | [MSE] train_loss=0.000360 val_loss=0.000206 | train_profit=0.622382 (+62,238 PHP) val_profit=0.166526 (+16,653 PHP) | train_geo=0.422180 (+42,218 PHP) val_geo=0.143430 (+14,343 PHP)
Epoch 018/50 | [MSE] train_loss=0.000359 val_loss=0.000206 | train_profit=0.551555 (+55,156 PHP) val_profit=0.145936 (+14,594 PHP) | train_geo=0.331890 (+33,189 PHP) val_geo=0.120121 (+12,012 PHP)
Epoch 019/50 | [MSE] train_loss=0.000361 val_loss=0.000207 | train_profit=0.845132 (+84,513 PHP) val_profit=0.216264 (+21,626 PHP) | train_geo=0.786642 (+78,664 PHP) val_geo=0.201789 (+20,179 PHP)
Epoch 020/50 | [MSE] train_loss=0.000358 val_loss=0.000205 | train_profit=0.935885 (+93,588 PHP) val_profit=0.140439 (+14,044 PHP) | train_geo=0.956506 (+95,651 PHP) val_geo=0.113932 (+11,393 PHP)
Epoch 021/50 | [MSE] train_loss=0.000359 val_loss=0.000207 | train_profit=0.879319 (+87,932 PHP) val_profit=0.216264 (+21,626 PHP) | train_geo=0.852946 (+85,295 PHP) val_geo=0.201789 (+20,179 PHP)
Epoch 022/50 | [MSE] train_loss=0.000358 val_loss=0.000206 | train_profit=1.287162 (+128,716 PHP) val_profit=0.138302 (+13,830 PHP) | train_geo=1.781608 (+178,161 PHP) val_geo=0.111627 (+11,163 PHP)
Epoch 023/50 | [MSE] train_loss=0.000359 val_loss=0.000206 | train_profit=0.833840 (+83,384 PHP) val_profit=0.216264 (+21,626 PHP) | train_geo=0.765231 (+76,523 PHP) val_geo=0.201789 (+20,179 PHP)
Epoch 024/50 | [MSE] train_loss=0.000359 val_loss=0.000206 | train_profit=0.811921 (+81,192 PHP) val_profit=0.142940 (+14,294 PHP) | train_geo=0.728797 (+72,880 PHP) val_geo=0.116758 (+11,676 PHP)
Epoch 025/50 | [MSE] train_loss=0.000360 val_loss=0.000205 | train_profit=1.013889 (+101,389 PHP) val_profit=0.040821 (+4,082 PHP) | train_geo=1.116590 (+111,659 PHP) val_geo=0.008279 (+828 PHP)
Epoch 026/50 | [MSE] train_loss=0.000358 val_loss=0.000205 | train_profit=0.991589 (+99,159 PHP) val_profit=0.074900 (+7,490 PHP) | train_geo=1.070017 (+107,002 PHP) val_geo=0.043201 (+4,320 PHP)
Epoch 027/50 | [MSE] train_loss=0.000360 val_loss=0.000206 | train_profit=0.454913 (+45,491 PHP) val_profit=0.040990 (+4,099 PHP) | train_geo=0.209092 (+20,909 PHP) val_geo=0.008392 (+839 PHP)
Epoch 028/50 | [MSE] train_loss=0.000359 val_loss=0.000205 | train_profit=0.940927 (+94,093 PHP) val_profit=0.122350 (+12,235 PHP) | train_geo=0.966816 (+96,682 PHP) val_geo=0.093992 (+9,399 PHP)
Epoch 029/50 | [MSE] train_loss=0.000361 val_loss=0.000205 | train_profit=0.514277 (+51,428 PHP) val_profit=0.040990 (+4,099 PHP) | train_geo=0.285875 (+28,587 PHP) val_geo=0.008392 (+839 PHP)
Epoch 030/50 | [MSE] train_loss=0.000359 val_loss=0.000205 | train_profit=0.765627 (+76,563 PHP) val_profit=0.010392 (+1,039 PHP) | train_geo=0.651994 (+65,199 PHP) val_geo=-0.021919 (-2,192 PHP)
Epoch 031/50 | [MSE] train_loss=0.000358 val_loss=0.000205 | train_profit=1.296511 (+129,651 PHP) val_profit=-0.050337 (-5,034 PHP) | train_geo=1.808606 (+180,861 PHP) val_geo=-0.079545 (-7,954 PHP)
Epoch 032/50 | [MSE] train_loss=0.000359 val_loss=0.000205 | train_profit=0.869306 (+86,931 PHP) val_profit=-0.003917 (-392 PHP) | train_geo=0.832115 (+83,211 PHP) val_geo=-0.035801 (-3,580 PHP)
Epoch 033/50 | [MSE] train_loss=0.000359 val_loss=0.000205 | train_profit=0.963247 (+96,325 PHP) val_profit=-0.021203 (-2,120 PHP) | train_geo=1.012064 (+101,206 PHP) val_geo=-0.052162 (-5,216 PHP)
Epoch 034/50 | [MSE] train_loss=0.000359 val_loss=0.000205 | train_profit=0.857578 (+85,758 PHP) val_profit=0.141039 (+14,104 PHP) | train_geo=0.810565 (+81,057 PHP) val_geo=0.114788 (+11,479 PHP)
Epoch 035/50 | [MSE] train_loss=0.000359 val_loss=0.000205 | train_profit=0.480324 (+48,032 PHP) val_profit=-0.021203 (-2,120 PHP) | train_geo=0.240775 (+24,078 PHP) val_geo=-0.052162 (-5,216 PHP)
Epoch 036/50 | [MSE] train_loss=0.000358 val_loss=0.000205 | train_profit=0.263926 (+26,393 PHP) val_profit=0.013667 (+1,367 PHP) | train_geo=-0.001300 (-130 PHP) val_geo=-0.018517 (-1,852 PHP)
Epoch 037/50 | [MSE] train_loss=0.000360 val_loss=0.000205 | train_profit=1.212895 (+121,290 PHP) val_profit=0.028681 (+2,868 PHP) | train_geo=1.589975 (+158,998 PHP) val_geo=-0.003630 (-363 PHP)
Epoch 038/50 | [MSE] train_loss=0.000361 val_loss=0.000205 | train_profit=0.489655 (+48,966 PHP) val_profit=-0.049717 (-4,972 PHP) | train_geo=0.251635 (+25,164 PHP) val_geo=-0.078903 (-7,890 PHP)
Epoch 039/50 | [MSE] train_loss=0.000358 val_loss=0.000205 | train_profit=1.036524 (+103,652 PHP) val_profit=-0.007868 (-787 PHP) | train_geo=1.166338 (+116,634 PHP) val_geo=-0.039374 (-3,937 PHP)
Epoch 040/50 | [MSE] train_loss=0.000359 val_loss=0.000205 | train_profit=1.361499 (+136,150 PHP) val_profit=0.011158 (+1,116 PHP) | train_geo=1.999403 (+199,940 PHP) val_geo=-0.021086 (-2,109 PHP)
Epoch 041/50 | [MSE] train_loss=0.000359 val_loss=0.000205 | train_profit=1.126611 (+112,661 PHP) val_profit=0.202948 (+20,295 PHP) | train_geo=1.369693 (+136,969 PHP) val_geo=0.186323 (+18,632 PHP)
Epoch 042/50 | [MSE] train_loss=0.000359 val_loss=0.000205 | train_profit=0.956424 (+95,642 PHP) val_profit=0.173495 (+17,349 PHP) | train_geo=0.998638 (+99,864 PHP) val_geo=0.151503 (+15,150 PHP)
Epoch 043/50 | [MSE] train_loss=0.000359 val_loss=0.000206 | train_profit=1.345330 (+134,533 PHP) val_profit=0.034687 (+3,469 PHP) | train_geo=1.951714 (+195,171 PHP) val_geo=0.002060 (+206 PHP)
Epoch 044/50 | [MSE] train_loss=0.000360 val_loss=0.000205 | train_profit=0.823570 (+82,357 PHP) val_profit=0.105853 (+10,585 PHP) | train_geo=0.749112 (+74,911 PHP) val_geo=0.076023 (+7,602 PHP)
Epoch 045/50 | [MSE] train_loss=0.000360 val_loss=0.000206 | train_profit=0.771129 (+77,113 PHP) val_profit=0.094076 (+9,408 PHP) | train_geo=0.662809 (+66,281 PHP) val_geo=0.063369 (+6,337 PHP)
Epoch 046/50 | [MSE] train_loss=0.000361 val_loss=0.000206 | train_profit=1.019044 (+101,904 PHP) val_profit=0.199898 (+19,990 PHP) | train_geo=1.127577 (+112,758 PHP) val_geo=0.182237 (+18,224 PHP)
Epoch 047/50 | [MSE] train_loss=0.000360 val_loss=0.000206 | train_profit=0.905146 (+90,515 PHP) val_profit=-0.074053 (-7,405 PHP) | train_geo=0.897955 (+89,796 PHP) val_geo=-0.101751 (-10,175 PHP)
Epoch 048/50 | [MSE] train_loss=0.000362 val_loss=0.000208 | train_profit=0.815679 (+81,568 PHP) val_profit=-0.007149 (-715 PHP) | train_geo=0.736203 (+73,620 PHP) val_geo=-0.039415 (-3,942 PHP)
Epoch 049/50 | [MSE] train_loss=0.000363 val_loss=0.000210 | train_profit=1.102234 (+110,223 PHP) val_profit=-0.260106 (-26,011 PHP) | train_geo=1.307205 (+130,721 PHP) val_geo=-0.254102 (-25,410 PHP)
Epoch 050/50 | [MSE] train_loss=0.000363 val_loss=0.000211 | train_profit=1.355689 (+135,569 PHP) val_profit=-0.260106 (-26,011 PHP) | train_geo=1.971143 (+197,114 PHP) val_geo=-0.254102 (-25,410 PHP)
[14/37] KHC        (weak  ) mse           dir_acc=0.500 cum_ret=-0.1869 geo_ret=-0.2077 sharpe=-0.548 (buy&hold=+0.0733 always_short=-0.1494)
  [4.1s total]
Epoch 001/50 | train_loss=0.000907 val_loss=0.000982 | train_profit=-0.209008 (-20,901 PHP) val_profit=-0.284032 (-28,403 PHP) | train_geo=-0.379691 (-37,969 PHP) val_geo=-0.271594 (-27,159 PHP)
Epoch 002/50 | train_loss=0.000888 val_loss=0.002729 | train_profit=0.304081 (+30,408 PHP) val_profit=-0.218264 (-21,826 PHP) | train_geo=0.035478 (+3,548 PHP) val_geo=-0.222107 (-22,211 PHP)
Epoch 003/50 | train_loss=0.001027 val_loss=0.000525 | train_profit=-0.267054 (-26,705 PHP) val_profit=0.042849 (+4,285 PHP) | train_geo=-0.420967 (-42,097 PHP) val_geo=0.010648 (+1,065 PHP)
Epoch 004/50 | train_loss=0.000397 val_loss=0.001357 | train_profit=0.291450 (+29,145 PHP) val_profit=-0.220604 (-22,060 PHP) | train_geo=0.022874 (+2,287 PHP) val_geo=-0.223895 (-22,389 PHP)
Epoch 005/50 | train_loss=0.000523 val_loss=0.000616 | train_profit=0.308515 (+30,851 PHP) val_profit=-0.014123 (-1,412 PHP) | train_geo=0.030677 (+3,068 PHP) val_geo=-0.045451 (-4,545 PHP)
Epoch 006/50 | train_loss=0.000147 val_loss=0.000910 | train_profit=0.082188 (+8,219 PHP) val_profit=-0.427404 (-42,740 PHP) | train_geo=-0.170780 (-17,078 PHP) val_geo=-0.369113 (-36,911 PHP)
Epoch 007/50 | train_loss=0.000283 val_loss=0.000731 | train_profit=0.883326 (+88,333 PHP) val_profit=-0.105199 (-10,520 PHP) | train_geo=0.851126 (+85,113 PHP) val_geo=-0.128660 (-12,866 PHP)
Epoch 008/50 | train_loss=0.000070 val_loss=0.000661 | train_profit=0.941480 (+94,148 PHP) val_profit=-0.198739 (-19,874 PHP) | train_geo=0.960738 (+96,074 PHP) val_geo=-0.206697 (-20,670 PHP)
Epoch 009/50 | train_loss=0.000011 val_loss=0.000608 | train_profit=0.974867 (+97,487 PHP) val_profit=-0.263900 (-26,390 PHP) | train_geo=1.027977 (+102,798 PHP) val_geo=-0.256948 (-25,695 PHP)
Epoch 010/50 | train_loss=0.000040 val_loss=0.000598 | train_profit=0.883983 (+88,398 PHP) val_profit=0.033053 (+3,305 PHP) | train_geo=0.851127 (+85,113 PHP) val_geo=0.000482 (+48 PHP)
Epoch 011/50 | train_loss=0.000162 val_loss=0.000432 | train_profit=0.739771 (+73,977 PHP) val_profit=-0.057747 (-5,775 PHP) | train_geo=0.602893 (+60,289 PHP) val_geo=-0.086053 (-8,605 PHP)
Epoch 012/50 | train_loss=-0.000123 val_loss=0.000434 | train_profit=1.213740 (+121,374 PHP) val_profit=-0.027036 (-2,704 PHP) | train_geo=1.574922 (+157,492 PHP) val_geo=-0.057929 (-5,793 PHP)
Epoch 013/50 | train_loss=0.000008 val_loss=0.000503 | train_profit=1.098149 (+109,815 PHP) val_profit=-0.038347 (-3,835 PHP) | train_geo=1.294667 (+129,467 PHP) val_geo=-0.068256 (-6,826 PHP)
Epoch 014/50 | train_loss=-0.000073 val_loss=0.000330 | train_profit=1.151600 (+115,160 PHP) val_profit=0.031322 (+3,132 PHP) | train_geo=1.419858 (+141,986 PHP) val_geo=-0.000941 (-94 PHP)
Epoch 015/50 | train_loss=-0.000171 val_loss=0.000461 | train_profit=1.216174 (+121,617 PHP) val_profit=-0.117561 (-11,756 PHP) | train_geo=1.581828 (+158,183 PHP) val_geo=-0.139353 (-13,935 PHP)
Epoch 016/50 | train_loss=-0.000093 val_loss=0.000377 | train_profit=1.043017 (+104,302 PHP) val_profit=0.017758 (+1,776 PHP) | train_geo=1.170978 (+117,098 PHP) val_geo=-0.014309 (-1,431 PHP)
Epoch 017/50 | train_loss=-0.000214 val_loss=0.000466 | train_profit=1.362643 (+136,264 PHP) val_profit=-0.057637 (-5,764 PHP) | train_geo=1.991034 (+199,103 PHP) val_geo=-0.086169 (-8,617 PHP)
Epoch 018/50 | train_loss=-0.000241 val_loss=0.000310 | train_profit=1.032459 (+103,246 PHP) val_profit=0.011235 (+1,123 PHP) | train_geo=1.148741 (+114,874 PHP) val_geo=-0.020736 (-2,074 PHP)
Epoch 019/50 | train_loss=-0.000171 val_loss=0.000608 | train_profit=1.155085 (+115,509 PHP) val_profit=-0.044914 (-4,491 PHP) | train_geo=1.428619 (+142,862 PHP) val_geo=-0.074443 (-7,444 PHP)
Epoch 020/50 | train_loss=-0.000234 val_loss=0.000368 | train_profit=1.275396 (+127,540 PHP) val_profit=0.039583 (+3,958 PHP) | train_geo=1.740086 (+174,009 PHP) val_geo=0.007404 (+740 PHP)
Epoch 021/50 | train_loss=-0.000313 val_loss=0.000468 | train_profit=1.187126 (+118,713 PHP) val_profit=-0.008290 (-829 PHP) | train_geo=1.508142 (+150,814 PHP) val_geo=-0.039760 (-3,976 PHP)
Epoch 022/50 | train_loss=-0.000333 val_loss=0.000563 | train_profit=1.302956 (+130,296 PHP) val_profit=-0.190159 (-19,016 PHP) | train_geo=1.816491 (+181,649 PHP) val_geo=-0.199784 (-19,978 PHP)
Epoch 023/50 | train_loss=-0.000247 val_loss=0.000499 | train_profit=1.520003 (+152,000 PHP) val_profit=0.032907 (+3,291 PHP) | train_geo=2.499742 (+249,974 PHP) val_geo=0.000730 (+73 PHP)
Epoch 024/50 | train_loss=-0.000317 val_loss=0.000500 | train_profit=1.127787 (+112,779 PHP) val_profit=-0.016363 (-1,636 PHP) | train_geo=1.363024 (+136,302 PHP) val_geo=-0.047547 (-4,755 PHP)
Epoch 025/50 | train_loss=-0.000271 val_loss=0.000544 | train_profit=1.345064 (+134,506 PHP) val_profit=-0.020542 (-2,054 PHP) | train_geo=1.938256 (+193,826 PHP) val_geo=-0.051384 (-5,138 PHP)
Epoch 026/50 | train_loss=-0.000443 val_loss=0.000333 | train_profit=1.524594 (+152,459 PHP) val_profit=0.050463 (+5,046 PHP) | train_geo=2.515854 (+251,585 PHP) val_geo=0.018278 (+1,828 PHP)
Epoch 027/50 | train_loss=-0.000333 val_loss=0.000403 | train_profit=1.555743 (+155,574 PHP) val_profit=0.002904 (+290 PHP) | train_geo=2.626801 (+262,680 PHP) val_geo=-0.029000 (-2,900 PHP)
Epoch 028/50 | train_loss=-0.000451 val_loss=0.000582 | train_profit=1.382064 (+138,206 PHP) val_profit=-0.302680 (-30,268 PHP) | train_geo=2.047209 (+204,721 PHP) val_geo=-0.285101 (-28,510 PHP)
Epoch 029/50 | train_loss=-0.000259 val_loss=0.000617 | train_profit=1.494880 (+149,488 PHP) val_profit=-0.176115 (-17,612 PHP) | train_geo=2.413647 (+241,365 PHP) val_geo=-0.188298 (-18,830 PHP)
Epoch 030/50 | train_loss=-0.000476 val_loss=0.000464 | train_profit=1.298636 (+129,864 PHP) val_profit=0.031852 (+3,185 PHP) | train_geo=1.802883 (+180,288 PHP) val_geo=-0.000575 (-57 PHP)
Epoch 031/50 | train_loss=-0.000477 val_loss=0.000710 | train_profit=1.657187 (+165,719 PHP) val_profit=-0.191409 (-19,141 PHP) | train_geo=3.013434 (+301,343 PHP) val_geo=-0.200803 (-20,080 PHP)
Epoch 032/50 | train_loss=-0.000506 val_loss=0.000781 | train_profit=1.676228 (+167,623 PHP) val_profit=-0.256521 (-25,652 PHP) | train_geo=3.090019 (+309,002 PHP) val_geo=-0.251248 (-25,125 PHP)
Epoch 033/50 | train_loss=-0.000501 val_loss=0.000811 | train_profit=1.770231 (+177,023 PHP) val_profit=-0.267244 (-26,724 PHP) | train_geo=3.508658 (+350,866 PHP) val_geo=-0.259336 (-25,934 PHP)
Epoch 034/50 | train_loss=-0.000576 val_loss=0.000911 | train_profit=1.616153 (+161,615 PHP) val_profit=-0.213983 (-21,398 PHP) | train_geo=2.870295 (+287,030 PHP) val_geo=-0.219078 (-21,908 PHP)
Epoch 035/50 | train_loss=-0.000343 val_loss=0.001129 | train_profit=1.768601 (+176,860 PHP) val_profit=-0.449003 (-44,900 PHP) | train_geo=3.508711 (+350,871 PHP) val_geo=-0.382646 (-38,265 PHP)
Epoch 036/50 | train_loss=-0.000530 val_loss=0.000768 | train_profit=1.672400 (+167,240 PHP) val_profit=-0.303648 (-30,365 PHP) | train_geo=3.084402 (+308,440 PHP) val_geo=-0.286156 (-28,616 PHP)
Epoch 037/50 | train_loss=-0.000537 val_loss=0.000750 | train_profit=1.600040 (+160,004 PHP) val_profit=-0.170370 (-17,037 PHP) | train_geo=2.803970 (+280,397 PHP) val_geo=-0.184387 (-18,439 PHP)
Epoch 038/50 | train_loss=-0.000448 val_loss=0.001391 | train_profit=1.355088 (+135,509 PHP) val_profit=-0.558048 (-55,805 PHP) | train_geo=1.963304 (+196,330 PHP) val_geo=-0.446553 (-44,655 PHP)
Epoch 039/50 | train_loss=-0.000728 val_loss=0.000972 | train_profit=1.893072 (+189,307 PHP) val_profit=-0.308848 (-30,885 PHP) | train_geo=4.094868 (+409,487 PHP) val_geo=-0.289942 (-28,994 PHP)
Epoch 040/50 | train_loss=-0.000753 val_loss=0.001080 | train_profit=2.401179 (+240,118 PHP) val_profit=-0.150184 (-15,018 PHP) | train_geo=7.500045 (+750,004 PHP) val_geo=-0.167470 (-16,747 PHP)
Epoch 041/50 | train_loss=-0.000391 val_loss=0.001272 | train_profit=2.042092 (+204,209 PHP) val_profit=-0.203474 (-20,347 PHP) | train_geo=4.930665 (+493,066 PHP) val_geo=-0.210471 (-21,047 PHP)
Epoch 042/50 | train_loss=-0.000565 val_loss=0.000503 | train_profit=1.408211 (+140,821 PHP) val_profit=-0.081695 (-8,170 PHP) | train_geo=2.134370 (+213,437 PHP) val_geo=-0.108503 (-10,850 PHP)
Epoch 043/50 | train_loss=-0.000439 val_loss=0.001493 | train_profit=1.142338 (+114,234 PHP) val_profit=-0.549086 (-54,909 PHP) | train_geo=1.395835 (+139,583 PHP) val_geo=-0.441683 (-44,168 PHP)
Epoch 044/50 | train_loss=-0.000878 val_loss=0.001373 | train_profit=2.349878 (+234,988 PHP) val_profit=-0.417903 (-41,790 PHP) | train_geo=7.035414 (+703,541 PHP) val_geo=-0.363275 (-36,328 PHP)
Epoch 045/50 | train_loss=-0.000809 val_loss=-0.000084 | train_profit=2.183459 (+218,346 PHP) val_profit=0.354656 (+35,466 PHP) | train_geo=5.846016 (+584,602 PHP) val_geo=0.380019 (+38,002 PHP)
Epoch 046/50 | train_loss=-0.000493 val_loss=0.001084 | train_profit=1.645619 (+164,562 PHP) val_profit=-0.117662 (-11,766 PHP) | train_geo=2.973814 (+297,381 PHP) val_geo=-0.139852 (-13,985 PHP)
Epoch 047/50 | train_loss=-0.000717 val_loss=0.000494 | train_profit=1.901712 (+190,171 PHP) val_profit=-0.080547 (-8,055 PHP) | train_geo=4.150487 (+415,049 PHP) val_geo=-0.107681 (-10,768 PHP)
Epoch 048/50 | train_loss=-0.000935 val_loss=0.001289 | train_profit=2.267435 (+226,744 PHP) val_profit=-0.308754 (-30,875 PHP) | train_geo=6.397566 (+639,757 PHP) val_geo=-0.289730 (-28,973 PHP)
Epoch 049/50 | train_loss=-0.000730 val_loss=0.000969 | train_profit=2.485705 (+248,570 PHP) val_profit=-0.042507 (-4,251 PHP) | train_geo=8.258210 (+825,821 PHP) val_geo=-0.072425 (-7,243 PHP)
Epoch 050/50 | train_loss=-0.000769 val_loss=0.001573 | train_profit=2.339626 (+233,963 PHP) val_profit=-0.426403 (-42,640 PHP) | train_geo=6.958398 (+695,840 PHP) val_geo=-0.368632 (-36,863 PHP)
[14/37] KHC        (weak  ) profit-aware  dir_acc=0.444 cum_ret=-0.4492 geo_ret=-0.3903 sharpe=-1.322 (buy&hold=+0.0733 always_short=-0.1494)
  [4.7s total]
Epoch 001/50 | [MSE] train_loss=0.001148 val_loss=0.000598 | train_profit=-0.878186 (-87,819 PHP) val_profit=-0.037641 (-3,764 PHP) | train_geo=-0.748008 (-74,801 PHP) val_geo=-0.116493 (-11,649 PHP)
Epoch 002/50 | [MSE] train_loss=0.000802 val_loss=0.000571 | train_profit=-2.249180 (-224,918 PHP) val_profit=-0.230899 (-23,090 PHP) | train_geo=-0.936760 (-93,676 PHP) val_geo=-0.271965 (-27,197 PHP)
Epoch 003/50 | [MSE] train_loss=0.000769 val_loss=0.000555 | train_profit=-1.928600 (-192,860 PHP) val_profit=0.090549 (+9,055 PHP) | train_geo=-0.912783 (-91,278 PHP) val_geo=0.004339 (+434 PHP)
Epoch 004/50 | [MSE] train_loss=0.000741 val_loss=0.000558 | train_profit=-0.814747 (-81,475 PHP) val_profit=0.006997 (+700 PHP) | train_geo=-0.731415 (-73,141 PHP) val_geo=-0.076190 (-7,619 PHP)
Epoch 005/50 | [MSE] train_loss=0.000737 val_loss=0.000552 | train_profit=-0.477180 (-47,718 PHP) val_profit=0.006997 (+700 PHP) | train_geo=-0.623745 (-62,374 PHP) val_geo=-0.076190 (-7,619 PHP)
Epoch 006/50 | [MSE] train_loss=0.000729 val_loss=0.000549 | train_profit=-0.793545 (-79,354 PHP) val_profit=0.006997 (+700 PHP) | train_geo=-0.728642 (-72,864 PHP) val_geo=-0.076190 (-7,619 PHP)
Epoch 007/50 | [MSE] train_loss=0.000734 val_loss=0.000541 | train_profit=-0.155805 (-15,581 PHP) val_profit=0.006997 (+700 PHP) | train_geo=-0.483727 (-48,373 PHP) val_geo=-0.076190 (-7,619 PHP)
Epoch 008/50 | [MSE] train_loss=0.000733 val_loss=0.000529 | train_profit=-0.057973 (-5,797 PHP) val_profit=-0.201640 (-20,164 PHP) | train_geo=-0.427147 (-42,715 PHP) val_geo=-0.249732 (-24,973 PHP)
Epoch 009/50 | [MSE] train_loss=0.000734 val_loss=0.000531 | train_profit=-1.410325 (-141,033 PHP) val_profit=-0.617338 (-61,734 PHP) | train_geo=-0.852248 (-85,225 PHP) val_geo=-0.505398 (-50,540 PHP)
Epoch 010/50 | [MSE] train_loss=0.000726 val_loss=0.000532 | train_profit=-2.561539 (-256,154 PHP) val_profit=-0.008997 (-900 PHP) | train_geo=-0.953830 (-95,383 PHP) val_geo=-0.086891 (-8,689 PHP)
Epoch 011/50 | [MSE] train_loss=0.000709 val_loss=0.000528 | train_profit=-1.842883 (-184,288 PHP) val_profit=0.001413 (+141 PHP) | train_geo=-0.904220 (-90,422 PHP) val_geo=-0.077241 (-7,724 PHP)
Epoch 012/50 | [MSE] train_loss=0.000710 val_loss=0.000532 | train_profit=-1.392455 (-139,245 PHP) val_profit=-0.008997 (-900 PHP) | train_geo=-0.849702 (-84,970 PHP) val_geo=-0.086891 (-8,689 PHP)
Epoch 013/50 | [MSE] train_loss=0.000708 val_loss=0.000531 | train_profit=-2.169867 (-216,987 PHP) val_profit=-0.696666 (-69,667 PHP) | train_geo=-0.930958 (-93,096 PHP) val_geo=-0.543148 (-54,315 PHP)
Epoch 014/50 | [MSE] train_loss=0.000709 val_loss=0.000529 | train_profit=-2.016229 (-201,623 PHP) val_profit=-0.008997 (-900 PHP) | train_geo=-0.919538 (-91,954 PHP) val_geo=-0.086891 (-8,689 PHP)
Epoch 015/50 | [MSE] train_loss=0.000703 val_loss=0.000531 | train_profit=-2.099735 (-209,973 PHP) val_profit=-0.008997 (-900 PHP) | train_geo=-0.926030 (-92,603 PHP) val_geo=-0.086891 (-8,689 PHP)
Epoch 016/50 | [MSE] train_loss=0.000705 val_loss=0.000529 | train_profit=-1.502522 (-150,252 PHP) val_profit=-0.746563 (-74,656 PHP) | train_geo=-0.865097 (-86,510 PHP) val_geo=-0.565384 (-56,538 PHP)
Epoch 017/50 | [MSE] train_loss=0.000706 val_loss=0.000529 | train_profit=-1.107693 (-110,769 PHP) val_profit=-0.008997 (-900 PHP) | train_geo=-0.799937 (-79,994 PHP) val_geo=-0.086891 (-8,689 PHP)
Epoch 018/50 | [MSE] train_loss=0.000709 val_loss=0.000531 | train_profit=-1.709765 (-170,977 PHP) val_profit=-0.008997 (-900 PHP) | train_geo=-0.890566 (-89,057 PHP) val_geo=-0.086891 (-8,689 PHP)
Epoch 019/50 | [MSE] train_loss=0.000705 val_loss=0.000532 | train_profit=-2.819282 (-281,928 PHP) val_profit=-0.019490 (-1,949 PHP) | train_geo=-0.964325 (-96,432 PHP) val_geo=-0.096437 (-9,644 PHP)
Epoch 020/50 | [MSE] train_loss=0.000701 val_loss=0.000530 | train_profit=-2.418426 (-241,843 PHP) val_profit=-0.026594 (-2,659 PHP) | train_geo=-0.946175 (-94,618 PHP) val_geo=-0.102855 (-10,286 PHP)
Epoch 021/50 | [MSE] train_loss=0.000703 val_loss=0.000530 | train_profit=-1.721884 (-172,188 PHP) val_profit=0.057537 (+5,754 PHP) | train_geo=-0.891771 (-89,177 PHP) val_geo=-0.024046 (-2,405 PHP)
Epoch 022/50 | [MSE] train_loss=0.000707 val_loss=0.000533 | train_profit=-2.164559 (-216,456 PHP) val_profit=-0.008997 (-900 PHP) | train_geo=-0.930539 (-93,054 PHP) val_geo=-0.086891 (-8,689 PHP)
Epoch 023/50 | [MSE] train_loss=0.000701 val_loss=0.000531 | train_profit=-1.843099 (-184,310 PHP) val_profit=-0.008997 (-900 PHP) | train_geo=-0.904352 (-90,435 PHP) val_geo=-0.086891 (-8,689 PHP)
Epoch 024/50 | [MSE] train_loss=0.000697 val_loss=0.000531 | train_profit=-2.109489 (-210,949 PHP) val_profit=-0.008997 (-900 PHP) | train_geo=-0.926640 (-92,664 PHP) val_geo=-0.086891 (-8,689 PHP)
Epoch 025/50 | [MSE] train_loss=0.000703 val_loss=0.000532 | train_profit=-1.805381 (-180,538 PHP) val_profit=-0.008997 (-900 PHP) | train_geo=-0.900416 (-90,042 PHP) val_geo=-0.086891 (-8,689 PHP)
Epoch 026/50 | [MSE] train_loss=0.000697 val_loss=0.000531 | train_profit=-2.055441 (-205,544 PHP) val_profit=-0.008997 (-900 PHP) | train_geo=-0.922550 (-92,255 PHP) val_geo=-0.086891 (-8,689 PHP)
Epoch 027/50 | [MSE] train_loss=0.000703 val_loss=0.000530 | train_profit=-1.945875 (-194,588 PHP) val_profit=-0.008997 (-900 PHP) | train_geo=-0.913665 (-91,366 PHP) val_geo=-0.086891 (-8,689 PHP)
Epoch 028/50 | [MSE] train_loss=0.000696 val_loss=0.000532 | train_profit=-2.224325 (-222,433 PHP) val_profit=-0.019490 (-1,949 PHP) | train_geo=-0.935145 (-93,515 PHP) val_geo=-0.096437 (-9,644 PHP)
Epoch 029/50 | [MSE] train_loss=0.000697 val_loss=0.000531 | train_profit=-2.177533 (-217,753 PHP) val_profit=-0.008997 (-900 PHP) | train_geo=-0.931551 (-93,155 PHP) val_geo=-0.086891 (-8,689 PHP)
Epoch 030/50 | [MSE] train_loss=0.000695 val_loss=0.000531 | train_profit=-1.664638 (-166,464 PHP) val_profit=-0.092603 (-9,260 PHP) | train_geo=-0.885485 (-88,549 PHP) val_geo=-0.160272 (-16,027 PHP)
Epoch 031/50 | [MSE] train_loss=0.000700 val_loss=0.000531 | train_profit=-1.981232 (-198,123 PHP) val_profit=-0.026594 (-2,659 PHP) | train_geo=-0.916698 (-91,670 PHP) val_geo=-0.102855 (-10,286 PHP)
Epoch 032/50 | [MSE] train_loss=0.000695 val_loss=0.000532 | train_profit=-1.597118 (-159,712 PHP) val_profit=-0.008997 (-900 PHP) | train_geo=-0.877353 (-87,735 PHP) val_geo=-0.086891 (-8,689 PHP)
Epoch 033/50 | [MSE] train_loss=0.000694 val_loss=0.000532 | train_profit=-1.426150 (-142,615 PHP) val_profit=-0.026594 (-2,659 PHP) | train_geo=-0.854434 (-85,443 PHP) val_geo=-0.102855 (-10,286 PHP)
Epoch 034/50 | [MSE] train_loss=0.000695 val_loss=0.000531 | train_profit=-2.259386 (-225,939 PHP) val_profit=-0.054073 (-5,407 PHP) | train_geo=-0.936924 (-93,692 PHP) val_geo=-0.127163 (-12,716 PHP)
Epoch 035/50 | [MSE] train_loss=0.000698 val_loss=0.000532 | train_profit=-2.260695 (-226,069 PHP) val_profit=-0.008997 (-900 PHP) | train_geo=-0.936896 (-93,690 PHP) val_geo=-0.086891 (-8,689 PHP)
Epoch 036/50 | [MSE] train_loss=0.000695 val_loss=0.000532 | train_profit=-1.600793 (-160,079 PHP) val_profit=-0.143825 (-14,383 PHP) | train_geo=-0.877769 (-87,777 PHP) val_geo=-0.202242 (-20,224 PHP)
Epoch 037/50 | [MSE] train_loss=0.000692 val_loss=0.000532 | train_profit=-1.955426 (-195,543 PHP) val_profit=-0.019490 (-1,949 PHP) | train_geo=-0.914498 (-91,450 PHP) val_geo=-0.096437 (-9,644 PHP)
Epoch 038/50 | [MSE] train_loss=0.000694 val_loss=0.000531 | train_profit=-1.430772 (-143,077 PHP) val_profit=-0.061475 (-6,147 PHP) | train_geo=-0.855393 (-85,539 PHP) val_geo=-0.133639 (-13,364 PHP)
Epoch 039/50 | [MSE] train_loss=0.000694 val_loss=0.000532 | train_profit=-1.174307 (-117,431 PHP) val_profit=-0.080742 (-8,074 PHP) | train_geo=-0.812672 (-81,267 PHP) val_geo=-0.150205 (-15,021 PHP)
Epoch 040/50 | [MSE] train_loss=0.000693 val_loss=0.000532 | train_profit=-1.455986 (-145,599 PHP) val_profit=-0.054073 (-5,407 PHP) | train_geo=-0.858686 (-85,869 PHP) val_geo=-0.127163 (-12,716 PHP)
Epoch 041/50 | [MSE] train_loss=0.000693 val_loss=0.000532 | train_profit=-2.257537 (-225,754 PHP) val_profit=-0.680290 (-68,029 PHP) | train_geo=-0.936762 (-93,676 PHP) val_geo=-0.535657 (-53,566 PHP)
Epoch 042/50 | [MSE] train_loss=0.000694 val_loss=0.000531 | train_profit=-1.823624 (-182,362 PHP) val_profit=-0.542878 (-54,288 PHP) | train_geo=-0.903173 (-90,317 PHP) val_geo=-0.467222 (-46,722 PHP)
Epoch 043/50 | [MSE] train_loss=0.000694 val_loss=0.000533 | train_profit=-2.019803 (-201,980 PHP) val_profit=-0.064567 (-6,457 PHP) | train_geo=-0.919785 (-91,979 PHP) val_geo=-0.136287 (-13,629 PHP)
Epoch 044/50 | [MSE] train_loss=0.000691 val_loss=0.000532 | train_profit=-1.466837 (-146,684 PHP) val_profit=-0.440433 (-44,043 PHP) | train_geo=-0.860316 (-86,032 PHP) val_geo=-0.409519 (-40,952 PHP)
Epoch 045/50 | [MSE] train_loss=0.000692 val_loss=0.000533 | train_profit=-2.000057 (-200,006 PHP) val_profit=-0.008997 (-900 PHP) | train_geo=-0.918863 (-91,886 PHP) val_geo=-0.086891 (-8,689 PHP)
Epoch 046/50 | [MSE] train_loss=0.000690 val_loss=0.000533 | train_profit=-2.204564 (-220,456 PHP) val_profit=-0.180908 (-18,091 PHP) | train_geo=-0.933256 (-93,326 PHP) val_geo=-0.231013 (-23,101 PHP)
Epoch 047/50 | [MSE] train_loss=0.000689 val_loss=0.000531 | train_profit=-1.551684 (-155,168 PHP) val_profit=-0.061701 (-6,170 PHP) | train_geo=-0.871680 (-87,168 PHP) val_geo=-0.133974 (-13,397 PHP)
Epoch 048/50 | [MSE] train_loss=0.000690 val_loss=0.000533 | train_profit=-2.169949 (-216,995 PHP) val_profit=-0.074096 (-7,410 PHP) | train_geo=-0.931002 (-93,100 PHP) val_geo=-0.144702 (-14,470 PHP)
Epoch 049/50 | [MSE] train_loss=0.000688 val_loss=0.000533 | train_profit=-1.652227 (-165,223 PHP) val_profit=-0.074096 (-7,410 PHP) | train_geo=-0.883872 (-88,387 PHP) val_geo=-0.144702 (-14,470 PHP)
Epoch 050/50 | [MSE] train_loss=0.000691 val_loss=0.000533 | train_profit=-0.714086 (-71,409 PHP) val_profit=-0.486529 (-48,653 PHP) | train_geo=-0.702842 (-70,284 PHP) val_geo=-0.436107 (-43,611 PHP)
[15/37] F          (weak  ) mse           dir_acc=0.472 cum_ret=-0.2857 geo_ret=-0.3083 sharpe=-0.628 (buy&hold=+0.4477 always_short=-0.4131)
  [3.8s total]
Epoch 001/50 | train_loss=0.002166 val_loss=0.003434 | train_profit=-0.743093 (-74,309 PHP) val_profit=0.006997 (+700 PHP) | train_geo=-0.713962 (-71,396 PHP) val_geo=-0.076190 (-7,619 PHP)
Epoch 002/50 | train_loss=0.001687 val_loss=-0.000590 | train_profit=-0.503266 (-50,327 PHP) val_profit=0.517442 (+51,744 PHP) | train_geo=-0.632719 (-63,272 PHP) val_geo=0.545655 (+54,565 PHP)
Epoch 003/50 | train_loss=0.000999 val_loss=-0.000561 | train_profit=-0.420403 (-42,040 PHP) val_profit=0.237205 (+23,720 PHP) | train_geo=-0.604705 (-60,470 PHP) val_geo=0.167506 (+16,751 PHP)
Epoch 004/50 | train_loss=0.000538 val_loss=-0.000334 | train_profit=0.697516 (+69,752 PHP) val_profit=0.644224 (+64,422 PHP) | train_geo=0.209630 (+20,963 PHP) val_geo=0.755704 (+75,570 PHP)
Epoch 005/50 | train_loss=0.000752 val_loss=0.001531 | train_profit=-0.223179 (-22,318 PHP) val_profit=0.006997 (+700 PHP) | train_geo=-0.516001 (-51,600 PHP) val_geo=-0.076190 (-7,619 PHP)
Epoch 006/50 | train_loss=0.000618 val_loss=0.000939 | train_profit=0.369093 (+36,909 PHP) val_profit=0.006997 (+700 PHP) | train_geo=-0.123929 (-12,393 PHP) val_geo=-0.076190 (-7,619 PHP)
Epoch 007/50 | train_loss=0.000483 val_loss=0.000964 | train_profit=0.758048 (+75,805 PHP) val_profit=0.006997 (+700 PHP) | train_geo=0.293921 (+29,392 PHP) val_geo=-0.076190 (-7,619 PHP)
Epoch 008/50 | train_loss=0.000455 val_loss=0.000947 | train_profit=0.726884 (+72,688 PHP) val_profit=0.006997 (+700 PHP) | train_geo=0.253810 (+25,381 PHP) val_geo=-0.076190 (-7,619 PHP)
Epoch 009/50 | train_loss=0.000246 val_loss=0.000655 | train_profit=0.912896 (+91,290 PHP) val_profit=0.006997 (+700 PHP) | train_geo=0.510926 (+51,093 PHP) val_geo=-0.076190 (-7,619 PHP)
Epoch 010/50 | train_loss=0.000176 val_loss=0.000620 | train_profit=0.915163 (+91,516 PHP) val_profit=0.006997 (+700 PHP) | train_geo=0.514419 (+51,442 PHP) val_geo=-0.076190 (-7,619 PHP)
Epoch 011/50 | train_loss=0.000373 val_loss=0.001004 | train_profit=0.789508 (+78,951 PHP) val_profit=0.006997 (+700 PHP) | train_geo=0.335151 (+33,515 PHP) val_geo=-0.076190 (-7,619 PHP)
Epoch 012/50 | train_loss=0.000200 val_loss=0.000549 | train_profit=0.915163 (+91,516 PHP) val_profit=0.006997 (+700 PHP) | train_geo=0.514419 (+51,442 PHP) val_geo=-0.076190 (-7,619 PHP)
Epoch 013/50 | train_loss=0.000224 val_loss=0.000807 | train_profit=0.912896 (+91,290 PHP) val_profit=0.006997 (+700 PHP) | train_geo=0.510926 (+51,093 PHP) val_geo=-0.076190 (-7,619 PHP)
Epoch 014/50 | train_loss=0.000193 val_loss=0.000645 | train_profit=0.915163 (+91,516 PHP) val_profit=0.006997 (+700 PHP) | train_geo=0.514419 (+51,442 PHP) val_geo=-0.076190 (-7,619 PHP)
Epoch 015/50 | train_loss=0.000141 val_loss=0.000673 | train_profit=0.915163 (+91,516 PHP) val_profit=0.006997 (+700 PHP) | train_geo=0.514419 (+51,442 PHP) val_geo=-0.076190 (-7,619 PHP)
Epoch 016/50 | train_loss=0.000159 val_loss=0.000645 | train_profit=0.915163 (+91,516 PHP) val_profit=0.006997 (+700 PHP) | train_geo=0.514419 (+51,442 PHP) val_geo=-0.076190 (-7,619 PHP)
Epoch 017/50 | train_loss=0.000101 val_loss=0.000532 | train_profit=0.915163 (+91,516 PHP) val_profit=0.006997 (+700 PHP) | train_geo=0.514419 (+51,442 PHP) val_geo=-0.076190 (-7,619 PHP)
Epoch 018/50 | train_loss=0.000131 val_loss=0.000676 | train_profit=0.915163 (+91,516 PHP) val_profit=0.006997 (+700 PHP) | train_geo=0.514419 (+51,442 PHP) val_geo=-0.076190 (-7,619 PHP)
Epoch 019/50 | train_loss=0.000194 val_loss=0.000695 | train_profit=0.915163 (+91,516 PHP) val_profit=0.006997 (+700 PHP) | train_geo=0.514419 (+51,442 PHP) val_geo=-0.076190 (-7,619 PHP)
Epoch 020/50 | train_loss=0.000113 val_loss=0.000541 | train_profit=0.915163 (+91,516 PHP) val_profit=0.006997 (+700 PHP) | train_geo=0.514419 (+51,442 PHP) val_geo=-0.076190 (-7,619 PHP)
Epoch 021/50 | train_loss=0.000121 val_loss=0.000638 | train_profit=0.915163 (+91,516 PHP) val_profit=0.006997 (+700 PHP) | train_geo=0.514419 (+51,442 PHP) val_geo=-0.076190 (-7,619 PHP)
Epoch 022/50 | train_loss=0.000151 val_loss=0.000635 | train_profit=0.915163 (+91,516 PHP) val_profit=0.006997 (+700 PHP) | train_geo=0.514419 (+51,442 PHP) val_geo=-0.076190 (-7,619 PHP)
Epoch 023/50 | train_loss=0.000093 val_loss=0.000602 | train_profit=0.915163 (+91,516 PHP) val_profit=0.006997 (+700 PHP) | train_geo=0.514419 (+51,442 PHP) val_geo=-0.076190 (-7,619 PHP)
Epoch 024/50 | train_loss=0.000082 val_loss=0.000617 | train_profit=0.915163 (+91,516 PHP) val_profit=0.006997 (+700 PHP) | train_geo=0.514419 (+51,442 PHP) val_geo=-0.076190 (-7,619 PHP)
Epoch 025/50 | train_loss=0.000120 val_loss=0.000641 | train_profit=0.915163 (+91,516 PHP) val_profit=0.006997 (+700 PHP) | train_geo=0.514419 (+51,442 PHP) val_geo=-0.076190 (-7,619 PHP)
Epoch 026/50 | train_loss=0.000095 val_loss=0.000545 | train_profit=0.915163 (+91,516 PHP) val_profit=0.006997 (+700 PHP) | train_geo=0.514419 (+51,442 PHP) val_geo=-0.076190 (-7,619 PHP)
Epoch 027/50 | train_loss=0.000067 val_loss=0.000537 | train_profit=0.915163 (+91,516 PHP) val_profit=0.006997 (+700 PHP) | train_geo=0.514419 (+51,442 PHP) val_geo=-0.076190 (-7,619 PHP)
Epoch 028/50 | train_loss=0.000096 val_loss=0.000618 | train_profit=0.915163 (+91,516 PHP) val_profit=0.006997 (+700 PHP) | train_geo=0.514419 (+51,442 PHP) val_geo=-0.076190 (-7,619 PHP)
Epoch 029/50 | train_loss=0.000063 val_loss=0.000514 | train_profit=0.915163 (+91,516 PHP) val_profit=0.006997 (+700 PHP) | train_geo=0.514419 (+51,442 PHP) val_geo=-0.076190 (-7,619 PHP)
Epoch 030/50 | train_loss=0.000051 val_loss=0.000528 | train_profit=0.912896 (+91,290 PHP) val_profit=0.006997 (+700 PHP) | train_geo=0.510926 (+51,093 PHP) val_geo=-0.076190 (-7,619 PHP)
Epoch 031/50 | train_loss=0.000020 val_loss=0.000553 | train_profit=1.108858 (+110,886 PHP) val_profit=0.006997 (+700 PHP) | train_geo=0.839401 (+83,940 PHP) val_geo=-0.076190 (-7,619 PHP)
Epoch 032/50 | train_loss=-0.000050 val_loss=0.000535 | train_profit=1.316004 (+131,600 PHP) val_profit=-0.028845 (-2,884 PHP) | train_geo=1.262832 (+126,283 PHP) val_geo=-0.108711 (-10,871 PHP)
Epoch 033/50 | train_loss=-0.000122 val_loss=0.000474 | train_profit=1.578917 (+157,892 PHP) val_profit=-0.012641 (-1,264 PHP) | train_geo=1.945096 (+194,510 PHP) val_geo=-0.093997 (-9,400 PHP)
Epoch 034/50 | train_loss=-0.000218 val_loss=0.000430 | train_profit=1.801435 (+180,143 PHP) val_profit=-0.011416 (-1,142 PHP) | train_geo=2.679844 (+267,984 PHP) val_geo=-0.092986 (-9,299 PHP)
Epoch 035/50 | train_loss=-0.000340 val_loss=0.000464 | train_profit=1.495740 (+149,574 PHP) val_profit=0.005989 (+599 PHP) | train_geo=1.707310 (+170,731 PHP) val_geo=-0.077089 (-7,709 PHP)
Epoch 036/50 | train_loss=-0.000455 val_loss=0.000756 | train_profit=2.160256 (+216,026 PHP) val_profit=0.136914 (+13,691 PHP) | train_geo=4.272287 (+427,229 PHP) val_geo=0.052273 (+5,227 PHP)
Epoch 037/50 | train_loss=0.000106 val_loss=-0.000538 | train_profit=0.848266 (+84,827 PHP) val_profit=0.509288 (+50,929 PHP) | train_geo=0.416685 (+41,669 PHP) val_geo=0.532977 (+53,298 PHP)
Epoch 038/50 | train_loss=0.000419 val_loss=0.000041 | train_profit=0.035630 (+3,563 PHP) val_profit=0.429679 (+42,968 PHP) | train_geo=-0.377719 (-37,772 PHP) val_geo=0.416053 (+41,605 PHP)
Epoch 039/50 | train_loss=-0.000280 val_loss=0.000497 | train_profit=1.752772 (+175,277 PHP) val_profit=-0.255545 (-25,555 PHP) | train_geo=2.487210 (+248,721 PHP) val_geo=-0.289930 (-28,993 PHP)
Epoch 040/50 | train_loss=-0.000400 val_loss=0.000451 | train_profit=1.863394 (+186,339 PHP) val_profit=-0.123664 (-12,366 PHP) | train_geo=2.917733 (+291,773 PHP) val_geo=-0.189452 (-18,945 PHP)
Epoch 041/50 | train_loss=-0.000514 val_loss=0.000820 | train_profit=2.041353 (+204,135 PHP) val_profit=-0.025143 (-2,514 PHP) | train_geo=3.655226 (+365,523 PHP) val_geo=-0.105536 (-10,554 PHP)
Epoch 042/50 | train_loss=-0.000653 val_loss=0.000430 | train_profit=2.023733 (+202,373 PHP) val_profit=-0.230817 (-23,082 PHP) | train_geo=3.602337 (+360,234 PHP) val_geo=-0.272072 (-27,207 PHP)
Epoch 043/50 | train_loss=-0.000870 val_loss=0.001019 | train_profit=2.214180 (+221,418 PHP) val_profit=-0.311475 (-31,147 PHP) | train_geo=4.534199 (+453,420 PHP) val_geo=-0.328675 (-32,868 PHP)
Epoch 044/50 | train_loss=-0.000961 val_loss=0.000962 | train_profit=2.626597 (+262,660 PHP) val_profit=0.046532 (+4,653 PHP) | train_geo=7.424584 (+742,458 PHP) val_geo=-0.039053 (-3,905 PHP)
Epoch 045/50 | train_loss=-0.000810 val_loss=0.000719 | train_profit=1.991377 (+199,138 PHP) val_profit=0.044877 (+4,488 PHP) | train_geo=3.463448 (+346,345 PHP) val_geo=-0.041016 (-4,102 PHP)
Epoch 046/50 | train_loss=-0.000999 val_loss=0.000960 | train_profit=2.825107 (+282,511 PHP) val_profit=0.028773 (+2,877 PHP) | train_geo=9.282207 (+928,221 PHP) val_geo=-0.055696 (-5,570 PHP)
Epoch 047/50 | train_loss=-0.000898 val_loss=0.000525 | train_profit=2.326658 (+232,666 PHP) val_profit=0.016858 (+1,686 PHP) | train_geo=5.245169 (+524,517 PHP) val_geo=-0.067739 (-6,774 PHP)
Epoch 048/50 | train_loss=-0.001212 val_loss=0.000888 | train_profit=3.234250 (+323,425 PHP) val_profit=-0.048453 (-4,845 PHP) | train_geo=14.491188 (+1,449,119 PHP) val_geo=-0.126159 (-12,616 PHP)
Epoch 049/50 | train_loss=-0.001163 val_loss=0.000897 | train_profit=2.708122 (+270,812 PHP) val_profit=-0.164712 (-16,471 PHP) | train_geo=8.154153 (+815,415 PHP) val_geo=-0.222478 (-22,248 PHP)
Epoch 050/50 | train_loss=-0.001262 val_loss=0.001044 | train_profit=3.261764 (+326,176 PHP) val_profit=0.069541 (+6,954 PHP) | train_geo=14.917871 (+1,491,787 PHP) val_geo=-0.016483 (-1,648 PHP)
[15/37] F          (weak  ) profit-aware  dir_acc=0.487 cum_ret=-0.3054 geo_ret=-0.3215 sharpe=-0.672 (buy&hold=+0.4477 always_short=-0.4131)
  [4.6s total]
Epoch 001/50 | [MSE] train_loss=0.001109 val_loss=0.000614 | train_profit=-1.151211 (-115,121 PHP) val_profit=0.248234 (+24,823 PHP) | train_geo=-0.815560 (-81,556 PHP) val_geo=0.185344 (+18,534 PHP)
Epoch 002/50 | [MSE] train_loss=0.000880 val_loss=0.000561 | train_profit=-0.008470 (-847 PHP) val_profit=0.296648 (+29,665 PHP) | train_geo=-0.423924 (-42,392 PHP) val_geo=0.244247 (+24,425 PHP)
Epoch 003/50 | [MSE] train_loss=0.000812 val_loss=0.000536 | train_profit=0.968516 (+96,852 PHP) val_profit=0.425217 (+42,522 PHP) | train_geo=0.532318 (+53,232 PHP) val_geo=0.415094 (+41,509 PHP)
Epoch 004/50 | [MSE] train_loss=0.000806 val_loss=0.000523 | train_profit=0.678392 (+67,839 PHP) val_profit=0.496243 (+49,624 PHP) | train_geo=0.145993 (+14,599 PHP) val_geo=0.519305 (+51,931 PHP)
Epoch 005/50 | [MSE] train_loss=0.000781 val_loss=0.000521 | train_profit=2.115941 (+211,594 PHP) val_profit=0.353926 (+35,393 PHP) | train_geo=3.842870 (+384,287 PHP) val_geo=0.316145 (+31,615 PHP)
Epoch 006/50 | [MSE] train_loss=0.000794 val_loss=0.000522 | train_profit=1.205778 (+120,578 PHP) val_profit=0.586630 (+58,663 PHP) | train_geo=0.940446 (+94,045 PHP) val_geo=0.663090 (+66,309 PHP)
Epoch 007/50 | [MSE] train_loss=0.000786 val_loss=0.000527 | train_profit=1.252532 (+125,253 PHP) val_profit=0.320303 (+32,030 PHP) | train_geo=1.036069 (+103,607 PHP) val_geo=0.273837 (+27,384 PHP)
Epoch 008/50 | [MSE] train_loss=0.000769 val_loss=0.000534 | train_profit=1.964633 (+196,463 PHP) val_profit=0.312208 (+31,221 PHP) | train_geo=3.166297 (+316,630 PHP) val_geo=0.263743 (+26,374 PHP)
Epoch 009/50 | [MSE] train_loss=0.000782 val_loss=0.000547 | train_profit=1.324973 (+132,497 PHP) val_profit=0.296648 (+29,665 PHP) | train_geo=1.186041 (+118,604 PHP) val_geo=0.244247 (+24,425 PHP)
Epoch 010/50 | [MSE] train_loss=0.000789 val_loss=0.000551 | train_profit=1.194491 (+119,449 PHP) val_profit=0.248234 (+24,823 PHP) | train_geo=0.926496 (+92,650 PHP) val_geo=0.185344 (+18,534 PHP)
Epoch 011/50 | [MSE] train_loss=0.000801 val_loss=0.000563 | train_profit=0.122613 (+12,261 PHP) val_profit=0.248234 (+24,823 PHP) | train_geo=-0.344214 (-34,421 PHP) val_geo=0.185344 (+18,534 PHP)
Epoch 012/50 | [MSE] train_loss=0.000797 val_loss=0.000563 | train_profit=0.761343 (+76,134 PHP) val_profit=0.248234 (+24,823 PHP) | train_geo=0.248616 (+24,862 PHP) val_geo=0.185344 (+18,534 PHP)
Epoch 013/50 | [MSE] train_loss=0.000796 val_loss=0.000553 | train_profit=0.730704 (+73,070 PHP) val_profit=0.248234 (+24,823 PHP) | train_geo=0.209677 (+20,968 PHP) val_geo=0.185344 (+18,534 PHP)
Epoch 014/50 | [MSE] train_loss=0.000801 val_loss=0.000525 | train_profit=-0.433975 (-43,397 PHP) val_profit=0.248234 (+24,823 PHP) | train_geo=-0.623021 (-62,302 PHP) val_geo=0.185344 (+18,534 PHP)
Epoch 015/50 | [MSE] train_loss=0.000789 val_loss=0.000507 | train_profit=-0.050517 (-5,052 PHP) val_profit=0.309468 (+30,947 PHP) | train_geo=-0.446773 (-44,677 PHP) val_geo=0.260270 (+26,027 PHP)
Epoch 016/50 | [MSE] train_loss=0.000781 val_loss=0.000509 | train_profit=-0.523132 (-52,313 PHP) val_profit=0.312208 (+31,221 PHP) | train_geo=-0.658417 (-65,842 PHP) val_geo=0.263743 (+26,374 PHP)
Epoch 017/50 | [MSE] train_loss=0.000781 val_loss=0.000502 | train_profit=-0.678602 (-67,860 PHP) val_profit=0.419563 (+41,956 PHP) | train_geo=-0.704471 (-70,447 PHP) val_geo=0.407056 (+40,706 PHP)
Epoch 018/50 | [MSE] train_loss=0.000777 val_loss=0.000498 | train_profit=-1.904818 (-190,482 PHP) val_profit=0.354875 (+35,487 PHP) | train_geo=-0.914382 (-91,438 PHP) val_geo=0.318673 (+31,867 PHP)
Epoch 019/50 | [MSE] train_loss=0.000778 val_loss=0.000499 | train_profit=-1.272828 (-127,283 PHP) val_profit=0.339065 (+33,906 PHP) | train_geo=-0.838929 (-83,893 PHP) val_geo=0.298170 (+29,817 PHP)
Epoch 020/50 | [MSE] train_loss=0.000770 val_loss=0.000500 | train_profit=-0.586916 (-58,692 PHP) val_profit=0.394545 (+39,454 PHP) | train_geo=-0.676024 (-67,602 PHP) val_geo=0.372161 (+37,216 PHP)
Epoch 021/50 | [MSE] train_loss=0.000777 val_loss=0.000496 | train_profit=-0.875677 (-87,568 PHP) val_profit=0.415796 (+41,580 PHP) | train_geo=-0.759914 (-75,991 PHP) val_geo=0.401625 (+40,162 PHP)
Epoch 022/50 | [MSE] train_loss=0.000771 val_loss=0.000496 | train_profit=-0.824562 (-82,456 PHP) val_profit=0.395310 (+39,531 PHP) | train_geo=-0.745167 (-74,517 PHP) val_geo=0.373322 (+37,332 PHP)
Epoch 023/50 | [MSE] train_loss=0.000772 val_loss=0.000495 | train_profit=-1.190790 (-119,079 PHP) val_profit=0.392746 (+39,275 PHP) | train_geo=-0.825001 (-82,500 PHP) val_geo=0.369614 (+36,961 PHP)
Epoch 024/50 | [MSE] train_loss=0.000769 val_loss=0.000496 | train_profit=-0.406569 (-40,657 PHP) val_profit=0.342388 (+34,239 PHP) | train_geo=-0.611565 (-61,156 PHP) val_geo=0.302428 (+30,243 PHP)
Epoch 025/50 | [MSE] train_loss=0.000774 val_loss=0.000494 | train_profit=-1.558515 (-155,852 PHP) val_profit=0.326330 (+32,633 PHP) | train_geo=-0.878949 (-87,895 PHP) val_geo=0.281674 (+28,167 PHP)
Epoch 026/50 | [MSE] train_loss=0.000765 val_loss=0.000495 | train_profit=-0.337458 (-33,746 PHP) val_profit=0.444480 (+44,448 PHP) | train_geo=-0.584172 (-58,417 PHP) val_geo=0.442631 (+44,263 PHP)
Epoch 027/50 | [MSE] train_loss=0.000769 val_loss=0.000495 | train_profit=-1.407573 (-140,757 PHP) val_profit=0.331216 (+33,122 PHP) | train_geo=-0.857655 (-85,765 PHP) val_geo=0.288039 (+28,804 PHP)
Epoch 028/50 | [MSE] train_loss=0.000766 val_loss=0.000493 | train_profit=-0.842295 (-84,230 PHP) val_profit=0.389978 (+38,998 PHP) | train_geo=-0.749178 (-74,918 PHP) val_geo=0.366098 (+36,610 PHP)
Epoch 029/50 | [MSE] train_loss=0.000767 val_loss=0.000493 | train_profit=-0.552175 (-55,217 PHP) val_profit=0.375788 (+37,579 PHP) | train_geo=-0.664234 (-66,423 PHP) val_geo=0.346880 (+34,688 PHP)
Epoch 030/50 | [MSE] train_loss=0.000769 val_loss=0.000494 | train_profit=-0.767795 (-76,780 PHP) val_profit=0.445580 (+44,558 PHP) | train_geo=-0.729680 (-72,968 PHP) val_geo=0.444391 (+44,439 PHP)
Epoch 031/50 | [MSE] train_loss=0.000762 val_loss=0.000493 | train_profit=-0.537384 (-53,738 PHP) val_profit=0.264035 (+26,404 PHP) | train_geo=-0.659923 (-65,992 PHP) val_geo=0.204196 (+20,420 PHP)
Epoch 032/50 | [MSE] train_loss=0.000764 val_loss=0.000493 | train_profit=-0.828772 (-82,877 PHP) val_profit=0.302973 (+30,297 PHP) | train_geo=-0.745566 (-74,557 PHP) val_geo=0.252128 (+25,213 PHP)
Epoch 033/50 | [MSE] train_loss=0.000766 val_loss=0.000493 | train_profit=-0.248916 (-24,892 PHP) val_profit=0.386951 (+38,695 PHP) | train_geo=-0.544575 (-54,457 PHP) val_geo=0.362017 (+36,202 PHP)
Epoch 034/50 | [MSE] train_loss=0.000766 val_loss=0.000493 | train_profit=-1.013703 (-101,370 PHP) val_profit=0.222658 (+22,266 PHP) | train_geo=-0.789357 (-78,936 PHP) val_geo=0.155402 (+15,540 PHP)
Epoch 035/50 | [MSE] train_loss=0.000762 val_loss=0.000492 | train_profit=-0.037482 (-3,748 PHP) val_profit=0.325718 (+32,572 PHP) | train_geo=-0.438171 (-43,817 PHP) val_geo=0.280933 (+28,093 PHP)
Epoch 036/50 | [MSE] train_loss=0.000767 val_loss=0.000492 | train_profit=-0.062384 (-6,238 PHP) val_profit=0.222658 (+22,266 PHP) | train_geo=-0.452138 (-45,214 PHP) val_geo=0.155402 (+15,540 PHP)
Epoch 037/50 | [MSE] train_loss=0.000760 val_loss=0.000492 | train_profit=-0.060146 (-6,015 PHP) val_profit=0.409099 (+40,910 PHP) | train_geo=-0.449287 (-44,929 PHP) val_geo=0.392471 (+39,247 PHP)
Epoch 038/50 | [MSE] train_loss=0.000766 val_loss=0.000492 | train_profit=-0.202030 (-20,203 PHP) val_profit=0.340519 (+34,052 PHP) | train_geo=-0.523196 (-52,320 PHP) val_geo=0.300003 (+30,000 PHP)
Epoch 039/50 | [MSE] train_loss=0.000766 val_loss=0.000492 | train_profit=-1.046162 (-104,616 PHP) val_profit=0.426624 (+42,662 PHP) | train_geo=-0.797447 (-79,745 PHP) val_geo=0.417161 (+41,716 PHP)
Epoch 040/50 | [MSE] train_loss=0.000760 val_loss=0.000491 | train_profit=-0.014829 (-1,483 PHP) val_profit=0.401392 (+40,139 PHP) | train_geo=-0.424663 (-42,466 PHP) val_geo=0.381781 (+38,178 PHP)
Epoch 041/50 | [MSE] train_loss=0.000764 val_loss=0.000492 | train_profit=0.268131 (+26,813 PHP) val_profit=0.356673 (+35,667 PHP) | train_geo=-0.236565 (-23,656 PHP) val_geo=0.321308 (+32,131 PHP)
Epoch 042/50 | [MSE] train_loss=0.000762 val_loss=0.000492 | train_profit=0.054994 (+5,499 PHP) val_profit=0.263098 (+26,310 PHP) | train_geo=-0.383754 (-38,375 PHP) val_geo=0.203142 (+20,314 PHP)
Epoch 043/50 | [MSE] train_loss=0.000761 val_loss=0.000491 | train_profit=0.199698 (+19,970 PHP) val_profit=0.243139 (+24,314 PHP) | train_geo=-0.286786 (-28,679 PHP) val_geo=0.179112 (+17,911 PHP)
Epoch 044/50 | [MSE] train_loss=0.000758 val_loss=0.000491 | train_profit=0.317427 (+31,743 PHP) val_profit=0.236464 (+23,646 PHP) | train_geo=-0.195915 (-19,591 PHP) val_geo=0.171330 (+17,133 PHP)
Epoch 045/50 | [MSE] train_loss=0.000763 val_loss=0.000491 | train_profit=-0.044391 (-4,439 PHP) val_profit=0.354924 (+35,492 PHP) | train_geo=-0.442839 (-44,284 PHP) val_geo=0.318870 (+31,887 PHP)
Epoch 046/50 | [MSE] train_loss=0.000759 val_loss=0.000490 | train_profit=0.179670 (+17,967 PHP) val_profit=0.347113 (+34,711 PHP) | train_geo=-0.301210 (-30,121 PHP) val_geo=0.308519 (+30,852 PHP)
Epoch 047/50 | [MSE] train_loss=0.000759 val_loss=0.000492 | train_profit=0.401669 (+40,167 PHP) val_profit=0.269385 (+26,939 PHP) | train_geo=-0.127536 (-12,754 PHP) val_geo=0.210573 (+21,057 PHP)
Epoch 048/50 | [MSE] train_loss=0.000758 val_loss=0.000491 | train_profit=0.213918 (+21,392 PHP) val_profit=0.361238 (+36,124 PHP) | train_geo=-0.275998 (-27,600 PHP) val_geo=0.327193 (+32,719 PHP)
Epoch 049/50 | [MSE] train_loss=0.000762 val_loss=0.000491 | train_profit=0.090634 (+9,063 PHP) val_profit=0.224781 (+22,478 PHP) | train_geo=-0.359550 (-35,955 PHP) val_geo=0.157678 (+15,768 PHP)
Epoch 050/50 | [MSE] train_loss=0.000755 val_loss=0.000491 | train_profit=1.340364 (+134,036 PHP) val_profit=0.447684 (+44,768 PHP) | train_geo=1.241076 (+124,108 PHP) val_geo=0.447171 (+44,717 PHP)
[16/37] PYPL       (weak  ) mse           dir_acc=0.487 cum_ret=+0.1903 geo_ret=+0.0877 sharpe=+0.361 (buy&hold=-0.2105 always_short=+0.0157)
  [4.2s total]
Epoch 001/50 | train_loss=0.001105 val_loss=0.003975 | train_profit=0.448385 (+44,838 PHP) val_profit=-0.250234 (-25,023 PHP) | train_geo=-0.095219 (-9,522 PHP) val_geo=-0.279575 (-27,957 PHP)
Epoch 002/50 | train_loss=0.003442 val_loss=0.001107 | train_profit=-1.241919 (-124,192 PHP) val_profit=0.271535 (+27,154 PHP) | train_geo=-0.833318 (-83,332 PHP) val_geo=0.212490 (+21,249 PHP)
Epoch 003/50 | train_loss=0.000699 val_loss=0.001905 | train_profit=0.717398 (+71,740 PHP) val_profit=-0.250234 (-25,023 PHP) | train_geo=0.189069 (+18,907 PHP) val_geo=-0.279575 (-27,957 PHP)
Epoch 004/50 | train_loss=0.002480 val_loss=-0.000064 | train_profit=-2.429084 (-242,908 PHP) val_profit=0.248234 (+24,823 PHP) | train_geo=-0.949275 (-94,928 PHP) val_geo=0.185344 (+18,534 PHP)
Epoch 005/50 | train_loss=0.001211 val_loss=-0.000091 | train_profit=0.787190 (+78,719 PHP) val_profit=0.285194 (+28,519 PHP) | train_geo=0.272050 (+27,205 PHP) val_geo=0.230033 (+23,003 PHP)
Epoch 006/50 | train_loss=0.000964 val_loss=0.000127 | train_profit=-0.255234 (-25,523 PHP) val_profit=-0.021979 (-2,198 PHP) | train_geo=-0.552641 (-55,264 PHP) val_geo=-0.096516 (-9,652 PHP)
Epoch 007/50 | train_loss=0.001045 val_loss=0.000524 | train_profit=-0.853378 (-85,338 PHP) val_profit=0.002315 (+232 PHP) | train_geo=-0.754085 (-75,408 PHP) val_geo=-0.072883 (-7,288 PHP)
Epoch 008/50 | train_loss=0.000733 val_loss=0.000826 | train_profit=-0.302122 (-30,212 PHP) val_profit=-0.198325 (-19,832 PHP) | train_geo=-0.571823 (-57,182 PHP) val_geo=-0.241203 (-24,120 PHP)
Epoch 009/50 | train_loss=0.000721 val_loss=0.001156 | train_profit=0.414646 (+41,465 PHP) val_profit=-0.148942 (-14,894 PHP) | train_geo=-0.125677 (-12,568 PHP) val_geo=-0.202561 (-20,256 PHP)
Epoch 010/50 | train_loss=0.000624 val_loss=0.000740 | train_profit=0.986727 (+98,673 PHP) val_profit=0.109580 (+10,958 PHP) | train_geo=0.565245 (+56,525 PHP) val_geo=0.032105 (+3,210 PHP)
Epoch 011/50 | train_loss=0.000435 val_loss=0.000744 | train_profit=1.554667 (+155,467 PHP) val_profit=0.077121 (+7,712 PHP) | train_geo=1.764915 (+176,491 PHP) val_geo=-0.000923 (-92 PHP)
Epoch 012/50 | train_loss=0.000325 val_loss=0.000472 | train_profit=1.166636 (+116,664 PHP) val_profit=0.226036 (+22,604 PHP) | train_geo=0.872184 (+87,218 PHP) val_geo=0.159531 (+15,953 PHP)
Epoch 013/50 | train_loss=0.000080 val_loss=0.000544 | train_profit=2.056995 (+205,699 PHP) val_profit=0.177972 (+17,797 PHP) | train_geo=3.570804 (+357,080 PHP) val_geo=0.105239 (+10,524 PHP)
Epoch 014/50 | train_loss=0.000215 val_loss=0.000463 | train_profit=1.579911 (+157,991 PHP) val_profit=0.171641 (+17,164 PHP) | train_geo=1.835973 (+183,597 PHP) val_geo=0.098131 (+9,813 PHP)
Epoch 015/50 | train_loss=0.000237 val_loss=0.000168 | train_profit=1.678942 (+167,894 PHP) val_profit=0.594493 (+59,449 PHP) | train_geo=2.131359 (+213,136 PHP) val_geo=0.677532 (+67,753 PHP)
Epoch 016/50 | train_loss=0.000054 val_loss=0.000535 | train_profit=1.397479 (+139,748 PHP) val_profit=0.077186 (+7,719 PHP) | train_geo=1.361386 (+136,139 PHP) val_geo=-0.000809 (-81 PHP)
Epoch 017/50 | train_loss=0.000047 val_loss=0.000356 | train_profit=2.198517 (+219,852 PHP) val_profit=0.180850 (+18,085 PHP) | train_geo=4.267462 (+426,746 PHP) val_geo=0.108086 (+10,809 PHP)
Epoch 018/50 | train_loss=0.000012 val_loss=0.000272 | train_profit=2.003445 (+200,345 PHP) val_profit=0.534556 (+53,456 PHP) | train_geo=3.331193 (+333,119 PHP) val_geo=0.579701 (+57,970 PHP)
Epoch 019/50 | train_loss=0.000070 val_loss=0.000196 | train_profit=2.107108 (+210,711 PHP) val_profit=0.606938 (+60,694 PHP) | train_geo=3.805901 (+380,590 PHP) val_geo=0.698709 (+69,871 PHP)
Epoch 020/50 | train_loss=-0.000025 val_loss=0.000046 | train_profit=1.529880 (+152,988 PHP) val_profit=0.681055 (+68,106 PHP) | train_geo=1.696274 (+169,627 PHP) val_geo=0.829687 (+82,969 PHP)
Epoch 021/50 | train_loss=-0.000116 val_loss=0.000377 | train_profit=1.431179 (+143,118 PHP) val_profit=0.551101 (+55,110 PHP) | train_geo=1.440807 (+144,081 PHP) val_geo=0.606234 (+60,623 PHP)
Epoch 022/50 | train_loss=-0.000092 val_loss=0.000133 | train_profit=1.849190 (+184,919 PHP) val_profit=0.748165 (+74,816 PHP) | train_geo=2.711511 (+271,151 PHP) val_geo=0.956742 (+95,674 PHP)
Epoch 023/50 | train_loss=-0.000083 val_loss=0.000422 | train_profit=1.924460 (+192,446 PHP) val_profit=0.388415 (+38,841 PHP) | train_geo=3.001024 (+300,102 PHP) val_geo=0.364500 (+36,450 PHP)
Epoch 024/50 | train_loss=-0.000108 val_loss=-0.000030 | train_profit=1.968408 (+196,841 PHP) val_profit=0.509517 (+50,952 PHP) | train_geo=3.182745 (+318,274 PHP) val_geo=0.540791 (+54,079 PHP)
Epoch 025/50 | train_loss=-0.000088 val_loss=0.000433 | train_profit=1.999629 (+199,963 PHP) val_profit=0.594788 (+59,479 PHP) | train_geo=3.312948 (+331,295 PHP) val_geo=0.678739 (+67,874 PHP)
Epoch 026/50 | train_loss=-0.000082 val_loss=0.000061 | train_profit=2.094432 (+209,443 PHP) val_profit=0.684994 (+68,499 PHP) | train_geo=3.745311 (+374,531 PHP) val_geo=0.836879 (+83,688 PHP)
Epoch 027/50 | train_loss=-0.000089 val_loss=0.000131 | train_profit=1.113187 (+111,319 PHP) val_profit=0.572523 (+57,252 PHP) | train_geo=0.775776 (+77,578 PHP) val_geo=0.640679 (+64,068 PHP)
Epoch 028/50 | train_loss=-0.000063 val_loss=0.000250 | train_profit=1.880662 (+188,066 PHP) val_profit=0.526248 (+52,625 PHP) | train_geo=2.832147 (+283,215 PHP) val_geo=0.566491 (+56,649 PHP)
Epoch 029/50 | train_loss=-0.000116 val_loss=0.000016 | train_profit=1.724962 (+172,496 PHP) val_profit=0.322713 (+32,271 PHP) | train_geo=2.277542 (+227,754 PHP) val_geo=0.276078 (+27,608 PHP)
Epoch 030/50 | train_loss=-0.000252 val_loss=0.000228 | train_profit=2.053445 (+205,345 PHP) val_profit=0.597016 (+59,702 PHP) | train_geo=3.554506 (+355,451 PHP) val_geo=0.681918 (+68,192 PHP)
Epoch 031/50 | train_loss=-0.000153 val_loss=0.000649 | train_profit=1.769117 (+176,912 PHP) val_profit=0.224952 (+22,495 PHP) | train_geo=2.425853 (+242,585 PHP) val_geo=0.158733 (+15,873 PHP)
Epoch 032/50 | train_loss=-0.000034 val_loss=-0.000011 | train_profit=2.062313 (+206,231 PHP) val_profit=0.203445 (+20,344 PHP) | train_geo=3.598112 (+359,811 PHP) val_geo=0.132421 (+13,242 PHP)
Epoch 033/50 | train_loss=-0.000247 val_loss=0.000339 | train_profit=1.917215 (+191,722 PHP) val_profit=0.493468 (+49,347 PHP) | train_geo=2.972435 (+297,243 PHP) val_geo=0.516443 (+51,644 PHP)
Epoch 034/50 | train_loss=-0.000106 val_loss=0.000269 | train_profit=2.383964 (+238,396 PHP) val_profit=0.311903 (+31,190 PHP) | train_geo=5.342874 (+534,287 PHP) val_geo=0.262511 (+26,251 PHP)
Epoch 035/50 | train_loss=-0.000238 val_loss=0.000244 | train_profit=1.649922 (+164,992 PHP) val_profit=0.638398 (+63,840 PHP) | train_geo=2.040617 (+204,062 PHP) val_geo=0.753451 (+75,345 PHP)
Epoch 036/50 | train_loss=-0.000116 val_loss=0.000319 | train_profit=2.421815 (+242,182 PHP) val_profit=0.043077 (+4,308 PHP) | train_geo=5.586555 (+558,656 PHP) val_geo=-0.035623 (-3,562 PHP)
Epoch 037/50 | train_loss=-0.000289 val_loss=0.000053 | train_profit=2.207444 (+220,744 PHP) val_profit=0.379202 (+37,920 PHP) | train_geo=4.316113 (+431,611 PHP) val_geo=0.350281 (+35,028 PHP)
Epoch 038/50 | train_loss=-0.000334 val_loss=0.000194 | train_profit=2.403057 (+240,306 PHP) val_profit=-0.009849 (-985 PHP) | train_geo=5.464310 (+546,431 PHP) val_geo=-0.085448 (-8,545 PHP)
Epoch 039/50 | train_loss=-0.000355 val_loss=0.000084 | train_profit=1.996580 (+199,658 PHP) val_profit=0.376712 (+37,671 PHP) | train_geo=3.300244 (+330,024 PHP) val_geo=0.346996 (+34,700 PHP)
Epoch 040/50 | train_loss=-0.000538 val_loss=0.000173 | train_profit=2.203678 (+220,368 PHP) val_profit=0.359220 (+35,922 PHP) | train_geo=4.291730 (+429,173 PHP) val_geo=0.323587 (+32,359 PHP)
Epoch 041/50 | train_loss=-0.000329 val_loss=0.000724 | train_profit=2.119637 (+211,964 PHP) val_profit=0.174598 (+17,460 PHP) | train_geo=3.863473 (+386,347 PHP) val_geo=0.100521 (+10,052 PHP)
Epoch 042/50 | train_loss=-0.000342 val_loss=0.000380 | train_profit=2.492432 (+249,243 PHP) val_profit=0.224651 (+22,465 PHP) | train_geo=6.073742 (+607,374 PHP) val_geo=0.156955 (+15,695 PHP)
Epoch 043/50 | train_loss=-0.000476 val_loss=0.000317 | train_profit=2.328158 (+232,816 PHP) val_profit=0.337785 (+33,778 PHP) | train_geo=4.994408 (+499,441 PHP) val_geo=0.295520 (+29,552 PHP)
Epoch 044/50 | train_loss=-0.000552 val_loss=0.000351 | train_profit=2.702584 (+270,258 PHP) val_profit=0.240663 (+24,066 PHP) | train_geo=7.740110 (+774,011 PHP) val_geo=0.175567 (+17,557 PHP)
Epoch 045/50 | train_loss=-0.000484 val_loss=0.000411 | train_profit=2.720557 (+272,056 PHP) val_profit=0.177414 (+17,741 PHP) | train_geo=7.906711 (+790,671 PHP) val_geo=0.103484 (+10,348 PHP)
Epoch 046/50 | train_loss=-0.000674 val_loss=0.000488 | train_profit=2.629564 (+262,956 PHP) val_profit=-0.135018 (-13,502 PHP) | train_geo=7.106810 (+710,681 PHP) val_geo=-0.193308 (-19,331 PHP)
Epoch 047/50 | train_loss=-0.000734 val_loss=0.000421 | train_profit=2.669075 (+266,907 PHP) val_profit=0.320339 (+32,034 PHP) | train_geo=7.431896 (+743,190 PHP) val_geo=0.273325 (+27,332 PHP)
Epoch 048/50 | train_loss=-0.000767 val_loss=0.001041 | train_profit=2.791142 (+279,114 PHP) val_profit=-0.065152 (-6,515 PHP) | train_geo=8.547230 (+854,723 PHP) val_geo=-0.134301 (-13,430 PHP)
Epoch 049/50 | train_loss=-0.001010 val_loss=0.000532 | train_profit=2.983856 (+298,386 PHP) val_profit=0.137772 (+13,777 PHP) | train_geo=10.577350 (+1,057,735 PHP) val_geo=0.060392 (+6,039 PHP)
Epoch 050/50 | train_loss=-0.000880 val_loss=0.001069 | train_profit=2.644531 (+264,453 PHP) val_profit=-0.016981 (-1,698 PHP) | train_geo=7.235241 (+723,524 PHP) val_geo=-0.091523 (-9,152 PHP)
[16/37] PYPL       (weak  ) profit-aware  dir_acc=0.497 cum_ret=-0.1842 geo_ret=-0.2523 sharpe=-0.349 (buy&hold=-0.2105 always_short=+0.0157)
  [5.0s total]
Epoch 001/50 | [MSE] train_loss=0.001420 val_loss=0.000668 | train_profit=-0.745651 (-74,565 PHP) val_profit=0.108095 (+10,809 PHP) | train_geo=-0.759378 (-75,938 PHP) val_geo=0.020061 (+2,006 PHP)
Epoch 002/50 | [MSE] train_loss=0.001016 val_loss=0.000565 | train_profit=-0.737644 (-73,764 PHP) val_profit=0.136933 (+13,693 PHP) | train_geo=-0.759625 (-75,962 PHP) val_geo=0.050152 (+5,015 PHP)
Epoch 003/50 | [MSE] train_loss=0.000967 val_loss=0.000562 | train_profit=-1.681284 (-168,128 PHP) val_profit=0.081390 (+8,139 PHP) | train_geo=-0.906407 (-90,641 PHP) val_geo=-0.005902 (-590 PHP)
Epoch 004/50 | [MSE] train_loss=0.000959 val_loss=0.000561 | train_profit=-2.187568 (-218,757 PHP) val_profit=-0.063329 (-6,333 PHP) | train_geo=-0.943147 (-94,315 PHP) val_geo=-0.140440 (-14,044 PHP)
Epoch 005/50 | [MSE] train_loss=0.000937 val_loss=0.000560 | train_profit=-0.648307 (-64,831 PHP) val_profit=0.147983 (+14,798 PHP) | train_geo=-0.735147 (-73,515 PHP) val_geo=0.062940 (+6,294 PHP)
Epoch 006/50 | [MSE] train_loss=0.000953 val_loss=0.000560 | train_profit=-1.584021 (-158,402 PHP) val_profit=0.045115 (+4,511 PHP) | train_geo=-0.897422 (-89,742 PHP) val_geo=-0.041880 (-4,188 PHP)
Epoch 007/50 | [MSE] train_loss=0.000960 val_loss=0.000562 | train_profit=-3.695262 (-369,526 PHP) val_profit=0.081917 (+8,192 PHP) | train_geo=-0.987651 (-98,765 PHP) val_geo=-0.006136 (-614 PHP)
Epoch 008/50 | [MSE] train_loss=0.000924 val_loss=0.000558 | train_profit=-1.183413 (-118,341 PHP) val_profit=-0.125017 (-12,502 PHP) | train_geo=-0.844266 (-84,427 PHP) val_geo=-0.191909 (-19,191 PHP)
Epoch 009/50 | [MSE] train_loss=0.000935 val_loss=0.000566 | train_profit=-1.601754 (-160,175 PHP) val_profit=0.081917 (+8,192 PHP) | train_geo=-0.898129 (-89,813 PHP) val_geo=-0.006136 (-614 PHP)
Epoch 010/50 | [MSE] train_loss=0.000936 val_loss=0.000559 | train_profit=-3.121189 (-312,119 PHP) val_profit=0.081917 (+8,192 PHP) | train_geo=-0.977924 (-97,792 PHP) val_geo=-0.006136 (-614 PHP)
Epoch 011/50 | [MSE] train_loss=0.000939 val_loss=0.000561 | train_profit=-2.879804 (-287,980 PHP) val_profit=0.081917 (+8,192 PHP) | train_geo=-0.972023 (-97,202 PHP) val_geo=-0.006136 (-614 PHP)
Epoch 012/50 | [MSE] train_loss=0.000930 val_loss=0.000559 | train_profit=-1.568752 (-156,875 PHP) val_profit=0.007784 (+778 PHP) | train_geo=-0.895239 (-89,524 PHP) val_geo=-0.077289 (-7,729 PHP)
Epoch 013/50 | [MSE] train_loss=0.000921 val_loss=0.000561 | train_profit=-2.361098 (-236,110 PHP) val_profit=0.081917 (+8,192 PHP) | train_geo=-0.953032 (-95,303 PHP) val_geo=-0.006136 (-614 PHP)
Epoch 014/50 | [MSE] train_loss=0.000928 val_loss=0.000565 | train_profit=-1.897228 (-189,723 PHP) val_profit=0.081917 (+8,192 PHP) | train_geo=-0.924027 (-92,403 PHP) val_geo=-0.006136 (-614 PHP)
Epoch 015/50 | [MSE] train_loss=0.000919 val_loss=0.000559 | train_profit=-0.436026 (-43,603 PHP) val_profit=0.020946 (+2,095 PHP) | train_geo=-0.669181 (-66,918 PHP) val_geo=-0.065038 (-6,504 PHP)
Epoch 016/50 | [MSE] train_loss=0.000930 val_loss=0.000560 | train_profit=-1.567513 (-156,751 PHP) val_profit=0.081917 (+8,192 PHP) | train_geo=-0.894291 (-89,429 PHP) val_geo=-0.006136 (-614 PHP)
Epoch 017/50 | [MSE] train_loss=0.000927 val_loss=0.000565 | train_profit=-3.512455 (-351,245 PHP) val_profit=0.036182 (+3,618 PHP) | train_geo=-0.985047 (-98,505 PHP) val_geo=-0.050641 (-5,064 PHP)
Epoch 018/50 | [MSE] train_loss=0.000926 val_loss=0.000561 | train_profit=-1.469536 (-146,954 PHP) val_profit=0.081917 (+8,192 PHP) | train_geo=-0.882896 (-88,290 PHP) val_geo=-0.006136 (-614 PHP)
Epoch 019/50 | [MSE] train_loss=0.000930 val_loss=0.000561 | train_profit=-2.493881 (-249,388 PHP) val_profit=0.020946 (+2,095 PHP) | train_geo=-0.958866 (-95,887 PHP) val_geo=-0.065038 (-6,504 PHP)
Epoch 020/50 | [MSE] train_loss=0.000920 val_loss=0.000563 | train_profit=-1.525297 (-152,530 PHP) val_profit=0.081917 (+8,192 PHP) | train_geo=-0.889091 (-88,909 PHP) val_geo=-0.006136 (-614 PHP)
Epoch 021/50 | [MSE] train_loss=0.000921 val_loss=0.000563 | train_profit=-0.972739 (-97,274 PHP) val_profit=0.081917 (+8,192 PHP) | train_geo=-0.806476 (-80,648 PHP) val_geo=-0.006136 (-614 PHP)
Epoch 022/50 | [MSE] train_loss=0.000919 val_loss=0.000563 | train_profit=-0.329738 (-32,974 PHP) val_profit=0.036182 (+3,618 PHP) | train_geo=-0.633072 (-63,307 PHP) val_geo=-0.050641 (-5,064 PHP)
Epoch 023/50 | [MSE] train_loss=0.000919 val_loss=0.000561 | train_profit=-0.352670 (-35,267 PHP) val_profit=0.055309 (+5,531 PHP) | train_geo=-0.642801 (-64,280 PHP) val_geo=-0.032339 (-3,234 PHP)
Epoch 024/50 | [MSE] train_loss=0.000918 val_loss=0.000564 | train_profit=-1.035388 (-103,539 PHP) val_profit=0.036182 (+3,618 PHP) | train_geo=-0.819387 (-81,939 PHP) val_geo=-0.050641 (-5,064 PHP)
Epoch 025/50 | [MSE] train_loss=0.000914 val_loss=0.000565 | train_profit=-0.454400 (-45,440 PHP) val_profit=0.020946 (+2,095 PHP) | train_geo=-0.675221 (-67,522 PHP) val_geo=-0.065038 (-6,504 PHP)
Epoch 026/50 | [MSE] train_loss=0.000918 val_loss=0.000562 | train_profit=-0.719733 (-71,973 PHP) val_profit=0.055309 (+5,531 PHP) | train_geo=-0.750600 (-75,060 PHP) val_geo=-0.032339 (-3,234 PHP)
Epoch 027/50 | [MSE] train_loss=0.000914 val_loss=0.000563 | train_profit=-0.144207 (-14,421 PHP) val_profit=0.055309 (+5,531 PHP) | train_geo=-0.555470 (-55,547 PHP) val_geo=-0.032339 (-3,234 PHP)
Epoch 028/50 | [MSE] train_loss=0.000918 val_loss=0.000562 | train_profit=-0.686905 (-68,690 PHP) val_profit=0.070545 (+7,054 PHP) | train_geo=-0.743350 (-74,335 PHP) val_geo=-0.017437 (-1,744 PHP)
Epoch 029/50 | [MSE] train_loss=0.000918 val_loss=0.000566 | train_profit=-2.202756 (-220,276 PHP) val_profit=0.055309 (+5,531 PHP) | train_geo=-0.944498 (-94,450 PHP) val_geo=-0.032339 (-3,234 PHP)
Epoch 030/50 | [MSE] train_loss=0.000918 val_loss=0.000564 | train_profit=-1.697494 (-169,749 PHP) val_profit=0.055309 (+5,531 PHP) | train_geo=-0.906642 (-90,664 PHP) val_geo=-0.032339 (-3,234 PHP)
Epoch 031/50 | [MSE] train_loss=0.000916 val_loss=0.000565 | train_profit=-1.139497 (-113,950 PHP) val_profit=0.119862 (+11,986 PHP) | train_geo=-0.836844 (-83,684 PHP) val_geo=0.032352 (+3,235 PHP)
Epoch 032/50 | [MSE] train_loss=0.000910 val_loss=0.000565 | train_profit=-0.757893 (-75,789 PHP) val_profit=0.055309 (+5,531 PHP) | train_geo=-0.762276 (-76,228 PHP) val_geo=-0.032339 (-3,234 PHP)
Epoch 033/50 | [MSE] train_loss=0.000912 val_loss=0.000566 | train_profit=-1.870710 (-187,071 PHP) val_profit=0.080783 (+8,078 PHP) | train_geo=-0.921014 (-92,101 PHP) val_geo=-0.007318 (-732 PHP)
Epoch 034/50 | [MSE] train_loss=0.000914 val_loss=0.000565 | train_profit=-1.245039 (-124,504 PHP) val_profit=0.055309 (+5,531 PHP) | train_geo=-0.852727 (-85,273 PHP) val_geo=-0.032339 (-3,234 PHP)
Epoch 035/50 | [MSE] train_loss=0.000902 val_loss=0.000566 | train_profit=0.398493 (+39,849 PHP) val_profit=-0.049772 (-4,977 PHP) | train_geo=-0.234079 (-23,408 PHP) val_geo=-0.129164 (-12,916 PHP)
Epoch 036/50 | [MSE] train_loss=0.000902 val_loss=0.000564 | train_profit=-1.040223 (-104,022 PHP) val_profit=-0.048517 (-4,852 PHP) | train_geo=-0.818197 (-81,820 PHP) val_geo=-0.128022 (-12,802 PHP)
Epoch 037/50 | [MSE] train_loss=0.000906 val_loss=0.000568 | train_profit=-1.630904 (-163,090 PHP) val_profit=0.151440 (+15,144 PHP) | train_geo=-0.899983 (-89,998 PHP) val_geo=0.065429 (+6,543 PHP)
Epoch 038/50 | [MSE] train_loss=0.000884 val_loss=0.000573 | train_profit=-1.398624 (-139,862 PHP) val_profit=0.007192 (+719 PHP) | train_geo=-0.873916 (-87,392 PHP) val_geo=-0.077788 (-7,779 PHP)
Epoch 039/50 | [MSE] train_loss=0.000883 val_loss=0.000580 | train_profit=-0.096328 (-9,633 PHP) val_profit=0.034402 (+3,440 PHP) | train_geo=-0.534549 (-53,455 PHP) val_geo=-0.052311 (-5,231 PHP)
Epoch 040/50 | [MSE] train_loss=0.000890 val_loss=0.000577 | train_profit=-0.677557 (-67,756 PHP) val_profit=0.179590 (+17,959 PHP) | train_geo=-0.740519 (-74,052 PHP) val_geo=0.096022 (+9,602 PHP)
Epoch 041/50 | [MSE] train_loss=0.000913 val_loss=0.000557 | train_profit=-0.397012 (-39,701 PHP) val_profit=-0.282102 (-28,210 PHP) | train_geo=-0.658009 (-65,801 PHP) val_geo=-0.309764 (-30,976 PHP)
Epoch 042/50 | [MSE] train_loss=0.000909 val_loss=0.000567 | train_profit=-0.388159 (-38,816 PHP) val_profit=-0.056783 (-5,678 PHP) | train_geo=-0.651787 (-65,179 PHP) val_geo=-0.134746 (-13,475 PHP)
Epoch 043/50 | [MSE] train_loss=0.000901 val_loss=0.000563 | train_profit=-0.051590 (-5,159 PHP) val_profit=-0.069642 (-6,964 PHP) | train_geo=-0.511909 (-51,191 PHP) val_geo=-0.146067 (-14,607 PHP)
Epoch 044/50 | [MSE] train_loss=0.000887 val_loss=0.000577 | train_profit=-0.657177 (-65,718 PHP) val_profit=-0.073746 (-7,375 PHP) | train_geo=-0.734897 (-73,490 PHP) val_geo=-0.149644 (-14,964 PHP)
Epoch 045/50 | [MSE] train_loss=0.000868 val_loss=0.000573 | train_profit=1.172965 (+117,296 PHP) val_profit=-0.049674 (-4,967 PHP) | train_geo=0.666109 (+66,611 PHP) val_geo=-0.128789 (-12,879 PHP)
Epoch 046/50 | [MSE] train_loss=0.000888 val_loss=0.000570 | train_profit=-0.821485 (-82,149 PHP) val_profit=-0.207809 (-20,781 PHP) | train_geo=-0.774764 (-77,476 PHP) val_geo=-0.256348 (-25,635 PHP)
Epoch 047/50 | [MSE] train_loss=0.000837 val_loss=0.000577 | train_profit=0.881126 (+88,113 PHP) val_profit=-0.031872 (-3,187 PHP) | train_geo=0.246026 (+24,603 PHP) val_geo=-0.113175 (-11,317 PHP)
Epoch 048/50 | [MSE] train_loss=0.000843 val_loss=0.000579 | train_profit=-0.771461 (-77,146 PHP) val_profit=-0.148236 (-14,824 PHP) | train_geo=-0.762850 (-76,285 PHP) val_geo=-0.210724 (-21,072 PHP)
Epoch 049/50 | [MSE] train_loss=0.000864 val_loss=0.000574 | train_profit=-0.472752 (-47,275 PHP) val_profit=0.111683 (+11,168 PHP) | train_geo=-0.679094 (-67,909 PHP) val_geo=0.024024 (+2,402 PHP)
Epoch 050/50 | [MSE] train_loss=0.000921 val_loss=0.000557 | train_profit=-1.544304 (-154,430 PHP) val_profit=-0.180058 (-18,006 PHP) | train_geo=-0.892737 (-89,274 PHP) val_geo=-0.234855 (-23,486 PHP)
[17/37] BA         (weak  ) mse           dir_acc=0.481 cum_ret=+0.3706 geo_ret=+0.3566 sharpe=+0.903 (buy&hold=+0.0268 always_short=-0.1475)
  [3.9s total]
Epoch 001/50 | train_loss=0.001447 val_loss=0.000923 | train_profit=0.071841 (+7,184 PHP) val_profit=-0.033601 (-3,360 PHP) | train_geo=-0.458371 (-45,837 PHP) val_geo=-0.115135 (-11,513 PHP)
Epoch 002/50 | train_loss=0.001339 val_loss=0.001227 | train_profit=-1.096870 (-109,687 PHP) val_profit=0.109433 (+10,943 PHP) | train_geo=-0.831533 (-83,153 PHP) val_geo=0.020642 (+2,064 PHP)
Epoch 003/50 | train_loss=0.000937 val_loss=0.001230 | train_profit=0.490170 (+49,017 PHP) val_profit=-0.083917 (-8,392 PHP) | train_geo=-0.172120 (-17,212 PHP) val_geo=-0.158704 (-15,870 PHP)
Epoch 004/50 | train_loss=0.001118 val_loss=0.000405 | train_profit=-0.083870 (-8,387 PHP) val_profit=0.081917 (+8,192 PHP) | train_geo=-0.530210 (-53,021 PHP) val_geo=-0.006136 (-614 PHP)
Epoch 005/50 | train_loss=0.000874 val_loss=0.000711 | train_profit=0.012569 (+1,257 PHP) val_profit=-0.083917 (-8,392 PHP) | train_geo=-0.490250 (-49,025 PHP) val_geo=-0.158704 (-15,870 PHP)
Epoch 006/50 | train_loss=0.000733 val_loss=0.000571 | train_profit=0.021814 (+2,181 PHP) val_profit=0.071746 (+7,175 PHP) | train_geo=-0.482984 (-48,298 PHP) val_geo=-0.016137 (-1,614 PHP)
Epoch 007/50 | train_loss=0.001055 val_loss=0.000893 | train_profit=-1.094417 (-109,442 PHP) val_profit=-0.083917 (-8,392 PHP) | train_geo=-0.831266 (-83,127 PHP) val_geo=-0.158704 (-15,870 PHP)
Epoch 008/50 | train_loss=0.000668 val_loss=0.000582 | train_profit=0.263906 (+26,391 PHP) val_profit=0.081917 (+8,192 PHP) | train_geo=-0.340751 (-34,075 PHP) val_geo=-0.006136 (-614 PHP)
Epoch 009/50 | train_loss=0.000901 val_loss=0.000749 | train_profit=-0.723993 (-72,399 PHP) val_profit=-0.243313 (-24,331 PHP) | train_geo=-0.757122 (-75,712 PHP) val_geo=-0.283660 (-28,366 PHP)
Epoch 010/50 | train_loss=0.000576 val_loss=0.000686 | train_profit=-0.101846 (-10,185 PHP) val_profit=0.079289 (+7,929 PHP) | train_geo=-0.543388 (-54,339 PHP) val_geo=-0.008769 (-877 PHP)
Epoch 011/50 | train_loss=0.000657 val_loss=0.000697 | train_profit=-0.637494 (-63,749 PHP) val_profit=-0.292027 (-29,203 PHP) | train_geo=-0.733701 (-73,370 PHP) val_geo=-0.317080 (-31,708 PHP)
Epoch 012/50 | train_loss=0.000610 val_loss=0.000782 | train_profit=-0.489366 (-48,937 PHP) val_profit=-0.376192 (-37,619 PHP) | train_geo=-0.687930 (-68,793 PHP) val_geo=-0.372768 (-37,277 PHP)
Epoch 013/50 | train_loss=0.000242 val_loss=0.000629 | train_profit=1.259779 (+125,978 PHP) val_profit=0.108005 (+10,801 PHP) | train_geo=0.788594 (+78,859 PHP) val_geo=0.020235 (+2,023 PHP)
Epoch 014/50 | train_loss=0.000370 val_loss=0.000770 | train_profit=-0.106916 (-10,692 PHP) val_profit=-0.656787 (-65,679 PHP) | train_geo=-0.539779 (-53,978 PHP) val_geo=-0.526603 (-52,660 PHP)
Epoch 015/50 | train_loss=0.000273 val_loss=0.000507 | train_profit=1.391633 (+139,163 PHP) val_profit=0.081917 (+8,192 PHP) | train_geo=1.040992 (+104,099 PHP) val_geo=-0.006136 (-614 PHP)
Epoch 016/50 | train_loss=0.000816 val_loss=0.000836 | train_profit=-0.789765 (-78,977 PHP) val_profit=-0.178482 (-17,848 PHP) | train_geo=-0.771304 (-77,130 PHP) val_geo=-0.234673 (-23,467 PHP)
Epoch 017/50 | train_loss=0.000389 val_loss=0.000804 | train_profit=1.398231 (+139,823 PHP) val_profit=0.081917 (+8,192 PHP) | train_geo=1.057223 (+105,722 PHP) val_geo=-0.006136 (-614 PHP)
Epoch 018/50 | train_loss=0.000878 val_loss=0.000917 | train_profit=-1.213926 (-121,393 PHP) val_profit=-0.179899 (-17,990 PHP) | train_geo=-0.850566 (-85,057 PHP) val_geo=-0.235834 (-23,583 PHP)
Epoch 019/50 | train_loss=0.000577 val_loss=0.000882 | train_profit=0.624440 (+62,444 PHP) val_profit=0.065536 (+6,554 PHP) | train_geo=-0.054158 (-5,416 PHP) val_geo=-0.022287 (-2,229 PHP)
Epoch 020/50 | train_loss=0.000377 val_loss=0.000851 | train_profit=1.099987 (+109,999 PHP) val_profit=-0.116367 (-11,637 PHP) | train_geo=0.545679 (+54,568 PHP) val_geo=-0.185604 (-18,560 PHP)
Epoch 021/50 | train_loss=0.000069 val_loss=0.000779 | train_profit=1.397415 (+139,742 PHP) val_profit=0.085499 (+8,550 PHP) | train_geo=1.089714 (+108,971 PHP) val_geo=-0.002533 (-253 PHP)
Epoch 022/50 | train_loss=0.000388 val_loss=0.001089 | train_profit=0.324098 (+32,410 PHP) val_profit=-0.365608 (-36,561 PHP) | train_geo=-0.294073 (-29,407 PHP) val_geo=-0.365478 (-36,548 PHP)
Epoch 023/50 | train_loss=0.000687 val_loss=0.001059 | train_profit=0.925149 (+92,515 PHP) val_profit=0.000982 (+98 PHP) | train_geo=0.281896 (+28,190 PHP) val_geo=-0.083553 (-8,355 PHP)
Epoch 024/50 | train_loss=0.000154 val_loss=0.000884 | train_profit=1.234662 (+123,466 PHP) val_profit=-0.158203 (-15,820 PHP) | train_geo=0.772042 (+77,204 PHP) val_geo=-0.219130 (-21,913 PHP)
Epoch 025/50 | train_loss=-0.000106 val_loss=0.000705 | train_profit=1.188664 (+118,866 PHP) val_profit=0.014736 (+1,474 PHP) | train_geo=0.685116 (+68,512 PHP) val_geo=-0.070882 (-7,088 PHP)
Epoch 026/50 | train_loss=0.000396 val_loss=0.000972 | train_profit=-0.018837 (-1,884 PHP) val_profit=-0.185225 (-18,523 PHP) | train_geo=-0.501007 (-50,101 PHP) val_geo=-0.239959 (-23,996 PHP)
Epoch 027/50 | train_loss=0.000496 val_loss=0.001072 | train_profit=1.141010 (+114,101 PHP) val_profit=0.000982 (+98 PHP) | train_geo=0.591448 (+59,145 PHP) val_geo=-0.083553 (-8,355 PHP)
Epoch 028/50 | train_loss=0.000439 val_loss=0.001108 | train_profit=0.628070 (+62,807 PHP) val_profit=-0.083917 (-8,392 PHP) | train_geo=-0.040552 (-4,055 PHP) val_geo=-0.158704 (-15,870 PHP)
Epoch 029/50 | train_loss=0.000071 val_loss=0.001065 | train_profit=0.657584 (+65,758 PHP) val_profit=0.087246 (+8,725 PHP) | train_geo=-0.006188 (-619 PHP) val_geo=-0.000833 (-83 PHP)
Epoch 030/50 | train_loss=0.000129 val_loss=0.000976 | train_profit=1.725889 (+172,589 PHP) val_profit=-0.168676 (-16,868 PHP) | train_geo=1.888363 (+188,836 PHP) val_geo=-0.226942 (-22,694 PHP)
Epoch 031/50 | train_loss=0.000152 val_loss=0.000750 | train_profit=-0.261401 (-26,140 PHP) val_profit=-0.550560 (-55,056 PHP) | train_geo=-0.606859 (-60,686 PHP) val_geo=-0.473524 (-47,352 PHP)
Epoch 032/50 | train_loss=-0.000466 val_loss=0.000775 | train_profit=1.422115 (+142,211 PHP) val_profit=-0.416084 (-41,608 PHP) | train_geo=1.142838 (+114,284 PHP) val_geo=-0.397681 (-39,768 PHP)
Epoch 033/50 | train_loss=-0.000395 val_loss=0.000724 | train_profit=1.393649 (+139,365 PHP) val_profit=-0.223795 (-22,379 PHP) | train_geo=1.079915 (+107,992 PHP) val_geo=-0.268065 (-26,807 PHP)
Epoch 034/50 | train_loss=-0.000273 val_loss=0.000695 | train_profit=1.690724 (+169,072 PHP) val_profit=-0.563537 (-56,354 PHP) | train_geo=1.805598 (+180,560 PHP) val_geo=-0.480371 (-48,037 PHP)
Epoch 035/50 | train_loss=-0.000570 val_loss=0.000658 | train_profit=1.611814 (+161,181 PHP) val_profit=-0.303515 (-30,351 PHP) | train_geo=1.589630 (+158,963 PHP) val_geo=-0.324252 (-32,425 PHP)
Epoch 036/50 | train_loss=-0.000370 val_loss=0.000678 | train_profit=1.431068 (+143,107 PHP) val_profit=-0.366445 (-36,645 PHP) | train_geo=1.149136 (+114,914 PHP) val_geo=-0.367018 (-36,702 PHP)
Epoch 037/50 | train_loss=-0.000448 val_loss=0.000507 | train_profit=1.477472 (+147,747 PHP) val_profit=-0.058532 (-5,853 PHP) | train_geo=1.260487 (+126,049 PHP) val_geo=-0.136472 (-13,647 PHP)
Epoch 038/50 | train_loss=-0.000450 val_loss=0.000750 | train_profit=2.462920 (+246,292 PHP) val_profit=0.260090 (+26,009 PHP) | train_geo=5.085628 (+508,563 PHP) val_geo=0.186764 (+18,676 PHP)
Epoch 039/50 | train_loss=-0.000474 val_loss=0.000373 | train_profit=0.724004 (+72,400 PHP) val_profit=-0.024724 (-2,472 PHP) | train_geo=0.059963 (+5,996 PHP) val_geo=-0.106732 (-10,673 PHP)
Epoch 040/50 | train_loss=-0.000268 val_loss=0.000569 | train_profit=1.512705 (+151,270 PHP) val_profit=-0.383534 (-38,353 PHP) | train_geo=1.345686 (+134,569 PHP) val_geo=-0.377824 (-37,782 PHP)
Epoch 041/50 | train_loss=-0.000727 val_loss=0.000451 | train_profit=1.950606 (+195,061 PHP) val_profit=-0.089223 (-8,922 PHP) | train_geo=2.631305 (+263,131 PHP) val_geo=-0.162580 (-16,258 PHP)
Epoch 042/50 | train_loss=-0.000216 val_loss=0.000615 | train_profit=1.358630 (+135,863 PHP) val_profit=0.502241 (+50,224 PHP) | train_geo=0.999918 (+99,992 PHP) val_geo=0.512674 (+51,267 PHP)
Epoch 043/50 | train_loss=-0.000457 val_loss=0.000411 | train_profit=1.166809 (+116,681 PHP) val_profit=0.129354 (+12,935 PHP) | train_geo=0.648214 (+64,821 PHP) val_geo=0.042217 (+4,222 PHP)
Epoch 044/50 | train_loss=0.000187 val_loss=0.000637 | train_profit=1.398858 (+139,886 PHP) val_profit=-0.235375 (-23,538 PHP) | train_geo=1.063677 (+106,368 PHP) val_geo=-0.278171 (-27,817 PHP)
Epoch 045/50 | train_loss=-0.000643 val_loss=0.000484 | train_profit=1.062697 (+106,270 PHP) val_profit=-0.085967 (-8,597 PHP) | train_geo=0.491498 (+49,150 PHP) val_geo=-0.159795 (-15,979 PHP)
Epoch 046/50 | train_loss=-0.000704 val_loss=0.000490 | train_profit=1.702990 (+170,299 PHP) val_profit=-0.513196 (-51,320 PHP) | train_geo=1.841616 (+184,162 PHP) val_geo=-0.453645 (-45,364 PHP)
Epoch 047/50 | train_loss=-0.000945 val_loss=0.000367 | train_profit=2.313239 (+231,324 PHP) val_profit=-0.080902 (-8,090 PHP) | train_geo=4.227662 (+422,766 PHP) val_geo=-0.155601 (-15,560 PHP)
Epoch 048/50 | train_loss=-0.000736 val_loss=0.000522 | train_profit=1.722112 (+172,211 PHP) val_profit=-0.407564 (-40,756 PHP) | train_geo=1.895020 (+189,502 PHP) val_geo=-0.392542 (-39,254 PHP)
Epoch 049/50 | train_loss=-0.000901 val_loss=0.000399 | train_profit=3.135668 (+313,567 PHP) val_profit=-0.088072 (-8,807 PHP) | train_geo=10.918286 (+1,091,829 PHP) val_geo=-0.161676 (-16,168 PHP)
Epoch 050/50 | train_loss=-0.000645 val_loss=0.000555 | train_profit=1.452743 (+145,274 PHP) val_profit=-0.374570 (-37,457 PHP) | train_geo=1.206954 (+120,695 PHP) val_geo=-0.370720 (-37,072 PHP)
[17/37] BA         (weak  ) profit-aware  dir_acc=0.491 cum_ret=+0.0426 geo_ret=-0.0233 sharpe=+0.103 (buy&hold=+0.0268 always_short=-0.1475)
  [4.5s total]
Epoch 001/50 | [MSE] train_loss=0.000633 val_loss=0.000654 | train_profit=-0.872307 (-87,231 PHP) val_profit=-0.456151 (-45,615 PHP) | train_geo=-0.693896 (-69,390 PHP) val_geo=-0.423521 (-42,352 PHP)
Epoch 002/50 | [MSE] train_loss=0.000468 val_loss=0.000603 | train_profit=-0.471141 (-47,114 PHP) val_profit=-0.246756 (-24,676 PHP) | train_geo=-0.544192 (-54,419 PHP) val_geo=-0.285730 (-28,573 PHP)
Epoch 003/50 | [MSE] train_loss=0.000453 val_loss=0.000588 | train_profit=-0.879424 (-87,942 PHP) val_profit=-0.036395 (-3,639 PHP) | train_geo=-0.696886 (-69,689 PHP) val_geo=-0.118339 (-11,834 PHP)
Epoch 004/50 | [MSE] train_loss=0.000438 val_loss=0.000576 | train_profit=-0.850026 (-85,003 PHP) val_profit=-0.104852 (-10,485 PHP) | train_geo=-0.687191 (-68,719 PHP) val_geo=-0.176663 (-17,666 PHP)
Epoch 005/50 | [MSE] train_loss=0.000427 val_loss=0.000572 | train_profit=-0.480825 (-48,083 PHP) val_profit=0.145170 (+14,517 PHP) | train_geo=-0.548922 (-54,892 PHP) val_geo=0.058637 (+5,864 PHP)
Epoch 006/50 | [MSE] train_loss=0.000429 val_loss=0.000573 | train_profit=-0.286856 (-28,686 PHP) val_profit=-0.172869 (-17,287 PHP) | train_geo=-0.449711 (-44,971 PHP) val_geo=-0.230351 (-23,035 PHP)
Epoch 007/50 | [MSE] train_loss=0.000427 val_loss=0.000579 | train_profit=-1.258907 (-125,891 PHP) val_profit=-0.456151 (-45,615 PHP) | train_geo=-0.792721 (-79,272 PHP) val_geo=-0.423521 (-42,352 PHP)
Epoch 008/50 | [MSE] train_loss=0.000420 val_loss=0.000580 | train_profit=-0.195439 (-19,544 PHP) val_profit=-0.456151 (-45,615 PHP) | train_geo=-0.396850 (-39,685 PHP) val_geo=-0.423521 (-42,352 PHP)
Epoch 009/50 | [MSE] train_loss=0.000424 val_loss=0.000579 | train_profit=-0.275474 (-27,547 PHP) val_profit=-0.456151 (-45,615 PHP) | train_geo=-0.444902 (-44,490 PHP) val_geo=-0.423521 (-42,352 PHP)
Epoch 010/50 | [MSE] train_loss=0.000420 val_loss=0.000578 | train_profit=-0.827885 (-82,788 PHP) val_profit=-0.456151 (-45,615 PHP) | train_geo=-0.680040 (-68,004 PHP) val_geo=-0.423521 (-42,352 PHP)
Epoch 011/50 | [MSE] train_loss=0.000420 val_loss=0.000579 | train_profit=-0.930328 (-93,033 PHP) val_profit=-0.456151 (-45,615 PHP) | train_geo=-0.711692 (-71,169 PHP) val_geo=-0.423521 (-42,352 PHP)
Epoch 012/50 | [MSE] train_loss=0.000420 val_loss=0.000577 | train_profit=-0.337695 (-33,770 PHP) val_profit=-0.456151 (-45,615 PHP) | train_geo=-0.477221 (-47,722 PHP) val_geo=-0.423521 (-42,352 PHP)
Epoch 013/50 | [MSE] train_loss=0.000420 val_loss=0.000579 | train_profit=-1.236615 (-123,661 PHP) val_profit=-0.456151 (-45,615 PHP) | train_geo=-0.788492 (-78,849 PHP) val_geo=-0.423521 (-42,352 PHP)
Epoch 014/50 | [MSE] train_loss=0.000419 val_loss=0.000579 | train_profit=-0.097618 (-9,762 PHP) val_profit=-0.456151 (-45,615 PHP) | train_geo=-0.335489 (-33,549 PHP) val_geo=-0.423521 (-42,352 PHP)
Epoch 015/50 | [MSE] train_loss=0.000421 val_loss=0.000579 | train_profit=-1.222059 (-122,206 PHP) val_profit=-0.456151 (-45,615 PHP) | train_geo=-0.785022 (-78,502 PHP) val_geo=-0.423521 (-42,352 PHP)
Epoch 016/50 | [MSE] train_loss=0.000418 val_loss=0.000589 | train_profit=0.174556 (+17,456 PHP) val_profit=-0.456151 (-45,615 PHP) | train_geo=-0.127809 (-12,781 PHP) val_geo=-0.423521 (-42,352 PHP)
Epoch 017/50 | [MSE] train_loss=0.000421 val_loss=0.000582 | train_profit=-0.360262 (-36,026 PHP) val_profit=-0.456151 (-45,615 PHP) | train_geo=-0.489215 (-48,921 PHP) val_geo=-0.423521 (-42,352 PHP)
Epoch 018/50 | [MSE] train_loss=0.000419 val_loss=0.000580 | train_profit=0.312331 (+31,233 PHP) val_profit=-0.456151 (-45,615 PHP) | train_geo=0.002113 (+211 PHP) val_geo=-0.423521 (-42,352 PHP)
Epoch 019/50 | [MSE] train_loss=0.000420 val_loss=0.000578 | train_profit=-0.711017 (-71,102 PHP) val_profit=-0.456151 (-45,615 PHP) | train_geo=-0.640776 (-64,078 PHP) val_geo=-0.423521 (-42,352 PHP)
Epoch 020/50 | [MSE] train_loss=0.000418 val_loss=0.000585 | train_profit=0.128146 (+12,815 PHP) val_profit=-0.456151 (-45,615 PHP) | train_geo=-0.167350 (-16,735 PHP) val_geo=-0.423521 (-42,352 PHP)
Epoch 021/50 | [MSE] train_loss=0.000419 val_loss=0.000581 | train_profit=-0.195505 (-19,550 PHP) val_profit=-0.456151 (-45,615 PHP) | train_geo=-0.398208 (-39,821 PHP) val_geo=-0.423521 (-42,352 PHP)
Epoch 022/50 | [MSE] train_loss=0.000418 val_loss=0.000584 | train_profit=0.665943 (+66,594 PHP) val_profit=-0.456151 (-45,615 PHP) | train_geo=0.429914 (+42,991 PHP) val_geo=-0.423521 (-42,352 PHP)
Epoch 023/50 | [MSE] train_loss=0.000418 val_loss=0.000584 | train_profit=0.220510 (+22,051 PHP) val_profit=-0.456151 (-45,615 PHP) | train_geo=-0.087509 (-8,751 PHP) val_geo=-0.423521 (-42,352 PHP)
Epoch 024/50 | [MSE] train_loss=0.000418 val_loss=0.000586 | train_profit=0.472218 (+47,222 PHP) val_profit=-0.456151 (-45,615 PHP) | train_geo=0.176721 (+17,672 PHP) val_geo=-0.423521 (-42,352 PHP)
Epoch 025/50 | [MSE] train_loss=0.000421 val_loss=0.000588 | train_profit=0.614150 (+61,415 PHP) val_profit=-0.456151 (-45,615 PHP) | train_geo=0.356330 (+35,633 PHP) val_geo=-0.423521 (-42,352 PHP)
Epoch 026/50 | [MSE] train_loss=0.000416 val_loss=0.000588 | train_profit=0.199641 (+19,964 PHP) val_profit=-0.456151 (-45,615 PHP) | train_geo=-0.105047 (-10,505 PHP) val_geo=-0.423521 (-42,352 PHP)
Epoch 027/50 | [MSE] train_loss=0.000421 val_loss=0.000591 | train_profit=-0.133244 (-13,324 PHP) val_profit=-0.456151 (-45,615 PHP) | train_geo=-0.359560 (-35,956 PHP) val_geo=-0.423521 (-42,352 PHP)
Epoch 028/50 | [MSE] train_loss=0.000417 val_loss=0.000589 | train_profit=1.154795 (+115,480 PHP) val_profit=-0.456151 (-45,615 PHP) | train_geo=1.332700 (+133,270 PHP) val_geo=-0.423521 (-42,352 PHP)
Epoch 029/50 | [MSE] train_loss=0.000418 val_loss=0.000591 | train_profit=0.935713 (+93,571 PHP) val_profit=-0.456151 (-45,615 PHP) | train_geo=0.872634 (+87,263 PHP) val_geo=-0.423521 (-42,352 PHP)
Epoch 030/50 | [MSE] train_loss=0.000417 val_loss=0.000594 | train_profit=-0.052378 (-5,238 PHP) val_profit=-0.456151 (-45,615 PHP) | train_geo=-0.305459 (-30,546 PHP) val_geo=-0.423521 (-42,352 PHP)
Epoch 031/50 | [MSE] train_loss=0.000418 val_loss=0.000593 | train_profit=0.105872 (+10,587 PHP) val_profit=-0.456151 (-45,615 PHP) | train_geo=-0.184606 (-18,461 PHP) val_geo=-0.423521 (-42,352 PHP)
Epoch 032/50 | [MSE] train_loss=0.000418 val_loss=0.000593 | train_profit=0.710999 (+71,100 PHP) val_profit=-0.456151 (-45,615 PHP) | train_geo=0.494076 (+49,408 PHP) val_geo=-0.423521 (-42,352 PHP)
Epoch 033/50 | [MSE] train_loss=0.000420 val_loss=0.000596 | train_profit=0.203443 (+20,344 PHP) val_profit=-0.456151 (-45,615 PHP) | train_geo=-0.101781 (-10,178 PHP) val_geo=-0.423521 (-42,352 PHP)
Epoch 034/50 | [MSE] train_loss=0.000420 val_loss=0.000596 | train_profit=0.161218 (+16,122 PHP) val_profit=-0.456151 (-45,615 PHP) | train_geo=-0.140121 (-14,012 PHP) val_geo=-0.423521 (-42,352 PHP)
Epoch 035/50 | [MSE] train_loss=0.000421 val_loss=0.000598 | train_profit=-0.287286 (-28,729 PHP) val_profit=-0.456151 (-45,615 PHP) | train_geo=-0.451306 (-45,131 PHP) val_geo=-0.423521 (-42,352 PHP)
Epoch 036/50 | [MSE] train_loss=0.000422 val_loss=0.000603 | train_profit=0.000326 (+33 PHP) val_profit=-0.456151 (-45,615 PHP) | train_geo=-0.267116 (-26,712 PHP) val_geo=-0.423521 (-42,352 PHP)
Epoch 037/50 | [MSE] train_loss=0.000419 val_loss=0.000603 | train_profit=0.784402 (+78,440 PHP) val_profit=-0.456151 (-45,615 PHP) | train_geo=0.606656 (+60,666 PHP) val_geo=-0.423521 (-42,352 PHP)
Epoch 038/50 | [MSE] train_loss=0.000423 val_loss=0.000606 | train_profit=0.007851 (+785 PHP) val_profit=-0.456151 (-45,615 PHP) | train_geo=-0.262414 (-26,241 PHP) val_geo=-0.423521 (-42,352 PHP)
Epoch 039/50 | [MSE] train_loss=0.000420 val_loss=0.000610 | train_profit=0.387569 (+38,757 PHP) val_profit=-0.456151 (-45,615 PHP) | train_geo=0.079257 (+7,926 PHP) val_geo=-0.423521 (-42,352 PHP)
Epoch 040/50 | [MSE] train_loss=0.000424 val_loss=0.000607 | train_profit=0.548393 (+54,839 PHP) val_profit=-0.456151 (-45,615 PHP) | train_geo=0.269227 (+26,923 PHP) val_geo=-0.423521 (-42,352 PHP)
Epoch 041/50 | [MSE] train_loss=0.000422 val_loss=0.000611 | train_profit=0.714113 (+71,411 PHP) val_profit=-0.456151 (-45,615 PHP) | train_geo=0.496785 (+49,679 PHP) val_geo=-0.423521 (-42,352 PHP)
Epoch 042/50 | [MSE] train_loss=0.000425 val_loss=0.000614 | train_profit=0.343295 (+34,329 PHP) val_profit=-0.456151 (-45,615 PHP) | train_geo=0.032396 (+3,240 PHP) val_geo=-0.423521 (-42,352 PHP)
Epoch 043/50 | [MSE] train_loss=0.000427 val_loss=0.000608 | train_profit=0.121163 (+12,116 PHP) val_profit=-0.456151 (-45,615 PHP) | train_geo=-0.174762 (-17,476 PHP) val_geo=-0.423521 (-42,352 PHP)
Epoch 044/50 | [MSE] train_loss=0.000425 val_loss=0.000605 | train_profit=0.506149 (+50,615 PHP) val_profit=-0.456151 (-45,615 PHP) | train_geo=0.216627 (+21,663 PHP) val_geo=-0.423521 (-42,352 PHP)
Epoch 045/50 | [MSE] train_loss=0.000425 val_loss=0.000598 | train_profit=-0.295973 (-29,597 PHP) val_profit=-0.456151 (-45,615 PHP) | train_geo=-0.456900 (-45,690 PHP) val_geo=-0.423521 (-42,352 PHP)
Epoch 046/50 | [MSE] train_loss=0.000427 val_loss=0.000594 | train_profit=-0.590117 (-59,012 PHP) val_profit=-0.456151 (-45,615 PHP) | train_geo=-0.594742 (-59,474 PHP) val_geo=-0.423521 (-42,352 PHP)
Epoch 047/50 | [MSE] train_loss=0.000425 val_loss=0.000589 | train_profit=0.032265 (+3,227 PHP) val_profit=-0.456151 (-45,615 PHP) | train_geo=-0.242814 (-24,281 PHP) val_geo=-0.423521 (-42,352 PHP)
Epoch 048/50 | [MSE] train_loss=0.000423 val_loss=0.000585 | train_profit=-0.264920 (-26,492 PHP) val_profit=-0.456151 (-45,615 PHP) | train_geo=-0.437344 (-43,734 PHP) val_geo=-0.423521 (-42,352 PHP)
Epoch 049/50 | [MSE] train_loss=0.000424 val_loss=0.000584 | train_profit=-0.254342 (-25,434 PHP) val_profit=-0.456151 (-45,615 PHP) | train_geo=-0.431485 (-43,148 PHP) val_geo=-0.423521 (-42,352 PHP)
Epoch 050/50 | [MSE] train_loss=0.000423 val_loss=0.000582 | train_profit=-0.038306 (-3,831 PHP) val_profit=-0.456151 (-45,615 PHP) | train_geo=-0.295190 (-29,519 PHP) val_geo=-0.423521 (-42,352 PHP)
[18/37] NKE        (weak  ) mse           dir_acc=0.441 cum_ret=-0.3187 geo_ret=-0.3347 sharpe=-0.673 (buy&hold=-0.3341 always_short=+0.2577) [DEGENERATE: constant signal]
  [3.8s total]
Epoch 001/50 | train_loss=0.000720 val_loss=0.001984 | train_profit=0.183141 (+18,314 PHP) val_profit=-0.424282 (-42,428 PHP) | train_geo=-0.119642 (-11,964 PHP) val_geo=-0.404930 (-40,493 PHP)
Epoch 002/50 | train_loss=0.000143 val_loss=-0.000180 | train_profit=0.529763 (+52,976 PHP) val_profit=0.186986 (+18,699 PHP) | train_geo=0.245790 (+24,579 PHP) val_geo=0.102668 (+10,267 PHP)
Epoch 003/50 | train_loss=0.000507 val_loss=0.001691 | train_profit=0.179958 (+17,996 PHP) val_profit=-0.456151 (-45,615 PHP) | train_geo=-0.124127 (-12,413 PHP) val_geo=-0.423521 (-42,352 PHP)
Epoch 004/50 | train_loss=0.000183 val_loss=-0.000592 | train_profit=0.459549 (+45,955 PHP) val_profit=0.454151 (+45,415 PHP) | train_geo=0.161205 (+16,120 PHP) val_geo=0.442257 (+44,226 PHP)
Epoch 005/50 | train_loss=0.000252 val_loss=0.001491 | train_profit=0.521267 (+52,127 PHP) val_profit=-0.456151 (-45,615 PHP) | train_geo=0.234669 (+23,467 PHP) val_geo=-0.423521 (-42,352 PHP)
Epoch 006/50 | train_loss=0.000170 val_loss=0.001622 | train_profit=0.842883 (+84,288 PHP) val_profit=-0.456151 (-45,615 PHP) | train_geo=0.703315 (+70,331 PHP) val_geo=-0.423521 (-42,352 PHP)
Epoch 007/50 | train_loss=0.000028 val_loss=0.001453 | train_profit=0.842883 (+84,288 PHP) val_profit=-0.456151 (-45,615 PHP) | train_geo=0.703315 (+70,331 PHP) val_geo=-0.423521 (-42,352 PHP)
Epoch 008/50 | train_loss=-0.000001 val_loss=0.000933 | train_profit=0.842883 (+84,288 PHP) val_profit=-0.456151 (-45,615 PHP) | train_geo=0.703315 (+70,331 PHP) val_geo=-0.423521 (-42,352 PHP)
Epoch 009/50 | train_loss=0.000055 val_loss=0.000817 | train_profit=0.842883 (+84,288 PHP) val_profit=-0.456151 (-45,615 PHP) | train_geo=0.703315 (+70,331 PHP) val_geo=-0.423521 (-42,352 PHP)
Epoch 010/50 | train_loss=0.000033 val_loss=0.001192 | train_profit=0.842883 (+84,288 PHP) val_profit=-0.456151 (-45,615 PHP) | train_geo=0.703315 (+70,331 PHP) val_geo=-0.423521 (-42,352 PHP)
Epoch 011/50 | train_loss=-0.000036 val_loss=0.001265 | train_profit=0.842883 (+84,288 PHP) val_profit=-0.456151 (-45,615 PHP) | train_geo=0.703315 (+70,331 PHP) val_geo=-0.423521 (-42,352 PHP)
Epoch 012/50 | train_loss=-0.000046 val_loss=0.001038 | train_profit=0.842883 (+84,288 PHP) val_profit=-0.456151 (-45,615 PHP) | train_geo=0.703315 (+70,331 PHP) val_geo=-0.423521 (-42,352 PHP)
Epoch 013/50 | train_loss=0.000008 val_loss=0.001069 | train_profit=0.842883 (+84,288 PHP) val_profit=-0.456151 (-45,615 PHP) | train_geo=0.703315 (+70,331 PHP) val_geo=-0.423521 (-42,352 PHP)
Epoch 014/50 | train_loss=0.000001 val_loss=0.001310 | train_profit=0.842883 (+84,288 PHP) val_profit=-0.456151 (-45,615 PHP) | train_geo=0.703315 (+70,331 PHP) val_geo=-0.423521 (-42,352 PHP)
Epoch 015/50 | train_loss=-0.000016 val_loss=0.001355 | train_profit=0.842883 (+84,288 PHP) val_profit=-0.456151 (-45,615 PHP) | train_geo=0.703315 (+70,331 PHP) val_geo=-0.423521 (-42,352 PHP)
Epoch 016/50 | train_loss=-0.000044 val_loss=0.001328 | train_profit=0.842883 (+84,288 PHP) val_profit=-0.456151 (-45,615 PHP) | train_geo=0.703315 (+70,331 PHP) val_geo=-0.423521 (-42,352 PHP)
Epoch 017/50 | train_loss=-0.000049 val_loss=0.001316 | train_profit=0.842883 (+84,288 PHP) val_profit=-0.456151 (-45,615 PHP) | train_geo=0.703315 (+70,331 PHP) val_geo=-0.423521 (-42,352 PHP)
Epoch 018/50 | train_loss=-0.000059 val_loss=0.001179 | train_profit=0.842883 (+84,288 PHP) val_profit=-0.456151 (-45,615 PHP) | train_geo=0.703315 (+70,331 PHP) val_geo=-0.423521 (-42,352 PHP)
Epoch 019/50 | train_loss=0.000004 val_loss=0.001264 | train_profit=0.842883 (+84,288 PHP) val_profit=-0.456151 (-45,615 PHP) | train_geo=0.703315 (+70,331 PHP) val_geo=-0.423521 (-42,352 PHP)
Epoch 020/50 | train_loss=-0.000052 val_loss=0.001286 | train_profit=0.842883 (+84,288 PHP) val_profit=-0.456151 (-45,615 PHP) | train_geo=0.703315 (+70,331 PHP) val_geo=-0.423521 (-42,352 PHP)
Epoch 021/50 | train_loss=-0.000038 val_loss=0.001176 | train_profit=0.842883 (+84,288 PHP) val_profit=-0.456151 (-45,615 PHP) | train_geo=0.703315 (+70,331 PHP) val_geo=-0.423521 (-42,352 PHP)
Epoch 022/50 | train_loss=-0.000020 val_loss=0.001404 | train_profit=0.842883 (+84,288 PHP) val_profit=-0.456151 (-45,615 PHP) | train_geo=0.703315 (+70,331 PHP) val_geo=-0.423521 (-42,352 PHP)
Epoch 023/50 | train_loss=-0.000039 val_loss=0.001452 | train_profit=0.842883 (+84,288 PHP) val_profit=-0.456151 (-45,615 PHP) | train_geo=0.703315 (+70,331 PHP) val_geo=-0.423521 (-42,352 PHP)
Epoch 024/50 | train_loss=-0.000079 val_loss=0.001308 | train_profit=0.842883 (+84,288 PHP) val_profit=-0.456151 (-45,615 PHP) | train_geo=0.703315 (+70,331 PHP) val_geo=-0.423521 (-42,352 PHP)
Epoch 025/50 | train_loss=-0.000036 val_loss=0.001451 | train_profit=0.842883 (+84,288 PHP) val_profit=-0.456151 (-45,615 PHP) | train_geo=0.703315 (+70,331 PHP) val_geo=-0.423521 (-42,352 PHP)
Epoch 026/50 | train_loss=-0.000074 val_loss=0.001400 | train_profit=0.842883 (+84,288 PHP) val_profit=-0.456151 (-45,615 PHP) | train_geo=0.703315 (+70,331 PHP) val_geo=-0.423521 (-42,352 PHP)
Epoch 027/50 | train_loss=-0.000043 val_loss=0.001432 | train_profit=0.842883 (+84,288 PHP) val_profit=-0.456151 (-45,615 PHP) | train_geo=0.703315 (+70,331 PHP) val_geo=-0.423521 (-42,352 PHP)
Epoch 028/50 | train_loss=-0.000074 val_loss=0.001296 | train_profit=0.842883 (+84,288 PHP) val_profit=-0.456151 (-45,615 PHP) | train_geo=0.703315 (+70,331 PHP) val_geo=-0.423521 (-42,352 PHP)
Epoch 029/50 | train_loss=-0.000042 val_loss=0.001473 | train_profit=0.842883 (+84,288 PHP) val_profit=-0.456151 (-45,615 PHP) | train_geo=0.703315 (+70,331 PHP) val_geo=-0.423521 (-42,352 PHP)
Epoch 030/50 | train_loss=-0.000067 val_loss=0.001450 | train_profit=0.842883 (+84,288 PHP) val_profit=-0.456151 (-45,615 PHP) | train_geo=0.703315 (+70,331 PHP) val_geo=-0.423521 (-42,352 PHP)
Epoch 031/50 | train_loss=-0.000054 val_loss=0.001523 | train_profit=0.842883 (+84,288 PHP) val_profit=-0.456151 (-45,615 PHP) | train_geo=0.703315 (+70,331 PHP) val_geo=-0.423521 (-42,352 PHP)
Epoch 032/50 | train_loss=-0.000070 val_loss=0.001492 | train_profit=0.842883 (+84,288 PHP) val_profit=-0.456151 (-45,615 PHP) | train_geo=0.703315 (+70,331 PHP) val_geo=-0.423521 (-42,352 PHP)
Epoch 033/50 | train_loss=-0.000064 val_loss=0.001426 | train_profit=0.842883 (+84,288 PHP) val_profit=-0.456151 (-45,615 PHP) | train_geo=0.703315 (+70,331 PHP) val_geo=-0.423521 (-42,352 PHP)
Epoch 034/50 | train_loss=-0.000048 val_loss=0.001500 | train_profit=0.842883 (+84,288 PHP) val_profit=-0.456151 (-45,615 PHP) | train_geo=0.703315 (+70,331 PHP) val_geo=-0.423521 (-42,352 PHP)
Epoch 035/50 | train_loss=-0.000070 val_loss=0.001464 | train_profit=0.842883 (+84,288 PHP) val_profit=-0.456151 (-45,615 PHP) | train_geo=0.703315 (+70,331 PHP) val_geo=-0.423521 (-42,352 PHP)
Epoch 036/50 | train_loss=-0.000079 val_loss=0.001337 | train_profit=0.842883 (+84,288 PHP) val_profit=-0.456151 (-45,615 PHP) | train_geo=0.703315 (+70,331 PHP) val_geo=-0.423521 (-42,352 PHP)
Epoch 037/50 | train_loss=-0.000089 val_loss=0.001207 | train_profit=0.842883 (+84,288 PHP) val_profit=-0.456151 (-45,615 PHP) | train_geo=0.703315 (+70,331 PHP) val_geo=-0.423521 (-42,352 PHP)
Epoch 038/50 | train_loss=-0.000033 val_loss=0.001502 | train_profit=0.842883 (+84,288 PHP) val_profit=-0.456151 (-45,615 PHP) | train_geo=0.703315 (+70,331 PHP) val_geo=-0.423521 (-42,352 PHP)
Epoch 039/50 | train_loss=-0.000093 val_loss=0.001362 | train_profit=0.842883 (+84,288 PHP) val_profit=-0.456151 (-45,615 PHP) | train_geo=0.703315 (+70,331 PHP) val_geo=-0.423521 (-42,352 PHP)
Epoch 040/50 | train_loss=-0.000032 val_loss=0.001573 | train_profit=0.842883 (+84,288 PHP) val_profit=-0.456151 (-45,615 PHP) | train_geo=0.703315 (+70,331 PHP) val_geo=-0.423521 (-42,352 PHP)
Epoch 041/50 | train_loss=-0.000105 val_loss=0.001431 | train_profit=0.842883 (+84,288 PHP) val_profit=-0.456151 (-45,615 PHP) | train_geo=0.703315 (+70,331 PHP) val_geo=-0.423521 (-42,352 PHP)
Epoch 042/50 | train_loss=-0.000091 val_loss=0.001266 | train_profit=0.842883 (+84,288 PHP) val_profit=-0.456151 (-45,615 PHP) | train_geo=0.703315 (+70,331 PHP) val_geo=-0.423521 (-42,352 PHP)
Epoch 043/50 | train_loss=-0.000005 val_loss=0.001632 | train_profit=0.842883 (+84,288 PHP) val_profit=-0.456151 (-45,615 PHP) | train_geo=0.703315 (+70,331 PHP) val_geo=-0.423521 (-42,352 PHP)
Epoch 044/50 | train_loss=-0.000139 val_loss=0.001240 | train_profit=0.842883 (+84,288 PHP) val_profit=-0.456151 (-45,615 PHP) | train_geo=0.703315 (+70,331 PHP) val_geo=-0.423521 (-42,352 PHP)
Epoch 045/50 | train_loss=-0.000032 val_loss=0.001542 | train_profit=0.957355 (+95,735 PHP) val_profit=-0.456151 (-45,615 PHP) | train_geo=0.910047 (+91,005 PHP) val_geo=-0.423521 (-42,352 PHP)
Epoch 046/50 | train_loss=-0.000065 val_loss=0.001630 | train_profit=0.854496 (+85,450 PHP) val_profit=-0.456151 (-45,615 PHP) | train_geo=0.722209 (+72,221 PHP) val_geo=-0.423521 (-42,352 PHP)
Epoch 047/50 | train_loss=-0.000245 val_loss=0.001426 | train_profit=1.077379 (+107,738 PHP) val_profit=-0.456151 (-45,615 PHP) | train_geo=1.153898 (+115,390 PHP) val_geo=-0.423521 (-42,352 PHP)
Epoch 048/50 | train_loss=-0.000322 val_loss=0.000691 | train_profit=1.258268 (+125,827 PHP) val_profit=-0.237765 (-23,777 PHP) | train_geo=1.588141 (+158,814 PHP) val_geo=-0.283191 (-28,319 PHP)
Epoch 049/50 | train_loss=0.000704 val_loss=-0.000109 | train_profit=-0.450503 (-45,050 PHP) val_profit=0.157832 (+15,783 PHP) | train_geo=-0.534418 (-53,442 PHP) val_geo=0.071875 (+7,187 PHP)
Epoch 050/50 | train_loss=0.000740 val_loss=0.002058 | train_profit=0.078581 (+7,858 PHP) val_profit=-0.456151 (-45,615 PHP) | train_geo=-0.207571 (-20,757 PHP) val_geo=-0.423521 (-42,352 PHP)
[18/37] NKE        (weak  ) profit-aware  dir_acc=0.441 cum_ret=-0.3187 geo_ret=-0.3347 sharpe=-0.673 (buy&hold=-0.3341 always_short=+0.2577) [DEGENERATE: constant signal]
  [4.9s total]
Epoch 001/50 | [MSE] train_loss=0.000243 val_loss=0.000176 | train_profit=-0.079139 (-7,914 PHP) val_profit=0.186575 (+18,657 PHP) | train_geo=-0.181402 (-18,140 PHP) val_geo=0.178808 (+17,881 PHP)
Epoch 002/50 | [MSE] train_loss=0.000186 val_loss=0.000154 | train_profit=-0.763375 (-76,338 PHP) val_profit=0.186575 (+18,657 PHP) | train_geo=-0.588041 (-58,804 PHP) val_geo=0.178808 (+17,881 PHP)
Epoch 003/50 | [MSE] train_loss=0.000173 val_loss=0.000152 | train_profit=-1.283721 (-128,372 PHP) val_profit=0.186575 (+18,657 PHP) | train_geo=-0.755502 (-75,550 PHP) val_geo=0.178808 (+17,881 PHP)
Epoch 004/50 | [MSE] train_loss=0.000171 val_loss=0.000149 | train_profit=-1.096078 (-109,608 PHP) val_profit=0.166822 (+16,682 PHP) | train_geo=-0.704893 (-70,489 PHP) val_geo=0.155759 (+15,576 PHP)
Epoch 005/50 | [MSE] train_loss=0.000168 val_loss=0.000148 | train_profit=-0.531973 (-53,197 PHP) val_profit=0.186575 (+18,657 PHP) | train_geo=-0.480455 (-48,046 PHP) val_geo=0.178808 (+17,881 PHP)
Epoch 006/50 | [MSE] train_loss=0.000168 val_loss=0.000146 | train_profit=-0.754216 (-75,422 PHP) val_profit=0.186575 (+18,657 PHP) | train_geo=-0.584102 (-58,410 PHP) val_geo=0.178808 (+17,881 PHP)
Epoch 007/50 | [MSE] train_loss=0.000165 val_loss=0.000149 | train_profit=-0.456209 (-45,621 PHP) val_profit=0.186575 (+18,657 PHP) | train_geo=-0.439656 (-43,966 PHP) val_geo=0.178808 (+17,881 PHP)
Epoch 008/50 | [MSE] train_loss=0.000164 val_loss=0.000148 | train_profit=0.057752 (+5,775 PHP) val_profit=0.186575 (+18,657 PHP) | train_geo=-0.062322 (-6,232 PHP) val_geo=0.178808 (+17,881 PHP)
Epoch 009/50 | [MSE] train_loss=0.000165 val_loss=0.000150 | train_profit=-0.154139 (-15,414 PHP) val_profit=0.186575 (+18,657 PHP) | train_geo=-0.241549 (-24,155 PHP) val_geo=0.178808 (+17,881 PHP)
Epoch 010/50 | [MSE] train_loss=0.000165 val_loss=0.000149 | train_profit=-0.207895 (-20,790 PHP) val_profit=0.186575 (+18,657 PHP) | train_geo=-0.281928 (-28,193 PHP) val_geo=0.178808 (+17,881 PHP)
Epoch 011/50 | [MSE] train_loss=0.000163 val_loss=0.000148 | train_profit=0.197929 (+19,793 PHP) val_profit=0.186575 (+18,657 PHP) | train_geo=0.078547 (+7,855 PHP) val_geo=0.178808 (+17,881 PHP)
Epoch 012/50 | [MSE] train_loss=0.000163 val_loss=0.000148 | train_profit=0.014338 (+1,434 PHP) val_profit=0.186575 (+18,657 PHP) | train_geo=-0.102908 (-10,291 PHP) val_geo=0.178808 (+17,881 PHP)
Epoch 013/50 | [MSE] train_loss=0.000164 val_loss=0.000149 | train_profit=-0.560791 (-56,079 PHP) val_profit=0.186575 (+18,657 PHP) | train_geo=-0.496036 (-49,604 PHP) val_geo=0.178808 (+17,881 PHP)
Epoch 014/50 | [MSE] train_loss=0.000164 val_loss=0.000149 | train_profit=0.205588 (+20,559 PHP) val_profit=0.186575 (+18,657 PHP) | train_geo=0.085823 (+8,582 PHP) val_geo=0.178808 (+17,881 PHP)
Epoch 015/50 | [MSE] train_loss=0.000163 val_loss=0.000148 | train_profit=-0.030554 (-3,055 PHP) val_profit=0.186575 (+18,657 PHP) | train_geo=-0.142083 (-14,208 PHP) val_geo=0.178808 (+17,881 PHP)
Epoch 016/50 | [MSE] train_loss=0.000164 val_loss=0.000153 | train_profit=0.135021 (+13,502 PHP) val_profit=0.186575 (+18,657 PHP) | train_geo=0.013090 (+1,309 PHP) val_geo=0.178808 (+17,881 PHP)
Epoch 017/50 | [MSE] train_loss=0.000166 val_loss=0.000153 | train_profit=-0.258826 (-25,883 PHP) val_profit=0.186575 (+18,657 PHP) | train_geo=-0.317653 (-31,765 PHP) val_geo=0.178808 (+17,881 PHP)
Epoch 018/50 | [MSE] train_loss=0.000165 val_loss=0.000152 | train_profit=-0.162164 (-16,216 PHP) val_profit=0.186575 (+18,657 PHP) | train_geo=-0.247536 (-24,754 PHP) val_geo=0.178808 (+17,881 PHP)
Epoch 019/50 | [MSE] train_loss=0.000165 val_loss=0.000152 | train_profit=0.438936 (+43,894 PHP) val_profit=0.186575 (+18,657 PHP) | train_geo=0.375727 (+37,573 PHP) val_geo=0.178808 (+17,881 PHP)
Epoch 020/50 | [MSE] train_loss=0.000165 val_loss=0.000155 | train_profit=0.169533 (+16,953 PHP) val_profit=0.186575 (+18,657 PHP) | train_geo=0.049501 (+4,950 PHP) val_geo=0.178808 (+17,881 PHP)
Epoch 021/50 | [MSE] train_loss=0.000166 val_loss=0.000156 | train_profit=0.568389 (+56,839 PHP) val_profit=0.186575 (+18,657 PHP) | train_geo=0.564538 (+56,454 PHP) val_geo=0.178808 (+17,881 PHP)
Epoch 022/50 | [MSE] train_loss=0.000167 val_loss=0.000158 | train_profit=0.027268 (+2,727 PHP) val_profit=0.186575 (+18,657 PHP) | train_geo=-0.090547 (-9,055 PHP) val_geo=0.178808 (+17,881 PHP)
Epoch 023/50 | [MSE] train_loss=0.000167 val_loss=0.000160 | train_profit=0.302664 (+30,266 PHP) val_profit=0.186575 (+18,657 PHP) | train_geo=0.198221 (+19,822 PHP) val_geo=0.178808 (+17,881 PHP)
Epoch 024/50 | [MSE] train_loss=0.000169 val_loss=0.000161 | train_profit=0.017734 (+1,773 PHP) val_profit=0.186575 (+18,657 PHP) | train_geo=-0.099266 (-9,927 PHP) val_geo=0.178808 (+17,881 PHP)
Epoch 025/50 | [MSE] train_loss=0.000171 val_loss=0.000159 | train_profit=-0.034547 (-3,455 PHP) val_profit=0.186575 (+18,657 PHP) | train_geo=-0.144834 (-14,483 PHP) val_geo=0.178808 (+17,881 PHP)
Epoch 026/50 | [MSE] train_loss=0.000171 val_loss=0.000152 | train_profit=-0.064974 (-6,497 PHP) val_profit=0.186575 (+18,657 PHP) | train_geo=-0.170349 (-17,035 PHP) val_geo=0.178808 (+17,881 PHP)
Epoch 027/50 | [MSE] train_loss=0.000172 val_loss=0.000147 | train_profit=-0.289741 (-28,974 PHP) val_profit=0.186575 (+18,657 PHP) | train_geo=-0.337343 (-33,734 PHP) val_geo=0.178808 (+17,881 PHP)
Epoch 028/50 | [MSE] train_loss=0.000169 val_loss=0.000142 | train_profit=-0.739320 (-73,932 PHP) val_profit=0.186575 (+18,657 PHP) | train_geo=-0.577483 (-57,748 PHP) val_geo=0.178808 (+17,881 PHP)
Epoch 029/50 | [MSE] train_loss=0.000168 val_loss=0.000141 | train_profit=-0.362577 (-36,258 PHP) val_profit=0.183189 (+18,319 PHP) | train_geo=-0.383932 (-38,393 PHP) val_geo=0.174847 (+17,485 PHP)
Epoch 030/50 | [MSE] train_loss=0.000167 val_loss=0.000141 | train_profit=-0.916536 (-91,654 PHP) val_profit=0.186575 (+18,657 PHP) | train_geo=-0.646097 (-64,610 PHP) val_geo=0.178808 (+17,881 PHP)
Epoch 031/50 | [MSE] train_loss=0.000166 val_loss=0.000140 | train_profit=-0.873611 (-87,361 PHP) val_profit=0.220791 (+22,079 PHP) | train_geo=-0.630515 (-63,052 PHP) val_geo=0.219863 (+21,986 PHP)
Epoch 032/50 | [MSE] train_loss=0.000165 val_loss=0.000140 | train_profit=-0.480970 (-48,097 PHP) val_profit=0.224177 (+22,418 PHP) | train_geo=-0.452525 (-45,253 PHP) val_geo=0.223975 (+22,398 PHP)
Epoch 033/50 | [MSE] train_loss=0.000165 val_loss=0.000140 | train_profit=-0.084659 (-8,466 PHP) val_profit=0.220791 (+22,079 PHP) | train_geo=-0.185869 (-18,587 PHP) val_geo=0.219863 (+21,986 PHP)
Epoch 034/50 | [MSE] train_loss=0.000165 val_loss=0.000140 | train_profit=-0.626807 (-62,681 PHP) val_profit=0.220791 (+22,079 PHP) | train_geo=-0.527301 (-52,730 PHP) val_geo=0.219863 (+21,986 PHP)
Epoch 035/50 | [MSE] train_loss=0.000165 val_loss=0.000140 | train_profit=-0.376130 (-37,613 PHP) val_profit=0.206542 (+20,654 PHP) | train_geo=-0.392214 (-39,221 PHP) val_geo=0.202595 (+20,260 PHP)
Epoch 036/50 | [MSE] train_loss=0.000165 val_loss=0.000140 | train_profit=-0.506580 (-50,658 PHP) val_profit=0.206104 (+20,610 PHP) | train_geo=-0.466331 (-46,633 PHP) val_geo=0.202030 (+20,203 PHP)
Epoch 037/50 | [MSE] train_loss=0.000165 val_loss=0.000139 | train_profit=-0.261617 (-26,162 PHP) val_profit=0.162776 (+16,278 PHP) | train_geo=-0.317897 (-31,790 PHP) val_geo=0.151127 (+15,113 PHP)
Epoch 038/50 | [MSE] train_loss=0.000164 val_loss=0.000139 | train_profit=-0.012225 (-1,223 PHP) val_profit=0.209121 (+20,912 PHP) | train_geo=-0.124000 (-12,400 PHP) val_geo=0.205655 (+20,565 PHP)
Epoch 039/50 | [MSE] train_loss=0.000164 val_loss=0.000139 | train_profit=-0.803119 (-80,312 PHP) val_profit=0.271529 (+27,153 PHP) | train_geo=-0.603702 (-60,370 PHP) val_geo=0.283773 (+28,377 PHP)
Epoch 040/50 | [MSE] train_loss=0.000164 val_loss=0.000139 | train_profit=-0.333436 (-33,344 PHP) val_profit=0.238560 (+23,856 PHP) | train_geo=-0.365278 (-36,528 PHP) val_geo=0.241813 (+24,181 PHP)
Epoch 041/50 | [MSE] train_loss=0.000164 val_loss=0.000139 | train_profit=-0.071661 (-7,166 PHP) val_profit=0.197249 (+19,725 PHP) | train_geo=-0.174784 (-17,478 PHP) val_geo=0.191518 (+19,152 PHP)
Epoch 042/50 | [MSE] train_loss=0.000164 val_loss=0.000139 | train_profit=-0.382475 (-38,248 PHP) val_profit=0.195840 (+19,584 PHP) | train_geo=-0.395199 (-39,520 PHP) val_geo=0.189875 (+18,988 PHP)
Epoch 043/50 | [MSE] train_loss=0.000164 val_loss=0.000139 | train_profit=-0.315780 (-31,578 PHP) val_profit=0.191108 (+19,111 PHP) | train_geo=-0.354162 (-35,416 PHP) val_geo=0.184489 (+18,449 PHP)
Epoch 044/50 | [MSE] train_loss=0.000163 val_loss=0.000139 | train_profit=0.150548 (+15,055 PHP) val_profit=0.172477 (+17,248 PHP) | train_geo=0.030415 (+3,041 PHP) val_geo=0.162365 (+16,236 PHP)
Epoch 045/50 | [MSE] train_loss=0.000164 val_loss=0.000139 | train_profit=-0.612091 (-61,209 PHP) val_profit=0.221299 (+22,130 PHP) | train_geo=-0.520458 (-52,046 PHP) val_geo=0.220915 (+22,092 PHP)
Epoch 046/50 | [MSE] train_loss=0.000163 val_loss=0.000139 | train_profit=-0.202227 (-20,223 PHP) val_profit=0.116350 (+11,635 PHP) | train_geo=-0.276250 (-27,625 PHP) val_geo=0.099142 (+9,914 PHP)
Epoch 047/50 | [MSE] train_loss=0.000163 val_loss=0.000139 | train_profit=0.098524 (+9,852 PHP) val_profit=0.377260 (+37,726 PHP) | train_geo=-0.022393 (-2,239 PHP) val_geo=0.427339 (+42,734 PHP)
Epoch 048/50 | [MSE] train_loss=0.000162 val_loss=0.000138 | train_profit=0.162815 (+16,281 PHP) val_profit=0.131486 (+13,149 PHP) | train_geo=0.043183 (+4,318 PHP) val_geo=0.115709 (+11,571 PHP)
Epoch 049/50 | [MSE] train_loss=0.000164 val_loss=0.000138 | train_profit=-0.352934 (-35,293 PHP) val_profit=0.215146 (+21,515 PHP) | train_geo=-0.377441 (-37,744 PHP) val_geo=0.213597 (+21,360 PHP)
Epoch 050/50 | [MSE] train_loss=0.000163 val_loss=0.000138 | train_profit=-0.399116 (-39,912 PHP) val_profit=0.248897 (+24,890 PHP) | train_geo=-0.405919 (-40,592 PHP) val_geo=0.255338 (+25,534 PHP)
[19/37] SPY        (index ) mse           dir_acc=0.522 cum_ret=+0.0749 geo_ret=+0.0671 sharpe=+0.472 (buy&hold=+0.3399 always_short=-0.2680)
  [4.2s total]
Epoch 001/50 | train_loss=0.000368 val_loss=0.000594 | train_profit=0.078972 (+7,897 PHP) val_profit=-0.180120 (-18,012 PHP) | train_geo=-0.042715 (-4,271 PHP) val_geo=-0.183514 (-18,351 PHP)
Epoch 002/50 | train_loss=0.000156 val_loss=0.000207 | train_profit=0.155353 (+15,535 PHP) val_profit=0.186575 (+18,657 PHP) | train_geo=0.032611 (+3,261 PHP) val_geo=0.178808 (+17,881 PHP)
Epoch 003/50 | train_loss=-0.000164 val_loss=-0.000300 | train_profit=0.810629 (+81,063 PHP) val_profit=0.186575 (+18,657 PHP) | train_geo=0.990188 (+99,019 PHP) val_geo=0.178808 (+17,881 PHP)
Epoch 004/50 | train_loss=-0.000269 val_loss=-0.000334 | train_profit=0.810629 (+81,063 PHP) val_profit=0.186575 (+18,657 PHP) | train_geo=0.990188 (+99,019 PHP) val_geo=0.178808 (+17,881 PHP)
Epoch 005/50 | train_loss=-0.000268 val_loss=-0.000325 | train_profit=0.810629 (+81,063 PHP) val_profit=0.186575 (+18,657 PHP) | train_geo=0.990188 (+99,019 PHP) val_geo=0.178808 (+17,881 PHP)
Epoch 006/50 | train_loss=-0.000252 val_loss=-0.000323 | train_profit=0.810629 (+81,063 PHP) val_profit=0.186575 (+18,657 PHP) | train_geo=0.990188 (+99,019 PHP) val_geo=0.178808 (+17,881 PHP)
Epoch 007/50 | train_loss=-0.000272 val_loss=-0.000298 | train_profit=0.810629 (+81,063 PHP) val_profit=0.186575 (+18,657 PHP) | train_geo=0.990188 (+99,019 PHP) val_geo=0.178808 (+17,881 PHP)
Epoch 008/50 | train_loss=-0.000101 val_loss=0.000010 | train_profit=0.595939 (+59,594 PHP) val_profit=0.186575 (+18,657 PHP) | train_geo=0.605458 (+60,546 PHP) val_geo=0.178808 (+17,881 PHP)
Epoch 009/50 | train_loss=-0.000220 val_loss=-0.000334 | train_profit=0.810629 (+81,063 PHP) val_profit=0.186575 (+18,657 PHP) | train_geo=0.990188 (+99,019 PHP) val_geo=0.178808 (+17,881 PHP)
Epoch 010/50 | train_loss=-0.000295 val_loss=-0.000331 | train_profit=0.810629 (+81,063 PHP) val_profit=0.186575 (+18,657 PHP) | train_geo=0.990188 (+99,019 PHP) val_geo=0.178808 (+17,881 PHP)
Epoch 011/50 | train_loss=-0.000325 val_loss=-0.000329 | train_profit=0.810629 (+81,063 PHP) val_profit=0.186575 (+18,657 PHP) | train_geo=0.990188 (+99,019 PHP) val_geo=0.178808 (+17,881 PHP)
Epoch 012/50 | train_loss=-0.000307 val_loss=-0.000314 | train_profit=0.810629 (+81,063 PHP) val_profit=0.186575 (+18,657 PHP) | train_geo=0.990188 (+99,019 PHP) val_geo=0.178808 (+17,881 PHP)
Epoch 013/50 | train_loss=-0.000291 val_loss=-0.000310 | train_profit=0.810629 (+81,063 PHP) val_profit=0.186575 (+18,657 PHP) | train_geo=0.990188 (+99,019 PHP) val_geo=0.178808 (+17,881 PHP)
Epoch 014/50 | train_loss=-0.000271 val_loss=-0.000280 | train_profit=0.810629 (+81,063 PHP) val_profit=0.186575 (+18,657 PHP) | train_geo=0.990188 (+99,019 PHP) val_geo=0.178808 (+17,881 PHP)
Epoch 015/50 | train_loss=-0.000300 val_loss=-0.000315 | train_profit=0.810629 (+81,063 PHP) val_profit=0.186575 (+18,657 PHP) | train_geo=0.990188 (+99,019 PHP) val_geo=0.178808 (+17,881 PHP)
Epoch 016/50 | train_loss=-0.000253 val_loss=-0.000237 | train_profit=0.786351 (+78,635 PHP) val_profit=0.186575 (+18,657 PHP) | train_geo=0.942410 (+94,241 PHP) val_geo=0.178808 (+17,881 PHP)
Epoch 017/50 | train_loss=-0.000282 val_loss=-0.000295 | train_profit=0.810629 (+81,063 PHP) val_profit=0.186575 (+18,657 PHP) | train_geo=0.990188 (+99,019 PHP) val_geo=0.178808 (+17,881 PHP)
Epoch 018/50 | train_loss=-0.000310 val_loss=-0.000286 | train_profit=0.824345 (+82,435 PHP) val_profit=0.186575 (+18,657 PHP) | train_geo=1.017674 (+101,767 PHP) val_geo=0.178808 (+17,881 PHP)
Epoch 019/50 | train_loss=-0.000299 val_loss=-0.000238 | train_profit=0.693828 (+69,383 PHP) val_profit=0.179721 (+17,972 PHP) | train_geo=0.770495 (+77,050 PHP) val_geo=0.170691 (+17,069 PHP)
Epoch 020/50 | train_loss=-0.000351 val_loss=-0.000045 | train_profit=1.110486 (+111,049 PHP) val_profit=0.151435 (+15,144 PHP) | train_geo=1.689568 (+168,957 PHP) val_geo=0.138254 (+13,825 PHP)
Epoch 021/50 | train_loss=-0.000515 val_loss=-0.000187 | train_profit=1.297182 (+129,718 PHP) val_profit=0.186575 (+18,657 PHP) | train_geo=2.241322 (+224,132 PHP) val_geo=0.178808 (+17,881 PHP)
Epoch 022/50 | train_loss=-0.000323 val_loss=-0.000229 | train_profit=0.776285 (+77,629 PHP) val_profit=0.097501 (+9,750 PHP) | train_geo=0.922764 (+92,276 PHP) val_geo=0.078314 (+7,831 PHP)
Epoch 023/50 | train_loss=-0.000548 val_loss=0.000011 | train_profit=1.378386 (+137,839 PHP) val_profit=-0.001865 (-186 PHP) | train_geo=2.516008 (+251,601 PHP) val_geo=-0.023688 (-2,369 PHP)
Epoch 024/50 | train_loss=-0.000464 val_loss=-0.000191 | train_profit=1.087636 (+108,764 PHP) val_profit=0.097501 (+9,750 PHP) | train_geo=1.627640 (+162,764 PHP) val_geo=0.078314 (+7,831 PHP)
Epoch 025/50 | train_loss=-0.000537 val_loss=-0.000065 | train_profit=1.430242 (+143,024 PHP) val_profit=0.099548 (+9,955 PHP) | train_geo=2.703681 (+270,368 PHP) val_geo=0.080525 (+8,053 PHP)
Epoch 026/50 | train_loss=-0.000453 val_loss=-0.000072 | train_profit=1.082984 (+108,298 PHP) val_profit=0.077106 (+7,711 PHP) | train_geo=1.615241 (+161,524 PHP) val_geo=0.056661 (+5,666 PHP)
Epoch 027/50 | train_loss=-0.000504 val_loss=0.000073 | train_profit=1.266979 (+126,698 PHP) val_profit=0.085057 (+8,506 PHP) | train_geo=2.145110 (+214,511 PHP) val_geo=0.065033 (+6,503 PHP)
Epoch 028/50 | train_loss=-0.000438 val_loss=-0.000078 | train_profit=1.138921 (+113,892 PHP) val_profit=0.147154 (+14,715 PHP) | train_geo=1.766106 (+176,611 PHP) val_geo=0.133331 (+13,333 PHP)
Epoch 029/50 | train_loss=-0.000472 val_loss=0.000413 | train_profit=1.146914 (+114,691 PHP) val_profit=-0.019290 (-1,929 PHP) | train_geo=1.789459 (+178,946 PHP) val_geo=-0.040528 (-4,053 PHP)
Epoch 030/50 | train_loss=-0.000586 val_loss=0.000213 | train_profit=1.254114 (+125,411 PHP) val_profit=0.025616 (+2,562 PHP) | train_geo=2.105047 (+210,505 PHP) val_geo=0.003519 (+352 PHP)
Epoch 031/50 | train_loss=-0.000642 val_loss=0.000244 | train_profit=1.629789 (+162,979 PHP) val_profit=-0.027049 (-2,705 PHP) | train_geo=3.523134 (+352,313 PHP) val_geo=-0.047992 (-4,799 PHP)
Epoch 032/50 | train_loss=-0.000638 val_loss=0.000200 | train_profit=1.372716 (+137,272 PHP) val_profit=0.014418 (+1,442 PHP) | train_geo=2.496783 (+249,678 PHP) val_geo=-0.007659 (-766 PHP)
Epoch 033/50 | train_loss=-0.000637 val_loss=0.000365 | train_profit=1.368701 (+136,870 PHP) val_profit=-0.020053 (-2,005 PHP) | train_geo=2.482153 (+248,215 PHP) val_geo=-0.041248 (-4,125 PHP)
Epoch 034/50 | train_loss=-0.000644 val_loss=0.000115 | train_profit=1.503971 (+150,397 PHP) val_profit=0.055760 (+5,576 PHP) | train_geo=2.986665 (+298,666 PHP) val_geo=0.034576 (+3,458 PHP)
Epoch 035/50 | train_loss=-0.000718 val_loss=0.000447 | train_profit=1.617623 (+161,762 PHP) val_profit=-0.041557 (-4,156 PHP) | train_geo=3.468904 (+346,890 PHP) val_geo=-0.061476 (-6,148 PHP)
Epoch 036/50 | train_loss=-0.000662 val_loss=0.000723 | train_profit=1.359079 (+135,908 PHP) val_profit=-0.242190 (-24,219 PHP) | train_geo=2.448960 (+244,896 PHP) val_geo=-0.232905 (-23,290 PHP)
Epoch 037/50 | train_loss=-0.000816 val_loss=0.000595 | train_profit=1.645350 (+164,535 PHP) val_profit=-0.194646 (-19,465 PHP) | train_geo=3.593131 (+359,313 PHP) val_geo=-0.195486 (-19,549 PHP)
Epoch 038/50 | train_loss=-0.000743 val_loss=0.000128 | train_profit=1.601254 (+160,125 PHP) val_profit=0.014430 (+1,443 PHP) | train_geo=3.394516 (+339,452 PHP) val_geo=-0.007415 (-741 PHP)
Epoch 039/50 | train_loss=-0.000704 val_loss=0.000664 | train_profit=1.448154 (+144,815 PHP) val_profit=-0.104400 (-10,440 PHP) | train_geo=2.770883 (+277,088 PHP) val_geo=-0.119377 (-11,938 PHP)
Epoch 040/50 | train_loss=-0.000656 val_loss=0.000370 | train_profit=1.568459 (+156,846 PHP) val_profit=0.003114 (+311 PHP) | train_geo=3.254208 (+325,421 PHP) val_geo=-0.018721 (-1,872 PHP)
Epoch 041/50 | train_loss=-0.000565 val_loss=0.000387 | train_profit=1.398458 (+139,846 PHP) val_profit=-0.003065 (-306 PHP) | train_geo=2.588673 (+258,867 PHP) val_geo=-0.024811 (-2,481 PHP)
Epoch 042/50 | train_loss=-0.000598 val_loss=0.000656 | train_profit=1.306304 (+130,630 PHP) val_profit=-0.193053 (-19,305 PHP) | train_geo=2.272319 (+227,232 PHP) val_geo=-0.194198 (-19,420 PHP)
Epoch 043/50 | train_loss=-0.000733 val_loss=0.000351 | train_profit=1.639984 (+163,998 PHP) val_profit=0.051269 (+5,127 PHP) | train_geo=3.569719 (+356,972 PHP) val_geo=0.029920 (+2,992 PHP)
Epoch 044/50 | train_loss=-0.000812 val_loss=0.000969 | train_profit=1.859660 (+185,966 PHP) val_profit=-0.288493 (-28,849 PHP) | train_geo=4.693100 (+469,310 PHP) val_geo=-0.267606 (-26,761 PHP)
Epoch 045/50 | train_loss=-0.000638 val_loss=0.000238 | train_profit=1.375760 (+137,576 PHP) val_profit=0.018245 (+1,824 PHP) | train_geo=2.506923 (+250,692 PHP) val_geo=-0.003595 (-359 PHP)
Epoch 046/50 | train_loss=-0.000745 val_loss=0.000787 | train_profit=1.490263 (+149,026 PHP) val_profit=-0.190662 (-19,066 PHP) | train_geo=2.931442 (+293,144 PHP) val_geo=-0.192172 (-19,217 PHP)
Epoch 047/50 | train_loss=-0.000439 val_loss=0.000861 | train_profit=1.102758 (+110,276 PHP) val_profit=-0.222853 (-22,285 PHP) | train_geo=1.668780 (+166,878 PHP) val_geo=-0.217879 (-21,788 PHP)
Epoch 048/50 | train_loss=-0.000615 val_loss=0.000243 | train_profit=1.312585 (+131,258 PHP) val_profit=-0.000769 (-77 PHP) | train_geo=2.290665 (+229,066 PHP) val_geo=-0.022554 (-2,255 PHP)
Epoch 049/50 | train_loss=-0.000651 val_loss=-0.000268 | train_profit=1.252129 (+125,213 PHP) val_profit=0.107347 (+10,735 PHP) | train_geo=2.097503 (+209,750 PHP) val_geo=0.089306 (+8,931 PHP)
Epoch 050/50 | train_loss=-0.000644 val_loss=0.000437 | train_profit=1.396758 (+139,676 PHP) val_profit=-0.041355 (-4,136 PHP) | train_geo=2.582063 (+258,206 PHP) val_geo=-0.062041 (-6,204 PHP)
[19/37] SPY        (index ) profit-aware  dir_acc=0.497 cum_ret=-0.0218 geo_ret=-0.0311 sharpe=-0.138 (buy&hold=+0.3399 always_short=-0.2680)
  [13.4s total]
Epoch 001/50 | [MSE] train_loss=0.000875 val_loss=0.000690 | train_profit=-2.491008 (-249,101 PHP) val_profit=-0.518422 (-51,842 PHP) | train_geo=-0.943905 (-94,391 PHP) val_geo=-0.460326 (-46,033 PHP)
Epoch 002/50 | [MSE] train_loss=0.000601 val_loss=0.000659 | train_profit=-0.016879 (-1,688 PHP) val_profit=0.136465 (+13,646 PHP) | train_geo=-0.329373 (-32,937 PHP) val_geo=0.040188 (+4,019 PHP)
Epoch 003/50 | [MSE] train_loss=0.000594 val_loss=0.000649 | train_profit=-0.142656 (-14,266 PHP) val_profit=0.308925 (+30,892 PHP) | train_geo=-0.410246 (-41,025 PHP) val_geo=0.235655 (+23,566 PHP)
Epoch 004/50 | [MSE] train_loss=0.000590 val_loss=0.000650 | train_profit=-0.176605 (-17,661 PHP) val_profit=0.477526 (+47,753 PHP) | train_geo=-0.430177 (-43,018 PHP) val_geo=0.463514 (+46,351 PHP)
Epoch 005/50 | [MSE] train_loss=0.000574 val_loss=0.000651 | train_profit=-1.102233 (-110,223 PHP) val_profit=0.477526 (+47,753 PHP) | train_geo=-0.774471 (-77,447 PHP) val_geo=0.463514 (+46,351 PHP)
Epoch 006/50 | [MSE] train_loss=0.000558 val_loss=0.000649 | train_profit=-0.183291 (-18,329 PHP) val_profit=0.477526 (+47,753 PHP) | train_geo=-0.435281 (-43,528 PHP) val_geo=0.463514 (+46,351 PHP)
Epoch 007/50 | [MSE] train_loss=0.000557 val_loss=0.000644 | train_profit=0.478567 (+47,857 PHP) val_profit=0.477526 (+47,753 PHP) | train_geo=0.099414 (+9,941 PHP) val_geo=0.463514 (+46,351 PHP)
Epoch 008/50 | [MSE] train_loss=0.000556 val_loss=0.000642 | train_profit=0.009197 (+920 PHP) val_profit=0.499260 (+49,926 PHP) | train_geo=-0.313270 (-31,327 PHP) val_geo=0.495525 (+49,553 PHP)
Epoch 009/50 | [MSE] train_loss=0.000552 val_loss=0.000642 | train_profit=0.096623 (+9,662 PHP) val_profit=0.168071 (+16,807 PHP) | train_geo=-0.251492 (-25,149 PHP) val_geo=0.073279 (+7,328 PHP)
Epoch 010/50 | [MSE] train_loss=0.000553 val_loss=0.000642 | train_profit=0.302213 (+30,221 PHP) val_profit=0.194977 (+19,498 PHP) | train_geo=-0.079561 (-7,956 PHP) val_geo=0.102176 (+10,218 PHP)
Epoch 011/50 | [MSE] train_loss=0.000558 val_loss=0.000644 | train_profit=-0.046831 (-4,683 PHP) val_profit=-0.330161 (-33,016 PHP) | train_geo=-0.351678 (-35,168 PHP) val_geo=-0.348549 (-34,855 PHP)
Epoch 012/50 | [MSE] train_loss=0.000552 val_loss=0.000645 | train_profit=0.403428 (+40,343 PHP) val_profit=-0.926306 (-92,631 PHP) | train_geo=0.019033 (+1,903 PHP) val_geo=-0.641487 (-64,149 PHP)
Epoch 013/50 | [MSE] train_loss=0.000548 val_loss=0.000648 | train_profit=0.375112 (+37,511 PHP) val_profit=-0.601893 (-60,189 PHP) | train_geo=-0.012761 (-1,276 PHP) val_geo=-0.503658 (-50,366 PHP)
Epoch 014/50 | [MSE] train_loss=0.000553 val_loss=0.000649 | train_profit=0.256892 (+25,689 PHP) val_profit=-0.564990 (-56,499 PHP) | train_geo=-0.120636 (-12,064 PHP) val_geo=-0.485057 (-48,506 PHP)
Epoch 015/50 | [MSE] train_loss=0.000545 val_loss=0.000650 | train_profit=0.724022 (+72,402 PHP) val_profit=-0.525162 (-52,516 PHP) | train_geo=0.401703 (+40,170 PHP) val_geo=-0.464119 (-46,412 PHP)
Epoch 016/50 | [MSE] train_loss=0.000548 val_loss=0.000652 | train_profit=0.251783 (+25,178 PHP) val_profit=-0.392791 (-39,279 PHP) | train_geo=-0.125509 (-12,551 PHP) val_geo=-0.388350 (-38,835 PHP)
Epoch 017/50 | [MSE] train_loss=0.000544 val_loss=0.000650 | train_profit=-0.172882 (-17,288 PHP) val_profit=-0.503867 (-50,387 PHP) | train_geo=-0.430465 (-43,047 PHP) val_geo=-0.452547 (-45,255 PHP)
Epoch 018/50 | [MSE] train_loss=0.000539 val_loss=0.000649 | train_profit=0.675244 (+67,524 PHP) val_profit=-0.662848 (-66,285 PHP) | train_geo=0.338071 (+33,807 PHP) val_geo=-0.533109 (-53,311 PHP)
Epoch 019/50 | [MSE] train_loss=0.000543 val_loss=0.000651 | train_profit=0.679867 (+67,987 PHP) val_profit=-0.598347 (-59,835 PHP) | train_geo=0.338553 (+33,855 PHP) val_geo=-0.501984 (-50,198 PHP)
Epoch 020/50 | [MSE] train_loss=0.000540 val_loss=0.000651 | train_profit=0.924077 (+92,408 PHP) val_profit=-0.540721 (-54,072 PHP) | train_geo=0.717304 (+71,730 PHP) val_geo=-0.472448 (-47,245 PHP)
Epoch 021/50 | [MSE] train_loss=0.000543 val_loss=0.000651 | train_profit=0.933311 (+93,331 PHP) val_profit=-0.584675 (-58,467 PHP) | train_geo=0.732396 (+73,240 PHP) val_geo=-0.495113 (-49,511 PHP)
Epoch 022/50 | [MSE] train_loss=0.000541 val_loss=0.000649 | train_profit=1.036730 (+103,673 PHP) val_profit=-0.606728 (-60,673 PHP) | train_geo=0.921408 (+92,141 PHP) val_geo=-0.506168 (-50,617 PHP)
Epoch 023/50 | [MSE] train_loss=0.000542 val_loss=0.000649 | train_profit=-0.101341 (-10,134 PHP) val_profit=-0.466285 (-46,628 PHP) | train_geo=-0.387354 (-38,735 PHP) val_geo=-0.431611 (-43,161 PHP)
Epoch 024/50 | [MSE] train_loss=0.000540 val_loss=0.000649 | train_profit=0.803939 (+80,394 PHP) val_profit=-0.492474 (-49,247 PHP) | train_geo=0.521931 (+52,193 PHP) val_geo=-0.446362 (-44,636 PHP)
Epoch 025/50 | [MSE] train_loss=0.000534 val_loss=0.000649 | train_profit=0.799922 (+79,992 PHP) val_profit=-0.344552 (-34,455 PHP) | train_geo=0.514565 (+51,456 PHP) val_geo=-0.357760 (-35,776 PHP)
Epoch 026/50 | [MSE] train_loss=0.000538 val_loss=0.000649 | train_profit=0.973912 (+97,391 PHP) val_profit=-0.427291 (-42,729 PHP) | train_geo=0.802955 (+80,296 PHP) val_geo=-0.409013 (-40,901 PHP)
Epoch 027/50 | [MSE] train_loss=0.000537 val_loss=0.000649 | train_profit=0.707680 (+70,768 PHP) val_profit=-0.401356 (-40,136 PHP) | train_geo=0.381867 (+38,187 PHP) val_geo=-0.393376 (-39,338 PHP)
Epoch 028/50 | [MSE] train_loss=0.000538 val_loss=0.000646 | train_profit=0.473956 (+47,396 PHP) val_profit=-0.333104 (-33,310 PHP) | train_geo=0.089821 (+8,982 PHP) val_geo=-0.350326 (-35,033 PHP)
Epoch 029/50 | [MSE] train_loss=0.000537 val_loss=0.000645 | train_profit=0.748180 (+74,818 PHP) val_profit=-0.384532 (-38,453 PHP) | train_geo=0.438841 (+43,884 PHP) val_geo=-0.383033 (-38,303 PHP)
Epoch 030/50 | [MSE] train_loss=0.000534 val_loss=0.000646 | train_profit=0.980787 (+98,079 PHP) val_profit=-0.354440 (-35,444 PHP) | train_geo=0.815845 (+81,585 PHP) val_geo=-0.364052 (-36,405 PHP)
Epoch 031/50 | [MSE] train_loss=0.000536 val_loss=0.000646 | train_profit=0.730127 (+73,013 PHP) val_profit=-0.363486 (-36,349 PHP) | train_geo=0.412484 (+41,248 PHP) val_geo=-0.369918 (-36,992 PHP)
Epoch 032/50 | [MSE] train_loss=0.000536 val_loss=0.000645 | train_profit=1.335768 (+133,577 PHP) val_profit=-0.416182 (-41,618 PHP) | train_geo=1.593846 (+159,385 PHP) val_geo=-0.402311 (-40,231 PHP)
Epoch 033/50 | [MSE] train_loss=0.000539 val_loss=0.000647 | train_profit=0.831908 (+83,191 PHP) val_profit=-0.412363 (-41,236 PHP) | train_geo=0.564215 (+56,421 PHP) val_geo=-0.400047 (-40,005 PHP)
Epoch 034/50 | [MSE] train_loss=0.000534 val_loss=0.000646 | train_profit=0.910475 (+91,048 PHP) val_profit=-0.358280 (-35,828 PHP) | train_geo=0.690997 (+69,100 PHP) val_geo=-0.366528 (-36,653 PHP)
Epoch 035/50 | [MSE] train_loss=0.000532 val_loss=0.000644 | train_profit=0.413655 (+41,366 PHP) val_profit=-0.277005 (-27,701 PHP) | train_geo=0.029483 (+2,948 PHP) val_geo=-0.313059 (-31,306 PHP)
Epoch 036/50 | [MSE] train_loss=0.000535 val_loss=0.000645 | train_profit=1.013223 (+101,322 PHP) val_profit=-0.505545 (-50,554 PHP) | train_geo=0.875417 (+87,542 PHP) val_geo=-0.453470 (-45,347 PHP)
Epoch 037/50 | [MSE] train_loss=0.000534 val_loss=0.000644 | train_profit=0.212899 (+21,290 PHP) val_profit=-0.378647 (-37,865 PHP) | train_geo=-0.157950 (-15,795 PHP) val_geo=-0.379487 (-37,949 PHP)
Epoch 038/50 | [MSE] train_loss=0.000533 val_loss=0.000643 | train_profit=0.579498 (+57,950 PHP) val_profit=-0.172245 (-17,224 PHP) | train_geo=0.213910 (+21,391 PHP) val_geo=-0.236808 (-23,681 PHP)
Epoch 039/50 | [MSE] train_loss=0.000531 val_loss=0.000642 | train_profit=1.756533 (+175,653 PHP) val_profit=-0.070361 (-7,036 PHP) | train_geo=2.946161 (+294,616 PHP) val_geo=-0.154825 (-15,482 PHP)
Epoch 040/50 | [MSE] train_loss=0.000534 val_loss=0.000641 | train_profit=1.179945 (+117,995 PHP) val_profit=-0.107050 (-10,705 PHP) | train_geo=1.214551 (+121,455 PHP) val_geo=-0.185253 (-18,525 PHP)
Epoch 041/50 | [MSE] train_loss=0.000530 val_loss=0.000641 | train_profit=1.005763 (+100,576 PHP) val_profit=-0.054086 (-5,409 PHP) | train_geo=0.861578 (+86,158 PHP) val_geo=-0.140936 (-14,094 PHP)
Epoch 042/50 | [MSE] train_loss=0.000533 val_loss=0.000642 | train_profit=0.958620 (+95,862 PHP) val_profit=-0.147607 (-14,761 PHP) | train_geo=0.775078 (+77,508 PHP) val_geo=-0.217895 (-21,790 PHP)
Epoch 043/50 | [MSE] train_loss=0.000530 val_loss=0.000641 | train_profit=1.276987 (+127,699 PHP) val_profit=0.028197 (+2,820 PHP) | train_geo=1.442631 (+144,263 PHP) val_geo=-0.067152 (-6,715 PHP)
Epoch 044/50 | [MSE] train_loss=0.000529 val_loss=0.000641 | train_profit=1.618895 (+161,889 PHP) val_profit=-0.076644 (-7,664 PHP) | train_geo=2.440548 (+244,055 PHP) val_geo=-0.160215 (-16,021 PHP)
Epoch 045/50 | [MSE] train_loss=0.000528 val_loss=0.000638 | train_profit=1.295618 (+129,562 PHP) val_profit=0.056792 (+5,679 PHP) | train_geo=1.487333 (+148,733 PHP) val_geo=-0.040161 (-4,016 PHP)
Epoch 046/50 | [MSE] train_loss=0.000526 val_loss=0.000637 | train_profit=0.984457 (+98,446 PHP) val_profit=0.071809 (+7,181 PHP) | train_geo=0.822448 (+82,245 PHP) val_geo=-0.025753 (-2,575 PHP)
Epoch 047/50 | [MSE] train_loss=0.000530 val_loss=0.000640 | train_profit=1.813911 (+181,391 PHP) val_profit=0.017263 (+1,726 PHP) | train_geo=3.177489 (+317,749 PHP) val_geo=-0.077331 (-7,733 PHP)
Epoch 048/50 | [MSE] train_loss=0.000528 val_loss=0.000639 | train_profit=2.119799 (+211,980 PHP) val_profit=0.041432 (+4,143 PHP) | train_geo=4.676411 (+467,641 PHP) val_geo=-0.054717 (-5,472 PHP)
Epoch 049/50 | [MSE] train_loss=0.000528 val_loss=0.000639 | train_profit=1.763223 (+176,322 PHP) val_profit=-0.018613 (-1,861 PHP) | train_geo=2.972063 (+297,206 PHP) val_geo=-0.110040 (-11,004 PHP)
Epoch 050/50 | [MSE] train_loss=0.000529 val_loss=0.000639 | train_profit=1.251536 (+125,154 PHP) val_profit=0.019053 (+1,905 PHP) | train_geo=1.379112 (+137,911 PHP) val_geo=-0.075531 (-7,553 PHP)
[20/37] PSE:ICT    (strong) mse           dir_acc=0.497 cum_ret=+0.6629 geo_ret=+0.7793 sharpe=+1.436 (buy&hold=+1.2684 always_short=-0.6307)
  [11.1s total]
Epoch 001/50 | train_loss=0.000887 val_loss=-0.000807 | train_profit=-0.286733 (-28,673 PHP) val_profit=0.477526 (+47,753 PHP) | train_geo=-0.491107 (-49,111 PHP) val_geo=0.463514 (+46,351 PHP)
Epoch 002/50 | train_loss=0.000259 val_loss=-0.000256 | train_profit=0.437747 (+43,775 PHP) val_profit=0.458130 (+45,813 PHP) | train_geo=0.051120 (+5,112 PHP) val_geo=0.435426 (+43,543 PHP)
Epoch 003/50 | train_loss=-0.000009 val_loss=-0.000743 | train_profit=1.456426 (+145,643 PHP) val_profit=0.477526 (+47,753 PHP) | train_geo=1.912755 (+191,276 PHP) val_geo=0.463514 (+46,351 PHP)
Epoch 004/50 | train_loss=-0.000157 val_loss=-0.000541 | train_profit=1.329902 (+132,990 PHP) val_profit=0.477526 (+47,753 PHP) | train_geo=1.566205 (+156,620 PHP) val_geo=0.463514 (+46,351 PHP)
Epoch 005/50 | train_loss=-0.000143 val_loss=-0.000629 | train_profit=1.329902 (+132,990 PHP) val_profit=0.477526 (+47,753 PHP) | train_geo=1.566205 (+156,620 PHP) val_geo=0.463514 (+46,351 PHP)
Epoch 006/50 | train_loss=-0.000165 val_loss=-0.000463 | train_profit=1.133093 (+113,309 PHP) val_profit=0.477526 (+47,753 PHP) | train_geo=1.107154 (+110,715 PHP) val_geo=0.463514 (+46,351 PHP)
Epoch 007/50 | train_loss=-0.000225 val_loss=-0.000518 | train_profit=1.269468 (+126,947 PHP) val_profit=0.477526 (+47,753 PHP) | train_geo=1.415507 (+141,551 PHP) val_geo=0.463514 (+46,351 PHP)
Epoch 008/50 | train_loss=-0.000141 val_loss=-0.000418 | train_profit=1.093285 (+109,328 PHP) val_profit=0.477526 (+47,753 PHP) | train_geo=1.025352 (+102,535 PHP) val_geo=0.463514 (+46,351 PHP)
Epoch 009/50 | train_loss=-0.000192 val_loss=-0.000445 | train_profit=1.115638 (+111,564 PHP) val_profit=0.477526 (+47,753 PHP) | train_geo=1.070068 (+107,007 PHP) val_geo=0.463514 (+46,351 PHP)
Epoch 010/50 | train_loss=-0.000109 val_loss=-0.000288 | train_profit=1.295717 (+129,572 PHP) val_profit=0.477526 (+47,753 PHP) | train_geo=1.486238 (+148,624 PHP) val_geo=0.463514 (+46,351 PHP)
Epoch 011/50 | train_loss=0.000144 val_loss=-0.000006 | train_profit=0.847585 (+84,758 PHP) val_profit=0.228679 (+22,868 PHP) | train_geo=0.589922 (+58,992 PHP) val_geo=0.140465 (+14,047 PHP)
Epoch 012/50 | train_loss=-0.000087 val_loss=-0.000091 | train_profit=0.746341 (+74,634 PHP) val_profit=0.261088 (+26,109 PHP) | train_geo=0.435441 (+43,544 PHP) val_geo=0.178068 (+17,807 PHP)
Epoch 013/50 | train_loss=-0.000042 val_loss=0.000235 | train_profit=0.174141 (+17,414 PHP) val_profit=0.209670 (+20,967 PHP) | train_geo=-0.190538 (-19,054 PHP) val_geo=0.118548 (+11,855 PHP)
Epoch 014/50 | train_loss=-0.000165 val_loss=0.000181 | train_profit=0.765599 (+76,560 PHP) val_profit=0.075280 (+7,528 PHP) | train_geo=0.462861 (+46,286 PHP) val_geo=-0.022403 (-2,240 PHP)
Epoch 015/50 | train_loss=-0.000482 val_loss=0.000134 | train_profit=1.750920 (+175,092 PHP) val_profit=0.226637 (+22,664 PHP) | train_geo=2.930037 (+293,004 PHP) val_geo=0.137970 (+13,797 PHP)
Epoch 016/50 | train_loss=-0.000461 val_loss=0.000141 | train_profit=0.905664 (+90,566 PHP) val_profit=0.231246 (+23,125 PHP) | train_geo=0.683311 (+68,331 PHP) val_geo=0.143266 (+14,327 PHP)
Epoch 017/50 | train_loss=-0.000514 val_loss=0.000246 | train_profit=1.336212 (+133,621 PHP) val_profit=0.344291 (+34,429 PHP) | train_geo=1.594228 (+159,423 PHP) val_geo=0.280138 (+28,014 PHP)
Epoch 018/50 | train_loss=-0.000549 val_loss=0.000261 | train_profit=1.733070 (+173,307 PHP) val_profit=0.408087 (+40,809 PHP) | train_geo=2.862951 (+286,295 PHP) val_geo=0.364748 (+36,475 PHP)
Epoch 019/50 | train_loss=-0.000744 val_loss=0.000069 | train_profit=1.642263 (+164,226 PHP) val_profit=0.288967 (+28,897 PHP) | train_geo=2.520714 (+252,071 PHP) val_geo=0.211471 (+21,147 PHP)
Epoch 020/50 | train_loss=-0.000595 val_loss=0.000021 | train_profit=1.735830 (+173,583 PHP) val_profit=0.390962 (+39,096 PHP) | train_geo=2.867381 (+286,738 PHP) val_geo=0.341580 (+34,158 PHP)
Epoch 021/50 | train_loss=-0.000644 val_loss=0.000260 | train_profit=2.107540 (+210,754 PHP) val_profit=0.430396 (+43,040 PHP) | train_geo=4.622583 (+462,258 PHP) val_geo=0.395317 (+39,532 PHP)
Epoch 022/50 | train_loss=-0.000535 val_loss=0.000043 | train_profit=1.563956 (+156,396 PHP) val_profit=0.503109 (+50,311 PHP) | train_geo=2.255446 (+225,545 PHP) val_geo=0.500474 (+50,047 PHP)
Epoch 023/50 | train_loss=-0.000931 val_loss=-0.000332 | train_profit=2.071168 (+207,117 PHP) val_profit=0.205247 (+20,525 PHP) | train_geo=4.422775 (+442,278 PHP) val_geo=0.113893 (+11,389 PHP)
Epoch 024/50 | train_loss=-0.000697 val_loss=0.000195 | train_profit=1.815516 (+181,552 PHP) val_profit=0.344170 (+34,417 PHP) | train_geo=3.183987 (+318,399 PHP) val_geo=0.279698 (+27,970 PHP)
Epoch 025/50 | train_loss=-0.000740 val_loss=0.000099 | train_profit=2.212723 (+221,272 PHP) val_profit=0.399837 (+39,984 PHP) | train_geo=5.238019 (+523,802 PHP) val_geo=0.352973 (+35,297 PHP)
Epoch 026/50 | train_loss=-0.000877 val_loss=0.000234 | train_profit=2.495508 (+249,551 PHP) val_profit=0.149602 (+14,960 PHP) | train_geo=7.286215 (+728,622 PHP) val_geo=0.053195 (+5,320 PHP)
Epoch 027/50 | train_loss=-0.000893 val_loss=0.000686 | train_profit=2.528769 (+252,877 PHP) val_profit=-0.239067 (-23,907 PHP) | train_geo=7.553183 (+755,318 PHP) val_geo=-0.286071 (-28,607 PHP)
Epoch 028/50 | train_loss=-0.000750 val_loss=0.000463 | train_profit=1.892239 (+189,224 PHP) val_profit=0.290108 (+29,011 PHP) | train_geo=3.524556 (+352,456 PHP) val_geo=0.213090 (+21,309 PHP)
Epoch 029/50 | train_loss=-0.001064 val_loss=-0.000406 | train_profit=2.601918 (+260,192 PHP) val_profit=0.518164 (+51,816 PHP) | train_geo=8.212104 (+821,210 PHP) val_geo=0.524740 (+52,474 PHP)
Epoch 030/50 | train_loss=-0.000866 val_loss=-0.000585 | train_profit=2.460146 (+246,015 PHP) val_profit=0.614299 (+61,430 PHP) | train_geo=6.978875 (+697,888 PHP) val_geo=0.677876 (+67,788 PHP)
Epoch 031/50 | train_loss=-0.001050 val_loss=-0.000385 | train_profit=2.970471 (+297,047 PHP) val_profit=0.455592 (+45,559 PHP) | train_geo=12.333417 (+1,233,342 PHP) val_geo=0.431360 (+43,136 PHP)
Epoch 032/50 | train_loss=-0.000937 val_loss=-0.001205 | train_profit=2.402528 (+240,253 PHP) val_profit=0.885098 (+88,510 PHP) | train_geo=6.543022 (+654,302 PHP) val_geo=1.201087 (+120,109 PHP)
Epoch 033/50 | train_loss=-0.000775 val_loss=-0.000190 | train_profit=2.580582 (+258,058 PHP) val_profit=0.068242 (+6,824 PHP) | train_geo=8.008165 (+800,817 PHP) val_geo=-0.029267 (-2,927 PHP)
Epoch 034/50 | train_loss=-0.001168 val_loss=-0.000452 | train_profit=3.205147 (+320,515 PHP) val_profit=0.238142 (+23,814 PHP) | train_geo=15.866711 (+1,586,671 PHP) val_geo=0.150663 (+15,066 PHP)
Epoch 035/50 | train_loss=-0.001154 val_loss=-0.000509 | train_profit=3.221542 (+322,154 PHP) val_profit=0.359192 (+35,919 PHP) | train_geo=16.142576 (+1,614,258 PHP) val_geo=0.299606 (+29,961 PHP)
Epoch 036/50 | train_loss=-0.001544 val_loss=-0.000551 | train_profit=3.340556 (+334,056 PHP) val_profit=0.296069 (+29,607 PHP) | train_geo=18.313072 (+1,831,307 PHP) val_geo=0.220809 (+22,081 PHP)
Epoch 037/50 | train_loss=-0.000896 val_loss=-0.000897 | train_profit=3.099202 (+309,920 PHP) val_profit=0.596079 (+59,608 PHP) | train_geo=14.185626 (+1,418,563 PHP) val_geo=0.647709 (+64,771 PHP)
Epoch 038/50 | train_loss=-0.001318 val_loss=-0.001309 | train_profit=2.810513 (+281,051 PHP) val_profit=0.866224 (+86,622 PHP) | train_geo=10.344793 (+1,034,479 PHP) val_geo=1.160521 (+116,052 PHP)
Epoch 039/50 | train_loss=-0.001252 val_loss=-0.000388 | train_profit=3.622172 (+362,217 PHP) val_profit=0.369627 (+36,963 PHP) | train_geo=24.585978 (+2,458,598 PHP) val_geo=0.312957 (+31,296 PHP)
Epoch 040/50 | train_loss=-0.001366 val_loss=-0.001042 | train_profit=3.411374 (+341,137 PHP) val_profit=0.789753 (+78,975 PHP) | train_geo=19.727291 (+1,972,729 PHP) val_geo=1.001054 (+100,105 PHP)
Epoch 041/50 | train_loss=-0.001378 val_loss=-0.001173 | train_profit=3.599292 (+359,929 PHP) val_profit=0.763779 (+76,378 PHP) | train_geo=24.001402 (+2,400,140 PHP) val_geo=0.949493 (+94,949 PHP)
Epoch 042/50 | train_loss=-0.001410 val_loss=-0.001162 | train_profit=4.039048 (+403,905 PHP) val_profit=0.798775 (+79,877 PHP) | train_geo=37.847713 (+3,784,771 PHP) val_geo=1.019093 (+101,909 PHP)
Epoch 043/50 | train_loss=-0.001582 val_loss=-0.000223 | train_profit=4.142719 (+414,272 PHP) val_profit=0.225402 (+22,540 PHP) | train_geo=42.096470 (+4,209,647 PHP) val_geo=0.136188 (+13,619 PHP)
Epoch 044/50 | train_loss=-0.001546 val_loss=-0.000654 | train_profit=3.413658 (+341,366 PHP) val_profit=0.658719 (+65,872 PHP) | train_geo=19.757727 (+1,975,773 PHP) val_geo=0.754691 (+75,469 PHP)
Epoch 045/50 | train_loss=-0.001762 val_loss=0.000307 | train_profit=3.758052 (+375,805 PHP) val_profit=-0.483691 (-48,369 PHP) | train_geo=28.311607 (+2,831,161 PHP) val_geo=-0.441719 (-44,172 PHP)
Epoch 046/50 | train_loss=-0.001300 val_loss=-0.000574 | train_profit=3.756288 (+375,629 PHP) val_profit=0.647139 (+64,714 PHP) | train_geo=28.272776 (+2,827,278 PHP) val_geo=0.734458 (+73,446 PHP)
Epoch 047/50 | train_loss=-0.001742 val_loss=0.000482 | train_profit=3.932466 (+393,247 PHP) val_profit=0.021054 (+2,105 PHP) | train_geo=33.917271 (+3,391,727 PHP) val_geo=-0.074311 (-7,431 PHP)
Epoch 048/50 | train_loss=-0.001543 val_loss=-0.000412 | train_profit=3.216943 (+321,694 PHP) val_profit=0.385489 (+38,549 PHP) | train_geo=16.043179 (+1,604,318 PHP) val_geo=0.334238 (+33,424 PHP)
Epoch 049/50 | train_loss=-0.001818 val_loss=-0.000515 | train_profit=4.274764 (+427,476 PHP) val_profit=0.186433 (+18,643 PHP) | train_geo=48.182892 (+4,818,289 PHP) val_geo=0.092831 (+9,283 PHP)
Epoch 050/50 | train_loss=-0.001462 val_loss=-0.001469 | train_profit=3.263217 (+326,322 PHP) val_profit=0.873148 (+87,315 PHP) | train_geo=16.854362 (+1,685,436 PHP) val_geo=1.175363 (+117,536 PHP)
[20/37] PSE:ICT    (strong) profit-aware  dir_acc=0.510 cum_ret=+1.0866 geo_ret=+1.7162 sharpe=+2.354 (buy&hold=+1.2684 always_short=-0.6307)
  [12.9s total]
Epoch 001/50 | [MSE] train_loss=0.000674 val_loss=0.000589 | train_profit=-1.661790 (-166,179 PHP) val_profit=0.206397 (+20,640 PHP) | train_geo=-0.861293 (-86,129 PHP) val_geo=0.127529 (+12,753 PHP)
Epoch 002/50 | [MSE] train_loss=0.000476 val_loss=0.000608 | train_profit=0.317251 (+31,725 PHP) val_profit=0.186623 (+18,662 PHP) | train_geo=0.013695 (+1,369 PHP) val_geo=0.105498 (+10,550 PHP)
Epoch 003/50 | [MSE] train_loss=0.000457 val_loss=0.000608 | train_profit=0.890144 (+89,014 PHP) val_profit=0.186623 (+18,662 PHP) | train_geo=0.798669 (+79,867 PHP) val_geo=0.105498 (+10,550 PHP)
Epoch 004/50 | [MSE] train_loss=0.000442 val_loss=0.000580 | train_profit=0.688749 (+68,875 PHP) val_profit=0.186623 (+18,662 PHP) | train_geo=0.457249 (+45,725 PHP) val_geo=0.105498 (+10,550 PHP)
Epoch 005/50 | [MSE] train_loss=0.000439 val_loss=0.000586 | train_profit=-0.016692 (-1,669 PHP) val_profit=0.186623 (+18,662 PHP) | train_geo=-0.274706 (-27,471 PHP) val_geo=0.105498 (+10,550 PHP)
Epoch 006/50 | [MSE] train_loss=0.000436 val_loss=0.000572 | train_profit=0.445745 (+44,574 PHP) val_profit=0.186623 (+18,662 PHP) | train_geo=0.143289 (+14,329 PHP) val_geo=0.105498 (+10,550 PHP)
Epoch 007/50 | [MSE] train_loss=0.000434 val_loss=0.000567 | train_profit=0.135615 (+13,562 PHP) val_profit=0.186623 (+18,662 PHP) | train_geo=-0.162199 (-16,220 PHP) val_geo=0.105498 (+10,550 PHP)
Epoch 008/50 | [MSE] train_loss=0.000432 val_loss=0.000578 | train_profit=-0.047603 (-4,760 PHP) val_profit=0.186623 (+18,662 PHP) | train_geo=-0.304698 (-30,470 PHP) val_geo=0.105498 (+10,550 PHP)
Epoch 009/50 | [MSE] train_loss=0.000429 val_loss=0.000570 | train_profit=0.767281 (+76,728 PHP) val_profit=0.186623 (+18,662 PHP) | train_geo=0.579057 (+57,906 PHP) val_geo=0.105498 (+10,550 PHP)
Epoch 010/50 | [MSE] train_loss=0.000428 val_loss=0.000573 | train_profit=0.214668 (+21,467 PHP) val_profit=0.186623 (+18,662 PHP) | train_geo=-0.092584 (-9,258 PHP) val_geo=0.105498 (+10,550 PHP)
Epoch 011/50 | [MSE] train_loss=0.000431 val_loss=0.000577 | train_profit=0.948008 (+94,801 PHP) val_profit=0.186623 (+18,662 PHP) | train_geo=0.889889 (+88,989 PHP) val_geo=0.105498 (+10,550 PHP)
Epoch 012/50 | [MSE] train_loss=0.000428 val_loss=0.000575 | train_profit=1.367138 (+136,714 PHP) val_profit=0.186623 (+18,662 PHP) | train_geo=1.876109 (+187,611 PHP) val_geo=0.105498 (+10,550 PHP)
Epoch 013/50 | [MSE] train_loss=0.000430 val_loss=0.000574 | train_profit=-0.084407 (-8,441 PHP) val_profit=0.186623 (+18,662 PHP) | train_geo=-0.327656 (-32,766 PHP) val_geo=0.105498 (+10,550 PHP)
Epoch 014/50 | [MSE] train_loss=0.000430 val_loss=0.000575 | train_profit=0.820984 (+82,098 PHP) val_profit=0.186623 (+18,662 PHP) | train_geo=0.663072 (+66,307 PHP) val_geo=0.105498 (+10,550 PHP)
Epoch 015/50 | [MSE] train_loss=0.000430 val_loss=0.000570 | train_profit=0.393439 (+39,344 PHP) val_profit=0.186623 (+18,662 PHP) | train_geo=0.084868 (+8,487 PHP) val_geo=0.105498 (+10,550 PHP)
Epoch 016/50 | [MSE] train_loss=0.000426 val_loss=0.000572 | train_profit=1.042091 (+104,209 PHP) val_profit=0.186623 (+18,662 PHP) | train_geo=1.077437 (+107,744 PHP) val_geo=0.105498 (+10,550 PHP)
Epoch 017/50 | [MSE] train_loss=0.000428 val_loss=0.000571 | train_profit=0.228897 (+22,890 PHP) val_profit=0.186623 (+18,662 PHP) | train_geo=-0.079965 (-7,996 PHP) val_geo=0.105498 (+10,550 PHP)
Epoch 018/50 | [MSE] train_loss=0.000426 val_loss=0.000570 | train_profit=0.674993 (+67,499 PHP) val_profit=0.186623 (+18,662 PHP) | train_geo=0.438159 (+43,816 PHP) val_geo=0.105498 (+10,550 PHP)
Epoch 019/50 | [MSE] train_loss=0.000423 val_loss=0.000571 | train_profit=0.693863 (+69,386 PHP) val_profit=0.186623 (+18,662 PHP) | train_geo=0.464094 (+46,409 PHP) val_geo=0.105498 (+10,550 PHP)
Epoch 020/50 | [MSE] train_loss=0.000424 val_loss=0.000574 | train_profit=0.952632 (+95,263 PHP) val_profit=0.186623 (+18,662 PHP) | train_geo=0.899324 (+89,932 PHP) val_geo=0.105498 (+10,550 PHP)
Epoch 021/50 | [MSE] train_loss=0.000426 val_loss=0.000569 | train_profit=1.032841 (+103,284 PHP) val_profit=0.256875 (+25,687 PHP) | train_geo=1.057735 (+105,774 PHP) val_geo=0.186098 (+18,610 PHP)
Epoch 022/50 | [MSE] train_loss=0.000425 val_loss=0.000573 | train_profit=0.304576 (+30,458 PHP) val_profit=0.186623 (+18,662 PHP) | train_geo=-0.007339 (-734 PHP) val_geo=0.105498 (+10,550 PHP)
Epoch 023/50 | [MSE] train_loss=0.000425 val_loss=0.000574 | train_profit=1.215195 (+121,520 PHP) val_profit=0.256875 (+25,687 PHP) | train_geo=1.471004 (+147,100 PHP) val_geo=0.186098 (+18,610 PHP)
Epoch 024/50 | [MSE] train_loss=0.000427 val_loss=0.000574 | train_profit=0.569724 (+56,972 PHP) val_profit=0.186623 (+18,662 PHP) | train_geo=0.293871 (+29,387 PHP) val_geo=0.105498 (+10,550 PHP)
Epoch 025/50 | [MSE] train_loss=0.000425 val_loss=0.000577 | train_profit=1.591484 (+159,148 PHP) val_profit=0.186623 (+18,662 PHP) | train_geo=2.603290 (+260,329 PHP) val_geo=0.105498 (+10,550 PHP)
Epoch 026/50 | [MSE] train_loss=0.000425 val_loss=0.000573 | train_profit=0.993890 (+99,389 PHP) val_profit=0.256875 (+25,687 PHP) | train_geo=0.978787 (+97,879 PHP) val_geo=0.186098 (+18,610 PHP)
Epoch 027/50 | [MSE] train_loss=0.000425 val_loss=0.000578 | train_profit=1.022278 (+102,228 PHP) val_profit=0.256875 (+25,687 PHP) | train_geo=1.035164 (+103,516 PHP) val_geo=0.186098 (+18,610 PHP)
Epoch 028/50 | [MSE] train_loss=0.000425 val_loss=0.000573 | train_profit=1.181769 (+118,177 PHP) val_profit=0.236974 (+23,697 PHP) | train_geo=1.390615 (+139,062 PHP) val_geo=0.162668 (+16,267 PHP)
Epoch 029/50 | [MSE] train_loss=0.000424 val_loss=0.000580 | train_profit=0.472732 (+47,273 PHP) val_profit=0.256875 (+25,687 PHP) | train_geo=0.174842 (+17,484 PHP) val_geo=0.186098 (+18,610 PHP)
Epoch 030/50 | [MSE] train_loss=0.000426 val_loss=0.000575 | train_profit=1.151153 (+115,115 PHP) val_profit=0.236974 (+23,697 PHP) | train_geo=1.316791 (+131,679 PHP) val_geo=0.162668 (+16,267 PHP)
Epoch 031/50 | [MSE] train_loss=0.000425 val_loss=0.000580 | train_profit=1.122642 (+112,264 PHP) val_profit=0.236974 (+23,697 PHP) | train_geo=1.252266 (+125,227 PHP) val_geo=0.162668 (+16,267 PHP)
Epoch 032/50 | [MSE] train_loss=0.000427 val_loss=0.000578 | train_profit=1.026935 (+102,694 PHP) val_profit=0.248879 (+24,888 PHP) | train_geo=1.046393 (+104,639 PHP) val_geo=0.176522 (+17,652 PHP)
Epoch 033/50 | [MSE] train_loss=0.000424 val_loss=0.000584 | train_profit=1.673499 (+167,350 PHP) val_profit=0.236974 (+23,697 PHP) | train_geo=2.912549 (+291,255 PHP) val_geo=0.162668 (+16,267 PHP)
Epoch 034/50 | [MSE] train_loss=0.000426 val_loss=0.000581 | train_profit=1.364156 (+136,416 PHP) val_profit=0.236974 (+23,697 PHP) | train_geo=1.868373 (+186,837 PHP) val_geo=0.162668 (+16,267 PHP)
Epoch 035/50 | [MSE] train_loss=0.000426 val_loss=0.000587 | train_profit=2.148336 (+214,834 PHP) val_profit=0.256875 (+25,687 PHP) | train_geo=5.295711 (+529,571 PHP) val_geo=0.186098 (+18,610 PHP)
Epoch 036/50 | [MSE] train_loss=0.000423 val_loss=0.000585 | train_profit=1.478562 (+147,856 PHP) val_profit=0.236974 (+23,697 PHP) | train_geo=2.215156 (+221,516 PHP) val_geo=0.162668 (+16,267 PHP)
Epoch 037/50 | [MSE] train_loss=0.000425 val_loss=0.000583 | train_profit=1.839967 (+183,997 PHP) val_profit=0.248879 (+24,888 PHP) | train_geo=3.618625 (+361,863 PHP) val_geo=0.176522 (+17,652 PHP)
Epoch 038/50 | [MSE] train_loss=0.000426 val_loss=0.000593 | train_profit=1.336774 (+133,677 PHP) val_profit=0.236974 (+23,697 PHP) | train_geo=1.792573 (+179,257 PHP) val_geo=0.162668 (+16,267 PHP)
Epoch 039/50 | [MSE] train_loss=0.000427 val_loss=0.000593 | train_profit=1.315189 (+131,519 PHP) val_profit=0.256875 (+25,687 PHP) | train_geo=1.731016 (+173,102 PHP) val_geo=0.186098 (+18,610 PHP)
Epoch 040/50 | [MSE] train_loss=0.000426 val_loss=0.000599 | train_profit=1.226186 (+122,619 PHP) val_profit=0.256875 (+25,687 PHP) | train_geo=1.497584 (+149,758 PHP) val_geo=0.186098 (+18,610 PHP)
Epoch 041/50 | [MSE] train_loss=0.000429 val_loss=0.000604 | train_profit=1.535020 (+153,502 PHP) val_profit=0.186623 (+18,662 PHP) | train_geo=2.401415 (+240,141 PHP) val_geo=0.105498 (+10,550 PHP)
Epoch 042/50 | [MSE] train_loss=0.000434 val_loss=0.000606 | train_profit=1.130909 (+113,091 PHP) val_profit=0.186623 (+18,662 PHP) | train_geo=1.269120 (+126,912 PHP) val_geo=0.105498 (+10,550 PHP)
Epoch 043/50 | [MSE] train_loss=0.000431 val_loss=0.000615 | train_profit=1.276689 (+127,669 PHP) val_profit=0.186623 (+18,662 PHP) | train_geo=1.627086 (+162,709 PHP) val_geo=0.105498 (+10,550 PHP)
Epoch 044/50 | [MSE] train_loss=0.000435 val_loss=0.000621 | train_profit=1.128025 (+112,803 PHP) val_profit=0.186623 (+18,662 PHP) | train_geo=1.263934 (+126,393 PHP) val_geo=0.105498 (+10,550 PHP)
Epoch 045/50 | [MSE] train_loss=0.000439 val_loss=0.000624 | train_profit=1.408173 (+140,817 PHP) val_profit=0.186623 (+18,662 PHP) | train_geo=2.020633 (+202,063 PHP) val_geo=0.105498 (+10,550 PHP)
Epoch 046/50 | [MSE] train_loss=0.000449 val_loss=0.000611 | train_profit=1.003682 (+100,368 PHP) val_profit=0.186623 (+18,662 PHP) | train_geo=1.013843 (+101,384 PHP) val_geo=0.105498 (+10,550 PHP)
Epoch 047/50 | [MSE] train_loss=0.000453 val_loss=0.000577 | train_profit=1.246809 (+124,681 PHP) val_profit=0.278436 (+27,844 PHP) | train_geo=1.570129 (+157,013 PHP) val_geo=0.211833 (+21,183 PHP)
Epoch 048/50 | [MSE] train_loss=0.000451 val_loss=0.000558 | train_profit=0.607818 (+60,782 PHP) val_profit=0.437628 (+43,763 PHP) | train_geo=0.355277 (+35,528 PHP) val_geo=0.420245 (+42,024 PHP)
Epoch 049/50 | [MSE] train_loss=0.000440 val_loss=0.000556 | train_profit=0.084900 (+8,490 PHP) val_profit=0.580456 (+58,046 PHP) | train_geo=-0.203378 (-20,338 PHP) val_geo=0.639178 (+63,918 PHP)
Epoch 050/50 | [MSE] train_loss=0.000433 val_loss=0.000557 | train_profit=0.026885 (+2,689 PHP) val_profit=0.797030 (+79,703 PHP) | train_geo=-0.247861 (-24,786 PHP) val_geo=1.036247 (+103,625 PHP)
[21/37] PSE:CNPF   (mid   ) mse           dir_acc=0.471 cum_ret=+0.3151 geo_ret=+0.2573 sharpe=+0.684 (buy&hold=-0.1888 always_short=+0.0371)
  [9.7s total]
Epoch 001/50 | train_loss=0.000485 val_loss=0.000149 | train_profit=0.730545 (+73,054 PHP) val_profit=0.186623 (+18,662 PHP) | train_geo=0.521284 (+52,128 PHP) val_geo=0.105498 (+10,550 PHP)
Epoch 002/50 | train_loss=0.000076 val_loss=0.000031 | train_profit=0.957750 (+95,775 PHP) val_profit=0.186623 (+18,662 PHP) | train_geo=0.909321 (+90,932 PHP) val_geo=0.105498 (+10,550 PHP)
Epoch 003/50 | train_loss=-0.000074 val_loss=0.000041 | train_profit=1.065566 (+106,557 PHP) val_profit=0.186623 (+18,662 PHP) | train_geo=1.127162 (+112,716 PHP) val_geo=0.105498 (+10,550 PHP)
Epoch 004/50 | train_loss=0.000053 val_loss=0.000194 | train_profit=0.840557 (+84,056 PHP) val_profit=0.186623 (+18,662 PHP) | train_geo=0.698678 (+69,868 PHP) val_geo=0.105498 (+10,550 PHP)
Epoch 005/50 | train_loss=0.000276 val_loss=0.000550 | train_profit=0.444921 (+44,492 PHP) val_profit=0.186623 (+18,662 PHP) | train_geo=0.142827 (+14,283 PHP) val_geo=0.105498 (+10,550 PHP)
Epoch 006/50 | train_loss=0.000106 val_loss=0.000283 | train_profit=1.232639 (+123,264 PHP) val_profit=0.186623 (+18,662 PHP) | train_geo=1.516162 (+151,616 PHP) val_geo=0.105498 (+10,550 PHP)
Epoch 007/50 | train_loss=-0.000045 val_loss=0.000027 | train_profit=1.032713 (+103,271 PHP) val_profit=0.186623 (+18,662 PHP) | train_geo=1.058216 (+105,822 PHP) val_geo=0.105498 (+10,550 PHP)
Epoch 008/50 | train_loss=-0.000151 val_loss=-0.000038 | train_profit=1.036306 (+103,631 PHP) val_profit=0.186623 (+18,662 PHP) | train_geo=1.065819 (+106,582 PHP) val_geo=0.105498 (+10,550 PHP)
Epoch 009/50 | train_loss=-0.000167 val_loss=-0.000055 | train_profit=1.032306 (+103,231 PHP) val_profit=0.186623 (+18,662 PHP) | train_geo=1.057499 (+105,750 PHP) val_geo=0.105498 (+10,550 PHP)
Epoch 010/50 | train_loss=-0.000113 val_loss=-0.000218 | train_profit=0.946455 (+94,646 PHP) val_profit=0.186623 (+18,662 PHP) | train_geo=0.888450 (+88,845 PHP) val_geo=0.105498 (+10,550 PHP)
Epoch 011/50 | train_loss=-0.000199 val_loss=-0.000138 | train_profit=1.036306 (+103,631 PHP) val_profit=0.186623 (+18,662 PHP) | train_geo=1.065819 (+106,582 PHP) val_geo=0.105498 (+10,550 PHP)
Epoch 012/50 | train_loss=-0.000195 val_loss=-0.000150 | train_profit=1.036306 (+103,631 PHP) val_profit=0.186623 (+18,662 PHP) | train_geo=1.065819 (+106,582 PHP) val_geo=0.105498 (+10,550 PHP)
Epoch 013/50 | train_loss=-0.000169 val_loss=-0.000135 | train_profit=1.058802 (+105,880 PHP) val_profit=0.275471 (+27,547 PHP) | train_geo=1.112777 (+111,278 PHP) val_geo=0.208269 (+20,827 PHP)
Epoch 014/50 | train_loss=-0.000105 val_loss=-0.000281 | train_profit=0.899930 (+89,993 PHP) val_profit=0.071077 (+7,108 PHP) | train_geo=0.802743 (+80,274 PHP) val_geo=-0.015319 (-1,532 PHP)
Epoch 015/50 | train_loss=-0.000125 val_loss=-0.000287 | train_profit=0.839133 (+83,913 PHP) val_profit=0.059099 (+5,910 PHP) | train_geo=0.695912 (+69,591 PHP) val_geo=-0.026986 (-2,699 PHP)
Epoch 016/50 | train_loss=-0.000258 val_loss=-0.000321 | train_profit=1.275061 (+127,506 PHP) val_profit=0.022588 (+2,259 PHP) | train_geo=1.624531 (+162,453 PHP) val_geo=-0.062622 (-6,262 PHP)
Epoch 017/50 | train_loss=-0.000291 val_loss=-0.000195 | train_profit=1.560154 (+156,015 PHP) val_profit=0.076778 (+7,678 PHP) | train_geo=2.490593 (+249,059 PHP) val_geo=-0.010251 (-1,025 PHP)
Epoch 018/50 | train_loss=-0.000361 val_loss=-0.000096 | train_profit=1.563204 (+156,320 PHP) val_profit=-0.077687 (-7,769 PHP) | train_geo=2.502025 (+250,202 PHP) val_geo=-0.152109 (-15,211 PHP)
Epoch 019/50 | train_loss=-0.000461 val_loss=-0.000062 | train_profit=1.599289 (+159,929 PHP) val_profit=-0.061783 (-6,178 PHP) | train_geo=2.630075 (+263,007 PHP) val_geo=-0.138457 (-13,846 PHP)
Epoch 020/50 | train_loss=-0.000418 val_loss=-0.000004 | train_profit=1.665088 (+166,509 PHP) val_profit=-0.036713 (-3,671 PHP) | train_geo=2.876525 (+287,652 PHP) val_geo=-0.116547 (-11,655 PHP)
Epoch 021/50 | train_loss=-0.000464 val_loss=0.000041 | train_profit=1.796563 (+179,656 PHP) val_profit=-0.131908 (-13,191 PHP) | train_geo=3.421757 (+342,176 PHP) val_geo=-0.196822 (-19,682 PHP)
Epoch 022/50 | train_loss=-0.000451 val_loss=0.000182 | train_profit=1.494585 (+149,459 PHP) val_profit=-0.071812 (-7,181 PHP) | train_geo=2.268424 (+226,842 PHP) val_geo=-0.146689 (-14,669 PHP)
Epoch 023/50 | train_loss=-0.000470 val_loss=-0.000004 | train_profit=1.482536 (+148,254 PHP) val_profit=-0.157549 (-15,755 PHP) | train_geo=2.229422 (+222,942 PHP) val_geo=-0.217155 (-21,716 PHP)
Epoch 024/50 | train_loss=-0.000518 val_loss=-0.000040 | train_profit=1.462081 (+146,208 PHP) val_profit=-0.008214 (-821 PHP) | train_geo=2.163079 (+216,308 PHP) val_geo=-0.090907 (-9,091 PHP)
Epoch 025/50 | train_loss=-0.000522 val_loss=-0.000012 | train_profit=1.598960 (+159,896 PHP) val_profit=-0.203310 (-20,331 PHP) | train_geo=2.628681 (+262,868 PHP) val_geo=-0.252142 (-25,214 PHP)
Epoch 026/50 | train_loss=-0.000562 val_loss=0.000042 | train_profit=1.631293 (+163,129 PHP) val_profit=0.261168 (+26,117 PHP) | train_geo=2.746583 (+274,658 PHP) val_geo=0.191261 (+19,126 PHP)
Epoch 027/50 | train_loss=-0.000325 val_loss=-0.000208 | train_profit=1.703726 (+170,373 PHP) val_profit=0.270436 (+27,044 PHP) | train_geo=3.030287 (+303,029 PHP) val_geo=0.201585 (+20,158 PHP)
Epoch 028/50 | train_loss=-0.000701 val_loss=-0.000082 | train_profit=2.120885 (+212,089 PHP) val_profit=0.210183 (+21,018 PHP) | train_geo=5.118492 (+511,849 PHP) val_geo=0.131906 (+13,191 PHP)
Epoch 029/50 | train_loss=-0.000410 val_loss=0.000060 | train_profit=1.435796 (+143,580 PHP) val_profit=-0.097315 (-9,732 PHP) | train_geo=2.082611 (+208,261 PHP) val_geo=-0.168482 (-16,848 PHP)
Epoch 030/50 | train_loss=-0.000650 val_loss=-0.000102 | train_profit=2.014092 (+201,409 PHP) val_profit=0.203696 (+20,370 PHP) | train_geo=4.498015 (+449,802 PHP) val_geo=0.124582 (+12,458 PHP)
Epoch 031/50 | train_loss=-0.000585 val_loss=-0.000130 | train_profit=1.762231 (+176,223 PHP) val_profit=0.113511 (+11,351 PHP) | train_geo=3.273007 (+327,301 PHP) val_geo=0.027074 (+2,707 PHP)
Epoch 032/50 | train_loss=-0.000625 val_loss=-0.000167 | train_profit=1.456390 (+145,639 PHP) val_profit=0.078769 (+7,877 PHP) | train_geo=2.144941 (+214,494 PHP) val_geo=-0.008229 (-823 PHP)
Epoch 033/50 | train_loss=-0.000707 val_loss=-0.000163 | train_profit=2.239359 (+223,936 PHP) val_profit=0.387316 (+38,732 PHP) | train_geo=5.888805 (+588,881 PHP) val_geo=0.351395 (+35,140 PHP)
Epoch 034/50 | train_loss=-0.000545 val_loss=-0.000309 | train_profit=1.411749 (+141,175 PHP) val_profit=0.153457 (+15,346 PHP) | train_geo=2.007731 (+200,773 PHP) val_geo=0.069150 (+6,915 PHP)
Epoch 035/50 | train_loss=-0.000833 val_loss=-0.000263 | train_profit=2.028742 (+202,874 PHP) val_profit=0.300485 (+30,048 PHP) | train_geo=4.577686 (+457,769 PHP) val_geo=0.238707 (+23,871 PHP)
Epoch 036/50 | train_loss=-0.000673 val_loss=-0.000212 | train_profit=2.056260 (+205,626 PHP) val_profit=0.172156 (+17,216 PHP) | train_geo=4.736525 (+473,652 PHP) val_geo=0.089309 (+8,931 PHP)
Epoch 037/50 | train_loss=-0.000909 val_loss=-0.000379 | train_profit=2.494070 (+249,407 PHP) val_profit=0.431439 (+43,144 PHP) | train_geo=7.890244 (+789,024 PHP) val_geo=0.412247 (+41,225 PHP)
Epoch 038/50 | train_loss=-0.000677 val_loss=-0.000434 | train_profit=1.809295 (+180,930 PHP) val_profit=0.131192 (+13,119 PHP) | train_geo=3.478189 (+347,819 PHP) val_geo=0.045485 (+4,549 PHP)
Epoch 039/50 | train_loss=-0.000988 val_loss=-0.000434 | train_profit=2.374155 (+237,415 PHP) val_profit=0.150015 (+15,002 PHP) | train_geo=6.885680 (+688,568 PHP) val_geo=0.065438 (+6,544 PHP)
Epoch 040/50 | train_loss=-0.000937 val_loss=-0.000448 | train_profit=2.065165 (+206,516 PHP) val_profit=0.216319 (+21,632 PHP) | train_geo=4.784736 (+478,474 PHP) val_geo=0.138468 (+13,847 PHP)
Epoch 041/50 | train_loss=-0.000913 val_loss=-0.000414 | train_profit=2.065499 (+206,550 PHP) val_profit=0.214372 (+21,437 PHP) | train_geo=4.785944 (+478,594 PHP) val_geo=0.136243 (+13,624 PHP)
Epoch 042/50 | train_loss=-0.000951 val_loss=-0.000491 | train_profit=2.546943 (+254,694 PHP) val_profit=0.350454 (+35,045 PHP) | train_geo=8.372152 (+837,215 PHP) val_geo=0.301927 (+30,193 PHP)
Epoch 043/50 | train_loss=-0.001009 val_loss=-0.000530 | train_profit=2.294947 (+229,495 PHP) val_profit=0.447754 (+44,775 PHP) | train_geo=6.278168 (+627,817 PHP) val_geo=0.435129 (+43,513 PHP)
Epoch 044/50 | train_loss=-0.001144 val_loss=-0.000716 | train_profit=2.592178 (+259,218 PHP) val_profit=0.617689 (+61,769 PHP) | train_geo=8.811289 (+881,129 PHP) val_geo=0.701444 (+70,144 PHP)
Epoch 045/50 | train_loss=-0.001088 val_loss=-0.000757 | train_profit=3.040971 (+304,097 PHP) val_profit=0.618704 (+61,870 PHP) | train_geo=14.370548 (+1,437,055 PHP) val_geo=0.703302 (+70,330 PHP)
Epoch 046/50 | train_loss=-0.001047 val_loss=-0.000679 | train_profit=2.379810 (+237,981 PHP) val_profit=0.342159 (+34,216 PHP) | train_geo=6.927251 (+692,725 PHP) val_geo=0.290706 (+29,071 PHP)
Epoch 047/50 | train_loss=-0.001141 val_loss=-0.000425 | train_profit=2.565767 (+256,577 PHP) val_profit=0.465905 (+46,590 PHP) | train_geo=8.545451 (+854,545 PHP) val_geo=0.462029 (+46,203 PHP)
Epoch 048/50 | train_loss=-0.001236 val_loss=-0.000358 | train_profit=2.734693 (+273,469 PHP) val_profit=0.437288 (+43,729 PHP) | train_geo=10.304255 (+1,030,425 PHP) val_geo=0.420623 (+42,062 PHP)
Epoch 049/50 | train_loss=-0.001216 val_loss=-0.000483 | train_profit=2.745717 (+274,572 PHP) val_profit=0.409664 (+40,966 PHP) | train_geo=10.432866 (+1,043,287 PHP) val_geo=0.381198 (+38,120 PHP)
Epoch 050/50 | train_loss=-0.001291 val_loss=-0.000625 | train_profit=3.213189 (+321,319 PHP) val_profit=0.564540 (+56,454 PHP) | train_geo=17.262178 (+1,726,218 PHP) val_geo=0.613292 (+61,329 PHP)
[21/37] PSE:CNPF   (mid   ) profit-aware  dir_acc=0.455 cum_ret=+0.2840 geo_ret=+0.2183 sharpe=+0.616 (buy&hold=-0.1888 always_short=+0.0371)
  [8.2s total]
Epoch 001/50 | [MSE] train_loss=0.000435 val_loss=0.000265 | train_profit=-0.179187 (-17,919 PHP) val_profit=0.119255 (+11,925 PHP) | train_geo=-0.262240 (-26,224 PHP) val_geo=0.105511 (+10,551 PHP)
Epoch 002/50 | [MSE] train_loss=0.000276 val_loss=0.000218 | train_profit=-0.930093 (-93,009 PHP) val_profit=0.065100 (+6,510 PHP) | train_geo=-0.651991 (-65,199 PHP) val_geo=0.046815 (+4,682 PHP)
Epoch 003/50 | [MSE] train_loss=0.000270 val_loss=0.000228 | train_profit=-1.098285 (-109,829 PHP) val_profit=0.232649 (+23,265 PHP) | train_geo=-0.706186 (-70,619 PHP) val_geo=0.238424 (+23,842 PHP)
Epoch 004/50 | [MSE] train_loss=0.000257 val_loss=0.000223 | train_profit=0.030511 (+3,051 PHP) val_profit=0.232649 (+23,265 PHP) | train_geo=-0.089270 (-8,927 PHP) val_geo=0.238424 (+23,842 PHP)
Epoch 005/50 | [MSE] train_loss=0.000258 val_loss=0.000221 | train_profit=-0.117358 (-11,736 PHP) val_profit=0.268200 (+26,820 PHP) | train_geo=-0.215195 (-21,520 PHP) val_geo=0.283212 (+28,321 PHP)
Epoch 006/50 | [MSE] train_loss=0.000256 val_loss=0.000222 | train_profit=-0.287445 (-28,745 PHP) val_profit=0.281268 (+28,127 PHP) | train_geo=-0.338625 (-33,863 PHP) val_geo=0.300118 (+30,012 PHP)
Epoch 007/50 | [MSE] train_loss=0.000257 val_loss=0.000219 | train_profit=-1.022082 (-102,208 PHP) val_profit=0.180484 (+18,048 PHP) | train_geo=-0.683062 (-68,306 PHP) val_geo=0.175022 (+17,502 PHP)
Epoch 008/50 | [MSE] train_loss=0.000251 val_loss=0.000219 | train_profit=0.796542 (+79,654 PHP) val_profit=0.205238 (+20,524 PHP) | train_geo=0.956910 (+95,691 PHP) val_geo=0.204412 (+20,441 PHP)
Epoch 009/50 | [MSE] train_loss=0.000255 val_loss=0.000219 | train_profit=0.064106 (+6,411 PHP) val_profit=0.260306 (+26,031 PHP) | train_geo=-0.058913 (-5,891 PHP) val_geo=0.273202 (+27,320 PHP)
Epoch 010/50 | [MSE] train_loss=0.000255 val_loss=0.000219 | train_profit=0.443524 (+44,352 PHP) val_profit=0.240380 (+24,038 PHP) | train_geo=0.376238 (+37,624 PHP) val_geo=0.248070 (+24,807 PHP)
Epoch 011/50 | [MSE] train_loss=0.000251 val_loss=0.000219 | train_profit=0.878055 (+87,806 PHP) val_profit=0.283990 (+28,399 PHP) | train_geo=1.126140 (+112,614 PHP) val_geo=0.303752 (+30,375 PHP)
Epoch 012/50 | [MSE] train_loss=0.000250 val_loss=0.000220 | train_profit=0.208632 (+20,863 PHP) val_profit=0.296044 (+29,604 PHP) | train_geo=0.088275 (+8,828 PHP) val_geo=0.319605 (+31,961 PHP)
Epoch 013/50 | [MSE] train_loss=0.000251 val_loss=0.000221 | train_profit=0.415820 (+41,582 PHP) val_profit=0.243851 (+24,385 PHP) | train_geo=0.339210 (+33,921 PHP) val_geo=0.252325 (+25,232 PHP)
Epoch 014/50 | [MSE] train_loss=0.000251 val_loss=0.000219 | train_profit=0.416811 (+41,681 PHP) val_profit=0.286496 (+28,650 PHP) | train_geo=0.338923 (+33,892 PHP) val_geo=0.307042 (+30,704 PHP)
Epoch 015/50 | [MSE] train_loss=0.000249 val_loss=0.000219 | train_profit=0.866499 (+86,650 PHP) val_profit=0.363040 (+36,304 PHP) | train_geo=1.102497 (+110,250 PHP) val_geo=0.411283 (+41,128 PHP)
Epoch 016/50 | [MSE] train_loss=0.000252 val_loss=0.000219 | train_profit=0.310791 (+31,079 PHP) val_profit=0.292623 (+29,262 PHP) | train_geo=0.204190 (+20,419 PHP) val_geo=0.315058 (+31,506 PHP)
Epoch 017/50 | [MSE] train_loss=0.000251 val_loss=0.000221 | train_profit=0.701029 (+70,103 PHP) val_profit=0.203718 (+20,372 PHP) | train_geo=0.780236 (+78,024 PHP) val_geo=0.203037 (+20,304 PHP)
Epoch 018/50 | [MSE] train_loss=0.000248 val_loss=0.000220 | train_profit=0.742733 (+74,273 PHP) val_profit=0.312089 (+31,209 PHP) | train_geo=0.855808 (+85,581 PHP) val_geo=0.340865 (+34,086 PHP)
Epoch 019/50 | [MSE] train_loss=0.000249 val_loss=0.000220 | train_profit=0.936194 (+93,619 PHP) val_profit=0.268200 (+26,820 PHP) | train_geo=1.252179 (+125,218 PHP) val_geo=0.283212 (+28,321 PHP)
Epoch 020/50 | [MSE] train_loss=0.000249 val_loss=0.000221 | train_profit=0.525498 (+52,550 PHP) val_profit=0.256719 (+25,672 PHP) | train_geo=0.493334 (+49,333 PHP) val_geo=0.268556 (+26,856 PHP)
Epoch 021/50 | [MSE] train_loss=0.000248 val_loss=0.000219 | train_profit=0.657517 (+65,752 PHP) val_profit=0.321422 (+32,142 PHP) | train_geo=0.703627 (+70,363 PHP) val_geo=0.353697 (+35,370 PHP)
Epoch 022/50 | [MSE] train_loss=0.000249 val_loss=0.000221 | train_profit=0.636749 (+63,675 PHP) val_profit=0.221699 (+22,170 PHP) | train_geo=0.668908 (+66,891 PHP) val_geo=0.224884 (+22,488 PHP)
Epoch 023/50 | [MSE] train_loss=0.000246 val_loss=0.000221 | train_profit=0.512341 (+51,234 PHP) val_profit=0.213215 (+21,321 PHP) | train_geo=0.474465 (+47,447 PHP) val_geo=0.214561 (+21,456 PHP)
Epoch 024/50 | [MSE] train_loss=0.000248 val_loss=0.000220 | train_profit=0.596562 (+59,656 PHP) val_profit=0.275412 (+27,541 PHP) | train_geo=0.602162 (+60,216 PHP) val_geo=0.292552 (+29,255 PHP)
Epoch 025/50 | [MSE] train_loss=0.000249 val_loss=0.000221 | train_profit=0.270068 (+27,007 PHP) val_profit=0.221699 (+22,170 PHP) | train_geo=0.156186 (+15,619 PHP) val_geo=0.224884 (+22,488 PHP)
Epoch 026/50 | [MSE] train_loss=0.000247 val_loss=0.000220 | train_profit=1.152311 (+115,231 PHP) val_profit=0.275412 (+27,541 PHP) | train_geo=1.795372 (+179,537 PHP) val_geo=0.292552 (+29,255 PHP)
Epoch 027/50 | [MSE] train_loss=0.000249 val_loss=0.000220 | train_profit=0.396026 (+39,603 PHP) val_profit=0.275412 (+27,541 PHP) | train_geo=0.310707 (+31,071 PHP) val_geo=0.292552 (+29,255 PHP)
Epoch 028/50 | [MSE] train_loss=0.000249 val_loss=0.000222 | train_profit=0.510469 (+51,047 PHP) val_profit=0.219782 (+21,978 PHP) | train_geo=0.470620 (+47,062 PHP) val_geo=0.222579 (+22,258 PHP)
Epoch 029/50 | [MSE] train_loss=0.000247 val_loss=0.000221 | train_profit=0.881861 (+88,186 PHP) val_profit=0.203718 (+20,372 PHP) | train_geo=1.133290 (+113,329 PHP) val_geo=0.203037 (+20,304 PHP)
Epoch 030/50 | [MSE] train_loss=0.000248 val_loss=0.000220 | train_profit=0.863335 (+86,333 PHP) val_profit=0.243851 (+24,385 PHP) | train_geo=1.095184 (+109,518 PHP) val_geo=0.252325 (+25,232 PHP)
Epoch 031/50 | [MSE] train_loss=0.000247 val_loss=0.000221 | train_profit=0.595083 (+59,508 PHP) val_profit=0.206715 (+20,671 PHP) | train_geo=0.601974 (+60,197 PHP) val_geo=0.206682 (+20,668 PHP)
Epoch 032/50 | [MSE] train_loss=0.000248 val_loss=0.000220 | train_profit=0.482845 (+48,285 PHP) val_profit=0.275412 (+27,541 PHP) | train_geo=0.429223 (+42,922 PHP) val_geo=0.292552 (+29,255 PHP)
Epoch 033/50 | [MSE] train_loss=0.000249 val_loss=0.000220 | train_profit=0.346901 (+34,690 PHP) val_profit=0.275412 (+27,541 PHP) | train_geo=0.247544 (+24,754 PHP) val_geo=0.292552 (+29,255 PHP)
Epoch 034/50 | [MSE] train_loss=0.000247 val_loss=0.000220 | train_profit=0.360159 (+36,016 PHP) val_profit=0.279896 (+27,990 PHP) | train_geo=0.264868 (+26,487 PHP) val_geo=0.298379 (+29,838 PHP)
Epoch 035/50 | [MSE] train_loss=0.000247 val_loss=0.000221 | train_profit=0.694779 (+69,478 PHP) val_profit=0.206715 (+20,671 PHP) | train_geo=0.769458 (+76,946 PHP) val_geo=0.206682 (+20,668 PHP)
Epoch 036/50 | [MSE] train_loss=0.000249 val_loss=0.000221 | train_profit=0.942812 (+94,281 PHP) val_profit=0.195233 (+19,523 PHP) | train_geo=1.266615 (+126,661 PHP) val_geo=0.192899 (+19,290 PHP)
Epoch 037/50 | [MSE] train_loss=0.000247 val_loss=0.000221 | train_profit=0.724106 (+72,411 PHP) val_profit=0.206715 (+20,671 PHP) | train_geo=0.821445 (+82,145 PHP) val_geo=0.206682 (+20,668 PHP)
Epoch 038/50 | [MSE] train_loss=0.000246 val_loss=0.000220 | train_profit=1.028719 (+102,872 PHP) val_profit=0.275412 (+27,541 PHP) | train_geo=1.471578 (+147,158 PHP) val_geo=0.292552 (+29,255 PHP)
Epoch 039/50 | [MSE] train_loss=0.000246 val_loss=0.000219 | train_profit=0.509344 (+50,934 PHP) val_profit=0.323799 (+32,380 PHP) | train_geo=0.468305 (+46,830 PHP) val_geo=0.356725 (+35,672 PHP)
Epoch 040/50 | [MSE] train_loss=0.000247 val_loss=0.000220 | train_profit=0.998352 (+99,835 PHP) val_profit=0.275412 (+27,541 PHP) | train_geo=1.397306 (+139,731 PHP) val_geo=0.292552 (+29,255 PHP)
Epoch 041/50 | [MSE] train_loss=0.000247 val_loss=0.000220 | train_profit=0.427113 (+42,711 PHP) val_profit=0.275412 (+27,541 PHP) | train_geo=0.351326 (+35,133 PHP) val_geo=0.292552 (+29,255 PHP)
Epoch 042/50 | [MSE] train_loss=0.000247 val_loss=0.000219 | train_profit=1.193714 (+119,371 PHP) val_profit=0.293648 (+29,365 PHP) | train_geo=1.914469 (+191,447 PHP) val_geo=0.316342 (+31,634 PHP)
Epoch 043/50 | [MSE] train_loss=0.000247 val_loss=0.000221 | train_profit=0.973219 (+97,322 PHP) val_profit=0.195233 (+19,523 PHP) | train_geo=1.338898 (+133,890 PHP) val_geo=0.192899 (+19,290 PHP)
Epoch 044/50 | [MSE] train_loss=0.000247 val_loss=0.000219 | train_profit=0.843171 (+84,317 PHP) val_profit=0.323799 (+32,380 PHP) | train_geo=1.053537 (+105,354 PHP) val_geo=0.356725 (+35,672 PHP)
Epoch 045/50 | [MSE] train_loss=0.000247 val_loss=0.000220 | train_profit=1.091280 (+109,128 PHP) val_profit=0.284035 (+28,404 PHP) | train_geo=1.631745 (+163,174 PHP) val_geo=0.303725 (+30,372 PHP)
Epoch 046/50 | [MSE] train_loss=0.000246 val_loss=0.000219 | train_profit=1.007722 (+100,772 PHP) val_profit=0.310691 (+31,069 PHP) | train_geo=1.419208 (+141,921 PHP) val_geo=0.339061 (+33,906 PHP)
Epoch 047/50 | [MSE] train_loss=0.000247 val_loss=0.000221 | train_profit=0.969535 (+96,953 PHP) val_profit=0.213282 (+21,328 PHP) | train_geo=1.330266 (+133,027 PHP) val_geo=0.214647 (+21,465 PHP)
Epoch 048/50 | [MSE] train_loss=0.000246 val_loss=0.000218 | train_profit=0.935062 (+93,506 PHP) val_profit=0.292639 (+29,264 PHP) | train_geo=1.249932 (+124,993 PHP) val_geo=0.315047 (+31,505 PHP)
Epoch 049/50 | [MSE] train_loss=0.000247 val_loss=0.000221 | train_profit=0.348607 (+34,861 PHP) val_profit=0.195233 (+19,523 PHP) | train_geo=0.249656 (+24,966 PHP) val_geo=0.192899 (+19,290 PHP)
Epoch 050/50 | [MSE] train_loss=0.000246 val_loss=0.000219 | train_profit=0.782166 (+78,217 PHP) val_profit=0.266927 (+26,693 PHP) | train_geo=0.931408 (+93,141 PHP) val_geo=0.281661 (+28,166 PHP)
[22/37] PSE:AREIT  (mid   ) mse           dir_acc=0.451 cum_ret=-0.0399 geo_ret=-0.0581 sharpe=-0.217 (buy&hold=-0.1560 always_short=+0.1391)
  [5.0s total]
Epoch 001/50 | train_loss=0.000719 val_loss=-0.000611 | train_profit=0.447020 (+44,702 PHP) val_profit=0.239270 (+23,927 PHP) | train_geo=0.379589 (+37,959 PHP) val_geo=0.246210 (+24,621 PHP)
Epoch 002/50 | train_loss=0.000506 val_loss=0.000216 | train_profit=0.013336 (+1,334 PHP) val_profit=0.119255 (+11,925 PHP) | train_geo=-0.105847 (-10,585 PHP) val_geo=0.105511 (+10,551 PHP)
Epoch 003/50 | train_loss=-0.000047 val_loss=0.000059 | train_profit=0.541661 (+54,166 PHP) val_profit=0.119255 (+11,925 PHP) | train_geo=0.516864 (+51,686 PHP) val_geo=0.105511 (+10,551 PHP)
Epoch 004/50 | train_loss=0.000018 val_loss=-0.000192 | train_profit=0.542944 (+54,294 PHP) val_profit=0.119255 (+11,925 PHP) | train_geo=0.518934 (+51,893 PHP) val_geo=0.105511 (+10,551 PHP)
Epoch 005/50 | train_loss=0.000012 val_loss=0.000033 | train_profit=0.551287 (+55,129 PHP) val_profit=0.119255 (+11,925 PHP) | train_geo=0.531537 (+53,154 PHP) val_geo=0.105511 (+10,551 PHP)
Epoch 006/50 | train_loss=-0.000131 val_loss=-0.000058 | train_profit=0.551287 (+55,129 PHP) val_profit=0.119255 (+11,925 PHP) | train_geo=0.531537 (+53,154 PHP) val_geo=0.105511 (+10,551 PHP)
Epoch 007/50 | train_loss=0.000036 val_loss=-0.000176 | train_profit=0.551287 (+55,129 PHP) val_profit=0.119255 (+11,925 PHP) | train_geo=0.531537 (+53,154 PHP) val_geo=0.105511 (+10,551 PHP)
Epoch 008/50 | train_loss=-0.000187 val_loss=-0.000135 | train_profit=0.629834 (+62,983 PHP) val_profit=0.119255 (+11,925 PHP) | train_geo=0.656855 (+65,686 PHP) val_geo=0.105511 (+10,551 PHP)
Epoch 009/50 | train_loss=0.000090 val_loss=0.000011 | train_profit=0.551287 (+55,129 PHP) val_profit=0.119255 (+11,925 PHP) | train_geo=0.531537 (+53,154 PHP) val_geo=0.105511 (+10,551 PHP)
Epoch 010/50 | train_loss=-0.000135 val_loss=-0.000114 | train_profit=0.575124 (+57,512 PHP) val_profit=0.119255 (+11,925 PHP) | train_geo=0.568526 (+56,853 PHP) val_geo=0.105511 (+10,551 PHP)
Epoch 011/50 | train_loss=0.000178 val_loss=0.000179 | train_profit=0.551287 (+55,129 PHP) val_profit=0.119255 (+11,925 PHP) | train_geo=0.531537 (+53,154 PHP) val_geo=0.105511 (+10,551 PHP)
Epoch 012/50 | train_loss=-0.000053 val_loss=0.000294 | train_profit=0.127037 (+12,704 PHP) val_profit=-0.121255 (-12,125 PHP) | train_geo=0.001818 (+182 PHP) val_geo=-0.131272 (-13,127 PHP)
Epoch 013/50 | train_loss=0.000692 val_loss=0.000444 | train_profit=-0.476433 (-47,643 PHP) val_profit=0.119255 (+11,925 PHP) | train_geo=-0.452373 (-45,237 PHP) val_geo=0.105511 (+10,551 PHP)
Epoch 014/50 | train_loss=-0.000037 val_loss=-0.000263 | train_profit=0.392710 (+39,271 PHP) val_profit=0.146165 (+14,616 PHP) | train_geo=0.306530 (+30,653 PHP) val_geo=0.135406 (+13,541 PHP)
Epoch 015/50 | train_loss=0.000008 val_loss=-0.000082 | train_profit=0.503202 (+50,320 PHP) val_profit=0.119255 (+11,925 PHP) | train_geo=0.459614 (+45,961 PHP) val_geo=0.105511 (+10,551 PHP)
Epoch 016/50 | train_loss=-0.000227 val_loss=-0.000181 | train_profit=0.424426 (+42,443 PHP) val_profit=0.141316 (+14,132 PHP) | train_geo=0.348977 (+34,898 PHP) val_geo=0.129876 (+12,988 PHP)
Epoch 017/50 | train_loss=0.000117 val_loss=0.000120 | train_profit=0.431284 (+43,128 PHP) val_profit=0.119255 (+11,925 PHP) | train_geo=0.358202 (+35,820 PHP) val_geo=0.105511 (+10,551 PHP)
Epoch 018/50 | train_loss=-0.000253 val_loss=-0.000215 | train_profit=0.611981 (+61,198 PHP) val_profit=0.153946 (+15,395 PHP) | train_geo=0.627701 (+62,770 PHP) val_geo=0.144205 (+14,421 PHP)
Epoch 019/50 | train_loss=0.000117 val_loss=0.000075 | train_profit=0.342641 (+34,264 PHP) val_profit=0.119255 (+11,925 PHP) | train_geo=0.242624 (+24,262 PHP) val_geo=0.105511 (+10,551 PHP)
Epoch 020/50 | train_loss=-0.000216 val_loss=-0.000274 | train_profit=0.594565 (+59,456 PHP) val_profit=0.270188 (+27,019 PHP) | train_geo=0.599623 (+59,962 PHP) val_geo=0.286017 (+28,602 PHP)
Epoch 021/50 | train_loss=-0.000063 val_loss=-0.000196 | train_profit=0.291064 (+29,106 PHP) val_profit=0.119255 (+11,925 PHP) | train_geo=0.180008 (+18,001 PHP) val_geo=0.105511 (+10,551 PHP)
Epoch 022/50 | train_loss=-0.000231 val_loss=-0.000290 | train_profit=0.482735 (+48,274 PHP) val_profit=0.246378 (+24,638 PHP) | train_geo=0.429949 (+42,995 PHP) val_geo=0.255749 (+25,575 PHP)
Epoch 023/50 | train_loss=-0.000181 val_loss=-0.000363 | train_profit=0.694648 (+69,465 PHP) val_profit=0.221699 (+22,170 PHP) | train_geo=0.768396 (+76,840 PHP) val_geo=0.224884 (+22,488 PHP)
Epoch 024/50 | train_loss=-0.000283 val_loss=-0.000377 | train_profit=0.531266 (+53,127 PHP) val_profit=0.310321 (+31,032 PHP) | train_geo=0.501428 (+50,143 PHP) val_geo=0.338705 (+33,870 PHP)
Epoch 025/50 | train_loss=-0.000143 val_loss=-0.000336 | train_profit=0.589288 (+58,929 PHP) val_profit=0.213215 (+21,321 PHP) | train_geo=0.591190 (+59,119 PHP) val_geo=0.214561 (+21,456 PHP)
Epoch 026/50 | train_loss=-0.000262 val_loss=-0.000342 | train_profit=0.622645 (+62,265 PHP) val_profit=0.143938 (+14,394 PHP) | train_geo=0.645294 (+64,529 PHP) val_geo=0.132833 (+13,283 PHP)
Epoch 027/50 | train_loss=-0.000208 val_loss=-0.000383 | train_profit=0.550653 (+55,065 PHP) val_profit=0.203718 (+20,372 PHP) | train_geo=0.530655 (+53,066 PHP) val_geo=0.203037 (+20,304 PHP)
Epoch 028/50 | train_loss=-0.000214 val_loss=-0.000385 | train_profit=0.604505 (+60,451 PHP) val_profit=0.173745 (+17,375 PHP) | train_geo=0.615894 (+61,589 PHP) val_geo=0.167137 (+16,714 PHP)
Epoch 029/50 | train_loss=-0.000199 val_loss=-0.000349 | train_profit=0.590694 (+59,069 PHP) val_profit=0.206715 (+20,671 PHP) | train_geo=0.594155 (+59,416 PHP) val_geo=0.206682 (+20,668 PHP)
Epoch 030/50 | train_loss=-0.000306 val_loss=-0.000318 | train_profit=0.661991 (+66,199 PHP) val_profit=0.132078 (+13,208 PHP) | train_geo=0.711758 (+71,176 PHP) val_geo=0.119440 (+11,944 PHP)
Epoch 031/50 | train_loss=-0.000228 val_loss=-0.000494 | train_profit=0.499543 (+49,954 PHP) val_profit=0.253651 (+25,365 PHP) | train_geo=0.454865 (+45,487 PHP) val_geo=0.264649 (+26,465 PHP)
Epoch 032/50 | train_loss=-0.000477 val_loss=0.000249 | train_profit=0.776477 (+77,648 PHP) val_profit=-0.006492 (-649 PHP) | train_geo=0.918627 (+91,863 PHP) val_geo=-0.025265 (-2,526 PHP)
Epoch 033/50 | train_loss=0.000067 val_loss=-0.000064 | train_profit=0.461493 (+46,149 PHP) val_profit=0.119255 (+11,925 PHP) | train_geo=0.400126 (+40,013 PHP) val_geo=0.105511 (+10,551 PHP)
Epoch 034/50 | train_loss=-0.000371 val_loss=-0.000504 | train_profit=1.080738 (+108,074 PHP) val_profit=0.196299 (+19,630 PHP) | train_geo=1.602028 (+160,203 PHP) val_geo=0.194153 (+19,415 PHP)
Epoch 035/50 | train_loss=0.000049 val_loss=-0.000077 | train_profit=0.278273 (+27,827 PHP) val_profit=0.074740 (+7,474 PHP) | train_geo=0.166203 (+16,620 PHP) val_geo=0.057292 (+5,729 PHP)
Epoch 036/50 | train_loss=-0.000082 val_loss=-0.000113 | train_profit=0.730458 (+73,046 PHP) val_profit=0.199728 (+19,973 PHP) | train_geo=0.833173 (+83,317 PHP) val_geo=0.198149 (+19,815 PHP)
Epoch 037/50 | train_loss=0.000186 val_loss=-0.000054 | train_profit=-0.265912 (-26,591 PHP) val_profit=0.119255 (+11,925 PHP) | train_geo=-0.323999 (-32,400 PHP) val_geo=0.105511 (+10,551 PHP)
Epoch 038/50 | train_loss=0.000318 val_loss=0.000324 | train_profit=0.539101 (+53,910 PHP) val_profit=0.119255 (+11,925 PHP) | train_geo=0.512947 (+51,295 PHP) val_geo=0.105511 (+10,551 PHP)
Epoch 039/50 | train_loss=0.000023 val_loss=0.000459 | train_profit=0.207747 (+20,775 PHP) val_profit=-0.121255 (-12,125 PHP) | train_geo=0.086331 (+8,633 PHP) val_geo=-0.131272 (-13,127 PHP)
Epoch 040/50 | train_loss=0.000434 val_loss=-0.000275 | train_profit=-0.458557 (-45,856 PHP) val_profit=0.119255 (+11,925 PHP) | train_geo=-0.441990 (-44,199 PHP) val_geo=0.105511 (+10,551 PHP)
Epoch 041/50 | train_loss=-0.000283 val_loss=-0.000180 | train_profit=0.760120 (+76,012 PHP) val_profit=0.119255 (+11,925 PHP) | train_geo=0.887575 (+88,757 PHP) val_geo=0.105511 (+10,551 PHP)
Epoch 042/50 | train_loss=-0.000527 val_loss=-0.000372 | train_profit=0.866824 (+86,682 PHP) val_profit=0.117487 (+11,749 PHP) | train_geo=1.099783 (+109,978 PHP) val_geo=0.103337 (+10,334 PHP)
Epoch 043/50 | train_loss=-0.000270 val_loss=-0.000039 | train_profit=1.020778 (+102,078 PHP) val_profit=0.093176 (+9,318 PHP) | train_geo=1.450272 (+145,027 PHP) val_geo=0.076942 (+7,694 PHP)
Epoch 044/50 | train_loss=-0.000614 val_loss=-0.000406 | train_profit=0.924064 (+92,406 PHP) val_profit=0.111286 (+11,129 PHP) | train_geo=1.224378 (+122,438 PHP) val_geo=0.096431 (+9,643 PHP)
Epoch 045/50 | train_loss=-0.000444 val_loss=-0.000318 | train_profit=0.835857 (+83,586 PHP) val_profit=0.275278 (+27,528 PHP) | train_geo=1.036806 (+103,681 PHP) val_geo=0.292322 (+29,232 PHP)
Epoch 046/50 | train_loss=-0.000630 val_loss=-0.000331 | train_profit=1.097876 (+109,788 PHP) val_profit=0.118065 (+11,806 PHP) | train_geo=1.646872 (+164,687 PHP) val_geo=0.103873 (+10,387 PHP)
Epoch 047/50 | train_loss=-0.000369 val_loss=-0.000106 | train_profit=0.970475 (+97,048 PHP) val_profit=0.125381 (+12,538 PHP) | train_geo=1.330314 (+133,031 PHP) val_geo=0.112292 (+11,229 PHP)
Epoch 048/50 | train_loss=-0.000685 val_loss=-0.000346 | train_profit=1.200495 (+120,050 PHP) val_profit=0.147642 (+14,764 PHP) | train_geo=1.933647 (+193,365 PHP) val_geo=0.137065 (+13,706 PHP)
Epoch 049/50 | train_loss=-0.000361 val_loss=-0.000005 | train_profit=0.970280 (+97,028 PHP) val_profit=0.134670 (+13,467 PHP) | train_geo=1.329076 (+132,908 PHP) val_geo=0.122637 (+12,264 PHP)
Epoch 050/50 | train_loss=-0.000701 val_loss=-0.000341 | train_profit=1.202061 (+120,206 PHP) val_profit=0.130646 (+13,065 PHP) | train_geo=1.939333 (+193,933 PHP) val_geo=0.117864 (+11,786 PHP)
[22/37] PSE:AREIT  (mid   ) profit-aware  dir_acc=0.442 cum_ret=-0.1498 geo_ret=-0.1559 sharpe=-0.819 (buy&hold=-0.1560 always_short=+0.1391)
  [3.2s total]
Epoch 001/50 | [MSE] train_loss=0.000567 val_loss=0.000382 | train_profit=-1.407872 (-140,787 PHP) val_profit=0.222249 (+22,225 PHP) | train_geo=-0.812173 (-81,217 PHP) val_geo=0.179371 (+17,937 PHP)
Epoch 002/50 | [MSE] train_loss=0.000413 val_loss=0.000378 | train_profit=-1.356516 (-135,652 PHP) val_profit=0.425381 (+42,538 PHP) | train_geo=-0.802333 (-80,233 PHP) val_geo=0.445686 (+44,569 PHP)
Epoch 003/50 | [MSE] train_loss=0.000384 val_loss=0.000381 | train_profit=-0.872502 (-87,250 PHP) val_profit=0.425381 (+42,538 PHP) | train_geo=-0.679168 (-67,917 PHP) val_geo=0.445686 (+44,569 PHP)
Epoch 004/50 | [MSE] train_loss=0.000376 val_loss=0.000373 | train_profit=-0.415726 (-41,573 PHP) val_profit=0.425381 (+42,538 PHP) | train_geo=-0.492870 (-49,287 PHP) val_geo=0.445686 (+44,569 PHP)
Epoch 005/50 | [MSE] train_loss=0.000370 val_loss=0.000370 | train_profit=-0.597712 (-59,771 PHP) val_profit=0.425381 (+42,538 PHP) | train_geo=-0.577341 (-57,734 PHP) val_geo=0.445686 (+44,569 PHP)
Epoch 006/50 | [MSE] train_loss=0.000370 val_loss=0.000373 | train_profit=-0.739283 (-73,928 PHP) val_profit=0.425381 (+42,538 PHP) | train_geo=-0.633350 (-63,335 PHP) val_geo=0.445686 (+44,569 PHP)
Epoch 007/50 | [MSE] train_loss=0.000366 val_loss=0.000370 | train_profit=-0.143760 (-14,376 PHP) val_profit=0.425381 (+42,538 PHP) | train_geo=-0.332793 (-33,279 PHP) val_geo=0.445686 (+44,569 PHP)
Epoch 008/50 | [MSE] train_loss=0.000366 val_loss=0.000371 | train_profit=-0.549450 (-54,945 PHP) val_profit=0.425381 (+42,538 PHP) | train_geo=-0.556860 (-55,686 PHP) val_geo=0.445686 (+44,569 PHP)
Epoch 009/50 | [MSE] train_loss=0.000363 val_loss=0.000370 | train_profit=0.640193 (+64,019 PHP) val_profit=0.425381 (+42,538 PHP) | train_geo=0.459861 (+45,986 PHP) val_geo=0.445686 (+44,569 PHP)
Epoch 010/50 | [MSE] train_loss=0.000364 val_loss=0.000371 | train_profit=-0.128171 (-12,817 PHP) val_profit=0.425381 (+42,538 PHP) | train_geo=-0.324564 (-32,456 PHP) val_geo=0.445686 (+44,569 PHP)
Epoch 011/50 | [MSE] train_loss=0.000361 val_loss=0.000373 | train_profit=0.180779 (+18,078 PHP) val_profit=0.425381 (+42,538 PHP) | train_geo=-0.077808 (-7,781 PHP) val_geo=0.445686 (+44,569 PHP)
Epoch 012/50 | [MSE] train_loss=0.000359 val_loss=0.000372 | train_profit=0.408640 (+40,864 PHP) val_profit=0.425381 (+42,538 PHP) | train_geo=0.156813 (+15,681 PHP) val_geo=0.445686 (+44,569 PHP)
Epoch 013/50 | [MSE] train_loss=0.000367 val_loss=0.000372 | train_profit=-0.272115 (-27,212 PHP) val_profit=0.425381 (+42,538 PHP) | train_geo=-0.415162 (-41,516 PHP) val_geo=0.445686 (+44,569 PHP)
Epoch 014/50 | [MSE] train_loss=0.000364 val_loss=0.000371 | train_profit=0.143921 (+14,392 PHP) val_profit=0.425381 (+42,538 PHP) | train_geo=-0.112386 (-11,239 PHP) val_geo=0.445686 (+44,569 PHP)
Epoch 015/50 | [MSE] train_loss=0.000362 val_loss=0.000371 | train_profit=-0.145523 (-14,552 PHP) val_profit=0.425381 (+42,538 PHP) | train_geo=-0.336600 (-33,660 PHP) val_geo=0.445686 (+44,569 PHP)
Epoch 016/50 | [MSE] train_loss=0.000361 val_loss=0.000369 | train_profit=1.096881 (+109,688 PHP) val_profit=0.425381 (+42,538 PHP) | train_geo=1.305080 (+130,508 PHP) val_geo=0.445686 (+44,569 PHP)
Epoch 017/50 | [MSE] train_loss=0.000362 val_loss=0.000372 | train_profit=0.177460 (+17,746 PHP) val_profit=0.425381 (+42,538 PHP) | train_geo=-0.082903 (-8,290 PHP) val_geo=0.445686 (+44,569 PHP)
Epoch 018/50 | [MSE] train_loss=0.000358 val_loss=0.000372 | train_profit=1.381304 (+138,130 PHP) val_profit=0.425381 (+42,538 PHP) | train_geo=2.069540 (+206,954 PHP) val_geo=0.445686 (+44,569 PHP)
Epoch 019/50 | [MSE] train_loss=0.000358 val_loss=0.000372 | train_profit=1.621901 (+162,190 PHP) val_profit=0.425381 (+42,538 PHP) | train_geo=2.900125 (+290,013 PHP) val_geo=0.445686 (+44,569 PHP)
Epoch 020/50 | [MSE] train_loss=0.000358 val_loss=0.000368 | train_profit=1.518432 (+151,843 PHP) val_profit=0.454101 (+45,410 PHP) | train_geo=2.516783 (+251,678 PHP) val_geo=0.487817 (+48,782 PHP)
Epoch 021/50 | [MSE] train_loss=0.000359 val_loss=0.000369 | train_profit=1.254894 (+125,489 PHP) val_profit=0.454101 (+45,410 PHP) | train_geo=1.703918 (+170,392 PHP) val_geo=0.487817 (+48,782 PHP)
Epoch 022/50 | [MSE] train_loss=0.000362 val_loss=0.000370 | train_profit=0.230611 (+23,061 PHP) val_profit=0.454101 (+45,410 PHP) | train_geo=-0.030831 (-3,083 PHP) val_geo=0.487817 (+48,782 PHP)
Epoch 023/50 | [MSE] train_loss=0.000362 val_loss=0.000370 | train_profit=0.952499 (+95,250 PHP) val_profit=0.454101 (+45,410 PHP) | train_geo=0.995839 (+99,584 PHP) val_geo=0.487817 (+48,782 PHP)
Epoch 024/50 | [MSE] train_loss=0.000355 val_loss=0.000369 | train_profit=1.785386 (+178,539 PHP) val_profit=0.454101 (+45,410 PHP) | train_geo=3.596707 (+359,671 PHP) val_geo=0.487817 (+48,782 PHP)
Epoch 025/50 | [MSE] train_loss=0.000358 val_loss=0.000375 | train_profit=1.785055 (+178,505 PHP) val_profit=0.454101 (+45,410 PHP) | train_geo=3.596175 (+359,618 PHP) val_geo=0.487817 (+48,782 PHP)
Epoch 026/50 | [MSE] train_loss=0.000359 val_loss=0.000366 | train_profit=0.988955 (+98,895 PHP) val_profit=0.415154 (+41,515 PHP) | train_geo=1.065430 (+106,543 PHP) val_geo=0.430809 (+43,081 PHP)
Epoch 027/50 | [MSE] train_loss=0.000357 val_loss=0.000368 | train_profit=1.714371 (+171,437 PHP) val_profit=0.415154 (+41,515 PHP) | train_geo=3.278109 (+327,811 PHP) val_geo=0.430809 (+43,081 PHP)
Epoch 028/50 | [MSE] train_loss=0.000354 val_loss=0.000368 | train_profit=2.997846 (+299,785 PHP) val_profit=0.415154 (+41,515 PHP) | train_geo=14.490699 (+1,449,070 PHP) val_geo=0.430809 (+43,081 PHP)
Epoch 029/50 | [MSE] train_loss=0.000362 val_loss=0.000374 | train_profit=2.321258 (+232,126 PHP) val_profit=0.454101 (+45,410 PHP) | train_geo=6.869401 (+686,940 PHP) val_geo=0.487817 (+48,782 PHP)
Epoch 030/50 | [MSE] train_loss=0.000358 val_loss=0.000368 | train_profit=1.788562 (+178,856 PHP) val_profit=0.415154 (+41,515 PHP) | train_geo=3.609227 (+360,923 PHP) val_geo=0.430809 (+43,081 PHP)
Epoch 031/50 | [MSE] train_loss=0.000352 val_loss=0.000364 | train_profit=2.317757 (+231,776 PHP) val_profit=0.548262 (+54,826 PHP) | train_geo=6.843589 (+684,359 PHP) val_geo=0.634835 (+63,484 PHP)
Epoch 032/50 | [MSE] train_loss=0.000354 val_loss=0.000367 | train_profit=2.957134 (+295,713 PHP) val_profit=0.498391 (+49,839 PHP) | train_geo=13.864280 (+1,386,428 PHP) val_geo=0.555126 (+55,513 PHP)
Epoch 033/50 | [MSE] train_loss=0.000355 val_loss=0.000367 | train_profit=2.546441 (+254,644 PHP) val_profit=0.415154 (+41,515 PHP) | train_geo=8.849719 (+884,972 PHP) val_geo=0.430809 (+43,081 PHP)
Epoch 034/50 | [MSE] train_loss=0.000356 val_loss=0.000367 | train_profit=2.243670 (+224,367 PHP) val_profit=0.499314 (+49,931 PHP) | train_geo=6.272045 (+627,204 PHP) val_geo=0.556598 (+55,660 PHP)
Epoch 035/50 | [MSE] train_loss=0.000355 val_loss=0.000364 | train_profit=2.458035 (+245,804 PHP) val_profit=0.730855 (+73,085 PHP) | train_geo=8.011445 (+801,144 PHP) val_geo=0.962731 (+96,273 PHP)
Epoch 036/50 | [MSE] train_loss=0.000356 val_loss=0.000369 | train_profit=1.998058 (+199,806 PHP) val_profit=0.427598 (+42,760 PHP) | train_geo=4.679904 (+467,990 PHP) val_geo=0.448736 (+44,874 PHP)
Epoch 037/50 | [MSE] train_loss=0.000358 val_loss=0.000367 | train_profit=2.002667 (+200,267 PHP) val_profit=0.535758 (+53,576 PHP) | train_geo=4.709209 (+470,921 PHP) val_geo=0.614463 (+61,446 PHP)
Epoch 038/50 | [MSE] train_loss=0.000352 val_loss=0.000368 | train_profit=1.959213 (+195,921 PHP) val_profit=0.499758 (+49,976 PHP) | train_geo=4.466692 (+446,669 PHP) val_geo=0.557332 (+55,733 PHP)
Epoch 039/50 | [MSE] train_loss=0.000353 val_loss=0.000369 | train_profit=2.491260 (+249,126 PHP) val_profit=0.499758 (+49,976 PHP) | train_geo=8.316306 (+831,631 PHP) val_geo=0.557332 (+55,733 PHP)
Epoch 040/50 | [MSE] train_loss=0.000352 val_loss=0.000367 | train_profit=2.464737 (+246,474 PHP) val_profit=0.593105 (+59,310 PHP) | train_geo=8.069082 (+806,908 PHP) val_geo=0.709827 (+70,983 PHP)
Epoch 041/50 | [MSE] train_loss=0.000353 val_loss=0.000370 | train_profit=2.322034 (+232,203 PHP) val_profit=0.624414 (+62,441 PHP) | train_geo=6.861742 (+686,174 PHP) val_geo=0.764276 (+76,428 PHP)
Epoch 042/50 | [MSE] train_loss=0.000354 val_loss=0.000368 | train_profit=2.350928 (+235,093 PHP) val_profit=0.641985 (+64,198 PHP) | train_geo=7.092059 (+709,206 PHP) val_geo=0.795505 (+79,550 PHP)
Epoch 043/50 | [MSE] train_loss=0.000354 val_loss=0.000365 | train_profit=2.645144 (+264,514 PHP) val_profit=0.660238 (+66,024 PHP) | train_geo=9.873043 (+987,304 PHP) val_geo=0.828680 (+82,868 PHP)
Epoch 044/50 | [MSE] train_loss=0.000354 val_loss=0.000368 | train_profit=2.273985 (+227,399 PHP) val_profit=0.617396 (+61,740 PHP) | train_geo=6.495813 (+649,581 PHP) val_geo=0.751990 (+75,199 PHP)
Epoch 045/50 | [MSE] train_loss=0.000353 val_loss=0.000366 | train_profit=2.970607 (+297,061 PHP) val_profit=0.660238 (+66,024 PHP) | train_geo=14.061961 (+1,406,196 PHP) val_geo=0.828680 (+82,868 PHP)
Epoch 046/50 | [MSE] train_loss=0.000354 val_loss=0.000364 | train_profit=2.582478 (+258,248 PHP) val_profit=0.717745 (+71,774 PHP) | train_geo=9.225163 (+922,516 PHP) val_geo=0.937086 (+93,709 PHP)
Epoch 047/50 | [MSE] train_loss=0.000357 val_loss=0.000363 | train_profit=2.661649 (+266,165 PHP) val_profit=0.694502 (+69,450 PHP) | train_geo=10.063137 (+1,006,314 PHP) val_geo=0.892465 (+89,246 PHP)
Epoch 048/50 | [MSE] train_loss=0.000362 val_loss=0.000364 | train_profit=2.034757 (+203,476 PHP) val_profit=0.690730 (+69,073 PHP) | train_geo=4.900651 (+490,065 PHP) val_geo=0.885264 (+88,526 PHP)
Epoch 049/50 | [MSE] train_loss=0.000365 val_loss=0.000360 | train_profit=2.606133 (+260,613 PHP) val_profit=0.909805 (+90,980 PHP) | train_geo=9.468016 (+946,802 PHP) val_geo=1.347594 (+134,759 PHP)
Epoch 050/50 | [MSE] train_loss=0.000370 val_loss=0.000352 | train_profit=2.481708 (+248,171 PHP) val_profit=0.766841 (+76,684 PHP) | train_geo=8.248141 (+824,814 PHP) val_geo=1.034288 (+103,429 PHP)
[23/37] PSE:MER    (mid   ) mse           dir_acc=0.519 cum_ret=+0.1647 geo_ret=+0.1246 sharpe=+0.486 (buy&hold=-0.1378 always_short=+0.0558)
  [3.8s total]
Epoch 001/50 | train_loss=0.002299 val_loss=0.004002 | train_profit=-0.764235 (-76,423 PHP) val_profit=-0.427381 (-42,738 PHP) | train_geo=-0.642626 (-64,263 PHP) val_geo=-0.384637 (-38,464 PHP)
Epoch 002/50 | train_loss=0.000792 val_loss=-0.000415 | train_profit=0.751970 (+75,197 PHP) val_profit=0.425381 (+42,538 PHP) | train_geo=0.633452 (+63,345 PHP) val_geo=0.445686 (+44,569 PHP)
Epoch 003/50 | train_loss=0.000728 val_loss=-0.000261 | train_profit=-0.401158 (-40,116 PHP) val_profit=0.304789 (+30,479 PHP) | train_geo=-0.485736 (-48,574 PHP) val_geo=0.281514 (+28,151 PHP)
Epoch 004/50 | train_loss=0.000319 val_loss=-0.000804 | train_profit=0.398329 (+39,833 PHP) val_profit=0.425381 (+42,538 PHP) | train_geo=0.145095 (+14,510 PHP) val_geo=0.445686 (+44,569 PHP)
Epoch 005/50 | train_loss=0.000270 val_loss=-0.000825 | train_profit=0.361802 (+36,180 PHP) val_profit=0.425381 (+42,538 PHP) | train_geo=0.103683 (+10,368 PHP) val_geo=0.445686 (+44,569 PHP)
Epoch 006/50 | train_loss=0.000277 val_loss=-0.000826 | train_profit=0.379067 (+37,907 PHP) val_profit=0.425381 (+42,538 PHP) | train_geo=0.122937 (+12,294 PHP) val_geo=0.445686 (+44,569 PHP)
Epoch 007/50 | train_loss=0.000298 val_loss=-0.000833 | train_profit=-0.006221 (-622 PHP) val_profit=0.425381 (+42,538 PHP) | train_geo=-0.236499 (-23,650 PHP) val_geo=0.445686 (+44,569 PHP)
Epoch 008/50 | train_loss=0.000279 val_loss=-0.000648 | train_profit=0.246280 (+24,628 PHP) val_profit=0.425381 (+42,538 PHP) | train_geo=-0.016784 (-1,678 PHP) val_geo=0.445686 (+44,569 PHP)
Epoch 009/50 | train_loss=0.000192 val_loss=-0.000834 | train_profit=0.361802 (+36,180 PHP) val_profit=0.425381 (+42,538 PHP) | train_geo=0.103683 (+10,368 PHP) val_geo=0.445686 (+44,569 PHP)
Epoch 010/50 | train_loss=0.000211 val_loss=-0.000797 | train_profit=0.112238 (+11,224 PHP) val_profit=0.425381 (+42,538 PHP) | train_geo=-0.140358 (-14,036 PHP) val_geo=0.445686 (+44,569 PHP)
Epoch 011/50 | train_loss=0.000182 val_loss=-0.000649 | train_profit=0.266989 (+26,699 PHP) val_profit=0.425381 (+42,538 PHP) | train_geo=0.003760 (+376 PHP) val_geo=0.445686 (+44,569 PHP)
Epoch 012/50 | train_loss=0.000111 val_loss=-0.000462 | train_profit=0.109973 (+10,997 PHP) val_profit=0.425381 (+42,538 PHP) | train_geo=-0.142636 (-14,264 PHP) val_geo=0.445686 (+44,569 PHP)
Epoch 013/50 | train_loss=0.000196 val_loss=-0.000783 | train_profit=0.316029 (+31,603 PHP) val_profit=0.425381 (+42,538 PHP) | train_geo=0.054421 (+5,442 PHP) val_geo=0.445686 (+44,569 PHP)
Epoch 014/50 | train_loss=0.000163 val_loss=-0.000531 | train_profit=0.214445 (+21,445 PHP) val_profit=0.396671 (+39,667 PHP) | train_geo=-0.047761 (-4,776 PHP) val_geo=0.404776 (+40,478 PHP)
Epoch 015/50 | train_loss=0.000155 val_loss=-0.000596 | train_profit=-0.013159 (-1,316 PHP) val_profit=0.499907 (+49,991 PHP) | train_geo=-0.241842 (-24,184 PHP) val_geo=0.557582 (+55,758 PHP)
Epoch 016/50 | train_loss=0.000095 val_loss=-0.000569 | train_profit=0.101613 (+10,161 PHP) val_profit=0.553526 (+55,353 PHP) | train_geo=-0.149983 (-14,998 PHP) val_geo=0.644054 (+64,405 PHP)
Epoch 017/50 | train_loss=0.000121 val_loss=-0.000026 | train_profit=0.201401 (+20,140 PHP) val_profit=-0.187154 (-18,715 PHP) | train_geo=-0.060950 (-6,095 PHP) val_geo=-0.217572 (-21,757 PHP)
Epoch 018/50 | train_loss=-0.000166 val_loss=-0.000639 | train_profit=0.648750 (+64,875 PHP) val_profit=0.647347 (+64,735 PHP) | train_geo=0.471331 (+47,133 PHP) val_geo=0.806089 (+80,609 PHP)
Epoch 019/50 | train_loss=-0.000172 val_loss=-0.000779 | train_profit=0.983870 (+98,387 PHP) val_profit=0.652376 (+65,238 PHP) | train_geo=1.057198 (+105,720 PHP) val_geo=0.814906 (+81,491 PHP)
Epoch 020/50 | train_loss=0.000060 val_loss=-0.000752 | train_profit=0.341741 (+34,174 PHP) val_profit=0.332168 (+33,217 PHP) | train_geo=0.081496 (+8,150 PHP) val_geo=0.316832 (+31,683 PHP)
Epoch 021/50 | train_loss=0.000013 val_loss=0.000030 | train_profit=0.432670 (+43,267 PHP) val_profit=-0.071338 (-7,134 PHP) | train_geo=0.183440 (+18,344 PHP) val_geo=-0.121317 (-12,132 PHP)
Epoch 022/50 | train_loss=-0.000180 val_loss=-0.000406 | train_profit=0.744547 (+74,455 PHP) val_profit=0.486697 (+48,670 PHP) | train_geo=0.619309 (+61,931 PHP) val_geo=0.537161 (+53,716 PHP)
Epoch 023/50 | train_loss=-0.000206 val_loss=-0.000142 | train_profit=0.468206 (+46,821 PHP) val_profit=0.178495 (+17,850 PHP) | train_geo=0.226700 (+22,670 PHP) val_geo=0.128726 (+12,873 PHP)
Epoch 024/50 | train_loss=-0.000713 val_loss=-0.000701 | train_profit=1.418714 (+141,871 PHP) val_profit=0.168695 (+16,869 PHP) | train_geo=2.177268 (+217,727 PHP) val_geo=0.117557 (+11,756 PHP)
Epoch 025/50 | train_loss=-0.000683 val_loss=-0.000323 | train_profit=2.278177 (+227,818 PHP) val_profit=0.403514 (+40,351 PHP) | train_geo=6.526149 (+652,615 PHP) val_geo=0.414445 (+41,444 PHP)
Epoch 026/50 | train_loss=-0.000460 val_loss=-0.000652 | train_profit=1.270210 (+127,021 PHP) val_profit=0.520575 (+52,058 PHP) | train_geo=1.738889 (+173,889 PHP) val_geo=0.589306 (+58,931 PHP)
Epoch 027/50 | train_loss=-0.000840 val_loss=-0.001084 | train_profit=1.884387 (+188,439 PHP) val_profit=0.680342 (+68,034 PHP) | train_geo=4.071951 (+407,195 PHP) val_geo=0.865332 (+86,533 PHP)
Epoch 028/50 | train_loss=-0.000891 val_loss=-0.001402 | train_profit=2.005242 (+200,524 PHP) val_profit=0.970652 (+97,065 PHP) | train_geo=4.728070 (+472,807 PHP) val_geo=1.496547 (+149,655 PHP)
Epoch 029/50 | train_loss=-0.000371 val_loss=-0.000481 | train_profit=1.509984 (+150,998 PHP) val_profit=0.403280 (+40,328 PHP) | train_geo=2.486161 (+248,616 PHP) val_geo=0.413618 (+41,362 PHP)
Epoch 030/50 | train_loss=-0.000775 val_loss=-0.000068 | train_profit=2.009958 (+200,996 PHP) val_profit=-0.120305 (-12,031 PHP) | train_geo=4.745409 (+474,541 PHP) val_geo=-0.163426 (-16,343 PHP)
Epoch 031/50 | train_loss=-0.000969 val_loss=-0.000549 | train_profit=2.147746 (+214,775 PHP) val_profit=0.244361 (+24,436 PHP) | train_geo=5.610336 (+561,034 PHP) val_geo=0.205604 (+20,560 PHP)
Epoch 032/50 | train_loss=-0.000877 val_loss=-0.000799 | train_profit=2.047765 (+204,776 PHP) val_profit=0.493714 (+49,371 PHP) | train_geo=4.970522 (+497,052 PHP) val_geo=0.547955 (+54,796 PHP)
Epoch 033/50 | train_loss=-0.000929 val_loss=-0.000093 | train_profit=2.193033 (+219,303 PHP) val_profit=0.088155 (+8,815 PHP) | train_geo=5.903343 (+590,334 PHP) val_geo=0.031067 (+3,107 PHP)
Epoch 034/50 | train_loss=-0.000815 val_loss=-0.001347 | train_profit=2.456676 (+245,668 PHP) val_profit=0.771487 (+77,149 PHP) | train_geo=7.987085 (+798,709 PHP) val_geo=1.043866 (+104,387 PHP)
Epoch 035/50 | train_loss=-0.001056 val_loss=-0.000931 | train_profit=2.074970 (+207,497 PHP) val_profit=0.807447 (+80,745 PHP) | train_geo=5.134480 (+513,448 PHP) val_geo=1.118957 (+111,896 PHP)
Epoch 036/50 | train_loss=-0.000969 val_loss=-0.000115 | train_profit=2.271116 (+227,112 PHP) val_profit=0.036644 (+3,664 PHP) | train_geo=6.457629 (+645,763 PHP) val_geo=-0.020876 (-2,088 PHP)
Epoch 037/50 | train_loss=-0.001054 val_loss=-0.000943 | train_profit=2.412793 (+241,279 PHP) val_profit=0.393048 (+39,305 PHP) | train_geo=7.598640 (+759,864 PHP) val_geo=0.399079 (+39,908 PHP)
Epoch 038/50 | train_loss=-0.001387 val_loss=-0.001454 | train_profit=3.236215 (+323,622 PHP) val_profit=0.720355 (+72,035 PHP) | train_geo=18.609983 (+1,860,998 PHP) val_geo=0.941869 (+94,187 PHP)
Epoch 039/50 | train_loss=-0.001243 val_loss=-0.001183 | train_profit=3.120283 (+312,028 PHP) val_profit=0.689170 (+68,917 PHP) | train_geo=16.466814 (+1,646,681 PHP) val_geo=0.882231 (+88,223 PHP)
Epoch 040/50 | train_loss=-0.001398 val_loss=-0.000856 | train_profit=3.443122 (+344,312 PHP) val_profit=0.395826 (+39,583 PHP) | train_geo=23.138275 (+2,313,828 PHP) val_geo=0.402810 (+40,281 PHP)
Epoch 041/50 | train_loss=-0.001140 val_loss=-0.001790 | train_profit=2.253002 (+225,300 PHP) val_profit=0.618361 (+61,836 PHP) | train_geo=6.323160 (+632,316 PHP) val_geo=0.752964 (+75,296 PHP)
Epoch 042/50 | train_loss=-0.001220 val_loss=-0.001789 | train_profit=2.476952 (+247,695 PHP) val_profit=0.956439 (+95,644 PHP) | train_geo=8.181314 (+818,131 PHP) val_geo=1.460127 (+146,013 PHP)
Epoch 043/50 | train_loss=-0.001211 val_loss=-0.000521 | train_profit=2.790150 (+279,015 PHP) val_profit=0.136642 (+13,664 PHP) | train_geo=11.547035 (+1,154,704 PHP) val_geo=0.082241 (+8,224 PHP)
Epoch 044/50 | train_loss=-0.001376 val_loss=-0.001095 | train_profit=2.615903 (+261,590 PHP) val_profit=0.499170 (+49,917 PHP) | train_geo=9.540246 (+954,025 PHP) val_geo=0.556449 (+55,645 PHP)
Epoch 045/50 | train_loss=-0.001791 val_loss=-0.001476 | train_profit=4.099204 (+409,920 PHP) val_profit=0.700538 (+70,054 PHP) | train_geo=45.642780 (+4,564,278 PHP) val_geo=0.904184 (+90,418 PHP)
Epoch 046/50 | train_loss=-0.001550 val_loss=-0.000783 | train_profit=3.453080 (+345,308 PHP) val_profit=0.550942 (+55,094 PHP) | train_geo=23.364058 (+2,336,406 PHP) val_geo=0.639374 (+63,937 PHP)
Epoch 047/50 | train_loss=-0.001569 val_loss=-0.000916 | train_profit=3.157990 (+315,799 PHP) val_profit=0.458469 (+45,847 PHP) | train_geo=17.174150 (+1,717,415 PHP) val_geo=0.494031 (+49,403 PHP)
Epoch 048/50 | train_loss=-0.001320 val_loss=-0.000337 | train_profit=3.491886 (+349,189 PHP) val_profit=0.291532 (+29,153 PHP) | train_geo=24.354544 (+2,435,454 PHP) val_geo=0.264308 (+26,431 PHP)
Epoch 049/50 | train_loss=-0.001505 val_loss=-0.000590 | train_profit=3.465095 (+346,509 PHP) val_profit=0.300769 (+30,077 PHP) | train_geo=23.733004 (+2,373,300 PHP) val_geo=0.275687 (+27,569 PHP)
Epoch 050/50 | train_loss=-0.001909 val_loss=-0.000915 | train_profit=4.197747 (+419,775 PHP) val_profit=0.428727 (+42,873 PHP) | train_geo=50.480808 (+5,048,081 PHP) val_geo=0.450344 (+45,034 PHP)
[23/37] PSE:MER    (mid   ) profit-aware  dir_acc=0.513 cum_ret=+0.1368 geo_ret=+0.0934 sharpe=+0.403 (buy&hold=-0.1378 always_short=+0.0558)
  [4.3s total]
Epoch 001/50 | [MSE] train_loss=0.000649 val_loss=0.000357 | train_profit=-1.480635 (-148,064 PHP) val_profit=-0.242472 (-24,247 PHP) | train_geo=-0.831331 (-83,133 PHP) val_geo=-0.255279 (-25,528 PHP)
Epoch 002/50 | [MSE] train_loss=0.000449 val_loss=0.000343 | train_profit=-1.607266 (-160,727 PHP) val_profit=-0.067474 (-6,747 PHP) | train_geo=-0.851331 (-85,133 PHP) val_geo=-0.112729 (-11,273 PHP)
Epoch 003/50 | [MSE] train_loss=0.000422 val_loss=0.000351 | train_profit=-0.884526 (-88,453 PHP) val_profit=-0.046053 (-4,605 PHP) | train_geo=-0.693240 (-69,324 PHP) val_geo=-0.093780 (-9,378 PHP)
Epoch 004/50 | [MSE] train_loss=0.000427 val_loss=0.000353 | train_profit=-0.492917 (-49,292 PHP) val_profit=-0.219394 (-21,939 PHP) | train_geo=-0.546000 (-54,600 PHP) val_geo=-0.238040 (-23,804 PHP)
Epoch 005/50 | [MSE] train_loss=0.000422 val_loss=0.000344 | train_profit=-0.256619 (-25,662 PHP) val_profit=-0.287193 (-28,719 PHP) | train_geo=-0.425756 (-42,576 PHP) val_geo=-0.288047 (-28,805 PHP)
Epoch 006/50 | [MSE] train_loss=0.000420 val_loss=0.000340 | train_profit=-0.660416 (-66,042 PHP) val_profit=-0.172344 (-17,234 PHP) | train_geo=-0.616938 (-61,694 PHP) val_geo=-0.201419 (-20,142 PHP)
Epoch 007/50 | [MSE] train_loss=0.000418 val_loss=0.000338 | train_profit=-1.955668 (-195,567 PHP) val_profit=-0.062649 (-6,265 PHP) | train_geo=-0.895272 (-89,527 PHP) val_geo=-0.108674 (-10,867 PHP)
Epoch 008/50 | [MSE] train_loss=0.000415 val_loss=0.000340 | train_profit=-1.343257 (-134,326 PHP) val_profit=0.133457 (+13,346 PHP) | train_geo=-0.806428 (-80,643 PHP) val_geo=0.084680 (+8,468 PHP)
Epoch 009/50 | [MSE] train_loss=0.000414 val_loss=0.000338 | train_profit=-1.168656 (-116,866 PHP) val_profit=-0.027718 (-2,772 PHP) | train_geo=-0.769681 (-76,968 PHP) val_geo=-0.076985 (-7,698 PHP)
Epoch 010/50 | [MSE] train_loss=0.000414 val_loss=0.000338 | train_profit=-0.919628 (-91,963 PHP) val_profit=0.252653 (+25,265 PHP) | train_geo=-0.704490 (-70,449 PHP) val_geo=0.222177 (+22,218 PHP)
Epoch 011/50 | [MSE] train_loss=0.000414 val_loss=0.000339 | train_profit=-1.469358 (-146,936 PHP) val_profit=0.133457 (+13,346 PHP) | train_geo=-0.829635 (-82,963 PHP) val_geo=0.084680 (+8,468 PHP)
Epoch 012/50 | [MSE] train_loss=0.000412 val_loss=0.000338 | train_profit=-1.034493 (-103,449 PHP) val_profit=0.254484 (+25,448 PHP) | train_geo=-0.736376 (-73,638 PHP) val_geo=0.224679 (+22,468 PHP)
Epoch 013/50 | [MSE] train_loss=0.000409 val_loss=0.000338 | train_profit=-0.738446 (-73,845 PHP) val_profit=0.050817 (+5,082 PHP) | train_geo=-0.645925 (-64,593 PHP) val_geo=-0.001552 (-155 PHP)
Epoch 014/50 | [MSE] train_loss=0.000409 val_loss=0.000339 | train_profit=-0.409795 (-40,980 PHP) val_profit=0.208613 (+20,861 PHP) | train_geo=-0.507511 (-50,751 PHP) val_geo=0.169726 (+16,973 PHP)
Epoch 015/50 | [MSE] train_loss=0.000408 val_loss=0.000337 | train_profit=0.638995 (+63,899 PHP) val_profit=0.107261 (+10,726 PHP) | train_geo=0.409810 (+40,981 PHP) val_geo=0.056604 (+5,660 PHP)
Epoch 016/50 | [MSE] train_loss=0.000407 val_loss=0.000338 | train_profit=-0.163057 (-16,306 PHP) val_profit=-0.008681 (-868 PHP) | train_geo=-0.368856 (-36,886 PHP) val_geo=-0.059133 (-5,913 PHP)
Epoch 017/50 | [MSE] train_loss=0.000411 val_loss=0.000338 | train_profit=-0.695258 (-69,526 PHP) val_profit=-0.023831 (-2,383 PHP) | train_geo=-0.629682 (-62,968 PHP) val_geo=-0.073122 (-7,312 PHP)
Epoch 018/50 | [MSE] train_loss=0.000409 val_loss=0.000337 | train_profit=-0.119489 (-11,949 PHP) val_profit=-0.016869 (-1,687 PHP) | train_geo=-0.341555 (-34,156 PHP) val_geo=-0.066988 (-6,699 PHP)
Epoch 019/50 | [MSE] train_loss=0.000409 val_loss=0.000337 | train_profit=0.839241 (+83,924 PHP) val_profit=0.021962 (+2,196 PHP) | train_geo=0.720652 (+72,065 PHP) val_geo=-0.029975 (-2,997 PHP)
Epoch 020/50 | [MSE] train_loss=0.000410 val_loss=0.000338 | train_profit=-0.292988 (-29,299 PHP) val_profit=0.178528 (+17,853 PHP) | train_geo=-0.446357 (-44,636 PHP) val_geo=0.134812 (+13,481 PHP)
Epoch 021/50 | [MSE] train_loss=0.000408 val_loss=0.000337 | train_profit=0.798192 (+79,819 PHP) val_profit=0.133571 (+13,357 PHP) | train_geo=0.650952 (+65,095 PHP) val_geo=0.084659 (+8,466 PHP)
Epoch 022/50 | [MSE] train_loss=0.000408 val_loss=0.000337 | train_profit=0.687727 (+68,773 PHP) val_profit=0.028514 (+2,851 PHP) | train_geo=0.478165 (+47,816 PHP) val_geo=-0.023593 (-2,359 PHP)
Epoch 023/50 | [MSE] train_loss=0.000408 val_loss=0.000338 | train_profit=1.200080 (+120,008 PHP) val_profit=0.023876 (+2,388 PHP) | train_geo=1.465282 (+146,528 PHP) val_geo=-0.028006 (-2,801 PHP)
Epoch 024/50 | [MSE] train_loss=0.000411 val_loss=0.000338 | train_profit=-0.181684 (-18,168 PHP) val_profit=0.130844 (+13,084 PHP) | train_geo=-0.380690 (-38,069 PHP) val_geo=0.081913 (+8,191 PHP)
Epoch 025/50 | [MSE] train_loss=0.000408 val_loss=0.000338 | train_profit=0.331215 (+33,121 PHP) val_profit=0.170317 (+17,032 PHP) | train_geo=0.034977 (+3,498 PHP) val_geo=0.125483 (+12,548 PHP)
Epoch 026/50 | [MSE] train_loss=0.000408 val_loss=0.000337 | train_profit=0.039386 (+3,939 PHP) val_profit=0.093665 (+9,366 PHP) | train_geo=-0.228016 (-22,802 PHP) val_geo=0.042301 (+4,230 PHP)
Epoch 027/50 | [MSE] train_loss=0.000409 val_loss=0.000338 | train_profit=0.793700 (+79,370 PHP) val_profit=0.003156 (+316 PHP) | train_geo=0.643087 (+64,309 PHP) val_geo=-0.047927 (-4,793 PHP)
Epoch 028/50 | [MSE] train_loss=0.000406 val_loss=0.000337 | train_profit=1.471960 (+147,196 PHP) val_profit=0.111193 (+11,119 PHP) | train_geo=2.242557 (+224,256 PHP) val_geo=0.060756 (+6,076 PHP)
Epoch 029/50 | [MSE] train_loss=0.000409 val_loss=0.000337 | train_profit=0.133806 (+13,381 PHP) val_profit=0.177992 (+17,799 PHP) | train_geo=-0.152341 (-15,234 PHP) val_geo=0.134071 (+13,407 PHP)
Epoch 030/50 | [MSE] train_loss=0.000407 val_loss=0.000337 | train_profit=0.183603 (+18,360 PHP) val_profit=-0.017801 (-1,780 PHP) | train_geo=-0.108442 (-10,844 PHP) val_geo=-0.067828 (-6,783 PHP)
Epoch 031/50 | [MSE] train_loss=0.000406 val_loss=0.000337 | train_profit=0.853121 (+85,312 PHP) val_profit=0.084735 (+8,474 PHP) | train_geo=0.742776 (+74,278 PHP) val_geo=0.032879 (+3,288 PHP)
Epoch 032/50 | [MSE] train_loss=0.000408 val_loss=0.000337 | train_profit=0.183896 (+18,390 PHP) val_profit=0.138772 (+13,877 PHP) | train_geo=-0.108333 (-10,833 PHP) val_geo=0.090499 (+9,050 PHP)
Epoch 033/50 | [MSE] train_loss=0.000406 val_loss=0.000337 | train_profit=0.809144 (+80,914 PHP) val_profit=0.094014 (+9,401 PHP) | train_geo=0.667722 (+66,772 PHP) val_geo=0.042621 (+4,262 PHP)
Epoch 034/50 | [MSE] train_loss=0.000405 val_loss=0.000337 | train_profit=0.516611 (+51,661 PHP) val_profit=0.063162 (+6,316 PHP) | train_geo=0.244179 (+24,418 PHP) val_geo=0.010924 (+1,092 PHP)
Epoch 035/50 | [MSE] train_loss=0.000407 val_loss=0.000337 | train_profit=0.459215 (+45,922 PHP) val_profit=0.175842 (+17,584 PHP) | train_geo=0.175061 (+17,506 PHP) val_geo=0.131739 (+13,174 PHP)
Epoch 036/50 | [MSE] train_loss=0.000405 val_loss=0.000337 | train_profit=1.022926 (+102,293 PHP) val_profit=-0.023025 (-2,303 PHP) | train_geo=1.066961 (+106,696 PHP) val_geo=-0.072522 (-7,252 PHP)
Epoch 037/50 | [MSE] train_loss=0.000405 val_loss=0.000337 | train_profit=1.714245 (+171,425 PHP) val_profit=-0.018218 (-1,822 PHP) | train_geo=3.131843 (+313,184 PHP) val_geo=-0.068060 (-6,806 PHP)
Epoch 038/50 | [MSE] train_loss=0.000406 val_loss=0.000337 | train_profit=1.143163 (+114,316 PHP) val_profit=0.237094 (+23,709 PHP) | train_geo=1.329985 (+132,999 PHP) val_geo=0.203352 (+20,335 PHP)
Epoch 039/50 | [MSE] train_loss=0.000405 val_loss=0.000337 | train_profit=1.308618 (+130,862 PHP) val_profit=0.175205 (+17,520 PHP) | train_geo=1.753117 (+175,312 PHP) val_geo=0.131042 (+13,104 PHP)
Epoch 040/50 | [MSE] train_loss=0.000404 val_loss=0.000336 | train_profit=1.268937 (+126,894 PHP) val_profit=0.258680 (+25,868 PHP) | train_geo=1.646390 (+164,639 PHP) val_geo=0.229258 (+22,926 PHP)
Epoch 041/50 | [MSE] train_loss=0.000404 val_loss=0.000336 | train_profit=1.531673 (+153,167 PHP) val_profit=0.219959 (+21,996 PHP) | train_geo=2.441398 (+244,140 PHP) val_geo=0.182760 (+18,276 PHP)
Epoch 042/50 | [MSE] train_loss=0.000404 val_loss=0.000336 | train_profit=1.748447 (+174,845 PHP) val_profit=0.293965 (+29,397 PHP) | train_geo=3.276660 (+327,666 PHP) val_geo=0.273807 (+27,381 PHP)
Epoch 043/50 | [MSE] train_loss=0.000404 val_loss=0.000336 | train_profit=1.320479 (+132,048 PHP) val_profit=0.444502 (+44,450 PHP) | train_geo=1.783597 (+178,360 PHP) val_geo=0.481009 (+48,101 PHP)
Epoch 044/50 | [MSE] train_loss=0.000404 val_loss=0.000336 | train_profit=1.738221 (+173,822 PHP) val_profit=0.223037 (+22,304 PHP) | train_geo=3.230565 (+323,056 PHP) val_geo=0.186243 (+18,624 PHP)
Epoch 045/50 | [MSE] train_loss=0.000402 val_loss=0.000336 | train_profit=1.940662 (+194,066 PHP) val_profit=0.338781 (+33,878 PHP) | train_geo=4.185614 (+418,561 PHP) val_geo=0.332205 (+33,221 PHP)
Epoch 046/50 | [MSE] train_loss=0.000402 val_loss=0.000337 | train_profit=1.941766 (+194,177 PHP) val_profit=0.323366 (+32,337 PHP) | train_geo=4.187904 (+418,790 PHP) val_geo=0.311792 (+31,179 PHP)
Epoch 047/50 | [MSE] train_loss=0.000403 val_loss=0.000336 | train_profit=1.307803 (+130,780 PHP) val_profit=0.338886 (+33,889 PHP) | train_geo=1.751015 (+175,101 PHP) val_geo=0.332270 (+33,227 PHP)
Epoch 048/50 | [MSE] train_loss=0.000403 val_loss=0.000336 | train_profit=2.582693 (+258,269 PHP) val_profit=0.408260 (+40,826 PHP) | train_geo=8.859164 (+885,916 PHP) val_geo=0.428132 (+42,813 PHP)
Epoch 049/50 | [MSE] train_loss=0.000401 val_loss=0.000336 | train_profit=1.910736 (+191,074 PHP) val_profit=0.316884 (+31,688 PHP) | train_geo=4.024460 (+402,446 PHP) val_geo=0.303225 (+30,323 PHP)
Epoch 050/50 | [MSE] train_loss=0.000404 val_loss=0.000336 | train_profit=1.689342 (+168,934 PHP) val_profit=0.439937 (+43,994 PHP) | train_geo=3.028922 (+302,892 PHP) val_geo=0.474267 (+47,427 PHP)
[24/37] PSE:BPI    (mid   ) mse           dir_acc=0.503 cum_ret=+0.3000 geo_ret=+0.2574 sharpe=+0.712 (buy&hold=-0.2453 always_short=+0.1459)
  [4.0s total]
Epoch 001/50 | train_loss=0.001920 val_loss=0.001233 | train_profit=-0.889035 (-88,904 PHP) val_profit=0.055798 (+5,580 PHP) | train_geo=-0.694768 (-69,477 PHP) val_geo=0.003767 (+377 PHP)
Epoch 002/50 | train_loss=0.000256 val_loss=0.000221 | train_profit=1.089027 (+108,903 PHP) val_profit=0.046133 (+4,613 PHP) | train_geo=1.212052 (+121,205 PHP) val_geo=-0.005862 (-586 PHP)
Epoch 003/50 | train_loss=0.000627 val_loss=0.000362 | train_profit=-0.071889 (-7,189 PHP) val_profit=0.005860 (+586 PHP) | train_geo=-0.307369 (-30,737 PHP) val_geo=-0.045208 (-4,521 PHP)
Epoch 004/50 | train_loss=0.000166 val_loss=0.000050 | train_profit=-0.075170 (-7,517 PHP) val_profit=0.299657 (+29,966 PHP) | train_geo=-0.310756 (-31,076 PHP) val_geo=0.281145 (+28,115 PHP)
Epoch 005/50 | train_loss=0.000524 val_loss=-0.000101 | train_profit=-0.663802 (-66,380 PHP) val_profit=0.122257 (+12,226 PHP) | train_geo=-0.617824 (-61,782 PHP) val_geo=0.072924 (+7,292 PHP)
Epoch 006/50 | train_loss=0.000090 val_loss=0.000045 | train_profit=0.244642 (+24,464 PHP) val_profit=0.260633 (+26,063 PHP) | train_geo=-0.048669 (-4,867 PHP) val_geo=0.232053 (+23,205 PHP)
Epoch 007/50 | train_loss=0.000557 val_loss=-0.000113 | train_profit=-0.525324 (-52,532 PHP) val_profit=0.097889 (+9,789 PHP) | train_geo=-0.560918 (-56,092 PHP) val_geo=0.046901 (+4,690 PHP)
Epoch 008/50 | train_loss=0.000171 val_loss=-0.000183 | train_profit=-0.435761 (-43,576 PHP) val_profit=0.258674 (+25,867 PHP) | train_geo=-0.519262 (-51,926 PHP) val_geo=0.229631 (+22,963 PHP)
Epoch 009/50 | train_loss=0.000390 val_loss=0.000030 | train_profit=-0.203072 (-20,307 PHP) val_profit=0.042246 (+4,225 PHP) | train_geo=-0.394000 (-39,400 PHP) val_geo=-0.009732 (-973 PHP)
Epoch 010/50 | train_loss=-0.000048 val_loss=-0.000141 | train_profit=0.583973 (+58,397 PHP) val_profit=0.271845 (+27,184 PHP) | train_geo=0.334301 (+33,430 PHP) val_geo=0.246020 (+24,602 PHP)
Epoch 011/50 | train_loss=0.000404 val_loss=-0.000048 | train_profit=-0.405950 (-40,595 PHP) val_profit=0.294334 (+29,433 PHP) | train_geo=-0.505164 (-50,516 PHP) val_geo=0.274634 (+27,463 PHP)
Epoch 012/50 | train_loss=0.000023 val_loss=-0.000082 | train_profit=0.146600 (+14,660 PHP) val_profit=0.062201 (+6,220 PHP) | train_geo=-0.138994 (-13,899 PHP) val_geo=0.010267 (+1,027 PHP)
Epoch 013/50 | train_loss=0.000001 val_loss=-0.000086 | train_profit=0.559413 (+55,941 PHP) val_profit=0.129843 (+12,984 PHP) | train_geo=0.301476 (+30,148 PHP) val_geo=0.080795 (+8,079 PHP)
Epoch 014/50 | train_loss=-0.000110 val_loss=-0.000082 | train_profit=0.275790 (+27,579 PHP) val_profit=0.150465 (+15,046 PHP) | train_geo=-0.020818 (-2,082 PHP) val_geo=0.103441 (+10,344 PHP)
Epoch 015/50 | train_loss=-0.000109 val_loss=0.000094 | train_profit=0.492705 (+49,271 PHP) val_profit=0.277177 (+27,718 PHP) | train_geo=0.216881 (+21,688 PHP) val_geo=0.252861 (+25,286 PHP)
Epoch 016/50 | train_loss=-0.000199 val_loss=-0.000117 | train_profit=1.120423 (+112,042 PHP) val_profit=0.269093 (+26,909 PHP) | train_geo=1.284448 (+128,445 PHP) val_geo=0.242718 (+24,272 PHP)
Epoch 017/50 | train_loss=0.000015 val_loss=0.000347 | train_profit=0.433241 (+43,324 PHP) val_profit=-0.008418 (-842 PHP) | train_geo=0.146888 (+14,689 PHP) val_geo=-0.058936 (-5,894 PHP)
Epoch 018/50 | train_loss=-0.000324 val_loss=-0.000008 | train_profit=1.294191 (+129,419 PHP) val_profit=0.406359 (+40,636 PHP) | train_geo=1.716541 (+171,654 PHP) val_geo=0.425802 (+42,580 PHP)
Epoch 019/50 | train_loss=-0.000391 val_loss=-0.000170 | train_profit=1.610810 (+161,081 PHP) val_profit=0.230234 (+23,023 PHP) | train_geo=2.731642 (+273,164 PHP) val_geo=0.195218 (+19,522 PHP)
Epoch 020/50 | train_loss=-0.000135 val_loss=0.000155 | train_profit=0.562779 (+56,278 PHP) val_profit=-0.026455 (-2,646 PHP) | train_geo=0.306487 (+30,649 PHP) val_geo=-0.075716 (-7,572 PHP)
Epoch 021/50 | train_loss=-0.000454 val_loss=-0.000056 | train_profit=1.577420 (+157,742 PHP) val_profit=0.213874 (+21,387 PHP) | train_geo=2.608267 (+260,827 PHP) val_geo=0.175874 (+17,587 PHP)
Epoch 022/50 | train_loss=-0.000189 val_loss=0.000130 | train_profit=1.154359 (+115,436 PHP) val_profit=0.259002 (+25,900 PHP) | train_geo=1.361542 (+136,154 PHP) val_geo=0.229866 (+22,987 PHP)
Epoch 023/50 | train_loss=-0.000705 val_loss=0.000360 | train_profit=2.314746 (+231,475 PHP) val_profit=-0.060605 (-6,060 PHP) | train_geo=6.549362 (+654,936 PHP) val_geo=-0.106848 (-10,685 PHP)
Epoch 024/50 | train_loss=-0.000140 val_loss=-0.000006 | train_profit=0.912766 (+91,277 PHP) val_profit=0.390395 (+39,039 PHP) | train_geo=0.853797 (+85,380 PHP) val_geo=0.403115 (+40,311 PHP)
Epoch 025/50 | train_loss=-0.000712 val_loss=0.000300 | train_profit=1.844104 (+184,410 PHP) val_profit=-0.103930 (-10,393 PHP) | train_geo=3.711125 (+371,112 PHP) val_geo=-0.144816 (-14,482 PHP)
Epoch 026/50 | train_loss=-0.000314 val_loss=0.000139 | train_profit=1.443092 (+144,309 PHP) val_profit=0.088424 (+8,842 PHP) | train_geo=2.152857 (+215,286 PHP) val_geo=0.037002 (+3,700 PHP)
Epoch 027/50 | train_loss=-0.000740 val_loss=0.000253 | train_profit=2.407889 (+240,789 PHP) val_profit=-0.110702 (-11,070 PHP) | train_geo=7.281955 (+728,196 PHP) val_geo=-0.150695 (-15,069 PHP)
Epoch 028/50 | train_loss=-0.000702 val_loss=0.000016 | train_profit=2.438443 (+243,844 PHP) val_profit=0.101491 (+10,149 PHP) | train_geo=7.538449 (+753,845 PHP) val_geo=0.050434 (+5,043 PHP)
Epoch 029/50 | train_loss=-0.000719 val_loss=0.000195 | train_profit=2.179334 (+217,933 PHP) val_profit=0.136020 (+13,602 PHP) | train_geo=5.584053 (+558,405 PHP) val_geo=0.087408 (+8,741 PHP)
Epoch 030/50 | train_loss=-0.000780 val_loss=0.000210 | train_profit=2.337514 (+233,751 PHP) val_profit=-0.040836 (-4,084 PHP) | train_geo=6.723854 (+672,385 PHP) val_geo=-0.089005 (-8,901 PHP)
Epoch 031/50 | train_loss=-0.000633 val_loss=0.000446 | train_profit=2.091870 (+209,187 PHP) val_profit=-0.068650 (-6,865 PHP) | train_geo=5.040740 (+504,074 PHP) val_geo=-0.114064 (-11,406 PHP)
Epoch 032/50 | train_loss=-0.000649 val_loss=0.000468 | train_profit=2.062896 (+206,290 PHP) val_profit=0.034355 (+3,435 PHP) | train_geo=4.858373 (+485,837 PHP) val_geo=-0.017816 (-1,782 PHP)
Epoch 033/50 | train_loss=-0.000854 val_loss=0.000362 | train_profit=2.397881 (+239,788 PHP) val_profit=-0.187296 (-18,730 PHP) | train_geo=7.202569 (+720,257 PHP) val_geo=-0.213217 (-21,322 PHP)
Epoch 034/50 | train_loss=-0.000957 val_loss=0.000453 | train_profit=2.892879 (+289,288 PHP) val_profit=-0.069537 (-6,954 PHP) | train_geo=12.470719 (+1,247,072 PHP) val_geo=-0.115065 (-11,507 PHP)
Epoch 035/50 | train_loss=-0.001112 val_loss=0.000438 | train_profit=2.936197 (+293,620 PHP) val_profit=-0.017547 (-1,755 PHP) | train_geo=13.058159 (+1,305,816 PHP) val_geo=-0.067492 (-6,749 PHP)
Epoch 036/50 | train_loss=-0.001332 val_loss=0.000302 | train_profit=3.315405 (+331,541 PHP) val_profit=-0.115324 (-11,532 PHP) | train_geo=19.544161 (+1,954,416 PHP) val_geo=-0.154623 (-15,462 PHP)
Epoch 037/50 | train_loss=-0.001338 val_loss=0.000476 | train_profit=3.586024 (+358,602 PHP) val_profit=-0.164573 (-16,457 PHP) | train_geo=25.958078 (+2,595,808 PHP) val_geo=-0.195445 (-19,544 PHP)
Epoch 038/50 | train_loss=-0.001473 val_loss=0.000705 | train_profit=4.199985 (+419,999 PHP) val_profit=-0.230023 (-23,002 PHP) | train_geo=48.836266 (+4,883,626 PHP) val_geo=-0.246397 (-24,640 PHP)
Epoch 039/50 | train_loss=-0.001433 val_loss=0.000602 | train_profit=3.413935 (+341,394 PHP) val_profit=-0.081106 (-8,111 PHP) | train_geo=21.674879 (+2,167,488 PHP) val_geo=-0.125305 (-12,530 PHP)
Epoch 040/50 | train_loss=-0.001581 val_loss=0.000500 | train_profit=3.938352 (+393,835 PHP) val_profit=-0.179569 (-17,957 PHP) | train_geo=37.340172 (+3,734,017 PHP) val_geo=-0.207373 (-20,737 PHP)
Epoch 041/50 | train_loss=-0.001377 val_loss=0.000475 | train_profit=3.273151 (+327,315 PHP) val_profit=-0.235828 (-23,583 PHP) | train_geo=18.701616 (+1,870,162 PHP) val_geo=-0.250784 (-25,078 PHP)
Epoch 042/50 | train_loss=-0.001271 val_loss=0.000629 | train_profit=3.280655 (+328,066 PHP) val_profit=0.093969 (+9,397 PHP) | train_geo=18.839993 (+1,883,999 PHP) val_geo=0.042533 (+4,253 PHP)
Epoch 043/50 | train_loss=-0.001661 val_loss=0.000403 | train_profit=3.425040 (+342,504 PHP) val_profit=-0.265990 (-26,599 PHP) | train_geo=21.906685 (+2,190,668 PHP) val_geo=-0.272731 (-27,273 PHP)
Epoch 044/50 | train_loss=-0.001376 val_loss=0.000747 | train_profit=3.548355 (+354,835 PHP) val_profit=-0.303795 (-30,379 PHP) | train_geo=24.916470 (+2,491,647 PHP) val_geo=-0.299873 (-29,987 PHP)
Epoch 045/50 | train_loss=-0.001562 val_loss=0.000297 | train_profit=3.709928 (+370,993 PHP) val_profit=-0.101455 (-10,146 PHP) | train_geo=29.475401 (+2,947,540 PHP) val_geo=-0.142682 (-14,268 PHP)
Epoch 046/50 | train_loss=-0.001684 val_loss=0.000495 | train_profit=3.755105 (+375,511 PHP) val_profit=0.018263 (+1,826 PHP) | train_geo=30.882887 (+3,088,289 PHP) val_geo=-0.033539 (-3,354 PHP)
Epoch 047/50 | train_loss=-0.001635 val_loss=0.000612 | train_profit=3.640726 (+364,073 PHP) val_profit=-0.197835 (-19,783 PHP) | train_geo=27.458014 (+2,745,801 PHP) val_geo=-0.221661 (-22,166 PHP)
Epoch 048/50 | train_loss=-0.001440 val_loss=0.000419 | train_profit=3.857908 (+385,791 PHP) val_profit=0.333332 (+33,333 PHP) | train_geo=34.364124 (+3,436,412 PHP) val_geo=0.324996 (+32,500 PHP)
Epoch 049/50 | train_loss=-0.001946 val_loss=0.000428 | train_profit=4.242953 (+424,295 PHP) val_profit=0.014528 (+1,453 PHP) | train_geo=50.988472 (+5,098,847 PHP) val_geo=-0.037065 (-3,706 PHP)
Epoch 050/50 | train_loss=-0.001770 val_loss=0.000482 | train_profit=4.143579 (+414,358 PHP) val_profit=-0.038558 (-3,856 PHP) | train_geo=46.029671 (+4,602,967 PHP) val_geo=-0.087019 (-8,702 PHP)
[24/37] PSE:BPI    (mid   ) profit-aware  dir_acc=0.535 cum_ret=+0.3335 geo_ret=+0.2997 sharpe=+0.795 (buy&hold=-0.2453 always_short=+0.1459)
  [5.1s total]
Epoch 001/50 | [MSE] train_loss=0.000778 val_loss=0.000457 | train_profit=-1.525267 (-152,527 PHP) val_profit=-0.307981 (-30,798 PHP) | train_geo=-0.847427 (-84,743 PHP) val_geo=-0.312190 (-31,219 PHP)
Epoch 002/50 | [MSE] train_loss=0.000535 val_loss=0.000426 | train_profit=-0.503575 (-50,358 PHP) val_profit=0.019293 (+1,929 PHP) | train_geo=-0.574955 (-57,495 PHP) val_geo=-0.045487 (-4,549 PHP)
Epoch 003/50 | [MSE] train_loss=0.000505 val_loss=0.000424 | train_profit=-0.219220 (-21,922 PHP) val_profit=-0.023728 (-2,373 PHP) | train_geo=-0.431714 (-43,171 PHP) val_geo=-0.085372 (-8,537 PHP)
Epoch 004/50 | [MSE] train_loss=0.000505 val_loss=0.000428 | train_profit=-1.065712 (-106,571 PHP) val_profit=-0.056597 (-5,660 PHP) | train_geo=-0.755958 (-75,596 PHP) val_geo=-0.114982 (-11,498 PHP)
Epoch 005/50 | [MSE] train_loss=0.000501 val_loss=0.000428 | train_profit=-1.714515 (-171,452 PHP) val_profit=0.113084 (+11,308 PHP) | train_geo=-0.872907 (-87,291 PHP) val_geo=0.049007 (+4,901 PHP)
Epoch 006/50 | [MSE] train_loss=0.000488 val_loss=0.000428 | train_profit=-0.832310 (-83,231 PHP) val_profit=0.034390 (+3,439 PHP) | train_geo=-0.693123 (-69,312 PHP) val_geo=-0.030651 (-3,065 PHP)
Epoch 007/50 | [MSE] train_loss=0.000486 val_loss=0.000422 | train_profit=-1.755850 (-175,585 PHP) val_profit=-0.025322 (-2,532 PHP) | train_geo=-0.878411 (-87,841 PHP) val_geo=-0.086917 (-8,692 PHP)
Epoch 008/50 | [MSE] train_loss=0.000487 val_loss=0.000425 | train_profit=-1.100460 (-110,046 PHP) val_profit=0.055833 (+5,583 PHP) | train_geo=-0.765580 (-76,558 PHP) val_geo=-0.009600 (-960 PHP)
Epoch 009/50 | [MSE] train_loss=0.000482 val_loss=0.000426 | train_profit=-1.307270 (-130,727 PHP) val_profit=0.135194 (+13,519 PHP) | train_geo=-0.809450 (-80,945 PHP) val_geo=0.072222 (+7,222 PHP)
Epoch 010/50 | [MSE] train_loss=0.000488 val_loss=0.000424 | train_profit=-2.055210 (-205,521 PHP) val_profit=0.008726 (+873 PHP) | train_geo=-0.910207 (-91,021 PHP) val_geo=-0.055148 (-5,515 PHP)
Epoch 011/50 | [MSE] train_loss=0.000484 val_loss=0.000428 | train_profit=-1.390814 (-139,081 PHP) val_profit=0.135194 (+13,519 PHP) | train_geo=-0.825280 (-82,528 PHP) val_geo=0.072222 (+7,222 PHP)
Epoch 012/50 | [MSE] train_loss=0.000480 val_loss=0.000427 | train_profit=-0.296921 (-29,692 PHP) val_profit=0.135194 (+13,519 PHP) | train_geo=-0.475438 (-47,544 PHP) val_geo=0.072222 (+7,222 PHP)
Epoch 013/50 | [MSE] train_loss=0.000477 val_loss=0.000426 | train_profit=-0.468790 (-46,879 PHP) val_profit=0.135194 (+13,519 PHP) | train_geo=-0.559590 (-55,959 PHP) val_geo=0.072222 (+7,222 PHP)
Epoch 014/50 | [MSE] train_loss=0.000481 val_loss=0.000424 | train_profit=-0.976657 (-97,666 PHP) val_profit=0.135194 (+13,519 PHP) | train_geo=-0.734696 (-73,470 PHP) val_geo=0.072222 (+7,222 PHP)
Epoch 015/50 | [MSE] train_loss=0.000480 val_loss=0.000424 | train_profit=-0.281968 (-28,197 PHP) val_profit=0.135194 (+13,519 PHP) | train_geo=-0.467759 (-46,776 PHP) val_geo=0.072222 (+7,222 PHP)
Epoch 016/50 | [MSE] train_loss=0.000481 val_loss=0.000425 | train_profit=-0.035047 (-3,505 PHP) val_profit=0.135194 (+13,519 PHP) | train_geo=-0.321951 (-32,195 PHP) val_geo=0.072222 (+7,222 PHP)
Epoch 017/50 | [MSE] train_loss=0.000482 val_loss=0.000427 | train_profit=-0.484624 (-48,462 PHP) val_profit=0.135194 (+13,519 PHP) | train_geo=-0.565133 (-56,513 PHP) val_geo=0.072222 (+7,222 PHP)
Epoch 018/50 | [MSE] train_loss=0.000478 val_loss=0.000426 | train_profit=-0.445522 (-44,552 PHP) val_profit=0.135194 (+13,519 PHP) | train_geo=-0.548389 (-54,839 PHP) val_geo=0.072222 (+7,222 PHP)
Epoch 019/50 | [MSE] train_loss=0.000483 val_loss=0.000424 | train_profit=-0.882604 (-88,260 PHP) val_profit=0.135194 (+13,519 PHP) | train_geo=-0.708889 (-70,889 PHP) val_geo=0.072222 (+7,222 PHP)
Epoch 020/50 | [MSE] train_loss=0.000477 val_loss=0.000425 | train_profit=0.025081 (+2,508 PHP) val_profit=0.135194 (+13,519 PHP) | train_geo=-0.276248 (-27,625 PHP) val_geo=0.072222 (+7,222 PHP)
Epoch 021/50 | [MSE] train_loss=0.000480 val_loss=0.000424 | train_profit=-0.303090 (-30,309 PHP) val_profit=0.135194 (+13,519 PHP) | train_geo=-0.478793 (-47,879 PHP) val_geo=0.072222 (+7,222 PHP)
Epoch 022/50 | [MSE] train_loss=0.000479 val_loss=0.000423 | train_profit=-0.468424 (-46,842 PHP) val_profit=0.135194 (+13,519 PHP) | train_geo=-0.558733 (-55,873 PHP) val_geo=0.072222 (+7,222 PHP)
Epoch 023/50 | [MSE] train_loss=0.000480 val_loss=0.000426 | train_profit=-0.461255 (-46,125 PHP) val_profit=0.135194 (+13,519 PHP) | train_geo=-0.555451 (-55,545 PHP) val_geo=0.072222 (+7,222 PHP)
Epoch 024/50 | [MSE] train_loss=0.000479 val_loss=0.000427 | train_profit=-0.583428 (-58,343 PHP) val_profit=0.135194 (+13,519 PHP) | train_geo=-0.607305 (-60,730 PHP) val_geo=0.072222 (+7,222 PHP)
Epoch 025/50 | [MSE] train_loss=0.000478 val_loss=0.000424 | train_profit=0.128333 (+12,833 PHP) val_profit=0.135194 (+13,519 PHP) | train_geo=-0.196573 (-19,657 PHP) val_geo=0.072222 (+7,222 PHP)
Epoch 026/50 | [MSE] train_loss=0.000481 val_loss=0.000423 | train_profit=-1.435748 (-143,575 PHP) val_profit=0.135142 (+13,514 PHP) | train_geo=-0.832750 (-83,275 PHP) val_geo=0.072182 (+7,218 PHP)
Epoch 027/50 | [MSE] train_loss=0.000479 val_loss=0.000424 | train_profit=0.122882 (+12,288 PHP) val_profit=0.135142 (+13,514 PHP) | train_geo=-0.203082 (-20,308 PHP) val_geo=0.072182 (+7,218 PHP)
Epoch 028/50 | [MSE] train_loss=0.000480 val_loss=0.000424 | train_profit=0.382693 (+38,269 PHP) val_profit=0.135194 (+13,519 PHP) | train_geo=0.034386 (+3,439 PHP) val_geo=0.072222 (+7,222 PHP)
Epoch 029/50 | [MSE] train_loss=0.000478 val_loss=0.000424 | train_profit=-0.443436 (-44,344 PHP) val_profit=0.135194 (+13,519 PHP) | train_geo=-0.547517 (-54,752 PHP) val_geo=0.072222 (+7,222 PHP)
Epoch 030/50 | [MSE] train_loss=0.000477 val_loss=0.000425 | train_profit=0.415557 (+41,556 PHP) val_profit=0.135194 (+13,519 PHP) | train_geo=0.068714 (+6,871 PHP) val_geo=0.072222 (+7,222 PHP)
Epoch 031/50 | [MSE] train_loss=0.000477 val_loss=0.000422 | train_profit=0.235741 (+23,574 PHP) val_profit=0.135142 (+13,514 PHP) | train_geo=-0.105533 (-10,553 PHP) val_geo=0.072182 (+7,218 PHP)
Epoch 032/50 | [MSE] train_loss=0.000479 val_loss=0.000423 | train_profit=-0.876995 (-87,700 PHP) val_profit=0.135142 (+13,514 PHP) | train_geo=-0.707129 (-70,713 PHP) val_geo=0.072182 (+7,218 PHP)
Epoch 033/50 | [MSE] train_loss=0.000479 val_loss=0.000423 | train_profit=0.185938 (+18,594 PHP) val_profit=0.135194 (+13,519 PHP) | train_geo=-0.150551 (-15,055 PHP) val_geo=0.072222 (+7,222 PHP)
Epoch 034/50 | [MSE] train_loss=0.000474 val_loss=0.000422 | train_profit=0.133412 (+13,341 PHP) val_profit=0.135142 (+13,514 PHP) | train_geo=-0.192784 (-19,278 PHP) val_geo=0.072182 (+7,218 PHP)
Epoch 035/50 | [MSE] train_loss=0.000478 val_loss=0.000423 | train_profit=-0.171528 (-17,153 PHP) val_profit=0.135142 (+13,514 PHP) | train_geo=-0.406452 (-40,645 PHP) val_geo=0.072182 (+7,218 PHP)
Epoch 036/50 | [MSE] train_loss=0.000477 val_loss=0.000423 | train_profit=0.829930 (+82,993 PHP) val_profit=0.135142 (+13,514 PHP) | train_geo=0.619667 (+61,967 PHP) val_geo=0.072182 (+7,218 PHP)
Epoch 037/50 | [MSE] train_loss=0.000478 val_loss=0.000423 | train_profit=-0.458873 (-45,887 PHP) val_profit=0.135142 (+13,514 PHP) | train_geo=-0.554643 (-55,464 PHP) val_geo=0.072182 (+7,218 PHP)
Epoch 038/50 | [MSE] train_loss=0.000476 val_loss=0.000422 | train_profit=0.697687 (+69,769 PHP) val_profit=0.139081 (+13,908 PHP) | train_geo=0.417266 (+41,727 PHP) val_geo=0.076415 (+7,641 PHP)
Epoch 039/50 | [MSE] train_loss=0.000476 val_loss=0.000425 | train_profit=0.067787 (+6,779 PHP) val_profit=0.135194 (+13,519 PHP) | train_geo=-0.245920 (-24,592 PHP) val_geo=0.072222 (+7,222 PHP)
Epoch 040/50 | [MSE] train_loss=0.000476 val_loss=0.000420 | train_profit=0.658439 (+65,844 PHP) val_profit=0.116844 (+11,684 PHP) | train_geo=0.365408 (+36,541 PHP) val_geo=0.052703 (+5,270 PHP)
Epoch 041/50 | [MSE] train_loss=0.000477 val_loss=0.000422 | train_profit=-0.509778 (-50,978 PHP) val_profit=0.135142 (+13,514 PHP) | train_geo=-0.576950 (-57,695 PHP) val_geo=0.072182 (+7,218 PHP)
Epoch 042/50 | [MSE] train_loss=0.000476 val_loss=0.000421 | train_profit=0.940484 (+94,048 PHP) val_profit=0.103560 (+10,356 PHP) | train_geo=0.807315 (+80,732 PHP) val_geo=0.038752 (+3,875 PHP)
Epoch 043/50 | [MSE] train_loss=0.000478 val_loss=0.000422 | train_profit=-0.395357 (-39,536 PHP) val_profit=0.139081 (+13,908 PHP) | train_geo=-0.525898 (-52,590 PHP) val_geo=0.076415 (+7,641 PHP)
Epoch 044/50 | [MSE] train_loss=0.000475 val_loss=0.000421 | train_profit=0.762269 (+76,227 PHP) val_profit=0.126928 (+12,693 PHP) | train_geo=0.511250 (+51,125 PHP) val_geo=0.063434 (+6,343 PHP)
Epoch 045/50 | [MSE] train_loss=0.000475 val_loss=0.000420 | train_profit=0.826560 (+82,656 PHP) val_profit=0.126928 (+12,693 PHP) | train_geo=0.615889 (+61,589 PHP) val_geo=0.063434 (+6,343 PHP)
Epoch 046/50 | [MSE] train_loss=0.000476 val_loss=0.000419 | train_profit=0.172994 (+17,299 PHP) val_profit=0.116844 (+11,684 PHP) | train_geo=-0.161393 (-16,139 PHP) val_geo=0.052703 (+5,270 PHP)
Epoch 047/50 | [MSE] train_loss=0.000478 val_loss=0.000421 | train_profit=0.263117 (+26,312 PHP) val_profit=0.103560 (+10,356 PHP) | train_geo=-0.080717 (-8,072 PHP) val_geo=0.038752 (+3,875 PHP)
Epoch 048/50 | [MSE] train_loss=0.000477 val_loss=0.000421 | train_profit=0.024800 (+2,480 PHP) val_profit=0.045744 (+4,574 PHP) | train_geo=-0.277756 (-27,776 PHP) val_geo=-0.019720 (-1,972 PHP)
Epoch 049/50 | [MSE] train_loss=0.000475 val_loss=0.000420 | train_profit=0.076032 (+7,603 PHP) val_profit=0.116844 (+11,684 PHP) | train_geo=-0.242050 (-24,205 PHP) val_geo=0.052703 (+5,270 PHP)
Epoch 050/50 | [MSE] train_loss=0.000473 val_loss=0.000418 | train_profit=1.151946 (+115,195 PHP) val_profit=0.033654 (+3,365 PHP) | train_geo=1.233766 (+123,377 PHP) val_geo=-0.031389 (-3,139 PHP)
[25/37] PSE:BDO    (mid   ) mse           dir_acc=0.471 cum_ret=+0.1361 geo_ret=+0.0613 sharpe=+0.311 (buy&hold=-0.2669 always_short=+0.1675)
  [6.5s total]
Epoch 001/50 | train_loss=0.001479 val_loss=0.001402 | train_profit=-1.170250 (-117,025 PHP) val_profit=-0.278311 (-27,831 PHP) | train_geo=-0.779921 (-77,992 PHP) val_geo=-0.291472 (-29,147 PHP)
Epoch 002/50 | train_loss=0.001728 val_loss=0.000405 | train_profit=-1.723023 (-172,302 PHP) val_profit=-0.137194 (-13,719 PHP) | train_geo=-0.873669 (-87,367 PHP) val_geo=-0.184056 (-18,406 PHP)
Epoch 003/50 | train_loss=0.000392 val_loss=-0.000107 | train_profit=0.789998 (+79,000 PHP) val_profit=0.135194 (+13,519 PHP) | train_geo=0.553358 (+55,336 PHP) val_geo=0.072222 (+7,222 PHP)
Epoch 004/50 | train_loss=0.000475 val_loss=0.000193 | train_profit=-1.012310 (-101,231 PHP) val_profit=0.135194 (+13,519 PHP) | train_geo=-0.744720 (-74,472 PHP) val_geo=0.072222 (+7,222 PHP)
Epoch 005/50 | train_loss=0.000421 val_loss=-0.000121 | train_profit=-0.356276 (-35,628 PHP) val_profit=0.092798 (+9,280 PHP) | train_geo=-0.506645 (-50,665 PHP) val_geo=0.027946 (+2,795 PHP)
Epoch 006/50 | train_loss=0.000463 val_loss=-0.000311 | train_profit=0.670460 (+67,046 PHP) val_profit=0.070499 (+7,050 PHP) | train_geo=0.379353 (+37,935 PHP) val_geo=0.005314 (+531 PHP)
Epoch 007/50 | train_loss=0.000205 val_loss=-0.000219 | train_profit=0.382263 (+38,226 PHP) val_profit=0.135194 (+13,519 PHP) | train_geo=0.033191 (+3,319 PHP) val_geo=0.072222 (+7,222 PHP)
Epoch 008/50 | train_loss=0.000096 val_loss=-0.000162 | train_profit=0.562273 (+56,227 PHP) val_profit=0.135194 (+13,519 PHP) | train_geo=0.237296 (+23,730 PHP) val_geo=0.072222 (+7,222 PHP)
Epoch 009/50 | train_loss=0.000100 val_loss=-0.000172 | train_profit=0.378273 (+37,827 PHP) val_profit=0.135194 (+13,519 PHP) | train_geo=0.029097 (+2,910 PHP) val_geo=0.072222 (+7,222 PHP)
Epoch 010/50 | train_loss=0.000154 val_loss=-0.000199 | train_profit=0.562942 (+56,294 PHP) val_profit=0.135194 (+13,519 PHP) | train_geo=0.238250 (+23,825 PHP) val_geo=0.072222 (+7,222 PHP)
Epoch 011/50 | train_loss=0.000106 val_loss=-0.000118 | train_profit=0.562273 (+56,227 PHP) val_profit=0.135194 (+13,519 PHP) | train_geo=0.237296 (+23,730 PHP) val_geo=0.072222 (+7,222 PHP)
Epoch 012/50 | train_loss=0.000073 val_loss=-0.000184 | train_profit=0.580906 (+58,091 PHP) val_profit=0.135194 (+13,519 PHP) | train_geo=0.261038 (+26,104 PHP) val_geo=0.072222 (+7,222 PHP)
Epoch 013/50 | train_loss=0.000166 val_loss=-0.000266 | train_profit=0.546339 (+54,634 PHP) val_profit=0.135194 (+13,519 PHP) | train_geo=0.218088 (+21,809 PHP) val_geo=0.072222 (+7,222 PHP)
Epoch 014/50 | train_loss=0.000133 val_loss=-0.000203 | train_profit=0.572035 (+57,203 PHP) val_profit=0.135194 (+13,519 PHP) | train_geo=0.249406 (+24,941 PHP) val_geo=0.072222 (+7,222 PHP)
Epoch 015/50 | train_loss=0.000106 val_loss=-0.000189 | train_profit=0.562273 (+56,227 PHP) val_profit=0.135194 (+13,519 PHP) | train_geo=0.237296 (+23,730 PHP) val_geo=0.072222 (+7,222 PHP)
Epoch 016/50 | train_loss=0.000117 val_loss=-0.000188 | train_profit=0.568644 (+56,864 PHP) val_profit=0.135194 (+13,519 PHP) | train_geo=0.245241 (+24,524 PHP) val_geo=0.072222 (+7,222 PHP)
Epoch 017/50 | train_loss=0.000141 val_loss=-0.000200 | train_profit=0.574163 (+57,416 PHP) val_profit=0.135194 (+13,519 PHP) | train_geo=0.252204 (+25,220 PHP) val_geo=0.072222 (+7,222 PHP)
Epoch 018/50 | train_loss=0.000080 val_loss=-0.000221 | train_profit=0.571643 (+57,164 PHP) val_profit=0.135194 (+13,519 PHP) | train_geo=0.249050 (+24,905 PHP) val_geo=0.072222 (+7,222 PHP)
Epoch 019/50 | train_loss=0.000122 val_loss=-0.000192 | train_profit=0.574083 (+57,408 PHP) val_profit=0.135194 (+13,519 PHP) | train_geo=0.252069 (+25,207 PHP) val_geo=0.072222 (+7,222 PHP)
Epoch 020/50 | train_loss=0.000039 val_loss=-0.000226 | train_profit=0.636674 (+63,667 PHP) val_profit=0.135194 (+13,519 PHP) | train_geo=0.333361 (+33,336 PHP) val_geo=0.072222 (+7,222 PHP)
Epoch 021/50 | train_loss=0.000107 val_loss=-0.000266 | train_profit=0.612175 (+61,218 PHP) val_profit=0.135194 (+13,519 PHP) | train_geo=0.300931 (+30,093 PHP) val_geo=0.072222 (+7,222 PHP)
Epoch 022/50 | train_loss=0.000066 val_loss=-0.000292 | train_profit=0.534467 (+53,447 PHP) val_profit=0.135194 (+13,519 PHP) | train_geo=0.203269 (+20,327 PHP) val_geo=0.072222 (+7,222 PHP)
Epoch 023/50 | train_loss=0.000113 val_loss=-0.000291 | train_profit=0.532803 (+53,280 PHP) val_profit=0.135194 (+13,519 PHP) | train_geo=0.201524 (+20,152 PHP) val_geo=0.072222 (+7,222 PHP)
Epoch 024/50 | train_loss=0.000083 val_loss=-0.000222 | train_profit=0.490924 (+49,092 PHP) val_profit=0.135194 (+13,519 PHP) | train_geo=0.152096 (+15,210 PHP) val_geo=0.072222 (+7,222 PHP)
Epoch 025/50 | train_loss=0.000038 val_loss=-0.000232 | train_profit=0.541792 (+54,179 PHP) val_profit=0.135194 (+13,519 PHP) | train_geo=0.212328 (+21,233 PHP) val_geo=0.072222 (+7,222 PHP)
Epoch 026/50 | train_loss=0.000121 val_loss=-0.000254 | train_profit=0.292403 (+29,240 PHP) val_profit=0.106892 (+10,689 PHP) | train_geo=-0.055697 (-5,570 PHP) val_geo=0.042310 (+4,231 PHP)
Epoch 027/50 | train_loss=0.000127 val_loss=-0.000355 | train_profit=0.653071 (+65,307 PHP) val_profit=0.101430 (+10,143 PHP) | train_geo=0.355211 (+35,521 PHP) val_geo=0.036643 (+3,664 PHP)
Epoch 028/50 | train_loss=0.000003 val_loss=-0.000339 | train_profit=0.627106 (+62,711 PHP) val_profit=0.148426 (+14,843 PHP) | train_geo=0.320316 (+32,032 PHP) val_geo=0.086581 (+8,658 PHP)
Epoch 029/50 | train_loss=0.000072 val_loss=-0.000342 | train_profit=0.604010 (+60,401 PHP) val_profit=0.148426 (+14,843 PHP) | train_geo=0.290191 (+29,019 PHP) val_geo=0.086581 (+8,658 PHP)
Epoch 030/50 | train_loss=-0.000001 val_loss=-0.000446 | train_profit=0.659584 (+65,958 PHP) val_profit=-0.007577 (-758 PHP) | train_geo=0.363836 (+36,384 PHP) val_geo=-0.070495 (-7,050 PHP)
Epoch 031/50 | train_loss=0.000073 val_loss=-0.000490 | train_profit=0.952970 (+95,297 PHP) val_profit=0.184575 (+18,457 PHP) | train_geo=0.829427 (+82,943 PHP) val_geo=0.126670 (+12,667 PHP)
Epoch 032/50 | train_loss=0.000027 val_loss=-0.000484 | train_profit=0.846257 (+84,626 PHP) val_profit=0.184575 (+18,457 PHP) | train_geo=0.644695 (+64,470 PHP) val_geo=0.126670 (+12,667 PHP)
Epoch 033/50 | train_loss=-0.000040 val_loss=-0.000428 | train_profit=0.830142 (+83,014 PHP) val_profit=-0.052291 (-5,229 PHP) | train_geo=0.620160 (+62,016 PHP) val_geo=-0.111162 (-11,116 PHP)
Epoch 034/50 | train_loss=-0.000134 val_loss=-0.000464 | train_profit=1.209109 (+120,911 PHP) val_profit=0.017916 (+1,792 PHP) | train_geo=1.367128 (+136,713 PHP) val_geo=-0.046622 (-4,662 PHP)
Epoch 035/50 | train_loss=0.000013 val_loss=-0.000750 | train_profit=1.322910 (+132,291 PHP) val_profit=-0.237351 (-23,735 PHP) | train_geo=1.653534 (+165,353 PHP) val_geo=-0.261685 (-26,168 PHP)
Epoch 036/50 | train_loss=-0.000075 val_loss=-0.000683 | train_profit=0.884455 (+88,445 PHP) val_profit=0.138011 (+13,801 PHP) | train_geo=0.709576 (+70,958 PHP) val_geo=0.074966 (+7,497 PHP)
Epoch 037/50 | train_loss=-0.000193 val_loss=-0.000516 | train_profit=0.970947 (+97,095 PHP) val_profit=-0.023877 (-2,388 PHP) | train_geo=0.863613 (+86,361 PHP) val_geo=-0.085784 (-8,578 PHP)
Epoch 038/50 | train_loss=-0.000132 val_loss=-0.000540 | train_profit=1.220261 (+122,026 PHP) val_profit=0.179106 (+17,911 PHP) | train_geo=1.392556 (+139,256 PHP) val_geo=0.120414 (+12,041 PHP)
Epoch 039/50 | train_loss=-0.000061 val_loss=-0.000964 | train_profit=1.053679 (+105,368 PHP) val_profit=0.336215 (+33,621 PHP) | train_geo=1.024969 (+102,497 PHP) val_geo=0.311025 (+31,102 PHP)
Epoch 040/50 | train_loss=-0.000152 val_loss=-0.000948 | train_profit=1.263284 (+126,328 PHP) val_profit=0.335493 (+33,549 PHP) | train_geo=1.498973 (+149,897 PHP) val_geo=0.310352 (+31,035 PHP)
Epoch 041/50 | train_loss=-0.000094 val_loss=-0.000171 | train_profit=0.508762 (+50,876 PHP) val_profit=0.068291 (+6,829 PHP) | train_geo=0.170958 (+17,096 PHP) val_geo=0.002901 (+290 PHP)
Epoch 042/50 | train_loss=-0.000234 val_loss=-0.000447 | train_profit=1.772653 (+177,265 PHP) val_profit=0.000695 (+70 PHP) | train_geo=3.161792 (+316,179 PHP) val_geo=-0.063028 (-6,303 PHP)
Epoch 043/50 | train_loss=0.000205 val_loss=-0.001023 | train_profit=0.474781 (+47,478 PHP) val_profit=0.508376 (+50,838 PHP) | train_geo=0.133191 (+13,319 PHP) val_geo=0.557386 (+55,739 PHP)
Epoch 044/50 | train_loss=-0.000254 val_loss=-0.000641 | train_profit=0.812184 (+81,218 PHP) val_profit=0.116932 (+11,693 PHP) | train_geo=0.589457 (+58,946 PHP) val_geo=0.052733 (+5,273 PHP)
Epoch 045/50 | train_loss=-0.000434 val_loss=-0.000554 | train_profit=1.580317 (+158,032 PHP) val_profit=0.088191 (+8,819 PHP) | train_geo=2.431203 (+243,120 PHP) val_geo=0.022654 (+2,265 PHP)
Epoch 046/50 | train_loss=-0.000185 val_loss=-0.001116 | train_profit=1.352308 (+135,231 PHP) val_profit=0.653235 (+65,324 PHP) | train_geo=1.731717 (+173,172 PHP) val_geo=0.801003 (+80,100 PHP)
Epoch 047/50 | train_loss=-0.000172 val_loss=-0.000661 | train_profit=0.847600 (+84,760 PHP) val_profit=0.205058 (+20,506 PHP) | train_geo=0.647055 (+64,705 PHP) val_geo=0.149686 (+14,969 PHP)
Epoch 048/50 | train_loss=-0.000477 val_loss=-0.000569 | train_profit=1.753166 (+175,317 PHP) val_profit=-0.019310 (-1,931 PHP) | train_geo=3.082356 (+308,236 PHP) val_geo=-0.081672 (-8,167 PHP)
Epoch 049/50 | train_loss=-0.000220 val_loss=-0.000952 | train_profit=1.729845 (+172,984 PHP) val_profit=0.263043 (+26,304 PHP) | train_geo=2.983451 (+298,345 PHP) val_geo=0.218620 (+21,862 PHP)
Epoch 050/50 | train_loss=-0.000367 val_loss=-0.000963 | train_profit=1.314494 (+131,449 PHP) val_profit=0.320180 (+32,018 PHP) | train_geo=1.629116 (+162,912 PHP) val_geo=0.290453 (+29,045 PHP)
[25/37] PSE:BDO    (mid   ) profit-aware  dir_acc=0.513 cum_ret=+0.2588 geo_ret=+0.1999 sharpe=+0.592 (buy&hold=-0.2669 always_short=+0.1675)
  [9.2s total]
Epoch 001/50 | [MSE] train_loss=0.000696 val_loss=0.000226 | train_profit=-0.107108 (-10,711 PHP) val_profit=-0.285363 (-28,536 PHP) | train_geo=-0.356670 (-35,667 PHP) val_geo=-0.272305 (-27,231 PHP)
Epoch 002/50 | [MSE] train_loss=0.000526 val_loss=0.000221 | train_profit=0.013724 (+1,372 PHP) val_profit=-0.368807 (-36,881 PHP) | train_geo=-0.274074 (-27,407 PHP) val_geo=-0.330574 (-33,057 PHP)
Epoch 003/50 | [MSE] train_loss=0.000494 val_loss=0.000231 | train_profit=0.434018 (+43,402 PHP) val_profit=-0.283744 (-28,374 PHP) | train_geo=0.104414 (+10,441 PHP) val_geo=-0.271148 (-27,115 PHP)
Epoch 004/50 | [MSE] train_loss=0.000493 val_loss=0.000231 | train_profit=0.248369 (+24,837 PHP) val_profit=-0.201756 (-20,176 PHP) | train_geo=-0.083012 (-8,301 PHP) val_geo=-0.208784 (-20,878 PHP)
Epoch 005/50 | [MSE] train_loss=0.000479 val_loss=0.000226 | train_profit=0.298799 (+29,880 PHP) val_profit=-0.037767 (-3,777 PHP) | train_geo=-0.036636 (-3,664 PHP) val_geo=-0.067751 (-6,775 PHP)
Epoch 006/50 | [MSE] train_loss=0.000475 val_loss=0.000224 | train_profit=0.598603 (+59,860 PHP) val_profit=0.033594 (+3,359 PHP) | train_geo=0.299414 (+29,941 PHP) val_geo=0.001232 (+123 PHP)
Epoch 007/50 | [MSE] train_loss=0.000470 val_loss=0.000216 | train_profit=-0.497520 (-49,752 PHP) val_profit=-0.088200 (-8,820 PHP) | train_geo=-0.566452 (-56,645 PHP) val_geo=-0.113746 (-11,375 PHP)
Epoch 008/50 | [MSE] train_loss=0.000470 val_loss=0.000218 | train_profit=-0.033088 (-3,309 PHP) val_profit=0.023885 (+2,388 PHP) | train_geo=-0.307333 (-30,733 PHP) val_geo=-0.008485 (-848 PHP)
Epoch 009/50 | [MSE] train_loss=0.000468 val_loss=0.000218 | train_profit=-0.146236 (-14,624 PHP) val_profit=0.023885 (+2,388 PHP) | train_geo=-0.382576 (-38,258 PHP) val_geo=-0.008485 (-848 PHP)
Epoch 010/50 | [MSE] train_loss=0.000467 val_loss=0.000215 | train_profit=-0.197236 (-19,724 PHP) val_profit=-0.149639 (-14,964 PHP) | train_geo=-0.413347 (-41,335 PHP) val_geo=-0.166667 (-16,667 PHP)
Epoch 011/50 | [MSE] train_loss=0.000468 val_loss=0.000217 | train_profit=1.204602 (+120,460 PHP) val_profit=0.040077 (+4,008 PHP) | train_geo=1.389920 (+138,992 PHP) val_geo=0.007747 (+775 PHP)
Epoch 012/50 | [MSE] train_loss=0.000467 val_loss=0.000217 | train_profit=0.157307 (+15,731 PHP) val_profit=0.067264 (+6,726 PHP) | train_geo=-0.163756 (-16,376 PHP) val_geo=0.035619 (+3,562 PHP)
Epoch 013/50 | [MSE] train_loss=0.000464 val_loss=0.000220 | train_profit=0.798844 (+79,884 PHP) val_profit=0.067264 (+6,726 PHP) | train_geo=0.592157 (+59,216 PHP) val_geo=0.035619 (+3,562 PHP)
Epoch 014/50 | [MSE] train_loss=0.000466 val_loss=0.000217 | train_profit=0.507800 (+50,780 PHP) val_profit=-0.072041 (-7,204 PHP) | train_geo=0.188258 (+18,826 PHP) val_geo=-0.099266 (-9,927 PHP)
Epoch 015/50 | [MSE] train_loss=0.000464 val_loss=0.000218 | train_profit=0.642180 (+64,218 PHP) val_profit=0.018874 (+1,887 PHP) | train_geo=0.359517 (+35,952 PHP) val_geo=-0.013330 (-1,333 PHP)
Epoch 016/50 | [MSE] train_loss=0.000468 val_loss=0.000218 | train_profit=1.217792 (+121,779 PHP) val_profit=0.018874 (+1,887 PHP) | train_geo=1.423316 (+142,332 PHP) val_geo=-0.013330 (-1,333 PHP)
Epoch 017/50 | [MSE] train_loss=0.000468 val_loss=0.000218 | train_profit=0.607448 (+60,745 PHP) val_profit=-0.044854 (-4,485 PHP) | train_geo=0.313626 (+31,363 PHP) val_geo=-0.074354 (-7,435 PHP)
Epoch 018/50 | [MSE] train_loss=0.000467 val_loss=0.000217 | train_profit=0.441654 (+44,165 PHP) val_profit=-0.184133 (-18,413 PHP) | train_geo=0.113363 (+11,336 PHP) val_geo=-0.194870 (-19,487 PHP)
Epoch 019/50 | [MSE] train_loss=0.000467 val_loss=0.000216 | train_profit=0.740569 (+74,057 PHP) val_profit=-0.123148 (-12,315 PHP) | train_geo=0.500279 (+50,028 PHP) val_geo=-0.144101 (-14,410 PHP)
Epoch 020/50 | [MSE] train_loss=0.000466 val_loss=0.000215 | train_profit=1.012564 (+101,256 PHP) val_profit=-0.510518 (-51,052 PHP) | train_geo=0.973556 (+97,356 PHP) val_geo=-0.419275 (-41,928 PHP)
Epoch 021/50 | [MSE] train_loss=0.000468 val_loss=0.000215 | train_profit=1.154178 (+115,418 PHP) val_profit=-0.375300 (-37,530 PHP) | train_geo=1.274158 (+127,416 PHP) val_geo=-0.334948 (-33,495 PHP)
Epoch 022/50 | [MSE] train_loss=0.000467 val_loss=0.000215 | train_profit=0.655321 (+65,532 PHP) val_profit=-0.439794 (-43,979 PHP) | train_geo=0.378029 (+37,803 PHP) val_geo=-0.376325 (-37,633 PHP)
Epoch 023/50 | [MSE] train_loss=0.000467 val_loss=0.000215 | train_profit=0.930098 (+93,010 PHP) val_profit=-0.431365 (-43,137 PHP) | train_geo=0.817142 (+81,714 PHP) val_geo=-0.371228 (-37,123 PHP)
Epoch 024/50 | [MSE] train_loss=0.000473 val_loss=0.000216 | train_profit=0.814513 (+81,451 PHP) val_profit=-0.622908 (-62,291 PHP) | train_geo=0.618337 (+61,834 PHP) val_geo=-0.480907 (-48,091 PHP)
Epoch 025/50 | [MSE] train_loss=0.000471 val_loss=0.000217 | train_profit=0.272072 (+27,207 PHP) val_profit=-0.566482 (-56,648 PHP) | train_geo=-0.060619 (-6,062 PHP) val_geo=-0.450856 (-45,086 PHP)
Epoch 026/50 | [MSE] train_loss=0.000472 val_loss=0.000221 | train_profit=-0.039642 (-3,964 PHP) val_profit=-0.175481 (-17,548 PHP) | train_geo=-0.312189 (-31,219 PHP) val_geo=-0.187702 (-18,770 PHP)
Epoch 027/50 | [MSE] train_loss=0.000469 val_loss=0.000223 | train_profit=0.703258 (+70,326 PHP) val_profit=-0.116163 (-11,616 PHP) | train_geo=0.449070 (+44,907 PHP) val_geo=-0.137987 (-13,799 PHP)
Epoch 028/50 | [MSE] train_loss=0.000468 val_loss=0.000224 | train_profit=0.649475 (+64,948 PHP) val_profit=-0.165544 (-16,554 PHP) | train_geo=0.373686 (+37,369 PHP) val_geo=-0.179586 (-17,959 PHP)
Epoch 029/50 | [MSE] train_loss=0.000468 val_loss=0.000225 | train_profit=0.392166 (+39,217 PHP) val_profit=-0.102206 (-10,221 PHP) | train_geo=0.061620 (+6,162 PHP) val_geo=-0.125845 (-12,585 PHP)
Epoch 030/50 | [MSE] train_loss=0.000471 val_loss=0.000225 | train_profit=-0.349958 (-34,996 PHP) val_profit=-0.072824 (-7,282 PHP) | train_geo=-0.496072 (-49,607 PHP) val_geo=-0.099746 (-9,975 PHP)
Epoch 031/50 | [MSE] train_loss=0.000466 val_loss=0.000228 | train_profit=0.449009 (+44,901 PHP) val_profit=-0.049737 (-4,974 PHP) | train_geo=0.122916 (+12,292 PHP) val_geo=-0.078808 (-7,881 PHP)
Epoch 032/50 | [MSE] train_loss=0.000465 val_loss=0.000227 | train_profit=0.110192 (+11,019 PHP) val_profit=-0.035026 (-3,503 PHP) | train_geo=-0.200743 (-20,074 PHP) val_geo=-0.065027 (-6,503 PHP)
Epoch 033/50 | [MSE] train_loss=0.000465 val_loss=0.000228 | train_profit=0.261643 (+26,164 PHP) val_profit=-0.021819 (-2,182 PHP) | train_geo=-0.069710 (-6,971 PHP) val_geo=-0.052563 (-5,256 PHP)
Epoch 034/50 | [MSE] train_loss=0.000461 val_loss=0.000226 | train_profit=0.901470 (+90,147 PHP) val_profit=-0.173006 (-17,301 PHP) | train_geo=0.768208 (+76,821 PHP) val_geo=-0.185630 (-18,563 PHP)
Epoch 035/50 | [MSE] train_loss=0.000467 val_loss=0.000226 | train_profit=-0.157181 (-15,718 PHP) val_profit=-0.083162 (-8,316 PHP) | train_geo=-0.388351 (-38,835 PHP) val_geo=-0.109042 (-10,904 PHP)
Epoch 036/50 | [MSE] train_loss=0.000465 val_loss=0.000226 | train_profit=0.358160 (+35,816 PHP) val_profit=-0.147705 (-14,771 PHP) | train_geo=0.025520 (+2,552 PHP) val_geo=-0.164802 (-16,480 PHP)
Epoch 037/50 | [MSE] train_loss=0.000462 val_loss=0.000225 | train_profit=-0.143467 (-14,347 PHP) val_profit=-0.156832 (-15,683 PHP) | train_geo=-0.380437 (-38,044 PHP) val_geo=-0.172350 (-17,235 PHP)
Epoch 038/50 | [MSE] train_loss=0.000460 val_loss=0.000226 | train_profit=0.818655 (+81,866 PHP) val_profit=-0.173006 (-17,301 PHP) | train_geo=0.627843 (+62,784 PHP) val_geo=-0.185630 (-18,563 PHP)
Epoch 039/50 | [MSE] train_loss=0.000462 val_loss=0.000223 | train_profit=0.548566 (+54,857 PHP) val_profit=-0.194279 (-19,428 PHP) | train_geo=0.243132 (+24,313 PHP) val_geo=-0.202753 (-20,275 PHP)
Epoch 040/50 | [MSE] train_loss=0.000461 val_loss=0.000225 | train_profit=0.313918 (+31,392 PHP) val_profit=-0.198100 (-19,810 PHP) | train_geo=-0.018396 (-1,840 PHP) val_geo=-0.205823 (-20,582 PHP)
Epoch 041/50 | [MSE] train_loss=0.000458 val_loss=0.000225 | train_profit=1.505237 (+150,524 PHP) val_profit=-0.303403 (-30,340 PHP) | train_geo=2.237450 (+223,745 PHP) val_geo=-0.285230 (-28,523 PHP)
Epoch 042/50 | [MSE] train_loss=0.000460 val_loss=0.000224 | train_profit=-0.092366 (-9,237 PHP) val_profit=-0.248932 (-24,893 PHP) | train_geo=-0.347681 (-34,768 PHP) val_geo=-0.245181 (-24,518 PHP)
Epoch 043/50 | [MSE] train_loss=0.000461 val_loss=0.000226 | train_profit=0.209734 (+20,973 PHP) val_profit=-0.249962 (-24,996 PHP) | train_geo=-0.115629 (-11,563 PHP) val_geo=-0.245960 (-24,596 PHP)
Epoch 044/50 | [MSE] train_loss=0.000458 val_loss=0.000226 | train_profit=1.183267 (+118,327 PHP) val_profit=-0.196868 (-19,687 PHP) | train_geo=1.345094 (+134,509 PHP) val_geo=-0.204827 (-20,483 PHP)
Epoch 045/50 | [MSE] train_loss=0.000457 val_loss=0.000227 | train_profit=1.486090 (+148,609 PHP) val_profit=-0.256285 (-25,629 PHP) | train_geo=2.178600 (+217,860 PHP) val_geo=-0.250720 (-25,072 PHP)
Epoch 046/50 | [MSE] train_loss=0.000457 val_loss=0.000225 | train_profit=0.932486 (+93,249 PHP) val_profit=-0.377051 (-37,705 PHP) | train_geo=0.824507 (+82,451 PHP) val_geo=-0.336012 (-33,601 PHP)
Epoch 047/50 | [MSE] train_loss=0.000459 val_loss=0.000225 | train_profit=1.016998 (+101,700 PHP) val_profit=-0.291714 (-29,171 PHP) | train_geo=0.984388 (+98,439 PHP) val_geo=-0.276866 (-27,687 PHP)
Epoch 048/50 | [MSE] train_loss=0.000458 val_loss=0.000224 | train_profit=0.824479 (+82,448 PHP) val_profit=-0.218587 (-21,859 PHP) | train_geo=0.635219 (+63,522 PHP) val_geo=-0.221956 (-22,196 PHP)
Epoch 049/50 | [MSE] train_loss=0.000456 val_loss=0.000226 | train_profit=0.653884 (+65,388 PHP) val_profit=-0.284262 (-28,426 PHP) | train_geo=0.380119 (+38,012 PHP) val_geo=-0.271454 (-27,145 PHP)
Epoch 050/50 | [MSE] train_loss=0.000454 val_loss=0.000228 | train_profit=0.829865 (+82,986 PHP) val_profit=-0.369190 (-36,919 PHP) | train_geo=0.644696 (+64,470 PHP) val_geo=-0.330792 (-33,079 PHP)
[26/37] PSE:GLO    (mid   ) mse           dir_acc=0.500 cum_ret=+0.0511 geo_ret=+0.0123 sharpe=+0.166 (buy&hold=-0.1132 always_short=+0.0441)
  [6.3s total]
Epoch 001/50 | train_loss=0.000709 val_loss=0.000305 | train_profit=0.316361 (+31,636 PHP) val_profit=0.041239 (+4,124 PHP) | train_geo=-0.017543 (-1,754 PHP) val_geo=0.009168 (+917 PHP)
Epoch 002/50 | train_loss=0.000000 val_loss=0.000344 | train_profit=1.290122 (+129,012 PHP) val_profit=0.070768 (+7,077 PHP) | train_geo=1.603765 (+160,377 PHP) val_geo=0.039271 (+3,927 PHP)
Epoch 003/50 | train_loss=-0.000017 val_loss=0.001150 | train_profit=1.413764 (+141,376 PHP) val_profit=0.008385 (+839 PHP) | train_geo=1.949516 (+194,952 PHP) val_geo=-0.023579 (-2,358 PHP)
Epoch 004/50 | train_loss=0.001272 val_loss=0.000812 | train_profit=-0.653697 (-65,370 PHP) val_profit=0.033594 (+3,359 PHP) | train_geo=-0.628157 (-62,816 PHP) val_geo=0.001232 (+123 PHP)
Epoch 005/50 | train_loss=0.000020 val_loss=0.000552 | train_profit=1.002173 (+100,217 PHP) val_profit=-0.014455 (-1,446 PHP) | train_geo=0.951707 (+95,171 PHP) val_geo=-0.045689 (-4,569 PHP)
Epoch 006/50 | train_loss=0.000299 val_loss=0.000494 | train_profit=0.242392 (+24,239 PHP) val_profit=-0.248568 (-24,857 PHP) | train_geo=-0.087312 (-8,731 PHP) val_geo=-0.245185 (-24,519 PHP)
Epoch 007/50 | train_loss=0.000003 val_loss=0.000503 | train_profit=0.798374 (+79,837 PHP) val_profit=-0.150186 (-15,019 PHP) | train_geo=0.589911 (+58,991 PHP) val_geo=-0.166894 (-16,689 PHP)
Epoch 008/50 | train_loss=0.000070 val_loss=0.000585 | train_profit=1.522192 (+152,219 PHP) val_profit=-0.222336 (-22,234 PHP) | train_geo=2.289750 (+228,975 PHP) val_geo=-0.224904 (-22,490 PHP)
Epoch 009/50 | train_loss=-0.000154 val_loss=0.000749 | train_profit=0.869998 (+87,000 PHP) val_profit=-0.312194 (-31,219 PHP) | train_geo=0.706852 (+70,685 PHP) val_geo=-0.291473 (-29,147 PHP)
Epoch 010/50 | train_loss=-0.000073 val_loss=0.000904 | train_profit=1.266769 (+126,677 PHP) val_profit=-0.327301 (-32,730 PHP) | train_geo=1.542473 (+154,247 PHP) val_geo=-0.302123 (-30,212 PHP)
Epoch 011/50 | train_loss=-0.000258 val_loss=0.000818 | train_profit=1.227879 (+122,788 PHP) val_profit=-0.361636 (-36,164 PHP) | train_geo=1.446048 (+144,605 PHP) val_geo=-0.325624 (-32,562 PHP)
Epoch 012/50 | train_loss=-0.000285 val_loss=0.000902 | train_profit=1.455194 (+145,519 PHP) val_profit=-0.237900 (-23,790 PHP) | train_geo=2.069979 (+206,998 PHP) val_geo=-0.236689 (-23,669 PHP)
Epoch 013/50 | train_loss=-0.000373 val_loss=0.001036 | train_profit=1.165055 (+116,506 PHP) val_profit=-0.408644 (-40,864 PHP) | train_geo=1.298075 (+129,808 PHP) val_geo=-0.356578 (-35,658 PHP)
Epoch 014/50 | train_loss=-0.000367 val_loss=0.001101 | train_profit=1.335397 (+133,540 PHP) val_profit=-0.291083 (-29,108 PHP) | train_geo=1.725168 (+172,517 PHP) val_geo=-0.276328 (-27,633 PHP)
Epoch 015/50 | train_loss=-0.000423 val_loss=0.000740 | train_profit=1.799593 (+179,959 PHP) val_profit=-0.342083 (-34,208 PHP) | train_geo=3.333556 (+333,356 PHP) val_geo=-0.312275 (-31,228 PHP)
Epoch 016/50 | train_loss=-0.000220 val_loss=0.000999 | train_profit=1.481815 (+148,181 PHP) val_profit=-0.210289 (-21,029 PHP) | train_geo=2.154752 (+215,475 PHP) val_geo=-0.215335 (-21,533 PHP)
Epoch 017/50 | train_loss=-0.000380 val_loss=0.001264 | train_profit=2.096256 (+209,626 PHP) val_profit=-0.338502 (-33,850 PHP) | train_geo=4.837832 (+483,783 PHP) val_geo=-0.309838 (-30,984 PHP)
Epoch 018/50 | train_loss=-0.000521 val_loss=0.000662 | train_profit=2.109861 (+210,986 PHP) val_profit=-0.218415 (-21,842 PHP) | train_geo=4.917341 (+491,734 PHP) val_geo=-0.221714 (-22,171 PHP)
Epoch 019/50 | train_loss=-0.000484 val_loss=0.001322 | train_profit=1.988165 (+198,816 PHP) val_profit=-0.316124 (-31,612 PHP) | train_geo=4.235313 (+423,531 PHP) val_geo=-0.294245 (-29,425 PHP)
Epoch 020/50 | train_loss=-0.000662 val_loss=0.000519 | train_profit=1.911365 (+191,136 PHP) val_profit=-0.181196 (-18,120 PHP) | train_geo=3.848102 (+384,810 PHP) val_geo=-0.192201 (-19,220 PHP)
Epoch 021/50 | train_loss=-0.000553 val_loss=0.000875 | train_profit=1.486548 (+148,655 PHP) val_profit=-0.287875 (-28,787 PHP) | train_geo=2.167648 (+216,765 PHP) val_geo=-0.273947 (-27,395 PHP)
Epoch 022/50 | train_loss=-0.000396 val_loss=0.001154 | train_profit=1.467611 (+146,761 PHP) val_profit=-0.243791 (-24,379 PHP) | train_geo=2.108220 (+210,822 PHP) val_geo=-0.241314 (-24,131 PHP)
Epoch 023/50 | train_loss=-0.000652 val_loss=0.000825 | train_profit=1.712886 (+171,289 PHP) val_profit=-0.167961 (-16,796 PHP) | train_geo=2.972844 (+297,284 PHP) val_geo=-0.181362 (-18,136 PHP)
Epoch 024/50 | train_loss=-0.000548 val_loss=0.000810 | train_profit=1.492896 (+149,290 PHP) val_profit=-0.279127 (-27,913 PHP) | train_geo=2.187537 (+218,754 PHP) val_geo=-0.267623 (-26,762 PHP)
Epoch 025/50 | train_loss=-0.000514 val_loss=0.001128 | train_profit=2.112663 (+211,266 PHP) val_profit=-0.254813 (-25,481 PHP) | train_geo=4.929242 (+492,924 PHP) val_geo=-0.249574 (-24,957 PHP)
Epoch 026/50 | train_loss=-0.000860 val_loss=0.000778 | train_profit=2.493539 (+249,354 PHP) val_profit=-0.217279 (-21,728 PHP) | train_geo=7.684544 (+768,454 PHP) val_geo=-0.220844 (-22,084 PHP)
Epoch 027/50 | train_loss=-0.000630 val_loss=0.000953 | train_profit=2.374020 (+237,402 PHP) val_profit=-0.220865 (-22,086 PHP) | train_geo=6.707872 (+670,787 PHP) val_geo=-0.223726 (-22,373 PHP)
Epoch 028/50 | train_loss=-0.000696 val_loss=0.001181 | train_profit=2.374172 (+237,417 PHP) val_profit=-0.321975 (-32,197 PHP) | train_geo=6.706457 (+670,646 PHP) val_geo=-0.298310 (-29,831 PHP)
Epoch 029/50 | train_loss=-0.000826 val_loss=0.000353 | train_profit=1.838104 (+183,810 PHP) val_profit=-0.004470 (-447 PHP) | train_geo=3.502584 (+350,258 PHP) val_geo=-0.035872 (-3,587 PHP)
Epoch 030/50 | train_loss=-0.000631 val_loss=0.001291 | train_profit=1.572007 (+157,201 PHP) val_profit=-0.308099 (-30,810 PHP) | train_geo=2.452404 (+245,240 PHP) val_geo=-0.288688 (-28,869 PHP)
Epoch 031/50 | train_loss=-0.000834 val_loss=0.000848 | train_profit=2.153081 (+215,308 PHP) val_profit=-0.162499 (-16,250 PHP) | train_geo=5.175598 (+517,560 PHP) val_geo=-0.176930 (-17,693 PHP)
Epoch 032/50 | train_loss=-0.000811 val_loss=0.000645 | train_profit=1.871372 (+187,137 PHP) val_profit=-0.170055 (-17,006 PHP) | train_geo=3.658623 (+365,862 PHP) val_geo=-0.183157 (-18,316 PHP)
Epoch 033/50 | train_loss=-0.000649 val_loss=0.001311 | train_profit=1.065927 (+106,593 PHP) val_profit=-0.268933 (-26,893 PHP) | train_geo=1.080214 (+108,021 PHP) val_geo=-0.260269 (-26,027 PHP)
Epoch 034/50 | train_loss=-0.000959 val_loss=0.000847 | train_profit=2.139750 (+213,975 PHP) val_profit=-0.172863 (-17,286 PHP) | train_geo=5.095799 (+509,580 PHP) val_geo=-0.185584 (-18,558 PHP)
Epoch 035/50 | train_loss=-0.000836 val_loss=0.000795 | train_profit=1.877292 (+187,729 PHP) val_profit=-0.142050 (-14,205 PHP) | train_geo=3.683431 (+368,343 PHP) val_geo=-0.159898 (-15,990 PHP)
Epoch 036/50 | train_loss=-0.000614 val_loss=0.001230 | train_profit=0.829913 (+82,991 PHP) val_profit=-0.449716 (-44,972 PHP) | train_geo=0.639480 (+63,948 PHP) val_geo=-0.382807 (-38,281 PHP)
Epoch 037/50 | train_loss=-0.000848 val_loss=0.001376 | train_profit=2.673892 (+267,389 PHP) val_profit=-0.234882 (-23,488 PHP) | train_geo=9.391538 (+939,154 PHP) val_geo=-0.234302 (-23,430 PHP)
Epoch 038/50 | train_loss=-0.000910 val_loss=0.000541 | train_profit=1.727801 (+172,780 PHP) val_profit=-0.061167 (-6,117 PHP) | train_geo=3.031620 (+303,162 PHP) val_geo=-0.089264 (-8,926 PHP)
Epoch 039/50 | train_loss=-0.000878 val_loss=0.001093 | train_profit=2.271117 (+227,112 PHP) val_profit=-0.163162 (-16,316 PHP) | train_geo=5.955293 (+595,529 PHP) val_geo=-0.177428 (-17,743 PHP)
Epoch 040/50 | train_loss=-0.001112 val_loss=0.001229 | train_profit=2.649682 (+264,968 PHP) val_profit=-0.396403 (-39,640 PHP) | train_geo=9.159889 (+915,989 PHP) val_geo=-0.348971 (-34,897 PHP)
Epoch 041/50 | train_loss=-0.001299 val_loss=0.000714 | train_profit=3.141124 (+314,112 PHP) val_profit=-0.105181 (-10,518 PHP) | train_geo=15.609238 (+1,560,924 PHP) val_geo=-0.128428 (-12,843 PHP)
Epoch 042/50 | train_loss=-0.000831 val_loss=0.001517 | train_profit=1.875821 (+187,582 PHP) val_profit=-0.252426 (-25,243 PHP) | train_geo=3.679847 (+367,985 PHP) val_geo=-0.247786 (-24,779 PHP)
Epoch 043/50 | train_loss=-0.000981 val_loss=0.001434 | train_profit=2.160386 (+216,039 PHP) val_profit=-0.503364 (-50,336 PHP) | train_geo=5.221901 (+522,190 PHP) val_geo=-0.415143 (-41,514 PHP)
Epoch 044/50 | train_loss=-0.001219 val_loss=0.001256 | train_profit=2.819494 (+281,949 PHP) val_profit=-0.132712 (-13,271 PHP) | train_geo=11.041051 (+1,104,105 PHP) val_geo=-0.151918 (-15,192 PHP)
Epoch 045/50 | train_loss=-0.001366 val_loss=0.000601 | train_profit=3.116144 (+311,614 PHP) val_profit=-0.157162 (-15,716 PHP) | train_geo=15.202248 (+1,520,225 PHP) val_geo=-0.172987 (-17,299 PHP)
Epoch 046/50 | train_loss=-0.000876 val_loss=0.001581 | train_profit=2.577435 (+257,744 PHP) val_profit=-0.222895 (-22,289 PHP) | train_geo=8.459008 (+845,901 PHP) val_geo=-0.225225 (-22,523 PHP)
Epoch 047/50 | train_loss=-0.001320 val_loss=0.001226 | train_profit=3.060335 (+306,034 PHP) val_profit=-0.170568 (-17,057 PHP) | train_geo=14.317464 (+1,431,746 PHP) val_geo=-0.183604 (-18,360 PHP)
Epoch 048/50 | train_loss=-0.001232 val_loss=0.000985 | train_profit=1.963324 (+196,332 PHP) val_profit=-0.233845 (-23,385 PHP) | train_geo=4.100369 (+410,037 PHP) val_geo=-0.233794 (-23,379 PHP)
Epoch 049/50 | train_loss=-0.001101 val_loss=0.001603 | train_profit=2.507983 (+250,798 PHP) val_profit=-0.332591 (-33,259 PHP) | train_geo=7.817890 (+781,789 PHP) val_geo=-0.306109 (-30,611 PHP)
Epoch 050/50 | train_loss=-0.001270 val_loss=0.000935 | train_profit=2.972526 (+297,253 PHP) val_profit=-0.170118 (-17,012 PHP) | train_geo=13.026698 (+1,302,670 PHP) val_geo=-0.183169 (-18,317 PHP)
[26/37] PSE:GLO    (mid   ) profit-aware  dir_acc=0.497 cum_ret=+0.0604 geo_ret=+0.0217 sharpe=+0.196 (buy&hold=-0.1132 always_short=+0.0441)
  [12.8s total]
Epoch 001/50 | [MSE] train_loss=0.000581 val_loss=0.000418 | train_profit=-0.666431 (-66,643 PHP) val_profit=0.134822 (+13,482 PHP) | train_geo=-0.606364 (-60,636 PHP) val_geo=0.078583 (+7,858 PHP)
Epoch 002/50 | [MSE] train_loss=0.000385 val_loss=0.000390 | train_profit=-0.006796 (-680 PHP) val_profit=0.272668 (+27,267 PHP) | train_geo=-0.236234 (-23,623 PHP) val_geo=0.238320 (+23,832 PHP)
Epoch 003/50 | [MSE] train_loss=0.000386 val_loss=0.000388 | train_profit=-1.151144 (-115,114 PHP) val_profit=0.043096 (+4,310 PHP) | train_geo=-0.757643 (-75,764 PHP) val_geo=-0.016285 (-1,629 PHP)
Epoch 004/50 | [MSE] train_loss=0.000384 val_loss=0.000394 | train_profit=-2.459909 (-245,991 PHP) val_profit=0.210707 (+21,071 PHP) | train_geo=-0.934437 (-93,444 PHP) val_geo=0.163613 (+16,361 PHP)
Epoch 005/50 | [MSE] train_loss=0.000376 val_loss=0.000388 | train_profit=-2.392769 (-239,277 PHP) val_profit=0.029863 (+2,986 PHP) | train_geo=-0.930064 (-93,006 PHP) val_geo=-0.029153 (-2,915 PHP)
Epoch 006/50 | [MSE] train_loss=0.000364 val_loss=0.000389 | train_profit=1.131175 (+113,118 PHP) val_profit=0.283054 (+28,305 PHP) | train_geo=1.380661 (+138,066 PHP) val_geo=0.250791 (+25,079 PHP)
Epoch 007/50 | [MSE] train_loss=0.000371 val_loss=0.000389 | train_profit=-0.925438 (-92,544 PHP) val_profit=0.171901 (+17,190 PHP) | train_geo=-0.695837 (-69,584 PHP) val_geo=0.119102 (+11,910 PHP)
Epoch 008/50 | [MSE] train_loss=0.000366 val_loss=0.000388 | train_profit=-0.659140 (-65,914 PHP) val_profit=0.021063 (+2,106 PHP) | train_geo=-0.604107 (-60,411 PHP) val_geo=-0.037712 (-3,771 PHP)
Epoch 009/50 | [MSE] train_loss=0.000367 val_loss=0.000389 | train_profit=-0.738041 (-73,804 PHP) val_profit=0.218753 (+21,875 PHP) | train_geo=-0.633881 (-63,388 PHP) val_geo=0.172993 (+17,299 PHP)
Epoch 010/50 | [MSE] train_loss=0.000366 val_loss=0.000388 | train_profit=-0.617049 (-61,705 PHP) val_profit=0.114925 (+11,492 PHP) | train_geo=-0.586309 (-58,631 PHP) val_geo=0.057033 (+5,703 PHP)
Epoch 011/50 | [MSE] train_loss=0.000362 val_loss=0.000388 | train_profit=0.112657 (+11,266 PHP) val_profit=-0.109033 (-10,903 PHP) | train_geo=-0.139908 (-13,991 PHP) val_geo=-0.155883 (-15,588 PHP)
Epoch 012/50 | [MSE] train_loss=0.000363 val_loss=0.000388 | train_profit=0.309500 (+30,950 PHP) val_profit=-0.134926 (-13,493 PHP) | train_geo=0.044404 (+4,440 PHP) val_geo=-0.177503 (-17,750 PHP)
Epoch 013/50 | [MSE] train_loss=0.000361 val_loss=0.000389 | train_profit=1.455055 (+145,505 PHP) val_profit=0.042302 (+4,230 PHP) | train_geo=2.297093 (+229,709 PHP) val_geo=-0.017092 (-1,709 PHP)
Epoch 014/50 | [MSE] train_loss=0.000363 val_loss=0.000388 | train_profit=0.906771 (+90,677 PHP) val_profit=0.026387 (+2,639 PHP) | train_geo=0.907537 (+90,754 PHP) val_geo=-0.032595 (-3,259 PHP)
Epoch 015/50 | [MSE] train_loss=0.000364 val_loss=0.000387 | train_profit=0.593816 (+59,382 PHP) val_profit=-0.085446 (-8,545 PHP) | train_geo=0.393469 (+39,347 PHP) val_geo=-0.135615 (-13,562 PHP)
Epoch 016/50 | [MSE] train_loss=0.000363 val_loss=0.000387 | train_profit=0.825182 (+82,518 PHP) val_profit=0.011658 (+1,166 PHP) | train_geo=0.757734 (+75,773 PHP) val_geo=-0.046754 (-4,675 PHP)
Epoch 017/50 | [MSE] train_loss=0.000361 val_loss=0.000387 | train_profit=0.664023 (+66,402 PHP) val_profit=-0.191943 (-19,194 PHP) | train_geo=0.491913 (+49,191 PHP) val_geo=-0.223110 (-22,311 PHP)
Epoch 018/50 | [MSE] train_loss=0.000362 val_loss=0.000387 | train_profit=0.557533 (+55,753 PHP) val_profit=-0.006641 (-664 PHP) | train_geo=0.342115 (+34,212 PHP) val_geo=-0.064098 (-6,410 PHP)
Epoch 019/50 | [MSE] train_loss=0.000364 val_loss=0.000387 | train_profit=-0.248077 (-24,808 PHP) val_profit=-0.063812 (-6,381 PHP) | train_geo=-0.401044 (-40,104 PHP) val_geo=-0.116523 (-11,652 PHP)
Epoch 020/50 | [MSE] train_loss=0.000362 val_loss=0.000387 | train_profit=1.074884 (+107,488 PHP) val_profit=0.081336 (+8,134 PHP) | train_geo=1.252879 (+125,288 PHP) val_geo=0.022003 (+2,200 PHP)
Epoch 021/50 | [MSE] train_loss=0.000363 val_loss=0.000387 | train_profit=0.811743 (+81,174 PHP) val_profit=-0.034737 (-3,474 PHP) | train_geo=0.730522 (+73,052 PHP) val_geo=-0.090833 (-9,083 PHP)
Epoch 022/50 | [MSE] train_loss=0.000364 val_loss=0.000388 | train_profit=0.791755 (+79,175 PHP) val_profit=-0.096374 (-9,637 PHP) | train_geo=0.696164 (+69,616 PHP) val_geo=-0.145145 (-14,514 PHP)
Epoch 023/50 | [MSE] train_loss=0.000360 val_loss=0.000387 | train_profit=1.456648 (+145,665 PHP) val_profit=-0.065237 (-6,524 PHP) | train_geo=2.301617 (+230,162 PHP) val_geo=-0.118107 (-11,811 PHP)
Epoch 024/50 | [MSE] train_loss=0.000359 val_loss=0.000387 | train_profit=0.411418 (+41,142 PHP) val_profit=0.208676 (+20,868 PHP) | train_geo=0.159025 (+15,903 PHP) val_geo=0.160937 (+16,094 PHP)
Epoch 025/50 | [MSE] train_loss=0.000361 val_loss=0.000388 | train_profit=1.090123 (+109,012 PHP) val_profit=-0.203401 (-20,340 PHP) | train_geo=1.288918 (+128,892 PHP) val_geo=-0.231705 (-23,171 PHP)
Epoch 026/50 | [MSE] train_loss=0.000362 val_loss=0.000387 | train_profit=0.562704 (+56,270 PHP) val_profit=0.213601 (+21,360 PHP) | train_geo=0.349102 (+34,910 PHP) val_geo=0.166534 (+16,653 PHP)
Epoch 027/50 | [MSE] train_loss=0.000362 val_loss=0.000387 | train_profit=0.384097 (+38,410 PHP) val_profit=0.281574 (+28,157 PHP) | train_geo=0.128919 (+12,892 PHP) val_geo=0.248555 (+24,855 PHP)
Epoch 028/50 | [MSE] train_loss=0.000362 val_loss=0.000387 | train_profit=0.254560 (+25,456 PHP) val_profit=-0.066693 (-6,669 PHP) | train_geo=-0.009921 (-992 PHP) val_geo=-0.118814 (-11,881 PHP)
Epoch 029/50 | [MSE] train_loss=0.000363 val_loss=0.000387 | train_profit=1.217888 (+121,789 PHP) val_profit=-0.147406 (-14,741 PHP) | train_geo=1.603240 (+160,324 PHP) val_geo=-0.187566 (-18,757 PHP)
Epoch 030/50 | [MSE] train_loss=0.000363 val_loss=0.000387 | train_profit=0.703034 (+70,303 PHP) val_profit=0.025317 (+2,532 PHP) | train_geo=0.553020 (+55,302 PHP) val_geo=-0.033919 (-3,392 PHP)
Epoch 031/50 | [MSE] train_loss=0.000361 val_loss=0.000387 | train_profit=0.871872 (+87,187 PHP) val_profit=-0.087904 (-8,790 PHP) | train_geo=0.837754 (+83,775 PHP) val_geo=-0.137808 (-13,781 PHP)
Epoch 032/50 | [MSE] train_loss=0.000361 val_loss=0.000387 | train_profit=0.740211 (+74,021 PHP) val_profit=0.168560 (+16,856 PHP) | train_geo=0.611921 (+61,192 PHP) val_geo=0.115184 (+11,518 PHP)
Epoch 033/50 | [MSE] train_loss=0.000361 val_loss=0.000387 | train_profit=1.427145 (+142,715 PHP) val_profit=0.212605 (+21,260 PHP) | train_geo=2.207284 (+220,728 PHP) val_geo=0.165587 (+16,559 PHP)
Epoch 034/50 | [MSE] train_loss=0.000359 val_loss=0.000386 | train_profit=0.979355 (+97,935 PHP) val_profit=0.199726 (+19,973 PHP) | train_geo=1.050023 (+105,002 PHP) val_geo=0.150501 (+15,050 PHP)
Epoch 035/50 | [MSE] train_loss=0.000360 val_loss=0.000386 | train_profit=1.809645 (+180,964 PHP) val_profit=0.248259 (+24,826 PHP) | train_geo=3.705009 (+370,501 PHP) val_geo=0.207946 (+20,795 PHP)
Epoch 036/50 | [MSE] train_loss=0.000360 val_loss=0.000387 | train_profit=0.829097 (+82,910 PHP) val_profit=-0.031580 (-3,158 PHP) | train_geo=0.760049 (+76,005 PHP) val_geo=-0.087406 (-8,741 PHP)
Epoch 037/50 | [MSE] train_loss=0.000362 val_loss=0.000386 | train_profit=0.718707 (+71,871 PHP) val_profit=0.254870 (+25,487 PHP) | train_geo=0.577768 (+57,777 PHP) val_geo=0.216017 (+21,602 PHP)
Epoch 038/50 | [MSE] train_loss=0.000359 val_loss=0.000387 | train_profit=1.890043 (+189,004 PHP) val_profit=0.277703 (+27,770 PHP) | train_geo=4.099681 (+409,968 PHP) val_geo=0.244509 (+24,451 PHP)
Epoch 039/50 | [MSE] train_loss=0.000361 val_loss=0.000386 | train_profit=1.061524 (+106,152 PHP) val_profit=0.241161 (+24,116 PHP) | train_geo=1.223552 (+122,355 PHP) val_geo=0.199450 (+19,945 PHP)
Epoch 040/50 | [MSE] train_loss=0.000359 val_loss=0.000386 | train_profit=1.971184 (+197,118 PHP) val_profit=0.137470 (+13,747 PHP) | train_geo=4.529195 (+452,920 PHP) val_geo=0.081307 (+8,131 PHP)
Epoch 041/50 | [MSE] train_loss=0.000360 val_loss=0.000386 | train_profit=1.040637 (+104,064 PHP) val_profit=0.470414 (+47,041 PHP) | train_geo=1.175091 (+117,509 PHP) val_geo=0.509431 (+50,943 PHP)
Epoch 042/50 | [MSE] train_loss=0.000360 val_loss=0.000386 | train_profit=1.148897 (+114,890 PHP) val_profit=0.272417 (+27,242 PHP) | train_geo=1.426480 (+142,648 PHP) val_geo=0.237145 (+23,715 PHP)
Epoch 043/50 | [MSE] train_loss=0.000360 val_loss=0.000386 | train_profit=1.059494 (+105,949 PHP) val_profit=0.178553 (+17,855 PHP) | train_geo=1.218430 (+121,843 PHP) val_geo=0.126519 (+12,652 PHP)
Epoch 044/50 | [MSE] train_loss=0.000361 val_loss=0.000386 | train_profit=1.216100 (+121,610 PHP) val_profit=0.279650 (+27,965 PHP) | train_geo=1.594413 (+159,441 PHP) val_geo=0.246349 (+24,635 PHP)
Epoch 045/50 | [MSE] train_loss=0.000360 val_loss=0.000386 | train_profit=1.243596 (+124,360 PHP) val_profit=0.307946 (+30,795 PHP) | train_geo=1.666933 (+166,693 PHP) val_geo=0.282384 (+28,238 PHP)
Epoch 046/50 | [MSE] train_loss=0.000360 val_loss=0.000386 | train_profit=1.582355 (+158,235 PHP) val_profit=0.327081 (+32,708 PHP) | train_geo=2.745635 (+274,564 PHP) val_geo=0.307094 (+30,709 PHP)
Epoch 047/50 | [MSE] train_loss=0.000361 val_loss=0.000385 | train_profit=1.179423 (+117,942 PHP) val_profit=0.237265 (+23,726 PHP) | train_geo=1.502438 (+150,244 PHP) val_geo=0.194786 (+19,479 PHP)
Epoch 048/50 | [MSE] train_loss=0.000360 val_loss=0.000386 | train_profit=1.400938 (+140,094 PHP) val_profit=0.222026 (+22,203 PHP) | train_geo=2.122289 (+212,229 PHP) val_geo=0.176379 (+17,638 PHP)
Epoch 049/50 | [MSE] train_loss=0.000360 val_loss=0.000386 | train_profit=1.978917 (+197,892 PHP) val_profit=0.171200 (+17,120 PHP) | train_geo=4.572599 (+457,260 PHP) val_geo=0.118409 (+11,841 PHP)
Epoch 050/50 | [MSE] train_loss=0.000359 val_loss=0.000386 | train_profit=1.156809 (+115,681 PHP) val_profit=0.198868 (+19,887 PHP) | train_geo=1.443394 (+144,339 PHP) val_geo=0.149844 (+14,984 PHP)
[27/37] PSE:PGOLD  (mid   ) mse           dir_acc=0.471 cum_ret=-0.1081 geo_ret=-0.1637 sharpe=-0.260 (buy&hold=+0.3388 always_short=-0.3512)
  [9.9s total]
Epoch 001/50 | train_loss=0.000931 val_loss=0.000733 | train_profit=-0.138555 (-13,856 PHP) val_profit=-0.157692 (-15,769 PHP) | train_geo=-0.332616 (-33,262 PHP) val_geo=-0.195207 (-19,521 PHP)
Epoch 002/50 | train_loss=-0.000022 val_loss=0.000391 | train_profit=1.162314 (+116,231 PHP) val_profit=0.072405 (+7,241 PHP) | train_geo=1.459739 (+145,974 PHP) val_geo=0.013110 (+1,311 PHP)
Epoch 003/50 | train_loss=0.000071 val_loss=0.000614 | train_profit=1.179889 (+117,989 PHP) val_profit=0.017280 (+1,728 PHP) | train_geo=1.499018 (+149,902 PHP) val_geo=-0.041114 (-4,111 PHP)
Epoch 004/50 | train_loss=0.000121 val_loss=-0.000105 | train_profit=0.962435 (+96,243 PHP) val_profit=0.279818 (+27,982 PHP) | train_geo=1.010176 (+101,018 PHP) val_geo=0.246722 (+24,672 PHP)
Epoch 005/50 | train_loss=-0.000267 val_loss=0.000060 | train_profit=1.717642 (+171,764 PHP) val_profit=0.124321 (+12,432 PHP) | train_geo=3.283501 (+328,350 PHP) val_geo=0.066974 (+6,697 PHP)
Epoch 006/50 | train_loss=-0.000373 val_loss=0.000199 | train_profit=1.415377 (+141,538 PHP) val_profit=0.108905 (+10,891 PHP) | train_geo=2.167384 (+216,738 PHP) val_geo=0.050908 (+5,091 PHP)
Epoch 007/50 | train_loss=-0.000259 val_loss=0.000341 | train_profit=1.550070 (+155,007 PHP) val_profit=-0.000395 (-40 PHP) | train_geo=2.624873 (+262,487 PHP) val_geo=-0.058207 (-5,821 PHP)
Epoch 008/50 | train_loss=-0.000275 val_loss=0.000258 | train_profit=0.987640 (+98,764 PHP) val_profit=0.114834 (+11,483 PHP) | train_geo=1.058231 (+105,823 PHP) val_geo=0.057168 (+5,717 PHP)
Epoch 009/50 | train_loss=-0.000228 val_loss=-0.000082 | train_profit=1.189368 (+118,937 PHP) val_profit=0.127355 (+12,735 PHP) | train_geo=1.520675 (+152,067 PHP) val_geo=0.070521 (+7,052 PHP)
Epoch 010/50 | train_loss=-0.000385 val_loss=-0.000175 | train_profit=1.090936 (+109,094 PHP) val_profit=0.276573 (+27,657 PHP) | train_geo=1.288310 (+128,831 PHP) val_geo=0.243041 (+24,304 PHP)
Epoch 011/50 | train_loss=-0.000606 val_loss=-0.000069 | train_profit=1.428954 (+142,895 PHP) val_profit=0.066564 (+6,656 PHP) | train_geo=2.209547 (+220,955 PHP) val_geo=0.006998 (+700 PHP)
Epoch 012/50 | train_loss=-0.000630 val_loss=-0.000246 | train_profit=1.230723 (+123,072 PHP) val_profit=0.192025 (+19,202 PHP) | train_geo=1.628716 (+162,872 PHP) val_geo=0.142061 (+14,206 PHP)
Epoch 013/50 | train_loss=-0.000457 val_loss=0.000035 | train_profit=1.077214 (+107,721 PHP) val_profit=0.167828 (+16,783 PHP) | train_geo=1.256653 (+125,665 PHP) val_geo=0.114849 (+11,485 PHP)
Epoch 014/50 | train_loss=-0.000676 val_loss=-0.000549 | train_profit=2.119974 (+211,997 PHP) val_profit=0.289258 (+28,926 PHP) | train_geo=5.411045 (+541,104 PHP) val_geo=0.258959 (+25,896 PHP)
Epoch 015/50 | train_loss=-0.000481 val_loss=-0.000284 | train_profit=1.331021 (+133,102 PHP) val_profit=0.326529 (+32,653 PHP) | train_geo=1.909043 (+190,904 PHP) val_geo=0.307432 (+30,743 PHP)
Epoch 016/50 | train_loss=-0.000467 val_loss=-0.000017 | train_profit=1.582040 (+158,204 PHP) val_profit=0.122366 (+12,237 PHP) | train_geo=2.742645 (+274,264 PHP) val_geo=0.064965 (+6,497 PHP)
Epoch 017/50 | train_loss=-0.000624 val_loss=0.000391 | train_profit=2.046004 (+204,600 PHP) val_profit=-0.037680 (-3,768 PHP) | train_geo=4.951477 (+495,148 PHP) val_geo=-0.092737 (-9,274 PHP)
Epoch 018/50 | train_loss=-0.000897 val_loss=-0.000572 | train_profit=2.152103 (+215,210 PHP) val_profit=0.440066 (+44,007 PHP) | train_geo=5.614070 (+561,407 PHP) val_geo=0.464621 (+46,462 PHP)
Epoch 019/50 | train_loss=-0.000715 val_loss=-0.000309 | train_profit=2.056987 (+205,699 PHP) val_profit=0.183956 (+18,396 PHP) | train_geo=5.017780 (+501,778 PHP) val_geo=0.132715 (+13,272 PHP)
Epoch 020/50 | train_loss=-0.000911 val_loss=-0.000335 | train_profit=2.223324 (+222,332 PHP) val_profit=0.283079 (+28,308 PHP) | train_geo=6.106900 (+610,690 PHP) val_geo=0.251294 (+25,129 PHP)
Epoch 021/50 | train_loss=-0.000939 val_loss=-0.000703 | train_profit=2.215455 (+221,546 PHP) val_profit=0.536422 (+53,642 PHP) | train_geo=6.054269 (+605,427 PHP) val_geo=0.613075 (+61,307 PHP)
Epoch 022/50 | train_loss=-0.000888 val_loss=-0.000737 | train_profit=2.420299 (+242,030 PHP) val_profit=0.447601 (+44,760 PHP) | train_geo=7.653493 (+765,349 PHP) val_geo=0.475775 (+47,578 PHP)
Epoch 023/50 | train_loss=-0.000933 val_loss=-0.000530 | train_profit=2.181555 (+218,156 PHP) val_profit=0.402582 (+40,258 PHP) | train_geo=5.824452 (+582,445 PHP) val_geo=0.410543 (+41,054 PHP)
Epoch 024/50 | train_loss=-0.001069 val_loss=-0.000472 | train_profit=2.567867 (+256,787 PHP) val_profit=0.492246 (+49,225 PHP) | train_geo=9.032668 (+903,267 PHP) val_geo=0.543426 (+54,343 PHP)
Epoch 025/50 | train_loss=-0.001174 val_loss=-0.000600 | train_profit=2.994740 (+299,474 PHP) val_profit=0.351583 (+35,158 PHP) | train_geo=14.401318 (+1,440,132 PHP) val_geo=0.340610 (+34,061 PHP)
Epoch 026/50 | train_loss=-0.001117 val_loss=-0.000564 | train_profit=2.372182 (+237,218 PHP) val_profit=0.325033 (+32,503 PHP) | train_geo=7.250071 (+725,007 PHP) val_geo=0.304807 (+30,481 PHP)
Epoch 027/50 | train_loss=-0.001042 val_loss=-0.000578 | train_profit=2.711960 (+271,196 PHP) val_profit=0.439734 (+43,973 PHP) | train_geo=10.603003 (+1,060,300 PHP) val_geo=0.464032 (+46,403 PHP)
Epoch 028/50 | train_loss=-0.000885 val_loss=-0.000637 | train_profit=1.973252 (+197,325 PHP) val_profit=0.466779 (+46,678 PHP) | train_geo=4.525409 (+452,541 PHP) val_geo=0.504588 (+50,459 PHP)
Epoch 029/50 | train_loss=-0.000998 val_loss=-0.000474 | train_profit=2.236173 (+223,617 PHP) val_profit=0.278349 (+27,835 PHP) | train_geo=6.204569 (+620,457 PHP) val_geo=0.245324 (+24,532 PHP)
Epoch 030/50 | train_loss=-0.001145 val_loss=-0.000739 | train_profit=2.877452 (+287,745 PHP) val_profit=0.581733 (+58,173 PHP) | train_geo=12.694148 (+1,269,415 PHP) val_geo=0.687462 (+68,746 PHP)
Epoch 031/50 | train_loss=-0.001087 val_loss=-0.000584 | train_profit=2.592910 (+259,291 PHP) val_profit=0.499047 (+49,905 PHP) | train_geo=9.282873 (+928,287 PHP) val_geo=0.553495 (+55,349 PHP)
Epoch 032/50 | train_loss=-0.001167 val_loss=-0.000777 | train_profit=2.833806 (+283,381 PHP) val_profit=0.488945 (+48,894 PHP) | train_geo=12.105525 (+1,210,552 PHP) val_geo=0.538311 (+53,831 PHP)
Epoch 033/50 | train_loss=-0.001119 val_loss=-0.000736 | train_profit=2.415302 (+241,530 PHP) val_profit=0.382637 (+38,264 PHP) | train_geo=7.620411 (+762,041 PHP) val_geo=0.382677 (+38,268 PHP)
Epoch 034/50 | train_loss=-0.001028 val_loss=-0.000554 | train_profit=2.595984 (+259,598 PHP) val_profit=0.460386 (+46,039 PHP) | train_geo=9.322328 (+932,233 PHP) val_geo=0.494359 (+49,436 PHP)
Epoch 035/50 | train_loss=-0.001085 val_loss=-0.000587 | train_profit=2.250618 (+225,062 PHP) val_profit=0.393217 (+39,322 PHP) | train_geo=6.302814 (+630,281 PHP) val_geo=0.397773 (+39,777 PHP)
Epoch 036/50 | train_loss=-0.001065 val_loss=0.000068 | train_profit=2.329783 (+232,978 PHP) val_profit=0.191660 (+19,166 PHP) | train_geo=6.913990 (+691,399 PHP) val_geo=0.141777 (+14,178 PHP)
Epoch 037/50 | train_loss=-0.001232 val_loss=-0.000739 | train_profit=2.949771 (+294,977 PHP) val_profit=0.405276 (+40,528 PHP) | train_geo=13.714021 (+1,371,402 PHP) val_geo=0.414361 (+41,436 PHP)
Epoch 038/50 | train_loss=-0.001236 val_loss=-0.000662 | train_profit=3.061226 (+306,123 PHP) val_profit=0.475249 (+47,525 PHP) | train_geo=15.456793 (+1,545,679 PHP) val_geo=0.516944 (+51,694 PHP)
Epoch 039/50 | train_loss=-0.001160 val_loss=-0.000406 | train_profit=2.206645 (+220,665 PHP) val_profit=0.490920 (+49,092 PHP) | train_geo=5.990980 (+599,098 PHP) val_geo=0.541077 (+54,108 PHP)
Epoch 040/50 | train_loss=-0.001273 val_loss=-0.000879 | train_profit=3.130170 (+313,017 PHP) val_profit=0.243139 (+24,314 PHP) | train_geo=16.631958 (+1,663,196 PHP) val_geo=0.202440 (+20,244 PHP)
Epoch 041/50 | train_loss=-0.001275 val_loss=-0.000577 | train_profit=2.871034 (+287,103 PHP) val_profit=0.610070 (+61,007 PHP) | train_geo=12.603341 (+1,260,334 PHP) val_geo=0.736312 (+73,631 PHP)
Epoch 042/50 | train_loss=-0.001210 val_loss=-0.000375 | train_profit=2.933532 (+293,353 PHP) val_profit=0.255046 (+25,505 PHP) | train_geo=13.482311 (+1,348,231 PHP) val_geo=0.216565 (+21,657 PHP)
Epoch 043/50 | train_loss=-0.001326 val_loss=-0.000854 | train_profit=3.676478 (+367,648 PHP) val_profit=0.486843 (+48,684 PHP) | train_geo=29.473022 (+2,947,302 PHP) val_geo=0.534694 (+53,469 PHP)
Epoch 044/50 | train_loss=-0.001217 val_loss=-0.000396 | train_profit=2.961473 (+296,147 PHP) val_profit=0.510994 (+51,099 PHP) | train_geo=13.894510 (+1,389,451 PHP) val_geo=0.572435 (+57,243 PHP)
Epoch 045/50 | train_loss=-0.001319 val_loss=-0.000768 | train_profit=3.145237 (+314,524 PHP) val_profit=0.426162 (+42,616 PHP) | train_geo=16.892483 (+1,689,248 PHP) val_geo=0.444141 (+44,414 PHP)
Epoch 046/50 | train_loss=-0.001269 val_loss=-0.000504 | train_profit=3.006270 (+300,627 PHP) val_profit=0.443930 (+44,393 PHP) | train_geo=14.567292 (+1,456,729 PHP) val_geo=0.470261 (+47,026 PHP)
Epoch 047/50 | train_loss=-0.001365 val_loss=-0.000582 | train_profit=3.362349 (+336,235 PHP) val_profit=0.458505 (+45,850 PHP) | train_geo=21.252806 (+2,125,280 PHP) val_geo=0.491683 (+49,168 PHP)
Epoch 048/50 | train_loss=-0.001301 val_loss=-0.000115 | train_profit=2.847331 (+284,733 PHP) val_profit=0.366103 (+36,610 PHP) | train_geo=12.276691 (+1,227,669 PHP) val_geo=0.359640 (+35,964 PHP)
Epoch 049/50 | train_loss=-0.000963 val_loss=-0.000301 | train_profit=2.058107 (+205,811 PHP) val_profit=0.322743 (+32,274 PHP) | train_geo=5.023808 (+502,381 PHP) val_geo=0.302234 (+30,223 PHP)
Epoch 050/50 | train_loss=-0.001306 val_loss=-0.000974 | train_profit=3.000863 (+300,086 PHP) val_profit=0.616867 (+61,687 PHP) | train_geo=14.489144 (+1,448,914 PHP) val_geo=0.748077 (+74,808 PHP)
[27/37] PSE:PGOLD  (mid   ) profit-aware  dir_acc=0.477 cum_ret=-0.1106 geo_ret=-0.1654 sharpe=-0.266 (buy&hold=+0.3388 always_short=-0.3512)
  [12.4s total]
Epoch 001/50 | [MSE] train_loss=0.000613 val_loss=0.000312 | train_profit=-0.499690 (-49,969 PHP) val_profit=-0.037371 (-3,737 PHP) | train_geo=-0.558737 (-55,874 PHP) val_geo=-0.080751 (-8,075 PHP)
Epoch 002/50 | [MSE] train_loss=0.000479 val_loss=0.000308 | train_profit=-1.523568 (-152,357 PHP) val_profit=-0.020584 (-2,058 PHP) | train_geo=-0.841936 (-84,194 PHP) val_geo=-0.065268 (-6,527 PHP)
Epoch 003/50 | [MSE] train_loss=0.000456 val_loss=0.000307 | train_profit=-0.916579 (-91,658 PHP) val_profit=-0.044366 (-4,437 PHP) | train_geo=-0.707922 (-70,792 PHP) val_geo=-0.087228 (-8,723 PHP)
Epoch 004/50 | [MSE] train_loss=0.000455 val_loss=0.000304 | train_profit=-0.857287 (-85,729 PHP) val_profit=0.299539 (+29,954 PHP) | train_geo=-0.692145 (-69,214 PHP) val_geo=0.288153 (+28,815 PHP)
Epoch 005/50 | [MSE] train_loss=0.000452 val_loss=0.000305 | train_profit=-1.947656 (-194,766 PHP) val_profit=0.288997 (+28,900 PHP) | train_geo=-0.896402 (-89,640 PHP) val_geo=0.274610 (+27,461 PHP)
Epoch 006/50 | [MSE] train_loss=0.000449 val_loss=0.000303 | train_profit=-1.337789 (-133,779 PHP) val_profit=0.151921 (+15,192 PHP) | train_geo=-0.809372 (-80,937 PHP) val_geo=0.110862 (+11,086 PHP)
Epoch 007/50 | [MSE] train_loss=0.000445 val_loss=0.000301 | train_profit=-1.076215 (-107,622 PHP) val_profit=0.182833 (+18,283 PHP) | train_geo=-0.752321 (-75,232 PHP) val_geo=0.146008 (+14,601 PHP)
Epoch 008/50 | [MSE] train_loss=0.000442 val_loss=0.000301 | train_profit=-1.671168 (-167,117 PHP) val_profit=0.261464 (+26,146 PHP) | train_geo=-0.863465 (-86,347 PHP) val_geo=0.239909 (+23,991 PHP)
Epoch 009/50 | [MSE] train_loss=0.000440 val_loss=0.000301 | train_profit=-1.474006 (-147,401 PHP) val_profit=0.175295 (+17,529 PHP) | train_geo=-0.833831 (-83,383 PHP) val_geo=0.137342 (+13,734 PHP)
Epoch 010/50 | [MSE] train_loss=0.000439 val_loss=0.000301 | train_profit=-1.250834 (-125,083 PHP) val_profit=0.060687 (+6,069 PHP) | train_geo=-0.792042 (-79,204 PHP) val_geo=0.014031 (+1,403 PHP)
Epoch 011/50 | [MSE] train_loss=0.000438 val_loss=0.000302 | train_profit=-0.790129 (-79,013 PHP) val_profit=-0.043447 (-4,345 PHP) | train_geo=-0.670334 (-67,033 PHP) val_geo=-0.086560 (-8,656 PHP)
Epoch 012/50 | [MSE] train_loss=0.000437 val_loss=0.000301 | train_profit=-1.205431 (-120,543 PHP) val_profit=-0.016664 (-1,666 PHP) | train_geo=-0.782173 (-78,217 PHP) val_geo=-0.061693 (-6,169 PHP)
Epoch 013/50 | [MSE] train_loss=0.000437 val_loss=0.000302 | train_profit=-1.162268 (-116,227 PHP) val_profit=-0.024216 (-2,422 PHP) | train_geo=-0.772651 (-77,265 PHP) val_geo=-0.068790 (-6,879 PHP)
Epoch 014/50 | [MSE] train_loss=0.000437 val_loss=0.000301 | train_profit=-0.648947 (-64,895 PHP) val_profit=0.053677 (+5,368 PHP) | train_geo=-0.619974 (-61,997 PHP) val_geo=0.006813 (+681 PHP)
Epoch 015/50 | [MSE] train_loss=0.000435 val_loss=0.000301 | train_profit=-0.427387 (-42,739 PHP) val_profit=-0.122698 (-12,270 PHP) | train_geo=-0.525363 (-52,536 PHP) val_geo=-0.156286 (-15,629 PHP)
Epoch 016/50 | [MSE] train_loss=0.000434 val_loss=0.000301 | train_profit=-0.522798 (-52,280 PHP) val_profit=0.059571 (+5,957 PHP) | train_geo=-0.568505 (-56,850 PHP) val_geo=0.012944 (+1,294 PHP)
Epoch 017/50 | [MSE] train_loss=0.000436 val_loss=0.000301 | train_profit=-0.905149 (-90,515 PHP) val_profit=-0.078210 (-7,821 PHP) | train_geo=-0.706077 (-70,608 PHP) val_geo=-0.117605 (-11,761 PHP)
Epoch 018/50 | [MSE] train_loss=0.000436 val_loss=0.000301 | train_profit=-1.500720 (-150,072 PHP) val_profit=-0.088412 (-8,841 PHP) | train_geo=-0.838175 (-83,818 PHP) val_geo=-0.126580 (-12,658 PHP)
Epoch 019/50 | [MSE] train_loss=0.000435 val_loss=0.000301 | train_profit=-0.861254 (-86,125 PHP) val_profit=-0.025378 (-2,538 PHP) | train_geo=-0.692679 (-69,268 PHP) val_geo=-0.069962 (-6,996 PHP)
Epoch 020/50 | [MSE] train_loss=0.000434 val_loss=0.000301 | train_profit=-0.062065 (-6,207 PHP) val_profit=0.036307 (+3,631 PHP) | train_geo=-0.315124 (-31,512 PHP) val_geo=-0.010406 (-1,041 PHP)
Epoch 021/50 | [MSE] train_loss=0.000437 val_loss=0.000301 | train_profit=-1.802838 (-180,284 PHP) val_profit=-0.145776 (-14,578 PHP) | train_geo=-0.880347 (-88,035 PHP) val_geo=-0.175368 (-17,537 PHP)
Epoch 022/50 | [MSE] train_loss=0.000435 val_loss=0.000300 | train_profit=-0.324845 (-32,484 PHP) val_profit=0.072115 (+7,211 PHP) | train_geo=-0.474626 (-47,463 PHP) val_geo=0.025654 (+2,565 PHP)
Epoch 023/50 | [MSE] train_loss=0.000434 val_loss=0.000301 | train_profit=-0.716260 (-71,626 PHP) val_profit=0.123931 (+12,393 PHP) | train_geo=-0.644472 (-64,447 PHP) val_geo=0.080114 (+8,011 PHP)
Epoch 024/50 | [MSE] train_loss=0.000435 val_loss=0.000301 | train_profit=-0.907201 (-90,720 PHP) val_profit=0.144224 (+14,422 PHP) | train_geo=-0.706649 (-70,665 PHP) val_geo=0.102543 (+10,254 PHP)
Epoch 025/50 | [MSE] train_loss=0.000435 val_loss=0.000301 | train_profit=-0.334739 (-33,474 PHP) val_profit=0.008250 (+825 PHP) | train_geo=-0.479427 (-47,943 PHP) val_geo=-0.037987 (-3,799 PHP)
Epoch 026/50 | [MSE] train_loss=0.000434 val_loss=0.000301 | train_profit=-0.623061 (-62,306 PHP) val_profit=-0.094437 (-9,444 PHP) | train_geo=-0.609918 (-60,992 PHP) val_geo=-0.131903 (-13,190 PHP)
Epoch 027/50 | [MSE] train_loss=0.000434 val_loss=0.000301 | train_profit=0.571006 (+57,101 PHP) val_profit=-0.080250 (-8,025 PHP) | train_geo=0.289269 (+28,927 PHP) val_geo=-0.119451 (-11,945 PHP)
Epoch 028/50 | [MSE] train_loss=0.000435 val_loss=0.000300 | train_profit=-0.486456 (-48,646 PHP) val_profit=0.012935 (+1,294 PHP) | train_geo=-0.552977 (-55,298 PHP) val_geo=-0.033289 (-3,329 PHP)
Epoch 029/50 | [MSE] train_loss=0.000434 val_loss=0.000302 | train_profit=-0.608013 (-60,801 PHP) val_profit=0.059447 (+5,945 PHP) | train_geo=-0.604393 (-60,439 PHP) val_geo=0.012821 (+1,282 PHP)
Epoch 030/50 | [MSE] train_loss=0.000434 val_loss=0.000301 | train_profit=-0.375194 (-37,519 PHP) val_profit=0.088943 (+8,894 PHP) | train_geo=-0.500023 (-50,002 PHP) val_geo=0.042872 (+4,287 PHP)
Epoch 031/50 | [MSE] train_loss=0.000432 val_loss=0.000301 | train_profit=-0.146957 (-14,696 PHP) val_profit=0.010728 (+1,073 PHP) | train_geo=-0.371367 (-37,137 PHP) val_geo=-0.035537 (-3,554 PHP)
Epoch 032/50 | [MSE] train_loss=0.000431 val_loss=0.000301 | train_profit=-0.371310 (-37,131 PHP) val_profit=0.012935 (+1,294 PHP) | train_geo=-0.498193 (-49,819 PHP) val_geo=-0.033289 (-3,329 PHP)
Epoch 033/50 | [MSE] train_loss=0.000434 val_loss=0.000301 | train_profit=-0.775826 (-77,583 PHP) val_profit=0.032396 (+3,240 PHP) | train_geo=-0.665398 (-66,540 PHP) val_geo=-0.014507 (-1,451 PHP)
Epoch 034/50 | [MSE] train_loss=0.000431 val_loss=0.000300 | train_profit=0.068411 (+6,841 PHP) val_profit=0.038484 (+3,848 PHP) | train_geo=-0.220626 (-22,063 PHP) val_geo=-0.008337 (-834 PHP)
Epoch 035/50 | [MSE] train_loss=0.000433 val_loss=0.000300 | train_profit=-0.139041 (-13,904 PHP) val_profit=-0.007297 (-730 PHP) | train_geo=-0.366232 (-36,623 PHP) val_geo=-0.052857 (-5,286 PHP)
Epoch 036/50 | [MSE] train_loss=0.000432 val_loss=0.000301 | train_profit=0.108030 (+10,803 PHP) val_profit=0.181661 (+18,166 PHP) | train_geo=-0.190146 (-19,015 PHP) val_geo=0.144502 (+14,450 PHP)
Epoch 037/50 | [MSE] train_loss=0.000432 val_loss=0.000300 | train_profit=0.038497 (+3,850 PHP) val_profit=0.039324 (+3,932 PHP) | train_geo=-0.243396 (-24,340 PHP) val_geo=-0.007597 (-760 PHP)
Epoch 038/50 | [MSE] train_loss=0.000432 val_loss=0.000300 | train_profit=0.380637 (+38,064 PHP) val_profit=0.017648 (+1,765 PHP) | train_geo=0.065562 (+6,556 PHP) val_geo=-0.028862 (-2,886 PHP)
Epoch 039/50 | [MSE] train_loss=0.000432 val_loss=0.000300 | train_profit=0.479233 (+47,923 PHP) val_profit=-0.095804 (-9,580 PHP) | train_geo=0.175858 (+17,586 PHP) val_geo=-0.133236 (-13,324 PHP)
Epoch 040/50 | [MSE] train_loss=0.000432 val_loss=0.000300 | train_profit=-0.172602 (-17,260 PHP) val_profit=0.267225 (+26,722 PHP) | train_geo=-0.387569 (-38,757 PHP) val_geo=0.246850 (+24,685 PHP)
Epoch 041/50 | [MSE] train_loss=0.000432 val_loss=0.000300 | train_profit=0.656957 (+65,696 PHP) val_profit=0.072454 (+7,245 PHP) | train_geo=0.407338 (+40,734 PHP) val_geo=0.025735 (+2,573 PHP)
Epoch 042/50 | [MSE] train_loss=0.000436 val_loss=0.000300 | train_profit=-0.852902 (-85,290 PHP) val_profit=0.128594 (+12,859 PHP) | train_geo=-0.690176 (-69,018 PHP) val_geo=0.085047 (+8,505 PHP)
Epoch 043/50 | [MSE] train_loss=0.000431 val_loss=0.000300 | train_profit=0.568984 (+56,898 PHP) val_profit=-0.007108 (-711 PHP) | train_geo=0.285874 (+28,587 PHP) val_geo=-0.052786 (-5,279 PHP)
Epoch 044/50 | [MSE] train_loss=0.000430 val_loss=0.000300 | train_profit=0.517091 (+51,709 PHP) val_profit=0.028196 (+2,820 PHP) | train_geo=0.220596 (+22,060 PHP) val_geo=-0.018610 (-1,861 PHP)
Epoch 045/50 | [MSE] train_loss=0.000429 val_loss=0.000300 | train_profit=0.915093 (+91,509 PHP) val_profit=0.036108 (+3,611 PHP) | train_geo=0.819509 (+81,951 PHP) val_geo=-0.010855 (-1,086 PHP)
Epoch 046/50 | [MSE] train_loss=0.000433 val_loss=0.000300 | train_profit=0.637847 (+63,785 PHP) val_profit=0.146854 (+14,685 PHP) | train_geo=0.380067 (+38,007 PHP) val_geo=0.105211 (+10,521 PHP)
Epoch 047/50 | [MSE] train_loss=0.000432 val_loss=0.000300 | train_profit=-0.146907 (-14,691 PHP) val_profit=0.281120 (+28,112 PHP) | train_geo=-0.371899 (-37,190 PHP) val_geo=0.264210 (+26,421 PHP)
Epoch 048/50 | [MSE] train_loss=0.000431 val_loss=0.000300 | train_profit=0.186549 (+18,655 PHP) val_profit=0.166421 (+16,642 PHP) | train_geo=-0.122799 (-12,280 PHP) val_geo=0.127048 (+12,705 PHP)
Epoch 049/50 | [MSE] train_loss=0.000431 val_loss=0.000300 | train_profit=0.354120 (+35,412 PHP) val_profit=0.095532 (+9,553 PHP) | train_geo=0.038056 (+3,806 PHP) val_geo=0.049902 (+4,990 PHP)
Epoch 050/50 | [MSE] train_loss=0.000429 val_loss=0.000299 | train_profit=0.218970 (+21,897 PHP) val_profit=0.223517 (+22,352 PHP) | train_geo=-0.093612 (-9,361 PHP) val_geo=0.193547 (+19,355 PHP)
[28/37] PSE:TEL    (weak  ) mse           dir_acc=0.426 cum_ret=-0.5320 geo_ret=-0.4314 sharpe=-1.897 (buy&hold=-0.0888 always_short=+0.0293)
  [11.0s total]
Epoch 001/50 | train_loss=0.000603 val_loss=-0.000327 | train_profit=-0.062629 (-6,263 PHP) val_profit=0.369926 (+36,993 PHP) | train_geo=-0.315568 (-31,557 PHP) val_geo=0.381648 (+38,165 PHP)
Epoch 002/50 | train_loss=0.001646 val_loss=0.002229 | train_profit=-0.740878 (-74,088 PHP) val_profit=0.015363 (+1,536 PHP) | train_geo=-0.653554 (-65,355 PHP) val_geo=-0.030993 (-3,099 PHP)
Epoch 003/50 | train_loss=0.000888 val_loss=0.000069 | train_profit=-0.037036 (-3,704 PHP) val_profit=0.046439 (+4,644 PHP) | train_geo=-0.298679 (-29,868 PHP) val_geo=-0.000650 (-65 PHP)
Epoch 004/50 | train_loss=0.000682 val_loss=0.000235 | train_profit=-0.294909 (-29,491 PHP) val_profit=0.086978 (+8,698 PHP) | train_geo=-0.458307 (-45,831 PHP) val_geo=0.040887 (+4,089 PHP)
Epoch 005/50 | train_loss=0.000748 val_loss=0.000132 | train_profit=-0.786142 (-78,614 PHP) val_profit=0.067586 (+6,759 PHP) | train_geo=-0.668993 (-66,899 PHP) val_geo=0.020968 (+2,097 PHP)
Epoch 006/50 | train_loss=0.000449 val_loss=-0.000080 | train_profit=0.173539 (+17,354 PHP) val_profit=0.270894 (+27,089 PHP) | train_geo=-0.133648 (-13,365 PHP) val_geo=0.251295 (+25,129 PHP)
Epoch 007/50 | train_loss=0.000627 val_loss=0.000482 | train_profit=-0.192153 (-19,215 PHP) val_profit=-0.106038 (-10,604 PHP) | train_geo=-0.398978 (-39,898 PHP) val_geo=-0.141863 (-14,186 PHP)
Epoch 008/50 | train_loss=0.000392 val_loss=0.000044 | train_profit=0.176468 (+17,647 PHP) val_profit=0.015038 (+1,504 PHP) | train_geo=-0.131582 (-13,158 PHP) val_geo=-0.031429 (-3,143 PHP)
Epoch 009/50 | train_loss=0.000310 val_loss=-0.000003 | train_profit=0.702663 (+70,266 PHP) val_profit=0.095116 (+9,512 PHP) | train_geo=0.471491 (+47,149 PHP) val_geo=0.049452 (+4,945 PHP)
Epoch 010/50 | train_loss=0.000321 val_loss=0.000056 | train_profit=0.304979 (+30,498 PHP) val_profit=-0.077584 (-7,758 PHP) | train_geo=-0.011997 (-1,200 PHP) val_geo=-0.117199 (-11,720 PHP)
Epoch 011/50 | train_loss=0.000360 val_loss=0.000215 | train_profit=0.251911 (+25,191 PHP) val_profit=-0.044641 (-4,464 PHP) | train_geo=-0.062674 (-6,267 PHP) val_geo=-0.087480 (-8,748 PHP)
Epoch 012/50 | train_loss=0.000275 val_loss=-0.000078 | train_profit=0.162948 (+16,295 PHP) val_profit=0.185219 (+18,522 PHP) | train_geo=-0.143402 (-14,340 PHP) val_geo=0.148563 (+14,856 PHP)
Epoch 013/50 | train_loss=0.000281 val_loss=0.000148 | train_profit=0.406260 (+40,626 PHP) val_profit=0.004383 (+438 PHP) | train_geo=0.092447 (+9,245 PHP) val_geo=-0.041555 (-4,156 PHP)
Epoch 014/50 | train_loss=0.000279 val_loss=0.000304 | train_profit=0.535141 (+53,514 PHP) val_profit=-0.044641 (-4,464 PHP) | train_geo=0.243556 (+24,356 PHP) val_geo=-0.087480 (-8,748 PHP)
Epoch 015/50 | train_loss=0.000180 val_loss=-0.000040 | train_profit=0.434578 (+43,458 PHP) val_profit=0.118812 (+11,881 PHP) | train_geo=0.124518 (+12,452 PHP) val_geo=0.074691 (+7,469 PHP)
Epoch 016/50 | train_loss=0.000253 val_loss=0.000038 | train_profit=-0.022489 (-2,249 PHP) val_profit=-0.049274 (-4,927 PHP) | train_geo=-0.287896 (-28,790 PHP) val_geo=-0.091682 (-9,168 PHP)
Epoch 017/50 | train_loss=0.000286 val_loss=0.000353 | train_profit=0.341867 (+34,187 PHP) val_profit=-0.036223 (-3,622 PHP) | train_geo=0.024402 (+2,440 PHP) val_geo=-0.079783 (-7,978 PHP)
Epoch 018/50 | train_loss=0.000196 val_loss=0.000008 | train_profit=0.377842 (+37,784 PHP) val_profit=0.037090 (+3,709 PHP) | train_geo=0.062055 (+6,206 PHP) val_geo=-0.009901 (-990 PHP)
Epoch 019/50 | train_loss=0.000200 val_loss=-0.000011 | train_profit=0.077454 (+7,745 PHP) val_profit=0.017324 (+1,732 PHP) | train_geo=-0.213444 (-21,344 PHP) val_geo=-0.029169 (-2,917 PHP)
Epoch 020/50 | train_loss=0.000250 val_loss=0.000218 | train_profit=0.125148 (+12,515 PHP) val_profit=0.006893 (+689 PHP) | train_geo=-0.175416 (-17,542 PHP) val_geo=-0.039060 (-3,906 PHP)
Epoch 021/50 | train_loss=0.000202 val_loss=-0.000081 | train_profit=0.344775 (+34,478 PHP) val_profit=0.105672 (+10,567 PHP) | train_geo=0.027663 (+2,766 PHP) val_geo=0.060522 (+6,052 PHP)
Epoch 022/50 | train_loss=0.000232 val_loss=0.000337 | train_profit=0.137959 (+13,796 PHP) val_profit=-0.047333 (-4,733 PHP) | train_geo=-0.165017 (-16,502 PHP) val_geo=-0.090003 (-9,000 PHP)
Epoch 023/50 | train_loss=0.000020 val_loss=-0.000024 | train_profit=1.002300 (+100,230 PHP) val_profit=0.067651 (+6,765 PHP) | train_geo=0.984123 (+98,412 PHP) val_geo=0.021115 (+2,111 PHP)
Epoch 024/50 | train_loss=0.000153 val_loss=0.000199 | train_profit=-0.298451 (-29,845 PHP) val_profit=-0.123853 (-12,385 PHP) | train_geo=-0.460323 (-46,032 PHP) val_geo=-0.156930 (-15,693 PHP)
Epoch 025/50 | train_loss=-0.000001 val_loss=0.000126 | train_profit=0.570848 (+57,085 PHP) val_profit=-0.113420 (-11,342 PHP) | train_geo=0.288310 (+28,831 PHP) val_geo=-0.148060 (-14,806 PHP)
Epoch 026/50 | train_loss=0.000012 val_loss=0.000191 | train_profit=0.801475 (+80,147 PHP) val_profit=-0.075804 (-7,580 PHP) | train_geo=0.622754 (+62,275 PHP) val_geo=-0.115405 (-11,541 PHP)
Epoch 027/50 | train_loss=-0.000007 val_loss=0.000123 | train_profit=0.766664 (+76,666 PHP) val_profit=0.023212 (+2,321 PHP) | train_geo=0.567946 (+56,795 PHP) val_geo=-0.023323 (-2,332 PHP)
Epoch 028/50 | train_loss=0.000016 val_loss=0.000169 | train_profit=1.374609 (+137,461 PHP) val_profit=0.146882 (+14,688 PHP) | train_geo=1.881772 (+188,177 PHP) val_geo=0.105615 (+10,561 PHP)
Epoch 029/50 | train_loss=-0.000058 val_loss=0.000050 | train_profit=0.852728 (+85,273 PHP) val_profit=0.188262 (+18,826 PHP) | train_geo=0.708091 (+70,809 PHP) val_geo=0.152378 (+15,238 PHP)
Epoch 030/50 | train_loss=-0.000049 val_loss=0.000240 | train_profit=1.145893 (+114,589 PHP) val_profit=-0.239792 (-23,979 PHP) | train_geo=1.289990 (+128,999 PHP) val_geo=-0.249307 (-24,931 PHP)
Epoch 031/50 | train_loss=-0.000124 val_loss=0.000165 | train_profit=0.689410 (+68,941 PHP) val_profit=0.204078 (+20,408 PHP) | train_geo=0.451326 (+45,133 PHP) val_geo=0.170575 (+17,058 PHP)
Epoch 032/50 | train_loss=-0.000340 val_loss=0.000214 | train_profit=1.185538 (+118,554 PHP) val_profit=-0.042175 (-4,217 PHP) | train_geo=1.384387 (+138,439 PHP) val_geo=-0.085333 (-8,533 PHP)
Epoch 033/50 | train_loss=-0.000133 val_loss=0.000180 | train_profit=0.751968 (+75,197 PHP) val_profit=0.295397 (+29,540 PHP) | train_geo=0.545125 (+54,513 PHP) val_geo=0.283041 (+28,304 PHP)
Epoch 034/50 | train_loss=-0.000369 val_loss=0.000183 | train_profit=1.438767 (+143,877 PHP) val_profit=0.133905 (+13,391 PHP) | train_geo=2.070291 (+207,029 PHP) val_geo=0.091130 (+9,113 PHP)
Epoch 035/50 | train_loss=-0.000281 val_loss=0.000415 | train_profit=1.270150 (+127,015 PHP) val_profit=-0.256654 (-25,665 PHP) | train_geo=1.593422 (+159,342 PHP) val_geo=-0.261795 (-26,179 PHP)
Epoch 036/50 | train_loss=-0.000444 val_loss=0.000404 | train_profit=2.155242 (+215,524 PHP) val_profit=-0.039146 (-3,915 PHP) | train_geo=5.295874 (+529,587 PHP) val_geo=-0.082472 (-8,247 PHP)
Epoch 037/50 | train_loss=-0.000388 val_loss=-0.000125 | train_profit=1.834359 (+183,436 PHP) val_profit=0.307651 (+30,765 PHP) | train_geo=3.563647 (+356,365 PHP) val_geo=0.298385 (+29,839 PHP)
Epoch 038/50 | train_loss=-0.000336 val_loss=0.000489 | train_profit=1.464113 (+146,411 PHP) val_profit=0.003567 (+357 PHP) | train_geo=2.152906 (+215,291 PHP) val_geo=-0.042317 (-4,232 PHP)
Epoch 039/50 | train_loss=-0.000401 val_loss=0.000390 | train_profit=1.899725 (+189,972 PHP) val_profit=-0.164718 (-16,472 PHP) | train_geo=3.873300 (+387,330 PHP) val_geo=-0.190801 (-19,080 PHP)
Epoch 040/50 | train_loss=-0.001112 val_loss=0.000128 | train_profit=2.665352 (+266,535 PHP) val_profit=0.197655 (+19,765 PHP) | train_geo=9.485253 (+948,525 PHP) val_geo=0.163172 (+16,317 PHP)
Epoch 041/50 | train_loss=-0.000608 val_loss=0.000672 | train_profit=1.447953 (+144,795 PHP) val_profit=-0.050749 (-5,075 PHP) | train_geo=2.098847 (+209,885 PHP) val_geo=-0.092899 (-9,290 PHP)
Epoch 042/50 | train_loss=-0.000999 val_loss=0.000334 | train_profit=2.534316 (+253,432 PHP) val_profit=0.140514 (+14,051 PHP) | train_geo=8.200029 (+820,003 PHP) val_geo=0.098785 (+9,878 PHP)
Epoch 043/50 | train_loss=-0.000855 val_loss=0.000402 | train_profit=2.272439 (+227,244 PHP) val_profit=0.126220 (+12,622 PHP) | train_geo=6.073284 (+607,328 PHP) val_geo=0.083027 (+8,303 PHP)
Epoch 044/50 | train_loss=-0.000972 val_loss=0.000341 | train_profit=2.083114 (+208,311 PHP) val_profit=0.134645 (+13,464 PHP) | train_geo=4.851543 (+485,154 PHP) val_geo=0.091917 (+9,192 PHP)
Epoch 045/50 | train_loss=-0.000956 val_loss=0.000780 | train_profit=2.692830 (+269,283 PHP) val_profit=0.038230 (+3,823 PHP) | train_geo=9.777261 (+977,726 PHP) val_geo=-0.008433 (-843 PHP)
Epoch 046/50 | train_loss=-0.000868 val_loss=0.000997 | train_profit=1.791856 (+179,186 PHP) val_profit=-0.156344 (-15,634 PHP) | train_geo=3.372103 (+337,210 PHP) val_geo=-0.184111 (-18,411 PHP)
Epoch 047/50 | train_loss=-0.001350 val_loss=0.000911 | train_profit=3.370098 (+337,010 PHP) val_profit=-0.071397 (-7,140 PHP) | train_geo=20.262226 (+2,026,223 PHP) val_geo=-0.111528 (-11,153 PHP)
Epoch 048/50 | train_loss=-0.001432 val_loss=0.000641 | train_profit=3.701228 (+370,123 PHP) val_profit=0.051749 (+5,175 PHP) | train_geo=28.582525 (+2,858,252 PHP) val_geo=0.004804 (+480 PHP)
Epoch 049/50 | train_loss=-0.001328 val_loss=-0.000020 | train_profit=3.752147 (+375,215 PHP) val_profit=0.278946 (+27,895 PHP) | train_geo=30.132338 (+3,013,234 PHP) val_geo=0.261593 (+26,159 PHP)
Epoch 050/50 | train_loss=-0.001025 val_loss=0.001138 | train_profit=2.329060 (+232,906 PHP) val_profit=-0.120172 (-12,017 PHP) | train_geo=6.481873 (+648,187 PHP) val_geo=-0.153453 (-15,345 PHP)
[28/37] PSE:TEL    (weak  ) profit-aware  dir_acc=0.477 cum_ret=-0.0436 geo_ret=-0.0731 sharpe=-0.154 (buy&hold=-0.0888 always_short=+0.0293)
  [10.7s total]
Epoch 001/50 | [MSE] train_loss=0.000597 val_loss=0.000428 | train_profit=-0.995635 (-99,563 PHP) val_profit=-0.305894 (-30,589 PHP) | train_geo=-0.717791 (-71,779 PHP) val_geo=-0.308849 (-30,885 PHP)
Epoch 002/50 | [MSE] train_loss=0.000422 val_loss=0.000415 | train_profit=-1.702075 (-170,208 PHP) val_profit=-0.261928 (-26,193 PHP) | train_geo=-0.860951 (-86,095 PHP) val_geo=-0.278036 (-27,804 PHP)
Epoch 003/50 | [MSE] train_loss=0.000402 val_loss=0.000417 | train_profit=-0.093627 (-9,363 PHP) val_profit=-0.067661 (-6,766 PHP) | train_geo=-0.304480 (-30,448 PHP) val_geo=-0.122770 (-12,277 PHP)
Epoch 004/50 | [MSE] train_loss=0.000399 val_loss=0.000415 | train_profit=-0.351357 (-35,136 PHP) val_profit=0.315393 (+31,539 PHP) | train_geo=-0.461521 (-46,152 PHP) val_geo=0.286859 (+28,686 PHP)
Epoch 005/50 | [MSE] train_loss=0.000385 val_loss=0.000407 | train_profit=-0.823141 (-82,314 PHP) val_profit=0.303894 (+30,389 PHP) | train_geo=-0.664569 (-66,457 PHP) val_geo=0.272216 (+27,222 PHP)
Epoch 006/50 | [MSE] train_loss=0.000379 val_loss=0.000406 | train_profit=-0.295011 (-29,501 PHP) val_profit=0.303894 (+30,389 PHP) | train_geo=-0.431052 (-43,105 PHP) val_geo=0.272216 (+27,222 PHP)
Epoch 007/50 | [MSE] train_loss=0.000378 val_loss=0.000403 | train_profit=-1.735083 (-173,508 PHP) val_profit=0.303894 (+30,389 PHP) | train_geo=-0.865601 (-86,560 PHP) val_geo=0.272216 (+27,222 PHP)
Epoch 008/50 | [MSE] train_loss=0.000377 val_loss=0.000403 | train_profit=-0.600310 (-60,031 PHP) val_profit=0.320612 (+32,061 PHP) | train_geo=-0.581146 (-58,115 PHP) val_geo=0.293740 (+29,374 PHP)
Epoch 009/50 | [MSE] train_loss=0.000377 val_loss=0.000403 | train_profit=-1.256593 (-125,659 PHP) val_profit=0.303894 (+30,389 PHP) | train_geo=-0.783019 (-78,302 PHP) val_geo=0.272216 (+27,222 PHP)
Epoch 010/50 | [MSE] train_loss=0.000374 val_loss=0.000402 | train_profit=-0.731467 (-73,147 PHP) val_profit=0.268970 (+26,897 PHP) | train_geo=-0.632866 (-63,287 PHP) val_geo=0.228566 (+22,857 PHP)
Epoch 011/50 | [MSE] train_loss=0.000376 val_loss=0.000405 | train_profit=0.039346 (+3,935 PHP) val_profit=0.303894 (+30,389 PHP) | train_geo=-0.204183 (-20,418 PHP) val_geo=0.272216 (+27,222 PHP)
Epoch 012/50 | [MSE] train_loss=0.000376 val_loss=0.000404 | train_profit=-0.053776 (-5,378 PHP) val_profit=0.303894 (+30,389 PHP) | train_geo=-0.275670 (-27,567 PHP) val_geo=0.272216 (+27,222 PHP)
Epoch 013/50 | [MSE] train_loss=0.000374 val_loss=0.000403 | train_profit=-0.156872 (-15,687 PHP) val_profit=0.303894 (+30,389 PHP) | train_geo=-0.346886 (-34,689 PHP) val_geo=0.272216 (+27,222 PHP)
Epoch 014/50 | [MSE] train_loss=0.000374 val_loss=0.000401 | train_profit=-0.651022 (-65,102 PHP) val_profit=0.346249 (+34,625 PHP) | train_geo=-0.601461 (-60,146 PHP) val_geo=0.327491 (+32,749 PHP)
Epoch 015/50 | [MSE] train_loss=0.000373 val_loss=0.000402 | train_profit=-0.054318 (-5,432 PHP) val_profit=0.268970 (+26,897 PHP) | train_geo=-0.275369 (-27,537 PHP) val_geo=0.228566 (+22,857 PHP)
Epoch 016/50 | [MSE] train_loss=0.000371 val_loss=0.000401 | train_profit=0.540733 (+54,073 PHP) val_profit=0.362660 (+36,266 PHP) | train_geo=0.314685 (+31,469 PHP) val_geo=0.349466 (+34,947 PHP)
Epoch 017/50 | [MSE] train_loss=0.000376 val_loss=0.000403 | train_profit=-0.314642 (-31,464 PHP) val_profit=0.377069 (+37,707 PHP) | train_geo=-0.441904 (-44,190 PHP) val_geo=0.369036 (+36,904 PHP)
Epoch 018/50 | [MSE] train_loss=0.000371 val_loss=0.000402 | train_profit=0.082082 (+8,208 PHP) val_profit=0.268970 (+26,897 PHP) | train_geo=-0.169745 (-16,975 PHP) val_geo=0.228566 (+22,857 PHP)
Epoch 019/50 | [MSE] train_loss=0.000376 val_loss=0.000401 | train_profit=-0.746467 (-74,647 PHP) val_profit=0.358559 (+35,856 PHP) | train_geo=-0.638401 (-63,840 PHP) val_geo=0.343938 (+34,394 PHP)
Epoch 020/50 | [MSE] train_loss=0.000372 val_loss=0.000401 | train_profit=0.251915 (+25,192 PHP) val_profit=0.302102 (+30,210 PHP) | train_geo=-0.015859 (-1,586 PHP) val_geo=0.270021 (+27,002 PHP)
Epoch 021/50 | [MSE] train_loss=0.000375 val_loss=0.000401 | train_profit=-0.289676 (-28,968 PHP) val_profit=0.330473 (+33,047 PHP) | train_geo=-0.428219 (-42,822 PHP) val_geo=0.306711 (+30,671 PHP)
Epoch 022/50 | [MSE] train_loss=0.000374 val_loss=0.000400 | train_profit=-0.261774 (-26,177 PHP) val_profit=0.365010 (+36,501 PHP) | train_geo=-0.411843 (-41,184 PHP) val_geo=0.352689 (+35,269 PHP)
Epoch 023/50 | [MSE] train_loss=0.000374 val_loss=0.000401 | train_profit=0.006519 (+652 PHP) val_profit=0.425492 (+42,549 PHP) | train_geo=-0.229812 (-22,981 PHP) val_geo=0.437073 (+43,707 PHP)
Epoch 024/50 | [MSE] train_loss=0.000376 val_loss=0.000401 | train_profit=0.300370 (+30,037 PHP) val_profit=0.425492 (+42,549 PHP) | train_geo=0.033106 (+3,311 PHP) val_geo=0.437073 (+43,707 PHP)
Epoch 025/50 | [MSE] train_loss=0.000376 val_loss=0.000400 | train_profit=0.455149 (+45,515 PHP) val_profit=0.622285 (+62,229 PHP) | train_geo=0.206813 (+20,681 PHP) val_geo=0.749722 (+74,972 PHP)
Epoch 026/50 | [MSE] train_loss=0.000376 val_loss=0.000401 | train_profit=-0.051966 (-5,197 PHP) val_profit=0.551284 (+55,128 PHP) | train_geo=-0.274765 (-27,476 PHP) val_geo=0.629358 (+62,936 PHP)
Epoch 027/50 | [MSE] train_loss=0.000377 val_loss=0.000401 | train_profit=0.374461 (+37,446 PHP) val_profit=0.559606 (+55,961 PHP) | train_geo=0.113270 (+11,327 PHP) val_geo=0.643160 (+64,316 PHP)
Epoch 028/50 | [MSE] train_loss=0.000377 val_loss=0.000401 | train_profit=0.668662 (+66,866 PHP) val_profit=0.467309 (+46,731 PHP) | train_geo=0.494591 (+49,459 PHP) val_geo=0.498099 (+49,810 PHP)
Epoch 029/50 | [MSE] train_loss=0.000378 val_loss=0.000402 | train_profit=-0.205117 (-20,512 PHP) val_profit=0.515232 (+51,523 PHP) | train_geo=-0.377460 (-37,746 PHP) val_geo=0.572527 (+57,253 PHP)
Epoch 030/50 | [MSE] train_loss=0.000376 val_loss=0.000403 | train_profit=0.485256 (+48,526 PHP) val_profit=0.488825 (+48,882 PHP) | train_geo=0.242339 (+24,234 PHP) val_geo=0.531398 (+53,140 PHP)
Epoch 031/50 | [MSE] train_loss=0.000378 val_loss=0.000406 | train_profit=0.030987 (+3,099 PHP) val_profit=0.302961 (+30,296 PHP) | train_geo=-0.210888 (-21,089 PHP) val_geo=0.271255 (+27,126 PHP)
Epoch 032/50 | [MSE] train_loss=0.000377 val_loss=0.000408 | train_profit=0.400526 (+40,053 PHP) val_profit=0.026170 (+2,617 PHP) | train_geo=0.140569 (+14,057 PHP) val_geo=-0.036223 (-3,622 PHP)
Epoch 033/50 | [MSE] train_loss=0.000378 val_loss=0.000410 | train_profit=0.458407 (+45,841 PHP) val_profit=-0.175955 (-17,596 PHP) | train_geo=0.208689 (+20,869 PHP) val_geo=-0.212766 (-21,277 PHP)
Epoch 034/50 | [MSE] train_loss=0.000374 val_loss=0.000410 | train_profit=0.530434 (+53,043 PHP) val_profit=-0.023953 (-2,395 PHP) | train_geo=0.300571 (+30,057 PHP) val_geo=-0.083270 (-8,327 PHP)
Epoch 035/50 | [MSE] train_loss=0.000376 val_loss=0.000409 | train_profit=0.460135 (+46,013 PHP) val_profit=-0.031516 (-3,152 PHP) | train_geo=0.211806 (+21,181 PHP) val_geo=-0.090320 (-9,032 PHP)
Epoch 036/50 | [MSE] train_loss=0.000376 val_loss=0.000411 | train_profit=0.671288 (+67,129 PHP) val_profit=0.026848 (+2,685 PHP) | train_geo=0.496062 (+49,606 PHP) val_geo=-0.035448 (-3,545 PHP)
Epoch 037/50 | [MSE] train_loss=0.000374 val_loss=0.000411 | train_profit=0.405506 (+40,551 PHP) val_profit=-0.043317 (-4,332 PHP) | train_geo=0.145738 (+14,574 PHP) val_geo=-0.100896 (-10,090 PHP)
Epoch 038/50 | [MSE] train_loss=0.000375 val_loss=0.000410 | train_profit=-0.178025 (-17,802 PHP) val_profit=-0.043317 (-4,332 PHP) | train_geo=-0.360912 (-36,091 PHP) val_geo=-0.100896 (-10,090 PHP)
Epoch 039/50 | [MSE] train_loss=0.000374 val_loss=0.000411 | train_profit=0.619501 (+61,950 PHP) val_profit=0.026848 (+2,685 PHP) | train_geo=0.421239 (+42,124 PHP) val_geo=-0.035448 (-3,545 PHP)
Epoch 040/50 | [MSE] train_loss=0.000373 val_loss=0.000410 | train_profit=0.386664 (+38,666 PHP) val_profit=0.026848 (+2,685 PHP) | train_geo=0.125085 (+12,508 PHP) val_geo=-0.035448 (-3,545 PHP)
Epoch 041/50 | [MSE] train_loss=0.000375 val_loss=0.000410 | train_profit=-0.568193 (-56,819 PHP) val_profit=-0.114241 (-11,424 PHP) | train_geo=-0.567713 (-56,771 PHP) val_geo=-0.162598 (-16,260 PHP)
Epoch 042/50 | [MSE] train_loss=0.000373 val_loss=0.000408 | train_profit=0.084947 (+8,495 PHP) val_profit=-0.010021 (-1,002 PHP) | train_geo=-0.168515 (-16,851 PHP) val_geo=-0.070560 (-7,056 PHP)
Epoch 043/50 | [MSE] train_loss=0.000375 val_loss=0.000410 | train_profit=-0.338721 (-33,872 PHP) val_profit=0.048343 (+4,834 PHP) | train_geo=-0.455935 (-45,594 PHP) val_geo=-0.014496 (-1,450 PHP)
Epoch 044/50 | [MSE] train_loss=0.000374 val_loss=0.000411 | train_profit=-0.244150 (-24,415 PHP) val_profit=0.022848 (+2,285 PHP) | train_geo=-0.401736 (-40,174 PHP) val_geo=-0.039319 (-3,932 PHP)
Epoch 045/50 | [MSE] train_loss=0.000372 val_loss=0.000409 | train_profit=0.199247 (+19,925 PHP) val_profit=0.146988 (+14,699 PHP) | train_geo=-0.067859 (-6,786 PHP) val_geo=0.087447 (+8,745 PHP)
Epoch 046/50 | [MSE] train_loss=0.000372 val_loss=0.000409 | train_profit=0.114548 (+11,455 PHP) val_profit=0.088194 (+8,819 PHP) | train_geo=-0.143584 (-14,358 PHP) val_geo=0.025468 (+2,547 PHP)
Epoch 047/50 | [MSE] train_loss=0.000372 val_loss=0.000408 | train_profit=-0.142350 (-14,235 PHP) val_profit=0.122176 (+12,218 PHP) | train_geo=-0.337977 (-33,798 PHP) val_geo=0.060670 (+6,067 PHP)
Epoch 048/50 | [MSE] train_loss=0.000372 val_loss=0.000408 | train_profit=0.080079 (+8,008 PHP) val_profit=0.110952 (+11,095 PHP) | train_geo=-0.172561 (-17,256 PHP) val_geo=0.048913 (+4,891 PHP)
Epoch 049/50 | [MSE] train_loss=0.000372 val_loss=0.000408 | train_profit=-0.228809 (-22,881 PHP) val_profit=0.103326 (+10,333 PHP) | train_geo=-0.392586 (-39,259 PHP) val_geo=0.040988 (+4,099 PHP)
Epoch 050/50 | [MSE] train_loss=0.000370 val_loss=0.000407 | train_profit=-0.547138 (-54,714 PHP) val_profit=0.157650 (+15,765 PHP) | train_geo=-0.558650 (-55,865 PHP) val_geo=0.098996 (+9,900 PHP)
[29/37] PSE:MBT    (weak  ) mse           dir_acc=0.484 cum_ret=+0.3399 geo_ret=+0.3478 sharpe=+1.065 (buy&hold=-0.1243 always_short=+0.0505)
  [3.8s total]
Epoch 001/50 | train_loss=0.000735 val_loss=-0.000426 | train_profit=-0.159389 (-15,939 PHP) val_profit=0.303894 (+30,389 PHP) | train_geo=-0.347730 (-34,773 PHP) val_geo=0.272216 (+27,222 PHP)
Epoch 002/50 | train_loss=0.000685 val_loss=0.000491 | train_profit=-0.079965 (-7,997 PHP) val_profit=0.303894 (+30,389 PHP) | train_geo=-0.294411 (-29,441 PHP) val_geo=0.272216 (+27,222 PHP)
Epoch 003/50 | train_loss=0.001149 val_loss=0.000787 | train_profit=-0.622549 (-62,255 PHP) val_profit=-0.169125 (-16,913 PHP) | train_geo=-0.590162 (-59,016 PHP) val_geo=-0.207232 (-20,723 PHP)
Epoch 004/50 | train_loss=0.000312 val_loss=-0.000434 | train_profit=-0.179368 (-17,937 PHP) val_profit=0.303894 (+30,389 PHP) | train_geo=-0.361004 (-36,100 PHP) val_geo=0.272216 (+27,222 PHP)
Epoch 005/50 | train_loss=0.000612 val_loss=-0.000479 | train_profit=-0.330041 (-33,004 PHP) val_profit=0.126165 (+12,616 PHP) | train_geo=-0.450792 (-45,079 PHP) val_geo=0.064451 (+6,445 PHP)
Epoch 006/50 | train_loss=0.000326 val_loss=-0.000284 | train_profit=-0.437803 (-43,780 PHP) val_profit=0.303894 (+30,389 PHP) | train_geo=-0.507260 (-50,726 PHP) val_geo=0.272216 (+27,222 PHP)
Epoch 007/50 | train_loss=0.000650 val_loss=0.000362 | train_profit=-0.477053 (-47,705 PHP) val_profit=0.094240 (+9,424 PHP) | train_geo=-0.525952 (-52,595 PHP) val_geo=0.031698 (+3,170 PHP)
Epoch 008/50 | train_loss=0.000230 val_loss=-0.000554 | train_profit=0.397453 (+39,745 PHP) val_profit=0.240300 (+24,030 PHP) | train_geo=0.138123 (+13,812 PHP) val_geo=0.193847 (+19,385 PHP)
Epoch 009/50 | train_loss=0.000335 val_loss=-0.000499 | train_profit=-0.099249 (-9,925 PHP) val_profit=0.303894 (+30,389 PHP) | train_geo=-0.308403 (-30,840 PHP) val_geo=0.272216 (+27,222 PHP)
Epoch 010/50 | train_loss=0.000348 val_loss=-0.000532 | train_profit=-0.257901 (-25,790 PHP) val_profit=0.083648 (+8,365 PHP) | train_geo=-0.409903 (-40,990 PHP) val_geo=0.020480 (+2,048 PHP)
Epoch 011/50 | train_loss=0.000244 val_loss=-0.000517 | train_profit=-0.018938 (-1,894 PHP) val_profit=0.083648 (+8,365 PHP) | train_geo=-0.250216 (-25,022 PHP) val_geo=0.020480 (+2,048 PHP)
Epoch 012/50 | train_loss=0.000271 val_loss=-0.000508 | train_profit=0.177695 (+17,770 PHP) val_profit=0.083648 (+8,365 PHP) | train_geo=-0.087512 (-8,751 PHP) val_geo=0.020480 (+2,048 PHP)
Epoch 013/50 | train_loss=0.000235 val_loss=-0.000521 | train_profit=0.123415 (+12,342 PHP) val_profit=0.314588 (+31,459 PHP) | train_geo=-0.135501 (-13,550 PHP) val_geo=0.285471 (+28,547 PHP)
Epoch 014/50 | train_loss=0.000153 val_loss=-0.000494 | train_profit=0.370749 (+37,075 PHP) val_profit=0.180806 (+18,081 PHP) | train_geo=0.107097 (+10,710 PHP) val_geo=0.124793 (+12,479 PHP)
Epoch 015/50 | train_loss=0.000312 val_loss=-0.000528 | train_profit=0.062379 (+6,238 PHP) val_profit=0.389876 (+38,988 PHP) | train_geo=-0.186895 (-18,690 PHP) val_geo=0.386693 (+38,669 PHP)
Epoch 016/50 | train_loss=0.000148 val_loss=-0.000517 | train_profit=-0.103047 (-10,305 PHP) val_profit=0.273109 (+27,311 PHP) | train_geo=-0.311046 (-31,105 PHP) val_geo=0.233720 (+23,372 PHP)
Epoch 017/50 | train_loss=0.000247 val_loss=-0.000540 | train_profit=0.260420 (+26,042 PHP) val_profit=0.492762 (+49,276 PHP) | train_geo=-0.008761 (-876 PHP) val_geo=0.537396 (+53,740 PHP)
Epoch 018/50 | train_loss=0.000091 val_loss=-0.000512 | train_profit=0.184787 (+18,479 PHP) val_profit=0.273109 (+27,311 PHP) | train_geo=-0.080338 (-8,034 PHP) val_geo=0.233713 (+23,371 PHP)
Epoch 019/50 | train_loss=0.000279 val_loss=-0.000514 | train_profit=0.346289 (+34,629 PHP) val_profit=0.565562 (+56,556 PHP) | train_geo=0.080327 (+8,033 PHP) val_geo=0.652991 (+65,299 PHP)
Epoch 020/50 | train_loss=0.000128 val_loss=-0.000534 | train_profit=0.033995 (+3,399 PHP) val_profit=0.300875 (+30,088 PHP) | train_geo=-0.209828 (-20,983 PHP) val_geo=0.268410 (+26,841 PHP)
Epoch 021/50 | train_loss=0.000226 val_loss=-0.000564 | train_profit=0.113560 (+11,356 PHP) val_profit=0.161453 (+16,145 PHP) | train_geo=-0.143742 (-14,374 PHP) val_geo=0.102802 (+10,280 PHP)
Epoch 022/50 | train_loss=0.000151 val_loss=-0.000546 | train_profit=0.006383 (+638 PHP) val_profit=0.192139 (+19,214 PHP) | train_geo=-0.231155 (-23,116 PHP) val_geo=0.137546 (+13,755 PHP)
Epoch 023/50 | train_loss=0.000149 val_loss=-0.000564 | train_profit=0.516194 (+51,619 PHP) val_profit=0.452895 (+45,289 PHP) | train_geo=0.280985 (+28,098 PHP) val_geo=0.476892 (+47,689 PHP)
Epoch 024/50 | train_loss=0.000089 val_loss=-0.000586 | train_profit=0.436899 (+43,690 PHP) val_profit=0.422479 (+42,248 PHP) | train_geo=0.182932 (+18,293 PHP) val_geo=0.432555 (+43,256 PHP)
Epoch 025/50 | train_loss=0.000064 val_loss=-0.000546 | train_profit=-0.110429 (-11,043 PHP) val_profit=0.081367 (+8,137 PHP) | train_geo=-0.316170 (-31,617 PHP) val_geo=0.018070 (+1,807 PHP)
Epoch 026/50 | train_loss=0.000129 val_loss=-0.000581 | train_profit=0.581431 (+58,143 PHP) val_profit=0.375135 (+37,514 PHP) | train_geo=0.367297 (+36,730 PHP) val_geo=0.366063 (+36,606 PHP)
Epoch 027/50 | train_loss=0.000034 val_loss=-0.000570 | train_profit=0.902826 (+90,283 PHP) val_profit=0.066428 (+6,643 PHP) | train_geo=0.886229 (+88,623 PHP) val_geo=0.002826 (+283 PHP)
Epoch 028/50 | train_loss=0.000120 val_loss=-0.000559 | train_profit=0.447761 (+44,776 PHP) val_profit=0.198791 (+19,879 PHP) | train_geo=0.195705 (+19,571 PHP) val_geo=0.145002 (+14,500 PHP)
Epoch 029/50 | train_loss=-0.000033 val_loss=-0.000683 | train_profit=0.726881 (+72,688 PHP) val_profit=0.499643 (+49,964 PHP) | train_geo=0.580438 (+58,044 PHP) val_geo=0.547803 (+54,780 PHP)
Epoch 030/50 | train_loss=-0.000162 val_loss=-0.000690 | train_profit=0.872752 (+87,275 PHP) val_profit=0.413170 (+41,317 PHP) | train_geo=0.829765 (+82,976 PHP) val_geo=0.419776 (+41,978 PHP)
Epoch 031/50 | train_loss=-0.000190 val_loss=-0.000726 | train_profit=0.645606 (+64,561 PHP) val_profit=0.399683 (+39,968 PHP) | train_geo=0.458648 (+45,865 PHP) val_geo=0.400314 (+40,031 PHP)
Epoch 032/50 | train_loss=0.000003 val_loss=-0.000910 | train_profit=0.849018 (+84,902 PHP) val_profit=0.622529 (+62,253 PHP) | train_geo=0.788931 (+78,893 PHP) val_geo=0.751011 (+75,101 PHP)
Epoch 033/50 | train_loss=-0.000393 val_loss=-0.000833 | train_profit=2.071479 (+207,148 PHP) val_profit=0.709254 (+70,925 PHP) | train_geo=5.078524 (+507,852 PHP) val_geo=0.909892 (+90,989 PHP)
Epoch 034/50 | train_loss=-0.000768 val_loss=-0.000910 | train_profit=2.275902 (+227,590 PHP) val_profit=0.724915 (+72,491 PHP) | train_geo=6.455589 (+645,559 PHP) val_geo=0.940088 (+94,009 PHP)
Epoch 035/50 | train_loss=-0.000544 val_loss=-0.001157 | train_profit=1.569659 (+156,966 PHP) val_profit=0.717933 (+71,793 PHP) | train_geo=2.676737 (+267,674 PHP) val_geo=0.926535 (+92,654 PHP)
Epoch 036/50 | train_loss=-0.000550 val_loss=-0.001008 | train_profit=2.093123 (+209,312 PHP) val_profit=0.574529 (+57,453 PHP) | train_geo=5.207294 (+520,729 PHP) val_geo=0.668445 (+66,844 PHP)
Epoch 037/50 | train_loss=-0.000769 val_loss=-0.000988 | train_profit=1.549850 (+154,985 PHP) val_profit=0.589151 (+58,915 PHP) | train_geo=2.602015 (+260,201 PHP) val_geo=0.693389 (+69,339 PHP)
Epoch 038/50 | train_loss=-0.000874 val_loss=-0.000941 | train_profit=2.372614 (+237,261 PHP) val_profit=0.719139 (+71,914 PHP) | train_geo=7.220208 (+722,021 PHP) val_geo=0.928686 (+92,869 PHP)
Epoch 039/50 | train_loss=-0.001007 val_loss=-0.000714 | train_profit=2.546959 (+254,696 PHP) val_profit=0.181707 (+18,171 PHP) | train_geo=8.777374 (+877,737 PHP) val_geo=0.125936 (+12,594 PHP)
Epoch 040/50 | train_loss=-0.000994 val_loss=-0.000806 | train_profit=2.816464 (+281,646 PHP) val_profit=0.313594 (+31,359 PHP) | train_geo=11.821732 (+1,182,173 PHP) val_geo=0.285050 (+28,505 PHP)
Epoch 041/50 | train_loss=-0.000941 val_loss=-0.000821 | train_profit=2.333784 (+233,378 PHP) val_profit=0.382587 (+38,259 PHP) | train_geo=6.904709 (+690,471 PHP) val_geo=0.376970 (+37,697 PHP)
Epoch 042/50 | train_loss=-0.001064 val_loss=-0.000720 | train_profit=2.940084 (+294,008 PHP) val_profit=0.382837 (+38,284 PHP) | train_geo=13.504083 (+1,350,408 PHP) val_geo=0.377246 (+37,725 PHP)
Epoch 043/50 | train_loss=-0.001246 val_loss=-0.000872 | train_profit=2.944978 (+294,498 PHP) val_profit=0.333824 (+33,382 PHP) | train_geo=13.574013 (+1,357,401 PHP) val_geo=0.311064 (+31,106 PHP)
Epoch 044/50 | train_loss=-0.001141 val_loss=-0.001002 | train_profit=3.097886 (+309,789 PHP) val_profit=0.548996 (+54,900 PHP) | train_geo=15.995972 (+1,599,597 PHP) val_geo=0.626400 (+62,640 PHP)
Epoch 045/50 | train_loss=-0.001280 val_loss=-0.000664 | train_profit=3.379701 (+337,970 PHP) val_profit=0.453713 (+45,371 PHP) | train_geo=21.534361 (+2,153,436 PHP) val_geo=0.478575 (+47,857 PHP)
Epoch 046/50 | train_loss=-0.001422 val_loss=-0.001012 | train_profit=3.201717 (+320,172 PHP) val_profit=0.498506 (+49,851 PHP) | train_geo=17.846289 (+1,784,629 PHP) val_geo=0.546205 (+54,621 PHP)
Epoch 047/50 | train_loss=-0.001283 val_loss=-0.000378 | train_profit=3.155797 (+315,580 PHP) val_profit=0.199214 (+19,921 PHP) | train_geo=16.996346 (+1,699,634 PHP) val_geo=0.146013 (+14,601 PHP)
Epoch 048/50 | train_loss=-0.001337 val_loss=-0.000274 | train_profit=3.304641 (+330,464 PHP) val_profit=0.186067 (+18,607 PHP) | train_geo=19.891123 (+1,989,112 PHP) val_geo=0.131066 (+13,107 PHP)
Epoch 049/50 | train_loss=-0.001495 val_loss=-0.000480 | train_profit=3.411984 (+341,198 PHP) val_profit=0.220529 (+22,053 PHP) | train_geo=22.260578 (+2,226,058 PHP) val_geo=0.170628 (+17,063 PHP)
Epoch 050/50 | train_loss=-0.001555 val_loss=-0.000724 | train_profit=3.507384 (+350,738 PHP) val_profit=0.533765 (+53,377 PHP) | train_geo=24.598892 (+2,459,889 PHP) val_geo=0.601985 (+60,198 PHP)
[29/37] PSE:MBT    (weak  ) profit-aware  dir_acc=0.465 cum_ret=+0.0531 geo_ret=+0.0116 sharpe=+0.166 (buy&hold=-0.1243 always_short=+0.0505)
  [9.6s total]
Epoch 001/50 | [MSE] train_loss=0.000617 val_loss=0.000322 | train_profit=-0.666930 (-66,693 PHP) val_profit=-0.576293 (-57,629 PHP) | train_geo=-0.617603 (-61,760 PHP) val_geo=-0.464147 (-46,415 PHP)
Epoch 002/50 | [MSE] train_loss=0.000440 val_loss=0.000317 | train_profit=-1.304570 (-130,457 PHP) val_profit=-0.249255 (-24,925 PHP) | train_geo=-0.798353 (-79,835 PHP) val_geo=-0.256450 (-25,645 PHP)
Epoch 003/50 | [MSE] train_loss=0.000428 val_loss=0.000313 | train_profit=-1.893397 (-189,340 PHP) val_profit=-0.412655 (-41,265 PHP) | train_geo=-0.888217 (-88,822 PHP) val_geo=-0.368583 (-36,858 PHP)
Epoch 004/50 | [MSE] train_loss=0.000416 val_loss=0.000304 | train_profit=-1.741554 (-174,155 PHP) val_profit=-0.174649 (-17,465 PHP) | train_geo=-0.869614 (-86,961 PHP) val_geo=-0.198566 (-19,857 PHP)
Epoch 005/50 | [MSE] train_loss=0.000409 val_loss=0.000304 | train_profit=0.611194 (+61,119 PHP) val_profit=-0.247519 (-24,752 PHP) | train_geo=0.371530 (+37,153 PHP) val_geo=-0.254719 (-25,472 PHP)
Epoch 006/50 | [MSE] train_loss=0.000415 val_loss=0.000304 | train_profit=-1.622329 (-162,233 PHP) val_profit=-0.158515 (-15,852 PHP) | train_geo=-0.853470 (-85,347 PHP) val_geo=-0.185445 (-18,544 PHP)
Epoch 007/50 | [MSE] train_loss=0.000413 val_loss=0.000303 | train_profit=-0.694440 (-69,444 PHP) val_profit=0.050461 (+5,046 PHP) | train_geo=-0.628527 (-62,853 PHP) val_geo=0.003966 (+397 PHP)
Epoch 008/50 | [MSE] train_loss=0.000409 val_loss=0.000303 | train_profit=-1.263729 (-126,373 PHP) val_profit=-0.143486 (-14,349 PHP) | train_geo=-0.790104 (-79,010 PHP) val_geo=-0.173295 (-17,329 PHP)
Epoch 009/50 | [MSE] train_loss=0.000407 val_loss=0.000302 | train_profit=0.064122 (+6,412 PHP) val_profit=0.293739 (+29,374 PHP) | train_geo=-0.206718 (-20,672 PHP) val_geo=0.280384 (+28,038 PHP)
Epoch 010/50 | [MSE] train_loss=0.000407 val_loss=0.000302 | train_profit=-0.211826 (-21,183 PHP) val_profit=0.254108 (+25,411 PHP) | train_geo=-0.397682 (-39,768 PHP) val_geo=0.231173 (+23,117 PHP)
Epoch 011/50 | [MSE] train_loss=0.000411 val_loss=0.000303 | train_profit=-1.145005 (-114,500 PHP) val_profit=-0.000803 (-80 PHP) | train_geo=-0.763474 (-76,347 PHP) val_geo=-0.046062 (-4,606 PHP)
Epoch 012/50 | [MSE] train_loss=0.000407 val_loss=0.000303 | train_profit=-0.040206 (-4,021 PHP) val_profit=-0.011588 (-1,159 PHP) | train_geo=-0.283981 (-28,398 PHP) val_geo=-0.056463 (-5,646 PHP)
Epoch 013/50 | [MSE] train_loss=0.000409 val_loss=0.000302 | train_profit=-1.025397 (-102,540 PHP) val_profit=0.317170 (+31,717 PHP) | train_geo=-0.733465 (-73,346 PHP) val_geo=0.310649 (+31,065 PHP)
Epoch 014/50 | [MSE] train_loss=0.000405 val_loss=0.000303 | train_profit=0.113703 (+11,370 PHP) val_profit=0.022398 (+2,240 PHP) | train_geo=-0.166303 (-16,630 PHP) val_geo=-0.023797 (-2,380 PHP)
Epoch 015/50 | [MSE] train_loss=0.000403 val_loss=0.000302 | train_profit=0.830797 (+83,080 PHP) val_profit=0.212587 (+21,259 PHP) | train_geo=0.714382 (+71,438 PHP) val_geo=0.181210 (+18,121 PHP)
Epoch 016/50 | [MSE] train_loss=0.000402 val_loss=0.000302 | train_profit=0.095819 (+9,582 PHP) val_profit=0.197519 (+19,752 PHP) | train_geo=-0.180501 (-18,050 PHP) val_geo=0.162854 (+16,285 PHP)
Epoch 017/50 | [MSE] train_loss=0.000403 val_loss=0.000302 | train_profit=0.029339 (+2,934 PHP) val_profit=0.152450 (+15,245 PHP) | train_geo=-0.233898 (-23,390 PHP) val_geo=0.111639 (+11,164 PHP)
Epoch 018/50 | [MSE] train_loss=0.000401 val_loss=0.000302 | train_profit=1.432537 (+143,254 PHP) val_profit=0.255347 (+25,535 PHP) | train_geo=2.125872 (+212,587 PHP) val_geo=0.232816 (+23,282 PHP)
Epoch 019/50 | [MSE] train_loss=0.000403 val_loss=0.000304 | train_profit=0.359845 (+35,985 PHP) val_profit=0.007679 (+768 PHP) | train_geo=0.065647 (+6,565 PHP) val_geo=-0.038020 (-3,802 PHP)
Epoch 020/50 | [MSE] train_loss=0.000402 val_loss=0.000302 | train_profit=0.794978 (+79,498 PHP) val_profit=0.127625 (+12,763 PHP) | train_geo=0.650989 (+65,099 PHP) val_geo=0.084428 (+8,443 PHP)
Epoch 021/50 | [MSE] train_loss=0.000403 val_loss=0.000302 | train_profit=1.370549 (+137,055 PHP) val_profit=0.141630 (+14,163 PHP) | train_geo=1.936183 (+193,618 PHP) val_geo=0.099723 (+9,972 PHP)
Epoch 022/50 | [MSE] train_loss=0.000405 val_loss=0.000303 | train_profit=0.181083 (+18,108 PHP) val_profit=-0.152869 (-15,287 PHP) | train_geo=-0.108215 (-10,821 PHP) val_geo=-0.180891 (-18,089 PHP)
Epoch 023/50 | [MSE] train_loss=0.000403 val_loss=0.000302 | train_profit=0.200606 (+20,061 PHP) val_profit=0.214815 (+21,481 PHP) | train_geo=-0.091401 (-9,140 PHP) val_geo=0.183709 (+18,371 PHP)
Epoch 024/50 | [MSE] train_loss=0.000400 val_loss=0.000301 | train_profit=1.479830 (+147,983 PHP) val_profit=0.338239 (+33,824 PHP) | train_geo=2.273687 (+227,369 PHP) val_geo=0.339295 (+33,930 PHP)
Epoch 025/50 | [MSE] train_loss=0.000400 val_loss=0.000302 | train_profit=1.157530 (+115,753 PHP) val_profit=-0.152623 (-15,262 PHP) | train_geo=1.368495 (+136,849 PHP) val_geo=-0.180643 (-18,064 PHP)
Epoch 026/50 | [MSE] train_loss=0.000403 val_loss=0.000300 | train_profit=0.963357 (+96,336 PHP) val_profit=0.521163 (+52,116 PHP) | train_geo=0.950662 (+95,066 PHP) val_geo=0.607986 (+60,799 PHP)
Epoch 027/50 | [MSE] train_loss=0.000401 val_loss=0.000301 | train_profit=0.554985 (+55,498 PHP) val_profit=0.084492 (+8,449 PHP) | train_geo=0.295989 (+29,599 PHP) val_geo=0.038938 (+3,894 PHP)
Epoch 028/50 | [MSE] train_loss=0.000400 val_loss=0.000302 | train_profit=1.662942 (+166,294 PHP) val_profit=0.391158 (+39,116 PHP) | train_geo=2.932298 (+293,230 PHP) val_geo=0.412110 (+41,211 PHP)
Epoch 029/50 | [MSE] train_loss=0.000400 val_loss=0.000303 | train_profit=1.112884 (+111,288 PHP) val_profit=-0.079961 (-7,996 PHP) | train_geo=1.266819 (+126,682 PHP) val_geo=-0.118669 (-11,867 PHP)
Epoch 030/50 | [MSE] train_loss=0.000397 val_loss=0.000302 | train_profit=1.542871 (+154,287 PHP) val_profit=0.140766 (+14,077 PHP) | train_geo=2.486960 (+248,696 PHP) val_geo=0.099024 (+9,902 PHP)
Epoch 031/50 | [MSE] train_loss=0.000400 val_loss=0.000301 | train_profit=1.423581 (+142,358 PHP) val_profit=0.375159 (+37,516 PHP) | train_geo=2.096286 (+209,629 PHP) val_geo=0.389633 (+38,963 PHP)
Epoch 032/50 | [MSE] train_loss=0.000399 val_loss=0.000302 | train_profit=0.891797 (+89,180 PHP) val_profit=0.220618 (+22,062 PHP) | train_geo=0.816047 (+81,605 PHP) val_geo=0.190348 (+19,035 PHP)
Epoch 033/50 | [MSE] train_loss=0.000401 val_loss=0.000301 | train_profit=1.222855 (+122,285 PHP) val_profit=0.443949 (+44,395 PHP) | train_geo=1.532051 (+153,205 PHP) val_geo=0.488803 (+48,880 PHP)
Epoch 034/50 | [MSE] train_loss=0.000398 val_loss=0.000300 | train_profit=1.695788 (+169,579 PHP) val_profit=0.429936 (+42,994 PHP) | train_geo=3.062624 (+306,262 PHP) val_geo=0.467905 (+46,790 PHP)
Epoch 035/50 | [MSE] train_loss=0.000395 val_loss=0.000302 | train_profit=1.479554 (+147,955 PHP) val_profit=-0.099210 (-9,921 PHP) | train_geo=2.270156 (+227,016 PHP) val_geo=-0.135758 (-13,576 PHP)
Epoch 036/50 | [MSE] train_loss=0.000396 val_loss=0.000300 | train_profit=2.078747 (+207,875 PHP) val_profit=0.455631 (+45,563 PHP) | train_geo=4.961353 (+496,135 PHP) val_geo=0.506278 (+50,628 PHP)
Epoch 037/50 | [MSE] train_loss=0.000395 val_loss=0.000303 | train_profit=2.177225 (+217,723 PHP) val_profit=-0.120389 (-12,039 PHP) | train_geo=5.576831 (+557,683 PHP) val_geo=-0.154004 (-15,400 PHP)
Epoch 038/50 | [MSE] train_loss=0.000395 val_loss=0.000301 | train_profit=1.871448 (+187,145 PHP) val_profit=0.308695 (+30,869 PHP) | train_geo=3.843040 (+384,304 PHP) val_geo=0.300058 (+30,006 PHP)
Epoch 039/50 | [MSE] train_loss=0.000394 val_loss=0.000301 | train_profit=1.950593 (+195,059 PHP) val_profit=0.134873 (+13,487 PHP) | train_geo=4.240349 (+424,035 PHP) val_geo=0.092685 (+9,268 PHP)
Epoch 040/50 | [MSE] train_loss=0.000397 val_loss=0.000302 | train_profit=1.628728 (+162,873 PHP) val_profit=0.304218 (+30,422 PHP) | train_geo=2.798275 (+279,828 PHP) val_geo=0.294180 (+29,418 PHP)
Epoch 041/50 | [MSE] train_loss=0.000396 val_loss=0.000301 | train_profit=1.291128 (+129,113 PHP) val_profit=0.096905 (+9,690 PHP) | train_geo=1.706354 (+170,635 PHP) val_geo=0.051717 (+5,172 PHP)
Epoch 042/50 | [MSE] train_loss=0.000395 val_loss=0.000300 | train_profit=1.733846 (+173,385 PHP) val_profit=0.223699 (+22,370 PHP) | train_geo=3.219302 (+321,930 PHP) val_geo=0.194045 (+19,404 PHP)
Epoch 043/50 | [MSE] train_loss=0.000391 val_loss=0.000299 | train_profit=1.818135 (+181,813 PHP) val_profit=0.233955 (+23,396 PHP) | train_geo=3.585291 (+358,529 PHP) val_geo=0.206311 (+20,631 PHP)
Epoch 044/50 | [MSE] train_loss=0.000394 val_loss=0.000302 | train_profit=1.815268 (+181,527 PHP) val_profit=0.055290 (+5,529 PHP) | train_geo=3.571439 (+357,144 PHP) val_geo=0.008654 (+865 PHP)
Epoch 045/50 | [MSE] train_loss=0.000390 val_loss=0.000301 | train_profit=2.484615 (+248,462 PHP) val_profit=0.303608 (+30,361 PHP) | train_geo=7.945159 (+794,516 PHP) val_geo=0.293474 (+29,347 PHP)
Epoch 046/50 | [MSE] train_loss=0.000389 val_loss=0.000303 | train_profit=2.430392 (+243,039 PHP) val_profit=0.135390 (+13,539 PHP) | train_geo=7.470436 (+747,044 PHP) val_geo=0.092949 (+9,295 PHP)
Epoch 047/50 | [MSE] train_loss=0.000391 val_loss=0.000302 | train_profit=1.737742 (+173,774 PHP) val_profit=0.066227 (+6,623 PHP) | train_geo=3.234339 (+323,434 PHP) val_geo=0.019814 (+1,981 PHP)
Epoch 048/50 | [MSE] train_loss=0.000388 val_loss=0.000304 | train_profit=2.839953 (+283,995 PHP) val_profit=0.091433 (+9,143 PHP) | train_geo=11.768935 (+1,176,894 PHP) val_geo=0.045914 (+4,591 PHP)
Epoch 049/50 | [MSE] train_loss=0.000388 val_loss=0.000301 | train_profit=2.646519 (+264,652 PHP) val_profit=0.210498 (+21,050 PHP) | train_geo=9.508671 (+950,867 PHP) val_geo=0.178111 (+17,811 PHP)
Epoch 050/50 | [MSE] train_loss=0.000389 val_loss=0.000301 | train_profit=2.377595 (+237,759 PHP) val_profit=0.282597 (+28,260 PHP) | train_geo=7.033557 (+703,356 PHP) val_geo=0.266677 (+26,668 PHP)
[30/37] PSE:SM     (weak  ) mse           dir_acc=0.510 cum_ret=+0.3800 geo_ret=+0.4073 sharpe=+1.235 (buy&hold=-0.3478 always_short=+0.4193)
  [10.1s total]
Epoch 001/50 | train_loss=0.000679 val_loss=0.000097 | train_profit=-0.235627 (-23,563 PHP) val_profit=0.284055 (+28,406 PHP) | train_geo=-0.411554 (-41,155 PHP) val_geo=0.267707 (+26,771 PHP)
Epoch 002/50 | train_loss=0.000628 val_loss=0.000003 | train_profit=-0.014526 (-1,453 PHP) val_profit=0.327932 (+32,793 PHP) | train_geo=-0.265094 (-26,509 PHP) val_geo=0.324659 (+32,466 PHP)
Epoch 003/50 | train_loss=0.000922 val_loss=0.001025 | train_profit=-0.191768 (-19,177 PHP) val_profit=-0.015801 (-1,580 PHP) | train_geo=-0.384737 (-38,474 PHP) val_geo=-0.060614 (-6,061 PHP)
Epoch 004/50 | train_loss=0.000508 val_loss=-0.000030 | train_profit=0.164460 (+16,446 PHP) val_profit=0.093910 (+9,391 PHP) | train_geo=-0.120974 (-12,097 PHP) val_geo=0.048415 (+4,841 PHP)
Epoch 005/50 | train_loss=0.000208 val_loss=-0.000176 | train_profit=0.125039 (+12,504 PHP) val_profit=-0.137834 (-13,783 PHP) | train_geo=-0.154887 (-15,489 PHP) val_geo=-0.168776 (-16,878 PHP)
Epoch 006/50 | train_loss=0.000246 val_loss=-0.000055 | train_profit=-0.354631 (-35,463 PHP) val_profit=-0.046904 (-4,690 PHP) | train_geo=-0.477532 (-47,753 PHP) val_geo=-0.089476 (-8,948 PHP)
Epoch 007/50 | train_loss=0.000235 val_loss=-0.000098 | train_profit=0.073748 (+7,375 PHP) val_profit=0.112891 (+11,289 PHP) | train_geo=-0.197335 (-19,734 PHP) val_geo=0.068139 (+6,814 PHP)
Epoch 008/50 | train_loss=0.000251 val_loss=-0.000290 | train_profit=-0.233975 (-23,397 PHP) val_profit=0.024858 (+2,486 PHP) | train_geo=-0.410348 (-41,035 PHP) val_geo=-0.022046 (-2,205 PHP)
Epoch 009/50 | train_loss=0.000190 val_loss=-0.000116 | train_profit=-0.078147 (-7,815 PHP) val_profit=0.121195 (+12,120 PHP) | train_geo=-0.311004 (-31,100 PHP) val_geo=0.077236 (+7,724 PHP)
Epoch 010/50 | train_loss=0.000099 val_loss=-0.000093 | train_profit=0.236010 (+23,601 PHP) val_profit=0.107530 (+10,753 PHP) | train_geo=-0.055863 (-5,586 PHP) val_geo=0.062683 (+6,268 PHP)
Epoch 011/50 | train_loss=0.000146 val_loss=0.000021 | train_profit=0.670132 (+67,013 PHP) val_profit=0.117959 (+11,796 PHP) | train_geo=0.457192 (+45,719 PHP) val_geo=0.073971 (+7,397 PHP)
Epoch 012/50 | train_loss=0.000224 val_loss=-0.000296 | train_profit=0.321183 (+32,118 PHP) val_profit=0.365786 (+36,579 PHP) | train_geo=0.027786 (+2,779 PHP) val_geo=0.376168 (+37,617 PHP)
Epoch 013/50 | train_loss=0.000154 val_loss=-0.000069 | train_profit=0.259582 (+25,958 PHP) val_profit=0.068651 (+6,865 PHP) | train_geo=-0.033781 (-3,378 PHP) val_geo=0.022223 (+2,222 PHP)
Epoch 014/50 | train_loss=-0.000045 val_loss=-0.000288 | train_profit=0.573319 (+57,332 PHP) val_profit=0.115185 (+11,518 PHP) | train_geo=0.321621 (+32,162 PHP) val_geo=0.070839 (+7,084 PHP)
Epoch 015/50 | train_loss=-0.000137 val_loss=-0.000244 | train_profit=1.174014 (+117,401 PHP) val_profit=0.373271 (+37,327 PHP) | train_geo=1.415353 (+141,535 PHP) val_geo=0.386979 (+38,698 PHP)
Epoch 016/50 | train_loss=-0.000109 val_loss=-0.000387 | train_profit=0.248920 (+24,892 PHP) val_profit=0.579395 (+57,939 PHP) | train_geo=-0.044267 (-4,427 PHP) val_geo=0.704628 (+70,463 PHP)
Epoch 017/50 | train_loss=-0.000311 val_loss=-0.000337 | train_profit=0.889617 (+88,962 PHP) val_profit=0.172896 (+17,290 PHP) | train_geo=0.813480 (+81,348 PHP) val_geo=0.134285 (+13,429 PHP)
Epoch 018/50 | train_loss=-0.000492 val_loss=-0.000445 | train_profit=1.508250 (+150,825 PHP) val_profit=0.225228 (+22,523 PHP) | train_geo=2.369384 (+236,938 PHP) val_geo=0.195805 (+19,580 PHP)
Epoch 019/50 | train_loss=-0.000507 val_loss=-0.000471 | train_profit=1.756091 (+175,609 PHP) val_profit=0.360788 (+36,079 PHP) | train_geo=3.319191 (+331,919 PHP) val_geo=0.369193 (+36,919 PHP)
Epoch 020/50 | train_loss=-0.000410 val_loss=-0.000353 | train_profit=0.938635 (+93,864 PHP) val_profit=0.355129 (+35,513 PHP) | train_geo=0.905478 (+90,548 PHP) val_geo=0.361835 (+36,184 PHP)
Epoch 021/50 | train_loss=-0.000147 val_loss=0.000318 | train_profit=0.792914 (+79,291 PHP) val_profit=0.013801 (+1,380 PHP) | train_geo=0.647018 (+64,702 PHP) val_geo=-0.032701 (-3,270 PHP)
Epoch 022/50 | train_loss=-0.000268 val_loss=-0.000278 | train_profit=0.723235 (+72,323 PHP) val_profit=0.171876 (+17,188 PHP) | train_geo=0.537228 (+53,723 PHP) val_geo=0.133277 (+13,328 PHP)
Epoch 023/50 | train_loss=-0.000384 val_loss=-0.000696 | train_profit=1.149495 (+114,949 PHP) val_profit=0.500759 (+50,076 PHP) | train_geo=1.354197 (+135,420 PHP) val_geo=0.575429 (+57,543 PHP)
Epoch 024/50 | train_loss=-0.000572 val_loss=-0.000277 | train_profit=1.592394 (+159,239 PHP) val_profit=0.224264 (+22,426 PHP) | train_geo=2.668905 (+266,891 PHP) val_geo=0.194399 (+19,440 PHP)
Epoch 025/50 | train_loss=-0.000650 val_loss=-0.000562 | train_profit=1.599584 (+159,958 PHP) val_profit=0.432735 (+43,273 PHP) | train_geo=2.693755 (+269,375 PHP) val_geo=0.471677 (+47,168 PHP)
Epoch 026/50 | train_loss=-0.000625 val_loss=-0.000568 | train_profit=1.512431 (+151,243 PHP) val_profit=0.451272 (+45,127 PHP) | train_geo=2.384718 (+238,472 PHP) val_geo=0.499310 (+49,931 PHP)
Epoch 027/50 | train_loss=-0.000485 val_loss=-0.000367 | train_profit=1.357452 (+135,745 PHP) val_profit=0.408107 (+40,811 PHP) | train_geo=1.898715 (+189,872 PHP) val_geo=0.435867 (+43,587 PHP)
Epoch 028/50 | train_loss=-0.000811 val_loss=-0.000083 | train_profit=1.919592 (+191,959 PHP) val_profit=0.107235 (+10,723 PHP) | train_geo=4.085058 (+408,506 PHP) val_geo=0.062250 (+6,225 PHP)
Epoch 029/50 | train_loss=-0.000616 val_loss=-0.000783 | train_profit=1.342475 (+134,247 PHP) val_profit=0.437852 (+43,785 PHP) | train_geo=1.852033 (+185,203 PHP) val_geo=0.479567 (+47,957 PHP)
Epoch 030/50 | train_loss=-0.001289 val_loss=-0.000603 | train_profit=3.158238 (+315,824 PHP) val_profit=0.360385 (+36,038 PHP) | train_geo=16.558470 (+1,655,847 PHP) val_geo=0.368613 (+36,861 PHP)
Epoch 031/50 | train_loss=-0.000850 val_loss=-0.000055 | train_profit=2.613332 (+261,333 PHP) val_profit=0.293384 (+29,338 PHP) | train_geo=9.197711 (+919,771 PHP) val_geo=0.279927 (+27,993 PHP)
Epoch 032/50 | train_loss=-0.000939 val_loss=-0.000705 | train_profit=1.509798 (+150,980 PHP) val_profit=0.361172 (+36,117 PHP) | train_geo=2.374570 (+237,457 PHP) val_geo=0.370087 (+37,009 PHP)
Epoch 033/50 | train_loss=-0.001196 val_loss=-0.000784 | train_profit=2.595558 (+259,556 PHP) val_profit=0.276083 (+27,608 PHP) | train_geo=9.006960 (+900,696 PHP) val_geo=0.257793 (+25,779 PHP)
Epoch 034/50 | train_loss=-0.001308 val_loss=-0.000869 | train_profit=3.295462 (+329,546 PHP) val_profit=0.504724 (+50,472 PHP) | train_geo=19.155943 (+1,915,594 PHP) val_geo=0.581408 (+58,141 PHP)
Epoch 035/50 | train_loss=-0.001489 val_loss=-0.000804 | train_profit=3.447331 (+344,733 PHP) val_profit=0.321638 (+32,164 PHP) | train_geo=22.499384 (+2,249,938 PHP) val_geo=0.316714 (+31,671 PHP)
Epoch 036/50 | train_loss=-0.001183 val_loss=-0.000645 | train_profit=2.530601 (+253,060 PHP) val_profit=0.320937 (+32,094 PHP) | train_geo=8.363138 (+836,314 PHP) val_geo=0.315806 (+31,581 PHP)
Epoch 037/50 | train_loss=-0.001232 val_loss=-0.000423 | train_profit=2.941460 (+294,146 PHP) val_profit=0.082589 (+8,259 PHP) | train_geo=13.147073 (+1,314,707 PHP) val_geo=0.036050 (+3,605 PHP)
Epoch 038/50 | train_loss=-0.001532 val_loss=-0.000699 | train_profit=3.482811 (+348,281 PHP) val_profit=0.318014 (+31,801 PHP) | train_geo=23.347956 (+2,334,796 PHP) val_geo=0.311682 (+31,168 PHP)
Epoch 039/50 | train_loss=-0.001414 val_loss=-0.000488 | train_profit=3.084663 (+308,466 PHP) val_profit=0.288850 (+28,885 PHP) | train_geo=15.310129 (+1,531,013 PHP) val_geo=0.274254 (+27,425 PHP)
Epoch 040/50 | train_loss=-0.001465 val_loss=-0.000506 | train_profit=2.820985 (+282,099 PHP) val_profit=0.230115 (+23,011 PHP) | train_geo=11.518321 (+1,151,832 PHP) val_geo=0.201308 (+20,131 PHP)
Epoch 041/50 | train_loss=-0.001374 val_loss=-0.000594 | train_profit=2.950314 (+295,031 PHP) val_profit=0.284067 (+28,407 PHP) | train_geo=13.260579 (+1,326,058 PHP) val_geo=0.268581 (+26,858 PHP)
Epoch 042/50 | train_loss=-0.001578 val_loss=-0.000532 | train_profit=3.493751 (+349,375 PHP) val_profit=0.200070 (+20,007 PHP) | train_geo=23.573233 (+2,357,323 PHP) val_geo=0.166445 (+16,645 PHP)
Epoch 043/50 | train_loss=-0.001568 val_loss=-0.000130 | train_profit=3.400572 (+340,057 PHP) val_profit=-0.001988 (-199 PHP) | train_geo=21.397732 (+2,139,773 PHP) val_geo=-0.047359 (-4,736 PHP)
Epoch 044/50 | train_loss=-0.001670 val_loss=-0.000305 | train_profit=3.398231 (+339,823 PHP) val_profit=0.211484 (+21,148 PHP) | train_geo=21.318281 (+2,131,828 PHP) val_geo=0.179709 (+17,971 PHP)
Epoch 045/50 | train_loss=-0.001817 val_loss=-0.000557 | train_profit=3.690047 (+369,005 PHP) val_profit=0.402204 (+40,220 PHP) | train_geo=28.907845 (+2,890,784 PHP) val_geo=0.427482 (+42,748 PHP)
Epoch 046/50 | train_loss=-0.001637 val_loss=0.000176 | train_profit=3.529604 (+352,960 PHP) val_profit=-0.060992 (-6,099 PHP) | train_geo=24.475367 (+2,447,537 PHP) val_geo=-0.102191 (-10,219 PHP)
Epoch 047/50 | train_loss=-0.001705 val_loss=-0.000189 | train_profit=3.370821 (+337,082 PHP) val_profit=0.219489 (+21,949 PHP) | train_geo=20.716318 (+2,071,632 PHP) val_geo=0.189335 (+18,934 PHP)
Epoch 048/50 | train_loss=-0.001422 val_loss=0.000056 | train_profit=3.203037 (+320,304 PHP) val_profit=0.091112 (+9,111 PHP) | train_geo=17.384573 (+1,738,457 PHP) val_geo=0.045780 (+4,578 PHP)
Epoch 049/50 | train_loss=-0.001250 val_loss=-0.000337 | train_profit=2.469304 (+246,930 PHP) val_profit=0.199232 (+19,923 PHP) | train_geo=7.811424 (+781,142 PHP) val_geo=0.165239 (+16,524 PHP)
Epoch 050/50 | train_loss=-0.001974 val_loss=-0.000374 | train_profit=4.213517 (+421,352 PHP) val_profit=0.350920 (+35,092 PHP) | train_geo=49.462273 (+4,946,228 PHP) val_geo=0.356420 (+35,642 PHP)
[30/37] PSE:SM     (weak  ) profit-aware  dir_acc=0.503 cum_ret=+0.3382 geo_ret=+0.3495 sharpe=+1.097 (buy&hold=-0.3478 always_short=+0.4193)
  [12.7s total]
Epoch 001/50 | [MSE] train_loss=0.001040 val_loss=0.000470 | train_profit=-1.441833 (-144,183 PHP) val_profit=0.179493 (+17,949 PHP) | train_geo=-0.851436 (-85,144 PHP) val_geo=0.127536 (+12,754 PHP)
Epoch 002/50 | [MSE] train_loss=0.000731 val_loss=0.000431 | train_profit=-2.073379 (-207,338 PHP) val_profit=0.179493 (+17,949 PHP) | train_geo=-0.920946 (-92,095 PHP) val_geo=0.127536 (+12,754 PHP)
Epoch 003/50 | [MSE] train_loss=0.000681 val_loss=0.000401 | train_profit=-0.316140 (-31,614 PHP) val_profit=0.179493 (+17,949 PHP) | train_geo=-0.539604 (-53,960 PHP) val_geo=0.127536 (+12,754 PHP)
Epoch 004/50 | [MSE] train_loss=0.000666 val_loss=0.000404 | train_profit=-0.159924 (-15,992 PHP) val_profit=0.179493 (+17,949 PHP) | train_geo=-0.460041 (-46,004 PHP) val_geo=0.127536 (+12,754 PHP)
Epoch 005/50 | [MSE] train_loss=0.000656 val_loss=0.000395 | train_profit=-0.283280 (-28,328 PHP) val_profit=0.224554 (+22,455 PHP) | train_geo=-0.525129 (-52,513 PHP) val_geo=0.179404 (+17,940 PHP)
Epoch 006/50 | [MSE] train_loss=0.000652 val_loss=0.000388 | train_profit=-0.157916 (-15,792 PHP) val_profit=0.242611 (+24,261 PHP) | train_geo=-0.459156 (-45,916 PHP) val_geo=0.200900 (+20,090 PHP)
Epoch 007/50 | [MSE] train_loss=0.000661 val_loss=0.000389 | train_profit=-1.671628 (-167,163 PHP) val_profit=0.278510 (+27,851 PHP) | train_geo=-0.881654 (-88,165 PHP) val_geo=0.244930 (+24,493 PHP)
Epoch 008/50 | [MSE] train_loss=0.000655 val_loss=0.000386 | train_profit=-0.698363 (-69,836 PHP) val_profit=0.113525 (+11,352 PHP) | train_geo=-0.686051 (-68,605 PHP) val_geo=0.055199 (+5,520 PHP)
Epoch 009/50 | [MSE] train_loss=0.000646 val_loss=0.000387 | train_profit=-1.185862 (-118,586 PHP) val_profit=0.260526 (+26,053 PHP) | train_geo=-0.807654 (-80,765 PHP) val_geo=0.222695 (+22,270 PHP)
Epoch 010/50 | [MSE] train_loss=0.000644 val_loss=0.000386 | train_profit=1.277891 (+127,789 PHP) val_profit=0.157341 (+15,734 PHP) | train_geo=1.280414 (+128,041 PHP) val_geo=0.102572 (+10,257 PHP)
Epoch 011/50 | [MSE] train_loss=0.000650 val_loss=0.000386 | train_profit=-0.269682 (-26,968 PHP) val_profit=0.211256 (+21,126 PHP) | train_geo=-0.517410 (-51,741 PHP) val_geo=0.163648 (+16,365 PHP)
Epoch 012/50 | [MSE] train_loss=0.000642 val_loss=0.000386 | train_profit=-0.072007 (-7,201 PHP) val_profit=0.198169 (+19,817 PHP) | train_geo=-0.412808 (-41,281 PHP) val_geo=0.148404 (+14,840 PHP)
Epoch 013/50 | [MSE] train_loss=0.000643 val_loss=0.000386 | train_profit=0.111333 (+11,133 PHP) val_profit=0.267553 (+26,755 PHP) | train_geo=-0.291067 (-29,107 PHP) val_geo=0.231211 (+23,121 PHP)
Epoch 014/50 | [MSE] train_loss=0.000650 val_loss=0.000385 | train_profit=-1.306701 (-130,670 PHP) val_profit=0.318239 (+31,824 PHP) | train_geo=-0.829483 (-82,948 PHP) val_geo=0.295393 (+29,539 PHP)
Epoch 015/50 | [MSE] train_loss=0.000639 val_loss=0.000386 | train_profit=0.931184 (+93,118 PHP) val_profit=0.209818 (+20,982 PHP) | train_geo=0.607970 (+60,797 PHP) val_geo=0.162048 (+16,205 PHP)
Epoch 016/50 | [MSE] train_loss=0.000643 val_loss=0.000386 | train_profit=-0.702078 (-70,208 PHP) val_profit=0.350089 (+35,009 PHP) | train_geo=-0.687106 (-68,711 PHP) val_geo=0.337350 (+33,735 PHP)
Epoch 017/50 | [MSE] train_loss=0.000643 val_loss=0.000386 | train_profit=-0.138751 (-13,875 PHP) val_profit=0.185236 (+18,524 PHP) | train_geo=-0.449715 (-44,971 PHP) val_geo=0.133684 (+13,368 PHP)
Epoch 018/50 | [MSE] train_loss=0.000640 val_loss=0.000387 | train_profit=1.320706 (+132,071 PHP) val_profit=0.295164 (+29,516 PHP) | train_geo=1.374687 (+137,469 PHP) val_geo=0.265837 (+26,584 PHP)
Epoch 019/50 | [MSE] train_loss=0.000641 val_loss=0.000387 | train_profit=0.614041 (+61,404 PHP) val_profit=-0.191389 (-19,139 PHP) | train_geo=0.169369 (+16,937 PHP) val_geo=-0.222188 (-22,219 PHP)
Epoch 020/50 | [MSE] train_loss=0.000638 val_loss=0.000385 | train_profit=1.483283 (+148,328 PHP) val_profit=0.383499 (+38,350 PHP) | train_geo=1.797285 (+179,728 PHP) val_geo=0.382937 (+38,294 PHP)
Epoch 021/50 | [MSE] train_loss=0.000641 val_loss=0.000386 | train_profit=0.730537 (+73,054 PHP) val_profit=0.097245 (+9,725 PHP) | train_geo=0.314770 (+31,477 PHP) val_geo=0.038089 (+3,809 PHP)
Epoch 022/50 | [MSE] train_loss=0.000641 val_loss=0.000387 | train_profit=0.500768 (+50,077 PHP) val_profit=0.158483 (+15,848 PHP) | train_geo=0.044975 (+4,497 PHP) val_geo=0.104027 (+10,403 PHP)
Epoch 023/50 | [MSE] train_loss=0.000644 val_loss=0.000386 | train_profit=-0.266639 (-26,664 PHP) val_profit=0.253271 (+25,327 PHP) | train_geo=-0.516183 (-51,618 PHP) val_geo=0.213748 (+21,375 PHP)
Epoch 024/50 | [MSE] train_loss=0.000640 val_loss=0.000386 | train_profit=1.386904 (+138,690 PHP) val_profit=0.377748 (+37,775 PHP) | train_geo=1.538123 (+153,812 PHP) val_geo=0.374880 (+37,488 PHP)
Epoch 025/50 | [MSE] train_loss=0.000642 val_loss=0.000386 | train_profit=0.326434 (+32,643 PHP) val_profit=0.211126 (+21,113 PHP) | train_geo=-0.123632 (-12,363 PHP) val_geo=0.163559 (+16,356 PHP)
Epoch 026/50 | [MSE] train_loss=0.000642 val_loss=0.000386 | train_profit=0.199525 (+19,953 PHP) val_profit=0.307311 (+30,731 PHP) | train_geo=-0.228743 (-22,874 PHP) val_geo=0.281362 (+28,136 PHP)
Epoch 027/50 | [MSE] train_loss=0.000640 val_loss=0.000386 | train_profit=0.809423 (+80,942 PHP) val_profit=0.295015 (+29,502 PHP) | train_geo=0.424906 (+42,491 PHP) val_geo=0.265715 (+26,572 PHP)
Epoch 028/50 | [MSE] train_loss=0.000640 val_loss=0.000386 | train_profit=0.368903 (+36,890 PHP) val_profit=0.337369 (+33,737 PHP) | train_geo=-0.085512 (-8,551 PHP) val_geo=0.320606 (+32,061 PHP)
Epoch 029/50 | [MSE] train_loss=0.000643 val_loss=0.000386 | train_profit=0.294892 (+29,489 PHP) val_profit=0.242463 (+24,246 PHP) | train_geo=-0.150871 (-15,087 PHP) val_geo=0.200612 (+20,061 PHP)
Epoch 030/50 | [MSE] train_loss=0.000641 val_loss=0.000387 | train_profit=-0.155368 (-15,537 PHP) val_profit=0.360706 (+36,071 PHP) | train_geo=-0.458572 (-45,857 PHP) val_geo=0.351758 (+35,176 PHP)
Epoch 031/50 | [MSE] train_loss=0.000638 val_loss=0.000388 | train_profit=-0.455601 (-45,560 PHP) val_profit=0.309776 (+30,978 PHP) | train_geo=-0.599735 (-59,973 PHP) val_geo=0.284406 (+28,441 PHP)
Epoch 032/50 | [MSE] train_loss=0.000641 val_loss=0.000387 | train_profit=0.916523 (+91,652 PHP) val_profit=0.229912 (+22,991 PHP) | train_geo=0.582767 (+58,277 PHP) val_geo=0.185883 (+18,588 PHP)
Epoch 033/50 | [MSE] train_loss=0.000641 val_loss=0.000387 | train_profit=0.895024 (+89,502 PHP) val_profit=0.452345 (+45,234 PHP) | train_geo=0.548789 (+54,879 PHP) val_geo=0.481580 (+48,158 PHP)
Epoch 034/50 | [MSE] train_loss=0.000640 val_loss=0.000387 | train_profit=0.910106 (+91,011 PHP) val_profit=0.446284 (+44,628 PHP) | train_geo=0.574990 (+57,499 PHP) val_geo=0.472646 (+47,265 PHP)
Epoch 035/50 | [MSE] train_loss=0.000642 val_loss=0.000388 | train_profit=0.606489 (+60,649 PHP) val_profit=0.310659 (+31,066 PHP) | train_geo=0.159284 (+15,928 PHP) val_geo=0.285658 (+28,566 PHP)
Epoch 036/50 | [MSE] train_loss=0.000640 val_loss=0.000386 | train_profit=0.450573 (+45,057 PHP) val_profit=0.345858 (+34,586 PHP) | train_geo=-0.006647 (-665 PHP) val_geo=0.331745 (+33,175 PHP)
Epoch 037/50 | [MSE] train_loss=0.000641 val_loss=0.000387 | train_profit=0.362429 (+36,243 PHP) val_profit=0.322431 (+32,243 PHP) | train_geo=-0.092327 (-9,233 PHP) val_geo=0.300870 (+30,087 PHP)
Epoch 038/50 | [MSE] train_loss=0.000640 val_loss=0.000387 | train_profit=0.783653 (+78,365 PHP) val_profit=0.367455 (+36,746 PHP) | train_geo=0.384909 (+38,491 PHP) val_geo=0.360833 (+36,083 PHP)
Epoch 039/50 | [MSE] train_loss=0.000641 val_loss=0.000386 | train_profit=0.642489 (+64,249 PHP) val_profit=0.366684 (+36,668 PHP) | train_geo=0.202693 (+20,269 PHP) val_geo=0.359919 (+35,992 PHP)
Epoch 040/50 | [MSE] train_loss=0.000639 val_loss=0.000388 | train_profit=1.092689 (+109,269 PHP) val_profit=0.434920 (+43,492 PHP) | train_geo=0.889826 (+88,983 PHP) val_geo=0.456022 (+45,602 PHP)
Epoch 041/50 | [MSE] train_loss=0.000639 val_loss=0.000390 | train_profit=1.647213 (+164,721 PHP) val_profit=0.327222 (+32,722 PHP) | train_geo=2.293245 (+229,324 PHP) val_geo=0.307200 (+30,720 PHP)
Epoch 042/50 | [MSE] train_loss=0.000641 val_loss=0.000389 | train_profit=1.337101 (+133,710 PHP) val_profit=0.286747 (+28,675 PHP) | train_geo=1.409825 (+140,983 PHP) val_geo=0.255253 (+25,525 PHP)
Epoch 043/50 | [MSE] train_loss=0.000642 val_loss=0.000389 | train_profit=0.309089 (+30,909 PHP) val_profit=0.434920 (+43,492 PHP) | train_geo=-0.137815 (-13,782 PHP) val_geo=0.456066 (+45,607 PHP)
Epoch 044/50 | [MSE] train_loss=0.000638 val_loss=0.000391 | train_profit=0.843808 (+84,381 PHP) val_profit=0.327222 (+32,722 PHP) | train_geo=0.472190 (+47,219 PHP) val_geo=0.307200 (+30,720 PHP)
Epoch 045/50 | [MSE] train_loss=0.000642 val_loss=0.000391 | train_profit=0.926859 (+92,686 PHP) val_profit=0.270440 (+27,044 PHP) | train_geo=0.599619 (+59,962 PHP) val_geo=0.234779 (+23,478 PHP)
Epoch 046/50 | [MSE] train_loss=0.000640 val_loss=0.000390 | train_profit=0.463781 (+46,378 PHP) val_profit=0.439254 (+43,925 PHP) | train_geo=0.006256 (+626 PHP) val_geo=0.462326 (+46,233 PHP)
Epoch 047/50 | [MSE] train_loss=0.000641 val_loss=0.000393 | train_profit=0.886977 (+88,698 PHP) val_profit=0.389556 (+38,956 PHP) | train_geo=0.537659 (+53,766 PHP) val_geo=0.391152 (+39,115 PHP)
Epoch 048/50 | [MSE] train_loss=0.000641 val_loss=0.000391 | train_profit=0.913004 (+91,300 PHP) val_profit=0.327222 (+32,722 PHP) | train_geo=0.575560 (+57,556 PHP) val_geo=0.307200 (+30,720 PHP)
Epoch 049/50 | [MSE] train_loss=0.000642 val_loss=0.000393 | train_profit=0.869037 (+86,904 PHP) val_profit=0.405803 (+40,580 PHP) | train_geo=0.510498 (+51,050 PHP) val_geo=0.413996 (+41,400 PHP)
Epoch 050/50 | [MSE] train_loss=0.000642 val_loss=0.000393 | train_profit=0.869377 (+86,938 PHP) val_profit=0.328589 (+32,859 PHP) | train_geo=0.509316 (+50,932 PHP) val_geo=0.308878 (+30,888 PHP)
[31/37] PSE:AEV    (weak  ) mse           dir_acc=0.455 cum_ret=+0.0287 geo_ret=-0.0339 sharpe=+0.072 (buy&hold=+0.0497 always_short=-0.1612)
  [10.7s total]
Epoch 001/50 | train_loss=0.001746 val_loss=0.002233 | train_profit=-0.149226 (-14,923 PHP) val_profit=-0.181493 (-18,149 PHP) | train_geo=-0.456055 (-45,606 PHP) val_geo=-0.213842 (-21,384 PHP)
Epoch 002/50 | train_loss=0.001304 val_loss=0.001411 | train_profit=-0.631090 (-63,109 PHP) val_profit=-0.181493 (-18,149 PHP) | train_geo=-0.663871 (-66,387 PHP) val_geo=-0.213842 (-21,384 PHP)
Epoch 003/50 | train_loss=0.000922 val_loss=0.001124 | train_profit=0.070382 (+7,038 PHP) val_profit=-0.181493 (-18,149 PHP) | train_geo=-0.319623 (-31,962 PHP) val_geo=-0.213842 (-21,384 PHP)
Epoch 004/50 | train_loss=0.000759 val_loss=0.000573 | train_profit=-0.326835 (-32,683 PHP) val_profit=-0.183514 (-18,351 PHP) | train_geo=-0.543438 (-54,344 PHP) val_geo=-0.215611 (-21,561 PHP)
Epoch 005/50 | train_loss=0.001320 val_loss=0.000659 | train_profit=-0.799914 (-79,991 PHP) val_profit=-0.547774 (-54,777 PHP) | train_geo=-0.716316 (-71,632 PHP) val_geo=-0.455623 (-45,562 PHP)
Epoch 006/50 | train_loss=0.000673 val_loss=0.000938 | train_profit=-0.838926 (-83,893 PHP) val_profit=-0.181493 (-18,149 PHP) | train_geo=-0.727252 (-72,725 PHP) val_geo=-0.213842 (-21,384 PHP)
Epoch 007/50 | train_loss=0.000879 val_loss=0.001071 | train_profit=-1.239076 (-123,908 PHP) val_profit=-0.181493 (-18,149 PHP) | train_geo=-0.816806 (-81,681 PHP) val_geo=-0.213842 (-21,384 PHP)
Epoch 008/50 | train_loss=0.000829 val_loss=0.000907 | train_profit=-0.803514 (-80,351 PHP) val_profit=-0.181493 (-18,149 PHP) | train_geo=-0.716723 (-71,672 PHP) val_geo=-0.213842 (-21,384 PHP)
Epoch 009/50 | train_loss=0.000652 val_loss=0.000656 | train_profit=-0.477179 (-47,718 PHP) val_profit=-0.181493 (-18,149 PHP) | train_geo=-0.607235 (-60,723 PHP) val_geo=-0.213842 (-21,384 PHP)
Epoch 010/50 | train_loss=0.000679 val_loss=0.000931 | train_profit=-0.958518 (-95,852 PHP) val_profit=-0.181493 (-18,149 PHP) | train_geo=-0.757560 (-75,756 PHP) val_geo=-0.213842 (-21,384 PHP)
Epoch 011/50 | train_loss=0.000605 val_loss=0.000629 | train_profit=0.465735 (+46,573 PHP) val_profit=-0.181493 (-18,149 PHP) | train_geo=0.010248 (+1,025 PHP) val_geo=-0.213842 (-21,384 PHP)
Epoch 012/50 | train_loss=0.000607 val_loss=0.000731 | train_profit=-0.463768 (-46,377 PHP) val_profit=-0.181493 (-18,149 PHP) | train_geo=-0.602120 (-60,212 PHP) val_geo=-0.213842 (-21,384 PHP)
Epoch 013/50 | train_loss=0.000555 val_loss=0.000703 | train_profit=0.021037 (+2,104 PHP) val_profit=-0.181493 (-18,149 PHP) | train_geo=-0.353112 (-35,311 PHP) val_geo=-0.213842 (-21,384 PHP)
Epoch 014/50 | train_loss=0.000701 val_loss=0.000857 | train_profit=-0.285227 (-28,523 PHP) val_profit=-0.181493 (-18,149 PHP) | train_geo=-0.523448 (-52,345 PHP) val_geo=-0.213842 (-21,384 PHP)
Epoch 015/50 | train_loss=0.000487 val_loss=0.000464 | train_profit=0.168105 (+16,811 PHP) val_profit=-0.236529 (-23,653 PHP) | train_geo=-0.250684 (-25,068 PHP) val_geo=-0.255934 (-25,593 PHP)
Epoch 016/50 | train_loss=0.000678 val_loss=0.000908 | train_profit=-1.450736 (-145,074 PHP) val_profit=-0.181493 (-18,149 PHP) | train_geo=-0.852183 (-85,218 PHP) val_geo=-0.213842 (-21,384 PHP)
Epoch 017/50 | train_loss=0.000498 val_loss=0.000378 | train_profit=-0.080778 (-8,078 PHP) val_profit=-0.312854 (-31,285 PHP) | train_geo=-0.416128 (-41,613 PHP) val_geo=-0.311009 (-31,101 PHP)
Epoch 018/50 | train_loss=0.000536 val_loss=0.000573 | train_profit=-0.520286 (-52,029 PHP) val_profit=-0.165214 (-16,521 PHP) | train_geo=-0.624651 (-62,465 PHP) val_geo=-0.201350 (-20,135 PHP)
Epoch 019/50 | train_loss=0.000419 val_loss=0.000932 | train_profit=-0.480396 (-48,040 PHP) val_profit=-0.185493 (-18,549 PHP) | train_geo=-0.609658 (-60,966 PHP) val_geo=-0.217058 (-21,706 PHP)
Epoch 020/50 | train_loss=0.000563 val_loss=0.000630 | train_profit=-0.900453 (-90,045 PHP) val_profit=-0.312891 (-31,289 PHP) | train_geo=-0.743033 (-74,303 PHP) val_geo=-0.310907 (-31,091 PHP)
Epoch 021/50 | train_loss=0.000376 val_loss=0.000794 | train_profit=-0.324629 (-32,463 PHP) val_profit=-0.444126 (-44,413 PHP) | train_geo=-0.543833 (-54,383 PHP) val_geo=-0.395893 (-39,589 PHP)
Epoch 022/50 | train_loss=0.000290 val_loss=0.000866 | train_profit=-0.444302 (-44,430 PHP) val_profit=-0.223781 (-22,378 PHP) | train_geo=-0.594999 (-59,500 PHP) val_geo=-0.246852 (-24,685 PHP)
Epoch 023/50 | train_loss=0.000409 val_loss=0.000910 | train_profit=-1.025304 (-102,530 PHP) val_profit=-0.358857 (-35,886 PHP) | train_geo=-0.773373 (-77,337 PHP) val_geo=-0.341980 (-34,198 PHP)
Epoch 024/50 | train_loss=0.000212 val_loss=0.000903 | train_profit=0.107790 (+10,779 PHP) val_profit=-0.528777 (-52,878 PHP) | train_geo=-0.296523 (-29,652 PHP) val_geo=-0.445039 (-44,504 PHP)
Epoch 025/50 | train_loss=0.000178 val_loss=0.000832 | train_profit=0.654442 (+65,444 PHP) val_profit=-0.143562 (-14,356 PHP) | train_geo=0.218202 (+21,820 PHP) val_geo=-0.183691 (-18,369 PHP)
Epoch 026/50 | train_loss=0.000038 val_loss=0.001297 | train_profit=-0.106968 (-10,697 PHP) val_profit=-0.193085 (-19,308 PHP) | train_geo=-0.433393 (-43,339 PHP) val_geo=-0.223170 (-22,317 PHP)
Epoch 027/50 | train_loss=0.000097 val_loss=0.000200 | train_profit=0.187308 (+18,731 PHP) val_profit=0.454921 (+45,492 PHP) | train_geo=-0.236430 (-23,643 PHP) val_geo=0.485217 (+48,522 PHP)
Epoch 028/50 | train_loss=-0.000008 val_loss=0.001416 | train_profit=0.967313 (+96,731 PHP) val_profit=-0.131193 (-13,119 PHP) | train_geo=0.664622 (+66,462 PHP) val_geo=-0.173331 (-17,333 PHP)
Epoch 029/50 | train_loss=-0.000071 val_loss=0.000797 | train_profit=0.457244 (+45,724 PHP) val_profit=-0.106231 (-10,623 PHP) | train_geo=0.000491 (+49 PHP) val_geo=-0.152935 (-15,293 PHP)
Epoch 030/50 | train_loss=-0.000185 val_loss=0.001488 | train_profit=0.686527 (+68,653 PHP) val_profit=-0.221077 (-22,108 PHP) | train_geo=0.255170 (+25,517 PHP) val_geo=-0.244242 (-24,424 PHP)
Epoch 031/50 | train_loss=-0.000175 val_loss=0.001037 | train_profit=1.109502 (+110,950 PHP) val_profit=-0.224392 (-22,439 PHP) | train_geo=0.922232 (+92,223 PHP) val_geo=-0.247254 (-24,725 PHP)
Epoch 032/50 | train_loss=-0.000356 val_loss=0.001655 | train_profit=2.100878 (+210,088 PHP) val_profit=-0.362888 (-36,289 PHP) | train_geo=4.177745 (+417,775 PHP) val_geo=-0.344227 (-34,423 PHP)
Epoch 033/50 | train_loss=-0.000069 val_loss=0.001854 | train_profit=0.731835 (+73,183 PHP) val_profit=-0.443981 (-44,398 PHP) | train_geo=0.316921 (+31,692 PHP) val_geo=-0.396020 (-39,602 PHP)
Epoch 034/50 | train_loss=-0.000579 val_loss=0.001660 | train_profit=1.948230 (+194,823 PHP) val_profit=-0.358903 (-35,890 PHP) | train_geo=3.440886 (+344,089 PHP) val_geo=-0.341505 (-34,151 PHP)
Epoch 035/50 | train_loss=-0.000304 val_loss=0.001602 | train_profit=0.793925 (+79,393 PHP) val_profit=-0.316257 (-31,626 PHP) | train_geo=0.395580 (+39,558 PHP) val_geo=-0.313768 (-31,377 PHP)
Epoch 036/50 | train_loss=-0.000685 val_loss=0.002140 | train_profit=2.158200 (+215,820 PHP) val_profit=-0.814036 (-81,404 PHP) | train_geo=4.489499 (+448,950 PHP) val_geo=-0.582861 (-58,286 PHP)
Epoch 037/50 | train_loss=-0.000455 val_loss=0.001741 | train_profit=1.665575 (+166,557 PHP) val_profit=-0.445842 (-44,584 PHP) | train_geo=2.348397 (+234,840 PHP) val_geo=-0.397226 (-39,723 PHP)
Epoch 038/50 | train_loss=-0.000935 val_loss=0.002143 | train_profit=3.413105 (+341,310 PHP) val_profit=-0.483908 (-48,391 PHP) | train_geo=18.241869 (+1,824,187 PHP) val_geo=-0.418956 (-41,896 PHP)
Epoch 039/50 | train_loss=-0.000456 val_loss=0.001896 | train_profit=1.478015 (+147,802 PHP) val_profit=-0.587579 (-58,758 PHP) | train_geo=1.767331 (+176,733 PHP) val_geo=-0.477051 (-47,705 PHP)
Epoch 040/50 | train_loss=-0.001011 val_loss=0.002856 | train_profit=3.321859 (+332,186 PHP) val_profit=-0.640037 (-64,004 PHP) | train_geo=16.573933 (+1,657,393 PHP) val_geo=-0.503294 (-50,329 PHP)
Epoch 041/50 | train_loss=-0.000849 val_loss=0.002545 | train_profit=2.764246 (+276,425 PHP) val_profit=-0.789090 (-78,909 PHP) | train_geo=9.071866 (+907,187 PHP) val_geo=-0.572562 (-57,256 PHP)
Epoch 042/50 | train_loss=-0.001254 val_loss=0.003030 | train_profit=3.094135 (+309,414 PHP) val_profit=-0.986972 (-98,697 PHP) | train_geo=12.970734 (+1,297,073 PHP) val_geo=-0.649275 (-64,928 PHP)
Epoch 043/50 | train_loss=-0.001334 val_loss=0.002450 | train_profit=2.919215 (+291,922 PHP) val_profit=-0.698921 (-69,892 PHP) | train_geo=10.737843 (+1,073,784 PHP) val_geo=-0.532053 (-53,205 PHP)
Epoch 044/50 | train_loss=-0.001779 val_loss=0.002981 | train_profit=4.312852 (+431,285 PHP) val_profit=-1.068605 (-106,861 PHP) | train_geo=46.509468 (+4,650,947 PHP) val_geo=-0.676789 (-67,679 PHP)
Epoch 045/50 | train_loss=-0.001543 val_loss=0.003152 | train_profit=3.898309 (+389,831 PHP) val_profit=-1.095185 (-109,519 PHP) | train_geo=30.315140 (+3,031,514 PHP) val_geo=-0.685319 (-68,532 PHP)
Epoch 046/50 | train_loss=-0.001786 val_loss=0.003059 | train_profit=3.827545 (+382,754 PHP) val_profit=-0.959490 (-95,949 PHP) | train_geo=28.137197 (+2,813,720 PHP) val_geo=-0.639549 (-63,955 PHP)
Epoch 047/50 | train_loss=-0.001944 val_loss=0.003210 | train_profit=4.018330 (+401,833 PHP) val_profit=-1.041412 (-104,141 PHP) | train_geo=34.285641 (+3,428,564 PHP) val_geo=-0.667832 (-66,783 PHP)
Epoch 048/50 | train_loss=-0.001830 val_loss=0.003193 | train_profit=3.815865 (+381,587 PHP) val_profit=-0.981929 (-98,193 PHP) | train_geo=27.761368 (+2,776,137 PHP) val_geo=-0.647452 (-64,745 PHP)
Epoch 049/50 | train_loss=-0.002150 val_loss=0.002942 | train_profit=4.982469 (+498,247 PHP) val_profit=-0.885708 (-88,571 PHP) | train_geo=91.698936 (+9,169,894 PHP) val_geo=-0.611769 (-61,177 PHP)
Epoch 050/50 | train_loss=-0.002306 val_loss=0.003515 | train_profit=5.254256 (+525,426 PHP) val_profit=-0.953371 (-95,337 PHP) | train_geo=120.942749 (+12,094,275 PHP) val_geo=-0.637205 (-63,721 PHP)
[31/37] PSE:AEV    (weak  ) profit-aware  dir_acc=0.452 cum_ret=+0.1905 geo_ret=+0.1356 sharpe=+0.480 (buy&hold=+0.0497 always_short=-0.1612)
  [12.7s total]
Epoch 001/50 | [MSE] train_loss=0.000681 val_loss=0.000510 | train_profit=-1.375177 (-137,518 PHP) val_profit=-0.061257 (-6,126 PHP) | train_geo=-0.817666 (-81,767 PHP) val_geo=-0.130552 (-13,055 PHP)
Epoch 002/50 | [MSE] train_loss=0.000499 val_loss=0.000517 | train_profit=-1.961973 (-196,197 PHP) val_profit=-0.041021 (-4,102 PHP) | train_geo=-0.898948 (-89,895 PHP) val_geo=-0.112855 (-11,286 PHP)
Epoch 003/50 | [MSE] train_loss=0.000476 val_loss=0.000527 | train_profit=-2.670220 (-267,022 PHP) val_profit=-0.201470 (-20,147 PHP) | train_geo=-0.950274 (-95,027 PHP) val_geo=-0.244435 (-24,443 PHP)
Epoch 004/50 | [MSE] train_loss=0.000468 val_loss=0.000512 | train_profit=-1.334461 (-133,446 PHP) val_profit=0.084779 (+8,478 PHP) | train_geo=-0.809909 (-80,991 PHP) val_geo=0.006661 (+666 PHP)
Epoch 005/50 | [MSE] train_loss=0.000460 val_loss=0.000515 | train_profit=-1.388652 (-138,865 PHP) val_profit=-0.194668 (-19,467 PHP) | train_geo=-0.820697 (-82,070 PHP) val_geo=-0.239139 (-23,914 PHP)
Epoch 006/50 | [MSE] train_loss=0.000452 val_loss=0.000513 | train_profit=-0.176875 (-17,687 PHP) val_profit=-0.067662 (-6,766 PHP) | train_geo=-0.394645 (-39,465 PHP) val_geo=-0.136108 (-13,611 PHP)
Epoch 007/50 | [MSE] train_loss=0.000454 val_loss=0.000512 | train_profit=-1.676673 (-167,667 PHP) val_profit=0.071640 (+7,164 PHP) | train_geo=-0.865162 (-86,516 PHP) val_geo=-0.006694 (-669 PHP)
Epoch 008/50 | [MSE] train_loss=0.000452 val_loss=0.000510 | train_profit=-0.999314 (-99,931 PHP) val_profit=0.057597 (+5,760 PHP) | train_geo=-0.734132 (-73,413 PHP) val_geo=-0.020546 (-2,055 PHP)
Epoch 009/50 | [MSE] train_loss=0.000450 val_loss=0.000511 | train_profit=-0.131957 (-13,196 PHP) val_profit=-0.136958 (-13,696 PHP) | train_geo=-0.366685 (-36,668 PHP) val_geo=-0.194037 (-19,404 PHP)
Epoch 010/50 | [MSE] train_loss=0.000451 val_loss=0.000511 | train_profit=-1.587727 (-158,773 PHP) val_profit=-0.172672 (-17,267 PHP) | train_geo=-0.852894 (-85,289 PHP) val_geo=-0.222349 (-22,235 PHP)
Epoch 011/50 | [MSE] train_loss=0.000452 val_loss=0.000512 | train_profit=-0.748223 (-74,822 PHP) val_profit=-0.185379 (-18,538 PHP) | train_geo=-0.658497 (-65,850 PHP) val_geo=-0.231978 (-23,198 PHP)
Epoch 012/50 | [MSE] train_loss=0.000447 val_loss=0.000514 | train_profit=-0.017045 (-1,704 PHP) val_profit=-0.203495 (-20,350 PHP) | train_geo=-0.289021 (-28,902 PHP) val_geo=-0.245888 (-24,589 PHP)
Epoch 013/50 | [MSE] train_loss=0.000450 val_loss=0.000509 | train_profit=-0.503192 (-50,319 PHP) val_profit=0.093276 (+9,328 PHP) | train_geo=-0.563180 (-56,318 PHP) val_geo=0.015153 (+1,515 PHP)
Epoch 014/50 | [MSE] train_loss=0.000448 val_loss=0.000511 | train_profit=0.108635 (+10,864 PHP) val_profit=-0.119575 (-11,958 PHP) | train_geo=-0.196695 (-19,670 PHP) val_geo=-0.179900 (-17,990 PHP)
Epoch 015/50 | [MSE] train_loss=0.000448 val_loss=0.000513 | train_profit=-0.348733 (-34,873 PHP) val_profit=-0.135996 (-13,600 PHP) | train_geo=-0.490530 (-49,053 PHP) val_geo=-0.193204 (-19,320 PHP)
Epoch 016/50 | [MSE] train_loss=0.000448 val_loss=0.000511 | train_profit=-1.139724 (-113,972 PHP) val_profit=-0.087992 (-8,799 PHP) | train_geo=-0.769848 (-76,985 PHP) val_geo=-0.153368 (-15,337 PHP)
Epoch 017/50 | [MSE] train_loss=0.000448 val_loss=0.000512 | train_profit=-0.600596 (-60,060 PHP) val_profit=-0.167781 (-16,778 PHP) | train_geo=-0.604654 (-60,465 PHP) val_geo=-0.218433 (-21,843 PHP)
Epoch 018/50 | [MSE] train_loss=0.000446 val_loss=0.000511 | train_profit=0.402359 (+40,236 PHP) val_profit=-0.184898 (-18,490 PHP) | train_geo=0.081781 (+8,178 PHP) val_geo=-0.231708 (-23,171 PHP)
Epoch 019/50 | [MSE] train_loss=0.000446 val_loss=0.000511 | train_profit=0.521286 (+52,129 PHP) val_profit=-0.090040 (-9,004 PHP) | train_geo=0.217960 (+21,796 PHP) val_geo=-0.155201 (-15,520 PHP)
Epoch 020/50 | [MSE] train_loss=0.000446 val_loss=0.000510 | train_profit=0.501039 (+50,104 PHP) val_profit=0.082774 (+8,277 PHP) | train_geo=0.193828 (+19,383 PHP) val_geo=0.004368 (+437 PHP)
Epoch 021/50 | [MSE] train_loss=0.000446 val_loss=0.000510 | train_profit=0.340927 (+34,093 PHP) val_profit=-0.044630 (-4,463 PHP) | train_geo=0.016450 (+1,645 PHP) val_geo=-0.116028 (-11,603 PHP)
Epoch 022/50 | [MSE] train_loss=0.000446 val_loss=0.000512 | train_profit=-0.034323 (-3,432 PHP) val_profit=-0.121477 (-12,148 PHP) | train_geo=-0.301642 (-30,164 PHP) val_geo=-0.181430 (-18,143 PHP)
Epoch 023/50 | [MSE] train_loss=0.000446 val_loss=0.000515 | train_profit=0.858883 (+85,888 PHP) val_profit=-0.272239 (-27,224 PHP) | train_geo=0.708170 (+70,817 PHP) val_geo=-0.295927 (-29,593 PHP)
Epoch 024/50 | [MSE] train_loss=0.000446 val_loss=0.000510 | train_profit=0.878560 (+87,856 PHP) val_profit=0.263639 (+26,364 PHP) | train_geo=0.742708 (+74,271 PHP) val_geo=0.203808 (+20,381 PHP)
Epoch 025/50 | [MSE] train_loss=0.000446 val_loss=0.000511 | train_profit=0.341642 (+34,164 PHP) val_profit=0.040599 (+4,060 PHP) | train_geo=0.019054 (+1,905 PHP) val_geo=-0.037362 (-3,736 PHP)
Epoch 026/50 | [MSE] train_loss=0.000448 val_loss=0.000509 | train_profit=-0.861642 (-86,164 PHP) val_profit=0.210954 (+21,095 PHP) | train_geo=-0.696147 (-69,615 PHP) val_geo=0.142033 (+14,203 PHP)
Epoch 027/50 | [MSE] train_loss=0.000448 val_loss=0.000508 | train_profit=0.070418 (+7,042 PHP) val_profit=0.156169 (+15,617 PHP) | train_geo=-0.224843 (-22,484 PHP) val_geo=0.080988 (+8,099 PHP)
Epoch 028/50 | [MSE] train_loss=0.000444 val_loss=0.000509 | train_profit=1.056902 (+105,690 PHP) val_profit=0.121410 (+12,141 PHP) | train_geo=1.083739 (+108,374 PHP) val_geo=0.043946 (+4,395 PHP)
Epoch 029/50 | [MSE] train_loss=0.000444 val_loss=0.000513 | train_profit=0.675616 (+67,562 PHP) val_profit=-0.058463 (-5,846 PHP) | train_geo=0.422894 (+42,289 PHP) val_geo=-0.128251 (-12,825 PHP)
Epoch 030/50 | [MSE] train_loss=0.000445 val_loss=0.000512 | train_profit=1.399079 (+139,908 PHP) val_profit=0.057537 (+5,754 PHP) | train_geo=1.934430 (+193,443 PHP) val_geo=-0.020745 (-2,074 PHP)
Epoch 031/50 | [MSE] train_loss=0.000446 val_loss=0.000512 | train_profit=1.046200 (+104,620 PHP) val_profit=0.116885 (+11,688 PHP) | train_geo=1.060731 (+106,073 PHP) val_geo=0.039182 (+3,918 PHP)
Epoch 032/50 | [MSE] train_loss=0.000449 val_loss=0.000510 | train_profit=-0.088107 (-8,811 PHP) val_profit=0.407839 (+40,784 PHP) | train_geo=-0.338817 (-33,882 PHP) val_geo=0.390843 (+39,084 PHP)
Epoch 033/50 | [MSE] train_loss=0.000445 val_loss=0.000509 | train_profit=0.633952 (+63,395 PHP) val_profit=0.335352 (+33,535 PHP) | train_geo=0.363866 (+36,387 PHP) val_geo=0.293427 (+29,343 PHP)
Epoch 034/50 | [MSE] train_loss=0.000445 val_loss=0.000506 | train_profit=0.457361 (+45,736 PHP) val_profit=0.399723 (+39,972 PHP) | train_geo=0.142476 (+14,248 PHP) val_geo=0.379829 (+37,983 PHP)
Epoch 035/50 | [MSE] train_loss=0.000445 val_loss=0.000511 | train_profit=1.674079 (+167,408 PHP) val_profit=0.285538 (+28,554 PHP) | train_geo=2.868402 (+286,840 PHP) val_geo=0.230364 (+23,036 PHP)
Epoch 036/50 | [MSE] train_loss=0.000443 val_loss=0.000508 | train_profit=0.877931 (+87,793 PHP) val_profit=0.442806 (+44,281 PHP) | train_geo=0.740529 (+74,053 PHP) val_geo=0.440271 (+44,027 PHP)
Epoch 037/50 | [MSE] train_loss=0.000445 val_loss=0.000507 | train_profit=1.313232 (+131,323 PHP) val_profit=0.294266 (+29,427 PHP) | train_geo=1.689661 (+168,966 PHP) val_geo=0.241197 (+24,120 PHP)
Epoch 038/50 | [MSE] train_loss=0.000444 val_loss=0.000512 | train_profit=1.309853 (+130,985 PHP) val_profit=0.284235 (+28,424 PHP) | train_geo=1.674952 (+167,495 PHP) val_geo=0.228761 (+22,876 PHP)
Epoch 039/50 | [MSE] train_loss=0.000445 val_loss=0.000511 | train_profit=1.592940 (+159,294 PHP) val_profit=0.285242 (+28,524 PHP) | train_geo=2.552826 (+255,283 PHP) val_geo=0.229947 (+22,995 PHP)
Epoch 040/50 | [MSE] train_loss=0.000442 val_loss=0.000509 | train_profit=2.120085 (+212,009 PHP) val_profit=0.422279 (+42,228 PHP) | train_geo=5.037094 (+503,709 PHP) val_geo=0.411117 (+41,112 PHP)
Epoch 041/50 | [MSE] train_loss=0.000443 val_loss=0.000509 | train_profit=1.668880 (+166,888 PHP) val_profit=0.353888 (+35,389 PHP) | train_geo=2.843938 (+284,394 PHP) val_geo=0.317606 (+31,761 PHP)
Epoch 042/50 | [MSE] train_loss=0.000446 val_loss=0.000507 | train_profit=0.607363 (+60,736 PHP) val_profit=0.405261 (+40,526 PHP) | train_geo=0.324313 (+32,431 PHP) val_geo=0.386987 (+38,699 PHP)
Epoch 043/50 | [MSE] train_loss=0.000444 val_loss=0.000508 | train_profit=1.828721 (+182,872 PHP) val_profit=0.492461 (+49,246 PHP) | train_geo=3.499281 (+349,928 PHP) val_geo=0.513585 (+51,358 PHP)
Epoch 044/50 | [MSE] train_loss=0.000443 val_loss=0.000511 | train_profit=1.652788 (+165,279 PHP) val_profit=0.175044 (+17,504 PHP) | train_geo=2.770032 (+277,003 PHP) val_geo=0.101420 (+10,142 PHP)
Epoch 045/50 | [MSE] train_loss=0.000444 val_loss=0.000509 | train_profit=1.391839 (+139,184 PHP) val_profit=0.172596 (+17,260 PHP) | train_geo=1.909869 (+190,987 PHP) val_geo=0.098641 (+9,864 PHP)
Epoch 046/50 | [MSE] train_loss=0.000440 val_loss=0.000508 | train_profit=1.676356 (+167,636 PHP) val_profit=0.539803 (+53,980 PHP) | train_geo=2.860706 (+286,071 PHP) val_geo=0.587032 (+58,703 PHP)
Epoch 047/50 | [MSE] train_loss=0.000444 val_loss=0.000506 | train_profit=1.371035 (+137,104 PHP) val_profit=0.311656 (+31,166 PHP) | train_geo=1.844934 (+184,493 PHP) val_geo=0.263034 (+26,303 PHP)
Epoch 048/50 | [MSE] train_loss=0.000441 val_loss=0.000512 | train_profit=1.780952 (+178,095 PHP) val_profit=0.277901 (+27,790 PHP) | train_geo=3.285751 (+328,575 PHP) val_geo=0.221037 (+22,104 PHP)
Epoch 049/50 | [MSE] train_loss=0.000440 val_loss=0.000510 | train_profit=1.878061 (+187,806 PHP) val_profit=0.244601 (+24,460 PHP) | train_geo=3.725357 (+372,536 PHP) val_geo=0.180875 (+18,087 PHP)
Epoch 050/50 | [MSE] train_loss=0.000443 val_loss=0.000507 | train_profit=1.346941 (+134,694 PHP) val_profit=0.506930 (+50,693 PHP) | train_geo=1.776061 (+177,606 PHP) val_geo=0.535900 (+53,590 PHP)
[32/37] PSE:SMPH   (weak  ) mse           dir_acc=0.448 cum_ret=+0.4797 geo_ret=+0.5195 sharpe=+1.230 (buy&hold=-0.2026 always_short=+0.1075)
  [11.0s total]
Epoch 001/50 | train_loss=0.000792 val_loss=0.002652 | train_profit=0.211988 (+21,199 PHP) val_profit=-0.230286 (-23,029 PHP) | train_geo=-0.106329 (-10,633 PHP) val_geo=-0.265742 (-26,574 PHP)
Epoch 002/50 | train_loss=0.000650 val_loss=0.002037 | train_profit=0.495718 (+49,572 PHP) val_profit=-0.403291 (-40,329 PHP) | train_geo=0.186238 (+18,624 PHP) val_geo=-0.382549 (-38,255 PHP)
Epoch 003/50 | train_loss=0.000565 val_loss=-0.000730 | train_profit=0.754789 (+75,479 PHP) val_profit=0.435792 (+43,579 PHP) | train_geo=0.537469 (+53,747 PHP) val_geo=0.428855 (+42,886 PHP)
Epoch 004/50 | train_loss=0.000533 val_loss=0.000183 | train_profit=0.370042 (+37,004 PHP) val_profit=-0.021830 (-2,183 PHP) | train_geo=0.048081 (+4,808 PHP) val_geo=-0.095499 (-9,550 PHP)
Epoch 005/50 | train_loss=0.000431 val_loss=-0.000504 | train_profit=0.200158 (+20,016 PHP) val_profit=0.195648 (+19,565 PHP) | train_geo=-0.116651 (-11,665 PHP) val_geo=0.124094 (+12,409 PHP)
Epoch 006/50 | train_loss=0.000511 val_loss=0.001489 | train_profit=-0.040462 (-4,046 PHP) val_profit=-0.315327 (-31,533 PHP) | train_geo=-0.307073 (-30,707 PHP) val_geo=-0.325695 (-32,570 PHP)
Epoch 007/50 | train_loss=0.000227 val_loss=-0.000801 | train_profit=0.383894 (+38,389 PHP) val_profit=0.655764 (+65,576 PHP) | train_geo=0.061111 (+6,111 PHP) val_geo=0.781225 (+78,123 PHP)
Epoch 008/50 | train_loss=0.000444 val_loss=0.001466 | train_profit=0.201776 (+20,178 PHP) val_profit=-0.315327 (-31,533 PHP) | train_geo=-0.116574 (-11,657 PHP) val_geo=-0.325695 (-32,570 PHP)
Epoch 009/50 | train_loss=0.000049 val_loss=-0.000875 | train_profit=0.496951 (+49,695 PHP) val_profit=0.537306 (+53,731 PHP) | train_geo=0.187201 (+18,720 PHP) val_geo=0.583127 (+58,313 PHP)
Epoch 010/50 | train_loss=0.000243 val_loss=-0.000877 | train_profit=-0.211887 (-21,189 PHP) val_profit=0.653009 (+65,301 PHP) | train_geo=-0.415417 (-41,542 PHP) val_geo=0.777752 (+77,775 PHP)
Epoch 011/50 | train_loss=0.000290 val_loss=-0.000516 | train_profit=-0.530439 (-53,044 PHP) val_profit=0.181859 (+18,186 PHP) | train_geo=-0.574897 (-57,490 PHP) val_geo=0.108841 (+10,884 PHP)
Epoch 012/50 | train_loss=0.000041 val_loss=-0.000767 | train_profit=0.724688 (+72,469 PHP) val_profit=0.578947 (+57,895 PHP) | train_geo=0.492682 (+49,268 PHP) val_geo=0.649243 (+64,924 PHP)
Epoch 013/50 | train_loss=0.000316 val_loss=0.000489 | train_profit=0.094029 (+9,403 PHP) val_profit=-0.205715 (-20,572 PHP) | train_geo=-0.207608 (-20,761 PHP) val_geo=-0.247664 (-24,766 PHP)
Epoch 014/50 | train_loss=-0.000027 val_loss=-0.000578 | train_profit=1.173930 (+117,393 PHP) val_profit=0.229799 (+22,980 PHP) | train_geo=1.340485 (+134,049 PHP) val_geo=0.163079 (+16,308 PHP)
Epoch 015/50 | train_loss=0.000409 val_loss=0.000624 | train_profit=-0.180634 (-18,063 PHP) val_profit=-0.221485 (-22,149 PHP) | train_geo=-0.397787 (-39,779 PHP) val_geo=-0.259164 (-25,916 PHP)
Epoch 016/50 | train_loss=0.000171 val_loss=-0.000746 | train_profit=0.418778 (+41,878 PHP) val_profit=0.473670 (+47,367 PHP) | train_geo=0.098690 (+9,869 PHP) val_geo=0.484673 (+48,467 PHP)
Epoch 017/50 | train_loss=0.000313 val_loss=0.000627 | train_profit=-0.212758 (-21,276 PHP) val_profit=-0.174372 (-17,437 PHP) | train_geo=-0.416892 (-41,689 PHP) val_geo=-0.223440 (-22,344 PHP)
Epoch 018/50 | train_loss=-0.000108 val_loss=-0.000919 | train_profit=0.923376 (+92,338 PHP) val_profit=0.615460 (+61,546 PHP) | train_geo=0.819652 (+81,965 PHP) val_geo=0.710948 (+71,095 PHP)
Epoch 019/50 | train_loss=0.000051 val_loss=-0.000889 | train_profit=0.148376 (+14,838 PHP) val_profit=0.533546 (+53,355 PHP) | train_geo=-0.161380 (-16,138 PHP) val_geo=0.577145 (+57,714 PHP)
Epoch 020/50 | train_loss=0.000056 val_loss=-0.000277 | train_profit=0.282218 (+28,222 PHP) val_profit=0.109858 (+10,986 PHP) | train_geo=-0.042476 (-4,248 PHP) val_geo=0.031989 (+3,199 PHP)
Epoch 021/50 | train_loss=-0.000286 val_loss=-0.000973 | train_profit=1.255690 (+125,569 PHP) val_profit=0.582652 (+58,265 PHP) | train_geo=1.540178 (+154,018 PHP) val_geo=0.656142 (+65,614 PHP)
Epoch 022/50 | train_loss=0.000082 val_loss=-0.000760 | train_profit=0.012572 (+1,257 PHP) val_profit=0.632675 (+63,267 PHP) | train_geo=-0.269363 (-26,936 PHP) val_geo=0.742376 (+74,238 PHP)
Epoch 023/50 | train_loss=-0.000218 val_loss=-0.000965 | train_profit=1.373512 (+137,351 PHP) val_profit=0.680736 (+68,074 PHP) | train_geo=1.857791 (+185,779 PHP) val_geo=0.827200 (+82,720 PHP)
Epoch 024/50 | train_loss=-0.000075 val_loss=-0.000957 | train_profit=0.179931 (+17,993 PHP) val_profit=0.644076 (+64,408 PHP) | train_geo=-0.136435 (-13,644 PHP) val_geo=0.761707 (+76,171 PHP)
Epoch 025/50 | train_loss=0.000046 val_loss=-0.000341 | train_profit=0.551442 (+55,144 PHP) val_profit=0.182475 (+18,248 PHP) | train_geo=0.253669 (+25,367 PHP) val_geo=0.109677 (+10,968 PHP)
Epoch 026/50 | train_loss=-0.000172 val_loss=-0.000803 | train_profit=0.463108 (+46,311 PHP) val_profit=0.371186 (+37,119 PHP) | train_geo=0.146622 (+14,662 PHP) val_geo=0.340645 (+34,065 PHP)
Epoch 027/50 | train_loss=-0.000485 val_loss=-0.001125 | train_profit=1.533230 (+153,323 PHP) val_profit=0.747441 (+74,744 PHP) | train_geo=2.352607 (+235,261 PHP) val_geo=0.953917 (+95,392 PHP)
Epoch 028/50 | train_loss=-0.000287 val_loss=-0.001202 | train_profit=0.667917 (+66,792 PHP) val_profit=0.585643 (+58,564 PHP) | train_geo=0.408041 (+40,804 PHP) val_geo=0.661218 (+66,122 PHP)
Epoch 029/50 | train_loss=-0.000142 val_loss=-0.000399 | train_profit=1.148821 (+114,882 PHP) val_profit=0.208299 (+20,830 PHP) | train_geo=1.281467 (+128,147 PHP) val_geo=0.138823 (+13,882 PHP)
Epoch 030/50 | train_loss=-0.000523 val_loss=-0.001038 | train_profit=1.516202 (+151,620 PHP) val_profit=0.467924 (+46,792 PHP) | train_geo=2.297755 (+229,775 PHP) val_geo=0.477062 (+47,706 PHP)
Epoch 031/50 | train_loss=-0.000605 val_loss=-0.001134 | train_profit=1.684279 (+168,428 PHP) val_profit=0.658944 (+65,894 PHP) | train_geo=2.904823 (+290,482 PHP) val_geo=0.788186 (+78,819 PHP)
Epoch 032/50 | train_loss=-0.000491 val_loss=-0.001254 | train_profit=1.753232 (+175,323 PHP) val_profit=0.849575 (+84,957 PHP) | train_geo=3.168100 (+316,810 PHP) val_geo=1.163883 (+116,388 PHP)
Epoch 033/50 | train_loss=-0.000398 val_loss=-0.000883 | train_profit=1.443154 (+144,315 PHP) val_profit=0.471113 (+47,111 PHP) | train_geo=2.064823 (+206,482 PHP) val_geo=0.481589 (+48,159 PHP)
Epoch 034/50 | train_loss=-0.000645 val_loss=-0.000488 | train_profit=1.988253 (+198,825 PHP) val_profit=0.252250 (+25,225 PHP) | train_geo=4.273142 (+427,314 PHP) val_geo=0.190082 (+19,008 PHP)
Epoch 035/50 | train_loss=-0.001167 val_loss=-0.000950 | train_profit=2.115803 (+211,580 PHP) val_profit=0.269577 (+26,958 PHP) | train_geo=5.008120 (+500,812 PHP) val_geo=0.211159 (+21,116 PHP)
Epoch 036/50 | train_loss=-0.001055 val_loss=-0.000966 | train_profit=2.548612 (+254,861 PHP) val_profit=0.257091 (+25,709 PHP) | train_geo=8.259482 (+825,948 PHP) val_geo=0.196132 (+19,613 PHP)
Epoch 037/50 | train_loss=-0.000745 val_loss=-0.001172 | train_profit=1.838175 (+183,818 PHP) val_profit=0.802727 (+80,273 PHP) | train_geo=3.550065 (+355,006 PHP) val_geo=1.064803 (+106,480 PHP)
Epoch 038/50 | train_loss=-0.000686 val_loss=-0.000551 | train_profit=1.746004 (+174,600 PHP) val_profit=0.159539 (+15,954 PHP) | train_geo=3.140612 (+314,061 PHP) val_geo=0.084305 (+8,431 PHP)
Epoch 039/50 | train_loss=-0.001278 val_loss=-0.001075 | train_profit=2.369854 (+236,985 PHP) val_profit=0.382181 (+38,218 PHP) | train_geo=6.745054 (+674,505 PHP) val_geo=0.355489 (+35,549 PHP)
Epoch 040/50 | train_loss=-0.001259 val_loss=-0.000851 | train_profit=2.775287 (+277,529 PHP) val_profit=0.287082 (+28,708 PHP) | train_geo=10.619439 (+1,061,944 PHP) val_geo=0.231976 (+23,198 PHP)
Epoch 041/50 | train_loss=-0.001229 val_loss=-0.001322 | train_profit=2.568606 (+256,861 PHP) val_profit=0.730367 (+73,037 PHP) | train_geo=8.451696 (+845,170 PHP) val_geo=0.920476 (+92,048 PHP)
Epoch 042/50 | train_loss=-0.001118 val_loss=-0.001128 | train_profit=2.303012 (+230,301 PHP) val_profit=0.510772 (+51,077 PHP) | train_geo=6.245087 (+624,509 PHP) val_geo=0.541460 (+54,146 PHP)
Epoch 043/50 | train_loss=-0.001375 val_loss=-0.001222 | train_profit=3.305144 (+330,514 PHP) val_profit=0.477684 (+47,768 PHP) | train_geo=18.769024 (+1,876,902 PHP) val_geo=0.490474 (+49,047 PHP)
Epoch 044/50 | train_loss=-0.001169 val_loss=-0.001190 | train_profit=2.259150 (+225,915 PHP) val_profit=0.627776 (+62,778 PHP) | train_geo=5.936838 (+593,684 PHP) val_geo=0.732709 (+73,271 PHP)
Epoch 045/50 | train_loss=-0.001535 val_loss=-0.000746 | train_profit=3.909661 (+390,966 PHP) val_profit=0.438281 (+43,828 PHP) | train_geo=35.250572 (+3,525,057 PHP) val_geo=0.433370 (+43,337 PHP)
Epoch 046/50 | train_loss=-0.001534 val_loss=-0.000736 | train_profit=3.119656 (+311,966 PHP) val_profit=0.538153 (+53,815 PHP) | train_geo=15.409637 (+1,540,964 PHP) val_geo=0.584208 (+58,421 PHP)
Epoch 047/50 | train_loss=-0.001652 val_loss=-0.001241 | train_profit=3.719160 (+371,916 PHP) val_profit=0.701591 (+70,159 PHP) | train_geo=28.884563 (+2,888,456 PHP) val_geo=0.866398 (+86,640 PHP)
Epoch 048/50 | train_loss=-0.001694 val_loss=-0.001077 | train_profit=2.948888 (+294,889 PHP) val_profit=0.123155 (+12,315 PHP) | train_geo=12.818917 (+1,281,892 PHP) val_geo=0.045259 (+4,526 PHP)
Epoch 049/50 | train_loss=-0.001898 val_loss=-0.000714 | train_profit=4.068754 (+406,875 PHP) val_profit=0.172723 (+17,272 PHP) | train_geo=41.427624 (+4,142,762 PHP) val_geo=0.098328 (+9,833 PHP)
Epoch 050/50 | train_loss=-0.001840 val_loss=-0.000809 | train_profit=3.428415 (+342,841 PHP) val_profit=0.377849 (+37,785 PHP) | train_geo=21.362518 (+2,136,252 PHP) val_geo=0.349905 (+34,990 PHP)
[32/37] PSE:SMPH   (weak  ) profit-aware  dir_acc=0.474 cum_ret=+0.5194 geo_ret=+0.5818 sharpe=+1.339 (buy&hold=-0.2026 always_short=+0.1075)
  [12.6s total]
Epoch 001/50 | [MSE] train_loss=0.000471 val_loss=0.000171 | train_profit=-1.491536 (-149,154 PHP) val_profit=-0.091878 (-9,188 PHP) | train_geo=-0.818041 (-81,804 PHP) val_geo=-0.108277 (-10,828 PHP)
Epoch 002/50 | [MSE] train_loss=0.000326 val_loss=0.000165 | train_profit=-1.421822 (-142,182 PHP) val_profit=0.199550 (+19,955 PHP) | train_geo=-0.804752 (-80,475 PHP) val_geo=0.193395 (+19,340 PHP)
Epoch 003/50 | [MSE] train_loss=0.000323 val_loss=0.000175 | train_profit=-1.755046 (-175,505 PHP) val_profit=0.199550 (+19,955 PHP) | train_geo=-0.859805 (-85,981 PHP) val_geo=0.193395 (+19,340 PHP)
Epoch 004/50 | [MSE] train_loss=0.000313 val_loss=0.000170 | train_profit=-1.289034 (-128,903 PHP) val_profit=0.199550 (+19,955 PHP) | train_geo=-0.776949 (-77,695 PHP) val_geo=0.193395 (+19,340 PHP)
Epoch 005/50 | [MSE] train_loss=0.000306 val_loss=0.000169 | train_profit=-0.954777 (-95,478 PHP) val_profit=0.199550 (+19,955 PHP) | train_geo=-0.688645 (-68,865 PHP) val_geo=0.193395 (+19,340 PHP)
Epoch 006/50 | [MSE] train_loss=0.000301 val_loss=0.000169 | train_profit=-0.746150 (-74,615 PHP) val_profit=0.199550 (+19,955 PHP) | train_geo=-0.615638 (-61,564 PHP) val_geo=0.193395 (+19,340 PHP)
Epoch 007/50 | [MSE] train_loss=0.000300 val_loss=0.000166 | train_profit=-0.747437 (-74,744 PHP) val_profit=0.199550 (+19,955 PHP) | train_geo=-0.616781 (-61,678 PHP) val_geo=0.193395 (+19,340 PHP)
Epoch 008/50 | [MSE] train_loss=0.000298 val_loss=0.000168 | train_profit=-0.576657 (-57,666 PHP) val_profit=0.199550 (+19,955 PHP) | train_geo=-0.545441 (-54,544 PHP) val_geo=0.193395 (+19,340 PHP)
Epoch 009/50 | [MSE] train_loss=0.000299 val_loss=0.000170 | train_profit=-0.823158 (-82,316 PHP) val_profit=0.199550 (+19,955 PHP) | train_geo=-0.644915 (-64,492 PHP) val_geo=0.193395 (+19,340 PHP)
Epoch 010/50 | [MSE] train_loss=0.000297 val_loss=0.000170 | train_profit=-1.136716 (-113,672 PHP) val_profit=0.199550 (+19,955 PHP) | train_geo=-0.740402 (-74,040 PHP) val_geo=0.193395 (+19,340 PHP)
Epoch 011/50 | [MSE] train_loss=0.000298 val_loss=0.000172 | train_profit=-0.674056 (-67,406 PHP) val_profit=0.199550 (+19,955 PHP) | train_geo=-0.586065 (-58,607 PHP) val_geo=0.193395 (+19,340 PHP)
Epoch 012/50 | [MSE] train_loss=0.000297 val_loss=0.000171 | train_profit=0.161182 (+16,118 PHP) val_profit=0.199550 (+19,955 PHP) | train_geo=-0.044047 (-4,405 PHP) val_geo=0.193395 (+19,340 PHP)
Epoch 013/50 | [MSE] train_loss=0.000298 val_loss=0.000168 | train_profit=-0.068341 (-6,834 PHP) val_profit=0.199550 (+19,955 PHP) | train_geo=-0.240151 (-24,015 PHP) val_geo=0.193395 (+19,340 PHP)
Epoch 014/50 | [MSE] train_loss=0.000296 val_loss=0.000165 | train_profit=-0.193867 (-19,387 PHP) val_profit=0.199550 (+19,955 PHP) | train_geo=-0.329914 (-32,991 PHP) val_geo=0.193395 (+19,340 PHP)
Epoch 015/50 | [MSE] train_loss=0.000296 val_loss=0.000163 | train_profit=-0.162496 (-16,250 PHP) val_profit=0.199550 (+19,955 PHP) | train_geo=-0.308436 (-30,844 PHP) val_geo=0.193395 (+19,340 PHP)
Epoch 016/50 | [MSE] train_loss=0.000295 val_loss=0.000161 | train_profit=0.301463 (+30,146 PHP) val_profit=0.199550 (+19,955 PHP) | train_geo=0.100815 (+10,081 PHP) val_geo=0.193395 (+19,340 PHP)
Epoch 017/50 | [MSE] train_loss=0.000295 val_loss=0.000161 | train_profit=0.075607 (+7,561 PHP) val_profit=0.199550 (+19,955 PHP) | train_geo=-0.123069 (-12,307 PHP) val_geo=0.193395 (+19,340 PHP)
Epoch 018/50 | [MSE] train_loss=0.000295 val_loss=0.000160 | train_profit=0.100786 (+10,079 PHP) val_profit=0.199550 (+19,955 PHP) | train_geo=-0.100578 (-10,058 PHP) val_geo=0.193395 (+19,340 PHP)
Epoch 019/50 | [MSE] train_loss=0.000295 val_loss=0.000157 | train_profit=-0.014190 (-1,419 PHP) val_profit=0.199550 (+19,955 PHP) | train_geo=-0.198990 (-19,899 PHP) val_geo=0.193395 (+19,340 PHP)
Epoch 020/50 | [MSE] train_loss=0.000294 val_loss=0.000156 | train_profit=0.152549 (+15,255 PHP) val_profit=0.199550 (+19,955 PHP) | train_geo=-0.052184 (-5,218 PHP) val_geo=0.193395 (+19,340 PHP)
Epoch 021/50 | [MSE] train_loss=0.000292 val_loss=0.000155 | train_profit=0.308518 (+30,852 PHP) val_profit=0.199550 (+19,955 PHP) | train_geo=0.108549 (+10,855 PHP) val_geo=0.193395 (+19,340 PHP)
Epoch 022/50 | [MSE] train_loss=0.000291 val_loss=0.000156 | train_profit=0.393829 (+39,383 PHP) val_profit=0.199550 (+19,955 PHP) | train_geo=0.206584 (+20,658 PHP) val_geo=0.193395 (+19,340 PHP)
Epoch 023/50 | [MSE] train_loss=0.000292 val_loss=0.000155 | train_profit=-0.058192 (-5,819 PHP) val_profit=0.199550 (+19,955 PHP) | train_geo=-0.232368 (-23,237 PHP) val_geo=0.193395 (+19,340 PHP)
Epoch 024/50 | [MSE] train_loss=0.000290 val_loss=0.000155 | train_profit=-0.027202 (-2,720 PHP) val_profit=0.199550 (+19,955 PHP) | train_geo=-0.208430 (-20,843 PHP) val_geo=0.193395 (+19,340 PHP)
Epoch 025/50 | [MSE] train_loss=0.000292 val_loss=0.000155 | train_profit=0.196271 (+19,627 PHP) val_profit=0.199550 (+19,955 PHP) | train_geo=-0.009994 (-999 PHP) val_geo=0.193395 (+19,340 PHP)
Epoch 026/50 | [MSE] train_loss=0.000291 val_loss=0.000155 | train_profit=-0.627012 (-62,701 PHP) val_profit=0.199550 (+19,955 PHP) | train_geo=-0.565894 (-56,589 PHP) val_geo=0.193395 (+19,340 PHP)
Epoch 027/50 | [MSE] train_loss=0.000289 val_loss=0.000154 | train_profit=0.405445 (+40,545 PHP) val_profit=0.199550 (+19,955 PHP) | train_geo=0.221014 (+22,101 PHP) val_geo=0.193395 (+19,340 PHP)
Epoch 028/50 | [MSE] train_loss=0.000290 val_loss=0.000155 | train_profit=0.537181 (+53,718 PHP) val_profit=0.199550 (+19,955 PHP) | train_geo=0.392654 (+39,265 PHP) val_geo=0.193395 (+19,340 PHP)
Epoch 029/50 | [MSE] train_loss=0.000289 val_loss=0.000154 | train_profit=0.459211 (+45,921 PHP) val_profit=0.199550 (+19,955 PHP) | train_geo=0.288156 (+28,816 PHP) val_geo=0.193395 (+19,340 PHP)
Epoch 030/50 | [MSE] train_loss=0.000290 val_loss=0.000155 | train_profit=-0.083825 (-8,383 PHP) val_profit=0.199550 (+19,955 PHP) | train_geo=-0.252479 (-25,248 PHP) val_geo=0.193395 (+19,340 PHP)
Epoch 031/50 | [MSE] train_loss=0.000291 val_loss=0.000153 | train_profit=-0.392340 (-39,234 PHP) val_profit=0.188965 (+18,897 PHP) | train_geo=-0.450675 (-45,067 PHP) val_geo=0.180846 (+18,085 PHP)
Epoch 032/50 | [MSE] train_loss=0.000290 val_loss=0.000153 | train_profit=0.365292 (+36,529 PHP) val_profit=0.199550 (+19,955 PHP) | train_geo=0.172186 (+17,219 PHP) val_geo=0.193395 (+19,340 PHP)
Epoch 033/50 | [MSE] train_loss=0.000290 val_loss=0.000153 | train_profit=-0.451231 (-45,123 PHP) val_profit=0.210350 (+21,035 PHP) | train_geo=-0.482872 (-48,287 PHP) val_geo=0.206376 (+20,638 PHP)
Epoch 034/50 | [MSE] train_loss=0.000289 val_loss=0.000153 | train_profit=-0.236550 (-23,655 PHP) val_profit=0.157115 (+15,712 PHP) | train_geo=-0.358354 (-35,835 PHP) val_geo=0.143806 (+14,381 PHP)
Epoch 035/50 | [MSE] train_loss=0.000289 val_loss=0.000153 | train_profit=-0.230887 (-23,089 PHP) val_profit=0.141274 (+14,127 PHP) | train_geo=-0.354387 (-35,439 PHP) val_geo=0.125869 (+12,587 PHP)
Epoch 036/50 | [MSE] train_loss=0.000288 val_loss=0.000153 | train_profit=0.266187 (+26,619 PHP) val_profit=0.204201 (+20,420 PHP) | train_geo=0.062097 (+6,210 PHP) val_geo=0.198982 (+19,898 PHP)
Epoch 037/50 | [MSE] train_loss=0.000290 val_loss=0.000153 | train_profit=-0.104450 (-10,445 PHP) val_profit=0.127288 (+12,729 PHP) | train_geo=-0.267322 (-26,732 PHP) val_geo=0.110189 (+11,019 PHP)
Epoch 038/50 | [MSE] train_loss=0.000288 val_loss=0.000153 | train_profit=0.190849 (+19,085 PHP) val_profit=0.096068 (+9,607 PHP) | train_geo=-0.014999 (-1,500 PHP) val_geo=0.076064 (+7,606 PHP)
Epoch 039/50 | [MSE] train_loss=0.000288 val_loss=0.000153 | train_profit=-0.170082 (-17,008 PHP) val_profit=0.079815 (+7,982 PHP) | train_geo=-0.314309 (-31,431 PHP) val_geo=0.058783 (+5,878 PHP)
Epoch 040/50 | [MSE] train_loss=0.000289 val_loss=0.000152 | train_profit=-0.219378 (-21,938 PHP) val_profit=-0.035919 (-3,592 PHP) | train_geo=-0.347662 (-34,766 PHP) val_geo=-0.057025 (-5,702 PHP)
Epoch 041/50 | [MSE] train_loss=0.000286 val_loss=0.000153 | train_profit=-0.551895 (-55,190 PHP) val_profit=0.041691 (+4,169 PHP) | train_geo=-0.532200 (-53,220 PHP) val_geo=0.019217 (+1,922 PHP)
Epoch 042/50 | [MSE] train_loss=0.000288 val_loss=0.000153 | train_profit=-0.126966 (-12,697 PHP) val_profit=-0.076538 (-7,654 PHP) | train_geo=-0.283893 (-28,389 PHP) val_geo=-0.094623 (-9,462 PHP)
Epoch 043/50 | [MSE] train_loss=0.000287 val_loss=0.000153 | train_profit=-0.249298 (-24,930 PHP) val_profit=0.011938 (+1,194 PHP) | train_geo=-0.367771 (-36,777 PHP) val_geo=-0.010699 (-1,070 PHP)
Epoch 044/50 | [MSE] train_loss=0.000286 val_loss=0.000153 | train_profit=0.286981 (+28,698 PHP) val_profit=-0.050071 (-5,007 PHP) | train_geo=0.084163 (+8,416 PHP) val_geo=-0.070329 (-7,033 PHP)
Epoch 045/50 | [MSE] train_loss=0.000287 val_loss=0.000152 | train_profit=-0.466657 (-46,666 PHP) val_profit=-0.087542 (-8,754 PHP) | train_geo=-0.490975 (-49,097 PHP) val_geo=-0.104552 (-10,455 PHP)
Epoch 046/50 | [MSE] train_loss=0.000286 val_loss=0.000153 | train_profit=0.145392 (+14,539 PHP) val_profit=-0.034988 (-3,499 PHP) | train_geo=-0.058905 (-5,891 PHP) val_geo=-0.056208 (-5,621 PHP)
Epoch 047/50 | [MSE] train_loss=0.000286 val_loss=0.000153 | train_profit=-0.240384 (-24,038 PHP) val_profit=0.044243 (+4,424 PHP) | train_geo=-0.360742 (-36,074 PHP) val_geo=0.021710 (+2,171 PHP)
Epoch 048/50 | [MSE] train_loss=0.000287 val_loss=0.000153 | train_profit=-0.183347 (-18,335 PHP) val_profit=-0.095667 (-9,567 PHP) | train_geo=-0.323259 (-32,326 PHP) val_geo=-0.112015 (-11,202 PHP)
Epoch 049/50 | [MSE] train_loss=0.000287 val_loss=0.000152 | train_profit=-0.406694 (-40,669 PHP) val_profit=-0.079721 (-7,972 PHP) | train_geo=-0.459585 (-45,959 PHP) val_geo=-0.097658 (-9,766 PHP)
Epoch 050/50 | [MSE] train_loss=0.000287 val_loss=0.000153 | train_profit=0.098473 (+9,847 PHP) val_profit=-0.078088 (-7,809 PHP) | train_geo=-0.103848 (-10,385 PHP) val_geo=-0.096125 (-9,613 PHP)
[33/37] PSE:EW     (weak  ) mse           dir_acc=0.397 cum_ret=-0.1640 geo_ret=-0.1684 sharpe=-0.732 (buy&hold=-0.0414 always_short=+0.0013)
  [10.9s total]
Epoch 001/50 | train_loss=0.001789 val_loss=0.001062 | train_profit=-0.092191 (-9,219 PHP) val_profit=-0.201550 (-20,155 PHP) | train_geo=-0.259209 (-25,921 PHP) val_geo=-0.200930 (-20,093 PHP)
Epoch 002/50 | train_loss=0.000164 val_loss=0.000034 | train_profit=0.167955 (+16,796 PHP) val_profit=0.125727 (+12,573 PHP) | train_geo=-0.042143 (-4,214 PHP) val_geo=0.108426 (+10,843 PHP)
Epoch 003/50 | train_loss=0.000009 val_loss=0.000887 | train_profit=1.077932 (+107,793 PHP) val_profit=-0.228466 (-22,847 PHP) | train_geo=1.387418 (+138,742 PHP) val_geo=-0.222408 (-22,241 PHP)
Epoch 004/50 | train_loss=0.000262 val_loss=0.001384 | train_profit=0.309350 (+30,935 PHP) val_profit=-0.349548 (-34,955 PHP) | train_geo=0.103023 (+10,302 PHP) val_geo=-0.311077 (-31,108 PHP)
Epoch 005/50 | train_loss=-0.000097 val_loss=0.000877 | train_profit=0.711935 (+71,194 PHP) val_profit=-0.284160 (-28,416 PHP) | train_geo=0.655743 (+65,574 PHP) val_geo=-0.264375 (-26,438 PHP)
Epoch 006/50 | train_loss=0.000030 val_loss=0.001647 | train_profit=1.283148 (+128,315 PHP) val_profit=-0.412701 (-41,270 PHP) | train_geo=1.931813 (+193,181 PHP) val_geo=-0.353330 (-35,333 PHP)
Epoch 007/50 | train_loss=-0.000458 val_loss=0.001210 | train_profit=1.281172 (+128,117 PHP) val_profit=-0.166714 (-16,671 PHP) | train_geo=1.927409 (+192,741 PHP) val_geo=-0.172617 (-17,262 PHP)
Epoch 008/50 | train_loss=-0.000607 val_loss=0.001137 | train_profit=2.143732 (+214,373 PHP) val_profit=-0.202142 (-20,214 PHP) | train_geo=5.947944 (+594,794 PHP) val_geo=-0.201450 (-20,145 PHP)
Epoch 009/50 | train_loss=-0.000612 val_loss=0.001122 | train_profit=2.241598 (+224,160 PHP) val_profit=-0.211404 (-21,140 PHP) | train_geo=6.662742 (+666,274 PHP) val_geo=-0.208821 (-20,882 PHP)
Epoch 010/50 | train_loss=-0.000533 val_loss=0.001197 | train_profit=2.150876 (+215,088 PHP) val_profit=-0.169841 (-16,984 PHP) | train_geo=5.997106 (+599,711 PHP) val_geo=-0.175229 (-17,523 PHP)
Epoch 011/50 | train_loss=-0.000619 val_loss=0.001111 | train_profit=2.337127 (+233,713 PHP) val_profit=-0.217602 (-21,760 PHP) | train_geo=7.438531 (+743,853 PHP) val_geo=-0.213722 (-21,372 PHP)
Epoch 012/50 | train_loss=-0.000742 val_loss=0.001103 | train_profit=2.350638 (+235,064 PHP) val_profit=-0.147375 (-14,738 PHP) | train_geo=7.545486 (+754,549 PHP) val_geo=-0.156399 (-15,640 PHP)
Epoch 013/50 | train_loss=-0.000686 val_loss=0.001039 | train_profit=2.117560 (+211,756 PHP) val_profit=-0.251194 (-25,119 PHP) | train_geo=5.767307 (+576,731 PHP) val_geo=-0.239790 (-23,979 PHP)
Epoch 014/50 | train_loss=-0.000703 val_loss=0.001117 | train_profit=2.391570 (+239,157 PHP) val_profit=-0.129966 (-12,997 PHP) | train_geo=7.902433 (+790,243 PHP) val_geo=-0.141562 (-14,156 PHP)
Epoch 015/50 | train_loss=-0.000767 val_loss=0.001025 | train_profit=2.228681 (+222,868 PHP) val_profit=-0.346183 (-34,618 PHP) | train_geo=6.563555 (+656,356 PHP) val_geo=-0.308771 (-30,877 PHP)
Epoch 016/50 | train_loss=-0.000711 val_loss=0.001064 | train_profit=2.191691 (+219,169 PHP) val_profit=-0.166206 (-16,621 PHP) | train_geo=6.287159 (+628,716 PHP) val_geo=-0.172199 (-17,220 PHP)
Epoch 017/50 | train_loss=-0.000800 val_loss=0.001088 | train_profit=2.257957 (+225,796 PHP) val_profit=-0.238920 (-23,892 PHP) | train_geo=6.791710 (+679,171 PHP) val_geo=-0.230386 (-23,039 PHP)
Epoch 018/50 | train_loss=-0.000710 val_loss=0.001013 | train_profit=1.923981 (+192,398 PHP) val_profit=-0.265363 (-26,536 PHP) | train_geo=4.575420 (+457,542 PHP) val_geo=-0.250540 (-25,054 PHP)
Epoch 019/50 | train_loss=-0.000671 val_loss=0.001089 | train_profit=2.051090 (+205,109 PHP) val_profit=-0.209916 (-20,992 PHP) | train_geo=5.332191 (+533,219 PHP) val_geo=-0.207718 (-20,772 PHP)
Epoch 020/50 | train_loss=-0.000769 val_loss=0.001127 | train_profit=2.210776 (+221,078 PHP) val_profit=-0.294708 (-29,471 PHP) | train_geo=6.430389 (+643,039 PHP) val_geo=-0.272184 (-27,218 PHP)
Epoch 021/50 | train_loss=-0.000900 val_loss=0.001094 | train_profit=2.446953 (+244,695 PHP) val_profit=-0.212855 (-21,285 PHP) | train_geo=8.414329 (+841,433 PHP) val_geo=-0.210024 (-21,002 PHP)
Epoch 022/50 | train_loss=-0.000806 val_loss=0.001034 | train_profit=2.099117 (+209,912 PHP) val_profit=-0.259263 (-25,926 PHP) | train_geo=5.643561 (+564,356 PHP) val_geo=-0.245946 (-24,595 PHP)
Epoch 023/50 | train_loss=-0.000918 val_loss=0.001139 | train_profit=2.389261 (+238,926 PHP) val_profit=-0.263807 (-26,381 PHP) | train_geo=7.880551 (+788,055 PHP) val_geo=-0.249321 (-24,932 PHP)
Epoch 024/50 | train_loss=-0.000827 val_loss=0.001076 | train_profit=2.092734 (+209,273 PHP) val_profit=-0.225215 (-22,522 PHP) | train_geo=5.601535 (+560,154 PHP) val_geo=-0.219806 (-21,981 PHP)
Epoch 025/50 | train_loss=-0.000913 val_loss=0.001017 | train_profit=2.394716 (+239,472 PHP) val_profit=-0.212891 (-21,289 PHP) | train_geo=7.937357 (+793,736 PHP) val_geo=-0.210083 (-21,008 PHP)
Epoch 026/50 | train_loss=-0.000895 val_loss=0.001128 | train_profit=2.072402 (+207,240 PHP) val_profit=-0.261841 (-26,184 PHP) | train_geo=5.468216 (+546,822 PHP) val_geo=-0.247863 (-24,786 PHP)
Epoch 027/50 | train_loss=-0.000811 val_loss=0.001192 | train_profit=2.057454 (+205,745 PHP) val_profit=-0.270567 (-27,057 PHP) | train_geo=5.374434 (+537,443 PHP) val_geo=-0.254463 (-25,446 PHP)
Epoch 028/50 | train_loss=-0.001006 val_loss=0.001211 | train_profit=2.239877 (+223,988 PHP) val_profit=-0.279891 (-27,989 PHP) | train_geo=6.649449 (+664,945 PHP) val_geo=-0.261326 (-26,133 PHP)
Epoch 029/50 | train_loss=-0.001020 val_loss=0.001195 | train_profit=2.286069 (+228,607 PHP) val_profit=-0.276040 (-27,604 PHP) | train_geo=7.017019 (+701,702 PHP) val_geo=-0.258538 (-25,854 PHP)
Epoch 030/50 | train_loss=-0.001046 val_loss=0.001214 | train_profit=2.534574 (+253,457 PHP) val_profit=-0.327351 (-32,735 PHP) | train_geo=9.275943 (+927,594 PHP) val_geo=-0.295615 (-29,561 PHP)
Epoch 031/50 | train_loss=-0.000974 val_loss=0.001242 | train_profit=2.241842 (+224,184 PHP) val_profit=-0.349236 (-34,924 PHP) | train_geo=6.670122 (+667,012 PHP) val_geo=-0.310929 (-31,093 PHP)
Epoch 032/50 | train_loss=-0.000997 val_loss=0.001231 | train_profit=2.360356 (+236,036 PHP) val_profit=-0.290562 (-29,056 PHP) | train_geo=7.632950 (+763,295 PHP) val_geo=-0.269210 (-26,921 PHP)
Epoch 033/50 | train_loss=-0.001082 val_loss=0.001097 | train_profit=2.515749 (+251,575 PHP) val_profit=-0.264197 (-26,420 PHP) | train_geo=9.088380 (+908,838 PHP) val_geo=-0.249719 (-24,972 PHP)
Epoch 034/50 | train_loss=-0.001051 val_loss=0.001222 | train_profit=2.536605 (+253,661 PHP) val_profit=-0.302634 (-30,263 PHP) | train_geo=9.299863 (+929,986 PHP) val_geo=-0.277974 (-27,797 PHP)
Epoch 035/50 | train_loss=-0.001094 val_loss=0.001268 | train_profit=2.514918 (+251,492 PHP) val_profit=-0.276040 (-27,604 PHP) | train_geo=9.078071 (+907,807 PHP) val_geo=-0.258538 (-25,854 PHP)
Epoch 036/50 | train_loss=-0.001114 val_loss=0.001162 | train_profit=2.490824 (+249,082 PHP) val_profit=-0.229438 (-22,944 PHP) | train_geo=8.836623 (+883,662 PHP) val_geo=-0.223077 (-22,308 PHP)
Epoch 037/50 | train_loss=-0.001134 val_loss=0.001235 | train_profit=2.393609 (+239,361 PHP) val_profit=-0.294948 (-29,495 PHP) | train_geo=7.926039 (+792,604 PHP) val_geo=-0.272403 (-27,240 PHP)
Epoch 038/50 | train_loss=-0.001118 val_loss=0.001153 | train_profit=2.481367 (+248,137 PHP) val_profit=-0.328989 (-32,899 PHP) | train_geo=8.745860 (+874,586 PHP) val_geo=-0.296817 (-29,682 PHP)
Epoch 039/50 | train_loss=-0.001152 val_loss=0.001222 | train_profit=2.431324 (+243,132 PHP) val_profit=-0.353307 (-35,331 PHP) | train_geo=8.270118 (+827,012 PHP) val_geo=-0.313650 (-31,365 PHP)
Epoch 040/50 | train_loss=-0.001153 val_loss=0.001243 | train_profit=2.544617 (+254,462 PHP) val_profit=-0.276040 (-27,604 PHP) | train_geo=9.383338 (+938,334 PHP) val_geo=-0.258538 (-25,854 PHP)
Epoch 041/50 | train_loss=-0.001151 val_loss=0.001110 | train_profit=2.627954 (+262,795 PHP) val_profit=-0.229438 (-22,944 PHP) | train_geo=10.288857 (+1,028,886 PHP) val_geo=-0.223077 (-22,308 PHP)
Epoch 042/50 | train_loss=-0.001183 val_loss=0.001146 | train_profit=2.537745 (+253,774 PHP) val_profit=-0.237219 (-23,722 PHP) | train_geo=9.309536 (+930,954 PHP) val_geo=-0.229096 (-22,910 PHP)
Epoch 043/50 | train_loss=-0.001095 val_loss=0.001194 | train_profit=2.507784 (+250,778 PHP) val_profit=-0.274005 (-27,401 PHP) | train_geo=9.008009 (+900,801 PHP) val_geo=-0.257028 (-25,703 PHP)
Epoch 044/50 | train_loss=-0.001172 val_loss=0.001247 | train_profit=2.476102 (+247,610 PHP) val_profit=-0.329377 (-32,938 PHP) | train_geo=8.695031 (+869,503 PHP) val_geo=-0.297078 (-29,708 PHP)
Epoch 045/50 | train_loss=-0.001148 val_loss=0.001249 | train_profit=2.672490 (+267,249 PHP) val_profit=-0.273842 (-27,384 PHP) | train_geo=10.798214 (+1,079,821 PHP) val_geo=-0.256897 (-25,690 PHP)
Epoch 046/50 | train_loss=-0.001182 val_loss=0.001122 | train_profit=2.445639 (+244,564 PHP) val_profit=-0.398710 (-39,871 PHP) | train_geo=8.405154 (+840,515 PHP) val_geo=-0.344133 (-34,413 PHP)
Epoch 047/50 | train_loss=-0.001127 val_loss=0.001374 | train_profit=2.454935 (+245,493 PHP) val_profit=-0.273842 (-27,384 PHP) | train_geo=8.489931 (+848,993 PHP) val_geo=-0.256905 (-25,690 PHP)
Epoch 048/50 | train_loss=-0.001166 val_loss=0.001182 | train_profit=2.732535 (+273,254 PHP) val_profit=-0.219630 (-21,963 PHP) | train_geo=11.529188 (+1,152,919 PHP) val_geo=-0.215433 (-21,543 PHP)
Epoch 049/50 | train_loss=-0.001183 val_loss=0.001191 | train_profit=2.636839 (+263,684 PHP) val_profit=-0.368958 (-36,896 PHP) | train_geo=10.385734 (+1,038,573 PHP) val_geo=-0.324372 (-32,437 PHP)
Epoch 050/50 | train_loss=-0.001216 val_loss=0.001215 | train_profit=2.455862 (+245,586 PHP) val_profit=-0.386418 (-38,642 PHP) | train_geo=8.497207 (+849,721 PHP) val_geo=-0.336020 (-33,602 PHP)
[33/37] PSE:EW     (weak  ) profit-aware  dir_acc=0.506 cum_ret=+0.2965 geo_ret=+0.3184 sharpe=+1.331 (buy&hold=-0.0414 always_short=+0.0013)
  [15.0s total]
Epoch 001/50 | [MSE] train_loss=0.000740 val_loss=0.000233 | train_profit=-0.970892 (-97,089 PHP) val_profit=0.289004 (+28,900 PHP) | train_geo=-0.728508 (-72,851 PHP) val_geo=0.293097 (+29,310 PHP)
Epoch 002/50 | [MSE] train_loss=0.000528 val_loss=0.000214 | train_profit=-0.785312 (-78,531 PHP) val_profit=0.103964 (+10,396 PHP) | train_geo=-0.673483 (-67,348 PHP) val_geo=0.074670 (+7,467 PHP)
Epoch 003/50 | [MSE] train_loss=0.000498 val_loss=0.000206 | train_profit=0.011915 (+1,191 PHP) val_profit=-0.065061 (-6,506 PHP) | train_geo=-0.271899 (-27,190 PHP) val_geo=-0.092501 (-9,250 PHP)
Epoch 004/50 | [MSE] train_loss=0.000490 val_loss=0.000209 | train_profit=-0.913140 (-91,314 PHP) val_profit=-0.220266 (-22,027 PHP) | train_geo=-0.712306 (-71,231 PHP) val_geo=-0.223034 (-22,303 PHP)
Epoch 005/50 | [MSE] train_loss=0.000476 val_loss=0.000210 | train_profit=-0.355229 (-35,523 PHP) val_profit=-0.187063 (-18,706 PHP) | train_geo=-0.495852 (-49,585 PHP) val_geo=-0.196709 (-19,671 PHP)
Epoch 006/50 | [MSE] train_loss=0.000472 val_loss=0.000211 | train_profit=0.739204 (+73,920 PHP) val_profit=-0.208362 (-20,836 PHP) | train_geo=0.509614 (+50,961 PHP) val_geo=-0.213706 (-21,371 PHP)
Epoch 007/50 | [MSE] train_loss=0.000475 val_loss=0.000206 | train_profit=0.337971 (+33,797 PHP) val_profit=-0.155048 (-15,505 PHP) | train_geo=0.011374 (+1,137 PHP) val_geo=-0.170576 (-17,058 PHP)
Epoch 008/50 | [MSE] train_loss=0.000473 val_loss=0.000205 | train_profit=-0.425977 (-42,598 PHP) val_profit=0.226967 (+22,697 PHP) | train_geo=-0.530251 (-53,025 PHP) val_geo=0.215848 (+21,585 PHP)
Epoch 009/50 | [MSE] train_loss=0.000467 val_loss=0.000204 | train_profit=0.766253 (+76,625 PHP) val_profit=0.187976 (+18,798 PHP) | train_geo=0.549444 (+54,944 PHP) val_geo=0.168874 (+16,887 PHP)
Epoch 010/50 | [MSE] train_loss=0.000466 val_loss=0.000204 | train_profit=0.457266 (+45,727 PHP) val_profit=0.544409 (+54,441 PHP) | train_geo=0.137746 (+13,775 PHP) val_geo=0.669398 (+66,940 PHP)
Epoch 011/50 | [MSE] train_loss=0.000474 val_loss=0.000205 | train_profit=0.484331 (+48,433 PHP) val_profit=0.617994 (+61,799 PHP) | train_geo=0.167412 (+16,741 PHP) val_geo=0.797429 (+79,743 PHP)
Epoch 012/50 | [MSE] train_loss=0.000470 val_loss=0.000207 | train_profit=0.364161 (+36,416 PHP) val_profit=0.630351 (+63,035 PHP) | train_geo=0.035915 (+3,591 PHP) val_geo=0.819830 (+81,983 PHP)
Epoch 013/50 | [MSE] train_loss=0.000469 val_loss=0.000208 | train_profit=0.674939 (+67,494 PHP) val_profit=0.536501 (+53,650 PHP) | train_geo=0.414110 (+41,411 PHP) val_geo=0.656611 (+65,661 PHP)
Epoch 014/50 | [MSE] train_loss=0.000471 val_loss=0.000210 | train_profit=-0.587136 (-58,714 PHP) val_profit=0.465338 (+46,534 PHP) | train_geo=-0.602227 (-60,223 PHP) val_geo=0.542578 (+54,258 PHP)
Epoch 015/50 | [MSE] train_loss=0.000467 val_loss=0.000209 | train_profit=-0.477564 (-47,756 PHP) val_profit=0.457732 (+45,773 PHP) | train_geo=-0.553760 (-55,376 PHP) val_geo=0.530878 (+53,088 PHP)
Epoch 016/50 | [MSE] train_loss=0.000465 val_loss=0.000211 | train_profit=0.280442 (+28,044 PHP) val_profit=0.490979 (+49,098 PHP) | train_geo=-0.047261 (-4,726 PHP) val_geo=0.582699 (+58,270 PHP)
Epoch 017/50 | [MSE] train_loss=0.000464 val_loss=0.000208 | train_profit=-0.414659 (-41,466 PHP) val_profit=0.642284 (+64,228 PHP) | train_geo=-0.526949 (-52,695 PHP) val_geo=0.841792 (+84,179 PHP)
Epoch 018/50 | [MSE] train_loss=0.000461 val_loss=0.000209 | train_profit=0.259426 (+25,943 PHP) val_profit=0.461732 (+46,173 PHP) | train_geo=-0.071872 (-7,187 PHP) val_geo=0.537021 (+53,702 PHP)
Epoch 019/50 | [MSE] train_loss=0.000464 val_loss=0.000210 | train_profit=-0.128138 (-12,814 PHP) val_profit=0.465338 (+46,534 PHP) | train_geo=-0.369015 (-36,902 PHP) val_geo=0.542595 (+54,260 PHP)
Epoch 020/50 | [MSE] train_loss=0.000463 val_loss=0.000210 | train_profit=-0.577480 (-57,748 PHP) val_profit=0.465338 (+46,534 PHP) | train_geo=-0.598150 (-59,815 PHP) val_geo=0.542595 (+54,260 PHP)
Epoch 021/50 | [MSE] train_loss=0.000461 val_loss=0.000210 | train_profit=-0.152006 (-15,201 PHP) val_profit=0.476149 (+47,615 PHP) | train_geo=-0.384165 (-38,416 PHP) val_geo=0.559413 (+55,941 PHP)
Epoch 022/50 | [MSE] train_loss=0.000461 val_loss=0.000210 | train_profit=-0.317129 (-31,713 PHP) val_profit=0.461732 (+46,173 PHP) | train_geo=-0.476620 (-47,662 PHP) val_geo=0.537037 (+53,704 PHP)
Epoch 023/50 | [MSE] train_loss=0.000461 val_loss=0.000209 | train_profit=-0.009557 (-956 PHP) val_profit=0.461732 (+46,173 PHP) | train_geo=-0.290297 (-29,030 PHP) val_geo=0.537021 (+53,702 PHP)
Epoch 024/50 | [MSE] train_loss=0.000462 val_loss=0.000209 | train_profit=-0.523921 (-52,392 PHP) val_profit=0.542540 (+54,254 PHP) | train_geo=-0.575870 (-57,587 PHP) val_geo=0.666611 (+66,661 PHP)
Epoch 025/50 | [MSE] train_loss=0.000459 val_loss=0.000209 | train_profit=-0.466219 (-46,622 PHP) val_profit=0.542540 (+54,254 PHP) | train_geo=-0.550662 (-55,066 PHP) val_geo=0.666629 (+66,663 PHP)
Epoch 026/50 | [MSE] train_loss=0.000461 val_loss=0.000210 | train_profit=0.083973 (+8,397 PHP) val_profit=0.472149 (+47,215 PHP) | train_geo=-0.220305 (-22,031 PHP) val_geo=0.553165 (+55,317 PHP)
Epoch 027/50 | [MSE] train_loss=0.000462 val_loss=0.000210 | train_profit=-0.424374 (-42,437 PHP) val_profit=0.457732 (+45,773 PHP) | train_geo=-0.531575 (-53,158 PHP) val_geo=0.530895 (+53,090 PHP)
Epoch 028/50 | [MSE] train_loss=0.000461 val_loss=0.000209 | train_profit=-0.562620 (-56,262 PHP) val_profit=0.542540 (+54,254 PHP) | train_geo=-0.591750 (-59,175 PHP) val_geo=0.666611 (+66,661 PHP)
Epoch 029/50 | [MSE] train_loss=0.000458 val_loss=0.000208 | train_profit=-0.658707 (-65,871 PHP) val_profit=0.669807 (+66,981 PHP) | train_geo=-0.629376 (-62,938 PHP) val_geo=0.893294 (+89,329 PHP)
Epoch 030/50 | [MSE] train_loss=0.000457 val_loss=0.000208 | train_profit=0.061022 (+6,102 PHP) val_profit=0.669807 (+66,981 PHP) | train_geo=-0.235449 (-23,545 PHP) val_geo=0.893294 (+89,329 PHP)
Epoch 031/50 | [MSE] train_loss=0.000458 val_loss=0.000209 | train_profit=-0.379365 (-37,937 PHP) val_profit=0.518229 (+51,823 PHP) | train_geo=-0.509423 (-50,942 PHP) val_geo=0.626547 (+62,655 PHP)
Epoch 032/50 | [MSE] train_loss=0.000458 val_loss=0.000209 | train_profit=-0.557499 (-55,750 PHP) val_profit=0.669807 (+66,981 PHP) | train_geo=-0.589867 (-58,987 PHP) val_geo=0.893294 (+89,329 PHP)
Epoch 033/50 | [MSE] train_loss=0.000458 val_loss=0.000209 | train_profit=0.216382 (+21,638 PHP) val_profit=0.604841 (+60,484 PHP) | train_geo=-0.110036 (-11,004 PHP) val_geo=0.773945 (+77,394 PHP)
Epoch 034/50 | [MSE] train_loss=0.000458 val_loss=0.000208 | train_profit=0.459837 (+45,984 PHP) val_profit=0.642284 (+64,228 PHP) | train_geo=0.140596 (+14,060 PHP) val_geo=0.841792 (+84,179 PHP)
Epoch 035/50 | [MSE] train_loss=0.000458 val_loss=0.000208 | train_profit=0.026389 (+2,639 PHP) val_profit=0.673807 (+67,381 PHP) | train_geo=-0.263514 (-26,351 PHP) val_geo=0.900891 (+90,089 PHP)
Epoch 036/50 | [MSE] train_loss=0.000458 val_loss=0.000209 | train_profit=0.353614 (+35,361 PHP) val_profit=0.518229 (+51,823 PHP) | train_geo=0.025188 (+2,519 PHP) val_geo=0.626565 (+62,656 PHP)
Epoch 037/50 | [MSE] train_loss=0.000459 val_loss=0.000209 | train_profit=0.159976 (+15,998 PHP) val_profit=0.641098 (+64,110 PHP) | train_geo=-0.158326 (-15,833 PHP) val_geo=0.839710 (+83,971 PHP)
Epoch 038/50 | [MSE] train_loss=0.000457 val_loss=0.000208 | train_profit=0.891208 (+89,121 PHP) val_profit=0.637098 (+63,710 PHP) | train_geo=0.757360 (+75,736 PHP) val_geo=0.832358 (+83,236 PHP)
Epoch 039/50 | [MSE] train_loss=0.000460 val_loss=0.000208 | train_profit=-0.254633 (-25,463 PHP) val_profit=0.669807 (+66,981 PHP) | train_geo=-0.444608 (-44,461 PHP) val_geo=0.893294 (+89,329 PHP)
Epoch 040/50 | [MSE] train_loss=0.000457 val_loss=0.000208 | train_profit=-0.462844 (-46,284 PHP) val_profit=0.599037 (+59,904 PHP) | train_geo=-0.548397 (-54,840 PHP) val_geo=0.763686 (+76,369 PHP)
Epoch 041/50 | [MSE] train_loss=0.000457 val_loss=0.000207 | train_profit=-0.397413 (-39,741 PHP) val_profit=0.579992 (+57,999 PHP) | train_geo=-0.518363 (-51,836 PHP) val_geo=0.730464 (+73,046 PHP)
Epoch 042/50 | [MSE] train_loss=0.000458 val_loss=0.000208 | train_profit=0.175534 (+17,553 PHP) val_profit=0.556957 (+55,696 PHP) | train_geo=-0.142581 (-14,258 PHP) val_geo=0.690892 (+69,089 PHP)
Epoch 043/50 | [MSE] train_loss=0.000459 val_loss=0.000208 | train_profit=-0.708377 (-70,838 PHP) val_profit=0.599037 (+59,904 PHP) | train_geo=-0.647549 (-64,755 PHP) val_geo=0.763686 (+76,369 PHP)
Epoch 044/50 | [MSE] train_loss=0.000459 val_loss=0.000208 | train_profit=-0.280899 (-28,090 PHP) val_profit=0.567514 (+56,751 PHP) | train_geo=-0.458528 (-45,853 PHP) val_geo=0.708853 (+70,885 PHP)
Epoch 045/50 | [MSE] train_loss=0.000458 val_loss=0.000207 | train_profit=-0.095277 (-9,528 PHP) val_profit=0.609576 (+60,958 PHP) | train_geo=-0.347749 (-34,775 PHP) val_geo=0.782513 (+78,251 PHP)
Epoch 046/50 | [MSE] train_loss=0.000455 val_loss=0.000207 | train_profit=-0.045119 (-4,512 PHP) val_profit=0.595266 (+59,527 PHP) | train_geo=-0.314733 (-31,473 PHP) val_geo=0.757161 (+75,716 PHP)
Epoch 047/50 | [MSE] train_loss=0.000459 val_loss=0.000208 | train_profit=-1.366355 (-136,635 PHP) val_profit=0.669807 (+66,981 PHP) | train_geo=-0.817636 (-81,764 PHP) val_geo=0.893294 (+89,329 PHP)
Epoch 048/50 | [MSE] train_loss=0.000458 val_loss=0.000208 | train_profit=-0.412264 (-41,226 PHP) val_profit=0.599037 (+59,904 PHP) | train_geo=-0.525675 (-52,568 PHP) val_geo=0.763686 (+76,369 PHP)
Epoch 049/50 | [MSE] train_loss=0.000456 val_loss=0.000207 | train_profit=-0.136778 (-13,678 PHP) val_profit=0.579992 (+57,999 PHP) | train_geo=-0.372960 (-37,296 PHP) val_geo=0.730500 (+73,050 PHP)
Epoch 050/50 | [MSE] train_loss=0.000456 val_loss=0.000208 | train_profit=0.003881 (+388 PHP) val_profit=0.664003 (+66,400 PHP) | train_geo=-0.280499 (-28,050 PHP) val_geo=0.882346 (+88,235 PHP)
[34/37] PSE:MEG    (weak  ) mse           dir_acc=0.352 cum_ret=-0.2179 geo_ret=-0.2202 sharpe=-0.792 (buy&hold=+0.2743 always_short=-0.2621)
  [11.7s total]
Epoch 001/50 | train_loss=0.001872 val_loss=0.002195 | train_profit=0.832945 (+83,295 PHP) val_profit=0.085617 (+8,562 PHP) | train_geo=0.657130 (+65,713 PHP) val_geo=0.055126 (+5,513 PHP)
Epoch 002/50 | train_loss=0.001084 val_loss=0.001138 | train_profit=0.194031 (+19,403 PHP) val_profit=-0.198770 (-19,877 PHP) | train_geo=-0.125327 (-12,533 PHP) val_geo=-0.205999 (-20,600 PHP)
Epoch 003/50 | train_loss=0.000302 val_loss=-0.001018 | train_profit=0.665830 (+66,583 PHP) val_profit=0.718801 (+71,880 PHP) | train_geo=0.396233 (+39,623 PHP) val_geo=0.988007 (+98,801 PHP)
Epoch 004/50 | train_loss=0.000038 val_loss=-0.001078 | train_profit=1.038305 (+103,831 PHP) val_profit=0.727811 (+72,781 PHP) | train_geo=1.035806 (+103,581 PHP) val_geo=1.005928 (+100,593 PHP)
Epoch 005/50 | train_loss=-0.000100 val_loss=-0.001021 | train_profit=0.316104 (+31,610 PHP) val_profit=0.567052 (+56,705 PHP) | train_geo=-0.012549 (-1,255 PHP) val_geo=0.707789 (+70,779 PHP)
Epoch 006/50 | train_loss=-0.000042 val_loss=-0.000550 | train_profit=1.287536 (+128,754 PHP) val_profit=0.261564 (+26,156 PHP) | train_geo=1.611043 (+161,104 PHP) val_geo=0.257955 (+25,795 PHP)
Epoch 007/50 | train_loss=-0.000050 val_loss=-0.001111 | train_profit=0.891766 (+89,177 PHP) val_profit=0.599456 (+59,946 PHP) | train_geo=0.757373 (+75,737 PHP) val_geo=0.764019 (+76,402 PHP)
Epoch 008/50 | train_loss=-0.000029 val_loss=-0.001106 | train_profit=0.670071 (+67,007 PHP) val_profit=0.530394 (+53,039 PHP) | train_geo=0.406283 (+40,628 PHP) val_geo=0.646217 (+64,622 PHP)
Epoch 009/50 | train_loss=-0.000155 val_loss=-0.001098 | train_profit=0.987147 (+98,715 PHP) val_profit=0.776019 (+77,602 PHP) | train_geo=0.931474 (+93,147 PHP) val_geo=1.105337 (+110,534 PHP)
Epoch 010/50 | train_loss=-0.000147 val_loss=-0.001027 | train_profit=0.821488 (+82,149 PHP) val_profit=0.623104 (+62,310 PHP) | train_geo=0.637188 (+63,719 PHP) val_geo=0.806279 (+80,628 PHP)
Epoch 011/50 | train_loss=-0.000112 val_loss=-0.001101 | train_profit=0.677856 (+67,786 PHP) val_profit=0.716124 (+71,612 PHP) | train_geo=0.417577 (+41,758 PHP) val_geo=0.982595 (+98,259 PHP)
Epoch 012/50 | train_loss=-0.000267 val_loss=-0.000896 | train_profit=1.031249 (+103,125 PHP) val_profit=0.502791 (+50,279 PHP) | train_geo=1.021451 (+102,145 PHP) val_geo=0.601386 (+60,139 PHP)
Epoch 013/50 | train_loss=-0.000127 val_loss=-0.001011 | train_profit=1.170528 (+117,053 PHP) val_profit=0.677430 (+67,743 PHP) | train_geo=1.322586 (+132,259 PHP) val_geo=0.907670 (+90,767 PHP)
Epoch 014/50 | train_loss=-0.000031 val_loss=-0.000434 | train_profit=1.285541 (+128,554 PHP) val_profit=0.198987 (+19,899 PHP) | train_geo=1.608126 (+160,813 PHP) val_geo=0.182136 (+18,214 PHP)
Epoch 015/50 | train_loss=-0.000028 val_loss=-0.001031 | train_profit=0.851149 (+85,115 PHP) val_profit=0.586662 (+58,666 PHP) | train_geo=0.681808 (+68,181 PHP) val_geo=0.741798 (+74,180 PHP)
Epoch 016/50 | train_loss=-0.000162 val_loss=-0.000607 | train_profit=0.948426 (+94,843 PHP) val_profit=0.279357 (+27,936 PHP) | train_geo=0.861090 (+86,109 PHP) val_geo=0.280830 (+28,083 PHP)
Epoch 017/50 | train_loss=-0.000151 val_loss=-0.001110 | train_profit=1.057375 (+105,737 PHP) val_profit=0.687732 (+68,773 PHP) | train_geo=1.066338 (+106,634 PHP) val_geo=0.927201 (+92,720 PHP)
Epoch 018/50 | train_loss=-0.000311 val_loss=-0.000887 | train_profit=0.888983 (+88,898 PHP) val_profit=0.496037 (+49,604 PHP) | train_geo=0.753179 (+75,318 PHP) val_geo=0.590782 (+59,078 PHP)
Epoch 019/50 | train_loss=-0.000187 val_loss=-0.001073 | train_profit=0.945316 (+94,532 PHP) val_profit=0.618767 (+61,877 PHP) | train_geo=0.853381 (+85,338 PHP) val_geo=0.798498 (+79,850 PHP)
Epoch 020/50 | train_loss=-0.000205 val_loss=-0.000770 | train_profit=1.250049 (+125,005 PHP) val_profit=0.501059 (+50,106 PHP) | train_geo=1.516551 (+151,655 PHP) val_geo=0.598739 (+59,874 PHP)
Epoch 021/50 | train_loss=-0.000239 val_loss=-0.001156 | train_profit=1.248300 (+124,830 PHP) val_profit=0.633464 (+63,346 PHP) | train_geo=1.509652 (+150,965 PHP) val_geo=0.825498 (+82,550 PHP)
Epoch 022/50 | train_loss=-0.000303 val_loss=-0.000994 | train_profit=0.828293 (+82,829 PHP) val_profit=0.529757 (+52,976 PHP) | train_geo=0.649477 (+64,948 PHP) val_geo=0.645147 (+64,515 PHP)
Epoch 023/50 | train_loss=-0.000268 val_loss=-0.001186 | train_profit=1.275878 (+127,588 PHP) val_profit=0.648575 (+64,858 PHP) | train_geo=1.579622 (+157,962 PHP) val_geo=0.853144 (+85,314 PHP)
Epoch 024/50 | train_loss=-0.000288 val_loss=-0.000867 | train_profit=1.067427 (+106,743 PHP) val_profit=0.515025 (+51,503 PHP) | train_geo=1.095482 (+109,548 PHP) val_geo=0.621419 (+62,142 PHP)
Epoch 025/50 | train_loss=-0.000334 val_loss=-0.001142 | train_profit=1.641486 (+164,149 PHP) val_profit=0.623612 (+62,361 PHP) | train_geo=2.722461 (+272,246 PHP) val_geo=0.807600 (+80,760 PHP)
Epoch 026/50 | train_loss=-0.000278 val_loss=-0.000888 | train_profit=1.062475 (+106,248 PHP) val_profit=0.545403 (+54,540 PHP) | train_geo=1.085111 (+108,511 PHP) val_geo=0.671434 (+67,143 PHP)
Epoch 027/50 | train_loss=-0.000304 val_loss=-0.001154 | train_profit=1.634778 (+163,478 PHP) val_profit=0.633464 (+63,346 PHP) | train_geo=2.700041 (+270,004 PHP) val_geo=0.825498 (+82,550 PHP)
Epoch 028/50 | train_loss=-0.000292 val_loss=-0.000993 | train_profit=1.136012 (+113,601 PHP) val_profit=0.493789 (+49,379 PHP) | train_geo=1.244288 (+124,429 PHP) val_geo=0.587055 (+58,706 PHP)
Epoch 029/50 | train_loss=-0.000355 val_loss=-0.001221 | train_profit=1.429094 (+142,909 PHP) val_profit=0.713884 (+71,388 PHP) | train_geo=2.009112 (+200,911 PHP) val_geo=0.978439 (+97,844 PHP)
Epoch 030/50 | train_loss=-0.000405 val_loss=-0.001104 | train_profit=1.411846 (+141,185 PHP) val_profit=0.701003 (+70,100 PHP) | train_geo=1.958649 (+195,865 PHP) val_geo=0.953191 (+95,319 PHP)
Epoch 031/50 | train_loss=-0.000458 val_loss=-0.001203 | train_profit=2.144379 (+214,438 PHP) val_profit=0.666207 (+66,621 PHP) | train_geo=5.160085 (+516,008 PHP) val_geo=0.886440 (+88,644 PHP)
Epoch 032/50 | train_loss=-0.000378 val_loss=-0.001144 | train_profit=1.507127 (+150,713 PHP) val_profit=0.730478 (+73,048 PHP) | train_geo=2.254637 (+225,464 PHP) val_geo=1.011705 (+101,170 PHP)
Epoch 033/50 | train_loss=-0.000494 val_loss=-0.001213 | train_profit=1.870279 (+187,028 PHP) val_profit=0.685977 (+68,598 PHP) | train_geo=3.681853 (+368,185 PHP) val_geo=0.923931 (+92,393 PHP)
Epoch 034/50 | train_loss=-0.000475 val_loss=-0.001291 | train_profit=1.862769 (+186,277 PHP) val_profit=0.681854 (+68,185 PHP) | train_geo=3.646354 (+364,635 PHP) val_geo=0.915994 (+91,599 PHP)
Epoch 035/50 | train_loss=-0.000396 val_loss=-0.001154 | train_profit=1.928767 (+192,877 PHP) val_profit=0.674865 (+67,487 PHP) | train_geo=3.964736 (+396,474 PHP) val_geo=0.902811 (+90,281 PHP)
Epoch 036/50 | train_loss=-0.000452 val_loss=-0.001198 | train_profit=1.730131 (+173,013 PHP) val_profit=0.735078 (+73,508 PHP) | train_geo=3.068433 (+306,843 PHP) val_geo=1.021044 (+102,104 PHP)
Epoch 037/50 | train_loss=-0.000440 val_loss=-0.001165 | train_profit=1.813393 (+181,339 PHP) val_profit=0.624226 (+62,423 PHP) | train_geo=3.423799 (+342,380 PHP) val_geo=0.808866 (+80,887 PHP)
Epoch 038/50 | train_loss=-0.000442 val_loss=-0.001193 | train_profit=1.381117 (+138,112 PHP) val_profit=0.670714 (+67,071 PHP) | train_geo=1.868142 (+186,814 PHP) val_geo=0.894911 (+89,491 PHP)
Epoch 039/50 | train_loss=-0.000429 val_loss=-0.001151 | train_profit=1.896413 (+189,641 PHP) val_profit=0.535229 (+53,523 PHP) | train_geo=3.805981 (+380,598 PHP) val_geo=0.654406 (+65,441 PHP)
Epoch 040/50 | train_loss=-0.000560 val_loss=-0.001240 | train_profit=1.937190 (+193,719 PHP) val_profit=0.673503 (+67,350 PHP) | train_geo=4.005537 (+400,554 PHP) val_geo=0.900241 (+90,024 PHP)
Epoch 041/50 | train_loss=-0.000534 val_loss=-0.001182 | train_profit=1.843169 (+184,317 PHP) val_profit=0.680742 (+68,074 PHP) | train_geo=3.557810 (+355,781 PHP) val_geo=0.913803 (+91,380 PHP)
Epoch 042/50 | train_loss=-0.000516 val_loss=-0.001109 | train_profit=1.803485 (+180,349 PHP) val_profit=0.617881 (+61,788 PHP) | train_geo=3.379851 (+337,985 PHP) val_geo=0.797285 (+79,729 PHP)
Epoch 043/50 | train_loss=-0.000511 val_loss=-0.001297 | train_profit=1.996260 (+199,626 PHP) val_profit=0.731147 (+73,115 PHP) | train_geo=4.310687 (+431,069 PHP) val_geo=1.013053 (+101,305 PHP)
Epoch 044/50 | train_loss=-0.000463 val_loss=-0.001074 | train_profit=2.229099 (+222,910 PHP) val_profit=0.573122 (+57,312 PHP) | train_geo=5.706415 (+570,642 PHP) val_geo=0.718466 (+71,847 PHP)
Epoch 045/50 | train_loss=-0.000667 val_loss=-0.001137 | train_profit=2.191761 (+219,176 PHP) val_profit=0.574560 (+57,456 PHP) | train_geo=5.460350 (+546,035 PHP) val_geo=0.720952 (+72,095 PHP)
Epoch 046/50 | train_loss=-0.000656 val_loss=-0.001190 | train_profit=1.879413 (+187,941 PHP) val_profit=0.635348 (+63,535 PHP) | train_geo=3.723161 (+372,316 PHP) val_geo=0.828933 (+82,893 PHP)
Epoch 047/50 | train_loss=-0.000557 val_loss=-0.001026 | train_profit=2.302821 (+230,282 PHP) val_profit=0.544721 (+54,472 PHP) | train_geo=6.220730 (+622,073 PHP) val_geo=0.670220 (+67,022 PHP)
Epoch 048/50 | train_loss=-0.000606 val_loss=-0.001284 | train_profit=1.882013 (+188,201 PHP) val_profit=0.770381 (+77,038 PHP) | train_geo=3.739285 (+373,928 PHP) val_geo=1.093708 (+109,371 PHP)
Epoch 049/50 | train_loss=-0.000710 val_loss=-0.001006 | train_profit=2.348796 (+234,880 PHP) val_profit=0.497414 (+49,741 PHP) | train_geo=6.564044 (+656,404 PHP) val_geo=0.593194 (+59,319 PHP)
Epoch 050/50 | train_loss=-0.000741 val_loss=-0.001206 | train_profit=2.363441 (+236,344 PHP) val_profit=0.593993 (+59,399 PHP) | train_geo=6.673412 (+667,341 PHP) val_geo=0.754921 (+75,492 PHP)
[34/37] PSE:MEG    (weak  ) profit-aware  dir_acc=0.368 cum_ret=+0.0339 geo_ret=+0.0032 sharpe=+0.123 (buy&hold=+0.2743 always_short=-0.2621)
  [13.0s total]
Epoch 001/50 | [MSE] train_loss=0.000734 val_loss=0.000621 | train_profit=-0.949930 (-94,993 PHP) val_profit=0.220762 (+22,076 PHP) | train_geo=-0.726618 (-72,662 PHP) val_geo=0.134382 (+13,438 PHP)
Epoch 002/50 | [MSE] train_loss=0.000526 val_loss=0.000612 | train_profit=-2.129502 (-212,950 PHP) val_profit=0.081536 (+8,154 PHP) | train_geo=-0.916165 (-91,617 PHP) val_geo=-0.012907 (-1,291 PHP)
Epoch 003/50 | [MSE] train_loss=0.000513 val_loss=0.000614 | train_profit=-2.398843 (-239,884 PHP) val_profit=0.195027 (+19,503 PHP) | train_geo=-0.935927 (-93,593 PHP) val_geo=0.105113 (+10,511 PHP)
Epoch 004/50 | [MSE] train_loss=0.000496 val_loss=0.000619 | train_profit=-2.399819 (-239,982 PHP) val_profit=0.121368 (+12,137 PHP) | train_geo=-0.935967 (-93,597 PHP) val_geo=0.026870 (+2,687 PHP)
Epoch 005/50 | [MSE] train_loss=0.000497 val_loss=0.000612 | train_profit=-1.305750 (-130,575 PHP) val_profit=0.194157 (+19,416 PHP) | train_geo=-0.808253 (-80,825 PHP) val_geo=0.104325 (+10,433 PHP)
Epoch 006/50 | [MSE] train_loss=0.000488 val_loss=0.000610 | train_profit=-1.767663 (-176,766 PHP) val_profit=0.883693 (+88,369 PHP) | train_geo=-0.879355 (-87,935 PHP) val_geo=1.203664 (+120,366 PHP)
Epoch 007/50 | [MSE] train_loss=0.000493 val_loss=0.000609 | train_profit=-2.094217 (-209,422 PHP) val_profit=0.568218 (+56,822 PHP) | train_geo=-0.913121 (-91,312 PHP) val_geo=0.605775 (+60,577 PHP)
Epoch 008/50 | [MSE] train_loss=0.000488 val_loss=0.000609 | train_profit=-1.860577 (-186,058 PHP) val_profit=0.590559 (+59,056 PHP) | train_geo=-0.890067 (-89,007 PHP) val_geo=0.642519 (+64,252 PHP)
Epoch 009/50 | [MSE] train_loss=0.000486 val_loss=0.000613 | train_profit=-1.586688 (-158,669 PHP) val_profit=0.613218 (+61,322 PHP) | train_geo=-0.855545 (-85,555 PHP) val_geo=0.680071 (+68,007 PHP)
Epoch 010/50 | [MSE] train_loss=0.000488 val_loss=0.000611 | train_profit=-1.706908 (-170,691 PHP) val_profit=0.413369 (+41,337 PHP) | train_geo=-0.871775 (-87,178 PHP) val_geo=0.375448 (+37,545 PHP)
Epoch 011/50 | [MSE] train_loss=0.000486 val_loss=0.000614 | train_profit=-0.198814 (-19,881 PHP) val_profit=0.142498 (+14,250 PHP) | train_geo=-0.418630 (-41,863 PHP) val_geo=0.049516 (+4,952 PHP)
Epoch 012/50 | [MSE] train_loss=0.000487 val_loss=0.000610 | train_profit=-2.224182 (-222,418 PHP) val_profit=0.497856 (+49,786 PHP) | train_geo=-0.923624 (-92,362 PHP) val_geo=0.496944 (+49,694 PHP)
Epoch 013/50 | [MSE] train_loss=0.000486 val_loss=0.000609 | train_profit=-1.752082 (-175,208 PHP) val_profit=0.435501 (+43,550 PHP) | train_geo=-0.877383 (-87,738 PHP) val_geo=0.406623 (+40,662 PHP)
Epoch 014/50 | [MSE] train_loss=0.000486 val_loss=0.000610 | train_profit=-0.621555 (-62,156 PHP) val_profit=0.342525 (+34,253 PHP) | train_geo=-0.619489 (-61,949 PHP) val_geo=0.281862 (+28,186 PHP)
Epoch 015/50 | [MSE] train_loss=0.000482 val_loss=0.000610 | train_profit=-1.542729 (-154,273 PHP) val_profit=0.825891 (+82,589 PHP) | train_geo=-0.848674 (-84,867 PHP) val_geo=1.078945 (+107,895 PHP)
Epoch 016/50 | [MSE] train_loss=0.000483 val_loss=0.000611 | train_profit=-1.572605 (-157,260 PHP) val_profit=0.672239 (+67,224 PHP) | train_geo=-0.853191 (-85,319 PHP) val_geo=0.782490 (+78,249 PHP)
Epoch 017/50 | [MSE] train_loss=0.000484 val_loss=0.000611 | train_profit=-1.059637 (-105,964 PHP) val_profit=0.888501 (+88,850 PHP) | train_geo=-0.754817 (-75,482 PHP) val_geo=1.213983 (+121,398 PHP)
Epoch 018/50 | [MSE] train_loss=0.000481 val_loss=0.000611 | train_profit=-0.533831 (-53,383 PHP) val_profit=0.633455 (+63,345 PHP) | train_geo=-0.584411 (-58,441 PHP) val_geo=0.714432 (+71,443 PHP)
Epoch 019/50 | [MSE] train_loss=0.000483 val_loss=0.000611 | train_profit=-2.109084 (-210,908 PHP) val_profit=0.861095 (+86,109 PHP) | train_geo=-0.914282 (-91,428 PHP) val_geo=1.154000 (+115,400 PHP)
Epoch 020/50 | [MSE] train_loss=0.000482 val_loss=0.000612 | train_profit=-1.884483 (-188,448 PHP) val_profit=0.452001 (+45,200 PHP) | train_geo=-0.892581 (-89,258 PHP) val_geo=0.430372 (+43,037 PHP)
Epoch 021/50 | [MSE] train_loss=0.000481 val_loss=0.000610 | train_profit=-1.004806 (-100,481 PHP) val_profit=0.515421 (+51,542 PHP) | train_geo=-0.741046 (-74,105 PHP) val_geo=0.523025 (+52,303 PHP)
Epoch 022/50 | [MSE] train_loss=0.000482 val_loss=0.000611 | train_profit=-1.160372 (-116,037 PHP) val_profit=0.565076 (+56,508 PHP) | train_geo=-0.778190 (-77,819 PHP) val_geo=0.601312 (+60,131 PHP)
Epoch 023/50 | [MSE] train_loss=0.000480 val_loss=0.000612 | train_profit=-1.051521 (-105,152 PHP) val_profit=0.488747 (+48,875 PHP) | train_geo=-0.752847 (-75,285 PHP) val_geo=0.483546 (+48,355 PHP)
Epoch 024/50 | [MSE] train_loss=0.000479 val_loss=0.000611 | train_profit=-1.033941 (-103,394 PHP) val_profit=0.649440 (+64,944 PHP) | train_geo=-0.748405 (-74,841 PHP) val_geo=0.742603 (+74,260 PHP)
Epoch 025/50 | [MSE] train_loss=0.000481 val_loss=0.000611 | train_profit=-0.621854 (-62,185 PHP) val_profit=0.126074 (+12,607 PHP) | train_geo=-0.620113 (-62,011 PHP) val_geo=0.032095 (+3,210 PHP)
Epoch 026/50 | [MSE] train_loss=0.000482 val_loss=0.000612 | train_profit=-1.769253 (-176,925 PHP) val_profit=0.708447 (+70,845 PHP) | train_geo=-0.879542 (-87,954 PHP) val_geo=0.848949 (+84,895 PHP)
Epoch 027/50 | [MSE] train_loss=0.000483 val_loss=0.000611 | train_profit=-1.357069 (-135,707 PHP) val_profit=0.409654 (+40,965 PHP) | train_geo=-0.818057 (-81,806 PHP) val_geo=0.370692 (+37,069 PHP)
Epoch 028/50 | [MSE] train_loss=0.000482 val_loss=0.000612 | train_profit=-0.361144 (-36,114 PHP) val_profit=0.567019 (+56,702 PHP) | train_geo=-0.506175 (-50,617 PHP) val_geo=0.604838 (+60,484 PHP)
Epoch 029/50 | [MSE] train_loss=0.000481 val_loss=0.000611 | train_profit=-0.547824 (-54,782 PHP) val_profit=0.402853 (+40,285 PHP) | train_geo=-0.590128 (-59,013 PHP) val_geo=0.361708 (+36,171 PHP)
Epoch 030/50 | [MSE] train_loss=0.000480 val_loss=0.000613 | train_profit=-0.805383 (-80,538 PHP) val_profit=0.490360 (+49,036 PHP) | train_geo=-0.683458 (-68,346 PHP) val_geo=0.485735 (+48,573 PHP)
Epoch 031/50 | [MSE] train_loss=0.000480 val_loss=0.000613 | train_profit=-0.351561 (-35,156 PHP) val_profit=0.281168 (+28,117 PHP) | train_geo=-0.501387 (-50,139 PHP) val_geo=0.204831 (+20,483 PHP)
Epoch 032/50 | [MSE] train_loss=0.000480 val_loss=0.000613 | train_profit=-0.326607 (-32,661 PHP) val_profit=0.436364 (+43,636 PHP) | train_geo=-0.488489 (-48,849 PHP) val_geo=0.407827 (+40,783 PHP)
Epoch 033/50 | [MSE] train_loss=0.000482 val_loss=0.000612 | train_profit=-1.587834 (-158,783 PHP) val_profit=0.622033 (+62,203 PHP) | train_geo=-0.855646 (-85,565 PHP) val_geo=0.695099 (+69,510 PHP)
Epoch 034/50 | [MSE] train_loss=0.000481 val_loss=0.000613 | train_profit=-1.247811 (-124,781 PHP) val_profit=0.211632 (+21,163 PHP) | train_geo=-0.796918 (-79,692 PHP) val_geo=0.124417 (+12,442 PHP)
Epoch 035/50 | [MSE] train_loss=0.000479 val_loss=0.000612 | train_profit=-1.160732 (-116,073 PHP) val_profit=0.549677 (+54,968 PHP) | train_geo=-0.778391 (-77,839 PHP) val_geo=0.576629 (+57,663 PHP)
Epoch 036/50 | [MSE] train_loss=0.000480 val_loss=0.000612 | train_profit=-0.619426 (-61,943 PHP) val_profit=0.576134 (+57,613 PHP) | train_geo=-0.618458 (-61,846 PHP) val_geo=0.619066 (+61,907 PHP)
Epoch 037/50 | [MSE] train_loss=0.000481 val_loss=0.000611 | train_profit=-0.978350 (-97,835 PHP) val_profit=0.595077 (+59,508 PHP) | train_geo=-0.733796 (-73,380 PHP) val_geo=0.650369 (+65,037 PHP)
Epoch 038/50 | [MSE] train_loss=0.000480 val_loss=0.000613 | train_profit=-1.286908 (-128,691 PHP) val_profit=0.567925 (+56,792 PHP) | train_geo=-0.804603 (-80,460 PHP) val_geo=0.605684 (+60,568 PHP)
Epoch 039/50 | [MSE] train_loss=0.000479 val_loss=0.000612 | train_profit=-0.533210 (-53,321 PHP) val_profit=0.474110 (+47,411 PHP) | train_geo=-0.584192 (-58,419 PHP) val_geo=0.462538 (+46,254 PHP)
Epoch 040/50 | [MSE] train_loss=0.000478 val_loss=0.000612 | train_profit=0.125034 (+12,503 PHP) val_profit=0.656873 (+65,687 PHP) | train_geo=-0.196629 (-19,663 PHP) val_geo=0.755241 (+75,524 PHP)
Epoch 041/50 | [MSE] train_loss=0.000478 val_loss=0.000613 | train_profit=-0.420085 (-42,009 PHP) val_profit=0.515040 (+51,504 PHP) | train_geo=-0.534607 (-53,461 PHP) val_geo=0.523014 (+52,301 PHP)
Epoch 042/50 | [MSE] train_loss=0.000481 val_loss=0.000613 | train_profit=-1.396240 (-139,624 PHP) val_profit=0.541921 (+54,192 PHP) | train_geo=-0.825007 (-82,501 PHP) val_geo=0.564412 (+56,441 PHP)
Epoch 043/50 | [MSE] train_loss=0.000481 val_loss=0.000614 | train_profit=-0.984492 (-98,449 PHP) val_profit=0.190357 (+19,036 PHP) | train_geo=-0.735641 (-73,564 PHP) val_geo=0.100229 (+10,023 PHP)
Epoch 044/50 | [MSE] train_loss=0.000479 val_loss=0.000613 | train_profit=-0.209617 (-20,962 PHP) val_profit=0.300832 (+30,083 PHP) | train_geo=-0.425516 (-42,552 PHP) val_geo=0.228751 (+22,875 PHP)
Epoch 045/50 | [MSE] train_loss=0.000481 val_loss=0.000613 | train_profit=-0.528065 (-52,807 PHP) val_profit=0.545180 (+54,518 PHP) | train_geo=-0.582556 (-58,256 PHP) val_geo=0.569504 (+56,950 PHP)
Epoch 046/50 | [MSE] train_loss=0.000478 val_loss=0.000613 | train_profit=-0.283460 (-28,346 PHP) val_profit=0.486025 (+48,603 PHP) | train_geo=-0.466572 (-46,657 PHP) val_geo=0.479989 (+47,999 PHP)
Epoch 047/50 | [MSE] train_loss=0.000479 val_loss=0.000613 | train_profit=-0.114927 (-11,493 PHP) val_profit=0.440686 (+44,069 PHP) | train_geo=-0.367733 (-36,773 PHP) val_geo=0.413881 (+41,388 PHP)
Epoch 048/50 | [MSE] train_loss=0.000479 val_loss=0.000612 | train_profit=-0.257707 (-25,771 PHP) val_profit=0.378803 (+37,880 PHP) | train_geo=-0.452251 (-45,225 PHP) val_geo=0.328895 (+32,889 PHP)
Epoch 049/50 | [MSE] train_loss=0.000479 val_loss=0.000614 | train_profit=-1.029642 (-102,964 PHP) val_profit=0.320409 (+32,041 PHP) | train_geo=-0.747366 (-74,737 PHP) val_geo=0.253343 (+25,334 PHP)
Epoch 050/50 | [MSE] train_loss=0.000479 val_loss=0.000614 | train_profit=-0.595478 (-59,548 PHP) val_profit=0.235201 (+23,520 PHP) | train_geo=-0.609473 (-60,947 PHP) val_geo=0.150602 (+15,060 PHP)
[35/37] PSE:URC    (weak  ) mse           dir_acc=0.529 cum_ret=+0.2771 geo_ret=+0.2371 sharpe=+0.695 (buy&hold=-0.3140 always_short=+0.2796)
  [10.6s total]
Epoch 001/50 | train_loss=0.001315 val_loss=0.002285 | train_profit=-0.764687 (-76,469 PHP) val_profit=-0.222762 (-22,276 PHP) | train_geo=-0.670325 (-67,032 PHP) val_geo=-0.271937 (-27,194 PHP)
Epoch 002/50 | train_loss=0.000717 val_loss=-0.000271 | train_profit=-0.031044 (-3,104 PHP) val_profit=0.115788 (+11,579 PHP) | train_geo=-0.313675 (-31,367 PHP) val_geo=0.021935 (+2,194 PHP)
Epoch 003/50 | train_loss=0.000790 val_loss=-0.001863 | train_profit=-0.793913 (-79,391 PHP) val_profit=0.773607 (+77,361 PHP) | train_geo=-0.680186 (-68,019 PHP) val_geo=0.972938 (+97,294 PHP)
Epoch 004/50 | train_loss=0.000532 val_loss=-0.001883 | train_profit=-0.135929 (-13,593 PHP) val_profit=1.174228 (+117,423 PHP) | train_geo=-0.381511 (-38,151 PHP) val_geo=1.946738 (+194,674 PHP)
Epoch 005/50 | train_loss=0.000574 val_loss=-0.000154 | train_profit=-0.226178 (-22,618 PHP) val_profit=-0.139432 (-13,943 PHP) | train_geo=-0.435519 (-43,552 PHP) val_geo=-0.208522 (-20,852 PHP)
Epoch 006/50 | train_loss=0.000309 val_loss=-0.001310 | train_profit=0.048840 (+4,884 PHP) val_profit=0.709334 (+70,933 PHP) | train_geo=-0.255673 (-25,567 PHP) val_geo=0.850336 (+85,034 PHP)
Epoch 007/50 | train_loss=0.000371 val_loss=-0.001489 | train_profit=0.559189 (+55,919 PHP) val_profit=0.401314 (+40,131 PHP) | train_geo=0.240823 (+24,082 PHP) val_geo=0.359555 (+35,956 PHP)
Epoch 008/50 | train_loss=0.000305 val_loss=-0.001546 | train_profit=-0.009994 (-999 PHP) val_profit=0.562381 (+56,238 PHP) | train_geo=-0.298876 (-29,888 PHP) val_geo=0.597325 (+59,733 PHP)
Epoch 009/50 | train_loss=0.000270 val_loss=-0.001066 | train_profit=0.895555 (+89,556 PHP) val_profit=0.529880 (+52,988 PHP) | train_geo=0.737121 (+73,712 PHP) val_geo=0.546660 (+54,666 PHP)
Epoch 010/50 | train_loss=0.000132 val_loss=-0.001022 | train_profit=0.717630 (+71,763 PHP) val_profit=0.402741 (+40,274 PHP) | train_geo=0.454617 (+45,462 PHP) val_geo=0.361671 (+36,167 PHP)
Epoch 011/50 | train_loss=0.000184 val_loss=-0.001188 | train_profit=0.827495 (+82,749 PHP) val_profit=0.449991 (+44,999 PHP) | train_geo=0.622984 (+62,298 PHP) val_geo=0.427390 (+42,739 PHP)
Epoch 012/50 | train_loss=0.000429 val_loss=-0.001031 | train_profit=0.325429 (+32,543 PHP) val_profit=0.374373 (+37,437 PHP) | train_geo=-0.018310 (-1,831 PHP) val_geo=0.323585 (+32,358 PHP)
Epoch 013/50 | train_loss=0.000244 val_loss=-0.001331 | train_profit=0.687569 (+68,757 PHP) val_profit=0.268364 (+26,836 PHP) | train_geo=0.411343 (+41,134 PHP) val_geo=0.189940 (+18,994 PHP)
Epoch 014/50 | train_loss=0.000319 val_loss=-0.001288 | train_profit=0.603035 (+60,304 PHP) val_profit=0.384615 (+38,462 PHP) | train_geo=0.296132 (+29,613 PHP) val_geo=0.337008 (+33,701 PHP)
Epoch 015/50 | train_loss=0.000198 val_loss=-0.001014 | train_profit=0.523319 (+52,332 PHP) val_profit=0.362403 (+36,240 PHP) | train_geo=0.197061 (+19,706 PHP) val_geo=0.307808 (+30,781 PHP)
Epoch 016/50 | train_loss=0.000196 val_loss=-0.000835 | train_profit=0.556502 (+55,650 PHP) val_profit=0.575450 (+57,545 PHP) | train_geo=0.238076 (+23,808 PHP) val_geo=0.618396 (+61,840 PHP)
Epoch 017/50 | train_loss=0.000186 val_loss=-0.001139 | train_profit=0.644297 (+64,430 PHP) val_profit=0.408393 (+40,839 PHP) | train_geo=0.351269 (+35,127 PHP) val_geo=0.369349 (+36,935 PHP)
Epoch 018/50 | train_loss=0.000114 val_loss=-0.001368 | train_profit=0.606104 (+60,610 PHP) val_profit=0.267882 (+26,788 PHP) | train_geo=0.300565 (+30,057 PHP) val_geo=0.189561 (+18,956 PHP)
Epoch 019/50 | train_loss=0.000051 val_loss=-0.000860 | train_profit=1.140601 (+114,060 PHP) val_profit=0.665337 (+66,534 PHP) | train_geo=1.221368 (+122,137 PHP) val_geo=0.771044 (+77,104 PHP)
Epoch 020/50 | train_loss=0.000148 val_loss=-0.001072 | train_profit=0.243151 (+24,315 PHP) val_profit=0.518478 (+51,848 PHP) | train_geo=-0.096480 (-9,648 PHP) val_geo=0.529066 (+52,907 PHP)
Epoch 021/50 | train_loss=0.000048 val_loss=-0.001053 | train_profit=0.736790 (+73,679 PHP) val_profit=0.362798 (+36,280 PHP) | train_geo=0.483080 (+48,308 PHP) val_geo=0.308191 (+30,819 PHP)
Epoch 022/50 | train_loss=-0.000022 val_loss=-0.000748 | train_profit=0.419404 (+41,940 PHP) val_profit=0.458694 (+45,869 PHP) | train_geo=0.079269 (+7,927 PHP) val_geo=0.439568 (+43,957 PHP)
Epoch 023/50 | train_loss=0.000066 val_loss=-0.000287 | train_profit=0.639166 (+63,917 PHP) val_profit=0.219023 (+21,902 PHP) | train_geo=0.344211 (+34,421 PHP) val_geo=0.133200 (+13,320 PHP)
Epoch 024/50 | train_loss=0.000203 val_loss=-0.001367 | train_profit=0.512025 (+51,203 PHP) val_profit=0.821704 (+82,170 PHP) | train_geo=0.182944 (+18,294 PHP) val_geo=1.070725 (+107,072 PHP)
Epoch 025/50 | train_loss=0.000024 val_loss=-0.000454 | train_profit=-0.167672 (-16,767 PHP) val_profit=0.595421 (+59,542 PHP) | train_geo=-0.401323 (-40,132 PHP) val_geo=0.651877 (+65,188 PHP)
Epoch 026/50 | train_loss=0.000059 val_loss=-0.000533 | train_profit=0.412362 (+41,236 PHP) val_profit=0.598569 (+59,857 PHP) | train_geo=0.070763 (+7,076 PHP) val_geo=0.656976 (+65,698 PHP)
Epoch 027/50 | train_loss=0.000057 val_loss=-0.000767 | train_profit=0.407091 (+40,709 PHP) val_profit=0.379820 (+37,982 PHP) | train_geo=0.064941 (+6,494 PHP) val_geo=0.330235 (+33,024 PHP)
Epoch 028/50 | train_loss=0.000086 val_loss=-0.001043 | train_profit=0.811901 (+81,190 PHP) val_profit=0.560883 (+56,088 PHP) | train_geo=0.598649 (+59,865 PHP) val_geo=0.594730 (+59,473 PHP)
Epoch 029/50 | train_loss=0.000043 val_loss=-0.001011 | train_profit=0.721306 (+72,131 PHP) val_profit=0.440054 (+44,005 PHP) | train_geo=0.458691 (+45,869 PHP) val_geo=0.413169 (+41,317 PHP)
Epoch 030/50 | train_loss=0.000015 val_loss=-0.001070 | train_profit=0.523578 (+52,358 PHP) val_profit=0.649384 (+64,938 PHP) | train_geo=0.196546 (+19,655 PHP) val_geo=0.742936 (+74,294 PHP)
Epoch 031/50 | train_loss=-0.000060 val_loss=-0.000904 | train_profit=1.212234 (+121,223 PHP) val_profit=0.558443 (+55,844 PHP) | train_geo=1.384608 (+138,461 PHP) val_geo=0.590714 (+59,071 PHP)
Epoch 032/50 | train_loss=-0.000113 val_loss=-0.000558 | train_profit=0.219924 (+21,992 PHP) val_profit=0.309887 (+30,989 PHP) | train_geo=-0.116579 (-11,658 PHP) val_geo=0.240126 (+24,013 PHP)
Epoch 033/50 | train_loss=0.000018 val_loss=-0.001105 | train_profit=0.505337 (+50,534 PHP) val_profit=0.684181 (+68,418 PHP) | train_geo=0.174677 (+17,468 PHP) val_geo=0.804105 (+80,411 PHP)
Epoch 034/50 | train_loss=-0.000052 val_loss=-0.001183 | train_profit=0.862273 (+86,227 PHP) val_profit=0.492477 (+49,248 PHP) | train_geo=0.680393 (+68,039 PHP) val_geo=0.488902 (+48,890 PHP)
Epoch 035/50 | train_loss=-0.000081 val_loss=-0.000632 | train_profit=0.390815 (+39,082 PHP) val_profit=0.650704 (+65,070 PHP) | train_geo=0.047468 (+4,747 PHP) val_geo=0.745296 (+74,530 PHP)
Epoch 036/50 | train_loss=-0.000131 val_loss=-0.000187 | train_profit=0.164802 (+16,480 PHP) val_profit=0.280271 (+28,027 PHP) | train_geo=-0.163926 (-16,393 PHP) val_geo=0.204057 (+20,406 PHP)
Epoch 037/50 | train_loss=-0.000172 val_loss=-0.001269 | train_profit=0.804416 (+80,442 PHP) val_profit=0.594317 (+59,432 PHP) | train_geo=0.585092 (+58,509 PHP) val_geo=0.649172 (+64,917 PHP)
Epoch 038/50 | train_loss=-0.000221 val_loss=-0.000918 | train_profit=1.362195 (+136,220 PHP) val_profit=0.334881 (+33,488 PHP) | train_geo=1.770118 (+177,012 PHP) val_geo=0.271561 (+27,156 PHP)
Epoch 039/50 | train_loss=-0.000284 val_loss=-0.000352 | train_profit=1.239300 (+123,930 PHP) val_profit=0.439016 (+43,902 PHP) | train_geo=1.449824 (+144,982 PHP) val_geo=0.411665 (+41,167 PHP)
Epoch 040/50 | train_loss=-0.000319 val_loss=-0.000599 | train_profit=1.023376 (+102,338 PHP) val_profit=0.426967 (+42,697 PHP) | train_geo=0.973249 (+97,325 PHP) val_geo=0.394372 (+39,437 PHP)
Epoch 041/50 | train_loss=-0.000383 val_loss=-0.001188 | train_profit=1.806505 (+180,651 PHP) val_profit=0.634305 (+63,430 PHP) | train_geo=3.325966 (+332,597 PHP) val_geo=0.716411 (+71,641 PHP)
Epoch 042/50 | train_loss=-0.000272 val_loss=0.000212 | train_profit=1.403021 (+140,302 PHP) val_profit=0.290184 (+29,018 PHP) | train_geo=1.886000 (+188,600 PHP) val_geo=0.216259 (+21,626 PHP)
Epoch 043/50 | train_loss=-0.000291 val_loss=-0.001080 | train_profit=1.637578 (+163,758 PHP) val_profit=0.631511 (+63,151 PHP) | train_geo=2.650118 (+265,012 PHP) val_geo=0.711748 (+71,175 PHP)
Epoch 044/50 | train_loss=-0.000312 val_loss=-0.000731 | train_profit=1.778601 (+177,860 PHP) val_profit=0.683222 (+68,322 PHP) | train_geo=3.203132 (+320,313 PHP) val_geo=0.802736 (+80,274 PHP)
Epoch 045/50 | train_loss=-0.000515 val_loss=0.000022 | train_profit=1.717751 (+171,775 PHP) val_profit=0.322874 (+32,287 PHP) | train_geo=2.953845 (+295,385 PHP) val_geo=0.256386 (+25,639 PHP)
Epoch 046/50 | train_loss=-0.000569 val_loss=-0.000048 | train_profit=1.831120 (+183,112 PHP) val_profit=0.359895 (+35,989 PHP) | train_geo=3.432137 (+343,214 PHP) val_geo=0.304417 (+30,442 PHP)
Epoch 047/50 | train_loss=-0.000625 val_loss=-0.000016 | train_profit=2.027079 (+202,708 PHP) val_profit=0.313623 (+31,362 PHP) | train_geo=4.387181 (+438,718 PHP) val_geo=0.244010 (+24,401 PHP)
Epoch 048/50 | train_loss=-0.000546 val_loss=0.000115 | train_profit=2.132505 (+213,251 PHP) val_profit=0.278885 (+27,888 PHP) | train_geo=4.990976 (+499,098 PHP) val_geo=0.203009 (+20,301 PHP)
Epoch 049/50 | train_loss=-0.000576 val_loss=0.001800 | train_profit=1.862917 (+186,292 PHP) val_profit=-0.494676 (-49,468 PHP) | train_geo=3.570047 (+357,005 PHP) val_geo=-0.446085 (-44,608 PHP)
Epoch 050/50 | train_loss=-0.000686 val_loss=-0.000381 | train_profit=2.038888 (+203,889 PHP) val_profit=0.456975 (+45,698 PHP) | train_geo=4.456836 (+445,684 PHP) val_geo=0.437469 (+43,747 PHP)
[35/37] PSE:URC    (weak  ) profit-aware  dir_acc=0.471 cum_ret=-0.0061 geo_ret=-0.0684 sharpe=-0.015 (buy&hold=-0.3140 always_short=+0.2796)
  [10.8s total]
Epoch 001/50 | [MSE] train_loss=0.000851 val_loss=0.000566 | train_profit=-1.940356 (-194,036 PHP) val_profit=-0.384922 (-38,492 PHP) | train_geo=-0.902876 (-90,288 PHP) val_geo=-0.376769 (-37,677 PHP)
Epoch 002/50 | [MSE] train_loss=0.000607 val_loss=0.000578 | train_profit=-2.846831 (-284,683 PHP) val_profit=-0.459827 (-45,983 PHP) | train_geo=-0.960761 (-96,076 PHP) val_geo=-0.421629 (-42,163 PHP)
Epoch 003/50 | [MSE] train_loss=0.000570 val_loss=0.000607 | train_profit=-0.667140 (-66,714 PHP) val_profit=-0.370438 (-37,044 PHP) | train_geo=-0.649848 (-64,985 PHP) val_geo=-0.367214 (-36,721 PHP)
Epoch 004/50 | [MSE] train_loss=0.000560 val_loss=0.000593 | train_profit=-1.023788 (-102,379 PHP) val_profit=-0.269789 (-26,979 PHP) | train_geo=-0.754857 (-75,486 PHP) val_geo=-0.299977 (-29,998 PHP)
Epoch 005/50 | [MSE] train_loss=0.000545 val_loss=0.000590 | train_profit=-1.519750 (-151,975 PHP) val_profit=-0.269789 (-26,979 PHP) | train_geo=-0.851124 (-85,112 PHP) val_geo=-0.299977 (-29,998 PHP)
Epoch 006/50 | [MSE] train_loss=0.000541 val_loss=0.000593 | train_profit=-0.074901 (-7,490 PHP) val_profit=-0.269789 (-26,979 PHP) | train_geo=-0.369677 (-36,968 PHP) val_geo=-0.299977 (-29,998 PHP)
Epoch 007/50 | [MSE] train_loss=0.000542 val_loss=0.000587 | train_profit=-2.247958 (-224,796 PHP) val_profit=-0.269789 (-26,979 PHP) | train_geo=-0.928467 (-92,847 PHP) val_geo=-0.299977 (-29,998 PHP)
Epoch 008/50 | [MSE] train_loss=0.000539 val_loss=0.000586 | train_profit=-1.124224 (-112,422 PHP) val_profit=-0.269789 (-26,979 PHP) | train_geo=-0.779216 (-77,922 PHP) val_geo=-0.299977 (-29,998 PHP)
Epoch 009/50 | [MSE] train_loss=0.000534 val_loss=0.000588 | train_profit=-1.298307 (-129,831 PHP) val_profit=-0.269789 (-26,979 PHP) | train_geo=-0.814742 (-81,474 PHP) val_geo=-0.299977 (-29,998 PHP)
Epoch 010/50 | [MSE] train_loss=0.000535 val_loss=0.000585 | train_profit=-0.824748 (-82,475 PHP) val_profit=-0.269789 (-26,979 PHP) | train_geo=-0.702249 (-70,225 PHP) val_geo=-0.299977 (-29,998 PHP)
Epoch 011/50 | [MSE] train_loss=0.000537 val_loss=0.000591 | train_profit=-1.693263 (-169,326 PHP) val_profit=-0.269789 (-26,979 PHP) | train_geo=-0.875441 (-87,544 PHP) val_geo=-0.299977 (-29,998 PHP)
Epoch 012/50 | [MSE] train_loss=0.000537 val_loss=0.000592 | train_profit=-1.907435 (-190,743 PHP) val_profit=-0.269789 (-26,979 PHP) | train_geo=-0.899434 (-89,943 PHP) val_geo=-0.299977 (-29,998 PHP)
Epoch 013/50 | [MSE] train_loss=0.000533 val_loss=0.000587 | train_profit=-0.744945 (-74,494 PHP) val_profit=-0.269789 (-26,979 PHP) | train_geo=-0.675519 (-67,552 PHP) val_geo=-0.299977 (-29,998 PHP)
Epoch 014/50 | [MSE] train_loss=0.000533 val_loss=0.000585 | train_profit=-1.376442 (-137,644 PHP) val_profit=-0.269789 (-26,979 PHP) | train_geo=-0.829177 (-82,918 PHP) val_geo=-0.299977 (-29,998 PHP)
Epoch 015/50 | [MSE] train_loss=0.000532 val_loss=0.000589 | train_profit=-1.118896 (-111,890 PHP) val_profit=-0.269789 (-26,979 PHP) | train_geo=-0.778410 (-77,841 PHP) val_geo=-0.299977 (-29,998 PHP)
Epoch 016/50 | [MSE] train_loss=0.000533 val_loss=0.000585 | train_profit=-0.466992 (-46,699 PHP) val_profit=-0.269789 (-26,979 PHP) | train_geo=-0.572527 (-57,253 PHP) val_geo=-0.299977 (-29,998 PHP)
Epoch 017/50 | [MSE] train_loss=0.000534 val_loss=0.000590 | train_profit=-0.398376 (-39,838 PHP) val_profit=-0.269789 (-26,979 PHP) | train_geo=-0.543879 (-54,388 PHP) val_geo=-0.299977 (-29,998 PHP)
Epoch 018/50 | [MSE] train_loss=0.000527 val_loss=0.000586 | train_profit=-0.213053 (-21,305 PHP) val_profit=-0.269789 (-26,979 PHP) | train_geo=-0.451153 (-45,115 PHP) val_geo=-0.299977 (-29,998 PHP)
Epoch 019/50 | [MSE] train_loss=0.000531 val_loss=0.000590 | train_profit=-0.372488 (-37,249 PHP) val_profit=-0.269789 (-26,979 PHP) | train_geo=-0.532184 (-53,218 PHP) val_geo=-0.299977 (-29,998 PHP)
Epoch 020/50 | [MSE] train_loss=0.000533 val_loss=0.000587 | train_profit=-1.050626 (-105,063 PHP) val_profit=-0.269789 (-26,979 PHP) | train_geo=-0.762751 (-76,275 PHP) val_geo=-0.299977 (-29,998 PHP)
Epoch 021/50 | [MSE] train_loss=0.000531 val_loss=0.000590 | train_profit=-0.218871 (-21,887 PHP) val_profit=-0.269789 (-26,979 PHP) | train_geo=-0.454439 (-45,444 PHP) val_geo=-0.299977 (-29,998 PHP)
Epoch 022/50 | [MSE] train_loss=0.000532 val_loss=0.000586 | train_profit=-1.325863 (-132,586 PHP) val_profit=-0.269789 (-26,979 PHP) | train_geo=-0.820051 (-82,005 PHP) val_geo=-0.299977 (-29,998 PHP)
Epoch 023/50 | [MSE] train_loss=0.000531 val_loss=0.000593 | train_profit=-0.690271 (-69,027 PHP) val_profit=-0.269789 (-26,979 PHP) | train_geo=-0.659567 (-65,957 PHP) val_geo=-0.299977 (-29,998 PHP)
Epoch 024/50 | [MSE] train_loss=0.000529 val_loss=0.000593 | train_profit=0.581326 (+58,133 PHP) val_profit=-0.269789 (-26,979 PHP) | train_geo=0.222931 (+22,293 PHP) val_geo=-0.299977 (-29,998 PHP)
Epoch 025/50 | [MSE] train_loss=0.000530 val_loss=0.000591 | train_profit=0.842022 (+84,202 PHP) val_profit=-0.269789 (-26,979 PHP) | train_geo=0.579996 (+58,000 PHP) val_geo=-0.299977 (-29,998 PHP)
Epoch 026/50 | [MSE] train_loss=0.000533 val_loss=0.000588 | train_profit=-0.432546 (-43,255 PHP) val_profit=-0.269789 (-26,979 PHP) | train_geo=-0.559480 (-55,948 PHP) val_geo=-0.299977 (-29,998 PHP)
Epoch 027/50 | [MSE] train_loss=0.000531 val_loss=0.000593 | train_profit=-0.317405 (-31,741 PHP) val_profit=-0.269789 (-26,979 PHP) | train_geo=-0.504835 (-50,483 PHP) val_geo=-0.299977 (-29,998 PHP)
Epoch 028/50 | [MSE] train_loss=0.000531 val_loss=0.000593 | train_profit=0.532613 (+53,261 PHP) val_profit=-0.269789 (-26,979 PHP) | train_geo=0.159163 (+15,916 PHP) val_geo=-0.299977 (-29,998 PHP)
Epoch 029/50 | [MSE] train_loss=0.000530 val_loss=0.000595 | train_profit=0.157002 (+15,700 PHP) val_profit=-0.269789 (-26,979 PHP) | train_geo=-0.204956 (-20,496 PHP) val_geo=-0.299977 (-29,998 PHP)
Epoch 030/50 | [MSE] train_loss=0.000530 val_loss=0.000593 | train_profit=-0.064054 (-6,405 PHP) val_profit=-0.269789 (-26,979 PHP) | train_geo=-0.362947 (-36,295 PHP) val_geo=-0.299977 (-29,998 PHP)
Epoch 031/50 | [MSE] train_loss=0.000528 val_loss=0.000588 | train_profit=0.904084 (+90,408 PHP) val_profit=-0.269789 (-26,979 PHP) | train_geo=0.683118 (+68,312 PHP) val_geo=-0.299977 (-29,998 PHP)
Epoch 032/50 | [MSE] train_loss=0.000529 val_loss=0.000589 | train_profit=-0.142278 (-14,228 PHP) val_profit=-0.269789 (-26,979 PHP) | train_geo=-0.410526 (-41,053 PHP) val_geo=-0.299977 (-29,998 PHP)
Epoch 033/50 | [MSE] train_loss=0.000530 val_loss=0.000589 | train_profit=-0.547231 (-54,723 PHP) val_profit=-0.269789 (-26,979 PHP) | train_geo=-0.607571 (-60,757 PHP) val_geo=-0.299977 (-29,998 PHP)
Epoch 034/50 | [MSE] train_loss=0.000528 val_loss=0.000591 | train_profit=-0.299097 (-29,910 PHP) val_profit=-0.269789 (-26,979 PHP) | train_geo=-0.492926 (-49,293 PHP) val_geo=-0.299977 (-29,998 PHP)
Epoch 035/50 | [MSE] train_loss=0.000530 val_loss=0.000587 | train_profit=-0.300815 (-30,082 PHP) val_profit=-0.269789 (-26,979 PHP) | train_geo=-0.497092 (-49,709 PHP) val_geo=-0.299977 (-29,998 PHP)
Epoch 036/50 | [MSE] train_loss=0.000530 val_loss=0.000595 | train_profit=-0.339066 (-33,907 PHP) val_profit=-0.269789 (-26,979 PHP) | train_geo=-0.516030 (-51,603 PHP) val_geo=-0.299977 (-29,998 PHP)
Epoch 037/50 | [MSE] train_loss=0.000529 val_loss=0.000596 | train_profit=-0.473082 (-47,308 PHP) val_profit=-0.269789 (-26,979 PHP) | train_geo=-0.576376 (-57,638 PHP) val_geo=-0.299977 (-29,998 PHP)
Epoch 038/50 | [MSE] train_loss=0.000531 val_loss=0.000593 | train_profit=0.651358 (+65,136 PHP) val_profit=-0.269789 (-26,979 PHP) | train_geo=0.305795 (+30,580 PHP) val_geo=-0.299977 (-29,998 PHP)
Epoch 039/50 | [MSE] train_loss=0.000530 val_loss=0.000597 | train_profit=-0.013639 (-1,364 PHP) val_profit=-0.269789 (-26,979 PHP) | train_geo=-0.330376 (-33,038 PHP) val_geo=-0.299977 (-29,998 PHP)
Epoch 040/50 | [MSE] train_loss=0.000532 val_loss=0.000589 | train_profit=0.044339 (+4,434 PHP) val_profit=-0.269789 (-26,979 PHP) | train_geo=-0.288760 (-28,876 PHP) val_geo=-0.299977 (-29,998 PHP)
Epoch 041/50 | [MSE] train_loss=0.000530 val_loss=0.000595 | train_profit=1.111221 (+111,122 PHP) val_profit=-0.269789 (-26,979 PHP) | train_geo=1.070469 (+107,047 PHP) val_geo=-0.299977 (-29,998 PHP)
Epoch 042/50 | [MSE] train_loss=0.000529 val_loss=0.000594 | train_profit=0.180156 (+18,016 PHP) val_profit=-0.269789 (-26,979 PHP) | train_geo=-0.185543 (-18,554 PHP) val_geo=-0.299977 (-29,998 PHP)
Epoch 043/50 | [MSE] train_loss=0.000529 val_loss=0.000595 | train_profit=0.932588 (+93,259 PHP) val_profit=-0.269789 (-26,979 PHP) | train_geo=0.730288 (+73,029 PHP) val_geo=-0.299977 (-29,998 PHP)
Epoch 044/50 | [MSE] train_loss=0.000528 val_loss=0.000592 | train_profit=0.557447 (+55,745 PHP) val_profit=-0.269789 (-26,979 PHP) | train_geo=0.187397 (+18,740 PHP) val_geo=-0.299977 (-29,998 PHP)
Epoch 045/50 | [MSE] train_loss=0.000526 val_loss=0.000593 | train_profit=0.974988 (+97,499 PHP) val_profit=-0.269789 (-26,979 PHP) | train_geo=0.805655 (+80,565 PHP) val_geo=-0.299977 (-29,998 PHP)
Epoch 046/50 | [MSE] train_loss=0.000526 val_loss=0.000599 | train_profit=0.629662 (+62,966 PHP) val_profit=-0.269789 (-26,979 PHP) | train_geo=0.277155 (+27,715 PHP) val_geo=-0.299977 (-29,998 PHP)
Epoch 047/50 | [MSE] train_loss=0.000527 val_loss=0.000592 | train_profit=0.599716 (+59,972 PHP) val_profit=-0.269789 (-26,979 PHP) | train_geo=0.239122 (+23,912 PHP) val_geo=-0.299977 (-29,998 PHP)
Epoch 048/50 | [MSE] train_loss=0.000527 val_loss=0.000600 | train_profit=0.540742 (+54,074 PHP) val_profit=-0.269789 (-26,979 PHP) | train_geo=0.174973 (+17,497 PHP) val_geo=-0.299977 (-29,998 PHP)
Epoch 049/50 | [MSE] train_loss=0.000525 val_loss=0.000599 | train_profit=0.508551 (+50,855 PHP) val_profit=-0.269789 (-26,979 PHP) | train_geo=0.131403 (+13,140 PHP) val_geo=-0.299977 (-29,998 PHP)
Epoch 050/50 | [MSE] train_loss=0.000526 val_loss=0.000594 | train_profit=0.826813 (+82,681 PHP) val_profit=-0.282397 (-28,240 PHP) | train_geo=0.555903 (+55,590 PHP) val_geo=-0.308762 (-30,876 PHP)
[36/37] PSE:ALI    (weak  ) mse           dir_acc=0.413 cum_ret=-0.3793 geo_ret=-0.3756 sharpe=-0.797 (buy&hold=-0.3750 always_short=+0.3312) [DEGENERATE: constant signal]
  [8.9s total]
Epoch 001/50 | train_loss=0.001375 val_loss=0.000796 | train_profit=-0.975661 (-97,566 PHP) val_profit=0.267789 (+26,779 PHP) | train_geo=-0.743976 (-74,398 PHP) val_geo=0.198842 (+19,884 PHP)
Epoch 002/50 | train_loss=0.001322 val_loss=-0.000237 | train_profit=-0.809100 (-80,910 PHP) val_profit=0.267789 (+26,779 PHP) | train_geo=-0.696764 (-69,676 PHP) val_geo=0.198842 (+19,884 PHP)
Epoch 003/50 | train_loss=0.000800 val_loss=0.000679 | train_profit=-0.073446 (-7,345 PHP) val_profit=-0.269789 (-26,979 PHP) | train_geo=-0.369124 (-36,912 PHP) val_geo=-0.299977 (-29,998 PHP)
Epoch 004/50 | train_loss=0.000741 val_loss=0.000022 | train_profit=-1.202795 (-120,279 PHP) val_profit=0.177388 (+17,739 PHP) | train_geo=-0.796413 (-79,641 PHP) val_geo=0.095722 (+9,572 PHP)
Epoch 005/50 | train_loss=0.000783 val_loss=-0.000112 | train_profit=-0.869396 (-86,940 PHP) val_profit=0.267789 (+26,779 PHP) | train_geo=-0.715542 (-71,554 PHP) val_geo=0.198842 (+19,884 PHP)
Epoch 006/50 | train_loss=0.000536 val_loss=0.000293 | train_profit=0.152420 (+15,242 PHP) val_profit=0.250724 (+25,072 PHP) | train_geo=-0.207943 (-20,794 PHP) val_geo=0.179266 (+17,927 PHP)
Epoch 007/50 | train_loss=0.000698 val_loss=0.000061 | train_profit=-0.779265 (-77,926 PHP) val_profit=0.281290 (+28,129 PHP) | train_geo=-0.688712 (-68,871 PHP) val_geo=0.215374 (+21,537 PHP)
Epoch 008/50 | train_loss=0.000510 val_loss=0.000087 | train_profit=-0.376849 (-37,685 PHP) val_profit=0.127829 (+12,783 PHP) | train_geo=-0.533076 (-53,308 PHP) val_geo=0.042356 (+4,236 PHP)
Epoch 009/50 | train_loss=0.000570 val_loss=0.000028 | train_profit=-0.732243 (-73,224 PHP) val_profit=0.301713 (+30,171 PHP) | train_geo=-0.673607 (-67,361 PHP) val_geo=0.240168 (+24,017 PHP)
Epoch 010/50 | train_loss=0.000414 val_loss=0.000361 | train_profit=-0.708357 (-70,836 PHP) val_profit=0.151845 (+15,184 PHP) | train_geo=-0.665538 (-66,554 PHP) val_geo=0.068166 (+6,817 PHP)
Epoch 011/50 | train_loss=0.000507 val_loss=0.000097 | train_profit=-0.893569 (-89,357 PHP) val_profit=0.308085 (+30,809 PHP) | train_geo=-0.722269 (-72,227 PHP) val_geo=0.248352 (+24,835 PHP)
Epoch 012/50 | train_loss=0.000361 val_loss=0.000571 | train_profit=0.170292 (+17,029 PHP) val_profit=-0.160578 (-16,058 PHP) | train_geo=-0.190032 (-19,003 PHP) val_geo=-0.218931 (-21,893 PHP)
Epoch 013/50 | train_loss=0.000548 val_loss=0.000097 | train_profit=0.163358 (+16,336 PHP) val_profit=0.053597 (+5,360 PHP) | train_geo=-0.199344 (-19,934 PHP) val_geo=-0.032290 (-3,229 PHP)
Epoch 014/50 | train_loss=0.000343 val_loss=0.000180 | train_profit=0.323201 (+32,320 PHP) val_profit=0.048188 (+4,819 PHP) | train_geo=-0.059164 (-5,916 PHP) val_geo=-0.037434 (-3,743 PHP)
Epoch 015/50 | train_loss=0.000351 val_loss=0.000252 | train_profit=-0.214483 (-21,448 PHP) val_profit=-0.088813 (-8,881 PHP) | train_geo=-0.451501 (-45,150 PHP) val_geo=-0.160945 (-16,095 PHP)
Epoch 016/50 | train_loss=0.000353 val_loss=0.000278 | train_profit=-0.259611 (-25,961 PHP) val_profit=-0.134262 (-13,426 PHP) | train_geo=-0.475565 (-47,557 PHP) val_geo=-0.198255 (-19,825 PHP)
Epoch 017/50 | train_loss=0.000157 val_loss=0.000361 | train_profit=0.516789 (+51,679 PHP) val_profit=0.240932 (+24,093 PHP) | train_geo=0.141942 (+14,194 PHP) val_geo=0.167352 (+16,735 PHP)
Epoch 018/50 | train_loss=0.000062 val_loss=0.000405 | train_profit=0.375652 (+37,565 PHP) val_profit=0.088927 (+8,893 PHP) | train_geo=-0.009364 (-936 PHP) val_geo=0.002787 (+279 PHP)
Epoch 019/50 | train_loss=0.000224 val_loss=0.000358 | train_profit=0.445164 (+44,516 PHP) val_profit=-0.048878 (-4,888 PHP) | train_geo=0.061944 (+6,194 PHP) val_geo=-0.126704 (-12,670 PHP)
Epoch 020/50 | train_loss=0.000023 val_loss=0.000595 | train_profit=0.795684 (+79,568 PHP) val_profit=-0.003797 (-380 PHP) | train_geo=0.519636 (+51,964 PHP) val_geo=-0.086007 (-8,601 PHP)
Epoch 021/50 | train_loss=0.000024 val_loss=0.000569 | train_profit=0.593890 (+59,389 PHP) val_profit=-0.053129 (-5,313 PHP) | train_geo=0.232041 (+23,204 PHP) val_geo=-0.130454 (-13,045 PHP)
Epoch 022/50 | train_loss=-0.000171 val_loss=0.000278 | train_profit=1.047871 (+104,787 PHP) val_profit=0.073434 (+7,343 PHP) | train_geo=0.951893 (+95,189 PHP) val_geo=-0.012398 (-1,240 PHP)
Epoch 023/50 | train_loss=0.000129 val_loss=0.000404 | train_profit=0.510972 (+51,097 PHP) val_profit=-0.030944 (-3,094 PHP) | train_geo=0.132887 (+13,289 PHP) val_geo=-0.110351 (-11,035 PHP)
Epoch 024/50 | train_loss=-0.000070 val_loss=0.000705 | train_profit=-0.062647 (-6,265 PHP) val_profit=-0.013950 (-1,395 PHP) | train_geo=-0.361447 (-36,145 PHP) val_geo=-0.095490 (-9,549 PHP)
Epoch 025/50 | train_loss=-0.000414 val_loss=0.000699 | train_profit=1.712197 (+171,220 PHP) val_profit=-0.021113 (-2,111 PHP) | train_geo=2.802619 (+280,262 PHP) val_geo=-0.101482 (-10,148 PHP)
Epoch 026/50 | train_loss=-0.000024 val_loss=0.000803 | train_profit=1.074849 (+107,485 PHP) val_profit=-0.272149 (-27,215 PHP) | train_geo=0.993654 (+99,365 PHP) val_geo=-0.301338 (-30,134 PHP)
Epoch 027/50 | train_loss=-0.000442 val_loss=0.000888 | train_profit=2.016021 (+201,602 PHP) val_profit=-0.093476 (-9,348 PHP) | train_geo=4.153799 (+415,380 PHP) val_geo=-0.164051 (-16,405 PHP)
Epoch 028/50 | train_loss=-0.000554 val_loss=0.002009 | train_profit=2.938701 (+293,870 PHP) val_profit=-0.528207 (-52,821 PHP) | train_geo=11.966802 (+1,196,680 PHP) val_geo=-0.459202 (-45,920 PHP)
Epoch 029/50 | train_loss=-0.000664 val_loss=0.000639 | train_profit=1.589576 (+158,958 PHP) val_profit=0.284244 (+28,424 PHP) | train_geo=2.351470 (+235,147 PHP) val_geo=0.219780 (+21,978 PHP)
Epoch 030/50 | train_loss=-0.001135 val_loss=0.001938 | train_profit=3.114529 (+311,453 PHP) val_profit=-0.524771 (-52,477 PHP) | train_geo=14.443304 (+1,444,330 PHP) val_geo=-0.457346 (-45,735 PHP)
Epoch 031/50 | train_loss=-0.001099 val_loss=0.000888 | train_profit=3.234759 (+323,476 PHP) val_profit=-0.048585 (-4,858 PHP) | train_geo=16.447353 (+1,644,735 PHP) val_geo=-0.125633 (-12,563 PHP)
Epoch 032/50 | train_loss=-0.001301 val_loss=0.001045 | train_profit=3.624344 (+362,434 PHP) val_profit=0.157749 (+15,775 PHP) | train_geo=24.750105 (+2,475,010 PHP) val_geo=0.074497 (+7,450 PHP)
Epoch 033/50 | train_loss=-0.001089 val_loss=0.000949 | train_profit=2.723171 (+272,317 PHP) val_profit=-0.161989 (-16,199 PHP) | train_geo=9.387564 (+938,756 PHP) val_geo=-0.219704 (-21,970 PHP)
Epoch 034/50 | train_loss=-0.001184 val_loss=0.001512 | train_profit=3.620711 (+362,071 PHP) val_profit=-0.026631 (-2,663 PHP) | train_geo=24.655424 (+2,465,542 PHP) val_geo=-0.106484 (-10,648 PHP)
Epoch 035/50 | train_loss=-0.001296 val_loss=0.001147 | train_profit=3.114845 (+311,485 PHP) val_profit=0.026666 (+2,667 PHP) | train_geo=14.460172 (+1,446,017 PHP) val_geo=-0.057607 (-5,761 PHP)
Epoch 036/50 | train_loss=-0.001494 val_loss=0.001384 | train_profit=3.515096 (+351,510 PHP) val_profit=-0.278115 (-27,812 PHP) | train_geo=22.020517 (+2,202,052 PHP) val_geo=-0.305510 (-30,551 PHP)
Epoch 037/50 | train_loss=-0.001670 val_loss=0.001469 | train_profit=3.904255 (+390,426 PHP) val_profit=-0.182706 (-18,271 PHP) | train_geo=33.067162 (+3,306,716 PHP) val_geo=-0.235878 (-23,588 PHP)
Epoch 038/50 | train_loss=-0.001732 val_loss=0.001531 | train_profit=4.130312 (+413,031 PHP) val_profit=-0.185205 (-18,521 PHP) | train_geo=41.713524 (+4,171,352 PHP) val_geo=-0.237587 (-23,759 PHP)
Epoch 039/50 | train_loss=-0.001606 val_loss=0.001235 | train_profit=4.047549 (+404,755 PHP) val_profit=-0.062295 (-6,230 PHP) | train_geo=38.331802 (+3,833,180 PHP) val_geo=-0.137882 (-13,788 PHP)
Epoch 040/50 | train_loss=-0.001770 val_loss=0.000734 | train_profit=4.349104 (+434,910 PHP) val_profit=0.223857 (+22,386 PHP) | train_geo=52.172153 (+5,217,216 PHP) val_geo=0.148258 (+14,826 PHP)
Epoch 041/50 | train_loss=-0.001485 val_loss=0.001950 | train_profit=3.573005 (+357,301 PHP) val_profit=-0.330257 (-33,026 PHP) | train_geo=23.470219 (+2,347,022 PHP) val_geo=-0.340759 (-34,076 PHP)
Epoch 042/50 | train_loss=-0.001679 val_loss=0.001186 | train_profit=4.401279 (+440,128 PHP) val_profit=0.079055 (+7,906 PHP) | train_geo=55.068813 (+5,506,882 PHP) val_geo=-0.006719 (-672 PHP)
Epoch 043/50 | train_loss=-0.001866 val_loss=0.002323 | train_profit=4.243794 (+424,379 PHP) val_profit=-0.589565 (-58,956 PHP) | train_geo=46.882526 (+4,688,252 PHP) val_geo=-0.491537 (-49,154 PHP)
Epoch 044/50 | train_loss=-0.002068 val_loss=0.002169 | train_profit=4.986537 (+498,654 PHP) val_profit=-0.603558 (-60,356 PHP) | train_geo=99.690140 (+9,969,014 PHP) val_geo=-0.498675 (-49,868 PHP)
Epoch 045/50 | train_loss=-0.001949 val_loss=0.001603 | train_profit=4.422638 (+442,264 PHP) val_profit=-0.280722 (-28,072 PHP) | train_geo=56.229477 (+5,622,948 PHP) val_geo=-0.307110 (-30,711 PHP)
Epoch 046/50 | train_loss=-0.002173 val_loss=0.001871 | train_profit=4.957604 (+495,760 PHP) val_profit=-0.181116 (-18,112 PHP) | train_geo=96.838066 (+9,683,807 PHP) val_geo=-0.234431 (-23,443 PHP)
Epoch 047/50 | train_loss=-0.002182 val_loss=0.001887 | train_profit=4.852885 (+485,289 PHP) val_profit=-0.369240 (-36,924 PHP) | train_geo=87.014557 (+8,701,456 PHP) val_geo=-0.365980 (-36,598 PHP)
Epoch 048/50 | train_loss=-0.002175 val_loss=0.001683 | train_profit=4.748604 (+474,860 PHP) val_profit=-0.272535 (-27,253 PHP) | train_geo=78.295952 (+7,829,595 PHP) val_geo=-0.301574 (-30,157 PHP)
Epoch 049/50 | train_loss=-0.002433 val_loss=0.001569 | train_profit=5.141539 (+514,154 PHP) val_profit=-0.202784 (-20,278 PHP) | train_geo=116.592010 (+11,659,201 PHP) val_geo=-0.250804 (-25,080 PHP)
Epoch 050/50 | train_loss=-0.002176 val_loss=0.001879 | train_profit=5.065740 (+506,574 PHP) val_profit=-0.310589 (-31,059 PHP) | train_geo=107.958458 (+10,795,846 PHP) val_geo=-0.327328 (-32,733 PHP)
[36/37] PSE:ALI    (weak  ) profit-aware  dir_acc=0.465 cum_ret=-0.1834 geo_ret=-0.2412 sharpe=-0.385 (buy&hold=-0.3750 always_short=+0.3312)
  [12.7s total]
Epoch 001/50 | [MSE] train_loss=0.000276 val_loss=0.000129 | train_profit=-1.023344 (-102,334 PHP) val_profit=0.047626 (+4,763 PHP) | train_geo=-0.683724 (-68,372 PHP) val_geo=0.029439 (+2,944 PHP)
Epoch 002/50 | [MSE] train_loss=0.000192 val_loss=0.000122 | train_profit=-1.427000 (-142,700 PHP) val_profit=0.047626 (+4,763 PHP) | train_geo=-0.788941 (-78,894 PHP) val_geo=0.029439 (+2,944 PHP)
Epoch 003/50 | [MSE] train_loss=0.000184 val_loss=0.000125 | train_profit=-0.497395 (-49,740 PHP) val_profit=-0.049626 (-4,963 PHP) | train_geo=-0.463964 (-46,396 PHP) val_geo=-0.066043 (-6,604 PHP)
Epoch 004/50 | [MSE] train_loss=0.000183 val_loss=0.000126 | train_profit=-0.837056 (-83,706 PHP) val_profit=-0.049626 (-4,963 PHP) | train_geo=-0.618759 (-61,876 PHP) val_geo=-0.066043 (-6,604 PHP)
Epoch 005/50 | [MSE] train_loss=0.000178 val_loss=0.000128 | train_profit=-1.389142 (-138,914 PHP) val_profit=-0.049626 (-4,963 PHP) | train_geo=-0.780562 (-78,056 PHP) val_geo=-0.066043 (-6,604 PHP)
Epoch 006/50 | [MSE] train_loss=0.000178 val_loss=0.000126 | train_profit=-1.366345 (-136,634 PHP) val_profit=-0.049626 (-4,963 PHP) | train_geo=-0.775809 (-77,581 PHP) val_geo=-0.066043 (-6,604 PHP)
Epoch 007/50 | [MSE] train_loss=0.000178 val_loss=0.000125 | train_profit=-1.793974 (-179,397 PHP) val_profit=-0.049626 (-4,963 PHP) | train_geo=-0.853588 (-85,359 PHP) val_geo=-0.066043 (-6,604 PHP)
Epoch 008/50 | [MSE] train_loss=0.000176 val_loss=0.000125 | train_profit=-0.894044 (-89,404 PHP) val_profit=-0.049626 (-4,963 PHP) | train_geo=-0.639740 (-63,974 PHP) val_geo=-0.066043 (-6,604 PHP)
Epoch 009/50 | [MSE] train_loss=0.000175 val_loss=0.000125 | train_profit=-0.987557 (-98,756 PHP) val_profit=-0.049626 (-4,963 PHP) | train_geo=-0.672541 (-67,254 PHP) val_geo=-0.066043 (-6,604 PHP)
Epoch 010/50 | [MSE] train_loss=0.000176 val_loss=0.000125 | train_profit=-2.113865 (-211,387 PHP) val_profit=-0.049626 (-4,963 PHP) | train_geo=-0.893878 (-89,388 PHP) val_geo=-0.066043 (-6,604 PHP)
Epoch 011/50 | [MSE] train_loss=0.000177 val_loss=0.000128 | train_profit=-0.658726 (-65,873 PHP) val_profit=-0.049626 (-4,963 PHP) | train_geo=-0.543644 (-54,364 PHP) val_geo=-0.066043 (-6,604 PHP)
Epoch 012/50 | [MSE] train_loss=0.000175 val_loss=0.000126 | train_profit=-1.208115 (-120,811 PHP) val_profit=-0.049626 (-4,963 PHP) | train_geo=-0.736733 (-73,673 PHP) val_geo=-0.066043 (-6,604 PHP)
Epoch 013/50 | [MSE] train_loss=0.000176 val_loss=0.000126 | train_profit=-0.737718 (-73,772 PHP) val_profit=-0.049626 (-4,963 PHP) | train_geo=-0.578399 (-57,840 PHP) val_geo=-0.066043 (-6,604 PHP)
Epoch 014/50 | [MSE] train_loss=0.000176 val_loss=0.000125 | train_profit=-1.432288 (-143,229 PHP) val_profit=-0.049626 (-4,963 PHP) | train_geo=-0.790016 (-79,002 PHP) val_geo=-0.066043 (-6,604 PHP)
Epoch 015/50 | [MSE] train_loss=0.000174 val_loss=0.000127 | train_profit=-0.659697 (-65,970 PHP) val_profit=-0.049626 (-4,963 PHP) | train_geo=-0.544215 (-54,422 PHP) val_geo=-0.066043 (-6,604 PHP)
Epoch 016/50 | [MSE] train_loss=0.000174 val_loss=0.000125 | train_profit=-1.096121 (-109,612 PHP) val_profit=-0.049626 (-4,963 PHP) | train_geo=-0.705747 (-70,575 PHP) val_geo=-0.066043 (-6,604 PHP)
Epoch 017/50 | [MSE] train_loss=0.000175 val_loss=0.000127 | train_profit=-0.875426 (-87,543 PHP) val_profit=-0.049626 (-4,963 PHP) | train_geo=-0.633282 (-63,328 PHP) val_geo=-0.066043 (-6,604 PHP)
Epoch 018/50 | [MSE] train_loss=0.000174 val_loss=0.000125 | train_profit=-0.269377 (-26,938 PHP) val_profit=-0.049626 (-4,963 PHP) | train_geo=-0.325841 (-32,584 PHP) val_geo=-0.066043 (-6,604 PHP)
Epoch 019/50 | [MSE] train_loss=0.000175 val_loss=0.000126 | train_profit=-0.733158 (-73,316 PHP) val_profit=-0.049626 (-4,963 PHP) | train_geo=-0.577178 (-57,718 PHP) val_geo=-0.066043 (-6,604 PHP)
Epoch 020/50 | [MSE] train_loss=0.000174 val_loss=0.000126 | train_profit=-0.333668 (-33,367 PHP) val_profit=-0.049626 (-4,963 PHP) | train_geo=-0.367926 (-36,793 PHP) val_geo=-0.066043 (-6,604 PHP)
Epoch 021/50 | [MSE] train_loss=0.000175 val_loss=0.000125 | train_profit=-1.387311 (-138,731 PHP) val_profit=-0.049626 (-4,963 PHP) | train_geo=-0.780455 (-78,045 PHP) val_geo=-0.066043 (-6,604 PHP)
Epoch 022/50 | [MSE] train_loss=0.000175 val_loss=0.000125 | train_profit=-0.770724 (-77,072 PHP) val_profit=-0.049626 (-4,963 PHP) | train_geo=-0.592115 (-59,211 PHP) val_geo=-0.066043 (-6,604 PHP)
Epoch 023/50 | [MSE] train_loss=0.000174 val_loss=0.000126 | train_profit=-1.016456 (-101,646 PHP) val_profit=-0.049626 (-4,963 PHP) | train_geo=-0.681466 (-68,147 PHP) val_geo=-0.066043 (-6,604 PHP)
Epoch 024/50 | [MSE] train_loss=0.000174 val_loss=0.000127 | train_profit=0.043313 (+4,331 PHP) val_profit=-0.049626 (-4,963 PHP) | train_geo=-0.078842 (-7,884 PHP) val_geo=-0.066043 (-6,604 PHP)
Epoch 025/50 | [MSE] train_loss=0.000174 val_loss=0.000126 | train_profit=-0.687539 (-68,754 PHP) val_profit=-0.049626 (-4,963 PHP) | train_geo=-0.557156 (-55,716 PHP) val_geo=-0.066043 (-6,604 PHP)
Epoch 026/50 | [MSE] train_loss=0.000175 val_loss=0.000125 | train_profit=-0.691392 (-69,139 PHP) val_profit=-0.049626 (-4,963 PHP) | train_geo=-0.558417 (-55,842 PHP) val_geo=-0.066043 (-6,604 PHP)
Epoch 027/50 | [MSE] train_loss=0.000175 val_loss=0.000126 | train_profit=-0.401569 (-40,157 PHP) val_profit=-0.049626 (-4,963 PHP) | train_geo=-0.410049 (-41,005 PHP) val_geo=-0.066043 (-6,604 PHP)
Epoch 028/50 | [MSE] train_loss=0.000174 val_loss=0.000126 | train_profit=-0.629782 (-62,978 PHP) val_profit=-0.049626 (-4,963 PHP) | train_geo=-0.530905 (-53,091 PHP) val_geo=-0.066043 (-6,604 PHP)
Epoch 029/50 | [MSE] train_loss=0.000174 val_loss=0.000126 | train_profit=-0.127582 (-12,758 PHP) val_profit=-0.049626 (-4,963 PHP) | train_geo=-0.223630 (-22,363 PHP) val_geo=-0.066043 (-6,604 PHP)
Epoch 030/50 | [MSE] train_loss=0.000174 val_loss=0.000127 | train_profit=0.214869 (+21,487 PHP) val_profit=-0.049626 (-4,963 PHP) | train_geo=0.094890 (+9,489 PHP) val_geo=-0.066043 (-6,604 PHP)
Epoch 031/50 | [MSE] train_loss=0.000174 val_loss=0.000125 | train_profit=-0.454973 (-45,497 PHP) val_profit=-0.049626 (-4,963 PHP) | train_geo=-0.439890 (-43,989 PHP) val_geo=-0.066043 (-6,604 PHP)
Epoch 032/50 | [MSE] train_loss=0.000175 val_loss=0.000125 | train_profit=-0.666278 (-66,628 PHP) val_profit=-0.049626 (-4,963 PHP) | train_geo=-0.546900 (-54,690 PHP) val_geo=-0.066043 (-6,604 PHP)
Epoch 033/50 | [MSE] train_loss=0.000174 val_loss=0.000125 | train_profit=-0.716514 (-71,651 PHP) val_profit=-0.049626 (-4,963 PHP) | train_geo=-0.569527 (-56,953 PHP) val_geo=-0.066043 (-6,604 PHP)
Epoch 034/50 | [MSE] train_loss=0.000174 val_loss=0.000126 | train_profit=-0.441042 (-44,104 PHP) val_profit=-0.049626 (-4,963 PHP) | train_geo=-0.432260 (-43,226 PHP) val_geo=-0.066043 (-6,604 PHP)
Epoch 035/50 | [MSE] train_loss=0.000174 val_loss=0.000125 | train_profit=-0.446677 (-44,668 PHP) val_profit=-0.049626 (-4,963 PHP) | train_geo=-0.436086 (-43,609 PHP) val_geo=-0.066043 (-6,604 PHP)
Epoch 036/50 | [MSE] train_loss=0.000175 val_loss=0.000126 | train_profit=-0.527789 (-52,779 PHP) val_profit=-0.049626 (-4,963 PHP) | train_geo=-0.479705 (-47,971 PHP) val_geo=-0.066043 (-6,604 PHP)
Epoch 037/50 | [MSE] train_loss=0.000175 val_loss=0.000126 | train_profit=-0.668072 (-66,807 PHP) val_profit=-0.049626 (-4,963 PHP) | train_geo=-0.548177 (-54,818 PHP) val_geo=-0.066043 (-6,604 PHP)
Epoch 038/50 | [MSE] train_loss=0.000174 val_loss=0.000126 | train_profit=-0.622933 (-62,293 PHP) val_profit=-0.049626 (-4,963 PHP) | train_geo=-0.527494 (-52,749 PHP) val_geo=-0.066043 (-6,604 PHP)
Epoch 039/50 | [MSE] train_loss=0.000175 val_loss=0.000126 | train_profit=-0.429268 (-42,927 PHP) val_profit=-0.049626 (-4,963 PHP) | train_geo=-0.426290 (-42,629 PHP) val_geo=-0.066043 (-6,604 PHP)
Epoch 040/50 | [MSE] train_loss=0.000174 val_loss=0.000125 | train_profit=-0.629591 (-62,959 PHP) val_profit=-0.049626 (-4,963 PHP) | train_geo=-0.531127 (-53,113 PHP) val_geo=-0.066043 (-6,604 PHP)
Epoch 041/50 | [MSE] train_loss=0.000174 val_loss=0.000126 | train_profit=-0.107714 (-10,771 PHP) val_profit=-0.049626 (-4,963 PHP) | train_geo=-0.207609 (-20,761 PHP) val_geo=-0.066043 (-6,604 PHP)
Epoch 042/50 | [MSE] train_loss=0.000175 val_loss=0.000125 | train_profit=-0.148424 (-14,842 PHP) val_profit=-0.049626 (-4,963 PHP) | train_geo=-0.239276 (-23,928 PHP) val_geo=-0.066043 (-6,604 PHP)
Epoch 043/50 | [MSE] train_loss=0.000174 val_loss=0.000126 | train_profit=-0.225438 (-22,544 PHP) val_profit=-0.049626 (-4,963 PHP) | train_geo=-0.296139 (-29,614 PHP) val_geo=-0.066043 (-6,604 PHP)
Epoch 044/50 | [MSE] train_loss=0.000174 val_loss=0.000125 | train_profit=-0.042122 (-4,212 PHP) val_profit=-0.049626 (-4,963 PHP) | train_geo=-0.154168 (-15,417 PHP) val_geo=-0.066043 (-6,604 PHP)
Epoch 045/50 | [MSE] train_loss=0.000174 val_loss=0.000125 | train_profit=-0.225596 (-22,560 PHP) val_profit=-0.049626 (-4,963 PHP) | train_geo=-0.296121 (-29,612 PHP) val_geo=-0.066043 (-6,604 PHP)
Epoch 046/50 | [MSE] train_loss=0.000174 val_loss=0.000125 | train_profit=0.023260 (+2,326 PHP) val_profit=-0.049626 (-4,963 PHP) | train_geo=-0.096505 (-9,650 PHP) val_geo=-0.066043 (-6,604 PHP)
Epoch 047/50 | [MSE] train_loss=0.000175 val_loss=0.000125 | train_profit=-0.327729 (-32,773 PHP) val_profit=-0.049626 (-4,963 PHP) | train_geo=-0.364168 (-36,417 PHP) val_geo=-0.066043 (-6,604 PHP)
Epoch 048/50 | [MSE] train_loss=0.000175 val_loss=0.000125 | train_profit=-0.200738 (-20,074 PHP) val_profit=-0.049626 (-4,963 PHP) | train_geo=-0.278193 (-27,819 PHP) val_geo=-0.066043 (-6,604 PHP)
Epoch 049/50 | [MSE] train_loss=0.000175 val_loss=0.000125 | train_profit=-0.424746 (-42,475 PHP) val_profit=-0.049626 (-4,963 PHP) | train_geo=-0.423496 (-42,350 PHP) val_geo=-0.066043 (-6,604 PHP)
Epoch 050/50 | [MSE] train_loss=0.000175 val_loss=0.000124 | train_profit=0.082924 (+8,292 PHP) val_profit=-0.049626 (-4,963 PHP) | train_geo=-0.041269 (-4,127 PHP) val_geo=-0.066043 (-6,604 PHP)
[37/37] PSE:PSEI   (index ) mse           dir_acc=0.503 cum_ret=-0.0406 geo_ret=-0.0564 sharpe=-0.195 (buy&hold=-0.0555 always_short=+0.0222) [DEGENERATE: constant signal]
  [10.3s total]
Epoch 001/50 | train_loss=0.000680 val_loss=0.000557 | train_profit=-0.356637 (-35,664 PHP) val_profit=0.047626 (+4,763 PHP) | train_geo=-0.383714 (-38,371 PHP) val_geo=0.029439 (+2,944 PHP)
Epoch 002/50 | train_loss=0.000353 val_loss=0.000025 | train_profit=0.074771 (+7,477 PHP) val_profit=0.047626 (+4,763 PHP) | train_geo=-0.048832 (-4,883 PHP) val_geo=0.029439 (+2,944 PHP)
Epoch 003/50 | train_loss=0.000372 val_loss=0.000079 | train_profit=0.118250 (+11,825 PHP) val_profit=0.047626 (+4,763 PHP) | train_geo=-0.006679 (-668 PHP) val_geo=0.029439 (+2,944 PHP)
Epoch 004/50 | train_loss=0.000383 val_loss=0.000091 | train_profit=-0.220345 (-22,035 PHP) val_profit=0.047626 (+4,763 PHP) | train_geo=-0.292188 (-29,219 PHP) val_geo=0.029439 (+2,944 PHP)
Epoch 005/50 | train_loss=0.000365 val_loss=0.000100 | train_profit=0.074771 (+7,477 PHP) val_profit=0.047626 (+4,763 PHP) | train_geo=-0.048832 (-4,883 PHP) val_geo=0.029439 (+2,944 PHP)
Epoch 006/50 | train_loss=0.000203 val_loss=0.000021 | train_profit=0.074771 (+7,477 PHP) val_profit=0.047626 (+4,763 PHP) | train_geo=-0.048832 (-4,883 PHP) val_geo=0.029439 (+2,944 PHP)
Epoch 007/50 | train_loss=0.000223 val_loss=0.000023 | train_profit=0.074771 (+7,477 PHP) val_profit=0.047626 (+4,763 PHP) | train_geo=-0.048832 (-4,883 PHP) val_geo=0.029439 (+2,944 PHP)
Epoch 008/50 | train_loss=0.000250 val_loss=0.000034 | train_profit=0.074771 (+7,477 PHP) val_profit=0.047626 (+4,763 PHP) | train_geo=-0.048832 (-4,883 PHP) val_geo=0.029439 (+2,944 PHP)
Epoch 009/50 | train_loss=0.000208 val_loss=0.000023 | train_profit=0.074771 (+7,477 PHP) val_profit=0.047626 (+4,763 PHP) | train_geo=-0.048832 (-4,883 PHP) val_geo=0.029439 (+2,944 PHP)
Epoch 010/50 | train_loss=0.000230 val_loss=0.000031 | train_profit=0.074771 (+7,477 PHP) val_profit=0.047626 (+4,763 PHP) | train_geo=-0.048832 (-4,883 PHP) val_geo=0.029439 (+2,944 PHP)
Epoch 011/50 | train_loss=0.000183 val_loss=0.000019 | train_profit=0.074771 (+7,477 PHP) val_profit=0.047626 (+4,763 PHP) | train_geo=-0.048832 (-4,883 PHP) val_geo=0.029439 (+2,944 PHP)
Epoch 012/50 | train_loss=0.000195 val_loss=0.000021 | train_profit=0.074771 (+7,477 PHP) val_profit=0.047626 (+4,763 PHP) | train_geo=-0.048832 (-4,883 PHP) val_geo=0.029439 (+2,944 PHP)
Epoch 013/50 | train_loss=0.000193 val_loss=0.000022 | train_profit=0.074771 (+7,477 PHP) val_profit=0.047626 (+4,763 PHP) | train_geo=-0.048832 (-4,883 PHP) val_geo=0.029439 (+2,944 PHP)
Epoch 014/50 | train_loss=0.000196 val_loss=0.000021 | train_profit=0.074771 (+7,477 PHP) val_profit=0.047626 (+4,763 PHP) | train_geo=-0.048832 (-4,883 PHP) val_geo=0.029439 (+2,944 PHP)
Epoch 015/50 | train_loss=0.000167 val_loss=0.000018 | train_profit=0.074771 (+7,477 PHP) val_profit=0.047626 (+4,763 PHP) | train_geo=-0.048832 (-4,883 PHP) val_geo=0.029439 (+2,944 PHP)
Epoch 016/50 | train_loss=0.000199 val_loss=0.000020 | train_profit=0.074771 (+7,477 PHP) val_profit=0.047626 (+4,763 PHP) | train_geo=-0.048832 (-4,883 PHP) val_geo=0.029439 (+2,944 PHP)
Epoch 017/50 | train_loss=0.000168 val_loss=0.000017 | train_profit=0.074771 (+7,477 PHP) val_profit=0.047626 (+4,763 PHP) | train_geo=-0.048832 (-4,883 PHP) val_geo=0.029439 (+2,944 PHP)
Epoch 018/50 | train_loss=0.000163 val_loss=0.000018 | train_profit=0.074771 (+7,477 PHP) val_profit=0.047626 (+4,763 PHP) | train_geo=-0.048832 (-4,883 PHP) val_geo=0.029439 (+2,944 PHP)
Epoch 019/50 | train_loss=0.000175 val_loss=0.000018 | train_profit=0.074771 (+7,477 PHP) val_profit=0.047626 (+4,763 PHP) | train_geo=-0.048832 (-4,883 PHP) val_geo=0.029439 (+2,944 PHP)
Epoch 020/50 | train_loss=0.000154 val_loss=0.000018 | train_profit=0.074771 (+7,477 PHP) val_profit=0.047626 (+4,763 PHP) | train_geo=-0.048832 (-4,883 PHP) val_geo=0.029439 (+2,944 PHP)
Epoch 021/50 | train_loss=0.000191 val_loss=0.000019 | train_profit=0.074771 (+7,477 PHP) val_profit=0.047626 (+4,763 PHP) | train_geo=-0.048832 (-4,883 PHP) val_geo=0.029439 (+2,944 PHP)
Epoch 022/50 | train_loss=0.000162 val_loss=0.000018 | train_profit=0.074771 (+7,477 PHP) val_profit=0.047626 (+4,763 PHP) | train_geo=-0.048832 (-4,883 PHP) val_geo=0.029439 (+2,944 PHP)
Epoch 023/50 | train_loss=0.000167 val_loss=0.000018 | train_profit=0.074771 (+7,477 PHP) val_profit=0.047626 (+4,763 PHP) | train_geo=-0.048832 (-4,883 PHP) val_geo=0.029439 (+2,944 PHP)
Epoch 024/50 | train_loss=0.000142 val_loss=0.000020 | train_profit=0.074771 (+7,477 PHP) val_profit=0.047626 (+4,763 PHP) | train_geo=-0.048832 (-4,883 PHP) val_geo=0.029439 (+2,944 PHP)
Epoch 025/50 | train_loss=0.000158 val_loss=0.000019 | train_profit=0.074771 (+7,477 PHP) val_profit=0.047626 (+4,763 PHP) | train_geo=-0.048832 (-4,883 PHP) val_geo=0.029439 (+2,944 PHP)
Epoch 026/50 | train_loss=0.000174 val_loss=0.000019 | train_profit=0.074771 (+7,477 PHP) val_profit=0.047626 (+4,763 PHP) | train_geo=-0.048832 (-4,883 PHP) val_geo=0.029439 (+2,944 PHP)
Epoch 027/50 | train_loss=0.000151 val_loss=0.000019 | train_profit=0.074771 (+7,477 PHP) val_profit=0.047626 (+4,763 PHP) | train_geo=-0.048832 (-4,883 PHP) val_geo=0.029439 (+2,944 PHP)
Epoch 028/50 | train_loss=0.000154 val_loss=0.000020 | train_profit=0.074771 (+7,477 PHP) val_profit=0.047626 (+4,763 PHP) | train_geo=-0.048832 (-4,883 PHP) val_geo=0.029439 (+2,944 PHP)
Epoch 029/50 | train_loss=0.000142 val_loss=0.000021 | train_profit=0.074771 (+7,477 PHP) val_profit=0.047626 (+4,763 PHP) | train_geo=-0.048832 (-4,883 PHP) val_geo=0.029439 (+2,944 PHP)
Epoch 030/50 | train_loss=0.000162 val_loss=0.000019 | train_profit=0.074771 (+7,477 PHP) val_profit=0.047626 (+4,763 PHP) | train_geo=-0.048832 (-4,883 PHP) val_geo=0.029439 (+2,944 PHP)
Epoch 031/50 | train_loss=0.000141 val_loss=0.000021 | train_profit=0.074771 (+7,477 PHP) val_profit=0.047626 (+4,763 PHP) | train_geo=-0.048832 (-4,883 PHP) val_geo=0.029439 (+2,944 PHP)
Epoch 032/50 | train_loss=0.000170 val_loss=0.000020 | train_profit=0.074771 (+7,477 PHP) val_profit=0.047626 (+4,763 PHP) | train_geo=-0.048832 (-4,883 PHP) val_geo=0.029439 (+2,944 PHP)
Epoch 033/50 | train_loss=0.000137 val_loss=0.000022 | train_profit=0.074771 (+7,477 PHP) val_profit=0.047626 (+4,763 PHP) | train_geo=-0.048832 (-4,883 PHP) val_geo=0.029439 (+2,944 PHP)
Epoch 034/50 | train_loss=0.000156 val_loss=0.000020 | train_profit=0.074771 (+7,477 PHP) val_profit=0.047626 (+4,763 PHP) | train_geo=-0.048832 (-4,883 PHP) val_geo=0.029439 (+2,944 PHP)
Epoch 035/50 | train_loss=0.000155 val_loss=0.000020 | train_profit=0.074771 (+7,477 PHP) val_profit=0.047626 (+4,763 PHP) | train_geo=-0.048832 (-4,883 PHP) val_geo=0.029439 (+2,944 PHP)
Epoch 036/50 | train_loss=0.000148 val_loss=0.000021 | train_profit=0.074771 (+7,477 PHP) val_profit=0.047626 (+4,763 PHP) | train_geo=-0.048832 (-4,883 PHP) val_geo=0.029439 (+2,944 PHP)
Epoch 037/50 | train_loss=0.000155 val_loss=0.000021 | train_profit=0.074771 (+7,477 PHP) val_profit=0.047626 (+4,763 PHP) | train_geo=-0.048832 (-4,883 PHP) val_geo=0.029439 (+2,944 PHP)
Epoch 038/50 | train_loss=0.000136 val_loss=0.000023 | train_profit=0.074771 (+7,477 PHP) val_profit=0.047626 (+4,763 PHP) | train_geo=-0.048832 (-4,883 PHP) val_geo=0.029439 (+2,944 PHP)
Epoch 039/50 | train_loss=0.000154 val_loss=0.000022 | train_profit=0.074771 (+7,477 PHP) val_profit=0.047626 (+4,763 PHP) | train_geo=-0.048832 (-4,883 PHP) val_geo=0.029439 (+2,944 PHP)
Epoch 040/50 | train_loss=0.000138 val_loss=0.000024 | train_profit=0.074771 (+7,477 PHP) val_profit=0.047626 (+4,763 PHP) | train_geo=-0.048832 (-4,883 PHP) val_geo=0.029439 (+2,944 PHP)
Epoch 041/50 | train_loss=0.000143 val_loss=0.000025 | train_profit=0.074771 (+7,477 PHP) val_profit=0.047626 (+4,763 PHP) | train_geo=-0.048832 (-4,883 PHP) val_geo=0.029439 (+2,944 PHP)
Epoch 042/50 | train_loss=0.000140 val_loss=0.000024 | train_profit=0.074771 (+7,477 PHP) val_profit=0.047626 (+4,763 PHP) | train_geo=-0.048832 (-4,883 PHP) val_geo=0.029439 (+2,944 PHP)
Epoch 043/50 | train_loss=0.000140 val_loss=0.000025 | train_profit=0.074771 (+7,477 PHP) val_profit=0.047626 (+4,763 PHP) | train_geo=-0.048832 (-4,883 PHP) val_geo=0.029439 (+2,944 PHP)
Epoch 044/50 | train_loss=0.000137 val_loss=0.000026 | train_profit=0.074771 (+7,477 PHP) val_profit=0.047626 (+4,763 PHP) | train_geo=-0.048832 (-4,883 PHP) val_geo=0.029439 (+2,944 PHP)
Epoch 045/50 | train_loss=0.000129 val_loss=0.000029 | train_profit=0.074771 (+7,477 PHP) val_profit=0.047626 (+4,763 PHP) | train_geo=-0.048832 (-4,883 PHP) val_geo=0.029439 (+2,944 PHP)
Epoch 046/50 | train_loss=0.000135 val_loss=0.000028 | train_profit=0.074771 (+7,477 PHP) val_profit=0.047626 (+4,763 PHP) | train_geo=-0.048832 (-4,883 PHP) val_geo=0.029439 (+2,944 PHP)
Epoch 047/50 | train_loss=0.000133 val_loss=0.000030 | train_profit=0.074771 (+7,477 PHP) val_profit=0.047626 (+4,763 PHP) | train_geo=-0.048832 (-4,883 PHP) val_geo=0.029439 (+2,944 PHP)
Epoch 048/50 | train_loss=0.000146 val_loss=0.000027 | train_profit=0.074771 (+7,477 PHP) val_profit=0.047626 (+4,763 PHP) | train_geo=-0.048832 (-4,883 PHP) val_geo=0.029439 (+2,944 PHP)
Epoch 049/50 | train_loss=0.000121 val_loss=0.000032 | train_profit=0.074771 (+7,477 PHP) val_profit=0.047626 (+4,763 PHP) | train_geo=-0.048832 (-4,883 PHP) val_geo=0.029439 (+2,944 PHP)
Epoch 050/50 | train_loss=0.000135 val_loss=0.000030 | train_profit=0.185050 (+18,505 PHP) val_profit=0.047626 (+4,763 PHP) | train_geo=0.062139 (+6,214 PHP) val_geo=0.029439 (+2,944 PHP)
[37/37] PSE:PSEI   (index ) profit-aware  dir_acc=0.497 cum_ret=+0.0386 geo_ret=+0.0212 sharpe=+0.185 (buy&hold=-0.0555 always_short=+0.0222) [DEGENERATE: constant signal]
  [13.0s total]

Total benchmark time: 527.7s

==============================================================================
  AGGREGATE SUMMARY (mean across symbols)
==============================================================================
  Loss               DirAcc      CumRet      GeoRet    Sharpe      RMSE
  --------------------------------------------------------------------------
  mse                0.4831     +0.0775     +0.0736    +0.164   0.01789
  profit-aware       0.4879     +0.0959     +0.1006    +0.274   0.03236
  buy & hold                    +0.1086

==============================================================================
  BY TIER (mean across symbols in tier)
==============================================================================
  Loss               DirAcc      CumRet      GeoRet    Sharpe      RMSE
  --------------------------------------------------------------------------
  strong/mse         0.5165     +0.3807     +0.4177    +0.893   0.01958
  strong/profit-aware    0.5130     +0.3367     +0.4222    +0.769   0.03375

  mid/mse            0.4862     +0.0181     -0.0005    +0.015   0.01711
  mid/profit-aware    0.4953     +0.1003     +0.0936    +0.309   0.02959

  weak/mse           0.4609     -0.0045     -0.0136    -0.045   0.01891
  weak/profit-aware    0.4685     -0.0086     -0.0294    +0.046   0.03649

  index/mse          0.5126     +0.0172     +0.0054    +0.139   0.00928
  index/profit-aware    0.4968     +0.0084     -0.0049    +0.023   0.01447


  profit-aware beats MSE on (out of 37 symbols):
    Geometric return: 17/37
    Sharpe-like:      17/37
    Directional acc:  20/37

==============================================================================
  DEGENERATE RUNS (executed signal never changes across the test window)
==============================================================================
  mse            6/37  ['NVDA', 'XOM', 'PFE', 'NKE', 'PSE:ALI', 'PSE:PSEI']
  profit-aware   2/37  ['NKE', 'PSE:PSEI']

Saved per-symbol results to results\benchmark_summary_all_20260903_211527.csv
Saved aggregate summary to results\benchmark_summary_all_20260903_211527_summary.txt
